t_us,share_sp,share_act,v_sp,v_act,I_fc,I_batt,gFC,gBT,V_bus,I_cmd,V_fc,V_batt,V_chg,V_rgn,u_unsat,drive_x0,fault_flags,ps_phase,dc_phase,trap_phase,flags
38305378,0.5,1,0,0,0.0241758227,0,0,0,15.9349623,0,8.59569836,8.42641926,0,13.3309927,0,0,0,,,,50
38306717,0.5,1,0,0,0.0241758227,0,0,0,15.9304171,0,8.55953121,8.43275356,0,13.3238449,0,0,0,,,,50
38307843,0.5,1,0,0,0.0241758227,0,0,0,15.9304171,0,8.51130867,8.43064213,0,13.3309927,0,0,0,,,,50
38308969,0.5,1,0,0,0.0241758227,0,0,0,15.9304171,0,8.5565176,8.42853069,0,13.3309927,0,0,0,,,,50
38310095,0.5,1,0,0,0.0161172152,0,0,0,15.9349623,0,8.53843403,8.43064213,0,13.3309927,0,0,0,,,,50
38311221,0.5,1,0,0,0.0241758227,0,0,0,15.9349623,0,8.57158756,8.43064213,0,13.3238449,0,0,0,,,,50
38312347,0.5,1,0,0,0.0161172152,0,0,0,15.9349623,0,8.55953121,8.42430782,0,13.3309927,0,0,0,,,,50
38313484,0.5,1,0,0,0.0241758227,0,0,0,15.9304171,0,8.55953121,8.42430782,0,13.3381405,0,0,0,,,,50
38314610,0.5,1,0,0,0.00805860758,0,0,0,15.9349623,0,8.57460117,8.42430782,0,13.3309927,0,0,0,,,,50
38315736,0.5,1,0,0,0.0161172152,0,0,0,15.9349623,0,8.54144764,8.42641926,0,13.3238449,0,0,0,,,,50
38316862,0.5,1,0,0,0.0241758227,0,0,0,15.9349623,0,8.58062935,8.42641926,0,13.3309927,0,0,0,,,,50
38317988,0.5,1,0,0,0.0161172152,0,0,0,15.9349623,0,8.58062935,8.42853069,0,13.3309927,0,0,0,,,,50
38319114,0.5,1,0,0,0.0161172152,0,0,0,15.9304171,0,8.55048943,8.42853069,0,13.3238449,0,0,0,,,,50
38320240,0.5,1,0,0,0.0241758227,0,0,0,15.9304171,0,8.55048943,8.42641926,0,13.3309927,0,0,0,,,,50
38321371,0.5,1,0,0,0.0161172152,0,0,0,15.9349623,0,8.53240585,8.42853069,0,13.3309927,0,0,0,,,,50
38322497,0.5,1,0,0,0.0161172152,0,0,0,15.9349623,0,8.56555939,8.42641926,0,13.3309927,0,0,0,,,,50
38323623,0.5,1,0,0,0.0241758227,0,0,0,15.9349623,0,8.5444622,8.42641926,0,13.3309927,0,0,0,,,,50
38324749,0.5,1,0,0,0.0241758227,0,0,0,15.9349623,0,8.55350399,8.42641926,0,13.3309927,0,0,0,,,,50
38325884,0.5,1,0,0,0.0161172152,0,0,0,15.9349623,0,8.56555939,8.42853069,0,13.3309927,0,0,0,,,,50
38327214,0.5,1,0,0,0.0161172152,0,0,0,15.9349623,0,8.53542042,8.42641926,0,13.3309927,0,0,0,,,,50
38328345,0.5,1,0,0,0.0161172152,0,0,0,15.9349623,0,8.58364296,8.42641926,0,13.3309927,0,0,0,,,,50
38329471,0.5,1,0,0,0.0241758227,0,0,0,15.9395075,0,8.58062935,8.42641926,0,13.3309927,0,0,0,,,,50
38330597,0.5,1,0,0,0.0161172152,0,0,0,15.9395075,0,8.52035046,8.42641926,0,13.3238449,0,0,0,,,,50
38331723,0.5,1,0,0,0.0241758227,0,0,0,15.9395075,0,8.5444622,8.42641926,0,13.3309927,0,0,0,,,,50
38332849,0.5,1,0,0,0.0241758227,0,0,0,15.9349623,0,8.53843403,8.42641926,0,13.3309927,0,0,0,,,,50
38333975,0.5,1,0,0,0.0241758227,0,0,0,15.9349623,0,8.56555939,8.42641926,0,13.3238449,0,0,0,,,,50
38335101,0.5,1,0,0,0.0241758227,0,0,0,15.9349623,0,8.54747581,8.42008495,0,13.3309927,0,0,0,,,,50
38336232,0.5,1,0,0,0.0161172152,0,0,0,15.9395075,0,8.53843403,8.42641926,0,13.3309927,0,0,0,,,,50
38337358,0.5,1,0,0,0.0161172152,0,0,0,15.9349623,0,8.55953121,8.42641926,0,13.3309927,0,0,0,,,,50
38338484,0.5,1,0,0,0.0241758227,0,0,0,15.9349623,0,8.53240585,8.42641926,0,13.3309927,0,0,0,,,,50
38339610,0.5,1,0,0,0.0241758227,0,0,0,15.9349623,0,8.568573,8.42641926,0,13.3309927,0,0,0,,,,50
38340736,0.5,1,0,0,0.0161172152,0,0,0,15.9349623,0,8.54747581,8.42641926,0,13.3309927,0,0,0,,,,50
38341862,0.5,1,0,0,0.0241758227,0,0,0,15.9349623,0,8.55048943,8.42641926,0,13.3309927,0,0,0,,,,50
38342988,0.5,1,0,0,0.0161172152,0,0,0,15.9349623,0,8.55953121,8.42641926,0,13.3309927,0,0,0,,,,50
38344119,0.5,1,0,0,0.0241758227,0,0,0,15.9349623,0,8.56254578,8.42641926,0,13.3309927,0,0,0,,,,50
38345245,0.5,1,0,0,0.0241758227,0,0,0,15.9349623,0,8.53843403,8.42641926,0,13.3309927,0,0,0,,,,50
38346380,0.5,1,0,0,0.0241758227,0,0,0,15.9304171,0,8.53542042,8.42430782,0,13.3309927,0,0,0,,,,50
38347506,0.5,1,0,0,0.0161172152,0,0,0,15.9304171,0,8.5444622,8.42641926,0,13.3309927,0,0,0,,,,50
38348836,0.5,1,0,0,0.0322344303,0,0,0,15.9349623,0,8.57761478,8.42641926,0,13.3238449,0,0,0,,,,50
38349962,0.5,1,0,0,0.0161172152,0,0,0,15.9349623,0,8.54144764,8.41797352,0,13.3309927,0,0,0,,,,50
38351092,0.5,1,0,0,0.0161172152,0,0,0,15.9349623,0,8.54144764,8.42641926,0,13.3309927,0,0,0,,,,50
38352218,0.5,1,0,0,0.0241758227,0,0,0,15.9304171,0,8.55953121,8.42641926,0,13.3309927,0,0,0,,,,50
38353344,0.5,1,0,0,0.00805860758,0,0,0,15.9349623,0,8.55048943,8.42641926,0,13.3309927,0,0,0,,,,50
38354470,0.5,1,0,0,0.0161172152,0,0,0,15.9349623,0,8.55953121,8.42853069,0,13.3238449,0,0,0,,,,50
38355596,0.5,1,0,0,0.0241758227,0,0,0,15.9349623,0,8.52035046,8.42641926,0,13.3309927,0,0,0,,,,50
38356722,0.5,1,0,0,0.0161172152,0,0,0,15.9349623,0,8.53843403,8.42641926,0,13.3309927,0,0,0,,,,50
38357848,0.5,1,0,0,0.0322344303,0,0,0,15.9349623,0,8.54747581,8.42430782,0,13.3309927,0,0,0,,,,50
38358979,0.5,1,0,0,0.0241758227,0,0,0,15.9349623,0,8.56254578,8.42641926,0,13.3309927,0,0,0,,,,50
38360105,0.5,1,0,0,0.0161172152,0,0,0,15.9349623,0,8.51130867,8.42641926,0,13.3309927,0,0,0,,,,50
38361231,0.5,1,0,0,0.0161172152,0,0,0,15.9304171,0,8.5444622,8.42641926,0,13.3309927,0,0,0,,,,50
38362357,0.5,1,0,0,0.0241758227,0,0,0,15.9349623,0,8.52939224,8.42641926,0,13.3309927,0,0,0,,,,50
38363483,0.5,1,0,0,0.0241758227,0,0,0,15.9349623,0,8.5565176,8.42219639,0,13.3309927,0,0,0,,,,50
38364609,0.5,1,0,0,0.0241758227,0,0,0,15.9349623,0,8.56254578,8.42641926,0,13.3309927,0,0,0,,,,50
38365744,0.5,1,0,0,0.0241758227,0,0,0,15.9349623,0,8.54747581,8.42430782,0,13.3309927,0,0,0,,,,50
38366875,0.5,1,0,0,0.0161172152,0,0,0,15.9349623,0,8.55350399,8.42641926,0,13.3309927,0,0,0,,,,50
38368001,0.5,1,0,0,0.0161172152,0,0,0,15.9349623,0,8.53542042,8.42641926,0,13.3238449,0,0,0,,,,50
38369331,0.5,1,0,0,0.0161172152,0,0,0,15.9349623,0,8.55953121,8.42641926,0,13.3238449,0,0,0,,,,50
38370457,0.5,1,0,0,0.0241758227,0,0,0,15.9395075,0,8.51130867,8.42430782,0,13.3309927,0,0,0,,,,50
38371583,0.5,1,0,0,0.0241758227,0,0,0,15.9349623,0,8.51432323,8.42641926,0,13.3309927,0,0,0,,,,50
38372709,0.5,1,0,0,0.0241758227,0,0,0,15.9349623,0,8.568573,8.42219639,0,13.3309927,0,0,0,,,,50
38373835,0.5,1,0,0,0.0241758227,0,0,0,15.9395075,0,8.55350399,8.42641926,0,13.3238449,0,0,0,,,,50
38374966,0.5,1,0,0,0.0241758227,0,0,0,15.9304171,0,8.53542042,8.42641926,0,13.3309927,0,0,0,,,,50
38376092,0.5,1,0,0,0.0161172152,0,0,0,15.9349623,0,8.53843403,8.42641926,0,13.3309927,0,0,0,,,,50
38377218,0.5,1,0,0,0.0241758227,0,0,0,15.9304171,0,8.56555939,8.42641926,0,13.3309927,0,0,0,,,,50
38378344,0.5,1,0,0,0.0161172152,0,0,0,15.9349623,0,8.5444622,8.42641926,0,13.3309927,0,0,0,,,,50
38379470,0.5,1,0,0,0.0161172152,0,0,0,15.9349623,0,8.54747581,8.42430782,0,13.3309927,0,0,0,,,,50
38380596,0.5,1,0,0,0.0161172152,0,0,0,15.9304171,0,8.55953121,8.42641926,0,13.3309927,0,0,0,,,,50
38381727,0.5,1,0,0,0.0161172152,0,0,0,15.9349623,0,8.55048943,8.42641926,0,13.3309927,0,0,0,,,,50
38382853,0.5,1,0,0,0.0161172152,0,0,0,15.9304171,0,8.54144764,8.42641926,0,13.3309927,0,0,0,,,,50
38383979,0.5,1,0,0,0.0241758227,0,0,0,15.9349623,0,8.57158756,8.42641926,0,13.3309927,0,0,0,,,,50
38385105,0.5,1,0,0,0.0161172152,0,0,0,15.9349623,0,8.52939224,8.42641926,0,13.3309927,0,0,0,,,,50
38386240,0.5,1,0,0,0.0161172152,0,0,0,15.9349623,0,8.55048943,8.42219639,0,13.3309927,0,0,0,,,,50
38387367,0.5,1,0,0,0.00805860758,0,0,0,15.9349623,0,8.55048943,8.42641926,0,13.3309927,0,0,0,,,,50
38388493,0.5,1,0,0,0.0161172152,0,0,0,15.9349623,0,8.5444622,8.42641926,0,13.3238449,0,0,0,,,,50
38389828,0.5,1,0,0,0.0241758227,0,0,0,15.9349623,0,8.57761478,8.42219639,0,13.3238449,0,0,0,,,,50
38390954,0.5,1,0,0,0.0161172152,0,0,0,15.9349623,0,8.57761478,8.42641926,0,13.3238449,0,0,0,,,,50
38392080,0.5,1,0,0,0.0241758227,0,0,0,15.9349623,0,8.55350399,8.42641926,0,13.3024006,0,0,0,,,,50
38393206,0.5,1,0,0,0.0241758227,0,0,0,15.9304171,0,8.54144764,8.42641926,0,13.3309927,0,0,0,,,,50
38394332,0.5,1,0,0,0.0241758227,0,0,0,15.9304171,0,8.57158756,8.42641926,0,13.3309927,0,0,0,,,,50
38395459,0.5,1,0,0,0.0241758227,0,0,0,15.9349623,0,8.53843403,8.42641926,0,13.3309927,0,0,0,,,,50
38396585,0.5,1,0,0,0.0161172152,0,0,0,15.9349623,0,8.57158756,8.42641926,0,13.3309927,0,0,0,,,,50
38397716,0.5,1,0,0,0.0161172152,0,0,0,15.9304171,0,8.57158756,8.42641926,0,13.3309927,0,0,0,,,,50
38398842,0.5,1,0,0,0.0241758227,0,0,0,15.9349623,0,8.568573,8.42641926,0,13.3309927,0,0,0,,,,50
38399968,0.5,1,0,0,0.0161172152,0,0,0,15.9349623,0,8.57460117,8.42641926,0,13.3309927,0,0,0,,,,50
38401094,0.5,1,0,0,0.0161172152,0,0,0,15.9349623,0,8.55953121,8.42853069,0,13.3309927,0,0,0,,,,50
38402220,0.5,1,0,0,0.0161172152,0,0,0,15.9304171,0,8.55953121,8.42430782,0.00714798551,13.3309927,0,0,0,,,,50
38403346,0.5,1,0,0,0.0161172152,0,0,0,15.9349623,0,8.55953121,8.42008495,0,13.3309927,0,0,0,,,,50
38404472,0.5,1,0,0,0.0161172152,0,0,0,15.9349623,0,8.5444622,8.42641926,0,13.3309927,0,0,0,,,,50
38405611,0.5,1,0,0,0.0241758227,0,0,0,15.9349623,0,8.55953121,8.42641926,0,13.3238449,0,0,0,,,,50
38406737,0.5,1,0,0,0.0241758227,0,0,0,15.9349623,0,8.57158756,8.42641926,0,13.3309927,0,0,0,,,,50
38407864,0.5,1,0,0,0.0161172152,0,0,0,15.9349623,0,8.53542042,8.42853069,0,13.3309927,0,0,0,,,,50
38408990,0.5,1,0,0,0.00805860758,0,0,0,15.9349623,0,8.5565176,8.41797352,0,13.3309927,0,0,0,,,,50
38410116,0.5,1,0,0,0.0161172152,0,0,0,15.9349623,0,8.5565176,8.42641926,0,13.3309927,0,0,0,,,,50
38411446,0.5,1,0,0,0.00805860758,0,0,0,15.9349623,0,8.55048943,8.42641926,0,13.3309927,0,0,0,,,,50
38412576,0.5,1,0,0,0.0161172152,0,0,0,15.9349623,0,8.58665657,8.42008495,0,13.3309927,0,0,0,,,,50
38413702,0.5,1,0,0,0.0161172152,0,0,0,15.9349623,0,8.568573,8.42641926,0,13.3309927,0,0,0,,,,50
38414828,0.5,1,0,0,0.0322344303,0,0,0,15.9349623,0,8.54747581,8.42641926,0,13.3309927,0,0,0,,,,50
38415954,0.5,1,0,0,0.0161172152,0,0,0,15.9349623,0,8.55953121,8.42641926,0,13.3309927,0,0,0,,,,50
38417080,0.5,1,0,0,0.0241758227,0,0,0,15.9349623,0,8.53542042,8.42641926,0,13.3024006,0,0,0,,,,50
38418207,0.5,1,0,0,0.0161172152,0,0,0,15.9304171,0,8.568573,8.42641926,0,13.3309927,0,0,0,,,,50
38419333,0.5,1,0,0,0.00805860758,0,0,0,15.9349623,0,8.55953121,8.42641926,0,13.3309927,0,0,0,,,,50
38420464,0.5,1,0,0,0.0241758227,0,0,0,15.9349623,0,8.54144764,8.42641926,0,13.3309927,0,0,0,,,,50
38421591,0.5,1,0,0,0.0161172152,0,0,0,15.9349623,0,8.5444622,8.42641926,0,13.3309927,0,0,0,,,,50
38422717,0.5,1,0,0,0.0161172152,0,0,0,15.9349623,0,8.55953121,8.42641926,0,13.3309927,0,0,0,,,,50
38423843,0.5,1,0,0,0.0241758227,0,0,0,15.9349623,0,8.54144764,8.42641926,0,13.3309927,0,0,0,,,,50
38424969,0.5,1,0,0,0.0161172152,0,0,0,15.9349623,0,8.58665657,8.42641926,0,13.3309927,0,0,0,,,,50
38426104,0.5,1,0,0,0.0161172152,0,0,0,15.9304171,0,8.51733685,8.42853069,0,13.3309927,0,0,0,,,,50
38427230,0.5,1,0,0,0.0161172152,0,0,0,15.9349623,0,8.53542042,8.42641926,0,13.3238449,0,0,0,,,,50
38428361,0.5,1,0,0,0.0241758227,0,0,0,15.9304171,0,8.55953121,8.42430782,0,13.3309927,0,0,0,,,,50
38429487,0.5,1,0,0,0.0241758227,0,0,0,15.9349623,0,8.568573,8.42641926,0,13.3309927,0,0,0,,,,50
38430613,0.5,1,0,0,0.0241758227,0,0,0,15.9304171,0,8.568573,8.42641926,0,13.3309927,0,0,0,,,,50
38431943,0.5,1,0,0,0.0241758227,0,0,0,15.9349623,0,8.55953121,8.42641926,0,13.3309927,0,0,0,,,,50
38433069,0.5,1,0,0,0.0241758227,0,0,0,15.9349623,0,8.57460117,8.42641926,0,13.3095493,0,0,0,,,,50
38434195,0.5,1,0,0,0.0161172152,0,0,0,15.9349623,0,8.57460117,8.42641926,0,13.3309927,0,0,0,,,,50
38435321,0.5,1,0,0,0.0322344303,0,0,0,15.9349623,0,8.52637863,8.42641926,0,13.3309927,0,0,0,,,,50
38436452,0.5,1,0,0,0.0241758227,0,0,0,15.9304171,0,8.56555939,8.42641926,0,13.3238449,0,0,0,,,,50
38437578,0.5,1,0,0,0.0161172152,0,0,0,15.9304171,0,8.55350399,8.42641926,0,13.3238449,0,0,0,,,,50
38438704,0.5,1,0,0,0.0161172152,0,0,0,15.9304171,0,8.53240585,8.42641926,0,13.3238449,0,0,0,,,,50
38439830,0.5,1,0,0,0.0161172152,0,0,0,15.9349623,0,8.54144764,8.42641926,0,13.3309927,0,0,0,,,,50
38440956,0.5,1,0,0,0.0161172152,0,0,0,15.9349623,0,8.5565176,8.42641926,0,13.3309927,0,0,0,,,,50
38442082,0.5,1,0,0,0.0161172152,0,0,0,15.9349623,0,8.54747581,8.42641926,0,13.3309927,0,0,0,,,,50
38443213,0.5,1,0,0,0.0161172152,0,0,0,15.9349623,0,8.5565176,8.42641926,0,13.3309927,0,0,0,,,,50
38444339,0.5,1,0,0,0.0241758227,0,0,0,15.9349623,0,8.57158756,8.42641926,0,13.3309927,0,0,0,,,,50
38445465,0.5,1,0,0,0.0161172152,0,0,0,15.9349623,0,8.55048943,8.42641926,0,13.3309927,0,0,0,,,,50
38446600,0.5,1,0,0,0.0241758227,0,0,0,15.9349623,0,8.54747581,8.42641926,0,13.3309927,0,0,0,,,,50
38447726,0.5,1,0,0,0.0161172152,0,0,0,15.9349623,0,8.5444622,8.42641926,0,13.3309927,0,0,0,,,,50
38448852,0.5,1,0,0,0.0161172152,0,0,0,15.9349623,0,8.55350399,8.42430782,0,13.3309927,0,0,0,,,,50
38449978,0.5,1,0,0,0.0241758227,0,0,0,15.9349623,0,8.53542042,8.42641926,0,13.3238449,0,0,0,,,,50
38451109,0.5,1,0,0,0.0241758227,0,0,0,15.9304171,0,8.52637863,8.42641926,0,13.3309927,0,0,0,,,,50
38452235,0.5,1,0,0,0.0161172152,0,0,0,15.9349623,0,8.56555939,8.42641926,0,13.3309927,0,0,0,,,,50
38453565,0.5,1,0,0,0.0241758227,0,0,0,15.9349623,0,8.54144764,8.42641926,0,13.3309927,0,0,0,,,,50
38454691,0.5,1,0,0,0.0161172152,0,0,0,15.9349623,0,8.55048943,8.42641926,0,13.3309927,0,0,0,,,,50
38455817,0.5,1,0,0,0.0241758227,0,0,0,15.9395075,0,8.53240585,8.42641926,0,13.3309927,0,0,0,,,,50
38456943,0.5,1,0,0,0.0161172152,0,0,0,15.9349623,0,8.568573,8.42641926,0,13.3309927,0,0,0,,,,50
38458069,0.5,1,0,0,0.0161172152,0,0,0,15.9349623,0,8.56555939,8.42641926,0,13.3095493,0,0,0,,,,50
38459200,0.5,1,0,0,0.0241758227,0,0,0,15.9395075,0,8.58364296,8.42641926,0,13.3309927,0,0,0,,,,50
38460326,0.5,1,0,0,0.0161172152,0,0,0,15.9349623,0,8.57460117,8.42641926,0,13.3309927,0,0,0,,,,50
38461452,0.5,1,0,0,0.0241758227,0,0,0,15.9349623,0,8.55953121,8.42853069,0,13.3309927,0,0,0,,,,50
38462578,0.5,1,0,0,0.0161172152,0,0,0,15.9349623,0,8.55048943,8.42641926,0,13.3238449,0,0,0,,,,50
38463704,0.5,1,0,0,0.0161172152,0,0,0,15.9349623,0,8.55350399,8.42641926,0,13.3309927,0,0,0,,,,50
38464830,0.5,1,0,0,0.0161172152,0,0,0,15.9349623,0,8.54144764,8.42641926,0,13.3309927,0,0,0,,,,50
38465965,0.5,1,0,0,0.0241758227,0,0,0,15.9349623,0,8.52939224,8.41797352,0,13.3238449,0,0,0,,,,50
38467096,0.5,1,0,0,0.0161172152,0,0,0,15.9349623,0,8.5565176,8.42641926,0,13.3309927,0,0,0,,,,50
38468222,0.5,1,0,0,0.0241758227,0,0,0,15.9395075,0,8.54747581,8.42641926,0,13.3309927,0,0,0,,,,50
38469348,0.5,1,0,0,0.00805860758,0,0,0,15.9349623,0,8.55953121,8.42641926,0,13.3309927,0,0,0,,,,50
38470474,0.5,1,0,0,0.0161172152,0,0,0,15.9349623,0,8.568573,8.42641926,0,13.3309927,0,0,0,,,,50
38471600,0.5,1,0,0,0.0161172152,0,0,0,15.9349623,0,8.55350399,8.42641926,0,13.3309927,0,0,0,,,,50
38472726,0.5,1,0,0,0.0241758227,0,0,0,15.9349623,0,8.53542042,8.42641926,0,13.3309927,0,0,0,,,,50
38474061,0.5,1,0,0,0.0161172152,0,0,0,15.9349623,0,8.52336502,8.42641926,0,13.3095493,0,0,0,,,,50
38475188,0.5,1,0,0,0.0241758227,0,0,0,15.9349623,0,8.568573,8.42641926,0,13.3381405,0,0,0,,,,50
38476314,0.5,1,0,0,0.0161172152,0,0,0,15.9349623,0,8.57158756,8.42641926,0,13.3238449,0,0,0,,,,50
38477440,0.5,1,0,0,0.0322344303,0,0,0,15.9349623,0,8.5444622,8.42853069,0,13.3309927,0,0,0,,,,50
38478566,0.5,1,0,0,0.0161172152,0,0,0,15.9349623,0,8.58967113,8.42641926,0,13.3309927,0,0,0,,,,50
38479692,0.5,1,0,0,0.0161172152,0,0,0,15.9395075,0,8.57460117,8.42641926,0,13.3309927,0,0,0,,,,50
38480818,0.5,1,0,0,0.0241758227,0,0,0,15.9349623,0,8.56555939,8.42641926,0,13.3309927,0,0,0,,,,50
38481949,0.5,1,0,0,0.0161172152,0,0,0,15.9349623,0,8.55048943,8.42641926,0,13.3309927,0,0,0,,,,50
38483075,0.5,1,0,0,0.0241758227,0,0,0,15.9349623,0,8.568573,8.42008495,0,13.3095493,0,0,0,,,,50
38484201,0.5,1,0,0,0.0241758227,0,0,0,15.9304171,0,8.55953121,8.42430782,0,13.3309927,0,0,0,,,,50
38485327,0.5,1,0,0,0.0161172152,0,0,0,15.9349623,0,8.54747581,8.42641926,0,13.3309927,0,0,0,,,,50
38486462,0.5,1,0,0,0.0161172152,0,0,0,15.9304171,0,8.53240585,8.42641926,0,13.3309927,0,0,0,,,,50
38487588,0.5,1,0,0,0.0161172152,0,0,0,15.9349623,0,8.56555939,8.42641926,0,13.3309927,0,0,0,,,,50
38488714,0.5,1,0,0,0.0161172152,0,0,0,15.9349623,0,8.5565176,8.42641926,0,13.3309927,0,0,0,,,,50
38489845,0.5,1,0,0,0.0161172152,0,0,0,15.9349623,0,8.55048943,8.42641926,0,13.3309927,0,0,0,,,,50
38490971,0.5,1,0,0,0.0161172152,0,0,0,15.9349623,0,8.55350399,8.42853069,0,13.3238449,0,0,0,,,,50
38492097,0.5,1,0,0,0.0241758227,0,0,0,15.9395075,0,8.5565176,8.42641926,0,13.3309927,0,0,0,,,,50
38493223,0.5,1,0,0,0.0161172152,0,0,0,15.9349623,0,8.55048943,8.42641926,0,13.3309927,0,0,0,,,,50
38494350,0.5,1,0,0,0.0241758227,0,0,0,15.9349623,0,8.5444622,8.42641926,0,13.3309927,0,0,0,,,,50
38495680,0.5,1,0,0,0.0161172152,0,0,0,15.9349623,0,8.568573,8.42641926,0,13.3309927,0,0,0,,,,50
38496810,0.5,1,0,0,0.0161172152,0,0,0,15.9349623,0,8.54144764,8.42641926,0,13.3309927,0,0,0,,,,50
38497937,0.5,1,0,0,0.0241758227,0,0,0,15.9349623,0,8.53843403,8.42641926,0,13.3309927,0,0,0,,,,50
38499063,0.5,1,0,0,0.0161172152,0,0,0,15.9349623,0,8.55048943,8.42641926,0,13.3095493,0,0,0,,,,50
38500189,0.5,1,0,0,0.0161172152,0,0,0,15.9349623,0,8.55953121,8.42641926,0,13.3309927,0,0,0,,,,50
38501315,0.5,1,0,0,0.0161172152,0,0,0,15.9349623,0,8.55953121,8.42641926,0,13.3309927,0,0,0,,,,50
38502441,0.5,1,0,0,0.0241758227,0,0,0,15.9304171,0,8.52035046,8.42853069,0,13.3309927,0,0,0,,,,50
38503567,0.5,1,0,0,0.0241758227,0,0,0,15.9349623,0,8.54747581,8.42641926,0,13.3309927,0,0,0,,,,50
38504698,0.5,1,0,0,0.0322344303,0,0,0,15.9349623,0,8.55350399,8.42641926,0,13.3309927,0,0,0,,,,50
38505833,0.5,1,0,0,0.0241758227,0,0,0,15.9349623,0,8.56254578,8.42641926,0,13.3309927,0,0,0,,,,50
38506960,0.5,1,0,0,0.0161172152,0,0,0,15.9349623,0,8.52637863,8.42641926,0,13.3381405,0,0,0,,,,50
38508086,0.5,1,0,0,0.0161172152,0,0,0,15.9349623,0,8.5444622,8.42641926,0,13.3309927,0,0,0,,,,50
38509212,0.5,1,0,0,0.0161172152,0,0,0,15.9349623,0,8.56555939,8.42853069,0,13.3309927,0,0,0,,,,50
38510338,0.5,1,0,0,0.0241758227,0,0,0,15.9349623,0,8.50528145,8.42430782,0,13.3309927,0,0,0,,,,50
38511464,0.5,1,0,0,0.0241758227,0,0,0,15.9349623,0,8.56555939,8.42641926,0,13.3238449,0,0,0,,,,50
38512594,0.5,1,0,0,0.0161172152,0,0,0,15.9395075,0,8.54144764,8.42641926,0,13.3309927,0,0,0,,,,50
38513720,0.5,1,0,0,0.0161172152,0,0,0,15.9349623,0,8.52637863,8.42641926,0,13.3309927,0,0,0,,,,50
38514846,0.5,1,0,0,0.0241758227,0,0,0,15.9349623,0,8.568573,8.42641926,0,13.3238449,0,0,0,,,,50
38516176,0.5,1,0,0,0.0161172152,0,0,0,15.9349623,0,8.5565176,8.42430782,0,13.3309927,0,0,0,,,,50
38517302,0.5,1,0,0,0.0161172152,0,0,0,15.9304171,0,8.53240585,8.42008495,0,13.3309927,0,0,0,,,,50
38518429,0.5,1,0,0,0.0161172152,0,0,0,15.9349623,0,8.49925327,8.42641926,0,13.3309927,0,0,0,,,,50
38519555,0.5,1,0,0,0.0241758227,0,0,0,15.9349623,0,8.49925327,8.43064213,0,13.3309927,0,0,0,,,,50
38520685,0.5,1,0,0,0.0241758227,0,0,0,15.9349623,0,8.5565176,8.42641926,0,13.3309927,0,0,0,,,,50
38521812,0.5,1,0,0,0.0161172152,0,0,0,15.9349623,0,8.54144764,8.42853069,0,13.3309927,0,0,0,,,,50
38522938,0.5,1,0,0,0.0161172152,0,0,0,15.9304171,0,8.54747581,8.42641926,0,13.3309927,0,0,0,,,,50
38524064,0.5,1,0,0,0.0161172152,0,0,0,15.9395075,0,8.52336502,8.42641926,0,13.3095493,0,0,0,,,,50
38525190,0.5,1,0,0,0.0161172152,0,0,0,15.9349623,0,8.53843403,8.42430782,0,13.3309927,0,0,0,,,,50
38526325,0.5,1,0,0,0.0241758227,0,0,0,15.9349623,0,8.55048943,8.42641926,0,13.3309927,0,0,0,,,,50
38527456,0.5,1,0,0,0.0161172152,0,0,0,15.9349623,0,8.55953121,8.42430782,0,13.3309927,0,0,0,,,,50
38528582,0.5,1,0,0,0.0161172152,0,0,0,15.9349623,0,8.56555939,8.42853069,0,13.3309927,0,0,0,,,,50
38529708,0.5,1,0,0,0.0161172152,0,0,0,15.9349623,0,8.57460117,8.42641926,0,13.3309927,0,0,0,,,,50
38530834,0.5,1,0,0,0.0161172152,0,0,0,15.9349623,0,8.50829506,8.42641926,0,13.3309927,0,0,0,,,,50
38531960,0.5,1,0,0,0.0241758227,0,0,0,15.9304171,0,8.52035046,8.42641926,0,13.3309927,0,0,0,,,,50
38533086,0.5,1,0,0,0.0161172152,0,0,0,15.9349623,0,8.55953121,8.42430782,0,13.3238449,0,0,0,,,,50
38534212,0.5,1,0,0,0.0161172152,0,0,0,15.9395075,0,8.52939224,8.42853069,0,13.3309927,0,0,0,,,,50
38535343,0.5,1,0,0,0.0161172152,0,0,0,15.9349623,0,8.54747581,8.42641926,0,13.3309927,0,0,0,,,,50
38536469,0.5,1,0,0,0.0241758227,0,0,0,15.9349623,0,8.58062935,8.42430782,0,13.3309927,0,0,0,,,,50
38537799,0.5,1,0,0,0.0241758227,0,0,0,15.9349623,0,8.55048943,8.42641926,0,13.3238449,0,0,0,,,,50
38538926,0.5,1,0,0,0.0241758227,0,0,0,15.9395075,0,8.58364296,8.42641926,0,13.3309927,0,0,0,,,,50
38540052,0.5,1,0,0,0.0241758227,0,0,0,15.9349623,0,8.52939224,8.42430782,0,13.3095493,0,0,0,,,,50
38541178,0.5,1,0,0,0.0161172152,0,0,0,15.9349623,0,8.55350399,8.42641926,0,13.3309927,0,0,0,,,,50
38542304,0.5,1,0,0,0.0161172152,0,0,0,15.9349623,0,8.57761478,8.41797352,0,13.3309927,0,0,0,,,,50
38543435,0.5,1,0,0,0.0161172152,0,0,0,15.9349623,0,8.54747581,8.42641926,0,13.3309927,0,0,0,,,,50
38544561,0.5,1,0,0,0.0241758227,0,0,0,15.9349623,0,8.53843403,8.42641926,0,13.3309927,0,0,0,,,,50
38545696,0.5,1,0,0,0.0161172152,0,0,0,15.9304171,0,8.568573,8.42641926,0,13.3309927,0,0,0,,,,50
38546822,0.5,1,0,0,0.0161172152,0,0,0,15.9349623,0,8.5444622,8.42430782,0,13.3309927,0,0,0,,,,50
38547948,0.5,1,0,0,0.0241758227,0,0,0,15.9395075,0,8.5444622,8.42641926,0,13.3309927,0,0,0,,,,50
38549074,0.5,1,0,0,0.0161172152,0,0,0,15.9349623,0,8.58062935,8.42641926,0,13.3095493,0,0,0,,,,50
38550200,0.5,1,0,0,0.0161172152,0,0,0,15.9304171,0,8.55048943,8.42641926,0,13.3309927,0,0,0,,,,50
38551330,0.5,1,0,0,0.0241758227,0,0,0,15.9349623,0,8.54747581,8.42641926,0,13.3381405,0,0,0,,,,50
38552456,0.5,1,0,0,0.0241758227,0,0,0,15.9349623,0,8.55953121,8.42641926,0,13.3309927,0,0,0,,,,50
38553582,0.5,1,0,0,0.0241758227,0,0,0,15.9349623,0,8.53240585,8.42430782,0,13.3238449,0,0,0,,,,50
38554708,0.5,1,0,0,0.0241758227,0,0,0,15.9349623,0,8.54747581,8.42641926,0,13.3309927,0,0,0,,,,50
38555834,0.5,0.666666687,0,0,0.0161172152,0.00805860758,0,0,15.9349623,0,8.56254578,8.42008495,0,13.3309927,0,0,0,,,,50
38556960,0.5,1,0,0,0.0241758227,0,0,0,15.9349623,0,8.55048943,8.42641926,0,13.3309927,0,0,0,,,,50
38558295,0.5,1,0,0,0.0241758227,0,0,0,15.9349623,0,8.5565176,8.42641926,0,13.3238449,0,0,0,,,,50
38559422,0.5,1,0,0,0.0241758227,0,0,0,15.9304171,0,8.56254578,8.42008495,0,13.3309927,0,0,0,,,,50
38560548,0.5,1,0,0,0.0161172152,0,0,0,15.9349623,0,8.5444622,8.42641926,0,13.3238449,0,0,0,,,,50
38561674,0.5,1,0,0,0.00805860758,0,0,0,15.9304171,0,8.568573,8.42641926,0,13.3309927,0,0,0,,,,50
38562800,0.5,1,0,0,0.0241758227,0,0,0,15.9349623,0,8.54747581,8.42641926,0,13.3309927,0,0,0,,,,50
38563926,0.5,1,0,0,0.0161172152,0,0,0,15.9349623,0,8.53240585,8.42641926,0,13.3309927,0,0,0,,,,50
38565052,0.5,1,0,0,0.0241758227,0,0,0,15.9304171,0,8.56254578,8.42219639,0,13.3166971,0,0,0,,,,50
38566192,0.5,1,0,0,0.0241758227,0,0,0,15.9349623,0,8.5444622,8.42641926,0,13.3309927,0,0,0,,,,50
38567318,0.5,1,0,0,0.0161172152,0,0,0,15.9349623,0,8.55048943,8.42641926,0,13.3309927,0,0,0,,,,50
38568445,0.5,1,0,0,0.0241758227,0,0,0,15.9349623,0,8.59871292,8.42641926,0,13.3309927,0,0,0,,,,50
38569570,0.5,1,0,0,0.0241758227,0,0,0,15.9304171,0,8.58364296,8.42641926,0,13.3309927,0,0,0,,,,50
38570696,0.5,1,0,0,0.0161172152,0,0,0,15.9349623,0,8.5444622,8.42219639,0,13.3309927,0,0,0,,,,50
38571823,0.5,1,0,0,0.0241758227,0,0,0,15.9349623,0,8.59268475,8.42641926,0,13.3238449,0,0,0,,,,50
38572949,0.5,1,0,0,0.0161172152,0,0,0,15.9349623,0,8.56555939,8.42430782,0,13.3309927,0,0,0,,,,50
38574079,0.5,1,0,0,0.0241758227,0,0,0,15.9349623,0,8.54747581,8.42430782,0,13.3024006,0,0,0,,,,50
38575206,0.5,1,0,0,0.0161172152,0,0,0,15.9304171,0,8.53240585,8.42641926,0,13.3309927,0,0,0,,,,50
38576331,0.5,1,0,0,0.0161172152,0,0,0,15.9349623,0,8.54747581,8.42641926,0,13.3238449,0,0,0,,,,50
38577457,0.5,1,0,0,0.0161172152,0,0,0,15.9349623,0,8.52939224,8.42641926,0,13.3309927,0,0,0,,,,50
38578788,0.5,1,0,0,0.0161172152,0,0,0,15.9349623,0,8.5444622,8.42641926,0,13.3309927,0,0,0,,,,50
38579913,0.5,1,0,0,0.0241758227,0,0,0,15.9349623,0,8.58062935,8.42641926,0,13.3309927,0,0,0,,,,50
38581040,0.5,1,0,0,0.0241758227,0,0,0,15.9349623,0,8.54747581,8.42641926,0,13.3166971,0,0,0,,,,50
38582170,0.5,1,0,0,0.0241758227,0,0,0,15.9349623,0,8.58062935,8.42008495,0,13.3309927,0,0,0,,,,50
38583297,0.5,1,0,0,0.0241758227,0,0,0,15.9349623,0,8.5565176,8.42641926,0,13.3309927,0,0,0,,,,50
38584423,0.5,1,0,0,0.0161172152,0,0,0,15.9349623,0,8.5444622,8.42641926,0,13.3309927,0,0,0,,,,50
38585549,0.5,1,0,0,0.0241758227,0,0,0,15.9349623,0,8.56555939,8.42853069,0,13.3238449,0,0,0,,,,50
38586684,0.5,1,0,0,0.0241758227,0,0,0,15.9349623,0,8.57460117,8.42641926,0,13.3381405,0,0,0,,,,50
38587810,0.5,1,0,0,0.0161172152,0,0,0,15.9349623,0,8.55048943,8.42641926,0,13.3309927,0,0,0,,,,50
38588941,0.5,1,0,0,0.0241758227,0,0,0,15.9349623,0,8.54747581,8.42641926,0,13.3309927,0,0,0,,,,50
38590067,0.5,1,0,0,0.0241758227,0,0,0,15.9349623,0,8.568573,8.42641926,0,13.3095493,0,0,0,,,,50
38591193,0.5,1,0,0,0.0161172152,0,0,0,15.9395075,0,8.55048943,8.42641926,0,13.3309927,0,0,0,,,,50
38592319,0.5,1,0,0,0.0161172152,0,0,0,15.9304171,0,8.57158756,8.42641926,0,13.3238449,0,0,0,,,,50
38593445,0.5,1,0,0,0.0161172152,0,0,0,15.9349623,0,8.55350399,8.42641926,0,13.3381405,0,0,0,,,,50
38594571,0.5,1,0,0,0.0161172152,0,0,0,15.9349623,0,8.5565176,8.42430782,0,13.3309927,0,0,0,,,,50
38595697,0.5,1,0,0,0.0241758227,0,0,0,15.9349623,0,8.55953121,8.42219639,0,13.3309927,0,0,0,,,,50
38596828,0.5,1,0,0,0.0161172152,0,0,0,15.9349623,0,8.52336502,8.42430782,0,13.3309927,0,0,0,,,,50
38597954,0.5,1,0,0,0.0241758227,0,0,0,15.9349623,0,8.55953121,8.42641926,0,13.3238449,0,0,0,,,,50
38599080,0.5,1,0,0,0.0161172152,0,0,0,15.9349623,0,8.56254578,8.42641926,0,13.3024006,0,0,0,,,,50
38600410,0.5,1,0,0,0.0161172152,0,0,0,15.9349623,0,8.52336502,8.42641926,0,13.3309927,0,0,0,,,,50
38601536,0.5,1,0,0,0.0322344303,0,0,0,15.9304171,0,8.56254578,8.42641926,0,13.3309927,0,0,0,,,,50
38602662,0.5,1,0,0,0.0161172152,0,0,0,15.9349623,0,8.55350399,8.42641926,0,13.3309927,0,0,0,,,,50
38603789,0.5,1,0,0,0.0161172152,0,0,0,15.9349623,0,8.59268475,8.42430782,0,13.3309927,0,0,0,,,,50
38604919,0.5,1,0,0,0.0161172152,0,0,0,15.9349623,0,8.52637863,8.42430782,0,13.3309927,0,0,0,,,,50
38606055,0.5,1,0,0,0.0241758227,0,0,0,15.9349623,0,8.55953121,8.42641926,0,13.3095493,0,0,0,,,,50
38607181,0.5,1,0,0,0.0322344303,0,0,0,15.9349623,0,8.58062935,8.42641926,0,13.3309927,0,0,0,,,,50
38608307,0.5,1,0,0,0.0241758227,0,0,0,15.9349623,0,8.55350399,8.42641926,0,13.3309927,0,0,0,,,,50
38609433,0.5,1,0,0,0.0161172152,0,0,0,15.9349623,0,8.56555939,8.42853069,0,13.3309927,0,0,0,,,,50
38610559,0.5,1,0,0,0.0161172152,0,0,0,15.9304171,0,8.51432323,8.42641926,0,13.3309927,0,0,0,,,,50
38611685,0.5,1,0,0,0.0241758227,0,0,0,15.9349623,0,8.5444622,8.42641926,0,13.3309927,0,0,0,,,,50
38612816,0.5,1,0,0,0.0241758227,0,0,0,15.9349623,0,8.53240585,8.42641926,0,13.3309927,0,0,0,,,,50
38613942,0.5,1,0,0,0.0161172152,0,0,0,15.9349623,0,8.58062935,8.42641926,0,13.3309927,0,0,0,,,,50
38615068,0.5,1,0,0,0.0161172152,0,0,0,15.9349623,0,8.53843403,8.42853069,0,13.3095493,0,0,0,,,,50
38616194,0.5,1,0,0,0.0241758227,0,0,0,15.9349623,0,8.53843403,8.42641926,0,13.3309927,0,0,0,,,,50
38617320,0.5,1,0,0,0.0241758227,0,0,0,15.9349623,0,8.568573,8.42641926,0,13.3309927,0,0,0,,,,50
38618446,0.5,1,0,0,0.0161172152,0,0,0,15.9349623,0,8.5565176,8.42008495,0,13.3309927,0,0,0,,,,50
38619577,0.5,1,0,0,0.0241758227,0,0,0,15.9349623,0,8.568573,8.42641926,0,13.3238449,0,0,0,,,,50
38620907,0.5,1,0,0,0.0161172152,0,0,0,15.9349623,0,8.55048943,8.42641926,0,13.3309927,0,0,0,,,,50
38622033,0.5,1,0,0,0.0161172152,0,0,0,15.9349623,0,8.5444622,8.42853069,0,13.3166971,0,0,0,,,,50
38623159,0.5,1,0,0,0.0161172152,0,0,0,15.9349623,0,8.56555939,8.42430782,0,13.3309927,0,0,0,,,,50
38624285,0.5,1,0,0,0.0161172152,0,0,0,15.9349623,0,8.52939224,8.42641926,0,13.3238449,0,0,0,,,,50
38625411,0.5,1,0,0,0.0241758227,0,0,0,15.9304171,0,8.5565176,8.42641926,0,13.3238449,0,0,0,,,,50
38626546,0.5,1,0,0,0.0161172152,0,0,0,15.9349623,0,8.54747581,8.42641926,0,13.3309927,0,0,0,,,,50
38627677,0.5,1,0,0,0.0161172152,0,0,0,15.9349623,0,8.52035046,8.42853069,0,13.3309927,0,0,0,,,,50
38628803,0.5,1,0,0,0.0161172152,0,0,0,15.9349623,0,8.56555939,8.42641926,0,13.3309927,0,0,0,,,,50
38629928,0.5,1,0,0,0.0241758227,0,0,0,15.9349623,0,8.54144764,8.42641926,0,13.3452892,0,0,0,,,,50
38631055,0.5,1,0,0,0.0161172152,0,0,0,15.9349623,0,8.55048943,8.42853069,0,13.3166971,0,0,0,,,,50
38632181,0.5,1,0,0,0.0241758227,0,0,0,15.9304171,0,8.5444622,8.42641926,0,13.3309927,0,0,0,,,,50
38633307,0.5,1,0,0,0.0241758227,0,0,0,15.9349623,0,8.56254578,8.42430782,0,13.3309927,0,0,0,,,,50
38634433,0.5,1,0,0,0.0161172152,0,0,0,15.9395075,0,8.57158756,8.42641926,0,13.3309927,0,0,0,,,,50
38635563,0.5,1,0,0,0.0241758227,0,0,0,15.9349623,0,8.59268475,8.42641926,0,13.3309927,0,0,0,,,,50
38636689,0.5,1,0,0,0.0161172152,0,0,0,15.9304171,0,8.5444622,8.42641926,0.00714798551,13.3309927,0,0,0,,,,50
38637815,0.5,1,0,0,0.0161172152,0,0,0,15.9349623,0,8.53240585,8.42641926,0,13.3309927,0,0,0,,,,50
38638941,0.5,1,0,0,0.0241758227,0,0,0,15.9349623,0,8.54144764,8.42641926,0,13.3309927,0,0,0,,,,50
38640067,0.5,1,0,0,0.0241758227,0,0,0,15.9349623,0,8.568573,8.42853069,0,13.3166971,0,0,0,,,,50
38641193,0.5,1,0,0,0.0161172152,0,0,0,15.9304171,0,8.55048943,8.42641926,0,13.3309927,0,0,0,,,,50
38642528,0.5,1,0,0,0.0241758227,0,0,0,15.9349623,0,8.56555939,8.42641926,0,13.3309927,0,0,0,,,,50
38643654,0.5,1,0,0,0.0241758227,0,0,0,15.9304171,0,8.5444622,8.42641926,0,13.3381405,0,0,0,,,,50
38644780,0.5,1,0,0,0.00805860758,0,0,0,15.9395075,0,8.56254578,8.42430782,0,13.3309927,0,0,0,,,,50
38645915,0.5,1,0,0,0.0161172152,0,0,0,15.9395075,0,8.55953121,8.42641926,0,13.3309927,0,0,0,,,,50
38647042,0.5,1,0,0,0.0241758227,0,0,0,15.9349623,0,8.52336502,8.42641926,0,13.3166971,0,0,0,,,,50
38648168,0.5,1,0,0,0.0161172152,0,0,0,15.9304171,0,8.56555939,8.42853069,0,13.3309927,0,0,0,,,,50
38649294,0.5,1,0,0,0.00805860758,0,0,0,15.9349623,0,8.57158756,8.42641926,0,13.3309927,0,0,0,,,,50
38650425,0.5,1,0,0,0.0241758227,0,0,0,15.9349623,0,8.50528145,8.42008495,0,13.3309927,0,0,0,,,,50
38651551,0.5,1,0,0,0.0161172152,0,0,0,15.9349623,0,8.53240585,8.42641926,0,13.3309927,0,0,0,,,,50
38652677,0.5,1,0,0,0.0161172152,0,0,0,15.9349623,0,8.53843403,8.42641926,0,13.3309927,0,0,0,,,,50
38653803,0.5,1,0,0,0.0161172152,0,0,0,15.9349623,0,8.54747581,8.42641926,0,13.3309927,0,0,0,,,,50
38654929,0.5,1,0,0,0.0161172152,0,0,0,15.9349623,0,8.54747581,8.42641926,0,13.3238449,0,0,0,,,,50
38656055,0.5,1,0,0,0.0161172152,0,0,0,15.9349623,0,8.54747581,8.42641926,0,13.3166971,0,0,0,,,,50
38657181,0.5,1,0,0,0.0161172152,0,0,0,15.9349623,0,8.58364296,8.42641926,0,13.3309927,0,0,0,,,,50
38658312,0.5,1,0,0,0.0241758227,0,0,0,15.9304171,0,8.55953121,8.42641926,0,13.3309927,0,0,0,,,,50
38659438,0.5,1,0,0,0.00805860758,0,0,0,15.9349623,0,8.54747581,8.42641926,0,13.3238449,0,0,0,,,,50
38660564,0.5,1,0,0,0.0241758227,0,0,0,15.9349623,0,8.57761478,8.42641926,0,13.3381405,0,0,0,,,,50
38661690,0.5,1,0,0,0.0161172152,0,0,0,15.9349623,0,8.5444622,8.42853069,0,13.3309927,0,0,0,,,,50
38663020,0.5,1,0,0,0.0161172152,0,0,0,15.9349623,0,8.58665657,8.42641926,0,13.3238449,0,0,0,,,,50
38664146,0.5,1,0,0,0.0322344303,0,0,0,15.9349623,0,8.56254578,8.42641926,0,13.3309927,0,0,0,,,,50
38665272,0.5,1,0,0,0.0161172152,0,0,0,15.9349623,0,8.56555939,8.42853069,0,13.3309927,0,0,0,,,,50
38666412,0.5,1,0,0,0.0161172152,0,0,0,15.9349623,0,8.568573,8.42641926,0,13.3309927,0,0,0,,,,50
38667538,0.5,1,0,0,0.0241758227,0,0,0,15.9349623,0,8.568573,8.42641926,0,13.3309927,0,0,0,,,,50
38668664,0.5,1,0,0,0.0241758227,0,0,0,15.9349623,0,8.53843403,8.42641926,0,13.3309927,0,0,0,,,,50
38669790,0.5,1,0,0,0.0161172152,0,0,0,15.9349623,0,8.55048943,8.42641926,0,13.3309927,0,0,0,,,,50
38670917,0.5,1,0,0,0.0241758227,0,0,0,15.9349623,0,8.54144764,8.42641926,0,13.3238449,0,0,0,,,,50
38672043,0.5,1,0,0,0.0161172152,0,0,0,15.9349623,0,8.568573,8.42641926,0,13.3166971,0,0,0,,,,50
38673174,0.5,1,0,0,0.0241758227,0,0,0,15.9349623,0,8.56555939,8.42641926,0,13.3309927,0,0,0,,,,50
38674300,0.5,1,0,0,0.0241758227,0,0,0,15.9304171,0,8.54747581,8.42641926,0,13.3309927,0,0,0,,,,50
38675426,0.5,1,0,0,0.0161172152,0,0,0,15.9349623,0,8.53542042,8.42641926,0,13.3309927,0,0,0,,,,50
38676552,0.5,1,0,0,0.0241758227,0,0,0,15.9349623,0,8.50226688,8.42641926,0,13.3309927,0,0,0,,,,50
38677678,0.5,1,0,0,0.0161172152,0,0,0,15.9349623,0,8.57460117,8.42641926,0,13.3309927,0,0,0,,,,50
38678804,0.5,1,0,0,0.0241758227,0,0,0,15.9349623,0,8.53542042,8.42430782,0,13.3309927,0,0,0,,,,50
38679930,0.5,1,0,0,0.0241758227,0,0,0,15.9349623,0,8.54747581,8.42641926,0,13.3309927,0,0,0,,,,50
38681060,0.5,1,0,0,0.0241758227,0,0,0,15.9349623,0,8.5444622,8.42430782,0,13.3166971,0,0,0,,,,50
38682186,0.5,1,0,0,0.0241758227,0,0,0,15.9349623,0,8.55350399,8.42641926,0,13.3309927,0,0,0,,,,50
38683312,0.5,1,0,0,0.0241758227,0,0,0,15.9349623,0,8.59268475,8.42641926,0,13.3309927,0,0,0,,,,50
38684642,0.5,1,0,0,0.0161172152,0,0,0,15.9395075,0,8.53843403,8.42641926,0,13.3309927,0,0,0,,,,50
38685778,0.5,1,0,0,0.0241758227,0,0,0,15.9349623,0,8.57761478,8.42641926,0,13.3238449,0,0,0,,,,50
38686904,0.5,1,0,0,0.0161172152,0,0,0,15.9349623,0,8.5565176,8.42641926,0,13.3309927,0,0,0,,,,50
38688030,0.5,1,0,0,0.0161172152,0,0,0,15.9349623,0,8.5565176,8.42641926,0,13.3238449,0,0,0,,,,50
38689161,0.5,0.75,0,0,0.0241758227,0.00805860758,0,0,15.9349623,0,8.54747581,8.42641926,0,13.3309927,0,0,0,,,,50
38690287,0.5,1,0,0,0.0161172152,0,0,0,15.9349623,0,8.5444622,8.42853069,0,13.3309927,0,0,0,,,,50
38691413,0.5,1,0,0,0.0161172152,0,0,0,15.9349623,0,8.58364296,8.42853069,0,13.3309927,0,0,0,,,,50
38692539,0.5,1,0,0,0.0161172152,0,0,0,15.9349623,0,8.55048943,8.42641926,0,13.3238449,0,0,0,,,,50
38693665,0.5,1,0,0,0.0161172152,0,0,0,15.9349623,0,8.52939224,8.42853069,0,13.3309927,0,0,0,,,,50
38694791,0.5,1,0,0,0.0161172152,0,0,0,15.9349623,0,8.55048943,8.42641926,0,13.3309927,0,0,0,,,,50
38695917,0.5,1,0,0,0.0161172152,0,0,0,15.9349623,0,8.58364296,8.42430782,0,13.3309927,0,0,0,,,,50
38697047,0.5,1,0,0,0.00805860758,0,0,0,15.9349623,0,8.56254578,8.42641926,0,13.3166971,0,0,0,,,,50
38698173,0.5,1,0,0,0.0161172152,0,0,0,15.9349623,0,8.57158756,8.42641926,0,13.3309927,0,0,0,,,,50
38699300,0.5,1,0,0,0.0241758227,0,0,0,15.9349623,0,8.5444622,8.42641926,0,13.3309927,0,0,0,,,,50
38700426,0.5,1,0,0,0.0161172152,0,0,0,15.9304171,0,8.58665657,8.42641926,0,13.3309927,0,0,0,,,,50
38701552,0.5,1,0,0,0.0161172152,0,0,0,15.9349623,0,8.54144764,8.42641926,0,13.3309927,0,0,0,,,,50
38702678,0.5,1,0,0,0.0161172152,0,0,0,15.9349623,0,8.55350399,8.42641926,0,13.3238449,0,0,0,,,,50
38703809,0.5,1,0,0,0.0322344303,0,0,0,15.9349623,0,8.60172653,8.42641926,0,13.3381405,0,0,0,,,,50
38705139,0.5,1,0,0,0.0161172152,0,0,0,15.9349623,0,8.55350399,8.42641926,0,13.3381405,0,0,0,,,,50
38706274,0.5,1,0,0,0.0161172152,0,0,0,15.9349623,0,8.55953121,8.42641926,0,13.3309927,0,0,0,,,,50
38707400,0.5,1,0,0,0.0241758227,0,0,0,15.9349623,0,8.56254578,8.42641926,0,13.3309927,0,0,0,,,,50
38708526,0.5,1,0,0,0.0161172152,0,0,0,15.9349623,0,8.55350399,8.42641926,0,13.3238449,0,0,0,,,,50
38709652,0.5,1,0,0,0.0241758227,0,0,0,15.9349623,0,8.5444622,8.42641926,0,13.3238449,0,0,0,,,,50
38710778,0.5,1,0,0,0.0241758227,0,0,0,15.9349623,0,8.5565176,8.42641926,0,13.3309927,0,0,0,,,,50
38711908,0.5,1,0,0,0.0161172152,0,0,0,15.9349623,0,8.57158756,8.42853069,0,13.3309927,0,0,0,,,,50
38713034,0.5,1,0,0,0.0161172152,0,0,0,15.9349623,0,8.56555939,8.42430782,0,13.3166971,0,0,0,,,,50
38714160,0.5,1,0,0,0.0161172152,0,0,0,15.9349623,0,8.57460117,8.42641926,0,13.3309927,0,0,0,,,,50
38715286,0.5,1,0,0,0.0161172152,0,0,0,15.9349623,0,8.55350399,8.42641926,0,13.3309927,0,0,0,,,,50
38716412,0.5,1,0,0,0.0161172152,0,0,0,15.9304171,0,8.57460117,8.42641926,0,13.3309927,0,0,0,,,,50
38717538,0.5,1,0,0,0.0161172152,0,0,0,15.9349623,0,8.55350399,8.42641926,0,13.3309927,0,0,0,,,,50
38718664,0.5,1,0,0,0.0241758227,0,0,0,15.9349623,0,8.55048943,8.42641926,0,13.3309927,0,0,0,,,,50
38719795,0.5,1,0,0,0.0161172152,0,0,0,15.9349623,0,8.53843403,8.42641926,0,13.3309927,0,0,0,,,,50
38720921,0.5,1,0,0,0.0241758227,0,0,0,15.9349623,0,8.53542042,8.42641926,0,13.3309927,0,0,0,,,,50
38722047,0.5,1,0,0,0.0241758227,0,0,0,15.9349623,0,8.55953121,8.42641926,0,13.3238449,0,0,0,,,,50
38723173,0.5,1,0,0,0.0161172152,0,0,0,15.9304171,0,8.56254578,8.42641926,0,13.3309927,0,0,0,,,,50
38724299,0.5,1,0,0,0.0241758227,0,0,0,15.9349623,0,8.5565176,8.42853069,0,13.3309927,0,0,0,,,,50
38725425,0.5,1,0,0,0.0161172152,0,0,0,15.9349623,0,8.52035046,8.42641926,0,13.3309927,0,0,0,,,,50
38726764,0.5,1,0,0,0.0241758227,0,0,0,15.9304171,0,8.58665657,8.42853069,0,13.3309927,0,0,0,,,,50
38727895,0.5,1,0,0,0.0241758227,0,0,0,15.9304171,0,8.57460117,8.42219639,0,13.3309927,0,0,0,,,,50
38729021,0.5,1,0,0,0.0161172152,0,0,0,15.9304171,0,8.55350399,8.42641926,0,13.3309927,0,0,0,,,,50
38730147,0.5,1,0,0,0.0322344303,0,0,0,15.9349623,0,8.54747581,8.42641926,0,13.3309927,0,0,0,,,,50
38731273,0.5,1,0,0,0.0241758227,0,0,0,15.9304171,0,8.5565176,8.42641926,0,13.3309927,0,0,0,,,,50
38732399,0.5,1,0,0,0.0161172152,0,0,0,15.9349623,0,8.55350399,8.42641926,0,13.3238449,0,0,0,,,,50
38733525,0.5,1,0,0,0.0161172152,0,0,0,15.9349623,0,8.5444622,8.42641926,0,13.3309927,0,0,0,,,,50
38734656,0.5,1,0,0,0.0161172152,0,0,0,15.9349623,0,8.5444622,8.42641926,0,13.3309927,0,0,0,,,,50
38735782,0.5,1,0,0,0.0161172152,0,0,0,15.9349623,0,8.55048943,8.42641926,0,13.3309927,0,0,0,,,,50
38736907,0.5,1,0,0,0.0241758227,0,0,0,15.9349623,0,8.54747581,8.42641926,0,13.3309927,0,0,0,,,,50
38738034,0.5,1,0,0,0.0161172152,0,0,0,15.9349623,0,8.54144764,8.42853069,0,13.3238449,0,0,0,,,,50
38739160,0.5,1,0,0,0.0161172152,0,0,0,15.9349623,0,8.54747581,8.42641926,0,13.3309927,0,0,0,,,,50
38740286,0.5,1,0,0,0.0241758227,0,0,0,15.9304171,0,8.5444622,8.42641926,0,13.3309927,0,0,0,,,,50
38741412,0.5,1,0,0,0.0241758227,0,0,0,15.9395075,0,8.59268475,8.42641926,0,13.3309927,0,0,0,,,,50
38742543,0.5,1,0,0,0.0241758227,0,0,0,15.9349623,0,8.5444622,8.42641926,0,13.3309927,0,0,0,,,,50
38743669,0.5,1,0,0,0.0241758227,0,0,0,15.9349623,0,8.5565176,8.42430782,0,13.3309927,0,0,0,,,,50
38744795,0.5,1,0,0,0.0161172152,0,0,0,15.9349623,0,8.53843403,8.42641926,0,13.3309927,0,0,0,,,,50
38745930,0.5,1,0,0,0.0322344303,0,0,0,15.9349623,0,8.57460117,8.42641926,0,13.3238449,0,0,0,,,,50
38747260,0.5,1,0,0,0.0161172152,0,0,0,15.9304171,0,8.54747581,8.42641926,0,13.3309927,0,0,0,,,,50
38748386,0.5,1,0,0,0.0241758227,0,0,0,15.9349623,0,8.53843403,8.42641926,0,13.3238449,0,0,0,,,,50
38749512,0.5,1,0,0,0.0161172152,0,0,0,15.9349623,0,8.55953121,8.42853069,0,13.3166971,0,0,0,,,,50
38750643,0.5,1,0,0,0.0161172152,0,0,0,15.9349623,0,8.56254578,8.42641926,0,13.3309927,0,0,0,,,,50
38751769,0.5,1,0,0,0.0161172152,0,0,0,15.9349623,0,8.5565176,8.42641926,0,13.3309927,0,0,0,,,,50
38752895,0.5,1,0,0,0.0241758227,0,0,0,15.9395075,0,8.55350399,8.42641926,0,13.3238449,0,0,0,,,,50
38754021,0.5,1,0,0,0.0241758227,0,0,0,15.9349623,0,8.56555939,8.42641926,0,13.3238449,0,0,0,,,,50
38755147,0.5,1,0,0,0.0241758227,0,0,0,15.9349623,0,8.58665657,8.42641926,0,13.3309927,0,0,0,,,,50
38756273,0.5,1,0,0,0.0161172152,0,0,0,15.9349623,0,8.52336502,8.42641926,0,13.3309927,0,0,0,,,,50
38757399,0.5,1,0,0,0.0161172152,0,0,0,15.9349623,0,8.58364296,8.42641926,0,13.3309927,0,0,0,,,,50
38758530,0.5,1,0,0,0.0241758227,0,0,0,15.9349623,0,8.50829506,8.42430782,0,13.3309927,0,0,0,,,,50
38759656,0.5,1,0,0,0.00805860758,0,0,0,15.9349623,0,8.5565176,8.42641926,0,13.3309927,0,0,0,,,,50
38760782,0.5,1,0,0,0.0161172152,0,0,0,15.9349623,0,8.53240585,8.42641926,0,13.3309927,0,0,0,,,,50
38761908,0.5,1,0,0,0.0161172152,0,0,0,15.9349623,0,8.52035046,8.42641926,0,13.3309927,0,0,0,,,,50
38763034,0.5,1,0,0,0.0241758227,0,0,0,15.9349623,0,8.568573,8.42641926,0,13.3238449,0,0,0,,,,50
38764160,0.5,1,0,0,0.0161172152,0,0,0,15.9349623,0,8.55953121,8.42641926,0,13.3309927,0,0,0,,,,50
38765291,0.5,1,0,0,0.0161172152,0,0,0,15.9349623,0,8.56555939,8.42853069,0,13.3309927,0,0,0,,,,50
38766426,0.5,1,0,0,0.0161172152,0,0,0,15.9304171,0,8.5444622,8.42853069,0,13.3309927,0,0,0,,,,50
38767552,0.5,1,0,0,0.0241758227,0,0,0,15.9395075,0,8.53843403,8.42641926,0,13.3309927,0,0,0,,,,50
38768882,0.5,1,0,0,0.00805860758,0,0,0,15.9349623,0,8.568573,8.42641926,0,13.3309927,0,0,0,,,,50
38770008,0.5,1,0,0,0.0241758227,0,0,0,15.9349623,0,8.58967113,8.42641926,0,13.3238449,0,0,0,,,,50
38771134,0.5,1,0,0,0.0241758227,0,0,0,15.9349623,0,8.55048943,8.42641926,0,13.3309927,0,0,0,,,,50
38772260,0.5,1,0,0,0.0322344303,0,0,0,15.9349623,0,8.5444622,8.42641926,0,13.3309927,0,0,0,,,,50
38773390,0.5,1,0,0,0.0161172152,0,0,0,15.9349623,0,8.57158756,8.42641926,0,13.3309927,0,0,0,,,,50
38774517,0.5,1,0,0,0.0322344303,0,0,0,15.9395075,0,8.57158756,8.42641926,0,13.3309927,0,0,0,,,,50
38775643,0.5,1,0,0,0.0161172152,0,0,0,15.9349623,0,8.55048943,8.42430782,0,13.3309927,0,0,0,,,,50
38776769,0.5,1,0,0,0.0161172152,0,0,0,15.9349623,0,8.5565176,8.42641926,0,13.3309927,0,0,0,,,,50
38777895,0.5,1,0,0,0.0161172152,0,0,0,15.9349623,0,8.5444622,8.42641926,0,13.3238449,0,0,0,,,,50
38779021,0.5,1,0,0,0.0161172152,0,0,0,15.9349623,0,8.55350399,8.42641926,0,13.3238449,0,0,0,,,,50
38780147,0.5,1,0,0,0.0241758227,0,0,0,15.9349623,0,8.57158756,8.42641926,0,13.3238449,0,0,0,,,,50
38781277,0.5,1,0,0,0.0161172152,0,0,0,15.9349623,0,8.54747581,8.41797352,0,13.3309927,0,0,0,,,,50
38782403,0.5,1,0,0,0.0241758227,0,0,0,15.9349623,0,8.51432323,8.42641926,0,13.3309927,0,0,0,,,,50
38783529,0.5,1,0,0,0.0241758227,0,0,0,15.9304171,0,8.5565176,8.42641926,0,13.3309927,0,0,0,,,,50
38784655,0.5,1,0,0,0.0161172152,0,0,0,15.9349623,0,8.5565176,8.42641926,0,13.3309927,0,0,0,,,,50
38785790,0.5,1,0,0,0.0161172152,0,0,0,15.9349623,0,8.55953121,8.42641926,0,13.3309927,0,0,0,,,,50
38786916,0.5,1,0,0,0.0241758227,0,0,0,15.9349623,0,8.51130867,8.42641926,0,13.3309927,0,0,0,,,,50
38788047,0.5,1,0,0,0.0241758227,0,0,0,15.9349623,0,8.568573,8.42641926,0,13.3166971,0,0,0,,,,50
38789377,0.5,1,0,0,0.0161172152,0,0,0,15.9304171,0,8.55048943,8.42853069,0,13.3309927,0,0,0,,,,50
38790503,0.5,1,0,0,0.0161172152,0,0,0,15.9349623,0,8.54144764,8.42430782,0,13.3238449,0,0,0,,,,50
38791629,0.5,1,0,0,0.0161172152,0,0,0,15.9349623,0,8.54747581,8.42641926,0,13.3309927,0,0,0,,,,50
38792755,0.5,1,0,0,0.0161172152,0,0,0,15.9349623,0,8.55953121,8.42641926,0,13.3309927,0,0,0,,,,50
38793881,0.5,1,0,0,0.0241758227,0,0,0,15.9349623,0,8.57761478,8.42641926,0,13.3309927,0,0,0,,,,50
38795007,0.5,1,0,0,0.0161172152,0,0,0,15.9349623,0,8.56254578,8.42641926,0,13.3238449,0,0,0,,,,50
38796138,0.5,1,0,0,0.0322344303,0,0,0,15.9349623,0,8.52035046,8.42219639,0,13.3381405,0,0,0,,,,50
38797265,0.5,1,0,0,0.0161172152,0,0,0,15.9440527,0,8.55953121,8.42008495,0,13.3238449,0,0,0,,,,50
38798391,0.5,1,0,0,0.0241758227,0,0,0,15.9349623,0,8.55953121,8.42853069,0,13.3309927,0,0,0,,,,50
38799517,0.5,1,0,0,0.0241758227,0,0,0,15.9349623,0,8.55048943,8.42853069,0,13.3309927,0,0,0,,,,50
38800644,0.5,1,0,0,0.0241758227,0,0,0,15.9349623,0,8.54144764,8.42853069,0,13.3309927,0,0,0,,,,50
38801770,0.5,1,0,0,0.0241758227,0,0,0,15.9304171,0,8.52035046,8.42853069,0,13.3309927,0,0,0,,,,50
38802896,0.5,1,0,0,0.0161172152,0,0,0,15.9349623,0,8.49925327,8.42641926,0,13.3309927,0,0,0,,,,50
38804027,0.5,1,0,0,0.0161172152,0,0,0,15.9304171,0,8.56555939,8.42641926,0,13.3238449,0,0,0,,,,50
38805153,0.5,1,0,0,0.0241758227,0,0,0,15.9349623,0,8.53843403,8.42641926,0,13.3238449,0,0,0,,,,50
38806288,0.5,1,0,0,0.0241758227,0,0,0,15.9349623,0,8.57158756,8.42641926,0,13.3309927,0,0,0,,,,50
38807414,0.5,1,0,0,0.0161172152,0,0,0,15.9349623,0,8.55953121,8.42641926,0,13.3309927,0,0,0,,,,50
38808540,0.5,1,0,0,0.0161172152,0,0,0,15.9349623,0,8.57460117,8.42641926,0,13.3238449,0,0,0,,,,50
38809870,0.5,1,0,0,0.0161172152,0,0,0,15.9349623,0,8.54144764,8.42853069,0,13.3309927,0,0,0,,,,50
38810996,0.5,1,0,0,0.0161172152,0,0,0,15.9349623,0,8.55350399,8.42641926,0,13.3309927,0,0,0,,,,50
38812127,0.5,0.666666687,0,0,0.0161172152,0.00805860758,0,0,15.9304171,0,8.52336502,8.42641926,0,13.3238449,0,0,0,,,,50
38813253,0.5,1,0,0,0.0241758227,0,0,0,15.9349623,0,8.54747581,8.42641926,0,13.3309927,0,0,0,,,,50
38814379,0.5,1,0,0,0.0161172152,0,0,0,15.9349623,0,8.57158756,8.42641926,0,13.3309927,0,0,0,,,,50
38815505,0.5,1,0,0,0.0161172152,0,0,0,15.9349623,0,8.56254578,8.42641926,0,13.3309927,0,0,0,,,,50
38816631,0.5,1,0,0,0.0241758227,0,0,0,15.9349623,0,8.55953121,8.42641926,0,13.3309927,0,0,0,,,,50
38817757,0.5,1,0,0,0.0161172152,0,0,0,15.9349623,0,8.56254578,8.42641926,0,13.3309927,0,0,0,,,,50
38818888,0.5,1,0,0,0.00805860758,0,0,0,15.9349623,0,8.56254578,8.42853069,0,13.3309927,0,0,0,,,,50
38820014,0.5,1,0,0,0.0241758227,0,0,0,15.9349623,0,8.56555939,8.42430782,0,13.3238449,0,0,0,,,,50
38821140,0.5,1,0,0,0.0161172152,0,0,0,15.9349623,0,8.56254578,8.42641926,0,13.3238449,0,0,0,,,,50
38822266,0.5,1,0,0,0.0161172152,0,0,0,15.9349623,0,8.56555939,8.42853069,0,13.3309927,0,0,0,,,,50
38823392,0.5,1,0,0,0.0161172152,0,0,0,15.9349623,0,8.56555939,8.42641926,0,13.3309927,0,0,0,,,,50
38824518,0.5,1,0,0,0.0161172152,0,0,0,15.9349623,0,8.51733685,8.42641926,0,13.3309927,0,0,0,,,,50
38825653,0.5,1,0,0,0.0161172152,0,0,0,15.9349623,0,8.53240585,8.42641926,0,13.3309927,0,0,0,,,,50
38826784,0.5,1,0,0,0.0241758227,0,0,0,15.9349623,0,8.54747581,8.42641926,0,13.3309927,0,0,0,,,,50
38827910,0.5,1,0,0,0.0241758227,0,0,0,15.9349623,0,8.56555939,8.42641926,0,13.3309927,0,0,0,,,,50
38829036,0.5,1,0,0,0.0241758227,0,0,0,15.9349623,0,8.54144764,8.42641926,0,13.3166971,0,0,0,,,,50
38830162,0.5,1,0,0,0.0161172152,0,0,0,15.9349623,0,8.56254578,8.42641926,0,13.3238449,0,0,0,,,,50
38831492,0.5,1,0,0,0.0161172152,0,0,0,15.9349623,0,8.54747581,8.42641926,0,13.3309927,0,0,0,,,,50
38832618,0.5,1,0,0,0.0241758227,0,0,0,15.9349623,0,8.5444622,8.42641926,0,13.3309927,0,0,0,,,,50
38833744,0.5,1,0,0,0.0161172152,0,0,0,15.9304171,0,8.53542042,8.42853069,0,13.3238449,0,0,0,,,,50
38834875,0.5,1,0,0,0.00805860758,0,0,0,15.9349623,0,8.54144764,8.42641926,0,13.3309927,0,0,0,,,,50
38836001,0.5,1,0,0,0.0241758227,0,0,0,15.9349623,0,8.5565176,8.42641926,0,13.3309927,0,0,0,,,,50
38837127,0.5,1,0,0,0.00805860758,0,0,0,15.9304171,0,8.56254578,8.42641926,0,13.3309927,0,0,0,,,,50
38838254,0.5,1,0,0,0.0161172152,0,0,0,15.9349623,0,8.53843403,8.42641926,0,13.3309927,0,0,0,,,,50
38839380,0.5,1,0,0,0.0161172152,0,0,0,15.9349623,0,8.56254578,8.42641926,0,13.3309927,0,0,0,,,,50
38840506,0.5,1,0,0,0.0241758227,0,0,0,15.9349623,0,8.51130867,8.42641926,0,13.3309927,0,0,0,,,,50
38841632,0.5,1,0,0,0.00805860758,0,0,0,15.9304171,0,8.568573,8.42641926,0,13.3309927,0,0,0,,,,50
38842762,0.5,1,0,0,0.0161172152,0,0,0,15.9349623,0,8.56254578,8.42641926,0,13.3309927,0,0,0,,,,50
38843888,0.5,1,0,0,0.0161172152,0,0,0,15.9395075,0,8.54144764,8.42641926,0,13.3309927,0,0,0,,,,50
38845014,0.5,1,0,0,0.0161172152,0,0,0,15.9349623,0,8.55048943,8.42853069,0,13.3238449,0,0,0,,,,50
38846149,0.5,1,0,0,0.0161172152,0,0,0,15.9349623,0,8.56555939,8.42641926,0,13.3309927,0,0,0,,,,50
38847275,0.5,1,0,0,0.0161172152,0,0,0,15.9349623,0,8.55048943,8.42641926,0,13.3309927,0,0,0,,,,50
38848401,0.5,1,0,0,0.0161172152,0,0,0,15.9349623,0,8.5565176,8.42641926,0,13.3309927,0,0,0,,,,50
38849532,0.5,1,0,0,0.0161172152,0,0,0,15.9349623,0,8.55953121,8.42430782,0,13.3309927,0,0,0,,,,50
38850659,0.5,1,0,0,0.0161172152,0,0,0,15.9349623,0,8.54144764,8.42641926,0,13.3309927,0,0,0,,,,50
38851989,0.5,1,0,0,0.0161172152,0,0,0,15.9349623,0,8.54144764,8.42641926,0,13.3309927,0,0,0,,,,50
38853115,0.5,1,0,0,0.0241758227,0,0,0,15.9304171,0,8.54144764,8.42641926,0,13.3309927,0,0,0,,,,50
38854241,0.5,1,0,0,0.0241758227,0,0,0,15.9395075,0,8.50226688,8.42641926,0,13.3309927,0,0,0,,,,50
38855367,0.5,1,0,0,0.0161172152,0,0,0,15.9349623,0,8.52336502,8.42641926,0,13.3309927,0,0,0,,,,50
38856493,0.5,1,0,0,0.0241758227,0,0,0,15.9349623,0,8.56254578,8.42641926,0,13.3309927,0,0,0,,,,50
38857624,0.5,1,0,0,0.0161172152,0,0,0,15.9349623,0,8.53843403,8.42641926,0,13.3309927,0,0,0,,,,50
38858750,0.5,1,0,0,0.0161172152,0,0,0,15.9349623,0,8.53542042,8.42430782,0,13.3309927,0,0,0,,,,50
38859876,0.5,1,0,0,0.0322344303,0,0,0,15.9349623,0,8.55048943,8.42853069,0,13.3381405,0,0,0,,,,50
38861002,0.5,1,0,0,0.0161172152,0,0,0,15.9304171,0,8.54144764,8.42641926,0,13.3309927,0,0,0,,,,50
38862128,0.5,1,0,0,0.0161172152,0,0,0,15.9349623,0,8.5444622,8.42641926,0,13.3309927,0,0,0,,,,50
38863254,0.5,1,0,0,0.0161172152,0,0,0,15.9395075,0,8.53843403,8.42641926,0,13.3309927,0,0,0,,,,50
38864380,0.5,1,0,0,0.0161172152,0,0,0,15.9349623,0,8.5565176,8.42641926,0,13.3309927,0,0,0,,,,50
38865511,0.5,1,0,0,0.0161172152,0,0,0,15.9349623,0,8.55350399,8.42641926,0,13.3309927,0,0,0,,,,50
38866646,0.5,1,0,0,0.0241758227,0,0,0,15.9349623,0,8.52939224,8.42853069,0,13.3238449,0,0,0,,,,50
38867772,0.5,1,0,0,0.0161172152,0,0,0,15.9349623,0,8.55350399,8.42641926,0,13.3309927,0,0,0,,,,50
38868898,0.5,1,0,0,0.0161172152,0,0,0,15.9349623,0,8.54747581,8.42641926,0,13.3309927,0,0,0,,,,50
38870024,0.5,1,0,0,0.00805860758,0,0,0,15.9349623,0,8.54144764,8.42641926,0,13.3238449,0,0,0,,,,50
38871150,0.5,1,0,0,0.0241758227,0,0,0,15.9349623,0,8.55350399,8.42641926,0,13.3309927,0,0,0,,,,50
38872276,0.5,1,0,0,0.0241758227,0,0,0,15.9349623,0,8.50528145,8.42008495,0,13.3309927,0,0,0,,,,50
38873611,0.5,1,0,0,0.0161172152,0,0,0,15.9304171,0,8.60172653,8.42641926,0,13.3309927,0,0,0,,,,50
38874737,0.5,1,0,0,0.0161172152,0,0,0,15.9349623,0,8.57158756,8.42641926,0,13.3309927,0,0,0,,,,50
38875863,0.5,1,0,0,0.0241758227,0,0,0,15.9349623,0,8.57158756,8.42008495,0,13.3309927,0,0,0,,,,50
38876989,0.5,1,0,0,0.0161172152,0,0,0,15.9349623,0,8.53542042,8.42641926,0,13.3309927,0,0,0,,,,50
38878115,0.5,1,0,0,0.0241758227,0,0,0,15.9349623,0,8.58062935,8.42641926,0,13.3309927,0,0,0,,,,50
38879241,0.5,1,0,0,0.0161172152,0,0,0,15.9349623,0,8.5444622,8.42641926,0,13.3309927,0,0,0,,,,50
38880372,0.5,1,0,0,0.0161172152,0,0,0,15.9349623,0,8.52336502,8.42641926,0,13.3309927,0,0,0,,,,50
38881498,0.5,1,0,0,0.0161172152,0,0,0,15.9349623,0,8.56254578,8.42641926,0,13.3309927,0,0,0,,,,50
38882624,0.5,1,0,0,0.0161172152,0,0,0,15.9349623,0,8.53542042,8.42641926,0,13.3309927,0,0,0,,,,50
38883750,0.5,1,0,0,0.0161172152,0,0,0,15.9349623,0,8.56254578,8.42641926,0,13.3309927,0,0,0,,,,50
38884876,0.5,1,0,0,0.0161172152,0,0,0,15.9349623,0,8.5444622,8.42641926,0,13.3309927,0,0,0,,,,50
38886011,0.5,1,0,0,0.0322344303,0,0,0,15.9349623,0,8.53542042,8.42641926,0,13.3238449,0,0,0,,,,50
38887138,0.5,1,0,0,0.0241758227,0,0,0,15.9349623,0,8.56254578,8.42641926,0,13.3238449,0,0,0,,,,50
38888269,0.5,1,0,0,0.0161172152,0,0,0,15.9349623,0,8.54144764,8.42641926,0,13.3309927,0,0,0,,,,50
38889395,0.5,1,0,0,0.0241758227,0,0,0,15.9349623,0,8.51432323,8.42853069,0,13.3309927,0,0,0,,,,50
38890521,0.5,1,0,0,0.0161172152,0,0,0,15.9349623,0,8.55048943,8.42641926,0,13.3309927,0,0,0,,,,50
38891647,0.5,1,0,0,0.0241758227,0,0,0,15.9349623,0,8.58665657,8.42641926,0,13.3309927,0,0,0,,,,50
38892773,0.5,1,0,0,0.0161172152,0,0,0,15.9349623,0,8.54747581,8.42641926,0,13.3238449,0,0,0,,,,50
38894103,0.5,1,0,0,0.0161172152,0,0,0,15.9349623,0,8.56254578,8.42641926,0,13.3309927,0,0,0,,,,50
38895229,0.5,1,0,0,0.0241758227,0,0,0,15.9349623,0,8.53542042,8.42641926,0,13.3309927,0,0,0,,,,50
38896360,0.5,1,0,0,0.0161172152,0,0,0,15.9349623,0,8.55048943,8.42641926,0,13.3309927,0,0,0,,,,50
38897486,0.5,1,0,0,0.0241758227,0,0,0,15.9349623,0,8.53542042,8.42641926,0,13.3309927,0,0,0,,,,50
38898612,0.5,1,0,0,0.0161172152,0,0,0,15.9349623,0,8.57460117,8.42430782,0,13.3309927,0,0,0,,,,50
38899738,0.5,1,0,0,0.0241758227,0,0,0,15.9349623,0,8.5444622,8.42641926,0,13.3309927,0,0,0,,,,50
38900864,0.5,1,0,0,0.0241758227,0,0,0,15.9349623,0,8.55350399,8.42853069,0,13.3309927,0,0,0,,,,50
38901990,0.5,1,0,0,0.0161172152,0,0,0,15.9349623,0,8.57158756,8.42641926,0,13.3309927,0,0,0,,,,50
38903116,0.5,1,0,0,0.0241758227,0,0,0,15.9349623,0,8.53843403,8.42641926,0,13.3309927,0,0,0,,,,50
38904247,0.5,1,0,0,0.0161172152,0,0,0,15.9349623,0,8.52939224,8.42430782,0,13.3309927,0,0,0,,,,50
38905373,0.5,1,0,0,0.0241758227,0,0,0,15.9349623,0,8.53542042,8.42641926,0,13.3309927,0,0,0,,,,50
38906508,0.5,1,0,0,0.0161172152,0,0,0,15.9395075,0,8.5565176,8.42641926,0,13.3309927,0,0,0,,,,50
38907634,0.5,1,0,0,0.0161172152,0,0,0,15.9349623,0,8.53240585,8.42641926,0,13.3309927,0,0,0,,,,50
38908760,0.5,1,0,0,0.0241758227,0,0,0,15.9349623,0,8.5565176,8.42641926,0,13.3309927,0,0,0,,,,50
38909886,0.5,1,0,0,0.0161172152,0,0,0,15.9349623,0,8.56555939,8.42641926,0,13.3309927,0,0,0,,,,50
38911017,0.5,1,0,0,0.0161172152,0,0,0,15.9349623,0,8.55048943,8.42641926,0,13.3238449,0,0,0,,,,50
38912143,0.5,1,0,0,0.0161172152,0,0,0,15.9349623,0,8.57761478,8.42008495,0,13.3309927,0,0,0,,,,50
38913269,0.5,1,0,0,0.0161172152,0,0,0,15.9349623,0,8.53240585,8.42641926,0,13.3309927,0,0,0,,,,50
38914395,0.5,1,0,0,0.0161172152,0,0,0,15.9349623,0,8.52939224,8.42641926,0,13.3309927,0,0,0,,,,50
38915725,0.5,1,0,0,0.0241758227,0,0,0,15.9349623,0,8.57460117,8.42853069,0,13.3309927,0,0,0,,,,50
38916851,0.5,1,0,0,0.0161172152,0,0,0,15.9349623,0,8.55048943,8.42641926,0,13.3309927,0,0,0,,,,50
38917977,0.5,1,0,0,0.0161172152,0,0,0,15.9349623,0,8.53240585,8.42641926,0,13.3238449,0,0,0,,,,50
38919108,0.5,1,0,0,0.0161172152,0,0,0,15.9349623,0,8.54747581,8.42853069,0,13.3309927,0,0,0,,,,50
38920234,0.5,1,0,0,0.0241758227,0,0,0,15.9258718,0,8.55953121,8.42641926,0,13.3238449,0,0,0,,,,50
38921360,0.5,1,0,0,0.0241758227,0,0,0,15.9349623,0,8.51733685,8.42641926,0,13.3238449,0,0,0,,,,50
38922486,0.5,1,0,0,0.0241758227,0,0,0,15.9349623,0,8.54747581,8.42641926,0,13.3309927,0,0,0,,,,50
38923612,0.5,1,0,0,0.0241758227,0,0,0,15.9349623,0,8.55953121,8.42641926,0,13.3309927,0,0,0,,,,50
38924738,0.5,1,0,0,0.0161172152,0,0,0,15.9349623,0,8.53240585,8.42641926,0,13.3309927,0,0,0,,,,50
38925873,0.5,1,0,0,0.0161172152,0,0,0,15.9349623,0,8.55048943,8.42641926,0,13.3309927,0,0,0,,,,50
38927004,0.5,1,0,0,0.0241758227,0,0,0,15.9349623,0,8.57460117,8.42641926,0,13.3309927,0,0,0,,,,50
38928130,0.5,1,0,0,0.0241758227,0,0,0,15.9349623,0,8.51733685,8.42641926,0,13.3309927,0,0,0,,,,50
38929256,0.5,1,0,0,0.0241758227,0,0,0,15.9395075,0,8.5444622,8.42008495,0,13.3238449,0,0,0,,,,50
38930382,0.5,1,0,0,0.0161172152,0,0,0,15.9304171,0,8.53240585,8.42853069,0,13.3309927,0,0,0,,,,50
38931508,0.5,1,0,0,0.0161172152,0,0,0,15.9349623,0,8.55048943,8.42853069,0,13.3309927,0,0,0,,,,50
38932634,0.5,1,0,0,0.0241758227,0,0,0,15.9304171,0,8.55350399,8.42641926,0,13.3309927,0,0,0,,,,50
38933764,0.5,1,0,0,0.0161172152,0,0,0,15.9349623,0,8.57761478,8.42641926,0,13.3309927,0,0,0,,,,50
38934890,0.5,1,0,0,0.00805860758,0,0,0,15.9349623,0,8.5565176,8.42008495,0,13.3238449,0,0,0,,,,50
38936220,0.5,1,0,0,0.0161172152,0,0,0,15.9349623,0,8.54144764,8.42641926,0,13.3309927,0,0,0,,,,50
38937346,0.5,1,0,0,0.0161172152,0,0,0,15.9395075,0,8.58967113,8.42641926,0,13.3309927,0,0,0,,,,50
38938473,0.5,1,0,0,0.0161172152,0,0,0,15.9349623,0,8.52637863,8.42641926,0,13.3309927,0,0,0,,,,50
38939598,0.5,1,0,0,0.0322344303,0,0,0,15.9349623,0,8.55953121,8.42641926,0,13.3238449,0,0,0,,,,50
38940725,0.5,1,0,0,0.0241758227,0,0,0,15.9349623,0,8.54144764,8.42641926,0,13.3309927,0,0,0,,,,50
38941855,0.5,1,0,0,0.0241758227,0,0,0,15.9349623,0,8.51733685,8.42641926,0,13.3238449,0,0,0,,,,50
38942981,0.5,1,0,0,0.0241758227,0,0,0,15.9349623,0,8.52939224,8.42641926,0,13.3309927,0,0,0,,,,50
38944107,0.5,1,0,0,0.0161172152,0,0,0,15.9349623,0,8.55048943,8.42641926,0,13.3309927,0,0,0,,,,50
38945233,0.5,1,0,0,0.0161172152,0,0,0,15.9395075,0,8.56555939,8.42641926,0,13.3309927,0,0,0,,,,50
38946368,0.5,1,0,0,0.0161172152,0,0,0,15.9349623,0,8.57158756,8.42641926,0,13.3309927,0,0,0,,,,50
38947494,0.5,1,0,0,0.0161172152,0,0,0,15.9349623,0,8.56555939,8.42641926,0,13.3309927,0,0,0,,,,50
38948620,0.5,1,0,0,0.0161172152,0,0,0,15.9349623,0,8.5444622,8.42641926,0,13.3309927,0,0,0,,,,50
38949751,0.5,1,0,0,0.0241758227,0,0,0,15.9349623,0,8.52336502,8.42641926,0,13.3309927,0,0,0,,,,50
38950877,0.5,1,0,0,0.0241758227,0,0,0,15.9349623,0,8.51733685,8.42641926,0,13.3309927,0,0,0,,,,50
38952003,0.5,1,0,0,0.0322344303,0,0,0,15.9349623,0,8.52035046,8.42219639,0,13.3309927,0,0,0,,,,50
38953129,0.5,1,0,0,0.0241758227,0,0,0,15.9349623,0,8.57158756,8.42641926,0,13.3309927,0,0,0,,,,50
38954256,0.5,1,0,0,0.0241758227,0,0,0,15.9349623,0,8.53240585,8.42641926,0,13.3309927,0,0,0,,,,50
38955382,0.5,1,0,0,0.0241758227,0,0,0,15.9349623,0,8.56555939,8.42641926,0,13.3309927,0,0,0,,,,50
38956509,0.5,1,0,0,0.0161172152,0,0,0,15.9349623,0,8.52939224,8.42641926,0,13.3309927,0,0,0,,,,50
38957844,0.5,1,0,0,0.0241758227,0,0,0,15.9304171,0,8.52035046,8.42641926,0,13.3309927,0,0,0,,,,50
38958970,0.5,1,0,0,0.0241758227,0,0,0,15.9349623,0,8.53843403,8.42641926,0,13.3238449,0,0,0,,,,50
38960096,0.5,1,0,0,0.0241758227,0,0,0,15.9349623,0,8.5565176,8.42641926,0,13.3238449,0,0,0,,,,50
38961222,0.5,1,0,0,0.0161172152,0,0,0,15.9304171,0,8.50226688,8.42641926,0,13.3309927,0,0,0,,,,50
38962348,0.5,1,0,0,0.0161172152,0,0,0,15.9349623,0,8.5565176,8.42641926,0,13.3381405,0,0,0,,,,50
38963475,0.5,1,0,0,0.0322344303,0,0,0,15.9395075,0,8.55350399,8.42641926,0,13.3309927,0,0,0,,,,50
38964606,0.5,1,0,0,0.0241758227,0,0,0,15.9349623,0,8.54747581,8.42641926,0,13.3309927,0,0,0,,,,50
38965741,0.5,1,0,0,0.0241758227,0,0,0,15.9395075,0,8.56555939,8.42641926,0,13.3381405,0,0,0,,,,50
38966867,0.5,1,0,0,0.0241758227,0,0,0,15.9349623,0,8.54144764,8.42219639,0,13.3238449,0,0,0,,,,50
38967993,0.5,1,0,0,0.0161172152,0,0,0,15.9349623,0,8.51733685,8.42641926,0,13.3309927,0,0,0,,,,50
38969119,0.5,1,0,0,0.0241758227,0,0,0,15.9349623,0,8.5565176,8.42641926,0,13.3238449,0,0,0,,,,50
38970245,0.5,1,0,0,0.0241758227,0,0,0,15.9349623,0,8.55048943,8.42641926,0,13.3309927,0,0,0,,,,50
38971372,0.5,1,0,0,0.0161172152,0,0,0,15.9349623,0,8.57158756,8.42641926,0,13.3309927,0,0,0,,,,50
38972502,0.5,1,0,0,0.0161172152,0,0,0,15.9349623,0,8.568573,8.42641926,0,13.3309927,0,0,0,,,,50
38973629,0.5,1,0,0,0.0241758227,0,0,0,15.9349623,0,8.50226688,8.42641926,0,13.3309927,0,0,0,,,,50
38974755,0.5,1,0,0,0.0161172152,0,0,0,15.9349623,0,8.58062935,8.42641926,0,13.3309927,0,0,0,,,,50
38975881,0.5,1,0,0,0.0161172152,0,0,0,15.9349623,0,8.58062935,8.42641926,0,13.3309927,0,0,0,,,,50
38977007,0.5,1,0,0,0.0241758227,0,0,0,15.9304171,0,8.56254578,8.42430782,0,13.3309927,0,0,0,,,,50
38978338,0.5,1,0,0,0.0241758227,0,0,0,15.9349623,0,8.5444622,8.42641926,0,13.3309927,0,0,0,,,,50
38979464,0.5,1,0,0,0.0161172152,0,0,0,15.9349623,0,8.55048943,8.42641926,0,13.3238449,0,0,0,,,,50
38980595,0.5,1,0,0,0.0161172152,0,0,0,15.9349623,0,8.53843403,8.42430782,0,13.3309927,0,0,0,,,,50
38981721,0.5,1,0,0,0.0241758227,0,0,0,15.9349623,0,8.50528145,8.42641926,0,13.3309927,0,0,0,,,,50
38982847,0.5,1,0,0,0.0241758227,0,0,0,15.9349623,0,8.56254578,8.42641926,0,13.3309927,0,0,0,,,,50
38983973,0.5,1,0,0,0.0161172152,0,0,0,15.9349623,0,8.53843403,8.42430782,0,13.3309927,0,0,0,,,,50
38985099,0.5,1,0,0,0.0241758227,0,0,0,15.9349623,0,8.53843403,8.42641926,0,13.3309927,0,0,0,,,,50
38986234,0.5,1,0,0,0.0161172152,0,0,0,15.9395075,0,8.55953121,8.42641926,0,13.3309927,0,0,0,,,,50
38987360,0.5,1,0,0,0.0161172152,0,0,0,15.9349623,0,8.54747581,8.42641926,0,13.3309927,0,0,0,,,,50
38988491,0.5,1,0,0,0.0161172152,0,0,0,15.9349623,0,8.5565176,8.42641926,0,13.3238449,0,0,0,,,,50
38989617,0.5,1,0,0,0.0241758227,0,0,0,15.9349623,0,8.52336502,8.42219639,0,13.3309927,0,0,0,,,,50
38990743,0.5,1,0,0,0.0161172152,0,0,0,15.9349623,0,8.5444622,8.42641926,0,13.3309927,0,0,0,,,,50
38991869,0.5,1,0,0,0.0241758227,0,0,0,15.9304171,0,8.53843403,8.42641926,0,13.3238449,0,0,0,,,,50
38992995,0.5,1,0,0,0.0161172152,0,0,0,15.9349623,0,8.5565176,8.42641926,0,13.3309927,0,0,0,,,,50
38994121,0.5,1,0,0,0.0161172152,0,0,0,15.9349623,0,8.52939224,8.42641926,0,13.3309927,0,0,0,,,,50
38995252,0.5,1,0,0,0.00805860758,0,0,0,15.9349623,0,8.55048943,8.42219639,0,13.3309927,0,0,0,,,,50
38996378,0.5,1,0,0,0.0161172152,0,0,0,15.9304171,0,8.58665657,8.42641926,0,13.3309927,0,0,0,,,,50
38997504,0.5,1,0,0,0.0161172152,0,0,0,15.9349623,0,8.53542042,8.42641926,0,13.3309927,0,0,0,,,,50
38998834,0.5,1,0,0,0.0241758227,0,0,0,15.9349623,0,8.57158756,8.42430782,0,13.3309927,0,0,0,,,,50
38999960,0.5,1,0,0,0.0241758227,0,0,0,15.9349623,0,8.54144764,8.42641926,0,13.3309927,0,0,0,,,,50
39001086,0.5,1,0,0,0.0241758227,0,0,0,15.9349623,0,8.50226688,8.42641926,0,13.3309927,0,0,0,,,,50
39002212,0.5,1,0,0,0.0241758227,0,0,0,15.9304171,0,8.55048943,8.42430782,0,13.3309927,0,0,0,,,,50
39003343,0.5,1,0,0,0.0241758227,0,0,0,15.9349623,0,8.5444622,8.42641926,0,13.3309927,0,0,0,,,,50
39004469,0.5,1,0,0,0.0161172152,0,0,0,15.9349623,0,8.5565176,8.42219639,0,13.3381405,0,0,0,,,,50
39005605,0.5,1,0,0,0.0161172152,0,0,0,15.9349623,0,8.52035046,8.42641926,0,13.3309927,0,0,0,,,,50
39006731,0.5,1,0,0,0.00805860758,0,0,0,15.9349623,0,8.51130867,8.42641926,0,13.3309927,0,0,0,,,,50
39007857,0.5,1,0,0,0.0241758227,0,0,0,15.9349623,0,8.54144764,8.42641926,0,13.3309927,0,0,0,,,,50
39008983,0.5,1,0,0,0.0322344303,0,0,0,15.9349623,0,8.55953121,8.42641926,0,13.3309927,0,0,0,,,,50
39010109,0.5,1,0,0,0.0161172152,0,0,0,15.9349623,0,8.54144764,8.42641926,0,13.3238449,0,0,0,,,,50
39011240,0.5,1,0,0,0.0161172152,0,0,0,15.9304171,0,8.56555939,8.42641926,0,13.3309927,0,0,0,,,,50
39012366,0.5,1,0,0,0.0241758227,0,0,0,15.9349623,0,8.54747581,8.42853069,0,13.3309927,0,0,0,,,,50
39013492,0.5,1,0,0,0.00805860758,0,0,0,15.9349623,0,8.55350399,8.42853069,0,13.3309927,0,0,0,,,,50
39014618,0.5,1,0,0,0.0241758227,0,0,0,15.9349623,0,8.55048943,8.42641926,0,13.3238449,0,0,0,,,,50
39015744,0.5,1,0,0,0.0241758227,0,0,0,15.9349623,0,8.52637863,8.42641926,0,13.3309927,0,0,0,,,,50
39016870,0.5,1,0,0,0.0241758227,0,0,0,15.9349623,0,8.57460117,8.42853069,0,13.3309927,0,0,0,,,,50
39017996,0.5,1,0,0,0.0161172152,0,0,0,15.9349623,0,8.57460117,8.42641926,0,13.3309927,0,0,0,,,,50
39019127,0.5,1,0,0,0.0161172152,0,0,0,15.9349623,0,8.52637863,8.42641926,0,13.3309927,0,0,0,,,,50
39020457,0.5,1,0,0,0.0241758227,0,0,0,15.9349623,0,8.53240585,8.42641926,0,13.3309927,0,0,0,,,,50
39021583,0.5,1,0,0,0.0161172152,0,0,0,15.9349623,0,8.55350399,8.42008495,0,13.3309927,0,0,0,,,,50
39022709,0.5,1,0,0,0.0161172152,0,0,0,15.9304171,0,8.56254578,8.42641926,0,13.3309927,0,0,0,,,,50
39023835,0.5,1,0,0,0.0161172152,0,0,0,15.9349623,0,8.5565176,8.42641926,0,13.3309927,0,0,0,,,,50
39024961,0.5,1,0,0,0.0322344303,0,0,0,15.9349623,0,8.53542042,8.42641926,0,13.3238449,0,0,0,,,,50
39026101,0.5,1,0,0,0.0241758227,0,0,0,15.9349623,0,8.53542042,8.42641926,0,13.3309927,0,0,0,,,,50
39027227,0.5,1,0,0,0.0241758227,0,0,0,15.9304171,0,8.58967113,8.42008495,0,13.3309927,0,0,0,,,,50
39028353,0.5,1,0,0,0.0161172152,0,0,0,15.9349623,0,8.56254578,8.42641926,0,13.3238449,0,0,0,,,,50
39029479,0.5,1,0,0,0.0241758227,0,0,0,15.9349623,0,8.54144764,8.42641926,0,13.3309927,0,0,0,,,,50
39030605,0.5,1,0,0,0.0161172152,0,0,0,15.9349623,0,8.5565176,8.42641926,0,13.3309927,0,0,0,,,,50
39031731,0.5,1,0,0,0.0241758227,0,0,0,15.9349623,0,8.57761478,8.42641926,0,13.3309927,0,0,0,,,,50
39032857,0.5,1,0,0,0.0241758227,0,0,0,15.9349623,0,8.55953121,8.42008495,0,13.3238449,0,0,0,,,,50
39033988,0.5,1,0,0,0.0161172152,0,0,0,15.9349623,0,8.55048943,8.42641926,0,13.3381405,0,0,0,,,,50
39035114,0.5,1,0,0,0.0241758227,0,0,0,15.9349623,0,8.5565176,8.42853069,0,13.3238449,0,0,0,,,,50
39036240,0.5,1,0,0,0.0161172152,0,0,0,15.9304171,0,8.58062935,8.42641926,0,13.3309927,0,0,0,,,,50
39037366,0.5,1,0,0,0.0161172152,0,0,0,15.9349623,0,8.54144764,8.42641926,0,13.3309927,0,0,0,,,,50
39038492,0.5,1,0,0,0.0241758227,0,0,0,15.9349623,0,8.5565176,8.42641926,0,13.3309927,0,0,0,,,,50
39039618,0.5,1,0,0,0.0161172152,0,0,0,15.9349623,0,8.51432323,8.42430782,0,13.3309927,0,0,0,,,,50
39040949,0.5,1,0,0,0.0161172152,0,0,0,15.9349623,0,8.55048943,8.42430782,0,13.3238449,0,0,0,,,,50
39042079,0.5,1,0,0,0.0241758227,0,0,0,15.9349623,0,8.57761478,8.42641926,0,13.3095493,0,0,0,,,,50
39043205,0.5,1,0,0,0.0161172152,0,0,0,15.9349623,0,8.55953121,8.42641926,0,13.3309927,0,0,0,,,,50
39044331,0.5,1,0,0,0.0161172152,0,0,0,15.9349623,0,8.5565176,8.42008495,0,13.3309927,0,0,0,,,,50
39045457,0.5,1,0,0,0.0161172152,0,0,0,15.9349623,0,8.53843403,8.42641926,0,13.3381405,0,0,0,,,,50
39046592,0.5,1,0,0,0.0241758227,0,0,0,15.9349623,0,8.55048943,8.42641926,0,13.3309927,0,0,0,,,,50
39047718,0.5,1,0,0,0.0161172152,0,0,0,15.9349623,0,8.568573,8.42641926,0,13.3166971,0,0,0,,,,50
39048844,0.5,1,0,0,0.0241758227,0,0,0,15.9349623,0,8.55953121,8.42641926,0,13.3309927,0,0,0,,,,50
39049975,0.5,1,0,0,0.0161172152,0,0,0,15.9349623,0,8.49623966,8.42641926,0,13.3309927,0,0,0,,,,50
39051101,0.5,1,0,0,0.0161172152,0,0,0,15.9349623,0,8.55048943,8.42641926,0,13.3238449,0,0,0,,,,50
39052227,0.5,1,0,0,0.0161172152,0,0,0,15.9349623,0,8.52939224,8.42430782,0,13.3309927,0,0,0,,,,50
39053353,0.5,1,0,0,0.0241758227,0,0,0,15.9349623,0,8.55953121,8.42641926,0,13.3309927,0,0,0,,,,50
39054479,0.5,1,0,0,0.0161172152,0,0,0,15.9395075,0,8.53843403,8.42641926,0,13.3309927,0,0,0,,,,50
39055605,0.5,1,0,0,0.0161172152,0,0,0,15.9349623,0,8.568573,8.42641926,0,13.3309927,0,0,0,,,,50
39056736,0.5,1,0,0,0.0161172152,0,0,0,15.9304171,0,8.55048943,8.42641926,0,13.3238449,0,0,0,,,,50
39057862,0.5,1,0,0,0.0161172152,0,0,0,15.9349623,0,8.55350399,8.42008495,0,13.3309927,0,0,0,,,,50
39058988,0.5,1,0,0,0.00805860758,0,0,0,15.9349623,0,8.56555939,8.42641926,0,13.3309927,0,0,0,,,,50
39060114,0.5,1,0,0,0.0161172152,0,0,0,15.9349623,0,8.54747581,8.42641926,0,13.3309927,0,0,0,,,,50
39061240,0.5,1,0,0,0.0241758227,0,0,0,15.9304171,0,8.56254578,8.42641926,0,13.3309927,0,0,0,,,,50
39062570,0.5,1,0,0,0.0161172152,0,0,0,15.9349623,0,8.53240585,8.42641926,0,13.3309927,0,0,0,,,,50
39063696,0.5,1,0,0,0.0161172152,0,0,0,15.9349623,0,8.5565176,8.42641926,0,13.3238449,0,0,0,,,,50
39064827,0.5,1,0,0,0.00805860758,0,0,0,15.9349623,0,8.53240585,8.42641926,0,13.3309927,0,0,0,,,,50
39065962,0.5,1,0,0,0.0241758227,0,0,0,15.9349623,0,8.568573,8.42641926,0,13.3309927,0,0,0,,,,50
39067089,0.5,1,0,0,0.0241758227,0,0,0,15.9349623,0,8.52939224,8.42641926,0,13.3309927,0,0,0,,,,50
39068215,0.5,1,0,0,0.0241758227,0,0,0,15.9349623,0,8.54747581,8.42641926,0,13.3309927,0,0,0,,,,50
39069341,0.5,1,0,0,0.0322344303,0,0,0,15.9349623,0,8.54144764,8.42641926,0,13.3309927,0,0,0,,,,50
39070468,0.5,1,0,0,0.0161172152,0,0,0,15.9349623,0,8.53843403,8.42641926,0,13.3309927,0,0,0,,,,50
39071594,0.5,1,0,0,0.0161172152,0,0,0,15.9349623,0,8.56254578,8.42641926,0,13.3309927,0,0,0,,,,50
39072725,0.5,1,0,0,0.0241758227,0,0,0,15.9349623,0,8.55350399,8.42641926,0,13.3238449,0,0,0,,,,50
39073851,0.5,1,0,0,0.0241758227,0,0,0,15.9349623,0,8.59268475,8.42641926,0,13.3381405,0,0,0,,,,50
39074977,0.5,1,0,0,0.00805860758,0,0,0,15.9349623,0,8.55953121,8.42219639,0,13.3309927,0,0,0,,,,50
39076103,0.5,1,0,0,0.0161172152,0,0,0,15.9349623,0,8.54144764,8.42641926,0,13.3309927,0,0,0,,,,50
39077229,0.5,1,0,0,0.0161172152,0,0,0,15.9349623,0,8.56254578,8.42641926,0,13.3309927,0,0,0,,,,50
39078355,0.5,1,0,0,0.0161172152,0,0,0,15.9349623,0,8.5565176,8.42641926,0,13.3238449,0,0,0,,,,50
39079485,0.5,1,0,0,0.0241758227,0,0,0,15.9349623,0,8.5565176,8.42641926,0,13.3309927,0,0,0,,,,50
39080611,0.5,1,0,0,0.0161172152,0,0,0,15.9349623,0,8.58967113,8.42641926,0,13.3309927,0,0,0,,,,50
39081737,0.5,1,0,0,0.0241758227,0,0,0,15.9349623,0,8.5565176,8.42641926,0,13.3309927,0,0,0,,,,50
39083067,0.5,1,0,0,0.0241758227,0,0,0,15.9349623,0,8.5565176,8.42853069,0,13.3095493,0,0,0,,,,50
39084193,0.5,1,0,0,0.0161172152,0,0,0,15.9349623,0,8.57761478,8.42641926,0,13.3309927,0,0,0,,,,50
39085319,0.5,1,0,0,0.0241758227,0,0,0,15.9304171,0,8.53240585,8.42641926,0,13.3238449,0,0,0,,,,50
39086454,0.5,1,0,0,0.0241758227,0,0,0,15.9349623,0,8.58665657,8.42641926,0,13.3309927,0,0,0,,,,50
39087585,0.5,1,0,0,0.0161172152,0,0,0,15.9349623,0,8.568573,8.42641926,0,13.3309927,0,0,0,,,,50
39088711,0.5,1,0,0,0.0161172152,0,0,0,15.9349623,0,8.55953121,8.42641926,0,13.3309927,0,0,0,,,,50
39089837,0.5,1,0,0,0.0161172152,0,0,0,15.9349623,0,8.53843403,8.42641926,0,13.3309927,0,0,0,,,,50
39090964,0.5,1,0,0,0.0241758227,0,0,0,15.9349623,0,8.54144764,8.42641926,0,13.3309927,0,0,0,,,,50
39092090,0.5,1,0,0,0.0161172152,0,0,0,15.9349623,0,8.52637863,8.41797352,0,13.3309927,0,0,0,,,,50
39093216,0.5,1,0,0,0.0161172152,0,0,0,15.9395075,0,8.58364296,8.42853069,0,13.3309927,0,0,0,,,,50
39094342,0.5,1,0,0,0.0241758227,0,0,0,15.9304171,0,8.58665657,8.42641926,0,13.3309927,0,0,0,,,,50
39095472,0.5,1,0,0,0.0161172152,0,0,0,15.9304171,0,8.5565176,8.42430782,0,13.3238449,0,0,0,,,,50
39096598,0.5,1,0,0,0.0241758227,0,0,0,15.9349623,0,8.58665657,8.42641926,0,13.3309927,0,0,0,,,,50
39097725,0.5,1,0,0,0.0161172152,0,0,0,15.9349623,0,8.54144764,8.42641926,0,13.3309927,0,0,0,,,,50
39098851,0.5,1,0,0,0.0241758227,0,0,0,15.9349623,0,8.56555939,8.42641926,0,13.3309927,0,0,0,,,,50
39099977,0.5,1,0,0,0.0241758227,0,0,0,15.9349623,0,8.55350399,8.42641926,0,13.3309927,0,0,0,,,,50
39101103,0.5,1,0,0,0.0161172152,0,0,0,15.9349623,0,8.54747581,8.42641926,0,13.3309927,0,0,0,,,,50
39102229,0.5,1,0,0,0.0322344303,0,0,0,15.9304171,0,8.56254578,8.42641926,0,13.3309927,0,0,0,,,,50
39103360,0.5,1,0,0,0.0161172152,0,0,0,15.9349623,0,8.56254578,8.42641926,0,13.3309927,0,0,0,,,,50
39104690,0.5,1,0,0,0.0161172152,0,0,0,15.9349623,0,8.51432323,8.42641926,0,13.3309927,0,0,0,,,,50
39105825,0.5,1,0,0,0.0161172152,0,0,0,15.9304171,0,8.5444622,8.42641926,0,13.3309927,0,0,0,,,,50
39106951,0.5,1,0,0,0.0241758227,0,0,0,15.9349623,0,8.53843403,8.42641926,0,13.3309927,0,0,0,,,,50
39108077,0.5,1,0,0,0.0241758227,0,0,0,15.9349623,0,8.56555939,8.42641926,0,13.3166971,0,0,0,,,,50
39109203,0.5,1,0,0,0.0161172152,0,0,0,15.9304171,0,8.56555939,8.41797352,0,13.3309927,0,0,0,,,,50
39110334,0.5,1,0,0,0.0161172152,0,0,0,15.9349623,0,8.568573,8.42641926,0,13.3238449,0,0,0,,,,50
39111460,0.5,1,0,0,0.0161172152,0,0,0,15.9304171,0,8.55953121,8.42641926,0,13.3309927,0,0,0,,,,50
39112586,0.5,1,0,0,0.0161172152,0,0,0,15.9304171,0,8.57158756,8.42641926,0,13.3309927,0,0,0,,,,50
39113712,0.5,1,0,0,0.0241758227,0,0,0,15.9349623,0,8.51130867,8.42641926,0,13.3309927,0,0,0,,,,50
39114838,0.5,1,0,0,0.0161172152,0,0,0,15.9349623,0,8.54747581,8.42219639,0,13.3309927,0,0,0,,,,50
39115964,0.5,1,0,0,0.00805860758,0,0,0,15.9349623,0,8.53843403,8.42853069,0,13.3309927,0,0,0,,,,50
39117090,0.5,1,0,0,0.0241758227,0,0,0,15.9349623,0,8.53542042,8.42219639,0,13.3309927,0,0,0,,,,50
39118221,0.5,1,0,0,0.00805860758,0,0,0,15.9349623,0,8.55953121,8.42641926,0,13.3238449,0,0,0,,,,50
39119347,0.5,1,0,0,0.0241758227,0,0,0,15.9349623,0,8.55350399,8.42641926,0,13.3309927,0,0,0,,,,50
39120473,0.5,1,0,0,0.0161172152,0,0,0,15.9304171,0,8.5565176,8.42641926,0,13.3309927,0,0,0,,,,50
39121600,0.5,1,0,0,0.0161172152,0,0,0,15.9349623,0,8.55048943,8.42430782,0,13.3309927,0,0,0,,,,50
39122725,0.5,1,0,0,0.0161172152,0,0,0,15.9349623,0,8.53240585,8.42641926,0,13.3309927,0,0,0,,,,50
39123852,0.5,1,0,0,0.0161172152,0,0,0,15.9349623,0,8.55048943,8.42853069,0,13.3309927,0,0,0,,,,50
39125182,0.5,1,0,0,0.0161172152,0,0,0,15.9349623,0,8.57158756,8.42641926,0,13.3309927,0,0,0,,,,50
39126322,0.5,1,0,0,0.0161172152,0,0,0,15.9304171,0,8.55350399,8.42641926,0,13.3309927,0,0,0,,,,50
39127448,0.5,1,0,0,0.0161172152,0,0,0,15.9349623,0,8.55350399,8.42641926,0,13.3309927,0,0,0,,,,50
39128574,0.5,1,0,0,0.0241758227,0,0,0,15.9349623,0,8.568573,8.42641926,0,13.3309927,0,0,0,,,,50
39129700,0.5,1,0,0,0.0241758227,0,0,0,15.9349623,0,8.57158756,8.42641926,0,13.3309927,0,0,0,,,,50
39130826,0.5,1,0,0,0.0161172152,0,0,0,15.9349623,0,8.54144764,8.42430782,0,13.3309927,0,0,0,,,,50
39131952,0.5,1,0,0,0.0241758227,0,0,0,15.9349623,0,8.58665657,8.42641926,0,13.3309927,0,0,0,,,,50
39133078,0.5,1,0,0,0.0161172152,0,0,0,15.9349623,0,8.55350399,8.42641926,0,13.3095493,0,0,0,,,,50
39134208,0.5,1,0,0,0.0241758227,0,0,0,15.9395075,0,8.54747581,8.42853069,0,13.3309927,0,0,0,,,,50
39135334,0.5,1,0,0,0.0161172152,0,0,0,15.9349623,0,8.52939224,8.42641926,0,13.3309927,0,0,0,,,,50
39136461,0.5,1,0,0,0.0161172152,0,0,0,15.9349623,0,8.55048943,8.42641926,0,13.3309927,0,0,0,,,,50
39137587,0.5,1,0,0,0.0161172152,0,0,0,15.9349623,0,8.568573,8.42641926,0,13.3309927,0,0,0,,,,50
39138713,0.5,1,0,0,0.0161172152,0,0,0,15.9349623,0,8.55350399,8.42641926,0,13.3309927,0,0,0,,,,50
39139839,0.5,1,0,0,0.0241758227,0,0,0,15.9349623,0,8.568573,8.42641926,0,13.3309927,0,0,0,,,,50
39140970,0.5,1,0,0,0.0161172152,0,0,0,15.9349623,0,8.53542042,8.42641926,0,13.3309927,0,0,0,,,,50
39142096,0.5,1,0,0,0.0322344303,0,0,0,15.9304171,0,8.56254578,8.42853069,0,13.3309927,0,0,0,,,,50
39143222,0.5,1,0,0,0.0322344303,0,0,0,15.9349623,0,8.57460117,8.42641926,0,13.3309927,0,0,0,,,,50
39144348,0.5,1,0,0,0.0241758227,0,0,0,15.9349623,0,8.54144764,8.42641926,0,13.3309927,0,0,0,,,,50
39145474,0.5,1,0,0,0.0322344303,0,0,0,15.9395075,0,8.5565176,8.42641926,0,13.3309927,0,0,0,,,,50
39146813,0.5,1,0,0,0.0161172152,0,0,0,15.9349623,0,8.55048943,8.42641926,0,13.3309927,0,0,0,,,,50
39147939,0.5,1,0,0,0.0161172152,0,0,0,15.9349623,0,8.55953121,8.42641926,0,13.3309927,0,0,0,,,,50
39149070,0.5,1,0,0,0.0161172152,0,0,0,15.9349623,0,8.568573,8.42641926,0,13.3095493,0,0,0,,,,50
39150196,0.5,1,0,0,0.0161172152,0,0,0,15.9349623,0,8.56555939,8.42641926,0,13.3309927,0,0,0,,,,50
39151322,0.5,1,0,0,0.0241758227,0,0,0,15.9349623,0,8.51733685,8.42641926,0,13.3309927,0,0,0,,,,50
39152448,0.5,1,0,0,0.0161172152,0,0,0,15.9349623,0,8.55048943,8.42641926,0,13.3238449,0,0,0,,,,50
39153574,0.5,1,0,0,0.0161172152,0,0,0,15.9349623,0,8.55048943,8.42641926,0,13.3309927,0,0,0,,,,50
39154700,0.5,1,0,0,0.0161172152,0,0,0,15.9349623,0,8.57158756,8.42641926,0,13.3309927,0,0,0,,,,50
39155826,0.5,1,0,0,0.0241758227,0,0,0,15.9349623,0,8.53843403,8.42641926,0,13.3238449,0,0,0,,,,50
39156957,0.5,1,0,0,0.0241758227,0,0,0,15.9349623,0,8.54747581,8.42430782,0,13.3238449,0,0,0,,,,50
39158083,0.5,1,0,0,0.0241758227,0,0,0,15.9349623,0,8.50528145,8.42641926,0,13.3309927,0,0,0,,,,50
39159209,0.5,1,0,0,0.0241758227,0,0,0,15.9304171,0,8.53240585,8.42641926,0,13.3309927,0,0,0,,,,50
39160335,0.5,1,0,0,0.0161172152,0,0,0,15.9349623,0,8.568573,8.42641926,0,13.3309927,0,0,0,,,,50
39161461,0.5,1,0,0,0.0241758227,0,0,0,15.9395075,0,8.54144764,8.42641926,0,13.3309927,0,0,0,,,,50
39162587,0.5,1,0,0,0.0161172152,0,0,0,15.9349623,0,8.53843403,8.42641926,0,13.3309927,0,0,0,,,,50
39163713,0.5,1,0,0,0.0161172152,0,0,0,15.9349623,0,8.54747581,8.42641926,0,13.3381405,0,0,0,,,,50
39164844,0.5,1,0,0,0.0241758227,0,0,0,15.9349623,0,8.53542042,8.42641926,0,13.3309927,0,0,0,,,,50
39165979,0.5,1,0,0,0.0161172152,0,0,0,15.9349623,0,8.58062935,8.42641926,0,13.3309927,0,0,0,,,,50
39167309,0.5,1,0,0,0.0161172152,0,0,0,15.9349623,0,8.55048943,8.42641926,0,13.3309927,0,0,0,,,,50
39168435,0.5,1,0,0,0.0161172152,0,0,0,15.9349623,0,8.56254578,8.42430782,0,13.3309927,0,0,0,,,,50
39169561,0.5,1,0,0,0.0241758227,0,0,0,15.9349623,0,8.5565176,8.42641926,0,13.3309927,0,0,0,,,,50
39170687,0.5,1,0,0,0.0241758227,0,0,0,15.9349623,0,8.52939224,8.42641926,0,13.3309927,0,0,0,,,,50
39171818,0.5,1,0,0,0.0161172152,0,0,0,15.9349623,0,8.53542042,8.42641926,0,13.3238449,0,0,0,,,,50
39172944,0.5,1,0,0,0.0161172152,0,0,0,15.9395075,0,8.52637863,8.42641926,0,13.3309927,0,0,0,,,,50
39174070,0.5,1,0,0,0.0161172152,0,0,0,15.9349623,0,8.5444622,8.42641926,0,13.3095493,0,0,0,,,,50
39175196,0.5,1,0,0,0.0161172152,0,0,0,15.9349623,0,8.55350399,8.42853069,0,13.3238449,0,0,0,,,,50
39176322,0.5,1,0,0,0.0161172152,0,0,0,15.9349623,0,8.5565176,8.42641926,0,13.3309927,0,0,0,,,,50
39177448,0.5,1,0,0,0.0161172152,0,0,0,15.9349623,0,8.55350399,8.42641926,0,13.3309927,0,0,0,,,,50
39178574,0.5,1,0,0,0.0161172152,0,0,0,15.9349623,0,8.56555939,8.42641926,0,13.3309927,0,0,0,,,,50
39179705,0.5,1,0,0,0.0161172152,0,0,0,15.9349623,0,8.58062935,8.42430782,0,13.3309927,0,0,0,,,,50
39180831,0.5,1,0,0,0.0241758227,0,0,0,15.9349623,0,8.58364296,8.42641926,0,13.3309927,0,0,0,,,,50
39181957,0.5,1,0,0,0.0161172152,0,0,0,15.9349623,0,8.59569836,8.42641926,0,13.3309927,0,0,0,,,,50
39183083,0.5,1,0,0,0.0161172152,0,0,0,15.9349623,0,8.55048943,8.42853069,0,13.3309927,0,0,0,,,,50
39184209,0.5,1,0,0,0.0322344303,0,0,0,15.9395075,0,8.55350399,8.42641926,0,13.3309927,0,0,0,,,,50
39185335,0.5,1,0,0,0.0241758227,0,0,0,15.9349623,0,8.56254578,8.42641926,0,13.3309927,0,0,0,,,,50
39186470,0.5,1,0,0,0.0241758227,0,0,0,15.9349623,0,8.50226688,8.42641926,0,13.3309927,0,0,0,,,,50
39187805,0.5,1,0,0,0.0241758227,0,0,0,15.9349623,0,8.568573,8.42641926,0,13.3238449,0,0,0,,,,50
39188931,0.5,1,0,0,0.0241758227,0,0,0,15.9349623,0,8.55953121,8.42219639,0,13.3309927,0,0,0,,,,50
39190057,0.5,1,0,0,0.0161172152,0,0,0,15.9304171,0,8.54747581,8.42641926,0,13.3166971,0,0,0,,,,50
39191183,0.5,1,0,0,0.0161172152,0,0,0,15.9304171,0,8.54747581,8.42430782,0,13.3309927,0,0,0,,,,50
39192309,0.5,1,0,0,0.0241758227,0,0,0,15.9349623,0,8.56555939,8.42641926,0,13.3238449,0,0,0,,,,50
39193435,0.5,1,0,0,0.0161172152,0,0,0,15.9349623,0,8.55953121,8.42430782,0,13.3238449,0,0,0,,,,50
39194561,0.5,1,0,0,0.0241758227,0,0,0,15.9349623,0,8.56254578,8.42853069,0,13.3309927,0,0,0,,,,50
39195692,0.5,1,0,0,0.0161172152,0,0,0,15.9349623,0,8.55048943,8.42853069,0,13.3238449,0,0,0,,,,50
39196818,0.5,1,0,0,0.0161172152,0,0,0,15.9349623,0,8.55048943,8.42641926,0,13.3309927,0,0,0,,,,50
39197944,0.5,1,0,0,0.0241758227,0,0,0,15.9349623,0,8.56555939,8.42641926,0,13.3309927,0,0,0,,,,50
39199070,0.5,1,0,0,0.0161172152,0,0,0,15.9349623,0,8.53542042,8.42641926,0,13.3095493,0,0,0,,,,50
39200196,0.5,1,0,0,0.0161172152,0,0,0,15.9304171,0,8.53542042,8.42430782,0,13.3309927,0,0,0,,,,50
39201322,0.5,1,0,0,0.0161172152,0,0,0,15.9304171,0,8.52637863,8.42641926,0,13.3309927,0,0,0,,,,50
39202453,0.5,1,0,0,0.0161172152,0,0,0,15.9349623,0,8.54144764,8.42641926,0,13.3309927,0,0,0,,,,50
39203579,0.5,1,0,0,0.0161172152,0,0,0,15.9349623,0,8.52939224,8.42641926,0,13.3309927,0,0,0,,,,50
39204705,0.5,1,0,0,0.0161172152,0,0,0,15.9349623,0,8.57761478,8.42641926,0,13.3381405,0,0,0,,,,50
39205840,0.5,1,0,0,0.0161172152,0,0,0,15.9349623,0,8.54747581,8.42641926,0,13.3309927,0,0,0,,,,50
39206966,0.5,1,0,0,0.0241758227,0,0,0,15.9349623,0,8.53843403,8.42641926,0,13.3309927,0,0,0,,,,50
39208092,0.5,1,0,0,0.0241758227,0,0,0,15.9349623,0,8.56254578,8.42430782,0,13.3309927,0,0,0,,,,50
39209422,0.5,1,0,0,0.0161172152,0,0,0,15.9349623,0,8.55048943,8.41797352,0,13.3309927,0,0,0,,,,50
39210553,0.5,1,0,0,0.0241758227,0,0,0,15.9395075,0,8.51130867,8.42853069,0,13.3309927,0,0,0,,,,50
39211679,0.5,1,0,0,0.0161172152,0,0,0,15.9349623,0,8.55350399,8.42641926,0,13.3238449,0,0,0,,,,50
39212805,0.5,1,0,0,0.0161172152,0,0,0,15.9349623,0,8.56254578,8.42641926,0,13.3309927,0,0,0,,,,50
39213931,0.5,1,0,0,0.0161172152,0,0,0,15.9349623,0,8.57761478,8.42641926,0,13.3309927,0,0,0,,,,50
39215057,0.5,1,0,0,0.0241758227,0,0,0,15.9349623,0,8.57460117,8.42641926,0,13.3166971,0,0,0,,,,50
39216183,0.5,1,0,0,0.0241758227,0,0,0,15.9304171,0,8.51733685,8.42641926,0,13.3309927,0,0,0,,,,50
39217309,0.5,1,0,0,0.0161172152,0,0,0,15.9349623,0,8.59268475,8.42641926,0,13.3309927,0,0,0,,,,50
39218440,0.5,1,0,0,0.0161172152,0,0,0,15.9349623,0,8.57158756,8.42641926,0,13.3309927,0,0,0,,,,50
39219566,0.5,1,0,0,0.0161172152,0,0,0,15.9349623,0,8.53542042,8.42641926,0,13.3309927,0,0,0,,,,50
39220692,0.5,1,0,0,0.0161172152,0,0,0,15.9349623,0,8.5444622,8.42641926,0,13.3309927,0,0,0,,,,50
39221818,0.5,1,0,0,0.0161172152,0,0,0,15.9349623,0,8.54747581,8.42641926,0,13.3309927,0,0,0,,,,50
39222944,0.5,1,0,0,0.0241758227,0,0,0,15.9349623,0,8.53843403,8.42641926,0,13.3309927,0,0,0,,,,50
39224070,0.5,1,0,0,0.0161172152,0,0,0,15.9349623,0,8.53542042,8.42641926,0,13.3166971,0,0,0,,,,50
39225201,0.5,1,0,0,0.0241758227,0,0,0,15.9349623,0,8.55350399,8.42641926,0,13.3309927,0,0,0,,,,50
39226336,0.5,1,0,0,0.00805860758,0,0,0,15.9349623,0,8.568573,8.42641926,0,13.3309927,0,0,0,,,,50
39227462,0.5,1,0,0,0.0241758227,0,0,0,15.9349623,0,8.5444622,8.42641926,0,13.3309927,0,0,0,,,,50
39228588,0.5,1,0,0,0.0161172152,0,0,0,15.9349623,0,8.55350399,8.42008495,0,13.3309927,0,0,0,,,,50
39229918,0.5,1,0,0,0.0161172152,0,0,0,15.9304171,0,8.52939224,8.42641926,0,13.3238449,0,0,0,,,,50
39231045,0.5,1,0,0,0.0161172152,0,0,0,15.9349623,0,8.55048943,8.42641926,0,13.3095493,0,0,0,,,,50
39232170,0.5,1,0,0,0.0161172152,0,0,0,15.9395075,0,8.53240585,8.42008495,0,13.3309927,0,0,0,,,,50
39233301,0.5,1,0,0,0.0161172152,0,0,0,15.9349623,0,8.53542042,8.42641926,0,13.3309927,0,0,0,,,,50
39234427,0.5,1,0,0,0.0161172152,0,0,0,15.9349623,0,8.56254578,8.42853069,0,13.3309927,0,0,0,,,,50
39235553,0.5,1,0,0,0.0161172152,0,0,0,15.9349623,0,8.56254578,8.42641926,0,13.3309927,0,0,0,,,,50
39236680,0.5,1,0,0,0.0161172152,0,0,0,15.9349623,0,8.57761478,8.42641926,0,13.3309927,0,0,0,,,,50
39237806,0.5,1,0,0,0.0241758227,0,0,0,15.9349623,0,8.54747581,8.42641926,0,13.3238449,0,0,0,,,,50
39238932,0.5,1,0,0,0.0241758227,0,0,0,15.9349623,0,8.57158756,8.42641926,0,13.3309927,0,0,0,,,,50
39240058,0.5,1,0,0,0.0161172152,0,0,0,15.9349623,0,8.56555939,8.42641926,0,13.3095493,0,0,0,,,,50
39241189,0.5,1,0,0,0.0161172152,0,0,0,15.9349623,0,8.5444622,8.42641926,0,13.3309927,0,0,0,,,,50
39242315,0.5,1,0,0,0.0241758227,0,0,0,15.9349623,0,8.56254578,8.42641926,0,13.3309927,0,0,0,,,,50
39243441,0.5,1,0,0,0.0161172152,0,0,0,15.9349623,0,8.57761478,8.42641926,0,13.3238449,0,0,0,,,,50
39244567,0.5,1,0,0,0.0241758227,0,0,0,15.9349623,0,8.568573,8.42853069,0,13.3309927,0,0,0,,,,50
39245702,0.5,1,0,0,0.0161172152,0,0,0,15.9349623,0,8.55048943,8.42219639,0,13.3309927,0,0,0,,,,50
39246828,0.5,1,0,0,0.0161172152,0,0,0,15.9349623,0,8.56555939,8.42430782,0,13.3309927,0,0,0,,,,50
39247954,0.5,1,0,0,0.0161172152,0,0,0,15.9349623,0,8.57158756,8.42641926,0,13.3309927,0,0,0,,,,50
39249084,0.5,1,0,0,0.0161172152,0,0,0,15.9349623,0,8.5565176,8.42641926,0,13.3309927,0,0,0,,,,50
39250210,0.5,1,0,0,0.0241758227,0,0,0,15.9304171,0,8.56555939,8.42641926,0,13.3309927,0,0,0,,,,50
39251540,0.5,1,0,0,0.0241758227,0,0,0,15.9349623,0,8.51432323,8.42641926,0,13.3309927,0,0,0,,,,50
39252666,0.5,1,0,0,0.0161172152,0,0,0,15.9304171,0,8.53542042,8.42641926,0,13.3238449,0,0,0,,,,50
39253792,0.5,1,0,0,0.0241758227,0,0,0,15.9349623,0,8.54747581,8.42641926,0,13.3309927,0,0,0,,,,50
39254918,0.5,1,0,0,0.0161172152,0,0,0,15.9349623,0,8.53542042,8.42641926,0,13.3309927,0,0,0,,,,50
39256049,0.5,1,0,0,0.0241758227,0,0,0,15.9349623,0,8.53542042,8.42641926,0,13.3166971,0,0,0,,,,50
39257175,0.5,1,0,0,0.0161172152,0,0,0,15.9304171,0,8.52035046,8.42430782,0,13.3309927,0,0,0,,,,50
39258301,0.5,1,0,0,0.0161172152,0,0,0,15.9349623,0,8.56555939,8.42641926,0,13.3309927,0,0,0,,,,50
39259427,0.5,1,0,0,0.0241758227,0,0,0,15.9304171,0,8.53843403,8.42641926,0,13.3309927,0,0,0,,,,50
39260553,0.5,1,0,0,0.0161172152,0,0,0,15.9349623,0,8.53240585,8.42641926,0,13.3309927,0,0,0,,,,50
39261679,0.5,1,0,0,0.0161172152,0,0,0,15.9349623,0,8.53843403,8.42641926,0,13.3309927,0,0,0,,,,50
39262805,0.5,1,0,0,0.0241758227,0,0,0,15.9349623,0,8.5444622,8.42008495,0,13.3309927,0,0,0,,,,50
39263936,0.5,1,0,0,0.0161172152,0,0,0,15.9304171,0,8.58062935,8.42641926,0,13.3309927,0,0,0,,,,50
39265062,0.5,1,0,0,0.0241758227,0,0,0,15.9349623,0,8.58062935,8.42641926,0,13.3095493,0,0,0,,,,50
39266197,0.5,1,0,0,0.0241758227,0,0,0,15.9349623,0,8.5444622,8.42853069,0,13.3309927,0,0,0,,,,50
39267323,0.5,1,0,0,0.0161172152,0,0,0,15.9349623,0,8.55350399,8.42641926,0,13.3309927,0,0,0,,,,50
39268449,0.5,1,0,0,0.0161172152,0,0,0,15.9349623,0,8.56254578,8.41797352,0,13.3309927,0,0,0,,,,50
39269575,0.5,1,0,0,0.0322344303,0,0,0,15.9395075,0,8.58062935,8.42641926,0,13.3309927,0,0,0,,,,50
39270701,0.5,1,0,0,0.0161172152,0,0,0,15.9349623,0,8.52035046,8.42430782,0,13.3309927,0,0,0,,,,50
39272036,0.5,1,0,0,0.0241758227,0,0,0,15.9349623,0,8.57460117,8.42641926,0,13.3238449,0,0,0,,,,50
39273162,0.5,1,0,0,0.0161172152,0,0,0,15.9349623,0,8.52939224,8.42641926,0,13.3309927,0,0,0,,,,50
39274288,0.5,1,0,0,0.0241758227,0,0,0,15.9349623,0,8.5444622,8.42853069,0,13.3309927,0,0,0,,,,50
39275414,0.5,1,0,0,0.0161172152,0,0,0,15.9349623,0,8.53240585,8.42641926,0,13.3309927,0,0,0,,,,50
39276540,0.5,1,0,0,0.0161172152,0,0,0,15.9349623,0,8.55953121,8.42430782,0,13.3309927,0,0,0,,,,50
39277666,0.5,1,0,0,0.0241758227,0,0,0,15.9349623,0,8.56254578,8.42641926,0,13.3309927,0,0,0,,,,50
39278792,0.5,1,0,0,0.0241758227,0,0,0,15.9349623,0,8.55048943,8.42430782,0,13.3309927,0,0,0,,,,50
39279923,0.5,1,0,0,0.0161172152,0,0,0,15.9349623,0,8.56254578,8.42008495,0,13.3309927,0,0,0,,,,50
39281049,0.5,1,0,0,0.0161172152,0,0,0,15.9304171,0,8.55350399,8.42853069,0,13.3166971,0,0,0,,,,50
39282175,0.5,1,0,0,0.0241758227,0,0,0,15.9349623,0,8.52637863,8.42641926,0,13.3238449,0,0,0,,,,50
39283301,0.5,1,0,0,0.0161172152,0,0,0,15.9349623,0,8.53240585,8.42641926,0,13.3309927,0,0,0,,,,50
39284428,0.5,1,0,0,0.0241758227,0,0,0,15.9349623,0,8.568573,8.42641926,0,13.3309927,0,0,0,,,,50
39285554,0.5,1,0,0,0.0241758227,0,0,0,15.9349623,0,8.52939224,8.42641926,0,13.3309927,0,0,0,,,,50
39286694,0.5,1,0,0,0.0161172152,0,0,0,15.9304171,0,8.57460117,8.42641926,0,13.3309927,0,0,0,,,,50
39287820,0.5,1,0,0,0.0161172152,0,0,0,15.9349623,0,8.59268475,8.42641926,0,13.3309927,0,0,0,,,,50
39288946,0.5,1,0,0,0.0241758227,0,0,0,15.9349623,0,8.52939224,8.42641926,0,13.3309927,0,0,0,,,,50
39290072,0.5,1,0,0,0.0161172152,0,0,0,15.9349623,0,8.54144764,8.42641926,0,13.3166971,0,0,0,,,,50
39291198,0.5,1,0,0,0.0161172152,0,0,0,15.9304171,0,8.56254578,8.42430782,0,13.3238449,0,0,0,,,,50
39292324,0.5,1,0,0,0.0241758227,0,0,0,15.9349623,0,8.55048943,8.42641926,0,13.3309927,0,0,0,,,,50
39293654,0.5,1,0,0,0.0241758227,0,0,0,15.9349623,0,8.5565176,8.42641926,0,13.3309927,0,0,0,,,,50
39294784,0.5,1,0,0,0.0161172152,0,0,0,15.9349623,0,8.52939224,8.42430782,0,13.3309927,0,0,0,,,,50
39295910,0.5,1,0,0,0.0161172152,0,0,0,15.9349623,0,8.55048943,8.42641926,0,13.3238449,0,0,0,,,,50
39297036,0.5,1,0,0,0.0161172152,0,0,0,15.9349623,0,8.52939224,8.42641926,0,13.3166971,0,0,0,,,,50
39298163,0.5,1,0,0,0.00805860758,0,0,0,15.9349623,0,8.57158756,8.42641926,0,13.3309927,0,0,0,,,,50
39299289,0.5,1,0,0,0.0161172152,0,0,0,15.9349623,0,8.56555939,8.42641926,0,13.3309927,0,0,0,,,,50
39300415,0.5,1,0,0,0.0241758227,0,0,0,15.9395075,0,8.5565176,8.42853069,0,13.3309927,0,0,0,,,,50
39301541,0.5,1,0,0,0.0161172152,0,0,0,15.9349623,0,8.54144764,8.42641926,0,13.3309927,0,0,0,,,,50
39302671,0.5,1,0,0,0.0161172152,0,0,0,15.9349623,0,8.53843403,8.42219639,0,13.3309927,0,0,0,,,,50
39303797,0.5,1,0,0,0.0322344303,0,0,0,15.9349623,0,8.5565176,8.42641926,0,13.3238449,0,0,0,,,,50
39304923,0.5,1,0,0,0.0241758227,0,0,0,15.9349623,0,8.54747581,8.42641926,0,13.3238449,0,0,0,,,,50
39306059,0.5,1,0,0,0.0241758227,0,0,0,15.9349623,0,8.55048943,8.42641926,0,13.3095493,0,0,0,,,,50
39307185,0.5,1,0,0,0.0161172152,0,0,0,15.9349623,0,8.53843403,8.42641926,0,13.3238449,0,0,0,,,,50
39308311,0.5,1,0,0,0.0161172152,0,0,0,15.9304171,0,8.53843403,8.42641926,0,13.3309927,0,0,0,,,,50
39309438,0.5,1,0,0,0.0161172152,0,0,0,15.9349623,0,8.54747581,8.42853069,0,13.3309927,0,0,0,,,,50
39310568,0.5,1,0,0,0.0241758227,0,0,0,15.9395075,0,8.52637863,8.42641926,0,13.3309927,0,0,0,,,,50
39311694,0.5,1,0,0,0.0161172152,0,0,0,15.9304171,0,8.5444622,8.42641926,0,13.3309927,0,0,0,,,,50
39312821,0.5,1,0,0,0.0161172152,0,0,0,15.9349623,0,8.53843403,8.42641926,0,13.3381405,0,0,0,,,,50
39314151,0.5,1,0,0,0.0241758227,0,0,0,15.9395075,0,8.51432323,8.42853069,0,13.3309927,0,0,0,,,,50
39315277,0.5,1,0,0,0.0161172152,0,0,0,15.9349623,0,8.56254578,8.42641926,0,13.3309927,0,0,0,,,,50
39316403,0.5,1,0,0,0.0161172152,0,0,0,15.9349623,0,8.52035046,8.42641926,0,13.3309927,0,0,0,,,,50
39317534,0.5,1,0,0,0.0241758227,0,0,0,15.9349623,0,8.56254578,8.42641926,0,13.3309927,0,0,0,,,,50
39318660,0.5,1,0,0,0.0241758227,0,0,0,15.9349623,0,8.51130867,8.42641926,0,13.3381405,0,0,0,,,,50
39319786,0.5,1,0,0,0.0161172152,0,0,0,15.9304171,0,8.55350399,8.42641926,0,13.3309927,0,0,0,,,,50
39320912,0.5,1,0,0,0.0161172152,0,0,0,15.9349623,0,8.57460117,8.42641926,0,13.3238449,0,0,0,,,,50
39322038,0.5,1,0,0,0.0161172152,0,0,0,15.9349623,0,8.5444622,8.42641926,0,13.3309927,0,0,0,,,,50
39323164,0.5,1,0,0,0.0241758227,0,0,0,15.9395075,0,8.55048943,8.42641926,0,13.3309927,0,0,0,,,,50
39324290,0.5,1,0,0,0.00805860758,0,0,0,15.9349623,0,8.57761478,8.42853069,0,13.3238449,0,0,0,,,,50
39325421,0.5,1,0,0,0.0161172152,0,0,0,15.9349623,0,8.55350399,8.42430782,0,13.3309927,0,0,0,,,,50
39326556,0.5,1,0,0,0.0241758227,0,0,0,15.9395075,0,8.57460117,8.42641926,0,13.3309927,0,0,0,,,,50
39327682,0.5,1,0,0,0.0241758227,0,0,0,15.9349623,0,8.55953121,8.42641926,0,13.3309927,0,0,0,,,,50
39328808,0.5,1,0,0,0.0322344303,0,0,0,15.9395075,0,8.5444622,8.42641926,0,13.3309927,0,0,0,,,,50
39329934,0.5,1,0,0,0.0161172152,0,0,0,15.9349623,0,8.54747581,8.42641926,0,13.3309927,0,0,0,,,,50
39331060,0.5,1,0,0,0.0241758227,0,0,0,15.9349623,0,8.54144764,8.42641926,0,13.3166971,0,0,0,,,,50
39332186,0.5,1,0,0,0.0161172152,0,0,0,15.9349623,0,8.55953121,8.42641926,0,13.3309927,0,0,0,,,,50
39333317,0.5,1,0,0,0.0161172152,0,0,0,15.9349623,0,8.54144764,8.42853069,0,13.3309927,0,0,0,,,,50
39334443,0.5,1,0,0,0.0161172152,0,0,0,15.9349623,0,8.568573,8.42641926,0,13.3309927,0,0,0,,,,50
39335773,0.5,1,0,0,0.0241758227,0,0,0,15.9349623,0,8.5565176,8.42641926,0,13.3309927,0,0,0,,,,50
39336899,0.5,1,0,0,0.0161172152,0,0,0,15.9349623,0,8.53843403,8.42641926,0,13.3309927,0,0,0,,,,50
39338025,0.5,1,0,0,0.0161172152,0,0,0,15.9349623,0,8.52637863,8.42853069,0,13.3166971,0,0,0,,,,50
39339151,0.5,1,0,0,0.0241758227,0,0,0,15.9349623,0,8.57761478,8.42641926,0,13.3309927,0,0,0,,,,50
39340277,0.5,1,0,0,0.0161172152,0,0,0,15.9349623,0,8.5565176,8.42853069,0,13.3309927,0,0,0,,,,50
39341408,0.5,1,0,0,0.0161172152,0,0,0,15.9349623,0,8.5565176,8.42641926,0,13.3309927,0,0,0,,,,50
39342534,0.5,1,0,0,0.0161172152,0,0,0,15.9304171,0,8.5565176,8.42430782,0,13.3309927,0,0,0,,,,50
39343660,0.5,1,0,0,0.00805860758,0,0,0,15.9349623,0,8.55048943,8.42641926,0,13.3309927,0,0,0,,,,50
39344786,0.5,1,0,0,0.0161172152,0,0,0,15.9349623,0,8.56555939,8.42641926,0,13.3238449,0,0,0,,,,50
39345921,0.5,1,0,0,0.0161172152,0,0,0,15.9349623,0,8.54747581,8.42853069,0,13.3309927,0,0,0,,,,50
39347047,0.5,1,0,0,0.0161172152,0,0,0,15.9304171,0,8.52336502,8.42641926,0,13.3166971,0,0,0,,,,50
39348178,0.5,1,0,0,0.0161172152,0,0,0,15.9349623,0,8.55048943,8.42008495,0,13.3309927,0,0,0,,,,50
39349304,0.5,1,0,0,0.0241758227,0,0,0,15.9349623,0,8.54747581,8.42641926,0,13.3309927,0,0,0,,,,50
39350430,0.5,1,0,0,0.0161172152,0,0,0,15.9349623,0,8.55350399,8.42641926,0,13.3309927,0,0,0,,,,50
39351556,0.5,1,0,0,0.0161172152,0,0,0,15.9349623,0,8.52637863,8.42641926,0,13.3238449,0,0,0,,,,50
39352682,0.5,1,0,0,0.0241758227,0,0,0,15.9349623,0,8.56254578,8.42641926,0,13.3238449,0,0,0,,,,50
39353808,0.5,1,0,0,0.0161172152,0,0,0,15.9349623,0,8.53542042,8.42430782,0,13.3309927,0,0,0,,,,50
39354934,0.5,1,0,0,0.0161172152,0,0,0,15.9304171,0,8.54144764,8.42641926,0,13.3381405,0,0,0,,,,50
39356269,0.5,1,0,0,0.0241758227,0,0,0,15.9349623,0,8.56254578,8.42641926,0,13.3238449,0,0,0,,,,50
39357395,0.5,1,0,0,0.0241758227,0,0,0,15.9395075,0,8.568573,8.42641926,0,13.3309927,0,0,0,,,,50
39358521,0.5,1,0,0,0.0241758227,0,0,0,15.9349623,0,8.56555939,8.42641926,0,13.3309927,0,0,0,,,,50
39359648,0.5,1,0,0,0.00805860758,0,0,0,15.9349623,0,8.54144764,8.42008495,0,13.3238449,0,0,0,,,,50
39360774,0.5,1,0,0,0.0241758227,0,0,0,15.9349623,0,8.53240585,8.42641926,0,13.3381405,0,0,0,,,,50
39361900,0.5,1,0,0,0.0161172152,0,0,0,15.9349623,0,8.5565176,8.42641926,0,13.3309927,0,0,0,,,,50
39363027,0.5,1,0,0,0.0161172152,0,0,0,15.9304171,0,8.55350399,8.42430782,0,13.3238449,0,0,0,,,,50
39364158,0.5,1,0,0,0.0161172152,0,0,0,15.9349623,0,8.59569836,8.42641926,0,13.3309927,0,0,0,,,,50
39365284,0.5,1,0,0,0.0161172152,0,0,0,15.9349623,0,8.53240585,8.42641926,0,13.3238449,0,0,0,,,,50
39366419,0.5,1,0,0,0.0161172152,0,0,0,15.9349623,0,8.5565176,8.42641926,0,13.3309927,0,0,0,,,,50
39367545,0.5,1,0,0,0.00805860758,0,0,0,15.9349623,0,8.5565176,8.42641926,0,13.3309927,0,0,0,,,,50
39368671,0.5,1,0,0,0.00805860758,0,0,0,15.9349623,0,8.56555939,8.42641926,0,13.3309927,0,0,0,,,,50
39369798,0.5,1,0,0,0.0161172152,0,0,0,15.9304171,0,8.55048943,8.42641926,0,13.3309927,0,0,0,,,,50
39370928,0.5,1,0,0,0.0241758227,0,0,0,15.9349623,0,8.568573,8.42641926,0,13.3309927,0,0,0,,,,50
39372055,0.5,1,0,0,0.0241758227,0,0,0,15.9349623,0,8.56254578,8.42641926,0,13.3166971,0,0,0,,,,50
39373181,0.5,1,0,0,0.0161172152,0,0,0,15.9349623,0,8.57158756,8.42641926,0,13.3309927,0,0,0,,,,50
39374307,0.5,1,0,0,0.0241758227,0,0,0,15.9349623,0,8.52336502,8.42641926,0,13.3309927,0,0,0,,,,50
39375433,0.5,1,0,0,0.0241758227,0,0,0,15.9395075,0,8.54144764,8.42641926,0,13.3309927,0,0,0,,,,50
39376559,0.5,1,0,0,0.0161172152,0,0,0,15.9349623,0,8.54747581,8.42853069,0,13.3309927,0,0,0,,,,50
39377890,0.5,1,0,0,0.0161172152,0,0,0,15.9395075,0,8.52336502,8.42853069,0,13.3309927,0,0,0,,,,50
39379021,0.5,1,0,0,0.0161172152,0,0,0,15.9349623,0,8.55048943,8.42430782,0,13.3238449,0,0,0,,,,50
39380147,0.5,1,0,0,0.0241758227,0,0,0,15.9349623,0,8.56555939,8.42641926,0,13.3238449,0,0,0,,,,50
39381273,0.5,1,0,0,0.0161172152,0,0,0,15.9349623,0,8.54747581,8.42641926,0,13.3309927,0,0,0,,,,50
39382400,0.5,1,0,0,0.0161172152,0,0,0,15.9349623,0,8.55048943,8.42641926,0,13.3309927,0,0,0,,,,50
39383526,0.5,1,0,0,0.0241758227,0,0,0,15.9349623,0,8.57158756,8.42853069,0,13.3309927,0,0,0,,,,50
39384652,0.5,1,0,0,0.0161172152,0,0,0,15.9349623,0,8.57158756,8.42430782,0,13.3238449,0,0,0,,,,50
39385787,0.5,1,0,0,0.0241758227,0,0,0,15.9349623,0,8.57460117,8.42641926,0,13.3309927,0,0,0,,,,50
39386918,0.5,1,0,0,0.0161172152,0,0,0,15.9349623,0,8.57761478,8.42641926,0,13.3309927,0,0,0,,,,50
39388044,0.5,1,0,0,0.0241758227,0,0,0,15.9349623,0,8.54144764,8.42641926,0,13.3166971,0,0,0,,,,50
39389170,0.5,1,0,0,0.0161172152,0,0,0,15.9349623,0,8.568573,8.42641926,0.00714798551,13.3309927,0,0,0,,,,50
39390297,0.5,1,0,0,0.0241758227,0,0,0,15.9349623,0,8.56555939,8.42430782,0,13.3309927,0,0,0,,,,50
39391423,0.5,1,0,0,0.0161172152,0,0,0,15.9395075,0,8.53240585,8.42641926,0,13.3238449,0,0,0,,,,50
39392549,0.5,1,0,0,0.0241758227,0,0,0,15.9395075,0,8.56555939,8.42853069,0,13.3309927,0,0,0,,,,50
39393675,0.5,1,0,0,0.0161172152,0,0,0,15.9349623,0,8.55350399,8.42641926,0,13.3309927,0,0,0,,,,50
39394806,0.5,1,0,0,0.0241758227,0,0,0,15.9349623,0,8.54747581,8.42853069,0,13.3309927,0,0,0,,,,50
39395932,0.5,1,0,0,0.0161172152,0,0,0,15.9349623,0,8.5444622,8.42641926,0,13.3309927,0,0,0,,,,50
39397058,0.5,1,0,0,0.0241758227,0,0,0,15.9349623,0,8.53843403,8.42641926,0,13.3166971,0,0,0,,,,50
39398389,0.5,1,0,0,0.0241758227,0,0,0,15.9349623,0,8.53542042,8.42641926,0,13.3238449,0,0,0,,,,50
39399515,0.5,1,0,0,0.0241758227,0,0,0,15.9349623,0,8.59268475,8.42641926,0,13.3309927,0,0,0,,,,50
39400642,0.5,1,0,0,0.0241758227,0,0,0,15.9349623,0,8.58364296,8.42641926,0,13.3309927,0,0,0,,,,50
39401773,0.5,1,0,0,0.0161172152,0,0,0,15.9304171,0,8.54747581,8.42641926,0,13.3309927,0,0,0,,,,50
39402899,0.5,1,0,0,0.0161172152,0,0,0,15.9349623,0,8.568573,8.42641926,0,13.3309927,0,0,0,,,,50
39404025,0.5,1,0,0,0.0241758227,0,0,0,15.9349623,0,8.54747581,8.42641926,0,13.3238449,0,0,0,,,,50
39405152,0.5,1,0,0,0.0161172152,0,0,0,15.9304171,0,8.56254578,8.42641926,0,13.3309927,0,0,0,,,,50
39406287,0.5,1,0,0,0.0241758227,0,0,0,15.9349623,0,8.53240585,8.42641926,0,13.3309927,0,0,0,,,,50
39407413,0.5,1,0,0,0.0161172152,0,0,0,15.9349623,0,8.56555939,8.42219639,0,13.3309927,0,0,0,,,,50
39408539,0.5,1,0,0,0.0161172152,0,0,0,15.9349623,0,8.568573,8.42641926,0,13.3309927,0,0,0,,,,50
39409670,0.5,1,0,0,0.0241758227,0,0,0,15.9349623,0,8.55350399,8.42641926,0,13.3238449,0,0,0,,,,50
39410796,0.5,1,0,0,0.0161172152,0,0,0,15.9349623,0,8.5444622,8.42641926,0,13.3309927,0,0,0,,,,50
39411922,0.5,1,0,0,0.0241758227,0,0,0,15.9349623,0,8.58364296,8.42641926,0,13.3309927,0,0,0,,,,50
39413048,0.5,1,0,0,0.0161172152,0,0,0,15.9349623,0,8.57761478,8.42641926,0,13.3166971,0,0,0,,,,50
39414174,0.5,1,0,0,0.0161172152,0,0,0,15.9349623,0,8.54747581,8.42641926,0,13.3238449,0,0,0,,,,50
39415301,0.5,1,0,0,0.0241758227,0,0,0,15.9349623,0,8.53843403,8.42430782,0,13.3309927,0,0,0,,,,50
39416427,0.5,1,0,0,0.0241758227,0,0,0,15.9349623,0,8.5565176,8.42641926,0,13.3309927,0,0,0,,,,50
39417558,0.5,1,0,0,0.0241758227,0,0,0,15.9349623,0,8.54144764,8.42641926,0,13.3309927,0,0,0,,,,50
39418889,0.5,1,0,0,0.0241758227,0,0,0,15.9349623,0,8.5565176,8.42641926,0,13.3381405,0,0,0,,,,50
39420015,0.5,1,0,0,0.0241758227,0,0,0,15.9349623,0,8.55048943,8.42641926,0,13.3238449,0,0,0,,,,50
39421142,0.5,1,0,0,0.0161172152,0,0,0,15.9349623,0,8.56555939,8.42641926,0,13.3309927,0,0,0,,,,50
39422268,0.5,1,0,0,0.0161172152,0,0,0,15.9349623,0,8.57158756,8.42641926,0,13.3238449,0,0,0,,,,50
39423394,0.5,1,0,0,0.0161172152,0,0,0,15.9349623,0,8.57761478,8.42641926,0,13.3309927,0,0,0,,,,50
39424521,0.5,1,0,0,0.0241758227,0,0,0,15.9349623,0,8.55350399,8.42008495,0,13.3309927,0,0,0,,,,50
39425661,0.5,1,0,0,0.0161172152,0,0,0,15.9349623,0,8.53542042,8.42641926,0,13.3309927,0,0,0,,,,50
39426787,0.5,1,0,0,0.0241758227,0,0,0,15.9349623,0,8.54747581,8.42641926,0,13.3309927,0,0,0,,,,50
39427914,0.5,1,0,0,0.0161172152,0,0,0,15.9349623,0,8.5565176,8.42641926,0,13.3309927,0,0,0,,,,50
39429040,0.5,1,0,0,0.0241758227,0,0,0,15.9349623,0,8.55953121,8.42853069,0,13.3238449,0,0,0,,,,50
39430167,0.5,1,0,0,0.0241758227,0,0,0,15.9349623,0,8.54747581,8.42641926,0,13.3309927,0,0,0,,,,50
39431293,0.5,1,0,0,0.0161172152,0,0,0,15.9349623,0,8.55953121,8.42641926,0,13.3309927,0,0,0,,,,50
39432424,0.5,1,0,0,0.0241758227,0,0,0,15.9349623,0,8.55953121,8.42430782,0,13.3238449,0,0,0,,,,50
39433551,0.5,1,0,0,0.0161172152,0,0,0,15.9349623,0,8.56254578,8.42641926,0,13.3238449,0,0,0,,,,50
39434677,0.5,1,0,0,0.0241758227,0,0,0,15.9349623,0,8.58665657,8.42641926,0,13.3309927,0,0,0,,,,50
39435804,0.5,1,0,0,0.0241758227,0,0,0,15.9349623,0,8.56254578,8.42641926,0,13.3309927,0,0,0,,,,50
39436930,0.5,1,0,0,0.0161172152,0,0,0,15.9349623,0,8.55048943,8.42641926,0,13.3309927,0,0,0,,,,50
39438057,0.5,1,0,0,0.0161172152,0,0,0,15.9349623,0,8.57460117,8.42641926,0,13.3166971,0,0,0,,,,50
39439183,0.5,1,0,0,0.0161172152,0,0,0,15.9304171,0,8.5444622,8.42641926,0,13.3309927,0,0,0,,,,50
39440518,0.5,1,0,0,0.0161172152,0,0,0,15.9349623,0,8.57761478,8.42853069,0,13.3238449,0,0,0,,,,50
39441645,0.5,1,0,0,0.0161172152,0,0,0,15.9304171,0,8.53843403,8.42219639,0,13.3238449,0,0,0,,,,50
39442771,0.5,1,0,0,0.0161172152,0,0,0,15.9349623,0,8.55350399,8.42641926,0,13.3309927,0,0,0,,,,50
39443898,0.5,1,0,0,0.0161172152,0,0,0,15.9349623,0,8.55350399,8.42641926,0,13.3309927,0,0,0,,,,50
39445024,0.5,1,0,0,0.0241758227,0,0,0,15.9349623,0,8.58364296,8.42641926,0,13.3309927,0,0,0,,,,50
39446160,0.5,1,0,0,0.0241758227,0,0,0,15.9349623,0,8.49623966,8.42641926,0,13.3309927,0,0,0,,,,50
39447286,0.5,1,0,0,0.0241758227,0,0,0,15.9304171,0,8.54747581,8.42641926,0,13.3309927,0,0,0,,,,50
39448417,0.5,1,0,0,0.0161172152,0,0,0,15.9395075,0,8.5565176,8.42641926,0,13.3238449,0,0,0,,,,50
39449544,0.5,1,0,0,0.0241758227,0,0,0,15.9304171,0,8.58967113,8.42008495,0,13.3309927,0,0,0,,,,50
39450670,0.5,1,0,0,0.0161172152,0,0,0,15.9349623,0,8.55048943,8.42641926,0,13.3309927,0,0,0,,,,50
39451796,0.5,1,0,0,0.0241758227,0,0,0,15.9349623,0,8.5444622,8.42641926,0,13.3238449,0,0,0,,,,50
39452922,0.5,1,0,0,0.0161172152,0,0,0,15.9349623,0,8.5444622,8.42853069,0,13.3309927,0,0,0,,,,50
39454049,0.5,1,0,0,0.0161172152,0,0,0,15.9395075,0,8.5565176,8.42853069,0,13.3166971,0,0,0,,,,50
39455175,0.5,1,0,0,0.0241758227,0,0,0,15.9395075,0,8.55048943,8.42641926,0,13.3309927,0,0,0,,,,50
39456306,0.5,1,0,0,0.0161172152,0,0,0,15.9304171,0,8.5444622,8.42641926,0,13.3309927,0,0,0,,,,50
39457432,0.5,1,0,0,0.0161172152,0,0,0,15.9349623,0,8.56254578,8.42430782,0,13.3309927,0,0,0,,,,50
39458558,0.5,1,0,0,0.0241758227,0,0,0,15.9349623,0,8.55048943,8.42641926,0,13.3238449,0,0,0,,,,50
39459684,0.5,1,0,0,0.0161172152,0,0,0,15.9349623,0,8.53240585,8.42853069,0,13.3238449,0,0,0,,,,50
39461015,0.5,1,0,0,0.0161172152,0,0,0,15.9349623,0,8.58364296,8.42641926,0,13.3238449,0,0,0,,,,50
39462141,0.5,1,0,0,0.0241758227,0,0,0,15.9395075,0,8.55953121,8.42641926,0,13.3238449,0,0,0,,,,50
39463272,0.5,1,0,0,0.0322344303,0,0,0,15.9349623,0,8.55953121,8.42641926,0,13.3309927,0,0,0,,,,50
39464398,0.5,1,0,0,0.0241758227,0,0,0,15.9349623,0,8.5444622,8.42641926,0,13.3309927,0,0,0,,,,50
39465524,0.5,1,0,0,0.0161172152,0,0,0,15.9349623,0,8.52637863,8.42641926,0,13.3309927,0,0,0,,,,50
39466659,0.5,1,0,0,0.0161172152,0,0,0,15.9304171,0,8.55048943,8.42641926,0,13.3309927,0,0,0,,,,50
39467785,0.5,1,0,0,0.0322344303,0,0,0,15.9349623,0,8.56555939,8.42641926,0,13.3309927,0,0,0,,,,50
39468911,0.5,1,0,0,0.0161172152,0,0,0,15.9349623,0,8.56254578,8.42008495,0,13.3309927,0,0,0,,,,50
39470038,0.5,1,0,0,0.0241758227,0,0,0,15.9349623,0,8.55953121,8.42641926,0,13.3166971,0,0,0,,,,50
39471169,0.5,1,0,0,0.0161172152,0,0,0,15.9349623,0,8.52336502,8.42853069,0,13.3309927,0,0,0,,,,50
39472295,0.5,1,0,0,0.0161172152,0,0,0,15.9304171,0,8.53240585,8.42641926,0,13.3309927,0,0,0,,,,50
39473421,0.5,1,0,0,0.0241758227,0,0,0,15.9349623,0,8.55350399,8.42641926,0,13.3309927,0,0,0,,,,50
39474547,0.5,1,0,0,0.0241758227,0,0,0,15.9349623,0,8.52637863,8.42008495,0,13.3309927,0,0,0,,,,50
39475673,0.5,1,0,0,0.0161172152,0,0,0,15.9349623,0,8.5444622,8.42853069,0,13.3309927,0,0,0,,,,50
39476799,0.5,1,0,0,0.0161172152,0,0,0,15.9349623,0,8.51432323,8.42641926,0,13.3238449,0,0,0,,,,50
39477925,0.5,1,0,0,0.0241758227,0,0,0,15.9349623,0,8.568573,8.42641926,0,13.3238449,0,0,0,,,,50
39479056,0.5,1,0,0,0.0322344303,0,0,0,15.9349623,0,8.5444622,8.42853069,0,13.3166971,0,0,0,,,,50
39480182,0.5,1,0,0,0.0161172152,0,0,0,15.9349623,0,8.57158756,8.42641926,0,13.3309927,0,0,0,,,,50
39481308,0.5,1,0,0,0.0161172152,0,0,0,15.9349623,0,8.53240585,8.42641926,0,13.3309927,0,0,0,,,,50
39482638,0.5,1,0,0,0.0241758227,0,0,0,15.9349623,0,8.57761478,8.42853069,0,13.3309927,0,0,0,,,,50
39483764,0.5,1,0,0,0.0161172152,0,0,0,15.9349623,0,8.53542042,8.42219639,0,13.3309927,0,0,0,,,,50
39484890,0.5,1,0,0,0.0161172152,0,0,0,15.9349623,0,8.5565176,8.42641926,0,13.3309927,0,0,0,,,,50
39486025,0.5,1,0,0,0.0241758227,0,0,0,15.9349623,0,8.568573,8.42641926,0,13.3238449,0,0,0,,,,50
39487156,0.5,1,0,0,0.0161172152,0,0,0,15.9349623,0,8.58665657,8.42641926,0,13.3309927,0,0,0,,,,50
39488282,0.5,1,0,0,0.0161172152,0,0,0,15.9349623,0,8.53843403,8.42641926,0,13.3309927,0,0,0,,,,50
39489408,0.5,1,0,0,0.0241758227,0,0,0,15.9395075,0,8.54747581,8.42641926,0,13.3309927,0,0,0,,,,50
39490534,0.5,1,0,0,0.0161172152,0,0,0,15.9395075,0,8.52939224,8.42853069,0,13.3238449,0,0,0,,,,50
39491660,0.5,1,0,0,0.0161172152,0,0,0,15.9349623,0,8.59268475,8.42853069,0,13.3238449,0,0,0,,,,50
39492786,0.5,1,0,0,0.0241758227,0,0,0,15.9349623,0,8.58665657,8.42641926,0,13.3309927,0,0,0,,,,50
39493917,0.5,1,0,0,0.0161172152,0,0,0,15.9349623,0,8.57460117,8.42853069,0,13.3309927,0,0,0,,,,50
39495043,0.5,1,0,0,0.0241758227,0,0,0,15.9349623,0,8.5565176,8.42641926,0,13.3166971,0,0,0,,,,50
39496169,0.5,1,0,0,0.0161172152,0,0,0,15.9349623,0,8.53240585,8.42641926,0,13.3309927,0,0,0,,,,50
39497295,0.5,1,0,0,0.0161172152,0,0,0,15.9349623,0,8.55350399,8.42008495,0,13.3309927,0,0,0,,,,50
39498421,0.5,1,0,0,0.0241758227,0,0,0,15.9349623,0,8.55350399,8.42641926,0,13.3309927,0,0,0,,,,50
39499547,0.5,1,0,0,0.0161172152,0,0,0,15.9349623,0,8.54747581,8.42641926,0,13.3309927,0,0,0,,,,50
39500673,0.5,1,0,0,0.0241758227,0,0,0,15.9349623,0,8.54144764,8.42853069,0,13.3309927,0,0,0,,,,50
39501804,0.5,1,0,0,0.0161172152,0,0,0,15.9349623,0,8.53843403,8.42853069,0,13.3309927,0,0,0,,,,50
39503134,0.5,1,0,0,0.0241758227,0,0,0,15.9349623,0,8.55048943,8.42641926,0,13.3309927,0,0,0,,,,50
39504260,0.5,1,0,0,0.0241758227,0,0,0,15.9349623,0,8.58665657,8.42853069,0,13.3309927,0,0,0,,,,50
39505386,0.5,1,0,0,0.0161172152,0,0,0,15.9349623,0,8.53542042,8.42641926,0,13.3309927,0,0,0,,,,50
39506521,0.5,1,0,0,0.0241758227,0,0,0,15.9349623,0,8.52939224,8.42641926,0,13.3309927,0,0,0,,,,50
39507648,0.5,1,0,0,0.0241758227,0,0,0,15.9349623,0,8.54747581,8.42641926,0,13.3309927,0,0,0,,,,50
39508774,0.5,1,0,0,0.0241758227,0,0,0,15.9304171,0,8.5565176,8.42641926,0,13.3309927,0,0,0,,,,50
39509904,0.5,1,0,0,0.0161172152,0,0,0,15.9349623,0,8.52939224,8.42641926,0,13.3309927,0,0,0,,,,50
39511030,0.5,1,0,0,0.0241758227,0,0,0,15.9349623,0,8.52637863,8.42641926,0,13.3166971,0,0,0,,,,50
39512157,0.5,1,0,0,0.0161172152,0,0,0,15.9349623,0,8.55350399,8.42641926,0,13.3309927,0,0,0,,,,50
39513283,0.5,1,0,0,0.0161172152,0,0,0,15.9349623,0,8.54144764,8.42641926,0,13.3309927,0,0,0,,,,50
39514410,0.5,1,0,0,0.0241758227,0,0,0,15.9395075,0,8.57460117,8.42219639,0,13.3309927,0,0,0,,,,50
39515536,0.5,1,0,0,0.0161172152,0,0,0,15.9349623,0,8.55953121,8.42641926,0,13.3309927,0,0,0,,,,50
39516667,0.5,1,0,0,0.0241758227,0,0,0,15.9349623,0,8.53843403,8.42641926,0,13.3309927,0,0,0,,,,50
39517794,0.5,1,0,0,0.0241758227,0,0,0,15.9349623,0,8.5444622,8.42853069,0,13.3381405,0,0,0,,,,50
39518920,0.5,1,0,0,0.0241758227,0,0,0,15.9349623,0,8.56555939,8.42641926,0,13.3309927,0,0,0,,,,50
39520046,0.5,1,0,0,0.0161172152,0,0,0,15.9349623,0,8.57460117,8.42008495,0,13.3166971,0,0,0,,,,50
39521173,0.5,1,0,0,0.0161172152,0,0,0,15.9304171,0,8.53240585,8.42641926,0,13.3309927,0,0,0,,,,50
39522299,0.5,1,0,0,0.0322344303,0,0,0,15.9349623,0,8.55350399,8.42641926,0,13.3309927,0,0,0,,,,50
39523425,0.5,1,0,0,0.0241758227,0,0,0,15.9349623,0,8.50226688,8.42641926,0,13.3309927,0,0,0,,,,50
39524760,0.5,1,0,0,0.0161172152,0,0,0,15.9349623,0,8.55350399,8.42641926,0,13.3309927,0,0,0,,,,50
39525895,0.5,1,0,0,0.0241758227,0,0,0,15.9349623,0,8.54144764,8.42641926,0,13.3309927,0,0,0,,,,50
39527021,0.5,1,0,0,0.0161172152,0,0,0,15.9349623,0,8.55350399,8.42853069,0,13.3238449,0,0,0,,,,50
39528148,0.5,1,0,0,0.0161172152,0,0,0,15.9349623,0,8.57460117,8.42641926,0,13.3309927,0,0,0,,,,50
39529274,0.5,1,0,0,0.0161172152,0,0,0,15.9304171,0,8.55953121,8.42219639,0,13.3309927,0,0,0,,,,50
39530401,0.5,1,0,0,0.0161172152,0,0,0,15.9349623,0,8.52939224,8.42641926,0,13.3309927,0,0,0,,,,50
39531527,0.5,1,0,0,0.0161172152,0,0,0,15.9349623,0,8.5444622,8.42641926,0,13.3309927,0,0,0,,,,50
39532658,0.5,1,0,0,0.0241758227,0,0,0,15.9395075,0,8.54747581,8.42219639,0,13.3309927,0,0,0,,,,50
39533785,0.5,1,0,0,0.0241758227,0,0,0,15.9395075,0,8.59569836,8.42008495,0,13.3381405,0,0,0,,,,50
39534911,0.5,1,0,0,0.0241758227,0,0,0,15.9349623,0,8.58967113,8.42641926,0,13.3309927,0,0,0,,,,50
39536038,0.5,1,0,0,0.0161172152,0,0,0,15.9349623,0,8.55048943,8.42853069,0,13.3238449,0,0,0,,,,50
39537164,0.5,1,0,0,0.0161172152,0,0,0,15.9349623,0,8.57158756,8.42641926,0,13.3309927,0,0,0,,,,50
39538291,0.5,1,0,0,0.0161172152,0,0,0,15.9349623,0,8.52939224,8.42853069,0,13.3309927,0,0,0,,,,50
39539417,0.5,1,0,0,0.0161172152,0,0,0,15.9349623,0,8.55350399,8.42641926,0,13.3309927,0,0,0,,,,50
39540548,0.5,1,0,0,0.0161172152,0,0,0,15.9349623,0,8.55953121,8.42641926,0,13.3309927,0,0,0,,,,50
39541675,0.5,1,0,0,0.0161172152,0,0,0,15.9349623,0,8.58967113,8.42641926,0,13.3309927,0,0,0,,,,50
39542801,0.5,1,0,0,0.0161172152,0,0,0,15.9349623,0,8.55953121,8.42008495,0,13.3309927,0,0,0,,,,50
39543927,0.5,1,0,0,0.0161172152,0,0,0,15.9349623,0,8.57158756,8.42853069,0,13.3309927,0,0,0,,,,50
39545258,0.5,1,0,0,0.0241758227,0,0,0,15.9304171,0,8.59569836,8.42641926,0,13.3309927,0,0,0,,,,50
39546393,0.5,1,0,0,0.0241758227,0,0,0,15.9349623,0,8.54144764,8.42641926,0,13.3238449,0,0,0,,,,50
39547524,0.5,1,0,0,0.0161172152,0,0,0,15.9349623,0,8.57460117,8.42641926,0,13.3309927,0,0,0,,,,50
39548651,0.5,1,0,0,0.0161172152,0,0,0,15.9395075,0,8.5565176,8.42853069,0,13.3309927,0,0,0,,,,50
39549777,0.5,1,0,0,0.0161172152,0,0,0,15.9349623,0,8.5565176,8.42853069,0,13.3309927,0,0,0,,,,50
39550904,0.5,1,0,0,0.0161172152,0,0,0,15.9349623,0,8.55048943,8.42641926,0,13.3309927,0,0,0,,,,50
39552030,0.5,1,0,0,0.0161172152,0,0,0,15.9349623,0,8.55350399,8.42219639,0,13.3238449,0,0,0,,,,50
39553157,0.5,1,0,0,0.0161172152,0,0,0,15.9349623,0,8.55953121,8.42641926,0,13.3309927,0,0,0,,,,50
39554283,0.5,1,0,0,0.0161172152,0,0,0,15.9349623,0,8.55953121,8.42641926,0,13.3381405,0,0,0,,,,50
39555414,0.5,1,0,0,0.0241758227,0,0,0,15.9349623,0,8.56555939,8.42641926,0,13.3309927,0,0,0,,,,50
39556541,0.5,1,0,0,0.0241758227,0,0,0,15.9349623,0,8.59268475,8.42641926,0,13.3238449,0,0,0,,,,50
39557667,0.5,1,0,0,0.00805860758,0,0,0,15.9349623,0,8.55953121,8.42641926,0,13.3309927,0,0,0,,,,50
39558793,0.5,1,0,0,0.0161172152,0,0,0,15.9349623,0,8.55048943,8.42641926,0,13.3309927,0,0,0,,,,50
39559920,0.5,1,0,0,0.0161172152,0,0,0,15.9304171,0,8.55953121,8.42853069,0,13.3238449,0,0,0,,,,50
39561046,0.5,1,0,0,0.0322344303,0,0,0,15.9349623,0,8.58967113,8.42853069,0,13.3166971,0,0,0,,,,50
39562173,0.5,1,0,0,0.0161172152,0,0,0,15.9349623,0,8.58665657,8.42641926,0,13.3309927,0,0,0,,,,50
39563304,0.5,1,0,0,0.0161172152,0,0,0,15.9349623,0,8.5565176,8.42641926,0,13.3238449,0,0,0,,,,50
39564430,0.5,1,0,0,0.0241758227,0,0,0,15.9349623,0,8.55048943,8.42641926,0,13.3309927,0,0,0,,,,50
39565557,0.5,1,0,0,0.0241758227,0,0,0,15.9349623,0,8.55350399,8.42430782,0,13.3238449,0,0,0,,,,50
39566897,0.5,1,0,0,0.0161172152,0,0,0,15.9349623,0,8.55048943,8.41797352,0,13.3309927,0,0,0,,,,50
39568023,0.5,1,0,0,0.0322344303,0,0,0,15.9349623,0,8.58062935,8.42641926,0,13.3238449,0,0,0,,,,50
39569149,0.5,1,0,0,0.0161172152,0,0,0,15.9349623,0,8.56254578,8.42641926,0,13.3309927,0,0,0,,,,50
39570276,0.5,1,0,0,0.0241758227,0,0,0,15.9304171,0,8.54144764,8.42641926,0,13.3309927,0,0,0,,,,50
39571407,0.5,1,0,0,0.0161172152,0,0,0,15.9349623,0,8.54747581,8.42430782,0,13.3309927,0,0,0,,,,50
39572533,0.5,1,0,0,0.0161172152,0,0,0,15.9349623,0,8.54747581,8.42641926,0,13.3309927,0,0,0,,,,50
39573660,0.5,1,0,0,0.0161172152,0,0,0,15.9349623,0,8.52336502,8.42641926,0,13.3238449,0,0,0,,,,50
39574786,0.5,1,0,0,0.0161172152,0,0,0,15.9349623,0,8.5565176,8.42641926,0,13.3309927,0,0,0,,,,50
39575913,0.5,1,0,0,0.0241758227,0,0,0,15.9349623,0,8.53542042,8.42641926,0,13.3309927,0,0,0,,,,50
39577039,0.5,1,0,0,0.00805860758,0,0,0,15.9349623,0,8.53240585,8.42641926,0,13.3238449,0,0,0,,,,50
39578170,0.5,1,0,0,0.0161172152,0,0,0,15.9349623,0,8.57158756,8.42641926,0,13.3309927,0,0,0,,,,50
39579297,0.5,1,0,0,0.0241758227,0,0,0,15.9349623,0,8.54747581,8.42641926,0,13.3309927,0,0,0,,,,50
39580423,0.5,1,0,0,0.0241758227,0,0,0,15.9349623,0,8.52939224,8.42430782,0,13.3309927,0,0,0,,,,50
39581549,0.5,1,0,0,0.0241758227,0,0,0,15.9349623,0,8.56555939,8.42641926,0,13.3238449,0,0,0,,,,50
39582676,0.5,1,0,0,0.0161172152,0,0,0,15.9349623,0,8.55953121,8.42641926,0,13.3309927,0,0,0,,,,50
39583802,0.5,1,0,0,0.0241758227,0,0,0,15.9349623,0,8.54747581,8.42641926,0,13.3309927,0,0,0,,,,50
39584928,0.5,1,0,0,0.0161172152,0,0,0,15.9349623,0,8.52336502,8.42430782,0,13.3309927,0,0,0,,,,50
39586068,0.5,1,0,0,0.0161172152,0,0,0,15.9349623,0,8.54747581,8.42008495,0,13.3166971,0,0,0,,,,50
39587399,0.5,1,0,0,0.0161172152,0,0,0,15.9349623,0,8.54747581,8.42641926,0,13.3238449,0,0,0,,,,50
39588525,0.5,1,0,0,0.0241758227,0,0,0,15.9349623,0,8.54747581,8.42853069,0,13.3309927,0,0,0,,,,50
39589652,0.5,1,0,0,0.0161172152,0,0,0,15.9349623,0,8.5444622,8.42430782,0,13.3309927,0,0,0,,,,50
39590778,0.5,1,0,0,0.0322344303,0,0,0,15.9349623,0,8.50528145,8.42641926,0,13.3238449,0,0,0,,,,50
39591904,0.5,1,0,0,0.0241758227,0,0,0,15.9304171,0,8.55350399,8.42641926,0,13.3309927,0,0,0,,,,50
39593030,0.5,1,0,0,0.0161172152,0,0,0,15.9395075,0,8.5444622,8.42641926,0,13.3238449,0,0,0,,,,50
39594161,0.5,1,0,0,0.00805860758,0,0,0,15.9349623,0,8.52637863,8.42641926,0,13.3381405,0,0,0,,,,50
39595288,0.5,1,0,0,0.0241758227,0,0,0,15.9349623,0,8.56254578,8.42641926,0,13.3309927,0,0,0,,,,50
39596414,0.5,1,0,0,0.0161172152,0,0,0,15.9349623,0,8.54144764,8.42641926,0,13.3309927,0,0,0,,,,50
39597540,0.5,1,0,0,0.0241758227,0,0,0,15.9349623,0,8.5444622,8.42430782,0,13.3309927,0,0,0,,,,50
39598666,0.5,1,0,0,0.0241758227,0,0,0,15.9349623,0,8.51432323,8.42430782,0,13.3238449,0,0,0,,,,50
39599792,0.5,1,0,0,0.0241758227,0,0,0,15.9349623,0,8.5565176,8.42641926,0,13.3309927,0,0,0,,,,50
39600918,0.5,1,0,0,0.0161172152,0,0,0,15.9395075,0,8.5565176,8.42641926,0,13.3309927,0,0,0,,,,50
39602049,0.5,1,0,0,0.0241758227,0,0,0,15.9349623,0,8.56254578,8.42641926,0,13.3095493,0,0,0,,,,50
39603175,0.5,1,0,0,0.0161172152,0,0,0,15.9349623,0,8.54144764,8.42641926,0,13.3309927,0,0,0,,,,50
39604302,0.5,1,0,0,0.0161172152,0,0,0,15.9349623,0,8.49925327,8.42641926,0,13.3309927,0,0,0,,,,50
39605428,0.5,1,0,0,0.0241758227,0,0,0,15.9349623,0,8.53843403,8.42430782,0,13.3309927,0,0,0,,,,50
39606563,0.5,1,0,0,0.0241758227,0,0,0,15.9349623,0,8.53542042,8.42641926,0,13.3238449,0,0,0,,,,50
39607894,0.5,1,0,0,0.0161172152,0,0,0,15.9349623,0,8.56254578,8.42641926,0,13.3238449,0,0,0,,,,50
39609025,0.5,1,0,0,0.0161172152,0,0,0,15.9349623,0,8.53542042,8.42641926,0,13.3238449,0,0,0,,,,50
39610151,0.5,1,0,0,0.0241758227,0,0,0,15.9304171,0,8.56254578,8.42641926,0,13.3238449,0,0,0,,,,50
39611278,0.5,1,0,0,0.0161172152,0,0,0,15.9349623,0,8.52035046,8.42641926,0,13.3309927,0,0,0,,,,50
39612404,0.5,1,0,0,0.0161172152,0,0,0,15.9349623,0,8.55350399,8.42853069,0,13.3309927,0,0,0,,,,50
39613531,0.5,1,0,0,0.0161172152,0,0,0,15.9349623,0,8.57761478,8.42853069,0,13.3309927,0,0,0,,,,50
39614657,0.5,1,0,0,0.0161172152,0,0,0,15.9349623,0,8.57761478,8.42430782,0,13.3309927,0,0,0,,,,50
39615784,0.5,1,0,0,0.0241758227,0,0,0,15.9349623,0,8.50829506,8.42853069,0,13.3309927,0,0,0,,,,50
39616915,0.5,1,0,0,0.0241758227,0,0,0,15.9349623,0,8.56555939,8.42430782,0,13.3309927,0,0,0,,,,50
39618041,0.5,1,0,0,0.0161172152,0,0,0,15.9349623,0,8.53843403,8.42641926,0,13.3166971,0,0,0,,,,50
39619168,0.5,1,0,0,0.0161172152,0,0,0,15.9349623,0,8.568573,8.42853069,0,13.3309927,0,0,0,,,,50
39620294,0.5,1,0,0,0.0161172152,0,0,0,15.9349623,0,8.56555939,8.42641926,0,13.3309927,0,0,0,,,,50
39621421,0.5,1,0,0,0.0241758227,0,0,0,15.9349623,0,8.53542042,8.42641926,0,13.3309927,0,0,0,,,,50
39622547,0.5,1,0,0,0.0161172152,0,0,0,15.9349623,0,8.5565176,8.42641926,0,13.3309927,0,0,0,,,,50
39623673,0.5,1,0,0,0.0161172152,0,0,0,15.9349623,0,8.54144764,8.42641926,0,13.3309927,0,0,0,,,,50
39624804,0.5,1,0,0,0.0161172152,0,0,0,15.9349623,0,8.568573,8.42641926,0,13.3309927,0,0,0,,,,50
39625940,0.5,1,0,0,0.0161172152,0,0,0,15.9349623,0,8.55048943,8.42641926,0,13.3309927,0,0,0,,,,50
39627066,0.5,1,0,0,0.0241758227,0,0,0,15.9349623,0,8.55350399,8.42641926,0,13.3166971,0,0,0,,,,50
39628193,0.5,1,0,0,0.0161172152,0,0,0,15.9349623,0,8.58967113,8.42430782,0,13.3309927,0,0,0,,,,50
39629523,0.5,1,0,0,0.0241758227,0,0,0,15.9349623,0,8.54747581,8.42641926,0,13.3309927,0,0,0,,,,50
39630649,0.5,1,0,0,0.0241758227,0,0,0,15.9349623,0,8.5444622,8.42641926,0,13.3238449,0,0,0,,,,50
39631776,0.5,1,0,0,0.0241758227,0,0,0,15.9349623,0,8.54747581,8.42430782,0,13.3309927,0,0,0,,,,50
39632907,0.5,1,0,0,0.0241758227,0,0,0,15.9349623,0,8.56254578,8.42641926,0,13.3238449,0,0,0,,,,50
39634034,0.5,1,0,0,0.0161172152,0,0,0,15.9349623,0,8.5444622,8.42641926,0,13.3166971,0,0,0,,,,50
39635160,0.5,1,0,0,0.0322344303,0,0,0,15.9349623,0,8.50528145,8.42641926,0,13.3309927,0,0,0,,,,50
39636286,0.5,1,0,0,0.00805860758,0,0,0,15.9349623,0,8.54144764,8.42641926,0,13.3309927,0,0,0,,,,50
39637413,0.5,1,0,0,0.0161172152,0,0,0,15.9349623,0,8.57460117,8.42008495,0,13.3309927,0,0,0,,,,50
39638539,0.5,1,0,0,0.0161172152,0,0,0,15.9349623,0,8.58364296,8.42641926,0,13.3309927,0,0,0,,,,50
39639670,0.5,1,0,0,0.0241758227,0,0,0,15.9349623,0,8.52939224,8.42641926,0,13.3309927,0,0,0,,,,50
39640796,0.5,1,0,0,0.0241758227,0,0,0,15.9349623,0,8.54747581,8.42641926,0,13.3309927,0,0,0,,,,50
39641923,0.5,1,0,0,0.0161172152,0,0,0,15.9349623,0,8.52336502,8.42641926,0,13.3309927,0,0,0,,,,50
39643049,0.5,1,0,0,0.0241758227,0,0,0,15.9349623,0,8.50226688,8.42641926,0,13.3166971,0,0,0,,,,50
39644176,0.5,1,0,0,0.0161172152,0,0,0,15.9349623,0,8.55048943,8.42641926,0,13.3238449,0,0,0,,,,50
39645302,0.5,1,0,0,0.0241758227,0,0,0,15.9349623,0,8.56555939,8.42008495,0,13.3309927,0,0,0,,,,50
39646438,0.5,1,0,0,0.0241758227,0,0,0,15.9349623,0,8.5565176,8.42641926,0,13.3309927,0,0,0,,,,50
39647569,0.5,1,0,0,0.0161172152,0,0,0,15.9349623,0,8.56555939,8.42641926,0,13.3309927,0,0,0,,,,50
39648695,0.5,1,0,0,0.0161172152,0,0,0,15.9349623,0,8.54144764,8.42641926,0,13.3309927,0,0,0,,,,50
39650026,0.5,1,0,0,0.0161172152,0,0,0,15.9349623,0,8.57761478,8.42641926,0,13.3238449,0,0,0,,,,50
39651152,0.5,1,0,0,0.0241758227,0,0,0,15.9349623,0,8.568573,8.42430782,0,13.3309927,0,0,0,,,,50
39652279,0.5,1,0,0,0.0241758227,0,0,0,15.9349623,0,8.56254578,8.42641926,0,13.3309927,0,0,0,,,,50
39653405,0.5,1,0,0,0.0161172152,0,0,0,15.9395075,0,8.5444622,8.42641926,0,13.3309927,0,0,0,,,,50
39654532,0.5,1,0,0,0.0161172152,0,0,0,15.9349623,0,8.53843403,8.42641926,0,13.3309927,0,0,0,,,,50
39655663,0.5,1,0,0,0.0161172152,0,0,0,15.9349623,0,8.59871292,8.42641926,0,13.3309927,0,0,0,,,,50
39656789,0.5,1,0,0,0.0161172152,0,0,0,15.9349623,0,8.5444622,8.42641926,0,13.3309927,0,0,0,,,,50
39657915,0.5,1,0,0,0.0241758227,0,0,0,15.9349623,0,8.568573,8.42853069,0,13.3309927,0,0,0,,,,50
39659042,0.5,1,0,0,0.0241758227,0,0,0,15.9349623,0,8.55048943,8.42641926,0,13.3166971,0,0,0,,,,50
39660168,0.5,1,0,0,0.0161172152,0,0,0,15.9349623,0,8.54144764,8.42641926,0,13.3309927,0,0,0,,,,50
39661295,0.5,1,0,0,0.0161172152,0,0,0,15.9349623,0,8.53542042,8.42641926,0,13.3238449,0,0,0,,,,50
39662426,0.5,1,0,0,0.0161172152,0,0,0,15.9349623,0,8.5444622,8.42641926,0,13.3309927,0,0,0,,,,50
39663553,0.5,1,0,0,0.0241758227,0,0,0,15.9349623,0,8.56254578,8.42641926,0,13.3309927,0,0,0,,,,50
39664679,0.5,1,0,0,0.0161172152,0,0,0,15.9349623,0,8.53240585,8.42853069,0,13.3309927,0,0,0,,,,50
39665815,0.5,1,0,0,0.0161172152,0,0,0,15.9349623,0,8.56254578,8.41797352,0,13.3309927,0,0,0,,,,50
39666941,0.5,1,0,0,0.0161172152,0,0,0,15.9349623,0,8.52035046,8.42641926,0,13.3309927,0,0,0,,,,50
39668068,0.5,1,0,0,0.0161172152,0,0,0,15.9304171,0,8.58062935,8.42641926,0,13.3095493,0,0,0,,,,50
39669194,0.5,1,0,0,0.0322344303,0,0,0,15.9395075,0,8.53542042,8.42641926,0,13.3309927,0,0,0,,,,50
39670325,0.5,1,0,0,0.0161172152,0,0,0,15.9349623,0,8.57158756,8.42641926,0,13.3238449,0,0,0,,,,50
39671656,0.5,1,0,0,0.0161172152,0,0,0,15.9349623,0,8.56254578,8.42641926,0,13.3309927,0,0,0,,,,50
39672782,0.5,1,0,0,0.0241758227,0,0,0,15.9349623,0,8.55350399,8.42853069,0,13.3238449,0,0,0,,,,50
39673909,0.5,1,0,0,0.0241758227,0,0,0,15.9349623,0,8.55048943,8.42641926,0,13.3309927,0,0,0,,,,50
39675035,0.5,1,0,0,0.0241758227,0,0,0,15.9349623,0,8.57158756,8.42641926,0,13.3238449,0,0,0,,,,50
39676162,0.5,1,0,0,0.0241758227,0,0,0,15.9304171,0,8.53542042,8.42853069,0,13.3238449,0,0,0,,,,50
39677288,0.5,1,0,0,0.0161172152,0,0,0,15.9349623,0,8.55953121,8.42641926,0,13.3309927,0,0,0,,,,50
39678419,0.5,1,0,0,0.0161172152,0,0,0,15.9349623,0,8.55350399,8.42641926,0,13.3309927,0,0,0,,,,50
39679546,0.5,1,0,0,0.0161172152,0,0,0,15.9349623,0,8.56555939,8.42641926,0,13.3309927,0,0,0,,,,50
39680672,0.5,1,0,0,0.0161172152,0,0,0,15.9395075,0,8.5565176,8.42641926,0,13.3309927,0,0,0,,,,50
39681799,0.5,1,0,0,0.0241758227,0,0,0,15.9349623,0,8.55048943,8.42853069,0,13.3309927,0,0,0,,,,50
39682925,0.5,1,0,0,0.0161172152,0,0,0,15.9349623,0,8.5444622,8.42430782,0,13.3309927,0,0,0,,,,50
39684052,0.5,1,0,0,0.0241758227,0,0,0,15.9349623,0,8.58967113,8.42641926,0,13.3166971,0,0,0,,,,50
39685179,0.5,1,0,0,0.0161172152,0,0,0,15.9349623,0,8.54747581,8.42641926,0,13.3309927,0,0,0,,,,50
39686319,0.5,1,0,0,0.0241758227,0,0,0,15.9304171,0,8.56254578,8.42641926,0,13.3309927,0,0,0,,,,50
39687445,0.5,1,0,0,0.0241758227,0,0,0,15.9349623,0,8.52637863,8.42641926,0,13.3309927,0,0,0,,,,50
39688572,0.5,1,0,0,0.0161172152,0,0,0,15.9349623,0,8.54144764,8.42641926,0,13.3309927,0,0,0,,,,50
39689698,0.5,1,0,0,0.0161172152,0,0,0,15.9349623,0,8.5565176,8.42641926,0,13.3238449,0,0,0,,,,50
39690825,0.5,1,0,0,0.0241758227,0,0,0,15.9395075,0,8.5444622,8.42430782,0,13.3309927,0,0,0,,,,50
39692155,0.5,1,0,0,0.0322344303,0,0,0,15.9349623,0,8.58967113,8.42641926,0,13.3309927,0,0,0,,,,50
39693287,0.5,1,0,0,0.0241758227,0,0,0,15.9349623,0,8.56555939,8.42641926,0,13.3309927,0,0,0,,,,50
39694413,0.5,1,0,0,0.0241758227,0,0,0,15.9304171,0,8.53843403,8.42641926,0,13.3309927,0,0,0,,,,50
39695540,0.5,1,0,0,0.0161172152,0,0,0,15.9349623,0,8.53542042,8.42641926,0,13.3309927,0,0,0,,,,50
39696666,0.5,1,0,0,0.0161172152,0,0,0,15.9349623,0,8.55350399,8.42853069,0,13.3309927,0,0,0,,,,50
39697792,0.5,1,0,0,0.0161172152,0,0,0,15.9349623,0,8.54747581,8.42641926,0,13.3309927,0,0,0,,,,50
39698919,0.5,1,0,0,0.0161172152,0,0,0,15.9349623,0,8.59268475,8.42641926,0,13.3309927,0,0,0,,,,50
39700045,0.5,1,0,0,0.0241758227,0,0,0,15.9304171,0,8.5565176,8.42430782,0,13.3166971,0,0,0,,,,50
39701176,0.5,1,0,0,0.0161172152,0,0,0,15.9349623,0,8.5444622,8.42641926,0,13.3309927,0,0,0,,,,50
39702303,0.5,1,0,0,0.0161172152,0,0,0,15.9349623,0,8.53542042,8.42853069,0,13.3309927,0,0,0,,,,50
39703429,0.5,1,0,0,0.0241758227,0,0,0,15.9349623,0,8.55048943,8.42641926,0,13.3309927,0,0,0,,,,50
39704556,0.5,1,0,0,0.0241758227,0,0,0,15.9349623,0,8.58062935,8.42641926,0,13.3309927,0,0,0,,,,50
39705691,0.5,1,0,0,0.0241758227,0,0,0,15.9349623,0,8.56555939,8.42641926,0,13.3309927,0,0,0,,,,50
39706818,0.5,1,0,0,0.0161172152,0,0,0,15.9349623,0,8.52637863,8.42641926,0,13.3309927,0,0,0,,,,50
39707944,0.5,1,0,0,0.0241758227,0,0,0,15.9349623,0,8.54747581,8.42641926,0,13.3309927,0,0,0,,,,50
39709076,0.5,1,0,0,0.0161172152,0,0,0,15.9349623,0,8.51733685,8.42641926,0,13.3095493,0,0,0,,,,50
39710202,0.5,1,0,0,0.0241758227,0,0,0,15.9395075,0,8.52637863,8.42641926,0,13.3309927,0,0,0,,,,50
39711329,0.5,1,0,0,0.0161172152,0,0,0,15.9349623,0,8.55350399,8.42641926,0,13.3238449,0,0,0,,,,50
39712455,0.5,1,0,0,0.0161172152,0,0,0,15.9349623,0,8.55953121,8.42641926,0,13.3309927,0,0,0,,,,50
39713786,0.5,1,0,0,0.0161172152,0,0,0,15.9349623,0,8.5565176,8.42641926,0,13.3309927,0,0,0,,,,50
39714912,0.5,1,0,0,0.0241758227,0,0,0,15.9349623,0,8.55048943,8.42641926,0,13.3238449,0,0,0,,,,50
39716039,0.5,1,0,0,0.0241758227,0,0,0,15.9349623,0,8.56254578,8.42853069,0,13.3238449,0,0,0,,,,50
39717170,0.5,1,0,0,0.0161172152,0,0,0,15.9349623,0,8.54144764,8.42219639,0,13.3309927,0,0,0,,,,50
39718296,0.5,1,0,0,0.0241758227,0,0,0,15.9349623,0,8.59569836,8.42641926,0,13.3309927,0,0,0,,,,50
39719423,0.5,1,0,0,0.0161172152,0,0,0,15.9395075,0,8.57158756,8.42641926,0,13.3238449,0,0,0,,,,50
39720549,0.5,1,0,0,0.0241758227,0,0,0,15.9349623,0,8.5565176,8.42641926,0,13.3309927,0,0,0,,,,50
39721676,0.5,1,0,0,0.0161172152,0,0,0,15.9395075,0,8.56254578,8.42853069,0,13.3309927,0,0,0,,,,50
39722802,0.5,1,0,0,0.0241758227,0,0,0,15.9349623,0,8.5565176,8.42641926,0,13.3309927,0,0,0,,,,50
39723934,0.5,1,0,0,0.0161172152,0,0,0,15.9349623,0,8.56555939,8.42853069,0,13.3309927,0,0,0,,,,50
39725060,0.5,1,0,0,0.0241758227,0,0,0,15.9349623,0,8.52637863,8.42430782,0,13.3166971,0,0,0,,,,50
39726195,0.5,1,0,0,0.0161172152,0,0,0,15.9395075,0,8.55953121,8.42641926,0,13.3309927,0,0,0,,,,50
39727322,0.5,1,0,0,0.0241758227,0,0,0,15.9349623,0,8.55953121,8.42641926,0,13.3309927,0,0,0,,,,50
39728448,0.5,1,0,0,0.0161172152,0,0,0,15.9349623,0,8.57460117,8.42641926,0,13.3309927,0,0,0,,,,50
39729575,0.5,1,0,0,0.0161172152,0,0,0,15.9349623,0,8.54144764,8.42641926,0,13.3309927,0,0,0,,,,50
39730701,0.5,1,0,0,0.0161172152,0,0,0,15.9349623,0,8.54747581,8.42641926,0,13.3238449,0,0,0,,,,50
39731832,0.5,1,0,0,0.0241758227,0,0,0,15.9395075,0,8.53843403,8.42641926,0,13.3309927,0,0,0,,,,50
39732959,0.5,1,0,0,0.0161172152,0,0,0,15.9349623,0,8.5565176,8.42641926,0,13.3309927,0,0,0,,,,50
39734290,0.5,1,0,0,0.0241758227,0,0,0,15.9395075,0,8.55048943,8.42641926,0,13.3309927,0,0,0,,,,50
39735416,0.5,1,0,0,0.0161172152,0,0,0,15.9349623,0,8.52637863,8.42853069,0,13.3309927,0,0,0,,,,50
39736543,0.5,1,0,0,0.0161172152,0,0,0,15.9395075,0,8.54747581,8.42641926,0,13.3309927,0,0,0,,,,50
39737669,0.5,1,0,0,0.0241758227,0,0,0,15.9349623,0,8.55048943,8.42430782,0,13.3309927,0,0,0,,,,50
39738796,0.5,1,0,0,0.0241758227,0,0,0,15.9349623,0,8.58062935,8.42641926,0,13.3309927,0,0,0,,,,50
39739927,0.5,1,0,0,0.0241758227,0,0,0,15.9349623,0,8.53542042,8.42641926,0,13.3238449,0,0,0,,,,50
39741053,0.5,1,0,0,0.0161172152,0,0,0,15.9395075,0,8.57460117,8.42641926,0,13.3166971,0,0,0,,,,50
39742180,0.5,1,0,0,0.0161172152,0,0,0,15.9349623,0,8.56254578,8.42641926,0,13.3309927,0,0,0,,,,50
39743306,0.5,1,0,0,0.0241758227,0,0,0,15.9349623,0,8.58062935,8.42641926,0,13.3238449,0,0,0,,,,50
39744433,0.5,1,0,0,0.0161172152,0,0,0,15.9304171,0,8.55953121,8.42641926,0,13.3309927,0,0,0,,,,50
39745559,0.5,1,0,0,0.0322344303,0,0,0,15.9349623,0,8.54747581,8.42430782,0,13.3309927,0,0,0,,,,50
39746695,0.5,1,0,0,0.0241758227,0,0,0,15.9349623,0,8.56555939,8.42641926,0,13.3309927,0,0,0,,,,50
39747826,0.5,1,0,0,0.00805860758,0,0,0,15.9349623,0,8.55350399,8.42853069,0,13.3238449,0,0,0,,,,50
39748953,0.5,1,0,0,0.0241758227,0,0,0,15.9349623,0,8.56555939,8.42853069,0,13.3238449,0,0,0,,,,50
39750079,0.5,1,0,0,0.0161172152,0,0,0,15.9395075,0,8.568573,8.42641926,0,13.3095493,0,0,0,,,,50
39751206,0.5,1,0,0,0.0161172152,0,0,0,15.9395075,0,8.57158756,8.42219639,0,13.3309927,0,0,0,,,,50
39752332,0.5,1,0,0,0.0241758227,0,0,0,15.9304171,0,8.54144764,8.42641926,0,13.3309927,0,0,0,,,,50
39753459,0.5,1,0,0,0.0161172152,0,0,0,15.9304171,0,8.54747581,8.42430782,0,13.3309927,0,0,0,,,,50
39754794,0.5,1,0,0,0.0161172152,0,0,0,15.9349623,0,8.53542042,8.42008495,0,13.3309927,0,0,0,,,,50
39755920,0.5,1,0,0,0.0241758227,0,0,0,15.9349623,0,8.55953121,8.42641926,0,13.3309927,0,0,0,,,,50
39757047,0.5,1,0,0,0.0161172152,0,0,0,15.9349623,0,8.568573,8.42641926,0,13.3166971,0,0,0,,,,50
39758173,0.5,1,0,0,0.0161172152,0,0,0,15.9349623,0,8.52035046,8.42641926,0,13.3309927,0,0,0,,,,50
39759299,0.5,1,0,0,0.0241758227,0,0,0,15.9349623,0,8.57158756,8.42641926,0,13.3309927,0,0,0,,,,50
39760426,0.5,1,0,0,0.0241758227,0,0,0,15.9349623,0,8.5565176,8.42641926,0,13.3309927,0,0,0,,,,50
39761552,0.5,1,0,0,0.0241758227,0,0,0,15.9349623,0,8.56555939,8.42641926,0,13.3238449,0,0,0,,,,50
39762684,0.5,1,0,0,0.0241758227,0,0,0,15.9349623,0,8.54144764,8.42430782,0,13.3309927,0,0,0,,,,50
39763810,0.5,1,0,0,0.0161172152,0,0,0,15.9349623,0,8.54144764,8.42641926,0,13.3309927,0,0,0,,,,50
39764937,0.5,1,0,0,0.0241758227,0,0,0,15.9349623,0,8.56555939,8.42641926,0,13.3309927,0,0,0,,,,50
39766072,0.5,1,0,0,0.0161172152,0,0,0,15.9349623,0,8.55953121,8.42853069,0,13.3238449,0,0,0,,,,50
39767199,0.5,1,0,0,0.0161172152,0,0,0,15.9349623,0,8.56555939,8.42641926,0,13.3309927,0,0,0,,,,50
39768325,0.5,1,0,0,0.0161172152,0,0,0,15.9304171,0,8.5565176,8.42641926,0,13.3309927,0,0,0,,,,50
39769451,0.5,1,0,0,0.0241758227,0,0,0,15.9349623,0,8.53240585,8.42641926,0,13.3309927,0,0,0,,,,50
39770583,0.5,1,0,0,0.0241758227,0,0,0,15.9349623,0,8.58967113,8.42219639,0,13.3309927,0,0,0,,,,50
39771709,0.5,1,0,0,0.0161172152,0,0,0,15.9349623,0,8.56555939,8.42641926,0,13.3309927,0,0,0,,,,50
39772836,0.5,1,0,0,0.0161172152,0,0,0,15.9349623,0,8.55048943,8.42641926,0,13.3309927,0,0,0,,,,50
39773962,0.5,1,0,0,0.0161172152,0,0,0,15.9349623,0,8.50226688,8.42853069,0,13.3309927,0,0,0,,,,50
39775089,0.5,1,0,0,0.0161172152,0,0,0,15.9349623,0,8.53542042,8.42641926,0,13.3309927,0,0,0,,,,50
39776419,0.5,1,0,0,0.0161172152,0,0,0,15.9349623,0,8.5444622,8.42641926,0,13.3309927,0,0,0,,,,50
39777546,0.5,1,0,0,0.0241758227,0,0,0,15.9349623,0,8.52939224,8.42641926,0,13.3238449,0,0,0,,,,50
39778677,0.5,1,0,0,0.0161172152,0,0,0,15.9349623,0,8.55048943,8.42641926,0,13.3309927,0,0,0,,,,50
39779803,0.5,1,0,0,0.0161172152,0,0,0,15.9349623,0,8.54144764,8.42008495,0,13.3309927,0,0,0,,,,50
39780930,0.5,1,0,0,0.0161172152,0,0,0,15.9304171,0,8.57460117,8.42853069,0,13.3309927,0,0,0,,,,50
39782056,0.5,1,0,0,0.0161172152,0,0,0,15.9349623,0,8.52035046,8.42641926,0,13.3095493,0,0,0,,,,50
39783183,0.5,1,0,0,0.0161172152,0,0,0,15.9349623,0,8.55048943,8.42641926,0,13.3309927,0,0,0,,,,50
39784309,0.5,1,0,0,0.0241758227,0,0,0,15.9349623,0,8.56555939,8.42853069,0,13.3381405,0,0,0,,,,50
39785441,0.5,1,0,0,0.0161172152,0,0,0,15.9349623,0,8.52336502,8.42853069,0,13.3309927,0,0,0,,,,50
39786576,0.5,1,0,0,0.0161172152,0,0,0,15.9349623,0,8.54144764,8.42641926,0,13.3309927,0,0,0,,,,50
39787702,0.5,1,0,0,0.0241758227,0,0,0,15.9349623,0,8.53843403,8.42641926,0,13.3309927,0,0,0,,,,50
39788829,0.5,1,0,0,0.00805860758,0,0,0,15.9349623,0,8.57761478,8.42641926,0,13.3309927,0,0,0,,,,50
39789955,0.5,1,0,0,0.0161172152,0,0,0,15.9349623,0,8.57460117,8.42641926,0,13.3309927,0,0,0,,,,50
39791082,0.5,1,0,0,0.0161172152,0,0,0,15.9349623,0,8.57460117,8.42853069,0,13.3309927,0,0,0,,,,50
39792208,0.5,1,0,0,0.0241758227,0,0,0,15.9349623,0,8.54747581,8.42641926,0,13.3309927,0,0,0,,,,50
39793340,0.5,1,0,0,0.0161172152,0,0,0,15.9349623,0,8.56254578,8.42219639,0,13.3238449,0,0,0,,,,50
39794466,0.5,1,0,0,0.0161172152,0,0,0,15.9349623,0,8.53843403,8.42641926,0,13.3309927,0,0,0,,,,50
39795593,0.5,1,0,0,0.0161172152,0,0,0,15.9349623,0,8.55048943,8.42430782,0,13.3309927,0,0,0,,,,50
39796923,0.5,1,0,0,0.0322344303,0,0,0,15.9349623,0,8.55953121,8.42430782,0,13.3309927,0,0,0,,,,50
39798050,0.5,1,0,0,0.0241758227,0,0,0,15.9349623,0,8.55953121,8.42641926,0,13.3166971,0,0,0,,,,50
39799176,0.5,1,0,0,0.0161172152,0,0,0,15.9349623,0,8.54747581,8.42641926,0,13.3309927,0,0,0,,,,50
39800303,0.5,1,0,0,0.0161172152,0,0,0,15.9349623,0,8.55350399,8.42641926,0,13.3309927,0,0,0,,,,50
39801434,0.5,1,0,0,0.0161172152,0,0,0,15.9349623,0,8.49925327,8.42641926,0,13.3309927,0,0,0,,,,50
39802560,0.5,1,0,0,0.0161172152,0,0,0,15.9304171,0,8.53843403,8.42430782,0,13.3309927,0,0,0,,,,50
39803687,0.5,1,0,0,0.0241758227,0,0,0,15.9349623,0,8.51130867,8.42641926,0,13.3309927,0,0,0,,,,50
39804813,0.5,1,0,0,0.0322344303,0,0,0,15.9349623,0,8.54747581,8.42641926,0,13.3309927,0,0,0,,,,50
39805949,0.5,1,0,0,0.0241758227,0,0,0,15.9349623,0,8.5565176,8.42641926,0,13.3381405,0,0,0,,,,50
39807076,0.5,1,0,0,0.0322344303,0,0,0,15.9349623,0,8.5565176,8.42853069,0,13.3095493,0,0,0,,,,50
39808207,0.5,1,0,0,0.0161172152,0,0,0,15.9349623,0,8.55953121,8.41797352,0,13.3309927,0,0,0,,,,50
39809333,0.5,1,0,0,0.0161172152,0,0,0,15.9349623,0,8.54747581,8.42641926,0,13.3309927,0,0,0,,,,50
39810460,0.5,1,0,0,0.0241758227,0,0,0,15.9349623,0,8.57158756,8.42430782,0,13.3309927,0,0,0,,,,50
39811586,0.5,1,0,0,0.0161172152,0,0,0,15.9349623,0,8.54747581,8.42641926,0,13.3309927,0,0,0,,,,50
39812713,0.5,1,0,0,0.0322344303,0,0,0,15.9349623,0,8.55048943,8.42641926,0,13.3238449,0,0,0,,,,50
39813839,0.5,1,0,0,0.0241758227,0,0,0,15.9349623,0,8.55350399,8.42641926,0,13.3309927,0,0,0,,,,50
39814966,0.5,1,0,0,0.0161172152,0,0,0,15.9349623,0,8.55048943,8.42641926,0,13.3309927,0,0,0,,,,50
39816097,0.5,1,0,0,0.0161172152,0,0,0,15.9349623,0,8.57761478,8.42008495,0,13.3309927,0,0,0,,,,50
39817223,0.5,1,0,0,0.0161172152,0,0,0,15.9304171,0,8.56555939,8.42641926,0,13.3309927,0,0,0,,,,50
39818554,0.5,1,0,0,0.0241758227,0,0,0,15.9349623,0,8.56254578,8.42641926,0,13.3309927,0,0,0,,,,50
39819680,0.5,1,0,0,0.0322344303,0,0,0,15.9349623,0,8.56254578,8.42641926,0,13.3309927,0,0,0,,,,50
39820807,0.5,1,0,0,0.0161172152,0,0,0,15.9349623,0,8.55953121,8.42853069,0,13.3309927,0,0,0,,,,50
39821933,0.5,1,0,0,0.0161172152,0,0,0,15.9349623,0,8.53240585,8.42008495,0,13.3309927,0,0,0,,,,50
39823060,0.5,1,0,0,0.00805860758,0,0,0,15.9349623,0,8.50528145,8.42641926,0,13.3095493,0,0,0,,,,50
39824191,0.5,1,0,0,0.0241758227,0,0,0,15.9395075,0,8.55048943,8.42641926,0,13.3309927,0,0,0,,,,50
39825317,0.5,1,0,0,0.0161172152,0,0,0,15.9349623,0,8.52939224,8.42641926,0,13.3238449,0,0,0,,,,50
39826453,0.5,1,0,0,0.0161172152,0,0,0,15.9349623,0,8.56254578,8.42641926,0,13.3309927,0,0,0,,,,50
39827579,0.5,1,0,0,0.0161172152,0,0,0,15.9349623,0,8.54747581,8.42430782,0,13.3238449,0,0,0,,,,50
39828706,0.5,1,0,0,0.0241758227,0,0,0,15.9304171,0,8.54747581,8.42641926,0,13.3309927,0,0,0,,,,50
39829832,0.5,1,0,0,0.0161172152,0,0,0,15.9349623,0,8.5444622,8.42641926,0,13.3309927,0,0,0,,,,50
39830959,0.5,1,0,0,0.0161172152,0,0,0,15.9349623,0,8.54144764,8.42641926,0,13.3309927,0,0,0,,,,50
39832090,0.5,1,0,0,0.0161172152,0,0,0,15.9349623,0,8.5565176,8.42641926,0,13.3309927,0,0,0,,,,50
39833216,0.5,1,0,0,0.0161172152,0,0,0,15.9304171,0,8.55048943,8.42430782,0,13.3309927,0,0,0,,,,50
39834343,0.5,1,0,0,0.0161172152,0,0,0,15.9349623,0,8.55350399,8.42641926,0,13.3238449,0,0,0,,,,50
39835469,0.5,1,0,0,0.0161172152,0,0,0,15.9349623,0,8.55048943,8.42641926,0,13.3309927,0,0,0,,,,50
39836596,0.5,1,0,0,0.0161172152,0,0,0,15.9349623,0,8.59268475,8.42641926,0,13.3309927,0,0,0,,,,50
39837722,0.5,1,0,0,0.0161172152,0,0,0,15.9349623,0,8.55953121,8.42641926,0,13.3309927,0,0,0,,,,50
39839057,0.5,1,0,0,0.0161172152,0,0,0,15.9349623,0,8.52035046,8.42853069,0,13.3166971,0,0,0,,,,50
39840183,0.5,1,0,0,0.0161172152,0,0,0,15.9349623,0,8.55048943,8.42641926,0,13.3238449,0,0,0,,,,50
39841309,0.5,1,0,0,0.00805860758,0,0,0,15.9304171,0,8.54747581,8.42641926,0,13.3309927,0,0,0,,,,50
39842435,0.5,1,0,0,0.0161172152,0,0,0,15.9349623,0,8.54747581,8.42641926,0,13.3238449,0,0,0,,,,50
39843561,0.5,1,0,0,0.0161172152,0,0,0,15.9349623,0,8.56555939,8.42853069,0,13.3309927,0,0,0,,,,50
39844688,0.5,1,0,0,0.0161172152,0,0,0,15.9349623,0,8.55048943,8.42641926,0,13.3309927,0,0,0,,,,50
39845823,0.5,1,0,0,0.0241758227,0,0,0,15.9349623,0,8.54747581,8.42641926,0,13.3309927,0,0,0,,,,50
39846955,0.5,1,0,0,0.0241758227,0,0,0,15.9349623,0,8.59268475,8.42641926,0,13.3309927,0,0,0,,,,50
39848081,0.5,1,0,0,0.0161172152,0,0,0,15.9349623,0,8.55350399,8.42853069,0,13.3024006,0,0,0,,,,50
39849208,0.5,1,0,0,0.0161172152,0,0,0,15.9349623,0,8.52939224,8.42641926,0,13.3238449,0,0,0,,,,50
39850334,0.5,1,0,0,0.0161172152,0,0,0,15.9349623,0,8.52939224,8.42008495,0,13.3309927,0,0,0,,,,50
39851461,0.5,1,0,0,0.0161172152,0,0,0,15.9349623,0,8.58062935,8.42853069,0,13.3238449,0,0,0,,,,50
39852587,0.5,1,0,0,0.0241758227,0,0,0,15.9349623,0,8.55350399,8.42641926,0,13.3309927,0,0,0,,,,50
39853714,0.5,1,0,0,0.0161172152,0,0,0,15.9349623,0,8.5444622,8.42641926,0,13.3238449,0,0,0,,,,50
39854845,0.5,1,0,0,0.0322344303,0,0,0,15.9304171,0,8.52939224,8.42641926,0,13.3309927,0,0,0,,,,50
39855971,0.5,1,0,0,0.0161172152,0,0,0,15.9349623,0,8.50829506,8.42008495,0,13.3309927,0,0,0,,,,50
39857098,0.5,1,0,0,0.0161172152,0,0,0,15.9349623,0,8.54747581,8.42641926,0,13.3309927,0,0,0,,,,50
39858224,0.5,1,0,0,0.0241758227,0,0,0,15.9304171,0,8.55953121,8.42641926,0,13.3309927,0,0,0,,,,50
39859351,0.5,1,0,0,0.0161172152,0,0,0,15.9349623,0,8.54747581,8.42853069,0,13.3309927,0,0,0,,,,50
39860681,0.5,1,0,0,0.0241758227,0,0,0,15.9349623,0,8.56555939,8.42641926,0,13.3238449,0,0,0,,,,50
39861808,0.5,1,0,0,0.0161172152,0,0,0,15.9349623,0,8.52035046,8.42641926,0,13.3309927,0,0,0,,,,50
39862939,0.5,1,0,0,0.0161172152,0,0,0,15.9349623,0,8.54144764,8.42641926,0,13.3238449,0,0,0,,,,50
39864065,0.5,1,0,0,0.0161172152,0,0,0,15.9304171,0,8.59268475,8.42641926,0,13.3095493,0,0,0,,,,50
39865191,0.5,1,0,0,0.0161172152,0,0,0,15.9349623,0,8.58062935,8.42641926,0,13.3238449,0,0,0,,,,50
39866326,0.5,1,0,0,0.0161172152,0,0,0,15.9349623,0,8.5444622,8.42641926,0,13.3309927,0,0,0,,,,50
39867453,0.5,1,0,0,0.0241758227,0,0,0,15.9349623,0,8.55953121,8.42430782,0,13.3238449,0,0,0,,,,50
39868579,0.5,1,0,0,0.0241758227,0,0,0,15.9349623,0,8.53843403,8.42641926,0,13.3309927,0,0,0,,,,50
39869711,0.5,1,0,0,0.0161172152,0,0,0,15.9349623,0,8.57460117,8.42641926,0,13.3309927,0,0,0,,,,50
39870837,0.5,1,0,0,0.0241758227,0,0,0,15.9349623,0,8.55953121,8.42641926,0,13.3309927,0,0,0,,,,50
39871963,0.5,1,0,0,0.0161172152,0,0,0,15.9304171,0,8.5444622,8.42641926,0,13.3238449,0,0,0,,,,50
39873090,0.5,1,0,0,0.0241758227,0,0,0,15.9304171,0,8.56555939,8.42853069,0,13.3309927,0,0,0,,,,50
39874217,0.5,1,0,0,0.0241758227,0,0,0,15.9304171,0,8.57158756,8.42641926,0,13.3309927,0,0,0,,,,50
39875343,0.5,1,0,0,0.0161172152,0,0,0,15.9349623,0,8.55350399,8.42430782,0,13.3309927,0,0,0,,,,50
39876470,0.5,1,0,0,0.0241758227,0,0,0,15.9349623,0,8.57460117,8.42641926,0,13.3381405,0,0,0,,,,50
39877601,0.5,1,0,0,0.0161172152,0,0,0,15.9349623,0,8.54144764,8.42641926,0,13.3309927,0,0,0,,,,50
39878727,0.5,1,0,0,0.0241758227,0,0,0,15.9349623,0,8.53843403,8.42641926,0,13.3238449,0,0,0,,,,50
39879854,0.5,1,0,0,0.0241758227,0,0,0,15.9349623,0,8.568573,8.42641926,0,13.3309927,0,0,0,,,,50
39881184,0.5,1,0,0,0.0161172152,0,0,0,15.9349623,0,8.57761478,8.42641926,0,13.3309927,0,0,0,,,,50
39882311,0.5,1,0,0,0.0241758227,0,0,0,15.9349623,0,8.52939224,8.42641926,0,13.3309927,0,0,0,,,,50
39883437,0.5,1,0,0,0.0161172152,0,0,0,15.9304171,0,8.56555939,8.42641926,0,13.3309927,0,0,0,,,,50
39884564,0.5,1,0,0,0.0241758227,0,0,0,15.9349623,0,8.58364296,8.42641926,0,13.3309927,0,0,0,,,,50
39885704,0.5,1,0,0,0.0241758227,0,0,0,15.9349623,0,8.568573,8.42641926,0,13.3309927,0,0,0,,,,50
39886831,0.5,1,0,0,0.0322344303,0,0,0,15.9349623,0,8.54747581,8.42641926,0,13.3309927,0,0,0,,,,50
39887957,0.5,1,0,0,0.0161172152,0,0,0,15.9349623,0,8.53240585,8.42641926,0,13.3309927,0,0,0,,,,50
39889083,0.5,1,0,0,0.0241758227,0,0,0,15.9349623,0,8.53843403,8.42641926,0,13.3309927,0,0,0,,,,50
39890210,0.5,1,0,0,0.0161172152,0,0,0,15.9304171,0,8.56555939,8.42219639,0,13.3309927,0,0,0,,,,50
39891336,0.5,1,0,0,0.0241758227,0,0,0,15.9349623,0,8.55953121,8.42641926,0,13.3309927,0,0,0,,,,50
39892463,0.5,1,0,0,0.0241758227,0,0,0,15.9349623,0,8.52035046,8.42641926,0,13.3238449,0,0,0,,,,50
39893594,0.5,1,0,0,0.0161172152,0,0,0,15.9349623,0,8.52336502,8.42641926,0,13.3309927,0,0,0,,,,50
39894721,0.5,1,0,0,0.0161172152,0,0,0,15.9349623,0,8.56254578,8.42641926,0,13.3309927,0,0,0,,,,50
39895847,0.5,1,0,0,0.0161172152,0,0,0,15.9349623,0,8.55048943,8.42008495,0,13.3309927,0,0,0,,,,50
39896974,0.5,1,0,0,0.0161172152,0,0,0,15.9395075,0,8.5565176,8.42641926,0,13.3309927,0,0,0,,,,50
39898100,0.5,1,0,0,0.0241758227,0,0,0,15.9304171,0,8.53240585,8.42853069,0,13.3238449,0,0,0,,,,50
39899227,0.5,1,0,0,0.0161172152,0,0,0,15.9304171,0,8.53843403,8.42641926,0,13.3309927,0,0,0,,,,50
39900358,0.5,1,0,0,0.0161172152,0,0,0,15.9349623,0,8.55048943,8.42641926,0,13.3309927,0,0,0,,,,50
39901484,0.5,1,0,0,0.0241758227,0,0,0,15.9349623,0,8.5444622,8.42641926,0,13.3238449,0,0,0,,,,50
39902815,0.5,1,0,0,0.0241758227,0,0,0,15.9349623,0,8.55953121,8.42641926,0,13.3238449,0,0,0,,,,50
39903941,0.5,1,0,0,0.0241758227,0,0,0,15.9349623,0,8.568573,8.42641926,0,13.3238449,0,0,0,,,,50
39905068,0.5,1,0,0,0.0322344303,0,0,0,15.9349623,0,8.54144764,8.42008495,0,13.3095493,0,0,0,,,,50
39906203,0.5,1,0,0,0.00805860758,0,0,0,15.9349623,0,8.5565176,8.42641926,0,13.3309927,0,0,0,,,,50
39907330,0.5,1,0,0,0.0161172152,0,0,0,15.9349623,0,8.56254578,8.42641926,0,13.3309927,0,0,0,,,,50
39908461,0.5,1,0,0,0.00805860758,0,0,0,15.9304171,0,8.53542042,8.42641926,0,13.3309927,0,0,0,,,,50
39909587,0.5,1,0,0,0.0241758227,0,0,0,15.9349623,0,8.56555939,8.42641926,0,13.3309927,0,0,0,,,,50
39910713,0.5,1,0,0,0.0322344303,0,0,0,15.9349623,0,8.5565176,8.42641926,0,13.3381405,0,0,0,,,,50
39911839,0.5,1,0,0,0.0161172152,0,0,0,15.9349623,0,8.55350399,8.42641926,0,13.3309927,0,0,0,,,,50
39912966,0.5,1,0,0,0.0161172152,0,0,0,15.9349623,0,8.56254578,8.42641926,0,13.3309927,0,0,0,,,,50
39914092,0.5,1,0,0,0.0241758227,0,0,0,15.9349623,0,8.568573,8.42641926,0,13.3381405,0,0,0,,,,50
39915219,0.5,1,0,0,0.0161172152,0,0,0,15.9304171,0,8.53843403,8.42641926,0,13.3309927,0,0,0,,,,50
39916350,0.5,1,0,0,0.0161172152,0,0,0,15.9349623,0,8.55048943,8.42641926,0,13.3309927,0,0,0,,,,50
39917476,0.5,1,0,0,0.0161172152,0,0,0,15.9349623,0,8.52637863,8.42641926,0,13.3309927,0,0,0,,,,50
39918602,0.5,1,0,0,0.0161172152,0,0,0,15.9349623,0,8.5565176,8.42008495,0,13.3309927,0,0,0,,,,50
39919728,0.5,1,0,0,0.0161172152,0,0,0,15.9349623,0,8.568573,8.42641926,0,13.3309927,0,0,0,,,,50
39920855,0.5,1,0,0,0.0241758227,0,0,0,15.9349623,0,8.568573,8.42641926,0,13.3309927,0,0,0,,,,50
39921981,0.5,1,0,0,0.0241758227,0,0,0,15.9349623,0,8.54144764,8.42641926,0,13.3309927,0,0,0,,,,50
39923312,0.5,1,0,0,0.0241758227,0,0,0,15.9349623,0,8.52035046,8.42641926,0,13.3309927,0,0,0,,,,50
39924443,0.5,1,0,0,0.0161172152,0,0,0,15.9395075,0,8.55350399,8.42641926,0,13.3309927,0,0,0,,,,50
39925578,0.5,1,0,0,0.0241758227,0,0,0,15.9349623,0,8.55953121,8.42641926,0,13.3309927,0,0,0,,,,50
39926705,0.5,1,0,0,0.0161172152,0,0,0,15.9349623,0,8.56254578,8.42641926,0,13.3238449,0,0,0,,,,50
39927831,0.5,1,0,0,0.0161172152,0,0,0,15.9349623,0,8.54144764,8.42641926,0,13.3309927,0,0,0,,,,50
39928957,0.5,1,0,0,0.0161172152,0,0,0,15.9349623,0,8.52939224,8.42641926,0,13.3309927,0,0,0,,,,50
39930083,0.5,1,0,0,0.0241758227,0,0,0,15.9349623,0,8.568573,8.42641926,0,13.3309927,0,0,0,,,,50
39931214,0.5,1,0,0,0.0161172152,0,0,0,15.9395075,0,8.53843403,8.42641926,0,13.3309927,0,0,0,,,,50
39932341,0.5,1,0,0,0.0241758227,0,0,0,15.9349623,0,8.568573,8.42641926,0,13.3309927,0,0,0,,,,50
39933467,0.5,1,0,0,0.0241758227,0,0,0,15.9349623,0,8.56254578,8.42641926,0,13.3309927,0,0,0,,,,50
39934594,0.5,1,0,0,0.0241758227,0,0,0,15.9349623,0,8.56555939,8.42641926,0,13.3309927,0,0,0,,,,50
39935720,0.5,1,0,0,0.0241758227,0,0,0,15.9349623,0,8.568573,8.42008495,0,13.3309927,0,0,0,,,,50
39936847,0.5,1,0,0,0.0161172152,0,0,0,15.9349623,0,8.55350399,8.42641926,0,13.3309927,0,0,0,,,,50
39937973,0.5,1,0,0,0.0161172152,0,0,0,15.9349623,0,8.55048943,8.42641926,0,13.3309927,0,0,0,,,,50
39939104,0.5,1,0,0,0.0161172152,0,0,0,15.9349623,0,8.53843403,8.42641926,0,13.3309927,0,0,0,,,,50
39940231,0.5,1,0,0,0.0241758227,0,0,0,15.9304171,0,8.57158756,8.42641926,0,13.3309927,0,0,0,,,,50
39941357,0.5,1,0,0,0.0161172152,0,0,0,15.9304171,0,8.57158756,8.42641926,0,13.3309927,0,0,0,,,,50
39942484,0.5,1,0,0,0.0241758227,0,0,0,15.9349623,0,8.53843403,8.42641926,0,13.3309927,0,0,0,,,,50
39943814,0.5,1,0,0,0.0241758227,0,0,0,15.9395075,0,8.50226688,8.42853069,0,13.3309927,0,0,0,,,,50
39944941,0.5,1,0,0,0.0161172152,0,0,0,15.9349623,0,8.56254578,8.42008495,0,13.3309927,0,0,0,,,,50
39946076,0.5,1,0,0,0.0241758227,0,0,0,15.9349623,0,8.57761478,8.42853069,0,13.3238449,0,0,0,,,,50
39947207,0.5,1,0,0,0.0161172152,0,0,0,15.9395075,0,8.55350399,8.42641926,0,13.3309927,0,0,0,,,,50
39948334,0.5,1,0,0,0.0241758227,0,0,0,15.9349623,0,8.5565176,8.42641926,0,13.3309927,0,0,0,,,,50
39949460,0.5,1,0,0,0.0241758227,0,0,0,15.9349623,0,8.56254578,8.42641926,0,13.3309927,0,0,0,,,,50
39950587,0.5,1,0,0,0.0241758227,0,0,0,15.9349623,0,8.55953121,8.42641926,0,13.3309927,0,0,0,,,,50
39951713,0.5,1,0,0,0.0161172152,0,0,0,15.9349623,0,8.568573,8.42641926,0,13.3238449,0,0,0,,,,50
39952840,0.5,1,0,0,0.0241758227,0,0,0,15.9349623,0,8.55048943,8.42641926,0,13.3309927,0,0,0,,,,50
39953971,0.5,1,0,0,0.0241758227,0,0,0,15.9349623,0,8.52939224,8.42853069,0,13.3309927,0,0,0,,,,50
39955097,0.5,1,0,0,0.0161172152,0,0,0,15.9349623,0,8.53843403,8.42641926,0,13.3309927,0,0,0,,,,50
39956224,0.5,1,0,0,0.0241758227,0,0,0,15.9349623,0,8.58665657,8.42008495,0,13.3238449,0,0,0,,,,50
39957350,0.5,1,0,0,0.0241758227,0,0,0,15.9349623,0,8.54747581,8.42641926,0,13.3238449,0,0,0,,,,50
39958477,0.5,1,0,0,0.0161172152,0,0,0,15.9349623,0,8.59569836,8.42641926,0,13.3309927,0,0,0,,,,50
39959604,0.5,1,0,0,0.00805860758,0,0,0,15.9349623,0,8.56254578,8.42641926,0,13.3309927,0,0,0,,,,50
39960730,0.5,1,0,0,0.0161172152,0,0,0,15.9349623,0,8.57460117,8.42641926,0,13.3309927,0,0,0,,,,50
39961861,0.5,1,0,0,0.0161172152,0,0,0,15.9304171,0,8.54747581,8.42641926,0,13.3309927,0,0,0,,,,50
39962987,0.5,1,0,0,0.0161172152,0,0,0,15.9349623,0,8.568573,8.42641926,0,13.3309927,0,0,0,,,,50
39964114,0.5,1,0,0,0.0161172152,0,0,0,15.9349623,0,8.55350399,8.41797352,0,13.3238449,0,0,0,,,,50
39965444,0.5,1,0,0,0.0161172152,0,0,0,15.9349623,0,8.50226688,8.42853069,0,13.3309927,0,0,0,,,,50
39966580,0.5,1,0,0,0.0161172152,0,0,0,15.9349623,0,8.55350399,8.42641926,0,13.3238449,0,0,0,,,,50
39967706,0.5,1,0,0,0.0161172152,0,0,0,15.9395075,0,8.50528145,8.42008495,0,13.3309927,0,0,0,,,,50
39968833,0.5,1,0,0,0.0161172152,0,0,0,15.9349623,0,8.55048943,8.42641926,0,13.3309927,0,0,0,,,,50
39969964,0.5,1,0,0,0.0161172152,0,0,0,15.9349623,0,8.5444622,8.42641926,0,13.3309927,0,0,0,,,,50
39971090,0.5,1,0,0,0.0241758227,0,0,0,15.9349623,0,8.55953121,8.42641926,0,13.3309927,0,0,0,,,,50
39972217,0.5,1,0,0,0.0161172152,0,0,0,15.9304171,0,8.58665657,8.42641926,0,13.3309927,0,0,0,,,,50
39973343,0.5,1,0,0,0.0161172152,0,0,0,15.9349623,0,8.55953121,8.42430782,0,13.3309927,0,0,0,,,,50
39974470,0.5,1,0,0,0.0161172152,0,0,0,15.9349623,0,8.56555939,8.42641926,0,13.3309927,0,0,0,,,,50
39975596,0.5,1,0,0,0.0241758227,0,0,0,15.9349623,0,8.52637863,8.42430782,0,13.3309927,0,0,0,,,,50
39976722,0.5,1,0,0,0.0241758227,0,0,0,15.9349623,0,8.57761478,8.42641926,0,13.3309927,0,0,0,,,,50
39977853,0.5,1,0,0,0.0161172152,0,0,0,15.9349623,0,8.53843403,8.42641926,0,13.3309927,0,0,0,,,,50
39978979,0.5,1,0,0,0.0161172152,0,0,0,15.9349623,0,8.51733685,8.42641926,0,13.3309927,0,0,0,,,,50
39980106,0.5,1,0,0,0.0161172152,0,0,0,15.9349623,0,8.55048943,8.42641926,0,13.3309927,0,0,0,,,,50
39981232,0.5,1,0,0,0.0241758227,0,0,0,15.9304171,0,8.52939224,8.42641926,0,13.3238449,0,0,0,,,,50
39982359,0.5,1,0,0,0.0241758227,0,0,0,15.9395075,0,8.54747581,8.42641926,0,13.3309927,0,0,0,,,,50
39983485,0.5,1,0,0,0.0161172152,0,0,0,15.9304171,0,8.54144764,8.42853069,0,13.3238449,0,0,0,,,,50
39984616,0.5,1,0,0,0.0161172152,0,0,0,15.9349623,0,8.53240585,8.42641926,0,13.3309927,0,0,0,,,,50
39985956,0.5,1,0,0,0.0161172152,0,0,0,15.9349623,0,8.57460117,8.42853069,0,13.3309927,0,0,0,,,,50
39987082,0.5,1,0,0,0.0161172152,0,0,0,15.9349623,0,8.56555939,8.42641926,0,13.3238449,0,0,0,,,,50
39988208,0.5,1,0,0,0.0241758227,0,0,0,15.9395075,0,8.59268475,8.42641926,0,13.3309927,0,0,0,,,,50
39989334,0.5,1,0,0,0.00805860758,0,0,0,15.9349623,0,8.5565176,8.42641926,0,13.3238449,0,0,0,,,,50
39990461,0.5,1,0,0,0.0241758227,0,0,0,15.9349623,0,8.568573,8.42641926,0,13.3309927,0,0,0,,,,50
39991587,0.5,1,0,0,0.0161172152,0,0,0,15.9349623,0,8.568573,8.42641926,0,13.3309927,0,0,0,,,,50
39992718,0.5,1,0,0,0.0241758227,0,0,0,15.9349623,0,8.568573,8.42641926,0,13.3309927,0,0,0,,,,50
39993845,0.5,1,0,0,0.0161172152,0,0,0,15.9349623,0,8.58364296,8.42641926,0,13.3309927,0,0,0,,,,50
39994971,0.5,1,0,0,0.0241758227,0,0,0,15.9349623,0,8.57158756,8.42853069,0,13.3309927,0,0,0,,,,50
39996098,0.5,1,0,0,0.0161172152,0,0,0,15.9349623,0,8.568573,8.42430782,0,13.3309927,0,0,0,,,,50
39997224,0.5,1,0,0,0.0241758227,0,0,0,15.9395075,0,8.56254578,8.42641926,0,13.3309927,0,0,0,,,,50
39998351,0.5,1,0,0,0.0161172152,0,0,0,15.9349623,0,8.52336502,8.42641926,0,13.3238449,0,0,0,,,,50
39999477,0.5,1,0,0,0.0241758227,0,0,0,15.9349623,0,8.568573,8.42641926,0,13.3309927,0,0,0,,,,50
40000608,0.5,1,0,0,0.0241758227,0,0,0,15.9395075,0,8.53240585,8.42641926,0,13.3238449,0,0,0,,,,50
40001735,0.5,1,0,0,0.0161172152,0,0,0,15.9349623,0,8.54747581,8.42430782,0,13.3309927,0,0,0,,,,50
40002861,0.5,1,0,0,0.0161172152,0,0,0,15.9349623,0,8.55953121,8.42641926,0,13.3309927,0,0,0,,,,50
40003988,0.5,1,0,0,0.0241758227,0,0,0,15.9349623,0,8.57761478,8.42008495,0,13.3309927,0,0,0,,,,50
40005114,0.5,1,0,0,0.0161172152,0,0,0,15.9349623,0,8.56254578,8.42641926,0,13.3309927,0,0,0,,,,50
40006250,0.5,1,0,0,0.0161172152,0,0,0,15.9349623,0,8.55350399,8.42641926,0,13.3309927,0,0,0,,,,50
40007580,0.5,1,0,0,0.0241758227,0,0,0,15.9349623,0,8.56254578,8.42641926,0,13.3309927,0,0,0,,,,50
40008711,0.5,1,0,0,0.0161172152,0,0,0,15.9349623,0,8.53843403,8.42641926,0,13.3309927,0,0,0,,,,50
40009838,0.5,1,0,0,0.0161172152,0,0,0,15.9349623,0,8.5565176,8.42641926,0,13.3309927,0,0,0,,,,50
40010964,0.5,1,0,0,0.0161172152,0,0,0,15.9349623,0,8.52035046,8.42641926,0,13.3238449,0,0,0,,,,50
40012091,0.5,1,0,0,0.0161172152,0,0,0,15.9349623,0,8.54747581,8.42641926,0,13.3309927,0,0,0,,,,50
40013217,0.5,1,0,0,0.0161172152,0,0,0,15.9395075,0,8.56254578,8.42430782,0,13.3309927,0,0,0,,,,50
40014344,0.5,1,0,0,0.0161172152,0,0,0,15.9349623,0,8.5565176,8.42641926,0,13.3309927,0,0,0,,,,50
40015475,0.5,1,0,0,0.0161172152,0,0,0,15.9304171,0,8.568573,8.42641926,0,13.3309927,0,0,0,,,,50
40016601,0.5,1,0,0,0.0241758227,0,0,0,15.9395075,0,8.53843403,8.42641926,0,13.3309927,0,0,0,,,,50
40017728,0.5,1,0,0,0.0241758227,0,0,0,15.9349623,0,8.54144764,8.42641926,0,13.3309927,0,0,0,,,,50
40018854,0.5,1,0,0,0.0161172152,0,0,0,15.9349623,0,8.5444622,8.42430782,0,13.3309927,0,0,0,,,,50
40019981,0.5,1,0,0,0.0161172152,0,0,0,15.9304171,0,8.52939224,8.42641926,0,13.3309927,0,0,0,,,,50
40021107,0.5,1,0,0,0.0161172152,0,0,0,15.9349623,0,8.58062935,8.42641926,0,13.3309927,0,0,0,,,,50
40022234,0.5,1,0,0,0.0322344303,0,0,0,15.9304171,0,8.51733685,8.42641926,0,13.3238449,0,0,0,,,,50
40023365,0.5,1,0,0,0.0161172152,0,0,0,15.9304171,0,8.58967113,8.42853069,0,13.3309927,0,0,0,,,,50
40024491,0.5,1,0,0,0.0241758227,0,0,0,15.9349623,0,8.56555939,8.42008495,0,13.3309927,0,0,0,,,,50
40025626,0.5,1,0,0,0.0241758227,0,0,0,15.9349623,0,8.55953121,8.42641926,0,13.3309927,0,0,0,,,,50
40026753,0.5,1,0,0,0.0322344303,0,0,0,15.9349623,0,8.55953121,8.42641926,0,13.3309927,0,0,0,,,,50
40028083,0.5,1,0,0,0.0161172152,0,0,0,15.9349623,0,8.55350399,8.42219639,0,13.3309927,0,0,0,,,,50
40029209,0.5,1,0,0,0.0161172152,0,0,0,15.9349623,0,8.55953121,8.42641926,0,13.3309927,0,0,0,,,,50
40030335,0.5,1,0,0,0.0241758227,0,0,0,15.9349623,0,8.53542042,8.42641926,0,13.3309927,0,0,0,,,,50
40031466,0.5,1,0,0,0.0241758227,0,0,0,15.9395075,0,8.53240585,8.42641926,0,13.3238449,0,0,0,,,,50
40032593,0.5,1,0,0,0.0241758227,0,0,0,15.9395075,0,8.51432323,8.42641926,0,13.3309927,0,0,0,,,,50
40033719,0.5,1,0,0,0.0241758227,0,0,0,15.9349623,0,8.5444622,8.42853069,0,13.3381405,0,0,0,,,,50
40034845,0.5,1,0,0,0.0241758227,0,0,0,15.9349623,0,8.54747581,8.42641926,0,13.3309927,0,0,0,,,,50
40035971,0.5,1,0,0,0.0161172152,0,0,0,15.9349623,0,8.57158756,8.42008495,0,13.3238449,0,0,0,,,,50
40037097,0.5,1,0,0,0.0161172152,0,0,0,15.9349623,0,8.52336502,8.42641926,0,13.3309927,0,0,0,,,,50
40038223,0.5,1,0,0,0.0161172152,0,0,0,15.9349623,0,8.52939224,8.42641926,0,13.3309927,0,0,0,,,,50
40039354,0.5,1,0,0,0.0161172152,0,0,0,15.9395075,0,8.53843403,8.42641926,0,13.3381405,0,0,0,,,,50
40040480,0.5,1,0,0,0.0161172152,0,0,0,15.9349623,0,8.57761478,8.42641926,0,13.3309927,0,0,0,,,,50
40041606,0.5,1,0,0,0.0241758227,0,0,0,15.9349623,0,8.54747581,8.42219639,0,13.3309927,0,0,0,,,,50
40042733,0.5,1,0,0,0.0161172152,0,0,0,15.9349623,0,8.55953121,8.42641926,0,13.3309927,0,0,0,,,,50
40043859,0.5,1,0,0,0.0241758227,0,0,0,15.9395075,0,8.5565176,8.42641926,0,13.3309927,0,0,0,,,,50
40044986,0.5,1,0,0,0.0241758227,0,0,0,15.9349623,0,8.53542042,8.42853069,0,13.3309927,0,0,0,,,,50
40046126,0.5,1,0,0,0.0241758227,0,0,0,15.9349623,0,8.51130867,8.42641926,0,13.3309927,0,0,0,,,,50
40047252,0.5,1,0,0,0.0161172152,0,0,0,15.9304171,0,8.55048943,8.42430782,0,13.3238449,0,0,0,,,,50
40048379,0.5,1,0,0,0.0241758227,0,0,0,15.9349623,0,8.57460117,8.42641926,0,13.3309927,0,0,0,,,,50
40049709,0.5,1,0,0,0.0161172152,0,0,0,15.9349623,0,8.54747581,8.42641926,0,13.3309927,0,0,0,,,,50
40050836,0.5,1,0,0,0.0241758227,0,0,0,15.9349623,0,8.55953121,8.42641926,0,13.3309927,0,0,0,,,,50
40051962,0.5,1,0,0,0.0161172152,0,0,0,15.9349623,0,8.55048943,8.42641926,0,13.3309927,0,0,0,,,,50
40053089,0.5,1,0,0,0.0161172152,0,0,0,15.9349623,0,8.55048943,8.42641926,0,13.3309927,0,0,0,,,,50
40054220,0.5,1,0,0,0.0241758227,0,0,0,15.9349623,0,8.54144764,8.42641926,0,13.3309927,0,0,0,,,,50
40055346,0.5,1,0,0,0.0161172152,0,0,0,15.9349623,0,8.53843403,8.42641926,0,13.3309927,0,0,0,,,,50
40056473,0.5,1,0,0,0.0161172152,0,0,0,15.9349623,0,8.54144764,8.42853069,0,13.3309927,0,0,0,,,,50
40057599,0.5,1,0,0,0.0161172152,0,0,0,15.9349623,0,8.51432323,8.42641926,0,13.3309927,0,0,0,,,,50
40058726,0.5,1,0,0,0.0241758227,0,0,0,15.9349623,0,8.52939224,8.42219639,0,13.3309927,0,0,0,,,,50
40059852,0.5,1,0,0,0.0161172152,0,0,0,15.9349623,0,8.5444622,8.42853069,0,13.3381405,0,0,0,,,,50
40060978,0.5,1,0,0,0.0161172152,0,0,0,15.9349623,0,8.58665657,8.42853069,0,13.3381405,0,0,0,,,,50
40062110,0.5,1,0,0,0.0241758227,0,0,0,15.9349623,0,8.568573,8.42641926,0,13.3309927,0,0,0,,,,50
40063236,0.5,1,0,0,0.0241758227,0,0,0,15.9395075,0,8.53843403,8.42641926,0,13.3309927,0,0,0,,,,50
40064363,0.5,1,0,0,0.0241758227,0,0,0,15.9349623,0,8.55048943,8.42641926,0,13.3238449,0,0,0,,,,50
40065489,0.5,1,0,0,0.0161172152,0,0,0,15.9349623,0,8.58967113,8.42641926,0,13.3309927,0,0,0,,,,50
40066624,0.5,1,0,0,0.0241758227,0,0,0,15.9349623,0,8.55953121,8.42430782,0,13.3309927,0,0,0,,,,50
40067751,0.5,1,0,0,0.0241758227,0,0,0,15.9349623,0,8.54144764,8.42641926,0,13.3309927,0,0,0,,,,50
40068877,0.5,1,0,0,0.0241758227,0,0,0,15.9349623,0,8.58665657,8.42641926,0,13.3381405,0,0,0,,,,50
40070212,0.5,1,0,0,0.0241758227,0,0,0,15.9395075,0,8.55953121,8.42641926,0,13.3309927,0,0,0,,,,50
40071338,0.5,1,0,0,0.0161172152,0,0,0,15.9349623,0,8.5444622,8.42853069,0,13.3309927,0,0,0,,,,50
40072464,0.5,1,0,0,0.00805860758,0,0,0,15.9349623,0,8.52939224,8.42641926,0,13.3309927,0,0,0,,,,50
40073591,0.5,1,0,0,0.0322344303,0,0,0,15.9349623,0,8.52939224,8.42641926,0,13.3309927,0,0,0,,,,50
40074717,0.5,1,0,0,0.0161172152,0,0,0,15.9349623,0,8.53542042,8.42641926,0,13.3309927,0,0,0,,,,50
40075844,0.5,1,0,0,0.0161172152,0,0,0,15.9349623,0,8.568573,8.41797352,0,13.3309927,0,0,0,,,,50
40076975,0.5,1,0,0,0.0161172152,0,0,0,15.9395075,0,8.54747581,8.42641926,0,13.3309927,0,0,0,,,,50
40078101,0.5,1,0,0,0.0161172152,0,0,0,15.9349623,0,8.52939224,8.42641926,0,13.3309927,0,0,0,,,,50
40079228,0.5,1,0,0,0.0161172152,0,0,0,15.9304171,0,8.5444622,8.42430782,0,13.3309927,0,0,0,,,,50
40080354,0.5,1,0,0,0.0161172152,0,0,0,15.9304171,0,8.54144764,8.42641926,0,13.3309927,0,0,0,,,,50
40081481,0.5,1,0,0,0.0241758227,0,0,0,15.9349623,0,8.55953121,8.42641926,0,13.3309927,0,0,0,,,,50
40082607,0.5,1,0,0,0.0241758227,0,0,0,15.9349623,0,8.568573,8.42641926,0,13.3309927,0,0,0,,,,50
40083733,0.5,1,0,0,0.0241758227,0,0,0,15.9349623,0,8.52336502,8.42641926,0,13.3381405,0,0,0,,,,50
40084864,0.5,1,0,0,0.0161172152,0,0,0,15.9349623,0,8.58364296,8.42641926,0,13.3309927,0,0,0,,,,50
40085999,0.5,1,0,0,0.0161172152,0,0,0,15.9304171,0,8.56555939,8.42641926,0,13.3309927,0,0,0,,,,50
40087126,0.5,1,0,0,0.0161172152,0,0,0,15.9304171,0,8.57460117,8.42853069,0,13.3309927,0,0,0,,,,50
40088252,0.5,1,0,0,0.0241758227,0,0,0,15.9349623,0,8.53240585,8.42641926,0,13.3309927,0,0,0,,,,50
40089379,0.5,1,0,0,0.0241758227,0,0,0,15.9349623,0,8.56555939,8.42219639,0,13.3309927,0,0,0,,,,50
40090505,0.5,1,0,0,0.0161172152,0,0,0,15.9349623,0,8.55048943,8.42641926,0,13.3309927,0,0,0,,,,50
40091835,0.5,1,0,0,0.0322344303,0,0,0,15.9395075,0,8.50226688,8.42853069,0,13.3309927,0,0,0,,,,50
40092967,0.5,1,0,0,0.0161172152,0,0,0,15.9349623,0,8.52336502,8.42008495,0,13.3309927,0,0,0,,,,50
40094093,0.5,1,0,0,0.0241758227,0,0,0,15.9349623,0,8.53843403,8.42641926,0,13.3309927,0,0,0,,,,50
40095219,0.5,1,0,0,0.0161172152,0,0,0,15.9304171,0,8.5565176,8.42641926,0,13.3309927,0,0,0,,,,50
40096346,0.5,1,0,0,0.0241758227,0,0,0,15.9349623,0,8.5565176,8.42641926,0,13.3309927,0,0,0,,,,50
40097472,0.5,1,0,0,0.0241758227,0,0,0,15.9349623,0,8.568573,8.42641926,0,13.3309927,0,0,0,,,,50
40098599,0.5,1,0,0,0.00805860758,0,0,0,15.9349623,0,8.57158756,8.42430782,0,13.3309927,0,0,0,,,,50
40099730,0.5,1,0,0,0.0241758227,0,0,0,15.9395075,0,8.57460117,8.42853069,0,13.3309927,0,0,0,,,,50
40100856,0.5,1,0,0,0.0161172152,0,0,0,15.9349623,0,8.5444622,8.42641926,0,13.3309927,0,0,0,,,,50
40101983,0.5,1,0,0,0.0161172152,0,0,0,15.9349623,0,8.55953121,8.42641926,0,13.3309927,0,0,0,,,,50
40103109,0.5,1,0,0,0.00805860758,0,0,0,15.9349623,0,8.56555939,8.42641926,0,13.3309927,0,0,0,,,,50
40104236,0.5,1,0,0,0.0161172152,0,0,0,15.9395075,0,8.53542042,8.42641926,0,13.3309927,0,0,0,,,,50
40105362,0.5,1,0,0,0.0322344303,0,0,0,15.9349623,0,8.55350399,8.42430782,0,13.3309927,0,0,0,,,,50
40106498,0.5,1,0,0,0.0161172152,0,0,0,15.9349623,0,8.57158756,8.42641926,0,13.3309927,0,0,0,,,,50
40107629,0.5,1,0,0,0.0161172152,0,0,0,15.9349623,0,8.55350399,8.42853069,0,13.3238449,0,0,0,,,,50
40108755,0.5,1,0,0,0.0241758227,0,0,0,15.9349623,0,8.58364296,8.42641926,0,13.3309927,0,0,0,,,,50
40109881,0.5,1,0,0,0.0241758227,0,0,0,15.9349623,0,8.55953121,8.42641926,0,13.3309927,0,0,0,,,,50
40111007,0.5,1,0,0,0.0161172152,0,0,0,15.9395075,0,8.5565176,8.42641926,0,13.3309927,0,0,0,,,,50
40112337,0.5,1,0,0,0.0161172152,0,0,0,15.9304171,0,8.54747581,8.42641926,0,13.3238449,0,0,0,,,,50
40113463,0.5,1,0,0,0.0161172152,0,0,0,15.9349623,0,8.55048943,8.42641926,0,13.3238449,0,0,0,,,,50
40114589,0.5,1,0,0,0.0241758227,0,0,0,15.9349623,0,8.5444622,8.42641926,0,13.3309927,0,0,0,,,,50
40115720,0.5,1,0,0,0.0161172152,0,0,0,15.9349623,0,8.55048943,8.42430782,0,13.3309927,0,0,0,,,,50
40116846,0.5,1,0,0,0.0161172152,0,0,0,15.9349623,0,8.57158756,8.42641926,0,13.3309927,0,0,0,,,,50
40117972,0.5,1,0,0,0.0161172152,0,0,0,15.9349623,0,8.53542042,8.42641926,0,13.3309927,0,0,0,,,,50
40119098,0.5,1,0,0,0.0161172152,0,0,0,15.9349623,0,8.5444622,8.42853069,0,13.3309927,0,0,0,,,,50
40120224,0.5,1,0,0,0.0241758227,0,0,0,15.9349623,0,8.57158756,8.42641926,0,13.3381405,0,0,0,,,,50
40121350,0.5,1,0,0,0.0161172152,0,0,0,15.9349623,0,8.55953121,8.42008495,0,13.3309927,0,0,0,,,,50
40122476,0.5,1,0,0,0.0241758227,0,0,0,15.9349623,0,8.54144764,8.42853069,0,13.3238449,0,0,0,,,,50
40123607,0.5,1,0,0,0.0161172152,0,0,0,15.9349623,0,8.55953121,8.42641926,0,13.3309927,0,0,0,,,,50
40124733,0.5,1,0,0,0.0241758227,0,0,0,15.9304171,0,8.52336502,8.42641926,0,13.3309927,0,0,0,,,,50
40125868,0.5,1,0,0,0.0161172152,0,0,0,15.9304171,0,8.54144764,8.42641926,0,13.3309927,0,0,0,,,,50
40126994,0.5,1,0,0,0.0241758227,0,0,0,15.9349623,0,8.53240585,8.42008495,0,13.3309927,0,0,0,,,,50
40128120,0.5,1,0,0,0.0241758227,0,0,0,15.9349623,0,8.55048943,8.42641926,0,13.3309927,0,0,0,,,,50
40129246,0.5,1,0,0,0.0241758227,0,0,0,15.9349623,0,8.52939224,8.42641926,0,13.3309927,0,0,0,,,,50
40130377,0.5,1,0,0,0.0161172152,0,0,0,15.9349623,0,8.54747581,8.42641926,0,13.3381405,0,0,0,,,,50
40131503,0.5,1,0,0,0.0241758227,0,0,0,15.9349623,0,8.5565176,8.42853069,0,13.3309927,0,0,0,,,,50
40132833,0.5,1,0,0,0.0241758227,0,0,0,15.9349623,0,8.53542042,8.42641926,0,13.3309927,0,0,0,,,,50
40133959,0.5,1,0,0,0.0241758227,0,0,0,15.9395075,0,8.58364296,8.42641926,0,13.3309927,0,0,0,,,,50
40135085,0.5,1,0,0,0.0241758227,0,0,0,15.9349623,0,8.56254578,8.42641926,0,13.3309927,0,0,0,,,,50
40136211,0.5,1,0,0,0.0241758227,0,0,0,15.9349623,0,8.55350399,8.42219639,0,13.3309927,0,0,0,,,,50
40137337,0.5,1,0,0,0.0161172152,0,0,0,15.9349623,0,8.568573,8.42641926,0,13.3309927,0,0,0,,,,50
40138468,0.5,1,0,0,0.0161172152,0,0,0,15.9349623,0,8.56555939,8.42641926,0,13.3309927,0,0,0,,,,50
40139594,0.5,1,0,0,0.0161172152,0,0,0,15.9349623,0,8.54144764,8.42641926,0,13.3309927,0,0,0,,,,50
40140720,0.5,1,0,0,0.0161172152,0,0,0,15.9304171,0,8.56254578,8.42641926,0,13.3309927,0,0,0,,,,50
40141846,0.5,1,0,0,0.0241758227,0,0,0,15.9349623,0,8.51130867,8.42641926,0,13.3309927,0,0,0,,,,50
40142972,0.5,1,0,0,0.0161172152,0,0,0,15.9349623,0,8.55350399,8.42641926,0,13.3309927,0,0,0,,,,50
40144098,0.5,1,0,0,0.0241758227,0,0,0,15.9349623,0,8.56254578,8.42641926,0,13.3309927,0,0,0,,,,50
40145225,0.5,1,0,0,0.0241758227,0,0,0,15.9304171,0,8.55953121,8.42641926,0,13.3309927,0,0,0,,,,50
40146365,0.5,1,0,0,0.0241758227,0,0,0,15.9349623,0,8.52637863,8.42641926,0,13.3238449,0,0,0,,,,50
40147491,0.5,1,0,0,0.0241758227,0,0,0,15.9349623,0,8.55350399,8.42641926,0,13.3309927,0,0,0,,,,50
40148617,0.5,1,0,0,0.0241758227,0,0,0,15.9349623,0,8.568573,8.42641926,0,13.3309927,0,0,0,,,,50
40149743,0.5,1,0,0,0.0241758227,0,0,0,15.9349623,0,8.54747581,8.42430782,0,13.3309927,0,0,0,,,,50
40150869,0.5,1,0,0,0.0241758227,0,0,0,15.9349623,0,8.49925327,8.42641926,0,13.3309927,0,0,0,,,,50
40151995,0.5,1,0,0,0.0161172152,0,0,0,15.9395075,0,8.54747581,8.42641926,0,13.3309927,0,0,0,,,,50
40153121,0.5,1,0,0,0.0161172152,0,0,0,15.9395075,0,8.55048943,8.42641926,0,13.3309927,0,0,0,,,,50
40154456,0.5,1,0,0,0.0241758227,0,0,0,15.9349623,0,8.57158756,8.42641926,0,13.3309927,0,0,0,,,,50
40155582,0.5,1,0,0,0.0241758227,0,0,0,15.9349623,0,8.55048943,8.42853069,0,13.3309927,0,0,0,,,,50
40156708,0.5,1,0,0,0.0322344303,0,0,0,15.9349623,0,8.58364296,8.42641926,0,13.3309927,0,0,0,,,,50
40157834,0.5,1,0,0,0.0161172152,0,0,0,15.9349623,0,8.52939224,8.42641926,0,13.3381405,0,0,0,,,,50
40158961,0.5,1,0,0,0.0241758227,0,0,0,15.9349623,0,8.52637863,8.42853069,0,13.3238449,0,0,0,,,,50
40160087,0.5,1,0,0,0.0161172152,0,0,0,15.9349623,0,8.5444622,8.42430782,0,13.3309927,0,0,0,,,,50
40161217,0.5,1,0,0,0.0161172152,0,0,0,15.9395075,0,8.57158756,8.42641926,0,13.3309927,0,0,0,,,,50
40162343,0.5,1,0,0,0.0161172152,0,0,0,15.9349623,0,8.53843403,8.42641926,0,13.3309927,0,0,0,,,,50
40163470,0.5,1,0,0,0.0241758227,0,0,0,15.9349623,0,8.57460117,8.42641926,0,13.3309927,0,0,0,,,,50
40164595,0.5,1,0,0,0.0161172152,0,0,0,15.9349623,0,8.54144764,8.42641926,0,13.3238449,0,0,0,,,,50
40165731,0.5,1,0,0,0.0241758227,0,0,0,15.9349623,0,8.55953121,8.42641926,0,13.3309927,0,0,0,,,,50
40166857,0.5,1,0,0,0.0241758227,0,0,0,15.9349623,0,8.5444622,8.42641926,0,13.3309927,0,0,0,,,,50
40167983,0.5,1,0,0,0.0241758227,0,0,0,15.9349623,0,8.55953121,8.42641926,0,13.3238449,0,0,0,,,,50
40169114,0.5,1,0,0,0.0241758227,0,0,0,15.9304171,0,8.55048943,8.42641926,0,13.3309927,0,0,0,,,,50
40170240,0.5,1,0,0,0.0161172152,0,0,0,15.9395075,0,8.55350399,8.42641926,0,13.3238449,0,0,0,,,,50
40171366,0.5,1,0,0,0.0161172152,0,0,0,15.9349623,0,8.54747581,8.42641926,0,13.3309927,0,0,0,,,,50
40172492,0.5,1,0,0,0.0241758227,0,0,0,15.9349623,0,8.52035046,8.42641926,0,13.3309927,0,0,0,,,,50
40173618,0.5,1,0,0,0.0161172152,0,0,0,15.9349623,0,8.57158756,8.42641926,0,13.3309927,0,0,0,,,,50
40174948,0.5,1,0,0,0.00805860758,0,0,0,15.9349623,0,8.55350399,8.42641926,0,13.3309927,0,0,0,,,,50
40176074,0.5,1,0,0,0.0161172152,0,0,0,15.9349623,0,8.53240585,8.42430782,0,13.3024006,0,0,0,,,,50
40177205,0.5,1,0,0,0.0241758227,0,0,0,15.9395075,0,8.54747581,8.42641926,0,13.3309927,0,0,0,,,,50
40178331,0.5,1,0,0,0.0161172152,0,0,0,15.9349623,0,8.54747581,8.42641926,0,13.3309927,0,0,0,,,,50
40179457,0.5,1,0,0,0.00805860758,0,0,0,15.9349623,0,8.53240585,8.42641926,0,13.3381405,0,0,0,,,,50
40180583,0.5,1,0,0,0.0161172152,0,0,0,15.9349623,0,8.58665657,8.42641926,0,13.3309927,0,0,0,,,,50
40181709,0.5,1,0,0,0.0161172152,0,0,0,15.9349623,0,8.568573,8.42853069,0,13.3309927,0,0,0,,,,50
40182836,0.5,1,0,0,0.0241758227,0,0,0,15.9349623,0,8.5565176,8.42853069,0,13.3309927,0,0,0,,,,50
40183962,0.5,1,0,0,0.0241758227,0,0,0,15.9395075,0,8.59569836,8.42641926,0,13.3309927,0,0,0,,,,50
40185093,0.5,1,0,0,0.0161172152,0,0,0,15.9349623,0,8.5565176,8.42641926,0,13.3309927,0,0,0,,,,50
40186228,0.5,1,0,0,0.0241758227,0,0,0,15.9395075,0,8.54144764,8.42641926,0,13.3309927,0,0,0,,,,50
40187354,0.5,1,0,0,0.0241758227,0,0,0,15.9349623,0,8.57460117,8.42641926,0,13.3309927,0,0,0,,,,50
40188480,0.5,1,0,0,0.0241758227,0,0,0,15.9349623,0,8.53542042,8.42641926,0,13.3309927,0,0,0,,,,50
40189606,0.5,1,0,0,0.0322344303,0,0,0,15.9395075,0,8.55048943,8.42641926,0,13.3309927,0,0,0,,,,50
40190732,0.5,1,0,0,0.0161172152,0,0,0,15.9349623,0,8.50226688,8.42641926,0,13.3309927,0,0,0,,,,50
40191863,0.5,1,0,0,0.0161172152,0,0,0,15.9349623,0,8.56555939,8.42641926,0,13.3309927,0,0,0,,,,50
40192989,0.5,1,0,0,0.0161172152,0,0,0,15.9349623,0,8.55953121,8.42430782,0,13.3381405,0,0,0,,,,50
40194115,0.5,1,0,0,0.0161172152,0,0,0,15.9349623,0,8.5444622,8.42641926,0,13.3309927,0,0,0,,,,50
40195241,0.5,1,0,0,0.0161172152,0,0,0,15.9395075,0,8.56555939,8.42853069,0,13.3309927,0,0,0,,,,50
40196571,0.5,1,0,0,0.0161172152,0,0,0,15.9349623,0,8.58364296,8.42641926,0,13.3309927,0,0,0,,,,50
40197697,0.5,1,0,0,0.0241758227,0,0,0,15.9349623,0,8.56555939,8.42641926,0,13.3309927,0,0,0,,,,50
40198823,0.5,1,0,0,0.0241758227,0,0,0,15.9349623,0,8.53542042,8.42641926,0,13.3309927,0,0,0,,,,50
40199954,0.5,1,0,0,0.0241758227,0,0,0,15.9349623,0,8.54747581,8.42641926,0,13.3309927,0,0,0,,,,50
40201080,0.5,1,0,0,0.0241758227,0,0,0,15.9349623,0,8.55350399,8.42853069,0,13.3095493,0,0,0,,,,50
40202206,0.5,1,0,0,0.0241758227,0,0,0,15.9349623,0,8.5565176,8.42641926,0,13.3309927,0,0,0,,,,50
40203333,0.5,1,0,0,0.00805860758,0,0,0,15.9349623,0,8.56254578,8.42853069,0,13.3309927,0,0,0,,,,50
40204459,0.5,1,0,0,0.0241758227,0,0,0,15.9349623,0,8.50226688,8.42430782,0,13.3309927,0,0,0,,,,50
40205594,0.5,1,0,0,0.0161172152,0,0,0,15.9349623,0,8.5565176,8.42641926,0,13.3309927,0,0,0,,,,50
40206720,0.5,1,0,0,0.0322344303,0,0,0,15.9349623,0,8.55048943,8.42641926,0,13.3309927,0,0,0,,,,50
40207851,0.5,1,0,0,0.0241758227,0,0,0,15.9349623,0,8.52637863,8.42641926,0,13.3309927,0,0,0,,,,50
40208977,0.5,1,0,0,0.0241758227,0,0,0,15.9395075,0,8.52637863,8.42641926,0,13.3309927,0,0,0,,,,50
40210103,0.5,1,0,0,0.0161172152,0,0,0,15.9395075,0,8.56254578,8.42641926,0,13.3309927,0,0,0,,,,50
40211229,0.5,1,0,0,0.0241758227,0,0,0,15.9395075,0,8.52637863,8.42641926,0,13.3309927,0,0,0,,,,50
40212355,0.5,1,0,0,0.0161172152,0,0,0,15.9349623,0,8.568573,8.42641926,0,13.3309927,0,0,0,,,,50
40213481,0.5,1,0,0,0.0241758227,0,0,0,15.9349623,0,8.51130867,8.42641926,0,13.3309927,0,0,0,,,,50
40214607,0.5,1,0,0,0.0161172152,0,0,0,15.9349623,0,8.5444622,8.42219639,0,13.3309927,0,0,0,,,,50
40215738,0.5,1,0,0,0.0161172152,0,0,0,15.9349623,0,8.53542042,8.42641926,0,13.3309927,0,0,0,,,,50
40217068,0.5,1,0,0,0.0161172152,0,0,0,15.9349623,0,8.59268475,8.42641926,0,13.3095493,0,0,0,,,,50
40218194,0.5,1,0,0,0.0161172152,0,0,0,15.9349623,0,8.568573,8.42008495,0,13.3309927,0,0,0,,,,50
40219320,0.5,1,0,0,0.0241758227,0,0,0,15.9349623,0,8.54747581,8.42641926,0,13.3309927,0,0,0,,,,50
40220447,0.5,1,0,0,0.0161172152,0,0,0,15.9349623,0,8.53843403,8.42641926,0,13.3238449,0,0,0,,,,50
40221573,0.5,1,0,0,0.0241758227,0,0,0,15.9349623,0,8.55350399,8.42641926,0,13.3238449,0,0,0,,,,50
40222703,0.5,1,0,0,0.00805860758,0,0,0,15.9304171,0,8.58364296,8.42641926,0,13.3309927,0,0,0,,,,50
40223829,0.5,1,0,0,0.0161172152,0,0,0,15.9349623,0,8.5444622,8.42641926,0,13.3309927,0,0,0,,,,50
40224956,0.5,1,0,0,0.0241758227,0,0,0,15.9349623,0,8.51130867,8.42430782,0,13.3309927,0,0,0,,,,50
40226091,0.5,1,0,0,0.0241758227,0,0,0,15.9304171,0,8.55953121,8.42853069,0,13.3238449,0,0,0,,,,50
40227217,0.5,1,0,0,0.0241758227,0,0,0,15.9349623,0,8.57761478,8.42641926,0,13.3309927,0,0,0,,,,50
40228343,0.5,1,0,0,0.0161172152,0,0,0,15.9349623,0,8.58967113,8.42430782,0,13.3238449,0,0,0,,,,50
40229470,0.5,1,0,0,0.0161172152,0,0,0,15.9395075,0,8.52939224,8.42641926,0,13.3309927,0,0,0,,,,50
40230600,0.5,1,0,0,0.0241758227,0,0,0,15.9349623,0,8.52939224,8.42430782,0,13.3238449,0,0,0,,,,50
40231726,0.5,1,0,0,0.0161172152,0,0,0,15.9349623,0,8.58062935,8.42430782,0,13.3309927,0,0,0,,,,50
40232852,0.5,1,0,0,0.0161172152,0,0,0,15.9349623,0,8.57158756,8.42853069,0,13.3309927,0,0,0,,,,50
40233978,0.5,1,0,0,0.0161172152,0,0,0,15.9349623,0,8.53843403,8.42641926,0,13.3309927,0,0,0,,,,50
40235104,0.5,1,0,0,0.0241758227,0,0,0,15.9349623,0,8.51733685,8.42641926,0,13.3309927,0,0,0,,,,50
40236231,0.5,1,0,0,0.0161172152,0,0,0,15.9395075,0,8.5444622,8.42641926,0,13.3309927,0,0,0,,,,50
40237357,0.5,1,0,0,0.0161172152,0,0,0,15.9349623,0,8.57158756,8.41586208,0,13.3309927,0,0,0,,,,50
40238692,0.5,1,0,0,0.0322344303,0,0,0,15.9349623,0,8.54144764,8.42641926,0,13.3309927,0,0,0,,,,50
40239818,0.5,1,0,0,0.0161172152,0,0,0,15.9395075,0,8.53542042,8.42641926,0,13.3309927,0,0,0,,,,50
40240944,0.5,1,0,0,0.0161172152,0,0,0,15.9349623,0,8.55048943,8.42641926,0,13.3381405,0,0,0,,,,50
40242070,0.5,1,0,0,0.0322344303,0,0,0,15.9395075,0,8.5444622,8.42641926,0,13.3095493,0,0,0,,,,50
40243196,0.5,1,0,0,0.0161172152,0,0,0,15.9304171,0,8.57158756,8.42641926,0,13.3309927,0,0,0,,,,50
40244322,0.5,1,0,0,0.00805860758,0,0,0,15.9349623,0,8.55350399,8.42641926,0,13.3309927,0,0,0,,,,50
40245452,0.5,1,0,0,0.0241758227,0,0,0,15.9349623,0,8.54747581,8.42641926,0,13.3309927,0,0,0,,,,50
40246587,0.5,1,0,0,0.0161172152,0,0,0,15.9349623,0,8.55953121,8.42853069,0,13.3309927,0,0,0,,,,50
40247713,0.5,1,0,0,0.0241758227,0,0,0,15.9349623,0,8.5565176,8.42641926,0,13.3309927,0,0,0,,,,50
40248840,0.5,1,0,0,0.0241758227,0,0,0,15.9349623,0,8.56555939,8.42219639,0,13.3238449,0,0,0,,,,50
40249966,0.5,1,0,0,0.0241758227,0,0,0,15.9349623,0,8.53240585,8.42641926,0,13.3309927,0,0,0,,,,50
40251093,0.5,1,0,0,0.0241758227,0,0,0,15.9349623,0,8.51733685,8.42853069,0,13.3309927,0,0,0,,,,50
40252220,0.5,1,0,0,0.0161172152,0,0,0,15.9304171,0,8.55350399,8.42641926,0,13.3309927,0,0,0,,,,50
40253351,0.5,1,0,0,0.0161172152,0,0,0,15.9395075,0,8.56555939,8.42641926,0,13.3309927,0,0,0,,,,50
40254485,0.5,1,0.5,0,0.0161172152,0,0,0,15.9304171,0.928118885,8.568573,8.42641926,0,13.3166971,0.928118885,0.5,0,,,,50
40255612,0.5,1,0.5,0,0.0241758227,0,0,0,15.9349623,0.928118885,8.54144764,8.42641926,0,13.3309927,0.928118885,0.5,0,,,,50
40256743,0.5,1,0.5,0,0.0322344303,0,0,0,15.9304171,3.81303692,8.45705795,8.42641926,0,13.3238449,3.81303692,0.99999994,0,,,,50
40257869,0.5,1,0.5,0,0.0322344303,0,0,0,15.9304171,3.81303692,8.52939224,8.42641926,0,13.3238449,3.81303692,0.99999994,0,,,,50
40259204,0.5,1,0.5,0,0.056410253,0,0,0,15.9304171,8.20942688,8.52637863,8.42641926,0,13.3309927,8.20942688,1.49999988,0,,,,50
40260330,0.5,1,0.5,0,0.0886446834,0,0,0,15.9258718,8.20942688,8.4691143,8.42219639,0,13.3238449,8.20942688,1.49999988,0,,,,50
40261466,0.5,0.882352948,0.5,0,0.120879114,0.0161172152,0,0,15.9258718,12,8.43596077,8.40952778,0,13.3166971,13.2298813,1.3374331,0,,,,50
40262593,0.5,0.714285731,0.5,0,0.161172152,0.0644688606,0,0,15.9258718,12,8.42390537,8.3525219,0,13.3238449,13.2298813,1.3374331,0,,,,50
40263723,0.5,0.545454562,0.5,0,0.193406582,0.161172152,0,0,15.9167824,12,8.42089176,8.32296276,0,13.3095493,14.503973,0.488482565,0,,,,50
40264850,0.5,0.543859661,0.5,0,0.249816835,0.209523797,0,0,15.9122372,12,8.38171005,8.30818272,0,13.3166971,14.503973,0.488482565,0,,,,50
40265989,0.5,0.546875,0.5,0,0.282051265,0.23369962,0,0,15.907692,9.57027435,8.35759926,8.29129219,0,13.3024006,9.57027435,0.988482535,0,,,,50
40267116,0.5,0.537313461,0.5,0,0.290109873,0.249816835,0,0,15.907692,9.57027435,8.35157108,8.29129219,0,13.3166971,9.57027435,0.988482535,0,,,,50
40268246,0.5,0.55737704,0.5,0,0.273992658,0.217582405,0,0,15.9122372,9.10306263,8.36965466,8.30607224,0,13.3166971,9.10306263,1.48848248,0,,,,50
40269377,0.5,0.571428597,0.5,0,0.257875443,0.193406582,0,0,15.9167824,9.10306263,8.39678001,8.31240559,0,13.3238449,9.10306263,1.48848248,0,,,,50
40270508,0.5,0.585365832,0.5,0,0.193406582,0.136996329,0,0,15.9258718,11.2684526,8.47212791,8.33774185,0,13.3166971,11.2684526,1.98848224,0,,,,50
40271634,0.5,0.543478251,0.5,0,0.201465189,0.169230759,0,0,15.9167824,11.2684526,8.3937664,8.31662846,0,13.3166971,11.2684526,1.98848224,0,,,,50
40272764,0.5,0.607142866,0.5,0,0.273992658,0.177289367,0,0,15.9167824,12,8.38773823,8.31240559,0,13.3166971,14.8386297,0.959243953,0,,,,50
40273891,0.5,0.55737704,0.5,0,0.273992658,0.217582405,0,0,15.907692,12,8.36664104,8.30184937,0,13.3166971,14.8386297,0.959243953,0,,,,50
40275022,0.5,0.524590135,0.5,0,0.257875443,0.23369962,0,0,15.9122372,10.204895,8.36965466,8.3039608,0,13.3166971,10.204895,1.45924389,0,,,,50
40276153,0.5,0.57407409,0.5,0,0.249816835,0.185347974,0,0,15.9213276,10.204895,8.38472462,8.32718563,0,13.3238449,10.204895,1.45924389,0,,,,50
40277284,0.5,0.552631557,0.5,0,0.169230759,0.136996329,0,0,15.9258718,9.89935493,8.44500256,8.33774185,0,13.3238449,9.89935493,1.95924377,0,,,,50
40278410,0.5,0.571428597,0.5,0,0.161172152,0.120879114,0,0,15.9304171,9.89935493,8.42691898,8.35674477,0,13.3238449,9.89935493,1.95924377,0,,,,50
40279541,0.5,0.699999988,0.5,0,0.225641012,0.0967032909,0,0,15.9304171,12,8.25813961,8.36307812,0,13.3238449,12.1426563,2.38239121,0,,,,50
40280871,0.5,0.583333313,0.5,0,0.169230759,0.120879114,0,0,15.9213276,12,8.41184998,8.34407616,0,13.3166971,12.1426563,2.38239121,0,,,,50
40282002,0.5,0.5625,0.5,0,0.217582405,0.169230759,0,0,15.9122372,12,8.39678001,8.32085133,0,13.3095493,15.2927732,1.10849476,0,,,,50
40283128,0.5,0.555555582,0.5,0,0.241758227,0.193406582,0,0,15.9167824,12,8.38472462,8.31873989,0,13.3238449,15.2927732,1.10849476,0,,,,50
40284263,0.5,0.57407409,0.5,0,0.249816835,0.185347974,0,0,15.9167824,9.00513268,8.37568283,8.30818272,0,13.3166971,9.00513268,1.60849476,0,,,,50
40285390,0.5,0.568627477,0.5,0,0.23369962,0.177289367,0,0,15.9258718,9.00513268,8.41486359,8.3250742,0,13.3238449,9.00513268,1.60849476,0,,,,50
40286530,0.5,0.638888896,0.5,0,0.185347974,0.104761899,0,0,15.9213276,7.83537912,8.54144764,8.35463333,0,13.3238449,7.83537912,2.10849476,0,,,,50
40287656,0.5,0.666666687,0.5,0,0.161172152,0.0805860758,0,0,15.9304171,7.83537912,8.4811697,8.38208103,0,13.3238449,7.83537912,2.10849476,0,,,,50
40288786,0.5,0.666666687,0.5,0,0.128937721,0.0644688606,0,0,15.9258718,9.72374058,8.45705795,8.39686012,0,13.3166971,9.72374058,2.60849452,0,,,,50
40289912,0.5,0.727272749,0.5,0,0.128937721,0.0483516455,0,0,15.9258718,9.72374058,8.46609974,8.36941242,0,13.3238449,9.72374058,2.60849452,0,,,,50
40291043,0.5,0.720000029,0.5,0,0.145054936,0.056410253,0,0,15.9213276,12,8.42993259,8.38630295,0,13.3166971,13.276679,2.42071676,0,,,,50
40292174,0.5,0.666666687,0.5,0,0.161172152,0.0805860758,0,0,15.9213276,12,8.38773823,8.35041046,0,13.3238449,13.276679,2.42071676,0,,,,50
40293304,0.5,0.600000024,0.5,0,0.193406582,0.128937721,0,0,15.9167824,12,8.4178772,8.34407616,0,13.3095493,13.6316118,2.04172826,0,,,,50
40294431,0.5,0.558139563,0.5,0,0.193406582,0.153113544,0,0,15.9122372,12,8.39075184,8.3314085,0,13.3238449,13.6316118,2.04172826,0,,,,50
40295562,0.5,0.551020384,0.5,0,0.217582405,0.177289367,0,0,15.9167824,11.0103531,8.3937664,8.3250742,0,13.3166971,11.0103531,2.54172802,0,,,,50
40296688,0.5,0.579999983,0.5,0,0.23369962,0.169230759,0,0,15.9167824,11.0103531,8.41486359,8.33563042,0,13.3238449,11.0103531,2.54172802,0,,,,50
40297819,0.5,0.581395328,0.5,0,0.201465189,0.145054936,0,0,15.9213276,11.8908787,8.41486359,8.34618759,0,13.3166971,11.8908787,3.04172802,0,,,,50
40298945,0.5,0.565217376,0.5,0,0.209523797,0.161172152,0,0,15.9167824,11.8908787,8.4178772,8.33985329,0,13.3238449,11.8908787,3.04172802,0,,,,50
40300080,0.5,0.608695626,0.5,0,0.225641012,0.145054936,0,0,15.9213276,12,8.4178772,8.33985329,0,13.3024006,14.7630415,2.05321097,0,,,,50
40301411,0.5,0.578947365,0.5,0,0.177289367,0.128937721,0,0,15.9258718,12,8.42691898,8.35885525,0,13.3238449,14.7630415,2.05321097,0,,,,50
40302542,0.5,0.568181813,0.5,0,0.201465189,0.153113544,0,0,15.9213276,10.0408459,8.41184998,8.34618759,0,13.3024006,10.0408459,2.55321074,0,,,,50
40303668,0.5,0.638888896,0.5,0,0.185347974,0.104761899,0,0,15.9304171,10.0408459,8.44198895,8.33774185,0,13.3238449,10.0408459,2.55321074,0,,,,50
40304799,0.5,0.461538464,0.5,0,0.0967032909,0.112820506,0,0,15.9304171,9.77092838,8.45705795,8.36096668,0,13.3166971,9.77092838,3.05321074,0,,,,50
40305935,0.5,0.571428597,0.5,0,0.128937721,0.0967032909,0,0,15.9304171,9.77092838,8.43596077,8.36730099,0,13.3238449,9.77092838,3.05321074,0,,,,50
40307070,0.5,0.692307711,0.5,0,0.217582405,0.0967032909,0,0,15.9258718,12,8.45103073,8.37363529,0,13.3024006,12.1194344,3.48886847,0,,,,50
40308197,0.5,0.625,0.5,0,0.161172152,0.0967032909,0,0,15.9304171,12,8.45705795,8.36730099,0,13.3309927,12.1194344,3.48886847,0,,,,50
40309328,0.5,0.547619045,0.5,0,0.185347974,0.153113544,0,0,15.9258718,12,8.43596077,8.38841438,0,13.3095493,15.4808521,2.11364961,0,,,,50
40310454,0.5,0.558139563,0.5,0,0.193406582,0.153113544,0,0,15.9213276,12,8.38773823,8.34618759,0,13.3238449,15.4808521,2.11364961,0,,,,50
40311585,0.5,0.533333361,0.5,0,0.193406582,0.169230759,0,0,15.9213276,8.79621315,8.42089176,8.3314085,0,13.3095493,8.79621315,2.61364961,0,,,,50
40312712,0.5,0.547619045,0.5,0,0.185347974,0.153113544,0,0,15.9258718,8.79621315,8.41486359,8.39474869,0,13.3238449,8.79621315,2.61364961,0,,,,50
40313842,0.5,0.586206913,0.5,0,0.136996329,0.0967032909,0,0,15.9258718,7.48205328,8.30334854,8.36941242,0,13.3166971,7.48205328,3.11364937,0,,,,50
40314973,0.5,0.666666687,0.5,0,0.145054936,0.0725274682,0,0,15.9349623,7.48205328,8.43596077,8.38208103,0,13.3309927,7.48205328,3.11364937,0,,,,50
40316104,0.5,0.739130437,0.5,0,0.136996329,0.0483516455,0,0,15.9258718,9.38059998,8.50226688,8.41586208,0,13.3095493,9.38059998,3.61364937,0,,,,50
40317230,0.5,0.720000029,0.5,0,0.145054936,0.056410253,0,0,15.9349623,9.38059998,8.47212791,8.38841438,0,13.3166971,9.38059998,3.61364937,0,,,,50
40318361,0.5,0.692307711,0.5,0,0.145054936,0.0644688606,0,0,15.9349623,12,8.47212791,8.38419151,0.00714798551,13.3095493,13.0311995,3.55811715,0,,,,50
40319487,0.5,0.666666687,0.5,0,0.193406582,0.0967032909,0,0,15.9213276,12,8.42390537,8.34407616,0,13.3238449,13.0311995,3.55811715,0,,,,50
40320618,0.5,0.558139563,0.5,0,0.193406582,0.153113544,0,0,15.9213276,12,8.43596077,8.34829903,0,13.3166971,14.2909174,2.82394457,0,,,,50
40321948,0.5,0.551020384,0.5,0,0.217582405,0.177289367,0,0,15.9167824,12,8.4058218,8.32718563,0,13.3166971,14.2909174,2.82394457,0,,,,50
40323083,0.5,0.540000021,0.5,0,0.217582405,0.185347974,0,0,15.9167824,10.1781387,8.3937664,8.32718563,0,13.3095493,10.1781387,3.32394457,0,,,,50
40324210,0.5,0.557692289,0.5,0,0.23369962,0.185347974,0,0,15.9213276,10.1781387,8.41486359,8.32929707,0,13.3166971,10.1781387,3.32394457,0,,,,50
40325341,0.5,0.600000024,0.5,0,0.217582405,0.145054936,0,0,15.9213276,10.307292,8.41486359,8.33985329,0,13.3238449,10.307292,3.82394457,0,,,,50
40326477,0.5,0.574999988,0.5,0,0.185347974,0.136996329,0,0,15.9213276,10.307292,8.46308613,8.3525219,0,13.3309927,10.307292,3.82394457,0,,,,50
40327607,0.5,0.552631557,0.5,0,0.169230759,0.136996329,0,0,15.9213276,12,8.4178772,8.38208103,0,13.3166971,12.9030104,3.83747101,0,,,,50
40328733,0.5,0.536585391,0.5,0,0.177289367,0.153113544,0,0,15.9213276,12,8.41486359,8.3314085,0,13.3238449,12.9030104,3.83747101,0,,,,50
40329864,0.5,0.574468076,0.5,0,0.217582405,0.161172152,0,0,15.9213276,12,8.40280819,8.3314085,0,13.3238449,13.9743423,3.2738452,0,,,,50
40330996,0.5,0.553191483,0.5,0,0.209523797,0.169230759,0,0,15.9213276,12,8.40280819,8.32929707,0,13.3238449,13.9743423,3.2738452,0,,,,50
40332127,0.5,0.571428597,0.5,0,0.225641012,0.169230759,0,0,15.9167824,10.7739773,8.4058218,8.33351898,0,13.3238449,10.7739773,3.77384496,0,,,,50
40333254,0.5,0.565217376,0.5,0,0.209523797,0.161172152,0,0,15.9213276,10.7739773,8.41184998,8.33351898,0,13.3238449,10.7739773,3.77384496,0,,,,50
40334384,0.5,0.547619045,0.5,0,0.185347974,0.153113544,0,0,15.9213276,11.4195709,8.40883541,8.33985329,0,13.3166971,11.4195709,4.2738452,0,,,,50
40335511,0.5,0.541666687,0.5,0,0.209523797,0.177289367,0,0,15.9167824,11.4195709,8.4178772,8.32718563,0,13.3238449,11.4195709,4.2738452,0,,,,50
40336642,0.5,0.571428597,0.5,0,0.225641012,0.169230759,0,0,15.9167824,12,8.39678001,8.32929707,0,13.3238449,14.2717772,3.54998398,0,,,,50
40337773,0.5,0.553191483,0.5,0,0.209523797,0.169230759,0,0,15.9167824,12,8.39678001,8.3250742,0,13.3238449,14.2717772,3.54998398,0,,,,50
40338904,0.5,0.551020384,0.5,0,0.217582405,0.177289367,0,0,15.9167824,11.1802979,8.41184998,8.32296276,0,13.3166971,11.1802979,4.04998398,0,,,,50
40340031,0.5,0.520833313,0.5,0,0.201465189,0.185347974,0,0,15.9167824,11.1802979,8.39678001,8.33351898,0,13.3095493,11.1802979,4.04998398,0,,,,50
40341161,0.5,0.555555582,0.5,0,0.201465189,0.161172152,0,0,15.9213276,11.8786354,8.39979362,8.33563042,0,13.3166971,11.8786354,4.54998398,0,,,,50
40342288,0.5,0.595744669,0.5,0,0.225641012,0.153113544,0,0,15.9167824,11.8786354,8.42089176,8.33351898,0,13.3166971,11.8786354,4.54998398,0,,,,50
40343622,0.5,0.549019635,0.5,0,0.225641012,0.185347974,0,0,15.9167824,12,8.38472462,8.32296276,0,13.3166971,14.7520924,3.56736541,0,,,,50
40344749,0.5,0.560000002,0.5,0,0.225641012,0.177289367,0,0,15.9167824,12,8.39678001,8.32296276,0,13.3166971,14.7520924,3.56736541,0,,,,50
40345893,0.5,0.5625,0.5,0,0.217582405,0.169230759,0,0,15.9167824,10.1681204,8.40280819,8.32929707,0,13.3095493,10.1681204,4.06736565,0,,,,50
40347020,0.5,0.574468076,0.5,0,0.217582405,0.161172152,0,0,15.9258718,10.1681204,8.40883541,8.33985329,0,13.3238449,10.1681204,4.06736565,0,,,,50
40348151,0.5,0.657142878,0.5,0,0.185347974,0.0967032909,0,0,15.9258718,10.0724745,8.42390537,8.3525219,0,13.3309927,10.0724745,4.56736565,0,,,,50
40349278,0.5,0.619047642,0.5,0,0.209523797,0.128937721,0,0,15.9258718,10.0724745,8.56555939,8.34407616,0,13.3166971,10.0724745,4.56736565,0,,,,50
40350408,0.5,0.600000024,0.5,0,0.169230759,0.112820506,0,0,15.9213276,12,8.37266827,8.35885525,0,13.3095493,12.6047716,4.74156046,0,,,,50
40351535,0.5,0.641025662,0.5,0,0.201465189,0.112820506,0,0,15.9258718,12,8.44500256,8.37363529,0,13.3166971,12.6047716,4.74156046,0,,,,50
40352666,0.5,0.565217376,0.5,0,0.209523797,0.161172152,0,0,15.9213276,12,8.4178772,8.34196472,0,13.3095493,14.6350155,3.82201409,0,,,,50
40353797,0.5,0.583333313,0.5,0,0.225641012,0.161172152,0,0,15.9167824,12,8.41486359,8.32929707,0,13.3166971,14.6350155,3.82201409,0,,,,50
40354928,0.5,0.545454562,0.5,0,0.241758227,0.201465189,0,0,15.9122372,9.95135117,8.39075184,8.3250742,0,13.3166971,9.95135117,4.32201433,0,,,,50
40356055,0.5,0.579999983,0.5,0,0.23369962,0.169230759,0,0,15.9213276,9.95135117,8.40883541,8.33351898,0,13.3166971,9.95135117,4.32201433,0,,,,50
40357185,0.5,0.565217376,0.5,0,0.209523797,0.161172152,0,0,15.9304171,9.83115196,8.39979362,8.34618759,0,13.3095493,9.83115196,4.82201385,0,,,,50
40358312,0.5,0.586956501,0.5,0,0.217582405,0.153113544,0,0,15.9213276,9.83115196,8.43294716,8.33985329,0,13.3238449,9.83115196,4.82201385,0,,,,50
40359443,0.5,0.574999988,0.5,0,0.185347974,0.136996329,0,0,15.9304171,12,8.41486359,8.34407616,0,13.3095493,12.3806849,5.11693001,0,,,,50
40360570,0.5,0.59523809,0.5,0,0.201465189,0.136996329,0,0,15.9167824,12,8.41184998,8.33774185,0,13.3238449,12.3806849,5.11693001,0,,,,50
40361705,0.5,0.5625,0.5,0,0.217582405,0.169230759,0,0,15.9167824,12,8.3937664,8.3314085,0,13.3238449,15.147975,3.92104006,0,,,,50
40362832,0.5,0.555555582,0.5,0,0.241758227,0.193406582,0,0,15.9167824,12,8.39678001,8.31662846,0,13.3095493,15.147975,3.92104006,0,,,,50
40364167,0.5,0.545454562,0.5,0,0.241758227,0.201465189,0,0,15.9122372,9.28618431,8.37568283,8.31662846,0,13.3166971,9.28618431,4.42104006,0,,,,50
40365294,0.5,0.591836751,0.5,0,0.23369962,0.161172152,0,0,15.9213276,9.28618431,8.42993259,8.33563042,0,13.3238449,9.28618431,4.42104006,0,,,,50
40366433,0.5,0.534883738,0.5,0,0.185347974,0.161172152,0,0,15.9213276,8.53568554,8.44198895,8.33563042,0,13.3166971,8.53568554,4.92104006,0,,,,50
40367560,0.5,0.583333313,0.5,0,0.169230759,0.120879114,0,0,15.9304171,8.53568554,8.42993259,8.36518955,0,13.3238449,8.53568554,4.92104006,0,,,,50
40368695,0.5,0.59375,0.5,0,0.153113544,0.104761899,0,0,15.9304171,10.8114138,8.5565176,8.37785816,0,13.3095493,10.8114138,5.42104006,0,,,,50
40369822,0.5,0.649999976,0.5,0,0.209523797,0.112820506,0,0,15.9213276,10.8114138,8.40883541,8.36096668,0,13.3309927,10.8114138,5.42104006,0,,,,50
40370953,0.5,0.585365832,0.5,0,0.193406582,0.136996329,0,0,15.9258718,12,8.4178772,8.34196472,0,13.3238449,14.7088661,4.46170855,0,,,,50
40372079,0.5,0.568181813,0.5,0,0.201465189,0.153113544,0,0,15.9213276,12,8.40883541,8.32929707,0,13.2952528,14.7088661,4.46170855,0,,,,50
40373210,0.5,0.568627477,0.5,0,0.23369962,0.177289367,0,0,15.9167824,10.9094791,8.37568283,8.31873989,0.00714798551,13.3095493,10.9094791,4.96170855,0,,,,50
40374336,0.5,0.547169805,0.5,0,0.23369962,0.193406582,0,0,15.9122372,10.9094791,8.36664104,8.32085133,0,13.2952528,10.9094791,4.96170855,0,,,,50
40375467,0.5,0.553571403,0.5,0,0.249816835,0.201465189,0,0,15.9213276,11.2782526,8.38773823,8.32085133,0,13.3095493,11.2782526,5.46170855,0,,,,50
40376599,0.5,0.566037714,0.5,0,0.241758227,0.185347974,0,0,15.9122372,11.2782526,8.39075184,8.31873989,0,13.3166971,11.2782526,5.46170855,0,,,,50
40377730,0.5,0.547169805,0.5,0,0.23369962,0.193406582,0,0,15.9167824,12,8.38171005,8.32085133,0,13.3024006,14.0602713,4.85179043,0,,,,50
40378857,0.5,0.553571403,0.5,0,0.249816835,0.201465189,0,0,15.9122372,12,8.38773823,8.31662846,0,13.3166971,14.0602713,4.85179043,0,,,,50
40379987,0.5,0.545454562,0.5,0,0.241758227,0.201465189,0,0,15.9167824,11.6759539,8.38472462,8.32296276,0,13.3095493,11.6759539,5.35179043,0,,,,50
40381114,0.5,0.545454562,0.5,0,0.241758227,0.201465189,0,0,15.9122372,11.6759539,8.38472462,8.32085133,0,13.3166971,11.6759539,5.35179043,0,,,,50
40382245,0.5,0.537037015,0.5,0,0.23369962,0.201465189,0,0,15.9122372,12,8.37568283,8.32085133,0,13.3024006,12.8339443,5.40252447,0,,,,50
40383371,0.5,0.550000012,0.5,0,0.26593405,0.217582405,0,0,15.907692,12,8.37568283,8.30607224,0,13.3166971,12.8339443,5.40252447,0,,,,50
40384507,0.5,0.553571403,0.5,0,0.249816835,0.201465189,0,0,15.907692,12,8.39678001,8.30607224,0,13.3095493,13.4029512,5.14672041,0,,,,50
40385846,0.5,0.545454562,0.5,0,0.290109873,0.241758227,0,0,15.9122372,12,8.33951569,8.31240559,0,13.3166971,13.4029512,5.14672041,0,,,,50
40386977,0.5,0.538461566,0.5,0,0.282051265,0.241758227,0,0,15.907692,11.8255396,8.32143211,8.30607224,0,13.3166971,11.8255396,5.64672041,0,,,,50
40388104,0.5,0.532258093,0.5,0,0.26593405,0.23369962,0,0,15.9031467,11.8255396,8.33951569,8.31451702,0,13.3024006,11.8255396,5.64672041,0,,,,50
40389234,0.5,0.564516127,0.5,0,0.282051265,0.217582405,0,0,15.907692,12,8.38171005,8.29973793,0,13.3095493,13.4588852,5.36078358,0,,,,50
40390361,0.5,0.571428597,0.5,0,0.290109873,0.217582405,0,0,15.907692,12,8.33650112,8.30184937,0,13.3166971,13.4588852,5.36078358,0,,,,50
40391496,0.5,0.559322059,0.5,0,0.26593405,0.209523797,0,0,15.9122372,12,8.35759926,8.3039608,0,13.3024006,12.3359652,5.67979145,0,,,,50
40392622,0.5,0.564516127,0.5,0,0.282051265,0.217582405,0,0,15.9122372,12,8.35458469,8.30184937,0,13.3166971,12.3359652,5.67979145,0,,,,50
40393752,0.5,0.555555582,0.5,0,0.282051265,0.225641012,0,0,15.907692,12,8.34554291,8.3039608,0,13.3095493,13.1654215,5.55195093,0,,,,50
40394879,0.5,0.571428597,0.5,0,0.290109873,0.217582405,0,0,15.907692,12,8.35157108,8.29973793,0,13.3166971,13.1654215,5.55195093,0,,,,50
40396009,0.5,0.564516127,0.5,0,0.282051265,0.217582405,0,0,15.907692,12,8.35759926,8.30818272,0,13.3095493,12.5127382,5.77572632,0,,,,50
40397136,0.5,0.571428597,0.5,0,0.290109873,0.217582405,0,0,15.907692,12,8.35759926,8.30184937,0,13.3166971,12.5127382,5.77572632,0,,,,50
40398266,0.5,0.555555582,0.5,0,0.282051265,0.225641012,0,0,15.9122372,12,8.35157108,8.30818272,0,13.3024006,13.0651531,5.70190287,0,,,,50
40399398,0.5,0.5625,0.5,0,0.290109873,0.225641012,0,0,15.907692,12,8.36362648,8.29973793,0,13.3238449,13.0651531,5.70190287,0,,,,50
40400529,0.5,0.5625,0.5,0,0.290109873,0.225641012,0,0,15.907692,12,8.35157108,8.30818272,0,13.3095493,12.5759115,5.89164495,0,,,,50
40401655,0.5,0.550000012,0.5,0,0.26593405,0.217582405,0,0,15.907692,12,8.36061287,8.3039608,0,13.3238449,12.5759115,5.89164495,0,,,,50
40402786,0.5,0.571428597,0.5,0,0.290109873,0.217582405,0,0,15.9122372,12,8.35157108,8.30607224,0,13.3024006,13.0318623,5.83575583,0,,,,50
40403912,0.5,0.53125,0.5,0,0.273992658,0.241758227,0,0,15.907692,12,8.36965466,8.3039608,0,13.3166971,13.0318623,5.83575583,0,,,,50
40405043,0.5,0.546875,0.5,0,0.282051265,0.23369962,0,0,15.9122372,12,8.33951569,8.31240559,0,13.3166971,12.5994711,6.01280594,0,,,,50
40406382,0.5,0.564516127,0.5,0,0.282051265,0.217582405,0,0,15.907692,12,8.39075184,8.31451702,0,13.3166971,12.5994711,6.01280594,0,,,,50
40407518,0.5,0.575757563,0.5,0,0.306227088,0.225641012,0,0,15.907692,12,8.34554291,8.30818272,0,13.3166971,13.0218277,5.96232319,0,,,,50
40408644,0.5,0.54838711,0.5,0,0.273992658,0.225641012,0,0,15.907692,12,8.34855747,8.3039608,0,13.3166971,13.0218277,5.96232319,0,,,,50
40409775,0.5,0.54838711,0.5,0,0.273992658,0.225641012,0,0,15.9031467,12,8.36664104,8.30607224,0,13.3024006,12.6091967,6.13413382,0,,,,50
40410901,0.5,0.53125,0.5,0,0.273992658,0.241758227,0,0,15.907692,12,8.38472462,8.3039608,0,13.3166971,12.6091967,6.13413382,0,,,,50
40412032,0.5,0.5625,0.5,0,0.290109873,0.225641012,0,0,15.907692,12,8.38773823,8.31662846,0,13.3166971,13.0198402,6.08472157,0,,,,50
40413159,0.5,0.566666663,0.5,0,0.273992658,0.209523797,0,0,15.9122372,12,8.39075184,8.31240559,0,13.3095493,13.0198402,6.08472157,0,,,,50
40414289,0.5,0.54838711,0.5,0.496679038,0.273992658,0.225641012,0,0,15.907692,11.6921101,8.38171005,8.31029415,0,13.3095493,11.6921101,6.08804226,0,,,,50
40415421,0.5,0.54838711,0.5,0.496679038,0.273992658,0.225641012,0,0,15.9122372,11.6921101,8.34554291,8.30607224,0,13.3166971,11.6921101,6.08804226,0,,,,50
40416551,0.5,0.550000012,0.5,0.496679038,0.26593405,0.217582405,0,0,15.907692,11.1416245,8.39075184,8.31240559,0,13.3095493,11.1416245,6.09136343,0,,,,50
40417678,0.5,0.573770463,0.5,0.496679038,0.282051265,0.209523797,0,0,15.9122372,11.1416245,8.36362648,8.31240559,0,13.3166971,11.1416245,6.09136343,0,,,,50
40418809,0.5,0.535714269,0.5,0.496679038,0.241758227,0.209523797,0,0,15.9167824,10.543458,8.3937664,8.32085133,0,13.3024006,10.543458,6.09468412,0,,,,50
40419935,0.5,0.57407409,0.5,0.496679038,0.249816835,0.185347974,0,0,15.9213276,10.543458,8.37869644,8.32085133,0,13.3238449,10.543458,6.09468412,0,,,,50
40421066,0.5,0.579999983,0.5,0.496679038,0.23369962,0.169230759,0,0,15.9213276,9.95490265,8.38171005,8.32718563,0,13.3024006,9.95490265,6.09800529,0,,,,50
40422197,0.5,0.553191483,0.5,0.523805022,0.209523797,0.169230759,0,0,15.9213276,9.95490265,8.4058218,8.3250742,0,13.3166971,9.95490265,6.09800529,0,,,,50
40423328,0.5,0.53191489,0.5,0.523805022,0.201465189,0.177289367,0,0,15.9213276,9.35847282,8.41184998,8.33351898,0,13.3166971,9.35847282,6.07420015,0,,,,50
40424455,0.5,0.565217376,0.5,0.523805022,0.209523797,0.161172152,0,0,15.9213276,9.35847282,8.40280819,8.33774185,0,13.3166971,9.35847282,6.07420015,0,,,,50
40425595,0.5,0.568181813,0.5,0.523805022,0.201465189,0.153113544,0,0,15.9213276,8.71473312,8.39075184,8.33351898,0,13.3238449,8.71473312,6.05039501,0,,,,50
40426926,0.5,0.636363626,0.5,0.523805022,0.225641012,0.128937721,0,0,15.9258718,8.71473312,8.41486359,8.34618759,0,13.3238449,8.71473312,6.05039501,0,,,,50
40428057,0.5,0.625,0.5,0.554142058,0.161172152,0.0967032909,0,0,15.9304171,8.05357838,8.41184998,8.37152386,0,13.3095493,8.05357838,6.02659035,0,,,,50
40429183,0.5,0.526315808,0.5,0.554142058,0.161172152,0.145054936,0,0,15.9258718,8.05357838,8.4691143,8.35463333,0,13.3238449,8.05357838,6.02659035,0,,,,50
40430319,0.5,0.529411793,0.5,0.554142058,0.145054936,0.128937721,0,0,15.9304171,7.36604166,8.34554291,8.36730099,0,13.3095493,7.36604166,5.97244787,0,,,,50
40431446,0.5,0.439999998,0.5,0.554142058,0.0886446834,0.112820506,0,0,15.9349623,7.36604166,8.44198895,8.36941242,0,13.3238449,7.36604166,5.97244787,0,,,,50
40432576,0.5,0.560000002,0.5,0.554142058,0.112820506,0.0886446834,0,0,15.9213276,6.61488008,8.49021149,8.37574673,0,13.3238449,6.61488008,5.91830587,0,,,,50
40433703,0.5,0.629629612,0.5,0.554142058,0.136996329,0.0805860758,0,0,15.9258718,6.61488008,8.42993259,8.37363529,0,13.3238449,6.61488008,5.91830587,0,,,,50
40434834,0.5,0.709677398,0.5,0.554142058,0.177289367,0.0725274682,0,0,15.9258718,5.83812666,8.4691143,8.38630295,0,13.3166971,5.83812666,5.86416388,0,,,,50
40435960,0.5,0.720000029,0.5,0.554142058,0.145054936,0.056410253,0,0,15.9304171,5.83812666,8.45103073,8.38630295,0,13.3238449,5.83812666,5.86416388,0,,,,50
40437091,0.5,0.739130437,0.5,0.554142058,0.136996329,0.0483516455,0,0,15.9258718,5.09177923,8.4691143,8.39052582,0,13.3238449,5.09177923,5.81002188,0,,,,50
40438222,0.5,0.772727251,0.5,0.554142058,0.136996329,0.0402930379,0,0,15.9304171,5.09177923,8.46609974,8.40108299,0,13.3238449,5.09177923,5.81002188,0,,,,50
40439353,0.5,0.75,0.5,0.554142058,0.120879114,0.0402930379,0,0,15.9258718,4.40595293,8.50226688,8.40952778,0,13.3238449,4.40595293,5.75587988,0,,,,50
40440479,0.5,0.823529422,0.5,0.554142058,0.112820506,0.0241758227,0,0,15.9304171,4.40595293,8.50226688,8.40319443,0,13.3309927,4.40595293,5.75587988,0,,,,50
40441610,0.5,0.800000012,0.5,0.554142058,0.0967032909,0.0241758227,0,0,15.9349623,3.79417658,8.50226688,8.41586208,0,13.3166971,3.79417658,5.70173788,0,,,,50
40442737,0.5,0.769230783,0.5,0.554142058,0.0805860758,0.0241758227,0,0,15.9349623,3.79417658,8.49623966,8.39052582,0,13.3238449,3.79417658,5.70173788,0,,,,50
40443868,0.5,0.769230783,0.5,0.554142058,0.0805860758,0.0241758227,0,0,15.9304171,3.25955963,8.52637863,8.41797352,0,13.3238449,3.25955963,5.64759588,0,,,,50
40444994,0.5,0.714285731,0.5,0.554142058,0.0805860758,0.0322344303,0,0,15.9349623,3.25955963,8.51733685,8.41797352,0,13.3309927,3.25955963,5.64759588,0,,,,50
40446140,0.5,0.833333313,0.5,0.554142058,0.0805860758,0.0161172152,0,0,15.9304171,2.7989862,8.49623966,8.40952778,0,13.3166971,2.7989862,5.59345388,0,,,,50
40447266,0.5,0.666666687,0.5,0.554142058,0.0483516455,0.0241758227,0,0,15.9304171,2.7989862,8.59871292,8.40108299,0,13.3238449,2.7989862,5.59345388,0,,,,50
40448601,0.5,0.777777791,0.5,0.554142058,0.056410253,0.0161172152,0,0,15.9304171,2.40593386,8.51733685,8.41797352,0,13.3166971,2.40593386,5.53931189,0,,,,50
40449727,0.5,0.909090936,0.5,0.554142058,0.0805860758,0.00805860758,0,0,15.9349623,2.40593386,8.50829506,8.41797352,0,13.3238449,2.40593386,5.53931189,0,,,,50
40450858,0.5,0.888888896,0.5,0.554142058,0.0644688606,0.00805860758,0,0,15.9304171,2.07232428,8.4932251,8.41797352,0,13.3095493,2.07232428,5.48516989,0,,,,50
40451985,0.5,1,0.5,0.554142058,0.056410253,0,0,0,15.9304171,2.07232428,8.51733685,8.42430782,0,13.3095493,2.07232428,5.48516989,0,,,,50
40453120,0.5,1,0.5,0.554142058,0.056410253,0,0,0,15.9395075,1.78969347,8.52336502,8.43275356,0,13.3166971,1.78969347,5.43102789,0,,,,50
40454247,0.5,1,0.5,0.554142058,0.0483516455,0,0,0,15.9304171,1.78969347,8.53843403,8.43064213,0,13.3166971,1.78969347,5.43102789,0,,,,50
40455377,0.5,1,0.5,0.554142058,0.0483516455,0,0,0,15.9349623,1.54989374,8.54144764,8.42641926,0,13.3166971,1.54989374,5.37688589,0,,,,50
40456504,0.5,1,0.5,0.554142058,0.0483516455,0,0,0,15.9349623,1.54989374,8.52035046,8.41797352,0,13.3309927,1.54989374,5.37688589,0,,,,50
40457634,0.5,0.833333313,0.5,0.554142058,0.0402930379,0.00805860758,0,0,15.9349623,1.34548163,8.51130867,8.42430782,0,13.3166971,1.34548163,5.32274389,0,,,,50
40458761,0.5,0.833333313,0.5,0.554142058,0.0402930379,0.00805860758,0,0,15.9304171,1.34548163,8.54747581,8.42641926,0,13.3166971,1.34548163,5.32274389,0,,,,50
40459891,0.5,1,0.5,0.554142058,0.0402930379,0,0,0,15.9349623,1.16989601,8.53542042,8.41375065,0,13.3238449,1.16989601,5.26860189,0,,,,50
40461022,0.5,1,0.5,0.554142058,0.0402930379,0,0,0,15.9349623,1.16989601,8.54144764,8.42430782,0,13.3309927,1.16989601,5.26860189,0,,,,50
40462154,0.5,1,0.5,0.606079698,0.0402930379,0,0,0,15.9349623,1.01750636,8.53843403,8.42641926,0,13.3238449,1.01750636,5.2144599,0,,,,50
40463280,0.5,1,0.5,0.606079698,0.0402930379,0,0,0,15.9349623,1.01750636,8.53240585,8.43064213,0,13.3309927,1.01750636,5.2144599,0,,,,50
40464411,0.5,1,0.5,0.606079698,0.0322344303,0,0,0,15.9304171,0.787171662,8.4811697,8.42853069,0,13.3238449,0.787171662,5.10838032,0,,,,50
40465538,0.5,1,0.5,0.606079698,0.0322344303,0,0,0,15.9349623,0.787171662,8.53542042,8.42853069,0,13.3095493,0.787171662,5.10838032,0,,,,50
40466677,0.5,1,0.5,0.606079698,0.0402930379,0,0,0,15.9349623,0.368127465,8.53843403,8.42430782,0,13.3166971,0.368127465,5.00230074,0,,,,50
40467804,0.5,1,0.5,0.606079698,0.0402930379,0,0,0,15.9304171,0.368127465,8.54144764,8.43064213,0,13.3095493,0.368127465,5.00230074,0,,,,50
40469143,0.5,1,0.5,0.606079698,0.0402930379,0,0,0,15.9395075,-0.196551755,8.49925327,8.43064213,0,13.3238449,-0.196551755,4.89622116,0,,,,50
40470269,0.5,1,0.5,0.606079698,0.0483516455,0,0,0,15.9349623,-0.196551755,8.47514153,8.43064213,0,13.3309927,-0.196551755,4.89622116,0,,,,50
40471400,0.5,1,0.5,0.606079698,0.0322344303,0,0,0,15.9304171,-0.817246497,8.53240585,8.43275356,0,13.3238449,-0.817246497,4.79014158,0,,,,50
40472527,0.5,1,0.5,0.606079698,0.0322344303,0,0,0,15.9349623,-0.817246497,8.56555939,8.43064213,0,13.3309927,-0.817246497,4.79014158,0,,,,50
40473657,0.5,1,0.5,0.606079698,0.0322344303,0,0,0,15.9349623,-1.43911779,8.57158756,8.43064213,0,13.3166971,-1.43911779,4.684062,0,,,,50
40474784,0.5,1,0.5,0.606079698,0.0322344303,0,0,0,15.9349623,-1.43911779,8.52035046,8.43064213,0.00714798551,13.3309927,-1.43911779,4.684062,0,,,,50
40475914,0.5,1,0.5,0.606079698,0.0322344303,0,0,0,15.9349623,-2.03041244,8.54747581,8.43064213,0,13.3309927,-2.03041244,4.57798243,0,,,,50
40477046,0.5,1,0.5,0.606079698,0.0241758227,0,0,0,15.9349623,-2.03041244,8.54747581,8.43275356,0,13.3166971,-2.03041244,4.57798243,0,,,,50
40478177,0.5,1,0.5,0.606079698,0.0241758227,0,0,0,15.9349623,-2.5746882,8.57460117,8.43064213,0,13.3238449,-2.5746882,4.47190285,0,,,,50
40479303,0.5,1,0.5,0.606079698,0.0241758227,0,0,0,15.9304171,-2.5746882,8.50528145,8.43064213,0,13.3166971,-2.5746882,4.47190285,0,,,,50
40480434,0.5,1,0.5,0.606079698,0.0402930379,0,0,0,15.9304171,-3.06540728,8.58967113,8.43064213,0,13.3166971,-3.06540728,4.36582279,0,,,,50
40481561,0.5,1,0.5,0.606079698,0.0402930379,0,0,0,15.9349623,-3.06540728,8.52939224,8.42853069,0,13.3309927,-3.06540728,4.36582279,0,,,,50
40482692,0.5,1,0.5,0.606079698,0.0483516455,0,0,0,15.9304171,-3.50218487,8.50829506,8.43064213,0,13.3309927,-3.50218487,4.25974321,0,,,,50
40483823,0.5,1,0.5,0.606079698,0.0483516455,0,0,0,15.9304171,-3.50218487,8.51733685,8.42853069,0,13.3309927,-3.50218487,4.25974321,0,,,,50
40484954,0.5,1,0.5,0.606079698,0.0483516455,0,0,0,15.9304171,-3.88822365,8.50528145,8.42853069,0,13.3309927,-3.88822365,4.15366364,0,,,,50
40486090,0.5,1,0.5,0.606079698,0.0725274682,0,0,0,15.9258718,-3.88822365,8.5444622,8.42430782,0,13.3309927,-3.88822365,4.15366364,0,,,,50
40487221,0.5,1,0.5,0.606079698,0.0644688606,0,0,0,15.9304171,-4.2286005,8.47815609,8.41586208,0,13.3238449,-4.2286005,4.04758406,0,,,,50
40488347,0.5,1,0.5,0.606079698,0.0644688606,0,0,0,15.9304171,-4.2286005,8.50226688,8.41375065,0,13.3309927,-4.2286005,4.04758406,0,,,,50
40489478,0.5,0.846153855,0.5,0.606079698,0.0886446834,0.0161172152,0,0,15.9349623,-4.52915335,8.49623966,8.39263725,0,13.3238449,-4.52915335,3.94150472,0,,,,50
40490809,0.5,0.785714269,0.5,0.606079698,0.0886446834,0.0241758227,0,0,15.9349623,-4.52915335,8.51130867,8.39263725,0,13.3309927,-4.52915335,3.94150472,0,,,,50
40491944,0.5,0.785714269,0.5,0.606079698,0.0886446834,0.0241758227,0,0,15.9349623,-4.79578924,8.47815609,8.38841438,0,13.3166971,-4.79578924,3.83542514,0,,,,50
40493071,0.5,0.833333313,0.5,0.606079698,0.0805860758,0.0161172152,0,0,15.9304171,-4.79578924,8.46609974,8.39474869,0,13.3238449,-4.79578924,3.83542514,0,,,,50
40494201,0.5,0.800000012,0.5,0.606079698,0.0322344303,0.00805860758,0,0,15.9349623,-5.03407669,8.55953121,8.4074173,0,13.3309927,-5.03407669,3.72934556,0,,,,50
40495328,0.5,1,0.5,0.606079698,0.0241758227,0,0,0,15.9349623,-5.03407669,8.56555939,8.42853069,0,13.3166971,-5.03407669,3.72934556,0,,,,50
40496459,0.5,1,0.5,0.606079698,0.0322344303,0,0,0,15.9304171,-5.2490344,8.5444622,8.42853069,0,13.3238449,-5.2490344,3.62326598,0,,,,50
40497585,0.5,1,0.5,0.606079698,0.0402930379,0,0,0,15.9349623,-5.2490344,8.55350399,8.42641926,0,13.3309927,-5.2490344,3.62326598,0,,,,50
40498716,0.5,1,0.5,0.606079698,0.0322344303,0,0,0,15.9349623,-5.4450407,8.52637863,8.43275356,0,13.3095493,-5.4450407,3.5171864,0,,,,50
40499847,0.5,1,0.5,0.606079698,0.0402930379,0,0,0,15.9304171,-5.4450407,8.49925327,8.41163921,0,13.3309927,-5.4450407,3.5171864,0,,,,50
40500978,0.5,1,0.5,0.606079698,0.0483516455,0,0,0,15.9395075,-5.62582493,8.52939224,8.42219639,0,13.3166971,-5.62582493,3.41110682,0,,,,50
40502105,0.5,1,0.5,0.606079698,0.0483516455,0,0,0,15.9349623,-5.62582493,8.52637863,8.42008495,0,13.3309927,-5.62582493,3.41110682,0,,,,50
40503235,0.5,1,0.5,0.606079698,0.056410253,0,0,0,15.9349623,-5.79450035,8.5444622,8.41586208,0,13.3238449,-5.79450035,3.30502725,0,,,,50
40504362,0.5,1,0.5,0.606079698,0.0483516455,0,0,0,15.9349623,-5.79450035,8.52939224,8.42853069,0,13.3309927,-5.79450035,3.30502725,0,,,,50
40505493,0.5,1,0.5,0.606079698,0.0322344303,0,0,0,15.9349623,-5.95362759,8.55048943,8.42219639,0,13.3166971,-5.95362759,3.19894767,0,,,,50
40506628,0.5,1,0.5,0.606079698,0.0322344303,0,0,0,15.9349623,-5.95362759,8.57460117,8.42219639,0,13.3309927,-5.95362759,3.19894767,0,,,,50
40507764,0.5,1,0.5,0.606079698,0.0402930379,0,0,0,15.9395075,-6.1052804,8.53843403,8.42430782,0,13.3238449,-6.1052804,3.09286809,0,,,,50
40508890,0.5,1,0.5,0.606079698,0.0402930379,0,0,0,15.9349623,-6.1052804,8.53542042,8.42219639,0,13.3238449,-6.1052804,3.09286809,0,,,,50
40510021,0.5,1,0.5,0.606079698,0.0402930379,0,0,0,15.9304171,-6.25112152,8.52939224,8.41797352,0,13.3095493,-6.25112152,2.98678851,0,,,,50
40511352,0.5,1,0.5,0.606079698,0.0402930379,0,0,0,15.9258718,-6.25112152,8.50829506,8.42219639,0,13.3309927,-6.25112152,2.98678851,0,,,,50
40512482,0.5,1,0.5,0.606079698,0.0402930379,0,0,0,15.9304171,-6.39246655,8.54144764,8.42219639,0,13.3166971,-6.39246655,2.88070893,0,,,,50
40513609,0.5,0.875,0.5,0.606079698,0.056410253,0.00805860758,0,0,15.9349623,-6.39246655,8.53542042,8.42219639,0,13.3309927,-6.39246655,2.88070893,0,,,,50
40514744,0.5,1,0.5,0.606079698,0.056410253,0,0,0,15.9349623,-6.5303483,8.51733685,8.41375065,0,13.3166971,-6.5303483,2.77462935,0,,,,50
40515870,0.5,0.857142866,0.5,0.606079698,0.0483516455,0.00805860758,0,0,15.9304171,-6.5303483,8.56555939,8.42430782,0,13.3238449,-6.5303483,2.77462935,0,,,,50
40517001,0.5,1,0.5,0.606079698,0.0483516455,0,0,0,15.9349623,-6.66556787,8.52035046,8.40108299,0,13.3238449,-6.66556787,2.66854978,0,,,,50
40518127,0.5,0.833333313,0.5,0.606079698,0.0402930379,0.00805860758,0,0,15.9349623,-6.66556787,8.54747581,8.4074173,0,13.3309927,-6.66556787,2.66854978,0,,,,50
40519258,0.5,1,0.5,0.606079698,0.0483516455,0,0,0,15.9304171,-6.79874325,8.53843403,8.41797352,0,13.3238449,-6.79874325,2.5624702,0,,,,50
40520385,0.5,1,0.5,0.606079698,0.0483516455,0,0,0,15.9304171,-6.79874325,8.52637863,8.41375065,0,13.3309927,-6.79874325,2.5624702,0,,,,50
40521515,0.5,1,0.5,0.606079698,0.0483516455,0,0,0,15.9304171,-6.93034506,8.51432323,8.42219639,0,13.3166971,-6.93034506,2.45639062,0,,,,50
40522646,0.5,1,0.5,0.606079698,0.0402930379,0,0,0,15.9304171,-6.93034506,8.50226688,8.41375065,0,13.3309927,-6.93034506,2.45639062,0,,,,50
40523777,0.5,0.833333313,0.5,0.606079698,0.0402930379,0.00805860758,0,0,15.9349623,-7.06072903,8.52939224,8.41797352,0,13.3166971,-7.06072903,2.35031104,0,,,,50
40524903,0.5,0.800000012,0.5,0.606079698,0.0322344303,0.00805860758,0,0,15.9304171,-7.06072903,8.52939224,8.41163921,0,13.3309927,-7.06072903,2.35031104,0,,,,50
40526043,0.5,1,0.5,0.606079698,0.0483516455,0,0,0,15.9304171,-7.19016314,8.53542042,8.40952778,0,13.3095493,-7.19016314,2.24423122,0,,,,50
40527170,0.5,0.833333313,0.5,0.606079698,0.0402930379,0.00805860758,0,0,15.9349623,-7.19016314,8.52939224,8.41375065,0,13.3309927,-7.19016314,2.24423122,0,,,,50
40528300,0.5,0.857142866,0.5,0.606079698,0.0483516455,0.00805860758,0,0,15.9349623,-7.3188448,8.51432323,8.41797352,0,13.3166971,-7.3188448,2.13815165,0,,,,50
40529427,0.5,1,0.5,0.606079698,0.056410253,0,0,0,15.9349623,-7.3188448,8.52035046,8.41375065,0,13.3309927,-7.3188448,2.13815165,0,,,,50
40530563,0.5,1,0.5,0.606079698,0.056410253,0,0,0,15.9349623,-7.44692039,8.52637863,8.41163921,0,13.3166971,-7.44692039,2.03207207,0,,,,50
40531893,0.5,0.714285731,0.5,0.606079698,0.0402930379,0.0161172152,0,0,15.9304171,-7.44692039,8.52035046,8.41163921,0,13.3309927,-7.44692039,2.03207207,0,,,,50
40533024,0.5,0.833333313,0.5,0.606079698,0.0402930379,0.00805860758,0,0,15.9304171,-7.57449579,8.54144764,8.41163921,0,13.3166971,-7.57449579,1.92599261,0,,,,50
40534150,0.5,0.875,0.5,0.606079698,0.056410253,0.00805860758,0,0,15.9349623,-7.57449579,8.52336502,8.41163921,0,13.3309927,-7.57449579,1.92599261,0,,,,50
40535282,0.5,0.875,0.5,0.606079698,0.056410253,0.00805860758,0,0,15.9349623,-7.70164824,8.52637863,8.41586208,0,13.3309927,-7.70164824,1.81991303,0,,,,50
40536408,0.5,0.777777791,0.5,0.606079698,0.056410253,0.0161172152,0,0,15.9349623,-7.70164824,8.53240585,8.39897156,0,13.3238449,-7.70164824,1.81991303,0,,,,50
40537544,0.5,0.75,0.5,0.606079698,0.0483516455,0.0161172152,0,0,15.9304171,-7.82843208,8.55350399,8.40319443,0,13.3309927,-7.82843208,1.71383345,0,,,,50
40538670,0.5,0.75,0.5,0.606079698,0.0725274682,0.0241758227,0,0,15.9349623,-7.82843208,8.52637863,8.39474869,0,13.3238449,-7.82843208,1.71383345,0,,,,50
40539800,0.5,0.833333313,0.5,0.606079698,0.0805860758,0.0161172152,0,0,15.9258718,-7.95488501,8.49623966,8.39897156,0,13.3166971,-7.95488501,1.60775387,0,,,,50
40540927,0.5,0.800000012,0.5,0.606079698,0.0644688606,0.0161172152,0,0,15.9304171,-7.95488501,8.51733685,8.40319443,0,13.3238449,-7.95488501,1.60775387,0,,,,50
40542058,0.5,0.727272749,0.5,0.606079698,0.0644688606,0.0241758227,0,0,15.9349623,-8.08103466,8.49623966,8.39897156,0,13.3166971,-8.08103466,1.50167429,0,,,,50
40543185,0.5,0.75,0.5,0.606079698,0.0725274682,0.0241758227,0,0,15.9304171,-8.08103466,8.54144764,8.39686012,0,13.3238449,-8.08103466,1.50167429,0,,,,50
40544315,0.5,0.785714269,0.5,0.606079698,0.0886446834,0.0241758227,0,0,15.9349623,-8.20689774,8.49021149,8.38419151,0,13.3166971,-8.20689774,1.39559472,0,,,,50
40545446,0.5,0.692307711,0.5,0.606079698,0.0725274682,0.0322344303,0,0,15.9304171,-8.20689774,8.48719788,8.39474869,0,13.3238449,-8.20689774,1.39559472,0,,,,50
40546586,0.5,0.800000012,0.5,0.606079698,0.0967032909,0.0241758227,0,0,15.9304171,-8.33248711,8.49021149,8.41586208,0,13.3095493,-8.33248711,1.28951502,0,,,,50
40547713,0.5,0.733333349,0.5,0.606079698,0.0886446834,0.0322344303,0,0,15.9304171,-8.33248711,8.51130867,8.40108299,0,13.3238449,-8.33248711,1.28951502,0,,,,50
40548844,0.5,0.823529422,0.5,0.606079698,0.112820506,0.0241758227,0,0,15.9304171,-8.45781136,8.49925327,8.39052582,0,13.3166971,-8.45781136,1.18343544,0,,,,50
40549971,0.5,0.764705896,0.5,0.606079698,0.104761899,0.0322344303,0,0,15.9304171,-8.45781136,8.48719788,8.40952778,0,13.3238449,-8.45781136,1.18343544,0,,,,50
40551101,0.5,0.733333349,0.5,0.606079698,0.0886446834,0.0322344303,0,0,15.9304171,-8.58287334,8.49021149,8.39474869,0,13.3166971,-8.58287334,1.07735586,0,,,,50
40552228,0.5,0.785714269,0.5,0.606079698,0.0886446834,0.0241758227,0,0,15.9349623,-8.58287334,8.51432323,8.39686012,0,13.3309927,-8.58287334,1.07735586,0,,,,50
40553567,0.5,0.75,0.5,0.606079698,0.0967032909,0.0322344303,0,0,15.9349623,-8.70767689,8.50226688,8.39897156,0,13.3166971,-8.70767689,0.971276343,0,,,,50
40554695,0.5,0.764705896,0.5,0.606079698,0.104761899,0.0322344303,0,0,15.9349623,-8.70767689,8.48719788,8.39686012,0,13.3238449,-8.70767689,0.971276343,0,,,,50
40555825,0.5,0.75,0.5,0.606079698,0.0967032909,0.0322344303,0,0,15.9304171,-8.83222389,8.46609974,8.39897156,0,13.3166971,-8.83222389,0.865196705,0,,,,50
40556952,0.5,0.8125,0.5,0.606079698,0.104761899,0.0241758227,0,0,15.9304171,-8.83222389,8.4932251,8.40319443,0,13.3238449,-8.83222389,0.865196705,0,,,,50
40558083,0.5,0.736842096,0.5,0.606079698,0.112820506,0.0402930379,0,0,15.9304171,-8.95651531,8.48418331,8.39474869,0,13.3166971,-8.95651531,0.759117126,0,,,,50
40559209,0.5,0.75,0.5,0.606079698,0.0967032909,0.0322344303,0,0,15.9258718,-8.95651531,8.48418331,8.39052582,0,13.3238449,-8.95651531,0.759117126,0,,,,50
40560340,0.5,0.777777791,0.5,0.606079698,0.112820506,0.0322344303,0,0,15.9349623,-9.08055115,8.46609974,8.39897156,0,13.3166971,-9.08055115,0.653037548,0,,,,50
40561471,0.5,0.823529422,0.5,0.606079698,0.112820506,0.0241758227,0,0,15.9304171,-9.08055115,8.45705795,8.40530586,0,13.3238449,-9.08055115,0.653037548,0,,,,50
40562602,0.5,0.823529422,0.5,0.606079698,0.112820506,0.0241758227,0,0,15.9304171,-9.20433235,8.45705795,8.39263725,0,13.3166971,-9.20433235,0.54695797,0,,,,50
40563729,0.5,0.789473712,0.5,0.606079698,0.120879114,0.0322344303,0,0,15.9304171,-9.20433235,8.4811697,8.40108299,0,13.3238449,-9.20433235,0.54695797,0,,,,50
40564860,0.5,0.777777791,0.5,0.606079698,0.112820506,0.0322344303,0,0,15.9304171,-9.32785702,8.47815609,8.39474869,0,13.3166971,-9.32785702,0.440878361,0,,,,50
40565996,0.5,0.789473712,0.5,0.606079698,0.120879114,0.0322344303,0,0,15.9304171,-9.32785702,8.46308613,8.39897156,0,13.3238449,-9.32785702,0.440878361,0,,,,50
40567127,0.5,0.800000012,0.5,0.606079698,0.128937721,0.0322344303,0,0,15.9349623,-9.45112705,8.44801617,8.39686012,0,13.3166971,-9.45112705,0.334798783,0,,,,50
40568258,0.5,0.809523821,0.5,0.606079698,0.136996329,0.0322344303,0,0,15.9349623,-9.45112705,8.45705795,8.40108299,0,13.3238449,-9.45112705,0.334798783,0,,,,50
40569388,0.5,0.772727251,0.5,0.606079698,0.136996329,0.0402930379,0,0,15.9304171,-9.57414055,8.44500256,8.39263725,0,13.3166971,-9.57414055,0.228719205,0,,,,50
40570515,0.5,0.809523821,0.5,0.606079698,0.136996329,0.0322344303,0,0,15.9304171,-9.57414055,8.43596077,8.39474869,0,13.3238449,-9.57414055,0.228719205,0,,,,50
40571646,0.5,0.782608688,0.5,0.606079698,0.145054936,0.0402930379,0,0,15.9349623,-9.69689941,8.43596077,8.39474869,0,13.3166971,-9.69689941,0.122639611,0,,,,50
40572772,0.5,0.761904776,0.5,0.606079698,0.128937721,0.0402930379,0,0,15.9304171,-9.69689941,8.48719788,8.38419151,0,13.3238449,-9.69689941,0.122639611,0,,,,50
40574107,0.5,0.809523821,0.5,0.606079698,0.136996329,0.0322344303,0,0,15.9258718,-9.81940269,8.45705795,8.38630295,0,13.3309927,-9.81940269,0.0165600199,0,,,,50
40575233,0.5,0.807692289,0.5,0.606079698,0.169230759,0.0402930379,0,0,15.9349623,-9.81940269,8.42993259,8.38419151,0,13.3309927,-9.81940269,0.0165600199,0,,,,50
40576369,0.5,0.761904776,0.5,0.606079698,0.128937721,0.0402930379,0,0,15.9304171,-9.94165039,8.49925327,8.38419151,0,13.3166971,-9.94165039,-0.0895195678,0,,,,50
40577496,0.5,0.739130437,0.5,0.606079698,0.136996329,0.0483516455,0,0,15.9213276,-9.94165039,8.49021149,8.37363529,0,13.3238449,-9.94165039,-0.0895195678,0,,,,50
40578628,0.5,0.740740716,0.5,0.606079698,0.161172152,0.056410253,0,0,15.9304171,-10.0636435,8.4691143,8.38630295,0,13.3095493,-10.0636435,-0.195599154,0,,,,50
40579754,0.5,0.680000007,0.5,0.606079698,0.136996329,0.0644688606,0,0,15.9304171,-10.0636435,8.49925327,8.38630295,0,13.3238449,-10.0636435,-0.195599154,0,,,,50
40580885,0.5,0.708333313,0.5,0.606079698,0.136996329,0.056410253,0,0,15.9304171,-10.1853809,8.44500256,8.40108299,0,13.3238449,-10.1853809,-0.301678747,0,,,,50
40582012,0.5,0.75999999,0.5,0.606079698,0.153113544,0.0483516455,0,0,15.9349623,-10.1853809,8.38171005,8.38419151,0,13.3238449,-10.1853809,-0.301678747,0,,,,50
40583142,0.5,0.714285731,0.5,0.606079698,0.161172152,0.0644688606,0,0,15.9304171,-10.3068647,8.47815609,8.38630295,0,13.3166971,-10.3068647,-0.407758325,0,,,,50
40584274,0.5,0.714285731,0.5,0.606079698,0.161172152,0.0644688606,0,0,15.9258718,-10.3068647,8.4058218,8.38208103,0,13.3238449,-10.3068647,-0.407758325,0,,,,50
40585404,0.5,0.714285731,0.5,0.606079698,0.161172152,0.0644688606,0,0,15.9304171,-10.4280939,8.43294716,8.36518955,0,13.3166971,-10.4280939,-0.513837934,0,,,,50
40586539,0.5,0.655172408,0.5,0.606079698,0.153113544,0.0805860758,0,0,15.9258718,-10.4280939,8.30334854,8.37363529,0,13.3238449,-10.4280939,-0.513837934,0,,,,50
40587670,0.5,0.607142866,0.5,0.606079698,0.136996329,0.0886446834,0,0,15.9258718,-10.5490704,8.56555939,8.36096668,0,13.3166971,-10.5490704,-0.619917512,0,,,,50
40588797,0.5,0.722222209,0.5,0.606079698,0.209523797,0.0805860758,0,0,15.9304171,-10.5490704,8.30334854,8.36730099,0,13.3238449,-10.5490704,-0.619917512,0,,,,50
40589927,0.5,0.518518507,0.5,0.606079698,0.112820506,0.104761899,0,0,15.9213276,-10.6697931,8.33951569,8.36941242,0,13.3166971,-10.6697931,-0.72599709,0,,,,50
40591054,0.5,0.481481493,0.5,0.606079698,0.104761899,0.112820506,0,0,15.9258718,-10.6697931,8.38171005,8.36730099,0,13.3166971,-10.6697931,-0.72599709,0,,,,50
40592189,0.5,0.657142878,0.5,0.606079698,0.185347974,0.0967032909,0,0,15.9304171,-10.7902632,8.4178772,8.34618759,0,13.3166971,-10.7902632,-0.832076728,0,,,,50
40593316,0.5,0.636363626,0.5,0.606079698,0.169230759,0.0967032909,0,0,15.9258718,-10.7902632,8.41486359,8.36096668,0,13.3238449,-10.7902632,-0.832076728,0,,,,50
40594446,0.5,0.605263174,0.5,0.606079698,0.185347974,0.120879114,0,0,15.9258718,-10.9104805,8.50226688,8.35885525,0,13.3166971,-10.9104805,-0.938156307,0,,,,50
40595777,0.5,0.54285717,0.5,0.606079698,0.153113544,0.128937721,0,0,15.9213276,-10.9104805,8.42089176,8.33774185,0,13.3238449,-10.9104805,-0.938156307,0,,,,50
40596908,0.5,0.5625,0.5,0.606079698,0.145054936,0.112820506,0,0,15.9213276,-11.030447,8.3937664,8.3250742,0,13.3166971,-11.030447,-1.04423583,0,,,,50
40598034,0.5,0.621621609,0.5,0.606079698,0.185347974,0.112820506,0,0,15.9258718,-11.030447,8.43294716,8.36518955,0,13.3166971,-11.030447,-1.04423583,0,,,,50
40599170,0.5,0.567567587,0.5,0.606079698,0.169230759,0.128937721,0,0,15.9213276,-11.1501627,8.45103073,8.36518955,0,13.3166971,-11.1501627,-1.15031552,0,,,,50
40600296,0.5,0.600000024,0.5,0.606079698,0.193406582,0.128937721,0,0,15.9304171,-11.1501627,8.42089176,8.32296276,0,13.3238449,-11.1501627,-1.15031552,0,,,,50
40601427,0.5,0.552631557,0.5,0.606079698,0.169230759,0.136996329,0,0,15.9213276,-11.2696266,8.46609974,8.40319443,0,13.3166971,-11.2696266,-1.2563951,0,,,,50
40602553,0.5,0.666666687,0.5,0.606079698,0.177289367,0.0886446834,0,0,15.9258718,-11.2696266,8.4178772,8.31873989,0,13.3238449,-11.2696266,-1.2563951,0,,,,50
40603684,0.5,0.628571451,0.5,0.606079698,0.177289367,0.104761899,0,0,15.9258718,-11.3888416,8.40280819,8.32296276,0,13.3095493,-11.3888416,-1.36247468,0,,,,50
40604810,0.5,0.488372087,0.5,0.606079698,0.169230759,0.177289367,0,0,15.9213276,-11.3888416,8.3937664,8.3525219,0,13.3238449,-11.3888416,-1.36247468,0,,,,50
40605950,0.5,0.534883738,0.5,0.606079698,0.185347974,0.161172152,0,0,15.9258718,-11.5078068,8.42993259,8.32718563,0,13.3238449,-11.5078068,-1.46855426,0,,,,50
40607081,0.5,0.534883738,0.5,0.606079698,0.185347974,0.161172152,0,0,15.9258718,-11.5078068,8.42691898,8.35885525,0,13.2952528,-11.5078068,-1.46855426,0,,,,50
40608212,0.5,0.631578922,0.5,0.606079698,0.193406582,0.112820506,0,0,15.9304171,-11.626523,8.42390537,8.35463333,0,13.3309927,-11.626523,-1.57463384,0,,,,50
40609339,0.5,0.526315808,0.5,0.606079698,0.161172152,0.145054936,0,0,15.9213276,-11.626523,8.4178772,8.34618759,0,13.3238449,-11.626523,-1.57463384,0,,,,50
40610469,0.5,0.590909064,0.5,0.606079698,0.209523797,0.145054936,0,0,15.9258718,-11.7449913,8.42390537,8.33985329,0,13.3166971,-11.7449913,-1.68071342,0,,,,50
40611596,0.5,0.568181813,0.5,0.606079698,0.201465189,0.153113544,0,0,15.9258718,-11.7449913,8.45404434,8.3250742,0,13.3238449,-11.7449913,-1.68071342,0,,,,50
40612727,0.5,0.627906978,0.5,0.606079698,0.217582405,0.128937721,0,0,15.9213276,-11.8632116,8.44500256,8.3525219,0,13.3166971,-11.8632116,-1.78679299,0,,,,50
40613853,0.5,0.585365832,0.5,0.606079698,0.193406582,0.136996329,0,0,15.9213276,-11.8632116,8.39678001,8.33985329,0,13.3238449,-11.8632116,-1.78679299,0,,,,50
40614989,0.5,0.524999976,0.5,0.606079698,0.169230759,0.153113544,0,0,15.9258718,-11.981185,8.45404434,8.33351898,0,13.3238449,-11.981185,-1.89287257,0,,,,50
40616320,0.5,0.581395328,0.5,0.606079698,0.201465189,0.145054936,0,0,15.9213276,-11.981185,8.39678001,8.3314085,0,13.3238449,-11.981185,-1.89287257,0,,,,50
40617451,0.5,0.558139563,0.5,0.606079698,0.193406582,0.153113544,0,0,15.9258718,-12,8.4058218,8.32718563,0,13.3166971,-12.0989122,-1.94566596,0,,,,50
40618577,0.5,0.571428597,0.5,0.606079698,0.193406582,0.145054936,0,0,15.9213276,-12,8.4178772,8.34196472,0,13.3166971,-12.0989122,-1.94566596,0,,,,50
40619708,0.5,0.581395328,0.5,0.606079698,0.201465189,0.145054936,0,0,15.9213276,-11.9089394,8.4058218,8.34618759,0,13.3166971,-11.9089394,-2.05174565,0,,,,50
40620835,0.5,0.536585391,0.5,0.606079698,0.177289367,0.153113544,0,0,15.9213276,-11.9089394,8.41486359,8.3525219,0,13.3238449,-11.9089394,-2.05174565,0,,,,50
40621966,0.5,0.571428597,0.5,0.606079698,0.193406582,0.145054936,0,0,15.9213276,-11.8650932,8.39678001,8.33563042,0,13.3238449,-11.8650932,-2.15782523,0,,,,50
40623097,0.5,0.550000012,0.5,0.606079698,0.177289367,0.145054936,0,0,15.9258718,-11.8650932,8.4058218,8.34196472,0,13.3166971,-11.8650932,-2.15782523,0,,,,50
40624229,0.5,0.634146333,0.5,0.606079698,0.209523797,0.120879114,0,0,15.9213276,-11.915576,8.37869644,8.33351898,0,13.3166971,-11.915576,-2.26390481,0,,,,50
40625355,0.5,0.545454562,0.5,0.606079698,0.193406582,0.161172152,0,0,15.9258718,-11.915576,8.39979362,8.33774185,0,13.3238449,-11.915576,-2.26390481,0,,,,50
40626495,0.5,0.555555582,0.5,0.606079698,0.201465189,0.161172152,0,0,15.9213276,-12,8.40280819,8.33563042,0,13.3166971,-12.0241652,-2.35696626,0,,,,50
40627622,0.5,0.555555582,0.5,0.606079698,0.201465189,0.161172152,0,0,15.9213276,-12,8.4058218,8.32929707,0,13.3166971,-12.0241652,-2.35696626,0,,,,50
40628752,0.5,0.541666687,0.5,0.606079698,0.209523797,0.177289367,0,0,15.9213276,-12,8.39678001,8.34618759,0,13.3095493,-12.0916185,-2.41368866,0,,,,50
40629883,0.5,0.541666687,0.5,0.606079698,0.209523797,0.177289367,0,0,15.9167824,-12,8.3937664,8.33563042,0,13.3238449,-12.0916185,-2.41368866,0,,,,50
40631014,0.5,0.521739125,0.5,0.606079698,0.193406582,0.177289367,0,0,15.9213276,-11.9279556,8.39678001,8.33351898,0,13.3238449,-11.9279556,-2.51976824,0,,,,50
40632141,0.5,0.565217376,0.5,0.606079698,0.209523797,0.161172152,0,0,15.9213276,-11.9279556,8.40280819,8.33563042,0,13.3166971,-11.9279556,-2.51976824,0,,,,50
40633271,0.5,0.553191483,0.5,0.606079698,0.209523797,0.169230759,0,0,15.9213276,-11.9304295,8.38773823,8.3314085,0,13.3024006,-11.9304295,-2.62584782,0,,,,50
40634398,0.5,0.625,0.5,0.606079698,0.241758227,0.145054936,0,0,15.9213276,-11.9304295,8.39979362,8.3314085,0,13.3238449,-11.9304295,-2.62584782,0,,,,50
40635529,0.5,0.565217376,0.5,0.606079698,0.209523797,0.161172152,0,0,15.9167824,-12,8.39678001,8.3314085,0,13.3238449,-12.0356684,-2.71271205,0,,,,50
40636859,0.5,0.560000002,0.5,0.606079698,0.225641012,0.177289367,0,0,15.9213276,-12,8.38773823,8.32296276,0,13.3166971,-12.0356684,-2.71271205,0,,,,50
40637995,0.5,0.583333313,0.5,0.606079698,0.225641012,0.161172152,0,0,15.9122372,-12,8.41184998,8.32296276,0,13.3024006,-12.0894918,-2.77058005,0,,,,50
40639122,0.5,0.540000021,0.5,0.606079698,0.217582405,0.185347974,0,0,15.9167824,-12,8.3937664,8.32929707,0,13.3166971,-12.0894918,-2.77058005,0,,,,50
40640253,0.5,0.566037714,0.5,0.606079698,0.241758227,0.185347974,0,0,15.9167824,-11.9490395,8.38472462,8.32929707,0,13.3166971,-11.9490395,-2.87665963,0,,,,50
40641379,0.5,0.579999983,0.5,0.606079698,0.23369962,0.169230759,0,0,15.9167824,-11.9490395,8.41486359,8.32929707,0,13.3166971,-11.9490395,-2.87665963,0,,,,50
40642510,0.5,0.571428597,0.5,0.606079698,0.225641012,0.169230759,0,0,15.9122372,-11.9879045,8.3937664,8.33351898,0,13.3166971,-11.9879045,-2.98273921,0,,,,50
40643636,0.5,0.53061223,0.5,0.606079698,0.209523797,0.185347974,0,0,15.9167824,-11.9879045,8.39979362,8.3314085,0,13.3166971,-11.9879045,-2.98273921,0,,,,50
40644767,0.5,0.568627477,0.5,0.606079698,0.23369962,0.177289367,0,0,15.9167824,-12,8.39678001,8.3250742,0,13.3095493,-12.1347265,-3.01623869,0,,,,50
40645907,0.5,0.549019635,0.5,0.606079698,0.225641012,0.185347974,0,0,15.9122372,-12,8.39075184,8.3250742,0,13.3238449,-12.1347265,-3.01623869,0,,,,50
40647038,0.5,0.560000002,0.5,0.606079698,0.225641012,0.177289367,0,0,15.9122372,-11.9225302,8.38472462,8.3250742,0,13.3166971,-11.9225302,-3.12231827,0,,,,50
40648165,0.5,0.584905684,0.5,0.606079698,0.249816835,0.177289367,0,0,15.9167824,-11.9225302,8.38773823,8.32929707,0,13.3166971,-11.9225302,-3.12231827,0,,,,50
40649295,0.5,0.579999983,0.5,0.606079698,0.23369962,0.169230759,0,0,15.9213276,-11.9382687,8.39678001,8.32929707,0,13.3024006,-11.9382687,-3.22839785,0,,,,50
40650422,0.5,0.5625,0.5,0.606079698,0.217582405,0.169230759,0,0,15.9213276,-11.9382687,8.38472462,8.33351898,0,13.3166971,-11.9382687,-3.22839785,0,,,,50
40651553,0.5,0.571428597,0.5,0.606079698,0.225641012,0.169230759,0,0,15.9167824,-12,8.42691898,8.3314085,0,13.3024006,-12.0915699,-3.28514671,0,,,,50
40652679,0.5,0.591836751,0.5,0.606079698,0.23369962,0.161172152,0,0,15.9213276,-12,8.4178772,8.33563042,0,13.3238449,-12.0915699,-3.28514671,0,,,,50
40653815,0.5,0.595744669,0.5,0.606079698,0.225641012,0.153113544,0,0,15.9213276,-12,8.40280819,8.33563042,0,13.3238449,-12.0364237,-3.37160397,0,,,,50
40654942,0.5,0.5625,0.5,0.606079698,0.217582405,0.169230759,0,0,15.9167824,-12,8.41184998,8.33351898,0,13.3166971,-12.0364237,-3.37160397,0,,,,50
40656073,0.5,0.551020384,0.5,0.606079698,0.217582405,0.177289367,0,0,15.9167824,-12,8.3937664,8.33351898,0,13.3024006,-12.0401068,-3.45607734,0,,,,50
40657199,0.5,0.568627477,0.5,0.606079698,0.23369962,0.177289367,0,0,15.9167824,-12,8.4058218,8.3314085,0,13.3024006,-12.0401068,-3.45607734,0,,,,50
40658535,0.5,0.576923072,0.5,0.606079698,0.241758227,0.177289367,0,0,15.9213276,-12,8.40883541,8.3250742,0,13.3095493,-12.0719299,-3.52340651,0,,,,50
40659661,0.5,0.600000024,0.5,0.606079698,0.241758227,0.161172152,0,0,15.9167824,-12,8.3937664,8.32929707,0,13.3166971,-12.0719299,-3.52340651,0,,,,50
40660797,0.5,0.547169805,0.5,0.606079698,0.23369962,0.193406582,0,0,15.9167824,-12,8.39979362,8.3250742,0,13.3166971,-12.0244083,-3.61633682,0,,,,50
40661923,0.5,0.560000002,0.5,0.606079698,0.225641012,0.177289367,0,0,15.9213276,-12,8.4058218,8.32929707,0,13.3166971,-12.0244083,-3.61633682,0,,,,50
40663054,0.5,0.576923072,0.5,0.606079698,0.241758227,0.177289367,0,0,15.9213276,-12,8.37869644,8.32929707,0,13.2952528,-12.0863905,-3.67587566,0,,,,50
40664181,0.5,0.538461566,0.5,0.606079698,0.225641012,0.193406582,0,0,15.9167824,-12,8.38773823,8.3314085,0,13.3166971,-12.0863905,-3.67587566,0,,,,50
40665311,0.5,0.588235319,0.5,0.606079698,0.241758227,0.169230759,0,0,15.9167824,-12,8.39678001,8.32296276,0,13.3095493,-12.0210056,-3.77063894,0,,,,50
40666447,0.5,0.557692289,0.5,0.606079698,0.23369962,0.185347974,0,0,15.9167824,-12,8.37266827,8.32085133,0,13.3166971,-12.0210056,-3.77063894,0,,,,50
40667578,0.5,0.540000021,0.5,0.606079698,0.217582405,0.185347974,0,0,15.9167824,-12,8.39075184,8.3314085,0,13.3024006,-12.0934515,-3.82637405,0,,,,50
40668709,0.5,0.557692289,0.5,0.606079698,0.23369962,0.185347974,0,0,15.9167824,-12,8.3937664,8.3314085,0,13.3238449,-12.0934515,-3.82637405,0,,,,50
40669840,0.5,0.53191489,0.5,0.606079698,0.201465189,0.177289367,0,0,15.9258718,-12,8.39678001,8.33351898,0,13.3166971,-12.0218201,-3.92069888,0,,,,50
40670966,0.5,0.5625,0.5,0.606079698,0.217582405,0.169230759,0,0,15.9213276,-12,8.39075184,8.33351898,0,13.3095493,-12.0218201,-3.92069888,0,,,,50
40672097,0.5,0.541666687,0.5,0.606079698,0.209523797,0.177289367,0,0,15.9167824,-12,8.40883541,8.3314085,0,13.3095493,-12.0978775,-3.97404957,0,,,,50
40673223,0.5,0.57407409,0.5,0.606079698,0.249816835,0.185347974,0,0,15.9258718,-12,8.39979362,8.32718563,0,13.3166971,-12.0978775,-3.97404957,0,,,,50
40674354,0.5,0.571428597,0.5,0.606079698,0.225641012,0.169230759,0,0,15.9167824,-12,8.40280819,8.32929707,0,13.3095493,-12.0240431,-4.06717682,0,,,,50
40675480,0.5,0.557692289,0.5,0.606079698,0.23369962,0.185347974,0,0,15.9167824,-12,8.38773823,8.3250742,0,13.3166971,-12.0240431,-4.06717682,0,,,,50
40676616,0.5,0.535714269,0.5,0.606079698,0.241758227,0.209523797,0,0,15.9122372,-12,8.38472462,8.32718563,0,13.3024006,-12.1013279,-4.11866856,0,,,,50
40677743,0.5,0.545454562,0.5,0.606079698,0.241758227,0.201465189,0,0,15.9122372,-12,8.39678001,8.3250742,0,13.3166971,-12.1013279,-4.11866856,0,,,,50
40679078,0.5,0.566037714,0.5,0.606079698,0.241758227,0.185347974,0,0,15.9122372,-12,8.38171005,8.31873989,0,13.2952528,-12.0266991,-4.21036482,0,,,,50
40680204,0.5,0.57407409,0.5,0.606079698,0.249816835,0.185347974,0,0,15.9122372,-12,8.38773823,8.31873989,0,13.3166971,-12.0266991,-4.21036482,0,,,,50
40681335,0.5,0.535714269,0.5,0.606079698,0.241758227,0.209523797,0,0,15.9167824,-12,8.37869644,8.31873989,0,13.3095493,-12.1043844,-4.26021004,0,,,,50
40682462,0.5,0.553571403,0.5,0.606079698,0.249816835,0.201465189,0,0,15.907692,-12,8.37568283,8.31662846,0,13.3166971,-12.1043844,-4.26021004,0,,,,50
40683597,0.5,0.576271176,0.5,0.606079698,0.273992658,0.201465189,0,0,15.9122372,-12,8.38472462,8.31662846,0,13.3024006,-12.0294514,-4.35042334,0,,,,50
40684724,0.5,0.566666663,0.5,0.606079698,0.273992658,0.209523797,0,0,15.9122372,-12,8.36664104,8.31029415,0,13.3166971,-12.0294514,-4.35042334,0,,,,50
40685864,0.5,0.559322059,0.5,0.606079698,0.26593405,0.209523797,0,0,15.9122372,-12,8.35759926,8.30818272,0,13.3095493,-12.1072493,-4.39872551,0,,,,50
40686990,0.5,0.526315808,0.5,0.606079698,0.241758227,0.217582405,0,0,15.9122372,-12,8.35157108,8.31240559,0,13.3166971,-12.1072493,-4.39872551,0,,,,50
40688121,0.5,0.543859661,0.5,0.606079698,0.249816835,0.209523797,0,0,15.9122372,-12,8.36061287,8.31873989,0,13.3095493,-12.0321836,-4.48746681,0,,,,50
40689247,0.5,0.534482777,0.5,0.606079698,0.249816835,0.217582405,0,0,15.907692,-12,8.36362648,8.31451702,0,13.3166971,-12.0321836,-4.48746681,0,,,,50
40690378,0.5,0.535714269,0.5,0.606079698,0.241758227,0.209523797,0,0,15.907692,-12,8.36362648,8.31662846,0,13.3166971,-12.1099939,-4.53429031,0,,,,50
40691509,0.5,0.516666651,0.5,0.606079698,0.249816835,0.23369962,0,0,15.9122372,-12,8.36362648,8.31873989,0,13.3166971,-12.1099939,-4.53429031,0,,,,50
40692640,0.5,0.573770463,0.5,0.606079698,0.282051265,0.209523797,0,0,15.9122372,-12,8.35458469,8.31029415,0,13.3024006,-12.0348568,-4.62159157,0,,,,50
40693766,0.5,0.551724136,0.5,0.606079698,0.257875443,0.209523797,0,0,15.9122372,-12,8.34554291,8.30818272,0,13.3166971,-12.0348568,-4.62159157,0,,,,50
40694898,0.5,0.550000012,0.5,0.606079698,0.26593405,0.217582405,0,0,15.907692,-12,8.38171005,8.31029415,0,13.3095493,-12.1126471,-4.66698551,0,,,,50
40696025,0.5,0.580645144,0.5,0.606079698,0.290109873,0.209523797,0,0,15.907692,-12,8.3425293,8.31451702,0,13.3095493,-12.1126471,-4.66698551,0,,,,50
40697155,0.5,0.546875,0.5,0.606079698,0.282051265,0.23369962,0,0,15.907692,-12,8.39075184,8.30607224,0,13.3095493,-12.0374594,-4.75288486,0,,,,50
40698282,0.5,0.540983617,0.5,0.606079698,0.26593405,0.225641012,0,0,15.907692,-12,8.38472462,8.31662846,0,13.3166971,-12.0374594,-4.75288486,0,,,,50
40699417,0.5,0.576271176,0.5,0.606079698,0.273992658,0.201465189,0,0,15.9031467,-12,8.38472462,8.31451702,0,13.3095493,-12.1152172,-4.79689407,0,,,,50
40700747,0.5,0.550000012,0.5,0.606079698,0.26593405,0.217582405,0,0,15.9031467,-12,8.34855747,8.31029415,0,13.3166971,-12.1152172,-4.79689407,0,,,,50
40701878,0.5,0.573770463,0.5,0.606079698,0.282051265,0.209523797,0,0,15.907692,-12,8.33650112,8.30607224,0,13.3024006,-12.0399885,-4.8814311,0,,,,50
40703005,0.5,0.533333361,0.5,0.606079698,0.257875443,0.225641012,0,0,15.907692,-12,8.32143211,8.29973793,0,13.3166971,-12.0399885,-4.8814311,0,,,,50
40704136,0.5,0.55737704,0.5,0.606079698,0.273992658,0.217582405,0,0,15.907692,-12,8.32143211,8.29973793,0,13.2952528,-12.1177111,-4.92409658,0,,,,50
40705262,0.5,0.555555582,0.5,0.606079698,0.282051265,0.225641012,0,0,15.907692,-12,8.39678001,8.3039608,0,13.3166971,-12.1177111,-4.92409658,0,,,,50
40706402,0.5,0.55737704,0.5,0.606079698,0.273992658,0.217582405,0,0,15.907692,-12,8.37568283,8.30607224,0,13.3095493,-12.0424452,-5.00730991,0,,,,50
40707533,0.5,0.539682567,0.5,0.606079698,0.273992658,0.23369962,0,0,15.907692,-12,8.36362648,8.30184937,0,13.3166971,-12.0424452,-5.00730991,0,,,,50
40708663,0.5,0.550000012,0.5,0.606079698,0.26593405,0.217582405,0,0,15.9122372,-12,8.37869644,8.31029415,0,13.2952528,-12.1201324,-5.04867172,0,,,,50
40709790,0.5,0.559322059,0.5,0.606079698,0.26593405,0.209523797,0,0,15.907692,-12,8.36362648,8.31451702,0,13.3095493,-12.1201324,-5.04867172,0,,,,50
40710921,0.5,0.550000012,0.5,0.606079698,0.26593405,0.217582405,0,0,15.9122372,-12,8.37869644,8.30184937,0,13.3166971,-12.0448294,-5.13060045,0,,,,50
40712047,0.5,0.55737704,0.5,0.606079698,0.273992658,0.217582405,0,0,15.9122372,-12,8.35157108,8.29973793,0,13.3095493,-12.0448294,-5.13060045,0,,,,50
40713178,0.5,0.573770463,0.5,0.606079698,0.282051265,0.209523797,0,0,15.9031467,-12,8.36965466,8.30818272,0,13.3095493,-12.1224823,-5.17069626,0,,,,50
40714309,0.5,0.584615409,0.5,0.606079698,0.306227088,0.217582405,0,0,15.907692,-12,8.34855747,8.31029415,0,13.3095493,-12.1224823,-5.17069626,0,,,,50
40715439,0.5,0.555555582,0.5,0.606079698,0.282051265,0.225641012,0,0,15.9122372,-12,8.36061287,8.3039608,0,13.3095493,-12.0471449,-5.25137758,0,,,,50
40716566,0.5,0.540983617,0.5,0.606079698,0.26593405,0.225641012,0,0,15.907692,-12,8.33951569,8.30818272,0,13.3166971,-12.0471449,-5.25137758,0,,,,50
40717697,0.5,0.555555582,0.5,0.606079698,0.282051265,0.225641012,0,0,15.9122372,-12,8.34554291,8.2976265,0,13.3095493,-12.1247635,-5.29024458,0,,,,50
40718823,0.5,0.539682567,0.5,0.606079698,0.273992658,0.23369962,0,0,15.9122372,-12,8.36061287,8.31029415,0,13.3166971,-12.1247635,-5.29024458,0,,,,50
40719954,0.5,0.540983617,0.5,0.606079698,0.26593405,0.225641012,0,0,15.907692,-12,8.35458469,8.30818272,0,13.3024006,-12.0493927,-5.36971521,0,,,,50
40721284,0.5,0.55384618,0.5,0.606079698,0.290109873,0.23369962,0,0,15.907692,-12,8.36664104,8.30607224,0,13.3024006,-12.0493927,-5.36971521,0,,,,50
40722420,0.5,0.569230795,0.5,0.606079698,0.29816848,0.225641012,0,0,15.9122372,-12,8.36061287,8.3039608,0,13.3024006,-12.1269779,-5.40738916,0,,,,50
40723546,0.5,0.515625,0.5,0.606079698,0.26593405,0.249816835,0,0,15.9031467,-12,8.32444572,8.2976265,0,13.3166971,-12.1269779,-5.40738916,0,,,,50
40724677,0.5,0.538461566,0.5,0.606079698,0.282051265,0.241758227,0,0,15.9031467,-12,8.3304739,8.2976265,0,13.3024006,-12.0515747,-5.48568439,0,,,,50
40725812,0.5,0.530303001,0.5,0.606079698,0.282051265,0.249816835,0,0,15.9031467,-12,8.32444572,8.2976265,0,13.288105,-12.0515747,-5.48568439,0,,,,50
40726943,0.5,0.546875,0.5,0.606079698,0.282051265,0.23369962,0,0,15.907692,-12,8.35458469,8.30818272,0,13.3024006,-12.1291275,-5.52219963,0,,,,50
40728070,0.5,0.564516127,0.5,0.606079698,0.282051265,0.217582405,0,0,15.907692,-12,8.3425293,8.30818272,0,13.2952528,-12.1291275,-5.52219963,0,,,,50
40729200,0.5,0.55737704,0.5,0.606079698,0.273992658,0.217582405,0,0,15.907692,-12,8.36362648,8.31029415,0,13.3095493,-12.0536928,-5.59935379,0,,,,50
40730331,0.5,0.5625,0.5,0.606079698,0.290109873,0.225641012,0,0,15.907692,-12,8.33650112,8.30607224,0,13.3095493,-12.0536928,-5.59935379,0,,,,50
40731462,0.5,0.552238822,0.5,0.606079698,0.29816848,0.241758227,0,0,15.9031467,-12,8.36362648,8.29973793,0,13.3095493,-12.1312151,-5.63474512,0,,,,50
40732588,0.5,0.530303001,0.5,0.606079698,0.282051265,0.249816835,0,0,15.9031467,-12,8.33951569,8.28706932,0,13.3166971,-12.1312151,-5.63474512,0,,,,50
40733719,0.5,0.54285717,0.5,0.606079698,0.306227088,0.257875443,0,0,15.8986015,-12,8.31841755,8.29129219,0,13.3024006,-12.0557489,-5.71079111,0,,,,50
40734846,0.5,0.552238822,0.5,0.606079698,0.29816848,0.241758227,0,0,15.9031467,-12,8.32745934,8.29551506,0,13.3166971,-12.0557489,-5.71079111,0,,,,50
40735976,0.5,0.537313461,0.5,0.606079698,0.290109873,0.249816835,0,0,15.907692,-12,8.33951569,8.2976265,0,13.3024006,-12.1332407,-5.74509048,0,,,,50
40737103,0.5,0.550724626,0.5,0.606079698,0.306227088,0.249816835,0,0,15.907692,-12,8.35157108,8.2976265,0,13.3095493,-12.1332407,-5.74509048,0,,,,50
40738238,0.5,0.54411763,0.5,0.606079698,0.29816848,0.249816835,0,0,15.907692,-12,8.33650112,8.29340363,0,13.3024006,-12.0577459,-5.82006121,0,,,,50
40739365,0.5,0.557142854,0.5,0.606079698,0.314285696,0.249816835,0,0,15.9031467,-12,8.33951569,8.29129219,0,13.3166971,-12.0577459,-5.82006121,0,,,,50
40740496,0.5,0.533333361,0.5,0.606079698,0.322344303,0.282051265,0,0,15.8986015,-12,8.32745934,8.27862453,0,13.3024006,-12.1352081,-5.85330105,0,,,,50
40741826,0.5,0.525641024,0.5,0.606079698,0.330402911,0.29816848,0,0,15.8986015,-12,8.30636215,8.2765131,0,13.3095493,-12.1352081,-5.85330105,0,,,,50
40742956,0.5,0.545454562,0.5,0.606079698,0.338461518,0.282051265,0,0,15.9031467,-12,8.30636215,8.2765131,0,13.3024006,-12.0596838,-5.9272275,0,,,,50
40744083,0.5,0.554054081,0.5,0.606079698,0.330402911,0.26593405,0,0,15.9031467,-12,8.32143211,8.28706932,0,13.3095493,-12.0596838,-5.9272275,0,,,,50
40745218,0.5,0.547945201,0.5,0.606079698,0.322344303,0.26593405,0,0,15.9031467,-12,8.32143211,8.28495789,0,13.3024006,-12.1371183,-5.95943832,0,,,,50
40746353,0.5,0.534246564,0.5,0.606079698,0.314285696,0.273992658,0,0,15.9031467,-12,8.32444572,8.28918076,0,13.3095493,-12.1371183,-5.95943832,0,,,,50
40747485,0.5,0.546666682,0.5,0.606079698,0.330402911,0.273992658,0,0,15.8986015,-12,8.33348751,8.28706932,0,13.2952528,-12.0615654,-6.03235102,0,,,,50
40748611,0.5,0.533333361,0.5,0.606079698,0.322344303,0.282051265,0,0,15.8986015,-12,8.31239033,8.28284645,0,13.3095493,-12.0615654,-6.03235102,0,,,,50
40749741,0.5,0.550000012,0.5,0.606079698,0.354578733,0.290109873,0,0,15.9031467,-12,8.30636215,8.28073597,0,13.2952528,-12.1389723,-6.06356335,0,,,,50
40750868,0.5,0.561643839,0.5,0.606079698,0.330402911,0.257875443,0,0,15.8986015,-12,8.31540394,8.2765131,0,13.3095493,-12.1389723,-6.06356335,0,,,,50
40751999,0.5,0.551282048,0.5,0.606079698,0.346520126,0.282051265,0,0,15.9031467,-12,8.30937672,8.28706932,0,13.3024006,-12.0633926,-6.13549185,0,,,,50
40753130,0.5,0.554054081,0.5,0.606079698,0.330402911,0.26593405,0,0,15.9031467,-12,8.33650112,8.28918076,0,13.3166971,-12.0633926,-6.13549185,0,,,,50
40754261,0.5,0.560000002,0.5,0.606079698,0.338461518,0.26593405,0,0,15.8986015,-12,8.30636215,8.28495789,0,13.2952528,-12.1407719,-6.16573429,0,,,,50
40755387,0.5,0.546666682,0.5,0.606079698,0.330402911,0.273992658,0,0,15.8986015,-12,8.31540394,8.28073597,0,13.3095493,-12.1407719,-6.16573429,0,,,,50
40756518,0.5,0.539473712,0.5,0.606079698,0.330402911,0.282051265,0,0,15.8986015,-12,8.31540394,8.28706932,0,13.3024006,-12.0651655,-6.23670721,0,,,,50
40757644,0.5,0.539473712,0.5,0.606079698,0.330402911,0.282051265,0,0,15.8986015,-12,8.29430676,8.28284645,0,13.3095493,-12.0651655,-6.23670721,0,,,,50
40758775,0.5,0.546666682,0.5,0.606079698,0.330402911,0.273992658,0,0,15.8986015,-12,8.32143211,8.28284645,0,13.2952528,-12.14252,-6.26600838,0,,,,50
40759901,0.5,0.555555582,0.5,0.606079698,0.322344303,0.257875443,0,0,15.9031467,-12,8.31540394,8.28706932,0,13.3095493,-12.14252,-6.26600838,0,,,,50
40761037,0.5,0.560000002,0.5,0.606079698,0.338461518,0.26593405,0,0,15.8986015,-12,8.31239033,8.28706932,0,13.2952528,-12.0668879,-6.33605385,0,,,,50
40762163,0.5,0.532467544,0.5,0.606079698,0.330402911,0.290109873,0,0,15.8986015,-12,8.30937672,8.27862453,0,13.3166971,-12.0668879,-6.33605385,0,,,,50
40763499,0.5,0.555555582,0.5,0.606079698,0.322344303,0.257875443,0,0,15.9031467,-12,8.32143211,8.28918076,0,13.3024006,-12.1442165,-6.36444092,0,,,,50
40764626,0.5,0.575342476,0.5,0.606079698,0.338461518,0.249816835,0,0,15.9031467,-12,8.32444572,8.28706932,0,13.3166971,-12.1442165,-6.36444092,0,,,,50
40765766,0.5,0.555555582,0.5,0.606079698,0.322344303,0.257875443,0,0,15.9031467,-12,8.3304739,8.28495789,0,13.288105,-12.0685596,-6.43358564,0,,,,50
40766892,0.5,0.563380301,0.5,0.606079698,0.322344303,0.249816835,0,0,15.907692,-12,8.3304739,8.28706932,0,13.3095493,-12.0685596,-6.43358564,0,,,,50
40768023,0.5,0.540540516,0.5,0.606079698,0.322344303,0.273992658,0,0,15.907692,-12,8.30636215,8.28495789,0,13.3024006,-12.1458635,-6.46108532,0,,,,50
40769154,0.5,0.535211265,0.5,0.606079698,0.306227088,0.26593405,0,0,15.9031467,-12,8.31841755,8.28918076,0,13.3166971,-12.1458635,-6.46108532,0,,,,50
40770285,0.5,0.545454562,0.5,0.606079698,0.338461518,0.282051265,0,0,15.907692,-12,8.30334854,8.28706932,0,13.3024006,-12.0701828,-6.529356,0,,,,50
40771412,0.5,0.533333361,0.5,0.606079698,0.322344303,0.282051265,0,0,15.9031467,-12,8.30636215,8.28495789,0,13.3166971,-12.0701828,-6.529356,0,,,,50
40772542,0.5,0.567567587,0.5,0.606079698,0.338461518,0.257875443,0,0,15.8986015,-12,8.31239033,8.28495789,0,13.3024006,-12.1474628,-6.55599403,0,,,,50
40773669,0.5,0.541666687,0.5,0.606079698,0.314285696,0.26593405,0,0,15.8986015,-12,8.32143211,8.29129219,0,13.3095493,-12.1474628,-6.55599403,0,,,,50
40774799,0.5,0.561643839,0.5,0.606079698,0.330402911,0.257875443,0,0,15.8986015,-12,8.32745934,8.28706932,0,13.3024006,-12.0717583,-6.62341547,0,,,,50
40775932,0.5,0.541666687,0.5,0.606079698,0.314285696,0.26593405,0,0,15.9031467,-12,8.32143211,8.28284645,0,13.3095493,-12.0717583,-6.62341547,0,,,,50
40777063,0.5,0.541666687,0.5,0.606079698,0.314285696,0.26593405,0,0,15.9031467,-12,8.32444572,8.29129219,0,13.2952528,-12.1490154,-6.64921713,0,,,,50
40778189,0.5,0.541666687,0.5,0.606079698,0.314285696,0.26593405,0,0,15.8986015,-12,8.33348751,8.28495789,0,13.3095493,-12.1490154,-6.64921713,0,,,,50
40779320,0.5,0.541666687,0.5,0.606079698,0.314285696,0.26593405,0,0,15.8986015,-12,8.31841755,8.28495789,0,13.3024006,-12.073288,-6.71581459,0,,,,50
40780446,0.5,0.538461566,0.5,0.606079698,0.338461518,0.290109873,0,0,15.8986015,-12,8.31841755,8.28073597,0,13.3095493,-12.073288,-6.71581459,0,,,,50
40781577,0.5,0.545454562,0.5,0.606079698,0.338461518,0.282051265,0,0,15.8986015,-12,8.30334854,8.27862453,0,13.2952528,-12.1505222,-6.7408042,0,,,,50
40782704,0.5,0.560000002,0.5,0.606079698,0.338461518,0.26593405,0,0,15.9031467,-12,8.30636215,8.27440166,0,13.3095493,-12.1505222,-6.7408042,0,,,,50
40784043,0.5,0.551282048,0.5,0.606079698,0.346520126,0.282051265,0,0,15.8986015,-12,8.32444572,8.28073597,0,13.3095493,-12.0747738,-6.80660152,0,,,,50
40785170,0.5,0.531645596,0.5,0.606079698,0.338461518,0.29816848,0,0,15.8986015,-12,8.32143211,8.27862453,0,13.3095493,-12.0747738,-6.80660152,0,,,,50
40786309,0.5,0.533333361,0.5,0.606079698,0.322344303,0.282051265,0,0,15.8986015,-12,8.30033493,8.28073597,0,13.2952528,-12.1519861,-6.83080292,0,,,,50
40787436,0.5,0.550000012,0.5,0.606079698,0.354578733,0.290109873,0,0,15.8986015,-12,8.27320957,8.25962162,0,13.3024006,-12.1519861,-6.83080292,0,,,,50
40788566,0.5,0.513157904,0.5,0.606079698,0.314285696,0.29816848,0,0,15.8986015,-12,8.32143211,8.28495789,0,13.3024006,-12.0762157,-6.89582348,0,,,,50
40789693,0.5,0.532467544,0.5,0.606079698,0.330402911,0.290109873,0,0,15.8940573,-12,8.32143211,8.26806736,0,13.3095493,-12.0762157,-6.89582348,0,,,,50
40790823,0.5,0.532467544,0.5,0.606079698,0.330402911,0.290109873,0,0,15.8986015,-12,8.32143211,8.28495789,0,13.3024006,-12.1534071,-6.91925907,0,,,,50
40791955,0.5,0.552631557,0.5,0.606079698,0.338461518,0.273992658,0,0,15.8986015,-12,8.32444572,8.28073597,0,13.3095493,-12.1534071,-6.91925907,0,,,,50
40793085,0.5,0.512820542,0.5,0.606079698,0.322344303,0.306227088,0,0,15.8940573,-12,8.30334854,8.27862453,0,13.3024006,-12.0776157,-6.98352528,0,,,,50
40794212,0.5,0.548780501,0.5,0.606079698,0.362637341,0.29816848,0,0,15.8986015,-12,8.29732037,8.26595592,0,13.3024006,-12.0776157,-6.98352528,0,,,,50
40795342,0.5,0.561643839,0.5,0.606079698,0.330402911,0.257875443,0,0,15.8986015,-12,8.30334854,8.27440166,0,13.3024006,-12.1547861,-7.00621748,0,,,,50
40796469,0.5,0.551282048,0.5,0.606079698,0.346520126,0.282051265,0,0,15.9031467,-12,8.31540394,8.27862453,0,13.2952528,-12.1547861,-7.00621748,0,,,,50
40797600,0.5,0.550000012,0.5,0.606079698,0.354578733,0.290109873,0,0,15.8986015,-12,8.31239033,8.2765131,0,13.3024006,-12.0789747,-7.06975174,0,,,,50
40798726,0.5,0.543209851,0.5,0.606079698,0.354578733,0.29816848,0,0,15.8986015,-12,8.29430676,8.27440166,0,13.3024006,-12.0789747,-7.06975174,0,,,,50
40799861,0.5,0.537500024,0.5,0.606079698,0.346520126,0.29816848,0,0,15.8940573,-12,8.30033493,8.26806736,0,13.3024006,-12.156126,-7.09172249,0,,,,50
40800988,0.5,0.518518507,0.5,0.606079698,0.338461518,0.314285696,0,0,15.8940573,-12,8.32143211,8.27017879,0,13.3095493,-12.156126,-7.09172249,0,,,,50
40802119,0.5,0.525641024,0.5,0.606079698,0.330402911,0.29816848,0,0,15.8986015,-12,8.30636215,8.27440166,0,13.3024006,-12.0802946,-7.15454531,0,,,,50
40803245,0.5,0.525641024,0.5,0.606079698,0.330402911,0.29816848,0,0,15.8986015,-12,8.30937672,8.27440166,0,13.3095493,-12.0802946,-7.15454531,0,,,,50
40804376,0.5,0.519480526,0.5,0.606079698,0.322344303,0.29816848,0,0,15.8986015,-12,8.28827858,8.26173306,0,13.2952528,-12.1574268,-7.17581558,0,,,,50
40805715,0.5,0.523809552,0.5,0.606079698,0.354578733,0.322344303,0,0,15.8940573,-12,8.3304739,8.26595592,0,13.3095493,-12.1574268,-7.17581558,0,,,,50
40806851,0.5,0.554216862,0.5,0.606079698,0.370695949,0.29816848,0,0,15.8986015,-12,8.29732037,8.27862453,0,13.3024006,-12.0815763,-7.23794794,0,,,,50
40807978,0.5,0.537500024,0.5,0.606079698,0.346520126,0.29816848,0,0,15.8986015,-12,8.31239033,8.2765131,0,13.3095493,-12.0815763,-7.23794794,0,,,,50
40809108,0.5,0.547619045,0.5,0.606079698,0.370695949,0.306227088,0,0,15.8940573,-12,8.27923679,8.27229023,0,13.2952528,-12.1586895,-7.25853825,0,,,,50
40810235,0.5,0.544444442,0.5,0.606079698,0.394871771,0.330402911,0,0,15.8895121,-12,8.31841755,8.25328827,0,13.3095493,-12.1586895,-7.25853825,0,,,,50
40811366,0.5,0.555555582,0.5,0.606079698,0.402930379,0.322344303,0,0,15.8895121,-12,8.29732037,8.27862453,0,13.2952528,-12.0828199,-7.32000065,0,,,,50
40812493,0.5,0.600000024,0.5,0.606079698,0.386813164,0.257875443,0,0,15.8940573,-12,8.28225136,8.28918076,0,13.3024006,-12.0828199,-7.32000065,0,,,,50
40813623,0.5,0.521276593,0.5,0.606079698,0.394871771,0.362637341,0,0,15.8940573,-12,8.34855747,8.2490654,0,13.288105,-12.159915,-7.33993006,0,,,,50
40814755,0.5,0.552083313,0.5,0.606079698,0.427106202,0.346520126,0,0,15.8986015,-12,8.34554291,8.26173306,0,13.3095493,-12.159915,-7.33993006,0,,,,50
40815885,0.5,0.553191483,0.5,0.606079698,0.419047594,0.338461518,0,0,15.8895121,-12,8.21293068,8.24484253,0,13.2952528,-12.0840282,-7.40074158,0,,,,50
40817012,0.5,0.561797738,0.5,0.606079698,0.402930379,0.314285696,0,0,15.8940573,-12,8.23402786,8.2490654,0,13.3024006,-12.0840282,-7.40074158,0,,,,50
40818143,0.5,0.462500006,0.5,0.606079698,0.29816848,0.346520126,0,0,15.8986015,-12,8.28225136,8.2490654,0,13.2952528,-12.1611052,-7.42002964,0,,,,50
40819269,0.5,0.645833313,0.5,0.606079698,0.49963367,0.273992658,0,0,15.8940573,-12,8.40280819,8.2490654,0,13.3095493,-12.1611052,-7.42002964,0,,,,50
40820400,0.5,0.467391312,0.5,0.606079698,0.346520126,0.394871771,0,0,15.8940573,-12,8.19484711,8.2490654,0,13.3024006,-12.0852013,-7.48020935,0,,,,50
40821526,0.5,0.589999974,0.5,0.606079698,0.475457847,0.330402911,0,0,15.8895121,-12,8.14662457,8.23428535,0,13.3095493,-12.0852013,-7.48020935,0,,,,50
40822661,0.5,0.494382024,0.5,0.606079698,0.354578733,0.362637341,0,0,15.8940573,-12,8.21293068,8.26173306,0,13.2952528,-12.162261,-7.49887514,0,,,,50
40823788,0.5,0.526881695,0.5,0.606079698,0.394871771,0.354578733,0,0,15.8895121,-12,8.36362648,8.25117683,0,13.3095493,-12.162261,-7.49887514,0,,,,50
40824918,0.5,0.510416687,0.5,0.606079698,0.394871771,0.378754556,0,0,15.8986015,-12,8.28526497,8.23006344,0,13.2952528,-12.08634,-7.55844116,0,,,,50
40826258,0.5,0.478260875,0.5,0.606079698,0.354578733,0.386813164,0,0,15.8986015,-12,8.27923679,8.28284645,0,13.3095493,-12.08634,-7.55844116,0,,,,50
40827389,0.5,0.521739125,0.5,0.606079698,0.386813164,0.354578733,0,0,15.8895121,-12,8.28526497,8.23006344,0,13.2952528,-12.1633835,-7.57650232,0,,,,50
40828516,0.5,0.581395328,0.5,0.606079698,0.402930379,0.290109873,0,0,15.8986015,-12,8.29430676,8.28495789,0,13.3024006,-12.1633835,-7.57650232,0,,,,50
40829651,0.5,0.5,0.5,0.606079698,0.370695949,0.370695949,0,0,15.8940573,-12,8.28526497,8.26806736,0,13.2952528,-12.0874462,-7.63547277,0,,,,50
40830777,0.5,0.5,0.5,0.606079698,0.346520126,0.346520126,0,0,15.8895121,-12,8.29732037,8.27017879,0,13.3166971,-12.0874462,-7.63547277,0,,,,50
40831908,0.5,0.568181813,0.5,0.606079698,0.402930379,0.306227088,0,0,15.8986015,-12,8.30937672,8.28284645,0,13.2952528,-12.1644735,-7.65294647,0,,,,50
40833034,0.5,0.53125,0.5,0.606079698,0.410988986,0.362637341,0,0,15.8940573,-12,8.3304739,8.2490654,0,13.3024006,-12.1644735,-7.65294647,0,,,,50
40834165,0.5,0.552941203,0.5,0.606079698,0.378754556,0.306227088,0,0,15.8986015,-12,8.25813961,8.28073597,0,13.3024006,-12.0885201,-7.71133852,0,,,,50
40835291,0.5,0.518072307,0.5,0.606079698,0.346520126,0.322344303,0,0,15.8986015,-12,8.30937672,8.26806736,0,13.3095493,-12.0885201,-7.71133852,0,,,,50
40836422,0.5,0.571428597,0.5,0.606079698,0.386813164,0.290109873,0,0,15.8940573,-12,8.27320957,8.26806736,0,13.3095493,-12.1655312,-7.7282424,0,,,,50
40837553,0.5,0.583333313,0.5,0.606079698,0.394871771,0.282051265,0,0,15.8940573,-12,8.30636215,8.25751019,0,13.3095493,-12.1655312,-7.7282424,0,,,,50
40838684,0.5,0.576470613,0.5,0.606079698,0.394871771,0.290109873,0,0,15.8940573,-12,8.29732037,8.27017879,0,13.3024006,-12.0895624,-7.78607273,0,,,,50
40839811,0.5,0.530864179,0.5,0.606079698,0.346520126,0.306227088,0,0,15.8940573,-12,8.27320957,8.27862453,0,13.3095493,-12.0895624,-7.78607273,0,,,,50
40840941,0.5,0.534883738,0.5,0.606079698,0.370695949,0.322344303,0,0,15.8940573,-12,8.32745934,8.27440166,0,13.2952528,-12.1665583,-7.80242348,0,,,,50
40842068,0.5,0.550000012,0.5,0.606079698,0.354578733,0.290109873,0,0,15.8986015,-12,8.26416779,8.26384449,0,13.288105,-12.1665583,-7.80242348,0,,,,50
40843199,0.5,0.472527474,0.5,0.606079698,0.346520126,0.386813164,0,0,15.8986015,-12,8.26416779,8.28073597,0,13.2952528,-12.0905743,-7.85970831,0,,,,50
40844325,0.5,0.582417607,0.5,0.606079698,0.427106202,0.306227088,0,0,15.8940573,-12,8.30033493,8.25962162,0,13.3166971,-12.0905743,-7.85970831,0,,,,50
40845461,0.5,0.551282048,0.5,0.606079698,0.346520126,0.282051265,0,0,15.8986015,-12,8.26115322,8.26806736,0,13.3024006,-12.1675558,-7.87552166,0,,,,50
40846800,0.5,0.509803951,0.5,0.606079698,0.419047594,0.402930379,0,0,15.8986015,-12,8.25211143,8.29129219,0,13.3095493,-12.1675558,-7.87552166,0,,,,50
40847931,0.5,0.483146071,0.5,0.606079698,0.346520126,0.370695949,0,0,15.8895121,-12,8.38773823,8.25117683,0,13.3024006,-12.0915575,-7.93227673,0,,,,50
40849058,0.5,0.556818187,0.5,0.606079698,0.394871771,0.314285696,0,0,15.8895121,-12,8.27923679,8.23217392,0,13.2952528,-12.0915575,-7.93227673,0,,,,50
40850188,0.5,0.543478251,0.5,0.606079698,0.402930379,0.338461518,0,0,15.8986015,-12,8.30033493,8.2765131,0,13.3024006,-12.1685247,-7.94756842,0,,,,50
40851315,0.5,0.535714269,0.5,0.606079698,0.362637341,0.314285696,0,0,15.8940573,-12,8.26416779,8.24695396,0,13.288105,-12.1685247,-7.94756842,0,,,,50
40852446,0.5,0.510204077,0.5,0.606079698,0.402930379,0.386813164,0,0,15.8940573,-12,8.32745934,8.23217392,0,13.2952528,-12.0925121,-8.00380898,0,,,,50
40853577,0.5,0.526315808,0.5,0.606079698,0.402930379,0.362637341,0,0,15.8895121,-12,8.25813961,8.23217392,0,13.3095493,-12.0925121,-8.00380898,0,,,,50
40854708,0.5,0.558823526,0.5,0.606079698,0.459340632,0.362637341,0,0,15.8986015,-12,8.23402786,8.27017879,0,13.2952528,-12.1694651,-8.01859379,0,,,,50
40855834,0.5,0.5,0.5,0.606079698,0.386813164,0.386813164,0,0,15.8940573,-12,8.28526497,8.29551506,0,13.3095493,-12.1694651,-8.01859379,0,,,,50
40856965,0.5,0.494252861,0.5,0.606079698,0.346520126,0.354578733,0,0,15.8895121,-12,8.38472462,8.24484253,0,13.3024006,-12.0934391,-8.07433605,0,,,,50
40858091,0.5,0.524271846,0.5,0.606079698,0.435164809,0.394871771,0,0,15.8895121,-12,8.35157108,8.28284645,0,13.3024006,-12.0934391,-8.07433605,0,,,,50
40859222,0.5,0.61728394,0.5,0.606079698,0.402930379,0.249816835,0,0,15.8895121,-12,8.22800064,8.26384449,0,13.288105,-12.1703787,-8.08862877,0,,,,50
40860353,0.5,0.586666644,0.5,0.606079698,0.354578733,0.249816835,0,0,15.8940573,-12,8.28225136,8.29340363,0,13.3095493,-12.1703787,-8.08862877,0,,,,50
40861484,0.5,0.602409661,0.5,0.606079698,0.402930379,0.26593405,0,0,15.8849669,-12,8.25813961,8.25328827,0,13.2952528,-12.0943394,-8.14388561,0,,,,50
40862610,0.5,0.494382024,0.5,0.606079698,0.354578733,0.362637341,0,0,15.8940573,-12,8.22800064,8.27862453,0,13.3095493,-12.0943394,-8.14388561,0,,,,50
40863741,0.5,0.602409661,0.5,0.606079698,0.402930379,0.26593405,0,0,15.8940573,-12,8.33951569,8.24061966,0,13.3024006,-12.1712656,-8.15770054,0,,,,50
40864867,0.5,0.535353541,0.5,0.606079698,0.427106202,0.370695949,0,0,15.8940573,-12,8.28526497,8.29129219,0,13.3095493,-12.1712656,-8.15770054,0,,,,50
40866007,0.5,0.586538434,0.5,0.606079698,0.491575062,0.346520126,0,0,15.8849669,-12,8.35458469,8.25328827,0,13.2952528,-12.0952129,-8.21248627,0,,,,50
40867134,0.5,0.512499988,0.5,0.606079698,0.330402911,0.314285696,0,0,15.8940573,-12,8.34554291,8.23639679,0,13.3095493,-12.0952129,-8.21248627,0,,,,50
40868473,0.5,0.523255825,0.5,0.606079698,0.362637341,0.330402911,0,0,15.8895121,-12,8.38171005,8.24273109,0,13.2952528,-12.1721268,-8.22583771,0,,,,50
40869600,0.5,0.546391726,0.5,0.606079698,0.427106202,0.354578733,0,0,15.8895121,-12,8.33348751,8.24695396,0,13.3024006,-12.1721268,-8.22583771,0,,,,50
40870730,0.5,0.540000021,0.5,0.606079698,0.435164809,0.370695949,0,0,15.8895121,-12,8.24306965,8.23850822,0,13.2952528,-12.0960617,-8.28016663,0,,,,50
40871857,0.5,0.553398073,0.5,0.606079698,0.459340632,0.370695949,0,0,15.8895121,-12,8.28526497,8.24061966,0,13.3024006,-12.0960617,-8.28016663,0,,,,50
40872987,0.5,0.577319562,0.5,0.606079698,0.451282024,0.330402911,0,0,15.8940573,-12,8.24306965,8.2553997,0,13.3024006,-12.1729631,-8.29306698,0,,,,50
40874114,0.5,0.5625,0.5,0.606079698,0.435164809,0.338461518,0,0,15.8849669,-12,8.25211143,8.23428535,0,13.3024006,-12.1729631,-8.29306698,0,,,,50
40875245,0.5,0.529411793,0.5,0.606079698,0.435164809,0.386813164,0,0,15.8849669,-12,8.22800064,8.23850822,0,13.3024006,-12.0968857,-8.34695244,0,,,,50
40876376,0.5,0.577319562,0.5,0.606079698,0.451282024,0.330402911,0,0,15.8895121,-12,8.36362648,8.24273109,0,13.3095493,-12.0968857,-8.34695244,0,,,,50
40877506,0.5,0.476190478,0.5,0.606079698,0.322344303,0.354578733,0,0,15.8895121,-12,8.30033493,8.24273109,0,13.2952528,-12.1737747,-8.35941505,0,,,,50
40878633,0.5,0.526315808,0.5,0.606079698,0.402930379,0.362637341,0,0,15.8849669,-12,8.27019501,8.23639679,0,13.3024006,-12.1737747,-8.35941505,0,,,,50
40879764,0.5,0.533333361,0.5,0.606079698,0.386813164,0.338461518,0,0,15.8940573,-12,8.20388889,8.25117683,0,13.3095493,-12.0976858,-8.4128685,0,,,,50
40880890,0.5,0.543209851,0.5,0.606079698,0.354578733,0.29816848,0,0,15.8940573,-12,8.39678001,8.23850822,0,13.3095493,-12.0976858,-8.4128685,0,,,,50
40882021,0.5,0.480519474,0.5,0.606079698,0.29816848,0.322344303,0,0,15.8895121,-12,8.26416779,8.2490654,0,13.3024006,-12.1745634,-8.42490673,0,,,,50
40883147,0.5,0.540816307,0.5,0.606079698,0.427106202,0.362637341,0,0,15.8895121,-12,8.26115322,8.24484253,0,13.3095493,-12.1745634,-8.42490673,0,,,,50
40884283,0.5,0.572815537,0.5,0.606079698,0.475457847,0.354578733,0,0,15.8940573,-12,8.28526497,8.25117683,0,13.2952528,-12.0984631,-8.47794247,0,,,,50
40885410,0.5,0.553191483,0.5,0.606079698,0.419047594,0.338461518,0,0,15.8940573,-12,8.24909782,8.24273109,0,13.3024006,-12.0984631,-8.47794247,0,,,,50
40886550,0.5,0.526881695,0.5,0.606079698,0.394871771,0.354578733,0,0,15.8849669,-12,8.21594429,8.24484253,0,13.2809572,-12.1753292,-8.48956776,0,,,,50
40887676,0.5,0.557894766,0.5,0.606079698,0.427106202,0.338461518,0,0,15.8895121,-12,8.26115322,8.2490654,0,13.3095493,-12.1753292,-8.48956776,0,,,,50
40889011,0.5,0.518987358,0.5,0.606079698,0.330402911,0.306227088,0,0,15.8940573,-12,8.17374992,8.24695396,0,13.3024006,-12.0992184,-8.54219627,0,,,,50
40890137,0.5,0.563106775,0.5,0.606079698,0.46739924,0.362637341,0,0,15.8895121,-12,8.31540394,8.24273109,0,13.3024006,-12.0992184,-8.54219627,0,,,,50
40891273,0.5,0.555555582,0.5,0.606079698,0.443223417,0.354578733,0,0,15.8895121,-12,8.25813961,8.2490654,0,13.2952528,-12.1760731,-8.55342102,0,,,,50
40892399,0.5,0.5,0.5,0.606079698,0.362637341,0.362637341,0,0,15.8849669,-12,8.30033493,8.24695396,0,13.3024006,-12.1760731,-8.55342102,0,,,,50
40893530,0.5,0.540816307,0.5,0.606079698,0.427106202,0.362637341,0,0,15.8849669,-12,8.27019501,8.227952,0,13.2952528,-12.0999508,-8.60565472,0,,,,50
40894656,0.5,0.525252521,0.5,0.606079698,0.419047594,0.378754556,0,0,15.8804216,-12,8.21895885,8.22584057,0,13.3024006,-12.0999508,-8.60565472,0,,,,50
40895787,0.5,0.546391726,0.5,0.606079698,0.427106202,0.354578733,0,0,15.8895121,-12,8.24306965,8.25328827,0,13.2952528,-12.176795,-8.61649036,0,,,,50
40896914,0.5,0.520833313,0.5,0.606079698,0.402930379,0.370695949,0,0,15.8895121,-12,8.21895885,8.227952,0,13.3024006,-12.176795,-8.61649036,0,,,,50
40898044,0.5,0.556701005,0.5,0.606079698,0.435164809,0.346520126,0,0,15.8895121,-12,8.24608421,8.23428535,0,13.2952528,-12.1006622,-8.66834068,0,,,,50
40899176,0.5,0.536082447,0.5,0.606079698,0.419047594,0.362637341,0,0,15.8849669,-12,8.23704243,8.24484253,0,13.3024006,-12.1006622,-8.66834068,0,,,,50
40900306,0.5,0.543478251,0.5,0.606079698,0.402930379,0.338461518,0,0,15.8895121,-12,8.23101425,8.23850822,0,13.3024006,-12.1774969,-8.67879868,0,,,,50
40901433,0.5,0.538461566,0.5,0.606079698,0.394871771,0.338461518,0,0,15.8849669,-12,8.2671814,8.23217392,0,13.288105,-12.1774969,-8.67879868,0,,,,50
40902563,0.5,0.529411793,0.5,0.606079698,0.435164809,0.386813164,0,0,15.8804216,-12,8.22197247,8.23428535,0,13.2952528,-12.1013536,-8.73027611,0,,,,50
40903690,0.5,0.544554472,0.5,0.606079698,0.443223417,0.370695949,0,0,15.8895121,-12,8.26416779,8.24061966,0,13.3024006,-12.1013536,-8.73027611,0,,,,50
40904820,0.5,0.535353541,0.5,0.606079698,0.427106202,0.370695949,0,0,15.8940573,-12,8.26416779,8.23850822,0,13.2952528,-12.1781778,-8.74036789,0,,,,50
40905956,0.5,0.561224461,0.5,0.606079698,0.443223417,0.346520126,0,0,15.8849669,-12,8.23704243,8.23006344,0,13.3024006,-12.1781778,-8.74036789,0,,,,50
40907091,0.5,0.53125,0.5,0.606079698,0.410988986,0.362637341,0,0,15.8895121,-12,8.24608421,8.2490654,0,13.2952528,-12.102025,-8.79148388,0,,,,50
40908218,0.5,0.572916687,0.5,0.606079698,0.443223417,0.330402911,0,0,15.8895121,-12,8.27320957,8.2553997,0,13.3095493,-12.102025,-8.79148388,0,,,,50
40909348,0.5,0.537634432,0.5,0.606079698,0.402930379,0.346520126,0,0,15.8804216,-12,8.27923679,8.23006344,0,13.2809572,-12.1788397,-8.80121803,0,,,,50
40910679,0.5,0.515151501,0.5,0.606079698,0.410988986,0.386813164,0,0,15.8849669,-12,8.21594429,8.23850822,0,13.3024006,-12.1788397,-8.80121803,0,,,,50
40911810,0.5,0.53061223,0.5,0.606079698,0.419047594,0.370695949,0,0,15.8895121,-12,8.22800064,8.227952,0,13.288105,-12.1026773,-8.85198307,0,,,,50
40912936,0.5,0.554347813,0.5,0.606079698,0.410988986,0.330402911,0,0,15.8849669,-12,8.21594429,8.23428535,0,13.3024006,-12.1026773,-8.85198307,0,,,,50
40914067,0.5,0.529999971,0.5,0.606079698,0.427106202,0.378754556,0,0,15.8895121,-12,8.24909782,8.23006344,0,13.2809572,-12.1794825,-8.86137104,0,,,,50
40915199,0.5,0.554347813,0.5,0.606079698,0.410988986,0.330402911,0,0,15.8895121,-12,8.27622318,8.24695396,0,13.3024006,-12.1794825,-8.86137104,0,,,,50
40916330,0.5,0.536842108,0.5,0.606079698,0.410988986,0.354578733,0,0,15.8895121,-12,8.2671814,8.23850822,0,13.3024006,-12.1033106,-8.91179562,0,,,,50
40917456,0.5,0.538461566,0.5,0.606079698,0.451282024,0.386813164,0,0,15.8804216,-12,8.23402786,8.2216177,0,13.3024006,-12.1033106,-8.91179562,0,,,,50
40918587,0.5,0.53061223,0.5,0.606079698,0.419047594,0.370695949,0,0,15.8804216,-12,8.21293068,8.23006344,0,13.2952528,-12.1801062,-8.92084789,0,,,,50
40919713,0.5,0.524271846,0.5,0.606079698,0.435164809,0.394871771,0,0,15.8804216,-12,8.21895885,8.22372913,0,13.3024006,-12.1801062,-8.92084789,0,,,,50
40920844,0.5,0.527777791,0.5,0.606079698,0.459340632,0.410988986,0,0,15.8758764,-12,8.19786167,8.21528339,0,13.2952528,-12.1039257,-8.97093964,0,,,,50
40921976,0.5,0.547169805,0.5,0.606079698,0.46739924,0.386813164,0,0,15.8849669,-12,8.23101425,8.2216177,0,13.3095493,-12.1039257,-8.97093964,0,,,,50
40923107,0.5,0.53061223,0.5,0.606079698,0.419047594,0.370695949,0,0,15.8849669,-12,8.23704243,8.23428535,0,13.2952528,-12.1807127,-8.97966576,0,,,,50
40924233,0.5,0.550000012,0.5,0.606079698,0.443223417,0.362637341,0,0,15.8849669,-12,8.22197247,8.22584057,0,13.3024006,-12.1807127,-8.97966576,0,,,,50
40925364,0.5,0.542056084,0.5,0.606079698,0.46739924,0.394871771,0,0,15.8895121,-12,8.26115322,8.22372913,0,13.2952528,-12.1045227,-9.02943611,0,,,,50
40926499,0.5,0.540816307,0.5,0.606079698,0.427106202,0.362637341,0,0,15.8895121,-12,8.23704243,8.23850822,0,13.3095493,-12.1045227,-9.02943611,0,,,,50
40927630,0.5,0.540000021,0.5,0.606079698,0.435164809,0.370695949,0,0,15.8804216,-12,8.25211143,8.23217392,0,13.3024006,-12.1813011,-9.03784466,0,,,,50
40928757,0.5,0.539215684,0.5,0.606079698,0.443223417,0.378754556,0,0,15.8804216,-12,8.20690346,8.23217392,0,13.3024006,-12.1813011,-9.03784466,0,,,,50
40929892,0.5,0.534653485,0.5,0.606079698,0.435164809,0.378754556,0,0,15.8849669,-12,8.24306965,8.23217392,0,13.3024006,-12.1051025,-9.08730316,0,,,,50
40931223,0.5,0.536842108,0.5,0.606079698,0.410988986,0.354578733,0,0,15.8849669,-12,8.255126,8.23850822,0,13.3024006,-12.1051025,-9.08730316,0,,,,50
40932354,0.5,0.53061223,0.5,0.606079698,0.419047594,0.370695949,0,0,15.8895121,-12,8.24909782,8.227952,0,13.3024006,-12.1818724,-9.09540367,0,,,,50
40933480,0.5,0.50505048,0.5,0.606079698,0.402930379,0.394871771,0,0,15.8849669,-12,8.23704243,8.24484253,0,13.3024006,-12.1818724,-9.09540367,0,,,,50
40934611,0.5,0.541666687,0.5,0.606079698,0.419047594,0.354578733,0,0,15.8849669,-12,8.27320957,8.2490654,0,13.288105,-12.1056662,-9.14455891,0,,,,50
40935737,0.5,0.514851511,0.5,0.606079698,0.419047594,0.394871771,0,0,15.8849669,-12,8.22197247,8.227952,0,13.3024006,-12.1056662,-9.14455891,0,,,,50
40936868,0.5,0.554455459,0.5,0.606079698,0.451282024,0.362637341,0,0,15.8895121,-12,8.22800064,8.23639679,0,13.2952528,-12.1824284,-9.15235996,0,,,,50
40937999,0.5,0.534653485,0.5,0.606079698,0.435164809,0.378754556,0,0,15.8895121,-12,8.21293068,8.23428535,0,13.3024006,-12.1824284,-9.15235996,0,,,,50
40939130,0.5,0.519230783,0.5,0.606079698,0.435164809,0.402930379,0,0,15.8849669,-12,8.20991707,8.23006344,0,13.288105,-12.1062136,-9.20121956,0,,,,50
40940257,0.5,0.524271846,0.5,0.606079698,0.435164809,0.394871771,0,0,15.8849669,-12,8.22498608,8.23217392,0,13.3024006,-12.1062136,-9.20121956,0,,,,50
40941387,0.5,0.519230783,0.5,0.606079698,0.435164809,0.402930379,0,0,15.8804216,-12,8.24306965,8.23428535,0,13.2952528,-12.1829672,-9.2087307,0,,,,50
40942514,0.5,0.524752498,0.5,0.606079698,0.427106202,0.386813164,0,0,15.8849669,-12,8.23402786,8.23006344,0,13.2952528,-12.1829672,-9.2087307,0,,,,50
40943645,0.5,0.556603789,0.5,0.606079698,0.475457847,0.378754556,0,0,15.8849669,-12,8.22197247,8.21950626,0,13.2952528,-12.1067448,-9.25730419,0,,,,50
40944771,0.5,0.529411793,0.5,0.606079698,0.435164809,0.386813164,0,0,15.8849669,-12,8.22498608,8.22372913,0,13.3024006,-12.1067448,-9.25730419,0,,,,50
40945916,0.5,0.53773582,0.5,0.606079698,0.459340632,0.394871771,0,0,15.8804216,-12,8.22498608,8.227952,0,13.3024006,-12.1834917,-9.26453209,0,,,,50
40947042,0.5,0.533333361,0.5,0.606079698,0.451282024,0.394871771,0,0,15.8849669,-12,8.21895885,8.21950626,0,13.2952528,-12.1834917,-9.26453209,0,,,,50
40948173,0.5,0.557692289,0.5,0.606079698,0.46739924,0.370695949,0,0,15.8849669,-12,8.25813961,8.23850822,0,13.2952528,-12.1072617,-9.31282806,0,,,,50
40949299,0.5,0.539215684,0.5,0.606079698,0.443223417,0.378754556,0,0,15.8895121,-12,8.255126,8.23006344,0,13.3024006,-12.1072617,-9.31282806,0,,,,50
40950430,0.5,0.53773582,0.5,0.606079698,0.459340632,0.394871771,0,0,15.8895121,-12,8.20991707,8.23006344,0,13.288105,-12.184,-9.31978226,0,,,,50
40951556,0.5,0.53061223,0.5,0.606079698,0.419047594,0.370695949,0,0,15.8849669,-12,8.22498608,8.23217392,0,13.288105,-12.184,-9.31978226,0,,,,50
40952896,0.5,0.53061223,0.5,0.606079698,0.419047594,0.370695949,0,0,15.8895121,-12,8.22197247,8.23639679,0,13.288105,-12.1077633,-9.36780739,0,,,,50
40954022,0.5,0.557692289,0.5,0.606079698,0.46739924,0.370695949,0,0,15.8849669,-12,8.24306965,8.227952,0,13.3024006,-12.1077633,-9.36780739,0,,,,50
40955153,0.5,0.53061223,0.5,0.606079698,0.419047594,0.370695949,0,0,15.8849669,-12,8.255126,8.23006344,0,13.288105,-12.184494,-9.37449551,0,,,,50
40956279,0.5,0.544554472,0.5,0.606079698,0.443223417,0.370695949,0,0,15.8849669,-12,8.24306965,8.23217392,0,13.3024006,-12.184494,-9.37449551,0,,,,50
40957410,0.5,0.54285717,0.5,0.606079698,0.459340632,0.386813164,0,0,15.8804216,-12,8.21895885,8.22372913,0,13.288105,-12.1082506,-9.42225742,0,,,,50
40958536,0.5,0.552380979,0.5,0.606079698,0.46739924,0.378754556,0,0,15.8849669,-12,8.24909782,8.227952,0,13.3024006,-12.1082506,-9.42225742,0,,,,50
40959667,0.5,0.538461566,0.5,0.606079698,0.451282024,0.386813164,0,0,15.8849669,-12,8.22197247,8.2216177,0,13.2952528,-12.1849747,-9.4286871,0,,,,50
40960798,0.5,0.535087705,0.5,0.606079698,0.491575062,0.427106202,0,0,15.8804216,-12,8.20087528,8.20894909,0,13.3024006,-12.1849747,-9.4286871,0,,,,50
40961928,0.5,0.532710254,0.5,0.606079698,0.459340632,0.402930379,0,0,15.8804216,-12,8.21895885,8.21739483,0,13.2952528,-12.1087236,-9.47619438,0,,,,50
40963055,0.5,0.537037015,0.5,0.606079698,0.46739924,0.402930379,0,0,15.8804216,-12,8.21895885,8.21739483,0,13.2809572,-12.1087236,-9.47619438,0,,,,50
40964186,0.5,0.513513505,0.5,0.606079698,0.459340632,0.435164809,0,0,15.8758764,-12,8.20087528,8.21528339,0,13.2952528,-12.185441,-9.48237324,0,,,,50
40965312,0.5,0.53773582,0.5,0.606079698,0.459340632,0.394871771,0,0,15.8849669,-12,8.21895885,8.21528339,0,13.3024006,-12.185441,-9.48237324,0,,,,50
40966452,0.5,0.540000021,0.5,0.606079698,0.435164809,0.370695949,0,0,15.8804216,-12,8.23101425,8.23006344,0,13.288105,-12.1091833,-9.52963257,0,,,,50
40967578,0.5,0.546296299,0.5,0.606079698,0.475457847,0.394871771,0,0,15.8758764,-12,8.19786167,8.21106052,0,13.3024006,-12.1091833,-9.52963257,0,,,,50
40968714,0.5,0.533980608,0.5,0.606079698,0.443223417,0.386813164,0,0,15.8804216,-12,8.22197247,8.23006344,0,13.288105,-12.185894,-9.53556633,0,,,,50
40969840,0.5,0.539215684,0.5,0.606079698,0.443223417,0.378754556,0,0,15.8758764,-12,8.20991707,8.2216177,0,13.3024006,-12.185894,-9.53556633,0,,,,50
40970971,0.5,0.544642866,0.5,0.606079698,0.491575062,0.410988986,0,0,15.8849669,-12,8.20388889,8.21950626,0,13.2952528,-12.1096296,-9.58258629,0,,,,50
40972097,0.5,0.566037714,0.5,0.606079698,0.483516455,0.370695949,0,0,15.8849669,-12,8.26115322,8.22584057,0,13.3024006,-12.1096296,-9.58258629,0,,,,50
40973432,0.5,0.548076928,0.5,0.606079698,0.459340632,0.378754556,0,0,15.8849669,-12,8.20690346,8.22584057,0,13.288105,-12.1863346,-9.58828259,0,,,,50
40974559,0.5,0.555555582,0.5,0.606079698,0.483516455,0.386813164,0,0,15.8849669,-12,8.22498608,8.2216177,0,13.3024006,-12.1863346,-9.58828259,0,,,,50
40975694,0.5,0.542056084,0.5,0.606079698,0.46739924,0.394871771,0,0,15.8849669,-12,8.25211143,8.23006344,0,13.288105,-12.1100636,-9.63506889,0,,,,50
40976821,0.5,0.514563084,0.5,0.606079698,0.427106202,0.402930379,0,0,15.8758764,-12,8.23101425,8.227952,0,13.2952528,-12.1100636,-9.63506889,0,,,,50
40977951,0.5,0.541284382,0.5,0.606079698,0.475457847,0.402930379,0,0,15.8849669,-12,8.21293068,8.23006344,0,13.2952528,-12.1867619,-9.64053535,0,,,,50
40979078,0.5,0.543689311,0.5,0.606079698,0.451282024,0.378754556,0,0,15.8849669,-12,8.22197247,8.227952,0,13.2809572,-12.1867619,-9.64053535,0,,,,50
40980209,0.5,0.527777791,0.5,0.606079698,0.459340632,0.410988986,0,0,15.8758764,-12,8.21594429,8.21950626,0,13.288105,-12.1104851,-9.68709373,0,,,,50
40981336,0.5,0.531531513,0.5,0.606079698,0.475457847,0.419047594,0,0,15.8849669,-12,8.21594429,8.21106052,0,13.3024006,-12.1104851,-9.68709373,0,,,,50
40982466,0.5,0.527777791,0.5,0.606079698,0.459340632,0.410988986,0,0,15.8804216,-12,8.21293068,8.21528339,0,13.3024006,-12.1871777,-9.69233608,0,,,,50
40983597,0.5,0.532110095,0.5,0.606079698,0.46739924,0.410988986,0,0,15.8804216,-12,8.21895885,8.21739483,0,13.3024006,-12.1871777,-9.69233608,0,,,,50
40984728,0.5,0.530973434,0.5,0.606079698,0.483516455,0.427106202,0,0,15.8758764,-12,8.19786167,8.21106052,0,13.288105,-12.1108952,-9.73867416,0,,,,50
40985864,0.5,0.547169805,0.5,0.606079698,0.46739924,0.386813164,0,0,15.8804216,-12,8.22498608,8.2216177,0,13.288105,-12.1108952,-9.73867416,0,,,,50
40986995,0.5,0.541284382,0.5,0.606079698,0.475457847,0.402930379,0,0,15.8804216,-12,8.20991707,8.21317196,0,13.288105,-12.1875811,-9.74369907,0,,,,50
40988122,0.5,0.545454562,0.5,0.606079698,0.483516455,0.402930379,0,0,15.8849669,-12,8.19786167,8.21528339,0,13.3024006,-12.1875811,-9.74369907,0,,,,50
40989252,0.5,0.523809552,0.5,0.606079698,0.443223417,0.402930379,0,0,15.8758764,-12,8.21293068,8.227952,0,13.2952528,-12.1112928,-9.78982258,0,,,,50
40990379,0.5,0.535714269,0.5,0.606079698,0.483516455,0.419047594,0,0,15.8758764,-12,8.20388889,8.21106052,0,13.2738094,-12.1112928,-9.78982258,0,,,,50
40991514,0.5,0.537037015,0.5,0.606079698,0.46739924,0.402930379,0,0,15.8849669,-12,8.21895885,8.21528339,0,13.288105,-12.187973,-9.79463673,0,,,,50
40992640,0.5,0.527777791,0.5,0.606079698,0.459340632,0.410988986,0,0,15.8849669,-12,8.21895885,8.22372913,0,13.3024006,-12.187973,-9.79463673,0,,,,50
40993975,0.5,0.541284382,0.5,0.606079698,0.475457847,0.402930379,0,0,15.8804216,-12,8.20991707,8.21317196,0,13.3024006,-12.1116791,-9.84055233,0,,,,50
40995101,0.5,0.53773582,0.5,0.606079698,0.459340632,0.394871771,0,0,15.8804216,-12,8.22197247,8.21950626,0,13.3024006,-12.1116791,-9.84055233,0,,,,50
40996232,0.5,0.536363661,0.5,0.606079698,0.475457847,0.410988986,0,0,15.8758764,-12,8.22498608,8.20683765,0,13.288105,-12.1883545,-9.84516048,0,,,,50
40997359,0.5,0.548672557,0.5,0.606079698,0.49963367,0.410988986,0,0,15.8804216,-12,8.19484711,8.21528339,0,13.3024006,-12.1883545,-9.84516048,0,,,,50
40998490,0.5,0.540540516,0.5,0.606079698,0.483516455,0.410988986,0,0,15.8804216,-12,8.20087528,8.21317196,0,13.3024006,-12.1120548,-9.89087391,0,,,,50
40999621,0.5,0.522123873,0.5,0.606079698,0.475457847,0.435164809,0,0,15.8758764,-12,8.1797781,8.20472717,0,13.2952528,-12.1120548,-9.89087391,0,,,,50
41000751,0.5,0.518181801,0.5,0.606079698,0.459340632,0.427106202,0,0,15.8804216,-12,8.20087528,8.20894909,0,13.288105,-12.1887245,-9.8952837,0,,,,50
41001878,0.5,0.534482777,0.5,0.606079698,0.49963367,0.435164809,0,0,15.8758764,-12,8.20087528,8.20894909,0,13.2952528,-12.1887245,-9.8952837,0,,,,50
41003009,0.5,0.534482777,0.5,0.606079698,0.49963367,0.435164809,0,0,15.8713312,-12,8.18279171,8.19628143,0,13.2809572,-12.1124201,-9.94079971,0,,,,50
41004135,0.5,0.540540516,0.5,0.606079698,0.483516455,0.410988986,0,0,15.8804216,-12,8.19786167,8.20683765,0,13.3024006,-12.1124201,-9.94079971,0,,,,50
41005266,0.5,0.531531513,0.5,0.606079698,0.475457847,0.419047594,0,0,15.8804216,-12,8.20991707,8.20683765,0,13.2952528,-12.1890841,-9.94501495,0,,,,50
41006407,0.5,0.543103456,0.5,0.606079698,0.507692277,0.427106202,0,0,15.8804216,-12,8.19484711,8.19417,0,13.3095493,-12.1890841,-9.94501495,0,,,,50
41007538,0.5,0.546296299,0.5,0.606079698,0.475457847,0.394871771,0,0,15.8895121,-12,8.22197247,8.21528339,0,13.3024006,-12.1127739,-9.99034119,0,,,,50
41008664,0.5,0.535714269,0.5,0.606079698,0.483516455,0.419047594,0,0,15.8758764,-12,8.20087528,8.20683765,0,13.2952528,-12.1127739,-9.99034119,0,,,,50
41009794,0.5,0.540540516,0.5,0.606079698,0.483516455,0.410988986,0,0,15.8804216,-12,8.20690346,8.21317196,0,13.2952528,-12.1894341,-9.9943676,0,,,,50
41010921,0.5,0.530973434,0.5,0.606079698,0.483516455,0.427106202,0,0,15.8804216,-12,8.20690346,8.21317196,0,13.288105,-12.1894341,-9.9943676,0,,,,50
41012052,0.5,0.525862098,0.5,0.606079698,0.491575062,0.443223417,0,0,15.8758764,-12,8.17676353,8.19839287,0,13.2809572,-12.1131191,-10.0395079,0,,,,50
41013178,0.5,0.537037015,0.5,0.606079698,0.46739924,0.402930379,0,0,15.8758764,-12,8.19786167,8.21106052,0,13.3024006,-12.1131191,-10.0395079,0,,,,50
41014314,0.5,0.540540516,0.5,0.606079698,0.483516455,0.410988986,0,0,15.8713312,-12,8.18279171,8.2005043,0,13.2952528,-12.1897736,-10.0433521,0,,,,50
41015645,0.5,0.548672557,0.5,0.606079698,0.49963367,0.410988986,0,0,15.8804216,-12,8.19786167,8.21528339,0,13.3024006,-12.1897736,-10.0433521,0,,,,50
41016776,0.5,0.527272701,0.5,0.606079698,0.46739924,0.419047594,0,0,15.8804216,-12,8.20388889,8.21106052,0,13.2952528,-12.1134539,-10.0883121,0,,,,50
41017902,0.5,0.541666687,0.5,0.606079698,0.523809493,0.443223417,0,0,15.8713312,-12,8.1797781,8.18572426,0,13.2952528,-12.1134539,-10.0883121,0,,,,50
41019033,0.5,0.543103456,0.5,0.606079698,0.507692277,0.427106202,0,0,15.8758764,-12,8.18279171,8.2005043,0,13.2809572,-12.1901035,-10.0919781,0,,,,50
41020159,0.5,0.52136755,0.5,0.606079698,0.491575062,0.451282024,0,0,15.8713312,-12,8.1797781,8.19839287,0,13.288105,-12.1901035,-10.0919781,0,,,,50
41021290,0.5,0.532258093,0.5,0.606079698,0.5318681,0.46739924,0,0,15.8758764,-12,8.17073631,8.19205856,0,13.288105,-12.1137791,-10.1367626,0,,,,50
41022422,0.5,0.521008432,0.5,-1.03672147,0.49963367,0.459340632,0,0,15.8758764,-12,8.18881989,8.20683765,0,13.2952528,-12.1137791,-10.1367626,0,,,,50
41023553,0.5,0.524590135,0.5,-1.03672147,0.515750885,0.46739924,0,0,15.8713312,-9.14099407,8.16772175,8.18361282,0,13.2952528,-9.14099407,-8.60004139,0,,,,50
41024679,0.5,0.532110095,0.5,-1.03672147,0.46739924,0.410988986,0,0,15.8895121,-9.14099407,8.23704243,8.227952,0,13.3095493,-9.14099407,-8.60004139,0,,,,50
41025819,0.5,0.489361703,0.5,-1.03672147,0.370695949,0.386813164,0,0,15.8895121,-0.177875549,8.28526497,8.24695396,0,13.2952528,-0.177875549,-7.06331968,0,,,,50
41026946,0.5,0.565217376,0.5,-1.03672147,0.314285696,0.241758227,0,0,15.9304171,-0.177875549,8.37568283,8.32718563,0,13.3309927,-0.177875549,-7.06331968,0,,,,50
41028077,0.5,0.695652187,0.5,-1.03672147,0.128937721,0.056410253,0,0,15.9349623,12,8.51733685,8.4074173,0,13.3024006,13.5255156,-6.34843063,0,,,,50
41029203,0.5,1,0.5,-1.03672147,0.0483516455,0,0,0,15.9485979,12,8.5565176,8.44330978,0,13.3381405,13.5255156,-6.34843063,0,,,,50
41030339,0.5,0,0.5,-1.03672147,0,0,0,0,15.9304171,12,8.65899086,8.45386696,0,13.3381405,24.4485092,-11.5180216,0,,,,50
41031466,0.5,0,0.5,-1.03672147,0,0,0,0,15.9258718,12,8.65296268,8.44753265,0,13.3309927,24.4485092,-11.5180216,0,,,,50
41032597,0.5,0,0.5,-1.03672147,0,0,0,0,15.9395075,-0.818751216,8.64693546,8.43908691,0,13.3095493,-0.818751216,-9.9812994,0,,,,50
41033723,0.5,1,0.5,-1.03672147,0.0241758227,0,0,0,15.9485979,-0.818751216,8.57460117,8.42219639,0,13.3309927,-0.818751216,-9.9812994,0,,,,50
41034854,0.5,1,0.5,-1.03672147,0.00805860758,0,0,0,15.9258718,-6.96542931,8.53843403,8.43486404,0,13.3309927,-6.96542931,-8.44457817,0,,,,50
41036185,0.5,1,0.5,-1.03672147,0.056410253,0,0,0,15.9304171,-6.96542931,8.38171005,8.42430782,0,13.3309927,-6.96542931,-8.44457817,0,,,,50
41037320,0.5,0.8125,0.5,-1.03672147,0.104761899,0.0241758227,0,0,15.9304171,-1.60326004,8.4058218,8.39686012,0,13.3166971,-1.60326004,-6.90785694,0,,,,50
41038447,0.5,0.857142866,0.5,-1.03672147,0.0967032909,0.0161172152,0,0,15.9395075,-1.60326004,8.39979362,8.40530586,0,13.3309927,-1.60326004,-6.90785694,0,,,,50
41039578,0.5,1,0.5,-1.03672147,0.0402930379,0,0,0,15.9349623,10.1099682,8.5565176,8.41586208,0,13.3238449,10.1099682,-5.37113571,0,,,,50
41040704,0.5,1,0.5,-1.03672147,0.0483516455,0,0,0,15.9395075,10.1099682,8.61378193,8.43908691,0,13.3238449,10.1099682,-5.37113571,0,,,,50
41041835,0.5,1,0.5,-1.05147529,0.0322344303,0,0,0,15.9304171,12,8.51733685,8.43908691,0,13.3166971,24.8822594,-10.7596445,0,,,,50
41042962,0.5,0.899999976,0.5,-1.05147529,0.0725274682,0.00805860758,0,0,15.9304171,12,8.49021149,8.41375065,0,13.3309927,24.8822594,-10.7596445,0,,,,50
41044093,0.5,0.764705896,0.5,-1.05147529,0.104761899,0.0322344303,0,0,15.9304171,0.596544683,8.43294716,8.39474869,0,13.3238449,0.596544683,-9.20816898,0,,,,50
41045224,0.5,1,0.5,-1.05147529,0.0483516455,0,0,0,15.9485979,0.596544683,8.54144764,8.43064213,0,13.3309927,0.596544683,-9.20816898,0,,,,50
41046364,0.5,0,0.5,-1.05147529,0,0,0,0,15.9485979,-4.93116856,8.63487911,8.44753265,0,13.3381405,-4.93116856,-7.65669346,0,,,,50
41047491,0.5,0,0.5,-1.05147529,0,0,0,0,15.9395075,-4.93116856,8.64090729,8.43697548,0,13.352437,-4.93116856,-7.65669346,0,,,,50
41048621,0.5,0,0.5,-1.05147529,0,0,0,0,15.9258718,0.809547126,8.63487911,8.43064213,0,13.3238449,0.809547126,-6.10521841,0,,,,50
41049748,0.5,0.785714269,0.5,-1.05147529,0.0886446834,0.0241758227,0,0,15.9395075,0.809547126,8.50829506,8.40530586,0,13.3381405,0.809547126,-6.10521841,0,,,,50
41050879,0.5,0,0.5,-1.05147529,0,0,0,0,15.9349623,12,8.55953121,8.42219639,0,13.3309927,12.7374859,-4.95104504,0,,,,50
41052005,0.5,1,0.5,-1.05147529,0.0322344303,0,0,0,15.9440527,12,8.51432323,8.43486404,0,13.3309927,12.7374859,-4.95104504,0,,,,50
41053141,0.5,0,0.5,-1.05147529,0,0,0,0,15.9258718,12,8.5444622,8.43697548,0,13.3238449,25.2968693,-10.5629139,0,,,,50
41054268,0.5,1,0.5,-1.05147529,0.0402930379,0,0,0,15.9395075,12,8.50528145,8.43486404,0,13.3381405,25.2968693,-10.5629139,0,,,,50
41055398,0.5,1,0.5,-1.05147529,0.0322344303,0,0,0,15.9304171,-1.52528548,8.54144764,8.43275356,0,13.3238449,-1.52528548,-9.01143837,0,,,,50
41056525,0.5,0,0.5,-1.05147529,0,0,0,0,15.9440527,-1.52528548,8.58967113,8.43486404,0,13.3452892,-1.52528548,-9.01143837,0,,,,50
41057859,0.5,0,0.5,-1.05147529,0,0,0,0,15.9395075,-8.35647488,8.60474014,8.42641926,0,13.3309927,-8.35647488,-7.45996284,0,,,,50
41058986,0.5,0,0.5,-1.05147529,0,0,0,0,15.9213276,-8.35647488,8.59569836,8.43064213,0,13.3024006,-8.35647488,-7.45996284,0,,,,50
41060117,0.5,0.826086938,0.5,-1.05147529,0.153113544,0.0322344303,0,0,15.9395075,-3.12885976,8.4178772,8.39474869,0,13.3166971,-3.12885976,-5.9084878,0,,,,50
41061248,0.5,0.818181813,0.5,-1.05147529,0.145054936,0.0322344303,0,0,15.9395075,-3.12885976,8.40280819,8.39474869,0,13.3166971,-3.12885976,-5.9084878,0,,,,50
41062379,0.5,0.6875,0.5,-1.05147529,0.0886446834,0.0402930379,0,0,15.9304171,8.7728796,8.50829506,8.39686012,0,13.3095493,8.7728796,-4.35701275,0,,,,50
41063505,0.5,1,0.5,-1.05147529,0.0402930379,0,0,0,15.9531422,8.7728796,8.60172653,8.42430782,0,13.3381405,8.7728796,-4.35701275,0,,,,50
41064636,0.5,0,0.5,-1.05147529,0,0,0,0,15.9576874,12,8.66200447,8.44119835,0,13.3452892,23.8815231,-9.20640087,0,,,,50
41065772,0.5,0,0.5,-1.05147529,0,0,0,0,15.9304171,12,8.65597725,8.43697548,0,13.3953247,23.8815231,-9.20640087,0,,,,50
41066903,0.5,0,0.5,-1.05147529,0,0,0,0,15.9440527,3.06412482,8.62885189,8.43064213,0,13.416769,3.06412482,-7.65492535,0,,,,50
41068034,0.5,0,0.5,-1.05147529,0,0,0,0,15.9576874,3.06412482,8.63487911,8.43064213,0,13.4525089,3.06412482,-7.65492535,0,,,,50
41069165,0.5,0,0.5,-1.05147529,0,0,0,0,15.9440527,-0.502355456,8.63487911,8.43064213,0,13.4596567,-0.502355456,-6.1034503,0,,,,50
41070291,0.5,0,0.5,-1.05147529,0,0,0,0,15.9485979,-0.502355456,8.62885189,8.42430782,0,13.4739523,-0.502355456,-6.1034503,0,,,,50
41071422,0.5,0,0.5,-1.05147529,0,0,0,0,15.907692,6.20647097,8.62282372,8.43064213,0,13.4596567,6.20647097,-4.55197525,0,,,,50
41072549,0.5,0,0.5,-1.05147529,0,0,0,0,15.9304171,6.20647097,8.61679649,8.43064213,0,13.4739523,6.20647097,-4.55197525,0,,,,50
41073679,0.5,0,0.5,-1.05147529,0,0,0,0,15.9440527,12,8.61076832,8.43064213,0,13.5096922,18.4721508,-6.4872036,0,,,,50
41074806,0.5,0,0.5,-1.05147529,0,0,0,0,15.9258718,12,8.60474014,8.43064213,0,13.5597286,18.4721508,-6.4872036,0,,,,50
41075942,0.5,0,0.5,-1.05147529,0,0,0,0,15.9167824,12,8.59871292,8.42641926,0,13.5811729,13.1580667,-5.55960703,0,,,,50
41077068,0.5,0,0.5,-1.05147529,0,0,0,0,15.9576874,12,8.58967113,8.43064213,0,13.5883207,13.1580667,-5.55960703,0,,,,50
41078404,0.5,0,0.5,-1.05147529,0,0,0,0,15.9349623,12,8.58364296,8.42853069,0,13.6097641,14.459816,-5.33329391,0,,,,50
41079530,0.5,0,0.5,-1.05147529,0,0,0,0,15.9349623,12,8.57761478,8.42853069,0,13.6169128,14.459816,-5.33329391,0,,,,50
41080661,0.5,0,0.5,-1.05147529,0,0,0,0,15.9395075,12,8.57158756,8.42430782,0,13.6097641,15.5156574,-5.6757884,0,,,,50
41081787,0.5,0,0.5,-1.05147529,0,0,0,0,15.9304171,12,8.56555939,8.42853069,0,13.5954685,15.5156574,-5.6757884,0,,,,50
41082918,0.5,0,0.5,-1.05147529,0,0,0,0,15.9349623,12,8.56254578,8.42853069,0,13.5668764,13.0789766,-4.70558405,0,,,,50
41084049,0.5,0,0.5,-1.05147529,0,0,0,0,15.9122372,12,8.55350399,8.43064213,0,13.5382843,13.0789766,-4.70558405,0,,,,50
41085180,0.5,0,0.5,-1.05147529,0,0,0,0,15.9304171,12,8.55048943,8.42853069,0,13.5168409,16.3432541,-5.49392414,0,,,,50
41086316,0.5,0,0.5,-1.05147529,0,0,0,0,15.9485979,12,8.51733685,8.42853069,0,13.4953966,16.3432541,-5.49392414,0,,,,50
41087446,0.5,0,0.5,-1.05147529,0,0,0,0,15.9531422,12,8.53240585,8.42853069,0,13.4310646,12.6041231,-4.26790428,0,,,,50
41088572,0.5,0,0.5,-1.05147529,0,0,0,0,15.9213276,12,8.52939224,8.42853069,0,13.3738813,12.6041231,-4.26790428,0,,,,50
41089703,0.5,0,0.5,-1.05147529,0,0,0,0,15.9349623,12,8.53542042,8.42853069,0,13.3024006,16.6366329,-5.21429491,0,,,,50
41090829,0.5,0.75,0.5,-1.05147529,0.0967032909,0.0322344303,0,0,15.9349623,12,8.43294716,8.39897156,0,13.3309927,16.6366329,-5.21429491,0,,,,50
41091965,0.5,0.70588237,0.5,-1.05147529,0.0967032909,0.0402930379,0,0,15.9349623,12,8.44801617,8.40108299,0,13.3238449,12.4441261,-3.90208101,0,,,,50
41093091,0.5,0.733333349,0.5,-1.05147529,0.0886446834,0.0322344303,0,0,15.9349623,12,8.4932251,8.39686012,0,13.3309927,12.4441261,-3.90208101,0,,,,50
41094221,0.5,0.722222209,0.5,-1.05147529,0.104761899,0.0402930379,0,0,15.9258718,12,8.4811697,8.39263725,0,13.3166971,16.7438984,-4.90625858,0,,,,50
41095348,0.5,0.789473712,0.5,-1.05147529,0.120879114,0.0322344303,0,0,15.9304171,12,8.48719788,8.38841438,0,13.3238449,16.7438984,-4.90625858,0,,,,50
41096478,0.5,0.809523821,0.5,-1.05147529,0.136996329,0.0322344303,0,0,15.9304171,12,8.45404434,8.39474869,0,13.3238449,12.3935394,-3.56679296,0,,,,50
41097605,0.5,0.75,0.5,-1.05147529,0.145054936,0.0483516455,0,0,15.9304171,12,8.43294716,8.37363529,0,13.3309927,12.3935394,-3.56679296,0,,,,50
41098944,0.5,0.75,0.5,-1.05147529,0.145054936,0.0483516455,0,0,15.9304171,12,8.4691143,8.37785816,0,13.3309927,16.7862453,-4.59378386,0,,,,50
41100071,0.5,0.714285731,0.5,-1.05147529,0.161172152,0.0644688606,0,0,15.9258718,12,8.46308613,8.37574673,0,13.3024006,16.7862453,-4.59378386,0,,,,50
41101201,0.5,0.692307711,0.5,-1.05147529,0.145054936,0.0644688606,0,0,15.9304171,12,8.34554291,8.36941242,0,13.3166971,12.3808794,-3.24749756,0,,,,50
41102328,0.5,0.592592597,0.5,-1.05147529,0.128937721,0.0886446834,0,0,15.9258718,12,8.34554291,8.36307812,0,13.3309927,12.3808794,-3.24749756,0,,,,50
41103459,0.5,0.625,0.5,-1.05147529,0.161172152,0.0967032909,0,0,15.9395075,12,8.47514153,8.36096668,0,13.3166971,16.8058529,-4.28505135,0,,,,50
41104585,0.5,0.551724136,0.5,-1.05147529,0.128937721,0.104761899,0,0,15.9258718,12,8.49021149,8.3525219,0,13.3238449,16.8058529,-4.28505135,0,,,,50
41105725,0.5,0.533333361,0.5,-1.05147529,0.128937721,0.112820506,0,0,15.9258718,12,8.4178772,8.35885525,0,13.3166971,12.3812723,-2.93897676,0,,,,50
41106857,0.5,0.641025662,0.5,-1.05147529,0.201465189,0.112820506,0,0,15.9258718,12,8.42691898,8.35463333,0,13.3309927,12.3812723,-2.93897676,0,,,,50
41107987,0.5,0.51219511,0.5,-1.05147529,0.169230759,0.161172152,0,0,15.9213276,12,8.44801617,8.38419151,0,13.3166971,16.8174038,-3.98275328,0,,,,50
41109114,0.5,0.487179488,0.5,-1.05147529,0.153113544,0.161172152,0,0,15.9258718,12,8.40883541,8.33351898,0,13.3238449,16.8174038,-3.98275328,0,,,,50
41110245,0.5,0.586956501,0.5,-1.05147529,0.217582405,0.153113544,0,0,15.9213276,12,8.4178772,8.34196472,0,13.3024006,12.3860674,-2.63926172,0,,,,50
41111371,0.5,0.534883738,0.5,-1.05147529,0.185347974,0.161172152,0,0,15.9213276,12,8.42691898,8.33351898,0,13.3238449,12.3860674,-2.63926172,0,,,,50
41112503,0.5,0.595744669,0.5,-1.05147529,0.225641012,0.153113544,0,0,15.9213276,12,8.42993259,8.33351898,0,13.3095493,16.8260136,-3.68767619,0,,,,50
41113630,0.5,0.555555582,0.5,-1.05147529,0.201465189,0.161172152,0,0,15.9213276,12,8.43294716,8.32929707,0,13.3166971,16.8260136,-3.68767619,0,,,,50
41114765,0.5,0.5625,0.5,-1.05147529,0.217582405,0.169230759,0,0,15.9167824,12,8.4058218,8.3250742,0,13.3095493,12.3922567,-2.3475194,0,,,,50
41115891,0.5,0.574468076,0.5,-1.05147529,0.217582405,0.161172152,0,0,15.9167824,12,8.4058218,8.32929707,0,13.3166971,12.3922567,-2.3475194,0,,,,50
41117022,0.5,0.510638297,0.5,-1.05147529,0.193406582,0.185347974,0,0,15.9258718,12,8.4058218,8.32296276,0,13.3095493,16.8334637,-3.39994764,0,,,,50
41118149,0.5,0.576923072,0.5,-1.05147529,0.241758227,0.177289367,0,0,15.9167824,12,8.39979362,8.32929707,0,13.3095493,16.8334637,-3.39994764,0,,,,50
41119279,0.5,0.588235319,0.5,-1.05147529,0.241758227,0.169230759,0,0,15.9167824,12,8.39979362,8.32718563,0,13.3024006,12.3988008,-2.06331587,0,,,,50
41120610,0.5,0.541666687,0.5,-1.05147529,0.209523797,0.177289367,0,0,15.9167824,12,8.39678001,8.3314085,0,13.3238449,12.3988008,-2.06331587,0,,,,50
41121745,0.5,0.584905684,0.5,-1.05147529,0.249816835,0.177289367,0,0,15.9213276,12,8.38472462,8.32296276,0,13.3095493,16.8403797,-3.11947036,0,,,,50
41122872,0.5,0.571428597,0.5,-1.05147529,0.225641012,0.169230759,0,0,15.9258718,12,8.39678001,8.32929707,0,13.3238449,16.8403797,-3.11947036,0,,,,50
41124002,0.5,0.53191489,0.5,-1.05147529,0.201465189,0.177289367,0,0,15.9167824,12,8.37568283,8.32085133,0,13.3166971,12.4053383,-1.78636062,0,,,,50
41125129,0.5,0.549019635,0.5,-1.05147529,0.225641012,0.185347974,0,0,15.9213276,12,8.40280819,8.32929707,0,13.3238449,12.4053383,-1.78636062,0,,,,50
41126269,0.5,0.538461566,0.5,-1.05147529,0.225641012,0.193406582,0,0,15.9213276,12,8.38773823,8.3250742,0,13.3095493,16.8469849,-2.84607291,0,,,,50
41127395,0.5,0.549019635,0.5,-1.05147529,0.225641012,0.185347974,0,0,15.9213276,12,8.38773823,8.3250742,0,13.3166971,16.8469849,-2.84607291,0,,,,50
41128526,0.5,0.549019635,0.5,-1.05147529,0.225641012,0.185347974,0,0,15.9213276,12,8.39678001,8.32929707,0,13.3095493,12.4117489,-1.51641691,0,,,,50
41129657,0.5,0.574468076,0.5,-1.05147529,0.217582405,0.161172152,0,0,15.9122372,12,8.4178772,8.3250742,0,13.3238449,12.4117489,-1.51641691,0,,,,50
41130788,0.5,0.5625,0.5,-1.05147529,0.217582405,0.169230759,0,0,15.9167824,12,8.39979362,8.33351898,0,13.3166971,16.8533573,-2.57956243,0,,,,50
41131914,0.5,0.553191483,0.5,-1.05147529,0.209523797,0.169230759,0,0,15.9213276,12,8.39979362,8.33351898,0,13.3024006,16.8533573,-2.57956243,0,,,,50
41133045,0.5,0.541666687,0.5,-1.05147529,0.209523797,0.177289367,0,0,15.9213276,12,8.40883541,8.32929707,0,13.3166971,12.4179945,-1.25327086,0,,,,50
41134171,0.5,0.543478251,0.5,-1.05147529,0.201465189,0.169230759,0,0,15.9213276,12,8.39678001,8.33563042,0,13.3238449,12.4179945,-1.25327086,0,,,,50
41135302,0.5,0.5625,0.5,-1.05147529,0.217582405,0.169230759,0,0,15.9258718,12,8.40280819,8.33774185,0,13.3095493,16.8595295,-2.31974173,0,,,,50
41136428,0.5,0.577777803,0.5,-1.05147529,0.209523797,0.153113544,0,0,15.9258718,12,8.42390537,8.33985329,0,13.3166971,16.8595295,-2.31974173,0,,,,50
41137563,0.5,0.591836751,0.5,-1.05147529,0.23369962,0.161172152,0,0,15.9213276,12,8.42089176,8.33774185,0,13.3238449,12.4240646,-0.996720552,0,,,,50
41138690,0.5,0.545454562,0.5,-1.05147529,0.193406582,0.161172152,0,0,15.9258718,12,8.40883541,8.33774185,0,13.3238449,12.4240646,-0.996720552,0,,,,50
41139820,0.5,0.574468076,0.5,-1.05147529,0.217582405,0.161172152,0,0,15.9258718,12,8.40883541,8.34618759,0,13.3095493,16.8655167,-2.06641674,0,,,,50
41141151,0.5,0.565217376,0.5,-1.05147529,0.209523797,0.161172152,0,0,15.9213276,12,8.42089176,8.33351898,0,13.3238449,16.8655167,-2.06641674,0,,,,50
41142281,0.5,0.571428597,0.5,-1.05147529,0.193406582,0.145054936,0,0,15.9213276,12,8.4058218,8.32718563,0,13.3166971,12.4299603,-0.7465716,0,,,,50
41143408,0.5,0.617021263,0.5,-1.05147529,0.23369962,0.145054936,0,0,15.9258718,12,8.39979362,8.34407616,0,13.3238449,12.4299603,-0.7465716,0,,,,50
41144539,0.5,0.571428597,0.5,-1.05147529,0.193406582,0.145054936,0,0,15.9213276,12,8.4178772,8.3314085,0,13.3166971,16.8713264,-1.81939793,0,,,,50
41145679,0.5,0.536585391,0.5,-1.05147529,0.177289367,0.153113544,0,0,15.9213276,12,8.42390537,8.33985329,0,13.3238449,16.8713264,-1.81939793,0,,,,50
41146810,0.5,0.568181813,0.5,-1.05147529,0.201465189,0.153113544,0,0,15.9213276,12,8.42089176,8.33985329,0,13.2952528,12.4356842,-0.502636075,0,,,,50
41147937,0.5,0.59523809,0.5,-1.05147529,0.201465189,0.136996329,0,0,15.9213276,12,8.39678001,8.35463333,0,13.3238449,12.4356842,-0.502636075,0,,,,50
41149067,0.5,0.545454562,0.5,-1.05147529,0.193406582,0.161172152,0,0,15.9213276,12,8.43897438,8.33351898,0,13.3095493,16.8769665,-1.57850051,0,,,,50
41150194,0.5,0.555555582,0.5,-1.05147529,0.201465189,0.161172152,0,0,15.9258718,12,8.4178772,8.35041046,0,13.3238449,16.8769665,-1.57850051,0,,,,50
41151325,0.5,0.56410259,0.5,-1.05147529,0.177289367,0.136996329,0,0,15.9258718,12,8.42691898,8.33985329,0,13.3095493,12.4412403,-0.264731973,0,,,,50
41152456,0.5,0.585365832,0.5,-1.05147529,0.193406582,0.136996329,0,0,15.9258718,12,8.40280819,8.33985329,0,13.3166971,12.4412403,-0.264731973,0,,,,50
41153587,0.5,0.574999988,0.5,-1.05147529,0.185347974,0.136996329,0,0,15.9213276,12,8.4058218,8.33351898,0,13.3095493,16.8824406,-1.34354532,0,,,,50
41154713,0.5,0.574999988,0.5,-1.05147529,0.185347974,0.136996329,0,0,15.9258718,12,8.39979362,8.33774185,0,13.3095493,16.8824406,-1.34354532,0,,,,50
41155844,0.5,0.560975611,0.5,-1.05147529,0.185347974,0.145054936,0,0,15.9258718,12,8.3937664,8.35674477,0,13.3166971,12.4466333,-0.0326824635,0,,,,50
41156970,0.5,0.585365832,0.5,-1.05147529,0.193406582,0.136996329,0,0,15.9258718,12,8.43897438,8.34407616,0,13.3238449,12.4466333,-0.0326824635,0,,,,50
41158102,0.5,0.600000024,0.5,-1.05147529,0.193406582,0.128937721,0,0,15.9258718,12,8.42691898,8.36730099,0,13.3095493,16.8877544,-1.11435831,0,,,,50
41159228,0.5,0.581395328,0.5,-1.05147529,0.201465189,0.145054936,0,0,15.9213276,12,8.42691898,8.34618759,0,13.3238449,16.8877544,-1.11435831,0,,,,50
41160364,0.5,0.560975611,0.5,-1.05147529,0.185347974,0.145054936,0,0,15.9258718,12,8.42993259,8.34618759,0,13.3166971,12.45187,0.193683878,0,,,,50
41161490,0.5,0.625,0.5,-1.05147529,0.201465189,0.120879114,0,0,15.9258718,12,8.40883541,8.35041046,0,13.3238449,12.45187,0.193683878,0,,,,50
41162825,0.5,0.555555582,0.5,-1.05147529,0.201465189,0.161172152,0,0,15.9304171,12,8.44801617,8.33563042,0,13.3095493,16.8929119,-0.890770733,0,,,,50
41163952,0.5,0.59523809,0.5,-1.05147529,0.201465189,0.136996329,0,0,15.9258718,12,8.45705795,8.33563042,0,13.3238449,16.8929119,-0.890770733,0,,,,50
41165082,0.5,0.473684222,0.5,-1.05147529,0.145054936,0.161172152,0,0,15.9304171,12,8.38472462,8.34196472,0,13.3166971,12.4569521,0.414533526,0,,,,50
41166218,0.5,0.619047642,0.5,-1.05147529,0.209523797,0.128937721,0,0,15.9213276,12,8.42993259,8.32718563,0,13.3309927,12.4569521,0.414533526,0,,,,50
41167349,0.5,0.550000012,0.5,-1.05147529,0.177289367,0.145054936,0,0,15.9304171,12,8.39979362,8.34618759,0,13.3095493,16.8979187,-0.672618389,0,,,,50
41168480,0.5,0.550000012,0.5,-1.05147529,0.177289367,0.145054936,0,0,15.9258718,12,8.40280819,8.3525219,0,13.3238449,16.8979187,-0.672618389,0,,,,50
41169611,0.5,0.574468076,0.5,-1.05147529,0.217582405,0.161172152,0,0,15.9258718,12,8.4178772,8.33985329,0,13.3095493,12.4618855,0.630028009,0,,,,50
41170738,0.5,0.571428597,0.5,-1.05147529,0.193406582,0.145054936,0,0,15.9258718,12,8.4058218,8.34196472,0,13.3238449,12.4618855,0.630028009,0,,,,50
41171868,0.5,0.560975611,0.5,-1.05147529,0.185347974,0.145054936,0,0,15.9304171,12,8.4178772,8.35463333,0,13.3095493,16.9027786,-0.459742218,0,,,,50
41172995,0.5,0.571428597,0.5,-1.05147529,0.193406582,0.145054936,0,0,15.9258718,12,8.44198895,8.35041046,0,13.3238449,16.9027786,-0.459742218,0,,,,50
41174125,0.5,0.536585391,0.5,-1.05147529,0.177289367,0.153113544,0,0,15.9213276,12,8.38773823,8.3525219,0,13.3166971,12.4666748,0.840324223,0,,,,50
41175252,0.5,0.555555582,0.5,-1.05147529,0.201465189,0.161172152,0,0,15.9213276,12,8.43596077,8.34829903,0,13.3238449,12.4666748,0.840324223,0,,,,50
41176387,0.5,0.550000012,0.5,-1.05147529,0.177289367,0.145054936,0,0,15.9258718,12,8.42993259,8.34618759,0,13.3095493,16.9074974,-0.251987696,0,,,,50
41177514,0.5,0.600000024,0.5,-1.05147529,0.193406582,0.128937721,0,0,15.9213276,12,8.41486359,8.33774185,0,13.3238449,16.9074974,-0.251987696,0,,,,50
41178644,0.5,0.560975611,0.5,-1.05147529,0.185347974,0.145054936,0,0,15.9167824,12,8.43596077,8.35674477,0,13.3166971,12.471323,1.04557431,0,,,,50
41179771,0.5,0.581395328,0.5,-1.05147529,0.201465189,0.145054936,0,0,15.9258718,12,8.42993259,8.35463333,0,13.3238449,12.471323,1.04557431,0,,,,50
41180901,0.5,0.604166687,0.5,-1.05147529,0.23369962,0.153113544,0,0,15.9213276,12,8.40280819,8.34407616,0,13.3166971,16.912077,-0.0492048673,0,,,,50
41182028,0.5,0.571428597,0.5,-1.05147529,0.193406582,0.145054936,0,0,15.9258718,12,8.44801617,8.33985329,0,13.3166971,16.912077,-0.0492048673,0,,,,50
41183367,0.5,0.560975611,0.5,-1.05147529,0.185347974,0.145054936,0,0,15.9213276,12,8.44198895,8.34196472,0,13.3095493,12.4758358,1.2459259,0,,,,50
41184494,0.5,0.574999988,0.5,-1.05147529,0.185347974,0.136996329,0,0,15.9258718,12,8.4058218,8.35041046,0,13.3238449,12.4758358,1.2459259,0,,,,50
41185634,0.5,0.577777803,0.5,-1.05147529,0.209523797,0.153113544,0,0,15.9258718,12,8.41184998,8.35041046,0,13.3095493,16.916523,0.14875181,0,,,,50
41186761,0.5,0.59523809,0.5,-1.05147529,0.201465189,0.136996329,0,0,15.9258718,12,8.44500256,8.34618759,0,13.3238449,16.916523,0.14875181,0,,,,50
41187891,0.5,0.590909064,0.5,-1.05147529,0.209523797,0.145054936,0,0,15.9258718,12,8.44198895,8.34829903,0,13.3095493,12.480217,1.4415226,0,,,,50
41189018,0.5,0.568181813,0.5,-1.05147529,0.201465189,0.153113544,0,0,15.9258718,12,8.4178772,8.34829903,0,13.3166971,12.480217,1.4415226,0,,,,50
41190148,0.5,0.560975611,0.5,-1.05147529,0.185347974,0.145054936,0,0,15.9213276,12,8.41184998,8.35463333,0,13.3166971,16.9208374,0.342023611,0,,,,50
41191279,0.5,0.574999988,0.5,-1.05147529,0.185347974,0.136996329,0,0,15.9258718,12,8.4178772,8.34196472,0,13.3238449,16.9208374,0.342023611,0,,,,50
41192410,0.5,0.553191483,0.5,-1.05147529,0.209523797,0.169230759,0,0,15.9304171,12,8.40883541,8.34618759,0,13.3166971,12.4844694,1.63250351,0,,,,50
41193536,0.5,0.571428597,0.5,-1.05147529,0.193406582,0.145054936,0,0,15.9258718,12,8.41184998,8.33351898,0,13.3238449,12.4844694,1.63250351,0,,,,50
41194667,0.5,0.600000024,0.5,-1.05147529,0.217582405,0.145054936,0,0,15.9258718,12,8.39979362,8.34618759,0,13.3095493,16.9250278,0.530747712,0,,,,50
41195794,0.5,0.578947365,0.5,-1.05147529,0.177289367,0.128937721,0,0,15.9258718,12,8.42089176,8.34196472,0,13.3238449,16.9250278,0.530747712,0,,,,50
41196924,0.5,0.534883738,0.5,-1.05147529,0.185347974,0.161172152,0,0,15.9258718,12,8.4058218,8.33774185,0,13.3095493,12.4885969,1.81900382,0,,,,50
41198051,0.5,0.600000024,0.5,-1.05147529,0.193406582,0.128937721,0,0,15.9258718,12,8.40280819,8.33563042,0,13.3095493,12.4885969,1.81900382,0,,,,50
41199186,0.5,0.51219511,0.5,-1.05147529,0.169230759,0.161172152,0,0,15.9258718,12,8.44198895,8.36518955,0,13.3095493,16.9290943,0.715057194,0,,,,50
41200313,0.5,0.586956501,0.5,-1.05147529,0.217582405,0.153113544,0,0,15.9258718,12,8.41486359,8.32718563,0,13.3238449,16.9290943,0.715057194,0,,,,50
41201444,0.5,0.581395328,0.5,-1.05147529,0.201465189,0.145054936,0,0,15.9258718,12,8.45404434,8.3799696,0,13.3095493,12.4926043,2.00115442,0,,,,50
41202570,0.5,0.625,0.5,-1.05147529,0.201465189,0.120879114,0,0,15.9258718,12,8.41486359,8.35041046,0,13.3238449,12.4926043,2.00115442,0,,,,50
41203905,0.5,0.568181813,0.5,-1.05147529,0.201465189,0.153113544,0,0,15.9258718,12,8.43897438,8.32718563,0,13.3166971,16.9330425,0.895081222,0,,,,50
41205031,0.5,0.600000024,0.5,-1.05147529,0.193406582,0.128937721,0,0,15.9258718,12,8.44801617,8.34407616,0,13.3166971,16.9330425,0.895081222,0,,,,50
41206171,0.5,0.589743614,0.5,-1.05147529,0.185347974,0.128937721,0,0,15.9213276,12,8.43294716,8.35041046,0,13.3166971,12.4964943,2.17908287,0,,,,50
41207302,0.5,0.571428597,0.5,-1.05147529,0.193406582,0.145054936,0,0,15.9304171,12,8.43294716,8.33985329,0,13.3238449,12.4964943,2.17908287,0,,,,50
41208433,0.5,0.568181813,0.5,-1.05147529,0.201465189,0.153113544,0,0,15.9213276,12,8.40280819,8.34829903,0,13.3095493,16.9368744,1.07094526,0,,,,50
41209560,0.5,0.511627913,0.5,-1.05147529,0.177289367,0.169230759,0,0,15.9258718,12,8.39979362,8.33985329,0,13.3166971,16.9368744,1.07094526,0,,,,50
41210691,0.5,0.550000012,0.5,-1.05147529,0.177289367,0.145054936,0,0,15.9304171,12,8.4058218,8.35041046,0,13.3095493,12.5002708,2.35291266,0,,,,50
41211818,0.5,0.538461566,0.5,-1.05147529,0.169230759,0.145054936,0,0,15.9213276,12,8.42993259,8.36096668,0,13.3238449,12.5002708,2.35291266,0,,,,50
41212948,0.5,0.581395328,0.5,-1.05147529,0.201465189,0.145054936,0,0,15.9213276,12,8.42993259,8.34196472,0,13.3095493,16.9405937,1.24277103,0,,,,50
41214079,0.5,0.571428597,0.5,-1.05147529,0.193406582,0.145054936,0,0,15.9258718,12,8.41184998,8.33774185,0,13.3024006,16.9405937,1.24277103,0,,,,50
41215210,0.5,0.581395328,0.5,-1.05147529,0.201465189,0.145054936,0,0,15.9258718,12,8.43294716,8.34196472,0,13.3166971,12.5039358,2.52276373,0,,,,50
41216336,0.5,0.577777803,0.5,-1.05147529,0.209523797,0.153113544,0,0,15.9258718,12,8.45705795,8.34407616,0,13.3238449,12.5039358,2.52276373,0,,,,50
41217467,0.5,0.577777803,0.5,-1.05147529,0.209523797,0.153113544,0,0,15.9258718,12,8.42691898,8.34407616,0,13.3095493,16.9442043,1.4106766,0,,,,50
41218593,0.5,0.51219511,0.5,-1.05147529,0.169230759,0.161172152,0,0,15.9258718,12,8.40280819,8.34829903,0,13.3095493,16.9442043,1.4106766,0,,,,50
41219724,0.5,0.59523809,0.5,-1.05147529,0.201465189,0.136996329,0,0,15.9213276,12,8.4178772,8.34618759,0,13.3166971,12.5074949,2.68875217,0,,,,50
41220850,0.5,0.585365832,0.5,-1.05147529,0.193406582,0.136996329,0,0,15.9258718,12,8.4058218,8.35463333,0,13.3238449,12.5074949,2.68875217,0,,,,50
41221986,0.5,0.581395328,0.5,-1.05147529,0.201465189,0.145054936,0,0,15.9258718,12,8.40280819,8.33563042,0,13.3166971,16.94771,1.57477677,0,,,,50
41223112,0.5,0.59523809,0.5,-1.05147529,0.201465189,0.136996329,0,0,15.9258718,12,8.42089176,8.35674477,0,13.3166971,16.94771,1.57477677,0,,,,50
41224243,0.5,0.59523809,0.5,-1.05147529,0.201465189,0.136996329,0,0,15.9213276,12,8.42993259,8.35041046,0,13.3166971,12.5109491,2.85099149,0,,,,50
41225583,0.5,0.565217376,0.5,-1.05147529,0.209523797,0.161172152,0,0,15.9258718,12,8.44801617,8.33985329,0.00714798551,13.3238449,12.5109491,2.85099149,0,,,,50
41226713,0.5,0.585365832,0.5,-1.05147529,0.193406582,0.136996329,0,0,15.9304171,12,8.40883541,8.34829903,0,13.3166971,16.9511127,1.73518276,0,,,,50
41227840,0.5,0.550000012,0.5,-1.05147529,0.177289367,0.145054936,0,0,15.9213276,12,8.43596077,8.34196472,0,13.3238449,16.9511127,1.73518276,0,,,,50
41228970,0.5,0.585365832,0.5,-1.05147529,0.193406582,0.136996329,0,0,15.9258718,12,8.40280819,8.33774185,0,13.3309927,12.5143023,3.0095911,0,,,,50
41230102,0.5,0.574999988,0.5,-1.05147529,0.185347974,0.136996329,0,0,15.9258718,12,8.42390537,8.35463333,0,13.3238449,12.5143023,3.0095911,0,,,,50
41231232,0.5,0.558139563,0.5,-1.05147529,0.193406582,0.153113544,0,0,15.9304171,12,8.4178772,8.3525219,0,13.3238449,16.9544163,1.8920027,0,,,,50
41232359,0.5,0.571428597,0.5,-1.05147529,0.193406582,0.145054936,0,0,15.9304171,12,8.42390537,8.34407616,0,13.3238449,16.9544163,1.8920027,0,,,,50
41233490,0.5,0.560975611,0.5,-1.05147529,0.185347974,0.145054936,0,0,15.9167824,12,8.4178772,8.34618759,0,13.3166971,12.5175571,3.16465735,0,,,,50
41234616,0.5,0.565217376,0.5,-1.05147529,0.209523797,0.161172152,0,0,15.9213276,12,8.41184998,8.33985329,0,13.3024006,12.5175571,3.16465735,0,,,,50
41235747,0.5,0.649999976,0.5,-1.05147529,0.209523797,0.112820506,0,0,15.9258718,12,8.44198895,8.34618759,0,13.3095493,16.9576225,2.04534149,0,,,,50
41236874,0.5,0.600000024,0.5,-1.05147529,0.193406582,0.128937721,0,0,15.9258718,12,8.43596077,8.35674477,0,13.3238449,16.9576225,2.04534149,0,,,,50
41238009,0.5,0.574999988,0.5,-1.05147529,0.185347974,0.136996329,0,0,15.9258718,12,8.40883541,8.33774185,0,13.3238449,12.5207176,3.31629372,0,,,,50
41239136,0.5,0.619047642,0.5,-1.05147529,0.209523797,0.128937721,0,0,15.9258718,12,8.42691898,8.35463333,0,13.3238449,12.5207176,3.31629372,0,,,,50
41240266,0.5,0.585365832,0.5,-1.05147529,0.193406582,0.136996329,0,0,15.9258718,12,8.40883541,8.35041046,0,13.3095493,16.9607353,2.19530082,0,,,,50
41241393,0.5,0.538461566,0.5,-1.05147529,0.169230759,0.145054936,0,0,15.9258718,12,8.38773823,8.35041046,0,13.3238449,16.9607353,2.19530082,0,,,,50
41242524,0.5,0.585365832,0.5,-1.05147529,0.193406582,0.136996329,0,0,15.9258718,12,8.39678001,8.35463333,0,13.3024006,12.5237856,3.46460032,0,,,,50
41243650,0.5,0.604651153,0.5,-1.05147529,0.209523797,0.136996329,0,0,15.9213276,12,8.41184998,8.34407616,0,13.3166971,12.5237856,3.46460032,0,,,,50
41244786,0.5,0.581395328,0.5,-1.05147529,0.201465189,0.145054936,0,0,15.9304171,12,8.40883541,8.3525219,0,13.3024006,16.9637585,2.3419795,0,,,,50
41246126,0.5,0.613636374,0.5,-1.05147529,0.217582405,0.136996329,0,0,15.9258718,12,8.43596077,8.3525219,0,13.3238449,16.9637585,2.3419795,0,,,,50
41247257,0.5,0.5,0.5,-1.05147529,0.153113544,0.153113544,0,0,15.9258718,12,8.39075184,8.35041046,0,13.3095493,12.526763,3.60967469,0,,,,50
41248383,0.5,0.59523809,0.5,-1.05147529,0.201465189,0.136996329,0,0,15.9213276,12,8.43897438,8.3314085,0,13.3238449,12.526763,3.60967469,0,,,,50
41249514,0.5,0.550000012,0.5,-1.05147529,0.177289367,0.145054936,0,0,15.9213276,12,8.45103073,8.33985329,0,13.3166971,16.966692,2.48547339,0,,,,50
41250640,0.5,0.577777803,0.5,-1.05147529,0.209523797,0.153113544,0,0,15.9258718,12,8.43897438,8.34196472,0,13.3095493,16.966692,2.48547339,0,,,,50
41251772,0.5,0.555555582,0.5,-1.05147529,0.201465189,0.161172152,0,0,15.9258718,12,8.42390537,8.34196472,0,13.3309927,12.5296545,3.75161123,0,,,,50
41252904,0.5,0.613636374,0.5,-1.05147529,0.217582405,0.136996329,0,0,15.9258718,12,8.45103073,8.34407616,0,13.3238449,12.5296545,3.75161123,0,,,,50
41254034,0.5,0.574468076,0.5,-1.05147529,0.217582405,0.161172152,0,0,15.9258718,12,8.39979362,8.34618759,0,13.3166971,16.9695396,2.62587595,0,,,,50
41255161,0.5,0.577777803,0.5,-1.05147529,0.209523797,0.153113544,0,0,15.9213276,12,8.43596077,8.34407616,0,13.3238449,16.9695396,2.62587595,0,,,,50
41256292,0.5,0.560975611,0.5,-1.05147529,0.185347974,0.145054936,0,0,15.9213276,12,8.43897438,8.34618759,0,13.3166971,12.5324602,3.89050174,0,,,,50
41257418,0.5,0.585365832,0.5,-1.05147529,0.193406582,0.136996329,0,0,15.9258718,12,8.45103073,8.33774185,0,13.3309927,12.5324602,3.89050174,0,,,,50
41258549,0.5,0.571428597,0.5,-1.05147529,0.193406582,0.145054936,0,0,15.9258718,12,8.43897438,8.34618759,0,13.3238449,16.9723034,2.76327705,0,,,,50
41259676,0.5,0.568181813,0.5,-1.05147529,0.201465189,0.153113544,0,0,15.9213276,12,8.40280819,8.34618759,0,13.3238449,16.9723034,2.76327705,0,,,,50
41260811,0.5,0.571428597,0.5,-1.05147529,0.193406582,0.145054936,0,0,15.9258718,12,8.45404434,8.34196472,0,13.3166971,12.5351849,4.02643538,0,,,,50
41261938,0.5,0.605263174,0.5,-1.05147529,0.185347974,0.120879114,0,0,15.9258718,12,8.44801617,8.35463333,0,13.3095493,12.5351849,4.02643538,0,,,,50
41263069,0.5,0.600000024,0.5,-1.05147529,0.217582405,0.145054936,0,0,15.9304171,12,8.42691898,8.35463333,0,13.3024006,16.974987,2.89776468,0,,,,50
41264195,0.5,0.59523809,0.5,-1.05147529,0.201465189,0.136996329,0,0,15.9213276,12,8.4178772,8.34618759,0,13.3238449,16.974987,2.89776468,0,,,,50
41265326,0.5,0.586956501,0.5,-1.05147529,0.217582405,0.153113544,0,0,15.9258718,12,8.42993259,8.32718563,0,13.3095493,12.5378304,4.15949774,0,,,,50
41266462,0.5,0.568181813,0.5,-1.05147529,0.201465189,0.153113544,0,0,15.9258718,12,8.4058218,8.33774185,0,13.3238449,12.5378304,4.15949774,0,,,,50
41267802,0.5,0.550000012,0.5,-1.05147529,0.177289367,0.145054936,0,0,15.9258718,12,8.42089176,8.32929707,0,13.3166971,16.9775925,3.02942371,0,,,,50
41268928,0.5,0.555555582,0.5,-1.05147529,0.201465189,0.161172152,0,0,15.9258718,12,8.41486359,8.33774185,0,13.3238449,16.9775925,3.02942371,0,,,,50
41270059,0.5,0.581395328,0.5,-1.05147529,0.201465189,0.145054936,0,0,15.9213276,12,8.43596077,8.33774185,0,13.3095493,12.5403976,4.28977394,0,,,,50
41271186,0.5,0.586956501,0.5,-1.05147529,0.217582405,0.153113544,0,0,15.9213276,12,8.4178772,8.3525219,0,13.3238449,12.5403976,4.28977394,0,,,,50
41272316,0.5,0.526315808,0.5,-1.05147529,0.161172152,0.145054936,0,0,15.9258718,12,8.44198895,8.3525219,0,13.3095493,16.9801216,3.15833712,0,,,,50
41273443,0.5,0.550000012,0.5,-1.05147529,0.177289367,0.145054936,0,0,15.9258718,12,8.43294716,8.33774185,0,13.3238449,16.9801216,3.15833712,0,,,,50
41274574,0.5,0.585365832,0.5,-1.05147529,0.193406582,0.136996329,0,0,15.9258718,12,8.41184998,8.34407616,0,13.3095493,12.5428896,4.41734457,0,,,,50
41275705,0.5,0.634146333,0.5,-1.05147529,0.209523797,0.120879114,0,0,15.9258718,12,8.42390537,8.35674477,0,13.3238449,12.5428896,4.41734457,0,,,,50
41276836,0.5,0.586956501,0.5,-1.05147529,0.217582405,0.153113544,0,0,15.9258718,12,8.41486359,8.32929707,0,13.3238449,16.9825783,3.284585,0,,,,50
41277963,0.5,0.571428597,0.5,-1.05147529,0.193406582,0.145054936,0,0,15.9213276,12,8.43596077,8.34618759,0,13.3238449,16.9825783,3.284585,0,,,,50
41279093,0.5,0.558139563,0.5,-1.05147529,0.193406582,0.153113544,0,0,15.9213276,12,8.40883541,8.35463333,0,13.3095493,12.54531,4.54228878,0,,,,50
41280220,0.5,0.558139563,0.5,-1.05147529,0.193406582,0.153113544,0,0,15.9213276,12,8.4058218,8.33985329,0,13.3238449,12.54531,4.54228878,0,,,,50
41281351,0.5,0.586956501,0.5,-1.05147529,0.217582405,0.153113544,0,0,15.9258718,12,8.44500256,8.34196472,0,13.3095493,16.9849606,3.40824509,0,,,,50
41282477,0.5,0.589743614,0.5,-1.05147529,0.185347974,0.128937721,0,0,15.9258718,12,8.43294716,8.34618759,0,13.3166971,16.9849606,3.40824509,0,,,,50
41283613,0.5,0.615384638,0.5,-1.05147529,0.193406582,0.120879114,0,0,15.9213276,12,8.41486359,8.35041046,0,13.3095493,12.5476589,4.66468334,0,,,,50
41284739,0.5,0.545454562,0.5,-1.05147529,0.193406582,0.161172152,0,0,15.9258718,12,8.42089176,8.35041046,0,13.3238449,12.5476589,4.66468334,0,,,,50
41285879,0.5,0.560975611,0.5,-1.05147529,0.185347974,0.145054936,0,0,15.9258718,12,8.42390537,8.34829903,0,13.3095493,16.9872761,3.52939296,0,,,,50
41287006,0.5,0.615384638,0.5,-1.05147529,0.193406582,0.120879114,0,0,15.9258718,12,8.40280819,8.34618759,0,13.3095493,16.9872761,3.52939296,0,,,,50
41288341,0.5,0.577777803,0.5,-1.05147529,0.209523797,0.153113544,0,0,15.9258718,12,8.40883541,8.33774185,0,13.3095493,12.5499392,4.78460264,0,,,,50
41289468,0.5,0.590909064,0.5,-1.05147529,0.209523797,0.145054936,0,0,15.9258718,12,8.46308613,8.33985329,0,13.3238449,12.5499392,4.78460264,0,,,,50
41290599,0.5,0.5,0.5,-1.05147529,0.153113544,0.153113544,0,0,15.9258718,12,8.45103073,8.34618759,0,13.3238449,16.989521,3.64810228,0,,,,50
41291730,0.5,0.577777803,0.5,-1.05147529,0.209523797,0.153113544,0,0,15.9258718,12,8.44500256,8.3525219,0,13.3238449,16.989521,3.64810228,0,,,,50
41292861,0.5,0.550000012,0.5,-1.05147529,0.177289367,0.145054936,0,0,15.9258718,12,8.41486359,8.3525219,0,13.3166971,12.5521536,4.90211916,0,,,,50
41293987,0.5,0.574999988,0.5,-1.05147529,0.185347974,0.136996329,0,0,15.9258718,12,8.43294716,8.34618759,0,13.3238449,12.5521536,4.90211916,0,,,,50
41295118,0.5,0.534883738,0.5,-1.05147529,0.185347974,0.161172152,0,0,15.9258718,12,8.40280819,8.36096668,0,13.3095493,16.991703,3.76444364,0,,,,50
41296245,0.5,0.565217376,0.5,-1.05147529,0.209523797,0.161172152,0,0,15.9213276,12,8.42089176,8.34196472,0,13.3166971,16.991703,3.76444364,0,,,,50
41297376,0.5,0.577777803,0.5,-1.05147529,0.209523797,0.153113544,0,0,15.9258718,12,8.42089176,8.35674477,0,13.3024006,12.5543032,5.01730251,0,,,,50
41298507,0.5,0.550000012,0.5,-1.05147529,0.177289367,0.145054936,0,0,15.9258718,12,8.39979362,8.3525219,0,13.3238449,12.5543032,5.01730251,0,,,,50
41299638,0.5,0.571428597,0.5,-1.05147529,0.193406582,0.145054936,0,0,15.9213276,12,8.41486359,8.33351898,0,13.3238449,16.9938202,3.87848663,0,,,,50
41300765,0.5,0.625,0.5,-1.05147529,0.201465189,0.120879114,0,0,15.9258718,12,8.41184998,8.33563042,0,13.3238449,16.9938202,3.87848663,0,,,,50
41301896,0.5,0.534883738,0.5,-1.05147529,0.185347974,0.161172152,0,0,15.9213276,12,8.39075184,8.35885525,0,13.3095493,12.5563898,5.13022137,0,,,,50
41303022,0.5,0.574999988,0.5,-1.05147529,0.185347974,0.136996329,0,0,15.9258718,12,8.41486359,8.33774185,0,13.3238449,12.5563898,5.13022137,0,,,,50
41304153,0.5,0.568181813,0.5,-1.05147529,0.201465189,0.153113544,0,0,15.9258718,12,8.40280819,8.34196472,0,13.3238449,16.9958763,3.99029827,0,,,,50
41305280,0.5,0.560975611,0.5,-1.05147529,0.185347974,0.145054936,0,0,15.9258718,12,8.39979362,8.3525219,0,13.3238449,16.9958763,3.99029827,0,,,,50
41306424,0.5,0.577777803,0.5,-1.05147529,0.209523797,0.153113544,0,0,15.9213276,12,8.41184998,8.32085133,0,13.3238449,12.5584154,5.240942,0,,,,50
41307551,0.5,0.571428597,0.5,-1.05147529,0.193406582,0.145054936,0,0,15.9258718,12,8.46007252,8.34829903,0,13.3238449,12.5584154,5.240942,0,,,,50
41308886,0.5,0.615384638,0.5,-1.05147529,0.193406582,0.120879114,0,0,15.9213276,12,8.42089176,8.34618759,0,13.3309927,16.9978714,4.09994364,0,,,,50
41310012,0.5,0.533333361,0.5,-1.05147529,0.193406582,0.169230759,0,0,15.9258718,12,8.43897438,8.35463333,0,13.3166971,16.9978714,4.09994364,0,,,,50
41311143,0.5,0.558139563,0.5,-1.05147529,0.193406582,0.153113544,0,0,15.9213276,12,8.3937664,8.33563042,0,13.3166971,12.5603819,5.34952736,0,,,,50
41312270,0.5,0.558139563,0.5,-1.05147529,0.193406582,0.153113544,0,0,15.9213276,12,8.4058218,8.34829903,0,13.3238449,12.5603819,5.34952736,0,,,,50
41313401,0.5,0.568181813,0.5,-1.05147529,0.201465189,0.153113544,0,0,15.9213276,12,8.42993259,8.3525219,0,13.3238449,16.9998074,4.20748568,0,,,,50
41314532,0.5,0.600000024,0.5,-1.05147529,0.217582405,0.145054936,0,0,15.9258718,12,8.42390537,8.35674477,0,13.3166971,16.9998074,4.20748568,0,,,,50
41315663,0.5,0.577777803,0.5,-1.05147529,0.209523797,0.153113544,0,0,15.9213276,12,8.44198895,8.34196472,0,13.3238449,12.5622911,5.45604086,0,,,,50
41316789,0.5,0.574468076,0.5,-1.05147529,0.217582405,0.161172152,0,0,15.9258718,12,8.43294716,8.34618759,0,13.3238449,12.5622911,5.45604086,0,,,,50
41317920,0.5,0.558139563,0.5,-1.05147529,0.193406582,0.153113544,0,0,15.9213276,12,8.41184998,8.34196472,0,13.3166971,17.001688,4.3129859,0,,,,50
41319047,0.5,0.577777803,0.5,-1.05147529,0.209523797,0.153113544,0,0,15.9213276,12,8.42691898,8.34829903,0,13.3238449,17.001688,4.3129859,0,,,,50
41320178,0.5,0.574999988,0.5,-1.05147529,0.185347974,0.136996329,0,0,15.9258718,12,8.42089176,8.35041046,0,13.3095493,12.5641451,5.56054258,0,,,,50
41321304,0.5,0.571428597,0.5,-1.05147529,0.193406582,0.145054936,0,0,15.9213276,12,8.43294716,8.3314085,0,13.3238449,12.5641451,5.56054258,0,,,,50
41322440,0.5,0.590909064,0.5,-1.05147529,0.209523797,0.145054936,0,0,15.9213276,12,8.45404434,8.33774185,0,13.3238449,17.0035152,4.41650391,0,,,,50
41323566,0.5,0.558139563,0.5,-1.05147529,0.193406582,0.153113544,0,0,15.9258718,12,8.38171005,8.34407616,0,13.3238449,17.0035152,4.41650391,0,,,,50
41324697,0.5,0.595744669,0.5,-1.05147529,0.225641012,0.153113544,0,0,15.9213276,12,8.44801617,8.34407616,0,13.3095493,12.5659447,5.66309118,0,,,,50
41325832,0.5,0.585365832,0.5,-1.05147529,0.193406582,0.136996329,0,0,15.9213276,12,8.37568283,8.33985329,0,13.3238449,12.5659447,5.66309118,0,,,,50
41326963,0.5,0.511627913,0.5,-1.05147529,0.177289367,0.169230759,0,0,15.9213276,12,8.38472462,8.34829903,0,13.3095493,17.0052872,4.5180974,0,,,,50
41328090,0.5,0.604651153,0.5,-1.05147529,0.209523797,0.136996329,0,0,15.9213276,12,8.4178772,8.3250742,0,13.3166971,17.0052872,4.5180974,0,,,,50
41329226,0.5,0.600000024,0.5,-1.05147529,0.217582405,0.145054936,0,0,15.9258718,12,8.39678001,8.34196472,0,13.3166971,12.5676918,5.76374388,0,,,,50
41330556,0.5,0.558139563,0.5,-1.05147529,0.193406582,0.153113544,0,0,15.9213276,12,8.4058218,8.33985329,0,13.3238449,12.5676918,5.76374388,0,,,,50
41331688,0.5,0.581395328,0.5,-1.05147529,0.201465189,0.145054936,0,0,15.9167824,12,8.4058218,8.33774185,0,13.3024006,17.0070076,4.61782265,0,,,,50
41332814,0.5,0.581395328,0.5,-1.05147529,0.201465189,0.145054936,0,0,15.9213276,12,8.41486359,8.33774185,0,13.3238449,17.0070076,4.61782265,0,,,,50
41333944,0.5,0.520833313,0.5,-1.05147529,0.201465189,0.185347974,0,0,15.9213276,12,8.42691898,8.32929707,0,13.3095493,12.5693884,5.86255503,0,,,,50
41335071,0.5,0.545454562,0.5,-1.05147529,0.193406582,0.161172152,0,0,15.9213276,12,8.39678001,8.33774185,0,13.3166971,12.5693884,5.86255503,0,,,,50
41336202,0.5,0.579999983,0.5,-1.05147529,0.23369962,0.169230759,0,0,15.9213276,12,8.39678001,8.33563042,0,13.3095493,17.0086784,4.715734,0,,,,50
41337333,0.5,0.583333313,0.5,-1.05147529,0.225641012,0.161172152,0,0,15.9167824,12,8.39979362,8.32929707,0,13.3166971,17.0086784,4.715734,0,,,,50
41338465,0.5,0.584905684,0.5,-1.05147529,0.249816835,0.177289367,0,0,15.9213276,12,8.39678001,8.3314085,0,13.3024006,12.5710344,5.95957899,0,,,,50
41339591,0.5,0.571428597,0.5,-1.05147529,0.225641012,0.169230759,0,0,15.9167824,12,8.37869644,8.33351898,0,13.3095493,12.5710344,5.95957899,0,,,,50
41340722,0.5,0.568627477,0.5,-1.05147529,0.23369962,0.177289367,0,0,15.9213276,12,8.41486359,8.3314085,0,13.3166971,17.0103016,4.8118844,0,,,,50
41341849,0.5,0.549019635,0.5,-1.05147529,0.225641012,0.185347974,0,0,15.9213276,12,8.38773823,8.34196472,0,13.3238449,17.0103016,4.8118844,0,,,,50
41342980,0.5,0.574468076,0.5,-1.05147529,0.217582405,0.161172152,0,0,15.9213276,12,8.42089176,8.34407616,0,13.3238449,12.5726337,6.05486822,0,,,,50
41344106,0.5,0.5625,0.5,-1.05147529,0.217582405,0.169230759,0,0,15.9213276,12,8.39979362,8.3314085,0,13.3238449,12.5726337,6.05486822,0,,,,50
41345242,0.5,0.553191483,0.5,-1.05147529,0.209523797,0.169230759,0,0,15.9258718,12,8.40883541,8.32929707,0,13.3166971,17.0118771,4.90632486,0,,,,50
41346378,0.5,0.588235319,0.5,-1.05147529,0.241758227,0.169230759,0,0,15.9213276,12,8.40883541,8.33985329,0,13.3238449,17.0118771,4.90632486,0,,,,50
41347509,0.5,0.566037714,0.5,-1.05147529,0.241758227,0.185347974,0,0,15.9167824,12,8.39678001,8.32085133,0,13.3095493,12.5741863,6.14847231,0,,,,50
41348636,0.5,0.576923072,0.5,-1.05147529,0.241758227,0.177289367,0,0,15.9167824,12,8.3937664,8.3250742,0,13.3166971,12.5741863,6.14847231,0,,,,50
41349767,0.5,0.596153855,0.5,-1.05147529,0.249816835,0.169230759,0,0,15.9167824,12,8.3937664,8.3250742,0,13.3166971,17.0134048,4.99910545,0,,,,50
41351097,0.5,0.537037015,0.5,-1.05147529,0.23369962,0.201465189,0,0,15.9122372,12,8.3937664,8.32296276,0,13.3238449,17.0134048,4.99910545,0,,,,50
41352228,0.5,0.553571403,0.5,-1.05147529,0.249816835,0.201465189,0,0,15.9213276,12,8.37568283,8.32296276,0,13.3238449,12.5756931,6.24044085,0,,,,50
41353359,0.5,0.57407409,0.5,-1.05147529,0.249816835,0.185347974,0,0,15.9167824,12,8.37869644,8.32085133,0,13.3166971,12.5756931,6.24044085,0,,,,50
41354491,0.5,0.571428597,0.5,-1.05147529,0.257875443,0.193406582,0,0,15.9122372,12,8.39075184,8.32296276,0,13.3166971,17.0148907,5.09027386,0,,,,50
41355617,0.5,0.535714269,0.5,-1.05147529,0.241758227,0.209523797,0,0,15.907692,12,8.37568283,8.31662846,0,13.3166971,17.0148907,5.09027386,0,,,,50
41356747,0.5,0.537037015,0.5,-1.05147529,0.23369962,0.201465189,0,0,15.9167824,12,8.38773823,8.31873989,0,13.3024006,12.5771561,6.33082104,0,,,,50
41357874,0.5,0.566037714,0.5,-1.05147529,0.241758227,0.185347974,0,0,15.9167824,12,8.38773823,8.32296276,0,13.3166971,12.5771561,6.33082104,0,,,,50
41359005,0.5,0.571428597,0.5,-1.05147529,0.257875443,0.193406582,0,0,15.9122372,12,8.38773823,8.3250742,0,13.3166971,17.0163307,5.17987823,0,,,,50
41360137,0.5,0.592592597,0.5,-1.05147529,0.257875443,0.177289367,0,0,15.9167824,12,8.39075184,8.32296276,0,13.3166971,17.0163307,5.17987823,0,,,,50
41361268,0.5,0.543859661,0.5,-1.05147529,0.249816835,0.209523797,0,0,15.9122372,12,8.38171005,8.3250742,0,13.3095493,12.578577,6.41966009,0,,,,50
41362394,0.5,0.527272701,0.5,-1.05147529,0.23369962,0.209523797,0,0,15.9167824,12,8.39678001,8.32296276,0,13.3095493,12.578577,6.41966009,0,,,,50
41363525,0.5,0.588235319,0.5,-1.05147529,0.241758227,0.169230759,0,0,15.9167824,12,8.39075184,8.3250742,0,13.3166971,17.0177307,5.26796293,0,,,,50
41364651,0.5,0.551020384,0.5,-1.05147529,0.217582405,0.177289367,0,0,15.9167824,12,8.39075184,8.31662846,0,13.3238449,17.0177307,5.26796293,0,,,,50
41365791,0.5,0.537037015,0.5,-1.05147529,0.23369962,0.201465189,0,0,15.9167824,12,8.40883541,8.32296276,0,13.3166971,12.579957,6.50700188,0,,,,50
41366918,0.5,0.555555582,0.5,-1.05147529,0.241758227,0.193406582,0,0,15.9167824,12,8.38773823,8.32296276,0,13.3166971,12.579957,6.50700188,0,,,,50
41368053,0.5,0.566037714,0.5,-1.05147529,0.241758227,0.185347974,0,0,15.9167824,12,8.36965466,8.31873989,0,13.3024006,17.0190887,5.35457277,0,,,,50
41369180,0.5,0.571428597,0.5,-1.05147529,0.257875443,0.193406582,0,0,15.9122372,12,8.37266827,8.3250742,0,13.3166971,17.0190887,5.35457277,0,,,,50
41370310,0.5,0.563636363,0.5,-1.05147529,0.249816835,0.193406582,0,0,15.9167824,12,8.3937664,8.32085133,0,13.3166971,12.581296,6.59288979,0,,,,50
41371437,0.5,0.547169805,0.5,-1.05147529,0.23369962,0.193406582,0,0,15.9167824,12,8.37869644,8.3250742,0,13.3166971,12.581296,6.59288979,0,,,,50
41372772,0.5,0.576923072,0.5,-1.05147529,0.241758227,0.177289367,0,0,15.9213276,12,8.39678001,8.32085133,0,13.3024006,17.0204086,5.43975019,0,,,,50
41373899,0.5,0.551724136,0.5,-1.05147529,0.257875443,0.209523797,0,0,15.9122372,12,8.38773823,8.32296276,0,13.3238449,17.0204086,5.43975019,0,,,,50
41375030,0.5,0.571428597,0.5,-1.05147529,0.257875443,0.193406582,0,0,15.9122372,12,8.37869644,8.32085133,0,13.3166971,12.5825958,6.67736721,0,,,,50
41376162,0.5,0.537037015,0.5,-1.05147529,0.23369962,0.201465189,0,0,15.9167824,12,8.39075184,8.31873989,0,13.3095493,12.5825958,6.67736721,0,,,,50
41377293,0.5,0.529411793,0.5,-1.05147529,0.217582405,0.193406582,0,0,15.9122372,12,8.37568283,8.32296276,0,13.3095493,17.0216885,5.52353764,0,,,,50
41378419,0.5,0.566037714,0.5,-1.05147529,0.241758227,0.185347974,0,0,15.9122372,12,8.37266827,8.32085133,0,13.3238449,17.0216885,5.52353764,0,,,,50
41379550,0.5,0.555555582,0.5,-1.05147529,0.241758227,0.193406582,0,0,15.9167824,12,8.37568283,8.3250742,0,13.3095493,12.5838585,6.76047421,0,,,,50
41380676,0.5,0.555555582,0.5,-1.05147529,0.241758227,0.193406582,0,0,15.9167824,12,8.38472462,8.32296276,0,13.3166971,12.5838585,6.76047421,0,,,,50
41381808,0.5,0.57407409,0.5,-1.05147529,0.249816835,0.185347974,0,0,15.9167824,12,8.38171005,8.32085133,0,13.3166971,17.0229321,5.60597467,0,,,,50
41382934,0.5,0.576923072,0.5,-1.05147529,0.241758227,0.177289367,0,0,15.9213276,12,8.38773823,8.3314085,0,13.3238449,17.0229321,5.60597467,0,,,,50
41384070,0.5,0.549019635,0.5,-1.05147529,0.225641012,0.185347974,0,0,15.9167824,12,8.38472462,8.32929707,0,13.3095493,12.5850849,6.84225082,0,,,,50
41385196,0.5,0.568627477,0.5,-1.05147529,0.23369962,0.177289367,0,0,15.9213276,12,8.36664104,8.32718563,0,13.3024006,12.5850849,6.84225082,0,,,,50
41386336,0.5,0.528301895,0.5,-1.05147529,0.225641012,0.201465189,0,0,15.9213276,12,8.39075184,8.31662846,0,13.3095493,17.0241394,5.68710136,0,,,,50
41387462,0.5,0.555555582,0.5,-1.05147529,0.241758227,0.193406582,0,0,15.9167824,12,8.38472462,8.31662846,0,13.3166971,17.0241394,5.68710136,0,,,,50
41388593,0.5,0.528301895,0.5,-1.05147529,0.225641012,0.201465189,0,0,15.9167824,12,8.39678001,8.32718563,0,13.3238449,12.5862751,6.92273617,0,,,,50
41389720,0.5,0.549019635,0.5,-1.05147529,0.225641012,0.185347974,0,0,15.9167824,12,8.38171005,8.32718563,0,13.3166971,12.5862751,6.92273617,0,,,,50
41390856,0.5,0.543859661,0.5,-1.05147529,0.249816835,0.209523797,0,0,15.9167824,12,8.38773823,8.3314085,0,13.3166971,17.0253124,5.7669549,0,,,,50
41391982,0.5,0.563636363,0.5,-1.05147529,0.249816835,0.193406582,0,0,15.9122372,12,8.37869644,8.32085133,0,13.3238449,17.0253124,5.7669549,0,,,,50
41393317,0.5,0.561403513,0.5,-1.05147529,0.257875443,0.201465189,0,0,15.9122372,12,8.39075184,8.32296276,0,13.3238449,12.58743,7.00196743,0,,,,50
41394443,0.5,0.542372882,0.5,-1.05147529,0.257875443,0.217582405,0,0,15.9122372,12,8.36061287,8.31451702,0,13.3166971,12.58743,7.00196743,0,,,,50
41395574,0.5,0.586206913,0.5,-1.05147529,0.273992658,0.193406582,0,0,15.9122372,12,8.34554291,8.31451702,0,13.3095493,17.0264492,5.84557247,0,,,,50
41396700,0.5,0.571428597,0.5,-1.05147529,0.257875443,0.193406582,0,0,15.9122372,12,8.36965466,8.32085133,0,13.3095493,17.0264492,5.84557247,0,,,,50
41397831,0.5,0.559322059,0.5,-1.05147529,0.26593405,0.209523797,0,0,15.9122372,12,8.38171005,8.31873989,0,13.3166971,12.5885525,7.07998037,0,,,,50
41398962,0.5,0.551724136,0.5,-1.05147529,0.257875443,0.209523797,0,0,15.9122372,12,8.37869644,8.31873989,0,13.3238449,12.5885525,7.07998037,0,,,,50
41400094,0.5,0.543859661,0.5,-1.05147529,0.249816835,0.209523797,0,0,15.9122372,12,8.36965466,8.32085133,0,13.3166971,17.0275555,5.92299032,0,,,,50
41401220,0.5,0.559322059,0.5,-1.05147529,0.26593405,0.209523797,0,0,15.907692,12,8.37266827,8.31240559,0,13.3166971,17.0275555,5.92299032,0,,,,50
41402351,0.5,0.578947365,0.5,-1.05147529,0.26593405,0.193406582,0,0,15.9167824,12,8.35157108,8.31029415,0,13.3024006,12.5896425,7.15681124,0,,,,50
41403478,0.5,0.568965495,0.5,-1.05147529,0.26593405,0.201465189,0,0,15.9122372,12,8.38171005,8.31662846,0,13.3166971,12.5896425,7.15681124,0,,,,50
41404609,0.5,0.568965495,0.5,-1.05147529,0.26593405,0.201465189,0,0,15.9122372,12,8.37869644,8.31240559,0,13.3166971,17.0286293,5.99924326,0,,,,50
41405744,0.5,0.568965495,0.5,-1.05147529,0.26593405,0.201465189,0,0,15.9122372,12,8.37568283,8.31873989,0,13.3166971,17.0286293,5.99924326,0,,,,50
41406880,0.5,0.543859661,0.5,-1.05147529,0.249816835,0.209523797,0,0,15.9122372,12,8.37568283,8.31873989,0,13.3166971,12.5907001,7.23249435,0,,,,50
41408006,0.5,0.55737704,0.5,-1.05147529,0.273992658,0.217582405,0,0,15.9167824,12,8.37869644,8.31662846,0,13.3166971,12.5907001,7.23249435,0,,,,50
41409137,0.5,0.553571403,0.5,-1.05147529,0.249816835,0.201465189,0,0,15.9167824,12,8.37266827,8.31240559,0,13.3095493,17.0296707,6.07436514,0,,,,50
41410263,0.5,0.553571403,0.5,-1.05147529,0.249816835,0.201465189,0,0,15.9122372,12,8.35458469,8.31451702,0,13.3166971,17.0296707,6.07436514,0,,,,50
41411394,0.5,0.550000012,0.5,-1.05147529,0.26593405,0.217582405,0,0,15.9167824,12,8.36362648,8.31451702,0,13.3024006,12.5917273,7.30706263,0,,,,50
41412521,0.5,0.564516127,0.5,-1.05147529,0.282051265,0.217582405,0,0,15.907692,12,8.39678001,8.31662846,0,13.3166971,12.5917273,7.30706263,0,,,,50
41413860,0.5,0.55737704,0.5,-1.05147529,0.273992658,0.217582405,0,0,15.9122372,12,8.35458469,8.29973793,0,13.3166971,17.0306816,6.14838791,0,,,,50
41414987,0.5,0.54838711,0.5,-1.05147529,0.273992658,0.225641012,0,0,15.907692,12,8.31841755,8.31240559,0,13.3238449,17.0306816,6.14838791,0,,,,50
41416118,0.5,0.55737704,0.5,-1.05147529,0.273992658,0.217582405,0,0,15.907692,12,8.38171005,8.30607224,0,13.3024006,12.5927248,7.380548,0,,,,50
41417244,0.5,0.573770463,0.5,-1.05147529,0.282051265,0.209523797,0,0,15.907692,12,8.3937664,8.3039608,0,13.3095493,12.5927248,7.380548,0,,,,50
41418375,0.5,0.555555582,0.5,-1.05147529,0.282051265,0.225641012,0,0,15.907692,12,8.34855747,8.3039608,0,13.3024006,17.0316639,6.22134447,0,,,,50
41419501,0.5,0.564516127,0.5,-1.05147529,0.282051265,0.217582405,0,0,15.9122372,12,8.34855747,8.31029415,0,13.3166971,17.0316639,6.22134447,0,,,,50
41420632,0.5,0.555555582,0.5,-1.05147529,0.282051265,0.225641012,0,0,15.9122372,12,8.3425293,8.31029415,0,13.3024006,12.5936937,7.4529829,0,,,,50
41421763,0.5,0.555555582,0.5,-1.05147529,0.282051265,0.225641012,0,0,15.907692,12,8.33951569,8.30184937,0,13.3166971,12.5936937,7.4529829,0,,,,50
41422894,0.5,0.55384618,0.5,-1.05147529,0.290109873,0.23369962,0,0,15.9167824,12,8.33951569,8.2976265,0,13.3024006,17.0326176,6.29326534,0,,,,50
41424021,0.5,0.5625,0.5,-1.05147529,0.290109873,0.225641012,0,0,15.907692,12,8.33951569,8.30184937,0,13.3095493,17.0326176,6.29326534,0,,,,50
41425151,0.5,0.545454562,0.5,-1.05147529,0.290109873,0.241758227,0,0,15.9031467,12,8.34855747,8.2976265,0,13.3024006,12.5946341,7.5243969,0,,,,50
41426287,0.5,0.538461566,0.5,-1.05147529,0.282051265,0.241758227,0,0,15.907692,12,8.33348751,8.29973793,0,13.3166971,12.5946341,7.5243969,0,,,,50
41427417,0.5,0.552238822,0.5,-1.05147529,0.29816848,0.241758227,0,0,15.9031467,12,8.33650112,8.30818272,0,13.3024006,17.0335445,6.36418009,0,,,,50
41428544,0.5,0.571428597,0.5,-1.05147529,0.290109873,0.217582405,0,0,15.907692,12,8.35157108,8.30184937,0,13.3095493,17.0335445,6.36418009,0,,,,50
41429679,0.5,0.560606062,0.5,-1.05147529,0.29816848,0.23369962,0,0,15.9122372,12,8.34554291,8.2976265,0,13.3024006,12.5955477,7.59482002,0,,,,50
41430805,0.5,0.545454562,0.5,-1.05147529,0.290109873,0.241758227,0,0,15.907692,12,8.33650112,8.2976265,0,13.3166971,12.5955477,7.59482002,0,,,,50
41431936,0.5,0.558823526,0.5,-1.05147529,0.306227088,0.241758227,0,0,15.907692,12,8.33348751,8.29551506,0,13.3024006,17.0344448,6.43411875,0,,,,50
41433062,0.5,0.573529422,0.5,-1.05147529,0.314285696,0.23369962,0,0,15.9031467,12,8.3304739,8.2976265,0,13.3095493,17.0344448,6.43411875,0,,,,50
41434193,0.5,0.552238822,0.5,-1.05147529,0.29816848,0.241758227,0,0,15.9031467,12,8.33650112,8.30184937,0,13.3095493,12.5964346,7.66428041,0,,,,50
41435523,0.5,0.545454562,0.5,-1.05147529,0.290109873,0.241758227,0,0,15.907692,12,8.33650112,8.2976265,0,13.3095493,12.5964346,7.66428041,0,,,,50
41436654,0.5,0.522388041,0.5,-1.05147529,0.282051265,0.257875443,0,0,15.907692,12,8.35157108,8.2976265,0,13.3095493,17.0353184,6.50310898,0,,,,50
41437785,0.5,0.55384618,0.5,-1.05147529,0.290109873,0.23369962,0,0,15.907692,12,8.33650112,8.2976265,0,13.3166971,17.0353184,6.50310898,0,,,,50
41438916,0.5,0.539682567,0.5,-1.05147529,0.273992658,0.23369962,0,0,15.9031467,12,8.33951569,8.2976265,0,13.3024006,12.5972958,7.73280668,0,,,,50
41440042,0.5,0.54411763,0.5,-1.05147529,0.29816848,0.249816835,0,0,15.9031467,12,8.34554291,8.29551506,0,13.3024006,12.5972958,7.73280668,0,,,,50
41441174,0.5,0.565217376,0.5,-1.05147529,0.314285696,0.241758227,0,0,15.907692,12,8.3425293,8.29129219,0,13.3166971,17.0361652,6.57117796,0,,,,50
41442300,0.5,0.536231875,0.5,-1.05147529,0.29816848,0.257875443,0,0,15.907692,12,8.3425293,8.29129219,0,13.3095493,17.0361652,6.57117796,0,,,,50
41443431,0.5,0.557142854,0.5,-1.05147529,0.314285696,0.249816835,0,0,15.9031467,12,8.3304739,8.29129219,0,13.3024006,12.5981321,7.80042553,0,,,,50
41444562,0.5,0.550724626,0.5,-1.05147529,0.306227088,0.249816835,0,0,15.907692,12,8.33650112,8.29551506,0,13.3166971,12.5981321,7.80042553,0,,,,50
41445703,0.5,0.546875,0.5,-1.05147529,0.282051265,0.23369962,0,0,15.9031467,12,8.33951569,8.29340363,0,13.3095493,17.0369892,6.63835335,0,,,,50
41446829,0.5,0.545454562,0.5,-1.05147529,0.290109873,0.241758227,0,0,15.907692,12,8.35157108,8.30607224,0,13.3166971,17.0369892,6.63835335,0,,,,50
41447960,0.5,0.522388041,0.5,-1.05147529,0.282051265,0.257875443,0,0,15.907692,12,8.32143211,8.29973793,0,13.3166971,12.5989437,7.8671627,0,,,,50
41449087,0.5,0.558823526,0.5,-1.05147529,0.306227088,0.241758227,0,0,15.907692,12,8.3425293,8.30184937,0,13.3166971,12.5989437,7.8671627,0,,,,50
41450217,0.5,0.550724626,0.5,0.570015371,0.306227088,0.249816835,0,0,15.8986015,12,8.34554291,8.28706932,0,13.3024006,14.0279169,6.70465994,0,,,,50
41451344,0.5,0.54285717,0.5,0.570015371,0.306227088,0.257875443,0,0,15.9031467,12,8.33348751,8.29129219,0,13.3166971,14.0279169,6.70465994,0,,,,50
41452479,0.5,0.549295783,0.5,0.570015371,0.314285696,0.257875443,0,0,15.9031467,9.58986092,8.32745934,8.29340363,0,13.3024006,9.58986092,6.63464451,0,,,,50
41453606,0.5,0.55384618,0.5,0.570015371,0.290109873,0.23369962,0,0,15.9167824,9.58986092,8.35759926,8.30818272,0,13.3166971,9.58986092,6.63464451,0,,,,50
41454737,0.5,0.576923072,0.5,0.570015371,0.241758227,0.177289367,0,0,15.9213276,6.53713703,8.38171005,8.32929707,0,13.3166971,6.53713703,6.56462908,0,,,,50
41456067,0.5,0.627906978,0.5,0.570015371,0.217582405,0.128937721,0,0,15.9349623,6.53713703,8.3937664,8.36941242,0,13.3095493,6.53713703,6.56462908,0,,,,50
41457198,0.5,0.685714304,0.5,0.604472816,0.193406582,0.0886446834,0,0,15.9304171,4.41600704,8.41184998,8.38630295,0,13.3238449,4.41600704,6.46015644,0,,,,50
41458325,0.5,0.708333313,0.5,0.604472816,0.136996329,0.056410253,0,0,15.9304171,4.41600704,8.46609974,8.39686012,0,13.3309927,4.41600704,6.46015644,0,,,,50
41459455,0.5,0.823529422,0.5,0.604472816,0.112820506,0.0241758227,0,0,15.9349623,2.85006332,8.52035046,8.41163921,0,13.3166971,2.85006332,6.3556838,0,,,,50
41460587,0.5,0.785714269,0.5,0.604472816,0.0886446834,0.0241758227,0,0,15.9349623,2.85006332,8.50528145,8.4074173,0,13.3309927,2.85006332,6.3556838,0,,,,50
41461717,0.5,0.666666687,0.5,0.640010059,0.0644688606,0.0322344303,0,0,15.9304171,1.65883195,8.5444622,8.41586208,0,13.3095493,1.65883195,6.25121117,0,,,,50
41462844,0.5,0.833333313,0.5,0.640010059,0.0402930379,0.00805860758,0,0,15.9349623,1.65883195,8.55953121,8.41163921,0,13.3309927,1.65883195,6.25121117,0,,,,50
41463975,0.5,1,0.5,0.640010059,0.0322344303,0,0,0,15.9395075,0.686182439,8.53240585,8.43064213,0,13.3166971,0.686182439,6.11120081,0,,,,50
41465101,0.5,1,0.5,0.640010059,0.0322344303,0,0,0,15.9349623,0.686182439,8.52939224,8.43275356,0,13.3309927,0.686182439,6.11120081,0,,,,50
41466241,0.5,1,0.5,0.640010059,0.0241758227,0,0,0,15.9304171,-0.211570382,8.55953121,8.43275356,0,13.3238449,-0.211570382,5.97119093,0,,,,50
41467368,0.5,1,0.5,0.640010059,0.0241758227,0,0,0,15.9349623,-0.211570382,8.55048943,8.43908691,0,13.3309927,-0.211570382,5.97119093,0,,,,50
41468503,0.5,1,0.5,0.640010059,0.0241758227,0,0,0,15.9349623,-1.05732739,8.5444622,8.43697548,0,13.3095493,-1.05732739,5.83118105,0,,,,50
41469629,0.5,1,0.5,0.640010059,0.0241758227,0,0,0,15.9349623,-1.05732739,8.54144764,8.43697548,0,13.3309927,-1.05732739,5.83118105,0,,,,50
41470760,0.5,1,0.5,0.640010059,0.0241758227,0,0,0,15.9395075,-1.82978022,8.59268475,8.43486404,0,13.3238449,-1.82978022,5.69117117,0,,,,50
41471887,0.5,1,0.5,0.640010059,0.0241758227,0,0,0,15.9349623,-1.82978022,8.54747581,8.43486404,0,13.3238449,-1.82978022,5.69117117,0,,,,50
41473017,0.5,1,0.5,0.640010059,0.0322344303,0,0,0,15.9349623,-2.52169919,8.5444622,8.43697548,0,13.3238449,-2.52169919,5.55116129,0,,,,50
41474144,0.5,1,0.5,0.640010059,0.0322344303,0,0,0,15.9349623,-2.52169919,8.52939224,8.43486404,0,13.3309927,-2.52169919,5.55116129,0,,,,50
41475279,0.5,1,0.5,0.640010059,0.0483516455,0,0,0,15.9349623,-3.13408613,8.53843403,8.42853069,0,13.3166971,-3.13408613,5.41115141,0,,,,50
41476405,0.5,1,0.5,0.640010059,0.0483516455,0,0,0,15.9349623,-3.13408613,8.52637863,8.43275356,0,13.3238449,-3.13408613,5.41115141,0,,,,50
41477740,0.5,1,0.5,0.640010059,0.0483516455,0,0,0,15.9349623,-3.67258668,8.52035046,8.42853069,0,13.3166971,-3.67258668,5.27114153,0,,,,50
41478866,0.5,1,0.5,0.640010059,0.0402930379,0,0,0,15.9349623,-3.67258668,8.51432323,8.42008495,0,13.3238449,-3.67258668,5.27114153,0,,,,50
41479997,0.5,0.875,0.5,0.640010059,0.056410253,0.00805860758,0,0,15.9304171,-4.14516544,8.53542042,8.42008495,0,13.3238449,-4.14516544,5.13113165,0,,,,50
41481124,0.5,1,0.5,0.640010059,0.0725274682,0,0,0,15.9304171,-4.14516544,8.55350399,8.41163921,0,13.3309927,-4.14516544,5.13113165,0,,,,50
41482254,0.5,0.909090936,0.5,0.640010059,0.0805860758,0.00805860758,0,0,15.9304171,-4.56062126,8.50226688,8.41797352,0,13.3238449,-4.56062126,4.99112177,0,,,,50
41483385,0.5,0.75,0.5,0.640010059,0.0725274682,0.0241758227,0,0,15.9304171,-4.56062126,8.49925327,8.41163921,0,13.3309927,-4.56062126,4.99112177,0,,,,50
41484516,0.5,0.769230783,0.5,0.640010059,0.0805860758,0.0241758227,0,0,15.9304171,-4.92767429,8.49925327,8.40108299,0,13.3309927,-4.92767429,4.85111189,0,,,,50
41485652,0.5,0.785714269,0.5,0.640010059,0.0886446834,0.0241758227,0,0,15.9349623,-4.92767429,8.46609974,8.39897156,0,13.3238449,-4.92767429,4.85111189,0,,,,50
41486782,0.5,0.800000012,0.5,0.640010059,0.0967032909,0.0241758227,0,0,15.9349623,-5.25444174,8.51432323,8.39897156,0,13.3238449,-5.25444174,4.71110201,0,,,,50
41487909,0.5,0.800000012,0.5,0.633355439,0.0644688606,0.0161172152,0,0,15.9349623,-5.25444174,8.57761478,8.40319443,0,13.3309927,-5.25444174,4.71110201,0,,,,50
41489040,0.5,0.800000012,0.5,0.633355439,0.0644688606,0.0161172152,0,0,15.9349623,-5.53582144,8.55350399,8.4074173,0,13.3238449,-5.53582144,4.57774687,0,,,,50
41490166,0.5,0.875,0.5,0.633355439,0.056410253,0.00805860758,0,0,15.9349623,-5.53582144,8.54144764,8.40952778,0,13.3238449,-5.53582144,4.57774687,0,,,,50
41491302,0.5,0.875,0.5,0.633355439,0.056410253,0.00805860758,0,0,15.9304171,-5.76440763,8.50528145,8.42219639,0,13.3238449,-5.76440763,4.44439125,0,,,,50
41492429,0.5,0.899999976,0.5,0.633355439,0.0725274682,0.00805860758,0,0,15.9304171,-5.76440763,8.46308613,8.4074173,0,13.3238449,-5.76440763,4.44439125,0,,,,50
41493560,0.5,0.899999976,0.5,0.633355439,0.0725274682,0.00805860758,0,0,15.9304171,-5.95145178,8.49925327,8.40108299,0,13.3238449,-5.95145178,4.31103611,0,,,,50
41494686,0.5,0.785714269,0.5,0.633355439,0.0886446834,0.0241758227,0,0,15.9349623,-5.95145178,8.49623966,8.4074173,0,13.3309927,-5.95145178,4.31103611,0,,,,50
41495817,0.5,0.846153855,0.5,0.633355439,0.0886446834,0.0161172152,0,0,15.9349623,-6.11319351,8.47212791,8.41586208,0,13.3309927,-6.11319351,4.17768097,0,,,,50
41496944,0.5,0.714285731,0.5,0.633355439,0.0805860758,0.0322344303,0,0,15.9349623,-6.11319351,8.49925327,8.39686012,0,13.3309927,-6.11319351,4.17768097,0,,,,50
41498279,0.5,0.75,0.5,0.633355439,0.0725274682,0.0241758227,0,0,15.9304171,-6.26054716,8.51432323,8.3799696,0,13.3238449,-6.26054716,4.04432535,0,,,,50
41499410,0.5,0.769230783,0.5,0.633355439,0.0805860758,0.0241758227,0,0,15.9304171,-6.26054716,8.4932251,8.40319443,0,13.3309927,-6.26054716,4.04432535,0,,,,50
41500541,0.5,0.699999988,0.5,0.633355439,0.056410253,0.0241758227,0,0,15.9395075,-6.40071774,8.5444622,8.40952778,0,13.3095493,-6.40071774,3.91097021,0,,,,50
41501668,0.5,0.75,0.5,0.633355439,0.0725274682,0.0241758227,0,0,15.9349623,-6.40071774,8.56254578,8.4074173,0,13.3238449,-6.40071774,3.91097021,0,,,,50
41502799,0.5,0.769230783,0.5,0.633355439,0.0805860758,0.0241758227,0,0,15.9304171,-6.53831244,8.49623966,8.41163921,0,13.3166971,-6.53831244,3.77761507,0,,,,50
41503925,0.5,0.75,0.5,0.633355439,0.0725274682,0.0241758227,0,0,15.9304171,-6.53831244,8.44198895,8.40108299,0,13.3309927,-6.53831244,3.77761507,0,,,,50
41505056,0.5,0.636363626,0.5,0.633355439,0.056410253,0.0322344303,0,0,15.9304171,-6.67614222,8.47514153,8.4074173,0,13.3238449,-6.67614222,3.64425969,0,,,,50
41506197,0.5,0.75,0.5,0.633355439,0.0725274682,0.0241758227,0,0,15.9395075,-6.67614222,8.49925327,8.39897156,0,13.3309927,-6.67614222,3.64425969,0,,,,50
41507327,0.5,0.75,0.5,0.633355439,0.0725274682,0.0241758227,0,0,15.9304171,-6.81579781,8.5565176,8.40108299,0,13.3166971,-6.81579781,3.51090431,0,,,,50
41508454,0.5,0.75,0.5,0.633355439,0.0725274682,0.0241758227,0,0,15.9349623,-6.81579781,8.52035046,8.39897156,0,13.3309927,-6.81579781,3.51090431,0,,,,50
41509584,0.5,0.727272749,0.5,0.633355439,0.0644688606,0.0241758227,0,0,15.9349623,-6.95806217,8.52637863,8.40319443,0,13.3166971,-6.95806217,3.37754917,0,,,,50
41510711,0.5,0.800000012,0.5,0.633355439,0.0644688606,0.0161172152,0,0,15.9304171,-6.95806217,8.52939224,8.40530586,0,13.3309927,-6.95806217,3.37754917,0,,,,50
41511842,0.5,0.818181813,0.5,0.633355439,0.0725274682,0.0161172152,0,0,15.9349623,-7.10319996,8.44198895,8.41163921,0,13.3238449,-7.10319996,3.24419379,0,,,,50
41512968,0.5,0.800000012,0.5,0.633355439,0.0644688606,0.0161172152,0,0,15.9349623,-7.10319996,8.57460117,8.41163921,0,13.3238449,-7.10319996,3.24419379,0,,,,50
41514104,0.5,0.666666687,0.5,0.633355439,0.0483516455,0.0241758227,0,0,15.9349623,-7.25115919,8.43596077,8.39474869,0,13.3166971,-7.25115919,3.11083865,0,,,,50
41515230,0.5,0.600000024,0.5,0.633355439,0.0483516455,0.0322344303,0,0,15.9395075,-7.25115919,8.48418331,8.39686012,0,13.3238449,-7.25115919,3.11083865,0,,,,50
41516361,0.5,0.75,0.5,0.633355439,0.0725274682,0.0241758227,0,0,15.9258718,-7.40170717,8.4932251,8.40319443,0,13.3166971,-7.40170717,2.97748327,0,,,,50
41517487,0.5,0.692307711,0.5,0.633355439,0.0725274682,0.0322344303,0,0,15.9349623,-7.40170717,8.49623966,8.39686012,0,13.3024006,-7.40170717,2.97748327,0,,,,50
41518823,0.5,0.714285731,0.5,0.633355439,0.0805860758,0.0322344303,0,0,15.9304171,-7.55452251,8.46308613,8.40108299,0,13.3238449,-7.55452251,2.84412789,0,,,,50
41519949,0.5,0.714285731,0.5,0.633355439,0.0805860758,0.0322344303,0,0,15.9349623,-7.55452251,8.46609974,8.39263725,0,13.3238449,-7.55452251,2.84412789,0,,,,50
41521080,0.5,0.800000012,0.5,0.633355439,0.0967032909,0.0241758227,0,0,15.9304171,-7.70925188,8.47514153,8.40530586,0,13.3309927,-7.70925188,2.71077275,0,,,,50
41522212,0.5,0.833333313,0.5,0.633355439,0.120879114,0.0241758227,0,0,15.9304171,-7.70925188,8.48719788,8.39897156,0,13.3309927,-7.70925188,2.71077275,0,,,,50
41523343,0.5,0.823529422,0.5,0.633355439,0.112820506,0.0241758227,0,0,15.9304171,-7.86554718,8.48719788,8.39897156,0,13.3024006,-7.86554718,2.57741737,0,,,,50
41524470,0.5,0.764705896,0.5,0.633355439,0.104761899,0.0322344303,0,0,15.9304171,-7.86554718,8.47212791,8.39263725,0,13.3238449,-7.86554718,2.57741737,0,,,,50
41525610,0.5,0.777777791,0.5,0.633355439,0.112820506,0.0322344303,0,0,15.9395075,-8.02308464,8.4691143,8.39897156,0,13.3166971,-8.02308464,2.44406223,0,,,,50
41526736,0.5,0.722222209,0.5,0.633355439,0.104761899,0.0402930379,0,0,15.9304171,-8.02308464,8.49623966,8.39052582,0,13.3309927,-8.02308464,2.44406223,0,,,,50
41527868,0.5,0.764705896,0.5,0.633355439,0.104761899,0.0322344303,0,0,15.9304171,-8.18157482,8.4691143,8.39263725,0,13.3166971,-8.18157482,2.31070685,0,,,,50
41528994,0.5,0.722222209,0.5,0.633355439,0.104761899,0.0402930379,0,0,15.9304171,-8.18157482,8.47212791,8.38630295,0,13.3309927,-8.18157482,2.31070685,0,,,,50
41530129,0.5,0.736842096,0.5,0.633355439,0.112820506,0.0402930379,0,0,15.9304171,-8.34076977,8.48418331,8.40108299,0,13.3166971,-8.34076977,2.17735147,0,,,,50
41531256,0.5,0.800000012,0.5,0.633355439,0.128937721,0.0322344303,0,0,15.9304171,-8.34076977,8.46007252,8.40319443,0,13.3309927,-8.34076977,2.17735147,0,,,,50
41532387,0.5,0.800000012,0.5,0.633355439,0.128937721,0.0322344303,0,0,15.9349623,-8.50045681,8.4932251,8.39897156,0,13.3166971,-8.50045681,2.04399633,0,,,,50
41533513,0.5,0.777777791,0.5,0.633355439,0.112820506,0.0322344303,0,0,15.9304171,-8.50045681,8.46308613,8.39474869,0,13.3238449,-8.50045681,2.04399633,0,,,,50
41534645,0.5,0.800000012,0.5,0.633355439,0.128937721,0.0322344303,0,0,15.9304171,-8.66046047,8.46609974,8.39052582,0,13.3309927,-8.66046047,1.91064095,0,,,,50
41535771,0.5,0.842105269,0.5,0.633355439,0.128937721,0.0241758227,0,0,15.9304171,-8.66046047,8.4811697,8.39474869,0,13.3238449,-8.66046047,1.91064095,0,,,,50
41536907,0.5,0.727272749,0.5,0.633355439,0.128937721,0.0483516455,0,0,15.9304171,-8.82063866,8.44500256,8.38630295,0,13.3238449,-8.82063866,1.7772857,0,,,,50
41538033,0.5,0.772727251,0.5,0.633355439,0.136996329,0.0402930379,0,0,15.9258718,-8.82063866,8.45404434,8.39474869,0,13.3166971,-8.82063866,1.7772857,0,,,,50
41539164,0.5,0.818181813,0.5,0.633355439,0.145054936,0.0322344303,0,0,15.9304171,-8.98087502,8.41486359,8.39052582,0,13.3166971,-8.98087502,1.64393044,0,,,,50
41540495,0.5,0.720000029,0.5,0.633355439,0.145054936,0.056410253,0,0,15.9304171,-8.98087502,8.42993259,8.38841438,0,13.3238449,-8.98087502,1.64393044,0,,,,50
41541625,0.5,0.740740716,0.5,0.633355439,0.161172152,0.056410253,0,0,15.9304171,-9.14107704,8.4691143,8.39052582,0,13.3166971,-9.14107704,1.51057506,0,,,,50
41542752,0.5,0.75,0.5,0.633355439,0.145054936,0.0483516455,0,0,15.9304171,-9.14107704,8.43897438,8.38630295,0,13.3238449,-9.14107704,1.51057506,0,,,,50
41543883,0.5,0.708333313,0.5,0.633355439,0.136996329,0.056410253,0,0,15.9304171,-9.30117321,8.46308613,8.37574673,0,13.3238449,-9.30117321,1.3772198,0,,,,50
41545014,0.5,0.678571403,0.5,0.633355439,0.153113544,0.0725274682,0,0,15.9304171,-9.30117321,8.49021149,8.37574673,0,13.3238449,-9.30117321,1.3772198,0,,,,50
41546154,0.5,0.699999988,0.5,0.633355439,0.169230759,0.0725274682,0,0,15.9304171,-9.46110535,8.45404434,8.37363529,0,13.3166971,-9.46110535,1.24386454,0,,,,50
41547280,0.5,0.6875,0.5,0.633355439,0.177289367,0.0805860758,0,0,15.9349623,-9.46110535,8.32745934,8.36730099,0,13.3166971,-9.46110535,1.24386454,0,,,,50
41548411,0.5,0.638888896,0.5,0.633355439,0.185347974,0.104761899,0,0,15.9349623,-9.62083149,8.46609974,8.36941242,0,13.3095493,-9.62083149,1.11050928,0,,,,50
41549537,0.5,0.666666687,0.5,0.633355439,0.177289367,0.0886446834,0,0,15.9304171,-9.62083149,8.36061287,8.36518955,0,13.3238449,-9.62083149,1.11050928,0,,,,50
41550668,0.5,0.612903237,0.5,0.633355439,0.153113544,0.0967032909,0,0,15.9258718,-9.78031731,8.36965466,8.36307812,0,13.3238449,-9.78031731,0.977153957,0,,,,50
41551795,0.5,0.657142878,0.5,0.633355439,0.185347974,0.0967032909,0,0,15.9304171,-9.78031731,8.30636215,8.36730099,0,13.3095493,-9.78031731,0.977153957,0,,,,50
41552930,0.5,0.647058845,0.5,0.633355439,0.177289367,0.0967032909,0,0,15.9304171,-9.93953705,8.36362648,8.36518955,0,13.3238449,-9.93953705,0.843798637,0,,,,50
41554057,0.5,0.586206913,0.5,0.633355439,0.136996329,0.0967032909,0,0,15.9304171,-9.93953705,8.48719788,8.36518955,0,13.3095493,-9.93953705,0.843798637,0,,,,50
41555187,0.5,0.566666663,0.5,0.633355439,0.136996329,0.104761899,0,0,15.9349623,-10.0984726,8.54144764,8.36307812,0,13.3166971,-10.0984726,0.710443377,0,,,,50
41556314,0.5,0.612903237,0.5,0.633355439,0.153113544,0.0967032909,0,0,15.9304171,-10.0984726,8.52939224,8.36096668,0,13.3309927,-10.0984726,0.710443377,0,,,,50
41557445,0.5,0.606060624,0.5,0.633355439,0.161172152,0.104761899,0,0,15.9304171,-10.2571106,8.4811697,8.36307812,0,13.3095493,-10.2571106,0.577088058,0,,,,50
41558571,0.5,0.588235319,0.5,0.633355439,0.161172152,0.112820506,0,0,15.9258718,-10.2571106,8.32444572,8.35463333,0,13.3238449,-10.2571106,0.577088058,0,,,,50
41559707,0.5,0.688888907,0.5,0.633355439,0.249816835,0.112820506,0,0,15.9304171,-10.4154406,8.52035046,8.36730099,0,13.3095493,-10.4154406,0.443732768,0,,,,50
41561037,0.5,0.649999976,0.5,0.633355439,0.209523797,0.112820506,0,0,15.9304171,-10.4154406,8.29732037,8.35463333,0,13.3166971,-10.4154406,0.443732768,0,,,,50
41562169,0.5,0.575757563,0.5,0.633355439,0.153113544,0.112820506,0,0,15.9258718,-10.5734558,8.28225136,8.35463333,0,13.3095493,-10.5734558,0.310377479,0,,,,50
41563295,0.5,0.666666687,0.5,0.633355439,0.225641012,0.112820506,0,0,15.9304171,-10.5734558,8.36965466,8.35463333,0,13.3238449,-10.5734558,0.310377479,0,,,,50
41564426,0.5,0.529411793,0.5,0.633355439,0.145054936,0.128937721,0,0,15.9258718,-10.7311506,8.44500256,8.35885525,0,13.3166971,-10.7311506,0.177022174,0,,,,50
41565552,0.5,0.625,0.5,0.633355439,0.201465189,0.120879114,0,0,15.9304171,-10.7311506,8.40280819,8.36307812,0,13.3238449,-10.7311506,0.177022174,0,,,,50
41566692,0.5,0.470588237,0.5,0.633355439,0.128937721,0.145054936,0,0,15.9304171,-10.8885212,8.39678001,8.36518955,0,13.3095493,-10.8885212,0.043666888,0,,,,50
41567824,0.5,0.533333361,0.5,0.633355439,0.128937721,0.112820506,0,0,15.9304171,-10.8885212,8.37266827,8.35885525,0,13.3095493,-10.8885212,0.043666888,0,,,,50
41568955,0.5,0.473684222,0.5,0.633355439,0.145054936,0.161172152,0,0,15.9258718,-11.0455666,8.4811697,8.38630295,0,13.3238449,-11.0455666,-0.0896884054,0,,,,50
41570082,0.5,0.555555582,0.5,0.633355439,0.161172152,0.128937721,0,0,15.9258718,-11.0455666,8.57460117,8.38841438,0,13.3238449,-11.0455666,-0.0896884054,0,,,,50
41571212,0.5,0.465116292,0.5,0.633355439,0.161172152,0.185347974,0,0,15.9213276,-11.2022858,8.43294716,8.32296276,0,13.3166971,-11.2022858,-0.223043695,0,,,,50
41572339,0.5,0.67567569,0.5,0.633355439,0.201465189,0.0967032909,0,0,15.9304171,-11.2022858,8.45705795,8.29973793,0,13.3238449,-11.2022858,-0.223043695,0,,,,50
41573470,0.5,0.536585391,0.5,0.633355439,0.177289367,0.153113544,0,0,15.9258718,-11.3586769,8.46007252,8.36518955,0,13.3238449,-11.3586769,-0.356399,0,,,,50
41574597,0.5,0.522727251,0.5,0.633355439,0.185347974,0.169230759,0,0,15.9258718,-11.3586769,8.43897438,8.33774185,0,13.3166971,-11.3586769,-0.356399,0,,,,50
41575732,0.5,0.560975611,0.5,0.633355439,0.185347974,0.145054936,0,0,15.9258718,-11.51474,8.43596077,8.35463333,0,13.3166971,-11.51474,-0.489754289,0,,,,50
41576859,0.5,0.545454562,0.5,0.633355439,0.193406582,0.161172152,0,0,15.9258718,-11.51474,8.4178772,8.34407616,0,13.3309927,-11.51474,-0.489754289,0,,,,50
41577989,0.5,0.560975611,0.5,0.633355439,0.185347974,0.145054936,0,0,15.9213276,-11.670476,8.4178772,8.34829903,0,13.3095493,-11.670476,-0.623109579,0,,,,50
41579116,0.5,0.585365832,0.5,0.633355439,0.193406582,0.136996329,0,0,15.9213276,-11.670476,8.42390537,8.33351898,0,13.3238449,-11.670476,-0.623109579,0,,,,50
41580247,0.5,0.590909064,0.5,0.633355439,0.209523797,0.145054936,0,0,15.9258718,-11.8258839,8.4058218,8.3314085,0,13.3095493,-11.8258839,-0.756464899,0,,,,50
41581373,0.5,0.558139563,0.5,0.633355439,0.193406582,0.153113544,0,0,15.9213276,-11.8258839,8.4058218,8.33563042,0,13.3238449,-11.8258839,-0.756464899,0,,,,50
41582708,0.5,0.581395328,0.5,0.633355439,0.201465189,0.145054936,0,0,15.9258718,-11.9809666,8.38472462,8.33774185,0,13.3095493,-11.9809666,-0.889820158,0,,,,50
41583839,0.5,0.590909064,0.5,0.633355439,0.209523797,0.145054936,0,0,15.9213276,-11.9809666,8.43294716,8.33774185,0,13.3238449,-11.9809666,-0.889820158,0,,,,50
41584970,0.5,0.551020384,0.5,0.633355439,0.217582405,0.177289367,0,0,15.9258718,-12,8.39678001,8.33351898,0,13.3095493,-12.1357222,-0.950058639,0,,,,50
41586106,0.5,0.5625,0.5,0.633355439,0.217582405,0.169230759,0,0,15.9167824,-12,8.40280819,8.33774185,0,13.3166971,-12.1357222,-0.950058639,0,,,,50
41587236,0.5,0.571428597,0.5,0.633355439,0.225641012,0.169230759,0,0,15.9167824,-11.8682804,8.39979362,8.3314085,0,13.3095493,-11.8682804,-1.08341396,0,,,,50
41588363,0.5,0.529411793,0.5,0.633355439,0.217582405,0.193406582,0,0,15.9167824,-11.8682804,8.39979362,8.33774185,0,13.3238449,-11.8682804,-1.08341396,0,,,,50
41589494,0.5,0.543478251,0.5,0.633355439,0.201465189,0.169230759,0,0,15.9167824,-11.8013592,8.40280819,8.33563042,0,13.3166971,-11.8013592,-1.21676922,0,,,,50
41590625,0.5,0.595744669,0.5,0.633355439,0.225641012,0.153113544,0,0,15.9213276,-11.8013592,8.42089176,8.33351898,0,13.3095493,-11.8013592,-1.21676922,0,,,,50
41591756,0.5,0.560975611,0.5,0.633355439,0.185347974,0.145054936,0,0,15.9213276,-11.8638821,8.39075184,8.32718563,0,13.3095493,-11.8638821,-1.35012448,0,,,,50
41592883,0.5,0.5625,0.5,0.633355439,0.217582405,0.169230759,0,0,15.9167824,-11.8638821,8.41184998,8.33774185,0,13.3095493,-11.8638821,-1.35012448,0,,,,50
41594013,0.5,0.565217376,0.5,0.633355439,0.209523797,0.161172152,0,0,15.9213276,-12,8.40883541,8.33351898,0,13.3095493,-12.0061493,-1.48016703,0,,,,50
41595140,0.5,0.574468076,0.5,0.633355439,0.217582405,0.161172152,0,0,15.9213276,-12,8.4178772,8.3250742,0,13.3238449,-12.0061493,-1.48016703,0,,,,50
41596271,0.5,0.517857134,0.5,0.633355439,0.23369962,0.217582405,0,0,15.9213276,-12,8.40280819,8.3250742,0,13.3095493,-12.1759357,-1.51874125,0,,,,50
41597397,0.5,0.529411793,0.5,0.633355439,0.217582405,0.193406582,0,0,15.9122372,-12,8.38171005,8.33351898,0,13.3166971,-12.1759357,-1.51874125,0,,,,50
41598533,0.5,0.566037714,0.5,0.633355439,0.241758227,0.185347974,0,0,15.9167824,-11.8325348,8.41486359,8.32296276,0,13.3024006,-11.8325348,-1.65209663,0,,,,50
41599660,0.5,0.566037714,0.5,0.633355439,0.241758227,0.185347974,0,0,15.9122372,-11.8325348,8.37568283,8.32929707,0,13.3238449,-11.8325348,-1.65209663,0,,,,50
41600791,0.5,0.551020384,0.5,0.633355439,0.217582405,0.177289367,0,0,15.9167824,-11.765605,8.41184998,8.3314085,0,13.3095493,-11.765605,-1.78545189,0,,,,50
41601917,0.5,0.579999983,0.5,0.633355439,0.23369962,0.169230759,0,0,15.9213276,-11.765605,8.3937664,8.33985329,0,13.3238449,-11.765605,-1.78545189,0,,,,50
41603252,0.5,0.579999983,0.5,0.633355439,0.23369962,0.169230759,0,0,15.9167824,-11.8717833,8.39678001,8.3250742,0,13.3238449,-11.8717833,-1.91880727,0,,,,50
41604378,0.5,0.568627477,0.5,0.633355439,0.23369962,0.177289367,0,0,15.9122372,-11.8717833,8.38171005,8.32296276,0,13.3166971,-11.8717833,-1.91880727,0,,,,50
41605509,0.5,0.557692289,0.5,0.633355439,0.23369962,0.185347974,0,0,15.9213276,-12,8.38773823,8.32718563,0,13.3095493,-12.0798378,-2.00915217,0,,,,50
41606650,0.5,0.540000021,0.5,0.633355439,0.217582405,0.185347974,0,0,15.9167824,-12,8.39678001,8.32929707,0,13.3166971,-12.0798378,-2.00915217,0,,,,50
41607781,0.5,0.557692289,0.5,0.633355439,0.23369962,0.185347974,0,0,15.9258718,-12,8.4058218,8.32718563,0,13.3166971,-12.0948534,-2.09140778,0,,,,50
41608908,0.5,0.541666687,0.5,0.633355439,0.209523797,0.177289367,0,0,15.9213276,-12,8.39678001,8.33563042,0,13.3238449,-12.0948534,-2.09140778,0,,,,50
41610039,0.5,0.5625,0.5,0.633355439,0.217582405,0.169230759,0,0,15.9167824,-11.9578428,8.4058218,8.33774185,0,13.3166971,-11.9578428,-2.22476315,0,,,,50
41611165,0.5,0.53191489,0.5,0.633355439,0.201465189,0.177289367,0,0,15.9213276,-11.9578428,8.38472462,8.33774185,0,13.3238449,-11.9578428,-2.22476315,0,,,,50
41612297,0.5,0.583333313,0.5,0.633355439,0.225641012,0.161172152,0,0,15.9167824,-12,8.41486359,8.33774185,0,13.3166971,-12.0429869,-2.3349607,0,,,,50
41613423,0.5,0.53191489,0.5,0.633355439,0.201465189,0.177289367,0,0,15.9167824,-12,8.40280819,8.32929707,0,13.3238449,-12.0429869,-2.3349607,0,,,,50
41614559,0.5,0.574468076,0.5,0.633355439,0.217582405,0.161172152,0,0,15.9213276,-12,8.39678001,8.3314085,0,13.3166971,-12.1262655,-2.40029359,0,,,,50
41615685,0.5,0.568627477,0.5,0.633355439,0.23369962,0.177289367,0,0,15.9167824,-12,8.41184998,8.3314085,0,13.3238449,-12.1262655,-2.40029359,0,,,,50
41616816,0.5,0.551020384,0.5,0.633355439,0.217582405,0.177289367,0,0,15.9122372,-11.9519281,8.40280819,8.3314085,0,13.3095493,-11.9519281,-2.53364873,0,,,,50
41617943,0.5,0.571428597,0.5,0.633355439,0.225641012,0.169230759,0,0,15.9167824,-11.9519281,8.39678001,8.32929707,0,13.3238449,-11.9519281,-2.53364873,0,,,,50
41619074,0.5,0.568627477,0.5,0.633355439,0.23369962,0.177289367,0,0,15.9167824,-12,8.37568283,8.3314085,0,13.2952528,-12.0378008,-2.64663982,0,,,,50
41620201,0.5,0.53191489,0.5,0.633355439,0.201465189,0.177289367,0,0,15.9122372,-12,8.39075184,8.3250742,0,13.3238449,-12.0378008,-2.64663982,0,,,,50
41621336,0.5,0.529411793,0.5,0.633355439,0.217582405,0.193406582,0,0,15.9167824,-12,8.3937664,8.33563042,0,13.3166971,-12.1599569,-2.69382238,0,,,,50
41622463,0.5,0.529411793,0.5,0.633355439,0.217582405,0.193406582,0,0,15.9167824,-12,8.38171005,8.3250742,0,13.3238449,-12.1599569,-2.69382238,0,,,,50
41623798,0.5,0.555555582,0.5,0.633355439,0.241758227,0.193406582,0,0,15.9167824,-11.9231796,8.39075184,8.3250742,0,13.3238449,-11.9231796,-2.82717776,0,,,,50
41624924,0.5,0.576923072,0.5,0.633355439,0.241758227,0.177289367,0,0,15.9122372,-11.9231796,8.3937664,8.32929707,0,13.3166971,-11.9231796,-2.82717776,0,,,,50
41626064,0.5,0.540000021,0.5,0.633355439,0.217582405,0.185347974,0,0,15.9213276,-11.995697,8.40280819,8.32929707,0,13.3024006,-11.995697,-2.96053314,0,,,,50
41627191,0.5,0.583333313,0.5,0.633355439,0.225641012,0.161172152,0,0,15.9167824,-11.995697,8.38773823,8.32296276,0,13.3166971,-11.995697,-2.96053314,0,,,,50
41628322,0.5,0.537037015,0.5,0.633355439,0.23369962,0.201465189,0,0,15.9122372,-12,8.39678001,8.3250742,0,13.3166971,-12.2510977,-2.95861626,0,,,,50
41629453,0.5,0.581818163,0.5,0.633355439,0.257875443,0.185347974,0,0,15.9122372,-12,8.37266827,8.32296276,0,13.3238449,-12.2510977,-2.95861626,0,,,,50
41630584,0.5,0.576923072,0.5,0.633355439,0.241758227,0.177289367,0,0,15.9167824,-11.8239107,8.37266827,8.32296276,0,13.3095493,-11.8239107,-3.0919714,0,,,,50
41631711,0.5,0.545454562,0.5,0.633355439,0.241758227,0.201465189,0,0,15.9213276,-11.8239107,8.39678001,8.3250742,0,13.3166971,-11.8239107,-3.0919714,0,,,,50
41632842,0.5,0.540000021,0.5,0.633355439,0.217582405,0.185347974,0,0,15.9167824,-11.8116932,8.38773823,8.32296276,0,13.3095493,-11.8116932,-3.22532678,0,,,,50
41633968,0.5,0.618181825,0.5,0.633355439,0.273992658,0.169230759,0,0,15.9167824,-11.8116932,8.39979362,8.3314085,0,13.3238449,-11.8116932,-3.22532678,0,,,,50
41635099,0.5,0.560000002,0.5,0.633355439,0.225641012,0.177289367,0,0,15.9213276,-12,8.4058218,8.33351898,0,13.3166971,-12.0487328,-3.33242869,0,,,,50
41636226,0.5,0.568627477,0.5,0.633355439,0.23369962,0.177289367,0,0,15.9167824,-12,8.40280819,8.33774185,0,13.3024006,-12.0487328,-3.33242869,0,,,,50
41637361,0.5,0.560000002,0.5,0.633355439,0.225641012,0.177289367,0,0,15.9122372,-12,8.38773823,8.33351898,0,13.3166971,-12.2711964,-3.31968379,0,,,,50
41638488,0.5,0.571428597,0.5,0.633355439,0.225641012,0.169230759,0,0,15.9167824,-12,8.38773823,8.32718563,0,13.3238449,-12.2711964,-3.31968379,0,,,,50
41639618,0.5,0.553191483,0.5,0.633355439,0.209523797,0.169230759,0,0,15.9122372,-11.7873306,8.39075184,8.3314085,0,13.3024006,-11.7873306,-3.45303917,0,,,,50
41640745,0.5,0.566037714,0.5,0.633355439,0.241758227,0.185347974,0,0,15.9167824,-11.7873306,8.37568283,8.32718563,0,13.3166971,-11.7873306,-3.45303917,0,,,,50
41641876,0.5,0.576923072,0.5,0.633355439,0.241758227,0.177289367,0,0,15.9213276,-11.7700796,8.39678001,8.3250742,0,13.3166971,-11.7700796,-3.58639455,0,,,,50
41643003,0.5,0.571428597,0.5,0.633355439,0.257875443,0.193406582,0,0,15.9167824,-11.7700796,8.39979362,8.32718563,0,13.3238449,-11.7700796,-3.58639455,0,,,,50
41644133,0.5,0.519999981,0.5,0.633355439,0.209523797,0.193406582,0,0,15.9213276,-12,8.4058218,8.3314085,0,13.3095493,-12.0318537,-3.70258975,0,,,,50
41645469,0.5,0.540000021,0.5,0.633355439,0.217582405,0.185347974,0,0,15.9213276,-12,8.38773823,8.32718563,0,13.3166971,-12.0318537,-3.70258975,0,,,,50
41646609,0.5,0.596153855,0.5,0.633355439,0.249816835,0.169230759,0,0,15.9213276,-12,8.39075184,8.33563042,0,13.3166971,-12.346941,-3.64903951,0,,,,50
41647736,0.5,0.568627477,0.5,0.633355439,0.23369962,0.177289367,0,0,15.9167824,-12,8.39979362,8.32929707,0,13.3166971,-12.346941,-3.64903951,0,,,,50
41648866,0.5,0.561403513,0.5,0.633355439,0.257875443,0.201465189,0,0,15.907692,-11.7015696,8.39075184,8.32296276,0,13.3095493,-11.7015696,-3.78239489,0,,,,50
41649993,0.5,0.537037015,0.5,0.633355439,0.23369962,0.201465189,0,0,15.9167824,-11.7015696,8.39678001,8.3250742,0,13.3166971,-11.7015696,-3.78239489,0,,,,50
41651124,0.5,0.545454562,0.5,0.633355439,0.241758227,0.201465189,0,0,15.9213276,-11.6193829,8.39979362,8.33351898,0,13.3238449,-11.6193829,-3.91575027,0,,,,50
41652255,0.5,0.551020384,0.5,0.633355439,0.217582405,0.177289367,0,0,15.9167824,-11.6193829,8.40883541,8.33563042,0,13.3166971,-11.6193829,-3.91575027,0,,,,50
41653386,0.5,0.555555582,0.5,0.633355439,0.201465189,0.161172152,0,0,15.9213276,-11.875989,8.38773823,8.33774185,0,13.3166971,-11.875989,-4.04910564,0,,,,50
41654513,0.5,0.604166687,0.5,0.633355439,0.23369962,0.153113544,0,0,15.9167824,-11.875989,8.40280819,8.33563042,0,13.3238449,-11.875989,-4.04910564,0,,,,50
41655643,0.5,0.591836751,0.5,0.633355439,0.23369962,0.161172152,0,0,15.9167824,-12,8.41184998,8.32929707,0,13.3095493,-12.3193188,-4.01043606,0,,,,50
41656769,0.5,0.529411793,0.5,0.633355439,0.217582405,0.193406582,0,0,15.9167824,-12,8.39075184,8.32929707,0,13.3166971,-12.3193188,-4.01043606,0,,,,50
41657900,0.5,0.538461566,0.5,0.633355439,0.225641012,0.193406582,0,0,15.9167824,-11.8588448,8.37869644,8.3250742,0,13.3166971,-11.8588448,-4.14379168,0,,,,50
41659027,0.5,0.527272701,0.5,0.633355439,0.23369962,0.209523797,0,0,15.9167824,-11.8588448,8.38472462,8.32085133,0,13.3095493,-11.8588448,-4.14379168,0,,,,50
41660163,0.5,0.563636363,0.5,0.633355439,0.249816835,0.193406582,0,0,15.9122372,-11.897542,8.36664104,8.32296276,0,13.3024006,-11.897542,-4.27714682,0,,,,50
41661289,0.5,0.555555582,0.5,0.633355439,0.241758227,0.193406582,0,0,15.9122372,-11.897542,8.38171005,8.32718563,0,13.3166971,-11.897542,-4.27714682,0,,,,50
41662420,0.5,0.561403513,0.5,0.633355439,0.257875443,0.201465189,0,0,15.9167824,-12,8.37869644,8.32296276,0,13.3024006,-12.2305422,-4.28630352,0,,,,50
41663546,0.5,0.568627477,0.5,0.633355439,0.23369962,0.177289367,0,0,15.9122372,-12,8.39075184,8.31873989,0,13.3166971,-12.2305422,-4.28630352,0,,,,50
41664677,0.5,0.563636363,0.5,0.633355439,0.249816835,0.193406582,0,0,15.9122372,-12,8.38773823,8.31029415,0,13.3095493,-12.0031872,-4.41794157,0,,,,50
41666017,0.5,0.545454562,0.5,0.633355439,0.241758227,0.201465189,0,0,15.9122372,-12,8.36664104,8.31873989,0,13.3166971,-12.0031872,-4.41794157,0,,,,50
41667148,0.5,0.563636363,0.5,0.633355439,0.249816835,0.193406582,0,0,15.9122372,-12,8.36965466,8.32296276,0,13.3166971,-12.1752377,-4.45689201,0,,,,50
41668279,0.5,0.559322059,0.5,0.633355439,0.26593405,0.209523797,0,0,15.9122372,-12,8.37266827,8.31662846,0,13.3166971,-12.1752377,-4.45689201,0,,,,50
41669410,0.5,0.540983617,0.5,0.633355439,0.26593405,0.225641012,0,0,15.9122372,-12,8.36965466,8.31240559,0,13.3166971,-12.0407801,-4.56827831,0,,,,50
41670537,0.5,0.535714269,0.5,0.633355439,0.241758227,0.209523797,0,0,15.9122372,-12,8.36362648,8.31240559,0,13.3095493,-12.0407801,-4.56827831,0,,,,50
41671668,0.5,0.564516127,0.5,0.633355439,0.282051265,0.217582405,0,0,15.907692,-12,8.32444572,8.31451702,0,13.3024006,-12.1582546,-4.61637831,0,,,,50
41672794,0.5,0.55737704,0.5,0.633355439,0.273992658,0.217582405,0,0,15.907692,-12,8.36061287,8.30184937,0,13.3166971,-12.1582546,-4.61637831,0,,,,50
41673925,0.5,0.564516127,0.5,0.633355439,0.282051265,0.217582405,0,0,15.9122372,-12,8.36965466,8.32085133,0,13.3024006,-12.0559654,-4.71958351,0,,,,50
41675052,0.5,0.54838711,0.5,0.633355439,0.273992658,0.225641012,0,0,15.907692,-12,8.35759926,8.30607224,0,13.3095493,-12.0559654,-4.71958351,0,,,,50
41676187,0.5,0.54838711,0.5,0.633355439,0.273992658,0.225641012,0,0,15.9122372,-12,8.37568283,8.31029415,0,13.3166971,-12.1543951,-4.76976299,0,,,,50
41677314,0.5,0.55737704,0.5,0.633355439,0.273992658,0.217582405,0,0,15.907692,-12,8.36061287,8.30818272,0,13.3238449,-12.1543951,-4.76976299,0,,,,50
41678445,0.5,0.564516127,0.5,0.633355439,0.282051265,0.217582405,0,0,15.9122372,-12,8.35759926,8.31662846,0,13.3024006,-12.0632677,-4.86903477,0,,,,50
41679572,0.5,0.550000012,0.5,0.633355439,0.26593405,0.217582405,0,0,15.9122372,-12,8.37568283,8.31451702,0,13.3166971,-12.0632677,-4.86903477,0,,,,50
41680703,0.5,0.55737704,0.5,0.633355439,0.273992658,0.217582405,0,0,15.907692,-12,8.35458469,8.31240559,0,13.3095493,-12.1550388,-4.91886663,0,,,,50
41681829,0.5,0.539682567,0.5,0.633355439,0.273992658,0.23369962,0,0,15.907692,-12,8.35759926,8.30607224,0,13.3166971,-12.1550388,-4.91886663,0,,,,50
41682965,0.5,0.55737704,0.5,0.633355439,0.273992658,0.217582405,0,0,15.907692,-12,8.3425293,8.30818272,0,13.3166971,-12.0677662,-5.01571512,0,,,,50
41684092,0.5,0.532258093,0.5,0.633355439,0.26593405,0.23369962,0,0,15.907692,-12,8.34554291,8.29973793,0,13.3166971,-12.0677662,-5.01571512,0,,,,50
41685222,0.5,0.538461566,0.5,0.633355439,0.282051265,0.241758227,0,0,15.907692,-12,8.35458469,8.3039608,0,13.3024006,-12.1571913,-5.06438732,0,,,,50
41686358,0.5,0.545454562,0.5,0.633355439,0.290109873,0.241758227,0,0,15.907692,-12,8.33951569,8.29973793,0,13.3166971,-12.1571913,-5.06438732,0,,,,50
41687692,0.5,0.55384618,0.5,0.633355439,0.290109873,0.23369962,0,0,15.907692,-12,8.34855747,8.29973793,0,13.3024006,-12.0712318,-5.15936852,0,,,,50
41688819,0.5,0.555555582,0.5,0.633355439,0.282051265,0.225641012,0,0,15.907692,-12,8.35759926,8.3039608,0,13.3095493,-12.0712318,-5.15936852,0,,,,50
41689950,0.5,0.560606062,0.5,0.633355439,0.29816848,0.23369962,0,0,15.907692,-12,8.37266827,8.3039608,0,13.3024006,-12.1598129,-5.2066288,0,,,,50
41691081,0.5,0.566666663,0.5,0.633355439,0.273992658,0.209523797,0,0,15.9122372,-12,8.37869644,8.31662846,0,13.2952528,-12.1598129,-5.2066288,0,,,,50
41692213,0.5,0.566666663,0.5,0.633355439,0.273992658,0.209523797,0,0,15.907692,-12,8.35759926,8.3039608,0,13.3166971,-12.0742826,-5.29996634,0,,,,50
41693339,0.5,0.54838711,0.5,0.633355439,0.273992658,0.225641012,0,0,15.907692,-12,8.38171005,8.3039608,0,13.3166971,-12.0742826,-5.29996634,0,,,,50
41694470,0.5,0.532258093,0.5,0.633355439,0.26593405,0.23369962,0,0,15.907692,-12,8.3425293,8.30607224,0,13.3024006,-12.1625433,-5.34575605,0,,,,50
41695597,0.5,0.569230795,0.5,0.633355439,0.29816848,0.225641012,0,0,15.907692,-12,8.33650112,8.30607224,0,13.3166971,-12.1625433,-5.34575605,0,,,,50
41696727,0.5,0.546875,0.5,0.633355439,0.282051265,0.23369962,0,0,15.907692,-12,8.33951569,8.29973793,0,13.3166971,-12.0771351,-5.43755674,0,,,,50
41697854,0.5,0.523809552,0.5,0.633355439,0.26593405,0.241758227,0,0,15.907692,-12,8.35157108,8.29973793,0,13.3024006,-12.0771351,-5.43755674,0,,,,50
41698990,0.5,0.538461566,0.5,0.633355439,0.282051265,0.241758227,0,0,15.907692,-12,8.36362648,8.29973793,0,13.3166971,-12.1652575,-5.481884,0,,,,50
41700117,0.5,0.555555582,0.5,0.633355439,0.282051265,0.225641012,0,0,15.9031467,-12,8.34855747,8.30607224,0,13.3024006,-12.1652575,-5.481884,0,,,,50
41701247,0.5,0.569230795,0.5,0.633355439,0.29816848,0.225641012,0,0,15.907692,-12,8.32745934,8.31029415,0,13.3095493,-12.0798664,-5.57221317,0,,,,50
41702374,0.5,0.54838711,0.5,0.633355439,0.273992658,0.225641012,0,0,15.907692,-12,8.34855747,8.30184937,0,13.3166971,-12.0798664,-5.57221317,0,,,,50
41703505,0.5,0.537313461,0.5,0.633355439,0.290109873,0.249816835,0,0,15.907692,-12,8.33348751,8.30184937,0,13.3166971,-12.1679153,-5.61510849,0,,,,50
41704631,0.5,0.537313461,0.5,0.633355439,0.290109873,0.249816835,0,0,15.9031467,-12,8.3425293,8.2976265,0,13.3095493,-12.1679153,-5.61510849,0,,,,50
41705776,0.5,0.552238822,0.5,0.633355439,0.29816848,0.241758227,0,0,15.9031467,-12,8.33650112,8.29973793,0,13.3166971,-12.0825043,-5.70401669,0,,,,50
41706902,0.5,0.537313461,0.5,0.633355439,0.290109873,0.249816835,0,0,15.907692,-12,8.34554291,8.2976265,0,13.3166971,-12.0825043,-5.70401669,0,,,,50
41708237,0.5,0.558823526,0.5,0.633355439,0.306227088,0.241758227,0,0,15.907692,-12,8.35157108,8.2976265,0,13.3166971,-12.1705027,-5.74551821,0,,,,50
41709363,0.5,0.545454562,0.5,0.633355439,0.290109873,0.241758227,0,0,15.907692,-12,8.3425293,8.29973793,0,13.3166971,-12.1705027,-5.74551821,0,,,,50
41710494,0.5,0.546875,0.5,0.633355439,0.282051265,0.23369962,0,0,15.907692,-12,8.3304739,8.29973793,0,13.3024006,-12.0850611,-5.83304882,0,,,,50
41711620,0.5,0.558823526,0.5,0.633355439,0.306227088,0.241758227,0,0,15.907692,-12,8.33951569,8.29340363,0,13.3166971,-12.0850611,-5.83304882,0,,,,50
41712751,0.5,0.545454562,0.5,0.633355439,0.290109873,0.241758227,0,0,15.907692,-12,8.33951569,8.29973793,0,13.3095493,-12.1730175,-5.87319565,0,,,,50
41713883,0.5,0.550724626,0.5,0.633355439,0.306227088,0.249816835,0,0,15.9031467,-12,8.33650112,8.29129219,0,13.288105,-12.1730175,-5.87319565,0,,,,50
41715014,0.5,0.54411763,0.5,0.633355439,0.29816848,0.249816835,0,0,15.9031467,-12,8.33650112,8.2976265,0,13.3024006,-12.0875416,-5.95939016,0,,,,50
41716140,0.5,0.558823526,0.5,0.633355439,0.306227088,0.241758227,0,0,15.907692,-12,8.3425293,8.29973793,0,13.3166971,-12.0875416,-5.95939016,0,,,,50
41717271,0.5,0.54285717,0.5,0.633355439,0.306227088,0.257875443,0,0,15.907692,-12,8.33951569,8.2976265,0,13.2952528,-12.1754599,-5.9982214,0,,,,50
41718397,0.5,0.540540516,0.5,0.633355439,0.322344303,0.273992658,0,0,15.9031467,-12,8.3425293,8.29129219,0,13.3238449,-12.1754599,-5.9982214,0,,,,50
41719528,0.5,0.537313461,0.5,0.633355439,0.290109873,0.249816835,0,0,15.907692,-12,8.3425293,8.28495789,0,13.3024006,-12.0899487,-6.08311892,0,,,,50
41720655,0.5,0.557142854,0.5,0.633355439,0.314285696,0.249816835,0,0,15.9031467,-12,8.33348751,8.29129219,0,13.3095493,-12.0899487,-6.08311892,0,,,,50
41721791,0.5,0.54411763,0.5,0.633355439,0.29816848,0.249816835,0,0,15.907692,-12,8.3304739,8.29129219,0,13.3024006,-12.1778316,-6.1206727,0,,,,50
41722917,0.5,0.571428597,0.5,0.633355439,0.322344303,0.241758227,0,0,15.9031467,-12,8.3304739,8.29340363,0,13.3166971,-12.1778316,-6.1206727,0,,,,50
41724048,0.5,0.558823526,0.5,0.633355439,0.306227088,0.241758227,0,0,15.9031467,-12,8.32143211,8.28918076,0,13.3095493,-12.0922852,-6.20431137,0,,,,50
41725174,0.5,0.541666687,0.5,0.633355439,0.314285696,0.26593405,0,0,15.9031467,-12,8.33348751,8.28495789,0,13.3095493,-12.0922852,-6.20431137,0,,,,50
41726315,0.5,0.546666682,0.5,0.633355439,0.330402911,0.273992658,0,0,15.9031467,-12,8.31239033,8.27862453,0,13.3024006,-12.1801338,-6.2406249,0,,,,50
41727442,0.5,0.545454562,0.5,0.633355439,0.338461518,0.282051265,0,0,15.8986015,-12,8.32745934,8.26595592,0,13.3095493,-12.1801338,-6.2406249,0,,,,50
41728777,0.5,0.545454562,0.5,0.633355439,0.338461518,0.282051265,0,0,15.8986015,-12,8.30636215,8.27862453,0,13.3166971,-12.0945539,-6.32304192,0,,,,50
41729908,0.5,0.550000012,0.5,0.633355439,0.354578733,0.290109873,0,0,15.8986015,-12,8.31540394,8.27017879,0,13.3095493,-12.0945539,-6.32304192,0,,,,50
41731039,0.5,0.546666682,0.5,0.633355439,0.330402911,0.273992658,0,0,15.9031467,-12,8.31841755,8.27440166,0,13.3024006,-12.1823683,-6.35815096,0,,,,50
41732165,0.5,0.538461566,0.5,0.633355439,0.338461518,0.290109873,0,0,15.9031467,-12,8.30937672,8.2765131,0,13.3095493,-12.1823683,-6.35815096,0,,,,50
41733296,0.5,0.539473712,0.5,0.633355439,0.330402911,0.282051265,0,0,15.8986015,-12,8.31239033,8.27440166,0,13.2952528,-12.096756,-6.4393816,0,,,,50
41734423,0.5,0.554216862,0.5,0.633355439,0.370695949,0.29816848,0,0,15.8986015,-12,8.29732037,8.27229023,0,13.3095493,-12.096756,-6.4393816,0,,,,50
41735554,0.5,0.551282048,0.5,0.633355439,0.346520126,0.282051265,0,0,15.8986015,-12,8.31239033,8.27229023,0,13.3024006,-12.1845379,-6.47332144,0,,,,50
41736685,0.5,0.546666682,0.5,0.633355439,0.330402911,0.273992658,0,0,15.8986015,-12,8.30636215,8.28495789,0,13.3095493,-12.1845379,-6.47332144,0,,,,50
41737816,0.5,0.539473712,0.5,0.633355439,0.330402911,0.282051265,0,0,15.8986015,-12,8.31540394,8.27862453,0,13.2952528,-12.0988941,-6.55340052,0,,,,50
41738942,0.5,0.552631557,0.5,0.633355439,0.338461518,0.273992658,0,0,15.9031467,-12,8.31540394,8.28073597,0,13.3095493,-12.0988941,-6.55340052,0,,,,50
41740073,0.5,0.543209851,0.5,0.633355439,0.354578733,0.29816848,0,0,15.9031467,-12,8.30334854,8.28284645,0,13.3024006,-12.1866446,-6.58620596,0,,,,50
41741200,0.5,0.530864179,0.5,0.633355439,0.346520126,0.306227088,0,0,15.8986015,-12,8.29430676,8.28284645,0,13.3095493,-12.1866446,-6.58620596,0,,,,50
41742331,0.5,0.545454562,0.5,0.633355439,0.338461518,0.282051265,0,0,15.9031467,-12,8.32143211,8.27862453,0,13.3024006,-12.1009693,-6.66516685,0,,,,50
41743458,0.5,0.546666682,0.5,0.633355439,0.330402911,0.273992658,0,0,15.9031467,-12,8.32143211,8.28495789,0,13.288105,-12.1009693,-6.66516685,0,,,,50
41744594,0.5,0.538461566,0.5,0.633355439,0.338461518,0.290109873,0,0,15.8986015,-12,8.32444572,8.28073597,0,13.3095493,-12.1886892,-6.69687033,0,,,,50
41745729,0.5,0.546666682,0.5,0.633355439,0.330402911,0.273992658,0,0,15.8986015,-12,8.30636215,8.2765131,0,13.3095493,-12.1886892,-6.69687033,0,,,,50
41746860,0.5,0.543209851,0.5,0.633355439,0.354578733,0.29816848,0,0,15.9031467,-12,8.31540394,8.28073597,0,13.3024006,-12.1029844,-6.77474594,0,,,,50
41747986,0.5,0.551282048,0.5,0.633355439,0.346520126,0.282051265,0,0,15.8986015,-12,8.30033493,8.27862453,0,13.3095493,-12.1029844,-6.77474594,0,,,,50
41749118,0.5,0.565789461,0.5,0.633355439,0.346520126,0.26593405,0,0,15.8986015,-12,8.31540394,8.28073597,0,13.3095493,-12.1906748,-6.80537987,0,,,,50
41750448,0.5,0.547945201,0.5,0.633355439,0.322344303,0.26593405,0,0,15.9031467,-12,8.32745934,8.28706932,0,13.3166971,-12.1906748,-6.80537987,0,,,,50
41751580,0.5,0.541666687,0.5,0.633355439,0.314285696,0.26593405,0,0,15.9031467,-12,8.3304739,8.28495789,0,13.3095493,-12.1049404,-6.88220167,0,,,,50
41752711,0.5,0.552631557,0.5,0.633355439,0.338461518,0.273992658,0,0,15.9031467,-12,8.33650112,8.27862453,0,13.3095493,-12.1049404,-6.88220167,0,,,,50
41753841,0.5,0.539473712,0.5,0.633355439,0.330402911,0.282051265,0,0,15.9031467,-12,8.31540394,8.28284645,0,13.3024006,-12.1926022,-6.91179752,0,,,,50
41754968,0.5,0.534246564,0.5,0.633355439,0.314285696,0.273992658,0,0,15.9031467,-12,8.32745934,8.28706932,0,13.3095493,-12.1926022,-6.91179752,0,,,,50
41756098,0.5,0.527027011,0.5,0.633355439,0.314285696,0.282051265,0,0,15.907692,-12,8.31239033,8.28495789,0,13.3024006,-12.1068392,-6.98759604,0,,,,50
41757225,0.5,0.541666687,0.5,0.633355439,0.314285696,0.26593405,0,0,15.9031467,-12,8.32143211,8.29340363,0,13.3095493,-12.1068392,-6.98759604,0,,,,50
41758356,0.5,0.561643839,0.5,0.633355439,0.330402911,0.257875443,0,0,15.9031467,-12,8.32143211,8.28495789,0,13.3095493,-12.1944733,-7.01618385,0,,,,50
41759482,0.5,0.551282048,0.5,0.633355439,0.346520126,0.282051265,0,0,15.8986015,-12,8.31239033,8.28073597,0,13.3095493,-12.1944733,-7.01618385,0,,,,50
41760618,0.5,0.538461566,0.5,0.633355439,0.338461518,0.290109873,0,0,15.9031467,-12,8.31239033,8.27862453,0,13.3095493,-12.1086836,-7.09098911,0,,,,50
41761745,0.5,0.558441579,0.5,0.633355439,0.346520126,0.273992658,0,0,15.8986015,-12,8.30937672,8.27862453,0,13.288105,-12.1086836,-7.09098911,0,,,,50
41762876,0.5,0.546666682,0.5,0.633355439,0.330402911,0.273992658,0,0,15.8986015,-12,8.31239033,8.27862453,0,13.3024006,-12.19629,-7.11859798,0,,,,50
41764003,0.5,0.526315808,0.5,0.633355439,0.322344303,0.290109873,0,0,15.8986015,-12,8.31239033,8.27862453,0,13.3095493,-12.19629,-7.11859798,0,,,,50
41765134,0.5,0.531645596,0.5,0.633355439,0.338461518,0.29816848,0,0,15.8986015,-12,8.31841755,8.28073597,0,13.2952528,-12.1104727,-7.19243908,0,,,,50
41766269,0.5,0.536585391,0.5,0.633355439,0.354578733,0.306227088,0,0,15.8986015,-12,8.29129314,8.27440166,0,13.3095493,-12.1104727,-7.19243908,0,,,,50
41767405,0.5,0.551282048,0.5,0.633355439,0.346520126,0.282051265,0,0,15.9031467,-12,8.29732037,8.27017879,0,13.3095493,-12.1980534,-7.21909809,0,,,,50
41768532,0.5,0.544303775,0.5,0.633355439,0.346520126,0.290109873,0,0,15.8986015,-12,8.29732037,8.27862453,0,13.3095493,-12.1980534,-7.21909809,0,,,,50
41769662,0.5,0.540540516,0.5,0.633355439,0.322344303,0.273992658,0,0,15.8986015,-12,8.28827858,8.27440166,0,13.3024006,-12.1122112,-7.29200268,0,,,,50
41770993,0.5,0.535714269,0.5,0.633355439,0.362637341,0.314285696,0,0,15.8940573,-12,8.32143211,8.26595592,0,13.3095493,-12.1122112,-7.29200268,0,,,,50
41772124,0.5,0.567901254,0.5,0.633355439,0.370695949,0.282051265,0,0,15.8940573,-12,8.30033493,8.27017879,0,13.2952528,-12.1997662,-7.31773949,0,,,,50
41773251,0.5,0.54651165,0.5,0.633355439,0.378754556,0.314285696,0,0,15.8986015,-12,8.30033493,8.26384449,0,13.3095493,-12.1997662,-7.31773949,0,,,,50
41774381,0.5,0.571428597,0.5,0.633355439,0.386813164,0.290109873,0,0,15.8986015,-12,8.28827858,8.2765131,0,13.3095493,-12.1138983,-7.3897357,0,,,,50
41775513,0.5,0.548780501,0.5,0.633355439,0.362637341,0.29816848,0,0,15.8986015,-12,8.30636215,8.27229023,0,13.3095493,-12.1138983,-7.3897357,0,,,,50
41776644,0.5,0.559523821,0.5,0.633355439,0.378754556,0.29816848,0,0,15.8986015,-12,8.28827858,8.27440166,0,13.2952528,-12.2014284,-7.41457653,0,,,,50
41777770,0.5,0.543209851,0.5,0.633355439,0.354578733,0.29816848,0,0,15.8986015,-12,8.29129314,8.2765131,0,13.3095493,-12.2014284,-7.41457653,0,,,,50
41778901,0.5,0.512820542,0.5,0.633355439,0.322344303,0.306227088,0,0,15.8986015,-12,8.28225136,8.27862453,0,13.2952528,-12.1155357,-7.48569012,0,,,,50
41780028,0.5,0.552631557,0.5,0.633355439,0.338461518,0.273992658,0,0,15.8940573,-12,8.30033493,8.26595592,0,13.3095493,-12.1155357,-7.48569012,0,,,,50
41781159,0.5,0.547619045,0.5,0.633355439,0.370695949,0.306227088,0,0,15.8940573,-12,8.28526497,8.2765131,0,13.3095493,-12.203042,-7.50966167,0,,,,50
41782285,0.5,0.541176498,0.5,0.633355439,0.370695949,0.314285696,0,0,15.8986015,-12,8.27622318,8.26173306,0,13.3095493,-12.203042,-7.50966167,0,,,,50
41783421,0.5,0.576470613,0.5,0.633355439,0.394871771,0.290109873,0,0,15.8986015,-12,8.33348751,8.26384449,0,13.3095493,-12.1171265,-7.57991886,0,,,,50
41784548,0.5,0.518518507,0.5,0.633355439,0.338461518,0.314285696,0,0,15.8986015,-12,8.30033493,8.26595592,0,13.3024006,-12.1171265,-7.57991886,0,,,,50
41785688,0.5,0.547619045,0.5,0.633355439,0.370695949,0.306227088,0,0,15.8940573,-12,8.28827858,8.26173306,0,13.3024006,-12.2046089,-7.60304642,0,,,,50
41786814,0.5,0.611111104,0.5,0.633355439,0.443223417,0.282051265,0,0,15.8940573,-12,8.27923679,8.24695396,0,13.3166971,-12.2046089,-7.60304642,0,,,,50
41787945,0.5,0.541176498,0.5,0.633355439,0.370695949,0.314285696,0,0,15.8986015,-12,8.30334854,8.27862453,0,13.3095493,-12.1186705,-7.67247152,0,,,,50
41789071,0.5,0.534090936,0.5,0.633355439,0.378754556,0.330402911,0,0,15.8986015,-12,8.27622318,8.26173306,0,13.2952528,-12.1186705,-7.67247152,0,,,,50
41790202,0.5,0.542168677,0.5,0.633355439,0.362637341,0.306227088,0,0,15.8940573,-12,8.30636215,8.26384449,0,13.2952528,-12.20613,-7.6947794,0,,,,50
41791333,0.5,0.541176498,0.5,0.633355439,0.370695949,0.314285696,0,0,15.8940573,-12,8.27923679,8.27229023,0,13.3095493,-12.20613,-7.6947794,0,,,,50
41792668,0.5,0.520833313,0.5,0.633355439,0.402930379,0.370695949,0,0,15.8986015,-12,8.30334854,8.2490654,0,13.3024006,-12.1201687,-7.76339674,0,,,,50
41793795,0.5,0.529411793,0.5,0.633355439,0.362637341,0.322344303,0,0,15.8940573,-12,8.27019501,8.27440166,0,13.3095493,-12.1201687,-7.76339674,0,,,,50
41794925,0.5,0.505494535,0.5,0.633355439,0.370695949,0.362637341,0,0,15.8895121,-12,8.27320957,8.23428535,0,13.2952528,-12.2076073,-7.78490925,0,,,,50
41796052,0.5,0.481481493,0.5,0.633355439,0.314285696,0.338461518,0,0,15.8895121,-12,8.20087528,8.2490654,0,13.288105,-12.2076073,-7.78490925,0,,,,50
41797183,0.5,0.541666687,0.5,0.633355439,0.419047594,0.354578733,0,0,15.8895121,-12,8.21895885,8.2553997,0,13.3024006,-12.121624,-7.85274267,0,,,,50
41798314,0.5,0.575471699,0.5,0.633355439,0.491575062,0.362637341,0,0,15.8895121,-12,8.29430676,8.24484253,0,13.3095493,-12.121624,-7.85274267,0,,,,50
41799445,0.5,0.487179488,0.5,0.633355439,0.306227088,0.322344303,0,0,15.8849669,-12,8.16772175,8.24061966,0,13.3095493,-12.2090406,-7.8734827,0,,,,50
41800572,0.5,0.552083313,0.5,0.633355439,0.427106202,0.346520126,0,0,15.8895121,-12,8.255126,8.23639679,0,13.3095493,-12.2090406,-7.8734827,0,,,,50
41801702,0.5,0.567307711,0.5,0.633355439,0.475457847,0.362637341,0,0,15.8940573,-12,8.33951569,8.2490654,0,13.2952528,-12.1230373,-7.9405551,0,,,,50
41802830,0.5,0.560439587,0.5,0.633355439,0.410988986,0.322344303,0,0,15.8895121,-12,8.37869644,8.24273109,0,13.3095493,-12.1230373,-7.9405551,0,,,,50
41803961,0.5,0.516129017,0.5,0.633355439,0.386813164,0.362637341,0,0,15.8940573,-12,8.3425293,8.23428535,0,13.3024006,-12.210433,-7.96054506,0,,,,50
41805087,0.5,0.550000012,0.5,0.633355439,0.443223417,0.362637341,0,0,15.8849669,-12,8.1797781,8.24484253,0,13.3095493,-12.210433,-7.96054506,0,,,,50
41806232,0.5,0.632653058,0.5,0.633355439,0.49963367,0.290109873,0,0,15.8940573,-12,8.28827858,8.25962162,0,13.2952528,-12.1244087,-8.02687836,0,,,,50
41807358,0.5,0.494252861,0.5,0.633355439,0.346520126,0.354578733,0,0,15.8895121,-12,8.27622318,8.27862453,0,13.3095493,-12.1244087,-8.02687836,0,,,,50
41808489,0.5,0.474999994,0.5,0.633355439,0.306227088,0.338461518,0,0,15.8895121,-12,8.13758278,8.2490654,0,13.2952528,-12.2117853,-8.04613972,0,,,,50
41809615,0.5,0.556701005,0.5,0.633355439,0.435164809,0.346520126,0,0,15.8895121,-12,8.27622318,8.25117683,0,13.3095493,-12.2117853,-8.04613972,0,,,,50
41810746,0.5,0.582417607,0.5,0.633355439,0.427106202,0.306227088,0,0,15.8986015,-12,8.36965466,8.2490654,0,13.3024006,-12.125741,-8.11175632,0,,,,50
41811873,0.5,0.532467544,0.5,0.633355439,0.330402911,0.290109873,0,0,15.8895121,-12,8.255126,8.27229023,0,13.3024006,-12.125741,-8.11175632,0,,,,50
41813208,0.5,0.5,0.5,0.633355439,0.330402911,0.330402911,0,0,15.8849669,-12,8.33650112,8.26173306,0,13.3024006,-12.2130976,-8.13031101,0,,,,50
41814339,0.5,0.444444448,0.5,0.633355439,0.290109873,0.362637341,0,0,15.8895121,-12,8.32143211,8.25117683,0,13.3095493,-12.2130976,-8.13031101,0,,,,50
41815470,0.5,0.548780501,0.5,0.633355439,0.362637341,0.29816848,0,0,15.8940573,-12,8.33951569,8.25751019,0,13.2952528,-12.1270342,-8.19522953,0,,,,50
41816597,0.5,0.538461566,0.5,0.633355439,0.338461518,0.290109873,0,0,15.8986015,-12,8.31540394,8.23639679,0,13.3095493,-12.1270342,-8.19522953,0,,,,50
41817728,0.5,0.532608688,0.5,0.633355439,0.394871771,0.346520126,0,0,15.8895121,-12,8.29430676,8.24695396,0,13.288105,-12.2143717,-8.21309757,0,,,,50
41818854,0.5,0.611650467,0.5,0.633355439,0.507692277,0.322344303,0,0,15.8986015,-12,8.21895885,8.24273109,0,13.3095493,-12.2143717,-8.21309757,0,,,,50
41819985,0.5,0.5,0.5,0.633355439,0.314285696,0.314285696,0,0,15.8940573,-12,8.1797781,8.26384449,0,13.3095493,-12.1282902,-8.27734089,0,,,,50
41821112,0.5,0.608247399,0.5,0.633355439,0.475457847,0.306227088,0,0,15.8940573,-12,8.16772175,8.25751019,0,13.3095493,-12.1282902,-8.27734089,0,,,,50
41822248,0.5,0.532608688,0.5,0.633355439,0.394871771,0.346520126,0,0,15.8895121,-12,8.26416779,8.24695396,0,13.3024006,-12.2156086,-8.29454231,0,,,,50
41823374,0.5,0.5,0.5,0.633355439,0.338461518,0.338461518,0,0,15.8849669,-12,8.25813961,8.2490654,0,13.3024006,-12.2156086,-8.29454231,0,,,,50
41824505,0.5,0.505747139,0.5,0.633355439,0.354578733,0.346520126,0,0,15.8849669,-12,8.32143211,8.25328827,0,13.2952528,-12.129509,-8.35812855,0,,,,50
41825641,0.5,0.533333361,0.5,0.633355439,0.386813164,0.338461518,0,0,15.8895121,-12,8.29732037,8.24061966,0,13.3024006,-12.129509,-8.35812855,0,,,,50
41826772,0.5,0.545454562,0.5,0.633355439,0.435164809,0.362637341,0,0,15.8849669,-12,8.24306965,8.24273109,0,13.3095493,-12.2168102,-8.37468243,0,,,,50
41827898,0.5,0.540000021,0.5,0.633355439,0.435164809,0.370695949,0,0,15.8895121,-12,8.24608421,8.24061966,0,13.3095493,-12.2168102,-8.37468243,0,,,,50
41829034,0.5,0.589999974,0.5,0.633355439,0.475457847,0.330402911,0,0,15.8940573,-12,8.26416779,8.24061966,0,13.2952528,-12.1306925,-8.43763065,0,,,,50
41830160,0.5,0.568627477,0.5,0.633355439,0.46739924,0.354578733,0,0,15.8895121,-12,8.32444572,8.2490654,0,13.3024006,-12.1306925,-8.43763065,0,,,,50
41831291,0.5,0.536842108,0.5,0.633355439,0.410988986,0.354578733,0,0,15.8849669,-12,8.31841755,8.23850822,0,13.3024006,-12.2179766,-8.45355701,0,,,,50
41832418,0.5,0.610526323,0.5,0.633355439,0.46739924,0.29816848,0,0,15.8940573,-12,8.25211143,8.24273109,0,13.3024006,-12.2179766,-8.45355701,0,,,,50
41833549,0.5,0.571428597,0.5,0.633355439,0.451282024,0.338461518,0,0,15.8849669,-12,8.26416779,8.23428535,0,13.3095493,-12.1318417,-8.51588631,0,,,,50
41834879,0.5,0.516129017,0.5,0.633355439,0.386813164,0.362637341,0,0,15.8940573,-12,8.30033493,8.23850822,0,13.3024006,-12.1318417,-8.51588631,0,,,,50
41836010,0.5,0.494252861,0.5,0.633355439,0.346520126,0.354578733,0,0,15.8895121,-12,8.255126,8.25328827,0,13.3024006,-12.2191086,-8.53120232,0,,,,50
41837141,0.5,0.530864179,0.5,0.633355439,0.346520126,0.306227088,0,0,15.8940573,-12,8.14361095,8.2490654,0,13.3095493,-12.2191086,-8.53120232,0,,,,50
41838272,0.5,0.565656543,0.5,0.633355439,0.451282024,0.346520126,0,0,15.8849669,-12,8.4058218,8.26384449,0,13.2952528,-12.1329575,-8.59293079,0,,,,50
41839399,0.5,0.526315808,0.5,0.633355439,0.402930379,0.362637341,0,0,15.8895121,-12,8.15867996,8.24061966,0,13.3024006,-12.1329575,-8.59293079,0,,,,50
41840529,0.5,0.56382978,0.5,0.633355439,0.427106202,0.330402911,0,0,15.8895121,-12,8.23402786,8.2553997,0,13.3024006,-12.2202082,-8.60765457,0,,,,50
41841655,0.5,0.604938269,0.5,0.633355439,0.394871771,0.257875443,0,0,15.8986015,-12,8.2671814,8.24695396,0,13.3095493,-12.2202082,-8.60765457,0,,,,50
41842787,0.5,0.523809552,0.5,0.633355439,0.443223417,0.402930379,0,0,15.8940573,-12,8.31239033,8.25751019,0,13.2952528,-12.1340408,-8.66879845,0,,,,50
41843913,0.5,0.596153855,0.5,0.633355439,0.49963367,0.338461518,0,0,15.8940573,-12,8.32745934,8.25328827,0,13.3024006,-12.1340408,-8.66879845,0,,,,50
41845049,0.5,0.481927723,0.5,0.633355439,0.322344303,0.346520126,0,0,15.8895121,-12,8.38171005,8.2490654,0,13.2952528,-12.2212763,-8.68294716,0,,,,50
41846184,0.5,0.5,0.5,0.633355439,0.338461518,0.338461518,0,0,15.8895121,-12,8.31239033,8.25117683,0,13.3024006,-12.2212763,-8.68294716,0,,,,50
41847316,0.5,0.551020384,0.5,0.633355439,0.435164809,0.354578733,0,0,15.8940573,-12,8.23402786,8.24273109,0,13.2952528,-12.1350937,-8.74352455,0,,,,50
41848442,0.5,0.534653485,0.5,0.633355439,0.435164809,0.378754556,0,0,15.8895121,-12,8.24608421,8.23428535,0,13.3095493,-12.1350937,-8.74352455,0,,,,50
41849573,0.5,0.526315808,0.5,0.633355439,0.402930379,0.362637341,0,0,15.8895121,-12,8.255126,8.23850822,0,13.3095493,-12.2223129,-8.75711441,0,,,,50
41850700,0.5,0.559139788,0.5,0.633355439,0.419047594,0.330402911,0,0,15.8895121,-12,8.33951569,8.24061966,0,13.3024006,-12.2223129,-8.75711441,0,,,,50
41851835,0.5,0.526315808,0.5,0.633355439,0.402930379,0.362637341,0,0,15.8895121,-12,8.255126,8.24273109,0,13.3024006,-12.1361151,-8.81714153,0,,,,50
41852962,0.5,0.540816307,0.5,0.633355439,0.427106202,0.362637341,0,0,15.8895121,-12,8.2671814,8.24273109,0,13.3024006,-12.1361151,-8.81714153,0,,,,50
41854092,0.5,0.53061223,0.5,0.633355439,0.419047594,0.370695949,0,0,15.8895121,-12,8.22800064,8.25328827,0,13.2952528,-12.2233191,-8.8301897,0,,,,50
41855423,0.5,0.5,0.5,0.633355439,0.346520126,0.346520126,0,0,15.8849669,-12,8.25211143,8.23850822,0,13.3024006,-12.2233191,-8.8301897,0,,,,50
41856553,0.5,0.538461566,0.5,0.633355439,0.451282024,0.386813164,0,0,15.8895121,-12,8.23704243,8.23850822,0,13.2952528,-12.1371069,-8.88968182,0,,,,50
41857680,0.5,0.518072307,0.5,0.633355439,0.346520126,0.322344303,0,0,15.8895121,-12,8.18279171,8.24061966,0,13.3024006,-12.1371069,-8.88968182,0,,,,50
41858811,0.5,0.532608688,0.5,0.633355439,0.394871771,0.346520126,0,0,15.8895121,-12,8.33951569,8.2490654,0,13.288105,-12.2242966,-8.90220356,0,,,,50
41859942,0.5,0.535353541,0.5,0.633355439,0.427106202,0.370695949,0,0,15.8895121,-12,8.2671814,8.23428535,0,13.3024006,-12.2242966,-8.90220356,0,,,,50
41861073,0.5,0.578431368,0.5,0.633355439,0.475457847,0.346520126,0,0,15.8895121,-12,8.38472462,8.2490654,0,13.288105,-12.1380701,-8.96117783,0,,,,50
41862200,0.5,0.488095224,0.5,0.633355439,0.330402911,0.346520126,0,0,15.8849669,-12,8.35458469,8.2490654,0,13.3024006,-12.1380701,-8.96117783,0,,,,50
41863330,0.5,0.549450576,0.5,0.633355439,0.402930379,0.330402911,0,0,15.8849669,-12,8.19484711,8.2490654,0,13.288105,-12.2252464,-8.97318745,0,,,,50
41864457,0.5,0.53061223,0.5,0.633355439,0.419047594,0.370695949,0,0,15.8895121,-12,8.24608421,8.23639679,0,13.3095493,-12.2252464,-8.97318745,0,,,,50
41865597,0.5,0.510416687,0.5,0.633355439,0.394871771,0.378754556,0,0,15.8940573,-12,8.22197247,8.2553997,0,13.288105,-12.1390057,-9.03165722,0,,,,50
41866723,0.5,0.5,0.5,0.633355439,0.338461518,0.338461518,0,0,15.8895121,-12,8.30334854,8.24695396,0,13.2952528,-12.1390057,-9.03165722,0,,,,50
41867859,0.5,0.564356446,0.5,0.633355439,0.459340632,0.354578733,0,0,15.8895121,-12,8.21895885,8.2490654,0,13.288105,-12.2261677,-9.04317093,0,,,,50
41868985,0.5,0.568627477,0.5,0.633355439,0.46739924,0.354578733,0,0,15.8895121,-12,8.24306965,8.24273109,0,13.3095493,-12.2261677,-9.04317093,0,,,,50
41870116,0.5,0.554347813,0.5,0.633355439,0.410988986,0.330402911,0,0,15.8895121,-12,8.255126,8.24061966,0,13.2952528,-12.1399136,-9.10115147,0,,,,50
41871243,0.5,0.537634432,0.5,0.633355439,0.402930379,0.346520126,0,0,15.8849669,-12,8.27019501,8.23639679,0,13.3095493,-12.1399136,-9.10115147,0,,,,50
41872374,0.5,0.529999971,0.5,0.633355439,0.427106202,0.378754556,0,0,15.8849669,-12,8.24909782,8.22584057,0,13.288105,-12.2270622,-9.11218262,0,,,,50
41873500,0.5,0.535353541,0.5,0.633355439,0.427106202,0.370695949,0,0,15.8804216,-12,8.24608421,8.23428535,0,13.3024006,-12.2270622,-9.11218262,0,,,,50
41874631,0.5,0.540816307,0.5,0.633355439,0.427106202,0.362637341,0,0,15.8804216,-12,8.23101425,8.23639679,0,13.2952528,-12.1407957,-9.16968822,0,,,,50
41875966,0.5,0.53773582,0.5,0.633355439,0.459340632,0.394871771,0,0,15.8849669,-12,8.21895885,8.21950626,0,13.3024006,-12.1407957,-9.16968822,0,,,,50
41877097,0.5,0.514563084,0.5,0.633355439,0.427106202,0.402930379,0,0,15.8849669,-12,8.24306965,8.23006344,0,13.2952528,-12.227932,-9.18025208,0,,,,50
41878224,0.5,0.549019635,0.5,0.633355439,0.451282024,0.370695949,0,0,15.8895121,-12,8.24909782,8.24484253,0,13.3024006,-12.227932,-9.18025208,0,,,,50
41879355,0.5,0.540816307,0.5,0.633355439,0.427106202,0.362637341,0,0,15.8849669,-12,8.23402786,8.227952,0,13.288105,-12.1416512,-9.2372961,0,,,,50
41880481,0.5,0.547368407,0.5,0.633355439,0.419047594,0.346520126,0,0,15.8849669,-12,8.255126,8.24061966,0,13.3024006,-12.1416512,-9.2372961,0,,,,50
41881612,0.5,0.554455459,0.5,0.633355439,0.451282024,0.362637341,0,0,15.8895121,-12,8.23704243,8.23639679,0,13.2952528,-12.228775,-9.2474041,0,,,,50
41882743,0.5,0.551401854,0.5,0.633355439,0.475457847,0.386813164,0,0,15.8804216,-12,8.23101425,8.2216177,0,13.288105,-12.228775,-9.2474041,0,,,,50
41883874,0.5,0.539215684,0.5,0.633355439,0.443223417,0.378754556,0,0,15.8849669,-12,8.24608421,8.23217392,0,13.288105,-12.1424828,-9.30400085,0,,,,50
41885001,0.5,0.546391726,0.5,0.633355439,0.427106202,0.354578733,0,0,15.8849669,-12,8.25211143,8.23639679,0,13.3024006,-12.1424828,-9.30400085,0,,,,50
41886140,0.5,0.529999971,0.5,0.633355439,0.427106202,0.378754556,0,0,15.8804216,-12,8.20087528,8.227952,0,13.2952528,-12.2295952,-9.31366825,0,,,,50
41887267,0.5,0.544554472,0.5,0.633355439,0.443223417,0.370695949,0,0,15.8849669,-12,8.25211143,8.23639679,0.00714798551,13.3024006,-12.2295952,-9.31366825,0,,,,50
41888398,0.5,0.539215684,0.5,0.633355439,0.443223417,0.378754556,0,0,15.8849669,-12,8.23402786,8.2490654,0,13.288105,-12.1432905,-9.36982918,0,,,,50
41889524,0.5,0.514285743,0.5,0.633355439,0.435164809,0.410988986,0,0,15.8804216,-12,8.20087528,8.22372913,0,13.3024006,-12.1432905,-9.36982918,0,,,,50
41890660,0.5,0.53773582,0.5,0.633355439,0.459340632,0.394871771,0,0,15.8804216,-12,8.21594429,8.22584057,0,13.288105,-12.2303905,-9.37906742,0,,,,50
41891787,0.5,0.552380979,0.5,0.633355439,0.46739924,0.378754556,0,0,15.8849669,-12,8.21293068,8.23006344,0,13.3024006,-12.2303905,-9.37906742,0,,,,50
41892918,0.5,0.533333361,0.5,0.633355439,0.451282024,0.394871771,0,0,15.8804216,-12,8.21594429,8.21739483,0,13.2809572,-12.1440754,-9.43480682,0,,,,50
41894045,0.5,0.543689311,0.5,0.633355439,0.451282024,0.378754556,0,0,15.8849669,-12,8.23704243,8.22372913,0,13.288105,-12.1440754,-9.43480682,0,,,,50
41895176,0.5,0.538461566,0.5,0.633355439,0.451282024,0.386813164,0,0,15.8849669,-12,8.20690346,8.23006344,0,13.288105,-12.231163,-9.44362831,0,,,,50
41896302,0.5,0.541284382,0.5,0.633355439,0.475457847,0.402930379,0,0,15.8758764,-12,8.20690346,8.20472717,0,13.2952528,-12.231163,-9.44362831,0,,,,50
41897637,0.5,0.53773582,0.5,0.633355439,0.459340632,0.394871771,0,0,15.8804216,-12,8.21895885,8.2216177,0,13.2809572,-12.1448364,-9.49895668,0,,,,50
41898768,0.5,0.547169805,0.5,0.633355439,0.46739924,0.386813164,0,0,15.8804216,-12,8.20991707,8.21950626,0,13.3024006,-12.1448364,-9.49895668,0,,,,50
41899899,0.5,0.536363661,0.5,-0.817000687,0.475457847,0.410988986,0,0,15.8758764,-12,8.18881989,8.21739483,0,13.2952528,-12.2319136,-9.50737476,0,,,,50
41901026,0.5,0.53773582,0.5,-0.817000687,0.459340632,0.394871771,0,0,15.8849669,-12,8.23704243,8.2216177,0,13.3024006,-12.2319136,-9.50737476,0,,,,50
41902157,0.5,0.529999971,0.5,-0.817000687,0.427106202,0.378754556,0,0,15.8895121,-9.45337009,8.25211143,8.23428535,0,13.288105,-9.45337009,-8.19037437,0,,,,50
41903284,0.5,0.539215684,0.5,-0.817000687,0.443223417,0.378754556,0,0,15.8940573,-9.45337009,8.22800064,8.2490654,0,13.3095493,-9.45337009,-8.19037437,0,,,,50
41904415,0.5,0.5625,0.5,-0.817000687,0.362637341,0.282051265,0,0,15.9031467,-1.62462115,8.30937672,8.27440166,0,13.3024006,-1.62462115,-6.87337399,0,,,,50
41905541,0.5,0.584415555,0.5,-0.817000687,0.362637341,0.257875443,0,0,15.9167824,-1.62462115,8.32444572,8.29973793,0,13.3238449,-1.62462115,-6.87337399,0,,,,50
41906686,0.5,0.655172408,0.5,-0.817000687,0.153113544,0.0805860758,0,0,15.9349623,10.254179,8.46007252,8.38841438,0,13.3309927,10.254179,-5.5563736,0,,,,50
41907813,0.5,0.857142866,0.5,-0.817000687,0.0483516455,0.00805860758,0,0,15.9485979,10.254179,8.58062935,8.44330978,0,13.3381405,10.254179,-5.5563736,0,,,,50
41908943,0.5,0,0.5,-0.817000687,0,0,0,0,15.9258718,12,8.66803265,8.45386696,0,13.3309927,23.7985306,-10.5955257,0,,,,50
41910070,0.5,0,0.5,-0.817000687,0,0,0,0,15.9167824,12,8.65899086,8.44542122,0,13.3024006,23.7985306,-10.5955257,0,,,,50
41911201,0.5,1,0.5,-0.817000687,0.0644688606,0,0,0,15.9349623,0.863823652,8.54144764,8.42008495,0,13.3166971,0.863823652,-9.27852535,0,,,,50
41912328,0.5,1,0.5,-0.817000687,0.0483516455,0,0,0,15.9395075,0.863823652,8.47212791,8.42641926,0,13.3309927,0.863823652,-9.27852535,0,,,,50
41913464,0.5,1,0.5,-0.817000687,0.0241758227,0,0,0,15.9349623,-5.27813721,8.50226688,8.43908691,0,13.3309927,-5.27813721,-7.96152496,0,,,,50
41914591,0.5,1,0.5,-0.817000687,0.0241758227,0,0,0,15.9349623,-5.27813721,8.54144764,8.43908691,0,13.3309927,-5.27813721,-7.96152496,0,,,,50
41915721,0.5,1,0.5,-0.817000687,0.056410253,0,0,0,15.9304171,-1.26242816,8.60775471,8.43697548,0,13.3166971,-1.26242816,-6.6445241,0,,,,50
41916848,0.5,1,0.5,-0.817000687,0.0483516455,0,0,0,15.9349623,-1.26242816,8.53542042,8.42008495,0,13.3166971,-1.26242816,-6.6445241,0,,,,50
41918183,0.5,1,0.5,-0.817000687,0.0241758227,0,0,0,15.9395075,8.39746857,8.51130867,8.43275356,0,13.3309927,8.39746857,-5.32752371,0,,,,50
41919309,0.5,1,0.5,-0.817000687,0.0241758227,0,0,0,15.9304171,8.39746857,8.50226688,8.43486404,0,13.3309927,8.39746857,-5.32752371,0,,,,50
41920440,0.5,0.899999976,0.5,-0.817000687,0.0725274682,0.00805860758,0,0,15.9304171,12,8.52035046,8.42430782,0,13.3238449,20.7953529,-8.74879169,0,,,,50
41921571,0.5,0.777777791,0.5,-0.817000687,0.112820506,0.0322344303,0,0,15.9258718,12,8.41184998,8.38419151,0,13.3238449,20.7953529,-8.74879169,0,,,,50
41922702,0.5,0.625,0.5,-0.817000687,0.161172152,0.0967032909,0,0,15.9258718,6.74463606,8.39678001,8.34829903,0,13.3238449,6.74463606,-7.43179131,0,,,,50
41923829,0.5,0.607142866,0.5,-0.817000687,0.136996329,0.0886446834,0,0,15.9349623,6.74463606,8.46609974,8.38630295,0,13.3166971,6.74463606,-7.43179131,0,,,,50
41924959,0.5,0.736842096,0.5,-0.817000687,0.112820506,0.0402930379,0,0,15.9304171,5.47432518,8.47212791,8.40952778,0,13.3238449,5.47432518,-6.11479044,0,,,,50
41926095,0.5,0.857142866,0.5,-0.817000687,0.0483516455,0.00805860758,0,0,15.9395075,5.47432518,8.58364296,8.41797352,0,13.3309927,5.47432518,-6.11479044,0,,,,50
41927226,0.5,0,0.5,-0.817000687,0,0,0,0,15.9395075,11.7415695,8.6198101,8.43486404,0,13.3309927,11.7415695,-4.79779053,0,,,,50
41928352,0.5,0,0.5,-0.817000687,0,0,0,0,15.9304171,11.7415695,8.63487911,8.44542122,0,13.3238449,11.7415695,-4.79779053,0,,,,50
41929488,0.5,1,0.5,-0.817000687,0.056410253,0,0,0,15.9349623,12,8.53542042,8.42641926,0,13.3309927,22.0120525,-8.87452412,0,,,,50
41930614,0.5,1,0.5,-0.817000687,0.0886446834,0,0,0,15.9349623,12,8.42691898,8.41797352,0,13.3309927,22.0120525,-8.87452412,0,,,,50
41931745,0.5,0.722222209,0.5,-0.817000687,0.104761899,0.0402930379,0,0,15.9304171,2.91304874,8.39979362,8.38419151,0,13.3166971,2.91304874,-7.55752325,0,,,,50
41932871,0.5,0.916666687,0.5,-0.817000687,0.0886446834,0.00805860758,0,0,15.9395075,2.91304874,8.4932251,8.42008495,0,13.3309927,2.91304874,-7.55752325,0,,,,50
41934002,0.5,1,0.5,-0.817000687,0.0483516455,0,0,0,15.9349623,-1.02673542,8.58364296,8.42430782,0,13.3238449,-1.02673542,-6.24052286,0,,,,50
41935129,0.5,1,0.5,-0.817000687,0.0322344303,0,0,0,15.9395075,-1.02673542,8.61679649,8.44119835,0,13.3238449,-1.02673542,-6.24052286,0,,,,50
41936259,0.5,1,0.5,-0.817000687,0.00805860758,0,0,0,15.9349623,4.11300707,8.61378193,8.43908691,0,13.3309927,4.11300707,-4.923522,0,,,,50
41937391,0.5,1,0.5,-0.817000687,0.00805860758,0,0,0,15.9304171,4.11300707,8.58665657,8.43275356,0,13.3381405,4.11300707,-4.923522,0,,,,50
41938521,0.5,0,0.5,-0.817000687,0,0,0,0,15.9349623,12,8.57460117,8.43275356,0,13.3166971,14.212719,-4.79856682,0,,,,50
41939852,0.5,0,0.5,-0.817000687,0,0,0,0,15.9167824,12,8.57761478,8.43275356,0,13.3166971,14.212719,-4.79856682,0,,,,50
41940983,0.5,1,0.5,-0.817000687,0.0725274682,0,0,0,15.9304171,12,8.44198895,8.40530586,0,13.3166971,19.7497673,-7.65655327,0,,,,50
41942109,0.5,0.764705896,0.5,-0.817000687,0.104761899,0.0322344303,0,0,15.9304171,12,8.45404434,8.39052582,0,13.3238449,19.7497673,-7.65655327,0,,,,50
41943240,0.5,0.800000012,0.5,-0.817000687,0.128937721,0.0322344303,0,0,15.9349623,5.11673641,8.43596077,8.38419151,0,13.3238449,5.11673641,-6.3395524,0,,,,50
41944371,0.5,0.866666675,0.5,-0.817000687,0.104761899,0.0161172152,0,0,15.9395075,5.11673641,8.50829506,8.41375065,0,13.3309927,5.11673641,-6.3395524,0,,,,50
41945501,0.5,1,0.5,-0.817000687,0.0322344303,0,0,0,15.9304171,3.70441437,8.58665657,8.43064213,0,13.3166971,3.70441437,-5.02255201,0,,,,50
41946637,0.5,0,0.5,-0.817000687,0,0,0,0,15.9440527,3.70441437,8.6318655,8.44119835,0,13.3381405,3.70441437,-5.02255201,0,,,,50
41947768,0.5,0,0.5,-0.817000687,0,0,0,0,15.9213276,10.083601,8.63789368,8.43486404,0,13.3381405,10.083601,-3.70555162,0,,,,50
41948894,0.5,0,0.5,-0.817000687,0,0,0,0,15.9440527,10.083601,8.6318655,8.43275356,0,13.352437,10.083601,-3.70555162,0,,,,50
41950025,0.5,0,0.5,-0.817000687,0,0,0,0,15.9395075,12,8.62282372,8.43064213,0,13.3452892,20.6106167,-7.02729797,0,,,,50
41951151,0.5,0,0.5,-0.817000687,0,0,0,0,15.9349623,12,8.61679649,8.43064213,0,13.3238449,20.6106167,-7.02729797,0,,,,50
41952286,0.5,0.777777791,0.5,-0.817000687,0.112820506,0.0322344303,0,0,15.9349623,6.19225454,8.50226688,8.39474869,0,13.3166971,6.19225454,-5.71029758,0,,,,50
41953413,0.5,0.888888896,0.5,-0.817000687,0.0644688606,0.00805860758,0,0,15.9349623,6.19225454,8.43294716,8.40952778,0,13.3309927,6.19225454,-5.71029758,0,,,,50
41954544,0.5,1,0.5,-0.817000687,0.0241758227,0,0,0,15.9349623,4.87782812,8.4811697,8.43064213,0,13.3309927,4.87782812,-4.39329672,0,,,,50
41955670,0.5,1,0.5,-0.817000687,0.00805860758,0,0,0,15.9440527,4.87782812,8.568573,8.43697548,0,13.3309927,4.87782812,-4.39329672,0,,,,50
41956801,0.5,0,0.5,-0.817000687,0,0,0,0,15.9258718,11.2916641,8.63789368,8.43486404,0,13.3381405,11.2916641,-3.07629633,0,,,,50
41957927,0.5,0,0.5,-0.817000687,0,0,0,0,15.9349623,11.2916641,8.6318655,8.43275356,0,13.352437,11.2916641,-3.07629633,0,,,,50
41959058,0.5,0,0.5,-0.817000687,0,0,0,0,15.9531422,12,8.60172653,8.42853069,0,13.3238449,21.8108139,-7.04461765,0,,,,50
41960394,0.5,0,0.5,-0.817000687,0,0,0,0,15.9031467,12,8.61679649,8.42853069,0,13.3166971,21.8108139,-7.04461765,0,,,,50
41961524,0.5,1,0.5,-0.817000687,0.056410253,0,0,0,15.9349623,3.62916088,8.43897438,8.39052582,0,13.3166971,3.62916088,-5.72761726,0,,,,50
41962651,0.5,1,0.5,-0.817000687,0.0241758227,0,0,0,15.9440527,3.62916088,8.48719788,8.42430782,0,13.3309927,3.62916088,-5.72761726,0,,,,50
41963782,0.5,0,0.5,-0.817000687,0,0,0,0,15.9349623,0.315049142,8.57158756,8.43486404,0,13.3309927,0.315049142,-4.4106164,0,,,,50
41964908,0.5,0,0.5,-0.817000687,0,0,0,0,15.9485979,0.315049142,8.61679649,8.43697548,0,13.3381405,0.315049142,-4.4106164,0,,,,50
41966049,0.5,0,0.5,-0.817000687,0,0,0,0,15.9349623,5.8722949,8.61076832,8.43275356,0,13.3381405,5.8722949,-3.09361601,0,,,,50
41967176,0.5,0,0.5,-0.817000687,0,0,0,0,15.9440527,5.8722949,8.60474014,8.42853069,0,13.3738813,5.8722949,-3.09361601,0,,,,50
41968311,0.5,0,0.5,-0.817000687,0,0,0,0,15.9167824,12,8.59569836,8.43064213,0,13.3738813,16.2433681,-4.06261969,0,,,,50
41969437,0.5,0,0.5,-0.817000687,0,0,0,0,15.9304171,12,8.58967113,8.43064213,0,13.3810291,16.2433681,-4.06261969,0,,,,50
41970568,0.5,0,0.5,-0.817000687,0,0,0,0,15.9395075,12,8.58364296,8.42219639,0,13.3667326,15.6377544,-4.70536518,0,,,,50
41971695,0.5,0,0.5,-0.817000687,0,0,0,0,15.9304171,12,8.57761478,8.42430782,0,13.3309927,15.6377544,-4.70536518,0,,,,50
41972825,0.5,0.75,0.5,-0.817000687,0.120879114,0.0402930379,0,0,15.9349623,10.5784359,8.42390537,8.39686012,0,13.3238449,10.5784359,-3.38836455,0,,,,50
41973952,0.5,0.888888896,0.5,-0.817000687,0.0644688606,0.00805860758,0,0,15.9349623,10.5784359,8.47815609,8.39897156,0,13.3309927,10.5784359,-3.38836455,0,,,,50
41975087,0.5,0.875,0.5,-0.817000687,0.056410253,0.00805860758,0,0,15.9349623,12,8.4932251,8.40952778,0,13.3095493,14.549098,-3.44462466,0,,,,50
41976214,0.5,0.857142866,0.5,-0.817000687,0.0483516455,0.00805860758,0,0,15.9349623,12,8.5444622,8.41375065,0,13.3309927,14.549098,-3.44462466,0,,,,50
41977344,0.5,0.857142866,0.5,-0.817000687,0.0483516455,0.00805860758,0,0,15.9349623,12,8.56254578,8.40952778,0,13.3166971,15.623086,-4.07946825,0,,,,50
41978471,0.5,0.857142866,0.5,-0.817000687,0.0483516455,0.00805860758,0,0,15.9349623,12,8.56555939,8.41163921,0,13.3238449,15.623086,-4.07946825,0,,,,50
41979602,0.5,0.818181813,0.5,-0.817000687,0.0725274682,0.0161172152,0,0,15.9349623,11.6124487,8.50226688,8.40108299,0,13.3166971,11.6124487,-2.76246738,0,,,,50
41980932,0.5,0.800000012,0.5,-0.817000687,0.0967032909,0.0241758227,0,0,15.9349623,11.6124487,8.45404434,8.40108299,0,13.3309927,11.6124487,-2.76246738,0,,,,50
41982063,0.5,0.722222209,0.5,-0.817000687,0.104761899,0.0402930379,0,0,15.9349623,12,8.47815609,8.39052582,0,13.3095493,16.1582756,-3.68563008,0,,,,50
41983194,0.5,0.761904776,0.5,-0.817000687,0.128937721,0.0402930379,0,0,15.9304171,12,8.43596077,8.36941242,0,13.3166971,16.1582756,-3.68563008,0,,,,50
41984324,0.5,0.714285731,0.5,-0.817000687,0.120879114,0.0483516455,0,0,15.9304171,12,8.43897438,8.38208103,0,13.3166971,12.5055408,-2.64097667,0,,,,50
41985451,0.5,0.695652187,0.5,-0.817000687,0.128937721,0.056410253,0,0,15.9304171,12,8.46609974,8.37363529,0,13.3309927,12.5055408,-2.64097667,0,,,,50
41986590,0.5,0.75,0.5,-0.817000687,0.145054936,0.0483516455,0,0,15.9258718,12,8.45103073,8.38841438,0,13.3166971,15.6502914,-3.29047632,0,,,,50
41987717,0.5,0.739130437,0.5,-0.817000687,0.136996329,0.0483516455,0,0,15.9349623,12,8.45705795,8.38841438,0,13.3238449,15.6502914,-3.29047632,0,,,,50
41988848,0.5,0.695652187,0.5,-0.817000687,0.128937721,0.056410253,0,0,15.9258718,12,8.46609974,8.37363529,0,13.3166971,12.8152266,-2.41265774,0,,,,50
41989974,0.5,0.722222209,0.5,-0.817000687,0.209523797,0.0805860758,0,0,15.9349623,12,8.23101425,8.38208103,0,13.3166971,12.8152266,-2.41265774,0,,,,50
41991109,0.5,0.560000002,0.5,-0.817000687,0.112820506,0.0886446834,0,0,15.9258718,12,8.50528145,8.36941242,0,13.3166971,15.4783983,-2.96955442,0,,,,50
41992236,0.5,0.606060624,0.5,-0.817000687,0.161172152,0.104761899,0,0,15.9304171,12,8.55953121,8.36096668,0,13.3238449,15.4783983,-2.96955442,0,,,,50
41993366,0.5,0.666666687,0.5,-0.817000687,0.209523797,0.104761899,0,0,15.9258718,12,8.35458469,8.35041046,0,13.3166971,12.9274216,-2.15217829,0,,,,50
41994493,0.5,0.545454562,0.5,-0.817000687,0.145054936,0.120879114,0,0,15.9349623,12,8.29430676,8.36941242,0,13.3238449,12.9274216,-2.15217829,0,,,,50
41995623,0.5,0.634146333,0.5,-0.817000687,0.209523797,0.120879114,0,0,15.9258718,12,8.47815609,8.35885525,0,13.3238449,15.4228716,-2.67916131,0,,,,50
41996750,0.5,0.600000024,0.5,-0.817000687,0.193406582,0.128937721,0,0,15.9304171,12,8.52336502,8.37785816,0,13.3238449,15.4228716,-2.67916131,0,,,,50
41997886,0.5,0.641025662,0.5,-0.817000687,0.201465189,0.112820506,0,0,15.9258718,12,8.38171005,8.2976265,0,13.3238449,12.9706841,-1.88509202,0,,,,50
41999012,0.5,0.590909064,0.5,-0.817000687,0.209523797,0.145054936,0,0,15.9258718,12,8.4178772,8.34618759,0,13.3095493,12.9706841,-1.88509202,0,,,,50
42000142,0.5,0.547619045,0.5,-0.817000687,0.185347974,0.153113544,0,0,15.9258718,12,8.41486359,8.33985329,0,13.3095493,15.4077024,-2.40390301,0,,,,50
42001269,0.5,0.574468076,0.5,-0.817000687,0.217582405,0.161172152,0,0,15.9213276,12,8.42691898,8.33351898,0,13.3238449,15.4077024,-2.40390301,0,,,,50
42002604,0.5,0.586956501,0.5,-0.817000687,0.217582405,0.153113544,0,0,15.9213276,12,8.39979362,8.33985329,0,13.3095493,12.9898329,-1.62014914,0,,,,50
42003730,0.5,0.565217376,0.5,-0.817000687,0.209523797,0.161172152,0,0,15.9213276,12,8.39979362,8.33351898,0,13.3238449,12.9898329,-1.62014914,0,,,,50
42004861,0.5,0.590909064,0.5,-0.817000687,0.209523797,0.145054936,0,0,15.9258718,12,8.41486359,8.33774185,0,13.3095493,15.406455,-2.13828826,0,,,,50
42006001,0.5,0.586956501,0.5,-0.817000687,0.217582405,0.153113544,0,0,15.9258718,12,8.42993259,8.34196472,0,13.3166971,15.406455,-2.13828826,0,,,,50
42007132,0.5,0.604166687,0.5,-0.817000687,0.23369962,0.153113544,0,0,15.9213276,12,8.39075184,8.33774185,0,13.3238449,13.0004692,-1.36026454,0,,,,50
42008259,0.5,0.534883738,0.5,-0.817000687,0.185347974,0.161172152,0,0,15.9213276,12,8.42089176,8.34618759,0,13.3238449,13.0004692,-1.36026454,0,,,,50
42009389,0.5,0.571428597,0.5,-0.817000687,0.193406582,0.145054936,0,0,15.9213276,12,8.40280819,8.34196472,0,13.3095493,15.409935,-1.88027823,0,,,,50
42010516,0.5,0.604651153,0.5,-0.817000687,0.209523797,0.136996329,0,0,15.9258718,12,8.38773823,8.33351898,0,13.3166971,15.409935,-1.88027823,0,,,,50
42011647,0.5,0.541666687,0.5,-0.817000687,0.209523797,0.177289367,0,0,15.9258718,12,8.44198895,8.34829903,0,13.3095493,13.0080271,-1.1063261,0,,,,50
42012773,0.5,0.547619045,0.5,-0.817000687,0.185347974,0.153113544,0,0,15.9258718,12,8.42691898,8.33774185,0,13.3238449,13.0080271,-1.1063261,0,,,,50
42013909,0.5,0.560975611,0.5,-0.817000687,0.185347974,0.145054936,0,0,15.9304171,12,8.44198895,8.32929707,0,13.3095493,15.4149456,-1.62903893,0,,,,50
42015036,0.5,0.524999976,0.5,-0.817000687,0.169230759,0.153113544,0,0,15.9258718,12,8.3937664,8.35674477,0,13.3166971,15.4149456,-1.62903893,0,,,,50
42016166,0.5,0.558139563,0.5,-0.817000687,0.193406582,0.153113544,0,0,15.9258718,12,8.40883541,8.36730099,0,13.3166971,13.0144005,-0.858520269,0,,,,50
42017292,0.5,0.638888896,0.5,-0.817000687,0.185347974,0.104761899,0,0,15.9258718,12,8.39979362,8.37574673,0,13.3238449,13.0144005,-0.858520269,0,,,,50
42018423,0.5,0.609756112,0.5,-0.817000687,0.201465189,0.128937721,0,0,15.9213276,12,8.42993259,8.31451702,0,13.3166971,15.4203768,-1.38415909,0,,,,50
42019549,0.5,0.574999988,0.5,-0.817000687,0.185347974,0.136996329,0,0,15.9258718,12,8.44500256,8.34618759,0,13.3238449,15.4203768,-1.38415909,0,,,,50
42020680,0.5,0.589743614,0.5,-0.817000687,0.185347974,0.128937721,0,0,15.9304171,12,8.47514153,8.31873989,0,13.3095493,13.0202522,-0.616792917,0,,,,50
42021811,0.5,0.677419364,0.5,-0.817000687,0.169230759,0.0805860758,0,0,15.9258718,12,8.44198895,8.32296276,0,13.3238449,13.0202522,-0.616792917,0,,,,50
42023146,0.5,0.485714287,0.5,-0.817000687,0.136996329,0.145054936,0,0,15.9213276,12,8.42691898,8.29973793,0,13.3238449,15.4258471,-1.14537859,0,,,,50
42024272,0.5,0.555555582,0.5,-0.817000687,0.201465189,0.161172152,0,0,15.9213276,12,8.42390537,8.39052582,0,13.3238449,15.4258471,-1.14537859,0,,,,50
42025403,0.5,0.619047642,0.5,-0.817000687,0.209523797,0.128937721,0,0,15.9258718,12,8.41486359,8.33774185,0,13.3238449,13.025816,-0.381009668,0,,,,50
42026539,0.5,0.547619045,0.5,-0.817000687,0.185347974,0.153113544,0,0,15.9258718,12,8.42390537,8.37785816,0,13.3238449,13.025816,-0.381009668,0,,,,50
42027669,0.5,0.615384638,0.5,-0.817000687,0.193406582,0.120879114,0,0,15.9167824,12,8.46007252,8.36518955,0,13.3095493,15.4312258,-0.91249299,0,,,,50
42028800,0.5,0.488372087,0.5,-0.817000687,0.169230759,0.177289367,0,0,15.9258718,12,8.46007252,8.38630295,0,13.3238449,15.4312258,-0.91249299,0,,,,50
42029931,0.5,0.523809552,0.5,-0.817000687,0.177289367,0.161172152,0,0,15.9258718,12,8.40280819,8.39474869,0,13.3166971,13.0311756,-0.151011616,0,,,,50
42031057,0.5,0.65625,0.5,-0.817000687,0.169230759,0.0886446834,0,0,15.9258718,12,8.42691898,8.33985329,0,13.3095493,13.0311756,-0.151011616,0,,,,50
42032188,0.5,0.647058845,0.5,-0.817000687,0.177289367,0.0967032909,0,0,15.9258718,12,8.37568283,8.35041046,0,13.3309927,15.43647,-0.685320497,0,,,,50
42033315,0.5,0.558139563,0.5,-0.817000687,0.193406582,0.153113544,0,0,15.9258718,12,8.40883541,8.36096668,0,13.3238449,15.43647,-0.685320497,0,,,,50
42034445,0.5,0.594594598,0.5,-0.817000687,0.177289367,0.120879114,0,0,15.9258718,12,8.43897438,8.33985329,0,13.3095493,13.0363646,0.0733653978,0,,,,50
42035572,0.5,0.534883738,0.5,-0.817000687,0.185347974,0.161172152,0,0,15.9213276,12,8.44500256,8.33985329,0,13.3238449,13.0363646,0.0733653978,0,,,,50
42036707,0.5,0.571428597,0.5,-0.817000687,0.193406582,0.145054936,0,0,15.9304171,12,8.44801617,8.36096668,0,13.3095493,15.4415703,-0.463690817,0,,,,50
42037833,0.5,0.589743614,0.5,-0.817000687,0.185347974,0.128937721,0,0,15.9258718,12,8.46007252,8.33351898,0,13.3238449,15.4415703,-0.463690817,0,,,,50
42038964,0.5,0.560975611,0.5,-0.817000687,0.185347974,0.145054936,0,0,15.9304171,12,8.42390537,8.34407616,0,13.3095493,13.0413971,0.292284161,0,,,,50
42040091,0.5,0.628571451,0.5,-0.817000687,0.177289367,0.104761899,0,0,15.9258718,12,8.4058218,8.3314085,0,13.3166971,13.0413971,0.292284161,0,,,,50
42041222,0.5,0.577777803,0.5,-0.817000687,0.209523797,0.153113544,0,0,15.9258718,12,8.42691898,8.3525219,0,13.3095493,15.4465237,-0.247440502,0,,,,50
42042348,0.5,0.585365832,0.5,-0.817000687,0.193406582,0.136996329,0,0,15.9258718,12,8.46007252,8.33985329,0,13.3238449,15.4465237,-0.247440502,0,,,,50
42043479,0.5,0.522727251,0.5,-0.817000687,0.185347974,0.169230759,0,0,15.9304171,12,8.39979362,8.32929707,0,13.3095493,13.0462799,0.5059039,0,,,,50
42044814,0.5,0.590909064,0.5,-0.817000687,0.209523797,0.145054936,0,0,15.9258718,12,8.41486359,8.32929707,0,13.3238449,13.0462799,0.5059039,0,,,,50
42045954,0.5,0.571428597,0.5,-0.817000687,0.193406582,0.145054936,0,0,15.9304171,12,8.41486359,8.36518955,0,13.3166971,15.451333,-0.0364116356,0,,,,50
42047081,0.5,0.578947365,0.5,-0.817000687,0.177289367,0.128937721,0,0,15.9258718,12,8.4178772,8.34618759,0,13.3166971,15.451333,-0.0364116356,0,,,,50
42048212,0.5,0.550000012,0.5,-0.817000687,0.177289367,0.145054936,0,0,15.9258718,12,8.4691143,8.31029415,0,13.3095493,13.0510197,0.714379489,0,,,,50
42049339,0.5,0.586956501,0.5,-0.817000687,0.217582405,0.153113544,0,0,15.9258718,12,8.38472462,8.30818272,0,13.3166971,13.0510197,0.714379489,0,,,,50
42050469,0.5,0.571428597,0.5,-0.817000687,0.161172152,0.120879114,0,0,15.9258718,12,8.45404434,8.3250742,0,13.3095493,15.4560013,0.169548795,0,,,,50
42051595,0.5,0.617647052,0.5,-0.817000687,0.169230759,0.104761899,0,0,15.9258718,12,8.47212791,8.36941242,0,13.3238449,15.4560013,0.169548795,0,,,,50
42052731,0.5,0.628571451,0.5,-0.817000687,0.177289367,0.104761899,0,0,15.9213276,12,8.47212791,8.40108299,0,13.3095493,13.0556202,0.917861521,0,,,,50
42053857,0.5,0.540540516,0.5,-0.817000687,0.161172152,0.136996329,0,0,15.9258718,12,8.42390537,8.3314085,0,13.3238449,13.0556202,0.917861521,0,,,,50
42054988,0.5,0.545454562,0.5,-0.817000687,0.193406582,0.161172152,0,0,15.9304171,12,8.39979362,8.31451702,0,13.3166971,15.4605331,0.370589226,0,,,,50
42056114,0.5,0.520833313,0.5,-0.817000687,0.201465189,0.185347974,0,0,15.9258718,12,8.43897438,8.37574673,0,13.3238449,15.4605331,0.370589226,0,,,,50
42057245,0.5,0.538461566,0.5,-0.817000687,0.169230759,0.145054936,0,0,15.9258718,12,8.43897438,8.39474869,0,13.3095493,13.0600853,1.11649609,0,,,,50
42058371,0.5,0.565217376,0.5,-0.817000687,0.209523797,0.161172152,0,0,15.9258718,12,8.44801617,8.33351898,0,13.3238449,13.0600853,1.11649609,0,,,,50
42059506,0.5,0.589743614,0.5,-0.817000687,0.185347974,0.128937721,0,0,15.9258718,12,8.44500256,8.34196472,0,13.3166971,15.4649334,0.566853702,0,,,,50
42060633,0.5,0.581395328,0.5,-0.817000687,0.201465189,0.145054936,0,0,15.9258718,12,8.40280819,8.37152386,0,13.3238449,15.4649334,0.566853702,0,,,,50
42061763,0.5,0.540540516,0.5,-0.817000687,0.161172152,0.136996329,0,0,15.9258718,12,8.40883541,8.33985329,0,13.3166971,13.0644207,1.31042528,0,,,,50
42062890,0.5,0.611111104,0.5,-0.817000687,0.177289367,0.112820506,0,0,15.9258718,12,8.37869644,8.34829903,0,13.3238449,13.0644207,1.31042528,0,,,,50
42064021,0.5,0.577777803,0.5,-0.817000687,0.209523797,0.153113544,0,0,15.9213276,12,8.42691898,8.32718563,0,13.3166971,15.4692039,0.758482099,0,,,,50
42065351,0.5,0.56410259,0.5,-0.817000687,0.177289367,0.136996329,0,0,15.9304171,12,8.41486359,8.34618759,0,13.3238449,15.4692039,0.758482099,0,,,,50
42066492,0.5,0.604651153,0.5,-0.817000687,0.209523797,0.136996329,0,0,15.9213276,12,8.41184998,8.34407616,0,13.3238449,13.0686283,1.49978662,0,,,,50
42067623,0.5,0.600000024,0.5,-0.817000687,0.193406582,0.128937721,0,0,15.9258718,12,8.39075184,8.3314085,0,13.3238449,13.0686283,1.49978662,0,,,,50
42068754,0.5,0.609756112,0.5,-0.817000687,0.201465189,0.128937721,0,0,15.9258718,12,8.4691143,8.31662846,0,13.3166971,15.4733496,0.945610046,0,,,,50
42069880,0.5,0.56410259,0.5,-0.817000687,0.177289367,0.136996329,0,0,15.9304171,12,8.3937664,8.37785816,0,13.3238449,15.4733496,0.945610046,0,,,,50
42071010,0.5,0.545454562,0.5,-0.817000687,0.193406582,0.161172152,0,0,15.9304171,12,8.4058218,8.33985329,0,13.3095493,13.0727139,1.68471396,0,,,,50
42072137,0.5,0.600000024,0.5,-0.817000687,0.193406582,0.128937721,0,0,15.9258718,12,8.45705795,8.38419151,0,13.3309927,13.0727139,1.68471396,0,,,,50
42073268,0.5,0.571428597,0.5,-0.817000687,0.193406582,0.145054936,0,0,15.9258718,12,8.42691898,8.37363529,0,13.3238449,15.4773741,1.12836933,0,,,,50
42074395,0.5,0.53191489,0.5,-0.817000687,0.201465189,0.177289367,0,0,15.9258718,12,8.43596077,8.32085133,0,13.3166971,15.4773741,1.12836933,0,,,,50
42075530,0.5,0.571428597,0.5,-0.817000687,0.193406582,0.145054936,0,0,15.9258718,12,8.42993259,8.33774185,0,13.3238449,13.0766792,1.86533689,0,,,,50
42076657,0.5,0.538461566,0.5,-0.817000687,0.169230759,0.145054936,0,0,15.9258718,12,8.43897438,8.34407616,0,13.3238449,13.0766792,1.86533689,0,,,,50
42077787,0.5,0.552631557,0.5,-0.817000687,0.169230759,0.136996329,0,0,15.9258718,12,8.4058218,8.34829903,0,13.3166971,15.4812803,1.30688763,0,,,,50
42078914,0.5,0.628571451,0.5,-0.817000687,0.177289367,0.104761899,0,0,15.9258718,12,8.41486359,8.37363529,0,13.3238449,15.4812803,1.30688763,0,,,,50
42080045,0.5,0.56410259,0.5,-0.817000687,0.177289367,0.136996329,0,0,15.9258718,12,8.41184998,8.32085133,0,13.3166971,13.0805283,2.04178166,0,,,,50
42081172,0.5,0.581395328,0.5,-0.817000687,0.201465189,0.145054936,0,0,15.9258718,12,8.42993259,8.34618759,0,13.3309927,13.0805283,2.04178166,0,,,,50
42082303,0.5,0.550000012,0.5,-0.817000687,0.177289367,0.145054936,0,0,15.9258718,12,8.39075184,8.3799696,0,13.3166971,15.4850731,1.48128927,0,,,,50
42083434,0.5,0.545454562,0.5,-0.817000687,0.193406582,0.161172152,0,0,15.9258718,12,8.40883541,8.35463333,0,13.3238449,15.4850731,1.48128927,0,,,,50
42084565,0.5,0.541666687,0.5,-0.817000687,0.209523797,0.177289367,0,0,15.9258718,12,8.4178772,8.33774185,0,13.3166971,13.0842648,2.21417022,0,,,,50
42085905,0.5,0.56410259,0.5,-0.817000687,0.177289367,0.136996329,0,0,15.9258718,12,8.43897438,8.36307812,0,13.3238449,13.0842648,2.21417022,0,,,,50
42087035,0.5,0.634146333,0.5,-0.817000687,0.209523797,0.120879114,0,0,15.9258718,12,8.43294716,8.32718563,0,13.3095493,15.4887543,1.65169466,0,,,,50
42088162,0.5,0.578947365,0.5,-0.817000687,0.177289367,0.128937721,0,0,15.9213276,12,8.42993259,8.32929707,0,13.3166971,15.4887543,1.65169466,0,,,,50
42089293,0.5,0.534883738,0.5,-0.817000687,0.185347974,0.161172152,0,0,15.9213276,12,8.42993259,8.33985329,0,13.3238449,13.0878925,2.38262129,0,,,,50
42090424,0.5,0.600000024,0.5,-0.817000687,0.217582405,0.145054936,0,0,15.9258718,12,8.4058218,8.32085133,0,13.3309927,13.0878925,2.38262129,0,,,,50
42091555,0.5,0.604651153,0.5,-0.817000687,0.209523797,0.136996329,0,0,15.9258718,12,8.44801617,8.33774185,0,13.3238449,15.4923277,1.81822062,0,,,,50
42092681,0.5,0.568181813,0.5,-0.817000687,0.201465189,0.153113544,0,0,15.9258718,12,8.45103073,8.3250742,0,13.3238449,15.4923277,1.81822062,0,,,,50
42093812,0.5,0.558139563,0.5,-0.817000687,0.193406582,0.153113544,0,0,15.9258718,12,8.46007252,8.33985329,0,13.3095493,13.0914135,2.54725027,0,,,,50
42094939,0.5,0.578947365,0.5,-0.817000687,0.177289367,0.128937721,0,0,15.9258718,12,8.4058218,8.34618759,0,13.3238449,13.0914135,2.54725027,0,,,,50
42096069,0.5,0.615384638,0.5,-0.817000687,0.193406582,0.120879114,0,0,15.9304171,12,8.4178772,8.31240559,0,13.3095493,15.4957972,1.98098063,0,,,,50
42097196,0.5,0.550000012,0.5,-0.817000687,0.177289367,0.145054936,0,0,15.9213276,12,8.45103073,8.33985329,0,13.3238449,15.4957972,1.98098063,0,,,,50
42098332,0.5,0.631578922,0.5,-0.817000687,0.193406582,0.112820506,0,0,15.9213276,12,8.42691898,8.33563042,0,13.3095493,13.0948324,2.70816875,0,,,,50
42099458,0.5,0.534883738,0.5,-0.817000687,0.185347974,0.161172152,0,0,15.9258718,12,8.4691143,8.35674477,0,13.3238449,13.0948324,2.70816875,0,,,,50
42100589,0.5,0.606060624,0.5,-0.440013528,0.161172152,0.104761899,0,0,15.9167824,12,8.39678001,8.32085133,0,13.3238449,15.4991646,2.14008498,0,,,,50
42101715,0.5,0.625,0.5,-0.440013528,0.201465189,0.120879114,0,0,15.9213276,12,8.42390537,8.32718563,0,13.3238449,15.4991646,2.14008498,0,,,,50
42102846,0.5,0.536585391,0.5,-0.440013528,0.177289367,0.153113544,0,0,15.9304171,12,8.45705795,8.33351898,0,13.3095493,12.3983727,2.86548543,0,,,,50
42103973,0.5,0.594594598,0.5,-0.440013528,0.177289367,0.120879114,0,0,15.9258718,12,8.46007252,8.34618759,0,13.3238449,12.3983727,2.86548543,0,,,,50
42105103,0.5,0.577777803,0.5,-0.440013528,0.209523797,0.153113544,0,0,15.9213276,12,8.4178772,8.34618759,0,13.3166971,14.8026562,2.29564047,0,,,,50
42106243,0.5,0.621621609,0.5,-0.440013528,0.185347974,0.112820506,0,0,15.9213276,12,8.41486359,8.31662846,0,13.3238449,14.8026562,2.29564047,0,,,,50
42107578,0.5,0.65625,0.5,-0.440013528,0.169230759,0.0886446834,0,0,15.9304171,12,8.41486359,8.37574673,0,13.3095493,12.4015942,3.01930571,0,,,,50
42108705,0.5,0.56410259,0.5,-0.440013528,0.177289367,0.136996329,0,0,15.9258718,12,8.43294716,8.32296276,0,13.3238449,12.4015942,3.01930571,0,,,,50
42109835,0.5,0.558823526,0.5,-0.440013528,0.153113544,0.120879114,0,0,15.9304171,12,8.43596077,8.37363529,0,13.3166971,14.80583,2.44775105,0,,,,50
42110962,0.5,0.604651153,0.5,-0.440013528,0.209523797,0.136996329,0,0,15.9213276,12,8.43596077,8.32296276,0,13.3095493,14.80583,2.44775105,0,,,,50
42112092,0.5,0.571428597,0.5,-0.440013528,0.193406582,0.145054936,0,0,15.9258718,12,8.43596077,8.33351898,0,13.3166971,12.4047213,3.16973162,0,,,,50
42113219,0.5,0.51219511,0.5,-0.440013528,0.169230759,0.161172152,0,0,15.9258718,12,8.46007252,8.34829903,0,13.3238449,12.4047213,3.16973162,0,,,,50
42114354,0.5,0.590909064,0.5,-0.440013528,0.209523797,0.145054936,0,0,15.9304171,12,8.44801617,8.34829903,0,13.3095493,14.8089104,2.59651732,0,,,,50
42115481,0.5,0.581395328,0.5,-0.440013528,0.201465189,0.145054936,0,0,15.9258718,12,8.42089176,8.33774185,0,13.3238449,14.8089104,2.59651732,0,,,,50
42116611,0.5,0.574999988,0.5,-0.440013528,0.185347974,0.136996329,0,0,15.9213276,12,8.42390537,8.32085133,0,13.3166971,12.4077568,3.31686234,0,,,,50
42117737,0.5,0.600000024,0.5,-0.440013528,0.217582405,0.145054936,0,0,15.9258718,12,8.43294716,8.3039608,0,13.3166971,12.4077568,3.31686234,0,,,,50
42118868,0.5,0.64864862,0.5,-0.440013528,0.193406582,0.104761899,0,0,15.9304171,12,8.42390537,8.3314085,0,13.3095493,14.8119011,2.74203706,0,,,,50
42119994,0.5,0.67567569,0.5,-0.440013528,0.201465189,0.0967032909,0,0,15.9258718,12,8.42691898,8.37152386,0,13.3238449,14.8119011,2.74203706,0,,,,50
42121130,0.5,0.550000012,0.5,-0.440013528,0.177289367,0.145054936,0,0,15.9258718,12,8.4178772,8.34407616,0,13.3095493,12.4107037,3.46079445,0,,,,50
42122256,0.5,0.600000024,0.5,-0.440013528,0.193406582,0.128937721,0,0,15.9258718,12,8.41486359,8.40319443,0,13.3238449,12.4107037,3.46079445,0,,,,50
42123387,0.5,0.611111104,0.5,-0.440013528,0.177289367,0.112820506,0,0,15.9304171,12,8.43596077,8.39897156,0,13.3095493,14.8148041,2.8844049,0,,,,50
42124514,0.5,0.64864862,0.5,-0.440013528,0.193406582,0.104761899,0,0,15.9304171,12,8.42993259,8.34618759,0,13.3238449,14.8148041,2.8844049,0,,,,50
42125654,0.5,0.585365832,0.5,-0.440013528,0.193406582,0.136996329,0,0,15.9258718,12,8.43294716,8.34618759,0,13.3095493,12.4135647,3.60162139,0,,,,50
42126780,0.5,0.605263174,0.5,-0.440013528,0.185347974,0.120879114,0,0,15.9258718,12,8.42691898,8.37785816,0,13.3238449,12.4135647,3.60162139,0,,,,50
42128115,0.5,0.571428597,0.5,-0.440013528,0.193406582,0.145054936,0,0,15.9258718,12,8.44801617,8.31873989,0,13.3238449,14.8176231,3.02371359,0,,,,50
42129246,0.5,0.538461566,0.5,-0.440013528,0.169230759,0.145054936,0,0,15.9258718,12,8.39075184,8.36518955,0,13.3238449,14.8176231,3.02371359,0,,,,50
42130377,0.5,0.552631557,0.5,-0.440013528,0.169230759,0.136996329,0,0,15.9258718,12,8.40280819,8.33774185,0,13.3166971,12.4163418,3.73943377,0,,,,50
42131503,0.5,0.59523809,0.5,-0.440013528,0.201465189,0.136996329,0,0,15.9258718,12,8.45705795,8.32296276,0,13.3238449,12.4163418,3.73943377,0,,,,50
42132634,0.5,0.594594598,0.5,-0.440013528,0.177289367,0.120879114,0,0,15.9258718,12,8.43596077,8.33563042,0,13.3095493,14.8203583,3.16005206,0,,,,50
42133761,0.5,0.625,0.5,-0.440013528,0.201465189,0.120879114,0,0,15.9258718,12,8.40883541,8.35041046,0,13.3238449,14.8203583,3.16005206,0,,,,50
42134891,0.5,0.589743614,0.5,-0.440013528,0.185347974,0.128937721,0,0,15.9213276,12,8.42390537,8.30818272,0,13.3166971,12.4190378,3.87431979,0,,,,50
42136018,0.5,0.56410259,0.5,-0.440013528,0.177289367,0.136996329,0,0,15.9258718,12,8.40280819,8.3250742,0,13.3166971,12.4190378,3.87431979,0,,,,50
42137153,0.5,0.558139563,0.5,-0.440013528,0.193406582,0.153113544,0,0,15.9258718,12,8.42390537,8.34196472,0,13.3166971,14.8230143,3.29350734,0,,,,50
42138279,0.5,0.585365832,0.5,-0.440013528,0.193406582,0.136996329,0,0,15.9213276,12,8.42089176,8.34829903,0,13.3095493,14.8230143,3.29350734,0,,,,50
42139410,0.5,0.538461566,0.5,-0.440013528,0.169230759,0.145054936,0,0,15.9258718,12,8.40280819,8.33774185,0,13.3024006,12.4216547,4.0063653,0,,,,50
42140537,0.5,0.558139563,0.5,-0.440013528,0.193406582,0.153113544,0,0,15.9258718,12,8.41184998,8.34829903,0,13.3166971,12.4216547,4.0063653,0,,,,50
42141667,0.5,0.571428597,0.5,-0.440013528,0.193406582,0.145054936,0,0,15.9213276,12,8.42089176,8.3525219,0,13.3095493,14.825593,3.42416358,0,,,,50
42142794,0.5,0.600000024,0.5,-0.440013528,0.217582405,0.145054936,0,0,15.9258718,12,8.41184998,8.34196472,0,13.3238449,14.825593,3.42416358,0,,,,50
42143929,0.5,0.609756112,0.5,-0.440013528,0.201465189,0.128937721,0,0,15.9213276,12,8.42993259,8.3525219,0,13.3166971,12.4241953,4.13565254,0,,,,50
42145056,0.5,0.571428597,0.5,-0.440013528,0.225641012,0.169230759,0,0,15.9258718,12,8.43897438,8.3525219,0,13.3166971,12.4241953,4.13565254,0,,,,50
42146195,0.5,0.577777803,0.5,-0.440013528,0.209523797,0.153113544,0,0,15.9258718,12,8.42390537,8.33985329,0,13.3095493,14.8280964,3.55210233,0,,,,50
42147322,0.5,0.555555582,0.5,-0.440013528,0.201465189,0.161172152,0,0,15.9258718,12,8.3937664,8.3314085,0,13.3238449,14.8280964,3.55210233,0,,,,50
42148452,0.5,0.520833313,0.5,-0.440013528,0.201465189,0.185347974,0,0,15.9213276,12,8.42691898,8.33985329,0,13.3024006,12.4266624,4.26226282,0,,,,50
42149782,0.5,0.577777803,0.5,-0.440013528,0.209523797,0.153113544,0,0,15.9213276,12,8.40280819,8.33985329,0,13.3238449,12.4266624,4.26226282,0,,,,50
42150914,0.5,0.553191483,0.5,-0.440013528,0.209523797,0.169230759,0,0,15.9213276,12,8.41184998,8.33774185,0,13.3238449,14.8305264,3.67740345,0,,,,50
42152045,0.5,0.560000002,0.5,-0.440013528,0.225641012,0.177289367,0,0,15.9167824,12,8.4178772,8.33985329,0,13.3095493,14.8305264,3.67740345,0,,,,50
42153176,0.5,0.574468076,0.5,-0.440013528,0.217582405,0.161172152,0,0,15.9213276,12,8.42390537,8.34407616,0,13.3095493,12.4290571,4.38627386,0,,,,50
42154302,0.5,0.555555582,0.5,-0.440013528,0.201465189,0.161172152,0,0,15.9213276,12,8.41184998,8.34196472,0,13.3166971,12.4290571,4.38627386,0,,,,50
42155433,0.5,0.574468076,0.5,-0.440013528,0.217582405,0.161172152,0,0,15.9258718,12,8.39979362,8.33774185,0,13.3166971,14.8328857,3.80014348,0,,,,50
42156560,0.5,0.571428597,0.5,-0.440013528,0.225641012,0.169230759,0,0,15.9167824,12,8.39979362,8.32718563,0,13.3238449,14.8328857,3.80014348,0,,,,50
42157691,0.5,0.565217376,0.5,-0.440013528,0.209523797,0.161172152,0,0,15.9213276,12,8.39678001,8.3314085,0,13.3166971,12.4313812,4.50776148,0,,,,50
42158818,0.5,0.541666687,0.5,-0.440013528,0.209523797,0.177289367,0,0,15.9167824,12,8.41184998,8.33351898,0,13.3238449,12.4313812,4.50776148,0,,,,50
42159953,0.5,0.57407409,0.5,-0.440013528,0.249816835,0.185347974,0,0,15.9167824,12,8.36664104,8.32929707,0,13.3166971,14.8351755,3.92039752,0,,,,50
42161079,0.5,0.591836751,0.5,-0.440013528,0.23369962,0.161172152,0,0,15.9167824,12,8.40280819,8.32718563,0,13.3238449,14.8351755,3.92039752,0,,,,50
42162210,0.5,0.560000002,0.5,-0.440013528,0.225641012,0.177289367,0,0,15.9213276,12,8.41184998,8.32929707,0,13.3095493,12.4336386,4.62679958,0,,,,50
42163336,0.5,0.5625,0.5,-0.440013528,0.217582405,0.169230759,0,0,15.9167824,12,8.38472462,8.33985329,0,13.3238449,12.4336386,4.62679958,0,,,,50
42164467,0.5,0.579999983,0.5,-0.440013528,0.23369962,0.169230759,0,0,15.9213276,12,8.39979362,8.33774185,0,13.3166971,14.8373985,4.03823805,0,,,,50
42165603,0.5,0.576923072,0.5,-0.440013528,0.241758227,0.177289367,0,0,15.9167824,12,8.41184998,8.3250742,0,13.3166971,14.8373985,4.03823805,0,,,,50
42166733,0.5,0.551020384,0.5,-0.440013528,0.217582405,0.177289367,0,0,15.9167824,12,8.3937664,8.33774185,0,13.3095493,12.4358292,4.74346018,0,,,,50
42167864,0.5,0.568627477,0.5,-0.440013528,0.23369962,0.177289367,0,0,15.9213276,12,8.39979362,8.3314085,0,13.3166971,12.4358292,4.74346018,0,,,,50
42168995,0.5,0.571428597,0.5,-0.440013528,0.225641012,0.169230759,0,0,15.9258718,12,8.40280819,8.3314085,0,13.3095493,14.8395567,4.15373564,0,,,,50
42170326,0.5,0.5625,0.5,-0.440013528,0.217582405,0.169230759,0,0,15.9213276,12,8.4178772,8.33774185,0,13.3238449,14.8395567,4.15373564,0,,,,50
42171456,0.5,0.600000024,0.5,-0.440013528,0.217582405,0.145054936,0,0,15.9213276,12,8.39979362,8.33774185,0,13.3166971,12.4379559,4.85781145,0,,,,50
42172582,0.5,0.568181813,0.5,-0.440013528,0.201465189,0.153113544,0,0,15.9213276,12,8.4178772,8.33351898,0,13.3166971,12.4379559,4.85781145,0,,,,50
42173713,0.5,0.551020384,0.5,-0.440013528,0.217582405,0.177289367,0,0,15.9258718,12,8.39678001,8.3250742,0,13.3095493,14.8416529,4.26695824,0,,,,50
42174844,0.5,0.553191483,0.5,-0.440013528,0.209523797,0.169230759,0,0,15.9167824,12,8.39075184,8.32929707,0,13.3166971,14.8416529,4.26695824,0,,,,50
42175975,0.5,0.579999983,0.5,-0.440013528,0.23369962,0.169230759,0,0,15.9213276,12,8.39979362,8.3314085,0,13.3095493,12.4400206,4.96992207,0,,,,50
42177102,0.5,0.583333313,0.5,-0.440013528,0.225641012,0.161172152,0,0,15.9213276,12,8.40883541,8.33563042,0,13.3238449,12.4400206,4.96992207,0,,,,50
42178232,0.5,0.617021263,0.5,-0.440013528,0.23369962,0.145054936,0,0,15.9167824,12,8.42993259,8.32929707,0,13.3095493,14.8436871,4.37797308,0,,,,50
42179359,0.5,0.577777803,0.5,-0.440013528,0.209523797,0.153113544,0,0,15.9213276,12,8.38773823,8.34407616,0,13.3166971,14.8436871,4.37797308,0,,,,50
42180489,0.5,0.586956501,0.5,-0.440013528,0.217582405,0.153113544,0,0,15.9167824,12,8.4058218,8.33563042,0,13.3095493,12.4420252,5.07985687,0,,,,50
42181616,0.5,0.53061223,0.5,-0.440013528,0.209523797,0.185347974,0,0,15.9167824,12,8.40883541,8.32929707,0,13.3166971,12.4420252,5.07985687,0,,,,50
42182751,0.5,0.581818163,0.5,-0.440013528,0.257875443,0.185347974,0,0,15.9122372,12,8.39979362,8.32296276,0,13.3095493,14.8456612,4.48684359,0,,,,50
42183878,0.5,0.545454562,0.5,-0.440013528,0.241758227,0.201465189,0,0,15.9122372,12,8.38171005,8.31873989,0,13.3166971,14.8456612,4.48684359,0,,,,50
42185008,0.5,0.543859661,0.5,-0.440013528,0.249816835,0.209523797,0,0,15.9167824,12,8.37266827,8.31451702,0,13.3095493,12.4439716,5.18767881,0,,,,50
42186144,0.5,0.571428597,0.5,-0.440013528,0.257875443,0.193406582,0,0,15.9122372,12,8.38472462,8.31451702,0,13.3166971,12.4439716,5.18767881,0,,,,50
42187274,0.5,0.551724136,0.5,-0.440013528,0.257875443,0.209523797,0,0,15.9122372,12,8.36362648,8.32085133,0,13.3095493,14.847579,4.59363317,0,,,,50
42188401,0.5,0.561403513,0.5,-0.440013528,0.257875443,0.201465189,0,0,15.9167824,12,8.38472462,8.31451702,0,13.3095493,14.847579,4.59363317,0,,,,50
42189532,0.5,0.561403513,0.5,-0.440013528,0.257875443,0.201465189,0,0,15.9122372,12,8.37266827,8.31451702,0,13.3238449,12.4458609,5.29345036,0,,,,50
42190867,0.5,0.551724136,0.5,-0.440013528,0.257875443,0.209523797,0,0,15.9122372,12,8.35458469,8.31240559,0,13.3166971,12.4458609,5.29345036,0,,,,50
42191997,0.5,0.553571403,0.5,-0.440013528,0.249816835,0.201465189,0,0,15.9122372,12,8.36664104,8.31662846,0,13.3024006,14.8494406,4.69840193,0,,,,50
42193124,0.5,0.571428597,0.5,-0.440013528,0.257875443,0.193406582,0,0,15.9167824,12,8.36362648,8.31873989,0,13.3166971,14.8494406,4.69840193,0,,,,50
42194255,0.5,0.563636363,0.5,-0.440013528,0.249816835,0.193406582,0,0,15.9122372,12,8.37869644,8.31451702,0,13.3238449,12.4476957,5.3972311,0,,,,50
42195381,0.5,0.553571403,0.5,-0.440013528,0.249816835,0.201465189,0,0,15.9122372,12,8.36965466,8.31240559,0,13.3166971,12.4476957,5.3972311,0,,,,50
42196512,0.5,0.553571403,0.5,-0.440013528,0.249816835,0.201465189,0,0,15.9122372,12,8.36362648,8.31662846,0,13.3024006,14.8512478,4.8012085,0,,,,50
42197638,0.5,0.543859661,0.5,-0.440013528,0.249816835,0.209523797,0,0,15.9167824,12,8.37568283,8.31873989,0,13.3166971,14.8512478,4.8012085,0,,,,50
42198774,0.5,0.542372882,0.5,-0.440013528,0.257875443,0.217582405,0,0,15.9122372,12,8.37568283,8.32085133,0,13.3095493,12.4494762,5.49907875,0,,,,50
42199900,0.5,0.542372882,0.5,-0.440013528,0.257875443,0.217582405,0,0,15.9167824,12,8.36664104,8.32085133,0,13.3166971,12.4494762,5.49907875,0,,,,50
42201031,0.5,0.576923072,0.5,-0.440013528,0.241758227,0.177289367,0,0,15.9213276,12,8.38773823,8.32929707,0,13.3095493,14.8530016,4.90211105,0,,,,50
42202158,0.5,0.576923072,0.5,-0.440013528,0.241758227,0.177289367,0,0,15.9167824,12,8.39075184,8.3250742,0,13.3024006,14.8530016,4.90211105,0,,,,50
42203288,0.5,0.603773594,0.5,-0.440013528,0.257875443,0.169230759,0,0,15.9167824,12,8.38773823,8.3314085,0,13.3095493,12.4512053,5.59904957,0,,,,50
42204415,0.5,0.576923072,0.5,-0.440013528,0.241758227,0.177289367,0,0,15.9167824,12,8.4058218,8.3250742,0,13.3238449,12.4512053,5.59904957,0,,,,50
42205550,0.5,0.555555582,0.5,-0.440013528,0.241758227,0.193406582,0,0,15.9122372,12,8.38171005,8.31451702,0,13.3095493,14.8547049,5.00116444,0,,,,50
42206686,0.5,0.57407409,0.5,-0.440013528,0.249816835,0.185347974,0,0,15.9167824,12,8.37568283,8.32296276,0,13.3238449,14.8547049,5.00116444,0,,,,50
42207817,0.5,0.566037714,0.5,-0.440013528,0.241758227,0.185347974,0,0,15.9167824,12,8.37869644,8.31873989,0,13.3095493,12.4528837,5.69719887,0,,,,50
42208944,0.5,0.538461566,0.5,-0.440013528,0.225641012,0.193406582,0,0,15.9213276,12,8.39075184,8.32296276,0,13.3024006,12.4528837,5.69719887,0,,,,50
42210074,0.5,0.57407409,0.5,-0.440013528,0.249816835,0.185347974,0,0,15.9122372,12,8.37568283,8.3250742,0,13.3095493,14.8563585,5.098423,0,,,,50
42211201,0.5,0.547169805,0.5,-0.440013528,0.23369962,0.193406582,0,0,15.9122372,12,8.38171005,8.32929707,0,13.3166971,14.8563585,5.098423,0,,,,50
42212536,0.5,0.563636363,0.5,-0.440013528,0.249816835,0.193406582,0,0,15.9167824,12,8.38171005,8.31873989,0,13.3095493,12.4545135,5.7935791,0,,,,50
42213667,0.5,0.555555582,0.5,-0.440013528,0.241758227,0.193406582,0,0,15.9122372,12,8.37869644,8.3250742,0,13.3166971,12.4545135,5.7935791,0,,,,50
42214798,0.5,0.537037015,0.5,-0.440013528,0.23369962,0.201465189,0,0,15.9122372,12,8.37568283,8.32296276,0,13.3095493,14.8579645,5.19393826,0,,,,50
42215924,0.5,0.561403513,0.5,-0.440013528,0.257875443,0.201465189,0,0,15.9167824,12,8.35157108,8.31873989,0,13.3166971,14.8579645,5.19393826,0,,,,50
42217055,0.5,0.583333313,0.5,-0.440013528,0.282051265,0.201465189,0,0,15.9167824,12,8.36965466,8.31662846,0,13.3166971,12.4560957,5.88824224,0,,,,50
42218182,0.5,0.559322059,0.5,-0.440013528,0.26593405,0.209523797,0,0,15.9122372,12,8.36664104,8.31662846,0,13.3238449,12.4560957,5.88824224,0,,,,50
42219312,0.5,0.54838711,0.5,-0.440013528,0.273992658,0.225641012,0,0,15.9122372,12,8.3304739,8.30607224,0,13.3095493,14.8595228,5.28776169,0,,,,50
42220439,0.5,0.539682567,0.5,-0.440013528,0.273992658,0.23369962,0,0,15.907692,12,8.39979362,8.3039608,0,13.3166971,14.8595228,5.28776169,0,,,,50
42221574,0.5,0.55737704,0.5,-0.440013528,0.273992658,0.217582405,0,0,15.907692,12,8.34855747,8.31029415,0,13.3095493,12.4576321,5.98123789,0,,,,50
42222701,0.5,0.55737704,0.5,-0.440013528,0.273992658,0.217582405,0,0,15.9122372,12,8.34855747,8.31240559,0,13.3166971,12.4576321,5.98123789,0,,,,50
42223831,0.5,0.564516127,0.5,-0.440013528,0.282051265,0.217582405,0,0,15.9122372,12,8.39075184,8.31240559,0,13.3024006,14.8610363,5.37994242,0,,,,50
42224957,0.5,0.564516127,0.5,-0.440013528,0.282051265,0.217582405,0,0,15.9122372,12,8.39678001,8.30607224,0,13.3166971,14.8610363,5.37994242,0,,,,50
42226097,0.5,0.573770463,0.5,-0.440013528,0.282051265,0.209523797,0,0,15.9122372,12,8.35157108,8.3039608,0,13.3024006,12.4591236,6.07261515,0,,,,50
42227224,0.5,0.571428597,0.5,-0.440013528,0.290109873,0.217582405,0,0,15.9031467,12,8.34855747,8.31451702,0,13.3238449,12.4591236,6.07261515,0,,,,50
42228354,0.5,0.550000012,0.5,-0.440013528,0.26593405,0.217582405,0,0,15.9122372,12,8.39075184,8.31029415,0,13.3024006,14.862505,5.47052813,0,,,,50
42229486,0.5,0.55737704,0.5,-0.440013528,0.273992658,0.217582405,0,0,15.9122372,12,8.34554291,8.30818272,0,13.3166971,14.862505,5.47052813,0,,,,50
42230616,0.5,0.555555582,0.5,-0.440013528,0.282051265,0.225641012,0,0,15.9167824,12,8.39979362,8.30184937,0,13.3095493,12.4605713,6.16242075,0,,,,50
42231743,0.5,0.546875,0.5,-0.440013528,0.282051265,0.23369962,0,0,15.9122372,12,8.33650112,8.30818272,0,13.3166971,12.4605713,6.16242075,0,,,,50
42233078,0.5,0.571428597,0.5,0.407124758,0.290109873,0.217582405,0,0,15.9122372,12,8.31841755,8.31873989,0,13.3024006,14.8639317,5.55956507,0,,,,50
42234205,0.5,0.561403513,0.5,0.407124758,0.257875443,0.201465189,0,0,15.907692,12,8.32444572,8.31029415,0,13.3166971,14.8639317,5.55956507,0,,,,50
42235335,0.5,0.5625,0.5,0.407124758,0.290109873,0.225641012,0,0,15.9122372,10.8894873,8.38171005,8.31451702,0,13.3238449,10.8894873,5.65244055,0,,,,50
42236467,0.5,0.583333313,0.5,0.407124758,0.282051265,0.201465189,0,0,15.9122372,10.8894873,8.37266827,8.31873989,0,13.3166971,10.8894873,5.65244055,0,,,,50
42237598,0.5,0.586206913,0.5,0.407124758,0.273992658,0.193406582,0,0,15.9122372,9.84096432,8.38171005,8.31873989,0,13.3095493,9.84096432,5.74531555,0,,,,50
42238724,0.5,0.557692289,0.5,0.407124758,0.23369962,0.185347974,0,0,15.9213276,9.84096432,8.39979362,8.32929707,0,13.3166971,9.84096432,5.74531555,0,,,,50
42239855,0.5,0.595744669,0.5,0.407124758,0.225641012,0.153113544,0,0,15.9167824,9.64904022,8.39678001,8.34196472,0,13.3166971,9.64904022,5.83819103,0,,,,50
42240982,0.5,0.574468076,0.5,0.407124758,0.217582405,0.161172152,0,0,15.9258718,9.64904022,8.43596077,8.34196472,0,13.3238449,9.64904022,5.83819103,0,,,,50
42242113,0.5,0.590909064,0.5,0.442453295,0.209523797,0.145054936,0,0,15.9258718,9.96344566,8.45404434,8.35463333,0,13.3309927,9.96344566,5.93106604,0,,,,50
42243240,0.5,0.595744669,0.5,0.442453295,0.225641012,0.153113544,0,0,15.9304171,9.96344566,8.4058218,8.34618759,0,13.3166971,9.96344566,5.93106604,0,,,,50
42244375,0.5,0.571428597,0.5,0.442453295,0.193406582,0.145054936,0,0,15.9258718,10.4900408,8.39075184,8.3525219,0,13.3166971,10.4900408,5.98861265,0,,,,50
42245502,0.5,0.59523809,0.5,0.442453295,0.201465189,0.136996329,0,0,15.9213276,10.4900408,8.4058218,8.3525219,0,13.3238449,10.4900408,5.98861265,0,,,,50
42246641,0.5,0.5625,0.5,0.442453295,0.217582405,0.169230759,0,0,15.9258718,11.0070553,8.3937664,8.3314085,0,13.3095493,11.0070553,6.04615974,0,,,,50
42247768,0.5,0.560000002,0.5,0.442453295,0.225641012,0.177289367,0,0,15.9167824,11.0070553,8.3937664,8.3314085,0,13.3238449,11.0070553,6.04615974,0,,,,50
42248899,0.5,0.547169805,0.5,0.442453295,0.23369962,0.193406582,0,0,15.9167824,11.4515362,8.38773823,8.3314085,0,13.3166971,11.4515362,6.10370636,0,,,,50
42250025,0.5,0.595744669,0.5,0.463932842,0.225641012,0.153113544,0,0,15.9122372,11.4515362,8.37869644,8.3250742,0,13.3166971,11.4515362,6.10370636,0,,,,50
42251156,0.5,0.600000024,0.5,0.463932842,0.241758227,0.161172152,0,0,15.9213276,11.7894487,8.38171005,8.32718563,0,13.3095493,11.7894487,6.13977337,0,,,,50
42252287,0.5,0.589285731,0.5,0.463932842,0.26593405,0.185347974,0,0,15.9122372,11.7894487,8.36965466,8.32085133,0,13.3238449,11.7894487,6.13977337,0,,,,50
42253418,0.5,0.561403513,0.5,0.463932842,0.257875443,0.201465189,0,0,15.907692,11.9837847,8.3937664,8.31873989,0,13.3166971,11.9837847,6.17584038,0,,,,50
42254748,0.5,0.55737704,0.5,0.463932842,0.273992658,0.217582405,0,0,15.907692,11.9837847,8.36061287,8.31662846,0,13.3166971,11.9837847,6.17584038,0,,,,50
42255879,0.5,0.573770463,0.5,0.463932842,0.282051265,0.209523797,0,0,15.907692,12,8.37266827,8.31451702,0,13.3095493,12.0615568,6.17874575,0,,,,50
42257005,0.5,0.566666663,0.5,0.463932842,0.273992658,0.209523797,0,0,15.9122372,12,8.36061287,8.31240559,0,13.3166971,12.0615568,6.17874575,0,,,,50
42258136,0.5,0.55737704,0.5,0.494646966,0.273992658,0.217582405,0,0,15.907692,11.8773928,8.38472462,8.31029415,0,13.3095493,11.8773928,6.21481276,0,,,,50
42259263,0.5,0.55384618,0.5,0.494646966,0.290109873,0.23369962,0,0,15.907692,11.8773928,8.33951569,8.3039608,0,13.3166971,11.8773928,6.21481276,0,,,,50
42260399,0.5,0.5625,0.5,0.494646966,0.290109873,0.225641012,0,0,15.907692,11.6875648,8.33650112,8.3039608,0,13.3166971,11.6875648,6.22016573,0,,,,50
42261525,0.5,0.539682567,0.5,0.494646966,0.273992658,0.23369962,0,0,15.907692,11.6875648,8.34554291,8.31029415,0,13.3024006,11.6875648,6.22016573,0,,,,50
42262656,0.5,0.539682567,0.5,0.494646966,0.273992658,0.23369962,0,0,15.907692,11.4170084,8.3304739,8.31240559,0,13.3095493,11.4170084,6.2255187,0,,,,50
42263783,0.5,0.546875,0.5,0.494646966,0.282051265,0.23369962,0,0,15.907692,11.4170084,8.34554291,8.30818272,0,13.3166971,11.4170084,6.2255187,0,,,,50
42264914,0.5,0.551724136,0.5,0.494646966,0.257875443,0.209523797,0,0,15.9122372,11.083559,8.38171005,8.31240559,0,13.3095493,11.083559,6.23087168,0,,,,50
42266049,0.5,0.559322059,0.5,0.494646966,0.26593405,0.209523797,0,0,15.9167824,11.083559,8.38171005,8.32085133,0,13.3024006,11.083559,6.23087168,0,,,,50
42267185,0.5,0.576271176,0.5,0.494646966,0.273992658,0.201465189,0,0,15.9167824,10.7346563,8.36362648,8.31873989,0,13.3166971,10.7346563,6.23622465,0,,,,50
42268312,0.5,0.561403513,0.5,0.494646966,0.257875443,0.201465189,0,0,15.9122372,10.7346563,8.36965466,8.31451702,0,13.3238449,10.7346563,6.23622465,0,,,,50
42269442,0.5,0.559322059,0.5,0.494646966,0.26593405,0.209523797,0,0,15.9122372,10.3984299,8.39075184,8.31662846,0,13.3166971,10.3984299,6.24157763,0,,,,50
42270569,0.5,0.551724136,0.5,0.494646966,0.257875443,0.209523797,0,0,15.9122372,10.3984299,8.36061287,8.32296276,0,13.3166971,10.3984299,6.24157763,0,,,,50
42271700,0.5,0.57407409,0.5,0.494646966,0.249816835,0.185347974,0,0,15.9167824,10.090312,8.38773823,8.3314085,0,13.3166971,10.090312,6.24693108,0,,,,50
42272826,0.5,0.566037714,0.5,0.494646966,0.241758227,0.185347974,0,0,15.9167824,10.090312,8.38171005,8.32718563,0,13.3166971,10.090312,6.24693108,0,,,,50
42273957,0.5,0.5625,0.5,0.494646966,0.217582405,0.169230759,0,0,15.9122372,9.81744289,8.40280819,8.3314085,0,13.3024006,9.81744289,6.25228405,0,,,,50
42275292,0.5,0.565217376,0.5,0.494646966,0.209523797,0.161172152,0,0,15.9213276,9.81744289,8.3937664,8.33563042,0,13.3238449,9.81744289,6.25228405,0,,,,50
42276423,0.5,0.568181813,0.5,0.494646966,0.201465189,0.153113544,0,0,15.9258718,9.58170605,8.39075184,8.33563042,0,13.288105,9.58170605,6.25763702,0,,,,50
42277550,0.5,0.568181813,0.5,0.494646966,0.201465189,0.153113544,0,0,15.9213276,9.58170605,8.38773823,8.33351898,0,13.3238449,9.58170605,6.25763702,0,,,,50
42278680,0.5,0.571428597,0.5,0.494646966,0.225641012,0.169230759,0,0,15.9213276,9.38182545,8.43596077,8.33563042,0,13.3095493,9.38182545,6.26299,0,,,,50
42279807,0.5,0.558139563,0.5,0.494646966,0.193406582,0.153113544,0,0,15.9213276,9.38182545,8.38472462,8.33774185,0,13.3166971,9.38182545,6.26299,0,,,,50
42280938,0.5,0.553191483,0.5,0.494646966,0.209523797,0.169230759,0,0,15.9213276,9.21477318,8.3937664,8.33774185,0,13.3095493,9.21477318,6.26834297,0,,,,50
42282064,0.5,0.551020384,0.5,0.494646966,0.217582405,0.177289367,0,0,15.9258718,9.21477318,8.42089176,8.33985329,0,13.3166971,9.21477318,6.26834297,0,,,,50
42283200,0.5,0.545454562,0.5,0.494646966,0.193406582,0.161172152,0,0,15.9213276,9.07670116,8.3937664,8.34407616,0,13.3024006,9.07670116,6.27369595,0,,,,50
42284326,0.5,0.586956501,0.5,0.494646966,0.217582405,0.153113544,0,0,15.9258718,9.07670116,8.40883541,8.33774185,0,13.3238449,9.07670116,6.27369595,0,,,,50
42285457,0.5,0.59523809,0.5,0.494646966,0.201465189,0.136996329,0,0,15.9213276,8.9635334,8.41184998,8.34196472,0,13.3095493,8.9635334,6.27904892,0,,,,50
42286592,0.5,0.59523809,0.5,0.494646966,0.201465189,0.136996329,0,0,15.9258718,8.9635334,8.41486359,8.35041046,0,13.3238449,8.9635334,6.27904892,0,,,,50
42287723,0.5,0.595744669,0.5,0.494646966,0.225641012,0.153113544,0,0,15.9213276,8.87131882,8.39678001,8.34196472,0,13.3166971,8.87131882,6.28440237,0,,,,50
42288850,0.5,0.600000024,0.5,0.494646966,0.217582405,0.145054936,0,0,15.9213276,8.87131882,8.44500256,8.33985329,0,13.3238449,8.87131882,6.28440237,0,,,,50
42289985,0.5,0.555555582,0.5,0.494646966,0.201465189,0.161172152,0,0,15.9258718,8.79643345,8.40883541,8.33774185,0,13.3095493,8.79643345,6.28975534,0,,,,50
42291112,0.5,0.547619045,0.5,0.494646966,0.185347974,0.153113544,0,0,15.9258718,8.79643345,8.40883541,8.35674477,0,13.3238449,8.79643345,6.28975534,0,,,,50
42292242,0.5,0.571428597,0.5,0.494646966,0.193406582,0.145054936,0,0,15.9213276,8.7356739,8.43897438,8.33351898,0,13.3166971,8.7356739,6.29510832,0,,,,50
42293369,0.5,0.609756112,0.5,0.5867818,0.201465189,0.128937721,0,0,15.9258718,8.7356739,8.43897438,8.37363529,0,13.3238449,8.7356739,6.29510832,0,,,,50
42294500,0.5,0.628571451,0.5,0.5867818,0.177289367,0.104761899,0,0,15.9258718,8.51525974,8.47815609,8.3525219,0,13.3166971,8.51525974,6.20832634,0,,,,50
42295830,0.5,0.558823526,0.5,0.5867818,0.153113544,0.120879114,0,0,15.9258718,8.51525974,8.47514153,8.3250742,0,13.3238449,8.51525974,6.20832634,0,,,,50
42296961,0.5,0.657142878,0.5,0.5867818,0.185347974,0.0967032909,0,0,15.9258718,7.94331646,8.3425293,8.34407616,0,13.3095493,7.94331646,6.12154484,0,,,,50
42298092,0.5,0.512820542,0.5,0.5867818,0.161172152,0.153113544,0,0,15.9304171,7.94331646,8.43897438,8.36941242,0,13.3238449,7.94331646,6.12154484,0,,,,50
42299223,0.5,0.619047642,0.5,0.5867818,0.209523797,0.128937721,0,0,15.9258718,7.09998369,8.31239033,8.35674477,0,13.3095493,7.09998369,6.03476286,0,,,,50
42300349,0.5,0.535714269,0.5,0.596921384,0.120879114,0.104761899,0,0,15.9349623,7.09998369,8.47212791,8.36730099,0,13.3238449,7.09998369,6.03476286,0,,,,50
42301480,0.5,0.666666687,0.5,0.596921384,0.161172152,0.0805860758,0,0,15.9258718,6.12839603,8.58062935,8.3799696,0,13.3166971,6.12839603,5.93784142,0,,,,50
42302606,0.5,0.703703701,0.5,0.596921384,0.153113544,0.0644688606,0,0,15.9304171,6.12839603,8.47815609,8.39263725,0,13.3309927,6.12839603,5.93784142,0,,,,50
42303737,0.5,0.782608688,0.5,0.596921384,0.145054936,0.0402930379,0,0,15.9304171,5.10732555,8.44198895,8.40530586,0,13.3166971,5.10732555,5.84092045,0,,,,50
42304863,0.5,0.772727251,0.5,0.596921384,0.136996329,0.0402930379,0,0,15.9304171,5.10732555,8.47514153,8.40319443,0,13.3309927,5.10732555,5.84092045,0,,,,50
42306008,0.5,0.800000012,0.5,0.596921384,0.128937721,0.0322344303,0,0,15.9304171,4.1039691,8.50226688,8.40952778,0,13.3166971,4.1039691,5.743999,0,,,,50
42307135,0.5,0.764705896,0.5,0.60751009,0.104761899,0.0322344303,0,0,15.9304171,4.1039691,8.53240585,8.41375065,0,13.3309927,4.1039691,5.743999,0,,,,50
42308265,0.5,0.75,0.5,0.60751009,0.0967032909,0.0322344303,0,0,15.9349623,3.147259,8.53542042,8.40108299,0,13.3166971,3.147259,5.63648891,0,,,,50
42309392,0.5,0.769230783,0.5,0.60751009,0.0805860758,0.0241758227,0,0,15.9349623,3.147259,8.51733685,8.40952778,0,13.3309927,3.147259,5.63648891,0,,,,50
42310522,0.5,0.727272749,0.5,0.60751009,0.0644688606,0.0241758227,0,0,15.9304171,2.23920488,8.57460117,8.42641926,0,13.3166971,2.23920488,5.52897882,0,,,,50
42311649,0.5,0.857142866,0.5,0.60751009,0.0483516455,0.00805860758,0,0,15.9304171,2.23920488,8.50829506,8.41797352,0,13.3238449,2.23920488,5.52897882,0,,,,50
42312780,0.5,0.875,0.5,0.60751009,0.056410253,0.00805860758,0,0,15.9349623,1.39726412,8.50528145,8.42641926,0,13.3238449,1.39726412,5.42146873,0,,,,50
42313911,0.5,0.833333313,0.5,0.613866091,0.0402930379,0.00805860758,0,0,15.9349623,1.39726412,8.52939224,8.42008495,0,13.3238449,1.39726412,5.42146873,0,,,,50
42315042,0.5,1,0.5,0.613866091,0.0402930379,0,0,0,15.9304171,0.626830816,8.53240585,8.42641926,0,13.3166971,0.626830816,5.30760288,0,,,,50
42316169,0.5,1,0.5,0.613866091,0.0402930379,0,0,0,15.9304171,0.626830816,8.53240585,8.43064213,0,13.3095493,0.626830816,5.30760288,0,,,,50
42317504,0.5,1,0.5,0.613866091,0.0322344303,0,0,0,15.9349623,-0.0806491747,8.5565176,8.42853069,0,13.3309927,-0.0806491747,5.19373703,0,,,,50
42318631,0.5,1,0.5,0.613866091,0.0402930379,0,0,0,15.9349623,-0.0806491747,8.51733685,8.43697548,0,13.3095493,-0.0806491747,5.19373703,0,,,,50
42319761,0.5,1,0.5,0.613866091,0.0402930379,0,0,0,15.9349623,-0.722505033,8.59871292,8.43486404,0,13.3238449,-0.722505033,5.07987118,0,,,,50
42320893,0.5,1,0.5,0.613866091,0.0322344303,0,0,0,15.9395075,-0.722505033,8.49925327,8.43486404,0,13.3309927,-0.722505033,5.07987118,0,,,,50
42322023,0.5,1,0.5,0.613866091,0.0241758227,0,0,0,15.9304171,-1.29458892,8.53542042,8.43486404,0,13.3166971,-1.29458892,4.96600485,0,,,,50
42323150,0.5,1,0.5,0.613866091,0.0241758227,0,0,0,15.9349623,-1.29458892,8.5444622,8.43275356,0,13.3309927,-1.29458892,4.96600485,0,,,,50
42324281,0.5,1,0.5,0.613866091,0.0241758227,0,0,0,15.9349623,-1.79901493,8.52637863,8.43486404,0,13.3309927,-1.79901493,4.852139,0,,,,50
42325407,0.5,1,0.5,0.613866091,0.0161172152,0,0,0,15.9349623,-1.79901493,8.56254578,8.43275356,0,13.3309927,-1.79901493,4.852139,0,,,,50
42326547,0.5,1,0.5,0.613866091,0.0322344303,0,0,0,15.9349623,-2.24132061,8.53843403,8.43275356,0,13.3166971,-2.24132061,4.73827314,0,,,,50
42327673,0.5,1,0.5,0.613866091,0.0322344303,0,0,0,15.9395075,-2.24132061,8.53843403,8.43275356,0,13.3238449,-2.24132061,4.73827314,0,,,,50
42328808,0.5,1,0.5,0.613866091,0.0322344303,0,0,0,15.9395075,-2.62866139,8.54747581,8.42641926,0,13.3166971,-2.62866139,4.62440729,0,,,,50
42329935,0.5,1,0.5,0.613866091,0.0402930379,0,0,0,15.9349623,-2.62866139,8.53843403,8.43064213,0,13.3309927,-2.62866139,4.62440729,0,,,,50
42331066,0.5,1,0.5,0.613866091,0.0322344303,0,0,0,15.9349623,-2.96867251,8.54144764,8.43275356,0,13.3166971,-2.96867251,4.51054096,0,,,,50
42332192,0.5,1,0.5,0.613866091,0.0402930379,0,0,0,15.9304171,-2.96867251,8.54747581,8.43275356,0,13.3238449,-2.96867251,4.51054096,0,,,,50
42333323,0.5,1,0.5,0.598443508,0.0402930379,0,0,0,15.9349623,-3.24014997,8.51432323,8.42219639,0,13.3166971,-3.24014997,4.41209793,0,,,,50
42334449,0.5,1,0.5,0.598443508,0.0402930379,0,0,0,15.9349623,-3.24014997,8.51130867,8.43064213,0,13.3309927,-3.24014997,4.41209793,0,,,,50
42335580,0.5,1,0.5,0.598443508,0.056410253,0,0,0,15.9349623,-3.41819334,8.48719788,8.42641926,0,13.3166971,-3.41819334,4.31365442,0,,,,50
42336712,0.5,1,0.5,0.598443508,0.056410253,0,0,0,15.9304171,-3.41819334,8.50528145,8.42008495,0,13.3309927,-3.41819334,4.31365442,0,,,,50
42338047,0.5,1,0.5,0.598443508,0.056410253,0,0,0,15.9349623,-3.52258635,8.50226688,8.42430782,0,13.3095493,-3.52258635,4.21521091,0,,,,50
42339173,0.5,0.875,0.5,0.598443508,0.056410253,0.00805860758,0,0,15.9349623,-3.52258635,8.5444622,8.42219639,0,13.3309927,-3.52258635,4.21521091,0,,,,50
42340304,0.5,1,0.5,0.598443508,0.056410253,0,0,0,15.9349623,-3.58591056,8.54747581,8.41586208,0,13.3166971,-3.58591056,4.11676788,0,,,,50
42341431,0.5,1,0.5,0.598443508,0.0644688606,0,0,0,15.9349623,-3.58591056,8.48418331,8.42008495,0,13.3309927,-3.58591056,4.11676788,0,,,,50
42342561,0.5,0.875,0.5,0.598443508,0.056410253,0.00805860758,0,0,15.9349623,-3.62944579,8.51130867,8.40530586,0,13.3166971,-3.62944579,4.01832438,0,,,,50
42343689,0.5,0.800000012,0.5,0.598443508,0.0644688606,0.0161172152,0,0,15.9349623,-3.62944579,8.53542042,8.40952778,0,13.3024006,-3.62944579,4.01832438,0,,,,50
42344824,0.5,0.777777791,0.5,0.598443508,0.056410253,0.0161172152,0,0,15.9304171,-3.66673303,8.52035046,8.40530586,0,13.3166971,-3.66673303,3.91988087,0,,,,50
42345959,0.5,1,0.5,0.598443508,0.0322344303,0,0,0,15.9395075,-3.66673303,8.52939224,8.41163921,0,13.3238449,-3.66673303,3.91988087,0,,,,50
42347090,0.5,1,0.5,0.598443508,0.0322344303,0,0,0,15.9349623,-3.70599341,8.53843403,8.42641926,0,13.3166971,-3.70599341,3.8214376,0,,,,50
42348217,0.5,1,0.5,0.598443508,0.0241758227,0,0,0,15.9304171,-3.70599341,8.55350399,8.43486404,0,13.3309927,-3.70599341,3.8214376,0,,,,50
42349348,0.5,1,0.5,0.598443508,0.0241758227,0,0,0,15.9349623,-3.75184536,8.53240585,8.43275356,0,13.3166971,-3.75184536,3.72299409,0,,,,50
42350474,0.5,1,0.5,0.598443508,0.0161172152,0,0,0,15.9349623,-3.75184536,8.54144764,8.43064213,0,13.3309927,-3.75184536,3.72299409,0,,,,50
42351610,0.5,1,0.5,0.598443508,0.0241758227,0,0,0,15.9349623,-3.80652618,8.55048943,8.43064213,0,13.3238449,-3.80652618,3.62455082,0,,,,50
42352736,0.5,1,0.5,0.598443508,0.0241758227,0,0,0,15.9349623,-3.80652618,8.5565176,8.42853069,0,13.3309927,-3.80652618,3.62455082,0,,,,50
42353867,0.5,1,0.5,0.598443508,0.0241758227,0,0,0,15.9395075,-3.87075138,8.5565176,8.42853069,0,13.3166971,-3.87075138,3.52610731,0,,,,50
42354993,0.5,1,0.5,0.598443508,0.0241758227,0,0,0,15.9349623,-3.87075138,8.52637863,8.42853069,0,13.3309927,-3.87075138,3.52610731,0,,,,50
42356124,0.5,1,0.5,0.598443508,0.0241758227,0,0,0,15.9349623,-3.94430923,8.56254578,8.43064213,0,13.3238449,-3.94430923,3.42766404,0,,,,50
42357250,0.5,1,0.5,0.598443508,0.0161172152,0,0,0,15.9349623,-3.94430923,8.55953121,8.42853069,0,13.3238449,-3.94430923,3.42766404,0,,,,50
42358381,0.5,1,0.5,0.598443508,0.0241758227,0,0,0,15.9349623,-4.02646494,8.57761478,8.43064213,0,13.3238449,-4.02646494,3.32922053,0,,,,50
42359716,0.5,1,0.5,0.598443508,0.00805860758,0,0,0,15.9349623,-4.02646494,8.5565176,8.42853069,0,13.3238449,-4.02646494,3.32922053,0,,,,50
42360847,0.5,1,0.5,0.598443508,0.0241758227,0,0,0,15.9395075,-4.11622667,8.55048943,8.42853069,0,13.3166971,-4.11622667,3.23077726,0,,,,50
42361973,0.5,1,0.5,0.598443508,0.0161172152,0,0,0,15.9349623,-4.11622667,8.53240585,8.42853069,0,13.3309927,-4.11622667,3.23077726,0,,,,50
42363104,0.5,1,0.5,0.509328187,0.0241758227,0,0,0,15.9304171,-4.04709911,8.5565176,8.42853069,0,13.3166971,-4.04709911,3.22144914,0,,,,50
42364230,0.5,1,0.5,0.509328187,0.0402930379,0,0,0,15.9304171,-4.04709911,8.48418331,8.43064213,0,13.3309927,-4.04709911,3.22144914,0,,,,50
42365361,0.5,1,0.5,0.509328187,0.0402930379,0,0,0,15.9349623,-3.63468242,8.52939224,8.42853069,0,13.3309927,-3.63468242,3.21212101,0,,,,50
42366497,0.5,1,0.5,0.509328187,0.0483516455,0,0,0,15.9349623,-3.63468242,8.52939224,8.42853069,0,13.3309927,-3.63468242,3.21212101,0,,,,50
42367632,0.5,1,0.5,0.509328187,0.0241758227,0,0,0,15.9349623,-2.95736957,8.53240585,8.42853069,0,13.3238449,-2.95736957,3.20279288,0,,,,50
42368759,0.5,1,0.5,0.509328187,0.0322344303,0,0,0,15.9349623,-2.95736957,8.60474014,8.42219639,0,13.3238449,-2.95736957,3.20279288,0,,,,50
42369889,0.5,1,0.5,0.509328187,0.0241758227,0,0,0,15.9349623,-2.17245364,8.5565176,8.42853069,0,13.3166971,-2.17245364,3.19346476,0,,,,50
42371016,0.5,1,0.5,0.509328187,0.0322344303,0,0,0,15.9349623,-2.17245364,8.5444622,8.42853069,0,13.3238449,-2.17245364,3.19346476,0,,,,50
42372147,0.5,1,0.5,0.509328187,0.0161172152,0,0,0,15.9349623,-1.37676895,8.56254578,8.42853069,0,13.3309927,-1.37676895,3.18413663,0,,,,50
42373274,0.5,1,0.5,0.509328187,0.0241758227,0,0,0,15.9349623,-1.37676895,8.58364296,8.42853069,0,13.3381405,-1.37676895,3.18413663,0,,,,50
42374404,0.5,1,0.5,0.509328187,0.00805860758,0,0,0,15.9349623,-0.62691021,8.57761478,8.42853069,0,13.3166971,-0.62691021,3.1748085,0,,,,50
42375535,0.5,1,0.5,0.509328187,0.0161172152,0,0,0,15.9349623,-0.62691021,8.55048943,8.42853069,0,13.3238449,-0.62691021,3.1748085,0,,,,50
42376666,0.5,1,0.5,0.509328187,0.0161172152,0,0,0,15.9304171,0.0472964011,8.55048943,8.42853069,0,13.3166971,0.0472964011,3.16548038,0,,,,50
42377792,0.5,1,0.5,0.509328187,0.0241758227,0,0,0,15.9349623,0.0472964011,8.568573,8.43064213,0,13.3309927,0.0472964011,3.16548038,0,,,,50
42378923,0.5,1,0.5,0.509328187,0.0241758227,0,0,0,15.9395075,0.633411229,8.56254578,8.42853069,0,13.3238449,0.633411229,3.15615225,0,,,,50
42380254,0.5,1,0.5,0.509328187,0.0241758227,0,0,0,15.9349623,0.633411229,8.60474014,8.42853069,0,13.3309927,0.633411229,3.15615225,0,,,,50
42381385,0.5,1,0.5,0.509328187,0.0322344303,0,0,0,15.9349623,1.12985587,8.50226688,8.42641926,0,13.3166971,1.12985587,3.14682412,0,,,,50
42382516,0.5,1,0.5,0.509328187,0.0402930379,0,0,0,15.9349623,1.12985587,8.55350399,8.42853069,0,13.3309927,1.12985587,3.14682412,0,,,,50
42383647,0.5,1,0.5,0.509328187,0.0402930379,0,0,0,15.9349623,1.54144347,8.52035046,8.42853069,0,13.3166971,1.54144347,3.13749599,0,,,,50
42384773,0.5,1,0.5,0.509328187,0.056410253,0,0,0,15.9304171,1.54144347,8.51733685,8.42641926,0,13.3309927,1.54144347,3.13749599,0,,,,50
42385913,0.5,1,0.5,0.509328187,0.056410253,0,0,0,15.9349623,1.87638235,8.51733685,8.42219639,0,13.3238449,1.87638235,3.12816787,0,,,,50
42387040,0.5,1,0.5,0.509328187,0.0483516455,0,0,0,15.9349623,1.87638235,8.52035046,8.41797352,0,13.3166971,1.87638235,3.12816787,0,,,,50
42388171,0.5,1,0.5,0.509328187,0.0483516455,0,0,0,15.9395075,2.14432311,8.54747581,8.42430782,0.00714798551,13.3095493,2.14432311,3.11883974,0,,,,50
42389297,0.5,1,0.5,0.509328187,0.0483516455,0,0,0,15.9349623,2.14432311,8.51130867,8.41586208,0,13.3238449,2.14432311,3.11883974,0,,,,50
42390433,0.5,0.857142866,0.5,0.509328187,0.0483516455,0.00805860758,0,0,15.9304171,2.35513568,8.53843403,8.40319443,0,13.3166971,2.35513568,3.10951161,0,,,,50
42391559,0.5,0.833333313,0.5,0.509328187,0.0402930379,0.00805860758,0,0,15.9349623,2.35513568,8.52336502,8.40952778,0,13.3309927,2.35513568,3.10951161,0,,,,50
42392690,0.5,0.777777791,0.5,0.509328187,0.056410253,0.0161172152,0,0,15.9395075,2.51818752,8.54144764,8.40530586,0,13.3166971,2.51818752,3.10018349,0,,,,50
42393816,0.5,0.899999976,0.5,0.509328187,0.0725274682,0.00805860758,0,0,15.9349623,2.51818752,8.45103073,8.41375065,0,13.3309927,2.51818752,3.10018349,0,,,,50
42394947,0.5,0.857142866,0.5,0.509328187,0.0483516455,0.00805860758,0,0,15.9349623,2.64195609,8.50829506,8.42008495,0,13.3166971,2.64195609,3.09085536,0,,,,50
42396074,0.5,0.777777791,0.5,0.509328187,0.056410253,0.0161172152,0,0,15.9349623,2.64195609,8.52939224,8.40952778,0,13.3095493,2.64195609,3.09085536,0,,,,50
42397205,0.5,0.857142866,0.5,0.509328187,0.0483516455,0.00805860758,0,0,15.9258718,2.73386288,8.50226688,8.40319443,0,13.3238449,2.73386288,3.08152699,0,,,,50
42398336,0.5,0.727272749,0.5,0.509328187,0.0644688606,0.0241758227,0,0,15.9304171,2.73386288,8.56555939,8.39263725,0,13.3309927,2.73386288,3.08152699,0,,,,50
42399467,0.5,0.636363626,0.5,0.509328187,0.056410253,0.0322344303,0,0,15.9304171,2.80024314,8.50528145,8.40108299,0,13.3166971,2.80024314,3.07219887,0,,,,50
42400798,0.5,0.75,0.5,0.509328187,0.0725274682,0.0241758227,0,0,15.9304171,2.80024314,8.53542042,8.39686012,0,13.3238449,2.80024314,3.07219887,0,,,,50
42401929,0.5,0.636363626,0.5,0.509328187,0.056410253,0.0322344303,0,0,15.9349623,2.84639907,8.59268475,8.40319443,0,13.3095493,2.84639907,3.06287074,0,,,,50
42403055,0.5,0.692307711,0.5,0.509328187,0.0725274682,0.0322344303,0,0,15.9304171,2.84639907,8.52336502,8.3799696,0,13.3095493,2.84639907,3.06287074,0,,,,50
42404187,0.5,0.714285731,0.5,0.509328187,0.0805860758,0.0322344303,0,0,15.9349623,2.87669611,8.47815609,8.40319443,0,13.3166971,2.87669611,3.05354261,0,,,,50
42405313,0.5,0.833333313,0.5,0.509328187,0.0805860758,0.0161172152,0,0,15.9349623,2.87669611,8.47212791,8.39474869,0,13.3238449,2.87669611,3.05354261,0,,,,50
42406458,0.5,0.818181813,0.5,0.509328187,0.0725274682,0.0161172152,0,0,15.9304171,2.8946774,8.50829506,8.39052582,0,13.3309927,2.8946774,3.04421449,0,,,,50
42407586,0.5,0.733333349,0.5,0.509328187,0.0886446834,0.0322344303,0,0,15.9304171,2.8946774,8.50829506,8.39263725,0,13.3309927,2.8946774,3.04421449,0,,,,50
42408716,0.5,0.764705896,0.5,0.509328187,0.104761899,0.0322344303,0,0,15.9304171,2.90318465,8.4811697,8.37785816,0,13.3095493,2.90318465,3.03488636,0,,,,50
42409843,0.5,0.736842096,0.5,0.509328187,0.112820506,0.0402930379,0,0,15.9304171,2.90318465,8.47514153,8.38419151,0,13.3309927,2.90318465,3.03488636,0,,,,50
42410974,0.5,0.736842096,0.5,0.509328187,0.112820506,0.0402930379,0,0,15.9304171,2.9044714,8.45103073,8.38841438,0,13.3309927,2.9044714,3.02555799,0,,,,50
42412100,0.5,0.789473712,0.5,0.509328187,0.120879114,0.0322344303,0,0,15.9304171,2.9044714,8.49021149,8.39263725,0,13.3309927,2.9044714,3.02555799,0,,,,50
42413236,0.5,0.833333313,0.5,0.509328187,0.120879114,0.0241758227,0,0,15.9395075,2.90030599,8.50528145,8.4074173,0,13.3238449,2.90030599,3.01622987,0,,,,50
42414362,0.5,0.785714269,0.5,0.509328187,0.0886446834,0.0241758227,0,0,15.9349623,2.90030599,8.53240585,8.39052582,0,13.3309927,2.90030599,3.01622987,0,,,,50
42415493,0.5,0.846153855,0.5,0.509328187,0.0886446834,0.0161172152,0,0,15.9304171,2.89206433,8.56254578,8.4074173,0,13.3166971,2.89206433,3.00690174,0,,,,50
42416620,0.5,0.875,0.5,0.509328187,0.056410253,0.00805860758,0,0,15.9349623,2.89206433,8.51733685,8.40530586,0,13.3238449,2.89206433,3.00690174,0,,,,50
42417751,0.5,0.875,0.5,0.509328187,0.056410253,0.00805860758,0,0,15.9349623,2.88080525,8.55350399,8.41586208,0,13.3309927,2.88080525,2.99757361,0,,,,50
42418877,0.5,0.857142866,0.5,0.509328187,0.0483516455,0.00805860758,0,0,15.9304171,2.88080525,8.54747581,8.41163921,0,13.3238449,2.88080525,2.99757361,0,,,,50
42420008,0.5,0.857142866,0.5,0.509328187,0.0483516455,0.00805860758,0,0,15.9304171,2.86733818,8.5565176,8.41586208,0,13.3166971,2.86733818,2.98824549,0,,,,50
42421139,0.5,0.75,0.5,0.509328187,0.0483516455,0.0161172152,0,0,15.9304171,2.86733818,8.51733685,8.40952778,0,13.3238449,2.86733818,2.98824549,0,,,,50
42422474,0.5,0.857142866,0.5,0.509328187,0.0483516455,0.00805860758,0,0,15.9304171,2.85227513,8.49925327,8.40952778,0,13.3238449,2.85227513,2.97891736,0,,,,50
42423600,0.5,0.875,0.5,0.509328187,0.056410253,0.00805860758,0,0,15.9349623,2.85227513,8.59268475,8.41797352,0,13.3309927,2.85227513,2.97891736,0,,,,50
42424731,0.5,0.888888896,0.5,0.509328187,0.0644688606,0.00805860758,0,0,15.9395075,2.83607483,8.58967113,8.41163921,0,13.3166971,2.83607483,2.96958899,0,,,,50
42425867,0.5,0.888888896,0.5,0.509328187,0.0644688606,0.00805860758,0,0,15.9349623,2.83607483,8.53542042,8.41375065,0,13.3238449,2.83607483,2.96958899,0,,,,50
42426998,0.5,0.857142866,0.5,0.42903626,0.0483516455,0.00805860758,0,0,15.9349623,2.96811962,8.51432323,8.41586208,0,13.3238449,2.96811962,3.04055285,0,,,,50
42428124,0.5,1,0.5,0.42903626,0.0483516455,0,0,0,15.9349623,2.96811962,8.50528145,8.41375065,0,13.3238449,2.96811962,3.04055285,0,,,,50
42429260,0.5,0.888888896,0.5,0.42903626,0.0644688606,0.00805860758,0,0,15.9349623,3.41384959,8.52939224,8.42641926,0,13.3238449,3.41384959,3.11151648,0,,,,50
42430387,0.5,1,0.5,0.42903626,0.0483516455,0,0,0,15.9349623,3.41384959,8.52939224,8.41586208,0,13.3309927,3.41384959,3.11151648,0,,,,50
42431517,0.5,0.857142866,0.5,0.42903626,0.0483516455,0.00805860758,0,0,15.9304171,4.10193539,8.52637863,8.40952778,0,13.3238449,4.10193539,3.18248034,0,,,,50
42432644,0.5,0.888888896,0.5,0.42903626,0.0644688606,0.00805860758,0,0,15.9304171,4.10193539,8.44500256,8.42219639,0,13.3238449,4.10193539,3.18248034,0,,,,50
42433775,0.5,0.833333313,0.5,0.42903626,0.0805860758,0.0161172152,0,0,15.9304171,4.89000511,8.5444622,8.39474869,0,13.3166971,4.89000511,3.25344396,0,,,,50
42434901,0.5,0.800000012,0.5,0.42903626,0.0644688606,0.0161172152,0,0,15.9304171,4.89000511,8.59569836,8.40530586,0,13.3309927,4.89000511,3.25344396,0,,,,50
42436037,0.5,0.785714269,0.5,0.42903626,0.0886446834,0.0241758227,0,0,15.9349623,5.69022799,8.48719788,8.38841438,0,13.3166971,5.69022799,3.32440782,0,,,,50
42437163,0.5,0.75,0.5,0.42903626,0.0967032909,0.0322344303,0,0,15.9304171,5.69022799,8.47514153,8.38630295,0,13.3238449,5.69022799,3.32440782,0,,,,50
42438294,0.5,0.800000012,0.5,0.42903626,0.128937721,0.0322344303,0,0,15.9349623,6.45110559,8.47514153,8.40319443,0,13.3166971,6.45110559,3.39537144,0,,,,50
42439420,0.5,0.736842096,0.5,0.42903626,0.112820506,0.0402930379,0,0,15.9304171,6.45110559,8.45404434,8.40108299,0,13.3309927,6.45110559,3.39537144,0,,,,50
42440551,0.5,0.772727251,0.5,0.42903626,0.136996329,0.0402930379,0,0,15.9349623,7.1453352,8.43897438,8.39052582,0,13.3166971,7.1453352,3.4663353,0,,,,50
42441678,0.5,0.739130437,0.5,0.42903626,0.136996329,0.0483516455,0,0,15.9304171,7.1453352,8.47212791,8.37574673,0,13.3238449,7.1453352,3.4663353,0,,,,50
42443012,0.5,0.703703701,0.5,0.42903626,0.153113544,0.0644688606,0,0,15.9258718,7.76135063,8.42089176,8.37574673,0,13.3238449,7.76135063,3.53729892,0,,,,50
42444143,0.5,0.724137902,0.5,0.42903626,0.169230759,0.0644688606,0,0,15.9258718,7.76135063,8.58967113,8.37574673,0,13.3166971,7.76135063,3.53729892,0,,,,50
42445274,0.5,0.545454562,0.5,0.42903626,0.0967032909,0.0805860758,0,0,15.9304171,8.29743671,8.58062935,8.37363529,0,13.3166971,8.29743671,3.60826254,0,,,,50
42446410,0.5,0.692307711,0.5,0.42903626,0.217582405,0.0967032909,0,0,15.9258718,8.29743671,8.32143211,8.36941242,0,13.3238449,8.29743671,3.60826254,0,,,,50
42447540,0.5,0.666666687,0.5,0.42903626,0.209523797,0.104761899,0,0,15.9258718,8.75769234,8.3304739,8.35674477,0,13.3166971,8.75769234,3.67922616,0,,,,50
42448667,0.5,0.558823526,0.5,0.42903626,0.153113544,0.120879114,0,0,15.9258718,8.75769234,8.44801617,8.35885525,0,13.3238449,8.75769234,3.67922616,0,,,,50
42449798,0.5,0.594594598,0.5,0.42903626,0.177289367,0.120879114,0,0,15.9258718,9.14932442,8.50528145,8.32929707,0,13.3166971,9.14932442,3.75019002,0,,,,50
42450924,0.5,0.522727251,0.5,0.42903626,0.185347974,0.169230759,0,0,15.9304171,9.14932442,8.38171005,8.31873989,0,13.3238449,9.14932442,3.75019002,0,,,,50
42452059,0.5,0.600000024,0.5,0.42903626,0.193406582,0.128937721,0,0,15.9167824,9.48087788,8.4178772,8.32085133,0,13.3095493,9.48087788,3.82115364,0,,,,50
42453186,0.5,0.534883738,0.5,0.42903626,0.185347974,0.161172152,0,0,15.9258718,9.48087788,8.46007252,8.33351898,0,13.3238449,9.48087788,3.82115364,0,,,,50
42454317,0.5,0.5625,0.5,0.42903626,0.217582405,0.169230759,0,0,15.9167824,9.76112843,8.42691898,8.33563042,0,13.3095493,9.76112843,3.89211726,0,,,,50
42455443,0.5,0.574468076,0.5,0.42903626,0.217582405,0.161172152,0,0,15.9167824,9.76112843,8.42390537,8.32929707,0,13.3238449,9.76112843,3.89211726,0,,,,50
42456574,0.5,0.549019635,0.5,0.42903626,0.225641012,0.185347974,0,0,15.9167824,9.99842548,8.41184998,8.3314085,0,13.3095493,9.99842548,3.96308088,0,,,,50
42457700,0.5,0.579999983,0.5,0.42903626,0.23369962,0.169230759,0,0,15.9213276,9.99842548,8.40883541,8.32718563,0,13.3238449,9.99842548,3.96308088,0,,,,50
42458831,0.5,0.568627477,0.5,0.42903626,0.23369962,0.177289367,0,0,15.9167824,10.2003374,8.38773823,8.3250742,0,13.3166971,10.2003374,4.03404474,0,,,,50
42459962,0.5,0.555555582,0.5,0.42903626,0.241758227,0.193406582,0,0,15.9122372,10.2003374,8.3937664,8.32296276,0,13.3166971,10.2003374,4.03404474,0,,,,50
42461093,0.5,0.537037015,0.5,0.42903626,0.23369962,0.201465189,0,0,15.9167824,10.373498,8.36362648,8.31240559,0,13.288105,10.373498,4.10500813,0,,,,50
42462220,0.5,0.557692289,0.5,0.42903626,0.23369962,0.185347974,0,0,15.9167824,10.373498,8.38773823,8.31662846,0,13.3238449,10.373498,4.10500813,0,,,,50
42463351,0.5,0.571428597,0.5,0.42903626,0.257875443,0.193406582,0,0,15.9167824,10.5235767,8.37568283,8.31662846,0,13.3095493,10.5235767,4.17597198,0,,,,50
42464681,0.5,0.561403513,0.5,0.42903626,0.257875443,0.201465189,0,0,15.9122372,10.5235767,8.36965466,8.31029415,0,13.3166971,10.5235767,4.17597198,0,,,,50
42465821,0.5,0.563636363,0.5,0.42903626,0.249816835,0.193406582,0,0,15.9122372,10.6553192,8.38773823,8.31029415,0,13.3095493,10.6553192,4.24693584,0,,,,50
42466953,0.5,0.561403513,0.5,0.42903626,0.257875443,0.201465189,0,0,15.907692,10.6553192,8.36965466,8.31240559,0,13.3166971,10.6553192,4.24693584,0,,,,50
42468083,0.5,0.545454562,0.5,0.42903626,0.241758227,0.201465189,0,0,15.907692,10.7726374,8.36965466,8.30818272,0,13.3024006,10.7726374,4.31789923,0,,,,50
42469210,0.5,0.571428597,0.5,0.42903626,0.257875443,0.193406582,0,0,15.9122372,10.7726374,8.37266827,8.31451702,0,13.3238449,10.7726374,4.31789923,0,,,,50
42470341,0.5,0.559322059,0.5,0.42903626,0.26593405,0.209523797,0,0,15.9122372,10.8787088,8.37568283,8.31662846,0,13.3166971,10.8787088,4.38886309,0,,,,50
42471467,0.5,0.55737704,0.5,0.42903626,0.273992658,0.217582405,0,0,15.907692,10.8787088,8.36965466,8.29551506,0,13.3166971,10.8787088,4.38886309,0,,,,50
42472598,0.5,0.542372882,0.5,0.42903626,0.257875443,0.217582405,0,0,15.9122372,10.9760809,8.33951569,8.2976265,0,13.3095493,10.9760809,4.45982695,0,,,,50
42473724,0.5,0.566666663,0.5,0.42903626,0.273992658,0.209523797,0,0,15.9122372,10.9760809,8.37266827,8.30818272,0,13.3166971,10.9760809,4.45982695,0,,,,50
42474859,0.5,0.571428597,0.5,0.42903626,0.257875443,0.193406582,0,0,15.9167824,11.0667772,8.3937664,8.31240559,0,13.3095493,11.0667772,4.53079033,0,,,,50
42475986,0.5,0.589285731,0.5,0.42903626,0.26593405,0.185347974,0,0,15.9122372,11.0667772,8.38171005,8.31451702,0,13.3166971,11.0667772,4.53079033,0,,,,50
42477117,0.5,0.551724136,0.5,0.52845335,0.257875443,0.209523797,0,0,15.9213276,11.1523848,8.37869644,8.31240559,0,13.3024006,11.1523848,4.60175419,0,,,,50
42478243,0.5,0.566037714,0.5,0.52845335,0.241758227,0.185347974,0,0,15.9167824,11.1523848,8.36061287,8.32085133,0,13.3166971,11.1523848,4.60175419,0,,,,50
42479374,0.5,0.542372882,0.5,0.52845335,0.257875443,0.217582405,0,0,15.9122372,11.0495977,8.36965466,8.31873989,0,13.3024006,11.0495977,4.57330084,0,,,,50
42480501,0.5,0.573770463,0.5,0.52845335,0.282051265,0.209523797,0,0,15.9122372,11.0495977,8.36664104,8.31662846,0,13.3166971,11.0495977,4.57330084,0,,,,50
42481631,0.5,0.553571403,0.5,0.52845335,0.249816835,0.201465189,0,0,15.9122372,10.5548306,8.35458469,8.31240559,0,13.3024006,10.5548306,4.54484701,0,,,,50
42482763,0.5,0.551724136,0.5,0.52845335,0.257875443,0.209523797,0,0,15.9258718,10.5548306,8.36965466,8.31240559,0,13.2952528,10.5548306,4.54484701,0,,,,50
42483894,0.5,0.557692289,0.5,0.561907291,0.23369962,0.185347974,0,0,15.9258718,9.69525909,8.40883541,8.32085133,0,13.3095493,9.69525909,4.48293972,0,,,,50
42485224,0.5,0.551020384,0.5,0.561907291,0.217582405,0.177289367,0,0,15.9167824,9.69525909,8.4178772,8.32929707,0,13.3238449,9.69525909,4.48293972,0,,,,50
42486364,0.5,0.583333313,0.5,0.561907291,0.225641012,0.161172152,0,0,15.9213276,8.57905483,8.39979362,8.34196472,0,13.3095493,8.57905483,4.42103243,0,,,,50
42487491,0.5,0.609756112,0.5,0.561907291,0.201465189,0.128937721,0,0,15.9304171,8.57905483,8.39979362,8.35041046,0,13.3166971,8.57905483,4.42103243,0,,,,50
42488622,0.5,0.578947365,0.5,0.561907291,0.177289367,0.128937721,0,0,15.9349623,7.34529257,8.4058218,8.31662846,0,13.3095493,7.34529257,4.35912514,0,,,,50
42489748,0.5,0.571428597,0.5,0.561907291,0.161172152,0.120879114,0,0,15.9304171,7.34529257,8.6198101,8.35885525,0,13.3095493,7.34529257,4.35912514,0,,,,50
42490884,0.5,0.682926834,0.5,0.561907291,0.225641012,0.104761899,0,0,15.9349623,6.11750174,8.32444572,8.36941242,0,13.3166971,6.11750174,4.29721785,0,,,,50
42492010,0.5,0.666666687,0.5,0.561907291,0.161172152,0.0805860758,0,0,15.9304171,6.11750174,8.48719788,8.37785816,0,13.3238449,6.11750174,4.29721785,0,,,,50
42493141,0.5,0.666666687,0.5,0.561907291,0.128937721,0.0644688606,0,0,15.9304171,4.96640348,8.49623966,8.39052582,0,13.3095493,4.96640348,4.23531055,0,,,,50
42494268,0.5,0.761904776,0.5,0.561907291,0.128937721,0.0402930379,0,0,15.9304171,4.96640348,8.52035046,8.40319443,0,13.3238449,4.96640348,4.23531055,0,,,,50
42495398,0.5,0.764705896,0.5,0.561907291,0.104761899,0.0322344303,0,0,15.9304171,3.9280057,8.51733685,8.4074173,0,13.3166971,3.9280057,4.17340326,0,,,,50
42496525,0.5,0.769230783,0.5,0.561907291,0.0805860758,0.0241758227,0,0,15.9349623,3.9280057,8.50829506,8.40530586,0,13.3238449,3.9280057,4.17340326,0,,,,50
42497660,0.5,0.818181813,0.5,0.561907291,0.0725274682,0.0161172152,0,0,15.9349623,3.01597142,8.52035046,8.40530586,0,13.3238449,3.01597142,4.11149645,0,,,,50
42498786,0.5,0.833333313,0.5,0.561907291,0.0805860758,0.0161172152,0,0,15.9304171,3.01597142,8.5444622,8.41375065,0,13.3309927,3.01597142,4.11149645,0,,,,50
42499917,0.5,0.699999988,0.5,0.561907291,0.056410253,0.0241758227,0,0,15.9349623,2.23015571,8.55048943,8.40952778,0,13.3238449,2.23015571,4.04958916,0,,,,50
42501043,0.5,0.777777791,0.5,0.561907291,0.056410253,0.0161172152,0,0,15.9349623,2.23015571,8.5444622,8.41797352,0,13.3166971,2.23015571,4.04958916,0,,,,50
42502174,0.5,0.857142866,0.5,0.561907291,0.0483516455,0.00805860758,0,0,15.9349623,1.562428,8.53843403,8.41797352,0,13.3166971,1.562428,3.98768163,0,,,,50
42503301,0.5,0.857142866,0.5,0.561907291,0.0483516455,0.00805860758,0,0,15.9349623,1.562428,8.51432323,8.41797352,0,13.3238449,1.562428,3.98768163,0,,,,50
42504432,0.5,1,0.5,0.561907291,0.0402930379,0,0,0,15.9304171,1.00055075,8.53542042,8.42853069,0,13.3166971,1.00055075,3.92577457,0,,,,50
42505776,0.5,0.857142866,0.5,0.561907291,0.0483516455,0.00805860758,0,0,15.9349623,1.00055075,8.4932251,8.42430782,0,13.3309927,1.00055075,3.92577457,0,,,,50
42506907,0.5,1,0.5,0.561907291,0.0322344303,0,0,0,15.9304171,0.530688465,8.53843403,8.42853069,0,13.3166971,0.530688465,3.86386728,0,,,,50
42508034,0.5,1,0.5,0.561907291,0.0322344303,0,0,0,15.9349623,0.530688465,8.52939224,8.42430782,0,13.3166971,0.530688465,3.86386728,0,,,,50
42509165,0.5,1,0.5,0.561907291,0.0402930379,0,0,0,15.9395075,0.138963506,8.54144764,8.43275356,0,13.3166971,0.138963506,3.80195999,0,,,,50
42510292,0.5,1,0.5,0.561907291,0.0402930379,0,0,0,15.9349623,0.138963506,8.53843403,8.43486404,0,13.3238449,0.138963506,3.80195999,0,,,,50
42511422,0.5,1,0.5,0.561907291,0.0322344303,0,0,0,15.9304171,-0.187640265,8.53240585,8.43064213,0,13.3238449,-0.187640265,3.7400527,0,,,,50
42512549,0.5,1,0.5,0.561907291,0.0322344303,0,0,0,15.9304171,-0.187640265,8.45404434,8.43275356,0,13.3309927,-0.187640265,3.7400527,0,,,,50
42513684,0.5,1,0.5,0.561907291,0.0241758227,0,0,0,15.9349623,-0.460808933,8.51432323,8.43275356,0,13.3238449,-0.460808933,3.67814565,0,,,,50
42514811,0.5,1,0.5,0.561907291,0.0322344303,0,0,0,15.9349623,-0.460808933,8.53542042,8.42641926,0,13.3309927,-0.460808933,3.67814565,0,,,,50
42515941,0.5,1,0.5,0.561907291,0.0241758227,0,0,0,15.9349623,-0.690712214,8.57460117,8.42430782,0,13.3309927,-0.690712214,3.61623836,0,,,,50
42517068,0.5,1,0.5,0.561907291,0.0402930379,0,0,0,15.9349623,-0.690712214,8.55350399,8.43486404,0,13.3095493,-0.690712214,3.61623836,0,,,,50
42518199,0.5,1,0.5,0.561907291,0.0322344303,0,0,0,15.9349623,-0.88599211,8.5444622,8.43275356,0,13.3238449,-0.88599211,3.55433106,0,,,,50
42519326,0.5,1,0.5,0.561907291,0.0241758227,0,0,0,15.9349623,-0.88599211,8.52336502,8.43064213,0,13.3309927,-0.88599211,3.55433106,0,,,,50
42520457,0.5,1,0.5,0.561907291,0.0322344303,0,0,0,15.9395075,-1.05385423,8.53542042,8.43275356,0,13.3166971,-1.05385423,3.49242401,0,,,,50
42521588,0.5,1,0.5,0.561907291,0.0322344303,0,0,0,15.9349623,-1.05385423,8.53542042,8.43275356,0,13.3238449,-1.05385423,3.49242401,0,,,,50
42522719,0.5,1,0.5,0.561907291,0.0322344303,0,0,0,15.9349623,-1.200212,8.53843403,8.42853069,0,13.3238449,-1.200212,3.43051672,0,,,,50
42523845,0.5,1,0.5,0.561907291,0.0241758227,0,0,0,15.9349623,-1.200212,8.55953121,8.43275356,0,13.3309927,-1.200212,3.43051672,0,,,,50
42524976,0.5,1,0.5,0.561907291,0.0322344303,0,0,0,15.9349623,-1.32985258,8.5565176,8.42853069,0,13.3238449,-1.32985258,3.36860943,0,,,,50
42526111,0.5,1,0.5,0.561907291,0.0322344303,0,0,0,15.9349623,-1.32985258,8.5444622,8.43064213,0,13.3309927,-1.32985258,3.36860943,0,,,,50
42527446,0.5,1,0.5,0.561907291,0.0241758227,0,0,0,15.9349623,-1.4466058,8.5565176,8.43064213,0,13.3166971,-1.4466058,3.30670238,0,,,,50
42528577,0.5,1,0.5,0.561907291,0.0322344303,0,0,0,15.9349623,-1.4466058,8.52637863,8.43064213,0,13.3309927,-1.4466058,3.30670238,0,,,,50
42529707,0.5,1,0.5,0.561907291,0.0322344303,0,0,0,15.9349623,-1.55350184,8.51130867,8.43064213,0,13.3238449,-1.55350184,3.24479508,0,,,,50
42530834,0.5,1,0.5,0.561907291,0.0483516455,0,0,0,15.9349623,-1.55350184,8.56555939,8.42853069,0,13.3309927,-1.55350184,3.24479508,0,,,,50
42531964,0.5,1,0.5,0.561907291,0.0322344303,0,0,0,15.9349623,-1.65291464,8.58364296,8.42853069,0,13.3166971,-1.65291464,3.18288779,0,,,,50
42533091,0.5,1,0.5,0.561907291,0.0322344303,0,0,0,15.9304171,-1.65291464,8.57761478,8.43064213,0,13.3238449,-1.65291464,3.18288779,0,,,,50
42534223,0.5,1,0.5,0.561907291,0.0402930379,0,0,0,15.9349623,-1.74668634,8.52939224,8.42853069,0,13.3238449,-1.74668634,3.1209805,0,,,,50
42535350,0.5,1,0.5,0.561907291,0.0402930379,0,0,0,15.9304171,-1.74668634,8.52637863,8.43064213,0,13.3166971,-1.74668634,3.1209805,0,,,,50
42536485,0.5,1,0.5,0.561907291,0.0402930379,0,0,0,15.9349623,-1.83623338,8.55048943,8.43064213,0,13.3166971,-1.83623338,3.05907345,0,,,,50
42537612,0.5,1,0.5,0.561907291,0.0402930379,0,0,0,15.9349623,-1.83623338,8.54747581,8.42219639,0,13.3238449,-1.83623338,3.05907345,0,,,,50
42538742,0.5,1,0.5,0.561907291,0.0241758227,0,0,0,15.9395075,-1.9226352,8.50226688,8.42641926,0,13.3238449,-1.9226352,2.99716616,0,,,,50
42539869,0.5,1,0.5,0.561907291,0.0241758227,0,0,0,15.9349623,-1.9226352,8.53843403,8.43064213,0,13.3238449,-1.9226352,2.99716616,0,,,,50
42541000,0.5,1,0.5,0.561907291,0.0161172152,0,0,0,15.9349623,-2.00670767,8.53542042,8.43064213,0,13.3238449,-2.00670767,2.93525887,0,,,,50
42542126,0.5,1,0.5,0.561907291,0.00805860758,0,0,0,15.9349623,-2.00670767,8.54144764,8.42853069,0,13.3238449,-2.00670767,2.93525887,0,,,,50
42543258,0.5,1,0.5,0.561907291,0.00805860758,0,0,0,15.9395075,-2.08906078,8.5565176,8.43064213,0,13.3166971,-2.08906078,2.87335181,0,,,,50
42544389,0.5,1,0.5,0.561907291,0.0161172152,0,0,0,15.9349623,-2.08906078,8.58364296,8.42853069,0,13.3309927,-2.08906078,2.87335181,0,,,,50
42545520,0.5,1,0.5,0.561907291,0.0161172152,0,0,0,15.9349623,-2.1701479,8.57761478,8.42853069,0,13.3166971,-2.1701479,2.81144452,0,,,,50
42546655,0.5,1,0.5,0.561907291,0.0241758227,0,0,0,15.9304171,-2.1701479,8.55048943,8.42853069,0,13.3238449,-2.1701479,2.81144452,0,,,,50
42547990,0.5,1,0.5,0.561907291,0.0241758227,0,0,0,15.9349623,-2.25030112,8.55350399,8.42853069,0,13.3309927,-2.25030112,2.74953723,0,,,,50
42549117,0.5,1,0.5,0.561907291,0.0241758227,0,0,0,15.9349623,-2.25030112,8.54747581,8.42853069,0,13.3238449,-2.25030112,2.74953723,0,,,,50
42550248,0.5,1,0.5,0.569933951,0.0161172152,0,0,0,15.9349623,-2.34466195,8.55350399,8.43064213,0,13.3238449,-2.34466195,2.67960334,0,,,,50
42551375,0.5,1,0.5,0.569933951,0.0161172152,0,0,0,15.9349623,-2.34466195,8.55953121,8.42853069,0,13.3309927,-2.34466195,2.67960334,0,,,,50
42552510,0.5,1,0.5,0.569933951,0.0322344303,0,0,0,15.9349623,-2.46991754,8.56254578,8.42853069,0,13.3166971,-2.46991754,2.60966945,0,,,,50
42553636,0.5,1,0.5,0.569933951,0.0241758227,0,0,0,15.9349623,-2.46991754,8.54747581,8.42853069,0,13.3309927,-2.46991754,2.60966945,0,,,,50
42554767,0.5,1,0.5,0.569933951,0.0241758227,0,0,0,15.9349623,-2.61904216,8.5565176,8.42853069,0,13.3309927,-2.61904216,2.53973556,0,,,,50
42555893,0.5,1,0.5,0.569933951,0.0241758227,0,0,0,15.9349623,-2.61904216,8.53843403,8.42853069,0,13.3309927,-2.61904216,2.53973556,0,,,,50
42557024,0.5,1,0.5,0.569933951,0.0161172152,0,0,0,15.9349623,-2.77787614,8.57761478,8.42641926,0,13.3309927,-2.77787614,2.4698019,0,,,,50
42558151,0.5,1,0.5,0.569933951,0.0241758227,0,0,0,15.9349623,-2.77787614,8.54144764,8.42641926,0,13.3309927,-2.77787614,2.4698019,0,,,,50
42559287,0.5,1,0.5,0.569933951,0.0161172152,0,0,0,15.9349623,-2.93768907,8.54144764,8.42853069,0,13.3238449,-2.93768907,2.39986801,0,,,,50
42560413,0.5,1,0.5,0.569933951,0.0241758227,0,0,0,15.9349623,-2.93768907,8.568573,8.42853069,0,13.3309927,-2.93768907,2.39986801,0,,,,50
42561544,0.5,1,0.5,0.569933951,0.0161172152,0,0,0,15.9349623,-3.09336591,8.54144764,8.42219639,0,13.3166971,-3.09336591,2.32993412,0,,,,50
42562670,0.5,1,0.5,0.569933951,0.0241758227,0,0,0,15.9349623,-3.09336591,8.5444622,8.42853069,0,13.3309927,-3.09336591,2.32993412,0,,,,50
42563801,0.5,1,0.5,0.569933951,0.00805860758,0,0,0,15.9349623,-3.24219894,8.55953121,8.42430782,0,13.3238449,-3.24219894,2.26000023,0,,,,50
42564928,0.5,1,0.5,0.569933951,0.0161172152,0,0,0,15.9395075,-3.24219894,8.56555939,8.42853069,0,13.3309927,-3.24219894,2.26000023,0,,,,50
42566068,0.5,1,0.5,0.569933951,0.0241758227,0,0,0,15.9395075,-3.3830452,8.50226688,8.42853069,0,13.3166971,-3.3830452,2.19006634,0,,,,50
42567199,0.5,1,0.5,0.569933951,0.0161172152,0,0,0,15.9395075,-3.3830452,8.56254578,8.42853069,0,13.3309927,-3.3830452,2.19006634,0,,,,50
42568330,0.5,1,0.5,0.569933951,0.0161172152,0,0,0,15.9395075,-3.51574135,8.53542042,8.42853069,0,13.3238449,-3.51574135,2.12013245,0,,,,50
42569660,0.5,1,0.5,0.569933951,0.0161172152,0,0,0,15.9349623,-3.51574135,8.55953121,8.42853069,0,13.3238449,-3.51574135,2.12013245,0,,,,50
42570791,0.5,1,0.5,0.569933951,0.00805860758,0,0,0,15.9395075,-3.64070106,8.56555939,8.42641926,0,13.3238449,-3.64070106,2.05019855,0,,,,50
42571918,0.5,1,0.5,0.569933951,0.0161172152,0,0,0,15.9395075,-3.64070106,8.56254578,8.42853069,0,13.3238449,-3.64070106,2.05019855,0,,,,50
42573048,0.5,1,0.5,0.569933951,0.00805860758,0,0,0,15.9349623,-3.75864697,8.55048943,8.42008495,0,13.3238449,-3.75864697,1.98026466,0,,,,50
42574175,0.5,1,0.5,0.569933951,0.0161172152,0,0,0,15.9349623,-3.75864697,8.568573,8.42641926,0,13.3309927,-3.75864697,1.98026466,0,,,,50
42575311,0.5,1,0.5,0.569933951,0.0161172152,0,0,0,15.9395075,-3.87043357,8.55048943,8.42853069,0,13.3309927,-3.87043357,1.91033077,0,,,,50
42576437,0.5,1,0.5,0.569933951,0.0161172152,0,0,0,15.9349623,-3.87043357,8.53542042,8.42641926,0,13.3309927,-3.87043357,1.91033077,0,,,,50
42577568,0.5,1,0.5,0.569933951,0.0161172152,0,0,0,15.9349623,-3.97693753,8.53843403,8.42641926,0,13.3166971,-3.97693753,1.84039688,0,,,,50
42578694,0.5,1,0.5,0.569933951,0.0161172152,0,0,0,15.9395075,-3.97693753,8.5444622,8.42641926,0,13.3309927,-3.97693753,1.84039688,0,,,,50
42579825,0.5,1,0.5,0.569933951,0.0161172152,0,0,0,15.9395075,-4.07899284,8.54144764,8.42853069,0,13.3166971,-4.07899284,1.77046299,0,,,,50
42580952,0.5,1,0.5,0.569933951,0.0161172152,0,0,0,15.9395075,-4.07899284,8.53240585,8.42641926,0,13.3166971,-4.07899284,1.77046299,0,,,,50
42582087,0.5,1,0.5,0.569933951,0.0241758227,0,0,0,15.9395075,-4.17735481,8.55953121,8.42853069,0,13.3238449,-4.17735481,1.70052922,0,,,,50
42583213,0.5,1,0.5,0.569933951,0.0322344303,0,0,0,15.9304171,-4.17735481,8.55048943,8.42641926,0,13.3309927,-4.17735481,1.70052922,0,,,,50
42584344,0.5,1,0.5,0.569933951,0.0161172152,0,0,0,15.9395075,-4.27268553,8.58665657,8.42853069,0,13.3238449,-4.27268553,1.63059533,0,,,,50
42585470,0.5,1,0.5,0.569933951,0.0322344303,0,0,0,15.9349623,-4.27268553,8.55350399,8.42853069,0,13.3238449,-4.27268553,1.63059533,0,,,,50
42586610,0.5,1,0.5,0.569933951,0.0322344303,0,0,0,15.9349623,-4.36555052,8.51733685,8.42008495,0,13.3166971,-4.36555052,1.56066144,0,,,,50
42587737,0.5,1,0.5,0.569933951,0.0241758227,0,0,0,15.9349623,-4.36555052,8.53843403,8.42641926,0,13.3309927,-4.36555052,1.56066144,0,,,,50
42588868,0.5,1,0.5,0.569933951,0.0402930379,0,0,0,15.9395075,-4.45642376,8.53542042,8.42430782,0,13.3166971,-4.45642376,1.49072754,0,,,,50
42590203,0.5,1,0.5,0.569933951,0.0241758227,0,0,0,15.9395075,-4.45642376,8.5565176,8.42219639,0,13.3238449,-4.45642376,1.49072754,0,,,,50
42591333,0.5,1,0.5,0.569933951,0.0241758227,0,0,0,15.9395075,-4.5456953,8.56254578,8.42641926,0,13.3238449,-4.5456953,1.42079365,0,,,,50
42592460,0.5,1,0.5,0.569933951,0.0241758227,0,0,0,15.9349623,-4.5456953,8.55350399,8.42641926,0,13.3309927,-4.5456953,1.42079365,0,,,,50
42593590,0.5,1,0.5,0.569933951,0.0161172152,0,0,0,15.9349623,-4.63368273,8.5444622,8.42641926,0,13.3166971,-4.63368273,1.35085976,0,,,,50
42594717,0.5,1,0.5,0.569933951,0.0322344303,0,0,0,15.9349623,-4.63368273,8.5444622,8.42641926,0,13.3309927,-4.63368273,1.35085976,0,,,,50
42595847,0.5,1,0.5,0.569933951,0.0322344303,0,0,0,15.9349623,-4.72063971,8.5565176,8.42641926,0,13.3238449,-4.72063971,1.28092587,0,,,,50
42596974,0.5,1,0.5,0.569933951,0.0241758227,0,0,0,15.9304171,-4.72063971,8.56254578,8.42641926,0,13.3309927,-4.72063971,1.28092587,0,,,,50
42598110,0.5,1,0.5,0.569933951,0.0241758227,0,0,0,15.9395075,-4.80676842,8.55048943,8.42641926,0,13.3166971,-4.80676842,1.2109921,0,,,,50
42599236,0.5,1,0.5,0.569933951,0.0241758227,0,0,0,15.9304171,-4.80676842,8.53240585,8.42853069,0,13.3309927,-4.80676842,1.2109921,0,,,,50
42600367,0.5,1,0.5,0.569933951,0.0322344303,0,0,0,15.9395075,-4.89222765,8.54747581,8.42853069,0,13.3166971,-4.89222765,1.14105821,0,,,,50
42601494,0.5,1,0.5,0.569933951,0.0322344303,0,0,0,15.9349623,-4.89222765,8.52336502,8.42641926,0,13.3309927,-4.89222765,1.14105821,0,,,,50
42602624,0.5,1,0.5,0.569933951,0.0322344303,0,0,0,15.9304171,-4.9771409,8.52637863,8.42641926,0,13.3166971,-4.9771409,1.07112432,0,,,,50
42603751,0.5,1,0.5,0.569933951,0.0322344303,0,0,0,15.9349623,-4.9771409,8.52035046,8.42641926,0,13.3238449,-4.9771409,1.07112432,0,,,,50
42604882,0.5,1,0.5,0.569933951,0.0322344303,0,0,0,15.9395075,-5.06160307,8.54144764,8.42641926,0,13.3309927,-5.06160307,1.00119042,0,,,,50
42606022,0.5,1,0.5,0.569933951,0.0241758227,0,0,0,15.9349623,-5.06160307,8.55350399,8.42853069,0,13.3238449,-5.06160307,1.00119042,0,,,,50
42607153,0.5,1,0.5,0.569933951,0.0241758227,0,0,0,15.9349623,-5.1456871,8.5444622,8.42853069,0,13.3309927,-5.1456871,0.931256533,0,,,,50
42608279,0.5,1,0.5,0.569933951,0.0322344303,0,0,0,15.9304171,-5.1456871,8.54144764,8.42641926,0,13.3309927,-5.1456871,0.931256533,0,,,,50
42609410,0.5,1,0.5,0.569933951,0.0402930379,0,0,0,15.9304171,-5.22944832,8.48719788,8.42008495,0,13.3166971,-5.22944832,0.861322641,0,,,,50
42610537,0.5,1,0.5,0.569933951,0.0402930379,0,0,0,15.9349623,-5.22944832,8.51432323,8.42853069,0,13.3309927,-5.22944832,0.861322641,0,,,,50
42611871,0.5,1,0.5,0.569933951,0.0402930379,0,0,0,15.9304171,-5.31292868,8.54144764,8.42641926,0,13.3166971,-5.31292868,0.79138881,0,,,,50
42613002,0.5,1,0.5,0.569933951,0.0402930379,0,0,0,15.9349623,-5.31292868,8.50226688,8.41797352,0,13.3238449,-5.31292868,0.79138881,0,,,,50
42614133,0.5,1,0.5,0.569933951,0.0483516455,0,0,0,15.9304171,-5.39615822,8.54747581,8.42641926,0,13.3166971,-5.39615822,0.721454918,0,,,,50
42615259,0.5,1,0.5,0.569933951,0.056410253,0,0,0,15.9304171,-5.39615822,8.52336502,8.41797352,0,13.3309927,-5.39615822,0.721454918,0,,,,50
42616390,0.5,1,0.5,0.569933951,0.0402930379,0,0,0,15.9304171,-5.47916031,8.52035046,8.42008495,0,13.3166971,-5.47916031,0.651521027,0,,,,50
42617517,0.5,1,0.5,0.569933951,0.0402930379,0,0,0,15.9349623,-5.47916031,8.53240585,8.42219639,0,13.3309927,-5.47916031,0.651521027,0,,,,50
42618647,0.5,1,0.5,0.569933951,0.0483516455,0,0,0,15.9304171,-5.56195164,8.51432323,8.42430782,0,13.3238449,-5.56195164,0.581587136,0,,,,50
42619774,0.5,1,0.5,0.569933951,0.0322344303,0,0,0,15.9349623,-5.56195164,8.52336502,8.42008495,0,13.3238449,-5.56195164,0.581587136,0,,,,50
42620910,0.5,1,0.5,0.569933951,0.0402930379,0,0,0,15.9304171,-5.64454508,8.53240585,8.42641926,0,13.3166971,-5.64454508,0.511653304,0,,,,50
42622036,0.5,1,0.5,0.569933951,0.0483516455,0,0,0,15.9304171,-5.64454508,8.52637863,8.42219639,0,13.3309927,-5.64454508,0.511653304,0,,,,50
42623167,0.5,1,0.5,0.569933951,0.0483516455,0,0,0,15.9304171,-5.72694826,8.50226688,8.42219639,0,13.3166971,-5.72694826,0.441719413,0,,,,50
42624294,0.5,1,0.5,0.569933951,0.0483516455,0,0,0,15.9349623,-5.72694826,8.53843403,8.42219639,0,13.3095493,-5.72694826,0.441719413,0,,,,50
42625425,0.5,1,0.5,0.569933951,0.0402930379,0,0,0,15.9304171,-5.80916834,8.53843403,8.42430782,0,13.3238449,-5.80916834,0.371785522,0,,,,50
42626560,0.5,1,0.5,0.569933951,0.0402930379,0,0,0,15.9349623,-5.80916834,8.52035046,8.41797352,0,13.3238449,-5.80916834,0.371785522,0,,,,50
42627691,0.5,1,0.5,0.569933951,0.056410253,0,0,0,15.9349623,-5.8912096,8.52336502,8.41797352,0,13.3166971,-5.8912096,0.30185166,0,,,,50
42628822,0.5,1,0.5,0.569933951,0.0483516455,0,0,0,15.9349623,-5.8912096,8.54747581,8.41797352,0,13.3309927,-5.8912096,0.30185166,0,,,,50
42629953,0.5,1,0.5,0.569933951,0.056410253,0,0,0,15.9395075,-5.97307539,8.51733685,8.41797352,0,13.3166971,-5.97307539,0.231917784,0,,,,50
42631080,0.5,1,0.5,0.569933951,0.056410253,0,0,0,15.9349623,-5.97307539,8.51733685,8.41375065,0,13.3238449,-5.97307539,0.231917784,0,,,,50
42632415,0.5,0.833333313,0.5,0.569933951,0.0402930379,0.00805860758,0,0,15.9395075,-6.05476713,8.52637863,8.40952778,0,13.3166971,-6.05476713,0.161983892,0,,,,50
42633541,0.5,1,0.5,0.569933951,0.0483516455,0,0,0,15.9349623,-6.05476713,8.5444622,8.41163921,0,13.3309927,-6.05476713,0.161983892,0,,,,50
42634672,0.5,0.833333313,0.5,0.569933951,0.0402930379,0.00805860758,0,0,15.9349623,-6.13628721,8.53542042,8.40952778,0,13.3238449,-6.13628721,0.0920500234,0,,,,50
42635798,0.5,0.875,0.5,0.569933951,0.056410253,0.00805860758,0,0,15.9349623,-6.13628721,8.49925327,8.40530586,0,13.3238449,-6.13628721,0.0920500234,0,,,,50
42636933,0.5,0.857142866,0.5,0.569933951,0.0483516455,0.00805860758,0,0,15.9304171,-6.21763611,8.52637863,8.39897156,0,13.3238449,-6.21763611,0.0221161433,0,,,,50
42638060,0.5,1,0.5,0.569933951,0.0483516455,0,0,0,15.9349623,-6.21763611,8.53542042,8.40530586,0,13.3095493,-6.21763611,0.0221161433,0,,,,50
42639190,0.5,0.777777791,0.5,0.569933951,0.056410253,0.0161172152,0,0,15.9349623,-6.29881477,8.50528145,8.40952778,0,13.3166971,-6.29881477,-0.0478177331,0,,,,50
42640317,0.5,0.857142866,0.5,0.569933951,0.0483516455,0.00805860758,0,0,15.9349623,-6.29881477,8.50226688,8.41797352,0,13.3309927,-6.29881477,-0.0478177331,0,,,,50
42641447,0.5,0.875,0.5,0.569933951,0.056410253,0.00805860758,0,0,15.9304171,-6.37982368,8.51733685,8.39897156,0,13.3166971,-6.37982368,-0.117751613,0,,,,50
42642574,0.5,0.75,0.5,0.569933951,0.0483516455,0.0161172152,0,0,15.9349623,-6.37982368,8.52637863,8.39474869,0,13.3238449,-6.37982368,-0.117751613,0,,,,50
42643709,0.5,0.875,0.5,0.569933951,0.056410253,0.00805860758,0,0,15.9349623,-6.4606638,8.52336502,8.40319443,0,13.3166971,-6.4606638,-0.18768549,0,,,,50
42644836,0.5,0.875,0.5,0.569933951,0.056410253,0.00805860758,0,0,15.9349623,-6.4606638,8.51432323,8.40319443,0,13.3238449,-6.4606638,-0.18768549,0,,,,50
42645976,0.5,0.888888896,0.5,0.569933951,0.0644688606,0.00805860758,0,0,15.9304171,-6.54133511,8.50829506,8.42430782,0,13.3166971,-6.54133511,-0.257619381,0,,,,50
42647102,0.5,0.888888896,0.5,0.569933951,0.0644688606,0.00805860758,0,0,15.9304171,-6.54133511,8.52336502,8.4074173,0,13.3309927,-6.54133511,-0.257619381,0,,,,50
42648233,0.5,0.875,0.5,0.569933951,0.056410253,0.00805860758,0,0,15.9304171,-6.62183762,8.53843403,8.40319443,0,13.3166971,-6.62183762,-0.327553242,0,,,,50
42649359,0.5,0.800000012,0.5,0.569933951,0.0644688606,0.0161172152,0,0,15.9349623,-6.62183762,8.57761478,8.41163921,0,13.3309927,-6.62183762,-0.327553242,0,,,,50
42650490,0.5,0.666666687,0.5,0.569933951,0.0483516455,0.0241758227,0,0,15.9304171,-6.70217228,8.56555939,8.39897156,0,13.3166971,-6.70217228,-0.397487134,0,,,,50
42651621,0.5,0.777777791,0.5,0.569933951,0.056410253,0.0161172152,0,0,15.9349623,-6.70217228,8.52336502,8.39897156,0,13.3238449,-6.70217228,-0.397487134,0,,,,50
42652956,0.5,0.636363626,0.5,0.569933951,0.056410253,0.0322344303,0,0,15.9349623,-6.78233862,8.51733685,8.41163921,0,13.3309927,-6.78233862,-0.467420995,0,,,,50
42654082,0.5,0.666666687,0.5,0.569933951,0.0483516455,0.0241758227,0,0,15.9349623,-6.78233862,8.52637863,8.40530586,0,13.3309927,-6.78233862,-0.467420995,0,,,,50
42655213,0.5,0.818181813,0.5,0.569933951,0.0725274682,0.0161172152,0,0,15.9304171,-6.86233759,8.58364296,8.40952778,0,13.3166971,-6.86233759,-0.537354887,0,,,,50
42656339,0.5,0.777777791,0.5,0.569933951,0.056410253,0.0161172152,0,0,15.9304171,-6.86233759,8.53240585,8.39474869,0,13.3166971,-6.86233759,-0.537354887,0,,,,50
42657471,0.5,0.714285731,0.5,0.569933951,0.0805860758,0.0322344303,0,0,15.9304171,-6.94216967,8.49623966,8.40108299,0,13.3238449,-6.94216967,-0.607288778,0,,,,50
42658597,0.5,0.75,0.5,0.569933951,0.0725274682,0.0241758227,0,0,15.9304171,-6.94216967,8.45705795,8.41163921,0,13.3309927,-6.94216967,-0.607288778,0,,,,50
42659733,0.5,0.75,0.5,0.569933951,0.0725274682,0.0241758227,0,0,15.9304171,-7.02183437,8.50226688,8.39897156,0,13.3238449,-7.02183437,-0.677222669,0,,,,50
42660859,0.5,0.75,0.5,0.569933951,0.0725274682,0.0241758227,0,0,15.9304171,-7.02183437,8.52637863,8.40319443,0,13.3309927,-7.02183437,-0.677222669,0,,,,50
42661990,0.5,0.75,0.5,0.569933951,0.0725274682,0.0241758227,0,0,15.9349623,-7.10133219,8.49623966,8.38841438,0,13.3095493,-7.10133219,-0.747156501,0,,,,50
42663116,0.5,0.714285731,0.5,0.569933951,0.0805860758,0.0322344303,0,0,15.9304171,-7.10133219,8.48418331,8.40952778,0,13.3238449,-7.10133219,-0.747156501,0,,,,50
42664247,0.5,0.818181813,0.5,0.569933951,0.0725274682,0.0161172152,0,0,15.9349623,-7.18066406,8.49021149,8.41797352,0,13.3166971,-7.18066406,-0.817090392,0,,,,50
42665374,0.5,0.666666687,0.5,0.569933951,0.0644688606,0.0322344303,0,0,15.9349623,-7.18066406,8.50528145,8.39686012,0,13.3238449,-7.18066406,-0.817090392,0,,,,50
42666514,0.5,0.733333349,0.5,0.569933951,0.0886446834,0.0322344303,0,0,15.9304171,-7.25983,8.52035046,8.40319443,0,13.3166971,-7.25983,-0.887024283,0,,,,50
42667645,0.5,0.714285731,0.5,0.569933951,0.0805860758,0.0322344303,0,0,15.9304171,-7.25983,8.50528145,8.39897156,0,13.3238449,-7.25983,-0.887024283,0,,,,50
42668776,0.5,0.785714269,0.5,0.569933951,0.0886446834,0.0241758227,0,0,15.9304171,-7.33882999,8.45705795,8.39686012,0,13.3166971,-7.33882999,-0.956958175,0,,,,50
42669902,0.5,0.75,0.5,0.569933951,0.0967032909,0.0322344303,0,0,15.9304171,-7.33882999,8.50528145,8.39897156,0,13.3309927,-7.33882999,-0.956958175,0,,,,50
42671033,0.5,0.733333349,0.5,0.569933951,0.0886446834,0.0322344303,0,0,15.9349623,-7.41766453,8.45404434,8.39686012,0,13.3238449,-7.41766453,-1.02689207,0,,,,50
42672160,0.5,0.733333349,0.5,0.569933951,0.0886446834,0.0322344303,0,0,15.9304171,-7.41766453,8.48719788,8.40108299,0,13.3309927,-7.41766453,-1.02689207,0,,,,50
42673290,0.5,0.800000012,0.5,0.569933951,0.0967032909,0.0241758227,0,0,15.9349623,-7.49633455,8.47514153,8.39474869,0,13.3166971,-7.49633455,-1.09682596,0,,,,50
42674626,0.5,0.764705896,0.5,0.569933951,0.104761899,0.0322344303,0,0,15.9349623,-7.49633455,8.4691143,8.39897156,0,13.3309927,-7.49633455,-1.09682596,0,,,,50
42675757,0.5,0.75,0.5,0.569933951,0.0967032909,0.0322344303,0,0,15.9349623,-7.57483959,8.45705795,8.39263725,0,13.3238449,-7.57483959,-1.16675985,0,,,,50
42676883,0.5,0.736842096,0.5,0.569933951,0.112820506,0.0402930379,0,0,15.9349623,-7.57483959,8.4932251,8.39052582,0,13.3238449,-7.57483959,-1.16675985,0,,,,50
42678013,0.5,0.75,0.5,0.569933951,0.120879114,0.0402930379,0,0,15.9258718,-7.6531806,8.4811697,8.39686012,0,13.3166971,-7.6531806,-1.23669374,0,,,,50
42679140,0.5,0.777777791,0.5,0.569933951,0.112820506,0.0322344303,0,0,15.9304171,-7.6531806,8.49623966,8.39897156,0,13.3238449,-7.6531806,-1.23669374,0,,,,50
42680270,0.5,0.833333313,0.5,0.569933951,0.120879114,0.0241758227,0,0,15.9304171,-7.73135805,8.47514153,8.39897156,0,13.3166971,-7.73135805,-1.30662751,0,,,,50
42681397,0.5,0.866666675,0.5,0.569933951,0.104761899,0.0161172152,0,0,15.9349623,-7.73135805,8.47514153,8.40108299,0,13.3309927,-7.73135805,-1.30662751,0,,,,50
42682532,0.5,0.789473712,0.5,0.569933951,0.120879114,0.0322344303,0,0,15.9349623,-7.80937195,8.46609974,8.39263725,0,13.3095493,-7.80937195,-1.3765614,0,,,,50
42683659,0.5,0.800000012,0.5,0.569933951,0.128937721,0.0322344303,0,0,15.9349623,-7.80937195,8.46609974,8.39897156,0,13.3238449,-7.80937195,-1.3765614,0,,,,50
42684789,0.5,0.777777791,0.5,0.569933951,0.112820506,0.0322344303,0,0,15.9304171,-7.88722229,8.46007252,8.39686012,0,13.3166971,-7.88722229,-1.44649529,0,,,,50
42685925,0.5,0.800000012,0.5,0.569933951,0.128937721,0.0322344303,0,0,15.9304171,-7.88722229,8.46308613,8.39474869,0,13.3238449,-7.88722229,-1.44649529,0,,,,50
42687055,0.5,0.789473712,0.5,0.569933951,0.120879114,0.0322344303,0,0,15.9349623,-7.96491051,8.47514153,8.40319443,0,13.3166971,-7.96491051,-1.51642919,0,,,,50
42688182,0.5,0.764705896,0.5,0.569933951,0.104761899,0.0322344303,0,0,15.9304171,-7.96491051,8.47815609,8.40319443,0,13.3238449,-7.96491051,-1.51642919,0,,,,50
42689313,0.5,0.764705896,0.5,0.569933951,0.104761899,0.0322344303,0,0,15.9304171,-8.04243565,8.49623966,8.39474869,0,13.3309927,-8.04243565,-1.58636308,0,,,,50
42690444,0.5,0.75,0.5,0.569933951,0.120879114,0.0402930379,0,0,15.9304171,-8.04243565,8.49021149,8.40108299,0,13.3309927,-8.04243565,-1.58636308,0,,,,50
42691575,0.5,0.764705896,0.5,0.569933951,0.104761899,0.0322344303,0,0,15.9304171,-8.11979961,8.49925327,8.39052582,0,13.3238449,-8.11979961,-1.65629697,0,,,,50
42692701,0.5,0.75,0.5,0.569933951,0.120879114,0.0402930379,0,0,15.9304171,-8.11979961,8.45705795,8.39474869,0,13.3309927,-8.11979961,-1.65629697,0,,,,50
42693832,0.5,0.772727251,0.5,0.569933951,0.136996329,0.0402930379,0,0,15.9304171,-8.19700146,8.47212791,8.39052582,0,13.3166971,-8.19700146,-1.72623086,0,,,,50
42695162,0.5,0.727272749,0.5,0.569933951,0.128937721,0.0483516455,0,0,15.9304171,-8.19700146,8.47212791,8.38208103,0,13.3238449,-8.19700146,-1.72623086,0,,,,50
42696293,0.5,0.727272749,0.5,0.569933951,0.128937721,0.0483516455,0,0,15.9304171,-8.27404213,8.45705795,8.39263725,0,13.3166971,-8.27404213,-1.79616475,0,,,,50
42697419,0.5,0.761904776,0.5,0.569933951,0.128937721,0.0402930379,0,0,15.9304171,-8.27404213,8.46007252,8.38208103,0,13.3309927,-8.27404213,-1.79616475,0,,,,50
42698555,0.5,0.761904776,0.5,0.569933951,0.128937721,0.0402930379,0,0,15.9258718,-8.35092163,8.46007252,8.39052582,0,13.3095493,-8.35092163,-1.86609864,0,,,,50
42699681,0.5,0.727272749,0.5,0.569933951,0.128937721,0.0483516455,0,0,15.9304171,-8.35092163,8.47212791,8.39686012,0,13.3238449,-8.35092163,-1.86609864,0,,,,50
42700812,0.5,0.761904776,0.5,0.569933951,0.128937721,0.0402930379,0,0,15.9349623,-8.42764091,8.48719788,8.39897156,0,13.3166971,-8.42764091,-1.93603253,0,,,,50
42701938,0.5,0.769230783,0.5,0.569933951,0.161172152,0.0483516455,0,0,15.9304171,-8.42764091,8.44500256,8.38841438,0,13.3309927,-8.42764091,-1.93603253,0,,,,50
42703069,0.5,0.772727251,0.5,0.569933951,0.136996329,0.0402930379,0,0,15.9258718,-8.50420094,8.46308613,8.38841438,0,13.3166971,-8.50420094,-2.00596642,0,,,,50
42704196,0.5,0.782608688,0.5,0.569933951,0.145054936,0.0402930379,0,0,15.9304171,-8.50420094,8.41486359,8.39474869,0,13.3238449,-8.50420094,-2.00596642,0,,,,50
42705331,0.5,0.769230783,0.5,0.569933951,0.161172152,0.0483516455,0,0,15.9304171,-8.58059978,8.46007252,8.39263725,0,13.3095493,-8.58059978,-2.07590032,0,,,,50
42706467,0.5,0.782608688,0.5,0.569933951,0.145054936,0.0402930379,0,0,15.9258718,-8.58059978,8.44500256,8.39474869,0,13.3166971,-8.58059978,-2.07590032,0,,,,50
42707598,0.5,0.761904776,0.5,0.569933951,0.128937721,0.0402930379,0,0,15.9258718,-8.65684032,8.46609974,8.40952778,0,13.3166971,-8.65684032,-2.14583421,0,,,,50
42708724,0.5,0.75999999,0.5,0.569933951,0.153113544,0.0483516455,0,0,15.9304171,-8.65684032,8.42993259,8.40319443,0,13.3238449,-8.65684032,-2.14583421,0,,,,50
42709855,0.5,0.791666687,0.5,0.569933951,0.153113544,0.0402930379,0,0,15.9258718,-8.7329216,8.45103073,8.36518955,0,13.3238449,-8.7329216,-2.2157681,0,,,,50
42710981,0.5,0.708333313,0.5,0.569933951,0.136996329,0.056410253,0,0,15.9304171,-8.7329216,8.47815609,8.37785816,0,13.3238449,-8.7329216,-2.2157681,0,,,,50
42712112,0.5,0.695652187,0.5,0.569933951,0.128937721,0.056410253,0,0,15.9258718,-8.80884361,8.44198895,8.38208103,0,13.3166971,-8.80884361,-2.28570199,0,,,,50
42713243,0.5,0.653846145,0.5,0.569933951,0.136996329,0.0725274682,0,0,15.9304171,-8.80884361,8.43294716,8.39052582,0,13.3238449,-8.80884361,-2.28570199,0,,,,50
42714373,0.5,0.692307711,0.5,0.569933951,0.145054936,0.0644688606,0,0,15.9349623,-8.88460732,8.48719788,8.38630295,0,13.3166971,-8.88460732,-2.35563588,0,,,,50
42715500,0.5,0.730769217,0.5,0.569933951,0.153113544,0.056410253,0,0,15.9258718,-8.88460732,8.39678001,8.38208103,0,13.3024006,-8.88460732,-2.35563588,0,,,,50
42716835,0.5,0.703703701,0.5,0.569933951,0.153113544,0.0644688606,0,0,15.9304171,-8.96021366,8.5444622,8.38630295,0,13.3095493,-8.96021366,-2.42556977,0,,,,50
42717961,0.5,0.71875,0.5,0.569933951,0.185347974,0.0725274682,0,0,15.9349623,-8.96021366,8.42993259,8.38208103,0,13.3238449,-8.96021366,-2.42556977,0,,,,50
42719092,0.5,0.724137902,0.5,0.569933951,0.169230759,0.0644688606,0,0,15.9304171,-9.03566265,8.58967113,8.38841438,0,13.3166971,-9.03566265,-2.49550366,0,,,,50
42720218,0.5,0.703703701,0.5,0.569933951,0.153113544,0.0644688606,0,0,15.9349623,-9.03566265,8.52035046,8.37574673,0,13.3309927,-9.03566265,-2.49550366,0,,,,50
42721354,0.5,0.75,0.5,0.569933951,0.169230759,0.056410253,0,0,15.9258718,-9.11095428,8.3304739,8.38419151,0,13.3166971,-9.11095428,-2.56543756,0,,,,50
42722480,0.5,0.740740716,0.5,0.569933951,0.161172152,0.056410253,0,0,15.9258718,-9.11095428,8.37568283,8.37785816,0,13.3238449,-9.11095428,-2.56543756,0,,,,50
42723611,0.5,0.680000007,0.5,0.569933951,0.136996329,0.0644688606,0,0,15.9304171,-9.18608856,8.52035046,8.37785816,0,13.3166971,-9.18608856,-2.63537121,0,,,,50
42724737,0.5,0.695652187,0.5,0.569933951,0.128937721,0.056410253,0,0,15.9304171,-9.18608856,8.43294716,8.37785816,0,13.3238449,-9.18608856,-2.63537121,0,,,,50
42725877,0.5,0.652173936,0.5,0.569933951,0.120879114,0.0644688606,0,0,15.9258718,-9.26106644,8.31540394,8.37574673,0,13.3238449,-9.26106644,-2.7053051,0,,,,50
42727004,0.5,0.625,0.5,0.569933951,0.120879114,0.0725274682,0,0,15.9349623,-9.26106644,8.37568283,8.38208103,0,13.3309927,-9.26106644,-2.7053051,0,,,,50
42728139,0.5,0.729729712,0.5,0.569933951,0.217582405,0.0805860758,0,0,15.9258718,-9.33588886,8.28827858,8.37152386,0,13.3238449,-9.33588886,-2.77523899,0,,,,50
42729266,0.5,0.642857134,0.5,0.569933951,0.145054936,0.0805860758,0,0,15.9304171,-9.33588886,8.56254578,8.37152386,0,13.3309927,-9.33588886,-2.77523899,0,,,,50
42730396,0.5,0.727272749,0.5,0.569933951,0.193406582,0.0725274682,0,0,15.9304171,-9.41055489,8.36664104,8.36941242,0,13.3095493,-9.41055489,-2.84517288,0,,,,50
42731523,0.5,0.592592597,0.5,0.569933951,0.128937721,0.0886446834,0,0,15.9304171,-9.41055489,8.45404434,8.36730099,0,13.3095493,-9.41055489,-2.84517288,0,,,,50
42732654,0.5,0.592592597,0.5,0.569933951,0.128937721,0.0886446834,0,0,15.9304171,-9.48506641,8.45705795,8.36518955,0,13.3238449,-9.48506641,-2.91510677,0,,,,50
42733781,0.5,0.647058845,0.5,0.569933951,0.177289367,0.0967032909,0,0,15.9258718,-9.48506641,8.44500256,8.37152386,0,13.3238449,-9.48506641,-2.91510677,0,,,,50
42734911,0.5,0.674418628,0.5,0.569933951,0.23369962,0.112820506,0,0,15.9349623,-9.55942249,8.30334854,8.36307812,0,13.3095493,-9.55942249,-2.98504066,0,,,,50
42736042,0.5,0.519999981,0.5,0.569933951,0.104761899,0.0967032909,0,0,15.9258718,-9.55942249,8.50528145,8.36096668,0,13.3095493,-9.55942249,-2.98504066,0,,,,50
42737378,0.5,0.692307711,0.5,0.569933951,0.217582405,0.0967032909,0,0,15.9304171,-9.63362312,8.59268475,8.36307812,0,13.3238449,-9.63362312,-3.05497456,0,,,,50
42738504,0.5,0.657894731,0.5,0.569933951,0.201465189,0.104761899,0,0,15.9258718,-9.63362312,8.31841755,8.36730099,0,13.3238449,-9.63362312,-3.05497456,0,,,,50
42739634,0.5,0.5625,0.5,0.569933951,0.145054936,0.112820506,0,0,15.9167824,-9.70767021,8.61679649,8.36096668,0,13.3095493,-9.70767021,-3.12490845,0,,,,50
42740761,0.5,0.586206913,0.5,0.569933951,0.136996329,0.0967032909,0,0,15.9304171,-9.70767021,8.47212791,8.36307812,0,13.3238449,-9.70767021,-3.12490845,0,,,,50
42741892,0.5,0.674418628,0.5,0.569933951,0.23369962,0.112820506,0,0,15.9304171,-9.78156376,8.29430676,8.36307812,0,13.3166971,-9.78156376,-3.19484234,0,,,,50
42743018,0.5,0.690476179,0.5,0.569933951,0.23369962,0.104761899,0,0,15.9258718,-9.78156376,8.61679649,8.36096668,0,13.3309927,-9.78156376,-3.19484234,0,,,,50
42744154,0.5,0.571428597,0.5,0.569933951,0.161172152,0.120879114,0,0,15.9349623,-9.85530281,8.45103073,8.36307812,0,13.3095493,-9.85530281,-3.26477623,0,,,,50
42745280,0.5,0.621621609,0.5,0.569933951,0.185347974,0.112820506,0,0,15.9304171,-9.85530281,8.57761478,8.36941242,0,13.3238449,-9.85530281,-3.26477623,0,,,,50
42746420,0.5,0.5625,0.5,0.569933951,0.145054936,0.112820506,0,0,15.9258718,-9.92888927,8.49623966,8.36518955,0,13.3095493,-9.92888927,-3.33471012,0,,,,50
42747546,0.5,0.545454562,0.5,0.569933951,0.145054936,0.120879114,0,0,15.9258718,-9.92888927,8.26416779,8.36307812,0,13.3309927,-9.92888927,-3.33471012,0,,,,50
42748677,0.5,0.54838711,0.5,0.569933951,0.136996329,0.112820506,0,0,15.9349623,-10.0023222,8.30937672,8.36518955,0,13.3166971,-10.0023222,-3.40464401,0,,,,50
42749804,0.5,0.53125,0.5,0.569933951,0.136996329,0.120879114,0,0,15.9349623,-10.0023222,8.34554291,8.36518955,0,13.3238449,-10.0023222,-3.40464401,0,,,,50
42750934,0.5,0.588235319,0.5,0.569933951,0.161172152,0.112820506,0,0,15.9213276,-10.0756035,8.48418331,8.35041046,0,13.3238449,-10.0756035,-3.4745779,0,,,,50
42752066,0.5,0.615384638,0.5,0.569933951,0.193406582,0.120879114,0,0,15.9349623,-10.0756035,8.62282372,8.36730099,0,13.3095493,-10.0756035,-3.4745779,0,,,,50
42753196,0.5,0.545454562,0.5,0.569933951,0.145054936,0.120879114,0,0,15.9258718,-10.1487322,8.31841755,8.34829903,0,13.3166971,-10.1487322,-3.5445118,0,,,,50
42754323,0.5,0.536585391,0.5,0.569933951,0.177289367,0.153113544,0,0,15.9258718,-10.1487322,8.46609974,8.33985329,0,13.3309927,-10.1487322,-3.5445118,0,,,,50
42755453,0.5,0.53061223,0.5,0.569933951,0.209523797,0.185347974,0,0,15.9258718,-10.2217083,8.42089176,8.39052582,0,13.3095493,-10.2217083,-3.61444569,0,,,,50
42756580,0.5,0.522727251,0.5,0.569933951,0.185347974,0.169230759,0,0,15.9258718,-10.2217083,8.43294716,8.36096668,0,13.3166971,-10.2217083,-3.61444569,0,,,,50
42757914,0.5,0.560975611,0.5,0.569933951,0.185347974,0.145054936,0,0,15.9213276,-10.2945337,8.45103073,8.30818272,0,13.3238449,-10.2945337,-3.68437958,0,,,,50
42759045,0.5,0.545454562,0.5,0.569933951,0.193406582,0.161172152,0,0,15.9304171,-10.2945337,8.45103073,8.3039608,0,13.3095493,-10.2945337,-3.68437958,0,,,,50
42760176,0.5,0.611111104,0.5,0.569933951,0.177289367,0.112820506,0,0,15.9304171,-10.3672085,8.42993259,8.30184937,0,13.3166971,-10.3672085,-3.75431347,0,,,,50
42761302,0.5,0.523809552,0.5,0.569933951,0.177289367,0.161172152,0,0,15.9258718,-10.3672085,8.4058218,8.31873989,0,13.3238449,-10.3672085,-3.75431347,0,,,,50
42762433,0.5,0.666666687,0.5,0.569933951,0.193406582,0.0967032909,0,0,15.9304171,-10.4397316,8.42993259,8.31029415,0,13.3238449,-10.4397316,-3.82424736,0,,,,50
42763560,0.5,0.571428597,0.5,0.569933951,0.193406582,0.145054936,0,0,15.9258718,-10.4397316,8.4058218,8.34407616,0,13.3238449,-10.4397316,-3.82424736,0,,,,50
42764690,0.5,0.547619045,0.5,0.569933951,0.185347974,0.153113544,0,0,15.9258718,-10.512105,8.41184998,8.33563042,0,13.3166971,-10.512105,-3.89418125,0,,,,50
42765826,0.5,0.585365832,0.5,0.569933951,0.193406582,0.136996329,0,0,15.9213276,-10.512105,8.41486359,8.3525219,0,13.3238449,-10.512105,-3.89418125,0,,,,50
42766961,0.5,0.550000012,0.5,0.569933951,0.177289367,0.145054936,0,0,15.9304171,-10.5843277,8.44198895,8.34196472,0,13.3095493,-10.5843277,-3.96411514,0,,,,50
42768088,0.5,0.604651153,0.5,0.569933951,0.209523797,0.136996329,0,0,15.9304171,-10.5843277,8.44500256,8.3314085,0,13.3309927,-10.5843277,-3.96411514,0,,,,50
42769219,0.5,0.609756112,0.5,0.569933951,0.201465189,0.128937721,0,0,15.9304171,-10.6564007,8.44801617,8.32929707,0,13.3238449,-10.6564007,-4.03404903,0,,,,50
42770345,0.5,0.611111104,0.5,0.569933951,0.177289367,0.112820506,0,0,15.9258718,-10.6564007,8.43596077,8.37152386,0,13.3238449,-10.6564007,-4.03404903,0,,,,50
42771476,0.5,0.547619045,0.5,0.569933951,0.185347974,0.153113544,0,0,15.9213276,-10.7283249,8.40883541,8.3525219,0,13.3095493,-10.7283249,-4.10398293,0,,,,50
42772602,0.5,0.59523809,0.5,0.569933951,0.201465189,0.136996329,0,0,15.9258718,-10.7283249,8.42993259,8.33563042,0,13.3238449,-10.7283249,-4.10398293,0,,,,50
42773733,0.5,0.604651153,0.5,0.569933951,0.209523797,0.136996329,0,0,15.9258718,-10.8000994,8.39678001,8.33351898,0,13.3095493,-10.8000994,-4.17391682,0,,,,50
42774864,0.5,0.565217376,0.5,0.569933951,0.209523797,0.161172152,0,0,15.9258718,-10.8000994,8.42089176,8.3314085,0,13.3238449,-10.8000994,-4.17391682,0,,,,50
42775995,0.5,0.595744669,0.5,0.569933951,0.225641012,0.153113544,0,0,15.9258718,-10.8717251,8.41184998,8.34407616,0,13.3166971,-10.8717251,-4.24385071,0,,,,50
42777122,0.5,0.604651153,0.5,0.569933951,0.209523797,0.136996329,0,0,15.9213276,-10.8717251,8.37869644,8.33563042,0,13.3166971,-10.8717251,-4.24385071,0,,,,50
42778252,0.5,0.560975611,0.5,0.569933951,0.185347974,0.145054936,0,0,15.9258718,-10.943203,8.42390537,8.33985329,0,13.3238449,-10.943203,-4.3137846,0,,,,50
42779583,0.5,0.553191483,0.5,0.569933951,0.209523797,0.169230759,0,0,15.9213276,-10.943203,8.3937664,8.3314085,0,13.3238449,-10.943203,-4.3137846,0,,,,50
42780713,0.5,0.520833313,0.5,0.569933951,0.201465189,0.185347974,0,0,15.9167824,-11.014533,8.39075184,8.33351898,0,13.3166971,-11.014533,-4.38371849,0,,,,50
42781840,0.5,0.541666687,0.5,0.569933951,0.209523797,0.177289367,0,0,15.9167824,-11.014533,8.40883541,8.33563042,0,13.3166971,-11.014533,-4.38371849,0,,,,50
42782975,0.5,0.53061223,0.5,0.569933951,0.209523797,0.185347974,0,0,15.9167824,-11.0857153,8.40280819,8.33563042,0,13.3238449,-11.0857153,-4.45365238,0,,,,50
42784101,0.5,0.560000002,0.5,0.569933951,0.225641012,0.177289367,0,0,15.9213276,-11.0857153,8.4058218,8.32929707,0,13.3166971,-11.0857153,-4.45365238,0,,,,50
42785232,0.5,0.540000021,0.5,0.569933951,0.217582405,0.185347974,0,0,15.9167824,-11.1567497,8.39075184,8.32718563,0,13.3095493,-11.1567497,-4.52358627,0,,,,50
42786367,0.5,0.540000021,0.5,0.569933951,0.217582405,0.185347974,0,0,15.9167824,-11.1567497,8.38773823,8.32296276,0,13.3238449,-11.1567497,-4.52358627,0,,,,50
42787498,0.5,0.571428597,0.5,0.569933951,0.225641012,0.169230759,0,0,15.9122372,-11.2276373,8.38773823,8.32085133,0,13.3095493,-11.2276373,-4.59352016,0,,,,50
42788624,0.5,0.584905684,0.5,0.569933951,0.249816835,0.177289367,0,0,15.9167824,-11.2276373,8.3937664,8.3250742,0,13.3166971,-11.2276373,-4.59352016,0,,,,50
42789759,0.5,0.57407409,0.5,0.569933951,0.249816835,0.185347974,0,0,15.9167824,-11.298378,8.38171005,8.32296276,0,13.3095493,-11.298378,-4.66345406,0,,,,50
42790886,0.5,0.563636363,0.5,0.569933951,0.249816835,0.193406582,0,0,15.9122372,-11.298378,8.37266827,8.31451702,0,13.3166971,-11.298378,-4.66345406,0,,,,50
42792017,0.5,0.543859661,0.5,0.569933951,0.249816835,0.209523797,0,0,15.9167824,-11.3689728,8.36061287,8.32085133,0,13.3095493,-11.3689728,-4.73338795,0,,,,50
42793143,0.5,0.538461566,0.5,0.569933951,0.225641012,0.193406582,0,0,15.9122372,-11.3689728,8.38171005,8.3250742,0,13.3166971,-11.3689728,-4.73338795,0,,,,50
42794274,0.5,0.543859661,0.5,0.569933951,0.249816835,0.209523797,0,0,15.9167824,-11.4394217,8.37869644,8.31873989,0,13.3166971,-11.4394217,-4.80332184,0,,,,50
42795401,0.5,0.563636363,0.5,0.569933951,0.249816835,0.193406582,0,0,15.9122372,-11.4394217,8.37869644,8.32085133,0,13.3166971,-11.4394217,-4.80332184,0,,,,50
42796531,0.5,0.566037714,0.5,0.569933951,0.241758227,0.185347974,0,0,15.9122372,-11.5097256,8.37869644,8.31873989,0,13.3095493,-11.5097256,-4.87325573,0,,,,50
42797662,0.5,0.545454562,0.5,0.569933951,0.241758227,0.201465189,0,0,15.9122372,-11.5097256,8.38171005,8.31240559,0,13.3166971,-11.5097256,-4.87325573,0,,,,50
42798793,0.5,0.55737704,0.5,0.569933951,0.273992658,0.217582405,0,0,15.9167824,-11.5798836,8.35759926,8.30818272,0,13.3095493,-11.5798836,-4.94318962,0,,,,50
42800123,0.5,0.566666663,0.5,0.569933951,0.273992658,0.209523797,0,0,15.9122372,-11.5798836,8.36362648,8.3039608,0,13.3166971,-11.5798836,-4.94318962,0,,,,50
42801254,0.5,0.550000012,0.5,0.569933951,0.26593405,0.217582405,0,0,15.907692,-11.6498966,8.34855747,8.31029415,0,13.3024006,-11.6498966,-5.01312351,0,,,,50
42802380,0.5,0.559322059,0.5,0.569933951,0.26593405,0.209523797,0,0,15.9122372,-11.6498966,8.33951569,8.31451702,0,13.3095493,-11.6498966,-5.01312351,0,,,,50
42803511,0.5,0.534482777,0.5,0.569933951,0.249816835,0.217582405,0,0,15.9167824,-11.7197647,8.34855747,8.3039608,0,13.3095493,-11.7197647,-5.0830574,0,,,,50
42804638,0.5,0.555555582,0.5,0.569933951,0.282051265,0.225641012,0,0,15.9122372,-11.7197647,8.36664104,8.30818272,0,13.3166971,-11.7197647,-5.0830574,0,,,,50
42805782,0.5,0.568965495,0.5,0.569933951,0.26593405,0.201465189,0,0,15.907692,-11.7894888,8.36061287,8.31029415,0,13.3024006,-11.7894888,-5.15299129,0,,,,50
42806909,0.5,0.534482777,0.5,0.569933951,0.249816835,0.217582405,0,0,15.9122372,-11.7894888,8.36965466,8.31873989,0,13.3166971,-11.7894888,-5.15299129,0,,,,50
42808040,0.5,0.533333361,0.5,0.569933951,0.257875443,0.225641012,0,0,15.907692,-11.8590689,8.35458469,8.31029415,0,13.3024006,-11.8590689,-5.22292519,0,,,,50
42809167,0.5,0.532258093,0.5,0.569933951,0.26593405,0.23369962,0,0,15.9122372,-11.8590689,8.34554291,8.31451702,0,13.3166971,-11.8590689,-5.22292519,0,,,,50
42810298,0.5,0.555555582,0.5,0.569933951,0.282051265,0.225641012,0,0,15.9122372,-11.9285049,8.36362648,8.30607224,0,13.3024006,-11.9285049,-5.29285908,0,,,,50
42811424,0.5,0.539682567,0.5,0.569933951,0.273992658,0.23369962,0,0,15.907692,-11.9285049,8.35157108,8.3039608,0,13.3166971,-11.9285049,-5.29285908,0,,,,50
42812555,0.5,0.575757563,0.5,0.569933951,0.306227088,0.225641012,0,0,15.907692,-11.9977989,8.36362648,8.29973793,0,13.3095493,-11.9977989,-5.36279297,0,,,,50
42813686,0.5,0.571428597,0.5,0.569933951,0.290109873,0.217582405,0,0,15.9122372,-11.9977989,8.35157108,8.3039608,0,13.3166971,-11.9977989,-5.36279297,0,,,,50
42814816,0.5,0.555555582,0.5,0.569933951,0.282051265,0.225641012,0,0,15.9122372,-12,8.36061287,8.3039608,0,13.3024006,-12.0669489,-5.39665985,0,,,,50
42815943,0.5,0.5625,0.5,0.569933951,0.290109873,0.225641012,0,0,15.9122372,-12,8.38171005,8.30818272,0,13.3166971,-12.0669489,-5.39665985,0,,,,50
42817073,0.5,0.539682567,0.5,0.569933951,0.273992658,0.23369962,0,0,15.9122372,-11.9278564,8.39678001,8.30607224,0,13.3024006,-11.9278564,-5.46659374,0,,,,50
42818200,0.5,0.5625,0.5,0.569933951,0.290109873,0.225641012,0,0,15.907692,-11.9278564,8.3304739,8.30607224,0,13.3166971,-11.9278564,-5.46659374,0,,,,50
42819330,0.5,0.54838711,0.5,0.569933951,0.273992658,0.225641012,0,0,15.907692,-11.8876934,8.35157108,8.30607224,0,13.3166971,-11.8876934,-5.53652763,0,,,,50
42820462,0.5,0.555555582,0.5,0.569933951,0.282051265,0.225641012,0,0,15.907692,-11.8876934,8.35458469,8.30184937,0,13.3166971,-11.8876934,-5.53652763,0,,,,50
42821796,0.5,0.55384618,0.5,0.569933951,0.290109873,0.23369962,0,0,15.907692,-11.9114008,8.35157108,8.2976265,0,13.3024006,-11.9114008,-5.60646152,0,,,,50
42822923,0.5,0.567164183,0.5,0.569933951,0.306227088,0.23369962,0,0,15.907692,-11.9114008,8.36061287,8.30818272,0,13.3166971,-11.9114008,-5.60646152,0,,,,50
42824054,0.5,0.5625,0.5,0.569933951,0.290109873,0.225641012,0,0,15.907692,-11.9744616,8.35759926,8.29973793,0,13.3024006,-11.9744616,-5.67639542,0,,,,50
42825180,0.5,0.546875,0.5,0.569933951,0.282051265,0.23369962,0,0,15.907692,-11.9744616,8.35759926,8.30607224,0,13.3166971,-11.9744616,-5.67639542,0,,,,50
42826320,0.5,0.5625,0.5,0.569933951,0.290109873,0.225641012,0,0,15.907692,-12,8.31841755,8.3039608,0,13.3095493,-12.0605431,-5.71371317,0,,,,50
42827446,0.5,0.578125,0.5,0.569933951,0.29816848,0.217582405,0,0,15.907692,-12,8.34855747,8.30818272,0,13.3095493,-12.0605431,-5.71371317,0,,,,50
42828581,0.5,0.54838711,0.5,0.569933951,0.273992658,0.225641012,0,0,15.907692,-11.9705791,8.34855747,8.31240559,0,13.3024006,-11.9705791,-5.78364706,0,,,,50
42829708,0.5,0.567164183,0.5,0.569933951,0.306227088,0.23369962,0,0,15.9031467,-11.9705791,8.34855747,8.30818272,0,13.3166971,-11.9705791,-5.78364706,0,,,,50
42830839,0.5,0.55384618,0.5,0.569933951,0.290109873,0.23369962,0,0,15.9031467,-11.975276,8.33348751,8.30184937,0,13.3166971,-11.975276,-5.85358095,0,,,,50
42831965,0.5,0.560606062,0.5,0.569933951,0.29816848,0.23369962,0,0,15.907692,-11.975276,8.34855747,8.29973793,0,13.3166971,-11.975276,-5.85358095,0,,,,50
42833096,0.5,0.552238822,0.5,0.569933951,0.29816848,0.241758227,0,0,15.9031467,-12,8.35458469,8.2976265,0,13.3024006,-12.0384998,-5.90277386,0,,,,50
42834223,0.5,0.560606062,0.5,0.569933951,0.29816848,0.23369962,0,0,15.9031467,-12,8.34855747,8.29551506,0,13.3166971,-12.0384998,-5.90277386,0,,,,50
42835353,0.5,0.560606062,0.5,0.569933951,0.29816848,0.23369962,0,0,15.907692,-12,8.34554291,8.30607224,0,13.3095493,-12.0157928,-5.96419954,0,,,,50
42836485,0.5,0.560606062,0.5,0.569933951,0.29816848,0.23369962,0,0,15.907692,-12,8.3425293,8.29973793,0,13.3095493,-12.0157928,-5.96419954,0,,,,50
42837616,0.5,0.539682567,0.5,0.569933951,0.273992658,0.23369962,0,0,15.907692,-12,8.35759926,8.30607224,0,13.3024006,-12.0185413,-6.02414465,0,,,,50
42838742,0.5,0.552238822,0.5,0.569933951,0.29816848,0.241758227,0,0,15.907692,-12,8.33650112,8.29973793,0,13.3095493,-12.0185413,-6.02414465,0,,,,50
42839873,0.5,0.5625,0.5,0.569933951,0.290109873,0.225641012,0,0,15.9031467,-12,8.33650112,8.29973793,0,13.3095493,-12.0309715,-6.07739353,0,,,,50
42840999,0.5,0.54411763,0.5,0.569933951,0.29816848,0.249816835,0,0,15.907692,-12,8.32745934,8.29340363,0,13.3166971,-12.0309715,-6.07739353,0,,,,50
42842334,0.5,0.569230795,0.5,0.569933951,0.29816848,0.225641012,0,0,15.907692,-12,8.3425293,8.29973793,0,13.3024006,-12.0130129,-6.14031744,0,,,,50
42843460,0.5,0.54411763,0.5,0.569933951,0.29816848,0.249816835,0,0,15.907692,-12,8.36362648,8.2976265,0,13.3095493,-12.0130129,-6.14031744,0,,,,50
42844596,0.5,0.565217376,0.5,0.569933951,0.314285696,0.241758227,0,0,15.907692,-12,8.33650112,8.29973793,0,13.3095493,-12.0376196,-6.1899848,0,,,,50
42845731,0.5,0.54285717,0.5,0.569933951,0.306227088,0.257875443,0,0,15.9031467,-12,8.32444572,8.29129219,0,13.3166971,-12.0376196,-6.1899848,0,,,,50
42846862,0.5,0.54285717,0.5,0.569933951,0.306227088,0.257875443,0,0,15.9031467,-12,8.32745934,8.28706932,0,13.3024006,-12.0124292,-6.25322294,0,,,,50
42847988,0.5,0.558823526,0.5,0.569933951,0.306227088,0.241758227,0,0,15.9031467,-12,8.33348751,8.2976265,0,13.3166971,-12.0124292,-6.25322294,0,,,,50
42849119,0.5,0.547945201,0.5,0.569933951,0.322344303,0.26593405,0,0,15.9031467,-12,8.32444572,8.28706932,0,13.3024006,-12.0412531,-6.30093288,0,,,,50
42850246,0.5,0.541666687,0.5,0.569933951,0.314285696,0.26593405,0,0,15.8986015,-12,8.32444572,8.29129219,0,13.3166971,-12.0412531,-6.30093288,0,,,,50
42851381,0.5,0.534246564,0.5,0.569933951,0.314285696,0.273992658,0,0,15.9031467,-12,8.3304739,8.29129219,0,13.3024006,-12.0135269,-6.36357927,0,,,,50
42852507,0.5,0.541666687,0.5,0.569933951,0.314285696,0.26593405,0,0,15.9031467,-12,8.30937672,8.28495789,0,13.3095493,-12.0135269,-6.36357927,0,,,,50
42853638,0.5,0.560000002,0.5,0.569933951,0.338461518,0.26593405,0,0,15.8986015,-12,8.3304739,8.28284645,0,13.3024006,-12.0437994,-6.40991735,0,,,,50
42854764,0.5,0.560000002,0.5,0.569933951,0.338461518,0.26593405,0,0,15.9031467,-12,8.30334854,8.28706932,0,13.3095493,-12.0437994,-6.40991735,0,,,,50
42855895,0.5,0.552631557,0.5,0.569933951,0.338461518,0.273992658,0,0,15.9031467,-12,8.31540394,8.28073597,0,13.3024006,-12.015172,-6.47167778,0,,,,50
42857021,0.5,0.554054081,0.5,0.569933951,0.330402911,0.26593405,0,0,15.9031467,-12,8.30937672,8.29129219,0,13.3024006,-12.015172,-6.47167778,0,,,,50
42858152,0.5,0.547945201,0.5,0.569933951,0.322344303,0.26593405,0,0,15.8986015,-12,8.32444572,8.28918076,0,13.3024006,-12.0459299,-6.51686859,0,,,,50
42859283,0.5,0.563380301,0.5,0.569933951,0.322344303,0.249816835,0,0,15.9031467,-12,8.33951569,8.29340363,0,13.2952528,-12.0459299,-6.51686859,0,,,,50
42860414,0.5,0.541666687,0.5,0.569933951,0.314285696,0.26593405,0,0,15.907692,-12,8.3425293,8.28918076,0,13.2952528,-12.0169697,-6.57766008,0,,,,50
42861541,0.5,0.563380301,0.5,0.569933951,0.322344303,0.249816835,0,0,15.9031467,-12,8.31841755,8.29129219,0,13.3166971,-12.0169697,-6.57766008,0,,,,50
42862876,0.5,0.546666682,0.5,0.569933951,0.330402911,0.273992658,0,0,15.9031467,-12,8.31540394,8.28706932,0,13.3095493,-12.0478792,-6.6218009,0,,,,50
42864002,0.5,0.555555582,0.5,0.569933951,0.322344303,0.257875443,0,0,15.9031467,-12,8.32745934,8.28918076,0,13.3166971,-12.0478792,-6.6218009,0,,,,50
42865133,0.5,0.536231875,0.5,0.569933951,0.29816848,0.257875443,0,0,15.8986015,-12,8.3304739,8.29340363,0,13.3166971,-12.0187864,-6.68161392,0,,,,50
42866268,0.5,0.549295783,0.5,0.569933951,0.314285696,0.257875443,0,0,15.9031467,-12,8.32444572,8.28706932,0,13.3166971,-12.0187864,-6.68161392,0,,,,50
42867404,0.5,0.550724626,0.5,0.569933951,0.306227088,0.249816835,0,0,15.9031467,-12,8.32143211,8.29129219,0,13.3095493,-12.0497303,-6.72475719,0,,,,50
42868531,0.5,0.547945201,0.5,0.569933951,0.322344303,0.26593405,0,0,15.9031467,-12,8.30937672,8.28918076,0,13.3166971,-12.0497303,-6.72475719,0,,,,50
42869663,0.5,0.569620252,0.5,0.569933951,0.362637341,0.273992658,0,0,15.8986015,-12,8.29732037,8.28073597,0,13.3024006,-12.0205736,-6.78360796,0,,,,50
42870789,0.5,0.552631557,0.5,0.569933951,0.338461518,0.273992658,0,0,15.9031467,-12,8.32444572,8.28495789,0,13.3095493,-12.0205736,-6.78360796,0,,,,50
42871920,0.5,0.554054081,0.5,0.569933951,0.330402911,0.26593405,0,0,15.9031467,-12,8.33650112,8.29129219,0,13.3095493,-12.0515127,-6.82579041,0,,,,50
42873046,0.5,0.541666687,0.5,0.569933951,0.314285696,0.26593405,0,0,15.9031467,-12,8.32444572,8.29129219,0,13.3095493,-12.0515127,-6.82579041,0,,,,50
42874182,0.5,0.536231875,0.5,0.569933951,0.29816848,0.257875443,0,0,15.9031467,-12,8.3304739,8.28706932,0,13.3095493,-12.0223169,-6.8837018,0,,,,50
42875308,0.5,0.546666682,0.5,0.569933951,0.330402911,0.273992658,0,0,15.9031467,-12,8.31841755,8.28495789,0,13.3095493,-12.0223169,-6.8837018,0,,,,50
42876439,0.5,0.533333361,0.5,0.569933951,0.322344303,0.282051265,0,0,15.8986015,-12,8.30937672,8.28918076,0,13.3024006,-12.0532379,-6.92495489,0,,,,50
42877565,0.5,0.541666687,0.5,0.569933951,0.314285696,0.26593405,0,0,15.9031467,-12,8.32444572,8.28706932,0,13.3095493,-12.0532379,-6.92495489,0,,,,50
42878696,0.5,0.539473712,0.5,0.569933951,0.330402911,0.282051265,0,0,15.9031467,-12,8.31841755,8.28706932,0,13.3095493,-12.0240135,-6.98195219,0,,,,50
42879822,0.5,0.549295783,0.5,0.569933951,0.314285696,0.257875443,0,0,15.9031467,-12,8.32444572,8.28284645,0,13.3024006,-12.0240135,-6.98195219,0,,,,50
42880953,0.5,0.554054081,0.5,0.569933951,0.330402911,0.26593405,0,0,15.8986015,-12,8.31841755,8.28706932,0,13.2952528,-12.0549116,-7.02230358,0,,,,50
42882084,0.5,0.540540516,0.5,0.569933951,0.322344303,0.273992658,0,0,15.9031467,-12,8.31239033,8.28706932,0,13.3095493,-12.0549116,-7.02230358,0,,,,50
42883215,0.5,0.545454562,0.5,0.569933951,0.338461518,0.282051265,0,0,15.8986015,-12,8.29129314,8.28073597,0,13.3024006,-12.0256605,-7.07841349,0,,,,50
42884545,0.5,0.519480526,0.5,0.569933951,0.322344303,0.29816848,0,0,15.8986015,-12,8.31239033,8.28073597,0,13.2952528,-12.0256605,-7.07841349,0,,,,50
42885686,0.5,0.56410259,0.5,0.569933951,0.354578733,0.273992658,0,0,15.8986015,-12,8.32444572,8.28284645,0,13.3024006,-12.0565367,-7.11788988,0,,,,50
42886812,0.5,0.545454562,0.5,0.569933951,0.338461518,0.282051265,0,0,15.9031467,-12,8.31540394,8.28284645,0,13.3095493,-12.0565367,-7.11788988,0,,,,50
42887943,0.5,0.551282048,0.5,0.569933951,0.346520126,0.282051265,0,0,15.8986015,-12,8.30033493,8.27229023,0,13.3095493,-12.0272608,-7.17313814,0,,,,50
42889070,0.5,0.560975611,0.5,0.569933951,0.370695949,0.290109873,0,0,15.8986015,-12,8.28225136,8.28073597,0,13.2952528,-12.0272608,-7.17313814,0,,,,50
42890206,0.5,0.545454562,0.5,0.569933951,0.338461518,0.282051265,0,0,15.9031467,-12,8.30636215,8.27017879,0,13.3095493,-12.0581131,-7.21176481,0,,,,50
42891332,0.5,0.555555582,0.5,0.569933951,0.362637341,0.290109873,0,0,15.8986015,-12,8.29732037,8.28706932,0,13.3095493,-12.0581131,-7.21176481,0,,,,50
42892463,0.5,0.565789461,0.5,0.569933951,0.346520126,0.26593405,0,0,15.8986015,-12,8.31239033,8.2765131,0,13.3024006,-12.0288143,-7.26617575,0,,,,50
42893589,0.5,0.550000012,0.5,0.569933951,0.354578733,0.290109873,0,0,15.8986015,-12,8.32143211,8.26806736,0,13.3095493,-12.0288143,-7.26617575,0,,,,50
42894720,0.5,0.532467544,0.5,0.569933951,0.330402911,0.290109873,0,0,15.9031467,-12,8.28225136,8.27440166,0,13.3024006,-12.0596437,-7.30397844,0,,,,50
42895846,0.5,0.548780501,0.5,0.569933951,0.362637341,0.29816848,0,0,15.8986015,-12,8.28526497,8.2765131,0,13.3095493,-12.0596437,-7.30397844,0,,,,50
42896977,0.5,0.535714269,0.5,0.569933951,0.362637341,0.314285696,0,0,15.8986015,-12,8.26416779,8.27017879,0,13.2952528,-12.0303221,-7.35757685,0,,,,50
42898108,0.5,0.530864179,0.5,0.569933951,0.346520126,0.306227088,0,0,15.8940573,-12,8.30636215,8.27440166,0,13.3095493,-12.0303221,-7.35757685,0,,,,50
42899239,0.5,0.571428597,0.5,0.569933951,0.354578733,0.26593405,0,0,15.8940573,-12,8.28827858,8.26806736,0,13.3024006,-12.0611296,-7.39457846,0,,,,50
42900365,0.5,0.542168677,0.5,0.569933951,0.362637341,0.306227088,0,0,15.8986015,-12,8.29129314,8.27229023,0,13.3095493,-12.0611296,-7.39457846,0,,,,50
42901496,0.5,0.536585391,0.5,0.569933951,0.354578733,0.306227088,0,0,15.9031467,-12,8.30937672,8.27229023,0,13.2952528,-12.0317869,-7.44738817,0,,,,50
42902622,0.5,0.552631557,0.5,0.569933951,0.338461518,0.273992658,0,0,15.8986015,-12,8.31540394,8.26806736,0,13.3095493,-12.0317869,-7.44738817,0,,,,50
42903753,0.5,0.543209851,0.5,0.569933951,0.354578733,0.29816848,0,0,15.8986015,-12,8.31239033,8.27017879,0,13.3024006,-12.0625725,-7.48361254,0,,,,50
42905088,0.5,0.543209851,0.5,0.569933951,0.354578733,0.29816848,0,0,15.8986015,-12,8.29430676,8.26806736,0,13.3095493,-12.0625725,-7.48361254,0,,,,50
42906228,0.5,0.530864179,0.5,0.569933951,0.346520126,0.306227088,0,0,15.8986015,-12,8.31239033,8.26806736,0,13.3024006,-12.0332088,-7.53565645,0,,,,50
42907354,0.5,0.554216862,0.5,0.569933951,0.370695949,0.29816848,0,0,15.8986015,-12,8.30334854,8.2765131,0,13.3095493,-12.0332088,-7.53565645,0,,,,50
42908485,0.5,0.543209851,0.5,0.569933951,0.354578733,0.29816848,0,0,15.9031467,-12,8.30937672,8.26806736,0,13.3024006,-12.0639734,-7.57112598,0,,,,50
42909612,0.5,0.531645596,0.5,0.569933951,0.338461518,0.29816848,0,0,15.8986015,-12,8.31239033,8.27862453,0,13.3095493,-12.0639734,-7.57112598,0,,,,50
42910742,0.5,0.554216862,0.5,0.569933951,0.370695949,0.29816848,0,0,15.8940573,-12,8.27923679,8.2765131,0,13.3024006,-12.0345888,-7.62242603,0,,,,50
42911868,0.5,0.555555582,0.5,0.569933951,0.362637341,0.290109873,0,0,15.8986015,-12,8.26115322,8.26173306,0,13.3095493,-12.0345888,-7.62242603,0,,,,50
42913004,0.5,0.559523821,0.5,0.569933951,0.378754556,0.29816848,0,0,15.8986015,-12,8.28827858,8.26806736,0,13.3024006,-12.0653343,-7.65716314,0,,,,50
42914130,0.5,0.539473712,0.5,0.569933951,0.330402911,0.282051265,0,0,15.8986015,-12,8.30334854,8.27440166,0,13.3095493,-12.0653343,-7.65716314,0,,,,50
42915261,0.5,0.560975611,0.5,0.569933951,0.370695949,0.290109873,0,0,15.9031467,-12,8.30636215,8.26806736,0,13.3095493,-12.0359287,-7.70774078,0,,,,50
42916388,0.5,0.543209851,0.5,0.569933951,0.354578733,0.29816848,0,0,15.8986015,-12,8.29129314,8.27440166,0,13.3095493,-12.0359287,-7.70774078,0,,,,50
42917518,0.5,0.518072307,0.5,0.569933951,0.346520126,0.322344303,0,0,15.8940573,-12,8.30937672,8.27440166,0,13.3024006,-12.0666542,-7.74176645,0,,,,50
42918645,0.5,0.506172836,0.5,0.569933951,0.330402911,0.322344303,0,0,15.8940573,-12,8.29129314,8.26173306,0,13.3095493,-12.0666542,-7.74176645,0,,,,50
42919776,0.5,0.524999976,0.5,0.569933951,0.338461518,0.306227088,0,0,15.8940573,-12,8.30937672,8.26806736,0,13.3024006,-12.0372305,-7.79164362,0,,,,50
42920907,0.5,0.530120492,0.5,0.569933951,0.354578733,0.314285696,0,0,15.8986015,-12,8.28827858,8.27017879,0,13.3095493,-12.0372305,-7.79164362,0,,,,50
42922038,0.5,0.46808511,0.5,0.569933951,0.354578733,0.402930379,0,0,15.8895121,-12,8.28225136,8.25117683,0,13.3024006,-12.0679369,-7.82497835,0,,,,50
42923164,0.5,0.49494949,0.5,0.569933951,0.394871771,0.402930379,0,0,15.8940573,-12,8.25813961,8.27229023,0,13.3095493,-12.0679369,-7.82497835,0,,,,50
42924295,0.5,0.545454562,0.5,0.569933951,0.386813164,0.322344303,0,0,15.8940573,-12,8.30937672,8.25962162,0,13.2952528,-12.0384941,-7.87417459,0,,,,50
42925421,0.5,0.5,0.5,0.569933951,0.394871771,0.394871771,0,0,15.8940573,-12,8.26416779,8.2553997,0,13.3095493,-12.0384941,-7.87417459,0,,,,50
42926765,0.5,0.621359229,0.5,0.569933951,0.515750885,0.314285696,0,0,15.8940573,-12,8.20690346,8.24695396,0,13.288105,-12.0691814,-7.90683889,0,,,,50
42927892,0.5,0.510416687,0.5,0.569933951,0.394871771,0.378754556,0,0,15.8940573,-12,8.26416779,8.27229023,0,13.3095493,-12.0691814,-7.90683889,0,,,,50
42929028,0.5,0.505376339,0.5,0.569933951,0.378754556,0.370695949,0,0,15.8940573,-12,8.28225136,8.22584057,0,13.2952528,-12.0397205,-7.95537424,0,,,,50
42930154,0.5,0.536585391,0.5,0.569933951,0.354578733,0.306227088,0,0,15.8940573,-12,8.27622318,8.26173306,0,13.3095493,-12.0397205,-7.95537424,0,,,,50
42931286,0.5,0.56382978,0.5,0.569933951,0.427106202,0.330402911,0,0,15.8895121,-12,8.255126,8.25117683,0,13.3024006,-12.0703907,-7.98738718,0,,,,50
42932412,0.5,0.526881695,0.5,0.569933951,0.394871771,0.354578733,0,0,15.8940573,-12,8.33650112,8.28495789,0,13.3095493,-12.0703907,-7.98738718,0,,,,50
42933543,0.5,0.494505495,0.5,0.569933951,0.362637341,0.370695949,0,0,15.8895121,-12,8.32444572,8.24273109,0,13.2952528,-12.0409117,-8.03528118,0,,,,50
42934669,0.5,0.532608688,0.5,0.569933951,0.394871771,0.346520126,0,0,15.8895121,-12,8.30937672,8.25117683,0,13.2952528,-12.0409117,-8.03528118,0,,,,50
42935804,0.5,0.628205121,0.5,0.569933951,0.394871771,0.23369962,0,0,15.8895121,-12,8.25211143,8.28073597,0,13.2952528,-12.0715637,-8.06666183,0,,,,50
42936931,0.5,0.639534891,0.5,0.569933951,0.443223417,0.249816835,0,0,15.8986015,-12,8.36061287,8.28495789,0,13.3095493,-12.0715637,-8.06666183,0,,,,50
42938062,0.5,0.548780501,0.5,0.569933951,0.362637341,0.29816848,0,0,15.8940573,-12,8.28827858,8.28073597,0,13.3024006,-12.0420675,-8.11393261,0,,,,50
42939188,0.5,0.542168677,0.5,0.569933951,0.362637341,0.306227088,0,0,15.8986015,-12,8.30334854,8.27017879,0,13.3095493,-12.0420675,-8.11393261,0,,,,50
42940319,0.5,0.592105269,0.5,0.569933951,0.362637341,0.249816835,0,0,15.8895121,-12,8.29129314,8.28495789,0,13.3024006,-12.0727034,-8.14470005,0,,,,50
42941446,0.5,0.560975611,0.5,0.569933951,0.370695949,0.290109873,0,0,15.8940573,-12,8.26416779,8.28918076,0.00714798551,13.3095493,-12.0727034,-8.14470005,0,,,,50
42942577,0.5,0.484536082,0.5,0.569933951,0.378754556,0.402930379,0,0,15.8940573,-12,8.27320957,8.22584057,0,13.2952528,-12.043191,-8.19136524,0,,,,50
42943708,0.5,0.580246925,0.5,0.569933951,0.378754556,0.273992658,0,0,15.8940573,-12,8.27923679,8.27440166,0,13.3095493,-12.043191,-8.19136524,0,,,,50
42944839,0.5,0.522222221,0.5,0.569933951,0.378754556,0.346520126,0,0,15.8986015,-12,8.21895885,8.26384449,0,13.3024006,-12.0738096,-8.22153664,0,,,,50
42945975,0.5,0.526315808,0.5,0.569933951,0.402930379,0.362637341,0,0,15.8940573,-12,8.35458469,8.24273109,0,13.3095493,-12.0738096,-8.22153664,0,,,,50
42947310,0.5,0.550000012,0.5,0.569933951,0.354578733,0.290109873,0,0,15.8895121,-12,8.27923679,8.27862453,0,13.3095493,-12.044281,-8.26761532,0,,,,50
42948437,0.5,0.544444442,0.5,0.569933951,0.394871771,0.330402911,0,0,15.8940573,-12,8.26416779,8.2553997,0,13.3095493,-12.044281,-8.26761532,0,,,,50
42949567,0.5,0.526315808,0.5,0.569933951,0.402930379,0.362637341,0,0,15.8895121,-12,8.27019501,8.2553997,0,13.2952528,-12.0748844,-8.29720688,0,,,,50
42950694,0.5,0.583333313,0.5,0.569933951,0.451282024,0.322344303,0,0,15.8986015,-12,8.33650112,8.24695396,0,13.3095493,-12.0748844,-8.29720688,0,,,,50
42951830,0.5,0.612244904,0.5,0.569933951,0.483516455,0.306227088,0,0,15.8895121,-12,8.15265274,8.26595592,0,13.2952528,-12.0453396,-8.34271526,0,,,,50
42952956,0.5,0.538461566,0.5,0.569933951,0.394871771,0.338461518,0,0,15.8849669,-12,8.14059639,8.25962162,0,13.3024006,-12.0453396,-8.34271526,0,,,,50
42954088,0.5,0.521739125,0.5,0.569933951,0.386813164,0.354578733,0,0,15.8895121,-12,8.25813961,8.24273109,0,13.288105,-12.0759277,-8.37174511,0,,,,50
42955214,0.5,0.543478251,0.5,0.569933951,0.402930379,0.338461518,0,0,15.8895121,-12,8.27622318,8.25328827,0,13.3095493,-12.0759277,-8.37174511,0,,,,50
42956345,0.5,0.594059408,0.5,0.569933951,0.483516455,0.330402911,0,0,15.8895121,-12,8.39979362,8.25328827,0,13.2952528,-12.0463676,-8.41670036,0,,,,50
42957471,0.5,0.594059408,0.5,0.569933951,0.483516455,0.330402911,0,0,15.8940573,-12,8.18881989,8.26173306,0,13.3024006,-12.0463676,-8.41670036,0,,,,50
42958602,0.5,0.525773168,0.5,0.569933951,0.410988986,0.370695949,0,0,15.8895121,-12,8.37568283,8.25962162,0,13.2952528,-12.0769405,-8.44518471,0,,,,50
42959734,0.5,0.526881695,0.5,0.569933951,0.394871771,0.354578733,0,0,15.8986015,-12,8.14361095,8.24061966,0,13.3095493,-12.0769405,-8.44518471,0,,,,50
42960864,0.5,0.467391312,0.5,0.569933951,0.346520126,0.394871771,0,0,15.8940573,-12,8.30636215,8.2490654,0,13.3095493,-12.0473661,-8.48960114,0,,,,50
42961991,0.5,0.519999981,0.5,0.569933951,0.419047594,0.386813164,0,0,15.8986015,-12,8.25813961,8.23850822,0,13.3095493,-12.0473661,-8.48960114,0,,,,50
42963122,0.5,0.482352942,0.5,0.569933951,0.330402911,0.354578733,0,0,15.8895121,-12,8.20690346,8.24273109,0,13.2952528,-12.0779238,-8.51755619,0,,,,50
42964249,0.5,0.568627477,0.5,0.569933951,0.46739924,0.354578733,0,0,15.8940573,-12,8.15265274,8.2553997,0,13.3095493,-12.0779238,-8.51755619,0,,,,50
42965380,0.5,0.602040827,0.5,0.569933951,0.475457847,0.314285696,0,0,15.8895121,-12,8.16169453,8.227952,0,13.2952528,-12.0483351,-8.56145096,0,,,,50
42966521,0.5,0.556701005,0.5,0.569933951,0.435164809,0.346520126,0,0,15.8940573,-12,8.34554291,8.24695396,0,13.3095493,-12.0483351,-8.56145096,0,,,,50
42967856,0.5,0.528089881,0.5,0.569933951,0.378754556,0.338461518,0,0,15.8895121,-12,8.14963818,8.2553997,0,13.3024006,-12.0788784,-8.58889008,0,,,,50
42968982,0.5,0.516483545,0.5,0.569933951,0.378754556,0.354578733,0,0,15.8940573,-12,8.25813961,8.28495789,0,13.3095493,-12.0788784,-8.58889008,0,,,,50
42970113,0.5,0.535353541,0.5,0.569933951,0.427106202,0.370695949,0,0,15.8940573,-12,8.29129314,8.23639679,0,13.3024006,-12.0492764,-8.63227844,0,,,,50
42971239,0.5,0.5625,0.5,0.569933951,0.362637341,0.282051265,0,0,15.8849669,-12,8.30937672,8.25751019,0,13.3024006,-12.0492764,-8.63227844,0,,,,50
42972370,0.5,0.494117647,0.5,0.569933951,0.338461518,0.346520126,0,0,15.8895121,-12,8.30033493,8.24061966,0,13.2952528,-12.0798063,-8.65921879,0,,,,50
42973496,0.5,0.5,0.5,0.569933951,0.338461518,0.338461518,0,0,15.8940573,-12,8.38773823,8.25117683,0,13.3095493,-12.0798063,-8.65921879,0,,,,50
42974632,0.5,0.541666687,0.5,0.569933951,0.419047594,0.354578733,0,0,15.8895121,-12,8.27622318,8.24484253,0,13.2952528,-12.05019,-8.70211411,0,,,,50
42975758,0.5,0.552083313,0.5,0.569933951,0.427106202,0.346520126,0,0,15.8940573,-12,8.23704243,8.23850822,0,13.3095493,-12.05019,-8.70211411,0,,,,50
42976889,0.5,0.537634432,0.5,0.569933951,0.402930379,0.346520126,0,0,15.8895121,-12,8.22800064,8.24061966,0,13.288105,-12.0807066,-8.72856998,0,,,,50
42978016,0.5,0.539325833,0.5,0.569933951,0.386813164,0.330402911,0,0,15.8895121,-12,8.21594429,8.25117683,0,13.3024006,-12.0807066,-8.72856998,0,,,,50
42979146,0.5,0.534653485,0.5,0.569933951,0.435164809,0.378754556,0,0,15.8895121,-12,8.30937672,8.25117683,0,13.2952528,-12.0510769,-8.77098656,0,,,,50
42980273,0.5,0.536082447,0.5,0.569933951,0.419047594,0.362637341,0,0,15.8895121,-12,8.24909782,8.23850822,0,13.3095493,-12.0510769,-8.77098656,0,,,,50
42981404,0.5,0.520408154,0.5,0.569933951,0.410988986,0.378754556,0,0,15.8895121,-12,8.25211143,8.23639679,0,13.2952528,-12.0815811,-8.79697132,0,,,,50
42982535,0.5,0.552083313,0.5,0.569933951,0.427106202,0.346520126,0,0,15.8895121,-12,8.21293068,8.25328827,0,13.3024006,-12.0815811,-8.79697132,0,,,,50
42983666,0.5,0.576086938,0.5,0.569933951,0.427106202,0.314285696,0,0,15.8940573,-12,8.22498608,8.23639679,0,13.2952528,-12.051939,-8.83892441,0,,,,50
42984792,0.5,0.536082447,0.5,0.569933951,0.419047594,0.362637341,0,0,15.8849669,-12,8.26115322,8.23639679,0,13.3024006,-12.051939,-8.83892441,0,,,,50
42985932,0.5,0.545454562,0.5,0.569933951,0.435164809,0.362637341,0,0,15.8849669,-12,8.22498608,8.23639679,0,13.288105,-12.0824299,-8.86445141,0,,,,50
42987060,0.5,0.566666663,0.5,0.569933951,0.410988986,0.314285696,0,0,15.8895121,-12,8.22800064,8.23850822,0,13.288105,-12.0824299,-8.86445141,0,,,,50
42988191,0.5,0.541666687,0.5,0.569933951,0.419047594,0.354578733,0,0,15.8940573,-12,8.24608421,8.24061966,0,13.2952528,-12.0527754,-8.90595341,0,,,,50
42989521,0.5,0.572916687,0.5,0.569933951,0.443223417,0.330402911,0,0,15.8940573,-12,8.19786167,8.24695396,0,13.3024006,-12.0527754,-8.90595341,0,,,,50
42990656,0.5,0.534883738,0.5,0.569933951,0.370695949,0.322344303,0,0,15.8895121,-12,8.28827858,8.2490654,0,13.2952528,-12.0832548,-8.931036,0,,,,50
42991783,0.5,0.563106775,0.5,0.569933951,0.46739924,0.362637341,0,0,15.8849669,-12,8.22498608,8.24273109,0,13.3024006,-12.0832548,-8.931036,0,,,,50
42992914,0.5,0.555555582,0.5,0.569933951,0.443223417,0.354578733,0,0,15.8895121,-12,8.22800064,8.2490654,0,13.2952528,-12.0535879,-8.97210121,0,,,,50
42994040,0.5,0.547368407,0.5,0.569933951,0.419047594,0.346520126,0,0,15.8895121,-12,8.22800064,8.24484253,0,13.2952528,-12.0535879,-8.97210121,0,,,,50
42995171,0.5,0.536842108,0.5,0.569933951,0.410988986,0.354578733,0,0,15.8895121,-12,8.2671814,8.2490654,0,13.2952528,-12.0840559,-8.99675274,0,,,,50
42996298,0.5,0.521276593,0.5,0.569933951,0.394871771,0.362637341,0,0,15.8849669,-12,8.23402786,8.23428535,0,13.3024006,-12.0840559,-8.99675274,0,,,,50
42997434,0.5,0.53191489,0.5,0.569933951,0.402930379,0.354578733,0,0,15.8940573,-12,8.22800064,8.24061966,0,13.2952528,-12.0543776,-9.03739166,0,,,,50
42998560,0.5,0.536082447,0.5,0.569933951,0.419047594,0.362637341,0,0,15.8895121,-12,8.24005604,8.23428535,0,13.3024006,-12.0543776,-9.03739166,0,,,,50
42999691,0.5,0.529999971,0.5,0.569933951,0.427106202,0.378754556,0,0,15.8804216,-12,8.21594429,8.23217392,0,13.2952528,-12.0848331,-9.06162453,0,,,,50
43000818,0.5,0.538461566,0.5,0.569933951,0.451282024,0.386813164,0,0,15.8849669,-12,8.23402786,8.23217392,0,13.3024006,-12.0848331,-9.06162453,0,,,,50
43001948,0.5,0.545454562,0.5,0.569933951,0.435164809,0.362637341,0,0,15.8804216,-12,8.24005604,8.23639679,0,13.2952528,-12.0551434,-9.10185146,0,,,,50
43003074,0.5,0.529999971,0.5,0.569933951,0.427106202,0.378754556,0,0,15.8804216,-12,8.23704243,8.23006344,0,13.2809572,-12.0551434,-9.10185146,0,,,,50
43004205,0.5,0.551401854,0.5,0.569933951,0.475457847,0.386813164,0,0,15.8849669,-12,8.21293068,8.227952,0,13.3024006,-12.0855885,-9.12567711,0,,,,50
43005337,0.5,0.524752498,0.5,0.569933951,0.427106202,0.386813164,0,0,15.8849669,-12,8.24005604,8.23006344,0,13.3024006,-12.0855885,-9.12567711,0,,,,50
43006477,0.5,0.556701005,0.5,0.569933951,0.435164809,0.346520126,0,0,15.8849669,-12,8.22197247,8.23428535,0,13.2952528,-12.0558872,-9.16550255,0,,,,50
43007603,0.5,0.549019635,0.5,0.569933951,0.451282024,0.370695949,0,0,15.8849669,-12,8.23101425,8.23006344,0,13.2952528,-12.0558872,-9.16550255,0,,,,50
43008734,0.5,0.567010283,0.5,0.569933951,0.443223417,0.338461518,0,0,15.8895121,-12,8.21293068,8.23850822,0,13.3024006,-12.0863218,-9.18893337,0,,,,50
43010064,0.5,0.536082447,0.5,0.569933951,0.419047594,0.362637341,0,0,15.8895121,-12,8.20991707,8.23850822,0,13.2952528,-12.0863218,-9.18893337,0,,,,50
43011195,0.5,0.540000021,0.5,0.569933951,0.435164809,0.370695949,0,0,15.8849669,-12,8.21293068,8.22584057,0,13.3024006,-12.0566101,-9.22836971,0,,,,50
43012322,0.5,0.534653485,0.5,0.569933951,0.435164809,0.378754556,0,0,15.8895121,-12,8.21895885,8.23217392,0,13.3024006,-12.0566101,-9.22836971,0,,,,50
43013457,0.5,0.53191489,0.5,0.569933951,0.402930379,0.354578733,0,0,15.8895121,-12,8.23704243,8.24484253,0,13.2952528,-12.0870333,-9.25141621,0,,,,50
43014584,0.5,0.553398073,0.5,0.569933951,0.459340632,0.370695949,0,0,15.8895121,-12,8.26115322,8.23639679,0,13.3024006,-12.0870333,-9.25141621,0,,,,50
43015715,0.5,0.514563084,0.5,0.569933951,0.427106202,0.402930379,0,0,15.8895121,-12,8.23402786,8.23217392,0,13.288105,-12.057312,-9.29047489,0,,,,50
43016841,0.5,0.550000012,0.5,0.569933951,0.443223417,0.362637341,0,0,15.8895121,-12,8.25211143,8.24695396,0,13.3024006,-12.057312,-9.29047489,0,,,,50
43017972,0.5,0.536842108,0.5,0.569933951,0.410988986,0.354578733,0,0,15.8895121,-12,8.21594429,8.23850822,0,13.2952528,-12.0877256,-9.31314945,0,,,,50
43019098,0.5,0.540000021,0.5,0.569933951,0.435164809,0.370695949,0,0,15.8849669,-12,8.21594429,8.23639679,0,13.3024006,-12.0877256,-9.31314945,0,,,,50
43020233,0.5,0.543689311,0.5,0.569933951,0.451282024,0.378754556,0,0,15.8849669,-12,8.22498608,8.23428535,0,13.2952528,-12.0579939,-9.35184097,0,,,,50
43021360,0.5,0.548076928,0.5,0.569933951,0.459340632,0.378754556,0,0,15.8895121,-12,8.24306965,8.23428535,0,13.3024006,-12.0579939,-9.35184097,0,,,,50
43022490,0.5,0.540000021,0.5,0.569933951,0.435164809,0.370695949,0,0,15.8804216,-12,8.24909782,8.23006344,0,13.2952528,-12.088397,-9.37415314,0,,,,50
43023617,0.5,0.53773582,0.5,0.569933951,0.459340632,0.394871771,0,0,15.8895121,-12,8.24005604,8.23639679,0,13.3024006,-12.088397,-9.37415314,0,,,,50
43024748,0.5,0.525252521,0.5,0.569933951,0.419047594,0.378754556,0,0,15.8849669,-12,8.22800064,8.23639679,0,13.3024006,-12.0586557,-9.41248798,0,,,,50
43025883,0.5,0.54285717,0.5,0.569933951,0.459340632,0.386813164,0,0,15.8804216,-12,8.23402786,8.23006344,0.00714798551,13.3024006,-12.0586557,-9.41248798,0,,,,50
43027014,0.5,0.53773582,0.5,0.569933951,0.459340632,0.394871771,0,0,15.8804216,-12,8.23101425,8.23006344,0,13.2952528,-12.0890493,-9.4344492,0,,,,50
43028145,0.5,0.533980608,0.5,0.569933951,0.443223417,0.386813164,0,0,15.8849669,-12,8.22197247,8.23006344,0,13.3095493,-12.0890493,-9.4344492,0,,,,50
43029275,0.5,0.540000021,0.5,0.569933951,0.435164809,0.370695949,0,0,15.8804216,-12,8.23101425,8.227952,0,13.3024006,-12.0592985,-9.47243786,0,,,,50
43030402,0.5,0.548076928,0.5,0.569933951,0.459340632,0.378754556,0,0,15.8849669,-12,8.20690346,8.227952,0,13.3024006,-12.0592985,-9.47243786,0,,,,50
43031736,0.5,0.552083313,0.5,0.569933951,0.427106202,0.346520126,0,0,15.8849669,-12,8.24005604,8.23006344,0,13.288105,-12.0896826,-9.4940567,0,,,,50
43032863,0.5,0.546391726,0.5,0.569933951,0.427106202,0.354578733,0,0,15.8895121,-12,8.22498608,8.23217392,0,13.3024006,-12.0896826,-9.4940567,0,,,,50
43033994,0.5,0.533980608,0.5,0.569933951,0.443223417,0.386813164,0,0,15.8895121,-12,8.25211143,8.23006344,0,13.2952528,-12.0599232,-9.53170967,0,,,,50
43035120,0.5,0.545454562,0.5,0.569933951,0.435164809,0.362637341,0,0,15.8849669,-12,8.22800064,8.23006344,0,13.2952528,-12.0599232,-9.53170967,0,,,,50
43036256,0.5,0.553398073,0.5,0.569933951,0.459340632,0.370695949,0,0,15.8804216,-12,8.22197247,8.227952,0,13.3024006,-12.0902977,-9.55299759,0,,,,50
43037382,0.5,0.542056084,0.5,0.569933951,0.46739924,0.394871771,0,0,15.8849669,-12,8.23704243,8.227952,0,13.3024006,-12.0902977,-9.55299759,0,,,,50
43038513,0.5,0.543689311,0.5,0.569933951,0.451282024,0.378754556,0,0,15.8849669,-12,8.21594429,8.23006344,0,13.288105,-12.0605288,-9.59032249,0,,,,50
43039640,0.5,0.529411793,0.5,0.569933951,0.435164809,0.386813164,0,0,15.8849669,-12,8.23101425,8.23006344,0,13.2952528,-12.0605288,-9.59032249,0,,,,50
43040771,0.5,0.541284382,0.5,0.569933951,0.475457847,0.402930379,0,0,15.8895121,-12,8.20991707,8.21950626,0,13.288105,-12.0908957,-9.61128902,0,,,,50
43041897,0.5,0.540000021,0.5,0.569933951,0.435164809,0.370695949,0,0,15.8849669,-12,8.20991707,8.23006344,0,13.3024006,-12.0908957,-9.61128902,0,,,,50
43043028,0.5,0.528846145,0.5,0.569933951,0.443223417,0.394871771,0,0,15.8849669,-12,8.23402786,8.2216177,0,13.2952528,-12.0611181,-9.64829731,0,,,,50
43044159,0.5,0.530973434,0.5,0.569933951,0.483516455,0.427106202,0,0,15.8804216,-12,8.19484711,8.20894909,0,13.2952528,-12.0611181,-9.64829731,0,,,,50
43045290,0.5,0.540540516,0.5,0.569933951,0.483516455,0.410988986,0,0,15.8804216,-12,8.21594429,8.21528339,0,13.2952528,-12.0914764,-9.66895103,0,,,,50
43046425,0.5,0.537037015,0.5,0.569933951,0.46739924,0.402930379,0,0,15.8804216,-12,8.21594429,8.21739483,0,13.3024006,-12.0914764,-9.66895103,0,,,,50
43047556,0.5,0.543859661,0.5,0.569933951,0.49963367,0.419047594,0,0,15.8804216,-12,8.20087528,8.20683765,0,13.288105,-12.0616903,-9.70565128,0,,,,50
43048683,0.5,0.536363661,0.5,0.569933951,0.475457847,0.410988986,0,0,15.8804216,-12,8.21895885,8.21950626,0,13.3024006,-12.0616903,-9.70565128,0,,,,50
43049813,0.5,0.532710254,0.5,0.569933951,0.459340632,0.402930379,0,0,15.8804216,-12,8.21293068,8.2216177,0,13.288105,-12.0920401,-9.72600079,0,,,,50
43050945,0.5,0.527272701,0.5,0.569933951,0.46739924,0.419047594,0,0,15.8849669,-12,8.21594429,8.2216177,0,13.3024006,-12.0920401,-9.72600079,0,,,,50
43052279,0.5,0.538461566,0.5,0.569933951,0.451282024,0.386813164,0,0,15.8804216,-12,8.23101425,8.23006344,0,13.3024006,-12.0622454,-9.76240158,0,,,,50
43053406,0.5,0.546296299,0.5,0.569933951,0.475457847,0.394871771,0,0,15.8804216,-12,8.21293068,8.22584057,0,13.3024006,-12.0622454,-9.76240158,0,,,,50
43054536,0.5,0.528301895,0.5,0.569933951,0.451282024,0.402930379,0,0,15.8804216,-12,8.20991707,8.2216177,0,13.2952528,-12.0925875,-9.7824564,0,,,,50
43055663,0.5,0.546296299,0.5,0.569933951,0.475457847,0.394871771,0,0,15.8849669,-12,8.23402786,8.2216177,0,13.3024006,-12.0925875,-9.7824564,0,,,,50
43056794,0.5,0.537037015,0.5,0.569933951,0.46739924,0.402930379,0,0,15.8758764,-12,8.19484711,8.21106052,0,13.2952528,-12.0627851,-9.81856632,0,,,,50
43057920,0.5,0.532110095,0.5,0.569933951,0.46739924,0.410988986,0,0,15.8804216,-12,8.21594429,8.2216177,0,13.2952528,-12.0627851,-9.81856632,0,,,,50
43059056,0.5,0.542056084,0.5,0.569933951,0.46739924,0.394871771,0,0,15.8849669,-12,8.21594429,8.22372913,0,13.2809572,-12.0931196,-9.83833504,0,,,,50
43060183,0.5,0.528301895,0.5,-0.924318969,0.451282024,0.402930379,0,0,15.8804216,-12,8.19484711,8.21528339,0,13.3024006,-12.0931196,-9.83833504,0,,,,50
43061313,0.5,0.527777791,0.5,-0.924318969,0.459340632,0.410988986,0,0,15.8758764,-9.2896204,8.21895885,8.22372913,0,13.2952528,-9.2896204,-8.41401577,0,,,,50
43062440,0.5,0.539215684,0.5,-0.924318969,0.443223417,0.378754556,0,0,15.8940573,-9.2896204,8.26416779,8.23428535,0,13.3095493,-9.2896204,-8.41401577,0,,,,50
43063571,0.5,0.565656543,0.5,-0.924318969,0.451282024,0.346520126,0,0,15.9031467,-0.89514035,8.16169453,8.227952,0,13.2952528,-0.89514035,-6.98969698,0,,,,50
43064697,0.5,0.588235319,0.5,-0.924318969,0.322344303,0.225641012,0,0,15.9304171,-0.89514035,8.37869644,8.32718563,0,13.3309927,-0.89514035,-6.98969698,0,,,,50
43065837,0.5,0.653846145,0.5,-0.719470322,0.136996329,0.0725274682,0,0,15.9304171,11.8791599,8.49021149,8.39263725,0,13.3095493,11.8791599,-5.56537819,0,,,,50
43066968,0.5,0.916666687,0.5,-0.719470322,0.0886446834,0.00805860758,0,0,15.9485979,11.8791599,8.52336502,8.43697548,0,13.3381405,11.8791599,-5.56537819,0,,,,50
43068099,0.5,0,0.5,-0.719470322,0,0,0,0,15.9349623,12,8.66501904,8.45386696,0,13.3309927,26.0788212,-11.9305086,0,,,,50
43069225,0.5,0,0.5,-0.719470322,0,0,0,0,15.9576874,12,8.65597725,8.44542122,0,13.3309927,26.0788212,-11.9305086,0,,,,50
43070356,0.5,0.909090936,0.5,-0.719470322,0.0805860758,0.00805860758,0,0,15.9258718,-4.06753206,8.52939224,8.42008495,0,13.3238449,-4.06753206,-10.7110376,0,,,,50
43071483,0.5,1,0.5,-0.719470322,0.0161172152,0,0,0,15.9485979,-4.06753206,8.5444622,8.43275356,0,13.3166971,-4.06753206,-10.7110376,0,,,,50
43072818,0.5,1,0.5,-0.719470322,0.0805860758,0,0,0,15.9258718,-12,8.44801617,8.43064213,0,13.3238449,-14.7125158,-8.03027058,0,,,,50
43073944,0.5,0.772727251,0.5,-0.719470322,0.136996329,0.0402930379,0,0,15.9258718,-12,8.48719788,8.37363529,0,13.3238449,-14.7125158,-8.03027058,0,,,,50
43075080,0.5,0.634146333,0.5,-0.719470322,0.209523797,0.120879114,0,0,15.9213276,-4.92744112,8.36965466,8.29973793,0,13.3024006,-4.92744112,-6.81080008,0,,,,50
43076206,0.5,0.631578922,0.5,-0.719470322,0.193406582,0.112820506,0,0,15.9349623,-4.92744112,8.46007252,8.37574673,0,13.3309927,-4.92744112,-6.81080008,0,,,,50
43077337,0.5,0.684210539,0.5,-0.719470322,0.104761899,0.0483516455,0,0,15.9349623,7.70183754,8.4932251,8.39686012,0,13.3309927,7.70183754,-5.59133005,0,,,,50
43078463,0.5,1,0.5,-0.719470322,0.0644688606,0,0,0,15.9485979,7.70183754,8.59569836,8.43275356,0,13.3381405,7.70183754,-5.59133005,0,,,,50
43079594,0.5,0,0.5,-0.719470322,0,0,0,0,15.9349623,12,8.65597725,8.44964409,0,13.3238449,21.2618656,-9.3614502,0,,,,50
43080720,0.5,0,0.5,-0.719470322,0,0,0,0,15.9349623,12,8.64994907,8.44330978,0,13.3166971,21.2618656,-9.3614502,0,,,,50
43081856,0.5,0.818181813,0.5,-0.719470322,0.0725274682,0.0161172152,0,0,15.9304171,5.8133831,8.53542042,8.40319443,0,13.3166971,5.8133831,-8.14198017,0,,,,50
43082982,0.5,0.777777791,0.5,-0.719470322,0.056410253,0.0161172152,0,0,15.9395075,5.8133831,8.49021149,8.40108299,0,13.3309927,5.8133831,-8.14198017,0,,,,50
43084113,0.5,0.875,0.5,-0.719470322,0.056410253,0.00805860758,0,0,15.9349623,3.18519378,8.46007252,8.41797352,0,13.3309927,3.18519378,-6.92250967,0,,,,50
43085240,0.5,1,0.5,-0.719470322,0.0402930379,0,0,0,15.9349623,3.18519378,8.52035046,8.42853069,0,13.3309927,3.18519378,-6.92250967,0,,,,50
43086379,0.5,1,0.5,-0.719470322,0.0322344303,0,0,0,15.9395075,8.19532108,8.55350399,8.44119835,0,13.3166971,8.19532108,-5.70303965,0,,,,50
43087506,0.5,1,0.5,-0.719470322,0.00805860758,0,0,0,15.9304171,8.19532108,8.57460117,8.43908691,0,13.3309927,8.19532108,-5.70303965,0,,,,50
43088637,0.5,1,0.5,-0.719470322,0.00805860758,0,0,0,15.9440527,12,8.59569836,8.43486404,0,13.3238449,17.3370552,-7.35877037,0,,,,50
43089768,0.5,0,0.5,-0.719470322,0,0,0,0,15.9258718,12,8.58665657,8.43486404,0,13.3238449,17.3370552,-7.35877037,0,,,,50
43090899,0.5,1,0.5,-0.719470322,0.0322344303,0,0,0,15.9395075,11.7796669,8.55350399,8.42430782,0,13.3238449,11.7796669,-6.13930035,0,,,,50
43092026,0.5,1,0.5,-0.719470322,0.0402930379,0,0,0,15.9349623,11.7796669,8.51432323,8.42430782,0,13.3238449,11.7796669,-6.13930035,0,,,,50
43093156,0.5,0.888888896,0.5,-0.719470322,0.0644688606,0.00805860758,0,0,15.9304171,12,8.42993259,8.42008495,0,13.3166971,14.5998325,-6.32042265,0,,,,50
43094487,0.5,0.800000012,0.5,-0.719470322,0.0967032909,0.0241758227,0,0,15.9304171,12,8.45705795,8.40952778,0,13.3309927,14.5998325,-6.32042265,0,,,,50
43095617,0.5,0.764705896,0.5,-0.719470322,0.104761899,0.0322344303,0,0,15.9304171,12,8.49623966,8.38841438,0,13.3166971,14.0748749,-6.2187376,0,,,,50
43096744,0.5,0.75,0.5,-0.719470322,0.0967032909,0.0322344303,0,0,15.9304171,12,8.49021149,8.39897156,0,13.3309927,14.0748749,-6.2187376,0,,,,50
43097879,0.5,0.777777791,0.5,-0.719470322,0.112820506,0.0322344303,0,0,15.9349623,12,8.47212791,8.40319443,0,13.3166971,13.2624311,-5.67936945,0,,,,50
43099005,0.5,0.789473712,0.5,-0.719470322,0.120879114,0.0322344303,0,0,15.9304171,12,8.50528145,8.40108299,0,13.3238449,13.2624311,-5.67936945,0,,,,50
43100136,0.5,0.8125,0.5,-0.719470322,0.104761899,0.0241758227,0,0,15.9349623,12,8.48719788,8.39897156,0,13.3166971,14.8773975,-6.01002264,0,,,,50
43101262,0.5,0.75,0.5,-0.719470322,0.0967032909,0.0322344303,0,0,15.9258718,12,8.48418331,8.39897156,0,13.3309927,14.8773975,-6.01002264,0,,,,50
43102393,0.5,0.8125,0.5,-0.719470322,0.104761899,0.0241758227,0,0,15.9304171,12,8.49021149,8.39686012,0,13.3166971,12.8032522,-5.22328424,0,,,,50
43103519,0.5,0.789473712,0.5,-0.719470322,0.120879114,0.0322344303,0,0,15.9304171,12,8.47212791,8.39897156,0,13.3309927,12.8032522,-5.22328424,0,,,,50
43104650,0.5,0.777777791,0.5,-0.719470322,0.112820506,0.0322344303,0,0,15.9304171,12,8.45103073,8.39263725,0,13.3095493,15.1624575,-5.70750618,0,,,,50
43105790,0.5,0.772727251,0.5,-0.719470322,0.136996329,0.0402930379,0,0,15.9304171,12,8.44801617,8.39052582,0,13.3238449,15.1624575,-5.70750618,0,,,,50
43106921,0.5,0.772727251,0.5,-0.719470322,0.136996329,0.0402930379,0,0,15.9304171,12,8.44500256,8.39263725,0,13.3166971,12.649087,-4.83771467,0,,,,50
43108047,0.5,0.695652187,0.5,-0.719470322,0.128937721,0.056410253,0,0,15.9304171,12,8.47212791,8.38208103,0,13.3095493,12.649087,-4.83771467,0,,,,50
43109178,0.5,0.666666687,0.5,-0.719470322,0.112820506,0.056410253,0,0,15.9304171,12,8.47514153,8.39052582,0,13.3309927,15.2671967,-5.37836218,0,,,,50
43110304,0.5,0.666666687,0.5,-0.719470322,0.112820506,0.056410253,0,0,15.9304171,12,8.4691143,8.40530586,0.00714798551,13.3238449,15.2671967,-5.37836218,0,,,,50
43111435,0.5,0.727272749,0.5,-0.719470322,0.128937721,0.0483516455,0,0,15.9304171,12,8.46308613,8.38419151,0,13.3166971,12.6008911,-4.48260641,0,,,,50
43112566,0.5,0.772727251,0.5,-0.719470322,0.136996329,0.0402930379,0,0,15.9304171,12,8.50226688,8.38630295,0,13.3309927,12.6008911,-4.48260641,0,,,,50
43113696,0.5,0.800000012,0.5,-0.719470322,0.128937721,0.0322344303,0,0,15.9304171,12,8.46007252,8.40319443,0,13.3166971,15.3090191,-5.04578447,0,,,,50
43115027,0.5,0.789473712,0.5,-0.719470322,0.120879114,0.0322344303,0,0,15.9304171,12,8.46007252,8.38630295,0,13.3166971,15.3090191,-5.04578447,0,,,,50
43116157,0.5,0.727272749,0.5,-0.719470322,0.128937721,0.0483516455,0,0,15.9349623,12,8.44500256,8.38841438,0,13.3238449,12.5894127,-4.14384508,0,,,,50
43117284,0.5,0.695652187,0.5,-0.719470322,0.128937721,0.056410253,0,0,15.9304171,12,8.44801617,8.39052582,0,13.3238449,12.5894127,-4.14384508,0,,,,50
43118415,0.5,0.727272749,0.5,-0.719470322,0.128937721,0.0483516455,0,0,15.9258718,12,8.47815609,8.40319443,0,13.3166971,15.3287888,-4.71767378,0,,,,50
43119541,0.5,0.75,0.5,-0.719470322,0.145054936,0.0483516455,0,0,15.9304171,12,8.49925327,8.39474869,0,13.3238449,15.3287888,-4.71767378,0,,,,50
43120677,0.5,0.761904776,0.5,-0.719470322,0.128937721,0.0402930379,0,0,15.9349623,12,8.4811697,8.39052582,0,13.3166971,12.5905561,-3.81635046,0,,,,50
43121803,0.5,0.699999988,0.5,-0.719470322,0.112820506,0.0483516455,0,0,15.9304171,12,8.47514153,8.39052582,0,13.3309927,12.5905561,-3.81635046,0,,,,50
43122934,0.5,0.695652187,0.5,-0.719470322,0.128937721,0.056410253,0,0,15.9304171,12,8.46609974,8.3799696,0,13.3166971,15.3407307,-4.39661264,0,,,,50
43124060,0.5,0.695652187,0.5,-0.719470322,0.128937721,0.056410253,0,0,15.9349623,12,8.4691143,8.3799696,0,13.3095493,15.3407307,-4.39661264,0,,,,50
43125191,0.5,0.739130437,0.5,-0.719470322,0.136996329,0.0483516455,0,0,15.9304171,12,8.46007252,8.37785816,0,13.3095493,12.5959425,-3.49819088,0,,,,50
43126326,0.5,0.708333313,0.5,-0.719470322,0.136996329,0.056410253,0,0,15.9304171,12,8.43294716,8.39052582,0,13.3309927,12.5959425,-3.49819088,0,,,,50
43127457,0.5,0.703703701,0.5,-0.719470322,0.153113544,0.0644688606,0,0,15.9349623,12,8.48719788,8.39263725,0,13.3166971,15.3498011,-4.08333921,0,,,,50
43128588,0.5,0.740740716,0.5,-0.719470322,0.161172152,0.056410253,0,0,15.9395075,12,8.51432323,8.38419151,0,13.3238449,15.3498011,-4.08333921,0,,,,50
43129719,0.5,0.714285731,0.5,-0.719470322,0.161172152,0.0644688606,0,0,15.9304171,12,8.46308613,8.38419151,0,13.3166971,12.6026583,-3.18853569,0,,,,50
43130845,0.5,0.740740716,0.5,-0.719470322,0.161172152,0.056410253,0,0,15.9304171,12,8.41486359,8.37574673,0,13.3238449,12.6026583,-3.18853569,0,,,,50
43131975,0.5,0.720000029,0.5,-0.719470322,0.145054936,0.056410253,0,0,15.9258718,12,8.43596077,8.37574673,0.00714798551,13.3166971,15.3577271,-3.7779541,0,,,,50
43133102,0.5,0.689655185,0.5,-0.719470322,0.161172152,0.0725274682,0,0,15.9258718,12,8.47212791,8.37785816,0,13.3238449,15.3577271,-3.7779541,0,,,,50
43134233,0.5,0.703703701,0.5,-0.719470322,0.153113544,0.0644688606,0,0,15.9349623,12,8.37869644,8.36941242,0,13.3309927,12.6096954,-2.88694143,0,,,,50
43135360,0.5,0.642857134,0.5,-0.719470322,0.145054936,0.0805860758,0,0,15.9349623,12,8.24005604,8.36518955,0,13.3238449,12.6096954,-2.88694143,0,,,,50
43136699,0.5,0.575757563,0.5,-0.719470322,0.153113544,0.112820506,0,0,15.9304171,12,8.53240585,8.37152386,0,13.3166971,15.3651161,-3.48034048,0,,,,50
43137825,0.5,0.675000012,0.5,-0.719470322,0.217582405,0.104761899,0,0,15.9304171,12,8.50528145,8.37152386,0,13.3309927,15.3651161,-3.48034048,0,,,,50
43138956,0.5,0.631578922,0.5,-0.719470322,0.193406582,0.112820506,0,0,15.9258718,12,8.568573,8.35674477,0,13.3238449,12.6167059,-2.59310484,0,,,,50
43140083,0.5,0.649999976,0.5,-0.719470322,0.209523797,0.112820506,0,0,15.9304171,12,8.52035046,8.36096668,0,13.3238449,12.6167059,-2.59310484,0,,,,50
43141213,0.5,0.53125,0.5,-0.719470322,0.136996329,0.120879114,0,0,15.9258718,12,8.58665657,8.35041046,0,13.3095493,15.3721819,-3.19031048,0,,,,50
43142340,0.5,0.611111104,0.5,-0.719470322,0.177289367,0.112820506,0,0,15.9304171,12,8.37266827,8.35041046,0,13.3238449,15.3721819,-3.19031048,0,,,,50
43143475,0.5,0.48888889,0.5,-0.719470322,0.177289367,0.185347974,0,0,15.9213276,12,8.50528145,8.36730099,0,13.3166971,12.6235743,-2.30677485,0,,,,50
43144601,0.5,0.615384638,0.5,-0.719470322,0.193406582,0.120879114,0,0,15.9304171,12,8.38171005,8.39263725,0,13.3238449,12.6235743,-2.30677485,0,,,,50
43145741,0.5,0.550000012,0.5,-0.719470322,0.177289367,0.145054936,0,0,15.9258718,12,8.41184998,8.34618759,0,13.3095493,15.3790035,-2.90765524,0,,,,50
43146868,0.5,0.571428597,0.5,-0.719470322,0.193406582,0.145054936,0,0,15.9304171,12,8.44500256,8.34829903,0,13.3238449,15.3790035,-2.90765524,0,,,,50
43147998,0.5,0.534883738,0.5,-0.719470322,0.185347974,0.161172152,0,0,15.9258718,12,8.43294716,8.34829903,0,13.3166971,12.6302633,-2.02772331,0,,,,50
43149125,0.5,0.581395328,0.5,-0.719470322,0.201465189,0.145054936,0,0,15.9258718,12,8.42691898,8.33985329,0,13.3238449,12.6302633,-2.02772331,0,,,,50
43150255,0.5,0.545454562,0.5,-0.719470322,0.193406582,0.161172152,0,0,15.9258718,12,8.37266827,8.34618759,0,13.3024006,15.3856125,-2.63216424,0,,,,50
43151386,0.5,0.571428597,0.5,-0.719470322,0.225641012,0.169230759,0,0,15.9258718,12,8.42390537,8.33774185,0,13.3238449,15.3856125,-2.63216424,0,,,,50
43152517,0.5,0.555555582,0.5,-0.719470322,0.201465189,0.161172152,0,0,15.9213276,12,8.39979362,8.32929707,0,13.3166971,12.6367636,-1.75573397,0,,,,50
43153643,0.5,0.571428597,0.5,-0.719470322,0.225641012,0.169230759,0,0,15.9167824,12,8.39678001,8.3314085,0,13.3166971,12.6367636,-1.75573397,0,,,,50
43154774,0.5,0.521739125,0.5,-0.719470322,0.193406582,0.177289367,0,0,15.9213276,12,8.39979362,8.3314085,0,13.3095493,15.3920231,-2.36362863,0,,,,50
43155900,0.5,0.576923072,0.5,-0.719470322,0.241758227,0.177289367,0,0,15.9213276,12,8.4178772,8.33563042,0,13.3166971,15.3920231,-2.36362863,0,,,,50
43157235,0.5,0.551020384,0.5,-0.719470322,0.217582405,0.177289367,0,0,15.9258718,12,8.38171005,8.32929707,0,13.3238449,12.6430759,-1.49059904,0,,,,50
43158362,0.5,0.574468076,0.5,-0.719470322,0.217582405,0.161172152,0,0,15.9213276,12,8.39678001,8.33563042,0,13.3238449,12.6430759,-1.49059904,0,,,,50
43159497,0.5,0.577777803,0.5,-0.719470322,0.209523797,0.153113544,0,0,15.9258718,12,8.39979362,8.33774185,0,13.3095493,15.3982449,-2.10184526,0,,,,50
43160623,0.5,0.571428597,0.5,-0.719470322,0.225641012,0.169230759,0,0,15.9213276,12,8.41486359,8.34407616,0,13.3238449,15.3982449,-2.10184526,0,,,,50
43161754,0.5,0.523809552,0.5,-0.719470322,0.177289367,0.161172152,0,0,15.9167824,12,8.4178772,8.34196472,0,13.3095493,12.6492052,-1.23211741,0,,,,50
43162880,0.5,0.595744669,0.5,-0.719470322,0.225641012,0.153113544,0,0,15.9213276,12,8.4058218,8.33563042,0,13.3238449,12.6492052,-1.23211741,0,,,,50
43164011,0.5,0.577777803,0.5,-0.719470322,0.209523797,0.153113544,0,0,15.9258718,12,8.39979362,8.35674477,0,13.3095493,15.4042835,-1.84661674,0,,,,50
43165138,0.5,0.585365832,0.5,-0.719470322,0.193406582,0.136996329,0,0,15.9258718,12,8.4058218,8.34829903,0,13.3238449,15.4042835,-1.84661674,0,,,,50
43166282,0.5,0.600000024,0.5,-0.719470322,0.217582405,0.145054936,0,0,15.9258718,12,8.41184998,8.34618759,0,13.3238449,12.6551542,-0.980094016,0,,,,50
43167409,0.5,0.585365832,0.5,-0.719470322,0.193406582,0.136996329,0,0,15.9258718,12,8.43897438,8.34407616,0,13.3238449,12.6551542,-0.980094016,0,,,,50
43168539,0.5,0.568181813,0.5,-0.719470322,0.201465189,0.153113544,0,0,15.9213276,12,8.41486359,8.33774185,0,13.3166971,15.4101448,-1.59775102,0,,,,50
43169666,0.5,0.545454562,0.5,-0.719470322,0.193406582,0.161172152,0,0,15.9258718,12,8.40280819,8.35041046,0,13.3238449,15.4101448,-1.59775102,0,,,,50
43170797,0.5,0.59523809,0.5,-0.719470322,0.201465189,0.136996329,0,0,15.9213276,12,8.43596077,8.33774185,0,13.3095493,12.6609297,-0.734339476,0,,,,50
43171923,0.5,0.560975611,0.5,-0.719470322,0.185347974,0.145054936,0,0,15.9258718,12,8.4178772,8.33985329,0,13.3238449,12.6609297,-0.734339476,0,,,,50
43173054,0.5,0.560975611,0.5,-0.719470322,0.185347974,0.145054936,0,0,15.9258718,12,8.41184998,8.32929707,0,13.3166971,15.4158344,-1.35506177,0,,,,50
43174185,0.5,0.558139563,0.5,-0.719470322,0.193406582,0.153113544,0,0,15.9258718,12,8.41184998,8.33563042,0,13.3238449,15.4158344,-1.35506177,0,,,,50
43175316,0.5,0.600000024,0.5,-0.719470322,0.193406582,0.128937721,0,0,15.9213276,12,8.40883541,8.33985329,0,13.3095493,12.6665354,-0.494670272,0,,,,50
43176442,0.5,0.550000012,0.5,-0.719470322,0.177289367,0.145054936,0,0,15.9213276,12,8.42691898,8.35041046,0,13.3238449,12.6665354,-0.494670272,0,,,,50
43177777,0.5,0.565217376,0.5,-0.719470322,0.209523797,0.161172152,0,0,15.9258718,12,8.42691898,8.33351898,0,13.3238449,15.4213572,-1.11836791,0,,,,50
43178904,0.5,0.568181813,0.5,-0.719470322,0.201465189,0.153113544,0,0,15.9258718,12,8.40883541,8.35674477,0,13.3238449,15.4213572,-1.11836791,0,,,,50
43180035,0.5,0.560975611,0.5,-0.719470322,0.185347974,0.145054936,0,0,15.9304171,12,8.39075184,8.33985329,0,13.3095493,12.671977,-0.260908097,0,,,,50
43181161,0.5,0.547619045,0.5,-0.719470322,0.185347974,0.153113544,0,0,15.9213276,12,8.45705795,8.34407616,0,13.3309927,12.671977,-0.260908097,0,,,,50
43182297,0.5,0.600000024,0.5,-0.719470322,0.193406582,0.128937721,0,0,15.9258718,12,8.40883541,8.33563042,0,13.3095493,15.4267187,-0.887493968,0,,,,50
43183423,0.5,0.586956501,0.5,-0.719470322,0.217582405,0.153113544,0,0,15.9258718,12,8.42089176,8.34407616,0,13.3238449,15.4267187,-0.887493968,0,,,,50
43184554,0.5,0.558139563,0.5,-0.719470322,0.193406582,0.153113544,0,0,15.9258718,12,8.43596077,8.34196472,0,13.3166971,12.6772594,-0.0328799374,0,,,,50
43185689,0.5,0.560975611,0.5,-0.75272572,0.185347974,0.145054936,0,0,15.9258718,12,8.38171005,8.35885525,0,13.3238449,12.6772594,-0.0328799374,0,,,,50
43186820,0.5,0.590909064,0.5,-0.75272572,0.209523797,0.145054936,0,0,15.9213276,12,8.42993259,8.34196472,0,13.3166971,15.4936533,-0.662269413,0,,,,50
43187947,0.5,0.545454562,0.5,-0.75272572,0.193406582,0.161172152,0,0,15.9258718,12,8.43294716,8.33563042,0,13.3238449,15.4936533,-0.662269413,0,,,,50
43189078,0.5,0.550000012,0.5,-0.75272572,0.177289367,0.145054936,0,0,15.9213276,12,8.3937664,8.34618759,0,13.3095493,12.7441177,0.189582139,0,,,,50
43190209,0.5,0.604651153,0.5,-0.75272572,0.209523797,0.136996329,0,0,15.9304171,12,8.42089176,8.34196472,0,13.3166971,12.7441177,0.189582139,0,,,,50
43191339,0.5,0.560975611,0.5,-0.75272572,0.185347974,0.145054936,0,0,15.9304171,12,8.39979362,8.35674477,0,13.3166971,15.4987049,-0.442528874,0,,,,50
43192466,0.5,0.619047642,0.5,-0.75272572,0.209523797,0.128937721,0,0,15.9258718,12,8.44500256,8.33351898,0,13.3238449,15.4987049,-0.442528874,0,,,,50
43193596,0.5,0.558139563,0.5,-0.75272572,0.193406582,0.153113544,0,0,15.9258718,12,8.44198895,8.34829903,0,13.3095493,12.749095,0.406641126,0,,,,50
43194723,0.5,0.631578922,0.5,-0.75272572,0.193406582,0.112820506,0,0,15.9258718,12,8.39979362,8.35041046,0,13.3238449,12.749095,0.406641126,0,,,,50
43195854,0.5,0.578947365,0.5,-0.75272572,0.177289367,0.128937721,0,0,15.9213276,12,8.43294716,8.34618759,0,13.3238449,15.5036087,-0.228111684,0,,,,50
43196985,0.5,0.558139563,0.5,-0.75272572,0.193406582,0.153113544,0,0,15.9213276,12,8.4178772,8.34618759,0,13.3166971,15.5036087,-0.228111684,0,,,,50
43198115,0.5,0.59523809,0.5,-0.75272572,0.201465189,0.136996329,0,0,15.9258718,12,8.42390537,8.35885525,0,13.3166971,12.7539272,0.618455291,0,,,,50
43199446,0.5,0.581395328,0.5,-0.75272572,0.201465189,0.145054936,0,0,15.9258718,12,8.42089176,8.34407616,0,13.3238449,12.7539272,0.618455291,0,,,,50
43200577,0.5,0.585365832,0.5,-0.75272572,0.193406582,0.136996329,0,0,15.9258718,12,8.42390537,8.33985329,0,13.3238449,15.5083685,-0.0188620128,0,,,,50
43201703,0.5,0.5625,0.5,-0.75272572,0.217582405,0.169230759,0,0,15.9258718,12,8.42993259,8.35041046,0,13.3238449,15.5083685,-0.0188620128,0,,,,50
43202834,0.5,0.56410259,0.5,-0.75272572,0.177289367,0.136996329,0,0,15.9213276,12,8.41184998,8.3525219,0,13.3095493,12.7586174,0.825178146,0,,,,50
43203960,0.5,0.586956501,0.5,-0.75272572,0.217582405,0.153113544,0,0,15.9258718,12,8.42993259,8.33985329,0,13.3309927,12.7586174,0.825178146,0,,,,50
43205096,0.5,0.581395328,0.5,-0.75272572,0.201465189,0.145054936,0,0,15.9213276,12,8.39678001,8.35041046,0,13.3095493,15.51299,0.185371473,0,,,,50
43206231,0.5,0.571428597,0.5,-0.75272572,0.193406582,0.145054936,0,0,15.9258718,12,8.42089176,8.3525219,0,13.3238449,15.51299,0.185371473,0,,,,50
43207362,0.5,0.568181813,0.5,-0.75272572,0.201465189,0.153113544,0,0,15.9304171,12,8.42993259,8.3525219,0,13.3238449,12.7631702,1.02695882,0,,,,50
43208489,0.5,0.571428597,0.5,-0.75272572,0.193406582,0.145054936,0,0,15.9258718,12,8.38773823,8.34196472,0,13.3238449,12.7631702,1.02695882,0,,,,50
43209619,0.5,0.574999988,0.5,-0.75272572,0.185347974,0.136996329,0,0,15.9213276,12,8.39678001,8.35674477,0,13.3166971,15.5174751,0.384735614,0,,,,50
43210746,0.5,0.550000012,0.5,-0.75272572,0.177289367,0.145054936,0,0,15.9258718,12,8.4178772,8.3314085,0,13.3238449,15.5174751,0.384735614,0,,,,50
43211877,0.5,0.585365832,0.5,-0.75272572,0.193406582,0.136996329,0,0,15.9213276,12,8.43294716,8.35674477,0,13.3166971,12.7675905,1.22394192,0,,,,50
43213008,0.5,0.571428597,0.5,-0.75272572,0.193406582,0.145054936,0,0,15.9213276,12,8.4178772,8.35463333,0,13.3238449,12.7675905,1.22394192,0,,,,50
43214139,0.5,0.615384638,0.5,-0.75272572,0.193406582,0.120879114,0,0,15.9167824,12,8.42089176,8.35041046,0,13.3095493,15.5218296,0.579373002,0,,,,50
43215265,0.5,0.594594598,0.5,-0.75272572,0.177289367,0.120879114,0,0,15.9213276,12,8.45404434,8.33985329,0,13.3309927,15.5218296,0.579373002,0,,,,50
43216396,0.5,0.547619045,0.5,-0.75272572,0.185347974,0.153113544,0,0,15.9213276,12,8.42089176,8.3525219,0,13.3166971,12.7718811,1.41626787,0,,,,50
43217522,0.5,0.533333361,0.5,-0.75272572,0.193406582,0.169230759,0,0,15.9258718,12,8.43897438,8.34407616,0,13.3238449,12.7718811,1.41626787,0,,,,50
43218653,0.5,0.547619045,0.5,-0.75272572,0.185347974,0.153113544,0,0,15.9304171,12,8.42390537,8.34407616,0,13.3166971,15.5260563,0.769421935,0,,,,50
43219984,0.5,0.613636374,0.5,-0.75272572,0.217582405,0.136996329,0,0,15.9258718,12,8.4178772,8.33774185,0,13.3238449,15.5260563,0.769421935,0,,,,50
43221119,0.5,0.547619045,0.5,-0.75272572,0.185347974,0.153113544,0,0,15.9258718,12,8.42691898,8.34829903,0,13.3166971,12.7760458,1.60407317,0,,,,50
43222245,0.5,0.534883738,0.5,-0.75272572,0.185347974,0.161172152,0,0,15.9258718,12,8.42993259,8.33563042,0,13.3238449,12.7760458,1.60407317,0,,,,50
43223376,0.5,0.585365832,0.5,-0.75272572,0.193406582,0.136996329,0,0,15.9213276,12,8.4058218,8.36096668,0,13.3166971,15.53016,0.955016792,0,,,,50
43224502,0.5,0.555555582,0.5,-0.75272572,0.201465189,0.161172152,0,0,15.9258718,12,8.43897438,8.33563042,0,13.3238449,15.53016,0.955016792,0,,,,50
43225642,0.5,0.555555582,0.5,-0.75272572,0.201465189,0.161172152,0,0,15.9258718,12,8.41486359,8.34407616,0,13.3166971,12.7800884,1.78749001,0,,,,50
43226769,0.5,0.558139563,0.5,-0.75272572,0.193406582,0.153113544,0,0,15.9258718,12,8.4178772,8.33774185,0,13.3238449,12.7800884,1.78749001,0,,,,50
43227904,0.5,0.625,0.5,-0.75272572,0.201465189,0.120879114,0,0,15.9213276,12,8.4178772,8.33985329,0,13.3166971,15.5341425,1.13628793,0,,,,50
43229031,0.5,0.56410259,0.5,-0.75272572,0.177289367,0.136996329,0,0,15.9258718,12,8.42089176,8.34618759,0,13.3166971,15.5341425,1.13628793,0,,,,50
43230161,0.5,0.560975611,0.5,-0.75272572,0.185347974,0.145054936,0,0,15.9258718,12,8.42089176,8.34407616,0,13.3095493,12.7840128,1.96664679,0,,,,50
43231288,0.5,0.590909064,0.5,-0.75272572,0.209523797,0.145054936,0,0,15.9258718,12,8.42390537,8.35463333,0,13.3166971,12.7840128,1.96664679,0,,,,50
43232418,0.5,0.571428597,0.5,-0.75272572,0.193406582,0.145054936,0,0,15.9213276,12,8.4178772,8.35041046,0,13.3095493,15.5380087,1.31336176,0,,,,50
43233545,0.5,0.574999988,0.5,-0.75272572,0.185347974,0.136996329,0,0,15.9213276,12,8.4058218,8.34407616,0,13.3238449,15.5380087,1.31336176,0,,,,50
43234676,0.5,0.558139563,0.5,-0.75272572,0.193406582,0.153113544,0,0,15.9167824,12,8.4058218,8.34196472,0,13.3166971,12.7878227,2.14166832,0,,,,50
43235807,0.5,0.54285717,0.5,-0.75272572,0.153113544,0.128937721,0,0,15.9258718,12,8.42390537,8.35463333,0,13.3238449,12.7878227,2.14166832,0,,,,50
43236937,0.5,0.600000024,0.5,-0.75272572,0.193406582,0.128937721,0,0,15.9213276,12,8.4178772,8.34407616,0,13.3166971,15.5417624,1.48636127,0,,,,50
43238064,0.5,0.604651153,0.5,-0.75272572,0.209523797,0.136996329,0,0,15.9258718,12,8.43897438,8.34196472,0,13.3024006,15.5417624,1.48636127,0,,,,50
43239195,0.5,0.585365832,0.5,-0.75272572,0.193406582,0.136996329,0,0,15.9258718,12,8.4178772,8.34618759,0,13.3238449,12.7915211,2.31267548,0,,,,50
43240322,0.5,0.589743614,0.5,-0.75272572,0.185347974,0.128937721,0,0,15.9258718,12,8.42691898,8.33774185,0,13.3238449,12.7915211,2.31267548,0,,,,50
43241656,0.5,0.547619045,0.5,-0.75272572,0.185347974,0.153113544,0,0,15.9258718,12,8.42993259,8.34829903,0,13.3238449,15.5454054,1.65540552,0,,,,50
43242783,0.5,0.545454562,0.5,-0.75272572,0.193406582,0.161172152,0,0,15.9258718,12,8.39678001,8.35041046,0,13.3238449,15.5454054,1.65540552,0,,,,50
43243919,0.5,0.534883738,0.5,-0.75272572,0.185347974,0.161172152,0,0,15.9304171,12,8.39678001,8.34407616,0,13.3309927,12.7951117,2.47978568,0,,,,50
43245045,0.5,0.550000012,0.5,-0.75272572,0.177289367,0.145054936,0,0,15.9258718,12,8.42691898,8.33351898,0,13.3166971,12.7951117,2.47978568,0,,,,50
43246185,0.5,0.545454562,0.5,-0.75272572,0.193406582,0.161172152,0,0,15.9258718,12,8.41184998,8.35674477,0,13.3166971,15.5489426,1.82061028,0,,,,50
43247312,0.5,0.571428597,0.5,-0.75272572,0.193406582,0.145054936,0,0,15.9213276,12,8.40883541,8.33985329,0,13.3166971,15.5489426,1.82061028,0,,,,50
43248443,0.5,0.543478251,0.5,-0.75272572,0.201465189,0.169230759,0,0,15.9258718,12,8.40280819,8.35463333,0,13.3309927,12.7985964,2.6431129,0,,,,50
43249570,0.5,0.560975611,0.5,-0.75272572,0.185347974,0.145054936,0,0,15.9258718,12,8.45404434,8.34407616,0,13.3309927,12.7985964,2.6431129,0,,,,50
43250700,0.5,0.609756112,0.5,-0.75272572,0.201465189,0.128937721,0,0,15.9258718,12,8.42993259,8.34829903,0,13.3095493,15.5523758,1.98208797,0,,,,50
43251831,0.5,0.581395328,0.5,-0.75272572,0.201465189,0.145054936,0,0,15.9258718,12,8.43897438,8.34407616,0,13.3238449,15.5523758,1.98208797,0,,,,50
43252962,0.5,0.600000024,0.5,-0.75272572,0.193406582,0.128937721,0,0,15.9258718,12,8.44801617,8.34196472,0,13.3095493,12.80198,2.80276799,0,,,,50
43254088,0.5,0.547619045,0.5,-0.75272572,0.185347974,0.153113544,0,0,15.9258718,12,8.40280819,8.33985329,0,13.3238449,12.80198,2.80276799,0,,,,50
43255219,0.5,0.571428597,0.5,-0.75272572,0.193406582,0.145054936,0,0,15.9258718,12,8.42089176,8.35041046,0,13.3238449,15.5557089,2.13994741,0,,,,50
43256346,0.5,0.560975611,0.5,-0.75272572,0.185347974,0.145054936,0,0,15.9213276,12,8.42691898,8.33774185,0,13.3238449,15.5557089,2.13994741,0,,,,50
43257476,0.5,0.581395328,0.5,-0.75272572,0.201465189,0.145054936,0,0,15.9213276,12,8.39678001,8.34829903,0,13.3166971,12.8052635,2.95885825,0,,,,50
43258607,0.5,0.604651153,0.5,-0.75272572,0.209523797,0.136996329,0,0,15.9258718,12,8.43294716,8.34618759,0,13.3238449,12.8052635,2.95885825,0,,,,50
43259738,0.5,0.625,0.5,-0.75272572,0.201465189,0.120879114,0,0,15.9213276,12,8.40883541,8.33774185,0,13.3095493,15.5589447,2.2942946,0,,,,50
43260864,0.5,0.641025662,0.5,-0.75272572,0.201465189,0.112820506,0,0,15.9258718,12,8.42390537,8.36730099,0,13.3238449,15.5589447,2.2942946,0,,,,50
43262199,0.5,0.571428597,0.5,-0.75272572,0.193406582,0.145054936,0,0,15.9304171,12,8.40883541,8.36096668,0,13.3238449,12.8084517,3.11148787,0,,,,50
43263325,0.5,0.558139563,0.5,-0.75272572,0.193406582,0.153113544,0,0,15.9258718,12,8.42089176,8.33563042,0,13.3238449,12.8084517,3.11148787,0,,,,50
43264456,0.5,0.558139563,0.5,-0.75272572,0.193406582,0.153113544,0,0,15.9258718,12,8.40883541,8.33774185,0,13.3095493,15.5620852,2.44523215,0,,,,50
43265591,0.5,0.558139563,0.5,-0.75272572,0.193406582,0.153113544,0,0,15.9213276,12,8.39979362,8.34829903,0,13.3166971,15.5620852,2.44523215,0,,,,50
43266726,0.5,0.560975611,0.5,-0.75272572,0.185347974,0.145054936,0,0,15.9213276,12,8.42691898,8.33774185,0,13.3166971,12.8115473,3.26075792,0,,,,50
43267853,0.5,0.558139563,0.5,-0.75272572,0.193406582,0.153113544,0,0,15.9258718,12,8.44198895,8.3250742,0,13.3238449,12.8115473,3.26075792,0,,,,50
43268983,0.5,0.621621609,0.5,-0.75272572,0.185347974,0.112820506,0,0,15.9258718,12,8.41486359,8.38841438,0,13.3166971,15.565134,2.59285975,0,,,,50
43270110,0.5,0.558139563,0.5,-0.75272572,0.193406582,0.153113544,0,0,15.9258718,12,8.44801617,8.36941242,0,13.3166971,15.565134,2.59285975,0,,,,50
43271240,0.5,0.590909064,0.5,-0.75272572,0.209523797,0.145054936,0,0,15.9258718,12,8.45404434,8.32085133,0,13.3095493,12.8145514,3.40676713,0,,,,50
43272367,0.5,0.585365832,0.5,-0.75272572,0.193406582,0.136996329,0,0,15.9258718,12,8.43596077,8.35674477,0,13.3238449,12.8145514,3.40676713,0,,,,50
43273498,0.5,0.59375,0.5,-0.75272572,0.153113544,0.104761899,0,0,15.9258718,12,8.40280819,8.38630295,0,13.3238449,15.5680943,2.73727441,0,,,,50
43274629,0.5,0.634146333,0.5,-0.75272572,0.209523797,0.120879114,0,0,15.9213276,12,8.4058218,8.34829903,0,13.3238449,15.5680943,2.73727441,0,,,,50
43275760,0.5,0.555555582,0.5,-0.75272572,0.201465189,0.161172152,0,0,15.9258718,12,8.42390537,8.33563042,0,13.3238449,12.8174677,3.54961014,0,,,,50
43276886,0.5,0.585365832,0.5,-0.75272572,0.193406582,0.136996329,0,0,15.9213276,12,8.42993259,8.35041046,0,13.3238449,12.8174677,3.54961014,0,,,,50
43278017,0.5,0.64864862,0.5,-0.75272572,0.193406582,0.104761899,0,0,15.9258718,12,8.39678001,8.3525219,0,13.3095493,15.5709677,2.8785696,0,,,,50
43279144,0.5,0.538461566,0.5,-0.75272572,0.169230759,0.145054936,0,0,15.9258718,12,8.4178772,8.34196472,0,13.3238449,15.5709677,2.8785696,0,,,,50
43280275,0.5,0.524999976,0.5,-0.75272572,0.169230759,0.153113544,0,0,15.9258718,12,8.40883541,8.35041046,0,13.3238449,12.8202991,3.68938017,0,,,,50
43281401,0.5,0.581395328,0.5,-0.75272572,0.201465189,0.145054936,0,0,15.9304171,12,8.41184998,8.33985329,0,13.3238449,12.8202991,3.68938017,0,,,,50
43282537,0.5,0.577777803,0.5,-0.75272572,0.209523797,0.153113544,0,0,15.9304171,12,8.44500256,8.34407616,0,13.3238449,15.5737572,3.01683664,0,,,,50
43283867,0.5,0.568181813,0.5,-0.75272572,0.201465189,0.153113544,0,0,15.9258718,12,8.39678001,8.35041046,0,13.3309927,15.5737572,3.01683664,0,,,,50
43284998,0.5,0.571428597,0.5,-0.75272572,0.193406582,0.145054936,0,0,15.9213276,12,8.44500256,8.33985329,0,13.3238449,12.8230486,3.82616663,0,,,,50
43286134,0.5,0.585365832,0.5,-0.75272572,0.193406582,0.136996329,0,0,15.9258718,12,8.39075184,8.34618759,0,13.3238449,12.8230486,3.82616663,0,,,,50
43287265,0.5,0.555555582,0.5,-0.75272572,0.201465189,0.161172152,0,0,15.9258718,12,8.43897438,8.34618759,0,13.3095493,15.5764647,3.15216446,0,,,,50
43288391,0.5,0.568181813,0.5,-0.75272572,0.201465189,0.153113544,0,0,15.9258718,12,8.38171005,8.33563042,0,13.3238449,15.5764647,3.15216446,0,,,,50
43289527,0.5,0.558139563,0.5,-0.75272572,0.193406582,0.153113544,0,0,15.9213276,12,8.40883541,8.34196472,0,13.3095493,12.825717,3.96005678,0,,,,50
43290653,0.5,0.590909064,0.5,-0.75272572,0.209523797,0.145054936,0,0,15.9213276,12,8.40280819,8.33774185,0,13.3238449,12.825717,3.96005678,0,,,,50
43291784,0.5,0.558139563,0.5,-0.75272572,0.193406582,0.153113544,0,0,15.9213276,12,8.41486359,8.34407616,0,13.3166971,15.5790939,3.2846384,0,,,,50
43292911,0.5,0.555555582,0.5,-0.75272572,0.201465189,0.161172152,0,0,15.9213276,12,8.41486359,8.33985329,0,13.3238449,15.5790939,3.2846384,0,,,,50
43294041,0.5,0.595744669,0.5,-0.75272572,0.225641012,0.153113544,0,0,15.9258718,12,8.4058218,8.33563042,0,13.3095493,12.8283072,4.09113503,0,,,,50
43295168,0.5,0.595744669,0.5,-0.75272572,0.225641012,0.153113544,0,0,15.9213276,12,8.39678001,8.33985329,0,13.3238449,12.8283072,4.09113503,0,,,,50
43296298,0.5,0.588235319,0.5,-0.75272572,0.241758227,0.169230759,0,0,15.9258718,12,8.41486359,8.33351898,0,13.3095493,15.581646,3.41434193,0,,,,50
43297430,0.5,0.591836751,0.5,-0.75272572,0.23369962,0.161172152,0,0,15.9213276,12,8.42691898,8.33563042,0,13.3238449,15.581646,3.41434193,0,,,,50
43298560,0.5,0.549019635,0.5,-0.75272572,0.225641012,0.185347974,0,0,15.9213276,12,8.3937664,8.33563042,0,13.3166971,12.830822,4.21948433,0,,,,50
43299687,0.5,0.557692289,0.5,-0.75272572,0.23369962,0.185347974,0,0,15.9213276,12,8.38472462,8.3314085,0,13.3166971,12.830822,4.21948433,0,,,,50
43300817,0.5,0.565217376,0.5,-0.75272572,0.209523797,0.161172152,0,0,15.9258718,12,8.38472462,8.33563042,0,13.3095493,15.5841227,3.54135633,0,,,,50
43301944,0.5,0.568627477,0.5,-0.75272572,0.23369962,0.177289367,0,0,15.9167824,12,8.37266827,8.33563042,0,13.3238449,15.5841227,3.54135633,0,,,,50
43303074,0.5,0.571428597,0.5,-0.75272572,0.225641012,0.169230759,0,0,15.9213276,12,8.37869644,8.33351898,0,13.3095493,12.8332634,4.34518337,0,,,,50
43304405,0.5,0.583333313,0.5,-0.75272572,0.225641012,0.161172152,0,0,15.9213276,12,8.39979362,8.33563042,0,13.3238449,12.8332634,4.34518337,0,,,,50
43305540,0.5,0.604166687,0.5,-0.75272572,0.23369962,0.153113544,0,0,15.9167824,12,8.39075184,8.33563042,0,13.3166971,15.5865278,3.6657598,0,,,,50
43306675,0.5,0.551020384,0.5,-0.75272572,0.217582405,0.177289367,0,0,15.9213276,12,8.41184998,8.33351898,0,13.3238449,15.5865278,3.6657598,0,,,,50
43307806,0.5,0.583333313,0.5,-0.75272572,0.225641012,0.161172152,0,0,15.9213276,12,8.39678001,8.33774185,0,13.3238449,12.8356333,4.46830988,0,,,,50
43308933,0.5,0.583333313,0.5,-0.75272572,0.225641012,0.161172152,0,0,15.9213276,12,8.38773823,8.33985329,0,13.3238449,12.8356333,4.46830988,0,,,,50
43310063,0.5,0.565217376,0.5,-0.75272572,0.209523797,0.161172152,0,0,15.9213276,12,8.39979362,8.33563042,0,13.3095493,15.5888624,3.78762865,0,,,,50
43311190,0.5,0.571428597,0.5,-0.75272572,0.225641012,0.169230759,0,0,15.9213276,12,8.39979362,8.32718563,0,13.3166971,15.5888624,3.78762865,0,,,,50
43312325,0.5,0.529411793,0.5,-0.75272572,0.217582405,0.193406582,0,0,15.9213276,12,8.42089176,8.33563042,0,13.3166971,12.8379335,4.58893919,0,,,,50
43313451,0.5,0.5625,0.5,-0.75272572,0.217582405,0.169230759,0,0,15.9167824,12,8.39075184,8.33985329,0,13.3238449,12.8379335,4.58893919,0,,,,50
43314582,0.5,0.583333313,0.5,-0.75272572,0.225641012,0.161172152,0,0,15.9167824,12,8.42691898,8.33774185,0,13.3095493,15.5911293,3.90703702,0,,,,50
43315708,0.5,0.560000002,0.5,-0.75272572,0.225641012,0.177289367,0,0,15.9167824,12,8.40280819,8.3314085,0,13.3238449,15.5911293,3.90703702,0,,,,50
43316839,0.5,0.617021263,0.5,-0.75272572,0.23369962,0.145054936,0,0,15.9213276,12,8.38472462,8.33774185,0,13.3166971,12.840167,4.70714426,0,,,,50
43317966,0.5,0.579999983,0.5,-0.75272572,0.23369962,0.169230759,0,0,15.9213276,12,8.39979362,8.33774185,0,13.3238449,12.840167,4.70714426,0,,,,50
43319096,0.5,0.541666687,0.5,-0.75272572,0.209523797,0.177289367,0,0,15.9167824,12,8.39075184,8.32929707,0,13.3166971,15.5933294,4.02405691,0,,,,50
43320227,0.5,0.5625,0.5,-0.75272572,0.217582405,0.169230759,0,0,15.9167824,12,8.40883541,8.33774185,0,13.3238449,15.5933294,4.02405691,0,,,,50
43321358,0.5,0.557692289,0.5,-0.75272572,0.23369962,0.185347974,0,0,15.9167824,12,8.39979362,8.32929707,0,13.3095493,12.8423357,4.82299566,0,,,,50
43322485,0.5,0.557692289,0.5,-0.75272572,0.23369962,0.185347974,0,0,15.9213276,12,8.39979362,8.32929707,0,13.3095493,12.8423357,4.82299566,0,,,,50
43323616,0.5,0.566037714,0.5,-0.75272572,0.241758227,0.185347974,0,0,15.9167824,12,8.37869644,8.32718563,0,13.3024006,15.5954657,4.13875723,0,,,,50
43324946,0.5,0.576923072,0.5,-0.75272572,0.241758227,0.177289367,0,0,15.9167824,12,8.39678001,8.32718563,0,13.3238449,15.5954657,4.13875723,0,,,,50
43326086,0.5,0.566037714,0.5,-0.75272572,0.241758227,0.185347974,0,0,15.9167824,12,8.37869644,8.3250742,0,13.3095493,12.8444405,4.93656254,0,,,,50
43327213,0.5,0.563636363,0.5,-0.75272572,0.249816835,0.193406582,0,0,15.9167824,12,8.38171005,8.32296276,0,13.3166971,12.8444405,4.93656254,0,,,,50
43328349,0.5,0.566037714,0.5,-0.75272572,0.241758227,0.185347974,0,0,15.9122372,12,8.37568283,8.32296276,0,13.3166971,15.5975399,4.2512064,0,,,,50
43329475,0.5,0.555555582,0.5,-0.75272572,0.241758227,0.193406582,0,0,15.9122372,12,8.36362648,8.32085133,0,13.3166971,15.5975399,4.2512064,0,,,,50
43330605,0.5,0.57407409,0.5,-0.75272572,0.249816835,0.185347974,0,0,15.9122372,12,8.37869644,8.3250742,0,13.3095493,12.8464842,5.04791069,0,,,,50
43331732,0.5,0.571428597,0.5,-0.75272572,0.257875443,0.193406582,0,0,15.9167824,12,8.36965466,8.31873989,0,13.3166971,12.8464842,5.04791069,0,,,,50
43332863,0.5,0.568965495,0.5,-0.75272572,0.26593405,0.201465189,0,0,15.9167824,12,8.37266827,8.31662846,0,13.3024006,15.5995531,4.36147022,0,,,,50
43333989,0.5,0.571428597,0.5,-0.75272572,0.257875443,0.193406582,0,0,15.9122372,12,8.36664104,8.31873989,0,13.3166971,15.5995531,4.36147022,0,,,,50
43335120,0.5,0.561403513,0.5,-0.75272572,0.257875443,0.201465189,0,0,15.9122372,12,8.37568283,8.31662846,0,13.3166971,12.8484688,5.15710545,0,,,,50
43336251,0.5,0.568965495,0.5,-0.75272572,0.26593405,0.201465189,0,0,15.9122372,12,8.37568283,8.31873989,0,13.3166971,12.8484688,5.15710545,0,,,,50
43337381,0.5,0.543859661,0.5,-0.75272572,0.249816835,0.209523797,0,0,15.9213276,12,8.3937664,8.3250742,0,13.3095493,15.6015081,4.46961212,0,,,,50
43338508,0.5,0.545454562,0.5,-0.75272572,0.241758227,0.201465189,0,0,15.9167824,12,8.37266827,8.31873989,0,13.3166971,15.6015081,4.46961212,0,,,,50
43339639,0.5,0.596153855,0.5,-0.75272572,0.249816835,0.169230759,0,0,15.9122372,12,8.37568283,8.32929707,0,13.3166971,12.8503952,5.26420927,0,,,,50
43340765,0.5,0.557692289,0.5,-0.75272572,0.23369962,0.185347974,0,0,15.9122372,12,8.38773823,8.3250742,0,13.3238449,12.8503952,5.26420927,0,,,,50
43341896,0.5,0.537037015,0.5,-0.75272572,0.23369962,0.201465189,0,0,15.9122372,12,8.38773823,8.32085133,0,13.3095493,15.603406,4.57569361,0,,,,50
43343027,0.5,0.589285731,0.5,-0.75272572,0.26593405,0.185347974,0,0,15.9167824,12,8.37266827,8.32929707,0,13.3095493,15.603406,4.57569361,0,,,,50
43344157,0.5,0.553571403,0.5,-0.75272572,0.249816835,0.201465189,0,0,15.9122372,12,8.36362648,8.31873989,0,13.3166971,12.8522654,5.36928368,0,,,,50
43345284,0.5,0.578947365,0.5,-0.75272572,0.26593405,0.193406582,0,0,15.9122372,12,8.38773823,8.32718563,0,13.3238449,12.8522654,5.36928368,0,,,,50
43346627,0.5,0.571428597,0.5,-0.75272572,0.257875443,0.193406582,0,0,15.9122372,12,8.36965466,8.32085133,0,13.3024006,15.6052475,4.67977571,0,,,,50
43347754,0.5,0.566037714,0.5,-0.75272572,0.241758227,0.185347974,0,0,15.9122372,12,8.39075184,8.32929707,0,13.3166971,15.6052475,4.67977571,0,,,,50
43348885,0.5,0.551724136,0.5,-0.75272572,0.257875443,0.209523797,0,0,15.9122372,12,8.38171005,8.31662846,0,13.3095493,12.8540802,5.47238731,0,,,,50
43350011,0.5,0.561403513,0.5,-0.75272572,0.257875443,0.201465189,0,0,15.9167824,12,8.38472462,8.31873989,0,13.3166971,12.8540802,5.47238731,0,,,,50
43351146,0.5,0.542372882,0.5,-0.75272572,0.257875443,0.217582405,0,0,15.9167824,12,8.39075184,8.32085133,0,13.3095493,15.6070366,4.78191566,0,,,,50
43352273,0.5,0.551724136,0.5,-0.75272572,0.257875443,0.209523797,0,0,15.9167824,12,8.37869644,8.3250742,0,13.3166971,15.6070366,4.78191566,0,,,,50
43353404,0.5,0.576271176,0.5,-0.75272572,0.273992658,0.201465189,0,0,15.9213276,12,8.37869644,8.32085133,0,13.3166971,12.8558435,5.57357836,0,,,,50
43354530,0.5,0.543859661,0.5,-0.75272572,0.249816835,0.209523797,0,0,15.9167824,12,8.36965466,8.31662846,0,13.3238449,12.8558435,5.57357836,0,,,,50
43355660,0.5,0.568965495,0.5,-0.75272572,0.26593405,0.201465189,0,0,15.9122372,12,8.36362648,8.31240559,0,13.3095493,15.6087723,4.88217115,0,,,,50
43356787,0.5,0.551724136,0.5,-0.75272572,0.257875443,0.209523797,0,0,15.9122372,12,8.37266827,8.31029415,0.00714798551,13.3238449,15.6087723,4.88217115,0,,,,50
43357918,0.5,0.542372882,0.5,-0.75272572,0.257875443,0.217582405,0,0,15.9122372,12,8.36061287,8.31029415,0,13.3095493,12.8575544,5.67291164,0,,,,50
43359049,0.5,0.533333361,0.5,-0.75272572,0.257875443,0.225641012,0,0,15.907692,12,8.37568283,8.31662846,0,13.3024006,12.8575544,5.67291164,0,,,,50
43360180,0.5,0.542372882,0.5,-0.75272572,0.257875443,0.217582405,0,0,15.9122372,12,8.35458469,8.31240559,0,13.3095493,15.6104584,4.98059607,0,,,,50
43361306,0.5,0.534482777,0.5,-0.75272572,0.249816835,0.217582405,0,0,15.9122372,12,8.36664104,8.31240559,0,13.3095493,15.6104584,4.98059607,0,,,,50
43362437,0.5,0.578947365,0.5,-0.75272572,0.26593405,0.193406582,0,0,15.9122372,12,8.38472462,8.31873989,0,13.3095493,12.8592157,5.77044153,0,,,,50
43363563,0.5,0.550000012,0.5,-0.75272572,0.26593405,0.217582405,0,0,15.9122372,12,8.36965466,8.31451702,0,13.3166971,12.8592157,5.77044153,0,,,,50
43364694,0.5,0.559322059,0.5,-0.75272572,0.26593405,0.209523797,0,0,15.9122372,12,8.35458469,8.32085133,0,13.3095493,15.6120949,5.07724428,0,,,,50
43365830,0.5,0.55737704,0.5,-0.75272572,0.273992658,0.217582405,0,0,15.9122372,12,8.35759926,8.31873989,0,13.3166971,15.6120949,5.07724428,0,,,,50
43367169,0.5,0.564516127,0.5,-0.75272572,0.282051265,0.217582405,0,0,15.9122372,12,8.37266827,8.31662846,0,13.3166971,12.8608284,5.86622095,0,,,,50
43368296,0.5,0.550000012,0.5,-0.75272572,0.26593405,0.217582405,0,0,15.907692,12,8.34855747,8.31451702,0,13.3095493,12.8608284,5.86622095,0,,,,50
43369427,0.5,0.576271176,0.5,-0.75272572,0.273992658,0.201465189,0,0,15.907692,12,8.36664104,8.3039608,0,13.3024006,15.6136847,5.17216778,0,,,,50
43370553,0.5,0.525423706,0.5,-0.75272572,0.249816835,0.225641012,0,0,15.9122372,12,8.31841755,8.30818272,0,13.3166971,15.6136847,5.17216778,0,,,,50
43371684,0.5,0.55384618,0.5,-0.75272572,0.290109873,0.23369962,0,0,15.9122372,12,8.36664104,8.32085133,0,13.3095493,12.8623953,5.96030092,0,,,,50
43372811,0.5,0.54838711,0.5,-0.75272572,0.273992658,0.225641012,0,0,15.907692,12,8.36664104,8.29973793,0,13.3166971,12.8623953,5.96030092,0,,,,50
43373946,0.5,0.550000012,0.5,-0.75272572,0.26593405,0.217582405,0,0,15.9122372,12,8.37568283,8.3039608,0,13.3095493,15.6152267,5.26541662,0,,,,50
43375072,0.5,0.540983617,0.5,-0.75272572,0.26593405,0.225641012,0,0,15.907692,12,8.35759926,8.3039608,0,13.3095493,15.6152267,5.26541662,0,,,,50
43376203,0.5,0.539682567,0.5,-0.75272572,0.273992658,0.23369962,0,0,15.9122372,12,8.36061287,8.30607224,0,13.3095493,12.8639154,6.05273008,0,,,,50
43377329,0.5,0.550000012,0.5,-0.75272572,0.26593405,0.217582405,0,0,15.9122372,12,8.37869644,8.29973793,0,13.3238449,12.8639154,6.05273008,0,,,,50
43378460,0.5,0.532258093,0.5,-0.75272572,0.26593405,0.23369962,0,0,15.9122372,12,8.34554291,8.30607224,0,13.3166971,15.616725,5.35703945,0,,,,50
43379587,0.5,0.539682567,0.5,-0.75272572,0.273992658,0.23369962,0,0,15.9031467,12,8.36965466,8.30818272,0,13.3095493,15.616725,5.35703945,0,,,,50
43380717,0.5,0.545454562,0.5,-0.75272572,0.290109873,0.241758227,0,0,15.907692,12,8.35157108,8.30607224,0,13.3095493,12.8653917,6.14355755,0,,,,50
43381848,0.5,0.550724626,0.5,-0.75272572,0.306227088,0.249816835,0,0,15.907692,12,8.35157108,8.30607224,0,13.3095493,12.8653917,6.14355755,0,,,,50
43382979,0.5,0.539682567,0.5,-0.75272572,0.273992658,0.23369962,0,0,15.9031467,12,8.3425293,8.3039608,0,13.3095493,15.6181793,5.447083,0,,,,50
43384106,0.5,0.560606062,0.5,-0.75272572,0.29816848,0.23369962,0,0,15.907692,12,8.33348751,8.29551506,0,13.3166971,15.6181793,5.447083,0,,,,50
43385237,0.5,0.567164183,0.5,-0.75272572,0.306227088,0.23369962,0,0,15.9167824,12,8.33650112,8.30184937,0,13.3166971,12.8668251,6.23282957,0,,,,50
43386372,0.5,0.55384618,0.5,-0.75272572,0.290109873,0.23369962,0,0,15.907692,12,8.34855747,8.29973793,0,13.3166971,12.8668251,6.23282957,0,,,,50
43387503,0.5,0.560606062,0.5,0.476880729,0.29816848,0.23369962,0,0,15.907692,12,8.33650112,8.30607224,0,13.3024006,15.6195908,5.53559446,0,,,,50
43388833,0.5,0.571428597,0.5,0.476880729,0.290109873,0.217582405,0,0,15.9122372,12,8.35759926,8.31029415,0,13.3166971,15.6195908,5.53559446,0,,,,50
43389969,0.5,0.5625,0.5,0.476880729,0.290109873,0.225641012,0,0,15.907692,10.5857744,8.3425293,8.30184937,0,13.3166971,10.5857744,5.55871391,0,,,,50
43391095,0.5,0.559322059,0.5,0.476880729,0.26593405,0.209523797,0,0,15.9122372,10.5857744,8.34554291,8.31662846,0,13.3166971,10.5857744,5.55871391,0,,,,50
43392226,0.5,0.57407409,0.5,0.476880729,0.249816835,0.185347974,0,0,15.9122372,8.94261169,8.37568283,8.32085133,0,13.3095493,8.94261169,5.58183289,0,,,,50
43393352,0.5,0.547169805,0.5,0.476880729,0.23369962,0.193406582,0,0,15.9258718,8.94261169,8.38472462,8.33563042,0,13.3238449,8.94261169,5.58183289,0,,,,50
43394483,0.5,0.555555582,0.5,0.476880729,0.201465189,0.161172152,0,0,15.9258718,8.04869175,8.42089176,8.35041046,0,13.3095493,8.04869175,5.60495234,0,,,,50
43395610,0.5,0.5,0.5,0.508257687,0.185347974,0.185347974,0,0,15.9304171,8.04869175,8.44500256,8.33351898,0,13.3238449,8.04869175,5.60495234,0,,,,50
43396740,0.5,0.657142878,0.5,0.508257687,0.185347974,0.0967032909,0,0,15.9258718,7.58036757,8.35759926,8.37363529,0,13.3166971,7.58036757,5.59669495,0,,,,50
43397872,0.5,0.655172408,0.5,0.508257687,0.153113544,0.0805860758,0,0,15.9349623,7.58036757,8.43294716,8.37785816,0,13.3238449,7.58036757,5.59669495,0,,,,50
43399003,0.5,0.652173936,0.5,0.508257687,0.120879114,0.0644688606,0,0,15.9258718,7.2951169,8.4058218,8.39474869,0,13.3166971,7.2951169,5.58843708,0,,,,50
43400130,0.5,0.730769217,0.5,0.508257687,0.153113544,0.056410253,0,0,15.9304171,7.2951169,8.39075184,8.39474869,0,13.3166971,7.2951169,5.58843708,0,,,,50
43401261,0.5,0.75999999,0.5,0.508257687,0.153113544,0.0483516455,0,0,15.9395075,7.09931946,8.568573,8.40952778,0,13.3166971,7.09931946,5.58017921,0,,,,50
43402387,0.5,0.740740716,0.5,0.508257687,0.161172152,0.056410253,0,0,15.9349623,7.09931946,8.39678001,8.39474869,0,13.3309927,7.09931946,5.58017921,0,,,,50
43403518,0.5,0.720000029,0.5,0.508257687,0.145054936,0.056410253,0,0,15.9304171,6.96664476,8.36664104,8.38208103,0,13.3166971,6.96664476,5.57192183,0,,,,50
43404649,0.5,0.75999999,0.5,0.508257687,0.153113544,0.0483516455,0,0,15.9304171,6.96664476,8.46609974,8.36941242,0,13.3238449,6.96664476,5.57192183,0,,,,50
43405789,0.5,0.739130437,0.5,0.508257687,0.136996329,0.0483516455,0,0,15.9258718,6.87743807,8.50528145,8.40108299,0,13.3166971,6.87743807,5.56366396,0,,,,50
43406916,0.5,0.75,0.5,0.508257687,0.145054936,0.0483516455,0,0,15.9304171,6.87743807,8.4691143,8.38630295,0,13.3095493,6.87743807,5.56366396,0,,,,50
43408047,0.5,0.782608688,0.5,0.508257687,0.145054936,0.0402930379,0,0,15.9395075,6.8174839,8.46308613,8.40952778,0,13.3238449,6.8174839,5.55540657,0,,,,50
43409377,0.5,0.782608688,0.5,0.508257687,0.145054936,0.0402930379,0,0,15.9304171,6.8174839,8.47514153,8.39897156,0,13.3024006,6.8174839,5.55540657,0,,,,50
43410508,0.5,0.789473712,0.5,0.508257687,0.120879114,0.0322344303,0,0,15.9304171,6.77667332,8.46308613,8.40108299,0,13.3238449,6.77667332,5.5471487,0,,,,50
43411635,0.5,0.739130437,0.5,0.508257687,0.136996329,0.0483516455,0,0,15.9304171,6.77667332,8.45705795,8.39897156,0,13.3238449,6.77667332,5.5471487,0,,,,50
43412770,0.5,0.800000012,0.5,0.508257687,0.161172152,0.0402930379,0,0,15.9304171,6.74793148,8.43897438,8.39474869,0,13.3095493,6.74793148,5.53889132,0,,,,50
43413897,0.5,0.791666687,0.5,0.508257687,0.153113544,0.0402930379,0,0,15.9304171,6.74793148,8.42691898,8.40108299,0,13.3238449,6.74793148,5.53889132,0,,,,50
43415028,0.5,0.782608688,0.5,0.508257687,0.145054936,0.0402930379,0,0,15.9349623,6.72639275,8.44801617,8.39897156,0,13.3095493,6.72639275,5.53063345,0,,,,50
43416154,0.5,0.695652187,0.5,0.508257687,0.128937721,0.056410253,0,0,15.9304171,6.72639275,8.42691898,8.39474869,0,13.3238449,6.72639275,5.53063345,0,,,,50
43417286,0.5,0.807692289,0.5,0.508257687,0.169230759,0.0402930379,0,0,15.9304171,6.70878315,8.43897438,8.39474869,0,13.3238449,6.70878315,5.52237558,0,,,,50
43418412,0.5,0.818181813,0.5,0.508257687,0.145054936,0.0322344303,0,0,15.9304171,6.70878315,8.46609974,8.40108299,0,13.3309927,6.70878315,5.52237558,0,,,,50
43419543,0.5,0.782608688,0.5,0.508257687,0.145054936,0.0402930379,0,0,15.9304171,6.69295883,8.46308613,8.39686012,0,13.3166971,6.69295883,5.51411819,0,,,,50
43420674,0.5,0.782608688,0.5,0.508257687,0.145054936,0.0402930379,0,0,15.9304171,6.69295883,8.44500256,8.39897156,0,13.3309927,6.69295883,5.51411819,0,,,,50
43421805,0.5,0.75,0.5,0.508257687,0.145054936,0.0483516455,0,0,15.9304171,6.67756653,8.48719788,8.40108299,0,13.3095493,6.67756653,5.50586033,0,,,,50
43422931,0.5,0.75,0.5,0.508257687,0.145054936,0.0483516455,0,0,15.9349623,6.67756653,8.47212791,8.40530586,0,13.3238449,6.67756653,5.50586033,0,,,,50
43424062,0.5,0.800000012,0.5,0.508257687,0.161172152,0.0402930379,0,0,15.9349623,6.66179943,8.45705795,8.40319443,0,13.3166971,6.66179943,5.49760294,0,,,,50
43425189,0.5,0.75,0.5,0.508257687,0.145054936,0.0483516455,0,0,15.9304171,6.66179943,8.47212791,8.39263725,0,13.3309927,6.66179943,5.49760294,0,,,,50
43426328,0.5,0.739130437,0.5,0.508257687,0.136996329,0.0483516455,0,0,15.9304171,6.6452179,8.44801617,8.38841438,0,13.3166971,6.6452179,5.48934507,0,,,,50
43427455,0.5,0.739130437,0.5,0.508257687,0.136996329,0.0483516455,0,0,15.9304171,6.6452179,8.49021149,8.39686012,0,13.3238449,6.6452179,5.48934507,0,,,,50
43428590,0.5,0.739130437,0.5,0.508257687,0.136996329,0.0483516455,0,0,15.9304171,6.62762213,8.45404434,8.40319443,0,13.3166971,6.62762213,5.48108768,0,,,,50
43429921,0.5,0.75,0.5,0.508257687,0.145054936,0.0483516455,0,0,15.9304171,6.62762213,8.44198895,8.38419151,0,13.3238449,6.62762213,5.48108768,0,,,,50
43431052,0.5,0.769230783,0.5,0.508257687,0.161172152,0.0483516455,0,0,15.9304171,6.60896444,8.48418331,8.40530586,0,13.3166971,6.60896444,5.47282982,0,,,,50
43432178,0.5,0.727272749,0.5,0.508257687,0.128937721,0.0483516455,0,0,15.9304171,6.60896444,8.43897438,8.39897156,0,13.3238449,6.60896444,5.47282982,0,,,,50
43433309,0.5,0.720000029,0.5,0.508257687,0.145054936,0.056410253,0,0,15.9304171,6.58928967,8.46308613,8.38208103,0,13.3024006,6.58928967,5.46457243,0,,,,50
43434436,0.5,0.782608688,0.5,0.508257687,0.145054936,0.0402930379,0,0,15.9304171,6.58928967,8.44500256,8.39686012,0,13.3238449,6.58928967,5.46457243,0,,,,50
43435572,0.5,0.782608688,0.5,0.508257687,0.145054936,0.0402930379,0,0,15.9304171,6.56869173,8.46007252,8.40108299,0,13.3095493,6.56869173,5.45631456,0,,,,50
43436698,0.5,0.730769217,0.5,0.508257687,0.153113544,0.056410253,0,0,15.9304171,6.56869173,8.46609974,8.4074173,0,13.3238449,6.56869173,5.45631456,0,,,,50
43437829,0.5,0.75999999,0.5,0.508257687,0.153113544,0.0483516455,0,0,15.9213276,6.54728699,8.3937664,8.40319443,0,13.3166971,6.54728699,5.4480567,0,,,,50
43438956,0.5,0.806451619,0.5,0.508257687,0.201465189,0.0483516455,0,0,15.9349623,6.54728699,8.49925327,8.36730099,0,13.3166971,6.54728699,5.4480567,0,,,,50
43440087,0.5,0.814814806,0.5,0.508257687,0.177289367,0.0402930379,0,0,15.9349623,6.52519894,8.39979362,8.38208103,0,13.3166971,6.52519894,5.43979931,0,,,,50
43441213,0.5,0.681818187,0.5,0.508257687,0.120879114,0.056410253,0,0,15.9349623,6.52519894,8.52336502,8.39474869,0,13.3309927,6.52519894,5.43979931,0,,,,50
43442344,0.5,0.727272749,0.5,0.508257687,0.128937721,0.0483516455,0,0,15.9258718,6.50254536,8.47514153,8.39897156,0,13.3166971,6.50254536,5.43154144,0,,,,50
43443475,0.5,0.782608688,0.5,0.508257687,0.145054936,0.0402930379,0,0,15.9304171,6.50254536,8.4058218,8.38419151,0,13.3238449,6.50254536,5.43154144,0,,,,50
43444606,0.5,0.720000029,0.5,0.508257687,0.145054936,0.056410253,0,0,15.9349623,6.47943449,8.45404434,8.3799696,0,13.3166971,6.47943449,5.42328405,0,,,,50
43445741,0.5,0.695652187,0.5,0.508257687,0.128937721,0.056410253,0,0,15.9349623,6.47943449,8.44198895,8.38841438,0,13.3238449,6.47943449,5.42328405,0,,,,50
43446871,0.5,0.75,0.5,0.508257687,0.145054936,0.0483516455,0,0,15.9349623,6.45596218,8.40280819,8.37574673,0,13.3166971,6.45596218,5.41502619,0,,,,50
43447998,0.5,0.730769217,0.5,0.508257687,0.153113544,0.056410253,0,0,15.9349623,6.45596218,8.47514153,8.38841438,0,13.3309927,6.45596218,5.41502619,0,,,,50
43449128,0.5,0.730769217,0.5,0.508257687,0.153113544,0.056410253,0,0,15.9304171,6.43220949,8.50829506,8.39052582,0,13.3166971,6.43220949,5.4067688,0,,,,50
43450255,0.5,0.724137902,0.5,0.508257687,0.169230759,0.0644688606,0,0,15.9349623,6.43220949,8.53542042,8.39052582,0,13.3309927,6.43220949,5.4067688,0,,,,50
43451594,0.5,0.793103456,0.5,0.508257687,0.185347974,0.0483516455,0,0,15.9304171,6.40824556,8.33348751,8.38208103,0,13.3166971,6.40824556,5.39851093,0,,,,50
43452720,0.5,0.777777791,0.5,0.508257687,0.169230759,0.0483516455,0,0,15.9304171,6.40824556,8.42089176,8.38419151,0,13.3238449,6.40824556,5.39851093,0,,,,50
43453851,0.5,0.75,0.5,0.508257687,0.145054936,0.0483516455,0,0,15.9349623,6.38412666,8.47212791,8.39052582,0,13.3238449,6.38412666,5.39025307,0,,,,50
43454978,0.5,0.807692289,0.5,0.52845335,0.169230759,0.0402930379,0,0,15.9304171,6.38412666,8.4932251,8.38841438,0,13.3381405,6.38412666,5.39025307,0,,,,50
43456108,0.5,0.75999999,0.5,0.52845335,0.153113544,0.0483516455,0,0,15.9304171,6.32241249,8.42089176,8.39897156,0,13.3166971,6.32241249,5.36179972,0,,,,50
43457235,0.5,0.708333313,0.5,0.52845335,0.136996329,0.056410253,0,0,15.9304171,6.32241249,8.46308613,8.38841438,0,13.3238449,6.32241249,5.36179972,0,,,,50
43458370,0.5,0.807692289,0.5,0.52845335,0.169230759,0.0402930379,0,0,15.9349623,6.18158913,8.46007252,8.38841438,0,13.3166971,6.18158913,5.33334684,0,,,,50
43459497,0.5,0.75999999,0.5,0.52845335,0.153113544,0.0483516455,0,0,15.9304171,6.18158913,8.46609974,8.38630295,0,13.3238449,6.18158913,5.33334684,0,,,,50
43460628,0.5,0.739130437,0.5,0.52845335,0.136996329,0.0483516455,0,0,15.9304171,5.97967386,8.4691143,8.39686012,0,13.3095493,5.97967386,5.30489349,0,,,,50
43461754,0.5,0.739130437,0.5,0.52845335,0.136996329,0.0483516455,0,0,15.9304171,5.97967386,8.44801617,8.39263725,0,13.3309927,5.97967386,5.30489349,0,,,,50
43462885,0.5,0.772727251,0.5,0.522672772,0.136996329,0.0402930379,0,0,15.9304171,5.7632637,8.47815609,8.40108299,0,13.3166971,5.7632637,5.28222036,0,,,,50
43464011,0.5,0.789473712,0.5,0.522672772,0.120879114,0.0322344303,0,0,15.9349623,5.7632637,8.47815609,8.40952778,0,13.3238449,5.7632637,5.28222036,0,,,,50
43465142,0.5,0.842105269,0.5,0.522672772,0.128937721,0.0241758227,0,0,15.9304171,5.56638479,8.4811697,8.40530586,0,13.3166971,5.56638479,5.25954771,0,,,,50
43466283,0.5,0.789473712,0.5,0.522672772,0.120879114,0.0322344303,0,0,15.9349623,5.56638479,8.4691143,8.40530586,0,13.3309927,5.56638479,5.25954771,0,,,,50
43467414,0.5,0.777777791,0.5,0.522672772,0.112820506,0.0322344303,0,0,15.9304171,5.39687204,8.50528145,8.39474869,0,13.3095493,5.39687204,5.23687506,0,,,,50
43468540,0.5,0.842105269,0.5,0.522672772,0.128937721,0.0241758227,0,0,15.9349623,5.39687204,8.45404434,8.40319443,0,13.3309927,5.39687204,5.23687506,0,,,,50
43469671,0.5,0.789473712,0.5,0.522672772,0.120879114,0.0322344303,0,0,15.9304171,5.25135612,8.48719788,8.40319443,0,13.3166971,5.25135612,5.2142024,0,,,,50
43470798,0.5,0.777777791,0.5,0.520422995,0.112820506,0.0322344303,0,0,15.9304171,5.25135612,8.45705795,8.40530586,0.00714798551,13.3309927,5.25135612,5.2142024,0,,,,50
43472133,0.5,0.777777791,0.5,0.520422995,0.112820506,0.0322344303,0,0,15.9349623,5.13060713,8.4811697,8.40530586,0,13.3309927,5.13060713,5.19377947,0,,,,50
43473259,0.5,0.800000012,0.5,0.520422995,0.128937721,0.0322344303,0,0,15.9349623,5.13060713,8.4691143,8.41163921,0,13.3238449,5.13060713,5.19377947,0,,,,50
43474394,0.5,0.764705896,0.5,0.520422995,0.104761899,0.0322344303,0,0,15.9304171,5.03598404,8.49623966,8.41163921,0,13.3166971,5.03598404,5.17335653,0,,,,50
43475521,0.5,0.75,0.5,0.520422995,0.0967032909,0.0322344303,0,0,15.9304171,5.03598404,8.48418331,8.39897156,0,13.3309927,5.03598404,5.17335653,0,,,,50
43476652,0.5,0.777777791,0.5,0.520422995,0.112820506,0.0322344303,0,0,15.9349623,4.96249056,8.49021149,8.39686012,0,13.3166971,4.96249056,5.1529336,0,,,,50
43477779,0.5,0.777777791,0.5,0.520422995,0.112820506,0.0322344303,0,0,15.9349623,4.96249056,8.46609974,8.40108299,0,13.3238449,4.96249056,5.1529336,0,,,,50
43478909,0.5,0.800000012,0.5,0.520422995,0.128937721,0.0322344303,0,0,15.9349623,4.90349197,8.47514153,8.40108299,0,13.3095493,4.90349197,5.13251066,0,,,,50
43480036,0.5,0.800000012,0.5,0.520422995,0.128937721,0.0322344303,0,0,15.9349623,4.90349197,8.50226688,8.40530586,0,13.3309927,4.90349197,5.13251066,0,,,,50
43481167,0.5,0.789473712,0.5,0.520422995,0.120879114,0.0322344303,0,0,15.9349623,4.85425329,8.49623966,8.40108299,0,13.3095493,4.85425329,5.11208773,0,,,,50
43482298,0.5,0.8125,0.5,0.520422995,0.104761899,0.0241758227,0,0,15.9349623,4.85425329,8.50226688,8.39052582,0,13.3309927,4.85425329,5.11208773,0,,,,50
43483429,0.5,0.764705896,0.5,0.520422995,0.104761899,0.0322344303,0,0,15.9349623,4.81141853,8.4932251,8.39686012,0,13.3166971,4.81141853,5.09166479,0,,,,50
43484555,0.5,0.6875,0.5,0.520422995,0.0886446834,0.0402930379,0,0,15.9349623,4.81141853,8.50226688,8.39263725,0,13.3309927,4.81141853,5.09166479,0,,,,50
43485695,0.5,0.75,0.5,0.520422995,0.0967032909,0.0322344303,0,0,15.9304171,4.77264118,8.47212791,8.39474869,0,13.3166971,4.77264118,5.07124186,0,,,,50
43486822,0.5,0.823529422,0.5,0.520422995,0.112820506,0.0241758227,0,0,15.9349623,4.77264118,8.46609974,8.40108299,0,13.3309927,4.77264118,5.07124186,0,,,,50
43487953,0.5,0.823529422,0.5,0.520422995,0.112820506,0.0241758227,0,0,15.9395075,4.7363081,8.46308613,8.41163921,0,13.3166971,4.7363081,5.05081892,0,,,,50
43489084,0.5,0.777777791,0.5,0.520422995,0.112820506,0.0322344303,0,0,15.9304171,4.7363081,8.47514153,8.39686012,0,13.3238449,4.7363081,5.05081892,0,,,,50
43490215,0.5,0.8125,0.5,0.520422995,0.104761899,0.0241758227,0,0,15.9304171,4.701334,8.47212791,8.42008495,0,13.3166971,4.701334,5.03039551,0,,,,50
43491341,0.5,0.75,0.5,0.520422995,0.0967032909,0.0322344303,0,0,15.9349623,4.701334,8.49925327,8.39686012,0,13.3238449,4.701334,5.03039551,0,,,,50
43492472,0.5,0.8125,0.5,0.520422995,0.104761899,0.0241758227,0,0,15.9349623,4.6670084,8.4811697,8.40108299,0,13.3166971,4.6670084,5.00997257,0,,,,50
43493803,0.5,0.764705896,0.5,0.520422995,0.104761899,0.0322344303,0,0,15.9349623,4.6670084,8.50226688,8.40108299,0,13.3309927,4.6670084,5.00997257,0,,,,50
43494933,0.5,0.8125,0.5,0.520422995,0.104761899,0.0241758227,0,0,15.9349623,4.6328845,8.47514153,8.40952778,0,13.3166971,4.6328845,4.98954964,0,,,,50
43496060,0.5,0.823529422,0.5,0.520422995,0.112820506,0.0241758227,0,0,15.9304171,4.6328845,8.47514153,8.40319443,0,13.3095493,4.6328845,4.98954964,0,,,,50
43497195,0.5,0.823529422,0.5,0.520422995,0.112820506,0.0241758227,0,0,15.9349623,4.59869432,8.47212791,8.40530586,0,13.3166971,4.59869432,4.9691267,0,,,,50
43498321,0.5,0.8125,0.5,0.520422995,0.104761899,0.0241758227,0,0,15.9304171,4.59869432,8.47815609,8.4074173,0,13.3238449,4.59869432,4.9691267,0,,,,50
43499452,0.5,0.823529422,0.5,0.520422995,0.112820506,0.0241758227,0,0,15.9349623,4.56429291,8.48719788,8.39897156,0,13.3095493,4.56429291,4.94870377,0,,,,50
43500578,0.5,0.823529422,0.5,0.520422995,0.112820506,0.0241758227,0,0,15.9304171,4.56429291,8.50226688,8.39686012,0,13.3309927,4.56429291,4.94870377,0,,,,50
43501709,0.5,0.777777791,0.5,0.520422995,0.112820506,0.0322344303,0,0,15.9304171,4.52961493,8.50829506,8.4074173,0,13.3166971,4.52961493,4.92828083,0,,,,50
43502835,0.5,0.823529422,0.5,0.520422995,0.112820506,0.0241758227,0,0,15.9349623,4.52961493,8.50829506,8.40108299,0,13.3309927,4.52961493,4.92828083,0,,,,50
43503966,0.5,0.8125,0.5,0.520422995,0.104761899,0.0241758227,0,0,15.9304171,4.49464464,8.48719788,8.41375065,0,13.3166971,4.49464464,4.90785789,0,,,,50
43505097,0.5,0.823529422,0.5,0.520422995,0.112820506,0.0241758227,0,0,15.9304171,4.49464464,8.48719788,8.40319443,0,13.3309927,4.49464464,4.90785789,0,,,,50
43506237,0.5,0.800000012,0.5,0.520422995,0.128937721,0.0322344303,0,0,15.9304171,4.45939779,8.48719788,8.40530586,0,13.3166971,4.45939779,4.88743496,0,,,,50
43507364,0.5,0.75,0.5,0.520422995,0.0967032909,0.0322344303,0,0,15.9349623,4.45939779,8.46308613,8.39686012,0,13.3238449,4.45939779,4.88743496,0,,,,50
43508495,0.5,0.8125,0.5,0.520422995,0.104761899,0.0241758227,0,0,15.9349623,4.42390537,8.4691143,8.40108299,0,13.3309927,4.42390537,4.86701202,0,,,,50
43509621,0.5,0.733333349,0.5,0.496648133,0.0886446834,0.0322344303,0,0,15.9349623,4.42390537,8.50528145,8.39686012,0,13.3238449,4.42390537,4.86701202,0,,,,50
43510752,0.5,0.823529422,0.5,0.496648133,0.112820506,0.0241758227,0,0,15.9304171,4.43233776,8.50829506,8.40952778,0,13.3166971,4.43233776,4.87036419,0,,,,50
43511878,0.5,0.764705896,0.5,0.496648133,0.104761899,0.0322344303,0,0,15.9349623,4.43233776,8.49021149,8.4074173,0,13.3238449,4.43233776,4.87036419,0,,,,50
43513014,0.5,0.769230783,0.5,0.496648133,0.0805860758,0.0241758227,0,0,15.9349623,4.53364992,8.4932251,8.40530586,0,13.3166971,4.53364992,4.87371588,0,,,,50
43514344,0.5,0.785714269,0.5,0.496648133,0.0886446834,0.0241758227,0,0,15.9349623,4.53364992,8.49925327,8.40108299,0,13.3238449,4.53364992,4.87371588,0,,,,50
43515475,0.5,0.764705896,0.5,0.496648133,0.104761899,0.0322344303,0,0,15.9304171,4.70670557,8.4932251,8.40319443,0,13.3166971,4.70670557,4.87706757,0,,,,50
43516601,0.5,0.769230783,0.5,0.496648133,0.0805860758,0.0241758227,0,0,15.9349623,4.70670557,8.46007252,8.40319443,0,13.3309927,4.70670557,4.87706757,0,,,,50
43517734,0.5,0.714285731,0.5,0.512600064,0.0805860758,0.0322344303,0,0,15.9349623,4.90934467,8.4932251,8.39897156,0,13.3166971,4.90934467,4.88041973,0,,,,50
43518860,0.5,0.785714269,0.5,0.512600064,0.0886446834,0.0241758227,0,0,15.9349623,4.90934467,8.49925327,8.40530586,0,13.3309927,4.90934467,4.88041973,0,,,,50
43519996,0.5,0.823529422,0.5,0.512600064,0.112820506,0.0241758227,0,0,15.9304171,5.08595324,8.47514153,8.39474869,0,13.3309927,5.08595324,4.86781979,0,,,,50
43521122,0.5,0.764705896,0.5,0.512600064,0.104761899,0.0322344303,0,0,15.9304171,5.08595324,8.47815609,8.40319443,0,13.3309927,5.08595324,4.86781979,0,,,,50
43522253,0.5,0.777777791,0.5,0.512600064,0.112820506,0.0322344303,0,0,15.9349623,5.18847179,8.4691143,8.39263725,0,13.3166971,5.18847179,4.85521936,0,,,,50
43523380,0.5,0.789473712,0.5,0.512600064,0.120879114,0.0322344303,0,0,15.9304171,5.18847179,8.46308613,8.39686012,0,13.3238449,5.18847179,4.85521936,0,,,,50
43524511,0.5,0.75,0.5,0.534327388,0.120879114,0.0402930379,0,0,15.9349623,5.22303247,8.47514153,8.39474869,0,13.3095493,5.22303247,4.84261942,0,,,,50
43525646,0.5,0.823529422,0.5,0.534327388,0.112820506,0.0241758227,0,0,15.9304171,5.22303247,8.47815609,8.39474869,0,13.3309927,5.22303247,4.84261942,0,,,,50
43526777,0.5,0.789473712,0.5,0.534327388,0.120879114,0.0322344303,0,0,15.9304171,5.17420053,8.4691143,8.41375065,0,13.3166971,5.17420053,4.80829239,0,,,,50
43527908,0.5,0.777777791,0.5,0.534327388,0.112820506,0.0322344303,0,0,15.9304171,5.17420053,8.48418331,8.4074173,0,13.3238449,5.17420053,4.80829239,0,,,,50
43529038,0.5,0.789473712,0.5,0.534327388,0.120879114,0.0322344303,0,0,15.9349623,5.01424551,8.48418331,8.40530586,0,13.3024006,5.01424551,4.77396488,0,,,,50
43530165,0.5,0.789473712,0.5,0.534327388,0.120879114,0.0322344303,0,0,15.9349623,5.01424551,8.47212791,8.39897156,0,13.3238449,5.01424551,4.77396488,0,,,,50
43531296,0.5,0.777777791,0.5,0.534327388,0.112820506,0.0322344303,0,0,15.9349623,4.77398491,8.4811697,8.39897156,0,13.3166971,4.77398491,4.73963737,0,,,,50
43532422,0.5,0.777777791,0.5,0.534327388,0.112820506,0.0322344303,0,0,15.9349623,4.77398491,8.47815609,8.40530586,0,13.3309927,4.77398491,4.73963737,0,,,,50
43533553,0.5,0.833333313,0.5,0.534327388,0.120879114,0.0241758227,0,0,15.9349623,4.49955606,8.45705795,8.39474869,0,13.3166971,4.49955606,4.70531034,0,,,,50
43534883,0.5,0.75,0.5,0.534327388,0.0967032909,0.0322344303,0,0,15.9304171,4.49955606,8.4932251,8.40530586,0,13.3309927,4.49955606,4.70531034,0,,,,50
43536019,0.5,0.8125,0.5,0.534327388,0.104761899,0.0241758227,0,0,15.9304171,4.21959114,8.50226688,8.4074173,0,13.3166971,4.21959114,4.67098284,0,,,,50
43537146,0.5,0.8125,0.5,0.534327388,0.104761899,0.0241758227,0,0,15.9349623,4.21959114,8.52939224,8.40108299,0,13.3238449,4.21959114,4.67098284,0,,,,50
43538276,0.5,0.733333349,0.5,0.534327388,0.0886446834,0.0322344303,0,0,15.9304171,3.95099354,8.51733685,8.39686012,0,13.3166971,3.95099354,4.63665533,0,,,,50
43539403,0.5,0.769230783,0.5,0.534327388,0.0805860758,0.0241758227,0,0,15.9349623,3.95099354,8.49021149,8.39686012,0,13.3309927,3.95099354,4.63665533,0,,,,50
43540534,0.5,0.733333349,0.5,0.534327388,0.0886446834,0.0322344303,0,0,15.9395075,3.70282745,8.50528145,8.39897156,0,13.3166971,3.70282745,4.60232782,0,,,,50
43541660,0.5,0.769230783,0.5,0.534327388,0.0805860758,0.0241758227,0,0,15.9304171,3.70282745,8.47514153,8.39686012,0,13.3238449,3.70282745,4.60232782,0,,,,50
43542791,0.5,0.769230783,0.5,0.534327388,0.0805860758,0.0241758227,0,0,15.9349623,3.47904539,8.51733685,8.41797352,0,13.3166971,3.47904539,4.56800079,0,,,,50
43543923,0.5,0.769230783,0.5,0.534327388,0.0805860758,0.0241758227,0,0,15.9349623,3.47904539,8.51130867,8.40108299,0,13.3309927,3.47904539,4.56800079,0,,,,50
43545053,0.5,0.800000012,0.5,0.534327388,0.0644688606,0.0161172152,0,0,15.9395075,3.28038716,8.51733685,8.41375065,0,13.3166971,3.28038716,4.53367329,0,,,,50
43546189,0.5,0.75,0.5,0.534327388,0.0725274682,0.0241758227,0,0,15.9349623,3.28038716,8.51130867,8.41163921,0,13.3309927,3.28038716,4.53367329,0,,,,50
43547320,0.5,0.800000012,0.5,0.534327388,0.0644688606,0.0161172152,0,0,15.9349623,3.10568452,8.50528145,8.4074173,0,13.3095493,3.10568452,4.49934626,0,,,,50
43548446,0.5,0.833333313,0.5,0.534327388,0.0805860758,0.0161172152,0,0,15.9349623,3.10568452,8.48719788,8.41586208,0,13.3309927,3.10568452,4.49934626,0,,,,50
43549577,0.5,0.909090936,0.5,0.534327388,0.0805860758,0.00805860758,0,0,15.9349623,2.95273805,8.4932251,8.4074173,0,13.3238449,2.95273805,4.46501875,0,,,,50
43550709,0.5,0.75,0.5,0.534327388,0.0725274682,0.0241758227,0,0,15.9304171,2.95273805,8.51432323,8.41586208,0,13.3309927,2.95273805,4.46501875,0,,,,50
43551839,0.5,0.818181813,0.5,0.534327388,0.0725274682,0.0161172152,0,0,15.9304171,2.818892,8.58967113,8.39686012,0,13.3166971,2.818892,4.43069124,0,,,,50
43552966,0.5,0.777777791,0.5,0.534327388,0.056410253,0.0161172152,0,0,15.9349623,2.818892,8.58364296,8.4074173,0,13.3238449,2.818892,4.43069124,0,,,,50
43554097,0.5,0.888888896,0.5,0.534327388,0.0644688606,0.00805860758,0,0,15.9395075,2.70139575,8.58062935,8.41375065,0,13.3166971,2.70139575,4.39636421,0,,,,50
43555223,0.5,0.857142866,0.5,0.534327388,0.0483516455,0.00805860758,0,0,15.9304171,2.70139575,8.50226688,8.41163921,0,13.3309927,2.70139575,4.39636421,0,,,,50
43556558,0.5,0.875,0.5,0.534327388,0.056410253,0.00805860758,0,0,15.9304171,2.59761906,8.4811697,8.4074173,0,13.3238449,2.59761906,4.36203671,0,,,,50
43557685,0.5,0.909090936,0.5,0.534327388,0.0805860758,0.00805860758,0,0,15.9349623,2.59761906,8.49925327,8.42430782,0,13.3309927,2.59761906,4.36203671,0,,,,50
43558820,0.5,0.777777791,0.5,0.534327388,0.056410253,0.0161172152,0,0,15.9349623,2.50516939,8.42089176,8.4074173,0,13.3166971,2.50516939,4.3277092,0,,,,50
43559947,0.5,0.833333313,0.5,0.534327388,0.0805860758,0.0161172152,0,0,15.9349623,2.50516939,8.52939224,8.4074173,0,13.3309927,2.50516939,4.3277092,0,,,,50
43561077,0.5,0.888888896,0.5,0.534327388,0.0644688606,0.00805860758,0,0,15.9304171,2.42194462,8.55350399,8.4074173,0,13.3166971,2.42194462,4.29338217,0,,,,50
43562204,0.5,0.888888896,0.5,0.534327388,0.0644688606,0.00805860758,0,0,15.9395075,2.42194462,8.51733685,8.42641926,0,13.3309927,2.42194462,4.29338217,0,,,,50
43563336,0.5,1,0.5,0.534327388,0.0483516455,0,0,0,15.9395075,2.34614539,8.52637863,8.42641926,0,13.3166971,2.34614539,4.25905466,0,,,,50
43564462,0.5,1,0.5,0.534327388,0.056410253,0,0,0,15.9304171,2.34614539,8.4811697,8.42430782,0,13.3309927,2.34614539,4.25905466,0,,,,50
43565602,0.5,1,0.5,0.534327388,0.0483516455,0,0,0,15.9349623,2.27626228,8.4811697,8.42219639,0,13.3166971,2.27626228,4.22472715,0,,,,50
43566733,0.5,0.888888896,0.5,0.607602656,0.0644688606,0.00805860758,0,0,15.9349623,2.27626228,8.51130867,8.42008495,0,13.3309927,2.27626228,4.22472715,0,,,,50
43567864,0.5,1,0.5,0.607602656,0.0483516455,0,0,0,15.9349623,2.07503343,8.52637863,8.42853069,0,13.3166971,2.07503343,4.11712456,0,,,,50
43568990,0.5,1,0.5,0.607602656,0.0644688606,0,0,0,15.9349623,2.07503343,8.55048943,8.43064213,0,13.3381405,2.07503343,4.11712456,0,,,,50
43570121,0.5,1,0.5,0.607602656,0.056410253,0,0,0,15.9349623,1.59069288,8.59871292,8.42430782,0,13.3166971,1.59069288,4.00952196,0,,,,50
43571248,0.5,1,0.5,0.607602656,0.0725274682,0,0,0,15.9395075,1.59069288,8.50829506,8.42853069,0,13.3309927,1.59069288,4.00952196,0,,,,50
43572378,0.5,1,0.5,0.607602656,0.0483516455,0,0,0,15.9349623,0.887690365,8.52035046,8.42853069,0,13.3166971,0.887690365,3.9019196,0,,,,50
43573505,0.5,1,0.5,0.606033683,0.056410253,0,0,0,15.9395075,0.887690365,8.52637863,8.42430782,0,13.3309927,0.887690365,3.9019196,0,,,,50
43574640,0.5,1,0.5,0.606033683,0.0402930379,0,0,0,15.9304171,0.0983424708,8.55048943,8.43064213,0,13.3166971,0.0983424708,3.7958858,0,,,,50
43575766,0.5,1,0.5,0.606033683,0.0402930379,0,0,0,15.9349623,0.0983424708,8.55350399,8.42641926,0,13.3309927,0.0983424708,3.7958858,0,,,,50
43577101,0.5,1,0.5,0.606033683,0.0402930379,0,0,0,15.9349623,-0.694390178,8.47514153,8.43064213,0,13.3238449,-0.694390178,3.68985224,0,,,,50
43578228,0.5,1,0.5,0.606033683,0.0322344303,0,0,0,15.9395075,-0.694390178,8.52939224,8.43064213,0,13.3309927,-0.694390178,3.68985224,0,,,,50
43579358,0.5,1,0.5,0.606033683,0.0322344303,0,0,0,15.9349623,-1.44524229,8.56254578,8.43064213,0,13.3166971,-1.44524229,3.58381867,0,,,,50
43580484,0.5,1,0.5,0.606033683,0.0241758227,0,0,0,15.9349623,-1.44524229,8.54747581,8.42853069,0,13.3309927,-1.44524229,3.58381867,0,,,,50
43581620,0.5,1,0.5,0.606033683,0.0322344303,0,0,0,15.9349623,-2.13234544,8.55953121,8.43064213,0,13.3238449,-2.13234544,3.47778511,0,,,,50
43582746,0.5,1,0.5,0.606033683,0.0241758227,0,0,0,15.9349623,-2.13234544,8.5565176,8.42641926,0,13.3238449,-2.13234544,3.47778511,0,,,,50
43583877,0.5,1,0.5,0.606033683,0.0322344303,0,0,0,15.9395075,-2.74706769,8.53542042,8.43064213,0,13.3309927,-2.74706769,3.37175155,0,,,,50
43585003,0.5,1,0.5,0.606033683,0.0241758227,0,0,0,15.9349623,-2.74706769,8.56555939,8.43064213,0,13.3238449,-2.74706769,3.37175155,0,,,,50
43586143,0.5,1,0.5,0.606033683,0.0322344303,0,0,0,15.9349623,-3.28900981,8.52336502,8.43064213,0,13.3166971,-3.28900981,3.26571798,0,,,,50
43587269,0.5,1,0.5,0.606033683,0.0483516455,0,0,0,15.9349623,-3.28900981,8.58967113,8.43064213,0,13.3309927,-3.28900981,3.26571798,0,,,,50
43588401,0.5,1,0.5,0.606033683,0.0402930379,0,0,0,15.9349623,-3.76256871,8.52035046,8.42430782,0,13.3166971,-3.76256871,3.15968442,0,,,,50
43589532,0.5,1,0.5,0.606033683,0.0483516455,0,0,0,15.9349623,-3.76256871,8.50528145,8.43064213,0,13.3238449,-3.76256871,3.15968442,0,,,,50
43590663,0.5,1,0.5,0.606033683,0.0644688606,0,0,0,15.9304171,-4.17463923,8.52939224,8.42641926,0,13.3309927,-4.17463923,3.05365086,0,,,,50
43591789,0.5,1,0.5,0.606033683,0.0805860758,0,0,0,15.9304171,-4.17463923,8.50528145,8.42430782,0,13.3166971,-4.17463923,3.05365086,0,,,,50
43592920,0.5,1,0.5,0.606033683,0.0805860758,0,0,0,15.9304171,-4.53312302,8.49925327,8.42219639,0,13.3166971,-4.53312302,2.94761729,0,,,,50
43594046,0.5,1,0.5,0.606033683,0.0805860758,0,0,0,15.9349623,-4.53312302,8.48719788,8.42008495,0,13.3238449,-4.53312302,2.94761729,0,,,,50
43595177,0.5,1,0.5,0.606033683,0.0886446834,0,0,0,15.9304171,-4.84600115,8.4932251,8.41586208,0,13.3238449,-4.84600115,2.84158373,0,,,,50
43596304,0.5,0.923076928,0.5,0.606033683,0.0967032909,0.00805860758,0,0,15.9304171,-4.84600115,8.4811697,8.40319443,0,13.3309927,-4.84600115,2.84158373,0,,,,50
43597440,0.5,0.846153855,0.5,0.606033683,0.0886446834,0.0161172152,0,0,15.9395075,-5.12078953,8.48719788,8.40319443,0,13.3238449,-5.12078953,2.73555017,0,,,,50
43598770,0.5,0.800000012,0.5,0.606033683,0.0967032909,0.0241758227,0,0,15.9349623,-5.12078953,8.47514153,8.40952778,0,13.3309927,-5.12078953,2.73555017,0,,,,50
43599901,0.5,0.75,0.5,0.609133244,0.0967032909,0.0322344303,0,0,15.9349623,-5.36425686,8.4811697,8.38841438,0,13.3166971,-5.36425686,2.6295166,0,,,,50
43601027,0.5,0.8125,0.5,0.609133244,0.104761899,0.0241758227,0,0,15.9349623,-5.36425686,8.49925327,8.38841438,0,13.3238449,-5.36425686,2.6295166,0,,,,50
43602158,0.5,0.909090936,0.5,0.609133244,0.0805860758,0.00805860758,0,0,15.9395075,-5.58805943,8.49925327,8.40952778,0,13.3095493,-5.58805943,2.52038336,0,,,,50
43603284,0.5,0.875,0.5,0.609133244,0.056410253,0.00805860758,0,0,15.9349623,-5.58805943,8.52939224,8.41586208,0,13.3309927,-5.58805943,2.52038336,0,,,,50
43604419,0.5,1,0.5,0.609133244,0.0483516455,0,0,0,15.9349623,-5.80359793,8.52637863,8.41797352,0,13.3238449,-5.80359793,2.41125035,0,,,,50
43605546,0.5,1,0.5,0.609133244,0.056410253,0,0,0,15.9349623,-5.80359793,8.55350399,8.41586208,0,13.3166971,-5.80359793,2.41125035,0,,,,50
43606686,0.5,1,0.5,0.581056237,0.0483516455,0,0,0,15.9349623,-5.9601903,8.55048943,8.42219639,0,13.3095493,-5.9601903,2.33019423,0,,,,50
43607813,0.5,1,0.5,0.581056237,0.0483516455,0,0,0,15.9349623,-5.9601903,8.52939224,8.41586208,0,13.3309927,-5.9601903,2.33019423,0,,,,50
43608944,0.5,0.875,0.5,0.581056237,0.056410253,0.00805860758,0,0,15.9304171,-5.99801636,8.49623966,8.41586208,0,13.3238449,-5.99801636,2.24913812,0,,,,50
43610070,0.5,1,0.5,0.581056237,0.056410253,0,0,0,15.9349623,-5.99801636,8.4811697,8.41375065,0,13.3095493,-5.99801636,2.24913812,0,,,,50
43611201,0.5,1,0.5,0.581056237,0.0644688606,0,0,0,15.9349623,-5.94148302,8.52336502,8.42219639,0,13.3238449,-5.94148302,2.168082,0,,,,50
43612332,0.5,1,0.5,0.581056237,0.056410253,0,0,0,15.9349623,-5.94148302,8.5444622,8.42008495,0,13.3309927,-5.94148302,2.168082,0,,,,50
43613463,0.5,1,0.5,0.581056237,0.0483516455,0,0,0,15.9349623,-5.84066772,8.51733685,8.41797352,0,13.3238449,-5.84066772,2.08702588,0,,,,50
43614590,0.5,1,0.5,0.556693554,0.0402930379,0,0,0,15.9349623,-5.84066772,8.53240585,8.41586208,0,13.3309927,-5.84066772,2.08702588,0,,,,50
43615720,0.5,1,0.5,0.556693554,0.0402930379,0,0,0,15.9349623,-5.68180847,8.54747581,8.42430782,0,13.3238449,-5.68180847,2.03033233,0,,,,50
43616847,0.5,1,0.5,0.556693554,0.0402930379,0,0,0,15.9349623,-5.68180847,8.52637863,8.42853069,0,13.3309927,-5.68180847,2.03033233,0,,,,50
43617977,0.5,1,0.5,0.556693554,0.0402930379,0,0,0,15.9304171,-5.43375492,8.55953121,8.42430782,0,13.3166971,-5.43375492,1.97363889,0,,,,50
43619308,0.5,1,0.5,0.556693554,0.0483516455,0,0,0,15.9349623,-5.43375492,8.58665657,8.42853069,0,13.3238449,-5.43375492,1.97363889,0,,,,50
43620443,0.5,1,0.5,0.556693554,0.0322344303,0,0,0,15.9349623,-5.12878084,8.4691143,8.43064213,0,13.3238449,-5.12878084,1.91694546,0,,,,50
43621570,0.5,1,0.5,0.529610753,0.0402930379,0,0,0,15.9349623,-5.12878084,8.51733685,8.43064213,0,13.3309927,-5.12878084,1.91694546,0,,,,50
43622700,0.5,1,0.5,0.529610753,0.0322344303,0,0,0,15.9349623,-4.76489592,8.54747581,8.42853069,0,13.3238449,-4.76489592,1.88733482,0,,,,50
43623827,0.5,1,0.5,0.529610753,0.0322344303,0,0,0,15.9349623,-4.76489592,8.46007252,8.43064213,0,13.3309927,-4.76489592,1.88733482,0,,,,50
43624958,0.5,1,0.5,0.529610753,0.0483516455,0,0,0,15.9349623,-4.31457758,8.55350399,8.43064213,0,13.3238449,-4.31457758,1.85772407,0,,,,50
43626093,0.5,1,0.5,0.529610753,0.0402930379,0,0,0,15.9349623,-4.31457758,8.52336502,8.42853069,0,13.3309927,-4.31457758,1.85772407,0,,,,50
43627224,0.5,1,0.5,0.529610753,0.0402930379,0,0,0,15.9304171,-3.81697249,8.54747581,8.42430782,0,13.3166971,-3.81697249,1.82811344,0,,,,50
43628355,0.5,1,0.5,0.529610753,0.0402930379,0,0,0,15.9395075,-3.81697249,8.53240585,8.42641926,0,13.3309927,-3.81697249,1.82811344,0,,,,50
43629486,0.5,1,0.5,0.529610753,0.0402930379,0,0,0,15.9395075,-3.32662559,8.45404434,8.43064213,0,13.3166971,-3.32662559,1.7985028,0,,,,50
43630612,0.5,1,0.5,0.483614862,0.0322344303,0,0,0,15.9349623,-3.32662559,8.53240585,8.42853069,0,13.3238449,-3.32662559,1.7985028,0,,,,50
43631743,0.5,1,0.5,0.483614862,0.0161172152,0,0,0,15.9395075,-2.78893518,8.55048943,8.42853069,0,13.3309927,-2.78893518,1.814888,0,,,,50
43632870,0.5,1,0.5,0.483614862,0.0241758227,0,0,0,15.9395075,-2.78893518,8.56555939,8.42853069,0,13.3309927,-2.78893518,1.814888,0,,,,50
43634001,0.5,1,0.5,0.483614862,0.0322344303,0,0,0,15.9349623,-2.12461042,8.58665657,8.42853069,0,13.3238449,-2.12461042,1.8312732,0,,,,50
43635132,0.5,1,0.5,0.483614862,0.0161172152,0,0,0,15.9349623,-2.12461042,8.55953121,8.42430782,0,13.3166971,-2.12461042,1.8312732,0,,,,50
43636263,0.5,1,0.5,0.483614862,0.0161172152,0,0,0,15.9349623,-1.38008142,8.52637863,8.42853069,0,13.3166971,-1.38008142,1.84765828,0,,,,50
43637390,0.5,1,0.5,0.483614862,0.0161172152,0,0,0,15.9349623,-1.38008142,8.5444622,8.42853069,0,13.3309927,-1.38008142,1.84765828,0,,,,50
43638521,0.5,1,0.5,0.456815064,0.0161172152,0,0,0,15.9349623,-0.636384606,8.5565176,8.42853069,0,13.3095493,-0.636384606,1.86404347,0,,,,50
43639852,0.5,1,0.5,0.456815064,0.0161172152,0,0,0,15.9349623,-0.636384606,8.59268475,8.42641926,0,13.3309927,-0.636384606,1.86404347,0,,,,50
43640982,0.5,1,0.5,0.456815064,0.0241758227,0,0,0,15.9395075,0.10992907,8.59268475,8.42641926,0,13.3166971,0.10992907,1.90722847,0,,,,50
43642109,0.5,1,0.5,0.456815064,0.0161172152,0,0,0,15.9349623,0.10992907,8.55048943,8.43064213,0,13.3309927,0.10992907,1.90722847,0,,,,50
43643244,0.5,1,0.5,0.456815064,0.0241758227,0,0,0,15.9349623,0.890278637,8.52939224,8.42641926,0,13.3166971,0.890278637,1.95041335,0,,,,50
43644371,0.5,1,0.5,0.456815064,0.0483516455,0,0,0,15.9349623,0.890278637,8.50829506,8.42219639,0,13.3166971,0.890278637,1.95041335,0,,,,50
43645502,0.5,1,0.5,0.456815064,0.0322344303,0,0,0,15.9349623,1.67159212,8.53240585,8.42641926,0,13.3166971,1.67159212,1.99359834,0,,,,50
43646637,0.5,1,0.5,0.456815064,0.0402930379,0,0,0,15.9349623,1.67159212,8.52336502,8.42641926,0,13.3309927,1.67159212,1.99359834,0,,,,50
43647768,0.5,1,0.5,0.456815064,0.0644688606,0,0,0,15.9349623,2.40608525,8.51733685,8.42853069,0,13.3238449,2.40608525,2.03678322,0,,,,50
43648895,0.5,1,0.5,0.456815064,0.0644688606,0,0,0,15.9304171,2.40608525,8.51130867,8.43064213,0,13.3309927,2.40608525,2.03678322,0,,,,50
43650025,0.5,1,0.5,0.456815064,0.0886446834,0,0,0,15.9349623,3.06940627,8.4691143,8.41797352,0,13.3238449,3.06940627,2.07996821,0,,,,50
43651156,0.5,1,0.5,0.456815064,0.0644688606,0,0,0,15.9304171,3.06940627,8.56555939,8.41586208,0,13.3309927,3.06940627,2.07996821,0,,,,50
43652287,0.5,0.909090936,0.5,0.456815064,0.0805860758,0.00805860758,0,0,15.9349623,3.65204239,8.5444622,8.40530586,0,13.3166971,3.65204239,2.12315321,0,,,,50
43653413,0.5,0.899999976,0.5,0.456815064,0.0725274682,0.00805860758,0,0,15.9304171,3.65204239,8.50226688,8.41375065,0,13.3309927,3.65204239,2.12315321,0,,,,50
43654545,0.5,0.846153855,0.5,0.456815064,0.0886446834,0.0161172152,0,0,15.9304171,4.15363598,8.51130867,8.39686012,0,13.3095493,4.15363598,2.16633797,0,,,,50
43655671,0.5,0.769230783,0.5,0.456815064,0.0805860758,0.0241758227,0,0,15.9349623,4.15363598,8.52939224,8.39897156,0,13.3238449,4.15363598,2.16633797,0,,,,50
43656802,0.5,0.846153855,0.5,0.456815064,0.0886446834,0.0161172152,0,0,15.9349623,4.57914972,8.51130867,8.39897156,0,13.3166971,4.57914972,2.20952296,0,,,,50
43657928,0.5,0.764705896,0.5,0.456815064,0.104761899,0.0322344303,0,0,15.9258718,4.57914972,8.48418331,8.38630295,0,13.3309927,4.57914972,2.20952296,0,,,,50
43659064,0.5,0.777777791,0.5,0.456815064,0.112820506,0.0322344303,0,0,15.9304171,4.93630981,8.46609974,8.39686012,0,13.3238449,4.93630981,2.25270796,0,,,,50
43660190,0.5,0.800000012,0.5,0.456815064,0.128937721,0.0322344303,0,0,15.9304171,4.93630981,8.43596077,8.39474869,0,13.3238449,4.93630981,2.25270796,0,,,,50
43661524,0.5,0.809523821,0.5,0.456815064,0.136996329,0.0322344303,0,0,15.9349623,5.23394871,8.46007252,8.39474869,0,13.3166971,5.23394871,2.29589272,0,,,,50
43662651,0.5,0.842105269,0.5,0.456815064,0.128937721,0.0241758227,0,0,15.9304171,5.23394871,8.45404434,8.39474869,0,13.3309927,5.23394871,2.29589272,0,,,,50
43663782,0.5,0.769230783,0.5,0.456815064,0.161172152,0.0483516455,0,0,15.9304171,5.48097754,8.47815609,8.39263725,0,13.3095493,5.48097754,2.33907771,0,,,,50
43664909,0.5,0.703703701,0.5,0.456815064,0.153113544,0.0644688606,0,0,15.9304171,5.48097754,8.4691143,8.3799696,0,13.3238449,5.48097754,2.33907771,0,,,,50
43666053,0.5,0.608695626,0.5,0.456815064,0.112820506,0.0725274682,0,0,15.9304171,5.68578243,8.6198101,8.36730099,0,13.3166971,5.68578243,2.38226247,0,,,,50
43667180,0.5,0.600000024,0.5,0.456815064,0.193406582,0.128937721,0,0,15.9258718,5.68578243,8.40883541,8.36307812,0,13.3238449,5.68578243,2.38226247,0,,,,50
43668310,0.5,0.558139563,0.5,0.456815064,0.193406582,0.153113544,0,0,15.9258718,5.85591125,8.47815609,8.3314085,0,13.3024006,5.85591125,2.42544746,0,,,,50
43669437,0.5,0.600000024,0.5,0.456815064,0.217582405,0.145054936,0,0,15.9258718,5.85591125,8.43294716,8.3314085,0,13.3238449,5.85591125,2.42544746,0,,,,50
43670568,0.5,0.585365832,0.5,0.456815064,0.193406582,0.136996329,0,0,15.9258718,5.9979434,8.44500256,8.34196472,0,13.3095493,5.9979434,2.46863222,0,,,,50
43671694,0.5,0.48780489,0.5,0.456815064,0.161172152,0.169230759,0,0,15.9304171,5.9979434,8.43294716,8.35041046,0,13.3238449,5.9979434,2.46863222,0,,,,50
43672825,0.5,0.649999976,0.5,0.456815064,0.209523797,0.112820506,0,0,15.9304171,6.11747885,8.58665657,8.36730099,0,13.3095493,6.11747885,2.51181722,0,,,,50
43673956,0.5,0.666666687,0.5,0.456815064,0.161172152,0.0805860758,0,0,15.9304171,6.11747885,8.4691143,8.3799696,0,13.3095493,6.11747885,2.51181722,0,,,,50
43675087,0.5,0.740740716,0.5,0.456815064,0.161172152,0.056410253,0,0,15.9304171,6.2191906,8.43596077,8.39474869,0,13.3166971,6.2191906,2.55500221,0,,,,50
43676213,0.5,0.782608688,0.5,0.456815064,0.145054936,0.0402930379,0,0,15.9349623,6.2191906,8.4691143,8.4074173,0,13.3238449,6.2191906,2.55500221,0,,,,50
43677344,0.5,0.772727251,0.5,0.456815064,0.136996329,0.0402930379,0,0,15.9349623,6.30691814,8.45103073,8.36730099,0,13.3166971,6.30691814,2.59818697,0,,,,50
43678470,0.5,0.777777791,0.5,0.456815064,0.169230759,0.0483516455,0,0,15.9349623,6.30691814,8.42390537,8.37785816,0,13.3238449,6.30691814,2.59818697,0,,,,50
43679601,0.5,0.560000002,0.5,0.456815064,0.112820506,0.0886446834,0,0,15.9304171,6.38377237,8.29732037,8.37363529,0,13.3166971,6.38377237,2.64137197,0,,,,50
43680727,0.5,0.71875,0.5,0.456815064,0.185347974,0.0725274682,0,0,15.9349623,6.38377237,8.56555939,8.37363529,0,13.3238449,6.38377237,2.64137197,0,,,,50
43682067,0.5,0.676470578,0.5,0.456815064,0.185347974,0.0886446834,0,0,15.9349623,6.45224333,8.48418331,8.37574673,0,13.3095493,6.45224333,2.68455672,0,,,,50
43683193,0.5,0.714285731,0.5,0.456815064,0.161172152,0.0644688606,0,0,15.9349623,6.45224333,8.47212791,8.38841438,0,13.3238449,6.45224333,2.68455672,0,,,,50
43684324,0.5,0.75,0.5,0.456815064,0.145054936,0.0483516455,0,0,15.9304171,6.51430321,8.47212791,8.39474869,0,13.3238449,6.51430321,2.72774172,0,,,,50
43685451,0.5,0.809523821,0.5,0.456815064,0.136996329,0.0322344303,0,0,15.9304171,6.51430321,8.47212791,8.39897156,0,13.3238449,6.51430321,2.72774172,0,,,,50
43686590,0.5,0.772727251,0.5,0.456815064,0.136996329,0.0402930379,0,0,15.9304171,6.57149696,8.49021149,8.39474869,0,13.3166971,6.57149696,2.77092671,0,,,,50
43687717,0.5,0.800000012,0.5,0.456815064,0.128937721,0.0322344303,0,0,15.9304171,6.57149696,8.47514153,8.39686012,0,13.3309927,6.57149696,2.77092671,0,,,,50
43688848,0.5,0.720000029,0.5,0.41925317,0.145054936,0.056410253,0,0,15.9304171,6.69474936,8.45404434,8.39263725,0,13.3309927,6.69474936,2.85167336,0,,,,50
43689979,0.5,0.75,0.5,0.41925317,0.145054936,0.0483516455,0,0,15.9304171,6.69474936,8.4691143,8.39474869,0,13.3309927,6.69474936,2.85167336,0,,,,50
43691110,0.5,0.769230783,0.5,0.41925317,0.161172152,0.0483516455,0,0,15.9304171,6.96226168,8.46308613,8.39052582,0,13.3309927,6.96226168,2.93242025,0,,,,50
43692236,0.5,0.800000012,0.5,0.41925317,0.161172152,0.0402930379,0,0,15.9395075,6.96226168,8.47815609,8.39052582,0,13.3166971,6.96226168,2.93242025,0,,,,50
43693367,0.5,0.772727251,0.5,0.41925317,0.136996329,0.0402930379,0,0,15.9258718,7.3412838,8.50829506,8.40108299,0,13.3166971,7.3412838,3.0131669,0,,,,50
43694494,0.5,0.75,0.5,0.41925317,0.145054936,0.0483516455,0,0,15.9258718,7.3412838,8.47212791,8.37363529,0,13.3309927,7.3412838,3.0131669,0,,,,50
43695625,0.5,0.714285731,0.5,0.41925317,0.161172152,0.0644688606,0,0,15.9304171,7.76568222,8.47212791,8.4074173,0,13.3238449,7.76568222,3.09391379,0,,,,50
43696756,0.5,0.777777791,0.5,0.440037787,0.169230759,0.0483516455,0,0,15.9304171,7.76568222,8.45103073,8.3799696,0,13.3309927,7.76568222,3.09391379,0,,,,50
43697887,0.5,0.769230783,0.5,0.440037787,0.161172152,0.0483516455,0,0,15.9349623,8.15614223,8.39075184,8.38630295,0,13.3238449,8.15614223,3.15387583,0,,,,50
43699014,0.5,0.666666687,0.5,0.440037787,0.128937721,0.0644688606,0,0,15.9258718,8.15614223,8.27019501,8.38208103,0,13.3238449,8.15614223,3.15387583,0,,,,50
43700144,0.5,0.714285731,0.5,0.440037787,0.201465189,0.0805860758,0,0,15.9349623,8.44607544,8.53843403,8.37574673,0,13.3166971,8.44607544,3.2138381,0,,,,50
43701271,0.5,0.756097555,0.5,0.440037787,0.249816835,0.0805860758,0,0,15.9349623,8.44607544,8.46609974,8.37152386,0,13.3309927,8.44607544,3.2138381,0,,,,50
43702403,0.5,0.736842096,0.5,0.440037787,0.225641012,0.0805860758,0,0,15.9304171,8.6414175,8.58967113,8.36307812,0,13.3238449,8.6414175,3.27380013,0,,,,50
43703733,0.5,0.657894731,0.5,0.440037787,0.201465189,0.104761899,0,0,15.9349623,8.6414175,8.37266827,8.36096668,0,13.3238449,8.6414175,3.27380013,0,,,,50
43704869,0.5,0.697674394,0.5,0.440037787,0.241758227,0.104761899,0,0,15.9349623,8.77379036,8.31239033,8.35463333,0,13.3166971,8.77379036,3.33376241,0,,,,50
43706005,0.5,0.641025662,0.5,0.440037787,0.201465189,0.112820506,0,0,15.9258718,8.77379036,8.40280819,8.3525219,0,13.3238449,8.77379036,3.33376241,0,,,,50
43707135,0.5,0.54838711,0.5,0.440037787,0.136996329,0.112820506,0,0,15.9304171,8.86525631,8.5565176,8.36941242,0,13.3238449,8.86525631,3.39372444,0,,,,50
43708262,0.5,0.621621609,0.5,0.440037787,0.185347974,0.112820506,0,0,15.9304171,8.86525631,8.29430676,8.3525219,0,13.3238449,8.86525631,3.39372444,0,,,,50
43709392,0.5,0.638888896,0.5,0.440037787,0.185347974,0.104761899,0,0,15.9258718,8.93115711,8.41184998,8.36096668,0,13.3238449,8.93115711,3.45368671,0,,,,50
43710519,0.5,0.631578922,0.5,0.440037787,0.193406582,0.112820506,0,0,15.9258718,8.93115711,8.48418331,8.36307812,0,13.3238449,8.93115711,3.45368671,0,,,,50
43711650,0.5,0.625,0.5,0.440037787,0.201465189,0.120879114,0,0,15.9258718,8.98199463,8.46609974,8.33774185,0,13.3238449,8.98199463,3.51364875,0,,,,50
43712781,0.5,0.628571451,0.5,0.440037787,0.177289367,0.104761899,0,0,15.9258718,8.98199463,8.4178772,8.3799696,0,13.3238449,8.98199463,3.51364875,0,,,,50
43713912,0.5,0.588235319,0.5,0.440037787,0.161172152,0.112820506,0,0,15.9213276,9.02480507,8.43596077,8.32718563,0,13.3238449,9.02480507,3.57361102,0,,,,50
43715039,0.5,0.658536613,0.5,0.440037787,0.217582405,0.112820506,0,0,15.9213276,9.02480507,8.39979362,8.33774185,0,13.3166971,9.02480507,3.57361102,0,,,,50
43716169,0.5,0.568181813,0.5,0.440037787,0.201465189,0.153113544,0,0,15.9258718,9.06416988,8.43596077,8.35041046,0,13.3166971,9.06416988,3.63357306,0,,,,50
43717296,0.5,0.545454562,0.5,0.440037787,0.193406582,0.161172152,0,0,15.9258718,9.06416988,8.42691898,8.33563042,0,13.3024006,9.06416988,3.63357306,0,,,,50
43718427,0.5,0.545454562,0.5,0.440037787,0.193406582,0.161172152,0,0,15.9258718,9.10295391,8.43294716,8.34618759,0,13.3238449,9.10295391,3.69353533,0,,,,50
43719553,0.5,0.604651153,0.5,0.440037787,0.209523797,0.136996329,0,0,15.9258718,9.10295391,8.39979362,8.33985329,0,13.3309927,9.10295391,3.69353533,0,,,,50
43720689,0.5,0.617021263,0.5,0.440037787,0.23369962,0.145054936,0,0,15.9258718,9.1428442,8.40883541,8.33774185,0,13.3238449,9.1428442,3.75349736,0,,,,50
43721815,0.5,0.555555582,0.5,0.440037787,0.201465189,0.161172152,0,0,15.9258718,9.1428442,8.41184998,8.33774185,0,13.3238449,9.1428442,3.75349736,0,,,,50
43722946,0.5,0.555555582,0.5,0.440037787,0.201465189,0.161172152,0,0,15.9213276,9.18474102,8.41486359,8.33563042,0,13.3095493,9.18474102,3.81345963,0,,,,50
43724276,0.5,0.568181813,0.5,0.440037787,0.201465189,0.153113544,0,0,15.9213276,9.18474102,8.40883541,8.34407616,0,13.3238449,9.18474102,3.81345963,0,,,,50
43725407,0.5,0.577777803,0.5,0.440037787,0.209523797,0.153113544,0,0,15.9304171,9.2290287,8.40883541,8.34618759,0,13.3166971,9.2290287,3.87342167,0,,,,50
43726543,0.5,0.600000024,0.5,0.440037787,0.217582405,0.145054936,0,0,15.9213276,9.2290287,8.39678001,8.33563042,0,13.3238449,9.2290287,3.87342167,0,,,,50
43727678,0.5,0.574468076,0.5,0.440037787,0.217582405,0.161172152,0,0,15.9213276,9.27576923,8.40280819,8.33985329,0,13.3095493,9.27576923,3.93338394,0,,,,50
43728804,0.5,0.577777803,0.5,0.440037787,0.209523797,0.153113544,0,0,15.9213276,9.27576923,8.42390537,8.33774185,0,13.3166971,9.27576923,3.93338394,0,,,,50
43729935,0.5,0.533333361,0.5,0.440037787,0.193406582,0.169230759,0,0,15.9304171,9.32483387,8.40280819,8.34407616,0,13.3166971,9.32483387,3.99334598,0,,,,50
43731062,0.5,0.581395328,0.5,0.440037787,0.201465189,0.145054936,0,0,15.9213276,9.32483387,8.42390537,8.32929707,0,13.3166971,9.32483387,3.99334598,0,,,,50
43732193,0.5,0.565217376,0.5,0.440037787,0.209523797,0.161172152,0,0,15.9258718,9.37599277,8.4178772,8.33351898,0,13.3095493,9.37599277,4.05330801,0,,,,50
43733320,0.5,0.560975611,0.5,0.440037787,0.185347974,0.145054936,0,0,15.9213276,9.37599277,8.4058218,8.32929707,0,13.3238449,9.37599277,4.05330801,0,,,,50
43734450,0.5,0.581395328,0.5,0.440037787,0.201465189,0.145054936,0,0,15.9258718,9.42896938,8.4058218,8.33985329,0,13.3095493,9.42896938,4.11327028,0,,,,50
43735582,0.5,0.555555582,0.5,0.440037787,0.201465189,0.161172152,0,0,15.9213276,9.42896938,8.41184998,8.32929707,0,13.3166971,9.42896938,4.11327028,0,,,,50
43736713,0.5,0.553191483,0.5,0.440037787,0.209523797,0.169230759,0,0,15.9258718,9.4834795,8.40280819,8.34618759,0,13.3095493,9.4834795,4.17323256,0,,,,50
43737839,0.5,0.576923072,0.5,0.440037787,0.241758227,0.177289367,0,0,15.9213276,9.4834795,8.41184998,8.32718563,0,13.3166971,9.4834795,4.17323256,0,,,,50
43738970,0.5,0.571428597,0.5,0.440037787,0.225641012,0.169230759,0,0,15.9213276,9.53925419,8.38472462,8.3314085,0,13.3238449,9.53925419,4.23319483,0,,,,50
43740096,0.5,0.574468076,0.5,0.440037787,0.217582405,0.161172152,0,0,15.9213276,9.53925419,8.39979362,8.33774185,0,13.3166971,9.53925419,4.23319483,0,,,,50
43741227,0.5,0.553191483,0.5,0.440037787,0.209523797,0.169230759,0,0,15.9213276,9.5960474,8.40883541,8.33351898,0,13.3166971,9.5960474,4.29315662,0,,,,50
43742354,0.5,0.520833313,0.5,0.56997472,0.201465189,0.185347974,0,0,15.9213276,9.5960474,8.40883541,8.33563042,0,13.3238449,9.5960474,4.29315662,0,,,,50
43743490,0.5,0.565217376,0.5,0.56997472,0.209523797,0.161172152,0,0,15.9258718,9.41245174,8.39979362,8.34407616,0,13.3095493,9.41245174,4.2231822,0,,,,50
43744820,0.5,0.581395328,0.5,0.56997472,0.201465189,0.145054936,0,0,15.9258718,9.41245174,8.40280819,8.34407616,0,13.3238449,9.41245174,4.2231822,0,,,,50
43745960,0.5,0.550000012,0.5,0.56997472,0.177289367,0.145054936,0,0,15.9213276,8.72095394,8.43897438,8.34407616,0,13.3095493,8.72095394,4.1532073,0,,,,50
43747087,0.5,0.547619045,0.5,0.56997472,0.185347974,0.153113544,0,0,15.9213276,8.72095394,8.4178772,8.35463333,0,13.3238449,8.72095394,4.1532073,0,,,,50
43748218,0.5,0.590909064,0.5,0.56997472,0.209523797,0.145054936,0,0,15.9258718,7.63713026,8.39075184,8.34829903,0,13.3095493,7.63713026,4.0832324,0,,,,50
43749344,0.5,0.694444418,0.5,0.601465702,0.201465189,0.0886446834,0,0,15.9304171,7.63713026,8.40883541,8.35674477,0,13.3309927,7.63713026,4.0832324,0,,,,50
43750479,0.5,0.641025662,0.5,0.601465702,0.201465189,0.112820506,0,0,15.9258718,6.33301353,8.3304739,8.36307812,0,13.3166971,6.33301353,3.9817667,0,,,,50
43751606,0.5,0.666666687,0.5,0.601465702,0.177289367,0.0886446834,0,0,15.9258718,6.33301353,8.44198895,8.38630295,0,13.3309927,6.33301353,3.9817667,0,,,,50
43752737,0.5,0.708333313,0.5,0.601465702,0.136996329,0.056410253,0,0,15.9349623,4.8859992,8.50226688,8.39686012,0,13.3166971,4.8859992,3.880301,0,,,,50
43753863,0.5,0.800000012,0.5,0.601465702,0.128937721,0.0322344303,0,0,15.9304171,4.8859992,8.4811697,8.40530586,0,13.3309927,4.8859992,3.880301,0,,,,50
43754994,0.5,0.777777791,0.5,0.613818884,0.112820506,0.0322344303,0,0,15.9304171,3.40749979,8.48418331,8.40108299,0,13.3166971,3.40749979,3.77883554,0,,,,50
43756120,0.5,0.8125,0.5,0.613818884,0.104761899,0.0241758227,0,0,15.9349623,3.40749979,8.51432323,8.41375065,0,13.3238449,3.40749979,3.77883554,0,,,,50
43757251,0.5,0.833333313,0.5,0.613818884,0.0805860758,0.0161172152,0,0,15.9304171,1.97466648,8.51130867,8.4074173,0,13.3238449,1.97466648,3.66501665,0,,,,50
43758382,0.5,0.818181813,0.5,0.613818884,0.0725274682,0.0161172152,0,0,15.9304171,1.97466648,8.51130867,8.40952778,0,13.3095493,1.97466648,3.66501665,0,,,,50
43759513,0.5,0.857142866,0.5,0.613818884,0.0483516455,0.00805860758,0,0,15.9349623,0.615284085,8.55953121,8.43275356,0,13.3166971,0.615284085,3.55119777,0,,,,50
43760640,0.5,0.875,0.5,0.613818884,0.056410253,0.00805860758,0,0,15.9349623,0.615284085,8.56254578,8.42219639,0,13.3309927,0.615284085,3.55119777,0,,,,50
43761770,0.5,0.800000012,0.5,0.612217665,0.0322344303,0.00805860758,0,0,15.9304171,-0.636653006,8.55953121,8.42853069,0,13.3238449,-0.636653006,3.43737888,0,,,,50
43762897,0.5,1,0.5,0.612217665,0.0322344303,0,0,0,15.9395075,-0.636653006,8.58967113,8.43275356,0,13.3309927,-0.636653006,3.43737888,0,,,,50
43764028,0.5,1,0.5,0.612217665,0.0322344303,0,0,0,15.9349623,-1.75216663,8.56555939,8.43908691,0,13.3238449,-1.75216663,3.32516146,0,,,,50
43765154,0.5,1,0.5,0.612217665,0.0241758227,0,0,0,15.9349623,-1.75216663,8.52336502,8.43697548,0,13.3309927,-1.75216663,3.32516146,0,,,,50
43766503,0.5,1,0.5,0.612217665,0.0241758227,0,0,0,15.9349623,-2.72155976,8.55048943,8.43697548,0,13.3238449,-2.72155976,3.21294379,0,,,,50
43767629,0.5,1,0.5,0.612217665,0.0241758227,0,0,0,15.9349623,-2.72155976,8.57460117,8.43486404,0,13.3238449,-2.72155976,3.21294379,0,,,,50
43768760,0.5,1,0.5,0.612217665,0.0241758227,0,0,0,15.9349623,-3.55148506,8.54144764,8.42853069,0,13.3166971,-3.55148506,3.10072613,0,,,,50
43769886,0.5,1,0.5,0.612217665,0.0241758227,0,0,0,15.9349623,-3.55148506,8.53542042,8.43486404,0,13.3309927,-3.55148506,3.10072613,0,,,,50
43771017,0.5,1,0.5,0.612217665,0.0483516455,0,0,0,15.9304171,-4.25639153,8.53240585,8.43064213,0,13.3166971,-4.25639153,2.9885087,0,,,,50
43772144,0.5,1,0.5,0.612217665,0.056410253,0,0,0,15.9304171,-4.25639153,8.51130867,8.43275356,0,13.3309927,-4.25639153,2.9885087,0,,,,50
43773275,0.5,1,0.5,0.612217665,0.0644688606,0,0,0,15.9349623,-4.85259295,8.4691143,8.43275356,0,13.3166971,-4.85259295,2.87629104,0,,,,50
43774406,0.5,1,0.5,0.612217665,0.0644688606,0,0,0,15.9304171,-4.85259295,8.4932251,8.43064213,0,13.3309927,-4.85259295,2.87629104,0,,,,50
43775537,0.5,1,0.5,0.612217665,0.0805860758,0,0,0,15.9304171,-5.3564558,8.47815609,8.42430782,0,13.3238449,-5.3564558,2.76407361,0,,,,50
43776663,0.5,0.916666687,0.5,0.612217665,0.0886446834,0.00805860758,0,0,15.9304171,-5.3564558,8.50226688,8.40319443,0,13.3309927,-5.3564558,2.76407361,0,,,,50
43777794,0.5,0.800000012,0.5,0.612217665,0.0967032909,0.0241758227,0,0,15.9395075,-5.78333855,8.48418331,8.39897156,0,13.3238449,-5.78333855,2.65185595,0,,,,50
43778921,0.5,0.823529422,0.5,0.612217665,0.112820506,0.0241758227,0,0,15.9304171,-5.78333855,8.47815609,8.4074173,0,13.3309927,-5.78333855,2.65185595,0,,,,50
43780051,0.5,0.736842096,0.5,0.612217665,0.112820506,0.0402930379,0,0,15.9304171,-6.14703226,8.4811697,8.39686012,0,13.3166971,-6.14703226,2.53963852,0,,,,50
43781183,0.5,0.761904776,0.5,0.616998792,0.128937721,0.0402930379,0,0,15.9349623,-6.14703226,8.47514153,8.39052582,0,13.3309927,-6.14703226,2.53963852,0,,,,50
43782313,0.5,0.805555582,0.5,0.616998792,0.23369962,0.056410253,0,0,15.9349623,-6.46841669,8.27622318,8.37785816,0,13.3095493,-6.46841669,2.42263985,0,,,,50
43783440,0.5,0.709677398,0.5,0.616998792,0.177289367,0.0725274682,0,0,15.9349623,-6.46841669,8.35759926,8.36941242,0,13.3238449,-6.46841669,2.42263985,0,,,,50
43784571,0.5,0.722222209,0.5,0.616998792,0.209523797,0.0805860758,0,0,15.9349623,-6.76753235,8.49925327,8.37785816,0,13.3238449,-6.76753235,2.30564117,0,,,,50
43785706,0.5,0.800000012,0.5,0.616998792,0.128937721,0.0322344303,0,0,15.9349623,-6.76753235,8.50829506,8.40319443,0,13.3238449,-6.76753235,2.30564117,0,,,,50
43787041,0.5,0.909090936,0.5,0.616998792,0.0805860758,0.00805860758,0,0,15.9349623,-7.04862881,8.51130867,8.4074173,0,13.3166971,-7.04862881,2.1886425,0,,,,50
43788168,0.5,0.857142866,0.5,0.600018501,0.0483516455,0.00805860758,0,0,15.9349623,-7.04862881,8.60474014,8.42219639,0,13.3309927,-7.04862881,2.1886425,0,,,,50
43789303,0.5,0.800000012,0.5,0.600018501,0.0644688606,0.0161172152,0,0,15.9304171,-7.27868414,8.46308613,8.40952778,0,13.3309927,-7.27868414,2.088624,0,,,,50
43790430,0.5,0.75,0.5,0.600018501,0.0725274682,0.0241758227,0,0,15.9349623,-7.27868414,8.4932251,8.40319443,0,13.3238449,-7.27868414,2.088624,0,,,,50
43791560,0.5,0.75,0.5,0.600018501,0.0967032909,0.0322344303,0,0,15.9349623,-7.42318296,8.48418331,8.39263725,0,13.3166971,-7.42318296,1.98860574,0,,,,50
43792687,0.5,0.75,0.5,0.600018501,0.0967032909,0.0322344303,0,0,15.9304171,-7.42318296,8.44500256,8.39474869,0,13.3238449,-7.42318296,1.98860574,0,,,,50
43793818,0.5,0.75,0.5,0.600018501,0.120879114,0.0402930379,0,0,15.9349623,-7.49870205,8.47212791,8.39897156,0,13.3309927,-7.49870205,1.88858736,0,,,,50
43794945,0.5,0.809523821,0.5,0.567259908,0.136996329,0.0322344303,0,0,15.9304171,-7.49870205,8.46007252,8.39897156,0,13.3238449,-7.49870205,1.88858736,0,,,,50
43796075,0.5,0.736842096,0.5,0.567259908,0.112820506,0.0402930379,0,0,15.9304171,-7.47652102,8.49623966,8.4074173,0,13.3166971,-7.47652102,1.82132757,0,,,,50
43797207,0.5,0.785714269,0.5,0.567259908,0.0886446834,0.0241758227,0,0,15.9304171,-7.47652102,8.53240585,8.4074173,0,13.3309927,-7.47652102,1.82132757,0,,,,50
43798337,0.5,0.769230783,0.5,0.567259908,0.0805860758,0.0241758227,0,0,15.9349623,-7.30995321,8.52939224,8.39686012,0,13.3166971,-7.30995321,1.75406778,0,,,,50
43799464,0.5,0.666666687,0.5,0.567259908,0.0644688606,0.0322344303,0,0,15.9304171,-7.30995321,8.51130867,8.4074173,0,13.3309927,-7.30995321,1.75406778,0,,,,50
43800595,0.5,0.75,0.5,0.567259908,0.0725274682,0.0241758227,0,0,15.9349623,-7.041152,8.49021149,8.40319443,0,13.3166971,-7.041152,1.68680787,0,,,,50
43801721,0.5,0.733333349,0.5,0.567259908,0.0886446834,0.0322344303,0,0,15.9349623,-7.041152,8.49925327,8.40952778,0,13.3309927,-7.041152,1.68680787,0,,,,50
43802852,0.5,0.666666687,0.5,0.534327388,0.0644688606,0.0322344303,0,0,15.9349623,-6.73595953,8.46308613,8.39897156,0,13.3166971,-6.73595953,1.61954808,0,,,,50
43803978,0.5,0.714285731,0.5,0.534327388,0.0805860758,0.0322344303,0,0,15.9304171,-6.73595953,8.4811697,8.40108299,0,13.3238449,-6.73595953,1.61954808,0,,,,50
43805114,0.5,0.769230783,0.5,0.534327388,0.0805860758,0.0241758227,0,0,15.9349623,-6.37327433,8.49623966,8.39052582,0,13.3166971,-6.37327433,1.58522081,0,,,,50
43806249,0.5,0.818181813,0.5,0.534327388,0.0725274682,0.0161172152,0,0,15.9349623,-6.37327433,8.43897438,8.40319443,0,13.3309927,-6.37327433,1.58522081,0,,,,50
43807380,0.5,0.699999988,0.5,0.534327388,0.056410253,0.0241758227,0,0,15.9349623,-5.90821934,8.46609974,8.40530586,0,13.3166971,-5.90821934,1.55089355,0,,,,50
43808711,0.5,0.75,0.5,0.534327388,0.0483516455,0.0161172152,0,0,15.9349623,-5.90821934,8.55953121,8.41586208,0,13.3309927,-5.90821934,1.55089355,0,,,,50
43809842,0.5,0.777777791,0.5,0.534327388,0.056410253,0.0161172152,0,0,15.9349623,-5.3816638,8.52336502,8.41375065,0,13.3166971,-5.3816638,1.51656628,0,,,,50
43810968,0.5,0.875,0.5,0.498727828,0.056410253,0.00805860758,0,0,15.9349623,-5.3816638,8.53843403,8.42219639,0,13.3309927,-5.3816638,1.51656628,0,,,,50
43812104,0.5,0.75,0.5,0.498727828,0.0483516455,0.0161172152,0,0,15.9349623,-4.79021645,8.5444622,8.41163921,0,13.3166971,-4.79021645,1.51783848,0,,,,50
43813230,0.5,0.857142866,0.5,0.498727828,0.0483516455,0.00805860758,0,0,15.9395075,-4.79021645,8.54144764,8.42008495,0,13.3309927,-4.79021645,1.51783848,0,,,,50
43814361,0.5,1,0.5,0.498727828,0.0483516455,0,0,0,15.9395075,-4.09644556,8.50226688,8.42853069,0,13.3166971,-4.09644556,1.51911068,0,,,,50
43815487,0.5,1,0.5,0.498727828,0.0483516455,0,0,0,15.9349623,-4.09644556,8.53542042,8.42641926,0,13.3309927,-4.09644556,1.51911068,0,,,,50
43816618,0.5,1,0.5,0.498727828,0.0402930379,0,0,0,15.9349623,-3.35036492,8.54144764,8.42430782,0,13.3166971,-3.35036492,1.52038288,0,,,,50
43817744,0.5,1,0.5,0.498727828,0.0322344303,0,0,0,15.9349623,-3.35036492,8.55350399,8.42430782,0,13.3309927,-3.35036492,1.52038288,0,,,,50
43818875,0.5,1,0.5,0.498727828,0.0322344303,0,0,0,15.9349623,-2.62221479,8.53542042,8.42430782,0,13.3166971,-2.62221479,1.52165508,0,,,,50
43820006,0.5,1,0.5,0.498727828,0.0322344303,0,0,0,15.9349623,-2.62221479,8.54747581,8.42641926,0,13.3238449,-2.62221479,1.52165508,0,,,,50
43821138,0.5,1,0.5,0.44661358,0.0161172152,0,0,0,15.9349623,-1.85434186,8.51130867,8.43275356,0,13.3238449,-1.85434186,1.57504165,0,,,,50
43822264,0.5,1,0.5,0.44661358,0.0161172152,0,0,0,15.9395075,-1.85434186,8.5565176,8.43486404,0,13.3309927,-1.85434186,1.57504165,0,,,,50
43823395,0.5,1,0.5,0.44661358,0.0161172152,0,0,0,15.9349623,-0.958454192,8.54747581,8.43275356,0,13.3166971,-0.958454192,1.62842798,0,,,,50
43824521,0.5,1,0.5,0.44661358,0.0161172152,0,0,0,15.9349623,-0.958454192,8.55953121,8.43275356,0,13.3309927,-0.958454192,1.62842798,0,,,,50
43825661,0.5,1,0.5,0.44661358,0.0161172152,0,0,0,15.9440527,0.0129289851,8.568573,8.43275356,0,13.3309927,0.0129289851,1.68181443,0,,,,50
43826788,0.5,1,0.5,0.44661358,0.0241758227,0,0,0,15.9349623,0.0129289851,8.53542042,8.43275356,0,13.3309927,0.0129289851,1.68181443,0,,,,50
43827923,0.5,1,0.5,0.44661358,0.0241758227,0,0,0,15.9395075,0.969018817,8.56555939,8.43064213,0,13.3166971,0.969018817,1.73520088,0,,,,50
43829253,0.5,1,0.5,0.44661358,0.0322344303,0,0,0,15.9349623,0.969018817,8.56555939,8.43064213,0,13.3238449,0.969018817,1.73520088,0,,,,50
43830384,0.5,1,0.5,0.44661358,0.0322344303,0,0,0,15.9349623,1.85886407,8.53240585,8.42430782,0,13.3166971,1.85886407,1.78858733,0,,,,50
43831510,0.5,1,0.5,0.44661358,0.0483516455,0,0,0,15.9349623,1.85886407,8.52336502,8.43064213,0,13.3238449,1.85886407,1.78858733,0,,,,50
43832641,0.5,1,0.5,0.44661358,0.0483516455,0,0,0,15.9304171,2.65727854,8.51733685,8.42853069,0,13.3166971,2.65727854,1.84197366,0,,,,50
43833767,0.5,1,0.5,0.44661358,0.0644688606,0,0,0,15.9349623,2.65727854,8.50528145,8.42853069,0,13.3238449,2.65727854,1.84197366,0,,,,50
43834898,0.5,1,0.5,0.44661358,0.056410253,0,0,0,15.9349623,3.35551858,8.45103073,8.41797352,0,13.3309927,3.35551858,1.89536011,0,,,,50
43836029,0.5,1,0.5,0.44661358,0.0644688606,0,0,0,15.9349623,3.35551858,8.58665657,8.42430782,0,13.3166971,3.35551858,1.89536011,0,,,,50
43837160,0.5,0.875,0.5,0.44661358,0.056410253,0.00805860758,0,0,15.9349623,3.95491004,8.47815609,8.41797352,0,13.3309927,3.95491004,1.94874644,0,,,,50
43838287,0.5,0.909090936,0.5,0.44661358,0.0805860758,0.00805860758,0,0,15.9349623,3.95491004,8.49021149,8.41375065,0,13.3238449,3.95491004,1.94874644,0,,,,50
43839418,0.5,0.909090936,0.5,0.44661358,0.0805860758,0.00805860758,0,0,15.9304171,4.46252394,8.52637863,8.41163921,0,13.3166971,4.46252394,2.00213289,0,,,,50
43840544,0.5,0.818181813,0.5,0.44661358,0.0725274682,0.0161172152,0,0,15.9349623,4.46252394,8.4811697,8.40319443,0,13.3309927,4.46252394,2.00213289,0,,,,50
43841675,0.5,0.800000012,0.5,0.44661358,0.0967032909,0.0241758227,0,0,15.9304171,4.88830709,8.48418331,8.3799696,0,13.3238449,4.88830709,2.0555191,0,,,,50
43842807,0.5,0.800000012,0.5,0.44661358,0.0967032909,0.0241758227,0,0,15.9349623,4.88830709,8.52336502,8.39052582,0,13.3238449,4.88830709,2.0555191,0,,,,50
43843938,0.5,0.800000012,0.5,0.44661358,0.0967032909,0.0241758227,0,0,15.9349623,5.24323893,8.47514153,8.39474869,0,13.3238449,5.24323893,2.10890555,0,,,,50
43845064,0.5,0.8125,0.5,0.44661358,0.104761899,0.0241758227,0,0,15.9349623,5.24323893,8.47815609,8.40108299,0,13.3095493,5.24323893,2.10890555,0,,,,50
43846203,0.5,0.75999999,0.5,0.44661358,0.153113544,0.0483516455,0,0,15.9349623,5.5381937,8.39979362,8.39052582,0,13.3166971,5.5381937,2.162292,0,,,,50
43847330,0.5,0.761904776,0.5,0.44661358,0.128937721,0.0402930379,0,0,15.9349623,5.5381937,8.45103073,8.38630295,0,13.3238449,5.5381937,2.162292,0,,,,50
43848461,0.5,0.791666687,0.5,0.44661358,0.153113544,0.0402930379,0,0,15.9304171,5.78329182,8.47212791,8.39263725,0,13.3095493,5.78329182,2.21567845,0,,,,50
43849792,0.5,0.727272749,0.5,0.44661358,0.128937721,0.0483516455,0,0,15.9304171,5.78329182,8.45404434,8.38630295,0,13.3238449,5.78329182,2.21567845,0,,,,50
43850927,0.5,0.789473712,0.5,0.44661358,0.241758227,0.0644688606,0,0,15.9258718,5.98757124,8.59871292,8.37152386,0,13.3166971,5.98757124,2.26906466,0,,,,50
43852053,0.5,0.6875,0.5,0.44661358,0.177289367,0.0805860758,0,0,15.9258718,5.98757124,8.55048943,8.36307812,0,13.3238449,5.98757124,2.26906466,0,,,,50
43853185,0.5,0.606060624,0.5,0.44661358,0.161172152,0.104761899,0,0,15.9304171,6.1588645,8.43897438,8.36096668,0,13.3238449,6.1588645,2.32245111,0,,,,50
43854311,0.5,0.558139563,0.5,0.44661358,0.193406582,0.153113544,0,0,15.9213276,6.1588645,8.4178772,8.32929707,0,13.3238449,6.1588645,2.32245111,0,,,,50
43855442,0.5,0.565217376,0.5,0.44661358,0.209523797,0.161172152,0,0,15.9213276,6.30380821,8.39075184,8.32929707,0,13.3166971,6.30380821,2.37583733,0,,,,50
43856568,0.5,0.545454562,0.5,0.44661358,0.193406582,0.161172152,0,0,15.9258718,6.30380821,8.41184998,8.33985329,0,13.3238449,6.30380821,2.37583733,0,,,,50
43857699,0.5,0.6875,0.5,0.44661358,0.177289367,0.0805860758,0,0,15.9395075,6.42791939,8.41486359,8.37363529,0,13.3166971,6.42791939,2.42922378,0,,,,50
43858830,0.5,0.628571451,0.5,0.44661358,0.177289367,0.104761899,0,0,15.9304171,6.42791939,8.59268475,8.37574673,0,13.3238449,6.42791939,2.42922378,0,,,,50
43859961,0.5,0.720000029,0.5,0.44661358,0.145054936,0.056410253,0,0,15.9349623,6.53571749,8.4691143,8.39474869,0,13.3166971,6.53571749,2.48261023,0,,,,50
43861088,0.5,0.666666687,0.5,0.44661358,0.128937721,0.0644688606,0,0,15.9304171,6.53571749,8.47815609,8.39263725,0,13.3238449,6.53571749,2.48261023,0,,,,50
43862218,0.5,0.761904776,0.5,0.44661358,0.128937721,0.0402930379,0,0,15.9258718,6.63085365,8.4691143,8.39052582,0,13.3166971,6.63085365,2.53599644,0,,,,50
43863345,0.5,0.75,0.5,0.44661358,0.145054936,0.0483516455,0,0,15.9304171,6.63085365,8.45404434,8.37574673,0,13.3309927,6.63085365,2.53599644,0,,,,50
43864476,0.5,0.739130437,0.5,0.44661358,0.136996329,0.0483516455,0,0,15.9349623,6.71624374,8.46007252,8.40530586,0,13.3166971,6.71624374,2.58938289,0,,,,50
43865612,0.5,0.703703701,0.5,0.44661358,0.153113544,0.0644688606,0,0,15.9304171,6.71624374,8.54747581,8.38419151,0,13.3238449,6.71624374,2.58938289,0,,,,50
43866747,0.5,0.666666687,0.5,0.44661358,0.128937721,0.0644688606,0,0,15.9395075,6.79419088,8.37568283,8.3799696,0,13.3166971,6.79419088,2.64276934,0,,,,50
43867874,0.5,0.639999986,0.5,0.44661358,0.128937721,0.0725274682,0,0,15.9304171,6.79419088,8.58364296,8.37785816,0,13.3238449,6.79419088,2.64276934,0,,,,50
43869004,0.5,0.740740716,0.5,0.44661358,0.161172152,0.056410253,0,0,15.9349623,6.86649752,8.52035046,8.38208103,0,13.3166971,6.86649752,2.69615555,0,,,,50
43870131,0.5,0.708333313,0.5,0.44661358,0.136996329,0.056410253,0,0,15.9304171,6.86649752,8.43897438,8.39263725,0,13.3238449,6.86649752,2.69615555,0,,,,50
43871465,0.5,0.708333313,0.5,0.44661358,0.136996329,0.056410253,0,0,15.9349623,6.93455887,8.46308613,8.38630295,0,13.3166971,6.93455887,2.749542,0,,,,50
43872592,0.5,0.720000029,0.5,0.44661358,0.145054936,0.056410253,0,0,15.9304171,6.93455887,8.46609974,8.39263725,0,13.3309927,6.93455887,2.749542,0,,,,50
43873727,0.5,0.818181813,0.5,0.44661358,0.145054936,0.0322344303,0,0,15.9349623,6.9994483,8.4691143,8.40530586,0,13.3166971,6.9994483,2.80292845,0,,,,50
43874854,0.5,0.782608688,0.5,0.44661358,0.145054936,0.0402930379,0,0,15.9304171,6.9994483,8.43897438,8.40108299,0,13.3238449,6.9994483,2.80292845,0,,,,50
43875984,0.5,0.720000029,0.5,0.44661358,0.145054936,0.056410253,0,0,15.9349623,7.06198168,8.4691143,8.39474869,0,13.3166971,7.06198168,2.85631466,0,,,,50
43877111,0.5,0.708333313,0.5,0.44661358,0.136996329,0.056410253,0,0,15.9349623,7.06198168,8.44801617,8.37574673,0,13.3309927,7.06198168,2.85631466,0,,,,50
43878241,0.5,0.708333313,0.5,0.44661358,0.136996329,0.056410253,0,0,15.9304171,7.12277365,8.37568283,8.37785816,0,13.3166971,7.12277365,2.90970111,0,,,,50
43879368,0.5,0.75,0.5,0.44661358,0.145054936,0.0483516455,0,0,15.9304171,7.12277365,8.59569836,8.38630295,0,13.3166971,7.12277365,2.90970111,0,,,,50
43880498,0.5,0.735294104,0.5,0.44661358,0.201465189,0.0725274682,0,0,15.9258718,7.18228531,8.40280819,8.3799696,0,13.3166971,7.18228531,2.96308756,0,,,,50
43881629,0.5,0.592592597,0.5,0.44661358,0.128937721,0.0886446834,0,0,15.9304171,7.18228531,8.49021149,8.38208103,0,13.3309927,7.18228531,2.96308756,0,,,,50
43882760,0.5,0.689655185,0.5,0.44661358,0.161172152,0.0725274682,0,0,15.9258718,7.2408576,8.42089176,8.38630295,0,13.3166971,7.2408576,3.01647377,0,,,,50
43883886,0.5,0.703703701,0.5,0.44661358,0.153113544,0.0644688606,0,0,15.9258718,7.2408576,8.49021149,8.38208103,0,13.3238449,7.2408576,3.01647377,0,,,,50
43885017,0.5,0.758620679,0.5,0.44661358,0.177289367,0.056410253,0,0,15.9395075,7.29873991,8.42993259,8.39052582,0,13.3238449,7.29873991,3.06986022,0,,,,50
43886153,0.5,0.75,0.5,0.44661358,0.145054936,0.0483516455,0,0,15.9258718,7.29873991,8.32143211,8.39263725,0,13.3309927,7.29873991,3.06986022,0,,,,50
43887283,0.5,0.75,0.5,0.44661358,0.145054936,0.0483516455,0,0,15.9258718,7.35611343,8.46609974,8.40952778,0,13.3238449,7.35611343,3.12324643,0,,,,50
43888410,0.5,0.75,0.5,0.44661358,0.120879114,0.0402930379,0,0,15.9349623,7.35611343,8.58967113,8.37574673,0,13.3238449,7.35611343,3.12324643,0,,,,50
43889545,0.5,0.791666687,0.5,0.44661358,0.153113544,0.0402930379,0,0,15.9258718,7.41310883,8.59569836,8.38841438,0,13.3166971,7.41310883,3.17663288,0,,,,50
43890672,0.5,0.709677398,0.5,0.44661358,0.177289367,0.0725274682,0,0,15.9349623,7.41310883,8.3937664,8.3799696,0,13.3238449,7.41310883,3.17663288,0,,,,50
43892007,0.5,0.742857158,0.5,0.44661358,0.209523797,0.0725274682,0,0,15.9304171,7.46981812,8.45705795,8.37574673,0,13.3238449,7.46981812,3.23001933,0,,,,50
43893133,0.5,0.75,0.5,0.44661358,0.169230759,0.056410253,0,0,15.9258718,7.46981812,8.5565176,8.37785816,0,13.3238449,7.46981812,3.23001933,0,,,,50
43894264,0.5,0.733333349,0.5,0.44661358,0.177289367,0.0644688606,0,0,15.9349623,7.52630472,8.38773823,8.37574673,0,13.3095493,7.52630472,3.28340554,0,,,,50
43895391,0.5,0.642857134,0.5,0.44661358,0.145054936,0.0805860758,0,0,15.9304171,7.52630472,8.42691898,8.3799696,0,13.3309927,7.52630472,3.28340554,0,,,,50
43896527,0.5,0.729729712,0.5,0.44661358,0.217582405,0.0805860758,0,0,15.9258718,7.58261347,8.35157108,8.38208103,0,13.3166971,7.58261347,3.33679199,0,,,,50
43897653,0.5,0.636363626,0.5,0.44661358,0.112820506,0.0644688606,0,0,15.9304171,7.58261347,8.30636215,8.38208103,0,13.3238449,7.58261347,3.33679199,0,,,,50
43898784,0.5,0.608695626,0.5,0.44661358,0.112820506,0.0725274682,0,0,15.9304171,7.63877344,8.26416779,8.37785816,0,13.3166971,7.63877344,3.39017844,0,,,,50
43899910,0.5,0.771428585,0.5,0.44661358,0.217582405,0.0644688606,0,0,15.9304171,7.63877344,8.59569836,8.3799696,0,13.3238449,7.63877344,3.39017844,0,,,,50
43901041,0.5,0.681818187,0.5,0.47404772,0.120879114,0.056410253,0,0,15.9395075,7.69480371,8.51432323,8.37785816,0,13.3166971,7.69480371,3.44356465,0,,,,50
43902167,0.5,0.736842096,0.5,0.47404772,0.225641012,0.0805860758,0,0,15.9349623,7.69480371,8.62282372,8.37574673,0,13.3238449,7.69480371,3.44356465,0,,,,50
43903298,0.5,0.722222209,0.5,0.47404772,0.209523797,0.0805860758,0,0,15.9349623,7.69979239,8.49623966,8.37152386,0,13.3095493,7.69979239,3.46951699,0,,,,50
43904429,0.5,0.639999986,0.5,0.47404772,0.128937721,0.0725274682,0,0,15.9349623,7.69979239,8.54144764,8.37152386,0,13.3166971,7.69979239,3.46951699,0,,,,50
43905560,0.5,0.657142878,0.5,0.47404772,0.185347974,0.0967032909,0,0,15.9349623,7.59730434,8.35759926,8.36941242,0,13.3166971,7.59730434,3.49546909,0,,,,50
43906695,0.5,0.519999981,0.5,0.47404772,0.104761899,0.0967032909,0,0,15.9258718,7.59730434,8.28526497,8.37152386,0,13.3238449,7.59730434,3.49546909,0,,,,50
43907826,0.5,0.580645144,0.5,0.47404772,0.145054936,0.104761899,0,0,15.9349623,7.41177797,8.61378193,8.36941242,0,13.3166971,7.41177797,3.52142143,0,,,,50
43908953,0.5,0.666666687,0.5,0.486563742,0.161172152,0.0805860758,0,0,15.9349623,7.41177797,8.37266827,8.38419151,0,13.3238449,7.41177797,3.52142143,0,,,,50
43910083,0.5,0.79411763,0.5,0.486563742,0.217582405,0.056410253,0,0,15.9304171,7.16867304,8.53843403,8.37785816,0,13.3166971,7.16867304,3.53485775,0,,,,50
43911210,0.5,0.714285731,0.5,0.486563742,0.161172152,0.0644688606,0,0,15.9349623,7.16867304,8.38773823,8.38841438,0,13.3238449,7.16867304,3.53485775,0,,,,50
43912345,0.5,0.75999999,0.5,0.486563742,0.153113544,0.0483516455,0,0,15.9304171,6.87228107,8.47212791,8.38630295,0,13.3166971,6.87228107,3.54829383,0,,,,50
43913676,0.5,0.769230783,0.5,0.486563742,0.161172152,0.0483516455,0,0,15.9304171,6.87228107,8.50226688,8.36518955,0,13.3309927,6.87228107,3.54829383,0,,,,50
43914806,0.5,0.785714269,0.5,0.486563742,0.177289367,0.0483516455,0,0,15.9258718,6.55136871,8.4178772,8.39686012,0,13.3166971,6.55136871,3.56173015,0,,,,50
43915933,0.5,0.720000029,0.5,0.486563742,0.145054936,0.056410253,0,0,15.9349623,6.55136871,8.46609974,8.39263725,0,13.3238449,6.55136871,3.56173015,0,,,,50
43917063,0.5,0.714285731,0.5,0.486563742,0.161172152,0.0644688606,0,0,15.9304171,6.23749208,8.46308613,8.39686012,0,13.3166971,6.23749208,3.57516623,0,,,,50
43918190,0.5,0.695652187,0.5,0.486563742,0.128937721,0.056410253,0,0,15.9349623,6.23749208,8.44500256,8.39263725,0,13.3309927,6.23749208,3.57516623,0,,,,50
43919321,0.5,0.782608688,0.5,0.486563742,0.145054936,0.0402930379,0,0,15.9304171,5.94831848,8.45103073,8.39474869,0,13.3309927,5.94831848,3.58860254,0,,,,50
43920452,0.5,0.772727251,0.5,0.486563742,0.136996329,0.0402930379,0,0,15.9349623,5.94831848,8.47212791,8.40530586,0,13.3309927,5.94831848,3.58860254,0,,,,50
43921583,0.5,0.842105269,0.5,0.486563742,0.128937721,0.0241758227,0,0,15.9304171,5.69247818,8.47212791,8.40952778,0,13.3309927,5.69247818,3.60203886,0,,,,50
43922709,0.5,0.789473712,0.5,0.486563742,0.120879114,0.0322344303,0,0,15.9349623,5.69247818,8.45404434,8.41586208,0,13.3309927,5.69247818,3.60203886,0,,,,50
43923840,0.5,0.777777791,0.5,0.486563742,0.112820506,0.0322344303,0,0,15.9349623,5.47283602,8.46609974,8.40530586,0,13.3166971,5.47283602,3.61547494,0,,,,50
43924966,0.5,0.833333313,0.5,0.486563742,0.120879114,0.0241758227,0,0,15.9304171,5.47283602,8.45103073,8.40319443,0,13.3309927,5.47283602,3.61547494,0,,,,50
43926107,0.5,0.789473712,0.5,0.486563742,0.120879114,0.0322344303,0,0,15.9349623,5.28873968,8.46609974,8.40108299,0,13.3309927,5.28873968,3.62891126,0,,,,50
43927238,0.5,0.833333313,0.5,0.486563742,0.120879114,0.0241758227,0,0,15.9304171,5.28873968,8.47514153,8.40952778,0,13.3309927,5.28873968,3.62891126,0,,,,50
43928369,0.5,0.789473712,0.5,0.486563742,0.120879114,0.0322344303,0,0,15.9349623,5.13754082,8.48418331,8.40319443,0,13.3309927,5.13754082,3.64234757,0,,,,50
43929496,0.5,0.823529422,0.5,0.486563742,0.112820506,0.0241758227,0,0,15.9349623,5.13754082,8.4691143,8.42219639,0,13.3238449,5.13754082,3.64234757,0,,,,50
43930626,0.5,0.8125,0.5,0.486563742,0.104761899,0.0241758227,0,0,15.9349623,5.01560354,8.47514153,8.40108299,0,13.3166971,5.01560354,3.65578365,0,,,,50
43931753,0.5,0.8125,0.5,0.486563742,0.104761899,0.0241758227,0,0,15.9349623,5.01560354,8.52939224,8.40530586,0,13.3238449,5.01560354,3.65578365,0,,,,50
43932884,0.5,0.800000012,0.5,0.486563742,0.0967032909,0.0241758227,0,0,15.9304171,4.91895342,8.53542042,8.40952778,0,13.3238449,4.91895342,3.66921997,0,,,,50
43934215,0.5,0.800000012,0.5,0.486563742,0.0967032909,0.0241758227,0,0,15.9349623,4.91895342,8.48719788,8.41797352,0,13.3238449,4.91895342,3.66921997,0,,,,50
43935350,0.5,0.75,0.5,0.486563742,0.0967032909,0.0322344303,0,0,15.9304171,4.84367132,8.50829506,8.40319443,0,13.3166971,4.84367132,3.68265629,0,,,,50
43936477,0.5,0.714285731,0.5,0.486563742,0.0805860758,0.0322344303,0,0,15.9349623,4.84367132,8.46007252,8.4074173,0,13.3309927,4.84367132,3.68265629,0,,,,50
43937608,0.5,0.866666675,0.5,0.486563742,0.104761899,0.0161172152,0,0,15.9304171,4.78612375,8.47815609,8.40108299,0,13.3166971,4.78612375,3.69609237,0,,,,50
43938734,0.5,0.75,0.5,0.486563742,0.0967032909,0.0322344303,0,0,15.9304171,4.78612375,8.50829506,8.40319443,0,13.3238449,4.78612375,3.69609237,0,,,,50
43939865,0.5,0.777777791,0.5,0.486563742,0.112820506,0.0322344303,0,0,15.9304171,4.74307108,8.48418331,8.40530586,0,13.3166971,4.74307108,3.70952868,0,,,,50
43940991,0.5,0.8125,0.5,0.486563742,0.104761899,0.0241758227,0,0,15.9304171,4.74307108,8.47815609,8.4074173,0,13.3238449,4.74307108,3.70952868,0,,,,50
43942122,0.5,0.733333349,0.5,0.486563742,0.0886446834,0.0322344303,0,0,15.9304171,4.71171141,8.49021149,8.40108299,0,13.3238449,4.71171141,3.722965,0,,,,50
43943253,0.5,0.714285731,0.5,0.486563742,0.0805860758,0.0322344303,0,0,15.9304171,4.71171141,8.52637863,8.38419151,0,13.3238449,4.71171141,3.722965,0,,,,50
43944385,0.5,0.800000012,0.5,0.486563742,0.0967032909,0.0241758227,0,0,15.9304171,4.68967342,8.49623966,8.38630295,0,13.3238449,4.68967342,3.73640108,0,,,,50
43945511,0.5,0.733333349,0.5,0.486563742,0.0886446834,0.0322344303,0,0,15.9349623,4.68967342,8.47514153,8.39686012,0,13.3238449,4.68967342,3.73640108,0,,,,50
43946651,0.5,0.8125,0.5,0.486563742,0.104761899,0.0241758227,0,0,15.9258718,4.67498779,8.49021149,8.39263725,0,13.3166971,4.67498779,3.7498374,0,,,,50
43947777,0.5,0.764705896,0.5,0.486563742,0.104761899,0.0322344303,0,0,15.9304171,4.67498779,8.47815609,8.42008495,0,13.3309927,4.67498779,3.7498374,0,,,,50
43948908,0.5,0.789473712,0.5,0.486563742,0.120879114,0.0322344303,0,0,15.9258718,4.66604376,8.47815609,8.39474869,0,13.3238449,4.66604376,3.76327372,0,,,,50
43950035,0.5,0.777777791,0.5,0.486563742,0.112820506,0.0322344303,0,0,15.9304171,4.66604376,8.46609974,8.4074173,0,13.3166971,4.66604376,3.76327372,0,,,,50
43951170,0.5,0.764705896,0.5,0.486563742,0.104761899,0.0322344303,0,0,15.9304171,4.66153955,8.4932251,8.39897156,0,13.3238449,4.66153955,3.77671003,0,,,,50
43952297,0.5,0.75,0.5,0.486563742,0.0967032909,0.0322344303,0,0,15.9304171,4.66153955,8.50226688,8.39897156,0,13.3309927,4.66153955,3.77671003,0,,,,50
43953427,0.5,0.764705896,0.5,0.486563742,0.104761899,0.0322344303,0,0,15.9304171,4.66043758,8.48719788,8.40319443,0,13.3166971,4.66043758,3.79014611,0,,,,50
43954554,0.5,0.823529422,0.5,0.486563742,0.112820506,0.0241758227,0,0,15.9304171,4.66043758,8.47514153,8.40530586,0,13.3309927,4.66043758,3.79014611,0,,,,50
43955888,0.5,0.777777791,0.5,0.486563742,0.112820506,0.0322344303,0,0,15.9349623,4.66191816,8.49021149,8.39897156,0,13.3166971,4.66191816,3.80358243,0,,,,50
43957015,0.5,0.857142866,0.5,0.486563742,0.0967032909,0.0161172152,0,0,15.9349623,4.66191816,8.4932251,8.40108299,0,13.3238449,4.66191816,3.80358243,0,,,,50
43958150,0.5,0.75,0.5,0.486563742,0.0967032909,0.0322344303,0,0,15.9349623,4.66534042,8.4811697,8.39686012,0,13.3238449,4.66534042,3.81701875,0,,,,50
43959277,0.5,0.75,0.5,0.486563742,0.0967032909,0.0322344303,0,0,15.9395075,4.66534042,8.50829506,8.41163921,0,13.3309927,4.66534042,3.81701875,0,,,,50
43960408,0.5,0.733333349,0.5,0.486563742,0.0886446834,0.0322344303,0,0,15.9349623,4.67020893,8.50829506,8.4074173,0,13.3166971,4.67020893,3.83045483,0,,,,50
43961534,0.5,0.8125,0.5,0.486563742,0.104761899,0.0241758227,0,0,15.9304171,4.67020893,8.52035046,8.40108299,0,13.3309927,4.67020893,3.83045483,0,,,,50
43962665,0.5,0.75,0.5,0.486563742,0.0967032909,0.0322344303,0,0,15.9349623,4.67614222,8.46007252,8.40319443,0,13.3166971,4.67614222,3.84389114,0,,,,50
43963791,0.5,0.8125,0.5,0.529575586,0.104761899,0.0241758227,0,0,15.9349623,4.67614222,8.50226688,8.41375065,0,13.3238449,4.67614222,3.84389114,0,,,,50
43964923,0.5,0.75,0.5,0.529575586,0.0967032909,0.0322344303,0,0,15.9349623,4.60301113,8.49623966,8.39686012,0,13.3166971,4.60301113,3.81431556,0,,,,50
43966063,0.5,0.733333349,0.5,0.529575586,0.0886446834,0.0322344303,0,0,15.9349623,4.60301113,8.44801617,8.40319443,0,13.3095493,4.60301113,3.81431556,0,,,,50
43967194,0.5,0.764705896,0.5,0.529575586,0.104761899,0.0322344303,0,0,15.9349623,4.36210632,8.48719788,8.41375065,0,13.3166971,4.36210632,3.78473997,0,,,,50
43968320,0.5,0.764705896,0.5,0.529575586,0.104761899,0.0322344303,0,0,15.9349623,4.36210632,8.48418331,8.40319443,0,13.3309927,4.36210632,3.78473997,0,,,,50
43969451,0.5,0.769230783,0.5,0.529575586,0.0805860758,0.0241758227,0,0,15.9349623,3.99157333,8.52035046,8.39474869,0,13.3166971,3.99157333,3.75516438,0,,,,50
43970578,0.5,0.75,0.5,0.529610753,0.0725274682,0.0241758227,0,0,15.9304171,3.99157333,8.4811697,8.4074173,0,13.3309927,3.99157333,3.75516438,0,,,,50
43971709,0.5,0.818181813,0.5,0.529610753,0.0725274682,0.0161172152,0,0,15.9395075,3.56756425,8.51130867,8.41375065,0,13.3166971,3.56756425,3.72555375,0,,,,50
43972835,0.5,0.846153855,0.5,0.529610753,0.0886446834,0.0161172152,0,0,15.9304171,3.56756425,8.50226688,8.40952778,0,13.3309927,3.56756425,3.72555375,0,,,,50
43973971,0.5,0.833333313,0.5,0.529610753,0.0805860758,0.0161172152,0,0,15.9349623,3.13701868,8.50226688,8.40108299,0,13.3238449,3.13701868,3.69594288,0,,,,50
43975098,0.5,0.769230783,0.5,0.529610753,0.0805860758,0.0241758227,0,0,15.9349623,3.13701868,8.4811697,8.40530586,0,13.3238449,3.13701868,3.69594288,0,,,,50
43976433,0.5,0.800000012,0.5,0.529610753,0.0644688606,0.0161172152,0,0,15.9395075,2.72752643,8.5565176,8.41586208,0,13.3166971,2.72752643,3.66633224,0,,,,50
43977560,0.5,0.857142866,0.5,0.540406704,0.0483516455,0.00805860758,0,0,15.9349623,2.72752643,8.50528145,8.40530586,0,13.3309927,2.72752643,3.66633224,0,,,,50
43978690,0.5,0.875,0.5,0.540406704,0.056410253,0.00805860758,0,0,15.9349623,2.33371449,8.46609974,8.41586208,0,13.3166971,2.33371449,3.62592554,0,,,,50
43979817,0.5,1,0.5,0.540406704,0.0483516455,0,0,0,15.9349623,2.33371449,8.52939224,8.42008495,0,13.3309927,2.33371449,3.62592554,0,,,,50
43980948,0.5,1,0.5,0.540406704,0.0402930379,0,0,0,15.9395075,1.93958962,8.5444622,8.42008495,0,13.3166971,1.93958962,3.58551884,0,,,,50
43982079,0.5,0.857142866,0.5,0.540406704,0.0483516455,0.00805860758,0,0,15.9349623,1.93958962,8.51130867,8.42430782,0,13.3024006,1.93958962,3.58551884,0,,,,50
43983210,0.5,1,0.5,0.540406704,0.056410253,0,0,0,15.9304171,1.55569708,8.52637863,8.41797352,0,13.3238449,1.55569708,3.54511213,0,,,,50
43984337,0.5,1,0.5,0.540406704,0.056410253,0,0,0,15.9304171,1.55569708,8.53542042,8.42641926,0,13.3309927,1.55569708,3.54511213,0,,,,50
43985467,0.5,1,0.5,0.540406704,0.0483516455,0,0,0,15.9349623,1.19900501,8.51733685,8.43275356,0,13.3166971,1.19900501,3.50470543,0,,,,50
43986603,0.5,1,0.5,0.540406704,0.056410253,0,0,0,15.9349623,1.19900501,8.50829506,8.42853069,0,13.3238449,1.19900501,3.50470543,0,,,,50
43987734,0.5,1,0.5,0.540406704,0.0402930379,0,0,0,15.9349623,0.87747407,8.52336502,8.42853069,0,13.3166971,0.87747407,3.46429873,0,,,,50
43988865,0.5,1,0.5,0.540406704,0.0483516455,0,0,0,15.9349623,0.87747407,8.55350399,8.43275356,0,13.3309927,0.87747407,3.46429873,0,,,,50
43989996,0.5,1,0.5,0.540406704,0.0483516455,0,0,0,15.9349623,0.59345603,8.55350399,8.43064213,0,13.3166971,0.59345603,3.42389202,0,,,,50
43991123,0.5,1,0.5,0.540406704,0.0483516455,0,0,0,15.9349623,0.59345603,8.53843403,8.42853069,0,13.3238449,0.59345603,3.42389202,0,,,,50
43992254,0.5,1,0.5,0.540406704,0.0322344303,0,0,0,15.9349623,0.345922112,8.55350399,8.43275356,0,13.3166971,0.345922112,3.38348532,0,,,,50
43993380,0.5,1,0.5,0.540406704,0.0402930379,0,0,0,15.9349623,0.345922112,8.5444622,8.43064213,0,13.3309927,0.345922112,3.38348532,0,,,,50
43994511,0.5,1,0.5,0.540406704,0.0402930379,0,0,0,15.9349623,0.131953672,8.55953121,8.43275356,0,13.3166971,0.131953672,3.34307885,0,,,,50
43995638,0.5,1,0.5,0.540406704,0.0402930379,0,0,0,15.9304171,0.131953672,8.55953121,8.43064213,0,13.3238449,0.131953672,3.34307885,0,,,,50
43996978,0.5,1,0.5,0.540406704,0.0402930379,0,0,0,15.9304171,-0.0522756316,8.52939224,8.42219639,0,13.3309927,-0.0522756316,3.30267215,0,,,,50
43998105,0.5,1,0.5,0.540406704,0.0402930379,0,0,0,15.9349623,-0.0522756316,8.51733685,8.43275356,0,13.3309927,-0.0522756316,3.30267215,0,,,,50
43999236,0.5,1,0.5,0.540406704,0.0483516455,0,0,0,15.9304171,-0.210873723,8.55953121,8.43064213,0,13.3309927,-0.210873723,3.26226544,0,,,,50
44000362,0.5,1,0.5,0.540406704,0.0402930379,0,0,0,15.9349623,-0.210873723,8.55048943,8.43064213,0,13.3309927,-0.210873723,3.26226544,0,,,,50
44001493,0.5,1,0.5,0.540406704,0.0322344303,0,0,0,15.9349623,-0.347849369,8.58967113,8.43064213,0,13.3238449,-0.347849369,3.22185874,0,,,,50
44002619,0.5,1,0.5,0.540406704,0.0241758227,0,0,0,15.9349623,-0.347849369,8.53240585,8.43064213,0,13.3309927,-0.347849369,3.22185874,0,,,,50
44003750,0.5,1,0.5,0.540406704,0.0322344303,0,0,0,15.9349623,-0.466897905,8.57158756,8.43064213,0,13.3166971,-0.466897905,3.18145204,0,,,,50
44004881,0.5,1,0.5,0.540406704,0.0402930379,0,0,0,15.9349623,-0.466897905,8.55048943,8.43064213,0,13.3309927,-0.466897905,3.18145204,0,,,,50
44006021,0.5,1,0.5,0.540406704,0.0322344303,0,0,0,15.9349623,-0.571297288,8.57460117,8.43064213,0,13.3166971,-0.571297288,3.14104533,0,,,,50
44007148,0.5,1,0.5,0.540406704,0.0322344303,0,0,0,15.9395075,-0.571297288,8.54747581,8.42853069,0,13.3309927,-0.571297288,3.14104533,0,,,,50
44008279,0.5,1,0.5,0.540406704,0.0322344303,0,0,0,15.9349623,-0.663874507,8.53542042,8.43064213,0,13.3166971,-0.663874507,3.10063887,0,,,,50
44009405,0.5,1,0.5,0.540406704,0.0322344303,0,0,0,15.9349623,-0.663874507,8.53542042,8.42853069,0,13.3309927,-0.663874507,3.10063887,0,,,,50
44010536,0.5,1,0.5,0.540406704,0.0241758227,0,0,0,15.9395075,-0.747014701,8.53843403,8.43064213,0,13.3238449,-0.747014701,3.06023216,0,,,,50
44011663,0.5,1,0.5,0.540406704,0.0241758227,0,0,0,15.9349623,-0.747014701,8.57761478,8.43064213,0,13.3309927,-0.747014701,3.06023216,0,,,,50
44012799,0.5,1,0.5,0.540406704,0.0322344303,0,0,0,15.9349623,-0.822694898,8.55048943,8.42853069,0,13.3309927,-0.822694898,3.01982546,0,,,,50
44013926,0.5,0.800000012,0.5,0.540406704,0.0322344303,0.00805860758,0,0,15.9304171,-0.822694898,8.53240585,8.42641926,0,13.3238449,-0.822694898,3.01982546,0,,,,50
44015056,0.5,1,0.5,0.540406704,0.0322344303,0,0,0,15.9349623,-0.892529547,8.5444622,8.43064213,0,13.3238449,-0.892529547,2.97941875,0,,,,50
44016183,0.5,1,0.5,0.540406704,0.0241758227,0,0,0,15.9349623,-0.892529547,8.55048943,8.42853069,0,13.3309927,-0.892529547,2.97941875,0,,,,50
44017314,0.5,1,0.5,0.540406704,0.0322344303,0,0,0,15.9349623,-0.957820058,8.56254578,8.43064213,0,13.3166971,-0.957820058,2.93901205,0,,,,50
44018645,0.5,1,0.5,0.540406704,0.0241758227,0,0,0,15.9349623,-0.957820058,8.55350399,8.42853069,0,13.3309927,-0.957820058,2.93901205,0,,,,50
44019781,0.5,1,0.5,0.540406704,0.0322344303,0,0,0,15.9349623,-1.01960337,8.53240585,8.42641926,0,13.3238449,-1.01960337,2.89860559,0,,,,50
44020907,0.5,1,0.5,0.540406704,0.0322344303,0,0,0,15.9349623,-1.01960337,8.45404434,8.42853069,0,13.3238449,-1.01960337,2.89860559,0,,,,50
44022038,0.5,1,0.5,0.540406704,0.0322344303,0,0,0,15.9395075,-1.07869697,8.53240585,8.43064213,0,13.3166971,-1.07869697,2.85819888,0,,,,50
44023165,0.5,1,0.5,0.540406704,0.0402930379,0,0,0,15.9395075,-1.07869697,8.52939224,8.42853069,0,13.3309927,-1.07869697,2.85819888,0,,,,50
44024295,0.5,1,0.5,0.540406704,0.0241758227,0,0,0,15.9349623,-1.13573909,8.54747581,8.42853069,0,13.3238449,-1.13573909,2.81779218,0,,,,50
44025422,0.5,1,0.5,0.540406704,0.0322344303,0,0,0,15.9349623,-1.13573909,8.54144764,8.42853069,0,13.3238449,-1.13573909,2.81779218,0,,,,50
44026562,0.5,1,0.5,0.540406704,0.0322344303,0,0,0,15.9349623,-1.19122386,8.57158756,8.42853069,0,13.3309927,-1.19122386,2.77738547,0,,,,50
44027693,0.5,1,0.5,0.540406704,0.0322344303,0,0,0,15.9349623,-1.19122386,8.5565176,8.42853069,0,13.3309927,-1.19122386,2.77738547,0,,,,50
44028824,0.5,1,0.5,0.540406704,0.0322344303,0,0,0,15.9349623,-1.24552941,8.54747581,8.42853069,0,13.3309927,-1.24552941,2.73697877,0,,,,50
44029951,0.5,1,0.5,0.540406704,0.0241758227,0,0,0,15.9349623,-1.24552941,8.56555939,8.42853069,0,13.3309927,-1.24552941,2.73697877,0,,,,50
44031081,0.5,1,0.5,0.540406704,0.0322344303,0,0,0,15.9395075,-1.29894364,8.53843403,8.42853069,0,13.3024006,-1.29894364,2.69657207,0,,,,50
44032208,0.5,1,0.5,0.540406704,0.0241758227,0,0,0,15.9349623,-1.29894364,8.53542042,8.42641926,0,13.3309927,-1.29894364,2.69657207,0,,,,50
44033339,0.5,1,0.5,0.540406704,0.0161172152,0,0,0,15.9395075,-1.3516829,8.51130867,8.42853069,0,13.3309927,-1.3516829,2.6561656,0,,,,50
44034466,0.5,1,0.5,0.540406704,0.0241758227,0,0,0,15.9349623,-1.3516829,8.5444622,8.42853069,0,13.3381405,-1.3516829,2.6561656,0,,,,50
44035601,0.5,1,0.5,0.540406704,0.0241758227,0,0,0,15.9349623,-1.40390921,8.57158756,8.42853069,0,13.3238449,-1.40390921,2.6157589,0,,,,50
44036728,0.5,1,0.5,0.540406704,0.0161172152,0,0,0,15.9349623,-1.40390921,8.55953121,8.42641926,0,13.3381405,-1.40390921,2.6157589,0,,,,50
44037859,0.5,1,0.5,0.540406704,0.0161172152,0,0,0,15.9349623,-1.45574176,8.58062935,8.42641926,0,13.3166971,-1.45574176,2.57535219,0,,,,50
44039189,0.5,1,0.5,0.540406704,0.0241758227,0,0,0,15.9349623,-1.45574176,8.5444622,8.42853069,0,13.3309927,-1.45574176,2.57535219,0,,,,50
44040320,0.5,1,0.5,0.540406704,0.0241758227,0,0,0,15.9395075,-1.50726843,8.54747581,8.42853069,0,13.3166971,-1.50726843,2.53494549,0,,,,50
44041446,0.5,1,0.5,0.540406704,0.0241758227,0,0,0,15.9349623,-1.50726843,8.53843403,8.42853069,0,13.3309927,-1.50726843,2.53494549,0,,,,50
44042581,0.5,1,0.5,0.540406704,0.0241758227,0,0,0,15.9395075,-1.55855227,8.568573,8.42853069,0,13.3238449,-1.55855227,2.49453878,0,,,,50
44043708,0.5,1,0.5,0.540406704,0.0161172152,0,0,0,15.9395075,-1.55855227,8.54144764,8.42008495,0,13.3166971,-1.55855227,2.49453878,0,,,,50
44044839,0.5,1,0.5,0.540406704,0.0161172152,0,0,0,15.9395075,-1.60963893,8.51432323,8.42641926,0,13.3166971,-1.60963893,2.45413232,0,,,,50
44045974,0.5,1,0.5,0.540406704,0.0241758227,0,0,0,15.9349623,-1.60963893,8.5444622,8.42853069,0,13.3095493,-1.60963893,2.45413232,0,,,,50
44047105,0.5,1,0.5,0.540406704,0.0241758227,0,0,0,15.9304171,-1.66056037,8.5565176,8.42853069,0,13.3166971,-1.66056037,2.41372561,0,,,,50
44048231,0.5,1,0.5,0.540406704,0.0322344303,0,0,0,15.9395075,-1.66056037,8.54747581,8.42853069,0,13.3309927,-1.66056037,2.41372561,0,,,,50
44049362,0.5,1,0.5,0.540406704,0.0161172152,0,0,0,15.9349623,-1.71133912,8.52939224,8.42641926,0,13.3166971,-1.71133912,2.37331891,0,,,,50
44050494,0.5,1,0.5,0.540406704,0.0161172152,0,0,0,15.9395075,-1.71133912,8.53843403,8.42853069,0,13.3309927,-1.71133912,2.37331891,0,,,,50
44051625,0.5,1,0.5,0.540406704,0.0322344303,0,0,0,15.9349623,-1.76199019,8.53240585,8.42430782,0,13.3166971,-1.76199019,2.33291221,0,,,,50
44052751,0.5,1,0.5,0.540406704,0.0241758227,0,0,0,15.9349623,-1.76199019,8.53542042,8.42641926,0,13.3238449,-1.76199019,2.33291221,0,,,,50
44053882,0.5,1,0.5,0.540406704,0.0241758227,0,0,0,15.9395075,-1.81252396,8.51733685,8.42641926,0,13.3166971,-1.81252396,2.2925055,0,,,,50
44055008,0.5,1,0.5,0.540406704,0.0241758227,0,0,0,15.9304171,-1.81252396,8.54747581,8.42641926,0,13.3309927,-1.81252396,2.2925055,0,,,,50
44056139,0.5,1,0.5,0.540406704,0.0241758227,0,0,0,15.9395075,-1.86294723,8.52939224,8.42853069,0,13.3238449,-1.86294723,2.2520988,0,,,,50
44057265,0.5,1,0.5,0.540406704,0.0322344303,0,0,0,15.9349623,-1.86294723,8.54747581,8.42008495,0,13.3238449,-1.86294723,2.2520988,0,,,,50
44058400,0.5,1,0.5,0.540406704,0.0241758227,0,0,0,15.9349623,-1.91326404,8.50528145,8.42641926,0,13.3238449,-1.91326404,2.21169233,0,,,,50
44059527,0.5,1,0.5,0.540406704,0.0161172152,0,0,0,15.9349623,-1.91326404,8.5444622,8.42853069,0,13.3309927,-1.91326404,2.21169233,0,,,,50
44060861,0.5,1,0.5,0.540406704,0.0241758227,0,0,0,15.9349623,-1.96347702,8.56555939,8.42641926,0,13.3166971,-1.96347702,2.17128563,0,,,,50
44061988,0.5,1,0.5,0.540406704,0.0161172152,0,0,0,15.9349623,-1.96347702,8.568573,8.42853069,0,13.3095493,-1.96347702,2.17128563,0,,,,50
44063118,0.5,1,0.5,0.540406704,0.0161172152,0,0,0,15.9349623,-2.01358747,8.54747581,8.42853069,0,13.3166971,-2.01358747,2.13087893,0,,,,50
44064246,0.5,1,0.5,0.540406704,0.0241758227,0,0,0,15.9349623,-2.01358747,8.568573,8.42853069,0,13.3166971,-2.01358747,2.13087893,0,,,,50
44065376,0.5,1,0.5,0.540406704,0.0241758227,0,0,0,15.9395075,-2.06359601,8.53240585,8.42641926,0,13.3166971,-2.06359601,2.09047222,0,,,,50
44066516,0.5,1,0.5,0.540406704,0.0241758227,0,0,0,15.9304171,-2.06359601,8.51130867,8.42641926,0,13.3309927,-2.06359601,2.09047222,0,,,,50
44067647,0.5,1,0.5,0.540406704,0.0161172152,0,0,0,15.9349623,-2.11350322,8.57761478,8.42853069,0,13.3238449,-2.11350322,2.05006552,0,,,,50
44068774,0.5,1,0.5,0.540406704,0.0161172152,0,0,0,15.9349623,-2.11350322,8.53240585,8.42641926,0,13.3309927,-2.11350322,2.05006552,0,,,,50
44069904,0.5,1,0.5,0.540406704,0.0241758227,0,0,0,15.9349623,-2.16330862,8.52637863,8.42853069,0,13.3238449,-2.16330862,2.00965881,0,,,,50
44071031,0.5,1,0.5,0.540406704,0.0241758227,0,0,0,15.9395075,-2.16330862,8.54144764,8.42641926,0,13.3238449,-2.16330862,2.00965881,0,,,,50
44072161,0.5,1,0.5,0.540406704,0.0161172152,0,0,0,15.9349623,-2.21301246,8.51733685,8.42430782,0,13.3309927,-2.21301246,1.96925223,0,,,,50
44073292,0.5,1,0.5,0.540406704,0.0241758227,0,0,0,15.9349623,-2.21301246,8.55048943,8.42853069,0,13.3309927,-2.21301246,1.96925223,0,,,,50
44074423,0.5,1,0.5,0.540406704,0.0161172152,0,0,0,15.9304171,-2.26261401,8.56254578,8.42219639,0,13.3166971,-2.26261401,1.92884564,0,,,,50
44075549,0.5,1,0.5,0.540406704,0.0241758227,0,0,0,15.9349623,-2.26261401,8.60172653,8.42641926,0,13.3309927,-2.26261401,1.92884564,0,,,,50
44076680,0.5,1,0.5,0.540406704,0.0241758227,0,0,0,15.9395075,-2.31211352,8.53843403,8.42641926,0,13.3238449,-2.31211352,1.88843894,0,,,,50
44077807,0.5,1,0.5,0.540406704,0.0161172152,0,0,0,15.9349623,-2.31211352,8.49925327,8.42641926,0.00714798551,13.3309927,-2.31211352,1.88843894,0,,,,50
44078937,0.5,1,0.5,0.540406704,0.0161172152,0,0,0,15.9349623,-2.36151075,8.55350399,8.42641926,0,13.3166971,-2.36151075,1.84803224,0,,,,50
44080064,0.5,1,0.5,0.540406704,0.0241758227,0,0,0,15.9349623,-2.36151075,8.5565176,8.42219639,0,13.3166971,-2.36151075,1.84803224,0,,,,50
44081404,0.5,1,0.5,0.540406704,0.0241758227,0,0,0,15.9395075,-2.41080546,8.5444622,8.42641926,0,13.3166971,-2.41080546,1.80762565,0,,,,50
44082530,0.5,1,0.5,0.540406704,0.0322344303,0,0,0,15.9349623,-2.41080546,8.51432323,8.42641926,0,13.3309927,-2.41080546,1.80762565,0,,,,50
44083661,0.5,1,0.5,0.540406704,0.0322344303,0,0,0,15.9349623,-2.45999742,8.53843403,8.42641926,0,13.3166971,-2.45999742,1.76721895,0,,,,50
44084787,0.5,1,0.5,0.540406704,0.0241758227,0,0,0,15.9395075,-2.45999742,8.58062935,8.42641926,0,13.3309927,-2.45999742,1.76721895,0,,,,50
44085927,0.5,1,0.5,0.540406704,0.0241758227,0,0,0,15.9304171,-2.50908685,8.58062935,8.42641926,0,13.3166971,-2.50908685,1.72681224,0,,,,50
44087054,0.5,1,0.5,0.540406704,0.0161172152,0,0,0,15.9395075,-2.50908685,8.55953121,8.42641926,0,13.3309927,-2.50908685,1.72681224,0,,,,50
44088184,0.5,1,0.5,0.540406704,0.0161172152,0,0,0,15.9349623,-2.55807352,8.54747581,8.42641926,0,13.3238449,-2.55807352,1.68640566,0,,,,50
44089316,0.5,1,0.5,0.540406704,0.0161172152,0,0,0,15.9349623,-2.55807352,8.54144764,8.42641926,0,13.3309927,-2.55807352,1.68640566,0,,,,50
44090446,0.5,1,0.5,0.540406704,0.0161172152,0,0,0,15.9349623,-2.60695767,8.5444622,8.42853069,0,13.3166971,-2.60695767,1.64599895,0,,,,50
44091573,0.5,1,0.5,0.540406704,0.0161172152,0,0,0,15.9349623,-2.60695767,8.52035046,8.42853069,0,13.3309927,-2.60695767,1.64599895,0,,,,50
44092704,0.5,1,0.5,0.540406704,0.0241758227,0,0,0,15.9349623,-2.65573931,8.53542042,8.42641926,0,13.3166971,-2.65573931,1.60559225,0,,,,50
44093831,0.5,1,0.5,0.540406704,0.0241758227,0,0,0,15.9349623,-2.65573931,8.55350399,8.42853069,0,13.3309927,-2.65573931,1.60559225,0,,,,50
44094962,0.5,1,0.5,0.540406704,0.0241758227,0,0,0,15.9349623,-2.70441842,8.55350399,8.42641926,0,13.3238449,-2.70441842,1.56518567,0,,,,50
44096088,0.5,1,0.5,0.540406704,0.0241758227,0,0,0,15.9349623,-2.70441842,8.50528145,8.42641926,0,13.3309927,-2.70441842,1.56518567,0,,,,50
44097224,0.5,1,0.5,0.540406704,0.0241758227,0,0,0,15.9349623,-2.75299525,8.59569836,8.42641926,0,13.3238449,-2.75299525,1.52477896,0,,,,50
44098350,0.5,1,0.5,0.540406704,0.0322344303,0,0,0,15.9395075,-2.75299525,8.54747581,8.42641926,0,13.3309927,-2.75299525,1.52477896,0,,,,50
44099481,0.5,1,0.5,0.540406704,0.0161172152,0,0,0,15.9395075,-2.80147004,8.52637863,8.42641926,0,13.3238449,-2.80147004,1.48437226,0,,,,50
44100607,0.5,1,0.5,0.540406704,0.0241758227,0,0,0,15.9349623,-2.80147004,8.54747581,8.42641926,0,13.3238449,-2.80147004,1.48437226,0,,,,50
44101942,0.5,1,0.5,0.540406704,0.0161172152,0,0,0,15.9349623,-2.84984303,8.57158756,8.42853069,0,13.3309927,-2.84984303,1.44396567,0,,,,50
44103068,0.5,1,0.5,0.540406704,0.0241758227,0,0,0,15.9349623,-2.84984303,8.55048943,8.42641926,0,13.3095493,-2.84984303,1.44396567,0,,,,50
44104204,0.5,1,0.5,0.540406704,0.0322344303,0,0,0,15.9349623,-2.8981142,8.53843403,8.42008495,0,13.3238449,-2.8981142,1.40355897,0,,,,50
44105331,0.5,1,0.5,0.540406704,0.0322344303,0,0,0,15.9349623,-2.8981142,8.55953121,8.42641926,0,13.3309927,-2.8981142,1.40355897,0,,,,50
44106471,0.5,1,0.5,0.540406704,0.0161172152,0,0,0,15.9349623,-2.94628382,8.5565176,8.42641926,0.00714798551,13.3166971,-2.94628382,1.36315227,0,,,,50
44107597,0.5,1,0.5,0.540406704,0.0241758227,0,0,0,15.9349623,-2.94628382,8.53843403,8.42853069,0,13.3238449,-2.94628382,1.36315227,0,,,,50
44108728,0.5,1,0.5,0.540406704,0.0241758227,0,0,0,15.9304171,-2.9943521,8.55048943,8.42641926,0,13.3238449,-2.9943521,1.32274568,0,,,,50
44109854,0.5,1,0.5,0.540406704,0.0241758227,0,0,0,15.9349623,-2.9943521,8.55350399,8.42641926,0,13.3381405,-2.9943521,1.32274568,0,,,,50
44110985,0.5,1,0.5,0.540406704,0.0241758227,0,0,0,15.9349623,-3.04231906,8.54747581,8.42853069,0,13.3166971,-3.04231906,1.28233898,0,,,,50
44112116,0.5,1,0.5,0.540406704,0.0322344303,0,0,0,15.9349623,-3.04231906,8.55953121,8.42219639,0,13.3238449,-3.04231906,1.28233898,0,,,,50
44113247,0.5,1,0.5,0.540406704,0.0241758227,0,0,0,15.9349623,-3.0901854,8.5565176,8.42853069,0,13.3238449,-3.0901854,1.24193227,0,,,,50
44114373,0.5,1,0.5,0.540406704,0.0241758227,0,0,0,15.9349623,-3.0901854,8.53542042,8.42641926,0,13.3238449,-3.0901854,1.24193227,0,,,,50
44115504,0.5,1,0.5,0.540406704,0.0322344303,0,0,0,15.9349623,-3.1379509,8.55048943,8.42641926,0,13.3238449,-3.1379509,1.20152569,0,,,,50
44116630,0.5,1,0.5,0.540406704,0.0322344303,0,0,0,15.9349623,-3.1379509,8.53843403,8.42641926,0,13.3166971,-3.1379509,1.20152569,0,,,,50
44117762,0.5,1,0.5,0.540406704,0.0241758227,0,0,0,15.9349623,-3.18561602,8.53843403,8.42219639,0,13.3309927,-3.18561602,1.16111898,0,,,,50
44118888,0.5,1,0.5,0.540406704,0.0161172152,0,0,0,15.9395075,-3.18561602,8.54144764,8.42853069,0,13.3309927,-3.18561602,1.16111898,0,,,,50
44120024,0.5,1,0.5,0.540406704,0.0241758227,0,0,0,15.9349623,-3.233181,8.55953121,8.42641926,0,13.3238449,-3.233181,1.12071228,0,,,,50
44121150,0.5,1,0.5,0.540406704,0.0241758227,0,0,0,15.9395075,-3.233181,8.53542042,8.42641926,0,13.3309927,-3.233181,1.12071228,0,,,,50
44122281,0.5,1,0.5,0.540406704,0.0241758227,0,0,0,15.9349623,-3.28064585,8.5565176,8.42641926,0,13.3166971,-3.28064585,1.0803057,0,,,,50
44123611,0.5,1,0.5,0.540406704,0.0241758227,0,0,0,15.9349623,-3.28064585,8.51432323,8.42853069,0,13.3309927,-3.28064585,1.0803057,0,,,,50
44124741,0.5,1,0.5,0.540406704,0.0322344303,0,0,0,15.9395075,-3.3280108,8.53240585,8.42641926,0,13.3166971,-3.3280108,1.03989899,0,,,,50
44125877,0.5,1,0.5,0.540406704,0.0322344303,0,0,0,15.9349623,-3.3280108,8.57460117,8.42641926,0,13.3309927,-3.3280108,1.03989899,0,,,,50
44127008,0.5,1,0.5,0.540406704,0.0402930379,0,0,0,15.9349623,-3.37527657,8.53843403,8.42641926,0,13.3238449,-3.37527657,0.999492347,0,,,,50
44128139,0.5,1,0.5,0.540406704,0.0402930379,0,0,0,15.9349623,-3.37527657,8.54747581,8.42853069,0,13.3309927,-3.37527657,0.999492347,0,,,,50
44129270,0.5,1,0.5,0.540406704,0.0241758227,0,0,0,15.9395075,-3.42244267,8.51733685,8.42641926,0,13.3309927,-3.42244267,0.959085643,0,,,,50
44130396,0.5,1,0.5,0.540406704,0.0322344303,0,0,0,15.9349623,-3.42244267,8.53542042,8.42853069,0,13.3309927,-3.42244267,0.959085643,0,,,,50
44131527,0.5,1,0.5,0.540406704,0.0322344303,0,0,0,15.9349623,-3.46950984,8.55048943,8.42641926,0,13.3166971,-3.46950984,0.918678999,0,,,,50
44132654,0.5,1,0.5,0.540406704,0.0402930379,0,0,0,15.9395075,-3.46950984,8.53843403,8.42641926,0,13.3238449,-3.46950984,0.918678999,0,,,,50
44133785,0.5,1,0.5,0.540406704,0.0402930379,0,0,0,15.9395075,-3.5164783,8.53542042,8.42641926,0,13.3238449,-3.5164783,0.878272355,0,,,,50
44134916,0.5,1,0.5,0.540406704,0.0402930379,0,0,0,15.9349623,-3.5164783,8.55048943,8.42430782,0,13.3309927,-3.5164783,0.878272355,0,,,,50
44136047,0.5,1,0.5,0.540406704,0.0402930379,0,0,0,15.9349623,-3.56334782,8.53843403,8.42641926,0,13.3166971,-3.56334782,0.837865651,0,,,,50
44137174,0.5,1,0.5,0.540406704,0.0402930379,0,0,0,15.9304171,-3.56334782,8.54144764,8.42641926,0,13.3238449,-3.56334782,0.837865651,0,,,,50
44138305,0.5,1,0.5,0.540406704,0.0402930379,0,0,0,15.9304171,-3.6101191,8.51130867,8.42219639,0,13.3095493,-3.6101191,0.797459006,0,,,,50
44139431,0.5,1,0.5,0.540406704,0.0402930379,0,0,0,15.9349623,-3.6101191,8.5444622,8.42641926,0,13.3238449,-3.6101191,0.797459006,0,,,,50
44140562,0.5,1,0.5,0.540406704,0.0402930379,0,0,0,15.9395075,-3.6567924,8.55350399,8.42641926,0,13.3166971,-3.6567924,0.757052302,0,,,,50
44141689,0.5,1,0.5,0.540406704,0.0322344303,0,0,0,15.9349623,-3.6567924,8.5565176,8.42641926,0,13.3309927,-3.6567924,0.757052302,0,,,,50
44142825,0.5,1,0.5,0.540406704,0.0402930379,0,0,0,15.9349623,-3.70336747,8.5565176,8.42853069,0,13.3309927,-3.70336747,0.716645658,0,,,,50
44144155,0.5,1,0.5,0.540406704,0.0402930379,0,0,0,15.9349623,-3.70336747,8.51130867,8.42641926,0,13.3309927,-3.70336747,0.716645658,0,,,,50
44145286,0.5,1,0.5,0.540406704,0.0402930379,0,0,0,15.9349623,-3.74984503,8.52637863,8.42008495,0,13.3309927,-3.74984503,0.676239014,0,,,,50
44146422,0.5,1,0.5,0.540406704,0.0483516455,0,0,0,15.9349623,-3.74984503,8.54747581,8.42641926,0,13.3309927,-3.74984503,0.676239014,0,,,,50
44147552,0.5,1,0.5,0.540406704,0.0402930379,0,0,0,15.9349623,-3.79622507,8.52035046,8.42008495,0,13.3166971,-3.79622507,0.63583231,0,,,,50
44148679,0.5,1,0.5,0.540406704,0.0483516455,0,0,0,15.9349623,-3.79622507,8.53843403,8.42853069,0,13.3309927,-3.79622507,0.63583231,0,,,,50
44149810,0.5,1,0.5,0.540406704,0.0483516455,0,0,0,15.9349623,-3.8425076,8.52035046,8.41797352,0,13.3166971,-3.8425076,0.595425665,0,,,,50
44150942,0.5,1,0.5,0.540406704,0.0483516455,0,0,0,15.9304171,-3.8425076,8.50829506,8.42641926,0,13.3238449,-3.8425076,0.595425665,0,,,,50
44152073,0.5,1,0.5,0.540406704,0.0483516455,0,0,0,15.9349623,-3.88869333,8.57158756,8.41797352,0,13.3095493,-3.88869333,0.555019021,0,,,,50
44153199,0.5,1,0.5,0.540406704,0.0402930379,0,0,0,15.9349623,-3.88869333,8.53542042,8.42641926,0,13.3309927,-3.88869333,0.555019021,0,,,,50
44154330,0.5,1,0.5,0.540406704,0.0402930379,0,0,0,15.9349623,-3.93478227,8.53843403,8.41586208,0,13.3238449,-3.93478227,0.514612317,0,,,,50
44155456,0.5,1,0.5,0.540406704,0.0402930379,0,0,0,15.9349623,-3.93478227,8.5444622,8.42219639,0,13.3309927,-3.93478227,0.514612317,0,,,,50
44156587,0.5,1,0.5,0.540406704,0.0402930379,0,0,0,15.9349623,-3.9807744,8.53240585,8.42430782,0,13.3309927,-3.9807744,0.474205673,0,,,,50
44157714,0.5,1,0.5,0.540406704,0.0402930379,0,0,0,15.9304171,-3.9807744,8.51733685,8.42430782,0,13.3238449,-3.9807744,0.474205673,0,,,,50
44158849,0.5,1,0.5,0.540406704,0.0322344303,0,0,0,15.9349623,-4.02667046,8.53240585,8.42008495,0,13.3309927,-4.02667046,0.433798999,0,,,,50
44159976,0.5,1,0.5,0.540406704,0.0322344303,0,0,0,15.9349623,-4.02667046,8.53542042,8.42008495,0,13.3309927,-4.02667046,0.433798999,0,,,,50
44161107,0.5,1,0.5,0.540406704,0.0322344303,0,0,0,15.9395075,-4.07247019,8.53240585,8.42219639,0,13.3238449,-4.07247019,0.393392324,0,,,,50
44162233,0.5,1,0.5,0.540406704,0.0322344303,0,0,0,15.9349623,-4.07247019,8.53843403,8.42430782,0,13.3309927,-4.07247019,0.393392324,0,,,,50
44163364,0.5,1,0.5,0.540406704,0.056410253,0,0,0,15.9395075,-4.11817408,8.54144764,8.41797352,0,13.3166971,-4.11817408,0.35298568,0,,,,50
44164491,0.5,1,0.5,0.540406704,0.0483516455,0,0,0,15.9349623,-4.11817408,8.52336502,8.42430782,0,13.3309927,-4.11817408,0.35298568,0,,,,50
44165839,0.5,1,0.5,0.540406704,0.0402930379,0,0,0,15.9349623,-4.16378212,8.53843403,8.41163921,0,13.3166971,-4.16378212,0.312579006,0,,,,50
44166966,0.5,1,0.5,0.540406704,0.0402930379,0,0,0,15.9349623,-4.16378212,8.5444622,8.41375065,0,13.3238449,-4.16378212,0.312579006,0,,,,50
44168097,0.5,1,0.5,0.540406704,0.0402930379,0,0,0,15.9349623,-4.2092948,8.56555939,8.41586208,0,13.3309927,-4.2092948,0.272172332,0,,,,50
44169224,0.5,1,0.5,0.540406704,0.0483516455,0,0,0,15.9395075,-4.2092948,8.53240585,8.41375065,0,13.3309927,-4.2092948,0.272172332,0,,,,50
44170355,0.5,1,0.5,0.540406704,0.0402930379,0,0,0,15.9349623,-4.2547121,8.52035046,8.41586208,0,13.3166971,-4.2547121,0.231765673,0,,,,50
44171481,0.5,1,0.5,0.540406704,0.0483516455,0,0,0,15.9349623,-4.2547121,8.50829506,8.42008495,0,13.3309927,-4.2547121,0.231765673,0,,,,50
44172612,0.5,1,0.5,0.540406704,0.0402930379,0,0,0,15.9304171,-4.30003452,8.52939224,8.41375065,0,13.3309927,-4.30003452,0.191358998,0,,,,50
44173743,0.5,0.857142866,0.5,0.540406704,0.0483516455,0.00805860758,0,0,15.9349623,-4.30003452,8.49623966,8.41375065,0,13.3309927,-4.30003452,0.191358998,0,,,,50
44174874,0.5,1,0.5,0.540406704,0.0483516455,0,0,0,15.9349623,-4.34526205,8.54144764,8.42219639,0,13.3309927,-4.34526205,0.150952324,0,,,,50
44176001,0.5,1,0.5,0.540406704,0.0402930379,0,0,0,15.9349623,-4.34526205,8.55048943,8.41797352,0,13.3309927,-4.34526205,0.150952324,0,,,,50
44177131,0.5,0.833333313,0.5,0.540406704,0.0402930379,0.00805860758,0,0,15.9304171,-4.39039469,8.54747581,8.41163921,0,13.3238449,-4.39039469,0.110545665,0,,,,50
44178258,0.5,1,0.5,0.540406704,0.0483516455,0,0,0,15.9349623,-4.39039469,8.52336502,8.42430782,0,13.3238449,-4.39039469,0.110545665,0,,,,50
44179389,0.5,1,0.5,0.540406704,0.0402930379,0,0,0,15.9304171,-4.43543339,8.52637863,8.41797352,0,13.3166971,-4.43543339,0.0701389983,0,,,,50
44180515,0.5,1,0.5,0.540406704,0.0483516455,0,0,0,15.9349623,-4.43543339,8.52637863,8.41797352,0,13.3309927,-4.43543339,0.0701389983,0,,,,50
44181651,0.5,0.857142866,0.5,0.540406704,0.0483516455,0.00805860758,0,0,15.9349623,-4.48037767,8.52637863,8.41586208,0,13.3166971,-4.48037767,0.0297323279,0,,,,50
44182777,0.5,0.833333313,0.5,0.540406704,0.0402930379,0.00805860758,0,0,15.9304171,-4.48037767,8.56555939,8.41586208,0,13.3095493,-4.48037767,0.0297323279,0,,,,50
44183909,0.5,1,0.5,0.540406704,0.0483516455,0,0,0,15.9304171,-4.52522802,8.51432323,8.41586208,0,13.3238449,-4.52522802,-0.0106743388,0,,,,50
44185036,0.5,1,0.5,0.540406704,0.0483516455,0,0,0,15.9304171,-4.52522802,8.52336502,8.41163921,0,13.3238449,-4.52522802,-0.0106743388,0,,,,50
44186380,0.5,1,0.5,0.540406704,0.056410253,0,0,0,15.9304171,-4.56998491,8.52035046,8.41586208,0,13.3238449,-4.56998491,-0.0510810055,0,,,,50
44187507,0.5,0.857142866,0.5,0.540406704,0.0483516455,0.00805860758,0,0,15.9304171,-4.56998491,8.52035046,8.41797352,0,13.3238449,-4.56998491,-0.0510810055,0,,,,50
44188642,0.5,1,0.5,0.540406704,0.0483516455,0,0,0,15.9395075,-4.61464787,8.52336502,8.42008495,0,13.3166971,-4.61464787,-0.0914876759,0,,,,50
44189769,0.5,0.875,0.5,0.540406704,0.056410253,0.00805860758,0,0,15.9304171,-4.61464787,8.52637863,8.41375065,0,13.3309927,-4.61464787,-0.0914876759,0,,,,50
44190900,0.5,0.714285731,0.5,0.540406704,0.0402930379,0.0161172152,0,0,15.9349623,-4.65921783,8.5444622,8.41797352,0,13.3238449,-4.65921783,-0.131894335,0,,,,50
44192026,0.5,0.875,0.5,0.540406704,0.056410253,0.00805860758,0,0,15.9304171,-4.65921783,8.52035046,8.41797352,0,13.3166971,-4.65921783,-0.131894335,0,,,,50
44193157,0.5,0.833333313,0.5,0.540406704,0.0402930379,0.00805860758,0,0,15.9395075,-4.70369482,8.52336502,8.41163921,0,13.3166971,-4.70369482,-0.172301009,0,,,,50
44194283,0.5,0.833333313,0.5,0.540406704,0.0402930379,0.00805860758,0,0,15.9395075,-4.70369482,8.51130867,8.41163921,0,13.3309927,-4.70369482,-0.172301009,0,,,,50
44195414,0.5,1,0.5,0.540406704,0.056410253,0,0,0,15.9304171,-4.74807882,8.44500256,8.41375065,0,13.3309927,-4.74807882,-0.212707683,0,,,,50
44196545,0.5,1,0.5,0.540406704,0.056410253,0,0,0,15.9349623,-4.74807882,8.52336502,8.42008495,0,13.3238449,-4.74807882,-0.212707683,0,,,,50
44197676,0.5,1,0.5,0.540406704,0.0644688606,0,0,0,15.9349623,-4.79236984,8.51733685,8.42219639,0,13.3309927,-4.79236984,-0.253114343,0,,,,50
44198803,0.5,0.875,0.5,0.540406704,0.056410253,0.00805860758,0,0,15.9304171,-4.79236984,8.50829506,8.42219639,0,13.3238449,-4.79236984,-0.253114343,0,,,,50
44199933,0.5,1,0.5,0.540406704,0.056410253,0,0,0,15.9349623,-4.83656883,8.51130867,8.42219639,0,13.3166971,-4.83656883,-0.293521017,0,,,,50
44201060,0.5,1,0.5,0.540406704,0.0725274682,0,0,0,15.9349623,-4.83656883,8.46007252,8.42641926,0,13.3166971,-4.83656883,-0.293521017,0,,,,50
44202191,0.5,0.857142866,0.5,0.540406704,0.0483516455,0.00805860758,0,0,15.9349623,-4.88067532,8.53240585,8.4074173,0,13.3166971,-4.88067532,-0.333927691,0,,,,50
44203317,0.5,1,0.5,0.540406704,0.056410253,0,0,0,15.9349623,-4.88067532,8.5444622,8.4074173,0,13.3309927,-4.88067532,-0.333927691,0,,,,50
44204453,0.5,0.857142866,0.5,0.540406704,0.0483516455,0.00805860758,0,0,15.9349623,-4.92469025,8.52035046,8.42008495,0,13.3166971,-4.92469025,-0.374334365,0,,,,50
44205588,0.5,0.909090936,0.5,0.540406704,0.0805860758,0.00805860758,0,0,15.9349623,-4.92469025,8.57158756,8.42430782,0,13.3238449,-4.92469025,-0.374334365,0,,,,50
44206923,0.5,0.75,0.5,0.540406704,0.0483516455,0.0161172152,0,0,15.9395075,-4.96861267,8.52637863,8.42219639,0,13.3238449,-4.96861267,-0.414741009,0,,,,50
44208049,0.5,0.857142866,0.5,0.540406704,0.0483516455,0.00805860758,0,0,15.9349623,-4.96861267,8.57761478,8.41375065,0,13.3238449,-4.96861267,-0.414741009,0,,,,50
44209180,0.5,0.888888896,0.5,0.540406704,0.0644688606,0.00805860758,0,0,15.9304171,-5.01244402,8.42390537,8.42219639,0,13.3238449,-5.01244402,-0.455147684,0,,,,50
44210306,0.5,0.875,0.5,0.540406704,0.056410253,0.00805860758,0,0,15.9304171,-5.01244402,8.55350399,8.41797352,0,13.3309927,-5.01244402,-0.455147684,0,,,,50
44211437,0.5,0.800000012,0.5,0.540406704,0.0644688606,0.0161172152,0,0,15.9304171,-5.05618382,8.50829506,8.41375065,0,13.3166971,-5.05618382,-0.495554358,0,,,,50
44212568,0.5,0.800000012,0.5,0.540406704,0.0644688606,0.0161172152,0,0,15.9349623,-5.05618382,8.51432323,8.40530586,0,13.3309927,-5.05618382,-0.495554358,0,,,,50
44213699,0.5,0.777777791,0.5,0.540406704,0.056410253,0.0161172152,0,0,15.9395075,-5.09983253,8.56254578,8.40319443,0,13.3238449,-5.09983253,-0.535961032,0,,,,50
44214826,0.5,0.888888896,0.5,0.540406704,0.0644688606,0.00805860758,0,0,15.9349623,-5.09983253,8.59569836,8.41586208,0,13.3238449,-5.09983253,-0.535961032,0,,,,50
44215956,0.5,0.899999976,0.5,0.540406704,0.0725274682,0.00805860758,0,0,15.9349623,-5.14339066,8.52637863,8.41375065,0,13.3238449,-5.14339066,-0.576367676,0,,,,50
44217083,0.5,1,0.5,0.540406704,0.0644688606,0,0,0,15.9349623,-5.14339066,8.45705795,8.42008495,0,13.3166971,-5.14339066,-0.576367676,0,,,,50
44218214,0.5,0.818181813,0.5,0.540406704,0.0725274682,0.0161172152,0,0,15.9349623,-5.1868577,8.50829506,8.40108299,0,13.3238449,-5.1868577,-0.61677438,0,,,,50
44219345,0.5,0.800000012,0.5,0.540406704,0.0644688606,0.0161172152,0,0,15.9349623,-5.1868577,8.55048943,8.40108299,0,13.3166971,-5.1868577,-0.61677438,0,,,,50
44220477,0.5,0.777777791,0.5,0.540406704,0.056410253,0.0161172152,0,0,15.9395075,-5.23023415,8.50528145,8.39474869,0,13.3166971,-5.23023415,-0.657181025,0,,,,50
44221603,0.5,0.818181813,0.5,0.540406704,0.0725274682,0.0161172152,0,0,15.9304171,-5.23023415,8.52637863,8.39686012,0,13.3238449,-5.23023415,-0.657181025,0,,,,50
44222734,0.5,0.714285731,0.5,0.540406704,0.0402930379,0.0161172152,0,0,15.9349623,-5.27351999,8.57460117,8.4074173,0,13.3238449,-5.27351999,-0.697587729,0,,,,50
44223860,0.5,0.777777791,0.5,0.540406704,0.056410253,0.0161172152,0,0,15.9304171,-5.27351999,8.55350399,8.4074173,0,13.3166971,-5.27351999,-0.697587729,0,,,,50
44224991,0.5,0.75,0.5,0.540406704,0.0483516455,0.0161172152,0,0,15.9349623,-5.31671619,8.49021149,8.39686012,0,13.3095493,-5.31671619,-0.737994373,0,,,,50
44226126,0.5,0.777777791,0.5,0.540406704,0.056410253,0.0161172152,0,0,15.9349623,-5.31671619,8.53240585,8.40530586,0,13.3238449,-5.31671619,-0.737994373,0,,,,50
44227262,0.5,0.699999988,0.5,0.540406704,0.056410253,0.0241758227,0,0,15.9258718,-5.35982227,8.52939224,8.39686012,0,13.3166971,-5.35982227,-0.778401017,0,,,,50
44228592,0.5,0.818181813,0.5,0.540406704,0.0725274682,0.0161172152,0,0,15.9349623,-5.35982227,8.4811697,8.39897156,0,13.3238449,-5.35982227,-0.778401017,0,,,,50
44229722,0.5,0.75,0.5,0.540406704,0.0483516455,0.0161172152,0,0,15.9349623,-5.40283871,8.4178772,8.40319443,0,13.3166971,-5.40283871,-0.818807721,0,,,,50
44230849,0.5,0.699999988,0.5,0.540406704,0.056410253,0.0241758227,0,0,15.9304171,-5.40283871,8.51432323,8.4074173,0,13.3309927,-5.40283871,-0.818807721,0,,,,50
44231979,0.5,0.692307711,0.5,0.540406704,0.0725274682,0.0322344303,0,0,15.9349623,-5.44576597,8.50528145,8.39474869,0,13.3095493,-5.44576597,-0.859214365,0,,,,50
44233106,0.5,0.625,0.5,0.540406704,0.0402930379,0.0241758227,0,0,15.9349623,-5.44576597,8.59569836,8.39897156,0,13.3309927,-5.44576597,-0.859214365,0,,,,50
44234237,0.5,0.699999988,0.5,0.540406704,0.056410253,0.0241758227,0,0,15.9349623,-5.48860359,8.51130867,8.40319443,0,13.3166971,-5.48860359,-0.899621069,0,,,,50
44235368,0.5,0.636363626,0.5,0.540406704,0.056410253,0.0322344303,0,0,15.9349623,-5.48860359,8.54747581,8.39897156,0,13.3238449,-5.48860359,-0.899621069,0,,,,50
44236498,0.5,0.818181813,0.5,0.540406704,0.0725274682,0.0161172152,0,0,15.9304171,-5.53135204,8.48418331,8.40319443,0,13.3166971,-5.53135204,-0.940027714,0,,,,50
44237625,0.5,0.818181813,0.5,0.540406704,0.0725274682,0.0161172152,0,0,15.9304171,-5.53135204,8.49623966,8.4074173,0,13.3309927,-5.53135204,-0.940027714,0,,,,50
44238756,0.5,0.699999988,0.5,0.540406704,0.056410253,0.0241758227,0,0,15.9349623,-5.5740118,8.4811697,8.40319443,0,13.3238449,-5.5740118,-0.980434358,0,,,,50
44239882,0.5,0.692307711,0.5,0.540406704,0.0725274682,0.0322344303,0,0,15.9304171,-5.5740118,8.50829506,8.41797352,0,13.3309927,-5.5740118,-0.980434358,0,,,,50
44241013,0.5,0.75,0.5,0.540406704,0.0725274682,0.0241758227,0,0,15.9304171,-5.61658287,8.51432323,8.4074173,0,13.3166971,-5.61658287,-1.020841,0,,,,50
44242139,0.5,0.75,0.5,0.540406704,0.0725274682,0.0241758227,0,0,15.9304171,-5.61658287,8.49925327,8.40319443,0,13.3309927,-5.61658287,-1.020841,0,,,,50
44243275,0.5,0.769230783,0.5,0.540406704,0.0805860758,0.0241758227,0,0,15.9349623,-5.65906572,8.51130867,8.39263725,0,13.3166971,-5.65906572,-1.06124771,0,,,,50
44244401,0.5,0.75,0.5,0.540406704,0.0725274682,0.0241758227,0,0,15.9304171,-5.65906572,8.51130867,8.3799696,0,13.3309927,-5.65906572,-1.06124771,0,,,,50
44245532,0.5,0.75,0.5,0.540406704,0.0725274682,0.0241758227,0,0,15.9349623,-5.70145988,8.48719788,8.40319443,0,13.3238449,-5.70145988,-1.10165441,0,,,,50
44246668,0.5,0.800000012,0.5,0.540406704,0.0967032909,0.0241758227,0,0,15.9349623,-5.70145988,8.49623966,8.40952778,0,13.3309927,-5.70145988,-1.10165441,0,,,,50
44247799,0.5,0.692307711,0.5,0.540406704,0.0725274682,0.0322344303,0,0,15.9304171,-5.74376631,8.49021149,8.41375065,0,13.3166971,-5.74376631,-1.14206111,0,,,,50
44249129,0.5,0.769230783,0.5,0.540406704,0.0805860758,0.0241758227,0,0,15.9304171,-5.74376631,8.48418331,8.40530586,0,13.3238449,-5.74376631,-1.14206111,0,,,,50
44250265,0.5,0.833333313,0.5,0.540406704,0.0805860758,0.0161172152,0,0,15.9304171,-5.78598499,8.51432323,8.39474869,0,13.3166971,-5.78598499,-1.1824677,0,,,,50
44251392,0.5,0.769230783,0.5,0.540406704,0.0805860758,0.0241758227,0,0,15.9304171,-5.78598499,8.50226688,8.40530586,0,13.3095493,-5.78598499,-1.1824677,0,,,,50
44252522,0.5,0.769230783,0.5,0.540406704,0.0805860758,0.0241758227,0,0,15.9304171,-5.82811546,8.51432323,8.40108299,0,13.3238449,-5.82811546,-1.2228744,0,,,,50
44253649,0.5,0.769230783,0.5,0.540406704,0.0805860758,0.0241758227,0,0,15.9349623,-5.82811546,8.50528145,8.40319443,0,13.3238449,-5.82811546,-1.2228744,0,,,,50
44254780,0.5,0.692307711,0.5,0.540406704,0.0725274682,0.0322344303,0,0,15.9349623,-5.87015915,8.49925327,8.42219639,0,13.3166971,-5.87015915,-1.26328111,0,,,,50
44255906,0.5,0.769230783,0.5,0.540406704,0.0805860758,0.0241758227,0,0,15.9349623,-5.87015915,8.49925327,8.38841438,0,13.3238449,-5.87015915,-1.26328111,0,,,,50
44257036,0.5,0.666666687,0.5,0.540406704,0.0644688606,0.0322344303,0,0,15.9304171,-5.9121151,8.50226688,8.39474869,0,13.3166971,-5.9121151,-1.30368769,0,,,,50
44258168,0.5,0.692307711,0.5,0.540406704,0.0725274682,0.0322344303,0,0,15.9349623,-5.9121151,8.50829506,8.39897156,0,13.3238449,-5.9121151,-1.30368769,0,,,,50
44259298,0.5,0.769230783,0.5,0.540406704,0.0805860758,0.0241758227,0,0,15.9349623,-5.95398426,8.47212791,8.39052582,0.00714798551,13.3238449,-5.95398426,-1.3440944,0,,,,50
44260425,0.5,0.727272749,0.5,0.540406704,0.0644688606,0.0241758227,0,0,15.9349623,-5.95398426,8.50829506,8.40530586,0,13.3309927,-5.95398426,-1.3440944,0,,,,50
44261555,0.5,0.733333349,0.5,0.540406704,0.0886446834,0.0322344303,0,0,15.9349623,-5.99576664,8.52336502,8.41797352,0,13.3166971,-5.99576664,-1.3845011,0,,,,50
44262682,0.5,0.769230783,0.5,0.540406704,0.0805860758,0.0241758227,0,0,15.9349623,-5.99576664,8.51432323,8.40319443,0,13.3309927,-5.99576664,-1.3845011,0,,,,50
44263813,0.5,0.785714269,0.5,0.540406704,0.0886446834,0.0241758227,0,0,15.9349623,-6.03746223,8.49021149,8.40319443,0,13.3238449,-6.03746223,-1.4249078,0,,,,50
44264939,0.5,0.769230783,0.5,0.540406704,0.0805860758,0.0241758227,0,0,15.9349623,-6.03746223,8.48418331,8.4074173,0,13.3238449,-6.03746223,-1.4249078,0,,,,50
44266084,0.5,0.800000012,0.5,0.540406704,0.0967032909,0.0241758227,0,0,15.9304171,-6.07907152,8.50528145,8.40319443,0,13.3166971,-6.07907152,-1.46531439,0,,,,50
44267211,0.5,0.75,0.5,0.540406704,0.0967032909,0.0322344303,0,0,15.9349623,-6.07907152,8.50528145,8.40108299,0,13.3238449,-6.07907152,-1.46531439,0,,,,50
44268341,0.5,0.733333349,0.5,0.540406704,0.0886446834,0.0322344303,0,0,15.9304171,-6.1205945,8.4932251,8.41163921,0,13.3166971,-6.1205945,-1.50572109,0,,,,50
44269468,0.5,0.769230783,0.5,0.540406704,0.0805860758,0.0241758227,0,0,15.9349623,-6.1205945,8.50829506,8.41163921,0,13.3309927,-6.1205945,-1.50572109,0,,,,50
44270802,0.5,0.692307711,0.5,0.540406704,0.0725274682,0.0322344303,0,0,15.9304171,-6.16203165,8.50226688,8.39897156,0,13.3166971,-6.16203165,-1.5461278,0,,,,50
44271929,0.5,0.785714269,0.5,0.540406704,0.0886446834,0.0241758227,0,0,15.9349623,-6.16203165,8.48719788,8.40108299,0,13.3309927,-6.16203165,-1.5461278,0,,,,50
44273060,0.5,0.769230783,0.5,0.540406704,0.0805860758,0.0241758227,0,0,15.9349623,-6.20338249,8.4811697,8.40108299,0,13.3095493,-6.20338249,-1.58653438,0,,,,50
44274191,0.5,0.769230783,0.5,0.540406704,0.0805860758,0.0241758227,0,0,15.9349623,-6.20338249,8.4932251,8.40108299,0,13.3309927,-6.20338249,-1.58653438,0,,,,50
44275322,0.5,0.733333349,0.5,0.540406704,0.0886446834,0.0322344303,0,0,15.9349623,-6.24464798,8.4811697,8.40319443,0,13.3238449,-6.24464798,-1.62694108,0,,,,50
44276448,0.5,0.857142866,0.5,0.540406704,0.0967032909,0.0161172152,0,0,15.9304171,-6.24464798,8.48418331,8.39897156,0,13.3238449,-6.24464798,-1.62694108,0,,,,50
44277579,0.5,0.764705896,0.5,0.540406704,0.104761899,0.0322344303,0,0,15.9304171,-6.28582811,8.52336502,8.40108299,0,13.3166971,-6.28582811,-1.66734779,0,,,,50
44278705,0.5,0.70588237,0.5,0.540406704,0.0967032909,0.0402930379,0,0,15.9349623,-6.28582811,8.49021149,8.39474869,0,13.3309927,-6.28582811,-1.66734779,0,,,,50
44279837,0.5,0.785714269,0.5,0.540406704,0.0886446834,0.0241758227,0,0,15.9304171,-6.32692289,8.48719788,8.40952778,0,13.3095493,-6.32692289,-1.70775449,0,,,,50
44280968,0.5,0.733333349,0.5,-0.268964738,0.0886446834,0.0322344303,0,0,15.9349623,-6.32692289,8.4811697,8.40319443,0,13.3166971,-6.32692289,-1.70775449,0,,,,50
44282099,0.5,0.800000012,0.5,-0.268964738,0.0967032909,0.0241758227,0,0,15.9304171,-4.8655467,8.52336502,8.39474869,0,13.3238449,-4.8655467,-0.938789666,0,,,,50
44283225,0.5,0.714285731,0.5,-0.268964738,0.0805860758,0.0322344303,0,0,15.9349623,-4.8655467,8.49623966,8.40952778,0,13.3309927,-4.8655467,-0.938789666,0,,,,50
44284356,0.5,0.75,0.5,-0.268964738,0.0725274682,0.0241758227,0,0,15.9304171,-0.23653096,8.50528145,8.41163921,0,13.3166971,-0.23653096,-0.169824928,0,,,,50
44285482,0.5,0.857142866,0.5,-0.268964738,0.0483516455,0.00805860758,0,0,15.9395075,-0.23653096,8.54747581,8.42430782,0,13.3238449,-0.23653096,-0.169824928,0,,,,50
44286622,0.5,1,0.5,-0.268964738,0.0322344303,0,0,0,15.9349623,6.83925438,8.56254578,8.43064213,0,13.3238449,6.83925438,0.59913969,0,,,,50
44287749,0.5,1,0.5,-0.268964738,0.0322344303,0,0,0,15.9304171,6.83925438,8.53240585,8.43908691,0,13.3238449,6.83925438,0.59913969,0,,,,50
44288884,0.5,1,0.5,-0.268964738,0.056410253,0,0,0,15.9349623,12,8.4691143,8.42008495,0,13.3238449,14.9253225,-0.207837746,0,,,,50
44290011,0.5,0.733333349,0.5,-0.268964738,0.0886446834,0.0322344303,0,0,15.9258718,12,8.43596077,8.39052582,0,13.3238449,14.9253225,-0.207837746,0,,,,50
44291346,0.5,0.631578922,0.5,-0.268964738,0.193406582,0.112820506,0,0,15.9258718,12,8.35458469,8.29129219,0,13.3238449,14.0424442,-0.539187193,0,,,,50
44292472,0.5,0.560000002,0.5,-0.268964738,0.225641012,0.177289367,0,0,15.9167824,12,8.38171005,8.32296276,0,13.3238449,14.0424442,-0.539187193,0,,,,50
44293603,0.5,0.559322059,0.5,-0.268964738,0.26593405,0.209523797,0,0,15.907692,10.744072,8.37266827,8.30818272,0,13.3095493,10.744072,0.22977744,0,,,,50
44294729,0.5,0.540983617,0.5,-0.268964738,0.26593405,0.225641012,0,0,15.9122372,10.744072,8.31841755,8.31029415,0,13.3166971,10.744072,0.22977744,0,,,,50
44295860,0.5,0.538461566,0.5,-0.268964738,0.282051265,0.241758227,0,0,15.907692,12,8.33348751,8.29129219,0,13.2952528,12.593668,0.67891866,0,,,,50
44296991,0.5,0.533333361,0.5,-0.268964738,0.322344303,0.282051265,0,0,15.8986015,12,8.30937672,8.28073597,0,13.3095493,12.593668,0.67891866,0,,,,50
44298122,0.5,0.541666687,0.5,-0.268964738,0.314285696,0.26593405,0,0,15.907692,12,8.32143211,8.28918076,0,13.3024006,15.4881525,-0.431268483,0,,,,50
44299249,0.5,0.550000012,0.5,-0.268964738,0.26593405,0.217582405,0,0,15.9122372,12,8.36664104,8.31029415,0,13.3166971,15.4881525,-0.431268483,0,,,,50
44300379,0.5,0.57407409,0.5,-0.268964738,0.249816835,0.185347974,0,0,15.9167824,9.82987213,8.38773823,8.31451702,0,13.3095493,9.82987213,0.337696224,0,,,,50
44301507,0.5,0.586206913,0.5,-0.268964738,0.273992658,0.193406582,0,0,15.9122372,9.82987213,8.38171005,8.31029415,0,13.3166971,9.82987213,0.337696224,0,,,,50
44302638,0.5,0.549019635,0.5,-0.268964738,0.225641012,0.185347974,0,0,15.9258718,10.3797789,8.38773823,8.3250742,0,13.3095493,10.3797789,1.10666084,0,,,,50
44303764,0.5,0.551724136,0.5,-0.268964738,0.257875443,0.209523797,0,0,15.907692,10.3797789,8.37568283,8.31873989,0,13.3166971,10.3797789,1.10666084,0,,,,50
44304900,0.5,0.547169805,0.5,-0.268964738,0.23369962,0.193406582,0,0,15.9213276,12,8.3937664,8.32296276,0,13.3024006,14.5253315,0.515168607,0,,,,50
44306035,0.5,0.555555582,0.5,-0.268964738,0.241758227,0.193406582,0,0,15.9167824,12,8.39075184,8.32085133,0,13.3095493,14.5253315,0.515168607,0,,,,50
44307166,0.5,0.551020384,0.5,-0.268964738,0.217582405,0.177289367,0,0,15.9167824,12,8.41184998,8.33351898,0,13.3166971,12.671401,0.922433197,0,,,,50
44308292,0.5,0.568627477,0.5,-0.268964738,0.23369962,0.177289367,0,0,15.9213276,12,8.39979362,8.32929707,0,13.3238449,12.671401,0.922433197,0,,,,50
44309423,0.5,0.53061223,0.5,-0.268964738,0.209523797,0.185347974,0,0,15.9167824,12,8.39678001,8.3250742,0,13.3095493,13.2092876,1.03992534,0,,,,50
44310550,0.5,0.566037714,0.5,-0.268964738,0.241758227,0.185347974,0,0,15.9122372,12,8.38472462,8.31451702,0,13.3024006,13.2092876,1.03992534,0,,,,50
44311890,0.5,0.55737704,0.5,-0.268964738,0.273992658,0.217582405,0,0,15.907692,12,8.36061287,8.3039608,0,13.3166971,13.451932,1.02669895,0,,,,50
44313016,0.5,0.54411763,0.5,-0.268964738,0.29816848,0.249816835,0,0,15.9031467,12,8.34554291,8.29129219,0,13.3095493,13.451932,1.02669895,0,,,,50
44314147,0.5,0.549295783,0.5,-0.268964738,0.314285696,0.257875443,0,0,15.9031467,12,8.33650112,8.28706932,0,13.3024006,12.7576208,1.38751519,0,,,,50
44315273,0.5,0.54285717,0.5,-0.268964738,0.306227088,0.257875443,0,0,15.9031467,12,8.33348751,8.29129219,0,13.3095493,12.7576208,1.38751519,0,,,,50
44316404,0.5,0.55384618,0.5,-0.268964738,0.290109873,0.23369962,0,0,15.9031467,12,8.33650112,8.2976265,0,13.3024006,13.7278156,1.22566414,0,,,,50
44317530,0.5,0.54838711,0.5,-0.268964738,0.273992658,0.225641012,0,0,15.9122372,12,8.36965466,8.3039608,0,13.3166971,13.7278156,1.22566414,0,,,,50
44318661,0.5,0.568965495,0.5,-0.268964738,0.26593405,0.201465189,0,0,15.9122372,12,8.33951569,8.31662846,0,13.3024006,12.6043005,1.66907775,0,,,,50
44319792,0.5,0.553571403,0.5,-0.268964738,0.249816835,0.201465189,0,0,15.907692,12,8.37869644,8.31662846,0,13.3166971,12.6043005,1.66907775,0,,,,50
44320923,0.5,0.564516127,0.5,-0.268964738,0.282051265,0.217582405,0,0,15.9122372,12,8.3304739,8.31240559,0,13.3095493,13.8275728,1.45348489,0,,,,50
44322050,0.5,0.54838711,0.5,-0.268964738,0.273992658,0.225641012,0,0,15.907692,12,8.32745934,8.30184937,0,13.3024006,13.8275728,1.45348489,0,,,,50
44323180,0.5,0.507936537,0.5,-0.268964738,0.257875443,0.249816835,0,0,15.907692,12,8.35759926,8.30184937,0,13.3095493,12.5546284,1.92365777,0,,,,50
44324307,0.5,0.552238822,0.5,-0.268964738,0.29816848,0.241758227,0,0,15.907692,12,8.33951569,8.29973793,0,13.3166971,12.5546284,1.92365777,0,,,,50
44325437,0.5,0.546875,0.5,-0.268964738,0.282051265,0.23369962,0,0,15.907692,12,8.35759926,8.29551506,0,13.3095493,13.8659172,1.68740785,0,,,,50
44326573,0.5,0.555555582,0.5,-0.268964738,0.282051265,0.225641012,0,0,15.9122372,12,8.36965466,8.3039608,0,13.3166971,13.8659172,1.68740785,0,,,,50
44327708,0.5,0.5625,0.5,-0.268964738,0.290109873,0.225641012,0,0,15.907692,12,8.38472462,8.31873989,0,13.3095493,12.5409174,2.1649673,0,,,,50
44328835,0.5,0.555555582,0.5,-0.268964738,0.282051265,0.225641012,0,0,15.9122372,12,8.32143211,8.29551506,0,13.3166971,12.5409174,2.1649673,0,,,,50
44329965,0.5,0.566666663,0.5,-0.268964738,0.273992658,0.209523797,0,0,15.907692,12,8.38773823,8.3039608,0,13.3095493,13.8827829,1.91963124,0,,,,50
44331091,0.5,0.54838711,0.5,-0.268964738,0.273992658,0.225641012,0,0,15.907692,12,8.3425293,8.3039608,0,13.3166971,13.8827829,1.91963124,0,,,,50
44332222,0.5,0.555555582,0.5,-0.268964738,0.282051265,0.225641012,0,0,15.907692,12,8.3425293,8.30184937,0,13.3095493,12.5396156,2.39789176,0,,,,50
44333552,0.5,0.55737704,0.5,-0.268964738,0.273992658,0.217582405,0,0,15.907692,12,8.33348751,8.32085133,0,13.3166971,12.5396156,2.39789176,0,,,,50
44334688,0.5,0.5625,0.5,-0.268964738,0.290109873,0.225641012,0,0,15.9122372,12,8.35759926,8.30607224,0,13.3166971,13.8920717,2.14755201,0,,,,50
44335814,0.5,0.566666663,0.5,-0.268964738,0.273992658,0.209523797,0,0,15.9122372,12,8.37568283,8.31451702,0,13.3166971,13.8920717,2.14755201,0,,,,50
44336945,0.5,0.540983617,0.5,-0.268964738,0.26593405,0.225641012,0,0,15.907692,12,8.36965466,8.30607224,0,13.3095493,12.542531,2.62424183,0,,,,50
44338071,0.5,0.540983617,0.5,-0.268964738,0.26593405,0.225641012,0,0,15.9122372,12,8.36965466,8.31451702,0,13.3166971,12.542531,2.62424183,0,,,,50
44339202,0.5,0.559322059,0.5,-0.268964738,0.26593405,0.209523797,0,0,15.9122372,12,8.3425293,8.31240559,0,13.3024006,13.8986225,2.37037301,0,,,,50
44340329,0.5,0.534482777,0.5,-0.268964738,0.249816835,0.217582405,0,0,15.9122372,12,8.37266827,8.31451702,0,13.3166971,13.8986225,2.37037301,0,,,,50
44341459,0.5,0.551724136,0.5,-0.268964738,0.257875443,0.209523797,0,0,15.9122372,12,8.36362648,8.31873989,0,13.3024006,12.5468159,2.8447547,0,,,,50
44342590,0.5,0.551724136,0.5,-0.268964738,0.257875443,0.209523797,0,0,15.9122372,12,8.35759926,8.31451702,0,13.3166971,12.5468159,2.8447547,0,,,,50
44343721,0.5,0.550000012,0.5,-0.268964738,0.26593405,0.217582405,0,0,15.9122372,12,8.36362648,8.31662846,0,13.3024006,13.9041233,2.58792233,0,,,,50
44344847,0.5,0.545454562,0.5,-0.268964738,0.241758227,0.201465189,0,0,15.9122372,12,8.38472462,8.31240559,0,13.3166971,13.9041233,2.58792233,0,,,,50
44345987,0.5,0.561403513,0.5,-0.268964738,0.257875443,0.201465189,0,0,15.9122372,12,8.38773823,8.32085133,0,13.3095493,12.5514812,3.05979085,0,,,,50
44347114,0.5,0.555555582,0.5,-0.268964738,0.241758227,0.193406582,0,0,15.9122372,12,8.38472462,8.32929707,0,13.3238449,12.5514812,3.05979085,0,,,,50
44348244,0.5,0.596153855,0.5,-0.268964738,0.249816835,0.169230759,0,0,15.9167824,12,8.38472462,8.31873989,0,13.3095493,13.9091654,2.80024242,0,,,,50
44349371,0.5,0.563636363,0.5,-0.268964738,0.249816835,0.193406582,0,0,15.9167824,12,8.37869644,8.3250742,0,13.3166971,13.9091654,2.80024242,0,,,,50
44350506,0.5,0.551020384,0.5,-0.268964738,0.217582405,0.177289367,0,0,15.9122372,12,8.37568283,8.3250742,0,13.3095493,12.5561857,3.26957655,0,,,,50
44351633,0.5,0.555555582,0.5,-0.268964738,0.241758227,0.193406582,0,0,15.9122372,12,8.37568283,8.32296276,0,13.3024006,12.5561857,3.26957655,0,,,,50
44352764,0.5,0.545454562,0.5,-0.268964738,0.241758227,0.201465189,0,0,15.9213276,12,8.38171005,8.32929707,0,13.3095493,13.9139547,3.00744748,0,,,,50
44354094,0.5,0.57407409,0.5,-0.268964738,0.249816835,0.185347974,0,0,15.9167824,12,8.37266827,8.32085133,0,13.3238449,13.9139547,3.00744748,0,,,,50
44355224,0.5,0.57407409,0.5,-0.268964738,0.249816835,0.185347974,0,0,15.9122372,12,8.39075184,8.32929707,0,13.3024006,12.5608139,3.47428846,0,,,,50
44356351,0.5,0.584905684,0.5,-0.268964738,0.249816835,0.177289367,0,0,15.9167824,12,8.38171005,8.3250742,0,13.3238449,12.5608139,3.47428846,0,,,,50
44357482,0.5,0.581818163,0.5,-0.268964738,0.257875443,0.185347974,0,0,15.9167824,12,8.38472462,8.32085133,0,13.3095493,13.9185686,3.20967412,0,,,,50
44358613,0.5,0.551724136,0.5,-0.268964738,0.257875443,0.209523797,0,0,15.9122372,12,8.38171005,8.32085133,0,13.3238449,13.9185686,3.20967412,0,,,,50
44359744,0.5,0.561403513,0.5,-0.268964738,0.257875443,0.201465189,0,0,15.9122372,12,8.36664104,8.32296276,0,13.3238449,12.5653276,3.67408323,0,,,,50
44360870,0.5,0.571428597,0.5,-0.268964738,0.257875443,0.193406582,0,0,15.9167824,12,8.39075184,8.31451702,0,13.3238449,12.5653276,3.67408323,0,,,,50
44362001,0.5,0.526315808,0.5,-0.268964738,0.241758227,0.217582405,0,0,15.9167824,12,8.38171005,8.32296276,0,13.3166971,13.9230347,3.40706301,0,,,,50
44363127,0.5,0.592592597,0.5,-0.268964738,0.257875443,0.177289367,0,0,15.9122372,12,8.37568283,8.32296276,0,13.3166971,13.9230347,3.40706301,0,,,,50
44364258,0.5,0.566037714,0.5,-0.268964738,0.241758227,0.185347974,0,0,15.9167824,12,8.37869644,8.32085133,0,13.3166971,12.5697165,3.86910772,0,,,,50
44365389,0.5,0.584905684,0.5,-0.268964738,0.249816835,0.177289367,0,0,15.9122372,12,8.38171005,8.32718563,0,13.3166971,12.5697165,3.86910772,0,,,,50
44366529,0.5,0.578947365,0.5,-0.268964738,0.26593405,0.193406582,0,0,15.9122372,12,8.38773823,8.31451702,0,13.3166971,13.9273653,3.5997541,0,,,,50
44367656,0.5,0.583333313,0.5,-0.268964738,0.282051265,0.201465189,0,0,15.9122372,12,8.37266827,8.31873989,0,13.3238449,13.9273653,3.5997541,0,,,,50
44368786,0.5,0.57407409,0.5,-0.268964738,0.249816835,0.185347974,0,0,15.9122372,12,8.36965466,8.31662846,0,13.3095493,12.5739794,4.05950212,0,,,,50
44369913,0.5,0.563636363,0.5,-0.268964738,0.249816835,0.193406582,0,0,15.9167824,12,8.36965466,8.32085133,0,13.3166971,12.5739794,4.05950212,0,,,,50
44371044,0.5,0.57407409,0.5,-0.268964738,0.249816835,0.185347974,0,0,15.9167824,12,8.37266827,8.3250742,0,13.2952528,13.9315681,3.78788471,0,,,,50
44372171,0.5,0.57407409,0.5,-0.268964738,0.249816835,0.185347974,0,0,15.9122372,12,8.38472462,8.31662846,0,13.3166971,13.9315681,3.78788471,0,,,,50
44373307,0.5,0.563636363,0.5,-0.268964738,0.249816835,0.193406582,0,0,15.9122372,12,8.37266827,8.31873989,0,13.3024006,12.5781193,4.24540281,0,,,,50
44374433,0.5,0.543859661,0.5,-0.268964738,0.249816835,0.209523797,0,0,15.907692,12,8.38472462,8.32085133,0,13.3095493,12.5781193,4.24540281,0,,,,50
44375768,0.5,0.553571403,0.5,-0.268964738,0.249816835,0.201465189,0,0,15.9167824,12,8.38773823,8.31662846,0,13.3166971,13.935647,3.9715879,0,,,,50
44376895,0.5,0.508771956,0.5,-0.268964738,0.23369962,0.225641012,0,0,15.9122372,12,8.38773823,8.31662846,0,13.3238449,13.935647,3.9715879,0,,,,50
44378025,0.5,0.545454562,0.5,-0.268964738,0.241758227,0.201465189,0,0,15.907692,12,8.38171005,8.31873989,0,13.3095493,12.5821371,4.42694092,0,,,,50
44379152,0.5,0.545454562,0.5,-0.268964738,0.241758227,0.201465189,0,0,15.907692,12,8.36362648,8.31873989,0,13.3166971,12.5821371,4.42694092,0,,,,50
44380283,0.5,0.563636363,0.5,-0.268964738,0.249816835,0.193406582,0,0,15.9122372,12,8.37266827,8.32296276,0,13.3166971,13.9396057,4.15099335,0,,,,50
44381415,0.5,0.561403513,0.5,-0.268964738,0.257875443,0.201465189,0,0,15.9122372,12,8.36664104,8.32085133,0,13.3238449,13.9396057,4.15099335,0,,,,50
44382546,0.5,0.551724136,0.5,-0.268964738,0.257875443,0.209523797,0,0,15.9122372,12,8.36362648,8.31662846,0,13.3238449,12.5860386,4.60424471,0,,,,50
44383672,0.5,0.545454562,0.5,-0.268964738,0.241758227,0.201465189,0,0,15.9122372,12,8.36362648,8.32085133,0,13.3166971,12.5860386,4.60424471,0,,,,50
44384802,0.5,0.563636363,0.5,-0.268964738,0.249816835,0.193406582,0,0,15.9122372,12,8.38171005,8.3250742,0,13.3095493,13.943449,4.32622671,0,,,,50
44385938,0.5,0.543859661,0.5,-0.268964738,0.249816835,0.209523797,0,0,15.9122372,12,8.36061287,8.32085133,0,13.3238449,13.943449,4.32622671,0,,,,50
44387069,0.5,0.551724136,0.5,-0.268964738,0.257875443,0.209523797,0,0,15.9122372,12,8.37568283,8.31662846,0,13.288105,12.5898256,4.77743816,0,,,,50
44388195,0.5,0.561403513,0.5,-0.268964738,0.257875443,0.201465189,0,0,15.9122372,12,8.36965466,8.31240559,0,13.3238449,12.5898256,4.77743816,0,,,,50
44389331,0.5,0.566666663,0.5,-0.268964738,0.273992658,0.209523797,0,0,15.907692,12,8.37568283,8.31662846,0,13.3166971,13.9471807,4.49740982,0,,,,50
44390457,0.5,0.586206913,0.5,-0.268964738,0.273992658,0.193406582,0,0,15.9122372,12,8.38773823,8.31873989,0,13.3166971,13.9471807,4.49740982,0,,,,50
44391588,0.5,0.555555582,0.5,-0.268964738,0.241758227,0.193406582,0,0,15.9122372,12,8.36664104,8.31873989,0,13.3095493,12.5935011,4.94664097,0,,,,50
44392714,0.5,0.571428597,0.5,-0.268964738,0.257875443,0.193406582,0,0,15.9167824,12,8.37869644,8.32085133,0,13.3166971,12.5935011,4.94664097,0,,,,50
44393845,0.5,0.57407409,0.5,-0.268964738,0.249816835,0.185347974,0,0,15.9213276,12,8.37568283,8.31451702,0,13.3024006,13.9508018,4.66466141,0,,,,50
44394971,0.5,0.542372882,0.5,-0.268964738,0.257875443,0.217582405,0,0,15.9167824,12,8.36965466,8.32085133,0,13.3166971,13.9508018,4.66466141,0,,,,50
44396311,0.5,0.559322059,0.5,-0.268964738,0.26593405,0.209523797,0,0,15.9122372,12,8.36061287,8.31451702,0,13.3238449,12.5970697,5.11196995,0,,,,50
44397438,0.5,0.545454562,0.5,-0.268964738,0.241758227,0.201465189,0,0,15.9122372,12,8.37266827,8.31451702,0,13.3166971,12.5970697,5.11196995,0,,,,50
44398568,0.5,0.559322059,0.5,-0.268964738,0.26593405,0.209523797,0,0,15.9167824,12,8.35458469,8.31873989,0,13.3095493,13.954318,4.82809639,0,,,,50
44399695,0.5,0.543859661,0.5,-0.268964738,0.249816835,0.209523797,0,0,15.907692,12,8.36362648,8.31451702,0,13.3166971,13.954318,4.82809639,0,,,,50
44400826,0.5,0.543859661,0.5,-0.268964738,0.249816835,0.209523797,0,0,15.9122372,12,8.35157108,8.31873989,0,13.3024006,12.6005344,5.27353907,0,,,,50
44401952,0.5,0.561403513,0.5,-0.268964738,0.257875443,0.201465189,0,0,15.907692,12,8.36965466,8.31240559,0,13.3238449,12.6005344,5.27353907,0,,,,50
44403083,0.5,0.571428597,0.5,-0.268964738,0.257875443,0.193406582,0,0,15.9167824,12,8.36965466,8.31662846,0,13.3024006,13.9577312,4.98782682,0,,,,50
44404214,0.5,0.568965495,0.5,-0.268964738,0.26593405,0.201465189,0,0,15.9167824,12,8.37266827,8.31451702,0,13.3095493,13.9577312,4.98782682,0,,,,50
44405345,0.5,0.561403513,0.5,-0.268964738,0.257875443,0.201465189,0,0,15.9167824,12,8.37869644,8.31240559,0,13.3095493,12.6038971,5.431458,0,,,,50
44406481,0.5,0.553571403,0.5,-0.268964738,0.249816835,0.201465189,0,0,15.9167824,12,8.37869644,8.31451702,0,13.3166971,12.6038971,5.431458,0,,,,50
44407611,0.5,0.568965495,0.5,-0.268964738,0.26593405,0.201465189,0,0,15.9122372,12,8.36664104,8.31873989,0,13.3095493,13.9610443,5.14396095,0,,,,50
44408738,0.5,0.543859661,0.5,-0.268964738,0.249816835,0.209523797,0,0,15.9122372,12,8.38171005,8.32085133,0,13.3166971,13.9610443,5.14396095,0,,,,50
44409868,0.5,0.555555582,0.5,-0.268964738,0.282051265,0.225641012,0,0,15.9122372,12,8.36664104,8.30607224,0,13.3024006,12.6071615,5.58583307,0,,,,50
44410995,0.5,0.551724136,0.5,-0.268964738,0.257875443,0.209523797,0,0,15.907692,12,8.35458469,8.31662846,0,13.3095493,12.6071615,5.58583307,0,,,,50
44412130,0.5,0.561403513,0.5,-0.268964738,0.257875443,0.201465189,0,0,15.9122372,12,8.37266827,8.31451702,0,13.3095493,13.9642601,5.29660368,0,,,,50
44413256,0.5,0.543859661,0.5,-0.268964738,0.249816835,0.209523797,0,0,15.9122372,12,8.37266827,8.31451702,0,13.3166971,13.9642601,5.29660368,0,,,,50
44414387,0.5,0.550000012,0.5,-0.268964738,0.26593405,0.217582405,0,0,15.9122372,12,8.36965466,8.31662846,0,13.3095493,12.6103306,5.73676825,0,,,,50
44415514,0.5,0.559322059,0.5,-0.268964738,0.26593405,0.209523797,0,0,15.9122372,12,8.38773823,8.31240559,0,13.3166971,12.6103306,5.73676825,0,,,,50
44416848,0.5,0.542372882,0.5,-0.268964738,0.257875443,0.217582405,0,0,15.9122372,12,8.36664104,8.31029415,0,13.3166971,13.9673824,5.44585705,0,,,,50
44417975,0.5,0.55737704,0.5,-0.268964738,0.273992658,0.217582405,0,0,15.9167824,12,8.37869644,8.31451702,0,13.3166971,13.9673824,5.44585705,0,,,,50
44419105,0.5,0.540983617,0.5,-0.268964738,0.26593405,0.225641012,0,0,15.9122372,12,8.35458469,8.31240559,0,13.3095493,12.6134071,5.8843646,0,,,,50
44420237,0.5,0.55737704,0.5,-0.268964738,0.273992658,0.217582405,0,0,15.9122372,12,8.35759926,8.31873989,0,13.3166971,12.6134071,5.8843646,0,,,,50
44421367,0.5,0.55737704,0.5,-0.268964738,0.273992658,0.217582405,0,0,15.907692,12,8.37869644,8.3039608,0,13.3095493,13.9704132,5.59182024,0,,,,50
44422494,0.5,0.55737704,0.5,-0.268964738,0.273992658,0.217582405,0,0,15.907692,12,8.33348751,8.30607224,0,13.3166971,13.9704132,5.59182024,0,,,,50
44423624,0.5,0.555555582,0.5,-0.268964738,0.282051265,0.225641012,0,0,15.907692,12,8.38171005,8.3039608,0,13.3166971,12.6163931,6.02871895,0,,,,50
44424751,0.5,0.575757563,0.5,-0.268964738,0.306227088,0.225641012,0,0,15.907692,12,8.35458469,8.30818272,0,13.3166971,12.6163931,6.02871895,0,,,,50
44425891,0.5,0.545454562,0.5,-0.268964738,0.290109873,0.241758227,0,0,15.9031467,12,8.35458469,8.30607224,0,13.3095493,13.9733553,5.73458958,0,,,,50
44427022,0.5,0.539682567,0.5,-0.268964738,0.273992658,0.23369962,0,0,15.907692,12,8.33951569,8.29973793,0,13.3095493,13.9733553,5.73458958,0,,,,50
44428153,0.5,0.55384618,0.5,-0.268964738,0.290109873,0.23369962,0,0,15.907692,12,8.3425293,8.3039608,0,13.3024006,12.6192923,6.16992712,0,,,,50
44429280,0.5,0.564516127,0.5,-0.268964738,0.282051265,0.217582405,0,0,15.907692,12,8.31841755,8.31451702,0,13.3166971,12.6192923,6.16992712,0,,,,50
44430411,0.5,0.55384618,0.5,-0.268964738,0.290109873,0.23369962,0,0,15.907692,12,8.36965466,8.29973793,0,13.3166971,13.9762115,5.874259,0,,,,50
44431538,0.5,0.540983617,0.5,-0.268964738,0.26593405,0.225641012,0,0,15.907692,12,8.35157108,8.30607224,0,13.3166971,13.9762115,5.874259,0,,,,50
44432669,0.5,0.523809552,0.5,-0.268964738,0.26593405,0.241758227,0,0,15.907692,12,8.35157108,8.30818272,0,13.3095493,12.6221066,6.30807972,0,,,,50
44433795,0.5,0.5625,0.5,-0.268964738,0.290109873,0.225641012,0,0,15.907692,12,8.33650112,8.3039608,0,13.3095493,12.6221066,6.30807972,0,,,,50
44434930,0.5,0.545454562,0.5,-0.268964738,0.290109873,0.241758227,0,0,15.907692,12,8.34554291,8.30184937,0,13.3024006,13.9789839,6.01091814,0,,,,50
44436057,0.5,0.537313461,0.5,-0.268964738,0.290109873,0.249816835,0,0,15.907692,12,8.33650112,8.2976265,0,13.3095493,13.9789839,6.01091814,0,,,,50
44437188,0.5,0.569230795,0.5,-0.268964738,0.29816848,0.225641012,0,0,15.9031467,12,8.36362648,8.31029415,0,13.3095493,12.6248388,6.44326687,0,,,,50
44438518,0.5,0.555555582,0.5,-0.268964738,0.282051265,0.225641012,0,0,15.9122372,12,8.36362648,8.31029415,0,13.3166971,12.6248388,6.44326687,0,,,,50
44439649,0.5,0.550000012,0.5,-0.268964738,0.26593405,0.217582405,0,0,15.9122372,12,8.35157108,8.2976265,0,13.3024006,13.9816761,6.14465523,0,,,,50
44440776,0.5,0.573770463,0.5,0.492601097,0.282051265,0.209523797,0,0,15.9122372,12,8.38171005,8.30607224,0,13.3166971,13.9816761,6.14465523,0,,,,50
44441907,0.5,0.540983617,0.5,0.492601097,0.26593405,0.225641012,0,0,15.907692,11.2138433,8.33348751,8.31451702,0,13.3095493,11.2138433,6.15205383,0,,,,50
44443038,0.5,0.55737704,0.5,0.492601097,0.273992658,0.217582405,0,0,15.907692,11.2138433,8.3425293,8.31029415,0,13.3095493,11.2138433,6.15205383,0,,,,50
44444169,0.5,0.542372882,0.5,0.492601097,0.257875443,0.217582405,0,0,15.907692,10.1269922,8.36061287,8.31240559,0,13.3095493,10.1269922,6.15945292,0,,,,50
44445295,0.5,0.571428597,0.5,0.492601097,0.257875443,0.193406582,0,0,15.9167824,10.1269922,8.37568283,8.32718563,0,13.3166971,10.1269922,6.15945292,0,,,,50
44446435,0.5,0.551020384,0.5,0.492601097,0.217582405,0.177289367,0,0,15.9213276,9.26624107,8.39979362,8.33563042,0,13.3238449,9.26624107,6.166852,0,,,,50
44447562,0.5,0.577777803,0.5,0.492601097,0.209523797,0.153113544,0,0,15.9213276,9.26624107,8.4058218,8.34829903,0,13.3095493,9.26624107,6.166852,0,,,,50
44448692,0.5,0.581395328,0.5,0.492601097,0.201465189,0.145054936,0,0,15.9213276,8.58805466,8.42089176,8.34196472,0,13.3166971,8.58805466,6.1742506,0,,,,50
44449819,0.5,0.555555582,0.5,0.492601097,0.201465189,0.161172152,0,0,15.9304171,8.58805466,8.43897438,8.36307812,0,13.3238449,8.58805466,6.1742506,0,,,,50
44450954,0.5,0.594594598,0.5,0.492601097,0.177289367,0.120879114,0,0,15.9213276,8.05821037,8.40280819,8.35885525,0,13.3166971,8.05821037,6.18164968,0,,,,50
44452081,0.5,0.615384638,0.5,0.492601097,0.193406582,0.120879114,0,0,15.9258718,8.05821037,8.49925327,8.36307812,0,13.3024006,8.05821037,6.18164968,0,,,,50
44453212,0.5,0.657894731,0.5,0.492601097,0.201465189,0.104761899,0,0,15.9258718,7.6478343,8.51432323,8.35885525,0,13.3095493,7.6478343,6.18904829,0,,,,50
44454338,0.5,0.575757563,0.5,0.492601097,0.153113544,0.112820506,0,0,15.9304171,7.6478343,8.46609974,8.36518955,0,13.3166971,7.6478343,6.18904829,0,,,,50
44455469,0.5,0.636363626,0.5,0.492601097,0.169230759,0.0967032909,0,0,15.9258718,7.33264065,8.38472462,8.37152386,0,13.3166971,7.33264065,6.19644737,0,,,,50
44456595,0.5,0.742857158,0.5,0.492601097,0.209523797,0.0725274682,0,0,15.9304171,7.33264065,8.55048943,8.37574673,0,13.3238449,7.33264065,6.19644737,0,,,,50
44457730,0.5,0.714285731,0.5,0.492601097,0.161172152,0.0644688606,0,0,15.9304171,7.0924964,8.32143211,8.38841438,0,13.3166971,7.0924964,6.20384645,0,,,,50
44459061,0.5,0.740740716,0.5,0.492601097,0.161172152,0.056410253,0,0,15.9304171,7.0924964,8.45103073,8.39686012,0,13.3095493,7.0924964,6.20384645,0,,,,50
44460191,0.5,0.75999999,0.5,0.492601097,0.153113544,0.0483516455,0,0,15.9304171,6.91094971,8.46308613,8.38841438,0,13.3166971,6.91094971,6.21124506,0,,,,50
44461318,0.5,0.75,0.5,0.492601097,0.145054936,0.0483516455,0,0,15.9304171,6.91094971,8.50226688,8.38841438,0,13.3238449,6.91094971,6.21124506,0,,,,50
44462448,0.5,0.740740716,0.5,0.492601097,0.161172152,0.056410253,0,0,15.9349623,6.77473164,8.46609974,8.38419151,0,13.3166971,6.77473164,6.21864414,0,,,,50
44463575,0.5,0.730769217,0.5,0.492601097,0.153113544,0.056410253,0,0,15.9258718,6.77473164,8.38773823,8.39052582,0,13.3238449,6.77473164,6.21864414,0,,,,50
44464706,0.5,0.714285731,0.5,0.492601097,0.161172152,0.0644688606,0,0,15.9258718,6.67326212,8.48418331,8.39263725,0,13.3238449,6.67326212,6.22604275,0,,,,50
44465846,0.5,0.720000029,0.5,0.492601097,0.145054936,0.056410253,0,0,15.9304171,6.67326212,8.61378193,8.39263725,0,13.3095493,6.67326212,6.22604275,0,,,,50
44466976,0.5,0.766666651,0.5,0.492601097,0.185347974,0.056410253,0,0,15.9395075,6.59819555,8.45404434,8.38630295,0,13.3166971,6.59819555,6.23344183,0,,,,50
44468103,0.5,0.703703701,0.5,0.492601097,0.153113544,0.0644688606,0,0,15.9304171,6.59819555,8.47212791,8.38630295,0,13.3095493,6.59819555,6.23344183,0,,,,50
44469233,0.5,0.730769217,0.5,0.492601097,0.153113544,0.056410253,0,0,15.9304171,6.54301214,8.40883541,8.39686012,0,13.3095493,6.54301214,6.24084091,0,,,,50
44470360,0.5,0.769230783,0.5,0.492601097,0.161172152,0.0483516455,0,0,15.9304171,6.54301214,8.42993259,8.38419151,0,13.3309927,6.54301214,6.24084091,0,,,,50
44471491,0.5,0.75,0.5,0.492601097,0.145054936,0.0483516455,0,0,15.9304171,6.50266647,8.4058218,8.37785816,0,13.3238449,6.50266647,6.24823952,0,,,,50
44472617,0.5,0.720000029,0.5,0.492601097,0.145054936,0.056410253,0,0,15.9304171,6.50266647,8.45404434,8.39052582,0,13.3166971,6.50266647,6.24823952,0,,,,50
44473753,0.5,0.75999999,0.5,0.492601097,0.153113544,0.0483516455,0,0,15.9304171,6.47328997,8.45705795,8.39052582,0,13.3309927,6.47328997,6.2556386,0,,,,50
44474880,0.5,0.680000007,0.5,0.492601097,0.136996329,0.0644688606,0,0,15.9304171,6.47328997,8.47212791,8.38841438,0,13.3238449,6.47328997,6.2556386,0,,,,50
44476011,0.5,0.720000029,0.5,0.492601097,0.145054936,0.056410253,0,0,15.9213276,6.45194101,8.43897438,8.4074173,0,13.3238449,6.45194101,6.2630372,0,,,,50
44477137,0.5,0.720000029,0.5,0.492601097,0.145054936,0.056410253,0,0,15.9304171,6.45194101,8.44198895,8.39897156,0,13.3309927,6.45194101,6.2630372,0,,,,50
44478268,0.5,0.714285731,0.5,0.492601097,0.161172152,0.0644688606,0,0,15.9304171,6.43640471,8.49925327,8.39052582,0,13.3238449,6.43640471,6.27043629,0,,,,50
44479395,0.5,0.758620679,0.5,0.492601097,0.177289367,0.056410253,0,0,15.9304171,6.43640471,8.44500256,8.39686012,0,13.3238449,6.43640471,6.27043629,0,,,,50
44480734,0.5,0.769230783,0.5,0.492601097,0.161172152,0.0483516455,0,0,15.9349623,6.42502689,8.41486359,8.39686012,0,13.3166971,6.42502689,6.27783537,0,,,,50
44481860,0.5,0.758620679,0.5,0.492601097,0.177289367,0.056410253,0,0,15.9304171,6.42502689,8.44500256,8.39052582,0,13.3238449,6.42502689,6.27783537,0,,,,50
44482991,0.5,0.774193525,0.5,0.492601097,0.193406582,0.056410253,0,0,15.9349623,6.41658497,8.42390537,8.38208103,0,13.3238449,6.41658497,6.28523397,0,,,,50
44484118,0.5,0.666666687,0.5,0.492601097,0.128937721,0.0644688606,0,0,15.9258718,6.41658497,8.47212791,8.38630295,0,13.3309927,6.41658497,6.28523397,0,,,,50
44485248,0.5,0.793103456,0.5,0.492601097,0.185347974,0.0483516455,0,0,15.9304171,6.41018391,8.38773823,8.38841438,0,13.3238449,6.41018391,6.29263306,0,,,,50
44486384,0.5,0.703703701,0.5,0.492601097,0.153113544,0.0644688606,0,0,15.9349623,6.41018391,8.46609974,8.38630295,0,13.3238449,6.41018391,6.29263306,0,,,,50
44487515,0.5,0.714285731,0.5,0.492601097,0.161172152,0.0644688606,0,0,15.9395075,6.40517473,8.37266827,8.39052582,0,13.3166971,6.40517473,6.30003214,0,,,,50
44488646,0.5,0.724137902,0.5,0.492601097,0.169230759,0.0644688606,0,0,15.9349623,6.40517473,8.36965466,8.38841438,0,13.3238449,6.40517473,6.30003214,0,,,,50
44489777,0.5,0.75999999,0.5,0.492601097,0.153113544,0.0483516455,0,0,15.9349623,6.40109444,8.50829506,8.40108299,0,13.3166971,6.40109444,6.30743074,0,,,,50
44490903,0.5,0.782608688,0.5,0.574075222,0.145054936,0.0402930379,0,0,15.9304171,6.40109444,8.38472462,8.40319443,0,13.3238449,6.40109444,6.30743074,0,,,,50
44492034,0.5,0.777777791,0.5,0.574075222,0.169230759,0.0483516455,0,0,15.9258718,6.24637938,8.47212791,8.39686012,0,13.3166971,6.24637938,6.23335552,0,,,,50
44493160,0.5,0.75,0.5,0.574075222,0.169230759,0.056410253,0,0,15.9304171,6.24637938,8.3304739,8.37785816,0,13.3309927,6.24637938,6.23335552,0,,,,50
44494291,0.5,0.720000029,0.5,0.574075222,0.145054936,0.056410253,0,0,15.9304171,5.77318144,8.45705795,8.39052582,0,13.3166971,5.77318144,6.1592803,0,,,,50
44495418,0.5,0.739130437,0.5,0.574075222,0.136996329,0.0483516455,0,0,15.9349623,5.77318144,8.45705795,8.39263725,0,13.3309927,5.77318144,6.1592803,0,,,,50
44496553,0.5,0.761904776,0.5,0.574075222,0.128937721,0.0402930379,0,0,15.9349623,5.05391073,8.47212791,8.39686012,0,13.3166971,5.05391073,6.08520508,0,,,,50
44497680,0.5,0.800000012,0.5,0.559347093,0.128937721,0.0322344303,0,0,15.9304171,5.05391073,8.46007252,8.40952778,0,13.3309927,5.05391073,6.08520508,0,,,,50
44498811,0.5,0.777777791,0.5,0.559347093,0.112820506,0.0322344303,0,0,15.9349623,4.26040363,8.50528145,8.40319443,0,13.3166971,4.26040363,6.02585793,0,,,,50
44499937,0.5,0.70588237,0.5,0.559347093,0.0967032909,0.0402930379,0,0,15.9349623,4.26040363,8.53542042,8.40108299,0,13.3238449,4.26040363,6.02585793,0,,,,50
44501273,0.5,0.785714269,0.5,0.559347093,0.0886446834,0.0241758227,0,0,15.9304171,3.51211429,8.50528145,8.40530586,0,13.3309927,3.51211429,5.96651125,0,,,,50
44502400,0.5,0.692307711,0.5,0.559347093,0.0725274682,0.0322344303,0,0,15.9349623,3.51211429,8.51432323,8.4074173,0,13.3238449,3.51211429,5.96651125,0,,,,50
44503531,0.5,0.75,0.5,0.559347093,0.0725274682,0.0241758227,0,0,15.9304171,2.84820628,8.51733685,8.4074173,0,13.3166971,2.84820628,5.9071641,0,,,,50
44504662,0.5,0.699999988,0.5,0.559307873,0.056410253,0.0241758227,0,0,15.9349623,2.84820628,8.54144764,8.39474869,0,13.3238449,2.84820628,5.9071641,0,,,,50
44505802,0.5,0.666666687,0.5,0.559307873,0.0483516455,0.0241758227,0,0,15.9349623,2.27033997,8.53843403,8.40952778,0,13.3166971,2.27033997,5.84785604,0,,,,50
44506929,0.5,0.75,0.5,0.559307873,0.0483516455,0.0161172152,0,0,15.9304171,2.27033997,8.5565176,8.42219639,0,13.3309927,2.27033997,5.84785604,0,,,,50
44508059,0.5,1,0.5,0.559307873,0.0483516455,0,0,0,15.9258718,1.77422261,8.53843403,8.42219639,0,13.3166971,1.77422261,5.78854847,0,,,,50
44509186,0.5,0.800000012,0.5,0.559307873,0.0322344303,0.00805860758,0,0,15.9304171,1.77422261,8.52939224,8.42219639,0,13.3309927,1.77422261,5.78854847,0,,,,50
44510318,0.5,1,0.5,0.559307873,0.0402930379,0,0,0,15.9349623,1.35211718,8.53843403,8.42430782,0,13.3166971,1.35211718,5.72924042,0,,,,50
44511449,0.5,1,0.5,0.559307873,0.0402930379,0,0,0,15.9349623,1.35211718,8.52336502,8.42008495,0,13.3309927,1.35211718,5.72924042,0,,,,50
44512580,0.5,1,0.5,0.559307873,0.0483516455,0,0,0,15.9349623,0.994790316,8.52336502,8.42219639,0,13.3238449,0.994790316,5.66993284,0,,,,50
44513707,0.5,1,0.5,0.559307873,0.0322344303,0,0,0,15.9349623,0.994790316,8.52939224,8.42853069,0,13.3309927,0.994790316,5.66993284,0,,,,50
44514838,0.5,1,0.5,0.559307873,0.0322344303,0,0,0,15.9304171,0.692769885,8.53843403,8.42853069,0,13.3238449,0.692769885,5.61062479,0,,,,50
44515965,0.5,1,0.5,0.559307873,0.0322344303,0,0,0,15.9349623,0.692769885,8.52336502,8.43064213,0,13.3309927,0.692769885,5.61062479,0,,,,50
44517096,0.5,1,0.5,0.559307873,0.0402930379,0,0,0,15.9349623,0.43704927,8.53843403,8.43064213,0,13.3309927,0.43704927,5.55131721,0,,,,50
44518222,0.5,1,0.5,0.559307873,0.0402930379,0,0,0,15.9349623,0.43704927,8.49021149,8.42853069,0,13.3166971,0.43704927,5.55131721,0,,,,50
44519358,0.5,1,0.5,0.559307873,0.0402930379,0,0,0,15.9349623,0.21946618,8.55953121,8.43275356,0,13.3166971,0.21946618,5.49200916,0,,,,50
44520485,0.5,1,0.5,0.559307873,0.0322344303,0,0,0,15.9349623,0.21946618,8.57158756,8.42641926,0,13.3309927,0.21946618,5.49200916,0,,,,50
44521819,0.5,1,0.5,0.559307873,0.0322344303,0,0,0,15.9349623,0.0328684635,8.57761478,8.43486404,0,13.3166971,0.0328684635,5.43270159,0,,,,50
44522946,0.5,1,0.5,0.559307873,0.0241758227,0,0,0,15.9395075,0.0328684635,8.52336502,8.43275356,0,13.3309927,0.0328684635,5.43270159,0,,,,50
44524077,0.5,1,0.5,0.559307873,0.0241758227,0,0,0,15.9304171,-0.128854319,8.5444622,8.43275356,0,13.3166971,-0.128854319,5.37339354,0,,,,50
44525204,0.5,1,0.5,0.559307873,0.0241758227,0,0,0,15.9349623,-0.128854319,8.54747581,8.43275356,0,13.3309927,-0.128854319,5.37339354,0,,,,50
44526344,0.5,1,0.5,0.559307873,0.0322344303,0,0,0,15.9395075,-0.270819098,8.50226688,8.43275356,0,13.3238449,-0.270819098,5.31408596,0,,,,50
44527475,0.5,1,0.5,0.559307873,0.0241758227,0,0,0,15.9349623,-0.270819098,8.56254578,8.43275356,0,13.3309927,-0.270819098,5.31408596,0,,,,50
44528606,0.5,1,0.5,0.559307873,0.0402930379,0,0,0,15.9304171,-0.397240698,8.54144764,8.43064213,0,13.3238449,-0.397240698,5.25477791,0,,,,50
44529733,0.5,1,0.5,0.559307873,0.0402930379,0,0,0,15.9349623,-0.397240698,8.52939224,8.43064213,0,13.3309927,-0.397240698,5.25477791,0,,,,50
44530864,0.5,1,0.5,0.559307873,0.0322344303,0,0,0,15.9349623,-0.51154232,8.60775471,8.43064213,0,13.3238449,-0.51154232,5.19547033,0,,,,50
44531991,0.5,1,0.5,0.559307873,0.0322344303,0,0,0,15.9349623,-0.51154232,8.56254578,8.43064213,0,13.3309927,-0.51154232,5.19547033,0,,,,50
44533121,0.5,1,0.5,0.559307873,0.0241758227,0,0,0,15.9349623,-0.616470098,8.53843403,8.43275356,0,13.3238449,-0.616470098,5.13616228,0,,,,50
44534248,0.5,1,0.5,0.559307873,0.0322344303,0,0,0,15.9349623,-0.616470098,8.5444622,8.43064213,0,13.3238449,-0.616470098,5.13616228,0,,,,50
44535384,0.5,1,0.5,0.559307873,0.0322344303,0,0,0,15.9349623,-0.714202702,8.54747581,8.43064213,0.00714798551,13.3166971,-0.714202702,5.07685471,0,,,,50
44536510,0.5,1,0.5,0.559307873,0.0322344303,0,0,0,15.9304171,-0.714202702,8.52336502,8.43064213,0,13.3309927,-0.714202702,5.07685471,0,,,,50
44537641,0.5,1,0.5,0.559307873,0.0322344303,0,0,0,15.9395075,-0.806450963,8.5444622,8.43275356,0,13.3238449,-0.806450963,5.01754665,0,,,,50
44538768,0.5,1,0.5,0.559307873,0.0322344303,0,0,0,15.9349623,-0.806450963,8.54144764,8.43064213,0,13.3238449,-0.806450963,5.01754665,0,,,,50
44539899,0.5,1,0.5,0.559307873,0.0322344303,0,0,0,15.9395075,-0.894545555,8.54747581,8.43064213,0,13.3166971,-0.894545555,4.95823908,0,,,,50
44541025,0.5,1,0.5,0.559307873,0.0241758227,0,0,0,15.9395075,-0.894545555,8.54144764,8.43275356,0,13.3238449,-0.894545555,4.95823908,0,,,,50
44542161,0.5,1,0.5,0.559307873,0.0322344303,0,0,0,15.9349623,-0.979512155,8.53542042,8.43064213,0,13.3166971,-0.979512155,4.89893103,0,,,,50
44543492,0.5,1,0.5,0.559307873,0.0402930379,0,0,0,15.9349623,-0.979512155,8.55350399,8.43064213,0,13.3309927,-0.979512155,4.89893103,0,,,,50
44544623,0.5,1,0.5,0.559307873,0.0241758227,0,0,0,15.9395075,-1.06213403,8.53542042,8.42853069,0,13.3166971,-1.06213403,4.83962345,0,,,,50
44545759,0.5,1,0.5,0.559307873,0.0322344303,0,0,0,15.9304171,-1.06213403,8.54144764,8.42853069,0,13.3309927,-1.06213403,4.83962345,0,,,,50
44546890,0.5,1,0.5,0.559307873,0.0322344303,0,0,0,15.9349623,-1.1430043,8.57158756,8.42853069,0,13.3166971,-1.1430043,4.7803154,0,,,,50
44548017,0.5,1,0.5,0.559307873,0.0241758227,0,0,0,15.9395075,-1.1430043,8.52336502,8.42853069,0,13.3309927,-1.1430043,4.7803154,0,,,,50
44549148,0.5,1,0.5,0.559307873,0.0322344303,0,0,0,15.9395075,-1.22256792,8.52939224,8.42853069,0,13.3166971,-1.22256792,4.72100782,0,,,,50
44550279,0.5,1,0.5,0.559307873,0.0241758227,0,0,0,15.9349623,-1.22256792,8.53843403,8.43064213,0,13.3309927,-1.22256792,4.72100782,0,,,,50
44551410,0.5,1,0.5,0.559307873,0.0241758227,0,0,0,15.9349623,-1.30115581,8.57460117,8.42853069,0,13.3166971,-1.30115581,4.66169977,0,,,,50
44552536,0.5,1,0.5,0.559307873,0.0161172152,0,0,0,15.9395075,-1.30115581,8.5444622,8.42219639,0,13.3309927,-1.30115581,4.66169977,0,,,,50
44553668,0.5,1,0.5,0.559307873,0.0241758227,0,0,0,15.9304171,-1.37901163,8.5444622,8.42853069,0,13.3166971,-1.37901163,4.6023922,0,,,,50
44554795,0.5,1,0.5,0.559307873,0.0161172152,0,0,0,15.9395075,-1.37901163,8.50528145,8.42853069,0,13.3238449,-1.37901163,4.6023922,0,,,,50
44555925,0.5,1,0.5,0.559307873,0.0241758227,0,0,0,15.9395075,-1.45631301,8.57460117,8.42853069,0,13.3166971,-1.45631301,4.54308414,0,,,,50
44557052,0.5,1,0.5,0.559307873,0.0161172152,0,0,0,15.9349623,-1.45631301,8.5565176,8.42853069,0,13.3166971,-1.45631301,4.54308414,0,,,,50
44558187,0.5,1,0.5,0.559307873,0.0241758227,0,0,0,15.9349623,-1.53318775,8.53240585,8.42853069,0,13.3166971,-1.53318775,4.48377657,0,,,,50
44559314,0.5,1,0.5,0.559307873,0.0241758227,0,0,0,15.9349623,-1.53318775,8.53843403,8.42853069,0,13.3309927,-1.53318775,4.48377657,0,,,,50
44560445,0.5,1,0.5,0.559307873,0.0241758227,0,0,0,15.9395075,-1.60972726,8.52939224,8.42853069,0,13.3166971,-1.60972726,4.42446852,0,,,,50
44561572,0.5,1,0.5,0.559307873,0.0241758227,0,0,0,15.9349623,-1.60972726,8.5444622,8.42641926,0,13.3238449,-1.60972726,4.42446852,0,,,,50
44562703,0.5,1,0.5,0.559307873,0.0161172152,0,0,0,15.9395075,-1.68599534,8.54144764,8.42853069,0,13.3166971,-1.68599534,4.36516094,0,,,,50
44564033,0.5,1,0.5,0.559307873,0.0241758227,0,0,0,15.9349623,-1.68599534,8.55350399,8.42853069,0,13.3166971,-1.68599534,4.36516094,0,,,,50
44565164,0.5,1,0.5,0.559307873,0.0241758227,0,0,0,15.9349623,-1.76203632,8.49925327,8.42853069,0,13.3166971,-1.76203632,4.30585289,0,,,,50
44566305,0.5,1,0.5,0.559307873,0.0241758227,0,0,0,15.9349623,-1.76203632,8.52035046,8.42853069,0,13.3238449,-1.76203632,4.30585289,0,,,,50
44567435,0.5,1,0.5,0.559307873,0.0322344303,0,0,0,15.9395075,-1.83788002,8.52336502,8.42853069,0,13.3166971,-1.83788002,4.24654531,0,,,,50
44568562,0.5,1,0.5,0.559307873,0.0241758227,0,0,0,15.9349623,-1.83788002,8.52336502,8.42853069,0,13.3166971,-1.83788002,4.24654531,0,,,,50
44569693,0.5,1,0.5,0.559307873,0.0241758227,0,0,0,15.9349623,-1.91354644,8.56254578,8.42853069,0,13.3309927,-1.91354644,4.18723726,0,,,,50
44570820,0.5,1,0.5,0.559307873,0.0241758227,0,0,0,15.9395075,-1.91354644,8.55953121,8.42853069,0,13.3309927,-1.91354644,4.18723726,0,,,,50
44571951,0.5,1,0.5,0.559307873,0.0241758227,0,0,0,15.9349623,-1.989048,8.58364296,8.42641926,0,13.3166971,-1.989048,4.12792969,0,,,,50
44573083,0.5,1,0.5,0.559307873,0.0161172152,0,0,0,15.9349623,-1.989048,8.54144764,8.42853069,0,13.3309927,-1.989048,4.12792969,0,,,,50
44574213,0.5,1,0.5,0.559307873,0.0161172152,0,0,0,15.9349623,-2.06439281,8.54747581,8.42641926,0,13.3238449,-2.06439281,4.06862164,0,,,,50
44575340,0.5,1,0.5,0.559307873,0.0241758227,0,0,0,15.9349623,-2.06439281,8.55350399,8.42853069,0,13.3238449,-2.06439281,4.06862164,0,,,,50
44576471,0.5,1,0.5,0.559307873,0.0161172152,0,0,0,15.9349623,-2.13958502,8.54747581,8.42853069,0,13.3166971,-2.13958502,4.00931406,0,,,,50
44577597,0.5,1,0.5,0.559307873,0.0241758227,0,0,0,15.9349623,-2.13958502,8.52939224,8.42853069,0,13.3309927,-2.13958502,4.00931406,0,,,,50
44578728,0.5,1,0.5,0.559307873,0.0161172152,0,0,0,15.9395075,-2.21462679,8.55350399,8.42853069,0,13.3238449,-2.21462679,3.95000625,0,,,,50
44579855,0.5,1,0.5,0.559307873,0.0241758227,0,0,0,15.9349623,-2.21462679,8.568573,8.42641926,0,13.3309927,-2.21462679,3.95000625,0,,,,50
44580991,0.5,1,0.5,0.559307873,0.0161172152,0,0,0,15.9349623,-2.28951955,8.55350399,8.42641926,0,13.3166971,-2.28951955,3.89069843,0,,,,50
44582118,0.5,1,0.5,0.559307873,0.0161172152,0,0,0,15.9349623,-2.28951955,8.54747581,8.42853069,0,13.3238449,-2.28951955,3.89069843,0,,,,50
44583248,0.5,1,0.5,0.559307873,0.00805860758,0,0,0,15.9304171,-2.36426282,8.56254578,8.42430782,0,13.3166971,-2.36426282,3.83139062,0,,,,50
44584375,0.5,1,0.5,0.559307873,0.0161172152,0,0,0,15.9349623,-2.36426282,8.53240585,8.42641926,0,13.3309927,-2.36426282,3.83139062,0,,,,50
44585720,0.5,1,0.5,0.559307873,0.0161172152,0,0,0,15.9349623,-2.43885636,8.55953121,8.42853069,0,13.3238449,-2.43885636,3.77208281,0,,,,50
44586846,0.5,1,0.5,0.559307873,0.00805860758,0,0,0,15.9349623,-2.43885636,8.568573,8.42430782,0,13.3238449,-2.43885636,3.77208281,0,,,,50
44587977,0.5,1,0.5,0.559307873,0.0241758227,0,0,0,15.9349623,-2.5132997,8.56254578,8.42853069,0,13.3166971,-2.5132997,3.71277499,0,,,,50
44589108,0.5,1,0.5,0.559307873,0.0161172152,0,0,0,15.9349623,-2.5132997,8.52336502,8.42641926,0,13.3238449,-2.5132997,3.71277499,0,,,,50
44590239,0.5,1,0.5,0.559307873,0.0161172152,0,0,0,15.9349623,-2.58759189,8.58364296,8.42853069,0,13.3166971,-2.58759189,3.65346718,0,,,,50
44591366,0.5,1,0.5,0.559307873,0.0241758227,0,0,0,15.9349623,-2.58759189,8.53240585,8.42853069,0,13.3309927,-2.58759189,3.65346718,0,,,,50
44592497,0.5,1,0.5,0.559307873,0.0161172152,0,0,0,15.9304171,-2.6617322,8.57761478,8.42853069,0,13.3238449,-2.6617322,3.59415936,0,,,,50
44593624,0.5,1,0.5,0.559307873,0.0241758227,0,0,0,15.9349623,-2.6617322,8.57158756,8.42641926,0,13.3309927,-2.6617322,3.59415936,0,,,,50
44594755,0.5,1,0.5,0.559307873,0.0241758227,0,0,0,15.9395075,-2.7357204,8.54747581,8.42641926,0,13.3238449,-2.7357204,3.53485155,0,,,,50
44595882,0.5,1,0.5,0.559307873,0.0241758227,0,0,0,15.9349623,-2.7357204,8.59569836,8.42641926,0,13.3309927,-2.7357204,3.53485155,0,,,,50
44597018,0.5,1,0.5,0.559307873,0.0161172152,0,0,0,15.9349623,-2.80955577,8.568573,8.42853069,0,13.3166971,-2.80955577,3.47554374,0,,,,50
44598145,0.5,1,0.5,0.559307873,0.0161172152,0,0,0,15.9349623,-2.80955577,8.55953121,8.42641926,0,13.3309927,-2.80955577,3.47554374,0,,,,50
44599276,0.5,1,0.5,0.559307873,0.0241758227,0,0,0,15.9395075,-2.88323808,8.53542042,8.42641926,0,13.3166971,-2.88323808,3.41623592,0,,,,50
44600403,0.5,1,0.5,0.559307873,0.0241758227,0,0,0,15.9349623,-2.88323808,8.57460117,8.42641926,0,13.3309927,-2.88323808,3.41623592,0,,,,50
44601534,0.5,1,0.5,0.559307873,0.0241758227,0,0,0,15.9395075,-2.95676684,8.57460117,8.42641926,0,13.3166971,-2.95676684,3.35692811,0,,,,50
44602660,0.5,1,0.5,0.559307873,0.0241758227,0,0,0,15.9349623,-2.95676684,8.51432323,8.42641926,0,13.3309927,-2.95676684,3.35692811,0,,,,50
44603796,0.5,1,0.5,0.559307873,0.0241758227,0,0,0,15.9349623,-3.03014231,8.57158756,8.42641926,0,13.3166971,-3.03014231,3.2976203,0,,,,50
44604923,0.5,1,0.5,0.559307873,0.0241758227,0,0,0,15.9304171,-3.03014231,8.52035046,8.42641926,0,13.3381405,-3.03014231,3.2976203,0,,,,50
44606267,0.5,1,0.5,0.559307873,0.0241758227,0,0,0,15.9304171,-3.10336399,8.56555939,8.42853069,0,13.3238449,-3.10336399,3.23831248,0,,,,50
44607394,0.5,1,0.5,0.559307873,0.0161172152,0,0,0,15.9349623,-3.10336399,8.55048943,8.42641926,0,13.3309927,-3.10336399,3.23831248,0,,,,50
44608525,0.5,1,0.5,0.559307873,0.0161172152,0,0,0,15.9395075,-3.17643213,8.568573,8.42641926,0,13.3166971,-3.17643213,3.17900467,0,,,,50
44609652,0.5,1,0.5,0.559307873,0.0161172152,0,0,0,15.9349623,-3.17643213,8.54144764,8.42641926,0,13.3238449,-3.17643213,3.17900467,0,,,,50
44610782,0.5,1,0.5,0.559307873,0.0161172152,0,0,0,15.9349623,-3.24934697,8.5444622,8.42641926,0,13.3166971,-3.24934697,3.11969686,0,,,,50
44611914,0.5,1,0.5,0.559307873,0.0161172152,0,0,0,15.9349623,-3.24934697,8.568573,8.41797352,0,13.3309927,-3.24934697,3.11969686,0,,,,50
44613045,0.5,1,0.5,0.559307873,0.0241758227,0,0,0,15.9349623,-3.32210851,8.57460117,8.42641926,0,13.3166971,-3.32210851,3.06038904,0,,,,50
44614172,0.5,1,0.5,0.559307873,0.0161172152,0,0,0,15.9349623,-3.32210851,8.54144764,8.42641926,0,13.3381405,-3.32210851,3.06038904,0,,,,50
44615303,0.5,1,0.5,0.559307873,0.0161172152,0,0,0,15.9395075,-3.39471674,8.58364296,8.42641926,0,13.3166971,-3.39471674,3.00108123,0,,,,50
44616430,0.5,1,0.5,0.559307873,0.0241758227,0,0,0,15.9349623,-3.39471674,8.55048943,8.42641926,0,13.3309927,-3.39471674,3.00108123,0,,,,50
44617560,0.5,1,0.5,0.559307873,0.0322344303,0,0,0,15.9349623,-3.46717215,8.56254578,8.42008495,0,13.3238449,-3.46717215,2.94177341,0,,,,50
44618687,0.5,1,0.5,0.559307873,0.0241758227,0,0,0,15.9395075,-3.46717215,8.53843403,8.42853069,0,13.3309927,-3.46717215,2.94177341,0,,,,50
44619822,0.5,1,0.5,0.559307873,0.0161172152,0,0,0,15.9349623,-3.53947496,8.52939224,8.42641926,0,13.3238449,-3.53947496,2.8824656,0,,,,50
44620949,0.5,1,0.5,0.559307873,0.0241758227,0,0,0,15.9349623,-3.53947496,8.55048943,8.42853069,0,13.3309927,-3.53947496,2.8824656,0,,,,50
44622080,0.5,1,0.5,0.559307873,0.0241758227,0,0,0,15.9349623,-3.61162543,8.55953121,8.42853069,0,13.3166971,-3.61162543,2.82315779,0,,,,50
44623206,0.5,1,0.5,0.559307873,0.0241758227,0,0,0,15.9395075,-3.61162543,8.53542042,8.42641926,0,13.3238449,-3.61162543,2.82315779,0,,,,50
44624337,0.5,1,0.5,0.559307873,0.0322344303,0,0,0,15.9395075,-3.68362403,8.53542042,8.42641926,0,13.3166971,-3.68362403,2.76384997,0,,,,50
44625464,0.5,1,0.5,0.559307873,0.0241758227,0,0,0,15.9349623,-3.68362403,8.53240585,8.42641926,0,13.3309927,-3.68362403,2.76384997,0,,,,50
44626812,0.5,1,0.5,0.559307873,0.0241758227,0,0,0,15.9440527,-3.75547051,8.55048943,8.42641926,0,13.3309927,-3.75547051,2.70454216,0,,,,50
44627938,0.5,1,0.5,0.559307873,0.0241758227,0,0,0,15.9304171,-3.75547051,8.50528145,8.42641926,0,13.3309927,-3.75547051,2.70454216,0,,,,50
44629069,0.5,1,0.5,0.559307873,0.0241758227,0,0,0,15.9304171,-3.82716584,8.56555939,8.42853069,0,13.3166971,-3.82716584,2.64523435,0,,,,50
44630196,0.5,1,0.5,0.559307873,0.0402930379,0,0,0,15.9395075,-3.82716584,8.55048943,8.42641926,0,13.3309927,-3.82716584,2.64523435,0,,,,50
44631327,0.5,1,0.5,0.559307873,0.0241758227,0,0,0,15.9304171,-3.89871001,8.53542042,8.42853069,0,13.3166971,-3.89871001,2.58592653,0,,,,50
44632454,0.5,1,0.5,0.559307873,0.0241758227,0,0,0,15.9349623,-3.89871001,8.54747581,8.42853069,0,13.3309927,-3.89871001,2.58592653,0,,,,50
44633584,0.5,1,0.5,0.559307873,0.0241758227,0,0,0,15.9304171,-3.9701035,8.55350399,8.42853069,0,13.3166971,-3.9701035,2.52661872,0,,,,50
44634716,0.5,1,0.5,0.559307873,0.0322344303,0,0,0,15.9349623,-3.9701035,8.51130867,8.42641926,0,13.3309927,-3.9701035,2.52661872,0,,,,50
44635847,0.5,1,0.5,0.559307873,0.0402930379,0,0,0,15.9395075,-4.04134655,8.52035046,8.42641926,0,13.3166971,-4.04134655,2.46731091,0,,,,50
44636974,0.5,1,0.5,0.559307873,0.0322344303,0,0,0,15.9349623,-4.04134655,8.52637863,8.42430782,0,13.3309927,-4.04134655,2.46731091,0,,,,50
44638105,0.5,1,0.5,0.559307873,0.0241758227,0,0,0,15.9304171,-4.11243963,8.54747581,8.42641926,0,13.3238449,-4.11243963,2.40800309,0,,,,50
44639231,0.5,1,0.5,0.559307873,0.0322344303,0,0,0,15.9440527,-4.11243963,8.56555939,8.42641926,0,13.3095493,-4.11243963,2.40800309,0,,,,50
44640362,0.5,1,0.5,0.559307873,0.0241758227,0,0,0,15.9395075,-4.18338251,8.55953121,8.42853069,0,13.3166971,-4.18338251,2.34869528,0,,,,50
44641489,0.5,1,0.5,0.559307873,0.0322344303,0,0,0,15.9349623,-4.18338251,8.56555939,8.42853069,0,13.3309927,-4.18338251,2.34869528,0,,,,50
44642624,0.5,1,0.5,0.559307873,0.0241758227,0,0,0,15.9304171,-4.25417662,8.53843403,8.42008495,0,13.3238449,-4.25417662,2.28938746,0,,,,50
44643751,0.5,1,0.5,0.559307873,0.0322344303,0,0,0,15.9349623,-4.25417662,8.59871292,8.42641926,0.00714798551,13.3309927,-4.25417662,2.28938746,0,,,,50
44644882,0.5,1,0.5,0.559307873,0.0402930379,0,0,0,15.9304171,-4.32482147,8.53542042,8.42641926,0,13.3166971,-4.32482147,2.23007965,0,,,,50
44646017,0.5,1,0.5,0.559307873,0.0402930379,0,0,0,15.9349623,-4.32482147,8.5444622,8.42641926,0,13.3238449,-4.32482147,2.23007965,0,,,,50
44647149,0.5,1,0.5,0.559307873,0.0402930379,0,0,0,15.9349623,-4.39531755,8.4811697,8.42641926,0,13.3166971,-4.39531755,2.17077184,0,,,,50
44648479,0.5,1,0.5,0.559307873,0.0402930379,0,0,0,15.9349623,-4.39531755,8.53240585,8.42641926,0,13.3238449,-4.39531755,2.17077184,0,,,,50
44649610,0.5,1,0.5,0.559307873,0.0402930379,0,0,0,15.9349623,-4.46566534,8.56254578,8.42853069,0,13.3166971,-4.46566534,2.11146402,0,,,,50
44650742,0.5,1,0.5,0.559307873,0.0402930379,0,0,0,15.9349623,-4.46566534,8.53240585,8.42853069,0,13.3309927,-4.46566534,2.11146402,0,,,,50
44651873,0.5,1,0.5,0.559307873,0.0402930379,0,0,0,15.9349623,-4.53586483,8.5444622,8.42641926,0,13.3166971,-4.53586483,2.05215621,0,,,,50
44652999,0.5,1,0.5,0.559307873,0.056410253,0,0,0,15.9349623,-4.53586483,8.51432323,8.42641926,0,13.3238449,-4.53586483,2.05215621,0,,,,50
44654130,0.5,1,0.5,0.559307873,0.0402930379,0,0,0,15.9395075,-4.60591698,8.54144764,8.42430782,0,13.3238449,-4.60591698,1.9928484,0,,,,50
44655257,0.5,1,0.5,0.559307873,0.0483516455,0,0,0,15.9349623,-4.60591698,8.50528145,8.42641926,0,13.3238449,-4.60591698,1.9928484,0,,,,50
44656387,0.5,1,0.5,0.559307873,0.0402930379,0,0,0,15.9304171,-4.6758213,8.50528145,8.42641926,0,13.3238449,-4.6758213,1.93354058,0,,,,50
44657519,0.5,1,0.5,0.559307873,0.0483516455,0,0,0,15.9349623,-4.6758213,8.50829506,8.42008495,0,13.3309927,-4.6758213,1.93354058,0,,,,50
44658649,0.5,1,0.5,0.559307873,0.0402930379,0,0,0,15.9395075,-4.74557924,8.52939224,8.42219639,0,13.3095493,-4.74557924,1.87423265,0,,,,50
44659776,0.5,1,0.5,0.559307873,0.0402930379,0,0,0,15.9304171,-4.74557924,8.53240585,8.42641926,0,13.3309927,-4.74557924,1.87423265,0,,,,50
44660907,0.5,1,0.5,0.559307873,0.0483516455,0,0,0,15.9349623,-4.81519032,8.55048943,8.42641926,0,13.3166971,-4.81519032,1.81492484,0,,,,50
44662033,0.5,1,0.5,0.559307873,0.0483516455,0,0,0,15.9349623,-4.81519032,8.50226688,8.42008495,0,13.3238449,-4.81519032,1.81492484,0,,,,50
44663164,0.5,1,0.5,0.559307873,0.056410253,0,0,0,15.9304171,-4.884655,8.50528145,8.42641926,0,13.3166971,-4.884655,1.75561702,0,,,,50
44664291,0.5,1,0.5,0.559307873,0.0402930379,0,0,0,15.9349623,-4.884655,8.50829506,8.41797352,0,13.3309927,-4.884655,1.75561702,0,,,,50
44665426,0.5,1,0.5,0.559307873,0.056410253,0,0,0,15.9349623,-4.95397377,8.52035046,8.42219639,0,13.3166971,-4.95397377,1.69630921,0,,,,50
44666562,0.5,1,0.5,0.559307873,0.056410253,0,0,0,15.9349623,-4.95397377,8.53843403,8.42219639,0,13.3309927,-4.95397377,1.69630921,0,,,,50
44667692,0.5,1,0.5,0.559307873,0.056410253,0,0,0,15.9395075,-5.02314663,8.53240585,8.41797352,0,13.3238449,-5.02314663,1.6370014,0,,,,50
44669023,0.5,1,0.5,0.559307873,0.0483516455,0,0,0,15.9304171,-5.02314663,8.52336502,8.42219639,0,13.3166971,-5.02314663,1.6370014,0,,,,50
44670154,0.5,1,0.5,0.559307873,0.0483516455,0,0,0,15.9349623,-5.09217453,8.52336502,8.42430782,0,13.3166971,-5.09217453,1.57769358,0,,,,50
44671281,0.5,1,0.5,0.559307873,0.0483516455,0,0,0,15.9349623,-5.09217453,8.5565176,8.42008495,0,13.3309927,-5.09217453,1.57769358,0,,,,50
44672412,0.5,1,0.5,0.559307873,0.0483516455,0,0,0,15.9304171,-5.16105747,8.51432323,8.41797352,0,13.3166971,-5.16105747,1.51838577,0,,,,50
44673543,0.5,1,0.5,0.559307873,0.0483516455,0,0,0,15.9349623,-5.16105747,8.51432323,8.42008495,0,13.3309927,-5.16105747,1.51838577,0,,,,50
44674674,0.5,1,0.5,0.559307873,0.0483516455,0,0,0,15.9349623,-5.22979546,8.54144764,8.41586208,0,13.3238449,-5.22979546,1.45907795,0,,,,50
44675800,0.5,0.857142866,0.5,0.559307873,0.0483516455,0.00805860758,0,0,15.9304171,-5.22979546,8.52637863,8.41375065,0,13.3309927,-5.22979546,1.45907795,0,,,,50
44676931,0.5,1,0.5,0.559307873,0.056410253,0,0,0,15.9304171,-5.29838943,8.54747581,8.41163921,0,13.3166971,-5.29838943,1.39977014,0,,,,50
44678057,0.5,1,0.5,0.559307873,0.0483516455,0,0,0,15.9349623,-5.29838943,8.44801617,8.42219639,0,13.3238449,-5.29838943,1.39977014,0,,,,50
44679188,0.5,1,0.5,0.559307873,0.056410253,0,0,0,15.9349623,-5.36683941,8.52336502,8.41375065,0,13.3309927,-5.36683941,1.34046233,0,,,,50
44680315,0.5,1,0.5,0.559307873,0.056410253,0,0,0,15.9304171,-5.36683941,8.52637863,8.42641926,0.00714798551,13.3309927,-5.36683941,1.34046233,0,,,,50
44681451,0.5,1,0.5,0.559307873,0.056410253,0,0,0,15.9304171,-5.43514585,8.51130867,8.42008495,0,13.3166971,-5.43514585,1.28115451,0,,,,50
44682578,0.5,1,0.5,0.559307873,0.056410253,0,0,0,15.9304171,-5.43514585,8.52336502,8.42219639,0,13.3238449,-5.43514585,1.28115451,0,,,,50
44683709,0.5,1,0.5,0.559307873,0.056410253,0,0,0,15.9349623,-5.50330877,8.48418331,8.41375065,0,13.3238449,-5.50330877,1.2218467,0,,,,50
44684836,0.5,1,0.5,0.559307873,0.056410253,0,0,0,15.9304171,-5.50330877,8.568573,8.41375065,0,13.3309927,-5.50330877,1.2218467,0,,,,50
44685976,0.5,1,0.5,0.559307873,0.056410253,0,0,0,15.9304171,-5.57132864,8.43596077,8.42219639,0,13.3238449,-5.57132864,1.16253889,0,,,,50
44687103,0.5,1,0.5,0.559307873,0.0644688606,0,0,0,15.9349623,-5.57132864,8.54144764,8.42219639,0,13.3309927,-5.57132864,1.16253889,0,,,,50
44688238,0.5,1,0.5,0.559307873,0.0644688606,0,0,0,15.9304171,-5.63920641,8.48719788,8.41586208,0,13.3238449,-5.63920641,1.10323107,0,,,,50
44689365,0.5,1,0.5,0.559307873,0.0483516455,0,0,0,15.9304171,-5.63920641,8.52336502,8.42219639,0,13.3309927,-5.63920641,1.10323107,0,,,,50
44690700,0.5,0.888888896,0.5,0.559307873,0.0644688606,0.00805860758,0,0,15.9304171,-5.70694113,8.58062935,8.41163921,0,13.3238449,-5.70694113,1.04392326,0,,,,50
44691826,0.5,0.899999976,0.5,0.559307873,0.0725274682,0.00805860758,0,0,15.9349623,-5.70694113,8.47212791,8.42008495,0,13.3309927,-5.70694113,1.04392326,0,,,,50
44692957,0.5,0.909090936,0.5,0.559307873,0.0805860758,0.00805860758,0,0,15.9304171,-5.77453423,8.568573,8.41797352,0,13.3166971,-5.77453423,0.984615445,0,,,,50
44694084,0.5,0.899999976,0.5,0.559307873,0.0725274682,0.00805860758,0,0,15.9349623,-5.77453423,8.50226688,8.41797352,0,13.3238449,-5.77453423,0.984615445,0,,,,50
44695215,0.5,0.888888896,0.5,0.559307873,0.0644688606,0.00805860758,0,0,15.9304171,-5.8419857,8.51432323,8.40108299,0,13.3238449,-5.8419857,0.925307631,0,,,,50
44696347,0.5,0.888888896,0.5,0.559307873,0.0644688606,0.00805860758,0,0,15.9349623,-5.8419857,8.53843403,8.41375065,0,13.3309927,-5.8419857,0.925307631,0,,,,50
44697477,0.5,0.909090936,0.5,0.559307873,0.0805860758,0.00805860758,0,0,15.9304171,-5.90929604,8.49925327,8.41375065,0,13.3238449,-5.90929604,0.865999818,0,,,,50
44698604,0.5,0.777777791,0.5,0.559307873,0.056410253,0.0161172152,0,0,15.9304171,-5.90929604,8.51130867,8.40530586,0,13.3238449,-5.90929604,0.865999818,0,,,,50
44699735,0.5,0.875,0.5,0.559307873,0.056410253,0.00805860758,0,0,15.9395075,-5.97646523,8.57460117,8.40952778,0,13.3166971,-5.97646523,0.806691945,0,,,,50
44700862,0.5,0.800000012,0.5,0.559307873,0.0644688606,0.0161172152,0,0,15.9304171,-5.97646523,8.53843403,8.41163921,0,13.3309927,-5.97646523,0.806691945,0,,,,50
44701993,0.5,0.888888896,0.5,0.559307873,0.0644688606,0.00805860758,0,0,15.9304171,-6.04349375,8.49623966,8.42008495,0,13.3166971,-6.04349375,0.747384131,0,,,,50
44703119,0.5,0.899999976,0.5,0.559307873,0.0725274682,0.00805860758,0,0,15.9304171,-6.04349375,8.52035046,8.41375065,0,13.3309927,-6.04349375,0.747384131,0,,,,50
44704255,0.5,0.833333313,0.5,0.559307873,0.0805860758,0.0161172152,0,0,15.9304171,-6.11038208,8.4932251,8.39897156,0,13.3238449,-6.11038208,0.688076317,0,,,,50
44705381,0.5,0.818181813,0.5,0.559307873,0.0725274682,0.0161172152,0,0,15.9349623,-6.11038208,8.49925327,8.40319443,0,13.3238449,-6.11038208,0.688076317,0,,,,50
44706521,0.5,0.800000012,0.5,0.559307873,0.0644688606,0.0161172152,0,0,15.9304171,-6.17712975,8.49925327,8.39686012,0,13.3166971,-6.17712975,0.628768504,0,,,,50
44707648,0.5,0.833333313,0.5,0.559307873,0.0805860758,0.0161172152,0,0,15.9349623,-6.17712975,8.50829506,8.4074173,0,13.3238449,-6.17712975,0.628768504,0,,,,50
44708779,0.5,0.818181813,0.5,0.559307873,0.0725274682,0.0161172152,0,0,15.9304171,-6.24373817,8.4932251,8.40530586,0,13.3166971,-6.24373817,0.56946069,0,,,,50
44709905,0.5,0.818181813,0.5,0.559307873,0.0725274682,0.0161172152,0,0,15.9304171,-6.24373817,8.49925327,8.41163921,0,13.3309927,-6.24373817,0.56946069,0,,,,50
44711240,0.5,0.833333313,0.5,0.559307873,0.0805860758,0.0161172152,0,0,15.9395075,-6.31020737,8.51432323,8.40530586,0,13.3309927,-6.31020737,0.510152876,0,,,,50
44712371,0.5,0.785714269,0.5,0.559307873,0.0886446834,0.0241758227,0,0,15.9304171,-6.31020737,8.50829506,8.39686012,0,13.3238449,-6.31020737,0.510152876,0,,,,50
44713502,0.5,0.769230783,0.5,0.559307873,0.0805860758,0.0241758227,0,0,15.9304171,-6.37653732,8.50226688,8.40530586,0,13.3166971,-6.37653732,0.450845033,0,,,,50
44714629,0.5,0.846153855,0.5,0.559307873,0.0886446834,0.0161172152,0,0,15.9304171,-6.37653732,8.50528145,8.4074173,0,13.3309927,-6.37653732,0.450845033,0,,,,50
44715760,0.5,0.714285731,0.5,0.559307873,0.0805860758,0.0322344303,0,0,15.9349623,-6.442729,8.48418331,8.40108299,0,13.3166971,-6.442729,0.391537219,0,,,,50
44716886,0.5,0.75,0.5,0.559307873,0.0725274682,0.0241758227,0,0,15.9349623,-6.442729,8.51130867,8.39897156,0,13.3238449,-6.442729,0.391537219,0,,,,50
44718017,0.5,0.714285731,0.5,0.559307873,0.0805860758,0.0322344303,0,0,15.9304171,-6.50878143,8.48719788,8.40319443,0,13.3166971,-6.50878143,0.332229406,0,,,,50
44719148,0.5,0.769230783,0.5,0.559307873,0.0805860758,0.0241758227,0,0,15.9349623,-6.50878143,8.51432323,8.40319443,0,13.3238449,-6.50878143,0.332229406,0,,,,50
44720279,0.5,0.733333349,0.5,0.559307873,0.0886446834,0.0322344303,0,0,15.9349623,-6.57469654,8.50528145,8.39474869,0,13.3238449,-6.57469654,0.272921592,0,,,,50
44721406,0.5,0.785714269,0.5,0.559307873,0.0886446834,0.0241758227,0,0,15.9349623,-6.57469654,8.51130867,8.40108299,0,13.3309927,-6.57469654,0.272921592,0,,,,50
44722537,0.5,0.714285731,0.5,0.559307873,0.0805860758,0.0322344303,0,0,15.9349623,-6.64047337,8.49021149,8.4074173,0,13.3166971,-6.64047337,0.213613763,0,,,,50
44723663,0.5,0.846153855,0.5,0.559307873,0.0886446834,0.0161172152,0,0,15.9304171,-6.64047337,8.49925327,8.40530586,0,13.3309927,-6.64047337,0.213613763,0,,,,50
44724794,0.5,0.769230783,0.5,0.559307873,0.0805860758,0.0241758227,0,0,15.9349623,-6.70611286,8.49623966,8.40319443,0.00714798551,13.3166971,-6.70611286,0.15430595,0,,,,50
44725929,0.5,0.785714269,0.5,0.559307873,0.0886446834,0.0241758227,0,0,15.9304171,-6.70611286,8.51130867,8.40108299,0,13.3238449,-6.70611286,0.15430595,0,,,,50
44727065,0.5,0.733333349,0.5,0.559307873,0.0886446834,0.0322344303,0,0,15.9304171,-6.77161551,8.4932251,8.40108299,0,13.3095493,-6.77161551,0.0949981213,0,,,,50
44728191,0.5,0.714285731,0.5,0.559307873,0.0805860758,0.0322344303,0,0,15.9304171,-6.77161551,8.52336502,8.40108299,0,13.3238449,-6.77161551,0.0949981213,0,,,,50
44729322,0.5,0.733333349,0.5,0.559307873,0.0886446834,0.0322344303,0,0,15.9349623,-6.8369813,8.52336502,8.39474869,0,13.3166971,-6.8369813,0.0356903002,0,,,,50
44730449,0.5,0.733333349,0.5,0.559307873,0.0886446834,0.0322344303,0,0,15.9349623,-6.8369813,8.49623966,8.40319443,0,13.3309927,-6.8369813,0.0356903002,0,,,,50
44731784,0.5,0.733333349,0.5,0.559307873,0.0886446834,0.0322344303,0,0,15.9395075,-6.90221024,8.51130867,8.39474869,0,13.3309927,-6.90221024,-0.0236175228,0,,,,50
44732911,0.5,0.800000012,0.5,0.559307873,0.0967032909,0.0241758227,0,0,15.9349623,-6.90221024,8.50226688,8.39474869,0,13.3238449,-6.90221024,-0.0236175228,0,,,,50
44734042,0.5,0.733333349,0.5,0.559307873,0.0886446834,0.0322344303,0,0,15.9349623,-6.96730328,8.52035046,8.39897156,0,13.3238449,-6.96730328,-0.082925342,0,,,,50
44735173,0.5,0.777777791,0.5,0.559307873,0.112820506,0.0322344303,0,0,15.9304171,-6.96730328,8.48719788,8.4074173,0,13.3309927,-6.96730328,-0.082925342,0,,,,50
44736304,0.5,0.777777791,0.5,0.559307873,0.112820506,0.0322344303,0,0,15.9258718,-7.03226042,8.50226688,8.41586208,0,13.3166971,-7.03226042,-0.142233163,0,,,,50
44737430,0.5,0.764705896,0.5,0.559307873,0.104761899,0.0322344303,0,0,15.9304171,-7.03226042,8.47514153,8.40952778,0,13.3166971,-7.03226042,-0.142233163,0,,,,50
44738561,0.5,0.777777791,0.5,0.559307873,0.112820506,0.0322344303,0,0,15.9304171,-7.09708166,8.4932251,8.40530586,0,13.3166971,-7.09708166,-0.201540992,0,,,,50
44739688,0.5,0.733333349,0.5,0.559307873,0.0886446834,0.0322344303,0,0,15.9304171,-7.09708166,8.49623966,8.38841438,0,13.3238449,-7.09708166,-0.201540992,0,,,,50
44740819,0.5,0.823529422,0.5,0.559307873,0.112820506,0.0241758227,0,0,15.9304171,-7.16176796,8.47815609,8.40319443,0,13.3238449,-7.16176796,-0.26084882,0,,,,50
44741946,0.5,0.764705896,0.5,0.559307873,0.104761899,0.0322344303,0,0,15.9349623,-7.16176796,8.4811697,8.39474869,0,13.3309927,-7.16176796,-0.26084882,0,,,,50
44743081,0.5,0.777777791,0.5,0.559307873,0.112820506,0.0322344303,0,0,15.9349623,-7.22631931,8.4811697,8.40108299,0,13.3024006,-7.22631931,-0.320156634,0,,,,50
44744208,0.5,0.777777791,0.5,0.559307873,0.112820506,0.0322344303,0,0,15.9304171,-7.22631931,8.48719788,8.40319443,0,13.3309927,-7.22631931,-0.320156634,0,,,,50
44745339,0.5,0.823529422,0.5,0.559307873,0.112820506,0.0241758227,0,0,15.9304171,-7.2907362,8.47815609,8.40530586,0,13.3166971,-7.2907362,-0.379464447,0,,,,50
44746474,0.5,0.789473712,0.5,0.559307873,0.120879114,0.0322344303,0,0,15.9304171,-7.2907362,8.4811697,8.40530586,0,13.3309927,-7.2907362,-0.379464447,0,,,,50
44747605,0.5,0.75,0.5,0.559307873,0.0967032909,0.0322344303,0,0,15.9258718,-7.35501862,8.46007252,8.39052582,0,13.3166971,-7.35501862,-0.438772261,0,,,,50
44748732,0.5,0.777777791,0.5,0.559307873,0.112820506,0.0322344303,0,0,15.9304171,-7.35501862,8.4932251,8.40108299,0,13.3309927,-7.35501862,-0.438772261,0,,,,50
44749867,0.5,0.789473712,0.5,0.559307873,0.120879114,0.0322344303,0,0,15.9349623,-7.41916704,8.47815609,8.39263725,0,13.3166971,-7.41916704,-0.498080105,0,,,,50
44750994,0.5,0.789473712,0.5,0.559307873,0.120879114,0.0322344303,0,0,15.9304171,-7.41916704,8.49021149,8.39686012,0,13.3238449,-7.41916704,-0.498080105,0,,,,50
44752125,0.5,0.800000012,0.5,0.559307873,0.128937721,0.0322344303,0,0,15.9304171,-7.48318195,8.47212791,8.4074173,0,13.3095493,-7.48318195,-0.557387948,0,,,,50
44753456,0.5,0.800000012,0.5,0.559307873,0.128937721,0.0322344303,0,0,15.9258718,-7.48318195,8.46308613,8.40319443,0,13.3024006,-7.48318195,-0.557387948,0,,,,50
44754588,0.5,0.800000012,0.5,0.559307873,0.128937721,0.0322344303,0,0,15.9304171,-7.54706335,8.46609974,8.39686012,0,13.3238449,-7.54706335,-0.616695762,0,,,,50
44755715,0.5,0.809523821,0.5,0.559307873,0.136996329,0.0322344303,0,0,15.9304171,-7.54706335,8.4691143,8.39897156,0,13.3309927,-7.54706335,-0.616695762,0,,,,50
44756846,0.5,0.772727251,0.5,0.559307873,0.136996329,0.0402930379,0,0,15.9304171,-7.61081171,8.44198895,8.39474869,0,13.3166971,-7.61081171,-0.676003575,0,,,,50
44757978,0.5,0.772727251,0.5,0.559307873,0.136996329,0.0402930379,0,0,15.9304171,-7.61081171,8.4811697,8.39474869,0,13.3309927,-7.61081171,-0.676003575,0,,,,50
44759109,0.5,0.818181813,0.5,0.559307873,0.145054936,0.0322344303,0,0,15.9349623,-7.67442703,8.44198895,8.39052582,0,13.3166971,-7.67442703,-0.735311389,0,,,,50
44760235,0.5,0.818181813,0.5,0.559307873,0.145054936,0.0322344303,0,0,15.9304171,-7.67442703,8.45705795,8.39686012,0,13.3309927,-7.67442703,-0.735311389,0,,,,50
44761366,0.5,0.818181813,0.5,0.559307873,0.145054936,0.0322344303,0,0,15.9349623,-7.73791027,8.4811697,8.39686012,0,13.3238449,-7.73791027,-0.794619203,0,,,,50
44762493,0.5,0.772727251,0.5,0.559307873,0.136996329,0.0402930379,0,0,15.9304171,-7.73791027,8.48418331,8.39263725,0,13.3238449,-7.73791027,-0.794619203,0,,,,50
44763623,0.5,0.833333313,0.5,0.559307873,0.161172152,0.0322344303,0,0,15.9304171,-7.80126095,8.42691898,8.39263725,0,13.3238449,-7.80126095,-0.853927016,0,,,,50
44764750,0.5,0.850000024,0.5,0.559307873,0.136996329,0.0241758227,0,0,15.9395075,-7.80126095,8.45103073,8.39897156,0,13.3238449,-7.80126095,-0.853927016,0,,,,50
44765895,0.5,0.818181813,0.5,0.559307873,0.145054936,0.0322344303,0,0,15.9349623,-7.8644805,8.45705795,8.39263725,0,13.3095493,-7.8644805,-0.91323483,0,,,,50
44767021,0.5,0.863636374,0.5,0.559307873,0.153113544,0.0241758227,0,0,15.9304171,-7.8644805,8.4932251,8.39897156,0,13.3238449,-7.8644805,-0.91323483,0,,,,50
44768152,0.5,0.75,0.5,0.559307873,0.145054936,0.0483516455,0,0,15.9304171,-7.92756796,8.47514153,8.39897156,0,13.3166971,-7.92756796,-0.972542703,0,,,,50
44769279,0.5,0.850000024,0.5,0.559307873,0.136996329,0.0241758227,0,0,15.9304171,-7.92756796,8.42390537,8.40319443,0,13.3309927,-7.92756796,-0.972542703,0,,,,50
44770409,0.5,0.782608688,0.5,0.559307873,0.145054936,0.0402930379,0,0,15.9304171,-7.99052429,8.46308613,8.39474869,0,13.3166971,-7.99052429,-1.03185046,0,,,,50
44771536,0.5,0.75999999,0.5,0.559307873,0.153113544,0.0483516455,0,0,15.9304171,-7.99052429,8.46007252,8.39052582,0,13.3238449,-7.99052429,-1.03185046,0,,,,50
44772671,0.5,0.800000012,0.5,0.559307873,0.161172152,0.0402930379,0,0,15.9304171,-8.05334949,8.48418331,8.39897156,0,13.3166971,-8.05334949,-1.09115827,0,,,,50
44774002,0.5,0.791666687,0.5,0.559307873,0.153113544,0.0402930379,0,0,15.9304171,-8.05334949,8.4932251,8.39686012,0,13.3238449,-8.05334949,-1.09115827,0,,,,50
44775133,0.5,0.800000012,0.5,0.559307873,0.128937721,0.0322344303,0,0,15.9395075,-8.11604404,8.44500256,8.39052582,0,13.3166971,-8.11604404,-1.1504662,0,,,,50
44776259,0.5,0.761904776,0.5,0.559307873,0.128937721,0.0402930379,0,0,15.9304171,-8.11604404,8.42390537,8.40108299,0,13.3238449,-8.11604404,-1.1504662,0,,,,50
44777390,0.5,0.818181813,0.5,0.559307873,0.145054936,0.0322344303,0,0,15.9304171,-8.17860889,8.52939224,8.40530586,0,13.3238449,-8.17860889,-1.20977402,0,,,,50
44778517,0.5,0.761904776,0.5,0.559307873,0.128937721,0.0402930379,0,0,15.9349623,-8.17860889,8.4691143,8.39263725,0,13.3309927,-8.17860889,-1.20977402,0,,,,50
44779648,0.5,0.739130437,0.5,0.559307873,0.136996329,0.0483516455,0,0,15.9304171,-8.24104309,8.44801617,8.38841438,0,13.3095493,-8.24104309,-1.26908183,0,,,,50
44780780,0.5,0.791666687,0.5,0.559307873,0.153113544,0.0402930379,0,0,15.9304171,-8.24104309,8.46609974,8.38630295,0,13.3238449,-8.24104309,-1.26908183,0,,,,50
44781911,0.5,0.75999999,0.5,0.559307873,0.153113544,0.0483516455,0,0,15.9349623,-8.30334854,8.44500256,8.38419151,0,13.3166971,-8.30334854,-1.32838964,0,,,,50
44783037,0.5,0.807692289,0.5,0.559307873,0.169230759,0.0402930379,0,0,15.9304171,-8.30334854,8.44500256,8.39263725,0,13.3238449,-8.30334854,-1.32838964,0,,,,50
44784168,0.5,0.84375,0.5,0.559307873,0.217582405,0.0402930379,0,0,15.9304171,-8.36552334,8.55350399,8.39474869,0,13.3238449,-8.36552334,-1.38769746,0,,,,50
44785295,0.5,0.821428597,0.5,0.559307873,0.185347974,0.0402930379,0,0,15.9349623,-8.36552334,8.48418331,8.39474869,0,13.3238449,-8.36552334,-1.38769746,0,,,,50
44786434,0.5,0.680000007,0.5,0.559307873,0.136996329,0.0644688606,0,0,15.9304171,-8.42756939,8.49623966,8.37785816,0,13.3166971,-8.42756939,-1.44700527,0,,,,50
44787561,0.5,0.75999999,0.5,0.559307873,0.153113544,0.0483516455,0,0,15.9304171,-8.42756939,8.45103073,8.39263725,0,13.3309927,-8.42756939,-1.44700527,0,,,,50
44788696,0.5,0.740740716,0.5,0.559307873,0.161172152,0.056410253,0,0,15.9349623,-8.48948669,8.44801617,8.38630295,0,13.3166971,-8.48948669,-1.50631309,0,,,,50
44789822,0.5,0.79411763,0.5,0.559307873,0.217582405,0.056410253,0,0,15.9304171,-8.48948669,8.54747581,8.38630295,0,13.3238449,-8.48948669,-1.50631309,0,,,,50
44790953,0.5,0.735294104,0.5,0.559307873,0.201465189,0.0725274682,0,0,15.9349623,-8.55127621,8.60474014,8.3799696,0,13.3238449,-8.55127621,-1.5656209,0,,,,50
44792080,0.5,0.783783793,0.5,0.559307873,0.23369962,0.0644688606,0,0,15.9304171,-8.55127621,8.56555939,8.38208103,0,13.3095493,-8.55127621,-1.5656209,0,,,,50
44793211,0.5,0.666666687,0.5,0.559307873,0.128937721,0.0644688606,0,0,15.9304171,-8.61293697,8.38472462,8.37785816,0,13.3166971,-8.61293697,-1.62492871,0,,,,50
44794337,0.5,0.677419364,0.5,0.559307873,0.169230759,0.0805860758,0,0,15.9258718,-8.61293697,8.255126,8.37152386,0,13.3238449,-8.61293697,-1.62492871,0,,,,50
44795672,0.5,0.653846145,0.5,0.559307873,0.136996329,0.0725274682,0,0,15.9258718,-8.67446899,8.52035046,8.38208103,0,13.3166971,-8.67446899,-1.68423653,0,,,,50
44796803,0.5,0.625,0.5,0.559307873,0.120879114,0.0725274682,0,0,15.9258718,-8.67446899,8.60775471,8.3799696,0,13.3238449,-8.67446899,-1.68423653,0,,,,50
44797934,0.5,0.783783793,0.5,0.559307873,0.23369962,0.0644688606,0,0,15.9304171,-8.73587418,8.32444572,8.3799696,0,13.3095493,-8.73587418,-1.74354434,0,,,,50
44799060,0.5,0.678571403,0.5,0.559307873,0.153113544,0.0725274682,0,0,15.9304171,-8.73587418,8.42691898,8.37785816,0,13.3024006,-8.73587418,-1.74354434,0,,,,50
44800192,0.5,0.590909064,0.5,0.559307873,0.104761899,0.0725274682,0,0,15.9349623,-8.79715252,8.54144764,8.38630295,0,13.3238449,-8.79715252,-1.80285227,0,,,,50
44801318,0.5,0.633333325,0.5,0.559307873,0.153113544,0.0886446834,0,0,15.9349623,-8.79715252,8.33650112,8.38419151,0,13.3238449,-8.79715252,-1.80285227,0,,,,50
44802449,0.5,0.680000007,0.5,0.559307873,0.136996329,0.0644688606,0,0,15.9349623,-8.85830307,8.4178772,8.37363529,0,13.3166971,-8.85830307,-1.86216009,0,,,,50
44803580,0.5,0.680000007,0.5,0.559307873,0.136996329,0.0644688606,0,0,15.9349623,-8.85830307,8.62885189,8.37363529,0,13.3309927,-8.85830307,-1.86216009,0,,,,50
44804711,0.5,0.733333349,0.5,0.559307873,0.177289367,0.0644688606,0,0,15.9304171,-8.91932678,8.38472462,8.38208103,0,13.3095493,-8.91932678,-1.9214679,0,,,,50
44805847,0.5,0.774193525,0.5,0.559307873,0.193406582,0.056410253,0,0,15.9304171,-8.91932678,8.40883541,8.37785816,0,13.3309927,-8.91932678,-1.9214679,0,,,,50
44806978,0.5,0.708333313,0.5,0.559307873,0.136996329,0.056410253,0,0,15.9213276,-8.98022461,8.42089176,8.38630295,0,13.3166971,-8.98022461,-1.98077571,0,,,,50
44808104,0.5,0.75,0.5,0.559307873,0.169230759,0.056410253,0,0,15.9258718,-8.98022461,8.54747581,8.38419151,0,13.3309927,-8.98022461,-1.98077571,0,,,,50
44809235,0.5,0.756756783,0.5,0.559307873,0.225641012,0.0725274682,0,0,15.9304171,-9.0409956,8.54747581,8.3799696,0,13.3166971,-9.0409956,-2.04008341,0,,,,50
44810362,0.5,0.692307711,0.5,0.559307873,0.145054936,0.0644688606,0,0,15.9304171,-9.0409956,8.60474014,8.37363529,0,13.3238449,-9.0409956,-2.04008341,0,,,,50
44811497,0.5,0.576923072,0.5,0.559307873,0.120879114,0.0886446834,0,0,15.9304171,-9.1016407,8.30636215,8.37363529,0,13.3166971,-9.1016407,-2.09939146,0,,,,50
44812624,0.5,0.657142878,0.5,0.559307873,0.185347974,0.0967032909,0,0,15.9349623,-9.1016407,8.51733685,8.36096668,0,13.3238449,-9.1016407,-2.09939146,0,,,,50
44813755,0.5,0.481481493,0.5,0.559307873,0.104761899,0.112820506,0,0,15.9258718,-9.16216087,8.36362648,8.36941242,0,13.3238449,-9.16216087,-2.15869927,0,,,,50
44814882,0.5,0.571428597,0.5,0.559307873,0.128937721,0.0967032909,0,0,15.9213276,-9.16216087,8.50829506,8.36307812,0,13.3238449,-9.16216087,-2.15869927,0,,,,50
44816217,0.5,0.600000024,0.5,0.559307873,0.145054936,0.0967032909,0,0,15.9304171,-9.22255516,8.25813961,8.36941242,0,13.3309927,-9.22255516,-2.21800709,0,,,,50
44817343,0.5,0.555555582,0.5,0.559307873,0.120879114,0.0967032909,0,0,15.9349623,-9.22255516,8.60474014,8.36518955,0,13.3238449,-9.22255516,-2.21800709,0,,,,50
44818474,0.5,0.694444418,0.5,0.559307873,0.201465189,0.0886446834,0,0,15.9258718,-9.28282452,8.57761478,8.36096668,0,13.3166971,-9.28282452,-2.2773149,0,,,,50
44819605,0.5,0.625,0.5,0.559307873,0.161172152,0.0967032909,0,0,15.9258718,-9.28282452,8.58665657,8.35885525,0,13.3238449,-9.28282452,-2.2773149,0,,,,50
44820736,0.5,0.518518507,0.5,0.559307873,0.112820506,0.104761899,0,0,15.9349623,-9.34296989,8.47514153,8.36518955,0,13.3095493,-9.34296989,-2.33662271,0,,,,50
44821862,0.5,0.657142878,0.5,0.559307873,0.185347974,0.0967032909,0,0,15.9349623,-9.34296989,8.57158756,8.36307812,0,13.3238449,-9.34296989,-2.33662271,0,,,,50
44822994,0.5,0.666666687,0.5,0.559307873,0.209523797,0.104761899,0,0,15.9304171,-9.40299034,8.23402786,8.37152386,0,13.3238449,-9.40299034,-2.39593053,0,,,,50
44824121,0.5,0.710526288,0.5,0.559307873,0.217582405,0.0886446834,0,0,15.9304171,-9.40299034,8.4811697,8.37574673,0,13.3166971,-9.40299034,-2.39593053,0,,,,50
44825252,0.5,0.642857134,0.5,0.559307873,0.145054936,0.0805860758,0,0,15.9304171,-9.46288681,8.52336502,8.37152386,0,13.3166971,-9.46288681,-2.45523834,0,,,,50
44826388,0.5,0.714285731,0.5,0.559307873,0.201465189,0.0805860758,0,0,15.9304171,-9.46288681,8.52035046,8.36730099,0,13.3238449,-9.46288681,-2.45523834,0,,,,50
44827523,0.5,0.731707335,0.5,0.559307873,0.241758227,0.0886446834,0,0,15.9349623,-9.5226593,8.55953121,8.36730099,0,13.3095493,-9.5226593,-2.51454616,0,,,,50
44828650,0.5,0.621621609,0.5,0.559307873,0.185347974,0.112820506,0,0,15.9304171,-9.5226593,8.39678001,8.35674477,0,13.3238449,-9.5226593,-2.51454616,0,,,,50
44829781,0.5,0.636363626,0.5,0.559307873,0.169230759,0.0967032909,0,0,15.9258718,-9.58230782,8.46007252,8.36096668,0,13.3166971,-9.58230782,-2.57385397,0,,,,50
44830908,0.5,0.636363626,0.5,0.559307873,0.169230759,0.0967032909,0,0,15.9304171,-9.58230782,8.34554291,8.35041046,0,13.3309927,-9.58230782,-2.57385397,0,,,,50
44832038,0.5,0.552631557,0.5,0.559307873,0.169230759,0.136996329,0,0,15.9258718,-9.64183331,8.4058218,8.36518955,0,13.3095493,-9.64183331,-2.63316178,0,,,,50
44833165,0.5,0.609756112,0.5,0.559307873,0.201465189,0.128937721,0,0,15.9258718,-9.64183331,8.40280819,8.35674477,0,13.3238449,-9.64183331,-2.63316178,0,,,,50
44834301,0.5,0.575757563,0.5,0.559307873,0.153113544,0.112820506,0,0,15.9304171,-9.70123577,8.44198895,8.36730099,0,13.3095493,-9.70123577,-2.6924696,0,,,,50
44835427,0.5,0.560975611,0.5,0.559307873,0.185347974,0.145054936,0,0,15.9304171,-9.70123577,8.42390537,8.31662846,0,13.3166971,-9.70123577,-2.6924696,0,,,,50
44836558,0.5,0.636363626,0.5,0.559307873,0.169230759,0.0967032909,0,0,15.9304171,-9.76051617,8.3937664,8.29973793,0,13.3166971,-9.76051617,-2.75177741,0,,,,50
