t_us,share_sp,share_act,v_sp,v_act,I_fc,I_batt,gFC,gBT,V_bus,I_cmd,fault_flags,ps_phase,dc_phase,trap_phase,flags
57967939,0.800000012,1,,,0.0161172152,0,0.272043914,0.329360366,15.907692,0.0309999995,0,,,0,1
57969269,0.800000012,1,,,0.00805860758,0,0.272043914,0.329360366,15.9213276,0.0309999995,0,,,0,1
57970397,0.800000012,1,,,0.0161172152,0,0.272043914,0.329360366,15.9213276,0.0340000018,0,,,0,1
57971522,0.800000012,1,,,0.0161172152,0,0.272043914,0.329360366,15.9213276,0.0340000018,0,,,0,1
57972651,0.800000012,1,,,0.0241758227,0,0.272043914,0.329360366,15.9213276,0.0359999985,0,,,0,1
57973776,0.800000012,1,,,0.0161172152,0,0.272043914,0.329360366,15.9213276,0.0359999985,0,,,0,1
57974904,0.800000012,1,,,0.0161172152,0,0.272043914,0.329360366,15.9213276,0.0380000025,0,,,0,1
57976030,0.800000012,1,,,0.0322344303,0,0.272043914,0.329360366,15.9213276,0.0380000025,0,,,0,1
57977158,0.800000012,1,,,0.0161172152,0,0.272043914,0.329360366,15.9167824,0.0410000011,0,,,0,1
57978283,0.800000012,1,,,0.0161172152,0,0.272043914,0.329360366,15.9167824,0.0410000011,0,,,0,1
57979422,0.800000012,1,,,0.0161172152,0,0.272043914,0.329360366,15.9213276,0.0429999977,0,,,0,1
57980548,0.800000012,1,,,0.0161172152,0,0.272043914,0.329360366,15.9258718,0.0429999977,0,,,0,1
57981676,0.800000012,1,,,0.0161172152,0,0.272043914,0.329360366,15.9258718,0.0449999981,0,,,0,1
57982801,0.800000012,1,,,0.0161172152,0,0.272043914,0.329360366,15.9258718,0.0449999981,0,,,0,1
57983930,0.800000012,1,,,0.0161172152,0,0.272043914,0.329360366,15.9258718,0.0470000021,0,,,0,1
57985055,0.800000012,1,,,0.0161172152,0,0.272043914,0.329360366,15.9304171,0.0470000021,0,,,0,1
57986183,0.800000012,1,,,0.00805860758,0,0.272043914,0.329360366,15.9213276,0.0500000045,0,,,0,1
57987309,0.800000012,1,,,0.0161172152,0,0.272043914,0.329360366,15.9258718,0.0500000045,0,,,0,1
57988437,0.800000012,1,,,0.0241758227,0,0.272043914,0.329360366,15.9258718,0.0519999973,0,,,0,1
57989766,0.800000012,1,,,0.0241758227,0,0.272043914,0.329360366,15.9258718,0.0519999973,0,,,0,1
57990899,0.800000012,1,,,0.0241758227,0,0.272043914,0.329360366,15.9213276,0.0539999977,0,,,0,1
57992025,0.800000012,1,,,0.0161172152,0,0.272043914,0.329360366,15.9258718,0.0539999977,0,,,0,1
57993154,0.800000012,1,,,0.0241758227,0,0.272043914,0.329360366,15.9258718,0.0569999963,0,,,0,1
57994279,0.800000012,1,,,0.0322344303,0,0.272043914,0.329360366,15.9258718,0.0569999963,0,,,0,1
57995408,0.800000012,1,,,0.0241758227,0,0.272043914,0.329360366,15.9258718,0.0590000004,0,,,0,1
57996533,0.800000012,1,,,0.0241758227,0,0.272043914,0.329360366,15.9213276,0.0590000004,0,,,0,1
57997662,0.800000012,1,,,0.0241758227,0,0.272043914,0.329360366,15.9258718,0.060999997,0,,,0,1
57998787,0.800000012,1,,,0.0241758227,0,0.272043914,0.329360366,15.9258718,0.060999997,0,,,0,1
57999916,0.800000012,1,,,0.0241758227,0,0.272043914,0.329360366,15.9258718,0.063000001,0,,,0,1
58001046,0.800000012,1,,,0.0161172152,0,0.272043914,0.329360366,15.9258718,0.063000001,0,,,0,1
58002175,0.800000012,1,,,0.0322344303,0,0.272043914,0.329360366,15.9258718,0.0659999996,0,,,0,1
58003300,0.800000012,1,,,0.0322344303,0,0.272043914,0.329360366,15.9213276,0.0659999996,0,,,0,1
58004429,0.800000012,1,,,0.0322344303,0,0.272043914,0.329360366,15.9213276,0.0680000037,0,,,0,1
58005554,0.800000012,1,,,0.0241758227,0,0.272043914,0.329360366,15.9258718,0.0680000037,0,,,0,1
58006683,0.800000012,1,,,0.0241758227,0,0.272043914,0.329360366,15.9258718,0.0700000003,0,,,0,1
58007809,0.800000012,1,,,0.0161172152,0,0.272043914,0.329360366,15.9258718,0.0700000003,0,,,0,1
58008937,0.800000012,1,,,0.0241758227,0,0.272043914,0.329360366,15.9258718,0.0719999969,0,,,0,1
58010063,0.800000012,1,,,0.0241758227,0,0.272043914,0.329360366,15.9258718,0.0719999969,0,,,0,1
58011395,0.800000012,1,,,0.0322344303,0,0.272043914,0.329360366,15.9258718,0.075000003,0,,,0,1
58012526,0.800000012,1,,,0.0241758227,0,0.272043914,0.329360366,15.9258718,0.075000003,0,,,0,1
58013654,0.800000012,1,,,0.0241758227,0,0.272043914,0.329360366,15.9258718,0.0769999996,0,,,0,1
58014779,0.800000012,1,,,0.0241758227,0,0.272043914,0.329360366,15.9258718,0.0769999996,0,,,0,1
58015908,0.800000012,1,,,0.0241758227,0,0.272043914,0.329360366,15.9304171,0.0790000036,0,,,0,1
58017033,0.800000012,1,,,0.0241758227,0,0.272043914,0.329360366,15.9304171,0.0790000036,0,,,0,1
58018161,0.800000012,1,,,0.0241758227,0,0.272043914,0.329360366,15.9213276,0.0820000023,0,,,0,1
58019287,0.800000012,1,,,0.0241758227,0,0.272043914,0.329360366,15.9258718,0.0820000023,0,,,0,1
58020415,0.800000012,1,,,0.0322344303,0,0.272043914,0.329360366,15.9258718,0.0840000063,0,,,0,1
58021540,0.800000012,1,,,0.0161172152,0,0.272043914,0.329360366,15.9258718,0.0840000063,0,,,0,1
58022669,0.800000012,1,,,0.0241758227,0,0.272043914,0.329360366,15.9258718,0.0859999955,0,,,0,1
58023799,0.800000012,1,,,0.0241758227,0,0.272043914,0.329360366,15.9258718,0.0859999955,0,,,0,1
58024928,0.800000012,1,,,0.0241758227,0,0.272043914,0.329360366,15.9258718,0.0879999995,0,,,0,1
58026053,0.800000012,1,,,0.0241758227,0,0.272043914,0.329360366,15.9258718,0.0879999995,0,,,0,1
58027181,0.800000012,1,,,0.0241758227,0,0.272043914,0.329360366,15.9258718,0.0909999982,0,,,0,1
58028307,0.800000012,1,,,0.0241758227,0,0.272043914,0.329360366,15.9258718,0.0909999982,0,,,0,1
58029435,0.800000012,1,,,0.0241758227,0,0.272043914,0.329360366,15.9258718,0.0929999948,0,,,0,1
58030560,0.800000012,1,,,0.0322344303,0,0.272043914,0.329360366,15.9258718,0.0929999948,0,,,0,1
58031893,0.800000012,1,,,0.0322344303,0,0.272043914,0.329360366,15.9258718,0.0949999988,0,,,0,1
58033019,0.800000012,1,,,0.0241758227,0,0.272043914,0.329360366,15.9258718,0.0949999988,0,,,0,1
58034147,0.800000012,1,,,0.0241758227,0,0.272043914,0.329360366,15.9213276,0.0980000049,0,,,0,1
58035277,0.800000012,1,,,0.0322344303,0,0.272043914,0.329360366,15.9258718,0.0980000049,0,,,0,1
58036406,0.800000012,1,,,0.0241758227,0,0.272043914,0.329360366,15.9258718,0.100000009,0,,,0,1
58037531,0.800000012,1,,,0.0322344303,0,0.272043914,0.329360366,15.9258718,0.100000009,0,,,0,1
58038659,0.800000012,1,,,0.0241758227,0,0.272043914,0.329360366,15.9258718,0.102000006,0,,,0,1
58039785,0.800000012,1,,,0.0241758227,0,0.272043914,0.329360366,15.9213276,0.102000006,0,,,0,1
58040913,0.800000012,1,,,0.0241758227,0,0.272043914,0.329360366,15.9213276,0.103999995,0,,,0,1
58042038,0.800000012,1,,,0.0241758227,0,0.272043914,0.329360366,15.9258718,0.103999995,0,,,0,1
58043167,0.800000012,1,,,0.0241758227,0,0.272043914,0.329360366,15.9258718,0.107000001,0,,,0,1
58044292,0.800000012,1,,,0.0241758227,0,0.272043914,0.329360366,15.9304171,0.107000001,0,,,0,1
58045420,0.800000012,1,,,0.0241758227,0,0.272043914,0.329360366,15.9258718,0.108999997,0,,,0,1
58046551,0.800000012,1,,,0.0241758227,0,0.272043914,0.329360366,15.9258718,0.108999997,0,,,0,1
58047679,0.800000012,1,,,0.0241758227,0,0.272043914,0.329360366,15.9258718,0.111000001,0,,,0,1
58048804,0.800000012,1,,,0.0241758227,0,0.272043914,0.329360366,15.9258718,0.111000001,0,,,0,1
58049933,0.800000012,1,,,0.0241758227,0,0.272043914,0.329360366,15.9258718,0.113000005,0,,,0,1
58051058,0.800000012,1,,,0.0322344303,0,0.272043914,0.329360366,15.9213276,0.113000005,0,,,0,1
58052186,0.800000012,1,,,0.0241758227,0,0.272043914,0.329360366,15.9258718,0.115999997,0,,,0,1
58053516,0.800000012,1,,,0.0322344303,0,0.272043914,0.329360366,15.9258718,0.115999997,0,,,0,1
58054645,0.800000012,1,,,0.0241758227,0,0.272043914,0.329360366,15.9258718,0.118000001,0,,,0,1
58055770,0.800000012,1,,,0.0241758227,0,0.272043914,0.329360366,15.9258718,0.118000001,0,,,0,1
58056899,0.800000012,1,,,0.0322344303,0,0.272043914,0.329360366,15.9258718,0.119999997,0,,,0,1
58058029,0.800000012,1,,,0.0161172152,0,0.272043914,0.329360366,15.9258718,0.119999997,0,,,0,1
58059157,0.800000012,1,,,0.0241758227,0,0.272043914,0.329360366,15.9258718,0.123000003,0,,,0,1
58060283,0.800000012,1,,,0.0241758227,0,0.272043914,0.329360366,15.9258718,0.123000003,0,,,0,1
58061412,0.800000012,1,,,0.0161172152,0,0.272043914,0.329360366,15.9258718,0.125,0,,,0,1
58062537,0.800000012,1,,,0.0241758227,0,0.272043914,0.329360366,15.9213276,0.125,0,,,0,1
58063666,0.800000012,1,,,0.0241758227,0,0.272043914,0.329360366,15.9258718,0.127000004,0,,,0,1
58064792,0.800000012,1,,,0.0241758227,0,0.272043914,0.329360366,15.9258718,0.127000004,0,,,0,1
58065920,0.800000012,1,,,0.0322344303,0,0.272043914,0.329360366,15.9258718,0.129000008,0,,,0,1
58067046,0.800000012,1,,,0.0241758227,0,0.272043914,0.329360366,15.9258718,0.129000008,0,,,0,1
58068179,0.800000012,1,,,0.0241758227,0,0.272043914,0.329360366,15.9258718,0.131999999,0,,,0,1
58069304,0.800000012,1,,,0.0241758227,0,0.272043914,0.329360366,15.9258718,0.131999999,0,,,0,1
58070432,0.800000012,1,,,0.0241758227,0,0.272043914,0.329360366,15.9258718,0.134000003,0,,,0,1
58071558,0.800000012,1,,,0.0322344303,0,0.272043914,0.329360366,15.9258718,0.134000003,0,,,0,1
58072686,0.800000012,1,,,0.0241758227,0,0.272043914,0.329360366,15.9258718,0.136000007,0,,,0,1
58074016,0.800000012,1,,,0.0322344303,0,0.272043914,0.329360366,15.9258718,0.136000007,0,,,0,1
58075144,0.800000012,1,,,0.0241758227,0,0.272043914,0.329360366,15.9213276,0.138999999,0,,,0,1
58076270,0.800000012,1,,,0.0241758227,0,0.272043914,0.329360366,15.9258718,0.138999999,0,,,0,1
58077398,0.800000012,1,,,0.0322344303,0,0.272043914,0.329360366,15.9258718,0.141000003,0,,,0,1
58078523,0.800000012,1,,,0.0241758227,0,0.272043914,0.329360366,15.9258718,0.141000003,0,,,0,1
58079657,0.800000012,1,,,0.0241758227,0,0.272043914,0.329360366,15.9258718,0.142999992,0,,,0,1
58080782,0.800000012,1,,,0.0241758227,0,0.272043914,0.329360366,15.9213276,0.142999992,0,,,0,1
58081911,0.800000012,1,,,0.0241758227,0,0.272043914,0.329360366,15.9258718,0.144999996,0,,,0,1
58083036,0.800000012,1,,,0.0322344303,0,0.272043914,0.329360366,15.9258718,0.144999996,0,,,0,1
58084165,0.800000012,1,,,0.0241758227,0,0.272043914,0.329360366,15.9258718,0.148000002,0,,,0,1
58085290,0.800000012,1,,,0.0322344303,0,0.272043914,0.329360366,15.9258718,0.148000002,0,,,0,1
58086418,0.800000012,1,,,0.0322344303,0,0.272043914,0.329360366,15.9258718,0.150000006,0,,,0,1
58087544,0.800000012,1,,,0.0322344303,0,0.272043914,0.329360366,15.9258718,0.150000006,0,,,0,1
58088672,0.800000012,1,,,0.0241758227,0,0.272043914,0.329360366,15.9213276,0.15200001,0,,,0,1
58089797,0.800000012,1,,,0.0241758227,0,0.272043914,0.329360366,15.9258718,0.15200001,0,,,0,1
58090930,0.800000012,1,,,0.0241758227,0,0.272043914,0.329360366,15.9258718,0.153999999,0,,,0,1
58092056,0.800000012,1,,,0.0241758227,0,0.272043914,0.329360366,15.9258718,0.153999999,0,,,0,1
58093185,0.800000012,1,,,0.0161172152,0,0.272043914,0.329360366,15.9258718,0.157000005,0,,,0,1
58094310,0.800000012,1,,,0.0241758227,0,0.272043914,0.329360366,15.9258718,0.157000005,0,,,0,1
58095643,0.800000012,1,,,0.0241758227,0,0.272043914,0.329360366,15.9258718,0.158999994,0,,,0,1
58096768,0.800000012,1,,,0.0322344303,0,0.272043914,0.329360366,15.9213276,0.158999994,0,,,0,1
58097896,0.800000012,1,,,0.0241758227,0,0.272043914,0.329360366,15.9258718,0.160999998,0,,,0,1
58099022,0.800000012,1,,,0.0322344303,0,0.272043914,0.329360366,15.9258718,0.160999998,0,,,0,1
58100150,0.800000012,1,,,0.0241758227,0,0.272043914,0.329360366,15.9258718,0.164000005,0,,,0,1
58101275,0.800000012,1,,,0.0322344303,0,0.272043914,0.329360366,15.9258718,0.164000005,0,,,0,1
58102408,0.800000012,1,,,0.0322344303,0,0.272043914,0.329360366,15.9258718,0.166000009,0,,,0,1
58103534,0.800000012,1,,,0.0322344303,0,0.272043914,0.329360366,15.9258718,0.166000009,0,,,0,1
58104662,0.800000012,1,,,0.0241758227,0,0.272043914,0.329360366,15.9258718,0.168000013,0,,,0,1
58105787,0.800000012,1,,,0.0241758227,0,0.272043914,0.329360366,15.9258718,0.168000013,0,,,0,1
58106916,0.800000012,1,,,0.0241758227,0,0.272043914,0.329360366,15.9258718,0.170000002,0,,,0,1
58108041,0.800000012,1,,,0.0322344303,0,0.272043914,0.329360366,15.9213276,0.170000002,0,,,0,1
58109169,0.800000012,0.25,,,0.0161172152,0.0483516455,0.272043914,0.329360366,15.9304171,0.173000008,0,,,0,1
58110295,0.800000012,1,,,0.0241758227,0,0.272043914,0.329360366,15.9213276,0.173000008,0,,,0,1
58111423,0.800000012,1,,,0.0241758227,0,0.272043914,0.329360366,15.9258718,0.174999997,0,,,0,1
58112549,0.800000012,1,,,0.0322344303,0,0.272043914,0.329360366,15.9258718,0.174999997,0,,,0,1
58113682,0.800000012,1,,,0.0322344303,0,0.272043914,0.329360366,15.9258718,0.177000001,0,,,0,1
58114807,0.800000012,1,,,0.0241758227,0,0.272043914,0.329360366,15.9258718,0.177000001,0,,,0,1
58116140,0.800000012,1,,,0.0322344303,0,0.272043914,0.329360366,15.9213276,0.179999992,0,,,0,1
58117265,0.800000012,1,,,0.0322344303,0,0.272043914,0.329360366,15.9258718,0.179999992,0,,,0,1
58118393,0.800000012,1,,,0.0161172152,0,0.272043914,0.329360366,15.9258718,0.181999996,0,,,0,1
58119519,0.800000012,1,,,0.0241758227,0,0.272043914,0.329360366,15.9258718,0.181999996,0,,,0,1
58120647,0.800000012,1,,,0.0241758227,0,0.272043914,0.329360366,15.9213276,0.184,0,,,0,1
58121772,0.800000012,1,,,0.0241758227,0,0.272043914,0.329360366,15.9258718,0.184,0,,,0,1
58122901,0.800000012,1,,,0.0322344303,0,0.272043914,0.329360366,15.9258718,0.18599999,0,,,0,1
58124026,0.800000012,1,,,0.0241758227,0,0.272043914,0.329360366,15.9258718,0.18599999,0,,,0,1
58125159,0.800000012,1,,,0.0241758227,0,0.272043914,0.329360366,15.9258718,0.18900001,0,,,0,1
58126285,0.800000012,1,,,0.0161172152,0,0.272043914,0.329360366,15.9258718,0.18900001,0,,,0,1
58127413,0.800000012,1,,,0.0241758227,0,0.272043914,0.329360366,15.9258718,0.190999985,0,,,0,1
58128539,0.800000012,1,,,0.0241758227,0,0.272043914,0.329360366,15.9258718,0.190999985,0,,,0,1
58129667,0.800000012,1,,,0.0161172152,0,0.272043914,0.329360366,15.9258718,0.193000004,0,,,0,1
58130792,0.800000012,1,,,0.0322344303,0,0.272043914,0.329360366,15.9304171,0.193000004,0,,,0,1
58131921,0.800000012,1,,,0.0241758227,0,0.272043914,0.329360366,15.9258718,0.194999993,0,,,0,1
58133046,0.800000012,1,,,0.0241758227,0,0.272043914,0.329360366,15.9258718,0.194999993,0,,,0,1
58134174,0.800000012,1,,,0.0161172152,0,0.272043914,0.329360366,15.9258718,0.197999999,0,,,0,1
58135300,0.800000012,1,,,0.0241758227,0,0.272043914,0.329360366,15.9258718,0.197999999,0,,,0,1
58136433,0.800000012,1,,,0.0161172152,0,0.272043914,0.329360366,15.9258718,0.200000018,0,,,0,1
58137763,0.800000012,1,,,0.0241758227,0,0.272043914,0.329360366,15.9258718,0.200000018,0,,,0,1
58138891,0.800000012,0.800000012,,,0.0322344303,0.00805860758,0.272043914,0.329360366,15.9258718,0.201999992,0,,,0,1
58140017,0.800000012,1,,,0.0322344303,0,0.272043914,0.329360366,15.9258718,0.201999992,0,,,0,1
58141145,0.800000012,1,,,0.0241758227,0,0.272043914,0.329360366,15.9258718,0.205000013,0,,,0,1
58142271,0.800000012,1,,,0.0241758227,0,0.272043914,0.329360366,15.9304171,0.205000013,0,,,0,1
58143399,0.800000012,1,,,0.0322344303,0,0.272043914,0.329360366,15.9258718,0.206999987,0,,,0,1
58144525,0.800000012,1,,,0.0241758227,0,0.272043914,0.329360366,15.9258718,0.206999987,0,,,0,1
58145654,0.800000012,1,,,0.0322344303,0,0.272043914,0.329360366,15.9258718,0.209000006,0,,,0,1
58146784,0.800000012,1,,,0.0322344303,0,0.272043914,0.329360366,15.9258718,0.209000006,0,,,0,1
58147912,0.800000012,1,,,0.0241758227,0,0.272043914,0.329360366,15.9258718,0.210999995,0,,,0,1
58149037,0.800000012,1,,,0.0322344303,0,0.272043914,0.329360366,15.9258718,0.210999995,0,,,0,1
58150166,0.800000012,1,,,0.0241758227,0,0.272043914,0.329360366,15.9258718,0.214000002,0,,,0,1
58151291,0.800000012,1,,,0.0322344303,0,0.272043914,0.329360366,15.9258718,0.214000002,0,,,0,1
58152419,0.800000012,1,,,0.0241758227,0,0.272043914,0.329360366,15.9258718,0.215999991,0,,,0,1
58153545,0.800000012,1,,,0.0322344303,0,0.272043914,0.329360366,15.9258718,0.215999991,0,,,0,1
58154673,0.800000012,1,,,0.0322344303,0,0.272043914,0.329360366,15.9258718,0.217999995,0,,,0,1
58155799,0.800000012,1,,,0.0241758227,0,0.272043914,0.329360366,15.9258718,0.217999995,0,,,0,1
58156928,0.800000012,1,,,0.0241758227,0,0.272043914,0.329360366,15.9258718,0.219999999,0,,,0,1
58158262,0.800000012,1,,,0.0322344303,0,0.272043914,0.329360366,15.9258718,0.219999999,0,,,0,1
58159391,0.800000012,1,,,0.0241758227,0,0.272043914,0.329360366,15.9258718,0.22299999,0,,,0,1
58160516,0.800000012,1,,,0.0161172152,0,0.272043914,0.329360366,15.9258718,0.22299999,0,,,0,1
58161644,0.800000012,1,,,0.0241758227,0,0.272043914,0.329360366,15.9258718,0.225000009,0,,,0,1
58162770,0.800000012,1,,,0.0241758227,0,0.272043914,0.329360366,15.9258718,0.225000009,0,,,0,1
58163898,0.800000012,1,,,0.0241758227,0,0.272043914,0.329360366,15.9258718,0.226999998,0,,,0,1
58165023,0.800000012,1,,,0.0241758227,0,0.272043914,0.329360366,15.9258718,0.226999998,0,,,0,1
58166152,0.800000012,1,,,0.0322344303,0,0.272043914,0.329360366,15.9258718,0.230000004,0,,,0,1
58167277,0.800000012,1,,,0.0161172152,0,0.272043914,0.329360366,15.9304171,0.230000004,0,,,0,1
58168405,0.800000012,1,,,0.0322344303,0,0.272043914,0.329360366,15.9258718,0.231999993,0,,,0,1
58169536,0.800000012,1,,,0.0322344303,0,0.272043914,0.329360366,15.9213276,0.231999993,0,,,0,1
58170664,0.800000012,1,,,0.0241758227,0,0.272043914,0.329360366,15.9258718,0.233999997,0,,,0,1
58171790,0.800000012,1,,,0.0322344303,0,0.272043914,0.329360366,15.9258718,0.233999997,0,,,0,1
58172919,0.800000012,1,,,0.0322344303,0,0.272043914,0.329360366,15.9258718,0.236000001,0,,,0,1
58174044,0.800000012,1,,,0.0241758227,0,0.272043914,0.329360366,15.9258718,0.236000001,0,,,0,1
58175173,0.800000012,1,,,0.0402930379,0,0.272043914,0.329360366,15.9258718,0.238999993,0,,,0,1
58176298,0.800000012,1,,,0.0241758227,0,0.272043914,0.329360366,15.9258718,0.238999993,0,,,0,1
58177426,0.800000012,1,,,0.0322344303,0,0.272043914,0.329360366,15.9258718,0.240999997,0,,,0,1
58178552,0.800000012,1,,,0.0322344303,0,0.272043914,0.329360366,15.9258718,0.240999997,0,,,0,1
58179884,0.800000012,1,,,0.0241758227,0,0.272043914,0.329360366,15.9258718,0.243000001,0,,,0,1
58181014,0.800000012,1,,,0.0161172152,0,0.272043914,0.329360366,15.9258718,0.243000001,0,,,0,1
58182143,0.800000012,1,,,0.0241758227,0,0.272043914,0.329360366,15.9304171,0.246000007,0,,,0,1
58183268,0.800000012,1,,,0.0241758227,0,0.272043914,0.329360366,15.9258718,0.246000007,0,,,0,1
58184396,0.800000012,1,,,0.0241758227,0,0.272043914,0.329360366,15.9258718,0.247999996,0,,,0,1
58185522,0.800000012,0.75,,,0.0241758227,0.00805860758,0.272043914,0.329360366,15.9258718,0.247999996,0,,,0,1
58186650,0.800000012,1,,,0.0322344303,0,0.272043914,0.329360366,15.9258718,0.25,0,,,0,1
58187776,0.800000012,1,,,0.0241758227,0,0.272043914,0.329360366,15.9258718,0.25,0,,,0,1
58188904,0.800000012,1,,,0.0241758227,0,0.272043914,0.329360366,15.9258718,0.252000004,0,,,0,1
58190029,0.800000012,1,,,0.0241758227,0,0.272043914,0.329360366,15.9258718,0.252000004,0,,,0,1
58191158,0.800000012,1,,,0.0161172152,0,0.272043914,0.329360366,15.9258718,0.254999995,0,,,0,1
58192288,0.800000012,1,,,0.0241758227,0,0.272043914,0.329360366,15.9258718,0.254999995,0,,,0,1
58193416,0.800000012,1,,,0.0241758227,0,0.272043914,0.329360366,15.9258718,0.256999999,0,,,0,1
58194542,0.800000012,1,,,0.0322344303,0,0.272043914,0.329360366,15.9258718,0.256999999,0,,,0,1
58195670,0.800000012,1,,,0.0241758227,0,0.272043914,0.329360366,15.9258718,0.259000003,0,,,0,1
58196795,0.800000012,1,,,0.0241758227,0,0.272043914,0.329360366,15.9258718,0.259000003,0,,,0,1
58197958,0.800000012,0.333333343,,,0.0322344303,0.0644688606,0.282355398,0.315414727,15.9258718,0.260999978,0,,,0,1
58199083,0.800000012,1,,,0.0322344303,0,0.282355398,0.315414727,15.9258718,0.260999978,0,,,0,1
58200416,0.800000012,1,,,0.0241758227,0,0.282355398,0.315414727,15.9258718,0.263999999,0,,,0,1
58201541,0.800000012,1,,,0.0241758227,0,0.282355398,0.315414727,15.9258718,0.263999999,0,,,0,1
58202670,0.800000012,1,,,0.0241758227,0,0.282355398,0.315414727,15.9213276,0.266000003,0,,,0,1
58203800,0.800000012,1,,,0.0322344303,0,0.282355398,0.315414727,15.9258718,0.266000003,0,,,0,1
58204928,0.800000012,1,,,0.0241758227,0,0.282355398,0.315414727,15.9258718,0.268000007,0,,,0,1
58206054,0.800000012,1,,,0.0241758227,0,0.282355398,0.315414727,15.9258718,0.268000007,0,,,0,1
58207182,0.800000012,1,,,0.0322344303,0,0.282355398,0.315414727,15.9258718,0.270999998,0,,,0,1
58208308,0.800000012,1,,,0.0241758227,0,0.282355398,0.315414727,15.9213276,0.270999998,0,,,0,1
58209436,0.800000012,1,,,0.0322344303,0,0.282355398,0.315414727,15.9258718,0.273000002,0,,,0,1
58210561,0.800000012,1,,,0.0241758227,0,0.282355398,0.315414727,15.9258718,0.273000002,0,,,0,1
58211689,0.800000012,1,,,0.0241758227,0,0.282355398,0.315414727,15.9258718,0.275000006,0,,,0,1
58212815,0.800000012,1,,,0.0322344303,0,0.282355398,0.315414727,15.9304171,0.275000006,0,,,0,1
58213948,0.800000012,1,,,0.0322344303,0,0.282355398,0.315414727,15.9258718,0.27700001,0,,,0,1
58215073,0.800000012,1,,,0.0241758227,0,0.282355398,0.315414727,15.9258718,0.27700001,0,,,0,1
58216201,0.800000012,1,,,0.0241758227,0,0.282355398,0.315414727,15.9213276,0.280000001,0,,,0,1
58217327,0.800000012,1,,,0.0322344303,0,0.282355398,0.315414727,15.9258718,0.280000001,0,,,0,1
58218455,0.800000012,1,,,0.0241758227,0,0.282355398,0.315414727,15.9258718,0.282000005,0,,,0,1
58219580,0.800000012,1,,,0.0161172152,0,0.282355398,0.315414727,15.9213276,0.282000005,0,,,0,1
58220913,0.800000012,1,,,0.0241758227,0,0.282355398,0.315414727,15.9258718,0.284000009,0,,,0,1
58222038,0.800000012,1,,,0.0322344303,0,0.282355398,0.315414727,15.9213276,0.284000009,0,,,0,1
58223167,0.800000012,1,,,0.0322344303,0,0.282355398,0.315414727,15.9304171,0.287,0,,,0,1
58224293,0.800000012,1,,,0.0161172152,0,0.282355398,0.315414727,15.9258718,0.287,0,,,0,1
58225426,0.800000012,1,,,0.0322344303,0,0.282355398,0.315414727,15.9258718,0.289000005,0,,,0,1
58226551,0.800000012,1,,,0.0241758227,0,0.282355398,0.315414727,15.9213276,0.289000005,0,,,0,1
58227679,0.800000012,1,,,0.0241758227,0,0.282355398,0.315414727,15.9258718,0.291000009,0,,,0,1
58228805,0.800000012,1,,,0.0241758227,0,0.282355398,0.315414727,15.9258718,0.291000009,0,,,0,1
58229933,0.800000012,1,,,0.0322344303,0,0.282355398,0.315414727,15.9213276,0.292999983,0,,,0,1
58231058,0.800000012,1,,,0.0241758227,0,0.282355398,0.315414727,15.9258718,0.292999983,0,,,0,1
58232187,0.800000012,1,,,0.0241758227,0,0.282355398,0.315414727,15.9258718,0.296000004,0,,,0,1
58233312,0.800000012,1,,,0.0241758227,0,0.282355398,0.315414727,15.9258718,0.296000004,0,,,0,1
58234440,0.800000012,1,,,0.0241758227,0,0.282355398,0.315414727,15.9258718,0.297999978,0,,,0,1
58235566,0.800000012,1,,,0.0322344303,0,0.282355398,0.315414727,15.9258718,0.297999978,0,,,0,1
58236699,0.800000012,1,,,0.0241758227,0,0.282355398,0.315414727,15.9258718,0.300000012,0,,,0,1
58237824,0.800000012,1,,,0.0241758227,0,0.282355398,0.315414727,15.9258718,0.300000012,0,,,0,1
58238952,0.800000012,1,,,0.0241758227,0,0.282355398,0.315414727,15.9258718,0.301999986,0,,,0,1
58240078,0.800000012,1,,,0.0241758227,0,0.282355398,0.315414727,15.9213276,0.301999986,0,,,0,1
58241206,0.800000012,1,,,0.0241758227,0,0.282355398,0.315414727,15.9258718,0.305000007,0,,,0,1
58242536,0.800000012,1,,,0.0322344303,0,0.282355398,0.315414727,15.9258718,0.305000007,0,,,0,1
58243664,0.800000012,1,,,0.0322344303,0,0.282355398,0.315414727,15.9258718,0.306999981,0,,,0,1
58244790,0.800000012,1,,,0.0241758227,0,0.282355398,0.315414727,15.9258718,0.306999981,0,,,0,1
58245918,0.800000012,1,,,0.0241758227,0,0.282355398,0.315414727,15.9213276,0.309000015,0,,,0,1
58247044,0.800000012,1,,,0.0241758227,0,0.282355398,0.315414727,15.9258718,0.309000015,0,,,0,1
58248177,0.800000012,1,,,0.0241758227,0,0.282355398,0.315414727,15.9258718,0.312000006,0,,,0,1
58249302,0.800000012,1,,,0.0241758227,0,0.282355398,0.315414727,15.9258718,0.312000006,0,,,0,1
58250430,0.800000012,1,,,0.0322344303,0,0.282355398,0.315414727,15.9258718,0.31400001,0,,,0,1
58251556,0.800000012,1,,,0.0241758227,0,0.282355398,0.315414727,15.9258718,0.31400001,0,,,0,1
58252684,0.800000012,1,,,0.0241758227,0,0.282355398,0.315414727,15.9304171,0.316000015,0,,,0,1
58253810,0.800000012,1,,,0.0322344303,0,0.282355398,0.315414727,15.9167824,0.316000015,0,,,0,1
58254939,0.800000012,1,,,0.0241758227,0,0.282355398,0.315414727,15.9304171,0.317999989,0,,,0,1
58256064,0.800000012,1,,,0.0322344303,0,0.282355398,0.315414727,15.9258718,0.317999989,0,,,0,1
58257193,0.800000012,1,,,0.0241758227,0,0.282355398,0.315414727,15.9304171,0.32100001,0,,,0,1
58258318,0.800000012,1,,,0.0322344303,0,0.282355398,0.315414727,15.9258718,0.32100001,0,,,0,1
58259451,0.800000012,0.600000024,,,0.0241758227,0.0161172152,0.282355398,0.315414727,15.9258718,0.322999984,0,,,0,1
58260577,0.800000012,1,,,0.0241758227,0,0.282355398,0.315414727,15.9258718,0.322999984,0,,,0,1
58261705,0.800000012,1,,,0.0161172152,0,0.282355398,0.315414727,15.9258718,0.324999988,0,,,0,1
58263035,0.800000012,1,,,0.0322344303,0,0.282355398,0.315414727,15.9258718,0.324999988,0,,,0,1
58264163,0.800000012,1,,,0.0322344303,0,0.282355398,0.315414727,15.9258718,0.328000009,0,,,0,1
58265288,0.800000012,1,,,0.0241758227,0,0.282355398,0.315414727,15.9258718,0.328000009,0,,,0,1
58266417,0.800000012,1,,,0.0322344303,0,0.282355398,0.315414727,15.9258718,0.329999983,0,,,0,1
58267542,0.800000012,1,,,0.0322344303,0,0.282355398,0.315414727,15.9258718,0.329999983,0,,,0,1
58268670,0.800000012,1,,,0.0322344303,0,0.282355398,0.315414727,15.9258718,0.332000017,0,,,0,1
58269795,0.800000012,1,,,0.0241758227,0,0.282355398,0.315414727,15.9258718,0.332000017,0,,,0,1
58270928,0.800000012,1,,,0.0241758227,0,0.282355398,0.315414727,15.9258718,0.333999991,0,,,0,1
58272054,0.800000012,1,,,0.0241758227,0,0.282355398,0.315414727,15.9258718,0.333999991,0,,,0,1
58273183,0.800000012,1,,,0.0241758227,0,0.282355398,0.315414727,15.9258718,0.337000012,0,,,0,1
58274308,0.800000012,1,,,0.0241758227,0,0.282355398,0.315414727,15.9258718,0.337000012,0,,,0,1
58275437,0.800000012,1,,,0.0241758227,0,0.282355398,0.315414727,15.9213276,0.338999987,0,,,0,1
58276563,0.800000012,1,,,0.0241758227,0,0.282355398,0.315414727,15.9258718,0.338999987,0,,,0,1
58277691,0.800000012,1,,,0.0241758227,0,0.282355398,0.315414727,15.9258718,0.341000021,0,,,0,1
58278816,0.800000012,1,,,0.0322344303,0,0.282355398,0.315414727,15.9258718,0.341000021,0,,,0,1
58279944,0.800000012,1,,,0.0161172152,0,0.282355398,0.315414727,15.9258718,0.342999995,0,,,0,1
58281070,0.800000012,1,,,0.0241758227,0,0.282355398,0.315414727,15.9258718,0.342999995,0,,,0,1
58282203,0.800000012,1,,,0.0241758227,0,0.282355398,0.315414727,15.9258718,0.346000016,0,,,0,1
58283329,0.800000012,1,,,0.0241758227,0,0.282355398,0.315414727,15.9258718,0.346000016,0,,,0,1
58284661,0.800000012,1,,,0.0241758227,0,0.282355398,0.315414727,15.9304171,0.34799999,0,,,0,1
58285786,0.800000012,1,,,0.0241758227,0,0.282355398,0.315414727,15.9258718,0.34799999,0,,,0,1
58286915,0.800000012,1,,,0.0241758227,0,0.282355398,0.315414727,15.9304171,0.349999994,0,,,0,1
58288040,0.800000012,1,,,0.0241758227,0,0.282355398,0.315414727,15.9213276,0.349999994,0,,,0,1
58289168,0.800000012,1,,,0.0322344303,0,0.282355398,0.315414727,15.9258718,0.353000015,0,,,0,1
58290294,0.800000012,1,,,0.0402930379,0,0.282355398,0.315414727,15.9258718,0.353000015,0,,,0,1
58291422,0.800000012,1,,,0.0241758227,0,0.282355398,0.315414727,15.9258718,0.354999989,0,,,0,1
58292553,0.800000012,1,,,0.0161172152,0,0.282355398,0.315414727,15.9258718,0.354999989,0,,,0,1
58293681,0.800000012,1,,,0.0241758227,0,0.282355398,0.315414727,15.9304171,0.356999993,0,,,0,1
58294806,0.800000012,1,,,0.0322344303,0,0.282355398,0.315414727,15.9258718,0.356999993,0,,,0,1
58295935,0.800000012,1,,,0.0161172152,0,0.282355398,0.315414727,15.9258718,0.358999997,0,,,0,1
58297060,0.800000012,1,,,0.0241758227,0,0.282355398,0.315414727,15.9258718,0.358999997,0,,,0,1
58298188,0.800000012,1,,,0.0322344303,0,0.282355398,0.315414727,15.9258718,0.361999989,0,,,0,1
58299314,0.800000012,1,,,0.0322344303,0,0.282355398,0.315414727,15.9258718,0.361999989,0,,,0,1
58300442,0.800000012,1,,,0.0161172152,0,0.282355398,0.315414727,15.9213276,0.363999993,0,,,0,1
58301567,0.800000012,1,,,0.0322344303,0,0.282355398,0.315414727,15.9213276,0.363999993,0,,,0,1
58302696,0.800000012,1,,,0.0322344303,0,0.282355398,0.315414727,15.9258718,0.365999997,0,,,0,1
58303826,0.800000012,1,,,0.0322344303,0,0.282355398,0.315414727,15.9258718,0.365999997,0,,,0,1
58305159,0.800000012,1,,,0.0241758227,0,0.282355398,0.315414727,15.9258718,0.369000018,0,,,0,1
58306284,0.800000012,1,,,0.0241758227,0,0.282355398,0.315414727,15.9258718,0.369000018,0,,,0,1
58307412,0.800000012,1,,,0.0322344303,0,0.282355398,0.315414727,15.9258718,0.370999992,0,,,0,1
58308538,0.800000012,1,,,0.0241758227,0,0.282355398,0.315414727,15.9258718,0.370999992,0,,,0,1
58309666,0.800000012,1,,,0.0161172152,0,0.282355398,0.315414727,15.9304171,0.373000026,0,,,0,1
58310791,0.800000012,1,,,0.0241758227,0,0.282355398,0.315414727,15.9258718,0.373000026,0,,,0,1
58311920,0.800000012,1,,,0.0322344303,0,0.282355398,0.315414727,15.9258718,0.375,0,,,0,1
58313045,0.800000012,1,,,0.0241758227,0,0.282355398,0.315414727,15.9258718,0.375,0,,,0,1
58314173,0.800000012,1,,,0.0241758227,0,0.282355398,0.315414727,15.9258718,0.378000021,0,,,0,1
58315304,0.800000012,1,,,0.0322344303,0,0.282355398,0.315414727,15.9258718,0.378000021,0,,,0,1
58316432,0.800000012,1,,,0.0322344303,0,0.282355398,0.315414727,15.9258718,0.379999995,0,,,0,1
58317557,0.800000012,1,,,0.0241758227,0,0.282355398,0.315414727,15.9258718,0.379999995,0,,,0,1
58318686,0.800000012,0.800000012,,,0.0322344303,0.00805860758,0.282355398,0.315414727,15.9258718,0.381999969,0,,,0,1
58319811,0.800000012,1,,,0.0241758227,0,0.282355398,0.315414727,15.9258718,0.381999969,0,,,0,1
58320939,0.800000012,1,,,0.0241758227,0,0.282355398,0.315414727,15.9258718,0.384000003,0,,,0,1
58322065,0.800000012,1,,,0.0241758227,0,0.282355398,0.315414727,15.9304171,0.384000003,0,,,0,1
58323193,0.800000012,1,,,0.0241758227,0,0.282355398,0.315414727,15.9213276,0.386999965,0,,,0,1
58324318,0.800000012,1,,,0.0241758227,0,0.282355398,0.315414727,15.9258718,0.386999965,0,,,0,1
58325447,0.800000012,1,,,0.0241758227,0,0.282355398,0.315414727,15.9258718,0.388999999,0,,,0,1
58326781,0.800000012,1,,,0.0241758227,0,0.282355398,0.315414727,15.9304171,0.388999999,0,,,0,1
58327909,0.800000012,1,,,0.0322344303,0,0.282355398,0.315414727,15.9213276,0.391000003,0,,,0,1
58329035,0.800000012,1,,,0.0241758227,0,0.282355398,0.315414727,15.9258718,0.391000003,0,,,0,1
58330163,0.800000012,1,,,0.0322344303,0,0.282355398,0.315414727,15.9258718,0.393999994,0,,,0,1
58331288,0.800000012,1,,,0.0322344303,0,0.282355398,0.315414727,15.9258718,0.393999994,0,,,0,1
58332417,0.800000012,1,,,0.0241758227,0,0.282355398,0.315414727,15.9258718,0.395999998,0,,,0,1
58333542,0.800000012,0.428571433,,,0.0241758227,0.0322344303,0.282355398,0.315414727,15.9258718,0.395999998,0,,,0,1
58334670,0.800000012,1,,,0.0241758227,0,0.282355398,0.315414727,15.9258718,0.398000002,0,,,0,1
58335796,0.800000012,1,,,0.0241758227,0,0.282355398,0.315414727,15.9258718,0.398000002,0,,,0,1
58336925,0.800000012,1,,,0.0241758227,0,0.282355398,0.315414727,15.9258718,0.400000036,0,,,0,1
58338055,0.800000012,1,,,0.0322344303,0,0.282355398,0.315414727,15.9258718,0.400000036,0,,,0,1
58339183,0.800000012,1,,,0.0241758227,0,0.282355398,0.315414727,15.9258718,0.402999997,0,,,0,1
58340309,0.800000012,1,,,0.0241758227,0,0.282355398,0.315414727,15.9258718,0.402999997,0,,,0,1
58341437,0.800000012,1,,,0.0322344303,0,0.282355398,0.315414727,15.9258718,0.405000031,0,,,0,1
58342562,0.800000012,1,,,0.0322344303,0,0.282355398,0.315414727,15.9258718,0.405000031,0,,,0,1
58343691,0.800000012,1,,,0.0161172152,0,0.282355398,0.315414727,15.9213276,0.407000005,0,,,0,1
58344816,0.800000012,1,,,0.0322344303,0,0.282355398,0.315414727,15.9258718,0.407000005,0,,,0,1
58345944,0.800000012,1,,,0.0322344303,0,0.282355398,0.315414727,15.9258718,0.408999979,0,,,0,1
58347274,0.800000012,1,,,0.0241758227,0,0.282355398,0.315414727,15.9258718,0.408999979,0,,,0,1
58348402,0.800000012,1,,,0.0241758227,0,0.282355398,0.315414727,15.9258718,0.412,0,,,0,1
58349532,0.800000012,0.428571433,,,0.0241758227,0.0322344303,0.282355398,0.315414727,15.9213276,0.412,0,,,0,1
58350661,0.800000012,1,,,0.0241758227,0,0.282355398,0.315414727,15.9258718,0.413999975,0,,,0,1
58351786,0.800000012,1,,,0.0241758227,0,0.282355398,0.315414727,15.9213276,0.413999975,0,,,0,1
58352915,0.800000012,1,,,0.0322344303,0,0.282355398,0.315414727,15.9258718,0.415999979,0,,,0,1
58354040,0.800000012,1,,,0.0241758227,0,0.282355398,0.315414727,15.9258718,0.415999979,0,,,0,1
58355169,0.800000012,1,,,0.0322344303,0,0.282355398,0.315414727,15.9258718,0.41899997,0,,,0,1
58356295,0.800000012,1,,,0.0241758227,0,0.282355398,0.315414727,15.9258718,0.41899997,0,,,0,1
58357423,0.800000012,1,,,0.0241758227,0,0.282355398,0.315414727,15.9258718,0.421000004,0,,,0,1
58358549,0.800000012,1,,,0.0241758227,0,0.282355398,0.315414727,15.9258718,0.421000004,0,,,0,1
58359682,0.800000012,1,,,0.0241758227,0,0.282355398,0.315414727,15.9258718,0.423000008,0,,,0,1
58360807,0.800000012,1,,,0.0322344303,0,0.282355398,0.315414727,15.9258718,0.423000008,0,,,0,1
58361935,0.800000012,1,,,0.0241758227,0,0.282355398,0.315414727,15.9213276,0.425000012,0,,,0,1
58363061,0.800000012,1,,,0.0322344303,0,0.282355398,0.315414727,15.9258718,0.425000012,0,,,0,1
58364189,0.800000012,1,,,0.0241758227,0,0.282355398,0.315414727,15.9258718,0.428000003,0,,,0,1
58365314,0.800000012,1,,,0.0241758227,0,0.282355398,0.315414727,15.9258718,0.428000003,0,,,0,1
58366443,0.800000012,1,,,0.0241758227,0,0.282355398,0.315414727,15.9258718,0.430000007,0,,,0,1
58367772,0.800000012,1,,,0.0322344303,0,0.282355398,0.315414727,15.9258718,0.430000007,0,,,0,1
58368901,0.800000012,1,,,0.0241758227,0,0.282355398,0.315414727,15.9258718,0.431999981,0,,,0,1
58370026,0.800000012,1,,,0.0241758227,0,0.282355398,0.315414727,15.9258718,0.431999981,0,,,0,1
58371160,0.800000012,1,,,0.0241758227,0,0.282355398,0.315414727,15.9258718,0.435000002,0,,,0,1
58372285,0.800000012,1,,,0.0241758227,0,0.282355398,0.315414727,15.9258718,0.435000002,0,,,0,1
58373414,0.800000012,1,,,0.0241758227,0,0.282355398,0.315414727,15.9258718,0.437000036,0,,,0,1
58374539,0.800000012,1,,,0.0322344303,0,0.282355398,0.315414727,15.9258718,0.437000036,0,,,0,1
58375668,0.800000012,1,,,0.0322344303,0,0.282355398,0.315414727,15.9258718,0.43900001,0,,,0,1
58376793,0.800000012,1,,,0.0241758227,0,0.282355398,0.315414727,15.9213276,0.43900001,0,,,0,1
58377921,0.800000012,1,,,0.0241758227,0,0.282355398,0.315414727,15.9213276,0.440999985,0,,,0,1
58379047,0.800000012,1,,,0.0322344303,0,0.282355398,0.315414727,15.9258718,0.440999985,0,,,0,1
58380175,0.800000012,1,,,0.0241758227,0,0.282355398,0.315414727,15.9258718,0.444000006,0,,,0,1
58381301,0.800000012,1,,,0.0241758227,0,0.282355398,0.315414727,15.9213276,0.444000006,0,,,0,1
58382433,0.800000012,1,,,0.0241758227,0,0.282355398,0.315414727,15.9258718,0.44599998,0,,,0,1
58383559,0.800000012,1,,,0.0241758227,0,0.282355398,0.315414727,15.9213276,0.44599998,0,,,0,1
58384688,0.800000012,1,,,0.0161172152,0,0.282355398,0.315414727,15.9258718,0.447999984,0,,,0,1
58385813,0.800000012,1,,,0.0322344303,0,0.282355398,0.315414727,15.9258718,0.447999984,0,,,0,1
58386942,0.800000012,1,,,0.0241758227,0,0.282355398,0.315414727,15.9258718,0.450000018,0,,,0,1
58388067,0.800000012,1,,,0.0241758227,0,0.282355398,0.315414727,15.9258718,0.450000018,0,,,0,1
58389400,0.800000012,1,,,0.0241758227,0,0.282355398,0.315414727,15.9258718,0.452999979,0,,,0,1
58390525,0.800000012,1,,,0.0241758227,0,0.282355398,0.315414727,15.9258718,0.452999979,0,,,0,1
58391653,0.800000012,1,,,0.0322344303,0,0.282355398,0.315414727,15.9258718,0.455000013,0,,,0,1
58392779,0.800000012,1,,,0.0322344303,0,0.282355398,0.315414727,15.9258718,0.455000013,0,,,0,1
58393912,0.800000012,1,,,0.0322344303,0,0.282355398,0.315414727,15.9258718,0.457000017,0,,,0,1
58395037,0.800000012,1,,,0.0161172152,0,0.282355398,0.315414727,15.9213276,0.457000017,0,,,0,1
58396165,0.800000012,1,,,0.0241758227,0,0.282355398,0.315414727,15.9258718,0.460000008,0,,,0,1
58397291,0.800000012,1,,,0.0241758227,0,0.282355398,0.315414727,15.9258718,0.460000008,0,,,0,1
58398419,0.800000012,1,,,0.0241758227,0,0.282355398,0.315414727,15.9213276,0.462000012,0,,,0,1
58399545,0.800000012,1,,,0.0322344303,0,0.282355398,0.315414727,15.9258718,0.462000012,0,,,0,1
58400673,0.800000012,1,,,0.0241758227,0,0.282355398,0.315414727,15.9258718,0.463999987,0,,,0,1
58401798,0.800000012,1,,,0.0241758227,0,0.282355398,0.315414727,15.9258718,0.463999987,0,,,0,1
58402926,0.800000012,1,,,0.0241758227,0,0.282355398,0.315414727,15.9258718,0.466000021,0,,,0,1
58404052,0.800000012,1,,,0.0241758227,0,0.282355398,0.315414727,15.9258718,0.466000021,0,,,0,1
58405185,0.800000012,1,,,0.0241758227,0,0.282355398,0.315414727,15.9258718,0.468999982,0,,,0,1
58406311,0.800000012,1,,,0.0241758227,0,0.282355398,0.315414727,15.9213276,0.468999982,0,,,0,1
58407439,0.800000012,1,,,0.0241758227,0,0.282355398,0.315414727,15.9304171,0.471000016,0,,,0,1
58408565,0.800000012,1,,,0.0241758227,0,0.282355398,0.315414727,15.9258718,0.471000016,0,,,0,1
58409897,0.800000012,1,,,0.0241758227,0,0.282355398,0.315414727,15.9258718,0.47299999,0,,,0,1
58411023,0.800000012,1,,,0.0322344303,0,0.282355398,0.315414727,15.9304171,0.47299999,0,,,0,1
58412151,0.800000012,1,,,0.0241758227,0,0.282355398,0.315414727,15.9258718,0.476000011,0,,,0,1
58413277,0.800000012,1,,,0.0241758227,0,0.282355398,0.315414727,15.9258718,0.476000011,0,,,0,1
58414405,0.800000012,1,,,0.0161172152,0,0.282355398,0.315414727,15.9258718,0.477999985,0,,,0,1
58415531,0.800000012,1,,,0.0241758227,0,0.282355398,0.315414727,15.9258718,0.477999985,0,,,0,1
58416664,0.800000012,1,,,0.0322344303,0,0.282355398,0.315414727,15.9258718,0.479999989,0,,,0,1
58417789,0.800000012,1,,,0.0241758227,0,0.282355398,0.315414727,15.9258718,0.479999989,0,,,0,1
58418918,0.800000012,1,,,0.0241758227,0,0.282355398,0.315414727,15.9258718,0.481999993,0,,,0,1
58420043,0.800000012,1,,,0.0241758227,0,0.282355398,0.315414727,15.9258718,0.481999993,0,,,0,1
58421171,0.800000012,1,,,0.0241758227,0,0.282355398,0.315414727,15.9258718,0.484999985,0,,,0,1
58422297,0.800000012,1,,,0.0322344303,0,0.282355398,0.315414727,15.9258718,0.484999985,0,,,0,1
58423425,0.800000012,1,,,0.0241758227,0,0.282355398,0.315414727,15.9258718,0.487000018,0,,,0,1
58424550,0.800000012,1,,,0.0161172152,0,0.282355398,0.315414727,15.9258718,0.487000018,0,,,0,1
58425679,0.800000012,1,,,0.0241758227,0,0.282355398,0.315414727,15.9258718,0.489000022,0,,,0,1
58426804,0.800000012,1,,,0.0322344303,0,0.282355398,0.315414727,15.9258718,0.489000022,0,,,0,1
58427937,0.800000012,1,,,0.0241758227,0,0.282355398,0.315414727,15.9258718,0.490999997,0,,,0,1
58429062,0.800000012,1,,,0.0241758227,0,0.282355398,0.315414727,15.9213276,0.490999997,0,,,0,1
58430191,0.800000012,1,,,0.0402930379,0,0.282355398,0.315414727,15.9258718,0.494000018,0,,,0,1
58431520,0.800000012,1,,,0.0241758227,0,0.282355398,0.315414727,15.9304171,0.494000018,0,,,0,1
58432649,0.800000012,1,,,0.0322344303,0,0.282355398,0.315414727,15.9258718,0.495999992,0,,,0,1
58433774,0.800000012,1,,,0.0241758227,0,0.282355398,0.315414727,15.9258718,0.495999992,0,,,0,1
58434903,0.800000012,1,,,0.0322344303,0,0.282355398,0.315414727,15.9213276,0.497999966,0,,,0,1
58436035,0.800000012,1,,,0.0322344303,0,0.282355398,0.315414727,15.9304171,0.497999966,0,,,0,1
58437163,0.800000012,1,,,0.0322344303,0,0.282355398,0.315414727,15.9258718,0.500999987,0,,,0,1
58438293,0.800000012,1,,,0.0241758227,0,0.282355398,0.315414727,15.9258718,0.500999987,0,,,0,1
58439422,0.800000012,1,,,0.0241758227,0,0.282355398,0.315414727,15.9258718,0.503000021,0,,,0,1
58440547,0.800000012,1,,,0.0322344303,0,0.282355398,0.315414727,15.9258718,0.503000021,0,,,0,1
58441675,0.800000012,1,,,0.0241758227,0,0.282355398,0.315414727,15.9258718,0.504999995,0,,,0,1
58442801,0.800000012,1,,,0.0241758227,0,0.282355398,0.315414727,15.9258718,0.504999995,0,,,0,1
58443929,0.800000012,1,,,0.0322344303,0,0.282355398,0.315414727,15.9258718,0.506999969,0,,,0,1
58445054,0.800000012,1,,,0.0322344303,0,0.282355398,0.315414727,15.9258718,0.506999969,0,,,0,1
58446182,0.800000012,1,,,0.0241758227,0,0.282355398,0.315414727,15.9258718,0.50999999,0,,,0,1
58447308,0.800000012,1,,,0.0241758227,0,0.282355398,0.315414727,15.9258718,0.50999999,0,,,0,1
58448436,0.800000012,1,,,0.0241758227,0,0.282355398,0.315414727,15.9213276,0.511999965,0,,,0,1
58449567,0.800000012,1,,,0.0322344303,0,0.282355398,0.315414727,15.9258718,0.511999965,0,,,0,1
58450695,0.800000012,1,,,0.0241758227,0,0.282355398,0.315414727,15.9258718,0.513999999,0,,,0,1
58452024,0.800000012,1,,,0.0241758227,0,0.282355398,0.315414727,15.9258718,0.513999999,0,,,0,1
58453153,0.800000012,1,,,0.0322344303,0,0.282355398,0.315414727,15.9258718,0.51699996,0,,,0,1
58454279,0.800000012,1,,,0.0322344303,0,0.282355398,0.315414727,15.9258718,0.51699996,0,,,0,1
58455407,0.800000012,0.666666687,,,0.0161172152,0.00805860758,0.282355398,0.315414727,15.9258718,0.518999994,0,,,0,1
58456533,0.800000012,1,,,0.0241758227,0,0.282355398,0.315414727,15.9258718,0.518999994,0,,,0,1
58457661,0.800000012,1,,,0.0322344303,0,0.282355398,0.315414727,15.9258718,0.521000028,0,,,0,1
58458787,0.800000012,0.75,,,0.0241758227,0.00805860758,0.282355398,0.315414727,15.9258718,0.521000028,0,,,0,1
58459916,0.800000012,1,,,0.0322344303,0,0.282355398,0.315414727,15.9258718,0.523000002,0,,,0,1
58461046,0.800000012,1,,,0.0322344303,0,0.282355398,0.315414727,15.9258718,0.523000002,0,,,0,1
58462174,0.800000012,1,,,0.0241758227,0,0.282355398,0.315414727,15.9258718,0.526000023,0,,,0,1
58463299,0.800000012,1,,,0.0241758227,0,0.282355398,0.315414727,15.9258718,0.526000023,0,,,0,1
58464428,0.800000012,1,,,0.0241758227,0,0.282355398,0.315414727,15.9258718,0.527999997,0,,,0,1
58465553,0.800000012,1,,,0.0241758227,0,0.282355398,0.315414727,15.9258718,0.527999997,0,,,0,1
58466681,0.800000012,1,,,0.0161172152,0,0.282355398,0.315414727,15.9258718,0.529999971,0,,,0,1
58467807,0.800000012,1,,,0.0241758227,0,0.282355398,0.315414727,15.9213276,0.529999971,0,,,0,1
58468935,0.800000012,1,,,0.0241758227,0,0.282355398,0.315414727,15.9258718,0.532000005,0,,,0,1
58470061,0.800000012,1,,,0.0241758227,0,0.282355398,0.315414727,15.9258718,0.532000005,0,,,0,1
58471190,0.800000012,1,,,0.0241758227,0,0.282355398,0.315414727,15.9258718,0.534999967,0,,,0,1
58472320,0.800000012,1,,,0.0322344303,0,0.282355398,0.315414727,15.9258718,0.534999967,0,,,0,1
58473653,0.800000012,1,,,0.0241758227,0,0.282355398,0.315414727,15.9258718,0.537,0,,,0,1
58474778,0.800000012,1,,,0.0322344303,0,0.282355398,0.315414727,15.9258718,0.537,0,,,0,1
58475906,0.800000012,1,,,0.0322344303,0,0.282355398,0.315414727,15.9258718,0.539000034,0,,,0,1
58477032,0.800000012,1,,,0.0241758227,0,0.282355398,0.315414727,15.9258718,0.539000034,0,,,0,1
58478160,0.800000012,1,,,0.0322344303,0,0.282355398,0.315414727,15.9258718,0.541999996,0,,,0,1
58479286,0.800000012,1,,,0.0322344303,0,0.282355398,0.315414727,15.9213276,0.541999996,0,,,0,1
58480414,0.800000012,1,,,0.0322344303,0,0.282355398,0.315414727,15.9258718,0.54400003,0,,,0,1
58481539,0.800000012,1,,,0.0241758227,0,0.282355398,0.315414727,15.9213276,0.54400003,0,,,0,1
58482667,0.800000012,1,,,0.0241758227,0,0.282355398,0.315414727,15.9258718,0.546000004,0,,,0,1
58483798,0.800000012,1,,,0.0322344303,0,0.282355398,0.315414727,15.9258718,0.546000004,0,,,0,1
58484927,0.800000012,1,,,0.0241758227,0,0.282355398,0.315414727,15.9258718,0.547999978,0,,,0,1
58486052,0.800000012,1,,,0.0322344303,0,0.282355398,0.315414727,15.9213276,0.547999978,0,,,0,1
58487181,0.800000012,0.800000012,,,0.0322344303,0.00805860758,0.282355398,0.315414727,15.9258718,0.550999999,0,,,0,1
58488306,0.800000012,1,,,0.0322344303,0,0.282355398,0.315414727,15.9258718,0.550999999,0,,,0,1
58489435,0.800000012,1,,,0.0322344303,0,0.282355398,0.315414727,15.9258718,0.553000033,0,,,0,1
58490560,0.800000012,1,,,0.0241758227,0,0.282355398,0.315414727,15.9213276,0.553000033,0,,,0,1
58491688,0.800000012,1,,,0.0322344303,0,0.282355398,0.315414727,15.9258718,0.555000007,0,,,0,1
58492814,0.800000012,1,,,0.0241758227,0,0.282355398,0.315414727,15.9258718,0.555000007,0,,,0,1
58494146,0.800000012,1,,,0.0322344303,0,0.282355398,0.315414727,15.9258718,0.558000028,0,,,0,1
58495277,0.800000012,1,,,0.0241758227,0,0.282355398,0.315414727,15.9258718,0.558000028,0,,,0,1
58496405,0.800000012,1,,,0.0322344303,0,0.282355398,0.315414727,15.9258718,0.560000002,0,,,0,1
58497530,0.800000012,1,,,0.0322344303,0,0.282355398,0.315414727,15.9258718,0.560000002,0,,,0,1
58498659,0.800000012,1,,,0.0241758227,0,0.282355398,0.315414727,15.9258718,0.561999977,0,,,0,1
58499784,0.800000012,1,,,0.0241758227,0,0.282355398,0.315414727,15.9258718,0.561999977,0,,,0,1
58500912,0.800000012,1,,,0.0241758227,0,0.282355398,0.315414727,15.9258718,0.56400001,0,,,0,1
58502038,0.800000012,1,,,0.0241758227,0,0.282355398,0.315414727,15.9258718,0.56400001,0,,,0,1
58503166,0.800000012,1,,,0.0322344303,0,0.282355398,0.315414727,15.9258718,0.566999972,0,,,0,1
58504291,0.800000012,1,,,0.0241758227,0,0.282355398,0.315414727,15.9213276,0.566999972,0,,,0,1
58505425,0.800000012,1,,,0.0241758227,0,0.282355398,0.315414727,15.9258718,0.569000006,0,,,0,1
58506550,0.800000012,1,,,0.0322344303,0,0.282355398,0.315414727,15.9258718,0.569000006,0,,,0,1
58507678,0.800000012,1,,,0.0241758227,0,0.282355398,0.315414727,15.9258718,0.57099998,0,,,0,1
58508804,0.800000012,1,,,0.0241758227,0,0.282355398,0.315414727,15.9258718,0.57099998,0,,,0,1
58509932,0.800000012,1,,,0.0402930379,0,0.282355398,0.315414727,15.9258718,0.573000014,0,,,0,1
58511057,0.800000012,1,,,0.0241758227,0,0.282355398,0.315414727,15.9258718,0.573000014,0,,,0,1
58512186,0.800000012,1,,,0.0322344303,0,0.282355398,0.315414727,15.9258718,0.575999975,0,,,0,1
58513311,0.800000012,1,,,0.0241758227,0,0.282355398,0.315414727,15.9258718,0.575999975,0,,,0,1
58514439,0.800000012,1,,,0.0241758227,0,0.282355398,0.315414727,15.9258718,0.578000009,0,,,0,1
58515769,0.800000012,1,,,0.0241758227,0,0.282355398,0.315414727,15.9258718,0.578000009,0,,,0,1
58516902,0.800000012,1,,,0.0322344303,0,0.282355398,0.315414727,15.9304171,0.579999983,0,,,0,1
58518027,0.800000012,1,,,0.0322344303,0,0.282355398,0.315414727,15.9258718,0.579999983,0,,,0,1
58519156,0.800000012,1,,,0.0241758227,0,0.282355398,0.315414727,15.9258718,0.583000004,0,,,0,1
58520281,0.800000012,1,,,0.0322344303,0,0.282355398,0.315414727,15.9258718,0.583000004,0,,,0,1
58521409,0.800000012,1,,,0.0241758227,0,0.282355398,0.315414727,15.9258718,0.584999979,0,,,0,1
58522535,0.800000012,1,,,0.0322344303,0,0.282355398,0.315414727,15.9258718,0.584999979,0,,,0,1
58523663,0.800000012,1,,,0.0241758227,0,0.282355398,0.315414727,15.9258718,0.587000012,0,,,0,1
58524788,0.800000012,1,,,0.0241758227,0,0.282355398,0.315414727,15.9258718,0.587000012,0,,,0,1
58525917,0.800000012,1,,,0.0322344303,0,0.282355398,0.315414727,15.9258718,0.588999987,0,,,0,1
58527042,0.800000012,1,,,0.0322344303,0,0.282355398,0.315414727,15.9258718,0.588999987,0,,,0,1
58528175,0.800000012,1,,,0.0322344303,0,0.282355398,0.315414727,15.9258718,0.592000008,0,,,0,1
58529300,0.800000012,1,,,0.0322344303,0,0.282355398,0.315414727,15.9258718,0.592000008,0,,,0,1
58530429,0.800000012,1,,,0.0241758227,0,0.282355398,0.315414727,15.9258718,0.593999982,0,,,0,1
58531554,0.800000012,1,,,0.0241758227,0,0.282355398,0.315414727,15.9213276,0.593999982,0,,,0,1
58532682,0.800000012,1,,,0.0322344303,0,0.282355398,0.315414727,15.9258718,0.595999956,0,,,0,1
58533808,0.800000012,1,,,0.0322344303,0,0.282355398,0.315414727,15.9213276,0.595999956,0,,,0,1
58534936,0.800000012,1,,,0.0161172152,0,0.282355398,0.315414727,15.9213276,0.59800005,0,,,0,1
58536265,0.800000012,1,,,0.0241758227,0,0.282355398,0.315414727,15.9213276,0.59800005,0,,,0,1
58537394,0.800000012,1,,,0.0322344303,0,0.282355398,0.315414727,15.9258718,0.600999951,0,,,0,1
58538519,0.800000012,1,,,0.0241758227,0,0.282355398,0.315414727,15.9258718,0.600999951,0,,,0,1
58539652,0.800000012,1,,,0.0322344303,0,0.282355398,0.315414727,15.9258718,0.603000045,0,,,0,1
58540778,0.800000012,1,,,0.0322344303,0,0.282355398,0.315414727,15.9304171,0.603000045,0,,,0,1
58541906,0.800000012,1,,,0.0241758227,0,0.282355398,0.315414727,15.9258718,0.605000019,0,,,0,1
58543031,0.800000012,1,,,0.0241758227,0,0.282355398,0.315414727,15.9213276,0.605000019,0,,,0,1
58544160,0.800000012,1,,,0.0161172152,0,0.282355398,0.315414727,15.9258718,0.60800004,0,,,0,1
58545285,0.800000012,1,,,0.0322344303,0,0.282355398,0.315414727,15.9258718,0.60800004,0,,,0,1
58546413,0.800000012,1,,,0.0241758227,0,0.282355398,0.315414727,15.9213276,0.610000014,0,,,0,1
58547539,0.800000012,1,,,0.0322344303,0,0.282355398,0.315414727,15.9258718,0.610000014,0,,,0,1
58548667,0.800000012,1,,,0.0322344303,0,0.282355398,0.315414727,15.9258718,0.611999989,0,,,0,1
58549792,0.800000012,1,,,0.0322344303,0,0.282355398,0.315414727,15.9258718,0.611999989,0,,,0,1
58550925,0.800000012,1,,,0.0241758227,0,0.282355398,0.315414727,15.9258718,0.613999963,0,,,0,1
58552051,0.800000012,1,,,0.0322344303,0,0.282355398,0.315414727,15.9213276,0.613999963,0,,,0,1
58553179,0.800000012,1,,,0.0241758227,0,0.282355398,0.315414727,15.9258718,0.616999984,0,,,0,1
58554305,0.800000012,1,,,0.0241758227,0,0.282355398,0.315414727,15.9258718,0.616999984,0,,,0,1
58555433,0.800000012,1,,,0.0322344303,0,0.282355398,0.315414727,15.9258718,0.619000018,0,,,0,1
58556558,0.800000012,1,,,0.0402930379,0,0.282355398,0.315414727,15.9213276,0.619000018,0,,,0,1
58557890,0.800000012,1,,,0.0322344303,0,0.282355398,0.315414727,15.9258718,0.620999992,0,,,0,1
58559016,0.800000012,1,,,0.0241758227,0,0.282355398,0.315414727,15.9258718,0.620999992,0,,,0,1
58560145,0.800000012,1,,,0.0241758227,0,0.282355398,0.315414727,15.9213276,0.624000013,0,,,0,1
58561270,0.800000012,1,,,0.0322344303,0,0.282355398,0.315414727,15.9258718,0.624000013,0,,,0,1
58562403,0.800000012,1,,,0.0322344303,0,0.282355398,0.315414727,15.9258718,0.625999987,0,,,0,1
58563529,0.800000012,1,,,0.0322344303,0,0.282355398,0.315414727,15.9258718,0.625999987,0,,,0,1
58564657,0.800000012,1,,,0.0241758227,0,0.282355398,0.315414727,15.9213276,0.628000021,0,,,0,1
58565782,0.800000012,1,,,0.0241758227,0,0.282355398,0.315414727,15.9258718,0.628000021,0,,,0,1
58566911,0.800000012,1,,,0.0241758227,0,0.282355398,0.315414727,15.9258718,0.629999995,0,,,0,1
58568036,0.800000012,1,,,0.0241758227,0,0.282355398,0.315414727,15.9213276,0.629999995,0,,,0,1
58569164,0.800000012,1,,,0.0241758227,0,0.282355398,0.315414727,15.9258718,0.633000016,0,,,0,1
58570290,0.800000012,1,,,0.0241758227,0,0.282355398,0.315414727,15.9258718,0.633000016,0,,,0,1
58571418,0.800000012,1,,,0.0322344303,0,0.282355398,0.315414727,15.9258718,0.63499999,0,,,0,1
58572544,0.800000012,1,,,0.0322344303,0,0.282355398,0.315414727,15.9258718,0.63499999,0,,,0,1
58573677,0.800000012,1,,,0.0241758227,0,0.282355398,0.315414727,15.9258718,0.637000024,0,,,0,1
58574802,0.800000012,1,,,0.0322344303,0,0.282355398,0.315414727,15.9258718,0.637000024,0,,,0,1
58575931,0.800000012,1,,,0.0322344303,0,0.282355398,0.315414727,15.9304171,0.638999999,0,,,0,1
58577056,0.800000012,1,,,0.0322344303,0,0.282355398,0.315414727,15.9213276,0.638999999,0,,,0,1
58578389,0.800000012,1,,,0.0322344303,0,0.282355398,0.315414727,15.9258718,0.64200002,0,,,0,1
58579514,0.800000012,1,,,0.0241758227,0,0.282355398,0.315414727,15.9258718,0.64200002,0,,,0,1
58580643,0.800000012,1,,,0.0241758227,0,0.282355398,0.315414727,15.9258718,0.643999994,0,,,0,1
58581768,0.800000012,1,,,0.0241758227,0,0.282355398,0.315414727,15.9258718,0.643999994,0,,,0,1
58582896,0.800000012,1,,,0.0241758227,0,0.282355398,0.315414727,15.9258718,0.645999968,0,,,0,1
58584027,0.800000012,1,,,0.0241758227,0,0.282355398,0.315414727,15.9213276,0.645999968,0,,,0,1
58585155,0.800000012,1,,,0.0241758227,0,0.282355398,0.315414727,15.9258718,0.648999989,0,,,0,1
58586281,0.800000012,1,,,0.0241758227,0,0.282355398,0.315414727,15.9258718,0.648999989,0,,,0,1
58587410,0.800000012,1,,,0.0241758227,0,0.282355398,0.315414727,15.9258718,0.650999963,0,,,0,1
58588535,0.800000012,1,,,0.0241758227,0,0.282355398,0.315414727,15.9304171,0.650999963,0,,,0,1
58589664,0.800000012,1,,,0.0322344303,0,0.282355398,0.315414727,15.9258718,0.652999997,0,,,0,1
58590789,0.800000012,1,,,0.0322344303,0,0.282355398,0.315414727,15.9304171,0.652999997,0,,,0,1
58591918,0.800000012,1,,,0.0241758227,0,0.282355398,0.315414727,15.9258718,0.654999971,0,,,0,1
58593043,0.800000012,1,,,0.0322344303,0,0.282355398,0.315414727,15.9258718,0.654999971,0,,,0,1
58594172,0.800000012,1,,,0.0241758227,0,0.282355398,0.315414727,15.9213276,0.657999992,0,,,0,1
58595302,0.800000012,1,,,0.0322344303,0,0.282355398,0.315414727,15.9258718,0.657999992,0,,,0,1
58596430,0.800000012,1,,,0.0241758227,0,0.282355398,0.315414727,15.9258718,0.659999967,0,,,0,1
58597556,0.800000012,1,,,0.0241758227,0,0.282355398,0.315414727,15.9258718,0.659999967,0,,,0,1
58598888,0.800000012,1,,,0.0241758227,0,0.282355398,0.315414727,15.9258718,0.662,0,,,0,1
58600014,0.800000012,1,,,0.0241758227,0,0.282355398,0.315414727,15.9258718,0.662,0,,,0,1
58601142,0.800000012,1,,,0.0161172152,0,0.282355398,0.315414727,15.9258718,0.664999962,0,,,0,1
58602267,0.800000012,1,,,0.0161172152,0,0.282355398,0.315414727,15.9258718,0.664999962,0,,,0,1
58603396,0.800000012,1,,,0.0322344303,0,0.282355398,0.315414727,15.9258718,0.666999996,0,,,0,1
58604521,0.800000012,1,,,0.0241758227,0,0.282355398,0.315414727,15.9258718,0.666999996,0,,,0,1
58605649,0.800000012,1,,,0.0241758227,0,0.282355398,0.315414727,15.9258718,0.66900003,0,,,0,1
58606780,0.800000012,1,,,0.0241758227,0,0.282355398,0.315414727,15.9258718,0.66900003,0,,,0,1
58607908,0.800000012,1,,,0.0322344303,0,0.282355398,0.315414727,15.9258718,0.671000004,0,,,0,1
58609034,0.800000012,1,,,0.0322344303,0,0.282355398,0.315414727,15.9304171,0.671000004,0,,,0,1
58610162,0.800000012,1,,,0.0322344303,0,0.282355398,0.315414727,15.9258718,0.674000025,0,,,0,1
58611287,0.800000012,0.800000012,,,0.0322344303,0.00805860758,0.282355398,0.315414727,15.9213276,0.674000025,0,,,0,1
58612416,0.800000012,1,,,0.0322344303,0,0.282355398,0.315414727,15.9258718,0.675999999,0,,,0,1
58613541,0.800000012,1,,,0.0322344303,0,0.282355398,0.315414727,15.9304171,0.675999999,0,,,0,1
58614669,0.800000012,1,,,0.0161172152,0,0.282355398,0.315414727,15.9258718,0.677999973,0,,,0,1
58615795,0.800000012,1,,,0.0241758227,0,0.282355398,0.315414727,15.9304171,0.677999973,0,,,0,1
58616923,0.800000012,1,,,0.0322344303,0,0.282355398,0.315414727,15.9258718,0.680000007,0,,,0,1
58618053,0.800000012,1,,,0.0322344303,0,0.282355398,0.315414727,15.9258718,0.680000007,0,,,0,1
58619182,0.800000012,1,,,0.0241758227,0,0.282355398,0.315414727,15.9213276,0.682999969,0,,,0,1
58620512,0.800000012,1,,,0.0241758227,0,0.282355398,0.315414727,15.9258718,0.682999969,0,,,0,1
58621640,0.800000012,1,,,0.0241758227,0,0.282355398,0.315414727,15.9258718,0.685000002,0,,,0,1
58622765,0.800000012,1,,,0.0322344303,0,0.282355398,0.315414727,15.9258718,0.685000002,0,,,0,1
58623894,0.800000012,1,,,0.0241758227,0,0.282355398,0.315414727,15.9258718,0.687000036,0,,,0,1
58625019,0.800000012,1,,,0.0241758227,0,0.282355398,0.315414727,15.9304171,0.687000036,0,,,0,1
58626147,0.800000012,1,,,0.0241758227,0,0.282355398,0.315414727,15.9213276,0.689999998,0,,,0,1
58627273,0.800000012,1,,,0.0161172152,0,0.282355398,0.315414727,15.9258718,0.689999998,0,,,0,1
58628401,0.800000012,1,,,0.0322344303,0,0.282355398,0.315414727,15.9213276,0.692000031,0,,,0,1
58629532,0.800000012,1,,,0.0322344303,0,0.282355398,0.315414727,15.9258718,0.692000031,0,,,0,1
58630660,0.800000012,1,,,0.0241758227,0,0.282355398,0.315414727,15.9258718,0.694000006,0,,,0,1
58631785,0.800000012,1,,,0.0322344303,0,0.282355398,0.315414727,15.9258718,0.694000006,0,,,0,1
58632914,0.800000012,1,,,0.0241758227,0,0.282355398,0.315414727,15.9258718,0.69599998,0,,,0,1
58634039,0.800000012,1,,,0.0241758227,0,0.282355398,0.315414727,15.9258718,0.69599998,0,,,0,1
58635167,0.800000012,1,,,0.0241758227,0,0.282355398,0.315414727,15.9258718,0.699000001,0,,,0,1
58636293,0.800000012,1,,,0.0322344303,0,0.282355398,0.315414727,15.9258718,0.699000001,0,,,0,1
58637421,0.800000012,1,,,0.0322344303,0,0.282355398,0.315414727,15.9258718,0.701000035,0,,,0,1
58638546,0.800000012,1,,,0.0241758227,0,0.282355398,0.315414727,15.9258718,0.701000035,0,,,0,1
58639675,0.800000012,1,,,0.0241758227,0,0.282355398,0.315414727,15.9258718,0.703000009,0,,,0,1
58641009,0.800000012,1,,,0.0322344303,0,0.282355398,0.315414727,15.9258718,0.703000009,0,,,0,1
58642137,0.800000012,1,,,0.0241758227,0,0.282355398,0.315414727,15.9258718,0.70600003,0,,,0,1
58643263,0.800000012,1,,,0.0322344303,0,0.282355398,0.315414727,15.9258718,0.70600003,0,,,0,1
58644391,0.800000012,1,,,0.0241758227,0,0.282355398,0.315414727,15.9258718,0.708000004,0,,,0,1
58645517,0.800000012,1,,,0.0241758227,0,0.282355398,0.315414727,15.9258718,0.708000004,0,,,0,1
58646645,0.800000012,1,,,0.0241758227,0,0.282355398,0.315414727,15.9258718,0.709999979,0,,,0,1
58647771,0.800000012,1,,,0.0241758227,0,0.282355398,0.315414727,15.9258718,0.709999979,0,,,0,1
58648900,0.800000012,1,,,0.0241758227,0,0.282355398,0.315414727,15.9258718,0.712000012,0,,,0,1
58650025,0.800000012,0.600000024,,,0.0241758227,0.0161172152,0.282355398,0.315414727,15.9213276,0.712000012,0,,,0,1
58651158,0.800000012,1,,,0.0241758227,0,0.282355398,0.315414727,15.9213276,0.714999974,0,,,0,1
58652283,0.800000012,1,,,0.0322344303,0,0.282355398,0.315414727,15.9258718,0.714999974,0,,,0,1
58653411,0.800000012,1,,,0.0322344303,0,0.282355398,0.315414727,15.9258718,0.717000008,0,,,0,1
58654537,0.800000012,1,,,0.0322344303,0,0.282355398,0.315414727,15.9258718,0.717000008,0,,,0,1
58655665,0.800000012,1,,,0.0241758227,0,0.282355398,0.315414727,15.9213276,0.718999982,0,,,0,1
58656790,0.800000012,1,,,0.0161172152,0,0.282355398,0.315414727,15.9258718,0.718999982,0,,,0,1
58657919,0.800000012,1,,,0.0241758227,0,0.282355398,0.315414727,15.9258718,0.721000016,0,,,0,1
58659044,0.800000012,1,,,0.0241758227,0,0.282355398,0.315414727,15.9258718,0.721000016,0,,,0,1
58660172,0.800000012,1,,,0.0241758227,0,0.282355398,0.315414727,15.9258718,0.723999977,0,,,0,1
58661298,0.800000012,1,,,0.0241758227,0,0.282355398,0.315414727,15.9213276,0.723999977,0,,,0,1
58662635,0.800000012,1,,,0.0241758227,0,0.282355398,0.315414727,15.9258718,0.726000011,0,,,0,1
58663761,0.800000012,1,,,0.0241758227,0,0.282355398,0.315414727,15.9258718,0.726000011,0,,,0,1
58664889,0.800000012,1,,,0.0241758227,0,0.282355398,0.315414727,15.9258718,0.727999985,0,,,0,1
58666015,0.800000012,1,,,0.0322344303,0,0.282355398,0.315414727,15.9258718,0.727999985,0,,,0,1
58667143,0.800000012,1,,,0.0322344303,0,0.282355398,0.315414727,15.9258718,0.731000006,0,,,0,1
58668269,0.800000012,1,,,0.0322344303,0,0.282355398,0.315414727,15.9258718,0.731000006,0,,,0,1
58669397,0.800000012,1,,,0.0322344303,0,0.282355398,0.315414727,15.9258718,0.73299998,0,,,0,1
58670523,0.800000012,1,,,0.0241758227,0,0.282355398,0.315414727,15.9258718,0.73299998,0,,,0,1
58671652,0.800000012,1,,,0.0322344303,0,0.282355398,0.315414727,15.9258718,0.735000014,0,,,0,1
58672777,0.800000012,1,,,0.0322344303,0,0.282355398,0.315414727,15.9213276,0.735000014,0,,,0,1
58673910,0.800000012,1,,,0.0241758227,0,0.282355398,0.315414727,15.9258718,0.736999989,0,,,0,1
58675036,0.800000012,1,,,0.0241758227,0,0.282355398,0.315414727,15.9258718,0.736999989,0,,,0,1
58676164,0.800000012,1,,,0.0322344303,0,0.282355398,0.315414727,15.9258718,0.74000001,0,,,0,1
58677290,0.800000012,1,,,0.0241758227,0,0.282355398,0.315414727,15.9258718,0.74000001,0,,,0,1
58678418,0.800000012,1,,,0.0241758227,0,0.282355398,0.315414727,15.9213276,0.741999984,0,,,0,1
58679544,0.800000012,1,,,0.0241758227,0,0.282355398,0.315414727,15.9258718,0.741999984,0,,,0,1
58680673,0.800000012,1,,,0.0322344303,0,0.282355398,0.315414727,15.9258718,0.743999958,0,,,0,1
58681798,0.800000012,1,,,0.0241758227,0,0.282355398,0.315414727,15.9258718,0.743999958,0,,,0,1
58683130,0.800000012,1,,,0.0322344303,0,0.282355398,0.315414727,15.9258718,0.746999979,0,,,0,1
58684256,0.800000012,1,,,0.0322344303,0,0.282355398,0.315414727,15.9258718,0.746999979,0,,,0,1
58685389,0.800000012,1,,,0.0241758227,0,0.282355398,0.315414727,15.9395075,0.748999953,0,,,0,1
58686514,0.800000012,1,,,0.0241758227,0,0.282355398,0.315414727,15.9258718,0.748999953,0,,,0,1
58687643,0.800000012,1,,,0.0322344303,0,0.282355398,0.315414727,15.9258718,0.751000047,0,,,0,1
58688768,0.800000012,1,,,0.0241758227,0,0.282355398,0.315414727,15.9258718,0.751000047,0,,,0,1
58689896,0.800000012,1,,,0.0322344303,0,0.282355398,0.315414727,15.9258718,0.752999961,0,,,0,1
58691022,0.800000012,0.800000012,,,0.0322344303,0.00805860758,0.282355398,0.315414727,15.9213276,0.752999961,0,,,0,1
58692150,0.800000012,1,,,0.0241758227,0,0.282355398,0.315414727,15.9258718,0.756000042,0,,,0,1
58693275,0.800000012,1,,,0.0241758227,0,0.282355398,0.315414727,15.9258718,0.756000042,0,,,0,1
58694404,0.800000012,1,,,0.0241758227,0,0.282355398,0.315414727,15.9258718,0.757999957,0,,,0,1
58695529,0.800000012,1,,,0.0241758227,0,0.282355398,0.315414727,15.9258718,0.757999957,0,,,0,1
58696663,0.800000012,1,,,0.0241758227,0,0.282355398,0.315414727,15.9258718,0.75999999,0,,,0,1
58697788,0.800000012,1,,,0.0161172152,0,0.282355398,0.315414727,15.9258718,0.75999999,0,,,0,1
58698917,0.800000012,1,,,0.0241758227,0,0.282355398,0.315414727,15.9304171,0.762000024,0,,,0,1
58700042,0.800000012,1,,,0.0241758227,0,0.282355398,0.315414727,15.9258718,0.762000024,0,,,0,1
58701170,0.800000012,1,,,0.0322344303,0,0.282355398,0.315414727,15.9213276,0.764999986,0,,,0,1
58702296,0.800000012,1,,,0.0322344303,0,0.282355398,0.315414727,15.9258718,0.764999986,0,,,0,1
58703424,0.800000012,1,,,0.0322344303,0,0.282355398,0.315414727,15.9258718,0.76700002,0,,,0,1
58704753,0.800000012,1,,,0.0241758227,0,0.282355398,0.315414727,15.9258718,0.76700002,0,,,0,1
58705882,0.800000012,1,,,0.0241758227,0,0.282355398,0.315414727,15.9258718,0.768999934,0,,,0,1
58707007,0.800000012,1,,,0.0241758227,0,0.282355398,0.315414727,15.9258718,0.768999934,0,,,0,1
58708140,0.800000012,1,,,0.0322344303,0,0.282355398,0.315414727,15.9258718,0.772000015,0,,,0,1
58709266,0.800000012,1,,,0.0322344303,0,0.282355398,0.315414727,15.9304171,0.772000015,0,,,0,1
58710394,0.800000012,1,,,0.0322344303,0,0.282355398,0.315414727,15.9258718,0.773999929,0,,,0,1
58711519,0.800000012,1,,,0.0241758227,0,0.282355398,0.315414727,15.9258718,0.773999929,0,,,0,1
58712648,0.800000012,1,,,0.0322344303,0,0.282355398,0.315414727,15.9258718,0.776000023,0,,,0,1
58713773,0.800000012,1,,,0.0241758227,0,0.282355398,0.315414727,15.9258718,0.776000023,0,,,0,1
58714901,0.800000012,1,,,0.0322344303,0,0.282355398,0.315414727,15.9258718,0.777999997,0,,,0,1
58716027,0.800000012,1,,,0.0241758227,0,0.282355398,0.315414727,15.9304171,0.777999997,0,,,0,1
58717155,0.800000012,1,,,0.0241758227,0,0.282355398,0.315414727,15.9258718,0.781000018,0,,,0,1
58718280,0.800000012,1,,,0.0241758227,0,0.282355398,0.315414727,15.9258718,0.781000018,0,,,0,1
58719414,0.800000012,1,,,0.0241758227,0,0.282355398,0.315414727,15.9258718,0.782999992,0,,,0,1
58720539,0.800000012,1,,,0.0241758227,0,0.282355398,0.315414727,15.9213276,0.782999992,0,,,0,1
58721667,0.800000012,1,,,0.0241758227,0,0.282355398,0.315414727,15.9304171,0.784999967,0,,,0,1
58722793,0.800000012,1,,,0.0241758227,0,0.282355398,0.315414727,15.9258718,0.784999967,0,,,0,1
58723921,0.800000012,1,,,0.0402930379,0,0.282355398,0.315414727,15.9258718,0.787,0,,,0,1
58725250,0.800000012,1,,,0.0241758227,0,0.282355398,0.315414727,15.9213276,0.787,0,,,0,1
58726379,0.800000012,1,,,0.0241758227,0,0.282355398,0.315414727,15.9258718,0.789999962,0,,,0,1
58727505,0.800000012,1,,,0.0322344303,0,0.282355398,0.315414727,15.9258718,0.789999962,0,,,0,1
58728633,0.800000012,1,,,0.0241758227,0,0.282355398,0.315414727,15.9258718,0.791999996,0,,,0,1
58729763,0.800000012,1,,,0.0241758227,0,0.282355398,0.315414727,15.9304171,0.791999996,0,,,0,1
58730892,0.800000012,1,,,0.0241758227,0,0.282355398,0.315414727,15.9258718,0.79400003,0,,,0,1
58732017,0.800000012,1,,,0.0241758227,0,0.282355398,0.315414727,15.9258718,0.79400003,0,,,0,1
58733145,0.800000012,1,,,0.0322344303,0,0.282355398,0.315414727,15.9258718,0.796999991,0,,,0,1
58734271,0.800000012,1,,,0.0322344303,0,0.282355398,0.315414727,15.9213276,0.796999991,0,,,0,1
58735399,0.800000012,1,,,0.0322344303,0,0.282355398,0.315414727,15.9258718,0.799000025,0,,,0,1
58736524,0.800000012,1,,,0.0241758227,0,0.282355398,0.315414727,15.9258718,0.799000025,0,,,0,1
58737653,0.800000012,1,,,0.0241758227,0,0.282355398,0.315414727,15.9258718,0.800999999,0,,,0,1
58738778,0.800000012,1,,,0.0322344303,0,0.282355398,0.315414727,15.9258718,0.800999999,0,,,0,1
58739906,0.800000012,1,,,0.0161172152,0,0.282355398,0.315414727,15.9258718,0.802999973,0,,,0,1
58741037,0.800000012,1,,,0.0402930379,0,0.282355398,0.315414727,15.9258718,0.802999973,0,,,0,1
58742165,0.800000012,1,,,0.0161172152,0,0.282355398,0.315414727,15.9258718,0.805999994,0,,,0,1
58743290,0.800000012,0.800000012,,,0.0322344303,0.00805860758,0.282355398,0.315414727,15.9258718,0.805999994,0,,,0,1
58744419,0.800000012,1,,,0.0322344303,0,0.282355398,0.315414727,15.9258718,0.807999969,0,,,0,1
58745544,0.800000012,1,,,0.0241758227,0,0.282355398,0.315414727,15.9258718,0.807999969,0,,,0,1
58746877,0.800000012,1,,,0.0322344303,0,0.282355398,0.315414727,15.9258718,0.810000062,0,,,0,1
58748002,0.800000012,1,,,0.0322344303,0,0.282355398,0.315414727,15.9213276,0.810000062,0,,,0,1
58749131,0.800000012,1,,,0.0241758227,0,0.282355398,0.315414727,15.9258718,0.812999964,0,,,0,1
58750256,0.800000012,1,,,0.0241758227,0,0.282355398,0.315414727,15.9213276,0.812999964,0,,,0,1
58751385,0.800000012,1,,,0.0241758227,0,0.282355398,0.315414727,15.9258718,0.815000057,0,,,0,1
58752515,0.800000012,1,,,0.0322344303,0,0.282355398,0.315414727,15.9258718,0.815000057,0,,,0,1
58753643,0.800000012,1,,,0.0322344303,0,0.282355398,0.315414727,15.9258718,0.816999972,0,,,0,1
58754769,0.800000012,1,,,0.0322344303,0,0.282355398,0.315414727,15.9258718,0.816999972,0,,,0,1
58755897,0.800000012,1,,,0.0241758227,0,0.282355398,0.315414727,15.9213276,0.819000006,0,,,0,1
58757023,0.800000012,1,,,0.0322344303,0,0.282355398,0.315414727,15.9258718,0.819000006,0,,,0,1
58758152,0.800000012,1,,,0.0322344303,0,0.282355398,0.315414727,15.9258718,0.821999967,0,,,0,1
58759277,0.800000012,1,,,0.0402930379,0,0.282355398,0.315414727,15.9258718,0.821999967,0,,,0,1
58760406,0.800000012,1,,,0.0161172152,0,0.282355398,0.315414727,15.9213276,0.824000001,0,,,0,1
58761531,0.800000012,1,,,0.0322344303,0,0.282355398,0.315414727,15.9258718,0.824000001,0,,,0,1
58762660,0.800000012,1,,,0.0322344303,0,0.282355398,0.315414727,15.9258718,0.826000035,0,,,0,1
58763790,0.800000012,1,,,0.0322344303,0,0.282355398,0.315414727,15.9258718,0.826000035,0,,,0,1
58764919,0.800000012,1,,,0.0241758227,0,0.282355398,0.315414727,15.9258718,0.827999949,0,,,0,1
58766044,0.800000012,0.666666687,,,0.0161172152,0.00805860758,0.282355398,0.315414727,15.9213276,0.827999949,0,,,0,1
58767377,0.800000012,1,,,0.0322344303,0,0.282355398,0.315414727,15.9213276,0.83100003,0,,,0,1
58768502,0.800000012,1,,,0.0241758227,0,0.282355398,0.315414727,15.9258718,0.83100003,0,,,0,1
58769630,0.800000012,1,,,0.0241758227,0,0.282355398,0.315414727,15.9213276,0.832999945,0,,,0,1
58770756,0.800000012,1,,,0.0322344303,0,0.282355398,0.315414727,15.9258718,0.832999945,0,,,0,1
58771884,0.800000012,1,,,0.0241758227,0,0.282355398,0.315414727,15.9258718,0.835000038,0,,,0,1
58773009,0.800000012,1,,,0.0322344303,0,0.282355398,0.315414727,15.9258718,0.835000038,0,,,0,1
58774138,0.800000012,1,,,0.0241758227,0,0.282355398,0.315414727,15.9258718,0.83799994,0,,,0,1
58775268,0.800000012,1,,,0.0322344303,0,0.282355398,0.315414727,15.9258718,0.83799994,0,,,0,1
58776397,0.800000012,1,,,0.0241758227,0,0.282355398,0.315414727,15.9258718,0.840000033,0,,,0,1
58777522,0.800000012,1,,,0.0402930379,0,0.282355398,0.315414727,15.9258718,0.840000033,0,,,0,1
58778651,0.800000012,1,,,0.0322344303,0,0.282355398,0.315414727,15.9258718,0.842000008,0,,,0,1
58779776,0.800000012,1,,,0.0322344303,0,0.282355398,0.315414727,15.9258718,0.842000008,0,,,0,1
58780904,0.800000012,1,,,0.0322344303,0,0.282355398,0.315414727,15.9258718,0.843999982,0,,,0,1
58782030,0.800000012,1,,,0.0322344303,0,0.282355398,0.315414727,15.9258718,0.843999982,0,,,0,1
58783158,0.800000012,1,,,0.0322344303,0,0.282355398,0.315414727,15.9258718,0.847000003,0,,,0,1
58784283,0.800000012,1,,,0.0322344303,0,0.282355398,0.315414727,15.9258718,0.847000003,0,,,0,1
58785412,0.800000012,1,,,0.0241758227,0,0.282355398,0.315414727,15.9258718,0.848999977,0,,,0,1
58786542,0.800000012,1,,,0.0322344303,0,0.282355398,0.315414727,15.9258718,0.848999977,0,,,0,1
58787875,0.800000012,1,,,0.0322344303,0,0.282355398,0.315414727,15.9258718,0.851000011,0,,,0,1
58789000,0.800000012,1,,,0.0241758227,0,0.282355398,0.315414727,15.9258718,0.851000011,0,,,0,1
58790128,0.800000012,1,,,0.0322344303,0,0.282355398,0.315414727,15.9304171,0.853999972,0,,,0,1
58791254,0.800000012,1,,,0.0241758227,0,0.282355398,0.315414727,15.9258718,0.853999972,0,,,0,1
58792382,0.800000012,1,,,0.0241758227,0,0.282355398,0.315414727,15.9258718,0.856000006,0,,,0,1
58793507,0.800000012,1,,,0.0322344303,0,0.282355398,0.315414727,15.9258718,0.856000006,0,,,0,1
58794636,0.800000012,1,,,0.0322344303,0,0.282355398,0.315414727,15.9304171,0.85800004,0,,,0,1
58795761,0.800000012,1,,,0.0241758227,0,0.282355398,0.315414727,15.9258718,0.85800004,0,,,0,1
58796894,0.800000012,1,,,0.0241758227,0,0.282355398,0.315414727,15.9258718,0.860000014,0,,,0,1
58798019,0.800000012,1,,,0.0241758227,0,0.282355398,0.315414727,15.9304171,0.860000014,0,,,0,1
58799147,0.800000012,1,,,0.0241758227,0,0.282355398,0.315414727,15.9258718,0.863000035,0,,,0,1
58800273,0.800000012,1,,,0.0241758227,0,0.282355398,0.315414727,15.9258718,0.863000035,0,,,0,1
58801401,0.800000012,1,,,0.0161172152,0,0.282355398,0.315414727,15.9213276,0.86500001,0,,,0,1
58802527,0.800000012,1,,,0.0241758227,0,0.282355398,0.315414727,15.9258718,0.86500001,0,,,0,1
58803655,0.800000012,1,,,0.0241758227,0,0.282355398,0.315414727,15.9304171,0.866999984,0,,,0,1
58804780,0.800000012,1,,,0.0241758227,0,0.282355398,0.315414727,15.9258718,0.866999984,0,,,0,1
58805909,0.800000012,1,,,0.0322344303,0,0.282355398,0.315414727,15.9258718,0.868999958,0,,,0,1
58807034,0.800000012,1,,,0.0241758227,0,0.282355398,0.315414727,15.9258718,0.868999958,0,,,0,1
58808167,0.800000012,1,,,0.0322344303,0,0.282355398,0.315414727,15.9258718,0.871999979,0,,,0,1
58809497,0.800000012,1,,,0.0241758227,0,0.282355398,0.315414727,15.9258718,0.871999979,0,,,0,1
58810625,0.800000012,1,,,0.0241758227,0,0.282355398,0.315414727,15.9213276,0.874000072,0,,,0,1
58811750,0.800000012,1,,,0.0322344303,0,0.282355398,0.315414727,15.9304171,0.874000072,0,,,0,1
58812879,0.800000012,1,,,0.0322344303,0,0.282355398,0.315414727,15.9213276,0.875999987,0,,,0,1
58814004,0.800000012,1,,,0.0322344303,0,0.282355398,0.315414727,15.9258718,0.875999987,0,,,0,1
58815132,0.800000012,1,,,0.0322344303,0,0.282355398,0.315414727,15.9258718,0.879000068,0,,,0,1
58816258,0.800000012,1,,,0.0241758227,0,0.282355398,0.315414727,15.9258718,0.879000068,0,,,0,1
58817386,0.800000012,1,,,0.0402930379,0,0.282355398,0.315414727,15.9258718,0.880999982,0,,,0,1
58818511,0.800000012,1,,,0.0322344303,0,0.282355398,0.315414727,15.9258718,0.880999982,0,,,0,1
58819644,0.800000012,1,,,0.0241758227,0,0.282355398,0.315414727,15.9258718,0.883000016,0,,,0,1
58820770,0.800000012,1,,,0.0322344303,0,0.282355398,0.315414727,15.9213276,0.883000016,0,,,0,1
58821898,0.800000012,1,,,0.0322344303,0,0.282355398,0.315414727,15.9258718,0.88499999,0,,,0,1
58823024,0.800000012,1,,,0.0241758227,0,0.282355398,0.315414727,15.9258718,0.88499999,0,,,0,1
58824152,0.800000012,1,,,0.0322344303,0,0.282355398,0.315414727,15.9258718,0.888000011,0,,,0,1
58825277,0.800000012,1,,,0.0322344303,0,0.282355398,0.315414727,15.9258718,0.888000011,0,,,0,1
58826406,0.800000012,1,,,0.0241758227,0,0.282355398,0.315414727,15.9258718,0.889999986,0,,,0,1
58827531,0.800000012,1,,,0.0241758227,0,0.282355398,0.315414727,15.9258718,0.889999986,0,,,0,1
58828659,0.800000012,1,,,0.0322344303,0,0.282355398,0.315414727,15.9258718,0.89199996,0,,,0,1
58829989,0.800000012,1,,,0.0322344303,0,0.282355398,0.315414727,15.9258718,0.89199996,0,,,0,1
58831122,0.800000012,1,,,0.0161172152,0,0.282355398,0.315414727,15.9258718,0.895000041,0,,,0,1
58832247,0.800000012,1,,,0.0322344303,0,0.282355398,0.315414727,15.9258718,0.895000041,0,,,0,1
58833375,0.800000012,1,,,0.0322344303,0,0.282355398,0.315414727,15.9258718,0.896999955,0,,,0,1
58834501,0.800000012,1,,,0.0241758227,0,0.282355398,0.315414727,15.9258718,0.896999955,0,,,0,1
58835629,0.800000012,1,,,0.0241758227,0,0.282355398,0.315414727,15.9258718,0.899000049,0,,,0,1
58836754,0.800000012,1,,,0.0241758227,0,0.282355398,0.315414727,15.9258718,0.899000049,0,,,0,1
58837883,0.800000012,1,,,0.0322344303,0,0.282355398,0.315414727,15.9258718,0.900999963,0,,,0,1
58839008,0.800000012,1,,,0.0322344303,0,0.282355398,0.315414727,15.9213276,0.900999963,0,,,0,1
58840136,0.800000012,1,,,0.0322344303,0,0.282355398,0.315414727,15.9258718,0.904000044,0,,,0,1
58841262,0.800000012,1,,,0.0402930379,0,0.282355398,0.315414727,15.9258718,0.904000044,0,,,0,1
58842395,0.800000012,1,,,0.0322344303,0,0.282355398,0.315414727,15.9258718,0.905999959,0,,,0,1
58843520,0.800000012,1,,,0.0241758227,0,0.282355398,0.315414727,15.9258718,0.905999959,0,,,0,1
58844648,0.800000012,1,,,0.0322344303,0,0.282355398,0.315414727,15.9258718,0.907999992,0,,,0,1
58845774,0.800000012,1,,,0.0322344303,0,0.282355398,0.315414727,15.9213276,0.907999992,0,,,0,1
58846902,0.800000012,0.600000024,,,0.0241758227,0.0161172152,0.282355398,0.315414727,15.9213276,0.910000026,0,,,0,1
58848027,0.800000012,1,,,0.0241758227,0,0.282355398,0.315414727,15.9213276,0.910000026,0,,,0,1
58849156,0.800000012,1,,,0.0322344303,0,0.282355398,0.315414727,15.9258718,0.912999988,0,,,0,1
58850281,0.800000012,1,,,0.0241758227,0,0.282355398,0.315414727,15.9258718,0.912999988,0,,,0,1
58851614,0.800000012,1,,,0.0322344303,0,0.282355398,0.315414727,15.9258718,0.915000021,0,,,0,1
58852739,0.800000012,1,,,0.0322344303,0,0.282355398,0.315414727,15.9258718,0.915000021,0,,,0,1
58853872,0.800000012,1,,,0.0241758227,0,0.282355398,0.315414727,15.9258718,0.916999936,0,,,0,1
58854997,0.800000012,1,,,0.0241758227,0,0.282355398,0.315414727,15.9258718,0.916999936,0,,,0,1
58856126,0.800000012,1,,,0.0241758227,0,0.282355398,0.315414727,15.9258718,0.920000017,0,,,0,1
58857251,0.800000012,1,,,0.0322344303,0,0.282355398,0.315414727,15.9213276,0.920000017,0,,,0,1
58858379,0.800000012,1,,,0.0322344303,0,0.282355398,0.315414727,15.9258718,0.921999931,0,,,0,1
58859505,0.800000012,1,,,0.0241758227,0,0.282355398,0.315414727,15.9213276,0.921999931,0,,,0,1
58860633,0.800000012,1,,,0.0322344303,0,0.282355398,0.315414727,15.9258718,0.924000025,0,,,0,1
58861758,0.800000012,0.5,,,0.0322344303,0.0322344303,0.282355398,0.315414727,15.9258718,0.924000025,0,,,0,1
58862887,0.800000012,1,,,0.0241758227,0,0.282355398,0.315414727,15.9258718,0.925999999,0,,,0,1
58864013,0.800000012,1,,,0.0241758227,0,0.282355398,0.315414727,15.9258718,0.925999999,0,,,0,1
58865146,0.800000012,1,,,0.0322344303,0,0.282355398,0.315414727,15.9258718,0.92900002,0,,,0,1
58866271,0.800000012,1,,,0.0241758227,0,0.282355398,0.315414727,15.9213276,0.92900002,0,,,0,1
58867399,0.800000012,1,,,0.0322344303,0,0.282355398,0.315414727,15.9258718,0.930999994,0,,,0,1
58868525,0.800000012,1,,,0.0322344303,0,0.282355398,0.315414727,15.9258718,0.930999994,0,,,0,1
58869653,0.800000012,1,,,0.0241758227,0,0.282355398,0.315414727,15.9258718,0.932999969,0,,,0,1
58870778,0.800000012,1,,,0.0322344303,0,0.282355398,0.315414727,15.9258718,0.932999969,0,,,0,1
58872111,0.800000012,1,,,0.0241758227,0,0.282355398,0.315414727,15.9258718,0.93599999,0,,,0,1
58873236,0.800000012,1,,,0.0241758227,0,0.282355398,0.315414727,15.9213276,0.93599999,0,,,0,1
58874365,0.800000012,1,,,0.0322344303,0,0.282355398,0.315414727,15.9304171,0.937999964,0,,,0,1
58875495,0.800000012,1,,,0.0241758227,0,0.282355398,0.315414727,15.9258718,0.937999964,0,,,0,1
58876624,0.800000012,1,,,0.0241758227,0,0.282355398,0.315414727,15.9258718,0.939999998,0,,,0,1
58877749,0.800000012,1,,,0.0322344303,0,0.282355398,0.315414727,15.9258718,0.939999998,0,,,0,1
58878878,0.800000012,1,,,0.0322344303,0,0.282355398,0.315414727,15.9258718,0.942000031,0,,,0,1
58880003,0.800000012,1,,,0.0322344303,0,0.282355398,0.315414727,15.9258718,0.942000031,0,,,0,1
58881132,0.800000012,1,,,0.0241758227,0,0.282355398,0.315414727,15.9258718,0.944999993,0,,,0,1
58882257,0.800000012,1,,,0.0322344303,0,0.282355398,0.315414727,15.9258718,0.944999993,0,,,0,1
58883386,0.800000012,1,,,0.0241758227,0,0.282355398,0.315414727,15.9213276,0.947000027,0,,,0,1
58884512,0.800000012,1,,,0.0241758227,0,0.282355398,0.315414727,15.9258718,0.947000027,0,,,0,1
58885640,0.800000012,1,,,0.0161172152,0,0.282355398,0.315414727,15.9258718,0.949000001,0,,,0,1
58886770,0.800000012,1,,,0.0241758227,0,0.282355398,0.315414727,15.9304171,0.949000001,0,,,0,1
58887899,0.800000012,1,,,0.0241758227,0,0.282355398,0.315414727,15.9213276,0.950999975,0,,,0,1
58889024,0.800000012,1,,,0.0241758227,0,0.282355398,0.315414727,15.9258718,0.950999975,0,,,0,1
58890153,0.800000012,1,,,0.0241758227,0,0.282355398,0.315414727,15.9258718,0.953999996,0,,,0,1
58891279,0.800000012,1,,,0.0241758227,0,0.282355398,0.315414727,15.9213276,0.953999996,0,,,0,1
58892407,0.800000012,1,,,0.0241758227,0,0.282355398,0.315414727,15.9258718,0.95599997,0,,,0,1
58893737,0.800000012,1,,,0.0241758227,0,0.282355398,0.315414727,15.9258718,0.95599997,0,,,0,1
58894865,0.800000012,1,,,0.0241758227,0,0.282355398,0.315414727,15.9258718,0.958000064,0,,,0,1
58895990,0.800000012,1,,,0.0322344303,0,0.282355398,0.315414727,15.9258718,0.958000064,0,,,0,1
58897119,0.800000012,1,,,0.0322344303,0,0.282355398,0.315414727,15.9258718,0.960999966,0,,,0,1
58898249,0.800000012,1,,,0.0241758227,0,0.282355398,0.315414727,15.9258718,0.960999966,0,,,0,1
58899377,0.800000012,1,,,0.0241758227,0,0.282355398,0.315414727,15.9258718,0.963000059,0,,,0,1
58900503,0.800000012,1,,,0.0322344303,0,0.282355398,0.315414727,15.9258718,0.963000059,0,,,0,1
58901631,0.800000012,1,,,0.0241758227,0,0.282355398,0.315414727,15.9213276,0.964999974,0,,,0,1
58902757,0.800000012,1,,,0.0241758227,0,0.282355398,0.315414727,15.9258718,0.964999974,0,,,0,1
58903885,0.800000012,1,,,0.0241758227,0,0.282355398,0.315414727,15.9213276,0.967000008,0,,,0,1
58905010,0.800000012,1,,,0.0322344303,0,0.282355398,0.315414727,15.9258718,0.967000008,0,,,0,1
58906139,0.800000012,1,,,0.0241758227,0,0.282355398,0.315414727,15.9213276,0.969999969,0,,,0,1
58907264,0.800000012,1,,,0.0241758227,0,0.282355398,0.315414727,15.9258718,0.969999969,0,,,0,1
58908392,0.800000012,1,,,0.0241758227,0,0.282355398,0.315414727,15.9258718,0.972000003,0,,,0,1
58909523,0.800000012,1,,,0.0241758227,0,0.282355398,0.315414727,15.9258718,0.972000003,0,,,0,1
58910652,0.800000012,1,,,0.0322344303,0,0.282355398,0.315414727,15.9213276,0.974000037,0,,,0,1
58911777,0.800000012,1,,,0.0322344303,0,0.282355398,0.315414727,15.9213276,0.974000037,0,,,0,1
58912906,0.800000012,1,,,0.0241758227,0,0.282355398,0.315414727,15.9258718,0.975999951,0,,,0,1
58914235,0.800000012,1,,,0.0241758227,0,0.282355398,0.315414727,15.9304171,0.975999951,0,,,0,1
58915364,0.800000012,1,,,0.0241758227,0,0.282355398,0.315414727,15.9258718,0.979000032,0,,,0,1
58916489,0.800000012,1,,,0.0241758227,0,0.282355398,0.315414727,15.9258718,0.979000032,0,,,0,1
58917618,0.800000012,1,,,0.0322344303,0,0.282355398,0.315414727,15.9213276,0.980999947,0,,,0,1
58918743,0.800000012,1,,,0.0322344303,0,0.282355398,0.315414727,15.9258718,0.980999947,0,,,0,1
58919872,0.800000012,1,,,0.0322344303,0,0.282355398,0.315414727,15.9258718,0.98300004,0,,,0,1
58921002,0.800000012,1,,,0.0322344303,0,0.282355398,0.315414727,15.9213276,0.98300004,0,,,0,1
58922131,0.800000012,1,,,0.0322344303,0,0.282355398,0.315414727,15.9258718,0.985999942,0,,,0,1
58923256,0.800000012,1,,,0.0241758227,0,0.282355398,0.315414727,15.9258718,0.985999942,0,,,0,1
58924384,0.800000012,1,,,0.0241758227,0,0.282355398,0.315414727,15.9258718,0.988000035,0,,,0,1
58925509,0.800000012,1,,,0.0322344303,0,0.282355398,0.315414727,15.9213276,0.988000035,0,,,0,1
58926638,0.800000012,1,,,0.0241758227,0,0.282355398,0.315414727,15.9258718,0.99000001,0,,,0,1
58927763,0.800000012,1,,,0.0322344303,0,0.282355398,0.315414727,15.9258718,0.99000001,0,,,0,1
58928891,0.800000012,1,,,0.0322344303,0,0.282355398,0.315414727,15.9213276,0.991999984,0,,,0,1
58930017,0.800000012,1,,,0.0402930379,0,0.282355398,0.315414727,15.9213276,0.991999984,0,,,0,1
58931145,0.800000012,1,,,0.0322344303,0,0.282355398,0.315414727,15.9258718,0.995000005,0,,,0,1
58932276,0.800000012,1,,,0.0241758227,0,0.282355398,0.315414727,15.9304171,0.995000005,0,,,0,1
58933404,0.800000012,1,,,0.0241758227,0,0.282355398,0.315414727,15.9213276,0.996999979,0,,,0,1
58934530,0.800000012,1,,,0.0322344303,0,0.282355398,0.315414727,15.9258718,0.996999979,0,,,0,1
58935862,0.800000012,1,,,0.0241758227,0,0.282355398,0.315414727,15.9258718,0.999000013,0,,,0,1
58936994,0.800000012,1,,,0.0402930379,0,0.282355398,0.315414727,15.9213276,0.999000013,0,,,0,1
58938122,0.800000012,1,,,0.0241758227,0,0.282355398,0.315414727,15.9258718,1.00199997,0,,,0,1
58939248,0.800000012,1,,,0.0241758227,0,0.282355398,0.315414727,15.9258718,1.00199997,0,,,0,1
58940376,0.800000012,1,,,0.0241758227,0,0.282355398,0.315414727,15.9258718,1.00399995,0,,,0,1
58941502,0.800000012,1,,,0.0241758227,0,0.282355398,0.315414727,15.9258718,1.00399995,0,,,0,1
58942635,0.800000012,1,,,0.0402930379,0,0.282355398,0.315414727,15.9258718,1.00600004,0,,,0,1
58943760,0.800000012,1,,,0.0322344303,0,0.282355398,0.315414727,15.9213276,1.00600004,0,,,0,1
58944888,0.800000012,1,,,0.0402930379,0,0.282355398,0.315414727,15.9258718,1.00800002,0,,,0,1
58946014,0.800000012,1,,,0.0241758227,0,0.282355398,0.315414727,15.9258718,1.00800002,0,,,0,1
58947142,0.800000012,1,,,0.0322344303,0,0.282355398,0.315414727,15.9258718,1.01100004,0,,,0,1
58948267,0.800000012,1,,,0.0161172152,0,0.282355398,0.315414727,15.9213276,1.01100004,0,,,0,1
58949396,0.800000012,1,,,0.0241758227,0,0.282355398,0.315414727,15.9258718,1.01300001,0,,,0,1
58950521,0.800000012,1,,,0.0322344303,0,0.282355398,0.315414727,15.9258718,1.01300001,0,,,0,1
58951649,0.800000012,1,,,0.0322344303,0,0.282355398,0.315414727,15.9258718,1.01499999,0,,,0,1
58952775,0.800000012,1,,,0.0241758227,0,0.282355398,0.315414727,15.9258718,1.01499999,0,,,0,1
58953908,0.800000012,1,,,0.0241758227,0,0.282355398,0.315414727,15.9258718,1.01699996,0,,,0,1
58955033,0.800000012,1,,,0.0322344303,0,0.282355398,0.315414727,15.9258718,1.01699996,0,,,0,1
58956365,0.800000012,1,,,0.0241758227,0,0.282355398,0.315414727,15.9213276,1.01999998,0,,,0,1
58957491,0.800000012,1,,,0.0322344303,0,0.282355398,0.315414727,15.9258718,1.01999998,0,,,0,1
58958620,0.800000012,1,,,0.0241758227,0,0.282355398,0.315414727,15.9258718,1.02200007,0,,,0,1
58959745,0.800000012,1,,,0.0322344303,0,0.282355398,0.315414727,15.9258718,1.02200007,0,,,0,1
58960874,0.800000012,1,,,0.0322344303,0,0.282355398,0.315414727,15.9258718,1.02399993,0,,,0,1
58961999,0.800000012,1,,,0.0241758227,0,0.282355398,0.315414727,15.9258718,1.02399993,0,,,0,1
58963128,0.800000012,1,,,0.0322344303,0,0.282355398,0.315414727,15.9258718,1.02700007,0,,,0,1
58964254,0.800000012,1,,,0.0322344303,0,0.282355398,0.315414727,15.9258718,1.02700007,0,,,0,1
58965387,0.800000012,1,,,0.0241758227,0,0.282355398,0.315414727,15.9258718,1.02900004,0,,,0,1
58966512,0.800000012,1,,,0.0322344303,0,0.282355398,0.315414727,15.9258718,1.02900004,0,,,0,1
58967640,0.800000012,1,,,0.0241758227,0,0.282355398,0.315414727,15.9258718,1.03100002,0,,,0,1
58968766,0.800000012,1,,,0.0241758227,0,0.282355398,0.315414727,15.9258718,1.03100002,0,,,0,1
58969894,0.800000012,1,,,0.0322344303,0,0.282355398,0.315414727,15.9258718,1.03299999,0,,,0,1
58971020,0.800000012,1,,,0.0241758227,0,0.282355398,0.315414727,15.9258718,1.03299999,0,,,0,1
58972148,0.800000012,1,,,0.0241758227,0,0.282355398,0.315414727,15.9258718,1.03600001,0,,,0,1
58973274,0.800000012,1,,,0.0241758227,0,0.282355398,0.315414727,15.9258718,1.03600001,0,,,0,1
58974403,0.800000012,1,,,0.0322344303,0,0.282355398,0.315414727,15.9258718,1.03799999,0,,,0,1
58975528,0.800000012,1,,,0.0322344303,0,0.282355398,0.315414727,15.9258718,1.03799999,0,,,0,1
58976866,0.800000012,1,,,0.0241758227,0,0.282355398,0.315414727,15.9258718,1.03999996,0,,,0,1
58977991,0.800000012,1,,,0.0322344303,0,0.282355398,0.315414727,15.9258718,1.03999996,0,,,0,1
58979119,0.800000012,1,,,0.0241758227,0,0.282355398,0.315414727,15.9258718,1.04299998,0,,,0,1
58980244,0.800000012,1,,,0.0322344303,0,0.282355398,0.315414727,15.9258718,1.04299998,0,,,0,1
58981373,0.800000012,1,,,0.0241758227,0,0.282355398,0.315414727,15.9258718,1.04499996,0,,,0,1
58982498,0.800000012,0.75,,,0.0241758227,0.00805860758,0.282355398,0.315414727,15.9258718,1.04499996,0,,,0,1
58983626,0.800000012,1,,,0.0241758227,0,0.282355398,0.315414727,15.9258718,1.04700005,0,,,0,1
58984752,0.800000012,1,,,0.0322344303,0,0.282355398,0.315414727,15.9213276,1.04700005,0,,,0,1
58985880,0.800000012,1,,,0.0322344303,0,0.282355398,0.315414727,15.9258718,1.04900002,0,,,0,1
58987006,0.800000012,1,,,0.0161172152,0,0.282355398,0.315414727,15.9213276,1.04900002,0,,,0,1
58988139,0.800000012,1,,,0.0322344303,0,0.282355398,0.315414727,15.9213276,1.05200005,0,,,0,1
58989265,0.800000012,1,,,0.0241758227,0,0.282355398,0.315414727,15.9258718,1.05200005,0,,,0,1
58990393,0.800000012,1,,,0.0241758227,0,0.282355398,0.315414727,15.9258718,1.0539999,0,,,0,1
58991519,0.800000012,1,,,0.0322344303,0,0.282355398,0.315414727,15.9258718,1.0539999,0,,,0,1
58992647,0.800000012,0.714285731,,,0.0402930379,0.0161172152,0.282355398,0.315414727,15.9304171,1.05599999,0,,,0,1
58993773,0.800000012,1,,,0.0322344303,0,0.282355398,0.315414727,15.9258718,1.05599999,0,,,0,1
58994901,0.800000012,1,,,0.0241758227,0,0.282355398,0.315414727,15.9258718,1.05800009,0,,,0,1
58996026,0.800000012,1,,,0.0241758227,0,0.282355398,0.315414727,15.9258718,1.05800009,0,,,0,1
58997155,0.800000012,1,,,0.0322344303,0,0.282355398,0.315414727,15.9258718,1.06099999,0,,,0,1
58998484,0.800000012,1,,,0.0322344303,0,0.282355398,0.315414727,15.9258718,1.06099999,0,,,0,1
58999617,0.800000012,1,,,0.0241758227,0,0.282355398,0.315414727,15.9258718,1.06299996,0,,,0,1
59000743,0.800000012,1,,,0.0322344303,0,0.282355398,0.315414727,15.9258718,1.06299996,0,,,0,1
59001871,0.800000012,1,,,0.0322344303,0,0.282355398,0.315414727,15.9258718,1.06499994,0,,,0,1
59002996,0.800000012,1,,,0.0241758227,0,0.282355398,0.315414727,15.9258718,1.06499994,0,,,0,1
59004125,0.800000012,1,,,0.0322344303,0,0.282355398,0.315414727,15.9304171,1.06800008,0,,,0,1
59005250,0.800000012,1,,,0.0402930379,0,0.282355398,0.315414727,15.9258718,1.06800008,0,,,0,1
59006378,0.800000012,1,,,0.0241758227,0,0.282355398,0.315414727,15.9258718,1.06999993,0,,,0,1
59007504,0.800000012,1,,,0.0241758227,0,0.282355398,0.315414727,15.9258718,1.06999993,0,,,0,1
59008632,0.800000012,1,,,0.0241758227,0,0.282355398,0.315414727,15.9258718,1.07200003,0,,,0,1
59009757,0.800000012,1,,,0.0322344303,0,0.282355398,0.315414727,15.9258718,1.07200003,0,,,0,1
59010891,0.800000012,1,,,0.0241758227,0,0.282355398,0.315414727,15.9258718,1.074,0,,,0,1
59012016,0.800000012,1,,,0.0322344303,0,0.282355398,0.315414727,15.9258718,1.074,0,,,0,1
59013144,0.800000012,1,,,0.0241758227,0,0.282355398,0.315414727,15.9258718,1.07700002,0,,,0,1
59014270,0.800000012,1,,,0.0322344303,0,0.282355398,0.315414727,15.9258718,1.07700002,0,,,0,1
59015398,0.800000012,1,,,0.0322344303,0,0.282355398,0.315414727,15.9258718,1.079,0,,,0,1
59016523,0.800000012,1,,,0.0241758227,0,0.282355398,0.315414727,15.9213276,1.079,0,,,0,1
59017652,0.800000012,1,,,0.0322344303,0,0.282355398,0.315414727,15.9258718,1.08099997,0,,,0,1
59018981,0.800000012,1,,,0.0402930379,0,0.282355398,0.315414727,15.9258718,1.08099997,0,,,0,1
59020110,0.800000012,1,,,0.0322344303,0,0.282355398,0.315414727,15.9213276,1.08399999,0,,,0,1
59021240,0.800000012,1,,,0.0161172152,0,0.282355398,0.315414727,15.9349623,1.08399999,0,,,0,1
59022368,0.800000012,0.75,,,0.0241758227,0.00805860758,0.282355398,0.315414727,15.9258718,1.08599997,0,,,0,1
59023494,0.800000012,1,,,0.0241758227,0,0.282355398,0.315414727,15.9258718,1.08599997,0,,,0,1
59024622,0.800000012,1,,,0.0241758227,0,0.282355398,0.315414727,15.9258718,1.08800006,0,,,0,1
59025747,0.800000012,1,,,0.0322344303,0,0.282355398,0.315414727,15.9258718,1.08800006,0,,,0,1
59026876,0.800000012,1,,,0.0241758227,0,0.282355398,0.315414727,15.9258718,1.09000003,0,,,0,1
59028001,0.800000012,1,,,0.0241758227,0,0.282355398,0.315414727,15.9258718,1.09000003,0,,,0,1
59029129,0.800000012,1,,,0.0241758227,0,0.282355398,0.315414727,15.9258718,1.09299994,0,,,0,1
59030255,0.800000012,1,,,0.0241758227,0,0.282355398,0.315414727,15.9258718,1.09299994,0,,,0,1
59031383,0.800000012,1,,,0.0322344303,0,0.282355398,0.315414727,15.9258718,1.09500003,0,,,0,1
59032514,0.800000012,1,,,0.0241758227,0,0.282355398,0.315414727,15.9258718,1.09500003,0,,,0,1
59033642,0.800000012,1,,,0.0322344303,0,0.282355398,0.315414727,15.9258718,1.097,0,,,0,1
59034767,0.800000012,1,,,0.0241758227,0,0.282355398,0.315414727,15.9258718,1.097,0,,,0,1
59035896,0.800000012,1,,,0.0241758227,0,0.282355398,0.315414727,15.9258718,1.09899998,0,,,0,1
59037021,0.800000012,1,,,0.0322344303,0,0.282355398,0.315414727,15.9258718,1.09899998,0,,,0,1
59038149,0.800000012,1,,,0.0322344303,0,0.282355398,0.315414727,15.9258718,1.102,0,,,0,1
59039275,0.800000012,1,,,0.0322344303,0,0.282355398,0.315414727,15.9258718,1.102,0,,,0,1
59040607,0.800000012,1,,,0.0241758227,0,0.282355398,0.315414727,15.9213276,1.10399997,0,,,0,1
59041733,0.800000012,1,,,0.0322344303,0,0.282355398,0.315414727,15.9258718,1.10399997,0,,,0,1
59042861,0.800000012,1,,,0.0241758227,0,0.282355398,0.315414727,15.9258718,1.10600007,0,,,0,1
59043991,0.800000012,1,,,0.0161172152,0,0.282355398,0.315414727,15.9213276,1.10600007,0,,,0,1
59045120,0.800000012,1,,,0.0241758227,0,0.282355398,0.315414727,15.9258718,1.10899997,0,,,0,1
59046245,0.800000012,1,,,0.0241758227,0,0.282355398,0.315414727,15.9258718,1.10899997,0,,,0,1
59047373,0.800000012,1,,,0.0241758227,0,0.282355398,0.315414727,15.9213276,1.11100006,0,,,0,1
59048499,0.800000012,1,,,0.0241758227,0,0.282355398,0.315414727,15.9304171,1.11100006,0,,,0,1
59049627,0.800000012,1,,,0.0241758227,0,0.282355398,0.315414727,15.9258718,1.11299992,0,,,0,1
59050752,0.800000012,1,,,0.0241758227,0,0.282355398,0.315414727,15.9258718,1.11299992,0,,,0,1
59051881,0.800000012,1,,,0.0241758227,0,0.282355398,0.315414727,15.9258718,1.11500001,0,,,0,1
59053007,0.800000012,1,,,0.0322344303,0,0.282355398,0.315414727,15.9258718,1.11500001,0,,,0,1
59054135,0.800000012,1,,,0.0241758227,0,0.282355398,0.315414727,15.9258718,1.11800003,0,,,0,1
59055265,0.800000012,1,,,0.0241758227,0,0.282355398,0.315414727,15.9258718,1.11800003,0,,,0,1
59056394,0.800000012,0.800000012,,,0.0322344303,0.00805860758,0.282355398,0.315414727,15.9258718,1.12,0,,,0,1
59057519,0.800000012,1,,,0.0241758227,0,0.282355398,0.315414727,15.9258718,1.12,0,,,0,1
59058647,0.800000012,1,,,0.0241758227,0,0.282355398,0.315414727,15.9258718,1.12199998,0,,,0,1
59059773,0.800000012,1,,,0.0322344303,0,0.282355398,0.315414727,15.9258718,1.12199998,0,,,0,1
59061106,0.800000012,1,,,0.0241758227,0,0.282355398,0.315414727,15.9258718,1.125,0,,,0,1
59062231,0.800000012,1,,,0.0241758227,0,0.282355398,0.315414727,15.9304171,1.125,0,,,0,1
59063359,0.800000012,1,,,0.0322344303,0,0.282355398,0.315414727,15.9258718,1.12700009,0,,,0,1
59064484,0.800000012,0.800000012,,,0.0322344303,0.00805860758,0.282355398,0.315414727,15.9258718,1.12700009,0,,,0,1
59065613,0.800000012,1,,,0.0241758227,0,0.282355398,0.315414727,15.9213276,1.12899995,0,,,0,1
59066743,0.800000012,1,,,0.0241758227,0,0.282355398,0.315414727,15.9258718,1.12899995,0,,,0,1
59067871,0.800000012,1,,,0.0322344303,0,0.282355398,0.315414727,15.9213276,1.13100004,0,,,0,1
59068997,0.800000012,1,,,0.0241758227,0,0.282355398,0.315414727,15.9258718,1.13100004,0,,,0,1
59070126,0.800000012,1,,,0.0322344303,0,0.282355398,0.315414727,15.9258718,1.13399994,0,,,0,1
59071251,0.800000012,1,,,0.0402930379,0,0.282355398,0.315414727,15.9258718,1.13399994,0,,,0,1
59072380,0.800000012,1,,,0.0402930379,0,0.282355398,0.315414727,15.9258718,1.13600004,0,,,0,1
59073505,0.800000012,1,,,0.0241758227,0,0.282355398,0.315414727,15.9258718,1.13600004,0,,,0,1
59074634,0.800000012,1,,,0.0322344303,0,0.282355398,0.315414727,15.9258718,1.13800001,0,,,0,1
59075760,0.800000012,1,,,0.0322344303,0,0.282355398,0.315414727,15.9258718,1.13800001,0,,,0,1
59076888,0.800000012,1,,,0.0241758227,0,0.282355398,0.315414727,15.9258718,1.13999999,0,,,0,1
59078018,0.800000012,1,,,0.0241758227,0,0.282355398,0.315414727,15.9258718,1.13999999,0,,,0,1
59079147,0.800000012,1,,,0.0322344303,0,0.282355398,0.315414727,15.9258718,1.14300001,0,,,0,1
59080272,0.800000012,1,,,0.0322344303,0,0.282355398,0.315414727,15.9258718,1.14300001,0,,,0,1
59081401,0.800000012,1,,,0.0322344303,0,0.282355398,0.315414727,15.9213276,1.14499998,0,,,0,1
59082731,0.800000012,1,,,0.0322344303,0,0.282355398,0.315414727,15.9213276,1.14499998,0,,,0,1
59083859,0.800000012,1,,,0.0241758227,0,0.282355398,0.315414727,15.9258718,1.14700007,0,,,0,1
59084984,0.800000012,1,,,0.0322344303,0,0.282355398,0.315414727,15.9258718,1.14700007,0,,,0,1
59086113,0.800000012,1,,,0.0322344303,0,0.282355398,0.315414727,15.9258718,1.14999998,0,,,0,1
59087238,0.800000012,1,,,0.0241758227,0,0.282355398,0.315414727,15.9213276,1.14999998,0,,,0,1
59088371,0.800000012,1,,,0.0322344303,0,0.282355398,0.315414727,15.9258718,1.15199995,0,,,0,1
59089496,0.800000012,1,,,0.0322344303,0,0.282355398,0.315414727,15.9258718,1.15199995,0,,,0,1
59090625,0.800000012,1,,,0.0241758227,0,0.282355398,0.315414727,15.9258718,1.15400004,0,,,0,1
59091750,0.800000012,1,,,0.0241758227,0,0.282355398,0.315414727,15.9258718,1.15400004,0,,,0,1
59092878,0.800000012,1,,,0.0241758227,0,0.282355398,0.315414727,15.9258718,1.15600002,0,,,0,1
59094004,0.800000012,1,,,0.0241758227,0,0.282355398,0.315414727,15.9213276,1.15600002,0,,,0,1
59095132,0.800000012,1,,,0.0241758227,0,0.282355398,0.315414727,15.9258718,1.15900004,0,,,0,1
59096257,0.800000012,1,,,0.0241758227,0,0.282355398,0.315414727,15.9258718,1.15900004,0,,,0,1
59097386,0.800000012,1,,,0.0322344303,0,0.282355398,0.315414727,15.9258718,1.16100001,0,,,0,1
59098511,0.800000012,1,,,0.0241758227,0,0.282355398,0.315414727,15.9258718,1.16100001,0,,,0,1
59099644,0.800000012,1,,,0.0402930379,0,0.282355398,0.315414727,15.9258718,1.16299999,0,,,0,1
59100770,0.800000012,1,,,0.0322344303,0,0.282355398,0.315414727,15.9258718,1.16299999,0,,,0,1
59101899,0.800000012,1,,,0.0402930379,0,0.282355398,0.315414727,15.9258718,1.16499996,0,,,0,1
59103228,0.800000012,1,,,0.0241758227,0,0.282355398,0.315414727,15.9213276,1.16499996,0,,,0,1
59104356,0.800000012,1,,,0.0322344303,0,0.282355398,0.315414727,15.9258718,1.16799998,0,,,0,1
59105482,0.800000012,1,,,0.0322344303,0,0.282355398,0.315414727,15.9258718,1.16799998,0,,,0,1
59106610,0.800000012,1,,,0.0322344303,0,0.282355398,0.315414727,15.9258718,1.16999996,0,,,0,1
59107736,0.800000012,1,,,0.0241758227,0,0.282355398,0.315414727,15.9258718,1.16999996,0,,,0,1
59108864,0.800000012,1,,,0.0241758227,0,0.282355398,0.315414727,15.9213276,1.17199993,0,,,0,1
59109990,0.800000012,1,,,0.0322344303,0,0.282355398,0.315414727,15.9258718,1.17199993,0,,,0,1
59111123,0.800000012,1,,,0.0241758227,0,0.282355398,0.315414727,15.9258718,1.17500007,0,,,0,1
59112248,0.800000012,1,,,0.0241758227,0,0.282355398,0.315414727,15.9258718,1.17500007,0,,,0,1
59113376,0.800000012,1,,,0.0241758227,0,0.282355398,0.315414727,15.9258718,1.17700005,0,,,0,1
59114502,0.800000012,1,,,0.0241758227,0,0.282355398,0.315414727,15.9258718,1.17700005,0,,,0,1
59115630,0.800000012,1,,,0.0322344303,0,0.282355398,0.315414727,15.9213276,1.17900002,0,,,0,1
59116756,0.800000012,1,,,0.0322344303,0,0.282355398,0.315414727,15.9258718,1.17900002,0,,,0,1
59117884,0.800000012,1,,,0.0161172152,0,0.282355398,0.315414727,15.9258718,1.18099999,0,,,0,1
59119009,0.800000012,1,,,0.0322344303,0,0.282355398,0.315414727,15.9258718,1.18099999,0,,,0,1
59120138,0.800000012,1,,,0.0241758227,0,0.282355398,0.315414727,15.9258718,1.18400002,0,,,0,1
59121263,0.800000012,1,,,0.0322344303,0,0.282355398,0.315414727,15.9258718,1.18400002,0,,,0,1
59122396,0.800000012,1,,,0.0241758227,0,0.282355398,0.315414727,15.9258718,1.18599999,0,,,0,1
59123522,0.800000012,1,,,0.0322344303,0,0.282355398,0.315414727,15.9258718,1.18599999,0,,,0,1
59124854,0.800000012,1,,,0.0241758227,0,0.282355398,0.315414727,15.9258718,1.18799996,0,,,0,1
59125980,0.800000012,1,,,0.0322344303,0,0.282355398,0.315414727,15.9258718,1.18799996,0,,,0,1
59127108,0.800000012,1,,,0.0322344303,0,0.282355398,0.315414727,15.9258718,1.19099998,0,,,0,1
59128234,0.800000012,1,,,0.0241758227,0,0.282355398,0.315414727,15.9213276,1.19099998,0,,,0,1
59129363,0.800000012,1,,,0.0241758227,0,0.282355398,0.315414727,15.9258718,1.19299996,0,,,0,1
59130488,0.800000012,1,,,0.0241758227,0,0.282355398,0.315414727,15.9258718,1.19299996,0,,,0,1
59131617,0.800000012,1,,,0.0322344303,0,0.282355398,0.315414727,15.9304171,1.19500005,0,,,0,1
59132742,0.800000012,1,,,0.0241758227,0,0.282355398,0.315414727,15.9213276,1.19500005,0,,,0,1
59133875,0.800000012,1,,,0.0322344303,0,0.282355398,0.315414727,15.9258718,1.19700003,0,,,0,1
59135001,0.800000012,1,,,0.0322344303,0,0.282355398,0.315414727,15.9258718,1.19700003,0,,,0,1
59136129,0.800000012,1,,,0.0402930379,0,0.282355398,0.315414727,15.9258718,1.20000005,0,,,0,1
59137254,0.800000012,1,,,0.0322344303,0,0.282355398,0.315414727,15.9258718,1.20000005,0,,,0,1
59138383,0.800000012,1,,,0.0322344303,0,0.282355398,0.315414727,15.9258718,1.2019999,0,,,0,1
59139508,0.800000012,1,,,0.0241758227,0,0.282355398,0.315414727,15.9258718,1.2019999,0,,,0,1
59140637,0.800000012,1,,,0.0241758227,0,0.282355398,0.315414727,15.9258718,1.204,0,,,0,1
59141763,0.800000012,1,,,0.0322344303,0,0.282355398,0.315414727,15.9258718,1.204,0,,,0,1
59142891,0.800000012,1,,,0.0322344303,0,0.282355398,0.315414727,15.9258718,1.20600009,0,,,0,1
59144017,0.800000012,1,,,0.0241758227,0,0.282355398,0.315414727,15.9258718,1.20600009,0,,,0,1
59145354,0.800000012,1,,,0.0241758227,0,0.282355398,0.315414727,15.9213276,1.20899999,0,,,0,1
59146479,0.800000012,1,,,0.0241758227,0,0.282355398,0.315414727,15.9258718,1.20899999,0,,,0,1
59147608,0.800000012,1,,,0.0402930379,0,0.282355398,0.315414727,15.9258718,1.21099997,0,,,0,1
59148733,0.800000012,1,,,0.0241758227,0,0.282355398,0.315414727,15.9258718,1.21099997,0,,,0,1
59149862,0.800000012,1,,,0.0241758227,0,0.282355398,0.315414727,15.9258718,1.21299994,0,,,0,1
59150987,0.800000012,1,,,0.0322344303,0,0.282355398,0.315414727,15.9258718,1.21299994,0,,,0,1
59152115,0.800000012,1,,,0.0322344303,0,0.282355398,0.315414727,15.9258718,1.21600008,0,,,0,1
59153241,0.800000012,1,,,0.0322344303,0,0.282355398,0.315414727,15.9213276,1.21600008,0,,,0,1
59154369,0.800000012,1,,,0.0241758227,0,0.282355398,0.315414727,15.9258718,1.21799994,0,,,0,1
59155494,0.800000012,1,,,0.0322344303,0,0.282355398,0.315414727,15.9304171,1.21799994,0,,,0,1
59156628,0.800000012,1,,,0.0241758227,0,0.282355398,0.315414727,15.9258718,1.22000003,0,,,0,1
59157753,0.800000012,1,,,0.0322344303,0,0.282355398,0.315414727,15.9258718,1.22000003,0,,,0,1
59158882,0.800000012,1,,,0.0322344303,0,0.282355398,0.315414727,15.9258718,1.222,0,,,0,1
59160007,0.800000012,1,,,0.0322344303,0,0.282355398,0.315414727,15.9258718,1.222,0,,,0,1
59161136,0.800000012,1,,,0.0241758227,0,0.282355398,0.315414727,15.9258718,1.22500002,0,,,0,1
59162261,0.800000012,1,,,0.0402930379,0,0.282355398,0.315414727,15.9258718,1.22500002,0,,,0,1
59163390,0.800000012,1,,,0.0322344303,0,0.282355398,0.315414727,15.9258718,1.227,0,,,0,1
59164515,0.800000012,1,,,0.0241758227,0,0.282355398,0.315414727,15.9258718,1.227,0,,,0,1
59165847,0.800000012,1,,,0.0322344303,0,0.282355398,0.315414727,15.9258718,1.22899997,0,,,0,1
59166978,0.800000012,1,,,0.0322344303,0,0.282355398,0.315414727,15.9258718,1.22899997,0,,,0,1
59168106,0.800000012,1,,,0.0241758227,0,0.282355398,0.315414727,15.9304171,1.23199999,0,,,0,1
59169231,0.800000012,1,,,0.0241758227,0,0.282355398,0.315414727,15.9258718,1.23199999,0,,,0,1
59170360,0.800000012,1,,,0.0241758227,0,0.282355398,0.315414727,15.9213276,1.23399997,0,,,0,1
59171485,0.800000012,1,,,0.0241758227,0,0.282355398,0.315414727,15.9258718,1.23399997,0,,,0,1
59172613,0.800000012,1,,,0.0322344303,0,0.282355398,0.315414727,15.9258718,1.23600006,0,,,0,1
59173739,0.800000012,1,,,0.0322344303,0,0.282355398,0.315414727,15.9258718,1.23600006,0,,,0,1
59174867,0.800000012,1,,,0.0322344303,0,0.282355398,0.315414727,15.9258718,1.23800004,0,,,0,1
59175992,0.800000012,1,,,0.0322344303,0,0.282355398,0.315414727,15.9258718,1.23800004,0,,,0,1
59177121,0.800000012,1,,,0.0322344303,0,0.282355398,0.315414727,15.9258718,1.24099994,0,,,0,1
59178251,0.800000012,1,,,0.0241758227,0,0.282355398,0.315414727,15.9258718,1.24099994,0,,,0,1
59179380,0.800000012,1,,,0.0241758227,0,0.282355398,0.315414727,15.9258718,1.24300003,0,,,0,1
59180505,0.800000012,1,,,0.0322344303,0,0.282355398,0.315414727,15.9258718,1.24300003,0,,,0,1
59181633,0.800000012,1,,,0.0241758227,0,0.282355398,0.315414727,15.9258718,1.245,0,,,0,1
59182759,0.800000012,1,,,0.0322344303,0,0.282355398,0.315414727,15.9258718,1.245,0,,,0,1
59183887,0.800000012,1,,,0.0241758227,0,0.282355398,0.315414727,15.9258718,1.24699998,0,,,0,1
59185012,0.800000012,1,,,0.0402930379,0,0.282355398,0.315414727,15.9213276,1.24699998,0,,,0,1
59186141,0.800000012,1,,,0.0241758227,0,0.282355398,0.315414727,15.9258718,1.25,0,,,0,1
59187470,0.800000012,1,,,0.0322344303,0,0.282355398,0.315414727,15.9258718,1.25,0,,,0,1
59188598,0.800000012,1,,,0.0241758227,0,0.282355398,0.315414727,15.9258718,1.25199997,0,,,0,1
59189729,0.800000012,1,,,0.0402930379,0,0.282355398,0.315414727,15.9258718,1.25199997,0,,,0,1
59190857,0.800000012,1,,,0.0322344303,0,0.282355398,0.315414727,15.9213276,1.25400007,0,,,0,1
59191982,0.800000012,1,,,0.0322344303,0,0.282355398,0.315414727,15.9258718,1.25400007,0,,,0,1
59193111,0.800000012,1,,,0.0241758227,0,0.282355398,0.315414727,15.9304171,1.25699997,0,,,0,1
59194236,0.800000012,1,,,0.0322344303,0,0.282355398,0.315414727,15.9349623,1.25699997,0,,,0,1
59195364,0.800000012,1,,,0.0322344303,0,0.282355398,0.315414727,15.9258718,1.25900006,0,,,0,1
59196490,0.800000012,1,,,0.0241758227,0,0.282355398,0.315414727,15.9213276,1.25900006,0,,,0,1
59197618,0.800000012,1,,,0.0322344303,0,0.282355398,0.315414727,15.9258718,1.26099992,0,,,0,1
59198744,0.800000012,1,,,0.0322344303,0,0.282355398,0.315414727,15.9258718,1.26099992,0,,,0,1
59199872,0.800000012,1,,,0.0322344303,0,0.282355398,0.315414727,15.9258718,1.26300001,0,,,0,1
59201002,0.800000012,1,,,0.0322344303,0,0.282355398,0.315414727,15.9258718,1.26300001,0,,,0,1
59202131,0.800000012,1,,,0.0241758227,0,0.282355398,0.315414727,15.9213276,1.26600003,0,,,0,1
59203256,0.800000012,1,,,0.0322344303,0,0.282355398,0.315414727,15.9258718,1.26600003,0,,,0,1
59204384,0.800000012,1,,,0.0241758227,0,0.282355398,0.315414727,15.9258718,1.26800001,0,,,0,1
59205510,0.800000012,1,,,0.0322344303,0,0.282355398,0.315414727,15.9304171,1.26800001,0,,,0,1
59206638,0.800000012,1,,,0.0241758227,0,0.282355398,0.315414727,15.9258718,1.26999998,0,,,0,1
59207967,0.800000012,1,,,0.0322344303,0,0.282355398,0.315414727,15.9258718,1.26999998,0,,,0,1
59209096,0.800000012,1,,,0.0241758227,0,0.282355398,0.315414727,15.9258718,1.273,0,,,0,1
59210221,0.800000012,1,,,0.0322344303,0,0.282355398,0.315414727,15.9213276,1.273,0,,,0,1
59211350,0.800000012,1,,,0.0161172152,0,0.282355398,0.315414727,15.9258718,1.2750001,0,,,0,1
59212480,0.800000012,1,,,0.0241758227,0,0.282355398,0.315414727,15.9258718,1.2750001,0,,,0,1
59213608,0.800000012,1,,,0.0241758227,0,0.282355398,0.315414727,15.9258718,1.27699995,0,,,0,1
59214734,0.800000012,1,,,0.0322344303,0,0.282355398,0.315414727,15.9258718,1.27699995,0,,,0,1
59215862,0.800000012,1,,,0.0241758227,0,0.282355398,0.315414727,15.9258718,1.27900004,0,,,0,1
59216988,0.800000012,1,,,0.0322344303,0,0.282355398,0.315414727,15.9304171,1.27900004,0,,,0,1
59218116,0.800000012,1,,,0.0322344303,0,0.282355398,0.315414727,15.9258718,1.28199995,0,,,0,1
59219242,0.800000012,0.800000012,,,0.0322344303,0.00805860758,0.282355398,0.315414727,15.9304171,1.28199995,0,,,0,1
59220370,0.800000012,1,,,0.0322344303,0,0.282355398,0.315414727,15.9258718,1.28400004,0,,,0,1
59221496,0.800000012,1,,,0.0241758227,0,0.282355398,0.315414727,15.9213276,1.28400004,0,,,0,1
59222625,0.800000012,1,,,0.0241758227,0,0.282355398,0.315414727,15.9258718,1.28600001,0,,,0,1
59223755,0.800000012,1,,,0.0241758227,0,0.282355398,0.315414727,15.9258718,1.28600001,0,,,0,1
59224883,0.800000012,1,,,0.0241758227,0,0.282355398,0.315414727,15.9258718,1.28799999,0,,,0,1
59226008,0.800000012,1,,,0.0241758227,0,0.282355398,0.315414727,15.9258718,1.28799999,0,,,0,1
59227137,0.800000012,1,,,0.0241758227,0,0.282355398,0.315414727,15.9258718,1.29100001,0,,,0,1
59228262,0.800000012,1,,,0.0322344303,0,0.282355398,0.315414727,15.9258718,1.29100001,0,,,0,1
59229594,0.800000012,1,,,0.0322344303,0,0.282355398,0.315414727,15.9258718,1.29299998,0,,,0,1
59230720,0.800000012,1,,,0.0322344303,0,0.282355398,0.315414727,15.9304171,1.29299998,0,,,0,1
59231848,0.800000012,1,,,0.0322344303,0,0.282355398,0.315414727,15.9258718,1.29500008,0,,,0,1
59232973,0.800000012,1,,,0.0322344303,0,0.282355398,0.315414727,15.9258718,1.29500008,0,,,0,1
59234106,0.800000012,1,,,0.0322344303,0,0.282355398,0.315414727,15.9258718,1.29799998,0,,,0,1
59235232,0.800000012,1,,,0.0322344303,0,0.282355398,0.315414727,15.9349623,1.29799998,0,,,0,1
59236360,0.800000012,1,,,0.0322344303,0,0.282355398,0.315414727,15.9258718,1.29999995,0,,,0,1
59237486,0.800000012,1,,,0.0241758227,0,0.282355398,0.315414727,15.9258718,1.29999995,0,,,0,1
59238615,0.800000012,1,,,0.0241758227,0,0.282355398,0.315414727,15.9258718,1.30199993,0,,,0,1
59239740,0.800000012,1,,,0.0241758227,0,0.282355398,0.315414727,15.9258718,1.30199993,0,,,0,1
59240869,0.800000012,1,,,0.0322344303,0,0.282355398,0.315414727,15.9258718,1.30400002,0,,,0,1
59241994,0.800000012,1,,,0.0322344303,0,0.282355398,0.315414727,15.9258718,1.30400002,0,,,0,1
59243123,0.800000012,1,,,0.0322344303,0,0.282355398,0.315414727,15.9258718,1.30700004,0,,,0,1
59244248,0.800000012,0.800000012,,,0.0322344303,0.00805860758,0.282355398,0.315414727,15.9258718,1.30700004,0,,,0,1
59245381,0.800000012,1,,,0.0322344303,0,0.282355398,0.315414727,15.9258718,1.30900002,0,,,0,1
59246507,0.800000012,1,,,0.0322344303,0,0.282355398,0.315414727,15.9213276,1.30900002,0,,,0,1
59247635,0.800000012,1,,,0.0322344303,0,0.282355398,0.315414727,15.9258718,1.31099999,0,,,0,1
59248761,0.800000012,1,,,0.0322344303,0,0.282355398,0.315414727,15.9213276,1.31099999,0,,,0,1
59250093,0.800000012,1,,,0.0402930379,0,0.282355398,0.315414727,15.9258718,1.31400001,0,,,0,1
59251219,0.800000012,1,,,0.0241758227,0,0.282355398,0.315414727,15.9304171,1.31400001,0,,,0,1
59252347,0.800000012,1,,,0.0322344303,0,0.282355398,0.315414727,15.9304171,1.31599998,0,,,0,1
59253472,0.800000012,1,,,0.0322344303,0,0.282355398,0.315414727,15.9258718,1.31599998,0,,,0,1
59254601,0.800000012,1,,,0.0322344303,0,0.282355398,0.315414727,15.9258718,1.31799996,0,,,0,1
59255726,0.800000012,1,,,0.0241758227,0,0.282355398,0.315414727,15.9258718,1.31799996,0,,,0,1
59256860,0.800000012,1,,,0.0322344303,0,0.282355398,0.315414727,15.9258718,1.31999993,0,,,0,1
59257985,0.800000012,1,,,0.0402930379,0,0.282355398,0.315414727,15.9304171,1.31999993,0,,,0,1
59259113,0.800000012,1,,,0.0402930379,0,0.282355398,0.315414727,15.9258718,1.32300007,0,,,0,1
59260238,0.800000012,1,,,0.0241758227,0,0.282355398,0.315414727,15.9258718,1.32300007,0,,,0,1
59261367,0.800000012,1,,,0.0241758227,0,0.282355398,0.315414727,15.9258718,1.32500005,0,,,0,1
59262492,0.800000012,1,,,0.0241758227,0,0.282355398,0.315414727,15.9258718,1.32500005,0,,,0,1
59263620,0.800000012,1,,,0.0322344303,0,0.282355398,0.315414727,15.9258718,1.32700002,0,,,0,1
59264746,0.800000012,1,,,0.0241758227,0,0.282355398,0.315414727,15.9258718,1.32700002,0,,,0,1
59265874,0.800000012,1,,,0.0241758227,0,0.282355398,0.315414727,15.9258718,1.329,0,,,0,1
59267000,0.800000012,1,,,0.0402930379,0,0.282355398,0.315414727,15.9304171,1.329,0,,,0,1
59268133,0.800000012,1,,,0.0322344303,0,0.282355398,0.315414727,15.9258718,1.33200002,0,,,0,1
59269258,0.800000012,1,,,0.0322344303,0,0.282355398,0.315414727,15.9258718,1.33200002,0,,,0,1
59270387,0.800000012,1,,,0.0322344303,0,0.282355398,0.315414727,15.9258718,1.33399999,0,,,0,1
59271717,0.800000012,1,,,0.0322344303,0,0.282355398,0.315414727,15.9258718,1.33399999,0,,,0,1
59272845,0.800000012,1,,,0.0241758227,0,0.282355398,0.315414727,15.9258718,1.33599997,0,,,0,1
59273970,0.800000012,1,,,0.0402930379,0,0.282355398,0.315414727,15.9258718,1.33599997,0,,,0,1
59275098,0.800000012,1,,,0.0241758227,0,0.282355398,0.315414727,15.9258718,1.33899999,0,,,0,1
59276224,0.800000012,1,,,0.0322344303,0,0.282355398,0.315414727,15.9304171,1.33899999,0,,,0,1
59277352,0.800000012,1,,,0.0322344303,0,0.282355398,0.315414727,15.9258718,1.34099996,0,,,0,1
59278477,0.800000012,1,,,0.0241758227,0,0.282355398,0.315414727,15.9258718,1.34099996,0,,,0,1
59279610,0.800000012,1,,,0.0241758227,0,0.282355398,0.315414727,15.9258718,1.34300005,0,,,0,1
59280736,0.800000012,1,,,0.0322344303,0,0.282355398,0.315414727,15.9258718,1.34300005,0,,,0,1
59281864,0.800000012,1,,,0.0322344303,0,0.282355398,0.315414727,15.9258718,1.34500003,0,,,0,1
59282989,0.800000012,1,,,0.0241758227,0,0.282355398,0.315414727,15.9258718,1.34500003,0,,,0,1
59284118,0.800000012,1,,,0.0241758227,0,0.282355398,0.315414727,15.9258718,1.34800005,0,,,0,1
59285243,0.800000012,1,,,0.0322344303,0,0.282355398,0.315414727,15.9213276,1.34800005,0,,,0,1
59286371,0.800000012,1,,,0.0322344303,0,0.282355398,0.315414727,15.9258718,1.3499999,0,,,0,1
59287497,0.800000012,1,,,0.0241758227,0,0.282355398,0.315414727,15.9258718,1.3499999,0,,,0,1
59288625,0.800000012,1,,,0.0322344303,0,0.282355398,0.315414727,15.9258718,1.352,0,,,0,1
59289750,0.800000012,1,,,0.0322344303,0,0.282355398,0.315414727,15.9258718,1.352,0,,,0,1
59290884,0.800000012,1,,,0.0322344303,0,0.282355398,0.315414727,15.9258718,1.35400009,0,,,0,1
59292213,0.800000012,1,,,0.0322344303,0,0.282355398,0.315414727,15.9258718,1.35400009,0,,,0,1
59293342,0.800000012,1,,,0.0241758227,0,0.282355398,0.315414727,15.9258718,1.35699999,0,,,0,1
59294467,0.800000012,1,,,0.0322344303,0,0.282355398,0.315414727,15.9258718,1.35699999,0,,,0,1
59295595,0.800000012,1,,,0.0241758227,0,0.282355398,0.315414727,15.9258718,1.35899997,0,,,0,1
59296721,0.800000012,1,,,0.0322344303,0,0.282355398,0.315414727,15.9258718,1.35899997,0,,,0,1
59297849,0.800000012,1,,,0.0322344303,0,0.282355398,0.315414727,15.9258718,1.36099994,0,,,0,1
59298974,0.800000012,1,,,0.0402930379,0,0.282355398,0.315414727,15.9258718,1.36099994,0,,,0,1
59300103,0.800000012,1,,,0.0402930379,0,0.282355398,0.315414727,15.9258718,1.36400008,0,,,0,1
59301228,0.800000012,1,,,0.0322344303,0,0.282355398,0.315414727,15.9349623,1.36400008,0,,,0,1
59302361,0.800000012,1,,,0.0322344303,0,0.282355398,0.315414727,15.9258718,1.36599994,0,,,0,1
59303487,0.800000012,1,,,0.0241758227,0,0.282355398,0.315414727,15.9258718,1.36599994,0,,,0,1
59304615,0.800000012,1,,,0.0322344303,0,0.282355398,0.315414727,15.9258718,1.36800003,0,,,0,1
59305740,0.800000012,1,,,0.0322344303,0,0.282355398,0.315414727,15.9213276,1.36800003,0,,,0,1
59306869,0.800000012,1,,,0.0322344303,0,0.282355398,0.315414727,15.9258718,1.37,0,,,0,1
59307994,0.800000012,1,,,0.0322344303,0,0.282355398,0.315414727,15.9213276,1.37,0,,,0,1
59309122,0.800000012,1,,,0.0322344303,0,0.282355398,0.315414727,15.9258718,1.37300003,0,,,0,1
59310248,0.800000012,1,,,0.0322344303,0,0.282355398,0.315414727,15.9258718,1.37300003,0,,,0,1
59311376,0.800000012,1,,,0.0241758227,0,0.282355398,0.315414727,15.9258718,1.375,0,,,0,1
59312506,0.800000012,1,,,0.0322344303,0,0.282355398,0.315414727,15.9258718,1.375,0,,,0,1
59313839,0.800000012,1,,,0.0241758227,0,0.282355398,0.315414727,15.9258718,1.37699997,0,,,0,1
59314964,0.800000012,1,,,0.0322344303,0,0.282355398,0.315414727,15.9258718,1.37699997,0,,,0,1
59316092,0.800000012,1,,,0.0241758227,0,0.282355398,0.315414727,15.9213276,1.38,0,,,0,1
59317218,0.800000012,1,,,0.0241758227,0,0.282355398,0.315414727,15.9213276,1.38,0,,,0,1
59318346,0.800000012,1,,,0.0241758227,0,0.282355398,0.315414727,15.9258718,1.38199997,0,,,0,1
59319472,0.800000012,1,,,0.0241758227,0,0.282355398,0.315414727,15.9304171,1.38199997,0,,,0,1
59320601,0.800000012,1,,,0.0322344303,0,0.282355398,0.315414727,15.9258718,1.38400006,0,,,0,1
59321726,0.800000012,1,,,0.0161172152,0,0.282355398,0.315414727,15.9258718,1.38400006,0,,,0,1
59322855,0.800000012,1,,,0.0241758227,0,0.282355398,0.315414727,15.9258718,1.38600004,0,,,0,1
59323985,0.800000012,1,,,0.0322344303,0,0.282355398,0.315414727,15.9258718,1.38600004,0,,,0,1
59325113,0.800000012,1,,,0.0322344303,0,0.282355398,0.315414727,15.9258718,1.38899994,0,,,0,1
59326239,0.800000012,1,,,0.0322344303,0,0.282355398,0.315414727,15.9304171,1.38899994,0,,,0,1
59327367,0.800000012,0.5,,,0.0241758227,0.0241758227,0.282355398,0.315414727,15.9258718,1.39100003,0,,,0,1
59328492,0.800000012,1,,,0.0322344303,0,0.282355398,0.315414727,15.9258718,1.39100003,0,,,0,1
59329621,0.800000012,1,,,0.0322344303,0,0.282355398,0.315414727,15.9258718,1.39300001,0,,,0,1
59330746,0.800000012,1,,,0.0161172152,0,0.282355398,0.315414727,15.9213276,1.39300001,0,,,0,1
59331875,0.800000012,1,,,0.0241758227,0,0.282355398,0.315414727,15.9258718,1.39499998,0,,,0,1
59333000,0.800000012,1,,,0.0322344303,0,0.282355398,0.315414727,15.9258718,1.39499998,0,,,0,1
59334333,0.800000012,1,,,0.0241758227,0,0.282355398,0.315414727,15.9258718,1.398,0,,,0,1
59335463,0.800000012,1,,,0.0322344303,0,0.282355398,0.315414727,15.9258718,1.398,0,,,0,1
59336592,0.800000012,1,,,0.0322344303,0,0.282355398,0.315414727,15.9258718,1.39999998,0,,,0,1
59337717,0.800000012,1,,,0.0322344303,0,0.282355398,0.315414727,15.9258718,1.39999998,0,,,0,1
59338846,0.800000012,1,,,0.0241758227,0,0.282355398,0.315414727,15.9258718,1.40200007,0,,,0,1
59339971,0.800000012,1,,,0.0322344303,0,0.282355398,0.315414727,15.9258718,1.40200007,0,,,0,1
59341100,0.800000012,1,,,0.0322344303,0,0.282355398,0.315414727,15.9258718,1.40499997,0,,,0,1
59342225,0.800000012,1,,,0.0241758227,0,0.282355398,0.315414727,15.9304171,1.40499997,0,,,0,1
59343353,0.800000012,1,,,0.0241758227,0,0.282355398,0.315414727,15.9258718,1.40700006,0,,,0,1
59344479,0.800000012,1,,,0.0241758227,0,0.282355398,0.315414727,15.9258718,1.40700006,0,,,0,1
59345607,0.800000012,1,,,0.0241758227,0,0.282355398,0.315414727,15.9304171,1.40899992,0,,,0,1
59346738,0.800000012,1,,,0.0322344303,0,0.282355398,0.315414727,15.9258718,1.40899992,0,,,0,1
59347866,0.800000012,1,,,0.0322344303,0,0.282355398,0.315414727,15.9304171,1.41100001,0,,,0,1
59348992,0.800000012,1,,,0.0322344303,0,0.282355398,0.315414727,15.9304171,1.41100001,0,,,0,1
59350120,0.800000012,1,,,0.0241758227,0,0.282355398,0.315414727,15.9258718,1.41400003,0,,,0,1
59351246,0.800000012,1,,,0.0241758227,0,0.282355398,0.315414727,15.9258718,1.41400003,0,,,0,1
59352374,0.800000012,1,,,0.0322344303,0,0.282355398,0.315414727,15.9304171,1.41600001,0,,,0,1
59353500,0.800000012,1,,,0.0241758227,0,0.282355398,0.315414727,15.9258718,1.41600001,0,,,0,1
59354832,0.800000012,1,,,0.0322344303,0,0.282355398,0.315414727,15.9258718,1.41799998,0,,,0,1
59355958,0.800000012,1,,,0.0322344303,0,0.282355398,0.315414727,15.9304171,1.41799998,0,,,0,1
59357086,0.800000012,1,,,0.0241758227,0,0.282355398,0.315414727,15.9258718,1.421,0,,,0,1
59358216,0.800000012,1,,,0.0241758227,0,0.282355398,0.315414727,15.9213276,1.421,0,,,0,1
59359345,0.800000012,1,,,0.0322344303,0,0.282355398,0.315414727,15.9258718,1.4230001,0,,,0,1
59360470,0.800000012,1,,,0.0322344303,0,0.282355398,0.315414727,15.9304171,1.4230001,0,,,0,1
59361598,0.800000012,1,,,0.0322344303,0,0.282355398,0.315414727,15.9258718,1.42499995,0,,,0,1
59362723,0.800000012,1,,,0.0241758227,0,0.282355398,0.315414727,15.9258718,1.42499995,0,,,0,1
59363852,0.800000012,1,,,0.0322344303,0,0.282355398,0.315414727,15.9304171,1.42700005,0,,,0,1
59364977,0.800000012,1,,,0.0322344303,0,0.282355398,0.315414727,15.9258718,1.42700005,0,,,0,1
59366105,0.800000012,1,,,0.0322344303,0,0.282355398,0.315414727,15.9258718,1.42999995,0,,,0,1
59367231,0.800000012,1,,,0.0322344303,0,0.282355398,0.315414727,15.9167824,1.42999995,0,,,0,1
59368359,0.800000012,1,,,0.0322344303,0,0.282355398,0.315414727,15.9213276,1.43200004,0,,,0,1
59369489,0.800000012,1,,,0.0322344303,0,0.282355398,0.315414727,15.9304171,1.43200004,0,,,0,1
59370618,0.800000012,1,,,0.0322344303,0,0.282355398,0.315414727,15.9304171,1.43400002,0,,,0,1
59371744,0.800000012,1,,,0.0322344303,0,0.282355398,0.315414727,15.9258718,1.43400002,0,,,0,1
59372872,0.800000012,1,,,0.0241758227,0,0.282355398,0.315414727,15.9258718,1.43599999,0,,,0,1
59373997,0.800000012,1,,,0.0322344303,0,0.282355398,0.315414727,15.9258718,1.43599999,0,,,0,1
59375125,0.800000012,1,,,0.0241758227,0,0.282355398,0.315414727,15.9258718,1.43900001,0,,,0,1
59376455,0.800000012,1,,,0.0322344303,0,0.282355398,0.315414727,15.9304171,1.43900001,0,,,0,1
59377583,0.800000012,1,,,0.0241758227,0,0.282355398,0.315414727,15.9258718,1.44099998,0,,,0,1
59378709,0.800000012,1,,,0.0322344303,0,0.282355398,0.315414727,15.9258718,1.44099998,0,,,0,1
59379842,0.800000012,0.571428597,,,0.0322344303,0.0241758227,0.282355398,0.315414727,15.9258718,1.44300008,0,,,0,1
59380967,0.800000012,1,,,0.0241758227,0,0.282355398,0.315414727,15.9258718,1.44300008,0,,,0,1
59382095,0.800000012,1,,,0.0241758227,0,0.282355398,0.315414727,15.9258718,1.44599998,0,,,0,1
59383221,0.800000012,1,,,0.0241758227,0,0.282355398,0.315414727,15.9304171,1.44599998,0,,,0,1
59384349,0.800000012,1,,,0.0322344303,0,0.282355398,0.315414727,15.9304171,1.44799995,0,,,0,1
59385474,0.800000012,1,,,0.0322344303,0,0.282355398,0.315414727,15.9258718,1.44799995,0,,,0,1
59386603,0.800000012,1,,,0.0241758227,0,0.282355398,0.315414727,15.9258718,1.44999993,0,,,0,1
59387728,0.800000012,1,,,0.0322344303,0,0.282355398,0.315414727,15.9258718,1.44999993,0,,,0,1
59388856,0.800000012,1,,,0.0241758227,0,0.282355398,0.315414727,15.9258718,1.45200002,0,,,0,1
59389982,0.800000012,1,,,0.0241758227,0,0.282355398,0.315414727,15.9258718,1.45200002,0,,,0,1
59391115,0.800000012,1,,,0.0322344303,0,0.282355398,0.315414727,15.9258718,1.45500004,0,,,0,1
59392240,0.800000012,1,,,0.0322344303,0,0.282355398,0.315414727,15.9304171,1.45500004,0,,,0,1
59393369,0.800000012,1,,,0.0322344303,0,0.282355398,0.315414727,15.9213276,1.45700002,0,,,0,1
59394494,0.800000012,1,,,0.0322344303,0,0.282355398,0.315414727,15.9304171,1.45700002,0,,,0,1
59395622,0.800000012,1,,,0.0241758227,0,0.282355398,0.315414727,15.9258718,1.45899999,0,,,0,1
59396952,0.800000012,1,,,0.0402930379,0,0.282355398,0.315414727,15.9258718,1.45899999,0,,,0,1
59398080,0.800000012,1,,,0.0322344303,0,0.282355398,0.315414727,15.9258718,1.46200001,0,,,0,1
59399206,0.800000012,1,,,0.0322344303,0,0.282355398,0.315414727,15.9258718,1.46200001,0,,,0,1
59400334,0.800000012,1,,,0.0322344303,0,0.282355398,0.315414727,15.9304171,1.46399999,0,,,0,1
59401460,0.800000012,1,,,0.0322344303,0,0.282355398,0.315414727,15.9304171,1.46399999,0,,,0,1
59402593,0.800000012,1,,,0.0322344303,0,0.282355398,0.315414727,15.9258718,1.46599996,0,,,0,1
59403718,0.800000012,1,,,0.0241758227,0,0.282355398,0.315414727,15.9213276,1.46599996,0,,,0,1
59404846,0.800000012,1,,,0.0241758227,0,0.282355398,0.315414727,15.9258718,1.46799994,0,,,0,1
59405972,0.800000012,1,,,0.0322344303,0,0.282355398,0.315414727,15.9258718,1.46799994,0,,,0,1
59407100,0.800000012,1,,,0.0322344303,0,0.282355398,0.315414727,15.9258718,1.47099996,0,,,0,1
59408225,0.800000012,1,,,0.0241758227,0,0.282355398,0.315414727,15.9213276,1.47099996,0,,,0,1
59409354,0.800000012,1,,,0.0322344303,0,0.282355398,0.315414727,15.9258718,1.47300005,0,,,0,1
59410479,0.800000012,1,,,0.0322344303,0,0.282355398,0.315414727,15.9258718,1.47300005,0,,,0,1
59411607,0.800000012,1,,,0.0322344303,0,0.282355398,0.315414727,15.9258718,1.47500002,0,,,0,1
59412733,0.800000012,1,,,0.0241758227,0,0.282355398,0.315414727,15.9213276,1.47500002,0,,,0,1
59413866,0.800000012,1,,,0.0241758227,0,0.282355398,0.315414727,15.9258718,1.477,0,,,0,1
59414991,0.800000012,1,,,0.0322344303,0,0.282355398,0.315414727,15.9258718,1.477,0,,,0,1
59416119,0.800000012,1,,,0.0241758227,0,0.282355398,0.315414727,15.9258718,1.48000002,0,,,0,1
59417245,0.800000012,1,,,0.0241758227,0,0.282355398,0.315414727,15.9213276,1.48000002,0,,,0,1
59418578,0.800000012,1,,,0.0322344303,0,0.282355398,0.315414727,15.9258718,1.48199999,0,,,0,1
59419703,0.800000012,1,,,0.0322344303,0,0.282355398,0.315414727,15.9258718,1.48199999,0,,,0,1
59420832,0.800000012,1,,,0.0322344303,0,0.282355398,0.315414727,15.9258718,1.48399997,0,,,0,1
59421957,0.800000012,1,,,0.0322344303,0,0.282355398,0.315414727,15.9258718,1.48399997,0,,,0,1
59423086,0.800000012,1,,,0.0322344303,0,0.282355398,0.315414727,15.9304171,1.48699999,0,,,0,1
59424211,0.800000012,1,,,0.0241758227,0,0.282355398,0.315414727,15.9213276,1.48699999,0,,,0,1
59425344,0.800000012,1,,,0.0402930379,0,0.282355398,0.315414727,15.9258718,1.48899996,0,,,0,1
59426469,0.800000012,1,,,0.0322344303,0,0.282355398,0.315414727,15.9258718,1.48899996,0,,,0,1
59427598,0.800000012,1,,,0.0322344303,0,0.282355398,0.315414727,15.9258718,1.49100006,0,,,0,1
59428723,0.800000012,1,,,0.0241758227,0,0.282355398,0.315414727,15.9258718,1.49100006,0,,,0,1
59429851,0.800000012,1,,,0.0241758227,0,0.282355398,0.315414727,15.9258718,1.49300003,0,,,0,1
59430977,0.800000012,1,,,0.0322344303,0,0.282355398,0.315414727,15.9304171,1.49300003,0,,,0,1
59432105,0.800000012,1,,,0.0322344303,0,0.282355398,0.315414727,15.9258718,1.49600005,0,,,0,1
59433231,0.800000012,1,,,0.0241758227,0,0.282355398,0.315414727,15.9258718,1.49600005,0,,,0,1
59434360,0.800000012,1,,,0.0241758227,0,0.282355398,0.315414727,15.9258718,1.49799991,0,,,0,1
59435485,0.800000012,1,,,0.0241758227,0,0.282355398,0.315414727,15.9258718,1.49799991,0,,,0,1
59436624,0.800000012,1,,,0.0241758227,0,0.282355398,0.315414727,15.9213276,1.5,0,,,0,1
59437749,0.800000012,1,,,0.0241758227,0,0.282355398,0.315414727,15.9258718,1.5,0,,,0,1
59439082,0.800000012,1,,,0.0241758227,0,0.282355398,0.315414727,15.9258718,1.50300002,0,,,0,1
59440208,0.800000012,1,,,0.0241758227,0,0.282355398,0.315414727,15.9304171,1.50300002,0,,,0,1
59441336,0.800000012,1,,,0.0241758227,0,0.282355398,0.315414727,15.9213276,1.505,0,,,0,1
59442462,0.800000012,1,,,0.0402930379,0,0.282355398,0.315414727,15.9258718,1.505,0,,,0,1
59443590,0.800000012,1,,,0.0241758227,0,0.282355398,0.315414727,15.9258718,1.50699997,0,,,0,1
59444716,0.800000012,1,,,0.0241758227,0,0.282355398,0.315414727,15.9258718,1.50699997,0,,,0,1
59445845,0.800000012,1,,,0.0241758227,0,0.282355398,0.315414727,15.9258718,1.50900006,0,,,0,1
59446970,0.800000012,1,,,0.0241758227,0,0.282355398,0.315414727,15.9258718,1.50900006,0,,,0,1
59448103,0.800000012,1,,,0.0322344303,0,0.282355398,0.315414727,15.9258718,1.51200008,0,,,0,1
59449228,0.800000012,1,,,0.0322344303,0,0.282355398,0.315414727,15.9304171,1.51200008,0,,,0,1
59450357,0.800000012,1,,,0.0241758227,0,0.282355398,0.315414727,15.9258718,1.51400006,0,,,0,1
59451482,0.800000012,1,,,0.0241758227,0,0.282355398,0.315414727,15.9258718,1.51400006,0,,,0,1
59452611,0.800000012,1,,,0.0322344303,0,0.282355398,0.315414727,15.9258718,1.51599991,0,,,0,1
59453736,0.800000012,1,,,0.0322344303,0,0.282355398,0.315414727,15.9258718,1.51599991,0,,,0,1
59454865,0.800000012,1,,,0.0402930379,0,0.282355398,0.315414727,15.9258718,1.51799989,0,,,0,1
59455990,0.800000012,1,,,0.0241758227,0,0.282355398,0.315414727,15.9258718,1.51799989,0,,,0,1
59457119,0.800000012,1,,,0.0241758227,0,0.282355398,0.315414727,15.9258718,1.52100015,0,,,0,1
59458249,0.800000012,1,,,0.0241758227,0,0.282355398,0.315414727,15.9258718,1.52100015,0,,,0,1
59459377,0.800000012,1,,,0.0322344303,0,0.282355398,0.315414727,15.9258718,1.523,0,,,0,1
59460707,0.800000012,1,,,0.0402930379,0,0.282355398,0.315414727,15.9258718,1.523,0,,,0,1
59461835,0.800000012,1,,,0.0241758227,0,0.282355398,0.315414727,15.9258718,1.52499998,0,,,0,1
59462960,0.800000012,1,,,0.0322344303,0,0.282355398,0.315414727,15.9258718,1.52499998,0,,,0,1
59464089,0.800000012,1,,,0.0241758227,0,0.282355398,0.315414727,15.9258718,1.52799988,0,,,0,1
59465214,0.800000012,1,,,0.0241758227,0,0.282355398,0.315414727,15.9258718,1.52799988,0,,,0,1
59466342,0.800000012,1,,,0.0241758227,0,0.282355398,0.315414727,15.9304171,1.52999997,0,,,0,1
59467468,0.800000012,1,,,0.0402930379,0,0.282355398,0.315414727,15.9258718,1.52999997,0,,,0,1
59468596,0.800000012,1,,,0.0322344303,0,0.282355398,0.315414727,15.9258718,1.53200006,0,,,0,1
59469727,0.800000012,1,,,0.0322344303,0,0.282355398,0.315414727,15.9258718,1.53200006,0,,,0,1
59470855,0.800000012,1,,,0.0241758227,0,0.282355398,0.315414727,15.9258718,1.53400004,0,,,0,1
59471981,0.800000012,1,,,0.0402930379,0,0.282355398,0.315414727,15.9258718,1.53400004,0,,,0,1
59473109,0.800000012,1,,,0.0322344303,0,0.282355398,0.315414727,15.9258718,1.53699994,0,,,0,1
59474235,0.800000012,1,,,0.0322344303,0,0.282355398,0.315414727,15.9213276,1.53699994,0,,,0,1
59475364,0.800000012,1,,,0.0322344303,0,0.282355398,0.315414727,15.9258718,1.53900003,0,,,0,1
59476489,0.800000012,1,,,0.0241758227,0,0.282355398,0.315414727,15.9258718,1.53900003,0,,,0,1
59477617,0.800000012,1,,,0.0241758227,0,0.282355398,0.315414727,15.9304171,1.54100013,0,,,0,1
59478743,0.800000012,1,,,0.0241758227,0,0.282355398,0.315414727,15.9258718,1.54100013,0,,,0,1
59479871,0.800000012,1,,,0.0402930379,0,0.282355398,0.315414727,15.9304171,1.54299998,0,,,0,1
59481206,0.800000012,1,,,0.0161172152,0,0.282355398,0.315414727,15.9213276,1.54299998,0,,,0,1
59482334,0.800000012,1,,,0.0241758227,0,0.282355398,0.315414727,15.9304171,1.546,0,,,0,1
59483459,0.800000012,1,,,0.0241758227,0,0.282355398,0.315414727,15.9258718,1.546,0,,,0,1
59484588,0.800000012,1,,,0.0322344303,0,0.282355398,0.315414727,15.9258718,1.54799986,0,,,0,1
59485713,0.800000012,1,,,0.0241758227,0,0.282355398,0.315414727,15.9258718,1.54799986,0,,,0,1
59486841,0.800000012,1,,,0.0241758227,0,0.282355398,0.315414727,15.9258718,1.54999995,0,,,0,1
59487967,0.800000012,1,,,0.0402930379,0,0.282355398,0.315414727,15.9304171,1.54999995,0,,,0,1
59489095,0.800000012,1,,,0.0402930379,0,0.282355398,0.315414727,15.9304171,1.55299997,0,,,0,1
59490220,0.800000012,1,,,0.0241758227,0,0.282355398,0.315414727,15.9213276,1.55299997,0,,,0,1
59491349,0.800000012,1,,,0.0322344303,0,0.282355398,0.315414727,15.9258718,1.55499995,0,,,0,1
59492479,0.800000012,1,,,0.0241758227,0,0.282355398,0.315414727,15.9258718,1.55499995,0,,,0,1
59493607,0.800000012,1,,,0.0322344303,0,0.282355398,0.315414727,15.9258718,1.55699992,0,,,0,1
59494733,0.800000012,1,,,0.0241758227,0,0.282355398,0.315414727,15.9258718,1.55699992,0,,,0,1
59495861,0.800000012,1,,,0.0402930379,0,0.282355398,0.315414727,15.9258718,1.55900002,0,,,0,1
59496986,0.800000012,1,,,0.0322344303,0,0.282355398,0.315414727,15.9258718,1.55900002,0,,,0,1
59498115,0.800000012,1,,,0.0241758227,0,0.282355398,0.315414727,15.9258718,1.56200004,0,,,0,1
59499240,0.800000012,1,,,0.0322344303,0,0.282355398,0.315414727,15.9349623,1.56200004,0,,,0,1
59500368,0.800000012,1,,,0.0322344303,0,0.282355398,0.315414727,15.9258718,1.56400001,0,,,0,1
59501494,0.800000012,1,,,0.0241758227,0,0.282355398,0.315414727,15.9258718,1.56400001,0,,,0,1
59502826,0.800000012,1,,,0.0241758227,0,0.282355398,0.315414727,15.9258718,1.56599998,0,,,0,1
59503956,0.800000012,1,,,0.0402930379,0,0.282355398,0.315414727,15.9258718,1.56599998,0,,,0,1
59505085,0.800000012,1,,,0.0322344303,0,0.282355398,0.315414727,15.9258718,1.56900001,0,,,0,1
59506210,0.800000012,1,,,0.0322344303,0,0.282355398,0.315414727,15.9213276,1.56900001,0,,,0,1
59507338,0.800000012,1,,,0.0241758227,0,0.282355398,0.315414727,15.9258718,1.5710001,0,,,0,1
59508463,0.800000012,1,,,0.0322344303,0,0.282355398,0.315414727,15.9304171,1.5710001,0,,,0,1
59509592,0.800000012,1,,,0.0322344303,0,0.282355398,0.315414727,15.9258718,1.57300007,0,,,0,1
59510717,0.800000012,1,,,0.0241758227,0,0.282355398,0.315414727,15.9304171,1.57300007,0,,,0,1
59511845,0.800000012,1,,,0.0322344303,0,0.282355398,0.315414727,15.9258718,1.57499993,0,,,0,1
59512971,0.800000012,1,,,0.0322344303,0,0.282355398,0.315414727,15.9304171,1.57499993,0,,,0,1
59514099,0.800000012,1,,,0.0241758227,0,0.282355398,0.315414727,15.9258718,1.57800007,0,,,0,1
59515230,0.800000012,1,,,0.0322344303,0,0.282355398,0.315414727,15.9304171,1.57800007,0,,,0,1
59516358,0.800000012,1,,,0.0322344303,0,0.282355398,0.315414727,15.9258718,1.57999992,0,,,0,1
59517483,0.800000012,1,,,0.0322344303,0,0.282355398,0.315414727,15.9258718,1.57999992,0,,,0,1
59518612,0.800000012,1,,,0.0322344303,0,0.282355398,0.315414727,15.9258718,1.58200002,0,,,0,1
59519737,0.800000012,1,,,0.0322344303,0,0.282355398,0.315414727,15.9258718,1.58200002,0,,,0,1
59520865,0.800000012,1,,,0.0241758227,0,0.282355398,0.315414727,15.9258718,1.58399999,0,,,0,1
59521991,0.800000012,1,,,0.0322344303,0,0.282355398,0.315414727,15.9258718,1.58399999,0,,,0,1
59523324,0.800000012,1,,,0.0322344303,0,0.282355398,0.315414727,15.9258718,1.58699989,0,,,0,1
59524449,0.800000012,1,,,0.0322344303,0,0.282355398,0.315414727,15.9258718,1.58699989,0,,,0,1
59525582,0.800000012,1,,,0.0322344303,0,0.282355398,0.315414727,15.9258718,1.58899999,0,,,0,1
59526707,0.800000012,1,,,0.0322344303,0,0.282355398,0.315414727,15.9258718,1.58899999,0,,,0,1
59527835,0.800000012,1,,,0.0322344303,0,0.282355398,0.315414727,15.9258718,1.59100008,0,,,0,1
59528961,0.800000012,1,,,0.0241758227,0,0.282355398,0.315414727,15.9258718,1.59100008,0,,,0,1
59530089,0.800000012,1,,,0.0322344303,0,0.282355398,0.315414727,15.9258718,1.59399998,0,,,0,1
59531214,0.800000012,1,,,0.0241758227,0,0.282355398,0.315414727,15.9258718,1.59399998,0,,,0,1
59532343,0.800000012,1,,,0.0241758227,0,0.282355398,0.315414727,15.9258718,1.59599996,0,,,0,1
59533468,0.800000012,1,,,0.0322344303,0,0.282355398,0.315414727,15.9258718,1.59599996,0,,,0,1
59534596,0.800000012,1,,,0.0241758227,0,0.282355398,0.315414727,15.9258718,1.59800005,0,,,0,1
59535722,0.800000012,1,,,0.0322344303,0,0.282355398,0.315414727,15.9304171,1.59800005,0,,,0,1
59536855,0.800000012,1,,,0.0322344303,0,0.282355398,0.315414727,15.9304171,1.60000014,0,,,0,1
59537981,0.800000012,1,,,0.0241758227,0,0.282355398,0.315414727,15.9258718,1.60000014,0,,,0,1
59539109,0.800000012,1,,,0.0241758227,0,0.282355398,0.315414727,15.9258718,1.60300004,0,,,0,1
59540234,0.800000012,1,,,0.0322344303,0,0.282355398,0.315414727,15.9213276,1.60300004,0,,,0,1
59541363,0.800000012,1,,,0.0402930379,0,0.282355398,0.315414727,15.9258718,1.60500002,0,,,0,1
59542488,0.800000012,1,,,0.0241758227,0,0.282355398,0.315414727,15.9258718,1.60500002,0,,,0,1
59543821,0.800000012,1,,,0.0322344303,0,0.282355398,0.315414727,15.9304171,1.60699987,0,,,0,1
59544946,0.800000012,1,,,0.0241758227,0,0.282355398,0.315414727,15.9258718,1.60699987,0,,,0,1
59546075,0.800000012,1,,,0.0322344303,0,0.282355398,0.315414727,15.9258718,1.61000013,0,,,0,1
59547200,0.800000012,1,,,0.0322344303,0,0.282355398,0.315414727,15.9258718,1.61000013,0,,,0,1
59548333,0.800000012,1,,,0.0241758227,0,0.282355398,0.315414727,15.9304171,1.61199999,0,,,0,1
59549459,0.800000012,1,,,0.0241758227,0,0.282355398,0.315414727,15.9258718,1.61199999,0,,,0,1
59550587,0.800000012,1,,,0.0322344303,0,0.282355398,0.315414727,15.9258718,1.61399996,0,,,0,1
59551713,0.800000012,1,,,0.0241758227,0,0.282355398,0.315414727,15.9258718,1.61399996,0,,,0,1
59552842,0.800000012,0.833333313,,,0.0402930379,0.00805860758,0.282355398,0.315414727,15.9258718,1.61599994,0,,,0,1
59553967,0.800000012,1,,,0.0322344303,0,0.282355398,0.315414727,15.9258718,1.61599994,0,,,0,1
59555096,0.800000012,1,,,0.0322344303,0,0.282355398,0.315414727,15.9258718,1.61899996,0,,,0,1
59556221,0.800000012,1,,,0.0241758227,0,0.282355398,0.315414727,15.9304171,1.61899996,0,,,0,1
59557350,0.800000012,1,,,0.0241758227,0,0.282355398,0.315414727,15.9304171,1.62100005,0,,,0,1
59558475,0.800000012,1,,,0.0402930379,0,0.282355398,0.315414727,15.9258718,1.62100005,0,,,0,1
59559608,0.800000012,1,,,0.0322344303,0,0.282355398,0.315414727,15.9258718,1.62300003,0,,,0,1
59560734,0.800000012,0.800000012,,,0.0322344303,0.00805860758,0.282355398,0.315414727,15.9304171,1.62300003,0,,,0,1
59561862,0.800000012,1,,,0.0402930379,0,0.282355398,0.315414727,15.9258718,1.625,0,,,0,1
59562988,0.800000012,1,,,0.0322344303,0,0.282355398,0.315414727,15.9258718,1.625,0,,,0,1
59564116,0.800000012,1,,,0.0322344303,0,0.282355398,0.315414727,15.9258718,1.62800002,0,,,0,1
59565446,0.800000012,1,,,0.0241758227,0,0.282355398,0.315414727,15.9258718,1.62800002,0,,,0,1
59566574,0.800000012,1,,,0.0322344303,0,0.282355398,0.315414727,15.9258718,1.63000011,0,,,0,1
59567699,0.800000012,1,,,0.0322344303,0,0.282355398,0.315414727,15.9258718,1.63000011,0,,,0,1
59568828,0.800000012,1,,,0.0322344303,0,0.282355398,0.315414727,15.9258718,1.63200009,0,,,0,1
59569953,0.800000012,1,,,0.0322344303,0,0.282355398,0.315414727,15.9258718,1.63200009,0,,,0,1
59571087,0.800000012,1,,,0.0322344303,0,0.282355398,0.315414727,15.9213276,1.63499999,0,,,0,1
59572212,0.800000012,1,,,0.0322344303,0,0.282355398,0.315414727,15.9258718,1.63499999,0,,,0,1
59573340,0.800000012,0.800000012,,,0.0322344303,0.00805860758,0.282355398,0.315414727,15.9258718,1.63700008,0,,,0,1
59574466,0.800000012,1,,,0.0241758227,0,0.282355398,0.315414727,15.9258718,1.63700008,0,,,0,1
59575594,0.800000012,1,,,0.0322344303,0,0.282355398,0.315414727,15.9213276,1.63899994,0,,,0,1
59576719,0.800000012,1,,,0.0322344303,0,0.282355398,0.315414727,15.9258718,1.63899994,0,,,0,1
59577848,0.800000012,1,,,0.0241758227,0,0.282355398,0.315414727,15.9258718,1.64100003,0,,,0,1
59578973,0.800000012,1,,,0.0402930379,0,0.282355398,0.315414727,15.9258718,1.64100003,0,,,0,1
59580101,0.800000012,1,,,0.0322344303,0,0.282355398,0.315414727,15.9258718,1.64399993,0,,,0,1
59581227,0.800000012,1,,,0.0322344303,0,0.282355398,0.315414727,15.9213276,1.64399993,0,,,0,1
59582360,0.800000012,1,,,0.0322344303,0,0.282355398,0.315414727,15.9213276,1.64599991,0,,,0,1
59583485,0.800000012,1,,,0.0322344303,0,0.282355398,0.315414727,15.9258718,1.64599991,0,,,0,1
59584614,0.800000012,1,,,0.0322344303,0,0.282355398,0.315414727,15.9304171,1.648,0,,,0,1
59585944,0.800000012,1,,,0.0322344303,0,0.282355398,0.315414727,15.9258718,1.648,0,,,0,1
59587072,0.800000012,1,,,0.0322344303,0,0.282355398,0.315414727,15.9258718,1.65100002,0,,,0,1
59588197,0.800000012,1,,,0.0241758227,0,0.282355398,0.315414727,15.9213276,1.65100002,0,,,0,1
59589326,0.800000012,1,,,0.0322344303,0,0.282355398,0.315414727,15.9304171,1.653,0,,,0,1
59590451,0.800000012,1,,,0.0322344303,0,0.282355398,0.315414727,15.9258718,1.653,0,,,0,1
59591579,0.800000012,1,,,0.0322344303,0,0.282355398,0.315414727,15.9258718,1.65499997,0,,,0,1
59592705,0.800000012,1,,,0.0322344303,0,0.282355398,0.315414727,15.9258718,1.65499997,0,,,0,1
59593838,0.800000012,1,,,0.0241758227,0,0.282355398,0.315414727,15.9258718,1.65700006,0,,,0,1
59594963,0.800000012,1,,,0.0322344303,0,0.282355398,0.315414727,15.9258718,1.65700006,0,,,0,1
59596091,0.800000012,1,,,0.0402930379,0,0.282355398,0.315414727,15.9258718,1.66000009,0,,,0,1
59597217,0.800000012,1,,,0.0241758227,0,0.282355398,0.315414727,15.9213276,1.66000009,0,,,0,1
59598345,0.800000012,1,,,0.0241758227,0,0.282355398,0.315414727,15.9258718,1.66200006,0,,,0,1
59599470,0.800000012,1,,,0.0322344303,0,0.282355398,0.315414727,15.9258718,1.66200006,0,,,0,1
59600599,0.800000012,1,,,0.0322344303,0,0.282355398,0.315414727,15.9258718,1.66399992,0,,,0,1
59601724,0.800000012,1,,,0.0241758227,0,0.282355398,0.315414727,15.9213276,1.66399992,0,,,0,1
59602852,0.800000012,1,,,0.0322344303,0,0.282355398,0.315414727,15.9213276,1.66599989,0,,,0,1
59603983,0.800000012,1,,,0.0241758227,0,0.282355398,0.315414727,15.9258718,1.66599989,0,,,0,1
59605111,0.800000012,1,,,0.0322344303,0,0.282355398,0.315414727,15.9258718,1.66900015,0,,,0,1
59606237,0.800000012,1,,,0.0322344303,0,0.282355398,0.315414727,15.9213276,1.66900015,0,,,0,1
59607569,0.800000012,1,,,0.0322344303,0,0.282355398,0.315414727,15.9258718,1.671,0,,,0,1
59608694,0.800000012,1,,,0.0322344303,0,0.282355398,0.315414727,15.9258718,1.671,0,,,0,1
59609823,0.800000012,1,,,0.0322344303,0,0.282355398,0.315414727,15.9304171,1.67299998,0,,,0,1
59610948,0.800000012,1,,,0.0322344303,0,0.282355398,0.315414727,15.9258718,1.67299998,0,,,0,1
59612076,0.800000012,1,,,0.0402930379,0,0.282355398,0.315414727,15.9258718,1.67599988,0,,,0,1
59613202,0.800000012,1,,,0.0241758227,0,0.282355398,0.315414727,15.9213276,1.67599988,0,,,0,1
59614330,0.800000012,1,,,0.0322344303,0,0.282355398,0.315414727,15.9304171,1.67799997,0,,,0,1
59615460,0.800000012,1,,,0.0322344303,0,0.282355398,0.315414727,15.9258718,1.67799997,0,,,0,1
59616589,0.800000012,1,,,0.0241758227,0,0.282355398,0.315414727,15.9258718,1.68000007,0,,,0,1
59617714,0.800000012,1,,,0.0322344303,0,0.282355398,0.315414727,15.9258718,1.68000007,0,,,0,1
59618842,0.800000012,0.444444448,,,0.0322344303,0.0402930379,0.282355398,0.315414727,15.9258718,1.68200004,0,,,0,1
59619968,0.800000012,1,,,0.0322344303,0,0.282355398,0.315414727,15.9304171,1.68200004,0,,,0,1
59621096,0.800000012,1,,,0.0241758227,0,0.282355398,0.315414727,15.9258718,1.68499994,0,,,0,1
59622221,0.800000012,1,,,0.0322344303,0,0.282355398,0.315414727,15.9213276,1.68499994,0,,,0,1
59623350,0.800000012,1,,,0.0322344303,0,0.282355398,0.315414727,15.9258718,1.68700004,0,,,0,1
59624475,0.800000012,1,,,0.0322344303,0,0.282355398,0.315414727,15.9258718,1.68700004,0,,,0,1
59625603,0.800000012,1,,,0.0322344303,0,0.282355398,0.315414727,15.9304171,1.68900013,0,,,0,1
59626734,0.800000012,1,,,0.0322344303,0,0.282355398,0.315414727,15.9258718,1.68900013,0,,,0,1
59628066,0.800000012,1,,,0.0402930379,0,0.282355398,0.315414727,15.9258718,1.69200003,0,,,0,1
59629191,0.800000012,1,,,0.0402930379,0,0.282355398,0.315414727,15.9258718,1.69200003,0,,,0,1
59630320,0.800000012,1,,,0.0322344303,0,0.282355398,0.315414727,15.9258718,1.69400001,0,,,0,1
59631445,0.800000012,1,,,0.0402930379,0,0.282355398,0.315414727,15.9258718,1.69400001,0,,,0,1
59632573,0.800000012,0.5,,,0.0241758227,0.0241758227,0.282355398,0.315414727,15.9258718,1.69599986,0,,,0,1
59633699,0.800000012,1,,,0.0322344303,0,0.282355398,0.315414727,15.9258718,1.69599986,0,,,0,1
59634827,0.800000012,1,,,0.0322344303,0,0.282355398,0.315414727,15.9258718,1.69799995,0,,,0,1
59635953,0.800000012,1,,,0.0322344303,0,0.282355398,0.315414727,15.9258718,1.69799995,0,,,0,1
59637082,0.800000012,1,,,0.0322344303,0,0.282355398,0.315414727,15.9258718,1.70099998,0,,,0,1
59638212,0.800000012,1,,,0.0322344303,0,0.282355398,0.315414727,15.9304171,1.70099998,0,,,0,1
59639340,0.800000012,1,,,0.0241758227,0,0.282355398,0.315414727,15.9258718,1.70299995,0,,,0,1
59640466,0.800000012,1,,,0.0322344303,0,0.282355398,0.315414727,15.9258718,1.70299995,0,,,0,1
59641594,0.800000012,1,,,0.0241758227,0,0.282355398,0.315414727,15.9213276,1.70499992,0,,,0,1
59642719,0.800000012,1,,,0.0322344303,0,0.282355398,0.315414727,15.9258718,1.70499992,0,,,0,1
59643847,0.800000012,1,,,0.0402930379,0,0.282355398,0.315414727,15.9258718,1.70700002,0,,,0,1
59644973,0.800000012,1,,,0.0402930379,0,0.282355398,0.315414727,15.9258718,1.70700002,0,,,0,1
59646101,0.800000012,1,,,0.0402930379,0,0.282355398,0.315414727,15.9258718,1.71000004,0,,,0,1
59647226,0.800000012,1,,,0.0322344303,0,0.282355398,0.315414727,15.9213276,1.71000004,0,,,0,1
59648355,0.800000012,1,,,0.0322344303,0,0.282355398,0.315414727,15.9258718,1.71200001,0,,,0,1
59649689,0.800000012,1,,,0.0241758227,0,0.282355398,0.315414727,15.9258718,1.71200001,0,,,0,1
59650818,0.800000012,1,,,0.0322344303,0,0.282355398,0.315414727,15.9258718,1.71399999,0,,,0,1
59651943,0.800000012,1,,,0.0322344303,0,0.282355398,0.315414727,15.9213276,1.71399999,0,,,0,1
59653072,0.800000012,1,,,0.0322344303,0,0.282355398,0.315414727,15.9258718,1.71700001,0,,,0,1
59654197,0.800000012,1,,,0.0402930379,0,0.282355398,0.315414727,15.9213276,1.71700001,0,,,0,1
59655326,0.800000012,1,,,0.0322344303,0,0.282355398,0.315414727,15.9258718,1.7190001,0,,,0,1
59656451,0.800000012,1,,,0.0322344303,0,0.282355398,0.315414727,15.9258718,1.7190001,0,,,0,1
59657580,0.800000012,1,,,0.0402930379,0,0.282355398,0.315414727,15.9258718,1.72100008,0,,,0,1
59658706,0.800000012,1,,,0.0483516455,0,0.282355398,0.315414727,15.9258718,1.72100008,0,,,0,1
59659834,0.800000012,1,,,0.0241758227,0,0.282355398,0.315414727,15.9258718,1.72299993,0,,,0,1
59660964,0.800000012,1,,,0.0322344303,0,0.282355398,0.315414727,15.9258718,1.72299993,0,,,0,1
59662093,0.800000012,1,,,0.0241758227,0,0.282355398,0.315414727,15.9304171,1.72600007,0,,,0,1
59663219,0.800000012,1,,,0.0322344303,0,0.282355398,0.315414727,15.9304171,1.72600007,0,,,0,1
59664347,0.800000012,1,,,0.0322344303,0,0.282355398,0.315414727,15.9258718,1.72799993,0,,,0,1
59665473,0.800000012,1,,,0.0322344303,0,0.282355398,0.315414727,15.9213276,1.72799993,0,,,0,1
59666601,0.800000012,1,,,0.0322344303,0,0.282355398,0.315414727,15.9258718,1.73000002,0,,,0,1
59667727,0.800000012,1,,,0.0322344303,0,0.282355398,0.315414727,15.9304171,1.73000002,0,,,0,1
59668855,0.800000012,1,,,0.0241758227,0,0.282355398,0.315414727,15.9258718,1.73199999,0,,,0,1
59670185,0.800000012,1,,,0.0322344303,0,0.282355398,0.315414727,15.9258718,1.73199999,0,,,0,1
59671318,0.800000012,1,,,0.0322344303,0,0.282355398,0.315414727,15.9258718,1.7349999,0,,,0,1
59672443,0.800000012,1,,,0.0241758227,0,0.282355398,0.315414727,15.9258718,1.7349999,0,,,0,1
59673571,0.800000012,1,,,0.0322344303,0,0.282355398,0.315414727,15.9258718,1.73699999,0,,,0,1
59674697,0.800000012,1,,,0.0241758227,0,0.282355398,0.315414727,15.9213276,1.73699999,0,,,0,1
59675825,0.800000012,1,,,0.0322344303,0,0.282355398,0.315414727,15.9258718,1.73900008,0,,,0,1
59676950,0.800000012,1,,,0.0322344303,0,0.282355398,0.315414727,15.9258718,1.73900008,0,,,0,1
59678079,0.800000012,1,,,0.0241758227,0,0.282355398,0.315414727,15.9213276,1.74199998,0,,,0,1
59679204,0.800000012,1,,,0.0322344303,0,0.282355398,0.315414727,15.9304171,1.74199998,0,,,0,1
59680332,0.800000012,1,,,0.0241758227,0,0.282355398,0.315414727,15.9258718,1.74399996,0,,,0,1
59681458,0.800000012,1,,,0.0241758227,0,0.282355398,0.315414727,15.9304171,1.74399996,0,,,0,1
59682591,0.800000012,1,,,0.0322344303,0,0.282355398,0.315414727,15.9258718,1.74600005,0,,,0,1
59683717,0.800000012,1,,,0.0402930379,0,0.282355398,0.315414727,15.9258718,1.74600005,0,,,0,1
59684845,0.800000012,1,,,0.0241758227,0,0.282355398,0.315414727,15.9258718,1.74800014,0,,,0,1
59685971,0.800000012,1,,,0.0241758227,0,0.282355398,0.315414727,15.9258718,1.74800014,0,,,0,1
59687099,0.800000012,1,,,0.0241758227,0,0.282355398,0.315414727,15.9258718,1.75100005,0,,,0,1
59688224,0.800000012,1,,,0.0322344303,0,0.282355398,0.315414727,15.9258718,1.75100005,0,,,0,1
59689353,0.800000012,1,,,0.0322344303,0,0.282355398,0.315414727,15.9258718,1.75300002,0,,,0,1
59690478,0.800000012,1,,,0.0322344303,0,0.282355398,0.315414727,15.9258718,1.75300002,0,,,0,1
59691810,0.800000012,1,,,0.0322344303,0,0.282355398,0.315414727,15.9258718,1.75499988,0,,,0,1
59692936,0.800000012,1,,,0.0322344303,0,0.282355398,0.315414727,15.9258718,1.75499988,0,,,0,1
59694069,0.800000012,1,,,0.0402930379,0,0.282355398,0.315414727,15.9258718,1.75800014,0,,,0,1
59695194,0.800000012,1,,,0.0322344303,0,0.282355398,0.315414727,15.9213276,1.75800014,0,,,0,1
59696323,0.800000012,1,,,0.0241758227,0,0.282355398,0.315414727,15.9258718,1.75999999,0,,,0,1
59697448,0.800000012,1,,,0.0241758227,0,0.282355398,0.315414727,15.9258718,1.75999999,0,,,0,1
59698576,0.800000012,1,,,0.0241758227,0,0.282355398,0.315414727,15.9213276,1.76199996,0,,,0,1
59699702,0.800000012,1,,,0.0322344303,0,0.282355398,0.315414727,15.9304171,1.76199996,0,,,0,1
59700830,0.800000012,1,,,0.0322344303,0,0.282355398,0.315414727,15.9258718,1.76399994,0,,,0,1
59701955,0.800000012,1,,,0.0322344303,0,0.282355398,0.315414727,15.9258718,1.76399994,0,,,0,1
59703084,0.800000012,1,,,0.0322344303,0,0.282355398,0.315414727,15.9304171,1.76699996,0,,,0,1
59704209,0.800000012,1,,,0.0322344303,0,0.282355398,0.315414727,15.9304171,1.76699996,0,,,0,1
59705342,0.800000012,1,,,0.0402930379,0,0.282355398,0.315414727,15.9304171,1.76900005,0,,,0,1
59706468,0.800000012,1,,,0.0322344303,0,0.282355398,0.315414727,15.9258718,1.76900005,0,,,0,1
59707596,0.800000012,1,,,0.0402930379,0,0.282355398,0.315414727,15.9258718,1.77100003,0,,,0,1
59708721,0.800000012,1,,,0.0322344303,0,0.282355398,0.315414727,15.9213276,1.77100003,0,,,0,1
59709850,0.800000012,1,,,0.0322344303,0,0.282355398,0.315414727,15.9258718,1.773,0,,,0,1
59710975,0.800000012,1,,,0.0241758227,0,0.282355398,0.315414727,15.9213276,1.773,0,,,0,1
59712307,0.800000012,1,,,0.0322344303,0,0.282355398,0.315414727,15.9258718,1.77600002,0,,,0,1
59713433,0.800000012,1,,,0.0402930379,0,0.282355398,0.315414727,15.9258718,1.77600002,0,,,0,1
59714562,0.800000012,1,,,0.0241758227,0,0.282355398,0.315414727,15.9258718,1.77800012,0,,,0,1
59715687,0.800000012,1,,,0.0322344303,0,0.282355398,0.315414727,15.9213276,1.77800012,0,,,0,1
59716820,0.800000012,1,,,0.0322344303,0,0.282355398,0.315414727,15.9258718,1.77999997,0,,,0,1
59717945,0.800000012,1,,,0.0241758227,0,0.282355398,0.315414727,15.9213276,1.77999997,0,,,0,1
59719074,0.800000012,1,,,0.0241758227,0,0.282355398,0.315414727,15.9213276,1.78299999,0,,,0,1
59720199,0.800000012,1,,,0.0322344303,0,0.282355398,0.315414727,15.9258718,1.78299999,0,,,0,1
59721327,0.800000012,1,,,0.0322344303,0,0.282355398,0.315414727,15.9258718,1.78500009,0,,,0,1
59722453,0.800000012,1,,,0.0322344303,0,0.282355398,0.315414727,15.9258718,1.78500009,0,,,0,1
59723581,0.800000012,1,,,0.0322344303,0,0.282355398,0.315414727,15.9258718,1.78699994,0,,,0,1
59724706,0.800000012,1,,,0.0322344303,0,0.282355398,0.315414727,15.9258718,1.78699994,0,,,0,1
59725834,0.800000012,1,,,0.0241758227,0,0.282355398,0.315414727,15.9258718,1.78900003,0,,,0,1
59726960,0.800000012,1,,,0.0241758227,0,0.282355398,0.315414727,15.9258718,1.78900003,0,,,0,1
59728093,0.800000012,1,,,0.0322344303,0,0.282355398,0.315414727,15.9258718,1.79199994,0,,,0,1
59729218,0.800000012,1,,,0.0322344303,0,0.282355398,0.315414727,15.9213276,1.79199994,0,,,0,1
59730346,0.800000012,1,,,0.0322344303,0,0.282355398,0.315414727,15.9258718,1.79399991,0,,,0,1
59731472,0.800000012,1,,,0.0322344303,0,0.282355398,0.315414727,15.9258718,1.79399991,0,,,0,1
59732804,0.800000012,0.800000012,,,0.0322344303,0.00805860758,0.282355398,0.315414727,15.9258718,1.796,0,,,0,1
59733930,0.800000012,1,,,0.0241758227,0,0.282355398,0.315414727,15.9258718,1.796,0,,,0,1
59735058,0.800000012,1,,,0.0322344303,0,0.282355398,0.315414727,15.9258718,1.79900002,0,,,0,1
59736184,0.800000012,1,,,0.0322344303,0,0.282355398,0.315414727,15.9258718,1.79900002,0,,,0,1
59737313,0.800000012,1,,,0.0402930379,0,0.282355398,0.315414727,15.9213276,1.801,0,,,0,1
59738438,0.800000012,1,,,0.0402930379,0,0.282355398,0.315414727,15.9258718,1.801,0,,,0,1
59739571,0.800000012,1,,,0.0322344303,0,0.282355398,0.315414727,15.9258718,1.80299997,0,,,0,1
59740696,0.800000012,1,,,0.0402930379,0,0.282355398,0.315414727,15.9258718,1.80299997,0,,,0,1
59741825,0.800000012,1,,,0.0241758227,0,0.282355398,0.315414727,15.9258718,1.80500007,0,,,0,1
59742950,0.800000012,1,,,0.0322344303,0,0.282355398,0.315414727,15.9258718,1.80500007,0,,,0,1
59744078,0.800000012,1,,,0.0322344303,0,0.282355398,0.315414727,15.9213276,1.80800009,0,,,0,1
59745204,0.800000012,1,,,0.0241758227,0,0.282355398,0.315414727,15.9213276,1.80800009,0,,,0,1
59746333,0.800000012,0.75,,,0.0241758227,0.00805860758,0.282355398,0.315414727,15.9258718,1.81000006,0,,,0,1
59747458,0.800000012,1,,,0.0241758227,0,0.282355398,0.315414727,15.9213276,1.81000006,0,,,0,1
59748587,0.800000012,1,,,0.0241758227,0,0.282355398,0.315414727,15.9258718,1.81199992,0,,,0,1
59749717,0.800000012,1,,,0.0241758227,0,0.282355398,0.315414727,15.9258718,1.81199992,0,,,0,1
59750846,0.800000012,1,,,0.0322344303,0,0.282355398,0.315414727,15.9258718,1.81399989,0,,,0,1
59751971,0.800000012,1,,,0.0322344303,0,0.282355398,0.315414727,15.9258718,1.81399989,0,,,0,1
59753099,0.800000012,1,,,0.0322344303,0,0.282355398,0.315414727,15.9258718,1.81699991,0,,,0,1
59754429,0.800000012,1,,,0.0322344303,0,0.282355398,0.315414727,15.9258718,1.81699991,0,,,0,1
59755557,0.800000012,1,,,0.0241758227,0,0.282355398,0.315414727,15.9258718,1.81900001,0,,,0,1
59756682,0.800000012,1,,,0.0402930379,0,0.282355398,0.315414727,15.9258718,1.81900001,0,,,0,1
59757811,0.800000012,1,,,0.0322344303,0,0.282355398,0.315414727,15.9258718,1.82099998,0,,,0,1
59758936,0.800000012,1,,,0.0241758227,0,0.282355398,0.315414727,15.9258718,1.82099998,0,,,0,1
59760064,0.800000012,1,,,0.0241758227,0,0.282355398,0.315414727,15.9258718,1.82399988,0,,,0,1
59761195,0.800000012,1,,,0.0322344303,0,0.282355398,0.315414727,15.9304171,1.82399988,0,,,0,1
59762324,0.800000012,1,,,0.0322344303,0,0.282355398,0.315414727,15.9304171,1.82599998,0,,,0,1
59763449,0.800000012,1,,,0.0322344303,0,0.282355398,0.315414727,15.9258718,1.82599998,0,,,0,1
59764578,0.800000012,1,,,0.0241758227,0,0.282355398,0.315414727,15.9258718,1.82800007,0,,,0,1
59765703,0.800000012,1,,,0.0241758227,0,0.282355398,0.315414727,15.9213276,1.82800007,0,,,0,1
59766832,0.800000012,1,,,0.0322344303,0,0.282355398,0.315414727,15.9258718,1.83000004,0,,,0,1
59767957,0.800000012,1,,,0.0322344303,0,0.282355398,0.315414727,15.9213276,1.83000004,0,,,0,1
59769086,0.800000012,1,,,0.0322344303,0,0.282355398,0.315414727,15.9258718,1.83299994,0,,,0,1
59770211,0.800000012,1,,,0.0241758227,0,0.282355398,0.315414727,15.9213276,1.83299994,0,,,0,1
59771339,0.800000012,1,,,0.0241758227,0,0.282355398,0.315414727,15.9213276,1.83500004,0,,,0,1
59772470,0.800000012,1,,,0.0402930379,0,0.282355398,0.315414727,15.9258718,1.83500004,0,,,0,1
59773598,0.800000012,1,,,0.0322344303,0,0.282355398,0.315414727,15.9258718,1.83700013,0,,,0,1
59774928,0.800000012,1,,,0.0241758227,0,0.282355398,0.315414727,15.9258718,1.83700013,0,,,0,1
59776056,0.800000012,1,,,0.0241758227,0,0.282355398,0.315414727,15.9258718,1.84000003,0,,,0,1
59777182,0.800000012,1,,,0.0402930379,0,0.282355398,0.315414727,15.9258718,1.84000003,0,,,0,1
59778310,0.800000012,1,,,0.0322344303,0,0.282355398,0.315414727,15.9258718,1.84200001,0,,,0,1
59779435,0.800000012,1,,,0.0402930379,0,0.282355398,0.315414727,15.9258718,1.84200001,0,,,0,1
59780563,0.800000012,1,,,0.0322344303,0,0.282355398,0.315414727,15.9258718,1.84399986,0,,,0,1
59781689,0.800000012,1,,,0.0322344303,0,0.282355398,0.315414727,15.9258718,1.84399986,0,,,0,1
59782817,0.800000012,1,,,0.0241758227,0,0.282355398,0.315414727,15.9258718,1.84599996,0,,,0,1
59783948,0.800000012,1,,,0.0322344303,0,0.282355398,0.315414727,15.9258718,1.84599996,0,,,0,1
59785076,0.800000012,1,,,0.0241758227,0,0.282355398,0.315414727,15.9213276,1.84899998,0,,,0,1
59786201,0.800000012,1,,,0.0402930379,0,0.282355398,0.315414727,15.9258718,1.84899998,0,,,0,1
59787329,0.800000012,1,,,0.0322344303,0,0.282355398,0.315414727,15.9258718,1.85099995,0,,,0,1
59788455,0.800000012,1,,,0.0322344303,0,0.282355398,0.315414727,15.9258718,1.85099995,0,,,0,1
59789583,0.800000012,1,,,0.0322344303,0,0.282355398,0.315414727,15.9213276,1.85299993,0,,,0,1
59790708,0.800000012,1,,,0.0322344303,0,0.282355398,0.315414727,15.9258718,1.85299993,0,,,0,1
59791837,0.800000012,1,,,0.0322344303,0,0.282355398,0.315414727,15.9258718,1.85500002,0,,,0,1
59792962,0.800000012,1,,,0.0402930379,0,0.282355398,0.315414727,15.9258718,1.85500002,0,,,0,1
59794090,0.800000012,1,,,0.0322344303,0,0.282355398,0.315414727,15.9258718,1.85800004,0,,,0,1
59795221,0.800000012,1,,,0.0241758227,0,0.282355398,0.315414727,15.9304171,1.85800004,0,,,0,1
59796553,0.800000012,1,,,0.0241758227,0,0.282355398,0.315414727,15.9258718,1.86000001,0,,,0,1
59797679,0.800000012,1,,,0.0322344303,0,0.282355398,0.315414727,15.9258718,1.86000001,0,,,0,1
59798807,0.800000012,1,,,0.0322344303,0,0.282355398,0.315414727,15.9258718,1.86199999,0,,,0,1
59799932,0.800000012,1,,,0.0402930379,0,0.282355398,0.315414727,15.9258718,1.86199999,0,,,0,1
59801061,0.800000012,1,,,0.0241758227,0,0.282355398,0.315414727,15.9258718,1.86500001,0,,,0,1
59802186,0.800000012,1,,,0.0241758227,0,0.282355398,0.315414727,15.9304171,1.86500001,0,,,0,1
59803314,0.800000012,1,,,0.0322344303,0,0.282355398,0.315414727,15.9258718,1.8670001,0,,,0,1
59804440,0.800000012,1,,,0.0322344303,0,0.282355398,0.315414727,15.9258718,1.8670001,0,,,0,1
59805568,0.800000012,1,,,0.0241758227,0,0.282355398,0.315414727,15.9258718,1.86900008,0,,,0,1
59806698,0.800000012,1,,,0.0483516455,0,0.282355398,0.315414727,15.9258718,1.86900008,0,,,0,1
59807827,0.800000012,1,,,0.0241758227,0,0.282355398,0.315414727,15.9258718,1.87099993,0,,,0,1
59808952,0.800000012,1,,,0.0322344303,0,0.282355398,0.315414727,15.9258718,1.87099993,0,,,0,1
59810080,0.800000012,1,,,0.0241758227,0,0.282355398,0.315414727,15.9258718,1.87400007,0,,,0,1
59811206,0.800000012,1,,,0.0241758227,0,0.282355398,0.315414727,15.9258718,1.87400007,0,,,0,1
59812334,0.800000012,1,,,0.0402930379,0,0.282355398,0.315414727,15.9258718,1.87599993,0,,,0,1
59813459,0.800000012,1,,,0.0402930379,0,0.282355398,0.315414727,15.9258718,1.87599993,0,,,0,1
59814588,0.800000012,1,,,0.0322344303,0,0.282355398,0.315414727,15.9213276,1.87800002,0,,,0,1
59815713,0.800000012,1,,,0.0241758227,0,0.282355398,0.315414727,15.9258718,1.87800002,0,,,0,1
59817050,0.800000012,1,,,0.0322344303,0,0.282355398,0.315414727,15.9304171,1.88099992,0,,,0,1
59818175,0.800000012,1,,,0.0322344303,0,0.282355398,0.315414727,15.9258718,1.88099992,0,,,0,1
59819304,0.800000012,1,,,0.0322344303,0,0.282355398,0.315414727,15.9258718,1.8829999,0,,,0,1
59820429,0.800000012,1,,,0.0322344303,0,0.282355398,0.315414727,15.9258718,1.8829999,0,,,0,1
59821557,0.800000012,1,,,0.0241758227,0,0.282355398,0.315414727,15.9258718,1.88499999,0,,,0,1
59822683,0.800000012,1,,,0.0402930379,0,0.282355398,0.315414727,15.9258718,1.88499999,0,,,0,1
59823811,0.800000012,1,,,0.0322344303,0,0.282355398,0.315414727,15.9213276,1.88700008,0,,,0,1
59824936,0.800000012,1,,,0.0322344303,0,0.282355398,0.315414727,15.9258718,1.88700008,0,,,0,1
59826065,0.800000012,1,,,0.0322344303,0,0.282355398,0.315414727,15.9258718,1.88999999,0,,,0,1
59827190,0.800000012,1,,,0.0322344303,0,0.282355398,0.315414727,15.9258718,1.88999999,0,,,0,1
59828323,0.800000012,1,,,0.0322344303,0,0.282355398,0.315414727,15.9258718,1.89199996,0,,,0,1
59829449,0.800000012,1,,,0.0402930379,0,0.282355398,0.315414727,15.9258718,1.89199996,0,,,0,1
59830577,0.800000012,1,,,0.0322344303,0,0.282355398,0.315414727,15.9258718,1.89400005,0,,,0,1
59831702,0.800000012,1,,,0.0322344303,0,0.282355398,0.315414727,15.9258718,1.89400005,0,,,0,1
59832831,0.800000012,1,,,0.0241758227,0,0.282355398,0.315414727,15.9258718,1.89600015,0,,,0,1
59833956,0.800000012,1,,,0.0322344303,0,0.282355398,0.315414727,15.9258718,1.89600015,0,,,0,1
59835084,0.800000012,1,,,0.0322344303,0,0.282355398,0.315414727,15.9213276,1.89900005,0,,,0,1
59836210,0.800000012,1,,,0.0402930379,0,0.282355398,0.315414727,15.9213276,1.89900005,0,,,0,1
59837338,0.800000012,1,,,0.0322344303,0,0.282355398,0.315414727,15.9258718,1.90100002,0,,,0,1
59838668,0.800000012,1,,,0.0322344303,0,0.282355398,0.315414727,15.9258718,1.90100002,0,,,0,1
59839801,0.800000012,1,,,0.0322344303,0,0.282355398,0.315414727,15.9258718,1.90299988,0,,,0,1
59840926,0.800000012,1,,,0.0322344303,0,0.282355398,0.315414727,15.9258718,1.90299988,0,,,0,1
59842054,0.800000012,1,,,0.0322344303,0,0.282355398,0.315414727,15.9304171,1.90600014,0,,,0,1
59843180,0.800000012,1,,,0.0322344303,0,0.282355398,0.315414727,15.9258718,1.90600014,0,,,0,1
59844308,0.800000012,1,,,0.0322344303,0,0.282355398,0.315414727,15.9258718,1.90799999,0,,,0,1
59845433,0.800000012,1,,,0.0402930379,0,0.282355398,0.315414727,15.9258718,1.90799999,0,,,0,1
59846562,0.800000012,1,,,0.0241758227,0,0.282355398,0.315414727,15.9258718,1.90999997,0,,,0,1
59847687,0.800000012,1,,,0.0322344303,0,0.282355398,0.315414727,15.9213276,1.90999997,0,,,0,1
59848815,0.800000012,1,,,0.0322344303,0,0.282355398,0.315414727,15.9213276,1.91199994,0,,,0,1
59849941,0.800000012,1,,,0.0322344303,0,0.282355398,0.315414727,15.9258718,1.91199994,0,,,0,1
59851074,0.800000012,1,,,0.0402930379,0,0.282355398,0.315414727,15.9304171,1.91499996,0,,,0,1
59852199,0.800000012,1,,,0.0402930379,0,0.282355398,0.315414727,15.9213276,1.91499996,0,,,0,1
59853328,0.800000012,1,,,0.0322344303,0,0.282355398,0.315414727,15.9258718,1.91700006,0,,,0,1
59854453,0.800000012,1,,,0.0402930379,0,0.282355398,0.315414727,15.9258718,1.91700006,0,,,0,1
59855581,0.800000012,1,,,0.0322344303,0,0.282355398,0.315414727,15.9258718,1.91900003,0,,,0,1
59856707,0.800000012,1,,,0.0322344303,0,0.282355398,0.315414727,15.9258718,1.91900003,0,,,0,1
59857835,0.800000012,1,,,0.0402930379,0,0.282355398,0.315414727,15.9258718,1.921,0,,,0,1
59859165,0.800000012,1,,,0.0402930379,0,0.282355398,0.315414727,15.9258718,1.921,0,,,0,1
59860293,0.800000012,1,,,0.0322344303,0,0.282355398,0.315414727,15.9258718,1.92400002,0,,,0,1
59861419,0.800000012,1,,,0.0241758227,0,0.282355398,0.315414727,15.9304171,1.92400002,0,,,0,1
59862552,0.800000012,1,,,0.0322344303,0,0.282355398,0.315414727,15.9213276,1.92600012,0,,,0,1
59863677,0.800000012,1,,,0.0402930379,0,0.282355398,0.315414727,15.9258718,1.92600012,0,,,0,1
59864805,0.800000012,1,,,0.0322344303,0,0.282355398,0.315414727,15.9258718,1.92799997,0,,,0,1
59865931,0.800000012,1,,,0.0322344303,0,0.282355398,0.315414727,15.9258718,1.92799997,0,,,0,1
59867059,0.800000012,1,,,0.0402930379,0,0.282355398,0.315414727,15.9258718,1.93099999,0,,,0,1
59868185,0.800000012,1,,,0.0322344303,0,0.282355398,0.315414727,15.9258718,1.93099999,0,,,0,1
59869314,0.800000012,1,,,0.0322344303,0,0.282355398,0.315414727,15.9258718,1.93300009,0,,,0,1
59870439,0.800000012,1,,,0.0402930379,0,0.282355398,0.315414727,15.9258718,1.93300009,0,,,0,1
59871568,0.800000012,1,,,0.0322344303,0,0.282355398,0.315414727,15.9258718,1.93499994,0,,,0,1
59872693,0.800000012,1,,,0.0322344303,0,0.282355398,0.315414727,15.9258718,1.93499994,0,,,0,1
59873826,0.800000012,1,,,0.0241758227,0,0.282355398,0.315414727,15.9258718,1.93700004,0,,,0,1
59874952,0.800000012,1,,,0.0322344303,0,0.282355398,0.315414727,15.9258718,1.93700004,0,,,0,1
59876080,0.800000012,1,,,0.0322344303,0,0.282355398,0.315414727,15.9258718,1.93999994,0,,,0,1
59877206,0.800000012,1,,,0.0402930379,0,0.282355398,0.315414727,15.9304171,1.93999994,0,,,0,1
59878334,0.800000012,1,,,0.0322344303,0,0.282355398,0.315414727,15.9213276,1.94199991,0,,,0,1
59879460,0.800000012,1,,,0.0322344303,0,0.282355398,0.315414727,15.9258718,1.94199991,0,,,0,1
59880792,0.800000012,1,,,0.0322344303,0,0.282355398,0.315414727,15.9304171,1.94400001,0,,,0,1
59881917,0.800000012,1,,,0.0322344303,0,0.282355398,0.315414727,15.9213276,1.94400001,0,,,0,1
59883046,0.800000012,1,,,0.0402930379,0,0.282355398,0.315414727,15.9258718,1.94700003,0,,,0,1
59884171,0.800000012,1,,,0.0241758227,0,0.282355398,0.315414727,15.9258718,1.94700003,0,,,0,1
59885304,0.800000012,1,,,0.0241758227,0,0.282355398,0.315414727,15.9258718,1.949,0,,,0,1
59886430,0.800000012,1,,,0.0402930379,0,0.282355398,0.315414727,15.9258718,1.949,0,,,0,1
59887558,0.800000012,1,,,0.0322344303,0,0.282355398,0.315414727,15.9258718,1.95099998,0,,,0,1
59888684,0.800000012,1,,,0.0322344303,0,0.282355398,0.315414727,15.9258718,1.95099998,0,,,0,1
59889813,0.800000012,1,,,0.0322344303,0,0.282355398,0.315414727,15.9258718,1.95300007,0,,,0,1
59890938,0.800000012,1,,,0.0402930379,0,0.282355398,0.315414727,15.9258718,1.95300007,0,,,0,1
59892066,0.800000012,1,,,0.0402930379,0,0.282355398,0.315414727,15.9258718,1.95600009,0,,,0,1
59893192,0.800000012,1,,,0.0402930379,0,0.282355398,0.315414727,15.9213276,1.95600009,0,,,0,1
59894320,0.800000012,1,,,0.0483516455,0,0.282355398,0.315414727,15.9304171,1.95800006,0,,,0,1
59895450,0.800000012,1,,,0.0483516455,0,0.282355398,0.315414727,15.9258718,1.95800006,0,,,0,1
59896579,0.800000012,1,,,0.0322344303,0,0.282355398,0.315414727,15.9258718,1.95999992,0,,,0,1
59897704,0.800000012,1,,,0.0322344303,0,0.282355398,0.315414727,15.9258718,1.95999992,0,,,0,1
59898833,0.800000012,1,,,0.0402930379,0,0.282355398,0.315414727,15.9213276,1.96199989,0,,,0,1
59899959,0.800000012,1,,,0.0402930379,0,0.282355398,0.315414727,15.9258718,1.96199989,0,,,0,1
59901291,0.800000012,1,,,0.0241758227,0,0.282355398,0.315414727,15.9258718,1.96499991,0,,,0,1
59902416,0.800000012,1,,,0.0161172152,0,0.282355398,0.315414727,15.9213276,1.96499991,0,,,0,1
59903544,0.800000012,0.800000012,,,0.0322344303,0.00805860758,0.282355398,0.315414727,15.9213276,1.96700001,0,,,0,1
59904670,0.800000012,1,,,0.0241758227,0,0.282355398,0.315414727,15.9258718,1.96700001,0,,,0,1
59905798,0.800000012,1,,,0.0322344303,0,0.282355398,0.315414727,15.9258718,1.96899998,0,,,0,1
59906928,0.800000012,1,,,0.0322344303,0,0.282355398,0.315414727,15.9258718,1.96899998,0,,,0,1
59908057,0.800000012,1,,,0.0322344303,0,0.282355398,0.315414727,15.9258718,1.97199988,0,,,0,1
59909182,0.800000012,1,,,0.0322344303,0,0.282355398,0.315414727,15.9258718,1.97199988,0,,,0,1
59910310,0.800000012,1,,,0.0322344303,0,0.282355398,0.315414727,15.9258718,1.97399998,0,,,0,1
59911436,0.800000012,1,,,0.0322344303,0,0.282355398,0.315414727,15.9258718,1.97399998,0,,,0,1
59912564,0.800000012,1,,,0.0402930379,0,0.282355398,0.315414727,15.9258718,1.97600007,0,,,0,1
59913689,0.800000012,1,,,0.0322344303,0,0.282355398,0.315414727,15.9258718,1.97600007,0,,,0,1
59914818,0.800000012,1,,,0.0241758227,0,0.282355398,0.315414727,15.9304171,1.97800004,0,,,0,1
59915943,0.800000012,1,,,0.0402930379,0,0.282355398,0.315414727,15.9304171,1.97800004,0,,,0,1
59917071,0.800000012,1,,,0.0402930379,0,0.282355398,0.315414727,15.9258718,1.98099995,0,,,0,1
59918202,0.800000012,1,,,0.0322344303,0,0.282355398,0.315414727,15.9258718,1.98099995,0,,,0,1
59919331,0.800000012,1,,,0.0241758227,0,0.282355398,0.315414727,15.9304171,1.98300004,0,,,0,1
59920456,0.800000012,1,,,0.0241758227,0,0.282355398,0.315414727,15.9258718,1.98300004,0,,,0,1
59921788,0.800000012,1,,,0.0322344303,0,0.282355398,0.315414727,15.9258718,1.98500013,0,,,0,1
59922914,0.800000012,1,,,0.0322344303,0,0.282355398,0.315414727,15.9258718,1.98500013,0,,,0,1
59924042,0.800000012,1,,,0.0322344303,0,0.282355398,0.315414727,15.9258718,1.98800004,0,,,0,1
59925168,0.800000012,1,,,0.0241758227,0,0.282355398,0.315414727,15.9258718,1.98800004,0,,,0,1
59926296,0.800000012,1,,,0.0241758227,0,0.282355398,0.315414727,15.9258718,1.99000001,0,,,0,1
59927422,0.800000012,1,,,0.0322344303,0,0.282355398,0.315414727,15.9258718,1.99000001,0,,,0,1
59928551,0.800000012,1,,,0.0322344303,0,0.282355398,0.315414727,15.9258718,1.99199986,0,,,0,1
59929681,0.800000012,1,,,0.0322344303,0,0.282355398,0.315414727,15.9258718,1.99199986,0,,,0,1
59930809,0.800000012,1,,,0.0322344303,0,0.282355398,0.315414727,15.9258718,1.99399996,0,,,0,1
59931935,0.800000012,1,,,0.0402930379,0,0.282355398,0.315414727,15.9258718,1.99399996,0,,,0,1
59933063,0.800000012,1,,,0.0322344303,0,0.282355398,0.315414727,15.9258718,1.99699998,0,,,0,1
59934188,0.800000012,1,,,0.0241758227,0,0.282355398,0.315414727,15.9258718,1.99699998,0,,,0,1
59935317,0.800000012,1,,,0.0241758227,0,0.282355398,0.315414727,15.9258718,1.99899995,0,,,0,1
59936448,0.800000012,1,,,0.0402930379,0,0.282355398,0.315414727,15.9258718,1.99899995,0,,,0,1
59937577,0.800000012,1,,,0.0241758227,0,0.282355398,0.315414727,15.9258718,2.00099993,0,,,0,1
59938702,0.800000012,1,,,0.0241758227,0,0.282355398,0.315414727,15.9304171,2.00099993,0,,,0,1
59939830,0.800000012,1,,,0.0402930379,0,0.282355398,0.315414727,15.9258718,2.00300002,0,,,0,1
59940961,0.800000012,1,,,0.0402930379,0,0.282355398,0.315414727,15.9258718,2.00300002,0,,,0,1
59942090,0.800000012,1,,,0.0322344303,0,0.282355398,0.315414727,15.9213276,2.00600004,0,,,0,1
59943419,0.800000012,1,,,0.0241758227,0,0.282355398,0.315414727,15.9258718,2.00600004,0,,,0,1
59944548,0.800000012,1,,,0.0241758227,0,0.282355398,0.315414727,15.9213276,2.0079999,0,,,0,1
59945674,0.800000012,1,,,0.0402930379,0,0.282355398,0.315414727,15.9258718,2.0079999,0,,,0,1
59946802,0.800000012,1,,,0.0322344303,0,0.282355398,0.315414727,15.9258718,2.00999999,0,,,0,1
59947928,0.800000012,1,,,0.0241758227,0,0.282355398,0.315414727,15.9258718,2.00999999,0,,,0,1
59949056,0.800000012,1,,,0.0322344303,0,0.282355398,0.315414727,15.9258718,2.01300001,0,,,0,1
59950182,0.800000012,1,,,0.0322344303,0,0.282355398,0.315414727,15.9258718,2.01300001,0,,,0,1
59951311,0.800000012,1,,,0.0241758227,0,0.282355398,0.315414727,15.9304171,2.0150001,0,,,0,1
59952441,0.800000012,1,,,0.0241758227,0,0.282355398,0.315414727,15.9213276,2.0150001,0,,,0,1
59953569,0.800000012,1,,,0.0322344303,0,0.282355398,0.315414727,15.9258718,2.0170002,0,,,0,1
59954694,0.800000012,1,,,0.0322344303,0,0.282355398,0.315414727,15.9258718,2.0170002,0,,,0,1
59955823,0.800000012,1,,,0.0322344303,0,0.282355398,0.315414727,15.9258718,2.01900005,0,,,0,1
59956949,0.800000012,1,,,0.0322344303,0,0.282355398,0.315414727,15.9258718,2.01900005,0,,,0,1
59958077,0.800000012,1,,,0.0322344303,0,0.282355398,0.315414727,15.9258718,2.02200007,0,,,0,1
59959203,0.800000012,1,,,0.0322344303,0,0.282355398,0.315414727,15.9213276,2.02200007,0,,,0,1
59960331,0.800000012,1,,,0.0322344303,0,0.282355398,0.315414727,15.9258718,2.02399993,0,,,0,1
59961457,0.800000012,1,,,0.0322344303,0,0.282355398,0.315414727,15.9213276,2.02399993,0,,,0,1
59962590,0.800000012,1,,,0.0322344303,0,0.282355398,0.315414727,15.9258718,2.02600002,0,,,0,1
59963919,0.800000012,1,,,0.0322344303,0,0.282355398,0.315414727,15.9213276,2.02600002,0,,,0,1
59965048,0.800000012,1,,,0.0322344303,0,0.282355398,0.315414727,15.9258718,2.02899981,0,,,0,1
59966173,0.800000012,1,,,0.0402930379,0,0.282355398,0.315414727,15.9258718,2.02899981,0,,,0,1
59967302,0.800000012,1,,,0.0322344303,0,0.282355398,0.315414727,15.9213276,2.0309999,0,,,0,1
59968427,0.800000012,1,,,0.0402930379,0,0.282355398,0.315414727,15.9258718,2.0309999,0,,,0,1
59969555,0.800000012,1,,,0.0322344303,0,0.282355398,0.315414727,15.9304171,2.03299999,0,,,0,1
59970681,0.800000012,1,,,0.0241758227,0,0.282355398,0.315414727,15.9258718,2.03299999,0,,,0,1
59971809,0.800000012,1,,,0.0322344303,0,0.282355398,0.315414727,15.9258718,2.03500009,0,,,0,1
59972934,0.800000012,1,,,0.0241758227,0,0.282355398,0.315414727,15.9258718,2.03500009,0,,,0,1
59974068,0.800000012,1,,,0.0402930379,0,0.282355398,0.315414727,15.9258718,2.03800011,0,,,0,1
59975193,0.800000012,1,,,0.0241758227,0,0.282355398,0.315414727,15.9258718,2.03800011,0,,,0,1
59976322,0.800000012,1,,,0.0402930379,0,0.282355398,0.315414727,15.9258718,2.03999996,0,,,0,1
59977447,0.800000012,1,,,0.0241758227,0,0.282355398,0.315414727,15.9258718,2.03999996,0,,,0,1
59978576,0.800000012,1,,,0.0322344303,0,0.282355398,0.315414727,15.9258718,2.04200006,0,,,0,1
59979702,0.800000012,1,,,0.0322344303,0,0.282355398,0.315414727,15.9258718,2.04200006,0,,,0,1
59980830,0.800000012,1,,,0.0402930379,0,0.282355398,0.315414727,15.9258718,2.04400015,0,,,0,1
59981955,0.800000012,1,,,0.0322344303,0,0.282355398,0.315414727,15.9258718,2.04400015,0,,,0,1
59983084,0.800000012,0.428571433,,,0.0241758227,0.0322344303,0.282355398,0.315414727,15.9258718,2.04699993,0,,,0,1
59984209,0.800000012,1,,,0.0322344303,0,0.282355398,0.315414727,15.9213276,2.04699993,0,,,0,1
59985546,0.800000012,1,,,0.0402930379,0,0.282355398,0.315414727,15.9258718,2.04900002,0,,,0,1
59986671,0.800000012,1,,,0.0322344303,0,0.282355398,0.315414727,15.9258718,2.04900002,0,,,0,1
59987800,0.800000012,1,,,0.0402930379,0,0.282355398,0.315414727,15.9258718,2.05099988,0,,,0,1
59988925,0.800000012,1,,,0.0322344303,0,0.282355398,0.315414727,15.9258718,2.05099988,0,,,0,1
59990053,0.800000012,1,,,0.0322344303,0,0.282355398,0.315414727,15.9258718,2.05400014,0,,,0,1
59991179,0.800000012,1,,,0.0322344303,0,0.282355398,0.315414727,15.9258718,2.05400014,0,,,0,1
59992307,0.800000012,1,,,0.0322344303,0,0.282355398,0.315414727,15.9258718,2.05599999,0,,,0,1
59993432,0.800000012,1,,,0.0402930379,0,0.282355398,0.315414727,15.9258718,2.05599999,0,,,0,1
59994561,0.800000012,1,,,0.0241758227,0,0.282355398,0.315414727,15.9258718,2.05800009,0,,,0,1
59995686,0.800000012,1,,,0.0322344303,0,0.282355398,0.315414727,15.9258718,2.05800009,0,,,0,1
59996820,0.800000012,1,,,0.0322344303,0,0.282355398,0.315414727,15.9258718,2.05999994,0,,,0,1
59997945,0.800000012,1,,,0.0241758227,0,0.282355398,0.315414727,15.9258718,2.05999994,0,,,0,1
59999073,0.800000012,1,,,0.0322344303,0,0.282355398,0.315414727,15.9258718,2.06299996,0,,,0,1
60000199,0.800000012,1,,,0.0402930379,0,0.282355398,0.315414727,15.9258718,2.06299996,0,,,0,1
60001327,0.800000012,1,,,0.0322344303,0,0.282355398,0.315414727,15.9258718,2.06500006,0,,,0,1
60002452,0.800000012,1,,,0.0322344303,0,0.282355398,0.315414727,15.9258718,2.06500006,0,,,0,1
60003581,0.800000012,1,,,0.0402930379,0,0.282355398,0.315414727,15.9258718,2.06699991,0,,,0,1
60004706,0.800000012,1,,,0.0241758227,0,0.282355398,0.315414727,15.9258718,2.06699991,0,,,0,1
60006038,0.800000012,1,,,0.0322344303,0,0.282355398,0.315414727,15.9258718,2.06999993,0,,,0,1
60007164,0.800000012,1,,,0.0241758227,0,0.282355398,0.315414727,15.9258718,2.06999993,0,,,0,1
60008297,0.800000012,1,,,0.0322344303,0,0.282355398,0.315414727,15.9258718,2.07200003,0,,,0,1
60009423,0.800000012,1,,,0.0241758227,0,0.282355398,0.315414727,15.9258718,2.07200003,0,,,0,1
60010551,0.800000012,1,,,0.0322344303,0,0.282355398,0.315414727,15.9304171,2.07400012,0,,,0,1
60011676,0.800000012,1,,,0.0322344303,0,0.282355398,0.315414727,15.9258718,2.07400012,0,,,0,1
60012805,0.800000012,1,,,0.0322344303,0,0.282355398,0.315414727,15.9258718,2.07599998,0,,,0,1
60013930,0.800000012,1,,,0.0322344303,0,0.282355398,0.315414727,15.9258718,2.07599998,0,,,0,1
60015058,0.800000012,1,,,0.0402930379,0,0.282355398,0.315414727,15.9258718,2.079,0,,,0,1
60016184,0.800000012,1,,,0.0322344303,0,0.282355398,0.315414727,15.9258718,2.079,0,,,0,1
60017312,0.800000012,1,,,0.0322344303,0,0.282355398,0.315414727,15.9213276,2.08099985,0,,,0,1
60018438,0.800000012,1,,,0.0402930379,0,0.282355398,0.315414727,15.9258718,2.08099985,0,,,0,1
60019571,0.800000012,1,,,0.0241758227,0,0.282355398,0.315414727,15.9258718,2.08299994,0,,,0,1
60020696,0.800000012,1,,,0.0322344303,0,0.282355398,0.315414727,15.9258718,2.08299994,0,,,0,1
60021824,0.800000012,1,,,0.0241758227,0,0.282355398,0.315414727,15.9258718,2.08500004,0,,,0,1
60022950,0.800000012,1,,,0.0241758227,0,0.282355398,0.315414727,15.9213276,2.08500004,0,,,0,1
60024078,0.800000012,1,,,0.0322344303,0,0.282355398,0.315414727,15.9258718,2.08799982,0,,,0,1
60025204,0.800000012,1,,,0.0241758227,0,0.282355398,0.315414727,15.9304171,2.08799982,0,,,0,1
60026332,0.800000012,1,,,0.0322344303,0,0.282355398,0.315414727,15.9258718,2.08999991,0,,,0,1
60027662,0.800000012,1,,,0.0322344303,0,0.282355398,0.315414727,15.9258718,2.08999991,0,,,0,1
60028790,0.800000012,1,,,0.0322344303,0,0.282355398,0.315414727,15.9258718,2.09200001,0,,,0,1
60029916,0.800000012,1,,,0.0322344303,0,0.282355398,0.315414727,15.9258718,2.09200001,0,,,0,1
60031049,0.800000012,1,,,0.0241758227,0,0.282355398,0.315414727,15.9258718,2.09500003,0,,,0,1
60032174,0.800000012,1,,,0.0322344303,0,0.282355398,0.315414727,15.9258718,2.09500003,0,,,0,1
60033303,0.800000012,1,,,0.0322344303,0,0.282355398,0.315414727,15.9258718,2.09700012,0,,,0,1
60034428,0.800000012,1,,,0.0322344303,0,0.282355398,0.315414727,15.9258718,2.09700012,0,,,0,1
60035557,0.800000012,1,,,0.0322344303,0,0.282355398,0.315414727,15.9258718,2.09899998,0,,,0,1
60036683,0.800000012,1,,,0.0241758227,0,0.282355398,0.315414727,15.9258718,2.09899998,0,,,0,1
60037811,0.800000012,1,,,0.0322344303,0,0.282355398,0.315414727,15.9258718,2.10100007,0,,,0,1
60038937,0.800000012,1,,,0.0402930379,0,0.282355398,0.315414727,15.9258718,2.10100007,0,,,0,1
60040066,0.800000012,1,,,0.0241758227,0,0.282355398,0.315414727,15.9258718,2.10400009,0,,,0,1
60041196,0.800000012,1,,,0.0402930379,0,0.282355398,0.315414727,15.9213276,2.10400009,0,,,0,1
60042324,0.800000012,1,,,0.0402930379,0,0.282355398,0.315414727,15.9213276,2.10599995,0,,,0,1
60043449,0.800000012,1,,,0.0322344303,0,0.282355398,0.315414727,15.9258718,2.10599995,0,,,0,1
60044578,0.800000012,1,,,0.0322344303,0,0.282355398,0.315414727,15.9258718,2.1079998,0,,,0,1
60045703,0.800000012,1,,,0.0322344303,0,0.282355398,0.315414727,15.9258718,2.1079998,0,,,0,1
60046831,0.800000012,1,,,0.0322344303,0,0.282355398,0.315414727,15.9213276,2.1099999,0,,,0,1
60048161,0.800000012,1,,,0.0241758227,0,0.282355398,0.315414727,15.9258718,2.1099999,0,,,0,1
60049289,0.800000012,1,,,0.0483516455,0,0.282355398,0.315414727,15.9258718,2.11299992,0,,,0,1
60050415,0.800000012,1,,,0.0322344303,0,0.282355398,0.315414727,15.9258718,2.11299992,0,,,0,1
60051543,0.800000012,1,,,0.0322344303,0,0.282355398,0.315414727,15.9258718,2.11500001,0,,,0,1
60052674,0.800000012,1,,,0.0322344303,0,0.282355398,0.315414727,15.9258718,2.11500001,0,,,0,1
60053802,0.800000012,1,,,0.0322344303,0,0.282355398,0.315414727,15.9258718,2.1170001,0,,,0,1
60054928,0.800000012,1,,,0.0322344303,0,0.282355398,0.315414727,15.9258718,2.1170001,0,,,0,1
60056056,0.800000012,1,,,0.0322344303,0,0.282355398,0.315414727,15.9213276,2.11999989,0,,,0,1
60057182,0.800000012,1,,,0.0402930379,0,0.282355398,0.315414727,15.9213276,2.11999989,0,,,0,1
60058310,0.800000012,1,,,0.0322344303,0,0.282355398,0.315414727,15.9258718,2.12199998,0,,,0,1
60059435,0.800000012,1,,,0.0402930379,0,0.282355398,0.315414727,15.9304171,2.12199998,0,,,0,1
60060564,0.800000012,1,,,0.0322344303,0,0.282355398,0.315414727,15.9258718,2.12400007,0,,,0,1
60061689,0.800000012,1,,,0.0322344303,0,0.282355398,0.315414727,15.9258718,2.12400007,0,,,0,1
60062817,0.800000012,1,,,0.0322344303,0,0.282355398,0.315414727,15.9258718,2.12599993,0,,,0,1
60063948,0.800000012,1,,,0.0241758227,0,0.282355398,0.315414727,15.9258718,2.12599993,0,,,0,1
60065077,0.800000012,1,,,0.0402930379,0,0.282355398,0.315414727,15.9258718,2.12899995,0,,,0,1
60066202,0.800000012,1,,,0.0402930379,0,0.282355398,0.315414727,15.9258718,2.12899995,0,,,0,1
60067331,0.800000012,1,,,0.0402930379,0,0.282355398,0.315414727,15.9258718,2.13100004,0,,,0,1
60068456,0.800000012,1,,,0.0402930379,0,0.282355398,0.315414727,15.9258718,2.13100004,0,,,0,1
60069789,0.800000012,1,,,0.0402930379,0,0.282355398,0.315414727,15.9258718,2.13300014,0,,,0,1
60070914,0.800000012,1,,,0.0322344303,0,0.282355398,0.315414727,15.9258718,2.13300014,0,,,0,1
60072042,0.800000012,1,,,0.0322344303,0,0.282355398,0.315414727,15.9258718,2.13600016,0,,,0,1
60073168,0.800000012,1,,,0.0322344303,0,0.282355398,0.315414727,15.9258718,2.13600016,0,,,0,1
60074296,0.800000012,1,,,0.0241758227,0,0.282355398,0.315414727,15.9258718,2.13800001,0,,,0,1
60075427,0.800000012,1,,,0.0241758227,0,0.282355398,0.315414727,15.9258718,2.13800001,0,,,0,1
60076555,0.800000012,1,,,0.0322344303,0,0.282355398,0.315414727,15.9258718,2.13999987,0,,,0,1
60077680,0.800000012,1,,,0.0322344303,0,0.282355398,0.315414727,15.9304171,2.13999987,0,,,0,1
60078809,0.800000012,1,,,0.0322344303,0,0.282355398,0.315414727,15.9304171,2.14199996,0,,,0,1
60079934,0.800000012,1,,,0.0483516455,0,0.282355398,0.315414727,15.9258718,2.14199996,0,,,0,1
60081062,0.800000012,1,,,0.0241758227,0,0.282355398,0.315414727,15.9258718,2.14499998,0,,,0,1
60082188,0.800000012,1,,,0.0322344303,0,0.282355398,0.315414727,15.9258718,2.14499998,0,,,0,1
60083316,0.800000012,1,,,0.0322344303,0,0.282355398,0.315414727,15.9258718,2.14699984,0,,,0,1
60084442,0.800000012,1,,,0.0402930379,0,0.282355398,0.315414727,15.9258718,2.14699984,0,,,0,1
60085570,0.800000012,1,,,0.0322344303,0,0.282355398,0.315414727,15.9258718,2.14899993,0,,,0,1
60086700,0.800000012,1,,,0.0402930379,0,0.282355398,0.315414727,15.9258718,2.14899993,0,,,0,1
60087829,0.800000012,1,,,0.0322344303,0,0.282355398,0.315414727,15.9258718,2.15100002,0,,,0,1
60088954,0.800000012,1,,,0.0322344303,0,0.282355398,0.315414727,15.9258718,2.15100002,0,,,0,1
60090287,0.800000012,1,,,0.0322344303,0,0.282355398,0.315414727,15.9258718,2.15400004,0,,,0,1
60091412,0.800000012,1,,,0.0322344303,0,0.282355398,0.315414727,15.9258718,2.15400004,0,,,0,1
60092541,0.800000012,1,,,0.0322344303,0,0.282355398,0.315414727,15.9258718,2.15600014,0,,,0,1
60093667,0.800000012,1,,,0.0241758227,0,0.282355398,0.315414727,15.9258718,2.15600014,0,,,0,1
60094795,0.800000012,1,,,0.0241758227,0,0.282355398,0.315414727,15.9258718,2.15799999,0,,,0,1
60095921,0.800000012,1,,,0.0322344303,0,0.282355398,0.315414727,15.9258718,2.15799999,0,,,0,1
60097050,0.800000012,1,,,0.0402930379,0,0.282355398,0.315414727,15.9258718,2.16100001,0,,,0,1
60098180,0.800000012,1,,,0.0241758227,0,0.282355398,0.315414727,15.9258718,2.16100001,0,,,0,1
60099308,0.800000012,1,,,0.0402930379,0,0.282355398,0.315414727,15.9258718,2.16300011,0,,,0,1
60100434,0.800000012,1,,,0.0241758227,0,0.282355398,0.315414727,15.9258718,2.16300011,0,,,0,1
60101562,0.800000012,1,,,0.0402930379,0,0.282355398,0.315414727,15.9258718,2.16499996,0,,,0,1
60102688,0.800000012,1,,,0.0322344303,0,0.282355398,0.315414727,15.9258718,2.16499996,0,,,0,1
60103817,0.800000012,1,,,0.0322344303,0,0.282355398,0.315414727,15.9258718,2.16699982,0,,,0,1
60104942,0.800000012,1,,,0.0402930379,0,0.282355398,0.315414727,15.9213276,2.16699982,0,,,0,1
60106071,0.800000012,1,,,0.0322344303,0,0.282355398,0.315414727,15.9304171,2.17000008,0,,,0,1
60107196,0.800000012,1,,,0.0322344303,0,0.282355398,0.315414727,15.9304171,2.17000008,0,,,0,1
60108329,0.800000012,1,,,0.0241758227,0,0.282355398,0.315414727,15.9258718,2.17199993,0,,,0,1
60109455,0.800000012,1,,,0.0241758227,0,0.282355398,0.315414727,15.9258718,2.17199993,0,,,0,1
60110787,0.800000012,1,,,0.0322344303,0,0.282355398,0.315414727,15.9258718,2.17400002,0,,,0,1
60111913,0.800000012,1,,,0.0402930379,0,0.282355398,0.315414727,15.9258718,2.17400002,0,,,0,1
60113041,0.800000012,1,,,0.0322344303,0,0.282355398,0.315414727,15.9258718,2.17700005,0,,,0,1
60114166,0.800000012,1,,,0.0322344303,0,0.282355398,0.315414727,15.9258718,2.17700005,0,,,0,1
60115295,0.800000012,1,,,0.0402930379,0,0.282355398,0.315414727,15.9258718,2.1789999,0,,,0,1
60116420,0.800000012,1,,,0.0322344303,0,0.282355398,0.315414727,15.9258718,2.1789999,0,,,0,1
60117548,0.800000012,1,,,0.0402930379,0,0.282355398,0.315414727,15.9258718,2.18099999,0,,,0,1
60118674,0.800000012,1,,,0.0322344303,0,0.282355398,0.315414727,15.9258718,2.18099999,0,,,0,1
60119807,0.800000012,1,,,0.0322344303,0,0.282355398,0.315414727,15.9258718,2.18300009,0,,,0,1
60120933,0.800000012,1,,,0.0402930379,0,0.282355398,0.315414727,15.9213276,2.18300009,0,,,0,1
60122061,0.800000012,1,,,0.0402930379,0,0.282355398,0.315414727,15.9258718,2.18599987,0,,,0,1
60123187,0.800000012,1,,,0.0322344303,0,0.282355398,0.315414727,15.9258718,2.18599987,0,,,0,1
60124315,0.800000012,1,,,0.0402930379,0,0.282355398,0.315414727,15.9213276,2.18799996,0,,,0,1
60125440,0.800000012,0.833333313,,,0.0402930379,0.00805860758,0.282355398,0.315414727,15.9258718,2.18799996,0,,,0,1
60126569,0.800000012,1,,,0.0241758227,0,0.282355398,0.315414727,15.9304171,2.19000006,0,,,0,1
60127694,0.800000012,1,,,0.0402930379,0,0.282355398,0.315414727,15.9213276,2.19000006,0,,,0,1
60128822,0.800000012,1,,,0.0322344303,0,0.282355398,0.315414727,15.9258718,2.19199991,0,,,0,1
60129948,0.800000012,1,,,0.0322344303,0,0.282355398,0.315414727,15.9258718,2.19199991,0,,,0,1
60131081,0.800000012,1,,,0.0402930379,0,0.282355398,0.315414727,15.9258718,2.19500017,0,,,0,1
60132411,0.800000012,1,,,0.0402930379,0,0.282355398,0.315414727,15.9258718,2.19500017,0,,,0,1
60133539,0.800000012,1,,,0.0402930379,0,0.282355398,0.315414727,15.9258718,2.19700003,0,,,0,1
60134664,0.800000012,1,,,0.0402930379,0,0.282355398,0.315414727,15.9258718,2.19700003,0,,,0,1
60135792,0.800000012,1,,,0.0322344303,0,0.282355398,0.315414727,15.9213276,2.19899988,0,,,0,1
60136918,0.800000012,1,,,0.0402930379,0,0.282355398,0.315414727,15.9213276,2.19899988,0,,,0,1
60138046,0.800000012,1,,,0.0322344303,0,0.282355398,0.315414727,15.9258718,2.20200014,0,,,0,1
60139171,0.800000012,0.833333313,,,0.0402930379,0.00805860758,0.282355398,0.315414727,15.9258718,2.20200014,0,,,0,1
60140300,0.800000012,1,,,0.0322344303,0,0.282355398,0.315414727,15.9213276,2.204,0,,,0,1
60141425,0.800000012,1,,,0.0402930379,0,0.282355398,0.315414727,15.9258718,2.204,0,,,0,1
60142558,0.800000012,1,,,0.0483516455,0,0.282355398,0.315414727,15.9258718,2.20599985,0,,,0,1
60143684,0.800000012,1,,,0.0483516455,0,0.282355398,0.315414727,15.9258718,2.20599985,0,,,0,1
60144812,0.800000012,1,,,0.0402930379,0,0.282355398,0.315414727,15.9258718,2.20799994,0,,,0,1
60145937,0.800000012,1,,,0.0402930379,0,0.282355398,0.315414727,15.9258718,2.20799994,0,,,0,1
60147066,0.800000012,1,,,0.0402930379,0,0.282355398,0.315414727,15.9213276,2.21099997,0,,,0,1
60148191,0.800000012,1,,,0.0402930379,0,0.282355398,0.315414727,15.9258718,2.21099997,0,,,0,1
60149319,0.800000012,1,,,0.0322344303,0,0.282355398,0.315414727,15.9258718,2.21300006,0,,,0,1
60150445,0.800000012,1,,,0.0322344303,0,0.282355398,0.315414727,15.9258718,2.21300006,0,,,0,1
60151573,0.800000012,1,,,0.0322344303,0,0.282355398,0.315414727,15.9258718,2.21500015,0,,,0,1
60152902,0.800000012,1,,,0.0402930379,0,0.282355398,0.315414727,15.9258718,2.21500015,0,,,0,1
60154035,0.800000012,1,,,0.0322344303,0,0.282355398,0.315414727,15.9213276,2.21799994,0,,,0,1
60155161,0.800000012,1,,,0.0322344303,0,0.282355398,0.315414727,15.9258718,2.21799994,0,,,0,1
60156289,0.800000012,1,,,0.0322344303,0,0.282355398,0.315414727,15.9258718,2.22000003,0,,,0,1
60157414,0.800000012,1,,,0.0483516455,0,0.282355398,0.315414727,15.9258718,2.22000003,0,,,0,1
60158543,0.800000012,1,,,0.0322344303,0,0.282355398,0.315414727,15.9258718,2.22200012,0,,,0,1
60159668,0.800000012,1,,,0.0322344303,0,0.282355398,0.315414727,15.9213276,2.22200012,0,,,0,1
60160796,0.800000012,1,,,0.0322344303,0,0.282355398,0.315414727,15.9258718,2.22399998,0,,,0,1
60161922,0.800000012,1,,,0.0322344303,0,0.282355398,0.315414727,15.9258718,2.22399998,0,,,0,1
60163050,0.800000012,1,,,0.0402930379,0,0.282355398,0.315414727,15.9258718,2.227,0,,,0,1
60164175,0.800000012,1,,,0.0322344303,0,0.282355398,0.315414727,15.9258718,2.227,0,,,0,1
60165308,0.800000012,1,,,0.0402930379,0,0.282355398,0.315414727,15.9258718,2.22899985,0,,,0,1
60166434,0.800000012,1,,,0.0402930379,0,0.282355398,0.315414727,15.9258718,2.22899985,0,,,0,1
60167562,0.800000012,1,,,0.0322344303,0,0.282355398,0.315414727,15.9258718,2.23099995,0,,,0,1
60168687,0.800000012,1,,,0.0402930379,0,0.282355398,0.315414727,15.9213276,2.23099995,0,,,0,1
60169816,0.800000012,1,,,0.0402930379,0,0.282355398,0.315414727,15.9258718,2.23300004,0,,,0,1
60170941,0.800000012,1,,,0.0241758227,0,0.282355398,0.315414727,15.9258718,2.23300004,0,,,0,1
60172069,0.800000012,1,,,0.0402930379,0,0.282355398,0.315414727,15.9258718,2.23600006,0,,,0,1
60173195,0.800000012,1,,,0.0322344303,0,0.282355398,0.315414727,15.9258718,2.23600006,0,,,0,1
60174527,0.800000012,1,,,0.0322344303,0,0.282355398,0.315414727,15.9258718,2.23799992,0,,,0,1
60175653,0.800000012,1,,,0.0322344303,0,0.282355398,0.315414727,15.9304171,2.23799992,0,,,0,1
60176786,0.800000012,1,,,0.0322344303,0,0.282355398,0.315414727,15.9258718,2.24000001,0,,,0,1
60177911,0.800000012,1,,,0.0322344303,0,0.282355398,0.315414727,15.9258718,2.24000001,0,,,0,1
60179040,0.800000012,1,,,0.0322344303,0,0.282355398,0.315414727,15.9258718,2.24300003,0,,,0,1
60180165,0.800000012,1,,,0.0241758227,0,0.282355398,0.315414727,15.9258718,2.24300003,0,,,0,1
60181293,0.800000012,1,,,0.0322344303,0,0.282355398,0.315414727,15.9258718,2.24499989,0,,,0,1
60182419,0.800000012,1,,,0.0241758227,0,0.282355398,0.315414727,15.9258718,2.24499989,0,,,0,1
60183547,0.800000012,1,,,0.0322344303,0,0.282355398,0.315414727,15.9258718,2.24699998,0,,,0,1
60184672,0.800000012,1,,,0.0322344303,0,0.282355398,0.315414727,15.9258718,2.24699998,0,,,0,1
60185801,0.800000012,1,,,0.0402930379,0,0.282355398,0.315414727,15.9258718,2.24900007,0,,,0,1
60186931,0.800000012,1,,,0.0322344303,0,0.282355398,0.315414727,15.9258718,2.24900007,0,,,0,1
60188059,0.800000012,1,,,0.0402930379,0,0.282355398,0.315414727,15.9258718,2.25200009,0,,,0,1
60189185,0.800000012,1,,,0.0322344303,0,0.282355398,0.315414727,15.9258718,2.25200009,0,,,0,1
60190313,0.800000012,1,,,0.0322344303,0,0.282355398,0.315414727,15.9258718,2.25400019,0,,,0,1
60191438,0.800000012,1,,,0.0322344303,0,0.282355398,0.315414727,15.9258718,2.25400019,0,,,0,1
60192567,0.800000012,1,,,0.0402930379,0,0.282355398,0.315414727,15.9258718,2.25600004,0,,,0,1
60193692,0.800000012,1,,,0.0322344303,0,0.282355398,0.315414727,15.9258718,2.25600004,0,,,0,1
60195025,0.800000012,1,,,0.0402930379,0,0.282355398,0.315414727,15.9258718,2.25900006,0,,,0,1
60196150,0.800000012,1,,,0.0322344303,0,0.282355398,0.315414727,15.9258718,2.25900006,0,,,0,1
60197279,0.800000012,1,,,0.0322344303,0,0.282355398,0.315414727,15.9258718,2.26099992,0,,,0,1
60198409,0.800000012,1,,,0.0402930379,0,0.282355398,0.315414727,15.9258718,2.26099992,0,,,0,1
60199538,0.800000012,1,,,0.0402930379,0,0.282355398,0.315414727,15.9258718,2.26300001,0,,,0,1
60200663,0.800000012,1,,,0.0402930379,0,0.282355398,0.315414727,15.9258718,2.26300001,0,,,0,1
60201791,0.800000012,1,,,0.0483516455,0,0.282355398,0.315414727,15.9258718,2.26499987,0,,,0,1
60202917,0.800000012,1,,,0.0483516455,0,0.282355398,0.315414727,15.9258718,2.26499987,0,,,0,1
60204045,0.800000012,1,,,0.0322344303,0,0.282355398,0.315414727,15.9258718,2.26799989,0,,,0,1
60205171,0.800000012,1,,,0.0322344303,0,0.282355398,0.315414727,15.9258718,2.26799989,0,,,0,1
60206300,0.800000012,1,,,0.0322344303,0,0.282355398,0.315414727,15.9258718,2.26999998,0,,,0,1
60207425,0.800000012,1,,,0.0483516455,0,0.282355398,0.315414727,15.9258718,2.26999998,0,,,0,1
60208554,0.800000012,1,,,0.0322344303,0,0.282355398,0.315414727,15.9258718,2.27200007,0,,,0,1
60209684,0.800000012,1,,,0.0322344303,0,0.282355398,0.315414727,15.9258718,2.27200007,0,,,0,1
60210812,0.800000012,1,,,0.0322344303,0,0.282355398,0.315414727,15.9258718,2.27400017,0,,,0,1
60211938,0.800000012,1,,,0.0322344303,0,0.282355398,0.315414727,15.9213276,2.27400017,0,,,0,1
60213066,0.800000012,1,,,0.0402930379,0,0.282355398,0.315414727,15.9258718,2.27699995,0,,,0,1
60214191,0.800000012,1,,,0.0402930379,0,0.282355398,0.315414727,15.9213276,2.27699995,0,,,0,1
60215320,0.800000012,1,,,0.0322344303,0,0.282355398,0.315414727,15.9258718,2.27900004,0,,,0,1
60216649,0.800000012,1,,,0.0322344303,0,0.282355398,0.315414727,15.9258718,2.27900004,0,,,0,1
60217777,0.800000012,1,,,0.0402930379,0,0.282355398,0.315414727,15.9258718,2.28100014,0,,,0,1
60218902,0.800000012,1,,,0.0402930379,0,0.282355398,0.315414727,15.9258718,2.28100014,0,,,0,1
60220031,0.800000012,1,,,0.0322344303,0,0.282355398,0.315414727,15.9258718,2.28399992,0,,,0,1
60221161,0.800000012,1,,,0.0241758227,0,0.282355398,0.315414727,15.9258718,2.28399992,0,,,0,1
60222290,0.800000012,1,,,0.0322344303,0,0.282355398,0.315414727,15.9213276,2.28600001,0,,,0,1
60223415,0.800000012,1,,,0.0402930379,0,0.282355398,0.315414727,15.9258718,2.28600001,0,,,0,1
60224544,0.800000012,1,,,0.0322344303,0,0.282355398,0.315414727,15.9258718,2.28799987,0,,,0,1
60225669,0.800000012,1,,,0.0402930379,0,0.282355398,0.315414727,15.9258718,2.28799987,0,,,0,1
60226798,0.800000012,1,,,0.0322344303,0,0.282355398,0.315414727,15.9213276,2.28999996,0,,,0,1
60227924,0.800000012,1,,,0.0322344303,0,0.282355398,0.315414727,15.9213276,2.28999996,0,,,0,1
60229052,0.800000012,1,,,0.0322344303,0,0.282355398,0.315414727,15.9258718,2.29299998,0,,,0,1
60230177,0.800000012,1,,,0.0322344303,0,0.282355398,0.315414727,15.9304171,2.29299998,0,,,0,1
60231305,0.800000012,1,,,0.0402930379,0,0.282355398,0.315414727,15.9258718,2.29500008,0,,,0,1
60232436,0.800000012,1,,,0.0402930379,0,0.282355398,0.315414727,15.9258718,2.29500008,0,,,0,1
60233564,0.800000012,1,,,0.0402930379,0,0.282355398,0.315414727,15.9258718,2.29699993,0,,,0,1
60234690,0.800000012,1,,,0.0402930379,0,0.282355398,0.315414727,15.9213276,2.29699993,0,,,0,1
60235819,0.800000012,1,,,0.0402930379,0,0.282355398,0.315414727,15.9213276,2.29900002,0,,,0,1
60237148,0.800000012,1,,,0.0322344303,0,0.282355398,0.315414727,15.9258718,2.29900002,0,,,0,1
60238276,0.800000012,1,,,0.0322344303,0,0.282355398,0.315414727,15.9258718,2.30200005,0,,,0,1
60239402,0.800000012,1,,,0.0402930379,0,0.282355398,0.315414727,15.9258718,2.30200005,0,,,0,1
60240530,0.800000012,1,,,0.0402930379,0,0.282355398,0.315414727,15.9304171,2.3039999,0,,,0,1
60241655,0.800000012,1,,,0.0322344303,0,0.282355398,0.315414727,15.9258718,2.3039999,0,,,0,1
60242784,0.800000012,1,,,0.0322344303,0,0.282355398,0.315414727,15.9258718,2.30599999,0,,,0,1
60243914,0.800000012,1,,,0.0402930379,0,0.282355398,0.315414727,15.9258718,2.30599999,0,,,0,1
60245042,0.800000012,1,,,0.0322344303,0,0.282355398,0.315414727,15.9258718,2.30900002,0,,,0,1
60246168,0.800000012,1,,,0.0322344303,0,0.282355398,0.315414727,15.9258718,2.30900002,0,,,0,1
60247296,0.800000012,1,,,0.0402930379,0,0.282355398,0.315414727,15.9258718,2.31100011,0,,,0,1
60248422,0.800000012,1,,,0.0483516455,0,0.282355398,0.315414727,15.9258718,2.31100011,0,,,0,1
60249550,0.800000012,1,,,0.0322344303,0,0.282355398,0.315414727,15.9258718,2.3130002,0,,,0,1
60250675,0.800000012,1,,,0.0483516455,0,0.282355398,0.315414727,15.9258718,2.3130002,0,,,0,1
60251803,0.800000012,1,,,0.0402930379,0,0.282355398,0.315414727,15.9258718,2.31500006,0,,,0,1
60252929,0.800000012,1,,,0.0322344303,0,0.282355398,0.315414727,15.9258718,2.31500006,0,,,0,1
60254062,0.800000012,1,,,0.0402930379,0,0.282355398,0.315414727,15.9258718,2.31800008,0,,,0,1
60255187,0.800000012,1,,,0.0402930379,0,0.282355398,0.315414727,15.9258718,2.31800008,0,,,0,1
60256316,0.800000012,1,,,0.0402930379,0,0.282355398,0.315414727,15.9258718,2.31999993,0,,,0,1
60257442,0.800000012,1,,,0.0322344303,0,0.282355398,0.315414727,15.9213276,2.31999993,0,,,0,1
60258774,0.800000012,1,,,0.0402930379,0,0.282355398,0.315414727,15.9213276,2.32200003,0,,,0,1
60259899,0.800000012,1,,,0.0402930379,0,0.282355398,0.315414727,15.9213276,2.32200003,0,,,0,1
60261028,0.800000012,1,,,0.0402930379,0,0.282355398,0.315414727,15.9258718,2.32499981,0,,,0,1
60262153,0.800000012,1,,,0.0402930379,0,0.282355398,0.315414727,15.9213276,2.32499981,0,,,0,1
60263281,0.800000012,1,,,0.0322344303,0,0.282355398,0.315414727,15.9258718,2.3269999,0,,,0,1
60264407,0.800000012,1,,,0.0322344303,0,0.282355398,0.315414727,15.9258718,2.3269999,0,,,0,1
60265540,0.800000012,1,,,0.0241758227,0,0.282355398,0.315414727,15.9258718,2.329,0,,,0,1
60266665,0.800000012,1,,,0.0402930379,0,0.282355398,0.315414727,15.9258718,2.329,0,,,0,1
60267794,0.800000012,1,,,0.0402930379,0,0.282355398,0.315414727,15.9258718,2.33100009,0,,,0,1
60268919,0.800000012,1,,,0.0322344303,0,0.282355398,0.315414727,15.9258718,2.33100009,0,,,0,1
60270047,0.800000012,1,,,0.0241758227,0,0.282355398,0.315414727,15.9213276,2.33400011,0,,,0,1
60271173,0.800000012,1,,,0.0402930379,0,0.282355398,0.315414727,15.9258718,2.33400011,0,,,0,1
60272301,0.800000012,1,,,0.0322344303,0,0.282355398,0.315414727,15.9213276,2.33599997,0,,,0,1
60273426,0.800000012,1,,,0.0322344303,0,0.282355398,0.315414727,15.9258718,2.33599997,0,,,0,1
60274555,0.800000012,1,,,0.0402930379,0,0.282355398,0.315414727,15.9258718,2.33800006,0,,,0,1
60275680,0.800000012,1,,,0.0322344303,0,0.282355398,0.315414727,15.9258718,2.33800006,0,,,0,1
60276813,0.800000012,1,,,0.0322344303,0,0.282355398,0.315414727,15.9258718,2.33999991,0,,,0,1
60277939,0.800000012,1,,,0.0402930379,0,0.282355398,0.315414727,15.9213276,2.33999991,0,,,0,1
60279271,0.800000012,1,,,0.0402930379,0,0.282355398,0.315414727,15.9258718,2.34299994,0,,,0,1
60280397,0.800000012,1,,,0.0322344303,0,0.282355398,0.315414727,15.9213276,2.34299994,0,,,0,1
60281525,0.800000012,1,,,0.0402930379,0,0.282355398,0.315414727,15.9258718,2.34500003,0,,,0,1
60282651,0.800000012,1,,,0.0322344303,0,0.282355398,0.315414727,15.9258718,2.34500003,0,,,0,1
60283780,0.800000012,1,,,0.0402930379,0,0.282355398,0.315414727,15.9258718,2.34699988,0,,,0,1
60284905,0.800000012,1,,,0.0402930379,0,0.282355398,0.315414727,15.9258718,2.34699988,0,,,0,1
60286034,0.800000012,1,,,0.0241758227,0,0.282355398,0.315414727,15.9213276,2.35000014,0,,,0,1
60287159,0.800000012,1,,,0.0402930379,0,0.282355398,0.315414727,15.9258718,2.35000014,0,,,0,1
60288292,0.800000012,1,,,0.0322344303,0,0.282355398,0.315414727,15.9258718,2.352,0,,,0,1
60289417,0.800000012,1,,,0.0241758227,0,0.282355398,0.315414727,15.9258718,2.352,0,,,0,1
60290546,0.800000012,1,,,0.0402930379,0,0.282355398,0.315414727,15.9258718,2.35400009,0,,,0,1
60291671,0.800000012,1,,,0.0402930379,0,0.282355398,0.315414727,15.9258718,2.35400009,0,,,0,1
60292799,0.800000012,1,,,0.0402930379,0,0.282355398,0.315414727,15.9258718,2.35599995,0,,,0,1
60293925,0.800000012,1,,,0.0322344303,0,0.282355398,0.315414727,15.9258718,2.35599995,0,,,0,1
60295053,0.800000012,1,,,0.0483516455,0,0.282355398,0.315414727,15.9213276,2.35899997,0,,,0,1
60296178,0.800000012,1,,,0.0322344303,0,0.282355398,0.315414727,15.9258718,2.35899997,0,,,0,1
60297306,0.800000012,1,,,0.0322344303,0,0.282355398,0.315414727,15.9258718,2.36100006,0,,,0,1
60298432,0.800000012,1,,,0.0402930379,0,0.282355398,0.315414727,15.9258718,2.36100006,0,,,0,1
60299769,0.800000012,1,,,0.0322344303,0,0.282355398,0.315414727,15.9258718,2.36299992,0,,,0,1
60300895,0.800000012,1,,,0.0402930379,0,0.282355398,0.315414727,15.9258718,2.36299992,0,,,0,1
60302023,0.800000012,1,,,0.0402930379,0,0.282355398,0.315414727,15.9258718,2.36599994,0,,,0,1
60303149,0.800000012,1,,,0.0322344303,0,0.282355398,0.315414727,15.9258718,2.36599994,0,,,0,1
60304277,0.800000012,1,,,0.0322344303,0,0.282355398,0.315414727,15.9258718,2.36800003,0,,,0,1
60305403,0.800000012,1,,,0.0402930379,0,0.282355398,0.315414727,15.9258718,2.36800003,0,,,0,1
60306532,0.800000012,1,,,0.0241758227,0,0.282355398,0.315414727,15.9258718,2.37000012,0,,,0,1
60307657,0.800000012,1,,,0.0322344303,0,0.282355398,0.315414727,15.9258718,2.37000012,0,,,0,1
60308785,0.800000012,1,,,0.0322344303,0,0.282355398,0.315414727,15.9258718,2.37199998,0,,,0,1
60309911,0.800000012,1,,,0.0322344303,0,0.282355398,0.315414727,15.9258718,2.37199998,0,,,0,1
60311044,0.800000012,1,,,0.0322344303,0,0.282355398,0.315414727,15.9258718,2.375,0,,,0,1
60312169,0.800000012,1,,,0.0322344303,0,0.282355398,0.315414727,15.9258718,2.375,0,,,0,1
60313298,0.800000012,0.800000012,,,0.0322344303,0.00805860758,0.282355398,0.315414727,15.9258718,2.37699986,0,,,0,1
60314423,0.800000012,1,,,0.0402930379,0,0.282355398,0.315414727,15.9258718,2.37699986,0,,,0,1
60315552,0.800000012,1,,,0.0322344303,0,0.282355398,0.315414727,15.9213276,2.37899995,0,,,0,1
60316677,0.800000012,1,,,0.0322344303,0,0.282355398,0.315414727,15.9213276,2.37899995,0,,,0,1
60317806,0.800000012,1,,,0.0402930379,0,0.282355398,0.315414727,15.9258718,2.38100004,0,,,0,1
60318932,0.800000012,1,,,0.0402930379,0,0.282355398,0.315414727,15.9258718,2.38100004,0,,,0,1
60320060,0.800000012,1,,,0.0322344303,0,0.282355398,0.315414727,15.9258718,2.38399982,0,,,0,1
60321390,0.800000012,1,,,0.0402930379,0,0.282355398,0.315414727,15.9258718,2.38399982,0,,,0,1
60322523,0.800000012,1,,,0.0322344303,0,0.282355398,0.315414727,15.9258718,2.38599992,0,,,0,1
60323648,0.800000012,1,,,0.0402930379,0,0.282355398,0.315414727,15.9304171,2.38599992,0,,,0,1
60324776,0.800000012,1,,,0.0402930379,0,0.282355398,0.315414727,15.9258718,2.38800001,0,,,0,1
60325902,0.800000012,1,,,0.0241758227,0,0.282355398,0.315414727,15.9258718,2.38800001,0,,,0,1
60327030,0.800000012,1,,,0.0241758227,0,0.282355398,0.315414727,15.9258718,2.39100003,0,,,0,1
60328155,0.800000012,1,,,0.0322344303,0,0.282355398,0.315414727,15.9258718,2.39100003,0,,,0,1
60329284,0.800000012,1,,,0.0322344303,0,0.282355398,0.315414727,15.9258718,2.39300013,0,,,0,1
60330409,0.800000012,1,,,0.0402930379,0,0.282355398,0.315414727,15.9258718,2.39300013,0,,,0,1
60331538,0.800000012,1,,,0.0322344303,0,0.282355398,0.315414727,15.9258718,2.39499998,0,,,0,1
60332668,0.800000012,1,,,0.0241758227,0,0.282355398,0.315414727,15.9213276,2.39499998,0,,,0,1
60333797,0.800000012,1,,,0.0322344303,0,0.282355398,0.315414727,15.9258718,2.39700007,0,,,0,1
60334922,0.800000012,1,,,0.0322344303,0,0.282355398,0.315414727,15.9258718,2.39700007,0,,,0,1
60336050,0.800000012,1,,,0.0322344303,0,0.282355398,0.315414727,15.9258718,2.4000001,0,,,0,1
60337176,0.800000012,1,,,0.0322344303,0,0.282355398,0.315414727,15.9258718,2.4000001,0,,,0,1
60338304,0.800000012,1,,,0.0241758227,0,0.282355398,0.315414727,15.9258718,2.40199995,0,,,0,1
60339429,0.800000012,1,,,0.0402930379,0,0.282355398,0.315414727,15.9304171,2.40199995,0,,,0,1
60340558,0.800000012,1,,,0.0402930379,0,0.282355398,0.315414727,15.9258718,2.40399981,0,,,0,1
60341887,0.800000012,1,,,0.0241758227,0,0.282355398,0.315414727,15.9258718,2.40399981,0,,,0,1
60343015,0.800000012,1,,,0.0322344303,0,0.282355398,0.315414727,15.9258718,2.40700006,0,,,0,1
60344146,0.800000012,1,,,0.0322344303,0,0.282355398,0.315414727,15.9258718,2.40700006,0,,,0,1
60345274,0.800000012,1,,,0.0402930379,0,0.282355398,0.315414727,15.9258718,2.40899992,0,,,0,1
60346400,0.800000012,1,,,0.0402930379,0,0.282355398,0.315414727,15.9258718,2.40899992,0,,,0,1
60347528,0.800000012,1,,,0.0241758227,0,0.282355398,0.315414727,15.9258718,2.41100001,0,,,0,1
60348653,0.800000012,1,,,0.0402930379,0,0.282355398,0.315414727,15.9258718,2.41100001,0,,,0,1
60349782,0.800000012,1,,,0.0322344303,0,0.282355398,0.315414727,15.9258718,2.41300011,0,,,0,1
60350907,0.800000012,1,,,0.0322344303,0,0.282355398,0.315414727,15.9258718,2.41300011,0,,,0,1
60352035,0.800000012,1,,,0.0322344303,0,0.282355398,0.315414727,15.9258718,2.41599989,0,,,0,1
60353161,0.800000012,1,,,0.0322344303,0,0.282355398,0.315414727,15.9258718,2.41599989,0,,,0,1
60354289,0.800000012,1,,,0.0402930379,0,0.282355398,0.315414727,15.9258718,2.41799998,0,,,0,1
60355419,0.800000012,1,,,0.0322344303,0,0.282355398,0.315414727,15.9258718,2.41799998,0,,,0,1
60356548,0.800000012,1,,,0.0322344303,0,0.282355398,0.315414727,15.9258718,2.42000008,0,,,0,1
60357673,0.800000012,1,,,0.0322344303,0,0.282355398,0.315414727,15.9258718,2.42000008,0,,,0,1
60358801,0.800000012,1,,,0.0483516455,0,0.282355398,0.315414727,15.9258718,2.42199993,0,,,0,1
60359927,0.800000012,1,,,0.0322344303,0,0.282355398,0.315414727,15.9258718,2.42199993,0,,,0,1
60361055,0.800000012,1,,,0.0322344303,0,0.282355398,0.315414727,15.9258718,2.42499995,0,,,0,1
60362181,0.800000012,1,,,0.0322344303,0,0.282355398,0.315414727,15.9258718,2.42499995,0,,,0,1
60363513,0.800000012,1,,,0.0322344303,0,0.282355398,0.315414727,15.9258718,2.42700005,0,,,0,1
60364639,0.800000012,1,,,0.0322344303,0,0.282355398,0.315414727,15.9258718,2.42700005,0,,,0,1
60365767,0.800000012,1,,,0.0322344303,0,0.282355398,0.315414727,15.9258718,2.42900014,0,,,0,1
60366898,0.800000012,1,,,0.0483516455,0,0.282355398,0.315414727,15.9258718,2.42900014,0,,,0,1
60368026,0.800000012,1,,,0.0402930379,0,0.282355398,0.315414727,15.9258718,2.43200016,0,,,0,1
60369151,0.800000012,1,,,0.0322344303,0,0.282355398,0.315414727,15.9258718,2.43200016,0,,,0,1
60370279,0.800000012,1,,,0.0322344303,0,0.282355398,0.315414727,15.9213276,2.43400002,0,,,0,1
60371405,0.800000012,1,,,0.0402930379,0,0.282355398,0.315414727,15.9258718,2.43400002,0,,,0,1
60372533,0.800000012,1,,,0.0402930379,0,0.282355398,0.315414727,15.9258718,2.43599987,0,,,0,1
60373658,0.800000012,1,,,0.0322344303,0,0.282355398,0.315414727,15.9258718,2.43599987,0,,,0,1
60374787,0.800000012,1,,,0.0322344303,0,0.282355398,0.315414727,15.9258718,2.43799996,0,,,0,1
60375913,0.800000012,1,,,0.0322344303,0,0.282355398,0.315414727,15.9258718,2.43799996,0,,,0,1
60377041,0.800000012,1,,,0.0402930379,0,0.282355398,0.315414727,15.9258718,2.44099998,0,,,0,1
60378171,0.800000012,1,,,0.0402930379,0,0.282355398,0.315414727,15.9258718,2.44099998,0,,,0,1
60379300,0.800000012,1,,,0.0322344303,0,0.282355398,0.315414727,15.9258718,2.44299984,0,,,0,1
60380425,0.800000012,1,,,0.0322344303,0,0.282355398,0.315414727,15.9258718,2.44299984,0,,,0,1
60381553,0.800000012,1,,,0.0161172152,0,0.282355398,0.315414727,15.9258718,2.44499993,0,,,0,1
60382679,0.800000012,1,,,0.0483516455,0,0.282355398,0.315414727,15.9258718,2.44499993,0,,,0,1
60384011,0.800000012,1,,,0.0322344303,0,0.282355398,0.315414727,15.9304171,2.44799995,0,,,0,1
60385137,0.800000012,1,,,0.0402930379,0,0.282355398,0.315414727,15.9258718,2.44799995,0,,,0,1
60386265,0.800000012,1,,,0.0402930379,0,0.282355398,0.315414727,15.9258718,2.45000005,0,,,0,1
60387390,0.800000012,1,,,0.0241758227,0,0.282355398,0.315414727,15.9213276,2.45000005,0,,,0,1
60388519,0.800000012,1,,,0.0483516455,0,0.282355398,0.315414727,15.9258718,2.45200014,0,,,0,1
60389649,0.800000012,1,,,0.0322344303,0,0.282355398,0.315414727,15.9213276,2.45200014,0,,,0,1
60390778,0.800000012,0.571428597,,,0.0322344303,0.0241758227,0.282355398,0.315414727,15.9258718,2.454,0,,,0,1
60391903,0.800000012,1,,,0.0402930379,0,0.282355398,0.315414727,15.9258718,2.454,0,,,0,1
60393032,0.800000012,1,,,0.0402930379,0,0.282355398,0.315414727,15.9213276,2.45700002,0,,,0,1
60394157,0.800000012,1,,,0.0241758227,0,0.282355398,0.315414727,15.9258718,2.45700002,0,,,0,1
60395286,0.800000012,1,,,0.0322344303,0,0.282355398,0.315414727,15.9258718,2.45900011,0,,,0,1
60396411,0.800000012,1,,,0.0402930379,0,0.282355398,0.315414727,15.9213276,2.45900011,0,,,0,1
60397540,0.800000012,1,,,0.0322344303,0,0.282355398,0.315414727,15.9258718,2.46099997,0,,,0,1
60398666,0.800000012,1,,,0.0483516455,0,0.282355398,0.315414727,15.9258718,2.46099997,0,,,0,1
60399798,0.800000012,1,,,0.0322344303,0,0.282355398,0.315414727,15.9258718,2.46299982,0,,,0,1
60400924,0.800000012,1,,,0.0483516455,0,0.282355398,0.315414727,15.9258718,2.46299982,0,,,0,1
60402053,0.800000012,1,,,0.0322344303,0,0.282355398,0.315414727,15.9258718,2.46600008,0,,,0,1
60403178,0.800000012,1,,,0.0322344303,0,0.282355398,0.315414727,15.9213276,2.46600008,0,,,0,1
60404307,0.800000012,1,,,0.0402930379,0,0.282355398,0.315414727,15.9258718,2.46799994,0,,,0,1
60405636,0.800000012,1,,,0.0402930379,0,0.282355398,0.315414727,15.9258718,2.46799994,0,,,0,1
60406765,0.800000012,1,,,0.0402930379,0,0.282355398,0.315414727,15.9258718,2.47000003,0,,,0,1
60407890,0.800000012,1,,,0.0322344303,0,0.282355398,0.315414727,15.9258718,2.47000003,0,,,0,1
60409018,0.800000012,1,,,0.0402930379,0,0.282355398,0.315414727,15.9258718,2.47300005,0,,,0,1
60410144,0.800000012,1,,,0.0402930379,0,0.282355398,0.315414727,15.9258718,2.47300005,0,,,0,1
60411277,0.800000012,1,,,0.0402930379,0,0.282355398,0.315414727,15.9258718,2.4749999,0,,,0,1
60412403,0.800000012,1,,,0.0402930379,0,0.282355398,0.315414727,15.9258718,2.4749999,0,,,0,1
60413531,0.800000012,1,,,0.0402930379,0,0.282355398,0.315414727,15.9258718,2.477,0,,,0,1
60414656,0.800000012,1,,,0.0322344303,0,0.282355398,0.315414727,15.9213276,2.477,0,,,0,1
60415785,0.800000012,1,,,0.0402930379,0,0.282355398,0.315414727,15.9258718,2.47900009,0,,,0,1
60416910,0.800000012,1,,,0.0322344303,0,0.282355398,0.315414727,15.9258718,2.47900009,0,,,0,1
60418038,0.800000012,1,,,0.0322344303,0,0.282355398,0.315414727,15.9258718,2.48199987,0,,,0,1
60419164,0.800000012,1,,,0.0402930379,0,0.282355398,0.315414727,15.9304171,2.48199987,0,,,0,1
60420292,0.800000012,1,,,0.0322344303,0,0.282355398,0.315414727,15.9213276,2.48399997,0,,,0,1
60421417,0.800000012,1,,,0.0322344303,0,0.282355398,0.315414727,15.9213276,2.48399997,0,,,0,1
60422551,0.800000012,1,,,0.0402930379,0,0.282355398,0.315414727,15.9258718,2.48600006,0,,,0,1
60423676,0.800000012,1,,,0.0402930379,0,0.282355398,0.315414727,15.9304171,2.48600006,0,,,0,1
60424805,0.800000012,1,,,0.0322344303,0,0.282355398,0.315414727,15.9258718,2.48799992,0,,,0,1
60426134,0.800000012,1,,,0.0322344303,0,0.282355398,0.315414727,15.9258718,2.48799992,0,,,0,1
60427262,0.800000012,1,,,0.0322344303,0,0.282355398,0.315414727,15.9258718,2.49100018,0,,,0,1
60428388,0.800000012,1,,,0.0402930379,0,0.282355398,0.315414727,15.9258718,2.49100018,0,,,0,1
60429516,0.800000012,1,,,0.0322344303,0,0.282355398,0.315414727,15.9213276,2.49300003,0,,,0,1
60430641,0.800000012,1,,,0.0322344303,0,0.282355398,0.315414727,15.9258718,2.49300003,0,,,0,1
60431770,0.800000012,1,,,0.0402930379,0,0.282355398,0.315414727,15.9258718,2.49499989,0,,,0,1
60432895,0.800000012,1,,,0.0402930379,0,0.282355398,0.315414727,15.9258718,2.49499989,0,,,0,1
60434028,0.800000012,1,,,0.0402930379,0,0.282355398,0.315414727,15.9258718,2.49800014,0,,,0,1
60435153,0.800000012,1,,,0.0402930379,0,0.282355398,0.315414727,15.9258718,2.49800014,0,,,0,1
60436288,0.800000012,1,,,0.0402930379,0,0.282355398,0.315414727,15.9258718,2.5,0,,,0,1
60437414,0.800000012,1,,,0.0402930379,0,0.282355398,0.315414727,15.9258718,2.5,0,,,0,1
60438542,0.800000012,1,,,0.0402930379,0,0.282355398,0.315414727,15.9258718,2.50199986,0,,,0,1
60439668,0.800000012,1,,,0.0402930379,0,0.282355398,0.315414727,15.9258718,2.50199986,0,,,0,1
60440796,0.800000012,1,,,0.0322344303,0,0.282355398,0.315414727,15.9258718,2.50399995,0,,,0,1
60441922,0.800000012,1,,,0.0402930379,0,0.282355398,0.315414727,15.9258718,2.50399995,0,,,0,1
60443050,0.800000012,1,,,0.0322344303,0,0.282355398,0.315414727,15.9258718,2.50699997,0,,,0,1
60444175,0.800000012,1,,,0.0322344303,0,0.282355398,0.315414727,15.9258718,2.50699997,0,,,0,1
60445308,0.800000012,1,,,0.0402930379,0,0.282355398,0.315414727,15.9258718,2.50900006,0,,,0,1
60446434,0.800000012,1,,,0.0483516455,0,0.282355398,0.315414727,15.9258718,2.50900006,0,,,0,1
60447766,0.800000012,1,,,0.0402930379,0,0.282355398,0.315414727,15.9258718,2.51100016,0,,,0,1
60448892,0.800000012,1,,,0.0483516455,0,0.282355398,0.315414727,15.9213276,2.51100016,0,,,0,1
60450020,0.800000012,1,,,0.0483516455,0,0.282355398,0.315414727,15.9213276,2.51399994,0,,,0,1
60451145,0.800000012,1,,,0.0322344303,0,0.282355398,0.315414727,15.9213276,2.51399994,0,,,0,1
60452274,0.800000012,1,,,0.0402930379,0,0.282355398,0.315414727,15.9258718,2.51600003,0,,,0,1
60453399,0.800000012,1,,,0.0402930379,0,0.282355398,0.315414727,15.9258718,2.51600003,0,,,0,1
60454527,0.800000012,1,,,0.0483516455,0,0.282355398,0.315414727,15.9167824,2.51800013,0,,,0,1
60455653,0.800000012,1,,,0.0402930379,0,0.282355398,0.315414727,15.9213276,2.51800013,0,,,0,1
60456786,0.800000012,1,,,0.0402930379,0,0.282355398,0.315414727,15.9258718,2.51999998,0,,,0,1
60457911,0.800000012,1,,,0.0402930379,0,0.282355398,0.315414727,15.9213276,2.51999998,0,,,0,1
60459039,0.800000012,1,,,0.0322344303,0,0.282355398,0.315414727,15.9258718,2.523,0,,,0,1
60460165,0.800000012,1,,,0.0402930379,0,0.282355398,0.315414727,15.9258718,2.523,0,,,0,1
60461293,0.800000012,1,,,0.0322344303,0,0.282355398,0.315414727,15.9258718,2.52499986,0,,,0,1
60462418,0.800000012,1,,,0.0402930379,0,0.282355398,0.315414727,15.9258718,2.52499986,0,,,0,1
60463547,0.800000012,1,,,0.0402930379,0,0.282355398,0.315414727,15.9213276,2.52699995,0,,,0,1
60464672,0.800000012,1,,,0.0322344303,0,0.282355398,0.315414727,15.9258718,2.52699995,0,,,0,1
60465800,0.800000012,1,,,0.0483516455,0,0.282355398,0.315414727,15.9258718,2.52900004,0,,,0,1
60466926,0.800000012,1,,,0.0402930379,0,0.282355398,0.315414727,15.9213276,2.52900004,0,,,0,1
60468263,0.800000012,1,,,0.0402930379,0,0.282355398,0.315414727,15.9213276,2.53200006,0,,,0,1
60469388,0.800000012,1,,,0.0322344303,0,0.282355398,0.315414727,15.9258718,2.53200006,0,,,0,1
60470516,0.800000012,1,,,0.0402930379,0,0.282355398,0.315414727,15.9258718,2.53399992,0,,,0,1
60471642,0.800000012,1,,,0.0402930379,0,0.282355398,0.315414727,15.9258718,2.53399992,0,,,0,1
60472770,0.800000012,1,,,0.0483516455,0,0.282355398,0.315414727,15.9258718,2.53600001,0,,,0,1
60473895,0.800000012,1,,,0.0483516455,0,0.282355398,0.315414727,15.9213276,2.53600001,0,,,0,1
60475024,0.800000012,1,,,0.0322344303,0,0.282355398,0.315414727,15.9258718,2.53900003,0,,,0,1
60476149,0.800000012,1,,,0.0402930379,0,0.282355398,0.315414727,15.9258718,2.53900003,0,,,0,1
60477278,0.800000012,1,,,0.0402930379,0,0.282355398,0.315414727,15.9258718,2.54099989,0,,,0,1
60478408,0.800000012,1,,,0.0402930379,0,0.282355398,0.315414727,15.9258718,2.54099989,0,,,0,1
60479536,0.800000012,1,,,0.0402930379,0,0.282355398,0.315414727,15.9213276,2.54299998,0,,,0,1
60480662,0.800000012,1,,,0.0402930379,0,0.282355398,0.315414727,15.9258718,2.54299998,0,,,0,1
60481790,0.800000012,1,,,0.0483516455,0,0.282355398,0.315414727,15.9258718,2.54500008,0,,,0,1
60482915,0.800000012,1,,,0.0402930379,0,0.282355398,0.315414727,15.9213276,2.54500008,0,,,0,1
60484044,0.800000012,1,,,0.0402930379,0,0.282355398,0.315414727,15.9258718,2.5480001,0,,,0,1
60485169,0.800000012,1,,,0.0322344303,0,0.282355398,0.315414727,15.9258718,2.5480001,0,,,0,1
60486297,0.800000012,1,,,0.0402930379,0,0.282355398,0.315414727,15.9258718,2.55000019,0,,,0,1
60487423,0.800000012,1,,,0.0402930379,0,0.282355398,0.315414727,15.9258718,2.55000019,0,,,0,1
60488551,0.800000012,1,,,0.0322344303,0,0.282355398,0.315414727,15.9213276,2.55200005,0,,,0,1
60489885,0.800000012,1,,,0.0402930379,0,0.282355398,0.315414727,15.9258718,2.55200005,0,,,0,1
60491014,0.800000012,1,,,0.0402930379,0,0.282355398,0.315414727,15.9213276,2.55500007,0,,,0,1
60492139,0.800000012,1,,,0.0402930379,0,0.282355398,0.315414727,15.9258718,2.55500007,0,,,0,1
60493267,0.800000012,1,,,0.0322344303,0,0.282355398,0.315414727,15.9258718,2.55699992,0,,,0,1
60494393,0.800000012,1,,,0.0483516455,0,0.282355398,0.315414727,15.9213276,2.55699992,0,,,0,1
60495521,0.800000012,1,,,0.0402930379,0,0.282355398,0.315414727,15.9258718,2.55900002,0,,,0,1
60496647,0.800000012,1,,,0.0322344303,0,0.282355398,0.315414727,15.9258718,2.55900002,0,,,0,1
60497775,0.800000012,1,,,0.0483516455,0,0.282355398,0.315414727,15.9258718,2.56099987,0,,,0,1
60498900,0.800000012,1,,,0.0402930379,0,0.282355398,0.315414727,15.9258718,2.56099987,0,,,0,1
60500029,0.800000012,1,,,0.0402930379,0,0.282355398,0.315414727,15.9258718,2.56399989,0,,,0,1
60501159,0.800000012,1,,,0.0402930379,0,0.282355398,0.315414727,15.9258718,2.56399989,0,,,0,1
60502287,0.800000012,1,,,0.0483516455,0,0.282355398,0.315414727,15.9258718,2.56599998,0,,,0,1
60503413,0.800000012,1,,,0.0483516455,0,0.282355398,0.315414727,15.9213276,2.56599998,0,,,0,1
60504541,0.800000012,1,,,0.0483516455,0,0.282355398,0.315414727,15.9258718,2.56800008,0,,,0,1
60505666,0.800000012,1,,,0.056410253,0,0.282355398,0.315414727,15.9258718,2.56800008,0,,,0,1
60506795,0.800000012,1,,,0.0483516455,0,0.282355398,0.315414727,15.9213276,2.57000017,0,,,0,1
60507920,0.800000012,1,,,0.056410253,0,0.282355398,0.315414727,15.9213276,2.57000017,0,,,0,1
60509048,0.800000012,1,,,0.0483516455,0,0.282355398,0.315414727,15.9258718,2.57299995,0,,,0,1
60510378,0.800000012,0.857142866,,,0.0483516455,0.00805860758,0.282355398,0.315414727,15.9258718,2.57299995,0,,,0,1
60511507,0.800000012,1,,,0.0483516455,0,0.282355398,0.315414727,15.9213276,2.57500005,0,,,0,1
60512637,0.800000012,1,,,0.0725274682,0,0.282355398,0.315414727,15.9258718,2.57500005,0,,,0,1
60513765,0.800000012,1,,,0.056410253,0,0.282355398,0.315414727,15.9258718,2.57700014,0,,,0,1
60514890,0.800000012,1,,,0.056410253,0,0.282355398,0.315414727,15.9213276,2.57700014,0,,,0,1
60516019,0.800000012,1,,,0.056410253,0,0.282355398,0.315414727,15.9258718,2.57999992,0,,,0,1
60517144,0.800000012,1,,,0.0483516455,0,0.282355398,0.315414727,15.9258718,2.57999992,0,,,0,1
60518273,0.800000012,1,,,0.0483516455,0,0.282355398,0.315414727,15.9258718,2.58200002,0,,,0,1
60519399,0.800000012,1,,,0.056410253,0,0.282355398,0.315414727,15.9304171,2.58200002,0,,,0,1
60520527,0.800000012,1,,,0.056410253,0,0.282355398,0.315414727,15.9213276,2.58399987,0,,,0,1
60521653,0.800000012,1,,,0.0402930379,0,0.282355398,0.315414727,15.9258718,2.58399987,0,,,0,1
60522781,0.800000012,1,,,0.056410253,0,0.282355398,0.315414727,15.9213276,2.58599997,0,,,0,1
60523912,0.800000012,1,,,0.056410253,0,0.282355398,0.315414727,15.9258718,2.58599997,0,,,0,1
60525040,0.800000012,1,,,0.0483516455,0,0.282355398,0.315414727,15.9213276,2.58899999,0,,,0,1
60526165,0.800000012,1,,,0.0483516455,0,0.282355398,0.315414727,15.9258718,2.58899999,0,,,0,1
60527293,0.800000012,1,,,0.0483516455,0,0.282355398,0.315414727,15.9258718,2.59100008,0,,,0,1
60528419,0.800000012,1,,,0.056410253,0,0.282355398,0.315414727,15.9213276,2.59100008,0,,,0,1
60529547,0.800000012,1,,,0.0483516455,0,0.282355398,0.315414727,15.9213276,2.59299994,0,,,0,1
60530876,0.800000012,1,,,0.0402930379,0,0.282355398,0.315414727,15.9258718,2.59299994,0,,,0,1
60532005,0.800000012,1,,,0.056410253,0,0.282355398,0.315414727,15.9258718,2.59599996,0,,,0,1
60533130,0.800000012,1,,,0.0483516455,0,0.282355398,0.315414727,15.9258718,2.59599996,0,,,0,1
60534258,0.800000012,1,,,0.0483516455,0,0.282355398,0.315414727,15.9258718,2.59800005,0,,,0,1
60535389,0.800000012,1,,,0.0322344303,0,0.282355398,0.315414727,15.9258718,2.59800005,0,,,0,1
60536518,0.800000012,1,,,0.0402930379,0,0.282355398,0.315414727,15.9213276,2.5999999,0,,,0,1
60537643,0.800000012,1,,,0.0402930379,0,0.282355398,0.315414727,15.9258718,2.5999999,0,,,0,1
60538772,0.800000012,1,,,0.0402930379,0,0.282355398,0.315414727,15.9213276,2.602,0,,,0,1
60539897,0.800000012,1,,,0.0322344303,0,0.282355398,0.315414727,15.9213276,2.602,0,,,0,1
60541026,0.800000012,1,,,0.0322344303,0,0.282355398,0.315414727,15.9258718,2.60500002,0,,,0,1
60542151,0.800000012,1,,,0.0402930379,0,0.282355398,0.315414727,15.9258718,2.60500002,0,,,0,1
60543279,0.800000012,1,,,0.0322344303,0,0.282355398,0.315414727,15.9258718,2.60700011,0,,,0,1
60544405,0.800000012,1,,,0.0322344303,0,0.282355398,0.315414727,15.9258718,2.60700011,0,,,0,1
60545538,0.800000012,1,,,0.0322344303,0,0.282355398,0.315414727,15.9213276,2.60900021,0,,,0,1
60546663,0.800000012,1,,,0.0322344303,0,0.282355398,0.315414727,15.9258718,2.60900021,0,,,0,1
60547792,0.800000012,1,,,0.0322344303,0,0.282355398,0.315414727,15.9258718,2.61100006,0,,,0,1
60548918,0.800000012,1,,,0.0241758227,0,0.282355398,0.315414727,15.9213276,2.61100006,0,,,0,1
60550046,0.800000012,1,,,0.0402930379,0,0.282355398,0.315414727,15.9258718,2.61400008,0,,,0,1
60551172,0.800000012,1,,,0.0402930379,0,0.282355398,0.315414727,15.9258718,2.61400008,0,,,0,1
60552504,0.800000012,1,,,0.0402930379,0,0.282355398,0.315414727,15.9258718,2.61599994,0,,,0,1
60553629,0.800000012,1,,,0.0402930379,0,0.282355398,0.315414727,15.9258718,2.61599994,0,,,0,1
60554758,0.800000012,1,,,0.0483516455,0,0.282355398,0.315414727,15.9258718,2.61800003,0,,,0,1
60555883,0.800000012,1,,,0.0402930379,0,0.282355398,0.315414727,15.9213276,2.61800003,0,,,0,1
60557016,0.800000012,1,,,0.0483516455,0,0.282355398,0.315414727,15.9258718,2.62099981,0,,,0,1
60558141,0.800000012,1,,,0.0483516455,0,0.282355398,0.315414727,15.9258718,2.62099981,0,,,0,1
60559270,0.800000012,1,,,0.0402930379,0,0.282355398,0.315414727,15.9258718,2.62299991,0,,,0,1
60560395,0.800000012,1,,,0.0402930379,0,0.282355398,0.315414727,15.9258718,2.62299991,0,,,0,1
60561523,0.800000012,1,,,0.0322344303,0,0.282355398,0.315414727,15.9258718,2.625,0,,,0,1
60562649,0.800000012,1,,,0.0322344303,0,0.282355398,0.315414727,15.9258718,2.625,0,,,0,1
60563777,0.800000012,1,,,0.0322344303,0,0.282355398,0.315414727,15.9258718,2.62700009,0,,,0,1
60564903,0.800000012,1,,,0.0322344303,0,0.282355398,0.315414727,15.9258718,2.62700009,0,,,0,1
60566031,0.800000012,1,,,0.0402930379,0,0.282355398,0.315414727,15.9258718,2.63000011,0,,,0,1
60567156,0.800000012,1,,,0.0402930379,0,0.282355398,0.315414727,15.9213276,2.63000011,0,,,0,1
60568290,0.800000012,1,,,0.0322344303,0,0.282355398,0.315414727,15.9258718,2.63199997,0,,,0,1
60569415,0.800000012,1,,,0.0483516455,0,0.282355398,0.315414727,15.9213276,2.63199997,0,,,0,1
60570544,0.800000012,1,,,0.0402930379,0,0.282355398,0.315414727,15.9258718,2.63400006,0,,,0,1
60571669,0.800000012,1,,,0.0483516455,0,0.282355398,0.315414727,15.9213276,2.63400006,0,,,0,1
60573002,0.800000012,1,,,0.0402930379,0,0.282355398,0.315414727,15.9213276,2.63599992,0,,,0,1
60574128,0.800000012,1,,,0.0402930379,0,0.282355398,0.315414727,15.9258718,2.63599992,0,,,0,1
60575256,0.800000012,1,,,0.0402930379,0,0.282355398,0.315414727,15.9213276,2.63899994,0,,,0,1
60576382,0.800000012,1,,,0.0402930379,0,0.282355398,0.315414727,15.9258718,2.63899994,0,,,0,1
60577510,0.800000012,1,,,0.0402930379,0,0.282355398,0.315414727,15.9213276,2.64099979,0,,,0,1
60578636,0.800000012,1,,,0.0322344303,0,0.282355398,0.315414727,15.9213276,2.64099979,0,,,0,1
60579769,0.800000012,1,,,0.0402930379,0,0.282355398,0.315414727,15.9258718,2.64299989,0,,,0,1
60580894,0.800000012,1,,,0.0402930379,0,0.282355398,0.315414727,15.9213276,2.64299989,0,,,0,1
60582022,0.800000012,1,,,0.0483516455,0,0.282355398,0.315414727,15.9258718,2.64600015,0,,,0,1
60583148,0.800000012,1,,,0.0483516455,0,0.282355398,0.315414727,15.9258718,2.64600015,0,,,0,1
60584276,0.800000012,1,,,0.0402930379,0,0.282355398,0.315414727,15.9258718,2.648,0,,,0,1
60585402,0.800000012,1,,,0.0483516455,0,0.282355398,0.315414727,15.9213276,2.648,0,,,0,1
60586530,0.800000012,1,,,0.0322344303,0,0.282355398,0.315414727,15.9258718,2.6500001,0,,,0,1
60587655,0.800000012,1,,,0.0322344303,0,0.282355398,0.315414727,15.9258718,2.6500001,0,,,0,1
60588784,0.800000012,1,,,0.0483516455,0,0.282355398,0.315414727,15.9213276,2.65199995,0,,,0,1
60589909,0.800000012,1,,,0.0402930379,0,0.282355398,0.315414727,15.9258718,2.65199995,0,,,0,1
60591042,0.800000012,1,,,0.0402930379,0,0.282355398,0.315414727,15.9258718,2.65499997,0,,,0,1
60592167,0.800000012,1,,,0.0402930379,0,0.282355398,0.315414727,15.9258718,2.65499997,0,,,0,1
60593296,0.800000012,1,,,0.0402930379,0,0.282355398,0.315414727,15.9258718,2.65700006,0,,,0,1
60594625,0.800000012,1,,,0.0402930379,0,0.282355398,0.315414727,15.9213276,2.65700006,0,,,0,1
60595754,0.800000012,1,,,0.0402930379,0,0.282355398,0.315414727,15.9258718,2.65899992,0,,,0,1
60596879,0.800000012,1,,,0.0402930379,0,0.282355398,0.315414727,15.9258718,2.65899992,0,,,0,1
60598008,0.800000012,1,,,0.0402930379,0,0.282355398,0.315414727,15.9258718,2.66199994,0,,,0,1
60599133,0.800000012,1,,,0.0322344303,0,0.282355398,0.315414727,15.9213276,2.66199994,0,,,0,1
60600262,0.800000012,1,,,0.0402930379,0,0.282355398,0.315414727,15.9213276,2.66400003,0,,,0,1
60601388,0.800000012,1,,,0.0402930379,0,0.282355398,0.315414727,15.9258718,2.66400003,0,,,0,1
60602521,0.800000012,1,,,0.0322344303,0,0.282355398,0.315414727,15.9258718,2.66600013,0,,,0,1
60603646,0.800000012,1,,,0.0483516455,0,0.282355398,0.315414727,15.9258718,2.66600013,0,,,0,1
60604775,0.800000012,1,,,0.0322344303,0,0.282355398,0.315414727,15.9258718,2.66799998,0,,,0,1
60605900,0.800000012,1,,,0.0322344303,0,0.282355398,0.315414727,15.9258718,2.66799998,0,,,0,1
60607029,0.800000012,1,,,0.0322344303,0,0.282355398,0.315414727,15.9258718,2.671,0,,,0,1
60608155,0.800000012,1,,,0.0402930379,0,0.282355398,0.315414727,15.9258718,2.671,0,,,0,1
60609283,0.800000012,1,,,0.0402930379,0,0.282355398,0.315414727,15.9213276,2.67299986,0,,,0,1
60610409,0.800000012,1,,,0.0241758227,0,0.282355398,0.315414727,15.9258718,2.67299986,0,,,0,1
60611537,0.800000012,1,,,0.0322344303,0,0.282355398,0.315414727,15.9258718,2.67499995,0,,,0,1
60612663,0.800000012,1,,,0.0322344303,0,0.282355398,0.315414727,15.9258718,2.67499995,0,,,0,1
60613796,0.800000012,1,,,0.0322344303,0,0.282355398,0.315414727,15.9258718,2.67700005,0,,,0,1
60615126,0.800000012,1,,,0.0402930379,0,0.282355398,0.315414727,15.9258718,2.67700005,0,,,0,1
60616254,0.800000012,1,,,0.0402930379,0,0.282355398,0.315414727,15.9258718,2.67999983,0,,,0,1
60617379,0.800000012,1,,,0.0402930379,0,0.282355398,0.315414727,15.9213276,2.67999983,0,,,0,1
60618508,0.800000012,1,,,0.0322344303,0,0.282355398,0.315414727,15.9258718,2.68199992,0,,,0,1
60619633,0.800000012,1,,,0.0322344303,0,0.282355398,0.315414727,15.9213276,2.68199992,0,,,0,1
60620761,0.800000012,1,,,0.0322344303,0,0.282355398,0.315414727,15.9258718,2.68400002,0,,,0,1
60621887,0.800000012,1,,,0.0402930379,0,0.282355398,0.315414727,15.9213276,2.68400002,0,,,0,1
60623015,0.800000012,1,,,0.0322344303,0,0.282355398,0.315414727,15.9258718,2.68700004,0,,,0,1
60624146,0.800000012,1,,,0.0402930379,0,0.282355398,0.315414727,15.9258718,2.68700004,0,,,0,1
60625274,0.800000012,1,,,0.0483516455,0,0.282355398,0.315414727,15.9258718,2.68900013,0,,,0,1
60626400,0.800000012,1,,,0.0322344303,0,0.282355398,0.315414727,15.9258718,2.68900013,0,,,0,1
60627528,0.800000012,1,,,0.0322344303,0,0.282355398,0.315414727,15.9258718,2.69099998,0,,,0,1
60628654,0.800000012,1,,,0.0402930379,0,0.282355398,0.315414727,15.9258718,2.69099998,0,,,0,1
60629782,0.800000012,1,,,0.0402930379,0,0.282355398,0.315414727,15.9258718,2.69300008,0,,,0,1
60630907,0.800000012,1,,,0.0483516455,0,0.282355398,0.315414727,15.9258718,2.69300008,0,,,0,1
60632036,0.800000012,1,,,0.0402930379,0,0.282355398,0.315414727,15.9258718,2.6960001,0,,,0,1
60633161,0.800000012,1,,,0.0402930379,0,0.282355398,0.315414727,15.9258718,2.6960001,0,,,0,1
60634289,0.800000012,1,,,0.0402930379,0,0.282355398,0.315414727,15.9258718,2.69799995,0,,,0,1
60635420,0.800000012,1,,,0.0402930379,0,0.282355398,0.315414727,15.9213276,2.69799995,0,,,0,1
60636752,0.800000012,0.833333313,,,0.0402930379,0.00805860758,0.282355398,0.315414727,15.9213276,2.69999981,0,,,0,1
60637877,0.800000012,1,,,0.0402930379,0,0.282355398,0.315414727,15.9213276,2.69999981,0,,,0,1
60639006,0.800000012,1,,,0.0322344303,0,0.282355398,0.315414727,15.9258718,2.70300007,0,,,0,1
60640131,0.800000012,1,,,0.0402930379,0,0.282355398,0.315414727,15.9213276,2.70300007,0,,,0,1
60641259,0.800000012,1,,,0.0402930379,0,0.282355398,0.315414727,15.9213276,2.70499992,0,,,0,1
60642385,0.800000012,1,,,0.0402930379,0,0.282355398,0.315414727,15.9258718,2.70499992,0,,,0,1
60643513,0.800000012,1,,,0.0402930379,0,0.282355398,0.315414727,15.9258718,2.70700002,0,,,0,1
60644638,0.800000012,1,,,0.0322344303,0,0.282355398,0.315414727,15.9258718,2.70700002,0,,,0,1
60645767,0.800000012,1,,,0.0402930379,0,0.282355398,0.315414727,15.9213276,2.70900011,0,,,0,1
60646897,0.800000012,1,,,0.0402930379,0,0.282355398,0.315414727,15.9258718,2.70900011,0,,,0,1
60648025,0.800000012,1,,,0.0402930379,0,0.282355398,0.315414727,15.9258718,2.71199989,0,,,0,1
60649151,0.800000012,1,,,0.0322344303,0,0.282355398,0.315414727,15.9258718,2.71199989,0,,,0,1
60650279,0.800000012,1,,,0.0402930379,0,0.282355398,0.315414727,15.9258718,2.71399999,0,,,0,1
60651405,0.800000012,1,,,0.0402930379,0,0.282355398,0.315414727,15.9258718,2.71399999,0,,,0,1
60652533,0.800000012,1,,,0.0402930379,0,0.282355398,0.315414727,15.9258718,2.71600008,0,,,0,1
60653658,0.800000012,1,,,0.0402930379,0,0.282355398,0.315414727,15.9258718,2.71600008,0,,,0,1
60654786,0.800000012,1,,,0.0322344303,0,0.282355398,0.315414727,15.9258718,2.71799994,0,,,0,1
60655912,0.800000012,1,,,0.0322344303,0,0.282355398,0.315414727,15.9258718,2.71799994,0,,,0,1
60657245,0.800000012,1,,,0.0402930379,0,0.282355398,0.315414727,15.9304171,2.72099996,0,,,0,1
60658375,0.800000012,1,,,0.0402930379,0,0.282355398,0.315414727,15.9258718,2.72099996,0,,,0,1
60659503,0.800000012,1,,,0.0322344303,0,0.282355398,0.315414727,15.9258718,2.72300005,0,,,0,1
60660629,0.800000012,1,,,0.0402930379,0,0.282355398,0.315414727,15.9258718,2.72300005,0,,,0,1
60661757,0.800000012,1,,,0.0402930379,0,0.282355398,0.315414727,15.9258718,2.72500014,0,,,0,1
60662882,0.800000012,1,,,0.0402930379,0,0.282355398,0.315414727,15.9258718,2.72500014,0,,,0,1
60664011,0.800000012,1,,,0.0402930379,0,0.282355398,0.315414727,15.9258718,2.72800016,0,,,0,1
60665136,0.800000012,1,,,0.0402930379,0,0.282355398,0.315414727,15.9258718,2.72800016,0,,,0,1
60666265,0.800000012,1,,,0.0322344303,0,0.282355398,0.315414727,15.9258718,2.73000002,0,,,0,1
60667391,0.800000012,1,,,0.0402930379,0,0.282355398,0.315414727,15.9258718,2.73000002,0,,,0,1
60668519,0.800000012,1,,,0.0322344303,0,0.282355398,0.315414727,15.9213276,2.73199987,0,,,0,1
60669649,0.800000012,1,,,0.0402930379,0,0.282355398,0.315414727,15.9258718,2.73199987,0,,,0,1
60670778,0.800000012,1,,,0.0402930379,0,0.282355398,0.315414727,15.9258718,2.73399997,0,,,0,1
60671903,0.800000012,1,,,0.0322344303,0,0.282355398,0.315414727,15.9258718,2.73399997,0,,,0,1
60673031,0.800000012,1,,,0.0402930379,0,0.282355398,0.315414727,15.9213276,2.73699999,0,,,0,1
60674157,0.800000012,1,,,0.0483516455,0,0.282355398,0.315414727,15.9304171,2.73699999,0,,,0,1
60675285,0.800000012,1,,,0.0402930379,0,0.282355398,0.315414727,15.9258718,2.73899984,0,,,0,1
60676410,0.800000012,1,,,0.0322344303,0,0.282355398,0.315414727,15.9258718,2.73899984,0,,,0,1
60677539,0.800000012,1,,,0.0322344303,0,0.282355398,0.315414727,15.9258718,2.74099994,0,,,0,1
60678868,0.800000012,1,,,0.0402930379,0,0.282355398,0.315414727,15.9258718,2.74099994,0,,,0,1
60679997,0.800000012,1,,,0.0402930379,0,0.282355398,0.315414727,15.9258718,2.74300003,0,,,0,1
60681127,0.800000012,1,,,0.0402930379,0,0.282355398,0.315414727,15.9213276,2.74300003,0,,,0,1
60682256,0.800000012,1,,,0.0322344303,0,0.282355398,0.315414727,15.9258718,2.74600005,0,,,0,1
60683381,0.800000012,1,,,0.0322344303,0,0.282355398,0.315414727,15.9258718,2.74600005,0,,,0,1
60684510,0.800000012,1,,,0.0322344303,0,0.282355398,0.315414727,15.9213276,2.74800014,0,,,0,1
60685635,0.800000012,1,,,0.0402930379,0,0.282355398,0.315414727,15.9258718,2.74800014,0,,,0,1
60686764,0.800000012,1,,,0.0402930379,0,0.282355398,0.315414727,15.9258718,2.75,0,,,0,1
60687889,0.800000012,1,,,0.0322344303,0,0.282355398,0.315414727,15.9258718,2.75,0,,,0,1
60689018,0.800000012,1,,,0.0322344303,0,0.282355398,0.315414727,15.9258718,2.75300002,0,,,0,1
60690143,0.800000012,1,,,0.0402930379,0,0.282355398,0.315414727,15.9213276,2.75300002,0,,,0,1
60691276,0.800000012,1,,,0.0402930379,0,0.282355398,0.315414727,15.9258718,2.75500011,0,,,0,1
60692401,0.800000012,1,,,0.0402930379,0,0.282355398,0.315414727,15.9258718,2.75500011,0,,,0,1
60693529,0.800000012,1,,,0.0402930379,0,0.282355398,0.315414727,15.9258718,2.75699997,0,,,0,1
60694655,0.800000012,1,,,0.0402930379,0,0.282355398,0.315414727,15.9258718,2.75699997,0,,,0,1
60695784,0.800000012,0.833333313,,,0.0402930379,0.00805860758,0.282355398,0.315414727,15.9258718,2.75899982,0,,,0,1
60696909,0.800000012,1,,,0.0483516455,0,0.282355398,0.315414727,15.9213276,2.75899982,0,,,0,1
60698038,0.800000012,1,,,0.0322344303,0,0.282355398,0.315414727,15.9213276,2.76200008,0,,,0,1
60699368,0.800000012,1,,,0.0322344303,0,0.282355398,0.315414727,15.9213276,2.76200008,0,,,0,1
60700496,0.800000012,1,,,0.0402930379,0,0.282355398,0.315414727,15.9258718,2.76399994,0,,,0,1
60701621,0.800000012,0.714285731,,,0.0402930379,0.0161172152,0.282355398,0.315414727,15.9258718,2.76399994,0,,,0,1
60702754,0.800000012,1,,,0.0322344303,0,0.282355398,0.315414727,15.9213276,2.76600003,0,,,0,1
60703880,0.800000012,1,,,0.0322344303,0,0.282355398,0.315414727,15.9213276,2.76600003,0,,,0,1
60705008,0.800000012,1,,,0.0402930379,0,0.282355398,0.315414727,15.9213276,2.76900005,0,,,0,1
60706134,0.800000012,1,,,0.0322344303,0,0.282355398,0.315414727,15.9258718,2.76900005,0,,,0,1
60707262,0.800000012,1,,,0.0402930379,0,0.282355398,0.315414727,15.9258718,2.77099991,0,,,0,1
60708387,0.800000012,1,,,0.0322344303,0,0.282355398,0.315414727,15.9258718,2.77099991,0,,,0,1
60709516,0.800000012,1,,,0.0322344303,0,0.282355398,0.315414727,15.9258718,2.773,0,,,0,1
60710641,0.800000012,1,,,0.0402930379,0,0.282355398,0.315414727,15.9213276,2.773,0,,,0,1
60711769,0.800000012,1,,,0.0322344303,0,0.282355398,0.315414727,15.9213276,2.7750001,0,,,0,1
60712895,0.800000012,1,,,0.0402930379,0,0.282355398,0.315414727,15.9258718,2.7750001,0,,,0,1
60714028,0.800000012,1,,,0.0402930379,0,0.282355398,0.315414727,15.9258718,2.77799988,0,,,0,1
60715154,0.800000012,1,,,0.0322344303,0,0.282355398,0.315414727,15.9258718,2.77799988,0,,,0,1
60716282,0.800000012,1,,,0.0402930379,0,0.282355398,0.315414727,15.9258718,2.77999997,0,,,0,1
60717408,0.800000012,1,,,0.0322344303,0,0.282355398,0.315414727,15.9213276,2.77999997,0,,,0,1
60718536,0.800000012,1,,,0.0402930379,0,0.282355398,0.315414727,15.9258718,2.78200006,0,,,0,1
60719866,0.800000012,1,,,0.0402930379,0,0.282355398,0.315414727,15.9258718,2.78200006,0,,,0,1
60720994,0.800000012,1,,,0.0402930379,0,0.282355398,0.315414727,15.9258718,2.78399992,0,,,0,1
60722120,0.800000012,1,,,0.0322344303,0,0.282355398,0.315414727,15.9258718,2.78399992,0,,,0,1
60723248,0.800000012,1,,,0.0483516455,0,0.282355398,0.315414727,15.9258718,2.78700018,0,,,0,1
60724374,0.800000012,1,,,0.0322344303,0,0.282355398,0.315414727,15.9258718,2.78700018,0,,,0,1
60725507,0.800000012,1,,,0.0402930379,0,0.282355398,0.315414727,15.9258718,2.78900003,0,,,0,1
60726633,0.800000012,1,,,0.0483516455,0,0.282355398,0.315414727,15.9258718,2.78900003,0,,,0,1
60727761,0.800000012,1,,,0.0402930379,0,0.282355398,0.315414727,15.9258718,2.79099989,0,,,0,1
60728886,0.800000012,1,,,0.0402930379,0,0.282355398,0.315414727,15.9258718,2.79099989,0,,,0,1
60730015,0.800000012,1,,,0.0322344303,0,0.282355398,0.315414727,15.9258718,2.79400015,0,,,0,1
60731140,0.800000012,1,,,0.0402930379,0,0.282355398,0.315414727,15.9258718,2.79400015,0,,,0,1
60732268,0.800000012,1,,,0.0483516455,0,0.282355398,0.315414727,15.9213276,2.796,0,,,0,1
60733394,0.800000012,1,,,0.0402930379,0,0.282355398,0.315414727,15.9258718,2.796,0,,,0,1
60734522,0.800000012,1,,,0.0322344303,0,0.282355398,0.315414727,15.9213276,2.79799986,0,,,0,1
60735647,0.800000012,1,,,0.0322344303,0,0.282355398,0.315414727,15.9258718,2.79799986,0,,,0,1
60736780,0.800000012,1,,,0.0402930379,0,0.282355398,0.315414727,15.9258718,2.79999995,0,,,0,1
60737906,0.800000012,1,,,0.0483516455,0,0.282355398,0.315414727,15.9213276,2.79999995,0,,,0,1
60739034,0.800000012,1,,,0.0402930379,0,0.282355398,0.315414727,15.9258718,2.80299997,0,,,0,1
60740159,0.800000012,1,,,0.0402930379,0,0.282355398,0.315414727,15.9258718,2.80299997,0,,,0,1
60741492,0.800000012,1,,,0.0322344303,0,0.282355398,0.315414727,15.9213276,2.80500007,0,,,0,1
60742617,0.800000012,1,,,0.0483516455,0,0.282355398,0.315414727,15.9213276,2.80500007,0,,,0,1
60743746,0.800000012,1,,,0.0402930379,0,0.282355398,0.315414727,15.9258718,2.80700016,0,,,0,1
60744872,0.800000012,1,,,0.0322344303,0,0.282355398,0.315414727,15.9213276,2.80700016,0,,,0,1
60746000,0.800000012,1,,,0.0402930379,0,0.282355398,0.315414727,15.9258718,2.80900002,0,,,0,1
60747126,0.800000012,1,,,0.0483516455,0,0.282355398,0.315414727,15.9213276,2.80900002,0,,,0,1
60748259,0.800000012,1,,,0.0402930379,0,0.282355398,0.315414727,15.9258718,2.81200004,0,,,0,1
60749384,0.800000012,1,,,0.0402930379,0,0.282355398,0.315414727,15.9258718,2.81200004,0,,,0,1
60750513,0.800000012,0.714285731,,,0.0402930379,0.0161172152,0.282355398,0.315414727,15.9213276,2.81400013,0,,,0,1
60751638,0.800000012,1,,,0.0402930379,0,0.282355398,0.315414727,15.9213276,2.81400013,0,,,0,1
60752767,0.800000012,1,,,0.0322344303,0,0.282355398,0.315414727,15.9258718,2.81599998,0,,,0,1
60753893,0.800000012,1,,,0.0402930379,0,0.282355398,0.315414727,15.9258718,2.81599998,0,,,0,1
60755021,0.800000012,1,,,0.0402930379,0,0.282355398,0.315414727,15.9258718,2.81900001,0,,,0,1
60756147,0.800000012,1,,,0.0483516455,0,0.282355398,0.315414727,15.9213276,2.81900001,0,,,0,1
60757276,0.800000012,1,,,0.0402930379,0,0.282355398,0.315414727,15.9213276,2.82099986,0,,,0,1
60758401,0.800000012,1,,,0.0402930379,0,0.282355398,0.315414727,15.9258718,2.82099986,0,,,0,1
60759534,0.800000012,1,,,0.0483516455,0,0.282355398,0.315414727,15.9304171,2.82299995,0,,,0,1
60760659,0.800000012,1,,,0.0402930379,0,0.282355398,0.315414727,15.9213276,2.82299995,0,,,0,1
60761992,0.800000012,1,,,0.0402930379,0,0.282355398,0.315414727,15.9304171,2.82500005,0,,,0,1
60763117,0.800000012,1,,,0.0402930379,0,0.282355398,0.315414727,15.9258718,2.82500005,0,,,0,1
60764246,0.800000012,1,,,0.0402930379,0,0.282355398,0.315414727,15.9213276,2.82800007,0,,,0,1
60765371,0.800000012,1,,,0.0483516455,0,0.282355398,0.315414727,15.9258718,2.82800007,0,,,0,1
60766499,0.800000012,1,,,0.0322344303,0,0.282355398,0.315414727,15.9258718,2.82999992,0,,,0,1
60767625,0.800000012,1,,,0.0402930379,0,0.282355398,0.315414727,15.9258718,2.82999992,0,,,0,1
60768753,0.800000012,1,,,0.0322344303,0,0.282355398,0.315414727,15.9258718,2.83200002,0,,,0,1
60769884,0.800000012,1,,,0.0322344303,0,0.282355398,0.315414727,15.9258718,2.83200002,0,,,0,1
60771012,0.800000012,0.714285731,,,0.0402930379,0.0161172152,0.282355398,0.315414727,15.9258718,2.83500004,0,,,0,1
60772138,0.800000012,1,,,0.0402930379,0,0.282355398,0.315414727,15.9213276,2.83500004,0,,,0,1
60773266,0.800000012,1,,,0.0402930379,0,0.282355398,0.315414727,15.9258718,2.83699989,0,,,0,1
60774392,0.800000012,1,,,0.0402930379,0,0.282355398,0.315414727,15.9258718,2.83699989,0,,,0,1
60775520,0.800000012,1,,,0.0402930379,0,0.282355398,0.315414727,15.9258718,2.83899999,0,,,0,1
60776645,0.800000012,1,,,0.0402930379,0,0.282355398,0.315414727,15.9213276,2.83899999,0,,,0,1
60777774,0.800000012,1,,,0.0402930379,0,0.282355398,0.315414727,15.9304171,2.84100008,0,,,0,1
60778899,0.800000012,1,,,0.0402930379,0,0.282355398,0.315414727,15.9213276,2.84100008,0,,,0,1
60780027,0.800000012,1,,,0.0402930379,0,0.282355398,0.315414727,15.9258718,2.8440001,0,,,0,1
60781158,0.800000012,1,,,0.0322344303,0,0.282355398,0.315414727,15.9258718,2.8440001,0,,,0,1
60782287,0.800000012,1,,,0.0402930379,0,0.282355398,0.315414727,15.9258718,2.84600019,0,,,0,1
60783616,0.800000012,1,,,0.0402930379,0,0.282355398,0.315414727,15.9258718,2.84600019,0,,,0,1
60784744,0.800000012,1,,,0.0402930379,0,0.282355398,0.315414727,15.9258718,2.84800005,0,,,0,1
60785870,0.800000012,1,,,0.0322344303,0,0.282355398,0.315414727,15.9258718,2.84800005,0,,,0,1
60786998,0.800000012,1,,,0.0402930379,0,0.282355398,0.315414727,15.9258718,2.8499999,0,,,0,1
60788123,0.800000012,1,,,0.0322344303,0,0.282355398,0.315414727,15.9258718,2.8499999,0,,,0,1
60789252,0.800000012,1,,,0.0322344303,0,0.282355398,0.315414727,15.9258718,2.85299993,0,,,0,1
60790377,0.800000012,1,,,0.0402930379,0,0.282355398,0.315414727,15.9258718,2.85299993,0,,,0,1
60791505,0.800000012,1,,,0.0402930379,0,0.282355398,0.315414727,15.9258718,2.85500002,0,,,0,1
60792636,0.800000012,1,,,0.0322344303,0,0.282355398,0.315414727,15.9258718,2.85500002,0,,,0,1
60793764,0.800000012,1,,,0.0402930379,0,0.282355398,0.315414727,15.9258718,2.85699987,0,,,0,1
60794889,0.800000012,1,,,0.0402930379,0,0.282355398,0.315414727,15.9258718,2.85699987,0,,,0,1
60796018,0.800000012,1,,,0.0402930379,0,0.282355398,0.315414727,15.9258718,2.8599999,0,,,0,1
60797143,0.800000012,1,,,0.0402930379,0,0.282355398,0.315414727,15.9258718,2.8599999,0,,,0,1
60798271,0.800000012,1,,,0.0402930379,0,0.282355398,0.315414727,15.9258718,2.86199999,0,,,0,1
60799397,0.800000012,1,,,0.0402930379,0,0.282355398,0.315414727,15.9258718,2.86199999,0,,,0,1
60800525,0.800000012,1,,,0.0483516455,0,0.282355398,0.315414727,15.9258718,2.86400008,0,,,0,1
60801650,0.800000012,1,,,0.0402930379,0,0.282355398,0.315414727,15.9258718,2.86400008,0,,,0,1
60802779,0.800000012,1,,,0.0402930379,0,0.282355398,0.315414727,15.9258718,2.86600018,0,,,0,1
60804113,0.800000012,1,,,0.0402930379,0,0.282355398,0.315414727,15.9258718,2.86600018,0,,,0,1
60805241,0.800000012,1,,,0.0322344303,0,0.282355398,0.315414727,15.9213276,2.86899996,0,,,0,1
60806367,0.800000012,1,,,0.0322344303,0,0.282355398,0.315414727,15.9258718,2.86899996,0,,,0,1
60807495,0.800000012,1,,,0.0402930379,0,0.282355398,0.315414727,15.9258718,2.87100005,0,,,0,1
60808620,0.800000012,1,,,0.0402930379,0,0.282355398,0.315414727,15.9258718,2.87100005,0,,,0,1
60809749,0.800000012,1,,,0.0322344303,0,0.282355398,0.315414727,15.9258718,2.87300014,0,,,0,1
60810874,0.800000012,1,,,0.0402930379,0,0.282355398,0.315414727,15.9213276,2.87300014,0,,,0,1
60812003,0.800000012,1,,,0.0322344303,0,0.282355398,0.315414727,15.9258718,2.875,0,,,0,1
60813128,0.800000012,1,,,0.0322344303,0,0.282355398,0.315414727,15.9258718,2.875,0,,,0,1
60814257,0.800000012,1,,,0.0322344303,0,0.282355398,0.315414727,15.9258718,2.87800002,0,,,0,1
60815387,0.800000012,1,,,0.0322344303,0,0.282355398,0.315414727,15.9258718,2.87800002,0,,,0,1
60816515,0.800000012,1,,,0.0402930379,0,0.282355398,0.315414727,15.9258718,2.87999988,0,,,0,1
60817641,0.800000012,1,,,0.0402930379,0,0.282355398,0.315414727,15.9213276,2.87999988,0,,,0,1
60818769,0.800000012,1,,,0.0322344303,0,0.282355398,0.315414727,15.9213276,2.88199997,0,,,0,1
60819894,0.800000012,1,,,0.0402930379,0,0.282355398,0.315414727,15.9258718,2.88199997,0,,,0,1
60821023,0.800000012,1,,,0.0322344303,0,0.282355398,0.315414727,15.9258718,2.88499999,0,,,0,1
60822148,0.800000012,1,,,0.0402930379,0,0.282355398,0.315414727,15.9258718,2.88499999,0,,,0,1
60823276,0.800000012,1,,,0.0402930379,0,0.282355398,0.315414727,15.9258718,2.88700008,0,,,0,1
60824402,0.800000012,1,,,0.0241758227,0,0.282355398,0.315414727,15.9258718,2.88700008,0,,,0,1
60825734,0.800000012,1,,,0.0402930379,0,0.282355398,0.315414727,15.9258718,2.88899994,0,,,0,1
60826864,0.800000012,1,,,0.0402930379,0,0.282355398,0.315414727,15.9213276,2.88899994,0,,,0,1
60827993,0.800000012,1,,,0.0402930379,0,0.282355398,0.315414727,15.9258718,2.89100003,0,,,0,1
60829119,0.800000012,1,,,0.0402930379,0,0.282355398,0.315414727,15.9258718,2.89100003,0,,,0,1
60830247,0.800000012,1,,,0.0402930379,0,0.282355398,0.315414727,15.9213276,2.89400005,0,,,0,1
60831373,0.800000012,1,,,0.0402930379,0,0.282355398,0.315414727,15.9258718,2.89400005,0,,,0,1
60832501,0.800000012,1,,,0.0322344303,0,0.282355398,0.315414727,15.9213276,2.89599991,0,,,0,1
60833627,0.800000012,1,,,0.0322344303,0,0.282355398,0.315414727,15.9258718,2.89599991,0,,,0,1
60834755,0.800000012,1,,,0.0322344303,0,0.282355398,0.315414727,15.9258718,2.898,0,,,0,1
60835881,0.800000012,1,,,0.0322344303,0,0.282355398,0.315414727,15.9213276,2.898,0,,,0,1
60837014,0.800000012,1,,,0.0402930379,0,0.282355398,0.315414727,15.9258718,2.90100002,0,,,0,1
60838139,0.800000012,1,,,0.0402930379,0,0.282355398,0.315414727,15.9213276,2.90100002,0,,,0,1
60839267,0.800000012,1,,,0.0402930379,0,0.282355398,0.315414727,15.9258718,2.90300012,0,,,0,1
60840393,0.800000012,1,,,0.0402930379,0,0.282355398,0.315414727,15.9258718,2.90300012,0,,,0,1
60841521,0.800000012,1,,,0.0402930379,0,0.282355398,0.315414727,15.9213276,2.90499997,0,,,0,1
60842646,0.800000012,1,,,0.0322344303,0,0.282355398,0.315414727,15.9258718,2.90499997,0,,,0,1
60843775,0.800000012,1,,,0.0402930379,0,0.282355398,0.315414727,15.9258718,2.90700006,0,,,0,1
60844900,0.800000012,1,,,0.0402930379,0,0.282355398,0.315414727,15.9258718,2.90700006,0,,,0,1
60846233,0.800000012,1,,,0.0322344303,0,0.282355398,0.315414727,15.9304171,2.91000009,0,,,0,1
60847358,0.800000012,1,,,0.0402930379,0,0.282355398,0.315414727,15.9258718,2.91000009,0,,,0,1
60848491,0.800000012,1,,,0.0402930379,0,0.282355398,0.315414727,15.9213276,2.91199994,0,,,0,1
60849617,0.800000012,1,,,0.0402930379,0,0.282355398,0.315414727,15.9304171,2.91199994,0,,,0,1
60850746,0.800000012,1,,,0.0402930379,0,0.282355398,0.315414727,15.9213276,2.91400003,0,,,0,1
60851871,0.800000012,1,,,0.0402930379,0,0.282355398,0.315414727,15.9258718,2.91400003,0,,,0,1
60853000,0.800000012,1,,,0.0402930379,0,0.282355398,0.315414727,15.9258718,2.91599989,0,,,0,1
60854125,0.800000012,1,,,0.0483516455,0,0.282355398,0.315414727,15.9258718,2.91599989,0,,,0,1
60855254,0.800000012,1,,,0.0402930379,0,0.282355398,0.315414727,15.9213276,2.91899991,0,,,0,1
60856379,0.800000012,1,,,0.0402930379,0,0.282355398,0.315414727,15.9258718,2.91899991,0,,,0,1
60857507,0.800000012,1,,,0.0402930379,0,0.282355398,0.315414727,15.9258718,2.921,0,,,0,1
60858633,0.800000012,1,,,0.0402930379,0,0.282355398,0.315414727,15.9258718,2.921,0,,,0,1
60859766,0.800000012,1,,,0.0402930379,0,0.282355398,0.315414727,15.9258718,2.9230001,0,,,0,1
60860892,0.800000012,1,,,0.0402930379,0,0.282355398,0.315414727,15.9258718,2.9230001,0,,,0,1
60862020,0.800000012,1,,,0.0402930379,0,0.282355398,0.315414727,15.9258718,2.92600012,0,,,0,1
60863146,0.800000012,1,,,0.0322344303,0,0.282355398,0.315414727,15.9213276,2.92600012,0,,,0,1
60864274,0.800000012,1,,,0.0402930379,0,0.282355398,0.315414727,15.9258718,2.92799997,0,,,0,1
60865400,0.800000012,1,,,0.0402930379,0,0.282355398,0.315414727,15.9258718,2.92799997,0,,,0,1
60866528,0.800000012,1,,,0.0483516455,0,0.282355398,0.315414727,15.9213276,2.93000007,0,,,0,1
60867858,0.800000012,1,,,0.0402930379,0,0.282355398,0.315414727,15.9213276,2.93000007,0,,,0,1
60868986,0.800000012,1,,,0.0483516455,0,0.282355398,0.315414727,15.9258718,2.93199992,0,,,0,1
60870112,0.800000012,1,,,0.0402930379,0,0.282355398,0.315414727,15.9213276,2.93199992,0,,,0,1
60871245,0.800000012,1,,,0.0402930379,0,0.282355398,0.315414727,15.9349623,2.93499994,0,,,0,1
60872370,0.800000012,1,,,0.0402930379,0,0.282355398,0.315414727,15.9258718,2.93499994,0,,,0,1
60873499,0.800000012,1,,,0.0322344303,0,0.282355398,0.315414727,15.9258718,2.9369998,0,,,0,1
60874624,0.800000012,1,,,0.0402930379,0,0.282355398,0.315414727,15.9258718,2.9369998,0,,,0,1
60875752,0.800000012,1,,,0.0483516455,0,0.282355398,0.315414727,15.9258718,2.93899989,0,,,0,1
60876878,0.800000012,1,,,0.0483516455,0,0.282355398,0.315414727,15.9213276,2.93899989,0,,,0,1
60878006,0.800000012,1,,,0.0322344303,0,0.282355398,0.315414727,15.9258718,2.94199991,0,,,0,1
60879131,0.800000012,1,,,0.0483516455,0,0.282355398,0.315414727,15.9258718,2.94199991,0,,,0,1
60880260,0.800000012,1,,,0.0322344303,0,0.282355398,0.315414727,15.9258718,2.94400001,0,,,0,1
60881385,0.800000012,1,,,0.0483516455,0,0.282355398,0.315414727,15.9258718,2.94400001,0,,,0,1
60882519,0.800000012,1,,,0.0483516455,0,0.282355398,0.315414727,15.9258718,2.9460001,0,,,0,1
60883644,0.800000012,1,,,0.0402930379,0,0.282355398,0.315414727,15.9258718,2.9460001,0,,,0,1
60884772,0.800000012,1,,,0.0322344303,0,0.282355398,0.315414727,15.9213276,2.94799995,0,,,0,1
60885898,0.800000012,1,,,0.0322344303,0,0.282355398,0.315414727,15.9213276,2.94799995,0,,,0,1
60887026,0.800000012,1,,,0.0402930379,0,0.282355398,0.315414727,15.9258718,2.95099998,0,,,0,1
60888355,0.800000012,1,,,0.0322344303,0,0.282355398,0.315414727,15.9213276,2.95099998,0,,,0,1
60889484,0.800000012,1,,,0.0322344303,0,0.282355398,0.315414727,15.9213276,2.95300007,0,,,0,1
60890609,0.800000012,1,,,0.0483516455,0,0.282355398,0.315414727,15.9258718,2.95300007,0,,,0,1
60891738,0.800000012,1,,,0.0402930379,0,0.282355398,0.315414727,15.9304171,2.95499992,0,,,0,1
60892863,0.800000012,1,,,0.0483516455,0,0.282355398,0.315414727,15.9258718,2.95499992,0,,,0,1
60893996,0.800000012,1,,,0.0402930379,0,0.282355398,0.315414727,15.9213276,2.95700002,0,,,0,1
60895122,0.800000012,1,,,0.0322344303,0,0.282355398,0.315414727,15.9258718,2.95700002,0,,,0,1
60896250,0.800000012,1,,,0.0402930379,0,0.282355398,0.315414727,15.9213276,2.96000004,0,,,0,1
60897376,0.800000012,1,,,0.0483516455,0,0.282355398,0.315414727,15.9258718,2.96000004,0,,,0,1
60898504,0.800000012,1,,,0.0322344303,0,0.282355398,0.315414727,15.9258718,2.96200013,0,,,0,1
60899629,0.800000012,1,,,0.0402930379,0,0.282355398,0.315414727,15.9213276,2.96200013,0,,,0,1
60900758,0.800000012,1,,,0.0402930379,0,0.282355398,0.315414727,15.9258718,2.96399999,0,,,0,1
60901883,0.800000012,1,,,0.0402930379,0,0.282355398,0.315414727,15.9258718,2.96399999,0,,,0,1
60903011,0.800000012,1,,,0.0322344303,0,0.282355398,0.315414727,15.9258718,2.96700001,0,,,0,1
60904137,0.800000012,1,,,0.0402930379,0,0.282355398,0.315414727,15.9258718,2.96700001,0,,,0,1
60905270,0.800000012,1,,,0.0483516455,0,0.282355398,0.315414727,15.9258718,2.96899986,0,,,0,1
60906395,0.800000012,1,,,0.0402930379,0,0.282355398,0.315414727,15.9258718,2.96899986,0,,,0,1
60907524,0.800000012,1,,,0.0402930379,0,0.282355398,0.315414727,15.9258718,2.97099996,0,,,0,1
60908853,0.800000012,1,,,0.0483516455,0,0.282355398,0.315414727,15.9258718,2.97099996,0,,,0,1
60909982,0.800000012,1,,,0.0402930379,0,0.282355398,0.315414727,15.9258718,2.97300005,0,,,0,1
60911107,0.800000012,1,,,0.056410253,0,0.282355398,0.315414727,15.9258718,2.97300005,0,,,0,1
60912236,0.800000012,1,,,0.0402930379,0,0.282355398,0.315414727,15.9304171,2.97599983,0,,,0,1
60913361,0.800000012,1,,,0.0402930379,0,0.282355398,0.315414727,15.9213276,2.97599983,0,,,0,1
60914490,0.800000012,1,,,0.0483516455,0,0.282355398,0.315414727,15.9213276,2.97799993,0,,,0,1
60915620,0.800000012,1,,,0.0483516455,0,0.282355398,0.315414727,15.9213276,2.97799993,0,,,0,1
60916748,0.800000012,1,,,0.0483516455,0,0.282355398,0.315414727,15.9213276,2.98000002,0,,,0,1
60917874,0.800000012,1,,,0.0483516455,0,0.282355398,0.315414727,15.9213276,2.98000002,0,,,0,1
60919002,0.800000012,1,,,0.0402930379,0,0.282355398,0.315414727,15.9213276,2.98200011,0,,,0,1
60920128,0.800000012,1,,,0.0483516455,0,0.282355398,0.315414727,15.9258718,2.98200011,0,,,0,1
60921257,0.800000012,1,,,0.056410253,0,0.282355398,0.315414727,15.9258718,2.98500013,0,,,0,1
60922382,0.800000012,1,,,0.0483516455,0,0.282355398,0.315414727,15.9213276,2.98500013,0,,,0,1
60923511,0.800000012,1,,,0.0483516455,0,0.282355398,0.315414727,15.9258718,2.98699999,0,,,0,1
60924636,0.800000012,1,,,0.0322344303,0,0.282355398,0.315414727,15.9258718,2.98699999,0,,,0,1
60925765,0.800000012,1,,,0.0402930379,0,0.282355398,0.315414727,15.9258718,2.98900008,0,,,0,1
60926895,0.800000012,1,,,0.0402930379,0,0.282355398,0.315414727,15.9213276,2.98900008,0,,,0,1
60928024,0.800000012,1,,,0.0483516455,0,0.282355398,0.315414727,15.9258718,2.9920001,0,,,0,1
60929149,0.800000012,1,,,0.0402930379,0,0.282355398,0.315414727,15.9258718,2.9920001,0,,,0,1
60930482,0.800000012,1,,,0.0402930379,0,0.282355398,0.315414727,15.9258718,2.99399996,0,,,0,1
60931607,0.800000012,1,,,0.0402930379,0,0.282355398,0.315414727,15.9258718,2.99399996,0,,,0,1
60932735,0.800000012,1,,,0.0402930379,0,0.282355398,0.315414727,15.9258718,2.99599981,0,,,0,1
60933861,0.800000012,1,,,0.0483516455,0,0.282355398,0.315414727,15.9213276,2.99599981,0,,,0,1
60934989,0.800000012,1,,,0.0402930379,0,0.282355398,0.315414727,15.9258718,2.99799991,0,,,0,1
60936121,0.800000012,1,,,0.0322344303,0,0.282355398,0.315414727,15.9258718,2.99799991,0,,,0,1
60937249,0.800000012,1,,,0.0402930379,0,0.282355398,0.315414727,15.9213276,3.00099993,0,,,0,1
60938379,0.800000012,1,,,0.0402930379,0,0.282355398,0.315414727,15.9213276,3.00099993,0,,,0,1
60939508,0.800000012,1,,,0.0402930379,0,0.282355398,0.315414727,15.9258718,3.00300026,0,,,0,1
60940634,0.800000012,1,,,0.0402930379,0,0.282355398,0.315414727,15.9258718,3.00300026,0,,,0,1
60941762,0.800000012,1,,,0.0483516455,0,0.282355398,0.315414727,15.9258718,3.00500011,0,,,0,1
60942888,0.800000012,1,,,0.0402930379,0,0.282355398,0.315414727,15.9213276,3.00500011,0,,,0,1
60944016,0.800000012,1,,,0.0322344303,0,0.282355398,0.315414727,15.9258718,3.00800014,0,,,0,1
60945142,0.800000012,1,,,0.0483516455,0,0.282355398,0.315414727,15.9213276,3.00800014,0,,,0,1
60946270,0.800000012,1,,,0.0322344303,0,0.282355398,0.315414727,15.9258718,3.00999999,0,,,0,1
60947396,0.800000012,1,,,0.0402930379,0,0.282355398,0.315414727,15.9213276,3.00999999,0,,,0,1
60948524,0.800000012,1,,,0.0402930379,0,0.282355398,0.315414727,15.9258718,3.01199985,0,,,0,1
60949654,0.800000012,1,,,0.0322344303,0,0.282355398,0.315414727,15.9258718,3.01199985,0,,,0,1
60950987,0.800000012,1,,,0.0322344303,0,0.282355398,0.315414727,15.9258718,3.01399994,0,,,0,1
60952112,0.800000012,1,,,0.0402930379,0,0.282355398,0.315414727,15.9213276,3.01399994,0,,,0,1
60953240,0.800000012,1,,,0.0322344303,0,0.282355398,0.315414727,15.9304171,3.01699972,0,,,0,1
60954366,0.800000012,1,,,0.0402930379,0,0.282355398,0.315414727,15.9258718,3.01699972,0,,,0,1
60955494,0.800000012,1,,,0.0402930379,0,0.282355398,0.315414727,15.9213276,3.01900005,0,,,0,1
60956619,0.800000012,1,,,0.0402930379,0,0.282355398,0.315414727,15.9258718,3.01900005,0,,,0,1
60957748,0.800000012,1,,,0.0322344303,0,0.282355398,0.315414727,15.9213276,3.02099991,0,,,0,1
60958873,0.800000012,1,,,0.0402930379,0,0.282355398,0.315414727,15.9213276,3.02099991,0,,,0,1
60960001,0.800000012,1,,,0.0322344303,0,0.282355398,0.315414727,15.9258718,3.02300024,0,,,0,1
60961132,0.800000012,1,,,0.0402930379,0,0.282355398,0.315414727,15.9213276,3.02300024,0,,,0,1
60962260,0.800000012,1,,,0.0402930379,0,0.282355398,0.315414727,15.9213276,3.02600002,0,,,0,1
60963386,0.800000012,1,,,0.0402930379,0,0.282355398,0.315414727,15.9258718,3.02600002,0,,,0,1
60964514,0.800000012,1,,,0.0483516455,0,0.282355398,0.315414727,15.9213276,3.02800012,0,,,0,1
60965639,0.800000012,1,,,0.0402930379,0,0.282355398,0.315414727,15.9258718,3.02800012,0,,,0,1
60966768,0.800000012,1,,,0.0322344303,0,0.282355398,0.315414727,15.9258718,3.02999997,0,,,0,1
60967893,0.800000012,1,,,0.0483516455,0,0.282355398,0.315414727,15.9258718,3.02999997,0,,,0,1
60969021,0.800000012,1,,,0.0322344303,0,0.282355398,0.315414727,15.9258718,3.03299999,0,,,0,1
60970147,0.800000012,1,,,0.0483516455,0,0.282355398,0.315414727,15.9258718,3.03299999,0,,,0,1
60971275,0.800000012,1,,,0.0322344303,0,0.282355398,0.315414727,15.9213276,3.03499985,0,,,0,1
60972610,0.800000012,1,,,0.0483516455,0,0.282355398,0.315414727,15.9258718,3.03499985,0,,,0,1
60973738,0.800000012,1,,,0.0402930379,0,0.282355398,0.315414727,15.9213276,3.0369997,0,,,0,1
60974863,0.800000012,1,,,0.0402930379,0,0.282355398,0.315414727,15.9258718,3.0369997,0,,,0,1
60975991,0.800000012,1,,,0.0402930379,0,0.282355398,0.315414727,15.9213276,3.03900003,0,,,0,1
60977117,0.800000012,1,,,0.0483516455,0,0.282355398,0.315414727,15.9258718,3.03900003,0,,,0,1
60978245,0.800000012,1,,,0.0322344303,0,0.282355398,0.315414727,15.9213276,3.04200029,0,,,0,1
60979371,0.800000012,1,,,0.0402930379,0,0.282355398,0.315414727,15.9258718,3.04200029,0,,,0,1
60980499,0.800000012,1,,,0.0322344303,0,0.282355398,0.315414727,15.9213276,3.04400015,0,,,0,1
60981624,0.800000012,1,,,0.0483516455,0,0.282355398,0.315414727,15.9258718,3.04400015,0,,,0,1
60982757,0.800000012,1,,,0.0322344303,0,0.282355398,0.315414727,15.9258718,3.046,0,,,0,1
60983882,0.800000012,1,,,0.0402930379,0,0.282355398,0.315414727,15.9213276,3.046,0,,,0,1
60985011,0.800000012,1,,,0.0402930379,0,0.282355398,0.315414727,15.9258718,3.04900002,0,,,0,1
60986136,0.800000012,1,,,0.0322344303,0,0.282355398,0.315414727,15.9258718,3.04900002,0,,,0,1
60987264,0.800000012,1,,,0.0322344303,0,0.282355398,0.315414727,15.9258718,3.05099988,0,,,0,1
60988390,0.800000012,1,,,0.0402930379,0,0.282355398,0.315414727,15.9213276,3.05099988,0,,,0,1
60989518,0.800000012,1,,,0.0322344303,0,0.282355398,0.315414727,15.9213276,3.05299997,0,,,0,1
60990644,0.800000012,1,,,0.0402930379,0,0.282355398,0.315414727,15.9258718,3.05299997,0,,,0,1
60991772,0.800000012,1,,,0.0402930379,0,0.282355398,0.315414727,15.9213276,3.05499983,0,,,0,1
60993101,0.800000012,1,,,0.0322344303,0,0.282355398,0.315414727,15.9258718,3.05499983,0,,,0,1
60994234,0.800000012,1,,,0.0402930379,0,0.282355398,0.315414727,15.9304171,3.05800009,0,,,0,1
60995360,0.800000012,1,,,0.056410253,0,0.282355398,0.315414727,15.9258718,3.05800009,0,,,0,1
60996488,0.800000012,1,,,0.0483516455,0,0.282355398,0.315414727,15.9258718,3.05999994,0,,,0,1
60997613,0.800000012,1,,,0.0483516455,0,0.282355398,0.315414727,15.9258718,3.05999994,0,,,0,1
60998742,0.800000012,1,,,0.0483516455,0,0.282355398,0.315414727,15.9258718,3.06200027,0,,,0,1
60999867,0.800000012,1,,,0.0483516455,0,0.282355398,0.315414727,15.9258718,3.06200027,0,,,0,1
61000996,0.800000012,1,,,0.0402930379,0,0.282355398,0.315414727,15.9213276,3.06400013,0,,,0,1
61002121,0.800000012,1,,,0.0402930379,0,0.282355398,0.315414727,15.9213276,3.06400013,0,,,0,1
61003249,0.800000012,1,,,0.0402930379,0,0.282355398,0.315414727,15.9258718,3.06700015,0,,,0,1
61004375,0.800000012,1,,,0.0402930379,0,0.282355398,0.315414727,15.9213276,3.06700015,0,,,0,1
61005508,0.800000012,1,,,0.0402930379,0,0.282355398,0.315414727,15.9213276,3.06900001,0,,,0,1
61006633,0.800000012,1,,,0.0483516455,0,0.282355398,0.315414727,15.9213276,3.06900001,0,,,0,1
61007761,0.800000012,1,,,0.0322344303,0,0.282355398,0.315414727,15.9213276,3.07099986,0,,,0,1
61008887,0.800000012,1,,,0.0402930379,0,0.282355398,0.315414727,15.9258718,3.07099986,0,,,0,1
61010015,0.800000012,1,,,0.0322344303,0,0.282355398,0.315414727,15.9258718,3.07399988,0,,,0,1
61011140,0.800000012,1,,,0.0402930379,0,0.282355398,0.315414727,15.9258718,3.07399988,0,,,0,1
61012269,0.800000012,1,,,0.0402930379,0,0.282355398,0.315414727,15.9258718,3.07599974,0,,,0,1
61013394,0.800000012,1,,,0.0322344303,0,0.282355398,0.315414727,15.9213276,3.07599974,0,,,0,1
61014727,0.800000012,1,,,0.0402930379,0,0.282355398,0.315414727,15.9213276,3.07800007,0,,,0,1
61015852,0.800000012,1,,,0.0402930379,0,0.282355398,0.315414727,15.9258718,3.07800007,0,,,0,1
61016985,0.800000012,1,,,0.0483516455,0,0.282355398,0.315414727,15.9258718,3.07999992,0,,,0,1
61018111,0.800000012,1,,,0.0402930379,0,0.282355398,0.315414727,15.9258718,3.07999992,0,,,0,1
61019239,0.800000012,1,,,0.0402930379,0,0.282355398,0.315414727,15.9213276,3.08300018,0,,,0,1
61020364,0.800000012,1,,,0.0402930379,0,0.282355398,0.315414727,15.9213276,3.08300018,0,,,0,1
61021493,0.800000012,1,,,0.0322344303,0,0.282355398,0.315414727,15.9258718,3.08500004,0,,,0,1
61022618,0.800000012,1,,,0.0402930379,0,0.282355398,0.315414727,15.9258718,3.08500004,0,,,0,1
61023746,0.800000012,1,,,0.0402930379,0,0.282355398,0.315414727,15.9213276,3.08700013,0,,,0,1
61024872,0.800000012,1,,,0.0402930379,0,0.282355398,0.315414727,15.9213276,3.08700013,0,,,0,1
61026001,0.800000012,1,,,0.0402930379,0,0.282355398,0.315414727,15.9213276,3.08899999,0,,,0,1
61027126,0.800000012,1,,,0.0402930379,0,0.282355398,0.315414727,15.9258718,3.08899999,0,,,0,1
61028259,0.800000012,1,,,0.0402930379,0,0.282355398,0.315414727,15.9258718,3.09200001,0,,,0,1
61029385,0.800000012,1,,,0.0483516455,0,0.282355398,0.315414727,15.9258718,3.09200001,0,,,0,1
61030513,0.800000012,1,,,0.0402930379,0,0.282355398,0.315414727,15.9213276,3.09399986,0,,,0,1
61031638,0.800000012,1,,,0.0402930379,0,0.282355398,0.315414727,15.9258718,3.09399986,0,,,0,1
61032767,0.800000012,1,,,0.0402930379,0,0.282355398,0.315414727,15.9258718,3.09599972,0,,,0,1
61033892,0.800000012,1,,,0.0402930379,0,0.282355398,0.315414727,15.9213276,3.09599972,0,,,0,1
61035225,0.800000012,1,,,0.0322344303,0,0.282355398,0.315414727,15.9304171,3.09899998,0,,,0,1
61036350,0.800000012,1,,,0.0402930379,0,0.282355398,0.315414727,15.9258718,3.09899998,0,,,0,1
61037478,0.800000012,1,,,0.0483516455,0,0.282355398,0.315414727,15.9258718,3.10099983,0,,,0,1
61038604,0.800000012,1,,,0.0322344303,0,0.282355398,0.315414727,15.9213276,3.10099983,0,,,0,1
61039737,0.800000012,1,,,0.0483516455,0,0.282355398,0.315414727,15.9258718,3.10300016,0,,,0,1
61040863,0.800000012,1,,,0.0402930379,0,0.282355398,0.315414727,15.9213276,3.10300016,0,,,0,1
61041991,0.800000012,1,,,0.0402930379,0,0.282355398,0.315414727,15.9213276,3.10500002,0,,,0,1
61043117,0.800000012,1,,,0.0402930379,0,0.282355398,0.315414727,15.9213276,3.10500002,0,,,0,1
61044245,0.800000012,1,,,0.0402930379,0,0.282355398,0.315414727,15.9213276,3.10800004,0,,,0,1
61045371,0.800000012,1,,,0.0402930379,0,0.282355398,0.315414727,15.9258718,3.10800004,0,,,0,1
61046500,0.800000012,1,,,0.0402930379,0,0.282355398,0.315414727,15.9258718,3.1099999,0,,,0,1
61047625,0.800000012,1,,,0.0402930379,0,0.282355398,0.315414727,15.9213276,3.1099999,0,,,0,1
61048754,0.800000012,1,,,0.0483516455,0,0.282355398,0.315414727,15.9258718,3.11199999,0,,,0,1
61049879,0.800000012,1,,,0.0402930379,0,0.282355398,0.315414727,15.9213276,3.11199999,0,,,0,1
61051012,0.800000012,1,,,0.0402930379,0,0.282355398,0.315414727,15.9258718,3.11499977,0,,,0,1
61052138,0.800000012,1,,,0.0483516455,0,0.282355398,0.315414727,15.9258718,3.11499977,0,,,0,1
61053266,0.800000012,1,,,0.0483516455,0,0.282355398,0.315414727,15.9213276,3.1170001,0,,,0,1
61054392,0.800000012,1,,,0.0483516455,0,0.282355398,0.315414727,15.9258718,3.1170001,0,,,0,1
61055521,0.800000012,1,,,0.0402930379,0,0.282355398,0.315414727,15.9258718,3.11899996,0,,,0,1
61056850,0.800000012,1,,,0.0483516455,0,0.282355398,0.315414727,15.9213276,3.11899996,0,,,0,1
61057978,0.800000012,1,,,0.0483516455,0,0.282355398,0.315414727,15.9258718,3.12100029,0,,,0,1
61059104,0.800000012,1,,,0.0402930379,0,0.282355398,0.315414727,15.9258718,3.12100029,0,,,0,1
61060232,0.800000012,1,,,0.0402930379,0,0.282355398,0.315414727,15.9213276,3.12400007,0,,,0,1
61061362,0.800000012,1,,,0.0402930379,0,0.282355398,0.315414727,15.9213276,3.12400007,0,,,0,1
61062491,0.800000012,1,,,0.0402930379,0,0.282355398,0.315414727,15.9167824,3.12600017,0,,,0,1
61063616,0.800000012,1,,,0.0483516455,0,0.282355398,0.315414727,15.9258718,3.12600017,0,,,0,1
61064744,0.800000012,1,,,0.0483516455,0,0.282355398,0.315414727,15.9258718,3.12800002,0,,,0,1
61065870,0.800000012,1,,,0.0402930379,0,0.282355398,0.315414727,15.9258718,3.12800002,0,,,0,1
61066998,0.800000012,1,,,0.0402930379,0,0.282355398,0.315414727,15.9258718,3.12999988,0,,,0,1
61068123,0.800000012,1,,,0.0402930379,0,0.282355398,0.315414727,15.9258718,3.12999988,0,,,0,1
61069252,0.800000012,1,,,0.0322344303,0,0.282355398,0.315414727,15.9213276,3.1329999,0,,,0,1
61070377,0.800000012,1,,,0.0402930379,0,0.282355398,0.315414727,15.9258718,3.1329999,0,,,0,1
61071505,0.800000012,1,,,0.0322344303,0,0.282355398,0.315414727,15.9258718,3.13499975,0,,,0,1
61072636,0.800000012,0.714285731,,,0.0402930379,0.0161172152,0.282355398,0.315414727,15.9258718,3.13499975,0,,,0,1
61073764,0.800000012,1,,,0.0483516455,0,0.282355398,0.315414727,15.9213276,3.13700008,0,,,0,1
61074890,0.800000012,1,,,0.0402930379,0,0.282355398,0.315414727,15.9213276,3.13700008,0,,,0,1
61076018,0.800000012,1,,,0.0322344303,0,0.282355398,0.315414727,15.9213276,3.13999987,0,,,0,1
61077348,0.800000012,1,,,0.0402930379,0,0.282355398,0.315414727,15.9213276,3.13999987,0,,,0,1
61078476,0.800000012,1,,,0.0322344303,0,0.282355398,0.315414727,15.9213276,3.1420002,0,,,0,1
61079602,0.800000012,1,,,0.0322344303,0,0.282355398,0.315414727,15.9258718,3.1420002,0,,,0,1
61080730,0.800000012,1,,,0.0483516455,0,0.282355398,0.315414727,15.9258718,3.14400005,0,,,0,1
61081856,0.800000012,1,,,0.0483516455,0,0.282355398,0.315414727,15.9258718,3.14400005,0,,,0,1
61082984,0.800000012,1,,,0.0402930379,0,0.282355398,0.315414727,15.9258718,3.14600015,0,,,0,1
61084114,0.800000012,1,,,0.0322344303,0,0.282355398,0.315414727,15.9258718,3.14600015,0,,,0,1
61085243,0.800000012,1,,,0.0402930379,0,0.282355398,0.315414727,15.9304171,3.14899993,0,,,0,1
61086368,0.800000012,1,,,0.0402930379,0,0.282355398,0.315414727,15.9213276,3.14899993,0,,,0,1
61087496,0.800000012,1,,,0.0402930379,0,0.282355398,0.315414727,15.9213276,3.15100002,0,,,0,1
61088622,0.800000012,1,,,0.0322344303,0,0.282355398,0.315414727,15.9258718,3.15100002,0,,,0,1
61089750,0.800000012,1,,,0.0402930379,0,0.282355398,0.315414727,15.9258718,3.15299988,0,,,0,1
61090875,0.800000012,1,,,0.0483516455,0,0.282355398,0.315414727,15.9258718,3.15299988,0,,,0,1
61092004,0.800000012,1,,,0.0402930379,0,0.282355398,0.315414727,15.9213276,3.15600014,0,,,0,1
61093129,0.800000012,1,,,0.0322344303,0,0.282355398,0.315414727,15.9258718,3.15600014,0,,,0,1
61094257,0.800000012,1,,,0.0402930379,0,0.282355398,0.315414727,15.9213276,3.15799999,0,,,0,1
61095388,0.800000012,1,,,0.0402930379,0,0.282355398,0.315414727,15.9304171,3.15799999,0,,,0,1
61096516,0.800000012,1,,,0.0402930379,0,0.282355398,0.315414727,15.9258718,3.15999985,0,,,0,1
61097846,0.800000012,1,,,0.0483516455,0,0.282355398,0.315414727,15.9258718,3.15999985,0,,,0,1
61098974,0.800000012,1,,,0.0483516455,0,0.282355398,0.315414727,15.9258718,3.16200018,0,,,0,1
61100100,0.800000012,1,,,0.0483516455,0,0.282355398,0.315414727,15.9258718,3.16200018,0,,,0,1
61101228,0.800000012,1,,,0.0322344303,0,0.282355398,0.315414727,15.9213276,3.16499996,0,,,0,1
61102354,0.800000012,1,,,0.0483516455,0,0.282355398,0.315414727,15.9258718,3.16499996,0,,,0,1
61103482,0.800000012,1,,,0.0483516455,0,0.282355398,0.315414727,15.9258718,3.16700006,0,,,0,1
61104608,0.800000012,1,,,0.0322344303,0,0.282355398,0.315414727,15.9258718,3.16700006,0,,,0,1
61105736,0.800000012,1,,,0.0322344303,0,0.282355398,0.315414727,15.9258718,3.16899991,0,,,0,1
61106867,0.800000012,1,,,0.0402930379,0,0.282355398,0.315414727,15.9213276,3.16899991,0,,,0,1
61107995,0.800000012,1,,,0.0322344303,0,0.282355398,0.315414727,15.9213276,3.171,0,,,0,1
61109120,0.800000012,1,,,0.0402930379,0,0.282355398,0.315414727,15.9213276,3.171,0,,,0,1
61110248,0.800000012,1,,,0.0402930379,0,0.282355398,0.315414727,15.9258718,3.17399979,0,,,0,1
61111374,0.800000012,1,,,0.0483516455,0,0.282355398,0.315414727,15.9258718,3.17399979,0,,,0,1
61112503,0.800000012,1,,,0.0322344303,0,0.282355398,0.315414727,15.9258718,3.17600012,0,,,0,1
61113628,0.800000012,1,,,0.0402930379,0,0.282355398,0.315414727,15.9213276,3.17600012,0,,,0,1
61114757,0.800000012,1,,,0.0483516455,0,0.282355398,0.315414727,15.9258718,3.17799997,0,,,0,1
61115882,0.800000012,1,,,0.0402930379,0,0.282355398,0.315414727,15.9258718,3.17799997,0,,,0,1
61117011,0.800000012,1,,,0.0402930379,0,0.282355398,0.315414727,15.9213276,3.18100023,0,,,0,1
61118141,0.800000012,1,,,0.0483516455,0,0.282355398,0.315414727,15.9213276,3.18100023,0,,,0,1
61119474,0.800000012,1,,,0.0322344303,0,0.282355398,0.315414727,15.9258718,3.18300009,0,,,0,1
61120599,0.800000012,1,,,0.0402930379,0,0.282355398,0.315414727,15.9258718,3.18300009,0,,,0,1
61121727,0.800000012,1,,,0.0402930379,0,0.282355398,0.315414727,15.9258718,3.18499994,0,,,0,1
61122853,0.800000012,1,,,0.0402930379,0,0.282355398,0.315414727,15.9258718,3.18499994,0,,,0,1
61123981,0.800000012,1,,,0.0402930379,0,0.282355398,0.315414727,15.9213276,3.18700004,0,,,0,1
61125106,0.800000012,1,,,0.0402930379,0,0.282355398,0.315414727,15.9258718,3.18700004,0,,,0,1
61126235,0.800000012,1,,,0.0402930379,0,0.282355398,0.315414727,15.9213276,3.19000006,0,,,0,1
61127360,0.800000012,1,,,0.0402930379,0,0.282355398,0.315414727,15.9213276,3.19000006,0,,,0,1
61128493,0.800000012,1,,,0.0322344303,0,0.282355398,0.315414727,15.9258718,3.19199991,0,,,0,1
61129619,0.800000012,1,,,0.0402930379,0,0.282355398,0.315414727,15.9258718,3.19199991,0,,,0,1
61130748,0.800000012,1,,,0.0402930379,0,0.282355398,0.315414727,15.9213276,3.19399977,0,,,0,1
61131873,0.800000012,1,,,0.0402930379,0,0.282355398,0.315414727,15.9213276,3.19399977,0,,,0,1
61133002,0.800000012,1,,,0.0402930379,0,0.282355398,0.315414727,15.9258718,3.1960001,0,,,0,1
61134127,0.800000012,1,,,0.0402930379,0,0.282355398,0.315414727,15.9213276,3.1960001,0,,,0,1
61135256,0.800000012,1,,,0.0402930379,0,0.282355398,0.315414727,15.9258718,3.19899988,0,,,0,1
61136381,0.800000012,1,,,0.0322344303,0,0.282355398,0.315414727,15.9258718,3.19899988,0,,,0,1
61137509,0.800000012,1,,,0.0402930379,0,0.282355398,0.315414727,15.9213276,3.20100021,0,,,0,1
61138635,0.800000012,1,,,0.0483516455,0,0.282355398,0.315414727,15.9258718,3.20100021,0,,,0,1
61139972,0.800000012,1,,,0.0402930379,0,0.282355398,0.315414727,15.9258718,3.20300007,0,,,0,1
61141097,0.800000012,1,,,0.0402930379,0,0.282355398,0.315414727,15.9213276,3.20300007,0,,,0,1
61142226,0.800000012,1,,,0.0322344303,0,0.282355398,0.315414727,15.9213276,3.20600009,0,,,0,1
61143351,0.800000012,1,,,0.0402930379,0,0.282355398,0.315414727,15.9258718,3.20600009,0,,,0,1
61144479,0.800000012,1,,,0.0402930379,0,0.282355398,0.315414727,15.9213276,3.20799994,0,,,0,1
61145605,0.800000012,1,,,0.0402930379,0,0.282355398,0.315414727,15.9213276,3.20799994,0,,,0,1
61146733,0.800000012,1,,,0.0402930379,0,0.282355398,0.315414727,15.9258718,3.21000004,0,,,0,1
61147858,0.800000012,1,,,0.0402930379,0,0.282355398,0.315414727,15.9258718,3.21000004,0,,,0,1
61148987,0.800000012,1,,,0.0322344303,0,0.282355398,0.315414727,15.9213276,3.21199989,0,,,0,1
61150112,0.800000012,1,,,0.0322344303,0,0.282355398,0.315414727,15.9213276,3.21199989,0,,,0,1
61151245,0.800000012,1,,,0.0402930379,0,0.282355398,0.315414727,15.9304171,3.21500015,0,,,0,1
61152371,0.800000012,1,,,0.0322344303,0,0.282355398,0.315414727,15.9258718,3.21500015,0,,,0,1
61153499,0.800000012,1,,,0.0402930379,0,0.282355398,0.315414727,15.9213276,3.21700001,0,,,0,1
61154624,0.800000012,1,,,0.0402930379,0,0.282355398,0.315414727,15.9258718,3.21700001,0,,,0,1
61155753,0.800000012,1,,,0.0483516455,0,0.282355398,0.315414727,15.9258718,3.21899986,0,,,0,1
61156878,0.800000012,1,,,0.0322344303,0,0.282355398,0.315414727,15.9213276,3.21899986,0,,,0,1
61158006,0.800000012,1,,,0.0402930379,0,0.282355398,0.315414727,15.9213276,3.22200012,0,,,0,1
61159132,0.800000012,1,,,0.0402930379,0,0.282355398,0.315414727,15.9213276,3.22200012,0,,,0,1
61160260,0.800000012,1,,,0.0402930379,0,0.282355398,0.315414727,15.9258718,3.22399998,0,,,0,1
61161589,0.800000012,1,,,0.0483516455,0,0.282355398,0.315414727,15.9258718,3.22399998,0,,,0,1
61162722,0.800000012,1,,,0.0402930379,0,0.282355398,0.315414727,15.9258718,3.22600007,0,,,0,1
61163848,0.800000012,1,,,0.0402930379,0,0.282355398,0.315414727,15.9258718,3.22600007,0,,,0,1
61164976,0.800000012,1,,,0.0402930379,0,0.282355398,0.315414727,15.9258718,3.22799993,0,,,0,1
61166101,0.800000012,1,,,0.0483516455,0,0.282355398,0.315414727,15.9213276,3.22799993,0,,,0,1
61167230,0.800000012,1,,,0.0402930379,0,0.282355398,0.315414727,15.9213276,3.23099995,0,,,0,1
61168355,0.800000012,1,,,0.0402930379,0,0.282355398,0.315414727,15.9258718,3.23099995,0,,,0,1
61169483,0.800000012,1,,,0.0483516455,0,0.282355398,0.315414727,15.9213276,3.2329998,0,,,0,1
61170609,0.800000012,1,,,0.0402930379,0,0.282355398,0.315414727,15.9258718,3.2329998,0,,,0,1
61171737,0.800000012,1,,,0.0483516455,0,0.282355398,0.315414727,15.9258718,3.23500013,0,,,0,1
61172862,0.800000012,1,,,0.0322344303,0,0.282355398,0.315414727,15.9258718,3.23500013,0,,,0,1
61173996,0.800000012,1,,,0.0402930379,0,0.282355398,0.315414727,15.9258718,3.23699999,0,,,0,1
61175121,0.800000012,1,,,0.0322344303,0,0.282355398,0.315414727,15.9213276,3.23699999,0,,,0,1
61176249,0.800000012,1,,,0.0322344303,0,0.282355398,0.315414727,15.9258718,3.24000025,0,,,0,1
61177375,0.800000012,1,,,0.0322344303,0,0.282355398,0.315414727,15.9258718,3.24000025,0,,,0,1
61178503,0.800000012,0.666666687,,,0.0483516455,0.0241758227,0.282355398,0.315414727,15.9258718,3.2420001,0,,,0,1
61179628,0.800000012,1,,,0.0322344303,0,0.282355398,0.315414727,15.9258718,3.2420001,0,,,0,1
61180757,0.800000012,1,,,0.0322344303,0,0.282355398,0.315414727,15.9258718,3.24399996,0,,,0,1
61182086,0.800000012,1,,,0.0322344303,0,0.282355398,0.315414727,15.9213276,3.24399996,0,,,0,1
61183214,0.800000012,1,,,0.0402930379,0,0.282355398,0.315414727,15.9258718,3.24699998,0,,,0,1
61184340,0.800000012,1,,,0.0402930379,0,0.282355398,0.315414727,15.9213276,3.24699998,0,,,0,1
61185473,0.800000012,1,,,0.0402930379,0,0.282355398,0.315414727,15.9304171,3.24899983,0,,,0,1
61186598,0.800000012,1,,,0.0322344303,0,0.282355398,0.315414727,15.9213276,3.24899983,0,,,0,1
61187727,0.800000012,1,,,0.0402930379,0,0.282355398,0.315414727,15.9258718,3.25099993,0,,,0,1
61188852,0.800000012,1,,,0.0483516455,0,0.282355398,0.315414727,15.9258718,3.25099993,0,,,0,1
61189980,0.800000012,1,,,0.0402930379,0,0.282355398,0.315414727,15.9213276,3.25299978,0,,,0,1
61191106,0.800000012,1,,,0.0322344303,0,0.282355398,0.315414727,15.9258718,3.25299978,0,,,0,1
61192234,0.800000012,1,,,0.0402930379,0,0.282355398,0.315414727,15.9213276,3.25600004,0,,,0,1
61193359,0.800000012,1,,,0.0322344303,0,0.282355398,0.315414727,15.9213276,3.25600004,0,,,0,1
61194488,0.800000012,1,,,0.0322344303,0,0.282355398,0.315414727,15.9258718,3.2579999,0,,,0,1
61195613,0.800000012,1,,,0.0402930379,0,0.282355398,0.315414727,15.9258718,3.2579999,0,,,0,1
61196746,0.800000012,1,,,0.0322344303,0,0.282355398,0.315414727,15.9258718,3.26000023,0,,,0,1
61197871,0.800000012,1,,,0.0402930379,0,0.282355398,0.315414727,15.9258718,3.26000023,0,,,0,1
61199000,0.800000012,1,,,0.0402930379,0,0.282355398,0.315414727,15.9258718,3.26200008,0,,,0,1
61200125,0.800000012,1,,,0.0483516455,0,0.282355398,0.315414727,15.9213276,3.26200008,0,,,0,1
61201253,0.800000012,1,,,0.0402930379,0,0.282355398,0.315414727,15.9213276,3.2650001,0,,,0,1
61202379,0.800000012,1,,,0.0402930379,0,0.282355398,0.315414727,15.9213276,3.2650001,0,,,0,1
61203711,0.800000012,1,,,0.0402930379,0,0.282355398,0.315414727,15.9213276,3.26699996,0,,,0,1
61204837,0.800000012,1,,,0.0402930379,0,0.282355398,0.315414727,15.9213276,3.26699996,0,,,0,1
61205965,0.800000012,1,,,0.0402930379,0,0.282355398,0.315414727,15.9258718,3.26900005,0,,,0,1
61207095,0.800000012,1,,,0.0483516455,0,0.282355398,0.315414727,15.9258718,3.26900005,0,,,0,1
61208224,0.800000012,1,,,0.0483516455,0,0.282355398,0.315414727,15.9213276,3.27199984,0,,,0,1
61209349,0.800000012,1,,,0.0402930379,0,0.282355398,0.315414727,15.9258718,3.27199984,0,,,0,1
61210477,0.800000012,1,,,0.0402930379,0,0.282355398,0.315414727,15.9213276,3.27400017,0,,,0,1
61211603,0.800000012,1,,,0.0483516455,0,0.282355398,0.315414727,15.9213276,3.27400017,0,,,0,1
61212731,0.800000012,1,,,0.0402930379,0,0.282355398,0.315414727,15.9258718,3.27600002,0,,,0,1
61213856,0.800000012,1,,,0.0483516455,0,0.282355398,0.315414727,15.9258718,3.27600002,0,,,0,1
61214985,0.800000012,1,,,0.0402930379,0,0.282355398,0.315414727,15.9258718,3.27799988,0,,,0,1
61216110,0.800000012,1,,,0.0483516455,0,0.282355398,0.315414727,15.9213276,3.27799988,0,,,0,1
61217238,0.800000012,1,,,0.0402930379,0,0.282355398,0.315414727,15.9213276,3.28100014,0,,,0,1
61218369,0.800000012,1,,,0.0402930379,0,0.282355398,0.315414727,15.9258718,3.28100014,0,,,0,1
61219497,0.800000012,1,,,0.0483516455,0,0.282355398,0.315414727,15.9213276,3.28299999,0,,,0,1
61220622,0.800000012,1,,,0.0402930379,0,0.282355398,0.315414727,15.9258718,3.28299999,0,,,0,1
61221751,0.800000012,0.833333313,,,0.0402930379,0.00805860758,0.282355398,0.315414727,15.9213276,3.28500009,0,,,0,1
61222876,0.800000012,1,,,0.0402930379,0,0.282355398,0.315414727,15.9258718,3.28500009,0,,,0,1
61224209,0.800000012,1,,,0.0402930379,0,0.282355398,0.315414727,15.9258718,3.28799987,0,,,0,1
61225334,0.800000012,1,,,0.0402930379,0,0.282355398,0.315414727,15.9213276,3.28799987,0,,,0,1
61226463,0.800000012,1,,,0.0402930379,0,0.282355398,0.315414727,15.9258718,3.28999996,0,,,0,1
61227588,0.800000012,1,,,0.0402930379,0,0.282355398,0.315414727,15.9213276,3.28999996,0,,,0,1
61228717,0.800000012,1,,,0.0402930379,0,0.282355398,0.315414727,15.9213276,3.29199982,0,,,0,1
61229847,0.800000012,1,,,0.0402930379,0,0.282355398,0.315414727,15.9213276,3.29199982,0,,,0,1
61230975,0.800000012,1,,,0.0402930379,0,0.282355398,0.315414727,15.9258718,3.29400015,0,,,0,1
61232101,0.800000012,1,,,0.0483516455,0,0.282355398,0.315414727,15.9258718,3.29400015,0,,,0,1
61233229,0.800000012,1,,,0.0402930379,0,0.282355398,0.315414727,15.9213276,3.29699993,0,,,0,1
61234355,0.800000012,1,,,0.0402930379,0,0.282355398,0.315414727,15.9213276,3.29699993,0,,,0,1
61235484,0.800000012,1,,,0.0322344303,0,0.282355398,0.315414727,15.9213276,3.29900026,0,,,0,1
61236609,0.800000012,1,,,0.0402930379,0,0.282355398,0.315414727,15.9258718,3.29900026,0,,,0,1
61237738,0.800000012,1,,,0.0402930379,0,0.282355398,0.315414727,15.9213276,3.30100012,0,,,0,1
61238863,0.800000012,1,,,0.0402930379,0,0.282355398,0.315414727,15.9213276,3.30100012,0,,,0,1
61239992,0.800000012,1,,,0.0402930379,0,0.282355398,0.315414727,15.9258718,3.30299997,0,,,0,1
61241122,0.800000012,1,,,0.0483516455,0,0.282355398,0.315414727,15.9258718,3.30299997,0,,,0,1
61242250,0.800000012,1,,,0.0402930379,0,0.282355398,0.315414727,15.9258718,3.30599999,0,,,0,1
61243375,0.800000012,1,,,0.0402930379,0,0.282355398,0.315414727,15.9258718,3.30599999,0,,,0,1
61244504,0.800000012,1,,,0.0483516455,0,0.282355398,0.315414727,15.9258718,3.30799985,0,,,0,1
61245833,0.800000012,1,,,0.0402930379,0,0.282355398,0.315414727,15.9213276,3.30799985,0,,,0,1
61246961,0.800000012,1,,,0.0483516455,0,0.282355398,0.315414727,15.9258718,3.30999994,0,,,0,1
61248087,0.800000012,1,,,0.0402930379,0,0.282355398,0.315414727,15.9258718,3.30999994,0,,,0,1
61249215,0.800000012,1,,,0.0483516455,0,0.282355398,0.315414727,15.9213276,3.31299973,0,,,0,1
61250340,0.800000012,1,,,0.0402930379,0,0.282355398,0.315414727,15.9213276,3.31299973,0,,,0,1
61251469,0.800000012,1,,,0.0402930379,0,0.282355398,0.315414727,15.9258718,3.31500006,0,,,0,1
61252599,0.800000012,1,,,0.0483516455,0,0.282355398,0.315414727,15.9258718,3.31500006,0,,,0,1
61253728,0.800000012,1,,,0.0402930379,0,0.282355398,0.315414727,15.9213276,3.31699991,0,,,0,1
61254853,0.800000012,1,,,0.0402930379,0,0.282355398,0.315414727,15.9258718,3.31699991,0,,,0,1
61255982,0.800000012,1,,,0.0322344303,0,0.282355398,0.315414727,15.9258718,3.31900024,0,,,0,1
61257107,0.800000012,1,,,0.056410253,0,0.282355398,0.315414727,15.9258718,3.31900024,0,,,0,1
61258236,0.800000012,1,,,0.0322344303,0,0.282355398,0.315414727,15.9304171,3.32200003,0,,,0,1
61259361,0.800000012,1,,,0.0402930379,0,0.282355398,0.315414727,15.9258718,3.32200003,0,,,0,1
61260489,0.800000012,0.800000012,,,0.0322344303,0.00805860758,0.282355398,0.315414727,15.9213276,3.32400012,0,,,0,1
61261615,0.800000012,1,,,0.0322344303,0,0.282355398,0.315414727,15.9258718,3.32400012,0,,,0,1
61262743,0.800000012,1,,,0.0402930379,0,0.282355398,0.315414727,15.9213276,3.32599998,0,,,0,1
61263873,0.800000012,1,,,0.0322344303,0,0.282355398,0.315414727,15.9213276,3.32599998,0,,,0,1
61265002,0.800000012,1,,,0.0402930379,0,0.282355398,0.315414727,15.9258718,3.32799983,0,,,0,1
61266331,0.800000012,1,,,0.0402930379,0,0.282355398,0.315414727,15.9258718,3.32799983,0,,,0,1
61267460,0.800000012,1,,,0.0402930379,0,0.282355398,0.315414727,15.9213276,3.33099985,0,,,0,1
61268585,0.800000012,0.625,,,0.0402930379,0.0241758227,0.282355398,0.315414727,15.9258718,3.33099985,0,,,0,1
61269713,0.800000012,1,,,0.0402930379,0,0.282355398,0.315414727,15.9258718,3.33299971,0,,,0,1
61270839,0.800000012,1,,,0.0322344303,0,0.282355398,0.315414727,15.9213276,3.33299971,0,,,0,1
61271967,0.800000012,1,,,0.0483516455,0,0.282355398,0.315414727,15.9213276,3.33500004,0,,,0,1
61273092,0.800000012,1,,,0.0402930379,0,0.282355398,0.315414727,15.9258718,3.33500004,0,,,0,1
61274226,0.800000012,1,,,0.0402930379,0,0.282355398,0.315414727,15.9304171,3.3380003,0,,,0,1
61275351,0.800000012,1,,,0.0402930379,0,0.282355398,0.315414727,15.9213276,3.3380003,0,,,0,1
61276479,0.800000012,1,,,0.0483516455,0,0.282355398,0.315414727,15.9213276,3.34000015,0,,,0,1
61277605,0.800000012,1,,,0.0402930379,0,0.282355398,0.315414727,15.9213276,3.34000015,0,,,0,1
61278733,0.800000012,1,,,0.0322344303,0,0.282355398,0.315414727,15.9213276,3.34200001,0,,,0,1
61279858,0.800000012,1,,,0.0402930379,0,0.282355398,0.315414727,15.9213276,3.34200001,0,,,0,1
61280987,0.800000012,1,,,0.0402930379,0,0.282355398,0.315414727,15.9258718,3.3440001,0,,,0,1
61282112,0.800000012,1,,,0.0402930379,0,0.282355398,0.315414727,15.9213276,3.3440001,0,,,0,1
61283240,0.800000012,1,,,0.0483516455,0,0.282355398,0.315414727,15.9167824,3.34699988,0,,,0,1
61284366,0.800000012,1,,,0.0322344303,0,0.282355398,0.315414727,15.9258718,3.34699988,0,,,0,1
61285499,0.800000012,1,,,0.0402930379,0,0.282355398,0.315414727,15.9258718,3.34899998,0,,,0,1
61286828,0.800000012,1,,,0.0402930379,0,0.282355398,0.315414727,15.9258718,3.34899998,0,,,0,1
61287957,0.800000012,1,,,0.0483516455,0,0.282355398,0.315414727,15.9258718,3.35099983,0,,,0,1
61289082,0.800000012,1,,,0.0483516455,0,0.282355398,0.315414727,15.9258718,3.35099983,0,,,0,1
61290210,0.800000012,1,,,0.0402930379,0,0.282355398,0.315414727,15.9213276,3.35400009,0,,,0,1
61291336,0.800000012,1,,,0.0402930379,0,0.282355398,0.315414727,15.9213276,3.35400009,0,,,0,1
61292464,0.800000012,1,,,0.0402930379,0,0.282355398,0.315414727,15.9258718,3.35599995,0,,,0,1
61293589,0.800000012,1,,,0.0402930379,0,0.282355398,0.315414727,15.9258718,3.35599995,0,,,0,1
61294718,0.800000012,1,,,0.0483516455,0,0.282355398,0.315414727,15.9213276,3.35800028,0,,,0,1
61295843,0.800000012,1,,,0.0402930379,0,0.282355398,0.315414727,15.9258718,3.35800028,0,,,0,1
61296976,0.800000012,0.833333313,,,0.0402930379,0.00805860758,0.282355398,0.315414727,15.9258718,3.36000013,0,,,0,1
61298102,0.800000012,1,,,0.0322344303,0,0.282355398,0.315414727,15.9258718,3.36000013,0,,,0,1
61299230,0.800000012,1,,,0.0402930379,0,0.282355398,0.315414727,15.9304171,3.36300015,0,,,0,1
61300355,0.800000012,1,,,0.0322344303,0,0.282355398,0.315414727,15.9258718,3.36300015,0,,,0,1
61301484,0.800000012,1,,,0.0402930379,0,0.282355398,0.315414727,15.9258718,3.36500001,0,,,0,1
61302609,0.800000012,1,,,0.0402930379,0,0.282355398,0.315414727,15.9258718,3.36500001,0,,,0,1
61303738,0.800000012,1,,,0.0402930379,0,0.282355398,0.315414727,15.9258718,3.36699986,0,,,0,1
61304863,0.800000012,1,,,0.0483516455,0,0.282355398,0.315414727,15.9258718,3.36699986,0,,,0,1
61305991,0.800000012,1,,,0.0402930379,0,0.282355398,0.315414727,15.9258718,3.36899996,0,,,0,1
61307117,0.800000012,1,,,0.0402930379,0,0.282355398,0.315414727,15.9258718,3.36899996,0,,,0,1
61308454,0.800000012,1,,,0.0402930379,0,0.282355398,0.315414727,15.9258718,3.37199974,0,,,0,1
61309579,0.800000012,1,,,0.0483516455,0,0.282355398,0.315414727,15.9258718,3.37199974,0,,,0,1
61310708,0.800000012,1,,,0.0483516455,0,0.282355398,0.315414727,15.9258718,3.37400007,0,,,0,1
61311833,0.800000012,1,,,0.0483516455,0,0.282355398,0.315414727,15.9213276,3.37400007,0,,,0,1
61312961,0.800000012,1,,,0.0402930379,0,0.282355398,0.315414727,15.9258718,3.37599993,0,,,0,1
61314087,0.800000012,1,,,0.0402930379,0,0.282355398,0.315414727,15.9258718,3.37599993,0,,,0,1
61315215,0.800000012,1,,,0.0322344303,0,0.282355398,0.315414727,15.9213276,3.37900019,0,,,0,1
61316341,0.800000012,1,,,0.0402930379,0,0.282355398,0.315414727,15.9258718,3.37900019,0,,,0,1
61317469,0.800000012,1,,,0.0402930379,0,0.282355398,0.315414727,15.9213276,3.38100004,0,,,0,1
61318595,0.800000012,1,,,0.0402930379,0,0.282355398,0.315414727,15.9258718,3.38100004,0,,,0,1
61319728,0.800000012,1,,,0.0483516455,0,0.282355398,0.315414727,15.9258718,3.38300014,0,,,0,1
61320854,0.800000012,1,,,0.0483516455,0,0.282355398,0.315414727,15.9258718,3.38300014,0,,,0,1
61321982,0.800000012,1,,,0.0402930379,0,0.282355398,0.315414727,15.9213276,3.38499999,0,,,0,1
61323107,0.800000012,1,,,0.0483516455,0,0.282355398,0.315414727,15.9258718,3.38499999,0,,,0,1
61324235,0.800000012,1,,,0.0402930379,0,0.282355398,0.315414727,15.9213276,3.38800001,0,,,0,1
61325361,0.800000012,1,,,0.0483516455,0,0.282355398,0.315414727,15.9258718,3.38800001,0,,,0,1
61326489,0.800000012,1,,,0.0483516455,0,0.282355398,0.315414727,15.9213276,3.38999987,0,,,0,1
61327614,0.800000012,1,,,0.0483516455,0,0.282355398,0.315414727,15.9258718,3.38999987,0,,,0,1
61328947,0.800000012,0.833333313,,,0.0402930379,0.00805860758,0.282355398,0.315414727,15.9258718,3.39199972,0,,,0,1
61330073,0.800000012,1,,,0.0402930379,0,0.282355398,0.315414727,15.9258718,3.39199972,0,,,0,1
61331206,0.800000012,1,,,0.0402930379,0,0.282355398,0.315414727,15.9258718,3.39499998,0,,,0,1
61332331,0.800000012,1,,,0.0402930379,0,0.282355398,0.315414727,15.9213276,3.39499998,0,,,0,1
61333460,0.800000012,1,,,0.0402930379,0,0.282355398,0.315414727,15.9258718,3.39699984,0,,,0,1
61334585,0.800000012,1,,,0.0402930379,0,0.282355398,0.315414727,15.9258718,3.39699984,0,,,0,1
61335714,0.800000012,1,,,0.0402930379,0,0.282355398,0.315414727,15.9213276,3.39900017,0,,,0,1
61336840,0.800000012,1,,,0.0402930379,0,0.282355398,0.315414727,15.9213276,3.39900017,0,,,0,1
61337968,0.800000012,1,,,0.0402930379,0,0.282355398,0.315414727,15.9258718,3.40100002,0,,,0,1
61339094,0.800000012,1,,,0.0322344303,0,0.282355398,0.315414727,15.9213276,3.40100002,0,,,0,1
61340222,0.800000012,1,,,0.0402930379,0,0.282355398,0.315414727,15.9258718,3.40400004,0,,,0,1
61341348,0.800000012,1,,,0.0483516455,0,0.282355398,0.315414727,15.9213276,3.40400004,0,,,0,1
61342481,0.800000012,1,,,0.0483516455,0,0.282355398,0.315414727,15.9258718,3.4059999,0,,,0,1
61343606,0.800000012,1,,,0.0402930379,0,0.282355398,0.315414727,15.9258718,3.4059999,0,,,0,1
61344735,0.800000012,1,,,0.0483516455,0,0.282355398,0.315414727,15.9258718,3.40799999,0,,,0,1
61345861,0.800000012,1,,,0.0402930379,0,0.282355398,0.315414727,15.9213276,3.40799999,0,,,0,1
61346989,0.800000012,1,,,0.0322344303,0,0.282355398,0.315414727,15.9258718,3.40999985,0,,,0,1
61348115,0.800000012,1,,,0.0483516455,0,0.282355398,0.315414727,15.9258718,3.40999985,0,,,0,1
61349243,0.800000012,1,,,0.0483516455,0,0.282355398,0.315414727,15.9258718,3.41300011,0,,,0,1
61350573,0.800000012,1,,,0.0402930379,0,0.282355398,0.315414727,15.9167824,3.41300011,0,,,0,1
61351701,0.800000012,1,,,0.0402930379,0,0.282355398,0.315414727,15.9258718,3.41499996,0,,,0,1
61352832,0.800000012,1,,,0.0483516455,0,0.282355398,0.315414727,15.9258718,3.41499996,0,,,0,1
61353960,0.800000012,1,,,0.0483516455,0,0.282355398,0.315414727,15.9213276,3.41700029,0,,,0,1
61355085,0.800000012,1,,,0.0402930379,0,0.282355398,0.315414727,15.9258718,3.41700029,0,,,0,1
61356214,0.800000012,1,,,0.0402930379,0,0.282355398,0.315414727,15.9258718,3.42000008,0,,,0,1
61357339,0.800000012,1,,,0.0483516455,0,0.282355398,0.315414727,15.9258718,3.42000008,0,,,0,1
61358467,0.800000012,1,,,0.0402930379,0,0.282355398,0.315414727,15.9213276,3.42200017,0,,,0,1
61359593,0.800000012,1,,,0.0322344303,0,0.282355398,0.315414727,15.9258718,3.42200017,0,,,0,1
61360721,0.800000012,1,,,0.0402930379,0,0.282355398,0.315414727,15.9258718,3.42400002,0,,,0,1
61361846,0.800000012,1,,,0.0402930379,0,0.282355398,0.315414727,15.9258718,3.42400002,0,,,0,1
61362975,0.800000012,1,,,0.0483516455,0,0.282355398,0.315414727,15.9258718,3.42599988,0,,,0,1
61364105,0.800000012,1,,,0.056410253,0,0.282355398,0.315414727,15.9213276,3.42599988,0,,,0,1
61365234,0.800000012,1,,,0.0483516455,0,0.282355398,0.315414727,15.9213276,3.4289999,0,,,0,1
61366359,0.800000012,1,,,0.0402930379,0,0.282355398,0.315414727,15.9258718,3.4289999,0,,,0,1
61367488,0.800000012,1,,,0.0402930379,0,0.282355398,0.315414727,15.9213276,3.43099976,0,,,0,1
61368613,0.800000012,1,,,0.056410253,0,0.282355398,0.315414727,15.9258718,3.43099976,0,,,0,1
61369741,0.800000012,1,,,0.0483516455,0,0.282355398,0.315414727,15.9213276,3.43300009,0,,,0,1
61371071,0.800000012,1,,,0.0483516455,0,0.282355398,0.315414727,15.9258718,3.43300009,0,,,0,1
61372199,0.800000012,1,,,0.0483516455,0,0.282355398,0.315414727,15.9258718,3.43599987,0,,,0,1
61373325,0.800000012,1,,,0.056410253,0,0.282355398,0.315414727,15.9258718,3.43599987,0,,,0,1
61374454,0.800000012,1,,,0.0402930379,0,0.282355398,0.315414727,15.9213276,3.4380002,0,,,0,1
61375584,0.800000012,1,,,0.0402930379,0,0.282355398,0.315414727,15.9213276,3.4380002,0,,,0,1
61376712,0.800000012,1,,,0.0402930379,0,0.282355398,0.315414727,15.9258718,3.44000006,0,,,0,1
61377837,0.800000012,1,,,0.0483516455,0,0.282355398,0.315414727,15.9258718,3.44000006,0,,,0,1
61378966,0.800000012,1,,,0.0322344303,0,0.282355398,0.315414727,15.9213276,3.44200015,0,,,0,1
61380091,0.800000012,1,,,0.0402930379,0,0.282355398,0.315414727,15.9213276,3.44200015,0,,,0,1
61381219,0.800000012,1,,,0.0402930379,0,0.282355398,0.315414727,15.9213276,3.44499993,0,,,0,1
61382345,0.800000012,1,,,0.0483516455,0,0.282355398,0.315414727,15.9213276,3.44499993,0,,,0,1
61383473,0.800000012,1,,,0.0402930379,0,0.282355398,0.315414727,15.9213276,3.44700003,0,,,0,1
61384599,0.800000012,1,,,0.0483516455,0,0.282355398,0.315414727,15.9258718,3.44700003,0,,,0,1
61385727,0.800000012,1,,,0.0483516455,0,0.282355398,0.315414727,15.9258718,3.44899988,0,,,0,1
61386857,0.800000012,1,,,0.056410253,0,0.282355398,0.315414727,15.9258718,3.44899988,0,,,0,1
61387986,0.800000012,1,,,0.0483516455,0,0.282355398,0.315414727,15.9213276,3.45099974,0,,,0,1
61389111,0.800000012,1,,,0.0483516455,0,0.282355398,0.315414727,15.9258718,3.45099974,0,,,0,1
61390239,0.800000012,1,,,0.0402930379,0,0.282355398,0.315414727,15.9213276,3.454,0,,,0,1
61391365,0.800000012,1,,,0.0402930379,0,0.282355398,0.315414727,15.9213276,3.454,0,,,0,1
61392697,0.800000012,1,,,0.0483516455,0,0.282355398,0.315414727,15.9213276,3.45599985,0,,,0,1
61393823,0.800000012,1,,,0.0402930379,0,0.282355398,0.315414727,15.9213276,3.45599985,0,,,0,1
61394952,0.800000012,1,,,0.0483516455,0,0.282355398,0.315414727,15.9258718,3.45800018,0,,,0,1
61396077,0.800000012,1,,,0.0483516455,0,0.282355398,0.315414727,15.9213276,3.45800018,0,,,0,1
61397206,0.800000012,1,,,0.0483516455,0,0.282355398,0.315414727,15.9213276,3.46099997,0,,,0,1
61398336,0.800000012,1,,,0.0483516455,0,0.282355398,0.315414727,15.9213276,3.46099997,0,,,0,1
61399464,0.800000012,1,,,0.0402930379,0,0.282355398,0.315414727,15.9213276,3.46300006,0,,,0,1
61400590,0.800000012,1,,,0.0402930379,0,0.282355398,0.315414727,15.9258718,3.46300006,0,,,0,1
61401718,0.800000012,1,,,0.0483516455,0,0.282355398,0.315414727,15.9258718,3.46499991,0,,,0,1
61402844,0.800000012,1,,,0.0483516455,0,0.282355398,0.315414727,15.9213276,3.46499991,0,,,0,1
61403973,0.800000012,1,,,0.0402930379,0,0.282355398,0.315414727,15.9213276,3.46700001,0,,,0,1
61405098,0.800000012,1,,,0.0483516455,0,0.282355398,0.315414727,15.9213276,3.46700001,0,,,0,1
61406227,0.800000012,1,,,0.0483516455,0,0.282355398,0.315414727,15.9304171,3.46999979,0,,,0,1
61407352,0.800000012,1,,,0.0483516455,0,0.282355398,0.315414727,15.9213276,3.46999979,0,,,0,1
61408481,0.800000012,1,,,0.0483516455,0,0.282355398,0.315414727,15.9258718,3.47200012,0,,,0,1
61409611,0.800000012,1,,,0.0402930379,0,0.282355398,0.315414727,15.9213276,3.47200012,0,,,0,1
61410739,0.800000012,1,,,0.056410253,0,0.282355398,0.315414727,15.9213276,3.47399998,0,,,0,1
61411865,0.800000012,1,,,0.0402930379,0,0.282355398,0.315414727,15.9258718,3.47399998,0,,,0,1
61413197,0.800000012,1,,,0.0483516455,0,0.282355398,0.315414727,15.9258718,3.47700024,0,,,0,1
61414323,0.800000012,1,,,0.0483516455,0,0.282355398,0.315414727,15.9213276,3.47700024,0,,,0,1
61415451,0.800000012,1,,,0.0402930379,0,0.282355398,0.315414727,15.9213276,3.47900009,0,,,0,1
61416576,0.800000012,1,,,0.0402930379,0,0.282355398,0.315414727,15.9213276,3.47900009,0,,,0,1
61417705,0.800000012,1,,,0.0402930379,0,0.282355398,0.315414727,15.9213276,3.48099995,0,,,0,1
61418830,0.800000012,1,,,0.0483516455,0,0.282355398,0.315414727,15.9213276,3.48099995,0,,,0,1
61419963,0.800000012,1,,,0.0402930379,0,0.282355398,0.315414727,15.9258718,3.48300004,0,,,0,1
61421089,0.800000012,1,,,0.0483516455,0,0.282355398,0.315414727,15.9213276,3.48300004,0,,,0,1
61422217,0.800000012,1,,,0.056410253,0,0.282355398,0.315414727,15.9258718,3.48599982,0,,,0,1
61423343,0.800000012,1,,,0.0402930379,0,0.282355398,0.315414727,15.9258718,3.48599982,0,,,0,1
61424471,0.800000012,1,,,0.0402930379,0,0.282355398,0.315414727,15.9258718,3.48799992,0,,,0,1
61425596,0.800000012,1,,,0.0483516455,0,0.282355398,0.315414727,15.9258718,3.48799992,0,,,0,1
61426725,0.800000012,1,,,0.0402930379,0,0.282355398,0.315414727,15.9213276,3.48999977,0,,,0,1
61427850,0.800000012,1,,,0.0402930379,0,0.282355398,0.315414727,15.9213276,3.48999977,0,,,0,1
61428978,0.800000012,1,,,0.0402930379,0,0.282355398,0.315414727,15.9213276,3.4920001,0,,,0,1
61430104,0.800000012,1,,,0.0483516455,0,0.282355398,0.315414727,15.9258718,3.4920001,0,,,0,1
61431237,0.800000012,1,,,0.0402930379,0,0.282355398,0.315414727,15.9213276,3.49499989,0,,,0,1
61432363,0.800000012,1,,,0.0483516455,0,0.282355398,0.315414727,15.9258718,3.49499989,0,,,0,1
61433491,0.800000012,1,,,0.0483516455,0,0.282355398,0.315414727,15.9258718,3.49700022,0,,,0,1
61434821,0.800000012,1,,,0.0483516455,0,0.282355398,0.315414727,15.9213276,3.49700022,0,,,0,1
61435949,0.800000012,1,,,0.0402930379,0,0.282355398,0.315414727,15.9258718,3.49900007,0,,,0,1
61437081,0.800000012,1,,,0.0402930379,0,0.282355398,0.315414727,15.9213276,3.49900007,0,,,0,1
61438209,0.800000012,1,,,0.0483516455,0,0.282355398,0.315414727,15.9167824,3.50200009,0,,,0,1
61439334,0.800000012,1,,,0.0483516455,0,0.282355398,0.315414727,15.9213276,3.50200009,0,,,0,1
61440462,0.800000012,1,,,0.0402930379,0,0.282355398,0.315414727,15.9258718,3.50399995,0,,,0,1
61441588,0.800000012,1,,,0.0483516455,0,0.282355398,0.315414727,15.9258718,3.50399995,0,,,0,1
61442721,0.800000012,1,,,0.0483516455,0,0.282355398,0.315414727,15.9213276,3.50600004,0,,,0,1
61443847,0.800000012,1,,,0.0483516455,0,0.282355398,0.315414727,15.9258718,3.50600004,0,,,0,1
61444975,0.800000012,1,,,0.0483516455,0,0.282355398,0.315414727,15.9258718,3.5079999,0,,,0,1
61446101,0.800000012,1,,,0.056410253,0,0.282355398,0.315414727,15.9258718,3.5079999,0,,,0,1
61447229,0.800000012,1,,,0.0402930379,0,0.282355398,0.315414727,15.9304171,3.51100016,0,,,0,1
61448355,0.800000012,1,,,0.0322344303,0,0.282355398,0.315414727,15.9258718,3.51100016,0,,,0,1
61449483,0.800000012,1,,,0.0402930379,0,0.282355398,0.315414727,15.9213276,3.51300001,0,,,0,1
61450609,0.800000012,1,,,0.0402930379,0,0.282355398,0.315414727,15.9213276,3.51300001,0,,,0,1
61451737,0.800000012,1,,,0.0402930379,0,0.282355398,0.315414727,15.9213276,3.51499987,0,,,0,1
61452862,0.800000012,1,,,0.0483516455,0,0.282355398,0.315414727,15.9258718,3.51499987,0,,,0,1
61453995,0.800000012,1,,,0.0483516455,0,0.282355398,0.315414727,15.9213276,3.5170002,0,,,0,1
61455325,0.800000012,1,,,0.0483516455,0,0.282355398,0.315414727,15.9213276,3.5170002,0,,,0,1
61456453,0.800000012,1,,,0.0402930379,0,0.282355398,0.315414727,15.9258718,3.51999998,0,,,0,1
61457579,0.800000012,1,,,0.0402930379,0,0.282355398,0.315414727,15.9258718,3.51999998,0,,,0,1
61458707,0.800000012,1,,,0.0483516455,0,0.282355398,0.315414727,15.9213276,3.52200007,0,,,0,1
61459833,0.800000012,1,,,0.0483516455,0,0.282355398,0.315414727,15.9258718,3.52200007,0,,,0,1
61460961,0.800000012,1,,,0.0402930379,0,0.282355398,0.315414727,15.9258718,3.52399993,0,,,0,1
61462086,0.800000012,1,,,0.0402930379,0,0.282355398,0.315414727,15.9258718,3.52399993,0,,,0,1
61463214,0.800000012,1,,,0.0402930379,0,0.282355398,0.315414727,15.9213276,3.52699995,0,,,0,1
61464340,0.800000012,1,,,0.0402930379,0,0.282355398,0.315414727,15.9258718,3.52699995,0,,,0,1
61465473,0.800000012,1,,,0.0402930379,0,0.282355398,0.315414727,15.9213276,3.52899981,0,,,0,1
61466598,0.800000012,1,,,0.0402930379,0,0.282355398,0.315414727,15.9213276,3.52899981,0,,,0,1
61467727,0.800000012,1,,,0.0322344303,0,0.282355398,0.315414727,15.9258718,3.53100014,0,,,0,1
61468852,0.800000012,1,,,0.0483516455,0,0.282355398,0.315414727,15.9258718,3.53100014,0,,,0,1
61469980,0.800000012,1,,,0.0402930379,0,0.282355398,0.315414727,15.9167824,3.53299999,0,,,0,1
61471106,0.800000012,1,,,0.0483516455,0,0.282355398,0.315414727,15.9258718,3.53299999,0,,,0,1
61472234,0.800000012,1,,,0.0483516455,0,0.282355398,0.315414727,15.9167824,3.53600025,0,,,0,1
61473359,0.800000012,1,,,0.0402930379,0,0.282355398,0.315414727,15.9213276,3.53600025,0,,,0,1
61474488,0.800000012,1,,,0.0402930379,0,0.282355398,0.315414727,15.9258718,3.53800011,0,,,0,1
61475817,0.800000012,1,,,0.0483516455,0,0.282355398,0.315414727,15.9258718,3.53800011,0,,,0,1
61476950,0.800000012,1,,,0.056410253,0,0.282355398,0.315414727,15.9213276,3.53999996,0,,,0,1
61478075,0.800000012,1,,,0.0483516455,0,0.282355398,0.315414727,15.9213276,3.53999996,0,,,0,1
61479204,0.800000012,1,,,0.0483516455,0,0.282355398,0.315414727,15.9304171,3.54299998,0,,,0,1
61480329,0.800000012,1,,,0.0483516455,0,0.282355398,0.315414727,15.9213276,3.54299998,0,,,0,1
61481457,0.800000012,1,,,0.0402930379,0,0.282355398,0.315414727,15.9258718,3.54499984,0,,,0,1
61482583,0.800000012,1,,,0.0402930379,0,0.282355398,0.315414727,15.9213276,3.54499984,0,,,0,1
61483711,0.800000012,1,,,0.0483516455,0,0.282355398,0.315414727,15.9213276,3.54699993,0,,,0,1
61484836,0.800000012,1,,,0.0402930379,0,0.282355398,0.315414727,15.9258718,3.54699993,0,,,0,1
61485965,0.800000012,1,,,0.0402930379,0,0.282355398,0.315414727,15.9213276,3.54899979,0,,,0,1
61487090,0.800000012,1,,,0.0483516455,0,0.282355398,0.315414727,15.9258718,3.54899979,0,,,0,1
61488223,0.800000012,1,,,0.0402930379,0,0.282355398,0.315414727,15.9213276,3.55200005,0,,,0,1
61489348,0.800000012,1,,,0.0402930379,0,0.282355398,0.315414727,15.9213276,3.55200005,0,,,0,1
61490477,0.800000012,1,,,0.0402930379,0,0.282355398,0.315414727,15.9213276,3.5539999,0,,,0,1
61491602,0.800000012,1,,,0.0483516455,0,0.282355398,0.315414727,15.9258718,3.5539999,0,,,0,1
61492730,0.800000012,1,,,0.0322344303,0,0.282355398,0.315414727,15.9213276,3.55600023,0,,,0,1
61493856,0.800000012,1,,,0.0483516455,0,0.282355398,0.315414727,15.9258718,3.55600023,0,,,0,1
61494984,0.800000012,1,,,0.0402930379,0,0.282355398,0.315414727,15.9213276,3.55800009,0,,,0,1
61496109,0.800000012,1,,,0.0322344303,0,0.282355398,0.315414727,15.9213276,3.55800009,0,,,0,1
61497442,0.800000012,1,,,0.0322344303,0,0.282355398,0.315414727,15.9213276,3.56100011,0,,,0,1
61498572,0.800000012,1,,,0.0402930379,0,0.282355398,0.315414727,15.9258718,3.56100011,0,,,0,1
61499700,0.800000012,1,,,0.0402930379,0,0.282355398,0.315414727,15.9213276,3.56299996,0,,,0,1
61500826,0.800000012,1,,,0.0483516455,0,0.282355398,0.315414727,15.9213276,3.56299996,0,,,0,1
61501954,0.800000012,1,,,0.0483516455,0,0.282355398,0.315414727,15.9258718,3.56500006,0,,,0,1
61503079,0.800000012,1,,,0.0483516455,0,0.282355398,0.315414727,15.9213276,3.56500006,0,,,0,1
61504208,0.800000012,1,,,0.0402930379,0,0.282355398,0.315414727,15.9213276,3.56799984,0,,,0,1
61505333,0.800000012,1,,,0.0483516455,0,0.282355398,0.315414727,15.9258718,3.56799984,0,,,0,1
61506461,0.800000012,1,,,0.0483516455,0,0.282355398,0.315414727,15.9213276,3.57000017,0,,,0,1
61507587,0.800000012,1,,,0.0483516455,0,0.282355398,0.315414727,15.9258718,3.57000017,0,,,0,1
61508715,0.800000012,1,,,0.0402930379,0,0.282355398,0.315414727,15.9258718,3.57200003,0,,,0,1
61509846,0.800000012,1,,,0.0402930379,0,0.282355398,0.315414727,15.9213276,3.57200003,0,,,0,1
61510974,0.800000012,1,,,0.0483516455,0,0.282355398,0.315414727,15.9258718,3.57399988,0,,,0,1
61512099,0.800000012,1,,,0.0483516455,0,0.282355398,0.315414727,15.9258718,3.57399988,0,,,0,1
61513227,0.800000012,1,,,0.0483516455,0,0.282355398,0.315414727,15.9167824,3.57700014,0,,,0,1
61514353,0.800000012,1,,,0.0483516455,0,0.282355398,0.315414727,15.9213276,3.57700014,0,,,0,1
61515481,0.800000012,1,,,0.0402930379,0,0.282355398,0.315414727,15.9213276,3.579,0,,,0,1
61516607,0.800000012,1,,,0.0402930379,0,0.282355398,0.315414727,15.9213276,3.579,0,,,0,1
61517939,0.800000012,1,,,0.0402930379,0,0.282355398,0.315414727,15.9258718,3.58100009,0,,,0,1
61519064,0.800000012,1,,,0.0483516455,0,0.282355398,0.315414727,15.9213276,3.58100009,0,,,0,1
61520193,0.800000012,1,,,0.0402930379,0,0.282355398,0.315414727,15.9258718,3.58399987,0,,,0,1
61521323,0.800000012,1,,,0.0322344303,0,0.282355398,0.315414727,15.9258718,3.58399987,0,,,0,1
61522452,0.800000012,1,,,0.0402930379,0,0.282355398,0.315414727,15.9258718,3.58599997,0,,,0,1
61523577,0.800000012,1,,,0.0402930379,0,0.282355398,0.315414727,15.9258718,3.58599997,0,,,0,1
61524705,0.800000012,1,,,0.0402930379,0,0.282355398,0.315414727,15.9213276,3.58799982,0,,,0,1
61525831,0.800000012,1,,,0.0402930379,0,0.282355398,0.315414727,15.9258718,3.58799982,0,,,0,1
61526959,0.800000012,1,,,0.0402930379,0,0.282355398,0.315414727,15.9258718,3.59000015,0,,,0,1
61528084,0.800000012,1,,,0.0483516455,0,0.282355398,0.315414727,15.9258718,3.59000015,0,,,0,1
61529213,0.800000012,1,,,0.0402930379,0,0.282355398,0.315414727,15.9213276,3.59299994,0,,,0,1
61530339,0.800000012,1,,,0.056410253,0,0.282355398,0.315414727,15.9213276,3.59299994,0,,,0,1
61531467,0.800000012,1,,,0.0402930379,0,0.282355398,0.315414727,15.9258718,3.59500027,0,,,0,1
61532597,0.800000012,1,,,0.0402930379,0,0.282355398,0.315414727,15.9258718,3.59500027,0,,,0,1
61533726,0.800000012,1,,,0.0402930379,0,0.282355398,0.315414727,15.9213276,3.59700012,0,,,0,1
61534851,0.800000012,1,,,0.0402930379,0,0.282355398,0.315414727,15.9213276,3.59700012,0,,,0,1
61535979,0.800000012,1,,,0.0402930379,0,0.282355398,0.315414727,15.9258718,3.59899998,0,,,0,1
61537105,0.800000012,1,,,0.0483516455,0,0.282355398,0.315414727,15.9258718,3.59899998,0,,,0,1
61538233,0.800000012,1,,,0.0483516455,0,0.282355398,0.315414727,15.9213276,3.602,0,,,0,1
61539562,0.800000012,1,,,0.0483516455,0,0.282355398,0.315414727,15.9213276,3.602,0,,,0,1
61540691,0.800000012,1,,,0.0483516455,0,0.282355398,0.315414727,15.9213276,3.60399985,0,,,0,1
61541816,0.800000012,1,,,0.0483516455,0,0.282355398,0.315414727,15.9213276,3.60399985,0,,,0,1
61542945,0.800000012,1,,,0.056410253,0,0.282355398,0.315414727,15.9258718,3.60599995,0,,,0,1
61544075,0.800000012,1,,,0.0483516455,0,0.282355398,0.315414727,15.9213276,3.60599995,0,,,0,1
61545203,0.800000012,1,,,0.0402930379,0,0.282355398,0.315414727,15.9258718,3.60899973,0,,,0,1
61546329,0.800000012,1,,,0.0402930379,0,0.282355398,0.315414727,15.9213276,3.60899973,0,,,0,1
61547458,0.800000012,1,,,0.0483516455,0,0.282355398,0.315414727,15.9258718,3.61100006,0,,,0,1
61548583,0.800000012,1,,,0.056410253,0,0.282355398,0.315414727,15.9258718,3.61100006,0,,,0,1
61549712,0.800000012,1,,,0.0483516455,0,0.282355398,0.315414727,15.9258718,3.61299992,0,,,0,1
61550837,0.800000012,1,,,0.0402930379,0,0.282355398,0.315414727,15.9258718,3.61299992,0,,,0,1
61551966,0.800000012,1,,,0.056410253,0,0.282355398,0.315414727,15.9213276,3.61500025,0,,,0,1
61553091,0.800000012,1,,,0.0644688606,0,0.282355398,0.315414727,15.9258718,3.61500025,0,,,0,1
61554220,0.800000012,1,,,0.0644688606,0,0.282355398,0.315414727,15.9304171,3.61800003,0,,,0,1
61555350,0.800000012,1,,,0.0483516455,0,0.282355398,0.315414727,15.9258718,3.61800003,0,,,0,1
61556479,0.800000012,1,,,0.0644688606,0,0.282355398,0.315414727,15.9213276,3.62000012,0,,,0,1
61557604,0.800000012,1,,,0.0725274682,0,0.282355398,0.315414727,15.9213276,3.62000012,0,,,0,1
61558733,0.800000012,1,,,0.0483516455,0,0.282355398,0.315414727,15.9258718,3.62199998,0,,,0,1
61560062,0.800000012,1,,,0.0725274682,0,0.282355398,0.315414727,15.9258718,3.62199998,0,,,0,1
61561191,0.800000012,1,,,0.056410253,0,0.282355398,0.315414727,15.9258718,3.625,0,,,0,1
61562316,0.800000012,1,,,0.0644688606,0,0.282355398,0.315414727,15.9258718,3.625,0,,,0,1
61563444,0.800000012,1,,,0.0644688606,0,0.282355398,0.315414727,15.9213276,3.62699986,0,,,0,1
61564570,0.800000012,1,,,0.0483516455,0,0.282355398,0.315414727,15.9258718,3.62699986,0,,,0,1
61565703,0.800000012,1,,,0.0644688606,0,0.282355398,0.315414727,15.9258718,3.62899971,0,,,0,1
61566828,0.800000012,0.875,,,0.056410253,0.00805860758,0.282355398,0.315414727,15.9213276,3.62899971,0,,,0,1
61567957,0.800000012,1,,,0.056410253,0,0.282355398,0.315414727,15.9258718,3.63100004,0,,,0,1
61569082,0.800000012,1,,,0.056410253,0,0.282355398,0.315414727,15.9258718,3.63100004,0,,,0,1
61570210,0.800000012,1,,,0.0483516455,0,0.282355398,0.315414727,15.9213276,3.63399982,0,,,0,1
61571336,0.800000012,1,,,0.056410253,0,0.282355398,0.315414727,15.9258718,3.63399982,0,,,0,1
61572464,0.800000012,1,,,0.0644688606,0,0.282355398,0.315414727,15.9213276,3.63600016,0,,,0,1
61573589,0.800000012,1,,,0.0483516455,0,0.282355398,0.315414727,15.9258718,3.63600016,0,,,0,1
61574718,0.800000012,1,,,0.056410253,0,0.282355398,0.315414727,15.9258718,3.63800001,0,,,0,1
61575843,0.800000012,1,,,0.056410253,0,0.282355398,0.315414727,15.9258718,3.63800001,0,,,0,1
61576976,0.800000012,1,,,0.0725274682,0,0.282355398,0.315414727,15.9258718,3.6400001,0,,,0,1
61578102,0.800000012,1,,,0.0483516455,0,0.282355398,0.315414727,15.9258718,3.6400001,0,,,0,1
61579230,0.800000012,1,,,0.0483516455,0,0.282355398,0.315414727,15.9258718,3.64299989,0,,,0,1
61580356,0.800000012,1,,,0.0725274682,0,0.282355398,0.315414727,15.9258718,3.64299989,0,,,0,1
61581722,0.800000012,0.899999976,,,0.0725274682,0.00805860758,0.293479353,0.302602053,15.9258718,3.64499998,0,,,0,1
61582848,0.800000012,1,,,0.056410253,0,0.293479353,0.302602053,15.9213276,3.64499998,0,,,0,1
61584010,0.800000012,1,,,0.0805860758,0,0.305515766,0.290789634,15.9213276,3.64699984,0,,,0,1
61585136,0.800000012,1,,,0.0644688606,0,0.305515766,0.290789634,15.9213276,3.64699984,0,,,0,1
61586264,0.800000012,1,,,0.0483516455,0,0.305515766,0.290789634,15.9213276,3.6500001,0,,,0,1
61587423,0.800000012,1,,,0.0805860758,0,0.3185817,0.279864848,15.9258718,3.6500001,0,,,0,1
61588557,0.800000012,1,,,0.0725274682,0,0.3185817,0.279864848,15.9213276,3.65199995,0,,,0,1
61589716,0.800000012,1,,,0.0805860758,0,0.33281517,0.269731224,15.9213276,3.65199995,0,,,0,1
61590845,0.800000012,1,,,0.0725274682,0,0.33281517,0.269731224,15.9258718,3.65400028,0,,,0,1
61591970,0.800000012,1,,,0.0725274682,0,0.33281517,0.269731224,15.9213276,3.65400028,0,,,0,1
61593099,0.800000012,1,,,0.0644688606,0,0.33281517,0.269731224,15.9213276,3.65700006,0,,,0,1
61594224,0.800000012,0.875,,,0.056410253,0.00805860758,0.33281517,0.269731224,15.9213276,3.65700006,0,,,0,1
61595352,0.800000012,1,,,0.056410253,0,0.33281517,0.269731224,15.9213276,3.65900016,0,,,0,1
61596478,0.800000012,0.875,,,0.056410253,0.00805860758,0.33281517,0.269731224,15.9213276,3.65900016,0,,,0,1
61597606,0.800000012,0.875,,,0.056410253,0.00805860758,0.33281517,0.269731224,15.9258718,3.66100001,0,,,0,1
61598731,0.800000012,1,,,0.0725274682,0,0.33281517,0.269731224,15.9213276,3.66100001,0,,,0,1
61599864,0.800000012,1,,,0.0725274682,0,0.33281517,0.269731224,15.9258718,3.66299987,0,,,0,1
61601024,0.800000012,1,,,0.0805860758,0,0.34837994,0.260305762,15.9213276,3.66299987,0,,,0,1
61602357,0.800000012,0.857142866,,,0.0483516455,0.00805860758,0.34837994,0.260305762,15.9213276,3.66599989,0,,,0,1
61603482,0.800000012,0.875,,,0.056410253,0.00805860758,0.34837994,0.260305762,15.9213276,3.66599989,0,,,0,1
61604610,0.800000012,1,,,0.056410253,0,0.34837994,0.260305762,15.9213276,3.66799974,0,,,0,1
61605736,0.800000012,1,,,0.0483516455,0,0.34837994,0.260305762,15.9213276,3.66799974,0,,,0,1
61606864,0.800000012,1,,,0.056410253,0,0.34837994,0.260305762,15.9213276,3.67000008,0,,,0,1
61607989,0.800000012,1,,,0.056410253,0,0.34837994,0.260305762,15.9213276,3.67000008,0,,,0,1
61609118,0.800000012,1,,,0.0483516455,0,0.34837994,0.260305762,15.9258718,3.67299986,0,,,0,1
61610243,0.800000012,1,,,0.056410253,0,0.34837994,0.260305762,15.9213276,3.67299986,0,,,0,1
61611376,0.800000012,1,,,0.056410253,0,0.34837994,0.260305762,15.9258718,3.67500019,0,,,0,1
61612502,0.800000012,1,,,0.0483516455,0,0.34837994,0.260305762,15.9258718,3.67500019,0,,,0,1
61613630,0.800000012,1,,,0.0483516455,0,0.34837994,0.260305762,15.9258718,3.67700005,0,,,0,1
61614756,0.800000012,1,,,0.0402930379,0,0.34837994,0.260305762,15.9213276,3.67700005,0,,,0,1
61615884,0.800000012,1,,,0.0483516455,0,0.34837994,0.260305762,15.9258718,3.67900014,0,,,0,1
61617009,0.800000012,1,,,0.0322344303,0,0.34837994,0.260305762,15.9258718,3.67900014,0,,,0,1
61618137,0.800000012,1,,,0.0241758227,0,0.34837994,0.260305762,15.9258718,3.68199992,0,,,0,1
61619263,0.800000012,1,,,0.0322344303,0,0.34837994,0.260305762,15.9304171,3.68199992,0,,,0,1
61620391,0.800000012,1,,,0.0241758227,0,0.34837994,0.260305762,15.9258718,3.68400002,0,,,0,1
61621517,0.800000012,1,,,0.0322344303,0,0.34837994,0.260305762,15.9258718,3.68400002,0,,,0,1
61622854,0.800000012,1,,,0.0483516455,0,0.34837994,0.260305762,15.9258718,3.68599987,0,,,0,1
61623979,0.800000012,1,,,0.0402930379,0,0.34837994,0.260305762,15.9258718,3.68599987,0,,,0,1
61625107,0.800000012,1,,,0.0402930379,0,0.34837994,0.260305762,15.9213276,3.68900013,0,,,0,1
61626233,0.800000012,1,,,0.0483516455,0,0.34837994,0.260305762,15.9213276,3.68900013,0,,,0,1
61627361,0.800000012,1,,,0.0483516455,0,0.34837994,0.260305762,15.9258718,3.69099998,0,,,0,1
61628486,0.800000012,1,,,0.0483516455,0,0.34837994,0.260305762,15.9258718,3.69099998,0,,,0,1
61629615,0.800000012,1,,,0.056410253,0,0.34837994,0.260305762,15.9213276,3.69299984,0,,,0,1
61630740,0.800000012,1,,,0.056410253,0,0.34837994,0.260305762,15.9258718,3.69299984,0,,,0,1
61631868,0.800000012,1,,,0.0483516455,0,0.34837994,0.260305762,15.9258718,3.69500017,0,,,0,1
61632994,0.800000012,1,,,0.0483516455,0,0.34837994,0.260305762,15.9213276,3.69500017,0,,,0,1
61634161,0.800000012,0.800000012,,,0.0644688606,0.0161172152,0.365471959,0.251516789,15.9258718,3.69799995,0,,,0,1
61635287,0.800000012,1,,,0.0483516455,0,0.365471959,0.251516789,15.9258718,3.69799995,0,,,0,1
61636415,0.800000012,1,,,0.0483516455,0,0.365471959,0.251516789,15.9167824,3.70000005,0,,,0,1
61637540,0.800000012,1,,,0.0402930379,0,0.365471959,0.251516789,15.9258718,3.70000005,0,,,0,1
61638669,0.800000012,1,,,0.0402930379,0,0.365471959,0.251516789,15.9213276,3.7019999,0,,,0,1
61639794,0.800000012,1,,,0.0402930379,0,0.365471959,0.251516789,15.9258718,3.7019999,0,,,0,1
61640922,0.800000012,1,,,0.0402930379,0,0.365471959,0.251516789,15.9258718,3.704,0,,,0,1
61642048,0.800000012,1,,,0.0402930379,0,0.365471959,0.251516789,15.9213276,3.704,0,,,0,1
61643176,0.800000012,1,,,0.0483516455,0,0.365471959,0.251516789,15.9258718,3.70699978,0,,,0,1
61644510,0.800000012,1,,,0.0402930379,0,0.365471959,0.251516789,15.9258718,3.70699978,0,,,0,1
61645639,0.800000012,1,,,0.0483516455,0,0.365471959,0.251516789,15.9258718,3.70900011,0,,,0,1
61646764,0.800000012,1,,,0.0402930379,0,0.365471959,0.251516789,15.9258718,3.70900011,0,,,0,1
61647893,0.800000012,1,,,0.0483516455,0,0.365471959,0.251516789,15.9213276,3.71099997,0,,,0,1
61649018,0.800000012,1,,,0.0483516455,0,0.365471959,0.251516789,15.9258718,3.71099997,0,,,0,1
61650146,0.800000012,1,,,0.0483516455,0,0.365471959,0.251516789,15.9213276,3.71400023,0,,,0,1
61651272,0.800000012,1,,,0.0483516455,0,0.365471959,0.251516789,15.9258718,3.71400023,0,,,0,1
61652400,0.800000012,1,,,0.056410253,0,0.365471959,0.251516789,15.9258718,3.71600008,0,,,0,1
61653525,0.800000012,1,,,0.056410253,0,0.365471959,0.251516789,15.9213276,3.71600008,0,,,0,1
61654654,0.800000012,0.857142866,,,0.0483516455,0.00805860758,0.365471959,0.251516789,15.9258718,3.71800017,0,,,0,1
61655784,0.800000012,1,,,0.0483516455,0,0.365471959,0.251516789,15.9258718,3.71800017,0,,,0,1
61656913,0.800000012,1,,,0.0483516455,0,0.365471959,0.251516789,15.9258718,3.72000003,0,,,0,1
61658038,0.800000012,1,,,0.0483516455,0,0.365471959,0.251516789,15.9258718,3.72000003,0,,,0,1
61659166,0.800000012,1,,,0.056410253,0,0.365471959,0.251516789,15.9258718,3.72300005,0,,,0,1
61660292,0.800000012,1,,,0.0483516455,0,0.365471959,0.251516789,15.9258718,3.72300005,0,,,0,1
61661420,0.800000012,1,,,0.0483516455,0,0.365471959,0.251516789,15.9213276,3.7249999,0,,,0,1
61662579,0.800000012,0.909090936,,,0.0805860758,0.00805860758,0.38432762,0.243301973,15.9213276,3.7249999,0,,,0,1
61663708,0.800000012,1,,,0.056410253,0,0.38432762,0.243301973,15.9213276,3.72699976,0,,,0,1
61665071,0.800000012,0.909090936,,,0.0805860758,0.00805860758,0.405234784,0.23560679,15.9258718,3.72699976,0,,,0,1
61666200,0.800000012,1,,,0.0644688606,0,0.405234784,0.23560679,15.9213276,3.73000002,0,,,0,1
61667364,0.800000012,0.899999976,,,0.0725274682,0.00805860758,0.428547442,0.228383422,15.9258718,3.73000002,0,,,0,1
61668493,0.800000012,0.888888896,,,0.0644688606,0.00805860758,0.428547442,0.228383422,15.9258718,3.73199987,0,,,0,1
61669618,0.800000012,0.857142866,,,0.0483516455,0.00805860758,0.428547442,0.228383422,15.9213276,3.73199987,0,,,0,1
61670747,0.800000012,0.899999976,,,0.0725274682,0.00805860758,0.428547442,0.228383422,15.9213276,3.73400021,0,,,0,1
61671873,0.800000012,0,,,0,0.104761899,0.428547442,0.228383422,15.9213276,3.73400021,0,,,0,1
61673001,0.800000012,0,,,0,0.0725274682,0.428547442,0.228383422,15.9213276,3.73600006,0,,,0,1
61674127,0.800000012,0,,,0,0.0644688606,0.428547442,0.228383422,15.9167824,3.73600006,0,,,0,1
61675255,0.800000012,0,,,0,0.0725274682,0.428547442,0.228383422,15.9167824,3.73900008,0,,,0,1
61676382,0.800000012,0,,,0,0.0805860758,0.428547442,0.228383422,15.9213276,3.73900008,0,,,0,1
61677510,0.800000012,0,,,0,0.0725274682,0.428547442,0.228383422,15.9213276,3.74099994,0,,,0,1
61678641,0.800000012,0,,,0,0.0644688606,0.428547442,0.228383422,15.9167824,3.74099994,0,,,0,1
61679769,0.800000012,0,,,0,0.0725274682,0.428547442,0.228383422,15.9167824,3.74300003,0,,,0,1
61680894,0.800000012,0,,,0,0.0725274682,0.428547442,0.228383422,15.9167824,3.74300003,0,,,0,1
61682022,0.800000012,0,,,0,0.0644688606,0.428547442,0.228383422,15.9258718,3.74599981,0,,,0,1
61683148,0.800000012,0,,,0,0.0644688606,0.428547442,0.228383422,15.9213276,3.74599981,0,,,0,1
61684276,0.800000012,0,,,0,0.056410253,0.428547442,0.228383422,15.9213276,3.74800014,0,,,0,1
61685402,0.800000012,0,,,0,0.0644688606,0.428547442,0.228383422,15.9213276,3.74800014,0,,,0,1
61686734,0.800000012,0,,,0,0.0644688606,0.428547442,0.228383422,15.9213276,3.75,0,,,0,1
61687859,0.800000012,0,,,0,0.056410253,0.428547442,0.228383422,15.9213276,3.75,0,,,0,1
61688987,0.800000012,0,,,0,0.056410253,0.428547442,0.228383422,15.9258718,3.75199986,0,,,0,1
61690118,0.800000012,0,,,0,0.0644688606,0.428547442,0.228383422,15.9213276,3.75199986,0,,,0,1
61691247,0.800000012,0,,,0,0.056410253,0.428547442,0.228383422,15.9213276,3.75500011,0,,,0,1
61692372,0.800000012,0,,,0,0.0402930379,0.428547442,0.228383422,15.9213276,3.75500011,0,,,0,1
61693501,0.800000012,0,,,0,0.0402930379,0.428547442,0.228383422,15.9213276,3.75699997,0,,,0,1
61694626,0.800000012,0,,,0,0.0483516455,0.428547442,0.228383422,15.9213276,3.75699997,0,,,0,1
61695755,0.800000012,0,,,0,0.0402930379,0.428547442,0.228383422,15.9213276,3.75900006,0,,,0,1
61696880,0.800000012,0,,,0,0.0483516455,0.428547442,0.228383422,15.9167824,3.75900006,0,,,0,1
61698009,0.800000012,0,,,0,0.0483516455,0.428547442,0.228383422,15.9213276,3.76199985,0,,,0,1
61699134,0.800000012,0,,,0,0.0483516455,0.428547442,0.228383422,15.9167824,3.76199985,0,,,0,1
61700262,0.800000012,0,,,0,0.056410253,0.428547442,0.228383422,15.9213276,3.76399994,0,,,0,1
61701393,0.800000012,0,,,0,0.0483516455,0.428547442,0.228383422,15.9213276,3.76399994,0,,,0,1
61702521,0.800000012,0,,,0,0.0483516455,0.428547442,0.228383422,15.9258718,3.76599979,0,,,0,1
61703647,0.800000012,0,,,0,0.0644688606,0.428547442,0.228383422,15.9167824,3.76599979,0,,,0,1
61704775,0.800000012,0,,,0,0.0483516455,0.428547442,0.228383422,15.9213276,3.76800013,0,,,0,1
61705901,0.800000012,0,,,0,0.0402930379,0.428547442,0.228383422,15.9213276,3.76800013,0,,,0,1
61707233,0.800000012,0,,,0,0.0483516455,0.428547442,0.228383422,15.9258718,3.77099991,0,,,0,1
61708358,0.800000012,0,,,0,0.0483516455,0.428547442,0.228383422,15.9213276,3.77099991,0,,,0,1
61709487,0.800000012,0,,,0,0.056410253,0.428547442,0.228383422,15.9213276,3.77300024,0,,,0,1
61710612,0.800000012,0,,,0,0.0483516455,0.428547442,0.228383422,15.9167824,3.77300024,0,,,0,1
61711745,0.800000012,0,,,0,0.0402930379,0.428547442,0.228383422,15.9213276,3.7750001,0,,,0,1
61712870,0.800000012,0,,,0,0.0402930379,0.428547442,0.228383422,15.9213276,3.7750001,0,,,0,1
61713999,0.800000012,0,,,0,0.0725274682,0.428547442,0.228383422,15.9213276,3.77699995,0,,,0,1
61715124,0.800000012,0,,,0,0.056410253,0.428547442,0.228383422,15.9213276,3.77699995,0,,,0,1
61716252,0.800000012,0,,,0,0.0483516455,0.428547442,0.228383422,15.9213276,3.77999997,0,,,0,1
61717378,0.800000012,0,,,0,0.056410253,0.428547442,0.228383422,15.9213276,3.77999997,0,,,0,1
61718506,0.800000012,0,,,0,0.056410253,0.428547442,0.228383422,15.9213276,3.78199983,0,,,0,1
61719631,0.800000012,0,,,0,0.056410253,0.428547442,0.228383422,15.9213276,3.78199983,0,,,0,1
61720760,0.800000012,0,,,0,0.0483516455,0.428547442,0.228383422,15.9213276,3.78399992,0,,,0,1
61721885,0.800000012,0,,,0,0.0644688606,0.428547442,0.228383422,15.9213276,3.78399992,0,,,0,1
61723018,0.800000012,0,,,0,0.056410253,0.428547442,0.228383422,15.9213276,3.7869997,0,,,0,1
61724144,0.800000012,0,,,0,0.104761899,0.428547442,0.228383422,15.9167824,3.7869997,0,,,0,1
61725273,0.800000012,0,,,0,0.056410253,0.428547442,0.228383422,15.9167824,3.78900003,0,,,0,1
61726399,0.800000012,0,,,0,0.0644688606,0.428547442,0.228383422,15.9213276,3.78900003,0,,,0,1
61727527,0.800000012,0,,,0,0.0644688606,0.428547442,0.228383422,15.9167824,3.79099989,0,,,0,1
61728856,0.800000012,0,,,0,0.0644688606,0.428547442,0.228383422,15.9213276,3.79099989,0,,,0,1
61729985,0.800000012,0,,,0,0.0644688606,0.428547442,0.228383422,15.9213276,3.79300022,0,,,0,1
61731110,0.800000012,0,,,0,0.056410253,0.428547442,0.228383422,15.9213276,3.79300022,0,,,0,1
61732239,0.800000012,0,,,0,0.0644688606,0.428547442,0.228383422,15.9167824,3.796,0,,,0,1
61733364,0.800000012,0,,,0,0.0644688606,0.428547442,0.228383422,15.9213276,3.796,0,,,0,1
61734497,0.800000012,0,,,0,0.0644688606,0.428547442,0.228383422,15.9213276,3.7980001,0,,,0,1
61735623,0.800000012,0,,,0,0.0644688606,0.428547442,0.228383422,15.9213276,3.7980001,0,,,0,1
61736751,0.800000012,0,,,0,0.0483516455,0.428547442,0.228383422,15.9167824,3.79999995,0,,,0,1
61737877,0.800000012,0,,,0,0.0644688606,0.428547442,0.228383422,15.9213276,3.79999995,0,,,0,1
61739005,0.800000012,0,,,0,0.056410253,0.428547442,0.228383422,15.9213276,3.80299997,0,,,0,1
61740130,0.800000012,0,,,0,0.056410253,0.428547442,0.228383422,15.9213276,3.80299997,0,,,0,1
61741258,0.800000012,0,,,0,0.056410253,0.428547442,0.228383422,15.9213276,3.80499983,0,,,0,1
61742384,0.800000012,0,,,0,0.056410253,0.428547442,0.228383422,15.9213276,3.80499983,0,,,0,1
61743512,0.800000012,0,,,0,0.056410253,0.428547442,0.228383422,15.9213276,3.80700016,0,,,0,1
61744637,0.800000012,0,,,0,0.0483516455,0.428547442,0.228383422,15.9213276,3.80700016,0,,,0,1
61745770,0.800000012,0,,,0,0.0644688606,0.428547442,0.228383422,15.9213276,3.80900002,0,,,0,1
61746896,0.800000012,0,,,0,0.0483516455,0.428547442,0.228383422,15.9213276,3.80900002,0,,,0,1
61748024,0.800000012,0,,,0,0.056410253,0.428547442,0.228383422,15.9213276,3.81200027,0,,,0,1
61749353,0.800000012,0,,,0,0.0483516455,0.428547442,0.228383422,15.9213276,3.81200027,0,,,0,1
61750482,0.800000012,0,,,0,0.0483516455,0.428547442,0.228383422,15.9213276,3.81400013,0,,,0,1
61751607,0.800000012,0,,,0,0.0483516455,0.428547442,0.228383422,15.9167824,3.81400013,0,,,0,1
61752736,0.800000012,0,,,0,0.0644688606,0.428547442,0.228383422,15.9167824,3.81599998,0,,,0,1
61753862,0.800000012,0,,,0,0.056410253,0.428547442,0.228383422,15.9167824,3.81599998,0,,,0,1
61754990,0.800000012,0,,,0,0.056410253,0.428547442,0.228383422,15.9167824,3.81800008,0,,,0,1
61756116,0.800000012,0,,,0,0.056410253,0.428547442,0.228383422,15.9213276,3.81800008,0,,,0,1
61757249,0.800000012,0,,,0,0.0483516455,0.428547442,0.228383422,15.9167824,3.82099986,0,,,0,1
61758374,0.800000012,0,,,0,0.0483516455,0.428547442,0.228383422,15.9213276,3.82099986,0,,,0,1
61759502,0.800000012,0,,,0,0.0644688606,0.428547442,0.228383422,15.9167824,3.82299995,0,,,0,1
61760628,0.800000012,0,,,0,0.056410253,0.428547442,0.228383422,15.9213276,3.82299995,0,,,0,1
61761756,0.800000012,0,,,0,0.056410253,0.428547442,0.228383422,15.9213276,3.82499981,0,,,0,1
61762881,0.800000012,0,,,0,0.0483516455,0.428547442,0.228383422,15.9167824,3.82499981,0,,,0,1
61764009,0.800000012,0,,,0,0.056410253,0.428547442,0.228383422,15.9213276,3.82800007,0,,,0,1
61765135,0.800000012,0,,,0,0.0483516455,0.428547442,0.228383422,15.9213276,3.82800007,0,,,0,1
61766263,0.800000012,0,,,0,0.0644688606,0.428547442,0.228383422,15.9213276,3.82999992,0,,,0,1
61767389,0.800000012,0,,,0,0.056410253,0.428547442,0.228383422,15.9167824,3.82999992,0,,,0,1
61768522,0.800000012,0,,,0,0.056410253,0.428547442,0.228383422,15.9213276,3.83200026,0,,,0,1
61769851,0.800000012,0,,,0,0.0483516455,0.428547442,0.228383422,15.9213276,3.83200026,0,,,0,1
61770980,0.800000012,0,,,0,0.056410253,0.428547442,0.228383422,15.9258718,3.83400011,0,,,0,1
61772105,0.800000012,0,,,0,0.056410253,0.428547442,0.228383422,15.9213276,3.83400011,0,,,0,1
61773234,0.800000012,0,,,0,0.0483516455,0.428547442,0.228383422,15.9304171,3.83700013,0,,,0,1
61774359,0.800000012,0,,,0,0.0644688606,0.428547442,0.228383422,15.9213276,3.83700013,0,,,0,1
61775488,0.800000012,0,,,0,0.0483516455,0.428547442,0.228383422,15.9213276,3.83899999,0,,,0,1
61776614,0.800000012,0,,,0,0.056410253,0.428547442,0.228383422,15.9167824,3.83899999,0,,,0,1
61777742,0.800000012,0,,,0,0.0483516455,0.428547442,0.228383422,15.9213276,3.84099984,0,,,0,1
61778867,0.800000012,0,,,0,0.0483516455,0.428547442,0.228383422,15.9213276,3.84099984,0,,,0,1
61780000,0.800000012,0,,,0,0.056410253,0.428547442,0.228383422,15.9213276,3.84299994,0,,,0,1
61781126,0.800000012,0,,,0,0.0644688606,0.428547442,0.228383422,15.9167824,3.84299994,0,,,0,1
61782254,0.800000012,0,,,0,0.0483516455,0.428547442,0.228383422,15.9213276,3.84599972,0,,,0,1
61783380,0.800000012,0,,,0,0.0483516455,0.428547442,0.228383422,15.9213276,3.84599972,0,,,0,1
61784509,0.800000012,0,,,0,0.056410253,0.428547442,0.228383422,15.9213276,3.84800005,0,,,0,1
61785634,0.800000012,0,,,0,0.0483516455,0.428547442,0.228383422,15.9213276,3.84800005,0,,,0,1
61786763,0.800000012,0,,,0,0.056410253,0.428547442,0.228383422,15.9213276,3.8499999,0,,,0,1
61787888,0.800000012,0,,,0,0.056410253,0.428547442,0.228383422,15.9213276,3.8499999,0,,,0,1
61789017,0.800000012,0,,,0,0.0483516455,0.428547442,0.228383422,15.9213276,3.85300016,0,,,0,1
61790147,0.800000012,0,,,0,0.056410253,0.428547442,0.228383422,15.9213276,3.85300016,0,,,0,1
61791479,0.800000012,0,,,0,0.056410253,0.428547442,0.228383422,15.9167824,3.85500002,0,,,0,1
61792605,0.800000012,0,,,0,0.0402930379,0.428547442,0.228383422,15.9167824,3.85500002,0,,,0,1
61793733,0.800000012,0,,,0,0.0402930379,0.428547442,0.228383422,15.9213276,3.85700011,0,,,0,1
61794858,0.800000012,0,,,0,0.0483516455,0.428547442,0.228383422,15.9213276,3.85700011,0,,,0,1
61795987,0.800000012,0,,,0,0.0483516455,0.428547442,0.228383422,15.9167824,3.85899997,0,,,0,1
61797112,0.800000012,0,,,0,0.056410253,0.428547442,0.228383422,15.9213276,3.85899997,0,,,0,1
61798240,0.800000012,0,,,0,0.056410253,0.428547442,0.228383422,15.9122372,3.86199999,0,,,0,1
61799366,0.800000012,0,,,0,0.056410253,0.428547442,0.228383422,15.9213276,3.86199999,0,,,0,1
61800494,0.800000012,0,,,0,0.0644688606,0.428547442,0.228383422,15.9213276,3.86399984,0,,,0,1
61801625,0.800000012,0,,,0,0.056410253,0.428547442,0.228383422,15.9213276,3.86399984,0,,,0,1
61802753,0.800000012,0,,,0,0.056410253,0.428547442,0.228383422,15.9213276,3.86600018,0,,,0,1
61803879,0.800000012,0,,,0,0.056410253,0.428547442,0.228383422,15.9167824,3.86600018,0,,,0,1
61805007,0.800000012,0,,,0,0.0483516455,0.428547442,0.228383422,15.9167824,3.86899996,0,,,0,1
61806132,0.800000012,0,,,0,0.056410253,0.428547442,0.228383422,15.9213276,3.86899996,0,,,0,1
61807261,0.800000012,0,,,0,0.056410253,0.428547442,0.228383422,15.9167824,3.87100029,0,,,0,1
61808386,0.800000012,0,,,0,0.0402930379,0.428547442,0.228383422,15.9167824,3.87100029,0,,,0,1
61809514,0.800000012,0,,,0,0.056410253,0.428547442,0.228383422,15.9213276,3.87300014,0,,,0,1
61810639,0.800000012,0,,,0,0.0644688606,0.428547442,0.228383422,15.9213276,3.87300014,0,,,0,1
61811972,0.800000012,0,,,0,0.0402930379,0.428547442,0.228383422,15.9213276,3.875,0,,,0,1
61813102,0.800000012,0,,,0,0.0402930379,0.428547442,0.228383422,15.9213276,3.875,0,,,0,1
61814230,0.800000012,0,,,0,0.056410253,0.428547442,0.228383422,15.9167824,3.87800002,0,,,0,1
61815356,0.800000012,0,,,0,0.056410253,0.428547442,0.228383422,15.9213276,3.87800002,0,,,0,1
61816484,0.800000012,0,,,0,0.0644688606,0.428547442,0.228383422,15.9167824,3.87999988,0,,,0,1
61817610,0.800000012,0,,,0,0.0483516455,0.428547442,0.228383422,15.9213276,3.87999988,0,,,0,1
61818738,0.800000012,0,,,0,0.056410253,0.428547442,0.228383422,15.9213276,3.88199997,0,,,0,1
61819863,0.800000012,0,,,0,0.056410253,0.428547442,0.228383422,15.9213276,3.88199997,0,,,0,1
61820992,0.800000012,0,,,0,0.0483516455,0.428547442,0.228383422,15.9213276,3.88399982,0,,,0,1
61822117,0.800000012,0,,,0,0.0644688606,0.428547442,0.228383422,15.9258718,3.88399982,0,,,0,1
61823245,0.800000012,0,,,0,0.056410253,0.428547442,0.228383422,15.9258718,3.88700008,0,,,0,1
61824376,0.800000012,0,,,0,0.056410253,0.428547442,0.228383422,15.9258718,3.88700008,0,,,0,1
61825504,0.800000012,0,,,0,0.056410253,0.428547442,0.228383422,15.9213276,3.88899994,0,,,0,1
61826629,0.800000012,0,,,0,0.0483516455,0.428547442,0.228383422,15.9167824,3.88899994,0,,,0,1
61827758,0.800000012,0,,,0,0.056410253,0.428547442,0.228383422,15.9213276,3.89100027,0,,,0,1
61828883,0.800000012,0,,,0,0.0644688606,0.428547442,0.228383422,15.9213276,3.89100027,0,,,0,1
61830011,0.800000012,0,,,0,0.0644688606,0.428547442,0.228383422,15.9213276,3.89400005,0,,,0,1
61831137,0.800000012,0,,,0,0.056410253,0.428547442,0.228383422,15.9167824,3.89400005,0,,,0,1
61832265,0.800000012,0,,,0,0.056410253,0.428547442,0.228383422,15.9213276,3.89600015,0,,,0,1
61833594,0.800000012,0,,,0,0.056410253,0.428547442,0.228383422,15.9213276,3.89600015,0,,,0,1
61834722,0.800000012,0,,,0,0.0644688606,0.428547442,0.228383422,15.9213276,3.898,0,,,0,1
61835853,0.800000012,0,,,0,0.0644688606,0.428547442,0.228383422,15.9213276,3.898,0,,,0,1
61836981,0.800000012,0,,,0,0.0644688606,0.428547442,0.228383422,15.9213276,3.89999986,0,,,0,1
61838107,0.800000012,0,,,0,0.0483516455,0.428547442,0.228383422,15.9167824,3.89999986,0,,,0,1
61839235,0.800000012,0,,,0,0.0644688606,0.428547442,0.228383422,15.9167824,3.90299988,0,,,0,1
61840360,0.800000012,0,,,0,0.0644688606,0.428547442,0.228383422,15.9213276,3.90299988,0,,,0,1
61841488,0.800000012,0,,,0,0.056410253,0.428547442,0.228383422,15.9213276,3.90499973,0,,,0,1
61842614,0.800000012,0,,,0,0.0725274682,0.428547442,0.228383422,15.9213276,3.90499973,0,,,0,1
61843742,0.800000012,0,,,0,0.056410253,0.428547442,0.228383422,15.9213276,3.90700006,0,,,0,1
61844867,0.800000012,0,,,0,0.056410253,0.428547442,0.228383422,15.9213276,3.90700006,0,,,0,1
61845996,0.800000012,0,,,0,0.056410253,0.428547442,0.228383422,15.9213276,3.90899992,0,,,0,1
61847126,0.800000012,0,,,0,0.0644688606,0.428547442,0.228383422,15.9213276,3.90899992,0,,,0,1
61848254,0.800000012,0,,,0,0.0483516455,0.428547442,0.228383422,15.9213276,3.91200018,0,,,0,1
61849414,0.800000012,0,,,0,0.0967032909,0.454706132,0.221589804,15.9213276,3.91200018,0,,,0,1
61850542,0.800000012,0,,,0,0.056410253,0.454706132,0.221589804,15.9213276,3.91400003,0,,,0,1
61851668,0.800000012,0,,,0,0.056410253,0.454706132,0.221589804,15.9213276,3.91400003,0,,,0,1
61852796,0.800000012,0,,,0,0.0644688606,0.454706132,0.221589804,15.9213276,3.91600013,0,,,0,1
61854125,0.800000012,0,,,0,0.056410253,0.454706132,0.221589804,15.9213276,3.91600013,0,,,0,1
61855253,0.800000012,0,,,0,0.056410253,0.454706132,0.221589804,15.9167824,3.91899991,0,,,0,1
61856379,0.800000012,0,,,0,0.056410253,0.454706132,0.221589804,15.9213276,3.91899991,0,,,0,1
61857512,0.800000012,0,,,0,0.056410253,0.454706132,0.221589804,15.9167824,3.921,0,,,0,1
61858637,0.800000012,0,,,0,0.056410253,0.454706132,0.221589804,15.9213276,3.921,0,,,0,1
61859765,0.800000012,0,,,0,0.056410253,0.454706132,0.221589804,15.9167824,3.92299986,0,,,0,1
61860891,0.800000012,0,,,0,0.056410253,0.454706132,0.221589804,15.9213276,3.92299986,0,,,0,1
61862019,0.800000012,0,,,0,0.0483516455,0.454706132,0.221589804,15.9213276,3.92600012,0,,,0,1
61863144,0.800000012,0,,,0,0.0483516455,0.454706132,0.221589804,15.9258718,3.92600012,0,,,0,1
61864272,0.800000012,0,,,0,0.0483516455,0.454706132,0.221589804,15.9213276,3.92799997,0,,,0,1
61865397,0.800000012,0,,,0,0.056410253,0.454706132,0.221589804,15.9258718,3.92799997,0,,,0,1
61866526,0.800000012,0,,,0,0.056410253,0.454706132,0.221589804,15.9167824,3.92999983,0,,,0,1
61867651,0.800000012,0,,,0,0.0483516455,0.454706132,0.221589804,15.9213276,3.92999983,0,,,0,1
61868784,0.800000012,0,,,0,0.0483516455,0.454706132,0.221589804,15.9167824,3.93200016,0,,,0,1
61869910,0.800000012,0,,,0,0.0402930379,0.454706132,0.221589804,15.9213276,3.93200016,0,,,0,1
61871038,0.800000012,0,,,0,0.0483516455,0.454706132,0.221589804,15.9213276,3.93499994,0,,,0,1
61872164,0.800000012,0,,,0,0.056410253,0.454706132,0.221589804,15.9213276,3.93499994,0,,,0,1
61873292,0.800000012,0,,,0,0.056410253,0.454706132,0.221589804,15.9167824,3.93700004,0,,,0,1
61874417,0.800000012,0,,,0,0.0644688606,0.454706132,0.221589804,15.9213276,3.93700004,0,,,0,1
61875749,0.800000012,0,,,0,0.0322344303,0.454706132,0.221589804,15.9213276,3.93899989,0,,,0,1
61876875,0.800000012,0,,,0,0.056410253,0.454706132,0.221589804,15.9213276,3.93899989,0,,,0,1
61878003,0.800000012,0,,,0,0.056410253,0.454706132,0.221589804,15.9167824,3.94199991,0,,,0,1
61879129,0.800000012,0,,,0,0.056410253,0.454706132,0.221589804,15.9213276,3.94199991,0,,,0,1
61880262,0.800000012,0,,,0,0.0483516455,0.454706132,0.221589804,15.9258718,3.94399977,0,,,0,1
61881387,0.800000012,1,,,0.0644688606,0,0.454706132,0.221589804,15.9576874,3.94399977,0,,,0,1
61882516,0.800000012,1,,,0.0483516455,0,0.454706132,0.221589804,15.9576874,3.9460001,0,,,0,1
61883641,0.800000012,1,,,0.0483516455,0,0.454706132,0.221589804,15.9531422,3.9460001,0,,,0,1
61884769,0.800000012,1,,,0.0402930379,0,0.454706132,0.221589804,15.9531422,3.94799995,0,,,0,1
61885895,0.800000012,1,,,0.056410253,0,0.454706132,0.221589804,15.9531422,3.94799995,0,,,0,1
61887023,0.800000012,1,,,0.0483516455,0,0.454706132,0.221589804,15.9531422,3.95100021,0,,,0,1
61888148,0.800000012,1,,,0.0402930379,0,0.454706132,0.221589804,15.9531422,3.95100021,0,,,0,1
61889277,0.800000012,1,,,0.0322344303,0,0.454706132,0.221589804,15.9167824,3.95300007,0,,,0,1
61890402,0.800000012,1,,,0.0483516455,0,0.454706132,0.221589804,15.9258718,3.95300007,0,,,0,1
61891535,0.800000012,1,,,0.056410253,0,0.454706132,0.221589804,15.9213276,3.95500016,0,,,0,1
61892661,0.800000012,1,,,0.0402930379,0,0.454706132,0.221589804,15.9258718,3.95500016,0,,,0,1
61893789,0.800000012,1,,,0.0402930379,0,0.454706132,0.221589804,15.9258718,3.95700002,0,,,0,1
61894914,0.800000012,1,,,0.0483516455,0,0.454706132,0.221589804,15.9258718,3.95700002,0,,,0,1
61896247,0.800000012,1,,,0.0402930379,0,0.454706132,0.221589804,15.9213276,3.96000004,0,,,0,1
61897372,0.800000012,1,,,0.0402930379,0,0.454706132,0.221589804,15.9258718,3.96000004,0,,,0,1
61898501,0.800000012,1,,,0.0483516455,0,0.454706132,0.221589804,15.9213276,3.96199989,0,,,0,1
61899626,0.800000012,1,,,0.0483516455,0,0.454706132,0.221589804,15.9258718,3.96199989,0,,,0,1
61900755,0.800000012,1,,,0.0483516455,0,0.454706132,0.221589804,15.9258718,3.96399975,0,,,0,1
61901881,0.800000012,1,,,0.0483516455,0,0.454706132,0.221589804,15.9304171,3.96399975,0,,,0,1
61903014,0.800000012,1,,,0.0322344303,0,0.454706132,0.221589804,15.9258718,3.96700001,0,,,0,1
61904139,0.800000012,1,,,0.0402930379,0,0.454706132,0.221589804,15.9258718,3.96700001,0,,,0,1
61905267,0.800000012,1,,,0.056410253,0,0.454706132,0.221589804,15.9213276,3.96899986,0,,,0,1
61906393,0.800000012,1,,,0.0483516455,0,0.454706132,0.221589804,15.9258718,3.96899986,0,,,0,1
61907521,0.800000012,1,,,0.0322344303,0,0.454706132,0.221589804,15.9258718,3.97100019,0,,,0,1
61908647,0.800000012,1,,,0.056410253,0,0.454706132,0.221589804,15.9258718,3.97100019,0,,,0,1
61909775,0.800000012,1,,,0.0483516455,0,0.454706132,0.221589804,15.9213276,3.97300005,0,,,0,1
61910901,0.800000012,1,,,0.0402930379,0,0.454706132,0.221589804,15.9258718,3.97300005,0,,,0,1
61912030,0.800000012,1,,,0.0402930379,0,0.454706132,0.221589804,15.9258718,3.97600007,0,,,0,1
61913155,0.800000012,1,,,0.0402930379,0,0.454706132,0.221589804,15.9258718,3.97600007,0,,,0,1
61914288,0.800000012,1,,,0.0402930379,0,0.454706132,0.221589804,15.9258718,3.97799993,0,,,0,1
61915413,0.800000012,1,,,0.0483516455,0,0.454706132,0.221589804,15.9304171,3.97799993,0,,,0,1
61916541,0.800000012,1,,,0.0322344303,0,0.454706132,0.221589804,15.9258718,3.98000002,0,,,0,1
61917871,0.800000012,1,,,0.0241758227,0,0.454706132,0.221589804,15.9258718,3.98000002,0,,,0,1
61919000,0.800000012,1,,,0.0322344303,0,0.454706132,0.221589804,15.9258718,3.98199987,0,,,0,1
61920125,0.800000012,1,,,0.0402930379,0,0.454706132,0.221589804,15.9258718,3.98199987,0,,,0,1
61921253,0.800000012,1,,,0.056410253,0,0.454706132,0.221589804,15.9258718,3.98500013,0,,,0,1
61922379,0.800000012,1,,,0.0483516455,0,0.454706132,0.221589804,15.9213276,3.98500013,0,,,0,1
61923507,0.800000012,0.666666687,,,0.0483516455,0.0241758227,0.454706132,0.221589804,15.9213276,3.98699999,0,,,0,1
61924632,0.800000012,1,,,0.0483516455,0,0.454706132,0.221589804,15.9258718,3.98699999,0,,,0,1
61925765,0.800000012,1,,,0.0483516455,0,0.454706132,0.221589804,15.9213276,3.98899984,0,,,0,1
61926891,0.800000012,1,,,0.0483516455,0,0.454706132,0.221589804,15.9258718,3.98899984,0,,,0,1
61928020,0.800000012,1,,,0.0483516455,0,0.454706132,0.221589804,15.9258718,3.9920001,0,,,0,1
61929145,0.800000012,1,,,0.0402930379,0,0.454706132,0.221589804,15.9258718,3.9920001,0,,,0,1
61930274,0.800000012,0.857142866,,,0.0483516455,0.00805860758,0.454706132,0.221589804,15.9258718,3.99399996,0,,,0,1
61931399,0.800000012,1,,,0.0402930379,0,0.454706132,0.221589804,15.9258718,3.99399996,0,,,0,1
61932528,0.800000012,1,,,0.0402930379,0,0.454706132,0.221589804,15.9258718,3.99600005,0,,,0,1
61933653,0.800000012,1,,,0.0322344303,0,0.454706132,0.221589804,15.9213276,3.99600005,0,,,0,1
61934782,0.800000012,1,,,0.0322344303,0,0.454706132,0.221589804,15.9258718,3.99799991,0,,,0,1
61935912,0.800000012,1,,,0.0402930379,0,0.454706132,0.221589804,15.9258718,3.99799991,0,,,0,1
61937046,0.800000012,1,,,0.0402930379,0,0.454706132,0.221589804,15.9213276,4.00099993,0,,,0,1
61938376,0.800000012,1,,,0.0483516455,0,0.454706132,0.221589804,15.9258718,4.00099993,0,,,0,1
61939504,0.800000012,1,,,0.0322344303,0,0.454706132,0.221589804,15.9258718,4.00299978,0,,,0,1
61940630,0.800000012,1,,,0.0322344303,0,0.454706132,0.221589804,15.9213276,4.00299978,0,,,0,1
61941759,0.800000012,1,,,0.0483516455,0,0.454706132,0.221589804,15.9258718,4.00500011,0,,,0,1
61942884,0.800000012,1,,,0.0402930379,0,0.454706132,0.221589804,15.9213276,4.00500011,0,,,0,1
61944012,0.800000012,0.833333313,,,0.0402930379,0.00805860758,0.454706132,0.221589804,15.9258718,4.0079999,0,,,0,1
61945137,0.800000012,1,,,0.0322344303,0,0.454706132,0.221589804,15.9213276,4.0079999,0,,,0,1
61946266,0.800000012,1,,,0.0483516455,0,0.454706132,0.221589804,15.9258718,4.01000023,0,,,0,1
61947396,0.800000012,1,,,0.0402930379,0,0.454706132,0.221589804,15.9213276,4.01000023,0,,,0,1
61948525,0.800000012,1,,,0.0402930379,0,0.454706132,0.221589804,15.9213276,4.01200008,0,,,0,1
61949650,0.800000012,1,,,0.0483516455,0,0.454706132,0.221589804,15.9213276,4.01200008,0,,,0,1
61950779,0.800000012,1,,,0.0402930379,0,0.454706132,0.221589804,15.9258718,4.01399994,0,,,0,1
61951904,0.800000012,1,,,0.0483516455,0,0.454706132,0.221589804,15.9258718,4.01399994,0,,,0,1
61953033,0.800000012,1,,,0.0402930379,0,0.454706132,0.221589804,15.9258718,4.0170002,0,,,0,1
61954158,0.800000012,1,,,0.0402930379,0,0.454706132,0.221589804,15.9213276,4.0170002,0,,,0,1
61955287,0.800000012,1,,,0.0322344303,0,0.454706132,0.221589804,15.9258718,4.01900005,0,,,0,1
61956412,0.800000012,1,,,0.0402930379,0,0.454706132,0.221589804,15.9258718,4.01900005,0,,,0,1
61957541,0.800000012,1,,,0.0402930379,0,0.454706132,0.221589804,15.9213276,4.02099991,0,,,0,1
61958875,0.800000012,1,,,0.0402930379,0,0.454706132,0.221589804,15.9258718,4.02099991,0,,,0,1
61960003,0.800000012,1,,,0.0322344303,0,0.454706132,0.221589804,15.9258718,4.02400017,0,,,0,1
61961129,0.800000012,1,,,0.0402930379,0,0.454706132,0.221589804,15.9258718,4.02400017,0,,,0,1
61962257,0.800000012,1,,,0.0322344303,0,0.454706132,0.221589804,15.9213276,4.02600002,0,,,0,1
61963382,0.800000012,1,,,0.0483516455,0,0.454706132,0.221589804,15.9258718,4.02600002,0,,,0,1
61964511,0.800000012,1,,,0.0483516455,0,0.454706132,0.221589804,15.9258718,4.02799988,0,,,0,1
61965636,0.800000012,1,,,0.0483516455,0,0.454706132,0.221589804,15.9213276,4.02799988,0,,,0,1
61966764,0.800000012,1,,,0.0322344303,0,0.454706132,0.221589804,15.9258718,4.03000021,0,,,0,1
61967890,0.800000012,1,,,0.0402930379,0,0.454706132,0.221589804,15.9258718,4.03000021,0,,,0,1
61969018,0.800000012,1,,,0.0402930379,0,0.454706132,0.221589804,15.9213276,4.03299999,0,,,0,1
61970149,0.800000012,1,,,0.0402930379,0,0.454706132,0.221589804,15.9213276,4.03299999,0,,,0,1
61971277,0.800000012,1,,,0.0322344303,0,0.454706132,0.221589804,15.9213276,4.03499985,0,,,0,1
61972402,0.800000012,1,,,0.0402930379,0,0.454706132,0.221589804,15.9213276,4.03499985,0,,,0,1
61973531,0.800000012,1,,,0.0483516455,0,0.454706132,0.221589804,15.9213276,4.0369997,0,,,0,1
61974656,0.800000012,1,,,0.056410253,0,0.454706132,0.221589804,15.9258718,4.0369997,0,,,0,1
61975784,0.800000012,1,,,0.0483516455,0,0.454706132,0.221589804,15.9213276,4.03900003,0,,,0,1
61976910,0.800000012,1,,,0.0402930379,0,0.454706132,0.221589804,15.9258718,4.03900003,0,,,0,1
61978038,0.800000012,1,,,0.0402930379,0,0.454706132,0.221589804,15.9258718,4.04199982,0,,,0,1
61979163,0.800000012,1,,,0.0483516455,0,0.454706132,0.221589804,15.9258718,4.04199982,0,,,0,1
61980496,0.800000012,1,,,0.0483516455,0,0.454706132,0.221589804,15.9258718,4.04400015,0,,,0,1
61981626,0.800000012,1,,,0.0322344303,0,0.454706132,0.221589804,15.9258718,4.04400015,0,,,0,1
61982754,0.800000012,1,,,0.0402930379,0,0.454706132,0.221589804,15.9258718,4.046,0,,,0,1
61983880,0.800000012,1,,,0.056410253,0,0.454706132,0.221589804,15.9258718,4.046,0,,,0,1
61985008,0.800000012,1,,,0.0483516455,0,0.454706132,0.221589804,15.9258718,4.04900026,0,,,0,1
61986133,0.800000012,1,,,0.056410253,0,0.454706132,0.221589804,15.9258718,4.04900026,0,,,0,1
61987262,0.800000012,1,,,0.0644688606,0,0.454706132,0.221589804,15.9258718,4.05100012,0,,,0,1
61988387,0.800000012,0.875,,,0.056410253,0.00805860758,0.454706132,0.221589804,15.9258718,4.05100012,0,,,0,1
61989515,0.800000012,1,,,0.056410253,0,0.454706132,0.221589804,15.9258718,4.05299997,0,,,0,1
61990641,0.800000012,0.875,,,0.056410253,0.00805860758,0.454706132,0.221589804,15.9213276,4.05299997,0,,,0,1
61991769,0.800000012,0.777777791,,,0.056410253,0.0161172152,0.454706132,0.221589804,15.9258718,4.05500031,0,,,0,1
61992899,0.800000012,0.777777791,,,0.056410253,0.0161172152,0.454706132,0.221589804,15.9258718,4.05500031,0,,,0,1
61994028,0.800000012,0.857142866,,,0.0483516455,0.00805860758,0.454706132,0.221589804,15.9258718,4.05799961,0,,,0,1
61995153,0.800000012,0.857142866,,,0.0483516455,0.00805860758,0.454706132,0.221589804,15.9213276,4.05799961,0,,,0,1
61996281,0.800000012,1,,,0.056410253,0,0.454706132,0.221589804,15.9258718,4.05999994,0,,,0,1
61997407,0.800000012,0.875,,,0.056410253,0.00805860758,0.454706132,0.221589804,15.9258718,4.05999994,0,,,0,1
61998535,0.800000012,0.777777791,,,0.056410253,0.0161172152,0.454706132,0.221589804,15.9258718,4.0619998,0,,,0,1
61999660,0.800000012,0.75,,,0.0483516455,0.0161172152,0.454706132,0.221589804,15.9258718,4.0619998,0,,,0,1
62000993,0.800000012,0.75,,,0.0483516455,0.0161172152,0.454706132,0.221589804,15.9258718,4.06400013,0,,,0,1
62002119,0.800000012,0.75,,,0.0483516455,0.0161172152,0.454706132,0.221589804,15.9213276,4.06400013,0,,,0,1
62003251,0.800000012,0.857142866,,,0.0483516455,0.00805860758,0.454706132,0.221589804,15.9213276,4.06699991,0,,,0,1
62004377,0.800000012,0.875,,,0.056410253,0.00805860758,0.454706132,0.221589804,15.9258718,4.06699991,0,,,0,1
62005505,0.800000012,0.875,,,0.056410253,0.00805860758,0.454706132,0.221589804,15.9258718,4.06900024,0,,,0,1
62006630,0.800000012,0.875,,,0.056410253,0.00805860758,0.454706132,0.221589804,15.9258718,4.06900024,0,,,0,1
62007759,0.800000012,0.857142866,,,0.0483516455,0.00805860758,0.454706132,0.221589804,15.9258718,4.0710001,0,,,0,1
62008884,0.800000012,0.75,,,0.0483516455,0.0161172152,0.454706132,0.221589804,15.9213276,4.0710001,0,,,0,1
62010012,0.800000012,0.875,,,0.056410253,0.00805860758,0.454706132,0.221589804,15.9258718,4.07400036,0,,,0,1
62011138,0.800000012,0.75,,,0.0483516455,0.0161172152,0.454706132,0.221589804,15.9258718,4.07400036,0,,,0,1
62012266,0.800000012,0.714285731,,,0.0402930379,0.0161172152,0.454706132,0.221589804,15.9258718,4.07600021,0,,,0,1
62013392,0.800000012,0.857142866,,,0.0483516455,0.00805860758,0.454706132,0.221589804,15.9258718,4.07600021,0,,,0,1
62014525,0.800000012,0.75,,,0.0483516455,0.0161172152,0.454706132,0.221589804,15.9258718,4.07800007,0,,,0,1
62015650,0.800000012,0.777777791,,,0.056410253,0.0161172152,0.454706132,0.221589804,15.9258718,4.07800007,0,,,0,1
62016778,0.800000012,0.75,,,0.0483516455,0.0161172152,0.454706132,0.221589804,15.9258718,4.07999992,0,,,0,1
62017904,0.800000012,0.777777791,,,0.056410253,0.0161172152,0.454706132,0.221589804,15.9258718,4.07999992,0,,,0,1
62019066,0.800000012,0.636363626,,,0.056410253,0.0322344303,0.484265924,0.215188697,15.9258718,4.08299971,0,,,0,1
62020192,0.800000012,0.75,,,0.0483516455,0.0161172152,0.484265924,0.215188697,15.9258718,4.08299971,0,,,0,1
62021354,0.800000012,0.699999988,,,0.056410253,0.0241758227,0.51793617,0.209147021,15.9258718,4.08500004,0,,,0,1
62022683,0.800000012,0.75,,,0.0483516455,0.0161172152,0.51793617,0.209147021,15.9258718,4.08500004,0,,,0,1
62023846,0.800000012,0.699999988,,,0.056410253,0.0241758227,0.55663842,0.203435332,15.9258718,4.08699989,0,,,0,1
62025006,0.800000012,0.600000024,,,0.0483516455,0.0322344303,0.601591647,0.198027328,15.9258718,4.08699989,0,,,0,1
62026173,0.800000012,0.727272749,,,0.0644688606,0.0241758227,0.654443502,0.192899376,15.9258718,4.09000015,0,,,0,1
62027333,0.800000012,0.636363626,,,0.056410253,0.0322344303,0.717476189,0.188030332,15.9213276,4.09000015,0,,,0,1
62028461,0.800000012,0.666666687,,,0.0483516455,0.0241758227,0.717476189,0.188030332,15.9213276,4.09200001,0,,,0,1
62029621,0.800000012,0.600000024,,,0.0483516455,0.0322344303,0.793944895,0.183401033,15.9258718,4.09200001,0,,,0,1
62030750,0.800000012,0.600000024,,,0.0483516455,0.0322344303,0.793944895,0.183401033,15.9213276,4.09399986,0,,,0,1
62031876,0.800000012,0,,,0,0.153113544,0.793944895,0.183401033,15.9122372,4.09399986,0,,,0,1
62033038,0.800000012,0,,,0,0.120879114,0.871839821,0.179692417,15.9213276,4.09700012,0,,,0,1
62034198,0.800000012,0,,,0,0.104761899,0.780493319,0.184134111,15.9213276,4.09700012,0,,,0,1
62035360,0.800000012,0,,,0,0.0967032909,0.706473053,0.188800976,15.9213276,4.09899998,0,,,0,1
62036520,0.800000012,0,,,0,0.0886446834,0.645276427,0.193710536,15.9213276,4.09899998,0,,,0,1
62037687,0.800000012,0,,,0,0.0886446834,0.593836606,0.198882252,15.9167824,4.10099983,0,,,0,1
62038847,0.800000012,0,,,0,0.0967032909,0.549992621,0.204337716,15.9167824,4.10099983,0,,,0,1
62040010,0.800000012,0,,,0,0.104761899,0.512177646,0.210100919,15.9167824,4.10300016,0,,,0,1
62041169,0.800000012,0,,,0,0.0967032909,0.479228109,0.216198623,15.9167824,4.10300016,0,,,0,1
62042332,0.800000012,0,,,0,0.112820506,0.450261742,0.222660854,15.9213276,4.10599995,0,,,0,1
62043696,0.800000012,0,,,0,0.0967032909,0.424597472,0.229521334,15.9167824,4.10599995,0,,,0,1
62044858,0.800000012,0,,,0,0.104761899,0.401701093,0.236818001,15.9167824,4.10800028,0,,,0,1
62046018,0.800000012,0,,,0,0.136996329,0.381147742,0.244593814,15.9167824,4.10800028,0,,,0,1
62047180,0.800000012,0,,,0,0.104761899,0.36259526,0.25289759,15.9213276,4.11100006,0,,,0,1
62048306,0.800000012,0,,,0,0.120879114,0.36259526,0.25289759,15.9167824,4.11100006,0,,,0,1
62049439,0.800000012,0,,,0,0,0.36259526,0.25289759,15.7667952,4.11299992,0,,,0,1
62050565,0.800000012,0,,,0,0,0.36259526,0.25289759,15.639534,4.11299992,0,,,0,1
62051693,0.800000012,0,,,0,0,0.36259526,0.25289759,15.5122719,4.11499977,0,,,0,1
62052819,0.800000012,0,,,0,0,0.36259526,0.25289759,15.3895559,4.11499977,0,,,0,1
62053948,0.800000012,0,,,0,0,0.36259526,0.25289759,15.2486591,4.11699963,0,,,0,1
62055073,0.800000012,0,,,0,0,0.36259526,0.25289759,15.0986719,4.11699963,0,,,0,1
62056202,0.800000012,0,,,0,0,0.36259526,0.25289759,14.9577751,4.11999989,0,,,0,1
62057327,0.800000012,0,,,0,0,0.36259526,0.25289759,14.7986984,4.11999989,0,,,0,1
62058455,0.800000012,0,,,0,0,0.36259526,0.25289759,14.6396217,4.12199974,0,,,0,1
62059580,0.800000012,0,,,0,0,0.36259526,0.25289759,14.4850903,4.12199974,0,,,0,1
62060713,0.800000012,0,,,0,0,0.36259526,0.25289759,14.3396482,4.12400007,0,,,0,1
62061839,0.800000012,1,,,0.0725274682,0,0.36259526,0.25289759,14.2987423,4.12400007,0,,,0,1
62062969,0.800000012,1,,,0.99926734,0,0.36259526,0.25289759,15.080492,4.12599993,0,,,0,1
62064299,0.800000012,1,,,0.789743543,0,0.36259526,0.25289759,15.907692,4.12599993,0,,,0,1
62065427,0.800000012,1,,,0.104761899,0,0.36259526,0.25289759,15.9531422,4.12900019,0,,,0,1
62066587,0.800000012,1,,,0.128937721,0,0.345765054,0.26178503,15.9485979,4.12900019,0,,,0,1
62067750,0.800000012,1,,,0.128937721,0,0.330427915,0.271319866,15.9485979,4.13100004,0,,,0,1
62068909,0.800000012,1,,,0.136996329,0,0.316393614,0.281575501,15.9485979,4.13100004,0,,,0,1
62070072,0.800000012,1,,,0.128937721,0,0.303502917,0.292636901,15.9531422,4.13399982,0,,,0,1
62071232,0.800000012,1,,,0.128937721,0,0.291621476,0.304602921,15.9531422,4.13399982,0,,,0,1
62072365,0.800000012,1,,,0.0483516455,0,0.291621476,0.304602921,15.9122372,4.13599968,0,,,0,1
62073525,0.800000012,1,,,0.136996329,0,0.280635267,0.317589223,15.9213276,4.13599968,0,,,0,1
62074687,0.800000012,1,,,0.120879114,0,0.291621476,0.304602921,15.9213276,4.13800001,0,,,0,1
62075847,0.800000012,1,,,0.136996329,0,0.303502917,0.292636901,15.9213276,4.13800001,0,,,0,1
62077010,0.800000012,1,,,0.145054936,0,0.316393614,0.281575501,15.9213276,4.13999987,0,,,0,1
62078169,0.800000012,1,,,0.128937721,0,0.330427915,0.271319866,15.9213276,4.13999987,0,,,0,1
62079332,0.800000012,1,,,0.120879114,0,0.345765054,0.26178503,15.9213276,4.14300013,0,,,0,1
62080492,0.800000012,1,,,0.136996329,0,0.36259526,0.25289759,15.9213276,4.14300013,0,,,0,1
62081655,0.800000012,1,,,0.145054936,0,0.381147742,0.244593814,15.9167824,4.14499998,0,,,0,1
62082786,0.800000012,1,,,0.145054936,0,0.381147742,0.244593814,15.9167824,4.14499998,0,,,0,1
62083914,0.800000012,0,,,0,0,0.381147742,0.244593814,15.7622499,4.14699984,0,,,0,1
62085244,0.800000012,0,,,0,0,0.381147742,0.244593814,15.5486326,4.14699984,0,,,0,1
62086372,0.800000012,0,,,0,0,0.381147742,0.244593814,15.3531952,4.1500001,0,,,0,1
62087497,0.800000012,0,,,0,0,0.381147742,0.244593814,15.1713934,4.1500001,0,,,0,1
62088626,0.800000012,0,,,0,0,0.381147742,0.244593814,14.9850454,4.15199995,0,,,0,1
62089751,0.800000012,0,,,0,0,0.381147742,0.244593814,14.789609,4.15199995,0,,,0,1
62090879,0.800000012,0,,,0,0,0.381147742,0.244593814,14.603261,4.15400028,0,,,0,1
62092005,0.800000012,0,,,0,0,0.381147742,0.244593814,14.4350939,4.15400028,0,,,0,1
62093133,0.800000012,0,,,0,0,0.381147742,0.244593814,14.2578373,4.15699959,0,,,0,1
62094264,0.800000012,0,,,0,0,0.381147742,0.244593814,14.0714903,4.15699959,0,,,0,1
62095392,0.800000012,0,,,0,0,0.381147742,0.244593814,13.9124126,4.15899992,0,,,0,1
62096518,0.800000012,0,,,0,0.991208732,0.381147742,0.244593814,14.4759998,4.15899992,0,,,0,1
62097647,0.800000012,0,,,0,0.983150125,0.381147742,0.244593814,15.2850199,4.16099977,0,,,0,1
62098773,0.800000012,0,,,0,0.73333329,0.381147742,0.244593814,15.9349623,4.16099977,0,,,0,1
62099936,0.800000012,0,,,0,0.0967032909,0.401701093,0.236818001,15.9395075,4.16300011,0,,,0,1
62101095,0.800000012,0,,,0,0.185347974,0.424597472,0.229521334,15.9485979,4.16300011,0,,,0,1
62102258,0.800000012,0,,,0,0.128937721,0.450261742,0.222660854,15.9531422,4.16599989,0,,,0,1
62103417,0.800000012,0,,,0,0.153113544,0.468399912,0.21847716,15.9485979,4.16599989,0,,,0,1
62104580,0.800000012,0,,,0,0.193406582,0.440689921,0.225078404,15.9485979,4.16800022,0,,,0,1
62105948,0.800000012,0,,,0,0.185347974,0.416075379,0.23209101,15.9440527,4.16800022,0,,,0,1
62107110,0.800000012,0,,,0,0.112820506,0.394065082,0.239554629,15.907692,4.171,0,,,0,1
62108270,0.800000012,0,,,0,0.201465189,0.374266446,0.247514218,15.907692,4.171,0,,,0,1
62109432,0.800000012,0,,,0,0.161172152,0.356362075,0.256020933,15.9167824,4.17300034,0,,,0,1
62110592,0.800000012,0,,,0,0.177289367,0.34009254,0.265133202,15.9122372,4.17300034,0,,,0,1
62111754,0.800000012,0,,,0,0.193406582,0.325243711,0.27491805,15.9122372,4.17500019,0,,,0,1
62112914,0.800000012,0,,,0,0.169230759,0.311637253,0.285452783,15.9122372,4.17500019,0,,,0,1
62114077,0.800000012,0,,,0,0.161172152,0.299123555,0.296827048,15.907692,4.17799997,0,,,0,1
62115203,0.800000012,0,,,0,0.201465189,0.299123555,0.296827048,15.907692,4.17799997,0,,,0,1
62116331,0.800000012,0,,,0,0,0.299123555,0.296827048,15.7577057,4.17999983,0,,,0,1
62117462,0.800000012,0,,,0,0,0.299123555,0.296827048,15.5440874,4.17999983,0,,,0,1
62118590,0.800000012,0,,,0,0,0.299123555,0.296827048,15.3304701,4.18200016,0,,,0,1
62119716,0.800000012,0,,,0,0,0.299123555,0.296827048,15.1395779,4.18200016,0,,,0,1
62120844,0.800000012,0,,,0,0,0.299123555,0.296827048,14.93505,4.18400002,0,,,0,1
62121970,0.800000012,0,,,0,0,0.299123555,0.296827048,14.7214327,4.18400002,0,,,0,1
62123098,0.800000012,0,,,0,0,0.299123555,0.296827048,14.5305405,4.18700027,0,,,0,1
62124224,0.800000012,0,,,0,0,0.299123555,0.296827048,14.3123779,4.18700027,0,,,0,1
62125352,0.800000012,0,,,0,0,0.299123555,0.296827048,14.0987606,4.18900013,0,,,0,1
62126478,0.800000012,0,,,0,0,0.299123555,0.296827048,13.8942327,4.18900013,0,,,0,1
62127810,0.800000012,0,,,0,0,0.299123555,0.296827048,13.6533451,4.19099998,0,,,0,1
62128941,0.800000012,1,,,1.0637362,0,0.299123555,0.296827048,14.3987341,4.19099998,0,,,0,1
62130070,0.800000012,1,,,1.0637362,0,0.299123555,0.296827048,15.2441139,4.19400024,0,,,0,1
62131196,0.800000012,1,,,0.846153796,0,0.299123555,0.296827048,15.9167824,4.19400024,0,,,0,1
62132358,0.800000012,1,,,0.136996329,0,0.28757599,0.309145421,15.9440527,4.1960001,0,,,0,1
62133518,0.800000012,1,,,0.225641012,0,0.27688691,0.322530448,15.9485979,4.1960001,0,,,0,1
62134680,0.800000012,1,,,0.177289367,0,0.266963959,0.337127,15.9576874,4.19799995,0,,,0,1
62135840,0.800000012,1,,,0.177289367,0,0.257727623,0.353107333,15.9485979,4.19799995,0,,,0,1
62137002,0.800000012,1,,,0.241758227,0,0.249109045,0.370678037,15.9485979,4.19999981,0,,,0,1
62138162,0.800000012,1,,,0.128937721,0,0.257727623,0.353107333,15.9531422,4.19999981,0,,,0,1
62139325,0.800000012,1,,,0.145054936,0,0.266963959,0.337127,15.9122372,4.20300007,0,,,0,1
62140489,0.800000012,1,,,0.209523797,0,0.27688691,0.322530448,15.9167824,4.20300007,0,,,0,1
62141652,0.800000012,1,,,0.177289367,0,0.28757599,0.309145421,15.9122372,4.20499992,0,,,0,1
62142811,0.800000012,1,,,0.193406582,0,0.299123555,0.296827048,15.9167824,4.20499992,0,,,0,1
62143974,0.800000012,1,,,0.193406582,0,0.311637253,0.285452783,15.9122372,4.20700026,0,,,0,1
62145134,0.800000012,1,,,0.257875443,0,0.325243711,0.27491805,15.907692,4.20700026,0,,,0,1
62146297,0.800000012,0.866666675,,,0.209523797,0.0322344303,0.34009254,0.265133202,15.907692,4.21000004,0,,,0,1
62147423,0.800000012,1,,,0.249816835,0,0.34009254,0.265133202,15.9031467,4.21000004,0,,,0,1
62148755,0.800000012,0,,,0,0,0.34009254,0.265133202,15.680439,4.21199989,0,,,0,1
62149881,0.800000012,0,,,0,0,0.34009254,0.265133202,15.4440966,4.21199989,0,,,0,1
62151014,0.800000012,0,,,0,0,0.34009254,0.265133202,15.2122984,4.21500015,0,,,0,1
62152139,0.800000012,0,,,0,0,0.34009254,0.265133202,15.0032263,4.21500015,0,,,0,1
62153268,0.800000012,0,,,0,0,0.34009254,0.265133202,14.748703,4.21700001,0,,,0,1
62154393,0.800000012,0,,,0,0,0.34009254,0.265133202,14.52145,4.21700001,0,,,0,1
62155522,0.800000012,0,,,0,0,0.34009254,0.265133202,14.2760172,4.21899986,0,,,0,1
62156647,0.800000012,0,,,0,0,0.34009254,0.265133202,14.0396748,4.21899986,0,,,0,1
62157775,0.800000012,0,,,0,0,0.34009254,0.265133202,13.7987862,4.22099972,0,,,0,1
62158901,0.800000012,0,,,0,0,0.34009254,0.265133202,13.5351734,4.22099972,0,,,0,1
62160029,0.800000012,0,,,0,0,0.34009254,0.265133202,13.2851954,4.22399998,0,,,0,1
62161155,0.800000012,0,,,0,1.02344322,0.34009254,0.265133202,13.6578903,4.22399998,0,,,0,1
62162289,0.800000012,0,,,0,1.09597063,0.34009254,0.265133202,14.4987249,4.22599983,0,,,0,1
62163415,0.800000012,0,,,0,1.05567765,0.34009254,0.265133202,15.3122902,4.22599983,0,,,0,1
62164578,0.800000012,0,,,0,0.73333329,0.356362075,0.256020933,15.9395075,4.22800016,0,,,0,1
62165737,0.800000012,0,,,0,0.185347974,0.374266446,0.247514218,15.9304171,4.22800016,0,,,0,1
62166900,0.800000012,0,,,0,0.185347974,0.394065082,0.239554629,15.9440527,4.23000002,0,,,0,1
62168060,0.800000012,0,,,0,0.225641012,0.416075379,0.23209101,15.9349623,4.23000002,0,,,0,1
62169426,0.800000012,0,,,0,0.241758227,0.394065082,0.239554629,15.9485979,4.2329998,0,,,0,1
62170586,0.800000012,0,,,0,0.249816835,0.374266446,0.247514218,15.9349623,4.2329998,0,,,0,1
62171748,0.800000012,0,,,0,0.225641012,0.356362075,0.256020933,15.9440527,4.23499966,0,,,0,1
62172908,0.800000012,0,,,0,0.209523797,0.34009254,0.265133202,15.8986015,4.23499966,0,,,0,1
62174075,0.800000012,0,,,0,0.23369962,0.325243711,0.27491805,15.907692,4.23799992,0,,,0,1
62175235,0.800000012,0,,,0,0.241758227,0.311637253,0.285452783,15.8940573,4.23799992,0,,,0,1
62176398,0.800000012,0,,,0,0.225641012,0.299123555,0.296827048,15.9031467,4.23999977,0,,,0,1
62177557,0.800000012,0,,,0,0.225641012,0.28757599,0.309145421,15.8940573,4.23999977,0,,,0,1
62178720,0.800000012,0,,,0,0.225641012,0.27688691,0.322530448,15.9031467,4.2420001,0,,,0,1
62179846,0.800000012,0,,,0,0.23369962,0.27688691,0.322530448,15.8940573,4.2420001,0,,,0,1
62180975,0.800000012,0,,,0,0,0.27688691,0.322530448,15.6849842,4.24399996,0,,,0,1
62182100,0.800000012,0,,,0,0,0.27688691,0.322530448,15.4350061,4.24399996,0,,,0,1
62183229,0.800000012,0,,,0,0,0.27688691,0.322530448,15.1713934,4.24700022,0,,,0,1
62184354,0.800000012,0,,,0,0,0.27688691,0.322530448,14.9123249,4.24700022,0,,,0,1
62185487,0.800000012,0,,,0,0,0.27688691,0.322530448,14.6441669,4.24900007,0,,,0,1
62186613,0.800000012,0,,,0,0,0.27688691,0.322530448,14.376009,4.24900007,0,,,0,1
62187741,0.800000012,0,,,0,0,0.27688691,0.322530448,14.0896702,4.2510004,0,,,0,1
62188867,0.800000012,0,,,0,0,0.27688691,0.322530448,13.8033314,4.2510004,0,,,0,1
62190199,0.800000012,0,,,0,0,0.27688691,0.322530448,13.4624529,4.25399971,0,,,0,1
62191325,0.800000012,0,,,0,0,0.27688691,0.322530448,13.153389,4.25399971,0,,,0,1
62192454,0.800000012,1,,,0.991208732,0,0.27688691,0.322530448,13.5215378,4.25600004,0,,,0,1
62193580,0.800000012,1,,,1.16849804,0,0.27688691,0.322530448,14.3896437,4.25600004,0,,,0,1
62194709,0.800000012,1,,,1.12014651,0,0.27688691,0.322530448,15.2486591,4.2579999,0,,,0,1
62195869,0.800000012,1,,,0.918681264,0,0.266963959,0.337127,15.907692,4.2579999,0,,,0,1
62197036,0.800000012,1,,,0.177289367,0,0.257727623,0.353107333,15.9440527,4.25999975,0,,,0,1
62198196,0.800000012,1,,,0.26593405,0,0.249109045,0.370678037,15.9395075,4.25999975,0,,,0,1
62199358,0.800000012,1,,,0.217582405,0,0.241048217,0.390088975,15.9440527,4.26300001,0,,,0,1
62200518,0.800000012,1,,,0.314285696,0,0.240899071,0.390480191,15.9440527,4.26300001,0,,,0,1
62201680,0.800000012,1,,,0.209523797,0,0.248949751,0.371031284,15.9440527,4.26499987,0,,,0,1
62202840,0.800000012,1,,,0.29816848,0,0.257557124,0.353427857,15.9485979,4.26499987,0,,,0,1
62204002,0.800000012,1,,,0.193406582,0,0.266781032,0.337419152,15.9031467,4.2670002,0,,,0,1
62205162,0.800000012,1,,,0.249816835,0,0.276690125,0.322797835,15.9167824,4.2670002,0,,,0,1
62206325,0.800000012,1,,,0.23369962,0,0.287363738,0.309391081,15.9031467,4.26999998,0,,,0,1
62207484,0.800000012,1,,,0.225641012,0,0.298893929,0.297053516,15.9122372,4.26999998,0,,,0,1
62208652,0.800000012,1,,,0.282051265,0,0.311388046,0.285662234,15.8986015,4.27200031,0,,,0,1
62209811,0.800000012,1,,,0.225641012,0,0.324972242,0.275112331,15.9031467,4.27200031,0,,,0,1
62211145,0.800000012,1,,,0.273992658,0,0.324972242,0.275112331,15.907692,4.27499962,0,,,0,1
62212270,0.800000012,0,,,0,0,0.324972242,0.275112331,15.6531687,4.27499962,0,,,0,1
62213399,0.800000012,0,,,0,0,0.324972242,0.275112331,15.3713751,4.27699995,0,,,0,1
62214524,0.800000012,0,,,0,0,0.324972242,0.275112331,15.0577669,4.27699995,0,,,0,1
62215652,0.800000012,0,,,0,0,0.324972242,0.275112331,14.7714281,4.27899981,0,,,0,1
62216778,0.800000012,0,,,0,0,0.324972242,0.275112331,14.4441843,4.27899981,0,,,0,1
62217906,0.800000012,0,,,0,0,0.324972242,0.275112331,14.1623907,4.28100014,0,,,0,1
62219031,0.800000012,0,,,0,0,0.324972242,0.275112331,13.8396921,4.28100014,0,,,0,1
62220165,0.800000012,0,,,0,0,0.324972242,0.275112331,13.5351734,4.28399992,0,,,0,1
62221290,0.800000012,0,,,0,0,0.324972242,0.275112331,13.2124748,4.28399992,0,,,0,1
62222419,0.800000012,0,,,0,0,0.324972242,0.275112331,12.8761406,4.28600025,0,,,0,1
62223545,0.800000012,0,,,0,0.507692277,0.324972242,0.275112331,12.8352346,4.28600025,0,,,0,1
62224674,0.800000012,0,,,0,1.2329669,0.324972242,0.275112331,13.6533451,4.28800011,0,,,0,1
62225800,0.800000012,0,,,0,1.17655671,0.324972242,0.275112331,14.4941797,4.28800011,0,,,0,1
62226962,0.800000012,0,,,0,1.15238094,0.339795738,0.265313864,15.307745,4.28999996,0,,,0,1
62228122,0.800000012,0,,,0,0.741391897,0.356036216,0.256189406,15.9213276,4.28999996,0,,,0,1
62229284,0.800000012,0,,,0,0.209523797,0.37390703,0.247671679,15.9349623,4.29300022,0,,,0,1
62230448,0.800000012,0,,,0,0.346520126,0.393666655,0.23970212,15.9304171,4.29300022,0,,,0,1
62231815,0.800000012,0,,,0,0.273992658,0.383331925,0.243702725,15.9258718,4.29500008,0,,,0,1
62232974,0.800000012,0,,,0,0.249816835,0.364571452,0.251945078,15.9395075,4.29500008,0,,,0,1
62234137,0.800000012,0,,,0,0.330402911,0.347561568,0.260764509,15.9304171,4.29799986,0,,,0,1
62235296,0.800000012,0,,,0,0.241758227,0.332068235,0.270223826,15.9258718,4.29799986,0,,,0,1
62236459,0.800000012,0,,,0,0.26593405,0.31789723,0.28039524,15.8986015,4.29999971,0,,,0,1
62237619,0.800000012,0,,,0,0.273992658,0.304886222,0.291362286,15.8849669,4.29999971,0,,,0,1
62238782,0.800000012,0,,,0,0.257875443,0.292898417,0.303222179,15.8940573,4.30200005,0,,,0,1
62239941,0.800000012,0,,,0,0.290109873,0.281817615,0.316088527,15.8895121,4.30200005,0,,,0,1
62241104,0.800000012,0,,,0,0.26593405,0.271544665,0.330095142,15.8849669,4.30499983,0,,,0,1
62242235,0.800000012,0,,,0,0.273992658,0.271544665,0.330095142,15.8986015,4.30499983,0,,,0,1
62243363,0.800000012,0,,,0,0,0.271544665,0.330095142,15.598628,4.30700016,0,,,0,1
62244488,0.800000012,0,,,0,0,0.271544665,0.330095142,15.2986546,4.30700016,0,,,0,1
62245617,0.800000012,0,,,0,0,0.271544665,0.330095142,14.9850454,4.30900002,0,,,0,1
62246742,0.800000012,0,,,0,0,0.271544665,0.330095142,14.6623468,4.30900002,0,,,0,1
62247871,0.800000012,0,,,0,0,0.271544665,0.330095142,14.3441935,4.31099987,0,,,0,1
62248996,0.800000012,0,,,0,0,0.271544665,0.330095142,13.9851341,4.31099987,0,,,0,1
62250125,0.800000012,0,,,0,0,0.271544665,0.330095142,13.6624346,4.31400013,0,,,0,1
62251250,0.800000012,0,,,0,0,0.271544665,0.330095142,13.3306456,4.31400013,0,,,0,1
62252379,0.800000012,0,,,0,0,0.271544665,0.330095142,12.9761314,4.31599998,0,,,0,1
62253713,0.800000012,1,,,0.0402930379,0,0.271544665,0.330095142,12.7034283,4.31599998,0,,,0,1
62254842,0.800000012,1,,,1.22490835,0,0.271544665,0.330095142,13.5215378,4.31799984,0,,,0,1
62255968,0.800000012,1,,,1.28937721,0,0.271544665,0.330095142,14.3896437,4.31799984,0,,,0,1
62257097,0.800000012,1,,,1.16043949,0,0.271544665,0.330095142,15.2395687,4.3210001,0,,,0,1
62258257,0.800000012,1,,,0.958974302,0,0.261994332,0.345400661,15.9167824,4.3210001,0,,,0,1
62259419,0.800000012,1,,,0.29816848,0,0.253092945,0.362194538,15.9258718,4.32299995,0,,,0,1
62260579,0.800000012,1,,,0.26593405,0,0.244776532,0.380704939,15.9304171,4.32299995,0,,,0,1
62261741,0.800000012,1,,,0.290109873,0,0.236989275,0.401209265,15.9440527,4.32500029,0,,,0,1
62262901,0.800000012,1,,,0.354578733,0,0.240899071,0.390480191,15.9395075,4.32500029,0,,,0,1
62264063,0.800000012,1,,,0.29816848,0,0.248949751,0.371031284,15.9304171,4.32800007,0,,,0,1
62265228,0.800000012,1,,,0.306227088,0,0.257557124,0.353427857,15.9485979,4.32800007,0,,,0,1
62266390,0.800000012,1,,,0.290109873,0,0.266781032,0.337419152,15.8986015,4.32999992,0,,,0,1
62267550,0.800000012,1,,,0.306227088,0,0.276690125,0.322797835,15.8940573,4.32999992,0,,,0,1
62268712,0.800000012,1,,,0.290109873,0,0.287363738,0.309391081,15.9031467,4.33199978,0,,,0,1
62269872,0.800000012,1,,,0.354578733,0,0.298893929,0.297053516,15.8940573,4.33199978,0,,,0,1
62271035,0.800000012,1,,,0.29816848,0,0.311388046,0.285662234,15.8940573,4.33399963,0,,,0,1
62272194,0.800000012,1,,,0.282051265,0,0.324972242,0.275112331,15.8986015,4.33399963,0,,,0,1
62273323,0.800000012,1,,,0.330402911,0,0.324972242,0.275112331,15.8986015,4.33699989,0,,,0,1
62274653,0.800000012,0,,,0,0,0.324972242,0.275112331,15.5440874,4.33699989,0,,,0,1
62275781,0.800000012,0,,,0,0,0.324972242,0.275112331,15.225934,4.33899975,0,,,0,1
62276911,0.800000012,0,,,0,0,0.324972242,0.275112331,14.8895998,4.33899975,0,,,0,1
62278040,0.800000012,0,,,0,0,0.324972242,0.275112331,14.5259953,4.34200001,0,,,0,1
62279165,0.800000012,0,,,0,0,0.324972242,0.275112331,14.1760263,4.34200001,0,,,0,1
62280294,0.800000012,0,,,0,0,0.324972242,0.275112331,13.8124218,4.34399986,0,,,0,1
62281420,0.800000012,0,,,0,0,0.324972242,0.275112331,13.4306374,4.34399986,0,,,0,1
62282548,0.800000012,0,,,0,0,0.324972242,0.275112331,13.0670328,4.34600019,0,,,0,1
62283674,0.800000012,0,,,0,0,0.324972242,0.275112331,12.7125187,4.34600019,0,,,0,1
62284803,0.800000012,0,,,0,0,0.324972242,0.275112331,12.3170986,4.34800005,0,,,0,1
62285929,0.800000012,0,,,0,1.28131866,0.324972242,0.275112331,12.7943296,4.34800005,0,,,0,1
62287057,0.800000012,0,,,0,1.24102557,0.324972242,0.275112331,13.6487999,4.35099983,0,,,0,1
62288189,0.800000012,0,,,0,1.20879114,0.324972242,0.275112331,14.4987249,4.35099983,0,,,0,1
62289352,0.800000012,0,,,0,1.2329669,0.339795738,0.265313864,15.2986546,4.35299969,0,,,0,1
62290511,0.800000012,0,,,0,0.789743543,0.356036216,0.256189406,15.9122372,4.35299969,0,,,0,1
62291674,0.800000012,0,,,0,0.249816835,0.37390703,0.247671679,15.9258718,4.35500002,0,,,0,1
62292833,0.800000012,0,,,0,0.378754556,0.393666655,0.23970212,15.9304171,4.35500002,0,,,0,1
62293996,0.800000012,0,,,0,0.282051265,0.383331954,0.243702695,15.9122372,4.35699987,0,,,0,1
62295360,0.800000012,0,,,0,0.435164809,0.364571452,0.251945078,15.9167824,4.35699987,0,,,0,1
62296522,0.800000012,0,,,0,0.257875443,0.347561598,0.260764509,15.9304171,4.36000013,0,,,0,1
62297681,0.800000012,0,,,0,0.378754556,0.332068235,0.270223796,15.9258718,4.36000013,0,,,0,1
62298849,0.800000012,0,,,0,0.330402911,0.31789723,0.28039521,15.8758764,4.36199999,0,,,0,1
62300008,0.800000012,0,,,0,0.314285696,0.304886222,0.291362286,15.8804216,4.36199999,0,,,0,1
62301171,0.800000012,0,,,0,0.322344303,0.292898417,0.303222179,15.8895121,4.36500025,0,,,0,1
62302331,0.800000012,0,,,0,0.346520126,0.281817615,0.316088527,15.8895121,4.36500025,0,,,0,1
62303494,0.800000012,0,,,0,0.330402911,0.271544665,0.330095142,15.866787,4.3670001,0,,,0,1
62304620,0.800000012,0,,,0,0.346520126,0.271544665,0.330095142,15.8713312,4.3670001,0,,,0,1
62305748,0.800000012,0,,,0,0,0.271544665,0.330095142,15.5759029,4.36899996,0,,,0,1
62306874,0.800000012,0,,,0,0,0.271544665,0.330095142,15.2077532,4.36899996,0,,,0,1
62308002,0.800000012,0,,,0,0,0.271544665,0.330095142,14.8214235,4.37100029,0,,,0,1
62309128,0.800000012,0,,,0,0,0.271544665,0.330095142,14.4487295,4.37100029,0,,,0,1
62310261,0.800000012,0,,,0,0,0.271544665,0.330095142,14.0896702,4.3739996,0,,,0,1
62311386,0.800000012,0,,,0,0,0.271544665,0.330095142,13.6987953,4.3739996,0,,,0,1
62312514,0.800000012,0,,,0,0,0.271544665,0.330095142,13.2761049,4.37599993,0,,,0,1
62313640,0.800000012,0,,,0,0,0.271544665,0.330095142,12.8715954,4.37599993,0,,,0,1
62314768,0.800000012,0,,,0,0,0.271544665,0.330095142,12.4670858,4.37799978,0,,,0,1
62316099,0.800000012,1,,,1.11208785,0,0.271544665,0.330095142,12.6261625,4.37799978,0,,,0,1
62317228,0.800000012,1,,,1.41831493,0,0.271544665,0.330095142,13.5079031,4.38100004,0,,,0,1
62318354,0.800000012,1,,,1.33772886,0,0.271544665,0.330095142,14.3805532,4.38100004,0,,,0,1
62319516,0.800000012,1,,,1.2168498,0,0.261994332,0.345400661,15.2304792,4.3829999,0,,,0,1
62320676,0.800000012,1,,,0.942857087,0,0.253092945,0.362194538,15.9167824,4.3829999,0,,,0,1
62321843,0.800000012,1,,,0.338461518,0,0.244776532,0.380704939,15.9304171,4.38500023,0,,,0,1
62323003,0.800000012,1,,,0.451282024,0,0.236989275,0.401209265,15.9304171,4.38500023,0,,,0,1
62324166,0.800000012,1,,,0.330402911,0,0.238299742,0.397508532,15.9258718,4.38800001,0,,,0,1
62325325,0.800000012,1,,,0.306227088,0,0.246174783,0.377371222,15.9304171,4.38800001,0,,,0,1
62326488,0.800000012,1,,,0.362637341,0,0.254588097,0.359175831,15.9349623,4.39000034,0,,,0,1
62327648,0.800000012,1,,,0.402930379,0,0.263596833,0.342654347,15.9349623,4.39000034,0,,,0,1
62328811,0.800000012,1,,,0.314285696,0,0.273266524,0.327585936,15.8895121,4.3920002,0,,,0,1
62329970,0.800000012,1,,,0.330402911,0,0.283672661,0.313786983,15.8849669,4.3920002,0,,,0,1
62331133,0.800000012,1,,,0.314285696,0,0.294902712,0.301103562,15.8940573,4.39499998,0,,,0,1
62332293,0.800000012,1,,,0.338461518,0,0.307058603,0.289405584,15.8986015,4.39499998,0,,,0,1
62333460,0.800000012,1,,,0.402930379,0,0.32025969,0.278582633,15.8940573,4.39699984,0,,,0,1
62334586,0.800000012,1,,,0.427106202,0,0.32025969,0.278582633,15.8758764,4.39699984,0,,,0,1
62335715,0.800000012,0,,,0,0,0.32025969,0.278582633,15.557723,4.39900017,0,,,0,1
62337044,0.800000012,0,,,0,0,0.32025969,0.278582633,15.1259422,4.39900017,0,,,0,1
62338172,0.800000012,0,,,0,0,0.32025969,0.278582633,14.7577934,4.40199995,0,,,0,1
62339298,0.800000012,0,,,0,0,0.32025969,0.278582633,14.3578281,4.40199995,0,,,0,1
62340426,0.800000012,0,,,0,0,0.32025969,0.278582633,13.9351377,4.40400028,0,,,0,1
62341552,0.800000012,0,,,0,0,0.32025969,0.278582633,13.5169935,4.40400028,0,,,0,1
62342680,0.800000012,0,,,0,0,0.32025969,0.278582633,13.0897579,4.40600014,0,,,0,1
62343805,0.800000012,0,,,0,0,0.32025969,0.278582633,12.6488876,4.40600014,0,,,0,1
62344939,0.800000012,0,,,0,0,0.32025969,0.278582633,12.1989269,4.40799999,0,,,0,1
62346065,0.800000012,0,,,0,0.427106202,0.32025969,0.278582633,11.9807644,4.40799999,256,,,0,1
62347196,0.800000012,0,,,0,1.40219772,0.32025969,0.278582633,12.7988749,4.41100025,0,,,0,1
62348322,0.800000012,0,,,0,1.36996329,0.32025969,0.278582633,13.6442547,4.41100025,0,,,0,1
62349484,0.800000012,0,,,0,1.25714278,0.334646851,0.268539965,14.4896345,4.41300011,0,,,0,1
62350644,0.800000012,0,,,0,1.18461537,0.350387484,0.259196132,15.3259249,4.41300011,0,,,0,1
62351806,0.800000012,0,,,0,0.805860758,0.36768195,0.250480682,15.9304171,4.41499996,0,,,0,1
62352966,0.800000012,0,,,0,0.370695949,0.386772305,0.242332309,15.9213276,4.41499996,0,,,0,1
62354128,0.800000012,0,,,0,0.378754556,0.36768195,0.250480682,15.9167824,4.41799974,0,,,0,1
62355288,0.800000012,0,,,0,0.362637341,0.350387484,0.259196132,15.9031467,4.41799974,0,,,0,1
62356455,0.800000012,0,,,0,0.370695949,0.334646851,0.268539965,15.9031467,4.42000008,0,,,0,1
62357819,0.800000012,0,,,0,0.362637341,0.32025969,0.278582633,15.9031467,4.42000008,0,,,0,1
62358981,0.800000012,0,,,0,0.394871771,0.307058603,0.289405584,15.9031467,4.42199993,0,,,0,1
62360141,0.800000012,0,,,0,0.338461518,0.294902712,0.301103562,15.8804216,4.42199993,0,,,0,1
62361303,0.800000012,0,,,0,0.394871771,0.283672661,0.313786983,15.8849669,4.42500019,0,,,0,1
62362463,0.800000012,0,,,0,0.394871771,0.273266524,0.327585936,15.8758764,4.42500019,0,,,0,1
62363592,0.800000012,0,,,0,0.410988986,0.273266524,0.327585936,15.8622417,4.42700005,0,,,0,1
62364717,0.800000012,0,,,0,0,0.273266524,0.327585936,15.5031824,4.42700005,0,,,0,1
62365845,0.800000012,0,,,0,0,0.273266524,0.327585936,15.1077623,4.4289999,0,,,0,1
62366971,0.800000012,0,,,0,0,0.273266524,0.327585936,14.6850719,4.4289999,0,,,0,1
62368103,0.800000012,0,,,0,0,0.273266524,0.327585936,14.2532921,4.43200016,0,,,0,1
62369229,0.800000012,0,,,0,0,0.273266524,0.327585936,13.8260565,4.43200016,0,,,0,1
62370358,0.800000012,0,,,0,0,0.273266524,0.327585936,13.3897314,4.43400002,0,,,0,1
62371483,0.800000012,0,,,0,0,0.273266524,0.327585936,12.9443159,4.43400002,0,,,0,1
62372612,0.800000012,0,,,0,0,0.273266524,0.327585936,12.4852657,4.43599987,0,,,0,1
62373737,0.800000012,0,,,0,0,0.273266524,0.327585936,12.0307598,4.43599987,0,,,0,1
62374866,0.800000012,1,,,0.00805860758,0,0.273266524,0.327585936,11.6489754,4.43799973,256,,,0,1
62375992,0.800000012,1,,,1.44249082,0,0.273266524,0.327585936,12.448905,4.43799973,0,,,0,1
62377121,0.800000012,1,,,1.46666658,0,0.273266524,0.327585936,13.3306456,4.44099998,0,,,0,1
62378253,0.800000012,1,,,1.39413905,0,0.273266524,0.327585936,14.2169313,4.44099998,0,,,0,1
62379619,0.800000012,1,,,1.33772886,0,0.263596833,0.342654347,15.2122984,4.44299984,0,,,0,1
62380779,0.800000012,1,,,1.0637362,0,0.254588097,0.359175831,15.8895121,4.44299984,0,,,0,1
62381941,0.800000012,1,,,0.362637341,0,0.246174783,0.377371222,15.9031467,4.44500017,0,,,0,1
62383101,0.800000012,1,,,0.370695949,0,0.238299742,0.397508532,15.9122372,4.44500017,0,,,0,1
62384263,0.800000012,1,,,0.362637341,0,0.2358329,0.404567659,15.9258718,4.44799995,0,,,0,1
62385423,0.800000012,1,,,0.322344303,0,0.243543103,0.383727551,15.9349623,4.44799995,0,,,0,1
62386586,0.800000012,1,,,0.362637341,0,0.25177449,0.364929289,15.9304171,4.44999981,0,,,0,1
62387745,0.800000012,1,,,0.435164809,0,0.260581762,0.347886831,15.9122372,4.44999981,0,,,0,1
62388908,0.800000012,1,,,0.394871771,0,0.270027548,0.332365125,15.8940573,4.45199966,0,,,0,1
62390072,0.800000012,1,,,0.459340632,0,0.280183882,0.318169326,15.8940573,4.45199966,0,,,0,1
62391235,0.800000012,1,,,0.46739924,0,0.291134089,0.305136532,15.8940573,4.45499992,0,,,0,1
62392395,0.800000012,1,,,0.435164809,0,0.302974999,0.293129325,15.8804216,4.45499992,0,,,0,1
62393557,0.800000012,1,,,0.330402911,0,0.315819979,0.282031387,15.8758764,4.45699978,0,,,0,1
62394717,0.800000012,1,,,0.346520126,0,0.329802305,0.271743149,15.8713312,4.45699978,0,,,0,1
62395847,0.800000012,1,,,0.46739924,0,0.329802305,0.271743149,15.8622417,4.45900011,0,,,0,1
62396972,0.800000012,0,,,0,0,0.329802305,0.271743149,15.494092,4.45900011,0,,,0,1
62398101,0.800000012,0,,,0,0,0.329802305,0.271743149,15.0623121,4.46199989,0,,,0,1
62399226,0.800000012,0,,,0,0,0.329802305,0.271743149,14.6214418,4.46199989,0,,,0,1
62400558,0.800000012,0,,,0,0,0.329802305,0.271743149,14.1123953,4.46400023,0,,,0,1
62401689,0.800000012,0,,,0,0,0.329802305,0.271743149,13.6760702,4.46400023,0,,,0,1
62402817,0.800000012,0,,,0,0,0.329802305,0.271743149,13.2033844,4.46600008,0,,,0,1
62403943,0.800000012,0,,,0,0,0.329802305,0.271743149,12.7170639,4.46600008,0,,,0,1
62405071,0.800000012,0,,,0,0,0.329802305,0.271743149,12.2080173,4.46899986,0,,,0,1
62406197,0.800000012,0,,,0,0.547985315,0.329802305,0.271743149,11.9853096,4.46899986,256,,,0,1
62407326,0.800000012,0,,,0,1.48278379,0.329802305,0.271743149,12.8125095,4.47099972,0,,,0,1
62408452,0.800000012,0,,,0,1.41025639,0.329802305,0.271743149,13.6669798,4.47099972,0,,,0,1
62409615,0.800000012,0,,,0,1.31355309,0.345080078,0.262179047,14.5032701,4.47300005,0,,,0,1
62410774,0.800000012,0,,,0,1.24908423,0.361842036,0.253265291,15.3395605,4.47300005,0,,,0,1
62411937,0.800000012,0,,,0,0.789743543,0.380315572,0.244937748,15.9167824,4.4749999,0,,,0,1
62413101,0.800000012,0,,,0,0.354578733,0.400776863,0.237140402,15.907692,4.4749999,0,,,0,1
62414264,0.800000012,0,,,0,0.394871771,0.380315572,0.244937748,15.9258718,4.47800016,0,,,0,1
62415423,0.800000012,0,,,0,0.402930379,0.361842036,0.253265291,15.9213276,4.47800016,0,,,0,1
62416586,0.800000012,0,,,0,0.386813164,0.345080078,0.262179047,15.9213276,4.48000002,0,,,0,1
62417746,0.800000012,0,,,0,0.451282024,0.329802305,0.271743149,15.9122372,4.48000002,0,,,0,1
62418908,0.800000012,0,,,0,0.443223417,0.315819979,0.282031387,15.9122372,4.48199987,0,,,0,1
62420068,0.800000012,0,,,0,0.435164809,0.302974999,0.293129325,15.8758764,4.48199987,0,,,0,1
62421434,0.800000012,0,,,0,0.459340632,0.291134089,0.305136532,15.8804216,4.48500013,0,,,0,1
62422594,0.800000012,0,,,0,0.419047594,0.280183882,0.318169326,15.8804216,4.48500013,0,,,0,1
62423723,0.800000012,0,,,0,0.419047594,0.280183882,0.318169326,15.8804216,4.48699999,0,,,0,1
62424854,0.800000012,0,,,0,0,0.280183882,0.318169326,15.494092,4.48699999,0,,,0,1
62425982,0.800000012,0,,,0,0,0.280183882,0.318169326,15.0486765,4.48900032,0,,,0,1
62427107,0.800000012,0,,,0,0,0.280183882,0.318169326,14.5896263,4.48900032,0,,,0,1
62428236,0.800000012,0,,,0,0,0.280183882,0.318169326,14.1123953,4.49199963,0,,,0,1
62429361,0.800000012,0,,,0,0,0.280183882,0.318169326,13.6215296,4.49199963,0,,,0,1
62430489,0.800000012,0,,,0,0,0.280183882,0.318169326,13.1488438,4.49399996,0,,,0,1
62431615,0.800000012,0,,,0,0,0.280183882,0.318169326,12.6579781,4.49399996,0,,,0,1
62432743,0.800000012,0,,,0,0,0.280183882,0.318169326,12.1262064,4.49599981,0,,,0,1
62433869,0.800000012,0,,,0,0,0.280183882,0.318169326,11.5762548,4.49599981,256,,,0,1
62434998,0.800000012,1,,,0.894505441,0,0.280183882,0.318169326,11.5398941,4.49800014,256,,,0,1
62436135,0.800000012,1,,,1.52307677,0,0.280183882,0.318169326,12.4352703,4.49800014,0,,,0,1
62437265,0.800000012,1,,,1.42637348,0,0.280183882,0.318169326,13.3351908,4.50099993,0,,,0,1
62438424,0.800000012,1,,,1.32967019,0,0.270027548,0.332365125,14.2169313,4.50099993,0,,,0,1
62439587,0.800000012,1,,,1.30549443,0,0.260581762,0.347886831,15.0895824,4.50300026,0,,,0,1
62440747,0.800000012,1,,,1.15238094,0,0.25177449,0.364929289,15.8440609,4.50300026,0,,,0,1
62442113,0.800000012,1,,,0.354578733,0,0.243543103,0.383727551,15.907692,4.50600004,0,,,0,1
62443273,0.800000012,1,,,0.370695949,0,0.2358329,0.404567659,15.9258718,4.50600004,0,,,0,1
62444436,0.800000012,1,,,0.378754556,0,0.240575612,0.391333073,15.9213276,4.50800037,0,,,0,1
62445595,0.800000012,1,,,0.394871771,0,0.248604313,0.371801227,15.907692,4.50800037,0,,,0,1
62446763,0.800000012,1,,,0.451282024,0,0.257187426,0.354126394,15.9031467,4.51000023,0,,,0,1
62447922,0.800000012,1,,,0.419047594,0,0.266384363,0.338055789,15.9031467,4.51000023,0,,,0,1
62449085,0.800000012,1,,,0.378754556,0,0.276263505,0.32338047,15.8713312,4.51300001,0,,,0,1
62450245,0.800000012,1,,,0.435164809,0,0.28690359,0.309926271,15.8758764,4.51300001,0,,,0,1
62451408,0.800000012,1,,,0.459340632,0,0.298396111,0.297546893,15.8758764,4.51499987,0,,,0,1
62452568,0.800000012,1,,,0.491575062,0,0.310847789,0.286118418,15.866787,4.51499987,0,,,0,1
62453731,0.800000012,1,,,0.443223417,0,0.324383885,0.275535375,15.866787,4.51699972,0,,,0,1
62454890,0.800000012,1,,,0.435164809,0,0.339152545,0.265707344,15.8576965,4.51699972,0,,,0,1
62456020,0.800000012,1,,,0.435164809,0,0.339152545,0.265707344,15.8531513,4.51999998,0,,,0,1
62457145,0.800000012,0,,,0,0,0.339152545,0.265707344,15.4577312,4.51999998,0,,,0,1
62458278,0.800000012,0,,,0,0,0.339152545,0.265707344,15.0123158,4.52199984,0,,,0,1
62459404,0.800000012,0,,,0,0,0.339152545,0.265707344,14.5578108,4.52199984,0,,,0,1
62460532,0.800000012,0,,,0,0,0.339152545,0.265707344,14.0623999,4.52400017,0,,,0,1
62461657,0.800000012,0,,,0,0,0.339152545,0.265707344,13.5488081,4.52400017,0,,,0,1
62462990,0.800000012,0,,,0,0,0.339152545,0.265707344,12.8988657,4.52600002,0,,,0,1
62464115,0.800000012,0,,,0,0,0.339152545,0.265707344,12.3398237,4.52600002,0,,,0,1
62465244,0.800000012,0,,,0,0.717216074,0.339152545,0.265707344,12.1489315,4.52900028,0,,,0,1
62466370,0.800000012,0,,,0,1.49084234,0.339152545,0.265707344,12.9943123,4.52900028,0,,,0,1
62467499,0.800000012,0,,,0,1.48278379,0.339152545,0.265707344,13.8442373,4.53100014,0,,,0,1
62468659,0.800000012,0,,,0,1.36996329,0.35533011,0.256556273,14.6759825,4.53100014,0,,,0,1
62469826,0.800000012,0,,,0,1.32967019,0.373128325,0.248014525,15.4986372,4.53299999,0,,,0,1
62470986,0.800000012,0,,,0,0.676923037,0.39280358,0.240023226,15.9304171,4.53299999,0,,,0,1
62472148,0.800000012,0,,,0,0.394871771,0.397397816,0.238339528,15.8986015,4.53599977,0,,,0,1
62473308,0.800000012,0,,,0,0.427106202,0.377271444,0.246217266,15.8986015,4.53599977,0,,,0,1
62474471,0.800000012,0,,,0,0.451282024,0.359085411,0.254633576,15.8986015,4.53800011,0,,,0,1
62475630,0.800000012,0,,,0,0.451282024,0.342572004,0.263645589,15.8940573,4.53800011,0,,,0,1
62476793,0.800000012,0,,,0,0.515750885,0.327510685,0.273318917,15.8986015,4.53999996,0,,,0,1
62477953,0.800000012,0,,,0,0.49963367,0.313717902,0.283729136,15.9031467,4.53999996,0,,,0,1
62479116,0.800000012,0,,,0,0.435164809,0.301039934,0.294963807,15.8713312,4.54300022,0,,,0,1
62480275,0.800000012,0,,,0,0.515750885,0.289346844,0.307124794,15.8713312,4.54300022,0,,,0,1
62481409,0.800000012,0,,,0,0.507692277,0.289346844,0.307124794,15.8713312,4.54500008,0,,,0,1
62482534,0.800000012,0,,,0,0,0.289346844,0.307124794,15.4395514,4.54500008,0,,,0,1
62483867,0.800000012,0,,,0,0,0.289346844,0.307124794,14.8486938,4.54699993,0,,,0,1
62484992,0.800000012,0,,,0,0,0.289346844,0.307124794,14.3623734,4.54699993,0,,,0,1
62486120,0.800000012,0,,,0,0,0.289346844,0.307124794,13.8715076,4.55000019,0,,,0,1
62487246,0.800000012,0,,,0,0,0.289346844,0.307124794,13.339736,4.55000019,0,,,0,1
62488374,0.800000012,0,,,0,0,0.289346844,0.307124794,12.7897844,4.55200005,0,,,0,1
62489499,0.800000012,0,,,0,0,0.289346844,0.307124794,12.2171078,4.55200005,0,,,0,1
62490628,0.800000012,0,,,0,0,0.289346844,0.307124794,11.6171598,4.5539999,256,,,0,1
62491753,0.800000012,0,,,0,0,0.289346844,0.307124794,11.0217581,4.5539999,256,,,0,1
62492887,0.800000012,1,,,0.120879114,0,0.289346844,0.307124794,10.6581535,4.55599976,256,,,0,1
62494013,0.800000012,1,,,1.64395595,0,0.289346844,0.307124794,11.517169,4.55599976,256,,,0,1
62495143,0.800000012,1,,,1.61172152,0,0.289346844,0.307124794,12.4125452,4.55900002,0,,,0,1
62496269,0.800000012,1,,,1.5553112,0,0.289346844,0.307124794,13.3033752,4.55900002,0,,,0,1
62497432,0.800000012,1,,,1.53113544,0,0.278528184,0.320331663,14.1851158,4.56099987,0,,,0,1
62498591,0.800000012,1,,,1.43443215,0,0.268489361,0.33472544,15.0759468,4.56099987,0,,,0,1
62499754,0.800000012,1,,,1.29743576,0,0.259149045,0.350473583,15.8304262,4.5630002,0,,,0,1
62500913,0.800000012,1,,,0.475457847,0,0.250436723,0.367776752,15.9258718,4.5630002,0,,,0,1
62502076,0.800000012,1,,,0.49963367,0,0.242291152,0.386877179,15.9167824,4.56599998,0,,,0,1
62503236,0.800000012,1,,,0.483516455,0,0.245302632,0.379439235,15.9213276,4.56599998,0,,,0,1
62504403,0.800000012,1,,,0.475457847,0,0.253655434,0.361048728,15.9213276,4.56799984,0,,,0,1
62505766,0.800000012,1,,,0.443223417,0,0.262597114,0.344358474,15.9031467,4.56799984,0,,,0,1
62506929,0.800000012,1,,,0.483516455,0,0.27219227,0.329143167,15.8940573,4.56999969,0,,,0,1
62508088,0.800000012,1,,,0.386813164,0,0.282515198,0.315215498,15.8622417,4.56999969,0,,,0,1
62509251,0.800000012,1,,,0.5318681,0,0.293652028,0.302418679,15.8622417,4.57299995,0,,,0,1
62510411,0.800000012,1,,,0.491575062,0,0.305702895,0.290620327,15.8713312,4.57299995,0,,,0,1
62511574,0.800000012,1,,,0.459340632,0,0.318785191,0.279707998,15.8758764,4.57499981,0,,,0,1
62512733,0.800000012,1,,,0.507692277,0,0.333037257,0.26958552,15.866787,4.57499981,0,,,0,1
62513896,0.800000012,1,,,0.515750885,0,0.348623276,0.260170072,15.8713312,4.57700014,0,,,0,1
62515056,0.800000012,1,,,0.507692277,0,0.365739793,0.251390129,15.866787,4.57700014,0,,,0,1
62516190,0.800000012,1,,,0.515750885,0,0.365739793,0.251390129,15.8576965,4.57999992,0,,,0,1
62517315,0.800000012,0,,,0,0,0.365739793,0.251390129,15.4395514,4.57999992,0,,,0,1
62518443,0.800000012,0,,,0,0,0.365739793,0.251390129,14.9623203,4.58200026,0,,,0,1
62519569,0.800000012,0,,,0,0,0.365739793,0.251390129,14.4396391,4.58200026,0,,,0,1
62520698,0.800000012,0,,,0,0,0.365739793,0.251390129,13.9078674,4.58400011,0,,,0,1
62521824,0.800000012,0,,,0,0,0.365739793,0.251390129,13.3442812,4.58400011,0,,,0,1
62522952,0.800000012,0,,,0,0,0.365739793,0.251390129,12.7761488,4.58599997,0,,,0,1
62524078,0.800000012,0,,,0,0,0.365739793,0.251390129,12.2443781,4.58599997,0,,,0,1
62525207,0.800000012,0,,,0,1.52307677,0.365739793,0.251390129,12.862505,4.58899975,0,,,0,1
62526542,0.800000012,0,,,0,1.44249082,0.365739793,0.251390129,13.8760529,4.58899975,0,,,0,1
62527671,0.800000012,0,,,0,1.39413905,0.365739793,0.251390129,14.7032528,4.5909996,0,,,0,1
62528830,0.800000012,0,,,0,1.32161164,0.384623826,0.243183434,15.4986372,4.5909996,0,,,0,1
62529993,0.800000012,0,,,0,0.668864429,0.40556407,0.235495627,15.9258718,4.59299994,0,,,0,1
62531152,0.800000012,0,,,0,0.451282024,0.428915739,0.228278965,15.8940573,4.59299994,0,,,0,1
62532315,0.800000012,0,,,0,0.491575062,0.40556407,0.235495627,15.8986015,4.59599972,0,,,0,1
62533474,0.800000012,0,,,0,0.49963367,0.384623826,0.243183434,15.9031467,4.59599972,0,,,0,1
62534637,0.800000012,0,,,0,0.547985315,0.365739793,0.251390129,15.9031467,4.59800005,0,,,0,1
62535796,0.800000012,0,,,0,0.515750885,0.348623276,0.260170072,15.907692,4.59800005,0,,,0,1
62536959,0.800000012,0,,,0,0.451282024,0.333037257,0.26958552,15.8986015,4.5999999,0,,,0,1
62538123,0.800000012,0,,,0,0.475457847,0.318785191,0.279707998,15.8576965,4.5999999,0,,,0,1
62539285,0.800000012,0,,,0,0.515750885,0.305702895,0.290620327,15.8531513,4.60300016,0,,,0,1
62540412,0.800000012,0,,,0,0.539926708,0.305702895,0.290620327,15.8395166,4.60300016,0,,,0,1
62541540,0.800000012,0,,,0,0,0.305702895,0.290620327,15.4031906,4.60500002,0,,,0,1
62542666,0.800000012,0,,,0,0,0.305702895,0.290620327,14.9168701,4.60500002,0,,,0,1
62543794,0.800000012,0,,,0,0,0.305702895,0.290620327,14.4032793,4.60700035,0,,,0,1
62544920,0.800000012,0,,,0,0,0.305702895,0.290620327,13.8533268,4.60700035,0,,,0,1
62546048,0.800000012,0,,,0,0,0.305702895,0.290620327,13.2806501,4.60999966,0,,,0,1
62547378,0.800000012,0,,,0,0,0.305702895,0.290620327,12.5579863,4.60999966,0,,,0,1
62548506,0.800000012,0,,,0,0,0.305702895,0.290620327,11.9489489,4.61199999,256,,,0,1
62549637,0.800000012,0,,,0,0,0.305702895,0.290620327,11.3490019,4.61199999,256,,,0,1
62550765,0.800000012,0,,,0,0,0.305702895,0.290620327,10.708149,4.61399984,256,,,0,1
62551890,0.800000012,0,,,0,0,0.305702895,0.290620327,10.0173006,4.61399984,256,,,0,1
62553020,0.800000012,1,,,1.73260069,0,0.305702895,0.290620327,10.5990677,4.6170001,256,,,0,1
62554146,0.800000012,1,,,1.66813183,0,0.305702895,0.290620327,11.5080786,4.6170001,256,,,0,1
62555275,0.800000012,1,,,1.57142854,0,0.305702895,0.290620327,12.3989096,4.61899996,0,,,0,1
62556401,0.800000012,1,,,1.53113544,0,0.305702895,0.290620327,13.2806501,4.61899996,0,,,0,1
62557563,0.800000012,1,,,1.53113544,0,0.293652028,0.302418679,14.1578455,4.62100029,0,,,0,1
62558723,0.800000012,1,,,1.51501822,0,0.282515198,0.315215498,15.0441313,4.62100029,0,,,0,1
62559886,0.800000012,1,,,1.28131866,0,0.27219227,0.329143167,15.8213358,4.62300014,0,,,0,1
62561050,0.800000012,1,,,0.427106202,0,0.262597114,0.344358474,15.9213276,4.62300014,0,,,0,1
62562213,0.800000012,1,,,0.483516455,0,0.253655434,0.361048728,15.8986015,4.6260004,0,,,0,1
62563372,0.800000012,1,,,0.49963367,0,0.245302632,0.379439235,15.8940573,4.6260004,0,,,0,1
62564535,0.800000012,1,,,0.523809493,0,0.250203282,0.368281364,15.8940573,4.62800026,0,,,0,1
62565695,0.800000012,1,,,0.491575062,0,0.258899093,0.350931793,15.9122372,4.62800026,0,,,0,1
62566858,0.800000012,1,,,0.507692277,0,0.26822108,0.335143358,15.9167824,4.63000011,0,,,0,1
62568222,0.800000012,1,,,0.459340632,0,0.278239459,0.320714414,15.8622417,4.63000011,0,,,0,1
62569384,0.800000012,1,,,0.523809493,0,0.28903529,0.30747661,15.8576965,4.6329999,0,,,0,1
62570544,0.800000012,1,,,0.523809493,0,0.300702691,0.295288265,15.8531513,4.6329999,0,,,0,1
62571706,0.800000012,1,,,0.5318681,0,0.313351691,0.284029365,15.8713312,4.63499975,0,,,0,1
62572871,0.800000012,1,,,0.515750885,0,0.327111542,0.273597479,15.8758764,4.63499975,0,,,0,1
62574034,0.800000012,1,,,0.5318681,0,0.34213537,0.26390478,15.8576965,4.63700008,0,,,0,1
62575193,0.800000012,1,,,0.5318681,0,0.358605653,0.254875332,15.8395166,4.63700008,0,,,0,1
62576356,0.800000012,1,,,0.539926708,0,0.376741916,0.246443316,15.8304262,4.63999987,0,,,0,1
62577482,0.800000012,1,,,0.539926708,0,0.376741916,0.246443316,15.8440609,4.63999987,0,,,0,1
62578611,0.800000012,0,,,0,0,0.376741916,0.246443316,15.4168262,4.6420002,0,,,0,1
62579737,0.800000012,0,,,0,0,0.376741916,0.246443316,14.8895998,4.6420002,0,,,0,1
62580865,0.800000012,0,,,0,0,0.376741916,0.246443316,14.3305578,4.64400005,0,,,0,1
62581990,0.800000012,0,,,0,0,0.376741916,0.246443316,13.712431,4.64400005,0,,,0,1
62583119,0.800000012,0,,,0,0,0.376741916,0.246443316,13.0988483,4.64700031,0,,,0,1
62584249,0.800000012,0,,,0,0,0.376741916,0.246443316,12.4989004,4.64700031,0,,,0,1
62585379,0.800000012,0,,,0,1.53919411,0.376741916,0.246443316,12.8897753,4.64900017,0,,,0,1
62586505,0.800000012,0,,,0,1.5553112,0.376741916,0.246443316,13.7351561,4.64900017,0,,,0,1
62587667,0.800000012,0,,,0,1.49084234,0.396810353,0.238551334,14.5669012,4.65100002,0,,,0,1
62589031,0.800000012,0,,,0,1.49084234,0.41913709,0.231149152,15.5440874,4.65100002,0,,,0,1
62590193,0.800000012,0,,,0,0.741391897,0.444126099,0.224192515,15.9395075,4.65399981,0,,,0,1
62591353,0.800000012,0,,,0,0.46739924,0.41913709,0.231149152,15.9031467,4.65399981,0,,,0,1
62592515,0.800000012,0,,,0,0.459340632,0.396810353,0.238551334,15.8986015,4.65600014,0,,,0,1
62593675,0.800000012,0,,,0,0.49963367,0.376741916,0.246443316,15.8804216,4.65600014,0,,,0,1
62594843,0.800000012,0,,,0,0.539926708,0.358605653,0.254875332,15.8940573,4.65799999,0,,,0,1
62596002,0.800000012,0,,,0,0.539926708,0.34213537,0.26390478,15.9031467,4.65799999,0,,,0,1
62597165,0.800000012,0,,,0,0.5318681,0.327111542,0.273597479,15.8940573,4.66100025,0,,,0,1
62598325,0.800000012,0,,,0,0.46739924,0.313351691,0.284029365,15.8531513,4.66100025,0,,,0,1
62599454,0.800000012,0,,,0,0.539926708,0.313351691,0.284029365,15.8349714,4.66300011,0,,,0,1
62600579,0.800000012,0,,,0,0,0.313351691,0.284029365,15.3759203,4.66300011,0,,,0,1
62601708,0.800000012,0,,,0,0,0.313351691,0.284029365,14.8623295,4.66499996,0,,,0,1
62602833,0.800000012,0,,,0,0,0.313351691,0.284029365,14.2987423,4.66499996,0,,,0,1
62603961,0.800000012,0,,,0,0,0.313351691,0.284029365,13.6987953,4.66699982,0,,,0,1
62605087,0.800000012,0,,,0,0,0.313351691,0.284029365,13.0670328,4.66699982,0,,,0,1
62606220,0.800000012,0,,,0,0,0.313351691,0.284029365,12.4443598,4.67000008,0,,,0,1
62607346,0.800000012,0,,,0,0,0.313351691,0.284029365,11.8307781,4.67000008,256,,,0,1
62608474,0.800000012,0,,,0,0,0.313351691,0.284029365,11.1717453,4.67199993,256,,,0,1
62609804,0.800000012,0,,,0,0,0.313351691,0.284029365,10.294549,4.67199993,256,,,0,1
62610933,0.800000012,1,,,0.314285696,0,0.313351691,0.284029365,9.87640381,4.67399979,256,,,0,1
62612059,0.800000012,1,,,1.95018303,0,0.313351691,0.284029365,10.77178,4.67399979,256,,,0,1
62613188,0.800000012,1,,,1.72454202,0,0.313351691,0.284029365,11.6762457,4.67700005,256,,,0,1
62614315,0.800000012,1,,,1.58754563,0,0.313351691,0.284029365,12.5579863,4.67700005,0,,,0,1
62615444,0.800000012,1,,,1.64395595,0,0.313351691,0.284029365,13.4397268,4.6789999,0,,,0,1
62616604,0.800000012,1,,,1.72454202,0,0.300702691,0.295288265,14.3260126,4.6789999,0,,,0,1
62617771,0.800000012,1,,,1.47472525,0,0.28903529,0.30747661,15.2168436,4.68100023,0,,,0,1
62618931,0.800000012,1,,,1.07179475,0,0.278239459,0.320714414,15.8713312,4.68100023,0,,,0,1
62620093,0.800000012,1,,,0.491575062,0,0.26822108,0.335143358,15.8804216,4.68400002,0,,,0,1
62621253,0.800000012,1,,,0.620512784,0,0.258899093,0.350931793,15.8895121,4.68400002,0,,,0,1
62622415,0.800000012,1,,,0.620512784,0,0.250203282,0.368281364,15.907692,4.68599987,0,,,0,1
62623575,0.800000012,1,,,0.459340632,0,0.258899093,0.350931793,15.907692,4.68599987,0,,,0,1
62624737,0.800000012,1,,,0.491575062,0,0.26822108,0.335143358,15.8849669,4.68799973,0,,,0,1
62625897,0.800000012,1,,,0.612454176,0,0.278239459,0.320714414,15.8940573,4.68799973,0,,,0,1
62627060,0.800000012,1,,,0.56410253,0,0.28903529,0.30747661,15.866787,4.69099998,0,,,0,1
62628219,0.800000012,1,,,0.572161138,0,0.300702691,0.295288265,15.8576965,4.69099998,0,,,0,1
62629387,0.800000012,1,,,0.49963367,0,0.313351691,0.284029365,15.8531513,4.69299984,0,,,0,1
62630547,0.800000012,1,,,0.556043923,0,0.327111542,0.273597479,15.8531513,4.69299984,0,,,0,1
62631913,0.800000012,1,,,0.572161138,0,0.34213537,0.26390478,15.8395166,4.69500017,0,,,0,1
62633073,0.800000012,1,,,0.580219746,0,0.358605653,0.254875332,15.825881,4.69500017,0,,,0,1
62634235,0.800000012,1,,,0.596336961,0,0.376741916,0.246443316,15.8531513,4.69799995,0,,,0,1
62635395,0.800000012,1,,,0.523809493,0,0.396810353,0.238551334,15.8486061,4.69799995,0,,,0,1
62636524,0.800000012,1,,,0.5318681,0,0.396810353,0.238551334,15.8167906,4.70000029,0,,,0,1
62637649,0.800000012,0,,,0,0,0.396810353,0.238551334,15.307745,4.70000029,0,,,0,1
62638778,0.800000012,0,,,0,0,0.396810353,0.238551334,14.7214327,4.70200014,0,,,0,1
62639903,0.800000012,0,,,0,0,0.396810353,0.238551334,14.1533012,4.70200014,0,,,0,1
62641037,0.800000012,0,,,0,0,0.396810353,0.238551334,13.5533533,4.70499992,0,,,0,1
62642162,0.800000012,0,,,0,0,0.396810353,0.238551334,12.8988657,4.70499992,0,,,0,1
62643290,0.800000012,0,,,0,0,0.396810353,0.238551334,12.2671032,4.70699978,0,,,0,1
62644416,0.800000012,0,,,0,1.5956043,0.396810353,0.238551334,12.8852301,4.70699978,0,,,0,1
62645545,0.800000012,0,,,0,1.57142854,0.396810353,0.238551334,13.7260656,4.70899963,0,,,0,1
62646705,0.800000012,0,,,0,1.6358974,0.41913709,0.231149152,14.562356,4.70899963,0,,,0,1
62647867,0.800000012,0,,,0,1.52307677,0.444126099,0.224192515,15.4077358,4.71099997,0,,,0,1
62649027,0.800000012,0,,,0,0.958974302,0.472283691,0.217642367,15.9122372,4.71099997,0,,,0,1
62650189,0.800000012,0,,,0,0.491575062,0.444126099,0.224192515,15.8940573,4.71399975,0,,,0,1
62651349,0.800000012,0,,,0,0.515750885,0.41913709,0.231149152,15.907692,4.71399975,0,,,0,1
62652720,0.800000012,0,,,0,0.547985315,0.396810353,0.238551334,15.8849669,4.71600008,0,,,0,1
62653879,0.800000012,0,,,0,0.596336961,0.376741916,0.246443316,15.8758764,4.71600008,0,,,0,1
62655042,0.800000012,0,,,0,0.693040252,0.358605653,0.254875332,15.8849669,4.71899986,0,,,0,1
62656201,0.800000012,0,,,0,0.56410253,0.34213537,0.26390478,15.9031467,4.71899986,0,,,0,1
62657364,0.800000012,0,,,0,0.483516455,0.327111542,0.273597479,15.8486061,4.72100019,0,,,0,1
62658490,0.800000012,0,,,0,0.612454176,0.327111542,0.273597479,15.8440609,4.72100019,0,,,0,1
62659619,0.800000012,0,,,0,0,0.327111542,0.273597479,15.3350153,4.72300005,0,,,0,1
62660744,0.800000012,0,,,0,0,0.327111542,0.273597479,14.7350683,4.72300005,0,,,0,1
62661872,0.800000012,0,,,0,0,0.327111542,0.273597479,14.1578455,4.72500038,0,,,0,1
62662997,0.800000012,0,,,0,0,0.327111542,0.273597479,13.5624437,4.72500038,0,,,0,1
62664130,0.800000012,0,,,0,0,0.327111542,0.273597479,12.9079561,4.72799969,0,,,0,1
62665256,0.800000012,0,,,0,0,0.327111542,0.273597479,12.1762018,4.72799969,0,,,0,1
62666385,0.800000012,0,,,0,0,0.327111542,0.273597479,11.4444485,4.73000002,256,,,0,1
62667511,0.800000012,0,,,0,0.0161172152,0.327111542,0.273597479,10.7945051,4.73000002,256,,,0,1
62668639,0.800000012,0,,,0,0,0.327111542,0.273597479,10.0491161,4.73199987,256,,,0,1
62669765,0.800000012,1,,,0.572161138,0,0.327111542,0.273597479,9.6900568,4.73199987,256,,,0,1
62670894,0.800000012,1,,,2.15164828,0,0.327111542,0.273597479,10.5945225,4.73399973,256,,,0,1
62672020,0.800000012,1,,,1.93406582,0,0.327111542,0.273597479,11.517169,4.73399973,256,,,0,1
62673354,0.800000012,1,,,1.71648335,0,0.327111542,0.273597479,12.5579863,4.73699999,0,,,0,1
62674485,0.800000012,1,,,1.83736253,0,0.327111542,0.273597479,13.4624529,4.73699999,0,,,0,1
62675647,0.800000012,1,,,1.61172152,0,0.313351691,0.284029365,14.3305578,4.73899984,0,,,0,1
62676807,0.800000012,1,,,1.45860791,0,0.300702691,0.295288265,15.2077532,4.73899984,0,,,0,1
62677969,0.800000012,1,,,1.12820506,0,0.28903529,0.30747661,15.8713312,4.74100018,0,,,0,1
62679129,0.800000012,1,,,0.547985315,0,0.278239459,0.320714414,15.8804216,4.74100018,0,,,0,1
62680291,0.800000012,1,,,0.620512784,0,0.26822108,0.335143358,15.8713312,4.74399996,0,,,0,1
62681451,0.800000012,1,,,0.604395568,0,0.258899093,0.350931793,15.8986015,4.74399996,0,,,0,1
62682614,0.800000012,1,,,0.539926708,0,0.250203282,0.368281364,15.9122372,4.74600029,0,,,0,1
62683773,0.800000012,1,,,0.491575062,0,0.25557971,0.357220471,15.8804216,4.74600029,0,,,0,1
62684936,0.800000012,1,,,0.652747214,0,0.264660031,0.340874285,15.8895121,4.74800014,0,,,0,1
62686100,0.800000012,1,,,0.588278353,0,0.274409294,0.325958639,15.866787,4.74800014,0,,,0,1
62687263,0.800000012,1,,,0.580219746,0,0.284904331,0.312293589,15.8531513,4.75099993,0,,,0,1
62688423,0.800000012,1,,,0.572161138,0,0.296234071,0.299728185,15.866787,4.75099993,0,,,0,1
62689586,0.800000012,1,,,0.604395568,0,0.308502227,0.288134813,15.8576965,4.75299978,0,,,0,1
62690745,0.800000012,1,,,0.588278353,0,0.321830451,0.277404904,15.8304262,4.75299978,0,,,0,1
62691908,0.800000012,1,,,0.644688606,0,0.336362302,0.267445415,15.8349714,4.75500011,0,,,0,1
62693068,0.800000012,1,,,0.604395568,0,0.352268547,0.258176327,15.8531513,4.75500011,0,,,0,1
62694434,0.800000012,1,,,0.580219746,0,0.369753838,0.249528199,15.8349714,4.7579999,0,,,0,1
62695594,0.800000012,1,,,0.660805821,0,0.389065593,0.241440654,15.8304262,4.7579999,0,,,0,1
62696756,0.800000012,1,,,0.636629999,0,0.410505772,0.233860895,15.7986107,4.76000023,0,,,0,1
62697887,0.800000012,1,,,0.636629999,0,0.410505772,0.233860895,15.8213358,4.76000023,0,,,0,1
62699016,0.800000012,0,,,0,0,0.410505772,0.233860895,15.3350153,4.76300001,0,,,0,1
62700141,0.800000012,0,,,0,0,0.410505772,0.233860895,14.707798,4.76300001,0,,,0,1
62701270,0.800000012,0,,,0,0,0.410505772,0.233860895,14.0714903,4.76500034,0,,,0,1
62702396,0.800000012,0,,,0,0,0.410505772,0.233860895,13.403367,4.76500034,0,,,0,1
62703525,0.800000012,0,,,0,0.338461518,0.410505772,0.233860895,12.9624968,4.7670002,0,,,0,1
62704650,0.800000012,0,,,0,1.74065924,0.410505772,0.233860895,13.7715158,4.7670002,0,,,0,1
62705813,0.800000012,0,,,0,1.6358974,0.434446782,0.226742595,14.6123514,4.76900005,0,,,0,1
62706972,0.800000012,0,,,0,1.48278379,0.461353242,0.220044822,15.4259167,4.76900005,0,,,0,1
62708135,0.800000012,0,,,0,0.918681264,0.491812527,0.213731378,15.9167824,4.77199984,0,,,0,1
62709299,0.800000012,0,,,0,0.5318681,0.461353242,0.220044822,15.907692,4.77199984,0,,,0,1
62710462,0.800000012,0,,,0,0.539926708,0.434446782,0.226742595,15.8804216,4.77400017,0,,,0,1
62711621,0.800000012,0,,,0,0.604395568,0.410505772,0.233860895,15.8940573,4.77400017,0,,,0,1
62712783,0.800000012,0,,,0,0.620512784,0.389065593,0.241440654,15.8849669,4.77600002,0,,,0,1
62713943,0.800000012,0,,,0,0.612454176,0.369753838,0.249528199,15.8804216,4.77600002,0,,,0,1
62715310,0.800000012,0,,,0,0.556043923,0.352268547,0.258176327,15.8804216,4.77900028,0,,,0,1
62716469,0.800000012,0,,,0,0.620512784,0.336362302,0.267445415,15.8349714,4.77900028,0,,,0,1
62717599,0.800000012,0,,,0,0.676923037,0.336362302,0.267445415,15.8576965,4.78100014,0,,,0,1
62718724,0.800000012,0,,,0,0,0.336362302,0.267445415,15.3168344,4.78100014,0,,,0,1
62719852,0.800000012,0,,,0,0,0.336362302,0.267445415,14.7259779,4.78299999,0,,,0,1
62720983,0.800000012,0,,,0,0,0.336362302,0.267445415,14.0942154,4.78299999,0,,,0,1
62722112,0.800000012,0,,,0,0,0.336362302,0.267445415,13.3988218,4.78600025,0,,,0,1
62723237,0.800000012,0,,,0,0,0.336362302,0.267445415,12.7034283,4.78600025,0,,,0,1
62724366,0.800000012,0,,,0,0,0.336362302,0.267445415,12.0080347,4.78800011,0,,,0,1
62725491,0.800000012,0,,,0,0,0.336362302,0.267445415,11.2262859,4.78800011,256,,,0,1
62726620,0.800000012,0,,,0,0,0.336362302,0.267445415,10.4445362,4.78999996,256,,,0,1
62727746,0.800000012,0,,,0,0,0.336362302,0.267445415,9.61733627,4.78999996,256,,,0,1
62728875,0.800000012,1,,,1.58754563,0,0.336362302,0.267445415,9.69914722,4.79199982,256,,,0,1
62730001,0.800000012,1,,,2.19999981,0,0.336362302,0.267445415,10.6399736,4.79199982,256,,,0,1
62731130,0.800000012,1,,,5.53626347,0,0.336362302,0.267445415,13.6260748,4.79500008,0,,,0,1
62732261,0.800000012,1,,,2.55457854,0,0.336362302,0.267445415,15.5486326,4.79500008,0,,,0,1
62733389,0.800000012,0,,,0,0.00805860758,0.336362302,0.267445415,15.3668308,4.79699993,0,,,0,1
62734514,0.800000012,0,,,0,0,0.336362302,0.267445415,14.7759733,4.79699993,0,,,0,1
62735847,0.800000012,0,,,0,0,0.336362302,0.267445415,14.5941715,4.79900026,0,,,0,1
62736973,0.800000012,0,,,0,0,0.336362302,0.267445415,14.085125,4.79900026,0,,,0,1
62738102,0.800000012,1,,,0.314285696,0,0.336362302,0.267445415,13.7578812,4.80200005,0,,,0,1
62739227,0.800000012,0,,,0,0,0.336362302,0.267445415,13.0852127,4.80200005,0,,,0,1
62740356,0.800000012,0,,,0,0,0.336362302,0.267445415,12.7352438,4.8039999,0,,,0,1
62741516,0.800000012,1,,,1.60366297,0,0.321830451,0.277404904,13.9305935,4.8039999,0,,,0,1
62742649,0.800000012,0,,,0,0,0.321830451,0.277404904,13.1352081,4.80599976,0,,,0,1
62743808,0.800000012,1,,,0.652747214,0,0.308502227,0.288134813,12.7488785,4.80599976,0,,,0,1
62744937,0.800000012,0,,,0,0,0.308502227,0.288134813,11.9762192,4.80799961,256,,,0,1
62746097,0.800000012,1,,,1.81318665,0,0.296234071,0.299728185,11.6898813,4.80799961,256,,,0,1
62747225,0.800000012,0,,,0,0,0.296234071,0.299728185,10.8626814,4.81099987,256,,,0,1
62748385,0.800000012,1,,,3.67472506,0,0.284904331,0.312293589,11.930769,4.81099987,256,,,0,1
62749513,0.800000012,0,,,0,0,0.284904331,0.312293589,11.9853096,4.81299973,256,,,0,1
62750639,0.800000012,0,,,0,0,0.284904331,0.312293589,11.2717361,4.81299973,256,,,0,1
62751767,0.800000012,0,,,0,0,0.284904331,0.312293589,10.667244,4.81500006,256,,,0,1
62752893,0.800000012,0,,,0,0,0.284904331,0.312293589,10.2036486,4.81500006,256,,,0,1
62754060,0.800000012,1,,,2.43369961,0,0.274409294,0.325958639,11.7171516,4.81799984,256,,,0,1
62755185,0.800000012,0,,,0,0,0.274409294,0.325958639,10.9354019,4.81799984,256,,,0,1
62756314,0.800000012,0,,,0,0,0.274409294,0.325958639,10.5672522,4.82000017,256,,,0,1
62757643,0.800000012,0,,,0,0,0.274409294,0.325958639,9.70369244,4.82000017,256,,,0,1
62758772,0.800000012,0,,,0,0,0.274409294,0.325958639,9.34917831,4.82200003,256,,,0,1
