t,seq,V_fc,V_batt,V_bus,V_chg,V_rgn,I_fc,I_batt,v_actual,I_charge,ag105_status,state,switch,aux,current,mdac_fc,mdac_bt,fault_flags,soc,elec_substep_hz,elec_events,cmd_v_sp,cmd_share_sp,h2_rate_gps,h2_cum_g,h2_sdp_cum_g,cmd_share_sp_raw,mppt_thresh_cnt,error_code,p_mot_w,p_fc_w,p_batt_w,p_chop_w,p_aux_w,p_bal_w
0.000000,0,,,15.9389,,,0.0598,0.0902,0.00000,0.0000,0x00,2,39,3,,6129,4967,0,0.70000,,,0.00000,0.15000,1.97944353e-05,1.97944353e-06,,,,0,,,,,,
0.100000,1,,,15.9389,,,0.0308,0.1192,0.00000,0.0000,0x00,2,39,3,,8163,4813,0,0.70000,,,0.00000,0.15000,1.01948784e-05,2.99893137e-06,,,,0,,,,,,
0.200000,2,,,15.9389,,,0.0225,0.1275,0.00000,0.0000,0x00,2,39,3,,8163,4813,0,0.70000,,,0.00000,0.15000,7.44151705e-06,3.74308308e-06,,,,0,,,,,,
0.300000,3,,,15.9389,,,0.0225,0.1275,0.00000,0.0000,0x00,2,39,3,,8163,4813,0,0.70000,,,0.00000,0.15000,7.44151705e-06,4.48723478e-06,,,,0,,,,,,
0.400000,4,,,15.9389,,,0.0225,0.1275,0.00000,0.0000,0x00,2,39,3,,8163,4813,0,0.69999,,,0.00000,0.15000,7.44151705e-06,5.23138649e-06,,,,0,,,,,,
0.500000,5,,,15.9389,,,0.0225,0.1275,0.00000,0.0000,0x00,2,39,3,,8163,4813,0,0.69999,,,0.00000,0.15000,7.44151705e-06,5.97553819e-06,,,,0,,,,,,
0.600000,6,,,15.9389,,,0.0225,0.1275,0.00000,0.0000,0x00,2,39,3,,8163,4813,0,0.69999,,,0.00000,0.15000,7.44151705e-06,6.71968989e-06,,,,0,,,,,,
0.700000,7,,,15.9389,,,0.0225,0.1275,0.00000,0.0000,0x00,2,39,3,,8163,4813,0,0.69999,,,0.00000,0.15000,7.44151705e-06,7.4638416e-06,,,,0,,,,,,
0.800000,8,,,15.9389,,,0.0225,0.1275,0.00000,0.0000,0x00,2,39,3,,8163,4813,0,0.69999,,,0.00000,0.15000,7.44151705e-06,8.2079933e-06,,,,0,,,,,,
0.900000,9,,,15.9389,,,0.0225,0.1275,0.00000,0.0000,0x00,2,39,3,,8163,4813,0,0.69999,,,0.00000,0.15000,7.44151705e-06,8.95214501e-06,,,,0,,,,,,
1.000000,10,,,15.9389,,,0.0225,0.1275,0.00000,0.0000,0x00,2,39,3,,8163,4813,0,0.69998,,,0.00000,0.15000,7.44151705e-06,9.69629671e-06,,,,0,,,,,,
1.100000,11,,,15.9389,,,0.0225,0.1275,0.00000,0.0000,0x00,2,39,3,,8163,4813,0,0.69998,,,0.00000,0.15000,7.44151705e-06,1.04404484e-05,,,,0,,,,,,
1.200000,12,,,15.9389,,,0.0225,0.1275,0.00000,0.0000,0x00,2,39,3,,8163,4813,0,0.69998,,,0.00000,0.15000,7.44151705e-06,1.11846001e-05,,,,0,,,,,,
1.300000,13,,,15.9389,,,0.0225,0.1275,0.00000,0.0000,0x00,2,39,3,,8163,4813,0,0.69998,,,0.00000,0.15000,7.44151705e-06,1.19287518e-05,,,,0,,,,,,
1.400000,14,,,15.9389,,,0.0225,0.1275,0.00000,0.0000,0x00,2,39,3,,8163,4813,0,0.69998,,,0.00000,0.15000,7.44151705e-06,1.26729035e-05,,,,0,,,,,,
1.500000,15,,,15.9389,,,0.0225,0.1275,0.00000,0.0000,0x00,2,39,3,,8163,4813,0,0.69998,,,0.00000,0.15000,7.44151705e-06,1.34170552e-05,,,,0,,,,,,
1.600000,16,,,15.9389,,,0.0225,0.1275,0.00000,0.0000,0x00,2,39,3,,8163,4813,0,0.69997,,,0.00000,0.15000,7.44151705e-06,1.41612069e-05,,,,0,,,,,,
1.700000,17,,,15.9389,,,0.0225,0.1275,0.00000,0.0000,0x00,2,39,3,,8163,4813,0,0.69997,,,0.00000,0.15000,7.44151705e-06,1.49053586e-05,,,,0,,,,,,
1.800000,18,,,15.9389,,,0.0225,0.1275,0.00000,0.0000,0x00,2,39,3,,8163,4813,0,0.69997,,,0.00000,0.15000,7.44151705e-06,1.56495104e-05,,,,0,,,,,,
1.900000,19,,,15.9389,,,0.0225,0.1275,0.00000,0.0000,0x00,2,39,3,,8163,4813,0,0.69997,,,0.00000,0.15000,7.44151705e-06,1.63936621e-05,,,,0,,,,,,
2.000000,20,,,15.9389,,,0.0225,0.1275,0.00000,0.0000,0x00,2,39,3,,8163,4813,0,0.69997,,,0.00000,0.15000,7.44151705e-06,1.71378138e-05,,,,0,,,,,,
2.100000,21,,,15.9389,,,0.0225,0.1275,0.00000,0.0000,0x00,2,39,3,,8163,4813,0,0.69997,,,0.00000,0.15000,7.44151705e-06,1.78819655e-05,,,,0,,,,,,
2.200000,22,,,15.9389,,,0.0225,0.1275,0.00000,0.0000,0x00,2,39,3,,8163,4813,0,0.69996,,,0.00000,0.15000,7.44151705e-06,1.86261172e-05,,,,0,,,,,,
2.300000,23,,,15.9389,,,0.0225,0.1275,0.00000,0.0000,0x00,2,39,3,,8163,4813,0,0.69996,,,0.00000,0.15000,7.44151705e-06,1.93702689e-05,,,,0,,,,,,
2.400000,24,,,15.9389,,,0.0225,0.1275,0.00000,0.0000,0x00,2,39,3,,8163,4813,0,0.69996,,,0.00000,0.15000,7.44151705e-06,2.01144206e-05,,,,0,,,,,,
2.500000,25,,,15.9389,,,0.0225,0.1275,0.00000,0.0000,0x00,2,39,3,,8163,4813,0,0.69996,,,0.00000,0.15000,7.44151705e-06,2.08585723e-05,,,,0,,,,,,
2.600000,26,,,15.9389,,,0.0225,0.1275,0.00000,0.0000,0x00,2,39,3,,8163,4813,0,0.69996,,,0.00000,0.15000,7.44151705e-06,2.1602724e-05,,,,0,,,,,,
2.700000,27,,,15.9389,,,0.0225,0.1275,0.00000,0.0000,0x00,2,39,3,,8163,4813,0,0.69995,,,0.00000,0.15000,7.44151705e-06,2.23468757e-05,,,,0,,,,,,
2.800000,28,,,15.9389,,,0.0225,0.1275,0.00000,0.0000,0x00,2,39,3,,8163,4813,0,0.69995,,,0.00000,0.15000,7.44151705e-06,2.30910274e-05,,,,0,,,,,,
2.900000,29,,,15.9389,,,0.0225,0.1275,0.00000,0.0000,0x00,2,39,3,,8163,4813,0,0.69995,,,0.00000,0.15000,7.44151705e-06,2.38351791e-05,,,,0,,,,,,
3.000000,30,,,15.9389,,,0.0225,0.1275,0.00000,0.0000,0x00,2,39,3,,8163,4813,0,0.69995,,,0.00000,0.15000,7.44151705e-06,2.45793308e-05,,,,0,,,,,,
3.100000,31,,,15.9389,,,0.0225,0.1275,0.00000,0.0000,0x00,2,39,3,,8163,4813,0,0.69995,,,0.00000,0.15000,7.44151705e-06,2.53234825e-05,,,,0,,,,,,
3.200000,32,,,15.9389,,,0.0225,0.1275,0.00000,0.0000,0x00,2,39,3,,8163,4813,0,0.69995,,,0.00000,0.15000,7.44151705e-06,2.60676342e-05,,,,0,,,,,,
3.300000,33,,,15.9389,,,0.0225,0.1275,0.00000,0.0000,0x00,2,39,3,,8163,4813,0,0.69994,,,0.00000,0.15000,7.44151705e-06,2.68117859e-05,,,,0,,,,,,
3.400000,34,,,15.9389,,,0.0225,0.1275,0.00000,0.0000,0x00,2,39,3,,8163,4813,0,0.69994,,,0.00000,0.15000,7.44151705e-06,2.75559376e-05,,,,0,,,,,,
3.500000,35,,,15.9389,,,0.0225,0.1275,0.00000,0.0000,0x00,2,39,3,,8163,4813,0,0.69994,,,0.00000,0.15000,7.44151705e-06,2.83000893e-05,,,,0,,,,,,
3.600000,36,,,15.9389,,,0.0225,0.1275,0.00000,0.0000,0x00,2,39,3,,8163,4813,0,0.69994,,,0.00000,0.15000,7.44151705e-06,2.9044241e-05,,,,0,,,,,,
3.700000,37,,,15.9389,,,0.0225,0.1275,0.00000,0.0000,0x00,2,39,3,,8163,4813,0,0.69994,,,0.00000,0.15000,7.44151705e-06,2.97883927e-05,,,,0,,,,,,
3.800000,38,,,15.9389,,,0.0225,0.1275,0.00000,0.0000,0x00,2,39,3,,8163,4813,0,0.69994,,,0.00000,0.15000,7.44151705e-06,3.05325444e-05,,,,0,,,,,,
3.900000,39,,,15.9389,,,0.0225,0.1275,0.00000,0.0000,0x00,2,39,3,,8163,4813,0,0.69993,,,0.00000,0.15000,7.44151705e-06,3.12766962e-05,,,,0,,,,,,
4.000000,40,,,15.9389,,,0.0225,0.1275,0.00000,0.0000,0x00,2,39,3,,8163,4813,0,0.69993,,,0.00000,0.15000,7.44151705e-06,3.20208479e-05,,,,0,,,,,,
4.100000,41,,,15.9389,,,0.0225,0.1275,0.00000,0.0000,0x00,2,39,3,,8163,4813,0,0.69993,,,0.00000,0.15000,7.44151705e-06,3.27649996e-05,,,,0,,,,,,
4.200000,42,,,15.9389,,,0.0225,0.1275,0.00000,0.0000,0x00,2,39,3,,8163,4813,0,0.69993,,,0.00000,0.15000,7.44151705e-06,3.35091513e-05,,,,0,,,,,,
4.300000,43,,,15.9389,,,0.0225,0.1275,0.00000,0.0000,0x00,2,39,3,,8163,4813,0,0.69993,,,0.00000,0.15000,7.44151705e-06,3.4253303e-05,,,,0,,,,,,
4.400000,44,,,15.9389,,,0.0225,0.1275,0.00000,0.0000,0x00,2,39,3,,8163,4813,0,0.69993,,,0.00000,0.15000,7.44151705e-06,3.49974547e-05,,,,0,,,,,,
4.500000,45,,,15.9389,,,0.0225,0.1275,0.00000,0.0000,0x00,2,39,3,,8163,4813,0,0.69992,,,0.00000,0.15000,7.44151705e-06,3.57416064e-05,,,,0,,,,,,
4.600000,46,,,15.9389,,,0.0225,0.1275,0.00000,0.0000,0x00,2,39,3,,8163,4813,0,0.69992,,,0.00000,0.15000,7.44151705e-06,3.64857581e-05,,,,0,,,,,,
4.700000,47,,,15.9389,,,0.0225,0.1275,0.00000,0.0000,0x00,2,39,3,,8163,4813,0,0.69992,,,0.00000,0.15000,7.44151705e-06,3.72299098e-05,,,,0,,,,,,
4.800000,48,,,15.9389,,,0.0225,0.1275,0.00000,0.0000,0x00,2,39,3,,8163,4813,0,0.69992,,,0.00000,0.15000,7.44151705e-06,3.79740615e-05,,,,0,,,,,,
4.900000,49,,,15.9389,,,0.0225,0.1275,0.00000,0.0000,0x00,2,39,3,,8163,4813,0,0.69992,,,0.00000,0.15000,7.44151705e-06,3.87182132e-05,,,,0,,,,,,
5.000000,50,,,15.9389,,,0.0225,0.1275,0.00000,0.0000,0x00,2,39,3,,8163,4813,0,0.69992,,,0.00000,0.15000,7.44151705e-06,3.94623649e-05,,,,0,,,,,,
5.100000,51,,,15.9389,,,0.0225,0.1275,0.00000,0.0000,0x00,2,39,3,,8163,4813,0,0.69991,,,0.00000,0.15000,7.44151705e-06,4.02065166e-05,,,,0,,,,,,
5.200000,52,,,15.9389,,,0.0225,0.1275,0.00000,0.0000,0x00,2,39,3,,8163,4813,0,0.69991,,,0.00000,0.15000,7.44151705e-06,4.09506683e-05,,,,0,,,,,,
5.300000,53,,,15.9389,,,0.0225,0.1275,0.00000,0.0000,0x00,2,39,3,,8163,4813,0,0.69991,,,0.00000,0.15000,7.44151705e-06,4.169482e-05,,,,0,,,,,,
5.400000,54,,,15.9389,,,0.0225,0.1275,0.00000,0.0000,0x00,2,39,3,,8163,4813,0,0.69991,,,0.00000,0.15000,7.44151705e-06,4.24389717e-05,,,,0,,,,,,
5.500000,55,,,15.9389,,,0.0225,0.1275,0.00000,0.0000,0x00,2,39,3,,8163,4813,0,0.69991,,,0.00000,0.15000,7.44151705e-06,4.31831234e-05,,,,0,,,,,,
5.600000,56,,,15.9389,,,0.0225,0.1275,0.00000,0.0000,0x00,2,39,3,,8163,4813,0,0.69991,,,0.00000,0.15000,7.44151705e-06,4.39272751e-05,,,,0,,,,,,
5.700000,57,,,15.9389,,,0.0225,0.1275,0.00000,0.0000,0x00,2,39,3,,8163,4813,0,0.69990,,,0.00000,0.15000,7.44151705e-06,4.46714268e-05,,,,0,,,,,,
5.800000,58,,,15.9389,,,0.0225,0.1275,0.00000,0.0000,0x00,2,39,3,,8163,4813,0,0.69990,,,0.00000,0.15000,7.44151705e-06,4.54155785e-05,,,,0,,,,,,
5.900000,59,,,15.9389,,,0.0225,0.1275,0.00000,0.0000,0x00,2,39,3,,8163,4813,0,0.69990,,,0.00000,0.15000,7.44151705e-06,4.61597303e-05,,,,0,,,,,,
6.000000,60,,,15.9389,,,0.0225,0.1275,0.00000,0.0000,0x00,2,39,3,,8163,4813,0,0.69990,,,0.00000,0.15000,7.44151705e-06,4.6903882e-05,,,,0,,,,,,
6.100000,61,,,15.9389,,,0.0225,0.1275,0.00000,0.0000,0x00,2,39,3,,8163,4813,0,0.69990,,,0.00000,0.15000,7.44151705e-06,4.76480337e-05,,,,0,,,,,,
6.200000,62,,,15.9389,,,0.0225,0.1275,0.00000,0.0000,0x00,2,39,3,,8163,4813,0,0.69990,,,0.00000,0.15000,7.44151705e-06,4.83921854e-05,,,,0,,,,,,
6.300000,63,,,15.9389,,,0.0225,0.1275,0.00000,0.0000,0x00,2,39,3,,8163,4813,0,0.69989,,,0.00000,0.15000,7.44151705e-06,4.91363371e-05,,,,0,,,,,,
6.400000,64,,,15.9389,,,0.0225,0.1275,0.00000,0.0000,0x00,2,39,3,,8163,4813,0,0.69989,,,0.00000,0.15000,7.44151705e-06,4.98804888e-05,,,,0,,,,,,
6.500000,65,,,15.9389,,,0.0225,0.1275,0.00000,0.0000,0x00,2,39,3,,8163,4813,0,0.69989,,,0.00000,0.15000,7.44151705e-06,5.06246405e-05,,,,0,,,,,,
6.600000,66,,,15.9389,,,0.0225,0.1275,0.00000,0.0000,0x00,2,39,3,,8163,4813,0,0.69989,,,0.00000,0.15000,7.44151705e-06,5.13687922e-05,,,,0,,,,,,
6.700000,67,,,15.9389,,,0.0225,0.1275,0.00000,0.0000,0x00,2,39,3,,8163,4813,0,0.69989,,,0.00000,0.15000,7.44151705e-06,5.21129439e-05,,,,0,,,,,,
6.800000,68,,,15.9389,,,0.0225,0.1275,0.00000,0.0000,0x00,2,39,3,,8163,4813,0,0.69989,,,0.00000,0.15000,7.44151705e-06,5.28570956e-05,,,,0,,,,,,
6.900000,69,,,15.9389,,,0.0225,0.1275,0.00000,0.0000,0x00,2,39,3,,8163,4813,0,0.69988,,,0.00000,0.15000,7.44151705e-06,5.36012473e-05,,,,0,,,,,,
7.000000,70,,,15.9389,,,0.0225,0.1275,0.00000,0.0000,0x00,2,39,3,,8163,4813,0,0.69988,,,0.00000,0.15000,7.44151705e-06,5.4345399e-05,,,,0,,,,,,
7.100000,71,,,15.9389,,,0.0225,0.1275,0.00000,0.0000,0x00,2,39,3,,8163,4813,0,0.69988,,,0.00000,0.15000,7.44151705e-06,5.50895507e-05,,,,0,,,,,,
7.200000,72,,,15.9389,,,0.0225,0.1275,0.00000,0.0000,0x00,2,39,3,,8163,4813,0,0.69988,,,0.00000,0.15000,7.44151705e-06,5.58337024e-05,,,,0,,,,,,
7.300000,73,,,15.9389,,,0.0225,0.1275,0.00000,0.0000,0x00,2,39,3,,8163,4813,0,0.69988,,,0.00000,0.15000,7.44151705e-06,5.65778541e-05,,,,0,,,,,,
7.400000,74,,,15.9389,,,0.0225,0.1275,0.00000,0.0000,0x00,2,39,3,,8163,4813,0,0.69988,,,0.00000,0.15000,7.44151705e-06,5.73220058e-05,,,,0,,,,,,
7.500000,75,,,15.9389,,,0.0225,0.1275,0.00000,0.0000,0x00,2,39,3,,8163,4813,0,0.69987,,,0.00000,0.15000,7.44151705e-06,5.80661575e-05,,,,0,,,,,,
7.600000,76,,,15.9389,,,0.0225,0.1275,0.00000,0.0000,0x00,2,39,3,,8163,4813,0,0.69987,,,0.00000,0.15000,7.44151705e-06,5.88103092e-05,,,,0,,,,,,
7.700000,77,,,15.9389,,,0.0225,0.1275,0.00000,0.0000,0x00,2,39,3,,8163,4813,0,0.69987,,,0.00000,0.15000,7.44151705e-06,5.95544609e-05,,,,0,,,,,,
7.800000,78,,,15.9389,,,0.0225,0.1275,0.00000,0.0000,0x00,2,39,3,,8163,4813,0,0.69987,,,0.00000,0.15000,7.44151705e-06,6.02986126e-05,,,,0,,,,,,
7.900000,79,,,15.9389,,,0.0225,0.1275,0.00000,0.0000,0x00,2,39,3,,8163,4813,0,0.69987,,,0.00000,0.15000,7.44151705e-06,6.10427643e-05,,,,0,,,,,,
8.000000,80,,,15.9389,,,0.0225,0.1275,0.00000,0.0000,0x00,2,39,3,,8163,4813,0,0.69986,,,0.00000,0.15000,7.44151705e-06,6.17869161e-05,,,,0,,,,,,
8.100000,81,,,15.9389,,,0.0225,0.1275,0.00000,0.0000,0x00,2,39,3,,8163,4813,0,0.69986,,,0.00000,0.15000,7.44151705e-06,6.25310678e-05,,,,0,,,,,,
8.200000,82,,,15.9389,,,0.0225,0.1275,0.00000,0.0000,0x00,2,39,3,,8163,4813,0,0.69986,,,0.00000,0.15000,7.44151705e-06,6.32752195e-05,,,,0,,,,,,
8.300000,83,,,15.9389,,,0.0225,0.1275,0.00000,0.0000,0x00,2,39,3,,8163,4813,0,0.69986,,,0.00000,0.15000,7.44151705e-06,6.40193712e-05,,,,0,,,,,,
8.400000,84,,,15.9389,,,0.0225,0.1275,0.00000,0.0000,0x00,2,39,3,,8163,4813,0,0.69986,,,0.00000,0.15000,7.44151705e-06,6.47635229e-05,,,,0,,,,,,
8.500000,85,,,15.9389,,,0.0225,0.1275,0.00000,0.0000,0x00,2,39,3,,8163,4813,0,0.69986,,,0.00000,0.15000,7.44151705e-06,6.55076746e-05,,,,0,,,,,,
8.600000,86,,,15.9389,,,0.0225,0.1275,0.00000,0.0000,0x00,2,39,3,,8163,4813,0,0.69985,,,0.00000,0.15000,7.44151705e-06,6.62518263e-05,,,,0,,,,,,
8.700000,87,,,15.9389,,,0.0225,0.1275,0.00000,0.0000,0x00,2,39,3,,8163,4813,0,0.69985,,,0.00000,0.15000,7.44151705e-06,6.6995978e-05,,,,0,,,,,,
8.800000,88,,,15.9389,,,0.0225,0.1275,0.00000,0.0000,0x00,2,39,3,,8163,4813,0,0.69985,,,0.00000,0.15000,7.44151705e-06,6.77401297e-05,,,,0,,,,,,
8.900000,89,,,15.9389,,,0.0225,0.1275,0.00000,0.0000,0x00,2,39,3,,8163,4813,0,0.69985,,,0.00000,0.15000,7.44151705e-06,6.84842814e-05,,,,0,,,,,,
9.000000,90,,,15.9389,,,0.0225,0.1275,0.00000,0.0000,0x00,2,39,3,,8163,4813,0,0.69985,,,0.00000,0.15000,7.44151705e-06,6.92284331e-05,,,,0,,,,,,
9.100000,91,,,15.9389,,,0.0225,0.1275,0.00000,0.0000,0x00,2,39,3,,8163,4813,0,0.69985,,,0.00000,0.15000,7.44151705e-06,6.99725848e-05,,,,0,,,,,,
9.200000,92,,,15.9389,,,0.0225,0.1275,0.00000,0.0000,0x00,2,39,3,,8163,4813,0,0.69984,,,0.00000,0.15000,7.44151705e-06,7.07167365e-05,,,,0,,,,,,
9.300000,93,,,15.9389,,,0.0225,0.1275,0.00000,0.0000,0x00,2,39,3,,8163,4813,0,0.69984,,,0.00000,0.15000,7.44151705e-06,7.14608882e-05,,,,0,,,,,,
9.400000,94,,,15.9389,,,0.0225,0.1275,0.00000,0.0000,0x00,2,39,3,,8163,4813,0,0.69984,,,0.00000,0.15000,7.44151705e-06,7.22050399e-05,,,,0,,,,,,
9.500000,95,,,15.9389,,,0.0225,0.1275,0.00000,0.0000,0x00,2,39,3,,8163,4813,0,0.69984,,,0.00000,0.15000,7.44151705e-06,7.29491916e-05,,,,0,,,,,,
9.600000,96,,,15.9389,,,0.0225,0.1275,0.00000,0.0000,0x00,2,39,3,,8163,4813,0,0.69984,,,0.00000,0.15000,7.44151705e-06,7.36933433e-05,,,,0,,,,,,
9.700000,97,,,15.9389,,,0.0225,0.1275,0.00000,0.0000,0x00,2,39,3,,8163,4813,0,0.69984,,,0.00000,0.15000,7.44151705e-06,7.4437495e-05,,,,0,,,,,,
9.800000,98,,,15.9389,,,0.0225,0.1275,0.00000,0.0000,0x00,2,39,3,,8163,4813,0,0.69983,,,0.00000,0.15000,7.44151705e-06,7.51816467e-05,,,,0,,,,,,
9.900000,99,,,15.9389,,,0.0225,0.1275,0.00000,0.0000,0x00,2,39,3,,8163,4813,0,0.69983,,,0.00000,0.15000,7.44151705e-06,7.59257984e-05,,,,0,,,,,,
10.000000,100,,,15.9389,,,0.0225,0.1275,0.00000,0.0000,0x00,2,39,3,,8163,4813,0,0.69983,,,0.00000,0.15000,7.44151705e-06,7.66699501e-05,,,,0,,,,,,
10.100000,101,,,15.9389,,,0.0225,0.1275,0.00000,0.0000,0x00,2,39,3,,8163,4813,0,0.69983,,,0.00000,0.15000,7.44151705e-06,7.74141019e-05,,,,0,,,,,,
10.200000,102,,,15.9389,,,0.0225,0.1275,0.00000,0.0000,0x00,2,39,3,,8163,4813,0,0.69983,,,0.00000,0.15000,7.44151705e-06,7.81582536e-05,,,,0,,,,,,
10.300000,103,,,15.9389,,,0.0225,0.1275,0.00000,0.0000,0x00,2,39,3,,8163,4813,0,0.69983,,,0.00000,0.15000,7.44151705e-06,7.89024053e-05,,,,0,,,,,,
10.400000,104,,,15.9389,,,0.0225,0.1275,0.00000,0.0000,0x00,2,39,3,,8163,4813,0,0.69982,,,0.00000,0.15000,7.44151705e-06,7.9646557e-05,,,,0,,,,,,
10.500000,105,,,15.9389,,,0.0225,0.1275,0.00000,0.0000,0x00,2,39,3,,8163,4813,0,0.69982,,,0.00000,0.15000,7.44151705e-06,8.03907087e-05,,,,0,,,,,,
10.600000,106,,,15.9389,,,0.0225,0.1275,0.00000,0.0000,0x00,2,39,3,,8163,4813,0,0.69982,,,0.00000,0.15000,7.44151705e-06,8.11348604e-05,,,,0,,,,,,
10.700000,107,,,15.9389,,,0.0225,0.1275,0.00000,0.0000,0x00,2,39,3,,8163,4813,0,0.69982,,,0.00000,0.15000,7.44151705e-06,8.18790121e-05,,,,0,,,,,,
10.800000,108,,,15.9389,,,0.0225,0.1275,0.00000,0.0000,0x00,2,39,3,,8163,4813,0,0.69982,,,0.00000,0.15000,7.44151705e-06,8.26231638e-05,,,,0,,,,,,
10.900000,109,,,15.9389,,,0.0225,0.1275,0.00000,0.0000,0x00,2,39,3,,8163,4813,0,0.69982,,,0.00000,0.15000,7.44151705e-06,8.33673155e-05,,,,0,,,,,,
11.000000,110,,,15.9389,,,0.0225,0.1275,0.00000,0.0000,0x00,2,39,3,,8163,4813,0,0.69981,,,0.00000,0.15000,7.44151705e-06,8.41114672e-05,,,,0,,,,,,
11.100000,111,,,15.9389,,,0.0225,0.1275,0.00000,0.0000,0x00,2,39,3,,8163,4813,0,0.69981,,,0.00000,0.15000,7.44151705e-06,8.48556189e-05,,,,0,,,,,,
11.200000,112,,,15.9389,,,0.0225,0.1275,0.00000,0.0000,0x00,2,39,3,,8163,4813,0,0.69981,,,0.00000,0.15000,7.44151705e-06,8.55997706e-05,,,,0,,,,,,
11.300000,113,,,15.9389,,,0.0225,0.1275,0.00000,0.0000,0x00,2,39,3,,8163,4813,0,0.69981,,,0.00000,0.15000,7.44151705e-06,8.63439223e-05,,,,0,,,,,,
11.400000,114,,,15.9389,,,0.0225,0.1275,0.00000,0.0000,0x00,2,39,3,,8163,4813,0,0.69981,,,0.00000,0.15000,7.44151705e-06,8.7088074e-05,,,,0,,,,,,
11.500000,115,,,15.9389,,,0.0225,0.1275,0.00000,0.0000,0x00,2,39,3,,8163,4813,0,0.69981,,,0.00000,0.15000,7.44151705e-06,8.78322257e-05,,,,0,,,,,,
11.600000,116,,,15.9389,,,0.0225,0.1275,0.00000,0.0000,0x00,2,39,3,,8163,4813,0,0.69980,,,0.00000,0.15000,7.44151705e-06,8.85763774e-05,,,,0,,,,,,
11.700000,117,,,15.9389,,,0.0225,0.1275,0.00000,0.0000,0x00,2,39,3,,8163,4813,0,0.69980,,,0.00000,0.15000,7.44151705e-06,8.93205291e-05,,,,0,,,,,,
11.800000,118,,,15.9389,,,0.0225,0.1275,0.00000,0.0000,0x00,2,39,3,,8163,4813,0,0.69980,,,0.00000,0.15000,7.44151705e-06,9.00646808e-05,,,,0,,,,,,
11.900000,119,,,15.9389,,,0.0225,0.1275,0.00000,0.0000,0x00,2,39,3,,8163,4813,0,0.69980,,,0.00000,0.15000,7.44151705e-06,9.08088325e-05,,,,0,,,,,,
12.000000,120,,,15.9389,,,0.0225,0.1275,0.00000,0.0000,0x00,2,39,3,,8163,4813,0,0.69980,,,0.00000,0.15000,7.44151705e-06,9.15529842e-05,,,,0,,,,,,
12.100000,121,,,15.9389,,,0.0225,0.1275,0.00000,0.0000,0x00,2,39,3,,8163,4813,0,0.69980,,,0.00000,0.15000,7.44151705e-06,9.2297136e-05,,,,0,,,,,,
12.200000,122,,,15.9389,,,0.0225,0.1275,0.00000,0.0000,0x00,2,39,3,,8163,4813,0,0.69979,,,0.00000,0.15000,7.44151705e-06,9.30412877e-05,,,,0,,,,,,
12.300000,123,,,15.9389,,,0.0225,0.1275,0.00000,0.0000,0x00,2,39,3,,8163,4813,0,0.69979,,,0.00000,0.15000,7.44151705e-06,9.37854394e-05,,,,0,,,,,,
12.400000,124,,,15.9389,,,0.0225,0.1275,0.00000,0.0000,0x00,2,39,3,,8163,4813,0,0.69979,,,0.00000,0.15000,7.44151705e-06,9.45295911e-05,,,,0,,,,,,
12.500000,125,,,15.9389,,,0.0225,0.1275,0.00000,0.0000,0x00,2,39,3,,8163,4813,0,0.69979,,,0.00000,0.15000,7.44151705e-06,9.52737428e-05,,,,0,,,,,,
12.600000,126,,,15.9389,,,0.0225,0.1275,0.00000,0.0000,0x00,2,39,3,,8163,4813,0,0.69979,,,0.00000,0.15000,7.44151705e-06,9.60178945e-05,,,,0,,,,,,
12.700000,127,,,15.9389,,,0.0225,0.1275,0.00000,0.0000,0x00,2,39,3,,8163,4813,0,0.69979,,,0.00000,0.15000,7.44151705e-06,9.67620462e-05,,,,0,,,,,,
12.800000,128,,,15.9389,,,0.0225,0.1275,0.00000,0.0000,0x00,2,39,3,,8163,4813,0,0.69978,,,0.00000,0.15000,7.44151705e-06,9.75061979e-05,,,,0,,,,,,
12.900000,129,,,15.9389,,,0.0225,0.1275,0.00000,0.0000,0x00,2,39,3,,8163,4813,0,0.69978,,,0.00000,0.15000,7.44151705e-06,9.82503496e-05,,,,0,,,,,,
13.000000,130,,,15.9389,,,0.0225,0.1275,0.00000,0.0000,0x00,2,39,3,,8163,4813,0,0.69978,,,0.00000,0.15000,7.44151705e-06,9.89945013e-05,,,,0,,,,,,
13.100000,131,,,15.9389,,,0.0225,0.1275,0.00000,0.0000,0x00,2,39,3,,8163,4813,0,0.69978,,,0.00000,0.15000,7.44151705e-06,9.9738653e-05,,,,0,,,,,,
13.200000,132,,,15.9389,,,0.0225,0.1275,0.00000,0.0000,0x00,2,39,3,,8163,4813,0,0.69978,,,0.00000,0.15000,7.44151705e-06,0.000100482805,,,,0,,,,,,
13.300000,133,,,15.9389,,,0.0225,0.1275,0.00000,0.0000,0x00,2,39,3,,8163,4813,0,0.69978,,,0.00000,0.15000,7.44151705e-06,0.000101226956,,,,0,,,,,,
13.400000,134,,,15.9389,,,0.0225,0.1275,0.00000,0.0000,0x00,2,39,3,,8163,4813,0,0.69977,,,0.00000,0.15000,7.44151705e-06,0.000101971108,,,,0,,,,,,
13.500000,135,,,15.9389,,,0.0225,0.1275,0.00000,0.0000,0x00,2,39,3,,8163,4813,0,0.69977,,,0.00000,0.15000,7.44151705e-06,0.00010271526,,,,0,,,,,,
13.600000,136,,,15.9389,,,0.0225,0.1275,0.00000,0.0000,0x00,2,39,3,,8163,4813,0,0.69977,,,0.00000,0.15000,7.44151705e-06,0.000103459412,,,,0,,,,,,
13.700000,137,,,15.9389,,,0.0225,0.1275,0.00000,0.0000,0x00,2,39,3,,8163,4813,0,0.69977,,,0.00000,0.15000,7.44151705e-06,0.000104203563,,,,0,,,,,,
13.800000,138,,,15.9389,,,0.0225,0.1275,0.00000,0.0000,0x00,2,39,3,,8163,4813,0,0.69977,,,0.00000,0.15000,7.44151705e-06,0.000104947715,,,,0,,,,,,
13.900000,139,,,15.9389,,,0.0225,0.1275,0.00000,0.0000,0x00,2,39,3,,8163,4813,0,0.69976,,,0.00000,0.15000,7.44151705e-06,0.000105691867,,,,0,,,,,,
14.000000,140,,,15.9389,,,0.0225,0.1275,0.00000,0.0000,0x00,2,39,3,,8163,4813,0,0.69976,,,0.00000,0.15000,7.44151705e-06,0.000106436018,,,,0,,,,,,
14.100000,141,,,15.9389,,,0.0225,0.1275,0.00000,0.0000,0x00,2,39,3,,8163,4813,0,0.69976,,,0.00000,0.15000,7.44151705e-06,0.00010718017,,,,0,,,,,,
14.200000,142,,,15.9389,,,0.0225,0.1275,0.00000,0.0000,0x00,2,39,3,,8163,4813,0,0.69976,,,0.00000,0.15000,7.44151705e-06,0.000107924322,,,,0,,,,,,
14.300000,143,,,15.9389,,,0.0225,0.1275,0.00000,0.0000,0x00,2,39,3,,8163,4813,0,0.69976,,,0.00000,0.15000,7.44151705e-06,0.000108668473,,,,0,,,,,,
14.400000,144,,,15.9389,,,0.0225,0.1275,0.00000,0.0000,0x00,2,39,3,,8163,4813,0,0.69976,,,0.00000,0.15000,7.44151705e-06,0.000109412625,,,,0,,,,,,
14.500000,145,,,15.9389,,,0.0225,0.1275,0.00000,0.0000,0x00,2,39,3,,8163,4813,0,0.69975,,,0.00000,0.15000,7.44151705e-06,0.000110156777,,,,0,,,,,,
14.600000,146,,,15.9389,,,0.0225,0.1275,0.00000,0.0000,0x00,2,39,3,,8163,4813,0,0.69975,,,0.00000,0.15000,7.44151705e-06,0.000110900929,,,,0,,,,,,
14.700000,147,,,15.9389,,,0.0225,0.1275,0.00000,0.0000,0x00,2,39,3,,8163,4813,0,0.69975,,,0.00000,0.15000,7.44151705e-06,0.00011164508,,,,0,,,,,,
14.800000,148,,,15.9389,,,0.0225,0.1275,0.00000,0.0000,0x00,2,39,3,,8163,4813,0,0.69975,,,0.00000,0.15000,7.44151705e-06,0.000112389232,,,,0,,,,,,
14.900000,149,,,15.9389,,,0.0225,0.1275,0.00000,0.0000,0x00,2,39,3,,8163,4813,0,0.69975,,,0.00000,0.15000,7.44151705e-06,0.000113133384,,,,0,,,,,,
15.000000,150,,,15.9389,,,0.0225,0.1275,0.00000,0.0000,0x00,2,39,3,,8163,4813,0,0.69975,,,0.00000,0.15000,7.44151705e-06,0.000113877535,,,,0,,,,,,
15.100000,151,,,15.9389,,,0.0225,0.1275,0.00000,0.0000,0x00,2,39,3,,8163,4813,0,0.69974,,,0.00000,0.15000,7.44151705e-06,0.000114621687,,,,0,,,,,,
15.200000,152,,,15.9389,,,0.0225,0.1275,0.00000,0.0000,0x00,2,39,3,,8163,4813,0,0.69974,,,0.00000,0.15000,7.44151705e-06,0.000115365839,,,,0,,,,,,
15.300000,153,,,15.9389,,,0.0225,0.1275,0.00000,0.0000,0x00,2,39,3,,8163,4813,0,0.69974,,,0.00000,0.15000,7.44151705e-06,0.000116109991,,,,0,,,,,,
15.400000,154,,,15.9389,,,0.0225,0.1275,0.00000,0.0000,0x00,2,39,3,,8163,4813,0,0.69974,,,0.00000,0.15000,7.44151705e-06,0.000116854142,,,,0,,,,,,
15.500000,155,,,15.9389,,,0.0225,0.1275,0.00000,0.0000,0x00,2,39,3,,8163,4813,0,0.69974,,,0.00000,0.15000,7.44151705e-06,0.000117598294,,,,0,,,,,,
15.600000,156,,,15.9389,,,0.0225,0.1275,0.00000,0.0000,0x00,2,39,3,,8163,4813,0,0.69974,,,0.00000,0.15000,7.44151705e-06,0.000118342446,,,,0,,,,,,
15.700000,157,,,15.9389,,,0.0225,0.1275,0.00000,0.0000,0x00,2,39,3,,8163,4813,0,0.69973,,,0.00000,0.15000,7.44151705e-06,0.000119086597,,,,0,,,,,,
15.800000,158,,,15.9389,,,0.0225,0.1275,0.00000,0.0000,0x00,2,39,3,,8163,4813,0,0.69973,,,0.00000,0.15000,7.44151705e-06,0.000119830749,,,,0,,,,,,
15.900000,159,,,15.9389,,,0.0225,0.1275,0.00000,0.0000,0x00,2,39,3,,8163,4813,0,0.69973,,,0.00000,0.15000,7.44151705e-06,0.000120574901,,,,0,,,,,,
16.000000,160,,,15.9389,,,0.0225,0.1275,0.00000,0.0000,0x00,2,39,3,,8163,4813,0,0.69973,,,0.00000,0.15000,7.44151705e-06,0.000121319052,,,,0,,,,,,
16.100000,161,,,15.9389,,,0.0225,0.1275,0.00000,0.0000,0x00,2,39,3,,8163,4813,0,0.69973,,,0.00000,0.15000,7.44151705e-06,0.000122063204,,,,0,,,,,,
16.200000,162,,,15.9389,,,0.0225,0.1275,0.00000,0.0000,0x00,2,39,3,,8163,4813,0,0.69973,,,0.00000,0.15000,7.44151705e-06,0.000122807356,,,,0,,,,,,
16.300000,163,,,15.9389,,,0.0225,0.1275,0.00000,0.0000,0x00,2,39,3,,8163,4813,0,0.69972,,,0.00000,0.15000,7.44151705e-06,0.000123551508,,,,0,,,,,,
16.400000,164,,,15.9389,,,0.0225,0.1275,0.00000,0.0000,0x00,2,39,3,,8163,4813,0,0.69972,,,0.00000,0.15000,7.44151705e-06,0.000124295659,,,,0,,,,,,
16.500000,165,,,15.9389,,,0.0225,0.1275,0.00000,0.0000,0x00,2,39,3,,8163,4813,0,0.69972,,,0.00000,0.15000,7.44151705e-06,0.000125039811,,,,0,,,,,,
16.600000,166,,,15.9389,,,0.0225,0.1275,0.00000,0.0000,0x00,2,39,3,,8163,4813,0,0.69972,,,0.00000,0.15000,7.44151705e-06,0.000125783963,,,,0,,,,,,
16.700000,167,,,15.9389,,,0.0225,0.1275,0.00000,0.0000,0x00,2,39,3,,8163,4813,0,0.69972,,,0.00000,0.15000,7.44151705e-06,0.000126528114,,,,0,,,,,,
16.800000,168,,,15.9389,,,0.0225,0.1275,0.00000,0.0000,0x00,2,39,3,,8163,4813,0,0.69972,,,0.00000,0.15000,7.44151705e-06,0.000127272266,,,,0,,,,,,
16.900000,169,,,15.9389,,,0.0225,0.1275,0.00000,0.0000,0x00,2,39,3,,8163,4813,0,0.69971,,,0.00000,0.15000,7.44151705e-06,0.000128016418,,,,0,,,,,,
17.000000,170,,,15.9389,,,0.0225,0.1275,0.00000,0.0000,0x00,2,39,3,,8163,4813,0,0.69971,,,0.00000,0.15000,7.44151705e-06,0.000128760569,,,,0,,,,,,
17.100000,171,,,15.9389,,,0.0225,0.1275,0.00000,0.0000,0x00,2,39,3,,8163,4813,0,0.69971,,,0.00000,0.15000,7.44151705e-06,0.000129504721,,,,0,,,,,,
17.200000,172,,,15.9389,,,0.0225,0.1275,0.00000,0.0000,0x00,2,39,3,,8163,4813,0,0.69971,,,0.00000,0.15000,7.44151705e-06,0.000130248873,,,,0,,,,,,
17.300000,173,,,15.9389,,,0.0225,0.1275,0.00000,0.0000,0x00,2,39,3,,8163,4813,0,0.69971,,,0.00000,0.15000,7.44151705e-06,0.000130993025,,,,0,,,,,,
17.400000,174,,,15.9389,,,0.0225,0.1275,0.00000,0.0000,0x00,2,39,3,,8163,4813,0,0.69971,,,0.00000,0.15000,7.44151705e-06,0.000131737176,,,,0,,,,,,
17.500000,175,,,15.9389,,,0.0225,0.1275,0.00000,0.0000,0x00,2,39,3,,8163,4813,0,0.69970,,,0.00000,0.15000,7.44151705e-06,0.000132481328,,,,0,,,,,,
17.600000,176,,,15.9389,,,0.0225,0.1275,0.00000,0.0000,0x00,2,39,3,,8163,4813,0,0.69970,,,0.00000,0.15000,7.44151705e-06,0.00013322548,,,,0,,,,,,
17.700000,177,,,15.9389,,,0.0225,0.1275,0.00000,0.0000,0x00,2,39,3,,8163,4813,0,0.69970,,,0.00000,0.15000,7.44151705e-06,0.000133969631,,,,0,,,,,,
17.800000,178,,,15.9389,,,0.0225,0.1275,0.00000,0.0000,0x00,2,39,3,,8163,4813,0,0.69970,,,0.00000,0.15000,7.44151705e-06,0.000134713783,,,,0,,,,,,
17.900000,179,,,15.9389,,,0.0225,0.1275,0.00000,0.0000,0x00,2,39,3,,8163,4813,0,0.69970,,,0.00000,0.15000,7.44151705e-06,0.000135457935,,,,0,,,,,,
18.000000,180,,,15.9389,,,0.0225,0.1275,0.00000,0.0000,0x00,2,39,3,,8163,4813,0,0.69970,,,0.00000,0.15000,7.44151705e-06,0.000136202087,,,,0,,,,,,
18.100000,181,,,15.9389,,,0.0225,0.1275,0.00000,0.0000,0x00,2,39,3,,8163,4813,0,0.69969,,,0.00000,0.15000,7.44151705e-06,0.000136946238,,,,0,,,,,,
18.200000,182,,,15.9389,,,0.0225,0.1275,0.00000,0.0000,0x00,2,39,3,,8163,4813,0,0.69969,,,0.00000,0.15000,7.44151705e-06,0.00013769039,,,,0,,,,,,
18.300000,183,,,15.9389,,,0.0225,0.1275,0.00000,0.0000,0x00,2,39,3,,8163,4813,0,0.69969,,,0.00000,0.15000,7.44151705e-06,0.000138434542,,,,0,,,,,,
18.400000,184,,,15.9389,,,0.0225,0.1275,0.00000,0.0000,0x00,2,39,3,,8163,4813,0,0.69969,,,0.00000,0.15000,7.44151705e-06,0.000139178693,,,,0,,,,,,
18.500000,185,,,15.9389,,,0.0225,0.1275,0.00000,0.0000,0x00,2,39,3,,8163,4813,0,0.69969,,,0.00000,0.15000,7.44151705e-06,0.000139922845,,,,0,,,,,,
18.600000,186,,,15.9389,,,0.0225,0.1275,0.00000,0.0000,0x00,2,39,3,,8163,4813,0,0.69969,,,0.00000,0.15000,7.44151705e-06,0.000140666997,,,,0,,,,,,
18.700000,187,,,15.9389,,,0.0225,0.1275,0.00000,0.0000,0x00,2,39,3,,8163,4813,0,0.69968,,,0.00000,0.15000,7.44151705e-06,0.000141411148,,,,0,,,,,,
18.800000,188,,,15.9389,,,0.0225,0.1275,0.00000,0.0000,0x00,2,39,3,,8163,4813,0,0.69968,,,0.00000,0.15000,7.44151705e-06,0.0001421553,,,,0,,,,,,
18.900000,189,,,15.9389,,,0.0225,0.1275,0.00000,0.0000,0x00,2,39,3,,8163,4813,0,0.69968,,,0.00000,0.15000,7.44151705e-06,0.000142899452,,,,0,,,,,,
19.000000,190,,,15.9389,,,0.0225,0.1275,0.00000,0.0000,0x00,2,39,3,,8163,4813,0,0.69968,,,0.00000,0.15000,7.44151705e-06,0.000143643604,,,,0,,,,,,
19.100000,191,,,15.9389,,,0.0225,0.1275,0.00000,0.0000,0x00,2,39,3,,8163,4813,0,0.69968,,,0.00000,0.15000,7.44151705e-06,0.000144387755,,,,0,,,,,,
19.200000,192,,,15.9389,,,0.0225,0.1275,0.00000,0.0000,0x00,2,39,3,,8163,4813,0,0.69968,,,0.00000,0.15000,7.44151705e-06,0.000145131907,,,,0,,,,,,
19.300000,193,,,15.9389,,,0.0225,0.1275,0.00000,0.0000,0x00,2,39,3,,8163,4813,0,0.69967,,,0.00000,0.15000,7.44151705e-06,0.000145876059,,,,0,,,,,,
19.400000,194,,,15.9389,,,0.0225,0.1275,0.00000,0.0000,0x00,2,39,3,,8163,4813,0,0.69967,,,0.00000,0.15000,7.44151705e-06,0.00014662021,,,,0,,,,,,
19.500000,195,,,15.9389,,,0.0225,0.1275,0.00000,0.0000,0x00,2,39,3,,8163,4813,0,0.69967,,,0.00000,0.15000,7.44151705e-06,0.000147364362,,,,0,,,,,,
19.600000,196,,,15.9389,,,0.0225,0.1275,0.00000,0.0000,0x00,2,39,3,,8163,4813,0,0.69967,,,0.00000,0.15000,7.44151705e-06,0.000148108514,,,,0,,,,,,
19.700000,197,,,15.9389,,,0.0225,0.1275,0.00000,0.0000,0x00,2,39,3,,8163,4813,0,0.69967,,,0.00000,0.15000,7.44151705e-06,0.000148852666,,,,0,,,,,,
19.800000,198,,,15.9389,,,0.0225,0.1275,0.00000,0.0000,0x00,2,39,3,,8163,4813,0,0.69966,,,0.00000,0.15000,7.44151705e-06,0.000149596817,,,,0,,,,,,
19.900000,199,,,15.9389,,,0.0225,0.1275,0.00000,0.0000,0x00,2,39,3,,8163,4813,0,0.69966,,,0.00000,0.15000,7.44151705e-06,0.000150340969,,,,0,,,,,,
20.000000,200,,,15.9389,,,0.0225,0.1275,0.00000,0.0000,0x00,2,39,3,,8163,4813,0,0.69966,,,0.00000,0.15000,7.44151705e-06,0.000151085121,,,,0,,,,,,
20.100000,201,,,15.9389,,,0.0225,0.1275,0.00000,0.0000,0x00,2,39,3,,8163,4813,0,0.69966,,,0.00000,0.15000,7.44151705e-06,0.000151829272,,,,0,,,,,,
20.200000,202,,,15.9389,,,0.0225,0.1275,0.00000,0.0000,0x00,2,39,3,,8163,4813,0,0.69966,,,0.00000,0.15000,7.44151705e-06,0.000152573424,,,,0,,,,,,
20.300000,203,,,15.9389,,,0.0225,0.1275,0.00000,0.0000,0x00,2,39,3,,8163,4813,0,0.69966,,,0.00000,0.15000,7.44151705e-06,0.000153317576,,,,0,,,,,,
20.400000,204,,,15.9389,,,0.0225,0.1275,0.00000,0.0000,0x00,2,39,3,,8163,4813,0,0.69965,,,0.00000,0.15000,7.44151705e-06,0.000154061727,,,,0,,,,,,
20.500000,205,,,15.9389,,,0.0225,0.1275,0.00000,0.0000,0x00,2,39,3,,8163,4813,0,0.69965,,,0.00000,0.15000,7.44151705e-06,0.000154805879,,,,0,,,,,,
20.600000,206,,,15.9389,,,0.0225,0.1275,0.00000,0.0000,0x00,2,39,3,,8163,4813,0,0.69965,,,0.00000,0.15000,7.44151705e-06,0.000155550031,,,,0,,,,,,
20.700000,207,,,15.9389,,,0.0225,0.1275,0.00000,0.0000,0x00,2,39,3,,8163,4813,0,0.69965,,,0.00000,0.15000,7.44151705e-06,0.000156294183,,,,0,,,,,,
20.800000,208,,,15.9389,,,0.0225,0.1275,0.00000,0.0000,0x00,2,39,3,,8163,4813,0,0.69965,,,0.00000,0.15000,7.44151705e-06,0.000157038334,,,,0,,,,,,
20.900000,209,,,15.9389,,,0.0225,0.1275,0.00000,0.0000,0x00,2,39,3,,8163,4813,0,0.69965,,,0.00000,0.15000,7.44151705e-06,0.000157782486,,,,0,,,,,,
21.000000,210,,,15.9389,,,0.0225,0.1275,0.00000,0.0000,0x00,2,39,3,,8163,4813,0,0.69964,,,0.00000,0.15000,7.44151705e-06,0.000158526638,,,,0,,,,,,
21.100000,211,,,15.9389,,,0.0225,0.1275,0.00000,0.0000,0x00,2,39,3,,8163,4813,0,0.69964,,,0.00000,0.15000,7.44151705e-06,0.000159270789,,,,0,,,,,,
21.200000,212,,,15.9389,,,0.0225,0.1275,0.00000,0.0000,0x00,2,39,3,,8163,4813,0,0.69964,,,0.00000,0.15000,7.44151705e-06,0.000160014941,,,,0,,,,,,
21.300000,213,,,15.9389,,,0.0225,0.1275,0.00000,0.0000,0x00,2,39,3,,8163,4813,0,0.69964,,,0.00000,0.15000,7.44151705e-06,0.000160759093,,,,0,,,,,,
21.400000,214,,,15.9389,,,0.0225,0.1275,0.00000,0.0000,0x00,2,39,3,,8163,4813,0,0.69964,,,0.00000,0.15000,7.44151705e-06,0.000161503245,,,,0,,,,,,
21.500000,215,,,15.9389,,,0.0225,0.1275,0.00000,0.0000,0x00,2,39,3,,8163,4813,0,0.69964,,,0.00000,0.15000,7.44151705e-06,0.000162247396,,,,0,,,,,,
21.600000,216,,,15.9389,,,0.0225,0.1275,0.00000,0.0000,0x00,2,39,3,,8163,4813,0,0.69963,,,0.00000,0.15000,7.44151705e-06,0.000162991548,,,,0,,,,,,
21.700000,217,,,15.9389,,,0.0225,0.1275,0.00000,0.0000,0x00,2,39,3,,8163,4813,0,0.69963,,,0.00000,0.15000,7.44151705e-06,0.0001637357,,,,0,,,,,,
21.800000,218,,,15.9389,,,0.0225,0.1275,0.00000,0.0000,0x00,2,39,3,,8163,4813,0,0.69963,,,0.00000,0.15000,7.44151705e-06,0.000164479851,,,,0,,,,,,
21.900000,219,,,15.9389,,,0.0225,0.1275,0.00000,0.0000,0x00,2,39,3,,8163,4813,0,0.69963,,,0.00000,0.15000,7.44151705e-06,0.000165224003,,,,0,,,,,,
22.000000,220,,,15.9389,,,0.0225,0.1275,0.00000,0.0000,0x00,2,39,3,,8163,4813,0,0.69963,,,0.00000,0.15000,7.44151705e-06,0.000165968155,,,,0,,,,,,
22.100000,221,,,15.9389,,,0.0225,0.1275,0.00000,0.0000,0x00,2,39,3,,8163,4813,0,0.69963,,,0.00000,0.15000,7.44151705e-06,0.000166712306,,,,0,,,,,,
22.200000,222,,,15.9389,,,0.0225,0.1275,0.00000,0.0000,0x00,2,39,3,,8163,4813,0,0.69962,,,0.00000,0.15000,7.44151705e-06,0.000167456458,,,,0,,,,,,
22.300000,223,,,15.9389,,,0.0225,0.1275,0.00000,0.0000,0x00,2,39,3,,8163,4813,0,0.69962,,,0.00000,0.15000,7.44151705e-06,0.00016820061,,,,0,,,,,,
22.400000,224,,,15.9389,,,0.0225,0.1275,0.00000,0.0000,0x00,2,39,3,,8163,4813,0,0.69962,,,0.00000,0.15000,7.44151705e-06,0.000168944762,,,,0,,,,,,
22.500000,225,,,15.9389,,,0.0225,0.1275,0.00000,0.0000,0x00,2,39,3,,8163,4813,0,0.69962,,,0.00000,0.15000,7.44151705e-06,0.000169688913,,,,0,,,,,,
22.600000,226,,,15.9389,,,0.0225,0.1275,0.00000,0.0000,0x00,2,39,3,,8163,4813,0,0.69962,,,0.00000,0.15000,7.44151705e-06,0.000170433065,,,,0,,,,,,
22.700000,227,,,15.9389,,,0.0225,0.1275,0.00000,0.0000,0x00,2,39,3,,8163,4813,0,0.69962,,,0.00000,0.15000,7.44151705e-06,0.000171177217,,,,0,,,,,,
22.800000,228,,,15.9389,,,0.0225,0.1275,0.00000,0.0000,0x00,2,39,3,,8163,4813,0,0.69961,,,0.00000,0.15000,7.44151705e-06,0.000171921368,,,,0,,,,,,
22.900000,229,,,15.9389,,,0.0225,0.1275,0.00000,0.0000,0x00,2,39,3,,8163,4813,0,0.69961,,,0.00000,0.15000,7.44151705e-06,0.00017266552,,,,0,,,,,,
23.000000,230,,,15.9389,,,0.0225,0.1275,0.00000,0.0000,0x00,2,39,3,,8163,4813,0,0.69961,,,0.00000,0.15000,7.44151705e-06,0.000173409672,,,,0,,,,,,
23.100000,231,,,15.9389,,,0.0225,0.1275,0.00000,0.0000,0x00,2,39,3,,8163,4813,0,0.69961,,,0.00000,0.15000,7.44151705e-06,0.000174153823,,,,0,,,,,,
23.200000,232,,,15.9389,,,0.0225,0.1275,0.00000,0.0000,0x00,2,39,3,,8163,4813,0,0.69961,,,0.00000,0.15000,7.44151705e-06,0.000174897975,,,,0,,,,,,
23.300000,233,,,15.9389,,,0.0225,0.1275,0.00000,0.0000,0x00,2,39,3,,8163,4813,0,0.69961,,,0.00000,0.15000,7.44151705e-06,0.000175642127,,,,0,,,,,,
23.400000,234,,,15.9389,,,0.0225,0.1275,0.00000,0.0000,0x00,2,39,3,,8163,4813,0,0.69960,,,0.00000,0.15000,7.44151705e-06,0.000176386279,,,,0,,,,,,
23.500000,235,,,15.9389,,,0.0225,0.1275,0.00000,0.0000,0x00,2,39,3,,8163,4813,0,0.69960,,,0.00000,0.15000,7.44151705e-06,0.00017713043,,,,0,,,,,,
23.600000,236,,,15.9389,,,0.0225,0.1275,0.00000,0.0000,0x00,2,39,3,,8163,4813,0,0.69960,,,0.00000,0.15000,7.44151705e-06,0.000177874582,,,,0,,,,,,
23.700000,237,,,15.9389,,,0.0225,0.1275,0.00000,0.0000,0x00,2,39,3,,8163,4813,0,0.69960,,,0.00000,0.15000,7.44151705e-06,0.000178618734,,,,0,,,,,,
23.800000,238,,,15.9389,,,0.0225,0.1275,0.00000,0.0000,0x00,2,39,3,,8163,4813,0,0.69960,,,0.00000,0.15000,7.44151705e-06,0.000179362885,,,,0,,,,,,
23.900000,239,,,15.9389,,,0.0225,0.1275,0.00000,0.0000,0x00,2,39,3,,8163,4813,0,0.69960,,,0.00000,0.15000,7.44151705e-06,0.000180107037,,,,0,,,,,,
24.000000,240,,,15.9389,,,0.0225,0.1275,0.00000,0.0000,0x00,2,39,3,,8163,4813,0,0.69959,,,0.00000,0.15000,7.44151705e-06,0.000180851189,,,,0,,,,,,
24.100000,241,,,15.9389,,,0.0225,0.1275,0.00000,0.0000,0x00,2,39,3,,8163,4813,0,0.69959,,,0.00000,0.15000,7.44151705e-06,0.000181595341,,,,0,,,,,,
24.200000,242,,,15.9389,,,0.0225,0.1275,0.00000,0.0000,0x00,2,39,3,,8163,4813,0,0.69959,,,0.00000,0.15000,7.44151705e-06,0.000182339492,,,,0,,,,,,
24.300000,243,,,15.9389,,,0.0225,0.1275,0.00000,0.0000,0x00,2,39,3,,8163,4813,0,0.69959,,,0.00000,0.15000,7.44151705e-06,0.000183083644,,,,0,,,,,,
24.400000,244,,,15.9389,,,0.0225,0.1275,0.00000,0.0000,0x00,2,39,3,,8163,4813,0,0.69959,,,0.00000,0.15000,7.44151705e-06,0.000183827796,,,,0,,,,,,
24.500000,245,,,15.9389,,,0.0225,0.1275,0.00000,0.0000,0x00,2,39,3,,8163,4813,0,0.69959,,,0.00000,0.15000,7.44151705e-06,0.000184571947,,,,0,,,,,,
24.600000,246,,,15.9389,,,0.0225,0.1275,0.00000,0.0000,0x00,2,39,3,,8163,4813,0,0.69958,,,0.00000,0.15000,7.44151705e-06,0.000185316099,,,,0,,,,,,
24.700000,247,,,15.9389,,,0.0225,0.1275,0.00000,0.0000,0x00,2,39,3,,8163,4813,0,0.69958,,,0.00000,0.15000,7.44151705e-06,0.000186060251,,,,0,,,,,,
24.800000,248,,,15.9389,,,0.0225,0.1275,0.00000,0.0000,0x00,2,39,3,,8163,4813,0,0.69958,,,0.00000,0.15000,7.44151705e-06,0.000186804402,,,,0,,,,,,
24.900000,249,,,15.9389,,,0.0225,0.1275,0.00000,0.0000,0x00,2,39,3,,8163,4813,0,0.69958,,,0.00000,0.15000,7.44151705e-06,0.000187548554,,,,0,,,,,,
25.000000,250,,,15.9389,,,0.0225,0.1275,0.00000,0.0000,0x00,2,39,3,,8163,4813,0,0.69958,,,0.00000,0.15000,7.44151705e-06,0.000188292706,,,,0,,,,,,
25.100000,251,,,15.9389,,,0.0226,0.1281,0.01587,0.0000,0x00,2,39,3,,8163,4813,0,0.69958,,,0.01587,0.15000,7.47427777e-06,0.000189040134,,,,0,,,,,,
25.200000,252,,,15.9385,,,0.0234,0.1326,0.03175,0.0000,0x00,2,39,3,,8163,4813,0,0.69957,,,0.03175,0.15000,7.74035556e-06,0.000189814169,,,,0,,,,,,
25.300000,253,,,15.9382,,,0.0239,0.1352,0.04762,0.0000,0x00,2,39,3,,8163,4813,0,0.69957,,,0.04762,0.15000,7.89125178e-06,0.000190603294,,,,0,,,,,,
25.400000,254,,,15.9380,,,0.0243,0.1378,0.06349,0.0000,0x00,2,39,3,,8163,4813,0,0.69957,,,0.06349,0.15000,8.04313264e-06,0.000191407608,,,,0,,,,,,
25.500000,255,,,15.9378,,,0.0248,0.1404,0.07937,0.0000,0x00,2,39,3,,8163,4813,0,0.69957,,,0.07937,0.15000,8.19599815e-06,0.000192227207,,,,0,,,,,,
25.600000,256,,,15.9375,,,0.0252,0.1431,0.09524,0.0000,0x00,2,39,3,,8163,4813,0,0.69957,,,0.09524,0.15000,8.3498483e-06,0.000193062192,,,,0,,,,,,
25.700000,257,,,15.9373,,,0.0257,0.1457,0.11111,0.0000,0x00,2,39,3,,8163,4813,0,0.69956,,,0.11111,0.15000,8.50468309e-06,0.000193912661,,,,0,,,,,,
25.800000,258,,,15.9371,,,0.0262,0.1484,0.12698,0.0000,0x00,2,39,3,,8163,4813,0,0.69956,,,0.12698,0.15000,8.66050253e-06,0.000194778711,,,,0,,,,,,
25.900000,259,,,15.9368,,,0.0267,0.1511,0.14286,0.0000,0x00,2,39,3,,8163,4813,0,0.69956,,,0.14286,0.15000,8.81730662e-06,0.000195660442,,,,0,,,,,,
26.000000,260,,,15.9366,,,0.0271,0.1537,0.15873,0.0000,0x00,2,39,3,,8163,4813,0,0.69956,,,0.15873,0.15000,8.96971728e-06,0.000196557413,,,,0,,,,,,
26.100000,261,,,15.9364,,,0.0276,0.1562,0.17407,0.0000,0x00,2,39,3,,8163,4813,0,0.69956,,,0.17407,0.15000,9.11676451e-06,0.00019746909,,,,0,,,,,,
26.200000,262,,,15.9362,,,0.0280,0.1589,0.18942,0.0000,0x00,2,39,3,,8163,4813,0,0.69955,,,0.18942,0.15000,9.27010991e-06,0.000198396101,,,,0,,,,,,
26.300000,263,,,15.9359,,,0.0285,0.1615,0.20476,0.0000,0x00,2,39,3,,8163,4813,0,0.69955,,,0.20476,0.15000,9.4243754e-06,0.000199338538,,,,0,,,,,,
26.400000,264,,,15.9357,,,0.0290,0.1642,0.22011,0.0000,0x00,2,39,3,,8163,4813,0,0.69955,,,0.22011,0.15000,9.57956099e-06,0.000200296494,,,,0,,,,,,
26.500000,265,,,15.9355,,,0.0294,0.1668,0.23545,0.0000,0x00,2,39,3,,8163,4813,0,0.69955,,,0.23545,0.15000,9.73566667e-06,0.000201270061,,,,0,,,,,,
26.600000,266,,,15.9352,,,0.0299,0.1695,0.25079,0.0000,0x00,2,39,3,,8163,4813,0,0.69955,,,0.25079,0.15000,9.89269244e-06,0.00020225933,,,,0,,,,,,
26.700000,267,,,15.9350,,,0.0304,0.1722,0.26614,0.0000,0x00,2,39,3,,8163,4813,0,0.69954,,,0.26614,0.15000,1.00506383e-05,0.000203264394,,,,0,,,,,,
26.800000,268,,,15.9348,,,0.0309,0.1750,0.28148,0.0000,0x00,2,39,3,,8163,4813,0,0.69954,,,0.28148,0.15000,1.02095043e-05,0.000204285344,,,,0,,,,,,
26.900000,269,,,15.9345,,,0.0314,0.1777,0.29683,0.0000,0x00,2,39,3,,8163,4813,0,0.69954,,,0.29683,0.15000,1.03692903e-05,0.000205322274,,,,0,,,,,,
27.000000,270,,,15.9343,,,0.0318,0.1801,0.31217,0.0000,0x00,2,39,3,,8163,4813,0,0.69954,,,0.31217,0.15000,1.05088428e-05,0.000206373158,,,,0,,,,,,
27.100000,271,,,15.9341,,,0.0322,0.1823,0.32646,0.0000,0x00,2,39,3,,8163,4813,0,0.69953,,,0.32646,0.15000,1.0636203e-05,0.000207436778,,,,0,,,,,,
27.200000,272,,,15.9339,,,0.0326,0.1849,0.34074,0.0000,0x00,2,39,3,,8163,4813,0,0.69953,,,0.34074,0.15000,1.07855145e-05,0.00020851533,,,,0,,,,,,
27.300000,273,,,15.9337,,,0.0331,0.1874,0.35503,0.0000,0x00,2,39,3,,8163,4813,0,0.69953,,,0.35503,0.15000,1.09356236e-05,0.000209608892,,,,0,,,,,,
27.400000,274,,,15.9335,,,0.0335,0.1900,0.36931,0.0000,0x00,2,39,3,,8163,4813,0,0.69953,,,0.36931,0.15000,1.10865303e-05,0.000210717545,,,,0,,,,,,
27.500000,275,,,15.9332,,,0.0340,0.1926,0.38360,0.0000,0x00,2,39,3,,8163,4813,0,0.69952,,,0.38360,0.15000,1.12382345e-05,0.000211841368,,,,0,,,,,,
27.600000,276,,,15.9330,,,0.0345,0.1952,0.39788,0.0000,0x00,2,39,3,,8163,4813,0,0.69952,,,0.39788,0.15000,1.13907363e-05,0.000212980442,,,,0,,,,,,
27.700000,277,,,15.9328,,,0.0349,0.1979,0.41217,0.0000,0x00,2,39,3,,8163,4813,0,0.69952,,,0.41217,0.15000,1.15440356e-05,0.000214134846,,,,0,,,,,,
27.800000,278,,,15.9325,,,0.0354,0.2005,0.42646,0.0000,0x00,2,39,3,,8163,4813,0,0.69952,,,0.42646,0.15000,1.16981325e-05,0.000215304659,,,,0,,,,,,
27.900000,279,,,15.9323,,,0.0359,0.2032,0.44074,0.0000,0x00,2,39,3,,8163,4813,0,0.69951,,,0.44074,0.15000,1.18530269e-05,0.000216489962,,,,0,,,,,,
28.000000,280,,,15.9320,,,0.0364,0.2064,0.45503,0.0000,0x00,2,39,3,,8163,4813,0,0.69951,,,0.45503,0.15000,1.20395532e-05,0.000217693917,,,,0,,,,,,
28.100000,281,,,15.9317,,,0.0370,0.2098,0.47037,0.0000,0x00,2,39,3,,8163,4813,0,0.69951,,,0.47037,0.15000,1.224058e-05,0.000218917975,,,,0,,,,,,
28.200000,282,,,15.9315,,,0.0375,0.2128,0.48571,0.0000,0x00,2,39,3,,8163,4813,0,0.69951,,,0.48571,0.15000,1.24116928e-05,0.000220159144,,,,0,,,,,,
28.300000,283,,,15.9312,,,0.0381,0.2157,0.50106,0.0000,0x00,2,39,3,,8163,4813,0,0.69950,,,0.50106,0.15000,1.25837256e-05,0.000221417517,,,,0,,,,,,
28.400000,284,,,15.9310,,,0.0386,0.2187,0.51640,0.0000,0x00,2,39,3,,8163,4813,0,0.69950,,,0.51640,0.15000,1.27566785e-05,0.000222693185,,,,0,,,,,,
28.500000,285,,,15.9307,,,0.0391,0.2217,0.53175,0.0000,0x00,2,39,3,,8163,4813,0,0.69950,,,0.53175,0.15000,1.29305515e-05,0.00022398624,,,,0,,,,,,
28.600000,286,,,15.9304,,,0.0396,0.2247,0.54709,0.0000,0x00,2,39,3,,8163,4813,0,0.69949,,,0.54709,0.15000,1.31053446e-05,0.000225296774,,,,0,,,,,,
28.700000,287,,,15.9302,,,0.0402,0.2277,0.56243,0.0000,0x00,2,39,3,,8163,4813,0,0.69949,,,0.56243,0.15000,1.32810578e-05,0.00022662488,,,,0,,,,,,
28.800000,288,,,15.9299,,,0.0407,0.2307,0.57778,0.0000,0x00,2,39,3,,8163,4813,0,0.69949,,,0.57778,0.15000,1.34576911e-05,0.000227970649,,,,0,,,,,,
28.900000,289,,,15.9296,,,0.0413,0.2338,0.59312,0.0000,0x00,2,39,3,,8163,4813,0,0.69948,,,0.59312,0.15000,1.36352445e-05,0.000229334173,,,,0,,,,,,
29.000000,290,,,15.9294,,,0.0417,0.2365,0.60847,0.0000,0x00,2,39,3,,8163,4813,0,0.69948,,,0.60847,0.15000,1.37931021e-05,0.000230713484,,,,0,,,,,,
29.100000,291,,,15.9292,,,0.0422,0.2391,0.62328,0.0000,0x00,2,39,3,,8163,4813,0,0.69948,,,0.62328,0.15000,1.39446745e-05,0.000232107951,,,,0,,,,,,
29.200000,292,,,15.9289,,,0.0427,0.2420,0.63810,0.0000,0x00,2,39,3,,8163,4813,0,0.69948,,,0.63810,0.15000,1.41177206e-05,0.000233519723,,,,0,,,,,,
29.300000,293,,,15.9287,,,0.0432,0.2450,0.65291,0.0000,0x00,2,39,3,,8163,4813,0,0.69947,,,0.65291,0.15000,1.42916244e-05,0.000234948886,,,,0,,,,,,
29.400000,294,,,15.9284,,,0.0438,0.2480,0.66772,0.0000,0x00,2,39,3,,8163,4813,0,0.69947,,,0.66772,0.15000,1.4466386e-05,0.000236395524,,,,0,,,,,,
29.500000,295,,,15.9281,,,0.0443,0.2510,0.68254,0.0000,0x00,2,39,3,,8163,4813,0,0.69947,,,0.68254,0.15000,1.46420053e-05,0.000237859725,,,,0,,,,,,
29.600000,296,,,15.9279,,,0.0448,0.2541,0.69735,0.0000,0x00,2,39,3,,8163,4813,0,0.69946,,,0.69735,0.15000,1.48184823e-05,0.000239341573,,,,0,,,,,,
29.700000,297,,,15.9276,,,0.0454,0.2571,0.71217,0.0000,0x00,2,39,3,,8163,4813,0,0.69946,,,0.71217,0.15000,1.49958171e-05,0.000240841155,,,,0,,,,,,
29.800000,298,,,15.9273,,,0.0459,0.2602,0.72698,0.0000,0x00,2,39,3,,8163,4813,0,0.69946,,,0.72698,0.15000,1.51740096e-05,0.000242358556,,,,0,,,,,,
29.900000,299,,,15.9271,,,0.0465,0.2632,0.74180,0.0000,0x00,2,39,3,,8163,4813,0,0.69945,,,0.74180,0.15000,1.53530598e-05,0.000243893862,,,,0,,,,,,
30.000000,300,,,15.9269,,,0.0468,0.2655,0.75661,0.0000,0x00,2,39,3,,8163,4813,0,0.69945,,,0.75661,0.15000,1.54816969e-05,0.000245442031,,,,0,,,,,,
30.100000,301,,,15.9267,,,0.0472,0.2674,0.77037,0.0000,0x00,2,39,3,,8163,4813,0,0.69944,,,0.77037,0.15000,1.55963871e-05,0.00024700167,,,,0,,,,,,
30.200000,302,,,15.9265,,,0.0477,0.2703,0.78413,0.0000,0x00,2,39,3,,8163,4813,0,0.69944,,,0.78413,0.15000,1.57630876e-05,0.000248577979,,,,0,,,,,,
30.300000,303,,,15.9262,,,0.0482,0.2732,0.79788,0.0000,0x00,2,39,3,,8163,4813,0,0.69944,,,0.79788,0.15000,1.59305278e-05,0.000250171032,,,,0,,,,,,
30.400000,304,,,15.9260,,,0.0487,0.2761,0.81164,0.0000,0x00,2,39,3,,8163,4813,0,0.69943,,,0.81164,0.15000,1.60987075e-05,0.000251780902,,,,0,,,,,,
30.500000,305,,,15.9257,,,0.0492,0.2790,0.82540,0.0000,0x00,2,39,3,,8163,4813,0,0.69943,,,0.82540,0.15000,1.62676269e-05,0.000253407665,,,,0,,,,,,
30.600000,306,,,15.9255,,,0.0497,0.2819,0.83915,0.0000,0x00,2,39,3,,8163,4813,0,0.69943,,,0.83915,0.15000,1.64372857e-05,0.000255051394,,,,0,,,,,,
30.700000,307,,,15.9252,,,0.0503,0.2848,0.85291,0.0000,0x00,2,39,3,,8163,4813,0,0.69942,,,0.85291,0.15000,1.66076842e-05,0.000256712162,,,,0,,,,,,
30.800000,308,,,15.9250,,,0.0508,0.2877,0.86667,0.0000,0x00,2,39,3,,8163,4813,0,0.69942,,,0.86667,0.15000,1.67788222e-05,0.000258390044,,,,0,,,,,,
30.900000,309,,,15.9247,,,0.0513,0.2907,0.88042,0.0000,0x00,2,39,3,,8163,4813,0,0.69942,,,0.88042,0.15000,1.69506998e-05,0.000260085114,,,,0,,,,,,
31.000000,310,,,15.9254,,,0.0498,0.2822,0.89418,0.0000,0x00,2,39,3,,8163,4813,0,0.69941,,,0.89418,0.15000,1.64567962e-05,0.000261730794,,,,0,,,,,,
31.100000,311,,,15.9264,,,0.0479,0.2712,0.89630,0.0000,0x00,2,39,3,,8163,4813,0,0.69941,,,0.89630,0.15000,1.58137424e-05,0.000263312168,,,,0,,,,,,
31.200000,312,,,15.9264,,,0.0479,0.2716,0.89841,0.0000,0x00,2,39,3,,8163,4813,0,0.69940,,,0.89841,0.15000,1.58372269e-05,0.000264895891,,,,0,,,,,,
31.300000,313,,,15.9263,,,0.0480,0.2720,0.90053,0.0000,0x00,2,39,3,,8163,4813,0,0.69940,,,0.90053,0.15000,1.5860729e-05,0.000266481964,,,,0,,,,,,
31.400000,314,,,15.9263,,,0.0481,0.2724,0.90265,0.0000,0x00,2,39,3,,8163,4813,0,0.69940,,,0.90265,0.15000,1.58842485e-05,0.000268070389,,,,0,,,,,,
31.500000,315,,,15.9263,,,0.0481,0.2728,0.90476,0.0000,0x00,2,39,3,,8163,4813,0,0.69939,,,0.90476,0.15000,1.59077855e-05,0.000269661167,,,,0,,,,,,
31.600000,316,,,15.9262,,,0.0482,0.2732,0.90688,0.0000,0x00,2,39,3,,8163,4813,0,0.69939,,,0.90688,0.15000,1.593134e-05,0.000271254301,,,,0,,,,,,
31.700000,317,,,15.9262,,,0.0483,0.2736,0.90899,0.0000,0x00,2,39,3,,8163,4813,0,0.69939,,,0.90899,0.15000,1.59549121e-05,0.000272849792,,,,0,,,,,,
31.800000,318,,,15.9261,,,0.0484,0.2740,0.91111,0.0000,0x00,2,39,3,,8163,4813,0,0.69938,,,0.91111,0.15000,1.59785016e-05,0.000274447642,,,,0,,,,,,
31.900000,319,,,15.9261,,,0.0484,0.2744,0.91323,0.0000,0x00,2,39,3,,8163,4813,0,0.69938,,,0.91323,0.15000,1.60021087e-05,0.000276047853,,,,0,,,,,,
32.000000,320,,,15.9259,,,0.0489,0.2769,0.91534,0.0000,0x00,2,39,3,,8163,4813,0,0.69937,,,0.91534,0.15000,1.61497871e-05,0.000277662832,,,,0,,,,,,
32.100000,321,,,15.9256,,,0.0494,0.2799,0.91958,0.0000,0x00,2,39,3,,8163,4813,0,0.69937,,,0.91958,0.15000,1.632229e-05,0.000279295061,,,,0,,,,,,
32.200000,322,,,15.9256,,,0.0495,0.2807,0.92381,0.0000,0x00,2,39,3,,8163,4813,0,0.69937,,,0.92381,0.15000,1.63708089e-05,0.000280932142,,,,0,,,,,,
32.300000,323,,,15.9255,,,0.0497,0.2816,0.92804,0.0000,0x00,2,39,3,,8163,4813,0,0.69936,,,0.92804,0.15000,1.64193979e-05,0.000282574082,,,,0,,,,,,
32.400000,324,,,15.9254,,,0.0498,0.2824,0.93228,0.0000,0x00,2,39,3,,8163,4813,0,0.69936,,,0.93228,0.15000,1.64680569e-05,0.000284220887,,,,0,,,,,,
32.500000,325,,,15.9253,,,0.0500,0.2832,0.93651,0.0000,0x00,2,39,3,,8163,4813,0,0.69936,,,0.93651,0.15000,1.65167859e-05,0.000285872566,,,,0,,,,,,
32.600000,326,,,15.9253,,,0.0501,0.2841,0.94074,0.0000,0x00,2,39,3,,8163,4813,0,0.69935,,,0.94074,0.15000,1.65655849e-05,0.000287529124,,,,0,,,,,,
32.700000,327,,,15.9252,,,0.0503,0.2849,0.94497,0.0000,0x00,2,39,3,,8163,4813,0,0.69935,,,0.94497,0.15000,1.6614454e-05,0.00028919057,,,,0,,,,,,
32.800000,328,,,15.9251,,,0.0504,0.2858,0.94921,0.0000,0x00,2,39,3,,8163,4813,0,0.69934,,,0.94921,0.15000,1.6663393e-05,0.000290856909,,,,0,,,,,,
32.900000,329,,,15.9250,,,0.0506,0.2866,0.95344,0.0000,0x00,2,39,3,,8163,4813,0,0.69934,,,0.95344,0.15000,1.67124021e-05,0.000292528149,,,,0,,,,,,
33.000000,330,,,15.9241,,,0.0525,0.2975,0.95767,0.0000,0x00,2,39,3,,8163,4813,0,0.69934,,,0.95767,0.15000,1.73455384e-05,0.000294262703,,,,0,,,,,,
33.100000,331,,,15.9230,,,0.0548,0.3105,0.97143,0.0000,0x00,2,39,3,,8163,4813,0,0.69933,,,0.97143,0.15000,1.81063657e-05,0.00029607334,,,,0,,,,,,
33.200000,332,,,15.9227,,,0.0553,0.3136,0.98519,0.0000,0x00,2,39,3,,8163,4813,0,0.69933,,,0.98519,0.15000,1.82838755e-05,0.000297901727,,,,0,,,,,,
33.300000,333,,,15.9224,,,0.0559,0.3166,0.99894,0.0000,0x00,2,39,3,,8163,4813,0,0.69932,,,0.99894,0.15000,1.84621248e-05,0.00029974794,,,,0,,,,,,
33.400000,334,,,15.9222,,,0.0564,0.3197,1.01270,0.0000,0x00,2,39,3,,8163,4813,0,0.69932,,,1.01270,0.15000,1.86411137e-05,0.000301612051,,,,0,,,,,,
33.500000,335,,,15.9219,,,0.0570,0.3228,1.02646,0.0000,0x00,2,39,3,,8163,4813,0,0.69932,,,1.02646,0.15000,1.88208422e-05,0.000303494135,,,,0,,,,,,
33.600000,336,,,15.9216,,,0.0575,0.3259,1.04021,0.0000,0x00,2,39,3,,8163,4813,0,0.69931,,,1.04021,0.15000,1.90013102e-05,0.000305394266,,,,0,,,,,,
33.700000,337,,,15.9214,,,0.0581,0.3290,1.05397,0.0000,0x00,2,39,3,,8163,4813,0,0.69931,,,1.05397,0.15000,1.91825179e-05,0.000307312518,,,,0,,,,,,
33.800000,338,,,15.9211,,,0.0586,0.3322,1.06772,0.0000,0x00,2,39,3,,8163,4813,0,0.69930,,,1.06772,0.15000,1.9364465e-05,0.000309248965,,,,0,,,,,,
33.900000,339,,,15.9208,,,0.0592,0.3353,1.08148,0.0000,0x00,2,39,3,,8163,4813,0,0.69930,,,1.08148,0.15000,1.95471518e-05,0.00031120368,,,,0,,,,,,
34.000000,340,,,15.9214,,,0.0579,0.3282,1.09524,0.0000,0x00,2,39,3,,8163,4813,0,0.69929,,,1.09524,0.15000,1.91368407e-05,0.000313117364,,,,0,,,,,,
34.100000,341,,,15.9222,,,0.0563,0.3192,1.10053,0.0000,0x00,2,39,3,,8163,4813,0,0.69929,,,1.10053,0.15000,1.8608112e-05,0.000314978175,,,,0,,,,,,
34.200000,342,,,15.9221,,,0.0565,0.3203,1.10582,0.0000,0x00,2,39,3,,8163,4813,0,0.69929,,,1.10582,0.15000,1.86732304e-05,0.000316845498,,,,0,,,,,,
34.300000,343,,,15.9220,,,0.0567,0.3214,1.11111,0.0000,0x00,2,39,3,,8163,4813,0,0.69928,,,1.11111,0.15000,1.87384581e-05,0.000318719344,,,,0,,,,,,
34.400000,344,,,15.9219,,,0.0569,0.3225,1.11640,0.0000,0x00,2,39,3,,8163,4813,0,0.69928,,,1.11640,0.15000,1.88037953e-05,0.000320599724,,,,0,,,,,,
34.500000,345,,,15.9218,,,0.0571,0.3236,1.12169,0.0000,0x00,2,39,3,,8163,4813,0,0.69927,,,1.12169,0.15000,1.88692418e-05,0.000322486648,,,,0,,,,,,
34.600000,346,,,15.9217,,,0.0573,0.3248,1.12698,0.0000,0x00,2,39,3,,8163,4813,0,0.69927,,,1.12698,0.15000,1.89347978e-05,0.000324380128,,,,0,,,,,,
34.700000,347,,,15.9216,,,0.0575,0.3259,1.13228,0.0000,0x00,2,39,3,,8163,4813,0,0.69926,,,1.13228,0.15000,1.90004632e-05,0.000326280174,,,,0,,,,,,
34.800000,348,,,15.9215,,,0.0577,0.3270,1.13757,0.0000,0x00,2,39,3,,8163,4813,0,0.69926,,,1.13757,0.15000,1.90662379e-05,0.000328186798,,,,0,,,,,,
34.900000,349,,,15.9214,,,0.0579,0.3282,1.14286,0.0000,0x00,2,39,3,,8163,4813,0,0.69926,,,1.14286,0.15000,1.91321221e-05,0.00033010001,,,,0,,,,,,
35.000000,350,,,15.9215,,,0.0578,0.3273,1.14815,0.0000,0x00,2,39,3,,8163,4813,0,0.69925,,,1.14815,0.15000,1.90814118e-05,0.000332008151,,,,0,,,,,,
35.100000,351,,,15.9216,,,0.0575,0.3261,1.15185,0.0000,0x00,2,39,3,,8163,4813,0,0.69925,,,1.15185,0.15000,1.90102157e-05,0.000333909173,,,,0,,,,,,
35.200000,352,,,15.9215,,,0.0577,0.3269,1.15556,0.0000,0x00,2,39,3,,8163,4813,0,0.69924,,,1.15556,0.15000,1.90557769e-05,0.00033581475,,,,0,,,,,,
35.300000,353,,,15.9215,,,0.0578,0.3276,1.15926,0.0000,0x00,2,39,3,,8163,4813,0,0.69924,,,1.15926,0.15000,1.91013918e-05,0.000337724889,,,,0,,,,,,
35.400000,354,,,15.9214,,,0.0580,0.3284,1.16296,0.0000,0x00,2,39,3,,8163,4813,0,0.69923,,,1.16296,0.15000,1.91470603e-05,0.000339639596,,,,0,,,,,,
35.500000,355,,,15.9213,,,0.0581,0.3292,1.16667,0.0000,0x00,2,39,3,,8163,4813,0,0.69923,,,1.16667,0.15000,1.91927824e-05,0.000341558874,,,,0,,,,,,
35.600000,356,,,15.9213,,,0.0582,0.3300,1.17037,0.0000,0x00,2,39,3,,8163,4813,0,0.69922,,,1.17037,0.15000,1.92385582e-05,0.00034348273,,,,0,,,,,,
35.700000,357,,,15.9212,,,0.0584,0.3308,1.17407,0.0000,0x00,2,39,3,,8163,4813,0,0.69922,,,1.17407,0.15000,1.92843875e-05,0.000345411168,,,,0,,,,,,
35.800000,358,,,15.9211,,,0.0585,0.3316,1.17778,0.0000,0x00,2,39,3,,8163,4813,0,0.69922,,,1.17778,0.15000,1.93302704e-05,0.000347344195,,,,0,,,,,,
35.900000,359,,,15.9211,,,0.0587,0.3324,1.18148,0.0000,0x00,2,39,3,,8163,4813,0,0.69921,,,1.18148,0.15000,1.93762069e-05,0.000349281816,,,,0,,,,,,
36.000000,360,,,15.9214,,,0.0581,0.3290,1.18519,0.0000,0x00,2,39,3,,8163,4813,0,0.69921,,,1.18519,0.15000,1.91812601e-05,0.000351199942,,,,0,,,,,,
36.100000,361,,,15.9217,,,0.0573,0.3250,1.18571,0.0000,0x00,2,39,3,,8163,4813,0,0.69920,,,1.18571,0.15000,1.89466824e-05,0.00035309461,,,,0,,,,,,
36.200000,362,,,15.9217,,,0.0574,0.3251,1.18624,0.0000,0x00,2,39,3,,8163,4813,0,0.69920,,,1.18624,0.15000,1.89530428e-05,0.000354989915,,,,0,,,,,,
36.300000,363,,,15.9217,,,0.0574,0.3252,1.18677,0.0000,0x00,2,39,3,,8163,4813,0,0.69919,,,1.18677,0.15000,1.89594043e-05,0.000356885855,,,,0,,,,,,
36.400000,364,,,15.9217,,,0.0574,0.3253,1.18730,0.0000,0x00,2,39,3,,8163,4813,0,0.69919,,,1.18730,0.15000,1.89657668e-05,0.000358782432,,,,0,,,,,,
36.500000,365,,,15.9217,,,0.0574,0.3254,1.18783,0.0000,0x00,2,39,3,,8163,4813,0,0.69919,,,1.18783,0.15000,1.89721305e-05,0.000360679645,,,,0,,,,,,
36.600000,366,,,15.9217,,,0.0574,0.3255,1.18836,0.0000,0x00,2,39,3,,8163,4813,0,0.69918,,,1.18836,0.15000,1.89784952e-05,0.000362577494,,,,0,,,,,,
36.700000,367,,,15.9217,,,0.0575,0.3256,1.18889,0.0000,0x00,2,39,3,,8163,4813,0,0.69918,,,1.18889,0.15000,1.89848611e-05,0.00036447598,,,,0,,,,,,
36.800000,368,,,15.9216,,,0.0575,0.3257,1.18942,0.0000,0x00,2,39,3,,8163,4813,0,0.69917,,,1.18942,0.15000,1.8991228e-05,0.000366375103,,,,0,,,,,,
36.900000,369,,,15.9216,,,0.0575,0.3259,1.18995,0.0000,0x00,2,39,3,,8163,4813,0,0.69917,,,1.18995,0.15000,1.8997596e-05,0.000368274863,,,,0,,,,,,
37.000000,370,,,15.9219,,,0.0569,0.3225,1.19048,0.0000,0x00,2,39,3,,8163,4813,0,0.69916,,,1.19048,0.15000,1.8802288e-05,0.000370155092,,,,0,,,,,,
37.100000,371,,,15.9223,,,0.0562,0.3186,1.18836,0.0000,0x00,2,39,3,,8163,4813,0,0.69916,,,1.18836,0.15000,1.8575858e-05,0.000372012677,,,,0,,,,,,
37.200000,372,,,15.9223,,,0.0561,0.3182,1.18624,0.0000,0x00,2,39,3,,8163,4813,0,0.69916,,,1.18624,0.15000,1.85511226e-05,0.00037386779,,,,0,,,,,,
37.300000,373,,,15.9223,,,0.0561,0.3178,1.18413,0.0000,0x00,2,39,3,,8163,4813,0,0.69915,,,1.18413,0.15000,1.85264048e-05,0.00037572043,,,,0,,,,,,
37.400000,374,,,15.9224,,,0.0560,0.3173,1.18201,0.0000,0x00,2,39,3,,8163,4813,0,0.69915,,,1.18201,0.15000,1.85017045e-05,0.000377570601,,,,0,,,,,,
37.500000,375,,,15.9224,,,0.0559,0.3169,1.17989,0.0000,0x00,2,39,3,,8163,4813,0,0.69914,,,1.17989,0.15000,1.84770216e-05,0.000379418303,,,,0,,,,,,
37.600000,376,,,15.9224,,,0.0558,0.3165,1.17778,0.0000,0x00,2,39,3,,8163,4813,0,0.69914,,,1.17778,0.15000,1.84523563e-05,0.000381263538,,,,0,,,,,,
37.700000,377,,,15.9225,,,0.0558,0.3161,1.17566,0.0000,0x00,2,39,3,,8163,4813,0,0.69913,,,1.17566,0.15000,1.84277085e-05,0.000383106309,,,,0,,,,,,
37.800000,378,,,15.9225,,,0.0557,0.3156,1.17354,0.0000,0x00,2,39,3,,8163,4813,0,0.69913,,,1.17354,0.15000,1.84030782e-05,0.000384946617,,,,0,,,,,,
37.900000,379,,,15.9226,,,0.0556,0.3152,1.17143,0.0000,0x00,2,39,3,,8163,4813,0,0.69913,,,1.17143,0.15000,1.83784653e-05,0.000386784464,,,,0,,,,,,
38.000000,380,,,15.9227,,,0.0553,0.3134,1.16931,0.0000,0x00,2,39,3,,8163,4813,0,0.69912,,,1.16931,0.15000,1.82746333e-05,0.000388611927,,,,0,,,,,,
38.100000,381,,,15.9229,,,0.0550,0.3114,1.16614,0.0000,0x00,2,39,3,,8163,4813,0,0.69912,,,1.16614,0.15000,1.81589667e-05,0.000390427824,,,,0,,,,,,
38.200000,382,,,15.9229,,,0.0548,0.3108,1.16296,0.0000,0x00,2,39,3,,8163,4813,0,0.69911,,,1.16296,0.15000,1.81225762e-05,0.000392240081,,,,0,,,,,,
38.300000,383,,,15.9230,,,0.0547,0.3102,1.15979,0.0000,0x00,2,39,3,,8163,4813,0,0.69911,,,1.15979,0.15000,1.80862251e-05,0.000394048704,,,,0,,,,,,
38.400000,384,,,15.9230,,,0.0546,0.3096,1.15661,0.0000,0x00,2,39,3,,8163,4813,0,0.69910,,,1.15661,0.15000,1.80499133e-05,0.000395853695,,,,0,,,,,,
38.500000,385,,,15.9231,,,0.0545,0.3089,1.15344,0.0000,0x00,2,39,3,,8163,4813,0,0.69910,,,1.15344,0.15000,1.8013641e-05,0.000397655059,,,,0,,,,,,
38.600000,386,,,15.9232,,,0.0544,0.3083,1.15026,0.0000,0x00,2,39,3,,8163,4813,0,0.69910,,,1.15026,0.15000,1.7977408e-05,0.0003994528,,,,0,,,,,,
38.700000,387,,,15.9232,,,0.0543,0.3077,1.14709,0.0000,0x00,2,39,3,,8163,4813,0,0.69909,,,1.14709,0.15000,1.79412144e-05,0.000401246921,,,,0,,,,,,
38.800000,388,,,15.9233,,,0.0542,0.3071,1.14392,0.0000,0x00,2,39,3,,8163,4813,0,0.69909,,,1.14392,0.15000,1.79050602e-05,0.000403037427,,,,0,,,,,,
38.900000,389,,,15.9233,,,0.0541,0.3065,1.14074,0.0000,0x00,2,39,3,,8163,4813,0,0.69908,,,1.14074,0.15000,1.78689454e-05,0.000404824322,,,,0,,,,,,
39.000000,390,,,15.9234,,,0.0540,0.3058,1.13757,0.0000,0x00,2,39,3,,8163,4813,0,0.69908,,,1.13757,0.15000,1.783287e-05,0.000406607609,,,,0,,,,,,
39.100000,391,,,15.9234,,,0.0539,0.3052,1.13439,0.0000,0x00,2,39,3,,8163,4813,0,0.69908,,,1.13439,0.15000,1.7796834e-05,0.000408387292,,,,0,,,,,,
39.200000,392,,,15.9235,,,0.0538,0.3046,1.13122,0.0000,0x00,2,39,3,,8163,4813,0,0.69907,,,1.13122,0.15000,1.77608373e-05,0.000410163376,,,,0,,,,,,
39.300000,393,,,15.9235,,,0.0536,0.3040,1.12804,0.0000,0x00,2,39,3,,8163,4813,0,0.69907,,,1.12804,0.15000,1.772488e-05,0.000411935864,,,,0,,,,,,
39.400000,394,,,15.9236,,,0.0535,0.3034,1.12487,0.0000,0x00,2,39,3,,8163,4813,0,0.69906,,,1.12487,0.15000,1.76889622e-05,0.00041370476,,,,0,,,,,,
39.500000,395,,,15.9236,,,0.0534,0.3028,1.12169,0.0000,0x00,2,39,3,,8163,4813,0,0.69906,,,1.12169,0.15000,1.76530837e-05,0.000415470069,,,,0,,,,,,
39.600000,396,,,15.9237,,,0.0533,0.3021,1.11852,0.0000,0x00,2,39,3,,8163,4813,0,0.69906,,,1.11852,0.15000,1.76172445e-05,0.000417231793,,,,0,,,,,,
39.700000,397,,,15.9238,,,0.0532,0.3015,1.11534,0.0000,0x00,2,39,3,,8163,4813,0,0.69905,,,1.11534,0.15000,1.75814448e-05,0.000418989938,,,,0,,,,,,
39.800000,398,,,15.9238,,,0.0531,0.3009,1.11217,0.0000,0x00,2,39,3,,8163,4813,0,0.69905,,,1.11217,0.15000,1.75456845e-05,0.000420744506,,,,0,,,,,,
39.900000,399,,,15.9239,,,0.0530,0.3003,1.10899,0.0000,0x00,2,39,3,,8163,4813,0,0.69904,,,1.10899,0.15000,1.75099635e-05,0.000422495502,,,,0,,,,,,
40.000000,400,,,15.9239,,,0.0530,0.3003,1.10582,0.0000,0x00,2,39,3,,8163,4813,0,0.69904,,,1.10582,0.15000,1.75117491e-05,0.000424246677,,,,0,,,,,,
40.100000,401,,,15.9238,,,0.0530,0.3005,1.10317,0.0000,0x00,2,39,3,,8163,4813,0,0.69904,,,1.10317,0.15000,1.75193324e-05,0.000425998611,,,,0,,,,,,
40.200000,402,,,15.9239,,,0.0529,0.2999,1.10053,0.0000,0x00,2,39,3,,8163,4813,0,0.69903,,,1.10053,0.15000,1.7489476e-05,0.000427747558,,,,0,,,,,,
40.300000,403,,,15.9239,,,0.0528,0.2994,1.09788,0.0000,0x00,2,39,3,,8163,4813,0,0.69903,,,1.09788,0.15000,1.74596468e-05,0.000429493523,,,,0,,,,,,
40.400000,404,,,15.9240,,,0.0527,0.2989,1.09524,0.0000,0x00,2,39,3,,8163,4813,0,0.69902,,,1.09524,0.15000,1.74298451e-05,0.000431236507,,,,0,,,,,,
40.500000,405,,,15.9240,,,0.0527,0.2984,1.09259,0.0000,0x00,2,39,3,,8163,4813,0,0.69902,,,1.09259,0.15000,1.74000706e-05,0.000432976514,,,,0,,,,,,
40.600000,406,,,15.9241,,,0.0526,0.2979,1.08995,0.0000,0x00,2,39,3,,8163,4813,0,0.69902,,,1.08995,0.15000,1.73703236e-05,0.000434713547,,,,0,,,,,,
40.700000,407,,,15.9241,,,0.0525,0.2974,1.08730,0.0000,0x00,2,39,3,,8163,4813,0,0.69901,,,1.08730,0.15000,1.73406039e-05,0.000436447607,,,,0,,,,,,
40.800000,408,,,15.9242,,,0.0524,0.2969,1.08466,0.0000,0x00,2,39,3,,8163,4813,0,0.69901,,,1.08466,0.15000,1.73109115e-05,0.000438178698,,,,0,,,,,,
40.900000,409,,,15.9242,,,0.0523,0.2964,1.08201,0.0000,0x00,2,39,3,,8163,4813,0,0.69900,,,1.08201,0.15000,1.72812465e-05,0.000439906823,,,,0,,,,,,
41.000000,410,,,15.9243,,,0.0521,0.2952,1.07937,0.0000,0x00,2,39,3,,8163,4813,0,0.69900,,,1.07937,0.15000,1.7215038e-05,0.000441628327,,,,0,,,,,,
41.100000,411,,,15.9244,,,0.0519,0.2940,1.07619,0.0000,0x00,2,39,3,,8163,4813,0,0.69900,,,1.07619,0.15000,1.71431533e-05,0.000443342642,,,,0,,,,,,
41.200000,412,,,15.9245,,,0.0518,0.2934,1.07302,0.0000,0x00,2,39,3,,8163,4813,0,0.69899,,,1.07302,0.15000,1.71078787e-05,0.00044505343,,,,0,,,,,,
41.300000,413,,,15.9245,,,0.0517,0.2928,1.06984,0.0000,0x00,2,39,3,,8163,4813,0,0.69899,,,1.06984,0.15000,1.70726435e-05,0.000446760694,,,,0,,,,,,
41.400000,414,,,15.9246,,,0.0516,0.2922,1.06667,0.0000,0x00,2,39,3,,8163,4813,0,0.69898,,,1.06667,0.15000,1.70374477e-05,0.000448464439,,,,0,,,,,,
41.500000,415,,,15.9246,,,0.0515,0.2916,1.06349,0.0000,0x00,2,39,3,,8163,4813,0,0.69898,,,1.06349,0.15000,1.70022912e-05,0.000450164668,,,,0,,,,,,
41.600000,416,,,15.9247,,,0.0513,0.2910,1.06032,0.0000,0x00,2,39,3,,8163,4813,0,0.69898,,,1.06032,0.15000,1.69671742e-05,0.000451861386,,,,0,,,,,,
41.700000,417,,,15.9247,,,0.0512,0.2904,1.05714,0.0000,0x00,2,39,3,,8163,4813,0,0.69897,,,1.05714,0.15000,1.69320965e-05,0.000453554595,,,,0,,,,,,
41.800000,418,,,15.9248,,,0.0511,0.2898,1.05397,0.0000,0x00,2,39,3,,8163,4813,0,0.69897,,,1.05397,0.15000,1.68970583e-05,0.000455244301,,,,0,,,,,,
41.900000,419,,,15.9248,,,0.0510,0.2892,1.05079,0.0000,0x00,2,39,3,,8163,4813,0,0.69896,,,1.05079,0.15000,1.68620594e-05,0.000456930507,,,,0,,,,,,
42.000000,420,,,15.9260,,,0.0486,0.2752,1.04762,0.0000,0x00,2,39,3,,8163,4813,0,0.69896,,,1.04762,0.15000,1.60462057e-05,0.000458535128,,,,0,,,,,,
42.100000,421,,,15.9274,,,0.0458,0.2593,1.03280,0.0000,0x00,2,39,3,,8163,4813,0,0.69896,,,1.03280,0.15000,1.51247737e-05,0.000460047605,,,,0,,,,,,
42.200000,422,,,15.9276,,,0.0453,0.2569,1.01799,0.0000,0x00,2,39,3,,8163,4813,0,0.69895,,,1.01799,0.15000,1.49850938e-05,0.000461546114,,,,0,,,,,,
42.300000,423,,,15.9278,,,0.0449,0.2545,1.00317,0.0000,0x00,2,39,3,,8163,4813,0,0.69895,,,1.00317,0.15000,1.48462715e-05,0.000463030741,,,,0,,,,,,
42.400000,424,,,15.9280,,,0.0445,0.2522,0.98836,0.0000,0x00,2,39,3,,8163,4813,0,0.69895,,,0.98836,0.15000,1.47083071e-05,0.000464501572,,,,0,,,,,,
42.500000,425,,,15.9283,,,0.0441,0.2498,0.97354,0.0000,0x00,2,39,3,,8163,4813,0,0.69894,,,0.97354,0.15000,1.45712003e-05,0.000465958692,,,,0,,,,,,
42.600000,426,,,15.9285,,,0.0437,0.2475,0.95873,0.0000,0x00,2,39,3,,8163,4813,0,0.69894,,,0.95873,0.15000,1.44349513e-05,0.000467402187,,,,0,,,,,,
42.700000,427,,,15.9287,,,0.0433,0.2452,0.94392,0.0000,0x00,2,39,3,,8163,4813,0,0.69894,,,0.94392,0.15000,1.429956e-05,0.000468832143,,,,0,,,,,,
42.800000,428,,,15.9289,,,0.0429,0.2429,0.92910,0.0000,0x00,2,39,3,,8163,4813,0,0.69893,,,0.92910,0.15000,1.41650264e-05,0.000470248646,,,,0,,,,,,
42.900000,429,,,15.9291,,,0.0425,0.2406,0.91429,0.0000,0x00,2,39,3,,8163,4813,0,0.69893,,,0.91429,0.15000,1.40313506e-05,0.000471651781,,,,0,,,,,,
43.000000,430,,,15.9289,,,0.0427,0.2419,0.89947,0.0000,0x00,2,39,3,,8163,4813,0,0.69893,,,0.89947,0.15000,1.41118623e-05,0.000473062967,,,,0,,,,,,
43.100000,431,,,15.9288,,,0.0430,0.2438,0.88836,0.0000,0x00,2,39,3,,8163,4813,0,0.69892,,,0.88836,0.15000,1.42208709e-05,0.000474485054,,,,0,,,,,,
43.200000,432,,,15.9289,,,0.0427,0.2420,0.87725,0.0000,0x00,2,39,3,,8163,4813,0,0.69892,,,0.87725,0.15000,1.41170322e-05,0.000475896758,,,,0,,,,,,
43.300000,433,,,15.9291,,,0.0424,0.2403,0.86614,0.0000,0x00,2,39,3,,8163,4813,0,0.69892,,,0.86614,0.15000,1.40136759e-05,0.000477298125,,,,0,,,,,,
43.400000,434,,,15.9292,,,0.0421,0.2385,0.85503,0.0000,0x00,2,39,3,,8163,4813,0,0.69891,,,0.85503,0.15000,1.39108022e-05,0.000478689205,,,,0,,,,,,
43.500000,435,,,15.9294,,,0.0418,0.2367,0.84392,0.0000,0x00,2,39,3,,8163,4813,0,0.69891,,,0.84392,0.15000,1.38084109e-05,0.000480070046,,,,0,,,,,,
43.600000,436,,,15.9295,,,0.0415,0.2350,0.83280,0.0000,0x00,2,39,3,,8163,4813,0,0.69891,,,0.83280,0.15000,1.37065021e-05,0.000481440697,,,,0,,,,,,
43.700000,437,,,15.9297,,,0.0412,0.2332,0.82169,0.0000,0x00,2,39,3,,8163,4813,0,0.69890,,,0.82169,0.15000,1.36050758e-05,0.000482801204,,,,0,,,,,,
43.800000,438,,,15.9298,,,0.0409,0.2315,0.81058,0.0000,0x00,2,39,3,,8163,4813,0,0.69890,,,0.81058,0.15000,1.3504132e-05,0.000484151617,,,,0,,,,,,
43.900000,439,,,15.9300,,,0.0405,0.2298,0.79947,0.0000,0x00,2,39,3,,8163,4813,0,0.69890,,,0.79947,0.15000,1.34036706e-05,0.000485491985,,,,0,,,,,,
44.000000,440,,,15.9293,,,0.0419,0.2377,0.78836,0.0000,0x00,2,39,3,,8163,4813,0,0.69890,,,0.78836,0.15000,1.38646235e-05,0.000486878447,,,,0,,,,,,
44.100000,441,,,15.9285,,,0.0436,0.2473,0.78836,0.0000,0x00,2,39,3,,8163,4813,0,0.69889,,,0.78836,0.15000,1.44255553e-05,0.000488321002,,,,0,,,,,,
44.200000,442,,,15.9285,,,0.0436,0.2473,0.78836,0.0000,0x00,2,39,3,,8163,4813,0,0.69889,,,0.78836,0.15000,1.44255553e-05,0.000489763558,,,,0,,,,,,
44.300000,443,,,15.9285,,,0.0436,0.2473,0.78836,0.0000,0x00,2,39,3,,8163,4813,0,0.69889,,,0.78836,0.15000,1.44255553e-05,0.000491206113,,,,0,,,,,,
44.400000,444,,,15.9285,,,0.0436,0.2473,0.78836,0.0000,0x00,2,39,3,,8163,4813,0,0.69888,,,0.78836,0.15000,1.44255553e-05,0.000492648669,,,,0,,,,,,
44.500000,445,,,15.9285,,,0.0436,0.2473,0.78836,0.0000,0x00,2,39,3,,8163,4813,0,0.69888,,,0.78836,0.15000,1.44255553e-05,0.000494091224,,,,0,,,,,,
44.600000,446,,,15.9285,,,0.0436,0.2473,0.78836,0.0000,0x00,2,39,3,,8163,4813,0,0.69888,,,0.78836,0.15000,1.44255553e-05,0.00049553378,,,,0,,,,,,
44.700000,447,,,15.9285,,,0.0436,0.2473,0.78836,0.0000,0x00,2,39,3,,8163,4813,0,0.69887,,,0.78836,0.15000,1.44255553e-05,0.000496976336,,,,0,,,,,,
44.800000,448,,,15.9285,,,0.0436,0.2473,0.78836,0.0000,0x00,2,39,3,,8163,4813,0,0.69887,,,0.78836,0.15000,1.44255553e-05,0.000498418891,,,,0,,,,,,
44.900000,449,,,15.9285,,,0.0436,0.2473,0.78836,0.0000,0x00,2,39,3,,8163,4813,0,0.69887,,,0.78836,0.15000,1.44255553e-05,0.000499861447,,,,0,,,,,,
45.000000,450,,,15.9283,,,0.0439,0.2487,0.78836,0.0000,0x00,2,39,3,,8163,4813,0,0.69886,,,0.78836,0.15000,1.45056884e-05,0.000501312015,,,,0,,,,,,
45.100000,451,,,15.9282,,,0.0442,0.2504,0.78995,0.0000,0x00,2,39,3,,8163,4813,0,0.69886,,,0.78995,0.15000,1.46026561e-05,0.000502772281,,,,0,,,,,,
45.200000,452,,,15.9282,,,0.0442,0.2507,0.79153,0.0000,0x00,2,39,3,,8163,4813,0,0.69886,,,0.79153,0.15000,1.46195006e-05,0.000504234231,,,,0,,,,,,
45.300000,453,,,15.9282,,,0.0443,0.2509,0.79312,0.0000,0x00,2,39,3,,8163,4813,0,0.69885,,,0.79312,0.15000,1.46363549e-05,0.000505697867,,,,0,,,,,,
45.400000,454,,,15.9281,,,0.0443,0.2512,0.79471,0.0000,0x00,2,39,3,,8163,4813,0,0.69885,,,0.79471,0.15000,1.4653219e-05,0.000507163188,,,,0,,,,,,
45.500000,455,,,15.9281,,,0.0444,0.2515,0.79630,0.0000,0x00,2,39,3,,8163,4813,0,0.69885,,,0.79630,0.15000,1.46700931e-05,0.000508630198,,,,0,,,,,,
45.600000,456,,,15.9281,,,0.0444,0.2518,0.79788,0.0000,0x00,2,39,3,,8163,4813,0,0.69884,,,0.79788,0.15000,1.46869769e-05,0.000510098895,,,,0,,,,,,
45.700000,457,,,15.9281,,,0.0445,0.2521,0.79947,0.0000,0x00,2,39,3,,8163,4813,0,0.69884,,,0.79947,0.15000,1.47038706e-05,0.000511569283,,,,0,,,,,,
45.800000,458,,,15.9280,,,0.0445,0.2524,0.80106,0.0000,0x00,2,39,3,,8163,4813,0,0.69884,,,0.80106,0.15000,1.47207742e-05,0.00051304136,,,,0,,,,,,
45.900000,459,,,15.9280,,,0.0446,0.2527,0.80265,0.0000,0x00,2,39,3,,8163,4813,0,0.69883,,,0.80265,0.15000,1.47376876e-05,0.000514515129,,,,0,,,,,,
46.000000,460,,,15.9280,,,0.0446,0.2530,0.80423,0.0000,0x00,2,39,3,,8163,4813,0,0.69883,,,0.80423,0.15000,1.47546108e-05,0.00051599059,,,,0,,,,,,
46.100000,461,,,15.9280,,,0.0447,0.2533,0.80582,0.0000,0x00,2,39,3,,8163,4813,0,0.69883,,,0.80582,0.15000,1.47715439e-05,0.000517467744,,,,0,,,,,,
46.200000,462,,,15.9279,,,0.0447,0.2536,0.80741,0.0000,0x00,2,39,3,,8163,4813,0,0.69882,,,0.80741,0.15000,1.47884868e-05,0.000518946593,,,,0,,,,,,
46.300000,463,,,15.9279,,,0.0448,0.2538,0.80899,0.0000,0x00,2,39,3,,8163,4813,0,0.69882,,,0.80899,0.15000,1.48054396e-05,0.000520427137,,,,0,,,,,,
46.400000,464,,,15.9279,,,0.0448,0.2541,0.81058,0.0000,0x00,2,39,3,,8163,4813,0,0.69882,,,0.81058,0.15000,1.48224023e-05,0.000521909377,,,,0,,,,,,
46.500000,465,,,15.9278,,,0.0449,0.2544,0.81217,0.0000,0x00,2,39,3,,8163,4813,0,0.69881,,,0.81217,0.15000,1.48393747e-05,0.000523393315,,,,0,,,,,,
46.600000,466,,,15.9278,,,0.0450,0.2547,0.81376,0.0000,0x00,2,39,3,,8163,4813,0,0.69881,,,0.81376,0.15000,1.48563571e-05,0.00052487895,,,,0,,,,,,
46.700000,467,,,15.9278,,,0.0450,0.2550,0.81534,0.0000,0x00,2,39,3,,8163,4813,0,0.69881,,,0.81534,0.15000,1.48733492e-05,0.000526366285,,,,0,,,,,,
46.800000,468,,,15.9278,,,0.0451,0.2553,0.81693,0.0000,0x00,2,39,3,,8163,4813,0,0.69880,,,0.81693,0.15000,1.48903512e-05,0.00052785532,,,,0,,,,,,
46.900000,469,,,15.9277,,,0.0451,0.2556,0.81852,0.0000,0x00,2,39,3,,8163,4813,0,0.69880,,,0.81852,0.15000,1.49073631e-05,0.000529346057,,,,0,,,,,,
47.000000,470,,,15.9276,,,0.0453,0.2568,0.82011,0.0000,0x00,2,39,3,,8163,4813,0,0.69880,,,0.82011,0.15000,1.49799581e-05,0.000530844052,,,,0,,,,,,
47.100000,471,,,15.9275,,,0.0456,0.2583,0.82275,0.0000,0x00,2,39,3,,8163,4813,0,0.69879,,,0.82275,0.15000,1.50642813e-05,0.000532350481,,,,0,,,,,,
47.200000,472,,,15.9275,,,0.0457,0.2588,0.82540,0.0000,0x00,2,39,3,,8163,4813,0,0.69879,,,0.82540,0.15000,1.50930586e-05,0.000533859786,,,,0,,,,,,
47.300000,473,,,15.9274,,,0.0458,0.2593,0.82804,0.0000,0x00,2,39,3,,8163,4813,0,0.69878,,,0.82804,0.15000,1.51218632e-05,0.000535371973,,,,0,,,,,,
47.400000,474,,,15.9274,,,0.0458,0.2598,0.83069,0.0000,0x00,2,39,3,,8163,4813,0,0.69878,,,0.83069,0.15000,1.51506952e-05,0.000536887042,,,,0,,,,,,
47.500000,475,,,15.9273,,,0.0459,0.2603,0.83333,0.0000,0x00,2,39,3,,8163,4813,0,0.69878,,,0.83333,0.15000,1.51795546e-05,0.000538404998,,,,0,,,,,,
47.600000,476,,,15.9273,,,0.0460,0.2608,0.83598,0.0000,0x00,2,39,3,,8163,4813,0,0.69877,,,0.83598,0.15000,1.52084412e-05,0.000539925842,,,,0,,,,,,
47.700000,477,,,15.9273,,,0.0461,0.2613,0.83862,0.0000,0x00,2,39,3,,8163,4813,0,0.69877,,,0.83862,0.15000,1.52373553e-05,0.000541449577,,,,0,,,,,,
47.800000,478,,,15.9272,,,0.0462,0.2618,0.84127,0.0000,0x00,2,39,3,,8163,4813,0,0.69877,,,0.84127,0.15000,1.52662967e-05,0.000542976207,,,,0,,,,,,
47.900000,479,,,15.9272,,,0.0463,0.2623,0.84392,0.0000,0x00,2,39,3,,8163,4813,0,0.69876,,,0.84392,0.15000,1.52952654e-05,0.000544505734,,,,0,,,,,,
48.000000,480,,,15.9269,,,0.0469,0.2657,0.84656,0.0000,0x00,2,39,3,,8163,4813,0,0.69876,,,0.84656,0.15000,1.54963594e-05,0.00054605537,,,,0,,,,,,
48.100000,481,,,15.9265,,,0.0476,0.2698,0.85238,0.0000,0x00,2,39,3,,8163,4813,0,0.69876,,,0.85238,0.15000,1.57347114e-05,0.000547628841,,,,0,,,,,,
48.200000,482,,,15.9264,,,0.0478,0.2709,0.85820,0.0000,0x00,2,39,3,,8163,4813,0,0.69875,,,0.85820,0.15000,1.58010978e-05,0.00054920895,,,,0,,,,,,
48.300000,483,,,15.9263,,,0.0480,0.2721,0.86402,0.0000,0x00,2,39,3,,8163,4813,0,0.69875,,,0.86402,0.15000,1.58676165e-05,0.000550795712,,,,0,,,,,,
48.400000,484,,,15.9262,,,0.0482,0.2732,0.86984,0.0000,0x00,2,39,3,,8163,4813,0,0.69875,,,0.86984,0.15000,1.59342677e-05,0.000552389139,,,,0,,,,,,
48.500000,485,,,15.9261,,,0.0484,0.2744,0.87566,0.0000,0x00,2,39,3,,8163,4813,0,0.69874,,,0.87566,0.15000,1.60010513e-05,0.000553989244,,,,0,,,,,,
48.600000,486,,,15.9260,,,0.0486,0.2755,0.88148,0.0000,0x00,2,39,3,,8163,4813,0,0.69874,,,0.88148,0.15000,1.60679672e-05,0.000555596041,,,,0,,,,,,
48.700000,487,,,15.9259,,,0.0488,0.2767,0.88730,0.0000,0x00,2,39,3,,8163,4813,0,0.69874,,,0.88730,0.15000,1.61350155e-05,0.000557209542,,,,0,,,,,,
48.800000,488,,,15.9258,,,0.0490,0.2778,0.89312,0.0000,0x00,2,39,3,,8163,4813,0,0.69873,,,0.89312,0.15000,1.62021962e-05,0.000558829762,,,,0,,,,,,
48.900000,489,,,15.9257,,,0.0492,0.2790,0.89894,0.0000,0x00,2,39,3,,8163,4813,0,0.69873,,,0.89894,0.15000,1.62695092e-05,0.000560456713,,,,0,,,,,,
49.000000,490,,,15.9252,,,0.0503,0.2849,0.90476,0.0000,0x00,2,39,3,,8163,4813,0,0.69872,,,0.90476,0.15000,1.66128491e-05,0.000562117998,,,,0,,,,,,
49.100000,491,,,15.9246,,,0.0515,0.2918,0.91534,0.0000,0x00,2,39,3,,8163,4813,0,0.69872,,,0.91534,0.15000,1.70181644e-05,0.000563819814,,,,0,,,,,,
49.200000,492,,,15.9244,,,0.0519,0.2941,0.92593,0.0000,0x00,2,39,3,,8163,4813,0,0.69872,,,0.92593,0.15000,1.71480229e-05,0.000565534616,,,,0,,,,,,
49.300000,493,,,15.9242,,,0.0523,0.2963,0.93651,0.0000,0x00,2,39,3,,8163,4813,0,0.69871,,,0.93651,0.15000,1.7278319e-05,0.000567262448,,,,0,,,,,,
49.400000,494,,,15.9240,,,0.0527,0.2986,0.94709,0.0000,0x00,2,39,3,,8163,4813,0,0.69871,,,0.94709,0.15000,1.74090528e-05,0.000569003354,,,,0,,,,,,
49.500000,495,,,15.9238,,,0.0531,0.3008,0.95767,0.0000,0x00,2,39,3,,8163,4813,0,0.69870,,,0.95767,0.15000,1.75402241e-05,0.000570757376,,,,0,,,,,,
49.600000,496,,,15.9236,,,0.0535,0.3031,0.96825,0.0000,0x00,2,39,3,,8163,4813,0,0.69870,,,0.96825,0.15000,1.76718331e-05,0.000572524559,,,,0,,,,,,
49.700000,497,,,15.9234,,,0.0539,0.3053,0.97884,0.0000,0x00,2,39,3,,8163,4813,0,0.69870,,,0.97884,0.15000,1.78038797e-05,0.000574304947,,,,0,,,,,,
49.800000,498,,,15.9232,,,0.0543,0.3076,0.98942,0.0000,0x00,2,39,3,,8163,4813,0,0.69869,,,0.98942,0.15000,1.79363639e-05,0.000576098584,,,,0,,,,,,
49.900000,499,,,15.9230,,,0.0547,0.3099,1.00000,0.0000,0x00,2,39,3,,8163,4813,0,0.69869,,,1.00000,0.15000,1.80692857e-05,0.000577905512,,,,0,,,,,,
50.000000,500,,,15.9228,,,0.0551,0.3122,1.01058,0.0000,0x00,2,39,3,,8163,4813,0,0.69868,,,1.01058,0.15000,1.82026452e-05,0.000579725777,,,,0,,,,,,
50.100000,501,,,15.9226,,,0.0555,0.3145,1.02116,0.0000,0x00,2,39,3,,8163,4813,0,0.69868,,,1.02116,0.15000,1.83364423e-05,0.000581559421,,,,0,,,,,,
50.200000,502,,,15.9224,,,0.0559,0.3168,1.03175,0.0000,0x00,2,39,3,,8163,4813,0,0.69868,,,1.03175,0.15000,1.8470677e-05,0.000583406489,,,,0,,,,,,
50.300000,503,,,15.9222,,,0.0563,0.3191,1.04233,0.0000,0x00,2,39,3,,8163,4813,0,0.69867,,,1.04233,0.15000,1.86053493e-05,0.000585267024,,,,0,,,,,,
50.400000,504,,,15.9220,,,0.0567,0.3214,1.05291,0.0000,0x00,2,39,3,,8163,4813,0,0.69867,,,1.05291,0.15000,1.87404592e-05,0.00058714107,,,,0,,,,,,
50.500000,505,,,15.9218,,,0.0571,0.3238,1.06349,0.0000,0x00,2,39,3,,8163,4813,0,0.69866,,,1.06349,0.15000,1.88760067e-05,0.00058902867,,,,0,,,,,,
50.600000,506,,,15.9216,,,0.0575,0.3261,1.07407,0.0000,0x00,2,39,3,,8163,4813,0,0.69866,,,1.07407,0.15000,1.90119919e-05,0.000590929869,,,,0,,,,,,
50.700000,507,,,15.9214,,,0.0580,0.3284,1.08466,0.0000,0x00,2,39,3,,8163,4813,0,0.69865,,,1.08466,0.15000,1.91484146e-05,0.000592844711,,,,0,,,,,,
50.800000,508,,,15.9212,,,0.0584,0.3308,1.09524,0.0000,0x00,2,39,3,,8163,4813,0,0.69865,,,1.09524,0.15000,1.9285275e-05,0.000594773238,,,,0,,,,,,
50.900000,509,,,15.9210,,,0.0588,0.3332,1.10582,0.0000,0x00,2,39,3,,8163,4813,0,0.69865,,,1.10582,0.15000,1.9422573e-05,0.000596715496,,,,0,,,,,,
51.000000,510,,,15.9210,,,0.0588,0.3329,1.11640,0.0000,0x00,2,39,3,,8163,4813,0,0.69864,,,1.11640,0.15000,1.9409006e-05,0.000598656396,,,,0,,,,,,
51.100000,511,,,15.9211,,,0.0586,0.3322,1.12487,0.0000,0x00,2,39,3,,8163,4813,0,0.69864,,,1.12487,0.15000,1.93659123e-05,0.000600592987,,,,0,,,,,,
51.200000,512,,,15.9209,,,0.0589,0.3340,1.13333,0.0000,0x00,2,39,3,,8163,4813,0,0.69863,,,1.13333,0.15000,1.94744013e-05,0.000602540428,,,,0,,,,,,
51.300000,513,,,15.9208,,,0.0593,0.3359,1.14180,0.0000,0x00,2,39,3,,8163,4813,0,0.69863,,,1.14180,0.15000,1.95831704e-05,0.000604498745,,,,0,,,,,,
51.400000,514,,,15.9206,,,0.0596,0.3378,1.15026,0.0000,0x00,2,39,3,,8163,4813,0,0.69862,,,1.15026,0.15000,1.96922196e-05,0.000606467967,,,,0,,,,,,
51.500000,515,,,15.9204,,,0.0599,0.3397,1.15873,0.0000,0x00,2,39,3,,8163,4813,0,0.69862,,,1.15873,0.15000,1.98015488e-05,0.000608448122,,,,0,,,,,,
51.600000,516,,,15.9203,,,0.0603,0.3415,1.16720,0.0000,0x00,2,39,3,,8163,4813,0,0.69861,,,1.16720,0.15000,1.99111582e-05,0.000610439237,,,,0,,,,,,
51.700000,517,,,15.9201,,,0.0606,0.3434,1.17566,0.0000,0x00,2,39,3,,8163,4813,0,0.69861,,,1.17566,0.15000,2.00210476e-05,0.000612441342,,,,0,,,,,,
51.800000,518,,,15.9199,,,0.0609,0.3453,1.18413,0.0000,0x00,2,39,3,,8163,4813,0,0.69861,,,1.18413,0.15000,2.01312171e-05,0.000614454464,,,,0,,,,,,
51.900000,519,,,15.9198,,,0.0613,0.3472,1.19259,0.0000,0x00,2,39,3,,8163,4813,0,0.69860,,,1.19259,0.15000,2.02416666e-05,0.00061647863,,,,0,,,,,,
52.000000,520,,,15.9205,,,0.0599,0.3393,1.20106,0.0000,0x00,2,39,3,,8163,4813,0,0.69860,,,1.20106,0.15000,1.97826808e-05,0.000618456899,,,,0,,,,,,
52.100000,521,,,15.9213,,,0.0582,0.3298,1.20212,0.0000,0x00,2,39,3,,8163,4813,0,0.69859,,,1.20212,0.15000,1.92258223e-05,0.000620379481,,,,0,,,,,,
52.200000,522,,,15.9213,,,0.0582,0.3300,1.20317,0.0000,0x00,2,39,3,,8163,4813,0,0.69859,,,1.20317,0.15000,1.92386836e-05,0.000622303349,,,,0,,,,,,
52.300000,523,,,15.9213,,,0.0583,0.3302,1.20423,0.0000,0x00,2,39,3,,8163,4813,0,0.69858,,,1.20423,0.15000,1.92515494e-05,0.000624228504,,,,0,,,,,,
52.400000,524,,,15.9212,,,0.0583,0.3304,1.20529,0.0000,0x00,2,39,3,,8163,4813,0,0.69858,,,1.20529,0.15000,1.92644195e-05,0.000626154946,,,,0,,,,,,
52.500000,525,,,15.9212,,,0.0584,0.3307,1.20635,0.0000,0x00,2,39,3,,8163,4813,0,0.69857,,,1.20635,0.15000,1.9277294e-05,0.000628082675,,,,0,,,,,,
52.600000,526,,,15.9212,,,0.0584,0.3309,1.20741,0.0000,0x00,2,39,3,,8163,4813,0,0.69857,,,1.20741,0.15000,1.92901729e-05,0.000630011693,,,,0,,,,,,
52.700000,527,,,15.9212,,,0.0584,0.3311,1.20847,0.0000,0x00,2,39,3,,8163,4813,0,0.69856,,,1.20847,0.15000,1.93030561e-05,0.000631941998,,,,0,,,,,,
52.800000,528,,,15.9212,,,0.0585,0.3313,1.20952,0.0000,0x00,2,39,3,,8163,4813,0,0.69856,,,1.20952,0.15000,1.93159438e-05,0.000633873593,,,,0,,,,,,
52.900000,529,,,15.9211,,,0.0585,0.3315,1.21058,0.0000,0x00,2,39,3,,8163,4813,0,0.69856,,,1.21058,0.15000,1.93288358e-05,0.000635806476,,,,0,,,,,,
53.000000,530,,,15.9214,,,0.0580,0.3289,1.21164,0.0000,0x00,2,39,3,,8163,4813,0,0.69855,,,1.21164,0.15000,1.91775221e-05,0.000637724228,,,,0,,,,,,
53.100000,531,,,15.9216,,,0.0575,0.3259,1.21058,0.0000,0x00,2,39,3,,8163,4813,0,0.69855,,,1.21058,0.15000,1.90007026e-05,0.000639624299,,,,0,,,,,,
53.200000,532,,,15.9216,,,0.0575,0.3257,1.20952,0.0000,0x00,2,39,3,,8163,4813,0,0.69854,,,1.20952,0.15000,1.89880974e-05,0.000641523108,,,,0,,,,,,
53.300000,533,,,15.9217,,,0.0574,0.3255,1.20847,0.0000,0x00,2,39,3,,8163,4813,0,0.69854,,,1.20847,0.15000,1.89754966e-05,0.000643420658,,,,0,,,,,,
53.400000,534,,,15.9217,,,0.0574,0.3253,1.20741,0.0000,0x00,2,39,3,,8163,4813,0,0.69853,,,1.20741,0.15000,1.89629002e-05,0.000645316948,,,,0,,,,,,
53.500000,535,,,15.9217,,,0.0574,0.3250,1.20635,0.0000,0x00,2,39,3,,8163,4813,0,0.69853,,,1.20635,0.15000,1.89503081e-05,0.000647211979,,,,0,,,,,,
53.600000,536,,,15.9217,,,0.0573,0.3248,1.20529,0.0000,0x00,2,39,3,,8163,4813,0,0.69853,,,1.20529,0.15000,1.89377204e-05,0.000649105751,,,,0,,,,,,
53.700000,537,,,15.9217,,,0.0573,0.3246,1.20423,0.0000,0x00,2,39,3,,8163,4813,0,0.69852,,,1.20423,0.15000,1.89251371e-05,0.000650998265,,,,0,,,,,,
53.800000,538,,,15.9218,,,0.0572,0.3244,1.20317,0.0000,0x00,2,39,3,,8163,4813,0,0.69852,,,1.20317,0.15000,1.89125582e-05,0.000652889521,,,,0,,,,,,
53.900000,539,,,15.9218,,,0.0572,0.3242,1.20212,0.0000,0x00,2,39,3,,8163,4813,0,0.69851,,,1.20212,0.15000,1.88999837e-05,0.000654779519,,,,0,,,,,,
54.000000,540,,,15.9217,,,0.0573,0.3247,1.20106,0.0000,0x00,2,39,3,,8163,4813,0,0.69851,,,1.20106,0.15000,1.89281075e-05,0.00065667233,,,,0,,,,,,
54.100000,541,,,15.9217,,,0.0574,0.3252,1.20053,0.0000,0x00,2,39,3,,8163,4813,0,0.69850,,,1.20053,0.15000,1.89624822e-05,0.000658568578,,,,0,,,,,,
54.200000,542,,,15.9217,,,0.0574,0.3251,1.20000,0.0000,0x00,2,39,3,,8163,4813,0,0.69850,,,1.20000,0.15000,1.8956164e-05,0.000660464194,,,,0,,,,,,
54.300000,543,,,15.9217,,,0.0574,0.3250,1.19947,0.0000,0x00,2,39,3,,8163,4813,0,0.69850,,,1.19947,0.15000,1.89498469e-05,0.000662359179,,,,0,,,,,,
54.400000,544,,,15.9217,,,0.0573,0.3249,1.19894,0.0000,0x00,2,39,3,,8163,4813,0,0.69849,,,1.19894,0.15000,1.89435308e-05,0.000664253532,,,,0,,,,,,
54.500000,545,,,15.9217,,,0.0573,0.3248,1.19841,0.0000,0x00,2,39,3,,8163,4813,0,0.69849,,,1.19841,0.15000,1.89372159e-05,0.000666147254,,,,0,,,,,,
54.600000,546,,,15.9217,,,0.0573,0.3247,1.19788,0.0000,0x00,2,39,3,,8163,4813,0,0.69848,,,1.19788,0.15000,1.89309021e-05,0.000668040344,,,,0,,,,,,
54.700000,547,,,15.9217,,,0.0573,0.3246,1.19735,0.0000,0x00,2,39,3,,8163,4813,0,0.69848,,,1.19735,0.15000,1.89245894e-05,0.000669932803,,,,0,,,,,,
54.800000,548,,,15.9218,,,0.0573,0.3245,1.19683,0.0000,0x00,2,39,3,,8163,4813,0,0.69847,,,1.19683,0.15000,1.89182777e-05,0.000671824631,,,,0,,,,,,
54.900000,549,,,15.9218,,,0.0572,0.3244,1.19630,0.0000,0x00,2,39,3,,8163,4813,0,0.69847,,,1.19630,0.15000,1.89119672e-05,0.000673715827,,,,0,,,,,,
55.000000,550,,,15.9225,,,0.0558,0.3159,1.19577,0.0000,0x00,2,39,3,,8163,4813,0,0.69846,,,1.19577,0.15000,1.84194813e-05,0.000675557775,,,,0,,,,,,
55.100000,551,,,15.9233,,,0.0540,0.3063,1.18889,0.0000,0x00,2,39,3,,8163,4813,0,0.69846,,,1.18889,0.15000,1.78569748e-05,0.000677343473,,,,0,,,,,,
55.200000,552,,,15.9235,,,0.0538,0.3049,1.18201,0.0000,0x00,2,39,3,,8163,4813,0,0.69846,,,1.18201,0.15000,1.77808296e-05,0.000679121556,,,,0,,,,,,
55.300000,553,,,15.9236,,,0.0536,0.3036,1.17513,0.0000,0x00,2,39,3,,8163,4813,0,0.69845,,,1.17513,0.15000,1.77048692e-05,0.000680892043,,,,0,,,,,,
55.400000,554,,,15.9237,,,0.0534,0.3023,1.16825,0.0000,0x00,2,39,3,,8163,4813,0,0.69845,,,1.16825,0.15000,1.76290938e-05,0.000682654952,,,,0,,,,,,
55.500000,555,,,15.9238,,,0.0531,0.3010,1.16138,0.0000,0x00,2,39,3,,8163,4813,0,0.69844,,,1.16138,0.15000,1.75535033e-05,0.000684410302,,,,0,,,,,,
55.600000,556,,,15.9239,,,0.0529,0.2997,1.15450,0.0000,0x00,2,39,3,,8163,4813,0,0.69844,,,1.15450,0.15000,1.74780976e-05,0.000686158112,,,,0,,,,,,
55.700000,557,,,15.9240,,,0.0527,0.2985,1.14762,0.0000,0x00,2,39,3,,8163,4813,0,0.69844,,,1.14762,0.15000,1.74028769e-05,0.0006878984,,,,0,,,,,,
55.800000,558,,,15.9241,,,0.0524,0.2972,1.14074,0.0000,0x00,2,39,3,,8163,4813,0,0.69843,,,1.14074,0.15000,1.7327841e-05,0.000689631184,,,,0,,,,,,
55.900000,559,,,15.9242,,,0.0522,0.2959,1.13386,0.0000,0x00,2,39,3,,8163,4813,0,0.69843,,,1.13386,0.15000,1.72529901e-05,0.000691356483,,,,0,,,,,,
56.000000,560,,,15.9249,,,0.0508,0.2880,1.12698,0.0000,0x00,2,39,3,,8163,4813,0,0.69842,,,1.12698,0.15000,1.67964818e-05,0.000693036131,,,,0,,,,,,
56.100000,561,,,15.9257,,,0.0493,0.2794,1.11481,0.0000,0x00,2,39,3,,8163,4813,0,0.69842,,,1.11481,0.15000,1.62912374e-05,0.000694665255,,,,0,,,,,,
56.200000,562,,,15.9259,,,0.0489,0.2772,1.10265,0.0000,0x00,2,39,3,,8163,4813,0,0.69842,,,1.10265,0.15000,1.6168414e-05,0.000696282096,,,,0,,,,,,
56.300000,563,,,15.9260,,,0.0486,0.2752,1.09048,0.0000,0x00,2,39,3,,8163,4813,0,0.69841,,,1.09048,0.15000,1.60461692e-05,0.000697886713,,,,0,,,,,,
56.400000,564,,,15.9262,,,0.0482,0.2731,1.07831,0.0000,0x00,2,39,3,,8163,4813,0,0.69841,,,1.07831,0.15000,1.59245033e-05,0.000699479164,,,,0,,,,,,
56.500000,565,,,15.9264,,,0.0478,0.2710,1.06614,0.0000,0x00,2,39,3,,8163,4813,0,0.69841,,,1.06614,0.15000,1.58034161e-05,0.000701059505,,,,0,,,,,,
56.600000,566,,,15.9266,,,0.0475,0.2689,1.05397,0.0000,0x00,2,39,3,,8163,4813,0,0.69840,,,1.05397,0.15000,1.56829076e-05,0.000702627796,,,,0,,,,,,
56.700000,567,,,15.9268,,,0.0471,0.2669,1.04180,0.0000,0x00,2,39,3,,8163,4813,0,0.69840,,,1.04180,0.15000,1.55629779e-05,0.000704184094,,,,0,,,,,,
56.800000,568,,,15.9269,,,0.0467,0.2648,1.02963,0.0000,0x00,2,39,3,,8163,4813,0,0.69840,,,1.02963,0.15000,1.54436269e-05,0.000705728456,,,,0,,,,,,
56.900000,569,,,15.9271,,,0.0464,0.2628,1.01746,0.0000,0x00,2,39,3,,8163,4813,0,0.69839,,,1.01746,0.15000,1.53248547e-05,0.000707260942,,,,0,,,,,,
57.000000,570,,,15.9271,,,0.0464,0.2631,1.00529,0.0000,0x00,2,39,3,,8163,4813,0,0.69839,,,1.00529,0.15000,1.53429054e-05,0.000708795232,,,,0,,,,,,
57.100000,571,,,15.9270,,,0.0465,0.2637,0.99524,0.0000,0x00,2,39,3,,8163,4813,0,0.69838,,,0.99524,0.15000,1.53792232e-05,0.000710333155,,,,0,,,,,,
57.200000,572,,,15.9272,,,0.0462,0.2620,0.98519,0.0000,0x00,2,39,3,,8163,4813,0,0.69838,,,0.98519,0.15000,1.52796917e-05,0.000711861124,,,,0,,,,,,
57.300000,573,,,15.9273,,,0.0459,0.2603,0.97513,0.0000,0x00,2,39,3,,8163,4813,0,0.69838,,,0.97513,0.15000,1.51805552e-05,0.000713379179,,,,0,,,,,,
57.400000,574,,,15.9275,,,0.0456,0.2586,0.96508,0.0000,0x00,2,39,3,,8163,4813,0,0.69837,,,0.96508,0.15000,1.50818136e-05,0.000714887361,,,,0,,,,,,
57.500000,575,,,15.9276,,,0.0453,0.2569,0.95503,0.0000,0x00,2,39,3,,8163,4813,0,0.69837,,,0.95503,0.15000,1.4983467e-05,0.000716385708,,,,0,,,,,,
57.600000,576,,,15.9278,,,0.0450,0.2552,0.94497,0.0000,0x00,2,39,3,,8163,4813,0,0.69837,,,0.94497,0.15000,1.48855153e-05,0.000717874259,,,,0,,,,,,
57.700000,577,,,15.9279,,,0.0447,0.2535,0.93492,0.0000,0x00,2,39,3,,8163,4813,0,0.69836,,,0.93492,0.15000,1.47879586e-05,0.000719353055,,,,0,,,,,,
57.800000,578,,,15.9281,,,0.0444,0.2519,0.92487,0.0000,0x00,2,39,3,,8163,4813,0,0.69836,,,0.92487,0.15000,1.46907968e-05,0.000720822135,,,,0,,,,,,
57.900000,579,,,15.9282,,,0.0442,0.2502,0.91481,0.0000,0x00,2,39,3,,8163,4813,0,0.69836,,,0.91481,0.15000,1.459403e-05,0.000722281538,,,,0,,,,,,
58.000000,580,,,15.9281,,,0.0444,0.2517,0.90476,0.0000,0x00,2,39,3,,8163,4813,0,0.69835,,,0.90476,0.15000,1.46815878e-05,0.000723749696,,,,0,,,,,,
58.100000,581,,,15.9279,,,0.0448,0.2537,0.89788,0.0000,0x00,2,39,3,,8163,4813,0,0.69835,,,0.89788,0.15000,1.47970098e-05,0.000725229397,,,,0,,,,,,
58.200000,582,,,15.9280,,,0.0446,0.2525,0.89101,0.0000,0x00,2,39,3,,8163,4813,0,0.69835,,,0.89101,0.15000,1.4728687e-05,0.000726702266,,,,0,,,,,,
58.300000,583,,,15.9281,,,0.0444,0.2514,0.88413,0.0000,0x00,2,39,3,,8163,4813,0,0.69834,,,0.88413,0.15000,1.46605491e-05,0.000728168321,,,,0,,,,,,
58.400000,584,,,15.9282,,,0.0442,0.2502,0.87725,0.0000,0x00,2,39,3,,8163,4813,0,0.69834,,,0.87725,0.15000,1.45925962e-05,0.000729627581,,,,0,,,,,,
58.500000,585,,,15.9283,,,0.0439,0.2490,0.87037,0.0000,0x00,2,39,3,,8163,4813,0,0.69834,,,0.87037,0.15000,1.45248281e-05,0.000731080063,,,,0,,,,,,
58.600000,586,,,15.9284,,,0.0437,0.2479,0.86349,0.0000,0x00,2,39,3,,8163,4813,0,0.69833,,,0.86349,0.15000,1.44572449e-05,0.000732525788,,,,0,,,,,,
58.700000,587,,,15.9285,,,0.0435,0.2467,0.85661,0.0000,0x00,2,39,3,,8163,4813,0,0.69833,,,0.85661,0.15000,1.43898465e-05,0.000733964773,,,,0,,,,,,
58.800000,588,,,15.9286,,,0.0433,0.2456,0.84974,0.0000,0x00,2,39,3,,8163,4813,0,0.69833,,,0.84974,0.15000,1.43226331e-05,0.000735397036,,,,0,,,,,,
58.900000,589,,,15.9287,,,0.0431,0.2444,0.84286,0.0000,0x00,2,39,3,,8163,4813,0,0.69832,,,0.84286,0.15000,1.42556046e-05,0.000736822596,,,,0,,,,,,
59.000000,590,,,15.9283,,,0.0440,0.2496,0.83598,0.0000,0x00,2,39,3,,8163,4813,0,0.69832,,,0.83598,0.15000,1.45569789e-05,0.000738278294,,,,0,,,,,,
59.100000,591,,,15.9277,,,0.0452,0.2559,0.83598,0.0000,0x00,2,39,3,,8163,4813,0,0.69832,,,0.83598,0.15000,1.49251967e-05,0.000739770814,,,,0,,,,,,
59.200000,592,,,15.9277,,,0.0452,0.2559,0.83598,0.0000,0x00,2,39,3,,8163,4813,0,0.69831,,,0.83598,0.15000,1.49251967e-05,0.000741263334,,,,0,,,,,,
59.300000,593,,,15.9277,,,0.0452,0.2559,0.83598,0.0000,0x00,2,39,3,,8163,4813,0,0.69831,,,0.83598,0.15000,1.49251967e-05,0.000742755853,,,,0,,,,,,
59.400000,594,,,15.9277,,,0.0452,0.2559,0.83598,0.0000,0x00,2,39,3,,8163,4813,0,0.69831,,,0.83598,0.15000,1.49251967e-05,0.000744248373,,,,0,,,,,,
59.500000,595,,,15.9277,,,0.0452,0.2559,0.83598,0.0000,0x00,2,39,3,,8163,4813,0,0.69830,,,0.83598,0.15000,1.49251967e-05,0.000745740893,,,,0,,,,,,
59.600000,596,,,15.9277,,,0.0452,0.2559,0.83598,0.0000,0x00,2,39,3,,8163,4813,0,0.69830,,,0.83598,0.15000,1.49251967e-05,0.000747233412,,,,0,,,,,,
59.700000,597,,,15.9277,,,0.0452,0.2559,0.83598,0.0000,0x00,2,39,3,,8163,4813,0,0.69830,,,0.83598,0.15000,1.49251967e-05,0.000748725932,,,,0,,,,,,
59.800000,598,,,15.9277,,,0.0452,0.2559,0.83598,0.0000,0x00,2,39,3,,8163,4813,0,0.69829,,,0.83598,0.15000,1.49251967e-05,0.000750218452,,,,0,,,,,,
59.900000,599,,,15.9277,,,0.0452,0.2559,0.83598,0.0000,0x00,2,39,3,,8163,4813,0,0.69829,,,0.83598,0.15000,1.49251967e-05,0.000751710971,,,,0,,,,,,
60.000000,600,,,15.9269,,,0.0468,0.2651,0.83598,0.0000,0x00,2,39,3,,8163,4813,0,0.69829,,,0.83598,0.15000,1.54633613e-05,0.000753257307,,,,0,,,,,,
60.100000,601,,,15.9259,,,0.0488,0.2764,0.84603,0.0000,0x00,2,39,3,,8163,4813,0,0.69828,,,0.84603,0.15000,1.61210817e-05,0.000754869416,,,,0,,,,,,
60.200000,602,,,15.9258,,,0.0491,0.2785,0.85608,0.0000,0x00,2,39,3,,8163,4813,0,0.69828,,,0.85608,0.15000,1.62410326e-05,0.000756493519,,,,0,,,,,,
60.300000,603,,,15.9256,,,0.0495,0.2806,0.86614,0.0000,0x00,2,39,3,,8163,4813,0,0.69828,,,0.86614,0.15000,1.63613785e-05,0.000758129657,,,,0,,,,,,
60.400000,604,,,15.9254,,,0.0499,0.2826,0.87619,0.0000,0x00,2,39,3,,8163,4813,0,0.69827,,,0.87619,0.15000,1.64821193e-05,0.000759777869,,,,0,,,,,,
60.500000,605,,,15.9252,,,0.0502,0.2847,0.88624,0.0000,0x00,2,39,3,,8163,4813,0,0.69827,,,0.88624,0.15000,1.6603255e-05,0.000761438194,,,,0,,,,,,
60.600000,606,,,15.9250,,,0.0506,0.2868,0.89630,0.0000,0x00,2,39,3,,8163,4813,0,0.69826,,,0.89630,0.15000,1.67247857e-05,0.000763110673,,,,0,,,,,,
60.700000,607,,,15.9248,,,0.0510,0.2889,0.90635,0.0000,0x00,2,39,3,,8163,4813,0,0.69826,,,0.90635,0.15000,1.68467113e-05,0.000764795344,,,,0,,,,,,
60.800000,608,,,15.9247,,,0.0514,0.2910,0.91640,0.0000,0x00,2,39,3,,8163,4813,0,0.69826,,,0.91640,0.15000,1.69690319e-05,0.000766492247,,,,0,,,,,,
60.900000,609,,,15.9245,,,0.0517,0.2931,0.92646,0.0000,0x00,2,39,3,,8163,4813,0,0.69825,,,0.92646,0.15000,1.70917474e-05,0.000768201422,,,,0,,,,,,
61.000000,610,,,15.9242,,,0.0523,0.2963,0.93651,0.0000,0x00,2,39,3,,8163,4813,0,0.69825,,,0.93651,0.15000,1.7278319e-05,0.000769929254,,,,0,,,,,,
61.100000,611,,,15.9239,,,0.0529,0.2998,0.94762,0.0000,0x00,2,39,3,,8163,4813,0,0.69824,,,0.94762,0.15000,1.7479815e-05,0.000771677235,,,,0,,,,,,
61.200000,612,,,15.9237,,,0.0533,0.3022,0.95873,0.0000,0x00,2,39,3,,8163,4813,0,0.69824,,,0.95873,0.15000,1.76183323e-05,0.000773439068,,,,0,,,,,,
61.300000,613,,,15.9235,,,0.0537,0.3045,0.96984,0.0000,0x00,2,39,3,,8163,4813,0,0.69824,,,0.96984,0.15000,1.77573321e-05,0.000775214802,,,,0,,,,,,
61.400000,614,,,15.9233,,,0.0542,0.3069,0.98095,0.0000,0x00,2,39,3,,8163,4813,0,0.69823,,,0.98095,0.15000,1.78968143e-05,0.000777004483,,,,0,,,,,,
61.500000,615,,,15.9231,,,0.0546,0.3093,0.99206,0.0000,0x00,2,39,3,,8163,4813,0,0.69823,,,0.99206,0.15000,1.80367791e-05,0.000778808161,,,,0,,,,,,
61.600000,616,,,15.9229,,,0.0550,0.3118,1.00317,0.0000,0x00,2,39,3,,8163,4813,0,0.69822,,,1.00317,0.15000,1.81772263e-05,0.000780625884,,,,0,,,,,,
61.700000,617,,,15.9226,,,0.0554,0.3142,1.01429,0.0000,0x00,2,39,3,,8163,4813,0,0.69822,,,1.01429,0.15000,1.8318156e-05,0.000782457699,,,,0,,,,,,
61.800000,618,,,15.9224,,,0.0559,0.3166,1.02540,0.0000,0x00,2,39,3,,8163,4813,0,0.69822,,,1.02540,0.15000,1.84595681e-05,0.000784303656,,,,0,,,,,,
61.900000,619,,,15.9222,,,0.0563,0.3190,1.03651,0.0000,0x00,2,39,3,,8163,4813,0,0.69821,,,1.03651,0.15000,1.86014628e-05,0.000786163802,,,,0,,,,,,
62.000000,620,,,15.9222,,,0.0564,0.3197,1.04762,0.0000,0x00,2,39,3,,8163,4813,0,0.69821,,,1.04762,0.15000,1.86373543e-05,0.000788027538,,,,0,,,,,,
62.100000,621,,,15.9221,,,0.0565,0.3199,1.05714,0.0000,0x00,2,39,3,,8163,4813,0,0.69820,,,1.05714,0.15000,1.86513542e-05,0.000789892673,,,,0,,,,,,
62.200000,622,,,15.9220,,,0.0568,0.3220,1.06667,0.0000,0x00,2,39,3,,8163,4813,0,0.69820,,,1.06667,0.15000,1.87721941e-05,0.000791769892,,,,0,,,,,,
62.300000,623,,,15.9218,,,0.0572,0.3241,1.07619,0.0000,0x00,2,39,3,,8163,4813,0,0.69819,,,1.07619,0.15000,1.88933885e-05,0.000793659231,,,,0,,,,,,
62.400000,624,,,15.9216,,,0.0576,0.3261,1.08571,0.0000,0x00,2,39,3,,8163,4813,0,0.69819,,,1.08571,0.15000,1.90149373e-05,0.000795560725,,,,0,,,,,,
62.500000,625,,,15.9214,,,0.0579,0.3282,1.09524,0.0000,0x00,2,39,3,,8163,4813,0,0.69819,,,1.09524,0.15000,1.91368407e-05,0.000797474409,,,,0,,,,,,
62.600000,626,,,15.9212,,,0.0583,0.3303,1.10476,0.0000,0x00,2,39,3,,8163,4813,0,0.69818,,,1.10476,0.15000,1.92590984e-05,0.000799400319,,,,0,,,,,,
62.700000,627,,,15.9211,,,0.0587,0.3325,1.11429,0.0000,0x00,2,39,3,,8163,4813,0,0.69818,,,1.11429,0.15000,1.93817107e-05,0.00080133849,,,,0,,,,,,
62.800000,628,,,15.9209,,,0.0590,0.3346,1.12381,0.0000,0x00,2,39,3,,8163,4813,0,0.69817,,,1.12381,0.15000,1.95046774e-05,0.000803288958,,,,0,,,,,,
62.900000,629,,,15.9207,,,0.0594,0.3367,1.13333,0.0000,0x00,2,39,3,,8163,4813,0,0.69817,,,1.13333,0.15000,1.96279986e-05,0.000805251758,,,,0,,,,,,
63.000000,630,,,15.9206,,,0.0596,0.3375,1.14286,0.0000,0x00,2,39,3,,8163,4813,0,0.69816,,,1.14286,0.15000,1.96742303e-05,0.000807219181,,,,0,,,,,,
63.100000,631,,,15.9206,,,0.0597,0.3380,1.15132,0.0000,0x00,2,39,3,,8163,4813,0,0.69816,,,1.15132,0.15000,1.97058704e-05,0.000809189768,,,,0,,,,,,
63.200000,632,,,15.9204,,,0.0600,0.3399,1.15979,0.0000,0x00,2,39,3,,8163,4813,0,0.69816,,,1.15979,0.15000,1.98152347e-05,0.000811171291,,,,0,,,,,,
63.300000,633,,,15.9202,,,0.0603,0.3418,1.16825,0.0000,0x00,2,39,3,,8163,4813,0,0.69815,,,1.16825,0.15000,1.9924879e-05,0.000813163779,,,,0,,,,,,
63.400000,634,,,15.9201,,,0.0606,0.3437,1.17672,0.0000,0x00,2,39,3,,8163,4813,0,0.69815,,,1.17672,0.15000,2.00348034e-05,0.000815167259,,,,0,,,,,,
63.500000,635,,,15.9199,,,0.0610,0.3456,1.18519,0.0000,0x00,2,39,3,,8163,4813,0,0.69814,,,1.18519,0.15000,2.01450079e-05,0.00081718176,,,,0,,,,,,
63.600000,636,,,15.9197,,,0.0613,0.3475,1.19365,0.0000,0x00,2,39,3,,8163,4813,0,0.69814,,,1.19365,0.15000,2.02554925e-05,0.000819207309,,,,0,,,,,,
63.700000,637,,,15.9196,,,0.0617,0.3494,1.20212,0.0000,0x00,2,39,3,,8163,4813,0,0.69813,,,1.20212,0.15000,2.03662571e-05,0.000821243935,,,,0,,,,,,
63.800000,638,,,15.9194,,,0.0620,0.3513,1.21058,0.0000,0x00,2,39,3,,8163,4813,0,0.69813,,,1.21058,0.15000,2.04773019e-05,0.000823291665,,,,0,,,,,,
63.900000,639,,,15.9193,,,0.0623,0.3532,1.21905,0.0000,0x00,2,39,3,,8163,4813,0,0.69812,,,1.21905,0.15000,2.05886267e-05,0.000825350528,,,,0,,,,,,
64.000000,640,,,15.9195,,,0.0619,0.3508,1.22751,0.0000,0x00,2,39,3,,8163,4813,0,0.69812,,,1.22751,0.15000,2.04506897e-05,0.000827395597,,,,0,,,,,,
64.100000,641,,,15.9197,,,0.0614,0.3477,1.23280,0.0000,0x00,2,39,3,,8163,4813,0,0.69811,,,1.23280,0.15000,2.02688919e-05,0.000829422486,,,,0,,,,,,
64.200000,642,,,15.9196,,,0.0616,0.3489,1.23810,0.0000,0x00,2,39,3,,8163,4813,0,0.69811,,,1.23810,0.15000,2.03367454e-05,0.000831456161,,,,0,,,,,,
64.300000,643,,,15.9195,,,0.0618,0.3500,1.24339,0.0000,0x00,2,39,3,,8163,4813,0,0.69810,,,1.24339,0.15000,2.04047082e-05,0.000833496632,,,,0,,,,,,
64.400000,644,,,15.9194,,,0.0620,0.3512,1.24868,0.0000,0x00,2,39,3,,8163,4813,0,0.69810,,,1.24868,0.15000,2.04727805e-05,0.00083554391,,,,0,,,,,,
64.500000,645,,,15.9193,,,0.0622,0.3524,1.25397,0.0000,0x00,2,39,3,,8163,4813,0,0.69809,,,1.25397,0.15000,2.05409622e-05,0.000837598006,,,,0,,,,,,
64.600000,646,,,15.9192,,,0.0624,0.3535,1.25926,0.0000,0x00,2,39,3,,8163,4813,0,0.69809,,,1.25926,0.15000,2.06092532e-05,0.000839658931,,,,0,,,,,,
64.700000,647,,,15.9191,,,0.0626,0.3547,1.26455,0.0000,0x00,2,39,3,,8163,4813,0,0.69809,,,1.26455,0.15000,2.06776537e-05,0.000841726697,,,,0,,,,,,
64.800000,648,,,15.9190,,,0.0628,0.3559,1.26984,0.0000,0x00,2,39,3,,8163,4813,0,0.69808,,,1.26984,0.15000,2.07461636e-05,0.000843801313,,,,0,,,,,,
64.900000,649,,,15.9189,,,0.0630,0.3571,1.27513,0.0000,0x00,2,39,3,,8163,4813,0,0.69808,,,1.27513,0.15000,2.08147829e-05,0.000845882791,,,,0,,,,,,
65.000000,650,,,15.9192,,,0.0624,0.3538,1.28042,0.0000,0x00,2,39,3,,8163,4813,0,0.69807,,,1.28042,0.15000,2.06232137e-05,0.000847945113,,,,0,,,,,,
65.100000,651,,,15.9195,,,0.0617,0.3498,1.28254,0.0000,0x00,2,39,3,,8163,4813,0,0.69807,,,1.28254,0.15000,2.03895773e-05,0.00084998407,,,,0,,,,,,
65.200000,652,,,15.9195,,,0.0618,0.3502,1.28466,0.0000,0x00,2,39,3,,8163,4813,0,0.69806,,,1.28466,0.15000,2.04162565e-05,0.000852025696,,,,0,,,,,,
65.300000,653,,,15.9195,,,0.0619,0.3507,1.28677,0.0000,0x00,2,39,3,,8163,4813,0,0.69806,,,1.28677,0.15000,2.04429531e-05,0.000854069991,,,,0,,,,,,
65.400000,654,,,15.9194,,,0.0620,0.3511,1.28889,0.0000,0x00,2,39,3,,8163,4813,0,0.69805,,,1.28889,0.15000,2.04696672e-05,0.000856116958,,,,0,,,,,,
65.500000,655,,,15.9194,,,0.0620,0.3516,1.29101,0.0000,0x00,2,39,3,,8163,4813,0,0.69805,,,1.29101,0.15000,2.04963989e-05,0.000858166598,,,,0,,,,,,
65.600000,656,,,15.9193,,,0.0621,0.3521,1.29312,0.0000,0x00,2,39,3,,8163,4813,0,0.69804,,,1.29312,0.15000,2.0523148e-05,0.000860218913,,,,0,,,,,,
65.700000,657,,,15.9193,,,0.0622,0.3525,1.29524,0.0000,0x00,2,39,3,,8163,4813,0,0.69804,,,1.29524,0.15000,2.05499147e-05,0.000862273904,,,,0,,,,,,
65.800000,658,,,15.9193,,,0.0623,0.3530,1.29735,0.0000,0x00,2,39,3,,8163,4813,0,0.69803,,,1.29735,0.15000,2.05766988e-05,0.000864331574,,,,0,,,,,,
65.900000,659,,,15.9192,,,0.0624,0.3534,1.29947,0.0000,0x00,2,39,3,,8163,4813,0,0.69803,,,1.29947,0.15000,2.06035005e-05,0.000866391924,,,,0,,,,,,
66.000000,660,,,15.9193,,,0.0623,0.3532,1.30159,0.0000,0x00,2,39,3,,8163,4813,0,0.69802,,,1.30159,0.15000,2.05862196e-05,0.000868450546,,,,0,,,,,,
66.100000,661,,,15.9193,,,0.0622,0.3527,1.30317,0.0000,0x00,2,39,3,,8163,4813,0,0.69802,,,1.30317,0.15000,2.05621378e-05,0.00087050676,,,,0,,,,,,
66.200000,662,,,15.9193,,,0.0623,0.3531,1.30476,0.0000,0x00,2,39,3,,8163,4813,0,0.69801,,,1.30476,0.15000,2.0582166e-05,0.000872564976,,,,0,,,,,,
66.300000,663,,,15.9192,,,0.0624,0.3534,1.30635,0.0000,0x00,2,39,3,,8163,4813,0,0.69801,,,1.30635,0.15000,2.0602204e-05,0.000874625197,,,,0,,,,,,
66.400000,664,,,15.9192,,,0.0624,0.3538,1.30794,0.0000,0x00,2,39,3,,8163,4813,0,0.69801,,,1.30794,0.15000,2.06222518e-05,0.000876687422,,,,0,,,,,,
66.500000,665,,,15.9192,,,0.0625,0.3541,1.30952,0.0000,0x00,2,39,3,,8163,4813,0,0.69800,,,1.30952,0.15000,2.06423095e-05,0.000878751653,,,,0,,,,,,
66.600000,666,,,15.9191,,,0.0626,0.3545,1.31111,0.0000,0x00,2,39,3,,8163,4813,0,0.69800,,,1.31111,0.15000,2.0662377e-05,0.000880817891,,,,0,,,,,,
66.700000,667,,,15.9191,,,0.0626,0.3548,1.31270,0.0000,0x00,2,39,3,,8163,4813,0,0.69799,,,1.31270,0.15000,2.06824544e-05,0.000882886136,,,,0,,,,,,
66.800000,668,,,15.9191,,,0.0627,0.3552,1.31429,0.0000,0x00,2,39,3,,8163,4813,0,0.69799,,,1.31429,0.15000,2.07025416e-05,0.00088495639,,,,0,,,,,,
66.900000,669,,,15.9191,,,0.0627,0.3555,1.31587,0.0000,0x00,2,39,3,,8163,4813,0,0.69798,,,1.31587,0.15000,2.07226387e-05,0.000887028654,,,,0,,,,,,
67.000000,670,,,15.9192,,,0.0625,0.3543,1.31746,0.0000,0x00,2,39,3,,8163,4813,0,0.69798,,,1.31746,0.15000,2.06534699e-05,0.000889094001,,,,0,,,,,,
67.100000,671,,,15.9193,,,0.0623,0.3529,1.31799,0.0000,0x00,2,39,3,,8163,4813,0,0.69797,,,1.31799,0.15000,2.05708269e-05,0.000891151084,,,,0,,,,,,
67.200000,672,,,15.9193,,,0.0623,0.3530,1.31852,0.0000,0x00,2,39,3,,8163,4813,0,0.69797,,,1.31852,0.15000,2.05774608e-05,0.00089320883,,,,0,,,,,,
67.300000,673,,,15.9193,,,0.0623,0.3531,1.31905,0.0000,0x00,2,39,3,,8163,4813,0,0.69796,,,1.31905,0.15000,2.05840958e-05,0.000895267239,,,,0,,,,,,
67.400000,674,,,15.9192,,,0.0623,0.3532,1.31958,0.0000,0x00,2,39,3,,8163,4813,0,0.69796,,,1.31958,0.15000,2.05907319e-05,0.000897326313,,,,0,,,,,,
67.500000,675,,,15.9192,,,0.0624,0.3533,1.32011,0.0000,0x00,2,39,3,,8163,4813,0,0.69795,,,1.32011,0.15000,2.0597369e-05,0.00089938605,,,,0,,,,,,
67.600000,676,,,15.9192,,,0.0624,0.3535,1.32063,0.0000,0x00,2,39,3,,8163,4813,0,0.69795,,,1.32063,0.15000,2.06040073e-05,0.00090144645,,,,0,,,,,,
67.700000,677,,,15.9192,,,0.0624,0.3536,1.32116,0.0000,0x00,2,39,3,,8163,4813,0,0.69794,,,1.32116,0.15000,2.06106466e-05,0.000903507515,,,,0,,,,,,
67.800000,678,,,15.9192,,,0.0624,0.3537,1.32169,0.0000,0x00,2,39,3,,8163,4813,0,0.69794,,,1.32169,0.15000,2.06172871e-05,0.000905569244,,,,0,,,,,,
67.900000,679,,,15.9192,,,0.0624,0.3538,1.32222,0.0000,0x00,2,39,3,,8163,4813,0,0.69793,,,1.32222,0.15000,2.06239286e-05,0.000907631637,,,,0,,,,,,
68.000000,680,,,15.9195,,,0.0618,0.3501,1.32275,0.0000,0x00,2,39,3,,8163,4813,0,0.69793,,,1.32275,0.15000,2.04064856e-05,0.000909672285,,,,0,,,,,,
68.100000,681,,,15.9199,,,0.0610,0.3458,1.32063,0.0000,0x00,2,39,3,,8163,4813,0,0.69792,,,1.32063,0.15000,2.0156553e-05,0.00091168794,,,,0,,,,,,
68.200000,682,,,15.9199,,,0.0609,0.3453,1.31852,0.0000,0x00,2,39,3,,8163,4813,0,0.69792,,,1.31852,0.15000,2.01307236e-05,0.000913701013,,,,0,,,,,,
68.300000,683,,,15.9200,,,0.0609,0.3449,1.31640,0.0000,0x00,2,39,3,,8163,4813,0,0.69792,,,1.31640,0.15000,2.01049117e-05,0.000915711504,,,,0,,,,,,
68.400000,684,,,15.9200,,,0.0608,0.3444,1.31429,0.0000,0x00,2,39,3,,8163,4813,0,0.69791,,,1.31429,0.15000,2.00791173e-05,0.000917719416,,,,0,,,,,,
68.500000,685,,,15.9201,,,0.0607,0.3440,1.31217,0.0000,0x00,2,39,3,,8163,4813,0,0.69791,,,1.31217,0.15000,2.00533404e-05,0.00091972475,,,,0,,,,,,
68.600000,686,,,15.9201,,,0.0606,0.3436,1.31005,0.0000,0x00,2,39,3,,8163,4813,0,0.69790,,,1.31005,0.15000,2.00275811e-05,0.000921727508,,,,0,,,,,,
68.700000,687,,,15.9201,,,0.0605,0.3431,1.30794,0.0000,0x00,2,39,3,,8163,4813,0,0.69790,,,1.30794,0.15000,2.00018392e-05,0.000923727692,,,,0,,,,,,
68.800000,688,,,15.9202,,,0.0605,0.3427,1.30582,0.0000,0x00,2,39,3,,8163,4813,0,0.69789,,,1.30582,0.15000,1.99761148e-05,0.000925725303,,,,0,,,,,,
68.900000,689,,,15.9202,,,0.0604,0.3422,1.30370,0.0000,0x00,2,39,3,,8163,4813,0,0.69789,,,1.30370,0.15000,1.9950408e-05,0.000927720344,,,,0,,,,,,
69.000000,690,,,15.9200,,,0.0607,0.3441,1.30159,0.0000,0x00,2,39,3,,8163,4813,0,0.69788,,,1.30159,0.15000,2.00570188e-05,0.000929726046,,,,0,,,,,,
69.100000,691,,,15.9199,,,0.0611,0.3462,1.30106,0.0000,0x00,2,39,3,,8163,4813,0,0.69788,,,1.30106,0.15000,2.01827919e-05,0.000931744325,,,,0,,,,,,
69.200000,692,,,15.9199,,,0.0611,0.3461,1.30053,0.0000,0x00,2,39,3,,8163,4813,0,0.69787,,,1.30053,0.15000,2.01762658e-05,0.000933761952,,,,0,,,,,,
69.300000,693,,,15.9199,,,0.0611,0.3460,1.30000,0.0000,0x00,2,39,3,,8163,4813,0,0.69787,,,1.30000,0.15000,2.01697408e-05,0.000935778926,,,,0,,,,,,
69.400000,694,,,15.9199,,,0.0610,0.3459,1.29947,0.0000,0x00,2,39,3,,8163,4813,0,0.69786,,,1.29947,0.15000,2.01632169e-05,0.000937795247,,,,0,,,,,,
69.500000,695,,,15.9199,,,0.0610,0.3458,1.29894,0.0000,0x00,2,39,3,,8163,4813,0,0.69786,,,1.29894,0.15000,2.01566941e-05,0.000939810917,,,,0,,,,,,
69.600000,696,,,15.9199,,,0.0610,0.3457,1.29841,0.0000,0x00,2,39,3,,8163,4813,0,0.69786,,,1.29841,0.15000,2.01501725e-05,0.000941825934,,,,0,,,,,,
69.700000,697,,,15.9199,,,0.0610,0.3455,1.29788,0.0000,0x00,2,39,3,,8163,4813,0,0.69785,,,1.29788,0.15000,2.01436519e-05,0.000943840299,,,,0,,,,,,
69.800000,698,,,15.9199,,,0.0610,0.3454,1.29735,0.0000,0x00,2,39,3,,8163,4813,0,0.69785,,,1.29735,0.15000,2.01371323e-05,0.000945854012,,,,0,,,,,,
69.900000,699,,,15.9199,,,0.0609,0.3453,1.29683,0.0000,0x00,2,39,3,,8163,4813,0,0.69784,,,1.29683,0.15000,2.01306139e-05,0.000947867074,,,,0,,,,,,
70.000000,700,,,15.9197,,,0.0613,0.3475,1.29630,0.0000,0x00,2,39,3,,8163,4813,0,0.69784,,,1.29630,0.15000,2.0255859e-05,0.00094989266,,,,0,,,,,,
70.100000,701,,,15.9195,,,0.0618,0.3500,1.29735,0.0000,0x00,2,39,3,,8163,4813,0,0.69783,,,1.29735,0.15000,2.04008722e-05,0.000951932747,,,,0,,,,,,
70.200000,702,,,15.9195,,,0.0618,0.3502,1.29841,0.0000,0x00,2,39,3,,8163,4813,0,0.69783,,,1.29841,0.15000,2.04141275e-05,0.00095397416,,,,0,,,,,,
70.300000,703,,,15.9195,,,0.0618,0.3504,1.29947,0.0000,0x00,2,39,3,,8163,4813,0,0.69782,,,1.29947,0.15000,2.04273871e-05,0.000956016898,,,,0,,,,,,
70.400000,704,,,15.9195,,,0.0619,0.3506,1.30053,0.0000,0x00,2,39,3,,8163,4813,0,0.69782,,,1.30053,0.15000,2.04406511e-05,0.000958060964,,,,0,,,,,,
70.500000,705,,,15.9195,,,0.0619,0.3509,1.30159,0.0000,0x00,2,39,3,,8163,4813,0,0.69781,,,1.30159,0.15000,2.04539194e-05,0.000960106355,,,,0,,,,,,
70.600000,706,,,15.9194,,,0.0620,0.3511,1.30265,0.0000,0x00,2,39,3,,8163,4813,0,0.69781,,,1.30265,0.15000,2.04671921e-05,0.000962153075,,,,0,,,,,,
70.700000,707,,,15.9194,,,0.0620,0.3513,1.30370,0.0000,0x00,2,39,3,,8163,4813,0,0.69780,,,1.30370,0.15000,2.04804692e-05,0.000964201122,,,,0,,,,,,
70.800000,708,,,15.9194,,,0.0620,0.3516,1.30476,0.0000,0x00,2,39,3,,8163,4813,0,0.69780,,,1.30476,0.15000,2.04937507e-05,0.000966250497,,,,0,,,,,,
70.900000,709,,,15.9194,,,0.0621,0.3518,1.30582,0.0000,0x00,2,39,3,,8163,4813,0,0.69780,,,1.30582,0.15000,2.05070366e-05,0.0009683012,,,,0,,,,,,
71.000000,710,,,15.9194,,,0.0620,0.3513,1.30688,0.0000,0x00,2,39,3,,8163,4813,0,0.69779,,,1.30688,0.15000,2.04760475e-05,0.000970348805,,,,0,,,,,,
71.100000,711,,,15.9195,,,0.0619,0.3506,1.30741,0.0000,0x00,2,39,3,,8163,4813,0,0.69779,,,1.30741,0.15000,2.04383791e-05,0.000972392643,,,,0,,,,,,
71.200000,712,,,15.9195,,,0.0619,0.3507,1.30794,0.0000,0x00,2,39,3,,8163,4813,0,0.69778,,,1.30794,0.15000,2.04449911e-05,0.000974437142,,,,0,,,,,,
71.300000,713,,,15.9195,,,0.0619,0.3508,1.30847,0.0000,0x00,2,39,3,,8163,4813,0,0.69778,,,1.30847,0.15000,2.04516042e-05,0.000976482303,,,,0,,,,,,
71.400000,714,,,15.9194,,,0.0619,0.3510,1.30899,0.0000,0x00,2,39,3,,8163,4813,0,0.69777,,,1.30899,0.15000,2.04582184e-05,0.000978528124,,,,0,,,,,,
71.500000,715,,,15.9194,,,0.0620,0.3511,1.30952,0.0000,0x00,2,39,3,,8163,4813,0,0.69777,,,1.30952,0.15000,2.04648336e-05,0.000980574608,,,,0,,,,,,
71.600000,716,,,15.9194,,,0.0620,0.3512,1.31005,0.0000,0x00,2,39,3,,8163,4813,0,0.69776,,,1.31005,0.15000,2.047145e-05,0.000982621753,,,,0,,,,,,
71.700000,717,,,15.9194,,,0.0620,0.3513,1.31058,0.0000,0x00,2,39,3,,8163,4813,0,0.69776,,,1.31058,0.15000,2.04780675e-05,0.000984669559,,,,0,,,,,,
71.800000,718,,,15.9194,,,0.0620,0.3514,1.31111,0.0000,0x00,2,39,3,,8163,4813,0,0.69775,,,1.31111,0.15000,2.0484686e-05,0.000986718028,,,,0,,,,,,
71.900000,719,,,15.9194,,,0.0620,0.3515,1.31164,0.0000,0x00,2,39,3,,8163,4813,0,0.69775,,,1.31164,0.15000,2.04913057e-05,0.000988767159,,,,0,,,,,,
72.000000,720,,,15.9195,,,0.0618,0.3501,1.31217,0.0000,0x00,2,39,3,,8163,4813,0,0.69774,,,1.31217,0.15000,2.04090093e-05,0.00099080806,,,,0,,,,,,
72.100000,721,,,15.9197,,,0.0615,0.3485,1.31164,0.0000,0x00,2,39,3,,8163,4813,0,0.69774,,,1.31164,0.15000,2.0313543e-05,0.000992839414,,,,0,,,,,,
72.200000,722,,,15.9197,,,0.0615,0.3484,1.31111,0.0000,0x00,2,39,3,,8163,4813,0,0.69773,,,1.31111,0.15000,2.03069951e-05,0.000994870113,,,,0,,,,,,
72.300000,723,,,15.9197,,,0.0615,0.3482,1.31058,0.0000,0x00,2,39,3,,8163,4813,0,0.69773,,,1.31058,0.15000,2.03004482e-05,0.000996900158,,,,0,,,,,,
72.400000,724,,,15.9197,,,0.0614,0.3481,1.31005,0.0000,0x00,2,39,3,,8163,4813,0,0.69772,,,1.31005,0.15000,2.02939024e-05,0.000998929548,,,,0,,,,,,
72.500000,725,,,15.9197,,,0.0614,0.3480,1.30952,0.0000,0x00,2,39,3,,8163,4813,0,0.69772,,,1.30952,0.15000,2.02873578e-05,0.00100095828,,,,0,,,,,,
72.600000,726,,,15.9197,,,0.0614,0.3479,1.30899,0.0000,0x00,2,39,3,,8163,4813,0,0.69772,,,1.30899,0.15000,2.02808142e-05,0.00100298637,,,,0,,,,,,
72.700000,727,,,15.9197,,,0.0614,0.3478,1.30847,0.0000,0x00,2,39,3,,8163,4813,0,0.69771,,,1.30847,0.15000,2.02742717e-05,0.00100501379,,,,0,,,,,,
72.800000,728,,,15.9197,,,0.0614,0.3477,1.30794,0.0000,0x00,2,39,3,,8163,4813,0,0.69771,,,1.30794,0.15000,2.02677303e-05,0.00100704057,,,,0,,,,,,
72.900000,729,,,15.9197,,,0.0613,0.3476,1.30741,0.0000,0x00,2,39,3,,8163,4813,0,0.69770,,,1.30741,0.15000,2.026119e-05,0.00100906668,,,,0,,,,,,
73.000000,730,,,15.9198,,,0.0613,0.3475,1.30688,0.0000,0x00,2,39,3,,8163,4813,0,0.69770,,,1.30688,0.15000,2.02546508e-05,0.00101109215,,,,0,,,,,,
73.100000,731,,,15.9198,,,0.0613,0.3473,1.30635,0.0000,0x00,2,39,3,,8163,4813,0,0.69769,,,1.30635,0.15000,2.02481127e-05,0.00101311696,,,,0,,,,,,
73.200000,732,,,15.9198,,,0.0613,0.3472,1.30582,0.0000,0x00,2,39,3,,8163,4813,0,0.69769,,,1.30582,0.15000,2.02415757e-05,0.00101514112,,,,0,,,,,,
73.300000,733,,,15.9198,,,0.0613,0.3471,1.30529,0.0000,0x00,2,39,3,,8163,4813,0,0.69768,,,1.30529,0.15000,2.02350398e-05,0.00101716462,,,,0,,,,,,
73.400000,734,,,15.9198,,,0.0612,0.3470,1.30476,0.0000,0x00,2,39,3,,8163,4813,0,0.69768,,,1.30476,0.15000,2.0228505e-05,0.00101918747,,,,0,,,,,,
73.500000,735,,,15.9198,,,0.0612,0.3469,1.30423,0.0000,0x00,2,39,3,,8163,4813,0,0.69767,,,1.30423,0.15000,2.02219713e-05,0.00102120967,,,,0,,,,,,
73.600000,736,,,15.9198,,,0.0612,0.3468,1.30370,0.0000,0x00,2,39,3,,8163,4813,0,0.69767,,,1.30370,0.15000,2.02154386e-05,0.00102323121,,,,0,,,,,,
73.700000,737,,,15.9198,,,0.0612,0.3467,1.30317,0.0000,0x00,2,39,3,,8163,4813,0,0.69766,,,1.30317,0.15000,2.02089071e-05,0.0010252521,,,,0,,,,,,
73.800000,738,,,15.9198,,,0.0612,0.3466,1.30265,0.0000,0x00,2,39,3,,8163,4813,0,0.69766,,,1.30265,0.15000,2.02023766e-05,0.00102727234,,,,0,,,,,,
73.900000,739,,,15.9198,,,0.0611,0.3464,1.30212,0.0000,0x00,2,39,3,,8163,4813,0,0.69766,,,1.30212,0.15000,2.01958473e-05,0.00102929193,,,,0,,,,,,
74.000000,740,,,15.9198,,,0.0613,0.3471,1.30159,0.0000,0x00,2,39,3,,8163,4813,0,0.69765,,,1.30159,0.15000,2.02334191e-05,0.00103131527,,,,0,,,,,,
74.100000,741,,,15.9197,,,0.0614,0.3478,1.30159,0.0000,0x00,2,39,3,,8163,4813,0,0.69765,,,1.30159,0.15000,2.02775192e-05,0.00103334302,,,,0,,,,,,
74.200000,742,,,15.9197,,,0.0614,0.3478,1.30159,0.0000,0x00,2,39,3,,8163,4813,0,0.69764,,,1.30159,0.15000,2.02775192e-05,0.00103537077,,,,0,,,,,,
74.300000,743,,,15.9197,,,0.0614,0.3478,1.30159,0.0000,0x00,2,39,3,,8163,4813,0,0.69764,,,1.30159,0.15000,2.02775192e-05,0.00103739853,,,,0,,,,,,
74.400000,744,,,15.9197,,,0.0614,0.3478,1.30159,0.0000,0x00,2,39,3,,8163,4813,0,0.69763,,,1.30159,0.15000,2.02775192e-05,0.00103942628,,,,0,,,,,,
74.500000,745,,,15.9197,,,0.0614,0.3478,1.30159,0.0000,0x00,2,39,3,,8163,4813,0,0.69763,,,1.30159,0.15000,2.02775192e-05,0.00104145403,,,,0,,,,,,
74.600000,746,,,15.9197,,,0.0614,0.3478,1.30159,0.0000,0x00,2,39,3,,8163,4813,0,0.69762,,,1.30159,0.15000,2.02775192e-05,0.00104348178,,,,0,,,,,,
74.700000,747,,,15.9197,,,0.0614,0.3478,1.30159,0.0000,0x00,2,39,3,,8163,4813,0,0.69762,,,1.30159,0.15000,2.02775192e-05,0.00104550953,,,,0,,,,,,
74.800000,748,,,15.9197,,,0.0614,0.3478,1.30159,0.0000,0x00,2,39,3,,8163,4813,0,0.69761,,,1.30159,0.15000,2.02775192e-05,0.00104753728,,,,0,,,,,,
74.900000,749,,,15.9197,,,0.0614,0.3478,1.30159,0.0000,0x00,2,39,3,,8163,4813,0,0.69761,,,1.30159,0.15000,2.02775192e-05,0.00104956504,,,,0,,,,,,
75.000000,750,,,15.9194,,,0.0621,0.3516,1.30159,0.0000,0x00,2,39,3,,8163,4813,0,0.69760,,,1.30159,0.15000,2.04980195e-05,0.00105161484,,,,0,,,,,,
75.100000,751,,,15.9190,,,0.0628,0.3560,1.30423,0.0000,0x00,2,39,3,,8163,4813,0,0.69760,,,1.30423,0.15000,2.07522476e-05,0.00105369006,,,,0,,,,,,
75.200000,752,,,15.9190,,,0.0629,0.3566,1.30688,0.0000,0x00,2,39,3,,8163,4813,0,0.69759,,,1.30688,0.15000,2.07860028e-05,0.00105576866,,,,0,,,,,,
75.300000,753,,,15.9189,,,0.0630,0.3572,1.30952,0.0000,0x00,2,39,3,,8163,4813,0,0.69759,,,1.30952,0.15000,2.08197853e-05,0.00105785064,,,,0,,,,,,
75.400000,754,,,15.9189,,,0.0631,0.3577,1.31217,0.0000,0x00,2,39,3,,8163,4813,0,0.69759,,,1.31217,0.15000,2.08535952e-05,0.001059936,,,,0,,,,,,
75.500000,755,,,15.9188,,,0.0632,0.3583,1.31481,0.0000,0x00,2,39,3,,8163,4813,0,0.69758,,,1.31481,0.15000,2.08874325e-05,0.00106202474,,,,0,,,,,,
75.600000,756,,,15.9188,,,0.0633,0.3589,1.31746,0.0000,0x00,2,39,3,,8163,4813,0,0.69758,,,1.31746,0.15000,2.09212971e-05,0.00106411687,,,,0,,,,,,
75.700000,757,,,15.9187,,,0.0634,0.3595,1.32011,0.0000,0x00,2,39,3,,8163,4813,0,0.69757,,,1.32011,0.15000,2.0955189e-05,0.00106621239,,,,0,,,,,,
75.800000,758,,,15.9187,,,0.0635,0.3601,1.32275,0.0000,0x00,2,39,3,,8163,4813,0,0.69757,,,1.32275,0.15000,2.09891083e-05,0.0010683113,,,,0,,,,,,
75.900000,759,,,15.9186,,,0.0636,0.3607,1.32540,0.0000,0x00,2,39,3,,8163,4813,0,0.69756,,,1.32540,0.15000,2.1023055e-05,0.00107041361,,,,0,,,,,,
76.000000,760,,,15.9186,,,0.0637,0.3612,1.32804,0.0000,0x00,2,39,3,,8163,4813,0,0.69756,,,1.32804,0.15000,2.1057029e-05,0.00107251931,,,,0,,,,,,
76.100000,761,,,15.9185,,,0.0639,0.3618,1.33069,0.0000,0x00,2,39,3,,8163,4813,0,0.69755,,,1.33069,0.15000,2.10910303e-05,0.00107462842,,,,0,,,,,,
76.200000,762,,,15.9184,,,0.0640,0.3624,1.33333,0.0000,0x00,2,39,3,,8163,4813,0,0.69755,,,1.33333,0.15000,2.1125059e-05,0.00107674092,,,,0,,,,,,
76.300000,763,,,15.9184,,,0.0641,0.3630,1.33598,0.0000,0x00,2,39,3,,8163,4813,0,0.69754,,,1.33598,0.15000,2.11591151e-05,0.00107885683,,,,0,,,,,,
76.400000,764,,,15.9183,,,0.0642,0.3636,1.33862,0.0000,0x00,2,39,3,,8163,4813,0,0.69754,,,1.33862,0.15000,2.11931985e-05,0.00108097615,,,,0,,,,,,
76.500000,765,,,15.9183,,,0.0643,0.3642,1.34127,0.0000,0x00,2,39,3,,8163,4813,0,0.69753,,,1.34127,0.15000,2.12273092e-05,0.00108309888,,,,0,,,,,,
76.600000,766,,,15.9182,,,0.0644,0.3648,1.34392,0.0000,0x00,2,39,3,,8163,4813,0,0.69753,,,1.34392,0.15000,2.12614473e-05,0.00108522503,,,,0,,,,,,
76.700000,767,,,15.9182,,,0.0645,0.3653,1.34656,0.0000,0x00,2,39,3,,8163,4813,0,0.69752,,,1.34656,0.15000,2.12956128e-05,0.00108735459,,,,0,,,,,,
76.800000,768,,,15.9181,,,0.0646,0.3659,1.34921,0.0000,0x00,2,39,3,,8163,4813,0,0.69752,,,1.34921,0.15000,2.13298056e-05,0.00108948757,,,,0,,,,,,
76.900000,769,,,15.9181,,,0.0647,0.3665,1.35185,0.0000,0x00,2,39,3,,8163,4813,0,0.69751,,,1.35185,0.15000,2.13640258e-05,0.00109162397,,,,0,,,,,,
77.000000,770,,,15.9183,,,0.0642,0.3640,1.35450,0.0000,0x00,2,39,3,,8163,4813,0,0.69751,,,1.35450,0.15000,2.12147023e-05,0.00109374544,,,,0,,,,,,
77.100000,771,,,15.9186,,,0.0637,0.3609,1.35503,0.0000,0x00,2,39,3,,8163,4813,0,0.69750,,,1.35503,0.15000,2.10378407e-05,0.00109584923,,,,0,,,,,,
77.200000,772,,,15.9186,,,0.0637,0.3610,1.35556,0.0000,0x00,2,39,3,,8163,4813,0,0.69750,,,1.35556,0.15000,2.10445512e-05,0.00109795368,,,,0,,,,,,
77.300000,773,,,15.9186,,,0.0637,0.3611,1.35608,0.0000,0x00,2,39,3,,8163,4813,0,0.69749,,,1.35608,0.15000,2.10512627e-05,0.00110005881,,,,0,,,,,,
77.400000,774,,,15.9185,,,0.0638,0.3613,1.35661,0.0000,0x00,2,39,3,,8163,4813,0,0.69749,,,1.35661,0.15000,2.10579754e-05,0.00110216461,,,,0,,,,,,
77.500000,775,,,15.9185,,,0.0638,0.3614,1.35714,0.0000,0x00,2,39,3,,8163,4813,0,0.69748,,,1.35714,0.15000,2.10646891e-05,0.00110427108,,,,0,,,,,,
77.600000,776,,,15.9185,,,0.0638,0.3615,1.35767,0.0000,0x00,2,39,3,,8163,4813,0,0.69748,,,1.35767,0.15000,2.1071404e-05,0.00110637822,,,,0,,,,,,
77.700000,777,,,15.9185,,,0.0638,0.3616,1.35820,0.0000,0x00,2,39,3,,8163,4813,0,0.69747,,,1.35820,0.15000,2.10781199e-05,0.00110848603,,,,0,,,,,,
77.800000,778,,,15.9185,,,0.0638,0.3617,1.35873,0.0000,0x00,2,39,3,,8163,4813,0,0.69747,,,1.35873,0.15000,2.10848369e-05,0.00111059451,,,,0,,,,,,
77.900000,779,,,15.9185,,,0.0639,0.3618,1.35926,0.0000,0x00,2,39,3,,8163,4813,0,0.69746,,,1.35926,0.15000,2.1091555e-05,0.00111270367,,,,0,,,,,,
78.000000,780,,,15.9188,,,0.0633,0.3588,1.35979,0.0000,0x00,2,39,3,,8163,4813,0,0.69746,,,1.35979,0.15000,2.09139862e-05,0.00111479507,,,,0,,,,,,
78.100000,781,,,15.9191,,,0.0627,0.3553,1.35820,0.0000,0x00,2,39,3,,8163,4813,0,0.69745,,,1.35820,0.15000,2.0709974e-05,0.00111686606,,,,0,,,,,,
78.200000,782,,,15.9191,,,0.0626,0.3549,1.35661,0.0000,0x00,2,39,3,,8163,4813,0,0.69745,,,1.35661,0.15000,2.06902597e-05,0.00111893509,,,,0,,,,,,
78.300000,783,,,15.9191,,,0.0626,0.3546,1.35503,0.0000,0x00,2,39,3,,8163,4813,0,0.69745,,,1.35503,0.15000,2.06705553e-05,0.00112100214,,,,0,,,,,,
78.400000,784,,,15.9192,,,0.0625,0.3543,1.35344,0.0000,0x00,2,39,3,,8163,4813,0,0.69744,,,1.35344,0.15000,2.06508607e-05,0.00112306723,,,,0,,,,,,
78.500000,785,,,15.9192,,,0.0625,0.3539,1.35185,0.0000,0x00,2,39,3,,8163,4813,0,0.69744,,,1.35185,0.15000,2.0631176e-05,0.00112513035,,,,0,,,,,,
78.600000,786,,,15.9192,,,0.0624,0.3536,1.35026,0.0000,0x00,2,39,3,,8163,4813,0,0.69743,,,1.35026,0.15000,2.06115011e-05,0.0011271915,,,,0,,,,,,
78.700000,787,,,15.9192,,,0.0623,0.3532,1.34868,0.0000,0x00,2,39,3,,8163,4813,0,0.69743,,,1.34868,0.15000,2.05918361e-05,0.00112925068,,,,0,,,,,,
78.800000,788,,,15.9193,,,0.0623,0.3529,1.34709,0.0000,0x00,2,39,3,,8163,4813,0,0.69742,,,1.34709,0.15000,2.05721809e-05,0.0011313079,,,,0,,,,,,
78.900000,789,,,15.9193,,,0.0622,0.3526,1.34550,0.0000,0x00,2,39,3,,8163,4813,0,0.69742,,,1.34550,0.15000,2.05525355e-05,0.00113336315,,,,0,,,,,,
79.000000,790,,,15.9195,,,0.0619,0.3507,1.34392,0.0000,0x00,2,39,3,,8163,4813,0,0.69741,,,1.34392,0.15000,2.04418316e-05,0.00113540734,,,,0,,,,,,
79.100000,791,,,15.9197,,,0.0615,0.3485,1.34127,0.0000,0x00,2,39,3,,8163,4813,0,0.69741,,,1.34127,0.15000,2.03184177e-05,0.00113743918,,,,0,,,,,,
79.200000,792,,,15.9197,,,0.0614,0.3480,1.33862,0.0000,0x00,2,39,3,,8163,4813,0,0.69740,,,1.33862,0.15000,2.02860997e-05,0.00113946779,,,,0,,,,,,
79.300000,793,,,15.9198,,,0.0613,0.3474,1.33598,0.0000,0x00,2,39,3,,8163,4813,0,0.69740,,,1.33598,0.15000,2.02538089e-05,0.00114149317,,,,0,,,,,,
79.400000,794,,,15.9198,,,0.0612,0.3469,1.33333,0.0000,0x00,2,39,3,,8163,4813,0,0.69739,,,1.33333,0.15000,2.02215456e-05,0.00114351532,,,,0,,,,,,
79.500000,795,,,15.9198,,,0.0611,0.3463,1.33069,0.0000,0x00,2,39,3,,8163,4813,0,0.69739,,,1.33069,0.15000,2.01893096e-05,0.00114553425,,,,0,,,,,,
79.600000,796,,,15.9199,,,0.0610,0.3458,1.32804,0.0000,0x00,2,39,3,,8163,4813,0,0.69738,,,1.32804,0.15000,2.01571009e-05,0.00114754996,,,,0,,,,,,
79.700000,797,,,15.9199,,,0.0609,0.3452,1.32540,0.0000,0x00,2,39,3,,8163,4813,0,0.69738,,,1.32540,0.15000,2.01249196e-05,0.00114956246,,,,0,,,,,,
79.800000,798,,,15.9200,,,0.0608,0.3447,1.32275,0.0000,0x00,2,39,3,,8163,4813,0,0.69738,,,1.32275,0.15000,2.00927656e-05,0.00115157173,,,,0,,,,,,
79.900000,799,,,15.9200,,,0.0607,0.3441,1.32011,0.0000,0x00,2,39,3,,8163,4813,0,0.69737,,,1.32011,0.15000,2.0060639e-05,0.0011535778,,,,0,,,,,,
80.000000,800,,,15.9197,,,0.0614,0.3482,1.31746,0.0000,0x00,2,39,3,,8163,4813,0,0.69737,,,1.31746,0.15000,2.02963669e-05,0.00115560743,,,,0,,,,,,
80.100000,801,,,15.9193,,,0.0623,0.3529,1.31799,0.0000,0x00,2,39,3,,8163,4813,0,0.69736,,,1.31799,0.15000,2.05708269e-05,0.00115766452,,,,0,,,,,,
80.200000,802,,,15.9193,,,0.0623,0.3530,1.31852,0.0000,0x00,2,39,3,,8163,4813,0,0.69736,,,1.31852,0.15000,2.05774608e-05,0.00115972226,,,,0,,,,,,
80.300000,803,,,15.9193,,,0.0623,0.3531,1.31905,0.0000,0x00,2,39,3,,8163,4813,0,0.69735,,,1.31905,0.15000,2.05840958e-05,0.00116178067,,,,0,,,,,,
80.400000,804,,,15.9192,,,0.0623,0.3532,1.31958,0.0000,0x00,2,39,3,,8163,4813,0,0.69735,,,1.31958,0.15000,2.05907319e-05,0.00116383975,,,,0,,,,,,
80.500000,805,,,15.9192,,,0.0624,0.3533,1.32011,0.0000,0x00,2,39,3,,8163,4813,0,0.69734,,,1.32011,0.15000,2.0597369e-05,0.00116589948,,,,0,,,,,,
80.600000,806,,,15.9192,,,0.0624,0.3535,1.32063,0.0000,0x00,2,39,3,,8163,4813,0,0.69734,,,1.32063,0.15000,2.06040073e-05,0.00116795988,,,,0,,,,,,
80.700000,807,,,15.9192,,,0.0624,0.3536,1.32116,0.0000,0x00,2,39,3,,8163,4813,0,0.69733,,,1.32116,0.15000,2.06106466e-05,0.00117002095,,,,0,,,,,,
80.800000,808,,,15.9192,,,0.0624,0.3537,1.32169,0.0000,0x00,2,39,3,,8163,4813,0,0.69733,,,1.32169,0.15000,2.06172871e-05,0.00117208268,,,,0,,,,,,
80.900000,809,,,15.9192,,,0.0624,0.3538,1.32222,0.0000,0x00,2,39,3,,8163,4813,0,0.69732,,,1.32222,0.15000,2.06239286e-05,0.00117414507,,,,0,,,,,,
81.000000,810,,,15.9190,,,0.0629,0.3562,1.32275,0.0000,0x00,2,39,3,,8163,4813,0,0.69732,,,1.32275,0.15000,2.07650227e-05,0.00117622157,,,,0,,,,,,
81.100000,811,,,15.9187,,,0.0634,0.3590,1.32487,0.0000,0x00,2,39,3,,8163,4813,0,0.69731,,,1.32487,0.15000,2.09264858e-05,0.00117831422,,,,0,,,,,,
81.200000,812,,,15.9187,,,0.0634,0.3595,1.32698,0.0000,0x00,2,39,3,,8163,4813,0,0.69731,,,1.32698,0.15000,2.0953515e-05,0.00118040957,,,,0,,,,,,
81.300000,813,,,15.9187,,,0.0635,0.3599,1.32910,0.0000,0x00,2,39,3,,8163,4813,0,0.69730,,,1.32910,0.15000,2.09805617e-05,0.00118250763,,,,0,,,,,,
81.400000,814,,,15.9186,,,0.0636,0.3604,1.33122,0.0000,0x00,2,39,3,,8163,4813,0,0.69730,,,1.33122,0.15000,2.10076259e-05,0.00118460839,,,,0,,,,,,
81.500000,815,,,15.9186,,,0.0637,0.3609,1.33333,0.0000,0x00,2,39,3,,8163,4813,0,0.69729,,,1.33333,0.15000,2.10347077e-05,0.00118671186,,,,0,,,,,,
81.600000,816,,,15.9185,,,0.0638,0.3613,1.33545,0.0000,0x00,2,39,3,,8163,4813,0,0.69729,,,1.33545,0.15000,2.10618069e-05,0.00118881804,,,,0,,,,,,
81.700000,817,,,15.9185,,,0.0638,0.3618,1.33757,0.0000,0x00,2,39,3,,8163,4813,0,0.69729,,,1.33757,0.15000,2.10889237e-05,0.00119092693,,,,0,,,,,,
81.800000,818,,,15.9185,,,0.0639,0.3623,1.33968,0.0000,0x00,2,39,3,,8163,4813,0,0.69728,,,1.33968,0.15000,2.11160579e-05,0.00119303854,,,,0,,,,,,
81.900000,819,,,15.9184,,,0.0640,0.3627,1.34180,0.0000,0x00,2,39,3,,8163,4813,0,0.69728,,,1.34180,0.15000,2.11432097e-05,0.00119515286,,,,0,,,,,,
82.000000,820,,,15.9182,,,0.0644,0.3648,1.34392,0.0000,0x00,2,39,3,,8163,4813,0,0.69727,,,1.34392,0.15000,2.12614473e-05,0.00119727901,,,,0,,,,,,
82.100000,821,,,15.9180,,,0.0648,0.3670,1.34709,0.0000,0x00,2,39,3,,8163,4813,0,0.69727,,,1.34709,0.15000,2.13937327e-05,0.00119941838,,,,0,,,,,,
82.200000,822,,,15.9180,,,0.0649,0.3677,1.35026,0.0000,0x00,2,39,3,,8163,4813,0,0.69726,,,1.35026,0.15000,2.1434989e-05,0.00120156188,,,,0,,,,,,
82.300000,823,,,15.9179,,,0.0650,0.3685,1.35344,0.0000,0x00,2,39,3,,8163,4813,0,0.69726,,,1.35344,0.15000,2.14762848e-05,0.00120370951,,,,0,,,,,,
82.400000,824,,,15.9179,,,0.0651,0.3692,1.35661,0.0000,0x00,2,39,3,,8163,4813,0,0.69725,,,1.35661,0.15000,2.15176199e-05,0.00120586127,,,,0,,,,,,
82.500000,825,,,15.9178,,,0.0653,0.3699,1.35979,0.0000,0x00,2,39,3,,8163,4813,0,0.69725,,,1.35979,0.15000,2.15589944e-05,0.00120801717,,,,0,,,,,,
82.600000,826,,,15.9177,,,0.0654,0.3706,1.36296,0.0000,0x00,2,39,3,,8163,4813,0,0.69724,,,1.36296,0.15000,2.16004082e-05,0.00121017721,,,,0,,,,,,
82.700000,827,,,15.9177,,,0.0655,0.3713,1.36614,0.0000,0x00,2,39,3,,8163,4813,0,0.69724,,,1.36614,0.15000,2.16418615e-05,0.00121234139,,,,0,,,,,,
82.800000,828,,,15.9176,,,0.0656,0.3720,1.36931,0.0000,0x00,2,39,3,,8163,4813,0,0.69723,,,1.36931,0.15000,2.16833542e-05,0.00121450973,,,,0,,,,,,
82.900000,829,,,15.9176,,,0.0658,0.3727,1.37249,0.0000,0x00,2,39,3,,8163,4813,0,0.69723,,,1.37249,0.15000,2.17248862e-05,0.00121668222,,,,0,,,,,,
83.000000,830,,,15.9179,,,0.0651,0.3686,1.37566,0.0000,0x00,2,39,3,,8163,4813,0,0.69722,,,1.37566,0.15000,2.14867987e-05,0.0012188309,,,,0,,,,,,
83.100000,831,,,15.9183,,,0.0642,0.3638,1.37566,0.0000,0x00,2,39,3,,8163,4813,0,0.69722,,,1.37566,0.15000,2.12071398e-05,0.00122095161,,,,0,,,,,,
83.200000,832,,,15.9183,,,0.0642,0.3638,1.37566,0.0000,0x00,2,39,3,,8163,4813,0,0.69721,,,1.37566,0.15000,2.12071398e-05,0.00122307233,,,,0,,,,,,
83.300000,833,,,15.9183,,,0.0642,0.3638,1.37566,0.0000,0x00,2,39,3,,8163,4813,0,0.69721,,,1.37566,0.15000,2.12071398e-05,0.00122519304,,,,0,,,,,,
83.400000,834,,,15.9183,,,0.0642,0.3638,1.37566,0.0000,0x00,2,39,3,,8163,4813,0,0.69720,,,1.37566,0.15000,2.12071398e-05,0.00122731375,,,,0,,,,,,
83.500000,835,,,15.9183,,,0.0642,0.3638,1.37566,0.0000,0x00,2,39,3,,8163,4813,0,0.69720,,,1.37566,0.15000,2.12071398e-05,0.00122943447,,,,0,,,,,,
83.600000,836,,,15.9183,,,0.0642,0.3638,1.37566,0.0000,0x00,2,39,3,,8163,4813,0,0.69719,,,1.37566,0.15000,2.12071398e-05,0.00123155518,,,,0,,,,,,
83.700000,837,,,15.9183,,,0.0642,0.3638,1.37566,0.0000,0x00,2,39,3,,8163,4813,0,0.69719,,,1.37566,0.15000,2.12071398e-05,0.0012336759,,,,0,,,,,,
83.800000,838,,,15.9183,,,0.0642,0.3638,1.37566,0.0000,0x00,2,39,3,,8163,4813,0,0.69718,,,1.37566,0.15000,2.12071398e-05,0.00123579661,,,,0,,,,,,
83.900000,839,,,15.9183,,,0.0642,0.3638,1.37566,0.0000,0x00,2,39,3,,8163,4813,0,0.69718,,,1.37566,0.15000,2.12071398e-05,0.00123791732,,,,0,,,,,,
84.000000,840,,,15.9185,,,0.0638,0.3614,1.37566,0.0000,0x00,2,39,3,,8163,4813,0,0.69717,,,1.37566,0.15000,2.10673104e-05,0.00124002406,,,,0,,,,,,
84.100000,841,,,15.9188,,,0.0633,0.3587,1.37407,0.0000,0x00,2,39,3,,8163,4813,0,0.69717,,,1.37407,0.15000,2.09076583e-05,0.00124211482,,,,0,,,,,,
84.200000,842,,,15.9188,,,0.0632,0.3583,1.37249,0.0000,0x00,2,39,3,,8163,4813,0,0.69716,,,1.37249,0.15000,2.08878456e-05,0.00124420361,,,,0,,,,,,
84.300000,843,,,15.9188,,,0.0632,0.3580,1.37090,0.0000,0x00,2,39,3,,8163,4813,0,0.69716,,,1.37090,0.15000,2.08680427e-05,0.00124629041,,,,0,,,,,,
84.400000,844,,,15.9189,,,0.0631,0.3577,1.36931,0.0000,0x00,2,39,3,,8163,4813,0,0.69715,,,1.36931,0.15000,2.08482497e-05,0.00124837524,,,,0,,,,,,
84.500000,845,,,15.9189,,,0.0631,0.3573,1.36772,0.0000,0x00,2,39,3,,8163,4813,0,0.69715,,,1.36772,0.15000,2.08284665e-05,0.00125045808,,,,0,,,,,,
84.600000,846,,,15.9189,,,0.0630,0.3570,1.36614,0.0000,0x00,2,39,3,,8163,4813,0,0.69714,,,1.36614,0.15000,2.08086931e-05,0.00125253895,,,,0,,,,,,
84.700000,847,,,15.9190,,,0.0629,0.3566,1.36455,0.0000,0x00,2,39,3,,8163,4813,0,0.69714,,,1.36455,0.15000,2.07889296e-05,0.00125461784,,,,0,,,,,,
84.800000,848,,,15.9190,,,0.0629,0.3563,1.36296,0.0000,0x00,2,39,3,,8163,4813,0,0.69713,,,1.36296,0.15000,2.07691759e-05,0.00125669476,,,,0,,,,,,
84.900000,849,,,15.9190,,,0.0628,0.3560,1.36138,0.0000,0x00,2,39,3,,8163,4813,0,0.69713,,,1.36138,0.15000,2.07494321e-05,0.0012587697,,,,0,,,,,,
85.000000,850,,,15.9186,,,0.0637,0.3612,1.35979,0.0000,0x00,2,39,3,,8163,4813,0,0.69712,,,1.35979,0.15000,2.10522022e-05,0.00126087493,,,,0,,,,,,
85.100000,851,,,15.9180,,,0.0648,0.3672,1.36190,0.0000,0x00,2,39,3,,8163,4813,0,0.69712,,,1.36190,0.15000,2.14020244e-05,0.00126301513,,,,0,,,,,,
85.200000,852,,,15.9180,,,0.0649,0.3676,1.36402,0.0000,0x00,2,39,3,,8163,4813,0,0.69712,,,1.36402,0.15000,2.14293599e-05,0.00126515806,,,,0,,,,,,
85.300000,853,,,15.9180,,,0.0650,0.3681,1.36614,0.0000,0x00,2,39,3,,8163,4813,0,0.69711,,,1.36614,0.15000,2.1456713e-05,0.00126730373,,,,0,,,,,,
85.400000,854,,,15.9179,,,0.0650,0.3686,1.36825,0.0000,0x00,2,39,3,,8163,4813,0,0.69711,,,1.36825,0.15000,2.14840835e-05,0.00126945214,,,,0,,,,,,
85.500000,855,,,15.9179,,,0.0651,0.3691,1.37037,0.0000,0x00,2,39,3,,8163,4813,0,0.69710,,,1.37037,0.15000,2.15114716e-05,0.00127160329,,,,0,,,,,,
85.600000,856,,,15.9178,,,0.0652,0.3695,1.37249,0.0000,0x00,2,39,3,,8163,4813,0,0.69710,,,1.37249,0.15000,2.15388772e-05,0.00127375718,,,,0,,,,,,
85.700000,857,,,15.9178,,,0.0653,0.3700,1.37460,0.0000,0x00,2,39,3,,8163,4813,0,0.69709,,,1.37460,0.15000,2.15663003e-05,0.00127591381,,,,0,,,,,,
85.800000,858,,,15.9177,,,0.0654,0.3705,1.37672,0.0000,0x00,2,39,3,,8163,4813,0,0.69709,,,1.37672,0.15000,2.15937408e-05,0.00127807318,,,,0,,,,,,
85.900000,859,,,15.9177,,,0.0655,0.3709,1.37884,0.0000,0x00,2,39,3,,8163,4813,0,0.69708,,,1.37884,0.15000,2.16211989e-05,0.0012802353,,,,0,,,,,,
86.000000,860,,,15.9175,,,0.0658,0.3730,1.38095,0.0000,0x00,2,39,3,,8163,4813,0,0.69708,,,1.38095,0.15000,2.17422527e-05,0.00128240953,,,,0,,,,,,
86.100000,861,,,15.9173,,,0.0662,0.3753,1.38413,0.0000,0x00,2,39,3,,8163,4813,0,0.69707,,,1.38413,0.15000,2.18775073e-05,0.00128459728,,,,0,,,,,,
86.200000,862,,,15.9173,,,0.0664,0.3761,1.38730,0.0000,0x00,2,39,3,,8163,4813,0,0.69707,,,1.38730,0.15000,2.19192231e-05,0.0012867892,,,,0,,,,,,
86.300000,863,,,15.9172,,,0.0665,0.3768,1.39048,0.0000,0x00,2,39,3,,8163,4813,0,0.69706,,,1.39048,0.15000,2.19609784e-05,0.0012889853,,,,0,,,,,,
86.400000,864,,,15.9171,,,0.0666,0.3775,1.39365,0.0000,0x00,2,39,3,,8163,4813,0,0.69706,,,1.39365,0.15000,2.2002773e-05,0.00129118558,,,,0,,,,,,
86.500000,865,,,15.9171,,,0.0667,0.3782,1.39683,0.0000,0x00,2,39,3,,8163,4813,0,0.69705,,,1.39683,0.15000,2.2044607e-05,0.00129339004,,,,0,,,,,,
86.600000,866,,,15.9170,,,0.0669,0.3789,1.40000,0.0000,0x00,2,39,3,,8163,4813,0,0.69705,,,1.40000,0.15000,2.20864803e-05,0.00129559868,,,,0,,,,,,
86.700000,867,,,15.9169,,,0.0670,0.3797,1.40317,0.0000,0x00,2,39,3,,8163,4813,0,0.69704,,,1.40317,0.15000,2.21283931e-05,0.00129781152,,,,0,,,,,,
86.800000,868,,,15.9169,,,0.0671,0.3804,1.40635,0.0000,0x00,2,39,3,,8163,4813,0,0.69704,,,1.40635,0.15000,2.21703453e-05,0.00130002856,,,,0,,,,,,
86.900000,869,,,15.9168,,,0.0673,0.3811,1.40952,0.0000,0x00,2,39,3,,8163,4813,0,0.69703,,,1.40952,0.15000,2.22123368e-05,0.00130224979,,,,0,,,,,,
87.000000,870,,,15.9166,,,0.0677,0.3835,1.41270,0.0000,0x00,2,39,3,,8163,4813,0,0.69703,,,1.41270,0.15000,2.23500971e-05,0.0013044848,,,,0,,,,,,
87.100000,871,,,15.9164,,,0.0681,0.3861,1.41693,0.0000,0x00,2,39,3,,8163,4813,0,0.69702,,,1.41693,0.15000,2.25025026e-05,0.00130673505,,,,0,,,,,,
87.200000,872,,,15.9163,,,0.0683,0.3871,1.42116,0.0000,0x00,2,39,3,,8163,4813,0,0.69701,,,1.42116,0.15000,2.25592488e-05,0.00130899098,,,,0,,,,,,
87.300000,873,,,15.9162,,,0.0685,0.3880,1.42540,0.0000,0x00,2,39,3,,8163,4813,0,0.69701,,,1.42540,0.15000,2.2616065e-05,0.00131125258,,,,0,,,,,,
87.400000,874,,,15.9161,,,0.0687,0.3890,1.42963,0.0000,0x00,2,39,3,,8163,4813,0,0.69700,,,1.42963,0.15000,2.26729512e-05,0.00131351988,,,,0,,,,,,
87.500000,875,,,15.9160,,,0.0688,0.3900,1.43386,0.0000,0x00,2,39,3,,8163,4813,0,0.69700,,,1.43386,0.15000,2.27299074e-05,0.00131579287,,,,0,,,,,,
87.600000,876,,,15.9160,,,0.0690,0.3910,1.43810,0.0000,0x00,2,39,3,,8163,4813,0,0.69699,,,1.43810,0.15000,2.27869337e-05,0.00131807156,,,,0,,,,,,
87.700000,877,,,15.9159,,,0.0692,0.3920,1.44233,0.0000,0x00,2,39,3,,8163,4813,0,0.69699,,,1.44233,0.15000,2.28440299e-05,0.00132035597,,,,0,,,,,,
87.800000,878,,,15.9158,,,0.0693,0.3929,1.44656,0.0000,0x00,2,39,3,,8163,4813,0,0.69698,,,1.44656,0.15000,2.29011962e-05,0.00132264608,,,,0,,,,,,
87.900000,879,,,15.9157,,,0.0695,0.3939,1.45079,0.0000,0x00,2,39,3,,8163,4813,0,0.69698,,,1.45079,0.15000,2.29584325e-05,0.00132494193,,,,0,,,,,,
88.000000,880,,,15.9154,,,0.0701,0.3975,1.45503,0.0000,0x00,2,39,3,,8163,4813,0,0.69697,,,1.45503,0.15000,2.31636353e-05,0.00132725829,,,,0,,,,,,
88.100000,881,,,15.9151,,,0.0708,0.4014,1.46085,0.0000,0x00,2,39,3,,8163,4813,0,0.69697,,,1.46085,0.15000,2.33916255e-05,0.00132959745,,,,0,,,,,,
88.200000,882,,,15.9149,,,0.0711,0.4028,1.46667,0.0000,0x00,2,39,3,,8163,4813,0,0.69696,,,1.46667,0.15000,2.34718516e-05,0.00133194464,,,,0,,,,,,
88.300000,883,,,15.9148,,,0.0713,0.4041,1.47249,0.0000,0x00,2,39,3,,8163,4813,0,0.69696,,,1.47249,0.15000,2.355221e-05,0.00133429986,,,,0,,,,,,
88.400000,884,,,15.9147,,,0.0716,0.4055,1.47831,0.0000,0x00,2,39,3,,8163,4813,0,0.69695,,,1.47831,0.15000,2.36327009e-05,0.00133666313,,,,0,,,,,,
88.500000,885,,,15.9146,,,0.0718,0.4069,1.48413,0.0000,0x00,2,39,3,,8163,4813,0,0.69695,,,1.48413,0.15000,2.37133241e-05,0.00133903446,,,,0,,,,,,
88.600000,886,,,15.9145,,,0.0721,0.4083,1.48995,0.0000,0x00,2,39,3,,8163,4813,0,0.69694,,,1.48995,0.15000,2.37940796e-05,0.00134141387,,,,0,,,,,,
88.700000,887,,,15.9143,,,0.0723,0.4097,1.49577,0.0000,0x00,2,39,3,,8163,4813,0,0.69694,,,1.49577,0.15000,2.38749676e-05,0.00134380137,,,,0,,,,,,
88.800000,888,,,15.9142,,,0.0725,0.4111,1.50159,0.0000,0x00,2,39,3,,8163,4813,0,0.69693,,,1.50159,0.15000,2.39559879e-05,0.00134619697,,,,0,,,,,,
88.900000,889,,,15.9141,,,0.0728,0.4125,1.50741,0.0000,0x00,2,39,3,,8163,4813,0,0.69692,,,1.50741,0.15000,2.40371407e-05,0.00134860068,,,,0,,,,,,
89.000000,890,,,15.9143,,,0.0724,0.4104,1.51323,0.0000,0x00,2,39,3,,8163,4813,0,0.69692,,,1.51323,0.15000,2.39133426e-05,0.00135099201,,,,0,,,,,,
89.100000,891,,,15.9145,,,0.0719,0.4077,1.51693,0.0000,0x00,2,39,3,,8163,4813,0,0.69691,,,1.51693,0.15000,2.37590514e-05,0.00135336792,,,,0,,,,,,
89.200000,892,,,15.9144,,,0.0721,0.4086,1.52063,0.0000,0x00,2,39,3,,8163,4813,0,0.69691,,,1.52063,0.15000,2.38098969e-05,0.00135574891,,,,0,,,,,,
89.300000,893,,,15.9144,,,0.0723,0.4095,1.52434,0.0000,0x00,2,39,3,,8163,4813,0,0.69690,,,1.52434,0.15000,2.38607961e-05,0.00135813499,,,,0,,,,,,
89.400000,894,,,15.9143,,,0.0724,0.4103,1.52804,0.0000,0x00,2,39,3,,8163,4813,0,0.69690,,,1.52804,0.15000,2.39117488e-05,0.00136052616,,,,0,,,,,,
89.500000,895,,,15.9142,,,0.0726,0.4112,1.53175,0.0000,0x00,2,39,3,,8163,4813,0,0.69689,,,1.53175,0.15000,2.39627551e-05,0.00136292244,,,,0,,,,,,
89.600000,896,,,15.9141,,,0.0727,0.4121,1.53545,0.0000,0x00,2,39,3,,8163,4813,0,0.69689,,,1.53545,0.15000,2.40138151e-05,0.00136532382,,,,0,,,,,,
89.700000,897,,,15.9140,,,0.0729,0.4130,1.53915,0.0000,0x00,2,39,3,,8163,4813,0,0.69688,,,1.53915,0.15000,2.40649286e-05,0.00136773031,,,,0,,,,,,
89.800000,898,,,15.9140,,,0.0730,0.4138,1.54286,0.0000,0x00,2,39,3,,8163,4813,0,0.69687,,,1.54286,0.15000,2.41160958e-05,0.00137014192,,,,0,,,,,,
89.900000,899,,,15.9139,,,0.0732,0.4147,1.54656,0.0000,0x00,2,39,3,,8163,4813,0,0.69687,,,1.54656,0.15000,2.41673166e-05,0.00137255866,,,,0,,,,,,
90.000000,900,,,15.9140,,,0.0730,0.4138,1.55026,0.0000,0x00,2,39,3,,8163,4813,0,0.69686,,,1.55026,0.15000,2.41135396e-05,0.00137497001,,,,0,,,,,,
90.100000,901,,,15.9141,,,0.0728,0.4126,1.55291,0.0000,0x00,2,39,3,,8163,4813,0,0.69686,,,1.55291,0.15000,2.40447872e-05,0.00137737449,,,,0,,,,,,
90.200000,902,,,15.9140,,,0.0729,0.4132,1.55556,0.0000,0x00,2,39,3,,8163,4813,0,0.69685,,,1.55556,0.15000,2.40811133e-05,0.0013797826,,,,0,,,,,,
90.300000,903,,,15.9140,,,0.0730,0.4139,1.55820,0.0000,0x00,2,39,3,,8163,4813,0,0.69685,,,1.55820,0.15000,2.41174669e-05,0.00138219435,,,,0,,,,,,
90.400000,904,,,15.9139,,,0.0731,0.4145,1.56085,0.0000,0x00,2,39,3,,8163,4813,0,0.69684,,,1.56085,0.15000,2.41538478e-05,0.00138460973,,,,0,,,,,,
90.500000,905,,,15.9139,,,0.0733,0.4151,1.56349,0.0000,0x00,2,39,3,,8163,4813,0,0.69684,,,1.56349,0.15000,2.4190256e-05,0.00138702876,,,,0,,,,,,
90.600000,906,,,15.9138,,,0.0734,0.4157,1.56614,0.0000,0x00,2,39,3,,8163,4813,0,0.69683,,,1.56614,0.15000,2.42266916e-05,0.00138945143,,,,0,,,,,,
90.700000,907,,,15.9138,,,0.0735,0.4164,1.56878,0.0000,0x00,2,39,3,,8163,4813,0,0.69683,,,1.56878,0.15000,2.42631546e-05,0.00139187774,,,,0,,,,,,
90.800000,908,,,15.9137,,,0.0736,0.4170,1.57143,0.0000,0x00,2,39,3,,8163,4813,0,0.69682,,,1.57143,0.15000,2.42996449e-05,0.00139430771,,,,0,,,,,,
90.900000,909,,,15.9136,,,0.0737,0.4176,1.57407,0.0000,0x00,2,39,3,,8163,4813,0,0.69681,,,1.57407,0.15000,2.43361625e-05,0.00139674132,,,,0,,,,,,
91.000000,910,,,15.9137,,,0.0735,0.4164,1.57672,0.0000,0x00,2,39,3,,8163,4813,0,0.69681,,,1.57672,0.15000,2.42658635e-05,0.00139916791,,,,0,,,,,,
91.100000,911,,,15.9139,,,0.0732,0.4150,1.57831,0.0000,0x00,2,39,3,,8163,4813,0,0.69680,,,1.57831,0.15000,2.41807445e-05,0.00140158598,,,,0,,,,,,
91.200000,912,,,15.9138,,,0.0733,0.4153,1.57989,0.0000,0x00,2,39,3,,8163,4813,0,0.69680,,,1.57989,0.15000,2.42024794e-05,0.00140400623,,,,0,,,,,,
91.300000,913,,,15.9138,,,0.0734,0.4157,1.58148,0.0000,0x00,2,39,3,,8163,4813,0,0.69679,,,1.58148,0.15000,2.42242241e-05,0.00140642865,,,,0,,,,,,
91.400000,914,,,15.9138,,,0.0734,0.4161,1.58307,0.0000,0x00,2,39,3,,8163,4813,0,0.69679,,,1.58307,0.15000,2.42459786e-05,0.00140885325,,,,0,,,,,,
91.500000,915,,,15.9137,,,0.0735,0.4165,1.58466,0.0000,0x00,2,39,3,,8163,4813,0,0.69678,,,1.58466,0.15000,2.4267743e-05,0.00141128002,,,,0,,,,,,
91.600000,916,,,15.9137,,,0.0736,0.4168,1.58624,0.0000,0x00,2,39,3,,8163,4813,0,0.69677,,,1.58624,0.15000,2.42895173e-05,0.00141370898,,,,0,,,,,,
91.700000,917,,,15.9137,,,0.0736,0.4172,1.58783,0.0000,0x00,2,39,3,,8163,4813,0,0.69677,,,1.58783,0.15000,2.43113014e-05,0.00141614011,,,,0,,,,,,
91.800000,918,,,15.9136,,,0.0737,0.4176,1.58942,0.0000,0x00,2,39,3,,8163,4813,0,0.69676,,,1.58942,0.15000,2.43330953e-05,0.00141857342,,,,0,,,,,,
91.900000,919,,,15.9136,,,0.0738,0.4180,1.59101,0.0000,0x00,2,39,3,,8163,4813,0,0.69676,,,1.59101,0.15000,2.43548991e-05,0.00142100891,,,,0,,,,,,
92.000000,920,,,15.9136,,,0.0738,0.4183,1.59259,0.0000,0x00,2,39,3,,8163,4813,0,0.69675,,,1.59259,0.15000,2.43767127e-05,0.00142344658,,,,0,,,,,,
92.100000,921,,,15.9135,,,0.0739,0.4187,1.59418,0.0000,0x00,2,39,3,,8163,4813,0,0.69675,,,1.59418,0.15000,2.43985362e-05,0.00142588643,,,,0,,,,,,
92.200000,922,,,15.9135,,,0.0740,0.4191,1.59577,0.0000,0x00,2,39,3,,8163,4813,0,0.69674,,,1.59577,0.15000,2.44203695e-05,0.00142832847,,,,0,,,,,,
92.300000,923,,,15.9135,,,0.0740,0.4195,1.59735,0.0000,0x00,2,39,3,,8163,4813,0,0.69674,,,1.59735,0.15000,2.44422126e-05,0.00143077269,,,,0,,,,,,
92.400000,924,,,15.9135,,,0.0741,0.4198,1.59894,0.0000,0x00,2,39,3,,8163,4813,0,0.69673,,,1.59894,0.15000,2.44640657e-05,0.0014332191,,,,0,,,,,,
92.500000,925,,,15.9134,,,0.0742,0.4202,1.60053,0.0000,0x00,2,39,3,,8163,4813,0,0.69672,,,1.60053,0.15000,2.44859285e-05,0.00143566769,,,,0,,,,,,
92.600000,926,,,15.9134,,,0.0742,0.4206,1.60212,0.0000,0x00,2,39,3,,8163,4813,0,0.69672,,,1.60212,0.15000,2.45078012e-05,0.00143811847,,,,0,,,,,,
92.700000,927,,,15.9134,,,0.0743,0.4210,1.60370,0.0000,0x00,2,39,3,,8163,4813,0,0.69671,,,1.60370,0.15000,2.45296838e-05,0.00144057144,,,,0,,,,,,
92.800000,928,,,15.9133,,,0.0744,0.4213,1.60529,0.0000,0x00,2,39,3,,8163,4813,0,0.69671,,,1.60529,0.15000,2.45515762e-05,0.00144302659,,,,0,,,,,,
92.900000,929,,,15.9133,,,0.0744,0.4217,1.60688,0.0000,0x00,2,39,3,,8163,4813,0,0.69670,,,1.60688,0.15000,2.45734784e-05,0.00144548394,,,,0,,,,,,
93.000000,930,,,15.9133,,,0.0745,0.4221,1.60847,0.0000,0x00,2,39,3,,8163,4813,0,0.69670,,,1.60847,0.15000,2.45953905e-05,0.00144794348,,,,0,,,,,,
93.100000,931,,,15.9132,,,0.0746,0.4225,1.61005,0.0000,0x00,2,39,3,,8163,4813,0,0.69669,,,1.61005,0.15000,2.46173124e-05,0.00145040521,,,,0,,,,,,
93.200000,932,,,15.9132,,,0.0746,0.4228,1.61164,0.0000,0x00,2,39,3,,8163,4813,0,0.69669,,,1.61164,0.15000,2.46392442e-05,0.00145286914,,,,0,,,,,,
93.300000,933,,,15.9132,,,0.0747,0.4232,1.61323,0.0000,0x00,2,39,3,,8163,4813,0,0.69668,,,1.61323,0.15000,2.46611858e-05,0.00145533526,,,,0,,,,,,
93.400000,934,,,15.9131,,,0.0748,0.4236,1.61481,0.0000,0x00,2,39,3,,8163,4813,0,0.69667,,,1.61481,0.15000,2.46831373e-05,0.00145780357,,,,0,,,,,,
93.500000,935,,,15.9131,,,0.0748,0.4240,1.61640,0.0000,0x00,2,39,3,,8163,4813,0,0.69667,,,1.61640,0.15000,2.47050986e-05,0.00146027408,,,,0,,,,,,
93.600000,936,,,15.9131,,,0.0749,0.4244,1.61799,0.0000,0x00,2,39,3,,8163,4813,0,0.69666,,,1.61799,0.15000,2.47270698e-05,0.00146274679,,,,0,,,,,,
93.700000,937,,,15.9130,,,0.0750,0.4247,1.61958,0.0000,0x00,2,39,3,,8163,4813,0,0.69666,,,1.61958,0.15000,2.47490508e-05,0.00146522169,,,,0,,,,,,
93.800000,938,,,15.9130,,,0.0750,0.4251,1.62116,0.0000,0x00,2,39,3,,8163,4813,0,0.69665,,,1.62116,0.15000,2.47710417e-05,0.0014676988,,,,0,,,,,,
93.900000,939,,,15.9130,,,0.0751,0.4255,1.62275,0.0000,0x00,2,39,3,,8163,4813,0,0.69665,,,1.62275,0.15000,2.47930424e-05,0.0014701781,,,,0,,,,,,
94.000000,940,,,15.9132,,,0.0747,0.4230,1.62434,0.0000,0x00,2,39,3,,8163,4813,0,0.69664,,,1.62434,0.15000,2.46499467e-05,0.00147264309,,,,0,,,,,,
94.100000,941,,,15.9134,,,0.0742,0.4202,1.62434,0.0000,0x00,2,39,3,,8163,4813,0,0.69663,,,1.62434,0.15000,2.44848405e-05,0.00147509158,,,,0,,,,,,
94.200000,942,,,15.9134,,,0.0742,0.4202,1.62434,0.0000,0x00,2,39,3,,8163,4813,0,0.69663,,,1.62434,0.15000,2.44848405e-05,0.00147754006,,,,0,,,,,,
94.300000,943,,,15.9134,,,0.0742,0.4202,1.62434,0.0000,0x00,2,39,3,,8163,4813,0,0.69662,,,1.62434,0.15000,2.44848405e-05,0.00147998855,,,,0,,,,,,
94.400000,944,,,15.9134,,,0.0742,0.4202,1.62434,0.0000,0x00,2,39,3,,8163,4813,0,0.69662,,,1.62434,0.15000,2.44848405e-05,0.00148243703,,,,0,,,,,,
94.500000,945,,,15.9134,,,0.0742,0.4202,1.62434,0.0000,0x00,2,39,3,,8163,4813,0,0.69661,,,1.62434,0.15000,2.44848405e-05,0.00148488551,,,,0,,,,,,
94.600000,946,,,15.9134,,,0.0742,0.4202,1.62434,0.0000,0x00,2,39,3,,8163,4813,0,0.69661,,,1.62434,0.15000,2.44848405e-05,0.001487334,,,,0,,,,,,
94.700000,947,,,15.9134,,,0.0742,0.4202,1.62434,0.0000,0x00,2,39,3,,8163,4813,0,0.69660,,,1.62434,0.15000,2.44848405e-05,0.00148978248,,,,0,,,,,,
94.800000,948,,,15.9134,,,0.0742,0.4202,1.62434,0.0000,0x00,2,39,3,,8163,4813,0,0.69659,,,1.62434,0.15000,2.44848405e-05,0.00149223097,,,,0,,,,,,
94.900000,949,,,15.9134,,,0.0742,0.4202,1.62434,0.0000,0x00,2,39,3,,8163,4813,0,0.69659,,,1.62434,0.15000,2.44848405e-05,0.00149467945,,,,0,,,,,,
95.000000,950,,,15.9136,,,0.0738,0.4183,1.62434,0.0000,0x00,2,39,3,,8163,4813,0,0.69658,,,1.62434,0.15000,2.43747696e-05,0.00149711693,,,,0,,,,,,
95.100000,951,,,15.9138,,,0.0734,0.4162,1.62328,0.0000,0x00,2,39,3,,8163,4813,0,0.69658,,,1.62328,0.15000,2.42503825e-05,0.00149954197,,,,0,,,,,,
95.200000,952,,,15.9138,,,0.0734,0.4159,1.62222,0.0000,0x00,2,39,3,,8163,4813,0,0.69657,,,1.62222,0.15000,2.42360706e-05,0.00150196557,,,,0,,,,,,
95.300000,953,,,15.9138,,,0.0734,0.4157,1.62116,0.0000,0x00,2,39,3,,8163,4813,0,0.69657,,,1.62116,0.15000,2.42217631e-05,0.00150438775,,,,0,,,,,,
95.400000,954,,,15.9138,,,0.0733,0.4154,1.62011,0.0000,0x00,2,39,3,,8163,4813,0,0.69656,,,1.62011,0.15000,2.420746e-05,0.0015068085,,,,0,,,,,,
95.500000,955,,,15.9139,,,0.0733,0.4152,1.61905,0.0000,0x00,2,39,3,,8163,4813,0,0.69656,,,1.61905,0.15000,2.41931613e-05,0.00150922781,,,,0,,,,,,
95.600000,956,,,15.9139,,,0.0732,0.4149,1.61799,0.0000,0x00,2,39,3,,8163,4813,0,0.69655,,,1.61799,0.15000,2.41788669e-05,0.0015116457,,,,0,,,,,,
95.700000,957,,,15.9139,,,0.0732,0.4147,1.61693,0.0000,0x00,2,39,3,,8163,4813,0,0.69654,,,1.61693,0.15000,2.41645769e-05,0.00151406216,,,,0,,,,,,
95.800000,958,,,15.9139,,,0.0731,0.4144,1.61587,0.0000,0x00,2,39,3,,8163,4813,0,0.69654,,,1.61587,0.15000,2.41502912e-05,0.00151647719,,,,0,,,,,,
95.900000,959,,,15.9139,,,0.0731,0.4142,1.61481,0.0000,0x00,2,39,3,,8163,4813,0,0.69653,,,1.61481,0.15000,2.413601e-05,0.00151889079,,,,0,,,,,,
96.000000,960,,,15.9139,,,0.0732,0.4149,1.61376,0.0000,0x00,2,39,3,,8163,4813,0,0.69653,,,1.61376,0.15000,2.417641e-05,0.00152130843,,,,0,,,,,,
96.100000,961,,,15.9138,,,0.0734,0.4157,1.61323,0.0000,0x00,2,39,3,,8163,4813,0,0.69652,,,1.61323,0.15000,2.42239142e-05,0.00152373082,,,,0,,,,,,
96.200000,962,,,15.9138,,,0.0733,0.4156,1.61270,0.0000,0x00,2,39,3,,8163,4813,0,0.69652,,,1.61270,0.15000,2.42167427e-05,0.00152615249,,,,0,,,,,,
96.300000,963,,,15.9138,,,0.0733,0.4155,1.61217,0.0000,0x00,2,39,3,,8163,4813,0,0.69651,,,1.61217,0.15000,2.42095722e-05,0.00152857345,,,,0,,,,,,
96.400000,964,,,15.9138,,,0.0733,0.4153,1.61164,0.0000,0x00,2,39,3,,8163,4813,0,0.69651,,,1.61164,0.15000,2.42024028e-05,0.00153099369,,,,0,,,,,,
96.500000,965,,,15.9139,,,0.0733,0.4152,1.61111,0.0000,0x00,2,39,3,,8163,4813,0,0.69650,,,1.61111,0.15000,2.41952346e-05,0.00153341321,,,,0,,,,,,
96.600000,966,,,15.9139,,,0.0732,0.4151,1.61058,0.0000,0x00,2,39,3,,8163,4813,0,0.69649,,,1.61058,0.15000,2.41880674e-05,0.00153583202,,,,0,,,,,,
96.700000,967,,,15.9139,,,0.0732,0.4150,1.61005,0.0000,0x00,2,39,3,,8163,4813,0,0.69649,,,1.61005,0.15000,2.41809013e-05,0.00153825011,,,,0,,,,,,
96.800000,968,,,15.9139,,,0.0732,0.4148,1.60952,0.0000,0x00,2,39,3,,8163,4813,0,0.69648,,,1.60952,0.15000,2.41737363e-05,0.00154066748,,,,0,,,,,,
96.900000,969,,,15.9139,,,0.0732,0.4147,1.60899,0.0000,0x00,2,39,3,,8163,4813,0,0.69648,,,1.60899,0.15000,2.41665724e-05,0.00154308414,,,,0,,,,,,
97.000000,970,,,15.9139,,,0.0732,0.4146,1.60847,0.0000,0x00,2,39,3,,8163,4813,0,0.69647,,,1.60847,0.15000,2.41594096e-05,0.00154550008,,,,0,,,,,,
97.100000,971,,,15.9139,,,0.0731,0.4145,1.60794,0.0000,0x00,2,39,3,,8163,4813,0,0.69647,,,1.60794,0.15000,2.41522479e-05,0.00154791531,,,,0,,,,,,
97.200000,972,,,15.9139,,,0.0731,0.4143,1.60741,0.0000,0x00,2,39,3,,8163,4813,0,0.69646,,,1.60741,0.15000,2.41450873e-05,0.00155032982,,,,0,,,,,,
97.300000,973,,,15.9139,,,0.0731,0.4142,1.60688,0.0000,0x00,2,39,3,,8163,4813,0,0.69646,,,1.60688,0.15000,2.41379278e-05,0.00155274361,,,,0,,,,,,
97.400000,974,,,15.9139,,,0.0731,0.4141,1.60635,0.0000,0x00,2,39,3,,8163,4813,0,0.69645,,,1.60635,0.15000,2.41307693e-05,0.00155515669,,,,0,,,,,,
97.500000,975,,,15.9140,,,0.0731,0.4140,1.60582,0.0000,0x00,2,39,3,,8163,4813,0,0.69644,,,1.60582,0.15000,2.4123612e-05,0.00155756905,,,,0,,,,,,
97.600000,976,,,15.9140,,,0.0730,0.4138,1.60529,0.0000,0x00,2,39,3,,8163,4813,0,0.69644,,,1.60529,0.15000,2.41164558e-05,0.00155998069,,,,0,,,,,,
97.700000,977,,,15.9140,,,0.0730,0.4137,1.60476,0.0000,0x00,2,39,3,,8163,4813,0,0.69643,,,1.60476,0.15000,2.41093006e-05,0.00156239162,,,,0,,,,,,
97.800000,978,,,15.9140,,,0.0730,0.4136,1.60423,0.0000,0x00,2,39,3,,8163,4813,0,0.69643,,,1.60423,0.15000,2.41021466e-05,0.00156480184,,,,0,,,,,,
97.900000,979,,,15.9140,,,0.0730,0.4135,1.60370,0.0000,0x00,2,39,3,,8163,4813,0,0.69642,,,1.60370,0.15000,2.40949936e-05,0.00156721134,,,,0,,,,,,
98.000000,980,,,15.9139,,,0.0733,0.4152,1.60317,0.0000,0x00,2,39,3,,8163,4813,0,0.69642,,,1.60317,0.15000,2.41964784e-05,0.00156963098,,,,0,,,,,,
98.100000,981,,,15.9137,,,0.0736,0.4172,1.60370,0.0000,0x00,2,39,3,,8163,4813,0,0.69641,,,1.60370,0.15000,2.43123387e-05,0.00157206222,,,,0,,,,,,
98.200000,982,,,15.9137,,,0.0736,0.4173,1.60423,0.0000,0x00,2,39,3,,8163,4813,0,0.69641,,,1.60423,0.15000,2.43195634e-05,0.00157449417,,,,0,,,,,,
98.300000,983,,,15.9137,,,0.0737,0.4175,1.60476,0.0000,0x00,2,39,3,,8163,4813,0,0.69640,,,1.60476,0.15000,2.43267891e-05,0.00157692685,,,,0,,,,,,
98.400000,984,,,15.9136,,,0.0737,0.4176,1.60529,0.0000,0x00,2,39,3,,8163,4813,0,0.69639,,,1.60529,0.15000,2.4334016e-05,0.00157936026,,,,0,,,,,,
98.500000,985,,,15.9136,,,0.0737,0.4177,1.60582,0.0000,0x00,2,39,3,,8163,4813,0,0.69639,,,1.60582,0.15000,2.43412439e-05,0.00158179438,,,,0,,,,,,
98.600000,986,,,15.9136,,,0.0737,0.4178,1.60635,0.0000,0x00,2,39,3,,8163,4813,0,0.69638,,,1.60635,0.15000,2.4348473e-05,0.00158422923,,,,0,,,,,,
98.700000,987,,,15.9136,,,0.0738,0.4180,1.60688,0.0000,0x00,2,39,3,,8163,4813,0,0.69638,,,1.60688,0.15000,2.43557031e-05,0.0015866648,,,,0,,,,,,
98.800000,988,,,15.9136,,,0.0738,0.4181,1.60741,0.0000,0x00,2,39,3,,8163,4813,0,0.69637,,,1.60741,0.15000,2.43629343e-05,0.00158910109,,,,0,,,,,,
98.900000,989,,,15.9136,,,0.0738,0.4182,1.60794,0.0000,0x00,2,39,3,,8163,4813,0,0.69637,,,1.60794,0.15000,2.43701666e-05,0.00159153811,,,,0,,,,,,
99.000000,990,,,15.9133,,,0.0743,0.4211,1.60847,0.0000,0x00,2,39,3,,8163,4813,0,0.69636,,,1.60847,0.15000,2.45408929e-05,0.0015939922,,,,0,,,,,,
99.100000,991,,,15.9130,,,0.0749,0.4245,1.61058,0.0000,0x00,2,39,3,,8163,4813,0,0.69636,,,1.61058,0.15000,2.47337606e-05,0.00159646557,,,,0,,,,,,
99.200000,992,,,15.9130,,,0.0750,0.4250,1.61270,0.0000,0x00,2,39,3,,8163,4813,0,0.69635,,,1.61270,0.15000,2.47631529e-05,0.00159894189,,,,0,,,,,,
99.300000,993,,,15.9130,,,0.0751,0.4255,1.61481,0.0000,0x00,2,39,3,,8163,4813,0,0.69634,,,1.61481,0.15000,2.47925628e-05,0.00160142114,,,,0,,,,,,
99.400000,994,,,15.9129,,,0.0752,0.4260,1.61693,0.0000,0x00,2,39,3,,8163,4813,0,0.69634,,,1.61693,0.15000,2.48219901e-05,0.00160390334,,,,0,,,,,,
99.500000,995,,,15.9129,,,0.0753,0.4265,1.61905,0.0000,0x00,2,39,3,,8163,4813,0,0.69633,,,1.61905,0.15000,2.4851435e-05,0.00160638849,,,,0,,,,,,
99.600000,996,,,15.9128,,,0.0754,0.4270,1.62116,0.0000,0x00,2,39,3,,8163,4813,0,0.69633,,,1.62116,0.15000,2.48808974e-05,0.00160887658,,,,0,,,,,,
99.700000,997,,,15.9128,,,0.0754,0.4275,1.62328,0.0000,0x00,2,39,3,,8163,4813,0,0.69632,,,1.62328,0.15000,2.49103773e-05,0.00161136761,,,,0,,,,,,
99.800000,998,,,15.9127,,,0.0755,0.4280,1.62540,0.0000,0x00,2,39,3,,8163,4813,0,0.69632,,,1.62540,0.15000,2.49398746e-05,0.0016138616,,,,0,,,,,,
99.900000,999,,,15.9127,,,0.0756,0.4285,1.62751,0.0000,0x00,2,39,3,,8163,4813,0,0.69631,,,1.62751,0.15000,2.49693895e-05,0.00161635854,,,,0,,,,,,
100.000000,1000,,,15.9133,,,0.0744,0.4214,1.62963,0.0000,0x00,2,39,3,,8163,4813,0,0.69630,,,1.62963,0.15000,2.45572045e-05,0.00161881426,,,,0,,,,,,
100.100000,1001,,,15.9140,,,0.0729,0.4133,1.62751,0.0000,0x00,2,39,3,,8163,4813,0,0.69630,,,1.62751,0.15000,2.40871019e-05,0.00162122297,,,,0,,,,,,
100.200000,1002,,,15.9141,,,0.0729,0.4129,1.62540,0.0000,0x00,2,39,3,,8163,4813,0,0.69629,,,1.62540,0.15000,2.40587343e-05,0.00162362884,,,,0,,,,,,
100.300000,1003,,,15.9141,,,0.0728,0.4124,1.62328,0.0000,0x00,2,39,3,,8163,4813,0,0.69629,,,1.62328,0.15000,2.40303843e-05,0.00162603188,,,,0,,,,,,
100.400000,1004,,,15.9141,,,0.0727,0.4119,1.62116,0.0000,0x00,2,39,3,,8163,4813,0,0.69628,,,1.62116,0.15000,2.40020517e-05,0.00162843209,,,,0,,,,,,
100.500000,1005,,,15.9142,,,0.0726,0.4114,1.61905,0.0000,0x00,2,39,3,,8163,4813,0,0.69628,,,1.61905,0.15000,2.39737367e-05,0.00163082946,,,,0,,,,,,
100.600000,1006,,,15.9142,,,0.0725,0.4109,1.61693,0.0000,0x00,2,39,3,,8163,4813,0,0.69627,,,1.61693,0.15000,2.39454391e-05,0.00163322401,,,,0,,,,,,
100.700000,1007,,,15.9143,,,0.0724,0.4104,1.61481,0.0000,0x00,2,39,3,,8163,4813,0,0.69627,,,1.61481,0.15000,2.39171591e-05,0.00163561572,,,,0,,,,,,
100.800000,1008,,,15.9143,,,0.0723,0.4099,1.61270,0.0000,0x00,2,39,3,,8163,4813,0,0.69626,,,1.61270,0.15000,2.38888965e-05,0.00163800461,,,,0,,,,,,
100.900000,1009,,,15.9144,,,0.0723,0.4094,1.61058,0.0000,0x00,2,39,3,,8163,4813,0,0.69625,,,1.61058,0.15000,2.38606515e-05,0.00164039068,,,,0,,,,,,
101.000000,1010,,,15.9145,,,0.0720,0.4080,1.60847,0.0000,0x00,2,39,3,,8163,4813,0,0.69625,,,1.60847,0.15000,2.37779263e-05,0.00164276847,,,,0,,,,,,
101.100000,1011,,,15.9146,,,0.0717,0.4065,1.60582,0.0000,0x00,2,39,3,,8163,4813,0,0.69624,,,1.60582,0.15000,2.36883482e-05,0.0016451373,,,,0,,,,,,
101.200000,1012,,,15.9147,,,0.0716,0.4059,1.60317,0.0000,0x00,2,39,3,,8163,4813,0,0.69624,,,1.60317,0.15000,2.3653295e-05,0.00164750263,,,,0,,,,,,
101.300000,1013,,,15.9147,,,0.0715,0.4053,1.60053,0.0000,0x00,2,39,3,,8163,4813,0,0.69623,,,1.60053,0.15000,2.36182692e-05,0.00164986446,,,,0,,,,,,
101.400000,1014,,,15.9148,,,0.0714,0.4047,1.59788,0.0000,0x00,2,39,3,,8163,4813,0,0.69623,,,1.59788,0.15000,2.35832707e-05,0.00165222279,,,,0,,,,,,
101.500000,1015,,,15.9148,,,0.0713,0.4041,1.59524,0.0000,0x00,2,39,3,,8163,4813,0,0.69622,,,1.59524,0.15000,2.35482995e-05,0.00165457762,,,,0,,,,,,
101.600000,1016,,,15.9149,,,0.0712,0.4035,1.59259,0.0000,0x00,2,39,3,,8163,4813,0,0.69622,,,1.59259,0.15000,2.35133558e-05,0.00165692895,,,,0,,,,,,
101.700000,1017,,,15.9149,,,0.0711,0.4029,1.58995,0.0000,0x00,2,39,3,,8163,4813,0,0.69621,,,1.58995,0.15000,2.34784393e-05,0.0016592768,,,,0,,,,,,
101.800000,1018,,,15.9150,,,0.0710,0.4023,1.58730,0.0000,0x00,2,39,3,,8163,4813,0,0.69621,,,1.58730,0.15000,2.34435503e-05,0.00166162115,,,,0,,,,,,
101.900000,1019,,,15.9150,,,0.0709,0.4017,1.58466,0.0000,0x00,2,39,3,,8163,4813,0,0.69620,,,1.58466,0.15000,2.34086885e-05,0.00166396202,,,,0,,,,,,
102.000000,1020,,,15.9150,,,0.0709,0.4020,1.58201,0.0000,0x00,2,39,3,,8163,4813,0,0.69619,,,1.58201,0.15000,2.34274554e-05,0.00166630477,,,,0,,,,,,
102.100000,1021,,,15.9150,,,0.0710,0.4024,1.57989,0.0000,0x00,2,39,3,,8163,4813,0,0.69619,,,1.57989,0.15000,2.34530655e-05,0.00166865007,,,,0,,,,,,
102.200000,1022,,,15.9150,,,0.0709,0.4020,1.57778,0.0000,0x00,2,39,3,,8163,4813,0,0.69618,,,1.57778,0.15000,2.34250918e-05,0.00167099258,,,,0,,,,,,
102.300000,1023,,,15.9150,,,0.0708,0.4015,1.57566,0.0000,0x00,2,39,3,,8163,4813,0,0.69618,,,1.57566,0.15000,2.33971356e-05,0.0016733323,,,,0,,,,,,
102.400000,1024,,,15.9151,,,0.0708,0.4010,1.57354,0.0000,0x00,2,39,3,,8163,4813,0,0.69617,,,1.57354,0.15000,2.33691968e-05,0.00167566922,,,,0,,,,,,
102.500000,1025,,,15.9151,,,0.0707,0.4005,1.57143,0.0000,0x00,2,39,3,,8163,4813,0,0.69617,,,1.57143,0.15000,2.33412756e-05,0.00167800334,,,,0,,,,,,
102.600000,1026,,,15.9152,,,0.0706,0.4000,1.56931,0.0000,0x00,2,39,3,,8163,4813,0,0.69616,,,1.56931,0.15000,2.33133719e-05,0.00168033468,,,,0,,,,,,
102.700000,1027,,,15.9152,,,0.0705,0.3996,1.56720,0.0000,0x00,2,39,3,,8163,4813,0,0.69616,,,1.56720,0.15000,2.32854858e-05,0.00168266323,,,,0,,,,,,
102.800000,1028,,,15.9153,,,0.0704,0.3991,1.56508,0.0000,0x00,2,39,3,,8163,4813,0,0.69615,,,1.56508,0.15000,2.32576171e-05,0.00168498899,,,,0,,,,,,
102.900000,1029,,,15.9153,,,0.0703,0.3986,1.56296,0.0000,0x00,2,39,3,,8163,4813,0,0.69615,,,1.56296,0.15000,2.32297659e-05,0.00168731197,,,,0,,,,,,
103.000000,1030,,,15.9148,,,0.0714,0.4045,1.56085,0.0000,0x00,2,39,3,,8163,4813,0,0.69614,,,1.56085,0.15000,2.35721216e-05,0.00168966918,,,,0,,,,,,
103.100000,1031,,,15.9142,,,0.0726,0.4112,1.56243,0.0000,0x00,2,39,3,,8163,4813,0,0.69614,,,1.56243,0.15000,2.39639375e-05,0.00169206557,,,,0,,,,,,
103.200000,1032,,,15.9142,,,0.0726,0.4116,1.56402,0.0000,0x00,2,39,3,,8163,4813,0,0.69613,,,1.56402,0.15000,2.39855739e-05,0.00169446413,,,,0,,,,,,
103.300000,1033,,,15.9141,,,0.0727,0.4120,1.56561,0.0000,0x00,2,39,3,,8163,4813,0,0.69613,,,1.56561,0.15000,2.40072202e-05,0.00169686485,,,,0,,,,,,
103.400000,1034,,,15.9141,,,0.0728,0.4123,1.56720,0.0000,0x00,2,39,3,,8163,4813,0,0.69612,,,1.56720,0.15000,2.40288763e-05,0.00169926774,,,,0,,,,,,
103.500000,1035,,,15.9141,,,0.0728,0.4127,1.56878,0.0000,0x00,2,39,3,,8163,4813,0,0.69611,,,1.56878,0.15000,2.40505422e-05,0.00170167279,,,,0,,,,,,
103.600000,1036,,,15.9140,,,0.0729,0.4131,1.57037,0.0000,0x00,2,39,3,,8163,4813,0,0.69611,,,1.57037,0.15000,2.4072218e-05,0.00170408002,,,,0,,,,,,
103.700000,1037,,,15.9140,,,0.0730,0.4135,1.57196,0.0000,0x00,2,39,3,,8163,4813,0,0.69610,,,1.57196,0.15000,2.40939036e-05,0.00170648941,,,,0,,,,,,
103.800000,1038,,,15.9140,,,0.0730,0.4138,1.57354,0.0000,0x00,2,39,3,,8163,4813,0,0.69610,,,1.57354,0.15000,2.4115599e-05,0.00170890097,,,,0,,,,,,
103.900000,1039,,,15.9139,,,0.0731,0.4142,1.57513,0.0000,0x00,2,39,3,,8163,4813,0,0.69609,,,1.57513,0.15000,2.41373044e-05,0.0017113147,,,,0,,,,,,
104.000000,1040,,,15.9137,,,0.0735,0.4164,1.57672,0.0000,0x00,2,39,3,,8163,4813,0,0.69609,,,1.57672,0.15000,2.42658635e-05,0.00171374128,,,,0,,,,,,
104.100000,1041,,,15.9135,,,0.0739,0.4189,1.57937,0.0000,0x00,2,39,3,,8163,4813,0,0.69608,,,1.57937,0.15000,2.44092799e-05,0.00171618221,,,,0,,,,,,
104.200000,1042,,,15.9135,,,0.0740,0.4195,1.58201,0.0000,0x00,2,39,3,,8163,4813,0,0.69608,,,1.58201,0.15000,2.44458796e-05,0.0017186268,,,,0,,,,,,
104.300000,1043,,,15.9134,,,0.0741,0.4201,1.58466,0.0000,0x00,2,39,3,,8163,4813,0,0.69607,,,1.58466,0.15000,2.44825066e-05,0.00172107505,,,,0,,,,,,
104.400000,1044,,,15.9134,,,0.0743,0.4208,1.58730,0.0000,0x00,2,39,3,,8163,4813,0,0.69606,,,1.58730,0.15000,2.4519161e-05,0.00172352697,,,,0,,,,,,
104.500000,1045,,,15.9133,,,0.0744,0.4214,1.58995,0.0000,0x00,2,39,3,,8163,4813,0,0.69606,,,1.58995,0.15000,2.45558428e-05,0.00172598255,,,,0,,,,,,
104.600000,1046,,,15.9133,,,0.0745,0.4220,1.59259,0.0000,0x00,2,39,3,,8163,4813,0,0.69605,,,1.59259,0.15000,2.45925519e-05,0.00172844181,,,,0,,,,,,
104.700000,1047,,,15.9132,,,0.0746,0.4227,1.59524,0.0000,0x00,2,39,3,,8163,4813,0,0.69605,,,1.59524,0.15000,2.46292884e-05,0.00173090473,,,,0,,,,,,
104.800000,1048,,,15.9131,,,0.0747,0.4233,1.59788,0.0000,0x00,2,39,3,,8163,4813,0,0.69604,,,1.59788,0.15000,2.46660522e-05,0.00173337134,,,,0,,,,,,
104.900000,1049,,,15.9131,,,0.0748,0.4239,1.60053,0.0000,0x00,2,39,3,,8163,4813,0,0.69604,,,1.60053,0.15000,2.47028433e-05,0.00173584162,,,,0,,,,,,
105.000000,1050,,,15.9131,,,0.0748,0.4236,1.60317,0.0000,0x00,2,39,3,,8163,4813,0,0.69603,,,1.60317,0.15000,2.46853435e-05,0.00173831016,,,,0,,,,,,
105.100000,1051,,,15.9132,,,0.0747,0.4232,1.60529,0.0000,0x00,2,39,3,,8163,4813,0,0.69602,,,1.60529,0.15000,2.46603563e-05,0.00174077619,,,,0,,,,,,
105.200000,1052,,,15.9131,,,0.0748,0.4237,1.60741,0.0000,0x00,2,39,3,,8163,4813,0,0.69602,,,1.60741,0.15000,2.46897048e-05,0.00174324516,,,,0,,,,,,
105.300000,1053,,,15.9131,,,0.0749,0.4242,1.60952,0.0000,0x00,2,39,3,,8163,4813,0,0.69601,,,1.60952,0.15000,2.47190709e-05,0.00174571707,,,,0,,,,,,
105.400000,1054,,,15.9130,,,0.0750,0.4247,1.61164,0.0000,0x00,2,39,3,,8163,4813,0,0.69601,,,1.61164,0.15000,2.47484545e-05,0.00174819192,,,,0,,,,,,
105.500000,1055,,,15.9130,,,0.0750,0.4252,1.61376,0.0000,0x00,2,39,3,,8163,4813,0,0.69600,,,1.61376,0.15000,2.47778557e-05,0.0017506697,,,,0,,,,,,
105.600000,1056,,,15.9129,,,0.0751,0.4257,1.61587,0.0000,0x00,2,39,3,,8163,4813,0,0.69600,,,1.61587,0.15000,2.48072743e-05,0.00175315043,,,,0,,,,,,
105.700000,1057,,,15.9129,,,0.0752,0.4262,1.61799,0.0000,0x00,2,39,3,,8163,4813,0,0.69599,,,1.61799,0.15000,2.48367104e-05,0.0017556341,,,,0,,,,,,
105.800000,1058,,,15.9128,,,0.0753,0.4267,1.62011,0.0000,0x00,2,39,3,,8163,4813,0,0.69598,,,1.62011,0.15000,2.4866164e-05,0.00175812072,,,,0,,,,,,
105.900000,1059,,,15.9128,,,0.0754,0.4273,1.62222,0.0000,0x00,2,39,3,,8163,4813,0,0.69598,,,1.62222,0.15000,2.48956351e-05,0.00176061028,,,,0,,,,,,
106.000000,1060,,,15.9129,,,0.0752,0.4259,1.62434,0.0000,0x00,2,39,3,,8163,4813,0,0.69597,,,1.62434,0.15000,2.48150529e-05,0.00176309179,,,,0,,,,,,
106.100000,1061,,,15.9131,,,0.0749,0.4242,1.62540,0.0000,0x00,2,39,3,,8163,4813,0,0.69597,,,1.62540,0.15000,2.47195896e-05,0.00176556374,,,,0,,,,,,
106.200000,1062,,,15.9130,,,0.0749,0.4245,1.62646,0.0000,0x00,2,39,3,,8163,4813,0,0.69596,,,1.62646,0.15000,2.47342014e-05,0.00176803717,,,,0,,,,,,
106.300000,1063,,,15.9130,,,0.0750,0.4247,1.62751,0.0000,0x00,2,39,3,,8163,4813,0,0.69596,,,1.62751,0.15000,2.47488176e-05,0.00177051205,,,,0,,,,,,
106.400000,1064,,,15.9130,,,0.0750,0.4250,1.62857,0.0000,0x00,2,39,3,,8163,4813,0,0.69595,,,1.62857,0.15000,2.47634382e-05,0.00177298839,,,,0,,,,,,
106.500000,1065,,,15.9130,,,0.0750,0.4252,1.62963,0.0000,0x00,2,39,3,,8163,4813,0,0.69594,,,1.62963,0.15000,2.47780632e-05,0.0017754662,,,,0,,,,,,
106.600000,1066,,,15.9130,,,0.0751,0.4255,1.63069,0.0000,0x00,2,39,3,,8163,4813,0,0.69594,,,1.63069,0.15000,2.47926925e-05,0.00177794547,,,,0,,,,,,
106.700000,1067,,,15.9129,,,0.0751,0.4257,1.63175,0.0000,0x00,2,39,3,,8163,4813,0,0.69593,,,1.63175,0.15000,2.48073263e-05,0.0017804262,,,,0,,,,,,
106.800000,1068,,,15.9129,,,0.0752,0.4260,1.63280,0.0000,0x00,2,39,3,,8163,4813,0,0.69593,,,1.63280,0.15000,2.48219644e-05,0.0017829084,,,,0,,,,,,
106.900000,1069,,,15.9129,,,0.0752,0.4262,1.63386,0.0000,0x00,2,39,3,,8163,4813,0,0.69592,,,1.63386,0.15000,2.48366068e-05,0.00178539206,,,,0,,,,,,
107.000000,1070,,,15.9130,,,0.0751,0.4255,1.63492,0.0000,0x00,2,39,3,,8163,4813,0,0.69592,,,1.63492,0.15000,2.47958597e-05,0.00178787164,,,,0,,,,,,
107.100000,1071,,,15.9130,,,0.0749,0.4247,1.63545,0.0000,0x00,2,39,3,,8163,4813,0,0.69591,,,1.63545,0.15000,2.4747755e-05,0.00179034642,,,,0,,,,,,
107.200000,1072,,,15.9130,,,0.0750,0.4248,1.63598,0.0000,0x00,2,39,3,,8163,4813,0,0.69590,,,1.63598,0.15000,2.47550453e-05,0.00179282192,,,,0,,,,,,
107.300000,1073,,,15.9130,,,0.0750,0.4250,1.63651,0.0000,0x00,2,39,3,,8163,4813,0,0.69590,,,1.63651,0.15000,2.47623367e-05,0.00179529816,,,,0,,,,,,
107.400000,1074,,,15.9130,,,0.0750,0.4251,1.63704,0.0000,0x00,2,39,3,,8163,4813,0,0.69589,,,1.63704,0.15000,2.47696292e-05,0.00179777512,,,,0,,,,,,
107.500000,1075,,,15.9130,,,0.0750,0.4252,1.63757,0.0000,0x00,2,39,3,,8163,4813,0,0.69589,,,1.63757,0.15000,2.47769228e-05,0.00180025281,,,,0,,,,,,
107.600000,1076,,,15.9130,,,0.0751,0.4253,1.63810,0.0000,0x00,2,39,3,,8163,4813,0,0.69588,,,1.63810,0.15000,2.47842175e-05,0.00180273123,,,,0,,,,,,
107.700000,1077,,,15.9130,,,0.0751,0.4255,1.63862,0.0000,0x00,2,39,3,,8163,4813,0,0.69588,,,1.63862,0.15000,2.47915133e-05,0.00180521038,,,,0,,,,,,
107.800000,1078,,,15.9129,,,0.0751,0.4256,1.63915,0.0000,0x00,2,39,3,,8163,4813,0,0.69587,,,1.63915,0.15000,2.47988101e-05,0.00180769026,,,,0,,,,,,
107.900000,1079,,,15.9129,,,0.0751,0.4257,1.63968,0.0000,0x00,2,39,3,,8163,4813,0,0.69587,,,1.63968,0.15000,2.48061081e-05,0.00181017088,,,,0,,,,,,
108.000000,1080,,,15.9131,,,0.0748,0.4239,1.64021,0.0000,0x00,2,39,3,,8163,4813,0,0.69586,,,1.64021,0.15000,2.47022607e-05,0.0018126411,,,,0,,,,,,
108.100000,1081,,,15.9133,,,0.0745,0.4219,1.63968,0.0000,0x00,2,39,3,,8163,4813,0,0.69585,,,1.63968,0.15000,2.45838869e-05,0.00181509949,,,,0,,,,,,
108.200000,1082,,,15.9133,,,0.0744,0.4218,1.63915,0.0000,0x00,2,39,3,,8163,4813,0,0.69585,,,1.63915,0.15000,2.45766607e-05,0.00181755716,,,,0,,,,,,
108.300000,1083,,,15.9133,,,0.0744,0.4216,1.63862,0.0000,0x00,2,39,3,,8163,4813,0,0.69584,,,1.63862,0.15000,2.45694355e-05,0.0018200141,,,,0,,,,,,
108.400000,1084,,,15.9133,,,0.0744,0.4215,1.63810,0.0000,0x00,2,39,3,,8163,4813,0,0.69584,,,1.63810,0.15000,2.45622114e-05,0.00182247032,,,,0,,,,,,
108.500000,1085,,,15.9133,,,0.0744,0.4214,1.63757,0.0000,0x00,2,39,3,,8163,4813,0,0.69583,,,1.63757,0.15000,2.45549885e-05,0.00182492582,,,,0,,,,,,
108.600000,1086,,,15.9133,,,0.0743,0.4213,1.63704,0.0000,0x00,2,39,3,,8163,4813,0,0.69583,,,1.63704,0.15000,2.45477666e-05,0.0018273806,,,,0,,,,,,
108.700000,1087,,,15.9133,,,0.0743,0.4211,1.63651,0.0000,0x00,2,39,3,,8163,4813,0,0.69582,,,1.63651,0.15000,2.45405458e-05,0.00182983465,,,,0,,,,,,
108.800000,1088,,,15.9133,,,0.0743,0.4210,1.63598,0.0000,0x00,2,39,3,,8163,4813,0,0.69581,,,1.63598,0.15000,2.45333261e-05,0.00183228798,,,,0,,,,,,
108.900000,1089,,,15.9134,,,0.0743,0.4209,1.63545,0.0000,0x00,2,39,3,,8163,4813,0,0.69581,,,1.63545,0.15000,2.45261075e-05,0.00183474059,,,,0,,,,,,
109.000000,1090,,,15.9137,,,0.0736,0.4170,1.63492,0.0000,0x00,2,39,3,,8163,4813,0,0.69580,,,1.63492,0.15000,2.42973142e-05,0.00183717033,,,,0,,,,,,
109.100000,1091,,,15.9141,,,0.0728,0.4125,1.63228,0.0000,0x00,2,39,3,,8163,4813,0,0.69580,,,1.63228,0.15000,2.40403843e-05,0.00183957436,,,,0,,,,,,
109.200000,1092,,,15.9141,,,0.0727,0.4119,1.62963,0.0000,0x00,2,39,3,,8163,4813,0,0.69579,,,1.62963,0.15000,2.40050576e-05,0.00184197487,,,,0,,,,,,
109.300000,1093,,,15.9142,,,0.0726,0.4113,1.62698,0.0000,0x00,2,39,3,,8163,4813,0,0.69579,,,1.62698,0.15000,2.39697583e-05,0.00184437185,,,,0,,,,,,
109.400000,1094,,,15.9142,,,0.0725,0.4107,1.62434,0.0000,0x00,2,39,3,,8163,4813,0,0.69578,,,1.62434,0.15000,2.39344863e-05,0.00184676529,,,,0,,,,,,
109.500000,1095,,,15.9143,,,0.0724,0.4101,1.62169,0.0000,0x00,2,39,3,,8163,4813,0,0.69578,,,1.62169,0.15000,2.38992416e-05,0.00184915522,,,,0,,,,,,
109.600000,1096,,,15.9143,,,0.0723,0.4095,1.61905,0.0000,0x00,2,39,3,,8163,4813,0,0.69577,,,1.61905,0.15000,2.38640244e-05,0.00185154162,,,,0,,,,,,
109.700000,1097,,,15.9144,,,0.0722,0.4089,1.61640,0.0000,0x00,2,39,3,,8163,4813,0,0.69576,,,1.61640,0.15000,2.38288344e-05,0.0018539245,,,,0,,,,,,
109.800000,1098,,,15.9145,,,0.0721,0.4083,1.61376,0.0000,0x00,2,39,3,,8163,4813,0,0.69576,,,1.61376,0.15000,2.37936718e-05,0.00185630387,,,,0,,,,,,
109.900000,1099,,,15.9145,,,0.0719,0.4077,1.61111,0.0000,0x00,2,39,3,,8163,4813,0,0.69575,,,1.61111,0.15000,2.37585366e-05,0.00185867973,,,,0,,,,,,
110.000000,1100,,,15.9146,,,0.0717,0.4062,1.60847,0.0000,0x00,2,39,3,,8163,4813,0,0.69575,,,1.60847,0.15000,2.36689311e-05,0.00186104662,,,,0,,,,,,
110.100000,1101,,,15.9148,,,0.0714,0.4045,1.60529,0.0000,0x00,2,39,3,,8163,4813,0,0.69574,,,1.60529,0.15000,2.35725552e-05,0.00186340387,,,,0,,,,,,
110.200000,1102,,,15.9148,,,0.0713,0.4038,1.60212,0.0000,0x00,2,39,3,,8163,4813,0,0.69574,,,1.60212,0.15000,2.35307164e-05,0.00186575695,,,,0,,,,,,
110.300000,1103,,,15.9149,,,0.0711,0.4031,1.59894,0.0000,0x00,2,39,3,,8163,4813,0,0.69573,,,1.59894,0.15000,2.34889169e-05,0.00186810584,,,,0,,,,,,
110.400000,1104,,,15.9150,,,0.0710,0.4023,1.59577,0.0000,0x00,2,39,3,,8163,4813,0,0.69573,,,1.59577,0.15000,2.34471568e-05,0.00187045055,,,,0,,,,,,
110.500000,1105,,,15.9150,,,0.0709,0.4016,1.59259,0.0000,0x00,2,39,3,,8163,4813,0,0.69572,,,1.59259,0.15000,2.34054361e-05,0.0018727911,,,,0,,,,,,
110.600000,1106,,,15.9151,,,0.0707,0.4009,1.58942,0.0000,0x00,2,39,3,,8163,4813,0,0.69572,,,1.58942,0.15000,2.33637548e-05,0.00187512747,,,,0,,,,,,
110.700000,1107,,,15.9152,,,0.0706,0.4002,1.58624,0.0000,0x00,2,39,3,,8163,4813,0,0.69571,,,1.58624,0.15000,2.33221129e-05,0.00187745968,,,,0,,,,,,
110.800000,1108,,,15.9152,,,0.0705,0.3995,1.58307,0.0000,0x00,2,39,3,,8163,4813,0,0.69570,,,1.58307,0.15000,2.32805104e-05,0.00187978773,,,,0,,,,,,
110.900000,1109,,,15.9153,,,0.0704,0.3988,1.57989,0.0000,0x00,2,39,3,,8163,4813,0,0.69570,,,1.57989,0.15000,2.32389472e-05,0.00188211163,,,,0,,,,,,
111.000000,1110,,,15.9148,,,0.0714,0.4045,1.57672,0.0000,0x00,2,39,3,,8163,4813,0,0.69569,,,1.57672,0.15000,2.35713775e-05,0.00188446877,,,,0,,,,,,
111.100000,1111,,,15.9142,,,0.0725,0.4110,1.57725,0.0000,0x00,2,39,3,,8163,4813,0,0.69569,,,1.57725,0.15000,2.39525004e-05,0.00188686402,,,,0,,,,,,
111.200000,1112,,,15.9142,,,0.0726,0.4112,1.57778,0.0000,0x00,2,39,3,,8163,4813,0,0.69568,,,1.57778,0.15000,2.39596703e-05,0.00188925998,,,,0,,,,,,
111.300000,1113,,,15.9142,,,0.0726,0.4113,1.57831,0.0000,0x00,2,39,3,,8163,4813,0,0.69568,,,1.57831,0.15000,2.39668414e-05,0.00189165667,,,,0,,,,,,
111.400000,1114,,,15.9142,,,0.0726,0.4114,1.57884,0.0000,0x00,2,39,3,,8163,4813,0,0.69567,,,1.57884,0.15000,2.39740136e-05,0.00189405407,,,,0,,,,,,
111.500000,1115,,,15.9142,,,0.0726,0.4115,1.57937,0.0000,0x00,2,39,3,,8163,4813,0,0.69567,,,1.57937,0.15000,2.39811868e-05,0.00189645219,,,,0,,,,,,
111.600000,1116,,,15.9142,,,0.0726,0.4116,1.57989,0.0000,0x00,2,39,3,,8163,4813,0,0.69566,,,1.57989,0.15000,2.39883611e-05,0.00189885102,,,,0,,,,,,
111.700000,1117,,,15.9142,,,0.0727,0.4118,1.58042,0.0000,0x00,2,39,3,,8163,4813,0,0.69566,,,1.58042,0.15000,2.39955366e-05,0.00190125058,,,,0,,,,,,
111.800000,1118,,,15.9141,,,0.0727,0.4119,1.58095,0.0000,0x00,2,39,3,,8163,4813,0,0.69565,,,1.58095,0.15000,2.40027131e-05,0.00190365085,,,,0,,,,,,
111.900000,1119,,,15.9141,,,0.0727,0.4120,1.58148,0.0000,0x00,2,39,3,,8163,4813,0,0.69564,,,1.58148,0.15000,2.40098907e-05,0.00190605184,,,,0,,,,,,
112.000000,1120,,,15.9140,,,0.0731,0.4140,1.58201,0.0000,0x00,2,39,3,,8163,4813,0,0.69564,,,1.58201,0.15000,2.4124272e-05,0.00190846427,,,,0,,,,,,
112.100000,1121,,,15.9138,,,0.0734,0.4162,1.58360,0.0000,0x00,2,39,3,,8163,4813,0,0.69563,,,1.58360,0.15000,2.42532323e-05,0.00191088959,,,,0,,,,,,
112.200000,1122,,,15.9137,,,0.0735,0.4166,1.58519,0.0000,0x00,2,39,3,,8163,4813,0,0.69563,,,1.58519,0.15000,2.4275e-05,0.00191331709,,,,0,,,,,,
112.300000,1123,,,15.9137,,,0.0736,0.4170,1.58677,0.0000,0x00,2,39,3,,8163,4813,0,0.69562,,,1.58677,0.15000,2.42967775e-05,0.00191574677,,,,0,,,,,,
112.400000,1124,,,15.9137,,,0.0736,0.4173,1.58836,0.0000,0x00,2,39,3,,8163,4813,0,0.69562,,,1.58836,0.15000,2.43185649e-05,0.00191817862,,,,0,,,,,,
112.500000,1125,,,15.9136,,,0.0737,0.4177,1.58995,0.0000,0x00,2,39,3,,8163,4813,0,0.69561,,,1.58995,0.15000,2.43403621e-05,0.00192061266,,,,0,,,,,,
112.600000,1126,,,15.9136,,,0.0738,0.4181,1.59153,0.0000,0x00,2,39,3,,8163,4813,0,0.69561,,,1.59153,0.15000,2.43621692e-05,0.00192304888,,,,0,,,,,,
112.700000,1127,,,15.9136,,,0.0738,0.4185,1.59312,0.0000,0x00,2,39,3,,8163,4813,0,0.69560,,,1.59312,0.15000,2.43839861e-05,0.00192548727,,,,0,,,,,,
112.800000,1128,,,15.9135,,,0.0739,0.4188,1.59471,0.0000,0x00,2,39,3,,8163,4813,0,0.69559,,,1.59471,0.15000,2.44058128e-05,0.00192792786,,,,0,,,,,,
112.900000,1129,,,15.9135,,,0.0740,0.4192,1.59630,0.0000,0x00,2,39,3,,8163,4813,0,0.69559,,,1.59630,0.15000,2.44276494e-05,0.00193037062,,,,0,,,,,,
113.000000,1130,,,15.9133,,,0.0744,0.4214,1.59788,0.0000,0x00,2,39,3,,8163,4813,0,0.69558,,,1.59788,0.15000,2.4557774e-05,0.0019328264,,,,0,,,,,,
113.100000,1131,,,15.9131,,,0.0748,0.4239,1.60053,0.0000,0x00,2,39,3,,8163,4813,0,0.69558,,,1.60053,0.15000,2.47028433e-05,0.00193529668,,,,0,,,,,,
113.200000,1132,,,15.9130,,,0.0749,0.4246,1.60317,0.0000,0x00,2,39,3,,8163,4813,0,0.69557,,,1.60317,0.15000,2.47396618e-05,0.00193777065,,,,0,,,,,,
113.300000,1133,,,15.9130,,,0.0750,0.4252,1.60582,0.0000,0x00,2,39,3,,8163,4813,0,0.69557,,,1.60582,0.15000,2.47765077e-05,0.0019402483,,,,0,,,,,,
113.400000,1134,,,15.9129,,,0.0751,0.4258,1.60847,0.0000,0x00,2,39,3,,8163,4813,0,0.69556,,,1.60847,0.15000,2.48133809e-05,0.00194272964,,,,0,,,,,,
113.500000,1135,,,15.9129,,,0.0753,0.4265,1.61111,0.0000,0x00,2,39,3,,8163,4813,0,0.69556,,,1.61111,0.15000,2.48502815e-05,0.00194521467,,,,0,,,,,,
113.600000,1136,,,15.9128,,,0.0754,0.4271,1.61376,0.0000,0x00,2,39,3,,8163,4813,0,0.69555,,,1.61376,0.15000,2.48872094e-05,0.00194770339,,,,0,,,,,,
113.700000,1137,,,15.9128,,,0.0755,0.4277,1.61640,0.0000,0x00,2,39,3,,8163,4813,0,0.69554,,,1.61640,0.15000,2.49241647e-05,0.0019501958,,,,0,,,,,,
113.800000,1138,,,15.9127,,,0.0756,0.4284,1.61905,0.0000,0x00,2,39,3,,8163,4813,0,0.69554,,,1.61905,0.15000,2.49611473e-05,0.00195269192,,,,0,,,,,,
113.900000,1139,,,15.9127,,,0.0757,0.4290,1.62169,0.0000,0x00,2,39,3,,8163,4813,0,0.69553,,,1.62169,0.15000,2.49981573e-05,0.00195519173,,,,0,,,,,,
114.000000,1140,,,15.9126,,,0.0758,0.4297,1.62434,0.0000,0x00,2,39,3,,8163,4813,0,0.69553,,,1.62434,0.15000,2.50351946e-05,0.00195769525,,,,0,,,,,,
114.100000,1141,,,15.9125,,,0.0759,0.4303,1.62698,0.0000,0x00,2,39,3,,8163,4813,0,0.69552,,,1.62698,0.15000,2.50722593e-05,0.00196020248,,,,0,,,,,,
114.200000,1142,,,15.9125,,,0.0760,0.4309,1.62963,0.0000,0x00,2,39,3,,8163,4813,0,0.69551,,,1.62963,0.15000,2.51093513e-05,0.00196271341,,,,0,,,,,,
114.300000,1143,,,15.9124,,,0.0762,0.4316,1.63228,0.0000,0x00,2,39,3,,8163,4813,0,0.69551,,,1.63228,0.15000,2.51464706e-05,0.00196522806,,,,0,,,,,,
114.400000,1144,,,15.9124,,,0.0763,0.4322,1.63492,0.0000,0x00,2,39,3,,8163,4813,0,0.69550,,,1.63492,0.15000,2.51836174e-05,0.00196774642,,,,0,,,,,,
114.500000,1145,,,15.9123,,,0.0764,0.4328,1.63757,0.0000,0x00,2,39,3,,8163,4813,0,0.69550,,,1.63757,0.15000,2.52207914e-05,0.0019702685,,,,0,,,,,,
114.600000,1146,,,15.9123,,,0.0765,0.4335,1.64021,0.0000,0x00,2,39,3,,8163,4813,0,0.69549,,,1.64021,0.15000,2.52579929e-05,0.0019727943,,,,0,,,,,,
114.700000,1147,,,15.9122,,,0.0766,0.4341,1.64286,0.0000,0x00,2,39,3,,8163,4813,0,0.69549,,,1.64286,0.15000,2.52952217e-05,0.00197532382,,,,0,,,,,,
114.800000,1148,,,15.9121,,,0.0767,0.4348,1.64550,0.0000,0x00,2,39,3,,8163,4813,0,0.69548,,,1.64550,0.15000,2.53324778e-05,0.00197785707,,,,0,,,,,,
114.900000,1149,,,15.9121,,,0.0768,0.4354,1.64815,0.0000,0x00,2,39,3,,8163,4813,0,0.69547,,,1.64815,0.15000,2.53697613e-05,0.00198039405,,,,0,,,,,,
115.000000,1150,,,15.9120,,,0.0771,0.4370,1.65079,0.0000,0x00,2,39,3,,8163,4813,0,0.69547,,,1.65079,0.15000,2.54630038e-05,0.00198294035,,,,0,,,,,,
115.100000,1151,,,15.9118,,,0.0774,0.4387,1.65397,0.0000,0x00,2,39,3,,8163,4813,0,0.69546,,,1.65397,0.15000,2.55639598e-05,0.00198549674,,,,0,,,,,,
115.200000,1152,,,15.9117,,,0.0776,0.4395,1.65714,0.0000,0x00,2,39,3,,8163,4813,0,0.69546,,,1.65714,0.15000,2.56090234e-05,0.00198805765,,,,0,,,,,,
115.300000,1153,,,15.9117,,,0.0777,0.4403,1.66032,0.0000,0x00,2,39,3,,8163,4813,0,0.69545,,,1.66032,0.15000,2.56541264e-05,0.00199062306,,,,0,,,,,,
115.400000,1154,,,15.9116,,,0.0778,0.4411,1.66349,0.0000,0x00,2,39,3,,8163,4813,0,0.69545,,,1.66349,0.15000,2.56992688e-05,0.00199319299,,,,0,,,,,,
115.500000,1155,,,15.9115,,,0.0780,0.4419,1.66667,0.0000,0x00,2,39,3,,8163,4813,0,0.69544,,,1.66667,0.15000,2.57444506e-05,0.00199576743,,,,0,,,,,,
115.600000,1156,,,15.9115,,,0.0781,0.4426,1.66984,0.0000,0x00,2,39,3,,8163,4813,0,0.69543,,,1.66984,0.15000,2.57896717e-05,0.0019983464,,,,0,,,,,,
115.700000,1157,,,15.9114,,,0.0782,0.4434,1.67302,0.0000,0x00,2,39,3,,8163,4813,0,0.69543,,,1.67302,0.15000,2.58349322e-05,0.00200092989,,,,0,,,,,,
115.800000,1158,,,15.9113,,,0.0784,0.4442,1.67619,0.0000,0x00,2,39,3,,8163,4813,0,0.69542,,,1.67619,0.15000,2.58802322e-05,0.00200351791,,,,0,,,,,,
115.900000,1159,,,15.9113,,,0.0785,0.4450,1.67937,0.0000,0x00,2,39,3,,8163,4813,0,0.69542,,,1.67937,0.15000,2.59255715e-05,0.00200611047,,,,0,,,,,,
116.000000,1160,,,15.9114,,,0.0783,0.4438,1.68254,0.0000,0x00,2,39,3,,8163,4813,0,0.69541,,,1.68254,0.15000,2.58569355e-05,0.00200869617,,,,0,,,,,,
116.100000,1161,,,15.9115,,,0.0781,0.4423,1.68466,0.0000,0x00,2,39,3,,8163,4813,0,0.69540,,,1.68466,0.15000,2.57729082e-05,0.00201127346,,,,0,,,,,,
116.200000,1162,,,15.9114,,,0.0782,0.4429,1.68677,0.0000,0x00,2,39,3,,8163,4813,0,0.69540,,,1.68677,0.15000,2.58029133e-05,0.00201385375,,,,0,,,,,,
116.300000,1163,,,15.9114,,,0.0782,0.4434,1.68889,0.0000,0x00,2,39,3,,8163,4813,0,0.69539,,,1.68889,0.15000,2.58329358e-05,0.00201643704,,,,0,,,,,,
116.400000,1164,,,15.9114,,,0.0783,0.4439,1.69101,0.0000,0x00,2,39,3,,8163,4813,0,0.69539,,,1.69101,0.15000,2.58629758e-05,0.00201902334,,,,0,,,,,,
116.500000,1165,,,15.9113,,,0.0784,0.4444,1.69312,0.0000,0x00,2,39,3,,8163,4813,0,0.69538,,,1.69312,0.15000,2.58930333e-05,0.00202161264,,,,0,,,,,,
116.600000,1166,,,15.9113,,,0.0785,0.4449,1.69524,0.0000,0x00,2,39,3,,8163,4813,0,0.69537,,,1.69524,0.15000,2.59231084e-05,0.00202420495,,,,0,,,,,,
116.700000,1167,,,15.9112,,,0.0786,0.4454,1.69735,0.0000,0x00,2,39,3,,8163,4813,0,0.69537,,,1.69735,0.15000,2.59532009e-05,0.00202680027,,,,0,,,,,,
116.800000,1168,,,15.9112,,,0.0787,0.4460,1.69947,0.0000,0x00,2,39,3,,8163,4813,0,0.69536,,,1.69947,0.15000,2.5983311e-05,0.0020293986,,,,0,,,,,,
116.900000,1169,,,15.9111,,,0.0788,0.4465,1.70159,0.0000,0x00,2,39,3,,8163,4813,0,0.69536,,,1.70159,0.15000,2.60134385e-05,0.00203199995,,,,0,,,,,,
117.000000,1170,,,15.9113,,,0.0785,0.4450,1.70370,0.0000,0x00,2,39,3,,8163,4813,0,0.69535,,,1.70370,0.15000,2.59281347e-05,0.00203459276,,,,0,,,,,,
117.100000,1171,,,15.9114,,,0.0782,0.4433,1.70476,0.0000,0x00,2,39,3,,8163,4813,0,0.69534,,,1.70476,0.15000,2.58276215e-05,0.00203717552,,,,0,,,,,,
117.200000,1172,,,15.9114,,,0.0783,0.4435,1.70582,0.0000,0x00,2,39,3,,8163,4813,0,0.69534,,,1.70582,0.15000,2.58425616e-05,0.00203975978,,,,0,,,,,,
117.300000,1173,,,15.9114,,,0.0783,0.4438,1.70688,0.0000,0x00,2,39,3,,8163,4813,0,0.69533,,,1.70688,0.15000,2.5857506e-05,0.00204234553,,,,0,,,,,,
117.400000,1174,,,15.9113,,,0.0784,0.4441,1.70794,0.0000,0x00,2,39,3,,8163,4813,0,0.69533,,,1.70794,0.15000,2.58724548e-05,0.00204493278,,,,0,,,,,,
117.500000,1175,,,15.9113,,,0.0784,0.4443,1.70899,0.0000,0x00,2,39,3,,8163,4813,0,0.69532,,,1.70899,0.15000,2.5887408e-05,0.00204752152,,,,0,,,,,,
117.600000,1176,,,15.9113,,,0.0785,0.4446,1.71005,0.0000,0x00,2,39,3,,8163,4813,0,0.69531,,,1.71005,0.15000,2.59023656e-05,0.00205011175,,,,0,,,,,,
117.700000,1177,,,15.9113,,,0.0785,0.4448,1.71111,0.0000,0x00,2,39,3,,8163,4813,0,0.69531,,,1.71111,0.15000,2.59173275e-05,0.00205270349,,,,0,,,,,,
117.800000,1178,,,15.9113,,,0.0785,0.4451,1.71217,0.0000,0x00,2,39,3,,8163,4813,0,0.69530,,,1.71217,0.15000,2.59322938e-05,0.00205529672,,,,0,,,,,,
117.900000,1179,,,15.9112,,,0.0786,0.4453,1.71323,0.0000,0x00,2,39,3,,8163,4813,0,0.69530,,,1.71323,0.15000,2.59472645e-05,0.00205789144,,,,0,,,,,,
118.000000,1180,,,15.9116,,,0.0779,0.4416,1.71429,0.0000,0x00,2,39,3,,8163,4813,0,0.69529,,,1.71429,0.15000,2.57299077e-05,0.00206046443,,,,0,,,,,,
118.100000,1181,,,15.9119,,,0.0772,0.4374,1.71323,0.0000,0x00,2,39,3,,8163,4813,0,0.69528,,,1.71323,0.15000,2.54828876e-05,0.00206301272,,,,0,,,,,,
118.200000,1182,,,15.9119,,,0.0771,0.4371,1.71217,0.0000,0x00,2,39,3,,8163,4813,0,0.69528,,,1.71217,0.15000,2.54682037e-05,0.00206555954,,,,0,,,,,,
118.300000,1183,,,15.9120,,,0.0771,0.4368,1.71111,0.0000,0x00,2,39,3,,8163,4813,0,0.69527,,,1.71111,0.15000,2.54535242e-05,0.00206810489,,,,0,,,,,,
118.400000,1184,,,15.9120,,,0.0770,0.4366,1.71005,0.0000,0x00,2,39,3,,8163,4813,0,0.69527,,,1.71005,0.15000,2.54388491e-05,0.00207064878,,,,0,,,,,,
118.500000,1185,,,15.9120,,,0.0770,0.4363,1.70899,0.0000,0x00,2,39,3,,8163,4813,0,0.69526,,,1.70899,0.15000,2.54241784e-05,0.0020731912,,,,0,,,,,,
118.600000,1186,,,15.9120,,,0.0770,0.4361,1.70794,0.0000,0x00,2,39,3,,8163,4813,0,0.69526,,,1.70794,0.15000,2.5409512e-05,0.00207573215,,,,0,,,,,,
118.700000,1187,,,15.9121,,,0.0769,0.4358,1.70688,0.0000,0x00,2,39,3,,8163,4813,0,0.69525,,,1.70688,0.15000,2.53948501e-05,0.00207827163,,,,0,,,,,,
118.800000,1188,,,15.9121,,,0.0769,0.4356,1.70582,0.0000,0x00,2,39,3,,8163,4813,0,0.69524,,,1.70582,0.15000,2.53801925e-05,0.00208080965,,,,0,,,,,,
118.900000,1189,,,15.9121,,,0.0768,0.4353,1.70476,0.0000,0x00,2,39,3,,8163,4813,0,0.69524,,,1.70476,0.15000,2.53655392e-05,0.00208334621,,,,0,,,,,,
119.000000,1190,,,15.9124,,,0.0763,0.4321,1.70370,0.0000,0x00,2,39,3,,8163,4813,0,0.69523,,,1.70370,0.15000,2.51777171e-05,0.00208586398,,,,0,,,,,,
119.100000,1191,,,15.9127,,,0.0756,0.4285,1.70106,0.0000,0x00,2,39,3,,8163,4813,0,0.69523,,,1.70106,0.15000,2.49684786e-05,0.00208836083,,,,0,,,,,,
119.200000,1192,,,15.9127,,,0.0755,0.4279,1.69841,0.0000,0x00,2,39,3,,8163,4813,0,0.69522,,,1.69841,0.15000,2.49324408e-05,0.00209085407,,,,0,,,,,,
119.300000,1193,,,15.9128,,,0.0754,0.4273,1.69577,0.0000,0x00,2,39,3,,8163,4813,0,0.69521,,,1.69577,0.15000,2.48964303e-05,0.00209334371,,,,0,,,,,,
119.400000,1194,,,15.9129,,,0.0753,0.4266,1.69312,0.0000,0x00,2,39,3,,8163,4813,0,0.69521,,,1.69312,0.15000,2.48604472e-05,0.00209582976,,,,0,,,,,,
119.500000,1195,,,15.9129,,,0.0752,0.4260,1.69048,0.0000,0x00,2,39,3,,8163,4813,0,0.69520,,,1.69048,0.15000,2.48244914e-05,0.00209831221,,,,0,,,,,,
119.600000,1196,,,15.9130,,,0.0751,0.4254,1.68783,0.0000,0x00,2,39,3,,8163,4813,0,0.69520,,,1.68783,0.15000,2.4788563e-05,0.00210079106,,,,0,,,,,,
119.700000,1197,,,15.9130,,,0.0750,0.4248,1.68519,0.0000,0x00,2,39,3,,8163,4813,0,0.69519,,,1.68519,0.15000,2.47526619e-05,0.00210326633,,,,0,,,,,,
119.800000,1198,,,15.9131,,,0.0749,0.4242,1.68254,0.0000,0x00,2,39,3,,8163,4813,0,0.69519,,,1.68254,0.15000,2.47167882e-05,0.00210573801,,,,0,,,,,,
119.900000,1199,,,15.9131,,,0.0747,0.4236,1.67989,0.0000,0x00,2,39,3,,8163,4813,0,0.69518,,,1.67989,0.15000,2.46809419e-05,0.0021082061,,,,0,,,,,,
120.000000,1200,,,15.9154,,,0.0702,0.3975,1.67725,0.0000,0x00,2,39,3,,8163,4813,0,0.69518,,,1.67725,0.15000,2.31675921e-05,0.00211052286,,,,0,,,,,,
120.100000,1201,,,15.9179,,,0.0651,0.3688,1.66085,0.0000,0x00,2,39,3,,8163,4813,0,0.69517,,,1.66085,0.15000,2.14974918e-05,0.00211267261,,,,0,,,,,,
120.200000,1202,,,15.9182,,,0.0645,0.3655,1.64444,0.0000,0x00,2,39,3,,8163,4813,0,0.69516,,,1.64444,0.15000,2.13059737e-05,0.00211480321,,,,0,,,,,,
120.300000,1203,,,15.9185,,,0.0639,0.3622,1.62804,0.0000,0x00,2,39,3,,8163,4813,0,0.69516,,,1.62804,0.15000,2.11155071e-05,0.00211691476,,,,0,,,,,,
120.400000,1204,,,15.9187,,,0.0634,0.3590,1.61164,0.0000,0x00,2,39,3,,8163,4813,0,0.69516,,,1.61164,0.15000,2.09260918e-05,0.00211900737,,,,0,,,,,,
120.500000,1205,,,15.9190,,,0.0628,0.3558,1.59524,0.0000,0x00,2,39,3,,8163,4813,0,0.69515,,,1.59524,0.15000,2.07377279e-05,0.00212108114,,,,0,,,,,,
120.600000,1206,,,15.9193,,,0.0622,0.3525,1.57884,0.0000,0x00,2,39,3,,8163,4813,0,0.69515,,,1.57884,0.15000,2.05504154e-05,0.00212313618,,,,0,,,,,,
120.700000,1207,,,15.9196,,,0.0616,0.3493,1.56243,0.0000,0x00,2,39,3,,8163,4813,0,0.69514,,,1.56243,0.15000,2.03641542e-05,0.0021251726,,,,0,,,,,,
120.800000,1208,,,15.9199,,,0.0611,0.3462,1.54603,0.0000,0x00,2,39,3,,8163,4813,0,0.69514,,,1.54603,0.15000,2.01789445e-05,0.00212719049,,,,0,,,,,,
120.900000,1209,,,15.9201,,,0.0605,0.3430,1.52963,0.0000,0x00,2,39,3,,8163,4813,0,0.69513,,,1.52963,0.15000,1.99947861e-05,0.00212918997,,,,0,,,,,,
121.000000,1210,,,15.9206,,,0.0597,0.3381,1.51323,0.0000,0x00,2,39,3,,8163,4813,0,0.69513,,,1.51323,0.15000,1.97091374e-05,0.00213116088,,,,0,,,,,,
121.100000,1211,,,15.9210,,,0.0588,0.3330,1.49577,0.0000,0x00,2,39,3,,8163,4813,0,0.69512,,,1.49577,0.15000,1.94151971e-05,0.0021331024,,,,0,,,,,,
121.200000,1212,,,15.9213,,,0.0582,0.3298,1.47831,0.0000,0x00,2,39,3,,8163,4813,0,0.69512,,,1.47831,0.15000,1.92249898e-05,0.0021350249,,,,0,,,,,,
121.300000,1213,,,15.9216,,,0.0576,0.3265,1.46085,0.0000,0x00,2,39,3,,8163,4813,0,0.69511,,,1.46085,0.15000,1.90359739e-05,0.0021369285,,,,0,,,,,,
121.400000,1214,,,15.9219,,,0.0570,0.3233,1.44339,0.0000,0x00,2,39,3,,8163,4813,0,0.69511,,,1.44339,0.15000,1.88481495e-05,0.00213881332,,,,0,,,,,,
121.500000,1215,,,15.9221,,,0.0565,0.3201,1.42593,0.0000,0x00,2,39,3,,8163,4813,0,0.69510,,,1.42593,0.15000,1.86615164e-05,0.00214067947,,,,0,,,,,,
121.600000,1216,,,15.9224,,,0.0559,0.3169,1.40847,0.0000,0x00,2,39,3,,8163,4813,0,0.69510,,,1.40847,0.15000,1.84760748e-05,0.00214252707,,,,0,,,,,,
121.700000,1217,,,15.9227,,,0.0554,0.3137,1.39101,0.0000,0x00,2,39,3,,8163,4813,0,0.69510,,,1.39101,0.15000,1.82918246e-05,0.00214435626,,,,0,,,,,,
121.800000,1218,,,15.9230,,,0.0548,0.3106,1.37354,0.0000,0x00,2,39,3,,8163,4813,0,0.69509,,,1.37354,0.15000,1.81087658e-05,0.00214616713,,,,0,,,,,,
121.900000,1219,,,15.9232,,,0.0543,0.3075,1.35608,0.0000,0x00,2,39,3,,8163,4813,0,0.69509,,,1.35608,0.15000,1.79268984e-05,0.00214795982,,,,0,,,,,,
122.000000,1220,,,15.9235,,,0.0537,0.3044,1.33862,0.0000,0x00,2,39,3,,8163,4813,0,0.69508,,,1.33862,0.15000,1.77462224e-05,0.00214973445,,,,0,,,,,,
122.100000,1221,,,15.9238,,,0.0532,0.3013,1.32116,0.0000,0x00,2,39,3,,8163,4813,0,0.69508,,,1.32116,0.15000,1.75667379e-05,0.00215149112,,,,0,,,,,,
122.200000,1222,,,15.9240,,,0.0526,0.2982,1.30370,0.0000,0x00,2,39,3,,8163,4813,0,0.69508,,,1.30370,0.15000,1.73884447e-05,0.00215322996,,,,0,,,,,,
122.300000,1223,,,15.9243,,,0.0521,0.2952,1.28624,0.0000,0x00,2,39,3,,8163,4813,0,0.69507,,,1.28624,0.15000,1.7211343e-05,0.0021549511,,,,0,,,,,,
122.400000,1224,,,15.9246,,,0.0516,0.2921,1.26878,0.0000,0x00,2,39,3,,8163,4813,0,0.69507,,,1.26878,0.15000,1.70354327e-05,0.00215665464,,,,0,,,,,,
122.500000,1225,,,15.9248,,,0.0510,0.2891,1.25132,0.0000,0x00,2,39,3,,8163,4813,0,0.69506,,,1.25132,0.15000,1.68607138e-05,0.00215834071,,,,0,,,,,,
122.600000,1226,,,15.9251,,,0.0505,0.2862,1.23386,0.0000,0x00,2,39,3,,8163,4813,0,0.69506,,,1.23386,0.15000,1.66871864e-05,0.00216000943,,,,0,,,,,,
122.700000,1227,,,15.9253,,,0.0500,0.2832,1.21640,0.0000,0x00,2,39,3,,8163,4813,0,0.69506,,,1.21640,0.15000,1.65148503e-05,0.00216166092,,,,0,,,,,,
122.800000,1228,,,15.9256,,,0.0495,0.2803,1.19894,0.0000,0x00,2,39,3,,8163,4813,0,0.69505,,,1.19894,0.15000,1.63437057e-05,0.00216329529,,,,0,,,,,,
122.900000,1229,,,15.9259,,,0.0489,0.2773,1.18148,0.0000,0x00,2,39,3,,8163,4813,0,0.69505,,,1.18148,0.15000,1.61737525e-05,0.00216491266,,,,0,,,,,,
123.000000,1230,,,15.9261,,,0.0484,0.2744,1.16402,0.0000,0x00,2,39,3,,8163,4813,0,0.69505,,,1.16402,0.15000,1.60049907e-05,0.00216651316,,,,0,,,,,,
123.100000,1231,,,15.9264,,,0.0479,0.2716,1.14656,0.0000,0x00,2,39,3,,8163,4813,0,0.69504,,,1.14656,0.15000,1.58374203e-05,0.0021680969,,,,0,,,,,,
123.200000,1232,,,15.9266,,,0.0474,0.2687,1.12910,0.0000,0x00,2,39,3,,8163,4813,0,0.69504,,,1.12910,0.15000,1.56710414e-05,0.00216966401,,,,0,,,,,,
123.300000,1233,,,15.9269,,,0.0469,0.2659,1.11164,0.0000,0x00,2,39,3,,8163,4813,0,0.69503,,,1.11164,0.15000,1.55058538e-05,0.00217121459,,,,0,,,,,,
123.400000,1234,,,15.9271,,,0.0464,0.2631,1.09418,0.0000,0x00,2,39,3,,8163,4813,0,0.69503,,,1.09418,0.15000,1.53418577e-05,0.00217274878,,,,0,,,,,,
123.500000,1235,,,15.9273,,,0.0459,0.2603,1.07672,0.0000,0x00,2,39,3,,8163,4813,0,0.69503,,,1.07672,0.15000,1.5179053e-05,0.00217426668,,,,0,,,,,,
123.600000,1236,,,15.9276,,,0.0454,0.2575,1.05926,0.0000,0x00,2,39,3,,8163,4813,0,0.69502,,,1.05926,0.15000,1.50174397e-05,0.00217576843,,,,0,,,,,,
123.700000,1237,,,15.9278,,,0.0450,0.2547,1.04180,0.0000,0x00,2,39,3,,8163,4813,0,0.69502,,,1.04180,0.15000,1.48570179e-05,0.00217725413,,,,0,,,,,,
123.800000,1238,,,15.9281,,,0.0445,0.2520,1.02434,0.0000,0x00,2,39,3,,8163,4813,0,0.69502,,,1.02434,0.15000,1.46977874e-05,0.00217872391,,,,0,,,,,,
123.900000,1239,,,15.9283,,,0.0440,0.2493,1.00688,0.0000,0x00,2,39,3,,8163,4813,0,0.69501,,,1.00688,0.15000,1.45397484e-05,0.00218017788,,,,0,,,,,,
124.000000,1240,,,15.9285,,,0.0435,0.2466,0.98942,0.0000,0x00,2,39,3,,8163,4813,0,0.69501,,,0.98942,0.15000,1.43829008e-05,0.00218161617,,,,0,,,,,,
124.100000,1241,,,15.9288,,,0.0430,0.2439,0.97196,0.0000,0x00,2,39,3,,8163,4813,0,0.69501,,,0.97196,0.15000,1.42272446e-05,0.0021830389,,,,0,,,,,,
124.200000,1242,,,15.9290,,,0.0426,0.2413,0.95450,0.0000,0x00,2,39,3,,8163,4813,0,0.69500,,,0.95450,0.15000,1.40727798e-05,0.00218444618,,,,0,,,,,,
124.300000,1243,,,15.9292,,,0.0421,0.2386,0.93704,0.0000,0x00,2,39,3,,8163,4813,0,0.69500,,,0.93704,0.15000,1.39195065e-05,0.00218583813,,,,0,,,,,,
124.400000,1244,,,15.9295,,,0.0417,0.2360,0.91958,0.0000,0x00,2,39,3,,8163,4813,0,0.69500,,,0.91958,0.15000,1.37674245e-05,0.00218721487,,,,0,,,,,,
124.500000,1245,,,15.9297,,,0.0412,0.2334,0.90212,0.0000,0x00,2,39,3,,8163,4813,0,0.69499,,,0.90212,0.15000,1.3616534e-05,0.00218857652,,,,0,,,,,,
124.600000,1246,,,15.9299,,,0.0407,0.2309,0.88466,0.0000,0x00,2,39,3,,8163,4813,0,0.69499,,,0.88466,0.15000,1.34668349e-05,0.00218992321,,,,0,,,,,,
124.700000,1247,,,15.9301,,,0.0403,0.2283,0.86720,0.0000,0x00,2,39,3,,8163,4813,0,0.69499,,,0.86720,0.15000,1.33183272e-05,0.00219125504,,,,0,,,,,,
124.800000,1248,,,15.9303,,,0.0398,0.2258,0.84974,0.0000,0x00,2,39,3,,8163,4813,0,0.69498,,,0.84974,0.15000,1.3171011e-05,0.00219257214,,,,0,,,,,,
124.900000,1249,,,15.9306,,,0.0394,0.2233,0.83228,0.0000,0x00,2,39,3,,8163,4813,0,0.69498,,,0.83228,0.15000,1.30248861e-05,0.00219387463,,,,0,,,,,,
125.000000,1250,,,15.9308,,,0.0390,0.2208,0.81481,0.0000,0x00,2,39,3,,8163,4813,0,0.69498,,,0.81481,0.15000,1.28799527e-05,0.00219516262,,,,0,,,,,,
125.100000,1251,,,15.9310,,,0.0385,0.2183,0.79735,0.0000,0x00,2,39,3,,8163,4813,0,0.69498,,,0.79735,0.15000,1.27362107e-05,0.00219643624,,,,0,,,,,,
125.200000,1252,,,15.9312,,,0.0381,0.2159,0.77989,0.0000,0x00,2,39,3,,8163,4813,0,0.69497,,,0.77989,0.15000,1.25936601e-05,0.00219769561,,,,0,,,,,,
125.300000,1253,,,15.9314,,,0.0377,0.2135,0.76243,0.0000,0x00,2,39,3,,8163,4813,0,0.69497,,,0.76243,0.15000,1.2452301e-05,0.00219894084,,,,0,,,,,,
125.400000,1254,,,15.9316,,,0.0372,0.2110,0.74497,0.0000,0x00,2,39,3,,8163,4813,0,0.69497,,,0.74497,0.15000,1.23121332e-05,0.00220017205,,,,0,,,,,,
125.500000,1255,,,15.9318,,,0.0368,0.2087,0.72751,0.0000,0x00,2,39,3,,8163,4813,0,0.69496,,,0.72751,0.15000,1.21731569e-05,0.00220138937,,,,0,,,,,,
125.600000,1256,,,15.9320,,,0.0364,0.2063,0.71005,0.0000,0x00,2,39,3,,8163,4813,0,0.69496,,,0.71005,0.15000,1.2035372e-05,0.00220259291,,,,0,,,,,,
125.700000,1257,,,15.9322,,,0.0360,0.2040,0.69259,0.0000,0x00,2,39,3,,8163,4813,0,0.69496,,,0.69259,0.15000,1.18987785e-05,0.00220378278,,,,0,,,,,,
125.800000,1258,,,15.9324,,,0.0356,0.2016,0.67513,0.0000,0x00,2,39,3,,8163,4813,0,0.69496,,,0.67513,0.15000,1.17633764e-05,0.00220495912,,,,0,,,,,,
125.900000,1259,,,15.9326,,,0.0352,0.1993,0.65767,0.0000,0x00,2,39,3,,8163,4813,0,0.69495,,,0.65767,0.15000,1.16291658e-05,0.00220612204,,,,0,,,,,,
126.000000,1260,,,15.9328,,,0.0348,0.1970,0.64021,0.0000,0x00,2,39,3,,8163,4813,0,0.69495,,,0.64021,0.15000,1.14961466e-05,0.00220727165,,,,0,,,,,,
126.100000,1261,,,15.9330,,,0.0344,0.1948,0.62275,0.0000,0x00,2,39,3,,8163,4813,0,0.69495,,,0.62275,0.15000,1.13643188e-05,0.00220840809,,,,0,,,,,,
126.200000,1262,,,15.9332,,,0.0340,0.1925,0.60529,0.0000,0x00,2,39,3,,8163,4813,0,0.69495,,,0.60529,0.15000,1.12336824e-05,0.00220953145,,,,0,,,,,,
126.300000,1263,,,15.9334,,,0.0336,0.1903,0.58783,0.0000,0x00,2,39,3,,8163,4813,0,0.69494,,,0.58783,0.15000,1.11042374e-05,0.00221064188,,,,0,,,,,,
126.400000,1264,,,15.9336,,,0.0332,0.1881,0.57037,0.0000,0x00,2,39,3,,8163,4813,0,0.69494,,,0.57037,0.15000,1.09759839e-05,0.00221173948,,,,0,,,,,,
126.500000,1265,,,15.9338,,,0.0328,0.1859,0.55291,0.0000,0x00,2,39,3,,8163,4813,0,0.69494,,,0.55291,0.15000,1.08489217e-05,0.00221282437,,,,0,,,,,,
126.600000,1266,,,15.9340,,,0.0324,0.1838,0.53545,0.0000,0x00,2,39,3,,8163,4813,0,0.69494,,,0.53545,0.15000,1.0723051e-05,0.00221389667,,,,0,,,,,,
126.700000,1267,,,15.9342,,,0.0321,0.1816,0.51799,0.0000,0x00,2,39,3,,8163,4813,0,0.69493,,,0.51799,0.15000,1.05983717e-05,0.00221495651,,,,0,,,,,,
126.800000,1268,,,15.9344,,,0.0317,0.1795,0.50053,0.0000,0x00,2,39,3,,8163,4813,0,0.69493,,,0.50053,0.15000,1.04748839e-05,0.002216004,,,,0,,,,,,
126.900000,1269,,,15.9346,,,0.0313,0.1774,0.48307,0.0000,0x00,2,39,3,,8163,4813,0,0.69493,,,0.48307,0.15000,1.03525874e-05,0.00221703926,,,,0,,,,,,
127.000000,1270,,,15.9347,,,0.0309,0.1753,0.46561,0.0000,0x00,2,39,3,,8163,4813,0,0.69493,,,0.46561,0.15000,1.02314824e-05,0.00221806241,,,,0,,,,,,
127.100000,1271,,,15.9349,,,0.0306,0.1733,0.44815,0.0000,0x00,2,39,3,,8163,4813,0,0.69492,,,0.44815,0.15000,1.01115688e-05,0.00221907356,,,,0,,,,,,
127.200000,1272,,,15.9351,,,0.0302,0.1713,0.43069,0.0000,0x00,2,39,3,,8163,4813,0,0.69492,,,0.43069,0.15000,9.99284662e-06,0.00222007285,,,,0,,,,,,
127.300000,1273,,,15.9353,,,0.0299,0.1692,0.41323,0.0000,0x00,2,39,3,,8163,4813,0,0.69492,,,0.41323,0.15000,9.87531585e-06,0.00222106038,,,,0,,,,,,
127.400000,1274,,,15.9354,,,0.0295,0.1672,0.39577,0.0000,0x00,2,39,3,,8163,4813,0,0.69492,,,0.39577,0.15000,9.75897651e-06,0.00222203628,,,,0,,,,,,
127.500000,1275,,,15.9356,,,0.0292,0.1653,0.37831,0.0000,0x00,2,39,3,,8163,4813,0,0.69491,,,0.37831,0.15000,9.64382859e-06,0.00222300066,,,,0,,,,,,
127.600000,1276,,,15.9358,,,0.0288,0.1633,0.36085,0.0000,0x00,2,39,3,,8163,4813,0,0.69491,,,0.36085,0.15000,9.52987209e-06,0.00222395365,,,,0,,,,,,
127.700000,1277,,,15.9360,,,0.0285,0.1614,0.34339,0.0000,0x00,2,39,3,,8163,4813,0,0.69491,,,0.34339,0.15000,9.41710701e-06,0.00222489536,,,,0,,,,,,
127.800000,1278,,,15.9361,,,0.0281,0.1595,0.32593,0.0000,0x00,2,39,3,,8163,4813,0,0.69491,,,0.32593,0.15000,9.30553335e-06,0.00222582591,,,,0,,,,,,
127.900000,1279,,,15.9363,,,0.0278,0.1576,0.30847,0.0000,0x00,2,39,3,,8163,4813,0,0.69491,,,0.30847,0.15000,9.19515112e-06,0.00222674543,,,,0,,,,,,
128.000000,1280,,,15.9364,,,0.0275,0.1557,0.29101,0.0000,0x00,2,39,3,,8163,4813,0,0.69490,,,0.29101,0.15000,9.0859603e-06,0.00222765402,,,,0,,,,,,
128.100000,1281,,,15.9366,,,0.0271,0.1538,0.27354,0.0000,0x00,2,39,3,,8163,4813,0,0.69490,,,0.27354,0.15000,8.9779609e-06,0.00222855182,,,,0,,,,,,
128.200000,1282,,,15.9368,,,0.0268,0.1520,0.25608,0.0000,0x00,2,39,3,,8163,4813,0,0.69490,,,0.25608,0.15000,8.87115293e-06,0.00222943893,,,,0,,,,,,
128.300000,1283,,,15.9369,,,0.0265,0.1502,0.23862,0.0000,0x00,2,39,3,,8163,4813,0,0.69490,,,0.23862,0.15000,8.76553638e-06,0.00223031549,,,,0,,,,,,
128.400000,1284,,,15.9371,,,0.0262,0.1484,0.22116,0.0000,0x00,2,39,3,,8163,4813,0,0.69490,,,0.22116,0.15000,8.66111124e-06,0.0022311816,,,,0,,,,,,
128.500000,1285,,,15.9372,,,0.0259,0.1466,0.20370,0.0000,0x00,2,39,3,,8163,4813,0,0.69489,,,0.20370,0.15000,8.55787753e-06,0.00223203739,,,,0,,,,,,
128.600000,1286,,,15.9374,,,0.0256,0.1449,0.18624,0.0000,0x00,2,39,3,,8163,4813,0,0.69489,,,0.18624,0.15000,8.45583524e-06,0.00223288297,,,,0,,,,,,
128.700000,1287,,,15.9375,,,0.0253,0.1432,0.16878,0.0000,0x00,2,39,3,,8163,4813,0,0.69489,,,0.16878,0.15000,8.35498438e-06,0.00223371847,,,,0,,,,,,
128.800000,1288,,,15.9377,,,0.0250,0.1415,0.15132,0.0000,0x00,2,39,3,,8163,4813,0,0.69489,,,0.15132,0.15000,8.25532493e-06,0.002234544,,,,0,,,,,,
128.900000,1289,,,15.9378,,,0.0247,0.1398,0.13386,0.0000,0x00,2,39,3,,8163,4813,0,0.69489,,,0.13386,0.15000,8.1568569e-06,0.00223535969,,,,0,,,,,,
129.000000,1290,,,15.9379,,,0.0245,0.1388,0.11640,0.0000,0x00,2,39,3,,8163,4813,0,0.69488,,,0.11640,0.15000,8.10296336e-06,0.00223616998,,,,0,,,,,,
129.100000,1291,,,15.9380,,,0.0244,0.1383,0.10476,0.0000,0x00,2,39,3,,8163,4813,0,0.69488,,,0.10476,0.15000,8.07348064e-06,0.00223697733,,,,0,,,,,,
129.200000,1292,,,15.9381,,,0.0242,0.1371,0.09312,0.0000,0x00,2,39,3,,8163,4813,0,0.69488,,,0.09312,0.15000,8.00114438e-06,0.00223777744,,,,0,,,,,,
129.300000,1293,,,15.9382,,,0.0240,0.1359,0.08148,0.0000,0x00,2,39,3,,8163,4813,0,0.69488,,,0.08148,0.15000,7.92933764e-06,0.00223857038,,,,0,,,,,,
129.400000,1294,,,15.9383,,,0.0238,0.1346,0.06984,0.0000,0x00,2,39,3,,8163,4813,0,0.69488,,,0.06984,0.15000,7.85806042e-06,0.00223935618,,,,0,,,,,,
129.500000,1295,,,15.9384,,,0.0235,0.1334,0.05820,0.0000,0x00,2,39,3,,8163,4813,0,0.69488,,,0.05820,0.15000,7.78731273e-06,0.00224013492,,,,0,,,,,,
129.600000,1296,,,15.9385,,,0.0233,0.1322,0.04656,0.0000,0x00,2,39,3,,8163,4813,0,0.69487,,,0.04656,0.15000,7.71709455e-06,0.00224090663,,,,0,,,,,,
129.700000,1297,,,15.9386,,,0.0231,0.1310,0.03492,0.0000,0x00,2,39,3,,8163,4813,0,0.69487,,,0.03492,0.15000,7.64740589e-06,0.00224167137,,,,0,,,,,,
129.800000,1298,,,15.9387,,,0.0229,0.1298,0.02328,0.0000,0x00,2,39,3,,8163,4813,0,0.69487,,,0.02328,0.15000,7.57824676e-06,0.00224242919,,,,0,,,,,,
129.900000,1299,,,15.9389,,,0.0225,0.1275,0.01164,0.0000,0x00,2,39,3,,8163,4813,0,0.69487,,,0.01164,0.15000,7.44151705e-06,0.00224317334,,,,0,,,,,,
130.000000,1300,,,15.9389,,,0.0225,0.1275,0.00000,0.0000,0x00,2,39,3,,8163,4813,0,0.69487,,,0.00000,0.15000,7.44151705e-06,0.00224391749,,,,0,,,,,,
130.100000,1301,,,15.9389,,,0.0225,0.1275,0.00000,0.0000,0x00,2,39,3,,8163,4813,0,0.69486,,,0.00000,0.15000,7.44151705e-06,0.00224466165,,,,0,,,,,,
130.200000,1302,,,15.9389,,,0.0225,0.1275,0.00000,0.0000,0x00,2,39,3,,8163,4813,0,0.69486,,,0.00000,0.15000,7.44151705e-06,0.0022454058,,,,0,,,,,,
130.300000,1303,,,15.9389,,,0.0225,0.1275,0.00000,0.0000,0x00,2,39,3,,8163,4813,0,0.69486,,,0.00000,0.15000,7.44151705e-06,0.00224614995,,,,0,,,,,,
130.400000,1304,,,15.9389,,,0.0225,0.1275,0.00000,0.0000,0x00,2,39,3,,8163,4813,0,0.69486,,,0.00000,0.15000,7.44151705e-06,0.0022468941,,,,0,,,,,,
130.500000,1305,,,15.9389,,,0.0225,0.1275,0.00000,0.0000,0x00,2,39,3,,8163,4813,0,0.69486,,,0.00000,0.15000,7.44151705e-06,0.00224763825,,,,0,,,,,,
130.600000,1306,,,15.9389,,,0.0225,0.1275,0.00000,0.0000,0x00,2,39,3,,8163,4813,0,0.69486,,,0.00000,0.15000,7.44151705e-06,0.0022483824,,,,0,,,,,,
130.700000,1307,,,15.9389,,,0.0225,0.1275,0.00000,0.0000,0x00,2,39,3,,8163,4813,0,0.69485,,,0.00000,0.15000,7.44151705e-06,0.00224912656,,,,0,,,,,,
130.800000,1308,,,15.9389,,,0.0225,0.1275,0.00000,0.0000,0x00,2,39,3,,8163,4813,0,0.69485,,,0.00000,0.15000,7.44151705e-06,0.00224987071,,,,0,,,,,,
130.900000,1309,,,15.9389,,,0.0225,0.1275,0.00000,0.0000,0x00,2,39,3,,8163,4813,0,0.69485,,,0.00000,0.15000,7.44151705e-06,0.00225061486,,,,0,,,,,,
131.000000,1310,,,15.9389,,,0.0225,0.1275,0.00000,0.0000,0x00,2,39,3,,8163,4813,0,0.69485,,,0.00000,0.15000,7.44151705e-06,0.00225135901,,,,0,,,,,,
131.100000,1311,,,15.9389,,,0.0225,0.1275,0.00000,0.0000,0x00,2,39,3,,8163,4813,0,0.69485,,,0.00000,0.15000,7.44151705e-06,0.00225210316,,,,0,,,,,,
131.200000,1312,,,15.9389,,,0.0225,0.1275,0.00000,0.0000,0x00,2,39,3,,8163,4813,0,0.69485,,,0.00000,0.15000,7.44151705e-06,0.00225284731,,,,0,,,,,,
131.300000,1313,,,15.9389,,,0.0225,0.1275,0.00000,0.0000,0x00,2,39,3,,8163,4813,0,0.69484,,,0.00000,0.15000,7.44151705e-06,0.00225359147,,,,0,,,,,,
131.400000,1314,,,15.9389,,,0.0225,0.1275,0.00000,0.0000,0x00,2,39,3,,8163,4813,0,0.69484,,,0.00000,0.15000,7.44151705e-06,0.00225433562,,,,0,,,,,,
131.500000,1315,,,15.9389,,,0.0225,0.1275,0.00000,0.0000,0x00,2,39,3,,8163,4813,0,0.69484,,,0.00000,0.15000,7.44151705e-06,0.00225507977,,,,0,,,,,,
131.600000,1316,,,15.9389,,,0.0225,0.1275,0.00000,0.0000,0x00,2,39,3,,8163,4813,0,0.69484,,,0.00000,0.15000,7.44151705e-06,0.00225582392,,,,0,,,,,,
131.700000,1317,,,15.9389,,,0.0225,0.1275,0.00000,0.0000,0x00,2,39,3,,8163,4813,0,0.69484,,,0.00000,0.15000,7.44151705e-06,0.00225656807,,,,0,,,,,,
131.800000,1318,,,15.9389,,,0.0225,0.1275,0.00000,0.0000,0x00,2,39,3,,8163,4813,0,0.69484,,,0.00000,0.15000,7.44151705e-06,0.00225731222,,,,0,,,,,,
131.900000,1319,,,15.9389,,,0.0225,0.1275,0.00000,0.0000,0x00,2,39,3,,8163,4813,0,0.69483,,,0.00000,0.15000,7.44151705e-06,0.00225805638,,,,0,,,,,,
132.000000,1320,,,15.9389,,,0.0225,0.1275,0.00000,0.0000,0x00,2,39,3,,8163,4813,0,0.69483,,,0.00000,0.15000,7.44151705e-06,0.00225880053,,,,0,,,,,,
132.100000,1321,,,15.9389,,,0.0225,0.1275,0.00000,0.0000,0x00,2,39,3,,8163,4813,0,0.69483,,,0.00000,0.15000,7.44151705e-06,0.00225954468,,,,0,,,,,,
132.200000,1322,,,15.9389,,,0.0225,0.1275,0.00000,0.0000,0x00,2,39,3,,8163,4813,0,0.69483,,,0.00000,0.15000,7.44151705e-06,0.00226028883,,,,0,,,,,,
132.300000,1323,,,15.9389,,,0.0225,0.1275,0.00000,0.0000,0x00,2,39,3,,8163,4813,0,0.69483,,,0.00000,0.15000,7.44151705e-06,0.00226103298,,,,0,,,,,,
132.400000,1324,,,15.9389,,,0.0225,0.1275,0.00000,0.0000,0x00,2,39,3,,8163,4813,0,0.69483,,,0.00000,0.15000,7.44151705e-06,0.00226177713,,,,0,,,,,,
132.500000,1325,,,15.9389,,,0.0225,0.1275,0.00000,0.0000,0x00,2,39,3,,8163,4813,0,0.69482,,,0.00000,0.15000,7.44151705e-06,0.00226252129,,,,0,,,,,,
132.600000,1326,,,15.9389,,,0.0225,0.1275,0.00000,0.0000,0x00,2,39,3,,8163,4813,0,0.69482,,,0.00000,0.15000,7.44151705e-06,0.00226326544,,,,0,,,,,,
132.700000,1327,,,15.9389,,,0.0225,0.1275,0.00000,0.0000,0x00,2,39,3,,8163,4813,0,0.69482,,,0.00000,0.15000,7.44151705e-06,0.00226400959,,,,0,,,,,,
132.800000,1328,,,15.9389,,,0.0225,0.1275,0.00000,0.0000,0x00,2,39,3,,8163,4813,0,0.69482,,,0.00000,0.15000,7.44151705e-06,0.00226475374,,,,0,,,,,,
132.900000,1329,,,15.9389,,,0.0225,0.1275,0.00000,0.0000,0x00,2,39,3,,8163,4813,0,0.69482,,,0.00000,0.15000,7.44151705e-06,0.00226549789,,,,0,,,,,,
133.000000,1330,,,15.9389,,,0.0225,0.1275,0.00000,0.0000,0x00,2,39,3,,8163,4813,0,0.69482,,,0.00000,0.15000,7.44151705e-06,0.00226624205,,,,0,,,,,,
133.100000,1331,,,15.9389,,,0.0225,0.1275,0.00000,0.0000,0x00,2,39,3,,8163,4813,0,0.69481,,,0.00000,0.15000,7.44151705e-06,0.0022669862,,,,0,,,,,,
133.200000,1332,,,15.9389,,,0.0225,0.1275,0.00000,0.0000,0x00,2,39,3,,8163,4813,0,0.69481,,,0.00000,0.15000,7.44151705e-06,0.00226773035,,,,0,,,,,,
133.300000,1333,,,15.9389,,,0.0225,0.1275,0.00000,0.0000,0x00,2,39,3,,8163,4813,0,0.69481,,,0.00000,0.15000,7.44151705e-06,0.0022684745,,,,0,,,,,,
133.400000,1334,,,15.9389,,,0.0225,0.1275,0.00000,0.0000,0x00,2,39,3,,8163,4813,0,0.69481,,,0.00000,0.15000,7.44151705e-06,0.00226921865,,,,0,,,,,,
133.500000,1335,,,15.9389,,,0.0225,0.1275,0.00000,0.0000,0x00,2,39,3,,8163,4813,0,0.69481,,,0.00000,0.15000,7.44151705e-06,0.0022699628,,,,0,,,,,,
133.600000,1336,,,15.9389,,,0.0225,0.1275,0.00000,0.0000,0x00,2,39,3,,8163,4813,0,0.69481,,,0.00000,0.15000,7.44151705e-06,0.00227070696,,,,0,,,,,,
133.700000,1337,,,15.9389,,,0.0225,0.1275,0.00000,0.0000,0x00,2,39,3,,8163,4813,0,0.69480,,,0.00000,0.15000,7.44151705e-06,0.00227145111,,,,0,,,,,,
133.800000,1338,,,15.9389,,,0.0225,0.1275,0.00000,0.0000,0x00,2,39,3,,8163,4813,0,0.69480,,,0.00000,0.15000,7.44151705e-06,0.00227219526,,,,0,,,,,,
133.900000,1339,,,15.9389,,,0.0225,0.1275,0.00000,0.0000,0x00,2,39,3,,8163,4813,0,0.69480,,,0.00000,0.15000,7.44151705e-06,0.00227293941,,,,0,,,,,,
134.000000,1340,,,15.9389,,,0.0225,0.1275,0.00000,0.0000,0x00,2,39,3,,8163,4813,0,0.69480,,,0.00000,0.15000,7.44151705e-06,0.00227368356,,,,0,,,,,,
134.100000,1341,,,15.9389,,,0.0225,0.1275,0.00000,0.0000,0x00,2,39,3,,8163,4813,0,0.69480,,,0.00000,0.15000,7.44151705e-06,0.00227442771,,,,0,,,,,,
134.200000,1342,,,15.9389,,,0.0225,0.1275,0.00000,0.0000,0x00,2,39,3,,8163,4813,0,0.69480,,,0.00000,0.15000,7.44151705e-06,0.00227517187,,,,0,,,,,,
134.300000,1343,,,15.9389,,,0.0225,0.1275,0.00000,0.0000,0x00,2,39,3,,8163,4813,0,0.69479,,,0.00000,0.15000,7.44151705e-06,0.00227591602,,,,0,,,,,,
134.400000,1344,,,15.9389,,,0.0225,0.1275,0.00000,0.0000,0x00,2,39,3,,8163,4813,0,0.69479,,,0.00000,0.15000,7.44151705e-06,0.00227666017,,,,0,,,,,,
134.500000,1345,,,15.9389,,,0.0225,0.1275,0.00000,0.0000,0x00,2,39,3,,8163,4813,0,0.69479,,,0.00000,0.15000,7.44151705e-06,0.00227740432,,,,0,,,,,,
134.600000,1346,,,15.9389,,,0.0225,0.1275,0.00000,0.0000,0x00,2,39,3,,8163,4813,0,0.69479,,,0.00000,0.15000,7.44151705e-06,0.00227814847,,,,0,,,,,,
134.700000,1347,,,15.9389,,,0.0225,0.1275,0.00000,0.0000,0x00,2,39,3,,8163,4813,0,0.69479,,,0.00000,0.15000,7.44151705e-06,0.00227889262,,,,0,,,,,,
134.800000,1348,,,15.9389,,,0.0225,0.1275,0.00000,0.0000,0x00,2,39,3,,8163,4813,0,0.69478,,,0.00000,0.15000,7.44151705e-06,0.00227963678,,,,0,,,,,,
134.900000,1349,,,15.9389,,,0.0225,0.1275,0.00000,0.0000,0x00,2,39,3,,8163,4813,0,0.69478,,,0.00000,0.15000,7.44151705e-06,0.00228038093,,,,0,,,,,,
135.000000,1350,,,15.9389,,,0.0225,0.1275,0.00000,0.0000,0x00,2,39,3,,8163,4813,0,0.69478,,,0.00000,0.15000,7.44151705e-06,0.00228112508,,,,0,,,,,,
135.100000,1351,,,15.9389,,,0.0225,0.1275,0.00000,0.0000,0x00,2,39,3,,8163,4813,0,0.69478,,,0.00000,0.15000,7.44151705e-06,0.00228186923,,,,0,,,,,,
135.200000,1352,,,15.9389,,,0.0225,0.1275,0.00000,0.0000,0x00,2,39,3,,8163,4813,0,0.69478,,,0.00000,0.15000,7.44151705e-06,0.00228261338,,,,0,,,,,,
135.300000,1353,,,15.9389,,,0.0225,0.1275,0.00000,0.0000,0x00,2,39,3,,8163,4813,0,0.69478,,,0.00000,0.15000,7.44151705e-06,0.00228335753,,,,0,,,,,,
135.400000,1354,,,15.9389,,,0.0225,0.1275,0.00000,0.0000,0x00,2,39,3,,8163,4813,0,0.69477,,,0.00000,0.15000,7.44151705e-06,0.00228410169,,,,0,,,,,,
135.500000,1355,,,15.9389,,,0.0225,0.1275,0.00000,0.0000,0x00,2,39,3,,8163,4813,0,0.69477,,,0.00000,0.15000,7.44151705e-06,0.00228484584,,,,0,,,,,,
135.600000,1356,,,15.9389,,,0.0225,0.1275,0.00000,0.0000,0x00,2,39,3,,8163,4813,0,0.69477,,,0.00000,0.15000,7.44151705e-06,0.00228558999,,,,0,,,,,,
135.700000,1357,,,15.9389,,,0.0225,0.1275,0.00000,0.0000,0x00,2,39,3,,8163,4813,0,0.69477,,,0.00000,0.15000,7.44151705e-06,0.00228633414,,,,0,,,,,,
135.800000,1358,,,15.9389,,,0.0225,0.1275,0.00000,0.0000,0x00,2,39,3,,8163,4813,0,0.69477,,,0.00000,0.15000,7.44151705e-06,0.00228707829,,,,0,,,,,,
135.900000,1359,,,15.9389,,,0.0225,0.1275,0.00000,0.0000,0x00,2,39,3,,8163,4813,0,0.69477,,,0.00000,0.15000,7.44151705e-06,0.00228782244,,,,0,,,,,,
136.000000,1360,,,15.9389,,,0.0225,0.1275,0.00000,0.0000,0x00,2,39,3,,8163,4813,0,0.69476,,,0.00000,0.15000,7.44151705e-06,0.0022885666,,,,0,,,,,,
136.100000,1361,,,15.9389,,,0.0225,0.1275,0.00000,0.0000,0x00,2,39,3,,8163,4813,0,0.69476,,,0.00000,0.15000,7.44151705e-06,0.00228931075,,,,0,,,,,,
136.200000,1362,,,15.9389,,,0.0225,0.1275,0.00000,0.0000,0x00,2,39,3,,8163,4813,0,0.69476,,,0.00000,0.15000,7.44151705e-06,0.0022900549,,,,0,,,,,,
136.300000,1363,,,15.9389,,,0.0225,0.1275,0.00000,0.0000,0x00,2,39,3,,8163,4813,0,0.69476,,,0.00000,0.15000,7.44151705e-06,0.00229079905,,,,0,,,,,,
136.400000,1364,,,15.9389,,,0.0225,0.1275,0.00000,0.0000,0x00,2,39,3,,8163,4813,0,0.69476,,,0.00000,0.15000,7.44151705e-06,0.0022915432,,,,0,,,,,,
136.500000,1365,,,15.9389,,,0.0225,0.1275,0.00000,0.0000,0x00,2,39,3,,8163,4813,0,0.69476,,,0.00000,0.15000,7.44151705e-06,0.00229228735,,,,0,,,,,,
136.600000,1366,,,15.9389,,,0.0225,0.1275,0.00000,0.0000,0x00,2,39,3,,8163,4813,0,0.69475,,,0.00000,0.15000,7.44151705e-06,0.00229303151,,,,0,,,,,,
136.700000,1367,,,15.9389,,,0.0225,0.1275,0.00000,0.0000,0x00,2,39,3,,8163,4813,0,0.69475,,,0.00000,0.15000,7.44151705e-06,0.00229377566,,,,0,,,,,,
136.800000,1368,,,15.9389,,,0.0225,0.1275,0.00000,0.0000,0x00,2,39,3,,8163,4813,0,0.69475,,,0.00000,0.15000,7.44151705e-06,0.00229451981,,,,0,,,,,,
136.900000,1369,,,15.9389,,,0.0225,0.1275,0.00000,0.0000,0x00,2,39,3,,8163,4813,0,0.69475,,,0.00000,0.15000,7.44151705e-06,0.00229526396,,,,0,,,,,,
137.000000,1370,,,15.9389,,,0.0225,0.1275,0.00000,0.0000,0x00,2,39,3,,8163,4813,0,0.69475,,,0.00000,0.15000,7.44151705e-06,0.00229600811,,,,0,,,,,,
137.100000,1371,,,15.9389,,,0.0225,0.1275,0.00000,0.0000,0x00,2,39,3,,8163,4813,0,0.69475,,,0.00000,0.15000,7.44151705e-06,0.00229675226,,,,0,,,,,,
137.200000,1372,,,15.9389,,,0.0225,0.1275,0.00000,0.0000,0x00,2,39,3,,8163,4813,0,0.69474,,,0.00000,0.15000,7.44151705e-06,0.00229749642,,,,0,,,,,,
137.300000,1373,,,15.9389,,,0.0225,0.1275,0.00000,0.0000,0x00,2,39,3,,8163,4813,0,0.69474,,,0.00000,0.15000,7.44151705e-06,0.00229824057,,,,0,,,,,,
137.400000,1374,,,15.9389,,,0.0225,0.1275,0.00000,0.0000,0x00,2,39,3,,8163,4813,0,0.69474,,,0.00000,0.15000,7.44151705e-06,0.00229898472,,,,0,,,,,,
137.500000,1375,,,15.9389,,,0.0225,0.1275,0.00000,0.0000,0x00,2,39,3,,8163,4813,0,0.69474,,,0.00000,0.15000,7.44151705e-06,0.00229972887,,,,0,,,,,,
137.600000,1376,,,15.9389,,,0.0225,0.1275,0.00000,0.0000,0x00,2,39,3,,8163,4813,0,0.69474,,,0.00000,0.15000,7.44151705e-06,0.00230047302,,,,0,,,,,,
137.700000,1377,,,15.9389,,,0.0225,0.1275,0.00000,0.0000,0x00,2,39,3,,8163,4813,0,0.69474,,,0.00000,0.15000,7.44151705e-06,0.00230121718,,,,0,,,,,,
137.800000,1378,,,15.9389,,,0.0225,0.1275,0.00000,0.0000,0x00,2,39,3,,8163,4813,0,0.69473,,,0.00000,0.15000,7.44151705e-06,0.00230196133,,,,0,,,,,,
137.900000,1379,,,15.9389,,,0.0225,0.1275,0.00000,0.0000,0x00,2,39,3,,8163,4813,0,0.69473,,,0.00000,0.15000,7.44151705e-06,0.00230270548,,,,0,,,,,,
138.000000,1380,,,15.9389,,,0.0225,0.1275,0.00000,0.0000,0x00,2,39,3,,8163,4813,0,0.69473,,,0.00000,0.15000,7.44151705e-06,0.00230344963,,,,0,,,,,,
138.100000,1381,,,15.9389,,,0.0225,0.1275,0.00000,0.0000,0x00,2,39,3,,8163,4813,0,0.69473,,,0.00000,0.15000,7.44151705e-06,0.00230419378,,,,0,,,,,,
138.200000,1382,,,15.9389,,,0.0225,0.1275,0.00000,0.0000,0x00,2,39,3,,8163,4813,0,0.69473,,,0.00000,0.15000,7.44151705e-06,0.00230493793,,,,0,,,,,,
138.300000,1383,,,15.9389,,,0.0225,0.1275,0.00000,0.0000,0x00,2,39,3,,8163,4813,0,0.69473,,,0.00000,0.15000,7.44151705e-06,0.00230568209,,,,0,,,,,,
138.400000,1384,,,15.9389,,,0.0225,0.1275,0.00000,0.0000,0x00,2,39,3,,8163,4813,0,0.69472,,,0.00000,0.15000,7.44151705e-06,0.00230642624,,,,0,,,,,,
138.500000,1385,,,15.9389,,,0.0225,0.1275,0.00000,0.0000,0x00,2,39,3,,8163,4813,0,0.69472,,,0.00000,0.15000,7.44151705e-06,0.00230717039,,,,0,,,,,,
138.600000,1386,,,15.9389,,,0.0225,0.1275,0.00000,0.0000,0x00,2,39,3,,8163,4813,0,0.69472,,,0.00000,0.15000,7.44151705e-06,0.00230791454,,,,0,,,,,,
138.700000,1387,,,15.9389,,,0.0225,0.1275,0.00000,0.0000,0x00,2,39,3,,8163,4813,0,0.69472,,,0.00000,0.15000,7.44151705e-06,0.00230865869,,,,0,,,,,,
138.800000,1388,,,15.9389,,,0.0225,0.1275,0.00000,0.0000,0x00,2,39,3,,8163,4813,0,0.69472,,,0.00000,0.15000,7.44151705e-06,0.00230940284,,,,0,,,,,,
138.900000,1389,,,15.9389,,,0.0225,0.1275,0.00000,0.0000,0x00,2,39,3,,8163,4813,0,0.69472,,,0.00000,0.15000,7.44151705e-06,0.002310147,,,,0,,,,,,
139.000000,1390,,,15.9389,,,0.0225,0.1275,0.00000,0.0000,0x00,2,39,3,,8163,4813,0,0.69471,,,0.00000,0.15000,7.44151705e-06,0.00231089115,,,,0,,,,,,
139.100000,1391,,,15.9389,,,0.0225,0.1275,0.00000,0.0000,0x00,2,39,3,,8163,4813,0,0.69471,,,0.00000,0.15000,7.44151705e-06,0.0023116353,,,,0,,,,,,
139.200000,1392,,,15.9389,,,0.0225,0.1275,0.00000,0.0000,0x00,2,39,3,,8163,4813,0,0.69471,,,0.00000,0.15000,7.44151705e-06,0.00231237945,,,,0,,,,,,
139.300000,1393,,,15.9389,,,0.0225,0.1275,0.00000,0.0000,0x00,2,39,3,,8163,4813,0,0.69471,,,0.00000,0.15000,7.44151705e-06,0.0023131236,,,,0,,,,,,
139.400000,1394,,,15.9389,,,0.0225,0.1275,0.00000,0.0000,0x00,2,39,3,,8163,4813,0,0.69471,,,0.00000,0.15000,7.44151705e-06,0.00231386775,,,,0,,,,,,
139.500000,1395,,,15.9389,,,0.0225,0.1275,0.00000,0.0000,0x00,2,39,3,,8163,4813,0,0.69471,,,0.00000,0.15000,7.44151705e-06,0.00231461191,,,,0,,,,,,
139.600000,1396,,,15.9389,,,0.0225,0.1275,0.00000,0.0000,0x00,2,39,3,,8163,4813,0,0.69470,,,0.00000,0.15000,7.44151705e-06,0.00231535606,,,,0,,,,,,
139.700000,1397,,,15.9389,,,0.0225,0.1275,0.00000,0.0000,0x00,2,39,3,,8163,4813,0,0.69470,,,0.00000,0.15000,7.44151705e-06,0.00231610021,,,,0,,,,,,
139.800000,1398,,,15.9389,,,0.0225,0.1275,0.00000,0.0000,0x00,2,39,3,,8163,4813,0,0.69470,,,0.00000,0.15000,7.44151705e-06,0.00231684436,,,,0,,,,,,
139.900000,1399,,,15.9389,,,0.0225,0.1275,0.00000,0.0000,0x00,2,39,3,,8163,4813,0,0.69470,,,0.00000,0.15000,7.44151705e-06,0.00231758851,,,,0,,,,,,
140.000000,1400,,,15.9389,,,0.0225,0.1275,0.00000,0.0000,0x00,2,39,3,,8163,4813,0,0.69470,,,0.00000,0.15000,7.44151705e-06,0.00231833266,,,,0,,,,,,
140.100000,1401,,,15.9389,,,0.0225,0.1275,0.00000,0.0000,0x00,2,39,3,,8163,4813,0,0.69470,,,0.00000,0.15000,7.44151705e-06,0.00231907682,,,,0,,,,,,
140.200000,1402,,,15.9389,,,0.0225,0.1275,0.00000,0.0000,0x00,2,39,3,,8163,4813,0,0.69469,,,0.00000,0.15000,7.44151705e-06,0.00231982097,,,,0,,,,,,
140.300000,1403,,,15.9389,,,0.0225,0.1275,0.00000,0.0000,0x00,2,39,3,,8163,4813,0,0.69469,,,0.00000,0.15000,7.44151705e-06,0.00232056512,,,,0,,,,,,
140.400000,1404,,,15.9389,,,0.0225,0.1275,0.00000,0.0000,0x00,2,39,3,,8163,4813,0,0.69469,,,0.00000,0.15000,7.44151705e-06,0.00232130927,,,,0,,,,,,
140.500000,1405,,,15.9389,,,0.0225,0.1275,0.00000,0.0000,0x00,2,39,3,,8163,4813,0,0.69469,,,0.00000,0.15000,7.44151705e-06,0.00232205342,,,,0,,,,,,
140.600000,1406,,,15.9389,,,0.0225,0.1275,0.00000,0.0000,0x00,2,39,3,,8163,4813,0,0.69469,,,0.00000,0.15000,7.44151705e-06,0.00232279757,,,,0,,,,,,
140.700000,1407,,,15.9389,,,0.0225,0.1275,0.00000,0.0000,0x00,2,39,3,,8163,4813,0,0.69468,,,0.00000,0.15000,7.44151705e-06,0.00232354173,,,,0,,,,,,
140.800000,1408,,,15.9389,,,0.0225,0.1275,0.00000,0.0000,0x00,2,39,3,,8163,4813,0,0.69468,,,0.00000,0.15000,7.44151705e-06,0.00232428588,,,,0,,,,,,
140.900000,1409,,,15.9389,,,0.0225,0.1275,0.00000,0.0000,0x00,2,39,3,,8163,4813,0,0.69468,,,0.00000,0.15000,7.44151705e-06,0.00232503003,,,,0,,,,,,
141.000000,1410,,,15.9389,,,0.0225,0.1275,0.00000,0.0000,0x00,2,39,3,,8163,4813,0,0.69468,,,0.00000,0.15000,7.44151705e-06,0.00232577418,,,,0,,,,,,
141.100000,1411,,,15.9389,,,0.0225,0.1275,0.00000,0.0000,0x00,2,39,3,,8163,4813,0,0.69468,,,0.00000,0.15000,7.44151705e-06,0.00232651833,,,,0,,,,,,
141.200000,1412,,,15.9389,,,0.0225,0.1275,0.00000,0.0000,0x00,2,39,3,,8163,4813,0,0.69468,,,0.00000,0.15000,7.44151705e-06,0.00232726248,,,,0,,,,,,
141.300000,1413,,,15.9389,,,0.0225,0.1275,0.00000,0.0000,0x00,2,39,3,,8163,4813,0,0.69467,,,0.00000,0.15000,7.44151705e-06,0.00232800664,,,,0,,,,,,
141.400000,1414,,,15.9389,,,0.0225,0.1275,0.00000,0.0000,0x00,2,39,3,,8163,4813,0,0.69467,,,0.00000,0.15000,7.44151705e-06,0.00232875079,,,,0,,,,,,
141.500000,1415,,,15.9389,,,0.0225,0.1275,0.00000,0.0000,0x00,2,39,3,,8163,4813,0,0.69467,,,0.00000,0.15000,7.44151705e-06,0.00232949494,,,,0,,,,,,
141.600000,1416,,,15.9389,,,0.0225,0.1275,0.00000,0.0000,0x00,2,39,3,,8163,4813,0,0.69467,,,0.00000,0.15000,7.44151705e-06,0.00233023909,,,,0,,,,,,
141.700000,1417,,,15.9389,,,0.0225,0.1275,0.00000,0.0000,0x00,2,39,3,,8163,4813,0,0.69467,,,0.00000,0.15000,7.44151705e-06,0.00233098324,,,,0,,,,,,
141.800000,1418,,,15.9389,,,0.0225,0.1275,0.00000,0.0000,0x00,2,39,3,,8163,4813,0,0.69467,,,0.00000,0.15000,7.44151705e-06,0.0023317274,,,,0,,,,,,
141.900000,1419,,,15.9389,,,0.0225,0.1275,0.00000,0.0000,0x00,2,39,3,,8163,4813,0,0.69466,,,0.00000,0.15000,7.44151705e-06,0.00233247155,,,,0,,,,,,
142.000000,1420,,,15.9389,,,0.0225,0.1275,0.00000,0.0000,0x00,2,39,3,,8163,4813,0,0.69466,,,0.00000,0.15000,7.44151705e-06,0.0023332157,,,,0,,,,,,
142.100000,1421,,,15.9389,,,0.0225,0.1275,0.00000,0.0000,0x00,2,39,3,,8163,4813,0,0.69466,,,0.00000,0.15000,7.44151705e-06,0.00233395985,,,,0,,,,,,
142.200000,1422,,,15.9389,,,0.0225,0.1275,0.00000,0.0000,0x00,2,39,3,,8163,4813,0,0.69466,,,0.00000,0.15000,7.44151705e-06,0.002334704,,,,0,,,,,,
142.300000,1423,,,15.9389,,,0.0225,0.1275,0.00000,0.0000,0x00,2,39,3,,8163,4813,0,0.69466,,,0.00000,0.15000,7.44151705e-06,0.00233544815,,,,0,,,,,,
142.400000,1424,,,15.9389,,,0.0225,0.1275,0.00000,0.0000,0x00,2,39,3,,8163,4813,0,0.69466,,,0.00000,0.15000,7.44151705e-06,0.00233619231,,,,0,,,,,,
142.500000,1425,,,15.9389,,,0.0225,0.1275,0.00000,0.0000,0x00,2,39,3,,8163,4813,0,0.69465,,,0.00000,0.15000,7.44151705e-06,0.00233693646,,,,0,,,,,,
142.600000,1426,,,15.9389,,,0.0225,0.1275,0.00000,0.0000,0x00,2,39,3,,8163,4813,0,0.69465,,,0.00000,0.15000,7.44151705e-06,0.00233768061,,,,0,,,,,,
142.700000,1427,,,15.9389,,,0.0225,0.1275,0.00000,0.0000,0x00,2,39,3,,8163,4813,0,0.69465,,,0.00000,0.15000,7.44151705e-06,0.00233842476,,,,0,,,,,,
142.800000,1428,,,15.9389,,,0.0225,0.1275,0.00000,0.0000,0x00,2,39,3,,8163,4813,0,0.69465,,,0.00000,0.15000,7.44151705e-06,0.00233916891,,,,0,,,,,,
142.900000,1429,,,15.9389,,,0.0225,0.1275,0.00000,0.0000,0x00,2,39,3,,8163,4813,0,0.69465,,,0.00000,0.15000,7.44151705e-06,0.00233991306,,,,0,,,,,,
143.000000,1430,,,15.9389,,,0.0225,0.1275,0.00000,0.0000,0x00,2,39,3,,8163,4813,0,0.69465,,,0.00000,0.15000,7.44151705e-06,0.00234065722,,,,0,,,,,,
143.100000,1431,,,15.9389,,,0.0225,0.1275,0.00000,0.0000,0x00,2,39,3,,8163,4813,0,0.69464,,,0.00000,0.15000,7.44151705e-06,0.00234140137,,,,0,,,,,,
143.200000,1432,,,15.9389,,,0.0225,0.1275,0.00000,0.0000,0x00,2,39,3,,8163,4813,0,0.69464,,,0.00000,0.15000,7.44151705e-06,0.00234214552,,,,0,,,,,,
143.300000,1433,,,15.9389,,,0.0225,0.1275,0.00000,0.0000,0x00,2,39,3,,8163,4813,0,0.69464,,,0.00000,0.15000,7.44151705e-06,0.00234288967,,,,0,,,,,,
143.400000,1434,,,15.9389,,,0.0225,0.1275,0.00000,0.0000,0x00,2,39,3,,8163,4813,0,0.69464,,,0.00000,0.15000,7.44151705e-06,0.00234363382,,,,0,,,,,,
143.500000,1435,,,15.9389,,,0.0225,0.1275,0.00000,0.0000,0x00,2,39,3,,8163,4813,0,0.69464,,,0.00000,0.15000,7.44151705e-06,0.00234437797,,,,0,,,,,,
143.600000,1436,,,15.9389,,,0.0225,0.1275,0.00000,0.0000,0x00,2,39,3,,8163,4813,0,0.69464,,,0.00000,0.15000,7.44151705e-06,0.00234512213,,,,0,,,,,,
143.700000,1437,,,15.9389,,,0.0225,0.1275,0.00000,0.0000,0x00,2,39,3,,8163,4813,0,0.69463,,,0.00000,0.15000,7.44151705e-06,0.00234586628,,,,0,,,,,,
143.800000,1438,,,15.9389,,,0.0225,0.1275,0.00000,0.0000,0x00,2,39,3,,8163,4813,0,0.69463,,,0.00000,0.15000,7.44151705e-06,0.00234661043,,,,0,,,,,,
143.900000,1439,,,15.9389,,,0.0225,0.1275,0.00000,0.0000,0x00,2,39,3,,8163,4813,0,0.69463,,,0.00000,0.15000,7.44151705e-06,0.00234735458,,,,0,,,,,,
144.000000,1440,,,15.9389,,,0.0225,0.1275,0.00000,0.0000,0x00,2,39,3,,8163,4813,0,0.69463,,,0.00000,0.15000,7.44151705e-06,0.00234809873,,,,0,,,,,,
144.100000,1441,,,15.9389,,,0.0225,0.1275,0.00000,0.0000,0x00,2,39,3,,8163,4813,0,0.69463,,,0.00000,0.15000,7.44151705e-06,0.00234884288,,,,0,,,,,,
144.200000,1442,,,15.9389,,,0.0225,0.1275,0.00000,0.0000,0x00,2,39,3,,8163,4813,0,0.69463,,,0.00000,0.15000,7.44151705e-06,0.00234958704,,,,0,,,,,,
144.300000,1443,,,15.9389,,,0.0225,0.1275,0.00000,0.0000,0x00,2,39,3,,8163,4813,0,0.69462,,,0.00000,0.15000,7.44151705e-06,0.00235033119,,,,0,,,,,,
144.400000,1444,,,15.9389,,,0.0225,0.1275,0.00000,0.0000,0x00,2,39,3,,8163,4813,0,0.69462,,,0.00000,0.15000,7.44151705e-06,0.00235107534,,,,0,,,,,,
144.500000,1445,,,15.9389,,,0.0225,0.1275,0.00000,0.0000,0x00,2,39,3,,8163,4813,0,0.69462,,,0.00000,0.15000,7.44151705e-06,0.00235181949,,,,0,,,,,,
144.600000,1446,,,15.9389,,,0.0225,0.1275,0.00000,0.0000,0x00,2,39,3,,8163,4813,0,0.69462,,,0.00000,0.15000,7.44151705e-06,0.00235256364,,,,0,,,,,,
144.700000,1447,,,15.9389,,,0.0225,0.1275,0.00000,0.0000,0x00,2,39,3,,8163,4813,0,0.69462,,,0.00000,0.15000,7.44151705e-06,0.00235330779,,,,0,,,,,,
144.800000,1448,,,15.9389,,,0.0225,0.1275,0.00000,0.0000,0x00,2,39,3,,8163,4813,0,0.69462,,,0.00000,0.15000,7.44151705e-06,0.00235405195,,,,0,,,,,,
144.900000,1449,,,15.9389,,,0.0225,0.1275,0.00000,0.0000,0x00,2,39,3,,8163,4813,0,0.69461,,,0.00000,0.15000,7.44151705e-06,0.0023547961,,,,0,,,,,,
145.000000,1450,,,15.9389,,,0.0225,0.1275,0.00000,0.0000,0x00,2,39,3,,8163,4813,0,0.69461,,,0.00000,0.15000,7.44151705e-06,0.00235554025,,,,0,,,,,,
145.100000,1451,,,15.9389,,,0.0225,0.1275,0.00000,0.0000,0x00,2,39,3,,8163,4813,0,0.69461,,,0.00000,0.15000,7.44151705e-06,0.0023562844,,,,0,,,,,,
145.200000,1452,,,15.9389,,,0.0225,0.1275,0.00000,0.0000,0x00,2,39,3,,8163,4813,0,0.69461,,,0.00000,0.15000,7.44151705e-06,0.00235702855,,,,0,,,,,,
145.300000,1453,,,15.9389,,,0.0225,0.1275,0.00000,0.0000,0x00,2,39,3,,8163,4813,0,0.69461,,,0.00000,0.15000,7.44151705e-06,0.0023577727,,,,0,,,,,,
145.400000,1454,,,15.9389,,,0.0225,0.1275,0.00000,0.0000,0x00,2,39,3,,8163,4813,0,0.69461,,,0.00000,0.15000,7.44151705e-06,0.00235851686,,,,0,,,,,,
145.500000,1455,,,15.9389,,,0.0225,0.1275,0.00000,0.0000,0x00,2,39,3,,8163,4813,0,0.69460,,,0.00000,0.15000,7.44151705e-06,0.00235926101,,,,0,,,,,,
145.600000,1456,,,15.9389,,,0.0225,0.1275,0.00000,0.0000,0x00,2,39,3,,8163,4813,0,0.69460,,,0.00000,0.15000,7.44151705e-06,0.00236000516,,,,0,,,,,,
145.700000,1457,,,15.9389,,,0.0225,0.1275,0.00000,0.0000,0x00,2,39,3,,8163,4813,0,0.69460,,,0.00000,0.15000,7.44151705e-06,0.00236074931,,,,0,,,,,,
145.800000,1458,,,15.9389,,,0.0225,0.1275,0.00000,0.0000,0x00,2,39,3,,8163,4813,0,0.69460,,,0.00000,0.15000,7.44151705e-06,0.00236149346,,,,0,,,,,,
145.900000,1459,,,15.9389,,,0.0225,0.1275,0.00000,0.0000,0x00,2,39,3,,8163,4813,0,0.69460,,,0.00000,0.15000,7.44151705e-06,0.00236223761,,,,0,,,,,,
146.000000,1460,,,15.9389,,,0.0225,0.1275,0.00000,0.0000,0x00,2,39,3,,8163,4813,0,0.69459,,,0.00000,0.15000,7.44151705e-06,0.00236298177,,,,0,,,,,,
146.100000,1461,,,15.9389,,,0.0225,0.1275,0.00000,0.0000,0x00,2,39,3,,8163,4813,0,0.69459,,,0.00000,0.15000,7.44151705e-06,0.00236372592,,,,0,,,,,,
146.200000,1462,,,15.9389,,,0.0225,0.1275,0.00000,0.0000,0x00,2,39,3,,8163,4813,0,0.69459,,,0.00000,0.15000,7.44151705e-06,0.00236447007,,,,0,,,,,,
146.300000,1463,,,15.9389,,,0.0225,0.1275,0.00000,0.0000,0x00,2,39,3,,8163,4813,0,0.69459,,,0.00000,0.15000,7.44151705e-06,0.00236521422,,,,0,,,,,,
146.400000,1464,,,15.9389,,,0.0225,0.1275,0.00000,0.0000,0x00,2,39,3,,8163,4813,0,0.69459,,,0.00000,0.15000,7.44151705e-06,0.00236595837,,,,0,,,,,,
146.500000,1465,,,15.9389,,,0.0225,0.1275,0.00000,0.0000,0x00,2,39,3,,8163,4813,0,0.69459,,,0.00000,0.15000,7.44151705e-06,0.00236670253,,,,0,,,,,,
146.600000,1466,,,15.9389,,,0.0225,0.1275,0.00000,0.0000,0x00,2,39,3,,8163,4813,0,0.69458,,,0.00000,0.15000,7.44151705e-06,0.00236744668,,,,0,,,,,,
146.700000,1467,,,15.9389,,,0.0225,0.1275,0.00000,0.0000,0x00,2,39,3,,8163,4813,0,0.69458,,,0.00000,0.15000,7.44151705e-06,0.00236819083,,,,0,,,,,,
146.800000,1468,,,15.9389,,,0.0225,0.1275,0.00000,0.0000,0x00,2,39,3,,8163,4813,0,0.69458,,,0.00000,0.15000,7.44151705e-06,0.00236893498,,,,0,,,,,,
146.900000,1469,,,15.9389,,,0.0225,0.1275,0.00000,0.0000,0x00,2,39,3,,8163,4813,0,0.69458,,,0.00000,0.15000,7.44151705e-06,0.00236967913,,,,0,,,,,,
147.000000,1470,,,15.9389,,,0.0225,0.1275,0.00000,0.0000,0x00,2,39,3,,8163,4813,0,0.69458,,,0.00000,0.15000,7.44151705e-06,0.00237042328,,,,0,,,,,,
147.100000,1471,,,15.9389,,,0.0225,0.1275,0.00000,0.0000,0x00,2,39,3,,8163,4813,0,0.69458,,,0.00000,0.15000,7.44151705e-06,0.00237116744,,,,0,,,,,,
147.200000,1472,,,15.9389,,,0.0225,0.1275,0.00000,0.0000,0x00,2,39,3,,8163,4813,0,0.69457,,,0.00000,0.15000,7.44151705e-06,0.00237191159,,,,0,,,,,,
147.300000,1473,,,15.9389,,,0.0225,0.1275,0.00000,0.0000,0x00,2,39,3,,8163,4813,0,0.69457,,,0.00000,0.15000,7.44151705e-06,0.00237265574,,,,0,,,,,,
147.400000,1474,,,15.9389,,,0.0225,0.1275,0.00000,0.0000,0x00,2,39,3,,8163,4813,0,0.69457,,,0.00000,0.15000,7.44151705e-06,0.00237339989,,,,0,,,,,,
147.500000,1475,,,15.9389,,,0.0225,0.1275,0.00000,0.0000,0x00,2,39,3,,8163,4813,0,0.69457,,,0.00000,0.15000,7.44151705e-06,0.00237414404,,,,0,,,,,,
147.600000,1476,,,15.9389,,,0.0225,0.1275,0.00000,0.0000,0x00,2,39,3,,8163,4813,0,0.69457,,,0.00000,0.15000,7.44151705e-06,0.00237488819,,,,0,,,,,,
147.700000,1477,,,15.9389,,,0.0225,0.1275,0.00000,0.0000,0x00,2,39,3,,8163,4813,0,0.69457,,,0.00000,0.15000,7.44151705e-06,0.00237563235,,,,0,,,,,,
147.800000,1478,,,15.9389,,,0.0225,0.1275,0.00000,0.0000,0x00,2,39,3,,8163,4813,0,0.69456,,,0.00000,0.15000,7.44151705e-06,0.0023763765,,,,0,,,,,,
147.900000,1479,,,15.9389,,,0.0225,0.1275,0.00000,0.0000,0x00,2,39,3,,8163,4813,0,0.69456,,,0.00000,0.15000,7.44151705e-06,0.00237712065,,,,0,,,,,,
148.000000,1480,,,15.9389,,,0.0225,0.1275,0.00000,0.0000,0x00,2,39,3,,8163,4813,0,0.69456,,,0.00000,0.15000,7.44151705e-06,0.0023778648,,,,0,,,,,,
148.100000,1481,,,15.9389,,,0.0225,0.1275,0.00000,0.0000,0x00,2,39,3,,8163,4813,0,0.69456,,,0.00000,0.15000,7.44151705e-06,0.00237860895,,,,0,,,,,,
148.200000,1482,,,15.9389,,,0.0225,0.1275,0.00000,0.0000,0x00,2,39,3,,8163,4813,0,0.69456,,,0.00000,0.15000,7.44151705e-06,0.0023793531,,,,0,,,,,,
148.300000,1483,,,15.9389,,,0.0225,0.1275,0.00000,0.0000,0x00,2,39,3,,8163,4813,0,0.69456,,,0.00000,0.15000,7.44151705e-06,0.00238009726,,,,0,,,,,,
148.400000,1484,,,15.9389,,,0.0225,0.1275,0.00000,0.0000,0x00,2,39,3,,8163,4813,0,0.69455,,,0.00000,0.15000,7.44151705e-06,0.00238084141,,,,0,,,,,,
148.500000,1485,,,15.9389,,,0.0225,0.1275,0.00000,0.0000,0x00,2,39,3,,8163,4813,0,0.69455,,,0.00000,0.15000,7.44151705e-06,0.00238158556,,,,0,,,,,,
148.600000,1486,,,15.9389,,,0.0225,0.1275,0.00000,0.0000,0x00,2,39,3,,8163,4813,0,0.69455,,,0.00000,0.15000,7.44151705e-06,0.00238232971,,,,0,,,,,,
148.700000,1487,,,15.9389,,,0.0225,0.1275,0.00000,0.0000,0x00,2,39,3,,8163,4813,0,0.69455,,,0.00000,0.15000,7.44151705e-06,0.00238307386,,,,0,,,,,,
148.800000,1488,,,15.9389,,,0.0225,0.1275,0.00000,0.0000,0x00,2,39,3,,8163,4813,0,0.69455,,,0.00000,0.15000,7.44151705e-06,0.00238381801,,,,0,,,,,,
148.900000,1489,,,15.9389,,,0.0225,0.1275,0.00000,0.0000,0x00,2,39,3,,8163,4813,0,0.69455,,,0.00000,0.15000,7.44151705e-06,0.00238456217,,,,0,,,,,,
149.000000,1490,,,15.9389,,,0.0225,0.1275,0.00000,0.0000,0x00,2,39,3,,8163,4813,0,0.69454,,,0.00000,0.15000,7.44151705e-06,0.00238530632,,,,0,,,,,,
149.100000,1491,,,15.9389,,,0.0225,0.1275,0.00000,0.0000,0x00,2,39,3,,8163,4813,0,0.69454,,,0.00000,0.15000,7.44151705e-06,0.00238605047,,,,0,,,,,,
149.200000,1492,,,15.9389,,,0.0225,0.1275,0.00000,0.0000,0x00,2,39,3,,8163,4813,0,0.69454,,,0.00000,0.15000,7.44151705e-06,0.00238679462,,,,0,,,,,,
149.300000,1493,,,15.9389,,,0.0225,0.1275,0.00000,0.0000,0x00,2,39,3,,8163,4813,0,0.69454,,,0.00000,0.15000,7.44151705e-06,0.00238753877,,,,0,,,,,,
149.400000,1494,,,15.9389,,,0.0225,0.1275,0.00000,0.0000,0x00,2,39,3,,8163,4813,0,0.69454,,,0.00000,0.15000,7.44151705e-06,0.00238828292,,,,0,,,,,,
149.500000,1495,,,15.9389,,,0.0225,0.1275,0.00000,0.0000,0x00,2,39,3,,8163,4813,0,0.69454,,,0.00000,0.15000,7.44151705e-06,0.00238902708,,,,0,,,,,,
149.600000,1496,,,15.9389,,,0.0225,0.1275,0.00000,0.0000,0x00,2,39,3,,8163,4813,0,0.69453,,,0.00000,0.15000,7.44151705e-06,0.00238977123,,,,0,,,,,,
149.700000,1497,,,15.9389,,,0.0225,0.1275,0.00000,0.0000,0x00,2,39,3,,8163,4813,0,0.69453,,,0.00000,0.15000,7.44151705e-06,0.00239051538,,,,0,,,,,,
149.800000,1498,,,15.9389,,,0.0225,0.1275,0.00000,0.0000,0x00,2,39,3,,8163,4813,0,0.69453,,,0.00000,0.15000,7.44151705e-06,0.00239125953,,,,0,,,,,,
149.900000,1499,,,15.9389,,,0.0225,0.1275,0.00000,0.0000,0x00,2,39,3,,8163,4813,0,0.69453,,,0.00000,0.15000,7.44151705e-06,0.00239200368,,,,0,,,,,,
150.000000,1500,,,15.9389,,,0.0225,0.1275,0.00000,0.0000,0x00,2,39,3,,8163,4813,0,0.69453,,,0.00000,0.15000,7.44151705e-06,0.00239274783,,,,0,,,,,,
150.100000,1501,,,15.9389,,,0.0225,0.1275,0.00000,0.0000,0x00,2,39,3,,8163,4813,0,0.69453,,,0.00000,0.15000,7.44151705e-06,0.00239349199,,,,0,,,,,,
150.200000,1502,,,15.9389,,,0.0225,0.1275,0.00000,0.0000,0x00,2,39,3,,8163,4813,0,0.69452,,,0.00000,0.15000,7.44151705e-06,0.00239423614,,,,0,,,,,,
150.300000,1503,,,15.9389,,,0.0225,0.1275,0.00000,0.0000,0x00,2,39,3,,8163,4813,0,0.69452,,,0.00000,0.15000,7.44151705e-06,0.00239498029,,,,0,,,,,,
150.400000,1504,,,15.9389,,,0.0225,0.1275,0.00000,0.0000,0x00,2,39,3,,8163,4813,0,0.69452,,,0.00000,0.15000,7.44151705e-06,0.00239572444,,,,0,,,,,,
150.500000,1505,,,15.9389,,,0.0225,0.1275,0.00000,0.0000,0x00,2,39,3,,8163,4813,0,0.69452,,,0.00000,0.15000,7.44151705e-06,0.00239646859,,,,0,,,,,,
150.600000,1506,,,15.9389,,,0.0225,0.1275,0.00000,0.0000,0x00,2,39,3,,8163,4813,0,0.69452,,,0.00000,0.15000,7.44151705e-06,0.00239721275,,,,0,,,,,,
150.700000,1507,,,15.9389,,,0.0225,0.1275,0.00000,0.0000,0x00,2,39,3,,8163,4813,0,0.69452,,,0.00000,0.15000,7.44151705e-06,0.0023979569,,,,0,,,,,,
150.800000,1508,,,15.9389,,,0.0225,0.1275,0.00000,0.0000,0x00,2,39,3,,8163,4813,0,0.69451,,,0.00000,0.15000,7.44151705e-06,0.00239870105,,,,0,,,,,,
150.900000,1509,,,15.9389,,,0.0225,0.1275,0.00000,0.0000,0x00,2,39,3,,8163,4813,0,0.69451,,,0.00000,0.15000,7.44151705e-06,0.0023994452,,,,0,,,,,,
151.000000,1510,,,15.9389,,,0.0225,0.1275,0.00000,0.0000,0x00,2,39,3,,8163,4813,0,0.69451,,,0.00000,0.15000,7.44151705e-06,0.00240018935,,,,0,,,,,,
151.100000,1511,,,15.9389,,,0.0225,0.1275,0.00000,0.0000,0x00,2,39,3,,8163,4813,0,0.69451,,,0.00000,0.15000,7.44151705e-06,0.0024009335,,,,0,,,,,,
151.200000,1512,,,15.9389,,,0.0225,0.1275,0.00000,0.0000,0x00,2,39,3,,8163,4813,0,0.69451,,,0.00000,0.15000,7.44151705e-06,0.00240167766,,,,0,,,,,,
151.300000,1513,,,15.9389,,,0.0225,0.1275,0.00000,0.0000,0x00,2,39,3,,8163,4813,0,0.69451,,,0.00000,0.15000,7.44151705e-06,0.00240242181,,,,0,,,,,,
151.400000,1514,,,15.9389,,,0.0225,0.1275,0.00000,0.0000,0x00,2,39,3,,8163,4813,0,0.69450,,,0.00000,0.15000,7.44151705e-06,0.00240316596,,,,0,,,,,,
151.500000,1515,,,15.9389,,,0.0225,0.1275,0.00000,0.0000,0x00,2,39,3,,8163,4813,0,0.69450,,,0.00000,0.15000,7.44151705e-06,0.00240391011,,,,0,,,,,,
151.600000,1516,,,15.9389,,,0.0225,0.1275,0.00000,0.0000,0x00,2,39,3,,8163,4813,0,0.69450,,,0.00000,0.15000,7.44151705e-06,0.00240465426,,,,0,,,,,,
151.700000,1517,,,15.9389,,,0.0225,0.1275,0.00000,0.0000,0x00,2,39,3,,8163,4813,0,0.69450,,,0.00000,0.15000,7.44151705e-06,0.00240539841,,,,0,,,,,,
151.800000,1518,,,15.9389,,,0.0225,0.1275,0.00000,0.0000,0x00,2,39,3,,8163,4813,0,0.69450,,,0.00000,0.15000,7.44151705e-06,0.00240614257,,,,0,,,,,,
151.900000,1519,,,15.9389,,,0.0225,0.1275,0.00000,0.0000,0x00,2,39,3,,8163,4813,0,0.69449,,,0.00000,0.15000,7.44151705e-06,0.00240688672,,,,0,,,,,,
152.000000,1520,,,15.9389,,,0.0225,0.1275,0.00000,0.0000,0x00,2,39,3,,8163,4813,0,0.69449,,,0.00000,0.15000,7.44151705e-06,0.00240763087,,,,0,,,,,,
152.100000,1521,,,15.9389,,,0.0225,0.1275,0.00000,0.0000,0x00,2,39,3,,8163,4813,0,0.69449,,,0.00000,0.15000,7.44151705e-06,0.00240837502,,,,0,,,,,,
152.200000,1522,,,15.9389,,,0.0225,0.1275,0.00000,0.0000,0x00,2,39,3,,8163,4813,0,0.69449,,,0.00000,0.15000,7.44151705e-06,0.00240911917,,,,0,,,,,,
152.300000,1523,,,15.9389,,,0.0225,0.1275,0.00000,0.0000,0x00,2,39,3,,8163,4813,0,0.69449,,,0.00000,0.15000,7.44151705e-06,0.00240986332,,,,0,,,,,,
152.400000,1524,,,15.9389,,,0.0225,0.1275,0.00000,0.0000,0x00,2,39,3,,8163,4813,0,0.69449,,,0.00000,0.15000,7.44151705e-06,0.00241060748,,,,0,,,,,,
152.500000,1525,,,15.9389,,,0.0225,0.1275,0.00000,0.0000,0x00,2,39,3,,8163,4813,0,0.69448,,,0.00000,0.15000,7.44151705e-06,0.00241135163,,,,0,,,,,,
152.600000,1526,,,15.9389,,,0.0225,0.1275,0.00000,0.0000,0x00,2,39,3,,8163,4813,0,0.69448,,,0.00000,0.15000,7.44151705e-06,0.00241209578,,,,0,,,,,,
152.700000,1527,,,15.9389,,,0.0225,0.1275,0.00000,0.0000,0x00,2,39,3,,8163,4813,0,0.69448,,,0.00000,0.15000,7.44151705e-06,0.00241283993,,,,0,,,,,,
152.800000,1528,,,15.9389,,,0.0225,0.1275,0.00000,0.0000,0x00,2,39,3,,8163,4813,0,0.69448,,,0.00000,0.15000,7.44151705e-06,0.00241358408,,,,0,,,,,,
152.900000,1529,,,15.9389,,,0.0225,0.1275,0.00000,0.0000,0x00,2,39,3,,8163,4813,0,0.69448,,,0.00000,0.15000,7.44151705e-06,0.00241432823,,,,0,,,,,,
153.000000,1530,,,15.9389,,,0.0225,0.1275,0.00000,0.0000,0x00,2,39,3,,8163,4813,0,0.69448,,,0.00000,0.15000,7.44151705e-06,0.00241507239,,,,0,,,,,,
153.100000,1531,,,15.9389,,,0.0225,0.1275,0.00000,0.0000,0x00,2,39,3,,8163,4813,0,0.69447,,,0.00000,0.15000,7.44151705e-06,0.00241581654,,,,0,,,,,,
153.200000,1532,,,15.9389,,,0.0225,0.1275,0.00000,0.0000,0x00,2,39,3,,8163,4813,0,0.69447,,,0.00000,0.15000,7.44151705e-06,0.00241656069,,,,0,,,,,,
153.300000,1533,,,15.9389,,,0.0225,0.1275,0.00000,0.0000,0x00,2,39,3,,8163,4813,0,0.69447,,,0.00000,0.15000,7.44151705e-06,0.00241730484,,,,0,,,,,,
153.400000,1534,,,15.9389,,,0.0225,0.1275,0.00000,0.0000,0x00,2,39,3,,8163,4813,0,0.69447,,,0.00000,0.15000,7.44151705e-06,0.00241804899,,,,0,,,,,,
153.500000,1535,,,15.9389,,,0.0225,0.1275,0.00000,0.0000,0x00,2,39,3,,8163,4813,0,0.69447,,,0.00000,0.15000,7.44151705e-06,0.00241879314,,,,0,,,,,,
153.600000,1536,,,15.9389,,,0.0225,0.1275,0.00000,0.0000,0x00,2,39,3,,8163,4813,0,0.69447,,,0.00000,0.15000,7.44151705e-06,0.0024195373,,,,0,,,,,,
153.700000,1537,,,15.9389,,,0.0225,0.1275,0.00000,0.0000,0x00,2,39,3,,8163,4813,0,0.69446,,,0.00000,0.15000,7.44151705e-06,0.00242028145,,,,0,,,,,,
153.800000,1538,,,15.9389,,,0.0225,0.1275,0.00000,0.0000,0x00,2,39,3,,8163,4813,0,0.69446,,,0.00000,0.15000,7.44151705e-06,0.0024210256,,,,0,,,,,,
153.900000,1539,,,15.9389,,,0.0225,0.1275,0.00000,0.0000,0x00,2,39,3,,8163,4813,0,0.69446,,,0.00000,0.15000,7.44151705e-06,0.00242176975,,,,0,,,,,,
154.000000,1540,,,15.9389,,,0.0225,0.1275,0.00000,0.0000,0x00,2,39,3,,8163,4813,0,0.69446,,,0.00000,0.15000,7.44151705e-06,0.0024225139,,,,0,,,,,,
154.100000,1541,,,15.9389,,,0.0225,0.1275,0.00000,0.0000,0x00,2,39,3,,8163,4813,0,0.69446,,,0.00000,0.15000,7.44151705e-06,0.00242325805,,,,0,,,,,,
154.200000,1542,,,15.9389,,,0.0225,0.1275,0.00000,0.0000,0x00,2,39,3,,8163,4813,0,0.69446,,,0.00000,0.15000,7.44151705e-06,0.00242400221,,,,0,,,,,,
154.300000,1543,,,15.9389,,,0.0225,0.1275,0.00000,0.0000,0x00,2,39,3,,8163,4813,0,0.69445,,,0.00000,0.15000,7.44151705e-06,0.00242474636,,,,0,,,,,,
154.400000,1544,,,15.9389,,,0.0225,0.1275,0.00000,0.0000,0x00,2,39,3,,8163,4813,0,0.69445,,,0.00000,0.15000,7.44151705e-06,0.00242549051,,,,0,,,,,,
154.500000,1545,,,15.9389,,,0.0225,0.1275,0.00000,0.0000,0x00,2,39,3,,8163,4813,0,0.69445,,,0.00000,0.15000,7.44151705e-06,0.00242623466,,,,0,,,,,,
154.600000,1546,,,15.9389,,,0.0225,0.1275,0.00000,0.0000,0x00,2,39,3,,8163,4813,0,0.69445,,,0.00000,0.15000,7.44151705e-06,0.00242697881,,,,0,,,,,,
154.700000,1547,,,15.9389,,,0.0225,0.1275,0.00000,0.0000,0x00,2,39,3,,8163,4813,0,0.69445,,,0.00000,0.15000,7.44151705e-06,0.00242772297,,,,0,,,,,,
154.800000,1548,,,15.9389,,,0.0225,0.1275,0.00000,0.0000,0x00,2,39,3,,8163,4813,0,0.69445,,,0.00000,0.15000,7.44151705e-06,0.00242846712,,,,0,,,,,,
154.900000,1549,,,15.9389,,,0.0225,0.1275,0.00000,0.0000,0x00,2,39,3,,8163,4813,0,0.69444,,,0.00000,0.15000,7.44151705e-06,0.00242921127,,,,0,,,,,,
155.000000,1550,,,15.9389,,,0.0225,0.1275,0.00000,0.0000,0x00,2,39,3,,8163,4813,0,0.69444,,,0.00000,0.15000,7.44151705e-06,0.00242995542,,,,0,,,,,,
155.100000,1551,,,15.9389,,,0.0225,0.1275,0.00000,0.0000,0x00,2,39,3,,8163,4813,0,0.69444,,,0.00000,0.15000,7.44151705e-06,0.00243069957,,,,0,,,,,,
155.200000,1552,,,15.9389,,,0.0225,0.1275,0.00000,0.0000,0x00,2,39,3,,8163,4813,0,0.69444,,,0.00000,0.15000,7.44151705e-06,0.00243144372,,,,0,,,,,,
155.300000,1553,,,15.9389,,,0.0225,0.1275,0.00000,0.0000,0x00,2,39,3,,8163,4813,0,0.69444,,,0.00000,0.15000,7.44151705e-06,0.00243218788,,,,0,,,,,,
155.400000,1554,,,15.9389,,,0.0225,0.1275,0.00000,0.0000,0x00,2,39,3,,8163,4813,0,0.69444,,,0.00000,0.15000,7.44151705e-06,0.00243293203,,,,0,,,,,,
155.500000,1555,,,15.9389,,,0.0225,0.1275,0.00000,0.0000,0x00,2,39,3,,8163,4813,0,0.69443,,,0.00000,0.15000,7.44151705e-06,0.00243367618,,,,0,,,,,,
155.600000,1556,,,15.9389,,,0.0225,0.1275,0.00000,0.0000,0x00,2,39,3,,8163,4813,0,0.69443,,,0.00000,0.15000,7.44151705e-06,0.00243442033,,,,0,,,,,,
155.700000,1557,,,15.9389,,,0.0225,0.1275,0.00000,0.0000,0x00,2,39,3,,8163,4813,0,0.69443,,,0.00000,0.15000,7.44151705e-06,0.00243516448,,,,0,,,,,,
155.800000,1558,,,15.9389,,,0.0225,0.1275,0.00000,0.0000,0x00,2,39,3,,8163,4813,0,0.69443,,,0.00000,0.15000,7.44151705e-06,0.00243590863,,,,0,,,,,,
155.900000,1559,,,15.9389,,,0.0225,0.1275,0.00000,0.0000,0x00,2,39,3,,8163,4813,0,0.69443,,,0.00000,0.15000,7.44151705e-06,0.00243665279,,,,0,,,,,,
156.000000,1560,,,15.9389,,,0.0225,0.1275,0.00000,0.0000,0x00,2,39,3,,8163,4813,0,0.69443,,,0.00000,0.15000,7.44151705e-06,0.00243739694,,,,0,,,,,,
156.100000,1561,,,15.9389,,,0.0225,0.1275,0.00000,0.0000,0x00,2,39,3,,8163,4813,0,0.69442,,,0.00000,0.15000,7.44151705e-06,0.00243814109,,,,0,,,,,,
156.200000,1562,,,15.9389,,,0.0225,0.1275,0.00000,0.0000,0x00,2,39,3,,8163,4813,0,0.69442,,,0.00000,0.15000,7.44151705e-06,0.00243888524,,,,0,,,,,,
156.300000,1563,,,15.9389,,,0.0225,0.1275,0.00000,0.0000,0x00,2,39,3,,8163,4813,0,0.69442,,,0.00000,0.15000,7.44151705e-06,0.00243962939,,,,0,,,,,,
156.400000,1564,,,15.9389,,,0.0225,0.1275,0.00000,0.0000,0x00,2,39,3,,8163,4813,0,0.69442,,,0.00000,0.15000,7.44151705e-06,0.00244037354,,,,0,,,,,,
156.500000,1565,,,15.9389,,,0.0225,0.1275,0.00000,0.0000,0x00,2,39,3,,8163,4813,0,0.69442,,,0.00000,0.15000,7.44151705e-06,0.0024411177,,,,0,,,,,,
156.600000,1566,,,15.9389,,,0.0225,0.1275,0.00000,0.0000,0x00,2,39,3,,8163,4813,0,0.69442,,,0.00000,0.15000,7.44151705e-06,0.00244186185,,,,0,,,,,,
156.700000,1567,,,15.9389,,,0.0225,0.1275,0.00000,0.0000,0x00,2,39,3,,8163,4813,0,0.69441,,,0.00000,0.15000,7.44151705e-06,0.002442606,,,,0,,,,,,
156.800000,1568,,,15.9389,,,0.0225,0.1275,0.00000,0.0000,0x00,2,39,3,,8163,4813,0,0.69441,,,0.00000,0.15000,7.44151705e-06,0.00244335015,,,,0,,,,,,
156.900000,1569,,,15.9389,,,0.0225,0.1275,0.00000,0.0000,0x00,2,39,3,,8163,4813,0,0.69441,,,0.00000,0.15000,7.44151705e-06,0.0024440943,,,,0,,,,,,
157.000000,1570,,,15.9389,,,0.0225,0.1275,0.00000,0.0000,0x00,2,39,3,,8163,4813,0,0.69441,,,0.00000,0.15000,7.44151705e-06,0.00244483845,,,,0,,,,,,
157.100000,1571,,,15.9389,,,0.0225,0.1275,0.00000,0.0000,0x00,2,39,3,,8163,4813,0,0.69441,,,0.00000,0.15000,7.44151705e-06,0.00244558261,,,,0,,,,,,
157.200000,1572,,,15.9389,,,0.0225,0.1275,0.00000,0.0000,0x00,2,39,3,,8163,4813,0,0.69440,,,0.00000,0.15000,7.44151705e-06,0.00244632676,,,,0,,,,,,
157.300000,1573,,,15.9389,,,0.0225,0.1275,0.00000,0.0000,0x00,2,39,3,,8163,4813,0,0.69440,,,0.00000,0.15000,7.44151705e-06,0.00244707091,,,,0,,,,,,
157.400000,1574,,,15.9389,,,0.0225,0.1275,0.00000,0.0000,0x00,2,39,3,,8163,4813,0,0.69440,,,0.00000,0.15000,7.44151705e-06,0.00244781506,,,,0,,,,,,
157.500000,1575,,,15.9389,,,0.0225,0.1275,0.00000,0.0000,0x00,2,39,3,,8163,4813,0,0.69440,,,0.00000,0.15000,7.44151705e-06,0.00244855921,,,,0,,,,,,
157.600000,1576,,,15.9389,,,0.0225,0.1275,0.00000,0.0000,0x00,2,39,3,,8163,4813,0,0.69440,,,0.00000,0.15000,7.44151705e-06,0.00244930336,,,,0,,,,,,
157.700000,1577,,,15.9389,,,0.0225,0.1275,0.00000,0.0000,0x00,2,39,3,,8163,4813,0,0.69440,,,0.00000,0.15000,7.44151705e-06,0.00245004752,,,,0,,,,,,
157.800000,1578,,,15.9389,,,0.0225,0.1275,0.00000,0.0000,0x00,2,39,3,,8163,4813,0,0.69439,,,0.00000,0.15000,7.44151705e-06,0.00245079167,,,,0,,,,,,
157.900000,1579,,,15.9389,,,0.0225,0.1275,0.00000,0.0000,0x00,2,39,3,,8163,4813,0,0.69439,,,0.00000,0.15000,7.44151705e-06,0.00245153582,,,,0,,,,,,
158.000000,1580,,,15.9389,,,0.0225,0.1275,0.00000,0.0000,0x00,2,39,3,,8163,4813,0,0.69439,,,0.00000,0.15000,7.44151705e-06,0.00245227997,,,,0,,,,,,
158.100000,1581,,,15.9389,,,0.0225,0.1275,0.00000,0.0000,0x00,2,39,3,,8163,4813,0,0.69439,,,0.00000,0.15000,7.44151705e-06,0.00245302412,,,,0,,,,,,
158.200000,1582,,,15.9389,,,0.0225,0.1275,0.00000,0.0000,0x00,2,39,3,,8163,4813,0,0.69439,,,0.00000,0.15000,7.44151705e-06,0.00245376827,,,,0,,,,,,
158.300000,1583,,,15.9389,,,0.0225,0.1275,0.00000,0.0000,0x00,2,39,3,,8163,4813,0,0.69439,,,0.00000,0.15000,7.44151705e-06,0.00245451243,,,,0,,,,,,
158.400000,1584,,,15.9389,,,0.0225,0.1275,0.00000,0.0000,0x00,2,39,3,,8163,4813,0,0.69438,,,0.00000,0.15000,7.44151705e-06,0.00245525658,,,,0,,,,,,
158.500000,1585,,,15.9389,,,0.0225,0.1275,0.00000,0.0000,0x00,2,39,3,,8163,4813,0,0.69438,,,0.00000,0.15000,7.44151705e-06,0.00245600073,,,,0,,,,,,
158.600000,1586,,,15.9389,,,0.0225,0.1275,0.00000,0.0000,0x00,2,39,3,,8163,4813,0,0.69438,,,0.00000,0.15000,7.44151705e-06,0.00245674488,,,,0,,,,,,
158.700000,1587,,,15.9389,,,0.0225,0.1275,0.00000,0.0000,0x00,2,39,3,,8163,4813,0,0.69438,,,0.00000,0.15000,7.44151705e-06,0.00245748903,,,,0,,,,,,
158.800000,1588,,,15.9389,,,0.0225,0.1275,0.00000,0.0000,0x00,2,39,3,,8163,4813,0,0.69438,,,0.00000,0.15000,7.44151705e-06,0.00245823318,,,,0,,,,,,
158.900000,1589,,,15.9389,,,0.0225,0.1275,0.00000,0.0000,0x00,2,39,3,,8163,4813,0,0.69438,,,0.00000,0.15000,7.44151705e-06,0.00245897734,,,,0,,,,,,
159.000000,1590,,,15.9389,,,0.0225,0.1275,0.00000,0.0000,0x00,2,39,3,,8163,4813,0,0.69437,,,0.00000,0.15000,7.44151705e-06,0.00245972149,,,,0,,,,,,
159.100000,1591,,,15.9389,,,0.0225,0.1275,0.00000,0.0000,0x00,2,39,3,,8163,4813,0,0.69437,,,0.00000,0.15000,7.44151705e-06,0.00246046564,,,,0,,,,,,
159.200000,1592,,,15.9389,,,0.0225,0.1275,0.00000,0.0000,0x00,2,39,3,,8163,4813,0,0.69437,,,0.00000,0.15000,7.44151705e-06,0.00246120979,,,,0,,,,,,
159.300000,1593,,,15.9389,,,0.0225,0.1275,0.00000,0.0000,0x00,2,39,3,,8163,4813,0,0.69437,,,0.00000,0.15000,7.44151705e-06,0.00246195394,,,,0,,,,,,
159.400000,1594,,,15.9389,,,0.0225,0.1275,0.00000,0.0000,0x00,2,39,3,,8163,4813,0,0.69437,,,0.00000,0.15000,7.44151705e-06,0.0024626981,,,,0,,,,,,
159.500000,1595,,,15.9389,,,0.0225,0.1275,0.00000,0.0000,0x00,2,39,3,,8163,4813,0,0.69437,,,0.00000,0.15000,7.44151705e-06,0.00246344225,,,,0,,,,,,
159.600000,1596,,,15.9389,,,0.0225,0.1275,0.00000,0.0000,0x00,2,39,3,,8163,4813,0,0.69436,,,0.00000,0.15000,7.44151705e-06,0.0024641864,,,,0,,,,,,
159.700000,1597,,,15.9389,,,0.0225,0.1275,0.00000,0.0000,0x00,2,39,3,,8163,4813,0,0.69436,,,0.00000,0.15000,7.44151705e-06,0.00246493055,,,,0,,,,,,
159.800000,1598,,,15.9389,,,0.0225,0.1275,0.00000,0.0000,0x00,2,39,3,,8163,4813,0,0.69436,,,0.00000,0.15000,7.44151705e-06,0.0024656747,,,,0,,,,,,
159.900000,1599,,,15.9389,,,0.0225,0.1275,0.00000,0.0000,0x00,2,39,3,,8163,4813,0,0.69436,,,0.00000,0.15000,7.44151705e-06,0.00246641885,,,,0,,,,,,
160.000000,1600,,,15.9389,,,0.0225,0.1275,0.00000,0.0000,0x00,2,39,3,,8163,4813,0,0.69436,,,0.00000,0.15000,7.44151705e-06,0.00246716301,,,,0,,,,,,
160.100000,1601,,,15.9389,,,0.0225,0.1275,0.00000,0.0000,0x00,2,39,3,,8163,4813,0,0.69436,,,0.00000,0.15000,7.44151705e-06,0.00246790716,,,,0,,,,,,
160.200000,1602,,,15.9389,,,0.0225,0.1275,0.00000,0.0000,0x00,2,39,3,,8163,4813,0,0.69435,,,0.00000,0.15000,7.44151705e-06,0.00246865131,,,,0,,,,,,
160.300000,1603,,,15.9389,,,0.0225,0.1275,0.00000,0.0000,0x00,2,39,3,,8163,4813,0,0.69435,,,0.00000,0.15000,7.44151705e-06,0.00246939546,,,,0,,,,,,
160.400000,1604,,,15.9389,,,0.0225,0.1275,0.00000,0.0000,0x00,2,39,3,,8163,4813,0,0.69435,,,0.00000,0.15000,7.44151705e-06,0.00247013961,,,,0,,,,,,
160.500000,1605,,,15.9389,,,0.0225,0.1275,0.00000,0.0000,0x00,2,39,3,,8163,4813,0,0.69435,,,0.00000,0.15000,7.44151705e-06,0.00247088376,,,,0,,,,,,
160.600000,1606,,,15.9389,,,0.0225,0.1275,0.00000,0.0000,0x00,2,39,3,,8163,4813,0,0.69435,,,0.00000,0.15000,7.44151705e-06,0.00247162792,,,,0,,,,,,
160.700000,1607,,,15.9389,,,0.0225,0.1275,0.00000,0.0000,0x00,2,39,3,,8163,4813,0,0.69435,,,0.00000,0.15000,7.44151705e-06,0.00247237207,,,,0,,,,,,
160.800000,1608,,,15.9389,,,0.0225,0.1275,0.00000,0.0000,0x00,2,39,3,,8163,4813,0,0.69434,,,0.00000,0.15000,7.44151705e-06,0.00247311622,,,,0,,,,,,
160.900000,1609,,,15.9389,,,0.0225,0.1275,0.00000,0.0000,0x00,2,39,3,,8163,4813,0,0.69434,,,0.00000,0.15000,7.44151705e-06,0.00247386037,,,,0,,,,,,
161.000000,1610,,,15.9389,,,0.0225,0.1275,0.00000,0.0000,0x00,2,39,3,,8163,4813,0,0.69434,,,0.00000,0.15000,7.44151705e-06,0.00247460452,,,,0,,,,,,
161.100000,1611,,,15.9389,,,0.0225,0.1275,0.00000,0.0000,0x00,2,39,3,,8163,4813,0,0.69434,,,0.00000,0.15000,7.44151705e-06,0.00247534867,,,,0,,,,,,
161.200000,1612,,,15.9389,,,0.0225,0.1275,0.00000,0.0000,0x00,2,39,3,,8163,4813,0,0.69434,,,0.00000,0.15000,7.44151705e-06,0.00247609283,,,,0,,,,,,
161.300000,1613,,,15.9389,,,0.0225,0.1275,0.00000,0.0000,0x00,2,39,3,,8163,4813,0,0.69434,,,0.00000,0.15000,7.44151705e-06,0.00247683698,,,,0,,,,,,
161.400000,1614,,,15.9389,,,0.0225,0.1275,0.00000,0.0000,0x00,2,39,3,,8163,4813,0,0.69433,,,0.00000,0.15000,7.44151705e-06,0.00247758113,,,,0,,,,,,
161.500000,1615,,,15.9389,,,0.0225,0.1275,0.00000,0.0000,0x00,2,39,3,,8163,4813,0,0.69433,,,0.00000,0.15000,7.44151705e-06,0.00247832528,,,,0,,,,,,
161.600000,1616,,,15.9389,,,0.0225,0.1275,0.00000,0.0000,0x00,2,39,3,,8163,4813,0,0.69433,,,0.00000,0.15000,7.44151705e-06,0.00247906943,,,,0,,,,,,
161.700000,1617,,,15.9389,,,0.0225,0.1275,0.00000,0.0000,0x00,2,39,3,,8163,4813,0,0.69433,,,0.00000,0.15000,7.44151705e-06,0.00247981358,,,,0,,,,,,
161.800000,1618,,,15.9389,,,0.0225,0.1275,0.00000,0.0000,0x00,2,39,3,,8163,4813,0,0.69433,,,0.00000,0.15000,7.44151705e-06,0.00248055774,,,,0,,,,,,
161.900000,1619,,,15.9389,,,0.0225,0.1275,0.00000,0.0000,0x00,2,39,3,,8163,4813,0,0.69433,,,0.00000,0.15000,7.44151705e-06,0.00248130189,,,,0,,,,,,
162.000000,1620,,,15.9389,,,0.0225,0.1275,0.00000,0.0000,0x00,2,39,3,,8163,4813,0,0.69432,,,0.00000,0.15000,7.44151705e-06,0.00248204604,,,,0,,,,,,
162.100000,1621,,,15.9389,,,0.0225,0.1275,0.00000,0.0000,0x00,2,39,3,,8163,4813,0,0.69432,,,0.00000,0.15000,7.44151705e-06,0.00248279019,,,,0,,,,,,
162.200000,1622,,,15.9389,,,0.0225,0.1275,0.00000,0.0000,0x00,2,39,3,,8163,4813,0,0.69432,,,0.00000,0.15000,7.44151705e-06,0.00248353434,,,,0,,,,,,
162.300000,1623,,,15.9389,,,0.0225,0.1275,0.00000,0.0000,0x00,2,39,3,,8163,4813,0,0.69432,,,0.00000,0.15000,7.44151705e-06,0.00248427849,,,,0,,,,,,
162.400000,1624,,,15.9389,,,0.0225,0.1275,0.00000,0.0000,0x00,2,39,3,,8163,4813,0,0.69432,,,0.00000,0.15000,7.44151705e-06,0.00248502265,,,,0,,,,,,
162.500000,1625,,,15.9389,,,0.0225,0.1275,0.00000,0.0000,0x00,2,39,3,,8163,4813,0,0.69432,,,0.00000,0.15000,7.44151705e-06,0.0024857668,,,,0,,,,,,
162.600000,1626,,,15.9389,,,0.0225,0.1275,0.00000,0.0000,0x00,2,39,3,,8163,4813,0,0.69431,,,0.00000,0.15000,7.44151705e-06,0.00248651095,,,,0,,,,,,
162.700000,1627,,,15.9389,,,0.0225,0.1275,0.00000,0.0000,0x00,2,39,3,,8163,4813,0,0.69431,,,0.00000,0.15000,7.44151705e-06,0.0024872551,,,,0,,,,,,
162.800000,1628,,,15.9389,,,0.0225,0.1275,0.00000,0.0000,0x00,2,39,3,,8163,4813,0,0.69431,,,0.00000,0.15000,7.44151705e-06,0.00248799925,,,,0,,,,,,
162.900000,1629,,,15.9389,,,0.0225,0.1275,0.00000,0.0000,0x00,2,39,3,,8163,4813,0,0.69431,,,0.00000,0.15000,7.44151705e-06,0.0024887434,,,,0,,,,,,
163.000000,1630,,,15.9389,,,0.0225,0.1275,0.00000,0.0000,0x00,2,39,3,,8163,4813,0,0.69431,,,0.00000,0.15000,7.44151705e-06,0.00248948756,,,,0,,,,,,
163.100000,1631,,,15.9389,,,0.0225,0.1275,0.00000,0.0000,0x00,2,39,3,,8163,4813,0,0.69430,,,0.00000,0.15000,7.44151705e-06,0.00249023171,,,,0,,,,,,
163.200000,1632,,,15.9389,,,0.0225,0.1275,0.00000,0.0000,0x00,2,39,3,,8163,4813,0,0.69430,,,0.00000,0.15000,7.44151705e-06,0.00249097586,,,,0,,,,,,
163.300000,1633,,,15.9389,,,0.0225,0.1275,0.00000,0.0000,0x00,2,39,3,,8163,4813,0,0.69430,,,0.00000,0.15000,7.44151705e-06,0.00249172001,,,,0,,,,,,
163.400000,1634,,,15.9389,,,0.0225,0.1275,0.00000,0.0000,0x00,2,39,3,,8163,4813,0,0.69430,,,0.00000,0.15000,7.44151705e-06,0.00249246416,,,,0,,,,,,
163.500000,1635,,,15.9389,,,0.0225,0.1275,0.00000,0.0000,0x00,2,39,3,,8163,4813,0,0.69430,,,0.00000,0.15000,7.44151705e-06,0.00249320832,,,,0,,,,,,
163.600000,1636,,,15.9389,,,0.0225,0.1275,0.00000,0.0000,0x00,2,39,3,,8163,4813,0,0.69430,,,0.00000,0.15000,7.44151705e-06,0.00249395247,,,,0,,,,,,
163.700000,1637,,,15.9389,,,0.0225,0.1275,0.00000,0.0000,0x00,2,39,3,,8163,4813,0,0.69429,,,0.00000,0.15000,7.44151705e-06,0.00249469662,,,,0,,,,,,
163.800000,1638,,,15.9389,,,0.0225,0.1275,0.00000,0.0000,0x00,2,39,3,,8163,4813,0,0.69429,,,0.00000,0.15000,7.44151705e-06,0.00249544077,,,,0,,,,,,
163.900000,1639,,,15.9389,,,0.0225,0.1275,0.00000,0.0000,0x00,2,39,3,,8163,4813,0,0.69429,,,0.00000,0.15000,7.44151705e-06,0.00249618492,,,,0,,,,,,
164.000000,1640,,,15.9389,,,0.0225,0.1275,0.00000,0.0000,0x00,2,39,3,,8163,4813,0,0.69429,,,0.00000,0.15000,7.44151705e-06,0.00249692907,,,,0,,,,,,
164.100000,1641,,,15.9389,,,0.0225,0.1275,0.00000,0.0000,0x00,2,39,3,,8163,4813,0,0.69429,,,0.00000,0.15000,7.44151705e-06,0.00249767323,,,,0,,,,,,
164.200000,1642,,,15.9389,,,0.0225,0.1275,0.00000,0.0000,0x00,2,39,3,,8163,4813,0,0.69429,,,0.00000,0.15000,7.44151705e-06,0.00249841738,,,,0,,,,,,
164.300000,1643,,,15.9389,,,0.0225,0.1275,0.00000,0.0000,0x00,2,39,3,,8163,4813,0,0.69428,,,0.00000,0.15000,7.44151705e-06,0.00249916153,,,,0,,,,,,
164.400000,1644,,,15.9389,,,0.0225,0.1275,0.00000,0.0000,0x00,2,39,3,,8163,4813,0,0.69428,,,0.00000,0.15000,7.44151705e-06,0.00249990568,,,,0,,,,,,
164.500000,1645,,,15.9389,,,0.0225,0.1275,0.00000,0.0000,0x00,2,39,3,,8163,4813,0,0.69428,,,0.00000,0.15000,7.44151705e-06,0.00250064983,,,,0,,,,,,
164.600000,1646,,,15.9389,,,0.0225,0.1275,0.00000,0.0000,0x00,2,39,3,,8163,4813,0,0.69428,,,0.00000,0.15000,7.44151705e-06,0.00250139398,,,,0,,,,,,
164.700000,1647,,,15.9389,,,0.0225,0.1275,0.00000,0.0000,0x00,2,39,3,,8163,4813,0,0.69428,,,0.00000,0.15000,7.44151705e-06,0.00250213814,,,,0,,,,,,
164.800000,1648,,,15.9389,,,0.0225,0.1275,0.00000,0.0000,0x00,2,39,3,,8163,4813,0,0.69428,,,0.00000,0.15000,7.44151705e-06,0.00250288229,,,,0,,,,,,
164.900000,1649,,,15.9389,,,0.0225,0.1275,0.00000,0.0000,0x00,2,39,3,,8163,4813,0,0.69427,,,0.00000,0.15000,7.44151705e-06,0.00250362644,,,,0,,,,,,
165.000000,1650,,,15.9389,,,0.0225,0.1275,0.00000,0.0000,0x00,2,39,3,,8163,4813,0,0.69427,,,0.00000,0.15000,7.44151705e-06,0.00250437059,,,,0,,,,,,
165.100000,1651,,,15.9389,,,0.0225,0.1275,0.00000,0.0000,0x00,2,39,3,,8163,4813,0,0.69427,,,0.00000,0.15000,7.44151705e-06,0.00250511474,,,,0,,,,,,
165.200000,1652,,,15.9389,,,0.0225,0.1275,0.00000,0.0000,0x00,2,39,3,,8163,4813,0,0.69427,,,0.00000,0.15000,7.44151705e-06,0.00250585889,,,,0,,,,,,
165.300000,1653,,,15.9389,,,0.0225,0.1275,0.00000,0.0000,0x00,2,39,3,,8163,4813,0,0.69427,,,0.00000,0.15000,7.44151705e-06,0.00250660305,,,,0,,,,,,
165.400000,1654,,,15.9389,,,0.0225,0.1275,0.00000,0.0000,0x00,2,39,3,,8163,4813,0,0.69427,,,0.00000,0.15000,7.44151705e-06,0.0025073472,,,,0,,,,,,
165.500000,1655,,,15.9389,,,0.0225,0.1275,0.00000,0.0000,0x00,2,39,3,,8163,4813,0,0.69426,,,0.00000,0.15000,7.44151705e-06,0.00250809135,,,,0,,,,,,
165.600000,1656,,,15.9389,,,0.0225,0.1275,0.00000,0.0000,0x00,2,39,3,,8163,4813,0,0.69426,,,0.00000,0.15000,7.44151705e-06,0.0025088355,,,,0,,,,,,
165.700000,1657,,,15.9389,,,0.0225,0.1275,0.00000,0.0000,0x00,2,39,3,,8163,4813,0,0.69426,,,0.00000,0.15000,7.44151705e-06,0.00250957965,,,,0,,,,,,
165.800000,1658,,,15.9389,,,0.0225,0.1275,0.00000,0.0000,0x00,2,39,3,,8163,4813,0,0.69426,,,0.00000,0.15000,7.44151705e-06,0.0025103238,,,,0,,,,,,
165.900000,1659,,,15.9389,,,0.0225,0.1275,0.00000,0.0000,0x00,2,39,3,,8163,4813,0,0.69426,,,0.00000,0.15000,7.44151705e-06,0.00251106796,,,,0,,,,,,
166.000000,1660,,,15.9389,,,0.0225,0.1275,0.00000,0.0000,0x00,2,39,3,,8163,4813,0,0.69426,,,0.00000,0.15000,7.44151705e-06,0.00251181211,,,,0,,,,,,
166.100000,1661,,,15.9389,,,0.0225,0.1275,0.00000,0.0000,0x00,2,39,3,,8163,4813,0,0.69425,,,0.00000,0.15000,7.44151705e-06,0.00251255626,,,,0,,,,,,
166.200000,1662,,,15.9389,,,0.0225,0.1275,0.00000,0.0000,0x00,2,39,3,,8163,4813,0,0.69425,,,0.00000,0.15000,7.44151705e-06,0.00251330041,,,,0,,,,,,
166.300000,1663,,,15.9389,,,0.0225,0.1275,0.00000,0.0000,0x00,2,39,3,,8163,4813,0,0.69425,,,0.00000,0.15000,7.44151705e-06,0.00251404456,,,,0,,,,,,
166.400000,1664,,,15.9389,,,0.0225,0.1275,0.00000,0.0000,0x00,2,39,3,,8163,4813,0,0.69425,,,0.00000,0.15000,7.44151705e-06,0.00251478871,,,,0,,,,,,
166.500000,1665,,,15.9389,,,0.0225,0.1275,0.00000,0.0000,0x00,2,39,3,,8163,4813,0,0.69425,,,0.00000,0.15000,7.44151705e-06,0.00251553287,,,,0,,,,,,
166.600000,1666,,,15.9389,,,0.0225,0.1275,0.00000,0.0000,0x00,2,39,3,,8163,4813,0,0.69425,,,0.00000,0.15000,7.44151705e-06,0.00251627702,,,,0,,,,,,
166.700000,1667,,,15.9389,,,0.0225,0.1275,0.00000,0.0000,0x00,2,39,3,,8163,4813,0,0.69424,,,0.00000,0.15000,7.44151705e-06,0.00251702117,,,,0,,,,,,
166.800000,1668,,,15.9389,,,0.0225,0.1275,0.00000,0.0000,0x00,2,39,3,,8163,4813,0,0.69424,,,0.00000,0.15000,7.44151705e-06,0.00251776532,,,,0,,,,,,
166.900000,1669,,,15.9389,,,0.0225,0.1275,0.00000,0.0000,0x00,2,39,3,,8163,4813,0,0.69424,,,0.00000,0.15000,7.44151705e-06,0.00251850947,,,,0,,,,,,
167.000000,1670,,,15.9389,,,0.0225,0.1275,0.00000,0.0000,0x00,2,39,3,,8163,4813,0,0.69424,,,0.00000,0.15000,7.44151705e-06,0.00251925362,,,,0,,,,,,
167.100000,1671,,,15.9389,,,0.0225,0.1275,0.00000,0.0000,0x00,2,39,3,,8163,4813,0,0.69424,,,0.00000,0.15000,7.44151705e-06,0.00251999778,,,,0,,,,,,
167.200000,1672,,,15.9389,,,0.0225,0.1275,0.00000,0.0000,0x00,2,39,3,,8163,4813,0,0.69424,,,0.00000,0.15000,7.44151705e-06,0.00252074193,,,,0,,,,,,
167.300000,1673,,,15.9389,,,0.0225,0.1275,0.00000,0.0000,0x00,2,39,3,,8163,4813,0,0.69423,,,0.00000,0.15000,7.44151705e-06,0.00252148608,,,,0,,,,,,
167.400000,1674,,,15.9389,,,0.0225,0.1275,0.00000,0.0000,0x00,2,39,3,,8163,4813,0,0.69423,,,0.00000,0.15000,7.44151705e-06,0.00252223023,,,,0,,,,,,
167.500000,1675,,,15.9389,,,0.0225,0.1275,0.00000,0.0000,0x00,2,39,3,,8163,4813,0,0.69423,,,0.00000,0.15000,7.44151705e-06,0.00252297438,,,,0,,,,,,
167.600000,1676,,,15.9389,,,0.0225,0.1275,0.00000,0.0000,0x00,2,39,3,,8163,4813,0,0.69423,,,0.00000,0.15000,7.44151705e-06,0.00252371853,,,,0,,,,,,
167.700000,1677,,,15.9389,,,0.0225,0.1275,0.00000,0.0000,0x00,2,39,3,,8163,4813,0,0.69423,,,0.00000,0.15000,7.44151705e-06,0.00252446269,,,,0,,,,,,
167.800000,1678,,,15.9389,,,0.0225,0.1275,0.00000,0.0000,0x00,2,39,3,,8163,4813,0,0.69423,,,0.00000,0.15000,7.44151705e-06,0.00252520684,,,,0,,,,,,
167.900000,1679,,,15.9389,,,0.0225,0.1275,0.00000,0.0000,0x00,2,39,3,,8163,4813,0,0.69422,,,0.00000,0.15000,7.44151705e-06,0.00252595099,,,,0,,,,,,
168.000000,1680,,,15.9389,,,0.0225,0.1275,0.00000,0.0000,0x00,2,39,3,,8163,4813,0,0.69422,,,0.00000,0.15000,7.44151705e-06,0.00252669514,,,,0,,,,,,
168.100000,1681,,,15.9388,,,0.0226,0.1282,0.01746,0.0000,0x00,2,39,3,,8163,4813,0,0.69422,,,0.01746,0.15000,7.48115752e-06,0.00252744326,,,,0,,,,,,
168.200000,1682,,,15.9384,,,0.0235,0.1333,0.03492,0.0000,0x00,2,39,3,,8163,4813,0,0.69422,,,0.03492,0.15000,7.77755508e-06,0.00252822101,,,,0,,,,,,
168.300000,1683,,,15.9381,,,0.0240,0.1362,0.05238,0.0000,0x00,2,39,3,,8163,4813,0,0.69422,,,0.05238,0.15000,7.94736122e-06,0.00252901575,,,,0,,,,,,
168.400000,1684,,,15.9379,,,0.0245,0.1391,0.06984,0.0000,0x00,2,39,3,,8163,4813,0,0.69421,,,0.06984,0.15000,8.11835878e-06,0.00252982759,,,,0,,,,,,
168.500000,1685,,,15.9376,,,0.0251,0.1421,0.08730,0.0000,0x00,2,39,3,,8163,4813,0,0.69421,,,0.08730,0.15000,8.29054776e-06,0.00253065664,,,,0,,,,,,
168.600000,1686,,,15.9374,,,0.0256,0.1450,0.10476,0.0000,0x00,2,39,3,,8163,4813,0,0.69421,,,0.10476,0.15000,8.46392816e-06,0.00253150303,,,,0,,,,,,
168.700000,1687,,,15.9371,,,0.0261,0.1480,0.12222,0.0000,0x00,2,39,3,,8163,4813,0,0.69421,,,0.12222,0.15000,8.63849997e-06,0.00253236688,,,,0,,,,,,
168.800000,1688,,,15.9369,,,0.0267,0.1510,0.13968,0.0000,0x00,2,39,3,,8163,4813,0,0.69421,,,0.13968,0.15000,8.81426321e-06,0.00253324831,,,,0,,,,,,
168.900000,1689,,,15.9366,,,0.0272,0.1541,0.15714,0.0000,0x00,2,39,3,,8163,4813,0,0.69421,,,0.15714,0.15000,8.99121786e-06,0.00253414743,,,,0,,,,,,
169.000000,1690,,,15.9363,,,0.0277,0.1571,0.17460,0.0000,0x00,2,39,3,,8163,4813,0,0.69420,,,0.17460,0.15000,9.16936394e-06,0.00253506437,,,,0,,,,,,
169.100000,1691,,,15.9361,,,0.0283,0.1602,0.19206,0.0000,0x00,2,39,3,,8163,4813,0,0.69420,,,0.19206,0.15000,9.34870143e-06,0.00253599924,,,,0,,,,,,
169.200000,1692,,,15.9358,,,0.0288,0.1633,0.20952,0.0000,0x00,2,39,3,,8163,4813,0,0.69420,,,0.20952,0.15000,9.52923034e-06,0.00253695216,,,,0,,,,,,
169.300000,1693,,,15.9355,,,0.0294,0.1664,0.22698,0.0000,0x00,2,39,3,,8163,4813,0,0.69420,,,0.22698,0.15000,9.71095067e-06,0.00253792326,,,,0,,,,,,
169.400000,1694,,,15.9352,,,0.0299,0.1696,0.24444,0.0000,0x00,2,39,3,,8163,4813,0,0.69419,,,0.24444,0.15000,9.89386241e-06,0.00253891264,,,,0,,,,,,
169.500000,1695,,,15.9350,,,0.0305,0.1727,0.26190,0.0000,0x00,2,39,3,,8163,4813,0,0.69419,,,0.26190,0.15000,1.00779656e-05,0.00253992044,,,,0,,,,,,
169.600000,1696,,,15.9347,,,0.0310,0.1759,0.27937,0.0000,0x00,2,39,3,,8163,4813,0,0.69419,,,0.27937,0.15000,1.02632602e-05,0.00254094676,,,,0,,,,,,
169.700000,1697,,,15.9344,,,0.0316,0.1791,0.29683,0.0000,0x00,2,39,3,,8163,4813,0,0.69419,,,0.29683,0.15000,1.04497462e-05,0.00254199174,,,,0,,,,,,
169.800000,1698,,,15.9341,,,0.0322,0.1823,0.31429,0.0000,0x00,2,39,3,,8163,4813,0,0.69419,,,0.31429,0.15000,1.06374236e-05,0.00254305548,,,,0,,,,,,
169.900000,1699,,,15.9338,,,0.0327,0.1856,0.33175,0.0000,0x00,2,39,3,,8163,4813,0,0.69418,,,0.33175,0.15000,1.08262924e-05,0.00254413811,,,,0,,,,,,
170.000000,1700,,,15.9336,,,0.0333,0.1888,0.34921,0.0000,0x00,2,39,3,,8163,4813,0,0.69418,,,0.34921,0.15000,1.10163527e-05,0.00254523975,,,,0,,,,,,
170.100000,1701,,,15.9333,,,0.0339,0.1921,0.36667,0.0000,0x00,2,39,3,,8163,4813,0,0.69418,,,0.36667,0.15000,1.12076043e-05,0.00254636051,,,,0,,,,,,
170.200000,1702,,,15.9330,,,0.0345,0.1954,0.38413,0.0000,0x00,2,39,3,,8163,4813,0,0.69418,,,0.38413,0.15000,1.14000474e-05,0.00254750051,,,,0,,,,,,
170.300000,1703,,,15.9327,,,0.0351,0.1987,0.40159,0.0000,0x00,2,39,3,,8163,4813,0,0.69417,,,0.40159,0.15000,1.15936819e-05,0.00254865988,,,,0,,,,,,
170.400000,1704,,,15.9324,,,0.0357,0.2021,0.41905,0.0000,0x00,2,39,3,,8163,4813,0,0.69417,,,0.41905,0.15000,1.17885079e-05,0.00254983873,,,,0,,,,,,
170.500000,1705,,,15.9321,,,0.0363,0.2054,0.43651,0.0000,0x00,2,39,3,,8163,4813,0,0.69417,,,0.43651,0.15000,1.19845252e-05,0.00255103718,,,,0,,,,,,
170.600000,1706,,,15.9318,,,0.0368,0.2088,0.45397,0.0000,0x00,2,39,3,,8163,4813,0,0.69416,,,0.45397,0.15000,1.21817339e-05,0.00255225536,,,,0,,,,,,
170.700000,1707,,,15.9315,,,0.0374,0.2122,0.47143,0.0000,0x00,2,39,3,,8163,4813,0,0.69416,,,0.47143,0.15000,1.23801341e-05,0.00255349337,,,,0,,,,,,
170.800000,1708,,,15.9312,,,0.0381,0.2156,0.48889,0.0000,0x00,2,39,3,,8163,4813,0,0.69416,,,0.48889,0.15000,1.25797257e-05,0.00255475134,,,,0,,,,,,
170.900000,1709,,,15.9309,,,0.0387,0.2191,0.50635,0.0000,0x00,2,39,3,,8163,4813,0,0.69416,,,0.50635,0.15000,1.27805087e-05,0.00255602939,,,,0,,,,,,
171.000000,1710,,,15.9306,,,0.0393,0.2226,0.52381,0.0000,0x00,2,39,3,,8163,4813,0,0.69415,,,0.52381,0.15000,1.29824831e-05,0.00255732764,,,,0,,,,,,
171.100000,1711,,,15.9303,,,0.0399,0.2260,0.54127,0.0000,0x00,2,39,3,,8163,4813,0,0.69415,,,0.54127,0.15000,1.3185649e-05,0.00255864621,,,,0,,,,,,
171.200000,1712,,,15.9300,,,0.0405,0.2295,0.55873,0.0000,0x00,2,39,3,,8163,4813,0,0.69415,,,0.55873,0.15000,1.33900062e-05,0.00255998521,,,,0,,,,,,
171.300000,1713,,,15.9297,,,0.0411,0.2331,0.57619,0.0000,0x00,2,39,3,,8163,4813,0,0.69414,,,0.57619,0.15000,1.35955549e-05,0.00256134476,,,,0,,,,,,
171.400000,1714,,,15.9294,,,0.0418,0.2366,0.59365,0.0000,0x00,2,39,3,,8163,4813,0,0.69414,,,0.59365,0.15000,1.3802295e-05,0.00256272499,,,,0,,,,,,
171.500000,1715,,,15.9291,,,0.0424,0.2402,0.61111,0.0000,0x00,2,39,3,,8163,4813,0,0.69414,,,0.61111,0.15000,1.40102265e-05,0.00256412601,,,,0,,,,,,
171.600000,1716,,,15.9288,,,0.0430,0.2438,0.62857,0.0000,0x00,2,39,3,,8163,4813,0,0.69413,,,0.62857,0.15000,1.42193494e-05,0.00256554795,,,,0,,,,,,
171.700000,1717,,,15.9285,,,0.0437,0.2474,0.64603,0.0000,0x00,2,39,3,,8163,4813,0,0.69413,,,0.64603,0.15000,1.44296638e-05,0.00256699092,,,,0,,,,,,
171.800000,1718,,,15.9281,,,0.0443,0.2510,0.66349,0.0000,0x00,2,39,3,,8163,4813,0,0.69413,,,0.66349,0.15000,1.46411695e-05,0.00256845503,,,,0,,,,,,
171.900000,1719,,,15.9278,,,0.0449,0.2547,0.68095,0.0000,0x00,2,39,3,,8163,4813,0,0.69412,,,0.68095,0.15000,1.48538667e-05,0.00256994042,,,,0,,,,,,
172.000000,1720,,,15.9275,,,0.0456,0.2583,0.69841,0.0000,0x00,2,39,3,,8163,4813,0,0.69412,,,0.69841,0.15000,1.50677553e-05,0.00257144719,,,,0,,,,,,
172.100000,1721,,,15.9272,,,0.0462,0.2620,0.71587,0.0000,0x00,2,39,3,,8163,4813,0,0.69412,,,0.71587,0.15000,1.52828353e-05,0.00257297548,,,,0,,,,,,
172.200000,1722,,,15.9269,,,0.0469,0.2658,0.73333,0.0000,0x00,2,39,3,,8163,4813,0,0.69411,,,0.73333,0.15000,1.54991067e-05,0.00257452539,,,,0,,,,,,
172.300000,1723,,,15.9265,,,0.0476,0.2695,0.75079,0.0000,0x00,2,39,3,,8163,4813,0,0.69411,,,0.75079,0.15000,1.57165695e-05,0.00257609705,,,,0,,,,,,
172.400000,1724,,,15.9262,,,0.0482,0.2732,0.76825,0.0000,0x00,2,39,3,,8163,4813,0,0.69411,,,0.76825,0.15000,1.59352238e-05,0.00257769057,,,,0,,,,,,
172.500000,1725,,,15.9259,,,0.0489,0.2770,0.78571,0.0000,0x00,2,39,3,,8163,4813,0,0.69410,,,0.78571,0.15000,1.61550694e-05,0.00257930608,,,,0,,,,,,
172.600000,1726,,,15.9256,,,0.0496,0.2808,0.80317,0.0000,0x00,2,39,3,,8163,4813,0,0.69410,,,0.80317,0.15000,1.63761065e-05,0.00258094369,,,,0,,,,,,
172.700000,1727,,,15.9252,,,0.0502,0.2846,0.82063,0.0000,0x00,2,39,3,,8163,4813,0,0.69410,,,0.82063,0.15000,1.6598335e-05,0.00258260352,,,,0,,,,,,
172.800000,1728,,,15.9249,,,0.0509,0.2885,0.83810,0.0000,0x00,2,39,3,,8163,4813,0,0.69409,,,0.83810,0.15000,1.68217549e-05,0.00258428569,,,,0,,,,,,
172.900000,1729,,,15.9246,,,0.0516,0.2923,0.85556,0.0000,0x00,2,39,3,,8163,4813,0,0.69409,,,0.85556,0.15000,1.70463663e-05,0.00258599033,,,,0,,,,,,
173.000000,1730,,,15.9242,,,0.0523,0.2962,0.87302,0.0000,0x00,2,39,3,,8163,4813,0,0.69408,,,0.87302,0.15000,1.7272169e-05,0.00258771755,,,,0,,,,,,
173.100000,1731,,,15.9239,,,0.0530,0.3001,0.89048,0.0000,0x00,2,39,3,,8163,4813,0,0.69408,,,0.89048,0.15000,1.74991631e-05,0.00258946746,,,,0,,,,,,
173.200000,1732,,,15.9235,,,0.0537,0.3040,0.90794,0.0000,0x00,2,39,3,,8163,4813,0,0.69408,,,0.90794,0.15000,1.77273487e-05,0.0025912402,,,,0,,,,,,
173.300000,1733,,,15.9232,,,0.0543,0.3080,0.92540,0.0000,0x00,2,39,3,,8163,4813,0,0.69407,,,0.92540,0.15000,1.79567257e-05,0.00259303587,,,,0,,,,,,
173.400000,1734,,,15.9228,,,0.0550,0.3119,0.94286,0.0000,0x00,2,39,3,,8163,4813,0,0.69407,,,0.94286,0.15000,1.81872941e-05,0.0025948546,,,,0,,,,,,
173.500000,1735,,,15.9225,,,0.0557,0.3159,0.96032,0.0000,0x00,2,39,3,,8163,4813,0,0.69406,,,0.96032,0.15000,1.84190539e-05,0.00259669651,,,,0,,,,,,
173.600000,1736,,,15.9221,,,0.0565,0.3199,0.97778,0.0000,0x00,2,39,3,,8163,4813,0,0.69406,,,0.97778,0.15000,1.86520051e-05,0.00259856171,,,,0,,,,,,
173.700000,1737,,,15.9218,,,0.0572,0.3239,0.99524,0.0000,0x00,2,39,3,,8163,4813,0,0.69406,,,0.99524,0.15000,1.88861478e-05,0.00260045032,,,,0,,,,,,
173.800000,1738,,,15.9214,,,0.0579,0.3280,1.01270,0.0000,0x00,2,39,3,,8163,4813,0,0.69405,,,1.01270,0.15000,1.91214818e-05,0.00260236247,,,,0,,,,,,
173.900000,1739,,,15.9211,,,0.0586,0.3320,1.03016,0.0000,0x00,2,39,3,,8163,4813,0,0.69405,,,1.03016,0.15000,1.93580073e-05,0.00260429827,,,,0,,,,,,
174.000000,1740,,,15.9212,,,0.0583,0.3306,1.04762,0.0000,0x00,2,39,3,,8163,4813,0,0.69404,,,1.04762,0.15000,1.92762676e-05,0.0026062259,,,,0,,,,,,
174.100000,1741,,,15.9214,,,0.0579,0.3280,1.06032,0.0000,0x00,2,39,3,,8163,4813,0,0.69404,,,1.06032,0.15000,1.91226999e-05,0.00260813817,,,,0,,,,,,
174.200000,1742,,,15.9212,,,0.0584,0.3309,1.07302,0.0000,0x00,2,39,3,,8163,4813,0,0.69403,,,1.07302,0.15000,1.9289219e-05,0.00261006709,,,,0,,,,,,
174.300000,1743,,,15.9209,,,0.0589,0.3337,1.08571,0.0000,0x00,2,39,3,,8163,4813,0,0.69403,,,1.08571,0.15000,1.94563683e-05,0.00261201273,,,,0,,,,,,
174.400000,1744,,,15.9207,,,0.0594,0.3366,1.09841,0.0000,0x00,2,39,3,,8163,4813,0,0.69402,,,1.09841,0.15000,1.96241477e-05,0.00261397514,,,,0,,,,,,
174.500000,1745,,,15.9204,,,0.0599,0.3395,1.11111,0.0000,0x00,2,39,3,,8163,4813,0,0.69402,,,1.11111,0.15000,1.97925573e-05,0.0026159544,,,,0,,,,,,
174.600000,1746,,,15.9202,,,0.0604,0.3424,1.12381,0.0000,0x00,2,39,3,,8163,4813,0,0.69402,,,1.12381,0.15000,1.99615971e-05,0.00261795056,,,,0,,,,,,
174.700000,1747,,,15.9199,,,0.0609,0.3453,1.13651,0.0000,0x00,2,39,3,,8163,4813,0,0.69401,,,1.13651,0.15000,2.01312671e-05,0.00261996368,,,,0,,,,,,
174.800000,1748,,,15.9197,,,0.0615,0.3483,1.14921,0.0000,0x00,2,39,3,,8163,4813,0,0.69401,,,1.14921,0.15000,2.03015672e-05,0.00262199384,,,,0,,,,,,
174.900000,1749,,,15.9194,,,0.0620,0.3512,1.16190,0.0000,0x00,2,39,3,,8163,4813,0,0.69400,,,1.16190,0.15000,2.04724975e-05,0.00262404109,,,,0,,,,,,
175.000000,1750,,,15.9193,,,0.0621,0.3521,1.17460,0.0000,0x00,2,39,3,,8163,4813,0,0.69400,,,1.17460,0.15000,2.05246651e-05,0.00262609356,,,,0,,,,,,
175.100000,1751,,,15.9193,,,0.0622,0.3526,1.18571,0.0000,0x00,2,39,3,,8163,4813,0,0.69399,,,1.18571,0.15000,2.05536458e-05,0.00262814892,,,,0,,,,,,
175.200000,1752,,,15.9191,,,0.0627,0.3552,1.19683,0.0000,0x00,2,39,3,,8163,4813,0,0.69399,,,1.19683,0.15000,2.07025019e-05,0.00263021917,,,,0,,,,,,
175.300000,1753,,,15.9189,,,0.0631,0.3577,1.20794,0.0000,0x00,2,39,3,,8163,4813,0,0.69398,,,1.20794,0.15000,2.08518404e-05,0.00263230436,,,,0,,,,,,
175.400000,1754,,,15.9186,,,0.0636,0.3603,1.21905,0.0000,0x00,2,39,3,,8163,4813,0,0.69398,,,1.21905,0.15000,2.10016614e-05,0.00263440452,,,,0,,,,,,
175.500000,1755,,,15.9184,,,0.0640,0.3629,1.23016,0.0000,0x00,2,39,3,,8163,4813,0,0.69397,,,1.23016,0.15000,2.11519648e-05,0.00263651972,,,,0,,,,,,
175.600000,1756,,,15.9182,,,0.0645,0.3655,1.24127,0.0000,0x00,2,39,3,,8163,4813,0,0.69397,,,1.24127,0.15000,2.13027507e-05,0.00263864999,,,,0,,,,,,
175.700000,1757,,,15.9180,,,0.0650,0.3681,1.25238,0.0000,0x00,2,39,3,,8163,4813,0,0.69396,,,1.25238,0.15000,2.14540192e-05,0.00264079539,,,,0,,,,,,
175.800000,1758,,,15.9177,,,0.0654,0.3707,1.26349,0.0000,0x00,2,39,3,,8163,4813,0,0.69396,,,1.26349,0.15000,2.160577e-05,0.00264295597,,,,0,,,,,,
175.900000,1759,,,15.9175,,,0.0659,0.3733,1.27460,0.0000,0x00,2,39,3,,8163,4813,0,0.69395,,,1.27460,0.15000,2.17580034e-05,0.00264513177,,,,0,,,,,,
176.000000,1760,,,15.9177,,,0.0655,0.3714,1.28571,0.0000,0x00,2,39,3,,8163,4813,0,0.69395,,,1.28571,0.15000,2.16493457e-05,0.00264729671,,,,0,,,,,,
176.100000,1761,,,15.9179,,,0.0651,0.3688,1.29365,0.0000,0x00,2,39,3,,8163,4813,0,0.69394,,,1.29365,0.15000,2.14941235e-05,0.00264944612,,,,0,,,,,,
176.200000,1762,,,15.9177,,,0.0654,0.3706,1.30159,0.0000,0x00,2,39,3,,8163,4813,0,0.69394,,,1.30159,0.15000,2.16005209e-05,0.00265160617,,,,0,,,,,,
176.300000,1763,,,15.9176,,,0.0657,0.3724,1.30952,0.0000,0x00,2,39,3,,8163,4813,0,0.69393,,,1.30952,0.15000,2.17071646e-05,0.00265377689,,,,0,,,,,,
176.400000,1764,,,15.9174,,,0.0660,0.3743,1.31746,0.0000,0x00,2,39,3,,8163,4813,0,0.69393,,,1.31746,0.15000,2.18140543e-05,0.00265595829,,,,0,,,,,,
176.500000,1765,,,15.9173,,,0.0664,0.3761,1.32540,0.0000,0x00,2,39,3,,8163,4813,0,0.69392,,,1.32540,0.15000,2.19211903e-05,0.00265815041,,,,0,,,,,,
176.600000,1766,,,15.9171,,,0.0667,0.3779,1.33333,0.0000,0x00,2,39,3,,8163,4813,0,0.69392,,,1.33333,0.15000,2.20285724e-05,0.00266035327,,,,0,,,,,,
176.700000,1767,,,15.9169,,,0.0670,0.3798,1.34127,0.0000,0x00,2,39,3,,8163,4813,0,0.69391,,,1.34127,0.15000,2.21362006e-05,0.00266256689,,,,0,,,,,,
176.800000,1768,,,15.9168,,,0.0674,0.3817,1.34921,0.0000,0x00,2,39,3,,8163,4813,0,0.69391,,,1.34921,0.15000,2.2244075e-05,0.0026647913,,,,0,,,,,,
176.900000,1769,,,15.9166,,,0.0677,0.3835,1.35714,0.0000,0x00,2,39,3,,8163,4813,0,0.69390,,,1.35714,0.15000,2.23521956e-05,0.00266702652,,,,0,,,,,,
177.000000,1770,,,15.9171,,,0.0667,0.3782,1.36508,0.0000,0x00,2,39,3,,8163,4813,0,0.69390,,,1.36508,0.15000,2.20443009e-05,0.00266923095,,,,0,,,,,,
177.100000,1771,,,15.9176,,,0.0656,0.3718,1.36825,0.0000,0x00,2,39,3,,8163,4813,0,0.69389,,,1.36825,0.15000,2.16695189e-05,0.0026713979,,,,0,,,,,,
177.200000,1772,,,15.9176,,,0.0657,0.3725,1.37143,0.0000,0x00,2,39,3,,8163,4813,0,0.69389,,,1.37143,0.15000,2.17110378e-05,0.002673569,,,,0,,,,,,
177.300000,1773,,,15.9175,,,0.0659,0.3732,1.37460,0.0000,0x00,2,39,3,,8163,4813,0,0.69388,,,1.37460,0.15000,2.17525961e-05,0.00267574426,,,,0,,,,,,
177.400000,1774,,,15.9174,,,0.0660,0.3739,1.37778,0.0000,0x00,2,39,3,,8163,4813,0,0.69388,,,1.37778,0.15000,2.17941938e-05,0.00267792368,,,,0,,,,,,
177.500000,1775,,,15.9174,,,0.0661,0.3746,1.38095,0.0000,0x00,2,39,3,,8163,4813,0,0.69387,,,1.38095,0.15000,2.18358309e-05,0.00268010726,,,,0,,,,,,
177.600000,1776,,,15.9173,,,0.0662,0.3753,1.38413,0.0000,0x00,2,39,3,,8163,4813,0,0.69387,,,1.38413,0.15000,2.18775073e-05,0.00268229501,,,,0,,,,,,
177.700000,1777,,,15.9173,,,0.0664,0.3761,1.38730,0.0000,0x00,2,39,3,,8163,4813,0,0.69386,,,1.38730,0.15000,2.19192231e-05,0.00268448694,,,,0,,,,,,
177.800000,1778,,,15.9172,,,0.0665,0.3768,1.39048,0.0000,0x00,2,39,3,,8163,4813,0,0.69386,,,1.39048,0.15000,2.19609784e-05,0.00268668304,,,,0,,,,,,
177.900000,1779,,,15.9171,,,0.0666,0.3775,1.39365,0.0000,0x00,2,39,3,,8163,4813,0,0.69385,,,1.39365,0.15000,2.2002773e-05,0.00268888331,,,,0,,,,,,
178.000000,1780,,,15.9180,,,0.0649,0.3676,1.39683,0.0000,0x00,2,39,3,,8163,4813,0,0.69385,,,1.39683,0.15000,2.14293574e-05,0.00269102625,,,,0,,,,,,
178.100000,1781,,,15.9190,,,0.0629,0.3563,1.39312,0.0000,0x00,2,39,3,,8163,4813,0,0.69384,,,1.39312,0.15000,2.0768568e-05,0.0026931031,,,,0,,,,,,
178.200000,1782,,,15.9191,,,0.0627,0.3555,1.38942,0.0000,0x00,2,39,3,,8163,4813,0,0.69384,,,1.38942,0.15000,2.07230818e-05,0.00269517541,,,,0,,,,,,
178.300000,1783,,,15.9191,,,0.0626,0.3547,1.38571,0.0000,0x00,2,39,3,,8163,4813,0,0.69383,,,1.38571,0.15000,2.06776492e-05,0.00269724318,,,,0,,,,,,
178.400000,1784,,,15.9192,,,0.0625,0.3539,1.38201,0.0000,0x00,2,39,3,,8163,4813,0,0.69383,,,1.38201,0.15000,2.06322702e-05,0.00269930641,,,,0,,,,,,
178.500000,1785,,,15.9193,,,0.0623,0.3532,1.37831,0.0000,0x00,2,39,3,,8163,4813,0,0.69382,,,1.37831,0.15000,2.05869448e-05,0.0027013651,,,,0,,,,,,
178.600000,1786,,,15.9193,,,0.0622,0.3524,1.37460,0.0000,0x00,2,39,3,,8163,4813,0,0.69382,,,1.37460,0.15000,2.0541673e-05,0.00270341927,,,,0,,,,,,
178.700000,1787,,,15.9194,,,0.0620,0.3516,1.37090,0.0000,0x00,2,39,3,,8163,4813,0,0.69382,,,1.37090,0.15000,2.04964549e-05,0.00270546891,,,,0,,,,,,
178.800000,1788,,,15.9195,,,0.0619,0.3508,1.36720,0.0000,0x00,2,39,3,,8163,4813,0,0.69381,,,1.36720,0.15000,2.04512903e-05,0.00270751404,,,,0,,,,,,
178.900000,1789,,,15.9195,,,0.0618,0.3501,1.36349,0.0000,0x00,2,39,3,,8163,4813,0,0.69381,,,1.36349,0.15000,2.04061794e-05,0.00270955466,,,,0,,,,,,
179.000000,1790,,,15.9195,,,0.0618,0.3501,1.35979,0.0000,0x00,2,39,3,,8163,4813,0,0.69380,,,1.35979,0.15000,2.0407194e-05,0.00271159538,,,,0,,,,,,
179.100000,1791,,,15.9195,,,0.0618,0.3502,1.35661,0.0000,0x00,2,39,3,,8163,4813,0,0.69380,,,1.35661,0.15000,2.0414473e-05,0.00271363683,,,,0,,,,,,
179.200000,1792,,,15.9196,,,0.0617,0.3495,1.35344,0.0000,0x00,2,39,3,,8163,4813,0,0.69379,,,1.35344,0.15000,2.03757194e-05,0.0027156744,,,,0,,,,,,
179.300000,1793,,,15.9196,,,0.0616,0.3489,1.35026,0.0000,0x00,2,39,3,,8163,4813,0,0.69379,,,1.35026,0.15000,2.03370051e-05,0.0027177081,,,,0,,,,,,
179.400000,1794,,,15.9197,,,0.0614,0.3482,1.34709,0.0000,0x00,2,39,3,,8163,4813,0,0.69378,,,1.34709,0.15000,2.02983302e-05,0.00271973793,,,,0,,,,,,
179.500000,1795,,,15.9197,,,0.0613,0.3475,1.34392,0.0000,0x00,2,39,3,,8163,4813,0,0.69378,,,1.34392,0.15000,2.02596947e-05,0.0027217639,,,,0,,,,,,
179.600000,1796,,,15.9198,,,0.0612,0.3469,1.34074,0.0000,0x00,2,39,3,,8163,4813,0,0.69377,,,1.34074,0.15000,2.02210986e-05,0.00272378601,,,,0,,,,,,
179.700000,1797,,,15.9199,,,0.0611,0.3462,1.33757,0.0000,0x00,2,39,3,,8163,4813,0,0.69377,,,1.33757,0.15000,2.01825419e-05,0.00272580426,,,,0,,,,,,
179.800000,1798,,,15.9199,,,0.0610,0.3456,1.33439,0.0000,0x00,2,39,3,,8163,4813,0,0.69376,,,1.33439,0.15000,2.01440246e-05,0.00272781867,,,,0,,,,,,
179.900000,1799,,,15.9200,,,0.0609,0.3449,1.33122,0.0000,0x00,2,39,3,,8163,4813,0,0.69376,,,1.33122,0.15000,2.01055466e-05,0.00272982922,,,,0,,,,,,
180.000000,1800,,,15.9199,,,0.0610,0.3458,1.32804,0.0000,0x00,2,39,3,,8163,4813,0,0.69375,,,1.32804,0.15000,2.01571009e-05,0.00273184493,,,,0,,,,,,
180.100000,1801,,,15.9198,,,0.0612,0.3469,1.32593,0.0000,0x00,2,39,3,,8163,4813,0,0.69375,,,1.32593,0.15000,2.0221203e-05,0.00273386705,,,,0,,,,,,
180.200000,1802,,,15.9198,,,0.0611,0.3464,1.32381,0.0000,0x00,2,39,3,,8163,4813,0,0.69375,,,1.32381,0.15000,2.01953299e-05,0.00273588659,,,,0,,,,,,
180.300000,1803,,,15.9199,,,0.0611,0.3460,1.32169,0.0000,0x00,2,39,3,,8163,4813,0,0.69374,,,1.32169,0.15000,2.01694742e-05,0.00273790353,,,,0,,,,,,
180.400000,1804,,,15.9199,,,0.0610,0.3455,1.31958,0.0000,0x00,2,39,3,,8163,4813,0,0.69374,,,1.31958,0.15000,2.01436361e-05,0.0027399179,,,,0,,,,,,
180.500000,1805,,,15.9200,,,0.0609,0.3451,1.31746,0.0000,0x00,2,39,3,,8163,4813,0,0.69373,,,1.31746,0.15000,2.01178155e-05,0.00274192968,,,,0,,,,,,
180.600000,1806,,,15.9200,,,0.0608,0.3447,1.31534,0.0000,0x00,2,39,3,,8163,4813,0,0.69373,,,1.31534,0.15000,2.00920123e-05,0.00274393888,,,,0,,,,,,
180.700000,1807,,,15.9200,,,0.0607,0.3442,1.31323,0.0000,0x00,2,39,3,,8163,4813,0,0.69372,,,1.31323,0.15000,2.00662267e-05,0.0027459455,,,,0,,,,,,
180.800000,1808,,,15.9201,,,0.0607,0.3438,1.31111,0.0000,0x00,2,39,3,,8163,4813,0,0.69372,,,1.31111,0.15000,2.00404586e-05,0.00274794955,,,,0,,,,,,
180.900000,1809,,,15.9201,,,0.0606,0.3433,1.30899,0.0000,0x00,2,39,3,,8163,4813,0,0.69371,,,1.30899,0.15000,2.0014708e-05,0.00274995102,,,,0,,,,,,
181.000000,1810,,,15.9197,,,0.0614,0.3482,1.30688,0.0000,0x00,2,39,3,,8163,4813,0,0.69371,,,1.30688,0.15000,2.02989302e-05,0.00275198091,,,,0,,,,,,
181.100000,1811,,,15.9192,,,0.0625,0.3539,1.30847,0.0000,0x00,2,39,3,,8163,4813,0,0.69370,,,1.30847,0.15000,2.06289366e-05,0.00275404381,,,,0,,,,,,
181.200000,1812,,,15.9192,,,0.0625,0.3542,1.31005,0.0000,0x00,2,39,3,,8163,4813,0,0.69370,,,1.31005,0.15000,2.06489976e-05,0.00275610871,,,,0,,,,,,
181.300000,1813,,,15.9191,,,0.0626,0.3546,1.31164,0.0000,0x00,2,39,3,,8163,4813,0,0.69369,,,1.31164,0.15000,2.06690684e-05,0.00275817561,,,,0,,,,,,
181.400000,1814,,,15.9191,,,0.0626,0.3549,1.31323,0.0000,0x00,2,39,3,,8163,4813,0,0.69369,,,1.31323,0.15000,2.06891491e-05,0.00276024453,,,,0,,,,,,
181.500000,1815,,,15.9191,,,0.0627,0.3553,1.31481,0.0000,0x00,2,39,3,,8163,4813,0,0.69368,,,1.31481,0.15000,2.07092396e-05,0.00276231545,,,,0,,,,,,
181.600000,1816,,,15.9190,,,0.0628,0.3556,1.31640,0.0000,0x00,2,39,3,,8163,4813,0,0.69368,,,1.31640,0.15000,2.07293399e-05,0.00276438838,,,,0,,,,,,
181.700000,1817,,,15.9190,,,0.0628,0.3560,1.31799,0.0000,0x00,2,39,3,,8163,4813,0,0.69368,,,1.31799,0.15000,2.07494501e-05,0.00276646333,,,,0,,,,,,
181.800000,1818,,,15.9190,,,0.0629,0.3563,1.31958,0.0000,0x00,2,39,3,,8163,4813,0,0.69367,,,1.31958,0.15000,2.07695702e-05,0.00276854029,,,,0,,,,,,
181.900000,1819,,,15.9190,,,0.0629,0.3566,1.32116,0.0000,0x00,2,39,3,,8163,4813,0,0.69367,,,1.32116,0.15000,2.07897e-05,0.00277061926,,,,0,,,,,,
182.000000,1820,,,15.9190,,,0.0629,0.3562,1.32275,0.0000,0x00,2,39,3,,8163,4813,0,0.69366,,,1.32275,0.15000,2.07650227e-05,0.00277269576,,,,0,,,,,,
182.100000,1821,,,15.9190,,,0.0628,0.3557,1.32381,0.0000,0x00,2,39,3,,8163,4813,0,0.69366,,,1.32381,0.15000,2.07335658e-05,0.00277476912,,,,0,,,,,,
182.200000,1822,,,15.9190,,,0.0628,0.3559,1.32487,0.0000,0x00,2,39,3,,8163,4813,0,0.69365,,,1.32487,0.15000,2.07469304e-05,0.00277684381,,,,0,,,,,,
182.300000,1823,,,15.9190,,,0.0628,0.3561,1.32593,0.0000,0x00,2,39,3,,8163,4813,0,0.69365,,,1.32593,0.15000,2.07602994e-05,0.00277891984,,,,0,,,,,,
182.400000,1824,,,15.9190,,,0.0629,0.3564,1.32698,0.0000,0x00,2,39,3,,8163,4813,0,0.69364,,,1.32698,0.15000,2.07736728e-05,0.00278099721,,,,0,,,,,,
182.500000,1825,,,15.9190,,,0.0629,0.3566,1.32804,0.0000,0x00,2,39,3,,8163,4813,0,0.69364,,,1.32804,0.15000,2.07870506e-05,0.00278307591,,,,0,,,,,,
182.600000,1826,,,15.9189,,,0.0630,0.3568,1.32910,0.0000,0x00,2,39,3,,8163,4813,0,0.69363,,,1.32910,0.15000,2.08004327e-05,0.00278515595,,,,0,,,,,,
182.700000,1827,,,15.9189,,,0.0630,0.3571,1.33016,0.0000,0x00,2,39,3,,8163,4813,0,0.69363,,,1.33016,0.15000,2.08138192e-05,0.00278723734,,,,0,,,,,,
182.800000,1828,,,15.9189,,,0.0631,0.3573,1.33122,0.0000,0x00,2,39,3,,8163,4813,0,0.69362,,,1.33122,0.15000,2.08272101e-05,0.00278932006,,,,0,,,,,,
182.900000,1829,,,15.9189,,,0.0631,0.3575,1.33228,0.0000,0x00,2,39,3,,8163,4813,0,0.69362,,,1.33228,0.15000,2.08406054e-05,0.00279140412,,,,0,,,,,,
183.000000,1830,,,15.9189,,,0.0631,0.3578,1.33333,0.0000,0x00,2,39,3,,8163,4813,0,0.69361,,,1.33333,0.15000,2.0854005e-05,0.00279348952,,,,0,,,,,,
183.100000,1831,,,15.9188,,,0.0632,0.3580,1.33439,0.0000,0x00,2,39,3,,8163,4813,0,0.69361,,,1.33439,0.15000,2.0867409e-05,0.00279557626,,,,0,,,,,,
183.200000,1832,,,15.9188,,,0.0632,0.3582,1.33545,0.0000,0x00,2,39,3,,8163,4813,0,0.69360,,,1.33545,0.15000,2.08808174e-05,0.00279766434,,,,0,,,,,,
183.300000,1833,,,15.9188,,,0.0633,0.3584,1.33651,0.0000,0x00,2,39,3,,8163,4813,0,0.69360,,,1.33651,0.15000,2.08942302e-05,0.00279975376,,,,0,,,,,,
183.400000,1834,,,15.9188,,,0.0633,0.3587,1.33757,0.0000,0x00,2,39,3,,8163,4813,0,0.69359,,,1.33757,0.15000,2.09076473e-05,0.00280184453,,,,0,,,,,,
183.500000,1835,,,15.9188,,,0.0633,0.3589,1.33862,0.0000,0x00,2,39,3,,8163,4813,0,0.69359,,,1.33862,0.15000,2.09210688e-05,0.00280393664,,,,0,,,,,,
183.600000,1836,,,15.9187,,,0.0634,0.3591,1.33968,0.0000,0x00,2,39,3,,8163,4813,0,0.69358,,,1.33968,0.15000,2.09344947e-05,0.00280603008,,,,0,,,,,,
183.700000,1837,,,15.9187,,,0.0634,0.3594,1.34074,0.0000,0x00,2,39,3,,8163,4813,0,0.69358,,,1.34074,0.15000,2.0947925e-05,0.00280812488,,,,0,,,,,,
183.800000,1838,,,15.9187,,,0.0635,0.3596,1.34180,0.0000,0x00,2,39,3,,8163,4813,0,0.69358,,,1.34180,0.15000,2.09613597e-05,0.00281022101,,,,0,,,,,,
183.900000,1839,,,15.9187,,,0.0635,0.3598,1.34286,0.0000,0x00,2,39,3,,8163,4813,0,0.69357,,,1.34286,0.15000,2.09747987e-05,0.00281231849,,,,0,,,,,,
184.000000,1840,,,15.9185,,,0.0638,0.3616,1.34392,0.0000,0x00,2,39,3,,8163,4813,0,0.69357,,,1.34392,0.15000,2.10793105e-05,0.00281442642,,,,0,,,,,,
184.100000,1841,,,15.9183,,,0.0642,0.3637,1.34603,0.0000,0x00,2,39,3,,8163,4813,0,0.69356,,,1.34603,0.15000,2.11975657e-05,0.00281654618,,,,0,,,,,,
184.200000,1842,,,15.9183,,,0.0643,0.3641,1.34815,0.0000,0x00,2,39,3,,8163,4813,0,0.69356,,,1.34815,0.15000,2.122477e-05,0.00281866866,,,,0,,,,,,
184.300000,1843,,,15.9183,,,0.0643,0.3646,1.35026,0.0000,0x00,2,39,3,,8163,4813,0,0.69355,,,1.35026,0.15000,2.12519917e-05,0.00282079386,,,,0,,,,,,
184.400000,1844,,,15.9182,,,0.0644,0.3651,1.35238,0.0000,0x00,2,39,3,,8163,4813,0,0.69355,,,1.35238,0.15000,2.1279231e-05,0.00282292178,,,,0,,,,,,
184.500000,1845,,,15.9182,,,0.0645,0.3655,1.35450,0.0000,0x00,2,39,3,,8163,4813,0,0.69354,,,1.35450,0.15000,2.13064878e-05,0.00282505243,,,,0,,,,,,
184.600000,1846,,,15.9181,,,0.0646,0.3660,1.35661,0.0000,0x00,2,39,3,,8163,4813,0,0.69354,,,1.35661,0.15000,2.13337621e-05,0.00282718581,,,,0,,,,,,
184.700000,1847,,,15.9181,,,0.0647,0.3665,1.35873,0.0000,0x00,2,39,3,,8163,4813,0,0.69353,,,1.35873,0.15000,2.13610539e-05,0.00282932191,,,,0,,,,,,
184.800000,1848,,,15.9181,,,0.0648,0.3669,1.36085,0.0000,0x00,2,39,3,,8163,4813,0,0.69353,,,1.36085,0.15000,2.13883632e-05,0.00283146075,,,,0,,,,,,
184.900000,1849,,,15.9180,,,0.0648,0.3674,1.36296,0.0000,0x00,2,39,3,,8163,4813,0,0.69352,,,1.36296,0.15000,2.141569e-05,0.00283360232,,,,0,,,,,,
185.000000,1850,,,15.9173,,,0.0663,0.3758,1.36508,0.0000,0x00,2,39,3,,8163,4813,0,0.69352,,,1.36508,0.15000,2.1905547e-05,0.00283579287,,,,0,,,,,,
185.100000,1851,,,15.9164,,,0.0680,0.3855,1.37249,0.0000,0x00,2,39,3,,8163,4813,0,0.69351,,,1.37249,0.15000,2.24689222e-05,0.00283803976,,,,0,,,,,,
185.200000,1852,,,15.9163,,,0.0683,0.3873,1.37989,0.0000,0x00,2,39,3,,8163,4813,0,0.69351,,,1.37989,0.15000,2.25699991e-05,0.00284029676,,,,0,,,,,,
185.300000,1853,,,15.9161,,,0.0686,0.3890,1.38730,0.0000,0x00,2,39,3,,8163,4813,0,0.69350,,,1.38730,0.15000,2.26712904e-05,0.00284256389,,,,0,,,,,,
185.400000,1854,,,15.9160,,,0.0690,0.3907,1.39471,0.0000,0x00,2,39,3,,8163,4813,0,0.69350,,,1.39471,0.15000,2.27727961e-05,0.00284484117,,,,0,,,,,,
185.500000,1855,,,15.9158,,,0.0693,0.3925,1.40212,0.0000,0x00,2,39,3,,8163,4813,0,0.69349,,,1.40212,0.15000,2.28745162e-05,0.00284712862,,,,0,,,,,,
185.600000,1856,,,15.9157,,,0.0696,0.3942,1.40952,0.0000,0x00,2,39,3,,8163,4813,0,0.69349,,,1.40952,0.15000,2.29764508e-05,0.00284942627,,,,0,,,,,,
185.700000,1857,,,15.9155,,,0.0699,0.3960,1.41693,0.0000,0x00,2,39,3,,8163,4813,0,0.69348,,,1.41693,0.15000,2.30785998e-05,0.00285173413,,,,0,,,,,,
185.800000,1858,,,15.9154,,,0.0702,0.3978,1.42434,0.0000,0x00,2,39,3,,8163,4813,0,0.69348,,,1.42434,0.15000,2.31809633e-05,0.00285405222,,,,0,,,,,,
185.900000,1859,,,15.9152,,,0.0705,0.3995,1.43175,0.0000,0x00,2,39,3,,8163,4813,0,0.69347,,,1.43175,0.15000,2.32835412e-05,0.00285638058,,,,0,,,,,,
186.000000,1860,,,15.9166,,,0.0677,0.3837,1.43915,0.0000,0x00,2,39,3,,8163,4813,0,0.69346,,,1.43915,0.15000,2.23623519e-05,0.00285861681,,,,0,,,,,,
186.100000,1861,,,15.9182,,,0.0645,0.3653,1.43545,0.0000,0x00,2,39,3,,8163,4813,0,0.69346,,,1.43545,0.15000,2.12922176e-05,0.00286074604,,,,0,,,,,,
186.200000,1862,,,15.9183,,,0.0643,0.3645,1.43175,0.0000,0x00,2,39,3,,8163,4813,0,0.69345,,,1.43175,0.15000,2.12461188e-05,0.00286287065,,,,0,,,,,,
186.300000,1863,,,15.9183,,,0.0642,0.3637,1.42804,0.0000,0x00,2,39,3,,8163,4813,0,0.69345,,,1.42804,0.15000,2.12000735e-05,0.00286499065,,,,0,,,,,,
186.400000,1864,,,15.9184,,,0.0640,0.3629,1.42434,0.0000,0x00,2,39,3,,8163,4813,0,0.69344,,,1.42434,0.15000,2.11540819e-05,0.00286710606,,,,0,,,,,,
186.500000,1865,,,15.9185,,,0.0639,0.3621,1.42063,0.0000,0x00,2,39,3,,8163,4813,0,0.69344,,,1.42063,0.15000,2.11081438e-05,0.00286921688,,,,0,,,,,,
186.600000,1866,,,15.9185,,,0.0638,0.3613,1.41693,0.0000,0x00,2,39,3,,8163,4813,0,0.69344,,,1.41693,0.15000,2.10622594e-05,0.0028713231,,,,0,,,,,,
186.700000,1867,,,15.9186,,,0.0636,0.3605,1.41323,0.0000,0x00,2,39,3,,8163,4813,0,0.69343,,,1.41323,0.15000,2.10164285e-05,0.00287342475,,,,0,,,,,,
186.800000,1868,,,15.9187,,,0.0635,0.3598,1.40952,0.0000,0x00,2,39,3,,8163,4813,0,0.69343,,,1.40952,0.15000,2.09706513e-05,0.00287552181,,,,0,,,,,,
186.900000,1869,,,15.9187,,,0.0633,0.3590,1.40582,0.0000,0x00,2,39,3,,8163,4813,0,0.69342,,,1.40582,0.15000,2.09249277e-05,0.0028776143,,,,0,,,,,,
187.000000,1870,,,15.9201,,,0.0606,0.3435,1.40212,0.0000,0x00,2,39,3,,8163,4813,0,0.69342,,,1.40212,0.15000,2.00241467e-05,0.00287961672,,,,0,,,,,,
187.100000,1871,,,15.9216,,,0.0576,0.3263,1.38889,0.0000,0x00,2,39,3,,8163,4813,0,0.69341,,,1.38889,0.15000,1.90225002e-05,0.00288151897,,,,0,,,,,,
187.200000,1872,,,15.9218,,,0.0571,0.3238,1.37566,0.0000,0x00,2,39,3,,8163,4813,0,0.69341,,,1.37566,0.15000,1.88766486e-05,0.00288340663,,,,0,,,,,,
187.300000,1873,,,15.9220,,,0.0567,0.3213,1.36243,0.0000,0x00,2,39,3,,8163,4813,0,0.69340,,,1.36243,0.15000,1.87314807e-05,0.00288527978,,,,0,,,,,,
187.400000,1874,,,15.9222,,,0.0563,0.3188,1.34921,0.0000,0x00,2,39,3,,8163,4813,0,0.69340,,,1.34921,0.15000,1.85869967e-05,0.00288713848,,,,0,,,,,,
187.500000,1875,,,15.9225,,,0.0558,0.3163,1.33598,0.0000,0x00,2,39,3,,8163,4813,0,0.69339,,,1.33598,0.15000,1.84431964e-05,0.0028889828,,,,0,,,,,,
187.600000,1876,,,15.9227,,,0.0554,0.3139,1.32275,0.0000,0x00,2,39,3,,8163,4813,0,0.69339,,,1.32275,0.15000,1.83000798e-05,0.00289081281,,,,0,,,,,,
187.700000,1877,,,15.9229,,,0.0550,0.3114,1.30952,0.0000,0x00,2,39,3,,8163,4813,0,0.69339,,,1.30952,0.15000,1.81576471e-05,0.00289262857,,,,0,,,,,,
187.800000,1878,,,15.9231,,,0.0545,0.3090,1.29630,0.0000,0x00,2,39,3,,8163,4813,0,0.69338,,,1.29630,0.15000,1.80158981e-05,0.00289443016,,,,0,,,,,,
187.900000,1879,,,15.9233,,,0.0541,0.3066,1.28307,0.0000,0x00,2,39,3,,8163,4813,0,0.69338,,,1.28307,0.15000,1.78748329e-05,0.00289621765,,,,0,,,,,,
188.000000,1880,,,15.9227,,,0.0552,0.3130,1.26984,0.0000,0x00,2,39,3,,8163,4813,0,0.69337,,,1.26984,0.15000,1.82507451e-05,0.00289804272,,,,0,,,,,,
188.100000,1881,,,15.9221,,,0.0566,0.3205,1.26296,0.0000,0x00,2,39,3,,8163,4813,0,0.69337,,,1.26296,0.15000,1.86887174e-05,0.00289991159,,,,0,,,,,,
188.200000,1882,,,15.9222,,,0.0563,0.3192,1.25608,0.0000,0x00,2,39,3,,8163,4813,0,0.69336,,,1.25608,0.15000,1.8610581e-05,0.00290177265,,,,0,,,,,,
188.300000,1883,,,15.9223,,,0.0561,0.3179,1.24921,0.0000,0x00,2,39,3,,8163,4813,0,0.69336,,,1.24921,0.15000,1.85326295e-05,0.00290362591,,,,0,,,,,,
188.400000,1884,,,15.9224,,,0.0559,0.3165,1.24233,0.0000,0x00,2,39,3,,8163,4813,0,0.69336,,,1.24233,0.15000,1.84548629e-05,0.0029054714,,,,0,,,,,,
188.500000,1885,,,15.9226,,,0.0556,0.3152,1.23545,0.0000,0x00,2,39,3,,8163,4813,0,0.69335,,,1.23545,0.15000,1.83772812e-05,0.00290730913,,,,0,,,,,,
188.600000,1886,,,15.9227,,,0.0554,0.3139,1.22857,0.0000,0x00,2,39,3,,8163,4813,0,0.69335,,,1.22857,0.15000,1.82998844e-05,0.00290913912,,,,0,,,,,,
188.700000,1887,,,15.9228,,,0.0552,0.3125,1.22169,0.0000,0x00,2,39,3,,8163,4813,0,0.69334,,,1.22169,0.15000,1.82226725e-05,0.00291096138,,,,0,,,,,,
188.800000,1888,,,15.9229,,,0.0549,0.3112,1.21481,0.0000,0x00,2,39,3,,8163,4813,0,0.69334,,,1.21481,0.15000,1.81456455e-05,0.00291277595,,,,0,,,,,,
188.900000,1889,,,15.9230,,,0.0547,0.3099,1.20794,0.0000,0x00,2,39,3,,8163,4813,0,0.69334,,,1.20794,0.15000,1.80688034e-05,0.00291458283,,,,0,,,,,,
189.000000,1890,,,15.9244,,,0.0520,0.2946,1.20106,0.0000,0x00,2,39,3,,8163,4813,0,0.69333,,,1.20106,0.15000,1.71782667e-05,0.00291630066,,,,0,,,,,,
189.100000,1891,,,15.9258,,,0.0490,0.2777,1.18360,0.0000,0x00,2,39,3,,8163,4813,0,0.69333,,,1.18360,0.15000,1.61942894e-05,0.00291792008,,,,0,,,,,,
189.200000,1892,,,15.9261,,,0.0485,0.2748,1.16614,0.0000,0x00,2,39,3,,8163,4813,0,0.69332,,,1.16614,0.15000,1.60253832e-05,0.00291952262,,,,0,,,,,,
189.300000,1893,,,15.9263,,,0.0480,0.2719,1.14868,0.0000,0x00,2,39,3,,8163,4813,0,0.69332,,,1.14868,0.15000,1.58576684e-05,0.00292110839,,,,0,,,,,,
189.400000,1894,,,15.9266,,,0.0475,0.2691,1.13122,0.0000,0x00,2,39,3,,8163,4813,0,0.69332,,,1.13122,0.15000,1.56911451e-05,0.0029226775,,,,0,,,,,,
189.500000,1895,,,15.9268,,,0.0470,0.2662,1.11376,0.0000,0x00,2,39,3,,8163,4813,0,0.69331,,,1.11376,0.15000,1.55258131e-05,0.00292423009,,,,0,,,,,,
189.600000,1896,,,15.9271,,,0.0465,0.2634,1.09630,0.0000,0x00,2,39,3,,8163,4813,0,0.69331,,,1.09630,0.15000,1.53616726e-05,0.00292576625,,,,0,,,,,,
189.700000,1897,,,15.9273,,,0.0460,0.2606,1.07884,0.0000,0x00,2,39,3,,8163,4813,0,0.69331,,,1.07884,0.15000,1.51987235e-05,0.00292728613,,,,0,,,,,,
189.800000,1898,,,15.9276,,,0.0455,0.2578,1.06138,0.0000,0x00,2,39,3,,8163,4813,0,0.69330,,,1.06138,0.15000,1.50369658e-05,0.00292878982,,,,0,,,,,,
189.900000,1899,,,15.9278,,,0.0450,0.2551,1.04392,0.0000,0x00,2,39,3,,8163,4813,0,0.69330,,,1.04392,0.15000,1.48763995e-05,0.00293027746,,,,0,,,,,,
190.000000,1900,,,15.9272,,,0.0462,0.2619,1.02646,0.0000,0x00,2,39,3,,8163,4813,0,0.69330,,,1.02646,0.15000,1.52734746e-05,0.00293180481,,,,0,,,,,,
190.100000,1901,,,15.9265,,,0.0476,0.2699,1.01746,0.0000,0x00,2,39,3,,8163,4813,0,0.69329,,,1.01746,0.15000,1.57385351e-05,0.00293337866,,,,0,,,,,,
190.200000,1902,,,15.9266,,,0.0473,0.2683,1.00847,0.0000,0x00,2,39,3,,8163,4813,0,0.69329,,,1.00847,0.15000,1.56474618e-05,0.00293494341,,,,0,,,,,,
190.300000,1903,,,15.9268,,,0.0471,0.2667,0.99947,0.0000,0x00,2,39,3,,8163,4813,0,0.69328,,,0.99947,0.15000,1.55567048e-05,0.00293649908,,,,0,,,,,,
190.400000,1904,,,15.9269,,,0.0468,0.2652,0.99048,0.0000,0x00,2,39,3,,8163,4813,0,0.69328,,,0.99048,0.15000,1.54662639e-05,0.00293804571,,,,0,,,,,,
190.500000,1905,,,15.9270,,,0.0465,0.2636,0.98148,0.0000,0x00,2,39,3,,8163,4813,0,0.69328,,,0.98148,0.15000,1.53761391e-05,0.00293958332,,,,0,,,,,,
190.600000,1906,,,15.9272,,,0.0463,0.2621,0.97249,0.0000,0x00,2,39,3,,8163,4813,0,0.69327,,,0.97249,0.15000,1.52863306e-05,0.00294111195,,,,0,,,,,,
190.700000,1907,,,15.9273,,,0.0460,0.2606,0.96349,0.0000,0x00,2,39,3,,8163,4813,0,0.69327,,,0.96349,0.15000,1.51968383e-05,0.00294263164,,,,0,,,,,,
190.800000,1908,,,15.9274,,,0.0457,0.2590,0.95450,0.0000,0x00,2,39,3,,8163,4813,0,0.69327,,,0.95450,0.15000,1.51076621e-05,0.0029441424,,,,0,,,,,,
190.900000,1909,,,15.9276,,,0.0454,0.2575,0.94550,0.0000,0x00,2,39,3,,8163,4813,0,0.69326,,,0.94550,0.15000,1.50188021e-05,0.00294564428,,,,0,,,,,,
191.000000,1910,,,15.9271,,,0.0463,0.2625,0.93651,0.0000,0x00,2,39,3,,8163,4813,0,0.69326,,,0.93651,0.15000,1.53110249e-05,0.00294717539,,,,0,,,,,,
191.100000,1911,,,15.9266,,,0.0474,0.2686,0.93386,0.0000,0x00,2,39,3,,8163,4813,0,0.69326,,,0.93386,0.15000,1.56636582e-05,0.00294874175,,,,0,,,,,,
191.200000,1912,,,15.9267,,,0.0473,0.2681,0.93122,0.0000,0x00,2,39,3,,8163,4813,0,0.69325,,,0.93122,0.15000,1.56355522e-05,0.00295030531,,,,0,,,,,,
191.300000,1913,,,15.9267,,,0.0472,0.2676,0.92857,0.0000,0x00,2,39,3,,8163,4813,0,0.69325,,,0.92857,0.15000,1.56074736e-05,0.00295186605,,,,0,,,,,,
191.400000,1914,,,15.9267,,,0.0471,0.2671,0.92593,0.0000,0x00,2,39,3,,8163,4813,0,0.69325,,,0.92593,0.15000,1.55794223e-05,0.002953424,,,,0,,,,,,
191.500000,1915,,,15.9268,,,0.0471,0.2667,0.92328,0.0000,0x00,2,39,3,,8163,4813,0,0.69324,,,0.92328,0.15000,1.55513983e-05,0.00295497914,,,,0,,,,,,
191.600000,1916,,,15.9268,,,0.0470,0.2662,0.92063,0.0000,0x00,2,39,3,,8163,4813,0,0.69324,,,0.92063,0.15000,1.55234017e-05,0.00295653148,,,,0,,,,,,
191.700000,1917,,,15.9269,,,0.0469,0.2657,0.91799,0.0000,0x00,2,39,3,,8163,4813,0,0.69324,,,0.91799,0.15000,1.54954325e-05,0.00295808102,,,,0,,,,,,
191.800000,1918,,,15.9269,,,0.0468,0.2652,0.91534,0.0000,0x00,2,39,3,,8163,4813,0,0.69323,,,0.91534,0.15000,1.54674906e-05,0.00295962777,,,,0,,,,,,
191.900000,1919,,,15.9270,,,0.0467,0.2647,0.91270,0.0000,0x00,2,39,3,,8163,4813,0,0.69323,,,0.91270,0.15000,1.54395761e-05,0.00296117173,,,,0,,,,,,
192.000000,1920,,,15.9263,,,0.0479,0.2717,0.91005,0.0000,0x00,2,39,3,,8163,4813,0,0.69322,,,0.91005,0.15000,1.58433678e-05,0.00296275606,,,,0,,,,,,
192.100000,1921,,,15.9256,,,0.0494,0.2800,0.91481,0.0000,0x00,2,39,3,,8163,4813,0,0.69322,,,0.91481,0.15000,1.63297809e-05,0.00296438904,,,,0,,,,,,
192.200000,1922,,,15.9255,,,0.0496,0.2810,0.91958,0.0000,0x00,2,39,3,,8163,4813,0,0.69322,,,0.91958,0.15000,1.63846037e-05,0.0029660275,,,,0,,,,,,
192.300000,1923,,,15.9255,,,0.0497,0.2819,0.92434,0.0000,0x00,2,39,3,,8163,4813,0,0.69321,,,0.92434,0.15000,1.64395152e-05,0.00296767145,,,,0,,,,,,
192.400000,1924,,,15.9254,,,0.0499,0.2829,0.92910,0.0000,0x00,2,39,3,,8163,4813,0,0.69321,,,0.92910,0.15000,1.64945152e-05,0.0029693209,,,,0,,,,,,
192.500000,1925,,,15.9253,,,0.0501,0.2838,0.93386,0.0000,0x00,2,39,3,,8163,4813,0,0.69321,,,0.93386,0.15000,1.65496039e-05,0.00297097586,,,,0,,,,,,
192.600000,1926,,,15.9252,,,0.0502,0.2847,0.93862,0.0000,0x00,2,39,3,,8163,4813,0,0.69320,,,0.93862,0.15000,1.66047812e-05,0.00297263634,,,,0,,,,,,
192.700000,1927,,,15.9251,,,0.0504,0.2857,0.94339,0.0000,0x00,2,39,3,,8163,4813,0,0.69320,,,0.94339,0.15000,1.66600471e-05,0.00297430235,,,,0,,,,,,
192.800000,1928,,,15.9250,,,0.0506,0.2866,0.94815,0.0000,0x00,2,39,3,,8163,4813,0,0.69319,,,0.94815,0.15000,1.67154016e-05,0.00297597389,,,,0,,,,,,
192.900000,1929,,,15.9250,,,0.0508,0.2876,0.95291,0.0000,0x00,2,39,3,,8163,4813,0,0.69319,,,0.95291,0.15000,1.67708447e-05,0.00297765097,,,,0,,,,,,
193.000000,1930,,,15.9251,,,0.0505,0.2863,0.95767,0.0000,0x00,2,39,3,,8163,4813,0,0.69319,,,0.95767,0.15000,1.6696586e-05,0.00297932063,,,,0,,,,,,
193.100000,1931,,,15.9252,,,0.0502,0.2846,0.96032,0.0000,0x00,2,39,3,,8163,4813,0,0.69318,,,0.96032,0.15000,1.65969677e-05,0.00298098033,,,,0,,,,,,
193.200000,1932,,,15.9252,,,0.0503,0.2851,0.96296,0.0000,0x00,2,39,3,,8163,4813,0,0.69318,,,0.96296,0.15000,1.66271672e-05,0.00298264304,,,,0,,,,,,
193.300000,1933,,,15.9251,,,0.0504,0.2856,0.96561,0.0000,0x00,2,39,3,,8163,4813,0,0.69318,,,0.96561,0.15000,1.66573941e-05,0.00298430878,,,,0,,,,,,
193.400000,1934,,,15.9251,,,0.0505,0.2862,0.96825,0.0000,0x00,2,39,3,,8163,4813,0,0.69317,,,0.96825,0.15000,1.66876484e-05,0.00298597755,,,,0,,,,,,
193.500000,1935,,,15.9250,,,0.0506,0.2867,0.97090,0.0000,0x00,2,39,3,,8163,4813,0,0.69317,,,0.97090,0.15000,1.671793e-05,0.00298764934,,,,0,,,,,,
193.600000,1936,,,15.9250,,,0.0507,0.2872,0.97354,0.0000,0x00,2,39,3,,8163,4813,0,0.69316,,,0.97354,0.15000,1.67482389e-05,0.00298932417,,,,0,,,,,,
193.700000,1937,,,15.9250,,,0.0508,0.2877,0.97619,0.0000,0x00,2,39,3,,8163,4813,0,0.69316,,,0.97619,0.15000,1.67785752e-05,0.00299100202,,,,0,,,,,,
193.800000,1938,,,15.9249,,,0.0509,0.2883,0.97884,0.0000,0x00,2,39,3,,8163,4813,0,0.69316,,,0.97884,0.15000,1.68089389e-05,0.00299268292,,,,0,,,,,,
193.900000,1939,,,15.9249,,,0.0510,0.2888,0.98148,0.0000,0x00,2,39,3,,8163,4813,0,0.69315,,,0.98148,0.15000,1.68393299e-05,0.00299436685,,,,0,,,,,,
194.000000,1940,,,15.9244,,,0.0520,0.2944,0.98413,0.0000,0x00,2,39,3,,8163,4813,0,0.69315,,,0.98413,0.15000,1.71698439e-05,0.00299608383,,,,0,,,,,,
194.100000,1941,,,15.9238,,,0.0531,0.3011,0.99153,0.0000,0x00,2,39,3,,8163,4813,0,0.69314,,,0.99153,0.15000,1.7559774e-05,0.00299783981,,,,0,,,,,,
194.200000,1942,,,15.9236,,,0.0534,0.3027,0.99894,0.0000,0x00,2,39,3,,8163,4813,0,0.69314,,,0.99894,0.15000,1.76498229e-05,0.00299960479,,,,0,,,,,,
194.300000,1943,,,15.9235,,,0.0537,0.3042,1.00635,0.0000,0x00,2,39,3,,8163,4813,0,0.69314,,,1.00635,0.15000,1.77400862e-05,0.0030013788,,,,0,,,,,,
194.400000,1944,,,15.9234,,,0.0540,0.3058,1.01376,0.0000,0x00,2,39,3,,8163,4813,0,0.69313,,,1.01376,0.15000,1.7830564e-05,0.00300316186,,,,0,,,,,,
194.500000,1945,,,15.9232,,,0.0542,0.3074,1.02116,0.0000,0x00,2,39,3,,8163,4813,0,0.69313,,,1.02116,0.15000,1.79212562e-05,0.00300495398,,,,0,,,,,,
194.600000,1946,,,15.9231,,,0.0545,0.3089,1.02857,0.0000,0x00,2,39,3,,8163,4813,0,0.69312,,,1.02857,0.15000,1.80121628e-05,0.0030067552,,,,0,,,,,,
194.700000,1947,,,15.9230,,,0.0548,0.3105,1.03598,0.0000,0x00,2,39,3,,8163,4813,0,0.69312,,,1.03598,0.15000,1.81032839e-05,0.00300856553,,,,0,,,,,,
194.800000,1948,,,15.9228,,,0.0551,0.3121,1.04339,0.0000,0x00,2,39,3,,8163,4813,0,0.69312,,,1.04339,0.15000,1.81946193e-05,0.00301038499,,,,0,,,,,,
194.900000,1949,,,15.9227,,,0.0553,0.3136,1.05079,0.0000,0x00,2,39,3,,8163,4813,0,0.69311,,,1.05079,0.15000,1.82861693e-05,0.00301221361,,,,0,,,,,,
195.000000,1950,,,15.9221,,,0.0565,0.3201,1.05820,0.0000,0x00,2,39,3,,8163,4813,0,0.69311,,,1.05820,0.15000,1.86647634e-05,0.00301408008,,,,0,,,,,,
195.100000,1951,,,15.9215,,,0.0578,0.3277,1.06984,0.0000,0x00,2,39,3,,8163,4813,0,0.69310,,,1.06984,0.15000,1.91025377e-05,0.00301599034,,,,0,,,,,,
195.200000,1952,,,15.9212,,,0.0583,0.3303,1.08148,0.0000,0x00,2,39,3,,8163,4813,0,0.69310,,,1.08148,0.15000,1.92540118e-05,0.00301791574,,,,0,,,,,,
195.300000,1953,,,15.9210,,,0.0587,0.3329,1.09312,0.0000,0x00,2,39,3,,8163,4813,0,0.69309,,,1.09312,0.15000,1.94060155e-05,0.00301985634,,,,0,,,,,,
195.400000,1954,,,15.9208,,,0.0592,0.3355,1.10476,0.0000,0x00,2,39,3,,8163,4813,0,0.69309,,,1.10476,0.15000,1.95585487e-05,0.0030218122,,,,0,,,,,,
195.500000,1955,,,15.9206,,,0.0597,0.3381,1.11640,0.0000,0x00,2,39,3,,8163,4813,0,0.69309,,,1.11640,0.15000,1.97116113e-05,0.00302378336,,,,0,,,,,,
195.600000,1956,,,15.9203,,,0.0601,0.3408,1.12804,0.0000,0x00,2,39,3,,8163,4813,0,0.69308,,,1.12804,0.15000,1.98652035e-05,0.00302576988,,,,0,,,,,,
195.700000,1957,,,15.9201,,,0.0606,0.3434,1.13968,0.0000,0x00,2,39,3,,8163,4813,0,0.69308,,,1.13968,0.15000,2.00193253e-05,0.00302777181,,,,0,,,,,,
195.800000,1958,,,15.9199,,,0.0611,0.3461,1.15132,0.0000,0x00,2,39,3,,8163,4813,0,0.69307,,,1.15132,0.15000,2.01739765e-05,0.00302978921,,,,0,,,,,,
195.900000,1959,,,15.9196,,,0.0615,0.3487,1.16296,0.0000,0x00,2,39,3,,8163,4813,0,0.69307,,,1.16296,0.15000,2.03291572e-05,0.00303182212,,,,0,,,,,,
196.000000,1960,,,15.9193,,,0.0621,0.3521,1.17460,0.0000,0x00,2,39,3,,8163,4813,0,0.69306,,,1.17460,0.15000,2.05246651e-05,0.00303387459,,,,0,,,,,,
196.100000,1961,,,15.9190,,,0.0628,0.3556,1.18677,0.0000,0x00,2,39,3,,8163,4813,0,0.69306,,,1.18677,0.15000,2.07286416e-05,0.00303594745,,,,0,,,,,,
196.200000,1962,,,15.9188,,,0.0633,0.3584,1.19894,0.0000,0x00,2,39,3,,8163,4813,0,0.69305,,,1.19894,0.15000,2.08933991e-05,0.00303803679,,,,0,,,,,,
196.300000,1963,,,15.9185,,,0.0638,0.3613,1.21111,0.0000,0x00,2,39,3,,8163,4813,0,0.69305,,,1.21111,0.15000,2.10587354e-05,0.00304014267,,,,0,,,,,,
196.400000,1964,,,15.9183,,,0.0643,0.3641,1.22328,0.0000,0x00,2,39,3,,8163,4813,0,0.69304,,,1.22328,0.15000,2.12246505e-05,0.00304226513,,,,0,,,,,,
196.500000,1965,,,15.9181,,,0.0648,0.3670,1.23545,0.0000,0x00,2,39,3,,8163,4813,0,0.69304,,,1.23545,0.15000,2.13911443e-05,0.00304440425,,,,0,,,,,,
196.600000,1966,,,15.9178,,,0.0653,0.3699,1.24762,0.0000,0x00,2,39,3,,8163,4813,0,0.69303,,,1.24762,0.15000,2.15582168e-05,0.00304656007,,,,0,,,,,,
196.700000,1967,,,15.9175,,,0.0658,0.3727,1.25979,0.0000,0x00,2,39,3,,8163,4813,0,0.69303,,,1.25979,0.15000,2.17258681e-05,0.00304873266,,,,0,,,,,,
196.800000,1968,,,15.9173,,,0.0663,0.3756,1.27196,0.0000,0x00,2,39,3,,8163,4813,0,0.69302,,,1.27196,0.15000,2.18940982e-05,0.00305092206,,,,0,,,,,,
196.900000,1969,,,15.9170,,,0.0668,0.3785,1.28413,0.0000,0x00,2,39,3,,8163,4813,0,0.69302,,,1.28413,0.15000,2.2062907e-05,0.00305312836,,,,0,,,,,,
197.000000,1970,,,15.9165,,,0.0680,0.3852,1.29630,0.0000,0x00,2,39,3,,8163,4813,0,0.69301,,,1.29630,0.15000,2.24518984e-05,0.00305537355,,,,0,,,,,,
197.100000,1971,,,15.9158,,,0.0693,0.3926,1.31111,0.0000,0x00,2,39,3,,8163,4813,0,0.69301,,,1.31111,0.15000,2.28835139e-05,0.0030576619,,,,0,,,,,,
197.200000,1972,,,15.9155,,,0.0699,0.3963,1.32593,0.0000,0x00,2,39,3,,8163,4813,0,0.69300,,,1.32593,0.15000,2.30963832e-05,0.00305997154,,,,0,,,,,,
197.300000,1973,,,15.9152,,,0.0706,0.4000,1.34074,0.0000,0x00,2,39,3,,8163,4813,0,0.69300,,,1.34074,0.15000,2.33101103e-05,0.00306230255,,,,0,,,,,,
197.400000,1974,,,15.9149,,,0.0712,0.4037,1.35556,0.0000,0x00,2,39,3,,8163,4813,0,0.69299,,,1.35556,0.15000,2.35246951e-05,0.00306465502,,,,0,,,,,,
197.500000,1975,,,15.9145,,,0.0719,0.4074,1.37037,0.0000,0x00,2,39,3,,8163,4813,0,0.69299,,,1.37037,0.15000,2.37401376e-05,0.00306702903,,,,0,,,,,,
197.600000,1976,,,15.9142,,,0.0725,0.4111,1.38519,0.0000,0x00,2,39,3,,8163,4813,0,0.69298,,,1.38519,0.15000,2.39564378e-05,0.00306942467,,,,0,,,,,,
197.700000,1977,,,15.9139,,,0.0732,0.4148,1.40000,0.0000,0x00,2,39,3,,8163,4813,0,0.69298,,,1.40000,0.15000,2.41735957e-05,0.00307184203,,,,0,,,,,,
197.800000,1978,,,15.9136,,,0.0739,0.4186,1.41481,0.0000,0x00,2,39,3,,8163,4813,0,0.69297,,,1.41481,0.15000,2.43916114e-05,0.00307428119,,,,0,,,,,,
197.900000,1979,,,15.9132,,,0.0745,0.4223,1.42963,0.0000,0x00,2,39,3,,8163,4813,0,0.69297,,,1.42963,0.15000,2.46104848e-05,0.00307674224,,,,0,,,,,,
198.000000,1980,,,15.9126,,,0.0758,0.4295,1.44444,0.0000,0x00,2,39,3,,8163,4813,0,0.69296,,,1.44444,0.15000,2.50259771e-05,0.00307924484,,,,0,,,,,,
198.100000,1981,,,15.9119,,,0.0772,0.4373,1.46138,0.0000,0x00,2,39,3,,8163,4813,0,0.69295,,,1.46138,0.15000,2.54784991e-05,0.00308179269,,,,0,,,,,,
198.200000,1982,,,15.9115,,,0.0779,0.4417,1.47831,0.0000,0x00,2,39,3,,8163,4813,0,0.69295,,,1.47831,0.15000,2.57363802e-05,0.00308436633,,,,0,,,,,,
198.300000,1983,,,15.9112,,,0.0787,0.4462,1.49524,0.0000,0x00,2,39,3,,8163,4813,0,0.69294,,,1.49524,0.15000,2.59953817e-05,0.00308696587,,,,0,,,,,,
198.400000,1984,,,15.9108,,,0.0795,0.4506,1.51217,0.0000,0x00,2,39,3,,8163,4813,0,0.69294,,,1.51217,0.15000,2.62555034e-05,0.00308959142,,,,0,,,,,,
198.500000,1985,,,15.9104,,,0.0803,0.4551,1.52910,0.0000,0x00,2,39,3,,8163,4813,0,0.69293,,,1.52910,0.15000,2.65167454e-05,0.00309224309,,,,0,,,,,,
198.600000,1986,,,15.9100,,,0.0811,0.4597,1.54603,0.0000,0x00,2,39,3,,8163,4813,0,0.69292,,,1.54603,0.15000,2.67791078e-05,0.003094921,,,,0,,,,,,
198.700000,1987,,,15.9096,,,0.0819,0.4642,1.56296,0.0000,0x00,2,39,3,,8163,4813,0,0.69292,,,1.56296,0.15000,2.70425904e-05,0.00309762526,,,,0,,,,,,
198.800000,1988,,,15.9092,,,0.0827,0.4687,1.57989,0.0000,0x00,2,39,3,,8163,4813,0,0.69291,,,1.57989,0.15000,2.73071933e-05,0.00310035598,,,,0,,,,,,
198.900000,1989,,,15.9088,,,0.0835,0.4733,1.59683,0.0000,0x00,2,39,3,,8163,4813,0,0.69291,,,1.59683,0.15000,2.75729166e-05,0.00310311327,,,,0,,,,,,
199.000000,1990,,,15.9086,,,0.0840,0.4760,1.61376,0.0000,0x00,2,39,3,,8163,4813,0,0.69290,,,1.61376,0.15000,2.77304064e-05,0.00310588631,,,,0,,,,,,
199.100000,1991,,,15.9083,,,0.0844,0.4784,1.62963,0.0000,0x00,2,39,3,,8163,4813,0,0.69289,,,1.62963,0.15000,2.78700847e-05,0.00310867332,,,,0,,,,,,
199.200000,1992,,,15.9080,,,0.0852,0.4827,1.64550,0.0000,0x00,2,39,3,,8163,4813,0,0.69289,,,1.64550,0.15000,2.81201014e-05,0.00311148533,,,,0,,,,,,
199.300000,1993,,,15.9076,,,0.0860,0.4871,1.66138,0.0000,0x00,2,39,3,,8163,4813,0,0.69288,,,1.66138,0.15000,2.83711027e-05,0.00311432244,,,,0,,,,,,
199.400000,1994,,,15.9072,,,0.0867,0.4914,1.67725,0.0000,0x00,2,39,3,,8163,4813,0,0.69287,,,1.67725,0.15000,2.86230887e-05,0.00311718475,,,,0,,,,,,
199.500000,1995,,,15.9068,,,0.0875,0.4957,1.69312,0.0000,0x00,2,39,3,,8163,4813,0,0.69287,,,1.69312,0.15000,2.88760592e-05,0.00312007236,,,,0,,,,,,
199.600000,1996,,,15.9065,,,0.0883,0.5001,1.70899,0.0000,0x00,2,39,3,,8163,4813,0,0.69286,,,1.70899,0.15000,2.91300145e-05,0.00312298536,,,,0,,,,,,
199.700000,1997,,,15.9061,,,0.0890,0.5045,1.72487,0.0000,0x00,2,39,3,,8163,4813,0,0.69285,,,1.72487,0.15000,2.93849543e-05,0.00312592385,,,,0,,,,,,
199.800000,1998,,,15.9057,,,0.0898,0.5089,1.74074,0.0000,0x00,2,39,3,,8163,4813,0,0.69285,,,1.74074,0.15000,2.96408788e-05,0.00312888794,,,,0,,,,,,
199.900000,1999,,,15.9053,,,0.2726,0.3314,1.75661,0.0000,0x00,2,39,3,,5324,5308,0,0.69284,,,1.75661,0.15000,8.99572025e-05,0.00313788366,,,,0,,,,,,
200.000000,2000,,,15.9052,,,0.3002,0.3054,1.77249,0.0000,0x00,2,39,3,,5327,5305,0,0.69284,,,1.77249,0.15000,9.90600496e-05,0.00314778967,,,,0,,,,,,
200.100000,2001,,,15.9051,,,0.3001,0.3064,1.78677,0.0000,0x00,2,39,3,,5329,5303,0,0.69283,,,1.78677,0.15000,9.90414051e-05,0.00315769381,,,,0,,,,,,
200.200000,2002,,,15.9048,,,0.3004,0.3108,1.80106,0.0000,0x00,2,39,3,,5338,5294,0,0.69283,,,1.80106,0.15000,9.91515807e-05,0.00316760896,,,,0,,,,,,
200.300000,2003,,,15.9044,,,0.3004,0.3154,1.81534,0.0000,0x00,2,39,3,,5348,5285,0,0.69282,,,1.81534,0.15000,9.914948e-05,0.00317752391,,,,0,,,,,,
200.400000,2004,,,15.9041,,,0.3004,0.3202,1.82963,0.0000,0x00,2,39,3,,5358,5277,0,0.69282,,,1.82963,0.15000,9.91467155e-05,0.00318743858,,,,0,,,,,,
200.500000,2005,,,15.9037,,,0.3004,0.3249,1.84392,0.0000,0x00,2,39,3,,5367,5268,0,0.69281,,,1.84392,0.15000,9.9143945e-05,0.00319735298,,,,0,,,,,,
200.600000,2006,,,15.9034,,,0.3004,0.3296,1.85820,0.0000,0x00,2,39,3,,5377,5260,0,0.69281,,,1.85820,0.15000,9.91411722e-05,0.0032072671,,,,0,,,,,,
200.700000,2007,,,15.9030,,,0.3004,0.3344,1.87249,0.0000,0x00,2,39,3,,5386,5252,0,0.69281,,,1.87249,0.15000,9.9138397e-05,0.00321718094,,,,0,,,,,,
200.800000,2008,,,15.9027,,,0.3004,0.3392,1.88677,0.0000,0x00,2,39,3,,5396,5245,0,0.69280,,,1.88677,0.15000,9.91356193e-05,0.0032270945,,,,0,,,,,,
200.900000,2009,,,15.9023,,,0.3004,0.3440,1.90106,0.0000,0x00,2,39,3,,5406,5237,0,0.69280,,,1.90106,0.15000,9.91328392e-05,0.00323700778,,,,0,,,,,,
201.000000,2010,,,15.9035,,,0.2986,0.3296,1.91534,0.0000,0x00,2,39,3,,5373,5263,0,0.69279,,,1.91534,0.15000,9.85236059e-05,0.00324686014,,,,0,,,,,,
201.100000,2011,,,15.9049,,,0.2982,0.3107,1.92116,0.0000,0x00,2,39,3,,5334,5298,0,0.69279,,,1.92116,0.15000,9.84252344e-05,0.00325670267,,,,0,,,,,,
201.200000,2012,,,15.9048,,,0.3002,0.3106,1.92698,0.0000,0x00,2,39,3,,5338,5295,0,0.69278,,,1.92698,0.15000,9.90607926e-05,0.00326660874,,,,0,,,,,,
201.300000,2013,,,15.9047,,,0.3002,0.3125,1.93280,0.0000,0x00,2,39,3,,5341,5291,0,0.69278,,,1.93280,0.15000,9.90636784e-05,0.00327651511,,,,0,,,,,,
201.400000,2014,,,15.9045,,,0.3002,0.3143,1.93862,0.0000,0x00,2,39,3,,5345,5288,0,0.69278,,,1.93862,0.15000,9.9062765e-05,0.00328642139,,,,0,,,,,,
201.500000,2015,,,15.9044,,,0.3002,0.3161,1.94444,0.0000,0x00,2,39,3,,5349,5284,0,0.69277,,,1.94444,0.15000,9.90618282e-05,0.00329632757,,,,0,,,,,,
201.600000,2016,,,15.9043,,,0.3002,0.3180,1.95026,0.0000,0x00,2,39,3,,5353,5281,0,0.69277,,,1.95026,0.15000,9.90608902e-05,0.00330623366,,,,0,,,,,,
201.700000,2017,,,15.9041,,,0.3002,0.3198,1.95608,0.0000,0x00,2,39,3,,5356,5278,0,0.69276,,,1.95608,0.15000,9.90599513e-05,0.00331613966,,,,0,,,,,,
201.800000,2018,,,15.9040,,,0.3002,0.3217,1.96190,0.0000,0x00,2,39,3,,5360,5274,0,0.69276,,,1.96190,0.15000,9.90590115e-05,0.00332604556,,,,0,,,,,,
201.900000,2019,,,15.9038,,,0.3002,0.3236,1.96772,0.0000,0x00,2,39,3,,5364,5271,0,0.69275,,,1.96772,0.15000,9.90580706e-05,0.00333595136,,,,0,,,,,,
202.000000,2020,,,15.9028,,,0.3013,0.3365,1.97354,0.0000,0x00,2,39,3,,5392,5248,0,0.69275,,,1.97354,0.15000,9.94123638e-05,0.0033458926,,,,0,,,,,,
202.100000,2021,,,15.9016,,,0.3014,0.3521,1.98413,0.0000,0x00,2,39,3,,5424,5224,0,0.69275,,,1.98413,0.15000,9.94456856e-05,0.00335583717,,,,0,,,,,,
202.200000,2022,,,15.9014,,,0.3003,0.3567,1.99471,0.0000,0x00,2,39,3,,5432,5218,0,0.69274,,,1.99471,0.15000,9.90899894e-05,0.00336574617,,,,0,,,,,,
202.300000,2023,,,15.9011,,,0.3003,0.3602,2.00529,0.0000,0x00,2,39,3,,5439,5213,0,0.69274,,,2.00529,0.15000,9.90860084e-05,0.00337565477,,,,0,,,,,,
202.400000,2024,,,15.9009,,,0.3003,0.3638,2.01587,0.0000,0x00,2,39,3,,5446,5208,0,0.69273,,,2.01587,0.15000,9.90840768e-05,0.00338556318,,,,0,,,,,,
202.500000,2025,,,15.9006,,,0.3003,0.3673,2.02646,0.0000,0x00,2,39,3,,5453,5203,0,0.69273,,,2.02646,0.15000,9.90821548e-05,0.00339547139,,,,0,,,,,,
202.600000,2026,,,15.9003,,,0.3003,0.3709,2.03704,0.0000,0x00,2,39,3,,5460,5199,0,0.69272,,,2.03704,0.15000,9.90802304e-05,0.00340537942,,,,0,,,,,,
202.700000,2027,,,15.9001,,,0.3003,0.3745,2.04762,0.0000,0x00,2,39,3,,5468,5194,0,0.69272,,,2.04762,0.15000,9.90783036e-05,0.00341528725,,,,0,,,,,,
202.800000,2028,,,15.8998,,,0.3003,0.3781,2.05820,0.0000,0x00,2,39,3,,5475,5189,0,0.69271,,,2.05820,0.15000,9.90763743e-05,0.00342519488,,,,0,,,,,,
202.900000,2029,,,15.8995,,,0.3003,0.3817,2.06878,0.0000,0x00,2,39,3,,5482,5185,0,0.69271,,,2.06878,0.15000,9.90744425e-05,0.00343510233,,,,0,,,,,,
203.000000,2030,,,15.9001,,,0.2993,0.3748,2.07937,0.0000,0x00,2,39,3,,5467,5195,0,0.69270,,,2.07937,0.15000,9.87635778e-05,0.00344497869,,,,0,,,,,,
203.100000,2031,,,15.9008,,,0.2992,0.3656,2.08571,0.0000,0x00,2,39,3,,5448,5207,0,0.69270,,,2.08571,0.15000,9.87212074e-05,0.00345485081,,,,0,,,,,,
203.200000,2032,,,15.9006,,,0.3002,0.3667,2.09206,0.0000,0x00,2,39,3,,5452,5204,0,0.69269,,,2.09206,0.15000,9.90394301e-05,0.00346475475,,,,0,,,,,,
203.300000,2033,,,15.9005,,,0.3002,0.3688,2.09841,0.0000,0x00,2,39,3,,5456,5202,0,0.69269,,,2.09841,0.15000,9.90402673e-05,0.00347465878,,,,0,,,,,,
203.400000,2034,,,15.9003,,,0.3002,0.3709,2.10476,0.0000,0x00,2,39,3,,5460,5199,0,0.69268,,,2.10476,0.15000,9.90392143e-05,0.0034845627,,,,0,,,,,,
203.500000,2035,,,15.9002,,,0.3002,0.3730,2.11111,0.0000,0x00,2,39,3,,5465,5196,0,0.69268,,,2.11111,0.15000,9.9038149e-05,0.00349446651,,,,0,,,,,,
203.600000,2036,,,15.9000,,,0.3002,0.3751,2.11746,0.0000,0x00,2,39,3,,5469,5193,0,0.69267,,,2.11746,0.15000,9.90370824e-05,0.00350437022,,,,0,,,,,,
203.700000,2037,,,15.8999,,,0.3002,0.3773,2.12381,0.0000,0x00,2,39,3,,5473,5191,0,0.69267,,,2.12381,0.15000,9.90360146e-05,0.00351427382,,,,0,,,,,,
203.800000,2038,,,15.8997,,,0.3002,0.3794,2.13016,0.0000,0x00,2,39,3,,5477,5188,0,0.69266,,,2.13016,0.15000,9.90349457e-05,0.00352417732,,,,0,,,,,,
203.900000,2039,,,15.8996,,,0.3002,0.3815,2.13651,0.0000,0x00,2,39,3,,5482,5185,0,0.69266,,,2.13651,0.15000,9.90338755e-05,0.0035340807,,,,0,,,,,,
204.000000,2040,,,15.8990,,,0.3007,0.3890,2.14286,0.0000,0x00,2,39,3,,5498,5175,0,0.69265,,,2.14286,0.15000,9.91903248e-05,0.00354399974,,,,0,,,,,,
204.100000,2041,,,15.8983,,,0.3007,0.3977,2.15132,0.0000,0x00,2,39,3,,5516,5165,0,0.69265,,,2.15132,0.15000,9.92050367e-05,0.00355392024,,,,0,,,,,,
204.200000,2042,,,15.8981,,,0.3002,0.4011,2.15979,0.0000,0x00,2,39,3,,5522,5162,0,0.69264,,,2.15979,0.15000,9.9044779e-05,0.00356382472,,,,0,,,,,,
204.300000,2043,,,15.8979,,,0.3002,0.4040,2.16825,0.0000,0x00,2,39,3,,5528,5158,0,0.69264,,,2.16825,0.15000,9.90423476e-05,0.00357372895,,,,0,,,,,,
204.400000,2044,,,15.8977,,,0.3002,0.4069,2.17672,0.0000,0x00,2,39,3,,5534,5155,0,0.69263,,,2.17672,0.15000,9.90408409e-05,0.00358363304,,,,0,,,,,,
204.500000,2045,,,15.8975,,,0.3002,0.4098,2.18519,0.0000,0x00,2,39,3,,5539,5152,0,0.69262,,,2.18519,0.15000,9.90393378e-05,0.00359353697,,,,0,,,,,,
204.600000,2046,,,15.8972,,,0.3002,0.4127,2.19365,0.0000,0x00,2,39,3,,5545,5149,0,0.69262,,,2.19365,0.15000,9.90378327e-05,0.00360344075,,,,0,,,,,,
204.700000,2047,,,15.8970,,,0.3002,0.4156,2.20212,0.0000,0x00,2,39,3,,5551,5146,0,0.69261,,,2.20212,0.15000,9.90363258e-05,0.00361334439,,,,0,,,,,,
204.800000,2048,,,15.8968,,,0.3002,0.4186,2.21058,0.0000,0x00,2,39,3,,5557,5143,0,0.69261,,,2.21058,0.15000,9.90348169e-05,0.00362324787,,,,0,,,,,,
204.900000,2049,,,15.8966,,,0.3002,0.4215,2.21905,0.0000,0x00,2,39,3,,5563,5140,0,0.69260,,,2.21905,0.15000,9.90333061e-05,0.0036331512,,,,0,,,,,,
205.000000,2050,,,15.8966,,,0.3000,0.4216,2.22751,0.0000,0x00,2,39,3,,5563,5140,0,0.69260,,,2.22751,0.15000,9.89540892e-05,0.00364304661,,,,0,,,,,,
205.100000,2051,,,15.8966,,,0.3000,0.4211,2.23492,0.0000,0x00,2,39,3,,5562,5140,0,0.69259,,,2.23492,0.15000,9.89439438e-05,0.003652941,,,,0,,,,,,
205.200000,2052,,,15.8965,,,0.3002,0.4234,2.24233,0.0000,0x00,2,39,3,,5567,5138,0,0.69259,,,2.24233,0.15000,9.90220343e-05,0.00366284321,,,,0,,,,,,
205.300000,2053,,,15.8963,,,0.3002,0.4260,2.24974,0.0000,0x00,2,39,3,,5572,5135,0,0.69258,,,2.24974,0.15000,9.9021203e-05,0.00367274533,,,,0,,,,,,
205.400000,2054,,,15.8961,,,0.3002,0.4286,2.25714,0.0000,0x00,2,39,3,,5578,5132,0,0.69257,,,2.25714,0.15000,9.90199035e-05,0.00368264732,,,,0,,,,,,
205.500000,2055,,,15.8959,,,0.3002,0.4311,2.26455,0.0000,0x00,2,39,3,,5583,5130,0,0.69257,,,2.26455,0.15000,9.90185997e-05,0.00369254918,,,,0,,,,,,
205.600000,2056,,,15.8957,,,0.3002,0.4337,2.27196,0.0000,0x00,2,39,3,,5588,5127,0,0.69256,,,2.27196,0.15000,9.90172943e-05,0.00370245091,,,,0,,,,,,
205.700000,2057,,,15.8955,,,0.3002,0.4363,2.27937,0.0000,0x00,2,39,3,,5593,5125,0,0.69256,,,2.27937,0.15000,9.90159873e-05,0.0037123525,,,,0,,,,,,
205.800000,2058,,,15.8953,,,0.3002,0.4389,2.28677,0.0000,0x00,2,39,3,,5598,5122,0,0.69255,,,2.28677,0.15000,9.90146787e-05,0.00372225397,,,,0,,,,,,
205.900000,2059,,,15.8951,,,0.3002,0.4415,2.29418,0.0000,0x00,2,39,3,,5604,5120,0,0.69255,,,2.29418,0.15000,9.90133685e-05,0.00373215531,,,,0,,,,,,
206.000000,2060,,,15.8947,,,0.3004,0.4470,2.30159,0.0000,0x00,2,39,3,,5615,5115,0,0.69254,,,2.30159,0.15000,9.90898576e-05,0.00374206429,,,,0,,,,,,
206.100000,2061,,,15.8942,,,0.3005,0.4531,2.31005,0.0000,0x00,2,39,3,,5628,5109,0,0.69253,,,2.31005,0.15000,9.9096276e-05,0.00375197392,,,,0,,,,,,
206.200000,2062,,,15.8940,,,0.3002,0.4563,2.31852,0.0000,0x00,2,39,3,,5634,5106,0,0.69253,,,2.31852,0.15000,9.90158737e-05,0.00376187551,,,,0,,,,,,
206.300000,2063,,,15.8938,,,0.3002,0.4593,2.32698,0.0000,0x00,2,39,3,,5640,5104,0,0.69252,,,2.32698,0.15000,9.90138736e-05,0.0037717769,,,,0,,,,,,
206.400000,2064,,,15.8936,,,0.3002,0.4623,2.33545,0.0000,0x00,2,39,3,,5646,5101,0,0.69251,,,2.33545,0.15000,9.90123329e-05,0.00378167813,,,,0,,,,,,
206.500000,2065,,,15.8933,,,0.3002,0.4654,2.34392,0.0000,0x00,2,39,3,,5652,5099,0,0.69251,,,2.34392,0.15000,9.90107929e-05,0.00379157921,,,,0,,,,,,
206.600000,2066,,,15.8931,,,0.3002,0.4684,2.35238,0.0000,0x00,2,39,3,,5659,5096,0,0.69250,,,2.35238,0.15000,9.90092508e-05,0.00380148013,,,,0,,,,,,
206.700000,2067,,,15.8929,,,0.3002,0.4714,2.36085,0.0000,0x00,2,39,3,,5665,5094,0,0.69250,,,2.36085,0.15000,9.90077068e-05,0.00381138091,,,,0,,,,,,
206.800000,2068,,,15.8927,,,0.3002,0.4744,2.36931,0.0000,0x00,2,39,3,,5671,5091,0,0.69249,,,2.36931,0.15000,9.90061607e-05,0.00382128152,,,,0,,,,,,
206.900000,2069,,,15.8925,,,0.3002,0.4775,2.37778,0.0000,0x00,2,39,3,,5677,5089,0,0.69248,,,2.37778,0.15000,9.90046126e-05,0.00383118198,,,,0,,,,,,
207.000000,2070,,,15.8931,,,0.2994,0.4699,2.38624,0.0000,0x00,2,39,3,,5660,5096,0,0.69248,,,2.38624,0.15000,9.87314679e-05,0.00384105513,,,,0,,,,,,
207.100000,2071,,,15.8938,,,0.2993,0.4602,2.39101,0.0000,0x00,2,39,3,,5640,5104,0,0.69247,,,2.39101,0.15000,9.86983103e-05,0.00385092496,,,,0,,,,,,
207.200000,2072,,,15.8937,,,0.3001,0.4610,2.39577,0.0000,0x00,2,39,3,,5643,5103,0,0.69246,,,2.39577,0.15000,9.89783154e-05,0.00386082279,,,,0,,,,,,
207.300000,2073,,,15.8936,,,0.3001,0.4627,2.40053,0.0000,0x00,2,39,3,,5647,5101,0,0.69246,,,2.40053,0.15000,9.8979171e-05,0.00387072071,,,,0,,,,,,
207.400000,2074,,,15.8934,,,0.3001,0.4643,2.40529,0.0000,0x00,2,39,3,,5650,5100,0,0.69245,,,2.40529,0.15000,9.89783644e-05,0.00388061855,,,,0,,,,,,
207.500000,2075,,,15.8933,,,0.3001,0.4660,2.41005,0.0000,0x00,2,39,3,,5654,5098,0,0.69245,,,2.41005,0.15000,9.89775473e-05,0.0038905163,,,,0,,,,,,
207.600000,2076,,,15.8932,,,0.3001,0.4677,2.41481,0.0000,0x00,2,39,3,,5657,5097,0,0.69244,,,2.41481,0.15000,9.89767294e-05,0.00390041397,,,,0,,,,,,
207.700000,2077,,,15.8931,,,0.3001,0.4694,2.41958,0.0000,0x00,2,39,3,,5660,5095,0,0.69243,,,2.41958,0.15000,9.89759108e-05,0.00391031156,,,,0,,,,,,
207.800000,2078,,,15.8929,,,0.3001,0.4710,2.42434,0.0000,0x00,2,39,3,,5664,5094,0,0.69243,,,2.42434,0.15000,9.89750914e-05,0.00392020907,,,,0,,,,,,
207.900000,2079,,,15.8928,,,0.3001,0.4727,2.42910,0.0000,0x00,2,39,3,,5667,5093,0,0.69242,,,2.42910,0.15000,9.89742713e-05,0.0039301065,,,,0,,,,,,
208.000000,2080,,,15.8928,,,0.3000,0.4729,2.43386,0.0000,0x00,2,39,3,,5667,5093,0,0.69241,,,2.43386,0.15000,9.89338144e-05,0.00393999988,,,,0,,,,,,
208.100000,2081,,,15.8928,,,0.3000,0.4727,2.43810,0.0000,0x00,2,39,3,,5667,5093,0,0.69241,,,2.43810,0.15000,9.89290296e-05,0.00394989278,,,,0,,,,,,
208.200000,2082,,,15.8927,,,0.3001,0.4741,2.44233,0.0000,0x00,2,39,3,,5670,5092,0,0.69240,,,2.44233,0.15000,9.89687716e-05,0.00395978966,,,,0,,,,,,
208.300000,2083,,,15.8926,,,0.3001,0.4756,2.44656,0.0000,0x00,2,39,3,,5673,5090,0,0.69240,,,2.44656,0.15000,9.89682867e-05,0.00396968649,,,,0,,,,,,
208.400000,2084,,,15.8925,,,0.3001,0.4771,2.45079,0.0000,0x00,2,39,3,,5676,5089,0,0.69239,,,2.45079,0.15000,9.89675633e-05,0.00397958325,,,,0,,,,,,
208.500000,2085,,,15.8924,,,0.3001,0.4785,2.45503,0.0000,0x00,2,39,3,,5679,5088,0,0.69238,,,2.45503,0.15000,9.89668379e-05,0.00398947993,,,,0,,,,,,
208.600000,2086,,,15.8923,,,0.3001,0.4800,2.45926,0.0000,0x00,2,39,3,,5682,5087,0,0.69238,,,2.45926,0.15000,9.89661119e-05,0.00399937654,,,,0,,,,,,
208.700000,2087,,,15.8922,,,0.3001,0.4816,2.46349,0.0000,0x00,2,39,3,,5685,5086,0,0.69237,,,2.46349,0.15000,9.89653853e-05,0.00400927308,,,,0,,,,,,
208.800000,2088,,,15.8920,,,0.3001,0.4831,2.46772,0.0000,0x00,2,39,3,,5688,5084,0,0.69236,,,2.46772,0.15000,9.89646581e-05,0.00401916955,,,,0,,,,,,
208.900000,2089,,,15.8919,,,0.3001,0.4846,2.47196,0.0000,0x00,2,39,3,,5691,5083,0,0.69236,,,2.47196,0.15000,9.89639303e-05,0.00402906594,,,,0,,,,,,
209.000000,2090,,,15.8919,,,0.3000,0.4845,2.47619,0.0000,0x00,2,39,3,,5691,5083,0,0.69235,,,2.47619,0.15000,9.8923483e-05,0.00403895829,,,,0,,,,,,
209.100000,2091,,,15.8920,,,0.3000,0.4841,2.47989,0.0000,0x00,2,39,3,,5690,5084,0,0.69234,,,2.47989,0.15000,9.89188434e-05,0.00404885017,,,,0,,,,,,
209.200000,2092,,,15.8919,,,0.3001,0.4853,2.48360,0.0000,0x00,2,39,3,,5693,5083,0,0.69234,,,2.48360,0.15000,9.8958774e-05,0.00405874605,,,,0,,,,,,
209.300000,2093,,,15.8918,,,0.3001,0.4866,2.48730,0.0000,0x00,2,39,3,,5695,5082,0,0.69233,,,2.48730,0.15000,9.89583815e-05,0.00406864189,,,,0,,,,,,
209.400000,2094,,,15.8917,,,0.3001,0.4879,2.49101,0.0000,0x00,2,39,3,,5698,5081,0,0.69232,,,2.49101,0.15000,9.895775e-05,0.00407853766,,,,0,,,,,,
209.500000,2095,,,15.8916,,,0.3001,0.4893,2.49471,0.0000,0x00,2,39,3,,5701,5080,0,0.69232,,,2.49471,0.15000,9.89571165e-05,0.00408843337,,,,0,,,,,,
209.600000,2096,,,15.8915,,,0.3001,0.4906,2.49841,0.0000,0x00,2,39,3,,5703,5079,0,0.69231,,,2.49841,0.15000,9.89564826e-05,0.00409832902,,,,0,,,,,,
209.700000,2097,,,15.8914,,,0.3001,0.4919,2.50212,0.0000,0x00,2,39,3,,5706,5078,0,0.69231,,,2.50212,0.15000,9.89558482e-05,0.00410822461,,,,0,,,,,,
209.800000,2098,,,15.8913,,,0.3001,0.4932,2.50582,0.0000,0x00,2,39,3,,5709,5077,0,0.69230,,,2.50582,0.15000,9.89552134e-05,0.00411812013,,,,0,,,,,,
209.900000,2099,,,15.8912,,,0.3001,0.4945,2.50952,0.0000,0x00,2,39,3,,5711,5076,0,0.69229,,,2.50952,0.15000,9.89545781e-05,0.00412801559,,,,0,,,,,,
210.000000,2100,,,15.8920,,,0.2992,0.4846,2.51323,0.0000,0x00,2,39,3,,5690,5084,0,0.69229,,,2.51323,0.15000,9.86733636e-05,0.00413788292,,,,0,,,,,,
210.100000,2101,,,15.8929,,,0.2991,0.4726,2.51323,0.0000,0x00,2,39,3,,5665,5094,0,0.69228,,,2.51323,0.15000,9.86416952e-05,0.00414774709,,,,0,,,,,,
210.200000,2102,,,15.8929,,,0.3000,0.4718,2.51323,0.0000,0x00,2,39,3,,5665,5094,0,0.69227,,,2.51323,0.15000,9.89320679e-05,0.0041576403,,,,0,,,,,,
210.300000,2103,,,15.8929,,,0.3000,0.4718,2.51323,0.0000,0x00,2,39,3,,5665,5094,0,0.69227,,,2.51323,0.15000,9.89338003e-05,0.00416753368,,,,0,,,,,,
210.400000,2104,,,15.8929,,,0.3000,0.4718,2.51323,0.0000,0x00,2,39,3,,5665,5094,0,0.69226,,,2.51323,0.15000,9.89338106e-05,0.00417742706,,,,0,,,,,,
210.500000,2105,,,15.8929,,,0.3000,0.4718,2.51323,0.0000,0x00,2,39,3,,5665,5094,0,0.69225,,,2.51323,0.15000,9.89338106e-05,0.00418732044,,,,0,,,,,,
210.600000,2106,,,15.8929,,,0.3000,0.4718,2.51323,0.0000,0x00,2,39,3,,5665,5094,0,0.69225,,,2.51323,0.15000,9.89338106e-05,0.00419721382,,,,0,,,,,,
210.700000,2107,,,15.8929,,,0.3000,0.4718,2.51323,0.0000,0x00,2,39,3,,5665,5094,0,0.69224,,,2.51323,0.15000,9.89338106e-05,0.0042071072,,,,0,,,,,,
210.800000,2108,,,15.8929,,,0.3000,0.4718,2.51323,0.0000,0x00,2,39,3,,5665,5094,0,0.69223,,,2.51323,0.15000,9.89338106e-05,0.00421700058,,,,0,,,,,,
210.900000,2109,,,15.8929,,,0.3000,0.4718,2.51323,0.0000,0x00,2,39,3,,5665,5094,0,0.69223,,,2.51323,0.15000,9.89338106e-05,0.00422689397,,,,0,,,,,,
211.000000,2110,,,15.8931,,,0.2997,0.4686,2.51323,0.0000,0x00,2,39,3,,5658,5096,0,0.69222,,,2.51323,0.15000,9.8851552e-05,0.00423677912,,,,0,,,,,,
211.100000,2111,,,15.8934,,,0.2997,0.4648,2.51217,0.0000,0x00,2,39,3,,5650,5100,0,0.69222,,,2.51217,0.15000,9.88435166e-05,0.00424666347,,,,0,,,,,,
211.200000,2112,,,15.8935,,,0.3000,0.4642,2.51111,0.0000,0x00,2,39,3,,5649,5100,0,0.69221,,,2.51111,0.15000,9.89278522e-05,0.00425655626,,,,0,,,,,,
211.300000,2113,,,15.8935,,,0.3000,0.4638,2.51005,0.0000,0x00,2,39,3,,5649,5100,0,0.69220,,,2.51005,0.15000,9.89285178e-05,0.00426644911,,,,0,,,,,,
211.400000,2114,,,15.8935,,,0.3000,0.4634,2.50899,0.0000,0x00,2,39,3,,5648,5101,0,0.69220,,,2.50899,0.15000,9.89286867e-05,0.00427634198,,,,0,,,,,,
211.500000,2115,,,15.8935,,,0.3000,0.4631,2.50794,0.0000,0x00,2,39,3,,5647,5101,0,0.69219,,,2.50794,0.15000,9.89288526e-05,0.00428623486,,,,0,,,,,,
211.600000,2116,,,15.8936,,,0.3000,0.4627,2.50688,0.0000,0x00,2,39,3,,5646,5101,0,0.69218,,,2.50688,0.15000,9.89290185e-05,0.00429612777,,,,0,,,,,,
211.700000,2117,,,15.8936,,,0.3000,0.4623,2.50582,0.0000,0x00,2,39,3,,5646,5102,0,0.69218,,,2.50582,0.15000,9.89291843e-05,0.00430602068,,,,0,,,,,,
211.800000,2118,,,15.8936,,,0.3000,0.4620,2.50476,0.0000,0x00,2,39,3,,5645,5102,0,0.69217,,,2.50476,0.15000,9.892935e-05,0.00431591362,,,,0,,,,,,
211.900000,2119,,,15.8936,,,0.3000,0.4616,2.50370,0.0000,0x00,2,39,3,,5644,5102,0,0.69217,,,2.50370,0.15000,9.89295157e-05,0.00432580657,,,,0,,,,,,
212.000000,2120,,,15.8935,,,0.3001,0.4628,2.50265,0.0000,0x00,2,39,3,,5647,5101,0,0.69216,,,2.50265,0.15000,9.89710697e-05,0.00433570368,,,,0,,,,,,
212.100000,2121,,,15.8934,,,0.3001,0.4643,2.50212,0.0000,0x00,2,39,3,,5650,5100,0,0.69215,,,2.50212,0.15000,9.8974987e-05,0.00434560118,,,,0,,,,,,
212.200000,2122,,,15.8934,,,0.3000,0.4643,2.50159,0.0000,0x00,2,39,3,,5650,5100,0,0.69215,,,2.50159,0.15000,9.89330122e-05,0.00435549448,,,,0,,,,,,
212.300000,2123,,,15.8935,,,0.3000,0.4641,2.50106,0.0000,0x00,2,39,3,,5649,5100,0,0.69214,,,2.50106,0.15000,9.89328471e-05,0.00436538776,,,,0,,,,,,
212.400000,2124,,,15.8935,,,0.3000,0.4639,2.50053,0.0000,0x00,2,39,3,,5649,5100,0,0.69214,,,2.50053,0.15000,9.89329293e-05,0.00437528105,,,,0,,,,,,
212.500000,2125,,,15.8935,,,0.3000,0.4637,2.50000,0.0000,0x00,2,39,3,,5649,5100,0,0.69213,,,2.50000,0.15000,9.89330129e-05,0.00438517436,,,,0,,,,,,
212.600000,2126,,,15.8935,,,0.3000,0.4636,2.49947,0.0000,0x00,2,39,3,,5648,5100,0,0.69212,,,2.49947,0.15000,9.89330966e-05,0.00439506767,,,,0,,,,,,
212.700000,2127,,,15.8935,,,0.3000,0.4634,2.49894,0.0000,0x00,2,39,3,,5648,5101,0,0.69212,,,2.49894,0.15000,9.89331802e-05,0.00440496098,,,,0,,,,,,
212.800000,2128,,,15.8935,,,0.3000,0.4632,2.49841,0.0000,0x00,2,39,3,,5648,5101,0,0.69211,,,2.49841,0.15000,9.89332638e-05,0.00441485431,,,,0,,,,,,
212.900000,2129,,,15.8935,,,0.3000,0.4630,2.49788,0.0000,0x00,2,39,3,,5647,5101,0,0.69210,,,2.49788,0.15000,9.89333474e-05,0.00442474764,,,,0,,,,,,
213.000000,2130,,,15.8937,,,0.2999,0.4612,2.49735,0.0000,0x00,2,39,3,,5643,5103,0,0.69210,,,2.49735,0.15000,9.88921225e-05,0.00443463686,,,,0,,,,,,
213.100000,2131,,,15.8938,,,0.2998,0.4592,2.49630,0.0000,0x00,2,39,3,,5639,5104,0,0.69209,,,2.49630,0.15000,9.88882575e-05,0.00444452568,,,,0,,,,,,
213.200000,2132,,,15.8939,,,0.3000,0.4587,2.49524,0.0000,0x00,2,39,3,,5638,5105,0,0.69209,,,2.49524,0.15000,9.89305884e-05,0.00445441874,,,,0,,,,,,
213.300000,2133,,,15.8939,,,0.3000,0.4583,2.49418,0.0000,0x00,2,39,3,,5638,5105,0,0.69208,,,2.49418,0.15000,9.89310038e-05,0.00446431184,,,,0,,,,,,
213.400000,2134,,,15.8939,,,0.3000,0.4580,2.49312,0.0000,0x00,2,39,3,,5637,5105,0,0.69207,,,2.49312,0.15000,9.89311706e-05,0.00447420496,,,,0,,,,,,
213.500000,2135,,,15.8939,,,0.3000,0.4576,2.49206,0.0000,0x00,2,39,3,,5636,5106,0,0.69207,,,2.49206,0.15000,9.89313359e-05,0.00448409809,,,,0,,,,,,
213.600000,2136,,,15.8940,,,0.3000,0.4572,2.49101,0.0000,0x00,2,39,3,,5635,5106,0,0.69206,,,2.49101,0.15000,9.89315011e-05,0.00449399124,,,,0,,,,,,
213.700000,2137,,,15.8940,,,0.3000,0.4569,2.48995,0.0000,0x00,2,39,3,,5635,5106,0,0.69206,,,2.48995,0.15000,9.89316662e-05,0.00450388441,,,,0,,,,,,
213.800000,2138,,,15.8940,,,0.3000,0.4565,2.48889,0.0000,0x00,2,39,3,,5634,5107,0,0.69205,,,2.48889,0.15000,9.89318314e-05,0.00451377759,,,,0,,,,,,
213.900000,2139,,,15.8940,,,0.3000,0.4561,2.48783,0.0000,0x00,2,39,3,,5633,5107,0,0.69204,,,2.48783,0.15000,9.89319964e-05,0.00452367079,,,,0,,,,,,
214.000000,2140,,,15.8938,,,0.3002,0.4589,2.48677,0.0000,0x00,2,39,3,,5639,5104,0,0.69204,,,2.48677,0.15000,9.90149185e-05,0.00453357228,,,,0,,,,,,
214.100000,2141,,,15.8936,,,0.3003,0.4623,2.48677,0.0000,0x00,2,39,3,,5646,5101,0,0.69203,,,2.48677,0.15000,9.90224337e-05,0.00454347453,,,,0,,,,,,
214.200000,2142,,,15.8936,,,0.3000,0.4626,2.48677,0.0000,0x00,2,39,3,,5646,5101,0,0.69202,,,2.48677,0.15000,9.89385341e-05,0.00455336838,,,,0,,,,,,
214.300000,2143,,,15.8936,,,0.3000,0.4626,2.48677,0.0000,0x00,2,39,3,,5646,5101,0,0.69202,,,2.48677,0.15000,9.89380385e-05,0.00456326218,,,,0,,,,,,
214.400000,2144,,,15.8936,,,0.3000,0.4626,2.48677,0.0000,0x00,2,39,3,,5646,5101,0,0.69201,,,2.48677,0.15000,9.89380356e-05,0.00457315599,,,,0,,,,,,
214.500000,2145,,,15.8936,,,0.3000,0.4626,2.48677,0.0000,0x00,2,39,3,,5646,5101,0,0.69201,,,2.48677,0.15000,9.89380355e-05,0.00458304979,,,,0,,,,,,
214.600000,2146,,,15.8936,,,0.3000,0.4626,2.48677,0.0000,0x00,2,39,3,,5646,5101,0,0.69200,,,2.48677,0.15000,9.89380355e-05,0.0045929436,,,,0,,,,,,
214.700000,2147,,,15.8936,,,0.3000,0.4626,2.48677,0.0000,0x00,2,39,3,,5646,5101,0,0.69199,,,2.48677,0.15000,9.89380355e-05,0.0046028374,,,,0,,,,,,
214.800000,2148,,,15.8936,,,0.3000,0.4626,2.48677,0.0000,0x00,2,39,3,,5646,5101,0,0.69199,,,2.48677,0.15000,9.89380355e-05,0.0046127312,,,,0,,,,,,
214.900000,2149,,,15.8936,,,0.3000,0.4626,2.48677,0.0000,0x00,2,39,3,,5646,5101,0,0.69198,,,2.48677,0.15000,9.89380355e-05,0.00462262501,,,,0,,,,,,
215.000000,2150,,,15.8936,,,0.3000,0.4626,2.48677,0.0000,0x00,2,39,3,,5646,5101,0,0.69197,,,2.48677,0.15000,9.89380355e-05,0.00463251881,,,,0,,,,,,
215.100000,2151,,,15.8936,,,0.3000,0.4626,2.48677,0.0000,0x00,2,39,3,,5646,5101,0,0.69197,,,2.48677,0.15000,9.89380355e-05,0.00464241261,,,,0,,,,,,
215.200000,2152,,,15.8936,,,0.3000,0.4626,2.48677,0.0000,0x00,2,39,3,,5646,5101,0,0.69196,,,2.48677,0.15000,9.89380355e-05,0.00465230642,,,,0,,,,,,
215.300000,2153,,,15.8936,,,0.3000,0.4626,2.48677,0.0000,0x00,2,39,3,,5646,5101,0,0.69196,,,2.48677,0.15000,9.89380355e-05,0.00466220022,,,,0,,,,,,
215.400000,2154,,,15.8936,,,0.3000,0.4626,2.48677,0.0000,0x00,2,39,3,,5646,5101,0,0.69195,,,2.48677,0.15000,9.89380355e-05,0.00467209402,,,,0,,,,,,
215.500000,2155,,,15.8936,,,0.3000,0.4626,2.48677,0.0000,0x00,2,39,3,,5646,5101,0,0.69194,,,2.48677,0.15000,9.89380355e-05,0.00468198783,,,,0,,,,,,
215.600000,2156,,,15.8936,,,0.3000,0.4626,2.48677,0.0000,0x00,2,39,3,,5646,5101,0,0.69194,,,2.48677,0.15000,9.89380355e-05,0.00469188163,,,,0,,,,,,
215.700000,2157,,,15.8936,,,0.3000,0.4626,2.48677,0.0000,0x00,2,39,3,,5646,5101,0,0.69193,,,2.48677,0.15000,9.89380355e-05,0.00470177543,,,,0,,,,,,
215.800000,2158,,,15.8936,,,0.3000,0.4626,2.48677,0.0000,0x00,2,39,3,,5646,5101,0,0.69193,,,2.48677,0.15000,9.89380355e-05,0.00471166924,,,,0,,,,,,
215.900000,2159,,,15.8936,,,0.3000,0.4626,2.48677,0.0000,0x00,2,39,3,,5646,5101,0,0.69192,,,2.48677,0.15000,9.89380355e-05,0.00472156304,,,,0,,,,,,
216.000000,2160,,,15.8936,,,0.3000,0.4626,2.48677,0.0000,0x00,2,39,3,,5646,5101,0,0.69191,,,2.48677,0.15000,9.89380355e-05,0.00473145685,,,,0,,,,,,
216.100000,2161,,,15.8936,,,0.3000,0.4626,2.48677,0.0000,0x00,2,39,3,,5646,5101,0,0.69191,,,2.48677,0.15000,9.89380355e-05,0.00474135065,,,,0,,,,,,
216.200000,2162,,,15.8936,,,0.3000,0.4626,2.48677,0.0000,0x00,2,39,3,,5646,5101,0,0.69190,,,2.48677,0.15000,9.89380355e-05,0.00475124445,,,,0,,,,,,
216.300000,2163,,,15.8936,,,0.3000,0.4626,2.48677,0.0000,0x00,2,39,3,,5646,5101,0,0.69189,,,2.48677,0.15000,9.89380355e-05,0.00476113826,,,,0,,,,,,
216.400000,2164,,,15.8936,,,0.3000,0.4626,2.48677,0.0000,0x00,2,39,3,,5646,5101,0,0.69189,,,2.48677,0.15000,9.89380355e-05,0.00477103206,,,,0,,,,,,
216.500000,2165,,,15.8936,,,0.3000,0.4626,2.48677,0.0000,0x00,2,39,3,,5646,5101,0,0.69188,,,2.48677,0.15000,9.89380355e-05,0.00478092586,,,,0,,,,,,
216.600000,2166,,,15.8936,,,0.3000,0.4626,2.48677,0.0000,0x00,2,39,3,,5646,5101,0,0.69188,,,2.48677,0.15000,9.89380355e-05,0.00479081967,,,,0,,,,,,
216.700000,2167,,,15.8936,,,0.3000,0.4626,2.48677,0.0000,0x00,2,39,3,,5646,5101,0,0.69187,,,2.48677,0.15000,9.89380355e-05,0.00480071347,,,,0,,,,,,
216.800000,2168,,,15.8936,,,0.3000,0.4626,2.48677,0.0000,0x00,2,39,3,,5646,5101,0,0.69186,,,2.48677,0.15000,9.89380355e-05,0.00481060727,,,,0,,,,,,
216.900000,2169,,,15.8936,,,0.3000,0.4626,2.48677,0.0000,0x00,2,39,3,,5646,5101,0,0.69186,,,2.48677,0.15000,9.89380355e-05,0.00482050108,,,,0,,,,,,
217.000000,2170,,,15.8936,,,0.3000,0.4626,2.48677,0.0000,0x00,2,39,3,,5646,5101,0,0.69185,,,2.48677,0.15000,9.89380355e-05,0.00483039488,,,,0,,,,,,
217.100000,2171,,,15.8936,,,0.3000,0.4626,2.48677,0.0000,0x00,2,39,3,,5646,5101,0,0.69184,,,2.48677,0.15000,9.89380355e-05,0.00484028868,,,,0,,,,,,
217.200000,2172,,,15.8936,,,0.3000,0.4626,2.48677,0.0000,0x00,2,39,3,,5646,5101,0,0.69184,,,2.48677,0.15000,9.89380355e-05,0.00485018249,,,,0,,,,,,
217.300000,2173,,,15.8936,,,0.3000,0.4626,2.48677,0.0000,0x00,2,39,3,,5646,5101,0,0.69183,,,2.48677,0.15000,9.89380355e-05,0.00486007629,,,,0,,,,,,
217.400000,2174,,,15.8936,,,0.3000,0.4626,2.48677,0.0000,0x00,2,39,3,,5646,5101,0,0.69183,,,2.48677,0.15000,9.89380355e-05,0.00486997009,,,,0,,,,,,
217.500000,2175,,,15.8936,,,0.3000,0.4626,2.48677,0.0000,0x00,2,39,3,,5646,5101,0,0.69182,,,2.48677,0.15000,9.89380355e-05,0.0048798639,,,,0,,,,,,
217.600000,2176,,,15.8936,,,0.3000,0.4626,2.48677,0.0000,0x00,2,39,3,,5646,5101,0,0.69181,,,2.48677,0.15000,9.89380355e-05,0.0048897577,,,,0,,,,,,
217.700000,2177,,,15.8936,,,0.3000,0.4626,2.48677,0.0000,0x00,2,39,3,,5646,5101,0,0.69181,,,2.48677,0.15000,9.89380355e-05,0.00489965151,,,,0,,,,,,
217.800000,2178,,,15.8936,,,0.3000,0.4626,2.48677,0.0000,0x00,2,39,3,,5646,5101,0,0.69180,,,2.48677,0.15000,9.89380355e-05,0.00490954531,,,,0,,,,,,
217.900000,2179,,,15.8936,,,0.3000,0.4626,2.48677,0.0000,0x00,2,39,3,,5646,5101,0,0.69180,,,2.48677,0.15000,9.89380355e-05,0.00491943911,,,,0,,,,,,
218.000000,2180,,,15.8933,,,0.3003,0.4658,2.48677,0.0000,0x00,2,39,3,,5653,5098,0,0.69179,,,2.48677,0.15000,9.90200398e-05,0.00492934112,,,,0,,,,,,
218.100000,2181,,,15.8930,,,0.3003,0.4695,2.48783,0.0000,0x00,2,39,3,,5661,5095,0,0.69178,,,2.48783,0.15000,9.90273695e-05,0.00493924385,,,,0,,,,,,
218.200000,2182,,,15.8930,,,0.3000,0.4701,2.48889,0.0000,0x00,2,39,3,,5662,5095,0,0.69178,,,2.48889,0.15000,9.89440437e-05,0.00494913826,,,,0,,,,,,
218.300000,2183,,,15.8930,,,0.3000,0.4705,2.48995,0.0000,0x00,2,39,3,,5662,5095,0,0.69177,,,2.48995,0.15000,9.89433806e-05,0.0049590326,,,,0,,,,,,
218.400000,2184,,,15.8930,,,0.3000,0.4709,2.49101,0.0000,0x00,2,39,3,,5663,5094,0,0.69176,,,2.49101,0.15000,9.89432056e-05,0.00496892692,,,,0,,,,,,
218.500000,2185,,,15.8929,,,0.3000,0.4712,2.49206,0.0000,0x00,2,39,3,,5664,5094,0,0.69176,,,2.49206,0.15000,9.89430335e-05,0.00497882122,,,,0,,,,,,
218.600000,2186,,,15.8929,,,0.3000,0.4716,2.49312,0.0000,0x00,2,39,3,,5665,5094,0,0.69175,,,2.49312,0.15000,9.89428613e-05,0.00498871551,,,,0,,,,,,
218.700000,2187,,,15.8929,,,0.3000,0.4720,2.49418,0.0000,0x00,2,39,3,,5665,5093,0,0.69175,,,2.49418,0.15000,9.89426891e-05,0.00499860978,,,,0,,,,,,
218.800000,2188,,,15.8928,,,0.3000,0.4724,2.49524,0.0000,0x00,2,39,3,,5666,5093,0,0.69174,,,2.49524,0.15000,9.89425168e-05,0.00500850403,,,,0,,,,,,
218.900000,2189,,,15.8928,,,0.3000,0.4727,2.49630,0.0000,0x00,2,39,3,,5667,5093,0,0.69173,,,2.49630,0.15000,9.89423445e-05,0.00501839826,,,,0,,,,,,
219.000000,2190,,,15.8928,,,0.3000,0.4731,2.49735,0.0000,0x00,2,39,3,,5668,5092,0,0.69173,,,2.49735,0.15000,9.89421721e-05,0.00502829248,,,,0,,,,,,
219.100000,2191,,,15.8928,,,0.3000,0.4735,2.49841,0.0000,0x00,2,39,3,,5669,5092,0,0.69172,,,2.49841,0.15000,9.89419998e-05,0.00503818668,,,,0,,,,,,
219.200000,2192,,,15.8927,,,0.3000,0.4738,2.49947,0.0000,0x00,2,39,3,,5669,5092,0,0.69171,,,2.49947,0.15000,9.89418273e-05,0.00504808086,,,,0,,,,,,
219.300000,2193,,,15.8927,,,0.3000,0.4742,2.50053,0.0000,0x00,2,39,3,,5670,5092,0,0.69171,,,2.50053,0.15000,9.89416549e-05,0.00505797503,,,,0,,,,,,
219.400000,2194,,,15.8927,,,0.3000,0.4746,2.50159,0.0000,0x00,2,39,3,,5671,5091,0,0.69170,,,2.50159,0.15000,9.89414824e-05,0.00506786917,,,,0,,,,,,
219.500000,2195,,,15.8927,,,0.3000,0.4749,2.50265,0.0000,0x00,2,39,3,,5672,5091,0,0.69169,,,2.50265,0.15000,9.89413098e-05,0.00507776331,,,,0,,,,,,
219.600000,2196,,,15.8926,,,0.3000,0.4753,2.50370,0.0000,0x00,2,39,3,,5672,5091,0,0.69169,,,2.50370,0.15000,9.89411372e-05,0.00508765742,,,,0,,,,,,
219.700000,2197,,,15.8926,,,0.3000,0.4757,2.50476,0.0000,0x00,2,39,3,,5673,5090,0,0.69168,,,2.50476,0.15000,9.89409646e-05,0.00509755152,,,,0,,,,,,
219.800000,2198,,,15.8926,,,0.3000,0.4761,2.50582,0.0000,0x00,2,39,3,,5674,5090,0,0.69168,,,2.50582,0.15000,9.89407919e-05,0.0051074456,,,,0,,,,,,
219.900000,2199,,,15.8925,,,0.3000,0.4764,2.50688,0.0000,0x00,2,39,3,,5675,5090,0,0.69167,,,2.50688,0.15000,9.89406192e-05,0.00511733966,,,,0,,,,,,
220.000000,2200,,,15.8921,,,0.3004,0.4816,2.50794,0.0000,0x00,2,39,3,,5686,5085,0,0.69166,,,2.50794,0.15000,9.90620534e-05,0.00512724586,,,,0,,,,,,
220.100000,2201,,,15.8917,,,0.3004,0.4877,2.51058,0.0000,0x00,2,39,3,,5698,5081,0,0.69166,,,2.51058,0.15000,9.90724801e-05,0.00513715311,,,,0,,,,,,
220.200000,2202,,,15.8916,,,0.3001,0.4890,2.51323,0.0000,0x00,2,39,3,,5700,5080,0,0.69165,,,2.51323,0.15000,9.89489396e-05,0.005147048,,,,0,,,,,,
220.300000,2203,,,15.8915,,,0.3001,0.4899,2.51587,0.0000,0x00,2,39,3,,5702,5079,0,0.69164,,,2.51587,0.15000,9.89477684e-05,0.00515694278,,,,0,,,,,,
220.400000,2204,,,15.8915,,,0.3001,0.4909,2.51852,0.0000,0x00,2,39,3,,5704,5078,0,0.69164,,,2.51852,0.15000,9.89473182e-05,0.00516683751,,,,0,,,,,,
220.500000,2205,,,15.8914,,,0.3001,0.4918,2.52116,0.0000,0x00,2,39,3,,5706,5078,0,0.69163,,,2.52116,0.15000,9.89468721e-05,0.0051767322,,,,0,,,,,,
220.600000,2206,,,15.8913,,,0.3001,0.4927,2.52381,0.0000,0x00,2,39,3,,5708,5077,0,0.69162,,,2.52381,0.15000,9.89464257e-05,0.00518662684,,,,0,,,,,,
220.700000,2207,,,15.8913,,,0.3001,0.4937,2.52646,0.0000,0x00,2,39,3,,5710,5076,0,0.69162,,,2.52646,0.15000,9.89459791e-05,0.00519652144,,,,0,,,,,,
220.800000,2208,,,15.8912,,,0.3001,0.4946,2.52910,0.0000,0x00,2,39,3,,5712,5076,0,0.69161,,,2.52910,0.15000,9.89455323e-05,0.00520641599,,,,0,,,,,,
220.900000,2209,,,15.8911,,,0.3001,0.4956,2.53175,0.0000,0x00,2,39,3,,5714,5075,0,0.69160,,,2.53175,0.15000,9.89450852e-05,0.0052163105,,,,0,,,,,,
221.000000,2210,,,15.8909,,,0.3002,0.4981,2.53439,0.0000,0x00,2,39,3,,5719,5073,0,0.69160,,,2.53439,0.15000,9.89846614e-05,0.00522620897,,,,0,,,,,,
221.100000,2211,,,15.8907,,,0.3002,0.5010,2.53757,0.0000,0x00,2,39,3,,5725,5071,0,0.69159,,,2.53757,0.15000,9.8987881e-05,0.00523610776,,,,0,,,,,,
221.200000,2212,,,15.8906,,,0.3001,0.5022,2.54074,0.0000,0x00,2,39,3,,5727,5070,0,0.69158,,,2.54074,0.15000,9.89466279e-05,0.00524600242,,,,0,,,,,,
221.300000,2213,,,15.8905,,,0.3001,0.5034,2.54392,0.0000,0x00,2,39,3,,5729,5069,0,0.69158,,,2.54392,0.15000,9.89458445e-05,0.005255897,,,,0,,,,,,
221.400000,2214,,,15.8905,,,0.3001,0.5045,2.54709,0.0000,0x00,2,39,3,,5732,5068,0,0.69157,,,2.54709,0.15000,9.89452996e-05,0.00526579153,,,,0,,,,,,
221.500000,2215,,,15.8904,,,0.3001,0.5057,2.55026,0.0000,0x00,2,39,3,,5734,5068,0,0.69156,,,2.55026,0.15000,9.89447559e-05,0.00527568601,,,,0,,,,,,
221.600000,2216,,,15.8903,,,0.3001,0.5068,2.55344,0.0000,0x00,2,39,3,,5736,5067,0,0.69156,,,2.55344,0.15000,9.89442118e-05,0.00528558043,,,,0,,,,,,
221.700000,2217,,,15.8902,,,0.3001,0.5079,2.55661,0.0000,0x00,2,39,3,,5739,5066,0,0.69155,,,2.55661,0.15000,9.89436674e-05,0.0052954748,,,,0,,,,,,
221.800000,2218,,,15.8901,,,0.3001,0.5091,2.55979,0.0000,0x00,2,39,3,,5741,5065,0,0.69154,,,2.55979,0.15000,9.89431226e-05,0.00530536911,,,,0,,,,,,
221.900000,2219,,,15.8900,,,0.3001,0.5102,2.56296,0.0000,0x00,2,39,3,,5743,5064,0,0.69154,,,2.56296,0.15000,9.89425775e-05,0.00531526337,,,,0,,,,,,
222.000000,2220,,,15.8900,,,0.3001,0.5114,2.56614,0.0000,0x00,2,39,3,,5746,5063,0,0.69153,,,2.56614,0.15000,9.8942032e-05,0.00532515757,,,,0,,,,,,
222.100000,2221,,,15.8899,,,0.3001,0.5125,2.56931,0.0000,0x00,2,39,3,,5748,5063,0,0.69152,,,2.56931,0.15000,9.89414862e-05,0.00533505172,,,,0,,,,,,
222.200000,2222,,,15.8898,,,0.3001,0.5137,2.57249,0.0000,0x00,2,39,3,,5750,5062,0,0.69152,,,2.57249,0.15000,9.89409401e-05,0.00534494581,,,,0,,,,,,
222.300000,2223,,,15.8897,,,0.3001,0.5148,2.57566,0.0000,0x00,2,39,3,,5753,5061,0,0.69151,,,2.57566,0.15000,9.89403935e-05,0.00535483985,,,,0,,,,,,
222.400000,2224,,,15.8896,,,0.3001,0.5160,2.57884,0.0000,0x00,2,39,3,,5755,5060,0,0.69150,,,2.57884,0.15000,9.89398467e-05,0.00536473384,,,,0,,,,,,
222.500000,2225,,,15.8895,,,0.3001,0.5171,2.58201,0.0000,0x00,2,39,3,,5757,5059,0,0.69149,,,2.58201,0.15000,9.89392995e-05,0.00537462777,,,,0,,,,,,
222.600000,2226,,,15.8894,,,0.3001,0.5182,2.58519,0.0000,0x00,2,39,3,,5760,5059,0,0.69149,,,2.58519,0.15000,9.89387519e-05,0.00538452164,,,,0,,,,,,
222.700000,2227,,,15.8894,,,0.3001,0.5194,2.58836,0.0000,0x00,2,39,3,,5762,5058,0,0.69148,,,2.58836,0.15000,9.8938204e-05,0.00539441546,,,,0,,,,,,
222.800000,2228,,,15.8893,,,0.3001,0.5205,2.59153,0.0000,0x00,2,39,3,,5764,5057,0,0.69147,,,2.59153,0.15000,9.89376558e-05,0.00540430923,,,,0,,,,,,
222.900000,2229,,,15.8892,,,0.3001,0.5217,2.59471,0.0000,0x00,2,39,3,,5767,5056,0,0.69147,,,2.59471,0.15000,9.89371072e-05,0.00541420294,,,,0,,,,,,
223.000000,2230,,,15.8894,,,0.2998,0.5195,2.59788,0.0000,0x00,2,39,3,,5762,5058,0,0.69146,,,2.59788,0.15000,9.88569074e-05,0.00542408863,,,,0,,,,,,
223.100000,2231,,,15.8896,,,0.2998,0.5167,2.60000,0.0000,0x00,2,39,3,,5756,5060,0,0.69145,,,2.60000,0.15000,9.88486539e-05,0.0054339735,,,,0,,,,,,
223.200000,2232,,,15.8895,,,0.3001,0.5173,2.60212,0.0000,0x00,2,39,3,,5758,5059,0,0.69145,,,2.60212,0.15000,9.89298895e-05,0.00544386648,,,,0,,,,,,
223.300000,2233,,,15.8895,,,0.3001,0.5180,2.60423,0.0000,0x00,2,39,3,,5759,5059,0,0.69144,,,2.60423,0.15000,9.89300136e-05,0.00545375949,,,,0,,,,,,
223.400000,2234,,,15.8894,,,0.3001,0.5188,2.60635,0.0000,0x00,2,39,3,,5761,5058,0,0.69143,,,2.60635,0.15000,9.89296567e-05,0.00546365245,,,,0,,,,,,
223.500000,2235,,,15.8893,,,0.3001,0.5195,2.60847,0.0000,0x00,2,39,3,,5762,5058,0,0.69143,,,2.60847,0.15000,9.89292967e-05,0.00547354538,,,,0,,,,,,
223.600000,2236,,,15.8893,,,0.3001,0.5203,2.61058,0.0000,0x00,2,39,3,,5764,5057,0,0.69142,,,2.61058,0.15000,9.89289366e-05,0.00548343827,,,,0,,,,,,
223.700000,2237,,,15.8892,,,0.3001,0.5211,2.61270,0.0000,0x00,2,39,3,,5765,5057,0,0.69141,,,2.61270,0.15000,9.89285763e-05,0.00549333113,,,,0,,,,,,
223.800000,2238,,,15.8892,,,0.3001,0.5218,2.61481,0.0000,0x00,2,39,3,,5767,5056,0,0.69140,,,2.61481,0.15000,9.89282159e-05,0.00550322395,,,,0,,,,,,
223.900000,2239,,,15.8891,,,0.3001,0.5226,2.61693,0.0000,0x00,2,39,3,,5768,5056,0,0.69140,,,2.61693,0.15000,9.89278553e-05,0.00551311674,,,,0,,,,,,
224.000000,2240,,,15.8889,,,0.3002,0.5250,2.61905,0.0000,0x00,2,39,3,,5774,5054,0,0.69139,,,2.61905,0.15000,9.89674842e-05,0.00552301349,,,,0,,,,,,
224.100000,2241,,,15.8887,,,0.3002,0.5278,2.62169,0.0000,0x00,2,39,3,,5779,5052,0,0.69138,,,2.62169,0.15000,9.89706847e-05,0.00553291056,,,,0,,,,,,
224.200000,2242,,,15.8887,,,0.3001,0.5289,2.62434,0.0000,0x00,2,39,3,,5781,5052,0,0.69138,,,2.62434,0.15000,9.89295251e-05,0.00554280351,,,,0,,,,,,
224.300000,2243,,,15.8886,,,0.3001,0.5298,2.62698,0.0000,0x00,2,39,3,,5783,5051,0,0.69137,,,2.62698,0.15000,9.89288288e-05,0.00555269639,,,,0,,,,,,
224.400000,2244,,,15.8885,,,0.3001,0.5308,2.62963,0.0000,0x00,2,39,3,,5785,5050,0,0.69136,,,2.62963,0.15000,9.89283712e-05,0.00556258923,,,,0,,,,,,
224.500000,2245,,,15.8884,,,0.3001,0.5318,2.63228,0.0000,0x00,2,39,3,,5787,5050,0,0.69135,,,2.63228,0.15000,9.89279148e-05,0.00557248202,,,,0,,,,,,
224.600000,2246,,,15.8884,,,0.3001,0.5327,2.63492,0.0000,0x00,2,39,3,,5789,5049,0,0.69135,,,2.63492,0.15000,9.89274582e-05,0.00558237477,,,,0,,,,,,
224.700000,2247,,,15.8883,,,0.3001,0.5337,2.63757,0.0000,0x00,2,39,3,,5791,5049,0,0.69134,,,2.63757,0.15000,9.89270013e-05,0.00559226747,,,,0,,,,,,
224.800000,2248,,,15.8882,,,0.3001,0.5347,2.64021,0.0000,0x00,2,39,3,,5793,5048,0,0.69133,,,2.64021,0.15000,9.89265442e-05,0.00560216012,,,,0,,,,,,
224.900000,2249,,,15.8882,,,0.3001,0.5356,2.64286,0.0000,0x00,2,39,3,,5795,5047,0,0.69133,,,2.64286,0.15000,9.89260869e-05,0.00561205273,,,,0,,,,,,
225.000000,2250,,,15.8880,,,0.3002,0.5383,2.64550,0.0000,0x00,2,39,3,,5801,5046,0,0.69132,,,2.64550,0.15000,9.89653728e-05,0.00562194927,,,,0,,,,,,
225.100000,2251,,,15.8877,,,0.3002,0.5413,2.64868,0.0000,0x00,2,39,3,,5807,5044,0,0.69131,,,2.64868,0.15000,9.89684358e-05,0.00563184611,,,,0,,,,,,
225.200000,2252,,,15.8876,,,0.3001,0.5425,2.65185,0.0000,0x00,2,39,3,,5809,5043,0,0.69130,,,2.65185,0.15000,9.89274133e-05,0.00564173885,,,,0,,,,,,
225.300000,2253,,,15.8876,,,0.3001,0.5437,2.65503,0.0000,0x00,2,39,3,,5811,5042,0,0.69130,,,2.65503,0.15000,9.89266191e-05,0.00565163151,,,,0,,,,,,
225.400000,2254,,,15.8875,,,0.3001,0.5449,2.65820,0.0000,0x00,2,39,3,,5814,5041,0,0.69129,,,2.65820,0.15000,9.89260621e-05,0.00566152412,,,,0,,,,,,
225.500000,2255,,,15.8874,,,0.3001,0.5461,2.66138,0.0000,0x00,2,39,3,,5816,5041,0,0.69128,,,2.66138,0.15000,9.89255062e-05,0.00567141667,,,,0,,,,,,
225.600000,2256,,,15.8873,,,0.3001,0.5472,2.66455,0.0000,0x00,2,39,3,,5819,5040,0,0.69128,,,2.66455,0.15000,9.89249499e-05,0.00568130917,,,,0,,,,,,
225.700000,2257,,,15.8872,,,0.3001,0.5484,2.66772,0.0000,0x00,2,39,3,,5821,5039,0,0.69127,,,2.66772,0.15000,9.89243933e-05,0.0056912016,,,,0,,,,,,
225.800000,2258,,,15.8871,,,0.3001,0.5496,2.67090,0.0000,0x00,2,39,3,,5823,5039,0,0.69126,,,2.67090,0.15000,9.89238363e-05,0.00570109399,,,,0,,,,,,
225.900000,2259,,,15.8870,,,0.3001,0.5507,2.67407,0.0000,0x00,2,39,3,,5826,5038,0,0.69125,,,2.67407,0.15000,9.8923279e-05,0.00571098632,,,,0,,,,,,
226.000000,2260,,,15.8872,,,0.2998,0.5485,2.67725,0.0000,0x00,2,39,3,,5821,5039,0,0.69125,,,2.67725,0.15000,9.88434844e-05,0.00572087066,,,,0,,,,,,
226.100000,2261,,,15.8874,,,0.2998,0.5456,2.67937,0.0000,0x00,2,39,3,,5815,5041,0,0.69124,,,2.67937,0.15000,9.88354324e-05,0.00573075421,,,,0,,,,,,
226.200000,2262,,,15.8874,,,0.3001,0.5461,2.68148,0.0000,0x00,2,39,3,,5816,5041,0,0.69123,,,2.68148,0.15000,9.89162967e-05,0.00574064584,,,,0,,,,,,
226.300000,2263,,,15.8873,,,0.3001,0.5469,2.68360,0.0000,0x00,2,39,3,,5818,5040,0,0.69122,,,2.68360,0.15000,9.89164126e-05,0.00575053748,,,,0,,,,,,
226.400000,2264,,,15.8873,,,0.3001,0.5477,2.68571,0.0000,0x00,2,39,3,,5819,5040,0,0.69122,,,2.68571,0.15000,9.89160497e-05,0.00576042908,,,,0,,,,,,
226.500000,2265,,,15.8872,,,0.3001,0.5484,2.68783,0.0000,0x00,2,39,3,,5821,5039,0,0.69121,,,2.68783,0.15000,9.89156839e-05,0.00577032065,,,,0,,,,,,
226.600000,2266,,,15.8872,,,0.3001,0.5492,2.68995,0.0000,0x00,2,39,3,,5823,5039,0,0.69120,,,2.68995,0.15000,9.89153178e-05,0.00578021218,,,,0,,,,,,
226.700000,2267,,,15.8871,,,0.3001,0.5500,2.69206,0.0000,0x00,2,39,3,,5824,5038,0,0.69119,,,2.69206,0.15000,9.89149516e-05,0.00579010368,,,,0,,,,,,
226.800000,2268,,,15.8870,,,0.3001,0.5508,2.69418,0.0000,0x00,2,39,3,,5826,5038,0,0.69119,,,2.69418,0.15000,9.89145852e-05,0.00579999514,,,,0,,,,,,
226.900000,2269,,,15.8870,,,0.3001,0.5516,2.69630,0.0000,0x00,2,39,3,,5827,5037,0,0.69118,,,2.69630,0.15000,9.89142186e-05,0.00580988656,,,,0,,,,,,
227.000000,2270,,,15.8868,,,0.3002,0.5541,2.69841,0.0000,0x00,2,39,3,,5833,5036,0,0.69117,,,2.69841,0.15000,9.89536295e-05,0.00581978192,,,,0,,,,,,
227.100000,2271,,,15.8866,,,0.3002,0.5569,2.70106,0.0000,0x00,2,39,3,,5838,5034,0,0.69117,,,2.70106,0.15000,9.89567222e-05,0.00582967759,,,,0,,,,,,
227.200000,2272,,,15.8865,,,0.3001,0.5580,2.70370,0.0000,0x00,2,39,3,,5840,5034,0,0.69116,,,2.70370,0.15000,9.89157406e-05,0.00583956917,,,,0,,,,,,
227.300000,2273,,,15.8864,,,0.3001,0.5590,2.70635,0.0000,0x00,2,39,3,,5842,5033,0,0.69115,,,2.70635,0.15000,9.89150379e-05,0.00584946067,,,,0,,,,,,
227.400000,2274,,,15.8864,,,0.3001,0.5600,2.70899,0.0000,0x00,2,39,3,,5844,5032,0,0.69114,,,2.70899,0.15000,9.8914573e-05,0.00585935213,,,,0,,,,,,
227.500000,2275,,,15.8863,,,0.3001,0.5609,2.71164,0.0000,0x00,2,39,3,,5846,5032,0,0.69114,,,2.71164,0.15000,9.89141093e-05,0.00586924354,,,,0,,,,,,
227.600000,2276,,,15.8862,,,0.3001,0.5619,2.71429,0.0000,0x00,2,39,3,,5848,5031,0,0.69113,,,2.71429,0.15000,9.89136453e-05,0.00587913491,,,,0,,,,,,
227.700000,2277,,,15.8861,,,0.3001,0.5629,2.71693,0.0000,0x00,2,39,3,,5850,5031,0,0.69112,,,2.71693,0.15000,9.8913181e-05,0.00588902622,,,,0,,,,,,
227.800000,2278,,,15.8861,,,0.3001,0.5639,2.71958,0.0000,0x00,2,39,3,,5852,5030,0,0.69111,,,2.71958,0.15000,9.89127165e-05,0.00589891749,,,,0,,,,,,
227.900000,2279,,,15.8860,,,0.3001,0.5649,2.72222,0.0000,0x00,2,39,3,,5854,5030,0,0.69111,,,2.72222,0.15000,9.89122518e-05,0.00590880872,,,,0,,,,,,
228.000000,2280,,,15.8856,,,0.3003,0.5693,2.72487,0.0000,0x00,2,39,3,,5864,5027,0,0.69110,,,2.72487,0.15000,9.89907569e-05,0.0059187078,,,,0,,,,,,
228.100000,2281,,,15.8853,,,0.3003,0.5745,2.72857,0.0000,0x00,2,39,3,,5874,5024,0,0.69109,,,2.72857,0.15000,9.89969508e-05,0.00592860749,,,,0,,,,,,
228.200000,2282,,,15.8852,,,0.3001,0.5761,2.73228,0.0000,0x00,2,39,3,,5877,5023,0,0.69108,,,2.73228,0.15000,9.89159873e-05,0.00593849909,,,,0,,,,,,
228.300000,2283,,,15.8851,,,0.3001,0.5775,2.73598,0.0000,0x00,2,39,3,,5880,5022,0,0.69107,,,2.73598,0.15000,9.89148497e-05,0.00594839057,,,,0,,,,,,
228.400000,2284,,,15.8850,,,0.3001,0.5789,2.73968,0.0000,0x00,2,39,3,,5883,5022,0,0.69107,,,2.73968,0.15000,9.89141825e-05,0.00595828199,,,,0,,,,,,
228.500000,2285,,,15.8849,,,0.3001,0.5803,2.74339,0.0000,0x00,2,39,3,,5886,5021,0,0.69106,,,2.74339,0.15000,9.89135176e-05,0.00596817334,,,,0,,,,,,
228.600000,2286,,,15.8848,,,0.3001,0.5817,2.74709,0.0000,0x00,2,39,3,,5889,5020,0,0.69105,,,2.74709,0.15000,9.89128523e-05,0.00597806463,,,,0,,,,,,
228.700000,2287,,,15.8846,,,0.3001,0.5831,2.75079,0.0000,0x00,2,39,3,,5891,5019,0,0.69104,,,2.75079,0.15000,9.89121864e-05,0.00598795585,,,,0,,,,,,
228.800000,2288,,,15.8845,,,0.3001,0.5844,2.75450,0.0000,0x00,2,39,3,,5894,5019,0,0.69104,,,2.75450,0.15000,9.89115202e-05,0.005997847,,,,0,,,,,,
228.900000,2289,,,15.8844,,,0.3001,0.5858,2.75820,0.0000,0x00,2,39,3,,5897,5018,0,0.69103,,,2.75820,0.15000,9.89108534e-05,0.00600773809,,,,0,,,,,,
229.000000,2290,,,15.8839,,,0.3005,0.5926,2.76190,0.0000,0x00,2,39,3,,5912,5014,0,0.69102,,,2.76190,0.15000,9.90271717e-05,0.0060176408,,,,0,,,,,,
229.100000,2291,,,15.8833,,,0.3005,0.6003,2.76720,0.0000,0x00,2,39,3,,5927,5010,0,0.69101,,,2.76720,0.15000,9.90360571e-05,0.00602754441,,,,0,,,,,,
229.200000,2292,,,15.8832,,,0.3001,0.6027,2.77249,0.0000,0x00,2,39,3,,5931,5009,0,0.69100,,,2.77249,0.15000,9.89162987e-05,0.00603743604,,,,0,,,,,,
229.300000,2293,,,15.8830,,,0.3001,0.6047,2.77778,0.0000,0x00,2,39,3,,5936,5008,0,0.69100,,,2.77778,0.15000,9.89146187e-05,0.0060473275,,,,0,,,,,,
229.400000,2294,,,15.8829,,,0.3001,0.6067,2.78307,0.0000,0x00,2,39,3,,5940,5007,0,0.69099,,,2.78307,0.15000,9.8913633e-05,0.00605721886,,,,0,,,,,,
229.500000,2295,,,15.8827,,,0.3001,0.6087,2.78836,0.0000,0x00,2,39,3,,5944,5006,0,0.69098,,,2.78836,0.15000,9.89126505e-05,0.00606711013,,,,0,,,,,,
229.600000,2296,,,15.8826,,,0.3001,0.6108,2.79365,0.0000,0x00,2,39,3,,5948,5005,0,0.69097,,,2.79365,0.15000,9.89116671e-05,0.0060770013,,,,0,,,,,,
229.700000,2297,,,15.8824,,,0.3001,0.6128,2.79894,0.0000,0x00,2,39,3,,5952,5004,0,0.69096,,,2.79894,0.15000,9.89106827e-05,0.00608689236,,,,0,,,,,,
229.800000,2298,,,15.8823,,,0.3001,0.6148,2.80423,0.0000,0x00,2,39,3,,5956,5003,0,0.69095,,,2.80423,0.15000,9.89096975e-05,0.00609678333,,,,0,,,,,,
229.900000,2299,,,15.8821,,,0.3001,0.6169,2.80952,0.0000,0x00,2,39,3,,5960,5002,0,0.69095,,,2.80952,0.15000,9.89087112e-05,0.0061066742,,,,0,,,,,,
230.000000,2300,,,15.8821,,,0.3000,0.6171,2.81481,0.0000,0x00,2,39,3,,5961,5002,0,0.69094,,,2.81481,0.15000,9.88692082e-05,0.00611656113,,,,0,,,,,,
230.100000,2301,,,15.8821,,,0.3000,0.6170,2.81958,0.0000,0x00,2,39,3,,5960,5002,0,0.69093,,,2.81958,0.15000,9.88647729e-05,0.0061264476,,,,0,,,,,,
230.200000,2302,,,15.8820,,,0.3001,0.6187,2.82434,0.0000,0x00,2,39,3,,5964,5001,0,0.69092,,,2.82434,0.15000,9.89033556e-05,0.00613633794,,,,0,,,,,,
230.300000,2303,,,15.8819,,,0.3001,0.6206,2.82910,0.0000,0x00,2,39,3,,5968,5000,0,0.69091,,,2.82910,0.15000,9.89027056e-05,0.00614622821,,,,0,,,,,,
230.400000,2304,,,15.8817,,,0.3001,0.6224,2.83386,0.0000,0x00,2,39,3,,5972,5000,0,0.69091,,,2.83386,0.15000,9.89018228e-05,0.00615611839,,,,0,,,,,,
230.500000,2305,,,15.8816,,,0.3001,0.6242,2.83862,0.0000,0x00,2,39,3,,5975,4999,0,0.69090,,,2.83862,0.15000,9.89009378e-05,0.00616600848,,,,0,,,,,,
230.600000,2306,,,15.8815,,,0.3001,0.6261,2.84339,0.0000,0x00,2,39,3,,5979,4998,0,0.69089,,,2.84339,0.15000,9.89000521e-05,0.00617589849,,,,0,,,,,,
230.700000,2307,,,15.8813,,,0.3001,0.6279,2.84815,0.0000,0x00,2,39,3,,5983,4997,0,0.69088,,,2.84815,0.15000,9.88991656e-05,0.00618578841,,,,0,,,,,,
230.800000,2308,,,15.8812,,,0.3001,0.6298,2.85291,0.0000,0x00,2,39,3,,5987,4996,0,0.69087,,,2.85291,0.15000,9.88982784e-05,0.00619567823,,,,0,,,,,,
230.900000,2309,,,15.8811,,,0.3001,0.6316,2.85767,0.0000,0x00,2,39,3,,5990,4995,0,0.69086,,,2.85767,0.15000,9.88973903e-05,0.00620556797,,,,0,,,,,,
231.000000,2310,,,15.8815,,,0.2996,0.6261,2.86243,0.0000,0x00,2,39,3,,5978,4998,0,0.69085,,,2.86243,0.15000,9.87418019e-05,0.00621544215,,,,0,,,,,,
231.100000,2311,,,15.8820,,,0.2996,0.6192,2.86508,0.0000,0x00,2,39,3,,5964,5001,0,0.69085,,,2.86508,0.15000,9.87262655e-05,0.00622531478,,,,0,,,,,,
231.200000,2312,,,15.8819,,,0.3001,0.6198,2.86772,0.0000,0x00,2,39,3,,5966,5001,0,0.69084,,,2.86772,0.15000,9.8885358e-05,0.00623520332,,,,0,,,,,,
231.300000,2313,,,15.8819,,,0.3001,0.6208,2.87037,0.0000,0x00,2,39,3,,5968,5000,0,0.69083,,,2.87037,0.15000,9.88858271e-05,0.0062450919,,,,0,,,,,,
231.400000,2314,,,15.8818,,,0.3001,0.6218,2.87302,0.0000,0x00,2,39,3,,5970,5000,0,0.69082,,,2.87302,0.15000,9.88853539e-05,0.00625498043,,,,0,,,,,,
231.500000,2315,,,15.8817,,,0.3001,0.6228,2.87566,0.0000,0x00,2,39,3,,5972,4999,0,0.69081,,,2.87566,0.15000,9.88848749e-05,0.00626486892,,,,0,,,,,,
231.600000,2316,,,15.8816,,,0.3001,0.6238,2.87831,0.0000,0x00,2,39,3,,5974,4999,0,0.69080,,,2.87831,0.15000,9.88843956e-05,0.00627475736,,,,0,,,,,,
231.700000,2317,,,15.8816,,,0.3001,0.6249,2.88095,0.0000,0x00,2,39,3,,5976,4998,0,0.69080,,,2.88095,0.15000,9.8883916e-05,0.00628464575,,,,0,,,,,,
231.800000,2318,,,15.8815,,,0.3001,0.6259,2.88360,0.0000,0x00,2,39,3,,5979,4998,0,0.69079,,,2.88360,0.15000,9.88834362e-05,0.0062945341,,,,0,,,,,,
231.900000,2319,,,15.8814,,,0.3001,0.6269,2.88624,0.0000,0x00,2,39,3,,5981,4998,0,0.69078,,,2.88624,0.15000,9.88829562e-05,0.00630442239,,,,0,,,,,,
232.000000,2320,,,15.8816,,,0.2998,0.6242,2.88889,0.0000,0x00,2,39,3,,5975,4999,0,0.69077,,,2.88889,0.15000,9.88040998e-05,0.0063143028,,,,0,,,,,,
232.100000,2321,,,15.8819,,,0.2998,0.6208,2.89048,0.0000,0x00,2,39,3,,5968,5000,0,0.69076,,,2.89048,0.15000,9.8796644e-05,0.00632418247,,,,0,,,,,,
232.200000,2322,,,15.8818,,,0.3000,0.6212,2.89206,0.0000,0x00,2,39,3,,5969,5000,0,0.69075,,,2.89206,0.15000,9.88768606e-05,0.00633407015,,,,0,,,,,,
232.300000,2323,,,15.8818,,,0.3000,0.6218,2.89365,0.0000,0x00,2,39,3,,5970,5000,0,0.69075,,,2.89365,0.15000,9.88770542e-05,0.00634395786,,,,0,,,,,,
232.400000,2324,,,15.8817,,,0.3000,0.6224,2.89524,0.0000,0x00,2,39,3,,5971,5000,0,0.69074,,,2.89524,0.15000,9.88767732e-05,0.00635384554,,,,0,,,,,,
232.500000,2325,,,15.8817,,,0.3000,0.6230,2.89683,0.0000,0x00,2,39,3,,5973,4999,0,0.69073,,,2.89683,0.15000,9.88764893e-05,0.00636373318,,,,0,,,,,,
232.600000,2326,,,15.8816,,,0.3000,0.6236,2.89841,0.0000,0x00,2,39,3,,5974,4999,0,0.69072,,,2.89841,0.15000,9.88762053e-05,0.0063736208,,,,0,,,,,,
232.700000,2327,,,15.8816,,,0.3000,0.6242,2.90000,0.0000,0x00,2,39,3,,5975,4999,0,0.69071,,,2.90000,0.15000,9.88759212e-05,0.0063835084,,,,0,,,,,,
232.800000,2328,,,15.8816,,,0.3000,0.6248,2.90159,0.0000,0x00,2,39,3,,5976,4999,0,0.69070,,,2.90159,0.15000,9.8875637e-05,0.00639339596,,,,0,,,,,,
232.900000,2329,,,15.8815,,,0.3000,0.6254,2.90317,0.0000,0x00,2,39,3,,5978,4998,0,0.69070,,,2.90317,0.15000,9.88753527e-05,0.0064032835,,,,0,,,,,,
233.000000,2330,,,15.8818,,,0.2998,0.6223,2.90476,0.0000,0x00,2,39,3,,5971,5000,0,0.69069,,,2.90476,0.15000,9.87960966e-05,0.00641316311,,,,0,,,,,,
233.100000,2331,,,15.8820,,,0.2998,0.6185,2.90529,0.0000,0x00,2,39,3,,5963,5002,0,0.69068,,,2.90529,0.15000,9.87888379e-05,0.00642304199,,,,0,,,,,,
233.200000,2332,,,15.8820,,,0.3000,0.6185,2.90582,0.0000,0x00,2,39,3,,5963,5002,0,0.69067,,,2.90582,0.15000,9.88698558e-05,0.00643292897,,,,0,,,,,,
233.300000,2333,,,15.8820,,,0.3000,0.6187,2.90635,0.0000,0x00,2,39,3,,5964,5001,0,0.69066,,,2.90635,0.15000,9.88702437e-05,0.006442816,,,,0,,,,,,
233.400000,2334,,,15.8820,,,0.3000,0.6189,2.90688,0.0000,0x00,2,39,3,,5964,5001,0,0.69065,,,2.90688,0.15000,9.88701533e-05,0.00645270301,,,,0,,,,,,
233.500000,2335,,,15.8820,,,0.3000,0.6191,2.90741,0.0000,0x00,2,39,3,,5965,5001,0,0.69065,,,2.90741,0.15000,9.887006e-05,0.00646259002,,,,0,,,,,,
233.600000,2336,,,15.8820,,,0.3000,0.6193,2.90794,0.0000,0x00,2,39,3,,5965,5001,0,0.69064,,,2.90794,0.15000,9.88699667e-05,0.00647247702,,,,0,,,,,,
233.700000,2337,,,15.8820,,,0.3000,0.6195,2.90847,0.0000,0x00,2,39,3,,5965,5001,0,0.69063,,,2.90847,0.15000,9.88698734e-05,0.006482364,,,,0,,,,,,
233.800000,2338,,,15.8819,,,0.3000,0.6197,2.90899,0.0000,0x00,2,39,3,,5966,5001,0,0.69062,,,2.90899,0.15000,9.88697801e-05,0.00649225098,,,,0,,,,,,
233.900000,2339,,,15.8819,,,0.3000,0.6199,2.90952,0.0000,0x00,2,39,3,,5966,5001,0,0.69061,,,2.90952,0.15000,9.88696868e-05,0.00650213795,,,,0,,,,,,
234.000000,2340,,,15.8822,,,0.2998,0.6163,2.91005,0.0000,0x00,2,39,3,,5959,5003,0,0.69060,,,2.91005,0.15000,9.87899512e-05,0.00651201695,,,,0,,,,,,
234.100000,2341,,,15.8825,,,0.2997,0.6122,2.90952,0.0000,0x00,2,39,3,,5950,5005,0,0.69060,,,2.90952,0.15000,9.87828578e-05,0.00652189523,,,,0,,,,,,
234.200000,2342,,,15.8825,,,0.3000,0.6117,2.90899,0.0000,0x00,2,39,3,,5950,5005,0,0.69059,,,2.90899,0.15000,9.88647401e-05,0.00653178171,,,,0,,,,,,
234.300000,2343,,,15.8825,,,0.3000,0.6115,2.90847,0.0000,0x00,2,39,3,,5949,5005,0,0.69058,,,2.90847,0.15000,9.88653172e-05,0.00654166824,,,,0,,,,,,
234.400000,2344,,,15.8826,,,0.3000,0.6113,2.90794,0.0000,0x00,2,39,3,,5949,5005,0,0.69057,,,2.90794,0.15000,9.88654118e-05,0.00655155478,,,,0,,,,,,
234.500000,2345,,,15.8826,,,0.3000,0.6111,2.90741,0.0000,0x00,2,39,3,,5948,5005,0,0.69056,,,2.90741,0.15000,9.88655036e-05,0.00656144133,,,,0,,,,,,
234.600000,2346,,,15.8826,,,0.3000,0.6109,2.90688,0.0000,0x00,2,39,3,,5948,5005,0,0.69055,,,2.90688,0.15000,9.88655953e-05,0.00657132789,,,,0,,,,,,
234.700000,2347,,,15.8826,,,0.3000,0.6107,2.90635,0.0000,0x00,2,39,3,,5948,5005,0,0.69055,,,2.90635,0.15000,9.8865687e-05,0.00658121446,,,,0,,,,,,
234.800000,2348,,,15.8826,,,0.3000,0.6105,2.90582,0.0000,0x00,2,39,3,,5947,5005,0,0.69054,,,2.90582,0.15000,9.88657787e-05,0.00659110104,,,,0,,,,,,
234.900000,2349,,,15.8826,,,0.3000,0.6103,2.90529,0.0000,0x00,2,39,3,,5947,5005,0,0.69053,,,2.90529,0.15000,9.88658704e-05,0.00660098762,,,,0,,,,,,
235.000000,2350,,,15.8829,,,0.2997,0.6064,2.90476,0.0000,0x00,2,39,3,,5938,5008,0,0.69052,,,2.90476,0.15000,9.87855708e-05,0.00661086618,,,,0,,,,,,
235.100000,2351,,,15.8833,,,0.2997,0.6018,2.90317,0.0000,0x00,2,39,3,,5929,5010,0,0.69051,,,2.90317,0.15000,9.87786098e-05,0.00662074404,,,,0,,,,,,
235.200000,2352,,,15.8833,,,0.3000,0.6009,2.90159,0.0000,0x00,2,39,3,,5928,5010,0,0.69051,,,2.90159,0.15000,9.88614223e-05,0.00663063018,,,,0,,,,,,
235.300000,2353,,,15.8834,,,0.3000,0.6003,2.90000,0.0000,0x00,2,39,3,,5926,5010,0,0.69050,,,2.90000,0.15000,9.88621824e-05,0.0066405164,,,,0,,,,,,
235.400000,2354,,,15.8834,,,0.3000,0.5998,2.89841,0.0000,0x00,2,39,3,,5925,5011,0,0.69049,,,2.89841,0.15000,9.88624553e-05,0.00665040265,,,,0,,,,,,
235.500000,2355,,,15.8835,,,0.3000,0.5992,2.89683,0.0000,0x00,2,39,3,,5924,5011,0,0.69048,,,2.89683,0.15000,9.88627252e-05,0.00666028892,,,,0,,,,,,
235.600000,2356,,,15.8835,,,0.3000,0.5986,2.89524,0.0000,0x00,2,39,3,,5923,5011,0,0.69047,,,2.89524,0.15000,9.8862995e-05,0.00667017522,,,,0,,,,,,
235.700000,2357,,,15.8836,,,0.3000,0.5980,2.89365,0.0000,0x00,2,39,3,,5922,5012,0,0.69047,,,2.89365,0.15000,9.88632647e-05,0.00668006155,,,,0,,,,,,
235.800000,2358,,,15.8836,,,0.3000,0.5974,2.89206,0.0000,0x00,2,39,3,,5920,5012,0,0.69046,,,2.89206,0.15000,9.88635342e-05,0.0066899479,,,,0,,,,,,
235.900000,2359,,,15.8836,,,0.3000,0.5968,2.89048,0.0000,0x00,2,39,3,,5919,5012,0,0.69045,,,2.89048,0.15000,9.88638037e-05,0.00669983428,,,,0,,,,,,
236.000000,2360,,,15.8832,,,0.3003,0.6018,2.88889,0.0000,0x00,2,39,3,,5930,5010,0,0.69044,,,2.88889,0.15000,9.89852036e-05,0.0067097328,,,,0,,,,,,
236.100000,2361,,,15.8828,,,0.3004,0.6077,2.88889,0.0000,0x00,2,39,3,,5942,5007,0,0.69043,,,2.88889,0.15000,9.89947367e-05,0.00671963227,,,,0,,,,,,
236.200000,2362,,,15.8828,,,0.3000,0.6081,2.88889,0.0000,0x00,2,39,3,,5942,5007,0,0.69043,,,2.88889,0.15000,9.88717458e-05,0.00672951945,,,,0,,,,,,
236.300000,2363,,,15.8828,,,0.3000,0.6081,2.88889,0.0000,0x00,2,39,3,,5942,5007,0,0.69042,,,2.88889,0.15000,9.887102e-05,0.00673940655,,,,0,,,,,,
236.400000,2364,,,15.8828,,,0.3000,0.6081,2.88889,0.0000,0x00,2,39,3,,5942,5007,0,0.69041,,,2.88889,0.15000,9.88710157e-05,0.00674929365,,,,0,,,,,,
236.500000,2365,,,15.8828,,,0.3000,0.6081,2.88889,0.0000,0x00,2,39,3,,5942,5007,0,0.69040,,,2.88889,0.15000,9.88710157e-05,0.00675918075,,,,0,,,,,,
236.600000,2366,,,15.8828,,,0.3000,0.6081,2.88889,0.0000,0x00,2,39,3,,5942,5007,0,0.69039,,,2.88889,0.15000,9.88710157e-05,0.00676906785,,,,0,,,,,,
236.700000,2367,,,15.8828,,,0.3000,0.6081,2.88889,0.0000,0x00,2,39,3,,5942,5007,0,0.69038,,,2.88889,0.15000,9.88710157e-05,0.00677895496,,,,0,,,,,,
236.800000,2368,,,15.8828,,,0.3000,0.6081,2.88889,0.0000,0x00,2,39,3,,5942,5007,0,0.69038,,,2.88889,0.15000,9.88710157e-05,0.00678884206,,,,0,,,,,,
236.900000,2369,,,15.8828,,,0.3000,0.6081,2.88889,0.0000,0x00,2,39,3,,5942,5007,0,0.69037,,,2.88889,0.15000,9.88710157e-05,0.00679872916,,,,0,,,,,,
237.000000,2370,,,15.8825,,,0.3002,0.6118,2.88889,0.0000,0x00,2,39,3,,5950,5005,0,0.69036,,,2.88889,0.15000,9.89507817e-05,0.00680862424,,,,0,,,,,,
237.100000,2371,,,15.8822,,,0.3003,0.6162,2.88995,0.0000,0x00,2,39,3,,5959,5003,0,0.69035,,,2.88995,0.15000,9.89571052e-05,0.00681851995,,,,0,,,,,,
237.200000,2372,,,15.8822,,,0.3000,0.6168,2.89101,0.0000,0x00,2,39,3,,5960,5002,0,0.69034,,,2.89101,0.15000,9.88757234e-05,0.00682840752,,,,0,,,,,,
237.300000,2373,,,15.8821,,,0.3000,0.6172,2.89206,0.0000,0x00,2,39,3,,5961,5002,0,0.69034,,,2.89206,0.15000,9.88750564e-05,0.00683829503,,,,0,,,,,,
237.400000,2374,,,15.8821,,,0.3000,0.6176,2.89312,0.0000,0x00,2,39,3,,5962,5002,0,0.69033,,,2.89312,0.15000,9.8874866e-05,0.00684818251,,,,0,,,,,,
237.500000,2375,,,15.8821,,,0.3000,0.6180,2.89418,0.0000,0x00,2,39,3,,5962,5002,0,0.69032,,,2.89418,0.15000,9.88746784e-05,0.00685806998,,,,0,,,,,,
237.600000,2376,,,15.8820,,,0.3000,0.6184,2.89524,0.0000,0x00,2,39,3,,5963,5002,0,0.69031,,,2.89524,0.15000,9.88744907e-05,0.00686795743,,,,0,,,,,,
237.700000,2377,,,15.8820,,,0.3000,0.6188,2.89630,0.0000,0x00,2,39,3,,5964,5001,0,0.69030,,,2.89630,0.15000,9.8874303e-05,0.00687784486,,,,0,,,,,,
237.800000,2378,,,15.8820,,,0.3000,0.6192,2.89735,0.0000,0x00,2,39,3,,5965,5001,0,0.69029,,,2.89735,0.15000,9.88741153e-05,0.00688773227,,,,0,,,,,,
237.900000,2379,,,15.8819,,,0.3000,0.6196,2.89841,0.0000,0x00,2,39,3,,5966,5001,0,0.69029,,,2.89841,0.15000,9.88739275e-05,0.00689761966,,,,0,,,,,,
238.000000,2380,,,15.8818,,,0.3001,0.6219,2.89947,0.0000,0x00,2,39,3,,5971,5000,0,0.69028,,,2.89947,0.15000,9.89132825e-05,0.00690751099,,,,0,,,,,,
238.100000,2381,,,15.8816,,,0.3002,0.6245,2.90106,0.0000,0x00,2,39,3,,5976,4999,0,0.69027,,,2.90106,0.15000,9.89163214e-05,0.00691740262,,,,0,,,,,,
238.200000,2382,,,15.8815,,,0.3000,0.6252,2.90265,0.0000,0x00,2,39,3,,5977,4998,0,0.69026,,,2.90265,0.15000,9.88756874e-05,0.00692729019,,,,0,,,,,,
238.300000,2383,,,15.8815,,,0.3000,0.6258,2.90423,0.0000,0x00,2,39,3,,5978,4998,0,0.69025,,,2.90423,0.15000,9.88751646e-05,0.00693717771,,,,0,,,,,,
238.400000,2384,,,15.8814,,,0.3000,0.6265,2.90582,0.0000,0x00,2,39,3,,5980,4998,0,0.69024,,,2.90582,0.15000,9.88748787e-05,0.0069470652,,,,0,,,,,,
238.500000,2385,,,15.8814,,,0.3000,0.6271,2.90741,0.0000,0x00,2,39,3,,5981,4997,0,0.69023,,,2.90741,0.15000,9.88745942e-05,0.00695695266,,,,0,,,,,,
238.600000,2386,,,15.8813,,,0.3000,0.6277,2.90899,0.0000,0x00,2,39,3,,5982,4997,0,0.69023,,,2.90899,0.15000,9.88743096e-05,0.00696684009,,,,0,,,,,,
238.700000,2387,,,15.8813,,,0.3000,0.6283,2.91058,0.0000,0x00,2,39,3,,5983,4997,0,0.69022,,,2.91058,0.15000,9.88740249e-05,0.00697672749,,,,0,,,,,,
238.800000,2388,,,15.8813,,,0.3000,0.6289,2.91217,0.0000,0x00,2,39,3,,5985,4997,0,0.69021,,,2.91217,0.15000,9.88737401e-05,0.00698661486,,,,0,,,,,,
238.900000,2389,,,15.8812,,,0.3000,0.6295,2.91376,0.0000,0x00,2,39,3,,5986,4996,0,0.69020,,,2.91376,0.15000,9.88734552e-05,0.00699650221,,,,0,,,,,,
239.000000,2390,,,15.8810,,,0.3002,0.6320,2.91534,0.0000,0x00,2,39,3,,5991,4995,0,0.69019,,,2.91534,0.15000,9.89124903e-05,0.00700639346,,,,0,,,,,,
239.100000,2391,,,15.8808,,,0.3002,0.6348,2.91746,0.0000,0x00,2,39,3,,5997,4994,0,0.69018,,,2.91746,0.15000,9.8915406e-05,0.007016285,,,,0,,,,,,
239.200000,2392,,,15.8808,,,0.3001,0.6357,2.91958,0.0000,0x00,2,39,3,,5999,4993,0,0.69018,,,2.91958,0.15000,9.88748892e-05,0.00702617249,,,,0,,,,,,
239.300000,2393,,,15.8807,,,0.3000,0.6366,2.92169,0.0000,0x00,2,39,3,,6000,4993,0,0.69017,,,2.92169,0.15000,9.88742685e-05,0.00703605991,,,,0,,,,,,
239.400000,2394,,,15.8806,,,0.3000,0.6374,2.92381,0.0000,0x00,2,39,3,,6002,4993,0,0.69016,,,2.92381,0.15000,9.88738834e-05,0.0070459473,,,,0,,,,,,
239.500000,2395,,,15.8806,,,0.3000,0.6382,2.92593,0.0000,0x00,2,39,3,,6004,4992,0,0.69015,,,2.92593,0.15000,9.88734995e-05,0.00705583465,,,,0,,,,,,
239.600000,2396,,,15.8805,,,0.3000,0.6390,2.92804,0.0000,0x00,2,39,3,,6005,4992,0,0.69014,,,2.92804,0.15000,9.88731154e-05,0.00706572196,,,,0,,,,,,
239.700000,2397,,,15.8804,,,0.3000,0.6398,2.93016,0.0000,0x00,2,39,3,,6007,4992,0,0.69013,,,2.93016,0.15000,9.88727312e-05,0.00707560924,,,,0,,,,,,
239.800000,2398,,,15.8804,,,0.3000,0.6407,2.93228,0.0000,0x00,2,39,3,,6009,4991,0,0.69012,,,2.93228,0.15000,9.88723468e-05,0.00708549647,,,,0,,,,,,
239.900000,2399,,,15.8803,,,0.3000,0.6415,2.93439,0.0000,0x00,2,39,3,,6010,4991,0,0.69012,,,2.93439,0.15000,9.88719623e-05,0.00709538367,,,,0,,,,,,
240.000000,2400,,,15.8806,,,0.2998,0.6385,2.93651,0.0000,0x00,2,39,3,,6004,4992,0,0.69011,,,2.93651,0.15000,9.87931479e-05,0.00710526298,,,,0,,,,,,
240.100000,2401,,,15.8808,,,0.2998,0.6349,2.93757,0.0000,0x00,2,39,3,,5996,4994,0,0.69010,,,2.93757,0.15000,9.87858852e-05,0.00711514157,,,,0,,,,,,
240.200000,2402,,,15.8808,,,0.3000,0.6350,2.93862,0.0000,0x00,2,39,3,,5997,4994,0,0.69009,,,2.93862,0.15000,9.88662813e-05,0.0071250282,,,,0,,,,,,
240.300000,2403,,,15.8808,,,0.3000,0.6355,2.93968,0.0000,0x00,2,39,3,,5998,4994,0,0.69008,,,2.93968,0.15000,9.88665698e-05,0.00713491486,,,,0,,,,,,
240.400000,2404,,,15.8807,,,0.3000,0.6359,2.94074,0.0000,0x00,2,39,3,,5999,4993,0,0.69007,,,2.94074,0.15000,9.88663832e-05,0.0071448015,,,,0,,,,,,
240.500000,2405,,,15.8807,,,0.3000,0.6363,2.94180,0.0000,0x00,2,39,3,,6000,4993,0,0.69006,,,2.94180,0.15000,9.88661938e-05,0.00715468811,,,,0,,,,,,
240.600000,2406,,,15.8807,,,0.3000,0.6367,2.94286,0.0000,0x00,2,39,3,,6000,4993,0,0.69006,,,2.94286,0.15000,9.88660043e-05,0.00716457472,,,,0,,,,,,
240.700000,2407,,,15.8807,,,0.3000,0.6371,2.94392,0.0000,0x00,2,39,3,,6001,4993,0,0.69005,,,2.94392,0.15000,9.88658148e-05,0.0071744613,,,,0,,,,,,
240.800000,2408,,,15.8806,,,0.3000,0.6375,2.94497,0.0000,0x00,2,39,3,,6002,4993,0,0.69004,,,2.94497,0.15000,9.88656252e-05,0.00718434786,,,,0,,,,,,
240.900000,2409,,,15.8806,,,0.3000,0.6379,2.94603,0.0000,0x00,2,39,3,,6003,4993,0,0.69003,,,2.94603,0.15000,9.88654356e-05,0.0071942344,,,,0,,,,,,
241.000000,2410,,,15.8803,,,0.3003,0.6421,2.94709,0.0000,0x00,2,39,3,,6012,4991,0,0.69002,,,2.94709,0.15000,9.89439474e-05,0.0072041288,,,,0,,,,,,
241.100000,2411,,,15.8799,,,0.3003,0.6470,2.94921,0.0000,0x00,2,39,3,,6022,4988,0,0.69001,,,2.94921,0.15000,9.89499188e-05,0.00721402379,,,,0,,,,,,
241.200000,2412,,,15.8798,,,0.3001,0.6480,2.95132,0.0000,0x00,2,39,3,,6024,4988,0,0.69000,,,2.95132,0.15000,9.88693562e-05,0.00722391073,,,,0,,,,,,
241.300000,2413,,,15.8798,,,0.3000,0.6489,2.95344,0.0000,0x00,2,39,3,,6025,4988,0,0.69000,,,2.95344,0.15000,9.8868497e-05,0.00723379757,,,,0,,,,,,
241.400000,2414,,,15.8797,,,0.3000,0.6497,2.95556,0.0000,0x00,2,39,3,,6027,4987,0,0.68999,,,2.95556,0.15000,9.8868108e-05,0.00724368439,,,,0,,,,,,
241.500000,2415,,,15.8797,,,0.3000,0.6505,2.95767,0.0000,0x00,2,39,3,,6029,4987,0,0.68998,,,2.95767,0.15000,9.88677217e-05,0.00725357116,,,,0,,,,,,
241.600000,2416,,,15.8796,,,0.3000,0.6513,2.95979,0.0000,0x00,2,39,3,,6030,4987,0,0.68997,,,2.95979,0.15000,9.88673352e-05,0.00726345789,,,,0,,,,,,
241.700000,2417,,,15.8795,,,0.3000,0.6522,2.96190,0.0000,0x00,2,39,3,,6032,4986,0,0.68996,,,2.96190,0.15000,9.88669486e-05,0.00727334459,,,,0,,,,,,
241.800000,2418,,,15.8795,,,0.3000,0.6530,2.96402,0.0000,0x00,2,39,3,,6034,4986,0,0.68995,,,2.96402,0.15000,9.88665618e-05,0.00728323124,,,,0,,,,,,
241.900000,2419,,,15.8794,,,0.3000,0.6538,2.96614,0.0000,0x00,2,39,3,,6035,4986,0,0.68994,,,2.96614,0.15000,9.88661749e-05,0.00729311786,,,,0,,,,,,
242.000000,2420,,,15.8797,,,0.2998,0.6508,2.96825,0.0000,0x00,2,39,3,,6029,4987,0,0.68993,,,2.96825,0.15000,9.87875552e-05,0.00730299662,,,,0,,,,,,
242.100000,2421,,,15.8799,,,0.2998,0.6471,2.96931,0.0000,0x00,2,39,3,,6021,4989,0,0.68993,,,2.96931,0.15000,9.87803667e-05,0.00731287465,,,,0,,,,,,
242.200000,2422,,,15.8799,,,0.3000,0.6473,2.97037,0.0000,0x00,2,39,3,,6022,4988,0,0.68992,,,2.97037,0.15000,9.88605836e-05,0.00732276071,,,,0,,,,,,
242.300000,2423,,,15.8799,,,0.3000,0.6477,2.97143,0.0000,0x00,2,39,3,,6023,4988,0,0.68991,,,2.97143,0.15000,9.88608699e-05,0.0073326468,,,,0,,,,,,
242.400000,2424,,,15.8798,,,0.3000,0.6481,2.97249,0.0000,0x00,2,39,3,,6024,4988,0,0.68990,,,2.97249,0.15000,9.88606821e-05,0.00734253287,,,,0,,,,,,
242.500000,2425,,,15.8798,,,0.3000,0.6485,2.97354,0.0000,0x00,2,39,3,,6025,4988,0,0.68989,,,2.97354,0.15000,9.88604914e-05,0.00735241891,,,,0,,,,,,
242.600000,2426,,,15.8798,,,0.3000,0.6489,2.97460,0.0000,0x00,2,39,3,,6025,4988,0,0.68988,,,2.97460,0.15000,9.88603007e-05,0.00736230494,,,,0,,,,,,
242.700000,2427,,,15.8797,,,0.3000,0.6494,2.97566,0.0000,0x00,2,39,3,,6026,4987,0,0.68987,,,2.97566,0.15000,9.88601099e-05,0.00737219096,,,,0,,,,,,
242.800000,2428,,,15.8797,,,0.3000,0.6498,2.97672,0.0000,0x00,2,39,3,,6027,4987,0,0.68986,,,2.97672,0.15000,9.88599191e-05,0.00738207695,,,,0,,,,,,
242.900000,2429,,,15.8797,,,0.3000,0.6502,2.97778,0.0000,0x00,2,39,3,,6028,4987,0,0.68986,,,2.97778,0.15000,9.88597283e-05,0.00739196292,,,,0,,,,,,
243.000000,2430,,,15.8795,,,0.3001,0.6525,2.97884,0.0000,0x00,2,39,3,,6033,4986,0,0.68985,,,2.97884,0.15000,9.88988326e-05,0.0074018528,,,,0,,,,,,
243.100000,2431,,,15.8793,,,0.3002,0.6552,2.98042,0.0000,0x00,2,39,3,,6038,4985,0,0.68984,,,2.98042,0.15000,9.89017753e-05,0.00741174298,,,,0,,,,,,
243.200000,2432,,,15.8793,,,0.3000,0.6559,2.98201,0.0000,0x00,2,39,3,,6040,4985,0,0.68983,,,2.98201,0.15000,9.88613574e-05,0.00742162912,,,,0,,,,,,
243.300000,2433,,,15.8792,,,0.3000,0.6565,2.98360,0.0000,0x00,2,39,3,,6041,4984,0,0.68982,,,2.98360,0.15000,9.88608314e-05,0.0074315152,,,,0,,,,,,
243.400000,2434,,,15.8792,,,0.3000,0.6572,2.98519,0.0000,0x00,2,39,3,,6042,4984,0,0.68981,,,2.98519,0.15000,9.8860541e-05,0.00744140125,,,,0,,,,,,
243.500000,2435,,,15.8791,,,0.3000,0.6578,2.98677,0.0000,0x00,2,39,3,,6043,4984,0,0.68980,,,2.98677,0.15000,9.88602519e-05,0.00745128728,,,,0,,,,,,
243.600000,2436,,,15.8791,,,0.3000,0.6584,2.98836,0.0000,0x00,2,39,3,,6045,4984,0,0.68979,,,2.98836,0.15000,9.88599627e-05,0.00746117328,,,,0,,,,,,
243.700000,2437,,,15.8790,,,0.3000,0.6590,2.98995,0.0000,0x00,2,39,3,,6046,4983,0,0.68979,,,2.98995,0.15000,9.88596734e-05,0.00747105924,,,,0,,,,,,
243.800000,2438,,,15.8790,,,0.3000,0.6596,2.99153,0.0000,0x00,2,39,3,,6047,4983,0,0.68978,,,2.99153,0.15000,9.88593841e-05,0.00748094518,,,,0,,,,,,
243.900000,2439,,,15.8789,,,0.3000,0.6602,2.99312,0.0000,0x00,2,39,3,,6048,4983,0,0.68977,,,2.99312,0.15000,9.88590946e-05,0.00749083109,,,,0,,,,,,
244.000000,2440,,,15.8792,,,0.2998,0.6570,2.99471,0.0000,0x00,2,39,3,,6041,4984,0,0.68976,,,2.99471,0.15000,9.87803955e-05,0.00750070913,,,,0,,,,,,
244.100000,2441,,,15.8795,,,0.2998,0.6531,2.99524,0.0000,0x00,2,39,3,,6033,4986,0,0.68975,,,2.99524,0.15000,9.87733487e-05,0.00751058647,,,,0,,,,,,
244.200000,2442,,,15.8795,,,0.3000,0.6531,2.99577,0.0000,0x00,2,39,3,,6034,4986,0,0.68974,,,2.99577,0.15000,9.88538569e-05,0.00752047185,,,,0,,,,,,
244.300000,2443,,,15.8795,,,0.3000,0.6533,2.99630,0.0000,0x00,2,39,3,,6034,4986,0,0.68973,,,2.99630,0.15000,9.885424e-05,0.00753035728,,,,0,,,,,,
244.400000,2444,,,15.8794,,,0.3000,0.6535,2.99683,0.0000,0x00,2,39,3,,6035,4986,0,0.68972,,,2.99683,0.15000,9.88541478e-05,0.00754024269,,,,0,,,,,,
244.500000,2445,,,15.8794,,,0.3000,0.6537,2.99735,0.0000,0x00,2,39,3,,6035,4986,0,0.68971,,,2.99735,0.15000,9.88540528e-05,0.0075501281,,,,0,,,,,,
244.600000,2446,,,15.8794,,,0.3000,0.6539,2.99788,0.0000,0x00,2,39,3,,6035,4986,0,0.68971,,,2.99788,0.15000,9.88539577e-05,0.00756001349,,,,0,,,,,,
244.700000,2447,,,15.8794,,,0.3000,0.6541,2.99841,0.0000,0x00,2,39,3,,6036,4985,0,0.68970,,,2.99841,0.15000,9.88538627e-05,0.00756989888,,,,0,,,,,,
244.800000,2448,,,15.8794,,,0.3000,0.6543,2.99894,0.0000,0x00,2,39,3,,6036,4985,0,0.68969,,,2.99894,0.15000,9.88537676e-05,0.00757978425,,,,0,,,,,,
244.900000,2449,,,15.8794,,,0.3000,0.6545,2.99947,0.0000,0x00,2,39,3,,6037,4985,0,0.68968,,,2.99947,0.15000,9.88536725e-05,0.00758966962,,,,0,,,,,,
245.000000,2450,,,15.8795,,,0.2999,0.6528,3.00000,0.0000,0x00,2,39,3,,6033,4986,0,0.68967,,,3.00000,0.15000,9.88140871e-05,0.00759955103,,,,0,,,,,,
245.100000,2451,,,15.8797,,,0.2999,0.6507,3.00000,0.0000,0x00,2,39,3,,6029,4987,0,0.68966,,,3.00000,0.15000,9.88106926e-05,0.0076094321,,,,0,,,,,,
245.200000,2452,,,15.8797,,,0.3000,0.6506,3.00000,0.0000,0x00,2,39,3,,6029,4987,0,0.68965,,,3.00000,0.15000,9.88511964e-05,0.00761931722,,,,0,,,,,,
245.300000,2453,,,15.8797,,,0.3000,0.6506,3.00000,0.0000,0x00,2,39,3,,6029,4987,0,0.68964,,,3.00000,0.15000,9.88514364e-05,0.00762920236,,,,0,,,,,,
245.400000,2454,,,15.8797,,,0.3000,0.6506,3.00000,0.0000,0x00,2,39,3,,6029,4987,0,0.68964,,,3.00000,0.15000,9.88514378e-05,0.00763908751,,,,0,,,,,,
245.500000,2455,,,15.8797,,,0.3000,0.6506,3.00000,0.0000,0x00,2,39,3,,6029,4987,0,0.68963,,,3.00000,0.15000,9.88514378e-05,0.00764897265,,,,0,,,,,,
245.600000,2456,,,15.8797,,,0.3000,0.6506,3.00000,0.0000,0x00,2,39,3,,6029,4987,0,0.68962,,,3.00000,0.15000,9.88514378e-05,0.00765885779,,,,0,,,,,,
245.700000,2457,,,15.8797,,,0.3000,0.6506,3.00000,0.0000,0x00,2,39,3,,6029,4987,0,0.68961,,,3.00000,0.15000,9.88514378e-05,0.00766874294,,,,0,,,,,,
245.800000,2458,,,15.8797,,,0.3000,0.6506,3.00000,0.0000,0x00,2,39,3,,6029,4987,0,0.68960,,,3.00000,0.15000,9.88514378e-05,0.00767862808,,,,0,,,,,,
245.900000,2459,,,15.8797,,,0.3000,0.6506,3.00000,0.0000,0x00,2,39,3,,6029,4987,0,0.68959,,,3.00000,0.15000,9.88514378e-05,0.00768851323,,,,0,,,,,,
246.000000,2460,,,15.8800,,,0.2998,0.6467,3.00000,0.0000,0x00,2,39,3,,6020,4989,0,0.68958,,,3.00000,0.15000,9.8772016e-05,0.00769839043,,,,0,,,,,,
246.100000,2461,,,15.8803,,,0.2997,0.6422,2.99894,0.0000,0x00,2,39,3,,6011,4991,0,0.68957,,,2.99894,0.15000,9.87652119e-05,0.00770826695,,,,0,,,,,,
246.200000,2462,,,15.8803,,,0.3000,0.6415,2.99788,0.0000,0x00,2,39,3,,6010,4991,0,0.68957,,,2.99788,0.15000,9.88470246e-05,0.00771815165,,,,0,,,,,,
246.300000,2463,,,15.8804,,,0.3000,0.6411,2.99683,0.0000,0x00,2,39,3,,6009,4991,0,0.68956,,,2.99683,0.15000,9.88476946e-05,0.00772803642,,,,0,,,,,,
246.400000,2464,,,15.8804,,,0.3000,0.6407,2.99577,0.0000,0x00,2,39,3,,6009,4991,0,0.68955,,,2.99577,0.15000,9.88478829e-05,0.00773792121,,,,0,,,,,,
246.500000,2465,,,15.8804,,,0.3000,0.6403,2.99471,0.0000,0x00,2,39,3,,6008,4991,0,0.68954,,,2.99471,0.15000,9.88480683e-05,0.00774780601,,,,0,,,,,,
246.600000,2466,,,15.8804,,,0.3000,0.6399,2.99365,0.0000,0x00,2,39,3,,6007,4992,0,0.68953,,,2.99365,0.15000,9.88482536e-05,0.00775769084,,,,0,,,,,,
246.700000,2467,,,15.8805,,,0.3000,0.6395,2.99259,0.0000,0x00,2,39,3,,6006,4992,0,0.68952,,,2.99259,0.15000,9.88484389e-05,0.00776757568,,,,0,,,,,,
246.800000,2468,,,15.8805,,,0.3000,0.6391,2.99153,0.0000,0x00,2,39,3,,6005,4992,0,0.68951,,,2.99153,0.15000,9.88486242e-05,0.00777746055,,,,0,,,,,,
246.900000,2469,,,15.8805,,,0.3000,0.6387,2.99048,0.0000,0x00,2,39,3,,6004,4992,0,0.68951,,,2.99048,0.15000,9.88488094e-05,0.00778734543,,,,0,,,,,,
247.000000,2470,,,15.8803,,,0.3002,0.6421,2.98942,0.0000,0x00,2,39,3,,6012,4991,0,0.68950,,,2.98942,0.15000,9.89288322e-05,0.00779723831,,,,0,,,,,,
247.100000,2471,,,15.8800,,,0.3002,0.6462,2.98942,0.0000,0x00,2,39,3,,6020,4989,0,0.68949,,,2.98942,0.15000,9.89351354e-05,0.00780713182,,,,0,,,,,,
247.200000,2472,,,15.8800,,,0.3000,0.6465,2.98942,0.0000,0x00,2,39,3,,6020,4989,0,0.68948,,,2.98942,0.15000,9.88538055e-05,0.0078170172,,,,0,,,,,,
247.300000,2473,,,15.8800,,,0.3000,0.6465,2.98942,0.0000,0x00,2,39,3,,6020,4989,0,0.68947,,,2.98942,0.15000,9.88533251e-05,0.00782690254,,,,0,,,,,,
247.400000,2474,,,15.8800,,,0.3000,0.6465,2.98942,0.0000,0x00,2,39,3,,6020,4989,0,0.68946,,,2.98942,0.15000,9.88533222e-05,0.00783678787,,,,0,,,,,,
247.500000,2475,,,15.8800,,,0.3000,0.6465,2.98942,0.0000,0x00,2,39,3,,6020,4989,0,0.68945,,,2.98942,0.15000,9.88533222e-05,0.0078466732,,,,0,,,,,,
247.600000,2476,,,15.8800,,,0.3000,0.6465,2.98942,0.0000,0x00,2,39,3,,6020,4989,0,0.68945,,,2.98942,0.15000,9.88533222e-05,0.00785655853,,,,0,,,,,,
247.700000,2477,,,15.8800,,,0.3000,0.6465,2.98942,0.0000,0x00,2,39,3,,6020,4989,0,0.68944,,,2.98942,0.15000,9.88533222e-05,0.00786644387,,,,0,,,,,,
247.800000,2478,,,15.8800,,,0.3000,0.6465,2.98942,0.0000,0x00,2,39,3,,6020,4989,0,0.68943,,,2.98942,0.15000,9.88533222e-05,0.0078763292,,,,0,,,,,,
247.900000,2479,,,15.8800,,,0.3000,0.6465,2.98942,0.0000,0x00,2,39,3,,6020,4989,0,0.68942,,,2.98942,0.15000,9.88533222e-05,0.00788621453,,,,0,,,,,,
248.000000,2480,,,15.8800,,,0.3000,0.6465,2.98942,0.0000,0x00,2,39,3,,6020,4989,0,0.68941,,,2.98942,0.15000,9.88533222e-05,0.00789609986,,,,0,,,,,,
248.100000,2481,,,15.8800,,,0.3000,0.6465,2.98942,0.0000,0x00,2,39,3,,6020,4989,0,0.68940,,,2.98942,0.15000,9.88533222e-05,0.0079059852,,,,0,,,,,,
248.200000,2482,,,15.8800,,,0.3000,0.6465,2.98942,0.0000,0x00,2,39,3,,6020,4989,0,0.68939,,,2.98942,0.15000,9.88533222e-05,0.00791587053,,,,0,,,,,,
248.300000,2483,,,15.8800,,,0.3000,0.6465,2.98942,0.0000,0x00,2,39,3,,6020,4989,0,0.68938,,,2.98942,0.15000,9.88533222e-05,0.00792575586,,,,0,,,,,,
248.400000,2484,,,15.8800,,,0.3000,0.6465,2.98942,0.0000,0x00,2,39,3,,6020,4989,0,0.68938,,,2.98942,0.15000,9.88533222e-05,0.00793564119,,,,0,,,,,,
248.500000,2485,,,15.8800,,,0.3000,0.6465,2.98942,0.0000,0x00,2,39,3,,6020,4989,0,0.68937,,,2.98942,0.15000,9.88533222e-05,0.00794552652,,,,0,,,,,,
248.600000,2486,,,15.8800,,,0.3000,0.6465,2.98942,0.0000,0x00,2,39,3,,6020,4989,0,0.68936,,,2.98942,0.15000,9.88533222e-05,0.00795541186,,,,0,,,,,,
248.700000,2487,,,15.8800,,,0.3000,0.6465,2.98942,0.0000,0x00,2,39,3,,6020,4989,0,0.68935,,,2.98942,0.15000,9.88533222e-05,0.00796529719,,,,0,,,,,,
248.800000,2488,,,15.8800,,,0.3000,0.6465,2.98942,0.0000,0x00,2,39,3,,6020,4989,0,0.68934,,,2.98942,0.15000,9.88533222e-05,0.00797518252,,,,0,,,,,,
248.900000,2489,,,15.8800,,,0.3000,0.6465,2.98942,0.0000,0x00,2,39,3,,6020,4989,0,0.68933,,,2.98942,0.15000,9.88533222e-05,0.00798506785,,,,0,,,,,,
249.000000,2490,,,15.8800,,,0.3000,0.6465,2.98942,0.0000,0x00,2,39,3,,6020,4989,0,0.68932,,,2.98942,0.15000,9.88533222e-05,0.00799495319,,,,0,,,,,,
249.100000,2491,,,15.8800,,,0.3000,0.6465,2.98942,0.0000,0x00,2,39,3,,6020,4989,0,0.68931,,,2.98942,0.15000,9.88533222e-05,0.00800483852,,,,0,,,,,,
249.200000,2492,,,15.8800,,,0.3000,0.6465,2.98942,0.0000,0x00,2,39,3,,6020,4989,0,0.68931,,,2.98942,0.15000,9.88533222e-05,0.00801472385,,,,0,,,,,,
249.300000,2493,,,15.8800,,,0.3000,0.6465,2.98942,0.0000,0x00,2,39,3,,6020,4989,0,0.68930,,,2.98942,0.15000,9.88533222e-05,0.00802460918,,,,0,,,,,,
249.400000,2494,,,15.8800,,,0.3000,0.6465,2.98942,0.0000,0x00,2,39,3,,6020,4989,0,0.68929,,,2.98942,0.15000,9.88533222e-05,0.00803449451,,,,0,,,,,,
249.500000,2495,,,15.8800,,,0.3000,0.6465,2.98942,0.0000,0x00,2,39,3,,6020,4989,0,0.68928,,,2.98942,0.15000,9.88533222e-05,0.00804437985,,,,0,,,,,,
249.600000,2496,,,15.8800,,,0.3000,0.6465,2.98942,0.0000,0x00,2,39,3,,6020,4989,0,0.68927,,,2.98942,0.15000,9.88533222e-05,0.00805426518,,,,0,,,,,,
249.700000,2497,,,15.8800,,,0.3000,0.6465,2.98942,0.0000,0x00,2,39,3,,6020,4989,0,0.68926,,,2.98942,0.15000,9.88533222e-05,0.00806415051,,,,0,,,,,,
249.800000,2498,,,15.8800,,,0.3000,0.6465,2.98942,0.0000,0x00,2,39,3,,6020,4989,0,0.68925,,,2.98942,0.15000,9.88533222e-05,0.00807403584,,,,0,,,,,,
249.900000,2499,,,15.8800,,,0.3000,0.6465,2.98942,0.0000,0x00,2,39,3,,6020,4989,0,0.68925,,,2.98942,0.15000,9.88533222e-05,0.00808392118,,,,0,,,,,,
250.000000,2500,,,15.8800,,,0.3000,0.6465,2.98942,0.0000,0x00,2,39,3,,6020,4989,0,0.68924,,,2.98942,0.15000,9.88533222e-05,0.00809380651,,,,0,,,,,,
250.100000,2501,,,15.8800,,,0.3000,0.6465,2.98942,0.0000,0x00,2,39,3,,6020,4989,0,0.68923,,,2.98942,0.15000,9.88533222e-05,0.00810369184,,,,0,,,,,,
250.200000,2502,,,15.8800,,,0.3000,0.6465,2.98942,0.0000,0x00,2,39,3,,6020,4989,0,0.68922,,,2.98942,0.15000,9.88533222e-05,0.00811357717,,,,0,,,,,,
250.300000,2503,,,15.8800,,,0.3000,0.6465,2.98942,0.0000,0x00,2,39,3,,6020,4989,0,0.68921,,,2.98942,0.15000,9.88533222e-05,0.0081234625,,,,0,,,,,,
250.400000,2504,,,15.8800,,,0.3000,0.6465,2.98942,0.0000,0x00,2,39,3,,6020,4989,0,0.68920,,,2.98942,0.15000,9.88533222e-05,0.00813334784,,,,0,,,,,,
250.500000,2505,,,15.8800,,,0.3000,0.6465,2.98942,0.0000,0x00,2,39,3,,6020,4989,0,0.68919,,,2.98942,0.15000,9.88533222e-05,0.00814323317,,,,0,,,,,,
250.600000,2506,,,15.8800,,,0.3000,0.6465,2.98942,0.0000,0x00,2,39,3,,6020,4989,0,0.68918,,,2.98942,0.15000,9.88533222e-05,0.0081531185,,,,0,,,,,,
250.700000,2507,,,15.8800,,,0.3000,0.6465,2.98942,0.0000,0x00,2,39,3,,6020,4989,0,0.68918,,,2.98942,0.15000,9.88533222e-05,0.00816300383,,,,0,,,,,,
250.800000,2508,,,15.8800,,,0.3000,0.6465,2.98942,0.0000,0x00,2,39,3,,6020,4989,0,0.68917,,,2.98942,0.15000,9.88533222e-05,0.00817288917,,,,0,,,,,,
250.900000,2509,,,15.8800,,,0.3000,0.6465,2.98942,0.0000,0x00,2,39,3,,6020,4989,0,0.68916,,,2.98942,0.15000,9.88533222e-05,0.0081827745,,,,0,,,,,,
251.000000,2510,,,15.8800,,,0.3000,0.6465,2.98942,0.0000,0x00,2,39,3,,6020,4989,0,0.68915,,,2.98942,0.15000,9.88533222e-05,0.00819265983,,,,0,,,,,,
251.100000,2511,,,15.8800,,,0.3000,0.6465,2.98942,0.0000,0x00,2,39,3,,6020,4989,0,0.68914,,,2.98942,0.15000,9.88533222e-05,0.00820254516,,,,0,,,,,,
251.200000,2512,,,15.8800,,,0.3000,0.6465,2.98942,0.0000,0x00,2,39,3,,6020,4989,0,0.68913,,,2.98942,0.15000,9.88533222e-05,0.00821243049,,,,0,,,,,,
251.300000,2513,,,15.8800,,,0.3000,0.6465,2.98942,0.0000,0x00,2,39,3,,6020,4989,0,0.68912,,,2.98942,0.15000,9.88533222e-05,0.00822231583,,,,0,,,,,,
251.400000,2514,,,15.8800,,,0.3000,0.6465,2.98942,0.0000,0x00,2,39,3,,6020,4989,0,0.68912,,,2.98942,0.15000,9.88533222e-05,0.00823220116,,,,0,,,,,,
251.500000,2515,,,15.8800,,,0.3000,0.6465,2.98942,0.0000,0x00,2,39,3,,6020,4989,0,0.68911,,,2.98942,0.15000,9.88533222e-05,0.00824208649,,,,0,,,,,,
251.600000,2516,,,15.8800,,,0.3000,0.6465,2.98942,0.0000,0x00,2,39,3,,6020,4989,0,0.68910,,,2.98942,0.15000,9.88533222e-05,0.00825197182,,,,0,,,,,,
251.700000,2517,,,15.8800,,,0.3000,0.6465,2.98942,0.0000,0x00,2,39,3,,6020,4989,0,0.68909,,,2.98942,0.15000,9.88533222e-05,0.00826185716,,,,0,,,,,,
251.800000,2518,,,15.8800,,,0.3000,0.6465,2.98942,0.0000,0x00,2,39,3,,6020,4989,0,0.68908,,,2.98942,0.15000,9.88533222e-05,0.00827174249,,,,0,,,,,,
251.900000,2519,,,15.8800,,,0.3000,0.6465,2.98942,0.0000,0x00,2,39,3,,6020,4989,0,0.68907,,,2.98942,0.15000,9.88533222e-05,0.00828162782,,,,0,,,,,,
252.000000,2520,,,15.8801,,,0.2999,0.6446,2.98942,0.0000,0x00,2,39,3,,6016,4990,0,0.68906,,,2.98942,0.15000,9.88136221e-05,0.00829150918,,,,0,,,,,,
252.100000,2521,,,15.8803,,,0.2999,0.6423,2.98889,0.0000,0x00,2,39,3,,6012,4991,0,0.68905,,,2.98889,0.15000,9.88103011e-05,0.00830139021,,,,0,,,,,,
252.200000,2522,,,15.8803,,,0.3000,0.6420,2.98836,0.0000,0x00,2,39,3,,6011,4991,0,0.68905,,,2.98836,0.15000,9.88511053e-05,0.00831127532,,,,0,,,,,,
252.300000,2523,,,15.8803,,,0.3000,0.6418,2.98783,0.0000,0x00,2,39,3,,6011,4991,0,0.68904,,,2.98783,0.15000,9.88514399e-05,0.00832116047,,,,0,,,,,,
252.400000,2524,,,15.8803,,,0.3000,0.6416,2.98730,0.0000,0x00,2,39,3,,6010,4991,0,0.68903,,,2.98730,0.15000,9.88515347e-05,0.00833104562,,,,0,,,,,,
252.500000,2525,,,15.8803,,,0.3000,0.6414,2.98677,0.0000,0x00,2,39,3,,6010,4991,0,0.68902,,,2.98677,0.15000,9.8851628e-05,0.00834093078,,,,0,,,,,,
252.600000,2526,,,15.8804,,,0.3000,0.6412,2.98624,0.0000,0x00,2,39,3,,6009,4991,0,0.68901,,,2.98624,0.15000,9.88517212e-05,0.00835081595,,,,0,,,,,,
252.700000,2527,,,15.8804,,,0.3000,0.6410,2.98571,0.0000,0x00,2,39,3,,6009,4991,0,0.68900,,,2.98571,0.15000,9.88518145e-05,0.00836070114,,,,0,,,,,,
252.800000,2528,,,15.8804,,,0.3000,0.6408,2.98519,0.0000,0x00,2,39,3,,6009,4991,0,0.68899,,,2.98519,0.15000,9.88519078e-05,0.00837058633,,,,0,,,,,,
252.900000,2529,,,15.8804,,,0.3000,0.6406,2.98466,0.0000,0x00,2,39,3,,6008,4991,0,0.68899,,,2.98466,0.15000,9.8852001e-05,0.00838047153,,,,0,,,,,,
253.000000,2530,,,15.8807,,,0.2997,0.6365,2.98413,0.0000,0x00,2,39,3,,6000,4993,0,0.68898,,,2.98413,0.15000,9.87722139e-05,0.00839034875,,,,0,,,,,,
253.100000,2531,,,15.8811,,,0.2997,0.6318,2.98254,0.0000,0x00,2,39,3,,5990,4995,0,0.68897,,,2.98254,0.15000,9.87654451e-05,0.00840022529,,,,0,,,,,,
253.200000,2532,,,15.8811,,,0.3000,0.6309,2.98095,0.0000,0x00,2,39,3,,5989,4996,0,0.68896,,,2.98095,0.15000,9.88477992e-05,0.00841011007,,,,0,,,,,,
253.300000,2533,,,15.8812,,,0.3000,0.6303,2.97937,0.0000,0x00,2,39,3,,5987,4996,0,0.68895,,,2.97937,0.15000,9.88485614e-05,0.00841999493,,,,0,,,,,,
253.400000,2534,,,15.8812,,,0.3000,0.6297,2.97778,0.0000,0x00,2,39,3,,5986,4996,0,0.68894,,,2.97778,0.15000,9.8848839e-05,0.00842987981,,,,0,,,,,,
253.500000,2535,,,15.8812,,,0.3000,0.6291,2.97619,0.0000,0x00,2,39,3,,5985,4997,0,0.68893,,,2.97619,0.15000,9.88491137e-05,0.00843976472,,,,0,,,,,,
253.600000,2536,,,15.8813,,,0.3000,0.6285,2.97460,0.0000,0x00,2,39,3,,5984,4997,0,0.68893,,,2.97460,0.15000,9.88493883e-05,0.00844964966,,,,0,,,,,,
253.700000,2537,,,15.8813,,,0.3000,0.6279,2.97302,0.0000,0x00,2,39,3,,5983,4997,0,0.68892,,,2.97302,0.15000,9.88496628e-05,0.00845953463,,,,0,,,,,,
253.800000,2538,,,15.8814,,,0.3000,0.6273,2.97143,0.0000,0x00,2,39,3,,5981,4997,0,0.68891,,,2.97143,0.15000,9.88499372e-05,0.00846941962,,,,0,,,,,,
253.900000,2539,,,15.8814,,,0.3000,0.6267,2.96984,0.0000,0x00,2,39,3,,5980,4998,0,0.68890,,,2.96984,0.15000,9.88502115e-05,0.00847930464,,,,0,,,,,,
254.000000,2540,,,15.8815,,,0.3000,0.6261,2.96825,0.0000,0x00,2,39,3,,5979,4998,0,0.68889,,,2.96825,0.15000,9.88504857e-05,0.00848918969,,,,0,,,,,,
254.100000,2541,,,15.8815,,,0.3000,0.6255,2.96667,0.0000,0x00,2,39,3,,5978,4998,0,0.68888,,,2.96667,0.15000,9.88507598e-05,0.00849907477,,,,0,,,,,,
254.200000,2542,,,15.8816,,,0.3000,0.6249,2.96508,0.0000,0x00,2,39,3,,5976,4999,0,0.68888,,,2.96508,0.15000,9.88510338e-05,0.00850895987,,,,0,,,,,,
254.300000,2543,,,15.8816,,,0.3000,0.6243,2.96349,0.0000,0x00,2,39,3,,5975,4999,0,0.68887,,,2.96349,0.15000,9.88513077e-05,0.008518845,,,,0,,,,,,
254.400000,2544,,,15.8816,,,0.3000,0.6237,2.96190,0.0000,0x00,2,39,3,,5974,4999,0,0.68886,,,2.96190,0.15000,9.88515815e-05,0.00852873016,,,,0,,,,,,
254.500000,2545,,,15.8817,,,0.3000,0.6231,2.96032,0.0000,0x00,2,39,3,,5973,4999,0,0.68885,,,2.96032,0.15000,9.88518553e-05,0.00853861535,,,,0,,,,,,
254.600000,2546,,,15.8817,,,0.3000,0.6225,2.95873,0.0000,0x00,2,39,3,,5971,5000,0,0.68884,,,2.95873,0.15000,9.88521289e-05,0.00854850056,,,,0,,,,,,
254.700000,2547,,,15.8818,,,0.3000,0.6219,2.95714,0.0000,0x00,2,39,3,,5970,5000,0,0.68883,,,2.95714,0.15000,9.88524024e-05,0.0085583858,,,,0,,,,,,
254.800000,2548,,,15.8818,,,0.3000,0.6213,2.95556,0.0000,0x00,2,39,3,,5969,5000,0,0.68883,,,2.95556,0.15000,9.88526758e-05,0.00856827107,,,,0,,,,,,
254.900000,2549,,,15.8819,,,0.3000,0.6207,2.95397,0.0000,0x00,2,39,3,,5968,5000,0,0.68882,,,2.95397,0.15000,9.88529492e-05,0.00857815636,,,,0,,,,,,
255.000000,2550,,,15.8825,,,0.2995,0.6125,2.95238,0.0000,0x00,2,39,3,,5950,5005,0,0.68881,,,2.95238,0.15000,9.86912272e-05,0.00858802549,,,,0,,,,,,
255.100000,2551,,,15.8832,,,0.2994,0.6030,2.94868,0.0000,0x00,2,39,3,,5931,5009,0,0.68880,,,2.94868,0.15000,9.86767606e-05,0.00859789316,,,,0,,,,,,
255.200000,2552,,,15.8833,,,0.2999,0.6011,2.94497,0.0000,0x00,2,39,3,,5928,5010,0,0.68879,,,2.94497,0.15000,9.88444844e-05,0.00860777761,,,,0,,,,,,
255.300000,2553,,,15.8834,,,0.2999,0.5997,2.94127,0.0000,0x00,2,39,3,,5925,5011,0,0.68878,,,2.94127,0.15000,9.88460942e-05,0.00861766222,,,,0,,,,,,
255.400000,2554,,,15.8835,,,0.2999,0.5984,2.93757,0.0000,0x00,2,39,3,,5922,5012,0,0.68878,,,2.93757,0.15000,9.88467142e-05,0.00862754689,,,,0,,,,,,
255.500000,2555,,,15.8836,,,0.2999,0.5970,2.93386,0.0000,0x00,2,39,3,,5919,5012,0,0.68877,,,2.93386,0.15000,9.88473277e-05,0.00863743162,,,,0,,,,,,
255.600000,2556,,,15.8837,,,0.2999,0.5956,2.93016,0.0000,0x00,2,39,3,,5917,5013,0,0.68876,,,2.93016,0.15000,9.88479407e-05,0.00864731642,,,,0,,,,,,
255.700000,2557,,,15.8838,,,0.2999,0.5942,2.92646,0.0000,0x00,2,39,3,,5914,5014,0,0.68875,,,2.92646,0.15000,9.88485531e-05,0.00865720127,,,,0,,,,,,
255.800000,2558,,,15.8839,,,0.2999,0.5929,2.92275,0.0000,0x00,2,39,3,,5911,5014,0,0.68874,,,2.92275,0.15000,9.88491649e-05,0.00866708619,,,,0,,,,,,
255.900000,2559,,,15.8840,,,0.2999,0.5915,2.91905,0.0000,0x00,2,39,3,,5908,5015,0,0.68874,,,2.91905,0.15000,9.88497763e-05,0.00867697117,,,,0,,,,,,
256.000000,2560,,,15.8838,,,0.3002,0.5939,2.91534,0.0000,0x00,2,39,3,,5914,5014,0,0.68873,,,2.91534,0.15000,9.89325455e-05,0.00868686442,,,,0,,,,,,
256.100000,2561,,,15.8836,,,0.3002,0.5969,2.91270,0.0000,0x00,2,39,3,,5920,5012,0,0.68872,,,2.91270,0.15000,9.89395138e-05,0.00869675837,,,,0,,,,,,
256.200000,2562,,,15.8837,,,0.2999,0.5961,2.91005,0.0000,0x00,2,39,3,,5918,5013,0,0.68871,,,2.91005,0.15000,9.88563754e-05,0.00870664401,,,,0,,,,,,
256.300000,2563,,,15.8838,,,0.2999,0.5951,2.90741,0.0000,0x00,2,39,3,,5916,5013,0,0.68870,,,2.90741,0.15000,9.88563242e-05,0.00871652964,,,,0,,,,,,
256.400000,2564,,,15.8838,,,0.2999,0.5942,2.90476,0.0000,0x00,2,39,3,,5914,5014,0,0.68870,,,2.90476,0.15000,9.88567642e-05,0.00872641532,,,,0,,,,,,
256.500000,2565,,,15.8839,,,0.2999,0.5932,2.90212,0.0000,0x00,2,39,3,,5912,5014,0,0.68869,,,2.90212,0.15000,9.88572068e-05,0.00873630104,,,,0,,,,,,
256.600000,2566,,,15.8840,,,0.2999,0.5922,2.89947,0.0000,0x00,2,39,3,,5910,5015,0,0.68868,,,2.89947,0.15000,9.88576491e-05,0.0087461868,,,,0,,,,,,
256.700000,2567,,,15.8841,,,0.2999,0.5912,2.89683,0.0000,0x00,2,39,3,,5908,5015,0,0.68867,,,2.89683,0.15000,9.88580911e-05,0.00875607261,,,,0,,,,,,
256.800000,2568,,,15.8841,,,0.2999,0.5902,2.89418,0.0000,0x00,2,39,3,,5906,5016,0,0.68866,,,2.89418,0.15000,9.88585329e-05,0.00876595847,,,,0,,,,,,
256.900000,2569,,,15.8842,,,0.2999,0.5892,2.89153,0.0000,0x00,2,39,3,,5904,5016,0,0.68866,,,2.89153,0.15000,9.88589744e-05,0.00877584436,,,,0,,,,,,
257.000000,2570,,,15.8841,,,0.3001,0.5901,2.88889,0.0000,0x00,2,39,3,,5906,5016,0,0.68865,,,2.88889,0.15000,9.89002548e-05,0.00878573439,,,,0,,,,,,
257.100000,2571,,,15.8840,,,0.3001,0.5913,2.88677,0.0000,0x00,2,39,3,,5908,5015,0,0.68864,,,2.88677,0.15000,9.89039877e-05,0.00879562479,,,,0,,,,,,
257.200000,2572,,,15.8841,,,0.3000,0.5906,2.88466,0.0000,0x00,2,39,3,,5907,5015,0,0.68863,,,2.88466,0.15000,9.88627069e-05,0.00880551106,,,,0,,,,,,
257.300000,2573,,,15.8842,,,0.2999,0.5899,2.88254,0.0000,0x00,2,39,3,,5905,5016,0,0.68862,,,2.88254,0.15000,9.8862816e-05,0.00881539734,,,,0,,,,,,
257.400000,2574,,,15.8842,,,0.2999,0.5891,2.88042,0.0000,0x00,2,39,3,,5903,5016,0,0.68862,,,2.88042,0.15000,9.886317e-05,0.00882528366,,,,0,,,,,,
257.500000,2575,,,15.8843,,,0.2999,0.5883,2.87831,0.0000,0x00,2,39,3,,5902,5017,0,0.68861,,,2.87831,0.15000,9.88635252e-05,0.00883517001,,,,0,,,,,,
257.600000,2576,,,15.8843,,,0.2999,0.5875,2.87619,0.0000,0x00,2,39,3,,5900,5017,0,0.68860,,,2.87619,0.15000,9.88638803e-05,0.0088450564,,,,0,,,,,,
257.700000,2577,,,15.8844,,,0.2999,0.5867,2.87407,0.0000,0x00,2,39,3,,5899,5018,0,0.68859,,,2.87407,0.15000,9.88642351e-05,0.00885494282,,,,0,,,,,,
257.800000,2578,,,15.8844,,,0.2999,0.5859,2.87196,0.0000,0x00,2,39,3,,5897,5018,0,0.68859,,,2.87196,0.15000,9.88645898e-05,0.00886482928,,,,0,,,,,,
257.900000,2579,,,15.8845,,,0.2999,0.5851,2.86984,0.0000,0x00,2,39,3,,5895,5018,0,0.68858,,,2.86984,0.15000,9.88649444e-05,0.00887471578,,,,0,,,,,,
258.000000,2580,,,15.8843,,,0.3002,0.5881,2.86772,0.0000,0x00,2,39,3,,5902,5017,0,0.68857,,,2.86772,0.15000,9.8946647e-05,0.00888461044,,,,0,,,,,,
258.100000,2581,,,15.8840,,,0.3002,0.5916,2.86667,0.0000,0x00,2,39,3,,5909,5015,0,0.68856,,,2.86667,0.15000,9.8953428e-05,0.00889450578,,,,0,,,,,,
258.200000,2582,,,15.8840,,,0.3000,0.5914,2.86561,0.0000,0x00,2,39,3,,5908,5015,0,0.68855,,,2.86561,0.15000,9.88708596e-05,0.00890439287,,,,0,,,,,,
258.300000,2583,,,15.8841,,,0.3000,0.5910,2.86455,0.0000,0x00,2,39,3,,5908,5015,0,0.68855,,,2.86455,0.15000,9.88705507e-05,0.00891427992,,,,0,,,,,,
258.400000,2584,,,15.8841,,,0.3000,0.5906,2.86349,0.0000,0x00,2,39,3,,5907,5015,0,0.68854,,,2.86349,0.15000,9.88707279e-05,0.008924167,,,,0,,,,,,
258.500000,2585,,,15.8841,,,0.3000,0.5903,2.86243,0.0000,0x00,2,39,3,,5906,5016,0,0.68853,,,2.86243,0.15000,9.8870908e-05,0.00893405409,,,,0,,,,,,
258.600000,2586,,,15.8842,,,0.3000,0.5899,2.86138,0.0000,0x00,2,39,3,,5905,5016,0,0.68852,,,2.86138,0.15000,9.88710881e-05,0.0089439412,,,,0,,,,,,
258.700000,2587,,,15.8842,,,0.3000,0.5895,2.86032,0.0000,0x00,2,39,3,,5904,5016,0,0.68851,,,2.86032,0.15000,9.88712681e-05,0.00895382832,,,,0,,,,,,
258.800000,2588,,,15.8842,,,0.3000,0.5891,2.85926,0.0000,0x00,2,39,3,,5904,5016,0,0.68851,,,2.85926,0.15000,9.8871448e-05,0.00896371547,,,,0,,,,,,
258.900000,2589,,,15.8842,,,0.3000,0.5887,2.85820,0.0000,0x00,2,39,3,,5903,5017,0,0.68850,,,2.85820,0.15000,9.88716279e-05,0.00897360263,,,,0,,,,,,
259.000000,2590,,,15.8844,,,0.2998,0.5864,2.85714,0.0000,0x00,2,39,3,,5898,5018,0,0.68849,,,2.85714,0.15000,9.88313269e-05,0.00898348576,,,,0,,,,,,
259.100000,2591,,,15.8846,,,0.2998,0.5839,2.85556,0.0000,0x00,2,39,3,,5893,5019,0,0.68848,,,2.85556,0.15000,9.88280091e-05,0.00899336856,,,,0,,,,,,
259.200000,2592,,,15.8846,,,0.3000,0.5832,2.85397,0.0000,0x00,2,39,3,,5892,5019,0,0.68847,,,2.85397,0.15000,9.88697281e-05,0.00900325554,,,,0,,,,,,
259.300000,2593,,,15.8847,,,0.3000,0.5826,2.85238,0.0000,0x00,2,39,3,,5890,5020,0,0.68847,,,2.85238,0.15000,9.88702411e-05,0.00901314256,,,,0,,,,,,
259.400000,2594,,,15.8847,,,0.3000,0.5820,2.85079,0.0000,0x00,2,39,3,,5889,5020,0,0.68846,,,2.85079,0.15000,9.88705097e-05,0.00902302961,,,,0,,,,,,
259.500000,2595,,,15.8848,,,0.3000,0.5814,2.84921,0.0000,0x00,2,39,3,,5888,5020,0,0.68845,,,2.84921,0.15000,9.88707767e-05,0.00903291669,,,,0,,,,,,
259.600000,2596,,,15.8848,,,0.3000,0.5808,2.84762,0.0000,0x00,2,39,3,,5887,5021,0,0.68844,,,2.84762,0.15000,9.88710436e-05,0.00904280379,,,,0,,,,,,
259.700000,2597,,,15.8849,,,0.3000,0.5802,2.84603,0.0000,0x00,2,39,3,,5886,5021,0,0.68844,,,2.84603,0.15000,9.88713104e-05,0.00905269093,,,,0,,,,,,
259.800000,2598,,,15.8849,,,0.3000,0.5797,2.84444,0.0000,0x00,2,39,3,,5884,5021,0,0.68843,,,2.84444,0.15000,9.88715771e-05,0.00906257808,,,,0,,,,,,
259.900000,2599,,,15.8850,,,0.3000,0.5791,2.84286,0.0000,0x00,2,39,3,,5883,5022,0,0.68842,,,2.84286,0.15000,9.88718437e-05,0.00907246527,,,,0,,,,,,
260.000000,2600,,,15.8847,,,0.3002,0.5821,2.84127,0.0000,0x00,2,39,3,,5890,5020,0,0.68841,,,2.84127,0.15000,9.89532565e-05,0.00908236059,,,,0,,,,,,
260.100000,2601,,,15.8844,,,0.3002,0.5858,2.84074,0.0000,0x00,2,39,3,,5897,5018,0,0.68840,,,2.84074,0.15000,9.89599985e-05,0.00909225659,,,,0,,,,,,
260.200000,2602,,,15.8844,,,0.3000,0.5859,2.84021,0.0000,0x00,2,39,3,,5897,5018,0,0.68840,,,2.84021,0.15000,9.88775574e-05,0.00910214435,,,,0,,,,,,
260.300000,2603,,,15.8845,,,0.3000,0.5857,2.83968,0.0000,0x00,2,39,3,,5897,5018,0,0.68839,,,2.83968,0.15000,9.88771601e-05,0.00911203206,,,,0,,,,,,
260.400000,2604,,,15.8845,,,0.3000,0.5855,2.83915,0.0000,0x00,2,39,3,,5896,5018,0,0.68838,,,2.83915,0.15000,9.88772476e-05,0.00912191979,,,,0,,,,,,
260.500000,2605,,,15.8845,,,0.3000,0.5853,2.83862,0.0000,0x00,2,39,3,,5896,5018,0,0.68837,,,2.83862,0.15000,9.88773379e-05,0.00913180752,,,,0,,,,,,
260.600000,2606,,,15.8845,,,0.3000,0.5851,2.83810,0.0000,0x00,2,39,3,,5895,5018,0,0.68837,,,2.83810,0.15000,9.88774283e-05,0.00914169527,,,,0,,,,,,
260.700000,2607,,,15.8845,,,0.3000,0.5849,2.83757,0.0000,0x00,2,39,3,,5895,5019,0,0.68836,,,2.83757,0.15000,9.88775186e-05,0.00915158302,,,,0,,,,,,
260.800000,2608,,,15.8845,,,0.3000,0.5847,2.83704,0.0000,0x00,2,39,3,,5895,5019,0,0.68835,,,2.83704,0.15000,9.88776089e-05,0.00916147078,,,,0,,,,,,
260.900000,2609,,,15.8845,,,0.3000,0.5845,2.83651,0.0000,0x00,2,39,3,,5894,5019,0,0.68834,,,2.83651,0.15000,9.88776992e-05,0.00917135855,,,,0,,,,,,
261.000000,2610,,,15.8840,,,0.3005,0.5916,2.83598,0.0000,0x00,2,39,3,,5910,5015,0,0.68833,,,2.83598,0.15000,9.90383225e-05,0.00918126238,,,,0,,,,,,
261.100000,2611,,,15.8834,,,0.3005,0.6000,2.83757,0.0000,0x00,2,39,3,,5927,5010,0,0.68833,,,2.83757,0.15000,9.90505971e-05,0.00919116744,,,,0,,,,,,
261.200000,2612,,,15.8833,,,0.3000,0.6011,2.83915,0.0000,0x00,2,39,3,,5928,5010,0,0.68832,,,2.83915,0.15000,9.888771e-05,0.00920105621,,,,0,,,,,,
261.300000,2613,,,15.8833,,,0.3000,0.6017,2.84074,0.0000,0x00,2,39,3,,5929,5010,0,0.68831,,,2.84074,0.15000,9.88864713e-05,0.00921094486,,,,0,,,,,,
261.400000,2614,,,15.8832,,,0.3000,0.6023,2.84233,0.0000,0x00,2,39,3,,5930,5009,0,0.68830,,,2.84233,0.15000,9.88861849e-05,0.00922083348,,,,0,,,,,,
261.500000,2615,,,15.8832,,,0.3000,0.6029,2.84392,0.0000,0x00,2,39,3,,5932,5009,0,0.68829,,,2.84392,0.15000,9.8885904e-05,0.00923072207,,,,0,,,,,,
261.600000,2616,,,15.8831,,,0.3000,0.6035,2.84550,0.0000,0x00,2,39,3,,5933,5009,0,0.68829,,,2.84550,0.15000,9.8885623e-05,0.00924061063,,,,0,,,,,,
261.700000,2617,,,15.8831,,,0.3000,0.6041,2.84709,0.0000,0x00,2,39,3,,5934,5009,0,0.68828,,,2.84709,0.15000,9.88853419e-05,0.00925049916,,,,0,,,,,,
261.800000,2618,,,15.8831,,,0.3000,0.6047,2.84868,0.0000,0x00,2,39,3,,5935,5008,0,0.68827,,,2.84868,0.15000,9.88850608e-05,0.00926038767,,,,0,,,,,,
261.900000,2619,,,15.8830,,,0.3000,0.6053,2.85026,0.0000,0x00,2,39,3,,5937,5008,0,0.68826,,,2.85026,0.15000,9.88847796e-05,0.00927027615,,,,0,,,,,,
262.000000,2620,,,15.8833,,,0.2998,0.6022,2.85185,0.0000,0x00,2,39,3,,5930,5010,0,0.68825,,,2.85185,0.15000,9.88052045e-05,0.00928015667,,,,0,,,,,,
262.100000,2621,,,15.8835,,,0.2998,0.5985,2.85238,0.0000,0x00,2,39,3,,5922,5012,0,0.68824,,,2.85238,0.15000,9.87978188e-05,0.00929003645,,,,0,,,,,,
262.200000,2622,,,15.8835,,,0.3000,0.5984,2.85291,0.0000,0x00,2,39,3,,5923,5011,0,0.68824,,,2.85291,0.15000,9.88791277e-05,0.00929992436,,,,0,,,,,,
262.300000,2623,,,15.8835,,,0.3000,0.5986,2.85344,0.0000,0x00,2,39,3,,5923,5011,0,0.68823,,,2.85344,0.15000,9.88795183e-05,0.00930981232,,,,0,,,,,,
262.400000,2624,,,15.8835,,,0.3000,0.5988,2.85397,0.0000,0x00,2,39,3,,5923,5011,0,0.68822,,,2.85397,0.15000,9.8879429e-05,0.00931970026,,,,0,,,,,,
262.500000,2625,,,15.8835,,,0.3000,0.5990,2.85450,0.0000,0x00,2,39,3,,5924,5011,0,0.68821,,,2.85450,0.15000,9.88793367e-05,0.00932958819,,,,0,,,,,,
262.600000,2626,,,15.8835,,,0.3000,0.5992,2.85503,0.0000,0x00,2,39,3,,5924,5011,0,0.68820,,,2.85503,0.15000,9.88792445e-05,0.00933947612,,,,0,,,,,,
262.700000,2627,,,15.8834,,,0.3000,0.5994,2.85556,0.0000,0x00,2,39,3,,5925,5011,0,0.68820,,,2.85556,0.15000,9.88791522e-05,0.00934936403,,,,0,,,,,,
262.800000,2628,,,15.8834,,,0.3000,0.5996,2.85608,0.0000,0x00,2,39,3,,5925,5011,0,0.68819,,,2.85608,0.15000,9.88790599e-05,0.00935925194,,,,0,,,,,,
262.900000,2629,,,15.8834,,,0.3000,0.5998,2.85661,0.0000,0x00,2,39,3,,5925,5011,0,0.68818,,,2.85661,0.15000,9.88789676e-05,0.00936913983,,,,0,,,,,,
263.000000,2630,,,15.8834,,,0.3000,0.6000,2.85714,0.0000,0x00,2,39,3,,5926,5011,0,0.68817,,,2.85714,0.15000,9.88788753e-05,0.00937902772,,,,0,,,,,,
263.100000,2631,,,15.8834,,,0.3000,0.6002,2.85767,0.0000,0x00,2,39,3,,5926,5011,0,0.68816,,,2.85767,0.15000,9.8878783e-05,0.0093889156,,,,0,,,,,,
263.200000,2632,,,15.8834,,,0.3000,0.6004,2.85820,0.0000,0x00,2,39,3,,5927,5010,0,0.68816,,,2.85820,0.15000,9.88786907e-05,0.00939880347,,,,0,,,,,,
263.300000,2633,,,15.8834,,,0.3000,0.6006,2.85873,0.0000,0x00,2,39,3,,5927,5010,0,0.68815,,,2.85873,0.15000,9.88785984e-05,0.00940869133,,,,0,,,,,,
263.400000,2634,,,15.8833,,,0.3000,0.6008,2.85926,0.0000,0x00,2,39,3,,5928,5010,0,0.68814,,,2.85926,0.15000,9.88785061e-05,0.00941857918,,,,0,,,,,,
263.500000,2635,,,15.8833,,,0.3000,0.6010,2.85979,0.0000,0x00,2,39,3,,5928,5010,0,0.68813,,,2.85979,0.15000,9.88784137e-05,0.00942846702,,,,0,,,,,,
263.600000,2636,,,15.8833,,,0.3000,0.6012,2.86032,0.0000,0x00,2,39,3,,5928,5010,0,0.68812,,,2.86032,0.15000,9.88783213e-05,0.00943835485,,,,0,,,,,,
263.700000,2637,,,15.8833,,,0.3000,0.6014,2.86085,0.0000,0x00,2,39,3,,5929,5010,0,0.68812,,,2.86085,0.15000,9.8878229e-05,0.00944824268,,,,0,,,,,,
263.800000,2638,,,15.8833,,,0.3000,0.6016,2.86138,0.0000,0x00,2,39,3,,5929,5010,0,0.68811,,,2.86138,0.15000,9.88781366e-05,0.00945813049,,,,0,,,,,,
263.900000,2639,,,15.8833,,,0.3000,0.6018,2.86190,0.0000,0x00,2,39,3,,5930,5010,0,0.68810,,,2.86190,0.15000,9.88780442e-05,0.00946801829,,,,0,,,,,,
264.000000,2640,,,15.8834,,,0.2999,0.6002,2.86243,0.0000,0x00,2,39,3,,5926,5011,0,0.68809,,,2.86243,0.15000,9.88380287e-05,0.0094779021,,,,0,,,,,,
264.100000,2641,,,15.8835,,,0.2999,0.5982,2.86243,0.0000,0x00,2,39,3,,5922,5012,0,0.68808,,,2.86243,0.15000,9.88344722e-05,0.00948778554,,,,0,,,,,,
264.200000,2642,,,15.8835,,,0.3000,0.5981,2.86243,0.0000,0x00,2,39,3,,5922,5012,0,0.68808,,,2.86243,0.15000,9.88753656e-05,0.00949767308,,,,0,,,,,,
264.300000,2643,,,15.8835,,,0.3000,0.5981,2.86243,0.0000,0x00,2,39,3,,5922,5012,0,0.68807,,,2.86243,0.15000,9.8875608e-05,0.00950756064,,,,0,,,,,,
264.400000,2644,,,15.8835,,,0.3000,0.5981,2.86243,0.0000,0x00,2,39,3,,5922,5012,0,0.68806,,,2.86243,0.15000,9.88756094e-05,0.0095174482,,,,0,,,,,,
264.500000,2645,,,15.8835,,,0.3000,0.5981,2.86243,0.0000,0x00,2,39,3,,5922,5012,0,0.68805,,,2.86243,0.15000,9.88756094e-05,0.00952733576,,,,0,,,,,,
264.600000,2646,,,15.8835,,,0.3000,0.5981,2.86243,0.0000,0x00,2,39,3,,5922,5012,0,0.68804,,,2.86243,0.15000,9.88756094e-05,0.00953722332,,,,0,,,,,,
264.700000,2647,,,15.8835,,,0.3000,0.5981,2.86243,0.0000,0x00,2,39,3,,5922,5012,0,0.68804,,,2.86243,0.15000,9.88756094e-05,0.00954711089,,,,0,,,,,,
264.800000,2648,,,15.8835,,,0.3000,0.5981,2.86243,0.0000,0x00,2,39,3,,5922,5012,0,0.68803,,,2.86243,0.15000,9.88756094e-05,0.00955699845,,,,0,,,,,,
264.900000,2649,,,15.8835,,,0.3000,0.5981,2.86243,0.0000,0x00,2,39,3,,5922,5012,0,0.68802,,,2.86243,0.15000,9.88756094e-05,0.00956688601,,,,0,,,,,,
265.000000,2650,,,15.8840,,,0.2996,0.5926,2.86243,0.0000,0x00,2,39,3,,5910,5015,0,0.68801,,,2.86243,0.15000,9.87550271e-05,0.00957676151,,,,0,,,,,,
265.100000,2651,,,15.8845,,,0.2996,0.5861,2.86085,0.0000,0x00,2,39,3,,5897,5018,0,0.68800,,,2.86085,0.15000,9.87440354e-05,0.00958663591,,,,0,,,,,,
265.200000,2652,,,15.8845,,,0.3000,0.5851,2.85926,0.0000,0x00,2,39,3,,5896,5018,0,0.68800,,,2.85926,0.15000,9.88683424e-05,0.00959652275,,,,0,,,,,,
265.300000,2653,,,15.8845,,,0.3000,0.5846,2.85767,0.0000,0x00,2,39,3,,5894,5019,0,0.68799,,,2.85767,0.15000,9.88693472e-05,0.00960640968,,,,0,,,,,,
265.400000,2654,,,15.8846,,,0.3000,0.5840,2.85608,0.0000,0x00,2,39,3,,5893,5019,0,0.68798,,,2.85608,0.15000,9.8869619e-05,0.00961629664,,,,0,,,,,,
265.500000,2655,,,15.8846,,,0.3000,0.5834,2.85450,0.0000,0x00,2,39,3,,5892,5019,0,0.68797,,,2.85450,0.15000,9.88698863e-05,0.00962618363,,,,0,,,,,,
265.600000,2656,,,15.8847,,,0.3000,0.5828,2.85291,0.0000,0x00,2,39,3,,5891,5020,0,0.68796,,,2.85291,0.15000,9.88701535e-05,0.00963607065,,,,0,,,,,,
265.700000,2657,,,15.8847,,,0.3000,0.5822,2.85132,0.0000,0x00,2,39,3,,5890,5020,0,0.68796,,,2.85132,0.15000,9.88704207e-05,0.00964595769,,,,0,,,,,,
265.800000,2658,,,15.8848,,,0.3000,0.5816,2.84974,0.0000,0x00,2,39,3,,5888,5020,0,0.68795,,,2.84974,0.15000,9.88706877e-05,0.00965584476,,,,0,,,,,,
265.900000,2659,,,15.8848,,,0.3000,0.5810,2.84815,0.0000,0x00,2,39,3,,5887,5021,0,0.68794,,,2.84815,0.15000,9.88709546e-05,0.00966573185,,,,0,,,,,,
266.000000,2660,,,15.8850,,,0.2998,0.5786,2.84656,0.0000,0x00,2,39,3,,5882,5022,0,0.68793,,,2.84656,0.15000,9.88305235e-05,0.00967561491,,,,0,,,,,,
266.100000,2661,,,15.8852,,,0.2998,0.5759,2.84444,0.0000,0x00,2,39,3,,5876,5024,0,0.68793,,,2.84444,0.15000,9.88272706e-05,0.00968549763,,,,0,,,,,,
266.200000,2662,,,15.8853,,,0.2999,0.5750,2.84233,0.0000,0x00,2,39,3,,5875,5024,0,0.68792,,,2.84233,0.15000,9.8869289e-05,0.00969538456,,,,0,,,,,,
266.300000,2663,,,15.8853,,,0.2999,0.5742,2.84021,0.0000,0x00,2,39,3,,5873,5024,0,0.68791,,,2.84021,0.15000,9.88698883e-05,0.00970527155,,,,0,,,,,,
266.400000,2664,,,15.8854,,,0.2999,0.5734,2.83810,0.0000,0x00,2,39,3,,5872,5025,0,0.68790,,,2.83810,0.15000,9.88702417e-05,0.00971515858,,,,0,,,,,,
266.500000,2665,,,15.8854,,,0.2999,0.5726,2.83598,0.0000,0x00,2,39,3,,5870,5025,0,0.68789,,,2.83598,0.15000,9.88705935e-05,0.00972504564,,,,0,,,,,,
266.600000,2666,,,15.8855,,,0.2999,0.5719,2.83386,0.0000,0x00,2,39,3,,5868,5026,0,0.68789,,,2.83386,0.15000,9.88709451e-05,0.00973493273,,,,0,,,,,,
266.700000,2667,,,15.8855,,,0.2999,0.5711,2.83175,0.0000,0x00,2,39,3,,5867,5026,0,0.68788,,,2.83175,0.15000,9.88712965e-05,0.00974481986,,,,0,,,,,,
266.800000,2668,,,15.8856,,,0.2999,0.5703,2.82963,0.0000,0x00,2,39,3,,5865,5027,0,0.68787,,,2.82963,0.15000,9.88716478e-05,0.00975470702,,,,0,,,,,,
266.900000,2669,,,15.8857,,,0.2999,0.5695,2.82751,0.0000,0x00,2,39,3,,5864,5027,0,0.68786,,,2.82751,0.15000,9.88719989e-05,0.00976459422,,,,0,,,,,,
267.000000,2670,,,15.8857,,,0.2999,0.5687,2.82540,0.0000,0x00,2,39,3,,5862,5027,0,0.68786,,,2.82540,0.15000,9.88723498e-05,0.00977448146,,,,0,,,,,,
267.100000,2671,,,15.8858,,,0.2999,0.5680,2.82328,0.0000,0x00,2,39,3,,5861,5028,0,0.68785,,,2.82328,0.15000,9.88727005e-05,0.00978436873,,,,0,,,,,,
267.200000,2672,,,15.8858,,,0.2999,0.5672,2.82116,0.0000,0x00,2,39,3,,5859,5028,0,0.68784,,,2.82116,0.15000,9.88730511e-05,0.00979425603,,,,0,,,,,,
267.300000,2673,,,15.8859,,,0.2999,0.5664,2.81905,0.0000,0x00,2,39,3,,5857,5029,0,0.68783,,,2.81905,0.15000,9.88734015e-05,0.00980414337,,,,0,,,,,,
267.400000,2674,,,15.8859,,,0.2999,0.5656,2.81693,0.0000,0x00,2,39,3,,5856,5029,0,0.68783,,,2.81693,0.15000,9.88737517e-05,0.00981403075,,,,0,,,,,,
267.500000,2675,,,15.8860,,,0.2999,0.5649,2.81481,0.0000,0x00,2,39,3,,5854,5030,0,0.68782,,,2.81481,0.15000,9.88741018e-05,0.00982391816,,,,0,,,,,,
267.600000,2676,,,15.8861,,,0.2999,0.5641,2.81270,0.0000,0x00,2,39,3,,5853,5030,0,0.68781,,,2.81270,0.15000,9.88744516e-05,0.0098338056,,,,0,,,,,,
267.700000,2677,,,15.8861,,,0.2999,0.5633,2.81058,0.0000,0x00,2,39,3,,5851,5031,0,0.68780,,,2.81058,0.15000,9.88748014e-05,0.00984369308,,,,0,,,,,,
267.800000,2678,,,15.8862,,,0.2999,0.5625,2.80847,0.0000,0x00,2,39,3,,5849,5031,0,0.68780,,,2.80847,0.15000,9.88751509e-05,0.0098535806,,,,0,,,,,,
267.900000,2679,,,15.8862,,,0.2999,0.5618,2.80635,0.0000,0x00,2,39,3,,5848,5031,0,0.68779,,,2.80635,0.15000,9.88755002e-05,0.00986346815,,,,0,,,,,,
268.000000,2680,,,15.8863,,,0.2999,0.5610,2.80423,0.0000,0x00,2,39,3,,5846,5032,0,0.68778,,,2.80423,0.15000,9.88758494e-05,0.00987335573,,,,0,,,,,,
268.100000,2681,,,15.8863,,,0.2999,0.5602,2.80212,0.0000,0x00,2,39,3,,5845,5032,0,0.68777,,,2.80212,0.15000,9.88761985e-05,0.00988324335,,,,0,,,,,,
268.200000,2682,,,15.8864,,,0.2999,0.5594,2.80000,0.0000,0x00,2,39,3,,5843,5033,0,0.68777,,,2.80000,0.15000,9.88765473e-05,0.00989313101,,,,0,,,,,,
268.300000,2683,,,15.8865,,,0.2999,0.5587,2.79788,0.0000,0x00,2,39,3,,5842,5033,0,0.68776,,,2.79788,0.15000,9.8876896e-05,0.0099030187,,,,0,,,,,,
268.400000,2684,,,15.8865,,,0.2999,0.5579,2.79577,0.0000,0x00,2,39,3,,5840,5034,0,0.68775,,,2.79577,0.15000,9.88772445e-05,0.00991290642,,,,0,,,,,,
268.500000,2685,,,15.8866,,,0.2999,0.5571,2.79365,0.0000,0x00,2,39,3,,5838,5034,0,0.68774,,,2.79365,0.15000,9.88775928e-05,0.00992279418,,,,0,,,,,,
268.600000,2686,,,15.8866,,,0.2999,0.5563,2.79153,0.0000,0x00,2,39,3,,5837,5035,0,0.68774,,,2.79153,0.15000,9.88779409e-05,0.00993268198,,,,0,,,,,,
268.700000,2687,,,15.8867,,,0.2999,0.5556,2.78942,0.0000,0x00,2,39,3,,5835,5035,0,0.68773,,,2.78942,0.15000,9.88782889e-05,0.00994256981,,,,0,,,,,,
268.800000,2688,,,15.8867,,,0.2999,0.5548,2.78730,0.0000,0x00,2,39,3,,5834,5036,0,0.68772,,,2.78730,0.15000,9.88786367e-05,0.00995245767,,,,0,,,,,,
268.900000,2689,,,15.8868,,,0.2999,0.5540,2.78519,0.0000,0x00,2,39,3,,5832,5036,0,0.68771,,,2.78519,0.15000,9.88789844e-05,0.00996234557,,,,0,,,,,,
269.000000,2690,,,15.8870,,,0.2998,0.5515,2.78307,0.0000,0x00,2,39,3,,5827,5038,0,0.68771,,,2.78307,0.15000,9.88382502e-05,0.00997222939,,,,0,,,,,,
269.100000,2691,,,15.8872,,,0.2998,0.5486,2.78042,0.0000,0x00,2,39,3,,5821,5039,0,0.68770,,,2.78042,0.15000,9.88349909e-05,0.00998211289,,,,0,,,,,,
269.200000,2692,,,15.8873,,,0.2999,0.5475,2.77778,0.0000,0x00,2,39,3,,5819,5040,0,0.68769,,,2.77778,0.15000,9.88774515e-05,0.00999200064,,,,0,,,,,,
269.300000,2693,,,15.8874,,,0.2999,0.5466,2.77513,0.0000,0x00,2,39,3,,5817,5040,0,0.68768,,,2.77513,0.15000,9.88781304e-05,0.0100018885,,,,0,,,,,,
269.400000,2694,,,15.8874,,,0.2999,0.5456,2.77249,0.0000,0x00,2,39,3,,5815,5041,0,0.68768,,,2.77249,0.15000,9.88785612e-05,0.0100117763,,,,0,,,,,,
269.500000,2695,,,15.8875,,,0.2999,0.5447,2.76984,0.0000,0x00,2,39,3,,5813,5042,0,0.68767,,,2.76984,0.15000,9.88789902e-05,0.0100216642,,,,0,,,,,,
269.600000,2696,,,15.8876,,,0.2999,0.5437,2.76720,0.0000,0x00,2,39,3,,5811,5042,0,0.68766,,,2.76720,0.15000,9.88794189e-05,0.0100315521,,,,0,,,,,,
269.700000,2697,,,15.8876,,,0.2999,0.5427,2.76455,0.0000,0x00,2,39,3,,5809,5043,0,0.68765,,,2.76455,0.15000,9.88798474e-05,0.0100414401,,,,0,,,,,,
269.800000,2698,,,15.8877,,,0.2999,0.5418,2.76190,0.0000,0x00,2,39,3,,5807,5043,0,0.68765,,,2.76190,0.15000,9.88802756e-05,0.0100513282,,,,0,,,,,,
269.900000,2699,,,15.8878,,,0.2999,0.5408,2.75926,0.0000,0x00,2,39,3,,5805,5044,0,0.68764,,,2.75926,0.15000,9.88807035e-05,0.0100612162,,,,0,,,,,,
270.000000,2700,,,15.8867,,,0.3009,0.5540,2.75661,0.0000,0x00,2,39,3,,5834,5035,0,0.68763,,,2.75661,0.15000,9.92084855e-05,0.0100711371,,,,0,,,,,,
270.100000,2701,,,15.8856,,,0.3010,0.5697,2.75820,0.0000,0x00,2,39,3,,5866,5026,0,0.68762,,,2.75820,0.15000,9.9231175e-05,0.0100810602,,,,0,,,,,,
270.200000,2702,,,15.8855,,,0.3000,0.5713,2.75979,0.0000,0x00,2,39,3,,5867,5026,0,0.68762,,,2.75979,0.15000,9.89026023e-05,0.0100909505,,,,0,,,,,,
270.300000,2703,,,15.8855,,,0.3000,0.5719,2.76138,0.0000,0x00,2,39,3,,5869,5026,0,0.68761,,,2.76138,0.15000,9.89004005e-05,0.0101008405,,,,0,,,,,,
270.400000,2704,,,15.8854,,,0.3000,0.5725,2.76296,0.0000,0x00,2,39,3,,5870,5025,0,0.68760,,,2.76296,0.15000,9.89001129e-05,0.0101107305,,,,0,,,,,,
270.500000,2705,,,15.8854,,,0.3000,0.5731,2.76455,0.0000,0x00,2,39,3,,5871,5025,0,0.68759,,,2.76455,0.15000,9.88998365e-05,0.0101206205,,,,0,,,,,,
270.600000,2706,,,15.8853,,,0.3000,0.5737,2.76614,0.0000,0x00,2,39,3,,5872,5025,0,0.68759,,,2.76614,0.15000,9.88995601e-05,0.0101305104,,,,0,,,,,,
270.700000,2707,,,15.8853,,,0.3000,0.5743,2.76772,0.0000,0x00,2,39,3,,5874,5024,0,0.68758,,,2.76772,0.15000,9.88992836e-05,0.0101404004,,,,0,,,,,,
270.800000,2708,,,15.8853,,,0.3000,0.5748,2.76931,0.0000,0x00,2,39,3,,5875,5024,0,0.68757,,,2.76931,0.15000,9.8899007e-05,0.0101502903,,,,0,,,,,,
270.900000,2709,,,15.8852,,,0.3000,0.5754,2.77090,0.0000,0x00,2,39,3,,5876,5024,0,0.68756,,,2.77090,0.15000,9.88987303e-05,0.0101601801,,,,0,,,,,,
271.000000,2710,,,15.8862,,,0.2992,0.5635,2.77249,0.0000,0x00,2,39,3,,5850,5031,0,0.68756,,,2.77249,0.15000,9.86176828e-05,0.0101700419,,,,0,,,,,,
271.100000,2711,,,15.8872,,,0.2991,0.5495,2.77037,0.0000,0x00,2,39,3,,5821,5039,0,0.68755,,,2.77037,0.15000,9.85884872e-05,0.0101799008,,,,0,,,,,,
271.200000,2712,,,15.8873,,,0.2999,0.5479,2.76825,0.0000,0x00,2,39,3,,5820,5040,0,0.68754,,,2.76825,0.15000,9.88800101e-05,0.0101897888,,,,0,,,,,,
271.300000,2713,,,15.8873,,,0.2999,0.5471,2.76614,0.0000,0x00,2,39,3,,5818,5040,0,0.68753,,,2.76614,0.15000,9.8882095e-05,0.010199677,,,,0,,,,,,
271.400000,2714,,,15.8874,,,0.2999,0.5463,2.76402,0.0000,0x00,2,39,3,,5817,5041,0,0.68753,,,2.76402,0.15000,9.88824512e-05,0.0102095652,,,,0,,,,,,
271.500000,2715,,,15.8874,,,0.2999,0.5456,2.76190,0.0000,0x00,2,39,3,,5815,5041,0,0.68752,,,2.76190,0.15000,9.8882797e-05,0.0102194535,,,,0,,,,,,
271.600000,2716,,,15.8875,,,0.2999,0.5448,2.75979,0.0000,0x00,2,39,3,,5813,5042,0,0.68751,,,2.75979,0.15000,9.88831425e-05,0.0102293418,,,,0,,,,,,
271.700000,2717,,,15.8875,,,0.2999,0.5440,2.75767,0.0000,0x00,2,39,3,,5812,5042,0,0.68750,,,2.75767,0.15000,9.88834879e-05,0.0102392302,,,,0,,,,,,
271.800000,2718,,,15.8876,,,0.2999,0.5433,2.75556,0.0000,0x00,2,39,3,,5810,5043,0,0.68750,,,2.75556,0.15000,9.88838331e-05,0.0102491185,,,,0,,,,,,
271.900000,2719,,,15.8877,,,0.2999,0.5425,2.75344,0.0000,0x00,2,39,3,,5809,5043,0,0.68749,,,2.75344,0.15000,9.88841782e-05,0.010259007,,,,0,,,,,,
272.000000,2720,,,15.8873,,,0.5306,0.3168,2.75132,0.0000,0x00,2,39,3,,5040,5819,0,0.68748,,,2.75132,0.85000,0.000174927675,0.0102764997,,,,0,,,,,,
272.100000,2721,,,15.8869,,,0.5525,0.3004,2.75079,0.0000,0x00,2,39,3,,5037,5830,0,0.68748,,,2.75079,0.85000,0.000182132649,0.010294713,,,,0,,,,,,
272.200000,2722,,,15.8869,,,0.5527,0.3000,2.75026,0.0000,0x00,2,39,3,,5037,5830,0,0.68747,,,2.75026,0.85000,0.000182193732,0.0103129324,,,,0,,,,,,
272.300000,2723,,,15.8869,,,0.5525,0.3000,2.74974,0.0000,0x00,2,39,3,,5037,5829,0,0.68747,,,2.74974,0.85000,0.000182130895,0.0103311455,,,,0,,,,,,
272.400000,2724,,,15.8869,,,0.5523,0.3000,2.74921,0.0000,0x00,2,39,3,,5037,5829,0,0.68747,,,2.74921,0.85000,0.000182067333,0.0103493522,,,,0,,,,,,
272.500000,2725,,,15.8869,,,0.5521,0.3000,2.74868,0.0000,0x00,2,39,3,,5037,5828,0,0.68746,,,2.74868,0.85000,0.000182003775,0.0103675526,,,,0,,,,,,
272.600000,2726,,,15.8870,,,0.5519,0.3000,2.74815,0.0000,0x00,2,39,3,,5037,5828,0,0.68746,,,2.74815,0.85000,0.000181940224,0.0103857466,,,,0,,,,,,
272.700000,2727,,,15.8870,,,0.5517,0.3000,2.74762,0.0000,0x00,2,39,3,,5037,5828,0,0.68745,,,2.74762,0.85000,0.00018187668,0.0104039343,,,,0,,,,,,
272.800000,2728,,,15.8870,,,0.5515,0.3000,2.74709,0.0000,0x00,2,39,3,,5037,5827,0,0.68745,,,2.74709,0.85000,0.000181813144,0.0104221156,,,,0,,,,,,
272.900000,2729,,,15.8870,,,0.5513,0.3000,2.74656,0.0000,0x00,2,39,3,,5038,5827,0,0.68745,,,2.74656,0.85000,0.000181749615,0.0104402905,,,,0,,,,,,
273.000000,2730,,,15.8872,,,0.5494,0.2999,2.74603,0.0000,0x00,2,39,3,,5039,5823,0,0.68744,,,2.74603,0.85000,0.000181106461,0.0104584012,,,,0,,,,,,
273.100000,2731,,,15.8873,,,0.5471,0.2998,2.74497,0.0000,0x00,2,39,3,,5040,5818,0,0.68744,,,2.74497,0.85000,0.000180363364,0.0104764375,,,,0,,,,,,
273.200000,2732,,,15.8874,,,0.5466,0.3000,2.74392,0.0000,0x00,2,39,3,,5040,5817,0,0.68743,,,2.74392,0.85000,0.000180195281,0.010494457,,,,0,,,,,,
273.300000,2733,,,15.8874,,,0.5462,0.3000,2.74286,0.0000,0x00,2,39,3,,5041,5816,0,0.68743,,,2.74286,0.85000,0.000180068551,0.0105124639,,,,0,,,,,,
273.400000,2734,,,15.8874,,,0.5458,0.3000,2.74180,0.0000,0x00,2,39,3,,5041,5816,0,0.68743,,,2.74180,0.85000,0.000179942095,0.0105304581,,,,0,,,,,,
273.500000,2735,,,15.8874,,,0.5454,0.3000,2.74074,0.0000,0x00,2,39,3,,5041,5815,0,0.68742,,,2.74074,0.85000,0.00017981567,0.0105484397,,,,0,,,,,,
273.600000,2736,,,15.8875,,,0.5451,0.3000,2.73968,0.0000,0x00,2,39,3,,5041,5814,0,0.68742,,,2.73968,0.85000,0.000179689274,0.0105664086,,,,0,,,,,,
273.700000,2737,,,15.8875,,,0.5447,0.3000,2.73862,0.0000,0x00,2,39,3,,5042,5813,0,0.68741,,,2.73862,0.85000,0.000179562908,0.0105843649,,,,0,,,,,,
273.800000,2738,,,15.8875,,,0.5443,0.3000,2.73757,0.0000,0x00,2,39,3,,5042,5812,0,0.68741,,,2.73757,0.85000,0.00017943657,0.0106023086,,,,0,,,,,,
273.900000,2739,,,15.8876,,,0.5439,0.3000,2.73651,0.0000,0x00,2,39,3,,5042,5812,0,0.68741,,,2.73651,0.85000,0.000179310262,0.0106202396,,,,0,,,,,,
274.000000,2740,,,15.8876,,,0.5435,0.3000,2.73545,0.0000,0x00,2,39,3,,5042,5811,0,0.68740,,,2.73545,0.85000,0.000179183983,0.010638158,,,,0,,,,,,
274.100000,2741,,,15.8876,,,0.5431,0.3000,2.73439,0.0000,0x00,2,39,3,,5043,5810,0,0.68740,,,2.73439,0.85000,0.000179057733,0.0106560638,,,,0,,,,,,
274.200000,2742,,,15.8876,,,0.5428,0.3000,2.73333,0.0000,0x00,2,39,3,,5043,5809,0,0.68739,,,2.73333,0.85000,0.000178931512,0.0106739569,,,,0,,,,,,
274.300000,2743,,,15.8877,,,0.5424,0.3000,2.73228,0.0000,0x00,2,39,3,,5043,5809,0,0.68739,,,2.73228,0.85000,0.000178805321,0.0106918374,,,,0,,,,,,
274.400000,2744,,,15.8877,,,0.5420,0.3000,2.73122,0.0000,0x00,2,39,3,,5043,5808,0,0.68739,,,2.73122,0.85000,0.000178679159,0.0107097054,,,,0,,,,,,
274.500000,2745,,,15.8877,,,0.5416,0.3000,2.73016,0.0000,0x00,2,39,3,,5044,5807,0,0.68738,,,2.73016,0.85000,0.000178553026,0.0107275607,,,,0,,,,,,
274.600000,2746,,,15.8878,,,0.5412,0.3000,2.72910,0.0000,0x00,2,39,3,,5044,5806,0,0.68738,,,2.72910,0.85000,0.000178426922,0.0107454033,,,,0,,,,,,
274.700000,2747,,,15.8878,,,0.5408,0.3000,2.72804,0.0000,0x00,2,39,3,,5044,5805,0,0.68737,,,2.72804,0.85000,0.000178300848,0.0107632334,,,,0,,,,,,
274.800000,2748,,,15.8878,,,0.5405,0.3000,2.72698,0.0000,0x00,2,39,3,,5044,5805,0,0.68737,,,2.72698,0.85000,0.000178174803,0.0107810509,,,,0,,,,,,
274.900000,2749,,,15.8878,,,0.5401,0.3000,2.72593,0.0000,0x00,2,39,3,,5045,5804,0,0.68737,,,2.72593,0.85000,0.000178048786,0.0107988558,,,,0,,,,,,
275.000000,2750,,,15.8874,,,0.5449,0.3004,2.72487,0.0000,0x00,2,39,3,,5041,5814,0,0.68736,,,2.72487,0.85000,0.000179647182,0.0108168205,,,,0,,,,,,
275.100000,2751,,,15.8870,,,0.5507,0.3004,2.72540,0.0000,0x00,2,39,3,,5038,5826,0,0.68736,,,2.72540,0.85000,0.000181547257,0.0108349752,,,,0,,,,,,
275.200000,2752,,,15.8870,,,0.5513,0.3000,2.72593,0.0000,0x00,2,39,3,,5038,5827,0,0.68735,,,2.72593,0.85000,0.000181734742,0.0108531487,,,,0,,,,,,
275.300000,2753,,,15.8870,,,0.5515,0.3000,2.72646,0.0000,0x00,2,39,3,,5037,5827,0,0.68735,,,2.72646,0.85000,0.000181799196,0.0108713286,,,,0,,,,,,
275.400000,2754,,,15.8870,,,0.5517,0.3000,2.72698,0.0000,0x00,2,39,3,,5037,5828,0,0.68735,,,2.72698,0.85000,0.000181862932,0.0108895149,,,,0,,,,,,
275.500000,2755,,,15.8870,,,0.5519,0.3000,2.72751,0.0000,0x00,2,39,3,,5037,5828,0,0.68734,,,2.72751,0.85000,0.00018192667,0.0109077076,,,,0,,,,,,
275.600000,2756,,,15.8869,,,0.5521,0.3000,2.72804,0.0000,0x00,2,39,3,,5037,5828,0,0.68734,,,2.72804,0.85000,0.000181990416,0.0109259066,,,,0,,,,,,
275.700000,2757,,,15.8869,,,0.5523,0.3000,2.72857,0.0000,0x00,2,39,3,,5037,5829,0,0.68733,,,2.72857,0.85000,0.000182054169,0.010944112,,,,0,,,,,,
275.800000,2758,,,15.8869,,,0.5524,0.3000,2.72910,0.0000,0x00,2,39,3,,5037,5829,0,0.68733,,,2.72910,0.85000,0.00018211793,0.0109623238,,,,0,,,,,,
275.900000,2759,,,15.8869,,,0.5526,0.3000,2.72963,0.0000,0x00,2,39,3,,5037,5830,0,0.68733,,,2.72963,0.85000,0.000182181698,0.010980542,,,,0,,,,,,
276.000000,2760,,,15.8868,,,0.5546,0.3001,2.73016,0.0000,0x00,2,39,3,,5036,5834,0,0.68732,,,2.73016,0.85000,0.000182821931,0.0109988242,,,,0,,,,,,
276.100000,2761,,,15.8866,,,0.5568,0.3002,2.73122,0.0000,0x00,2,39,3,,5034,5838,0,0.68732,,,2.73122,0.85000,0.000183563133,0.0110171805,,,,0,,,,,,
276.200000,2762,,,15.8866,,,0.5574,0.3000,2.73228,0.0000,0x00,2,39,3,,5034,5839,0,0.68731,,,2.73228,0.85000,0.000183732187,0.0110355537,,,,0,,,,,,
276.300000,2763,,,15.8865,,,0.5577,0.3000,2.73333,0.0000,0x00,2,39,3,,5034,5840,0,0.68731,,,2.73333,0.85000,0.000183860539,0.0110539398,,,,0,,,,,,
276.400000,2764,,,15.8865,,,0.5581,0.3000,2.73439,0.0000,0x00,2,39,3,,5034,5841,0,0.68731,,,2.73439,0.85000,0.00018398868,0.0110723387,,,,0,,,,,,
276.500000,2765,,,15.8865,,,0.5585,0.3000,2.73545,0.0000,0x00,2,39,3,,5033,5841,0,0.68730,,,2.73545,0.85000,0.000184116848,0.0110907503,,,,0,,,,,,
276.600000,2766,,,15.8864,,,0.5589,0.3000,2.73651,0.0000,0x00,2,39,3,,5033,5842,0,0.68730,,,2.73651,0.85000,0.000184245046,0.0111091748,,,,0,,,,,,
276.700000,2767,,,15.8864,,,0.5593,0.3000,2.73757,0.0000,0x00,2,39,3,,5033,5843,0,0.68729,,,2.73757,0.85000,0.000184373273,0.0111276122,,,,0,,,,,,
276.800000,2768,,,15.8864,,,0.5597,0.3000,2.73862,0.0000,0x00,2,39,3,,5033,5844,0,0.68729,,,2.73862,0.85000,0.000184501529,0.0111460623,,,,0,,,,,,
276.900000,2769,,,15.8864,,,0.5601,0.3000,2.73968,0.0000,0x00,2,39,3,,5032,5845,0,0.68729,,,2.73968,0.85000,0.000184629815,0.0111645253,,,,0,,,,,,
277.000000,2770,,,15.8862,,,0.5622,0.3001,2.74074,0.0000,0x00,2,39,3,,5031,5849,0,0.68728,,,2.74074,0.85000,0.000185337187,0.011183059,,,,0,,,,,,
277.100000,2771,,,15.8860,,,0.5647,0.3002,2.74233,0.0000,0x00,2,39,3,,5030,5854,0,0.68728,,,2.74233,0.85000,0.000186145993,0.0112016736,,,,0,,,,,,
277.200000,2772,,,15.8860,,,0.5654,0.3000,2.74392,0.0000,0x00,2,39,3,,5029,5856,0,0.68727,,,2.74392,0.85000,0.000186380072,0.0112203116,,,,0,,,,,,
277.300000,2773,,,15.8859,,,0.5660,0.3000,2.74550,0.0000,0x00,2,39,3,,5029,5857,0,0.68727,,,2.74550,0.85000,0.000186573691,0.011238969,,,,0,,,,,,
277.400000,2774,,,15.8859,,,0.5666,0.3000,2.74709,0.0000,0x00,2,39,3,,5029,5858,0,0.68727,,,2.74709,0.85000,0.000186767135,0.0112576457,,,,0,,,,,,
277.500000,2775,,,15.8858,,,0.5672,0.3000,2.74868,0.0000,0x00,2,39,3,,5028,5859,0,0.68726,,,2.74868,0.85000,0.000186960645,0.0112763418,,,,0,,,,,,
277.600000,2776,,,15.8858,,,0.5678,0.3000,2.75026,0.0000,0x00,2,39,3,,5028,5860,0,0.68726,,,2.75026,0.85000,0.000187154219,0.0112950572,,,,0,,,,,,
277.700000,2777,,,15.8857,,,0.5684,0.3000,2.75185,0.0000,0x00,2,39,3,,5028,5862,0,0.68725,,,2.75185,0.85000,0.00018734786,0.011313792,,,,0,,,,,,
277.800000,2778,,,15.8857,,,0.5689,0.3000,2.75344,0.0000,0x00,2,39,3,,5027,5863,0,0.68725,,,2.75344,0.85000,0.000187541566,0.0113325461,,,,0,,,,,,
277.900000,2779,,,15.8857,,,0.5695,0.3000,2.75503,0.0000,0x00,2,39,3,,5027,5864,0,0.68725,,,2.75503,0.85000,0.000187735338,0.0113513197,,,,0,,,,,,
278.000000,2780,,,15.8855,,,0.5719,0.3002,2.75661,0.0000,0x00,2,39,3,,5026,5869,0,0.68724,,,2.75661,0.85000,0.000188512042,0.0113701709,,,,0,,,,,,
278.100000,2781,,,15.8853,,,0.5746,0.3002,2.75873,0.0000,0x00,2,39,3,,5024,5874,0,0.68724,,,2.75873,0.85000,0.000189390723,0.01138911,,,,0,,,,,,
278.200000,2782,,,15.8852,,,0.5755,0.3001,2.76085,0.0000,0x00,2,39,3,,5024,5876,0,0.68723,,,2.76085,0.85000,0.000189690903,0.011408079,,,,0,,,,,,
278.300000,2783,,,15.8852,,,0.5763,0.3001,2.76296,0.0000,0x00,2,39,3,,5023,5878,0,0.68723,,,2.76296,0.85000,0.000189950888,0.0114270741,,,,0,,,,,,
278.400000,2784,,,15.8851,,,0.5771,0.3001,2.76508,0.0000,0x00,2,39,3,,5023,5879,0,0.68723,,,2.76508,0.85000,0.000190210752,0.0114460952,,,,0,,,,,,
278.500000,2785,,,15.8850,,,0.5779,0.3001,2.76720,0.0000,0x00,2,39,3,,5022,5881,0,0.68722,,,2.76720,0.85000,0.000190470732,0.0114651423,,,,0,,,,,,
278.600000,2786,,,15.8850,,,0.5786,0.3001,2.76931,0.0000,0x00,2,39,3,,5022,5882,0,0.68722,,,2.76931,0.85000,0.000190730828,0.0114842154,,,,0,,,,,,
278.700000,2787,,,15.8849,,,0.5794,0.3001,2.77143,0.0000,0x00,2,39,3,,5021,5884,0,0.68721,,,2.77143,0.85000,0.000190991041,0.0115033145,,,,0,,,,,,
278.800000,2788,,,15.8849,,,0.5802,0.3001,2.77354,0.0000,0x00,2,39,3,,5021,5886,0,0.68721,,,2.77354,0.85000,0.000191251371,0.0115224396,,,,0,,,,,,
278.900000,2789,,,15.8848,,,0.5810,0.3001,2.77566,0.0000,0x00,2,39,3,,5021,5887,0,0.68721,,,2.77566,0.85000,0.000191511818,0.0115415908,,,,0,,,,,,
279.000000,2790,,,15.8846,,,0.5836,0.3002,2.77778,0.0000,0x00,2,39,3,,5019,5893,0,0.68720,,,2.77778,0.85000,0.000192360265,0.0115608268,,,,0,,,,,,
279.100000,2791,,,15.8844,,,0.5865,0.3002,2.78042,0.0000,0x00,2,39,3,,5018,5899,0,0.68720,,,2.78042,0.85000,0.000193311313,0.0115801579,,,,0,,,,,,
279.200000,2792,,,15.8843,,,0.5876,0.3001,2.78307,0.0000,0x00,2,39,3,,5017,5901,0,0.68719,,,2.78307,0.85000,0.000193678887,0.0115995258,,,,0,,,,,,
279.300000,2793,,,15.8842,,,0.5886,0.3001,2.78571,0.0000,0x00,2,39,3,,5017,5903,0,0.68719,,,2.78571,0.85000,0.000194006558,0.0116189265,,,,0,,,,,,
279.400000,2794,,,15.8842,,,0.5896,0.3001,2.78836,0.0000,0x00,2,39,3,,5016,5905,0,0.68719,,,2.78836,0.85000,0.000194334175,0.0116383599,,,,0,,,,,,
279.500000,2795,,,15.8841,,,0.5906,0.3001,2.79101,0.0000,0x00,2,39,3,,5015,5907,0,0.68718,,,2.79101,0.85000,0.000194661974,0.0116578261,,,,0,,,,,,
279.600000,2796,,,15.8840,,,0.5916,0.3001,2.79365,0.0000,0x00,2,39,3,,5015,5909,0,0.68718,,,2.79365,0.85000,0.000194989955,0.0116773251,,,,0,,,,,,
279.700000,2797,,,15.8839,,,0.5926,0.3001,2.79630,0.0000,0x00,2,39,3,,5014,5911,0,0.68717,,,2.79630,0.85000,0.000195318118,0.0116968569,,,,0,,,,,,
279.800000,2798,,,15.8839,,,0.5936,0.3001,2.79894,0.0000,0x00,2,39,3,,5014,5913,0,0.68717,,,2.79894,0.85000,0.000195646465,0.0117164216,,,,0,,,,,,
279.900000,2799,,,15.8838,,,0.5946,0.3001,2.80159,0.0000,0x00,2,39,3,,5013,5915,0,0.68717,,,2.80159,0.85000,0.000195974993,0.0117360191,,,,0,,,,,,
280.000000,2800,,,15.8837,,,0.5956,0.3001,2.80423,0.0000,0x00,2,39,3,,5013,5917,0,0.68716,,,2.80423,0.85000,0.000196303705,0.0117556494,,,,0,,,,,,
280.100000,2801,,,15.8836,,,0.5966,0.3001,2.80688,0.0000,0x00,2,39,3,,5012,5919,0,0.68716,,,2.80688,0.85000,0.000196632599,0.0117753127,,,,0,,,,,,
280.200000,2802,,,15.8836,,,0.5976,0.3001,2.80952,0.0000,0x00,2,39,3,,5012,5921,0,0.68715,,,2.80952,0.85000,0.000196961675,0.0117950089,,,,0,,,,,,
280.300000,2803,,,15.8835,,,0.5986,0.3001,2.81217,0.0000,0x00,2,39,3,,5011,5923,0,0.68715,,,2.81217,0.85000,0.000197290934,0.011814738,,,,0,,,,,,
280.400000,2804,,,15.8834,,,0.5996,0.3001,2.81481,0.0000,0x00,2,39,3,,5011,5925,0,0.68715,,,2.81481,0.85000,0.000197620376,0.0118345,,,,0,,,,,,
280.500000,2805,,,15.8834,,,0.6006,0.3001,2.81746,0.0000,0x00,2,39,3,,5010,5927,0,0.68714,,,2.81746,0.85000,0.00019795,0.011854295,,,,0,,,,,,
280.600000,2806,,,15.8833,,,0.6016,0.3001,2.82011,0.0000,0x00,2,39,3,,5010,5929,0,0.68714,,,2.82011,0.85000,0.000198279807,0.011874123,,,,0,,,,,,
280.700000,2807,,,15.8832,,,0.6026,0.3001,2.82275,0.0000,0x00,2,39,3,,5009,5931,0,0.68713,,,2.82275,0.85000,0.000198609797,0.0118939839,,,,0,,,,,,
280.800000,2808,,,15.8831,,,0.6036,0.3001,2.82540,0.0000,0x00,2,39,3,,5009,5933,0,0.68713,,,2.82540,0.85000,0.000198939969,0.0119138779,,,,0,,,,,,
280.900000,2809,,,15.8831,,,0.6046,0.3001,2.82804,0.0000,0x00,2,39,3,,5008,5935,0,0.68713,,,2.82804,0.85000,0.000199270323,0.011933805,,,,0,,,,,,
281.000000,2810,,,15.8830,,,0.6056,0.3001,2.83069,0.0000,0x00,2,39,3,,5008,5937,0,0.68712,,,2.83069,0.85000,0.000199600861,0.0119537651,,,,0,,,,,,
281.100000,2811,,,15.8829,,,0.6066,0.3001,2.83333,0.0000,0x00,2,39,3,,5007,5939,0,0.68712,,,2.83333,0.85000,0.000199931581,0.0119737582,,,,0,,,,,,
281.200000,2812,,,15.8828,,,0.6076,0.3001,2.83598,0.0000,0x00,2,39,3,,5007,5941,0,0.68711,,,2.83598,0.85000,0.000200262483,0.0119937845,,,,0,,,,,,
281.300000,2813,,,15.8828,,,0.6087,0.3001,2.83862,0.0000,0x00,2,39,3,,5006,5944,0,0.68711,,,2.83862,0.85000,0.000200593568,0.0120138438,,,,0,,,,,,
281.400000,2814,,,15.8827,,,0.6097,0.3001,2.84127,0.0000,0x00,2,39,3,,5006,5946,0,0.68711,,,2.84127,0.85000,0.000200924836,0.0120339363,,,,0,,,,,,
281.500000,2815,,,15.8826,,,0.6107,0.3001,2.84392,0.0000,0x00,2,39,3,,5005,5948,0,0.68710,,,2.84392,0.85000,0.000201256286,0.0120540619,,,,0,,,,,,
281.600000,2816,,,15.8825,,,0.6117,0.3001,2.84656,0.0000,0x00,2,39,3,,5005,5950,0,0.68710,,,2.84656,0.85000,0.000201587918,0.0120742207,,,,0,,,,,,
281.700000,2817,,,15.8825,,,0.6127,0.3001,2.84921,0.0000,0x00,2,39,3,,5004,5952,0,0.68709,,,2.84921,0.85000,0.000201919734,0.0120944127,,,,0,,,,,,
281.800000,2818,,,15.8824,,,0.6137,0.3001,2.85185,0.0000,0x00,2,39,3,,5004,5954,0,0.68709,,,2.85185,0.85000,0.000202251732,0.0121146379,,,,0,,,,,,
281.900000,2819,,,15.8823,,,0.6147,0.3001,2.85450,0.0000,0x00,2,39,3,,5003,5956,0,0.68709,,,2.85450,0.85000,0.000202583912,0.0121348963,,,,0,,,,,,
282.000000,2820,,,15.8816,,,0.6231,0.3005,2.85714,0.0000,0x00,2,39,3,,4999,5974,0,0.68708,,,2.85714,0.85000,0.000205341653,0.0121554304,,,,0,,,,,,
282.100000,2821,,,15.8809,,,0.6328,0.3006,2.86190,0.0000,0x00,2,39,3,,4995,5994,0,0.68708,,,2.86190,0.85000,0.000208518079,0.0121762822,,,,0,,,,,,
282.200000,2822,,,15.8808,,,0.6351,0.3001,2.86667,0.0000,0x00,2,39,3,,4994,5997,0,0.68707,,,2.86667,0.85000,0.000209284276,0.0121972107,,,,0,,,,,,
282.300000,2823,,,15.8807,,,0.6370,0.3001,2.87143,0.0000,0x00,2,39,3,,4993,6001,0,0.68707,,,2.87143,0.85000,0.000209893738,0.0122182,,,,0,,,,,,
282.400000,2824,,,15.8805,,,0.6388,0.3001,2.87619,0.0000,0x00,2,39,3,,4992,6005,0,0.68707,,,2.87619,0.85000,0.000210502865,0.0122392503,,,,0,,,,,,
282.500000,2825,,,15.8804,,,0.6407,0.3001,2.88095,0.0000,0x00,2,39,3,,4991,6009,0,0.68706,,,2.88095,0.85000,0.000211112579,0.0122603616,,,,0,,,,,,
282.600000,2826,,,15.8802,,,0.6425,0.3001,2.88571,0.0000,0x00,2,39,3,,4990,6012,0,0.68706,,,2.88571,0.85000,0.000211722884,0.0122815339,,,,0,,,,,,
282.700000,2827,,,15.8801,,,0.6444,0.3001,2.89048,0.0000,0x00,2,39,3,,4990,6016,0,0.68705,,,2.89048,0.85000,0.000212333781,0.0123027673,,,,0,,,,,,
282.800000,2828,,,15.8800,,,0.6462,0.3001,2.89524,0.0000,0x00,2,39,3,,4989,6020,0,0.68705,,,2.89524,0.85000,0.000212945269,0.0123240618,,,,0,,,,,,
282.900000,2829,,,15.8798,,,0.6481,0.3001,2.90000,0.0000,0x00,2,39,3,,4988,6024,0,0.68705,,,2.90000,0.85000,0.000213557349,0.0123454175,,,,0,,,,,,
283.000000,2830,,,15.8803,,,0.6425,0.2996,2.90476,0.0000,0x00,2,39,3,,4991,6011,0,0.68704,,,2.90476,0.85000,0.000211699742,0.0123665875,,,,0,,,,,,
283.100000,2831,,,15.8808,,,0.6355,0.2996,2.90741,0.0000,0x00,2,39,3,,4994,5997,0,0.68704,,,2.90741,0.85000,0.00020942594,0.0123875301,,,,0,,,,,,
283.200000,2832,,,15.8807,,,0.6361,0.3001,2.91005,0.0000,0x00,2,39,3,,4993,5999,0,0.68703,,,2.91005,0.85000,0.000209602831,0.0124084904,,,,0,,,,,,
283.300000,2833,,,15.8807,,,0.6371,0.3001,2.91270,0.0000,0x00,2,39,3,,4993,6001,0,0.68703,,,2.91270,0.85000,0.000209938084,0.0124294842,,,,0,,,,,,
283.400000,2834,,,15.8806,,,0.6381,0.3001,2.91534,0.0000,0x00,2,39,3,,4992,6003,0,0.68703,,,2.91534,0.85000,0.000210274458,0.0124505116,,,,0,,,,,,
283.500000,2835,,,15.8805,,,0.6391,0.3001,2.91799,0.0000,0x00,2,39,3,,4992,6005,0,0.68702,,,2.91799,0.85000,0.000210611021,0.0124715727,,,,0,,,,,,
283.600000,2836,,,15.8804,,,0.6402,0.3001,2.92063,0.0000,0x00,2,39,3,,4991,6008,0,0.68702,,,2.92063,0.85000,0.000210947766,0.0124926675,,,,0,,,,,,
283.700000,2837,,,15.8803,,,0.6412,0.3001,2.92328,0.0000,0x00,2,39,3,,4991,6010,0,0.68701,,,2.92328,0.85000,0.000211284694,0.012513796,,,,0,,,,,,
283.800000,2838,,,15.8803,,,0.6422,0.3001,2.92593,0.0000,0x00,2,39,3,,4991,6012,0,0.68701,,,2.92593,0.85000,0.000211621804,0.0125349582,,,,0,,,,,,
283.900000,2839,,,15.8802,,,0.6432,0.3001,2.92857,0.0000,0x00,2,39,3,,4990,6014,0,0.68701,,,2.92857,0.85000,0.000211959097,0.0125561541,,,,0,,,,,,
284.000000,2840,,,15.8806,,,0.6386,0.2997,2.93122,0.0000,0x00,2,39,3,,4992,6004,0,0.68700,,,2.93122,0.85000,0.000210427594,0.0125771968,,,,0,,,,,,
284.100000,2841,,,15.8810,,,0.6330,0.2997,2.93228,0.0000,0x00,2,39,3,,4995,5992,0,0.68700,,,2.93228,0.85000,0.000208585784,0.0125980554,,,,0,,,,,,
284.200000,2842,,,15.8810,,,0.6330,0.3000,2.93333,0.0000,0x00,2,39,3,,4995,5993,0,0.68699,,,2.93333,0.85000,0.000208598622,0.0126189153,,,,0,,,,,,
284.300000,2843,,,15.8809,,,0.6334,0.3000,2.93439,0.0000,0x00,2,39,3,,4995,5994,0,0.68699,,,2.93439,0.85000,0.000208731565,0.0126397884,,,,0,,,,,,
284.400000,2844,,,15.8809,,,0.6338,0.3000,2.93545,0.0000,0x00,2,39,3,,4994,5995,0,0.68699,,,2.93545,0.85000,0.000208865251,0.0126606749,,,,0,,,,,,
284.500000,2845,,,15.8809,,,0.6342,0.3000,2.93651,0.0000,0x00,2,39,3,,4994,5995,0,0.68698,,,2.93651,0.85000,0.000208998971,0.0126815748,,,,0,,,,,,
284.600000,2846,,,15.8808,,,0.6346,0.3000,2.93757,0.0000,0x00,2,39,3,,4994,5996,0,0.68698,,,2.93757,0.85000,0.000209132719,0.0127024881,,,,0,,,,,,
284.700000,2847,,,15.8808,,,0.6350,0.3000,2.93862,0.0000,0x00,2,39,3,,4994,5997,0,0.68697,,,2.93862,0.85000,0.000209266497,0.0127234148,,,,0,,,,,,
284.800000,2848,,,15.8808,,,0.6355,0.3000,2.93968,0.0000,0x00,2,39,3,,4994,5998,0,0.68697,,,2.93968,0.85000,0.000209400304,0.0127443548,,,,0,,,,,,
284.900000,2849,,,15.8807,,,0.6359,0.3000,2.94074,0.0000,0x00,2,39,3,,4993,5999,0,0.68697,,,2.94074,0.85000,0.00020953414,0.0127653082,,,,0,,,,,,
285.000000,2850,,,15.8804,,,0.6401,0.3003,2.94180,0.0000,0x00,2,39,3,,4991,6008,0,0.68696,,,2.94180,0.85000,0.000210918244,0.0127864,,,,0,,,,,,
285.100000,2851,,,15.8801,,,0.6449,0.3003,2.94392,0.0000,0x00,2,39,3,,4989,6018,0,0.68696,,,2.94392,0.85000,0.000212510585,0.0128076511,,,,0,,,,,,
285.200000,2852,,,15.8800,,,0.6460,0.3001,2.94603,0.0000,0x00,2,39,3,,4989,6019,0,0.68695,,,2.94603,0.85000,0.000212860645,0.0128289372,,,,0,,,,,,
285.300000,2853,,,15.8799,,,0.6468,0.3000,2.94815,0.0000,0x00,2,39,3,,4989,6021,0,0.68695,,,2.94815,0.85000,0.000213131089,0.0128502503,,,,0,,,,,,
285.400000,2854,,,15.8799,,,0.6476,0.3000,2.95026,0.0000,0x00,2,39,3,,4988,6023,0,0.68695,,,2.95026,0.85000,0.000213401179,0.0128715904,,,,0,,,,,,
285.500000,2855,,,15.8798,,,0.6485,0.3000,2.95238,0.0000,0x00,2,39,3,,4988,6024,0,0.68694,,,2.95238,0.85000,0.000213671384,0.0128929575,,,,0,,,,,,
285.600000,2856,,,15.8797,,,0.6493,0.3000,2.95450,0.0000,0x00,2,39,3,,4987,6026,0,0.68694,,,2.95450,0.85000,0.000213941705,0.0129143517,,,,0,,,,,,
285.700000,2857,,,15.8797,,,0.6501,0.3000,2.95661,0.0000,0x00,2,39,3,,4987,6028,0,0.68693,,,2.95661,0.85000,0.000214212143,0.0129357729,,,,0,,,,,,
285.800000,2858,,,15.8796,,,0.6509,0.3000,2.95873,0.0000,0x00,2,39,3,,4987,6029,0,0.68693,,,2.95873,0.85000,0.000214482698,0.0129572212,,,,0,,,,,,
285.900000,2859,,,15.8796,,,0.6517,0.3000,2.96085,0.0000,0x00,2,39,3,,4986,6031,0,0.68693,,,2.96085,0.85000,0.00021475337,0.0129786965,,,,0,,,,,,
286.000000,2860,,,15.8801,,,0.6449,0.2996,2.96296,0.0000,0x00,2,39,3,,4990,6016,0,0.68692,,,2.96296,0.85000,0.000212503974,0.0129999469,,,,0,,,,,,
286.100000,2861,,,15.8807,,,0.6368,0.2995,2.96296,0.0000,0x00,2,39,3,,4993,6000,0,0.68692,,,2.96296,0.85000,0.000209841656,0.0130209311,,,,0,,,,,,
286.200000,2862,,,15.8807,,,0.6363,0.3000,2.96296,0.0000,0x00,2,39,3,,4993,6000,0,0.68691,,,2.96296,0.85000,0.000209679732,0.013041899,,,,0,,,,,,
286.300000,2863,,,15.8807,,,0.6363,0.3000,2.96296,0.0000,0x00,2,39,3,,4993,6000,0,0.68691,,,2.96296,0.85000,0.000209678769,0.0130628669,,,,0,,,,,,
286.400000,2864,,,15.8807,,,0.6363,0.3000,2.96296,0.0000,0x00,2,39,3,,4993,6000,0,0.68691,,,2.96296,0.85000,0.000209678763,0.0130838348,,,,0,,,,,,
286.500000,2865,,,15.8807,,,0.6363,0.3000,2.96296,0.0000,0x00,2,39,3,,4993,6000,0,0.68690,,,2.96296,0.85000,0.000209678763,0.0131048027,,,,0,,,,,,
286.600000,2866,,,15.8807,,,0.6363,0.3000,2.96296,0.0000,0x00,2,39,3,,4993,6000,0,0.68690,,,2.96296,0.85000,0.000209678763,0.0131257706,,,,0,,,,,,
286.700000,2867,,,15.8807,,,0.6363,0.3000,2.96296,0.0000,0x00,2,39,3,,4993,6000,0,0.68689,,,2.96296,0.85000,0.000209678763,0.0131467384,,,,0,,,,,,
286.800000,2868,,,15.8807,,,0.6363,0.3000,2.96296,0.0000,0x00,2,39,3,,4993,6000,0,0.68689,,,2.96296,0.85000,0.000209678763,0.0131677063,,,,0,,,,,,
286.900000,2869,,,15.8807,,,0.6363,0.3000,2.96296,0.0000,0x00,2,39,3,,4993,6000,0,0.68689,,,2.96296,0.85000,0.000209678763,0.0131886742,,,,0,,,,,,
287.000000,2870,,,15.8810,,,0.6325,0.2998,2.96296,0.0000,0x00,2,39,3,,4995,5991,0,0.68688,,,2.96296,0.85000,0.000208419891,0.0132095162,,,,0,,,,,,
287.100000,2871,,,15.8813,,,0.6280,0.2997,2.96190,0.0000,0x00,2,39,3,,4997,5982,0,0.68688,,,2.96190,0.85000,0.000206955902,0.0132302118,,,,0,,,,,,
287.200000,2872,,,15.8814,,,0.6274,0.3000,2.96085,0.0000,0x00,2,39,3,,4997,5981,0,0.68687,,,2.96085,0.85000,0.000206741555,0.0132508859,,,,0,,,,,,
287.300000,2873,,,15.8814,,,0.6270,0.3000,2.95979,0.0000,0x00,2,39,3,,4998,5981,0,0.68687,,,2.95979,0.85000,0.000206608596,0.0132715468,,,,0,,,,,,
287.400000,2874,,,15.8814,,,0.6266,0.3000,2.95873,0.0000,0x00,2,39,3,,4998,5980,0,0.68687,,,2.95873,0.85000,0.00020647615,0.0132921944,,,,0,,,,,,
287.500000,2875,,,15.8815,,,0.6262,0.3000,2.95767,0.0000,0x00,2,39,3,,4998,5979,0,0.68686,,,2.95767,0.85000,0.000206343735,0.0133128288,,,,0,,,,,,
287.600000,2876,,,15.8815,,,0.6257,0.3000,2.95661,0.0000,0x00,2,39,3,,4998,5978,0,0.68686,,,2.95661,0.85000,0.00020621135,0.0133334499,,,,0,,,,,,
287.700000,2877,,,15.8815,,,0.6253,0.3000,2.95556,0.0000,0x00,2,39,3,,4998,5977,0,0.68685,,,2.95556,0.85000,0.000206078994,0.0133540578,,,,0,,,,,,
287.800000,2878,,,15.8816,,,0.6249,0.3000,2.95450,0.0000,0x00,2,39,3,,4998,5976,0,0.68685,,,2.95450,0.85000,0.000205946667,0.0133746525,,,,0,,,,,,
287.900000,2879,,,15.8816,,,0.6245,0.3000,2.95344,0.0000,0x00,2,39,3,,4999,5976,0,0.68685,,,2.95344,0.85000,0.00020581437,0.0133952339,,,,0,,,,,,
288.000000,2880,,,15.8822,,,0.6165,0.2995,2.95238,0.0000,0x00,2,39,3,,5003,5958,0,0.68684,,,2.95238,0.85000,0.000203175859,0.0134155515,,,,0,,,,,,
288.100000,2881,,,15.8829,,,0.6072,0.2994,2.94921,0.0000,0x00,2,39,3,,5007,5939,0,0.68684,,,2.94921,0.85000,0.000200132517,0.0134355647,,,,0,,,,,,
288.200000,2882,,,15.8830,,,0.6056,0.2999,2.94603,0.0000,0x00,2,39,3,,5008,5937,0,0.68683,,,2.94603,0.85000,0.000199575539,0.0134555223,,,,0,,,,,,
288.300000,2883,,,15.8831,,,0.6044,0.2999,2.94286,0.0000,0x00,2,39,3,,5008,5935,0,0.68683,,,2.94286,0.85000,0.0001991842,0.0134754407,,,,0,,,,,,
288.400000,2884,,,15.8832,,,0.6032,0.2999,2.93968,0.0000,0x00,2,39,3,,5009,5932,0,0.68683,,,2.93968,0.85000,0.000198794108,0.0134953201,,,,0,,,,,,
288.500000,2885,,,15.8833,,,0.6020,0.2999,2.93651,0.0000,0x00,2,39,3,,5010,5930,0,0.68682,,,2.93651,0.85000,0.000198404284,0.0135151606,,,,0,,,,,,
288.600000,2886,,,15.8833,,,0.6008,0.2999,2.93333,0.0000,0x00,2,39,3,,5010,5927,0,0.68682,,,2.93333,0.85000,0.000198014724,0.013534962,,,,0,,,,,,
288.700000,2887,,,15.8834,,,0.5996,0.2999,2.93016,0.0000,0x00,2,39,3,,5011,5925,0,0.68681,,,2.93016,0.85000,0.000197625427,0.0135547246,,,,0,,,,,,
288.800000,2888,,,15.8835,,,0.5984,0.2999,2.92698,0.0000,0x00,2,39,3,,5011,5922,0,0.68681,,,2.92698,0.85000,0.000197236393,0.0135744482,,,,0,,,,,,
288.900000,2889,,,15.8836,,,0.5973,0.2999,2.92381,0.0000,0x00,2,39,3,,5012,5920,0,0.68681,,,2.92381,0.85000,0.000196847622,0.013594133,,,,0,,,,,,
289.000000,2890,,,15.8838,,,0.5942,0.2998,2.92063,0.0000,0x00,2,39,3,,5014,5914,0,0.68680,,,2.92063,0.85000,0.000195840425,0.013613717,,,,0,,,,,,
289.100000,2891,,,15.8841,,,0.5908,0.2998,2.91693,0.0000,0x00,2,39,3,,5015,5907,0,0.68680,,,2.91693,0.85000,0.000194733012,0.0136331903,,,,0,,,,,,
289.200000,2892,,,15.8842,,,0.5893,0.2999,2.91323,0.0000,0x00,2,39,3,,5016,5904,0,0.68679,,,2.91323,0.85000,0.00019424011,0.0136526143,,,,0,,,,,,
289.300000,2893,,,15.8843,,,0.5880,0.2999,2.90952,0.0000,0x00,2,39,3,,5017,5901,0,0.68679,,,2.90952,0.85000,0.000193789327,0.0136719933,,,,0,,,,,,
289.400000,2894,,,15.8844,,,0.5866,0.2999,2.90582,0.0000,0x00,2,39,3,,5018,5898,0,0.68679,,,2.90582,0.85000,0.000193339151,0.0136913272,,,,0,,,,,,
289.500000,2895,,,15.8845,,,0.5852,0.2999,2.90212,0.0000,0x00,2,39,3,,5018,5896,0,0.68678,,,2.90212,0.85000,0.000192889334,0.0137106161,,,,0,,,,,,
289.600000,2896,,,15.8846,,,0.5838,0.2999,2.89841,0.0000,0x00,2,39,3,,5019,5893,0,0.68678,,,2.89841,0.85000,0.000192439875,0.0137298601,,,,0,,,,,,
289.700000,2897,,,15.8847,,,0.5825,0.2999,2.89471,0.0000,0x00,2,39,3,,5020,5890,0,0.68677,,,2.89471,0.85000,0.000191990773,0.0137490592,,,,0,,,,,,
289.800000,2898,,,15.8848,,,0.5811,0.2999,2.89101,0.0000,0x00,2,39,3,,5021,5887,0,0.68677,,,2.89101,0.85000,0.00019154203,0.0137682134,,,,0,,,,,,
289.900000,2899,,,15.8849,,,0.5798,0.2999,2.88730,0.0000,0x00,2,39,3,,5021,5884,0,0.68677,,,2.88730,0.85000,0.000191093645,0.0137873227,,,,0,,,,,,
290.000000,2900,,,15.8853,,,0.5747,0.2997,2.88360,0.0000,0x00,2,39,3,,5024,5874,0,0.68676,,,2.88360,0.85000,0.000189425693,0.0138062653,,,,0,,,,,,
290.100000,2901,,,15.8857,,,0.5690,0.2996,2.87884,0.0000,0x00,2,39,3,,5027,5862,0,0.68676,,,2.87884,0.85000,0.000187559206,0.0138250212,,,,0,,,,,,
290.200000,2902,,,15.8859,,,0.5670,0.2999,2.87407,0.0000,0x00,2,39,3,,5028,5858,0,0.68675,,,2.87407,0.85000,0.000186903691,0.0138437116,,,,0,,,,,,
290.300000,2903,,,15.8860,,,0.5653,0.2999,2.86931,0.0000,0x00,2,39,3,,5029,5855,0,0.68675,,,2.86931,0.85000,0.000186333176,0.0138623449,,,,0,,,,,,
290.400000,2904,,,15.8861,,,0.5635,0.2999,2.86455,0.0000,0x00,2,39,3,,5030,5851,0,0.68675,,,2.86455,0.85000,0.000185763755,0.0138809213,,,,0,,,,,,
290.500000,2905,,,15.8862,,,0.5618,0.2999,2.85979,0.0000,0x00,2,39,3,,5031,5848,0,0.68674,,,2.85979,0.85000,0.000185194929,0.0138994408,,,,0,,,,,,
290.600000,2906,,,15.8864,,,0.5601,0.2999,2.85503,0.0000,0x00,2,39,3,,5032,5844,0,0.68674,,,2.85503,0.85000,0.000184626695,0.0139179035,,,,0,,,,,,
290.700000,2907,,,15.8865,,,0.5584,0.2999,2.85026,0.0000,0x00,2,39,3,,5033,5841,0,0.68673,,,2.85026,0.85000,0.000184059052,0.0139363094,,,,0,,,,,,
290.800000,2908,,,15.8866,,,0.5566,0.2999,2.84550,0.0000,0x00,2,39,3,,5034,5837,0,0.68673,,,2.84550,0.85000,0.000183492001,0.0139546586,,,,0,,,,,,
290.900000,2909,,,15.8867,,,0.5549,0.2999,2.84074,0.0000,0x00,2,39,3,,5035,5834,0,0.68673,,,2.84074,0.85000,0.000182925541,0.0139729511,,,,0,,,,,,
291.000000,2910,,,15.8872,,,0.5495,0.2996,2.83598,0.0000,0x00,2,39,3,,5039,5822,0,0.68672,,,2.83598,0.85000,0.000181162348,0.0139910673,,,,0,,,,,,
291.100000,2911,,,15.8876,,,0.5436,0.2996,2.83016,0.0000,0x00,2,39,3,,5043,5810,0,0.68672,,,2.83016,0.85000,0.000179203179,0.0140089877,,,,0,,,,,,
291.200000,2912,,,15.8878,,,0.5412,0.2999,2.82434,0.0000,0x00,2,39,3,,5044,5806,0,0.68671,,,2.82434,0.85000,0.000178432546,0.0140268309,,,,0,,,,,,
291.300000,2913,,,15.8879,,,0.5392,0.2999,2.81852,0.0000,0x00,2,39,3,,5045,5802,0,0.68671,,,2.81852,0.85000,0.000177748266,0.0140446057,,,,0,,,,,,
291.400000,2914,,,15.8881,,,0.5371,0.2999,2.81270,0.0000,0x00,2,39,3,,5046,5798,0,0.68671,,,2.81270,0.85000,0.000177065377,0.0140623123,,,,0,,,,,,
291.500000,2915,,,15.8882,,,0.5350,0.2999,2.80688,0.0000,0x00,2,39,3,,5048,5793,0,0.68670,,,2.80688,0.85000,0.000176383376,0.0140799506,,,,0,,,,,,
291.600000,2916,,,15.8884,,,0.5329,0.2999,2.80106,0.0000,0x00,2,39,3,,5049,5789,0,0.68670,,,2.80106,0.85000,0.000175702258,0.0140975208,,,,0,,,,,,
291.700000,2917,,,15.8885,,,0.5309,0.2999,2.79524,0.0000,0x00,2,39,3,,5050,5785,0,0.68669,,,2.79524,0.85000,0.000175022025,0.014115023,,,,0,,,,,,
291.800000,2918,,,15.8887,,,0.5288,0.2999,2.78942,0.0000,0x00,2,39,3,,5052,5781,0,0.68669,,,2.78942,0.85000,0.000174342675,0.0141324573,,,,0,,,,,,
291.900000,2919,,,15.8888,,,0.5267,0.2999,2.78360,0.0000,0x00,2,39,3,,5053,5777,0,0.68669,,,2.78360,0.85000,0.000173664209,0.0141498237,,,,0,,,,,,
292.000000,2920,,,15.8888,,,0.5265,0.3000,2.77778,0.0000,0x00,2,39,3,,5053,5776,0,0.68668,,,2.77778,0.85000,0.00017357171,0.0141671809,,,,0,,,,,,
292.100000,2921,,,15.8888,,,0.5265,0.3000,2.77249,0.0000,0x00,2,39,3,,5053,5776,0,0.68668,,,2.77249,0.85000,0.00017357799,0.0141845387,,,,0,,,,,,
292.200000,2922,,,15.8890,,,0.5247,0.2999,2.76720,0.0000,0x00,2,39,3,,5054,5772,0,0.68667,,,2.76720,0.85000,0.000173004215,0.0142018391,,,,0,,,,,,
292.300000,2923,,,15.8891,,,0.5229,0.2999,2.76190,0.0000,0x00,2,39,3,,5056,5769,0,0.68667,,,2.76190,0.85000,0.000172388317,0.014219078,,,,0,,,,,,
292.400000,2924,,,15.8893,,,0.5210,0.2999,2.75661,0.0000,0x00,2,39,3,,5057,5765,0,0.68667,,,2.75661,0.85000,0.000171772895,0.0142362552,,,,0,,,,,,
292.500000,2925,,,15.8894,,,0.5191,0.2999,2.75132,0.0000,0x00,2,39,3,,5058,5761,0,0.68666,,,2.75132,0.85000,0.000171158203,0.0142533711,,,,0,,,,,,
292.600000,2926,,,15.8895,,,0.5173,0.2999,2.74603,0.0000,0x00,2,39,3,,5060,5757,0,0.68666,,,2.74603,0.85000,0.00017054424,0.0142704255,,,,0,,,,,,
292.700000,2927,,,15.8897,,,0.5154,0.2999,2.74074,0.0000,0x00,2,39,3,,5061,5753,0,0.68665,,,2.74074,0.85000,0.000169931009,0.0142874186,,,,0,,,,,,
292.800000,2928,,,15.8898,,,0.5135,0.2999,2.73545,0.0000,0x00,2,39,3,,5062,5750,0,0.68665,,,2.73545,0.85000,0.000169318507,0.0143043504,,,,0,,,,,,
292.900000,2929,,,15.8899,,,0.5117,0.2999,2.73016,0.0000,0x00,2,39,3,,5063,5746,0,0.68665,,,2.73016,0.85000,0.000168706737,0.0143212211,,,,0,,,,,,
293.000000,2930,,,15.8887,,,0.5273,0.3012,2.72487,0.0000,0x00,2,39,3,,5052,5780,0,0.68664,,,2.72487,0.85000,0.000173831845,0.0143386043,,,,0,,,,,,
293.100000,2931,,,15.8873,,,0.5459,0.3013,2.72487,0.0000,0x00,2,39,3,,5040,5818,0,0.68664,,,2.72487,0.85000,0.000179959568,0.0143566003,,,,0,,,,,,
293.200000,2932,,,15.8873,,,0.5472,0.3000,2.72487,0.0000,0x00,2,39,3,,5040,5818,0,0.68663,,,2.72487,0.85000,0.000180377169,0.014374638,,,,0,,,,,,
293.300000,2933,,,15.8873,,,0.5472,0.3000,2.72487,0.0000,0x00,2,39,3,,5040,5818,0,0.68663,,,2.72487,0.85000,0.000180379614,0.0143926759,,,,0,,,,,,
293.400000,2934,,,15.8873,,,0.5472,0.3000,2.72487,0.0000,0x00,2,39,3,,5040,5818,0,0.68663,,,2.72487,0.85000,0.000180379629,0.0144107139,,,,0,,,,,,
293.500000,2935,,,15.8873,,,0.5472,0.3000,2.72487,0.0000,0x00,2,39,3,,5040,5818,0,0.68662,,,2.72487,0.85000,0.000180379629,0.0144287519,,,,0,,,,,,
293.600000,2936,,,15.8873,,,0.5472,0.3000,2.72487,0.0000,0x00,2,39,3,,5040,5818,0,0.68662,,,2.72487,0.85000,0.000180379629,0.0144467898,,,,0,,,,,,
293.700000,2937,,,15.8873,,,0.5472,0.3000,2.72487,0.0000,0x00,2,39,3,,5040,5818,0,0.68661,,,2.72487,0.85000,0.000180379629,0.0144648278,,,,0,,,,,,
293.800000,2938,,,15.8873,,,0.5472,0.3000,2.72487,0.0000,0x00,2,39,3,,5040,5818,0,0.68661,,,2.72487,0.85000,0.000180379629,0.0144828658,,,,0,,,,,,
293.900000,2939,,,15.8873,,,0.5472,0.3000,2.72487,0.0000,0x00,2,39,3,,5040,5818,0,0.68661,,,2.72487,0.85000,0.000180379629,0.0145009037,,,,0,,,,,,
294.000000,2940,,,15.8873,,,0.5472,0.3000,2.72487,0.0000,0x00,2,39,3,,5040,5818,0,0.68660,,,2.72487,0.85000,0.000180379629,0.0145189417,,,,0,,,,,,
294.100000,2941,,,15.8873,,,0.5472,0.3000,2.72487,0.0000,0x00,2,39,3,,5040,5818,0,0.68660,,,2.72487,0.85000,0.000180379629,0.0145369796,,,,0,,,,,,
294.200000,2942,,,15.8873,,,0.5472,0.3000,2.72487,0.0000,0x00,2,39,3,,5040,5818,0,0.68659,,,2.72487,0.85000,0.000180379629,0.0145550176,,,,0,,,,,,
294.300000,2943,,,15.8873,,,0.5472,0.3000,2.72487,0.0000,0x00,2,39,3,,5040,5818,0,0.68659,,,2.72487,0.85000,0.000180379629,0.0145730556,,,,0,,,,,,
294.400000,2944,,,15.8873,,,0.5472,0.3000,2.72487,0.0000,0x00,2,39,3,,5040,5818,0,0.68659,,,2.72487,0.85000,0.000180379629,0.0145910935,,,,0,,,,,,
294.500000,2945,,,15.8873,,,0.5472,0.3000,2.72487,0.0000,0x00,2,39,3,,5040,5818,0,0.68658,,,2.72487,0.85000,0.000180379629,0.0146091315,,,,0,,,,,,
294.600000,2946,,,15.8873,,,0.5472,0.3000,2.72487,0.0000,0x00,2,39,3,,5040,5818,0,0.68658,,,2.72487,0.85000,0.000180379629,0.0146271695,,,,0,,,,,,
294.700000,2947,,,15.8873,,,0.5472,0.3000,2.72487,0.0000,0x00,2,39,3,,5040,5818,0,0.68657,,,2.72487,0.85000,0.000180379629,0.0146452074,,,,0,,,,,,
294.800000,2948,,,15.8873,,,0.5472,0.3000,2.72487,0.0000,0x00,2,39,3,,5040,5818,0,0.68657,,,2.72487,0.85000,0.000180379629,0.0146632454,,,,0,,,,,,
294.900000,2949,,,15.8873,,,0.5472,0.3000,2.72487,0.0000,0x00,2,39,3,,5040,5818,0,0.68657,,,2.72487,0.85000,0.000180379629,0.0146812833,,,,0,,,,,,
295.000000,2950,,,15.8879,,,0.5402,0.2995,2.72487,0.0000,0x00,2,39,3,,5045,5803,0,0.68656,,,2.72487,0.85000,0.000178080298,0.0146990914,,,,0,,,,,,
295.100000,2951,,,15.8885,,,0.5320,0.2994,2.72275,0.0000,0x00,2,39,3,,5050,5786,0,0.68656,,,2.72275,0.85000,0.000175384467,0.0147166298,,,,0,,,,,,
295.200000,2952,,,15.8885,,,0.5307,0.2999,2.72063,0.0000,0x00,2,39,3,,5051,5785,0,0.68655,,,2.72063,0.85000,0.000174967176,0.0147341265,,,,0,,,,,,
295.300000,2953,,,15.8886,,,0.5299,0.2999,2.71852,0.0000,0x00,2,39,3,,5051,5783,0,0.68655,,,2.71852,0.85000,0.000174716446,0.0147515982,,,,0,,,,,,
295.400000,2954,,,15.8886,,,0.5292,0.2999,2.71640,0.0000,0x00,2,39,3,,5051,5782,0,0.68655,,,2.71640,0.85000,0.000174466823,0.0147690449,,,,0,,,,,,
295.500000,2955,,,15.8887,,,0.5284,0.2999,2.71429,0.0000,0x00,2,39,3,,5052,5780,0,0.68654,,,2.71429,0.85000,0.000174217323,0.0147864666,,,,0,,,,,,
295.600000,2956,,,15.8888,,,0.5277,0.2999,2.71217,0.0000,0x00,2,39,3,,5052,5779,0,0.68654,,,2.71217,0.85000,0.00017396794,0.0148038634,,,,0,,,,,,
295.700000,2957,,,15.8888,,,0.5269,0.2999,2.71005,0.0000,0x00,2,39,3,,5053,5777,0,0.68653,,,2.71005,0.85000,0.000173718674,0.0148212353,,,,0,,,,,,
295.800000,2958,,,15.8889,,,0.5262,0.2999,2.70794,0.0000,0x00,2,39,3,,5053,5776,0,0.68653,,,2.70794,0.85000,0.000173469524,0.0148385822,,,,0,,,,,,
295.900000,2959,,,15.8889,,,0.5254,0.2999,2.70582,0.0000,0x00,2,39,3,,5054,5774,0,0.68653,,,2.70582,0.85000,0.000173220492,0.0148559043,,,,0,,,,,,
296.000000,2960,,,15.8898,,,0.5143,0.2992,2.70370,0.0000,0x00,2,39,3,,5062,5750,0,0.68652,,,2.70370,0.85000,0.000169556728,0.0148728599,,,,0,,,,,,
296.100000,2961,,,15.8908,,,0.5013,0.2991,2.69841,0.0000,0x00,2,39,3,,5071,5723,0,0.68652,,,2.69841,0.85000,0.000165310857,0.014889391,,,,0,,,,,,
296.200000,2962,,,15.8909,,,0.4987,0.2999,2.69312,0.0000,0x00,2,39,3,,5073,5720,0,0.68651,,,2.69312,0.85000,0.000164446345,0.0149058357,,,,0,,,,,,
296.300000,2963,,,15.8910,,,0.4969,0.2999,2.68783,0.0000,0x00,2,39,3,,5074,5716,0,0.68651,,,2.68783,0.85000,0.000163838878,0.0149222195,,,,0,,,,,,
296.400000,2964,,,15.8912,,,0.4950,0.2999,2.68254,0.0000,0x00,2,39,3,,5075,5712,0,0.68651,,,2.68254,0.85000,0.000163233672,0.0149385429,,,,0,,,,,,
296.500000,2965,,,15.8913,,,0.4932,0.2999,2.67725,0.0000,0x00,2,39,3,,5077,5708,0,0.68650,,,2.67725,0.85000,0.000162629206,0.0149548058,,,,0,,,,,,
296.600000,2966,,,15.8914,,,0.4914,0.2999,2.67196,0.0000,0x00,2,39,3,,5078,5705,0,0.68650,,,2.67196,0.85000,0.000162025471,0.0149710084,,,,0,,,,,,
296.700000,2967,,,15.8916,,,0.4895,0.2999,2.66667,0.0000,0x00,2,39,3,,5080,5701,0,0.68649,,,2.66667,0.85000,0.000161422466,0.0149871506,,,,0,,,,,,
296.800000,2968,,,15.8917,,,0.4877,0.2999,2.66138,0.0000,0x00,2,39,3,,5081,5697,0,0.68649,,,2.66138,0.85000,0.000160820192,0.0150032326,,,,0,,,,,,
296.900000,2969,,,15.8919,,,0.4859,0.2999,2.65608,0.0000,0x00,2,39,3,,5082,5693,0,0.68649,,,2.65608,0.85000,0.000160218648,0.0150192545,,,,0,,,,,,
297.000000,2970,,,15.8908,,,0.4993,0.3010,2.65079,0.0000,0x00,2,39,3,,5071,5723,0,0.68648,,,2.65079,0.85000,0.000164627342,0.0150357172,,,,0,,,,,,
297.100000,2971,,,15.8896,,,0.5154,0.3011,2.65026,0.0000,0x00,2,39,3,,5060,5756,0,0.68648,,,2.65026,0.85000,0.000169927909,0.01505271,,,,0,,,,,,
297.200000,2972,,,15.8896,,,0.5163,0.3000,2.64974,0.0000,0x00,2,39,3,,5060,5756,0,0.68647,,,2.64974,0.85000,0.000170244531,0.0150697345,,,,0,,,,,,
297.300000,2973,,,15.8896,,,0.5162,0.3000,2.64921,0.0000,0x00,2,39,3,,5060,5755,0,0.68647,,,2.64921,0.85000,0.000170184567,0.0150867529,,,,0,,,,,,
297.400000,2974,,,15.8896,,,0.5160,0.3000,2.64868,0.0000,0x00,2,39,3,,5060,5755,0,0.68647,,,2.64868,0.85000,0.000170122402,0.0151037652,,,,0,,,,,,
297.500000,2975,,,15.8896,,,0.5158,0.3000,2.64815,0.0000,0x00,2,39,3,,5060,5754,0,0.68646,,,2.64815,0.85000,0.000170060232,0.0151207712,,,,0,,,,,,
297.600000,2976,,,15.8896,,,0.5156,0.3000,2.64762,0.0000,0x00,2,39,3,,5061,5754,0,0.68646,,,2.64762,0.85000,0.000169998069,0.015137771,,,,0,,,,,,
297.700000,2977,,,15.8897,,,0.5154,0.3000,2.64709,0.0000,0x00,2,39,3,,5061,5754,0,0.68645,,,2.64709,0.85000,0.000169935913,0.0151547646,,,,0,,,,,,
297.800000,2978,,,15.8897,,,0.5152,0.3000,2.64656,0.0000,0x00,2,39,3,,5061,5753,0,0.68645,,,2.64656,0.85000,0.000169873764,0.015171752,,,,0,,,,,,
297.900000,2979,,,15.8897,,,0.5150,0.3000,2.64603,0.0000,0x00,2,39,3,,5061,5753,0,0.68645,,,2.64603,0.85000,0.000169811623,0.0151887331,,,,0,,,,,,
298.000000,2980,,,15.8894,,,0.5182,0.3002,2.64550,0.0000,0x00,2,39,3,,5059,5760,0,0.68644,,,2.64550,0.85000,0.00017086305,0.0152058194,,,,0,,,,,,
298.100000,2981,,,15.8892,,,0.5220,0.3003,2.64603,0.0000,0x00,2,39,3,,5056,5768,0,0.68644,,,2.64603,0.85000,0.00017211368,0.0152230308,,,,0,,,,,,
298.200000,2982,,,15.8891,,,0.5225,0.3000,2.64656,0.0000,0x00,2,39,3,,5056,5768,0,0.68643,,,2.64656,0.85000,0.000172259117,0.0152402567,,,,0,,,,,,
298.300000,2983,,,15.8891,,,0.5227,0.3000,2.64709,0.0000,0x00,2,39,3,,5056,5769,0,0.68643,,,2.64709,0.85000,0.000172322234,0.0152574889,,,,0,,,,,,
298.400000,2984,,,15.8891,,,0.5229,0.3000,2.64762,0.0000,0x00,2,39,3,,5056,5769,0,0.68643,,,2.64762,0.85000,0.000172384872,0.0152747274,,,,0,,,,,,
298.500000,2985,,,15.8891,,,0.5230,0.3000,2.64815,0.0000,0x00,2,39,3,,5056,5769,0,0.68642,,,2.64815,0.85000,0.000172447515,0.0152919722,,,,0,,,,,,
298.600000,2986,,,15.8891,,,0.5232,0.3000,2.64868,0.0000,0x00,2,39,3,,5055,5770,0,0.68642,,,2.64868,0.85000,0.000172510166,0.0153092232,,,,0,,,,,,
298.700000,2987,,,15.8891,,,0.5234,0.3000,2.64921,0.0000,0x00,2,39,3,,5055,5770,0,0.68641,,,2.64921,0.85000,0.000172572823,0.0153264805,,,,0,,,,,,
298.800000,2988,,,15.8891,,,0.5236,0.3000,2.64974,0.0000,0x00,2,39,3,,5055,5770,0,0.68641,,,2.64974,0.85000,0.000172635488,0.015343744,,,,0,,,,,,
298.900000,2989,,,15.8890,,,0.5238,0.3000,2.65026,0.0000,0x00,2,39,3,,5055,5771,0,0.68641,,,2.65026,0.85000,0.00017269816,0.0153610139,,,,0,,,,,,
299.000000,2990,,,15.8893,,,0.5206,0.2998,2.65079,0.0000,0x00,2,39,3,,5057,5764,0,0.68640,,,2.65079,0.85000,0.000171644499,0.0153781783,,,,0,,,,,,
299.100000,2991,,,15.8896,,,0.5168,0.2997,2.65026,0.0000,0x00,2,39,3,,5060,5756,0,0.68640,,,2.65026,0.85000,0.000170392616,0.0153952176,,,,0,,,,,,
299.200000,2992,,,15.8896,,,0.5164,0.3000,2.64974,0.0000,0x00,2,39,3,,5060,5756,0,0.68639,,,2.64974,0.85000,0.000170247262,0.0154122423,,,,0,,,,,,
299.300000,2993,,,15.8896,,,0.5162,0.3000,2.64921,0.0000,0x00,2,39,3,,5060,5755,0,0.68639,,,2.64921,0.85000,0.000170184583,0.0154292607,,,,0,,,,,,
299.400000,2994,,,15.8896,,,0.5160,0.3000,2.64868,0.0000,0x00,2,39,3,,5060,5755,0,0.68639,,,2.64868,0.85000,0.000170122402,0.015446273,,,,0,,,,,,
299.500000,2995,,,15.8896,,,0.5158,0.3000,2.64815,0.0000,0x00,2,39,3,,5060,5754,0,0.68638,,,2.64815,0.85000,0.000170060232,0.015463279,,,,0,,,,,,
299.600000,2996,,,15.8896,,,0.5156,0.3000,2.64762,0.0000,0x00,2,39,3,,5061,5754,0,0.68638,,,2.64762,0.85000,0.000169998069,0.0154802788,,,,0,,,,,,
299.700000,2997,,,15.8897,,,0.5154,0.3000,2.64709,0.0000,0x00,2,39,3,,5061,5754,0,0.68637,,,2.64709,0.85000,0.000169935913,0.0154972724,,,,0,,,,,,
299.800000,2998,,,15.8897,,,0.5152,0.3000,2.64656,0.0000,0x00,2,39,3,,5061,5753,0,0.68637,,,2.64656,0.85000,0.000169873764,0.0155142598,,,,0,,,,,,
299.900000,2999,,,15.8897,,,0.5150,0.3000,2.64603,0.0000,0x00,2,39,3,,5061,5753,0,0.68637,,,2.64603,0.85000,0.000169811623,0.0155312409,,,,0,,,,,,
300.000000,3000,,,15.8901,,,0.5098,0.2996,2.64550,0.0000,0x00,2,39,3,,5065,5742,0,0.68636,,,2.64550,0.85000,0.000168079861,0.0155480489,,,,0,,,,,,
300.100000,3001,,,15.8906,,,0.5036,0.2996,2.64339,0.0000,0x00,2,39,3,,5069,5729,0,0.68636,,,2.64339,0.85000,0.000166053696,0.0155646543,,,,0,,,,,,
300.200000,3002,,,15.8906,,,0.5025,0.2999,2.64127,0.0000,0x00,2,39,3,,5070,5727,0,0.68635,,,2.64127,0.85000,0.0001656819,0.0155812225,,,,0,,,,,,
300.300000,3003,,,15.8907,,,0.5017,0.2999,2.63915,0.0000,0x00,2,39,3,,5070,5726,0,0.68635,,,2.63915,0.85000,0.000165435798,0.0155977661,,,,0,,,,,,
300.400000,3004,,,15.8907,,,0.5010,0.2999,2.63704,0.0000,0x00,2,39,3,,5071,5724,0,0.68635,,,2.63704,0.85000,0.00016519056,0.0156142851,,,,0,,,,,,
300.500000,3005,,,15.8908,,,0.5002,0.2999,2.63492,0.0000,0x00,2,39,3,,5072,5723,0,0.68634,,,2.63492,0.85000,0.000164945442,0.0156307797,,,,0,,,,,,
300.600000,3006,,,15.8908,,,0.4995,0.2999,2.63280,0.0000,0x00,2,39,3,,5072,5721,0,0.68634,,,2.63280,0.85000,0.000164700442,0.0156472497,,,,0,,,,,,
300.700000,3007,,,15.8909,,,0.4987,0.2999,2.63069,0.0000,0x00,2,39,3,,5073,5720,0,0.68633,,,2.63069,0.85000,0.000164455558,0.0156636953,,,,0,,,,,,
300.800000,3008,,,15.8910,,,0.4980,0.2999,2.62857,0.0000,0x00,2,39,3,,5073,5718,0,0.68633,,,2.62857,0.85000,0.000164210792,0.0156801164,,,,0,,,,,,
300.900000,3009,,,15.8910,,,0.4973,0.2999,2.62646,0.0000,0x00,2,39,3,,5074,5717,0,0.68633,,,2.62646,0.85000,0.000163966142,0.015696513,,,,0,,,,,,
301.000000,3010,,,15.8907,,,0.5015,0.3003,2.62434,0.0000,0x00,2,39,3,,5070,5726,0,0.68632,,,2.62434,0.85000,0.00016537589,0.0157130506,,,,0,,,,,,
301.100000,3011,,,15.8903,,,0.5067,0.3004,2.62381,0.0000,0x00,2,39,3,,5067,5737,0,0.68632,,,2.62381,0.85000,0.000167081913,0.0157297587,,,,0,,,,,,
301.200000,3012,,,15.8903,,,0.5069,0.3000,2.62328,0.0000,0x00,2,39,3,,5067,5736,0,0.68631,,,2.62328,0.85000,0.000167145711,0.0157464733,,,,0,,,,,,
301.300000,3013,,,15.8903,,,0.5067,0.3000,2.62275,0.0000,0x00,2,39,3,,5067,5736,0,0.68631,,,2.62275,0.85000,0.000167084632,0.0157631818,,,,0,,,,,,
301.400000,3014,,,15.8903,,,0.5066,0.3000,2.62222,0.0000,0x00,2,39,3,,5067,5736,0,0.68631,,,2.62222,0.85000,0.000167022824,0.0157798841,,,,0,,,,,,
301.500000,3015,,,15.8903,,,0.5064,0.3000,2.62169,0.0000,0x00,2,39,3,,5067,5735,0,0.68630,,,2.62169,0.85000,0.000166961019,0.0157965802,,,,0,,,,,,
301.600000,3016,,,15.8903,,,0.5062,0.3000,2.62116,0.0000,0x00,2,39,3,,5067,5735,0,0.68630,,,2.62116,0.85000,0.000166899221,0.0158132701,,,,0,,,,,,
301.700000,3017,,,15.8904,,,0.5060,0.3000,2.62063,0.0000,0x00,2,39,3,,5067,5735,0,0.68629,,,2.62063,0.85000,0.00016683743,0.0158299538,,,,0,,,,,,
301.800000,3018,,,15.8904,,,0.5058,0.3000,2.62011,0.0000,0x00,2,39,3,,5067,5734,0,0.68629,,,2.62011,0.85000,0.000166775646,0.0158466314,,,,0,,,,,,
301.900000,3019,,,15.8904,,,0.5056,0.3000,2.61958,0.0000,0x00,2,39,3,,5068,5734,0,0.68629,,,2.61958,0.85000,0.00016671387,0.0158633028,,,,0,,,,,,
302.000000,3020,,,15.8903,,,0.5071,0.3001,2.61905,0.0000,0x00,2,39,3,,5066,5737,0,0.68628,,,2.61905,0.85000,0.000167202787,0.0158800231,,,,0,,,,,,
302.100000,3021,,,15.8901,,,0.5089,0.3001,2.61905,0.0000,0x00,2,39,3,,5065,5741,0,0.68628,,,2.61905,0.85000,0.000167790692,0.0158968021,,,,0,,,,,,
302.200000,3022,,,15.8901,,,0.5090,0.3000,2.61905,0.0000,0x00,2,39,3,,5065,5741,0,0.68627,,,2.61905,0.85000,0.000167832301,0.0159135854,,,,0,,,,,,
302.300000,3023,,,15.8901,,,0.5090,0.3000,2.61905,0.0000,0x00,2,39,3,,5065,5741,0,0.68627,,,2.61905,0.85000,0.000167832547,0.0159303686,,,,0,,,,,,
302.400000,3024,,,15.8901,,,0.5090,0.3000,2.61905,0.0000,0x00,2,39,3,,5065,5741,0,0.68627,,,2.61905,0.85000,0.000167832549,0.0159471519,,,,0,,,,,,
302.500000,3025,,,15.8901,,,0.5090,0.3000,2.61905,0.0000,0x00,2,39,3,,5065,5741,0,0.68626,,,2.61905,0.85000,0.000167832549,0.0159639351,,,,0,,,,,,
302.600000,3026,,,15.8901,,,0.5090,0.3000,2.61905,0.0000,0x00,2,39,3,,5065,5741,0,0.68626,,,2.61905,0.85000,0.000167832549,0.0159807184,,,,0,,,,,,
302.700000,3027,,,15.8901,,,0.5090,0.3000,2.61905,0.0000,0x00,2,39,3,,5065,5741,0,0.68625,,,2.61905,0.85000,0.000167832549,0.0159975016,,,,0,,,,,,
302.800000,3028,,,15.8901,,,0.5090,0.3000,2.61905,0.0000,0x00,2,39,3,,5065,5741,0,0.68625,,,2.61905,0.85000,0.000167832549,0.0160142849,,,,0,,,,,,
302.900000,3029,,,15.8901,,,0.5090,0.3000,2.61905,0.0000,0x00,2,39,3,,5065,5741,0,0.68625,,,2.61905,0.85000,0.000167832549,0.0160310681,,,,0,,,,,,
303.000000,3030,,,15.8901,,,0.5090,0.3000,2.61905,0.0000,0x00,2,39,3,,5065,5741,0,0.68624,,,2.61905,0.85000,0.000167832549,0.0160478514,,,,0,,,,,,
303.100000,3031,,,15.8901,,,0.5090,0.3000,2.61905,0.0000,0x00,2,39,3,,5065,5741,0,0.68624,,,2.61905,0.85000,0.000167832549,0.0160646347,,,,0,,,,,,
303.200000,3032,,,15.8901,,,0.5090,0.3000,2.61905,0.0000,0x00,2,39,3,,5065,5741,0,0.68623,,,2.61905,0.85000,0.000167832549,0.0160814179,,,,0,,,,,,
303.300000,3033,,,15.8901,,,0.5090,0.3000,2.61905,0.0000,0x00,2,39,3,,5065,5741,0,0.68623,,,2.61905,0.85000,0.000167832549,0.0160982012,,,,0,,,,,,
303.400000,3034,,,15.8901,,,0.5090,0.3000,2.61905,0.0000,0x00,2,39,3,,5065,5741,0,0.68623,,,2.61905,0.85000,0.000167832549,0.0161149844,,,,0,,,,,,
303.500000,3035,,,15.8901,,,0.5090,0.3000,2.61905,0.0000,0x00,2,39,3,,5065,5741,0,0.68622,,,2.61905,0.85000,0.000167832549,0.0161317677,,,,0,,,,,,
303.600000,3036,,,15.8901,,,0.5090,0.3000,2.61905,0.0000,0x00,2,39,3,,5065,5741,0,0.68622,,,2.61905,0.85000,0.000167832549,0.0161485509,,,,0,,,,,,
303.700000,3037,,,15.8901,,,0.5090,0.3000,2.61905,0.0000,0x00,2,39,3,,5065,5741,0,0.68621,,,2.61905,0.85000,0.000167832549,0.0161653342,,,,0,,,,,,
303.800000,3038,,,15.8901,,,0.5090,0.3000,2.61905,0.0000,0x00,2,39,3,,5065,5741,0,0.68621,,,2.61905,0.85000,0.000167832549,0.0161821174,,,,0,,,,,,
303.900000,3039,,,15.8901,,,0.5090,0.3000,2.61905,0.0000,0x00,2,39,3,,5065,5741,0,0.68621,,,2.61905,0.85000,0.000167832549,0.0161989007,,,,0,,,,,,
304.000000,3040,,,15.8907,,,0.5023,0.2995,2.61905,0.0000,0x00,2,39,3,,5070,5726,0,0.68620,,,2.61905,0.85000,0.000165630015,0.0162154637,,,,0,,,,,,
304.100000,3041,,,15.8913,,,0.4944,0.2994,2.61693,0.0000,0x00,2,39,3,,5076,5710,0,0.68620,,,2.61693,0.85000,0.000163036184,0.0162317673,,,,0,,,,,,
304.200000,3042,,,15.8913,,,0.4932,0.2999,2.61481,0.0000,0x00,2,39,3,,5077,5708,0,0.68619,,,2.61481,0.85000,0.000162623666,0.0162480297,,,,0,,,,,,
304.300000,3043,,,15.8914,,,0.4924,0.2999,2.61270,0.0000,0x00,2,39,3,,5077,5707,0,0.68619,,,2.61270,0.85000,0.000162378773,0.0162642676,,,,0,,,,,,
304.400000,3044,,,15.8914,,,0.4917,0.2999,2.61058,0.0000,0x00,2,39,3,,5078,5705,0,0.68619,,,2.61058,0.85000,0.000162134994,0.0162804811,,,,0,,,,,,
304.500000,3045,,,15.8915,,,0.4910,0.2999,2.60847,0.0000,0x00,2,39,3,,5078,5704,0,0.68618,,,2.60847,0.85000,0.000161891337,0.0162966702,,,,0,,,,,,
304.600000,3046,,,15.8915,,,0.4902,0.2999,2.60635,0.0000,0x00,2,39,3,,5079,5702,0,0.68618,,,2.60635,0.85000,0.000161647798,0.016312835,,,,0,,,,,,
304.700000,3047,,,15.8916,,,0.4895,0.2999,2.60423,0.0000,0x00,2,39,3,,5080,5701,0,0.68617,,,2.60423,0.85000,0.000161404375,0.0163289754,,,,0,,,,,,
304.800000,3048,,,15.8916,,,0.4887,0.2999,2.60212,0.0000,0x00,2,39,3,,5080,5699,0,0.68617,,,2.60212,0.85000,0.000161161069,0.0163450915,,,,0,,,,,,
304.900000,3049,,,15.8917,,,0.4880,0.2999,2.60000,0.0000,0x00,2,39,3,,5081,5698,0,0.68617,,,2.60000,0.85000,0.00016091788,0.0163611833,,,,0,,,,,,
305.000000,3050,,,15.8919,,,0.4856,0.2998,2.59788,0.0000,0x00,2,39,3,,5083,5693,0,0.68616,,,2.59788,0.85000,0.000160129625,0.0163771963,,,,0,,,,,,
305.100000,3051,,,15.8921,,,0.4829,0.2998,2.59524,0.0000,0x00,2,39,3,,5085,5687,0,0.68616,,,2.59524,0.85000,0.000159244264,0.0163931207,,,,0,,,,,,
305.200000,3052,,,15.8921,,,0.4819,0.2999,2.59259,0.0000,0x00,2,39,3,,5085,5685,0,0.68615,,,2.59259,0.85000,0.000158899458,0.0164090106,,,,0,,,,,,
305.300000,3053,,,15.8922,,,0.4809,0.2999,2.58995,0.0000,0x00,2,39,3,,5086,5684,0,0.68615,,,2.58995,0.85000,0.000158597094,0.0164248703,,,,0,,,,,,
305.400000,3054,,,15.8923,,,0.4800,0.2999,2.58730,0.0000,0x00,2,39,3,,5087,5682,0,0.68615,,,2.58730,0.85000,0.000158295164,0.0164406999,,,,0,,,,,,
305.500000,3055,,,15.8924,,,0.4791,0.2999,2.58466,0.0000,0x00,2,39,3,,5088,5680,0,0.68614,,,2.58466,0.85000,0.000157993418,0.0164564992,,,,0,,,,,,
305.600000,3056,,,15.8924,,,0.4782,0.2999,2.58201,0.0000,0x00,2,39,3,,5088,5678,0,0.68614,,,2.58201,0.85000,0.000157691855,0.0164722684,,,,0,,,,,,
305.700000,3057,,,15.8925,,,0.4773,0.2999,2.57937,0.0000,0x00,2,39,3,,5089,5676,0,0.68613,,,2.57937,0.85000,0.000157390474,0.0164880074,,,,0,,,,,,
305.800000,3058,,,15.8926,,,0.4764,0.2999,2.57672,0.0000,0x00,2,39,3,,5090,5674,0,0.68613,,,2.57672,0.85000,0.000157089276,0.0165037164,,,,0,,,,,,
305.900000,3059,,,15.8926,,,0.4754,0.2999,2.57407,0.0000,0x00,2,39,3,,5091,5672,0,0.68613,,,2.57407,0.85000,0.00015678826,0.0165193952,,,,0,,,,,,
306.000000,3060,,,15.8927,,,0.4745,0.2999,2.57143,0.0000,0x00,2,39,3,,5091,5670,0,0.68612,,,2.57143,0.85000,0.000156487428,0.0165350439,,,,0,,,,,,
306.100000,3061,,,15.8928,,,0.4736,0.2999,2.56878,0.0000,0x00,2,39,3,,5092,5669,0,0.68612,,,2.56878,0.85000,0.000156186777,0.0165506626,,,,0,,,,,,
306.200000,3062,,,15.8928,,,0.4727,0.2999,2.56614,0.0000,0x00,2,39,3,,5093,5667,0,0.68611,,,2.56614,0.85000,0.00015588631,0.0165662512,,,,0,,,,,,
306.300000,3063,,,15.8929,,,0.4718,0.2999,2.56349,0.0000,0x00,2,39,3,,5094,5665,0,0.68611,,,2.56349,0.85000,0.000155586024,0.0165818098,,,,0,,,,,,
306.400000,3064,,,15.8930,,,0.4709,0.2999,2.56085,0.0000,0x00,2,39,3,,5094,5663,0,0.68611,,,2.56085,0.85000,0.000155285922,0.0165973384,,,,0,,,,,,
306.500000,3065,,,15.8930,,,0.4700,0.2999,2.55820,0.0000,0x00,2,39,3,,5095,5661,0,0.68610,,,2.55820,0.85000,0.000154986002,0.016612837,,,,0,,,,,,
306.600000,3066,,,15.8931,,,0.4691,0.2999,2.55556,0.0000,0x00,2,39,3,,5096,5659,0,0.68610,,,2.55556,0.85000,0.000154686265,0.0166283057,,,,0,,,,,,
306.700000,3067,,,15.8932,,,0.4681,0.2999,2.55291,0.0000,0x00,2,39,3,,5097,5658,0,0.68609,,,2.55291,0.85000,0.00015438671,0.0166437443,,,,0,,,,,,
306.800000,3068,,,15.8932,,,0.4672,0.2999,2.55026,0.0000,0x00,2,39,3,,5097,5656,0,0.68609,,,2.55026,0.85000,0.000154087338,0.0166591531,,,,0,,,,,,
306.900000,3069,,,15.8933,,,0.4663,0.2999,2.54762,0.0000,0x00,2,39,3,,5098,5654,0,0.68609,,,2.54762,0.85000,0.000153788149,0.0166745319,,,,0,,,,,,
307.000000,3070,,,15.8939,,,0.4589,0.2994,2.54497,0.0000,0x00,2,39,3,,5105,5638,0,0.68608,,,2.54497,0.85000,0.000151358158,0.0166896677,,,,0,,,,,,
307.100000,3071,,,15.8945,,,0.4504,0.2993,2.54021,0.0000,0x00,2,39,3,,5113,5620,0,0.68608,,,2.54021,0.85000,0.000148546836,0.0167045224,,,,0,,,,,,
307.200000,3072,,,15.8946,,,0.4483,0.2999,2.53545,0.0000,0x00,2,39,3,,5114,5617,0,0.68607,,,2.53545,0.85000,0.000147845192,0.0167193069,,,,0,,,,,,
307.300000,3073,,,15.8948,,,0.4467,0.2999,2.53069,0.0000,0x00,2,39,3,,5115,5614,0,0.68607,,,2.53069,0.85000,0.000147316226,0.0167340385,,,,0,,,,,,
307.400000,3074,,,15.8949,,,0.4451,0.2999,2.52593,0.0000,0x00,2,39,3,,5117,5610,0,0.68607,,,2.52593,0.85000,0.000146788878,0.0167487174,,,,0,,,,,,
307.500000,3075,,,15.8950,,,0.4435,0.2999,2.52116,0.0000,0x00,2,39,3,,5118,5607,0,0.68606,,,2.52116,0.85000,0.000146262128,0.0167633436,,,,0,,,,,,
307.600000,3076,,,15.8951,,,0.4419,0.2999,2.51640,0.0000,0x00,2,39,3,,5120,5604,0,0.68606,,,2.51640,0.85000,0.000145735969,0.0167779172,,,,0,,,,,,
307.700000,3077,,,15.8952,,,0.4403,0.2999,2.51164,0.0000,0x00,2,39,3,,5121,5601,0,0.68605,,,2.51164,0.85000,0.000145210402,0.0167924383,,,,0,,,,,,
307.800000,3078,,,15.8953,,,0.4387,0.2999,2.50688,0.0000,0x00,2,39,3,,5123,5597,0,0.68605,,,2.50688,0.85000,0.000144685427,0.0168069068,,,,0,,,,,,
307.900000,3079,,,15.8955,,,0.4371,0.2999,2.50212,0.0000,0x00,2,39,3,,5124,5594,0,0.68605,,,2.50212,0.85000,0.000144161043,0.0168213229,,,,0,,,,,,
308.000000,3080,,,15.8958,,,0.4323,0.2996,2.49735,0.0000,0x00,2,39,3,,5129,5584,0,0.68604,,,2.49735,0.85000,0.000142594919,0.0168355824,,,,0,,,,,,
308.100000,3081,,,15.8962,,,0.4270,0.2996,2.49153,0.0000,0x00,2,39,3,,5135,5573,0,0.68604,,,2.49153,0.85000,0.000140840992,0.0168496665,,,,0,,,,,,
308.200000,3082,,,15.8964,,,0.4248,0.2998,2.48571,0.0000,0x00,2,39,3,,5137,5569,0,0.68603,,,2.48571,0.85000,0.000140119971,0.0168636785,,,,0,,,,,,
308.300000,3083,,,15.8965,,,0.4229,0.2998,2.47989,0.0000,0x00,2,39,3,,5139,5565,0,0.68603,,,2.47989,0.85000,0.000139487107,0.0168776272,,,,0,,,,,,
308.400000,3084,,,15.8967,,,0.4210,0.2998,2.47407,0.0000,0x00,2,39,3,,5141,5561,0,0.68603,,,2.47407,0.85000,0.000138855646,0.0168915128,,,,0,,,,,,
308.500000,3085,,,15.8968,,,0.4190,0.2998,2.46825,0.0000,0x00,2,39,3,,5143,5557,0,0.68602,,,2.46825,0.85000,0.000138225072,0.0169053353,,,,0,,,,,,
308.600000,3086,,,15.8969,,,0.4171,0.2998,2.46243,0.0000,0x00,2,39,3,,5145,5554,0,0.68602,,,2.46243,0.85000,0.000137595382,0.0169190948,,,,0,,,,,,
308.700000,3087,,,15.8971,,,0.4152,0.2998,2.45661,0.0000,0x00,2,39,3,,5147,5550,0,0.68601,,,2.45661,0.85000,0.000136966576,0.0169327915,,,,0,,,,,,
308.800000,3088,,,15.8972,,,0.4133,0.2998,2.45079,0.0000,0x00,2,39,3,,5149,5546,0,0.68601,,,2.45079,0.85000,0.000136338654,0.0169464253,,,,0,,,,,,
308.900000,3089,,,15.8974,,,0.4114,0.2998,2.44497,0.0000,0x00,2,39,3,,5151,5542,0,0.68601,,,2.44497,0.85000,0.000135711616,0.0169599965,,,,0,,,,,,
309.000000,3090,,,15.8975,,,0.4095,0.2998,2.43915,0.0000,0x00,2,39,3,,5153,5538,0,0.68600,,,2.43915,0.85000,0.000135085462,0.0169735051,,,,0,,,,,,
309.100000,3091,,,15.8976,,,0.4076,0.2998,2.43333,0.0000,0x00,2,39,3,,5155,5534,0,0.68600,,,2.43333,0.85000,0.000134460191,0.0169869511,,,,0,,,,,,
309.200000,3092,,,15.8978,,,0.4057,0.2998,2.42751,0.0000,0x00,2,39,3,,5157,5530,0,0.68599,,,2.42751,0.85000,0.000133835805,0.0170003347,,,,0,,,,,,
309.300000,3093,,,15.8979,,,0.4038,0.2998,2.42169,0.0000,0x00,2,39,3,,5159,5527,0,0.68599,,,2.42169,0.85000,0.000133212302,0.0170136559,,,,0,,,,,,
309.400000,3094,,,15.8981,,,0.4019,0.2998,2.41587,0.0000,0x00,2,39,3,,5161,5523,0,0.68599,,,2.41587,0.85000,0.000132589684,0.0170269148,,,,0,,,,,,
309.500000,3095,,,15.8982,,,0.4000,0.2998,2.41005,0.0000,0x00,2,39,3,,5163,5519,0,0.68598,,,2.41005,0.85000,0.000131967949,0.0170401116,,,,0,,,,,,
309.600000,3096,,,15.8983,,,0.3982,0.2998,2.40423,0.0000,0x00,2,39,3,,5165,5515,0,0.68598,,,2.40423,0.85000,0.000131347098,0.0170532464,,,,0,,,,,,
309.700000,3097,,,15.8985,,,0.3963,0.2998,2.39841,0.0000,0x00,2,39,3,,5168,5511,0,0.68597,,,2.39841,0.85000,0.000130727131,0.0170663191,,,,0,,,,,,
309.800000,3098,,,15.8986,,,0.3944,0.2998,2.39259,0.0000,0x00,2,39,3,,5170,5507,0,0.68597,,,2.39259,0.85000,0.000130108049,0.0170793299,,,,0,,,,,,
309.900000,3099,,,15.8988,,,0.3925,0.2998,2.38677,0.0000,0x00,2,39,3,,5172,5504,0,0.68597,,,2.38677,0.85000,0.00012948985,0.0170922789,,,,0,,,,,,
310.000000,3100,,,15.8990,,,0.3891,0.2997,2.38095,0.0000,0x00,2,39,3,,5176,5496,0,0.68596,,,2.38095,0.85000,0.000128378309,0.0171051167,,,,0,,,,,,
310.100000,3101,,,15.8993,,,0.3855,0.2997,2.37460,0.0000,0x00,2,39,3,,5181,5489,0,0.68596,,,2.37460,0.85000,0.000127175202,0.0171178342,,,,0,,,,,,
310.200000,3102,,,15.8994,,,0.3833,0.2998,2.36825,0.0000,0x00,2,39,3,,5183,5485,0,0.68595,,,2.36825,0.85000,0.000126462298,0.0171304804,,,,0,,,,,,
310.300000,3103,,,15.8996,,,0.3813,0.2998,2.36190,0.0000,0x00,2,39,3,,5186,5481,0,0.68595,,,2.36190,0.85000,0.00012579459,0.0171430599,,,,0,,,,,,
310.400000,3104,,,15.8997,,,0.3793,0.2998,2.35556,0.0000,0x00,2,39,3,,5188,5477,0,0.68595,,,2.35556,0.85000,0.000125128196,0.0171555727,,,,0,,,,,,
310.500000,3105,,,15.8999,,,0.3772,0.2998,2.34921,0.0000,0x00,2,39,3,,5191,5472,0,0.68594,,,2.34921,0.85000,0.000124462856,0.017168019,,,,0,,,,,,
310.600000,3106,,,15.9000,,,0.3752,0.2998,2.34286,0.0000,0x00,2,39,3,,5194,5468,0,0.68594,,,2.34286,0.85000,0.000123798568,0.0171803989,,,,0,,,,,,
310.700000,3107,,,15.9002,,,0.3732,0.2998,2.33651,0.0000,0x00,2,39,3,,5196,5464,0,0.68593,,,2.33651,0.85000,0.000123135332,0.0171927124,,,,0,,,,,,
310.800000,3108,,,15.9003,,,0.3712,0.2998,2.33016,0.0000,0x00,2,39,3,,5199,5460,0,0.68593,,,2.33016,0.85000,0.000122473148,0.0172049597,,,,0,,,,,,
310.900000,3109,,,15.9005,,,0.3692,0.2998,2.32381,0.0000,0x00,2,39,3,,5202,5456,0,0.68593,,,2.32381,0.85000,0.000121812016,0.0172171409,,,,0,,,,,,
311.000000,3110,,,15.9006,,,0.3672,0.2998,2.31746,0.0000,0x00,2,39,3,,5204,5452,0,0.68592,,,2.31746,0.85000,0.000121151935,0.0172292561,,,,0,,,,,,
311.100000,3111,,,15.9008,,,0.3652,0.2998,2.31111,0.0000,0x00,2,39,3,,5207,5448,0,0.68592,,,2.31111,0.85000,0.000120492907,0.0172413054,,,,0,,,,,,
311.200000,3112,,,15.9009,,,0.3632,0.2998,2.30476,0.0000,0x00,2,39,3,,5210,5444,0,0.68591,,,2.30476,0.85000,0.000119834931,0.0172532889,,,,0,,,,,,
311.300000,3113,,,15.9011,,,0.3612,0.2998,2.29841,0.0000,0x00,2,39,3,,5213,5440,0,0.68591,,,2.29841,0.85000,0.000119178006,0.0172652067,,,,0,,,,,,
311.400000,3114,,,15.9012,,,0.3592,0.2998,2.29206,0.0000,0x00,2,39,3,,5215,5436,0,0.68591,,,2.29206,0.85000,0.000118522134,0.0172770589,,,,0,,,,,,
311.500000,3115,,,15.9014,,,0.3572,0.2998,2.28571,0.0000,0x00,2,39,3,,5218,5432,0,0.68590,,,2.28571,0.85000,0.000117867313,0.0172888456,,,,0,,,,,,
311.600000,3116,,,15.9015,,,0.3552,0.2998,2.27937,0.0000,0x00,2,39,3,,5221,5428,0,0.68590,,,2.27937,0.85000,0.000117213545,0.017300567,,,,0,,,,,,
311.700000,3117,,,15.9017,,,0.3533,0.2998,2.27302,0.0000,0x00,2,39,3,,5224,5424,0,0.68589,,,2.27302,0.85000,0.000116560828,0.0173122231,,,,0,,,,,,
311.800000,3118,,,15.9018,,,0.3513,0.2998,2.26667,0.0000,0x00,2,39,3,,5227,5420,0,0.68589,,,2.26667,0.85000,0.000115909164,0.017323814,,,,0,,,,,,
311.900000,3119,,,15.9020,,,0.3493,0.2998,2.26032,0.0000,0x00,2,39,3,,5230,5416,0,0.68589,,,2.26032,0.85000,0.000115258551,0.0173353398,,,,0,,,,,,
312.000000,3120,,,15.9020,,,0.3487,0.3000,2.25397,0.0000,0x00,2,39,3,,5230,5415,0,0.68588,,,2.25397,0.85000,0.000115074166,0.0173468473,,,,0,,,,,,
312.100000,3121,,,15.9020,,,0.3485,0.3000,2.24815,0.0000,0x00,2,39,3,,5231,5414,0,0.68588,,,2.24815,0.85000,0.000114981941,0.0173583455,,,,0,,,,,,
312.200000,3122,,,15.9021,,,0.3468,0.2998,2.24233,0.0000,0x00,2,39,3,,5234,5411,0,0.68587,,,2.24233,0.85000,0.000114430204,0.0173697885,,,,0,,,,,,
312.300000,3123,,,15.9023,,,0.3450,0.2998,2.23651,0.0000,0x00,2,39,3,,5236,5407,0,0.68587,,,2.23651,0.85000,0.000113835091,0.017381172,,,,0,,,,,,
312.400000,3124,,,15.9024,,,0.3432,0.2998,2.23069,0.0000,0x00,2,39,3,,5239,5403,0,0.68587,,,2.23069,0.85000,0.000113240599,0.017392496,,,,0,,,,,,
312.500000,3125,,,15.9026,,,0.3414,0.2998,2.22487,0.0000,0x00,2,39,3,,5242,5400,0,0.68586,,,2.22487,0.85000,0.00011264699,0.0174037607,,,,0,,,,,,
312.600000,3126,,,15.9027,,,0.3396,0.2998,2.21905,0.0000,0x00,2,39,3,,5245,5396,0,0.68586,,,2.21905,0.85000,0.000112054264,0.0174149662,,,,0,,,,,,
312.700000,3127,,,15.9028,,,0.3378,0.2998,2.21323,0.0000,0x00,2,39,3,,5248,5392,0,0.68585,,,2.21323,0.85000,0.000111462422,0.0174261124,,,,0,,,,,,
312.800000,3128,,,15.9029,,,0.3360,0.2998,2.20741,0.0000,0x00,2,39,3,,5251,5389,0,0.68585,,,2.20741,0.85000,0.000110871465,0.0174371996,,,,0,,,,,,
312.900000,3129,,,15.9031,,,0.3342,0.2998,2.20159,0.0000,0x00,2,39,3,,5254,5385,0,0.68585,,,2.20159,0.85000,0.000110281391,0.0174482277,,,,0,,,,,,
313.000000,3130,,,15.9033,,,0.3310,0.2997,2.19577,0.0000,0x00,2,39,3,,5259,5378,0,0.68584,,,2.19577,0.85000,0.000109240169,0.0174591517,,,,0,,,,,,
313.100000,3131,,,15.9036,,,0.3276,0.2997,2.18942,0.0000,0x00,2,39,3,,5265,5371,0,0.68584,,,2.18942,0.85000,0.000108109821,0.0174699627,,,,0,,,,,,
313.200000,3132,,,15.9037,,,0.3255,0.2998,2.18307,0.0000,0x00,2,39,3,,5268,5367,0,0.68583,,,2.18307,0.85000,0.000107427294,0.0174807054,,,,0,,,,,,
313.300000,3133,,,15.9039,,,0.3236,0.2998,2.17672,0.0000,0x00,2,39,3,,5271,5363,0,0.68583,,,2.17672,0.85000,0.000106790266,0.0174913844,,,,0,,,,,,
313.400000,3134,,,15.9040,,,0.3217,0.2998,2.17037,0.0000,0x00,2,39,3,,5275,5359,0,0.68583,,,2.17037,0.85000,0.000106154555,0.0175019999,,,,0,,,,,,
313.500000,3135,,,15.9042,,,0.3197,0.2998,2.16402,0.0000,0x00,2,39,3,,5278,5356,0,0.68582,,,2.16402,0.85000,0.000105519898,0.0175125519,,,,0,,,,,,
313.600000,3136,,,15.9043,,,0.3178,0.2998,2.15767,0.0000,0x00,2,39,3,,5282,5352,0,0.68582,,,2.15767,0.85000,0.000104886292,0.0175230405,,,,0,,,,,,
313.700000,3137,,,15.9044,,,0.3159,0.2998,2.15132,0.0000,0x00,2,39,3,,5285,5348,0,0.68581,,,2.15132,0.85000,0.000104253739,0.0175334659,,,,0,,,,,,
313.800000,3138,,,15.9046,,,0.3140,0.2998,2.14497,0.0000,0x00,2,39,3,,5289,5344,0,0.68581,,,2.14497,0.85000,0.000103622237,0.0175438281,,,,0,,,,,,
313.900000,3139,,,15.9047,,,0.3121,0.2998,2.13862,0.0000,0x00,2,39,3,,5292,5340,0,0.68581,,,2.13862,0.85000,0.000102991787,0.0175541273,,,,0,,,,,,
314.000000,3140,,,15.9055,,,0.3022,0.2990,2.13228,0.0000,0x00,2,39,3,,5313,5318,0,0.68580,,,2.13228,0.85000,9.97397569e-05,0.0175641013,,,,0,,,,,,
314.100000,3141,,,15.9064,,,0.2948,0.2948,2.12275,0.0000,0x00,2,39,3,,5316,5316,0,0.68580,,,2.12275,0.85000,9.73099165e-05,0.0175738323,,,,0,,,,,,
314.200000,3142,,,15.9066,,,0.2934,0.2934,2.11323,0.0000,0x00,2,39,3,,5316,5316,0,0.68579,,,2.11323,0.85000,9.68522093e-05,0.0175835175,,,,0,,,,,,
314.300000,3143,,,15.9068,,,0.2921,0.2921,2.10370,0.0000,0x00,2,39,3,,5316,5316,0,0.68579,,,2.10370,0.85000,9.63970124e-05,0.0175931572,,,,0,,,,,,
314.400000,3144,,,15.9070,,,0.2907,0.2907,2.09418,0.0000,0x00,2,39,3,,5316,5316,0,0.68579,,,2.09418,0.85000,9.5942997e-05,0.0176027515,,,,0,,,,,,
314.500000,3145,,,15.9072,,,0.2893,0.2893,2.08466,0.0000,0x00,2,39,3,,5316,5316,0,0.68578,,,2.08466,0.85000,9.54901632e-05,0.0176123005,,,,0,,,,,,
314.600000,3146,,,15.9074,,,0.2879,0.2879,2.07513,0.0000,0x00,2,39,3,,5316,5316,0,0.68578,,,2.07513,0.85000,9.50385109e-05,0.0176218044,,,,0,,,,,,
314.700000,3147,,,15.9076,,,0.2866,0.2866,2.06561,0.0000,0x00,2,39,3,,5316,5316,0,0.68577,,,2.06561,0.85000,9.45880402e-05,0.0176312632,,,,0,,,,,,
314.800000,3148,,,15.9078,,,0.2852,0.2852,2.05608,0.0000,0x00,2,39,3,,5316,5316,0,0.68577,,,2.05608,0.85000,9.41387511e-05,0.017640677,,,,0,,,,,,
314.900000,3149,,,15.9080,,,0.2838,0.2838,2.04656,0.0000,0x00,2,39,3,,5316,5316,0,0.68577,,,2.04656,0.85000,9.36906435e-05,0.0176500461,,,,0,,,,,,
315.000000,3150,,,15.9079,,,0.2846,0.2846,2.03704,0.0000,0x00,2,39,3,,5316,5316,0,0.68576,,,2.03704,0.85000,9.39339007e-05,0.0176594395,,,,0,,,,,,
315.100000,3151,,,15.9077,,,0.2855,0.2855,2.02910,0.0000,0x00,2,39,3,,5316,5316,0,0.68576,,,2.02910,0.85000,9.42471701e-05,0.0176688642,,,,0,,,,,,
315.200000,3152,,,15.9079,,,0.2844,0.2844,2.02116,0.0000,0x00,2,39,3,,5316,5316,0,0.68576,,,2.02116,0.85000,9.38710769e-05,0.0176782513,,,,0,,,,,,
315.300000,3153,,,15.9081,,,0.2832,0.2832,2.01323,0.0000,0x00,2,39,3,,5316,5316,0,0.68575,,,2.01323,0.85000,9.34958042e-05,0.0176876009,,,,0,,,,,,
315.400000,3154,,,15.9082,,,0.2821,0.2821,2.00529,0.0000,0x00,2,39,3,,5316,5316,0,0.68575,,,2.00529,0.85000,9.3121352e-05,0.017696913,,,,0,,,,,,
315.500000,3155,,,15.9084,,,0.2810,0.2810,1.99735,0.0000,0x00,2,39,3,,5316,5316,0,0.68574,,,1.99735,0.85000,9.27477203e-05,0.0177061878,,,,0,,,,,,
315.600000,3156,,,15.9086,,,0.2798,0.2798,1.98942,0.0000,0x00,2,39,3,,5316,5316,0,0.68574,,,1.98942,0.85000,9.23749092e-05,0.0177154253,,,,0,,,,,,
315.700000,3157,,,15.9088,,,0.2787,0.2787,1.98148,0.0000,0x00,2,39,3,,5316,5316,0,0.68574,,,1.98148,0.85000,9.20029186e-05,0.0177246256,,,,0,,,,,,
315.800000,3158,,,15.9089,,,0.2776,0.2776,1.97354,0.0000,0x00,2,39,3,,5316,5316,0,0.68573,,,1.97354,0.85000,9.16317486e-05,0.0177337888,,,,0,,,,,,
315.900000,3159,,,15.9091,,,0.2765,0.2765,1.96561,0.0000,0x00,2,39,3,,5316,5316,0,0.68573,,,1.96561,0.85000,9.12613991e-05,0.0177429149,,,,0,,,,,,
316.000000,3160,,,15.9095,,,0.2733,0.2733,1.95767,0.0000,0x00,2,39,3,,5316,5316,0,0.68573,,,1.95767,0.85000,9.0228577e-05,0.0177519378,,,,0,,,,,,
316.100000,3161,,,15.9100,,,0.2700,0.2700,1.94815,0.0000,0x00,2,39,3,,5316,5316,0,0.68572,,,1.94815,0.85000,8.91293859e-05,0.0177608507,,,,0,,,,,,
316.200000,3162,,,15.9102,,,0.2687,0.2687,1.93862,0.0000,0x00,2,39,3,,5316,5316,0,0.68572,,,1.93862,0.85000,8.86946694e-05,0.0177697202,,,,0,,,,,,
316.300000,3163,,,15.9104,,,0.2673,0.2673,1.92910,0.0000,0x00,2,39,3,,5316,5316,0,0.68571,,,1.92910,0.85000,8.82611345e-05,0.0177785463,,,,0,,,,,,
316.400000,3164,,,15.9106,,,0.2660,0.2660,1.91958,0.0000,0x00,2,39,3,,5316,5316,0,0.68571,,,1.91958,0.85000,8.78287812e-05,0.0177873292,,,,0,,,,,,
316.500000,3165,,,15.9108,,,0.2647,0.2647,1.91005,0.0000,0x00,2,39,3,,5316,5316,0,0.68571,,,1.91005,0.85000,8.73976094e-05,0.0177960689,,,,0,,,,,,
316.600000,3166,,,15.9110,,,0.2634,0.2634,1.90053,0.0000,0x00,2,39,3,,5316,5316,0,0.68570,,,1.90053,0.85000,8.69676191e-05,0.0178047657,,,,0,,,,,,
316.700000,3167,,,15.9112,,,0.2621,0.2621,1.89101,0.0000,0x00,2,39,3,,5316,5316,0,0.68570,,,1.89101,0.85000,8.65388105e-05,0.0178134196,,,,0,,,,,,
316.800000,3168,,,15.9114,,,0.2608,0.2608,1.88148,0.0000,0x00,2,39,3,,5316,5316,0,0.68570,,,1.88148,0.85000,8.61111834e-05,0.0178220307,,,,0,,,,,,
316.900000,3169,,,15.9116,,,0.2595,0.2595,1.87196,0.0000,0x00,2,39,3,,5316,5316,0,0.68569,,,1.87196,0.85000,8.56847379e-05,0.0178305991,,,,0,,,,,,
317.000000,3170,,,15.9114,,,0.2608,0.2608,1.86243,0.0000,0x00,2,39,3,,5316,5316,0,0.68569,,,1.86243,0.85000,8.61008404e-05,0.0178392092,,,,0,,,,,,
317.100000,3171,,,15.9112,,,0.2623,0.2623,1.85503,0.0000,0x00,2,39,3,,5316,5316,0,0.68569,,,1.85503,0.85000,8.66055702e-05,0.0178478698,,,,0,,,,,,
317.200000,3172,,,15.9113,,,0.2613,0.2613,1.84762,0.0000,0x00,2,39,3,,5316,5316,0,0.68568,,,1.84762,0.85000,8.62696483e-05,0.0178564968,,,,0,,,,,,
317.300000,3173,,,15.9115,,,0.2603,0.2603,1.84021,0.0000,0x00,2,39,3,,5316,5316,0,0.68568,,,1.84021,0.85000,8.59344412e-05,0.0178650902,,,,0,,,,,,
317.400000,3174,,,15.9116,,,0.2593,0.2593,1.83280,0.0000,0x00,2,39,3,,5316,5316,0,0.68568,,,1.83280,0.85000,8.55999489e-05,0.0178736502,,,,0,,,,,,
317.500000,3175,,,15.9118,,,0.2582,0.2582,1.82540,0.0000,0x00,2,39,3,,5316,5316,0,0.68567,,,1.82540,0.85000,8.52661714e-05,0.0178821768,,,,0,,,,,,
317.600000,3176,,,15.9119,,,0.2572,0.2572,1.81799,0.0000,0x00,2,39,3,,5316,5316,0,0.68567,,,1.81799,0.85000,8.49331086e-05,0.0178906701,,,,0,,,,,,
317.700000,3177,,,15.9121,,,0.2562,0.2562,1.81058,0.0000,0x00,2,39,3,,5316,5316,0,0.68567,,,1.81058,0.85000,8.46007606e-05,0.0178991302,,,,0,,,,,,
317.800000,3178,,,15.9122,,,0.2552,0.2552,1.80317,0.0000,0x00,2,39,3,,5316,5316,0,0.68566,,,1.80317,0.85000,8.42691274e-05,0.0179075571,,,,0,,,,,,
317.900000,3179,,,15.9124,,,0.2542,0.2542,1.79577,0.0000,0x00,2,39,3,,5316,5316,0,0.68566,,,1.79577,0.85000,8.3938209e-05,0.0179159509,,,,0,,,,,,
318.000000,3180,,,15.9124,,,0.2538,0.2538,1.78836,0.0000,0x00,2,39,3,,5316,5316,0,0.68566,,,1.78836,0.85000,8.38099811e-05,0.0179243319,,,,0,,,,,,
318.100000,3181,,,15.9125,,,0.2535,0.2535,1.78148,0.0000,0x00,2,39,3,,5316,5316,0,0.68565,,,1.78148,0.85000,8.37044255e-05,0.0179327024,,,,0,,,,,,
318.200000,3182,,,15.9126,,,0.2526,0.2526,1.77460,0.0000,0x00,2,39,3,,5316,5316,0,0.68565,,,1.77460,0.85000,8.33975105e-05,0.0179410421,,,,0,,,,,,
318.300000,3183,,,15.9128,,,0.2516,0.2516,1.76772,0.0000,0x00,2,39,3,,5316,5316,0,0.68565,,,1.76772,0.85000,8.30912118e-05,0.0179493512,,,,0,,,,,,
318.400000,3184,,,15.9129,,,0.2507,0.2507,1.76085,0.0000,0x00,2,39,3,,5316,5316,0,0.68564,,,1.76085,0.85000,8.27855294e-05,0.0179576298,,,,0,,,,,,
318.500000,3185,,,15.9130,,,0.2498,0.2498,1.75397,0.0000,0x00,2,39,3,,5316,5316,0,0.68564,,,1.75397,0.85000,8.24804633e-05,0.0179658778,,,,0,,,,,,
318.600000,3186,,,15.9132,,,0.2489,0.2489,1.74709,0.0000,0x00,2,39,3,,5316,5316,0,0.68564,,,1.74709,0.85000,8.21760136e-05,0.0179740954,,,,0,,,,,,
318.700000,3187,,,15.9133,,,0.2479,0.2479,1.74021,0.0000,0x00,2,39,3,,5316,5316,0,0.68563,,,1.74021,0.85000,8.18721801e-05,0.0179822827,,,,0,,,,,,
318.800000,3188,,,15.9134,,,0.2470,0.2470,1.73333,0.0000,0x00,2,39,3,,5316,5316,0,0.68563,,,1.73333,0.85000,8.15689629e-05,0.0179904396,,,,0,,,,,,
318.900000,3189,,,15.9136,,,0.2461,0.2461,1.72646,0.0000,0x00,2,39,3,,5316,5316,0,0.68563,,,1.72646,0.85000,8.12663621e-05,0.0179985662,,,,0,,,,,,
319.000000,3190,,,15.9135,,,0.2470,0.2470,1.71958,0.0000,0x00,2,39,3,,5316,5316,0,0.68562,,,1.71958,0.85000,8.15470001e-05,0.0180067209,,,,0,,,,,,
319.100000,3191,,,15.9133,,,0.2480,0.2480,1.71429,0.0000,0x00,2,39,3,,5316,5316,0,0.68562,,,1.71429,0.85000,8.18941608e-05,0.0180149103,,,,0,,,,,,
319.200000,3192,,,15.9134,,,0.2473,0.2473,1.70899,0.0000,0x00,2,39,3,,5316,5316,0,0.68562,,,1.70899,0.85000,8.16590637e-05,0.0180230762,,,,0,,,,,,
319.300000,3193,,,15.9135,,,0.2466,0.2466,1.70370,0.0000,0x00,2,39,3,,5316,5316,0,0.68561,,,1.70370,0.85000,8.14243313e-05,0.0180312187,,,,0,,,,,,
319.400000,3194,,,15.9136,,,0.2459,0.2459,1.69841,0.0000,0x00,2,39,3,,5316,5316,0,0.68561,,,1.69841,0.85000,8.11899635e-05,0.0180393376,,,,0,,,,,,
319.500000,3195,,,15.9137,,,0.2452,0.2452,1.69312,0.0000,0x00,2,39,3,,5316,5316,0,0.68561,,,1.69312,0.85000,8.09559605e-05,0.0180474332,,,,0,,,,,,
319.600000,3196,,,15.9138,,,0.2445,0.2445,1.68783,0.0000,0x00,2,39,3,,5316,5316,0,0.68560,,,1.68783,0.85000,8.07223221e-05,0.0180555055,,,,0,,,,,,
319.700000,3197,,,15.9139,,,0.2437,0.2437,1.68254,0.0000,0x00,2,39,3,,5316,5316,0,0.68560,,,1.68254,0.85000,8.04890485e-05,0.0180635544,,,,0,,,,,,
319.800000,3198,,,15.9140,,,0.2430,0.2430,1.67725,0.0000,0x00,2,39,3,,5316,5316,0,0.68560,,,1.67725,0.85000,8.02561395e-05,0.01807158,,,,0,,,,,,
319.900000,3199,,,15.9141,,,0.2423,0.2423,1.67196,0.0000,0x00,2,39,3,,5316,5316,0,0.68559,,,1.67196,0.85000,8.00235951e-05,0.0180795824,,,,0,,,,,,
320.000000,3200,,,15.9142,,,0.2422,0.2422,1.66667,0.0000,0x00,2,39,3,,5316,5316,0,0.68559,,,1.66667,0.85000,7.99796474e-05,0.0180875803,,,,0,,,,,,
320.100000,3201,,,15.9142,,,0.2421,0.2421,1.66190,0.0000,0x00,2,39,3,,5316,5316,0,0.68559,,,1.66190,0.85000,7.99581538e-05,0.0180955761,,,,0,,,,,,
320.200000,3202,,,15.9143,,,0.2415,0.2415,1.65714,0.0000,0x00,2,39,3,,5316,5316,0,0.68558,,,1.65714,0.85000,7.97487237e-05,0.018103551,,,,0,,,,,,
320.300000,3203,,,15.9144,,,0.2409,0.2409,1.65238,0.0000,0x00,2,39,3,,5316,5316,0,0.68558,,,1.65238,0.85000,7.9539589e-05,0.018111505,,,,0,,,,,,
320.400000,3204,,,15.9144,,,0.2402,0.2402,1.64762,0.0000,0x00,2,39,3,,5316,5316,0,0.68558,,,1.64762,0.85000,7.93307497e-05,0.018119438,,,,0,,,,,,
320.500000,3205,,,15.9145,,,0.2396,0.2396,1.64286,0.0000,0x00,2,39,3,,5316,5316,0,0.68557,,,1.64286,0.85000,7.91222058e-05,0.0181273503,,,,0,,,,,,
320.600000,3206,,,15.9146,,,0.2390,0.2390,1.63810,0.0000,0x00,2,39,3,,5316,5316,0,0.68557,,,1.63810,0.85000,7.89139573e-05,0.0181352417,,,,0,,,,,,
320.700000,3207,,,15.9147,,,0.2383,0.2383,1.63333,0.0000,0x00,2,39,3,,5316,5316,0,0.68557,,,1.63333,0.85000,7.87060042e-05,0.0181431123,,,,0,,,,,,
320.800000,3208,,,15.9148,,,0.2377,0.2377,1.62857,0.0000,0x00,2,39,3,,5316,5316,0,0.68556,,,1.62857,0.85000,7.84983464e-05,0.0181509621,,,,0,,,,,,
320.900000,3209,,,15.9149,,,0.2371,0.2371,1.62381,0.0000,0x00,2,39,3,,5316,5316,0,0.68556,,,1.62381,0.85000,7.82909841e-05,0.0181587912,,,,0,,,,,,
321.000000,3210,,,15.9143,,,0.2409,0.2409,1.61905,0.0000,0x00,2,39,3,,5316,5316,0,0.68556,,,1.61905,0.85000,7.95467479e-05,0.0181667459,,,,0,,,,,,
321.100000,3211,,,15.9137,,,0.2453,0.2453,1.61852,0.0000,0x00,2,39,3,,5316,5316,0,0.68555,,,1.61852,0.85000,8.09856332e-05,0.0181748444,,,,0,,,,,,
321.200000,3212,,,15.9137,,,0.2452,0.2452,1.61799,0.0000,0x00,2,39,3,,5316,5316,0,0.68555,,,1.61799,0.85000,8.09616915e-05,0.0181829406,,,,0,,,,,,
321.300000,3213,,,15.9137,,,0.2451,0.2451,1.61746,0.0000,0x00,2,39,3,,5316,5316,0,0.68555,,,1.61746,0.85000,8.09377535e-05,0.0181910344,,,,0,,,,,,
321.400000,3214,,,15.9137,,,0.2450,0.2450,1.61693,0.0000,0x00,2,39,3,,5316,5316,0,0.68554,,,1.61693,0.85000,8.09138192e-05,0.0181991258,,,,0,,,,,,
321.500000,3215,,,15.9137,,,0.2450,0.2450,1.61640,0.0000,0x00,2,39,3,,5316,5316,0,0.68554,,,1.61640,0.85000,8.08898885e-05,0.0182072147,,,,0,,,,,,
321.600000,3216,,,15.9138,,,0.2449,0.2449,1.61587,0.0000,0x00,2,39,3,,5316,5316,0,0.68554,,,1.61587,0.85000,8.08659614e-05,0.0182153013,,,,0,,,,,,
321.700000,3217,,,15.9138,,,0.2448,0.2448,1.61534,0.0000,0x00,2,39,3,,5316,5316,0,0.68553,,,1.61534,0.85000,8.0842038e-05,0.0182233855,,,,0,,,,,,
321.800000,3218,,,15.9138,,,0.2447,0.2447,1.61481,0.0000,0x00,2,39,3,,5316,5316,0,0.68553,,,1.61481,0.85000,8.08181182e-05,0.0182314674,,,,0,,,,,,
321.900000,3219,,,15.9138,,,0.2447,0.2447,1.61429,0.0000,0x00,2,39,3,,5316,5316,0,0.68553,,,1.61429,0.85000,8.07942021e-05,0.0182395468,,,,0,,,,,,
322.000000,3220,,,15.9141,,,0.2424,0.2424,1.61376,0.0000,0x00,2,39,3,,5316,5316,0,0.68552,,,1.61376,0.85000,8.00412645e-05,0.0182475509,,,,0,,,,,,
322.100000,3221,,,15.9145,,,0.2398,0.2398,1.61111,0.0000,0x00,2,39,3,,5316,5316,0,0.68552,,,1.61111,0.85000,7.9195122e-05,0.0182554704,,,,0,,,,,,
322.200000,3222,,,15.9146,,,0.2395,0.2395,1.60847,0.0000,0x00,2,39,3,,5316,5316,0,0.68552,,,1.60847,0.85000,7.90780957e-05,0.0182633782,,,,0,,,,,,
322.300000,3223,,,15.9146,,,0.2391,0.2391,1.60582,0.0000,0x00,2,39,3,,5316,5316,0,0.68552,,,1.60582,0.85000,7.89611606e-05,0.0182712743,,,,0,,,,,,
322.400000,3224,,,15.9147,,,0.2388,0.2388,1.60317,0.0000,0x00,2,39,3,,5316,5316,0,0.68551,,,1.60317,0.85000,7.88443166e-05,0.0182791588,,,,0,,,,,,
322.500000,3225,,,15.9147,,,0.2384,0.2384,1.60053,0.0000,0x00,2,39,3,,5316,5316,0,0.68551,,,1.60053,0.85000,7.87275638e-05,0.0182870315,,,,0,,,,,,
322.600000,3226,,,15.9148,,,0.2380,0.2380,1.59788,0.0000,0x00,2,39,3,,5316,5316,0,0.68551,,,1.59788,0.85000,7.86109022e-05,0.0182948926,,,,0,,,,,,
322.700000,3227,,,15.9148,,,0.2377,0.2377,1.59524,0.0000,0x00,2,39,3,,5316,5316,0,0.68550,,,1.59524,0.85000,7.84943318e-05,0.0183027421,,,,0,,,,,,
322.800000,3228,,,15.9149,,,0.2373,0.2373,1.59259,0.0000,0x00,2,39,3,,5316,5316,0,0.68550,,,1.59259,0.85000,7.83778525e-05,0.0183105798,,,,0,,,,,,
322.900000,3229,,,15.9149,,,0.2370,0.2370,1.58995,0.0000,0x00,2,39,3,,5316,5316,0,0.68550,,,1.58995,0.85000,7.82614645e-05,0.018318406,,,,0,,,,,,
323.000000,3230,,,15.9154,,,0.2339,0.2339,1.58730,0.0000,0x00,2,39,3,,5316,5316,0,0.68549,,,1.58730,0.85000,7.72488251e-05,0.0183261309,,,,0,,,,,,
323.100000,3231,,,15.9159,,,0.2305,0.2305,1.58201,0.0000,0x00,2,39,3,,5316,5316,0,0.68549,,,1.58201,0.85000,7.6126138e-05,0.0183337435,,,,0,,,,,,
323.200000,3232,,,15.9160,,,0.2298,0.2298,1.57672,0.0000,0x00,2,39,3,,5316,5316,0,0.68549,,,1.57672,0.85000,7.59001579e-05,0.0183413335,,,,0,,,,,,
323.300000,3233,,,15.9161,,,0.2291,0.2291,1.57143,0.0000,0x00,2,39,3,,5316,5316,0,0.68548,,,1.57143,0.85000,7.56745425e-05,0.0183489009,,,,0,,,,,,
323.400000,3234,,,15.9162,,,0.2285,0.2285,1.56614,0.0000,0x00,2,39,3,,5316,5316,0,0.68548,,,1.56614,0.85000,7.54492918e-05,0.0183564459,,,,0,,,,,,
323.500000,3235,,,15.9163,,,0.2278,0.2278,1.56085,0.0000,0x00,2,39,3,,5316,5316,0,0.68548,,,1.56085,0.85000,7.52244058e-05,0.0183639683,,,,0,,,,,,
323.600000,3236,,,15.9164,,,0.2271,0.2271,1.55556,0.0000,0x00,2,39,3,,5316,5316,0,0.68547,,,1.55556,0.85000,7.49998845e-05,0.0183714683,,,,0,,,,,,
323.700000,3237,,,15.9165,,,0.2264,0.2264,1.55026,0.0000,0x00,2,39,3,,5316,5316,0,0.68547,,,1.55026,0.85000,7.47757279e-05,0.0183789459,,,,0,,,,,,
323.800000,3238,,,15.9166,,,0.2257,0.2257,1.54497,0.0000,0x00,2,39,3,,5316,5316,0,0.68547,,,1.54497,0.85000,7.45519359e-05,0.0183864011,,,,0,,,,,,
323.900000,3239,,,15.9167,,,0.2251,0.2251,1.53968,0.0000,0x00,2,39,3,,5316,5316,0,0.68547,,,1.53968,0.85000,7.43285086e-05,0.0183938339,,,,0,,,,,,
324.000000,3240,,,15.9172,,,0.2217,0.2217,1.53439,0.0000,0x00,2,39,3,,5316,5316,0,0.68546,,,1.53439,0.85000,7.32389815e-05,0.0184011578,,,,0,,,,,,
324.100000,3241,,,15.9177,,,0.2181,0.2181,1.52646,0.0000,0x00,2,39,3,,5316,5316,0,0.68546,,,1.52646,0.85000,7.20475703e-05,0.0184083626,,,,0,,,,,,
324.200000,3242,,,15.9179,,,0.2171,0.2171,1.51852,0.0000,0x00,2,39,3,,5316,5316,0,0.68546,,,1.51852,0.85000,7.17234441e-05,0.0184155349,,,,0,,,,,,
324.300000,3243,,,15.9180,,,0.2162,0.2162,1.51058,0.0000,0x00,2,39,3,,5316,5316,0,0.68545,,,1.51058,0.85000,7.14001385e-05,0.0184226749,,,,0,,,,,,
324.400000,3244,,,15.9182,,,0.2152,0.2152,1.50265,0.0000,0x00,2,39,3,,5316,5316,0,0.68545,,,1.50265,0.85000,7.10776533e-05,0.0184297827,,,,0,,,,,,
324.500000,3245,,,15.9183,,,0.2142,0.2142,1.49471,0.0000,0x00,2,39,3,,5316,5316,0,0.68545,,,1.49471,0.85000,7.07559888e-05,0.0184368583,,,,0,,,,,,
324.600000,3246,,,15.9184,,,0.2132,0.2132,1.48677,0.0000,0x00,2,39,3,,5316,5316,0,0.68545,,,1.48677,0.85000,7.04351447e-05,0.0184439018,,,,0,,,,,,
324.700000,3247,,,15.9186,,,0.2123,0.2123,1.47884,0.0000,0x00,2,39,3,,5316,5316,0,0.68544,,,1.47884,0.85000,7.01151212e-05,0.0184509133,,,,0,,,,,,
324.800000,3248,,,15.9187,,,0.2113,0.2113,1.47090,0.0000,0x00,2,39,3,,5316,5316,0,0.68544,,,1.47090,0.85000,6.97959182e-05,0.0184578929,,,,0,,,,,,
324.900000,3249,,,15.9189,,,0.2103,0.2103,1.46296,0.0000,0x00,2,39,3,,5316,5316,0,0.68544,,,1.46296,0.85000,6.94775357e-05,0.0184648407,,,,0,,,,,,
325.000000,3250,,,15.9199,,,0.2034,0.2034,1.45503,0.0000,0x00,2,39,3,,5316,5316,0,0.68543,,,1.45503,0.85000,6.71880198e-05,0.0184715595,,,,0,,,,,,
325.100000,3251,,,15.9210,,,0.1958,0.1958,1.44074,0.0000,0x00,2,39,3,,5316,5316,0,0.68543,,,1.44074,0.85000,6.46852438e-05,0.018478028,,,,0,,,,,,
325.200000,3252,,,15.9213,,,0.1942,0.1942,1.42646,0.0000,0x00,2,39,3,,5316,5316,0,0.68543,,,1.42646,0.85000,6.41570806e-05,0.0184844437,,,,0,,,,,,
325.300000,3253,,,15.9215,,,0.1926,0.1926,1.41217,0.0000,0x00,2,39,3,,5316,5316,0,0.68543,,,1.41217,0.85000,6.36315758e-05,0.0184908069,,,,0,,,,,,
325.400000,3254,,,15.9217,,,0.1910,0.1910,1.39788,0.0000,0x00,2,39,3,,5316,5316,0,0.68542,,,1.39788,0.85000,6.31087296e-05,0.0184971177,,,,0,,,,,,
325.500000,3255,,,15.9220,,,0.1894,0.1894,1.38360,0.0000,0x00,2,39,3,,5316,5316,0,0.68542,,,1.38360,0.85000,6.2588542e-05,0.0185033766,,,,0,,,,,,
325.600000,3256,,,15.9222,,,0.1879,0.1879,1.36931,0.0000,0x00,2,39,3,,5316,5316,0,0.68542,,,1.36931,0.85000,6.20710128e-05,0.0185095837,,,,0,,,,,,
325.700000,3257,,,15.9224,,,0.1863,0.1863,1.35503,0.0000,0x00,2,39,3,,5316,5316,0,0.68542,,,1.35503,0.85000,6.15561422e-05,0.0185157393,,,,0,,,,,,
325.800000,3258,,,15.9227,,,0.1848,0.1848,1.34074,0.0000,0x00,2,39,3,,5316,5316,0,0.68541,,,1.34074,0.85000,6.10439301e-05,0.0185218437,,,,0,,,,,,
325.900000,3259,,,15.9229,,,0.1832,0.1832,1.32646,0.0000,0x00,2,39,3,,5316,5316,0,0.68541,,,1.32646,0.85000,6.05343766e-05,0.0185278971,,,,0,,,,,,
326.000000,3260,,,15.9235,,,0.1790,0.1790,1.31217,0.0000,0x00,2,39,3,,5316,5316,0,0.68541,,,1.31217,0.85000,5.91383093e-05,0.018533811,,,,0,,,,,,
326.100000,3261,,,15.9242,,,0.1745,0.1745,1.29471,0.0000,0x00,2,39,3,,5316,5316,0,0.68541,,,1.29471,0.85000,5.76568724e-05,0.0185395767,,,,0,,,,,,
326.200000,3262,,,15.9244,,,0.1727,0.1727,1.27725,0.0000,0x00,2,39,3,,5316,5316,0,0.68540,,,1.27725,0.85000,5.70685792e-05,0.0185452835,,,,0,,,,,,
326.300000,3263,,,15.9247,,,0.1709,0.1709,1.25979,0.0000,0x00,2,39,3,,5316,5316,0,0.68540,,,1.25979,0.85000,5.64842574e-05,0.0185509319,,,,0,,,,,,
326.400000,3264,,,15.9250,,,0.1692,0.1692,1.24233,0.0000,0x00,2,39,3,,5316,5316,0,0.68540,,,1.24233,0.85000,5.59039071e-05,0.0185565223,,,,0,,,,,,
326.500000,3265,,,15.9252,,,0.1674,0.1674,1.22487,0.0000,0x00,2,39,3,,5316,5316,0,0.68540,,,1.22487,0.85000,5.5327528e-05,0.0185620551,,,,0,,,,,,
326.600000,3266,,,15.9255,,,0.1657,0.1657,1.20741,0.0000,0x00,2,39,3,,5316,5316,0,0.68539,,,1.20741,0.85000,5.47551204e-05,0.0185675306,,,,0,,,,,,
326.700000,3267,,,15.9257,,,0.1640,0.1640,1.18995,0.0000,0x00,2,39,3,,5316,5316,0,0.68539,,,1.18995,0.85000,5.41866842e-05,0.0185729493,,,,0,,,,,,
326.800000,3268,,,15.9260,,,0.1623,0.1623,1.17249,0.0000,0x00,2,39,3,,5316,5316,0,0.68539,,,1.17249,0.85000,5.36222194e-05,0.0185783115,,,,0,,,,,,
326.900000,3269,,,15.9262,,,0.1606,0.1606,1.15503,0.0000,0x00,2,39,3,,5316,5316,0,0.68539,,,1.15503,0.85000,5.30617259e-05,0.0185836177,,,,0,,,,,,
327.000000,3270,,,15.9254,,,0.1663,0.1663,1.13757,0.0000,0x00,2,39,3,,5316,5316,0,0.68539,,,1.13757,0.85000,5.49462453e-05,0.0185891123,,,,0,,,,,,
327.100000,3271,,,15.9244,,,0.1729,0.1729,1.13016,0.0000,0x00,2,39,3,,5316,5316,0,0.68538,,,1.13016,0.85000,5.71205958e-05,0.0185948243,,,,0,,,,,,
327.200000,3272,,,15.9245,,,0.1721,0.1721,1.12275,0.0000,0x00,2,39,3,,5316,5316,0,0.68538,,,1.12275,0.85000,5.68546199e-05,0.0186005098,,,,0,,,,,,
327.300000,3273,,,15.9247,,,0.1713,0.1713,1.11534,0.0000,0x00,2,39,3,,5316,5316,0,0.68538,,,1.11534,0.85000,5.65893587e-05,0.0186061687,,,,0,,,,,,
327.400000,3274,,,15.9248,,,0.1705,0.1705,1.10794,0.0000,0x00,2,39,3,,5316,5316,0,0.68538,,,1.10794,0.85000,5.63248123e-05,0.0186118012,,,,0,,,,,,
327.500000,3275,,,15.9249,,,0.1697,0.1697,1.10053,0.0000,0x00,2,39,3,,5316,5316,0,0.68537,,,1.10053,0.85000,5.60609807e-05,0.0186174073,,,,0,,,,,,
327.600000,3276,,,15.9250,,,0.1689,0.1689,1.09312,0.0000,0x00,2,39,3,,5316,5316,0,0.68537,,,1.09312,0.85000,5.57978639e-05,0.0186229871,,,,0,,,,,,
327.700000,3277,,,15.9251,,,0.1681,0.1681,1.08571,0.0000,0x00,2,39,3,,5316,5316,0,0.68537,,,1.08571,0.85000,5.55354619e-05,0.0186285407,,,,0,,,,,,
327.800000,3278,,,15.9252,,,0.1673,0.1673,1.07831,0.0000,0x00,2,39,3,,5316,5316,0,0.68537,,,1.07831,0.85000,5.52737746e-05,0.018634068,,,,0,,,,,,
327.900000,3279,,,15.9254,,,0.1665,0.1665,1.07090,0.0000,0x00,2,39,3,,5316,5316,0,0.68537,,,1.07090,0.85000,5.50128021e-05,0.0186395693,,,,0,,,,,,
328.000000,3280,,,15.9253,,,0.1671,0.1671,1.06349,0.0000,0x00,2,39,3,,5316,5316,0,0.68536,,,1.06349,0.85000,5.52329843e-05,0.0186450926,,,,0,,,,,,
328.100000,3281,,,15.9251,,,0.1680,0.1680,1.05820,0.0000,0x00,2,39,3,,5316,5316,0,0.68536,,,1.05820,0.85000,5.5523183e-05,0.0186506449,,,,0,,,,,,
328.200000,3282,,,15.9252,,,0.1674,0.1674,1.05291,0.0000,0x00,2,39,3,,5316,5316,0,0.68536,,,1.05291,0.85000,5.53333065e-05,0.0186561783,,,,0,,,,,,
328.300000,3283,,,15.9253,,,0.1669,0.1669,1.04762,0.0000,0x00,2,39,3,,5316,5316,0,0.68536,,,1.04762,0.85000,5.51437946e-05,0.0186616926,,,,0,,,,,,
328.400000,3284,,,15.9254,,,0.1663,0.1663,1.04233,0.0000,0x00,2,39,3,,5316,5316,0,0.68535,,,1.04233,0.85000,5.49546474e-05,0.0186671881,,,,0,,,,,,
328.500000,3285,,,15.9255,,,0.1657,0.1657,1.03704,0.0000,0x00,2,39,3,,5316,5316,0,0.68535,,,1.03704,0.85000,5.47658649e-05,0.0186726647,,,,0,,,,,,
328.600000,3286,,,15.9256,,,0.1652,0.1652,1.03175,0.0000,0x00,2,39,3,,5316,5316,0,0.68535,,,1.03175,0.85000,5.45774471e-05,0.0186781224,,,,0,,,,,,
328.700000,3287,,,15.9256,,,0.1646,0.1646,1.02646,0.0000,0x00,2,39,3,,5316,5316,0,0.68535,,,1.02646,0.85000,5.43893939e-05,0.0186835614,,,,0,,,,,,
328.800000,3288,,,15.9257,,,0.1640,0.1640,1.02116,0.0000,0x00,2,39,3,,5316,5316,0,0.68535,,,1.02116,0.85000,5.42017054e-05,0.0186889815,,,,0,,,,,,
328.900000,3289,,,15.9258,,,0.1635,0.1635,1.01587,0.0000,0x00,2,39,3,,5316,5316,0,0.68534,,,1.01587,0.85000,5.40143817e-05,0.018694383,,,,0,,,,,,
329.000000,3290,,,15.9257,,,1.1285,0.0000,1.01058,0.8000,0x42,2,53,3,,5316,5316,0,0.68534,,,1.01058,0.85000,0.000372935878,0.0187316766,,,,0,,,,,,
329.100000,3291,,,15.9255,,,1.1306,0.0000,1.00741,0.8000,0x42,2,53,3,,5316,5316,0,0.68535,,,1.00741,0.85000,0.000373616672,0.0187690382,,,,0,,,,,,
329.200000,3292,,,15.9256,,,1.1299,0.0000,1.00423,0.8000,0x42,2,53,3,,5316,5316,0,0.68535,,,1.00423,0.85000,0.000373388051,0.018806377,,,,0,,,,,,
329.300000,3293,,,15.9256,,,1.1292,0.0000,1.00106,0.8000,0x42,2,53,3,,5316,5316,0,0.68535,,,1.00106,0.85000,0.000373159692,0.018843693,,,,0,,,,,,
329.400000,3294,,,15.9257,,,1.1285,0.0000,0.99788,0.8000,0x42,2,53,3,,5316,5316,0,0.68536,,,0.99788,0.85000,0.000372931595,0.0188809862,,,,0,,,,,,
329.500000,3295,,,15.9257,,,1.1278,0.0000,0.99471,0.8000,0x42,2,53,3,,5316,5316,0,0.68536,,,0.99471,0.85000,0.000372703759,0.0189182565,,,,0,,,,,,
329.600000,3296,,,15.9258,,,1.1271,0.0000,0.99153,0.8000,0x42,2,53,3,,5316,5316,0,0.68537,,,0.99153,0.85000,0.000372476185,0.0189555042,,,,0,,,,,,
329.700000,3297,,,15.9258,,,1.1264,0.0000,0.98836,0.8000,0x42,2,53,3,,5316,5316,0,0.68537,,,0.98836,0.85000,0.000372248873,0.0189927291,,,,0,,,,,,
329.800000,3298,,,15.9259,,,1.1258,0.0000,0.98519,0.8000,0x42,2,53,3,,5316,5316,0,0.68538,,,0.98519,0.85000,0.000372021822,0.0190299312,,,,0,,,,,,
329.900000,3299,,,15.9259,,,1.1251,0.0000,0.98201,0.8000,0x42,2,53,3,,5316,5316,0,0.68538,,,0.98201,0.85000,0.000371795032,0.0190671107,,,,0,,,,,,
330.000000,3300,,,15.9264,,,0.1592,0.1592,0.97884,0.0000,0x00,2,39,3,,5316,5316,0,0.68539,,,0.97884,0.85000,5.26027773e-05,0.019072371,,,,0,,,,,,
330.100000,3301,,,15.9270,,,0.1553,0.1553,0.97090,0.0000,0x00,2,39,3,,5316,5316,0,0.68538,,,0.97090,0.85000,5.13403269e-05,0.019077505,,,,0,,,,,,
330.200000,3302,,,15.9271,,,0.1545,0.1545,0.96296,0.0000,0x00,2,39,3,,5316,5316,0,0.68538,,,0.96296,0.85000,5.10736381e-05,0.0190826124,,,,0,,,,,,
330.300000,3303,,,15.9272,,,0.1537,0.1537,0.95503,0.0000,0x00,2,39,3,,5316,5316,0,0.68538,,,0.95503,0.85000,5.08077699e-05,0.0190876932,,,,0,,,,,,
330.400000,3304,,,15.9274,,,0.1529,0.1529,0.94709,0.0000,0x00,2,39,3,,5316,5316,0,0.68538,,,0.94709,0.85000,5.05427222e-05,0.0190927475,,,,0,,,,,,
330.500000,3305,,,15.9275,,,0.1521,0.1521,0.93915,0.0000,0x00,2,39,3,,5316,5316,0,0.68538,,,0.93915,0.85000,5.0278495e-05,0.0190977753,,,,0,,,,,,
330.600000,3306,,,15.9276,,,0.1513,0.1513,0.93122,0.0000,0x00,2,39,3,,5316,5316,0,0.68537,,,0.93122,0.85000,5.00150884e-05,0.0191027768,,,,0,,,,,,
330.700000,3307,,,15.9277,,,0.1505,0.1505,0.92328,0.0000,0x00,2,39,3,,5316,5316,0,0.68537,,,0.92328,0.85000,4.97525023e-05,0.0191077521,,,,0,,,,,,
330.800000,3308,,,15.9278,,,0.1497,0.1497,0.91534,0.0000,0x00,2,39,3,,5316,5316,0,0.68537,,,0.91534,0.85000,4.94907367e-05,0.0191127011,,,,0,,,,,,
330.900000,3309,,,15.9280,,,0.1490,0.1490,0.90741,0.0000,0x00,2,39,3,,5316,5316,0,0.68537,,,0.90741,0.85000,4.92297917e-05,0.0191176241,,,,0,,,,,,
331.000000,3310,,,15.9281,,,0.1482,0.1482,0.89947,0.0000,0x00,2,39,3,,5316,5316,0,0.68537,,,0.89947,0.85000,4.89696672e-05,0.0191225211,,,,0,,,,,,
331.100000,3311,,,15.9282,,,0.1474,0.1474,0.89153,0.0000,0x00,2,39,3,,5316,5316,0,0.68536,,,0.89153,0.85000,4.87103632e-05,0.0191273921,,,,0,,,,,,
331.200000,3312,,,15.9283,,,0.1466,0.1466,0.88360,0.0000,0x00,2,39,3,,5316,5316,0,0.68536,,,0.88360,0.85000,4.84518798e-05,0.0191322373,,,,0,,,,,,
331.300000,3313,,,15.9284,,,0.1458,0.1458,0.87566,0.0000,0x00,2,39,3,,5316,5316,0,0.68536,,,0.87566,0.85000,4.81942169e-05,0.0191370567,,,,0,,,,,,
331.400000,3314,,,15.9285,,,0.1450,0.1450,0.86772,0.0000,0x00,2,39,3,,5316,5316,0,0.68536,,,0.86772,0.85000,4.79373746e-05,0.0191418505,,,,0,,,,,,
331.500000,3315,,,15.9286,,,0.1443,0.1443,0.85979,0.0000,0x00,2,39,3,,5316,5316,0,0.68536,,,0.85979,0.85000,4.76813528e-05,0.0191466186,,,,0,,,,,,
331.600000,3316,,,15.9288,,,0.1435,0.1435,0.85185,0.0000,0x00,2,39,3,,5316,5316,0,0.68535,,,0.85185,0.85000,4.74261515e-05,0.0191513612,,,,0,,,,,,
331.700000,3317,,,15.9289,,,0.1427,0.1427,0.84392,0.0000,0x00,2,39,3,,5316,5316,0,0.68535,,,0.84392,0.85000,4.71717707e-05,0.0191560784,,,,0,,,,,,
331.800000,3318,,,15.9290,,,0.1419,0.1419,0.83598,0.0000,0x00,2,39,3,,5316,5316,0,0.68535,,,0.83598,0.85000,4.69182105e-05,0.0191607702,,,,0,,,,,,
331.900000,3319,,,15.9291,,,0.1412,0.1412,0.82804,0.0000,0x00,2,39,3,,5316,5316,0,0.68535,,,0.82804,0.85000,4.66654709e-05,0.0191654368,,,,0,,,,,,
332.000000,3320,,,15.9298,,,0.1362,0.1362,0.82011,0.0000,0x00,2,39,3,,5316,5316,0,0.68535,,,0.82011,0.85000,4.50242193e-05,0.0191699392,,,,0,,,,,,
332.100000,3321,,,15.9307,,,0.1306,0.1306,0.80423,0.0000,0x00,2,39,3,,5316,5316,0,0.68534,,,0.80423,0.85000,4.31872906e-05,0.0191742579,,,,0,,,,,,
332.200000,3322,,,15.9309,,,0.1293,0.1293,0.78836,0.0000,0x00,2,39,3,,5316,5316,0,0.68534,,,0.78836,0.85000,4.27429767e-05,0.0191785322,,,,0,,,,,,
332.300000,3323,,,15.9311,,,0.1280,0.1280,0.77249,0.0000,0x00,2,39,3,,5316,5316,0,0.68534,,,0.77249,0.85000,4.23019449e-05,0.0191827624,,,,0,,,,,,
332.400000,3324,,,15.9313,,,0.1266,0.1266,0.75661,0.0000,0x00,2,39,3,,5316,5316,0,0.68534,,,0.75661,0.85000,4.18641952e-05,0.0191869488,,,,0,,,,,,
332.500000,3325,,,15.9315,,,0.1253,0.1253,0.74074,0.0000,0x00,2,39,3,,5316,5316,0,0.68534,,,0.74074,0.85000,4.14297277e-05,0.0191910918,,,,0,,,,,,
332.600000,3326,,,15.9316,,,0.1240,0.1240,0.72487,0.0000,0x00,2,39,3,,5316,5316,0,0.68534,,,0.72487,0.85000,4.09985424e-05,0.0191951917,,,,0,,,,,,
332.700000,3327,,,15.9318,,,0.1227,0.1227,0.70899,0.0000,0x00,2,39,3,,5316,5316,0,0.68533,,,0.70899,0.85000,4.05706391e-05,0.0191992487,,,,0,,,,,,
332.800000,3328,,,15.9320,,,0.1214,0.1214,0.69312,0.0000,0x00,2,39,3,,5316,5316,0,0.68533,,,0.69312,0.85000,4.01460181e-05,0.0192032633,,,,0,,,,,,
332.900000,3329,,,15.9322,,,0.1202,0.1202,0.67725,0.0000,0x00,2,39,3,,5316,5316,0,0.68533,,,0.67725,0.85000,3.97246792e-05,0.0192072358,,,,0,,,,,,
333.000000,3330,,,15.9320,,,0.1218,0.1218,0.66138,0.0000,0x00,2,39,3,,5316,5316,0,0.68533,,,0.66138,0.85000,4.02776614e-05,0.0192112636,,,,0,,,,,,
333.100000,3331,,,15.9317,,,0.1240,0.1240,0.65238,0.0000,0x00,2,39,3,,5316,5316,0,0.68533,,,0.65238,0.85000,4.09868463e-05,0.0192153622,,,,0,,,,,,
333.200000,3332,,,15.9318,,,0.1232,0.1232,0.64339,0.0000,0x00,2,39,3,,5316,5316,0,0.68533,,,0.64339,0.85000,4.0726046e-05,0.0192194348,,,,0,,,,,,
333.300000,3333,,,15.9319,,,0.1224,0.1224,0.63439,0.0000,0x00,2,39,3,,5316,5316,0,0.68532,,,0.63439,0.85000,4.04662997e-05,0.0192234815,,,,0,,,,,,
333.400000,3334,,,15.9320,,,0.1216,0.1216,0.62540,0.0000,0x00,2,39,3,,5316,5316,0,0.68532,,,0.62540,0.85000,4.02076074e-05,0.0192275022,,,,0,,,,,,
333.500000,3335,,,15.9321,,,0.1208,0.1208,0.61640,0.0000,0x00,2,39,3,,5316,5316,0,0.68532,,,0.61640,0.85000,3.99499689e-05,0.0192314972,,,,0,,,,,,
333.600000,3336,,,15.9322,,,0.1201,0.1201,0.60741,0.0000,0x00,2,39,3,,5316,5316,0,0.68532,,,0.60741,0.85000,3.96933844e-05,0.0192354666,,,,0,,,,,,
333.700000,3337,,,15.9323,,,0.1193,0.1193,0.59841,0.0000,0x00,2,39,3,,5316,5316,0,0.68532,,,0.59841,0.85000,3.94378538e-05,0.0192394104,,,,0,,,,,,
333.800000,3338,,,15.9325,,,0.1185,0.1185,0.58942,0.0000,0x00,2,39,3,,5316,5316,0,0.68532,,,0.58942,0.85000,3.91833772e-05,0.0192433287,,,,0,,,,,,
333.900000,3339,,,15.9326,,,0.1178,0.1178,0.58042,0.0000,0x00,2,39,3,,5316,5316,0,0.68531,,,0.58042,0.85000,3.89299545e-05,0.0192472217,,,,0,,,,,,
334.000000,3340,,,15.9330,,,0.1148,0.1148,0.57143,0.0000,0x00,2,39,3,,5316,5316,0,0.68531,,,0.57143,0.85000,3.79676815e-05,0.0192510185,,,,0,,,,,,
334.100000,3341,,,15.9335,,,0.1116,0.1116,0.55661,0.0000,0x00,2,39,3,,5316,5316,0,0.68531,,,0.55661,0.85000,3.68812183e-05,0.0192547066,,,,0,,,,,,
334.200000,3342,,,15.9337,,,0.1104,0.1104,0.54180,0.0000,0x00,2,39,3,,5316,5316,0,0.68531,,,0.54180,0.85000,3.65075185e-05,0.0192583573,,,,0,,,,,,
334.300000,3343,,,15.9338,,,0.1093,0.1093,0.52698,0.0000,0x00,2,39,3,,5316,5316,0,0.68531,,,0.52698,0.85000,3.61366779e-05,0.019261971,,,,0,,,,,,
334.400000,3344,,,15.9340,,,0.1082,0.1082,0.51217,0.0000,0x00,2,39,3,,5316,5316,0,0.68531,,,0.51217,0.85000,3.57686964e-05,0.0192655479,,,,0,,,,,,
334.500000,3345,,,15.9342,,,0.1071,0.1071,0.49735,0.0000,0x00,2,39,3,,5316,5316,0,0.68531,,,0.49735,0.85000,3.5403574e-05,0.0192690882,,,,0,,,,,,
334.600000,3346,,,15.9343,,,0.1060,0.1060,0.48254,0.0000,0x00,2,39,3,,5316,5316,0,0.68530,,,0.48254,0.85000,3.50413107e-05,0.0192725924,,,,0,,,,,,
334.700000,3347,,,15.9345,,,0.1049,0.1049,0.46772,0.0000,0x00,2,39,3,,5316,5316,0,0.68530,,,0.46772,0.85000,3.46819065e-05,0.0192760606,,,,0,,,,,,
334.800000,3348,,,15.9346,,,0.1038,0.1038,0.45291,0.0000,0x00,2,39,3,,5316,5316,0,0.68530,,,0.45291,0.85000,3.43253615e-05,0.0192794931,,,,0,,,,,,
334.900000,3349,,,15.9348,,,0.1027,0.1027,0.43810,0.0000,0x00,2,39,3,,5316,5316,0,0.68530,,,0.43810,0.85000,3.39716755e-05,0.0192828903,,,,0,,,,,,
335.000000,3350,,,15.9351,,,0.1010,0.1010,0.42328,0.0000,0x00,2,39,3,,5316,5316,0,0.68530,,,0.42328,0.85000,3.33818236e-05,0.0192862284,,,,0,,,,,,
335.100000,3351,,,15.9353,,,0.0991,0.0991,0.40582,0.0000,0x00,2,39,3,,5316,5316,0,0.68530,,,0.40582,0.85000,3.27527142e-05,0.0192895037,,,,0,,,,,,
335.200000,3352,,,15.9355,,,0.0979,0.0979,0.38836,0.0000,0x00,2,39,3,,5316,5316,0,0.68530,,,0.38836,0.85000,3.23666012e-05,0.0192927404,,,,0,,,,,,
335.300000,3353,,,15.9357,,,0.0967,0.0967,0.37090,0.0000,0x00,2,39,3,,5316,5316,0,0.68529,,,0.37090,0.85000,3.19844597e-05,0.0192959388,,,,0,,,,,,
335.400000,3354,,,15.9359,,,0.0956,0.0956,0.35344,0.0000,0x00,2,39,3,,5316,5316,0,0.68529,,,0.35344,0.85000,3.16062895e-05,0.0192990994,,,,0,,,,,,
335.500000,3355,,,15.9360,,,0.0944,0.0944,0.33598,0.0000,0x00,2,39,3,,5316,5316,0,0.68529,,,0.33598,0.85000,3.12320907e-05,0.0193022227,,,,0,,,,,,
335.600000,3356,,,15.9362,,,0.0933,0.0933,0.31852,0.0000,0x00,2,39,3,,5316,5316,0,0.68529,,,0.31852,0.85000,3.08618634e-05,0.0193053088,,,,0,,,,,,
335.700000,3357,,,15.9364,,,0.0922,0.0922,0.30106,0.0000,0x00,2,39,3,,5316,5316,0,0.68529,,,0.30106,0.85000,3.04956074e-05,0.0193083584,,,,0,,,,,,
335.800000,3358,,,15.9365,,,0.0911,0.0911,0.28360,0.0000,0x00,2,39,3,,5316,5316,0,0.68529,,,0.28360,0.85000,3.01333229e-05,0.0193113717,,,,0,,,,,,
335.900000,3359,,,15.9367,,,0.0900,0.0900,0.26614,0.0000,0x00,2,39,3,,5316,5316,0,0.68529,,,0.26614,0.85000,2.97750097e-05,0.0193143492,,,,0,,,,,,
336.000000,3360,,,15.9368,,,0.0890,0.0890,0.24868,0.0000,0x00,2,39,3,,5316,5316,0,0.68529,,,0.24868,0.85000,2.9420668e-05,0.0193172913,,,,0,,,,,,
336.100000,3361,,,15.9370,,,0.0879,0.0879,0.23122,0.0000,0x00,2,39,3,,5316,5316,0,0.68528,,,0.23122,0.85000,2.90702977e-05,0.0193201983,,,,0,,,,,,
336.200000,3362,,,15.9371,,,0.0869,0.0869,0.21376,0.0000,0x00,2,39,3,,5316,5316,0,0.68528,,,0.21376,0.85000,2.87238987e-05,0.0193230707,,,,0,,,,,,
336.300000,3363,,,15.9373,,,0.0858,0.0858,0.19630,0.0000,0x00,2,39,3,,5316,5316,0,0.68528,,,0.19630,0.85000,2.83814712e-05,0.0193259089,,,,0,,,,,,
336.400000,3364,,,15.9374,,,0.0848,0.0848,0.17884,0.0000,0x00,2,39,3,,5316,5316,0,0.68528,,,0.17884,0.85000,2.80430151e-05,0.0193287132,,,,0,,,,,,
336.500000,3365,,,15.9376,,,0.0838,0.0838,0.16138,0.0000,0x00,2,39,3,,5316,5316,0,0.68528,,,0.16138,0.85000,2.77085303e-05,0.019331484,,,,0,,,,,,
336.600000,3366,,,15.9377,,,0.0828,0.0828,0.14392,0.0000,0x00,2,39,3,,5316,5316,0,0.68528,,,0.14392,0.85000,2.7378017e-05,0.0193342218,,,,0,,,,,,
336.700000,3367,,,15.9379,,,0.0818,0.0818,0.12646,0.0000,0x00,2,39,3,,5316,5316,0,0.68528,,,0.12646,0.85000,2.70514751e-05,0.019336927,,,,0,,,,,,
336.800000,3368,,,15.9380,,,0.0808,0.0808,0.10899,0.0000,0x00,2,39,3,,5316,5316,0,0.68528,,,0.10899,0.85000,2.67289046e-05,0.0193395999,,,,0,,,,,,
336.900000,3369,,,15.9382,,,0.0799,0.0799,0.09153,0.0000,0x00,2,39,3,,5316,5316,0,0.68528,,,0.09153,0.85000,2.64103055e-05,0.0193422409,,,,0,,,,,,
337.000000,3370,,,15.9383,,,0.0794,0.0794,0.07407,0.0000,0x00,2,39,3,,5316,5316,0,0.68527,,,0.07407,0.85000,2.62546295e-05,0.0193448664,,,,0,,,,,,
337.100000,3371,,,15.9383,,,0.0794,0.0794,0.06667,0.0000,0x00,2,39,3,,5316,5316,0,0.68527,,,0.06667,0.85000,2.62495123e-05,0.0193474913,,,,0,,,,,,
337.200000,3372,,,15.9383,,,0.0789,0.0789,0.05926,0.0000,0x00,2,39,3,,5316,5316,0,0.68527,,,0.05926,0.85000,2.60861581e-05,0.0193500999,,,,0,,,,,,
337.300000,3373,,,15.9384,,,0.0784,0.0784,0.05185,0.0000,0x00,2,39,3,,5316,5316,0,0.68527,,,0.05185,0.85000,2.59235187e-05,0.0193526923,,,,0,,,,,,
337.400000,3374,,,15.9385,,,0.0779,0.0779,0.04444,0.0000,0x00,2,39,3,,5316,5316,0,0.68527,,,0.04444,0.85000,2.57615941e-05,0.0193552684,,,,0,,,,,,
337.500000,3375,,,15.9385,,,0.0774,0.0774,0.03704,0.0000,0x00,2,39,3,,5316,5316,0,0.68527,,,0.03704,0.85000,2.56003843e-05,0.0193578285,,,,0,,,,,,
337.600000,3376,,,15.9386,,,0.0769,0.0769,0.02963,0.0000,0x00,2,39,3,,5316,5316,0,0.68527,,,0.02963,0.85000,2.54398892e-05,0.0193603725,,,,0,,,,,,
337.700000,3377,,,15.9387,,,0.0764,0.0764,0.02222,0.0000,0x00,2,39,3,,5316,5316,0,0.68527,,,0.02222,0.85000,2.5280109e-05,0.0193629005,,,,0,,,,,,
337.800000,3378,,,15.9389,,,0.0750,0.0750,0.01481,0.0000,0x00,2,39,3,,5316,5316,0,0.68527,,,0.01481,0.85000,2.48050568e-05,0.019365381,,,,0,,,,,,
337.900000,3379,,,15.9389,,,0.0750,0.0750,0.00741,0.0000,0x00,2,39,3,,5316,5316,0,0.68527,,,0.00741,0.85000,2.48050568e-05,0.0193678615,,,,0,,,,,,
338.000000,3380,,,15.9389,,,0.0750,0.0750,0.00000,0.0000,0x00,2,39,3,,5316,5316,0,0.68526,,,0.00000,0.85000,2.48050568e-05,0.019370342,,,,0,,,,,,
338.100000,3381,,,15.9389,,,0.0750,0.0750,0.00000,0.0000,0x00,2,39,3,,5316,5316,0,0.68526,,,0.00000,0.85000,2.48050568e-05,0.0193728225,,,,0,,,,,,
338.200000,3382,,,15.9389,,,0.0750,0.0750,0.00000,0.0000,0x00,2,39,3,,5316,5316,0,0.68526,,,0.00000,0.85000,2.48050568e-05,0.019375303,,,,0,,,,,,
338.300000,3383,,,15.9389,,,0.0750,0.0750,0.00000,0.0000,0x00,2,39,3,,5316,5316,0,0.68526,,,0.00000,0.85000,2.48050568e-05,0.0193777835,,,,0,,,,,,
338.400000,3384,,,15.9389,,,0.0750,0.0750,0.00000,0.0000,0x00,2,39,3,,5316,5316,0,0.68526,,,0.00000,0.85000,2.48050568e-05,0.019380264,,,,0,,,,,,
338.500000,3385,,,15.9389,,,0.0750,0.0750,0.00000,0.0000,0x00,2,39,3,,5316,5316,0,0.68526,,,0.00000,0.85000,2.48050568e-05,0.0193827445,,,,0,,,,,,
338.600000,3386,,,15.9389,,,0.0750,0.0750,0.00000,0.0000,0x00,2,39,3,,5316,5316,0,0.68526,,,0.00000,0.85000,2.48050568e-05,0.019385225,,,,0,,,,,,
338.700000,3387,,,15.9389,,,0.0750,0.0750,0.00000,0.0000,0x00,2,39,3,,5316,5316,0,0.68526,,,0.00000,0.85000,2.48050568e-05,0.0193877055,,,,0,,,,,,
338.800000,3388,,,15.9389,,,0.0750,0.0750,0.00000,0.0000,0x00,2,39,3,,5316,5316,0,0.68526,,,0.00000,0.85000,2.48050568e-05,0.019390186,,,,0,,,,,,
338.900000,3389,,,15.9389,,,0.0750,0.0750,0.00000,0.0000,0x00,2,39,3,,5316,5316,0,0.68526,,,0.00000,0.85000,2.48050568e-05,0.0193926665,,,,0,,,,,,
339.000000,3390,,,15.9389,,,0.0750,0.0750,0.00000,0.0000,0x00,2,39,3,,5316,5316,0,0.68525,,,0.00000,0.85000,2.48050568e-05,0.019395147,,,,0,,,,,,
339.100000,3391,,,15.9389,,,0.0750,0.0750,0.00000,0.0000,0x00,2,39,3,,5316,5316,0,0.68525,,,0.00000,0.85000,2.48050568e-05,0.0193976276,,,,0,,,,,,
339.200000,3392,,,15.9389,,,0.0750,0.0750,0.00000,0.0000,0x00,2,39,3,,5316,5316,0,0.68525,,,0.00000,0.85000,2.48050568e-05,0.0194001081,,,,0,,,,,,
339.300000,3393,,,15.9389,,,0.0750,0.0750,0.00000,0.0000,0x00,2,39,3,,5316,5316,0,0.68525,,,0.00000,0.85000,2.48050568e-05,0.0194025886,,,,0,,,,,,
339.400000,3394,,,15.9389,,,0.0750,0.0750,0.00000,0.0000,0x00,2,39,3,,5316,5316,0,0.68525,,,0.00000,0.85000,2.48050568e-05,0.0194050691,,,,0,,,,,,
339.500000,3395,,,15.9389,,,0.0750,0.0750,0.00000,0.0000,0x00,2,39,3,,5316,5316,0,0.68525,,,0.00000,0.85000,2.48050568e-05,0.0194075496,,,,0,,,,,,
339.600000,3396,,,15.9389,,,0.0750,0.0750,0.00000,0.0000,0x00,2,39,3,,5316,5316,0,0.68525,,,0.00000,0.85000,2.48050568e-05,0.0194100301,,,,0,,,,,,
339.700000,3397,,,15.9389,,,0.0750,0.0750,0.00000,0.0000,0x00,2,39,3,,5316,5316,0,0.68525,,,0.00000,0.85000,2.48050568e-05,0.0194125106,,,,0,,,,,,
339.800000,3398,,,15.9389,,,0.0750,0.0750,0.00000,0.0000,0x00,2,39,3,,5316,5316,0,0.68525,,,0.00000,0.85000,2.48050568e-05,0.0194149911,,,,0,,,,,,
339.900000,3399,,,15.9389,,,0.0750,0.0750,0.00000,0.0000,0x00,2,39,3,,5316,5316,0,0.68525,,,0.00000,0.85000,2.48050568e-05,0.0194174716,,,,0,,,,,,
340.000000,3400,,,15.9389,,,0.0750,0.0750,0.00000,0.0000,0x00,2,39,3,,5316,5316,0,0.68524,,,0.00000,0.85000,2.48050568e-05,0.0194199521,,,,0,,,,,,
340.100000,3401,,,15.9389,,,0.0750,0.0750,0.00000,0.0000,0x00,2,39,3,,5316,5316,0,0.68524,,,0.00000,0.85000,2.48050568e-05,0.0194224326,,,,0,,,,,,
340.200000,3402,,,15.9389,,,0.0750,0.0750,0.00000,0.0000,0x00,2,39,3,,5316,5316,0,0.68524,,,0.00000,0.85000,2.48050568e-05,0.0194249131,,,,0,,,,,,
340.300000,3403,,,15.9389,,,0.0750,0.0750,0.00000,0.0000,0x00,2,39,3,,5316,5316,0,0.68524,,,0.00000,0.85000,2.48050568e-05,0.0194273936,,,,0,,,,,,
340.400000,3404,,,15.9389,,,0.0750,0.0750,0.00000,0.0000,0x00,2,39,3,,5316,5316,0,0.68524,,,0.00000,0.85000,2.48050568e-05,0.0194298741,,,,0,,,,,,
340.500000,3405,,,15.9389,,,0.0750,0.0750,0.00000,0.0000,0x00,2,39,3,,5316,5316,0,0.68524,,,0.00000,0.85000,2.48050568e-05,0.0194323546,,,,0,,,,,,
340.600000,3406,,,15.9389,,,0.0750,0.0750,0.00000,0.0000,0x00,2,39,3,,5316,5316,0,0.68524,,,0.00000,0.85000,2.48050568e-05,0.0194348351,,,,0,,,,,,
340.700000,3407,,,15.9389,,,0.0750,0.0750,0.00000,0.0000,0x00,2,39,3,,5316,5316,0,0.68524,,,0.00000,0.85000,2.48050568e-05,0.0194373156,,,,0,,,,,,
340.800000,3408,,,15.9389,,,0.0750,0.0750,0.00000,0.0000,0x00,2,39,3,,5316,5316,0,0.68524,,,0.00000,0.85000,2.48050568e-05,0.0194397961,,,,0,,,,,,
340.900000,3409,,,15.9389,,,0.0750,0.0750,0.00000,0.0000,0x00,2,39,3,,5316,5316,0,0.68524,,,0.00000,0.85000,2.48050568e-05,0.0194422767,,,,0,,,,,,
341.000000,3410,,,15.9389,,,0.0750,0.0750,0.00000,0.0000,0x00,2,39,3,,5316,5316,0,0.68523,,,0.00000,0.85000,2.48050568e-05,0.0194447572,,,,0,,,,,,
341.100000,3411,,,15.9389,,,0.0750,0.0750,0.00000,0.0000,0x00,2,39,3,,5316,5316,0,0.68523,,,0.00000,0.85000,2.48050568e-05,0.0194472377,,,,0,,,,,,
341.200000,3412,,,15.9389,,,0.0750,0.0750,0.00000,0.0000,0x00,2,39,3,,5316,5316,0,0.68523,,,0.00000,0.85000,2.48050568e-05,0.0194497182,,,,0,,,,,,
341.300000,3413,,,15.9389,,,0.0750,0.0750,0.00000,0.0000,0x00,2,39,3,,5316,5316,0,0.68523,,,0.00000,0.85000,2.48050568e-05,0.0194521987,,,,0,,,,,,
341.400000,3414,,,15.9389,,,0.0750,0.0750,0.00000,0.0000,0x00,2,39,3,,5316,5316,0,0.68523,,,0.00000,0.85000,2.48050568e-05,0.0194546792,,,,0,,,,,,
341.500000,3415,,,15.9389,,,0.0750,0.0750,0.00000,0.0000,0x00,2,39,3,,5316,5316,0,0.68523,,,0.00000,0.85000,2.48050568e-05,0.0194571597,,,,0,,,,,,
341.600000,3416,,,15.9389,,,0.0750,0.0750,0.00000,0.0000,0x00,2,39,3,,5316,5316,0,0.68523,,,0.00000,0.85000,2.48050568e-05,0.0194596402,,,,0,,,,,,
341.700000,3417,,,15.9389,,,0.0750,0.0750,0.00000,0.0000,0x00,2,39,3,,5316,5316,0,0.68523,,,0.00000,0.85000,2.48050568e-05,0.0194621207,,,,0,,,,,,
341.800000,3418,,,15.9389,,,0.0750,0.0750,0.00000,0.0000,0x00,2,39,3,,5316,5316,0,0.68523,,,0.00000,0.85000,2.48050568e-05,0.0194646012,,,,0,,,,,,
341.900000,3419,,,15.9389,,,0.0750,0.0750,0.00000,0.0000,0x00,2,39,3,,5316,5316,0,0.68523,,,0.00000,0.85000,2.48050568e-05,0.0194670817,,,,0,,,,,,
342.000000,3420,,,15.9389,,,0.0750,0.0750,0.00000,0.0000,0x00,2,39,3,,5316,5316,0,0.68522,,,0.00000,0.85000,2.48050568e-05,0.0194695622,,,,0,,,,,,
342.100000,3421,,,15.9389,,,0.0750,0.0750,0.00000,0.0000,0x00,2,39,3,,5316,5316,0,0.68522,,,0.00000,0.85000,2.48050568e-05,0.0194720427,,,,0,,,,,,
342.200000,3422,,,15.9389,,,0.0750,0.0750,0.00000,0.0000,0x00,2,39,3,,5316,5316,0,0.68522,,,0.00000,0.85000,2.48050568e-05,0.0194745232,,,,0,,,,,,
342.300000,3423,,,15.9389,,,0.0750,0.0750,0.00000,0.0000,0x00,2,39,3,,5316,5316,0,0.68522,,,0.00000,0.85000,2.48050568e-05,0.0194770037,,,,0,,,,,,
342.400000,3424,,,15.9389,,,0.0750,0.0750,0.00000,0.0000,0x00,2,39,3,,5316,5316,0,0.68522,,,0.00000,0.85000,2.48050568e-05,0.0194794842,,,,0,,,,,,
342.500000,3425,,,15.9389,,,0.0750,0.0750,0.00000,0.0000,0x00,2,39,3,,5316,5316,0,0.68522,,,0.00000,0.85000,2.48050568e-05,0.0194819647,,,,0,,,,,,
342.600000,3426,,,15.9389,,,0.0750,0.0750,0.00000,0.0000,0x00,2,39,3,,5316,5316,0,0.68522,,,0.00000,0.85000,2.48050568e-05,0.0194844452,,,,0,,,,,,
342.700000,3427,,,15.9389,,,0.0750,0.0750,0.00000,0.0000,0x00,2,39,3,,5316,5316,0,0.68522,,,0.00000,0.85000,2.48050568e-05,0.0194869258,,,,0,,,,,,
342.800000,3428,,,15.9389,,,0.0750,0.0750,0.00000,0.0000,0x00,2,39,3,,5316,5316,0,0.68522,,,0.00000,0.85000,2.48050568e-05,0.0194894063,,,,0,,,,,,
342.900000,3429,,,15.9389,,,0.0750,0.0750,0.00000,0.0000,0x00,2,39,3,,5316,5316,0,0.68522,,,0.00000,0.85000,2.48050568e-05,0.0194918868,,,,0,,,,,,
343.000000,3430,,,15.9389,,,0.0750,0.0750,0.00000,0.0000,0x00,2,39,3,,5316,5316,0,0.68521,,,0.00000,0.85000,2.48050568e-05,0.0194943673,,,,0,,,,,,
343.100000,3431,,,15.9389,,,0.0750,0.0750,0.00000,0.0000,0x00,2,39,3,,5316,5316,0,0.68521,,,0.00000,0.85000,2.48050568e-05,0.0194968478,,,,0,,,,,,
343.200000,3432,,,15.9389,,,0.0750,0.0750,0.00000,0.0000,0x00,2,39,3,,5316,5316,0,0.68521,,,0.00000,0.85000,2.48050568e-05,0.0194993283,,,,0,,,,,,
343.300000,3433,,,15.9389,,,0.0750,0.0750,0.00000,0.0000,0x00,2,39,3,,5316,5316,0,0.68521,,,0.00000,0.85000,2.48050568e-05,0.0195018088,,,,0,,,,,,
343.400000,3434,,,15.9389,,,0.0750,0.0750,0.00000,0.0000,0x00,2,39,3,,5316,5316,0,0.68521,,,0.00000,0.85000,2.48050568e-05,0.0195042893,,,,0,,,,,,
343.500000,3435,,,15.9389,,,0.0750,0.0750,0.00000,0.0000,0x00,2,39,3,,5316,5316,0,0.68521,,,0.00000,0.85000,2.48050568e-05,0.0195067698,,,,0,,,,,,
343.600000,3436,,,15.9389,,,0.0750,0.0750,0.00000,0.0000,0x00,2,39,3,,5316,5316,0,0.68521,,,0.00000,0.85000,2.48050568e-05,0.0195092503,,,,0,,,,,,
343.700000,3437,,,15.9389,,,0.0750,0.0750,0.00000,0.0000,0x00,2,39,3,,5316,5316,0,0.68521,,,0.00000,0.85000,2.48050568e-05,0.0195117308,,,,0,,,,,,
343.800000,3438,,,15.9389,,,0.0750,0.0750,0.00000,0.0000,0x00,2,39,3,,5316,5316,0,0.68521,,,0.00000,0.85000,2.48050568e-05,0.0195142113,,,,0,,,,,,
343.900000,3439,,,15.9389,,,0.0750,0.0750,0.00000,0.0000,0x00,2,39,3,,5316,5316,0,0.68521,,,0.00000,0.85000,2.48050568e-05,0.0195166918,,,,0,,,,,,
344.000000,3440,,,15.9389,,,0.0750,0.0750,0.00000,0.0000,0x00,2,39,3,,5316,5316,0,0.68520,,,0.00000,0.85000,2.48050568e-05,0.0195191723,,,,0,,,,,,
344.100000,3441,,,15.9389,,,0.0750,0.0750,0.00000,0.0000,0x00,2,39,3,,5316,5316,0,0.68520,,,0.00000,0.85000,2.48050568e-05,0.0195216528,,,,0,,,,,,
344.200000,3442,,,15.9389,,,0.0750,0.0750,0.00000,0.0000,0x00,2,39,3,,5316,5316,0,0.68520,,,0.00000,0.85000,2.48050568e-05,0.0195241333,,,,0,,,,,,
344.300000,3443,,,15.9389,,,0.0750,0.0750,0.00000,0.0000,0x00,2,39,3,,5316,5316,0,0.68520,,,0.00000,0.85000,2.48050568e-05,0.0195266138,,,,0,,,,,,
344.400000,3444,,,15.9389,,,0.0750,0.0750,0.00000,0.0000,0x00,2,39,3,,5316,5316,0,0.68520,,,0.00000,0.85000,2.48050568e-05,0.0195290944,,,,0,,,,,,
344.500000,3445,,,15.9389,,,0.0750,0.0750,0.00000,0.0000,0x00,2,39,3,,5316,5316,0,0.68520,,,0.00000,0.85000,2.48050568e-05,0.0195315749,,,,0,,,,,,
344.600000,3446,,,15.9389,,,0.0750,0.0750,0.00000,0.0000,0x00,2,39,3,,5316,5316,0,0.68520,,,0.00000,0.85000,2.48050568e-05,0.0195340554,,,,0,,,,,,
344.700000,3447,,,15.9389,,,0.0750,0.0750,0.00000,0.0000,0x00,2,39,3,,5316,5316,0,0.68520,,,0.00000,0.85000,2.48050568e-05,0.0195365359,,,,0,,,,,,
344.800000,3448,,,15.9389,,,0.0750,0.0750,0.00000,0.0000,0x00,2,39,3,,5316,5316,0,0.68520,,,0.00000,0.85000,2.48050568e-05,0.0195390164,,,,0,,,,,,
344.900000,3449,,,15.9389,,,0.0750,0.0750,0.00000,0.0000,0x00,2,39,3,,5316,5316,0,0.68520,,,0.00000,0.85000,2.48050568e-05,0.0195414969,,,,0,,,,,,
345.000000,3450,,,15.9389,,,0.0750,0.0750,0.00000,0.0000,0x00,2,39,3,,5316,5316,0,0.68519,,,0.00000,0.85000,2.48050568e-05,0.0195439774,,,,0,,,,,,
345.100000,3451,,,15.9389,,,0.0750,0.0750,0.00000,0.0000,0x00,2,39,3,,5316,5316,0,0.68519,,,0.00000,0.85000,2.48050568e-05,0.0195464579,,,,0,,,,,,
345.200000,3452,,,15.9389,,,0.0750,0.0750,0.00000,0.0000,0x00,2,39,3,,5316,5316,0,0.68519,,,0.00000,0.85000,2.48050568e-05,0.0195489384,,,,0,,,,,,
345.300000,3453,,,15.9389,,,0.0750,0.0750,0.00000,0.0000,0x00,2,39,3,,5316,5316,0,0.68519,,,0.00000,0.85000,2.48050568e-05,0.0195514189,,,,0,,,,,,
345.400000,3454,,,15.9389,,,0.0750,0.0750,0.00000,0.0000,0x00,2,39,3,,5316,5316,0,0.68519,,,0.00000,0.85000,2.48050568e-05,0.0195538994,,,,0,,,,,,
345.500000,3455,,,15.9389,,,0.0750,0.0750,0.00000,0.0000,0x00,2,39,3,,5316,5316,0,0.68519,,,0.00000,0.85000,2.48050568e-05,0.0195563799,,,,0,,,,,,
345.600000,3456,,,15.9389,,,0.0750,0.0750,0.00000,0.0000,0x00,2,39,3,,5316,5316,0,0.68519,,,0.00000,0.85000,2.48050568e-05,0.0195588604,,,,0,,,,,,
345.700000,3457,,,15.9389,,,0.0750,0.0750,0.00000,0.0000,0x00,2,39,3,,5316,5316,0,0.68519,,,0.00000,0.85000,2.48050568e-05,0.0195613409,,,,0,,,,,,
345.800000,3458,,,15.9389,,,0.0750,0.0750,0.00000,0.0000,0x00,2,39,3,,5316,5316,0,0.68519,,,0.00000,0.85000,2.48050568e-05,0.0195638214,,,,0,,,,,,
345.900000,3459,,,15.9389,,,0.0750,0.0750,0.00000,0.0000,0x00,2,39,3,,5316,5316,0,0.68519,,,0.00000,0.85000,2.48050568e-05,0.0195663019,,,,0,,,,,,
346.000000,3460,,,15.9389,,,0.0750,0.0750,0.00000,0.0000,0x00,2,39,3,,5316,5316,0,0.68518,,,0.00000,0.85000,2.48050568e-05,0.0195687824,,,,0,,,,,,
346.100000,3461,,,15.9389,,,0.0750,0.0750,0.00000,0.0000,0x00,2,39,3,,5316,5316,0,0.68518,,,0.00000,0.85000,2.48050568e-05,0.0195712629,,,,0,,,,,,
346.200000,3462,,,15.9389,,,0.0750,0.0750,0.00000,0.0000,0x00,2,39,3,,5316,5316,0,0.68518,,,0.00000,0.85000,2.48050568e-05,0.0195737435,,,,0,,,,,,
346.300000,3463,,,15.9389,,,0.0750,0.0750,0.00000,0.0000,0x00,2,39,3,,5316,5316,0,0.68518,,,0.00000,0.85000,2.48050568e-05,0.019576224,,,,0,,,,,,
346.400000,3464,,,15.9389,,,0.0750,0.0750,0.00000,0.0000,0x00,2,39,3,,5316,5316,0,0.68518,,,0.00000,0.85000,2.48050568e-05,0.0195787045,,,,0,,,,,,
346.500000,3465,,,15.9389,,,0.0750,0.0750,0.00000,0.0000,0x00,2,39,3,,5316,5316,0,0.68518,,,0.00000,0.85000,2.48050568e-05,0.019581185,,,,0,,,,,,
346.600000,3466,,,15.9389,,,0.0750,0.0750,0.00000,0.0000,0x00,2,39,3,,5316,5316,0,0.68518,,,0.00000,0.85000,2.48050568e-05,0.0195836655,,,,0,,,,,,
346.700000,3467,,,15.9389,,,0.0750,0.0750,0.00000,0.0000,0x00,2,39,3,,5316,5316,0,0.68518,,,0.00000,0.85000,2.48050568e-05,0.019586146,,,,0,,,,,,
346.800000,3468,,,15.9389,,,0.0750,0.0750,0.00000,0.0000,0x00,2,39,3,,5316,5316,0,0.68518,,,0.00000,0.85000,2.48050568e-05,0.0195886265,,,,0,,,,,,
346.900000,3469,,,15.9389,,,0.0750,0.0750,0.00000,0.0000,0x00,2,39,3,,5316,5316,0,0.68518,,,0.00000,0.85000,2.48050568e-05,0.019591107,,,,0,,,,,,
347.000000,3470,,,15.9389,,,0.0750,0.0750,0.00000,0.0000,0x00,2,39,3,,5316,5316,0,0.68517,,,0.00000,0.85000,2.48050568e-05,0.0195935875,,,,0,,,,,,
347.100000,3471,,,15.9389,,,0.0750,0.0750,0.00000,0.0000,0x00,2,39,3,,5316,5316,0,0.68517,,,0.00000,0.85000,2.48050568e-05,0.019596068,,,,0,,,,,,
347.200000,3472,,,15.9389,,,0.0750,0.0750,0.00000,0.0000,0x00,2,39,3,,5316,5316,0,0.68517,,,0.00000,0.85000,2.48050568e-05,0.0195985485,,,,0,,,,,,
347.300000,3473,,,15.9389,,,0.0750,0.0750,0.00000,0.0000,0x00,2,39,3,,5316,5316,0,0.68517,,,0.00000,0.85000,2.48050568e-05,0.019601029,,,,0,,,,,,
347.400000,3474,,,15.9389,,,0.0750,0.0750,0.00000,0.0000,0x00,2,39,3,,5316,5316,0,0.68517,,,0.00000,0.85000,2.48050568e-05,0.0196035095,,,,0,,,,,,
347.500000,3475,,,15.9389,,,0.0750,0.0750,0.00000,0.0000,0x00,2,39,3,,5316,5316,0,0.68517,,,0.00000,0.85000,2.48050568e-05,0.01960599,,,,0,,,,,,
347.600000,3476,,,15.9389,,,0.0750,0.0750,0.00000,0.0000,0x00,2,39,3,,5316,5316,0,0.68517,,,0.00000,0.85000,2.48050568e-05,0.0196084705,,,,0,,,,,,
347.700000,3477,,,15.9389,,,0.0750,0.0750,0.00000,0.0000,0x00,2,39,3,,5316,5316,0,0.68517,,,0.00000,0.85000,2.48050568e-05,0.019610951,,,,0,,,,,,
347.800000,3478,,,15.9389,,,0.0750,0.0750,0.00000,0.0000,0x00,2,39,3,,5316,5316,0,0.68517,,,0.00000,0.85000,2.48050568e-05,0.0196134315,,,,0,,,,,,
347.900000,3479,,,15.9389,,,0.0750,0.0750,0.00000,0.0000,0x00,2,39,3,,5316,5316,0,0.68517,,,0.00000,0.85000,2.48050568e-05,0.0196159121,,,,0,,,,,,
348.000000,3480,,,15.9389,,,0.0750,0.0750,0.00000,0.0000,0x00,2,39,3,,5316,5316,0,0.68516,,,0.00000,0.85000,2.48050568e-05,0.0196183926,,,,0,,,,,,
348.100000,3481,,,15.9389,,,0.0750,0.0750,0.00000,0.0000,0x00,2,39,3,,5316,5316,0,0.68516,,,0.00000,0.85000,2.48050568e-05,0.0196208731,,,,0,,,,,,
348.200000,3482,,,15.9389,,,0.0750,0.0750,0.00000,0.0000,0x00,2,39,3,,5316,5316,0,0.68516,,,0.00000,0.85000,2.48050568e-05,0.0196233536,,,,0,,,,,,
348.300000,3483,,,15.9389,,,0.0750,0.0750,0.00000,0.0000,0x00,2,39,3,,5316,5316,0,0.68516,,,0.00000,0.85000,2.48050568e-05,0.0196258341,,,,0,,,,,,
348.400000,3484,,,15.9389,,,0.0750,0.0750,0.00000,0.0000,0x00,2,39,3,,5316,5316,0,0.68516,,,0.00000,0.85000,2.48050568e-05,0.0196283146,,,,0,,,,,,
348.500000,3485,,,15.9389,,,0.0750,0.0750,0.00000,0.0000,0x00,2,39,3,,5316,5316,0,0.68516,,,0.00000,0.85000,2.48050568e-05,0.0196307951,,,,0,,,,,,
348.600000,3486,,,15.9389,,,0.0750,0.0750,0.00000,0.0000,0x00,2,39,3,,5316,5316,0,0.68516,,,0.00000,0.85000,2.48050568e-05,0.0196332756,,,,0,,,,,,
348.700000,3487,,,15.9389,,,0.0750,0.0750,0.00000,0.0000,0x00,2,39,3,,5316,5316,0,0.68516,,,0.00000,0.85000,2.48050568e-05,0.0196357561,,,,0,,,,,,
348.800000,3488,,,15.9389,,,0.0750,0.0750,0.00000,0.0000,0x00,2,39,3,,5316,5316,0,0.68516,,,0.00000,0.85000,2.48050568e-05,0.0196382366,,,,0,,,,,,
348.900000,3489,,,15.9389,,,0.0750,0.0750,0.00000,0.0000,0x00,2,39,3,,5316,5316,0,0.68516,,,0.00000,0.85000,2.48050568e-05,0.0196407171,,,,0,,,,,,
349.000000,3490,,,15.9389,,,0.0750,0.0750,0.00000,0.0000,0x00,2,39,3,,5316,5316,0,0.68515,,,0.00000,0.85000,2.48050568e-05,0.0196431976,,,,0,,,,,,
349.100000,3491,,,15.9389,,,0.0750,0.0750,0.00000,0.0000,0x00,2,39,3,,5316,5316,0,0.68515,,,0.00000,0.85000,2.48050568e-05,0.0196456781,,,,0,,,,,,
349.200000,3492,,,15.9389,,,0.0750,0.0750,0.00000,0.0000,0x00,2,39,3,,5316,5316,0,0.68515,,,0.00000,0.85000,2.48050568e-05,0.0196481586,,,,0,,,,,,
349.300000,3493,,,15.9389,,,0.0750,0.0750,0.00000,0.0000,0x00,2,39,3,,5316,5316,0,0.68515,,,0.00000,0.85000,2.48050568e-05,0.0196506391,,,,0,,,,,,
349.400000,3494,,,15.9389,,,0.0750,0.0750,0.00000,0.0000,0x00,2,39,3,,5316,5316,0,0.68515,,,0.00000,0.85000,2.48050568e-05,0.0196531196,,,,0,,,,,,
349.500000,3495,,,15.9389,,,0.0750,0.0750,0.00000,0.0000,0x00,2,39,3,,5316,5316,0,0.68515,,,0.00000,0.85000,2.48050568e-05,0.0196556001,,,,0,,,,,,
349.600000,3496,,,15.9389,,,0.0750,0.0750,0.00000,0.0000,0x00,2,39,3,,5316,5316,0,0.68515,,,0.00000,0.85000,2.48050568e-05,0.0196580806,,,,0,,,,,,
349.700000,3497,,,15.9389,,,0.0750,0.0750,0.00000,0.0000,0x00,2,39,3,,5316,5316,0,0.68515,,,0.00000,0.85000,2.48050568e-05,0.0196605612,,,,0,,,,,,
349.800000,3498,,,15.9389,,,0.0750,0.0750,0.00000,0.0000,0x00,2,39,3,,5316,5316,0,0.68515,,,0.00000,0.85000,2.48050568e-05,0.0196630417,,,,0,,,,,,
349.900000,3499,,,15.9389,,,0.0750,0.0750,0.00000,0.0000,0x00,2,39,3,,5316,5316,0,0.68515,,,0.00000,0.85000,2.48050568e-05,0.0196655222,,,,0,,,,,,
