t_us,share_sp,share_act,v_sp,v_act,I_fc,I_batt,gFC,gBT,V_bus,I_cmd,V_fc,V_batt,V_chg,V_rgn,u_unsat,drive_x0,fault_flags,ps_phase,dc_phase,trap_phase,flags
81276748,0.5,1,0,0,0.0241758227,0,0,0,15.9258718,0,8.54747581,8.43486404,0,13.3238449,0,0,0,,,,50
81278078,0.5,1,0,0,0.0161172152,0,0,0,15.9304171,0,8.55350399,8.43486404,0,13.3095493,0,0,0,,,,50
81279204,0.5,1,0,0,0.0161172152,0,0,0,15.9349623,0,8.5444622,8.43486404,0,13.3238449,0,0,0,,,,50
81280330,0.5,1,0,0,0.0241758227,0,0,0,15.9304171,0,8.54144764,8.43275356,0,13.3238449,0,0,0,,,,50
81281456,0.5,1,0,0,0.0241758227,0,0,0,15.9304171,0,8.52336502,8.43275356,0,13.3238449,0,0,0,,,,50
81282581,0.5,1,0,0,0.00805860758,0,0,0,15.9258718,0,8.52939224,8.43275356,0,13.3238449,0,0,0,,,,50
81283707,0.5,1,0,0,0.0241758227,0,0,0,15.9304171,0,8.54144764,8.42853069,0,13.3238449,0,0,0,,,,50
81284844,0.5,1,0,0,0.0161172152,0,0,0,15.9349623,0,8.56254578,8.42853069,0,13.3309927,0,0,0,,,,50
81285970,0.5,1,0,0,0.0241758227,0,0,0,15.9349623,0,8.53843403,8.42853069,0,13.3238449,0,0,0,,,,50
81287096,0.5,1,0,0,0.0161172152,0,0,0,15.9349623,0,8.56254578,8.43064213,0,13.3238449,0,0,0,,,,50
81288222,0.5,1,0,0,0.0241758227,0,0,0,15.9304171,0,8.53240585,8.42853069,0,13.3309927,0,0,0,,,,50
81289348,0.5,1,0,0,0.0241758227,0,0,0,15.9349623,0,8.54144764,8.42430782,0,13.3238449,0,0,0,,,,50
81290474,0.5,1,0,0,0.0241758227,0,0,0,15.9304171,0,8.52637863,8.43064213,0,13.3309927,0,0,0,,,,50
81291600,0.5,1,0,0,0.0241758227,0,0,0,15.9349623,0,8.55048943,8.43064213,0,13.3238449,0,0,0,,,,50
81292731,0.5,1,0,0,0.0241758227,0,0,0,15.9395075,0,8.52035046,8.42853069,0,13.3309927,0,0,0,,,,50
81293857,0.5,1,0,0,0.00805860758,0,0,0,15.9349623,0,8.54144764,8.43064213,0,13.3309927,0,0,0,,,,50
81294983,0.5,1,0,0,0.0161172152,0,0,0,15.9349623,0,8.53843403,8.43064213,0,13.3309927,0,0,0,,,,50
81296109,0.5,1,0,0,0.0161172152,0,0,0,15.9349623,0,8.56555939,8.43064213,0,13.3238449,0,0,0,,,,50
81297234,0.5,1,0,0,0.0161172152,0,0,0,15.9395075,0,8.568573,8.43064213,0,13.3238449,0,0,0,,,,50
81298564,0.5,1,0,0,0.0241758227,0,0,0,15.9349623,0,8.55048943,8.43064213,0,13.3238449,0,0,0,,,,50
81299695,0.5,1,0,0,0.0241758227,0,0,0,15.9349623,0,8.55953121,8.43064213,0,13.3238449,0,0,0,,,,50
81300821,0.5,1,0,0,0.0241758227,0,0,0,15.9349623,0,8.5444622,8.43064213,0,13.3309927,0,0,0,,,,50
81301947,0.5,1,0,0,0.0161172152,0,0,0,15.9349623,0,8.5444622,8.42853069,0,13.3309927,0,0,0,,,,50
81303073,0.5,1,0,0,0.0161172152,0,0,0,15.9349623,0,8.55953121,8.43064213,0,13.3024006,0,0,0,,,,50
81304199,0.5,1,0,0,0.0161172152,0,0,0,15.9349623,0,8.53542042,8.43064213,0,13.3309927,0,0,0,,,,50
81305325,0.5,1,0,0,0.0161172152,0,0,0,15.9349623,0,8.54747581,8.42853069,0,13.3238449,0,0,0,,,,50
81306451,0.5,1,0,0,0.0161172152,0,0,0,15.9395075,0,8.53542042,8.43064213,0,13.3238449,0,0,0,,,,50
81307582,0.5,1,0,0,0.0161172152,0,0,0,15.9349623,0,8.5565176,8.43064213,0,13.3238449,0,0,0,,,,50
81308707,0.5,1,0,0,0.0161172152,0,0,0,15.9349623,0,8.54747581,8.43064213,0,13.3309927,0,0,0,,,,50
81309833,0.5,1,0,0,0.0241758227,0,0,0,15.9395075,0,8.55048943,8.43064213,0,13.3309927,0,0,0,,,,50
81310959,0.5,1,0,0,0.0241758227,0,0,0,15.9349623,0,8.53240585,8.42430782,0,13.3309927,0,0,0,,,,50
81312085,0.5,1,0,0,0.0161172152,0,0,0,15.9349623,0,8.5444622,8.43064213,0,13.3238449,0,0,0,,,,50
81313211,0.5,1,0,0,0.0161172152,0,0,0,15.9395075,0,8.55953121,8.43064213,0,13.3309927,0,0,0,,,,50
81314337,0.5,1,0,0,0.0161172152,0,0,0,15.9349623,0,8.55953121,8.42853069,0,13.3309927,0,0,0,,,,50
81315468,0.5,1,0,0,0.0241758227,0,0,0,15.9349623,0,8.54747581,8.42853069,0,13.3238449,0,0,0,,,,50
81316594,0.5,1,0,0,0.0161172152,0,0,0,15.9304171,0,8.55048943,8.42853069,0.00714798551,13.3309927,0,0,0,,,,50
81317720,0.5,1,0,0,0.0322344303,0,0,0,15.9349623,0,8.54747581,8.43064213,0,13.3238449,0,0,0,,,,50
81319050,0.5,1,0,0,0.0161172152,0,0,0,15.9304171,0,8.55350399,8.42853069,0,13.3166971,0,0,0,,,,50
81320176,0.5,1,0,0,0.0322344303,0,0,0,15.9349623,0,8.50829506,8.43064213,0,13.3238449,0,0,0,,,,50
81321302,0.5,1,0,0,0.0161172152,0,0,0,15.9304171,0,8.5444622,8.43064213,0,13.3309927,0,0,0,,,,50
81322432,0.5,1,0,0,0.0161172152,0,0,0,15.9349623,0,8.53542042,8.42430782,0,13.3309927,0,0,0,,,,50
81323558,0.5,1,0,0,0.0241758227,0,0,0,15.9349623,0,8.55350399,8.42853069,0,13.3309927,0,0,0,,,,50
81324684,0.5,1,0,0,0.0241758227,0,0,0,15.9349623,0,8.55953121,8.43064213,0,13.3238449,0,0,0,,,,50
81325810,0.5,1,0,0,0.0241758227,0,0,0,15.9349623,0,8.49925327,8.42853069,0,13.3238449,0,0,0,,,,50
81326936,0.5,1,0,0,0.0161172152,0,0,0,15.9349623,0,8.53843403,8.43064213,0,13.3238449,0,0,0,,,,50
81328062,0.5,1,0,0,0.0241758227,0,0,0,15.9395075,0,8.5565176,8.43064213,0,13.3095493,0,0,0,,,,50
81329188,0.5,1,0,0,0.0322344303,0,0,0,15.9349623,0,8.51432323,8.43064213,0,13.3238449,0,0,0,,,,50
81330319,0.5,1,0,0,0.0241758227,0,0,0,15.9349623,0,8.56555939,8.43064213,0,13.3238449,0,0,0,,,,50
81331445,0.5,1,0,0,0.0161172152,0,0,0,15.9349623,0,8.58665657,8.43064213,0,13.3309927,0,0,0,,,,50
81332571,0.5,1,0,0,0.0161172152,0,0,0,15.9349623,0,8.55350399,8.42853069,0,13.3309927,0,0,0,,,,50
81333697,0.5,1,0,0,0.0161172152,0,0,0,15.9349623,0,8.5444622,8.43064213,0,13.3309927,0,0,0,,,,50
81334823,0.5,1,0,0,0.0161172152,0,0,0,15.9349623,0,8.55350399,8.42853069,0,13.3309927,0,0,0,,,,50
81335948,0.5,1,0,0,0.0241758227,0,0,0,15.9349623,0,8.55350399,8.43064213,0,13.3309927,0,0,0,,,,50
81337074,0.5,1,0,0,0.0241758227,0,0,0,15.9349623,0,8.57460117,8.43064213,0,13.3095493,0,0,0,,,,50
81338205,0.5,1,0,0,0.0161172152,0,0,0,15.9349623,0,8.5444622,8.42853069,0,13.3238449,0,0,0,,,,50
81339331,0.5,1,0,0,0.0322344303,0,0,0,15.9349623,0,8.50226688,8.43064213,0,13.3309927,0,0,0,,,,50
81340661,0.5,1,0,0,0.0161172152,0,0,0,15.9349623,0,8.53843403,8.43064213,0,13.3238449,0,0,0,,,,50
81341787,0.5,1,0,0,0.0161172152,0,0,0,15.9349623,0,8.53843403,8.43064213,0,13.3309927,0,0,0,,,,50
81342913,0.5,1,0,0,0.0241758227,0,0,0,15.9349623,0,8.53542042,8.43064213,0,13.3309927,0,0,0,,,,50
81344039,0.5,1,0,0,0.0161172152,0,0,0,15.9349623,0,8.53843403,8.43064213,0,13.3166971,0,0,0,,,,50
81345165,0.5,1,0,0,0.0241758227,0,0,0,15.9349623,0,8.51130867,8.43064213,0,13.3238449,0,0,0,,,,50
81346296,0.5,1,0,0,0.0161172152,0,0,0,15.9349623,0,8.53542042,8.43064213,0,13.3309927,0,0,0,,,,50
81347422,0.5,1,0,0,0.0161172152,0,0,0,15.9349623,0,8.53542042,8.42641926,0,13.3309927,0,0,0,,,,50
81348548,0.5,1,0,0,0.0322344303,0,0,0,15.9349623,0,8.56254578,8.42853069,0,13.3238449,0,0,0,,,,50
81349673,0.5,1,0,0,0.0161172152,0,0,0,15.9395075,0,8.58062935,8.43064213,0,13.3238449,0,0,0,,,,50
81350799,0.5,1,0,0,0.0161172152,0,0,0,15.9395075,0,8.56555939,8.43064213,0,13.3238449,0,0,0,,,,50
81351925,0.5,1,0,0,0.0241758227,0,0,0,15.9349623,0,8.56254578,8.43064213,0,13.3238449,0,0,0,,,,50
81353056,0.5,1,0,0,0.0241758227,0,0,0,15.9304171,0,8.53843403,8.43064213,0,13.3095493,0,0,0,,,,50
81354182,0.5,1,0,0,0.0161172152,0,0,0,15.9349623,0,8.52939224,8.43064213,0,13.3238449,0,0,0,,,,50
81355308,0.5,1,0,0,0.0402930379,0,0,0,15.9349623,0,8.51432323,8.43064213,0,13.3309927,0,0,0,,,,50
81356434,0.5,1,0,0,0.0161172152,0,0,0,15.9349623,0,8.54144764,8.43064213,0,13.3238449,0,0,0,,,,50
81357560,0.5,1,0,0,0.0241758227,0,0,0,15.9349623,0,8.52336502,8.43064213,0,13.3309927,0,0,0,,,,50
81358686,0.5,1,0,0,0.0161172152,0,0,0,15.9349623,0,8.55350399,8.43064213,0,13.3238449,0,0,0,,,,50
81359812,0.5,1,0,0,0.0161172152,0,0,0,15.9349623,0,8.55048943,8.43064213,0,13.3238449,0,0,0,,,,50
81361146,0.5,1,0,0,0.0161172152,0,0,0,15.9349623,0,8.55350399,8.43064213,0,13.3238449,0,0,0,,,,50
81362272,0.5,1,0,0,0.0161172152,0,0,0,15.9349623,0,8.50528145,8.43064213,0,13.3309927,0,0,0,,,,50
81363398,0.5,1,0,0,0.0241758227,0,0,0,15.9349623,0,8.56555939,8.43064213,0,13.3309927,0,0,0,,,,50
81364524,0.5,1,0,0,0.0241758227,0,0,0,15.9349623,0,8.55953121,8.42641926,0,13.3238449,0,0,0,,,,50
81365650,0.5,1,0,0,0.0161172152,0,0,0,15.9349623,0,8.5565176,8.43064213,0,13.3238449,0,0,0,,,,50
81366776,0.5,1,0,0,0.0241758227,0,0,0,15.9349623,0,8.52637863,8.43064213,0,13.3238449,0,0,0,,,,50
81367902,0.5,1,0,0,0.0161172152,0,0,0,15.9349623,0,8.55048943,8.43064213,0,13.3238449,0,0,0,,,,50
81369033,0.5,1,0,0,0.0161172152,0,0,0,15.9349623,0,8.56555939,8.43064213,0,13.3238449,0,0,0,,,,50
81370159,0.5,1,0,0,0.0322344303,0,0,0,15.9349623,0,8.57761478,8.43064213,0,13.3309927,0,0,0,,,,50
81371285,0.5,1,0,0,0.0241758227,0,0,0,15.9349623,0,8.51733685,8.43064213,0,13.3309927,0,0,0,,,,50
81372411,0.5,1,0,0,0.0241758227,0,0,0,15.9349623,0,8.55953121,8.42641926,0,13.3309927,0,0,0,,,,50
81373537,0.5,1,0,0,0.0161172152,0,0,0,15.9349623,0,8.55048943,8.43064213,0,13.3309927,0,0,0,,,,50
81374663,0.5,1,0,0,0.0241758227,0,0,0,15.9349623,0,8.56555939,8.43064213,0,13.3238449,0,0,0,,,,50
81375789,0.5,1,0,0,0.0241758227,0,0,0,15.9395075,0,8.49925327,8.43064213,0,13.3238449,0,0,0,,,,50
81376919,0.5,1,0,0,0.0241758227,0,0,0,15.9349623,0,8.55350399,8.43064213,0,13.3238449,0,0,0,,,,50
81378045,0.5,1,0,0,0.0161172152,0,0,0,15.9349623,0,8.57158756,8.42219639,0,13.3095493,0,0,0,,,,50
81379171,0.5,1,0,0,0.0161172152,0,0,0,15.9349623,0,8.51432323,8.43064213,0,13.3309927,0,0,0,,,,50
81380297,0.5,1,0,0,0.0161172152,0,0,0,15.9349623,0,8.5444622,8.43064213,0,13.3309927,0,0,0,,,,50
81381423,0.5,1,0,0,0.0241758227,0,0,0,15.9349623,0,8.51733685,8.43064213,0,13.3238449,0,0,0,,,,50
81382753,0.5,1,0,0,0.0161172152,0,0,0,15.9349623,0,8.5444622,8.42853069,0,13.3309927,0,0,0,,,,50
81383884,0.5,1,0,0,0.0161172152,0,0,0,15.9349623,0,8.54747581,8.43064213,0,13.3309927,0,0,0,,,,50
81385010,0.5,1,0,0,0.0241758227,0,0,0,15.9349623,0,8.56555939,8.42853069,0,13.3238449,0,0,0,,,,50
81386136,0.5,1,0,0,0.0241758227,0,0,0,15.9395075,0,8.52637863,8.42853069,0,13.3309927,0,0,0,,,,50
81387262,0.5,1,0,0,0.0241758227,0,0,0,15.9349623,0,8.56555939,8.43064213,0,13.3238449,0,0,0,,,,50
81388388,0.5,1,0,0,0.0241758227,0,0,0,15.9349623,0,8.52637863,8.43064213,0,13.3238449,0,0,0,,,,50
81389514,0.5,1,0,0,0.0241758227,0,0,0,15.9349623,0,8.55350399,8.42641926,0,13.3238449,0,0,0,,,,50
81390640,0.5,1,0,0,0.0161172152,0,0,0,15.9349623,0,8.50528145,8.43064213,0,13.3238449,0,0,0,,,,50
81391770,0.5,1,0,0,0.0241758227,0,0,0,15.9395075,0,8.55350399,8.43064213,0,13.3309927,0,0,0,,,,50
81392896,0.5,1,0,0,0.0161172152,0,0,0,15.9349623,0,8.53240585,8.43064213,0,13.3309927,0,0,0,,,,50
81394022,0.5,1,0,0,0.0161172152,0,0,0,15.9349623,0,8.54144764,8.43064213,0,13.3238449,0,0,0,,,,50
81395148,0.5,1,0,0,0.0241758227,0,0,0,15.9349623,0,8.52939224,8.43064213,0,13.3309927,0,0,0,,,,50
81396274,0.5,1,0,0,0.0241758227,0,0,0,15.9349623,0,8.55350399,8.43064213,0,13.3309927,0,0,0,,,,50
81397400,0.5,1,0,0,0.0241758227,0,0,0,15.9304171,0,8.5565176,8.42219639,0,13.3238449,0,0,0,,,,50
81398526,0.5,1,0,0,0.0161172152,0,0,0,15.9349623,0,8.52939224,8.43064213,0,13.3309927,0,0,0,,,,50
81399657,0.5,1,0,0,0.00805860758,0,0,0,15.9349623,0,8.52939224,8.43064213,0,13.3238449,0,0,0,,,,50
81400783,0.5,1,0,0,0.0161172152,0,0,0,15.9349623,0,8.53542042,8.43064213,0,13.3309927,0,0,0,,,,50
81401909,0.5,1,0,0,0.0241758227,0,0,0,15.9349623,0,8.55350399,8.43064213,0,13.3238449,0,0,0,,,,50
81403239,0.5,1,0,0,0.0241758227,0,0,0,15.9304171,0,8.53843403,8.43064213,0,13.3238449,0,0,0,,,,50
81404364,0.5,1,0,0,0.0161172152,0,0,0,15.9349623,0,8.51130867,8.43064213,0,13.3309927,0,0,0,,,,50
81405490,0.5,1,0,0,0.0161172152,0,0,0,15.9349623,0,8.55953121,8.43064213,0,13.3309927,0,0,0,,,,50
81406616,0.5,1,0,0,0.0161172152,0,0,0,15.9349623,0,8.56555939,8.43064213,0,13.3309927,0,0,0,,,,50
81407747,0.5,1,0,0,0.0322344303,0,0,0,15.9349623,0,8.54747581,8.43064213,0,13.3309927,0,0,0,,,,50
81408873,0.5,1,0,0,0.0161172152,0,0,0,15.9349623,0,8.54747581,8.42430782,0,13.3238449,0,0,0,,,,50
81409999,0.5,1,0,0,0.0161172152,0,0,0,15.9349623,0,8.55350399,8.43064213,0.00714798551,13.3238449,0,0,0,,,,50
81411125,0.5,1,0,0,0.0161172152,0,0,0,15.9349623,0,8.56555939,8.42853069,0,13.3166971,0,0,0,,,,50
81412251,0.5,1,0,0,0.0241758227,0,0,0,15.9349623,0,8.51733685,8.43064213,0,13.3309927,0,0,0,,,,50
81413377,0.5,1,0,0,0.0161172152,0,0,0,15.9349623,0,8.5565176,8.43064213,0,13.3309927,0,0,0,,,,50
81414508,0.5,1,0,0,0.0161172152,0,0,0,15.9349623,0,8.53240585,8.43064213,0,13.3309927,0,0,0,,,,50
81415634,0.5,1,0,0,0.0241758227,0,0,0,15.9304171,0,8.53843403,8.43064213,0,13.3309927,0,0,0,,,,50
81416760,0.5,1,0,0,0.0161172152,0,0,0,15.9349623,0,8.5565176,8.42219639,0,13.3238449,0,0,0,,,,50
81417885,0.5,0.666666687,0,0,0.0161172152,0.00805860758,0,0,15.9349623,0,8.54144764,8.43064213,0,13.3238449,0,0,0,,,,50
81419011,0.5,1,0,0,0.0241758227,0,0,0,15.9349623,0,8.57761478,8.42853069,0,13.3238449,0,0,0,,,,50
81420137,0.5,1,0,0,0.0161172152,0,0,0,15.9349623,0,8.51432323,8.43064213,0,13.3238449,0,0,0,,,,50
81421263,0.5,1,0,0,0.0161172152,0,0,0,15.9349623,0,8.55350399,8.42853069,0,13.3309927,0,0,0,,,,50
81422394,0.5,1,0,0,0.0161172152,0,0,0,15.9349623,0,8.52637863,8.43064213,0,13.3309927,0,0,0,,,,50
81423520,0.5,1,0,0,0.0241758227,0,0,0,15.9304171,0,8.52035046,8.42853069,0,13.3309927,0,0,0,,,,50
81424850,0.5,1,0,0,0.0161172152,0,0,0,15.9349623,0,8.54144764,8.43064213,0,13.3238449,0,0,0,,,,50
81425976,0.5,1,0,0,0.0322344303,0,0,0,15.9304171,0,8.5565176,8.43064213,0,13.3238449,0,0,0,,,,50
81427102,0.5,1,0,0,0.0161172152,0,0,0,15.9349623,0,8.55350399,8.43064213,0,13.3309927,0,0,0,,,,50
81428228,0.5,1,0,0,0.0161172152,0,0,0,15.9395075,0,8.51432323,8.42853069,0,13.3309927,0,0,0,,,,50
81429354,0.5,1,0,0,0.0322344303,0,0,0,15.9349623,0,8.56254578,8.43064213,0,13.3309927,0,0,0,,,,50
81430485,0.5,1,0,0,0.0161172152,0,0,0,15.9349623,0,8.53843403,8.43064213,0,13.3238449,0,0,0,,,,50
81431611,0.5,1,0,0,0.0241758227,0,0,0,15.9349623,0,8.52939224,8.43064213,0,13.3238449,0,0,0,,,,50
81432736,0.5,1,0,0,0.0161172152,0,0,0,15.9349623,0,8.53843403,8.43064213,0,13.3381405,0,0,0,,,,50
81433862,0.5,1,0,0,0.0161172152,0,0,0,15.9304171,0,8.55953121,8.43064213,0,13.3238449,0,0,0,,,,50
81434988,0.5,1,0,0,0.0241758227,0,0,0,15.9349623,0,8.55048943,8.43064213,0,13.3309927,0,0,0,,,,50
81436114,0.5,1,0,0,0.00805860758,0,0,0,15.9349623,0,8.52035046,8.43064213,0,13.3238449,0,0,0,,,,50
81437240,0.5,1,0,0,0.0161172152,0,0,0,15.9395075,0,8.5444622,8.43064213,0,13.3238449,0,0,0,,,,50
81438371,0.5,1,0,0,0.0161172152,0,0,0,15.9304171,0,8.57460117,8.43064213,0,13.3238449,0,0,0,,,,50
81439497,0.5,1,0,0,0.0241758227,0,0,0,15.9349623,0,8.55953121,8.42853069,0,13.3238449,0,0,0,,,,50
81440623,0.5,1,0,0,0.0161172152,0,0,0,15.9349623,0,8.53240585,8.43064213,0,13.3309927,0,0,0,,,,50
81441749,0.5,1,0,0,0.0161172152,0,0,0,15.9349623,0,8.52035046,8.42219639,0,13.3309927,0,0,0,,,,50
81442875,0.5,1,0,0,0.0161172152,0,0,0,15.9349623,0,8.5444622,8.43064213,0,13.3309927,0,0,0,,,,50
81444001,0.5,1,0,0,0.0161172152,0,0,0,15.9304171,0,8.55350399,8.43275356,0,13.3238449,0,0,0,,,,50
81445336,0.5,1,0,0,0.0161172152,0,0,0,15.9395075,0,8.55048943,8.43064213,0,13.3238449,0,0,0,,,,50
81446462,0.5,1,0,0,0.0241758227,0,0,0,15.9349623,0,8.52035046,8.43064213,0,13.3238449,0,0,0,,,,50
81447588,0.5,1,0,0,0.0161172152,0,0,0,15.9349623,0,8.5444622,8.43064213,0,13.3309927,0,0,0,,,,50
81448714,0.5,1,0,0,0.0161172152,0,0,0,15.9349623,0,8.53843403,8.43064213,0,13.3238449,0,0,0,,,,50
81449839,0.5,1,0,0,0.0322344303,0,0,0,15.9349623,0,8.55350399,8.43064213,0,13.3238449,0,0,0,,,,50
81450965,0.5,1,0,0,0.0161172152,0,0,0,15.9349623,0,8.5444622,8.43064213,0,13.3238449,0,0,0,,,,50
81452091,0.5,1,0,0,0.0161172152,0,0,0,15.9349623,0,8.58665657,8.43064213,0,13.3309927,0,0,0,,,,50
81453222,0.5,1,0,0,0.0241758227,0,0,0,15.9395075,0,8.568573,8.42641926,0,13.3309927,0,0,0,,,,50
81454348,0.5,1,0,0,0.0161172152,0,0,0,15.9349623,0,8.54144764,8.43064213,0,13.3309927,0,0,0,,,,50
81455474,0.5,1,0,0,0.0161172152,0,0,0,15.9349623,0,8.54747581,8.42853069,0,13.3238449,0,0,0,,,,50
81456600,0.5,1,0,0,0.0161172152,0,0,0,15.9349623,0,8.55953121,8.43064213,0,13.3309927,0,0,0,,,,50
81457726,0.5,1,0,0,0.0161172152,0,0,0,15.9349623,0,8.57158756,8.43064213,0,13.3309927,0,0,0,,,,50
81458852,0.5,1,0,0,0.0161172152,0,0,0,15.9349623,0,8.54144764,8.43064213,0,13.3309927,0,0,0,,,,50
81459978,0.5,1,0,0,0.0241758227,0,0,0,15.9349623,0,8.50528145,8.42853069,0,13.3309927,0,0,0,,,,50
81461109,0.5,1,0,0,0.0161172152,0,0,0,15.9349623,0,8.53542042,8.42641926,0,13.3238449,0,0,0,,,,50
81462234,0.5,1,0,0,0.0161172152,0,0,0,15.9395075,0,8.52637863,8.43064213,0,13.3309927,0,0,0,,,,50
81463360,0.5,1,0,0,0.0161172152,0,0,0,15.9349623,0,8.568573,8.43064213,0,13.3238449,0,0,0,,,,50
81464486,0.5,1,0,0,0.0241758227,0,0,0,15.9349623,0,8.56555939,8.43064213,0,13.3309927,0,0,0,,,,50
81465816,0.5,1,0,0,0.0161172152,0,0,0,15.9349623,0,8.53240585,8.43064213,0,13.3309927,0,0,0,,,,50
81466942,0.5,1,0,0,0.0161172152,0,0,0,15.9349623,0,8.53240585,8.43064213,0,13.3309927,0,0,0,,,,50
81468073,0.5,1,0,0,0.00805860758,0,0,0,15.9349623,0,8.57158756,8.43064213,0,13.3095493,0,0,0,,,,50
81469199,0.5,1,0,0,0.0241758227,0,0,0,15.9349623,0,8.55953121,8.43064213,0,13.3309927,0,0,0,,,,50
81470325,0.5,1,0,0,0.0161172152,0,0,0,15.9349623,0,8.5444622,8.42853069,0,13.3309927,0,0,0,,,,50
81471451,0.5,1,0,0,0.0241758227,0,0,0,15.9349623,0,8.54144764,8.43064213,0,13.3309927,0,0,0,,,,50
81472577,0.5,1,0,0,0.0241758227,0,0,0,15.9349623,0,8.5444622,8.43064213,0,13.3309927,0,0,0,,,,50
81473703,0.5,1,0,0,0.0161172152,0,0,0,15.9349623,0,8.5444622,8.43275356,0,13.3309927,0,0,0,,,,50
81474829,0.5,1,0,0,0.0161172152,0,0,0,15.9349623,0,8.55350399,8.42853069,0,13.3238449,0,0,0,,,,50
81475959,0.5,1,0,0,0.0161172152,0,0,0,15.9349623,0,8.53843403,8.43064213,0,13.3238449,0,0,0,,,,50
81477085,0.5,1,0,0,0.0241758227,0,0,0,15.9349623,0,8.57761478,8.43064213,0,13.3309927,0,0,0,,,,50
81478211,0.5,1,0,0,0.0161172152,0,0,0,15.9304171,0,8.55953121,8.42430782,0,13.3309927,0,0,0,,,,50
81479337,0.5,1,0,0,0.0161172152,0,0,0,15.9304171,0,8.55350399,8.43064213,0,13.3238449,0,0,0,,,,50
81480463,0.5,1,0,0,0.0241758227,0,0,0,15.9349623,0,8.53843403,8.43064213,0,13.3238449,0,0,0,,,,50
81481589,0.5,1,0,0,0.0161172152,0,0,0,15.9349623,0,8.52637863,8.43064213,0,13.3309927,0,0,0,,,,50
81482715,0.5,1,0,0,0.0161172152,0,0,0,15.9349623,0,8.53843403,8.43064213,0,13.3309927,0,0,0,,,,50
81483846,0.5,1,0,0,0.0161172152,0,0,0,15.9349623,0,8.55953121,8.43275356,0,13.3309927,0,0,0,,,,50
81484972,0.5,1,0,0,0.0161172152,0,0,0,15.9349623,0,8.52637863,8.43064213,0,13.3238449,0,0,0,,,,50
81486098,0.5,1,0,0,0.0161172152,0,0,0,15.9349623,0,8.54747581,8.42219639,0,13.3238449,0,0,0,,,,50
81487428,0.5,1,0,0,0.0241758227,0,0,0,15.9349623,0,8.5565176,8.43064213,0,13.3238449,0,0,0,,,,50
81488554,0.5,1,0,0,0.0161172152,0,0,0,15.9349623,0,8.52336502,8.43064213,0,13.3309927,0,0,0,,,,50
81489680,0.5,1,0,0,0.0161172152,0,0,0,15.9349623,0,8.5444622,8.43064213,0,13.3238449,0,0,0,,,,50
81490805,0.5,1,0,0,0.0161172152,0,0,0,15.9349623,0,8.55350399,8.43064213,0,13.3238449,0,0,0,,,,50
81491936,0.5,1,0,0,0.0161172152,0,0,0,15.9349623,0,8.53240585,8.42641926,0,13.3238449,0,0,0,,,,50
81493062,0.5,1,0,0,0.0161172152,0,0,0,15.9349623,0,8.56555939,8.43064213,0,13.3095493,0,0,0,,,,50
81494188,0.5,1,0,0,0.0161172152,0,0,0,15.9349623,0,8.53843403,8.43064213,0,13.3309927,0,0,0,,,,50
81495314,0.5,1,0,0,0.0241758227,0,0,0,15.9349623,0,8.56254578,8.43064213,0,13.3238449,0,0,0,,,,50
81496440,0.5,1,0,0,0.0241758227,0,0,0,15.9395075,0,8.53240585,8.42853069,0,13.3309927,0,0,0,,,,50
81497566,0.5,1,0,0,0.0161172152,0,0,0,15.9349623,0,8.52035046,8.43064213,0,13.3238449,0,0,0,,,,50
81498697,0.5,1,0,0,0.0241758227,0,0,0,15.9349623,0,8.54144764,8.43064213,0,13.3309927,0,0,0,,,,50
81499823,0.5,1,0,0,0.0241758227,0,0,0,15.9349623,0,8.5444622,8.42853069,0,13.3309927,0,0,0,,,,50
81500949,0.5,1,0,0,0.0322344303,0,0,0,15.9395075,0,8.54747581,8.43064213,0,13.3309927,0,0,0,,,,50
81502074,0.5,1,0,0,0.0241758227,0,0,0,15.9349623,0,8.49021149,8.43064213,0,13.3095493,0,0,0,,,,50
81503200,0.5,1,0,0,0.0241758227,0,0,0,15.9395075,0,8.55350399,8.43064213,0,13.3309927,0,0,0,,,,50
81504326,0.5,1,0,0,0.0241758227,0,0,0,15.9349623,0,8.54144764,8.43064213,0,13.3238449,0,0,0,,,,50
81505452,0.5,1,0,0,0.0322344303,0,0,0,15.9304171,0,8.52637863,8.42641926,0,13.3238449,0,0,0,,,,50
81506583,0.5,1,0,0,0.0241758227,0,0,0,15.9349623,0,8.54144764,8.43064213,0,13.3309927,0,0,0,,,,50
81507913,0.5,1,0,0,0.0241758227,0,0,0,15.9349623,0,8.5444622,8.43064213,0,13.3309927,0,0,0,,,,50
81509039,0.5,1,0,0,0.0241758227,0,0,0,15.9349623,0,8.52035046,8.42641926,0,13.3166971,0,0,0,,,,50
81510165,0.5,1,0,0,0.0241758227,0,0,0,15.9349623,0,8.53240585,8.43064213,0,13.3238449,0,0,0,,,,50
81511291,0.5,1,0,0,0.0161172152,0,0,0,15.9349623,0,8.5565176,8.42853069,0,13.3238449,0,0,0,,,,50
81512417,0.5,1,0,0,0.0161172152,0,0,0,15.9349623,0,8.54144764,8.43064213,0,13.3309927,0,0,0,,,,50
81513543,0.5,1,0,0,0.0241758227,0,0,0,15.9349623,0,8.56254578,8.43064213,0,13.3309927,0,0,0,,,,50
81514674,0.5,1,0,0,0.0161172152,0,0,0,15.9349623,0,8.56254578,8.43064213,0,13.3238449,0,0,0,,,,50
81515799,0.5,1,0,0,0.0241758227,0,0,0,15.9349623,0,8.568573,8.43064213,0,13.3309927,0,0,0,,,,50
81516925,0.5,1,0,0,0.0241758227,0,0,0,15.9349623,0,8.57761478,8.43064213,0,13.3238449,0,0,0,,,,50
81518051,0.5,1,0,0,0.0241758227,0,0,0,15.9349623,0,8.568573,8.43064213,0,13.3095493,0,0,0,,,,50
81519177,0.5,1,0,0,0.0241758227,0,0,0,15.9349623,0,8.4932251,8.42853069,0,13.3238449,0,0,0,,,,50
81520303,0.5,1,0,0,0.0161172152,0,0,0,15.9349623,0,8.56254578,8.43064213,0,13.3238449,0,0,0,,,,50
81521429,0.5,1,0,0,0.0241758227,0,0,0,15.9349623,0,8.568573,8.43064213,0,13.3309927,0,0,0,,,,50
81522560,0.5,1,0,0,0.0161172152,0,0,0,15.9349623,0,8.5444622,8.43064213,0,13.3238449,0,0,0,,,,50
81523686,0.5,1,0,0,0.0161172152,0,0,0,15.9349623,0,8.55350399,8.42853069,0,13.3309927,0,0,0,,,,50
81524812,0.5,1,0,0,0.0161172152,0,0,0,15.9349623,0,8.57158756,8.43064213,0,13.3238449,0,0,0,,,,50
81525938,0.5,1,0,0,0.0161172152,0,0,0,15.9349623,0,8.55953121,8.43064213,0,13.3238449,0,0,0,,,,50
81527064,0.5,1,0,0,0.0161172152,0,0,0,15.9349623,0,8.5444622,8.42430782,0,13.3095493,0,0,0,,,,50
81528190,0.5,1,0,0,0.0241758227,0,0,0,15.9349623,0,8.58062935,8.43064213,0,13.3309927,0,0,0,,,,50
81529524,0.5,1,0,0,0.0161172152,0,0,0,15.9349623,0,8.52939224,8.43064213,0,13.3238449,0,0,0,,,,50
81530650,0.5,1,0,0,0.0241758227,0,0,0,15.9349623,0,8.568573,8.43064213,0,13.3238449,0,0,0,,,,50
81531776,0.5,1,0,0,0.0161172152,0,0,0,15.9349623,0,8.55048943,8.43064213,0,13.3309927,0,0,0,,,,50
81532902,0.5,1,0,0,0.0241758227,0,0,0,15.9349623,0,8.58062935,8.43064213,0,13.3238449,0,0,0,,,,50
81534028,0.5,1,0,0,0.0241758227,0,0,0,15.9395075,0,8.52336502,8.43064213,0,13.3166971,0,0,0,,,,50
81535154,0.5,1,0,0,0.0161172152,0,0,0,15.9349623,0,8.52035046,8.43064213,0,13.3238449,0,0,0,,,,50
81536280,0.5,1,0,0,0.0161172152,0,0,0,15.9395075,0,8.58364296,8.42853069,0,13.3238449,0,0,0,,,,50
81537411,0.5,1,0,0,0.0161172152,0,0,0,15.9349623,0,8.51130867,8.42853069,0,13.3309927,0,0,0,,,,50
81538537,0.5,1,0,0,0.0161172152,0,0,0,15.9349623,0,8.56555939,8.43064213,0,13.3238449,0,0,0,,,,50
81539663,0.5,1,0,0,0.0241758227,0,0,0,15.9349623,0,8.5444622,8.42853069,0,13.3238449,0,0,0,,,,50
81540789,0.5,1,0,0,0.0322344303,0,0,0,15.9349623,0,8.57761478,8.42853069,0,13.3309927,0,0,0,,,,50
81541915,0.5,1,0,0,0.0161172152,0,0,0,15.9349623,0,8.55350399,8.42430782,0,13.3238449,0,0,0,,,,50
81543041,0.5,1,0,0,0.0241758227,0,0,0,15.9349623,0,8.5444622,8.43064213,0,13.3166971,0,0,0,,,,50
81544167,0.5,1,0,0,0.0161172152,0,0,0,15.9349623,0,8.57158756,8.43064213,0,13.3309927,0,0,0,,,,50
81545297,0.5,1,0,0,0.0161172152,0,0,0,15.9349623,0,8.52035046,8.43064213,0,13.3309927,0,0,0,,,,50
81546423,0.5,1,0,0,0.0241758227,0,0,0,15.9304171,0,8.53843403,8.43064213,0,13.3309927,0,0,0,,,,50
81547549,0.5,1,0,0,0.0241758227,0,0,0,15.9395075,0,8.52939224,8.43064213,0,13.3309927,0,0,0,,,,50
81548675,0.5,1,0,0,0.0241758227,0,0,0,15.9349623,0,8.53542042,8.42853069,0,13.3309927,0,0,0,,,,50
81550005,0.5,1,0,0,0.0241758227,0,0,0,15.9349623,0,8.50226688,8.43064213,0,13.3309927,0,0,0,,,,50
81551131,0.5,1,0,0,0.0161172152,0,0,0,15.9349623,0,8.52939224,8.42853069,0,13.3309927,0,0,0,,,,50
81552257,0.5,1,0,0,0.0241758227,0,0,0,15.9349623,0,8.54144764,8.42853069,0,13.3309927,0,0,0,,,,50
81553388,0.5,1,0,0,0.0241758227,0,0,0,15.9349623,0,8.5565176,8.42430782,0,13.3238449,0,0,0,,,,50
81554514,0.5,1,0,0,0.0241758227,0,0,0,15.9349623,0,8.53843403,8.43064213,0,13.3309927,0,0,0,,,,50
81555640,0.5,1,0,0,0.0161172152,0,0,0,15.9349623,0,8.52939224,8.43064213,0,13.3309927,0,0,0,,,,50
81556766,0.5,1,0,0,0.0241758227,0,0,0,15.9349623,0,8.58062935,8.43064213,0,13.3309927,0,0,0,,,,50
81557892,0.5,1,0,0,0.0241758227,0,0,0,15.9349623,0,8.53843403,8.43064213,0,13.3309927,0,0,0,,,,50
81559018,0.5,1,0,0,0.0241758227,0,0,0,15.9349623,0,8.5444622,8.43064213,0,13.3238449,0,0,0,,,,50
81560148,0.5,1,0,0,0.0161172152,0,0,0,15.9349623,0,8.53240585,8.43064213,0,13.3238449,0,0,0,,,,50
81561274,0.5,1,0,0,0.0241758227,0,0,0,15.9304171,0,8.54747581,8.42853069,0,13.3309927,0,0,0,,,,50
81562400,0.5,1,0,0,0.0161172152,0,0,0,15.9349623,0,8.57158756,8.43064213,0,13.3309927,0,0,0,,,,50
81563526,0.5,1,0,0,0.0241758227,0,0,0,15.9349623,0,8.56555939,8.42853069,0,13.3309927,0,0,0,,,,50
81564652,0.5,1,0,0,0.0161172152,0,0,0,15.9349623,0,8.57460117,8.43064213,0,13.3238449,0,0,0,,,,50
81565778,0.5,1,0,0,0.0161172152,0,0,0,15.9349623,0,8.53843403,8.43064213,0,13.3309927,0,0,0,,,,50
81566904,0.5,1,0,0,0.0161172152,0,0,0,15.9349623,0,8.59268475,8.43275356,0,13.3309927,0,0,0,,,,50
81568035,0.5,1,0,0,0.0241758227,0,0,0,15.9349623,0,8.54144764,8.43064213,0,13.3166971,0,0,0,,,,50
81569161,0.5,1,0,0,0.0161172152,0,0,0,15.9349623,0,8.5565176,8.43064213,0,13.3238449,0,0,0,,,,50
81570287,0.5,1,0,0,0.0161172152,0,0,0,15.9349623,0,8.5444622,8.43064213,0,13.3309927,0,0,0,,,,50
81571617,0.5,1,0,0,0.0161172152,0,0,0,15.9395075,0,8.58665657,8.43064213,0,13.3309927,0,0,0,,,,50
81572743,0.5,1,0,0,0.0241758227,0,0,0,15.9304171,0,8.56254578,8.42641926,0,13.3309927,0,0,0,,,,50
81573869,0.5,1,0,0,0.0161172152,0,0,0,15.9349623,0,8.56254578,8.43064213,0,13.3238449,0,0,0,,,,50
81574995,0.5,1,0,0,0.0161172152,0,0,0,15.9349623,0,8.54747581,8.43064213,0,13.3309927,0,0,0,,,,50
81576125,0.5,1,0,0,0.0241758227,0,0,0,15.9349623,0,8.49021149,8.42853069,0,13.3309927,0,0,0,,,,50
81577251,0.5,1,0,0,0.0322344303,0,0,0,15.9395075,0,8.55048943,8.43064213,0,13.3238449,0,0,0,,,,50
81578377,0.5,1,0,0,0.0241758227,0,0,0,15.9349623,0,8.52336502,8.43064213,0,13.3238449,0,0,0,,,,50
81579503,0.5,1,0,0,0.0161172152,0,0,0,15.9304171,0,8.58364296,8.42853069,0,13.3238449,0,0,0,,,,50
81580629,0.5,1,0,0,0.0241758227,0,0,0,15.9349623,0,8.52035046,8.42641926,0,13.3309927,0,0,0,,,,50
81581755,0.5,1,0,0,0.0161172152,0,0,0,15.9395075,0,8.53843403,8.43064213,0,13.3238449,0,0,0,,,,50
81582881,0.5,1,0,0,0.0241758227,0,0,0,15.9349623,0,8.53843403,8.43064213,0,13.3309927,0,0,0,,,,50
81584012,0.5,1,0,0,0.0241758227,0,0,0,15.9349623,0,8.55953121,8.43064213,0,13.3238449,0,0,0,,,,50
81585138,0.5,1,0,0,0.0241758227,0,0,0,15.9349623,0,8.53240585,8.43064213,0,13.3309927,0,0,0,,,,50
81586264,0.5,1,0,0,0.0161172152,0,0,0,15.9349623,0,8.53542042,8.43064213,0,13.3238449,0,0,0,,,,50
81587390,0.5,1,0,0,0.0161172152,0,0,0,15.9349623,0,8.55048943,8.43064213,0,13.3309927,0,0,0,,,,50
81588516,0.5,1,0,0,0.0161172152,0,0,0,15.9349623,0,8.49623966,8.42641926,0,13.3238449,0,0,0,,,,50
81589642,0.5,1,0,0,0.0241758227,0,0,0,15.9395075,0,8.54144764,8.43064213,0,13.3309927,0,0,0,,,,50
81590772,0.5,1,0,0,0.00805860758,0,0,0,15.9349623,0,8.5565176,8.43064213,0,13.3309927,0,0,0,,,,50
81592102,0.5,1,0,0,0.0241758227,0,0,0,15.9349623,0,8.54747581,8.43064213,0,13.3238449,0,0,0,,,,50
81593228,0.5,1,0,0,0.0161172152,0,0,0,15.9258718,0,8.53843403,8.42853069,0,13.3238449,0,0,0,,,,50
81594354,0.5,1,0,0,0.0241758227,0,0,0,15.9349623,0,8.53542042,8.43275356,0,13.3309927,0,0,0,,,,50
81595480,0.5,1,0,0,0.0241758227,0,0,0,15.9349623,0,8.55350399,8.43064213,0,13.3238449,0,0,0,,,,50
81596606,0.5,1,0,0,0.0161172152,0,0,0,15.9395075,0,8.56555939,8.43064213,0,13.3238449,0,0,0,,,,50
81597732,0.5,1,0,0,0.0241758227,0,0,0,15.9349623,0,8.52939224,8.43064213,0,13.3238449,0,0,0,,,,50
81598863,0.5,1,0,0,0.0161172152,0,0,0,15.9349623,0,8.51130867,8.42853069,0,13.3309927,0,0,0,,,,50
81599989,0.5,1,0,0,0.0241758227,0,0,0,15.9349623,0,8.57761478,8.42853069,0,13.3309927,0,0,0,,,,50
81601115,0.5,1,0,0,0.0161172152,0,0,0,15.9349623,0,8.55048943,8.42853069,0,13.3238449,0,0,0,,,,50
81602241,0.5,1,0,0,0.0161172152,0,0,0,15.9440527,0,8.55350399,8.43064213,0,13.3309927,0,0,0,,,,50
81603367,0.5,1,0,0,0.0161172152,0,0,0,15.9349623,0,8.52637863,8.43064213,0,13.3238449,0,0,0,,,,50
81604493,0.5,1,0,0,0.0241758227,0,0,0,15.9349623,0,8.5444622,8.43064213,0,13.3238449,0,0,0,,,,50
81605619,0.5,1,0,0,0.0161172152,0,0,0,15.9349623,0,8.50829506,8.42853069,0,13.3238449,0,0,0,,,,50
81606749,0.5,1,0,0,0.0241758227,0,0,0,15.9349623,0,8.53542042,8.43064213,0,13.3309927,0,0,0,,,,50
81607875,0.5,1,0,0,0.0241758227,0,0,0,15.9395075,0,8.53843403,8.42853069,0,13.3309927,0,0,0,,,,50
81609001,0.5,1,0,0,0.0161172152,0,0,0,15.9349623,0,8.55953121,8.43064213,0,13.3238449,0,0,0,,,,50
81610127,0.5,1,0,0,0.0161172152,0,0,0,15.9395075,0,8.57460117,8.43064213,0,13.3238449,0,0,0,,,,50
81611253,0.5,1,0,0,0.0161172152,0,0,0,15.9349623,0,8.55048943,8.43064213,0,13.3309927,0,0,0,,,,50
81612379,0.5,1,0,0,0.0241758227,0,0,0,15.9349623,0,8.57460117,8.43064213,0,13.3309927,0,0,0,,,,50
81613714,0.5,1,0,0,0.0241758227,0,0,0,15.9349623,0,8.56254578,8.42853069,0,13.3238449,0,0,0,,,,50
81614840,0.5,1,0,0,0.0161172152,0,0,0,15.9395075,0,8.52336502,8.43064213,0,13.3309927,0,0,0,,,,50
81615966,0.5,1,0,0,0.0241758227,0,0,0,15.9349623,0,8.57460117,8.42853069,0,13.3309927,0,0,0,,,,50
81617091,0.5,1,0,0,0.0161172152,0,0,0,15.9349623,0,8.54144764,8.42641926,0,13.3309927,0,0,0,,,,50
81618217,0.5,1,0,0,0.0161172152,0,0,0,15.9395075,0,8.54747581,8.43064213,0,13.3309927,0,0,0,,,,50
81619343,0.5,1,0,0,0.0241758227,0,0,0,15.9349623,0,8.58364296,8.42853069,0,13.3309927,0,0,0,,,,50
81620469,0.5,1,0,0,0.0241758227,0,0,0,15.9349623,0,8.568573,8.42853069,0,13.3238449,0,0,0,,,,50
81621600,0.5,1,0,0,0.0241758227,0,0,0,15.9395075,0,8.56254578,8.42853069,0,13.3309927,0,0,0,,,,50
81622726,0.5,1,0,0,0.0161172152,0,0,0,15.9349623,0,8.55350399,8.43064213,0,13.3309927,0,0,0,,,,50
81623852,0.5,1,0,0,0.0241758227,0,0,0,15.9349623,0,8.53542042,8.43064213,0,13.3238449,0,0,0,,,,50
81624978,0.5,1,0,0,0.0161172152,0,0,0,15.9349623,0,8.58364296,8.43064213,0,13.3238449,0,0,0,,,,50
81626104,0.5,1,0,0,0.0241758227,0,0,0,15.9395075,0,8.51432323,8.42853069,0,13.3309927,0,0,0,,,,50
81627230,0.5,1,0,0,0.0161172152,0,0,0,15.9395075,0,8.5444622,8.42853069,0,13.3309927,0,0,0,,,,50
81628356,0.5,1,0,0,0.0241758227,0,0,0,15.9349623,0,8.53843403,8.42853069,0,13.3238449,0,0,0,,,,50
81629486,0.5,1,0,0,0.0161172152,0,0,0,15.9349623,0,8.52336502,8.43064213,0,13.3238449,0,0,0,,,,50
81630612,0.5,1,0,0,0.0322344303,0,0,0,15.9349623,0,8.5565176,8.43064213,0,13.3309927,0,0,0,,,,50
81631738,0.5,1,0,0,0.0161172152,0,0,0,15.9304171,0,8.49925327,8.43064213,0,13.3238449,0,0,0,,,,50
81632864,0.5,1,0,0,0.0161172152,0,0,0,15.9349623,0,8.5565176,8.42641926,0,13.3309927,0,0,0,,,,50
81634194,0.5,1,0,0,0.0161172152,0,0,0,15.9395075,0,8.5444622,8.43064213,0,13.3309927,0,0,0,,,,50
81635320,0.5,1,0,0,0.0161172152,0,0,0,15.9349623,0,8.58364296,8.42853069,0,13.3238449,0,0,0,,,,50
81636446,0.5,1,0,0,0.0241758227,0,0,0,15.9349623,0,8.55048943,8.42641926,0,13.3238449,0,0,0,,,,50
81637577,0.5,1,0,0,0.0161172152,0,0,0,15.9349623,0,8.53843403,8.43064213,0,13.3238449,0,0,0,,,,50
81638703,0.5,1,0,0,0.0241758227,0,0,0,15.9349623,0,8.53542042,8.43064213,0,13.3309927,0,0,0,,,,50
81639829,0.5,1,0,0,0.0161172152,0,0,0,15.9349623,0,8.56555939,8.43064213,0,13.3381405,0,0,0,,,,50
81640955,0.5,1,0,0,0.0161172152,0,0,0,15.9349623,0,8.52637863,8.43064213,0,13.3238449,0,0,0,,,,50
81642081,0.5,1,0,0,0.0241758227,0,0,0,15.9349623,0,8.56254578,8.43064213,0,13.3024006,0,0,0,,,,50
81643207,0.5,1,0,0,0.0161172152,0,0,0,15.9395075,0,8.53843403,8.43064213,0,13.3238449,0,0,0,,,,50
81644337,0.5,1,0,0,0.0161172152,0,0,0,15.9349623,0,8.54144764,8.42219639,0,13.3309927,0,0,0,,,,50
81645463,0.5,1,0,0,0.0161172152,0,0,0,15.9349623,0,8.56555939,8.43275356,0,13.3238449,0,0,0,,,,50
81646589,0.5,1,0,0,0.0241758227,0,0,0,15.9349623,0,8.55350399,8.43064213,0,13.3309927,0,0,0,,,,50
81647715,0.5,1,0,0,0.0161172152,0,0,0,15.9349623,0,8.55953121,8.43064213,0,13.3238449,0,0,0,,,,50
81648841,0.5,1,0,0,0.0241758227,0,0,0,15.9349623,0,8.568573,8.43064213,0,13.3238449,0,0,0,,,,50
81649967,0.5,1,0,0,0.0241758227,0,0,0,15.9349623,0,8.5444622,8.43064213,0,13.3309927,0,0,0,,,,50
81651093,0.5,1,0,0,0.0241758227,0,0,0,15.9395075,0,8.55350399,8.43275356,0,13.3309927,0,0,0,,,,50
81652224,0.5,1,0,0,0.0241758227,0,0,0,15.9349623,0,8.52637863,8.43275356,0,13.3309927,0,0,0,,,,50
81653350,0.5,1,0,0,0.0241758227,0,0,0,15.9349623,0,8.57158756,8.43064213,0,13.3309927,0,0,0,,,,50
81654476,0.5,1,0,0,0.0161172152,0,0,0,15.9349623,0,8.57158756,8.43064213,0,13.3238449,0,0,0,,,,50
81655806,0.5,1,0,0,0.0241758227,0,0,0,15.9349623,0,8.57158756,8.42853069,0,13.3309927,0,0,0,,,,50
81656932,0.5,1,0,0,0.0161172152,0,0,0,15.9349623,0,8.5444622,8.43064213,0,13.3309927,0,0,0,,,,50
81658058,0.5,1,0,0,0.0241758227,0,0,0,15.9349623,0,8.55048943,8.43064213,0,13.3095493,0,0,0,,,,50
81659184,0.5,1,0,0,0.0161172152,0,0,0,15.9349623,0,8.54747581,8.43064213,0,13.3238449,0,0,0,,,,50
81660314,0.5,1,0,0,0.0241758227,0,0,0,15.9349623,0,8.54144764,8.43064213,0,13.3238449,0,0,0,,,,50
81661440,0.5,1,0,0,0.0241758227,0,0,0,15.9349623,0,8.54144764,8.43064213,0,13.3309927,0,0,0,,,,50
81662566,0.5,1,0,0,0.00805860758,0,0,0,15.9304171,0,8.55953121,8.43064213,0,13.3309927,0,0,0,,,,50
81663692,0.5,1,0,0,0.0241758227,0,0,0,15.9349623,0,8.54747581,8.42430782,0,13.3238449,0,0,0,,,,50
81664818,0.5,1,0,0,0.0161172152,0,0,0,15.9349623,0,8.57761478,8.43064213,0,13.3309927,0,0,0,,,,50
81665944,0.5,1,0,0,0.0241758227,0,0,0,15.9349623,0,8.53240585,8.43064213,0,13.3309927,0,0,0,,,,50
81667070,0.5,1,0,0,0.0161172152,0,0,0,15.9349623,0,8.56254578,8.43064213,0,13.3095493,0,0,0,,,,50
81668201,0.5,1,0,0,0.0161172152,0,0,0,15.9258718,0,8.53843403,8.43064213,0,13.3238449,0,0,0,,,,50
81669327,0.5,1,0,0,0.0241758227,0,0,0,15.9349623,0,8.52637863,8.42219639,0,13.3238449,0,0,0,,,,50
81670453,0.5,1,0,0,0.00805860758,0,0,0,15.9349623,0,8.5565176,8.43064213,0,13.3309927,0,0,0,,,,50
81671579,0.5,1,0,0,0.0241758227,0,0,0,15.9395075,0,8.56254578,8.43064213,0,13.3309927,0,0,0,,,,50
81672705,0.5,1,0,0,0.0161172152,0,0,0,15.9349623,0,8.54144764,8.43064213,0,13.3309927,0,0,0,,,,50
81673831,0.5,1,0,0,0.0161172152,0,0,0,15.9349623,0,8.55350399,8.42853069,0,13.3238449,0,0,0,,,,50
81674961,0.5,1,0,0,0.0161172152,0,0,0,15.9349623,0,8.52637863,8.43064213,0,13.3309927,0,0,0,,,,50
81676291,0.5,1,0,0,0.0241758227,0,0,0,15.9349623,0,8.54747581,8.43064213,0,13.3309927,0,0,0,,,,50
81677417,0.5,1,0,0,0.0241758227,0,0,0,15.9349623,0,8.54747581,8.43064213,0,13.3309927,0,0,0,,,,50
81678543,0.5,1,0,0,0.0161172152,0,0,0,15.9349623,0,8.54747581,8.43064213,0,13.3309927,0,0,0,,,,50
81679669,0.5,1,0,0,0.0241758227,0,0,0,15.9349623,0,8.55048943,8.42853069,0,13.3238449,0,0,0,,,,50
81680795,0.5,1,0,0,0.0161172152,0,0,0,15.9349623,0,8.55953121,8.43064213,0,13.3238449,0,0,0,,,,50
81681921,0.5,1,0,0,0.0161172152,0,0,0,15.9349623,0,8.55350399,8.42853069,0,13.3309927,0,0,0,,,,50
81683052,0.5,1,0,0,0.0241758227,0,0,0,15.9349623,0,8.52336502,8.43064213,0,13.3238449,0,0,0,,,,50
81684178,0.5,1,0,0,0.0322344303,0,0,0,15.9349623,0,8.49925327,8.42853069,0,13.3309927,0,0,0,,,,50
81685304,0.5,1,0,0,0.0161172152,0,0,0,15.9304171,0,8.55048943,8.43064213,0,13.3309927,0,0,0,,,,50
81686430,0.5,1,0,0,0.0161172152,0,0,0,15.9349623,0,8.5444622,8.43064213,0,13.3238449,0,0,0,,,,50
81687556,0.5,1,0,0,0.0241758227,0,0,0,15.9349623,0,8.53240585,8.43064213,0,13.3238449,0,0,0,,,,50
81688682,0.5,1,0,0,0.0161172152,0,0,0,15.9349623,0,8.5565176,8.42853069,0,13.3309927,0,0,0,,,,50
81689808,0.5,1,0,0,0.0161172152,0,0,0,15.9349623,0,8.50829506,8.43064213,0,13.3309927,0,0,0,,,,50
81690938,0.5,1,0,0,0.0161172152,0,0,0,15.9349623,0,8.54747581,8.43064213,0,13.3238449,0,0,0,,,,50
81692064,0.5,1,0,0,0.0241758227,0,0,0,15.9349623,0,8.52637863,8.43064213,0,13.3166971,0,0,0,,,,50
81693190,0.5,1,0,0,0.0161172152,0,0,0,15.9349623,0,8.52336502,8.43064213,0,13.3309927,0,0,0,,,,50
81694316,0.5,1,0,0,0.0161172152,0,0,0,15.9349623,0,8.53843403,8.42641926,0,13.3309927,0,0,0,,,,50
81695442,0.5,1,0,0,0.0161172152,0,0,0,15.9349623,0,8.55048943,8.43064213,0,13.3309927,0,0,0,,,,50
81696772,0.5,1,0,0,0.0241758227,0,0,0,15.9349623,0,8.54747581,8.43064213,0,13.3238449,0,0,0,,,,50
81697898,0.5,1,0,0,0.0241758227,0,0,0,15.9349623,0,8.53843403,8.43064213,0,13.3238449,0,0,0,,,,50
81699029,0.5,1,0,0,0.0161172152,0,0,0,15.9304171,0,8.5565176,8.43064213,0,13.3238449,0,0,0,,,,50
81700155,0.5,1,0,0,0.00805860758,0,0,0,15.9349623,0,8.53542042,8.43064213,0,13.3238449,0,0,0,,,,50
81701281,0.5,1,0,0,0.0241758227,0,0,0,15.9395075,0,8.55350399,8.43064213,0,13.3238449,0,0,0,,,,50
81702407,0.5,1,0,0,0.0161172152,0,0,0,15.9349623,0,8.5565176,8.42853069,0,13.3238449,0,0,0,,,,50
81703533,0.5,1,0,0,0.0241758227,0,0,0,15.9349623,0,8.5444622,8.43064213,0,13.3238449,0,0,0,,,,50
81704659,0.5,1,0,0,0.0241758227,0,0,0,15.9349623,0,8.55048943,8.42853069,0,13.3238449,0,0,0,,,,50
81705789,0.5,1,0,0,0.0161172152,0,0,0,15.9349623,0,8.5565176,8.42853069,0,13.3309927,0,0,0,,,,50
81706915,0.5,1,0,0,0.0241758227,0,0,0,15.9349623,0,8.55953121,8.43064213,0,13.3309927,0,0,0,,,,50
81708041,0.5,1,0,0,0.0161172152,0,0,0,15.9349623,0,8.56254578,8.42853069,0,13.3166971,0,0,0,,,,50
81709167,0.5,1,0,0,0.0161172152,0,0,0,15.9349623,0,8.54747581,8.43064213,0,13.3309927,0,0,0,,,,50
81710293,0.5,1,0,0,0.0241758227,0,0,0,15.9349623,0,8.53843403,8.43064213,0,13.3238449,0,0,0,,,,50
81711419,0.5,1,0,0,0.0241758227,0,0,0,15.9349623,0,8.52035046,8.43064213,0,13.3238449,0,0,0,,,,50
81712545,0.5,1,0,0,0.0161172152,0,0,0,15.9349623,0,8.52939224,8.43064213,0,13.3238449,0,0,0,,,,50
81713676,0.5,1,0,0,0.0241758227,0,0,0,15.9349623,0,8.50226688,8.42430782,0,13.3309927,0,0,0,,,,50
81714802,0.5,1,0,0,0.0241758227,0,0,0,15.9349623,0,8.55048943,8.43064213,0,13.3238449,0,0,0,,,,50
81715928,0.5,1,0,0,0.0241758227,0,0,0,15.9349623,0,8.52336502,8.43064213,0,13.3309927,0,0,0,,,,50
81717054,0.5,1,0,0,0.0161172152,0,0,0,15.9395075,0,8.53843403,8.43064213,0,13.3166971,0,0,0,,,,50
81718384,0.5,1,0,0,0.0161172152,0,0,0,15.9349623,0,8.52637863,8.43064213,0,13.3309927,0,0,0,,,,50
81719510,0.5,1,0,0,0.0161172152,0,0,0,15.9349623,0,8.5565176,8.43064213,0,13.3309927,0,0,0,,,,50
81720635,0.5,1,0,0,0.0241758227,0,0,0,15.9304171,0,8.53843403,8.43064213,0,13.3309927,0,0,0,,,,50
81721766,0.5,1,0,0,0.0161172152,0,0,0,15.9349623,0,8.58665657,8.43064213,0,13.3309927,0,0,0,,,,50
81722892,0.5,1,0,0,0.0161172152,0,0,0,15.9349623,0,8.56254578,8.43064213,0,13.3309927,0,0,0,,,,50
81724018,0.5,1,0,0,0.0241758227,0,0,0,15.9349623,0,8.53542042,8.43064213,0,13.3309927,0,0,0,,,,50
81725144,0.5,1,0,0,0.0241758227,0,0,0,15.9349623,0,8.5444622,8.43064213,0,13.3238449,0,0,0,,,,50
81726270,0.5,1,0,0,0.0161172152,0,0,0,15.9349623,0,8.55350399,8.43064213,0,13.3238449,0,0,0,,,,50
81727396,0.5,1,0,0,0.0241758227,0,0,0,15.9349623,0,8.5444622,8.43064213,0,13.3238449,0,0,0,,,,50
81728522,0.5,1,0,0,0.0161172152,0,0,0,15.9349623,0,8.59268475,8.43064213,0,13.3238449,0,0,0,,,,50
81729653,0.5,1,0,0,0.0161172152,0,0,0,15.9349623,0,8.5565176,8.42853069,0,13.3309927,0,0,0,,,,50
81730778,0.5,1,0,0,0.0161172152,0,0,0,15.9349623,0,8.55350399,8.43064213,0,13.3309927,0,0,0,,,,50
81731904,0.5,1,0,0,0.0161172152,0,0,0,15.9349623,0,8.54747581,8.43064213,0,13.3309927,0,0,0,,,,50
81733030,0.5,1,0,0,0.0161172152,0,0,0,15.9349623,0,8.52939224,8.42430782,0,13.3166971,0,0,0,,,,50
81734156,0.5,1,0,0,0.0161172152,0,0,0,15.9349623,0,8.52637863,8.42853069,0,13.3238449,0,0,0,,,,50
81735282,0.5,1,0,0,0.0161172152,0,0,0,15.9304171,0,8.55048943,8.43064213,0,13.3309927,0,0,0,,,,50
81736413,0.5,1,0,0,0.0161172152,0,0,0,15.9395075,0,8.52637863,8.43064213,0,13.3309927,0,0,0,,,,50
81737539,0.5,1,0,0,0.0161172152,0,0,0,15.9349623,0,8.50528145,8.43064213,0,13.3238449,0,0,0,,,,50
81738869,0.5,1,0,0,0.0161172152,0,0,0,15.9349623,0,8.50829506,8.43064213,0,13.3238449,0,0,0,,,,50
81739995,0.5,1,0,0,0.0161172152,0,0,0,15.9349623,0,8.56555939,8.43064213,0,13.3238449,0,0,0,,,,50
81741121,0.5,1,0,0,0.0161172152,0,0,0,15.9349623,0,8.5565176,8.43064213,0,13.3309927,0,0,0,,,,50
81742247,0.5,1,0,0,0.0161172152,0,0,0,15.9349623,0,8.57761478,8.43064213,0,13.3238449,0,0,0,,,,50
81743373,0.5,1,0,0,0.0241758227,0,0,0,15.9349623,0,8.55048943,8.43064213,0,13.3238449,0,0,0,,,,50
81744504,0.5,1,0,0,0.0241758227,0,0,0,15.9349623,0,8.56555939,8.42641926,0,13.3238449,0,0,0,,,,50
81745629,0.5,1,0,0,0.0241758227,0,0,0,15.9349623,0,8.53843403,8.43064213,0,13.3238449,0,0,0,,,,50
81746755,0.5,1,0,0,0.0161172152,0,0,0,15.9349623,0,8.57761478,8.43064213,0,13.3309927,0,0,0,,,,50
81747881,0.5,1,0,0,0.0241758227,0,0,0,15.9349623,0,8.52035046,8.42853069,0,13.3238449,0,0,0,,,,50
81749007,0.5,1,0,0,0.0241758227,0,0,0,15.9349623,0,8.5565176,8.43064213,0,13.3309927,0,0,0,,,,50
81750133,0.5,1,0,0,0.0241758227,0,0,0,15.9349623,0,8.58967113,8.42853069,0,13.3309927,0,0,0,,,,50
81751259,0.5,1,0,0,0.0241758227,0,0,0,15.9395075,0,8.52637863,8.43064213,0,13.3309927,0,0,0,,,,50
81752390,0.5,1,0,0,0.0161172152,0,0,0,15.9349623,0,8.51432323,8.43064213,0,13.3309927,0,0,0,,,,50
81753516,0.5,1,0,0,0.0241758227,0,0,0,15.9349623,0,8.54144764,8.43064213,0,13.3238449,0,0,0,,,,50
81754642,0.5,1,0,0,0.0161172152,0,0,0,15.9349623,0,8.54144764,8.43064213,0,13.3238449,0,0,0,,,,50
81755768,0.5,1,0,0,0.0241758227,0,0,0,15.9349623,0,8.52939224,8.42430782,0,13.3309927,0,0,0,,,,50
81756894,0.5,1,0,0,0.0241758227,0,0,0,15.9349623,0,8.55953121,8.43064213,0,13.3238449,0,0,0,,,,50
81758020,0.5,1,0,0,0.0161172152,0,0,0,15.9349623,0,8.5565176,8.43064213,0,13.3238449,0,0,0,,,,50
81759150,0.5,1,0,0,0.0241758227,0,0,0,15.9349623,0,8.53843403,8.42641926,0,13.3309927,0,0,0,,,,50
81760480,0.5,1,0,0,0.0161172152,0,0,0,15.9349623,0,8.52637863,8.43064213,0,13.3238449,0,0,0,,,,50
81761606,0.5,1,0,0,0.0322344303,0,0,0,15.9349623,0,8.55048943,8.43064213,0,13.3309927,0,0,0,,,,50
81762732,0.5,1,0,0,0.0161172152,0,0,0,15.9349623,0,8.53240585,8.42853069,0,13.3309927,0,0,0,,,,50
81763858,0.5,1,0,0,0.0161172152,0,0,0,15.9349623,0,8.51432323,8.42853069,0,13.3238449,0,0,0,,,,50
81764984,0.5,1,0,0,0.0161172152,0,0,0,15.9395075,0,8.56254578,8.43064213,0,13.3309927,0,0,0,,,,50
81766110,0.5,1,0,0,0.0161172152,0,0,0,15.9349623,0,8.52637863,8.43064213,0,13.3309927,0,0,0,,,,50
81767241,0.5,1,0,0,0.0161172152,0,0,0,15.9304171,0,8.55953121,8.42853069,0,13.3238449,0,0,0,,,,50
81768367,0.5,1,0,0,0.0161172152,0,0,0,15.9349623,0,8.52336502,8.42219639,0,13.3309927,0,0,0,,,,50
81769493,0.5,1,0,0,0.0241758227,0,0,0,15.9349623,0,8.52035046,8.43064213,0,13.3309927,0,0,0,,,,50
81770619,0.5,1,0,0,0.0161172152,0,0,0,15.9349623,0,8.56254578,8.43064213,0,13.3238449,0,0,0,,,,50
81771745,0.5,1,0,0,0.0241758227,0,0,0,15.9304171,0,8.56254578,8.43064213,0,13.3238449,0,0,0,,,,50
81772871,0.5,1,0,0,0.0241758227,0,0,0,15.9349623,0,8.53240585,8.43064213,0,13.3309927,0,0,0,,,,50
81773997,0.5,1,0,0,0.0161172152,0,0,0,15.9349623,0,8.54144764,8.43064213,0,13.3238449,0,0,0,,,,50
81775127,0.5,1,0,0,0.0161172152,0,0,0,15.9349623,0,8.57761478,8.43064213,0,13.3238449,0,0,0,,,,50
81776253,0.5,1,0,0,0.0161172152,0,0,0,15.9349623,0,8.49925327,8.42219639,0,13.3238449,0,0,0,,,,50
81777379,0.5,1,0,0,0.0161172152,0,0,0,15.9304171,0,8.52637863,8.43064213,0,13.3309927,0,0,0,,,,50
81778505,0.5,1,0,0,0.0322344303,0,0,0,15.9349623,0,8.57761478,8.43064213,0,13.3238449,0,0,0,,,,50
81779631,0.5,1,0,0,0.0161172152,0,0,0,15.9349623,0,8.59268475,8.43064213,0,13.3238449,0,0,0,,,,50
81780961,0.5,1,0,0,0.0161172152,0,0,0,15.9349623,0,8.51130867,8.43064213,0,13.3238449,0,0,0,,,,50
81782087,0.5,1,0,0,0.0241758227,0,0,0,15.9349623,0,8.54747581,8.43064213,0,13.3238449,0,0,0,,,,50
81783218,0.5,1,0,0,0.0161172152,0,0,0,15.9304171,0,8.55350399,8.43064213,0,13.3238449,0,0,0,,,,50
81784344,0.5,1,0,0,0.0161172152,0,0,0,15.9349623,0,8.55048943,8.43064213,0,13.3381405,0,0,0,,,,50
81785470,0.5,1,0,0,0.0161172152,0,0,0,15.9349623,0,8.55350399,8.42853069,0,13.3238449,0,0,0,,,,50
81786596,0.5,1,0,0,0.0161172152,0,0,0,15.9349623,0,8.51130867,8.43064213,0,13.3309927,0,0,0,,,,50
81787722,0.5,1,0,0,0.0241758227,0,0,0,15.9349623,0,8.55350399,8.42641926,0,13.3309927,0,0,0,,,,50
81788848,0.5,1,0,0,0.0161172152,0,0,0,15.9349623,0,8.5444622,8.42853069,0,13.3238449,0,0,0,,,,50
81789978,0.5,1,0,0,0.0161172152,0,0,0,15.9349623,0,8.5444622,8.43064213,0,13.3238449,0,0,0,,,,50
81791104,0.5,1,0,0,0.0241758227,0,0,0,15.9349623,0,8.56254578,8.43064213,0,13.3309927,0,0,0,,,,50
81792230,0.5,1,0,0,0.0161172152,0,0,0,15.9349623,0,8.5444622,8.43064213,0,13.3238449,0,0,0,,,,50
81793356,0.5,1,0,0,0.0161172152,0,0,0,15.9349623,0,8.54144764,8.43064213,0,13.3309927,0,0,0,,,,50
81794482,0.5,1,0,0,0.0241758227,0,0,0,15.9349623,0,8.50829506,8.43064213,0,13.3309927,0,0,0,,,,50
81795608,0.5,1,0,0,0.0241758227,0,0,0,15.9349623,0,8.53843403,8.42853069,0,13.3238449,0,0,0,,,,50
81796734,0.5,1,0,0,0.0161172152,0,0,0,15.9349623,0,8.55048943,8.43064213,0,13.3238449,0,0,0,,,,50
81797865,0.5,1,0,0,0.0161172152,0,0,0,15.9304171,0,8.53843403,8.43064213,0,13.3309927,0,0,0,,,,50
81798991,0.5,1,0,0,0.0161172152,0,0,0,15.9304171,0,8.53843403,8.43064213,0,13.3238449,0,0,0,,,,50
81800117,0.5,1,0,0,0.0161172152,0,0,0,15.9349623,0,8.55048943,8.43064213,0,13.3309927,0,0,0,,,,50
81801243,0.5,1,0,0,0.0241758227,0,0,0,15.9349623,0,8.55953121,8.42853069,0,13.3238449,0,0,0,,,,50
81802573,0.5,1,0,0,0.0161172152,0,0,0,15.9349623,0,8.55350399,8.43064213,0,13.3238449,0,0,0,,,,50
81803699,0.5,1,0,0,0.0241758227,0,0,0,15.9349623,0,8.52939224,8.42853069,0,13.3309927,0,0,0,,,,50
81804825,0.5,1,0,0,0.0161172152,0,0,0,15.9304171,0,8.54747581,8.42853069,0,13.3238449,0,0,0,,,,50
81805955,0.5,1,0,0,0.0161172152,0,0,0,15.9304171,0,8.50528145,8.42853069,0,13.3238449,0,0,0,,,,50
81807081,0.5,1,0,0,0.0161172152,0,0,0,15.9349623,0,8.52939224,8.43064213,0,13.3095493,0,0,0,,,,50
81808207,0.5,1,0,0,0.0161172152,0,0,0,15.9395075,0,8.56254578,8.43064213,0,13.3309927,0,0,0,,,,50
81809333,0.5,1,0,0,0.0241758227,0,0,0,15.9349623,0,8.57761478,8.43064213,0,13.3238449,0,0,0,,,,50
81810459,0.5,1,0,0,0.0161172152,0,0,0,15.9349623,0,8.51130867,8.43064213,0,13.3238449,0,0,0,,,,50
81811585,0.5,1,0,0,0.0241758227,0,0,0,15.9349623,0,8.54747581,8.43064213,0,13.3309927,0,0,0,,,,50
81812711,0.5,1,0,0,0.0241758227,0,0,0,15.9395075,0,8.5444622,8.42853069,0,13.3238449,0,0,0,,,,50
81813842,0.5,1,0,0,0.0161172152,0,0,0,15.9349623,0,8.54747581,8.43064213,0,13.3238449,0,0,0,,,,50
81814968,0.5,1,0,0,0.0241758227,0,0,0,15.9349623,0,8.54144764,8.43064213,0,13.3238449,0,0,0,,,,50
81816094,0.5,1,0,0,0.0161172152,0,0,0,15.9349623,0,8.53542042,8.43064213,0,13.3309927,0,0,0,,,,50
81817220,0.5,1,0,0,0.0161172152,0,0,0,15.9304171,0,8.5444622,8.43064213,0,13.3309927,0,0,0,,,,50
81818345,0.5,1,0,0,0.0241758227,0,0,0,15.9349623,0,8.55350399,8.43275356,0,13.3309927,0,0,0,,,,50
81819471,0.5,1,0,0,0.0161172152,0,0,0,15.9349623,0,8.52637863,8.43064213,0,13.3238449,0,0,0,,,,50
81820602,0.5,1,0,0,0.0161172152,0,0,0,15.9349623,0,8.54144764,8.42430782,0,13.3309927,0,0,0,,,,50
81821728,0.5,1,0,0,0.0241758227,0,0,0,15.9349623,0,8.5444622,8.43064213,0,13.3309927,0,0,0,,,,50
81823058,0.5,1,0,0,0.0161172152,0,0,0,15.9349623,0,8.5444622,8.42853069,0,13.3095493,0,0,0,,,,50
81824184,0.5,1,0,0,0.0241758227,0,0,0,15.9395075,0,8.57460117,8.42641926,0,13.3238449,0,0,0,,,,50
81825310,0.5,1,0,0,0.0161172152,0,0,0,15.9349623,0,8.53240585,8.43064213,0,13.3238449,0,0,0,,,,50
81826436,0.5,1,0,0,0.0161172152,0,0,0,15.9349623,0,8.55048943,8.43275356,0,13.3238449,0,0,0,,,,50
81827562,0.5,1,0,0,0.0241758227,0,0,0,15.9349623,0,8.57158756,8.43064213,0,13.3309927,0,0,0,,,,50
81828693,0.5,1,0,0,0.0161172152,0,0,0,15.9349623,0,8.55048943,8.43064213,0,13.3309927,0,0,0,,,,50
81829819,0.5,1,0,0,0.0241758227,0,0,0,15.9349623,0,8.53240585,8.43064213,0,13.3309927,0,0,0,,,,50
81830945,0.5,1,0,0,0.0161172152,0,0,0,15.9349623,0,8.54144764,8.43064213,0,13.3238449,0,0,0,,,,50
81832071,0.5,1,0,0,0.0241758227,0,0,0,15.9349623,0,8.53843403,8.42430782,0,13.3024006,0,0,0,,,,50
81833196,0.5,1,0,0,0.0161172152,0,0,0,15.9395075,0,8.5565176,8.43064213,0,13.3238449,0,0,0,,,,50
81834323,0.5,1,0,0,0.0161172152,0,0,0,15.9304171,0,8.53843403,8.43064213,0,13.3309927,0,0,0,,,,50
81835449,0.5,1,0,0,0.0241758227,0,0,0,15.9349623,0,8.51733685,8.43064213,0,13.3238449,0,0,0,,,,50
81836579,0.5,1,0,0,0.0161172152,0,0,0,15.9395075,0,8.568573,8.43064213,0,13.3238449,0,0,0,,,,50
81837705,0.5,1,0,0,0.0161172152,0,0,0,15.9349623,0,8.52939224,8.43064213,0,13.3238449,0,0,0,,,,50
81838831,0.5,1,0,0,0.0241758227,0,0,0,15.9349623,0,8.49623966,8.43064213,0,13.3238449,0,0,0,,,,50
81839957,0.5,1,0,0,0.00805860758,0,0,0,15.9349623,0,8.54144764,8.42430782,0,13.3309927,0,0,0,,,,50
81841083,0.5,1,0,0,0.0241758227,0,0,0,15.9349623,0,8.53542042,8.42853069,0,13.3238449,0,0,0,,,,50
81842209,0.5,1,0,0,0.0161172152,0,0,0,15.9349623,0,8.55350399,8.43064213,0,13.3238449,0,0,0,,,,50
81843335,0.5,1,0,0,0.0161172152,0,0,0,15.9349623,0,8.52939224,8.42853069,0,13.3309927,0,0,0,,,,50
81844670,0.5,1,0,0,0.0161172152,0,0,0,15.9349623,0,8.55350399,8.42853069,0,13.3238449,0,0,0,,,,50
81845796,0.5,1,0,0,0.0241758227,0,0,0,15.9349623,0,8.52637863,8.43064213,0,13.3238449,0,0,0,,,,50
81846922,0.5,1,0,0,0.0241758227,0,0,0,15.9349623,0,8.54144764,8.43064213,0,13.3238449,0,0,0,,,,50
81848048,0.5,1,0,0,0.0161172152,0,0,0,15.9395075,0,8.54144764,8.43064213,0,13.3095493,0,0,0,,,,50
81849173,0.5,1,0,0,0.0161172152,0,0,0,15.9395075,0,8.55048943,8.43064213,0,13.3238449,0,0,0,,,,50
81850299,0.5,1,0,0,0.0161172152,0,0,0,15.9349623,0,8.52035046,8.43064213,0,13.3238449,0,0,0,,,,50
81851430,0.5,1,0,0,0.0161172152,0,0,0,15.9304171,0,8.568573,8.43064213,0,13.3238449,0,0,0,,,,50
81852556,0.5,1,0,0,0.0161172152,0,0,0,15.9349623,0,8.57761478,8.43064213,0,13.3309927,0,0,0,,,,50
81853682,0.5,1,0,0,0.0161172152,0,0,0,15.9304171,0,8.53240585,8.43064213,0,13.3309927,0,0,0,,,,50
81854808,0.5,1,0,0,0.0161172152,0,0,0,15.9349623,0,8.52637863,8.43064213,0,13.3238449,0,0,0,,,,50
81855934,0.5,1,0,0,0.0161172152,0,0,0,15.9349623,0,8.50829506,8.43064213,0,13.3309927,0,0,0,,,,50
81857060,0.5,1,0,0,0.0241758227,0,0,0,15.9349623,0,8.53240585,8.42853069,0,13.3024006,0,0,0,,,,50
81858186,0.5,1,0,0,0.00805860758,0,0,0,15.9395075,0,8.56555939,8.43275356,0,13.3309927,0,0,0,,,,50
81859317,0.5,1,0,0,0.0241758227,0,0,0,15.9349623,0,8.54144764,8.43064213,0,13.3238449,0,0,0,,,,50
81860443,0.5,1,0,0,0.0241758227,0,0,0,15.9349623,0,8.5565176,8.43064213,0,13.3309927,0,0,0,,,,50
81861569,0.5,1,0,0,0.0241758227,0,0,0,15.9349623,0,8.55048943,8.43064213,0,13.3309927,0,0,0,,,,50
81862694,0.5,1,0,0,0.0161172152,0,0,0,15.9349623,0,8.55350399,8.43064213,0,13.3309927,0,0,0,,,,50
81863820,0.5,1,0,0,0.0241758227,0,0,0,15.9349623,0,8.57460117,8.43064213,0,13.3309927,0,0,0,,,,50
81865150,0.5,1,0,0,0.0161172152,0,0,0,15.9349623,0,8.52637863,8.43064213,0,13.3238449,0,0,0,,,,50
81866276,0.5,1,0,0,0.0241758227,0,0,0,15.9349623,0,8.55953121,8.43064213,0,13.3309927,0,0,0,,,,50
81867407,0.5,1,0,0,0.0241758227,0,0,0,15.9395075,0,8.54747581,8.42853069,0,13.3309927,0,0,0,,,,50
81868533,0.5,1,0,0,0.0161172152,0,0,0,15.9304171,0,8.55048943,8.42853069,0,13.3309927,0,0,0,,,,50
81869659,0.5,1,0,0,0.0161172152,0,0,0,15.9349623,0,8.58062935,8.42853069,0,13.3309927,0,0,0,,,,50
81870785,0.5,1,0,0,0.0241758227,0,0,0,15.9349623,0,8.5444622,8.43064213,0,13.3309927,0,0,0,,,,50
81871911,0.5,1,0,0,0.0161172152,0,0,0,15.9349623,0,8.5565176,8.43064213,0,13.3309927,0,0,0,,,,50
81873037,0.5,1,0,0,0.0161172152,0,0,0,15.9349623,0,8.52336502,8.42853069,0,13.3238449,0,0,0,,,,50
81874163,0.5,1,0,0,0.0241758227,0,0,0,15.9349623,0,8.568573,8.43064213,0,13.3238449,0,0,0,,,,50
81875294,0.5,1,0,0,0.0161172152,0,0,0,15.9349623,0,8.52035046,8.42853069,0,13.3309927,0,0,0,,,,50
81876420,0.5,1,0,0,0.0241758227,0,0,0,15.9349623,0,8.52939224,8.42641926,0,13.3238449,0,0,0,,,,50
81877545,0.5,1,0,0,0.0161172152,0,0,0,15.9349623,0,8.54144764,8.43064213,0,13.3309927,0,0,0,,,,50
81878671,0.5,1,0,0,0.0322344303,0,0,0,15.9349623,0,8.53240585,8.43064213,0,13.3238449,0,0,0,,,,50
81879797,0.5,1,0,0,0.0161172152,0,0,0,15.9349623,0,8.55350399,8.43064213,0,13.3309927,0,0,0,,,,50
81880923,0.5,1,0,0,0.0161172152,0,0,0,15.9395075,0,8.54747581,8.42853069,0,13.3309927,0,0,0,,,,50
81882054,0.5,1,0,0,0.0161172152,0,0,0,15.9395075,0,8.54747581,8.43064213,0,13.3166971,0,0,0,,,,50
81883180,0.5,1,0,0,0.0241758227,0,0,0,15.9395075,0,8.56254578,8.43064213,0,13.3309927,0,0,0,,,,50
81884306,0.5,1,0,0,0.0161172152,0,0,0,15.9349623,0,8.54144764,8.42641926,0,13.3309927,0,0,0,,,,50
81885432,0.5,1,0,0,0.0161172152,0,0,0,15.9349623,0,8.5565176,8.42853069,0,13.3309927,0,0,0,,,,50
81886762,0.5,1,0,0,0.0241758227,0,0,0,15.9395075,0,8.55350399,8.43064213,0,13.3309927,0,0,0,,,,50
81887888,0.5,1,0,0,0.0161172152,0,0,0,15.9304171,0,8.568573,8.42641926,0,13.3309927,0,0,0,,,,50
81889014,0.5,1,0,0,0.0241758227,0,0,0,15.9349623,0,8.5444622,8.42853069,0,13.3238449,0,0,0,,,,50
81890145,0.5,1,0,0,0.0161172152,0,0,0,15.9349623,0,8.53843403,8.43064213,0,13.3309927,0,0,0,,,,50
81891270,0.5,1,0,0,0.0241758227,0,0,0,15.9349623,0,8.54747581,8.43064213,0,13.3309927,0,0,0,,,,50
81892396,0.5,1,0,0,0.0241758227,0,0,0,15.9349623,0,8.52035046,8.43064213,0,13.3309927,0,0,0,,,,50
81893522,0.5,1,0,0,0.0241758227,0,0,0,15.9395075,0,8.55350399,8.42219639,0,13.3238449,0,0,0,,,,50
81894648,0.5,1,0,0,0.0241758227,0,0,0,15.9349623,0,8.53240585,8.43064213,0,13.3309927,0,0,0,,,,50
81895774,0.5,1,0,0,0.0161172152,0,0,0,15.9349623,0,8.53240585,8.42430782,0,13.3238449,0,0,0,,,,50
81896900,0.5,1,0,0,0.0241758227,0,0,0,15.9349623,0,8.52336502,8.43064213,0,13.3238449,0,0,0,,,,50
81898031,0.5,1,0,0,0.0161172152,0,0,0,15.9349623,0,8.50829506,8.43064213,0,13.3166971,0,0,0,,,,50
81899157,0.5,1,0,0,0.0161172152,0,0,0,15.9349623,0,8.52637863,8.43064213,0,13.3238449,0,0,0,,,,50
81900283,0.5,1,0,0,0.0241758227,0,0,0,15.9349623,0,8.55350399,8.43064213,0,13.3238449,0,0,0,,,,50
81901409,0.5,1,0,0,0.0161172152,0,0,0,15.9349623,0,8.5444622,8.42853069,0,13.3309927,0,0,0,,,,50
81902535,0.5,1,0,0,0.0161172152,0,0,0,15.9349623,0,8.5444622,8.43064213,0,13.3309927,0,0,0,,,,50
81903661,0.5,1,0,0,0.0241758227,0,0,0,15.9349623,0,8.52939224,8.42430782,0,13.3238449,0,0,0,,,,50
81904791,0.5,1,0,0,0.0161172152,0,0,0,15.9304171,0,8.5444622,8.43064213,0,13.3309927,0,0,0,,,,50
81905917,0.5,1,0,0,0.0241758227,0,0,0,15.9349623,0,8.52637863,8.43064213,0,13.3238449,0,0,0,,,,50
81907247,0.5,1,0,0,0.0322344303,0,0,0,15.9349623,0,8.53542042,8.43064213,0,13.3309927,0,0,0,,,,50
81908373,0.5,1,0,0,0.0241758227,0,0,0,15.9349623,0,8.56254578,8.43064213,0,13.3238449,0,0,0,,,,50
81909499,0.5,1,0,0,0.0241758227,0,0,0,15.9349623,0,8.56254578,8.42853069,0,13.3238449,0,0,0,,,,50
81910625,0.5,1,0,0,0.0241758227,0,0,0,15.9349623,0,8.568573,8.43064213,0,13.3309927,0,0,0,,,,50
81911751,0.5,1,0,0,0.0161172152,0,0,0,15.9349623,0,8.5565176,8.43064213,0,13.3309927,0,0,0,,,,50
81912882,0.5,1,0,0,0.0161172152,0,0,0,15.9349623,0,8.53843403,8.42219639,0,13.3309927,0,0,0,,,,50
81914008,0.5,1,0,0,0.0241758227,0,0,0,15.9349623,0,8.568573,8.43064213,0,13.3309927,0,0,0,,,,50
81915134,0.5,1,0,0,0.0161172152,0,0,0,15.9349623,0,8.53843403,8.42853069,0,13.3309927,0,0,0,,,,50
81916260,0.5,1,0,0,0.0161172152,0,0,0,15.9349623,0,8.59268475,8.43064213,0,13.3309927,0,0,0,,,,50
81917385,0.5,1,0,0,0.0161172152,0,0,0,15.9349623,0,8.56555939,8.43064213,0,13.3238449,0,0,0,,,,50
81918511,0.5,1,0,0,0.0161172152,0,0,0,15.9349623,0,8.58062935,8.43064213,0,13.3309927,0,0,0,,,,50
81919637,0.5,1,0,0,0.0161172152,0,0,0,15.9349623,0,8.54144764,8.42853069,0,13.3309927,0,0,0,,,,50
81920768,0.5,1,0,0,0.0241758227,0,0,0,15.9349623,0,8.54747581,8.43064213,0,13.3309927,0,0,0,,,,50
81921894,0.5,1,0,0,0.0161172152,0,0,0,15.9349623,0,8.53843403,8.43064213,0,13.3309927,0,0,0,,,,50
81923020,0.5,1,0,0,0.0161172152,0,0,0,15.9349623,0,8.55048943,8.43064213,0,13.3309927,0,0,0,,,,50
81924146,0.5,1,0,0,0.0161172152,0,0,0,15.9349623,0,8.54747581,8.43064213,0,13.3238449,0,0,0,,,,50
81925272,0.5,1,0,0,0.0161172152,0,0,0,15.9395075,0,8.52939224,8.43064213,0,13.3309927,0,0,0,,,,50
81926398,0.5,1,0,0,0.0241758227,0,0,0,15.9349623,0,8.57158756,8.43064213,0,13.3309927,0,0,0,,,,50
81927524,0.5,1,0,0,0.0161172152,0,0,0,15.9349623,0,8.53843403,8.43064213,0,13.3309927,0,0,0,,,,50
81928859,0.5,1,0,0,0.0161172152,0,0,0,15.9349623,0,8.56254578,8.43064213,0,13.3309927,0,0,0,,,,50
81929985,0.5,1,0,0,0.0161172152,0,0,0,15.9349623,0,8.5444622,8.43064213,0,13.3309927,0,0,0,,,,50
81931111,0.5,1,0,0,0.0161172152,0,0,0,15.9304171,0,8.5565176,8.42853069,0,13.3309927,0,0,0,,,,50
81932237,0.5,1,0,0,0.0161172152,0,0,0,15.9304171,0,8.54747581,8.42430782,0,13.3238449,0,0,0,,,,50
81933362,0.5,1,0,0,0.0241758227,0,0,0,15.9349623,0,8.56555939,8.43064213,0,13.3238449,0,0,0,,,,50
81934488,0.5,1,0,0,0.0241758227,0,0,0,15.9349623,0,8.56555939,8.42853069,0,13.3238449,0,0,0,,,,50
81935619,0.5,1,0,0,0.0161172152,0,0,0,15.9349623,0,8.51733685,8.43064213,0,13.3238449,0,0,0,,,,50
81936745,0.5,1,0,0,0.0161172152,0,0,0,15.9349623,0,8.54747581,8.43064213,0,13.3309927,0,0,0,,,,50
81937871,0.5,1,0,0,0.0241758227,0,0,0,15.9349623,0,8.54144764,8.43064213,0,13.3309927,0,0,0,,,,50
81938997,0.5,1,0,0,0.0161172152,0,0,0,15.9349623,0,8.54144764,8.43064213,0,13.3238449,0,0,0,,,,50
81940123,0.5,1,0,0,0.0161172152,0,0,0,15.9349623,0,8.54747581,8.42430782,0,13.3309927,0,0,0,,,,50
81941249,0.5,1,0,0,0.0241758227,0,0,0,15.9349623,0,8.568573,8.43064213,0,13.3309927,0,0,0,,,,50
81942375,0.5,1,0,0,0.0241758227,0,0,0,15.9349623,0,8.54144764,8.43064213,0,13.3238449,0,0,0,,,,50
81943506,0.5,1,0,0,0.0161172152,0,0,0,15.9349623,0,8.56555939,8.43064213,0,13.3238449,0,0,0,,,,50
81944632,0.5,1,0,0,0.0322344303,0,0,0,15.9349623,0,8.51733685,8.43064213,0,13.3309927,0,0,0,,,,50
81945757,0.5,1,0,0,0.0161172152,0,0,0,15.9349623,0,8.5565176,8.43064213,0,13.3238449,0,0,0,,,,50
81946883,0.5,1,0,0,0.0241758227,0,0,0,15.9349623,0,8.52637863,8.43064213,0,13.3238449,0,0,0,,,,50
81948009,0.5,1,0,0,0.00805860758,0,0,0,15.9349623,0,8.52637863,8.42219639,0,13.3238449,0,0,0,,,,50
81949339,0.5,1,0,0,0.0161172152,0,0,0,15.9349623,0,8.55048943,8.43064213,0,13.3238449,0,0,0,,,,50
81950465,0.5,1,0,0,0.0241758227,0,0,0,15.9304171,0,8.55048943,8.43064213,0,13.3238449,0,0,0,,,,50
81951596,0.5,1,0,0,0.0241758227,0,0,0,15.9349623,0,8.54144764,8.42430782,0,13.3309927,0,0,0,,,,50
81952722,0.5,1,0,0,0.0241758227,0,0,0,15.9349623,0,8.57460117,8.43064213,0,13.3309927,0,0,0,,,,50
81953848,0.5,1,0,0,0.0241758227,0,0,0,15.9349623,0,8.57158756,8.42853069,0,13.3238449,0,0,0,,,,50
81954974,0.5,1,0,0,0.0161172152,0,0,0,15.9349623,0,8.59268475,8.43064213,0,13.3238449,0,0,0,,,,50
81956100,0.5,1,0,0,0.0241758227,0,0,0,15.9349623,0,8.55350399,8.43064213,0,13.3238449,0,0,0,,,,50
81957226,0.5,1,0,0,0.0241758227,0,0,0,15.9395075,0,8.56254578,8.43064213,0,13.3238449,0,0,0,,,,50
81958352,0.5,1,0,0,0.0241758227,0,0,0,15.9349623,0,8.54144764,8.43064213,0,13.3238449,0,0,0,,,,50
81959482,0.5,1,0,0,0.0161172152,0,0,0,15.9349623,0,8.568573,8.43064213,0,13.3238449,0,0,0,,,,50
81960608,0.5,1,0,0,0.0241758227,0,0,0,15.9395075,0,8.53240585,8.43064213,0,13.3309927,0,0,0,,,,50
81961734,0.5,1,0,0,0.0241758227,0,0,0,15.9349623,0,8.57158756,8.43064213,0,13.3238449,0,0,0,,,,50
81962860,0.5,1,0,0,0.0161172152,0,0,0,15.9349623,0,8.55048943,8.43064213,0,13.3238449,0,0,0,,,,50
81963986,0.5,1,0,0,0.0241758227,0,0,0,15.9349623,0,8.51733685,8.43064213,0,13.3238449,0,0,0,,,,50
81965112,0.5,1,0,0,0.0161172152,0,0,0,15.9349623,0,8.5444622,8.43064213,0,13.3309927,0,0,0,,,,50
81966243,0.5,1,0,0,0.0241758227,0,0,0,15.9349623,0,8.54747581,8.43064213,0,13.3238449,0,0,0,,,,50
81967369,0.5,1,0,0,0.0241758227,0,0,0,15.9395075,0,8.57460117,8.42641926,0,13.3309927,0,0,0,,,,50
81968495,0.5,1,0,0,0.0241758227,0,0,0,15.9349623,0,8.55048943,8.43064213,0,13.3309927,0,0,0,,,,50
81969825,0.5,1,0,0,0.0241758227,0,0,0,15.9349623,0,8.53240585,8.42853069,0,13.3238449,0,0,0,,,,50
81970951,0.5,1,0,0,0.0161172152,0,0,0,15.9349623,0,8.5444622,8.42430782,0,13.3309927,0,0,0,,,,50
81972077,0.5,1,0,0,0.0161172152,0,0,0,15.9349623,0,8.52336502,8.43064213,0,13.3095493,0,0,0,,,,50
81973203,0.5,1,0,0,0.0241758227,0,0,0,15.9349623,0,8.54144764,8.42853069,0,13.3309927,0,0,0,,,,50
81974333,0.5,1,0,0,0.0161172152,0,0,0,15.9349623,0,8.54747581,8.43064213,0,13.3309927,0,0,0,,,,50
81975459,0.5,1,0,0,0.0241758227,0,0,0,15.9349623,0,8.52637863,8.43064213,0,13.3309927,0,0,0,,,,50
81976585,0.5,1,0,0,0.0241758227,0,0,0,15.9349623,0,8.58062935,8.43064213,0,13.3238449,0,0,0,,,,50
81977711,0.5,1,0,0,0.0241758227,0,0,0,15.9349623,0,8.568573,8.43064213,0,13.3238449,0,0,0,,,,50
81978837,0.5,1,0,0,0.0161172152,0,0,0,15.9349623,0,8.54747581,8.42641926,0,13.3238449,0,0,0,,,,50
81979963,0.5,1,0,0,0.0161172152,0,0,0,15.9349623,0,8.55048943,8.43064213,0,13.3238449,0,0,0,,,,50
81981089,0.5,1,0,0,0.0241758227,0,0,0,15.9349623,0,8.55953121,8.42853069,0,13.3309927,0,0,0,,,,50
81982220,0.5,1,0,0,0.0161172152,0,0,0,15.9395075,0,8.54747581,8.43064213,0,13.3238449,0,0,0,,,,50
81983346,0.5,1,0,0,0.0161172152,0,0,0,15.9349623,0,8.54144764,8.43064213,0,13.3309927,0,0,0,,,,50
81984472,0.5,1,0,0,0.0161172152,0,0,0,15.9349623,0,8.50528145,8.42853069,0,13.3238449,0,0,0,,,,50
81985598,0.5,1,0,0,0.0241758227,0,0,0,15.9349623,0,8.53240585,8.43064213,0,13.3238449,0,0,0,,,,50
81986724,0.5,1,0,0,0.0161172152,0,0,0,15.9349623,0,8.49623966,8.43064213,0,13.3309927,0,0,0,,,,50
81987850,0.5,1,0,0,0.0161172152,0,0,0,15.9349623,0,8.55350399,8.43064213,0,13.3309927,0,0,0,,,,50
81988976,0.5,1,0,0,0.0161172152,0,0,0,15.9349623,0,8.57761478,8.43064213,0,13.3309927,0,0,0,,,,50
81990106,0.5,1,0,0,0.0161172152,0,0,0,15.9349623,0,8.56254578,8.42853069,0,13.3238449,0,0,0,,,,50
81991436,0.5,1,0,0,0.0241758227,0,0,0,15.9349623,0,8.57761478,8.43064213,0,13.3238449,0,0,0,,,,50
81992562,0.5,1,0,0,0.0161172152,0,0,0,15.9349623,0,8.52637863,8.43064213,0,13.3238449,0,0,0,,,,50
81993688,0.5,1,0,0,0.0241758227,0,0,0,15.9349623,0,8.5565176,8.43064213,0,13.3309927,0,0,0,,,,50
81994814,0.5,1,0,0,0.0241758227,0,0,0,15.9349623,0,8.58665657,8.42853069,0,13.3309927,0,0,0,,,,50
81995940,0.5,1,0,0,0.0161172152,0,0,0,15.9349623,0,8.5444622,8.43064213,0,13.3238449,0,0,0,,,,50
81997071,0.5,1,0,0,0.0161172152,0,0,0,15.9349623,0,8.53240585,8.43064213,0,13.3024006,0,0,0,,,,50
81998197,0.5,1,0,0,0.0161172152,0,0,0,15.9349623,0,8.55350399,8.43064213,0,13.3309927,0,0,0,,,,50
81999323,0.5,1,0,0,0.0161172152,0,0,0,15.9304171,0,8.53542042,8.43064213,0,13.3309927,0,0,0,,,,50
82000449,0.5,1,0,0,0.0161172152,0,0,0,15.9349623,0,8.52035046,8.43064213,0,13.3238449,0,0,0,,,,50
82001575,0.5,1,0,0,0.0161172152,0,0,0,15.9349623,0,8.54747581,8.43064213,0,13.3309927,0,0,0,,,,50
82002701,0.5,1,0,0,0.0161172152,0,0,0,15.9349623,0,8.50528145,8.43064213,0,13.3309927,0,0,0,,,,50
82003827,0.5,1,0,0,0.0241758227,0,0,0,15.9349623,0,8.54144764,8.43064213,0,13.3238449,0,0,0,,,,50
82004957,0.5,1,0,0,0.0241758227,0,0,0,15.9349623,0,8.55048943,8.43064213,0,13.3309927,0,0,0,,,,50
82006083,0.5,1,0,0,0.0161172152,0,0,0,15.9349623,0,8.53542042,8.42853069,0,13.3309927,0,0,0,,,,50
82007209,0.5,1,0,0,0.0241758227,0,0,0,15.9304171,0,8.56555939,8.43064213,0,13.3309927,0,0,0,,,,50
82008335,0.5,1,0,0,0.0241758227,0,0,0,15.9349623,0,8.54144764,8.43064213,0,13.3166971,0,0,0,,,,50
82009461,0.5,1,0,0,0.0161172152,0,0,0,15.9349623,0,8.54747581,8.42641926,0,13.3238449,0,0,0,,,,50
82010587,0.5,1,0,0,0.0241758227,0,0,0,15.9349623,0,8.53542042,8.43064213,0,13.3309927,0,0,0,,,,50
82011917,0.5,1,0,0,0.0161172152,0,0,0,15.9349623,0,8.57761478,8.43064213,0,13.3309927,0,0,0,,,,50
82013048,0.5,1,0,0,0.0241758227,0,0,0,15.9349623,0,8.56555939,8.42641926,0,13.3166971,0,0,0,,,,50
82014174,0.5,1,0,0,0.0241758227,0,0,0,15.9349623,0,8.54747581,8.43064213,0,13.3309927,0,0,0,,,,50
82015300,0.5,1,0,0,0.0241758227,0,0,0,15.9349623,0,8.56555939,8.43064213,0,13.3309927,0,0,0,,,,50
82016426,0.5,1,0,0,0.0161172152,0,0,0,15.9349623,0,8.54144764,8.43064213,0,13.3238449,0,0,0,,,,50
82017552,0.5,1,0,0,0.0161172152,0,0,0,15.9349623,0,8.56254578,8.43064213,0,13.3238449,0,0,0,,,,50
82018678,0.5,1,0,0,0.0161172152,0,0,0,15.9349623,0,8.56555939,8.42853069,0,13.3309927,0,0,0,,,,50
82019804,0.5,1,0,0,0.0241758227,0,0,0,15.9349623,0,8.55048943,8.43064213,0,13.3238449,0,0,0,,,,50
82020934,0.5,1,0,0,0.0241758227,0,0,0,15.9349623,0,8.52939224,8.43064213,0,13.3238449,0,0,0,,,,50
82022060,0.5,1,0,0,0.0161172152,0,0,0,15.9349623,0,8.54747581,8.43064213,0,13.3095493,0,0,0,,,,50
82023186,0.5,1,0,0,0.0241758227,0,0,0,15.9349623,0,8.56555939,8.43275356,0,13.3238449,0,0,0,,,,50
82024312,0.5,1,0,0,0.0241758227,0,0,0,15.9349623,0,8.54144764,8.43064213,0,13.3309927,0,0,0,,,,50
82025438,0.5,1,0,0,0.0161172152,0,0,0,15.9395075,0,8.53240585,8.43064213,0,13.3238449,0,0,0,,,,50
82026564,0.5,1,0,0,0.0241758227,0,0,0,15.9349623,0,8.54747581,8.43064213,0,13.3238449,0,0,0,,,,50
82027695,0.5,1,0,0,0.0161172152,0,0,0,15.9349623,0,8.52939224,8.43064213,0,13.3309927,0,0,0,,,,50
82028821,0.5,1,0,0,0.0161172152,0,0,0,15.9349623,0,8.55953121,8.42853069,0,13.3309927,0,0,0,,,,50
82029947,0.5,1,0,0,0.0161172152,0,0,0,15.9349623,0,8.55048943,8.43064213,0,13.3238449,0,0,0,,,,50
82031073,0.5,1,0,0,0.0322344303,0,0,0,15.9349623,0,8.5565176,8.43064213,0,13.3238449,0,0,0,,,,50
82032199,0.5,1,0,0,0.0161172152,0,0,0,15.9349623,0,8.55350399,8.43064213,0,13.3309927,0,0,0,,,,50
82033529,0.5,1,0,0,0.0241758227,0,0,0,15.9395075,0,8.53843403,8.43064213,0,13.3238449,0,0,0,,,,50
82034655,0.5,1,0,0,0.0161172152,0,0,0,15.9349623,0,8.55953121,8.43064213,0,13.3238449,0,0,0,,,,50
82035785,0.5,1,0,0,0.0161172152,0,0,0,15.9349623,0,8.53240585,8.43064213,0,13.3309927,0,0,0,,,,50
82036911,0.5,1,0,0,0.0241758227,0,0,0,15.9349623,0,8.57158756,8.43064213,0,13.3309927,0,0,0,,,,50
82038037,0.5,1,0,0,0.0161172152,0,0,0,15.9349623,0,8.55953121,8.43064213,0,13.3166971,0,0,0,,,,50
82039163,0.5,1,0,0,0.0241758227,0,0,0,15.9349623,0,8.54144764,8.43064213,0,13.3309927,0,0,0,,,,50
82040289,0.5,1,0,0,0.0161172152,0,0,0,15.9349623,0,8.54747581,8.42853069,0,13.3238449,0,0,0,,,,50
82041415,0.5,1,0,0,0.0161172152,0,0,0,15.9349623,0,8.52939224,8.43064213,0,13.3309927,0,0,0,,,,50
82042541,0.5,1,0,0,0.0322344303,0,0,0,15.9349623,0,8.51130867,8.43064213,0,13.3238449,0,0,0,,,,50
82043672,0.5,1,0,0,0.0161172152,0,0,0,15.9349623,0,8.55350399,8.43064213,0,13.3238449,0,0,0,,,,50
82044798,0.5,1,0,0,0.0161172152,0,0,0,15.9349623,0,8.50528145,8.43064213,0,13.3238449,0,0,0,,,,50
82045924,0.5,1,0,0,0.0161172152,0,0,0,15.9395075,0,8.5444622,8.42430782,0,13.3309927,0,0,0,,,,50
82047050,0.5,1,0,0,0.0161172152,0,0,0,15.9349623,0,8.52939224,8.43064213,0,13.3095493,0,0,0,,,,50
82048175,0.5,1,0,0,0.0241758227,0,0,0,15.9349623,0,8.54747581,8.43064213,0,13.3238449,0,0,0,,,,50
82049301,0.5,1,0,0,0.0241758227,0,0,0,15.9349623,0,8.5444622,8.43064213,0,13.3309927,0,0,0,,,,50
82050432,0.5,1,0,0,0.0241758227,0,0,0,15.9349623,0,8.50528145,8.43064213,0,13.3238449,0,0,0,,,,50
82051558,0.5,1,0,0,0.0161172152,0,0,0,15.9349623,0,8.5444622,8.42219639,0,13.3309927,0,0,0,,,,50
82052684,0.5,1,0,0,0.0161172152,0,0,0,15.9349623,0,8.54144764,8.43064213,0,13.3238449,0,0,0,,,,50
82054014,0.5,1,0,0,0.0161172152,0,0,0,15.9349623,0,8.5565176,8.43064213,0,13.3309927,0,0,0,,,,50
82055140,0.5,1,0,0,0.0241758227,0,0,0,15.9395075,0,8.58062935,8.42853069,0,13.3309927,0,0,0,,,,50
82056266,0.5,1,0,0,0.0161172152,0,0,0,15.9349623,0,8.5444622,8.43064213,0,13.3309927,0,0,0,,,,50
82057392,0.5,1,0,0,0.0241758227,0,0,0,15.9349623,0,8.52939224,8.43064213,0,13.3309927,0,0,0,,,,50
82058522,0.5,1,0,0,0.0161172152,0,0,0,15.9349623,0,8.55953121,8.43064213,0,13.3309927,0,0,0,,,,50
82059648,0.5,1,0,0,0.0241758227,0,0,0,15.9349623,0,8.54747581,8.43064213,0,13.3309927,0,0,0,,,,50
82060774,0.5,1,0,0,0.0161172152,0,0,0,15.9349623,0,8.53542042,8.43064213,0,13.3309927,0,0,0,,,,50
82061900,0.5,1,0,0,0.0161172152,0,0,0,15.9395075,0,8.57460117,8.43064213,0,13.3238449,0,0,0,,,,50
82063026,0.5,1,0,0,0.0322344303,0,0,0,15.9349623,0,8.57460117,8.42853069,0,13.3238449,0,0,0,,,,50
82064152,0.5,1,0,0,0.0161172152,0,0,0,15.9349623,0,8.5444622,8.43064213,0,13.3309927,0,0,0,,,,50
82065278,0.5,1,0,0,0.00805860758,0,0,0,15.9349623,0,8.55350399,8.43064213,0,13.3238449,0,0,0,,,,50
82066409,0.5,1,0,0,0.0241758227,0,0,0,15.9349623,0,8.53542042,8.43064213,0,13.3309927,0,0,0,,,,50
82067535,0.5,1,0,0,0.0241758227,0,0,0,15.9349623,0,8.54144764,8.43064213,0,13.3309927,0,0,0,,,,50
82068661,0.5,1,0,0,0.0161172152,0,0,0,15.9349623,0,8.54144764,8.42219639,0,13.3238449,0,0,0,,,,50
82069787,0.5,1,0,0,0.0241758227,0,0,0,15.9349623,0,8.55048943,8.43064213,0,13.3238449,0,0,0,,,,50
82070913,0.5,1,0,0,0.0161172152,0,0,0,15.9349623,0,8.52035046,8.43064213,0,13.3309927,0,0,0,,,,50
82072039,0.5,1,0,0,0.0161172152,0,0,0,15.9349623,0,8.55953121,8.42853069,0,13.3166971,0,0,0,,,,50
82073165,0.5,1,0,0,0.00805860758,0,0,0,15.9349623,0,8.55048943,8.42853069,0,13.3238449,0,0,0,,,,50
82074295,0.5,1,0,0,0.0161172152,0,0,0,15.9304171,0,8.56254578,8.43064213,0,13.3309927,0,0,0,,,,50
82075625,0.5,1,0,0,0.0161172152,0,0,0,15.9304171,0,8.55953121,8.43064213,0,13.3238449,0,0,0,,,,50
82076751,0.5,1,0,0,0.0161172152,0,0,0,15.9349623,0,8.5444622,8.43064213,0,13.3309927,0,0,0,,,,50
82077877,0.5,1,0,0,0.00805860758,0,0,0,15.9349623,0,8.53542042,8.43064213,0,13.3309927,0,0,0,,,,50
82079003,0.5,1,0,0,0.0161172152,0,0,0,15.9349623,0,8.5444622,8.42853069,0,13.3309927,0,0,0,,,,50
82080129,0.5,1,0,0,0.0161172152,0,0,0,15.9349623,0,8.5444622,8.42853069,0,13.3309927,0,0,0,,,,50
82081260,0.5,1,0,0,0.0161172152,0,0,0,15.9349623,0,8.55048943,8.43064213,0,13.3309927,0,0,0,,,,50
82082386,0.5,1,0,0,0.0161172152,0,0,0,15.9349623,0,8.56254578,8.43064213,0,13.3238449,0,0,0,,,,50
82083512,0.5,1,0,0,0.0241758227,0,0,0,15.9349623,0,8.57158756,8.43064213,0,13.3309927,0,0,0,,,,50
82084638,0.5,1,0,0,0.0161172152,0,0,0,15.9349623,0,8.49623966,8.43064213,0,13.3309927,0,0,0,,,,50
82085764,0.5,1,0,0,0.0241758227,0,0,0,15.9349623,0,8.5565176,8.43275356,0,13.3238449,0,0,0,,,,50
82086890,0.5,1,0,0,0.0161172152,0,0,0,15.9349623,0,8.54747581,8.42853069,0,13.3238449,0,0,0,,,,50
82088016,0.5,1,0,0,0.0161172152,0,0,0,15.9349623,0,8.54747581,8.42853069,0,13.3238449,0,0,0,,,,50
82089146,0.5,1,0,0,0.0241758227,0,0,0,15.9349623,0,8.50226688,8.42853069,0,13.3309927,0,0,0,,,,50
82090272,0.5,1,0,0,0.0161172152,0,0,0,15.9349623,0,8.53240585,8.43064213,0,13.3309927,0,0,0,,,,50
82091398,0.5,1,0,0,0.0241758227,0,0,0,15.9349623,0,8.50528145,8.43064213,0,13.3238449,0,0,0,,,,50
82092524,0.5,1,0,0,0.0241758227,0,0,0,15.9349623,0,8.52637863,8.43064213,0,13.3309927,0,0,0,,,,50
82093650,0.5,1,0,0,0.0241758227,0,0,0,15.9349623,0,8.53843403,8.43064213,0,13.3309927,0,0,0,,,,50
82094776,0.5,1,0,0,0.0241758227,0,0,0,15.9349623,0,8.5444622,8.43064213,0,13.3309927,0,0,0,,,,50
82096106,0.5,1,0,0,0.0161172152,0,0,0,15.9349623,0,8.52637863,8.42853069,0,13.3309927,0,0,0,,,,50
82097237,0.5,1,0,0,0.0161172152,0,0,0,15.9304171,0,8.53843403,8.43064213,0,13.3238449,0,0,0,,,,50
82098363,0.5,1,0,0,0.0241758227,0,0,0,15.9349623,0,8.49623966,8.43064213,0,13.3238449,0,0,0,,,,50
82099489,0.5,1,0,0,0.0161172152,0,0,0,15.9349623,0,8.55048943,8.42430782,0,13.3309927,0,0,0,,,,50
82100615,0.5,1,0,0,0.0161172152,0,0,0,15.9349623,0,8.52336502,8.42853069,0,13.3309927,0,0,0,,,,50
82101741,0.5,1,0,0,0.0241758227,0,0,0,15.9349623,0,8.5565176,8.42853069,0,13.3309927,0,0,0,,,,50
82102867,0.5,1,0,0,0.0161172152,0,0,0,15.9349623,0,8.52336502,8.42853069,0,13.3309927,0,0,0,,,,50
82103993,0.5,1,0,0,0.0241758227,0,0,0,15.9349623,0,8.568573,8.42853069,0,13.3238449,0,0,0,,,,50
82105123,0.5,1,0,0,0.0161172152,0,0,0,15.9304171,0,8.54747581,8.43064213,0,13.3309927,0,0,0,,,,50
82106249,0.5,1,0,0,0.0241758227,0,0,0,15.9395075,0,8.52336502,8.42853069,0,13.3309927,0,0,0,,,,50
82107375,0.5,1,0,0,0.0241758227,0,0,0,15.9349623,0,8.5565176,8.42641926,0,13.3309927,0,0,0,,,,50
82108501,0.5,1,0,0,0.0161172152,0,0,0,15.9349623,0,8.54144764,8.43064213,0,13.3309927,0,0,0,,,,50
82109627,0.5,1,0,0,0.0241758227,0,0,0,15.9349623,0,8.56254578,8.43064213,0,13.3309927,0,0,0,,,,50
82110753,0.5,1,0,0,0.0161172152,0,0,0,15.9349623,0,8.53843403,8.43064213,0,13.3238449,0,0,0,,,,50
82111884,0.5,1,0,0,0.0161172152,0,0,0,15.9349623,0,8.53240585,8.43064213,0,13.3238449,0,0,0,,,,50
82113010,0.5,1,0,0,0.0161172152,0,0,0,15.9349623,0,8.55350399,8.43064213,0,13.3238449,0,0,0,,,,50
82114136,0.5,1,0,0,0.0241758227,0,0,0,15.9349623,0,8.54144764,8.43064213,0,13.3309927,0,0,0,,,,50
82115262,0.5,1,0,0,0.0161172152,0,0,0,15.9349623,0,8.56254578,8.42430782,0,13.3238449,0,0,0,,,,50
82116387,0.5,1,0,0,0.0241758227,0,0,0,15.9349623,0,8.51130867,8.43064213,0,13.3309927,0,0,0,,,,50
82117717,0.5,1,0,0,0.0241758227,0,0,0,15.9349623,0,8.55350399,8.43064213,0,13.3309927,0,0,0,,,,50
82118843,0.5,1,0,0,0.00805860758,0,0,0,15.9349623,0,8.54747581,8.42853069,0,13.3309927,0,0,0,,,,50
82119974,0.5,1,0,0,0.0161172152,0,0,0,15.9349623,0,8.50829506,8.43064213,0,13.3309927,0,0,0,,,,50
82121100,0.5,1,0,0,0.0161172152,0,0,0,15.9349623,0,8.56254578,8.43064213,0,13.3309927,0,0,0,,,,50
82122226,0.5,1,0,0,0.0161172152,0,0,0,15.9395075,0,8.5565176,8.43064213,0,13.3309927,0,0,0,,,,50
82123352,0.5,1,0,0,0.0161172152,0,0,0,15.9395075,0,8.53542042,8.43064213,0,13.3309927,0,0,0,,,,50
82124478,0.5,1,0,0,0.0161172152,0,0,0,15.9349623,0,8.53843403,8.42430782,0,13.3309927,0,0,0,,,,50
82125604,0.5,1,0,0,0.0161172152,0,0,0,15.9349623,0,8.52637863,8.43064213,0,13.3309927,0,0,0,,,,50
82126730,0.5,1,0,0,0.0161172152,0,0,0,15.9349623,0,8.55350399,8.43064213,0,13.3309927,0,0,0,,,,50
82127861,0.5,1,0,0,0.0161172152,0,0,0,15.9349623,0,8.5565176,8.43064213,0,13.3309927,0,0,0,,,,50
82128987,0.5,1,0,0,0.0241758227,0,0,0,15.9349623,0,8.50226688,8.43064213,0,13.3309927,0,0,0,,,,50
82130113,0.5,1,0,0,0.00805860758,0,0,0,15.9304171,0,8.55350399,8.42641926,0,13.3309927,0,0,0,,,,50
82131239,0.5,1,0,0,0.0241758227,0,0,0,15.9349623,0,8.5565176,8.43064213,0,13.3309927,0,0,0,,,,50
82132364,0.5,1,0,0,0.0241758227,0,0,0,15.9349623,0,8.57460117,8.43064213,0,13.3238449,0,0,0,,,,50
82133490,0.5,1,0,0,0.0161172152,0,0,0,15.9349623,0,8.53843403,8.43064213,0,13.3309927,0,0,0,,,,50
82134616,0.5,1,0,0,0.0161172152,0,0,0,15.9349623,0,8.50829506,8.42853069,0,13.3238449,0,0,0,,,,50
82135747,0.5,1,0,0,0.0161172152,0,0,0,15.9349623,0,8.55350399,8.43064213,0,13.3309927,0,0,0,,,,50
82136873,0.5,1,0,0,0.0241758227,0,0,0,15.9349623,0,8.5565176,8.43064213,0,13.3309927,0,0,0,,,,50
82138203,0.5,1,0,0,0.0241758227,0,0,0,15.9349623,0,8.54144764,8.42853069,0,13.3309927,0,0,0,,,,50
82139329,0.5,1,0,0,0.0161172152,0,0,0,15.9349623,0,8.54747581,8.43064213,0,13.3309927,0,0,0,,,,50
82140455,0.5,1,0,0,0.0241758227,0,0,0,15.9349623,0,8.53542042,8.43064213,0,13.3238449,0,0,0,,,,50
82141581,0.5,1,0,0,0.0241758227,0,0,0,15.9349623,0,8.55350399,8.43064213,0,13.3238449,0,0,0,,,,50
82142712,0.5,1,0,0,0.0161172152,0,0,0,15.9349623,0,8.50226688,8.43064213,0,13.3238449,0,0,0,,,,50
82143838,0.5,1,0,0,0.0161172152,0,0,0,15.9304171,0,8.57158756,8.43064213,0,13.3309927,0,0,0,,,,50
82144964,0.5,1,0,0,0.0241758227,0,0,0,15.9349623,0,8.57761478,8.43064213,0,13.3309927,0,0,0,,,,50
82146089,0.5,1,0,0,0.0241758227,0,0,0,15.9349623,0,8.53240585,8.43064213,0,13.3309927,0,0,0,,,,50
82147215,0.5,1,0,0,0.0241758227,0,0,0,15.9395075,0,8.5565176,8.43064213,0,13.3309927,0,0,0,,,,50
82148341,0.5,1,0,0,0.0241758227,0,0,0,15.9349623,0,8.56254578,8.43064213,0,13.3309927,0,0,0,,,,50
82149467,0.5,1,0,0,0.0161172152,0,0,0,15.9349623,0,8.57158756,8.42219639,0,13.3309927,0,0,0,,,,50
82150598,0.5,1,0,0,0.0161172152,0,0,0,15.9349623,0,8.55048943,8.43064213,0,13.3238449,0,0,0,,,,50
82151724,0.5,1,0,0,0.0241758227,0,0,0,15.9349623,0,8.5444622,8.42853069,0,13.3309927,0,0,0,,,,50
82152850,0.5,1,0,0,0.0161172152,0,0,0,15.9349623,0,8.54747581,8.43064213,0,13.3238449,0,0,0,,,,50
82153976,0.5,1,0,0,0.0161172152,0,0,0,15.9349623,0,8.55048943,8.43064213,0,13.3309927,0,0,0,,,,50
82155102,0.5,1,0,0,0.0161172152,0,0,0,15.9349623,0,8.52939224,8.42853069,0,13.3309927,0,0,0,,,,50
82156228,0.5,1,0,0,0.0161172152,0,0,0,15.9395075,0,8.56254578,8.43064213,0,13.3309927,0,0,0,,,,50
82157354,0.5,1,0,0,0.0161172152,0,0,0,15.9349623,0,8.49925327,8.42853069,0,13.3238449,0,0,0,,,,50
82158484,0.5,1,0,0,0.0241758227,0,0,0,15.9349623,0,8.52637863,8.43064213,0,13.3309927,0,0,0,,,,50
82159814,0.5,1,0,0,0.0161172152,0,0,0,15.9349623,0,8.55350399,8.43064213,0,13.3238449,0,0,0,,,,50
82160940,0.5,1,0,0,0.0241758227,0,0,0,15.9349623,0,8.5444622,8.43064213,0,13.3309927,0,0,0,,,,50
82162066,0.5,1,0,0,0.0161172152,0,0,0,15.9349623,0,8.55350399,8.43064213,0,13.3095493,0,0,0,,,,50
82163192,0.5,1,0,0,0.0161172152,0,0,0,15.9395075,0,8.53542042,8.42853069,0,13.3238449,0,0,0,,,,50
82164318,0.5,1,0,0,0.0241758227,0,0,0,15.9349623,0,8.55048943,8.43064213,0,13.3309927,0,0,0,,,,50
82165444,0.5,1,0,0,0.0322344303,0,0,0,15.9349623,0,8.54747581,8.43064213,0,13.3238449,0,0,0,,,,50
82166575,0.5,1,0,0,0.0161172152,0,0,0,15.9349623,0,8.5444622,8.42853069,0,13.3238449,0,0,0,,,,50
82167701,0.5,1,0,0,0.0161172152,0,0,0,15.9349623,0,8.57460117,8.43064213,0,13.3309927,0,0,0,,,,50
82168827,0.5,1,0,0,0.0161172152,0,0,0,15.9395075,0,8.5565176,8.43064213,0,13.3309927,0,0,0,,,,50
82169953,0.5,1,0,0,0.0241758227,0,0,0,15.9349623,0,8.53843403,8.43064213,0,13.3309927,0,0,0,,,,50
82171079,0.5,1,0,0,0.0161172152,0,0,0,15.9349623,0,8.54144764,8.43064213,0,13.3024006,0,0,0,,,,50
82172205,0.5,1,0,0,0.0161172152,0,0,0,15.9349623,0,8.57158756,8.42219639,0,13.3309927,0,0,0,,,,50
82173335,0.5,1,0,0,0.0161172152,0,0,0,15.9349623,0,8.55953121,8.43064213,0,13.3309927,0,0,0,,,,50
82174461,0.5,1,0,0,0.0161172152,0,0,0,15.9349623,0,8.55350399,8.42853069,0,13.3238449,0,0,0,,,,50
82175587,0.5,1,0,0,0.0322344303,0,0,0,15.9349623,0,8.54747581,8.43064213,0,13.3238449,0,0,0,,,,50
82176713,0.5,1,0,0,0.0161172152,0,0,0,15.9349623,0,8.53542042,8.43064213,0,13.3238449,0,0,0,,,,50
82177839,0.5,1,0,0,0.0161172152,0,0,0,15.9395075,0,8.53240585,8.43064213,0,13.3309927,0,0,0,,,,50
82178965,0.5,1,0,0,0.0161172152,0,0,0,15.9349623,0,8.53843403,8.43064213,0,13.3238449,0,0,0,,,,50
82180295,0.5,1,0,0,0.0241758227,0,0,0,15.9349623,0,8.5565176,8.43064213,0,13.3238449,0,0,0,,,,50
82181426,0.5,1,0,0,0.0161172152,0,0,0,15.9349623,0,8.58665657,8.43064213,0,13.3309927,0,0,0,,,,50
82182552,0.5,1,0,0,0.0241758227,0,0,0,15.9349623,0,8.55048943,8.43064213,0,13.3238449,0,0,0,,,,50
82183678,0.5,1,0,0,0.0241758227,0,0,0,15.9349623,0,8.52939224,8.42219639,0,13.3238449,0,0,0,,,,50
82184804,0.5,1,0,0,0.0241758227,0,0,0,15.9304171,0,8.50528145,8.43064213,0,13.3309927,0,0,0,,,,50
82185930,0.5,1,0,0,0.0241758227,0,0,0,15.9349623,0,8.54144764,8.43064213,0,13.3238449,0,0,0,,,,50
82187056,0.5,1,0,0,0.0161172152,0,0,0,15.9349623,0,8.50829506,8.43064213,0,13.3095493,0,0,0,,,,50
82188181,0.5,1,0,0,0.0161172152,0,0,0,15.9395075,0,8.52939224,8.43064213,0,13.3238449,0,0,0,,,,50
82189312,0.5,1,0,0,0.0241758227,0,0,0,15.9395075,0,8.52035046,8.42853069,0,13.3309927,0,0,0,,,,50
82190438,0.5,1,0,0,0.0322344303,0,0,0,15.9349623,0,8.5565176,8.43064213,0,13.3309927,0,0,0,,,,50
82191564,0.5,1,0,0,0.0161172152,0,0,0,15.9349623,0,8.55953121,8.43064213,0,13.3309927,0,0,0,,,,50
82192690,0.5,1,0,0,0.0241758227,0,0,0,15.9304171,0,8.53542042,8.43064213,0,13.3309927,0,0,0,,,,50
82193816,0.5,1,0,0,0.0161172152,0,0,0,15.9395075,0,8.58665657,8.43064213,0,13.3238449,0,0,0,,,,50
82194942,0.5,1,0,0,0.0161172152,0,0,0,15.9304171,0,8.53542042,8.43064213,0,13.3238449,0,0,0,,,,50
82196072,0.5,1,0,0,0.0161172152,0,0,0,15.9349623,0,8.53240585,8.43064213,0,13.3095493,0,0,0,,,,50
82197198,0.5,1,0,0,0.0161172152,0,0,0,15.9395075,0,8.54144764,8.42853069,0,13.3309927,0,0,0,,,,50
82198324,0.5,1,0,0,0.0161172152,0,0,0,15.9349623,0,8.58665657,8.42853069,0,13.3238449,0,0,0,,,,50
82199450,0.5,1,0,0,0.0161172152,0,0,0,15.9349623,0,8.5444622,8.42853069,0,13.3238449,0,0,0,,,,50
82200780,0.5,1,0,0,0.0161172152,0,0,0,15.9349623,0,8.49623966,8.42430782,0,13.3238449,0,0,0,,,,50
82201906,0.5,1,0,0,0.0241758227,0,0,0,15.9349623,0,8.5444622,8.43064213,0,13.3238449,0,0,0,,,,50
82203032,0.5,1,0,0,0.0241758227,0,0,0,15.9349623,0,8.55350399,8.43064213,0,13.3238449,0,0,0,,,,50
82204163,0.5,1,0,0,0.0322344303,0,0,0,15.9395075,0,8.54747581,8.43064213,0,13.3309927,0,0,0,,,,50
82205289,0.5,1,0,0,0.0161172152,0,0,0,15.9349623,0,8.55953121,8.43064213,0,13.3238449,0,0,0,,,,50
82206415,0.5,1,0,0,0.0161172152,0,0,0,15.9349623,0,8.56254578,8.42853069,0,13.3238449,0,0,0,,,,50
82207541,0.5,1,0,0,0.0161172152,0,0,0,15.9349623,0,8.52939224,8.43064213,0,13.3238449,0,0,0,,,,50
82208667,0.5,1,0,0,0.0241758227,0,0,0,15.9349623,0,8.5444622,8.42641926,0,13.3309927,0,0,0,,,,50
82209793,0.5,1,0,0,0.0161172152,0,0,0,15.9349623,0,8.54144764,8.43064213,0,13.3238449,0,0,0,,,,50
82210919,0.5,1,0,0,0.0241758227,0,0,0,15.9349623,0,8.52637863,8.43064213,0,13.3309927,0,0,0,,,,50
82212049,0.5,1,0,0,0.0241758227,0,0,0,15.9349623,0,8.58364296,8.42853069,0,13.3166971,0,0,0,,,,50
82213175,0.5,1,0,0,0.0161172152,0,0,0,15.9349623,0,8.5444622,8.43064213,0,13.3309927,0,0,0,,,,50
82214301,0.5,1,0,0,0.0241758227,0,0,0,15.9349623,0,8.54747581,8.42853069,0,13.3309927,0,0,0,,,,50
82215427,0.5,1,0,0,0.0161172152,0,0,0,15.9349623,0,8.52637863,8.43275356,0,13.3309927,0,0,0,,,,50
82216553,0.5,1,0,0,0.0161172152,0,0,0,15.9349623,0,8.56555939,8.42219639,0,13.3309927,0,0,0,,,,50
82217679,0.5,1,0,0,0.0161172152,0,0,0,15.9349623,0,8.54747581,8.43064213,0,13.3238449,0,0,0,,,,50
82218805,0.5,1,0,0,0.0161172152,0,0,0,15.9349623,0,8.53843403,8.42853069,0,13.3309927,0,0,0,,,,50
82219936,0.5,1,0,0,0.0241758227,0,0,0,15.9349623,0,8.5565176,8.43064213,0,13.3238449,0,0,0,,,,50
82221062,0.5,1,0,0,0.0241758227,0,0,0,15.9304171,0,8.50829506,8.42853069,0,13.3238449,0,0,0,,,,50
82222392,0.5,1,0,0,0.0241758227,0,0,0,15.9349623,0,8.54144764,8.43064213,0,13.3309927,0,0,0,,,,50
82223518,0.5,1,0,0,0.0161172152,0,0,0,15.9349623,0,8.568573,8.43064213,0,13.3309927,0,0,0,,,,50
82224644,0.5,1,0,0,0.0241758227,0,0,0,15.9395075,0,8.53843403,8.43064213,0,13.3238449,0,0,0,,,,50
82225770,0.5,1,0,0,0.0241758227,0,0,0,15.9349623,0,8.568573,8.43064213,0,13.3309927,0,0,0,,,,50
82226900,0.5,1,0,0,0.0241758227,0,0,0,15.9349623,0,8.54747581,8.43064213,0,13.3309927,0,0,0,,,,50
82228026,0.5,1,0,0,0.0241758227,0,0,0,15.9304171,0,8.56555939,8.42853069,0,13.3238449,0,0,0,,,,50
82229152,0.5,1,0,0,0.0161172152,0,0,0,15.9349623,0,8.50829506,8.43064213,0,13.3309927,0,0,0,,,,50
82230278,0.5,1,0,0,0.0161172152,0,0,0,15.9349623,0,8.5565176,8.43064213,0,13.3309927,0,0,0,,,,50
82231404,0.5,1,0,0,0.0241758227,0,0,0,15.9349623,0,8.54144764,8.43064213,0,13.3238449,0,0,0,,,,50
82232530,0.5,1,0,0,0.0241758227,0,0,0,15.9349623,0,8.5444622,8.43064213,0,13.3238449,0,0,0,,,,50
82233656,0.5,1,0,0,0.0161172152,0,0,0,15.9349623,0,8.5565176,8.43064213,0.00714798551,13.3238449,0,0,0,,,,50
82234787,0.5,1,0,0,0.0161172152,0,0,0,15.9349623,0,8.53240585,8.43064213,0,13.3238449,0,0,0,,,,50
82235913,0.5,1,0,0,0.0241758227,0,0,0,15.9349623,0,8.54144764,8.42641926,0,13.3309927,0,0,0,,,,50
82237039,0.5,1,0,0,0.0161172152,0,0,0,15.9349623,0,8.56254578,8.43064213,0,13.3166971,0,0,0,,,,50
82238165,0.5,1,0,0,0.0241758227,0,0,0,15.9349623,0,8.5565176,8.43064213,0,13.3309927,0,0,0,,,,50
82239291,0.5,1,0,0,0.0161172152,0,0,0,15.9395075,0,8.5565176,8.43064213,0,13.3238449,0,0,0,,,,50
82240417,0.5,1,0,0,0.0161172152,0,0,0,15.9349623,0,8.53843403,8.43064213,0,13.3309927,0,0,0,,,,50
82241543,0.5,1,0,0,0.0241758227,0,0,0,15.9349623,0,8.53542042,8.42219639,0,13.3238449,0,0,0,,,,50
82242877,0.5,1,0,0,0.0161172152,0,0,0,15.9349623,0,8.57158756,8.42853069,0,13.3309927,0,0,0,,,,50
82244003,0.5,1,0,0,0.0161172152,0,0,0,15.9349623,0,8.52637863,8.43064213,0,13.3309927,0,0,0,,,,50
82245129,0.5,1,0,0,0.0241758227,0,0,0,15.9349623,0,8.55350399,8.43064213,0,13.3309927,0,0,0,,,,50
82246255,0.5,1,0,0,0.0161172152,0,0,0,15.9349623,0,8.53542042,8.43064213,0,13.3309927,0,0,0,,,,50
82247381,0.5,1,0,0,0.0161172152,0,0,0,15.9304171,0,8.55350399,8.42853069,0,13.3309927,0,0,0,,,,50
82248507,0.5,1,0,0,0.0161172152,0,0,0,15.9304171,0,8.54144764,8.42853069,0,13.3309927,0,0,0,,,,50
82249633,0.5,1,0,0,0.0161172152,0,0,0,15.9349623,0,8.55048943,8.43064213,0,13.3238449,0,0,0,,,,50
82250764,0.5,1,0,0,0.0241758227,0,0,0,15.9349623,0,8.49623966,8.43064213,0,13.3238449,0,0,0,,,,50
82251890,0.5,1,0,0,0.0241758227,0,0,0,15.9395075,0,8.52035046,8.42853069,0,13.3238449,0,0,0,,,,50
82253016,0.5,1,0,0,0.0322344303,0,0,0,15.9349623,0,8.50226688,8.43064213,0,13.3238449,0,0,0,,,,50
82254142,0.5,1,0,0,0.0161172152,0,0,0,15.9304171,0,8.55350399,8.43064213,0,13.3238449,0,0,0,,,,50
82255268,0.5,1,0,0,0.0161172152,0,0,0,15.9349623,0,8.5444622,8.43064213,0,13.3238449,0,0,0,,,,50
82256394,0.5,1,0,0,0.0322344303,0,0,0,15.9349623,0,8.56555939,8.43064213,0,13.3309927,0,0,0,,,,50
82257524,0.5,1,0,0,0.0161172152,0,0,0,15.9349623,0,8.54144764,8.43064213,0,13.3309927,0,0,0,,,,50
82258650,0.5,1,0,0,0.0161172152,0,0,0,15.9349623,0,8.52336502,8.43064213,0,13.3309927,0,0,0,,,,50
82259776,0.5,1,0,0,0.0161172152,0,0,0,15.9349623,0,8.5444622,8.43064213,0,13.3309927,0,0,0,,,,50
82260902,0.5,1,0,0,0.0161172152,0,0,0,15.9349623,0,8.53240585,8.42430782,0,13.3238449,0,0,0,,,,50
82262028,0.5,1,0,0,0.0161172152,0,0,0,15.9349623,0,8.55048943,8.43064213,0,13.3166971,0,0,0,,,,50
82263154,0.5,1,0,0,0.0241758227,0,0,0,15.9349623,0,8.59268475,8.43064213,0,13.3238449,0,0,0,,,,50
82264484,0.5,1,0,0,0.0161172152,0,0,0,15.9349623,0,8.5565176,8.42641926,0,13.3309927,0,0,0,,,,50
82265615,0.5,1,0,0,0.0161172152,0,0,0,15.9349623,0,8.57460117,8.43064213,0,13.3309927,0,0,0,,,,50
82266741,0.5,1,0,0,0.0161172152,0,0,0,15.9349623,0,8.53843403,8.43064213,0,13.3309927,0,0,0,,,,50
82267867,0.5,0.75,0,0,0.0241758227,0.00805860758,0,0,15.9304171,0,8.5565176,8.43064213,0,13.3238449,0,0,0,,,,50
82268993,0.5,1,0,0,0.0241758227,0,0,0,15.9395075,0,8.54747581,8.43275356,0,13.3238449,0,0,0,,,,50
82270119,0.5,1,0,0,0.0241758227,0,0,0,15.9349623,0,8.50528145,8.43064213,0,13.3309927,0,0,0,,,,50
82271245,0.5,1,0,0,0.0241758227,0,0,0,15.9349623,0,8.54747581,8.43064213,0,13.3309927,0,0,0,,,,50
82272371,0.5,1,0,0,0.0322344303,0,0,0,15.9349623,0,8.51733685,8.42430782,0,13.3309927,0,0,0,,,,50
82273501,0.5,1,0,0,0.0241758227,0,0,0,15.9304171,0,8.55048943,8.43064213,0,13.3238449,0,0,0,,,,50
82274627,0.5,1,0,0,0.0241758227,0,0,0,15.9395075,0,8.56555939,8.43275356,0,13.3238449,0,0,0,,,,50
82275753,0.5,1,0,0,0.0161172152,0,0,0,15.9349623,0,8.58364296,8.43064213,0,13.3238449,0,0,0,,,,50
82276879,0.5,1,0,0,0.00805860758,0,0,0,15.9349623,0,8.57158756,8.43064213,0,13.3309927,0,0,0,,,,50
82278005,0.5,1,0,0,0.0241758227,0,0,0,15.9304171,0,8.51733685,8.43064213,0,13.3309927,0,0,0,,,,50
82279131,0.5,1,0,0,0.0161172152,0,0,0,15.9349623,0,8.50829506,8.43064213,0,13.3238449,0,0,0,,,,50
82280257,0.5,1,0,0,0.0161172152,0,0,0,15.9349623,0,8.568573,8.43064213,0,13.3309927,0,0,0,,,,50
82281388,0.5,1,0,0,0.0161172152,0,0,0,15.9304171,0,8.56254578,8.43064213,0,13.3238449,0,0,0,,,,50
82282514,0.5,1,0,0,0.0322344303,0,0,0,15.9349623,0,8.5444622,8.43064213,0,13.3238449,0,0,0,,,,50
82283640,0.5,1,0,0,0.0241758227,0,0,0,15.9304171,0,8.53843403,8.43064213,0,13.3238449,0,0,0,,,,50
82284970,0.5,1,0,0,0.0161172152,0,0,0,15.9304171,0,8.58062935,8.43064213,0,13.3309927,0,0,0,,,,50
82286096,0.5,1,0,0,0.0241758227,0,0,0,15.9349623,0,8.58364296,8.43064213,0,13.3309927,0,0,0,,,,50
82287221,0.5,1,0,0,0.0161172152,0,0,0,15.9349623,0,8.53843403,8.42853069,0,13.3238449,0,0,0,,,,50
82288352,0.5,1,0,0,0.0161172152,0,0,0,15.9349623,0,8.568573,8.43064213,0,13.3238449,0,0,0,,,,50
82289478,0.5,1,0,0,0.0161172152,0,0,0,15.9349623,0,8.55953121,8.42853069,0,13.3238449,0,0,0,,,,50
82290604,0.5,1,0,0,0.0161172152,0,0,0,15.9349623,0,8.55350399,8.43064213,0,13.3309927,0,0,0,,,,50
82291730,0.5,1,0,0,0.0241758227,0,0,0,15.9349623,0,8.55350399,8.42853069,0,13.3309927,0,0,0,,,,50
82292856,0.5,1,0,0,0.0241758227,0,0,0,15.9304171,0,8.53240585,8.43064213,0,13.3309927,0,0,0,,,,50
82293982,0.5,1,0,0,0.00805860758,0,0,0,15.9349623,0,8.55953121,8.43064213,0,13.3238449,0,0,0,,,,50
82295108,0.5,1,0,0,0.0241758227,0,0,0,15.9349623,0,8.55048943,8.42853069,0,13.3309927,0,0,0,,,,50
82296239,0.5,1,0,0,0.0161172152,0,0,0,15.9395075,0,8.56555939,8.43064213,0,13.3309927,0,0,0,,,,50
82297365,0.5,1,0,0,0.0241758227,0,0,0,15.9349623,0,8.52637863,8.43064213,0,13.3309927,0,0,0,,,,50
82298491,0.5,1,0,0,0.0161172152,0,0,0,15.9349623,0,8.55953121,8.43064213,0,13.3238449,0,0,0,,,,50
82299617,0.5,1,0,0,0.0161172152,0,0,0,15.9395075,0,8.52035046,8.42853069,0,13.3238449,0,0,0,,,,50
82300742,0.5,1,0,0,0.0161172152,0,0,0,15.9349623,0,8.54747581,8.43064213,0,13.3309927,0,0,0,,,,50
82301868,0.5,1,0,0,0.0161172152,0,0,0,15.9349623,0,8.55953121,8.43064213,0,13.3309927,0,0,0,,,,50
82302994,0.5,1,0,0,0.0161172152,0,0,0,15.9349623,0,8.52939224,8.42430782,0,13.3309927,0,0,0,,,,50
82304125,0.5,1,0,0,0.0241758227,0,0,0,15.9349623,0,8.53542042,8.43064213,0,13.3309927,0,0,0,,,,50
82305251,0.5,1,0,0,0.0161172152,0,0,0,15.9349623,0,8.51733685,8.43064213,0,13.3309927,0,0,0,,,,50
82306581,0.5,1,0,0,0.0161172152,0,0,0,15.9349623,0,8.55350399,8.43064213,0,13.3238449,0,0,0,,,,50
82307707,0.5,1,0,0,0.0241758227,0,0,0,15.9349623,0,8.52637863,8.43275356,0,13.3309927,0,0,0,,,,50
82308833,0.5,1,0,0,0.0161172152,0,0,0,15.9349623,0,8.50226688,8.43064213,0,13.3309927,0,0,0,,,,50
82309959,0.5,1,0,0,0.0161172152,0,0,0,15.9349623,0,8.58062935,8.42853069,0,13.3238449,0,0,0,,,,50
82311085,0.5,1,0,0,0.0161172152,0,0,0,15.9349623,0,8.57158756,8.42853069,0,13.3238449,0,0,0,,,,50
82312216,0.5,1,0,0,0.0322344303,0,0,0,15.9349623,0,8.52035046,8.43064213,0,13.3309927,0,0,0,,,,50
82313341,0.5,1,0,0,0.0241758227,0,0,0,15.9349623,0,8.56555939,8.43064213,0,13.3309927,0,0,0,,,,50
82314467,0.5,1,0,0,0.00805860758,0,0,0,15.9349623,0,8.59268475,8.43064213,0,13.3238449,0,0,0,,,,50
82315593,0.5,1,0,0,0.0161172152,0,0,0,15.9304171,0,8.52336502,8.43064213,0,13.3309927,0,0,0,,,,50
82316719,0.5,1,0,0,0.0241758227,0,0,0,15.9349623,0,8.53542042,8.43064213,0,13.3309927,0,0,0,,,,50
82317845,0.5,1,0,0,0.0322344303,0,0,0,15.9349623,0,8.54747581,8.43064213,0,13.3309927,0,0,0,,,,50
82318976,0.5,1,0,0,0.0241758227,0,0,0,15.9349623,0,8.51432323,8.43275356,0,13.3309927,0,0,0,,,,50
82320102,0.5,1,0,0,0.0161172152,0,0,0,15.9349623,0,8.52637863,8.43064213,0,13.3238449,0,0,0,,,,50
82321228,0.5,1,0,0,0.0161172152,0,0,0,15.9304171,0,8.5444622,8.43064213,0,13.3309927,0,0,0,,,,50
82322354,0.5,1,0,0,0.0161172152,0,0,0,15.9349623,0,8.54747581,8.42853069,0,13.3309927,0,0,0,,,,50
82323480,0.5,1,0,0,0.0241758227,0,0,0,15.9349623,0,8.51130867,8.43064213,0,13.3309927,0,0,0,,,,50
82324606,0.5,1,0,0,0.0161172152,0,0,0,15.9349623,0,8.53843403,8.43064213,0,13.3238449,0,0,0,,,,50
82325732,0.5,1,0,0,0.0161172152,0,0,0,15.9349623,0,8.54747581,8.43064213,0,13.3309927,0,0,0,,,,50
82327067,0.5,1,0,0,0.0241758227,0,0,0,15.9304171,0,8.53240585,8.43064213,0,13.3095493,0,0,0,,,,50
82328192,0.5,1,0,0,0.0161172152,0,0,0,15.9349623,0,8.55953121,8.43064213,0,13.3238449,0,0,0,,,,50
82329318,0.5,1,0,0,0.0161172152,0,0,0,15.9304171,0,8.55953121,8.43064213,0,13.3309927,0,0,0,,,,50
82330444,0.5,1,0,0,0.0241758227,0,0,0,15.9349623,0,8.55048943,8.43064213,0,13.3309927,0,0,0,,,,50
82331570,0.5,1,0,0,0.0161172152,0,0,0,15.9349623,0,8.51733685,8.42853069,0,13.3309927,0,0,0,,,,50
82332696,0.5,1,0,0,0.0161172152,0,0,0,15.9349623,0,8.54144764,8.43064213,0,13.3309927,0,0,0,,,,50
82333822,0.5,1,0,0,0.0161172152,0,0,0,15.9349623,0,8.54747581,8.42853069,0,13.3309927,0,0,0,,,,50
82334953,0.5,1,0,0,0.0241758227,0,0,0,15.9349623,0,8.55048943,8.43064213,0,13.3238449,0,0,0,,,,50
82336079,0.5,1,0,0,0.0161172152,0,0,0,15.9349623,0,8.54144764,8.43064213,0,13.3024006,0,0,0,,,,50
82337205,0.5,1,0,0,0.0241758227,0,0,0,15.9440527,0,8.53240585,8.43064213,0,13.3309927,0,0,0,,,,50
82338331,0.5,1,0,0,0.0161172152,0,0,0,15.9349623,0,8.56555939,8.43064213,0,13.3238449,0,0,0,,,,50
82339457,0.5,1,0,0,0.0161172152,0,0,0,15.9349623,0,8.52939224,8.42641926,0,13.3238449,0,0,0,,,,50
82340583,0.5,1,0,0,0.0241758227,0,0,0,15.9349623,0,8.52939224,8.43064213,0,13.3238449,0,0,0,,,,50
82341713,0.5,1,0,0,0.0161172152,0,0,0,15.9349623,0,8.53843403,8.43064213,0,13.3238449,0,0,0,,,,50
82342839,0.5,1,0,0,0.0161172152,0,0,0,15.9349623,0,8.58665657,8.43064213,0,13.3309927,0,0,0,,,,50
82343965,0.5,1,0,0,0.0161172152,0,0,0,15.9349623,0,8.54144764,8.43064213,0,13.3238449,0,0,0,,,,50
82345091,0.5,1,0,0,0.0161172152,0,0,0,15.9349623,0,8.53542042,8.42853069,0,13.3238449,0,0,0,,,,50
82346217,0.5,1,0,0,0.0161172152,0,0,0,15.9395075,0,8.54144764,8.43064213,0,13.3309927,0,0,0,,,,50
82347343,0.5,1,0,0,0.0161172152,0,0,0,15.9349623,0,8.57761478,8.43064213,0,13.3309927,0,0,0,,,,50
82348673,0.5,1,0,0,0.0161172152,0,0,0,15.9349623,0,8.5444622,8.43064213,0,13.3309927,0,0,0,,,,50
82349804,0.5,1,0,0,0.0241758227,0,0,0,15.9349623,0,8.53843403,8.43064213,0,13.3309927,0,0,0,,,,50
82350930,0.5,1,0,0,0.0322344303,0,0,0,15.9395075,0,8.5444622,8.42430782,0,13.3309927,0,0,0,,,,50
82352056,0.5,1,0,0,0.0161172152,0,0,0,15.9349623,0,8.5565176,8.43064213,0,13.3095493,0,0,0,,,,50
82353182,0.5,1,0,0,0.0241758227,0,0,0,15.9395075,0,8.5444622,8.43064213,0,13.3238449,0,0,0,,,,50
82354308,0.5,1,0,0,0.0161172152,0,0,0,15.9349623,0,8.55953121,8.43064213,0,13.3238449,0,0,0,,,,50
82355434,0.5,1,0,0,0.0161172152,0,0,0,15.9349623,0,8.52939224,8.43064213,0,13.3309927,0,0,0,,,,50
82356560,0.5,1,0,0,0.0241758227,0,0,0,15.9349623,0,8.55953121,8.43064213,0,13.3309927,0,0,0,,,,50
82357690,0.5,1,0,0,0.0241758227,0,0,0,15.9349623,0,8.53240585,8.43064213,0,13.3238449,0,0,0,,,,50
82358816,0.5,1,0,0,0.0241758227,0,0,0,15.9304171,0,8.55048943,8.43275356,0,13.3309927,0,0,0,,,,50
82359942,0.5,1,0,0,0.0161172152,0,0,0,15.9349623,0,8.54144764,8.42853069,0,13.3238449,0,0,0,,,,50
82361068,0.5,1,0,0,0.0241758227,0,0,0,15.9349623,0,8.54144764,8.43064213,0,13.3095493,0,0,0,,,,50
82362194,0.5,1,0,0,0.0241758227,0,0,0,15.9349623,0,8.5444622,8.43064213,0,13.3238449,0,0,0,,,,50
82363320,0.5,1,0,0,0.0241758227,0,0,0,15.9349623,0,8.55048943,8.43064213,0,13.3309927,0,0,0,,,,50
82364446,0.5,1,0,0,0.0161172152,0,0,0,15.9349623,0,8.54144764,8.43064213,0,13.3238449,0,0,0,,,,50
82365577,0.5,1,0,0,0.00805860758,0,0,0,15.9349623,0,8.54747581,8.43275356,0,13.3238449,0,0,0,,,,50
82366703,0.5,1,0,0,0.0161172152,0,0,0,15.9349623,0,8.50829506,8.42430782,0,13.3309927,0,0,0,,,,50
82367829,0.5,1,0,0,0.0161172152,0,0,0,15.9349623,0,8.55350399,8.43064213,0,13.3309927,0,0,0,,,,50
82369159,0.5,1,0,0,0.0161172152,0,0,0,15.9349623,0,8.53542042,8.43064213,0,13.3238449,0,0,0,,,,50
82370285,0.5,1,0,0,0.0241758227,0,0,0,15.9304171,0,8.52637863,8.42853069,0,13.3309927,0,0,0,,,,50
82371411,0.5,1,0,0,0.0241758227,0,0,0,15.9349623,0,8.55953121,8.43064213,0,13.3309927,0,0,0,,,,50
82372541,0.5,1,0,0,0.0241758227,0,0,0,15.9349623,0,8.5565176,8.43064213,0,13.3238449,0,0,0,,,,50
82373667,0.5,1,0,0,0.0241758227,0,0,0,15.9349623,0,8.51432323,8.42853069,0,13.3309927,0,0,0,,,,50
82374793,0.5,1,0,0,0.0161172152,0,0,0,15.9349623,0,8.52035046,8.43064213,0,13.3381405,0,0,0,,,,50
82375919,0.5,1,0,0,0.0241758227,0,0,0,15.9349623,0,8.53240585,8.42641926,0,13.3309927,0,0,0,,,,50
82377045,0.5,1,0,0,0.0161172152,0,0,0,15.9349623,0,8.5444622,8.43064213,0,13.3166971,0,0,0,,,,50
82378171,0.5,1,0,0,0.0241758227,0,0,0,15.9349623,0,8.52939224,8.42853069,0,13.3238449,0,0,0,,,,50
82379297,0.5,1,0,0,0.0161172152,0,0,0,15.9349623,0,8.58364296,8.43064213,0,13.3238449,0,0,0,,,,50
82380428,0.5,1,0,0,0.0161172152,0,0,0,15.9349623,0,8.55048943,8.43064213,0,13.3309927,0,0,0,,,,50
82381554,0.5,1,0,0,0.0241758227,0,0,0,15.9349623,0,8.52637863,8.43064213,0,13.3309927,0,0,0,,,,50
82382680,0.5,1,0,0,0.0161172152,0,0,0,15.9349623,0,8.54747581,8.42853069,0,13.3238449,0,0,0,,,,50
82383806,0.5,1,0,0,0.0241758227,0,0,0,15.9349623,0,8.5444622,8.43064213,0,13.3309927,0,0,0,,,,50
82384931,0.5,1,0,0,0.0241758227,0,0,0,15.9395075,0,8.54144764,8.43064213,0,13.3309927,0,0,0,,,,50
82386057,0.5,1,0,0,0.0241758227,0,0,0,15.9349623,0,8.51130867,8.43064213,0,13.3095493,0,0,0,,,,50
82387183,0.5,1,0,0,0.0161172152,0,0,0,15.9349623,0,8.52939224,8.42853069,0,13.3309927,0,0,0,,,,50
82388314,0.5,1,0,0,0.0161172152,0,0,0,15.9349623,0,8.55048943,8.43064213,0,13.3309927,0,0,0,,,,50
82389440,0.5,1,0,0,0.0161172152,0,0,0,15.9395075,0,8.5444622,8.43064213,0,13.3309927,0,0,0,,,,50
82390770,0.5,1,0,0,0.0161172152,0,0,0,15.9349623,0,8.53542042,8.43064213,0,13.3238449,0,0,0,,,,50
82391896,0.5,1,0,0,0.0241758227,0,0,0,15.9349623,0,8.55048943,8.43064213,0,13.3309927,0,0,0,,,,50
82393022,0.5,1,0,0,0.0241758227,0,0,0,15.9349623,0,8.55953121,8.43064213,0,13.3166971,0,0,0,,,,50
82394148,0.5,1,0,0,0.0241758227,0,0,0,15.9349623,0,8.53542042,8.43064213,0,13.3238449,0,0,0,,,,50
82395274,0.5,1,0,0,0.0161172152,0,0,0,15.9349623,0,8.57158756,8.43064213,0,13.3238449,0,0,0,,,,50
82396405,0.5,1,0,0,0.0241758227,0,0,0,15.9349623,0,8.5565176,8.43064213,0,13.3309927,0,0,0,,,,50
82397531,0.5,1,0,0,0.0161172152,0,0,0,15.9349623,0,8.53240585,8.43064213,0,13.3238449,0,0,0,,,,50
82398656,0.5,1,0,0,0.0161172152,0,0,0,15.9349623,0,8.54144764,8.43064213,0,13.3309927,0,0,0,,,,50
82399782,0.5,1,0,0,0.0161172152,0,0,0,15.9349623,0,8.50528145,8.43064213,0,13.3309927,0,0,0,,,,50
82400908,0.5,1,0,0,0.0241758227,0,0,0,15.9349623,0,8.53843403,8.43064213,0,13.3309927,0,0,0,,,,50
82402034,0.5,1,0,0,0.0241758227,0,0,0,15.9349623,0,8.5565176,8.43064213,0,13.3166971,0,0,0,,,,50
82403165,0.5,1,0,0,0.0241758227,0,0,0,15.9349623,0,8.54144764,8.42853069,0,13.3238449,0,0,0,,,,50
82404291,0.5,1,0,0,0.0241758227,0,0,0,15.9304171,0,8.50528145,8.43064213,0,13.3238449,0,0,0,,,,50
82405417,0.5,1,0,0,0.0161172152,0,0,0,15.9349623,0,8.53542042,8.43064213,0,13.3309927,0,0,0,,,,50
82406543,0.5,1,0,0,0.0241758227,0,0,0,15.9349623,0,8.54747581,8.43064213,0,13.3309927,0,0,0,,,,50
82407669,0.5,1,0,0,0.0241758227,0,0,0,15.9304171,0,8.5565176,8.43064213,0,13.3309927,0,0,0,,,,50
82408795,0.5,1,0,0,0.0161172152,0,0,0,15.9349623,0,8.55048943,8.43064213,0,13.3309927,0,0,0,,,,50
82409921,0.5,1,0,0,0.0161172152,0,0,0,15.9349623,0,8.5565176,8.43275356,0,13.3238449,0,0,0,,,,50
82411255,0.5,1,0,0,0.0161172152,0,0,0,15.9349623,0,8.57761478,8.43064213,0,13.3238449,0,0,0,,,,50
82412381,0.5,1,0,0,0.0241758227,0,0,0,15.9349623,0,8.49021149,8.43064213,0,13.3238449,0,0,0,,,,50
82413507,0.5,1,0,0,0.0161172152,0,0,0,15.9395075,0,8.54144764,8.43064213,0,13.3309927,0,0,0,,,,50
82414633,0.5,1,0,0,0.0241758227,0,0,0,15.9349623,0,8.54747581,8.42219639,0,13.3238449,0,0,0,,,,50
82415759,0.5,1,0,0,0.0241758227,0,0,0,15.9349623,0,8.5444622,8.43064213,0,13.3309927,0,0,0,,,,50
82416885,0.5,1,0,0,0.0161172152,0,0,0,15.9349623,0,8.56254578,8.43064213,0,13.3238449,0,0,0,,,,50
82418011,0.5,1,0,0,0.0241758227,0,0,0,15.9349623,0,8.4932251,8.43064213,0,13.3238449,0,0,0,,,,50
82419142,0.5,1,0,0,0.0161172152,0,0,0,15.9349623,0,8.50226688,8.42853069,0,13.3238449,0,0,0,,,,50
82420268,0.5,1,0,0,0.0161172152,0,0,0,15.9304171,0,8.54144764,8.43064213,0,13.3309927,0,0,0,,,,50
82421394,0.5,1,0,0,0.0241758227,0,0,0,15.9349623,0,8.54144764,8.43064213,0,13.3238449,0,0,0,,,,50
82422520,0.5,1,0,0,0.0161172152,0,0,0,15.9349623,0,8.56254578,8.42853069,0,13.3309927,0,0,0,,,,50
82423646,0.5,1,0,0,0.0161172152,0,0,0,15.9349623,0,8.53843403,8.43064213,0,13.3309927,0,0,0,,,,50
82424772,0.5,1,0,0,0.0161172152,0,0,0,15.9349623,0,8.54747581,8.43064213,0,13.3309927,0,0,0,,,,50
82425898,0.5,1,0,0,0.0161172152,0,0,0,15.9349623,0,8.52637863,8.43064213,0,13.3309927,0,0,0,,,,50
82427028,0.5,1,0,0,0.0241758227,0,0,0,15.9349623,0,8.55953121,8.43064213,0,13.3238449,0,0,0,,,,50
82428154,0.5,1,0,0,0.0161172152,0,0,0,15.9349623,0,8.52939224,8.42853069,0,13.3309927,0,0,0,,,,50
82429280,0.5,1,0,0,0.0161172152,0,0,0,15.9349623,0,8.54144764,8.43064213,0,13.3238449,0,0,0,,,,50
82430406,0.5,1,0,0,0.0241758227,0,0,0,15.9395075,0,8.568573,8.43064213,0,13.3238449,0,0,0,,,,50
82431532,0.5,1,0,0,0.0161172152,0,0,0,15.9395075,0,8.50829506,8.43064213,0,13.3309927,0,0,0,,,,50
82432862,0.5,1,0,0,0.0161172152,0,0,0,15.9349623,0,8.54747581,8.43064213,0,13.3238449,0,0,0,,,,50
82433993,0.5,1,0,0,0.0161172152,0,0,0,15.9349623,0,8.51733685,8.42641926,0,13.3309927,0,0,0,,,,50
82435119,0.5,1,0,0,0.0161172152,0,0,0,15.9349623,0,8.55048943,8.42853069,0,13.3238449,0,0,0,,,,50
82436245,0.5,1,0,0,0.0161172152,0,0,0,15.9349623,0,8.53240585,8.43064213,0,13.3238449,0,0,0,,,,50
82437371,0.5,1,0,0,0.0241758227,0,0,0,15.9349623,0,8.55048943,8.43064213,0,13.3238449,0,0,0,,,,50
82438497,0.5,1,0,0,0.0241758227,0,0,0,15.9349623,0,8.53843403,8.43064213,0,13.3309927,0,0,0,,,,50
82439623,0.5,1,0,0,0.0241758227,0,0,0,15.9349623,0,8.56555939,8.43064213,0,13.3309927,0,0,0,,,,50
82440749,0.5,1,0,0,0.0161172152,0,0,0,15.9349623,0,8.55048943,8.43064213,0,13.3238449,0,0,0,,,,50
82441879,0.5,1,0,0,0.0241758227,0,0,0,15.9304171,0,8.54144764,8.42853069,0,13.3309927,0,0,0,,,,50
82443005,0.5,1,0,0,0.0241758227,0,0,0,15.9349623,0,8.55350399,8.43064213,0,13.3238449,0,0,0,,,,50
82444131,0.5,1,0,0,0.0322344303,0,0,0,15.9349623,0,8.5444622,8.43064213,0,13.3309927,0,0,0,,,,50
82445257,0.5,1,0,0,0.0161172152,0,0,0,15.9349623,0,8.54144764,8.43064213,0,13.3309927,0,0,0,,,,50
82446383,0.5,1,0,0,0.0161172152,0,0,0,15.9349623,0,8.50528145,8.43064213,0,13.3238449,0,0,0,,,,50
82447509,0.5,1,0,0,0.0241758227,0,0,0,15.9395075,0,8.52637863,8.42430782,0,13.3238449,0,0,0,,,,50
82448635,0.5,1,0,0,0.0161172152,0,0,0,15.9349623,0,8.55048943,8.43064213,0,13.3238449,0,0,0,,,,50
82449765,0.5,1,0,0,0.0241758227,0,0,0,15.9349623,0,8.55048943,8.43064213,0,13.3309927,0,0,0,,,,50
82450891,0.5,1,0,0,0.0241758227,0,0,0,15.9349623,0,8.53542042,8.43064213,0,13.3238449,0,0,0,,,,50
82452017,0.5,1,0,0,0.0161172152,0,0,0,15.9349623,0,8.52035046,8.43064213,0,13.3238449,0,0,0,,,,50
82453347,0.5,1,0,0,0.0241758227,0,0,0,15.9349623,0,8.53542042,8.43064213,0,13.3309927,0,0,0,,,,50
82454473,0.5,1,0,0,0.0161172152,0,0,0,15.9349623,0,8.51432323,8.43064213,0,13.3309927,0,0,0,,,,50
82455599,0.5,1,0,0,0.0161172152,0,0,0,15.9349623,0,8.55350399,8.43064213,0,13.3238449,0,0,0,,,,50
82456725,0.5,1,0,0,0.0161172152,0,0,0,15.9395075,0,8.52336502,8.43064213,0,13.3309927,0,0,0,,,,50
82457856,0.5,1,0,0,0.0161172152,0,0,0,15.9349623,0,8.5565176,8.43064213,0,13.3238449,0,0,0,,,,50
82458982,0.5,1,0,0,0.0161172152,0,0,0,15.9349623,0,8.53542042,8.43275356,0,13.3309927,0,0,0,,,,50
82460108,0.5,1,0,0,0.0161172152,0,0,0,15.9395075,0,8.53843403,8.43064213,0,13.3309927,0,0,0,,,,50
82461234,0.5,1,0,0,0.0241758227,0,0,0,15.9395075,0,8.55953121,8.43064213,0,13.3309927,0,0,0,,,,50
82462360,0.5,1,0,0,0.0161172152,0,0,0,15.9349623,0,8.55953121,8.42853069,0,13.3309927,0,0,0,,,,50
82463486,0.5,1,0,0,0.0161172152,0,0,0,15.9349623,0,8.56555939,8.42853069,0,13.3309927,0,0,0,,,,50
82464616,0.5,1,0,0,0.0241758227,0,0,0,15.9349623,0,8.5444622,8.42641926,0,13.3238449,0,0,0,,,,50
82465742,0.5,1,0,0,0.0241758227,0,0,0,15.9304171,0,8.56555939,8.43064213,0,13.3238449,0,0,0,,,,50
82466868,0.5,1,0,0,0.0161172152,0,0,0,15.9349623,0,8.53542042,8.43064213,0,13.3238449,0,0,0,,,,50
82467994,0.5,1,0,0,0.0161172152,0,0,0,15.9349623,0,8.5444622,8.43064213,0,13.3309927,0,0,0,,,,50
82469120,0.5,1,0,0,0.0161172152,0,0,0,15.9349623,0,8.54747581,8.43064213,0,13.3309927,0,0,0,,,,50
82470246,0.5,1,0,0,0.0241758227,0,0,0,15.9349623,0,8.50829506,8.43064213,0,13.3309927,0,0,0,,,,50
82471372,0.5,1,0,0,0.0161172152,0,0,0,15.9349623,0,8.54747581,8.43064213,0,13.3309927,0,0,0,,,,50
82472503,0.5,1,0,0,0.0161172152,0,0,0,15.9349623,0,8.54747581,8.42641926,0,13.3238449,0,0,0,,,,50
82473833,0.5,1,0,0,0.0241758227,0,0,0,15.9349623,0,8.51130867,8.43064213,0,13.3309927,0,0,0,,,,50
82474959,0.5,1,0,0,0.0241758227,0,0,0,15.9349623,0,8.54747581,8.43064213,0,13.3309927,0,0,0,,,,50
82476085,0.5,1,0,0,0.0241758227,0,0,0,15.9349623,0,8.54747581,8.42853069,0,13.3309927,0,0,0,,,,50
82477211,0.5,1,0,0,0.00805860758,0,0,0,15.9395075,0,8.58062935,8.43064213,0,13.3309927,0,0,0,,,,50
82478337,0.5,1,0,0,0.0241758227,0,0,0,15.9349623,0,8.51733685,8.43064213,0,13.3309927,0,0,0,,,,50
82479463,0.5,1,0,0,0.0241758227,0,0,0,15.9349623,0,8.55350399,8.43064213,0,13.3309927,0,0,0,,,,50
82480593,0.5,1,0,0,0.0241758227,0,0,0,15.9304171,0,8.568573,8.43064213,0,13.3238449,0,0,0,,,,50
82481719,0.5,1,0,0,0.0161172152,0,0,0,15.9349623,0,8.55953121,8.43064213,0,13.3381405,0,0,0,,,,50
82482845,0.5,1,0,0,0.0241758227,0,0,0,15.9349623,0,8.55953121,8.42853069,0,13.3309927,0,0,0,,,,50
82483971,0.5,1,0,0,0.0161172152,0,0,0,15.9349623,0,8.53843403,8.42641926,0,13.3238449,0,0,0,,,,50
82485097,0.5,1,0,0,0.0322344303,0,0,0,15.9349623,0,8.51733685,8.43064213,0,13.3238449,0,0,0,,,,50
82486223,0.5,1,0,0,0.0241758227,0,0,0,15.9395075,0,8.53843403,8.43064213,0,13.3238449,0,0,0,,,,50
82487354,0.5,1,0,0,0.0241758227,0,0,0,15.9349623,0,8.568573,8.42853069,0,13.3238449,0,0,0,,,,50
82488480,0.5,1,0,0,0.0161172152,0,0,0,15.9349623,0,8.54144764,8.43064213,0,13.3238449,0,0,0,,,,50
82489606,0.5,1,0,0,0.0241758227,0,0,0,15.9349623,0,8.50528145,8.43064213,0,13.3381405,0,0,0,,,,50
82490732,0.5,1,0,0,0.0241758227,0,0,0,15.9349623,0,8.56555939,8.43064213,0,13.3309927,0,0,0,,,,50
82491858,0.5,1,0,0,0.0161172152,0,0,0,15.9349623,0,8.56555939,8.43064213,0,13.3309927,0,0,0,,,,50
82492983,0.5,1,0,0,0.0322344303,0,0,0,15.9349623,0,8.55953121,8.43064213,0,13.3238449,0,0,0,,,,50
82494109,0.5,1,0,0,0.0241758227,0,0,0,15.9349623,0,8.53240585,8.43064213,0,13.3238449,0,0,0,,,,50
82495444,0.5,1,0,0,0.0161172152,0,0,0,15.9349623,0,8.55350399,8.43064213,0.00714798551,13.3309927,0,0,0,,,,50
82496570,0.5,1,0,0,0.0241758227,0,0,0,15.9395075,0,8.54144764,8.43064213,0,13.3309927,0,0,0,,,,50
82497696,0.5,1,0,0,0.0241758227,0,0,0,15.9349623,0,8.52336502,8.43064213,0,13.3309927,0,0,0,,,,50
82498822,0.5,1,0,0,0.0161172152,0,0,0,15.9349623,0,8.52939224,8.43064213,0,13.3309927,0,0,0,,,,50
82499948,0.5,1,0,0,0.0161172152,0,0,0,15.9349623,0,8.55953121,8.42853069,0,13.3309927,0,0,0,,,,50
82501074,0.5,1,0,0,0.0241758227,0,0,0,15.9395075,0,8.55953121,8.43064213,0,13.3095493,0,0,0,,,,50
82502200,0.5,1,0,0,0.0241758227,0,0,0,15.9349623,0,8.55953121,8.43064213,0,13.3309927,0,0,0,,,,50
82503331,0.5,1,0,0,0.0161172152,0,0,0,15.9349623,0,8.51733685,8.43064213,0,13.3309927,0,0,0,,,,50
82504457,0.5,1,0,0,0.0241758227,0,0,0,15.9349623,0,8.52637863,8.43064213,0,13.3309927,0,0,0,,,,50
82505583,0.5,1,0,0,0.0161172152,0,0,0,15.9304171,0,8.53240585,8.42853069,0,13.3238449,0,0,0,,,,50
82506709,0.5,1,0,0,0.0161172152,0,0,0,15.9349623,0,8.53240585,8.43064213,0,13.3309927,0,0,0,,,,50
82507834,0.5,1,0,0,0.0241758227,0,0,0,15.9349623,0,8.56555939,8.43064213,0,13.3238449,0,0,0,,,,50
82508960,0.5,1,0,0,0.0161172152,0,0,0,15.9349623,0,8.53843403,8.43064213,0,13.3309927,0,0,0,,,,50
82510086,0.5,1,0,0,0.0161172152,0,0,0,15.9349623,0,8.5444622,8.43064213,0,13.3238449,0,0,0,,,,50
82511217,0.5,1,0,0,0.0322344303,0,0,0,15.9304171,0,8.56254578,8.43064213,0,13.3309927,0,0,0,,,,50
82512343,0.5,1,0,0,0.0241758227,0,0,0,15.9395075,0,8.52035046,8.43064213,0,13.3238449,0,0,0,,,,50
82513469,0.5,1,0,0,0.0241758227,0,0,0,15.9349623,0,8.5444622,8.42853069,0,13.3309927,0,0,0,,,,50
82514595,0.5,1,0,0,0.0161172152,0,0,0,15.9395075,0,8.54144764,8.42853069,0,13.3238449,0,0,0,,,,50
82515925,0.5,1,0,0,0.0161172152,0,0,0,15.9349623,0,8.57158756,8.43064213,0,13.3309927,0,0,0,,,,50
82517051,0.5,1,0,0,0.0161172152,0,0,0,15.9349623,0,8.56555939,8.43064213,0,13.3166971,0,0,0,,,,50
82518182,0.5,1,0,0,0.0161172152,0,0,0,15.9304171,0,8.55048943,8.43064213,0,13.3309927,0,0,0,,,,50
82519308,0.5,1,0,0,0.0322344303,0,0,0,15.9349623,0,8.5565176,8.43064213,0,13.3309927,0,0,0,,,,50
82520434,0.5,1,0,0,0.0241758227,0,0,0,15.9349623,0,8.56254578,8.42853069,0,13.3238449,0,0,0,,,,50
82521559,0.5,1,0,0,0.0161172152,0,0,0,15.9395075,0,8.54747581,8.42853069,0,13.3309927,0,0,0,,,,50
82522685,0.5,1,0,0,0.0161172152,0,0,0,15.9349623,0,8.54747581,8.43064213,0,13.3309927,0,0,0,,,,50
82523811,0.5,1,0,0,0.0161172152,0,0,0,15.9395075,0,8.54144764,8.43064213,0,13.3238449,0,0,0,,,,50
82524937,0.5,1,0,0,0.0241758227,0,0,0,15.9349623,0,8.58967113,8.43064213,0,13.3309927,0,0,0,,,,50
82526068,0.5,1,0,0,0.0161172152,0,0,0,15.9349623,0,8.53240585,8.43064213,0,13.3095493,0,0,0,,,,50
82527194,0.5,1,0,0,0.0241758227,0,0,0,15.9349623,0,8.49623966,8.43064213,0,13.3309927,0,0,0,,,,50
82528320,0.5,1,0,0,0.0241758227,0,0,0,15.9304171,0,8.55048943,8.43064213,0,13.3238449,0,0,0,,,,50
82529446,0.5,1,0,0,0.0241758227,0,0,0,15.9349623,0,8.55350399,8.43064213,0,13.3309927,0,0,0,,,,50
82530572,0.5,1,0,0,0.0161172152,0,0,0,15.9349623,0,8.55048943,8.42853069,0,13.3309927,0,0,0,,,,50
82531698,0.5,1,0,0,0.0161172152,0,0,0,15.9349623,0,8.55953121,8.43064213,0,13.3238449,0,0,0,,,,50
82532824,0.5,1,0,0,0.0161172152,0,0,0,15.9349623,0,8.53843403,8.43064213,0,13.3309927,0,0,0,,,,50
82533954,0.5,1,0,0,0.0161172152,0,0,0,15.9349623,0,8.5444622,8.43064213,0,13.3309927,0,0,0,,,,50
82535080,0.5,1,0,0,0.0161172152,0,0,0,15.9349623,0,8.52939224,8.43064213,0,13.3095493,0,0,0,,,,50
82536206,0.5,1,0,0,0.0161172152,0,0,0,15.9304171,0,8.5565176,8.43064213,0,13.3238449,0,0,0,,,,50
82537536,0.5,1,0,0,0.0161172152,0,0,0,15.9304171,0,8.55350399,8.43064213,0,13.3238449,0,0,0,,,,50
82538662,0.5,1,0,0,0.0241758227,0,0,0,15.9349623,0,8.53240585,8.43064213,0,13.3238449,0,0,0,,,,50
82539788,0.5,1,0,0,0.0241758227,0,0,0,15.9349623,0,8.56254578,8.42641926,0,13.3238449,0,0,0,,,,50
82540914,0.5,1,0,0,0.0161172152,0,0,0,15.9349623,0,8.52939224,8.42853069,0,13.3238449,0,0,0,,,,50
82542045,0.5,1,0,0,0.0161172152,0,0,0,15.9349623,0,8.54747581,8.43064213,0,13.3166971,0,0,0,,,,50
82543171,0.5,1,0,0,0.0161172152,0,0,0,15.9304171,0,8.55350399,8.43064213,0,13.3238449,0,0,0,,,,50
82544297,0.5,1,0,0,0.0161172152,0,0,0,15.9304171,0,8.55350399,8.43064213,0,13.3238449,0,0,0,,,,50
82545423,0.5,1,0,0,0.0161172152,0,0,0,15.9349623,0,8.55350399,8.43275356,0,13.3238449,0,0,0,,,,50
82546549,0.5,1,0,0,0.0241758227,0,0,0,15.9349623,0,8.54747581,8.43064213,0,13.3238449,0,0,0,,,,50
82547675,0.5,1,0,0,0.0241758227,0,0,0,15.9349623,0,8.49925327,8.42853069,0,13.3309927,0,0,0,,,,50
82548805,0.5,1,0,0,0.0161172152,0,0,0,15.9395075,0,8.51432323,8.43064213,0,13.3309927,0,0,0,,,,50
82549931,0.5,1,0,0,0.0161172152,0,0,0,15.9349623,0,8.54747581,8.43064213,0,13.3309927,0,0,0,,,,50
82551057,0.5,1,0,0,0.0241758227,0,0,0,15.9395075,0,8.5444622,8.43064213,0,13.3166971,0,0,0,,,,50
82552183,0.5,1,0,0,0.0161172152,0,0,0,15.9349623,0,8.53240585,8.43064213,0,13.3309927,0,0,0,,,,50
82553309,0.5,1,0,0,0.0241758227,0,0,0,15.9349623,0,8.55953121,8.42641926,0,13.3309927,0,0,0,,,,50
82554435,0.5,1,0,0,0.0241758227,0,0,0,15.9349623,0,8.56555939,8.43064213,0,13.3309927,0,0,0,,,,50
82555561,0.5,1,0,0,0.0161172152,0,0,0,15.9349623,0,8.56254578,8.43064213,0,13.3238449,0,0,0,,,,50
82556692,0.5,1,0,0,0.0241758227,0,0,0,15.9349623,0,8.55350399,8.43064213,0,13.3309927,0,0,0,,,,50
82558022,0.5,1,0,0,0.0161172152,0,0,0,15.9349623,0,8.55953121,8.43064213,0,13.3238449,0,0,0,,,,50
82559148,0.5,1,0,0,0.0241758227,0,0,0,15.9349623,0,8.53542042,8.42430782,0,13.3309927,0,0,0,,,,50
82560274,0.5,1,0,0,0.0241758227,0,0,0,15.9395075,0,8.54144764,8.43064213,0,13.3238449,0,0,0,,,,50
82561400,0.5,1,0,0,0.0241758227,0,0,0,15.9349623,0,8.55048943,8.43064213,0,13.3309927,0,0,0,,,,50
82562526,0.5,1,0,0,0.0161172152,0,0,0,15.9349623,0,8.54747581,8.43064213,0,13.3309927,0,0,0,,,,50
82563652,0.5,1,0,0,0.0161172152,0,0,0,15.9349623,0,8.52035046,8.43064213,0,13.3238449,0,0,0,,,,50
82564782,0.5,1,0,0,0.0241758227,0,0,0,15.9349623,0,8.5444622,8.42853069,0,13.3238449,0,0,0,,,,50
82565908,0.5,1,0,0,0.0241758227,0,0,0,15.9349623,0,8.58062935,8.43064213,0,13.3238449,0,0,0,,,,50
82567034,0.5,1,0,0,0.0241758227,0,0,0,15.9395075,0,8.55350399,8.43275356,0,13.3166971,0,0,0,,,,50
82568160,0.5,1,0,0,0.0161172152,0,0,0,15.9349623,0,8.49925327,8.43064213,0,13.3309927,0,0,0,,,,50
82569286,0.5,1,0,0,0.0161172152,0,0,0,15.9349623,0,8.50528145,8.43064213,0.00714798551,13.3309927,0,0,0,,,,50
82570412,0.5,1,0,0,0.0161172152,0,0,0,15.9349623,0,8.5565176,8.43064213,0,13.3238449,0,0,0,,,,50
82571538,0.5,1,0,0,0.0241758227,0,0,0,15.9349623,0,8.58062935,8.43064213,0,13.3238449,0,0,0,,,,50
82572669,0.5,1,0,0,0.0241758227,0,0,0,15.9349623,0,8.5565176,8.42853069,0,13.3309927,0,0,0,,,,50
82573795,0.5,1,0,0,0.0161172152,0,0,0,15.9349623,0,8.55953121,8.43064213,0,13.3309927,0,0,0,,,,50
82574921,0.5,1,0,0,0.0161172152,0,0,0,15.9349623,0,8.53240585,8.43064213,0,13.3309927,0,0,0,,,,50
82576047,0.5,1,0,0,0.0241758227,0,0,0,15.9349623,0,8.54747581,8.42853069,0,13.3166971,0,0,0,,,,50
82577173,0.5,1,0,0,0.0161172152,0,0,0,15.9349623,0,8.52637863,8.43064213,0,13.3309927,0,0,0,,,,50
82578299,0.5,1,0,0,0.0161172152,0,0,0,15.9395075,0,8.5565176,8.42430782,0,13.3309927,0,0,0,,,,50
82579633,0.5,1,0,0,0.0241758227,0,0,0,15.9349623,0,8.52939224,8.43064213,0,13.3238449,0,0,0,,,,50
82580759,0.5,1,0,0,0.0241758227,0,0,0,15.9395075,0,8.55048943,8.43064213,0,13.3238449,0,0,0,,,,50
82581885,0.5,1,0,0,0.0241758227,0,0,0,15.9349623,0,8.58665657,8.42641926,0,13.3309927,0,0,0,,,,50
82583011,0.5,1,0,0,0.0161172152,0,0,0,15.9349623,0,8.55350399,8.43064213,0,13.3238449,0,0,0,,,,50
82584137,0.5,1,0,0,0.0241758227,0,0,0,15.9349623,0,8.55048943,8.43064213,0,13.3238449,0,0,0,,,,50
82585263,0.5,1,0,0,0.0161172152,0,0,0,15.9349623,0,8.52336502,8.43064213,0,13.3238449,0,0,0,,,,50
82586389,0.5,1,0,0,0.0161172152,0,0,0,15.9395075,0,8.53843403,8.43064213,0,13.3309927,0,0,0,,,,50
82587520,0.5,1,0,0,0.0241758227,0,0,0,15.9349623,0,8.52035046,8.43064213,0,13.3309927,0,0,0,,,,50
82588646,0.5,1,0,0,0.0161172152,0,0,0,15.9349623,0,8.57158756,8.43064213,0,13.3309927,0,0,0,,,,50
82589772,0.5,1,0,0,0.00805860758,0,0,0,15.9349623,0,8.54747581,8.42853069,0,13.3238449,0,0,0,,,,50
82590898,0.5,1,0,0,0.0241758227,0,0,0,15.9395075,0,8.54144764,8.43064213,0,13.3238449,0,0,0,,,,50
82592024,0.5,1,0,0,0.0241758227,0,0,0,15.9349623,0,8.53240585,8.43064213,0,13.3166971,0,0,0,,,,50
82593150,0.5,1,0,0,0.0161172152,0,0,0,15.9304171,0,8.53542042,8.43064213,0,13.3309927,0,0,0,,,,50
82594276,0.5,1,0,0,0.0161172152,0,0,0,15.9349623,0,8.55953121,8.43064213,0,13.3309927,0,0,0,,,,50
82595406,0.5,1,0,0,0.0161172152,0,0,0,15.9349623,0,8.53240585,8.43064213,0,13.3309927,0,0,0,,,,50
82596532,0.5,1,0,0,0.0241758227,0,0,0,15.9349623,0,8.54144764,8.42853069,0,13.3309927,0,0,0,,,,50
82597658,0.5,1,0,0,0.0161172152,0,0,0,15.9349623,0,8.52939224,8.43064213,0,13.3238449,0,0,0,,,,50
82598784,0.5,1,0,0,0.0241758227,0,0,0,15.9349623,0,8.59268475,8.43064213,0,13.3238449,0,0,0,,,,50
82600114,0.5,1,0,0,0.0241758227,0,0,0,15.9349623,0,8.55350399,8.43064213,0,13.3309927,0,0,0,,,,50
82601240,0.5,1,0,0,0.0161172152,0,0,0,15.9395075,0,8.52637863,8.43064213,0,13.3309927,0,0,0,,,,50
82602366,0.5,1,0,0,0.0161172152,0,0,0,15.9349623,0,8.53843403,8.43064213,0,13.3309927,0,0,0,,,,50
82603497,0.5,1,0,0,0.0241758227,0,0,0,15.9349623,0,8.49925327,8.43064213,0,13.3309927,0,0,0,,,,50
82604623,0.5,1,0,0,0.0161172152,0,0,0,15.9349623,0,8.5565176,8.43064213,0,13.3309927,0,0,0,,,,50
82605749,0.5,1,0,0,0.0161172152,0,0,0,15.9349623,0,8.54747581,8.43064213,0,13.3309927,0,0,0,,,,50
82606875,0.5,1,0,0,0.0161172152,0,0,0,15.9349623,0,8.54747581,8.43064213,0,13.3381405,0,0,0,,,,50
82608001,0.5,1,0,0,0.0161172152,0,0,0,15.9349623,0,8.57158756,8.43064213,0,13.3238449,0,0,0,,,,50
82609127,0.5,1,0,0,0.0161172152,0,0,0,15.9349623,0,8.568573,8.42430782,0,13.3309927,0,0,0,,,,50
82610257,0.5,1,0,0,0.0161172152,0,0,0,15.9349623,0,8.53240585,8.43064213,0,13.3238449,0,0,0,,,,50
82611383,0.5,1,0,0,0.0161172152,0,0,0,15.9349623,0,8.57158756,8.43064213,0,13.3238449,0,0,0,,,,50
82612509,0.5,1,0,0,0.0241758227,0,0,0,15.9349623,0,8.54144764,8.43064213,0,13.3238449,0,0,0,,,,50
82613635,0.5,1,0,0,0.0241758227,0,0,0,15.9395075,0,8.5565176,8.43064213,0,13.3309927,0,0,0,,,,50
82614761,0.5,1,0,0,0.0241758227,0,0,0,15.9349623,0,8.5444622,8.42430782,0,13.3309927,0,0,0,,,,50
82615887,0.5,1,0,0,0.0161172152,0,0,0,15.9349623,0,8.54747581,8.43275356,0,13.3309927,0,0,0,,,,50
82617013,0.5,1,0,0,0.0161172152,0,0,0,15.9349623,0,8.55953121,8.43275356,0,13.3238449,0,0,0,,,,50
82618144,0.5,1,0,0,0.0161172152,0,0,0,15.9395075,0,8.53542042,8.43064213,0,13.3238449,0,0,0,,,,50
82619270,0.5,1,0,0,0.0241758227,0,0,0,15.9349623,0,8.52336502,8.43064213,0,13.3238449,0,0,0,,,,50
82620396,0.5,1,0,0,0.0322344303,0,0,0,15.9349623,0,8.53240585,8.43064213,0,13.3238449,0,0,0,,,,50
82621725,0.5,1,0,0,0.0161172152,0,0,0,15.9349623,0,8.55048943,8.43064213,0,13.3238449,0,0,0,,,,50
82622851,0.5,1,0,0,0.0161172152,0,0,0,15.9395075,0,8.55350399,8.43064213,0,13.3309927,0,0,0,,,,50
82623977,0.5,1,0,0,0.0241758227,0,0,0,15.9349623,0,8.55048943,8.43064213,0,13.3309927,0,0,0,,,,50
82625103,0.5,1,0,0,0.0241758227,0,0,0,15.9349623,0,8.55350399,8.43064213,0,13.3238449,0,0,0,,,,50
82626234,0.5,1,0,0,0.0241758227,0,0,0,15.9395075,0,8.53240585,8.43064213,0,13.3238449,0,0,0,,,,50
82627360,0.5,1,0,0,0.0241758227,0,0,0,15.9349623,0,8.50528145,8.43064213,0,13.3238449,0,0,0,,,,50
82628486,0.5,1,0,0,0.0161172152,0,0,0,15.9349623,0,8.53240585,8.42853069,0,13.3309927,0,0,0,,,,50
82629612,0.5,1,0,0,0.0161172152,0,0,0,15.9349623,0,8.5565176,8.43064213,0,13.3309927,0,0,0,,,,50
82630738,0.5,1,0,0,0.0161172152,0,0,0,15.9349623,0,8.52035046,8.42853069,0,13.3238449,0,0,0,,,,50
82631864,0.5,1,0,0,0.0161172152,0,0,0,15.9349623,0,8.54144764,8.42853069,0,13.3309927,0,0,0,,,,50
82632994,0.5,1,0,0,0.0241758227,0,0,0,15.9349623,0,8.53240585,8.43064213,0,13.3238449,0,0,0,,,,50
82634120,0.5,1,0,0,0.0161172152,0,0,0,15.9349623,0,8.58062935,8.43064213,0,13.3238449,0,0,0,,,,50
82635246,0.5,1,0,0,0.0241758227,0,0,0,15.9349623,0,8.54144764,8.43064213,0,13.3309927,0,0,0,,,,50
82636372,0.5,1,0,0,0.0241758227,0,0,0,15.9349623,0,8.56555939,8.42853069,0,13.3238449,0,0,0,,,,50
82637498,0.5,1,0,0,0.0241758227,0,0,0,15.9349623,0,8.5565176,8.43064213,0,13.3309927,0,0,0,,,,50
82638624,0.5,1,0,0,0.0241758227,0,0,0,15.9349623,0,8.52939224,8.43064213,0,13.3238449,0,0,0,,,,50
82639750,0.5,1,0,0,0.0241758227,0,0,0,15.9349623,0,8.52637863,8.43064213,0,13.3309927,0,0,0,,,,50
82640881,0.5,1,0,0,0.0161172152,0,0,0,15.9349623,0,8.5565176,8.43064213,0,13.3309927,0,0,0,,,,50
82642211,0.5,1,0,0,0.0161172152,0,0,0,15.9349623,0,8.52939224,8.43064213,0,13.3238449,0,0,0,,,,50
82643337,0.5,1,0,0,0.0161172152,0,0,0,15.9349623,0,8.54747581,8.43064213,0.00714798551,13.3238449,0,0,0,,,,50
82644463,0.5,1,0,0,0.0161172152,0,0,0,15.9349623,0,8.55048943,8.42853069,0,13.3309927,0,0,0,,,,50
82645589,0.5,1,0,0,0.0161172152,0,0,0,15.9349623,0,8.54747581,8.42219639,0,13.3309927,0,0,0,,,,50
82646715,0.5,1,0,0,0.0161172152,0,0,0,15.9349623,0,8.52939224,8.43064213,0,13.3238449,0,0,0,,,,50
82647840,0.5,1,0,0,0.0161172152,0,0,0,15.9349623,0,8.53542042,8.43064213,0,13.3238449,0,0,0,,,,50
82648971,0.5,1,0,0,0.0161172152,0,0,0,15.9349623,0,8.5565176,8.43064213,0,13.3309927,0,0,0,,,,50
82650097,0.5,1,0,0,0.00805860758,0,0,0,15.9349623,0,8.53843403,8.42853069,0,13.3238449,0,0,0,,,,50
82651223,0.5,1,0,0,0.0241758227,0,0,0,15.9304171,0,8.49021149,8.42853069,0,13.3238449,0,0,0,,,,50
82652349,0.5,1,0,0,0.0161172152,0,0,0,15.9349623,0,8.53542042,8.43064213,0,13.3238449,0,0,0,,,,50
82653475,0.5,1,0,0,0.0241758227,0,0,0,15.9349623,0,8.55048943,8.43064213,0,13.3309927,0,0,0,,,,50
82654601,0.5,1,0,0,0.0161172152,0,0,0,15.9349623,0,8.53542042,8.42853069,0,13.3309927,0,0,0,,,,50
82655727,0.5,1,0,0,0.0241758227,0,0,0,15.9395075,0,8.52939224,8.43064213,0,13.3309927,0,0,0,,,,50
82656858,0.5,1,0,0,0.00805860758,0,0,0,15.9349623,0,8.55048943,8.43064213,0,13.3238449,0,0,0,,,,50
82657984,0.5,1,0,0,0.0241758227,0,0,0,15.9349623,0,8.55350399,8.43064213,0,13.3238449,0,0,0,,,,50
82659110,0.5,1,0,0,0.0241758227,0,0,0,15.9349623,0,8.55953121,8.42853069,0,13.3309927,0,0,0,,,,50
82660236,0.5,1,0,0,0.0161172152,0,0,0,15.9304171,0,8.53843403,8.43064213,0,13.3309927,0,0,0,,,,50
82661361,0.5,1,0,0,0.0241758227,0,0,0,15.9349623,0,8.53542042,8.43064213,0,13.3238449,0,0,0,,,,50
82662487,0.5,1,0,0,0.0241758227,0,0,0,15.9349623,0,8.57460117,8.43064213,0,13.3238449,0,0,0,,,,50
82663822,0.5,1,0,0,0.0322344303,0,0,0,15.9349623,0,8.57761478,8.43064213,0,13.3309927,0,0,0,,,,50
82664948,0.5,1,0,0,0.0161172152,0,0,0,15.9349623,0,8.53843403,8.43064213,0.00714798551,13.3238449,0,0,0,,,,50
82666074,0.5,1,0,0,0.0161172152,0,0,0,15.9349623,0,8.54747581,8.43064213,0,13.3238449,0,0,0,,,,50
82667200,0.5,1,0,0,0.0161172152,0,0,0,15.9395075,0,8.55350399,8.43064213,0,13.3309927,0,0,0,,,,50
82668326,0.5,1,0,0,0.0161172152,0,0,0,15.9349623,0,8.5444622,8.43064213,0,13.3238449,0,0,0,,,,50
82669452,0.5,1,0,0,0.0161172152,0,0,0,15.9349623,0,8.51733685,8.43064213,0,13.3238449,0,0,0,,,,50
82670578,0.5,1,0,0,0.0161172152,0,0,0,15.9349623,0,8.52035046,8.42853069,0,13.3238449,0,0,0,,,,50
82671709,0.5,1,0,0,0.0241758227,0,0,0,15.9349623,0,8.53843403,8.43275356,0,13.3238449,0,0,0,,,,50
82672835,0.5,1,0,0,0.0161172152,0,0,0,15.9349623,0,8.53240585,8.43064213,0,13.3309927,0,0,0,,,,50
82673961,0.5,1,0,0,0.0241758227,0,0,0,15.9349623,0,8.49021149,8.43064213,0,13.3238449,0,0,0,,,,50
82675086,0.5,1,0,0,0.0161172152,0,0,0,15.9395075,0,8.53542042,8.43064213,0,13.3309927,0,0,0,,,,50
82676212,0.5,1,0,0,0.0161172152,0,0,0,15.9349623,0,8.54747581,8.42641926,0,13.3238449,0,0,0,,,,50
82677338,0.5,1,0,0,0.0241758227,0,0,0,15.9349623,0,8.54747581,8.43064213,0,13.3309927,0,0,0,,,,50
82678464,0.5,1,0,0,0.0241758227,0,0,0,15.9349623,0,8.54144764,8.42430782,0,13.3238449,0,0,0,,,,50
82679595,0.5,1,0,0,0.0161172152,0,0,0,15.9395075,0,8.56254578,8.43064213,0,13.3309927,0,0,0,,,,50
82680721,0.5,1,0,0,0.0241758227,0,0,0,15.9349623,0,8.56555939,8.43064213,0,13.3309927,0,0,0,,,,50
82681847,0.5,1,0,0,0.0241758227,0,0,0,15.9349623,0,8.55350399,8.43064213,0,13.3309927,0,0,0,,,,50
82682973,0.5,1,0,0,0.0161172152,0,0,0,15.9349623,0,8.54747581,8.43064213,0,13.3238449,0,0,0,,,,50
82684303,0.5,1,0,0,0.0241758227,0,0,0,15.9349623,0,8.5565176,8.43275356,0,13.3309927,0,0,0,,,,50
82685429,0.5,1,0,0,0.0161172152,0,0,0,15.9349623,0,8.51733685,8.43064213,0,13.3309927,0,0,0,,,,50
82686555,0.5,1,0,0,0.0161172152,0,0,0,15.9349623,0,8.54747581,8.43064213,0,13.3309927,0,0,0,,,,50
82687686,0.5,1,0,0,0.0161172152,0,0,0,15.9349623,0,8.55048943,8.43064213,0,13.3309927,0,0,0,,,,50
82688811,0.5,1,0,0,0.0161172152,0,0,0,15.9349623,0,8.53843403,8.43064213,0,13.3238449,0,0,0,,,,50
82689937,0.5,1,0,0,0.0161172152,0,0,0,15.9349623,0,8.52336502,8.43275356,0,13.3238449,0,0,0,,,,50
82691063,0.5,1,0,0,0.0322344303,0,0,0,15.9349623,0,8.53542042,8.43064213,0,13.3095493,0,0,0,,,,50
82692189,0.5,1,0,0,0.0161172152,0,0,0,15.9395075,0,8.54144764,8.43275356,0,13.3309927,0,0,0,,,,50
82693315,0.5,1,0,0,0.0241758227,0,0,0,15.9395075,0,8.55350399,8.43064213,0,13.3238449,0,0,0,,,,50
82694446,0.5,1,0,0,0.0241758227,0,0,0,15.9349623,0,8.49925327,8.43064213,0,13.3309927,0,0,0,,,,50
82695572,0.5,1,0,0,0.0241758227,0,0,0,15.9349623,0,8.53542042,8.43064213,0,13.3238449,0,0,0,,,,50
82696698,0.5,1,0,0,0.0241758227,0,0,0,15.9349623,0,8.5444622,8.43064213,0,13.3309927,0,0,0,,,,50
82697824,0.5,1,0,0,0.0161172152,0,0,0,15.9349623,0,8.52336502,8.43064213,0,13.3309927,0,0,0,,,,50
82698950,0.5,1,0,0,0.0161172152,0,0,0,15.9349623,0,8.52939224,8.43064213,0,13.3309927,0,0,0,,,,50
82700076,0.5,1,0,0,0.0161172152,0,0,0,15.9395075,0,8.52637863,8.43064213,0,13.3024006,0,0,0,,,,50
82701202,0.5,1,0,0,0.0241758227,0,0,0,15.9349623,0,8.52336502,8.43064213,0,13.3381405,0,0,0,,,,50
82702332,0.5,1,0,0,0.0161172152,0,0,0,15.9349623,0,8.56254578,8.43275356,0,13.3309927,0,0,0,,,,50
82703458,0.5,1,0,0,0.0241758227,0,0,0,15.9349623,0,8.5444622,8.43064213,0,13.3238449,0,0,0,,,,50
82704788,0.5,1,0,0,0.0161172152,0,0,0,15.9395075,0,8.57158756,8.43064213,0,13.3238449,0,0,0,,,,50
82705914,0.5,1,0,0,0.0241758227,0,0,0,15.9349623,0,8.4932251,8.43064213,0,13.3238449,0,0,0,,,,50
82707040,0.5,1,0,0,0.0161172152,0,0,0,15.9349623,0,8.55048943,8.43275356,0,13.3095493,0,0,0,,,,50
82708166,0.5,1,0,0,0.0241758227,0,0,0,15.9349623,0,8.54144764,8.43064213,0,13.3238449,0,0,0,,,,50
82709292,0.5,1,0,0,0.0161172152,0,0,0,15.9349623,0,8.56254578,8.43064213,0,13.3309927,0,0,0,,,,50
82710423,0.5,1,0,0,0.00805860758,0,0,0,15.9349623,0,8.55048943,8.43064213,0,13.3309927,0,0,0,,,,50
82711549,0.5,1,0,0,0.0241758227,0,0,0,15.9349623,0,8.5565176,8.43275356,0,13.3309927,0,0,0,,,,50
82712675,0.5,1,0,0,0.0161172152,0,0,0,15.9349623,0,8.5565176,8.43064213,0,13.3309927,0,0,0,,,,50
82713801,0.5,1,0,0,0.0241758227,0,0,0,15.9349623,0,8.55048943,8.43064213,0,13.3238449,0,0,0,,,,50
82714927,0.5,1,0,0,0.0241758227,0,0,0,15.9349623,0,8.56254578,8.43064213,0,13.3309927,0,0,0,,,,50
82716053,0.5,1,0,0,0.0161172152,0,0,0,15.9304171,0,8.58364296,8.43275356,0,13.3166971,0,0,0,,,,50
82717179,0.5,1,0,0,0.0161172152,0,0,0,15.9395075,0,8.55350399,8.43064213,0,13.3309927,0,0,0,,,,50
82718309,0.5,1,0,0,0.0161172152,0,0,0,15.9349623,0,8.52939224,8.43064213,0,13.3238449,0,0,0,,,,50
82719435,0.5,1,0,0,0.0161172152,0,0,0,15.9395075,0,8.568573,8.42430782,0,13.3238449,0,0,0,,,,50
82720561,0.5,1,0,0,0.0241758227,0,0,0,15.9349623,0,8.55048943,8.43064213,0,13.3309927,0,0,0,,,,50
82721687,0.5,1,0,0,0.0161172152,0,0,0,15.9304171,0,8.55350399,8.43064213,0,13.3238449,0,0,0,,,,50
82722813,0.5,1,0,0,0.0322344303,0,0,0,15.9349623,0,8.53240585,8.43064213,0,13.3309927,0,0,0,,,,50
82723939,0.5,1,0,0,0.0241758227,0,0,0,15.9349623,0,8.52035046,8.43064213,0,13.3309927,0,0,0,,,,50
82725070,0.5,1,0,0,0.0161172152,0,0,0,15.9349623,0,8.53240585,8.42430782,0,13.3238449,0,0,0,,,,50
82726400,0.5,1,0,0,0.0241758227,0,0,0,15.9395075,0,8.50226688,8.43064213,0,13.3309927,0,0,0,,,,50
82727526,0.5,1,0,0,0.0161172152,0,0,0,15.9349623,0,8.54747581,8.43064213,0,13.3309927,0,0,0,,,,50
82728652,0.5,1,0,0,0.0161172152,0,0,0,15.9349623,0,8.55350399,8.42853069,0,13.3309927,0,0,0,,,,50
82729778,0.5,1,0,0,0.0322344303,0,0,0,15.9349623,0,8.54144764,8.43064213,0,13.3238449,0,0,0,,,,50
82730904,0.5,1,0,0,0.0241758227,0,0,0,15.9349623,0,8.58364296,8.42641926,0,13.3309927,0,0,0,,,,50
82732030,0.5,1,0,0,0.0161172152,0,0,0,15.9349623,0,8.55350399,8.43064213,0,13.3166971,0,0,0,,,,50
82733160,0.5,1,0,0,0.0161172152,0,0,0,15.9395075,0,8.56254578,8.43064213,0,13.3309927,0,0,0,,,,50
82734286,0.5,1,0,0,0.0161172152,0,0,0,15.9349623,0,8.57158756,8.43064213,0,13.3238449,0,0,0,,,,50
82735412,0.5,1,0,0,0.00805860758,0,0,0,15.9395075,0,8.5444622,8.43064213,0,13.3238449,0,0,0,,,,50
82736538,0.5,1,0,0,0.0161172152,0,0,0,15.9349623,0,8.52035046,8.42853069,0,13.3309927,0,0,0,,,,50
82737664,0.5,1,0,0,0.00805860758,0,0,0,15.9349623,0,8.52637863,8.43064213,0,13.3309927,0,0,0,,,,50
82738790,0.5,1,0,0,0.0241758227,0,0,0,15.9349623,0,8.52939224,8.43064213,0,13.3309927,0,0,0,,,,50
82739916,0.5,1,0,0,0.0241758227,0,0,0,15.9304171,0,8.54747581,8.43064213,0,13.3309927,0,0,0,,,,50
82741047,0.5,1,0,0,0.0161172152,0,0,0,15.9349623,0,8.5444622,8.43064213,0,13.3238449,0,0,0,,,,50
82742173,0.5,1,0,0,0.0161172152,0,0,0,15.9395075,0,8.52336502,8.43064213,0,13.3238449,0,0,0,,,,50
82743299,0.5,1,0,0,0.0161172152,0,0,0,15.9349623,0,8.53542042,8.43064213,0,13.3309927,0,0,0,,,,50
82744425,0.5,1,0,0,0.0161172152,0,0,0,15.9349623,0,8.54747581,8.42853069,0,13.3309927,0,0,0,,,,50
82745551,0.5,1,0,0,0.0241758227,0,0,0,15.9349623,0,8.59268475,8.43064213,0,13.3238449,0,0,0,,,,50
82746881,0.5,1,0,0,0.0161172152,0,0,0,15.9304171,0,8.53843403,8.43064213,0,13.3238449,0,0,0,,,,50
82748007,0.5,1,0,0,0.0161172152,0,0,0,15.9349623,0,8.55350399,8.42430782,0,13.3238449,0,0,0,,,,50
82749137,0.5,1,0,0,0.0161172152,0,0,0,15.9349623,0,8.50226688,8.42853069,0,13.3238449,0,0,0,,,,50
82750263,0.5,1,0,0,0.0241758227,0,0,0,15.9349623,0,8.56254578,8.42853069,0,13.3309927,0,0,0,,,,50
82751389,0.5,1,0,0,0.0241758227,0,0,0,15.9349623,0,8.55350399,8.43064213,0,13.3309927,0,0,0,,,,50
82752515,0.5,1,0,0,0.0161172152,0,0,0,15.9349623,0,8.52637863,8.43064213,0,13.3309927,0,0,0,,,,50
82753641,0.5,1,0,0,0.0241758227,0,0,0,15.9349623,0,8.52336502,8.43064213,0,13.3309927,0,0,0,,,,50
82754767,0.5,1,0,0,0.0161172152,0,0,0,15.9349623,0,8.5565176,8.43064213,0,13.3309927,0,0,0,,,,50
82755898,0.5,1,0,0,0.0322344303,0,0,0,15.9395075,0,8.50528145,8.43064213,0,13.3309927,0,0,0,,,,50
82757024,0.5,1,0,0,0.0241758227,0,0,0,15.9349623,0,8.55048943,8.43064213,0,13.3238449,0,0,0,,,,50
82758150,0.5,1,0,0,0.0241758227,0,0,0,15.9349623,0,8.52035046,8.43064213,0,13.3309927,0,0,0,,,,50
82759276,0.5,1,0,0,0.0241758227,0,0,0,15.9349623,0,8.58364296,8.43064213,0,13.3309927,0,0,0,,,,50
82760402,0.5,1,0,0,0.0161172152,0,0,0,15.9349623,0,8.53542042,8.43275356,0,13.3309927,0,0,0,,,,50
82761528,0.5,1,0,0,0.0241758227,0,0,0,15.9349623,0,8.49623966,8.42430782,0,13.3309927,0,0,0,,,,50
82762654,0.5,1,0,0,0.0241758227,0,0,0,15.9349623,0,8.55048943,8.43275356,0,13.3238449,0,0,0,,,,50
82763784,0.5,1,0,0,0.0241758227,0,0,0,15.9395075,0,8.51432323,8.42430782,0,13.3309927,0,0,0,,,,50
82764910,0.5,1,0,0,0.0241758227,0,0,0,15.9349623,0,8.53240585,8.43064213,0,13.3238449,0,0,0,,,,50
82766036,0.5,1,0,0,0.0241758227,0,0,0,15.9349623,0,8.51733685,8.43064213,0,13.3166971,0,0,0,,,,50
82767162,0.5,1,0,0,0.0161172152,0,0,0,15.9349623,0,8.52939224,8.43064213,0,13.3309927,0,0,0,,,,50
82768492,0.5,1,0,0,0.0161172152,0,0,0,15.9349623,0,8.54144764,8.43064213,0,13.3309927,0,0,0,,,,50
82769618,0.5,1,0,0,0.0161172152,0,0,0,15.9349623,0,8.56555939,8.43064213,0,13.3309927,0,0,0,,,,50
82770744,0.5,1,0,0,0.0241758227,0,0,0,15.9304171,0,8.56555939,8.43064213,0,13.3238449,0,0,0,,,,50
82771875,0.5,1,0,0,0.0161172152,0,0,0,15.9349623,0,8.52336502,8.43064213,0,13.3309927,0,0,0,,,,50
82773001,0.5,1,0,0,0.0241758227,0,0,0,15.9440527,0,8.57158756,8.42430782,0,13.3309927,0,0,0,,,,50
82774127,0.5,1,0,0,0.0161172152,0,0,0,15.9349623,0,8.57460117,8.43064213,0,13.3309927,0,0,0,,,,50
82775253,0.5,1,0,0,0.0241758227,0,0,0,15.9349623,0,8.58665657,8.43064213,0,13.3309927,0,0,0,,,,50
82776379,0.5,1,0,0,0.0161172152,0,0,0,15.9349623,0,8.568573,8.43064213,0,13.3238449,0,0,0,,,,50
82777505,0.5,1,0,0,0.0161172152,0,0,0,15.9349623,0,8.5444622,8.43064213,0,13.3238449,0,0,0,,,,50
82778635,0.5,1,0,0,0.0161172152,0,0,0,15.9349623,0,8.56254578,8.43275356,0,13.3238449,0,0,0,,,,50
82779761,0.5,1,0,0,0.0161172152,0,0,0,15.9349623,0,8.55350399,8.43064213,0,13.3238449,0,0,0,,,,50
82780887,0.5,1,0,0,0.0161172152,0,0,0,15.9349623,0,8.51432323,8.43064213,0,13.3309927,0,0,0,,,,50
82782014,0.5,1,0,0,0.0241758227,0,0,0,15.9349623,0,8.53843403,8.43064213,0,13.3238449,0,0,0,,,,50
82783148,0.5,1,3,0,0.0161172152,0,0,0,15.9349623,5.56871319,8.53240585,8.43064213,0,13.3309927,5.56871319,3,0,,,,50
82784274,0.5,1,3,0,0.0161172152,0,0,0,15.9349623,5.56871319,8.55350399,8.43064213,0,13.3309927,5.56871319,3,0,,,,50
82785405,0.5,1,3,0,0.0483516455,0,0,0,15.9304171,12,8.4932251,8.43064213,0,13.3238449,22.8782215,0.139639586,0,,,,50
82786536,0.5,1,3,0,0.0725274682,0,0,0,15.9349623,12,8.46007252,8.42853069,0,13.3309927,22.8782215,0.139639586,0,,,,50
82787666,0.5,0.766666651,3,0,0.185347974,0.056410253,0,0,15.9349623,12,8.36965466,8.37152386,0,13.3238449,15.4432449,1.2846806,0,,,,50
82788996,0.5,0.571428597,3,0,0.193406582,0.145054936,0,0,15.9213276,12,8.37568283,8.33563042,0,13.3166971,15.4432449,1.2846806,0,,,,50
82790127,0.5,0.557692289,3,0,0.23369962,0.185347974,0,0,15.9122372,12,8.35157108,8.32296276,0,13.3166971,17.1476192,1.51153362,0,,,,50
82791253,0.5,0.550000012,3,0,0.26593405,0.217582405,0,0,15.9122372,12,8.30937672,8.31451702,0,13.3166971,17.1476192,1.51153362,0,,,,50
82792384,0.5,0.550724626,3,0,0.306227088,0.249816835,0,0,15.9031467,12,8.27923679,8.29551506,0,13.3095493,18.8070526,0.844410241,0,,,,50
82793510,0.5,0.566265047,3,0,0.378754556,0.290109873,0,0,15.8940573,12,8.21895885,8.28284645,0,13.3024006,18.8070526,0.844410241,0,,,,50
82794645,0.5,0.551282048,3,0,0.346520126,0.282051265,0,0,15.9031467,12,8.24005604,8.26806736,0,13.3095493,15.1675367,2.13798189,0,,,,50
82795771,0.5,0.561643839,3,0,0.330402911,0.257875443,0,0,15.9031467,12,8.26115322,8.28706932,0,13.3095493,15.1675367,2.13798189,0,,,,50
82796902,0.5,0.55384618,3,0,0.290109873,0.23369962,0,0,15.9122372,12,8.31540394,8.32085133,0,13.3095493,19.9828568,0.83742404,0,,,,50
82798028,0.5,0.551724136,3,0,0.257875443,0.209523797,0,0,15.9122372,12,8.30334854,8.32085133,0,13.3024006,19.9828568,0.83742404,0,,,,50
82799159,0.5,0.573529422,3,0,0.314285696,0.23369962,0,0,15.907692,12,8.29732037,8.30818272,0,13.3166971,14.4820957,2.50025916,0,,,,50
82800285,0.5,0.555555582,3,0,0.282051265,0.225641012,0,0,15.907692,12,8.30334854,8.32085133,0,13.3166971,14.4820957,2.50025916,0,,,,50
82801415,0.5,0.543859661,3,0,0.249816835,0.209523797,0,0,15.9167824,12,8.3425293,8.3314085,0,13.3166971,20.3953781,0.977466881,0,,,,50
82802547,0.5,0.579999983,3,0,0.23369962,0.169230759,0,0,15.9122372,12,8.34855747,8.33563042,0,13.3166971,20.3953781,0.977466881,0,,,,50
82803677,0.5,0.5625,3,0,0.217582405,0.169230759,0,0,15.9213276,12,8.35458469,8.33985329,0,13.3166971,14.2468042,2.76705909,0,,,,50
82804803,0.5,0.545454562,3,0,0.193406582,0.161172152,0,0,15.9213276,12,8.37869644,8.35041046,0,13.3166971,14.2468042,2.76705909,0,,,,50
82805934,0.5,0.571428597,3,0,0.225641012,0.169230759,0,0,15.9213276,12,8.35759926,8.33563042,0,13.3166971,20.5421257,1.16521013,0,,,,50
82807060,0.5,0.57407409,3,0,0.249816835,0.185347974,0,0,15.9122372,12,8.33650112,8.3250742,0,13.2952528,20.5421257,1.16521013,0,,,,50
82808190,0.5,0.573770463,3,0,0.282051265,0.209523797,0,0,15.907692,12,8.33951569,8.31662846,0,13.3166971,14.1680641,2.99722171,0,,,,50
82809322,0.5,0.540983617,3,0,0.26593405,0.225641012,0,0,15.907692,12,8.30636215,8.31451702,0,13.3095493,14.1680641,2.99722171,0,,,,50
82810656,0.5,0.560606062,3,0,0.29816848,0.23369962,0,0,15.9122372,12,8.29430676,8.3039608,0,13.3095493,20.5962887,1.36619353,0,,,,50
82811783,0.5,0.568965495,3,0,0.26593405,0.201465189,0,0,15.9167824,12,8.33650112,8.31662846,0,13.3166971,20.5962887,1.36619353,0,,,,50
82812913,0.5,0.568627477,3,0,0.23369962,0.177289367,0,0,15.9122372,12,8.33951569,8.33351898,0,13.3166971,14.143712,3.21132421,0,,,,50
82814039,0.5,0.557692289,3,0,0.23369962,0.185347974,0,0,15.9167824,12,8.35458469,8.33563042,0,13.3024006,14.143712,3.21132421,0,,,,50
82815170,0.5,0.563636363,3,0,0.249816835,0.193406582,0,0,15.9122372,12,8.35759926,8.33774185,0,13.3166971,20.6181431,1.56852317,0,,,,50
82816296,0.5,0.553571403,3,0,0.249816835,0.201465189,0,0,15.9122372,12,8.35157108,8.32718563,0,13.3166971,20.6181431,1.56852317,0,,,,50
82817431,0.5,0.561403513,3,0,0.257875443,0.201465189,0,0,15.9122372,12,8.32444572,8.3250742,0,13.3095493,14.1381969,3.41662478,0,,,,50
82818557,0.5,0.534482777,3,0,0.249816835,0.217582405,0,0,15.907692,12,8.33348751,8.32296276,0,13.3309927,14.1381969,3.41662478,0,,,,50
82819688,0.5,0.551724136,3,0,0.257875443,0.209523797,0,0,15.9122372,12,8.33348751,8.32296276,0,13.3166971,20.628664,1.76815569,0,,,,50
82820815,0.5,0.5090909,3,0,0.225641012,0.217582405,0,0,15.9122372,12,8.33951569,8.32718563,0,13.3024006,20.628664,1.76815569,0,,,,50
82821945,0.5,0.589285731,3,0,0.26593405,0.185347974,0,0,15.9167824,12,8.34554291,8.33351898,0,13.3166971,14.1391516,3.61574292,0,,,,50
82823071,0.5,0.547169805,3,0,0.23369962,0.193406582,0,0,15.9167824,12,8.3425293,8.33351898,0,13.3024006,14.1391516,3.61574292,0,,,,50
82824201,0.5,0.566037714,3,0,0.241758227,0.185347974,0,0,15.9167824,12,8.36061287,8.33774185,0,13.3166971,20.6351566,1.96377635,0,,,,50
82825333,0.5,0.549019635,3,0,0.225641012,0.185347974,0,0,15.9213276,12,8.36664104,8.34829903,0,13.3166971,20.6351566,1.96377635,0,,,,50
82826463,0.5,0.541666687,3,0,0.209523797,0.177289367,0,0,15.9213276,12,8.37266827,8.33985329,0,13.3238449,14.1422739,3.80968189,0,,,,50
82827589,0.5,0.574468076,3,0,0.217582405,0.161172152,0,0,15.9213276,12,8.36965466,8.35041046,0,13.3166971,14.1422739,3.80968189,0,,,,50
82828720,0.5,0.541666687,3,0,0.209523797,0.177289367,0,0,15.9258718,12,8.36965466,8.34407616,0,13.3166971,20.6401634,2.15501785,0,,,,50
82829846,0.5,0.588235319,3,0,0.241758227,0.169230759,0,0,15.9122372,12,8.36664104,8.34618759,0,13.3166971,20.6401634,2.15501785,0,,,,50
82831181,0.5,0.543478251,3,0,0.201465189,0.169230759,0,0,15.9258718,12,8.36362648,8.34407616,0,13.3238449,14.1460676,3.99887919,0,,,,50
82832307,0.5,0.5625,3,0,0.217582405,0.169230759,0,0,15.9213276,12,8.36362648,8.35041046,0,13.3166971,14.1460676,3.99887919,0,,,,50
82833443,0.5,0.560000002,3,0,0.225641012,0.177289367,0,0,15.9213276,12,8.36061287,8.34618759,0,13.3166971,20.6445732,2.34183955,0,,,,50
82834569,0.5,0.551020384,3,0,0.217582405,0.177289367,0,0,15.9213276,12,8.36965466,8.34196472,0,13.3166971,20.6445732,2.34183955,0,,,,50
82835700,0.5,0.543478251,3,0,0.201465189,0.169230759,0,0,15.9213276,12,8.36061287,8.34407616,0,13.3238449,14.1500168,4.18357325,0,,,,50
82836826,0.5,0.553191483,3,0,0.209523797,0.169230759,0,0,15.9213276,12,8.39075184,8.34196472,0,13.3166971,14.1500168,4.18357325,0,,,,50
82837957,0.5,0.555555582,3,0,0.201465189,0.161172152,0,0,15.9167824,12,8.36664104,8.34618759,0,13.3166971,20.6486969,2.52431202,0,,,,50
82839083,0.5,0.543478251,3,0,0.201465189,0.169230759,0,0,15.9213276,12,8.37568283,8.35041046,0,13.3166971,20.6486969,2.52431202,0,,,,50
82840219,0.5,0.558139563,3,0,0.193406582,0.153113544,0,0,15.9213276,12,8.37266827,8.33774185,0,13.3166971,14.1539431,4.3639307,0,,,,50
82841345,0.5,0.574468076,3,0,0.217582405,0.161172152,0,0,15.9167824,12,8.36664104,8.34196472,0,13.3024006,14.1539431,4.3639307,0,,,,50
82842476,0.5,0.5625,3,0,0.217582405,0.169230759,0,0,15.9213276,12,8.34554291,8.33774185,0,13.3024006,20.6526451,2.70254207,0,,,,50
82843603,0.5,0.5625,3,0,0.217582405,0.169230759,0,0,15.9213276,12,8.34554291,8.33774185,0,13.3166971,20.6526451,2.70254207,0,,,,50
82844733,0.5,0.5625,3,0,0.217582405,0.169230759,0,0,15.9213276,12,8.35759926,8.33563042,0,13.3166971,14.1577864,4.54009056,0,,,,50
82845860,0.5,0.541666687,3,0,0.209523797,0.177289367,0,0,15.9167824,12,8.36664104,8.34196472,0,13.3166971,14.1577864,4.54009056,0,,,,50
82846990,0.5,0.529411793,3,0,0.217582405,0.193406582,0,0,15.9167824,12,8.36362648,8.33985329,0,13.3024006,20.6564598,2.876647,0,,,,50
82848122,0.5,0.557692289,3,0,0.23369962,0.185347974,0,0,15.9167824,12,8.36664104,8.33563042,0,13.3166971,20.6564598,2.876647,0,,,,50
82849252,0.5,0.568627477,3,0,0.23369962,0.177289367,0,0,15.9167824,12,8.34855747,8.33563042,0,13.3166971,14.1615286,4.71217966,0,,,,50
82850378,0.5,0.557692289,3,0,0.23369962,0.185347974,0,0,15.9167824,12,8.35458469,8.33351898,0,13.3238449,14.1615286,4.71217966,0,,,,50
82851509,0.5,0.557692289,3,0,0.23369962,0.185347974,0,0,15.9167824,12,8.35458469,8.33774185,0,13.3166971,20.6601562,3.04674459,0,,,,50
82852839,0.5,0.568627477,3,0,0.23369962,0.177289367,0,0,15.9167824,12,8.35458469,8.33985329,0,13.3166971,20.6601562,3.04674459,0,,,,50
82853970,0.5,0.551020384,3,0,0.217582405,0.177289367,0,0,15.9167824,12,8.35458469,8.34618759,0,13.3166971,14.1651649,4.88031816,0,,,,50
82855096,0.5,0.571428597,3,0,0.225641012,0.169230759,0,0,15.9167824,12,8.35157108,8.33774185,0,13.3166971,14.1651649,4.88031816,0,,,,50
82856231,0.5,0.557692289,3,0,0.23369962,0.185347974,0,0,15.9213276,12,8.35458469,8.34618759,0,13.3166971,20.6637421,3.2129519,0,,,,50
82857357,0.5,0.555555582,3,0,0.241758227,0.193406582,0,0,15.9213276,12,8.34855747,8.33563042,0,13.3166971,20.6637421,3.2129519,0,,,,50
82858488,0.5,0.571428597,3,0,0.257875443,0.193406582,0,0,15.9167824,12,8.35458469,8.33563042,0,13.3166971,14.1686964,5.0446229,0,,,,50
82859614,0.5,0.538461566,3,0,0.225641012,0.193406582,0,0,15.9167824,12,8.36664104,8.33351898,0,13.3166971,14.1686964,5.0446229,0,,,,50
82860745,0.5,0.547169805,3,0,0.23369962,0.193406582,0,0,15.9167824,12,8.34855747,8.33563042,0,13.3166971,20.6672211,3.37538171,0,,,,50
82861871,0.5,0.540000021,3,0,0.217582405,0.185347974,0,0,15.9167824,12,8.33650112,8.34196472,0.00714798551,13.3095493,20.6672211,3.37538171,0,,,,50
82863001,0.5,0.5625,3,0,0.217582405,0.169230759,0,0,15.9167824,12,8.35458469,8.33351898,0,13.3095493,14.1721249,5.20520592,0,,,,50
82864133,0.5,0.547169805,3,0,0.23369962,0.193406582,0,0,15.9167824,12,8.37266827,8.33774185,0,13.3166971,14.1721249,5.20520592,0,,,,50
82865263,0.5,0.517857134,3,0,0.23369962,0.217582405,0,0,15.9167824,12,8.34855747,8.33351898,0,13.3095493,20.670599,3.53414512,0,,,,50
82866390,0.5,0.57407409,3,0,0.249816835,0.185347974,0,0,15.9167824,12,8.35759926,8.33563042,0,13.3166971,20.670599,3.53414512,0,,,,50
82867520,0.5,0.561403513,3,0,0.257875443,0.201465189,0,0,15.9167824,12,8.32745934,8.33351898,0,13.3166971,14.1754532,5.36217594,0,,,,50
82868647,0.5,0.545454562,3,0,0.241758227,0.201465189,0,0,15.9167824,12,8.34855747,8.32718563,0,13.3166971,14.1754532,5.36217594,0,,,,50
82869777,0.5,0.571428597,3,0,0.257875443,0.193406582,0,0,15.9122372,12,8.33650112,8.33351898,0,13.3095493,20.6738777,3.6893487,0,,,,50
82870909,0.5,0.566666663,3,0,0.273992658,0.209523797,0,0,15.9122372,12,8.32745934,8.32718563,0,13.3095493,20.6738777,3.6893487,0,,,,50
82872039,0.5,0.563636363,3,0,0.249816835,0.193406582,0,0,15.9122372,12,8.3425293,8.32929707,0,13.3024006,14.1786852,5.51563883,0,,,,50
82873369,0.5,0.542372882,3,0,0.257875443,0.217582405,0,0,15.9122372,12,8.32444572,8.3250742,0,13.3166971,14.1786852,5.51563883,0,,,,50
82874500,0.5,0.551724136,3,0,0.257875443,0.209523797,0,0,15.9122372,12,8.33650112,8.3314085,0,13.3166971,20.6770611,3.84109712,0,,,,50
82875626,0.5,0.528301895,3,0,0.225641012,0.201465189,0,0,15.9167824,12,8.3425293,8.33774185,0,13.3238449,20.6770611,3.84109712,0,,,,50
82876757,0.5,0.529411793,3,0,0.217582405,0.193406582,0,0,15.9122372,12,8.35157108,8.33563042,0,13.3166971,14.1818218,5.6656971,0,,,,50
82877884,0.5,0.555555582,3,0,0.241758227,0.193406582,0,0,15.9122372,12,8.32745934,8.33351898,0,13.3166971,14.1818218,5.6656971,0,,,,50
82879019,0.5,0.553571403,3,0,0.249816835,0.201465189,0,0,15.9167824,12,8.3304739,8.32929707,0,13.3095493,20.680151,3.98949099,0,,,,50
82880145,0.5,0.563636363,3,0,0.249816835,0.193406582,0,0,15.9122372,12,8.32745934,8.32718563,0,13.3166971,20.680151,3.98949099,0,,,,50
82881276,0.5,0.551724136,3,0,0.257875443,0.209523797,0,0,15.9122372,12,8.32745934,8.32296276,0,13.3024006,14.1848669,5.81245041,0,,,,50
82882402,0.5,0.542372882,3,0,0.257875443,0.217582405,0,0,15.9122372,12,8.33348751,8.32929707,0,13.3166971,14.1848669,5.81245041,0,,,,50
82883533,0.5,0.559322059,3,0,0.26593405,0.209523797,0,0,15.9122372,12,8.3425293,8.32718563,0,13.3166971,20.6831493,4.1346283,0,,,,50
82884659,0.5,0.55737704,3,0,0.273992658,0.217582405,0,0,15.9122372,12,8.35458469,8.32718563,0,13.3166971,20.6831493,4.1346283,0,,,,50
82885790,0.5,0.55737704,3,0,0.273992658,0.217582405,0,0,15.907692,12,8.33650112,8.32296276,0,13.3095493,14.1878223,5.95599556,0,,,,50
82886921,0.5,0.573770463,3,0,0.282051265,0.209523797,0,0,15.9122372,12,8.29129314,8.32296276,0,13.3166971,14.1878223,5.95599556,0,,,,50
82888052,0.5,0.566666663,3,0,0.273992658,0.209523797,0,0,15.9122372,12,8.3304739,8.32718563,0,13.3024006,20.6860619,4.27660465,0,,,,50
82889178,0.5,0.566666663,3,0,0.273992658,0.209523797,0,0,15.9122372,12,8.31540394,8.32718563,0,13.3166971,20.6860619,4.27660465,0,,,,50
82890308,0.5,0.559322059,3,0,0.26593405,0.209523797,0,0,15.907692,12,8.32143211,8.3314085,0,13.3166971,14.1906919,6.09642601,0,,,,50
82891435,0.5,0.532258093,3,0,0.26593405,0.23369962,0,0,15.9122372,12,8.32745934,8.32296276,0,13.3095493,14.1906919,6.09642601,0,,,,50
82892565,0.5,0.532258093,3,0,0.26593405,0.23369962,0,0,15.907692,12,8.35759926,8.32085133,0,13.3166971,20.6888885,4.41551256,0,,,,50
82893896,0.5,0.566666663,3,0,0.273992658,0.209523797,0,0,15.9122372,12,8.3304739,8.31873989,0,13.3095493,20.6888885,4.41551256,0,,,,50
82895031,0.5,0.540983617,3,0,0.26593405,0.225641012,0,0,15.9122372,12,8.3304739,8.32718563,0,13.2952528,14.1934786,6.23383284,0,,,,50
82896157,0.5,0.54838711,3,0.378792614,0.273992658,0.225641012,0,0,15.907692,12,8.33348751,8.3314085,0,13.3238449,14.1934786,6.23383284,0,,,,50
82897288,0.5,0.543859661,3,0.378792614,0.249816835,0.209523797,0,0,15.9122372,12,8.30937672,8.3250742,0,13.3166971,19.9885025,4.55144119,0,,,,50
82898415,0.5,0.55737704,3,0.378792614,0.273992658,0.217582405,0,0,15.9122372,12,8.33951569,8.32718563,0,13.3166971,19.9885025,4.55144119,0,,,,50
82899545,0.5,0.559322059,3,0.378792614,0.26593405,0.209523797,0,0,15.9122372,12,8.33348751,8.3250742,0,13.3166971,13.4930534,6.36830473,0,,,,50
82900672,0.5,0.559322059,3,0.378792614,0.26593405,0.209523797,0,0,15.9122372,12,8.34855747,8.32929707,0,13.3166971,13.4930534,6.36830473,0,,,,50
82901807,0.5,0.559322059,3,0.378792614,0.26593405,0.209523797,0,0,15.9122372,12,8.33348751,8.32929707,0,13.3166971,19.9911671,4.68447781,0,,,,50
82902933,0.5,0.533333361,3,0.378792614,0.257875443,0.225641012,0,0,15.9122372,12,8.32745934,8.3314085,0,13.3166971,19.9911671,4.68447781,0,,,,50
82904064,0.5,0.55737704,3,0.378792614,0.273992658,0.217582405,0,0,15.9122372,12,8.33348751,8.32929707,0,13.2952528,13.4956789,6.49992704,0,,,,50
82905190,0.5,0.550000012,3,0.378792614,0.26593405,0.217582405,0,0,15.907692,12,8.33951569,8.31873989,0,13.3166971,13.4956789,6.49992704,0,,,,50
82906321,0.5,0.573770463,3,0.416300356,0.282051265,0.209523797,0,0,15.9122372,12,8.35157108,8.32085133,0,13.3166971,19.9241295,4.81470728,0,,,,50
82907447,0.5,0.559322059,3,0.416300356,0.26593405,0.209523797,0,0,15.9122372,12,8.3304739,8.31451702,0,13.3166971,19.9241295,4.81470728,0,,,,50
82908578,0.5,0.55737704,3,0.416300356,0.273992658,0.217582405,0,0,15.907692,12,8.35157108,8.3250742,0,13.3095493,13.4286041,6.62878323,0,,,,50
82909709,0.5,0.576271176,3,0.416300356,0.273992658,0.201465189,0,0,15.907692,12,8.32444572,8.31662846,0,13.3166971,13.4286041,6.62878323,0,,,,50
82910840,0.5,0.55737704,3,0.416300356,0.273992658,0.217582405,0,0,15.907692,12,8.35157108,8.32929707,0,13.3166971,19.9266396,4.94221115,0,,,,50
82911966,0.5,0.550000012,3,0.416300356,0.26593405,0.217582405,0,0,15.9122372,12,8.30033493,8.3250742,0,13.3095493,19.9266396,4.94221115,0,,,,50
82913097,0.5,0.566666663,3,0.416300356,0.273992658,0.209523797,0,0,15.907692,12,8.33348751,8.3314085,0,13.3166971,13.4310789,6.75495434,0,,,,50
82914223,0.5,0.555555582,3,0.416300356,0.282051265,0.225641012,0,0,15.9031467,12,8.29732037,8.3250742,0,13.3166971,13.4310789,6.75495434,0,,,,50
82915558,0.5,0.540983617,3,0.416300356,0.26593405,0.225641012,0,0,15.9122372,12,8.33348751,8.33351898,0,13.3166971,19.9290771,5.06706905,0,,,,50
82916685,0.5,0.546875,3,0.416300356,0.282051265,0.23369962,0,0,15.907692,12,8.32143211,8.31873989,0,13.3095493,19.9290771,5.06706905,0,,,,50
82917820,0.5,0.55384618,3,0.416300356,0.290109873,0.23369962,0,0,15.9122372,12,8.29129314,8.30818272,0,13.2952528,13.4334803,6.87851858,0,,,,50
82918947,0.5,0.5625,3,0.416300356,0.290109873,0.225641012,0,0,15.9031467,12,8.30334854,8.31662846,0,13.3166971,13.4334803,6.87851858,0,,,,50
82920077,0.5,0.555555582,3,0.416300356,0.282051265,0.225641012,0,0,15.9122372,12,8.30636215,8.31240559,0,13.2952528,19.9314423,5.18935871,0,,,,50
82921204,0.5,0.5625,3,0.416300356,0.290109873,0.225641012,0,0,15.907692,12,8.31841755,8.32296276,0,13.3166971,19.9314423,5.18935871,0,,,,50
82922334,0.5,0.53125,3,0.416300356,0.273992658,0.241758227,0,0,15.907692,12,8.29732037,8.31662846,0,13.3166971,13.435812,6.99955177,0,,,,50
82923461,0.5,0.540983617,3,0.416300356,0.26593405,0.225641012,0,0,15.907692,12,8.31841755,8.31662846,0,13.3166971,13.435812,6.99955177,0,,,,50
82924596,0.5,0.552238822,3,0.416300356,0.29816848,0.241758227,0,0,15.9031467,12,8.29430676,8.31873989,0,13.3166971,19.9337387,5.30915451,0,,,,50
82925722,0.5,0.560606062,3,0.416300356,0.29816848,0.23369962,0,0,15.9031467,12,8.29732037,8.32085133,0,13.3095493,19.9337387,5.30915451,0,,,,50
82926853,0.5,0.560606062,3,0.416300356,0.29816848,0.23369962,0,0,15.9031467,12,8.29430676,8.31029415,0,13.3095493,13.438076,7.1181283,0,,,,50
82927979,0.5,0.567164183,3,0.416300356,0.306227088,0.23369962,0,0,15.907692,12,8.28526497,8.31451702,0,13.3024006,13.438076,7.1181283,0,,,,50
82929110,0.5,0.538461566,3,0.416300356,0.282051265,0.241758227,0,0,15.907692,12,8.30937672,8.31240559,0,13.3095493,19.9359684,5.42652988,0,,,,50
82930236,0.5,0.550724626,3,0.416300356,0.306227088,0.249816835,0,0,15.9122372,12,8.29430676,8.31240559,0,13.3166971,19.9359684,5.42652988,0,,,,50
82931367,0.5,0.560606062,3,0.416300356,0.29816848,0.23369962,0,0,15.9031467,12,8.28827858,8.31662846,0,13.3095493,13.4402742,7.23431969,0,,,,50
82932498,0.5,0.565217376,3,0.416300356,0.314285696,0.241758227,0,0,15.9031467,12,8.29129314,8.31240559,0,13.3166971,13.4402742,7.23431969,0,,,,50
82933629,0.5,0.538461566,3,0.416300356,0.282051265,0.241758227,0,0,15.907692,12,8.29129314,8.31451702,0,13.3095493,19.9381332,5.54155493,0,,,,50
82934755,0.5,0.54285717,3,0.416300356,0.306227088,0.257875443,0,0,15.907692,12,8.29732037,8.31451702,0,13.3166971,19.9381332,5.54155493,0,,,,50
82936090,0.5,0.565217376,3,0.416300356,0.314285696,0.241758227,0,0,15.9031467,12,8.28526497,8.30818272,0,13.3166971,13.4424076,7.34819555,0,,,,50
82937216,0.5,0.545454562,3,0.416300356,0.290109873,0.241758227,0,0,15.9031467,12,8.29129314,8.30607224,0,13.3166971,13.4424076,7.34819555,0,,,,50
82938347,0.5,0.54285717,3,0.416300356,0.306227088,0.257875443,0,0,15.907692,12,8.27923679,8.31029415,0,13.3166971,19.9402351,5.65429878,0,,,,50
82939473,0.5,0.54411763,3,0.416300356,0.29816848,0.249816835,0,0,15.9031467,12,8.29732037,8.31240559,0,13.3166971,19.9402351,5.65429878,0,,,,50
82940608,0.5,0.549295783,3,0.416300356,0.314285696,0.257875443,0,0,15.907692,12,8.28225136,8.31029415,0,13.3095493,13.444479,7.45982313,0,,,,50
82941734,0.5,0.549295783,3,0.416300356,0.314285696,0.257875443,0,0,15.9031467,12,8.29129314,8.30607224,0,13.3095493,13.444479,7.45982313,0,,,,50
82942865,0.5,0.563380301,3,0.589643478,0.322344303,0.249816835,0,0,15.9031467,12,8.27622318,8.30818272,0,13.3095493,19.6205082,5.76482773,0,,,,50
82943991,0.5,0.552238822,3,0.589643478,0.29816848,0.241758227,0,0,15.9031467,12,8.28827858,8.3039608,0,13.3166971,19.6205082,5.76482773,0,,,,50
82945122,0.5,0.549295783,3,0.589643478,0.314285696,0.257875443,0,0,15.9031467,12,8.28827858,8.30818272,0,13.3095493,13.1247234,7.5692687,0,,,,50
82946249,0.5,0.550724626,3,0.589643478,0.306227088,0.249816835,0,0,15.907692,12,8.28827858,8.30607224,0,13.3166971,13.1247234,7.5692687,0,,,,50
82947379,0.5,0.552238822,3,0.589643478,0.29816848,0.241758227,0,0,15.907692,12,8.29732037,8.31451702,0,13.3095493,19.6224899,5.87320662,0,,,,50
82948512,0.5,0.550724626,3,0.589643478,0.306227088,0.249816835,0,0,15.9031467,12,8.30334854,8.31240559,0,13.3095493,19.6224899,5.87320662,0,,,,50
82949642,0.5,0.549295783,3,0.623409808,0.314285696,0.257875443,0,0,15.9031467,12,8.27622318,8.30818272,0,13.3095493,13.0639973,7.67659569,0,,,,50
82950768,0.5,0.550724626,3,0.623409808,0.306227088,0.249816835,0,0,15.907692,12,8.28526497,8.30818272,0,13.3095493,13.0639973,7.67659569,0,,,,50
82951899,0.5,0.535211265,3,0.623409808,0.306227088,0.26593405,0,0,15.9031467,12,8.28827858,8.30607224,0,13.3095493,19.5617332,5.97949791,0,,,,50
82953026,0.5,0.550724626,3,0.623409808,0.306227088,0.249816835,0,0,15.907692,12,8.29732037,8.31451702,0,13.3024006,19.5617332,5.97949791,0,,,,50
82954156,0.5,0.567164183,3,0.646963298,0.306227088,0.23369962,0,0,15.9031467,12,8.28827858,8.31240559,0,13.3095493,13.022171,7.78186607,0,,,,50
82955288,0.5,0.567164183,3,0.646963298,0.306227088,0.23369962,0,0,15.907692,12,8.30334854,8.31451702,0,13.3095493,13.022171,7.78186607,0,,,,50
82956418,0.5,0.54411763,3,0.646963298,0.29816848,0.249816835,0,0,15.907692,12,8.29129314,8.31240559,0,13.3166971,19.5198803,6.08376217,0,,,,50
82957749,0.5,0.54285717,3,0.646963298,0.306227088,0.257875443,0,0,15.9031467,12,8.27019501,8.31029415,0,13.3166971,19.5198803,6.08376217,0,,,,50
82958879,0.5,0.535211265,3,0.646963298,0.306227088,0.26593405,0,0,15.9031467,12,8.30033493,8.30184937,0,13.3095493,13.0240116,7.88513947,0,,,,50
82960006,0.5,0.541666687,3,0.646963298,0.314285696,0.26593405,0,0,15.9031467,12,8.27923679,8.30607224,0,13.3024006,13.0240116,7.88513947,0,,,,50
82961136,0.5,0.549295783,3,0.663146794,0.314285696,0.257875443,0,0,15.9031467,12,8.28827858,8.3039608,0,13.3024006,19.4916515,6.18605947,0,,,,50
82962263,0.5,0.536231875,3,0.663146794,0.29816848,0.257875443,0,0,15.9031467,12,8.28526497,8.30607224,0,13.3166971,19.4916515,6.18605947,0,,,,50
82963398,0.5,0.557142854,3,0.663146794,0.314285696,0.249816835,0,0,15.9031467,12,8.28827858,8.31240559,0,13.3095493,12.9957581,7.98647404,0,,,,50
82964525,0.5,0.563380301,3,0.663146794,0.322344303,0.249816835,0,0,15.9031467,12,8.28827858,8.3039608,0,13.3095493,12.9957581,7.98647404,0,,,,50
82965655,0.5,0.546666682,3,0.691896796,0.330402911,0.273992658,0,0,15.9031467,12,8.25813961,8.2976265,0,13.3095493,19.4400444,6.28644609,0,,,,50
82966782,0.5,0.546666682,3,0.691896796,0.330402911,0.273992658,0,0,15.9031467,12,8.27019501,8.2976265,0,13.3095493,19.4400444,6.28644609,0,,,,50
82967912,0.5,0.540540516,3,0.691896796,0.322344303,0.273992658,0,0,15.9031467,12,8.28827858,8.29973793,0,13.3095493,12.9441252,8.08592701,0,,,,50
82969039,0.5,0.561643839,3,0.691896796,0.330402911,0.257875443,0,0,15.8986015,12,8.26115322,8.29551506,0,13.3024006,12.9441252,8.08592701,0,,,,50
82970169,0.5,0.547945201,3,0.691896796,0.322344303,0.26593405,0,0,15.9031467,12,8.27923679,8.2976265,0,13.3095493,19.4417515,6.38497877,0,,,,50
82971301,0.5,0.534246564,3,0.691896796,0.314285696,0.273992658,0,0,15.9031467,12,8.27923679,8.2976265,0,13.3095493,19.4417515,6.38497877,0,,,,50
82972431,0.5,0.546666682,3,0.691896796,0.330402911,0.273992658,0,0,15.8986015,12,8.24909782,8.29973793,0,13.3095493,12.9458084,8.18355179,0,,,,50
82973557,0.5,0.545454562,3,0.691896796,0.338461518,0.282051265,0,0,15.8986015,12,8.27923679,8.2976265,0,13.3095493,12.9458084,8.18355179,0,,,,50
82974688,0.5,0.541666687,3,0.691896796,0.314285696,0.26593405,0,0,15.8986015,12,8.255126,8.29551506,0,13.3095493,19.4434109,6.48171091,0,,,,50
82975815,0.5,0.547945201,3,0.691896796,0.322344303,0.26593405,0,0,15.8986015,12,8.27622318,8.30184937,0,13.3095493,19.4434109,6.48171091,0,,,,50
82976946,0.5,0.555555582,3,0.691896796,0.322344303,0.257875443,0,0,15.9031467,12,8.26115322,8.29551506,0,13.3024006,12.947443,8.27940369,0,,,,50
82978276,0.5,0.545454562,3,0.691896796,0.338461518,0.282051265,0,0,15.9031467,12,8.26115322,8.30184937,0,13.3095493,12.947443,8.27940369,0,,,,50
82979411,0.5,0.545454562,3,0.691896796,0.338461518,0.282051265,0,0,15.8986015,12,8.26416779,8.29340363,0,13.3024006,19.4450207,6.57669497,0,,,,50
82980537,0.5,0.538461566,3,0.691896796,0.338461518,0.290109873,0,0,15.8986015,12,8.27923679,8.29973793,0,13.3166971,19.4450207,6.57669497,0,,,,50
82981668,0.5,0.551282048,3,0.691896796,0.346520126,0.282051265,0,0,15.8986015,12,8.25211143,8.30184937,0,13.2952528,12.9490299,8.3735323,0,,,,50
82982795,0.5,0.551282048,3,0.691896796,0.346520126,0.282051265,0,0,15.8986015,12,8.25211143,8.2976265,0,13.3095493,12.9490299,8.3735323,0,,,,50
82983925,0.5,0.552631557,3,0.691896796,0.338461518,0.273992658,0,0,15.8986015,12,8.24909782,8.29551506,0,13.3095493,19.4465828,6.66998196,0,,,,50
82985051,0.5,0.538461566,3,0.691896796,0.338461518,0.290109873,0,0,15.8940573,12,8.25813961,8.29129219,0,13.2952528,19.4465828,6.66998196,0,,,,50
82986187,0.5,0.542168677,3,0.691896796,0.362637341,0.306227088,0,0,15.8986015,12,8.22498608,8.30184937,0,13.3024006,12.9505711,8.46598911,0,,,,50
82987313,0.5,0.556962013,3,0.782318175,0.354578733,0.282051265,0,0,15.8986015,12,8.25813961,8.27862453,0,13.3024006,12.9505711,8.46598911,0,,,,50
82988443,0.5,0.556962013,3,0.782318175,0.354578733,0.282051265,0,0,15.8986015,12,8.28526497,8.28495789,0,13.3095493,19.2802563,6.761621,0,,,,50
82989570,0.5,0.532467544,3,0.782318175,0.330402911,0.290109873,0,0,15.8986015,12,8.24608421,8.28918076,0,13.3095493,19.2802563,6.761621,0,,,,50
82990701,0.5,0.539473712,3,0.782318175,0.330402911,0.282051265,0,0,15.8986015,12,8.27019501,8.29129219,0,13.3095493,12.7842236,8.55682278,0,,,,50
82991827,0.5,0.556962013,3,0.782318175,0.354578733,0.282051265,0,0,15.8986015,12,8.24005604,8.29340363,0,13.3095493,12.7842236,8.55682278,0,,,,50
82992958,0.5,0.554054081,3,0.797964573,0.330402911,0.26593405,0,0,15.8986015,12,8.26416779,8.29551506,0,13.3095493,19.2526875,6.85166073,0,,,,50
82994089,0.5,0.558441579,3,0.797964573,0.346520126,0.273992658,0,0,15.9031467,12,8.25813961,8.2976265,0,13.3095493,19.2526875,6.85166073,0,,,,50
82995220,0.5,0.546666682,3,0.797964573,0.330402911,0.273992658,0,0,15.9031467,12,8.2671814,8.29973793,0,13.3095493,12.7566328,8.64608002,0,,,,50
82996346,0.5,0.533333361,3,0.797964573,0.322344303,0.282051265,0,0,15.8986015,12,8.27622318,8.2976265,0,13.3095493,12.7566328,8.64608002,0,,,,50
82997477,0.5,0.546666682,3,0.819854677,0.330402911,0.273992658,0,0,15.8986015,12,8.26115322,8.30184937,0,13.3095493,19.2134838,6.9401474,0,,,,50
82998807,0.5,0.556962013,3,0.819854677,0.354578733,0.282051265,0,0,15.9031467,12,8.26416779,8.29973793,0,13.3095493,19.2134838,6.9401474,0,,,,50
82999938,0.5,0.539473712,3,0.819854677,0.330402911,0.282051265,0,0,15.8986015,12,8.25813961,8.29551506,0,13.3095493,12.7174101,8.73380661,0,,,,50
83001065,0.5,0.525641024,3,0.819854677,0.330402911,0.29816848,0,0,15.8986015,12,8.255126,8.29973793,0,13.3024006,12.7174101,8.73380661,0,,,,50
83002200,0.5,0.555555582,3,0.845839083,0.362637341,0.290109873,0,0,15.8940573,12,8.21895885,8.28284645,0,13.3095493,19.1666393,7.02712631,0,,,,50
83003327,0.5,0.578313231,3,0.845839083,0.386813164,0.282051265,0,0,15.8940573,12,8.24306965,8.29340363,0,13.3095493,19.1666393,7.02712631,0,,,,50
83004457,0.5,0.535714269,3,0.845839083,0.362637341,0.314285696,0,0,15.8986015,12,8.255126,8.28918076,0,13.3095493,12.6705456,8.82004833,0,,,,50
83005584,0.5,0.544303775,3,0.845839083,0.346520126,0.290109873,0,0,15.8986015,12,8.27019501,8.2765131,0,13.3024006,12.6705456,8.82004833,0,,,,50
83006714,0.5,0.552631557,3,0.867352724,0.338461518,0.273992658,0,0,15.8986015,12,8.26115322,8.28495789,0,13.3095493,19.1280537,7.11264133,0,,,,50
83007841,0.5,0.56410259,3,0.867352724,0.354578733,0.273992658,0,0,15.8940573,12,8.22197247,8.28284645,0,13.3095493,19.1280537,7.11264133,0,,,,50
83008972,0.5,0.518518507,3,0.867352724,0.338461518,0.314285696,0,0,15.8940573,12,8.21895885,8.28706932,0,13.3095493,12.6319408,8.90484715,0,,,,50
83010103,0.5,0.551282048,3,0.867352724,0.346520126,0.282051265,0,0,15.8986015,12,8.23402786,8.28918076,0,13.3024006,12.6319408,8.90484715,0,,,,50
83011233,0.5,0.535714269,3,0.883388162,0.362637341,0.314285696,0,0,15.9031467,12,8.21293068,8.29129219,0,13.3095493,19.0995979,7.19673443,0,,,,50
83012360,0.5,0.583333313,3,0.883388162,0.394871771,0.282051265,0,0,15.8986015,12,8.21594429,8.29551506,0,13.3095493,19.0995979,7.19673443,0,,,,50
83013490,0.5,0.566265047,3,0.883388162,0.378754556,0.290109873,0,0,15.8940573,12,8.24306965,8.26806736,0,13.3024006,12.603466,8.98824501,0,,,,50
83014617,0.5,0.564705908,3,0.883388162,0.386813164,0.29816848,0,0,15.8940573,12,8.24005604,8.26806736,0,13.3024006,12.603466,8.98824501,0,,,,50
83015747,0.5,0.558139563,3,0.88652879,0.386813164,0.306227088,0,0,15.8986015,12,8.24005604,8.28706932,0,13.3095493,19.0950375,7.27944756,0,,,,50
83016879,0.5,0.547619045,3,0.88652879,0.370695949,0.306227088,0,0,15.8986015,12,8.21895885,8.27229023,0,13.3095493,19.0950375,7.27944756,0,,,,50
83018009,0.5,0.542168677,3,0.88652879,0.362637341,0.306227088,0,0,15.8986015,12,8.20087528,8.28284645,0,13.3024006,12.5988894,9.07028294,0,,,,50
83019136,0.5,0.589743614,3,0.88652879,0.370695949,0.257875443,0,0,15.8986015,12,8.25813961,8.2765131,0,13.3095493,12.5988894,9.07028294,0,,,,50
83020470,0.5,0.569767416,3,0.906777918,0.394871771,0.29816848,0,0,15.8940573,12,8.24909782,8.28706932,0,13.3095493,19.0586853,7.36082125,0,,,,50
83021597,0.5,0.530120492,3,0.906777918,0.354578733,0.314285696,0,0,15.8986015,12,8.26416779,8.28284645,0,13.3095493,19.0586853,7.36082125,0,,,,50
83022727,0.5,0.543209851,3,0.906777918,0.354578733,0.29816848,0,0,15.8986015,12,8.22498608,8.28495789,0,13.3166971,12.5625191,9.15100098,0,,,,50
83023854,0.5,0.564705908,3,0.920799136,0.386813164,0.29816848,0,0,15.8940573,12,8.22197247,8.2765131,0,13.3095493,12.5625191,9.15100098,0,,,,50
83024989,0.5,0.534090936,3,0.920799136,0.378754556,0.330402911,0,0,15.8940573,12,8.21895885,8.28495789,0,13.3095493,19.0338554,7.44089317,0,,,,50
83026115,0.5,0.542168677,3,0.920799136,0.362637341,0.306227088,0,0,15.8986015,12,8.21594429,8.28918076,0,13.3166971,19.0338554,7.44089317,0,,,,50
83027246,0.5,0.548780501,3,0.920799136,0.362637341,0.29816848,0,0,15.8940573,12,8.23402786,8.28918076,0,13.3095493,12.537674,9.23043633,0,,,,50
83028372,0.5,0.550000012,3,0.950750113,0.354578733,0.290109873,0,0,15.8986015,12,8.23101425,8.28918076,0,13.3095493,12.537674,9.23043633,0,,,,50
83029503,0.5,0.523809552,3,0.950750113,0.354578733,0.322344303,0,0,15.8940573,12,8.21293068,8.28495789,0,13.3095493,18.9794235,7.51970243,0,,,,50
83030629,0.5,0.523809552,3,0.950750113,0.354578733,0.322344303,0,0,15.8940573,12,8.24306965,8.28918076,0,13.3095493,18.9794235,7.51970243,0,,,,50
83031760,0.5,0.56410259,3,0.98102355,0.354578733,0.273992658,0,0,15.8986015,12,8.22800064,8.27862453,0,13.3095493,12.4270306,9.30862713,0,,,,50
83032891,0.5,0.534883738,3,0.98102355,0.370695949,0.322344303,0,0,15.8986015,12,8.20690346,8.29340363,0,13.3095493,12.4270306,9.30862713,0,,,,50
83034022,0.5,0.573170722,3,0.98102355,0.378754556,0.282051265,0,0,15.8986015,12,8.24608421,8.28918076,0,13.3095493,18.9243584,7.59728527,0,,,,50
83035148,0.5,0.517647088,3,0.98102355,0.354578733,0.330402911,0,0,15.8940573,12,8.22498608,8.28706932,0,13.3024006,18.9243584,7.59728527,0,,,,50
83036279,0.5,0.534883738,3,0.979939222,0.370695949,0.322344303,0,0,15.8986015,12,8.21293068,8.28284645,0,13.3024006,12.4301567,9.38560963,0,,,,50
83037405,0.5,0.511904776,3,0.979939222,0.346520126,0.330402911,0,0,15.8986015,12,8.22197247,8.28284645,0,13.3024006,12.4301567,9.38560963,0,,,,50
83038536,0.5,0.528735638,3,0.979939222,0.370695949,0.330402911,0,0,15.8940573,12,8.25813961,8.28073597,0,13.3024006,18.9274673,7.67367649,0,,,,50
83039662,0.5,0.543209851,3,1.00587988,0.354578733,0.29816848,0,0,15.8895121,12,8.24005604,8.2553997,0,13.3024006,18.9274673,7.67367649,0,,,,50
83041001,0.5,0.54651165,3,1.00587988,0.378754556,0.314285696,0,0,15.8986015,12,8.22800064,8.27017879,0,13.3095493,12.3830862,9.46141911,0,,,,50
83042128,0.5,0.534090936,3,1.00587988,0.378754556,0.330402911,0,0,15.8940573,12,8.20690346,8.2976265,0,13.3095493,12.3830862,9.46141911,0,,,,50
83043258,0.5,0.540229857,3,1.00587988,0.378754556,0.322344303,0,0,15.8986015,12,8.19484711,8.28495789,0,13.3024006,18.8803806,7.74891186,0,,,,50
83044385,0.5,0.571428597,3,1.01911187,0.419047594,0.314285696,0,0,15.8895121,12,8.13456917,8.26173306,0,13.3024006,18.8803806,7.74891186,0,,,,50
83045516,0.5,0.540229857,3,1.01911187,0.378754556,0.322344303,0,0,15.8986015,12,8.28526497,8.25117683,0,13.3024006,12.3595743,9.53608894,0,,,,50
83046643,0.5,0.602272749,3,1.01911187,0.427106202,0.282051265,0,0,15.8940573,12,8.22498608,8.25328827,0,13.3095493,12.3595743,9.53608894,0,,,,50
83047778,0.5,0.523809552,3,1.0143187,0.443223417,0.402930379,0,0,15.8986015,12,8.10744381,8.29551506,0,13.3095493,18.8657513,7.82302427,0,,,,50
83048905,0.5,0.552083313,3,1.0143187,0.427106202,0.346520126,0,0,15.8895121,12,8.19484711,8.26595592,0,13.3024006,18.8657513,7.82302427,0,,,,50
83050035,0.5,0.464285702,3,1.0143187,0.314285696,0.362637341,0,0,15.8940573,12,8.31239033,8.26595592,0,13.2952528,12.3694916,9.60965157,0,,,,50
83051162,0.5,0.534653485,3,1.0143187,0.435164809,0.378754556,0,0,15.8940573,12,8.13456917,8.2490654,0,13.3024006,12.3694916,9.60965157,0,,,,50
83052293,0.5,0.519999981,3,1.04981518,0.419047594,0.386813164,0,0,15.8940573,12,8.20087528,8.27862453,0,13.3024006,18.8008652,7.89604664,0,,,,50
83053419,0.5,0.561797738,3,1.04981518,0.402930379,0.314285696,0,0,15.8940573,12,8.31540394,8.28073597,0,13.3024006,18.8008652,7.89604664,0,,,,50
83054550,0.5,0.623376608,3,1.04981518,0.386813164,0.23369962,0,0,15.8986015,12,8.23101425,8.28918076,0,13.288105,12.3045921,9.68214035,0,,,,50
83055682,0.5,0.534883738,3,1.04995334,0.370695949,0.322344303,0,0,15.8940573,12,8.2671814,8.27862453,0,13.3095493,12.3045921,9.68214035,0,,,,50
83056813,0.5,0.548780501,3,1.04995334,0.362637341,0.29816848,0,0,15.8986015,12,8.24306965,8.28918076,0,13.3095493,18.8015823,7.96801043,0,,,,50
83057939,0.5,0.512499988,3,1.04995334,0.330402911,0.314285696,0,0,15.8986015,12,8.20690346,8.30184937,0,13.3024006,18.8015823,7.96801043,0,,,,50
83059070,0.5,0.576923072,3,1.04995334,0.362637341,0.26593405,0,0,15.8986015,12,8.21594429,8.29340363,0,13.288105,12.3052969,9.75358582,0,,,,50
83060197,0.5,0.539473712,3,1.04967713,0.330402911,0.282051265,0,0,15.8940573,12,8.22197247,8.24484253,0,13.3024006,12.3052969,9.75358582,0,,,,50
83061328,0.5,0.597561002,3,1.04967713,0.394871771,0.26593405,0,0,15.8895121,12,8.15265274,8.24484253,0,13.3095493,18.8030434,8.03894615,0,,,,50
83062658,0.5,0.576086938,3,1.09806597,0.427106202,0.314285696,0,0,15.8895121,12,8.1044302,8.26173306,0,13.3024006,18.8030434,8.03894615,0,,,,50
83063793,0.5,0.576923072,3,1.09806597,0.362637341,0.26593405,0,0,15.8940573,12,8.20690346,8.26595592,0,13.3095493,12.2169218,9.82401943,0,,,,50
83064920,0.5,0.536842108,3,1.09806597,0.410988986,0.354578733,0,0,15.8895121,12,8.32745934,8.27862453,0,13.3024006,12.2169218,9.82401943,0,,,,50
83066050,0.5,0.569620252,3,1.09806597,0.362637341,0.273992658,0,0,15.8895121,12,8.16470814,8.28495789,0,13.2952528,18.7141399,8.10888386,0,,,,50
83067177,0.5,0.5625,3,1.10322762,0.435164809,0.338461518,0,0,15.8895121,12,8.18580532,8.27229023,0,13.3024006,18.7141399,8.10888386,0,,,,50
83068307,0.5,0.517241359,3,1.10322762,0.362637341,0.338461518,0,0,15.8895121,12,8.255126,8.27440166,0,13.3024006,12.2082472,9.8934679,0,,,,50
83069434,0.5,0.53125,3,1.10322762,0.410988986,0.362637341,0,0,15.8895121,12,8.31540394,8.27229023,0,13.3024006,12.2082472,9.8934679,0,,,,50
83070569,0.5,0.526881695,3,1.10828412,0.394871771,0.354578733,0,0,15.8895121,12,8.20388889,8.25751019,0,13.3024006,18.6960659,8.17785168,0,,,,50
83071696,0.5,0.535353541,3,1.10828412,0.427106202,0.370695949,0,0,15.8895121,12,8.17073631,8.25751019,0,13.3024006,18.6960659,8.17785168,0,,,,50
83072826,0.5,0.517241359,3,1.10828412,0.362637341,0.338461518,0,0,15.8940573,12,8.15265274,8.26806736,0,13.3024006,12.1997414,9.96196175,0,,,,50
83073953,0.5,0.5,3,1.12946153,0.362637341,0.362637341,0,0,15.8940573,12,8.34855747,8.28706932,0,13.3024006,12.1997414,9.96196175,0,,,,50
83075083,0.5,0.559139788,3,1.12946153,0.419047594,0.330402911,0,0,15.8940573,12,8.13758278,8.26806736,0,13.2809572,18.6576214,8.24587917,0,,,,50
83076210,0.5,0.557894766,3,1.12946153,0.427106202,0.338461518,0,0,15.8940573,12,8.19484711,8.25751019,0,13.2952528,18.6576214,8.24587917,0,,,,50
83077341,0.5,0.5625,3,1.11869419,0.435164809,0.338461518,0,0,15.8895121,12,8.20388889,8.26806736,0,13.3024006,12.1812735,10.0295286,0,,,,50
83078472,0.5,0.550561786,3,1.11869419,0.394871771,0.322344303,0,0,15.8940573,12,8.27019501,8.27229023,0,13.3095493,12.1812735,10.0295286,0,,,,50
83079603,0.5,0.557894766,3,1.11869419,0.427106202,0.338461518,0,0,15.8895121,12,8.24608421,8.27440166,0,13.3024006,18.6784515,8.3129921,0,,,,50
83080729,0.5,0.585858583,3,1.16763914,0.46739924,0.330402911,0,0,15.8940573,12,8.16772175,8.26595592,0,13.3095493,18.6784515,8.3129921,0,,,,50
83081860,0.5,0.511363626,3,1.16763914,0.362637341,0.346520126,0,0,15.8940573,12,8.28827858,8.26806736,0,13.3024006,12.0912495,10.0961943,0,,,,50
83083190,0.5,0.578313231,3,1.16763914,0.386813164,0.282051265,0,0,15.8940573,12,8.2671814,8.25328827,0,13.3024006,12.0912495,10.0961943,0,,,,50
83084321,0.5,0.572916687,3,1.18497849,0.443223417,0.330402911,0,0,15.8940573,12,8.33348751,8.28073597,0,13.3024006,18.5562286,8.3792181,0,,,,50
83085447,0.5,0.545454562,3,1.18497849,0.338461518,0.282051265,0,0,15.8895121,12,8.18279171,8.28073597,0,13.3095493,18.5562286,8.3792181,0,,,,50
83086583,0.5,0.542553186,3,1.18497849,0.410988986,0.346520126,0,0,15.8940573,12,8.34554291,8.24273109,0,13.3024006,12.0598698,10.1619864,0,,,,50
83087709,0.5,0.529411793,3,1.17902565,0.362637341,0.322344303,0,0,15.8895121,12,8.14662457,8.26384449,0,13.3024006,12.0598698,10.1619864,0,,,,50
83088840,0.5,0.543478251,3,1.17902565,0.402930379,0.338461518,0,0,15.8895121,12,8.1918335,8.25751019,0,13.3024006,18.5680714,8.44458199,0,,,,50
83089967,0.5,0.571428597,3,1.17902565,0.451282024,0.338461518,0,0,15.8849669,12,8.19786167,8.26595592,0,13.3024006,18.5680714,8.44458199,0,,,,50
83091097,0.5,0.469135791,3,1.20903718,0.306227088,0.346520126,0,0,15.8895121,12,8.11347103,8.2553997,0,13.3024006,12.0159941,10.2269278,0,,,,50
83092224,0.5,0.586538434,3,1.20903718,0.491575062,0.346520126,0,0,15.8895121,12,8.22498608,8.26595592,0,13.3024006,12.0159941,10.2269278,0,,,,50
83093354,0.5,0.555555582,3,1.20903718,0.443223417,0.354578733,0,0,15.8940573,12,8.10141563,8.27017879,0,13.3024006,18.513134,8.50910854,0,,,,50
83094486,0.5,0.456790119,3,1.21548295,0.29816848,0.354578733,0,0,15.8940573,12,8.11347103,8.27017879,0,13.3024006,18.513134,8.50910854,0,,,,50
83095616,0.5,0.535353541,3,1.21548295,0.427106202,0.370695949,0,0,15.8895121,12,8.14662457,8.27017879,0,13.3024006,12.0047894,10.2910452,0,,,,50
83096743,0.5,0.541666687,3,1.23371148,0.419047594,0.354578733,0,0,15.8849669,12,8.17374992,8.25962162,0,13.2952528,12.0047894,10.2910452,0,,,,50
83097873,0.5,0.551020384,3,1.23371148,0.435164809,0.354578733,0,0,15.8895121,12,8.23402786,8.26595592,0,13.3024006,18.4680805,8.57282257,0,,,,50
83099000,0.5,0.575757563,3,1.23371148,0.459340632,0.338461518,0,0,15.8895121,12,8.16169453,8.25962162,0,13.3024006,18.4680805,8.57282257,0,,,,50
83100130,0.5,0.536842108,3,1.2402308,0.410988986,0.354578733,0,0,15.8849669,11.95959,8.19484711,8.26173306,0,13.2952528,11.95959,10.332592,0,,,,50
83101262,0.5,0.572916687,3,1.2402308,0.443223417,0.330402911,0,0,15.8849669,11.95959,8.16772175,8.25962162,0,13.2952528,11.95959,10.332592,0,,,,50
83102392,0.5,0.532608688,3,1.2402308,0.394871771,0.346520126,0,0,15.8849669,12,8.21594429,8.25962162,0,13.2952528,18.3310986,8.68164635,0,,,,50
83103519,0.5,0.512499988,3,1.23428392,0.330402911,0.314285696,0,0,15.8895121,12,8.34554291,8.28495789,0,13.3024006,18.3310986,8.68164635,0,,,,50
83104853,0.5,0.557894766,3,1.23428392,0.427106202,0.338461518,0,0,15.8895121,12,8.17073631,8.25117683,0,13.3024006,12.1703634,10.3555832,0,,,,50
83105979,0.5,0.520833313,3,1.23428392,0.402930379,0.370695949,0,0,15.8895121,12,8.16470814,8.27229023,0,13.3024006,12.1703634,10.3555832,0,,,,50
83107110,0.5,0.553191483,3,1.26661038,0.419047594,0.338461518,0,0,15.8895121,12,8.20087528,8.27229023,0,13.3024006,18.1662331,8.76707458,0,,,,50
83108237,0.5,0.5625,3,1.26661038,0.435164809,0.338461518,0,0,15.8849669,12,8.1918335,8.27017879,0,13.3024006,18.1662331,8.76707458,0,,,,50
83109372,0.5,0.521276593,3,1.28683209,0.394871771,0.362637341,0,0,15.8895121,12,8.21895885,8.25962162,0,13.2952528,12.142189,10.4036417,0,,,,50
83110499,0.5,0.516129017,3,1.28683209,0.386813164,0.362637341,0,0,15.8895121,12,8.22498608,8.27017879,0,13.3024006,12.142189,10.4036417,0,,,,50
83111629,0.5,0.527472556,3,1.28683209,0.386813164,0.346520126,0,0,15.8895121,12,8.23101425,8.26384449,0,13.3024006,18.0888538,8.8365984,0,,,,50
83112756,0.5,0.536842108,3,1.28703952,0.410988986,0.354578733,0,0,15.8849669,12,8.17676353,8.2490654,0,13.3024006,18.0888538,8.8365984,0,,,,50
83113887,0.5,0.555555582,3,1.28703952,0.443223417,0.354578733,0,0,15.8849669,12,8.17374992,8.25328827,0,13.3024006,12.1663857,10.4599228,0,,,,50
83115013,0.5,0.567010283,3,1.28703952,0.443223417,0.338461518,0,0,15.8895121,12,8.16772175,8.25328827,0,13.3024006,12.1663857,10.4599228,0,,,,50
83116144,0.5,0.533980608,3,1.30131197,0.443223417,0.386813164,0,0,15.8849669,12,8.14963818,8.2490654,0,13.3024006,18.0485382,8.90011787,0,,,,50
83117275,0.5,0.549019635,3,1.30131197,0.451282024,0.370695949,0,0,15.8895121,12,8.19484711,8.25117683,0,13.3024006,18.0485382,8.90011787,0,,,,50
83118406,0.5,0.536082447,3,1.30131197,0.419047594,0.362637341,0,0,15.8849669,12,8.18881989,8.2490654,0,13.3024006,12.1488695,10.5186062,0,,,,50
83119532,0.5,0.539215684,3,1.30301201,0.443223417,0.378754556,0,0,15.8849669,12,8.16169453,8.24695396,0,13.3024006,12.1488695,10.5186062,0,,,,50
83120663,0.5,0.545454562,3,1.30301201,0.435164809,0.362637341,0,0,15.8895121,12,8.16772175,8.2553997,0,13.3024006,18.0411205,8.96109676,0,,,,50
83121790,0.5,0.534653485,3,1.3008877,0.435164809,0.378754556,0,0,15.8849669,12,8.18881989,8.25117683,0,13.3024006,18.0411205,8.96109676,0,,,,50
83122920,0.5,0.557692289,3,1.3008877,0.46739924,0.370695949,0,0,15.8804216,12,8.19786167,8.23850822,0,13.2952528,12.1531906,10.5776815,0,,,,50
83124047,0.5,0.532110095,3,1.3008877,0.46739924,0.410988986,0,0,15.8849669,12,8.14963818,8.24061966,0,13.2952528,12.1531906,10.5776815,0,,,,50
83125386,0.5,0.533980608,3,1.33662403,0.443223417,0.386813164,0,0,15.8895121,12,8.16772175,8.24484253,0,13.3024006,17.9776497,9.02075386,0,,,,50
83126512,0.5,0.53125,3,1.33662403,0.410988986,0.362637341,0,0,15.8849669,12,8.18279171,8.25328827,0,13.3024006,17.9776497,9.02075386,0,,,,50
83127643,0.5,0.540000021,3,1.32994092,0.435164809,0.370695949,0,0,15.8895121,12,8.19484711,8.24273109,0,13.2952528,12.1008883,10.6364622,0,,,,50
83128769,0.5,0.554347813,3,1.32994092,0.410988986,0.330402911,0,0,15.8895121,12,8.19786167,8.25962162,0,13.2952528,12.1008883,10.6364622,0,,,,50
83129900,0.5,0.532608688,3,1.32994092,0.394871771,0.346520126,0,0,15.8895121,12,8.20991707,8.25751019,0,13.3024006,17.9900703,9.07952595,0,,,,50
83131026,0.5,0.540816307,3,1.3582375,0.427106202,0.362637341,0,0,15.8849669,12,8.1797781,8.25328827,0,13.288105,17.9900703,9.07952595,0,,,,50
83132161,0.5,0.534653485,3,1.3582375,0.435164809,0.378754556,0,0,15.8849669,12,8.15566635,8.25117683,0,13.3095493,12.0493155,10.6947203,0,,,,50
83133288,0.5,0.540000021,3,1.39187956,0.435164809,0.370695949,0,0,15.8804216,12,8.15566635,8.25117683,0,13.3024006,12.0493155,10.6947203,0,,,,50
83134419,0.5,0.542056084,3,1.39187956,0.46739924,0.394871771,0,0,15.8849669,12,8.15566635,8.24273109,0,13.3024006,17.8754826,9.13757706,0,,,,50
83135545,0.5,0.540816307,3,1.39187956,0.427106202,0.362637341,0,0,15.8895121,12,8.18881989,8.25117683,0,13.3024006,17.8754826,9.13757706,0,,,,50
83136676,0.5,0.541666687,3,1.37936831,0.419047594,0.354578733,0,0,15.8849669,12,8.19484711,8.26384449,0,13.3024006,12.0107985,10.7523909,0,,,,50
83137802,0.5,0.514563084,3,1.37936831,0.427106202,0.402930379,0,0,15.8804216,12,8.16169453,8.24273109,0,13.2952528,12.0107985,10.7523909,0,,,,50
83138933,0.5,0.544554472,3,1.40808988,0.443223417,0.370695949,0,0,15.8849669,12,8.17073631,8.24484253,0,13.3024006,17.8458958,9.19497585,0,,,,50
83140064,0.5,0.524271846,3,1.40808988,0.435164809,0.394871771,0,0,15.8804216,12,8.15265274,8.25328827,0,13.2809572,17.8458958,9.19497585,0,,,,50
83141195,0.5,0.531531513,3,1.40808988,0.475457847,0.419047594,0,0,15.8849669,11.9580946,8.1315546,8.23850822,0,13.3024006,11.9580946,10.7868862,0,,,,50
83142322,0.5,0.54285717,3,1.41332722,0.459340632,0.386813164,0,0,15.8895121,11.9580946,8.14963818,8.24484253,0,13.2952528,11.9580946,10.7868862,0,,,,50
83143453,0.5,0.535353541,3,1.41332722,0.427106202,0.370695949,0,0,15.8895121,12,8.1918335,8.25328827,0,13.3024006,17.7064514,9.29935551,0,,,,50
83144580,0.5,0.542056084,3,1.37580097,0.46739924,0.394871771,0,0,15.8849669,12,8.14963818,8.23850822,0,13.3024006,17.7064514,9.29935551,0,,,,50
83145915,0.5,0.548076928,3,1.37580097,0.459340632,0.378754556,0,0,15.8849669,12,8.15867996,8.2490654,0,13.3024006,12.2249784,10.8023529,0,,,,50
83147041,0.5,0.529411793,3,1.37580097,0.435164809,0.386813164,0,0,15.8849669,12,8.17676353,8.24484253,0,13.288105,12.2249784,10.8023529,0,,,,50
83148176,0.5,0.531531513,3,1.43338346,0.475457847,0.419047594,0,0,15.8849669,12,8.12854099,8.23639679,0,13.2952528,17.5488377,9.37967682,0,,,,50
83149303,0.5,0.53773582,3,1.43338346,0.459340632,0.394871771,0,0,15.8804216,12,8.17676353,8.2490654,0,13.2952528,17.5488377,9.37967682,0,,,,50
83150434,0.5,0.544554472,3,1.45960224,0.443223417,0.370695949,0,0,15.8849669,12,8.17676353,8.24484253,0,13.3024006,12.1411762,10.8440189,0,,,,50
83151560,0.5,0.53773582,3,1.45960224,0.459340632,0.394871771,0,0,15.8849669,12,8.15265274,8.24484253,0,13.3024006,12.1411762,10.8440189,0,,,,50
83152690,0.5,0.534653485,3,1.45960224,0.435164809,0.378754556,0,0,15.8849669,12,8.14662457,8.25117683,0,13.3024006,17.4586658,9.4437027,0,,,,50
83153817,0.5,0.524752498,3,1.45960224,0.427106202,0.386813164,0,0,15.8849669,12,8.17676353,8.24273109,0,13.3024006,17.4586658,9.4437027,0,,,,50
83154947,0.5,0.545454562,3,1.45960224,0.483516455,0.402930379,0,0,15.8804216,12,8.13456917,8.23850822,0,13.2952528,12.1664896,10.8944082,0,,,,50
83156079,0.5,0.523364484,3,1.49627709,0.451282024,0.410988986,0,0,15.8849669,12,8.13456917,8.23850822,0,13.2809572,12.1664896,10.8944082,0,,,,50
83157210,0.5,0.537037015,3,1.49627709,0.46739924,0.402930379,0,0,15.8849669,12,8.14059639,8.24484253,0,13.2952528,17.3764744,9.50169468,0,,,,50
83158336,0.5,0.522935808,3,1.49627709,0.459340632,0.419047594,0,0,15.8804216,12,8.14361095,8.23428535,0,13.3024006,17.3764744,9.50169468,0,,,,50
83159467,0.5,0.533333361,3,1.4690069,0.451282024,0.394871771,0,0,15.8804216,12,8.16169453,8.24695396,0,13.288105,12.1581659,10.9474802,0,,,,50
83160593,0.5,0.537037015,3,1.4690069,0.46739924,0.402930379,0,0,15.8849669,12,8.15265274,8.24273109,0,13.2952528,12.1581659,10.9474802,0,,,,50
83161724,0.5,0.532110095,3,1.49571609,0.46739924,0.410988986,0,0,15.8849669,12,8.13758278,8.23639679,0,13.3024006,17.3729229,9.55724049,0,,,,50
83162855,0.5,0.542056084,3,1.49571609,0.46739924,0.394871771,0,0,15.8804216,12,8.12854099,8.23639679,0,13.3024006,17.3729229,9.55724049,0,,,,50
83163986,0.5,0.527777791,3,1.48652112,0.459340632,0.410988986,0,0,15.8804216,12,8.15265274,8.227952,0,13.2952528,12.1291494,11.0011435,0,,,,50
83165112,0.5,0.539822996,3,1.48652112,0.491575062,0.419047594,0,0,15.8849669,12,8.16169453,8.23850822,0,13.3024006,12.1291494,11.0011435,0,,,,50
83166243,0.5,0.527777791,3,1.47798586,0.459340632,0.410988986,0,0,15.8804216,12,8.16470814,8.24695396,0,13.3024006,17.4045467,9.61159801,0,,,,50
83167573,0.5,0.537037015,3,1.47798586,0.46739924,0.402930379,0,0,15.8804216,12,8.13456917,8.23639679,0,13.2952528,17.4045467,9.61159801,0,,,,50
83168704,0.5,0.538461566,3,1.47798586,0.451282024,0.386813164,0,0,15.8849669,12,8.16470814,8.2490654,0,13.3024006,12.1465149,11.0546808,0,,,,50
83169831,0.5,0.547169805,3,1.52749717,0.46739924,0.386813164,0,0,15.8849669,12,8.17374992,8.2490654,0,13.2952528,12.1465149,11.0546808,0,,,,50
83170966,0.5,0.54285717,3,1.52749717,0.459340632,0.386813164,0,0,15.8804216,12,8.15265274,8.24273109,0,13.2738094,17.3124962,9.66521454,0,,,,50
83172093,0.5,0.545454562,3,1.53454721,0.435164809,0.362637341,0,0,15.8849669,12,8.17374992,8.25117683,0,13.3024006,17.3124962,9.66521454,0,,,,50
83173223,0.5,0.544554472,3,1.53454721,0.443223417,0.370695949,0,0,15.8849669,12,8.1918335,8.26173306,0,13.3024006,12.0423508,11.107852,0,,,,50
83174350,0.5,0.542056084,3,1.54106712,0.46739924,0.394871771,0,0,15.8804216,12,8.16470814,8.23428535,0,13.3024006,12.0423508,11.107852,0,,,,50
83175481,0.5,0.532710254,3,1.54106712,0.459340632,0.402930379,0,0,15.8895121,12,8.15566635,8.24061966,0,13.2952528,17.2875481,9.71825504,0,,,,50
83176607,0.5,0.533333361,3,1.55457723,0.451282024,0.394871771,0,0,15.8804216,12,8.16169453,8.24061966,0,13.2952528,17.2875481,9.71825504,0,,,,50
83177738,0.5,0.525862098,3,1.55457723,0.491575062,0.443223417,0,0,15.8758764,12,8.1164856,8.22372913,0,13.2952528,12.0057468,11.1605816,0,,,,50
83178869,0.5,0.544642866,3,1.55457723,0.491575062,0.410988986,0,0,15.8849669,12,8.14361095,8.23428535,0,13.3024006,12.0057468,11.1605816,0,,,,50
83180000,0.5,0.537037015,3,1.47117364,0.46739924,0.402930379,0,0,15.8804216,12,8.15265274,8.23850822,0,13.3024006,17.4176559,9.77078629,0,,,,50
83181126,0.5,0.540540516,3,1.47117364,0.483516455,0.410988986,0,0,15.8804216,12,8.14059639,8.23428535,0,13.2952528,17.4176559,9.77078629,0,,,,50
83182256,0.5,0.546296299,3,1.45960224,0.475457847,0.394871771,0,0,15.8804216,12,8.13758278,8.23850822,0,13.2952528,12.1825247,11.2128534,0,,,,50
83183383,0.5,0.540540516,3,1.45960224,0.483516455,0.410988986,0,0,15.8804216,12,8.13758278,8.23217392,0,13.2952528,12.1825247,11.2128534,0,,,,50
83184514,0.5,0.538461566,3,1.45960224,0.507692277,0.435164809,0,0,15.8804216,12,8.12251282,8.22372913,0,13.2952528,17.4395409,9.82283974,0,,,,50
83185640,0.5,0.522522509,3,1.57482636,0.46739924,0.427106202,0,0,15.8849669,12,8.13456917,8.23639679,0,13.2952528,17.4395409,9.82283974,0,,,,50
83186775,0.5,0.544642866,3,1.57482636,0.491575062,0.410988986,0,0,15.8758764,11.9690819,8.13758278,8.23428535,0,13.288105,11.9690819,11.2480135,0,,,,50
83188106,0.5,0.548076928,3,1.59592915,0.459340632,0.378754556,0,0,15.8849669,11.9690819,8.17374992,8.24061966,0,13.2952528,11.9690819,11.2480135,0,,,,50
83189236,0.5,0.538461566,3,1.59592915,0.451282024,0.386813164,0,0,15.8804216,12,8.1797781,8.24695396,0,13.3024006,17.0907898,9.90955353,0,,,,50
83190363,0.5,0.528301895,3,1.56494319,0.451282024,0.402930379,0,0,15.8804216,12,8.15566635,8.23850822,0,13.2952528,17.0907898,9.90955353,0,,,,50
83191493,0.5,0.541284382,3,1.56494319,0.475457847,0.402930379,0,0,15.8804216,12,8.13456917,8.23639679,0,13.2952528,12.1401167,11.2691259,0,,,,50
83192619,0.5,0.532710254,3,1.57482636,0.459340632,0.402930379,0,0,15.8804216,12,8.16169453,8.22584057,0,13.2952528,12.1401167,11.2691259,0,,,,50
83193755,0.5,0.54954952,3,1.57482636,0.491575062,0.402930379,0,0,15.8849669,12,8.12251282,8.23428535,0,13.2952528,17.0411491,9.97851181,0,,,,50
83194881,0.5,0.550458729,3,1.59337974,0.483516455,0.394871771,0,0,15.8804216,12,8.1315546,8.23217392,0,13.2952528,17.0411491,9.97851181,0,,,,50
83196012,0.5,0.53719008,3,1.59337974,0.523809493,0.451282024,0,0,15.8713312,12,8.1044302,8.21317196,0,13.2952528,12.140276,11.3095617,0,,,,50
83197138,0.5,0.534482777,3,1.61760497,0.49963367,0.435164809,0,0,15.8758764,12,8.11347103,8.2216177,0,13.2952528,12.140276,11.3095617,0,,,,50
83198269,0.5,0.537815154,3,1.61760497,0.515750885,0.443223417,0,0,15.8758764,12,8.1164856,8.22372913,0,13.2952528,16.9311256,10.0354414,0,,,,50
83199395,0.5,0.524999976,3,1.61760497,0.507692277,0.459340632,0,0,15.8758764,12,8.11045742,8.21739483,0,13.2952528,16.9311256,10.0354414,0,,,,50
83200526,0.5,0.530434787,3,1.61009789,0.491575062,0.435164809,0,0,15.8804216,12,8.12251282,8.227952,0,13.2809572,12.1279249,11.3564272,0,,,,50
83201657,0.5,0.531531513,3,1.61009789,0.475457847,0.419047594,0,0,15.866787,12,8.11347103,8.21739483,0,13.2952528,12.1279249,11.3564272,0,,,,50
83202787,0.5,0.557522118,3,1.59592915,0.507692277,0.402930379,0,0,15.8804216,12,8.14059639,8.22372913,0,13.288105,16.9609528,10.0879126,0,,,,50
83203914,0.5,0.535714269,3,1.59592915,0.483516455,0.419047594,0,0,15.8804216,12,8.14662457,8.227952,0,13.2952528,16.9609528,10.0879126,0,,,,50
83205045,0.5,0.532786906,3,1.61400592,0.523809493,0.459340632,0,0,15.8758764,12,8.08634663,8.20894909,0,13.288105,12.1274147,11.4052658,0,,,,50
83206171,0.5,0.543859661,3,1.61400592,0.49963367,0.419047594,0,0,15.8804216,12,8.13456917,8.23428535,0,13.3024006,12.1274147,11.4052658,0,,,,50
83207302,0.5,0.539822996,3,1.63954091,0.491575062,0.419047594,0,0,15.8713312,12,8.1164856,8.22584057,0.00714798551,13.3024006,16.8766174,10.1385727,0,,,,50
83208428,0.5,0.522522509,3,1.63954091,0.46739924,0.427106202,0,0,15.8758764,12,8.14963818,8.23217392,0,13.2952528,16.8766174,10.1385727,0,,,,50
83209767,0.5,0.543859661,3,1.6497097,0.49963367,0.419047594,0,0,15.8804216,12,8.14361095,8.23428535,0,13.2952528,12.0637236,11.4545345,0,,,,50
83210894,0.5,0.53719008,3,1.6497097,0.523809493,0.451282024,0,0,15.8758764,12,8.09538841,8.21317196,0,13.2952528,12.0637236,11.4545345,0,,,,50
83212024,0.5,0.534482777,3,1.68595934,0.49963367,0.435164809,0,0,15.8804216,12,8.11949921,8.22584057,0,13.288105,16.7895088,10.1883507,0,,,,50
83213151,0.5,0.525862098,3,1.68595934,0.491575062,0.443223417,0,0,15.8758764,12,8.11045742,8.21528339,0,13.2952528,16.7895088,10.1883507,0,,,,50
83214281,0.5,0.548672557,3,1.65415537,0.49963367,0.410988986,0,0,15.8804216,12,8.13456917,8.23217392,0,13.2952528,12.0565996,11.5037041,0,,,,50
83215408,0.5,0.552631557,3,1.65415537,0.507692277,0.410988986,0,0,15.8804216,12,8.13758278,8.23217392,0,13.2952528,12.0565996,11.5037041,0,,,,50
83216544,0.5,0.533333361,3,1.63954091,0.515750885,0.451282024,0,0,15.8713312,12,8.10141563,8.21528339,0,13.2952528,16.8755703,10.2375755,0,,,,50
83217670,0.5,0.538461566,3,1.63954091,0.507692277,0.435164809,0,0,15.8804216,12,8.11045742,8.2216177,0,13.3024006,16.8755703,10.2375755,0,,,,50
83218801,0.5,0.526315808,3,1.63954091,0.483516455,0.435164809,0,0,15.8713312,12,8.11347103,8.2216177,0,13.2952528,12.0843439,11.552597,0,,,,50
83219928,0.5,0.541666687,3,1.68489122,0.523809493,0.443223417,0,0,15.8849669,12,8.11949921,8.23006344,0,13.3024006,12.0843439,11.552597,0,,,,50
83221058,0.5,0.535087705,3,1.68489122,0.491575062,0.427106202,0,0,15.8804216,12,8.13456917,8.22584057,0,13.2809572,16.7915726,10.2863703,0,,,,50
83222185,0.5,0.533898294,3,1.68595934,0.507692277,0.443223417,0,0,15.8758764,12,8.11347103,8.21317196,0,13.2809572,16.7915726,10.2863703,0,,,,50
83223315,0.5,0.543859661,3,1.68595934,0.49963367,0.419047594,0,0,15.8849669,11.9986105,8.14059639,8.227952,0,13.3024006,11.9986105,11.6004105,0,,,,50
83224447,0.5,0.543859661,3,1.7087034,0.49963367,0.419047594,0,0,15.8804216,11.9986105,8.1315546,8.23639679,0,13.2952528,11.9986105,11.6004105,0,,,,50
83225577,0.5,0.540540516,3,1.7087034,0.483516455,0.410988986,0,0,15.8804216,12,8.12552738,8.23006344,0,13.2952528,16.7433319,10.3363609,0,,,,50
83226704,0.5,0.536363661,3,1.73432851,0.475457847,0.410988986,0,0,15.8804216,12,8.14662457,8.23850822,0,13.3024006,16.7433319,10.3363609,0,,,,50
83227834,0.5,0.541284382,3,1.73432851,0.475457847,0.402930379,0,0,15.8758764,11.916028,8.1315546,8.23217392,0,13.288105,11.916028,11.6020317,0,,,,50
83228961,0.5,0.526315808,3,1.71347344,0.483516455,0.435164809,0,0,15.8804216,11.916028,8.14059639,8.23006344,0,13.2952528,11.916028,11.6020317,0,,,,50
83230295,0.5,0.529914558,3,1.71347344,0.49963367,0.443223417,0,0,15.8713312,12,8.11045742,8.21739483,0,13.2952528,16.4697571,10.4805927,0,,,,50
83231422,0.5,0.53719008,3,1.73508275,0.523809493,0.451282024,0,0,15.8804216,12,8.08936024,8.21317196,0,13.2738094,16.4697571,10.4805927,0,,,,50
83232557,0.5,0.547826111,3,1.73508275,0.507692277,0.419047594,0,0,15.8804216,12,8.1044302,8.21950626,0,13.2952528,12.3308773,11.5672579,0,,,,50
83233684,0.5,0.532786906,3,1.74380362,0.523809493,0.459340632,0,0,15.8713312,12,8.09538841,8.20683765,0,13.288105,12.3308773,11.5672579,0,,,,50
83234815,0.5,0.537815154,3,1.74380362,0.515750885,0.443223417,0,0,15.8804216,12,8.11347103,8.21950626,0,13.2952528,16.1700687,10.5769386,0,,,,50
83235941,0.5,0.525423706,3,1.73432851,0.49963367,0.451282024,0,0,15.866787,12,8.09840202,8.21106052,0,13.2738094,16.1700687,10.5769386,0,,,,50
83237071,0.5,0.516129017,3,1.73432851,0.515750885,0.483516455,0,0,15.8758764,12,8.09237385,8.21106052,0,13.2738094,12.4761114,11.5861168,0,,,,50
83238198,0.5,0.533333361,3,1.78635454,0.515750885,0.451282024,0,0,15.8713312,12,8.10141563,8.21739483,0,13.288105,12.4761114,11.5861168,0,,,,50
83239329,0.5,0.53435111,3,1.78635454,0.56410253,0.491575062,0,0,15.8713312,12,8.07730484,8.19839287,0,13.2952528,16.0066814,10.6412668,0,,,,50
83240460,0.5,0.533898294,3,1.76034546,0.507692277,0.443223417,0,0,15.8758764,12,8.1044302,8.2216177,0,13.2952528,16.0066814,10.6412668,0,,,,50
83241591,0.5,0.534482777,3,1.76034546,0.49963367,0.435164809,0,0,15.8758764,12,8.1044302,8.20472717,0,13.2952528,12.4780836,11.6233664,0,,,,50
83242717,0.5,0.53719008,3,1.79197061,0.523809493,0.451282024,0,0,15.8804216,12,8.11347103,8.21739483,0,13.288105,12.4780836,11.6233664,0,,,,50
83243848,0.5,0.543103456,3,1.84159827,0.507692277,0.427106202,0,0,15.8758764,12,8.13456917,8.22372913,0,13.2952528,15.8749561,10.6942348,0,,,,50
83244974,0.5,0.532786906,3,1.84159827,0.523809493,0.459340632,0,0,15.8758764,12,8.10141563,8.21528339,0,13.2952528,15.8749561,10.6942348,0,,,,50
83246105,0.5,0.543859661,3,1.84159827,0.49963367,0.419047594,0,0,15.8758764,12,8.11949921,8.227952,0,13.2952528,12.3449402,11.6668091,0,,,,50
83247237,0.5,0.520661175,3,1.80005538,0.507692277,0.46739924,0,0,15.8713312,12,8.08634663,8.20894909,0,13.288105,12.3449402,11.6668091,0,,,,50
83248368,0.5,0.532786906,3,1.80005538,0.523809493,0.459340632,0,0,15.8713312,12,8.1044302,8.21106052,0,13.2952528,15.9421005,10.7430487,0,,,,50
83249494,0.5,0.532786906,3,1.80005538,0.523809493,0.459340632,0,0,15.866787,12,8.1044302,8.20894909,0,13.2952528,15.9421005,10.7430487,0,,,,50
83250829,0.5,0.537815154,3,1.80005538,0.515750885,0.443223417,0,0,15.8758764,12,8.09237385,8.21106052,0,13.2952528,12.4283905,11.7122097,0,,,,50
83251955,0.5,0.545454562,3,1.80005538,0.5318681,0.443223417,0,0,15.8758764,12,8.11347103,8.21739483,0,13.2952528,12.4283905,11.7122097,0,,,,50
83253086,0.5,0.5390625,3,1.81355584,0.556043923,0.475457847,0,0,15.8758764,12,8.07429028,8.20261574,0,13.2952528,15.9137516,10.7902212,0,,,,50
83254212,0.5,0.534482777,3,1.81355584,0.49963367,0.435164809,0,0,15.8758764,12,8.09538841,8.21739483,0,13.2952528,15.9137516,10.7902212,0,,,,50
83255347,0.5,0.534883738,3,1.81355584,0.556043923,0.483516455,0,0,15.8713312,12,8.08333206,8.2005043,0,13.2952528,12.4057131,11.7580976,0,,,,50
83256474,0.5,0.53719008,3,1.81355584,0.523809493,0.451282024,0,0,15.8758764,12,8.11949921,8.227952,0,13.288105,12.4057131,11.7580976,0,,,,50
83257604,0.5,0.535087705,3,1.84159827,0.491575062,0.427106202,0,0,15.8713312,12,8.12854099,8.2216177,0,13.2952528,15.8607283,10.8366327,0,,,,50
83258731,0.5,0.538461566,3,1.84159827,0.507692277,0.435164809,0,0,15.8758764,12,8.11347103,8.21950626,0,13.2952528,15.8607283,10.8366327,0,,,,50
83259861,0.5,0.543103456,3,1.83313704,0.507692277,0.427106202,0,0,15.8758764,12,8.12552738,8.21950626,0,13.2952528,12.370368,11.8039694,0,,,,50
83260988,0.5,0.524193525,3,1.83313704,0.523809493,0.475457847,0,0,15.8804216,12,8.08333206,8.20683765,0,13.2952528,12.370368,11.8039694,0,,,,50
83262118,0.5,0.53719008,3,1.84117341,0.523809493,0.451282024,0,0,15.8758764,12,8.09840202,8.21106052,0,13.2952528,15.8613501,10.8825941,0,,,,50
83263250,0.5,0.541984677,3,1.84117341,0.572161138,0.483516455,0,0,15.866787,12,8.04716492,8.18150139,0,13.288105,15.8613501,10.8825941,0,,,,50
83264380,0.5,0.53174603,3,1.85745931,0.539926708,0.475457847,0,0,15.8713312,12,8.08936024,8.20683765,0,13.288105,12.325736,11.8496523,0,,,,50
83265507,0.5,0.51968503,3,1.85745931,0.5318681,0.491575062,0,0,15.866787,12,8.08634663,8.19839287,0,13.288105,12.325736,11.8496523,0,,,,50
83266638,0.5,0.530769229,3,1.84159827,0.556043923,0.491575062,0,0,15.866787,12,8.06826305,8.20261574,0,13.288105,15.8606682,10.9282188,0,,,,50
83267764,0.5,0.536000013,3,1.84159827,0.539926708,0.46739924,0,0,15.866787,12,8.09237385,8.21106052,0,13.288105,15.8606682,10.9282188,0,,,,50
83268894,0.5,0.546875,3,1.87712193,0.56410253,0.46739924,0,0,15.8758764,12,8.06826305,8.2005043,0,13.2952528,12.2895813,11.895093,0,,,,50
83270021,0.5,0.532786906,3,1.8999157,0.523809493,0.459340632,0,0,15.8758764,12,8.09840202,8.21317196,0,13.288105,12.2895813,11.895093,0,,,,50
83271156,0.5,0.530769229,3,1.8999157,0.556043923,0.491575062,0,0,15.8758764,12,8.05319309,8.19628143,0,13.2952528,15.752615,10.9735527,0,,,,50
83272486,0.5,0.540983617,3,1.88465881,0.5318681,0.451282024,0,0,15.8804216,12,8.1164856,8.21739483,0,13.2952528,15.752615,10.9735527,0,,,,50
83273617,0.5,0.536000013,3,1.88465881,0.539926708,0.46739924,0,0,15.8713312,12,8.08634663,8.20472717,0,13.288105,12.2758684,11.9402771,0,,,,50
83274744,0.5,0.536585391,3,1.8999157,0.5318681,0.459340632,0,0,15.8758764,12,8.09840202,8.21106052,0,13.2952528,12.2758684,11.9402771,0,,,,50
83275874,0.5,0.520325184,3,1.8999157,0.515750885,0.475457847,0,0,15.8622417,12,8.08031845,8.19839287,0,13.2738094,15.75284,11.0186157,0,,,,50
83277001,0.5,0.533898294,3,1.9191066,0.507692277,0.443223417,0,0,15.8758764,12,8.09538841,8.21739483,0,13.2952528,15.75284,11.0186157,0,,,,50
83278136,0.5,0.524590135,3,1.9191066,0.515750885,0.46739924,0,0,15.8622417,12,8.06524849,8.2005043,0,13.288105,12.2121763,11.9852047,0,,,,50
83279263,0.5,0.519379854,3,1.93024814,0.539926708,0.49963367,0,0,15.8713312,12,8.05922127,8.20472717,0,13.2952528,12.2121763,11.9852047,0,,,,50
83280394,0.5,0.544715464,3,1.93024814,0.539926708,0.451282024,0,0,15.8713312,12,8.09538841,8.20894909,0,13.2952528,15.6967659,11.0634193,0,,,,50
83281520,0.5,0.530303001,3,1.91037714,0.56410253,0.49963367,0,0,15.8758764,12,8.07127666,8.2005043,0,13.2952528,15.6967659,11.0634193,0,,,,50
83282651,0.5,0.540983617,3,1.8999157,0.5318681,0.451282024,0,0,15.8713312,12,8.09237385,8.21528339,0,13.2952528,12.2480364,12.0298805,0,,,,50
83283777,0.5,0.536764681,3,1.8999157,0.588278353,0.507692277,0,0,15.866787,12,8.04415131,8.18783569,0,13.2952528,12.2480364,12.0298805,0,,,,50
83284908,0.5,0.539682567,3,1.9339906,0.547985315,0.46739924,0,0,15.8758764,12,8.08634663,8.21106052,0,13.2952528,15.6900473,11.1079721,0,,,,50
83286039,0.5,0.529850721,3,1.9339906,0.572161138,0.507692277,0,0,15.866787,12,8.02908134,8.18361282,0,13.2738094,15.6900473,11.1079721,0,,,,50
83287170,0.5,0.547619045,3,1.93071508,0.556043923,0.459340632,0,0,15.8758764,12,8.09237385,8.21317196,0,13.3024006,12.1910944,12.0743103,0,,,,50
83288296,0.5,0.528000057,3,1.93071508,0.5318681,0.475457847,0,0,15.8622417,12,8.07127666,8.19839287,0,13.2666607,12.1910944,12.0743103,0,,,,50
83289427,0.5,0.535433054,3,1.95819521,0.547985315,0.475457847,0,0,15.8713312,12,8.09237385,8.20472717,0,13.2738094,15.64534,11.1522827,0,,,,50
83290553,0.5,0.540983617,3,1.99491131,0.5318681,0.451282024,0,0,15.866787,12,8.09538841,8.20894909,0,13.288105,15.64534,11.1522827,0,,,,50
83291684,0.5,0.536000013,3,1.99491131,0.539926708,0.46739924,0,0,15.8713312,12,8.08936024,8.20894909,0,13.2952528,12.0721521,12.1185007,0,,,,50
83293015,0.5,0.538461566,3,1.94768023,0.56410253,0.483516455,0,0,15.8622417,12,8.0562067,8.18994713,0,13.2809572,12.0721521,12.1185007,0,,,,50
83294150,0.5,0.548148096,3,1.94768023,0.596336961,0.491575062,0,0,15.866787,12,8.0411377,8.18994713,0,13.2738094,15.6650753,11.1963558,0,,,,50
83295276,0.5,0.530769229,3,1.9615649,0.556043923,0.491575062,0,0,15.866787,12,8.0562067,8.19417,0,13.288105,15.6650753,11.1963558,0,,,,50
83296407,0.5,0.530303001,3,1.9615649,0.56410253,0.49963367,0,0,15.866787,12,8.05922127,8.19417,0,13.288105,12.1342659,12.1624584,0,,,,50
83297533,0.5,0.534883738,3,1.97858787,0.556043923,0.483516455,0,0,15.866787,12,8.07127666,8.19628143,0,13.288105,12.1342659,12.1624584,0,,,,50
83298664,0.5,0.54411763,3,1.96252978,0.596336961,0.49963367,0,0,15.8713312,12,8.04716492,8.19417,0,13.2952528,15.637723,11.2402,0,,,,50
83299790,0.5,0.542635679,3,1.96252978,0.56410253,0.475457847,0,0,15.8713312,12,8.06826305,8.19839287,0,13.2952528,15.637723,11.2402,0,,,,50
83300921,0.5,0.529411793,3,1.99441278,0.580219746,0.515750885,0,0,15.8713312,12,8.03812313,8.18783569,0,13.2952528,12.0735016,12.2061901,0,,,,50
83302052,0.5,0.532786906,3,1.99441278,0.523809493,0.459340632,0,0,15.8804216,12,8.09237385,8.21317196,0,13.2809572,12.0735016,12.2061901,0,,,,50
83303183,0.5,0.533834636,3,1.99491131,0.572161138,0.49963367,0,0,15.8758764,12,8.04716492,8.19628143,0,13.2952528,15.5778198,11.2838211,0,,,,50
83304310,0.5,0.528000057,3,1.99491131,0.5318681,0.475457847,0,0,15.8758764,12,8.08031845,8.21106052,0,13.2738094,15.5778198,11.2838211,0,,,,50
83305440,0.5,0.536231875,3,2.01760936,0.596336961,0.515750885,0,0,15.8622417,12,8.03812313,8.18994713,0,13.288105,12.0306463,12.2497025,0,,,,50
83306567,0.5,0.51968503,3,2.06405711,0.5318681,0.491575062,0,0,15.8713312,12,8.08634663,8.20683765,0,13.288105,12.0306463,12.2497025,0,,,,50
83307697,0.5,0.532374084,3,2.06405711,0.596336961,0.523809493,0,0,15.8622417,12,8.01702595,8.17516804,0,13.288105,15.4496689,11.3272247,0,,,,50
83308829,0.5,0.53435111,3,2.03822374,0.56410253,0.491575062,0,0,15.866787,12,8.05922127,8.19839287,0,13.2952528,15.4496689,11.3272247,0,,,,50
83309960,0.5,0.536764681,3,2.03822374,0.588278353,0.507692277,0,0,15.8576965,11.9925785,8.01702595,8.1730566,0,13.288105,11.9925785,12.2890015,0,,,,50
83311087,0.5,0.526315808,3,2.03822374,0.56410253,0.507692277,0,0,15.866787,11.9925785,8.04415131,8.18783569,0,13.288105,11.9925785,12.2890015,0,,,,50
83312217,0.5,0.517985582,3,2.03822374,0.580219746,0.539926708,0,0,15.866787,12,8.03510952,8.1730566,0,13.2809572,15.4747467,11.3788481,0,,,,50
83313344,0.5,0.537313461,3,1.30471635,0.580219746,0.49963367,0,0,15.8713312,12,8.06223488,8.18572426,0.00714798551,13.2952528,15.4747467,11.3788481,0,,,,50
83314678,0.5,0.528571427,3,1.40908444,0.596336961,0.5318681,0,0,15.8531513,12,8.01401234,8.17094517,0,13.288105,13.197154,12.3248281,0,,,,50
83315805,0.5,0.53435111,3,1.40908444,0.56410253,0.491575062,0,0,15.8758764,12,8.07429028,8.19839287,0,13.2952528,13.197154,12.3248281,0,,,,50
83316940,0.5,0.523076952,3,2.05873203,0.547985315,0.49963367,0,0,15.8622417,12,8.05922127,8.19205856,0,13.288105,15.415452,11.4261093,0,,,,50
83318066,0.5,0.543307066,3,2.05873203,0.556043923,0.46739924,0,0,15.866787,12,8.06223488,8.2005043,0,13.2738094,15.415452,11.4261093,0,,,,50
83319197,0.5,0.530769229,3,2.09990668,0.556043923,0.491575062,0,0,15.866787,11.9276228,8.0562067,8.19417,0,13.288105,11.9276228,12.3262033,0,,,,50
83320323,0.5,0.534883738,3,2.09604549,0.556043923,0.483516455,0,0,15.866787,11.9276228,8.05319309,8.19417,0,13.2952528,11.9276228,12.3262033,0,,,,50
83321454,0.5,0.521739125,3,2.09604549,0.580219746,0.5318681,0,0,15.8576965,12,8.00798416,8.1667223,0,13.288105,15.1139555,11.5525942,0,,,,50
83322580,0.5,0.531914949,3,2.09990668,0.604395568,0.5318681,0,0,15.866787,12,8.05017948,8.18150139,0,13.288105,15.1139555,11.5525942,0,,,,50
83323711,0.5,0.536764681,3,2.09990668,0.588278353,0.507692277,0,0,15.8576965,12,8.02606773,8.17516804,0,13.288105,12.2886496,12.2971859,0,,,,50
83324842,0.5,0.533333302,3,2.12337565,0.580219746,0.507692277,0,0,15.866787,12,8.05017948,8.19205856,0,13.288105,12.2886496,12.2971859,0,,,,50
83325973,0.5,0.5289855,3,2.09990668,0.588278353,0.523809493,0,0,15.8576965,12,8.01401234,8.1730566,0,13.2809572,14.8955307,11.6373863,0,,,,50
83327099,0.5,0.525925875,3,2.09990668,0.572161138,0.515750885,0,0,15.866787,12,8.04716492,8.19205856,0,13.2952528,14.8955307,11.6373863,0,,,,50
83328230,0.5,0.515151501,3,2.09439516,0.547985315,0.515750885,0,0,15.8531513,12,8.02606773,8.17727947,0,13.2809572,12.4235792,12.3147993,0,,,,50
83329357,0.5,0.548872232,3,2.09439516,0.588278353,0.483516455,0,0,15.8713312,12,8.05922127,8.19417,0,13.288105,12.4235792,12.3147993,0,,,,50
83330487,0.5,0.53435111,3,2.09990668,0.56410253,0.491575062,0,0,15.8622417,12,8.0562067,8.18361282,0,13.288105,14.8222122,11.6944981,0,,,,50
83331614,0.5,0.530769229,3,2.14853144,0.556043923,0.491575062,0,0,15.866787,12,8.05017948,8.18994713,0,13.2952528,14.8222122,11.6944981,0,,,,50
83332749,0.5,0.534883738,3,2.14853144,0.556043923,0.483516455,0,0,15.8622417,12,8.07429028,8.19417,0,13.288105,12.3666105,12.348465,0,,,,50
83333875,0.5,0.534883738,3,2.13702345,0.556043923,0.483516455,0,0,15.8713312,12,8.06826305,8.19628143,0,13.288105,12.3666105,12.348465,0,,,,50
83335210,0.5,0.5182482,3,2.13702345,0.572161138,0.5318681,0,0,15.8531513,12,8.02606773,8.1730566,0,13.2809572,14.727911,11.7418499,0,,,,50
83336336,0.5,0.532374084,3,2.10767174,0.596336961,0.523809493,0,0,15.8622417,12,8.03209591,8.18361282,0,13.288105,14.727911,11.7418499,0,,,,50
83337467,0.5,0.532846749,3,2.21595263,0.588278353,0.515750885,0,0,15.8576965,12,8.02305412,8.17727947,0,13.288105,12.2567139,12.387599,0,,,,50
83338594,0.5,0.526315808,3,2.21595263,0.56410253,0.507692277,0,0,15.866787,12,8.0411377,8.19417,0,13.2952528,12.2567139,12.387599,0,,,,50
83339729,0.5,0.541984677,3,2.17785072,0.572161138,0.483516455,0,0,15.8622417,12,8.02908134,8.18150139,0,13.288105,14.6433916,11.7856894,0,,,,50
83340856,0.5,0.528571427,3,2.13816857,0.596336961,0.5318681,0,0,15.866787,12,8.02908134,8.18150139,0,13.2952528,14.6433916,11.7856894,0,,,,50
83341986,0.5,0.521739125,3,2.13816857,0.580219746,0.5318681,0,0,15.8622417,12,8.02305412,8.1730566,0,13.288105,12.4065132,12.4285231,0,,,,50
83343113,0.5,0.537313461,3,2.17429018,0.580219746,0.49963367,0,0,15.8713312,12,8.0562067,8.18783569,0,13.2952528,12.4065132,12.4285231,0,,,,50
83344243,0.5,0.528000057,3,2.17429018,0.5318681,0.475457847,0,0,15.866787,12,8.06524849,8.19417,0,13.288105,14.6470642,11.8281956,0,,,,50
83345370,0.5,0.526315808,3,2.17606902,0.56410253,0.507692277,0,0,15.866787,12,8.05017948,8.19417,0,13.2952528,14.6470642,11.8281956,0,,,,50
83346501,0.5,0.53435111,3,2.20737076,0.56410253,0.491575062,0,0,15.8622417,12,8.02305412,8.18150139,0,13.288105,12.2800426,12.4699583,0,,,,50
83347632,0.5,0.522388041,3,2.20737076,0.56410253,0.515750885,0,0,15.866787,12,8.04716492,8.19839287,0,13.2952528,12.2800426,12.4699583,0,,,,50
83348763,0.5,0.540740728,3,2.25860333,0.588278353,0.49963367,0,0,15.8531513,12,8.02606773,8.1667223,0,13.288105,14.4896374,11.8701277,0,,,,50
83349889,0.5,0.546099305,3,2.25860333,0.620512784,0.515750885,0,0,15.866787,12,8.02606773,8.17727947,0,13.2952528,14.4896374,11.8701277,0,,,,50
83351020,0.5,0.527397275,3,2.19522572,0.620512784,0.556043923,0,0,15.8576965,12,8.00497055,8.16038799,0,13.2738094,12.3033772,12.5114651,0,,,,50
83352147,0.5,0.539568305,3,2.19522572,0.604395568,0.515750885,0,0,15.866787,12,8.02606773,8.18361282,0,13.2952528,12.3033772,12.5114651,0,,,,50
83353278,0.5,0.517482519,3,2.19522572,0.596336961,0.556043923,0,0,15.8576965,12,8.00195694,8.16249943,0,13.288105,14.6070585,11.9117546,0,,,,50
83354404,0.5,0.525179803,3,1.39993775,0.588278353,0.5318681,0,0,15.8713312,12,8.03812313,8.19417,0,13.2952528,14.6070585,11.9117546,0,,,,50
83355540,0.5,0.523178756,3,1.54944563,0.636629999,0.580219746,0,0,15.8486061,12,7.95674753,8.15616512,0,13.2809572,13.50247,12.5528917,0,,,,50
83356870,0.5,0.538461566,3,1.54944563,0.56410253,0.483516455,0,0,15.866787,12,8.06826305,8.2005043,0,13.288105,13.50247,12.5528917,0,,,,50
83358001,0.5,0.528571427,3,2.21903372,0.596336961,0.5318681,0,0,15.8622417,12,8.02003956,8.18361282,0,13.288105,14.5628824,11.9531717,0,,,,50
83359128,0.5,0.54285717,3,2.25860333,0.612454176,0.515750885,0,0,15.8622417,12,8.02003956,8.18361282,0,13.288105,14.5628824,11.9531717,0,,,,50
83360258,0.5,0.535714269,3,2.25860333,0.604395568,0.523809493,0,0,15.8622417,12,8.02305412,8.17516804,0,13.288105,12.1863279,12.5941896,0,,,,50
83361384,0.5,0.536231875,3,2.2844677,0.596336961,0.515750885,0,0,15.8531513,12,8.02305412,8.1667223,0,13.288105,12.1863279,12.5941896,0,,,,50
83362519,0.5,0.534246564,3,2.25796413,0.628571391,0.547985315,0,0,15.8622417,12,8.01702595,8.16883373,0,13.288105,14.4907169,11.9944162,0,,,,50
83363646,0.5,0.533333361,3,2.25796413,0.644688606,0.56410253,0,0,15.8486061,12,7.96880341,8.15405464,0,13.2809572,14.4907169,11.9944162,0,,,,50
83364776,0.5,0.523809493,3,2.25095773,0.620512784,0.56410253,0,0,15.8622417,12,8.01702595,8.16461086,0,13.2809572,12.2006893,12.6353426,0,,,,50
83365903,0.5,0.525641024,3,2.25095773,0.660805821,0.596336961,0,0,15.8486061,12,7.92660856,8.14772034,0,13.2738094,12.2006893,12.6353426,0,,,,50
83367034,0.5,0.524822712,3,2.25095773,0.596336961,0.539926708,0,0,15.866787,12,8.01401234,8.17094517,0,13.2809572,14.5038462,12.0355024,0,,,,50
83368160,0.5,0.522580624,3,1.45242906,0.652747214,0.596336961,0,0,15.8531513,12,7.93565035,8.1456089,0,13.288105,14.5038462,12.0355024,0,,,,50
83369290,0.5,0.525179803,3,1.57513726,0.588278353,0.5318681,0,0,15.8576965,12,8.02003956,8.17094517,0,13.288105,13.4553204,12.6763496,0,,,,50
83370422,0.5,0.542483687,3,1.57513726,0.668864429,0.56410253,0,0,15.8576965,12,7.96277571,8.14983177,0,13.288105,13.4553204,12.6763496,0,,,,50
83371552,0.5,0.529411793,3,2.30027246,0.580219746,0.515750885,0,0,15.8531513,12,8.01702595,8.17094517,0,13.288105,14.4124374,12.0764389,0,,,,50
83372679,0.5,0.53594774,3,2.34695458,0.660805821,0.572161138,0,0,15.8622417,12,7.9748311,8.15616512,0,13.2809572,14.4124374,12.0764389,0,,,,50
83373810,0.5,0.53061223,3,2.34695458,0.628571391,0.556043923,0,0,15.8395166,12,7.97181749,8.15616512,0,13.2738094,12.0227814,12.7172117,0,,,,50
83374936,0.5,0.532051265,3,2.32371736,0.668864429,0.588278353,0,0,15.8576965,12,7.96578932,8.15194321,0,13.288105,12.0227814,12.7172117,0,,,,50
83376067,0.5,0.535031855,3,2.32371736,0.676923037,0.588278353,0,0,15.8440609,12,7.92660856,8.13294029,0,13.2595129,14.3690481,12.1172304,0,,,,50
83377397,0.5,0.537414968,3,2.32371736,0.636629999,0.547985315,0,0,15.8576965,12,7.97784519,8.15616512,0,13.288105,14.3690481,12.1172304,0,,,,50
83378533,0.5,0.522012532,3,1.49571609,0.668864429,0.612454176,0,0,15.8576965,12,7.90852499,8.13505173,0,13.2809572,13.6030149,12.7579317,0,,,,50
83379659,0.5,0.527397275,3,1.49571609,0.620512784,0.556043923,0,0,15.8531513,12,7.98387289,8.15827656,0,13.2809572,13.6030149,12.7579317,0,,,,50
83380790,0.5,0.532894731,3,1.49571609,0.652747214,0.572161138,0,0,15.866787,12,7.98990059,8.16038799,0,13.288105,15.9061441,12.1578817,0,,,,50
83381916,0.5,0.527397275,3,1.17451358,0.620512784,0.556043923,0,0,15.8531513,12,7.9808588,8.15616512,0,13.2738094,15.9061441,12.1578817,0,,,,50
83383047,0.5,0.541095912,3,1.61793303,0.636629999,0.539926708,0,0,15.8622417,12,7.98990059,8.16461086,0,13.288105,13.3762789,12.7985144,0,,,,50
83384173,0.5,0.526666641,3,1.61793303,0.636629999,0.572161138,0,0,15.8486061,12,7.93565035,8.1456089,0,13.288105,13.3762789,12.7985144,0,,,,50
83385304,0.5,0.520270288,3,2.35041094,0.620512784,0.572161138,0,0,15.8622417,12,7.99291468,8.17094517,0,13.2738094,14.3197527,12.1983967,0,,,,50
83386435,0.5,0.537974656,3,2.34695458,0.684981644,0.588278353,0,0,15.8486061,12,7.89646912,8.1392746,0,13.288105,14.3197527,12.1983967,0,,,,50
83387566,0.5,0.523489952,3,2.34695458,0.628571391,0.572161138,0,0,15.8531513,12,7.97181749,8.15827656,0,13.2809572,12.0231657,12.8389616,0,,,,50
83388692,0.5,0.535031855,3,2.3580513,0.676923037,0.588278353,0,0,15.8531513,12,7.95071983,8.13716316,0,13.2595129,12.0231657,12.8389616,0,,,,50
83389823,0.5,0.524475515,3,2.34695458,0.604395568,0.547985315,0,0,15.8486061,12,7.99894238,8.16038799,0,13.2809572,14.3262901,12.2387781,0,,,,50
83390949,0.5,0.538961053,3,2.34695458,0.668864429,0.572161138,0,0,15.8622417,12,7.9748311,8.15194321,0,13.288105,14.3262901,12.2387781,0,,,,50
83392080,0.5,0.542483687,3,2.36995697,0.668864429,0.56410253,0,0,15.8395166,11.9805889,7.91455269,8.14138603,0,13.2666607,11.9805889,12.8688211,0,,,,50
83393211,0.5,0.533783793,3,2.39413309,0.636629999,0.556043923,0,0,15.8576965,11.9805889,7.97784519,8.15616512,0,13.288105,11.9805889,12.8688211,0,,,,50
83394342,0.5,0.53125,3,2.39413309,0.684981644,0.604395568,0,0,15.8531513,12,7.92359447,8.14349747,0,13.2738094,14.1784992,12.3010788,0,,,,50
83395468,0.5,0.523178756,3,2.38340664,0.636629999,0.580219746,0,0,15.8531513,12,7.98387289,8.16038799,0,13.2809572,14.1784992,12.3010788,0,,,,50
83396599,0.5,0.537037015,3,2.39341497,0.701098859,0.604395568,0,0,15.8531513,12,7.91153908,8.14138603,0,13.288105,12.0327606,12.8900146,0,,,,50
83397929,0.5,0.533333361,3,2.39341497,0.709157467,0.620512784,0,0,15.8440609,12,7.88742733,8.12027264,0,13.2809572,12.0327606,12.8900146,0,,,,50
83399060,0.5,0.53594774,3,2.42174363,0.660805821,0.572161138,0,0,15.8576965,12,7.96578932,8.14138603,0,13.2738094,14.071353,12.3523827,0,,,,50
83400186,0.5,0.544378698,3,2.41514683,0.741391897,0.620512784,0,0,15.8531513,12,7.90249729,8.12449551,0,13.2809572,14.071353,12.3523827,0,,,,50
83401321,0.5,0.53594774,3,2.41514683,0.660805821,0.572161138,0,0,15.8440609,12,7.93263626,8.13082886,0,13.2738094,12.0255222,12.9234867,0,,,,50
83402448,0.5,0.541401327,3,2.41441607,0.684981644,0.580219746,0,0,15.8576965,12,7.97181749,8.14349747,0,13.2809572,12.0255222,12.9234867,0,,,,50
83403579,0.5,0.520958066,3,2.41441607,0.701098859,0.644688606,0,0,15.8440609,12,7.87235785,8.1181612,0,13.2809572,14.0655985,12.3962822,0,,,,50
83404705,0.5,0.529801309,3,2.41441607,0.644688606,0.572161138,0,0,15.8576965,12,7.94770575,8.1456089,0,13.2809572,14.0655985,12.3962822,0,,,,50
83405836,0.5,0.532934129,3,1.58169389,0.717216074,0.628571391,0,0,15.8576965,12,7.88139963,8.12871838,0,13.2809572,13.5842037,12.9611397,0,,,,50
83406962,0.5,0.533783793,3,1.69239569,0.636629999,0.556043923,0,0,15.8440609,12,7.96277571,8.14983177,0,13.2738094,13.5842037,12.9611397,0,,,,50
83408093,0.5,0.528301835,3,2.46209359,0.676923037,0.604395568,0,0,15.8576965,12,7.94167805,8.13082886,0,13.288105,13.9704342,12.4375257,0,,,,50
83409224,0.5,0.537974656,3,2.46209359,0.684981644,0.588278353,0,0,15.8349714,12,7.89044142,8.11393833,0,13.2809572,13.9704342,12.4375257,0,,,,50
83410355,0.5,0.535031855,3,2.4424994,0.676923037,0.588278353,0,0,15.8576965,11.9904499,7.94469213,8.1456089,0,13.288105,11.9904499,12.9950266,0,,,,50
83411482,0.5,0.530120492,3,2.51169205,0.709157467,0.628571391,0,0,15.8486061,11.9904499,7.88139963,8.11393833,0,13.2809572,11.9904499,12.9950266,0,,,,50
83412612,0.5,0.526315808,3,2.51169205,0.644688606,0.580219746,0,0,15.8486061,12,7.96578932,8.15194321,0,13.2809572,13.8464308,12.4886179,0,,,,50
83413739,0.5,0.539877295,3,2.46513605,0.709157467,0.604395568,0,0,15.8531513,12,7.9055109,8.1392746,0,13.2809572,13.8464308,12.4886179,0,,,,50
83414869,0.5,0.524999976,3,2.47738123,0.676923037,0.612454176,0,0,15.8440609,11.9742336,7.90249729,8.12660694,0,13.2595129,11.9742336,13.0112371,0,,,,50
83415996,0.5,0.525974035,3,2.52280903,0.652747214,0.588278353,0,0,15.8576965,11.9742336,7.94167805,8.14983177,0,13.288105,11.9742336,13.0112371,0,,,,50
83417131,0.5,0.535483837,3,2.52280903,0.668864429,0.580219746,0,0,15.8486061,12,7.9055109,8.1456089,0,13.2809572,13.7174282,12.5632076,0,,,,50
83418258,0.5,0.537414968,3,2.51011181,0.636629999,0.547985315,0,0,15.8531513,12,7.99894238,8.16461086,0,13.2809572,13.7174282,12.5632076,0,,,,50
83419593,0.5,0.529411793,3,2.49363923,0.652747214,0.580219746,0,0,15.8622417,12,7.95674753,8.14983177,0,13.2738094,12.0877714,13.0222836,0,,,,50
83420720,0.5,0.535031855,3,2.49363923,0.676923037,0.588278353,0,0,15.8395166,12,7.89044142,8.12238407,0,13.2809572,12.0877714,13.0222836,0,,,,50
83421850,0.5,0.52903223,3,2.51169205,0.660805821,0.588278353,0,0,15.8576965,12,7.94770575,8.14772034,0,13.2809572,13.6539507,12.6195688,0,,,,50
83422976,0.5,0.52352941,3,2.54696631,0.717216074,0.652747214,0,0,15.8486061,12,7.87235785,8.10971546,0,13.2809572,13.6539507,12.6195688,0,,,,50
83424112,0.5,0.532894731,3,2.53886271,0.652747214,0.572161138,0,0,15.8440609,12,7.94770575,8.14138603,0,13.2738094,12.0535326,13.0518665,0,,,,50
83425238,0.5,0.527272761,3,2.53886271,0.701098859,0.628571391,0,0,15.8486061,12,7.89646912,8.13294029,0,13.2809572,12.0535326,13.0518665,0,,,,50
83426369,0.5,0.518518507,3,2.54696631,0.676923037,0.628571391,0,0,15.8395166,12,7.89345551,8.11604977,0,13.2809572,13.5592966,12.6648703,0,,,,50
83427495,0.5,0.537974656,3,2.56004024,0.684981644,0.588278353,0,0,15.8622417,12,7.95071983,8.15405464,0,13.288105,13.5592966,12.6648703,0,,,,50
83428626,0.5,0.547169805,3,2.54615378,0.701098859,0.580219746,0,0,15.8531513,12,7.8994832,8.1181612,0,13.2809572,12.0573645,13.0878124,0,,,,50
83429753,0.5,0.531468511,3,2.54615378,0.612454176,0.539926708,0,0,15.8576965,12,8.02003956,8.16038799,0,13.2809572,12.0573645,13.0878124,0,,,,50
83430883,0.5,0.534161508,3,2.56168389,0.693040252,0.604395568,0,0,15.8576965,12,7.91153908,8.13505173,0,13.2809572,13.5218868,12.7062511,0,,,,50
83432015,0.5,0.524390221,3,2.60262394,0.693040252,0.628571391,0,0,15.8395166,12,7.88742733,8.09915924,0,13.2738094,13.5218868,12.7062511,0,,,,50
83433145,0.5,0.533742309,3,2.60262394,0.701098859,0.612454176,0,0,15.8486061,11.9586477,7.91455269,8.13294029,0,13.2809572,11.9586477,13.1036272,0,,,,50
83434272,0.5,0.52352941,3,2.5724194,0.717216074,0.652747214,0,0,15.8486061,11.9586477,7.88139963,8.11393833,0,13.2809572,11.9586477,13.1036272,0,,,,50
83435403,0.5,0.525641024,3,2.5724194,0.660805821,0.596336961,0,0,15.8440609,12,7.93866396,8.14349747,0,13.2738094,13.3699713,12.7931709,0,,,,50
83436529,0.5,0.544303775,3,1.67393434,0.693040252,0.580219746,0,0,15.8622417,12,7.94167805,8.14349747,0,13.288105,13.3699713,12.7931709,0,,,,50
83437659,0.5,0.534161508,3,1.67393434,0.693040252,0.604395568,0,0,15.8486061,12,7.9055109,8.12660694,0,13.2809572,13.8883591,13.1019325,0,,,,50
83438786,0.5,0.525316477,3,1.76814651,0.668864429,0.604395568,0,0,15.8576965,12,7.97784519,8.15194321,0,13.288105,13.8883591,13.1019325,0,,,,50
83440126,0.5,0.53125,3,2.59247756,0.684981644,0.604395568,0,0,15.8622417,12,7.93866396,8.13716316,0,13.2809572,13.2122736,12.8563738,0,,,,50
83441252,0.5,0.536423802,3,2.65988183,0.652747214,0.56410253,0,0,15.8395166,12,7.94469213,8.13505173,0,13.2666607,13.2122736,12.8563738,0,,,,50
83442383,0.5,0.54037267,3,2.65988183,0.701098859,0.596336961,0,0,15.8531513,12,7.94770575,8.1456089,0.00714798551,13.288105,12.1292963,13.1268368,0,,,,50
83443509,0.5,0.522727251,3,2.61114049,0.741391897,0.676923037,0,0,15.8486061,12,7.85427427,8.10127068,0,13.2809572,12.1292963,13.1268368,0,,,,50
83444640,0.5,0.541401327,3,2.60177541,0.684981644,0.580219746,0,0,15.8486061,12,7.94469213,8.14349747,0,13.2809572,13.1532001,12.9038048,0,,,,50
83445766,0.5,0.542682946,3,2.62747622,0.717216074,0.604395568,0,0,15.8531513,12,7.88742733,8.12871838,0,13.2809572,13.1532001,12.9038048,0,,,,50
83446897,0.5,0.527950346,3,2.60262394,0.684981644,0.612454176,0,0,15.8395166,12,7.88742733,8.10971546,0,13.2809572,12.2603865,13.1609039,0,,,,50
83448028,0.5,0.539877295,3,2.60262394,0.709157467,0.604395568,0,0,15.8576965,12,7.91756678,8.13505173,0,13.2809572,12.2603865,13.1609039,0,,,,50
83449159,0.5,0.527272761,3,2.63877153,0.701098859,0.628571391,0,0,15.8486061,12,7.89646912,8.12238407,0,13.2809572,13.0700331,12.9456797,0,,,,50
83450285,0.5,0.527950346,3,2.65988183,0.684981644,0.612454176,0,0,15.8440609,12,7.92962217,8.12027264,0,13.2738094,13.0700331,12.9456797,0,,,,50
83451416,0.5,0.545454562,3,2.65988183,0.725274682,0.604395568,0,0,15.8531513,12,7.92962217,8.13294029,0,13.2809572,12.1627903,13.1980991,0,,,,50
83452542,0.5,0.52409637,3,2.65633988,0.701098859,0.636629999,0,0,15.8440609,12,7.89044142,8.10971546,0,13.2809572,12.1627903,13.1980991,0,,,,50
83453673,0.5,0.52903223,3,2.65988183,0.660805821,0.588278353,0,0,15.8440609,12,7.95071983,8.13716316,0,13.2809572,13.0258589,12.9855623,0,,,,50
83454804,0.5,0.535714269,3,2.67414403,0.725274682,0.628571391,0,0,15.8486061,12,7.89044142,8.12449551,0,13.2809572,13.0258589,12.9855623,0,,,,50
83455935,0.5,0.541666687,3,2.65988183,0.73333329,0.620512784,0,0,15.8349714,12,7.87537193,8.09704781,0,13.2738094,12.1658678,13.2363234,0,,,,50
83457061,0.5,0.535031855,3,2.65988183,0.676923037,0.588278353,0,0,15.8531513,12,7.93263626,8.14772034,0,13.2666607,12.1658678,13.2363234,0,,,,50
83458192,0.5,0.525714278,3,2.69309664,0.741391897,0.668864429,0,0,15.8486061,12,7.86633015,8.10338211,0,13.2809572,12.9625216,13.0246935,0,,,,50
83459318,0.5,0.52903223,3,2.6858449,0.660805821,0.588278353,0,0,15.8486061,12,7.94167805,8.13294029,0,13.2738094,12.9625216,13.0246935,0,,,,50
83460449,0.5,0.532934129,3,2.697649,0.717216074,0.628571391,0,0,15.8576965,12,7.91153908,8.13082886,0,13.288105,12.0968876,13.2748489,0,,,,50
83461780,0.5,0.532544374,3,2.75540257,0.725274682,0.636629999,0,0,15.8486061,12,7.89646912,8.1118269,0,13.2809572,12.0968876,13.2748489,0,,,,50
83462915,0.5,0.519480526,3,2.75540257,0.644688606,0.596336961,0,0,15.8440609,12,7.96277571,8.13505173,0,13.2809572,12.8463326,13.0635061,0,,,,50
83464041,0.5,0.539393961,3,2.69856119,0.717216074,0.612454176,0,0,15.8486061,12,7.91153908,8.13294029,0,13.2738094,12.8463326,13.0635061,0,,,,50
83465172,0.5,0.526011586,3,2.72064281,0.73333329,0.660805821,0,0,15.8395166,12,7.85728836,8.09704781,0,13.2809572,12.0546474,13.3134232,0,,,,50
83466298,0.5,0.530487776,3,2.71047735,0.701098859,0.620512784,0,0,15.8440609,12,7.90852499,8.12660694,0,13.2738094,12.0546474,13.3134232,0,,,,50
83467429,0.5,0.536723197,3,2.71047735,0.76556772,0.660805821,0,0,15.8486061,12,7.88441372,8.10971546,0,13.2809572,12.9295902,13.1021538,0,,,,50
83468555,0.5,0.522727251,3,2.65988183,0.741391897,0.676923037,0,0,15.8349714,12,7.86633015,8.08226776,0,13.2809572,12.9295902,13.1021538,0,,,,50
83469686,0.5,0.53125,3,2.69400597,0.684981644,0.604395568,0,0,15.8486061,12,7.92359447,8.13716316,0,13.2738094,12.1042967,13.3519602,0,,,,50
83470818,0.5,0.529411793,3,2.69400597,0.725274682,0.644688606,0,0,15.8531513,12,7.88742733,8.11604977,0,13.2809572,12.1042967,13.3519602,0,,,,50
83471948,0.5,0.530864179,3,2.69400597,0.693040252,0.612454176,0,0,15.8349714,12,7.89345551,8.10549259,0,13.2738094,12.9601679,13.1406889,0,,,,50
83473075,0.5,0.538961053,3,1.75608385,0.668864429,0.572161138,0,0,15.8576965,12,7.96578932,8.15405464,0,13.2738094,12.9601679,13.1406889,0,,,,50
83474205,0.5,0.522988498,3,1.87008321,0.73333329,0.668864429,0,0,15.8486061,12,7.86331606,8.10760403,0,13.2809572,13.6338129,13.3904314,0,,,,50
83475332,0.5,0.536144555,3,2.72808409,0.717216074,0.620512784,0,0,15.8304262,12,7.89646912,8.10549259,0,13.2809572,13.6338129,13.3904314,0,,,,50
83476462,0.5,0.541666687,3,2.71878886,0.73333329,0.620512784,0,0,15.8531513,12,7.89044142,8.11393833,0,13.2809572,12.9142141,13.1791334,0,,,,50
83477589,0.5,0.528409064,3,2.71878886,0.749450505,0.668864429,0,0,15.8440609,12,7.85728836,8.08649063,0,13.2809572,12.9142141,13.1791334,0,,,,50
83478724,0.5,0.539877295,3,2.73181987,0.709157467,0.604395568,0,0,15.8440609,12,7.91455269,8.11393833,0,13.2738094,12.0343151,13.4288273,0,,,,50
83479850,0.5,0.53801167,3,2.72157073,0.741391897,0.636629999,0,0,15.8576965,12,7.90852499,8.12660694,0,13.2738094,12.0343151,13.4288273,0,,,,50
83480981,0.5,0.528089881,3,2.77359939,0.757509112,0.676923037,0,0,15.8395166,12,7.87537193,8.09493637,0,13.2809572,12.8125372,13.217495,0,,,,50
83482311,0.5,0.521739125,3,2.78424478,0.676923037,0.620512784,0,0,15.8349714,12,7.91756678,8.11393833,0,13.2738094,12.8125372,13.217495,0,,,,50
83483442,0.5,0.532163739,3,2.78424478,0.73333329,0.644688606,0,0,15.8576965,11.9370794,7.91455269,8.13505173,0,13.2809572,11.9370794,13.4332504,0,,,,50
83484569,0.5,0.51977402,3,2.75730681,0.741391897,0.684981644,0,0,15.8395166,11.9370794,7.85728836,8.09493637,0,13.2738094,11.9370794,13.4332504,0,,,,50
83485705,0.5,0.523809552,3,2.7832737,0.709157467,0.644688606,0,0,15.8349714,12,7.88441372,8.10127068,0,13.2738094,12.5990677,13.3272438,0,,,,50
83486831,0.5,0.529069781,3,2.77456379,0.73333329,0.652747214,0,0,15.8486061,12,7.89044142,8.1181612,0,13.2809572,12.5990677,13.3272438,0,,,,50
83487962,0.5,0.524590135,3,2.77456379,0.773626328,0.701098859,0,0,15.8440609,12,7.85728836,8.08860207,0,13.2809572,12.2650032,13.4099169,0,,,,50
83489088,0.5,0.539393961,3,2.74781179,0.717216074,0.612454176,0,0,15.8395166,12,7.91153908,8.10971546,0,13.2738094,12.2650032,13.4099169,0,,,,50
83490219,0.5,0.536723197,3,2.80184174,0.76556772,0.660805821,0,0,15.8531513,12,7.89044142,8.1118269,0,13.2809572,12.383111,13.4016838,0,,,,50
83491346,0.5,0.525423765,3,2.8206594,0.749450505,0.676923037,0,0,15.8395166,12,7.87838554,8.09282494,0,13.2809572,12.383111,13.4016838,0,,,,50
83492476,0.5,0.528662443,3,2.80381083,0.668864429,0.596336961,0,0,15.8440609,12,7.94770575,8.1392746,0,13.2738094,12.317708,13.4267159,0,,,,50
83493608,0.5,0.536144555,3,3.23455429,0.717216074,0.620512784,0,0,15.8531513,12,7.90852499,8.12871838,0,13.288105,12.317708,13.4267159,0,,,,50
83494738,0.5,0.532544374,3,3.23455429,0.725274682,0.636629999,0,0,15.8349714,11.5168552,7.88139963,8.09493637,0,13.2738094,11.5168552,13.1921616,0,,,,50
83495865,0.5,0.528301835,3,3.23455429,0.676923037,0.604395568,0,0,15.8486061,11.5168552,7.92660856,8.1392746,0,13.2809572,11.5168552,13.1921616,0,,,,50
83496995,0.5,0.535294116,3,2.84987354,0.73333329,0.636629999,0,0,15.8486061,10.7677116,7.89044142,8.1181612,0,13.2809572,10.7677116,13.342288,0,,,,50
83498122,0.5,0.532544374,3,2.83569479,0.725274682,0.636629999,0,0,15.8440609,10.7677116,7.89345551,8.09704781,0,13.2738094,10.7677116,13.342288,0,,,,50
83499253,0.5,0.526315808,3,2.83569479,0.644688606,0.580219746,0,0,15.8622417,10.7844248,7.98688698,8.15827656,0,13.2809572,10.7844248,13.5065928,0,,,,50
83500379,0.5,0.544871807,3,2.78424478,0.684981644,0.572161138,0,0,15.8622417,10.7844248,7.94770575,8.14983177,0,13.288105,10.7844248,13.5065928,0,,,,50
83501514,0.5,0.534246564,3,2.85395026,0.628571391,0.547985315,0,0,15.8440609,11.6695709,7.9748311,8.15405464,0,13.2809572,11.6695709,13.6526432,0,,,,50
83502845,0.5,0.54285717,3,2.85395026,0.612454176,0.515750885,0,0,15.8622417,11.6695709,8.02908134,8.17727947,0,13.2809572,11.6695709,13.6526432,0,,,,50
83503975,0.5,0.535031855,3,1.85573137,0.676923037,0.588278353,0,0,15.8622417,12,7.94469213,8.14772034,0,13.288105,14.8206921,13.2773371,0,,,,50
83505102,0.5,0.528662443,3,1.97515976,0.668864429,0.596336961,0,0,15.8349714,12,7.92660856,8.1392746,0,13.2738094,14.8206921,13.2773371,0,,,,50
83506232,0.5,0.539877295,3,1.97515976,0.709157467,0.604395568,0,0,15.8576965,12,7.94167805,8.1392746,0,13.2809572,13.0346899,13.7447643,0,,,,50
83507359,0.5,0.528409064,3,2.87969899,0.749450505,0.668864429,0,0,15.8486061,12,7.87235785,8.08860207,0,13.2809572,13.0346899,13.7447643,0,,,,50
83508494,0.5,0.527272761,3,2.84885597,0.701098859,0.628571391,0,0,15.8349714,12,7.89646912,8.10127068,0,13.2738094,13.1367502,13.283514,0,,,,50
83509620,0.5,0.541176498,3,2.88803673,0.741391897,0.628571391,0,0,15.8622417,12,7.9055109,8.12660694,0,13.2809572,13.1367502,13.283514,0,,,,50
83510751,0.5,0.533707857,3,2.88803673,0.76556772,0.668864429,0,0,15.8440609,11.2445526,7.86633015,8.09915924,0,13.2809572,11.2445526,13.3954773,0,,,,50
83511877,0.5,0.537037015,3,2.88803673,0.701098859,0.604395568,0,0,15.8395166,11.2445526,7.9055109,8.11393833,0,13.2738094,11.2445526,13.3954773,0,,,,50
83513008,0.5,0.534591198,3,1.87096024,0.684981644,0.596336961,0,0,15.8622417,12,7.94167805,8.15194321,0,13.2809572,12.6600285,14.1689434,0,,,,50
83514134,0.5,0.526627243,3,1.97858787,0.717216074,0.644688606,0,0,15.8486061,12,7.8994832,8.12660694,0,13.2809572,12.6600285,14.1689434,0,,,,50
83515265,0.5,0.516129017,3,2.92616248,0.644688606,0.604395568,0,0,15.8349714,12,7.92660856,8.12660694,0,13.2738094,14.8612204,12.7013731,0,,,,50
83516396,0.5,0.536144555,3,2.91867042,0.717216074,0.620512784,0,0,15.8486061,12,7.88742733,8.12449551,0,13.2809572,14.8612204,12.7013731,0,,,,50
83517527,0.5,0.527173936,3,2.92723608,0.781684935,0.701098859,0,0,15.8440609,8.53911781,7.8361907,8.07804585,0,13.2809572,8.53911781,12.7741365,0,,,,50
83518653,0.5,0.529069781,3,2.91973853,0.73333329,0.652747214,0,0,15.8304262,8.53911781,7.87235785,8.08649063,0,13.2809572,8.53911781,12.7741365,0,,,,50
83519784,0.5,0.532846749,3,2.91973853,0.588278353,0.515750885,0,0,15.8758764,5.38782215,8.05017948,8.19839287,0,13.288105,5.38782215,12.8543987,0,,,,50
83520910,0.5,0.536764681,3,2.9038012,0.588278353,0.507692277,0,0,15.8713312,5.38782215,8.05017948,8.19839287,0,13.2809572,5.38782215,12.8543987,0,,,,50
83522041,0.5,0.472527474,3,2.91973853,0.346520126,0.386813164,0,0,15.8895121,4.29397488,8.28526497,8.26384449,0,13.288105,4.29397488,12.93466,0,,,,50
83523167,0.5,0.569620252,3,2.95542407,0.362637341,0.273992658,0,0,15.907692,4.29397488,8.27019501,8.31029415,0,13.3095493,4.29397488,12.93466,0,,,,50
83524507,0.5,0.557142854,3,2.99087143,0.314285696,0.249816835,0,0,15.9122372,4.32395411,8.31239033,8.32296276,0,13.3166971,4.32395411,12.9437885,0,,,,50
83525633,0.5,0.568627477,3,2.93477225,0.23369962,0.177289367,0,0,15.9122372,4.32395411,8.3425293,8.33351898,0,13.3166971,4.32395411,12.9437885,0,,,,50
83526764,0.5,0.584905684,3,2.93477225,0.249816835,0.177289367,0,0,15.9213276,4.89853048,8.3425293,8.34196472,0,13.3238449,4.89853048,13.009016,0,,,,50
83527890,0.5,0.550000012,3,2.91973853,0.26593405,0.217582405,0,0,15.9167824,4.89853048,8.33348751,8.32929707,0,13.3166971,4.89853048,13.009016,0,,,,50
83529021,0.5,0.57407409,3,2.9785912,0.249816835,0.185347974,0,0,15.9122372,5.76070786,8.35157108,8.33774185,0,13.3024006,5.76070786,13.0304251,0,,,,50
83530148,0.5,0.527272701,3,2.95542407,0.23369962,0.209523797,0,0,15.9122372,5.76070786,8.35458469,8.33351898,0,13.3166971,5.76070786,13.0304251,0,,,,50
83531278,0.5,0.523809552,3,2.96420693,0.26593405,0.241758227,0,0,15.9031467,6.69514275,8.30334854,8.31240559,0,13.3166971,6.69514275,13.0662184,0,,,,50
83532410,0.5,0.555555582,3,2.95542407,0.282051265,0.225641012,0,0,15.9167824,6.69514275,8.33951569,8.32929707,0,13.3238449,6.69514275,13.0662184,0,,,,50
83533540,0.5,0.555555582,3,2.95542407,0.362637341,0.290109873,0,0,15.9031467,7.62427092,8.25211143,8.28918076,0,13.3095493,7.62427092,13.1107941,0,,,,50
83534667,0.5,0.552238822,3,2.88386178,0.29816848,0.241758227,0,0,15.9031467,7.62427092,8.28225136,8.31029415,0,13.3095493,7.62427092,13.1107941,0,,,,50
83535797,0.5,0.580246925,3,2.91973853,0.378754556,0.273992658,0,0,15.8940573,8.60033798,8.22498608,8.30818272,0,13.3095493,8.60033798,13.1910553,0,,,,50
83536924,0.5,0.454545468,3,2.94560575,0.282051265,0.338461518,0,0,15.8895121,8.60033798,8.14662457,8.26595592,0,13.3024006,8.60033798,13.1910553,0,,,,50
83538054,0.5,0.550561786,3,2.91973853,0.394871771,0.322344303,0,0,15.8895121,9.65798759,8.17374992,8.26173306,0,13.288105,9.65798759,13.2713175,0,,,,50
83539186,0.5,0.53773582,3,2.94234729,0.459340632,0.394871771,0,0,15.8849669,9.65798759,8.15566635,8.23850822,0,13.2952528,9.65798759,13.2713175,0,,,,50
83540316,0.5,0.521739125,3,2.94234729,0.483516455,0.443223417,0,0,15.866787,10.6954632,8.09237385,8.20683765,0,13.2952528,10.6954632,13.32897,0,,,,50
83541443,0.5,0.550847471,3,2.91867042,0.523809493,0.427106202,0,0,15.8804216,10.6954632,8.1164856,8.23217392,0,13.288105,10.6954632,13.32897,0,,,,50
83542574,0.5,0.528169036,3,2.96641088,0.604395568,0.539926708,0,0,15.866787,11.5476475,8.02305412,8.18783569,0,13.2666607,11.5476475,13.3625593,0,,,,50
83543701,0.5,0.530303001,3,2.99311519,0.56410253,0.49963367,0,0,15.8531513,11.5476475,8.02606773,8.1730566,0,13.2809572,11.5476475,13.3625593,0,,,,50
83545036,0.5,0.535714269,3,2.91760325,0.604395568,0.523809493,0,0,15.8576965,12,7.99894238,8.1730566,0,13.2738094,12.2367382,13.3174191,0,,,,50
83546162,0.5,0.538461566,3,2.91867042,0.676923037,0.580219746,0,0,15.8576965,12,7.93565035,8.1456089,0,13.2738094,12.2367382,13.3174191,0,,,,50
83547298,0.5,0.523809552,3,2.93477225,0.709157467,0.644688606,0,0,15.8395166,12,7.86934423,8.09493637,0,13.2809572,12.140254,13.3070889,0,,,,50
83548424,0.5,0.52352941,3,2.93477225,0.717216074,0.652747214,0,0,15.825881,12,7.86934423,8.08015633,0,13.2666607,12.140254,13.3070889,0,,,,50
83549555,0.5,0.536723197,3,2.99311519,0.76556772,0.660805821,0,0,15.8486061,11.7860088,7.86030245,8.10338211,0,13.2738094,11.7860088,13.3139734,0,,,,50
83550681,0.5,0.528795779,3,2.92616248,0.813919365,0.725274682,0,0,15.8395166,11.7860088,7.81207943,8.07593441,0,13.2809572,11.7860088,13.3139734,0,,,,50
83551812,0.5,0.525252521,3,2.92616248,0.838095188,0.757509112,0,0,15.8213358,11.6727619,7.75180101,8.04426384,0,13.2738094,11.6727619,13.3878107,0,,,,50
83552938,0.5,0.525714278,3,1.88510406,0.741391897,0.668864429,0,0,15.8213358,11.6727619,7.85427427,8.07804585,0,13.2452173,11.6727619,13.3878107,0,,,,50
83554069,0.5,0.527472556,3,1.88510406,0.773626328,0.693040252,0,0,15.8440609,12,7.85728836,8.09282494,0,13.2738094,13.7725706,13.54778,0,,,,50
83555200,0.5,0.515789449,3,1.88510406,0.789743543,0.741391897,0,0,15.8349714,12,7.830163,8.07171154,0,13.2809572,13.7725706,13.54778,0,,,,50
83556331,0.5,0.522727251,3,1.46954799,0.741391897,0.676923037,0,0,15.825881,12,7.85427427,8.06748867,0,13.2738094,15.4343796,13.2280493,0,,,,50
83557457,0.5,0.544910133,3,2.01150608,0.73333329,0.612454176,0,0,15.8440609,12,7.90249729,8.10760403,0,13.2738094,15.4343796,13.2280493,0,,,,50
83558588,0.5,0.53191489,3,2.94560575,0.805860758,0.709157467,0,0,15.8349714,11.1864996,7.8361907,8.06960011,0,13.2738094,11.1864996,13.282444,0,,,,50
83559714,0.5,0.526595771,3,2.94996119,0.79780215,0.717216074,0,0,15.825881,11.1864996,7.81207943,8.0569315,0,13.2666607,11.1864996,13.282444,0,,,,50
83560846,0.5,0.536144555,3,2.96641088,0.717216074,0.620512784,0,0,15.8304262,10.4910736,7.91455269,8.10760403,0,13.2666607,10.4910736,13.3160324,0,,,,50
83561972,0.5,0.540697694,3,2.96641088,0.749450505,0.636629999,0,0,15.8486061,10.4910736,7.90852499,8.12449551,0,13.288105,10.4910736,13.3160324,0,,,,50
83563108,0.5,0.530120492,3,2.92401814,0.709157467,0.628571391,0,0,15.8531513,10.3285418,7.92962217,8.12449551,0,13.2809572,10.3285418,13.3920145,0,,,,50
83564234,0.5,0.524137974,3,2.96751404,0.612454176,0.556043923,0,0,15.8440609,10.3285418,7.96578932,8.14349747,0,13.2738094,10.3285418,13.3920145,0,,,,50
83565364,0.5,0.524475515,3,3.03062868,0.604395568,0.547985315,0,0,15.866787,10.3873596,8.05319309,8.17727947,0,13.2809572,10.3873596,13.3613853,0,,,,50
83566695,0.5,0.541935444,3,2.99199295,0.676923037,0.572161138,0,0,15.866787,10.3873596,7.99894238,8.15194321,0,13.288105,10.3873596,13.3613853,0,,,,50
83567825,0.5,0.542168677,3,2.99199295,0.725274682,0.612454176,0,0,15.8531513,10.3756609,7.92962217,8.12871838,0,13.2809572,10.3756609,13.3693924,0,,,,50
83568952,0.5,0.522012532,3,2.99986672,0.668864429,0.612454176,0,0,15.8440609,10.3756609,7.94770575,8.13294029,0,13.2809572,10.3756609,13.3693924,0,,,,50
83570088,0.5,0.535031855,3,2.95542407,0.676923037,0.588278353,0,0,15.8622417,10.3898077,8.00798416,8.15405464,0,13.288105,10.3898077,13.413969,0,,,,50
83571214,0.5,0.533742309,3,2.95542407,0.701098859,0.612454176,0,0,15.866787,10.3898077,7.93866396,8.13716316,0,13.2809572,10.3898077,13.413969,0,,,,50
83572345,0.5,0.529801309,3,3.03293252,0.644688606,0.572161138,0,0,15.8395166,10.42377,7.96578932,8.1456089,0,13.2809572,10.42377,13.3810358,0,,,,50
83573471,0.5,0.527397275,3,3.06909442,0.620512784,0.556043923,0,0,15.866787,10.42377,8.03510952,8.17516804,0,13.288105,10.42377,13.3810358,0,,,,50
83574602,0.5,0.53594774,3,3.03870726,0.660805821,0.572161138,0,0,15.8576965,10.2672987,7.96578932,8.15194321,0,13.288105,10.2672987,13.342329,0,,,,50
83575728,0.5,0.534246564,3,3.10854912,0.628571391,0.547985315,0,0,15.8486061,10.2672987,7.98387289,8.14772034,0,13.2738094,10.2672987,13.342329,0,,,,50
83576859,0.5,0.534722209,3,3.02717948,0.620512784,0.539926708,0,0,15.866787,9.92916012,8.03209591,8.16883373,0,13.288105,9.92916012,13.3151493,0,,,,50
83577990,0.5,0.538461566,3,2.99311519,0.676923037,0.580219746,0,0,15.866787,9.92916012,7.98688698,8.15405464,0,13.2952528,9.92916012,13.3151493,0,,,,50
83579121,0.5,0.525179803,3,2.99311519,0.588278353,0.5318681,0,0,15.8576965,9.59566021,8.01702595,8.16249943,0,13.288105,9.59566021,13.3220339,0,,,,50
83580248,0.5,0.541984677,3,3.0145998,0.572161138,0.483516455,0,0,15.8713312,9.59566021,8.08031845,8.19839287,0,13.288105,9.59566021,13.3220339,0,,,,50
83581378,0.5,0.535211265,3,3.06909442,0.612454176,0.5318681,0,0,15.8758764,9.25500488,8.05319309,8.18361282,0,13.2952528,9.25500488,13.2529402,0,,,,50
83582505,0.5,0.522727251,3,3.07975507,0.556043923,0.507692277,0,0,15.8576965,9.25500488,8.0411377,8.17727947,0,13.288105,9.25500488,13.2529402,0,,,,50
83583636,0.5,0.532258093,3,3.02488446,0.5318681,0.46739924,0,0,15.8758764,8.82433224,8.09538841,8.21106052,0,13.2738094,8.82433224,13.228055,0,,,,50
83584762,0.5,0.541984677,3,3.07382345,0.572161138,0.483516455,0,0,15.8758764,8.82433224,8.06223488,8.2005043,0,13.2952528,8.82433224,13.228055,0,,,,50
83585897,0.5,0.529411793,3,3.11461568,0.507692277,0.451282024,0,0,15.866787,8.24653625,8.09538841,8.20261574,0,13.2952528,8.24653625,13.1134396,0,,,,50
83587228,0.5,0.535714269,3,3.11461568,0.483516455,0.419047594,0,0,15.8713312,8.24653625,8.1315546,8.22372913,0,13.2952528,8.24653625,13.1134396,0,,,,50
83588359,0.5,0.538461566,3,2.91547155,0.507692277,0.435164809,0,0,15.8849669,7.76925564,8.1164856,8.23217392,0,13.3024006,7.76925564,13.1979685,0,,,,50
83589486,0.5,0.541666687,3,2.91547155,0.523809493,0.443223417,0,0,15.8804216,7.76925564,8.11347103,8.21528339,0,13.3024006,7.76925564,13.1979685,0,,,,50
83590617,0.5,0.549019635,3,4.28322363,0.451282024,0.370695949,0,0,15.8849669,5.32625151,8.1797781,8.25117683,0,13.2952528,5.32625151,11.9147444,0,,,,50
83591743,0.5,0.536363661,3,3.06909442,0.475457847,0.410988986,0,0,15.8895121,5.32625151,8.15867996,8.24273109,0,13.3095493,5.32625151,11.9147444,0,,,,50
83592873,0.5,0.523809552,3,3.04682922,0.354578733,0.322344303,0,0,15.8986015,0.36692816,8.22197247,8.28073597,0,13.3024006,0.36692816,11.8679152,0,,,,50
83594005,0.5,0.575757563,3,3.06909442,0.306227088,0.225641012,0,0,15.907692,0.36692816,8.32143211,8.31662846,0,13.3095493,0.36692816,11.8679152,0,,,,50
83595135,0.5,0.583333313,3,3.06437993,0.225641012,0.161172152,0,0,15.9349623,-3.64564204,8.39979362,8.37363529,0,13.3238449,-3.64564204,11.8035355,0,,,,50
83596262,0.5,0.625,3,3.06909442,0.120879114,0.0725274682,0,0,15.9304171,-3.64564204,8.46609974,8.39686012,0,13.3238449,-3.64564204,11.8035355,0,,,,50
83597393,0.5,1,3,3.06909442,0.0402930379,0,0,0,15.9440527,-5.59943151,8.60474014,8.44964409,0,13.3381405,-5.59943151,11.7344418,0,,,,50
83598519,0.5,0,3,3.0773797,0,0,0,0,15.9440527,-5.59943151,8.65899086,8.46020031,0,13.352437,-5.59943151,11.7344418,0,,,,50
83599650,0.5,0,3,3.06791449,0,0,0,0,15.9304171,-6.28745556,8.65296268,8.44964409,0,13.4024725,-6.28745556,11.6665268,0,,,,50
83600781,0.5,0,3,3.04915762,0,0,0,0,15.9531422,-6.28745556,8.6318655,8.44542122,0,13.4596567,-6.28745556,11.6665268,0,,,,50
83601912,0.5,0,3,3.14778924,0,0,0,0,15.9213276,-6.35631943,8.64090729,8.44330978,0,13.5239887,-6.35631943,11.5187378,0,,,,50
83603038,0.5,0,3,3.06320357,0,0,0,0,15.9304171,-6.35631943,8.63487911,8.44330978,0,13.5668764,-6.35631943,11.5187378,0,,,,50
83604169,0.5,0,3,3.06909442,0,0,0,0,15.9485979,-6.15720415,8.62583828,8.44119835,0,13.6240606,-6.15720415,11.4496441,0,,,,50
83605295,0.5,0,3,3.06909442,0,0,0,0,15.9440527,-6.15720415,8.6198101,8.44119835,0,13.6669483,-6.15720415,11.4496441,0,,,,50
83606426,0.5,0,3,3.05382514,0,0,0,0,15.9213276,-5.65032196,8.61378193,8.44119835,0,13.7026882,-5.65032196,11.3958187,0,,,,50
83607552,0.5,0,3,2.99311519,0,0,0,0,15.9258718,-5.65032196,8.60775471,8.43697548,0,13.7312803,-5.65032196,11.3958187,0,,,,50
83608893,0.5,0,3,3.05382514,0,0,0,0,15.9213276,-4.87447548,8.60172653,8.44119835,0,13.7527237,-4.87447548,11.3419943,0,,,,50
83610019,0.5,0,3,3.05382514,0,0,0,0,15.9258718,-4.87447548,8.59569836,8.43908691,0,13.7670202,-4.87447548,11.3419943,0,,,,50
83611150,0.5,0,3,1.95006001,0,0,0,0,15.9304171,-1.9333173,8.58967113,8.43908691,0,13.8170557,-1.9333173,12.3919344,0,,,,50
83612276,0.5,0,3,2.09549522,0,0,0,0,15.9485979,-1.9333173,8.58665657,8.43908691,0,13.9171276,-1.9333173,12.3919344,0,,,,50
83613408,0.5,0,3,3.01118708,0,0,0,0,15.9531422,3.36310482,8.57460117,8.43697548,0,14.0457916,3.36310482,12.3807468,0,,,,50
83614534,0.5,0,3,3.01118708,0,0,0,0,15.9122372,3.36310482,8.57158756,8.43908691,0,14.1816034,3.36310482,12.3807468,0,,,,50
83615665,0.5,0,3,2.99311519,0,0,0,0,15.9485979,7.81774235,8.56254578,8.43697548,0,14.1887512,7.81774235,12.3876314,0,,,,50
83616796,0.5,0,3,3.00891614,0,0,0,0,15.9440527,7.81774235,8.55953121,8.43908691,0,14.1101236,7.81774235,12.3876314,0,,,,50
83617927,0.5,0,3,3.06555724,0,0,0,0,15.9485979,10.2859564,8.55350399,8.43486404,0,13.9171276,10.2859564,12.3220739,0,,,,50
83619053,0.5,0,3,3.0157392,0,0,0,0,15.9304171,10.2859564,8.54747581,8.43697548,0,13.6312084,10.2859564,12.3220739,0,,,,50
83620183,0.5,0,3,2.92294693,0,0,0,0,15.9349623,11.5284986,8.54144764,8.43697548,0,13.288105,11.5284986,12.399127,0,,,,50
83621310,0.5,0.530434787,3,2.92294693,0.491575062,0.435164809,0,0,15.8804216,11.5284986,7.80906582,8.21528339,0,13.288105,11.5284986,12.399127,0,,,,50
83622441,0.5,0.531468511,3,2.99873924,0.612454176,0.539926708,0,0,15.866787,12,7.92058086,8.16249943,0,13.288105,12.1826601,12.3019848,0,,,,50
83623567,0.5,0.525641024,3,3.06909442,0.660805821,0.596336961,0,0,15.8622417,12,7.91756678,8.14349747,0,13.2809572,12.1826601,12.3019848,0,,,,50
83624702,0.5,0.542682946,3,2.97082853,0.717216074,0.604395568,0,0,15.8440609,11.8700848,7.87838554,8.1181612,0,13.2595129,11.8700848,12.3311558,0,,,,50
83625829,0.5,0.526627243,3,2.99087143,0.717216074,0.644688606,0,0,15.825881,11.8700848,7.86633015,8.06748867,0,13.2738094,11.8700848,12.3311558,0,,,,50
83626959,0.5,0.521739125,3,2.98081636,0.773626328,0.709157467,0,0,15.8077011,11.5619316,7.8241353,8.04637527,0,13.2595129,11.5619316,12.3503399,0,,,,50
83628086,0.5,0.53125,3,2.92187667,0.821977973,0.725274682,0,0,15.8122463,11.5619316,7.81207943,8.0358181,0,13.2595129,11.5619316,12.3503399,0,,,,50
83629420,0.5,0.516746402,3,2.92187667,0.870329618,0.813919365,0,0,15.7986107,11.386301,7.74577332,7.99359131,0,13.2523651,11.386301,12.428463,0,,,,50
83630546,0.5,0.528846145,3,2.92508984,0.886446834,0.789743543,0,0,15.8077011,11.386301,7.78495407,8.01259327,0,13.2523651,11.386301,12.428463,0,,,,50
83631682,0.5,0.529680371,3,2.91867042,0.934798479,0.830036581,0,0,15.8304262,11.4672642,7.76687098,8.02737331,0,13.2595129,11.4672642,12.5097923,0,,,,50
83632808,0.5,0.541666687,3,2.97415042,0.942857087,0.79780215,0,0,15.8440609,11.4672642,7.78796816,8.03370667,0,13.2809572,11.4672642,12.5097923,0,,,,50
83633939,0.5,0.529411793,3,2.97415042,0.870329618,0.773626328,0,0,15.8213358,11.6648006,7.79700994,8.02526188,0,13.2738094,11.6648006,12.5356417,0,,,,50
83635066,0.5,0.528795779,3,1.93071508,0.813919365,0.725274682,0,0,15.8304262,11.6648006,7.84221888,8.04848671,0,13.2666607,11.6648006,12.5356417,0,,,,50
83636196,0.5,0.526881695,3,2.06941009,0.789743543,0.709157467,0,0,15.8122463,12,7.85126066,8.0358181,0,13.2595129,13.4400864,12.690423,0,,,,50
83637322,0.5,0.532338321,3,2.06941009,0.862271011,0.757509112,0,0,15.8122463,12,7.8181076,8.02103901,0,13.2595129,13.4400864,12.690423,0,,,,50
83638453,0.5,0.524038434,3,2.99536228,0.878388226,0.79780215,0,0,15.8122463,12,7.77892637,8.0083704,0,13.2452173,12.438508,12.4588251,0,,,,50
83639585,0.5,0.547826111,3,2.99199295,1.01538455,0.838095188,0,0,15.825881,12,7.74577332,7.98936844,0,13.2523651,12.438508,12.4588251,0,,,,50
83640716,0.5,0.526315808,3,3.00212383,0.967032909,0.870329618,0,0,15.8213358,11.2360077,7.73673153,7.987257,0,13.2666607,11.2360077,12.4567013,0,,,,50
83641842,0.5,0.523364484,3,2.99199295,0.902564049,0.821977973,0,0,15.8213358,11.2360077,7.76385689,8.0083704,0,13.2738094,11.2360077,12.4567013,0,,,,50
83642973,0.5,0.528089881,3,3.05265713,0.757509112,0.676923037,0,0,15.8213358,10.2371159,7.9055109,8.06748867,0,13.2666607,10.2371159,12.4040442,0,,,,50
83644099,0.5,0.53801167,3,3.06909442,0.741391897,0.636629999,0,0,15.8440609,10.2371159,7.93565035,8.11604977,0,13.2738094,10.2371159,12.4040442,0,,,,50
83645230,0.5,0.542682946,3,3.06909442,0.717216074,0.604395568,0,0,15.8576965,9.23152351,7.9748311,8.13082886,0,13.288105,9.23152351,12.3349495,0,,,,50
83646356,0.5,0.526011586,3,2.99986672,0.73333329,0.660805821,0,0,15.8576965,9.23152351,7.94770575,8.10760403,0,13.288105,9.23152351,12.3349495,0,,,,50
83647491,0.5,0.540880501,3,3.06909442,0.693040252,0.588278353,0,0,15.8486061,8.17707348,7.96880341,8.12449551,0,13.2809572,8.17707348,12.2658548,0,,,,50
83648618,0.5,0.533333361,3,3.04566622,0.644688606,0.56410253,0,0,15.8395166,8.17707348,8.01702595,8.13505173,0,13.2809572,8.17707348,12.2658548,0,,,,50
83649953,0.5,0.522388041,3,2.99199295,0.56410253,0.515750885,0,0,15.8576965,7.28177547,8.08634663,8.16883373,0,13.288105,7.28177547,12.2738619,0,,,,50
83651080,0.5,0.53125,3,3.06085348,0.547985315,0.483516455,0,0,15.866787,7.28177547,8.1044302,8.20472717,0,13.2666607,7.28177547,12.2738619,0,,,,50
83652210,0.5,0.527131796,3,3.06909442,0.547985315,0.491575062,0,0,15.8849669,6.61493158,8.12854099,8.21317196,0,13.3024006,6.61493158,12.2047682,0,,,,50
83653337,0.5,0.527559042,3,3.02717948,0.539926708,0.483516455,0,0,15.8758764,6.61493158,8.1164856,8.20683765,0,13.2952528,6.61493158,12.2047682,0,,,,50
83654472,0.5,0.527777791,3,3.06909442,0.459340632,0.410988986,0,0,15.8713312,5.97570229,8.16470814,8.23006344,0,13.2952528,5.97570229,12.1356735,0,,,,50
83655598,0.5,0.539215684,3,3.06909442,0.443223417,0.378754556,0,0,15.8849669,5.97570229,8.23101425,8.25117683,0,13.2952528,5.97570229,12.1356735,0,,,,50
83656728,0.5,0.533333361,3,3.07145715,0.451282024,0.394871771,0,0,15.8986015,5.30068159,8.1918335,8.2553997,0,13.3024006,5.30068159,12.0642166,0,,,,50
83657855,0.5,0.548076928,3,3.06909442,0.459340632,0.378754556,0,0,15.8940573,5.30068159,8.20690346,8.2490654,0,13.3024006,5.30068159,12.0642166,0,,,,50
83658986,0.5,0.541176498,3,3.09648633,0.370695949,0.314285696,0,0,15.8940573,4.58953476,8.28827858,8.3039608,0,13.3024006,4.58953476,11.9677305,0,,,,50
83660113,0.5,0.555555582,3,3.06909442,0.362637341,0.290109873,0,0,15.907692,4.58953476,8.29430676,8.30184937,0,13.3095493,4.58953476,11.9677305,0,,,,50
83661243,0.5,0.547945201,3,3.10733867,0.322344303,0.26593405,0,0,15.8986015,3.80018878,8.28225136,8.29973793,0,13.3095493,3.80018878,11.8603916,0,,,,50
83662375,0.5,0.537313461,3,3.1490314,0.290109873,0.249816835,0,0,15.9031467,3.80018878,8.30334854,8.30184937,0,13.3095493,3.80018878,11.8603916,0,,,,50
83663505,0.5,0.568965495,3,3.1490314,0.26593405,0.201465189,0,0,15.9213276,2.87219548,8.36965466,8.34618759,0,13.3166971,2.87219548,11.71136,0,,,,50
83664632,0.5,0.564516127,3,3.11583185,0.282051265,0.217582405,0,0,15.9122372,2.87219548,8.36061287,8.32718563,0,13.3166971,2.87219548,11.71136,0,,,,50
83665763,0.5,0.550000012,3,3.15027452,0.177289367,0.145054936,0,0,15.9167824,1.77772367,8.40280819,8.35041046,0,13.3166971,1.77772367,11.5610857,0,,,,50
83666889,0.5,0.577777803,3,3.1292727,0.209523797,0.153113544,0,0,15.9304171,1.77772367,8.39678001,8.36307812,0,13.3238449,1.77772367,11.5610857,0,,,,50
83668020,0.5,0.594594598,3,3.06909442,0.177289367,0.120879114,0,0,15.9304171,0.748259544,8.3425293,8.36518955,0,13.3238449,0.748259544,11.491991,0,,,,50
83669146,0.5,0.720000029,3,3.12192702,0.145054936,0.056410253,0,0,15.9304171,0.748259544,8.47212791,8.39052582,0,13.3238449,0.748259544,11.491991,0,,,,50
83670281,0.5,0.727272749,3,3.1490314,0.128937721,0.0483516455,0,0,15.9349623,-0.0987441018,8.48719788,8.40319443,0,13.3238449,-0.0987441018,11.3429604,0,,,,50
83671612,0.5,0.666666687,3,3.15027452,0.0967032909,0.0483516455,0,0,15.9349623,-0.0987441018,8.48719788,8.42219639,0,13.3238449,-0.0987441018,11.3429604,0,,,,50
83672742,0.5,0.777777791,3,3.10854912,0.056410253,0.0161172152,0,0,15.9395075,-0.867719412,8.55350399,8.42641926,0,13.3309927,-0.867719412,11.2344112,0,,,,50
83673868,0.5,0.727272749,3,3.17787552,0.0644688606,0.0241758227,0,0,15.9304171,-0.867719412,8.52939224,8.43064213,0,13.3309927,-0.867719412,11.2344112,0,,,,50
83674999,0.5,1,3,3.1490314,0.0322344303,0,0,0,15.9395075,-1.59485269,8.58062935,8.44119835,0,13.3309927,-1.59485269,11.0853796,0,,,,50
83676126,0.5,1,3,3.1490314,0.0483516455,0,0,0,15.9395075,-1.59485269,8.51130867,8.44330978,0,13.3309927,-1.59485269,11.0853796,0,,,,50
83677257,0.5,0,3,3.08213425,0,0,0,0,15.9395075,-2.2120955,8.57158756,8.44542122,0,13.3309927,-2.2120955,11.0032454,0,,,,50
83678388,0.5,1,3,3.10976052,0.0161172152,0,0,0,15.9395075,-2.2120955,8.52939224,8.44330978,0,13.3309927,-2.2120955,11.0032454,0,,,,50
83679519,0.5,0,3,3.15027452,0,0,0,0,15.9304171,-2.70970702,8.58665657,8.44119835,0,13.3381405,-2.70970702,10.8529711,0,,,,50
83680645,0.5,0,3,3.07856703,0,0,0,0,15.9531422,-2.70970702,8.58364296,8.43908691,0,13.3381405,-2.70970702,10.8529711,0,,,,50
83681775,0.5,0,3,3.05382514,0,0,0,0,15.9258718,-3.06468582,8.58665657,8.44119835,0,13.3381405,-3.06468582,10.7991457,0,,,,50
83682902,0.5,0,3,3.22279692,0,0,0,0,15.9485979,-3.06468582,8.58665657,8.44119835,0,13.352437,-3.06468582,10.7991457,0,,,,50
83684033,0.5,0,3,3.12192702,0,0.00805860758,0,0,15.9167824,-3.2399435,8.58665657,8.43697548,0,13.3667326,-3.2399435,10.6772194,0,,,,50
83685164,0.5,0,3,3.07027531,0,0,0,0,15.9395075,-3.2399435,8.58665657,8.43908691,0,13.3881769,-3.2399435,10.6772194,0,,,,50
83686295,0.5,0,3,3.07027531,0,0,0,0,15.9395075,-3.30786133,8.58665657,8.43697548,0,13.4024725,-3.30786133,10.6069441,0,,,,50
83687421,0.5,0,3,3.0726397,0,0,0,0,15.9213276,-3.30786133,8.58364296,8.43486404,0,13.4453611,-3.30786133,10.6069441,0,,,,50
83688552,0.5,0,3,3.14778924,0,0,0,0,15.9213276,-3.38298798,8.58665657,8.43697548,0,13.5096922,-3.38298798,10.4591551,0,,,,50
83689678,0.5,0,3,3.10612893,0,0,0,0,15.9395075,-3.38298798,8.58665657,8.43697548,0,13.6240606,-3.38298798,10.4591551,0,,,,50
83690809,0.5,0,3,2.99423838,0,0,0,0,15.9440527,-3.35243559,8.57761478,8.43697548,0,13.7455759,-3.35243559,10.4649162,0,,,,50
83692139,0.5,0,3,3.04450417,0,0,0,0,15.9258718,-3.35243559,8.58665657,8.43697548,0,13.8885355,-3.35243559,10.4649162,0,,,,50
83693275,0.5,0,3,3.06673527,0,0,0,0,15.9531422,-3.03681493,8.58665657,8.43697548,0,13.967164,-3.03681493,10.398181,0,,,,50
83694401,0.5,0,3,3.07027531,0,0,0,0,15.9531422,-3.03681493,8.58967113,8.43486404,0,14.0314951,-3.03681493,10.398181,0,,,,50
83695532,0.5,0,3,3.07027531,0,0,0,0,15.9213276,-2.63497615,8.58665657,8.43486404,0,14.0886793,-2.63497615,10.3279057,0,,,,50
83696658,0.5,0,3,3.07027531,0,0,0,0,15.9304171,-2.63497615,8.58665657,8.43486404,0,14.131567,-2.63497615,10.3279057,0,,,,50
83697789,0.5,0,3,3.05265713,0,0,0,0,15.9440527,-2.27050304,8.58364296,8.43486404,0,14.1816034,-2.27050304,10.2752495,0,,,,50
83698915,0.5,0,3,3.06791449,0,0,0,0,15.9485979,-2.27050304,8.58665657,8.43486404,0,14.2244911,-2.27050304,10.2752495,0,,,,50
83700046,0.5,0,3,3.08332515,0,0,0,0,15.9440527,-1.96454024,8.58665657,8.43275356,0,14.2459354,-1.96454024,10.1919241,0,,,,50
83701177,0.5,0,3,3.08332515,0,0,0,0,15.9304171,-1.96454024,8.58665657,8.43486404,0,14.2816753,-1.96454024,10.1919241,0,,,,50
83702307,0.5,0,3,1.94625497,0,0,0,0,15.9395075,0.322175205,8.568573,8.42853069,0,14.3031187,0.322175205,11.2456694,0,,,,50
83703434,0.5,0,3,2.09274721,0,0,0,0,15.9531422,0.322175205,8.58364296,8.43486404,0,14.3317108,0.322175205,11.2456694,0,,,,50
83704565,0.5,0,3,2.09274721,0,0,0,0,15.9213276,6.66129827,8.58364296,8.43275356,0,14.324563,6.66129827,12.1529217,0,,,,50
83705691,0.5,0,3,3.03293252,0,0,0,0,15.9349623,6.66129827,8.58665657,8.43275356,0,14.3031187,6.66129827,12.1529217,0,,,,50
83706821,0.5,0,3,2.99536228,0,0,0,0,15.9485979,12,8.58364296,8.43486404,0,14.195899,14.1066055,11.0226803,0,,,,50
83707948,0.5,0,3,2.99986672,0,0,0,0,15.9485979,12,8.568573,8.43064213,0,13.9957552,14.1066055,11.0226803,0,,,,50
83709083,0.5,0,3,2.99311519,0,0,0,0,15.9440527,12,8.568573,8.43486404,0,13.6240606,12.3996115,10.8142843,0,,,,50
83710209,0.5,0,3,3.00325394,0,0,0,0,15.8486061,12,8.58062935,8.43275356,0,13.2452173,12.3996115,10.8142843,0,,,,50
83711340,0.5,0.532051265,3,3.00325394,0.668864429,0.588278353,0,0,15.8622417,9.78890038,7.90852499,8.13294029,0,13.2952528,9.78890038,10.8110304,0,,,,50
83712467,0.5,0.539393961,3,2.99311519,0.717216074,0.612454176,0,0,15.8486061,9.78890038,7.8994832,8.10971546,0,13.288105,9.78890038,10.8110304,0,,,,50
83713802,0.5,0.528571427,3,3.01346135,0.596336961,0.5318681,0,0,15.8713312,8.00912476,8.03209591,8.16883373,0,13.2952528,8.00912476,10.7975693,0,,,,50
83714928,0.5,0.53061223,3,2.99199295,0.628571391,0.556043923,0,0,15.8622417,8.00912476,7.99291468,8.14983177,0,13.288105,8.00912476,10.7975693,0,,,,50
83716064,0.5,0.533333361,3,3.02603149,0.644688606,0.56410253,0,0,15.8531513,6.74472189,7.96277571,8.13716316,0,13.2666607,6.74472189,10.7715378,0,,,,50
83717190,0.5,0.544217646,3,3.02603149,0.644688606,0.539926708,0,0,15.8713312,6.74472189,8.01099777,8.15616512,0,13.3024006,6.74472189,10.7715378,0,,,,50
83718321,0.5,0.545454562,3,1.959638,0.5318681,0.443223417,0,0,15.8849669,7.78491592,8.13456917,8.21950626,0,13.3024006,7.78491592,11.8118992,0,,,,50
83719447,0.5,0.546296299,3,2.06512547,0.475457847,0.394871771,0,0,15.8895121,7.78491592,8.16169453,8.23639679,0,13.3095493,7.78491592,11.8118992,0,,,,50
83720578,0.5,0.525547445,3,2.06512547,0.580219746,0.523809493,0,0,15.8440609,12,8.01702595,8.14983177,0,13.2809572,13.0346632,12.1893759,0,,,,50
83721705,0.5,0.51912564,3,2.97636914,0.76556772,0.709157467,0,0,15.8349714,12,7.85427427,8.06960011,0,13.2738094,13.0346632,12.1893759,0,,,,50
83722835,0.5,0.523255825,3,2.91973853,1.08791208,0.991208732,0,0,15.7758856,12,7.53781271,7.88802338,0,13.2452173,16.4697838,9.86165714,0,,,,50
83723967,0.5,0.523985207,3,2.9830451,1.14432228,1.03956032,0,0,15.7804308,12,7.53178501,7.89646864,0,13.2452173,16.4697838,9.86165714,0,,,,50
83725097,0.5,0.540983617,3,2.99199295,1.0637362,0.902564049,0,0,15.8031559,5.20957994,7.69755077,7.97036648,0,13.2523651,5.20957994,9.86966419,0,,,,50
83726223,0.5,0.54411763,3,2.98863125,0.894505441,0.749450505,0,0,15.8440609,5.20957994,7.88742733,8.07171154,0,13.2809572,5.20957994,9.86966419,0,,,,50
83727354,0.5,0.549180329,3,3.06909442,0.539926708,0.443223417,0,0,15.9031467,-1.32437897,8.1918335,8.25328827,0,13.3095493,-1.32437897,9.80056953,0,,,,50
83728480,0.5,0.526785731,3,3.06909442,0.475457847,0.427106202,0,0,15.8986015,-1.32437897,8.21895885,8.25328827,0,13.3166971,-1.32437897,9.80056953,0,,,,50
83729611,0.5,0.652173936,3,3.02717948,0.120879114,0.0644688606,0,0,15.9304171,-4.94659233,8.49925327,8.39686012,0,13.3238449,-4.94659233,9.77338982,0,,,,50
83730738,0.5,1,3,3.02717948,0.0402930379,0,0,0,15.9349623,-4.94659233,8.58062935,8.44330978,0,13.3238449,-4.94659233,9.77338982,0,,,,50
83731873,0.5,0,3,1.93586731,0,0,0,0,15.9349623,-4.61679983,8.65296268,8.45175552,0,13.3595848,-4.61679983,10.8375235,0,,,,50
83733000,0.5,0,3,2.06299019,0,0,0,0,15.9304171,-4.61679983,8.64693546,8.44964409,0,13.4096212,-4.61679983,10.8375235,0,,,,50
83734335,0.5,0,3,3.03062868,0,0,0,0,15.9531422,-0.785993636,8.63487911,8.44119835,0,13.5096922,-0.785993636,10.8068943,0,,,,50
83735461,0.5,0,3,3.06791449,0,0,0,0,15.9576874,-0.785993636,8.63487911,8.43908691,0,13.5740242,-0.785993636,10.8068943,0,,,,50
83736592,0.5,0,3,3.06791449,0,0,0,0,15.9167824,2.74525857,8.62583828,8.43697548,0,13.5954685,2.74525857,10.7389803,0,,,,50
83737718,0.5,0,3,3.04102349,0,0,0,0,15.9576874,2.74525857,8.6198101,8.43908691,0,13.5811729,2.74525857,10.7389803,0,,,,50
83738849,0.5,0,3,3.04102349,0,0,0,0,15.9258718,4.64741135,8.61378193,8.43908691,0,13.5096922,4.64741135,10.6979561,0,,,,50
83739980,0.5,0,3,1.98252058,0,0,0,0,15.9395075,4.64741135,8.60775471,8.43908691,0,13.3810291,4.64741135,10.6979561,0,,,,50
83741111,0.5,0.476190478,3,2.08781934,0.0805860758,0.0886446834,0,0,15.907692,7.30256319,8.4058218,8.34407616,0,13.3238449,7.30256319,11.610137,0,,,,50
83742238,0.5,0.591836751,3,3.04102349,0.23369962,0.161172152,0,0,15.9213276,7.30256319,8.1918335,8.3314085,0,13.3095493,7.30256319,11.610137,0,,,,50
83743368,0.5,0.546875,3,3.06909442,0.282051265,0.23369962,0,0,15.8986015,11.2487717,8.16772175,8.29973793,0,13.3095493,11.2487717,11.5410423,0,,,,50
83744494,0.5,0.557142854,3,3.06909442,0.314285696,0.249816835,0,0,15.907692,11.2487717,8.29129314,8.3039608,0,13.3095493,11.2487717,11.5410423,0,,,,50
83745625,0.5,0.539130449,3,3.03178024,0.49963367,0.427106202,0,0,15.8713312,12,8.14963818,8.21950626,0,13.288105,13.9267435,10.4712791,0,,,,50
83746756,0.5,0.51968503,3,3.03178024,0.5318681,0.491575062,0,0,15.8531513,12,8.1044302,8.17516804,0,13.288105,13.9267435,10.4712791,0,,,,50
83747887,0.5,0.538461566,3,1.97858787,0.56410253,0.483516455,0,0,15.866787,10.7241898,8.1164856,8.20261574,0,13.2809572,10.7241898,11.492691,0,,,,50
83749014,0.5,0.528662443,3,1.97858787,0.668864429,0.596336961,0,0,15.8576965,10.7241898,8.03510952,8.15827656,0,13.288105,10.7241898,11.492691,0,,,,50
83750144,0.5,0.540880501,3,1.52457881,0.693040252,0.588278353,0,0,15.8486061,12,8.00497055,8.14772034,0,13.288105,14.2634764,11.748723,0,,,,50
83751271,0.5,0.532544374,3,2.08182764,0.725274682,0.636629999,0,0,15.8304262,12,7.94770575,8.10971546,0,13.2738094,14.2634764,11.748723,0,,,,50
83752401,0.5,0.531578958,3,2.08182764,0.813919365,0.717216074,0,0,15.7895203,12,7.830163,8.02737331,0,13.2452173,15.9272242,10.5512047,0,,,,50
83753528,0.5,0.527027011,3,3.03639483,0.942857087,0.846153796,0,0,15.8122463,12,7.77892637,8.00625896,0,13.2523651,15.9272242,10.5512047,0,,,,50
83754867,0.5,0.543778837,3,3.03639483,0.950915694,0.79780215,0,0,15.825881,8.30328083,7.79700994,8.03370667,0,13.2595129,8.30328083,10.5148096,0,,,,50
83755994,0.5,0.535544991,3,1.97907877,0.910622656,0.789743543,0,0,15.8395166,8.30328083,7.83920479,8.05059814,0,13.2809572,8.30328083,10.5148096,0,,,,50
83757124,0.5,0.539568305,3,2.069947,0.604395568,0.515750885,0,0,15.866787,6.31938744,8.09840202,8.18361282,0,13.2738094,6.31938744,11.4448624,0,,,,50
83758251,0.5,0.550847471,3,3.06673527,0.523809493,0.427106202,0,0,15.8849669,6.31938744,8.18580532,8.24273109,0,13.3024006,6.31938744,11.4448624,0,,,,50
83759382,0.5,0.543689311,3,3.15027452,0.451282024,0.378754556,0,0,15.8895121,7.54639339,8.22800064,8.27440166,0,13.3095493,7.54639339,11.2945881,0,,,,50
83760508,0.5,0.600000024,3,3.06909442,0.410988986,0.273992658,0,0,15.8849669,7.54639339,8.34554291,8.26595592,0,13.3024006,7.54639339,11.2945881,0,,,,50
83761639,0.5,0.57303369,3,3.02488446,0.410988986,0.306227088,0,0,15.8895121,8.66263962,8.255126,8.29129219,0,13.3024006,8.66263962,11.2697039,0,,,,50
83762770,0.5,0.537037015,3,3.02488446,0.46739924,0.402930379,0,0,15.8895121,8.66263962,8.19484711,8.24484253,0,13.3024006,8.66263962,11.2697039,0,,,,50
83763901,0.5,0.525423706,3,3.08690357,0.49963367,0.451282024,0,0,15.8713312,8.73542213,8.14361095,8.21528339,0,13.2952528,8.73542213,11.1828003,0,,,,50
83765027,0.5,0.539822996,3,3.11340046,0.491575062,0.419047594,0,0,15.8622417,8.73542213,8.17073631,8.21950626,0,13.288105,8.73542213,11.1828003,0,,,,50
83766158,0.5,0.547008574,3,3.09408498,0.515750885,0.427106202,0,0,15.8849669,8.14539433,8.1797781,8.23639679,0,13.2952528,8.14539433,11.0887146,0,,,,50
83767285,0.5,0.526717544,3,3.07027531,0.556043923,0.49963367,0,0,15.8758764,8.14539433,8.1164856,8.2005043,0,13.2952528,8.14539433,11.0887146,0,,,,50
83768415,0.5,0.521008432,3,3.10612893,0.49963367,0.459340632,0,0,15.8713312,7.09350061,8.13456917,8.21317196,0,13.288105,7.09350061,10.9825859,0,,,,50
83769542,0.5,0.544642866,3,3.1490314,0.491575062,0.410988986,0,0,15.8804216,7.09350061,8.1797781,8.23850822,0,13.288105,7.09350061,10.9825859,0,,,,50
83770677,0.5,0.544642866,3,3.11340046,0.491575062,0.410988986,0,0,15.8895121,5.77791929,8.18881989,8.24695396,0,13.3024006,5.77791929,10.8691854,0,,,,50
83771804,0.5,0.536363661,3,3.11340046,0.475457847,0.410988986,0,0,15.8849669,5.77791929,8.17676353,8.24273109,0,13.3024006,5.77791929,10.8691854,0,,,,50
83772934,0.5,0.534090936,3,3.11340046,0.378754556,0.330402911,0,0,15.8940573,4.35118437,8.25813961,8.25751019,0,13.3024006,4.35118437,10.755785,0,,,,50
83774061,0.5,0.530120492,3,2.01608014,0.354578733,0.314285696,0,0,15.9122372,4.35118437,8.30636215,8.2976265,0,13.3024006,4.35118437,10.755785,0,,,,50
83775192,0.5,0.554054081,3,2.13530779,0.330402911,0.26593405,0,0,15.9122372,4.75027466,8.30937672,8.30184937,0,13.3095493,4.75027466,11.6204777,0,,,,50
83776522,0.5,0.5625,3,3.12437177,0.290109873,0.225641012,0,0,15.9122372,4.75027466,8.31841755,8.31662846,0,13.3095493,4.75027466,11.6204777,0,,,,50
83777658,0.5,0.566666663,3,3.1490314,0.273992658,0.209523797,0,0,15.907692,7.18301821,8.36362648,8.32929707,0,13.3166971,7.18301821,11.471446,0,,,,50
83778784,0.5,0.558823526,3,3.1280458,0.306227088,0.241758227,0,0,15.9122372,7.18301821,8.32444572,8.31662846,0,13.3095493,7.18301821,11.471446,0,,,,50
83779915,0.5,0.548780501,3,3.1280458,0.362637341,0.29816848,0,0,15.8940573,8.7706871,8.2671814,8.27229023,0,13.3095493,8.7706871,11.3434,0,,,,50
83781041,0.5,0.564705908,3,2.01965213,0.386813164,0.29816848,0,0,15.8895121,8.7706871,8.25211143,8.28495789,0,13.2952528,8.7706871,11.3434,0,,,,50
83782172,0.5,0.522522509,3,2.13530779,0.46739924,0.427106202,0,0,15.8895121,10.5806999,8.19484711,8.25328827,0,13.3024006,10.5806999,12.2080917,0,,,,50
83783299,0.5,0.547826111,3,3.13050032,0.507692277,0.419047594,0,0,15.8804216,10.5806999,8.15265274,8.23428535,0,13.2952528,10.5806999,12.2080917,0,,,,50
83784429,0.5,0.525423706,3,3.13050032,0.49963367,0.451282024,0,0,15.8576965,12,8.12251282,8.20261574,0,13.288105,13.5170135,11.2603397,0,,,,50
83785560,0.5,0.528169036,3,3.15027452,0.604395568,0.539926708,0,0,15.8713312,12,8.07730484,8.18783569,0,13.288105,13.5170135,11.2603397,0,,,,50
83786691,0.5,0.542168677,3,3.12192702,0.725274682,0.612454176,0,0,15.8395166,10.3838921,7.9748311,8.13716316,0,13.2809572,10.3838921,11.1384125,0,,,,50
83787817,0.5,0.523255825,3,3.12192702,0.725274682,0.660805821,0,0,15.825881,10.3838921,7.93866396,8.08649063,0,13.2738094,10.3838921,11.1384125,0,,,,50
83788948,0.5,0.547770739,3,2.01709962,0.693040252,0.572161138,0,0,15.8531513,9.61571026,8.03209591,8.16038799,0,13.2738094,9.61571026,12.1213131,0,,,,50
83790074,0.5,0.539393961,3,2.11269403,0.717216074,0.612454176,0,0,15.8576965,9.61571026,8.00497055,8.15616512,0,13.2666607,9.61571026,12.1213131,0,,,,50
83791205,0.5,0.527950346,3,3.11461568,0.684981644,0.612454176,0,0,15.8531513,11.5004625,7.99894238,8.15827656,0,13.288105,11.5004625,12.0066977,0,,,,50
83792331,0.5,0.524822712,3,3.11461568,0.596336961,0.539926708,0,0,15.8486061,11.5004625,8.06223488,8.17094517,0,13.2809572,11.5004625,12.0066977,0,,,,50
83793467,0.5,0.528301835,3,3.11461568,0.676923037,0.604395568,0,0,15.8576965,12,8.01702595,8.16038799,0,13.288105,12.7803125,11.4717083,0,,,,50
83794593,0.5,0.526011586,3,2.29168463,0.73333329,0.660805821,0,0,15.8486061,12,7.95373392,8.12871838,0,13.2809572,12.7803125,11.4717083,0,,,,50
83795724,0.5,0.529411793,3,2.29168463,0.725274682,0.644688606,0,0,15.8304262,11.5496941,7.95071983,8.10127068,0,13.2666607,11.5496941,12.1800241,0,,,,50
83797054,0.5,0.519999981,3,2.29168463,0.73333329,0.676923037,0,0,15.825881,11.5496941,7.93263626,8.08860207,0,13.2523651,11.5496941,12.1800241,0,,,,50
83798185,0.5,0.522727251,3,2.29168463,0.741391897,0.676923037,0,0,15.8486061,12,7.95674753,8.13294029,0,13.2738094,13.7861967,11.9260721,0,,,,50
83799311,0.5,0.526595771,3,2.03044415,0.79780215,0.717216074,0,0,15.8395166,12,7.91455269,8.09704781,0,13.2809572,13.7861967,11.9260721,0,,,,50
83800446,0.5,0.51912564,3,2.03044415,0.76556772,0.709157467,0,0,15.825881,12,7.8994832,8.0843792,0,13.2738094,13.7353382,11.9607592,0,,,,50
83801573,0.5,0.517045438,3,1.57669342,0.73333329,0.684981644,0,0,15.825881,12,7.94770575,8.1181612,0,13.2666607,13.7353382,11.9607592,0,,,,50
83802703,0.5,0.519553065,3,2.15200782,0.749450505,0.693040252,0,0,15.8486061,12,7.93263626,8.1181612,0,13.2809572,13.054266,12.2407932,0,,,,50
83803830,0.5,0.524590135,3,3.1490314,0.773626328,0.701098859,0,0,15.8395166,12,7.90852499,8.0907135,0,13.2809572,13.054266,12.2407932,0,,,,50
83804960,0.5,0.522988498,3,3.19697332,0.73333329,0.668864429,0,0,15.8213358,12,7.92058086,8.08649063,0,13.2738094,12.1569157,11.9592857,0,,,,50
83806087,0.5,0.539325833,3,3.19697332,0.773626328,0.660805821,0,0,15.825881,12,7.93263626,8.10127068,0,13.2595129,12.1569157,11.9592857,0,,,,50
83807217,0.5,0.523316085,3,3.16276097,0.813919365,0.741391897,0,0,15.8440609,10.8351183,7.88441372,8.08860207,0,13.2738094,10.8351183,11.796524,0,,,,50
83808349,0.5,0.525252521,3,3.14778924,0.838095188,0.757509112,0,0,15.8349714,10.8351183,7.85126066,8.07593441,0.00714798551,13.2809572,10.8351183,11.796524,0,,,,50
83809479,0.5,0.516304374,3,3.15276384,0.76556772,0.717216074,0,0,15.825881,8.82386398,7.89044142,8.0907135,0,13.2738094,8.82386398,11.6437607,0,,,,50
83810606,0.5,0.530120492,3,3.10612893,0.709157467,0.628571391,0,0,15.8349714,8.82386398,7.9748311,8.1392746,0,13.2738094,8.82386398,11.6437607,0,,,,50
83811736,0.5,0.538961053,3,3.17408323,0.668864429,0.572161138,0,0,15.8758764,6.56059122,8.05922127,8.1730566,0,13.2952528,6.56059122,11.469677,0,,,,50
83812863,0.5,0.540540516,3,3.19697332,0.644688606,0.547985315,0,0,15.866787,6.56059122,8.0562067,8.17727947,0,13.2952528,6.56059122,11.469677,0,,,,50
83813993,0.5,0.534482777,3,3.16526985,0.49963367,0.435164809,0,0,15.8758764,4.24705267,8.15867996,8.2216177,0,13.2952528,4.24705267,11.3044071,0,,,,50
83815120,0.5,0.556701005,3,3.23455429,0.435164809,0.346520126,0,0,15.8804216,4.24705267,8.20388889,8.25751019,0,13.3024006,4.24705267,11.3044071,0,,,,50
83816255,0.5,0.534883738,3,3.19825482,0.370695949,0.322344303,0,0,15.907692,1.98070681,8.30334854,8.30607224,0,13.3166971,1.98070681,11.1061525,0,,,,50
83817382,0.5,0.552631557,3,3.19825482,0.338461518,0.273992658,0,0,15.9122372,1.98070681,8.31841755,8.31029415,0,13.3166971,1.98070681,11.1061525,0,,,,50
83818716,0.5,0.541666687,3,3.15027452,0.209523797,0.177289367,0,0,15.9213276,-0.125444829,8.38171005,8.36518955,0,13.3238449,-0.125444829,10.9558783,0,,,,50
83819842,0.5,0.633333325,3,3.17914152,0.153113544,0.0886446834,0,0,15.9258718,-0.125444829,8.46609974,8.38208103,0,13.3238449,-0.125444829,10.9558783,0,,,,50
83820973,0.5,0.75,3,3.17914152,0.120879114,0.0402930379,0,0,15.9395075,-1.96610999,8.50829506,8.41797352,0,13.3309927,-1.96610999,10.7767372,0,,,,50
83822100,0.5,0.75,3,2.07587028,0.120879114,0.0402930379,0,0,15.9349623,-1.96610999,8.50829506,8.42641926,0,13.3238449,-1.96610999,10.7767372,0,,,,50
83823230,0.5,0,3,2.19100642,0,0,0,0,15.9349623,-1.74746954,8.62282372,8.44964409,0,13.3166971,-1.74746954,11.5857306,0,,,,50
83824362,0.5,1,3,3.23062563,0.0322344303,0,0,0,15.9440527,-1.74746954,8.57460117,8.45175552,0,13.3166971,-1.74746954,11.5857306,0,,,,50
83825492,0.5,0,3,3.23062563,0,0,0,0,15.9258718,0.597254515,8.58967113,8.45175552,0,13.3238449,0.597254515,11.3551054,0,,,,50
83826618,0.5,1,3,2.10489202,0.00805860758,0,0,0,15.9485979,0.597254515,8.55350399,8.44753265,0,13.3381405,0.597254515,11.3551054,0,,,,50
83827749,0.5,1,3,2.20432186,0.0483516455,0,0,0,15.9258718,3.95238638,8.45404434,8.42219639,0,13.3238449,3.95238638,12.1507835,0,,,,50
83828875,0.5,1,3,3.24244046,0.0402930379,0,0,0,15.9304171,3.95238638,8.4691143,8.43486404,0,13.3166971,3.95238638,12.1507835,0,,,,50
83830006,0.5,0.742857158,3,3.23455429,0.209523797,0.0725274682,0,0,15.9304171,7.67601061,8.33650112,8.37574673,0,13.3238449,7.67601061,11.9162283,0,,,,50
83831137,0.5,0.612903237,3,3.2371788,0.153113544,0.0967032909,0,0,15.9213276,7.67601061,8.41486359,8.37574673,0,13.3238449,7.67601061,11.9162283,0,,,,50
83832268,0.5,0.571428597,3,3.23586607,0.257875443,0.193406582,0,0,15.9122372,9.47636127,8.34855747,8.32718563,0,13.3166971,9.47636127,11.6803627,0,,,,50
83833395,0.5,0.571428597,3,3.23586607,0.354578733,0.26593405,0,0,15.9031467,9.47636127,8.29430676,8.29973793,0,13.3095493,9.47636127,11.6803627,0,,,,50
83834525,0.5,0.537500024,3,3.18803263,0.346520126,0.29816848,0,0,15.8804216,9.01872158,8.28526497,8.26806736,0,13.2952528,9.01872158,11.4923296,0,,,,50
83835651,0.5,0.532710254,3,3.18803263,0.459340632,0.402930379,0,0,15.8895121,9.01872158,8.18881989,8.24695396,0,13.3024006,9.01872158,11.4923296,0,,,,50
83836782,0.5,0.539130449,3,2.08563662,0.49963367,0.427106202,0,0,15.8849669,9.46413231,8.15867996,8.24273109,0,13.3024006,9.46413231,12.4066935,0,,,,50
83837909,0.5,0.514285743,3,2.08563662,0.435164809,0.410988986,0,0,15.8713312,9.46413231,8.16772175,8.24061966,0,13.2952528,9.46413231,12.4066935,0,,,,50
83839248,0.5,0.532710254,3,1.60653222,0.459340632,0.402930379,0,0,15.866787,12,8.17374992,8.23006344,0,13.2738094,14.5909891,12.4043322,0,,,,50
83840375,0.5,0.553571403,3,2.19160819,0.49963367,0.402930379,0,0,15.8804216,12,8.16772175,8.24484253,0,13.288105,14.5909891,12.4043322,0,,,,50
83841505,0.5,0.529801309,3,3.22670674,0.644688606,0.572161138,0,0,15.8576965,12,8.01099777,8.16038799,0,13.2809572,13.6823034,11.271328,0,,,,50
83842632,0.5,0.532967031,3,3.23455429,0.781684935,0.684981644,0,0,15.8486061,12,7.91455269,8.09493637,0,13.2809572,13.6823034,11.271328,0,,,,50
83843763,0.5,0.537313461,3,3.2111249,0.870329618,0.749450505,0,0,15.8122463,7.91824579,7.80906582,8.03159523,0,13.2523651,7.91824579,11.0602036,0,,,,50
83844889,0.5,0.518987358,3,3.15151882,0.991208732,0.918681264,0,0,15.8031559,7.91824579,7.68248081,7.97036648,0,13.2595129,7.91824579,11.0602036,0,,,,50
83846020,0.5,0.529100537,3,3.15151882,0.805860758,0.717216074,0,0,15.8304262,3.30833125,7.91153908,8.08649063,0,13.2666607,3.30833125,10.9086847,0,,,,50
83847151,0.5,0.533742309,3,3.12559557,0.701098859,0.612454176,0,0,15.8576965,3.30833125,8.02305412,8.16038799,0,13.288105,3.30833125,10.9086847,0,,,,50
83848281,0.5,0.547169805,3,3.12559557,0.46739924,0.386813164,0,0,15.9031467,-0.117614031,8.24005604,8.2765131,0,13.3166971,-0.117614031,10.7830887,0,,,,50
83849408,0.5,0.554054081,3,2.06566024,0.330402911,0.26593405,0,0,15.9122372,-0.117614031,8.3304739,8.30818272,0,13.3166971,-0.117614031,10.7830887,0,,,,50
83850539,0.5,0.681818187,3,2.19522572,0.120879114,0.056410253,0,0,15.9304171,-0.795634031,8.47514153,8.39897156,0,13.3166971,-0.795634031,11.5878639,0,,,,50
83851665,0.5,0.833333313,3,3.22801185,0.0805860758,0.0161172152,0,0,15.9440527,-0.795634031,8.54144764,8.43908691,0,13.3309927,-0.795634031,11.5878639,0,,,,50
83852796,0.5,0.846153855,3,3.1490314,0.0886446834,0.0161172152,0,0,15.9349623,1.15657949,8.58062935,8.43486404,0,13.3309927,1.15657949,11.4388323,0,,,,50
83853922,0.5,1,3,3.21889687,0.0161172152,0,0,0,15.9258718,1.15657949,8.568573,8.44542122,0,13.3238449,1.15657949,11.4388323,0,,,,50
83855058,0.5,0.899999976,3,3.21889687,0.0725274682,0.00805860758,0,0,15.9349623,2.59315062,8.44198895,8.42641926,0,13.3238449,2.59315062,11.2199354,0,,,,50
83856184,0.5,0.714285731,3,2.11325359,0.120879114,0.0483516455,0,0,15.9304171,2.59315062,8.42390537,8.39474869,0,13.3238449,2.59315062,11.2199354,0,,,,50
83857315,0.5,0.695652187,3,2.18381119,0.128937721,0.056410253,0,0,15.9258718,4.32610798,8.28225136,8.3799696,0,13.3238449,4.32610798,12.0361242,0,,,,50
83858441,0.5,0.666666687,3,2.18381119,0.128937721,0.0644688606,0,0,15.9304171,4.32610798,8.44198895,8.4074173,0,13.3238449,4.32610798,12.0361242,0,,,,50
83859776,0.5,0.558139563,3,3.23455429,0.193406582,0.153113544,0,0,15.9304171,7.15236902,8.39979362,8.35463333,0,13.3238449,7.15236902,11.8015699,0,,,,50
83860902,0.5,0.600000024,3,3.23455429,0.241758227,0.161172152,0,0,15.9213276,7.15236902,8.38171005,8.33985329,0,13.3238449,7.15236902,11.8015699,0,,,,50
83862038,0.5,0.55737704,3,3.21759892,0.273992658,0.217582405,0,0,15.8986015,8.50605297,8.32143211,8.31240559,0,13.2952528,8.50605297,11.583971,0,,,,50
83863164,0.5,0.538461566,3,3.23586607,0.338461518,0.290109873,0,0,15.9031467,8.50605297,8.27923679,8.2976265,0,13.3095493,8.50605297,11.583971,0,,,,50
83864295,0.5,0.552083313,3,3.21371126,0.427106202,0.346520126,0,0,15.8895121,7.84047222,8.23101425,8.2553997,0,13.3024006,7.84047222,11.3702593,0,,,,50
83865421,0.5,0.536363661,3,3.2332437,0.475457847,0.410988986,0,0,15.8758764,7.84047222,8.16470814,8.23006344,0,13.3024006,7.84047222,11.3702593,0,,,,50
83866552,0.5,0.537634432,3,3.21889687,0.402930379,0.346520126,0,0,15.8804216,6.06422806,8.30334854,8.25962162,0,13.2952528,6.06422806,11.1513624,0,,,,50
83867679,0.5,0.537037015,3,3.15151882,0.46739924,0.402930379,0,0,15.8940573,6.06422806,8.21293068,8.27017879,0,13.3024006,6.06422806,11.1513624,0,,,,50
83868809,0.5,0.524271846,3,3.20725298,0.435164809,0.394871771,0,0,15.8940573,3.75382042,8.18279171,8.26173306,0,13.3095493,3.75382042,10.9441099,0,,,,50
83869941,0.5,0.528301895,3,3.23455429,0.451282024,0.402930379,0,0,15.8804216,3.75382042,8.18580532,8.24484253,0,13.288105,3.75382042,10.9441099,0,,,,50
83871071,0.5,0.530864179,3,3.22279692,0.346520126,0.306227088,0,0,15.8940573,1.26505184,8.24608421,8.28706932,0,13.3024006,1.26505184,10.7213125,0,,,,50
83872198,0.5,0.574999988,3,3.23586607,0.370695949,0.273992658,0,0,15.9031467,1.26505184,8.30033493,8.3039608,0,13.3095493,1.26505184,10.7213125,0,,,,50
83873328,0.5,0.573770463,3,3.23586607,0.282051265,0.209523797,0,0,15.9213276,-1.24193609,8.36362648,8.33774185,0,13.3238449,-1.24193609,10.4854469,0,,,,50
83874455,0.5,0.568181813,3,3.20725298,0.201465189,0.153113544,0,0,15.9258718,-1.24193609,8.44801617,8.35041046,0,13.3238449,-1.24193609,10.4854469,0,,,,50
83875586,0.5,0.75,3,3.20725298,0.0725274682,0.0241758227,0,0,15.9395075,-3.61847973,8.56254578,8.43486404,0,13.3238449,-3.61847973,10.2781935,0,,,,50
83876712,0.5,0.800000012,3,2.08400249,0.0322344303,0.00805860758,0,0,15.9349623,-3.61847973,8.65597725,8.44542122,0,13.3309927,-3.61847973,10.2781935,0,,,,50
83877847,0.5,0,3,2.08400249,0,0,0,0,15.9213276,-3.62959456,8.6439209,8.45175552,0,13.3452892,-3.62959456,11.194191,0,,,,50
83878974,0.5,0,3,1.60685563,0,0,0,0,15.9440527,-3.62959456,8.63789368,8.44753265,0,13.3881769,-3.62959456,11.194191,0,,,,50
83880104,0.5,0,3,2.1922102,0,0,0,0,15.9258718,0.865109682,8.6318655,8.44119835,0,13.4310646,0.865109682,12.0019817,0,,,,50
83881434,0.5,0,3,3.22409916,0,0,0,0,15.9440527,0.865109682,8.62583828,8.44119835,0,13.4596567,0.865109682,12.0019817,0,,,,50
83882565,0.5,0,3,3.23586607,0,0,0,0,15.9395075,6.67237663,8.6198101,8.43908691,0,13.4239168,6.67237663,11.7661152,0,,,,50
83883691,0.5,0,3,3.21889687,0,0,0,0,15.9395075,6.67237663,8.61076832,8.43908691,0,13.3667326,6.67237663,11.7661152,0,,,,50
83884822,0.5,0.485714287,3,3.23586607,0.136996329,0.145054936,0,0,15.9031467,9.71140194,8.31841755,8.31240559,0,13.3166971,9.71140194,11.5302486,0,,,,50
83885954,0.5,0.557692289,3,3.19569302,0.23369962,0.185347974,0,0,15.9122372,9.71140194,8.14361095,8.31873989,0,13.3095493,9.71140194,11.5302486,0,,,,50
83887085,0.5,0.537500024,3,3.19569302,0.346520126,0.29816848,0,0,15.8940573,9.91189194,8.17676353,8.28706932,0,13.288105,9.91189194,11.3345556,0,,,,50
83888211,0.5,0.510416687,3,3.19569302,0.394871771,0.378754556,0,0,15.8849669,9.91189194,8.17374992,8.25751019,0,13.3024006,9.91189194,11.3345556,0,,,,50
83889341,0.5,0.556701005,3,2.06352353,0.435164809,0.346520126,0,0,15.8849669,10.6733608,8.09840202,8.26806736,0,13.3024006,10.6733608,12.2710323,0,,,,50
83890468,0.5,0.538461566,3,2.1934154,0.507692277,0.435164809,0,0,15.8895121,10.6733608,8.16470814,8.23428535,0,13.2952528,10.6733608,12.2710323,0,,,,50
83891599,0.5,0.524999976,3,3.2332437,0.507692277,0.459340632,0,0,15.8713312,12,8.12854099,8.21317196,0,13.2952528,12.9171467,11.5436993,0,,,,50
83892730,0.5,0.530973434,3,3.23586607,0.483516455,0.427106202,0,0,15.8576965,12,8.14361095,8.20894909,0,13.2738094,12.9171467,11.5436993,0,,,,50
83893861,0.5,0.531914949,3,3.2124176,0.604395568,0.5318681,0,0,15.8576965,10.8630943,8.07429028,8.17939091,0,13.2666607,10.8630943,11.3312817,0,,,,50
83894987,0.5,0.538922131,3,3.23455429,0.725274682,0.620512784,0,0,15.8622417,10.8630943,7.98688698,8.1456089,0,13.288105,10.8630943,11.3312817,0,,,,50
83896118,0.5,0.527950346,3,3.06320357,0.684981644,0.612454176,0,0,15.8576965,8.35165215,7.97784519,8.14983177,0,13.2809572,8.35165215,11.2680779,0,,,,50
83897244,0.5,0.532544374,3,3.06320357,0.725274682,0.636629999,0,0,15.8531513,8.35165215,7.93866396,8.13082886,0,13.288105,8.35165215,11.2680779,0,,,,50
83898375,0.5,0.528571427,3,2.01455307,0.596336961,0.5318681,0,0,15.8758764,8.13932133,8.07127666,8.19417,0,13.3024006,8.13932133,12.2535248,0,,,,50
83899501,0.5,0.5234375,3,2.23206854,0.539926708,0.491575062,0,0,15.866787,8.13932133,8.09538841,8.19205856,0,13.3024006,8.13932133,12.2535248,0,,,,50
83900636,0.5,0.521739125,3,2.23206854,0.580219746,0.5318681,0,0,15.866787,12,8.05017948,8.17727947,0,13.2952528,12.116456,12.9587183,0,,,,50
83901967,0.5,0.534883738,3,3.16025567,0.741391897,0.644688606,0,0,15.8349714,12,7.93866396,8.12027264,0,13.2595129,12.116456,12.9587183,0,,,,50
83903098,0.5,0.531007767,3,3.14654779,1.10402918,0.975091517,0,0,15.7940655,12,7.59507751,7.92602777,0,13.2452173,16.7346039,10.2615252,0,,,,50
83904225,0.5,0.529209673,3,3.17534637,1.24102557,1.10402918,0,0,15.784976,12,7.51972914,7.87957811,0,13.2523651,16.7346039,10.2615252,0,,,,50
83905355,0.5,0.534090877,3,3.15276384,1.13626361,0.991208732,0,0,15.8031559,4.16676378,7.61316061,7.94291878,0,13.2452173,4.16676378,10.1087618,0,,,,50
83906482,0.5,0.529953957,3,3.18421602,0.926739872,0.821977973,0,0,15.8077011,4.16676378,7.80002403,8.02315044,0,13.2666607,4.16676378,10.1087618,0,,,,50
83907612,0.5,0.542056084,3,3.18421602,0.46739924,0.394871771,0,0,15.9031467,-4.01119232,8.2671814,8.27440166,0,13.3095493,-4.01119232,9.92454624,0,,,,50
83908744,0.5,0.551282048,3,2.04658771,0.346520126,0.282051265,0,0,15.9167824,-4.01119232,8.32745934,8.32085133,0,13.3238449,-4.01119232,9.92454624,0,,,,50
83909874,0.5,0.800000012,3,2.19885516,0.0644688606,0.0161172152,0,0,15.9485979,-7.41729927,8.52035046,8.44119835,0,13.3309927,-7.41729927,10.7256908,0,,,,50
83911001,0.5,0,3,3.20082068,0,0,0,0,15.9122372,-7.41729927,8.68008804,8.45808983,0,13.3810291,-7.41729927,10.7256908,0,,,,50
83912131,0.5,0,3,3.23062563,0,0,0,0,15.9304171,-6.92113256,8.67104626,8.44964409,0,13.4882488,-6.92113256,10.4950657,0,,,,50
83913258,0.5,0,3,3.23062563,0,0,0,0,15.9576874,-6.92113256,8.6439209,8.44542122,0,13.6312084,-6.92113256,10.4950657,0,,,,50
83914388,0.5,0,3,3.20210505,0,0,0,0,15.9167824,-6.10458994,8.65597725,8.44330978,0,13.7455759,-6.10458994,10.2929602,0,,,,50
83915515,0.5,0,3,3.20210505,0,0,0,0,15.9213276,-6.10458994,8.64994907,8.43908691,0,13.8599443,-6.10458994,10.2929602,0,,,,50
83916650,0.5,0,3,2.05290604,0,0,0,0,15.9349623,-4.05422974,8.64693546,8.44330978,0,13.9385719,-4.05422974,11.2400551,0,,,,50
83917776,0.5,0,3,2.22584248,0,0,0,0,15.9485979,-4.05422974,8.63487911,8.43908691,0,14.0100517,-4.05422974,11.2400551,0,,,,50
83918907,0.5,0,3,3.22801185,0,0,0,0,15.9576874,-0.175501227,8.61076832,8.44119835,0,14.0600872,-0.175501227,11.012043,0,,,,50
83920033,0.5,0,3,3.22801185,0,0,0,0,15.9258718,-0.175501227,8.62583828,8.44119835,0,14.0815315,-0.175501227,11.012043,0,,,,50
83921164,0.5,0,3,2.08509159,0,0,0,0,15.9258718,4.43995476,8.61679649,8.44119835,0,14.0815315,4.43995476,11.9269514,0,,,,50
83922290,0.5,0,3,2.27599692,0,0,0,0,15.9258718,4.43995476,8.61378193,8.44119835,0,14.0386438,4.43995476,11.9269514,0,,,,50
83923629,0.5,0,3,3.23980737,0,0,0,0,15.9531422,9.15439224,8.60172653,8.43908691,0,13.9171276,9.15439224,11.6871433,0,,,,50
83924756,0.5,0,3,3.1931355,0,0,0,0,15.9485979,9.15439224,8.59871292,8.44119835,0,13.7884636,9.15439224,11.6871433,0,,,,50
83925887,0.5,0,3,3.28245401,0,0,0,0,15.9485979,11.4145126,8.58062935,8.43908691,0,13.5454321,11.4145126,11.4046898,0,,,,50
83927013,0.5,0,3,3.28245401,0,0,0,0,15.9122372,11.4145126,8.58967113,8.43908691,0,13.2738094,11.4145126,11.4046898,0,,,,50
83928143,0.5,0.548076928,3,3.28245401,0.459340632,0.378754556,0,0,15.8940573,10.7361002,7.92962217,8.24061966,0,13.3095493,10.7361002,11.1222353,0,,,,50
83929270,0.5,0.528846145,3,2.25159287,0.443223417,0.394871771,0,0,15.8804216,10.7361002,8.02305412,8.24695396,0,13.3024006,10.7361002,11.1222353,0,,,,50
83930401,0.5,0.565656543,3,2.25159287,0.451282024,0.346520126,0,0,15.8849669,10.2612972,8.18279171,8.25751019,0,13.2952528,10.2612972,11.8706427,0,,,,50
83931532,0.5,0.533898294,3,3.23586607,0.507692277,0.443223417,0,0,15.8804216,10.2612972,8.14361095,8.23006344,0,13.2952528,10.2612972,11.8706427,0,,,,50
83932663,0.5,0.533834636,3,3.23455429,0.572161138,0.49963367,0,0,15.8713312,11.1398487,8.11045742,8.19839287,0,13.2952528,11.1398487,11.6360884,0,,,,50
83933789,0.5,0.5182482,3,3.23980737,0.572161138,0.5318681,0,0,15.8622417,11.1398487,8.08634663,8.18361282,0,13.288105,11.1398487,11.6360884,0,,,,50
83934920,0.5,0.517730534,3,3.23586607,0.588278353,0.547985315,0,0,15.8486061,10.9754114,8.05017948,8.17094517,0,13.2809572,10.9754114,11.4002218,0,,,,50
83936046,0.5,0.517482519,3,3.18040872,0.596336961,0.556043923,0,0,15.8304262,10.9754114,8.02606773,8.15827656,0,13.2738094,10.9754114,11.4002218,0,,,,50
83937177,0.5,0.518518507,3,3.15027452,0.676923037,0.628571391,0,0,15.8122463,9.30605507,7.96578932,8.09915924,0,13.2523651,9.30605507,11.2499475,0,,,,50
83938303,0.5,0.522988498,3,3.17914152,0.73333329,0.668864429,0,0,15.825881,9.30605507,7.94167805,8.10127068,0,13.2738094,9.30605507,11.2499475,0,,,,50
83939439,0.5,0.541401327,3,3.15027452,0.684981644,0.580219746,0,0,15.8395166,7.11771536,8.00497055,8.1456089,0,13.2809572,7.11771536,11.0996723,0,,,,50
83940565,0.5,0.519999981,3,3.15027452,0.628571391,0.580219746,0,0,15.8486061,7.11771536,8.03812313,8.16249943,0,13.2809572,7.11771536,11.0996723,0,,,,50
83941696,0.5,0.542635679,3,3.19058204,0.56410253,0.475457847,0,0,15.8576965,4.77384472,8.11045742,8.18994713,0,13.288105,4.77384472,10.909091,0,,,,50
83942822,0.5,0.532608688,3,3.19058204,0.789743543,0.693040252,0,0,15.8213358,4.77384472,7.91455269,8.0843792,0,13.2738094,4.77384472,10.909091,0,,,,50
83944157,0.5,0.519337058,3,2.06512547,0.757509112,0.701098859,0,0,15.8304262,4.44677687,7.92359447,8.09282494,0,13.2738094,4.44677687,11.8439655,0,,,,50
83945283,0.5,0.525773168,3,2.18560529,0.821977973,0.741391897,0,0,15.8486061,4.44677687,7.89646912,8.09493637,0,13.2809572,4.44677687,11.8439655,0,,,,50
83946418,0.5,0.524999976,3,3.16526985,0.507692277,0.459340632,0,0,15.8758764,6.53739643,8.15566635,8.227952,0,13.288105,6.53739643,11.6786957,0,,,,50
83947545,0.5,0.54838711,3,3.1490314,0.410988986,0.338461518,0,0,15.9167824,6.53739643,8.30033493,8.3039608,0,13.3166971,6.53739643,11.6786957,0,,,,50
83948675,0.5,0.539473712,3,3.21371126,0.330402911,0.282051265,0,0,15.8986015,7.80347204,8.30334854,8.30607224,0,13.3166971,7.80347204,11.4649839,0,,,,50
83949802,0.5,0.533333361,3,3.19185829,0.322344303,0.282051265,0,0,15.8986015,7.80347204,8.27622318,8.28706932,0,13.3095493,7.80347204,11.4649839,0,,,,50
83950932,0.5,0.540540516,3,3.17282104,0.322344303,0.273992658,0,0,15.8940573,7.25810909,8.30334854,8.28284645,0,13.2952528,7.25810909,11.2921629,0,,,,50
83952059,0.5,0.528735638,3,3.17282104,0.370695949,0.330402911,0,0,15.8986015,7.25810909,8.29732037,8.28495789,0,13.2952528,7.25810909,11.2921629,0,,,,50
83953189,0.5,0.521276593,3,2.082371,0.394871771,0.362637341,0,0,15.9031467,7.7901001,8.22800064,8.26595592,0,13.3095493,7.7901001,12.2097921,0,,,,50
83954321,0.5,0.525252521,3,2.24652171,0.419047594,0.378754556,0,0,15.8895121,7.7901001,8.23402786,8.25962162,0,13.3095493,7.7901001,12.2097921,0,,,,50
83955451,0.5,0.528455257,3,2.24652171,0.523809493,0.46739924,0,0,15.8713312,11.8643551,8.15265274,8.22584057,0,13.2952528,11.8643551,12.9632702,0,,,,50
83956578,0.5,0.516129017,3,3.23455429,0.515750885,0.483516455,0,0,15.866787,11.8643551,8.13456917,8.20894909,0,13.288105,11.8643551,12.9632702,0,,,,50
83957709,0.5,0.524390221,3,3.15027452,0.693040252,0.628571391,0,0,15.8122463,12,7.92660856,8.0907135,0,13.2595129,16.7799473,10.2379227,0,,,,50
83958835,0.5,0.5175879,3,3.19185829,0.830036581,0.773626328,0,0,15.7940655,12,7.80906582,8.02737331,0,13.2452173,16.7799473,10.2379227,0,,,,50
83959966,0.5,0.530232549,3,3.23455429,0.918681264,0.813919365,0,0,15.8031559,4.0484004,7.79399586,8.01259327,0,13.2452173,4.0484004,10.0033684,0,,,,50
83961092,0.5,0.540983617,3,3.24112344,1.0637362,0.902564049,0,0,15.8213358,4.0484004,7.73371744,7.99570274,0,13.2738094,4.0484004,10.0033684,0,,,,50
83962228,0.5,0.540000021,3,3.23586607,0.652747214,0.556043923,0,0,15.8849669,-4.57429361,8.12552738,8.20261574,0,13.3024006,-4.57429361,9.76750183,0,,,,50
83963354,0.5,0.555555582,3,3.23586607,0.483516455,0.386813164,0,0,15.8849669,-4.57429361,8.19786167,8.2553997,0,13.3095493,-4.57429361,9.76750183,0,,,,50
83964485,0.5,0.875,3,3.2332437,0.056410253,0.00805860758,0,0,15.9395075,-10.3823385,8.55953121,8.44753265,0,13.3309927,-10.3823385,9.53425884,0,,,,50
83965815,0.5,0,3,3.25434136,0,0,0,0,15.9213276,-10.3823385,8.67707443,8.46020031,0,13.3738813,-10.3823385,9.53425884,0,,,,50
83966946,0.5,0,3,3.3207016,0,0,0,0,15.9531422,-12,8.65597725,8.44964409,0,13.4882488,-14.3925877,10.5025024,0,,,,50
83968072,0.5,0,3,3.27975583,0,0,0,0,15.9395075,-12,8.66200447,8.44330978,0,13.6240606,-14.3925877,10.5025024,0,,,,50
83969203,0.5,0,3,3.23586607,0,0,0,0,15.9576874,-9.78903961,8.6439209,8.44330978,0,13.7884636,-9.78903961,10.2666359,0,,,,50
83970334,0.5,0,3,3.23586607,0,0,0,0,15.9304171,-9.78903961,8.64994907,8.44330978,0,13.9171276,-9.78903961,10.2666359,0,,,,50
83971465,0.5,0,3,3.2371788,0,0,0,0,15.9440527,-7.7317543,8.6318655,8.44119835,0,13.9957552,-7.7317543,10.0294571,0,,,,50
83972591,0.5,0,3,3.2371788,0,0,0,0,15.9395075,-7.7317543,8.63789368,8.44119835,0,14.0457916,-7.7317543,10.0294571,0,,,,50
83973721,0.5,0,3,3.25832796,0,0,0,0,15.9304171,-7.23920918,8.6318655,8.44119835,0,14.0886793,-7.23920918,9.77112961,0,,,,50
83974848,0.5,0,3,3.25832796,0,0,0,0,15.9304171,-7.23920918,8.62583828,8.44119835,0,14.1172714,-7.23920918,9.77112961,0,,,,50
83975979,0.5,0,3,2.13702345,0,0,0,0,15.9531422,-5.66946411,8.6198101,8.44330978,0,14.1387157,-5.66946411,10.6341066,0,,,,50
83977110,0.5,0,3,2.26501417,0,0,0,0,15.9531422,-5.66946411,8.61076832,8.43908691,0,14.1244192,-5.66946411,10.6341066,0,,,,50
83978241,0.5,0,3,3.28786373,0,0,0,0,15.9213276,-2.43585014,8.60775471,8.43908691,0,14.1458635,-2.43585014,10.3462429,0,,,,50
83979367,0.5,0,3,3.32485247,0,0,0,0,15.9440527,-2.43585014,8.60172653,8.43908691,0,14.2387867,-2.43585014,10.3462429,0,,,,50
83980497,0.5,0,3,3.23193431,0,0,0,0,15.9485979,-0.501921237,8.58364296,8.43908691,0,14.3960428,-0.501921237,10.1143084,0,,,,50
83981624,0.5,0,3,3.2332437,0,0,0,0,15.9167824,-0.501921237,8.58967113,8.43908691,0,14.5318546,-0.501921237,10.1143084,0,,,,50
83982755,0.5,0,3,3.3069396,0,0,0,0,15.9258718,-0.665835857,8.58364296,8.43908691,0,14.5818901,-0.665835857,9.80736828,0,,,,50
83983881,0.5,0,3,3.2371788,0,0,0,0,15.9531422,-0.665835857,8.57761478,8.43908691,0,14.5961866,-0.665835857,9.80736828,0,,,,50
83985017,0.5,0,3,3.17661047,0,0,0,0,15.9304171,-1.9582454,8.57158756,8.43697548,0,14.5675945,-1.9582454,9.63075829,0,,,,50
83986348,0.5,0,3,3.32346773,0,0,0,0,15.9485979,-1.9582454,8.56254578,8.43697548,0,14.5390024,-1.9582454,9.63075829,0,,,,50
83987479,0.5,0,3,3.26365876,0,0,0,0,15.9258718,-3.69839287,8.55953121,8.43697548,0,14.5318546,-3.69839287,9.36709976,0,,,,50
83988606,0.5,0,3,3.23586607,0,0,0,0,15.9440527,-3.69839287,8.55350399,8.43697548,0,14.5318546,-3.69839287,9.36709976,0,,,,50
83989736,0.5,0,3,3.23586607,0,0,0,0,15.9167824,-5.66769028,8.54747581,8.43908691,0,14.5461502,-5.66769028,9.13123322,0,,,,50
83990862,0.5,0,3,3.21500611,0,0,0,0,15.9349623,-5.66769028,8.53843403,8.43697548,0,14.5747423,-5.66769028,9.13123322,0,,,,50
83991993,0.5,0,3,3.21500611,0,0,0,0,15.9485979,-7.63609457,8.52637863,8.43486404,0,14.6319265,-7.63609457,8.91622734,0,,,,50
83993125,0.5,0,3,2.04553843,0,0,0,0,15.9213276,-7.63609457,8.52939224,8.43697548,0,14.7034063,-7.63609457,8.91622734,0,,,,50
83994256,0.5,0,3,2.22522187,0,0,0,0,15.9258718,-7.56680298,8.55350399,8.43486404,0,14.7963305,-7.56680298,9.69100571,0,,,,50
83995383,0.5,0,3,3.18040872,0,0,0,0,15.9395075,-7.56680298,8.58665657,8.42853069,0,14.9106979,-7.56680298,9.69100571,0,,,,50
83996513,0.5,0,3,3.23455429,0,0,0,0,15.9531422,-5.26294374,8.56555939,8.43486404,0,15.0250654,-5.26294374,9.45645142,0,,,,50
83997639,0.5,0,3,3.19058204,0,0,0,0,15.9213276,-5.26294374,8.58665657,8.43486404,0,15.1465816,-5.26294374,9.45645142,0,,,,50
83998770,0.5,0,3,3.1490314,0,0,0,0,15.9440527,-3.54108739,8.58967113,8.43697548,0,15.2538013,-3.54108739,9.30741978,0,,,,50
83999897,0.5,0,3,3.1490314,0,0,0,0,15.9531422,-3.54108739,8.58665657,8.43486404,0,15.3681688,-3.54108739,9.30741978,0,,,,50
84001032,0.5,0,3,3.13665295,0,0,0,0,15.9167824,-3.08352733,8.58665657,8.43486404,0,15.4467964,-3.08352733,9.17076778,0,,,,50
84002159,0.5,0,3,3.15151882,0,0,0,0,15.9395075,-3.08352733,8.58665657,8.43486404,0,15.525425,-3.08352733,9.17076778,0,,,,50
84003289,0.5,0,3,3.20210505,0,0,0,0,15.9167824,-3.38085413,8.58665657,8.43486404,0,15.589756,-3.38085413,8.96866226,0,,,,50
84004416,0.5,0,3,3.20210505,0,0,0,0,15.9349623,-3.38085413,8.58967113,8.43486404,0,15.6040525,-3.38085413,8.96866226,0,,,,50
84005546,0.5,0,3,2.00242043,0,0,0,0,15.9531422,-2.05969715,8.58665657,8.43275356,0,15.6183481,-2.05969715,9.96624184,0,,,,50
84006877,0.5,0,3,2.14448953,0,0,0,0,15.9440527,-2.05969715,8.58665657,8.43275356,0,15.6397924,-2.05969715,9.96624184,0,,,,50
84008012,0.5,0,3,3.09889126,0,0,0,0,15.9531422,1.54264355,8.58665657,8.43486404,0,15.6469402,1.54264355,9.86735058,0,,,,50
84009138,0.5,0,3,3.1490314,0,0,0,0,15.9258718,1.54264355,8.58665657,8.43486404,0,15.6612358,1.54264355,9.86735058,0,,,,50
84010269,0.5,0,3,3.10733867,0,0,0,0,15.9395075,4.31329155,8.58665657,8.42853069,0,15.6469402,4.31329155,9.76001167,0,,,,50
84011395,0.5,0,3,3.07027531,0,0,0,0,15.9531422,4.31329155,8.58062935,8.43486404,0,15.6397924,4.31329155,9.76001167,0,,,,50
84012526,0.5,0,3,3.07027531,0,0,0,0,15.9258718,5.29146576,8.58364296,8.43486404,0,15.589756,5.29146576,9.68973637,0,,,,50
84013652,0.5,0,3,3.10854912,0,0,0,0,15.9304171,5.29146576,8.58665657,8.43486404,0,15.4968328,5.29146576,9.68973637,0,,,,50
84014783,0.5,0,3,3.07027531,0,0,0,0,15.9395075,5.27521324,8.58665657,8.43275356,0,15.361021,5.27521324,9.61946106,0,,,,50
84015914,0.5,0,3,3.10733867,0,0,0,0,15.9485979,5.27521324,8.58967113,8.43275356,0,15.1894693,5.27521324,9.61946106,0,,,,50
84017045,0.5,0,3,3.10854912,0,0,0,0,15.9531422,4.64867067,8.58665657,8.43275356,0,14.9821777,4.64867067,9.51091194,0,,,,50
84018171,0.5,0,3,3.13050032,0,0,0,0,15.9304171,4.64867067,8.58665657,8.43486404,0,14.7605906,4.64867067,9.51091194,0,,,,50
84019302,0.5,0,3,3.10976052,0,0,0,0,15.9258718,3.58749557,8.58665657,8.43275356,0,14.5747423,3.58749557,9.40115166,0,,,,50
84020429,0.5,0,3,3.10976052,0,0,0,0,15.9485979,3.58749557,8.57158756,8.42853069,0,14.3817472,3.58749557,9.40115166,0,,,,50
84021559,0.5,0,3,3.10854912,0,0,0,0,15.9531422,2.29241753,8.568573,8.43486404,0,14.2173433,2.29241753,9.29260254,0,,,,50
84022686,0.5,0,3,3.15027452,0,0,0,0,15.9531422,2.29241753,8.57158756,8.43275356,0,14.0386438,2.29241753,9.29260254,0,,,,50
84023821,0.5,0,3,3.08570981,0,0,0,0,15.9531422,0.981426418,8.58665657,8.43275356,0,13.8742399,0.981426418,9.20689297,0,,,,50
84024947,0.5,0,3,3.06791449,0,0,0,0,15.9531422,0.981426418,8.568573,8.43275356,0,13.6955404,0.981426418,9.20689297,0,,,,50
84026078,0.5,0,3,3.08690357,0,0,0,0,15.9440527,-0.196668699,8.58665657,8.43275356,0,13.5525808,-0.196668699,9.1199894,0,,,,50
84027204,0.5,0,3,3.07027531,0,0,0,0,15.9213276,-0.196668699,8.58665657,8.43275356,0,13.4739523,-0.196668699,9.1199894,0,,,,50
84028539,0.5,0,3,3.09048986,0,0,0,0,15.9440527,-1.21534479,8.58665657,8.43275356,0,13.416769,-1.21534479,9.02949905,0,,,,50
84029666,0.5,0,3,3.06909442,0,0,0,0,15.9122372,-1.21534479,8.58665657,8.43275356,0,13.3810291,-1.21534479,9.02949905,0,,,,50
84030796,0.5,0,3,3.09648633,0,0,0,0,15.9304171,-2.10663271,8.58665657,8.43275356,0,13.3452892,-2.10663271,8.93301296,0,,,,50
84031927,0.5,0,3,3.09648633,0,0,0,0,15.9531422,-2.10663271,8.58062935,8.42641926,0,13.3166971,-2.10663271,8.93301296,0,,,,50
84033058,0.5,0,3,3.09648633,0,0,0,0,15.9304171,-2.89566731,8.58364296,8.43275356,0,13.3166971,-2.89566731,8.83652687,0,,,,50
84034184,0.5,1,3,2.00443244,0.0241758227,0,0,0,15.9485979,-2.89566731,8.57460117,8.43275356,0,13.3381405,-2.89566731,8.83652687,0,,,,50
84035315,0.5,0,3,2.12224603,0,0,0,0,15.9485979,-1.78025782,8.58967113,8.42430782,0,13.352437,-1.78025782,9.71428013,0,,,,50
84036441,0.5,0,3,3.08213425,0,0,0,0,15.9213276,-1.78025782,8.58665657,8.43275356,0,13.3738813,-1.78025782,9.71428013,0,,,,50
84037572,0.5,0,3,3.03293252,0,0,0,0,15.9395075,1.55013418,8.58665657,8.43275356,0,13.3667326,1.55013418,9.68134785,0,,,,50
84038703,0.5,0,3,3.06085348,0,0,0,0,15.9440527,1.55013418,8.58364296,8.43275356,0,13.3810291,1.55013418,9.68134785,0,,,,50
84039834,0.5,0,3,3.10976052,0,0,0,0,15.9167824,4.20363808,8.58364296,8.43275356,0,13.3309927,4.20363808,9.57158756,0,,,,50
84040960,0.5,0.652173936,3,3.10976052,0.120879114,0.0644688606,0,0,15.9395075,4.20363808,8.41486359,8.39263725,0,13.3309927,4.20363808,9.57158756,0,,,,50
84042091,0.5,0.605263174,3,3.10733867,0.185347974,0.120879114,0,0,15.9304171,5.09869242,8.3425293,8.33563042,0,13.3238449,5.09869242,9.46424866,0,,,,50
84043217,0.5,0.558823526,3,3.06909442,0.153113544,0.120879114,0,0,15.9167824,5.09869242,8.34554291,8.34407616,0,13.3095493,5.09869242,9.46424866,0,,,,50
84044348,0.5,0.551020384,3,3.06791449,0.217582405,0.177289367,0,0,15.9258718,4.92079401,8.36664104,8.34407616,0,13.3238449,4.92079401,9.39633369,0,,,,50
84045475,0.5,0.540983617,3,3.06791449,0.26593405,0.225641012,0,0,15.9167824,4.92079401,8.33348751,8.32085133,0,13.3166971,4.92079401,9.39633369,0,,,,50
84046610,0.5,0.553191483,3,1.98597455,0.209523797,0.169230759,0,0,15.907692,6.25498056,8.36664104,8.33563042,0,13.3024006,6.25498056,10.4103594,0,,,,50
84047737,0.5,0.596153855,3,2.08781934,0.249816835,0.169230759,0,0,15.9258718,6.25498056,8.37869644,8.33774185,0,13.3166971,6.25498056,10.4103594,0,,,,50
84049072,0.5,0.545454562,3,3.07382345,0.290109873,0.241758227,0,0,15.9122372,9.59629059,8.32143211,8.31451702,0,13.3095493,9.59629059,10.3365355,0,,,,50
84050198,0.5,0.54411763,3,3.11097288,0.29816848,0.249816835,0,0,15.9031467,9.59629059,8.30937672,8.29551506,0,13.3095493,9.59629059,10.3365355,0,,,,50
84051328,0.5,0.556818187,3,3.11097288,0.394871771,0.314285696,0,0,15.8758764,11.811986,8.29430676,8.26384449,0,13.2952528,11.811986,10.225563,0,,,,50
84052455,0.5,0.556521714,3,3.08690357,0.515750885,0.410988986,0,0,15.8849669,11.811986,8.16169453,8.23217392,0,13.2952528,11.811986,10.225563,0,,,,50
84053585,0.5,0.536423802,3,3.06909442,0.652747214,0.56410253,0,0,15.8531513,12,7.99894238,8.15405464,0,13.2809572,12.0368614,10.13661,0,,,,50
84054717,0.5,0.520710111,3,3.08213425,0.709157467,0.652747214,0,0,15.8349714,12,7.94167805,8.10760403,0,13.2809572,12.0368614,10.13661,0,,,,50
84055847,0.5,0.508108139,3,3.06909442,0.757509112,0.73333329,0,0,15.8167906,11.0698023,7.87235785,8.06748867,0,13.2595129,11.0698023,10.0675154,0,,,,50
84056974,0.5,0.521052659,3,3.07619333,0.79780215,0.73333329,0,0,15.8031559,11.0698023,7.8361907,8.05059814,0,13.2309208,11.0698023,10.0675154,0,,,,50
84058105,0.5,0.532608688,3,3.06909442,0.789743543,0.693040252,0,0,15.8167906,9.62893581,7.89345551,8.07593441,0,13.2523651,9.62893581,9.99842167,0,,,,50
84059231,0.5,0.529999971,3,3.06909442,0.854212403,0.757509112,0,0,15.8304262,9.62893581,7.85427427,8.0569315,0,13.2595129,9.62893581,9.99842167,0,,,,50
84060361,0.5,0.53061223,3,3.08213425,0.838095188,0.741391897,0,0,15.8531513,7.9755373,7.90249729,8.08860207,0,13.2809572,7.9755373,9.91628742,0,,,,50
84061488,0.5,0.53513515,3,3.14778924,0.79780215,0.693040252,0,0,15.8440609,7.9755373,7.90852499,8.09704781,0,13.2809572,7.9755373,9.91628742,0,,,,50
84062623,0.5,0.527397275,3,3.0726397,0.620512784,0.556043923,0,0,15.8531513,6.27790403,8.03812313,8.16461086,0,13.2666607,6.27790403,9.843647,0,,,,50
84063750,0.5,0.528455257,3,3.0726397,0.523809493,0.46739924,0,0,15.8622417,6.27790403,8.14963818,8.21739483,0,13.288105,6.27790403,9.843647,0,,,,50
84064880,0.5,0.542056084,3,1.98301327,0.46739924,0.394871771,0,0,15.8986015,6.69355249,8.22498608,8.27440166,0,13.3024006,6.69355249,10.8606339,0,,,,50
84066007,0.5,0.565656543,3,2.11942768,0.451282024,0.346520126,0,0,15.8895121,6.69355249,8.20087528,8.26806736,0,13.3024006,6.69355249,10.8606339,0,,,,50
84067138,0.5,0.545454562,3,3.09889126,0.435164809,0.362637341,0,0,15.8849669,9.46180916,8.24005604,8.2553997,0,13.3024006,9.46180916,10.7617426,0,,,,50
84068264,0.5,0.574999988,3,3.06909442,0.370695949,0.273992658,0,0,15.8849669,9.46180916,8.33951569,8.26384449,0,13.3024006,9.46180916,10.7617426,0,,,,50
84069399,0.5,0.546218514,3,3.06909442,0.523809493,0.435164809,0,0,15.8804216,11.3911991,8.15867996,8.227952,0,13.288105,11.3911991,10.6926479,0,,,,50
84070730,0.5,0.541353405,3,3.1037128,0.580219746,0.491575062,0,0,15.8758764,11.3911991,8.10744381,8.20683765,0,13.288105,11.3911991,10.6926479,0,,,,50
84071860,0.5,0.545454562,3,3.10976052,0.725274682,0.604395568,0,0,15.8440609,11.527463,7.96277571,8.13294029,0,13.2666607,11.527463,10.5828876,0,,,,50
84072987,0.5,0.524590135,3,3.11461568,0.773626328,0.701098859,0,0,15.8304262,11.527463,7.92058086,8.09704781,0,13.2738094,11.527463,10.5828876,0,,,,50
84074117,0.5,0.517045438,3,3.11461568,0.73333329,0.684981644,0,0,15.8213358,10.5272379,7.93866396,8.09915924,0,13.2595129,10.5272379,10.4682713,0,,,,50
84075244,0.5,0.538461566,3,2.03770304,0.789743543,0.676923037,0,0,15.8395166,10.5272379,7.92359447,8.12660694,0,13.2738094,10.5272379,10.4682713,0,,,,50
84076375,0.5,0.53513515,3,2.17606902,0.79780215,0.693040252,0,0,15.8486061,10.6109095,7.90852499,8.1181612,0,13.288105,10.6109095,11.292202,0,,,,50
84077506,0.5,0.522727251,3,3.15401006,0.741391897,0.676923037,0,0,15.8440609,10.6109095,7.91455269,8.10338211,0,13.2809572,10.6109095,11.292202,0,,,,50
84078637,0.5,0.531645596,3,3.06909442,0.676923037,0.596336961,0,0,15.8395166,12,7.98990059,8.13294029,0,13.2809572,12.4214993,10.9960365,0,,,,50
84079763,0.5,0.537500024,3,3.06909442,0.693040252,0.596336961,0,0,15.8622417,12,8.02908134,8.15827656,0,13.288105,12.4214993,10.9960365,0,,,,50
84080893,0.5,0.524861872,3,3.16778278,0.76556772,0.693040252,0,0,15.8440609,12,7.92962217,8.10760403,0,13.2809572,12.0294857,10.8123693,0,,,,50
84082020,0.5,0.510869563,3,3.16778278,0.757509112,0.725274682,0,0,15.825881,12,7.8994832,8.09282494,0,13.2595129,12.0294857,10.8123693,0,,,,50
84083150,0.5,0.531073451,3,2.07155895,0.757509112,0.668864429,0,0,15.8167906,12,7.92359447,8.1118269,0,13.2666607,12.3789911,11.5366383,0,,,,50
84084277,0.5,0.53591162,3,2.17488289,0.781684935,0.676923037,0,0,15.8440609,12,7.92660856,8.13082886,0,13.2595129,12.3789911,11.5366383,0,,,,50
84085412,0.5,0.537688434,3,3.17914152,0.862271011,0.741391897,0,0,15.8304262,12,7.83317709,8.07593441,0,13.2738094,13.1266699,10.7505322,0,,,,50
84086539,0.5,0.524271846,3,3.17914152,0.870329618,0.789743543,0,0,15.8167906,12,7.78194046,8.05270958,0,13.2738094,13.1266699,10.7505322,0,,,,50
84087669,0.5,0.526595771,3,2.06405711,0.79780215,0.717216074,0,0,15.8167906,11.7379742,7.86633015,8.06748867,0,13.2523651,11.7379742,11.6864748,0,,,,50
84088796,0.5,0.529729724,3,2.06405711,0.789743543,0.701098859,0,0,15.8395166,11.7379742,7.92660856,8.09915924,0,13.2666607,11.7379742,11.6864748,0,,,,50
84089927,0.5,0.536082447,3,1.5873574,0.838095188,0.725274682,0,0,15.8486061,12,7.87838554,8.08860207,0,13.2809572,15.6586218,11.12813,0,,,,50
84091257,0.5,0.523809552,3,2.15375042,0.79780215,0.725274682,0,0,15.8395166,12,7.88139963,8.08860207,0,13.2809572,15.6586218,11.12813,0,,,,50
84092392,0.5,0.526595771,3,3.18421602,0.79780215,0.717216074,0,0,15.8167906,10.7234526,7.87235785,8.07804585,0,13.2666607,10.7234526,10.9439135,0,,,,50
84093518,0.5,0.537572265,3,3.18421602,0.749450505,0.644688606,0,0,15.8349714,10.7234526,7.94469213,8.13082886,0,13.2666607,10.7234526,10.9439135,0,,,,50
84094649,0.5,0.528735638,3,3.18421602,0.741391897,0.660805821,0,0,15.8531513,8.108881,7.93866396,8.1456089,0,13.2809572,8.108881,10.759697,0,,,,50
84095776,0.5,0.521739125,3,2.08945942,0.773626328,0.709157467,0,0,15.8440609,8.108881,7.91153908,8.1118269,0,13.2809572,8.108881,10.759697,0,,,,50
84096906,0.5,0.523809493,3,2.1934154,0.620512784,0.56410253,0,0,15.8576965,7.12342167,8.04415131,8.17516804,0,13.2952528,7.12342167,11.5662823,0,,,,50
84098033,0.5,0.540322602,3,3.20854259,0.539926708,0.459340632,0,0,15.8804216,7.12342167,8.14361095,8.227952,0,13.2809572,7.12342167,11.5662823,0,,,,50
84099163,0.5,0.546218514,3,3.20854259,0.523809493,0.435164809,0,0,15.8895121,8.17313576,8.15265274,8.24695396,0,13.3024006,8.17313576,11.3577394,0,,,,50
84100295,0.5,0.54954952,3,2.09935427,0.491575062,0.402930379,0,0,15.8849669,8.17313576,8.17073631,8.24061966,0,13.3024006,8.17313576,11.3577394,0,,,,50
84101425,0.5,0.524271846,3,2.20128155,0.435164809,0.394871771,0,0,15.8758764,10.3023472,8.18279171,8.2553997,0,13.288105,10.3023472,12.1564579,0,,,,50
84102552,0.5,0.535714269,3,3.21889687,0.483516455,0.419047594,0,0,15.8895121,10.3023472,8.1797781,8.24695396,0,13.2952528,10.3023472,12.1564579,0,,,,50
84103683,0.5,0.507246375,3,3.28110433,0.56410253,0.547985315,0,0,15.8622417,12,8.06826305,8.19205856,0,13.288105,12.7973175,11.4458189,0,,,,50
84104809,0.5,0.522388041,3,3.23455429,0.56410253,0.515750885,0,0,15.8486061,12,8.06223488,8.18572426,0,13.2809572,12.7973175,11.4458189,0,,,,50
84105940,0.5,0.544871807,3,3.2332437,0.684981644,0.572161138,0,0,15.8531513,10.8921289,8.00195694,8.16038799,0,13.2809572,10.8921289,11.212575,0,,,,50
84107066,0.5,0.525423765,3,3.2332437,0.749450505,0.676923037,0,0,15.8440609,10.8921289,7.92962217,8.12449551,0,13.2595129,10.8921289,11.212575,0,,,,50
84108201,0.5,0.536144555,3,3.2530148,0.717216074,0.620512784,0,0,15.8395166,7.9527626,7.94469213,8.12660694,0,13.2809572,7.9527626,10.9595604,0,,,,50
84109328,0.5,0.535031855,3,3.2371788,0.676923037,0.588278353,0,0,15.8531513,7.9527626,8.01401234,8.16249943,0,13.2809572,7.9527626,10.9595604,0,,,,50
84110459,0.5,0.54411763,3,3.24244046,0.596336961,0.49963367,0,0,15.8804216,4.60598326,8.11347103,8.21528339,0.00714798551,13.2952528,4.60598326,10.7171202,0,,,,50
84111789,0.5,0.535433054,3,3.23455429,0.547985315,0.475457847,0,0,15.8895121,4.60598326,8.1315546,8.23006344,0,13.3095493,4.60598326,10.7171202,0,,,,50
84112920,0.5,0.48780489,3,3.27034664,0.322344303,0.338461518,0,0,15.8849669,1.17239618,8.36965466,8.28918076,0,13.3095493,1.17239618,10.4467735,0,,,,50
84114046,0.5,0.550724626,3,3.32485247,0.306227088,0.249816835,0,0,15.9031467,1.17239618,8.32745934,8.32296276,0,13.3024006,1.17239618,10.4467735,0,,,,50
84115177,0.5,0.617021263,3,3.27840829,0.23369962,0.145054936,0,0,15.9349623,-2.19734073,8.40883541,8.40530586,0,13.3024006,-2.19734073,10.1683655,0,,,,50
84116308,0.5,0.574999988,3,3.23455429,0.185347974,0.136996329,0,0,15.9304171,-2.19734073,8.35759926,8.37574673,0,13.3238449,-2.19734073,10.1683655,0,,,,50
84117439,0.5,1,3,3.28110433,0.0241758227,0,0,0,15.9349623,-5.39372921,8.59268475,8.44753265,0,13.3238449,-5.39372921,9.88726139,0,,,,50
84118565,0.5,1,3,3.3207016,0.0241758227,0,0,0,15.9485979,-5.39372921,8.64090729,8.45175552,0,13.3381405,-5.39372921,9.88726139,0,,,,50
84119696,0.5,0,3,3.25965905,0,0,0,0,15.9304171,-8.28283215,8.64693546,8.45175552,0,13.3881769,-8.28283215,9.62760162,0,,,,50
84120823,0.5,0,3,3.23586607,0,0,0,0,15.9485979,-8.28283215,8.64090729,8.44753265,0,13.4310646,-8.28283215,9.62760162,0,,,,50
84121953,0.5,0,3,3.28380466,0,0,0,0,15.9213276,-10.8146534,8.63487911,8.44542122,0,13.5454321,-10.8146534,9.34379768,0,,,,50
84123085,0.5,0,3,3.28380466,0,0,0,0,15.9213276,-10.8146534,8.62583828,8.44542122,0,13.645504,-10.8146534,9.34379768,0,,,,50
84124215,0.5,0,3,3.28380466,0,0,0,0,15.9485979,-12,8.6198101,8.44330978,0,13.7241325,-13.0461569,9.62358284,0,,,,50
84125341,0.5,0,3,2.13816857,0,0,0,0,15.9304171,-12,8.61378193,8.44330978,0,13.8027601,-13.0461569,9.62358284,0,,,,50
84126472,0.5,0,3,2.13816857,0,0,0,0,15.9440527,-9.62974167,8.60474014,8.44330978,0,13.8527956,-9.62974167,10.4854145,0,,,,50
84127599,0.5,0,3,1.64257824,0,0,0,0,15.9485979,-9.62974167,8.59569836,8.43908691,0,13.8742399,-9.62974167,10.4854145,0,,,,50
84128729,0.5,0,3,1.64257824,0,0,0,0,15.9531422,-2.09743118,8.59569836,8.44330978,0,13.8813877,-2.09743118,11.8428364,0,,,,50
84129855,0.5,0,3,1.64055216,0,0,0,0,15.9576874,-2.09743118,8.58967113,8.44119835,0,13.8885355,-2.09743118,11.8428364,0,,,,50
84130991,0.5,0,3,2.23707485,0,0,0,0,15.9213276,8.97227287,8.58364296,8.44119835,0,13.9099798,8.97227287,12.6057615,0,,,,50
84132117,0.5,0,3,3.27302933,0,0,0,0,15.9304171,8.97227287,8.57460117,8.43908691,0,14.0100517,8.97227287,12.6057615,0,,,,50
84133452,0.5,0,3,3.27302933,0,0,0,0,15.9167824,12,8.568573,8.43908691,0,14.0958271,18.3137074,8.93138504,0,,,,50
84134578,0.5,0,3,4.46288872,0,0,0,0,15.9440527,12,8.55048943,8.43908691,0,14.0243473,18.3137074,8.93138504,0,,,,50
84135709,0.5,0,3,4.46288872,0,0,0,0,15.9440527,0.582645714,8.55953121,8.43908691,0,13.6883926,0.582645714,7.4684968,0,,,,50
84136835,0.5,0,3,2.11325359,0,0,0,0,15.9258718,0.582645714,8.54747581,8.43697548,0,13.2666607,0.582645714,7.4684968,0,,,,50
84137966,0.5,0.618181825,3,2.210428,0.273992658,0.169230759,0,0,15.9304171,-12,8.09538841,8.34829903,0,13.3095493,-12.67875,8.6237278,0,,,,50
84139097,0.5,0.70588237,3,3.21500611,0.0967032909,0.0402930379,0,0,15.9349623,-12,8.4178772,8.4074173,0,13.3309927,-12.67875,8.6237278,0,,,,50
84140229,0.5,0,3,3.2332437,0,0,0,0,15.9258718,-12,8.63487911,8.44753265,0,13.4739523,-17.0063229,11.0875111,0,,,,50
84141355,0.5,0,3,3.2332437,0,0,0,0,15.9213276,-12,8.66501904,8.44964409,0,13.6740961,-17.0063229,11.0875111,0,,,,50
84142486,0.5,0,3,3.23980737,0,0,0,0,15.9531422,-3.04790998,8.65597725,8.44119835,0,13.8599443,-3.04790998,10.847703,0,,,,50
84143612,0.5,0,3,3.2332437,0,0,0,0,15.9258718,-3.04790998,8.64693546,8.43064213,0,13.9957552,-3.04790998,10.847703,0,,,,50
84144743,0.5,0,3,3.22019577,0,0,0,0,15.9304171,4.07330275,8.6439209,8.43697548,0,14.0457916,4.07330275,10.6275072,0,,,,50
84145869,0.5,0,3,3.15151882,0,0,0,0,15.9349623,4.07330275,8.63789368,8.43697548,0,14.0457916,4.07330275,10.6275072,0,,,,50
84147005,0.5,0,3,3.11948609,0,0,0,0,15.9395075,7.03912115,8.62885189,8.43697548,0,13.9886074,7.03912115,10.5080214,0,,,,50
84148131,0.5,0,3,3.23455429,0,0,0,0,15.9213276,7.03912115,8.62282372,8.43697548,0,13.8742399,7.03912115,10.5080214,0,,,,50
84149262,0.5,0,3,3.18167686,0,0,0,0,15.9258718,7.63183975,8.61679649,8.43697548,0,13.7169838,7.63183975,10.3263445,0,,,,50
84150388,0.5,0,3,3.15151882,0,0,0,0,15.9258718,7.63183975,8.61378193,8.43697548,0,13.5382843,7.63183975,10.3263445,0,,,,50
84151519,0.5,0,3,3.17534637,0,0,0,0,15.9485979,6.7420702,8.59268475,8.43697548,0,13.3595848,6.7420702,10.1509981,0,,,,50
84152645,0.5,0.564516127,3,3.17534637,0.282051265,0.217582405,0,0,15.9122372,6.7420702,8.25211143,8.29973793,0,13.3238449,6.7420702,10.1509981,0,,,,50
84153985,0.5,0.524590135,3,3.1490314,0.257875443,0.23369962,0,0,15.9031467,5.03814125,8.02908134,8.31451702,0,13.3166971,5.03814125,10.0019665,0,,,,50
84155111,0.5,0.539682567,3,3.20467663,0.273992658,0.23369962,0,0,15.8986015,5.03814125,8.22800064,8.29973793,0,13.3095493,5.03814125,10.0019665,0,,,,50
84156242,0.5,0.553571403,3,3.20467663,0.249816835,0.201465189,0,0,15.9122372,2.94009852,8.34554291,8.33774185,0,13.3166971,2.94009852,9.79728985,0,,,,50
84157369,0.5,0.573770463,3,2.06405711,0.282051265,0.209523797,0,0,15.9167824,2.94009852,8.34554291,8.33563042,0,13.3238449,2.94009852,9.79728985,0,,,,50
84158500,0.5,0.579999983,3,2.06405711,0.23369962,0.169230759,0,0,15.9258718,2.71677637,8.40280819,8.34829903,0,13.3238449,2.71677637,10.7332325,0,,,,50
84159626,0.5,0.5625,3,1.58389139,0.217582405,0.169230759,0,0,15.9258718,2.71677637,8.40883541,8.34618759,0,13.3166971,2.71677637,10.7332325,0,,,,50
84160757,0.5,0.585365832,3,2.17666268,0.193406582,0.136996329,0,0,15.9167824,6.68302155,8.39678001,8.34829903,0,13.3166971,6.68302155,11.5565701,0,,,,50
84161888,0.5,0.588235319,3,3.16401505,0.161172152,0.112820506,0,0,15.9167824,6.68302155,8.37869644,8.36941242,0,13.3166971,6.68302155,11.5565701,0,,,,50
84163019,0.5,0.538461566,3,3.1490314,0.282051265,0.241758227,0,0,15.9031467,11.9528036,8.36965466,8.32085133,0,13.288105,11.9528036,11.4075384,0,,,,50
84164145,0.5,0.529411793,3,3.16652584,0.362637341,0.322344303,0,0,15.907692,11.9528036,8.255126,8.2976265,0,13.3024006,11.9528036,11.4075384,0,,,,50
84165276,0.5,0.528169036,3,3.15027452,0.604395568,0.539926708,0,0,15.8622417,12,8.02305412,8.1730566,0,13.288105,14.6885567,9.80887318,0,,,,50
84166402,0.5,0.528089881,3,3.15027452,0.757509112,0.676923037,0,0,15.8440609,12,7.91153908,8.10549259,0,13.288105,14.6885567,9.80887318,0,,,,50
84167533,0.5,0.527173936,3,3.17156005,0.781684935,0.701098859,0,0,15.8304262,6.34761906,7.84523249,8.06537724,0,13.2738094,6.34761906,9.63731384,0,,,,50
84168659,0.5,0.528846145,3,3.23586607,0.886446834,0.789743543,0,0,15.825881,6.34761906,7.77591228,8.03370667,0,13.2809572,6.34761906,9.63731384,0,,,,50
84169794,0.5,0.539877295,3,3.15027452,0.709157467,0.604395568,0,0,15.866787,0.387157917,8.00798416,8.15827656,0,13.2809572,0.387157917,9.48703861,0,,,,50
84170921,0.5,0.545454562,3,3.15027452,0.725274682,0.604395568,0,0,15.8440609,0.387157917,7.94770575,8.12871838,0,13.288105,0.387157917,9.48703861,0,,,,50
84172052,0.5,0.538461566,3,2.03406715,0.507692277,0.435164809,0,0,15.8849669,-1.72567809,8.14963818,8.23850822,0,13.288105,-1.72567809,10.4529715,0,,,,50
84173178,0.5,0.554054081,3,2.03406715,0.330402911,0.26593405,0,0,15.9031467,-1.72567809,8.30334854,8.29973793,0,13.3095493,-1.72567809,10.4529715,0,,,,50
84174309,0.5,0.578947365,3,1.58044076,0.177289367,0.128937721,0,0,15.9395075,2.66074085,8.51432323,8.39686012,0,13.3238449,2.66074085,11.8725309,0,,,,50
84175640,0.5,0.818181813,3,2.1689713,0.0725274682,0.0161172152,0,0,15.9349623,2.66074085,8.57158756,8.43064213,0,13.3166971,2.66074085,11.8725309,0,,,,50
84176770,0.5,0.617647052,3,3.18167686,0.169230759,0.104761899,0,0,15.9304171,10.1413937,8.58062935,8.37152386,0,13.3238449,10.1413937,11.6908541,0,,,,50
84177902,0.5,0.730769217,3,3.18167686,0.153113544,0.056410253,0,0,15.9304171,10.1413937,8.44198895,8.37785816,0,13.3166971,10.1413937,11.6908541,0,,,,50
84179032,0.5,0.530120492,3,3.18167686,0.354578733,0.314285696,0,0,15.8895121,12,8.23402786,8.29551506,0,13.3024006,14.7656116,10.0192757,0,,,,50
84180158,0.5,0.5,3,2.07155895,0.435164809,0.435164809,0,0,15.8713312,12,8.13456917,8.22584057,0,13.288105,14.7656116,10.0192757,0,,,,50
84181289,0.5,0.527131796,3,2.07155895,0.547985315,0.491575062,0,0,15.8576965,9.19837952,8.08936024,8.20472717,0,13.2738094,9.19837952,10.9477167,0,,,,50
84182416,0.5,0.525316477,3,1.60330427,0.668864429,0.604395568,0,0,15.8622417,9.19837952,8.00497055,8.17094517,0,13.288105,9.19837952,10.9477167,0,,,,50
84183546,0.5,0.538461506,3,2.18560529,0.620512784,0.5318681,0,0,15.8713312,9.68618202,8.06223488,8.19417,0,13.2952528,9.68618202,11.7621107,0,,,,50
84184678,0.5,0.521126747,3,3.21889687,0.596336961,0.547985315,0,0,15.8531513,9.68618202,8.02908134,8.17727947,0,13.2809572,9.68618202,11.7621107,0,,,,50
84185808,0.5,0.53061223,3,3.28515649,0.628571391,0.556043923,0,0,15.8395166,12,7.98688698,8.15827656,0,13.2738094,12.4959269,11.2097864,0,,,,50
84186934,0.5,0.548387051,3,3.20725298,0.684981644,0.56410253,0,0,15.8531513,12,8.01401234,8.1667223,0,13.2809572,12.4959269,11.2097864,0,,,,50
84188065,0.5,0.527173936,3,3.20725298,0.781684935,0.701098859,0,0,15.8395166,11.7275152,7.88742733,8.09282494,0,13.2523651,11.7275152,11.0025339,0,,,,50
84189191,0.5,0.524999976,3,2.06566024,0.846153796,0.76556772,0,0,15.8349714,11.7275152,7.80303764,8.06748867,0,13.2738094,11.7275152,11.0025339,0,,,,50
84190322,0.5,0.513513505,3,2.21349382,0.76556772,0.725274682,0,0,15.8167906,11.3583326,7.86331606,8.08649063,0,13.2666607,11.3583326,11.7890396,0,,,,50
84191449,0.5,0.539772749,3,2.21349382,0.76556772,0.652747214,0,0,15.8349714,11.3583326,7.93263626,8.13082886,0,13.2666607,11.3583326,11.7890396,0,,,,50
84192584,0.5,0.534482777,3,3.27034664,0.749450505,0.652747214,0,0,15.8531513,12,7.92359447,8.14138603,0,13.2809572,12.3003159,11.3569059,0,,,,50
84193711,0.5,0.516853929,3,3.28650951,0.741391897,0.693040252,0,0,15.8395166,12,7.90249729,8.10760403,0,13.2809572,12.3003159,11.3569059,0,,,,50
84194841,0.5,0.516304374,3,3.24904108,0.76556772,0.717216074,0,0,15.8167906,11.0222416,7.85427427,8.08015633,0,13.2666607,11.0222416,11.1078644,0,,,,50
84196172,0.5,0.518518567,3,3.23455429,0.789743543,0.73333329,0,0,15.8167906,11.0222416,7.82112122,8.07171154,0,13.2738094,11.0222416,11.1078644,0,,,,50
84197302,0.5,0.537572265,3,3.10009527,0.749450505,0.644688606,0,0,15.825881,8.65856171,7.92359447,8.10971546,0,13.2666607,8.65856171,11.0077696,0,,,,50
84198429,0.5,0.532258093,3,3.06909442,0.79780215,0.701098859,0,0,15.8486061,8.65856171,7.90852499,8.1118269,0,13.2809572,8.65856171,11.0077696,0,,,,50
84199560,0.5,0.556213021,3,3.28786373,0.757509112,0.604395568,0,0,15.8622417,5.92445421,7.97181749,8.15616512,0,13.288105,5.92445421,10.7199059,0,,,,50
84200691,0.5,0.537974656,3,3.32485247,0.684981644,0.588278353,0,0,15.8576965,5.92445421,7.99291468,8.15616512,0,13.288105,5.92445421,10.7199059,0,,,,50
84201822,0.5,0.553571403,3,3.2332437,0.49963367,0.402930379,0,0,15.8804216,2.84487915,8.15867996,8.23850822,0,13.2952528,2.84487915,10.4866619,0,,,,50
84202949,0.5,0.549019635,3,3.23455429,0.451282024,0.370695949,0,0,15.8986015,2.84487915,8.19786167,8.2765131,0,13.288105,2.84487915,10.4866619,0,,,,50
84204079,0.5,0.577464759,3,3.27034664,0.330402911,0.241758227,0,0,15.9122372,-0.366833597,8.32143211,8.32296276,0,13.3024006,-0.366833597,10.2163153,0,,,,50
84205206,0.5,0.545454562,3,3.23455429,0.241758227,0.201465189,0,0,15.907692,-0.366833597,8.37568283,8.33351898,0,13.3166971,-0.366833597,10.2163153,0,,,,50
84206336,0.5,0.75,3,3.23455429,0.120879114,0.0402930379,0,0,15.9349623,-3.45105958,8.53542042,8.43064213,0,13.3238449,-3.45105958,9.98176098,0,,,,50
84207463,0.5,0.769230783,3,3.2371788,0.0805860758,0.0241758227,0,0,15.9349623,-3.45105958,8.51733685,8.42430782,0,13.3309927,-3.45105958,9.98176098,0,,,,50
84208598,0.5,0,3,3.2371788,0,0,0,0,15.9576874,-6.22331476,8.65597725,8.45386696,0,13.3309927,-6.22331476,9.74458218,0,,,,50
84209725,0.5,0,3,2.09990668,0,0,0,0,15.9349623,-6.22331476,8.64693546,8.45386696,0,13.3667326,-6.22331476,9.74458218,0,,,,50
84210855,0.5,0,3,2.25668716,0,0,0,0,15.9531422,-6.80515146,8.6439209,8.44753265,0,13.4382124,-6.80515146,10.487895,0,,,,50
84211982,0.5,0,3,3.24771881,0,0,0,0,15.9576874,-6.80515146,8.63789368,8.44330978,0,13.5239887,-6.80515146,10.487895,0,,,,50
84213112,0.5,0,3,3.2332437,0,0,0,0,15.9304171,-5.01559114,8.62885189,8.44119835,0,13.5954685,-5.01559114,10.254652,0,,,,50
84214239,0.5,0,3,3.2516892,0,0,0,0,15.9440527,-5.01559114,8.60775471,8.44330978,0,13.6740961,-5.01559114,10.254652,0,,,,50
84215374,0.5,0,3,3.2371788,0,0,0,0,15.9349623,-3.77688742,8.61679649,8.44119835,0,13.7241325,-3.77688742,10.0174732,0,,,,50
84216501,0.5,0,3,3.25832796,0,0,0,0,15.9531422,-3.77688742,8.61076832,8.44330978,0,13.7670202,-3.77688742,10.0174732,0,,,,50
84217836,0.5,0,3,3.2332437,0,0,0,0,15.9349623,-3.99910188,8.60474014,8.44119835,0,13.7884636,-3.99910188,9.78422928,0,,,,50
84218963,0.5,0,3,3.24112344,0,0,0,0,15.9440527,-3.99910188,8.57761478,8.44542122,0,13.7884636,-3.99910188,9.78422928,0,,,,50
84220093,0.5,0,3,3.32485247,0,0,0,0,15.9349623,-5.22121286,8.59268475,8.44119835,0,13.8099079,-5.22121286,9.45937634,0,,,,50
84221219,0.5,0,3,3.2463975,0,0,0,0,15.9304171,-5.22121286,8.58665657,8.43908691,0,13.8313522,-5.22121286,9.45937634,0,,,,50
84222350,0.5,0,3,3.23455429,0,0,0,0,15.9485979,-7.05908775,8.57761478,8.43908691,0,13.8742399,-7.05908775,9.224823,0,,,,50
84223481,0.5,0,3,3.23455429,0,0,0,0,15.9485979,-7.05908775,8.57158756,8.43908691,0,13.9743118,-7.05908775,9.224823,0,,,,50
84224612,0.5,0,3,3.25036454,0,0,0,0,15.9122372,-9.01886749,8.56555939,8.43908691,0,14.1387157,-9.01886749,8.97445774,0,,,,50
84225738,0.5,0,3,3.23586607,0,0,0,0,15.9258718,-9.01886749,8.55953121,8.43908691,0,14.3460073,-9.01886749,8.97445774,0,,,,50
84226869,0.5,0,3,3.26766801,0,0,0,0,15.9349623,-10.9242334,8.55350399,8.43908691,0,14.5318546,-10.9242334,8.70678997,0,,,,50
84227996,0.5,0,3,3.2332437,0,0,0,0,15.9258718,-10.9242334,8.55048943,8.43064213,0,14.6533699,-10.9242334,8.70678997,0,,,,50
84229126,0.5,0,3,3.25434136,0,0,0,0,15.9395075,-12,8.5444622,8.43697548,0,14.7891817,-12.7392731,8.85071278,0,,,,50
84230253,0.5,0,3,3.23586607,0,0,0,0,15.9304171,-12,8.53843403,8.43697548,0,14.8892536,-12.7392731,8.85071278,0,,,,50
84231388,0.5,0,3,3.2124176,0,0,0,0,15.9395075,-12,8.53240585,8.43697548,0,14.9750299,-12.008975,8.6431303,0,,,,50
84232514,0.5,0,3,3.23586607,0,0,0,0,15.9531422,-12,8.53843403,8.43697548,0,15.039362,-12.008975,8.6431303,0,,,,50
84233645,0.5,0,3,3.20596433,0,0,0,0,15.9258718,-11.9700165,8.58062935,8.43697548,0,15.1108418,-11.9700165,8.43716621,0,,,,50
84234772,0.5,0,3,3.23455429,0,0,0,0,15.9395075,-11.9700165,8.58665657,8.43697548,0,15.1966171,-11.9700165,8.43716621,0,,,,50
84235902,0.5,0,3,3.23455429,0,0,0,0,15.9485979,-12,8.56555939,8.43697548,0,15.2823935,-12.3637867,8.39859295,0,,,,50
84237028,0.5,0,3,3.15027452,0,0,0,0,15.9213276,-12,8.58665657,8.43697548,0,15.3824644,-12.3637867,8.39859295,0,,,,50
84238367,0.5,0,3,3.1490314,0,0,0,0,15.9395075,-11.7820873,8.58665657,8.43697548,0,15.4968328,-11.7820873,8.24956226,0,,,,50
84239494,0.5,0,3,3.1490314,0,0,0,0,15.9258718,-11.7820873,8.58665657,8.43697548,0,15.5754604,-11.7820873,8.24956226,0,,,,50
84240625,0.5,0,3,3.1490314,0,0,0,0,15.9440527,-11.5874767,8.57158756,8.43486404,0,15.6254959,-11.5874767,8.10053062,0,,,,50
84241751,0.5,0,3,1.98498642,0,0,0,0,15.9531422,-11.5874767,8.568573,8.43486404,0,15.6469402,-11.5874767,8.10053062,0,,,,50
84242881,0.5,0,3,2.13759589,0,0,0,0,15.9213276,-9.67084408,8.58665657,8.43486404,0,15.7041245,-9.67084408,8.96293449,0,,,,50
84244008,0.5,0,3,3.12192702,0,0,0,0,15.9440527,-9.67084408,8.58665657,8.43697548,0,15.71842,-9.67084408,8.96293449,0,,,,50
84245139,0.5,0,3,3.1490314,0,0,0,0,15.9304171,-5.77557898,8.58665657,8.43697548,0,15.782752,-5.77557898,8.81390381,0,,,,50
84246270,0.5,0,3,3.084517,0,0,0,0,15.9440527,-5.77557898,8.58967113,8.43486404,0,15.8399363,-5.77557898,8.81390381,0,,,,50
84247401,0.5,0,3,3.07027531,0,0,0,0,15.9167824,-2.7009511,8.58665657,8.43275356,0,15.8756762,-2.7009511,8.7436285,0,,,,50
84248527,0.5,0,3,3.07027531,0,0,0,0,15.9258718,-2.7009511,8.58665657,8.43486404,0,15.9257116,-2.7009511,8.7436285,0,,,,50
84249658,0.5,0,3,3.10612893,0,0,0,0,15.9440527,-1.2206856,8.58364296,8.43486404,0,15.947156,-1.2206856,8.63749886,0,,,,50
84250784,0.5,0,3,3.1490314,0,0,0,0,15.9395075,-1.2206856,8.58665657,8.43486404,0,15.947156,-1.2206856,8.63749886,0,,,,50
84251915,0.5,0,3,3.0585072,0,0,0,0,15.9576874,-0.685625911,8.57460117,8.43275356,0,15.9543037,-0.685625911,8.57899189,0,,,,50
84253042,0.5,0,3,3.06791449,0,0,0,0,15.9167824,-0.685625911,8.58665657,8.43486404,0,15.9400082,-0.685625911,8.57899189,0,,,,50
84254177,0.5,0,3,3.07975507,0,0,0,0,15.9395075,-0.675599277,8.58665657,8.43064213,0,15.947156,-0.675599277,8.49923706,0,,,,50
84255304,0.5,0,3,3.06909442,0,0,0,0,15.9485979,-0.675599277,8.58665657,8.43486404,0,15.9328594,-0.675599277,8.49923706,0,,,,50
84256434,0.5,0,3,3.06909442,0,0,0,0,15.9395075,-0.967056513,8.568573,8.43275356,0,15.9328594,-0.967056513,8.4301424,0,,,,50
84257561,0.5,0,3,3.06909442,0,0,0,0,15.9531422,-0.967056513,8.58665657,8.43486404,0,15.9257116,-0.967056513,8.4301424,0,,,,50
84258895,0.5,0,3,3.07027531,0,0,0,0,15.9485979,-1.41409838,8.58967113,8.43275356,0,15.9185638,-1.41409838,8.3598671,0,,,,50
84260021,0.5,0,3,3.02947807,0,0,0,0,15.9167824,-1.41409838,8.58967113,8.43486404,0,15.9257116,-1.41409838,8.3598671,0,,,,50
84261152,0.5,0,3,2.99311519,0,0,0,0,15.9304171,-1.77670896,8.58967113,8.43275356,0,15.9257116,-1.77670896,8.36675167,0,,,,50
84262283,0.5,0,3,3.04102349,0,0,0,0,15.9395075,-1.77670896,8.58665657,8.43486404,0,15.9328594,-1.77670896,8.36675167,0,,,,50
84263414,0.5,0,3,3.04102349,0,0,0,0,15.9304171,-1.93463039,8.58665657,8.43486404,0,15.9400082,-1.93463039,8.32572842,0,,,,50
84264541,0.5,0,3,1.94578052,0,0,0,0,15.9440527,-1.93463039,8.58364296,8.43275356,0,15.947156,-1.93463039,8.32572842,0,,,,50
84265671,0.5,0,3,1.94578052,0,0,0,0,15.9258718,0.0090089133,8.58665657,8.43486404,0,15.9614515,0.0090089133,9.37994766,0,,,,50
84266797,0.5,0,3,1.94578052,0,0,0,0,15.9304171,0.0090089133,8.58665657,8.43275356,0,15.9757481,0.0090089133,9.37994766,0,,,,50
84267928,0.5,0,3,1.94578052,0,0,0,0,15.9485979,6.22983313,8.58665657,8.43697548,0,15.9543037,6.22983313,10.4341679,0,,,,50
84269059,0.5,0,3,1.94578052,0,0,0,0,15.9576874,6.22983313,8.58665657,8.43275356,0,15.9185638,6.22983313,10.4341679,0,,,,50
84270190,0.5,0,3,1.92419708,0,0,0,0,15.9258718,12,8.58665657,8.43275356,0,15.8542318,15.800065,9.46278381,0,,,,50
84271317,0.5,0,3,2.07263517,0,0,0,0,15.9349623,12,8.58967113,8.43275356,0,15.71842,15.800065,9.46278381,0,,,,50
84272448,0.5,0,3,2.07263517,0,0,0,0,15.9485979,12,8.568573,8.43275356,0,15.4325008,14.7368584,8.9157362,0,,,,50
84273574,0.5,0,3,2.96972299,0,0,0,0,15.9576874,12,8.57460117,8.42641926,0,15.0893974,14.7368584,8.9157362,0,,,,50
84274705,0.5,0,3,2.99311519,0,0,0,0,15.9349623,8.73796844,8.58665657,8.43275356,0,14.6748142,8.73796844,8.92262173,0,,,,50
84275831,0.5,0,3,2.94017887,0,0,0,0,15.9304171,8.73796844,8.58665657,8.43275356,0,14.2101955,8.73796844,8.92262173,0,,,,50
84276966,0.5,0,3,2.94017887,0,0,0,0,15.9304171,5.96649456,8.58665657,8.43275356,0,13.7956123,5.96649456,8.98244286,0,,,,50
84278093,0.5,0,3,1.88554943,0,0,0,0,15.9395075,5.96649456,8.58665657,8.43275356,0,13.3810291,5.96649456,8.98244286,0,,,,50
84279223,0.5,0.544554472,3,2.03770304,0.443223417,0.370695949,0,0,15.8895121,6.06849623,8.08634663,8.21528339,0,13.3024006,6.06849623,9.94473934,0,,,,50
84280554,0.5,0.541666687,3,2.03770304,0.419047594,0.354578733,0,0,15.8804216,6.06849623,8.18580532,8.2490654,0,13.2952528,6.06849623,9.94473934,0,,,,50
84281685,0.5,0.551020384,3,2.99199295,0.435164809,0.354578733,0,0,15.8895121,8.77677345,8.14963818,8.24273109,0,13.3024006,8.77677345,9.95274639,0,,,,50
84282811,0.5,0.550724626,3,2.99311519,0.306227088,0.249816835,0,0,15.8940573,8.77677345,8.22197247,8.28706932,0,13.2952528,8.77677345,9.95274639,0,,,,50
84283942,0.5,0.535714269,3,2.90591598,0.483516455,0.419047594,0,0,15.8804216,11.1767092,8.15566635,8.23850822,0,13.288105,11.1767092,10.0468302,0,,,,50
84285073,0.5,0.528925598,3,2.91867042,0.515750885,0.459340632,0,0,15.8758764,11.1767092,8.14059639,8.22372913,0,13.2595129,11.1767092,10.0468302,0,,,,50
84286204,0.5,0.524324358,3,2.98193049,0.781684935,0.709157467,0,0,15.825881,12,7.86633015,8.08226776,0,13.2595129,12.3419676,9.88067341,0,,,,50
84287330,0.5,0.531100512,3,2.99311519,0.894505441,0.789743543,0,0,15.8077011,12,7.77892637,8.0358181,0,13.2452173,12.3419676,9.88067341,0,,,,50
84288461,0.5,0.539855063,3,2.99311519,1.20073247,1.02344322,0,0,15.7940655,11.5186014,7.56795216,7.91547108,0,13.2380695,11.5186014,9.88755798,0,,,,50
84289588,0.5,0.523809552,3,2.90697479,1.15238094,1.04761899,0,0,15.7940655,11.5186014,7.58603573,7.92391634,0,13.2523651,11.5186014,9.88755798,0,,,,50
84290718,0.5,0.52734375,3,2.98863125,1.08791208,0.975091517,0,0,15.8167906,10.5468807,7.66138363,7.97458887,0,13.2595129,10.5468807,9.89892673,0,,,,50
84291845,0.5,0.529411793,3,2.9774797,0.870329618,0.773626328,0,0,15.8122463,10.5468807,7.84221888,8.05059814,0,13.2595129,10.5468807,9.89892673,0,,,,50
84292980,0.5,0.544910133,3,2.92187667,0.73333329,0.612454176,0,0,15.8440609,9.67645168,8.01099777,8.15194321,0,13.2738094,9.67645168,9.97704983,0,,,,50
84294106,0.5,0.537974656,3,2.96972299,0.684981644,0.588278353,0,0,15.8622417,9.67645168,8.06223488,8.16461086,0,13.288105,9.67645168,9.97704983,0,,,,50
84295237,0.5,0.538461566,3,2.96972299,0.676923037,0.580219746,0,0,15.866787,9.03213501,8.05922127,8.16249943,0,13.2952528,9.03213501,10.0073271,0,,,,50
84296363,0.5,0.541401327,3,2.99199295,0.684981644,0.580219746,0,0,15.8531513,9.03213501,8.01099777,8.15194321,0,13.288105,9.03213501,10.0073271,0,,,,50
84297494,0.5,0.524137974,3,3.00664854,0.612454176,0.556043923,0,0,15.8395166,8.42516422,8.03812313,8.15616512,0,13.2809572,8.42516422,10.0006781,0,,,,50
84298621,0.5,0.521428585,3,3.06909442,0.588278353,0.539926708,0,0,15.8486061,8.42516422,8.09538841,8.17939091,0,13.2809572,8.42516422,10.0006781,0,,,,50
84299756,0.5,0.536764681,3,2.99087143,0.588278353,0.507692277,0,0,15.8758764,7.74930477,8.14059639,8.21528339,0,13.288105,7.74930477,10.0098066,0,,,,50
84301087,0.5,0.53435111,3,2.91867042,0.56410253,0.491575062,0,0,15.8804216,7.74930477,8.14662457,8.21528339,0,13.2952528,7.74930477,10.0098066,0,,,,50
84302218,0.5,0.535433054,3,3.02259278,0.547985315,0.475457847,0,0,15.8804216,7.02546501,8.1315546,8.21950626,0,13.3024006,7.02546501,9.98721409,0,,,,50
84303344,0.5,0.523809552,3,3.07027531,0.5318681,0.483516455,0,0,15.866787,7.02546501,8.14963818,8.21528339,0,13.288105,7.02546501,9.98721409,0,,,,50
84304475,0.5,0.522123873,3,3.07027531,0.475457847,0.435164809,0,0,15.8713312,6.15536785,8.17676353,8.22372913,0,13.2952528,6.15536785,9.91693878,0,,,,50
84305601,0.5,0.535714269,3,3.01232386,0.483516455,0.419047594,0,0,15.8622417,6.15536785,8.18881989,8.22372913,0,13.2809572,6.15536785,9.91693878,0,,,,50
84306733,0.5,0.537815154,3,2.99199295,0.515750885,0.443223417,0,0,15.8895121,5.2250185,8.19786167,8.24061966,0,13.2952528,5.2250185,9.92494583,0,,,,50
84307864,0.5,0.538461566,3,3.0809443,0.507692277,0.435164809,0,0,15.8849669,5.2250185,8.1797781,8.23428535,0,13.3024006,5.2250185,9.92494583,0,,,,50
84308995,0.5,0.544554472,3,3.03062868,0.443223417,0.370695949,0,0,15.8849669,4.42383289,8.24306965,8.25962162,0,13.3024006,4.42383289,9.89431667,0,,,,50
84310122,0.5,0.523809552,3,3.02603149,0.354578733,0.322344303,0,0,15.9031467,4.42383289,8.30636215,8.3039608,0,13.3095493,4.42383289,9.89431667,0,,,,50
84311252,0.5,0.546666682,3,3.02603149,0.330402911,0.273992658,0,0,15.9122372,3.7262795,8.33348751,8.31240559,0,13.3166971,3.7262795,9.86828518,0,,,,50
84312379,0.5,0.543859661,3,3.02603149,0.249816835,0.209523797,0,0,15.907692,3.7262795,8.36362648,8.32296276,0,13.3166971,3.7262795,9.86828518,0,,,,50
84313510,0.5,0.617021263,3,1.97076952,0.23369962,0.145054936,0,0,15.9258718,5.0615263,8.41486359,8.35885525,0,13.3238449,5.0615263,10.8975153,0,,,,50
84314636,0.5,0.560000002,3,2.10211945,0.225641012,0.177289367,0,0,15.9213276,5.0615263,8.38773823,8.34618759,0,13.3095493,5.0615263,10.8975153,0,,,,50
84315772,0.5,0.553571403,3,3.06791449,0.249816835,0.201465189,0,0,15.9031467,8.57582474,8.36664104,8.32929707,0,13.2952528,8.57582474,10.8296013,0,,,,50
84316898,0.5,0.54838711,3,3.1490314,0.273992658,0.225641012,0,0,15.9213276,8.57582474,8.35458469,8.33563042,0,13.3166971,8.57582474,10.8296013,0,,,,50
84318029,0.5,0.528735638,3,3.084517,0.370695949,0.330402911,0,0,15.8940573,11.0373487,8.30033493,8.27440166,0,13.2952528,11.0373487,10.7450838,0,,,,50
84319155,0.5,0.525773168,3,2.99311519,0.410988986,0.370695949,0,0,15.8804216,11.0373487,8.24306965,8.2553997,0,13.2952528,11.0373487,10.7450838,0,,,,50
84320286,0.5,0.535433054,3,2.99311519,0.547985315,0.475457847,0,0,15.8713312,11.6784029,8.14361095,8.21950626,0,13.2952528,11.6784029,10.7519684,0,,,,50
84321413,0.5,0.527397275,3,3.09528518,0.620512784,0.556043923,0,0,15.8576965,11.6784029,8.0562067,8.17939091,0,13.2809572,11.6784029,10.7519684,0,,,,50
84322748,0.5,0.533742309,3,3.10854912,0.701098859,0.612454176,0,0,15.8395166,11.2701359,7.97784519,8.14772034,0,13.2809572,11.2701359,10.6434193,0,,,,50
84323879,0.5,0.528662443,3,3.12682009,0.668864429,0.596336961,0,0,15.8395166,11.2701359,8.02003956,8.15616512,0,13.2738094,11.2701359,10.6434193,0,,,,50
84325010,0.5,0.535714269,3,3.10976052,0.725274682,0.628571391,0,0,15.8531513,10.035183,7.99291468,8.14772034,0,13.2738094,10.035183,10.533659,0,,,,50
84326136,0.5,0.528089881,3,3.09288573,0.757509112,0.676923037,0,0,15.8440609,10.035183,7.95071983,8.11393833,0,13.2738094,10.035183,10.533659,0,,,,50
84327267,0.5,0.523489952,3,3.14778924,0.628571391,0.572161138,0,0,15.8486061,8.19538212,8.06223488,8.1667223,0,13.2809572,8.19538212,10.385869,0,,,,50
84328393,0.5,0.53061223,3,3.09528518,0.628571391,0.556043923,0,0,15.8713312,8.19538212,8.08634663,8.18994713,0,13.288105,8.19538212,10.385869,0,,,,50
84329524,0.5,0.536764681,3,3.07027531,0.588278353,0.507692277,0,0,15.8758764,6.1459794,8.12552738,8.21739483,0,13.288105,6.1459794,10.3155937,0,,,,50
84330655,0.5,0.536363661,3,3.10009527,0.475457847,0.410988986,0,0,15.8713312,6.1459794,8.17374992,8.23217392,0,13.288105,6.1459794,10.3155937,0,,,,50
84331786,0.5,0.577319562,3,3.10009527,0.451282024,0.330402911,0,0,15.9031467,4.22891331,8.30937672,8.2976265,0,13.3095493,4.22891331,10.2154989,0,,,,50
84332913,0.5,0.476744175,3,3.10009527,0.330402911,0.362637341,0,0,15.8986015,4.22891331,8.29732037,8.2976265,0,13.3095493,4.22891331,10.2154989,0,,,,50
84334043,0.5,0.552238822,3,2.01201344,0.29816848,0.241758227,0,0,15.9031467,4.51899958,8.3304739,8.30818272,0,13.3024006,4.51899958,11.2034855,0,,,,50
84335170,0.5,0.559322059,3,2.13645124,0.26593405,0.209523797,0,0,15.9167824,4.51899958,8.36965466,8.33774185,0,13.3095493,4.51899958,11.2034855,0,,,,50
84336300,0.5,0.552238822,3,3.12070608,0.29816848,0.241758227,0,0,15.9167824,7.18827677,8.37869644,8.32718563,0,13.3166971,7.18827677,11.0827789,0,,,,50
84337426,0.5,0.530303001,3,3.12070608,0.282051265,0.249816835,0,0,15.907692,7.18827677,8.35157108,8.32085133,0,13.3166971,7.18827677,11.0827789,0,,,,50
84338562,0.5,0.563380301,3,2.01150608,0.322344303,0.249816835,0,0,15.8986015,11.0619421,8.32745934,8.29973793,0,13.3024006,11.0619421,12.0712729,0,,,,50
84339688,0.5,0.571428597,3,2.13131547,0.354578733,0.26593405,0,0,15.9031467,11.0619421,8.25211143,8.28706932,0,13.3095493,11.0619421,12.0712729,0,,,,50
84340819,0.5,0.516393423,3,2.13131547,0.507692277,0.475457847,0,0,15.8622417,12,8.14059639,8.21106052,0,13.288105,17.2527237,10.1101885,0,,,,50
84341945,0.5,0.526315808,3,3.10854912,0.56410253,0.507692277,0,0,15.8440609,12,8.09237385,8.18994713,0,13.2809572,17.2527237,10.1101885,0,,,,50
84343281,0.5,0.516129017,3,3.1490314,0.644688606,0.604395568,0,0,15.8395166,7.07186747,8.03812313,8.16883373,0,13.2738094,7.07186747,9.96115685,0,,,,50
84344407,0.5,0.534883738,3,3.10976052,0.741391897,0.644688606,0,0,15.8440609,7.07186747,7.96880341,8.13716316,0,13.2809572,7.07186747,9.96115685,0,,,,50
84345537,0.5,0.530201375,3,3.07145715,0.636629999,0.56410253,0,0,15.8758764,1.30378067,8.09538841,8.18572426,0,13.3024006,1.30378067,9.88969994,0,,,,50
84346669,0.5,0.527131796,3,3.14654779,0.547985315,0.491575062,0,0,15.8713312,1.30378067,8.1164856,8.20472717,0,13.2952528,1.30378067,9.88969994,0,,,,50
84347800,0.5,0.568965495,3,3.14654779,0.26593405,0.201465189,0,0,15.9167824,-2.55763936,8.38472462,8.34196472,0,13.3166971,-2.55763936,9.74315166,0,,,,50
84348926,0.5,0.591836751,3,2.02786422,0.23369962,0.161172152,0,0,15.9349623,-2.55763936,8.3937664,8.36307812,0,13.3238449,-2.55763936,9.74315166,0,,,,50
84350057,0.5,0.733333349,3,2.11942768,0.0886446834,0.0322344303,0,0,15.9395075,-3.32849669,8.52939224,8.43486404,0,13.3166971,-3.32849669,10.623724,0,,,,50
84351183,0.5,0,3,3.11340046,0,0,0,0,15.9485979,-3.32849669,8.66200447,8.45808983,0,13.3309927,-3.32849669,10.623724,0,,,,50
84352314,0.5,0,3,3.15027452,0,0,0,0,15.9304171,-1.2307868,8.65899086,8.45386696,0,13.352437,-1.2307868,10.4734497,0,,,,50
84353440,0.5,0,3,3.15027452,0,0,0,0,15.9395075,-1.2307868,8.65296268,8.44753265,0,13.3738813,-1.2307868,10.4734497,0,,,,50
84354575,0.5,0,3,3.12682009,0,0,0,0,15.9122372,0.534311593,8.64693546,8.44542122,0,13.3810291,0.534311593,10.3466301,0,,,,50
84355702,0.5,0,3,3.10492039,0,0,0,0,15.9304171,0.534311593,8.64090729,8.44330978,0,13.3595848,0.534311593,10.3466301,0,,,,50
84356833,0.5,0,3,3.13418889,0,0,0,0,15.9395075,0.939777136,8.63487911,8.44330978,0,13.3381405,0.939777136,10.2124405,0,,,,50
84357960,0.5,0.619047642,3,3.13418889,0.104761899,0.0644688606,0,0,15.9304171,0.939777136,8.47815609,8.39052582,0,13.3309927,0.939777136,10.2124405,0,,,,50
84359091,0.5,0.833333313,3,2.04658771,0.0402930379,0.00805860758,0,0,15.9304171,2.55706024,8.47212791,8.42219639,0,13.3238449,2.55706024,11.1658535,0,,,,50
84360217,0.5,0.769230783,3,2.13416553,0.0805860758,0.0241758227,0,0,15.9304171,2.55706024,8.36362648,8.39686012,0,13.3166971,2.55706024,11.1658535,0,,,,50
84361352,0.5,0.714285731,3,3.11948609,0.0805860758,0.0322344303,0,0,15.9258718,5.9811697,8.33951569,8.4074173,0,13.3238449,5.9811697,11.0463667,0,,,,50
84362479,0.5,0.714285731,3,3.11948609,0.120879114,0.0483516455,0,0,15.9349623,5.9811697,8.42089176,8.4074173,0,13.3238449,5.9811697,11.0463667,0,,,,50
84363813,0.5,0.574468076,3,3.10854912,0.217582405,0.161172152,0,0,15.9213276,8.29419041,8.36965466,8.33985329,0,13.3166971,8.29419041,10.9378176,0,,,,50
84364940,0.5,0.568627477,3,3.11704898,0.23369962,0.177289367,0,0,15.9258718,8.29419041,8.4058218,8.35885525,0,13.3166971,8.29419041,10.9378176,0,,,,50
84366070,0.5,0.541666687,3,3.1931355,0.314285696,0.26593405,0,0,15.9031467,8.53840351,8.31239033,8.30184937,0,13.2952528,8.53840351,10.7446823,0,,,,50
84367198,0.5,0.567567587,3,3.11218619,0.338461518,0.257875443,0,0,15.8940573,8.53840351,8.30636215,8.28284645,0,13.2952528,8.53840351,10.7446823,0,,,,50
84368328,0.5,0.523809552,3,3.06909442,0.354578733,0.322344303,0,0,15.8986015,7.56562805,8.27320957,8.28495789,0,13.3095493,7.56562805,10.6755877,0,,,,50
84369460,0.5,0.547368407,3,3.12559557,0.419047594,0.346520126,0,0,15.8895121,7.56562805,8.20388889,8.27440166,0,13.3024006,7.56562805,10.6755877,0,,,,50
84370590,0.5,0.506493509,3,3.12559557,0.314285696,0.306227088,0,0,15.8849669,6.11040115,8.32143211,8.30184937,0,13.3024006,6.11040115,10.5499916,0,,,,50
84371717,0.5,0.545454562,3,2.02631927,0.386813164,0.322344303,0,0,15.9031467,6.11040115,8.29430676,8.30184937,0,13.3095493,6.11040115,10.5499916,0,,,,50
84372847,0.5,0.535714269,3,2.12055421,0.362637341,0.314285696,0,0,15.907692,6.29359531,8.28526497,8.3039608,0,13.3166971,6.29359531,11.4294376,0,,,,50
84373974,0.5,0.536585391,3,2.12055421,0.354578733,0.306227088,0,0,15.8986015,6.29359531,8.26416779,8.28495789,0,13.3095493,6.29359531,11.4294376,0,,,,50
84375105,0.5,0.524999976,3,3.11461568,0.338461518,0.306227088,0,0,15.8895121,8.4701004,8.24306965,8.3039608,0,13.3024006,8.4701004,11.3148222,0,,,,50
84376231,0.5,0.539473712,3,3.15027452,0.330402911,0.282051265,0,0,15.8940573,8.4701004,8.29430676,8.28918076,0,13.2952528,8.4701004,11.3148222,0,,,,50
84377367,0.5,0.550000012,3,3.11826706,0.443223417,0.362637341,0,0,15.8849669,9.8371973,8.24909782,8.26806736,0,13.288105,9.8371973,11.1965551,0,,,,50
84378493,0.5,0.539822996,3,3.11826706,0.491575062,0.419047594,0,0,15.8849669,9.8371973,8.20087528,8.2490654,0,13.2952528,9.8371973,11.1965551,0,,,,50
84379623,0.5,0.529411793,3,2.02169895,0.652747214,0.580219746,0,0,15.8622417,11.6044292,8.05017948,8.1730566,0,13.288105,11.6044292,12.1748552,0,,,,50
84380750,0.5,0.52352941,3,2.02169895,0.717216074,0.652747214,0,0,15.8486061,11.6044292,7.9808588,8.14349747,0,13.2809572,11.6044292,12.1748552,0,,,,50
84381881,0.5,0.520618558,3,1.56310391,0.813919365,0.749450505,0,0,15.8122463,12,7.84221888,8.0632658,0,13.2666607,17.5840378,10.6034956,0,,,,50
84383007,0.5,0.522167444,3,2.14564276,0.854212403,0.781684935,0,0,15.7986107,12,7.80906582,8.0358181,0,13.2523651,17.5840378,10.6034956,0,,,,50
84384143,0.5,0.530805647,3,2.14564276,0.902564049,0.79780215,0,0,15.8031559,9.7652874,7.80002403,8.02315044,0,13.2595129,9.7652874,11.4578524,0,,,,50
84385474,0.5,0.529999971,3,3.13050032,0.854212403,0.757509112,0,0,15.8122463,9.7652874,7.84523249,8.05270958,0,13.2666607,9.7652874,11.4578524,0,,,,50
84386605,0.5,0.544378698,3,3.10250592,0.741391897,0.620512784,0,0,15.8486061,8.73458958,7.99291468,8.14138603,0,13.2738094,8.73458958,11.3553467,0,,,,50
84387732,0.5,0.541176498,3,3.12437177,0.741391897,0.628571391,0,0,15.8622417,8.73458958,7.99592876,8.14772034,0,13.2809572,8.73458958,11.3553467,0,,,,50
84388862,0.5,0.533742309,3,3.11461568,0.701098859,0.612454176,0,0,15.8622417,8.26260185,8.02606773,8.16038799,0,13.2952528,8.26260185,11.2407312,0,,,,50
84389989,0.5,0.544303775,3,3.11948609,0.693040252,0.580219746,0,0,15.8486061,8.26260185,8.01401234,8.16249943,0,13.2809572,8.26260185,11.2407312,0,,,,50
84391120,0.5,0.522058845,3,3.15027452,0.572161138,0.523809493,0,0,15.8486061,6.99788284,8.07730484,8.18150139,0,13.2809572,6.99788284,11.090456,0,,,,50
84392251,0.5,0.528000057,3,3.13418889,0.5318681,0.475457847,0,0,15.8622417,6.99788284,8.13758278,8.21528339,0,13.288105,6.99788284,11.090456,0,,,,50
84393382,0.5,0.545454562,3,3.14778924,0.5318681,0.443223417,0,0,15.8895121,5.24191761,8.17676353,8.2553997,0,13.3024006,5.24191761,10.942667,0,,,,50
84394508,0.5,0.547008574,3,3.14778924,0.515750885,0.427106202,0,0,15.8804216,5.24191761,8.17676353,8.24273109,0,13.3024006,5.24191761,10.942667,0,,,,50
84395639,0.5,0.546391726,3,3.11340046,0.427106202,0.354578733,0,0,15.8895121,3.33740807,8.21293068,8.26173306,0,13.3024006,3.33740807,10.8292665,0,,,,50
84396765,0.5,0.524999976,3,3.07027531,0.338461518,0.306227088,0,0,15.8895121,3.33740807,8.27320957,8.28073597,0,13.3024006,3.33740807,10.8292665,0,,,,50
84397896,0.5,0.578125,3,3.12192702,0.29816848,0.217582405,0,0,15.9122372,1.546404,8.35458469,8.32929707,0,13.3095493,1.546404,10.7073393,0,,,,50
84399022,0.5,0.54411763,3,3.15027452,0.29816848,0.249816835,0,0,15.9122372,1.546404,8.33348751,8.3250742,0,13.3166971,1.546404,10.7073393,0,,,,50
84400158,0.5,0.563636363,3,3.13912082,0.249816835,0.193406582,0,0,15.9213276,-0.0941780731,8.39075184,8.3525219,0,13.3238449,-0.0941780731,10.5682192,0,,,,50
84401284,0.5,0.606060624,3,3.1490314,0.161172152,0.104761899,0,0,15.9258718,-0.0941780731,8.36061287,8.37574673,0,13.3238449,-0.0941780731,10.5682192,0,,,,50
84402415,0.5,0.681818187,3,3.1490314,0.120879114,0.056410253,0,0,15.9395075,-1.63096106,8.51130867,8.4074173,0,13.3166971,-1.63096106,10.4191875,0,,,,50
84403541,0.5,0.727272749,3,3.15027452,0.128937721,0.0483516455,0,0,15.9349623,-1.63096106,8.50226688,8.42008495,0,13.3309927,-1.63096106,10.4191875,0,,,,50
84404672,0.5,1,3,3.15027452,0.00805860758,0,0,0,15.9395075,-3.0697484,8.61679649,8.45175552,0,13.3166971,-3.0697484,10.2689133,0,,,,50
84406003,0.5,1,3,3.1490314,0.0322344303,0,0,0,15.9485979,-3.0697484,8.60775471,8.45386696,0,13.3452892,-3.0697484,10.2689133,0,,,,50
84407133,0.5,0,3,3.1490314,0,0,0,0,15.9349623,-4.38275194,8.60474014,8.44964409,0,13.3452892,-4.38275194,10.1198816,0,,,,50
84408264,0.5,0,3,3.14778924,0,0,0,0,15.9395075,-4.38275194,8.59871292,8.44542122,0,13.3881769,-4.38275194,10.1198816,0,,,,50
84409395,0.5,0,3,3.14778924,0,0,0,0,15.9485979,-5.54559517,8.58665657,8.44330978,0,13.416769,-5.54559517,9.97209263,0,,,,50
84410521,0.5,0,3,2.05502081,0,0,0,0,15.9304171,-5.54559517,8.58967113,8.44330978,0,13.4668045,-5.54559517,9.97209263,0,,,,50
84411652,0.5,0,3,2.05502081,0,0,0,0,15.9258718,-4.52503157,8.58364296,8.44330978,0,13.5168409,-4.52503157,10.9170713,0,,,,50
84412778,0.5,0,3,1.57981491,0,0,0,0,15.9395075,-4.52503157,8.57460117,8.44330978,0,13.5740242,-4.52503157,10.9170713,0,,,,50
84413909,0.5,0,3,1.57981491,0,0,0,0,15.9440527,1.79852474,8.57158756,8.44119835,0,13.6097641,1.79852474,12.3372564,0,,,,50
84415041,0.5,0,3,1.57981491,0,0,0,0,15.9395075,1.79852474,8.5565176,8.43275356,0,13.6312084,1.79852474,12.3372564,0,,,,50
84416171,0.5,0,3,1.57981491,0,0,0,0,15.9349623,12,8.58364296,8.43908691,0,13.6097641,13.4127512,12.9963579,0,,,,50
84417297,0.5,0,3,1.57981491,0,0,0,0,15.9395075,12,8.58665657,8.43486404,0,13.5311365,13.4127512,12.9963579,0,,,,50
84418428,0.5,0,3,1.57669342,0,0,0,0,15.9531422,12,8.56555939,8.44119835,0,13.3024006,23.5516281,8.19652462,0,,,,50
84419555,0.5,0.542553186,3,1.57669342,0.410988986,0.346520126,0,0,15.9031467,12,8.20388889,8.24695396,0,13.3095493,23.5516281,8.19652462,0,,,,50
84420685,0.5,0.518518507,3,1.57700503,0.338461518,0.314285696,0,0,15.8849669,0.739115953,8.24909782,8.26806736,0,13.2952528,0.739115953,9.61951923,0,,,,50
84421812,0.5,0.547169805,3,1.57700503,0.46739924,0.386813164,0,0,15.8849669,0.739115953,8.18580532,8.24695396,0,13.3095493,0.739115953,9.61951923,0,,,,50
84422947,0.5,0.65625,3,1.57607055,0.169230759,0.0886446834,0,0,15.9349623,-4.00355577,8.47815609,8.39474869,0,13.3309927,-4.00355577,11.0434494,0,,,,50
84424073,0.5,0.875,3,2.17251444,0.056410253,0.00805860758,0,0,15.9395075,-4.00355577,8.57460117,8.43908691,0,13.3024006,-4.00355577,11.0434494,0,,,,50
84425204,0.5,0,3,3.12192702,0,0,0,0,15.9440527,-0.807381034,8.65597725,8.44964409,0,13.352437,-0.807381034,10.9215221,0,,,,50
84426331,0.5,0,3,3.12192702,0,0,0,0,15.9258718,-0.807381034,8.64994907,8.44753265,0,13.4024725,-0.807381034,10.9215221,0,,,,50
84427666,0.5,0,3,2.01557088,0,0,0,0,15.9576874,4.29049969,8.64693546,8.43908691,0,13.4239168,4.29049969,11.9059515,0,,,,50
84428793,0.5,0,3,2.14333749,0,0,0,0,15.9440527,4.29049969,8.62885189,8.43908691,0,13.4239168,4.29049969,11.9059515,0,,,,50
84429923,0.5,0,3,2.14333749,0,0,0,0,15.9531422,11.5524731,8.63487911,8.43697548,0,13.3095493,11.5524731,12.7626133,0,,,,50
84431054,0.5,0.605263174,3,3.13172889,0.185347974,0.120879114,0,0,15.9349623,11.5524731,8.39075184,8.36096668,0,13.3024006,11.5524731,12.7626133,0,,,,50
84432185,0.5,0.494252861,3,3.15151882,0.346520126,0.354578733,0,0,15.8849669,12,7.94469213,8.24484253,0,13.3024006,18.6112747,9.04944134,0,,,,50
84433311,0.5,0.532786906,3,3.11826706,0.523809493,0.459340632,0,0,15.866787,12,8.07730484,8.21106052,0,13.2809572,18.6112747,9.04944134,0,,,,50
84434442,0.5,0.51968503,3,3.07145715,0.5318681,0.491575062,0,0,15.8486061,1.63417912,8.09538841,8.18361282,0,13.2809572,1.63417912,8.97798443,0,,,,50
84435568,0.5,0.531468511,3,3.11948609,0.612454176,0.539926708,0,0,15.8486061,1.63417912,8.06826305,8.16883373,0,13.2738094,1.63417912,8.97798443,0,,,,50
84436699,0.5,0.53125,3,3.1490314,0.410988986,0.362637341,0,0,15.9395075,-8.78504658,8.32745934,8.32296276,0,13.3238449,-8.78504658,8.82895279,0,,,,50
84437825,0.5,0.578947365,3,3.10250592,0.177289367,0.128937721,0,0,15.9395075,-8.78504658,8.4178772,8.39474869,0,13.3309927,-8.78504658,8.82895279,0,,,,50
84438961,0.5,0,3,3.06555724,0,0,0,0,15.9395075,-12,8.66200447,8.45386696,0,13.4453611,-14.7544813,10.2473011,0,,,,50
84440087,0.5,0,3,3.06555724,0,0,0,0,15.9349623,-12,8.67104626,8.45175552,0,13.645504,-14.7544813,10.2473011,0,,,,50
84441217,0.5,0,3,3.06437993,0,0,0,0,15.9395075,-9.09149265,8.66501904,8.44119835,0,13.8885355,-9.09149265,10.1829214,0,,,,50
84442344,0.5,0,3,3.06909442,0,0,0,0,15.9576874,-9.09149265,8.65899086,8.43908691,0,14.1172714,-9.09149265,10.1829214,0,,,,50
84443475,0.5,0,3,3.09408498,0,0,0,0,15.9167824,-5.51565647,8.65296268,8.43908691,0,14.2888231,-5.51565647,10.0888367,0,,,,50
84444602,0.5,0,3,3.09408498,0,0,0,0,15.9440527,-5.51565647,8.6439209,8.43908691,0,14.4246349,-5.51565647,10.0888367,0,,,,50
84445737,0.5,0,3,2.01201344,0,0,0,0,15.9485979,-1.44826889,8.62885189,8.43697548,0,14.4889669,-1.44826889,11.0768232,0,,,,50
84446863,0.5,0,3,2.12394071,0,0,0,0,15.9213276,-1.44826889,8.63487911,8.43697548,0,14.5604467,-1.44826889,11.0768232,0,,,,50
84448198,0.5,0,3,3.11097288,0,0,0,0,15.9576874,3.78410387,8.60474014,8.43697548,0,14.5675945,3.78410387,10.9658499,0,,,,50
84449325,0.5,0,3,3.07145715,0,0,0,0,15.9213276,3.78410387,8.6198101,8.43697548,0,14.5675945,3.78410387,10.9658499,0,,,,50
84450455,0.5,0,3,3.07145715,0,0,0,0,15.9395075,7.39396334,8.61378193,8.43697548,0,14.4961147,7.39396334,10.894393,0,,,,50
84451582,0.5,0,3,3.10976052,0,0,0,0,15.9440527,7.39396334,8.60474014,8.43697548,0,14.4031906,7.39396334,10.894393,0,,,,50
84452713,0.5,0,3,3.06909442,0,0,0,0,15.9576874,8.77573872,8.60172653,8.43697548,0,14.2387867,8.77573872,10.8252983,0,,,,50
84453844,0.5,0,3,3.0157392,0,0,0,0,15.9304171,8.77573872,8.59871292,8.43697548,0,14.0529394,8.77573872,10.8252983,0,,,,50
84454975,0.5,0,3,3.07027531,0,0,0,0,15.9304171,8.83358669,8.58967113,8.43486404,0,13.7884636,8.83358669,10.755023,0,,,,50
84456101,0.5,0,3,3.084517,0,0,0,0,15.9395075,8.83358669,8.58364296,8.43486404,0,13.4453611,8.83358669,10.755023,0,,,,50
84457232,0.5,0.506172836,3,3.06909442,0.330402911,0.322344303,0,0,15.8304262,8.11822701,8.08936024,8.19839287,0,13.288105,8.11822701,10.6859283,0,,,,50
84458358,0.5,0.555555582,3,3.06909442,0.443223417,0.354578733,0,0,15.8849669,8.11822701,7.87235785,8.25328827,0,13.3024006,8.11822701,10.6859283,0,,,,50
84459489,0.5,0.548076928,3,3.07382345,0.459340632,0.378754556,0,0,15.8986015,6.98881721,8.14662457,8.26595592,0,13.3095493,6.98881721,10.6121054,0,,,,50
84460616,0.5,0.519607842,3,3.03062868,0.427106202,0.394871771,0,0,15.8895121,6.98881721,8.20087528,8.2490654,0,13.3095493,6.98881721,10.6121054,0,,,,50
84461751,0.5,0.533980608,3,3.10130024,0.443223417,0.386813164,0,0,15.8849669,5.62254572,8.19484711,8.24695396,0,13.2952528,5.62254572,10.5108042,0,,,,50
84462877,0.5,0.520661175,3,3.10976052,0.507692277,0.46739924,0,0,15.8622417,5.62254572,8.1315546,8.20261574,0,13.288105,5.62254572,10.5108042,0,,,,50
84464008,0.5,0.546296299,3,3.03755069,0.475457847,0.394871771,0,0,15.8895121,4.23263454,8.19484711,8.2490654,0,13.3095493,4.23263454,10.4732542,0,,,,50
84465134,0.5,0.552941203,3,3.06791449,0.378754556,0.306227088,0,0,15.8895121,4.23263454,8.29430676,8.30607224,0,13.3095493,4.23263454,10.4732542,0,,,,50
84466265,0.5,0.532258093,3,3.06791449,0.26593405,0.23369962,0,0,15.907692,3.01331925,8.33951569,8.31029415,0,13.3095493,3.01331925,10.4053392,0,,,,50
84467392,0.5,0.561403513,3,3.0585072,0.257875443,0.201465189,0,0,15.9031467,3.01331925,8.37568283,8.31873989,0,13.3095493,3.01331925,10.4053392,0,,,,50
84468523,0.5,0.55384618,3,3.0585072,0.290109873,0.23369962,0,0,15.8849669,1.96267855,8.31239033,8.28706932,0,13.3024006,1.96267855,10.3468323,0,,,,50
84469858,0.5,0.555555582,3,1.97858787,0.362637341,0.290109873,0,0,15.8804216,1.96267855,8.32745934,8.25751019,0,13.3024006,1.96267855,10.3468323,0,,,,50
84470988,0.5,0.515151501,3,1.97858787,0.410988986,0.386813164,0,0,15.8940573,3.07111764,8.29430676,8.26384449,0,13.3024006,3.07111764,11.3682442,0,,,,50
84472115,0.5,0.537500024,3,1.51790857,0.346520126,0.29816848,0,0,15.9122372,3.07111764,8.31239033,8.31029415,0,13.3166971,3.07111764,11.3682442,0,,,,50
84473246,0.5,0.536231875,3,2.08019948,0.29816848,0.257875443,0,0,15.907692,8.36962128,8.31841755,8.31029415,0,13.3166971,8.36962128,12.2880449,0,,,,50
84474373,0.5,0.631578922,3,3.06320357,0.193406582,0.112820506,0,0,15.9304171,8.36962128,8.49623966,8.37785816,0,13.3166971,8.36962128,12.2880449,0,,,,50
84475503,0.5,0.534246564,3,3.07145715,0.314285696,0.273992658,0,0,15.9031467,12,8.28225136,8.2976265,0,13.3095493,14.8260193,10.6941433,0,,,,50
84476635,0.5,0.563218415,3,3.07145715,0.394871771,0.306227088,0,0,15.8895121,12,8.17676353,8.26384449,0,13.3024006,14.8260193,10.6941433,0,,,,50
84477765,0.5,0.534482777,3,3.03986502,0.49963367,0.435164809,0,0,15.8713312,9.82856464,8.14361095,8.2216177,0,13.288105,9.82856464,10.6542778,0,,,,50
84478892,0.5,0.534722209,3,3.03986502,0.620512784,0.539926708,0,0,15.8713312,9.82856464,8.08031845,8.18572426,0,13.288105,9.82856464,10.6542778,0,,,,50
84480023,0.5,0.528169036,3,1.97858787,0.604395568,0.539926708,0,0,15.866787,8.2401638,8.07730484,8.18994713,0,13.288105,8.2401638,11.6756897,0,,,,50
84481149,0.5,0.524475515,3,2.07749176,0.604395568,0.547985315,0,0,15.8576965,8.2401638,8.05922127,8.18150139,0,13.288105,8.2401638,11.6756897,0,,,,50
84482279,0.5,0.53435111,3,3.04915762,0.56410253,0.491575062,0,0,15.8531513,9.90917206,8.08333206,8.18572426,0,13.2809572,9.90917206,11.6265326,0,,,,50
84483406,0.5,0.53435111,3,3.06909442,0.56410253,0.491575062,0,0,15.8531513,9.90917206,8.10141563,8.18783569,0,13.2738094,9.90917206,11.6265326,0,,,,50
84484541,0.5,0.542168677,3,3.06909442,0.725274682,0.612454176,0,0,15.8531513,11.3282413,7.98688698,8.14138603,0,13.288105,11.3282413,11.5574379,0,,,,50
84485667,0.5,0.524861872,3,3.06202817,0.76556772,0.693040252,0,0,15.8531513,11.3282413,7.94770575,8.1118269,0,13.288105,11.3282413,11.5574379,0,,,,50
84486798,0.5,0.521739125,3,3.06909442,0.773626328,0.709157467,0,0,15.8213358,11.3052702,7.89646912,8.08015633,0,13.2666607,11.3052702,11.4883432,0,,,,50
84487925,0.5,0.539877295,3,3.0809443,0.709157467,0.604395568,0,0,15.8486061,11.3052702,8.01401234,8.14983177,0,13.2666607,11.3052702,11.4883432,0,,,,50
84489055,0.5,0.52976191,3,3.06791449,0.717216074,0.636629999,0,0,15.8576965,10.4374857,7.98688698,8.15194321,0,13.2809572,10.4374857,11.4204283,0,,,,50
84490386,0.5,0.52976191,3,3.10492039,0.717216074,0.636629999,0,0,15.8531513,10.4374857,7.97784519,8.14772034,0,13.288105,10.4374857,11.4204283,0,,,,50
84491516,0.5,0.524999976,3,3.14778924,0.676923037,0.612454176,0,0,15.8531513,8.98782825,7.98688698,8.15616512,0,13.288105,8.98782825,11.2726393,0,,,,50
84492648,0.5,0.526666641,3,3.10612893,0.636629999,0.572161138,0,0,15.8395166,8.98782825,8.03812313,8.16461086,0,13.2738094,8.98782825,11.2726393,0,,,,50
84493778,0.5,0.520547926,3,3.10612893,0.612454176,0.56410253,0,0,15.8713312,7.13099098,8.07429028,8.18361282,0,13.288105,7.13099098,11.1665106,0,,,,50
84494905,0.5,0.540540516,3,2.01608014,0.644688606,0.547985315,0,0,15.866787,7.13099098,8.06524849,8.18361282,0,13.2952528,7.13099098,11.1665106,0,,,,50
84496035,0.5,0.538461566,3,2.01608014,0.56410253,0.483516455,0,0,15.8713312,7.20820904,8.1044302,8.20894909,0,13.288105,7.20820904,12.1504297,0,,,,50
84497162,0.5,0.53773582,3,2.12904096,0.459340632,0.394871771,0,0,15.8758764,7.20820904,8.1797781,8.24695396,0,13.288105,7.20820904,12.1504297,0,,,,50
84498292,0.5,0.542056084,3,3.10130024,0.46739924,0.394871771,0,0,15.8940573,9.64626789,8.20087528,8.25962162,0,13.3024006,9.64626789,12.0491295,0,,,,50
84499419,0.5,0.531531513,3,3.1490314,0.475457847,0.419047594,0,0,15.8849669,9.64626789,8.17374992,8.25328827,0,13.3024006,9.64626789,12.0491295,0,,,,50
84500555,0.5,0.520661175,3,3.16150784,0.507692277,0.46739924,0,0,15.8576965,11.1925039,8.13758278,8.20683765,0,13.2809572,11.1925039,11.8876219,0,,,,50
84501681,0.5,0.536000013,3,3.10492039,0.539926708,0.46739924,0,0,15.8758764,11.1925039,8.15265274,8.22584057,0,13.288105,11.1925039,11.8876219,0,,,,50
84502812,0.5,0.541935444,3,3.15900469,0.676923037,0.572161138,0,0,15.8531513,10.7853165,8.01099777,8.1667223,0,13.2809572,10.7853165,11.7286167,0,,,,50
84503938,0.5,0.536144555,3,3.19697332,0.717216074,0.620512784,0,0,15.8395166,10.7853165,7.95373392,8.12871838,0,13.2738094,10.7853165,11.7286167,0,,,,50
84505069,0.5,0.532051265,3,3.19697332,0.668864429,0.588278353,0,0,15.8440609,9.14775562,8.01702595,8.1456089,0,13.2523651,9.14775562,11.5316429,0,,,,50
84506195,0.5,0.543209851,3,2.99423838,0.709157467,0.596336961,0,0,15.8622417,9.14775562,8.02305412,8.15827656,0,13.288105,9.14775562,11.5316429,0,,,,50
84507331,0.5,0.537974656,3,2.99199295,0.684981644,0.588278353,0,0,15.8622417,7.16378307,8.0411377,8.16249943,0,13.288105,7.16378307,11.53965,0,,,,50
84508457,0.5,0.5289855,3,3.18803263,0.588278353,0.523809493,0,0,15.8576965,7.16378307,8.06826305,8.17939091,0,13.288105,7.16378307,11.53965,0,,,,50
84509588,0.5,0.539130449,3,3.23455429,0.49963367,0.427106202,0,0,15.8895121,5.20722008,8.16169453,8.2490654,0,13.3024006,5.20722008,11.3050957,0,,,,50
84510919,0.5,0.53773582,3,3.13542056,0.459340632,0.394871771,0,0,15.8895121,5.20722008,8.20690346,8.25117683,0,13.3024006,5.20722008,11.3050957,0,,,,50
84512050,0.5,0.516483545,3,3.06909442,0.378754556,0.354578733,0,0,15.8986015,3.19749475,8.26416779,8.26173306,0,13.3095493,3.19749475,11.236002,0,,,,50
84513176,0.5,0.569230795,3,3.16276097,0.29816848,0.225641012,0,0,15.9122372,3.19749475,8.32444572,8.32296276,0,13.3166971,3.19749475,11.236002,0,,,,50
84514307,0.5,0.555555582,3,3.16276097,0.241758227,0.193406582,0,0,15.9304171,1.3250668,8.38472462,8.34618759,0,13.3238449,1.3250668,11.0732403,0,,,,50
84515438,0.5,0.574468076,3,2.06887364,0.217582405,0.161172152,0,0,15.9213276,1.3250668,8.3937664,8.35463333,0,13.3166971,1.3250668,11.0732403,0,,,,50
84516569,0.5,0.692307711,3,2.18740273,0.145054936,0.0644688606,0,0,15.9349623,1.3567853,8.47514153,8.41375065,0,13.3238449,1.3567853,11.8858376,0,,,,50
84517696,0.5,0.629629612,3,2.18740273,0.136996329,0.0805860758,0,0,15.9304171,1.3567853,8.43294716,8.39474869,0,13.3309927,1.3567853,11.8858376,0,,,,50
84518826,0.5,0.666666687,3,3.15151882,0.112820506,0.056410253,0,0,15.9258718,3.4710269,8.44801617,8.39897156,0,13.3238449,3.4710269,11.7343187,0,,,,50
84519953,0.5,0.777777791,3,3.15151882,0.112820506,0.0322344303,0,0,15.9349623,3.4710269,8.50829506,8.43697548,0,13.3238449,3.4710269,11.7343187,0,,,,50
84521083,0.5,0.600000024,3,2.04606295,0.193406582,0.128937721,0,0,15.9349623,6.94318533,8.50829506,8.36730099,0,13.3024006,6.94318533,12.6882563,0,,,,50
84522210,0.5,0.612903237,3,2.20981598,0.153113544,0.0967032909,0,0,15.9304171,6.94318533,8.24909782,8.38208103,0,13.3238449,6.94318533,12.6882563,0,,,,50
84523345,0.5,0.571428597,3,3.17787552,0.290109873,0.217582405,0,0,15.9122372,11.1088495,8.31841755,8.32929707,0,13.3166971,11.1088495,12.5103807,0,,,,50
84524472,0.5,0.546666682,3,3.1490314,0.330402911,0.273992658,0,0,15.9031467,11.1088495,8.31239033,8.31240559,0,13.3095493,11.1088495,12.5103807,0,,,,50
84525602,0.5,0.551020384,3,3.17282104,0.435164809,0.354578733,0,0,15.866787,12,8.20087528,8.25117683,0,13.288105,13.3166914,11.6282263,0,,,,50
84526729,0.5,0.546153843,3,3.23586607,0.572161138,0.475457847,0,0,15.8758764,12,8.12552738,8.22372913,0,13.288105,13.3166914,11.6282263,0,,,,50
84527859,0.5,0.529411793,3,3.16025567,0.652747214,0.580219746,0,0,15.8576965,8.97742367,8.02305412,8.16883373,0,13.288105,8.97742367,11.4679699,0,,,,50
84528986,0.5,0.523255825,3,3.15027452,0.725274682,0.660805821,0,0,15.8349714,8.97742367,7.95373392,8.12238407,0,13.2809572,8.97742367,11.4679699,0,,,,50
84530121,0.5,0.517730534,3,3.15027452,0.588278353,0.547985315,0,0,15.8531513,5.24322653,8.05922127,8.17939091,0,13.288105,5.24322653,11.3176956,0,,,,50
84531247,0.5,0.53174603,3,3.16652584,0.539926708,0.475457847,0,0,15.8576965,5.24322653,8.12251282,8.21106052,0,13.2809572,5.24322653,11.3176956,0,,,,50
84532582,0.5,0.563636363,3,3.16652584,0.49963367,0.386813164,0,0,15.8804216,2.09375119,8.1918335,8.25751019,0,13.2952528,2.09375119,11.1511698,0,,,,50
84533708,0.5,0.53773582,3,2.01150608,0.459340632,0.394871771,0,0,15.8940573,2.09375119,8.20690346,8.26173306,0,13.3095493,2.09375119,11.1511698,0,,,,50
84534840,0.5,0.566265047,3,2.19885516,0.378754556,0.290109873,0,0,15.907692,1.22224748,8.30334854,8.31662846,0,13.3095493,1.22224748,11.9523153,0,,,,50
84535966,0.5,0.549019635,3,3.19185829,0.225641012,0.185347974,0,0,15.9167824,1.22224748,8.40280819,8.34196472,0,13.3166971,1.22224748,11.9523153,0,,,,50
84537098,0.5,0.600000024,3,3.1490314,0.169230759,0.112820506,0,0,15.9349623,2.79210615,8.45404434,8.39263725,0,13.3238449,2.79210615,11.8032837,0,,,,50
84538229,0.5,0.680000007,3,3.1931355,0.136996329,0.0644688606,0,0,15.9349623,2.79210615,8.47815609,8.40319443,0,13.3238449,2.79210615,11.8032837,0,,,,50
84539360,0.5,0.607142866,3,3.1931355,0.136996329,0.0886446834,0,0,15.9304171,3.85981989,8.43596077,8.36518955,0,13.3238449,3.85981989,11.6101475,0,,,,50
84540486,0.5,0.666666687,3,2.05185008,0.145054936,0.0725274682,0,0,15.9349623,3.85981989,8.46609974,8.39686012,0,13.3166971,3.85981989,11.6101475,0,,,,50
84541617,0.5,0.638888896,3,2.19522572,0.185347974,0.104761899,0,0,15.9258718,5.26603365,8.41184998,8.39474869,0,13.3238449,5.26603365,12.4149218,0,,,,50
84542744,0.5,0.558139563,3,2.19522572,0.193406582,0.153113544,0,0,15.9167824,5.26603365,8.38773823,8.35041046,0,13.3238449,5.26603365,12.4149218,0,,,,50
84543874,0.5,0.551020384,3,3.19058204,0.217582405,0.177289367,0,0,15.9167824,7.83273935,8.39979362,8.34618759,0,13.3166971,7.83273935,12.2243404,0,,,,50
84545001,0.5,0.54838711,3,3.19058204,0.273992658,0.225641012,0,0,15.9213276,7.83273935,8.31841755,8.3314085,0,13.3166971,7.83273935,12.2243404,0,,,,50
84546136,0.5,0.581081092,3,2.03874445,0.346520126,0.249816835,0,0,15.8895121,11.212635,8.36664104,8.27229023,0,13.3024006,11.212635,13.1855955,0,,,,50
84547262,0.5,0.571428597,3,2.210428,0.386813164,0.290109873,0,0,15.8804216,11.212635,8.27019501,8.26173306,0,13.2952528,11.212635,13.1855955,0,,,,50
84548393,0.5,0.528000057,3,3.16904092,0.5318681,0.475457847,0,0,15.8713312,12,8.11347103,8.21739483,0,13.2809572,15.0804691,11.3570318,0,,,,50
84549520,0.5,0.532894731,3,3.16904092,0.652747214,0.572161138,0,0,15.8576965,12,8.01401234,8.17094517,0,13.2666607,15.0804691,11.3570318,0,,,,50
84550650,0.5,0.534482777,3,2.02837944,0.749450505,0.652747214,0,0,15.8349714,9.47734451,7.91756678,8.10971546,0,13.2809572,9.47734451,12.3286524,0,,,,50
84551776,0.5,0.522222221,3,2.19582987,0.757509112,0.693040252,0,0,15.8167906,9.47734451,7.8994832,8.0907135,0,13.2738094,9.47734451,12.3286524,0,,,,50
84553111,0.5,0.541401327,3,3.17914152,0.684981644,0.580219746,0,0,15.8349714,8.26016617,7.9808588,8.13716316,0,13.2738094,8.26016617,12.1495104,0,,,,50
84554242,0.5,0.541935444,3,3.23455429,0.676923037,0.572161138,0,0,15.8622417,8.26016617,8.05017948,8.16883373,0,13.288105,8.26016617,12.1495104,0,,,,50
84555373,0.5,0.544871807,3,3.23455429,0.684981644,0.572161138,0,0,15.8713312,7.42444468,8.05922127,8.1730566,0,13.3024006,7.42444468,11.9149561,0,,,,50
84556499,0.5,0.537931085,3,3.16652584,0.628571391,0.539926708,0,0,15.866787,7.42444468,8.07127666,8.18783569,0,13.2952528,7.42444468,11.9149561,0,,,,50
84557630,0.5,0.530973434,3,3.1490314,0.483516455,0.427106202,0,0,15.8758764,5.59890699,8.15867996,8.23217392,0,13.2952528,5.59890699,11.7659245,0,,,,50
84558756,0.5,0.538461566,3,3.2124176,0.451282024,0.386813164,0,0,15.8940573,5.59890699,8.21895885,8.25962162,0,13.3024006,5.59890699,11.7659245,0,,,,50
84559887,0.5,0.5625,3,3.15027452,0.435164809,0.338461518,0,0,15.8986015,3.50290895,8.12854099,8.27862453,0,13.3095493,3.50290895,11.6156502,0,,,,50
84561018,0.5,0.524390221,3,3.17661047,0.346520126,0.314285696,0,0,15.8940573,3.50290895,8.26416779,8.28918076,0,13.3095493,3.50290895,11.6156502,0,,,,50
84562149,0.5,0.563636363,3,3.17661047,0.249816835,0.193406582,0,0,15.9167824,1.41257691,8.37266827,8.33774185,0,13.3095493,1.41257691,11.4390392,0,,,,50
84563275,0.5,0.589285731,3,2.06887364,0.26593405,0.185347974,0,0,15.9258718,1.41257691,8.37568283,8.35041046,0,13.3238449,1.41257691,11.4390392,0,,,,50
84564406,0.5,0.553191483,3,2.2326932,0.209523797,0.169230759,0,0,15.9258718,1.11951613,8.43294716,8.35674477,0,13.3166971,1.11951613,12.2063465,0,,,,50
84565532,0.5,0.620689631,3,3.20596433,0.145054936,0.0886446834,0,0,15.9258718,1.11951613,8.29732037,8.37785816,0,13.3238449,1.11951613,12.2063465,0,,,,50
84566663,0.5,0.645161271,3,3.1490314,0.161172152,0.0886446834,0,0,15.9349623,2.93509388,8.44198895,8.40952778,0,13.3238449,2.93509388,12.0573149,0,,,,50
84567790,0.5,0.639999986,3,3.1490314,0.128937721,0.0725274682,0,0,15.9304171,2.93509388,8.48719788,8.39263725,0,13.3166971,2.93509388,12.0573149,0,,,,50
84568925,0.5,0.600000024,3,3.16652584,0.145054936,0.0967032909,0,0,15.9258718,4.16245794,8.47514153,8.37785816,0,13.3238449,4.16245794,11.890789,0,,,,50
84570052,0.5,0.692307711,3,3.16652584,0.217582405,0.0967032909,0,0,15.9349623,4.16245794,8.30636215,8.38841438,0,13.3095493,4.16245794,11.890789,0,,,,50
84571182,0.5,0.577777803,3,2.04763794,0.209523797,0.153113544,0,0,15.9213276,6.00746489,8.38773823,8.36518955,0,13.3166971,6.00746489,12.8431511,0,,,,50
84572309,0.5,0.605263174,3,2.19522572,0.185347974,0.120879114,0,0,15.9167824,6.00746489,8.38472462,8.35463333,0,13.3166971,6.00746489,12.8431511,0,,,,50
84573440,0.5,0.593220353,3,3.18930674,0.282051265,0.193406582,0,0,15.9213276,9.26221466,8.36664104,8.34618759,0,13.3166971,9.26221466,12.6538439,0,,,,50
84574770,0.5,0.558823526,3,3.1931355,0.306227088,0.241758227,0,0,15.9031467,9.26221466,8.31841755,8.31662846,0,13.3095493,9.26221466,12.6538439,0,,,,50
84575901,0.5,0.525252521,3,3.20339012,0.419047594,0.378754556,0,0,15.8804216,10.9712324,8.18881989,8.2490654,0,13.2952528,10.9712324,12.4504538,0,,,,50
84577032,0.5,0.538461566,3,3.23455429,0.451282024,0.386813164,0,0,15.8713312,10.9712324,8.20690346,8.24695396,0,13.288105,10.9712324,12.4504538,0,,,,50
84578163,0.5,0.53435111,3,3.20210505,0.56410253,0.491575062,0,0,15.8713312,10.4058733,8.1044302,8.21528339,0,13.288105,10.4058733,12.2483492,0,,,,50
84579290,0.5,0.533333361,3,3.23586607,0.644688606,0.56410253,0,0,15.8622417,10.4058733,8.05017948,8.17939091,0,13.2952528,10.4058733,12.2483492,0,,,,50
84580420,0.5,0.525316477,3,3.23586607,0.668864429,0.604395568,0,0,15.8440609,8.48469353,7.99291468,8.16249943,0,13.2809572,8.48469353,12.0124826,0,,,,50
84581547,0.5,0.538461566,3,3.19185829,0.676923037,0.580219746,0,0,15.8395166,8.48469353,7.97181749,8.14138603,0,13.2809572,8.48469353,12.0124826,0,,,,50
84582677,0.5,0.527397275,3,3.1490314,0.620512784,0.556043923,0,0,15.8440609,5.95059586,8.04716492,8.16883373,0,13.2809572,5.95059586,11.863451,0,,,,50
84583804,0.5,0.539473712,3,3.20725298,0.660805821,0.56410253,0,0,15.866787,5.95059586,8.05017948,8.17094517,0,13.288105,5.95059586,11.863451,0,,,,50
84584939,0.5,0.536764681,3,3.23586607,0.588278353,0.507692277,0,0,15.8804216,3.26581025,8.11347103,8.21317196,0,13.288105,3.26581025,11.6275854,0,,,,50
84586066,0.5,0.538461566,3,3.24112344,0.507692277,0.435164809,0,0,15.8849669,3.26581025,8.17073631,8.24061966,0,13.288105,3.26581025,11.6275854,0,,,,50
84587196,0.5,0.557142854,3,3.23455429,0.314285696,0.249816835,0,0,15.907692,0.491134554,8.33348751,8.32085133,0,13.3095493,0.491134554,11.3930311,0,,,,50
84588323,0.5,0.581818163,3,3.28380466,0.257875443,0.185347974,0,0,15.9258718,0.491134554,8.39075184,8.35463333,0,13.3238449,0.491134554,11.3930311,0,,,,50
84589453,0.5,0.571428597,3,3.23455429,0.128937721,0.0967032909,0,0,15.9349623,-2.26490974,8.4691143,8.39474869,0,13.3238449,-2.26490974,11.1584768,0,,,,50
84590580,0.5,0.714285731,3,3.20467663,0.0805860758,0.0322344303,0,0,15.9258718,-2.26490974,8.51130867,8.42641926,0,13.3238449,-2.26490974,11.1584768,0,,,,50
84591715,0.5,1,3,3.23455429,0.0402930379,0,0,0,15.9531422,-4.84943295,8.59871292,8.44542122,0,13.3309927,-4.84943295,10.9239225,0,,,,50
84592842,0.5,1,3,3.27034664,0.00805860758,0,0,0,15.9304171,-4.84943295,8.61378193,8.45808983,0,13.3309927,-4.84943295,10.9239225,0,,,,50
84593972,0.5,0,3,3.2332437,0,0,0,0,15.9485979,-7.18470287,8.60474014,8.44964409,0,13.3881769,-7.18470287,10.6906786,0,,,,50
84595303,0.5,0,3,3.18167686,0,0,0,0,15.9395075,-7.18470287,8.61378193,8.44542122,0,13.4668045,-7.18470287,10.6906786,0,,,,50
84596434,0.5,0,3,3.32346773,0,0,0,0,15.9531422,-9.40773773,8.60775471,8.44330978,0,13.5454321,-9.40773773,10.3672113,0,,,,50
84597560,0.5,0,3,3.32346773,0,0,0,0,15.9440527,-9.40773773,8.60172653,8.44119835,0,13.6383562,-9.40773773,10.3672113,0,,,,50
84598690,0.5,0,3,3.25832796,0,0,0,0,15.9531422,-11.585845,8.59569836,8.44330978,0,13.7312803,-11.585845,10.1088839,0,,,,50
84599822,0.5,0,3,3.23455429,0,0,0,0,15.9349623,-11.585845,8.58967113,8.44330978,0,13.8170557,-11.585845,10.1088839,0,,,,50
84600953,0.5,0,3,3.2124176,0,0,0,0,15.9304171,-12,8.58364296,8.43697548,0,13.8813877,-13.43999,10.6722231,0,,,,50
84602079,0.5,0,3,3.23586607,0,0,0,0,15.9304171,-12,8.57460117,8.44330978,0,13.902832,-13.43999,10.6722231,0,,,,50
84603210,0.5,0,3,3.2437582,0,0,0,0,15.9440527,-10.3840227,8.57158756,8.44330978,0,13.9528675,-10.3840227,10.4284649,0,,,,50
84604336,0.5,0,3,3.2437582,0,0,0,0,15.9485979,-10.3840227,8.56254578,8.44119835,0,13.9600153,-10.3840227,10.4284649,0,,,,50
84605467,0.5,0,3,2.03978658,0,0,0,0,15.9531422,-6.9430728,8.55953121,8.44119835,0,13.9600153,-6.9430728,11.3886786,0,,,,50
84606593,0.5,0,3,2.23206854,0,0,0,0,15.9395075,-6.9430728,8.55350399,8.44119835,0,13.9957552,-6.9430728,11.3886786,0,,,,50
84607728,0.5,0,3,3.22670674,0,0,0,0,15.9304171,-2.18666601,8.568573,8.43908691,0,14.1816034,-2.18666601,11.161972,0,,,,50
84608855,0.5,0,3,3.23586607,0,0,0,0,15.9349623,-2.18666601,8.58364296,8.43908691,0,14.4031906,-2.18666601,11.161972,0,,,,50
84609986,0.5,0,3,3.23586607,0,0,0,0,15.9531422,0.847261965,8.58665657,8.43908691,0,14.553299,0.847261965,10.9261055,0,,,,50
84611112,0.5,0,3,3.20467663,0,0,0,0,15.9576874,0.847261965,8.56555939,8.44330978,0,14.6033344,0.847261965,10.9261055,0,,,,50
84612243,0.5,0,3,3.23455429,0,0,0,0,15.9349623,1.38439405,8.58665657,8.43908691,0,14.5604467,1.38439405,10.6915512,0,,,,50
84613369,0.5,0,3,3.25566912,0,0,0,0,15.9440527,1.38439405,8.58364296,8.43697548,0,14.5032625,1.38439405,10.6915512,0,,,,50
84614500,0.5,0,3,3.15151882,0,0,0,0,15.9213276,0.587072492,8.58665657,8.43697548,0,14.4389305,0.587072492,10.5400324,0,,,,50
84615835,0.5,0,3,3.16778278,0,0,0,0,15.9122372,0.587072492,8.58665657,8.43697548,0,14.3531551,0.587072492,10.5400324,0,,,,50
84616966,0.5,0,3,3.16778278,0,0,0,0,15.9531422,-0.730647564,8.58665657,8.43697548,0,14.3102674,-0.730647564,10.3722496,0,,,,50
84618092,0.5,0,3,2.05237794,0,0,0,0,15.9576874,-0.730647564,8.58665657,8.43275356,0,14.2459354,-0.730647564,10.3722496,0,,,,50
84619223,0.5,0,3,2.20371318,0,0,0,0,15.9395075,-0.448060483,8.58665657,8.43697548,0,14.2101955,-0.448060483,11.1685371,0,,,,50
84620349,0.5,0,3,3.15151882,0,0,0,0,15.9304171,-0.448060483,8.58665657,8.43697548,0,14.1816034,-0.448060483,11.1685371,0,,,,50
84621480,0.5,0,3,3.15027452,0,0,0,0,15.9258718,1.80614352,8.58665657,8.43697548,0,14.1530113,1.80614352,11.0182619,0,,,,50
84622611,0.5,0,3,3.15027452,0,0,0,0,15.9167824,1.80614352,8.58364296,8.43486404,0,14.1172714,1.80614352,11.0182619,0,,,,50
84623742,0.5,0,3,3.15650535,0,0,0,0,15.9167824,3.31947422,8.58665657,8.43697548,0,14.0672359,3.31947422,10.8617573,0,,,,50
84624868,0.5,0,3,3.14778924,0,0,0,0,15.9395075,3.31947422,8.58364296,8.43697548,0,13.9814596,3.31947422,10.8617573,0,,,,50
84625999,0.5,0,3,3.16526985,0,0,0,0,15.9167824,3.25185752,8.58665657,8.43697548,0,13.9242754,3.25185752,10.6964874,0,,,,50
84627125,0.5,0,3,3.16526985,0,0,0,0,15.9258718,3.25185752,8.58665657,8.43697548,0,13.8313522,3.25185752,10.6964874,0,,,,50
84628256,0.5,0,3,2.02992773,0,0,0,0,15.9213276,4.34805632,8.58665657,8.43697548,0,13.7598724,4.34805632,11.6665592,0,,,,50
84629383,0.5,0,3,2.02992773,0,0,0,0,15.9213276,4.34805632,8.58665657,8.43486404,0,13.6812439,4.34805632,11.6665592,0,,,,50
84630518,0.5,0,3,1.57110572,0,0,0,0,15.9213276,10.2374802,8.58665657,8.43486404,0,13.5597286,10.2374802,13.0954533,0,,,,50
84631645,0.5,0,3,2.13759589,0,0,0,0,15.9395075,10.2374802,8.58665657,8.42853069,0,13.3953247,10.2374802,13.0954533,0,,,,50
84632775,0.5,0.613333344,3,2.13759589,0.370695949,0.23369962,0,0,15.866787,12,8.12552738,8.20683765,0,13.2952528,20.097044,9.59578514,0,,,,50
84633901,0.5,0.534482777,3,3.12192702,0.49963367,0.435164809,0,0,15.8804216,12,8.09237385,8.22584057,0,13.2952528,20.097044,9.59578514,0,,,,50
84635032,0.5,0.532467544,3,3.14778924,0.660805821,0.580219746,0,0,15.8622417,3.47807145,8.01702595,8.1667223,0,13.2809572,3.47807145,9.44799614,0,,,,50
84636159,0.5,0.536585391,3,3.11097288,0.709157467,0.612454176,0,0,15.8440609,3.47807145,7.96277571,8.1392746,0,13.288105,3.47807145,9.44799614,0,,,,50
84637493,0.5,0.546666682,3,3.11097288,0.330402911,0.273992658,0,0,15.9122372,-5.92388344,8.31841755,8.30818272,0,13.3166971,-5.92388344,9.33702278,0,,,,50
84638625,0.5,0.534482777,3,2.01252079,0.249816835,0.217582405,0,0,15.9122372,-5.92388344,8.38171005,8.32718563,0,13.3166971,-5.92388344,9.33702278,0,,,,50
84639755,0.5,1,3,2.13874173,0.00805860758,0,0,0,15.9440527,-9.73797989,8.62885189,8.44964409,0,13.3381405,-9.73797989,10.1982813,0,,,,50
84640882,0.5,0,3,3.13418889,0,0,0,0,15.9304171,-9.73797989,8.67406082,8.45175552,0,13.4382124,-9.73797989,10.1982813,0,,,,50
84642012,0.5,0,3,3.14654779,0,0,0,0,15.9395075,-9.07685375,8.66803265,8.43908691,0,13.645504,-9.07685375,10.051734,0,,,,50
84643139,0.5,0,3,3.1037128,0,0,0,0,15.9349623,-9.07685375,8.65899086,8.43697548,0,13.8670921,-9.07685375,10.051734,0,,,,50
84644270,0.5,0,3,3.1490314,0,0,0,0,15.9395075,-7.77213907,8.65597725,8.43486404,0,14.0600872,-7.77213907,9.90270233,0,,,,50
84645396,0.5,0,3,3.1490314,0,0,0,0,15.9485979,-7.77213907,8.64693546,8.43486404,0,14.2244911,-7.77213907,9.90270233,0,,,,50
84646531,0.5,0,3,3.1280458,0,0,0,0,15.9258718,-7.23191357,8.6439209,8.43486404,0,14.3674507,-7.23191357,9.7746563,0,,,,50
84647657,0.5,0,3,3.07145715,0,0,0,0,15.9440527,-7.23191357,8.6318655,8.43486404,0,14.4746704,-7.23191357,9.7746563,0,,,,50
84648788,0.5,0,3,3.12682009,0,0,0,0,15.9213276,-7.10557985,8.6318655,8.43486404,0,14.5604467,-7.10557985,9.64783669,0,,,,50
84649914,0.5,0,3,3.14778924,0,0,0,0,15.9258718,-7.10557985,8.62282372,8.43697548,0,14.6533699,-7.10557985,9.64783669,0,,,,50
84651045,0.5,0,3,3.17156005,0,0,0,0,15.9395075,-7.29194736,8.61679649,8.43697548,0,14.6962585,-7.29194736,9.4762764,0,,,,50
84652171,0.5,0,3,3.15151882,0,0,0,0,15.9531422,-7.29194736,8.60172653,8.42853069,0,14.7677383,-7.29194736,9.4762764,0,,,,50
84653306,0.5,0,3,3.11583185,0,0,0,0,15.9122372,-7.68457174,8.60775471,8.43486404,0,14.810626,-7.68457174,9.36044502,0,,,,50
84654433,0.5,0,3,3.11583185,0,0,0,0,15.9395075,-7.68457174,8.60172653,8.43486404,0,14.8392181,-7.68457174,9.36044502,0,,,,50
84655563,0.5,0,3,3.06791449,0,0,0,0,15.9485979,-7.97765017,8.59569836,8.43486404,0,14.8821058,-7.97765017,9.29253101,0,,,,50
84656690,0.5,0,3,3.11948609,0,0,0,0,15.9349623,-7.97765017,8.58967113,8.43486404,0,14.9106979,-7.97765017,9.29253101,0,,,,50
84658024,0.5,0,3,3.15027452,0,0,0,0,15.9349623,-8.15493965,8.58062935,8.43486404,0,14.9964733,-8.15493965,9.14225578,0,,,,50
84659152,0.5,0,3,3.11583185,0,0,0,0,15.9531422,-8.15493965,8.57460117,8.43486404,0,15.1322851,-8.15493965,9.14225578,0,,,,50
84660282,0.5,0,3,3.1490314,0,0,0,0,15.9213276,-8.45052433,8.568573,8.43486404,0,15.2895412,-8.45052433,8.9932251,0,,,,50
84661414,0.5,0,3,3.1037128,0,0,0,0,15.9304171,-8.45052433,8.56254578,8.43486404,0,15.4182043,-8.45052433,8.9932251,0,,,,50
84662544,0.5,0,3,3.07027531,0,0,0,0,15.9485979,-8.74438858,8.54747581,8.43486404,0,15.5111284,-8.74438858,8.92294979,0,,,,50
84663670,0.5,0,3,3.09528518,0,0,0,0,15.9349623,-8.74438858,8.55048943,8.43275356,0,15.5826082,-8.74438858,8.92294979,0,,,,50
84664801,0.5,0,3,3.06791449,0,0,0,0,15.9213276,-8.78982735,8.5444622,8.43486404,0,15.6326447,-8.78982735,8.85503483,0,,,,50
84665927,0.5,0,3,3.06791449,0,0,0,0,15.9395075,-8.78982735,8.54144764,8.43275356,0,15.6826801,-8.78982735,8.85503483,0,,,,50
84667058,0.5,0,3,3.07619333,0,0,0,0,15.9531422,-8.61913109,8.53240585,8.43275356,0,15.7112722,-8.61913109,8.77884197,0,,,,50
84668184,0.5,0,3,3.07027531,0,0,0,0,15.9167824,-8.61913109,8.52939224,8.43486404,0,15.7684565,-8.61913109,8.77884197,0,,,,50
84669320,0.5,0,3,3.06202817,0,0,0,0,15.9485979,-8.33600807,8.56254578,8.43275356,0,15.8256397,-8.33600807,8.71681404,0,,,,50
84670447,0.5,0,3,3.1490314,0,0,0,0,15.9304171,-8.33600807,8.58665657,8.43275356,0,15.8971195,-8.33600807,8.71681404,0,,,,50
84671577,0.5,0,3,3.06437993,0,0,0,0,15.9440527,-7.98282576,8.58967113,8.43275356,0,15.9614515,-7.98282576,8.65243435,0,,,,50
84672703,0.5,0,3,2.99199295,0,0,0,0,15.9304171,-7.98282576,8.58665657,8.43275356,0,16.0400791,-7.98282576,8.65243435,0,,,,50
84673834,0.5,0,3,2.99199295,0,0,0,0,15.9304171,-7.47375488,8.58665657,8.43486404,0,16.0972633,-7.47375488,8.6604414,0,,,,50
84674961,0.5,0,3,3.05499434,0,0,0,0,15.9440527,-7.47375488,8.58967113,8.43064213,0,16.1615944,-7.47375488,8.6604414,0,,,,50
84676096,0.5,0,3,3.06909442,0,0,0,0,15.9531422,-6.84333324,8.58665657,8.43486404,0,16.1830387,-6.84333324,8.59134674,0,,,,50
84677222,0.5,0,3,3.04799294,0,0,0,0,15.9349623,-6.84333324,8.58665657,8.43275356,0,16.2402229,-6.84333324,8.59134674,0,,,,50
84678353,0.5,0,3,3.04799294,0,0,0,0,15.9440527,-6.29497004,8.58364296,8.43486404,0,16.2688141,-6.29497004,8.54335403,0,,,,50
84679683,0.5,0,3,1.97174346,0,0,0,0,15.9440527,-6.29497004,8.58665657,8.43275356,0,16.3188515,-6.29497004,8.54335403,0,,,,50
84680814,0.5,0,3,2.07965755,0,0,0,0,15.9531422,-4.056427,8.58665657,8.43275356,0,16.3545914,-4.056427,9.46369648,0,,,,50
84681940,0.5,0,3,3.04682922,0,0,0,0,15.9258718,-4.056427,8.58665657,8.43275356,0,16.3974781,-4.056427,9.46369648,0,,,,50
84683071,0.5,0,3,3.06791449,0,0,0,0,15.9485979,0.0667527094,8.58062935,8.43486404,0,16.4189224,0.0667527094,9.39578152,0,,,,50
84684202,0.5,0,3,3.06791449,0,0,0,0,15.9213276,0.0667527094,8.58665657,8.42853069,0.00714798551,16.4689579,0.0667527094,9.39578152,0,,,,50
84685333,0.5,0,3,3.02030468,0,0,0,0,15.9395075,3.26972008,8.58665657,8.43275356,0,16.4761066,3.26972008,9.37547684,0,,,,50
84686460,0.5,0,3,3.07027531,0,0,0,0,15.9485979,3.26972008,8.568573,8.43275356,0,16.4546623,3.26972008,9.37547684,0,,,,50
84687590,0.5,0,3,3.02144837,0,0,0,0,15.9213276,4.81578541,8.58665657,8.43275356,0,16.4046268,4.81578541,9.3540287,0,,,,50
84688717,0.5,0,3,2.91973853,0,0,0,0,15.9395075,4.81578541,8.58665657,8.43275356,0,16.333147,4.81578541,9.3540287,0,,,,50
84689847,0.5,0,3,3.02030468,0,0,0,0,15.9531422,5.36333609,8.58062935,8.43275356,0,16.2473717,5.36333609,9.33372402,0,,,,50
84690973,0.5,0,3,3.06909442,0,0,0,0,15.9304171,5.36333609,8.58665657,8.43486404,0,16.1472988,5.36333609,9.33372402,0,,,,50
84692109,0.5,0,3,3.06909442,0,0,0,0,15.9258718,5.20881176,8.58665657,8.43275356,0,16.0257835,5.20881176,9.26462936,0,,,,50
84693235,0.5,0,3,2.99199295,0,0,0,0,15.9485979,5.20881176,8.58665657,8.43275356,0,15.8899717,5.20881176,9.26462936,0,,,,50
84694366,0.5,0,3,2.99311519,0,0,0,0,15.9531422,4.6541276,8.58062935,8.43064213,0,15.7613077,4.6541276,9.27151394,0,,,,50
84695492,0.5,0,3,2.98416042,0,0,0,0,15.9122372,4.6541276,8.58364296,8.43275356,0,15.6040525,4.6541276,9.27151394,0,,,,50
84696623,0.5,0,3,2.99199295,0,0,0,0,15.9304171,4.07343006,8.58364296,8.43275356,0,15.4682407,4.07343006,9.27952099,0,,,,50
84697749,0.5,0,3,2.99199295,0,0,0,0,15.9349623,4.07343006,8.58665657,8.43275356,0,15.3324289,4.07343006,9.27952099,0,,,,50
84698880,0.5,0,3,2.96861815,0,0,0,0,15.9395075,3.64249015,8.58665657,8.43275356,0,15.1894693,3.64249015,9.3109026,0,,,,50
84700215,0.5,0,3,2.91973853,0,0,0,0,15.9485979,3.64249015,8.58062935,8.43275356,0,15.0250654,3.64249015,9.3109026,0,,,,50
84701345,0.5,0,3,2.94234729,0,0,0,0,15.9531422,3.44439125,8.58364296,8.43275356,0,14.8964014,3.44439125,9.36855507,0,,,,50
84702472,0.5,0,3,2.91973853,0,0,0,0,15.9258718,3.44439125,8.58364296,8.43275356,0,14.7677383,3.44439125,9.36855507,0,,,,50
84703603,0.5,0,3,2.94017887,0,0,0,0,15.9395075,3.5021801,8.58665657,8.43275356,0,14.6033344,3.5021801,9.4283762,0,,,,50
84704729,0.5,0,3,2.99199295,0,0,0,0,15.9531422,3.5021801,8.58967113,8.43275356,0,14.4460783,3.5021801,9.4283762,0,,,,50
84705860,0.5,0,3,2.99199295,0,0,0,0,15.9485979,3.64617109,8.58665657,8.43275356,0,14.3031187,3.64617109,9.43638325,0,,,,50
84706991,0.5,0,3,2.94343257,0,0,0,0,15.9576874,3.64617109,8.58665657,8.43275356,0,14.1458635,3.64617109,9.43638325,0,,,,50
84708122,0.5,0,3,2.91973853,0,0,0,0,15.9213276,3.81800699,8.58665657,8.43275356,0,13.9743118,3.81800699,9.51664448,0,,,,50
84709248,0.5,0,3,2.94669342,0,0,0,0,15.9576874,3.81800699,8.57158756,8.43275356,0,13.7813158,3.81800699,9.51664448,0,,,,50
84710379,0.5,0,3,2.91973853,0,0,0,0,15.9440527,4.15465212,8.58665657,8.43275356,0,13.5954685,4.15465212,9.59690571,0,,,,50
84711505,0.5,0,3,2.95651913,0,0,0,0,15.9349623,4.15465212,8.58967113,8.43275356,0,13.416769,4.15465212,9.59690571,0,,,,50
84712636,0.5,0.300000012,3,2.99199295,0.0241758227,0.056410253,0,0,15.8986015,4.51370096,8.35157108,8.32929707,0,13.3166971,4.51370096,9.60491276,0,,,,50
84713763,0.5,0.555555582,3,2.99199295,0.241758227,0.193406582,0,0,15.9213276,4.51370096,8.29732037,8.32718563,0,13.3238449,4.51370096,9.60491276,0,,,,50
84714898,0.5,0.53125,3,2.92401814,0.273992658,0.241758227,0,0,15.9122372,4.78021669,8.31239033,8.31662846,0,13.3095493,4.78021669,9.68089485,0,,,,50
84716025,0.5,0.5625,3,2.91973853,0.290109873,0.225641012,0,0,15.907692,4.78021669,8.31540394,8.3039608,0,13.3024006,4.78021669,9.68089485,0,,,,50
84717155,0.5,0.536231875,3,2.92187667,0.29816848,0.257875443,0,0,15.8895121,5.10554171,8.29430676,8.28706932,0,13.3095493,5.10554171,9.75901794,0,,,,50
84718282,0.5,0.555555582,3,2.92187667,0.282051265,0.225641012,0,0,15.9031467,5.10554171,8.3425293,8.31240559,0,13.2952528,5.10554171,9.75901794,0,,,,50
84719413,0.5,0.595505595,3,2.92187667,0.427106202,0.290109873,0,0,15.8986015,5.52851248,8.24608421,8.28284645,0,13.3095493,5.52851248,9.83714104,0,,,,50
84720539,0.5,0.563218415,3,1.89270532,0.394871771,0.306227088,0,0,15.8986015,5.52851248,8.20991707,8.26173306,0,13.3095493,5.52851248,9.83714104,0,,,,50
84721874,0.5,0.534653485,3,2.00796318,0.435164809,0.378754556,0,0,15.8804216,7.68454409,8.16470814,8.24273109,0,13.3024006,7.68454409,10.8291779,0,,,,50
84723005,0.5,0.479166657,3,2.91760325,0.370695949,0.402930379,0,0,15.8849669,7.68454409,8.15867996,8.27017879,0,13.2952528,7.68454409,10.8291779,0,,,,50
84724136,0.5,0.524752498,3,2.91867042,0.427106202,0.386813164,0,0,15.8940573,11.7241459,8.19484711,8.26384449,0,13.3024006,11.7241459,10.9105072,0,,,,50
84725263,0.5,0.553398073,3,2.93477225,0.459340632,0.370695949,0,0,15.8895121,11.7241459,8.1918335,8.25117683,0,13.2952528,11.7241459,10.9105072,0,,,,50
84726393,0.5,0.520000041,3,2.91973853,0.523809493,0.483516455,0,0,15.8440609,12,8.07429028,8.17727947,0,13.2809572,14.9352627,9.40947247,0,,,,50
84727519,0.5,0.532374084,3,2.91973853,0.596336961,0.523809493,0,0,15.8622417,12,8.07127666,8.19417,0,13.2809572,14.9352627,9.40947247,0,,,,50
84728650,0.5,0.536585391,3,2.92723608,0.709157467,0.612454176,0,0,15.8531513,7.35566854,7.96578932,8.1456089,0,13.288105,7.35566854,9.48223591,0,,,,50
84729777,0.5,0.522727251,3,2.92723608,0.741391897,0.676923037,0,0,15.8349714,7.35566854,7.91455269,8.10127068,0,13.2738094,7.35566854,9.48223591,0,,,,50
84730912,0.5,0.541353405,3,1.91542137,0.580219746,0.491575062,0,0,15.8622417,4.92781162,8.08031845,8.18572426,0,13.288105,4.92781162,10.5668144,0,,,,50
84732039,0.5,0.544715464,3,2.02631927,0.539926708,0.451282024,0,0,15.8713312,4.92781162,8.11949921,8.21528339,0,13.288105,4.92781162,10.5668144,0,,,,50
84733170,0.5,0.544642866,3,2.94017887,0.491575062,0.410988986,0,0,15.8940573,6.71306038,8.18279171,8.25117683,0,13.3024006,6.71306038,10.6266356,0,,,,50
84734296,0.5,0.533333361,3,2.94017887,0.386813164,0.338461518,0,0,15.8895121,6.71306038,8.20690346,8.27229023,0,13.3024006,6.71306038,10.6266356,0,,,,50
84735427,0.5,0.545454562,3,2.94017887,0.386813164,0.322344303,0,0,15.9031467,8.9177351,8.27019501,8.28918076,0,13.3024006,8.9177351,10.6864567,0,,,,50
84736553,0.5,0.561224461,3,1.91864526,0.443223417,0.346520126,0,0,15.8986015,8.9177351,8.24306965,8.2765131,0,13.3095493,8.9177351,10.6864567,0,,,,50
84737688,0.5,0.515789449,3,2.03562379,0.394871771,0.370695949,0,0,15.8804216,11.8127832,8.18881989,8.25328827,0,13.3024006,11.8127832,11.6508322,0,,,,50
84738815,0.5,0.544554472,3,2.99648714,0.443223417,0.370695949,0,0,15.8849669,11.8127832,8.22498608,8.27017879,0,13.2952528,11.8127832,11.6508322,0,,,,50
84739946,0.5,0.528169036,3,3.06909442,0.604395568,0.539926708,0,0,15.8622417,12,8.06826305,8.18361282,0,13.2952528,15.6960802,9.59057045,0,,,,50
84741072,0.5,0.528301835,3,3.06909442,0.676923037,0.604395568,0,0,15.8395166,12,7.96578932,8.1392746,0,13.2523651,15.6960802,9.59057045,0,,,,50
84742407,0.5,0.536585391,3,2.91973853,0.709157467,0.612454176,0,0,15.8304262,6.65980387,7.95373392,8.12027264,0,13.2666607,6.65980387,9.67083168,0,,,,50
84743533,0.5,0.534090936,3,2.91973853,0.757509112,0.660805821,0,0,15.8531513,6.65980387,7.94167805,8.13505173,0,13.288105,6.65980387,9.67083168,0,,,,50
84744664,0.5,0.537313461,3,3.01687932,0.580219746,0.49963367,0,0,15.8804216,1.26432407,8.1164856,8.21528339,0,13.3024006,1.26432407,9.6539526,0,,,,50
84745795,0.5,0.527777791,3,3.01687932,0.459340632,0.410988986,0,0,15.8758764,1.26432407,8.16169453,8.23850822,0,13.2952528,1.26432407,9.6539526,0,,,,50
84746926,0.5,0.55737704,3,1.96931028,0.273992658,0.217582405,0,0,15.9258718,0.137079358,8.38171005,8.34618759,0,13.3166971,0.137079358,10.6846418,0,,,,50
84748052,0.5,0.577777803,3,1.96931028,0.209523797,0.153113544,0,0,15.9349623,0.137079358,8.42089176,8.33774185,0,13.3095493,0.137079358,10.6846418,0,,,,50
84749183,0.5,0.75,3,1.49852502,0.0967032909,0.0322344303,0,0,15.9304171,5.39651489,8.49925327,8.42641926,0,13.3238449,5.39651489,12.1861172,0,,,,50
84750310,0.5,0.800000012,3,2.0555501,0.0967032909,0.0241758227,0,0,15.9349623,5.39651489,8.4932251,8.42430782,0,13.3238449,5.39651489,12.1861172,0,,,,50
84751440,0.5,0.659090936,3,2.0555501,0.23369962,0.120879114,0,0,15.9213276,12,8.41184998,8.32085133,0,13.3166971,15.5516758,11.2171936,0,,,,50
84752566,0.5,0.600000024,3,3.02717948,0.241758227,0.161172152,0,0,15.9213276,12,8.32444572,8.34196472,0,13.3166971,15.5516758,11.2171936,0,,,,50
84753701,0.5,0.529411793,3,2.99199295,0.435164809,0.386813164,0,0,15.8713312,12,8.15265274,8.23850822,0,13.288105,14.0580063,10.1165028,0,,,,50
84754828,0.5,0.529411793,3,3.00212383,0.507692277,0.451282024,0,0,15.866787,12,8.1315546,8.22372913,0,13.288105,14.0580063,10.1165028,0,,,,50
84755958,0.5,0.534722209,3,3.02603149,0.620512784,0.539926708,0,0,15.866787,7.10318089,8.05319309,8.19417,0,13.288105,7.10318089,10.0904713,0,,,,50
84757085,0.5,0.529801309,3,3.04799294,0.644688606,0.572161138,0,0,15.8531513,7.10318089,8.00497055,8.1730566,0,13.288105,7.10318089,10.0904713,0,,,,50
84758216,0.5,0.53125,3,3.0352397,0.410988986,0.362637341,0,0,15.8804216,2.65916634,8.23704243,8.25962162,0,13.2952528,2.65916634,10.055232,0,,,,50
84759342,0.5,0.538461566,3,3.0352397,0.451282024,0.386813164,0,0,15.8940573,2.65916634,8.21594429,8.25962162,0,13.3024006,2.65916634,10.055232,0,,,,50
84760473,0.5,0.556962013,3,3.02947807,0.354578733,0.282051265,0,0,15.907692,-0.120802335,8.30334854,8.2976265,0,13.3166971,-0.120802335,10.025754,0,,,,50
84761604,0.5,0.54838711,3,2.99199295,0.273992658,0.225641012,0,0,15.9031467,-0.120802335,8.32143211,8.31873989,0,13.3166971,-0.120802335,10.025754,0,,,,50
84762939,0.5,0.67567569,3,2.9445188,0.201465189,0.0967032909,0,0,15.9349623,-1.61225235,8.45404434,8.38419151,0,13.3238449,-1.61225235,10.0812349,0,,,,50
84764065,0.5,0.666666687,3,2.99199295,0.128937721,0.0644688606,0,0,15.9258718,-1.61225235,8.46609974,8.40530586,0,13.3095493,-1.61225235,10.0812349,0,,,,50
84765196,0.5,1,3,3.02259278,0.0402930379,0,0,0,15.9349623,-2.15434074,8.60474014,8.44330978,0,13.3166971,-2.15434074,10.0586424,0,,,,50
84766322,0.5,1,3,3.02259278,0.0241758227,0,0,0,15.9440527,-2.15434074,8.62583828,8.45175552,0,13.3309927,-2.15434074,10.0586424,0,,,,50
84767453,0.5,0,3,3.02259278,0,0,0,0,15.9440527,-2.24999022,8.6318655,8.44964409,0,13.3309927,-2.24999022,10.0360498,0,,,,50
84768584,0.5,0,3,1.9620471,0,0,0,0,15.9304171,-2.24999022,8.62583828,8.44542122,0,13.3381405,-2.24999022,10.0360498,0,,,,50
84769715,0.5,0,3,2.07263517,0,0,0,0,15.9440527,-0.402780175,8.61679649,8.44119835,0,13.3309927,-0.402780175,10.9634142,0,,,,50
84770841,0.5,0,3,3.03408575,0,0,0,0,15.9213276,-0.402780175,8.61076832,8.43908691,0,13.3452892,-0.402780175,10.9634142,0,,,,50
84771972,0.5,0,3,2.99423838,0,0,0,0,15.9440527,3.54926443,8.60474014,8.44330978,0,13.3309927,3.54926443,10.9691753,0,,,,50
84773098,0.5,1,3,2.99761271,0.0161172152,0,0,0,15.9258718,3.54926443,8.49925327,8.43275356,0,13.3166971,3.54926443,10.9691753,0,,,,50
84774229,0.5,0.70588237,3,2.99423838,0.0967032909,0.0402930379,0,0,15.9349623,6.80959463,8.40883541,8.42008495,0,13.3238449,6.80959463,10.9749374,0,,,,50
84775355,0.5,0.714285731,3,2.99423838,0.120879114,0.0483516455,0,0,15.9349623,6.80959463,8.26115322,8.38419151,0,13.3238449,6.80959463,10.9749374,0,,,,50
84776491,0.5,0.511627913,3,3.01802015,0.177289367,0.169230759,0,0,15.9167824,8.43449116,8.34855747,8.34829903,0,13.3166971,8.43449116,10.9569168,0,,,,50
84777617,0.5,0.553571403,3,3.06909442,0.249816835,0.201465189,0,0,15.9167824,8.43449116,8.35458469,8.33563042,0,13.3166971,8.43449116,10.9569168,0,,,,50
84778748,0.5,0.527777791,3,2.99536228,0.306227088,0.273992658,0,0,15.8986015,8.99198627,8.30033493,8.2976265,0,13.3095493,8.99198627,10.9615545,0,,,,50
84779874,0.5,0.547945201,3,2.99536228,0.322344303,0.26593405,0,0,15.907692,8.99198627,8.30033493,8.30818272,0,13.3095493,8.99198627,10.9615545,0,,,,50
84781005,0.5,0.592592597,3,1.93071508,0.386813164,0.26593405,0,0,15.8986015,10.9140987,8.23704243,8.27440166,0,13.3024006,10.9140987,12.030839,0,,,,50
84782132,0.5,0.51219511,3,1.93071508,0.338461518,0.322344303,0,0,15.8895121,10.9140987,8.28827858,8.29129219,0,13.2952528,10.9140987,12.030839,0,,,,50
84783263,0.5,0.537037015,3,1.93071508,0.46739924,0.402930379,0,0,15.8804216,12,8.19484711,8.24484253,0,13.3024006,16.6765118,10.5807743,0,,,,50
84784598,0.5,0.530303001,3,1.49655759,0.56410253,0.49963367,0,0,15.8758764,12,8.10744381,8.20472717,0,13.2952528,16.6765118,10.5807743,0,,,,50
84785729,0.5,0.533783793,3,2.06405711,0.636629999,0.556043923,0,0,15.8486061,10.7086458,8.01401234,8.1730566,0,13.2595129,10.7086458,11.516717,0,,,,50
84786856,0.5,0.527607322,3,2.9752593,0.693040252,0.620512784,0,0,15.8304262,10.7086458,7.94167805,8.12871838,0,13.2738094,10.7086458,11.516717,0,,,,50
84787986,0.5,0.532894731,3,2.99087143,0.652747214,0.572161138,0,0,15.8304262,10.687067,7.96880341,8.14983177,0,13.2666607,10.687067,11.5258455,0,,,,50
84789113,0.5,0.533783793,3,2.98416042,0.636629999,0.556043923,0,0,15.8395166,10.687067,8.00798416,8.16038799,0,13.2666607,10.687067,11.5258455,0,,,,50
84790243,0.5,0.537414968,3,2.87969899,0.636629999,0.547985315,0,0,15.8531513,11.4795427,8.02003956,8.16249943,0,13.2738094,11.4795427,11.6461468,0,,,,50
84791370,0.5,0.528301835,3,2.87969899,0.676923037,0.604395568,0,0,15.8395166,11.4795427,7.99291468,8.15194321,0,13.2738094,11.4795427,11.6461468,0,,,,50
84792505,0.5,0.534031391,3,2.9752593,0.821977973,0.717216074,0,0,15.7986107,11.8402605,7.85126066,8.06960011,0,13.2452173,11.8402605,11.670887,0,,,,50
84793632,0.5,0.529411793,3,3.03639483,1.01538455,0.902564049,0,0,15.7758856,11.8402605,7.67645311,7.96614361,0,13.2380695,11.8402605,11.670887,0,,,,50
84794762,0.5,0.531835258,3,2.96200633,1.14432228,1.00732589,0,0,15.784976,11.804491,7.63425827,7.94291878,0,13.2309208,11.804491,11.7088804,0,,,,50
84795889,0.5,0.533088207,3,2.96200633,1.16849804,1.02344322,0,0,15.7986107,11.804491,7.63425827,7.94925261,0,13.2452173,11.804491,11.7088804,0,,,,50
84797019,0.5,0.525490165,3,1.92838228,1.07985342,0.975091517,0,0,15.8122463,12,7.67645311,7.98092318,0,13.2595129,13.400012,12.0262785,0,,,,50
84798146,0.5,0.533980608,3,1.92838228,0.886446834,0.773626328,0,0,15.8167906,12,7.84221888,8.04637527,0,13.2666607,13.400012,12.0262785,0,,,,50
84799281,0.5,0.528735638,3,2.02786422,0.741391897,0.660805821,0,0,15.8349714,12,7.98990059,8.12238407,0,13.2666607,14.376277,11.718256,0,,,,50
84800407,0.5,0.530386746,3,3.00664854,0.773626328,0.684981644,0,0,15.8486061,12,7.96277571,8.12238407,0,13.2809572,14.376277,11.718256,0,,,,50
84801538,0.5,0.531578958,3,3.06909442,0.813919365,0.717216074,0,0,15.8349714,10.7975578,7.93263626,8.09704781,0,13.2809572,10.7975578,11.6491613,0,,,,50
84802665,0.5,0.525773168,3,3.02144837,0.821977973,0.741391897,0,0,15.825881,10.7975578,7.88742733,8.07593441,0,13.2738094,10.7975578,11.6491613,0,,,,50
84803796,0.5,0.528089881,3,2.99199295,0.757509112,0.676923037,0,0,15.8213358,9.14051914,7.95976162,8.10127068,0,13.2666607,9.14051914,11.6571684,0,,,,50
84805126,0.5,0.52409637,3,2.99761271,0.701098859,0.636629999,0,0,15.825881,9.14051914,7.99291468,8.13505173,0,13.2738094,9.14051914,11.6571684,0,,,,50
84806257,0.5,0.533783793,3,2.99761271,0.636629999,0.556043923,0,0,15.8622417,7.79786777,8.08634663,8.17939091,0,13.2809572,7.79786777,11.6595564,0,,,,50
84807388,0.5,0.531645596,3,2.99761271,0.676923037,0.596336961,0,0,15.8713312,7.79786777,8.07127666,8.17727947,0,13.2952528,7.79786777,11.6595564,0,,,,50
84808519,0.5,0.551470578,3,1.9572345,0.604395568,0.491575062,0,0,15.866787,8.7165823,8.1044302,8.20472717,0,13.2952528,8.7165823,12.7023211,0,,,,50
84809645,0.5,0.516129017,3,1.9572345,0.515750885,0.483516455,0,0,15.8622417,8.7165823,8.1315546,8.20261574,0,13.2595129,8.7165823,12.7023211,0,,,,50
84810777,0.5,0.53125,3,1.52457881,0.547985315,0.483516455,0,0,15.8622417,12,8.13456917,8.20683765,0,13.288105,14.7582912,12.6917849,0,,,,50
84811904,0.5,0.547445297,3,2.10544729,0.604395568,0.49963367,0,0,15.8713312,12,8.12251282,8.20472717,0,13.2809572,14.7582912,12.6917849,0,,,,50
84813034,0.5,0.531428576,3,3.08332515,0.749450505,0.660805821,0,0,15.8395166,12,7.97181749,8.13294029,0,13.2666607,14.363348,11.3352661,0,,,,50
84814161,0.5,0.525510192,3,3.08332515,0.830036581,0.749450505,0,0,15.8213358,12,7.88139963,8.07804585,0,13.2666607,14.363348,11.3352661,0,,,,50
84815296,0.5,0.529411733,3,3.08332515,0.79780215,0.709157467,0,0,15.8122463,7.35781956,7.91455269,8.08649063,0,13.2595129,7.35781956,11.2519417,0,,,,50
84816422,0.5,0.525773168,3,1.95006001,0.821977973,0.741391897,0,0,15.8304262,7.35781956,7.9055109,8.09282494,0,13.2738094,7.35781956,11.2519417,0,,,,50
84817553,0.5,0.532467544,3,2.05502081,0.660805821,0.580219746,0,0,15.8713312,4.49537182,8.07730484,8.18361282,0,13.2952528,4.49537182,12.1969204,0,,,,50
84818680,0.5,0.5234375,3,3.1490314,0.539926708,0.491575062,0,0,15.866787,4.49537182,8.10744381,8.20472717,0,13.2666607,4.49537182,12.1969204,0,,,,50
84819810,0.5,0.542168677,3,3.1490314,0.362637341,0.306227088,0,0,15.9031467,5.2100997,8.31239033,8.29340363,0,13.3095493,5.2100997,12.0478888,0,,,,50
84820937,0.5,0.554054081,3,3.09889126,0.330402911,0.26593405,0,0,15.907692,5.2100997,8.32745934,8.31662846,0,13.3166971,5.2100997,12.0478888,0,,,,50
84822072,0.5,0.555555582,3,3.09889126,0.322344303,0.257875443,0,0,15.9031467,5.94336128,8.32745934,8.30184937,0.00714798551,13.3024006,5.94336128,11.9489975,0,,,,50
84823198,0.5,0.550000012,3,2.01709962,0.26593405,0.217582405,0,0,15.907692,5.94336128,8.36965466,8.33563042,0,13.3095493,5.94336128,11.9489975,0,,,,50
84824329,0.5,0.540540516,3,2.01709962,0.322344303,0.273992658,0,0,15.9031467,7.61795759,8.32745934,8.31240559,0,13.3166971,7.61795759,12.9318981,0,,,,50
84825456,0.5,0.533333361,3,2.01709962,0.322344303,0.282051265,0,0,15.8986015,7.61795759,8.29732037,8.3039608,0,13.3095493,7.61795759,12.9318981,0,,,,50
84826790,0.5,0.543209851,3,1.56463635,0.354578733,0.29816848,0,0,15.8940573,12,8.3304739,8.28495789,0,13.3024006,13.8282785,13.3823242,0,,,,50
84827917,0.5,0.540816307,3,2.15026808,0.427106202,0.362637341,0,0,15.8940573,12,8.31841755,8.27017879,0,13.3095493,13.8282785,13.3823242,0,,,,50
84829047,0.5,0.514285743,3,3.09408498,0.580219746,0.547985315,0,0,15.8576965,12,8.07429028,8.17939091,0,13.2738094,16.2953835,10.9742117,0,,,,50
84830179,0.5,0.527027011,3,3.15027452,0.628571391,0.56410253,0,0,15.8349714,12,8.03209591,8.16883373,0,13.2738094,16.2953835,10.9742117,0,,,,50
84831310,0.5,0.538922131,3,3.12070608,0.725274682,0.620512784,0,0,15.8576965,4.71237469,8.00497055,8.15194321,0,13.2809572,4.71237469,10.8535061,0,,,,50
84832436,0.5,0.51912564,3,3.12070608,0.76556772,0.709157467,0,0,15.8395166,4.71237469,7.95674753,8.11604977,0,13.288105,4.71237469,10.8535061,0,,,,50
84833567,0.5,0.547169805,3,1.99690819,0.46739924,0.386813164,0,0,15.8849669,-0.657547235,8.20087528,8.25328827,0,13.288105,-0.657547235,11.8565979,0,,,,50
84834693,0.5,0.528089881,3,2.15841103,0.378754556,0.338461518,0,0,15.9031467,-0.657547235,8.28526497,8.29973793,0,13.3095493,-0.657547235,11.8565979,0,,,,50
84835824,0.5,0.59523809,3,2.15841103,0.201465189,0.136996329,0,0,15.9349623,0.887574434,8.41184998,8.36941242,0,13.3309927,0.887574434,12.6981869,0,,,,50
84836950,0.5,0.625,3,3.1292727,0.0805860758,0.0483516455,0,0,15.9304171,0.887574434,8.51733685,8.41797352,0,13.3238449,0.887574434,12.6981869,0,,,,50
84838086,0.5,0.75,3,3.14778924,0.120879114,0.0402930379,0,0,15.9349623,5.25204229,8.49021149,8.41797352,0,13.3024006,5.25204229,12.5503979,0,,,,50
84839212,0.5,0.736842096,3,3.12314892,0.112820506,0.0402930379,0,0,15.9349623,5.25204229,8.49021149,8.41163921,0,13.3238449,5.25204229,12.5503979,0,,,,50
84840343,0.5,0.605263174,3,3.15151882,0.185347974,0.120879114,0,0,15.9304171,7.90913582,8.40280819,8.36518955,0,13.3238449,7.90913582,12.3988791,0,,,,50
84841469,0.5,0.581818163,3,3.13418889,0.257875443,0.185347974,0,0,15.9167824,7.90913582,8.35458469,8.34196472,0,13.3166971,7.90913582,12.3988791,0,,,,50
84842599,0.5,0.536231875,3,3.1490314,0.29816848,0.257875443,0,0,15.8986015,8.34947014,8.32143211,8.30818272,0,13.3024006,8.34947014,12.2498474,0,,,,50
84843726,0.5,0.537500024,3,3.14654779,0.346520126,0.29816848,0,0,15.9031467,8.34947014,8.29129314,8.29551506,0,13.3095493,8.34947014,12.2498474,0,,,,50
84844857,0.5,0.539325833,3,3.10976052,0.386813164,0.330402911,0,0,15.8895121,7.55722904,8.24306965,8.26384449,0,13.3024006,7.55722904,12.1400862,0,,,,50
84845988,0.5,0.552941203,3,3.10976052,0.378754556,0.306227088,0,0,15.8940573,7.55722904,8.29430676,8.32296276,0,13.3024006,7.55722904,12.1400862,0,,,,50
84847323,0.5,0.511363626,3,3.17156005,0.362637341,0.346520126,0,0,15.8986015,6.09655142,8.29430676,8.2976265,0,13.3095493,6.09655142,11.9685268,0,,,,50
84848450,0.5,0.568627477,3,3.17156005,0.46739924,0.354578733,0,0,15.8986015,6.09655142,8.24005604,8.25962162,0,13.3095493,6.09655142,11.9685268,0,,,,50
84849580,0.5,0.5,3,2.0361433,0.402930379,0.402930379,0,0,15.8940573,6.29984665,8.31841755,8.28706932,0,13.3095493,6.29984665,12.9323835,0,,,,50
84850706,0.5,0.555555582,3,2.19522572,0.362637341,0.290109873,0,0,15.8849669,6.29984665,8.30033493,8.29340363,0,13.3024006,6.29984665,12.9323835,0,,,,50
84851837,0.5,0.536585391,3,3.13295841,0.354578733,0.306227088,0,0,15.8986015,8.69679165,8.31239033,8.29129219,0,13.3024006,8.69679165,12.7994251,0,,,,50
84852968,0.5,0.540816307,3,3.13295841,0.427106202,0.362637341,0,0,15.8940573,8.69679165,8.28225136,8.28073597,0,13.3095493,8.69679165,12.7994251,0,,,,50
84854099,0.5,0.53719008,3,1.99991107,0.523809493,0.451282024,0,0,15.8713312,12,8.13758278,8.2216177,0,13.2952528,12.3358288,13.6185942,0,,,,50
84855225,0.5,0.528455257,3,2.15666103,0.523809493,0.46739924,0,0,15.8576965,12,8.14059639,8.21317196,0,13.2666607,12.3358288,13.6185942,0,,,,50
84856356,0.5,0.516778529,3,3.09768844,0.620512784,0.580219746,0,0,15.8349714,12,8.03510952,8.1667223,0,13.2738094,15.5509329,11.607933,0,,,,50
84857483,0.5,0.539325833,3,3.06909442,0.773626328,0.660805821,0,0,15.8531513,12,7.96277571,8.14138603,0,13.2809572,15.5509329,11.607933,0,,,,50
84858614,0.5,0.513227522,3,3.06909442,0.781684935,0.741391897,0,0,15.8304262,6.39735556,7.91455269,8.08860207,0,13.2809572,6.39735556,11.5388384,0,,,,50
84859740,0.5,0.520833313,3,3.10250592,0.805860758,0.741391897,0,0,15.8167906,6.39735556,7.86030245,8.06748867,0,13.2738094,6.39735556,11.5388384,0,,,,50
84860876,0.5,0.542635679,3,3.1490314,0.56410253,0.475457847,0,0,15.866787,0.365464419,8.12854099,8.20683765,0,13.288105,0.365464419,11.3898067,0,,,,50
84862002,0.5,0.547008574,3,3.09408498,0.515750885,0.427106202,0,0,15.8895121,0.365464419,8.1918335,8.25328827,0,13.3024006,0.365464419,11.3898067,0,,,,50
84863133,0.5,0.55384618,3,3.06791449,0.290109873,0.23369962,0,0,15.9258718,-3.54036832,8.37568283,8.34407616,0,13.3238449,-3.54036832,11.3218927,0,,,,50
84864259,0.5,0.484848499,3,3.11461568,0.128937721,0.136996329,0,0,15.9304171,-3.54036832,8.58665657,8.3799696,0,13.3238449,-3.54036832,11.3218927,0,,,,50
84865390,0.5,1,3,3.07027531,0.00805860758,0,0,0,15.9485979,-5.84827805,8.6198101,8.45597839,0,13.3381405,-5.84827805,11.2516174,0,,,,50
84866516,0.5,0,3,3.07027531,0,0,0,0,15.9395075,-5.84827805,8.66803265,8.46020031,0,13.352437,-5.84827805,11.2516174,0,,,,50
84867851,0.5,0,3,3.14654779,0,0,0,0,15.9167824,-7.1543498,8.66200447,8.44753265,0,13.416769,-7.1543498,11.1050692,0,,,,50
84868982,0.5,0,3,3.14654779,0,0,0,0,15.9349623,-7.1543498,8.65597725,8.44542122,0,13.5239887,-7.1543498,11.1050692,0,,,,50
84870113,0.5,0,3,3.1403563,0,0,0,0,15.9440527,-8.02034664,8.62885189,8.44753265,0,13.6026163,-8.02034664,10.9647131,0,,,,50
84871239,0.5,0,3,3.15151882,0,0,0,0,15.9440527,-8.02034664,8.64693546,8.44330978,0,13.6883926,-8.02034664,10.9647131,0,,,,50
84872369,0.5,0,3,3.11704898,0,0,0,0,15.9485979,-8.60602283,8.63789368,8.44330978,0,13.7670202,-8.60602283,10.8476648,0,,,,50
84873496,0.5,0,3,3.14778924,0,0,0,0,15.9349623,-8.60602283,8.6318655,8.44542122,0,13.8456478,-8.60602283,10.8476648,0,,,,50
84874627,0.5,0,3,3.14654779,0,0,0,0,15.9576874,-8.98076439,8.62282372,8.44119835,0,13.8956842,-8.98076439,10.7011166,0,,,,50
84875753,0.5,0,3,3.15027452,0,0,0,0,15.9576874,-8.98076439,8.61378193,8.44542122,0,13.9314241,-8.98076439,10.7011166,0,,,,50
84876888,0.5,0,3,3.15401006,0,0,0,0,15.9258718,-9.29478931,8.61076832,8.44119835,0,13.967164,-9.29478931,10.5471067,0,,,,50
84878014,0.5,0,3,3.15027452,0,0,0,0,15.9349623,-9.29478931,8.60474014,8.44330978,0,13.9814596,-9.29478931,10.5471067,0,,,,50
84879145,0.5,0,3,3.15027452,0,0,0,0,15.9349623,-9.61109829,8.59871292,8.44119835,0,13.9957552,-9.61109829,10.3968325,0,,,,50
84880271,0.5,0,3,3.12682009,0,0,0,0,15.9485979,-9.61109829,8.59569836,8.44119835,0,13.9957552,-9.61109829,10.3968325,0,,,,50
84881402,0.5,0,3,3.12682009,0,0,0,0,15.9258718,-9.87296963,8.58967113,8.43908691,0,14.0600872,-9.87296963,10.2700129,0,,,,50
84882528,0.5,0,3,4.35332537,0,0,0,0,15.9395075,-9.87296963,8.58364296,8.44119835,0,14.195899,-9.87296963,10.2700129,0,,,,50
84883664,0.5,0,3,3.06909442,0,0,0,0,15.9440527,-9.91725254,8.57761478,8.44119835,0,14.3960428,-9.91725254,10.2009182,0,,,,50
84884790,0.5,0,3,3.11583185,0,0,0,0,15.9304171,-9.91725254,8.568573,8.43486404,0,14.5604467,-9.91725254,10.2009182,0,,,,50
84885921,0.5,0,3,3.1490314,0,0,0,0,15.9485979,-9.79527092,8.56555939,8.43908691,0,14.6891098,-9.79527092,10.0518866,0,,,,50
84887047,0.5,0,3,3.11097288,0,0,0,0,15.9167824,-9.79527092,8.55953121,8.43908691,0,14.7534418,-9.79527092,10.0518866,0,,,,50
84888178,0.5,0,3,3.15027452,0,0,0,0,15.9304171,-9.76839161,8.55350399,8.43908691,0,14.810626,-9.76839161,9.90161228,0,,,,50
84889509,0.5,0,3,3.10009527,0,0,0,0,15.9167824,-9.76839161,8.54747581,8.43908691,0,14.8463659,-9.76839161,9.90161228,0,,,,50
84890639,0.5,0,3,3.23455429,0,0,0,0,15.9395075,-10.054471,8.54144764,8.43697548,0,14.874958,-10.054471,9.66705799,0,,,,50
84891771,0.5,0,3,3.23455429,0,0,0,0,15.9440527,-10.054471,8.53542042,8.43908691,0,14.8892536,-10.054471,9.66705799,0,,,,50
84892901,0.5,0,3,3.06909442,0,0,0,0,15.9395075,-10.4570665,8.52637863,8.43697548,0,14.9106979,-10.4570665,9.59796429,0,,,,50
84894028,0.5,0,3,2.91973853,0,0,0,0,15.9304171,-10.4570665,8.55953121,8.43697548,0,14.9464378,-10.4570665,9.59796429,0,,,,50
84895158,0.5,0,3,3.03062868,0,0,0,0,15.9395075,-10.4465456,8.58665657,8.43697548,0,15.0250654,-10.4465456,9.56733513,0,,,,50
84896285,0.5,0,3,3.06909442,0,0,0,0,15.9531422,-10.4465456,8.57158756,8.43908691,0,15.0965452,-10.4465456,9.56733513,0,,,,50
84897415,0.5,0,3,3.06791449,0,0,0,0,15.9213276,-9.98287678,8.58665657,8.43697548,0,15.1537294,-9.98287678,9.49942112,0,,,,50
84898542,0.5,0,3,2.99311519,0,0,0,0,15.9440527,-9.98287678,8.58665657,8.43697548,0,15.1966171,-9.98287678,9.49942112,0,,,,50
84899677,0.5,0,3,2.99311519,0,0,0,0,15.9485979,-9.22192287,8.56254578,8.43697548,0,15.2109127,-9.22192287,9.50630569,0,,,,50
84900804,0.5,0,3,3.07975507,0,0,0,0,15.9167824,-9.22192287,8.58665657,8.43697548,0,15.2252092,-9.22192287,9.50630569,0,,,,50
84901935,0.5,0,3,3.07975507,0,0,0,0,15.9395075,-8.32215405,8.58364296,8.43486404,0,15.2395048,-8.32215405,9.42655087,0,,,,50
84903061,0.5,0,3,1.94910729,0,0,0,0,15.9304171,-8.32215405,8.58364296,8.43064213,0,15.2466536,-8.32215405,9.42655087,0,,,,50
84904192,0.5,0,3,2.07695103,0,0,0,0,15.9395075,-5.71466589,8.58665657,8.43486404,0,15.2752447,-5.71466589,10.3495998,0,,,,50
84905318,0.5,0,3,3.04334307,0,0,0,0,15.9395075,-5.71466589,8.58665657,8.43486404,0,15.3324289,-5.71466589,10.3495998,0,,,,50
84906449,0.5,0,3,2.99199295,0,0,0,0,15.9304171,-1.11580372,8.58665657,8.43486404,0,15.361021,-1.11580372,10.3576069,0,,,,50
84907580,0.5,0,3,2.99199295,0,0,0,0,15.9349623,-1.11580372,8.58665657,8.43697548,0,15.3896132,-1.11580372,10.3576069,0,,,,50
84908711,0.5,0,3,2.95214391,0,0,0,0,15.9395075,2.83403063,8.58665657,8.43486404,0,15.3967609,2.83403063,10.4054632,0,,,,50
84910041,0.5,0,3,3.06909442,0,0,0,0,15.9395075,2.83403063,8.58665657,8.43486404,0,15.3824644,2.83403063,10.4054632,0,,,,50
84911172,0.5,0,3,3.01346135,0,0,0,0,15.9576874,5.18383932,8.58665657,8.43486404,0,15.3252811,5.18383932,10.3920012,0,,,,50
84912300,0.5,0,3,3.01346135,0,0,0,0,15.9167824,5.18383932,8.58665657,8.43275356,0,15.2895412,5.18383932,10.3920012,0,,,,50
84913430,0.5,0,3,3.01346135,0,0,0,0,15.9349623,6.33233643,8.58665657,8.43486404,0,15.2109127,6.33233643,10.37854,0,,,,50
84914562,0.5,0,3,2.92080712,0,0,0,0,15.9576874,6.33233643,8.58665657,8.43486404,0,15.1108418,6.33233643,10.37854,0,,,,50
84915692,0.5,0,3,2.92080712,0,0,0,0,15.9304171,6.81930208,8.58665657,8.43486404,0,14.9893255,6.81930208,10.4577332,0,,,,50
84916818,0.5,0,3,2.98081636,0,0,0,0,15.9349623,6.81930208,8.58665657,8.43486404,0,14.8392181,6.81930208,10.4577332,0,,,,50
84917949,0.5,0,3,2.99199295,0,0,0,0,15.9531422,7.03380394,8.58665657,8.43486404,0,14.681962,7.03380394,10.4657402,0,,,,50
84919076,0.5,0,3,2.94126272,0,0,0,0,15.9395075,7.03380394,8.58665657,8.43486404,0,14.4675226,7.03380394,10.4657402,0,,,,50
84920206,0.5,0,3,2.91973853,0,0,0,0,15.9349623,7.10363579,8.58665657,8.43486404,0,14.2959709,7.10363579,10.5460014,0,,,,50
84921333,0.5,0,3,2.93909597,0,0,0,0,15.9304171,7.10363579,8.58967113,8.43486404,0,14.0815315,7.10363579,10.5460014,0,,,,50
84922468,0.5,0,3,2.93909597,0,0,0,0,15.9258718,7.18719387,8.58665657,8.43486404,0,13.8599443,7.18719387,10.606905,0,,,,50
84923594,0.5,0,3,2.99311519,0,0,0,0,15.9258718,7.18719387,8.58665657,8.43486404,0,13.6169128,7.18719387,10.606905,0,,,,50
84924725,0.5,0,3,2.91440678,0,0,0,0,15.9395075,7.3445015,8.58665657,8.43486404,0,13.3309927,7.3445015,10.6924982,0,,,,50
84925851,0.5,0.540229857,3,2.84987354,0.378754556,0.322344303,0,0,15.8940573,7.3445015,8.1315546,8.24273109,0,13.3024006,7.3445015,10.6924982,0,,,,50
84926982,0.5,0.555555582,3,2.95542407,0.322344303,0.257875443,0,0,15.9122372,7.51437855,8.27320957,8.30607224,0,13.3166971,7.51437855,10.7370739,0,,,,50
84928108,0.5,0.532467544,3,2.91973853,0.330402911,0.290109873,0,0,15.9031467,7.51437855,8.30636215,8.28284645,0,13.3166971,7.51437855,10.7370739,0,,,,50
84929239,0.5,0.518518507,3,2.91973853,0.338461518,0.314285696,0,0,15.8940573,7.65787172,8.23101425,8.30818272,0,13.3095493,7.65787172,10.8173351,0,,,,50
84930370,0.5,0.518987358,3,2.88386178,0.330402911,0.306227088,0,0,15.8849669,7.65787172,8.28225136,8.23850822,0,13.2952528,7.65787172,10.8173351,0,,,,50
84931706,0.5,0.546391726,3,2.91867042,0.427106202,0.354578733,0,0,15.8758764,7.84407949,8.22800064,8.2490654,0,13.2952528,7.84407949,10.8986645,0,,,,50
84932832,0.5,0.553398073,3,2.89537191,0.459340632,0.370695949,0,0,15.8804216,7.84407949,8.21594429,8.25328827,0,13.2952528,7.84407949,10.8986645,0,,,,50
84933962,0.5,0.53773582,3,2.85089159,0.459340632,0.394871771,0,0,15.9031467,8.21590233,8.20388889,8.26595592,0,13.3024006,8.21590233,11.0477734,0,,,,50
84935089,0.5,0.528301895,3,2.90909433,0.451282024,0.402930379,0,0,15.9031467,8.21590233,8.21895885,8.25328827,0,13.3024006,8.21590233,11.0477734,0,,,,50
84936220,0.5,0.535087705,3,2.90909433,0.491575062,0.427106202,0,0,15.8940573,8.77034473,8.17676353,8.24484253,0,13.3024006,8.77034473,11.1386786,0,,,,50
84937346,0.5,0.530769229,3,2.91973853,0.556043923,0.491575062,0,0,15.8849669,8.77034473,8.12251282,8.21950626,0,13.3095493,8.77034473,11.1386786,0,,,,50
84938481,0.5,0.533333361,3,2.91973853,0.644688606,0.56410253,0,0,15.8440609,9.28522015,8.00497055,8.15405464,0,13.2738094,9.28522015,11.2189398,0,,,,50
84939608,0.5,0.525510192,3,2.91867042,0.830036581,0.749450505,0,0,15.8395166,9.28522015,7.88441372,8.07593441,0,13.2809572,9.28522015,11.2189398,0,,,,50
84940738,0.5,0.526315808,3,2.92294693,0.886446834,0.79780215,0,0,15.8122463,9.65115643,7.80002403,8.03792953,0,13.2595129,9.65115643,11.2959929,0,,,,50
84941865,0.5,0.528846145,3,2.91973853,0.886446834,0.789743543,0,0,15.8167906,9.65115643,7.80906582,8.04637527,0,13.2666607,9.65115643,11.2959929,0,,,,50
84942996,0.5,0.53513515,3,2.91973853,0.79780215,0.693040252,0,0,15.8440609,9.8991375,7.93866396,8.12238407,0,13.2738094,9.8991375,11.3762541,0,,,,50
84944122,0.5,0.539393961,3,2.93909597,0.717216074,0.612454176,0,0,15.8622417,9.8991375,8.03209591,8.16461086,0,13.2952528,9.8991375,11.3762541,0,,,,50
84945258,0.5,0.527777791,3,2.91867042,0.612454176,0.547985315,0,0,15.866787,10.0767574,8.06524849,8.18572426,0,13.2952528,10.0767574,11.4575834,0,,,,50
84946384,0.5,0.528925598,3,2.93693256,0.515750885,0.459340632,0,0,15.8531513,10.0767574,8.14361095,8.20894909,0,13.288105,10.0767574,11.4575834,0,,,,50
84947515,0.5,0.534883738,3,2.99199295,0.556043923,0.483516455,0,0,15.8622417,10.0784445,8.1164856,8.20261574,0,13.2809572,10.0784445,11.4655905,0,,,,50
84948641,0.5,0.532894731,3,2.99199295,0.652747214,0.572161138,0,0,15.866787,10.0784445,8.04415131,8.17727947,0,13.288105,10.0784445,11.4655905,0,,,,50
84949772,0.5,0.543749988,3,2.93585181,0.701098859,0.588278353,0,0,15.8622417,9.87232304,8.02606773,8.16249943,0,13.288105,9.87232304,11.5297384,0,,,,50
84950898,0.5,0.526011586,3,2.93585181,0.73333329,0.660805821,0,0,15.8440609,9.87232304,7.95373392,8.12027264,0,13.2738094,9.87232304,11.5297384,0,,,,50
84952233,0.5,0.519553065,3,1.88867354,0.749450505,0.693040252,0,0,15.8440609,11.592042,7.94469213,8.12027264,0,13.2809572,11.592042,12.6410656,0,,,,50
84953364,0.5,0.528301835,3,2.01811981,0.676923037,0.604395568,0,0,15.8304262,11.592042,7.96880341,8.12449551,0,13.2738094,11.592042,12.6410656,0,,,,50
84954495,0.5,0.524861872,3,2.95323658,0.76556772,0.693040252,0,0,15.8440609,12,7.93565035,8.12660694,0,13.2738094,15.5023346,10.8010368,0,,,,50
84955622,0.5,0.520618558,3,2.99199295,0.813919365,0.749450505,0,0,15.8349714,12,7.88139963,8.0907135,0,13.2809572,15.5023346,10.8010368,0,,,,50
84956752,0.5,0.528795779,3,2.99087143,0.813919365,0.725274682,0,0,15.825881,7.50889111,7.87537193,8.0843792,0,13.2738094,7.50889111,10.8101654,0,,,,50
84957879,0.5,0.531073451,3,2.99087143,0.757509112,0.668864429,0,0,15.825881,7.50889111,7.92660856,8.10338211,0,13.2666607,7.50889111,10.8101654,0,,,,50
84959009,0.5,0.54411763,3,2.94996119,0.596336961,0.49963367,0,0,15.8895121,2.7575345,8.13758278,8.22372913,0,13.2952528,2.7575345,10.8602037,0,,,,50
84960136,0.5,0.540983617,3,2.96972299,0.5318681,0.451282024,0,0,15.8804216,2.7575345,8.14662457,8.22372913,0,13.3024006,2.7575345,10.8602037,0,,,,50
84961271,0.5,0.532467544,3,2.99761271,0.330402911,0.290109873,0,0,15.907692,0.176786155,8.29430676,8.30607224,0,13.3095493,0.176786155,10.8625917,0,,,,50
84962398,0.5,0.592592597,3,2.98416042,0.257875443,0.177289367,0,0,15.9167824,0.176786155,8.39075184,8.34618759,0,13.3095493,0.176786155,10.8625917,0,,,,50
84963528,0.5,0.617647052,3,3.02947807,0.169230759,0.104761899,0,0,15.9349623,-1.15695822,8.36061287,8.38419151,0,13.3309927,-1.15695822,10.8331137,0,,,,50
84964655,0.5,0.689655185,3,3.02947807,0.161172152,0.0725274682,0,0,15.9349623,-1.15695822,8.49623966,8.40319443,0,13.3309927,-1.15695822,10.8331137,0,,,,50
84965785,0.5,1,3,3.01687932,0.0322344303,0,0,0,15.9349623,-1.80817139,8.63487911,8.43908691,0,13.3238449,-1.80817139,10.8162336,0,,,,50
84966912,0.5,0.857142866,3,2.99199295,0.0483516455,0.00805860758,0,0,15.9395075,-1.80817139,8.58665657,8.44119835,0,13.3238449,-1.80817139,10.8162336,0,,,,50
84968047,0.5,1,3,3.06909442,0.00805860758,0,0,0,15.9304171,-2.11788988,8.58364296,8.44330978,0,13.3166971,-2.11788988,10.7471399,0,,,,50
84969174,0.5,1,3,3.06909442,0.0161172152,0,0,0,15.9485979,-2.11788988,8.54144764,8.44542122,0,13.3309927,-2.11788988,10.7471399,0,,,,50
84970305,0.5,0,3,1.9771173,0,0,0,0,15.9304171,-0.325161159,8.54144764,8.44542122,0.00714798551,13.3095493,-0.325161159,11.7700224,0,,,,50
84971431,0.5,0,3,2.06299019,0,0,0,0,15.9440527,-0.325161159,8.58967113,8.44330978,0,13.3452892,-0.325161159,11.7700224,0,,,,50
84972561,0.5,0,3,2.06299019,0,0,0,0,15.9031467,5.58013582,8.58665657,8.44330978,0,13.3166971,5.58013582,12.7070322,0,,,,50
84973892,0.5,1,3,3.06909442,0.00805860758,0,0,0,15.9304171,5.58013582,8.55953121,8.43275356,0,13.3166971,5.58013582,12.7070322,0,,,,50
84975022,0.5,0.600000024,3,3.06909442,0.169230759,0.112820506,0,0,15.9258718,12,8.30937672,8.34196472,0,13.3166971,12.5924015,12.3187962,0,,,,50
84976154,0.5,0.534883738,3,3.03293252,0.185347974,0.161172152,0,0,15.9213276,12,8.37568283,8.35041046,0,13.3166971,12.5924015,12.3187962,0,,,,50
84977284,0.5,0.517241359,3,2.99423838,0.362637341,0.338461518,0,0,15.8895121,12,8.29430676,8.26384449,0,13.3024006,15.0829372,10.6637058,0,,,,50
84978411,0.5,0.517241359,3,3.03062868,0.483516455,0.451282024,0,0,15.866787,12,8.13758278,8.21317196,0,13.288105,15.0829372,10.6637058,0,,,,50
84979541,0.5,0.53435111,3,3.06909442,0.56410253,0.491575062,0,0,15.8713312,6.05670834,8.11045742,8.20894909,0,13.288105,6.05670834,10.5946112,0,,,,50
84980668,0.5,0.535714269,3,3.02603149,0.604395568,0.523809493,0,0,15.866787,6.05670834,8.08031845,8.19628143,0,13.2952528,6.05670834,10.5946112,0,,,,50
84981799,0.5,0.525252521,3,2.95542407,0.419047594,0.378754556,0,0,15.8895121,0.517318964,8.27019501,8.27229023,0,13.3095493,0.517318964,10.6391869,0,,,,50
84982925,0.5,0.550724626,3,2.95542407,0.306227088,0.249816835,0,0,15.9031467,0.517318964,8.32745934,8.31873989,0,13.3166971,0.517318964,10.6391869,0,,,,50
84984061,0.5,0.558139563,3,3.00099492,0.193406582,0.153113544,0,0,15.9440527,-2.49963903,8.39678001,8.3799696,0,13.3166971,-2.49963903,10.6381922,0,,,,50
84985187,0.5,0.666666687,3,3.03062868,0.145054936,0.0725274682,0,0,15.9349623,-2.49963903,8.43294716,8.39052582,0,13.3238449,-2.49963903,10.6381922,0,,,,50
84986318,0.5,1,3,3.00099492,0.0241758227,0,0,0,15.9258718,-3.89572263,8.59871292,8.43275356,0,13.3238449,-3.89572263,10.6371975,0,,,,50
84987444,0.5,1,3,3.00099492,0.0322344303,0,0,0,15.9440527,-3.89572263,8.64090729,8.44542122,0,13.3309927,-3.89572263,10.6371975,0,,,,50
84988575,0.5,0,3,1.95579553,0,0,0,0,15.9395075,-2.37675476,8.60775471,8.44964409,0,13.3309927,-2.37675476,11.6814022,0,,,,50
84989701,0.5,0,3,1.95579553,0,0,0,0,15.9349623,-2.37675476,8.6198101,8.44330978,0,13.3595848,-2.37675476,11.6814022,0,,,,50
84990832,0.5,0,3,1.95579553,0,0,0,0,15.9485979,3.82397795,8.61378193,8.44119835,0,13.3810291,3.82397795,12.725606,0,,,,50
84991963,0.5,0,3,1.50247502,0,0,0,0,15.9304171,3.82397795,8.60775471,8.44330978,0,13.3881769,3.82397795,12.725606,0,,,,50
84993094,0.5,0,3,2.06887364,0,0,0,0,15.9258718,12,8.60172653,8.43908691,0,13.3095493,13.3057728,12.9532814,0,,,,50
84994424,0.5,0.428571433,3,3.00212383,0.0967032909,0.128937721,0,0,15.9258718,12,8.25211143,8.34618759,0,13.3095493,13.3057728,12.9532814,0,,,,50
84995554,0.5,0.494623661,3,2.9576149,0.370695949,0.378754556,0,0,15.8804216,12,7.99894238,8.25117683,0,13.2952528,18.1007519,9.70904446,0,,,,50
84996681,0.5,0.538461566,3,3.0157392,0.507692277,0.435164809,0,0,15.8758764,12,8.11347103,8.22372913,0,13.2952528,18.1007519,9.70904446,0,,,,50
84997812,0.5,0.523809552,3,3.03178024,0.5318681,0.483516455,0,0,15.8576965,2.11714196,8.10141563,8.18994713,0,13.288105,2.11714196,9.67726421,0,,,,50
84998943,0.5,0.534883738,3,3.03178024,0.556043923,0.483516455,0,0,15.866787,2.11714196,8.11347103,8.20894909,0,13.2952528,2.11714196,9.67726421,0,,,,50
85000074,0.5,0.579710126,3,3.0157392,0.322344303,0.23369962,0,0,15.9304171,-7.20609379,8.37869644,8.33985329,0,13.3024006,-7.20609379,9.66152477,0,,,,50
85001200,0.5,0.523809552,3,3.06791449,0.177289367,0.161172152,0,0,15.9349623,-7.20609379,8.42691898,8.37363529,0,13.3309927,-7.20609379,9.66152477,0,,,,50
85002331,0.5,0,3,3.01118708,0,0,0,0,15.9349623,-12,8.65296268,8.45386696,0,13.4096212,-12.126873,9.71868801,0,,,,50
85003457,0.5,0,3,2.99311519,0,0,0,0,15.9213276,-12,8.67104626,8.45597839,0,13.5382843,-12.126873,9.71868801,0,,,,50
85004587,0.5,0,3,3.02832842,0,0,0,0,15.9395075,-12,8.66200447,8.43908691,0,13.7026882,-13.8320417,10.6773243,0,,,,50
85005714,0.5,0,3,2.99087143,0,0,0,0,15.9531422,-12,8.6439209,8.43908691,0,13.8956842,-13.8320417,10.6773243,0,,,,50
85006849,0.5,0,3,2.99087143,0,0,0,0,15.9122372,-8.24591637,8.64994907,8.43908691,0,14.0386438,-8.24591637,10.6864529,0,,,,50
85007976,0.5,0,3,3.01687932,0,0,0,0,15.9395075,-8.24591637,8.6439209,8.43908691,0,14.1530113,-8.24591637,10.6864529,0,,,,50
85009107,0.5,0,3,3.01687932,0,0,0,0,15.9304171,-4.3971858,8.63789368,8.43908691,0,14.2244911,-4.3971858,10.6695738,0,,,,50
85010233,0.5,0,3,1.96639848,0,0,0,0,15.9258718,-4.3971858,8.6318655,8.43908691,0,14.2888231,-4.3971858,10.6695738,0,,,,50
85011363,0.5,0,3,2.06887364,0,0,0,0,15.9395075,-0.0675675049,8.62583828,8.43908691,0,14.3031187,-0.0675675049,11.6007004,0,,,,50
85012490,0.5,0,3,3.01005125,0,0,0,0,15.9485979,-0.0675675049,8.59871292,8.43908691,0,14.3317108,-0.0675675049,11.6007004,0,,,,50
85013621,0.5,0,3,2.99311519,0,0,0,0,15.9258718,5.33524418,8.61378193,8.43064213,0,14.3531551,5.33524418,11.607585,0,,,,50
85014956,0.5,1,3,2.99311519,0.00805860758,0,0,0,15.9485979,5.33524418,8.59268475,8.43697548,0,14.3745985,5.33524418,11.607585,0,,,,50
85016086,0.5,0,3,3.00212383,0,0,0,0,15.9167824,9.33199501,8.60172653,8.43908691,0,14.3603029,9.33199501,11.6054611,0,,,,50
85017212,0.5,0,3,2.99087143,0,0,0,0,15.9258718,9.33199501,8.59569836,8.43697548,0,14.2673788,9.33199501,11.6054611,0,,,,50
85018343,0.5,0,3,2.95980906,0,0,0,0,15.9304171,11.3262186,8.58665657,8.43908691,0,14.0672359,11.3262186,11.6456518,0,,,,50
85019469,0.5,0,3,2.92294693,0,0,0,0,15.9258718,11.3262186,8.58364296,8.43697548,0,13.7813158,11.3262186,11.6456518,0,,,,50
85020600,0.5,0,3,2.95323658,0,0,0,0,15.9349623,12,8.57460117,8.43697548,0,13.3595848,12.1724262,11.5995245,0,,,,50
85021726,0.5,0.514925361,3,2.99311519,0.556043923,0.523809493,0,0,15.8486061,12,7.82112122,8.13505173,0,13.288105,12.1724262,11.5995245,0,,,,50
85022861,0.5,0.536764681,3,2.99311519,0.588278353,0.507692277,0,0,15.8576965,11.7581921,7.89044142,8.18783569,0,13.2738094,11.7581921,11.6064091,0,,,,50
85023988,0.5,0.530864179,3,2.93909597,0.693040252,0.612454176,0,0,15.8486061,11.7581921,7.94770575,8.15616512,0,13.2809572,11.7581921,11.6064091,0,,,,50
85025118,0.5,0.533333361,3,2.91973853,0.773626328,0.676923037,0,0,15.8531513,11.1996937,7.91756678,8.1118269,0,13.288105,11.1996937,11.6866703,0,,,,50
85026245,0.5,0.523255825,3,2.93585181,0.725274682,0.660805821,0,0,15.8395166,11.1996937,7.95071983,8.1181612,0,13.288105,11.1996937,11.6866703,0,,,,50
85027376,0.5,0.525423765,3,2.91973853,0.749450505,0.676923037,0,0,15.8440609,10.7675276,7.93565035,8.10338211,0,13.2809572,10.7675276,11.7669315,0,,,,50
85028502,0.5,0.526315749,3,2.91973853,0.725274682,0.652747214,0,0,15.8213358,10.7675276,7.93263626,8.09704781,0,13.2666607,10.7675276,11.7669315,0,,,,50
85029638,0.5,0.518716574,3,2.93801379,0.781684935,0.725274682,0,0,15.8122463,10.4842997,7.87537193,8.07593441,0,13.2595129,10.4842997,11.8289175,0,,,,50
85030764,0.5,0.529411793,3,2.91867042,0.942857087,0.838095188,0,0,15.7895203,10.4842997,7.73371744,7.9978137,0,13.2380695,10.4842997,11.8289175,0,,,,50
85031895,0.5,0.522935808,3,2.91121697,0.918681264,0.838095188,0,0,15.7940655,10.305521,7.76385689,8.00625896,0,13.2452173,10.305521,11.9177008,0,,,,50
85033021,0.5,0.542222261,3,2.91121697,0.983150125,0.830036581,0,0,15.8167906,10.305521,7.77289867,8.03370667,0,13.2523651,10.305521,11.9177008,0,,,,50
85034152,0.5,0.536458313,3,1.907637,0.830036581,0.717216074,0,0,15.8531513,12,7.91153908,8.09704781,0,13.2809572,12.1256323,12.9423828,0,,,,50
85035279,0.5,0.538860142,3,1.907637,0.838095188,0.717216074,0,0,15.8486061,12,7.88742733,8.08860207,0,13.2809572,12.1256323,12.9423828,0,,,,50
85036614,0.5,0.532258093,3,1.907637,0.79780215,0.701098859,0,0,15.825881,12,7.90249729,8.08015633,0,13.2738094,17.5989704,11.018445,0,,,,50
85037745,0.5,0.518716574,3,1.47008944,0.781684935,0.725274682,0,0,15.8213358,12,7.90249729,8.08015633,0,13.2738094,17.5989704,11.018445,0,,,,50
85038876,0.5,0.53591162,3,2.01965213,0.781684935,0.676923037,0,0,15.8167906,8.74891949,7.92359447,8.0843792,0,13.2452173,8.74891949,11.9987926,0,,,,50
85040002,0.5,0.538071096,3,2.95651913,0.854212403,0.73333329,0,0,15.8531513,8.74891949,7.9055109,8.09704781,0,13.2809572,8.74891949,11.9987926,0,,,,50
85041132,0.5,0.554140151,3,2.95542407,0.701098859,0.56410253,0,0,15.8713312,7.41835308,8.04716492,8.17094517,0,13.288105,7.41835308,12.0433683,0,,,,50
85042259,0.5,0.516556263,3,2.98416042,0.628571391,0.588278353,0,0,15.8576965,7.41835308,8.01702595,8.16883373,0,13.288105,7.41835308,12.0433683,0,,,,50
85043390,0.5,0.530769229,3,2.98751211,0.556043923,0.491575062,0,0,15.866787,7.62452841,8.08333206,8.2005043,0,13.288105,7.62452841,12.0558567,0,,,,50
85044516,0.5,0.537815154,3,2.98751211,0.515750885,0.443223417,0,0,15.8576965,7.62452841,8.12854099,8.20261574,0,13.2809572,7.62452841,12.0558567,0,,,,50
85045652,0.5,0.532258093,3,2.98975086,0.5318681,0.46739924,0,0,15.8713312,7.59099722,8.14662457,8.22372913,0,13.288105,7.59099722,12.0661049,0,,,,50
85046778,0.5,0.537878811,3,3.0352397,0.572161138,0.491575062,0,0,15.8804216,7.59099722,8.10744381,8.21317196,0,13.2952528,7.59099722,12.0661049,0,,,,50
85047909,0.5,0.537878811,3,3.00778198,0.572161138,0.491575062,0,0,15.8758764,7.35585642,8.1315546,8.20894909,0,13.3024006,7.35585642,12.0583229,0,,,,50
85049035,0.5,0.536363661,3,2.99199295,0.475457847,0.410988986,0,0,15.8713312,7.35585642,8.16169453,8.22584057,0,13.288105,7.35585642,12.0583229,0,,,,50
85050166,0.5,0.549019635,3,3.00212383,0.451282024,0.370695949,0,0,15.8849669,6.97597456,8.23101425,8.2765131,0,13.3024006,6.97597456,12.0561991,0,,,,50
85051293,0.5,0.528301895,3,3.00212383,0.451282024,0.402930379,0,0,15.8895121,6.97597456,8.19786167,8.25328827,0,13.3024006,6.97597456,12.0561991,0,,,,50
85052423,0.5,0.526315808,3,3.00212383,0.483516455,0.435164809,0,0,15.8804216,6.53366756,8.18279171,8.24061966,0,13.3024006,6.53366756,12.0540752,0,,,,50
85053555,0.5,0.534482777,3,1.96060097,0.49963367,0.435164809,0,0,15.8713312,6.53366756,8.15265274,8.22584057,0,13.2952528,6.53366756,12.0540752,0,,,,50
85054685,0.5,0.553398073,3,2.08345819,0.459340632,0.370695949,0,0,15.8849669,7.79444313,8.23101425,8.2553997,0,13.2952528,7.79444313,12.9706173,0,,,,50
85055812,0.5,0.551401854,3,3.03870726,0.475457847,0.386813164,0,0,15.8895121,7.79444313,8.18279171,8.25328827,0,13.3024006,7.79444313,12.9706173,0,,,,50
85057146,0.5,0.524999976,3,3.06909442,0.507692277,0.459340632,0,0,15.8849669,10.8474884,8.16169453,8.23639679,0,13.2952528,10.8474884,12.9015226,0,,,,50
85058273,0.5,0.547169805,3,3.04799294,0.46739924,0.386813164,0,0,15.8758764,10.8474884,8.20388889,8.24484253,0,13.2952528,10.8474884,12.9015226,0,,,,50
85059403,0.5,0.539682567,3,3.04799294,0.547985315,0.46739924,0,0,15.8758764,12,8.11347103,8.21950626,0,13.288105,12.9009275,12.3681784,0,,,,50
85060535,0.5,0.537931085,3,1.97662771,0.628571391,0.539926708,0,0,15.866787,12,8.0562067,8.18361282,0,13.288105,12.9009275,12.3681784,0,,,,50
85061665,0.5,0.517006755,3,1.97662771,0.612454176,0.572161138,0,0,15.8349714,12,8.02305412,8.16883373,0,13.2809572,12.4399157,13.1545572,0,,,,50
85062791,0.5,0.538922131,3,2.08945942,0.725274682,0.620512784,0,0,15.8486061,12,7.99291468,8.15194321,0,13.2809572,12.4399157,13.1545572,0,,,,50
85063922,0.5,0.521978021,3,3.07382345,0.76556772,0.701098859,0,0,15.8395166,12,7.92359447,8.11604977,0,13.2809572,13.1231756,12.4756517,0,,,,50
85065049,0.5,0.534482777,3,3.06909442,0.749450505,0.652747214,0,0,15.8304262,12,7.93263626,8.10549259,0,13.2595129,13.1231756,12.4756517,0,,,,50
85066179,0.5,0.540229857,3,3.04218292,0.757509112,0.644688606,0,0,15.8440609,10.3023806,7.95373392,8.13294029,0,13.2809572,10.3023806,12.4334688,0,,,,50
85067306,0.5,0.524064124,3,3.06909442,0.789743543,0.717216074,0,0,15.8486061,10.3023806,7.91153908,8.09915924,0,13.2809572,10.3023806,12.4334688,0,,,,50
85068441,0.5,0.525641024,3,3.10009527,0.660805821,0.596336961,0,0,15.8486061,7.89635611,7.99894238,8.1456089,0,13.2809572,7.89635611,12.3333731,0,,,,50
85069567,0.5,0.534722209,3,3.1037128,0.620512784,0.539926708,0,0,15.866787,7.89635611,8.08333206,8.18994713,0,13.2952528,7.89635611,12.3333731,0,,,,50
85070698,0.5,0.533834636,3,3.1037128,0.572161138,0.49963367,0,0,15.8804216,5.7403779,8.13456917,8.21950626,0,13.3024006,5.7403779,12.229661,0,,,,50
85071825,0.5,0.527777791,3,3.08690357,0.459340632,0.410988986,0,0,15.8758764,5.7403779,8.17374992,8.23428535,0,13.2952528,5.7403779,12.229661,0,,,,50
85072955,0.5,0.537634432,3,3.11340046,0.402930379,0.346520126,0,0,15.9031467,3.76290345,8.32444572,8.29973793,0,13.3024006,3.76290345,12.1162605,0,,,,50
85074082,0.5,0.59523809,3,3.1280458,0.402930379,0.273992658,0,0,15.9031467,3.76290345,8.28827858,8.29551506,0,13.3095493,3.76290345,12.1162605,0,,,,50
85075212,0.5,0.543859661,3,3.15027452,0.249816835,0.209523797,0,0,15.9167824,1.90595233,8.36965466,8.33351898,0,13.3166971,1.90595233,11.9659853,0,,,,50
85076344,0.5,0.535714269,3,3.11948609,0.241758227,0.209523797,0,0,15.9213276,1.90595233,8.37568283,8.34829903,0,13.3238449,1.90595233,11.9659853,0,,,,50
85077475,0.5,0.590909064,3,3.06791449,0.209523797,0.145054936,0,0,15.9304171,0.262305945,8.42390537,8.36096668,0,13.3238449,0.262305945,11.8980713,0,,,,50
85078805,0.5,0.639999986,3,3.04334307,0.128937721,0.0725274682,0,0,15.9304171,0.262305945,8.46609974,8.40530586,0,13.3238449,0.262305945,11.8980713,0,,,,50
85079936,0.5,0.733333349,3,3.06909442,0.0886446834,0.0322344303,0,0,15.9349623,-0.961559653,8.52035046,8.43064213,0,13.3309927,-0.961559653,11.8289766,0,,,,50
85081063,0.5,0.692307711,3,3.06909442,0.0725274682,0.0322344303,0,0,15.9304171,-0.961559653,8.57158756,8.41797352,0,13.3095493,-0.961559653,11.8289766,0,,,,50
85082193,0.5,1,3,3.10492039,0.0241758227,0,0,0,15.9395075,-1.85237551,8.58364296,8.44753265,0,13.3309927,-1.85237551,11.7240562,0,,,,50
85083320,0.5,1,3,3.10492039,0.0402930379,0,0,0,15.9349623,-1.85237551,8.5565176,8.44119835,0,13.3238449,-1.85237551,11.7240562,0,,,,50
85084455,0.5,0,3,2.01557088,0,0,0,0,15.9485979,-0.585079253,8.568573,8.44964409,0,13.3166971,-0.585079253,12.7084856,0,,,,50
85085581,0.5,0,3,2.12677121,0,0,0,0,15.9440527,-0.585079253,8.58062935,8.44753265,0,13.3238449,-0.585079253,12.7084856,0,,,,50
85086712,0.5,0,3,3.12192702,0,0,0,0,15.9304171,2.97294211,8.58665657,8.44330978,0,13.3166971,2.97294211,12.5865583,0,,,,50
85087838,0.5,0.875,3,3.06909442,0.056410253,0.00805860758,0,0,15.9395075,2.97294211,8.49925327,8.43697548,0,13.3166971,2.97294211,12.5865583,0,,,,50
85088969,0.5,0.785714269,3,3.06791449,0.0886446834,0.0241758227,0,0,15.9258718,5.67689371,8.43897438,8.40108299,0,13.3238449,5.67689371,12.5186443,0,,,,50
85090095,0.5,0.772727251,3,3.06791449,0.136996329,0.0402930379,0,0,15.9304171,5.67689371,8.4178772,8.39263725,0,13.3238449,5.67689371,12.5186443,0,,,,50
85091231,0.5,0.666666687,3,3.06791449,0.225641012,0.112820506,0,0,15.9167824,6.68498278,8.36061287,8.34829903,0,13.3238449,6.68498278,12.4507294,0,,,,50
85092357,0.5,0.583333313,3,2.01201344,0.225641012,0.161172152,0,0,15.9213276,6.68498278,8.37869644,8.3525219,0,13.3238449,6.68498278,12.4507294,0,,,,50
85093488,0.5,0.555555582,3,2.01201344,0.282051265,0.225641012,0,0,15.907692,8.67194653,8.33951569,8.31873989,0,13.3166971,8.67194653,13.4387159,0,,,,50
85094614,0.5,0.551724136,3,1.53928351,0.257875443,0.209523797,0,0,15.9122372,8.67194653,8.36061287,8.33351898,0,13.3095493,8.67194653,13.4387159,0,,,,50
85095745,0.5,0.543209851,3,1.53928351,0.354578733,0.29816848,0,0,15.8986015,12,8.27320957,8.29340363,0,13.3095493,15.0947323,13.2322254,0,,,,50
85096872,0.5,0.542168677,3,1.53484237,0.362637341,0.306227088,0,0,15.8849669,12,8.27019501,8.2765131,0,13.2952528,15.0947323,13.2322254,0,,,,50
85098002,0.5,0.535714269,3,1.53484237,0.483516455,0.419047594,0,0,15.8758764,12,8.17374992,8.24061966,0,13.2952528,16.6454639,12.1947594,0,,,,50
85099338,0.5,0.540145993,3,1.53425217,0.596336961,0.507692277,0,0,15.8713312,12,8.08333206,8.19628143,0,13.288105,16.6454639,12.1947594,0,,,,50
85100469,0.5,0.53125,3,1.53425217,0.684981644,0.604395568,0,0,15.8576965,10.9750032,7.98990059,8.16038799,0,13.288105,10.9750032,13.6605072,0,,,,50
85101595,0.5,0.52976191,3,2.11774015,0.717216074,0.636629999,0,0,15.8395166,10.9750032,7.94167805,8.12871838,0,13.2809572,10.9750032,13.6605072,0,,,,50
85102726,0.5,0.52352941,3,3.05382514,0.717216074,0.652747214,0,0,15.8304262,12,7.94167805,8.11393833,0,13.2809572,13.0683222,13.0311508,0,,,,50
85103852,0.5,0.515723228,3,3.05382514,0.660805821,0.620512784,0,0,15.8304262,12,7.96578932,8.13294029,0,13.2738094,13.0683222,13.0311508,0,,,,50
85104983,0.5,0.534161508,3,1.97223067,0.693040252,0.604395568,0,0,15.825881,12,7.95373392,8.1181612,0,13.2666607,13.7807283,13.0995989,0,,,,50
85106110,0.5,0.532608688,3,2.09000659,0.789743543,0.693040252,0,0,15.8031559,12,7.90249729,8.08226776,0,13.2523651,13.7807283,13.0995989,0,,,,50
85107245,0.5,0.52422905,3,3.05032325,0.958974302,0.870329618,0,0,15.7758856,10.9653435,7.68248081,7.95769835,0,13.2380695,10.9653435,13.0492754,0,,,,50
85108372,0.5,0.527881026,3,3.02947807,1.14432228,1.02344322,0,0,15.7577057,10.9653435,7.50767374,7.87113237,0,13.2309208,10.9653435,13.0492754,0,,,,50
85109502,0.5,0.538461566,3,3.02947807,1.18461537,1.01538455,0,0,15.7577057,9.84883308,7.53781271,7.89858007,0,13.223773,9.84883308,13.0197973,0,,,,50
85110629,0.5,0.535849094,3,3.06555724,1.14432228,0.991208732,0,0,15.7986107,9.84883308,7.65234184,7.97247744,0,13.2452173,9.84883308,13.0197973,0,,,,50
85111759,0.5,0.536363661,3,3.10976052,0.950915694,0.821977973,0,0,15.8531513,8.53331947,7.86331606,8.07804585,0,13.2809572,8.53331947,12.910037,0,,,,50
85112887,0.5,0.541666687,3,3.08332515,0.73333329,0.620512784,0,0,15.8576965,8.53331947,8.00798416,8.15616512,0,13.288105,8.53331947,12.910037,0,,,,50
85114022,0.5,0.530434787,3,3.06791449,0.491575062,0.435164809,0,0,15.866787,7.04681969,8.17676353,8.227952,0,13.288105,7.04681969,12.8421221,0,,,,50
85115149,0.5,0.541284382,3,3.10130024,0.475457847,0.402930379,0,0,15.8849669,7.04681969,8.22498608,8.25751019,0,13.288105,7.04681969,12.8421221,0,,,,50
85116279,0.5,0.536363661,3,3.1490314,0.475457847,0.410988986,0,0,15.8940573,5.43621206,8.24306965,8.26173306,0,13.3024006,5.43621206,12.6930914,0,,,,50
85117405,0.5,0.546296299,3,3.1490314,0.475457847,0.394871771,0,0,15.8895121,5.43621206,8.20388889,8.25117683,0,13.3095493,5.43621206,12.6930914,0,,,,50
85118536,0.5,0.520408154,3,3.10854912,0.410988986,0.378754556,0,0,15.8895121,3.73149657,8.24005604,8.26595592,0,13.3024006,3.73149657,12.5845423,0,,,,50
85119866,0.5,0.53191489,3,3.10854912,0.402930379,0.354578733,0,0,15.8895121,3.73149657,8.24005604,8.26173306,0,13.3024006,3.73149657,12.5845423,0,,,,50
85120997,0.5,0.533333361,3,2.01302862,0.322344303,0.282051265,0,0,15.8849669,4.13721895,8.28827858,8.27017879,0,13.3024006,4.13721895,13.5715132,0,,,,50
85122128,0.5,0.555555582,3,2.13359499,0.322344303,0.257875443,0,0,15.907692,4.13721895,8.3425293,8.3250742,0,13.3095493,4.13721895,13.5715132,0,,,,50
85123259,0.5,0.545454562,3,3.10250592,0.338461518,0.282051265,0,0,15.907692,6.99174309,8.30937672,8.31240559,0,13.3024006,6.99174309,13.4690075,0,,,,50
85124385,0.5,0.554054081,3,3.15027452,0.330402911,0.26593405,0,0,15.9031467,6.99174309,8.30636215,8.31029415,0,13.3166971,6.99174309,13.4690075,0,,,,50
85125516,0.5,0.533333361,3,3.16401505,0.322344303,0.282051265,0,0,15.8895121,8.96974945,8.32143211,8.30607224,0,13.3024006,8.96974945,13.3049917,0,,,,50
85126643,0.5,0.540816307,3,3.16401505,0.427106202,0.362637341,0,0,15.9031467,8.96974945,8.23704243,8.30607224,0,13.3095493,8.96974945,13.3049917,0,,,,50
85127773,0.5,0.522123873,3,2.0361433,0.475457847,0.435164809,0,0,15.8804216,11.0560541,8.18580532,8.23850822,0,13.2952528,11.0560541,14.2688484,0,,,,50
85128900,0.5,0.541284382,3,2.15200782,0.475457847,0.402930379,0,0,15.8713312,11.0560541,8.1918335,8.23639679,0,13.2809572,11.0560541,14.2688484,0,,,,50
85130035,0.5,0.525547445,3,2.15200782,0.580219746,0.523809493,0,0,15.866787,12,8.1164856,8.21106052,0,13.2809572,16.1284962,12.8927202,0,,,,50
85131161,0.5,0.547169805,3,2.99423838,0.701098859,0.580219746,0,0,15.8576965,12,8.0411377,8.16883373,0,13.288105,16.1284962,12.8927202,0,,,,50
85132292,0.5,0.517241359,3,3.03062868,0.725274682,0.676923037,0,0,15.825881,9.05911541,7.95373392,8.1181612,0,13.2595129,9.05911541,12.862092,0,,,,50
85133418,0.5,0.528735638,3,3.17661047,0.741391897,0.660805821,0,0,15.8213358,9.05911541,7.95071983,8.11393833,0,13.2666607,9.05911541,12.862092,0,,,,50
85134549,0.5,0.548780501,3,3.1490314,0.725274682,0.596336961,0,0,15.8758764,5.23721838,8.04415131,8.1730566,0,13.2952528,5.23721838,12.7130604,0,,,,50
85135675,0.5,0.541935444,3,3.13050032,0.676923037,0.572161138,0,0,15.866787,5.23721838,8.06524849,8.17516804,0,13.288105,5.23721838,12.7130604,0,,,,50
85136806,0.5,0.545454562,3,3.15027452,0.483516455,0.402930379,0,0,15.8849669,2.24037123,8.20087528,8.24695396,0,13.3024006,2.24037123,12.5627861,0,,,,50
85137937,0.5,0.585365832,3,3.15276384,0.386813164,0.273992658,0,0,15.9031467,2.24037123,8.30937672,8.2976265,0,13.3095493,2.24037123,12.5627861,0,,,,50
85139068,0.5,0.566666663,3,3.15276384,0.273992658,0.209523797,0,0,15.9213276,-0.246687725,8.38472462,8.34829903,0,13.3024006,-0.246687725,12.4100218,0,,,,50
85140195,0.5,0.571428597,3,3.1490314,0.193406582,0.145054936,0,0,15.9213276,-0.246687725,8.44500256,8.36730099,0,13.3238449,-0.246687725,12.4100218,0,,,,50
85141530,0.5,0.75,3,3.16401505,0.0725274682,0.0241758227,0,0,15.9349623,-2.32136393,8.55048943,8.43064213,0,13.3238449,-2.32136393,12.246007,0,,,,50
85142656,0.5,0.75,3,3.16401505,0.0725274682,0.0241758227,0,0,15.9349623,-2.32136393,8.53240585,8.42219639,0,13.3309927,-2.32136393,12.246007,0,,,,50
85143787,0.5,1,3,2.04606295,0.00805860758,0,0,0,15.9304171,-1.99717927,8.58062935,8.44964409,0,13.3309927,-1.99717927,13.1999445,0,,,,50
85144918,0.5,0,3,2.04606295,0,0,0,0,15.9531422,-1.99717927,8.61378193,8.45386696,0,13.3381405,-1.99717927,13.1999445,0,,,,50
85146050,0.5,0,3,1.57700503,0,0,0,0,15.9122372,3.84789348,8.60775471,8.44964409,0,13.3166971,3.84789348,14.6229391,0,,,,50
85147176,0.5,0,3,2.19462204,0,0,0,0,15.9349623,3.84789348,8.60172653,8.44753265,0,13.3309927,3.84789348,14.6229391,0,,,,50
85148306,0.5,0.594594598,3,3.16526985,0.177289367,0.120879114,0,0,15.9304171,12,8.34855747,8.36730099,0,13.3238449,12.2012081,14.3492737,0,,,,50
85149433,0.5,0.703703701,3,3.15276384,0.153113544,0.0644688606,0,0,15.9258718,12,8.1918335,8.37785816,0,13.3166971,12.2012081,14.3492737,0,,,,50
85150564,0.5,0.46875,3,3.17282104,0.362637341,0.410988986,0,0,15.8849669,12,8.33348751,8.27017879,0,13.2952528,16.7186832,11.6343842,0,,,,50
85151690,0.5,0.524590135,3,3.23455429,0.515750885,0.46739924,0,0,15.866787,12,8.14059639,8.21739483,0,13.2952528,16.7186832,11.6343842,0,,,,50
85152826,0.5,0.533333361,3,3.23455429,0.515750885,0.451282024,0,0,15.866787,2.85046053,8.15867996,8.23217392,0,13.288105,2.85046053,11.3998299,0,,,,50
85153952,0.5,0.528169036,3,3.15401006,0.604395568,0.539926708,0,0,15.8622417,2.85046053,8.07127666,8.18783569,0,13.2952528,2.85046053,11.3998299,0,,,,50
85155082,0.5,0.551282048,3,3.15151882,0.346520126,0.282051265,0,0,15.9167824,-6.26798868,8.33650112,8.31662846,0,13.3095493,-6.26798868,11.248312,0,,,,50
85156209,0.5,0.517241359,3,3.15027452,0.120879114,0.112820506,0,0,15.9258718,-6.26798868,8.43596077,8.34196472,0,13.3166971,-6.26798868,11.248312,0,,,,50
85157340,0.5,0,3,3.15027452,0,0,0,0,15.9622326,-11.9093475,8.64693546,8.45597839,0,13.3953247,-11.9093475,11.0980377,0,,,,50
85158466,0.5,0,3,1.99890912,0,0,0,0,15.9395075,-11.9093475,8.68008804,8.45808983,0,13.4739523,-11.9093475,11.0980377,0,,,,50
85159596,0.5,0,3,2.20798159,0,0,0,0,15.9576874,-12,8.66200447,8.44753265,0,13.6526527,-13.3791809,12.6330538,0,,,,50
85160728,0.5,0,3,3.18040872,0,0,0,0,15.9213276,-12,8.65899086,8.44542122,0,13.8385,-13.3791809,12.6330538,0,,,,50
85162063,0.5,0,3,3.07145715,0,0,0,0,15.9485979,-6.88461876,8.65296268,8.44330978,0,13.9814596,-6.88461876,12.5615969,0,,,,50
85163189,0.5,0,3,3.15900469,0,0,0,0,15.9440527,-6.88461876,8.6439209,8.43697548,0,14.1172714,-6.88461876,12.5615969,0,,,,50
85164320,0.5,0,3,3.15900469,0,0,0,0,15.9304171,-2.11028528,8.64090729,8.44330978,0,14.1744556,-2.11028528,12.4025917,0,,,,50
85165446,0.5,0,3,3.15900469,0,0,0,0,15.9349623,-2.11028528,8.6318655,8.44330978,0,14.2173433,-2.11028528,12.4025917,0,,,,50
85166577,0.5,0,3,2.04606295,0,0,0,0,15.9304171,2.24955297,8.62583828,8.44119835,0,14.2316389,2.24955297,13.3565292,0,,,,50
85167703,0.5,0,3,2.04606295,0,0,0,0,15.9485979,2.24955297,8.62583828,8.44119835,0,14.2316389,2.24955297,13.3565292,0,,,,50
85168839,0.5,0,3,1.56801844,0,0,0,0,15.9258718,10.1854706,8.61378193,8.44119835,0,14.195899,10.1854706,14.7885103,0,,,,50
85169966,0.5,0,3,2.15666103,0,0,0,0,15.9395075,10.1854706,8.61076832,8.44119835,0,14.1530113,10.1854706,14.7885103,0,,,,50
85171096,0.5,0,3,3.10733867,0,0,0,0,15.9349623,12,8.60172653,8.43908691,0,14.0457916,19.4861469,10.6482029,0,,,,50
85172223,0.5,0,3,3.10733867,0,0,0,0,15.9395075,12,8.58062935,8.43908691,0,13.902832,19.4861469,10.6482029,0,,,,50
85173353,0.5,0,3,3.10733867,0,0,0,0,15.9349623,1.75359714,8.59268475,8.43908691,0,13.6598005,1.75359714,10.5408649,0,,,,50
85174480,0.5,0,3,2.00443244,0,0,0,0,15.9485979,1.75359714,8.59268475,8.43275356,0,13.2738094,1.75359714,10.5408649,0,,,,50
85175615,0.5,0.569230795,3,2.12733817,0.29816848,0.225641012,0,0,15.9349623,-7.25089216,8.09237385,8.3250742,0,13.3309927,-7.25089216,11.4135265,0,,,,50
85176743,0.5,0.586956501,3,3.10976052,0.217582405,0.153113544,0,0,15.9258718,-7.25089216,8.26115322,8.37152386,0,13.3309927,-7.25089216,11.4135265,0,,,,50
85177873,0.5,0,3,3.1931355,0,0,0,0,15.9349623,-9.72969246,8.59268475,8.44753265,0,13.4096212,-9.72969246,11.2203913,0,,,,50
85178999,0.5,0,3,3.10854912,0,0,0,0,15.9213276,-9.72969246,8.66200447,8.45597839,0,13.5597286,-9.72969246,11.2203913,0,,,,50
85180130,0.5,0,3,3.06555724,0,0,0,0,15.9304171,-10.139348,8.65597725,8.44330978,0,13.7455759,-10.139348,11.1548347,0,,,,50
85181256,0.5,0,3,3.0726397,0,0,0,0,15.9531422,-10.139348,8.6439209,8.43908691,0,13.9171276,-10.139348,11.1548347,0,,,,50
85182387,0.5,0,3,3.06909442,0,0,0,0,15.9167824,-10.1103172,8.64090729,8.43697548,0,14.0743837,-10.1103172,11.0857401,0,,,,50
85183722,0.5,0,3,3.09528518,0,0,0,0,15.9531422,-10.1103172,8.6318655,8.43697548,0,14.2316389,-10.1103172,11.0857401,0,,,,50
85184853,0.5,0,3,3.09528518,0,0,0,0,15.9349623,-9.74641132,8.62583828,8.43697548,0,14.3388586,-9.74641132,10.9904547,0,,,,50
85185979,0.5,0,3,3.07027531,0,0,0,0,15.9531422,-9.74641132,8.60172653,8.43697548,0,14.4174871,-9.74641132,10.9904547,0,,,,50
85187110,0.5,0,3,3.05616426,0,0,0,0,15.9531422,-9.22551918,8.61378193,8.43908691,0,14.4818182,-9.22551918,10.9342909,0,,,,50
85188236,0.5,0,3,3.06909442,0,0,0,0,15.9304171,-9.22551918,8.61076832,8.43697548,0,14.5318546,-9.22551918,10.9342909,0,,,,50
85189367,0.5,0,3,3.07619333,0,0,0,0,15.9440527,-8.60309696,8.58665657,8.43697548,0,14.5818901,-8.60309696,10.858098,0,,,,50
85190493,0.5,0,3,3.06909442,0,0,0,0,15.9576874,-8.60309696,8.58062935,8.43908691,0,14.681962,-8.60309696,10.858098,0,,,,50
85191628,0.5,0,3,3.07145715,0,0,0,0,15.9304171,-7.97481918,8.58967113,8.43697548,0,14.8177738,-7.97481918,10.7866402,0,,,,50
85192755,0.5,0,3,3.06909442,0,0,0,0,15.9485979,-7.97481918,8.57460117,8.43697548,0,15.0036221,-7.97481918,10.7866402,0,,,,50
85193885,0.5,0,3,3.06909442,0,0,0,0,15.9304171,-7.39220619,8.58062935,8.43697548,0,15.1823215,-7.39220619,10.7175465,0,,,,50
85195012,0.5,0,3,3.02947807,0,0,0,0,15.9304171,-7.39220619,8.57158756,8.43486404,0,15.3038368,-7.39220619,10.7175465,0,,,,50
85196142,0.5,0,3,3.06791449,0,0,0,0,15.9395075,-6.86426783,8.56555939,8.43697548,0,15.3824644,-6.86426783,10.6496315,0,,,,50
85197269,0.5,0,3,3.03755069,0,0,0,0,15.9258718,-6.86426783,8.55953121,8.43697548,0,15.4396486,-6.86426783,10.6496315,0,,,,50
85198399,0.5,0,3,2.99311519,0,0,0,0,15.9304171,-6.26214123,8.55350399,8.43486404,0,15.4968328,-6.26214123,10.656517,0,,,,50
85199531,0.5,0,3,3.0145998,0,0,0,0,15.9349623,-6.26214123,8.54747581,8.43486404,0,15.525425,-6.26214123,10.656517,0,,,,50
85200661,0.5,0,3,2.99199295,0,0,0,0,15.9440527,-5.43614674,8.54144764,8.43486404,0,15.5683126,-5.43614674,10.6645241,0,,,,50
85201787,0.5,0,3,2.99199295,0,0,0,0,15.9304171,-5.43614674,8.53843403,8.43275356,0,15.6112003,-5.43614674,10.6645241,0,,,,50
85202918,0.5,0,3,3.00778198,0,0,0,0,15.9395075,-4.48023033,8.52939224,8.43486404,0,15.6683846,-4.48023033,10.6567421,0,,,,50
85204249,0.5,0,3,3.06909442,0,0,0,0,15.9395075,-4.48023033,8.55048943,8.43486404,0,15.7398643,-4.48023033,10.6567421,0,,,,50
85205380,0.5,0,3,2.99199295,0,0,0,0,15.9167824,-3.52693033,8.58665657,8.43486404,0,15.8256397,-3.52693033,10.6647491,0,,,,50
85206512,0.5,0,3,2.99311519,0,0,0,0,15.9395075,-3.52693033,8.58665657,8.43697548,0,15.9114161,-3.52693033,10.6647491,0,,,,50
85207642,0.5,0,3,2.9752593,0,0,0,0,15.9485979,-2.57571054,8.58062935,8.43275356,0,15.947156,-2.57571054,10.6894894,0,,,,50
85208768,0.5,0,3,2.91867042,0,0,0,0,15.9213276,-2.57571054,8.58364296,8.43486404,0,15.9757481,-2.57571054,10.6894894,0,,,,50
85209899,0.5,0,3,2.91867042,0,0,0,0,15.9349623,-1.51460671,8.58665657,8.43486404,0,15.9900436,-1.51460671,10.7708187,0,,,,50
85211025,0.5,0,3,2.95980906,0,0,0,0,15.9485979,-1.51460671,8.58665657,8.43486404,0,15.9971914,-1.51460671,10.7708187,0,,,,50
85212156,0.5,0,3,2.99199295,0,0,0,0,15.9167824,-0.407268286,8.58665657,8.43486404,0,16.0186348,-0.407268286,10.7788258,0,,,,50
85213283,0.5,0,3,2.99199295,0,0,0,0,15.9304171,-0.407268286,8.58665657,8.43486404,0,16.0186348,-0.407268286,10.7788258,0,,,,50
85214418,0.5,0,3,2.99311519,0,0,0,0,15.9440527,0.502335727,8.58364296,8.43486404,0,16.0186348,0.502335727,10.7857113,0,,,,50
85215545,0.5,0,3,2.99423838,0,0,0,0,15.9304171,0.502335727,8.58665657,8.43486404,0,16.0257835,0.502335727,10.7857113,0,,,,50
85216675,0.5,0,3,2.99423838,0,0,0,0,15.9395075,1.15647566,8.58364296,8.43486404,0,16.0257835,1.15647566,10.7914724,0,,,,50
85217801,0.5,0,3,2.91973853,0,0,0,0,15.9485979,1.15647566,8.58665657,8.43486404,0,16.011488,1.15647566,10.7914724,0,,,,50
85218932,0.5,0,3,2.91440678,0,0,0,0,15.9304171,1.76593614,8.58665657,8.43486404,0,15.9685993,1.76593614,10.8770657,0,,,,50
85220059,0.5,0,3,2.91973853,0,0,0,0,15.9531422,1.76593614,8.58665657,8.43486404,0,15.9114161,1.76593614,10.8770657,0,,,,50
85221189,0.5,0,3,2.95871162,0,0,0,0,15.9304171,2.46372461,8.58665657,8.43486404,0,15.8613796,2.46372461,10.918354,0,,,,50
85222321,0.5,0,3,2.91973853,0,0,0,0,15.9258718,2.46372461,8.58665657,8.43486404,0,15.8041964,2.46372461,10.918354,0,,,,50
85223451,0.5,0,3,2.91973853,0,0,0,0,15.9485979,3.19958448,8.58665657,8.43064213,0,15.7255678,3.19958448,10.9986153,0,,,,50
85224782,0.5,0,3,2.8683126,0,0,0,0,15.9440527,3.19958448,8.58665657,8.43275356,0,15.6183481,3.19958448,10.9986153,0,,,,50
85225912,0.5,0,3,2.99087143,0,0,0,0,15.9304171,3.84888864,8.58665657,8.43486404,0,15.525425,3.84888864,11.0077438,0,,,,50
85227038,0.5,0,3,2.93369317,0,0,0,0,15.9395075,3.84888864,8.58364296,8.43275356,0,15.3896132,3.84888864,11.0077438,0,,,,50
85228169,0.5,0,3,2.92080712,0,0,0,0,15.9531422,4.37354946,8.58967113,8.43486404,0,15.2895412,4.37354946,11.086937,0,,,,50
85229295,0.5,0,3,2.88490415,0,0,0,0,15.9576874,4.37354946,8.58665657,8.43275356,0,15.168025,4.37354946,11.086937,0,,,,50
85230430,0.5,0,3,2.84987354,0,0,0,0,15.9167824,5.05664492,8.58665657,8.43275356,0,15.0179176,5.05664492,11.2370634,0,,,,50
85231556,0.5,0,3,2.84987354,0,0,0,0,15.9349623,5.05664492,8.58665657,8.43275356,0,14.8606615,5.05664492,11.2370634,0,,,,50
85232687,0.5,0,3,2.91653728,0,0,0,0,15.9440527,5.95421124,8.57761478,8.43486404,0,14.681962,5.95421124,11.3205261,0,,,,50
85233814,0.5,0,3,2.91973853,0,0,0,0,15.9576874,5.95421124,8.57460117,8.43486404,0,14.4818182,5.95421124,11.3205261,0,,,,50
85234944,0.5,0,3,2.88386178,0,0,0,0,15.9258718,6.86678076,8.58665657,8.43486404,0,14.2387867,6.86678076,11.4366636,0,,,,50
85236070,0.5,0,3,2.91973853,0,0,0,0,15.9304171,6.86678076,8.58665657,8.43486404,0,13.9814596,6.86678076,11.4366636,0,,,,50
85237206,0.5,0,3,2.91973853,0,0,0,0,15.9258718,7.69453001,8.58665657,8.43275356,0,13.7026882,7.69453001,11.5169249,0,,,,50
85238332,0.5,0,3,2.89852715,0,0,0,0,15.9349623,7.69453001,8.58665657,8.43064213,0,13.3810291,7.69453001,11.5169249,0,,,,50
85239462,0.5,0.534482777,3,2.84987354,0.49963367,0.435164809,0,0,15.8849669,8.48744011,8.01702595,8.18572426,0,13.2952528,8.48744011,11.6670513,0,,,,50
85240589,0.5,0.549180329,3,2.89012861,0.539926708,0.443223417,0,0,15.8940573,8.48744011,8.1164856,8.23850822,0,13.3024006,8.48744011,11.6670513,0,,,,50
85241720,0.5,0.542372882,3,2.89012861,0.515750885,0.435164809,0,0,15.8895121,9.30906773,8.15265274,8.23850822,0,13.3024006,9.30906773,11.7769232,0,,,,50
85242846,0.5,0.540322602,3,2.89012861,0.539926708,0.459340632,0,0,15.8804216,9.30906773,8.14361095,8.2216177,0,13.3024006,9.30906773,11.7769232,0,,,,50
85243977,0.5,0.532374084,3,1.87535727,0.596336961,0.523809493,0,0,15.8622417,11.944252,8.08031845,8.18150139,0,13.2952528,11.944252,12.9015656,0,,,,50
85245108,0.5,0.522988498,3,2.03822374,0.73333329,0.668864429,0,0,15.8349714,11.944252,7.94770575,8.10549259,0,13.2666607,11.944252,12.9015656,0,,,,50
85246443,0.5,0.53456223,3,2.87762189,0.934798479,0.813919365,0,0,15.8167906,12,7.79399586,8.02737331,0,13.2666607,16.5664101,10.5639076,0,,,,50
85247569,0.5,0.518382311,3,2.84987354,1.13626361,1.05567765,0,0,15.784976,12,7.58904934,7.91547108,0,13.2452173,16.5664101,10.5639076,0,,,,50
85248700,0.5,0.526315808,3,2.90803409,1.12820506,1.01538455,0,0,15.784976,5.97967768,7.58904934,7.93236208,0,13.2452173,5.97967768,10.6558733,0,,,,50
85249826,0.5,0.522821605,3,2.91867042,1.01538455,0.926739872,0,0,15.7940655,5.97967768,7.71262026,7.98514557,0,13.2595129,5.97967768,10.6558733,0,,,,50
85250957,0.5,0.545454502,3,2.91867042,0.628571391,0.523809493,0,0,15.8895121,0.162870765,8.1315546,8.2216177,0,13.3024006,0.162870765,10.7372036,0,,,,50
85252084,0.5,0.548672557,3,2.90803409,0.49963367,0.410988986,0,0,15.8895121,0.162870765,8.19786167,8.24695396,0,13.3095493,0.162870765,10.7372036,0,,,,50
85253219,0.5,0.581395328,3,2.91867042,0.201465189,0.145054936,0,0,15.9349623,-2.58670902,8.40883541,8.35463333,0,13.3238449,-2.58670902,10.8185329,0,,,,50
85254346,0.5,0.692307711,3,2.93585181,0.0725274682,0.0322344303,0,0,15.9395075,-2.58670902,8.57158756,8.43064213,0,13.3238449,-2.58670902,10.8185329,0,,,,50
85255476,0.5,1,3,2.93585181,0.0161172152,0,0,0,15.9440527,-3.45031548,8.6198101,8.44753265,0,13.3381405,-3.45031548,10.8826809,0,,,,50
85256603,0.5,0,3,1.89091122,0,0,0,0,15.9349623,-3.45031548,8.65597725,8.45175552,0,13.352437,-3.45031548,10.8826809,0,,,,50
85257734,0.5,0,3,1.89091122,0,0,0,0,15.9440527,-1.27600837,8.62583828,8.44119835,0,13.4024725,-1.27600837,11.9917698,0,,,,50
85258860,0.5,0,3,2.04449034,0,0,0,0,15.9485979,-1.27600837,8.62583828,8.43908691,0,13.4382124,-1.27600837,11.9917698,0,,,,50
85259995,0.5,0,3,2.96200633,0,0,0,0,15.9213276,3.60663271,8.63487911,8.43697548,0,13.4382124,3.60663271,12.0297632,0,,,,50
85261122,0.5,0,3,2.92187667,0,0,0,0,15.9349623,3.60663271,8.62583828,8.43697548,0,13.4382124,3.60663271,12.0297632,0,,,,50
85262252,0.5,0,3,2.94996119,0,0,0,0,15.9304171,7.78126907,8.62282372,8.43697548,0,13.3381405,7.78126907,12.0798025,0,,,,50
85263379,0.5,0.613636374,3,2.91973853,0.217582405,0.136996329,0,0,15.9304171,7.78126907,8.37568283,8.33774185,0,13.3238449,7.78126907,12.0798025,0,,,,50
85264509,0.5,0.546875,3,2.91973853,0.282051265,0.23369962,0,0,15.9122372,10.2324028,8.1044302,8.31451702,0,13.3166971,10.2324028,12.1600637,0,,,,50
85265636,0.5,0.538461566,3,2.93585181,0.338461518,0.290109873,0,0,15.8940573,10.2324028,8.17676353,8.28284645,0,13.3024006,10.2324028,12.1600637,0,,,,50
85266970,0.5,0.477272719,3,2.91973853,0.338461518,0.370695949,0,0,15.8713312,11.6479578,8.22498608,8.24695396,0,13.288105,11.6479578,12.240325,0,,,,50
85268102,0.5,0.543859661,3,2.92616248,0.49963367,0.419047594,0,0,15.8849669,11.6479578,8.18580532,8.23639679,0,13.2952528,11.6479578,12.240325,0,,,,50
85269232,0.5,0.532374084,3,2.92616248,0.596336961,0.523809493,0,0,15.866787,12,8.08031845,8.18783569,0,13.288105,12.4007301,12.098279,0,,,,50
85270359,0.5,0.528169036,3,1.90809298,0.604395568,0.539926708,0,0,15.8486061,12,8.04716492,8.17727947,0,13.2809572,12.4007301,12.098279,0,,,,50
85271490,0.5,0.527397275,3,2.02734876,0.620512784,0.556043923,0,0,15.8440609,12,8.07127666,8.17516804,0,13.2738094,13.1308012,12.4617405,0,,,,50
85272616,0.5,0.528735638,3,2.02734876,0.741391897,0.660805821,0,0,15.8349714,12,7.96277571,8.12027264,0,13.2738094,13.1308012,12.4617405,0,,,,50
85273747,0.5,0.530516446,3,2.96751404,0.910622656,0.805860758,0,0,15.825881,12,7.82112122,8.0421524,0,13.2738094,12.4320593,12.2614651,0,,,,50
85274873,0.5,0.530701756,3,2.91973853,0.975091517,0.862271011,0,0,15.8122463,12,7.7487874,8.00625896,0,13.2595129,12.4320593,12.2614651,0,,,,50
85276008,0.5,0.529411793,3,2.93261504,0.870329618,0.773626328,0,0,15.8077011,11.3909025,7.83920479,8.03792953,0,13.2523651,11.3909025,12.3288498,0,,,,50
85277135,0.5,0.532663286,3,2.99199295,0.854212403,0.749450505,0,0,15.8440609,11.3909025,7.8994832,8.08860207,0.00714798551,13.2738094,11.3909025,12.3288498,0,,,,50
85278265,0.5,0.524590135,3,2.96861815,0.773626328,0.701098859,0,0,15.8486061,10.5779448,7.94770575,8.13294029,0,13.2738094,10.5779448,12.3602324,0,,,,50
85279392,0.5,0.527607322,3,2.96861815,0.693040252,0.620512784,0,0,15.8349714,10.5779448,7.98688698,8.13505173,0,13.2809572,10.5779448,12.3602324,0,,,,50
85280523,0.5,0.521428585,3,2.99087143,0.588278353,0.539926708,0,0,15.8622417,9.84432983,8.11949921,8.19417,0,13.2809572,9.84432983,12.36936,0,,,,50
85281649,0.5,0.539473712,3,2.98639417,0.660805821,0.56410253,0,0,15.8622417,9.84432983,8.06223488,8.17094517,0,13.2738094,9.84432983,12.36936,0,,,,50
85282779,0.5,0.541401327,3,2.98639417,0.684981644,0.580219746,0,0,15.8531513,9.10727596,8.02908134,8.16249943,0,13.288105,9.10727596,12.382966,0,,,,50
85283911,0.5,0.517241418,3,1.93963182,0.604395568,0.56410253,0,0,15.8440609,9.10727596,8.0562067,8.1667223,0,13.2809572,9.10727596,12.382966,0,,,,50
85285042,0.5,0.531914949,3,2.05343413,0.604395568,0.5318681,0,0,15.8713312,10.1373653,8.11949921,8.19839287,0,13.2809572,10.1373653,13.3295317,0,,,,50
85286168,0.5,0.537931085,3,2.05343413,0.628571391,0.539926708,0,0,15.8713312,10.1373653,8.09237385,8.19417,0,13.2952528,10.1373653,13.3295317,0,,,,50
85287299,0.5,0.516778529,3,3.00438452,0.620512784,0.580219746,0,0,15.8531513,12,8.05017948,8.17939091,0,13.2809572,13.1244898,12.7193575,0,,,,50
85288629,0.5,0.51449275,3,3.0352397,0.572161138,0.539926708,0,0,15.8440609,12,8.07730484,8.17939091,0,13.2738094,13.1244898,12.7193575,0,,,,50
85289760,0.5,0.540880501,3,3.00664854,0.693040252,0.588278353,0,0,15.8440609,11.7927904,8.02908134,8.1667223,0,13.2738094,11.7927904,12.7127085,0,,,,50
85290891,0.5,0.51098901,3,2.99311519,0.749450505,0.717216074,0,0,15.8395166,11.7927904,7.95071983,8.12449551,0,13.2738094,11.7927904,12.7127085,0,,,,50
85292022,0.5,0.53191489,3,3.02603149,0.805860758,0.709157467,0,0,15.8304262,10.4532814,7.89646912,8.09282494,0,13.2666607,10.4532814,12.686677,0,,,,50
85293148,0.5,0.522727251,3,3.06909442,0.741391897,0.676923037,0,0,15.8213358,10.4532814,7.93565035,8.10338211,0,13.2738094,10.4532814,12.686677,0,,,,50
85294279,0.5,0.547619045,3,3.02832842,0.741391897,0.612454176,0,0,15.8531513,9.13645172,8.00195694,8.16249943,0,13.2738094,9.13645172,12.658349,0,,,,50
85295405,0.5,0.541176498,3,3.02832842,0.741391897,0.628571391,0,0,15.8531513,9.13645172,7.9808588,8.14772034,0,13.288105,9.13645172,12.658349,0,,,,50
85296536,0.5,0.525974035,3,3.02832842,0.652747214,0.588278353,0,0,15.8531513,7.8815484,8.02606773,8.17094517,0,13.288105,7.8815484,12.6300201,0,,,,50
85297662,0.5,0.53435111,3,1.97076952,0.56410253,0.491575062,0,0,15.8531513,7.8815484,8.1044302,8.2005043,0,13.288105,7.8815484,12.6300201,0,,,,50
85298798,0.5,0.528000057,3,2.08019948,0.5318681,0.475457847,0,0,15.8849669,8.49707031,8.15265274,8.23639679,0,13.2952528,8.49707031,13.5498209,0,,,,50
85299924,0.5,0.524193525,3,3.05148983,0.523809493,0.475457847,0,0,15.8758764,8.49707031,8.14059639,8.22372913,0,13.2952528,8.49707031,13.5498209,0,,,,50
85301055,0.5,0.524999976,3,3.06909442,0.507692277,0.459340632,0,0,15.8622417,11.1220808,8.15867996,8.21739483,0,13.2738094,11.1220808,13.4807262,0,,,,50
85302181,0.5,0.533333361,3,3.06320357,0.515750885,0.451282024,0,0,15.8804216,11.1220808,8.17073631,8.23850822,0,13.288105,11.1220808,13.4807262,0,,,,50
85303312,0.5,0.533783793,3,3.06909442,0.636629999,0.556043923,0,0,15.866787,12,8.05017948,8.17727947,0,13.288105,12.8830109,12.9359322,0,,,,50
85304438,0.5,0.538961053,3,3.06909442,0.668864429,0.572161138,0,0,15.8486061,12,8.00497055,8.16461086,0,13.2809572,12.8830109,12.9359322,0,,,,50
85305569,0.5,0.524999976,3,3.07145715,0.676923037,0.612454176,0,0,15.8440609,10.2229853,8.03510952,8.16038799,0,13.2738094,10.2229853,12.8644753,0,,,,50
85306700,0.5,0.534883738,3,3.06909442,0.741391897,0.644688606,0,0,15.8531513,10.2229853,7.9748311,8.14138603,0,13.2809572,10.2229853,12.8644753,0,,,,50
85307831,0.5,0.527607322,3,3.09048986,0.693040252,0.620512784,0,0,15.8486061,7.85816002,7.99592876,8.15405464,0,13.2738094,7.85816002,12.7739849,0,,,,50
85309161,0.5,0.519480526,3,3.1490314,0.644688606,0.596336961,0,0,15.8486061,7.85816002,8.01401234,8.15827656,0,13.2738094,7.85816002,12.7739849,0,,,,50
85310292,0.5,0.535433054,3,3.09768844,0.547985315,0.475457847,0,0,15.8713312,5.7350049,8.14662457,8.22372913,0,13.288105,5.7350049,12.6762962,0,,,,50
85311418,0.5,0.532258093,3,3.06909442,0.5318681,0.46739924,0,0,15.8849669,5.7350049,8.13758278,8.227952,0,13.3024006,5.7350049,12.6762962,0,,,,50
85312549,0.5,0.523809552,3,3.12070608,0.443223417,0.402930379,0,0,15.8895121,3.79053044,8.23101425,8.26384449,0,13.2952528,3.79053044,12.5555906,0,,,,50
85313676,0.5,0.556962013,3,3.10854912,0.354578733,0.282051265,0,0,15.9031467,3.79053044,8.31540394,8.2976265,0,13.3095493,3.79053044,12.5555906,0,,,,50
85314812,0.5,0.558823526,3,3.13418889,0.306227088,0.241758227,0,0,15.9167824,1.9648205,8.34554291,8.3314085,0,13.3166971,1.9648205,12.421401,0,,,,50
85315939,0.5,0.534482777,3,3.13418889,0.249816835,0.217582405,0,0,15.9167824,1.9648205,8.36362648,8.33351898,0,13.3166971,1.9648205,12.421401,0,,,,50
85317069,0.5,0.538461566,3,3.13418889,0.169230759,0.145054936,0,0,15.9349623,0.251135945,8.48418331,8.3799696,0,13.3024006,0.251135945,12.2872124,0,,,,50
85318195,0.5,0.464285702,3,2.04135203,0.104761899,0.120879114,0,0,15.9304171,0.251135945,8.45705795,8.38419151,0,13.3166971,0.251135945,12.2872124,0,,,,50
85319327,0.5,0.714285731,3,2.17251444,0.0805860758,0.0322344303,0,0,15.9304171,0.47276631,8.51130867,8.41375065,0,13.3238449,0.47276631,13.1146984,0,,,,50
85320453,0.5,0.733333349,3,3.14778924,0.0886446834,0.0322344303,0,0,15.9395075,0.47276631,8.51432323,8.42219639,0,13.3309927,0.47276631,13.1146984,0,,,,50
85321589,0.5,0.736842096,3,3.06909442,0.112820506,0.0402930379,0,0,15.9349623,2.97058392,8.51130867,8.41586208,0,13.3309927,2.97058392,13.0456038,0,,,,50
85322716,0.5,0.777777791,3,3.15900469,0.056410253,0.0161172152,0,0,15.9349623,2.97058392,8.52336502,8.43064213,0,13.3166971,2.97058392,13.0456038,0,,,,50
85323846,0.5,0.689655185,3,3.1490314,0.161172152,0.0725274682,0,0,15.9304171,4.89903355,8.45103073,8.39897156,0,13.3238449,4.89903355,12.8965721,0,,,,50
85324972,0.5,0.782608688,3,3.1292727,0.145054936,0.0402930379,0,0,15.9258718,4.89903355,8.42089176,8.39686012,0,13.3238449,4.89903355,12.8965721,0,,,,50
85326103,0.5,0.581395328,3,3.1292727,0.201465189,0.145054936,0,0,15.9258718,5.21280527,8.34855747,8.36941242,0,13.3238449,5.21280527,12.7672997,0,,,,50
85327229,0.5,0.571428597,3,3.15027452,0.193406582,0.145054936,0,0,15.9122372,5.21280527,8.3937664,8.3525219,0,13.3166971,5.21280527,12.7672997,0,,,,50
85328360,0.5,0.565217376,3,3.13295841,0.209523797,0.161172152,0,0,15.9213276,4.53877974,8.40883541,8.36307812,0,13.3238449,4.53877974,12.6343412,0,,,,50
85329491,0.5,0.576923072,3,3.15027452,0.241758227,0.177289367,0,0,15.9167824,4.53877974,8.37266827,8.34407616,0,13.3238449,4.53877974,12.6343412,0,,,,50
85330825,0.5,0.607843161,3,3.12559557,0.249816835,0.161172152,0,0,15.9122372,3.35219026,8.4178772,8.3525219,0,13.3238449,3.35219026,12.5087452,0,,,,50
85331952,0.5,0.620000005,3,3.12559557,0.249816835,0.153113544,0,0,15.9304171,3.35219026,8.39979362,8.36941242,0,13.3238449,3.35219026,12.5087452,0,,,,50
85333083,0.5,0.555555582,3,2.01302862,0.201465189,0.161172152,0,0,15.9304171,4.01751137,8.44801617,8.39052582,0,13.3024006,4.01751137,13.495717,0,,,,50
85334209,0.5,0.634146333,3,2.12847304,0.209523797,0.120879114,0,0,15.9258718,4.01751137,8.40883541,8.35674477,0,13.3238449,4.01751137,13.495717,0,,,,50
85335340,0.5,0.594594598,3,3.10612893,0.177289367,0.120879114,0,0,15.9304171,6.97192717,8.39979362,8.38208103,0,13.3238449,6.97192717,13.3895874,0,,,,50
85336466,0.5,0.560000002,3,3.07145715,0.225641012,0.177289367,0,0,15.9213276,6.97192717,8.38773823,8.35463333,0,13.3166971,6.97192717,13.3895874,0,,,,50
85337601,0.5,0.538461566,3,3.07145715,0.282051265,0.241758227,0,0,15.9031467,9.13707638,8.30334854,8.31240559,0,13.3095493,9.13707638,13.3181305,0,,,,50
85338728,0.5,0.54285717,3,3.10854912,0.306227088,0.257875443,0,0,15.8940573,9.13707638,8.30636215,8.31029415,0,13.3024006,9.13707638,13.3181305,0,,,,50
85339858,0.5,0.572916687,3,3.1490314,0.443223417,0.330402911,0,0,15.8940573,9.49171352,8.21594429,8.28073597,0,13.288105,9.49171352,13.1690989,0,,,,50
85340985,0.5,0.521008432,3,3.10854912,0.49963367,0.459340632,0,0,15.8804216,9.49171352,8.16470814,8.23428535,0,13.3024006,9.49171352,13.1690989,0,,,,50
85342116,0.5,0.51879704,3,3.07027531,0.556043923,0.515750885,0,0,15.866787,8.73644543,8.08936024,8.19205856,0,13.288105,8.73644543,13.0988235,0,,,,50
85343242,0.5,0.530303001,3,3.11826706,0.56410253,0.49963367,0,0,15.8440609,8.73644543,8.08634663,8.18361282,0,13.2809572,8.73644543,13.0988235,0,,,,50
85344373,0.5,0.527559042,3,3.1037128,0.539926708,0.483516455,0,0,15.866787,7.46600485,8.13456917,8.21106052,0,13.288105,7.46600485,12.9951105,0,,,,50
85345504,0.5,0.524137974,3,3.10009527,0.612454176,0.556043923,0,0,15.8713312,7.46600485,8.09538841,8.21317196,0,13.288105,7.46600485,12.9951105,0,,,,50
85346634,0.5,0.547445297,3,3.10009527,0.604395568,0.49963367,0,0,15.8713312,5.96465302,8.08936024,8.21739483,0,13.2952528,5.96465302,12.8950157,0,,,,50
85347761,0.5,0.519379854,3,3.10009527,0.539926708,0.49963367,0,0,15.8622417,5.96465302,8.11045742,8.21106052,0,13.288105,5.96465302,12.8950157,0,,,,50
85348892,0.5,0.549019635,3,2.02374983,0.451282024,0.370695949,0,0,15.8713312,6.38985729,8.21594429,8.25328827,0,13.3024006,6.38985729,13.8712654,0,,,,50
85350018,0.5,0.549450576,3,2.13702345,0.402930379,0.330402911,0,0,15.8986015,6.38985729,8.3304739,8.25328827,0,13.3024006,6.38985729,13.8712654,0,,,,50
85351353,0.5,0.579999983,3,3.10612893,0.46739924,0.338461518,0,0,15.9031467,9.07369518,8.19786167,8.32296276,0,13.288105,9.07369518,13.7651367,0,,,,50
85352484,0.5,0.555555582,3,3.06909442,0.443223417,0.354578733,0,0,15.8940573,9.07369518,8.31239033,8.27440166,0,13.3095493,9.07369518,13.7651367,0,,,,50
85353615,0.5,0.535087705,3,3.09889126,0.491575062,0.427106202,0,0,15.8713312,10.9098787,8.15265274,8.227952,0,13.2952528,10.9098787,13.6662455,0,,,,50
85354741,0.5,0.529411793,3,3.07027531,0.507692277,0.451282024,0,0,15.8622417,10.9098787,8.14963818,8.20894909,0,13.2666607,10.9098787,13.6662455,0,,,,50
85355872,0.5,0.524475515,3,3.10612893,0.604395568,0.547985315,0,0,15.8531513,10.9839535,8.06826305,8.18572426,0,13.2738094,10.9839535,13.5601158,0,,,,50
85356998,0.5,0.528735638,3,3.10612893,0.741391897,0.660805821,0,0,15.8576965,10.9839535,7.96880341,8.15194321,0,13.2809572,10.9839535,13.5601158,0,,,,50
85358129,0.5,0.513368964,3,3.10612893,0.773626328,0.73333329,0,0,15.8304262,10.024888,7.91455269,8.10127068,0,13.2738094,10.024888,13.4539871,0,,,,50
85359256,0.5,0.523076892,3,3.10612893,0.821977973,0.749450505,0,0,15.8167906,10.024888,7.85126066,8.08015633,0,13.2738094,10.024888,13.4539871,0,,,,50
85360391,0.5,0.524390221,3,3.15027452,0.693040252,0.628571391,0,0,15.8349714,8.43279552,7.9808588,8.14349747,0,13.2523651,8.43279552,13.3037128,0,,,,50
85361518,0.5,0.542682946,3,3.1428299,0.717216074,0.604395568,0,0,15.8622417,8.43279552,8.00798416,8.16038799,0,13.288105,8.43279552,13.3037128,0,,,,50
85362648,0.5,0.539473712,3,3.1428299,0.660805821,0.56410253,0,0,15.8713312,6.45105839,8.06524849,8.17939091,0,13.288105,6.45105839,13.1608829,0,,,,50
85363775,0.5,0.523076952,3,2.01455307,0.547985315,0.49963367,0,0,15.8622417,6.45105839,8.11949921,8.20261574,0,13.288105,6.45105839,13.1608829,0,,,,50
85364906,0.5,0.565656543,3,2.01455307,0.451282024,0.346520126,0,0,15.8940573,6.42861986,8.26115322,8.2765131,0,13.288105,6.42861986,14.1463289,0,,,,50
85366032,0.5,0.554455459,3,1.56771028,0.451282024,0.362637341,0,0,15.8986015,6.42861986,8.22498608,8.27229023,0,13.2952528,6.42861986,14.1463289,0,,,,50
85367163,0.5,0.529411793,3,2.15316916,0.435164809,0.386813164,0,0,15.8895121,10.6189165,8.22197247,8.26806736,0,13.3024006,10.6189165,14.9931602,0,,,,50
85368294,0.5,0.527472556,3,2.15316916,0.386813164,0.346520126,0,0,15.8849669,10.6189165,8.29129314,8.27017879,0,13.3024006,10.6189165,14.9931602,0,,,,50
85369425,0.5,0.520325184,3,3.17787552,0.515750885,0.475457847,0,0,15.8713312,12,8.12251282,8.21950626,0,13.2952528,15.9275475,12.69942,0,,,,50
85370551,0.5,0.537414968,3,3.23193431,0.636629999,0.547985315,0,0,15.8622417,12,8.04415131,8.18783569,0,13.288105,15.9275475,12.69942,0,,,,50
85371886,0.5,0.532544374,3,3.16778278,0.725274682,0.636629999,0,0,15.8440609,6.22479677,7.95071983,8.13505173,0,13.2809572,6.22479677,12.5316372,0,,,,50
85373013,0.5,0.535294116,3,3.15276384,0.73333329,0.636629999,0,0,15.825881,6.22479677,7.97181749,8.1181612,0,13.2738094,6.22479677,12.5316372,0,,,,50
85374143,0.5,0.540983617,3,3.19825482,0.5318681,0.451282024,0,0,15.8895121,-0.567229211,8.17073631,8.2490654,0,13.2952528,-0.567229211,12.3333826,0,,,,50
85375270,0.5,0.543859661,3,3.1490314,0.49963367,0.419047594,0,0,15.8849669,-0.567229211,8.18881989,8.2490654,0,13.3095493,-0.567229211,12.3333826,0,,,,50
85376405,0.5,0.547169805,3,3.19569302,0.23369962,0.193406582,0,0,15.9213276,-5.33158207,8.39979362,8.3525219,0,13.3238449,-5.33158207,12.1376896,0,,,,50
85377532,0.5,0.666666687,3,3.23455429,0.145054936,0.0725274682,0,0,15.9349623,-5.33158207,8.4811697,8.40530586,0,13.3381405,-5.33158207,12.1376896,0,,,,50
85378663,0.5,1,3,3.16276097,0.00805860758,0,0,0,15.9531422,-8.62039852,8.63789368,8.45808983,0,13.3166971,-8.62039852,11.9749289,0,,,,50
85379789,0.5,0,3,3.14778924,0,0,0,0,15.9531422,-8.62039852,8.66501904,8.46231174,0,13.3953247,-8.62039852,11.9749289,0,,,,50
85380919,0.5,0,3,3.14778924,0,0,0,0,15.9213276,-10.7348995,8.65899086,8.45175552,0,13.4668045,-10.7348995,11.8271399,0,,,,50
85382046,0.5,0,3,3.20082068,0,0,0,0,15.9349623,-10.7348995,8.65296268,8.44753265,0,13.5597286,-10.7348995,11.8271399,0,,,,50
85383181,0.5,0,3,3.23455429,0,0,0,0,15.9531422,-12,8.63789368,8.44753265,0,13.645504,-12.1292448,11.6622124,0,,,,50
85384307,0.5,0,3,3.18294597,0,0,0,0,15.9395075,-12,8.63789368,8.44542122,0,13.7241325,-12.1292448,11.6622124,0,,,,50
85385438,0.5,0,3,3.23455429,0,0,0,0,15.9485979,-12,8.63487911,8.44542122,0,13.7598724,-12.8682566,11.8954096,0,,,,50
85386565,0.5,0,3,3.2111249,0,0,0,0,15.9304171,-12,8.62885189,8.44542122,0,13.7813158,-12.8682566,11.8954096,0,,,,50
85387695,0.5,0,3,3.15151882,0,0,0,0,15.9395075,-10.8348303,8.62583828,8.44542122,0,13.7598724,-10.8348303,11.7438908,0,,,,50
85388821,0.5,0,3,3.20467663,0,0,0,0,15.9304171,-10.8348303,8.61378193,8.44542122,0,13.7241325,-10.8348303,11.7438908,0,,,,50
85389952,0.5,0,3,3.1490314,0,0,0,0,15.9349623,-9.76658821,8.60474014,8.44330978,0,13.6669483,-9.76658821,11.5948591,0,,,,50
85391083,0.5,0,3,3.12070608,0,0,0,0,15.9258718,-9.76658821,8.60172653,8.44119835,0,13.6598005,-9.76658821,11.5948591,0,,,,50
85392215,0.5,0,3,3.12070608,0,0,0,0,15.9349623,-9.18435669,8.59569836,8.44119835,0,13.7598724,-9.18435669,11.4741535,0,,,,50
85393545,0.5,0,3,3.12070608,0,0,0,0,15.9258718,-9.18435669,8.58967113,8.44119835,0,13.9957552,-9.18435669,11.4741535,0,,,,50
85394676,0.5,0,3,2.05660963,0,0,0,0,15.9349623,-6.86552334,8.58364296,8.43908691,0,14.1530113,-6.86552334,12.4175434,0,,,,50
85395803,0.5,0,3,2.05660963,0,0,0,0,15.9167824,-6.86552334,8.57460117,8.44119835,0,14.2459354,-6.86552334,12.4175434,0,,,,50
85396933,0.5,0,3,1.58483529,0,0,0,0,15.9304171,0.354729891,8.568573,8.43908691,0,14.2959709,0.354729891,13.8327084,0,,,,50
85398060,0.5,0,3,2.14448953,0,0,0,0,15.9440527,0.354729891,8.56555939,8.43908691,0,14.3388586,0.354729891,13.8327084,0,,,,50
85399195,0.5,0,3,3.17787552,0,0,0,0,15.9531422,9.57812309,8.55953121,8.43908691,0,14.3388586,9.57812309,13.6548328,0,,,,50
85400321,0.5,0,3,3.23586607,0,0,0,0,15.9304171,9.57812309,8.55350399,8.43908691,0,14.3174152,9.57812309,13.6548328,0,,,,50
85401452,0.5,0,3,3.12192702,0,0,0,0,15.9304171,12,8.54747581,8.43908691,0,14.1744556,15.3499403,11.7282124,0,,,,50
85402579,0.5,0,3,3.12192702,0,0,0,0,15.9258718,12,8.54144764,8.43908691,0,13.967164,15.3499403,11.7282124,0,,,,50
85403710,0.5,0,3,2.01760936,0,0,0,0,15.9304171,8.85955238,8.53843403,8.43697548,0,13.6812439,8.85955238,12.7106028,0,,,,50
85404836,0.5,0,3,2.01760936,0,0,0,0,15.9349623,8.85955238,8.52637863,8.43697548,0,13.3238449,8.85955238,12.7106028,0,,,,50
85405971,0.5,0.524271846,3,2.13816857,0.435164809,0.394871771,0,0,15.907692,9.11835861,8.12552738,8.23850822,0,13.3095493,9.11835861,13.5724344,0,,,,50
85407097,0.5,0.551724136,3,3.10130024,0.386813164,0.314285696,0,0,15.8895121,9.11835861,8.22498608,8.25962162,0,13.3024006,9.11835861,13.5724344,0,,,,50
85408228,0.5,0.53191489,3,3.06909442,0.402930379,0.354578733,0,0,15.8940573,12,8.36965466,8.2553997,0,13.3095493,12.4037085,13.2858515,0,,,,50
85409354,0.5,0.524752498,3,3.08690357,0.427106202,0.386813164,0,0,15.866787,12,8.19786167,8.23006344,0,13.288105,12.4037085,13.2858515,0,,,,50
85410485,0.5,0.5182482,3,3.06909442,0.572161138,0.5318681,0,0,15.8576965,12,8.08031845,8.18150139,0,13.2952528,13.1219864,12.6123161,0,,,,50
85411612,0.5,0.537313461,3,3.07500792,0.580219746,0.49963367,0,0,15.866787,12,8.11347103,8.20683765,0,13.2809572,13.1219864,12.6123161,0,,,,50
85412742,0.5,0.541401327,3,3.06909442,0.684981644,0.580219746,0,0,15.8622417,9.07615376,8.02606773,8.16883373,0,13.2809572,9.07615376,12.5432215,0,,,,50
85414078,0.5,0.544910133,3,3.04915762,0.73333329,0.612454176,0,0,15.866787,9.07615376,7.99592876,8.15827656,0,13.2738094,9.07615376,12.5432215,0,,,,50
85415208,0.5,0.541401327,3,3.04915762,0.684981644,0.580219746,0,0,15.8758764,6.02975655,8.05017948,8.16883373,0,13.2952528,6.02975655,12.4940643,0,,,,50
85416335,0.5,0.539473712,3,3.06909442,0.660805821,0.56410253,0,0,15.866787,6.02975655,8.0411377,8.17727947,0,13.2952528,6.02975655,12.4940643,0,,,,50
85417466,0.5,0.535433054,3,3.05616426,0.547985315,0.475457847,0,0,15.8758764,3.79090166,8.12552738,8.21739483,0,13.2809572,3.79090166,12.4378996,0,,,,50
85418592,0.5,0.511811018,3,2.99311519,0.523809493,0.49963367,0,0,15.866787,3.79090166,8.11347103,8.21106052,0,13.3024006,3.79090166,12.4378996,0,,,,50
85419723,0.5,0.548076928,3,3.03062868,0.459340632,0.378754556,0,0,15.8849669,2.19855762,8.21594429,8.25328827,0,13.3024006,2.19855762,12.4072704,0,,,,50
85420849,0.5,0.541176498,3,3.06791449,0.370695949,0.314285696,0,0,15.8849669,2.19855762,8.29129314,8.2553997,0,13.3024006,2.19855762,12.4072704,0,,,,50
85421985,0.5,0.547945201,3,3.0585072,0.322344303,0.26593405,0,0,15.907692,1.09275639,8.33650112,8.32085133,0,13.3166971,1.09275639,12.3487635,0,,,,50
85423111,0.5,0.578947365,3,3.0585072,0.26593405,0.193406582,0,0,15.9258718,1.09275639,8.36061287,8.33985329,0,13.3238449,1.09275639,12.3487635,0,,,,50
85424242,0.5,0.609756112,3,3.06909442,0.201465189,0.128937721,0,0,15.9304171,0.261423796,8.42390537,8.39474869,0,13.3238449,0.261423796,12.2796688,0,,,,50
85425368,0.5,0.615384638,3,3.084517,0.128937721,0.0805860758,0,0,15.9258718,0.261423796,8.44801617,8.38630295,0,13.3238449,0.261423796,12.2796688,0,,,,50
85426498,0.5,0.777777791,3,3.06909442,0.112820506,0.0322344303,0,0,15.9349623,-0.423464954,8.51432323,8.41375065,0,13.3309927,-0.423464954,12.2105751,0,,,,50
85427625,0.5,0.777777791,3,3.09288573,0.112820506,0.0322344303,0,0,15.9349623,-0.423464954,8.49925327,8.41586208,0,13.3238449,-0.423464954,12.2105751,0,,,,50
85428756,0.5,0.875,3,3.1490314,0.056410253,0.00805860758,0,0,15.9258718,-1.14433038,8.52939224,8.41163921,0,13.3238449,-1.14433038,12.0615435,0,,,,50
85429887,0.5,0.857142866,3,3.12559557,0.0483516455,0.00805860758,0,0,15.9395075,-1.14433038,8.568573,8.43486404,0,13.3166971,-1.14433038,12.0615435,0,,,,50
85431018,0.5,1,3,3.14654779,0.0483516455,0,0,0,15.9349623,-2.07692337,8.55048943,8.43908691,0,13.3238449,-2.07692337,11.9149961,0,,,,50
85432144,0.5,0,3,3.14654779,0,0,0,0,15.9258718,-2.07692337,8.58364296,8.43908691,0,13.3238449,-2.07692337,11.9149961,0,,,,50
85433275,0.5,1,3,3.10854912,0.0241758227,0,0,0,15.9485979,-3.08994794,8.57158756,8.44330978,0,13.3381405,-3.08994794,11.806447,0,,,,50
85434401,0.5,0,3,3.10854912,0,0,0,0,15.9440527,-3.08994794,8.58967113,8.44330978,0,13.3381405,-3.08994794,11.806447,0,,,,50
85435735,0.5,0,3,2.00292301,0,0,0,0,15.9485979,-1.92745149,8.58665657,8.43908691,0,13.3667326,-1.92745149,12.803524,0,,,,50
85436867,0.5,0,3,2.13702345,0,0,0,0,15.9258718,-1.92745149,8.58665657,8.43486404,0,13.3881769,-1.92745149,12.803524,0,,,,50
85437997,0.5,0,3,3.17156005,0,0,0,0,15.9304171,1.55277693,8.58665657,8.43908691,0,13.3953247,1.55277693,12.6319637,0,,,,50
85439124,0.5,0,3,3.14778924,0,0,0,0,15.9440527,1.55277693,8.59268475,8.43908691,0,13.3953247,1.55277693,12.6319637,0,,,,50
85440255,0.5,0,3,3.13788652,0,0,0,0,15.9576874,3.99469829,8.58665657,8.43908691,0,13.3452892,3.99469829,12.4940767,0,,,,50
85441381,0.5,0.722222209,3,3.13788652,0.104761899,0.0402930379,0,0,15.9304171,3.99469829,8.31841755,8.38208103,0,13.3309927,3.99469829,12.4940767,0,,,,50
85442512,0.5,0.714285731,3,3.13788652,0.161172152,0.0644688606,0,0,15.9258718,4.52122116,8.57761478,8.38208103,0,13.3238449,4.52122116,12.3561907,0,,,,50
85443638,0.5,0.583333313,3,1.96494591,0.112820506,0.0805860758,0,0,15.9349623,4.52122116,8.5444622,8.39263725,0,13.3238449,4.52122116,12.3561907,0,,,,50
85444773,0.5,0.567567587,3,1.96494591,0.169230759,0.128937721,0,0,15.9304171,6.121912,8.4058218,8.32718563,0,13.3166971,6.121912,13.3912439,0,,,,50
85445900,0.5,0.638888896,3,1.5292536,0.185347974,0.104761899,0,0,15.9349623,6.121912,8.39075184,8.37574673,0,13.3166971,6.121912,13.3912439,0,,,,50
85447030,0.5,0.555555582,3,1.5292536,0.241758227,0.193406582,0,0,15.9167824,12,8.36362648,8.33774185,0,13.3095493,12.5110111,14.5866966,0,,,,50
85448157,0.5,0.568627477,3,1.5563966,0.23369962,0.177289367,0,0,15.9031467,12,8.36664104,8.3314085,0,13.3095493,12.5110111,14.5866966,0,,,,50
85449288,0.5,0.533333361,3,1.5563966,0.451282024,0.394871771,0,0,15.8758764,12,8.18279171,8.24273109,0,13.2952528,22.2240372,10.5223646,0,,,,50
85450414,0.5,0.523809552,3,1.53720772,0.5318681,0.483516455,0,0,15.8622417,12,8.1044302,8.19839287,0,13.288105,22.2240372,10.5223646,0,,,,50
85451545,0.5,0.54400003,3,2.11101747,0.547985315,0.459340632,0,0,15.866787,2.4755969,8.14361095,8.21528339,0,13.2809572,2.4755969,11.4113474,0,,,,50
85452677,0.5,0.541666687,3,2.11101747,0.628571391,0.5318681,0,0,15.8713312,2.4755969,8.07127666,8.18572426,0,13.2952528,2.4755969,11.4113474,0,,,,50
85453807,0.5,0.555555582,3,3.09168744,0.322344303,0.257875443,0,0,15.9167824,-4.96321297,8.34855747,8.31873989,0,13.3238449,-4.96321297,11.3196602,0,,,,50
85454934,0.5,0.534883738,3,3.09168744,0.185347974,0.161172152,0,0,15.9258718,-4.96321297,8.42089176,8.36518955,0,13.3238449,-4.96321297,11.3196602,0,,,,50
85456269,0.5,0,3,1.98449266,0,0,0,0,15.9349623,-6.21499968,8.65899086,8.45597839,0,13.3738813,-6.21499968,12.3351679,0,,,,50
85457396,0.5,0,3,2.11774015,0,0,0,0,15.9304171,-6.21499968,8.67104626,8.44964409,0,13.4596567,-6.21499968,12.3351679,0,,,,50
85458526,0.5,0,3,3.06085348,0,0,0,0,15.9258718,-3.62730575,8.66501904,8.44330978,0,13.5740242,-3.62730575,12.2743139,0,,,,50
85459653,0.5,0,3,3.06909442,0,0,0,0,15.9440527,-3.62730575,8.65597725,8.43908691,0,13.6740961,-3.62730575,12.2743139,0,,,,50
85460788,0.5,0,3,3.06555724,0,0,0,0,15.9395075,-0.929199457,8.65296268,8.43908691,0,13.7527237,-0.929199457,12.2087564,0,,,,50
85461914,0.5,0,3,3.07027531,0,0,0,0,15.9440527,-0.929199457,8.63789368,8.44330978,0,13.8027601,-0.929199457,12.2087564,0,,,,50
85463045,0.5,0,3,3.07027531,0,0,0,0,15.9576874,0.486360133,8.63789368,8.43908691,0,13.7956123,0.486360133,12.1384811,0,,,,50
85464171,0.5,0,3,3.06673527,0,0,0,0,15.9258718,0.486360133,8.63487911,8.43486404,0.00714798551,13.8027601,0.486360133,12.1384811,0,,,,50
85465302,0.5,0,3,3.07027531,0,0,0,0,15.9531422,1.05851781,8.62885189,8.43908691,0,13.7598724,1.05851781,12.0682058,0,,,,50
85466428,0.5,0,3,3.03986502,0,0,0,0,15.9122372,1.05851781,8.6198101,8.43908691,0,13.6883926,1.05851781,12.0682058,0,,,,50
85467564,0.5,0,3,3.07027531,0,0,0,0,15.9258718,1.09747422,8.61679649,8.43697548,0,13.6383562,1.09747422,11.9979305,0,,,,50
85468690,0.5,0,3,3.03870726,0,0,0,0,15.9167824,1.09747422,8.60775471,8.43908691,0,13.5454321,1.09747422,11.9979305,0,,,,50
85469821,0.5,0,3,2.99087143,0,0,0,0,15.9485979,0.96747905,8.59569836,8.43697548,0,13.4739523,0.96747905,12.0070591,0,,,,50
85470947,0.5,0,3,2.99087143,0,0,0,0,15.9485979,0.96747905,8.59569836,8.43697548,0,13.3953247,0.96747905,12.0070591,0,,,,50
85472078,0.5,0,3,3.05382514,0,0,0,0,15.9304171,0.860497952,8.59268475,8.43697548,0,13.3238449,0.860497952,11.9532337,0,,,,50
85473204,0.5,0.777777791,3,3.03178024,0.169230759,0.0483516455,0,0,15.9395075,0.860497952,8.4058218,8.40319443,0,13.3309927,0.860497952,11.9532337,0,,,,50
85474335,0.5,0.818181813,3,3.06673527,0.0725274682,0.0161172152,0,0,15.9304171,0.647448719,8.36061287,8.41163921,0,13.3309927,0.647448719,11.8864985,0,,,,50
85475466,0.5,0.875,3,3.03062868,0.056410253,0.00805860758,0,0,15.9349623,0.647448719,8.34554291,8.42008495,0,13.3238449,0.647448719,11.8864985,0,,,,50
85476801,0.5,0.888888896,3,3.04218292,0.0644688606,0.00805860758,0,0,15.9349623,0.322426945,8.41184998,8.42008495,0,13.3309927,0.322426945,11.8443155,0,,,,50
85477928,0.5,1,3,3.06909442,0.0161172152,0,0,0,15.9258718,0.322426945,8.57158756,8.43275356,0,13.3238449,0.322426945,11.8443155,0,,,,50
85479058,0.5,1,3,3.03639483,0.0402930379,0,0,0,15.9440527,0.0187077299,8.56555939,8.43697548,0,13.3166971,0.0187077299,11.8079214,0,,,,50
85480185,0.5,1,3,3.03639483,0.056410253,0,0,0,15.9349623,0.0187077299,8.61076832,8.42853069,0,13.3309927,0.0187077299,11.8079214,0,,,,50
85481315,0.5,1,3,3.03639483,0.0161172152,0,0,0,15.9395075,-0.213369563,8.59871292,8.43697548,0,13.3238449,-0.213369563,11.7715263,0,,,,50
85482442,0.5,1,3,1.9548372,0.0241758227,0,0,0,15.9349623,-0.213369563,8.5444622,8.43697548,0,13.3309927,-0.213369563,11.7715263,0,,,,50
85483577,0.5,0,3,1.9548372,0,0,0,0,15.9485979,1.62137353,8.58967113,8.43697548,0,13.3309927,1.62137353,12.8166895,0,,,,50
85484704,0.5,0,3,1.50530946,0,0,0,0,15.9395075,1.62137353,8.58665657,8.43697548,0,13.3309927,1.62137353,12.8166895,0,,,,50
85485835,0.5,0.800000012,3,2.07155895,0.0967032909,0.0241758227,0,0,15.9349623,7.51454782,8.43294716,8.40952778,0,13.3309927,7.51454782,13.7451296,0,,,,50
85486961,0.5,0.888888896,3,3.01916194,0.0644688606,0.00805860758,0,0,15.9258718,7.51454782,8.4691143,8.40108299,0,13.3166971,7.51454782,13.7451296,0,,,,50
85488092,0.5,0.579999983,3,3.01916194,0.23369962,0.169230759,0,0,15.9213276,12,8.31841755,8.3250742,0,13.3166971,14.4913893,12.3837967,0,,,,50
85489218,0.5,0.554054081,3,2.99311519,0.330402911,0.26593405,0,0,15.9031467,12,8.29430676,8.29551506,0,13.3095493,14.4913893,12.3837967,0,,,,50
85490349,0.5,0.522935808,3,3.02717948,0.459340632,0.419047594,0,0,15.8622417,11.018693,8.13456917,8.20894909,0,13.2809572,11.018693,12.356617,0,,,,50
85491480,0.5,0.542635679,3,3.06909442,0.56410253,0.475457847,0,0,15.8622417,11.018693,8.11045742,8.19628143,0,13.2809572,11.018693,12.356617,0,,,,50
85492611,0.5,0.535211265,3,2.99986672,0.612454176,0.5318681,0,0,15.8713312,8.42179108,8.08031845,8.2005043,0,13.2809572,8.42179108,12.3567505,0,,,,50
85493737,0.5,0.537500024,3,2.99986672,0.693040252,0.596336961,0,0,15.8576965,8.42179108,8.00195694,8.16038799,0,13.2952528,8.42179108,12.3567505,0,,,,50
85494868,0.5,0.528925598,3,2.99986672,0.515750885,0.459340632,0,0,15.8758764,6.569664,8.13456917,8.21950626,0,13.2952528,6.569664,12.356883,0,,,,50
85495994,0.5,0.520000041,3,1.9191066,0.523809493,0.483516455,0,0,15.8622417,6.569664,8.11045742,8.20472717,0,13.2952528,6.569664,12.356883,0,,,,50
85497125,0.5,0.554455459,3,2.07803273,0.451282024,0.362637341,0,0,15.8758764,6.99191046,8.19786167,8.2553997,0,13.2952528,6.99191046,13.2788506,0,,,,50
85498460,0.5,0.512820542,3,3.02144837,0.483516455,0.459340632,0,0,15.8622417,6.99191046,8.14662457,8.22584057,0,13.2952528,6.99191046,13.2788506,0,,,,50
85499591,0.5,0.524822712,3,2.99087143,0.596336961,0.539926708,0,0,15.8622417,9.73291588,8.05922127,8.18150139,0,13.288105,9.73291588,13.2879791,0,,,,50
85500717,0.5,0.531034529,3,2.96200633,0.620512784,0.547985315,0,0,15.8531513,9.73291588,8.0411377,8.1667223,0,13.2809572,9.73291588,13.2879791,0,,,,50
85501848,0.5,0.537974656,3,2.96200633,0.684981644,0.588278353,0,0,15.8213358,12,7.96277571,8.11604977,0,13.2666607,12.0322704,13.308588,0,,,,50
85502974,0.5,0.542857111,3,1.91818404,0.76556772,0.644688606,0,0,15.8349714,12,7.95373392,8.12871838,0,13.2595129,12.0322704,13.308588,0,,,,50
85504104,0.5,0.532019675,3,2.07803273,0.870329618,0.76556772,0,0,15.8486061,12,7.86633015,8.0843792,0,13.2738094,14.5821066,12.8395119,0,,,,50
85505231,0.5,0.530927837,3,2.07803273,0.830036581,0.73333329,0,0,15.8349714,12,7.86934423,8.08649063,0,13.2809572,14.5821066,12.8395119,0,,,,50
85506366,0.5,0.525510192,3,2.98639417,0.830036581,0.749450505,0,0,15.8213358,10.1596947,7.84824657,8.07593441,0,13.2666607,10.1596947,12.853117,0,,,,50
85507492,0.5,0.510752678,3,2.99087143,0.76556772,0.73333329,0,0,15.8167906,10.1596947,7.88742733,8.08860207,0,13.2738094,10.1596947,12.853117,0,,,,50
85508623,0.5,0.532163739,3,2.94126272,0.73333329,0.644688606,0,0,15.8167906,8.33409214,7.93565035,8.09915924,0,13.2666607,8.33409214,12.9118547,0,,,,50
85509750,0.5,0.534883738,3,2.92080712,0.741391897,0.644688606,0,0,15.8304262,8.33409214,7.96277571,8.12449551,0,13.2595129,8.33409214,12.9118547,0,,,,50
85510880,0.5,0.55214721,3,2.92080712,0.725274682,0.588278353,0,0,15.866787,7.32043648,8.04415131,8.17094517,0,13.2809572,7.32043648,12.9910479,0,,,,50
85512007,0.5,0.536144555,3,2.96972299,0.717216074,0.620512784,0,0,15.8622417,7.32043648,8.01401234,8.16249943,0,13.2952528,7.32043648,12.9910479,0,,,,50
85513137,0.5,0.53061223,3,2.99199295,0.628571391,0.556043923,0,0,15.866787,6.81542826,8.08031845,8.19628143,0,13.288105,6.81542826,12.999054,0,,,,50
85514269,0.5,0.524193525,3,2.96751404,0.523809493,0.475457847,0,0,15.8622417,6.81542826,8.1164856,8.21106052,0,13.288105,6.81542826,12.999054,0,,,,50
85515399,0.5,0.547169805,3,2.91973853,0.46739924,0.386813164,0,0,15.8804216,6.58626032,8.22197247,8.25328827,0,13.2952528,6.58626032,13.0793161,0,,,,50
85516526,0.5,0.541284382,3,2.99986672,0.475457847,0.402930379,0,0,15.8895121,6.58626032,8.22498608,8.25751019,0,13.2952528,6.58626032,13.0793161,0,,,,50
85517657,0.5,0.550458729,3,2.99986672,0.483516455,0.394871771,0,0,15.8895121,6.52129221,8.18881989,8.24695396,0,13.3095493,6.52129221,13.0794487,0,,,,50
85518987,0.5,0.546296299,3,1.94578052,0.475457847,0.394871771,0,0,15.8804216,6.52129221,8.18279171,8.24695396,0,13.3024006,6.52129221,13.0794487,0,,,,50
85520118,0.5,0.538461566,3,1.94578052,0.451282024,0.386813164,0,0,15.8804216,8.35775852,8.19786167,8.24695396,0,13.3024006,8.35775852,14.1336679,0,,,,50
85521244,0.5,0.53061223,3,2.08945942,0.419047594,0.370695949,0,0,15.8895121,8.35775852,8.31841755,8.27017879,0,13.3024006,8.35775852,14.1336679,0,,,,50
85522380,0.5,0.541666687,3,3.01687932,0.523809493,0.443223417,0,0,15.8804216,12,8.15566635,8.23006344,0,13.3024006,12.2214975,13.9974632,0,,,,50
85523506,0.5,0.523809552,3,3.07027531,0.5318681,0.483516455,0,0,15.8713312,12,8.11949921,8.21106052,0,13.2952528,12.2214975,13.9974632,0,,,,50
85524637,0.5,0.513888896,3,3.04450417,0.596336961,0.56410253,0,0,15.8349714,12,8.0411377,8.17516804,0,13.2666607,14.2918625,12.718277,0,,,,50
85525763,0.5,0.537037015,3,2.99199295,0.701098859,0.604395568,0,0,15.8531513,12,7.98688698,8.15827656,0,13.2809572,14.2918625,12.718277,0,,,,50
85526894,0.5,0.516666651,3,3.08570981,0.749450505,0.701098859,0,0,15.8395166,7.44890642,7.92962217,8.12027264,0,13.2809572,7.44890642,12.6325674,0,,,,50
85528021,0.5,0.529411793,3,3.08570981,0.725274682,0.644688606,0,0,15.825881,7.44890642,7.94167805,8.12027264,0,13.2666607,7.44890642,12.6325674,0,,,,50
85529156,0.5,0.550387621,3,3.08570981,0.572161138,0.46739924,0,0,15.8804216,2.80107737,8.13456917,8.22584057,0,13.2952528,2.80107737,12.5468569,0,,,,50
85530283,0.5,0.549180329,3,2.01201344,0.539926708,0.443223417,0,0,15.8895121,2.80107737,8.14059639,8.23006344,0,13.3024006,2.80107737,12.5468569,0,,,,50
85531414,0.5,0.555555582,3,2.14853144,0.362637341,0.290109873,0,0,15.907692,1.40058577,8.30334854,8.30607224,0,13.3095493,1.40058577,13.3983259,0,,,,50
85532540,0.5,0.557692289,3,3.06791449,0.23369962,0.185347974,0,0,15.9167824,1.40058577,8.3937664,8.34829903,0,13.3166971,1.40058577,13.3983259,0,,,,50
85533671,0.5,0.558139563,3,3.06791449,0.193406582,0.153113544,0,0,15.9395075,3.01336265,8.40883541,8.41797352,0,13.3238449,3.01336265,13.330411,0,,,,50
85534798,0.5,0.731707335,3,3.12682009,0.241758227,0.0886446834,0,0,15.9258718,3.01336265,8.28225136,8.3799696,0,13.3166971,3.01336265,13.330411,0,,,,50
85535928,0.5,0.629629612,3,3.12682009,0.136996329,0.0805860758,0,0,15.9304171,4.48549175,8.43897438,8.39474869,0,13.3238449,4.48549175,13.2035913,0,,,,50
85537060,0.5,0.615384638,3,3.12682009,0.193406582,0.120879114,0,0,15.9349623,4.48549175,8.55048943,8.38419151,0,13.3166971,4.48549175,13.2035913,0,,,,50
85538190,0.5,0.555555582,3,1.98993659,0.201465189,0.161172152,0,0,15.9213276,6.73240042,8.38171005,8.34829903,0,13.3166971,6.73240042,14.2136545,0,,,,50
85539317,0.5,0.627906978,3,2.12904096,0.217582405,0.128937721,0,0,15.9304171,6.73240042,8.3937664,8.35674477,0,13.3238449,6.73240042,14.2136545,0,,,,50
85540651,0.5,0.555555582,3,3.12192702,0.322344303,0.257875443,0,0,15.907692,10.4850998,8.31239033,8.31240559,0,13.3166971,10.4850998,14.0917273,0,,,,50
85541778,0.5,0.557142854,3,3.15027452,0.314285696,0.249816835,0,0,15.8986015,10.4850998,8.29732037,8.29973793,0,13.2952528,10.4850998,14.0917273,0,,,,50
85542908,0.5,0.538461566,3,3.07027531,0.451282024,0.386813164,0,0,15.8804216,12,8.20991707,8.25962162,0,13.288105,12.8904238,13.5417595,0,,,,50
85544035,0.5,0.530303001,3,3.06909442,0.56410253,0.49963367,0,0,15.866787,12,8.09538841,8.20894909,0,13.288105,12.8904238,13.5417595,0,,,,50
85545170,0.5,0.526315808,3,3.10492039,0.644688606,0.580219746,0,0,15.8395166,10.4667797,8.01099777,8.16461086,0,13.2666607,10.4667797,13.4368391,0,,,,50
85546296,0.5,0.529801309,3,3.06909442,0.644688606,0.572161138,0,0,15.8440609,10.4667797,8.0411377,8.17516804,0,13.2738094,10.4667797,13.4368391,0,,,,50
85547427,0.5,0.528662443,3,3.06909442,0.668864429,0.596336961,0,0,15.866787,8.17208481,8.02908134,8.16883373,0,13.2952528,8.17208481,13.3677444,0,,,,50
85548554,0.5,0.536585391,3,3.06673527,0.709157467,0.612454176,0,0,15.8531513,8.17208481,7.98387289,8.15405464,0,13.288105,8.17208481,13.3677444,0,,,,50
85549684,0.5,0.537878811,3,3.06909442,0.572161138,0.491575062,0,0,15.8622417,6.1569171,8.08936024,8.20261574,0,13.288105,6.1569171,13.2986498,0,,,,50
85550811,0.5,0.552845538,3,3.08809829,0.547985315,0.443223417,0,0,15.8804216,6.1569171,8.14963818,8.23428535,0,13.2952528,6.1569171,13.2986498,0,,,,50
85551945,0.5,0.548672557,3,3.06909442,0.49963367,0.410988986,0,0,15.8940573,4.4590416,8.18279171,8.25962162,0,13.3095493,4.4590416,13.2295551,0,,,,50
85553072,0.5,0.548076928,3,3.0773797,0.459340632,0.378754556,0,0,15.8895121,4.4590416,8.21293068,8.27229023,0,13.288105,4.4590416,13.2295551,0,,,,50
85554203,0.5,0.55384618,3,3.14778924,0.290109873,0.23369962,0,0,15.907692,2.90037489,8.3304739,8.32296276,0,13.3095493,2.90037489,13.0817661,0,,,,50
85555329,0.5,0.552238822,3,3.15276384,0.29816848,0.241758227,0,0,15.9122372,2.90037489,8.33951569,8.3314085,0,13.3166971,2.90037489,13.0817661,0,,,,50
85556460,0.5,0.509433985,3,3.07027531,0.217582405,0.209523797,0,0,15.9213276,1.42733371,8.3937664,8.34829903,0,13.3238449,1.42733371,13.0114908,0,,,,50
85557586,0.5,0.558823526,3,3.07027531,0.153113544,0.120879114,0,0,15.9213276,1.42733371,8.41184998,8.34829903,0,13.3238449,1.42733371,13.0114908,0,,,,50
85558716,0.5,0.592592597,3,3.08332515,0.128937721,0.0886446834,0,0,15.9395075,0.208912879,8.4691143,8.40319443,0,13.3238449,0.208912879,12.9281654,0,,,,50
85559848,0.5,0.696969688,3,3.06909442,0.185347974,0.0805860758,0,0,15.9349623,0.208912879,8.43294716,8.39474869,0,13.3095493,0.208912879,12.9281654,0,,,,50
85561182,0.5,0.647058845,3,3.10492039,0.0886446834,0.0483516455,0,0,15.9304171,-0.785825253,8.48418331,8.40952778,0,13.3238449,-0.785825253,12.823245,0,,,,50
85562309,0.5,0.833333313,3,3.1490314,0.0805860758,0.0161172152,0,0,15.9349623,-0.785825253,8.50829506,8.42219639,0,13.3238449,-0.785825253,12.823245,0,,,,50
85563439,0.5,0.833333313,3,3.09288573,0.0805860758,0.0161172152,0,0,15.9349623,-1.65020287,8.55350399,8.43486404,0,13.3309927,-1.65020287,12.7303591,0,,,,50
85564566,0.5,1,3,3.06791449,0.0241758227,0,0,0,15.9304171,-1.65020287,8.57761478,8.44542122,0,13.3238449,-1.65020287,12.7303591,0,,,,50
85565697,0.5,1,3,3.10733867,0.0161172152,0,0,0,15.9395075,-2.40584898,8.58665657,8.44964409,0,13.3381405,-2.40584898,12.6230211,0,,,,50
85566823,0.5,0,3,3.07027531,0,0,0,0,15.9258718,-2.40584898,8.59268475,8.44964409,0,13.3238449,-2.40584898,12.6230211,0,,,,50
85567959,0.5,0,3,3.07027531,0,0,0,0,15.9304171,-3.01840019,8.58364296,8.44542122,0,13.3381405,-3.01840019,12.5527458,0,,,,50
85569085,0.5,0,3,3.10854912,0,0,0,0,15.9485979,-3.01840019,8.57460117,8.44330978,0,13.352437,-3.01840019,12.5527458,0,,,,50
85570215,0.5,0,3,3.10854912,0,0,0,0,15.9258718,-3.49394679,8.58665657,8.44330978,0,13.3810291,-3.49394679,12.4441967,0,,,,50
85571342,0.5,0,3,2.02221131,0,0,0,0,15.9258718,-3.49394679,8.58665657,8.44330978,0,13.4024725,-3.49394679,12.4441967,0,,,,50
85572473,0.5,0,3,2.12733817,0,0,0,0,15.9485979,-2.11791778,8.57761478,8.44119835,0,13.4382124,-2.11791778,13.3168583,0,,,,50
85573599,0.5,0,3,3.09288573,0,0,0,0,15.9531422,-2.11791778,8.58665657,8.44119835,0,13.4668045,-2.11791778,13.3168583,0,,,,50
85574730,0.5,0,3,3.07145715,0,0,0,0,15.9213276,1.34257591,8.58665657,8.44330978,0,13.4739523,1.34257591,13.2454014,0,,,,50
85575861,0.5,0,3,3.07500792,0,0,0,0,15.9304171,1.34257591,8.58967113,8.43908691,0,13.4739523,1.34257591,13.2454014,0,,,,50
85576991,0.5,0,3,3.07500792,0,0,0,0,15.9440527,4.08679247,8.58665657,8.44119835,0,13.4382124,4.08679247,13.170393,0,,,,50
85578118,0.5,0,3,3.06909442,0,0,0,0,15.9531422,4.08679247,8.58665657,8.44119835,0,13.3667326,4.08679247,13.170393,0,,,,50
85579248,0.5,0,3,3.07145715,0,0,0,0,15.8804216,5.22464943,8.56555939,8.41797352,0,13.3166971,5.22464943,13.0989361,0,,,,50
85580375,0.5,0.655172408,3,3.07145715,0.153113544,0.0805860758,0,0,15.9349623,5.22464943,8.34554291,8.37785816,0,13.3238449,5.22464943,13.0989361,0,,,,50
85581506,0.5,0.720000029,3,2.00292301,0.145054936,0.056410253,0,0,15.9304171,7.35574293,8.44801617,8.39052582,0,13.3238449,7.35574293,14.0960131,0,,,,50
85582841,0.5,0.729729712,3,2.00292301,0.217582405,0.0805860758,0,0,15.9304171,7.35574293,8.52637863,8.38208103,0,13.3238449,7.35574293,14.0960131,0,,,,50
85583972,0.5,0.568627477,3,1.54106712,0.23369962,0.177289367,0,0,15.9122372,12,8.35157108,8.3314085,0,13.3095493,13.9430056,14.5082016,0,,,,50
85585098,0.5,0.574468076,3,2.12847304,0.217582405,0.161172152,0,0,15.9167824,12,8.3937664,8.35041046,0,13.3095493,13.9430056,14.5082016,0,,,,50
85586229,0.5,0.533333361,3,3.06673527,0.451282024,0.394871771,0,0,15.8804216,12,8.15265274,8.24695396,0,13.2952528,16.3811035,12.0812607,0,,,,50
85587355,0.5,0.531468511,3,3.06909442,0.612454176,0.539926708,0,0,15.8576965,12,8.06223488,8.18150139,0,13.288105,16.3811035,12.0812607,0,,,,50
85588486,0.5,0.531914949,3,3.06909442,0.604395568,0.5318681,0,0,15.8486061,4.69082308,8.05017948,8.1730566,0,13.288105,4.69082308,12.012166,0,,,,50
85589612,0.5,0.535714269,3,3.06909442,0.604395568,0.523809493,0,0,15.8395166,4.69082308,8.05017948,8.17094517,0,13.2809572,4.69082308,12.012166,0,,,,50
85590747,0.5,0.565789461,3,3.06909442,0.346520126,0.26593405,0,0,15.9122372,-2.56964183,8.33951569,8.32085133,0,13.3166971,-2.56964183,11.9430714,0,,,,50
85591874,0.5,0.579710126,3,3.07382345,0.322344303,0.23369962,0,0,15.9213276,-2.56964183,8.35458469,8.3250742,0,13.3095493,-2.56964183,11.9430714,0,,,,50
85593005,0.5,0.727272749,3,3.06909442,0.128937721,0.0483516455,0,0,15.9440527,-6.82241583,8.55953121,8.42641926,0,13.3309927,-6.82241583,11.8739777,0,,,,50
85594131,0.5,1,3,3.1037128,0.0402930379,0,0,0,15.9531422,-6.82241583,8.6198101,8.44330978,0,13.3452892,-6.82241583,11.8739777,0,,,,50
85595262,0.5,0,3,3.06437993,0,0,0,0,15.9440527,-9.08698368,8.65899086,8.45386696,0,13.4453611,-9.08698368,11.809598,0,,,,50
85596388,0.5,0,3,3.06437993,0,0,0,0,15.9304171,-9.08698368,8.65296268,8.44542122,0,13.5954685,-9.08698368,11.809598,0,,,,50
85597519,0.5,0,3,3.06909442,0,0,0,0,15.9440527,-10.0599623,8.64693546,8.44119835,0,13.7813158,-10.0599623,11.7405033,0,,,,50
85598650,0.5,0,3,3.06909442,0,0,0,0,15.9349623,-10.0599623,8.64090729,8.43908691,0,13.967164,-10.0599623,11.7405033,0,,,,50
85599781,0.5,0,3,3.0585072,0,0,0,0,15.9440527,-10.2176361,8.6318655,8.43908691,0,14.1601591,-10.2176361,11.6819963,0,,,,50
85600908,0.5,0,3,3.07145715,0,0,0,0,15.9531422,-10.2176361,8.6198101,8.43908691,0,14.3102674,-10.2176361,11.6819963,0,,,,50
85602039,0.5,0,3,3.05967999,0,0,0,0,15.9213276,-9.87423515,8.6198101,8.43908691,0,14.4389305,-9.87423515,11.6223164,0,,,,50
85603369,0.5,0,3,3.06791449,0,0,0,0,15.9258718,-9.87423515,8.61378193,8.43908691,0,14.5675945,-9.87423515,11.6223164,0,,,,50
85604500,0.5,0,3,3.05967999,0,0,0,0,15.9395075,-9.25926495,8.61076832,8.43908691,0,14.6605186,-9.25926495,11.5626364,0,,,,50
85605626,0.5,0,3,3.05967999,0,0,0,0,15.9167824,-9.25926495,8.60474014,8.43908691,0,14.7105541,-9.25926495,11.5626364,0,,,,50
85606761,0.5,0,3,3.05967999,0,0,0,0,15.9485979,-8.53216743,8.59569836,8.43908691,0,14.7605906,-8.53216743,11.5029564,0,,,,50
85607887,0.5,0,3,1.97907877,0,0,0,0,15.9440527,-8.53216743,8.58967113,8.43908691,0,14.7891817,-8.53216743,11.5029564,0,,,,50
85609018,0.5,0,3,2.07587028,0,0,0,0,15.9304171,-5.96488047,8.58665657,8.43697548,0,14.8034782,-5.96488047,12.4270859,0,,,,50
85610145,0.5,0,3,3.03408575,0,0,0,0,15.9395075,-5.96488047,8.57761478,8.43697548,0,14.8320704,-5.96488047,12.4270859,0,,,,50
85611275,0.5,0,3,3.06909442,0,0,0,0,15.9531422,-1.43473279,8.57158756,8.43697548,0,14.9178457,-1.43473279,12.3579922,0,,,,50
85612402,0.5,0,3,3.02717948,0,0,0,0,15.9258718,-1.43473279,8.56555939,8.42853069,0,15.0608053,-1.43473279,12.3579922,0,,,,50
85613537,0.5,0,3,3.06791449,0,0,0,0,15.9395075,2.11018014,8.55953121,8.43908691,0,15.2109127,2.11018014,12.2900772,0,,,,50
85614663,0.5,0,3,3.06791449,0,0,0,0,15.9531422,2.11018014,8.5565176,8.43697548,0,15.2895412,2.11018014,12.2900772,0,,,,50
85615794,0.5,0,3,3.02832842,0,0,0,0,15.9258718,3.87131739,8.55048943,8.43697548,0,15.2538013,3.87131739,12.2617493,0,,,,50
85616920,0.5,0,3,2.99423838,0,0,0,0,15.9395075,3.87131739,8.5444622,8.43697548,0,15.1823215,3.87131739,12.2617493,0,,,,50
85618051,0.5,0,3,3.01916194,0,0,0,0,15.9531422,4.62961483,8.52637863,8.43064213,0,15.0608053,4.62961483,12.2425871,0,,,,50
85619177,0.5,0,3,2.99311519,0,0,0,0,15.9258718,4.62961483,8.52939224,8.43697548,0,14.93929,4.62961483,12.2425871,0,,,,50
85620308,0.5,0,3,3.01802015,0,0,0,0,15.9349623,4.82910824,8.54144764,8.43908691,0,14.8034782,4.82910824,12.2245665,0,,,,50
85621439,0.5,0,3,3.01802015,0,0,0,0,15.9485979,4.82910824,8.57158756,8.43697548,0,14.6104822,4.82910824,12.2245665,0,,,,50
85622570,0.5,0,3,3.01802015,0,0,0,0,15.9531422,4.70326853,8.58665657,8.43486404,0,14.4389305,4.70326853,12.2065468,0,,,,50
85623900,0.5,0,3,1.96397865,0,0,0,0,15.9485979,4.70326853,8.568573,8.43486404,0,14.2101955,4.70326853,12.2065468,0,,,,50
85625031,0.5,0,3,2.0753305,0,0,0,0,15.9485979,6.14634514,8.58665657,8.43486404,0,14.0029039,6.14634514,13.131216,0,,,,50
85626157,0.5,0,3,3.02488446,0,0,0,0,15.9531422,6.14634514,8.58364296,8.43697548,0,13.8099079,6.14634514,13.131216,0,,,,50
85627288,0.5,0,3,2.99311519,0,0,0,0,15.9485979,9.48829842,8.57460117,8.43486404,0,13.5883207,9.48829842,13.1381006,0,,,,50
85628415,0.5,0,3,3.00212383,0,0,0,0,15.9213276,9.48829842,8.58665657,8.43486404,0,13.3024006,9.48829842,13.1381006,0,,,,50
85629550,0.5,0.550000012,3,3.06909442,0.5318681,0.435164809,0,0,15.8804216,11.9203787,7.98688698,8.19839287,0,13.2952528,11.9203787,13.069006,0,,,,50
85630676,0.5,0.529914558,3,3.06909442,0.49963367,0.443223417,0,0,15.8576965,11.9203787,8.10141563,8.20472717,0,13.288105,11.9203787,13.069006,0,,,,50
85631807,0.5,0.531468511,3,3.01802015,0.612454176,0.539926708,0,0,15.8531513,12,8.06223488,8.18572426,0,13.2738094,12.5619383,12.7482557,0,,,,50
85632933,0.5,0.537142813,3,2.91973853,0.757509112,0.652747214,0,0,15.8531513,12,7.95071983,8.14138603,0,13.2809572,12.5619383,12.7482557,0,,,,50
85634064,0.5,0.516304374,3,3.00325394,0.76556772,0.717216074,0,0,15.8304262,10.4835777,7.89345551,8.09704781,0,13.2523651,10.4835777,12.7450018,0,,,,50
85635190,0.5,0.521052659,3,3.02488446,0.79780215,0.73333329,0,0,15.8122463,10.4835777,7.86030245,8.08015633,0,13.2666607,10.4835777,12.7450018,0,,,,50
85636321,0.5,0.553459108,3,2.99761271,0.709157467,0.572161138,0,0,15.8440609,8.80335426,8.01702595,8.14983177,0,13.2595129,8.80335426,12.7473888,0,,,,50
85637452,0.5,0.547169805,3,3.03639483,0.701098859,0.580219746,0,0,15.8531513,8.80335426,8.02606773,8.15616512,0,13.2809572,8.80335426,12.7473888,0,,,,50
85638583,0.5,0.536912799,3,3.03639483,0.644688606,0.556043923,0,0,15.8758764,7.41753197,8.05922127,8.1730566,0,13.2952528,7.41753197,12.7109938,0,,,,50
85639710,0.5,0.537414968,3,3.00325394,0.636629999,0.547985315,0,0,15.866787,7.41753197,8.05319309,8.18150139,0,13.2952528,7.41753197,12.7109938,0,,,,50
85640840,0.5,0.536764681,3,2.99199295,0.588278353,0.507692277,0,0,15.866787,6.26011944,8.1044302,8.20472717,0,13.288105,6.26011944,12.7190008,0,,,,50
85641967,0.5,0.516393423,3,3.00664854,0.507692277,0.475457847,0,0,15.8622417,6.26011944,8.11949921,8.20683765,0,13.2952528,6.26011944,12.7190008,0,,,,50
85643098,0.5,0.528301895,3,2.99199295,0.451282024,0.402930379,0,0,15.8713312,5.39574337,8.19484711,8.24061966,0,13.2809572,5.39574337,12.7270079,0,,,,50
85644229,0.5,0.547169805,3,2.98081636,0.46739924,0.386813164,0,0,15.8849669,5.39574337,8.20690346,8.25751019,0,13.2952528,5.39574337,12.7270079,0,,,,50
85645563,0.5,0.594339609,3,2.99199295,0.507692277,0.346520126,0,0,15.8895121,4.8037281,8.36362648,8.27862453,0,13.2952528,4.8037281,12.7350149,0,,,,50
85646690,0.5,0.54285717,3,2.99199295,0.459340632,0.386813164,0,0,15.9031467,4.8037281,8.24909782,8.27017879,0,13.3095493,4.8037281,12.7350149,0,,,,50
85647821,0.5,0.540229857,3,3.00438452,0.378754556,0.322344303,0,0,15.8986015,4.38398552,8.14059639,8.28284645,0,13.3095493,4.38398552,12.7306309,0,,,,50
85648947,0.5,0.530120492,3,2.99199295,0.354578733,0.314285696,0,0,15.8986015,4.38398552,8.27622318,8.28284645,0,13.3095493,4.38398552,12.7306309,0,,,,50
85650078,0.5,0.545454562,3,3.02947807,0.290109873,0.241758227,0,0,15.907692,4.00783014,8.3425293,8.32085133,0,13.3024006,4.00783014,12.7011528,0,,,,50
85651204,0.5,0.558823526,3,3.03062868,0.306227088,0.241758227,0,0,15.9213276,4.00783014,8.3304739,8.32296276,0,13.3166971,4.00783014,12.7011528,0,,,,50
85652339,0.5,0.569230795,3,3.04334307,0.29816848,0.225641012,0,0,15.9167824,3.56736946,8.32745934,8.3314085,0,13.3166971,3.56736946,12.6578093,0,,,,50
85653466,0.5,0.535714269,3,3.10854912,0.241758227,0.209523797,0,0,15.907692,3.56736946,8.32745934,8.32718563,0,13.3095493,3.56736946,12.6578093,0,,,,50
85654596,0.5,0.596153855,3,3.09288573,0.249816835,0.169230759,0,0,15.9167824,2.95619416,8.3937664,8.34407616,0,13.3166971,2.95619416,12.5649233,0,,,,50
85655723,0.5,0.553571403,3,3.09288573,0.249816835,0.201465189,0,0,15.9213276,2.95619416,8.36061287,8.33985329,0,13.3238449,2.95619416,12.5649233,0,,,,50
85656853,0.5,0.563636363,3,3.06791449,0.249816835,0.193406582,0,0,15.9167824,2.16738892,8.35759926,8.33774185,0,13.3238449,2.16738892,12.4970093,0,,,,50
85657980,0.5,0.59523809,3,3.07145715,0.201465189,0.136996329,0,0,15.9258718,2.16738892,8.4178772,8.37152386,0,13.3166971,2.16738892,12.4970093,0,,,,50
85659110,0.5,0.577777803,3,3.07027531,0.209523797,0.153113544,0,0,15.9258718,1.33661544,8.41184998,8.36096668,0,13.3238449,1.33661544,12.426734,0,,,,50
85660242,0.5,0.521739125,3,3.07975507,0.193406582,0.177289367,0,0,15.9349623,1.33661544,8.41184998,8.36941242,0,13.3238449,1.33661544,12.426734,0,,,,50
85661372,0.5,0.652173936,3,3.07975507,0.120879114,0.0644688606,0,0,15.9304171,0.531762123,8.4811697,8.40108299,0,13.3238449,0.531762123,12.3469782,0,,,,50
85662499,0.5,0.655172408,3,2.01404476,0.153113544,0.0805860758,0,0,15.9349623,0.531762123,8.4058218,8.38841438,0,13.3238449,0.531762123,12.3469782,0,,,,50
85663630,0.5,0.642857134,3,2.13188481,0.0725274682,0.0402930379,0,0,15.9258718,1.51658809,8.51432323,8.41797352,0,13.3238449,1.51658809,13.2150936,0,,,,50
85664756,0.5,0.764705896,3,2.13188481,0.104761899,0.0322344303,0,0,15.9349623,1.51658809,8.51130867,8.41586208,0,13.3238449,1.51658809,13.2150936,0,,,,50
85666091,0.5,0.666666687,3,3.06909442,0.128937721,0.0644688606,0,0,15.9304171,4.52218866,8.45705795,8.39263725,0,13.3238449,4.52218866,13.145999,0,,,,50
85667218,0.5,0.8125,3,3.06909442,0.104761899,0.0241758227,0,0,15.9304171,4.52218866,8.4932251,8.40952778,0,13.3238449,4.52218866,13.145999,0,,,,50
85668353,0.5,0.615384638,3,3.08570981,0.193406582,0.120879114,0,0,15.9304171,6.76416302,8.33650112,8.35463333,0,13.3238449,6.76416302,13.0602894,0,,,,50
85669480,0.5,0.644444466,3,3.08570981,0.23369962,0.128937721,0,0,15.9213276,6.76416302,8.41486359,8.32718563,0,13.3166971,6.76416302,13.0602894,0,,,,50
85670610,0.5,0.534482777,3,2.00594401,0.249816835,0.217582405,0,0,15.9122372,9.37141991,8.36965466,8.3314085,0,13.3166971,9.37141991,14.0543451,0,,,,50
85671736,0.5,0.55384618,3,2.00594401,0.290109873,0.23369962,0,0,15.9031467,9.37141991,8.30334854,8.31451702,0,13.3095493,9.37141991,14.0543451,0,,,,50
85672867,0.5,0.558139563,3,1.54196048,0.386813164,0.306227088,0,0,15.8940573,12,8.29430676,8.28918076,0,13.2952528,16.0657139,13.3220863,0,,,,50
85673994,0.5,0.568421066,3,2.125072,0.435164809,0.330402911,0,0,15.8895121,12,8.18881989,8.26806736,0,13.3024006,16.0657139,13.3220863,0,,,,50
85675129,0.5,0.516129017,3,2.125072,0.515750885,0.483516455,0,0,15.8486061,12,8.07429028,8.18994713,0,13.288105,13.5614719,13.3558111,0,,,,50
85676255,0.5,0.536764681,3,3.04566622,0.588278353,0.507692277,0,0,15.8622417,12,8.07127666,8.19205856,0,13.2809572,13.5614719,13.3558111,0,,,,50
85677386,0.5,0.539877295,3,3.06909442,0.709157467,0.604395568,0,0,15.8576965,10.6672773,7.98387289,8.15616512,0,13.2809572,10.6672773,13.2867165,0,,,,50
85678512,0.5,0.522988498,3,3.06555724,0.73333329,0.668864429,0,0,15.8440609,10.6672773,7.94770575,8.12449551,0,13.2809572,10.6672773,13.2867165,0,,,,50
85679644,0.5,0.53125,3,2.99311519,0.684981644,0.604395568,0,0,15.8349714,9.31525898,7.95674753,8.12871838,0,13.2738094,9.31525898,13.293602,0,,,,50
85680770,0.5,0.53125,3,3.07027531,0.684981644,0.604395568,0,0,15.8349714,9.31525898,7.98688698,8.1456089,0,13.2666607,9.31525898,13.293602,0,,,,50
85681901,0.5,0.528301835,3,3.07027531,0.676923037,0.604395568,0,0,15.8622417,7.99840355,8.01401234,8.17094517,0,13.288105,7.99840355,13.2233267,0,,,,50
85683032,0.5,0.536144555,3,3.07027531,0.717216074,0.620512784,0,0,15.8531513,7.99840355,7.98387289,8.15405464,0,13.2738094,7.99840355,13.2233267,0,,,,50
85684163,0.5,0.517482519,3,1.99690819,0.596336961,0.556043923,0,0,15.8622417,8.63054752,8.06826305,8.18572426,0,13.288105,8.63054752,14.2264175,0,,,,50
85685289,0.5,0.541666687,3,2.09165025,0.523809493,0.443223417,0,0,15.8713312,8.63054752,8.13456917,8.22584057,0,13.288105,8.63054752,14.2264175,0,,,,50
85686420,0.5,0.535433054,3,3.084517,0.547985315,0.475457847,0,0,15.8849669,11.41854,8.13758278,8.227952,0,13.2809572,11.41854,14.141901,0,,,,50
85687751,0.5,0.532786906,3,3.07027531,0.523809493,0.459340632,0,0,15.8758764,11.41854,8.12854099,8.2216177,0,13.2809572,11.41854,14.141901,0,,,,50
85688881,0.5,0.526315808,3,3.084517,0.644688606,0.580219746,0,0,15.8531513,12,7.99291468,8.16461086,0,13.288105,13.2637005,13.3765974,0,,,,50
85690008,0.5,0.513157904,3,3.06909442,0.628571391,0.596336961,0,0,15.8349714,12,8.00798416,8.15616512,0,13.2738094,13.2637005,13.3765974,0,,,,50
85691143,0.5,0.530120492,3,3.04566622,0.709157467,0.628571391,0,0,15.8395166,9.42353058,7.97181749,8.14983177,0,13.2666607,9.42353058,13.3309307,0,,,,50
85692270,0.5,0.526041687,3,3.06909442,0.813919365,0.73333329,0,0,15.8440609,9.42353058,7.89044142,8.10760403,0,13.2809572,9.42353058,13.3309307,0,,,,50
85693401,0.5,0.517241359,3,3.06909442,0.725274682,0.676923037,0,0,15.8440609,6.50857735,7.94469213,8.1392746,0,13.2809572,6.50857735,13.261837,0,,,,50
85694528,0.5,0.523255825,3,3.09648633,0.725274682,0.660805821,0,0,15.8304262,6.50857735,7.95071983,8.12660694,0,13.2809572,6.50857735,13.261837,0,,,,50
85695658,0.5,0.544715464,3,3.1490314,0.539926708,0.451282024,0,0,15.8713312,4.13084602,8.13758278,8.21739483,0,13.2952528,4.13084602,13.1128054,0,,,,50
85696785,0.5,0.548672557,3,3.08690357,0.49963367,0.410988986,0,0,15.8895121,4.13084602,8.19786167,8.25962162,0,13.3024006,4.13084602,13.1128054,0,,,,50
85697919,0.5,0.642105281,3,3.06909442,0.491575062,0.273992658,0,0,15.9031467,2.08906031,8.26115322,8.29129219,0,13.3166971,2.08906031,13.0437107,0,,,,50
85699046,0.5,0.557142854,3,3.13788652,0.314285696,0.249816835,0,0,15.9031467,2.08906031,8.31540394,8.31029415,0,13.3095493,2.08906031,13.0437107,0,,,,50
85700177,0.5,0.543478251,3,3.13788652,0.201465189,0.169230759,0,0,15.9258718,0.384508699,8.44500256,8.32929707,0,13.3166971,0.384508699,12.9058247,0,,,,50
85701303,0.5,0.555555582,3,2.03562379,0.201465189,0.161172152,0,0,15.9349623,0.384508699,8.39075184,8.33351898,0,13.3238449,0.384508699,12.9058247,0,,,,50
85702434,0.5,0.612903237,3,2.11493373,0.153113544,0.0967032909,0,0,15.9349623,0.759161472,8.48719788,8.39263725,0,13.3238449,0.759161472,13.7908907,0,,,,50
85703561,0.5,0.769230783,3,2.11493373,0.0805860758,0.0241758227,0,0,15.9304171,0.759161472,8.52336502,8.41797352,0,13.3166971,0.759161472,13.7908907,0,,,,50
85704692,0.5,0.772727251,3,3.05265713,0.136996329,0.0402930379,0,0,15.9349623,3.51457596,8.45705795,8.41797352,0,13.3238449,3.51457596,13.7382336,0,,,,50
85705823,0.5,0.695652187,3,3.1490314,0.128937721,0.056410253,0,0,15.9349623,3.51457596,8.4932251,8.39897156,0,13.3095493,3.51457596,13.7382336,0,,,,50
85706954,0.5,0.666666687,3,3.11461568,0.161172152,0.0805860758,0,0,15.9304171,5.7259655,8.4691143,8.39474869,0,13.3166971,5.7259655,13.6236181,0,,,,50
85708285,0.5,0.615384638,3,3.06909442,0.193406582,0.120879114,0,0,15.9304171,5.7259655,8.40883541,8.35463333,0,13.3238449,5.7259655,13.6236181,0,,,,50
85709416,0.5,0.571428597,3,3.11704898,0.257875443,0.193406582,0,0,15.907692,6.28847122,8.34554291,8.32929707,0,13.3166971,6.28847122,13.5065689,0,,,,50
85710542,0.5,0.579999983,3,3.07027531,0.23369962,0.169230759,0,0,15.9167824,6.28847122,8.39075184,8.3525219,0,13.3166971,6.28847122,13.5065689,0,,,,50
85711673,0.5,0.536231875,3,3.14406824,0.29816848,0.257875443,0,0,15.907692,5.7405014,8.33650112,8.31873989,0,13.3166971,5.7405014,13.3625002,0,,,,50
85712799,0.5,0.534246564,3,3.15027452,0.314285696,0.273992658,0,0,15.8986015,5.7405014,8.29430676,8.30184937,0,13.3095493,5.7405014,13.3625002,0,,,,50
85713934,0.5,0.555555582,3,3.15027452,0.282051265,0.225641012,0,0,15.9031467,4.48408556,8.3304739,8.32085133,0,13.3095493,4.48408556,13.2122259,0,,,,50
85715060,0.5,0.554054081,3,3.10612893,0.330402911,0.26593405,0,0,15.907692,4.48408556,8.29732037,8.30818272,0,13.2952528,4.48408556,13.2122259,0,,,,50
85716191,0.5,0.540540516,3,3.1490314,0.322344303,0.273992658,0,0,15.907692,2.84255505,8.30636215,8.30818272,0,13.3166971,2.84255505,13.0631943,0,,,,50
85717318,0.5,0.573770463,3,3.12437177,0.282051265,0.209523797,0,0,15.907692,2.84255505,8.35458469,8.3314085,0,13.3095493,2.84255505,13.0631943,0,,,,50
85718448,0.5,0.571428597,3,3.10854912,0.257875443,0.193406582,0,0,15.9258718,1.14408648,8.3937664,8.34829903,0,13.3238449,1.14408648,12.9546452,0,,,,50
85719575,0.5,0.565217376,3,3.12682009,0.209523797,0.161172152,0,0,15.9213276,1.14408648,8.3937664,8.34618759,0,13.3238449,1.14408648,12.9546452,0,,,,50
85720705,0.5,0.666666687,3,3.12682009,0.145054936,0.0725274682,0,0,15.9349623,-0.402998865,8.49623966,8.41586208,0,13.3238449,-0.402998865,12.8278255,0,,,,50
85721837,0.5,0.678571403,3,2.03458571,0.153113544,0.0725274682,0,0,15.9349623,-0.402998865,8.4811697,8.40530586,0,13.3095493,-0.402998865,12.8278255,0,,,,50
85722968,0.5,0.833333313,3,2.13816857,0.0402930379,0.00805860758,0,0,15.9304171,0.0517367683,8.58967113,8.44542122,0,13.3309927,0.0517367683,13.6896563,0,,,,50
85724095,0.5,0.875,3,2.13816857,0.056410253,0.00805860758,0,0,15.9395075,0.0517367683,8.58967113,8.43064213,0,13.3309927,0.0517367683,13.6896563,0,,,,50
85725225,0.5,0.800000012,3,3.13418889,0.0644688606,0.0161172152,0,0,15.9349623,2.68200731,8.53542042,8.42853069,0,13.3309927,2.68200731,13.5554676,0,,,,50
85726352,0.5,0.833333313,3,3.15027452,0.0402930379,0.00805860758,0,0,15.9395075,2.68200731,8.5444622,8.43275356,0,13.3238449,2.68200731,13.5554676,0,,,,50
85727482,0.5,0.692307711,3,3.11583185,0.145054936,0.0644688606,0,0,15.9349623,4.59564066,8.4178772,8.39897156,0,13.3238449,4.59564066,13.4396353,0,,,,50
85728818,0.5,0.714285731,3,3.11583185,0.120879114,0.0483516455,0,0,15.9304171,4.59564066,8.41184998,8.39474869,0,13.3166971,4.59564066,13.4396353,0,,,,50
85729948,0.5,0.529411793,3,2.02272391,0.145054936,0.128937721,0,0,15.9304171,6.98365545,8.36965466,8.38419151,0,13.3238449,6.98365545,14.4169121,0,,,,50
85731075,0.5,0.524999976,3,2.02272391,0.169230759,0.153113544,0,0,15.9258718,6.98365545,8.43294716,8.36096668,0,13.3095493,6.98365545,14.4169121,0,,,,50
85732206,0.5,0.555555582,3,1.55700397,0.241758227,0.193406582,0,0,15.9122372,12,8.36061287,8.34407616,0,13.3095493,13.6138487,14.990489,0,,,,50
85733332,0.5,0.541666687,3,2.10600305,0.314285696,0.26593405,0,0,15.9031467,12,8.31239033,8.31240559,0,13.3024006,13.6138487,14.990489,0,,,,50
85734462,0.5,0.537037015,3,3.09768844,0.46739924,0.402930379,0,0,15.8622417,12,8.14662457,8.22584057,0,13.288105,17.0007019,12.198801,0,,,,50
85735589,0.5,0.546153843,3,3.09768844,0.572161138,0.475457847,0,0,15.866787,12,8.09538841,8.21106052,0,13.288105,17.0007019,12.198801,0,,,,50
85736725,0.5,0.543624163,3,3.15151882,0.652747214,0.547985315,0,0,15.8622417,3.64574599,8.02908134,8.17516804,0,13.2952528,3.64574599,12.0472822,0,,,,50
85737851,0.5,0.531645596,3,3.1037128,0.676923037,0.596336961,0,0,15.8531513,3.64574599,7.9748311,8.16038799,0,13.2952528,3.64574599,12.0472822,0,,,,50
85738982,0.5,0.560000002,3,3.1037128,0.338461518,0.26593405,0,0,15.9031467,-4.85736513,8.31540394,8.31029415,0,13.3095493,-4.85736513,11.9435701,0,,,,50
85740108,0.5,0.566037714,3,2.00493598,0.241758227,0.185347974,0,0,15.9122372,-4.85736513,8.38171005,8.34829903,0,13.3166971,-4.85736513,11.9435701,0,,,,50
85741239,0.5,0,3,2.10045934,0,0,0,0,15.9622326,-8.08615589,8.62885189,8.45386696,0,13.3738813,-8.08615589,12.843111,0,,,,50
85742365,0.5,0,3,3.08809829,0,0,0,0,15.9395075,-8.08615589,8.67707443,8.46020031,0,13.4525089,-8.08615589,12.843111,0,,,,50
85743496,0.5,0,3,3.10492039,0,0,0,0,15.9213276,-6.94134474,8.66803265,8.44753265,0,13.5811729,-6.94134474,12.7381907,0,,,,50
85744627,0.5,0,3,3.10492039,0,0,0,0,15.9440527,-6.94134474,8.66200447,8.44542122,0,13.7527237,-6.94134474,12.7381907,0,,,,50
85745758,0.5,0,3,3.06437993,0,0,0,0,15.9531422,-5.11659718,8.65597725,8.44330978,0,13.8885355,-5.11659718,12.67381,0,,,,50
85746884,0.5,0,3,3.11097288,0,0,0,0,15.9622326,-5.11659718,8.6318655,8.44330978,0,13.9743118,-5.11659718,12.67381,0,,,,50
85748015,0.5,0,3,3.04566622,0,0,0,0,15.9485979,-3.93929911,8.6198101,8.44330978,0,14.0457916,-3.93929911,12.6281443,0,,,,50
85749142,0.5,0,3,3.07027531,0,0,0,0,15.9531422,-3.93929911,8.6198101,8.44119835,0,14.1101236,-3.93929911,12.6281443,0,,,,50
85750477,0.5,0,3,3.11704898,0,0,0,0,15.9531422,-3.23901176,8.62583828,8.44119835,0,14.1530113,-3.23901176,12.511095,0,,,,50
85751603,0.5,0,3,3.06791449,0,0,0,0,15.9531422,-3.23901176,8.62583828,8.44119835,0,14.195899,-3.23901176,12.511095,0,,,,50
85752739,0.5,0,3,3.11218619,0,0,0,0,15.9213276,-3.04433274,8.61679649,8.44119835,0,14.2101955,-3.04433274,12.3989096,0,,,,50
85753865,0.5,0,3,3.10733867,0,0,0,0,15.9304171,-3.04433274,8.61076832,8.43908691,0,14.2316389,-3.04433274,12.3989096,0,,,,50
85754996,0.5,0,3,3.10733867,0,0,0,0,15.9485979,-3.21550155,8.60474014,8.43908691,0,14.2387867,-3.21550155,12.2915707,0,,,,50
85756122,0.5,0,3,2.96641088,0,0,0,0,15.9122372,-3.21550155,8.60172653,8.43908691,0,14.2387867,-3.21550155,12.2915707,0,,,,50
85757253,0.5,0,3,2.96641088,0,0,0,0,15.9304171,-3.31403518,8.59871292,8.43908691,0,14.2530832,-3.31403518,12.32516,0,,,,50
85758379,0.5,0,3,1.97467113,0,0,0,0,15.9485979,-3.31403518,8.568573,8.43908691,0,14.2387867,-3.31403518,12.32516,0,,,,50
85759516,0.5,0,3,2.17606902,0,0,0,0,15.9531422,-1.48336291,8.56555939,8.43275356,0,14.2673788,-1.48336291,13.1490908,0,,,,50
85760643,0.5,0,3,3.0809443,0,0,0,0,15.9213276,-1.48336291,8.57460117,8.43697548,0,14.3031187,-1.48336291,13.1490908,0,,,,50
85761773,0.5,0,3,3.0809443,0,0,0,0,15.9304171,2.15550399,8.568573,8.43697548,0,14.3460073,2.15550399,13.0681467,0,,,,50
85762899,0.5,0,3,3.0809443,0,0,0,0,15.9440527,2.15550399,8.56555939,8.43908691,0,14.4246349,2.15550399,13.0681467,0,,,,50
85764030,0.5,0,3,3.0809443,0,0,0,0,15.9531422,4.82261372,8.56254578,8.43697548,0,14.4818182,4.82261372,12.9872017,0,,,,50
85765156,0.5,0,3,3.06791449,0,0,0,0,15.9213276,4.82261372,8.55350399,8.43064213,0,14.4889669,4.82261372,12.9872017,0,,,,50
85766287,0.5,0,3,3.07382345,0,0,0,0,15.9304171,5.80052423,8.54747581,8.43697548,0,14.4246349,5.80052423,12.9133787,0,,,,50
85767418,0.5,0,3,3.07145715,0,0,0,0,15.9485979,5.80052423,8.53843403,8.43697548,0,14.2673788,5.80052423,12.9133787,0,,,,50
85768549,0.5,0,3,3.02717948,0,0,0,0,15.9531422,5.8507514,8.53542042,8.43697548,0,14.0743837,5.8507514,12.886199,0,,,,50
85769675,0.5,0,3,2.99311519,0,0,0,0,15.9576874,5.8507514,8.52939224,8.43697548,0,13.8456478,5.8507514,12.886199,0,,,,50
85771010,0.5,0,3,3.02603149,0,0,0,0,15.9213276,5.50408506,8.56254578,8.43697548,0,13.5454321,5.50408506,12.8601675,0,,,,50
85772136,0.5,0,3,3.02603149,0,0,0,0,15.9485979,5.50408506,8.58665657,8.43697548,0,13.288105,5.50408506,12.8601675,0,,,,50
85773267,0.5,0.556962013,3,3.02603149,0.354578733,0.282051265,0,0,15.9031467,4.99995708,8.1797781,8.28706932,0,13.3166971,4.99995708,12.834136,0,,,,50
85774393,0.5,0.557142854,3,1.93916059,0.314285696,0.249816835,0,0,15.9031467,4.99995708,8.27622318,8.2976265,0,13.3095493,4.99995708,12.834136,0,,,,50
85775528,0.5,0.57407409,3,1.93916059,0.249816835,0.185347974,0,0,15.9122372,6.45263529,8.37568283,8.3314085,0,13.3095493,6.45263529,13.8949747,0,,,,50
85776655,0.5,0.55737704,3,1.49965155,0.273992658,0.217582405,0,0,15.9213276,6.45263529,8.37266827,8.34407616,0,13.3166971,6.45263529,13.8949747,0,,,,50
85777786,0.5,0.555555582,3,2.09000659,0.362637341,0.290109873,0,0,15.907692,11.8774872,8.28225136,8.28073597,0,13.3095493,11.8774872,14.8049679,0,,,,50
85778912,0.5,0.536842108,3,2.97193503,0.410988986,0.354578733,0,0,15.8940573,11.8774872,8.23402786,8.26595592,0,13.3024006,11.8774872,14.8049679,0,,,,50
85780042,0.5,0.514084518,3,2.97193503,0.588278353,0.556043923,0,0,15.8440609,12,8.02003956,8.17094517,0,13.2666607,18.3936138,11.3886385,0,,,,50
85781169,0.5,0.524691343,3,2.97193503,0.684981644,0.620512784,0,0,15.8349714,12,7.95071983,8.13505173,0,13.2738094,18.3936138,11.3886385,0,,,,50
85782299,0.5,0.527272761,3,1.89091122,0.701098859,0.628571391,0,0,15.8213358,4.54289007,7.94167805,8.10760403,0,13.2666607,4.54289007,12.4977274,0,,,,50
85783431,0.5,0.513661206,3,2.06352353,0.757509112,0.717216074,0,0,15.8167906,4.54289007,7.88742733,8.0907135,0,13.2738094,4.54289007,12.4977274,0,,,,50
85784561,0.5,0.537815154,3,2.98416042,0.515750885,0.443223417,0,0,15.8622417,-0.274831593,8.12854099,8.20894909,0,13.2809572,-0.274831593,12.513567,0,,,,50
85785688,0.5,0.518518507,3,2.99199295,0.56410253,0.523809493,0,0,15.8486061,-0.274831593,8.07127666,8.18150139,0,13.288105,-0.274831593,12.513567,0,,,,50
85786819,0.5,0.546296299,3,3.02030468,0.475457847,0.394871771,0,0,15.8849669,-1.65401649,8.19484711,8.25117683,0,13.3024006,-1.65401649,12.4932623,0,,,,50
85787946,0.5,0.576470613,3,3.02030468,0.394871771,0.290109873,0,0,15.9122372,-1.65401649,8.30033493,8.30607224,0,13.3166971,-1.65401649,12.4932623,0,,,,50
85789076,0.5,0.596153855,3,2.99199295,0.249816835,0.169230759,0,0,15.9349623,-2.2138164,8.4058218,8.33985329,0,13.3095493,-2.2138164,12.5012693,0,,,,50
85790208,0.5,0.75,3,3.0157392,0.0483516455,0.0161172152,0,0,15.9349623,-2.2138164,8.568573,8.41797352,0,13.3238449,-2.2138164,12.5012693,0,,,,50
85791338,0.5,0,3,3.06437993,0,0,0,0,15.9531422,-2.34614849,8.64994907,8.45175552,0,13.3381405,-2.34614849,12.4368896,0,,,,50
85792668,0.5,0,3,3.03178024,0,0,0,0,15.9213276,-2.34614849,8.65597725,8.44964409,0,13.3381405,-2.34614849,12.4368896,0,,,,50
85793799,0.5,0,3,2.99536228,0,0,0,0,15.9485979,-2.27648497,8.64693546,8.44119835,0,13.352437,-2.27648497,12.4415274,0,,,,50
85794925,0.5,0,3,3.05148983,0,0,0,0,15.9258718,-2.27648497,8.6439209,8.43275356,0,13.3595848,-2.27648497,12.4415274,0,,,,50
85796056,0.5,0,3,3.06791449,0,0,0,0,15.9395075,-2.10601187,8.63487911,8.43908691,0,13.3667326,-2.10601187,12.3736134,0,,,,50
85797183,0.5,0,3,3.06791449,0,0,0,0,15.9485979,-2.10601187,8.61076832,8.43908691,0,13.3881769,-2.10601187,12.3736134,0,,,,50
85798318,0.5,0,3,3.00891614,0,0,0,0,15.9349623,-1.91930115,8.62282372,8.43908691,0,13.3953247,-1.91930115,12.3646965,0,,,,50
85799445,0.5,0,3,2.99311519,0,0,0,0,15.9258718,-1.91930115,8.61679649,8.43908691,0,13.3881769,-1.91930115,12.3646965,0,,,,50
85800575,0.5,0,3,3.03408575,0,0,0,0,15.9440527,-1.68967378,8.61076832,8.43908691,0,13.4024725,-1.68967378,12.3306112,0,,,,50
85801701,0.5,0,3,3.06673527,0,0,0,0,15.9576874,-1.68967378,8.57761478,8.43486404,0,13.4024725,-1.68967378,12.3306112,0,,,,50
85802832,0.5,0,3,3.04682922,0,0,0,0,15.9258718,-1.48581278,8.59871292,8.43697548,0,13.3953247,-1.48581278,12.283782,0,,,,50
85803959,0.5,0,3,2.99311519,0,0,0,0,15.9440527,-1.48581278,8.59569836,8.43486404,0,13.3953247,-1.48581278,12.283782,0,,,,50
85805089,0.5,0,3,2.99311519,0,0,0,0,15.9122372,-1.27774429,8.58967113,8.43697548,0,13.4024725,-1.27774429,12.2906666,0,,,,50
85806220,0.5,0,3,3.02373815,0,0,0,0,15.9395075,-1.27774429,8.58665657,8.43697548,0,13.4024725,-1.27774429,12.2906666,0,,,,50
85807352,0.5,0,3,3.07027531,0,0,0,0,15.9395075,-1.08167017,8.57460117,8.43697548,0,13.4024725,-1.08167017,12.2203913,0,,,,50
85808478,0.5,0,3,2.99873924,0,0,0,0,15.9485979,-1.08167017,8.56555939,8.43697548,0,13.416769,-1.08167017,12.2203913,0,,,,50
85809608,0.5,0,3,2.99873924,0,0,0,0,15.9395075,-0.943414271,8.54747581,8.43697548,0,13.4453611,-0.943414271,12.221652,0,,,,50
85810735,0.5,0,3,1.93305373,0,0,0,0,15.9531422,-0.943414271,8.5565176,8.43064213,0,13.481101,-0.943414271,12.221652,0,,,,50
85811866,0.5,0,3,2.07911563,0,0,0,0,15.9167824,0.98389858,8.55350399,8.43697548,0,13.5454321,0.98389858,13.1425362,0,,,,50
85813196,0.5,0,3,2.07911563,0,0,0,0,15.9531422,0.98389858,8.5444622,8.43486404,0,13.6169128,0.98389858,13.1425362,0,,,,50
85814331,0.5,0,3,2.96751404,0,0,0,0,15.9258718,4.97076273,8.54144764,8.43486404,0,13.6240606,4.97076273,13.1750221,0,,,,50
85815458,0.5,0,3,2.98975086,0,0,0,0,15.9440527,4.97076273,8.52939224,8.43697548,0,13.5883207,4.97076273,13.1750221,0,,,,50
85816589,0.5,0,3,2.98081636,0,0,0,0,15.9576874,8.27751255,8.51432323,8.43486404,0,13.4668045,8.27751255,13.1942062,0,,,,50
85817715,0.5,0,3,2.98081636,0,0,0,0,15.9304171,8.27751255,8.57158756,8.43486404,0,13.2952528,8.27751255,13.1942062,0,,,,50
85818846,0.5,0.580246925,3,1.9163413,0.378754556,0.273992658,0,0,15.9167824,11.9704494,8.17073631,8.2765131,0,13.3095493,11.9704494,14.2778645,0,,,,50
85819972,0.5,0.49000001,3,2.0434432,0.394871771,0.410988986,0,0,15.8940573,11.9704494,8.21594429,8.24061966,0,13.3024006,11.9704494,14.2778645,0,,,,50
85821108,0.5,0.533333361,3,2.0434432,0.515750885,0.451282024,0,0,15.8440609,12,8.10744381,8.19628143,0,13.2809572,18.5613747,11.6996498,0,,,,50
85822234,0.5,0.542253494,3,2.93801379,0.620512784,0.523809493,0,0,15.8622417,12,8.05319309,8.18361282,0,13.2809572,18.5613747,11.6996498,0,,,,50
85823365,0.5,0.53594774,3,2.95542407,0.660805821,0.572161138,0,0,15.866787,5.14640856,8.02003956,8.1667223,0,13.288105,5.14640856,11.7442265,0,,,,50
85824491,0.5,0.533333361,3,2.96972299,0.709157467,0.620512784,0,0,15.866787,5.14640856,7.96578932,8.14983177,0,13.2952528,5.14640856,11.7442265,0,,,,50
85825622,0.5,0.547826111,3,2.95651913,0.507692277,0.419047594,0,0,15.8986015,-1.55705059,8.18881989,8.24484253,0,13.3095493,-1.55705059,11.7877073,0,,,,50
85826748,0.5,0.553398073,3,2.93801379,0.459340632,0.370695949,0,0,15.8986015,-1.55705059,8.19484711,8.27229023,0,13.3238449,-1.55705059,11.7877073,0,,,,50
85827879,0.5,0.653846145,3,2.93801379,0.136996329,0.0725274682,0,0,15.9395075,-4.90264416,8.47212791,8.40319443,0,13.3238449,-4.90264416,11.8496933,0,,,,50
85829010,0.5,0.777777791,3,2.99199295,0.056410253,0.0161172152,0,0,15.9349623,-4.90264416,8.54144764,8.42853069,0,13.3309927,-4.90264416,11.8496933,0,,,,50
85830141,0.5,0,3,2.96420693,0,0,0,0,15.9349623,-6.11310959,8.65597725,8.44964409,0,13.3881769,-6.11310959,11.8854866,0,,,,50
85831268,0.5,0,3,2.98751211,0,0,0,0,15.9349623,-6.11310959,8.64994907,8.44119835,0,13.5096922,-6.11310959,11.8854866,0,,,,50
85832398,0.5,0,3,2.94343257,0,0,0,0,15.9531422,-6.02944326,8.64090729,8.43908691,0,13.6097641,-6.02944326,11.9420538,0,,,,50
85833524,0.5,0,3,2.94343257,0,0,0,0,15.9167824,-6.02944326,8.63487911,8.43697548,0,13.709836,-6.02944326,11.9420538,0,,,,50
85834859,0.5,0,3,1.86571074,0,0,0,0,15.9395075,-3.16558313,8.63487911,8.43697548,0,13.7884636,-3.16558313,13.0763435,0,,,,50
85835985,0.5,0,3,1.86571074,0,0,0,0,15.9167824,-3.16558313,8.6198101,8.43697548,0,13.8599443,-3.16558313,13.0763435,0,,,,50
85837120,0.5,0,3,1.86571074,0,0,0,0,15.9213276,4.33870268,8.61378193,8.43697548,0,13.8956842,4.33870268,14.2106323,0,,,,50
85838247,0.5,0,3,1.46308124,0,0,0,0,15.9213276,4.33870268,8.60775471,8.43697548,0,13.8956842,4.33870268,14.2106323,0,,,,50
85839377,0.5,0,3,2.03510475,0,0,0,0,15.9167824,12,8.60172653,8.43697548,0,13.8242044,14.9529648,13.5846939,0,,,,50
85840504,0.5,0,3,2.95323658,0,0,0,0,15.9213276,12,8.59871292,8.43697548,0,13.6669483,14.9529648,13.5846939,0,,,,50
85841635,0.5,0,3,2.92080712,0,0,0,0,15.9304171,12,8.58967113,8.43486404,0,13.3238449,15.434248,11.8137751,0,,,,50
85842761,0.5,0.536585391,3,2.92080712,0.5318681,0.459340632,0,0,15.866787,12,7.84523249,8.19417,0,13.288105,15.434248,11.8137751,0,,,,50
85843896,0.5,0.554744542,3,2.96972299,0.612454176,0.491575062,0,0,15.866787,5.62167025,7.88441372,8.19839287,0,13.2952528,5.62167025,11.8440523,0,,,,50
85845023,0.5,0.543046355,3,2.96972299,0.660805821,0.556043923,0,0,15.8531513,5.62167025,7.96277571,8.16883373,0,13.288105,5.62167025,11.8440523,0,,,,50
85846153,0.5,0.589473665,3,1.89225638,0.451282024,0.314285696,0,0,15.8895121,1.97435737,8.24005604,8.26595592,0,13.3024006,1.97435737,12.9517956,0,,,,50
85847280,0.5,0.563380301,3,2.02786422,0.322344303,0.249816835,0,0,15.907692,1.97435737,8.32143211,8.31451702,0,13.3095493,1.97435737,12.9517956,0,,,,50
85848411,0.5,0.5625,3,2.97415042,0.217582405,0.169230759,0,0,15.9349623,3.23548436,8.44801617,8.35463333,0,13.3309927,3.23548436,12.9776449,0,,,,50
85849537,0.5,0.627906978,3,2.97415042,0.217582405,0.128937721,0,0,15.9349623,3.23548436,8.46308613,8.37363529,0,13.3238449,3.23548436,12.9776449,0,,,,50
85850668,0.5,0.547619045,3,2.97415042,0.185347974,0.153113544,0,0,15.9167824,5.24982166,8.39979362,8.34407616,0,13.3166971,5.24982166,13.0034943,0,,,,50
85851799,0.5,0.534883738,3,1.87052166,0.185347974,0.161172152,0,0,15.907692,5.24982166,8.38472462,8.33563042,0,13.3095493,5.24982166,13.0034943,0,,,,50
85852930,0.5,0.563380301,3,2.01150608,0.322344303,0.249816835,0,0,15.907692,8.20363712,8.31841755,8.31029415,0,13.3095493,8.20363712,13.9919882,0,,,,50
85854057,0.5,0.542553186,3,2.96090746,0.410988986,0.346520126,0,0,15.8986015,8.20363712,8.22498608,8.26806736,0,13.288105,8.20363712,13.9919882,0,,,,50
85855391,0.5,0.520325184,3,2.99311519,0.515750885,0.475457847,0,0,15.8713312,12,8.1044302,8.20894909,0,13.2952528,12.5523529,13.7013073,0,,,,50
85856518,0.5,0.540983617,3,2.99311519,0.5318681,0.451282024,0,0,15.866787,12,8.11949921,8.20894909,0,13.288105,12.5523529,13.7013073,0,,,,50
85857648,0.5,0.531034529,3,2.93585181,0.620512784,0.547985315,0,0,15.8576965,12,8.02606773,8.17516804,0,13.288105,14.0044222,12.6856241,0,,,,50
85858775,0.5,0.545454562,3,2.99087143,0.725274682,0.604395568,0,0,15.8531513,12,7.96880341,8.14983177,0,13.288105,14.0044222,12.6856241,0,,,,50
85859910,0.5,0.532467544,3,2.96972299,0.660805821,0.580219746,0,0,15.8349714,8.21875477,7.9808588,8.15194321,0,13.2666607,8.21875477,12.7159014,0,,,,50
85861037,0.5,0.52976191,3,2.92080712,0.717216074,0.636629999,0,0,15.8576965,8.21875477,7.98688698,8.16461086,0,13.2738094,8.21875477,12.7159014,0,,,,50
85862168,0.5,0.5289855,3,2.95432997,0.588278353,0.523809493,0,0,15.8713312,4.79023361,8.07429028,8.20261574,0,13.288105,4.79023361,12.7615709,0,,,,50
85863294,0.5,0.526717544,3,2.99087143,0.556043923,0.49963367,0,0,15.8622417,4.79023361,8.08031845,8.19628143,0,13.2952528,4.79023361,12.7615709,0,,,,50
85864424,0.5,0.522727251,3,2.99087143,0.370695949,0.338461518,0,0,15.9031467,2.87719059,8.24306965,8.28073597,0,13.3095493,2.87719059,12.7706995,0,,,,50
85865551,0.5,0.559139788,3,2.97193503,0.419047594,0.330402911,0,0,15.9031467,2.87719059,8.2671814,8.28073597,0,13.3095493,2.87719059,12.7706995,0,,,,50
85866682,0.5,0.558823526,3,2.92080712,0.306227088,0.241758227,0,0,15.9122372,1.99167562,8.31540394,8.31451702,0,13.3166971,1.99167562,12.8498926,0,,,,50
85867813,0.5,0.583333313,3,2.9752593,0.225641012,0.161172152,0,0,15.9258718,1.99167562,8.42390537,8.35885525,0,13.3238449,1.99167562,12.8498926,0,,,,50
85868944,0.5,0.553191483,3,2.99199295,0.209523797,0.169230759,0,0,15.9349623,1.7925787,8.52637863,8.38419151,0,13.3238449,1.7925787,12.8578997,0,,,,50
85870070,0.5,0.699999988,3,3.0352397,0.112820506,0.0483516455,0,0,15.9304171,1.7925787,8.47514153,8.39897156,0,13.3095493,1.7925787,12.8578997,0,,,,50
85871201,0.5,0.708333313,3,2.99199295,0.136996329,0.056410253,0,0,15.9304171,1.87271953,8.44500256,8.40530586,0,13.3309927,1.87271953,12.8659067,0,,,,50
85872327,0.5,0.666666687,3,2.99199295,0.128937721,0.0644688606,0,0,15.9304171,1.87271953,8.47212791,8.40319443,0,13.3238449,1.87271953,12.8659067,0,,,,50
85873458,0.5,0.789473712,3,2.96751404,0.120879114,0.0322344303,0,0,15.9349623,2.07946801,8.4932251,8.41163921,0,13.3309927,2.07946801,12.8983927,0,,,,50
85874589,0.5,0.703703701,3,2.99087143,0.153113544,0.0644688606,0,0,15.9349623,2.07946801,8.45103073,8.40952778,0,13.3238449,2.07946801,12.8983927,0,,,,50
85875924,0.5,0.75,3,2.98863125,0.145054936,0.0483516455,0,0,15.9304171,2.38081741,8.43596077,8.40108299,0,13.3238449,2.38081741,12.9097614,0,,,,50
85877050,0.5,0.782608688,3,2.99311519,0.145054936,0.0402930379,0,0,15.9349623,2.38081741,8.46007252,8.40952778,0,13.3166971,2.38081741,12.9097614,0,,,,50
85878181,0.5,0.541666687,3,2.98416042,0.104761899,0.0886446834,0,0,15.9349623,2.69160867,8.49623966,8.39686012,0,13.3238449,2.69160867,12.925601,0,,,,50
85879307,0.5,0.75,3,2.99087143,0.120879114,0.0402930379,0,0,15.9304171,2.69160867,8.47212791,8.40530586,0,13.3238449,2.69160867,12.925601,0,,,,50
85880438,0.5,0.625,3,2.99087143,0.120879114,0.0725274682,0,0,15.9304171,2.96685719,8.51432323,8.38841438,0,13.3238449,2.96685719,12.9347296,0,,,,50
85881565,0.5,0.709677398,3,2.99648714,0.177289367,0.0725274682,0,0,15.9304171,2.96685719,8.38171005,8.38841438,0,13.3238449,2.96685719,12.9347296,0,,,,50
85882700,0.5,0.681818187,3,2.92080712,0.120879114,0.056410253,0,0,15.9304171,3.32005048,8.47212791,8.39263725,0,13.3238449,3.32005048,13.0139217,0,,,,50
85883826,0.5,0.551724136,3,3.01802015,0.128937721,0.104761899,0,0,15.9304171,3.32005048,8.4691143,8.38208103,0,13.3238449,3.32005048,13.0139217,0,,,,50
85884957,0.5,0.617647052,3,3.02947807,0.169230759,0.104761899,0,0,15.9258718,3.69465327,8.29129314,8.37152386,0,13.3238449,3.69465327,12.9844437,0,,,,50
85886083,0.5,0.657894731,3,3.0145998,0.201465189,0.104761899,0,0,15.9349623,3.69465327,8.39979362,8.37785816,0,13.3238449,3.69465327,12.9844437,0,,,,50
85887214,0.5,0.577777803,3,3.03178024,0.209523797,0.153113544,0,0,15.9349623,3.81144881,8.38773823,8.36307812,0,13.3238449,3.81144881,12.9526634,0,,,,50
85888340,0.5,0.529411793,3,3.03178024,0.145054936,0.128937721,0,0,15.9167824,3.81144881,8.31239033,8.40530586,0,13.3166971,3.81144881,12.9526634,0,,,,50
85889471,0.5,0.59523809,3,2.99761271,0.201465189,0.136996329,0,0,15.9349623,3.71042442,8.41184998,8.34618759,0,13.3238449,3.71042442,12.9550505,0,,,,50
85890602,0.5,0.579999983,3,2.99199295,0.23369962,0.169230759,0,0,15.9258718,3.71042442,8.38472462,8.34829903,0,13.3238449,3.71042442,12.9550505,0,,,,50
85891733,0.5,0.641025662,3,2.99199295,0.201465189,0.112820506,0,0,15.9167824,3.59761548,8.47514153,8.37363529,0,13.3238449,3.59761548,12.9630575,0,,,,50
85892859,0.5,0.56410259,3,2.99199295,0.177289367,0.136996329,0,0,15.9349623,3.59761548,8.27320957,8.36096668,0,13.3095493,3.59761548,12.9630575,0,,,,50
85893990,0.5,0.545454562,3,2.98975086,0.193406582,0.161172152,0,0,15.9258718,3.54205728,8.40280819,8.36096668,0,13.3238449,3.54205728,12.9733067,0,,,,50
85895117,0.5,0.583333313,3,2.98975086,0.169230759,0.120879114,0,0,15.9213276,3.54205728,8.40280819,8.36518955,0,13.3166971,3.54205728,12.9733067,0,,,,50
85896247,0.5,0.649999976,3,2.99311519,0.209523797,0.112820506,0,0,15.9258718,3.52936554,8.22197247,8.36730099,0,13.3238449,3.52936554,12.9801912,0,,,,50
85897577,0.5,0.545454562,3,2.98081636,0.193406582,0.161172152,0,0,15.9213276,3.52936554,8.44500256,8.41797352,0,13.3238449,3.52936554,12.9801912,0,,,,50
85898713,0.5,0.549019635,3,2.99199295,0.225641012,0.185347974,0,0,15.9258718,3.53715634,8.36664104,8.34618759,0,13.3238449,3.53715634,12.9881983,0,,,,50
85899839,0.5,0.551020384,3,2.99761271,0.217582405,0.177289367,0,0,15.9167824,3.53715634,8.38773823,8.34407616,0,13.3238449,3.53715634,12.9881983,0,,,,50
85900970,0.5,0.574999988,3,2.99311519,0.185347974,0.136996329,0,0,15.9167824,3.55421853,8.42993259,8.34407616,0,13.3166971,3.55421853,12.9950838,0,,,,50
85902097,0.5,0.571428597,3,2.97304225,0.225641012,0.169230759,0,0,15.9258718,3.55421853,8.4058218,8.3525219,0,13.3166971,3.55421853,12.9950838,0,,,,50
85903228,0.5,0.545454562,3,2.97304225,0.241758227,0.201465189,0,0,15.9213276,3.61107016,8.34855747,8.3314085,0,13.3238449,3.61107016,13.0220413,0,,,,50
85904354,0.5,0.576271176,3,2.97304225,0.273992658,0.201465189,0,0,15.907692,3.61107016,8.31540394,8.32296276,0.00714798551,13.3095493,3.61107016,13.0220413,0,,,,50
85905490,0.5,0.555555582,3,1.9191066,0.241758227,0.193406582,0,0,15.9213276,5.70212126,8.37568283,8.34196472,0,13.3166971,5.70212126,14.1029348,0,,,,50
85906616,0.5,0.566666663,3,2.06566024,0.273992658,0.209523797,0,0,15.9213276,5.70212126,8.36362648,8.34196472,0,13.3166971,5.70212126,14.1029348,0,,,,50
85907747,0.5,0.541666687,3,2.96972299,0.314285696,0.26593405,0,0,15.8986015,10.0269976,8.28526497,8.30607224,0,13.3095493,10.0269976,14.1332111,0,,,,50
85908873,0.5,0.558823526,3,2.91973853,0.306227088,0.241758227,0,0,15.9031467,10.0269976,8.34855747,8.32718563,0,13.3024006,10.0269976,14.1332111,0,,,,50
85910004,0.5,0.519230783,3,3.01005125,0.435164809,0.402930379,0,0,15.8804216,12,8.1797781,8.25117683,0,13.3024006,13.374732,13.3825588,0,,,,50
85911130,0.5,0.528925598,3,3.01005125,0.515750885,0.459340632,0,0,15.866787,12,8.12552738,8.21950626,0,13.2952528,13.374732,13.3825588,0,,,,50
85912261,0.5,0.537878811,3,2.95542407,0.572161138,0.491575062,0,0,15.8486061,10.5337553,8.0562067,8.18361282,0,13.2809572,10.5337553,13.4271345,0,,,,50
85913392,0.5,0.541401327,3,2.9830451,0.684981644,0.580219746,0,0,15.8576965,10.5337553,8.01099777,8.1730566,0,13.2595129,10.5337553,13.4271345,0,,,,50
85914523,0.5,0.534591198,3,3.02947807,0.684981644,0.596336961,0,0,15.8576965,8.52012539,7.99894238,8.16461086,0,13.2952528,8.52012539,13.3976564,0,,,,50
85915649,0.5,0.529411793,3,2.96751404,0.725274682,0.644688606,0,0,15.8395166,8.52012539,7.93263626,8.12871838,0,13.2738094,8.52012539,13.3976564,0,,,,50
85916780,0.5,0.532894731,3,2.99311519,0.652747214,0.572161138,0,0,15.8395166,7.0189271,7.99592876,8.16038799,0,13.2809572,7.0189271,13.404541,0,,,,50
85918111,0.5,0.525179803,3,2.98416042,0.588278353,0.5318681,0,0,15.8576965,7.0189271,8.06524849,8.18572426,0,13.2809572,7.0189271,13.404541,0,,,,50
85919242,0.5,0.532786906,3,2.98416042,0.523809493,0.459340632,0,0,15.8895121,5.94434023,8.12552738,8.23850822,0,13.2952528,5.94434023,13.4203806,0,,,,50
85920368,0.5,0.533898294,3,2.98416042,0.507692277,0.443223417,0,0,15.8804216,5.94434023,8.14059639,8.24061966,0,13.3024006,5.94434023,13.4203806,0,,,,50
85921504,0.5,0.444444448,3,1.9339906,0.290109873,0.362637341,0,0,15.8849669,7.19928026,8.20388889,8.26806736,0,13.3024006,7.19928026,14.4863901,0,,,,50
85922630,0.5,0.536585391,3,1.9339906,0.354578733,0.306227088,0,0,15.9031467,7.19928026,8.27320957,8.30818272,0,13.3024006,7.19928026,14.4863901,0,,,,50
85923761,0.5,0.537634432,3,1.50275815,0.402930379,0.346520126,0,0,15.8940573,12,8.22498608,8.28284645,0,13.3024006,13.6388245,15.1007566,0,,,,50
85924887,0.5,0.543478251,3,2.0597949,0.402930379,0.338461518,0,0,15.8849669,12,8.21895885,8.26173306,0,13.2952528,13.6388245,15.1007566,0,,,,50
85926018,0.5,0.534883738,3,3.00438452,0.556043923,0.483516455,0,0,15.8486061,12,8.07127666,8.18783569,0,13.2738094,17.2455101,12.2704897,0,,,,50
85927145,0.5,0.538922131,3,3.00438452,0.725274682,0.620512784,0,0,15.8576965,12,7.96578932,8.15827656,0,13.2809572,17.2455101,12.2704897,0,,,,50
85928276,0.5,0.516853929,3,2.99199295,0.741391897,0.693040252,0,0,15.8395166,3.85671711,7.91153908,8.13082886,0,13.2738094,3.85671711,12.2784967,0,,,,50
85929407,0.5,0.516666651,3,3.01346135,0.749450505,0.701098859,0,0,15.8213358,3.85671711,7.88441372,8.10127068,0,13.2809572,3.85671711,12.2784967,0,,,,50
85930538,0.5,0.554455459,3,3.01346135,0.451282024,0.362637341,0,0,15.9031467,-3.95491338,8.31841755,8.29973793,0,13.3024006,-3.95491338,12.2650356,0,,,,50
85931664,0.5,0.550000012,3,1.96833873,0.354578733,0.290109873,0,0,15.9031467,-3.95491338,8.27019501,8.30607224,0,13.3166971,-3.95491338,12.2650356,0,,,,50
85932795,0.5,0.714285731,3,2.07102132,0.120879114,0.0483516455,0,0,15.9395075,-6.35449123,8.51733685,8.42219639,0,13.3309927,-6.35449123,13.1940145,0,,,,50
85933921,0.5,1,3,3.05032325,0.00805860758,0,0,0,15.9576874,-6.35449123,8.65899086,8.45808983,0,13.3381405,-6.35449123,13.1940145,0,,,,50
85935052,0.5,0,3,3.05032325,0,0,0,0,15.9531422,-4.55565023,8.66501904,8.45808983,0,13.3667326,-4.55565023,13.1436911,0,,,,50
85936183,0.5,0,3,3.06555724,0,0,0,0,15.9258718,-4.55565023,8.65597725,8.44964409,0,13.4525089,-4.55565023,13.1436911,0,,,,50
85937314,0.5,0,3,3.04334307,0,0,0,0,15.9395075,-2.26910591,8.64994907,8.44542122,0,13.5025444,-2.26910591,13.1003485,0,,,,50
85938440,0.5,0,3,3.07145715,0,0,0,0,15.9167824,-2.26910591,8.6439209,8.44119835,0,13.5454321,-2.26910591,13.1003485,0,,,,50
85939776,0.5,0,3,3.06437993,0,0,0,0,15.9213276,-0.912385345,8.63789368,8.44330978,0,13.5454321,-0.912385345,13.0359678,0,,,,50
85940902,0.5,0,3,3.06673527,0,0,0,0,15.9304171,-0.912385345,8.6318655,8.44330978,0,13.5668764,-0.912385345,13.0359678,0,,,,50
85942032,0.5,0,3,3.06909442,0,0,0,0,15.9440527,-0.23542048,8.62282372,8.43908691,0,13.5311365,-0.23542048,12.9668741,0,,,,50
85943159,0.5,0,3,3.06909442,0,0,0,0,15.9531422,-0.23542048,8.6198101,8.44330978,0,13.5239887,-0.23542048,12.9668741,0,,,,50
85944294,0.5,0,3,3.06909442,0,0,0,0,15.9258718,-0.0345941968,8.61378193,8.44119835,0,13.5025444,-0.0345941968,12.8977795,0,,,,50
85945420,0.5,0,3,3.0726397,0,0,0,0,15.9440527,-0.0345941968,8.60474014,8.44119835,0,13.4668045,-0.0345941968,12.8977795,0,,,,50
85946551,0.5,0,3,3.07145715,0,0,0,0,15.9258718,-0.136458099,8.60172653,8.44119835,0,13.4382124,-0.136458099,12.8263226,0,,,,50
85947678,0.5,0,3,3.08570981,0,0,0,0,15.9304171,-0.136458099,8.59569836,8.44119835,0,13.4239168,-0.136458099,12.8263226,0,,,,50
85948808,0.5,0,3,3.06909442,0,0,0,0,15.9531422,-0.414916396,8.58364296,8.43908691,0,13.4239168,-0.414916396,12.7572279,0,,,,50
85949935,0.5,0,3,3.07382345,0,0,0,0,15.9576874,-0.414916396,8.56254578,8.44119835,0,13.4310646,-0.414916396,12.7572279,0,,,,50
85951065,0.5,0,3,3.06673527,0,0,0,0,15.9258718,-0.774475813,8.57761478,8.43908691,0,13.4525089,-0.774475813,12.6904926,0,,,,50
85952196,0.5,0,3,3.05032325,0,0,0,0,15.9395075,-0.774475813,8.57158756,8.43908691,0,13.5382843,-0.774475813,12.6904926,0,,,,50
85953327,0.5,0,3,3.07027531,0,0,0,0,15.9485979,-1.16044128,8.54747581,8.43908691,0,13.6097641,-1.16044128,12.6202173,0,,,,50
85954454,0.5,0,3,3.07027531,0,0,0,0,15.9440527,-1.16044128,8.53843403,8.43908691,0,13.6383562,-1.16044128,12.6202173,0,,,,50
85955584,0.5,0,3,3.04450417,0,0,0,0,15.9395075,-1.50236785,8.55953121,8.43697548,0,13.645504,-1.50236785,12.5757132,0,,,,50
85956710,0.5,0,3,2.99311519,0,0,0,0,15.9349623,-1.50236785,8.54747581,8.43908691,0,13.6383562,-1.50236785,12.5757132,0,,,,50
85957841,0.5,0,3,3.02030468,0,0,0,0,15.9304171,-1.68496811,8.54144764,8.43908691,0,13.6312084,-1.68496811,12.5554085,0,,,,50
85958967,0.5,0,3,2.99311519,0,0,0,0,15.9258718,-1.68496811,8.53240585,8.43908691,0,13.645504,-1.68496811,12.5554085,0,,,,50
85960307,0.5,0,3,2.9830451,0,0,0,0,15.9122372,-1.59924388,8.52637863,8.43697548,0.00714798551,13.6669483,-1.59924388,12.5723629,0,,,,50
85961434,0.5,0,3,2.99199295,0,0,0,0,15.9395075,-1.59924388,8.56254578,8.43697548,0,13.6883926,-1.59924388,12.5723629,0,,,,50
85962564,0.5,1,3,2.99199295,0.00805860758,0,0,0,15.9122372,-1.24663329,8.58967113,8.43697548,0,13.7312803,-1.24663329,12.5803699,0,,,,50
85963691,0.5,0,3,2.97415042,0,0,0,0,15.9258718,-1.24663329,8.58364296,8.43697548,0,13.7670202,-1.24663329,12.5803699,0,,,,50
85964821,0.5,0,3,2.97415042,0,0,0,0,15.9440527,-0.715477824,8.58364296,8.43697548,0,13.8242044,-0.715477824,12.6062202,0,,,,50
85965948,0.5,0,3,1.93071508,0,0,0,0,15.9440527,-0.715477824,8.57158756,8.43697548,0,13.8670921,-0.715477824,12.6062202,0,,,,50
85967083,0.5,0,3,2.05026865,0,0,0,0,15.9485979,1.64328182,8.58364296,8.43697548,0,13.8742399,1.64328182,13.5559511,0,,,,50
85968210,0.5,0,3,2.95214391,0,0,0,0,15.9349623,1.64328182,8.58665657,8.43486404,0,13.8956842,1.64328182,13.5559511,0,,,,50
85969340,0.5,0,3,2.95214391,0,0,0,0,15.9122372,5.98832655,8.58665657,8.43697548,0,13.8670921,5.98832655,13.6038074,0,,,,50
85970467,0.5,0,3,2.8859477,0,0,0,0,15.9304171,5.98832655,8.58665657,8.43486404,0,13.7884636,5.98832655,13.6038074,0,,,,50
85971597,0.5,0,3,2.96090746,0,0,0,0,15.9167824,9.56376648,8.58665657,8.43697548,0,13.6312084,9.56376648,13.6428995,0,,,,50
85972724,0.5,0,3,2.95651913,0,0,0,0,15.9395075,9.56376648,8.58364296,8.43486404,0,13.4310646,9.56376648,13.6428995,0,,,,50
85973855,0.5,0.537634432,3,2.93477225,0.402930379,0.346520126,0,0,15.8622417,11.5294085,8.08333206,8.18994713,0,13.2809572,11.5294085,13.708127,0,,,,50
85974986,0.5,0.525862098,3,2.93477225,0.491575062,0.443223417,0,0,15.8758764,11.5294085,8.07730484,8.21317196,0,13.2952528,11.5294085,13.708127,0,,,,50
85976117,0.5,0.523076952,3,2.93477225,0.547985315,0.49963367,0,0,15.8486061,12,8.06524849,8.18361282,0,13.2809572,12.5192471,13.4936237,0,,,,50
85977243,0.5,0.536231875,3,1.91358399,0.596336961,0.515750885,0,0,15.8486061,12,8.05922127,8.18150139,0,13.2809572,12.5192471,13.4936237,0,,,,50
85978374,0.5,0.522875845,3,1.91358399,0.644688606,0.588278353,0,0,15.8440609,12,8.02908134,8.16461086,0,13.2666607,13.1961212,13.9356604,0,,,,50
85979500,0.5,0.537572265,3,1.4690069,0.749450505,0.644688606,0,0,15.8440609,12,7.93565035,8.14349747,0,13.2666607,13.1961212,13.9356604,0,,,,50
85980834,0.5,0.526066303,3,2.01404476,0.894505441,0.805860758,0,0,15.7986107,12,7.76988459,8.02526188,0,13.2523651,14.3682337,13.6457911,0,,,,50
85981961,0.5,0.533333302,3,2.93801379,0.838095188,0.73333329,0,0,15.8167906,12,7.86331606,8.07382298,0,13.2595129,14.3682337,13.6457911,0,,,,50
85983096,0.5,0.531578958,3,2.91973853,0.813919365,0.717216074,0,0,15.8167906,11.2491827,7.88441372,8.08226776,0,13.2595129,11.2491827,13.7260523,0,,,,50
85984222,0.5,0.528205097,3,2.91973853,0.830036581,0.741391897,0,0,15.8031559,11.2491827,7.82112122,8.05482006,0,13.2595129,11.2491827,13.7260523,0,,,,50
85985353,0.5,0.519083917,3,2.95542407,1.09597063,1.01538455,0,0,15.7667952,10.3395853,7.56493807,7.90702581,0,13.2380695,10.3395853,13.770628,0,,,,50
85986480,0.5,0.53114754,3,2.99199295,1.30549443,1.15238094,0,0,15.7395248,10.3395853,7.38410282,7.81834888,0,13.2166252,10.3395853,13.770628,0,,,,50
85987611,0.5,0.529069781,3,2.95542407,1.46666658,1.30549443,0,0,15.7440701,9.69468307,7.31478262,7.80568075,0,13.2309208,9.69468307,13.8152037,0,,,,50
85988737,0.5,0.536679566,3,2.98975086,1.12014651,0.967032909,0,0,15.7895203,9.69468307,7.71262026,7.98303461,0,13.2452173,9.69468307,13.8152037,0,,,,50
85989872,0.5,0.538461506,3,2.97193503,0.846153796,0.725274682,0,0,15.866787,9.1749773,7.98688698,8.14772034,0,13.288105,9.1749773,13.8432684,0,,,,50
85990999,0.5,0.519480526,3,2.97193503,0.644688606,0.596336961,0,0,15.8713312,9.1749773,8.11949921,8.19628143,0,13.2952528,9.1749773,13.8432684,0,,,,50
85992130,0.5,0.533333361,3,2.97193503,0.515750885,0.451282024,0,0,15.8804216,8.71499252,8.18580532,8.23850822,0,13.2952528,8.71499252,13.8713331,0,,,,50
85993256,0.5,0.537037015,3,1.91588128,0.46739924,0.402930379,0,0,15.8622417,8.71499252,8.19786167,8.23217392,0,13.288105,8.71499252,13.8713331,0,,,,50
85994387,0.5,0.555555582,3,2.03770304,0.523809493,0.419047594,0,0,15.8849669,10.0374842,8.21594429,8.25328827,0,13.2952528,10.0374842,14.8336306,0,,,,50
85995513,0.5,0.5390625,3,2.99423838,0.556043923,0.475457847,0,0,15.8758764,10.0374842,8.17374992,8.227952,0,13.288105,10.0374842,14.8336306,0,,,,50
85996644,0.5,0.541935444,3,2.99199295,0.676923037,0.572161138,0,0,15.8531513,12,8.05922127,8.18150139,0,13.2738094,13.3010349,14.1407385,0,,,,50
85997775,0.5,0.524590135,3,3.01118708,0.773626328,0.701098859,0,0,15.8440609,12,7.97784519,8.13505173,0,13.2738094,13.3010349,14.1407385,0,,,,50
85998906,0.5,0.523809552,3,3.01118708,0.886446834,0.805860758,0,0,15.8077011,11.6313314,7.84824657,8.05904293,0,13.2666607,11.6313314,14.1295519,0,,,,50
86000032,0.5,0.516129076,3,3.02488446,0.902564049,0.846153796,0,0,15.7940655,11.6313314,7.80906582,8.0358181,0,13.2452173,11.6313314,14.1295519,0,,,,50
86001163,0.5,0.537688434,3,3.02259278,0.862271011,0.741391897,0,0,15.8213358,10.1257067,7.92058086,8.09704781,0,13.2523651,10.1257067,14.1069584,0,,,,50
86002493,0.5,0.534759343,3,3.0352397,0.805860758,0.701098859,0,0,15.8486061,10.1257067,7.98688698,8.1392746,0,13.2809572,10.1257067,14.1069584,0,,,,50
86003624,0.5,0.545454562,3,3.05499434,0.773626328,0.644688606,0,0,15.8622417,8.70166397,8.01099777,8.15405464,0,13.288105,8.70166397,14.0519638,0,,,,50
86004750,0.5,0.531073451,3,3.06909442,0.757509112,0.668864429,0,0,15.8486061,8.70166397,7.99894238,8.1392746,0,13.2809572,8.70166397,14.0519638,0,,,,50
86005885,0.5,0.529411793,3,3.06555724,0.652747214,0.580219746,0,0,15.8486061,7.27956343,8.06223488,8.1730566,0,13.2809572,7.27956343,13.9864063,0,,,,50
86007012,0.5,0.533834636,3,3.02488446,0.572161138,0.49963367,0,0,15.866787,7.27956343,8.14963818,8.21528339,0,13.2809572,7.27956343,13.9864063,0,,,,50
86008142,0.5,0.527131796,3,3.02488446,0.547985315,0.491575062,0,0,15.8849669,5.95425844,8.17676353,8.23850822,0,13.3024006,5.95425844,13.9615221,0,,,,50
86009269,0.5,0.528455257,3,3.03870726,0.523809493,0.46739924,0,0,15.8804216,5.95425844,8.16772175,8.23639679,0,13.3024006,5.95425844,13.9615221,0,,,,50
86010399,0.5,0.462500006,3,3.03870726,0.29816848,0.346520126,0,0,15.8849669,4.84827328,8.24005604,8.28284645,0,13.2952528,4.84827328,13.9228153,0,,,,50
86011526,0.5,0.559523821,3,2.01404476,0.378754556,0.29816848,0,0,15.9031467,4.84827328,8.29129314,8.31029415,0,13.3024006,4.84827328,13.9228153,0,,,,50
86012656,0.5,0.584415555,3,2.11605549,0.362637341,0.257875443,0,0,15.907692,5.65246248,8.31540394,8.31029415,0,13.3166971,5.65246248,14.8067598,0,,,,50
86013788,0.5,0.545454562,3,3.09528518,0.338461518,0.282051265,0,0,15.8986015,5.65246248,8.31841755,8.3039608,0,13.3095493,5.65246248,14.8067598,0,,,,50
86014918,0.5,0.558823526,3,3.1490314,0.306227088,0.241758227,0,0,15.9031467,8.30416965,8.35157108,8.32296276,0,13.3095493,8.30416965,14.6577282,0,,,,50
86016045,0.5,0.544303775,3,3.14530754,0.346520126,0.290109873,0,0,15.9031467,8.30416965,8.32745934,8.31451702,0,13.2952528,8.30416965,14.6577282,0,,,,50
86017175,0.5,0.535353541,3,3.14530754,0.427106202,0.370695949,0,0,15.8758764,9.84357452,8.24306965,8.26595592,0,13.2952528,9.84357452,14.5124207,0,,,,50
86018302,0.5,0.536842108,3,3.14530754,0.410988986,0.354578733,0,0,15.8849669,9.84357452,8.28827858,8.27440166,0,13.2952528,9.84357452,14.5124207,0,,,,50
86019433,0.5,0.532786906,3,2.03562379,0.523809493,0.459340632,0,0,15.8758764,11.6005478,8.1797781,8.23850822,0,13.2952528,11.6005478,15.4767962,0,,,,50
86020565,0.5,0.51879704,3,2.12677121,0.556043923,0.515750885,0,0,15.8622417,11.6005478,8.12251282,8.20683765,0,13.2809572,11.6005478,15.4767962,0,,,,50
86021695,0.5,0.552238822,3,3.05967999,0.596336961,0.483516455,0,0,15.8486061,12,8.11347103,8.19839287,0,13.2666607,14.7579374,13.9313488,0,,,,50
86023026,0.5,0.54037267,3,3.15027452,0.701098859,0.596336961,0,0,15.8486061,12,8.04415131,8.17516804,0,13.2738094,14.7579374,13.9313488,0,,,,50
86024156,0.5,0.524590135,3,3.12437177,0.773626328,0.701098859,0,0,15.8395166,8.04279518,7.9748311,8.12871838,0,13.2809572,8.04279518,13.8069773,0,,,,50
86025283,0.5,0.530054629,3,3.06909442,0.781684935,0.693040252,0,0,15.825881,8.04279518,7.95674753,8.11604977,0,13.2809572,8.04279518,13.8069773,0,,,,50
86026413,0.5,0.545454562,3,3.1292727,0.580219746,0.483516455,0,0,15.8713312,3.23958349,8.1797781,8.23006344,0,13.2738094,3.23958349,13.6777048,0,,,,50
86027540,0.5,0.530769229,3,3.1292727,0.556043923,0.491575062,0,0,15.8804216,3.23958349,8.16169453,8.23850822,0,13.3024006,3.23958349,13.6777048,0,,,,50
86028675,0.5,0.512499988,3,3.1292727,0.330402911,0.314285696,0,0,15.8986015,-0.242548779,8.31239033,8.30818272,0,13.3166971,-0.242548779,13.5484314,0,,,,50
86029802,0.5,0.576923072,3,2.04658771,0.241758227,0.177289367,0,0,15.9258718,-0.242548779,8.42089176,8.36307812,0,13.3166971,-0.242548779,13.5484314,0,,,,50
86030932,0.5,0.666666687,3,2.13530779,0.145054936,0.0725274682,0,0,15.9304171,-0.923181593,8.47514153,8.40530586,0,13.3309927,-0.923181593,14.4131241,0,,,,50
86032059,0.5,0.777777791,3,3.11097288,0.056410253,0.0161172152,0,0,15.9349623,-0.923181593,8.54144764,8.41586208,0,13.3238449,-0.923181593,14.4131241,0,,,,50
86033189,0.5,1,3,3.11097288,0.0483516455,0,0,0,15.9440527,1.17805493,8.58062935,8.45386696,0,13.3309927,1.17805493,14.3021507,0,,,,50
86034316,0.5,1,3,2.04239702,0.0483516455,0,0,0,15.9349623,1.17805493,8.53542042,8.45175552,0,13.3238449,1.17805493,14.3021507,0,,,,50
86035447,0.5,1,3,2.04239702,0.0725274682,0,0,0,15.9258718,4.9624877,8.51130867,8.43908691,0,13.3238449,4.9624877,15.2597542,0,,,,50
86036578,0.5,0.777777791,3,1.56494319,0.112820506,0.0322344303,0,0,15.9349623,4.9624877,8.45404434,8.41586208,0,13.3024006,4.9624877,15.2597542,0,,,,50
86037709,0.5,0.59375,3,2.14276195,0.153113544,0.104761899,0,0,15.9213276,11.40487,8.3937664,8.3314085,0,13.3166971,11.40487,16.116991,0,,,,50
86038835,0.5,0.538461566,3,2.14276195,0.169230759,0.145054936,0,0,15.9349623,11.40487,8.4178772,8.35674477,0,13.3238449,11.40487,16.116991,0,,,,50
86039966,0.5,0.505617976,3,3.13172889,0.362637341,0.354578733,0,0,15.8804216,12,8.23402786,8.26384449,0,13.2952528,18.0483837,12.7268524,0,,,,50
86041092,0.5,0.542056084,3,3.13172889,0.46739924,0.394871771,0,0,15.8758764,12,8.20087528,8.2490654,0,13.288105,18.0483837,12.7268524,0,,,,50
86042223,0.5,0.533333302,3,2.03666282,0.580219746,0.507692277,0,0,15.8713312,4.63520861,8.14059639,8.21739483,0,13.2952528,4.63520861,13.6901903,0,,,,50
86043349,0.5,0.540880501,3,2.1630919,0.693040252,0.588278353,0,0,15.8531513,4.63520861,8.02606773,8.17516804,0,13.2952528,4.63520861,13.6901903,0,,,,50
86044689,0.5,0.552941203,3,3.13172889,0.378754556,0.306227088,0,0,15.9031467,-0.743838549,8.30636215,8.30184937,0,13.3024006,-0.743838549,13.5584612,0,,,,50
86045815,0.5,0.596153855,3,3.14778924,0.249816835,0.169230759,0,0,15.9122372,-0.743838549,8.39075184,8.33985329,0,13.3166971,-0.743838549,13.5584612,0,,,,50
86046945,0.5,0.769230783,3,3.1280458,0.0805860758,0.0241758227,0,0,15.9440527,-3.15137362,8.55953121,8.44330978,0,13.3238449,-3.15137362,13.4304152,0,,,,50
86048072,0.5,0.684210539,3,3.1280458,0.104761899,0.0483516455,0,0,15.9395075,-3.15137362,8.55048943,8.41586208,0,13.3095493,-3.15137362,13.4304152,0,,,,50
86049203,0.5,1,3,2.00493598,0.0241758227,0,0,0,15.9349623,-2.80492115,8.59268475,8.44964409,0,13.3381405,-2.80492115,14.4254799,0,,,,50
86050329,0.5,0,3,2.00493598,0,0,0,0,15.9304171,-2.80492115,8.62583828,8.45597839,0,13.3238449,-2.80492115,14.4254799,0,,,,50
86051464,0.5,1,3,2.10934329,0.0322344303,0,0,0,15.9531422,2.24371195,8.55953121,8.44119835,0,13.3381405,2.24371195,15.3161364,0,,,,50
86052591,0.5,0,3,3.11583185,0,0,0,0,15.9440527,2.24371195,8.58665657,8.44542122,0,13.3309927,2.24371195,15.3161364,0,,,,50
86053722,0.5,0.800000012,3,3.1490314,0.0644688606,0.0161172152,0,0,15.9167824,8.70936871,8.47514153,8.39686012,0,13.3166971,8.70936871,15.1671047,0,,,,50
86054849,0.5,0.708333313,3,3.11826706,0.136996329,0.056410253,0,0,15.9349623,8.70936871,8.3937664,8.38419151,0,13.3238449,8.70936871,15.1671047,0,,,,50
86055979,0.5,0.529411793,3,3.07027531,0.290109873,0.257875443,0,0,15.8986015,12,8.28827858,8.3039608,0,13.3095493,12.5937386,14.776968,0,,,,50
86057106,0.5,0.551282048,3,3.12070608,0.346520126,0.282051265,0,0,15.8940573,12,8.30636215,8.30184937,0,13.2952528,12.5937386,14.776968,0,,,,50
86058236,0.5,0.520661175,3,3.23455429,0.507692277,0.46739924,0,0,15.8758764,11.7124577,8.15566635,8.227952,0,13.288105,11.7124577,14.5424137,0,,,,50
86059368,0.5,0.523489952,3,3.23455429,0.628571391,0.572161138,0,0,15.8531513,11.7124577,8.07730484,8.18994713,0,13.288105,11.7124577,14.5424137,0,,,,50
86060498,0.5,0.536764681,3,3.10733867,0.588278353,0.507692277,0,0,15.8486061,9.79986095,8.08936024,8.18783569,0,13.2809572,9.79986095,14.4350748,0,,,,50
86061624,0.5,0.536912799,3,3.06909442,0.644688606,0.556043923,0,0,15.866787,9.79986095,8.09237385,8.19205856,0,13.2809572,9.79986095,14.4350748,0,,,,50
86062755,0.5,0.54285717,3,3.08213425,0.612454176,0.515750885,0,0,15.8758764,7.64280462,8.1315546,8.21950626,0,13.2952528,7.64280462,14.3529406,0,,,,50
86063882,0.5,0.536585391,3,3.06909442,0.709157467,0.612454176,0,0,15.8486061,7.64280462,8.02908134,8.16461086,0,13.2809572,7.64280462,14.3529406,0,,,,50
86065217,0.5,0.543046355,3,3.06791449,0.660805821,0.556043923,0,0,15.8622417,5.70665503,8.08031845,8.18994713,0,13.288105,5.70665503,14.2850256,0,,,,50
86066343,0.5,0.535483837,3,3.06791449,0.668864429,0.580219746,0,0,15.8531513,5.70665503,8.03510952,8.18150139,0,13.288105,5.70665503,14.2850256,0,,,,50
86067479,0.5,0.53719008,3,2.01302862,0.523809493,0.451282024,0,0,15.8713312,6.04007101,8.18279171,8.24695396,0,13.288105,6.04007101,15.2719975,0,,,,50
86068606,0.5,0.528846145,3,2.14621997,0.443223417,0.394871771,0,0,15.8986015,6.04007101,8.23402786,8.26595592,0,13.3024006,6.04007101,15.2719975,0,,,,50
86069736,0.5,0.545454562,3,3.1280458,0.386813164,0.322344303,0,0,15.8940573,8.72507286,8.16169453,8.28284645,0,13.3095493,8.72507286,15.1439514,0,,,,50
86070863,0.5,0.554054081,3,3.15027452,0.330402911,0.26593405,0,0,15.8986015,8.72507286,8.29129314,8.2976265,0,13.3095493,8.72507286,15.1439514,0,,,,50
86071994,0.5,0.617647052,3,3.15027452,0.507692277,0.314285696,0,0,15.8895121,10.4429064,8.27320957,8.27229023,0,13.3024006,10.4429064,14.9936762,0,,,,50
86073120,0.5,0.526315808,3,2.9830451,0.483516455,0.435164809,0,0,15.8849669,10.4429064,8.21895885,8.25751019,0,13.2952528,10.4429064,14.9936762,0,,,,50
86074251,0.5,0.522727251,3,2.99087143,0.556043923,0.507692277,0,0,15.8622417,10.5235271,8.12251282,8.20472717,0,13.288105,10.5235271,15.0028048,0,,,,50
86075382,0.5,0.523076952,3,3.17787552,0.547985315,0.49963367,0,0,15.8531513,10.5235271,8.11045742,8.19628143,0,13.2809572,10.5235271,15.0028048,0,,,,50
86076513,0.5,0.526666641,3,3.15151882,0.636629999,0.572161138,0,0,15.866787,9.80327225,8.1044302,8.19839287,0,13.2809572,9.80327225,14.8512859,0,,,,50
86077639,0.5,0.539393961,3,3.10492039,0.717216074,0.612454176,0,0,15.8531513,9.80327225,8.02305412,8.1667223,0,13.2666607,9.80327225,14.8512859,0,,,,50
86078770,0.5,0.519999981,3,3.1490314,0.73333329,0.676923037,0,0,15.8440609,8.36494827,7.99894238,8.14983177,0,13.2809572,8.36494827,14.7022543,0,,,,50
86079896,0.5,0.525974035,3,3.1490314,0.652747214,0.588278353,0,0,15.8349714,8.36494827,8.03812313,8.17516804,0.00714798551,13.2738094,8.36494827,14.7022543,0,,,,50
86081027,0.5,0.542253494,3,3.13788652,0.620512784,0.523809493,0,0,15.8758764,6.44808483,8.12251282,8.21739483,0,13.2809572,6.44808483,14.5643682,0,,,,50
86082159,0.5,0.539568305,3,3.15151882,0.604395568,0.515750885,0,0,15.8713312,6.44808483,8.11949921,8.21739483,0,13.2952528,6.44808483,14.5643682,0,,,,50
86083289,0.5,0.536363661,3,3.16150784,0.475457847,0.410988986,0,0,15.8804216,4.35877705,8.21594429,8.2553997,0,13.3024006,4.35877705,14.4028606,0,,,,50
86084416,0.5,0.528846145,3,3.16150784,0.443223417,0.394871771,0,0,15.8940573,4.35877705,8.33951569,8.32085133,0,13.3024006,4.35877705,14.4028606,0,,,,50
86085546,0.5,0.551282048,3,2.01404476,0.346520126,0.282051265,0,0,15.907692,4.36446047,8.3304739,8.32296276,0,13.3166971,4.36446047,15.3888159,0,,,,50
86086877,0.5,0.55384618,3,2.01404476,0.290109873,0.23369962,0,0,15.9122372,4.36446047,8.3425293,8.34618759,0,13.3166971,4.36446047,15.3888159,0,,,,50
86088007,0.5,0.557692289,3,1.56771028,0.23369962,0.185347974,0,0,15.907692,9.76742554,8.37568283,8.33985329,0,13.3095493,9.76742554,16.821106,0,,,,50
86089134,0.5,0.543859661,3,2.19281268,0.249816835,0.209523797,0,0,15.9213276,9.76742554,8.39075184,8.34829903,0,13.3166971,9.76742554,16.821106,0,,,,50
86090269,0.5,0.553398073,3,3.14530754,0.459340632,0.370695949,0,0,15.8758764,12,8.20690346,8.26806736,0,13.2952528,17.6213551,13.6474371,0,,,,50
86091396,0.5,0.530434787,3,3.15027452,0.491575062,0.435164809,0,0,15.8622417,12,8.15566635,8.23428535,0,13.288105,17.6213551,13.6474371,0,,,,50
86092527,0.5,0.534722209,3,3.15027452,0.620512784,0.539926708,0,0,15.8576965,4.80311537,8.08936024,8.19628143,0,13.2809572,4.80311537,13.4971628,0,,,,50
86093653,0.5,0.544378698,3,3.15151882,0.741391897,0.620512784,0,0,15.8531513,4.80311537,8.01401234,8.16038799,0,13.288105,4.80311537,13.4971628,0,,,,50
86094784,0.5,0.545454562,3,3.15151882,0.483516455,0.402930379,0,0,15.8895121,-3.54209805,8.21293068,8.25962162,0,13.3024006,-3.54209805,13.345644,0,,,,50
86095910,0.5,0.530864179,3,2.00796318,0.346520126,0.306227088,0,0,15.8895121,-3.54209805,8.32444572,8.29551506,0,13.3166971,-3.54209805,13.345644,0,,,,50
86097041,0.5,0.695652187,3,2.00796318,0.128937721,0.056410253,0,0,15.9440527,-6.66720963,8.52035046,8.42219639,0,13.3238449,-6.66720963,14.3376808,0,,,,50
86098172,0.5,0.875,3,1.57017815,0.056410253,0.00805860758,0,0,15.9395075,-6.66720963,8.58665657,8.44964409,0,13.3309927,-6.66720963,14.3376808,0,,,,50
86099303,0.5,0,3,1.57017815,0,0,0,0,15.9304171,-2.4230969,8.65597725,8.45808983,0,13.3881769,-2.4230969,15.7675028,0,,,,50
86100429,0.5,0,3,1.57607055,0,0,0,0,15.9485979,-2.4230969,8.64994907,8.45175552,0,13.4382124,-2.4230969,15.7675028,0,,,,50
86101560,0.5,0,3,2.20249677,0,0,0,0,15.9622326,7.20821381,8.63789368,8.44753265,0,13.4953966,7.20821381,16.5650063,0,,,,50
86102686,0.5,0,3,2.20249677,0,0,0,0,15.9485979,7.20821381,8.62282372,8.44753265,0,13.4882488,7.20821381,16.5650063,0,,,,50
86103817,0.5,0,3,3.18294597,0,0,0,0,15.9304171,12,8.6318655,8.44542122,0,13.352437,16.2023182,14.1181698,0,,,,50
86104944,0.5,0.561643839,3,3.15027452,0.330402911,0.257875443,0,0,15.9122372,12,8.27320957,8.28706932,0,13.3166971,16.2023182,14.1181698,0,,,,50
86106079,0.5,0.574257433,3,3.18803263,0.46739924,0.346520126,0,0,15.8713312,7.66679859,7.97181749,8.2553997,0,13.2738094,7.66679859,13.9301376,0,,,,50
86107410,0.5,0.539822996,3,3.18803263,0.491575062,0.419047594,0,0,15.8940573,7.66679859,8.17073631,8.2553997,0,13.3024006,7.66679859,13.9301376,0,,,,50
86108541,0.5,0.447058827,3,2.04868937,0.306227088,0.378754556,0,0,15.8986015,3.53701854,8.14662457,8.31240559,0,13.3095493,3.53701854,14.8814478,0,,,,50
86109667,0.5,0.532467544,3,2.20432186,0.330402911,0.290109873,0,0,15.8895121,3.53701854,8.29129314,8.2976265,0,13.3095493,3.53701854,14.8814478,0,,,,50
86110798,0.5,0.566037714,3,3.18675947,0.241758227,0.185347974,0,0,15.9304171,3.45452142,8.41184998,8.35674477,0,13.3238449,3.45452142,14.6946888,0,,,,50
86111924,0.5,0.574468076,3,3.1490314,0.217582405,0.161172152,0,0,15.9213276,3.45452142,8.39979362,8.35463333,0,13.3238449,3.45452142,14.6946888,0,,,,50
86113060,0.5,0.511627913,3,3.14530754,0.177289367,0.169230759,0,0,15.9213276,3.6738627,8.43294716,8.36307812,0,13.3024006,3.6738627,14.5493813,0,,,,50
86114186,0.5,0.46875,3,3.15027452,0.120879114,0.136996329,0,0,15.9304171,3.6738627,8.52336502,8.39263725,0,13.3166971,3.6738627,14.5493813,0,,,,50
86115317,0.5,0.543478251,3,3.15027452,0.201465189,0.169230759,0,0,15.9304171,2.93602967,8.39075184,8.36730099,0,13.3238449,2.93602967,14.399106,0,,,,50
86116444,0.5,0.568181813,3,3.15027452,0.201465189,0.153113544,0,0,15.9213276,2.93602967,8.40883541,8.3525219,0,13.3166971,2.93602967,14.399106,0,,,,50
86117574,0.5,0.607142866,3,3.15027452,0.136996329,0.0886446834,0,0,15.9258718,1.72251225,8.28827858,8.37152386,0,13.3238449,1.72251225,14.2488317,0,,,,50
86118701,0.5,0.580645144,3,2.02889538,0.145054936,0.104761899,0,0,15.9304171,1.72251225,8.45705795,8.39686012,0,13.3238449,1.72251225,14.2488317,0,,,,50
86119831,0.5,0.649999976,3,2.17725658,0.209523797,0.112820506,0,0,15.9349623,2.101928,8.55953121,8.38630295,0,13.3309927,2.101928,15.0715752,0,,,,50
86120963,0.5,0.67567569,3,3.14654779,0.201465189,0.0967032909,0,0,15.9258718,2.101928,8.31841755,8.38630295,0,13.3238449,2.101928,15.0715752,0,,,,50
86122093,0.5,0.680000007,3,3.15151882,0.136996329,0.0644688606,0,0,15.9258718,4.43730259,8.36362648,8.39897156,0,13.3238449,4.43730259,14.9200563,0,,,,50
86123220,0.5,0.727272749,3,3.11340046,0.128937721,0.0483516455,0,0,15.9304171,4.43730259,8.45404434,8.40319443,0,13.3095493,4.43730259,14.9200563,0,,,,50
86124351,0.5,0.571428597,3,3.06909442,0.225641012,0.169230759,0,0,15.9258718,6.11139965,8.40280819,8.35885525,0,13.3238449,6.11139965,14.8509617,0,,,,50
86125477,0.5,0.551724136,3,3.06909442,0.257875443,0.209523797,0,0,15.9122372,6.11139965,8.38472462,8.34196472,0,13.3166971,6.11139965,14.8509617,0,,,,50
86126608,0.5,0.517857134,3,3.14778924,0.23369962,0.217582405,0,0,15.8986015,6.34323835,8.33348751,8.32085133,0,13.3095493,6.34323835,14.7031727,0,,,,50
86127938,0.5,0.529411793,3,3.15027452,0.290109873,0.257875443,0,0,15.8940573,6.34323835,8.32745934,8.31029415,0,13.3024006,6.34323835,14.7031727,0,,,,50
86129073,0.5,0.546666682,3,3.09168744,0.330402911,0.273992658,0,0,15.8986015,5.68983793,8.32745934,8.31662846,0,13.288105,5.68983793,14.6114855,0,,,,50
86130200,0.5,0.553191483,3,3.15027452,0.419047594,0.338461518,0,0,15.9031467,5.68983793,8.27923679,8.30607224,0,13.3024006,5.68983793,14.6114855,0,,,,50
86131330,0.5,0.488636374,3,3.12192702,0.346520126,0.362637341,0,0,15.9031467,4.5818162,8.26416779,8.29129219,0,13.288105,4.5818162,14.4895582,0,,,,50
86132457,0.5,0.533980608,3,3.06909442,0.443223417,0.386813164,0,0,15.8895121,4.5818162,8.21594429,8.26595592,0,13.3095493,4.5818162,14.4895582,0,,,,50
86133588,0.5,0.474226803,3,3.11704898,0.370695949,0.410988986,0,0,15.8849669,3.25388336,8.21293068,8.25962162,0,13.3024006,3.25388336,14.372509,0,,,,50
86134714,0.5,0.600000024,3,3.11704898,0.410988986,0.273992658,0,0,15.8895121,3.25388336,8.21293068,8.28918076,0,13.2952528,3.25388336,14.372509,0,,,,50
86135850,0.5,0.558441579,3,2.01150608,0.346520126,0.273992658,0,0,15.9122372,3.90808749,8.3304739,8.3250742,0,13.3095493,3.90808749,15.3610029,0,,,,50
86136976,0.5,0.554054081,3,2.17429018,0.330402911,0.26593405,0,0,15.907692,3.90808749,8.32444572,8.32085133,0,13.3166971,3.90808749,15.3610029,0,,,,50
86138107,0.5,0.539682567,3,2.17429018,0.273992658,0.23369962,0,0,15.9031467,8.63191509,8.3425293,8.32929707,0,13.3166971,8.63191509,16.1867123,0,,,,50
86139233,0.5,0.57407409,3,3.12437177,0.249816835,0.185347974,0,0,15.9167824,8.63191509,8.39979362,8.35041046,0,13.3166971,8.63191509,16.1867123,0,,,,50
86140364,0.5,0.568181813,3,3.06909442,0.402930379,0.306227088,0,0,15.8986015,12,8.28526497,8.31873989,0,13.3095493,14.5031738,14.7690983,0,,,,50
86141490,0.5,0.547169805,3,3.13418889,0.46739924,0.386813164,0,0,15.8849669,12,8.18881989,8.26173306,0,13.2952528,14.5031738,14.7690983,0,,,,50
86142621,0.5,0.528455257,3,3.15027452,0.523809493,0.46739924,0,0,15.8486061,9.95956802,8.13758278,8.21106052,0,13.2809572,9.95956802,14.6188231,0,,,,50
86143752,0.5,0.533783793,3,3.16276097,0.636629999,0.556043923,0,0,15.8713312,9.95956802,8.08634663,8.19628143,0,13.288105,9.95956802,14.6188231,0,,,,50
86144883,0.5,0.539473712,3,3.15027452,0.660805821,0.56410253,0,0,15.8622417,6.20175123,8.06223488,8.18572426,0,13.2809572,6.20175123,14.4685488,0,,,,50
86146009,0.5,0.52903223,3,3.15900469,0.660805821,0.588278353,0,0,15.8440609,6.20175123,8.01702595,8.17727947,0,13.2809572,6.20175123,14.4685488,0,,,,50
86147140,0.5,0.536585391,3,3.23455429,0.5318681,0.459340632,0,0,15.8622417,2.88661456,8.15867996,8.227952,0,13.288105,2.88661456,14.2339945,0,,,,50
86148267,0.5,0.552631557,3,3.23455429,0.507692277,0.410988986,0,0,15.8758764,2.88661456,8.19786167,8.25751019,0,13.2952528,2.88661456,14.2339945,0,,,,50
86149601,0.5,0.559523821,3,3.14778924,0.378754556,0.29816848,0,0,15.9122372,-0.0740447864,8.31540394,8.32296276,0,13.3166971,-0.0740447864,14.0862055,0,,,,50
86150728,0.5,0.55384618,3,3.14778924,0.290109873,0.23369962,0,0,15.9167824,-0.0740447864,8.39678001,8.33774185,0,13.3166971,-0.0740447864,14.0862055,0,,,,50
86151863,0.5,0.677419364,3,3.16904092,0.169230759,0.0805860758,0,0,15.9258718,-2.53169465,8.46609974,8.39263725,0,13.3309927,-2.53169465,13.9171638,0,,,,50
86152990,0.5,0.722222209,3,3.15027452,0.104761899,0.0402930379,0,0,15.9395075,-2.53169465,8.52035046,8.41375065,0,13.3309927,-2.53169465,13.9171638,0,,,,50
86154120,0.5,1,3,3.20596433,0.0241758227,0,0,0,15.9440527,-4.59162664,8.61076832,8.44753265,0,13.3309927,-4.59162664,13.7111998,0,,,,50
86155247,0.5,0,3,3.20596433,0,0,0,0,15.9531422,-4.59162664,8.64994907,8.45808983,0,13.3452892,-4.59162664,13.7111998,0,,,,50
86156377,0.5,0,3,2.07209706,0,0,0,0,15.9349623,-4.33042717,8.6439209,8.44964409,0,13.3953247,-4.33042717,14.6391029,0,,,,50
86157503,0.5,0,3,2.20249677,0,0,0,0,15.9440527,-4.33042717,8.63789368,8.44753265,0,13.4382124,-4.33042717,14.6391029,0,,,,50
86158634,0.5,0,3,3.1490314,0,0,0,0,15.9167824,-1.44187939,8.6318655,8.44542122,0,13.5025444,-1.44187939,14.4900713,0,,,,50
86159766,0.5,0,3,3.1490314,0,0,0,0,15.9304171,-1.44187939,8.62583828,8.44542122,0,13.5454321,-1.44187939,14.4900713,0,,,,50
86160896,0.5,0,3,3.1490314,0,0,0,0,15.9395075,0.859761417,8.6198101,8.44542122,0,13.5525808,0.859761417,14.3410406,0,,,,50
86162023,0.5,0,3,3.21630192,0,0,0,0,15.9485979,0.859761417,8.61076832,8.44542122,0,13.5311365,0.859761417,14.3410406,0,,,,50
86163153,0.5,0,3,3.23193431,0,0,0,0,15.9531422,1.36066854,8.60474014,8.44542122,0,13.5025444,1.36066854,14.1091061,0,,,,50
86164280,0.5,0,3,3.10854912,0,0,0,0,15.9167824,1.36066854,8.59871292,8.44542122,0,13.4382124,1.36066854,14.1091061,0,,,,50
86165410,0.5,0,3,3.15276384,0,0,0,0,15.9576874,0.690673709,8.59569836,8.44330978,0,13.3881769,0.690673709,13.9563417,0,,,,50
86166542,0.5,0,3,3.19441366,0,0,0,0,15.9304171,0.690673709,8.58967113,8.44330978,0,13.3095493,0.690673709,13.9563417,0,,,,50
86167672,0.5,0.875,3,3.15027452,0.112820506,0.0161172152,0,0,15.9485979,-0.478483647,8.37869644,8.41375065,0,13.3309927,-0.478483647,13.8060675,0,,,,50
86168799,0.5,0.699999988,3,3.15401006,0.056410253,0.0241758227,0,0,15.9349623,-0.478483647,8.36362648,8.41375065,0,13.3166971,-0.478483647,13.8060675,0,,,,50
86170134,0.5,1,3,3.23455429,0.0241758227,0,0,0,15.9440527,-1.93804932,8.4058218,8.44330978,0,13.3452892,-1.93804932,13.5715132,0,,,,50
86171260,0.5,0,3,3.18167686,0,0,0,0,15.9440527,-1.93804932,8.55953121,8.44964409,0,13.3309927,-1.93804932,13.5715132,0,,,,50
86172391,0.5,0,3,3.14654779,0,0,0,0,15.9213276,-3.56822991,8.64090729,8.44542122,0,13.3810291,-3.56822991,13.4249659,0,,,,50
86173517,0.5,0,3,3.14654779,0,0,0,0,15.9440527,-3.56822991,8.6318655,8.43275356,0.00714798551,13.4382124,-3.56822991,13.4249659,0,,,,50
86174652,0.5,0,3,3.13912082,0,0,0,0,15.9531422,-5.02547312,8.64693546,8.44119835,0,13.5525808,-5.02547312,13.2858448,0,,,,50
86175779,0.5,0,3,3.15151882,0,0,0,0,15.9167824,-5.02547312,8.6318655,8.43697548,0,13.6669483,-5.02547312,13.2858448,0,,,,50
86176909,0.5,0,3,3.16778278,0,0,0,0,15.9485979,-6.23810291,8.62583828,8.43908691,0,13.7884636,-6.23810291,13.118062,0,,,,50
86178035,0.5,0,3,3.1490314,0,0,0,0,15.9349623,-6.23810291,8.62282372,8.43908691,0,13.8885355,-6.23810291,13.118062,0,,,,50
86179166,0.5,0,3,3.13295841,0,0,0,0,15.9531422,-7.25555897,8.59871292,8.43275356,0,14.0100517,-7.25555897,12.9851036,0,,,,50
86180293,0.5,0,3,3.13295841,0,0,0,0,15.9576874,-7.25555897,8.60775471,8.43908691,0,14.1244192,-7.25555897,12.9851036,0,,,,50
86181423,0.5,0,3,2.02374983,0,0,0,0,15.9349623,-5.9760623,8.60172653,8.43486404,0,14.2316389,-5.9760623,13.9613543,0,,,,50
86182555,0.5,0,3,2.02374983,0,0,0,0,15.9349623,-5.9760623,8.59569836,8.43908691,0,14.3603029,-5.9760623,13.9613543,0,,,,50
86183685,0.5,0,3,2.02374983,0,0,0,0,15.9531422,-0.140953854,8.58967113,8.43908691,0,14.4818182,-0.140953854,14.937604,0,,,,50
86184812,0.5,0,3,1.57513726,0,0,0,0,15.9122372,-0.140953854,8.58364296,8.43908691,0,14.5890388,-0.140953854,14.937604,0,,,,50
86185943,0.5,0,3,2.14391327,0,0,0,0,15.9485979,8.974123,8.57460117,8.43697548,0,14.6676664,8.974123,15.7936907,0,,,,50
86187069,0.5,0,3,3.12070608,0,0,0,0,15.9258718,8.974123,8.57158756,8.43908691,0,14.6748142,8.974123,15.7936907,0,,,,50
86188199,0.5,0,3,3.14654779,0,0,0,0,15.9349623,12,8.568573,8.43908691,0,14.5390024,17.2455654,12.8212309,0,,,,50
86189326,0.5,0,3,3.09648633,0,0,0,0,15.9395075,12,8.55953121,8.43697548,0,14.2888231,17.2455654,12.8212309,0,,,,50
86190461,0.5,0,3,3.0726397,0,0,0,0,15.9440527,5.30159807,8.55350399,8.43486404,0,13.8956842,5.30159807,12.7485905,0,,,,50
86191791,0.5,0,3,3.08809829,0,0,0,0,15.9440527,5.30159807,8.54747581,8.43275356,0,13.3309927,5.30159807,12.7485905,0,,,,50
86192923,0.5,0.556521714,3,3.07027531,0.515750885,0.410988986,0,0,15.9031467,-2.26372027,7.97181749,8.23006344,0,13.3166971,-2.26372027,12.6783161,0,,,,50
86194049,0.5,0.578313231,3,3.0809443,0.386813164,0.282051265,0,0,15.8986015,-2.26372027,8.22800064,8.28284645,0,13.3024006,-2.26372027,12.6783161,0,,,,50
86195180,0.5,0.75,3,3.0809443,0.0725274682,0.0241758227,0,0,15.9395075,-6.76160669,8.52939224,8.42430782,0,13.3309927,-6.76160669,12.5973711,0,,,,50
86196306,0.5,0,3,3.06909442,0,0,0,0,15.9258718,-6.76160669,8.66501904,8.45386696,0,13.3452892,-6.76160669,12.5973711,0,,,,50
86197441,0.5,0,3,3.08690357,0,0,0,0,15.9304171,-9.27593136,8.66200447,8.44542122,0,13.4525089,-9.27593136,12.5104685,0,,,,50
86198568,0.5,0,3,3.06437993,0,0,0,0,15.9213276,-9.27593136,8.65597725,8.43697548,0,13.5883207,-9.27593136,12.5104685,0,,,,50
86199699,0.5,0,3,3.05616426,0,0,0,0,15.9304171,-10.4641571,8.64994907,8.43697548,0,13.7598724,-10.4641571,12.4543037,0,,,,50
86200825,0.5,0,3,3.06909442,0,0,0,0,15.9440527,-10.4641571,8.64090729,8.43908691,0,13.9171276,-10.4641571,12.4543037,0,,,,50
86201956,0.5,0,3,3.04566622,0,0,0,0,15.9576874,-10.7114735,8.63789368,8.43697548,0,14.1029758,-10.7114735,12.408638,0,,,,50
86203082,0.5,0,3,3.04566622,0,0,0,0,15.9576874,-10.7114735,8.6198101,8.43697548,0,14.2530832,-10.7114735,12.408638,0,,,,50
86204213,0.5,0,3,2.99423838,0,0,0,0,15.9440527,-10.2434168,8.61076832,8.43908691,0,14.388895,-10.2434168,12.4143991,0,,,,50
86205344,0.5,0,3,3.03293252,0,0,0,0,15.9531422,-10.2434168,8.58967113,8.43697548,0,14.4818182,-10.2434168,12.4143991,0,,,,50
86206475,0.5,0,3,3.06909442,0,0,0,0,15.9258718,-9.37061787,8.61076832,8.43697548,0,14.5818901,-9.37061787,12.3453054,0,,,,50
86207601,0.5,0,3,3.04799294,0,0,0,0,15.9395075,-9.37061787,8.60775471,8.43697548,0,14.6676664,-9.37061787,12.3453054,0,,,,50
86208732,0.5,0,3,3.06909442,0,0,0,0,15.9531422,-8.48626709,8.60172653,8.43697548,0,14.6962585,-8.48626709,12.2762108,0,,,,50
86209858,0.5,0,3,3.07382345,0,0,0,0,15.9258718,-8.48626709,8.59569836,8.43697548,0,14.7820339,-8.48626709,12.2762108,0,,,,50
86210989,0.5,0,3,3.07382345,0,0,0,0,15.9395075,-7.74506998,8.58967113,8.43908691,0,14.8892536,-7.74506998,12.2023878,0,,,,50
86212319,0.5,0,3,3.07382345,0,0,0,0,15.9349623,-7.74506998,8.58062935,8.43697548,0,15.0679531,-7.74506998,12.2023878,0,,,,50
86213454,0.5,0,3,3.07382345,0,0,0,0,15.9440527,-7.1522274,8.57158756,8.43697548,0,15.232357,-7.1522274,12.1285639,0,,,,50
86214581,0.5,0,3,3.07027531,0,0,0,0,15.9213276,-7.1522274,8.568573,8.43697548,0,15.361021,-7.1522274,12.1285639,0,,,,50
86215711,0.5,0,3,3.04682922,0,0,0,0,15.9440527,-6.64334726,8.56254578,8.43697548,0,15.4610929,-6.64334726,12.0817347,0,,,,50
86216838,0.5,0,3,3.04682922,0,0,0,0,15.9485979,-6.64334726,8.5565176,8.43697548,0,15.5182762,-6.64334726,12.0817347,0,,,,50
86217968,0.5,0,3,1.96252978,0,0,0,0,15.9304171,-4.12842417,8.55350399,8.43697548,0,15.589756,-4.12842417,13.1192055,0,,,,50
86219095,0.5,0,3,2.09110212,0,0,0,0,15.9440527,-4.12842417,8.5444622,8.42641926,0,15.6254959,-4.12842417,13.1192055,0,,,,50
86220225,0.5,0,3,3.06909442,0,0,0,0,15.9485979,0.564944923,8.53843403,8.43697548,0,15.6612358,0.564944923,13.0501108,0,,,,50
86221357,0.5,0,3,3.06909442,0,0,0,0,15.9167824,0.564944923,8.53542042,8.43486404,0,15.6969757,0.564944923,13.0501108,0,,,,50
86222487,0.5,0,3,3.06909442,0,0,0,0,15.9485979,4.16383457,8.50829506,8.43486404,0,15.6969757,4.16383457,12.9810162,0,,,,50
86223613,0.5,0,3,3.02144837,0,0,0,0,15.9213276,4.16383457,8.568573,8.43486404,0,15.6898279,4.16383457,12.9810162,0,,,,50
86224744,0.5,0,3,2.99199295,0,0,0,0,15.9304171,5.85778856,8.58665657,8.43486404,0,15.6397924,5.85778856,12.9890232,0,,,,50
86225871,0.5,0,3,3.00099492,0,0,0,0,15.9349623,5.85778856,8.58665657,8.43486404,0,15.5540161,5.85778856,12.9890232,0,,,,50
86227001,0.5,0,3,2.99536228,0,0,0,0,15.9531422,6.57089853,8.57158756,8.43486404,0,15.4325008,6.57089853,12.9936609,0,,,,50
86228133,0.5,0,3,2.99199295,0,0,0,0,15.9440527,6.57089853,8.58665657,8.43486404,0,15.2609491,6.57089853,12.9936609,0,,,,50
86229263,0.5,0,3,2.99199295,0,0,0,0,15.9213276,6.75032187,8.58665657,8.43486404,0,15.0679531,6.75032187,13.001668,0,,,,50
86230390,0.5,0,3,2.99199295,0,0,0,0,15.9304171,6.75032187,8.58665657,8.43486404,0,14.8678102,6.75032187,13.001668,0,,,,50
86231520,0.5,0,3,2.99311519,0,0,0,0,15.9395075,6.61287546,8.58665657,8.43486404,0,14.6104822,6.61287546,13.0085526,0,,,,50
86232851,0.5,0,3,2.95542407,0,0,0,0,15.9213276,6.61287546,8.58665657,8.43486404,0,14.3388586,6.61287546,13.0085526,0,,,,50
86233982,0.5,0,3,2.96420693,0,0,0,0,15.9213276,6.35491371,8.58665657,8.43697548,0,14.0958271,6.35491371,13.0443449,0,,,,50
86235108,0.5,0,3,2.95542407,0,0,0,0,15.9213276,6.35491371,8.58665657,8.43486404,0,13.8456478,6.35491371,13.0443449,0,,,,50
86236244,0.5,0,3,2.95871162,0,0,0,0,15.9213276,6.13841772,8.58665657,8.43486404,0,13.5668764,6.13841772,13.0856333,0,,,,50
86237371,0.5,0,3,2.95871162,0,0,0,0,15.9395075,6.13841772,8.58665657,8.43486404,0,13.2809572,6.13841772,13.0856333,0,,,,50
86238501,0.5,0.554216862,3,2.99311519,0.370695949,0.29816848,0,0,15.8986015,5.94502926,8.18580532,8.29129219,0,13.3024006,5.94502926,13.0925179,0,,,,50
86239628,0.5,0.542168677,3,2.9576149,0.362637341,0.306227088,0,0,15.8940573,5.94502926,8.27923679,8.29129219,0,13.2952528,5.94502926,13.0925179,0,,,,50
86240758,0.5,0.564705908,3,2.9576149,0.386813164,0.29816848,0,0,15.9122372,5.74977827,8.31540394,8.29551506,0,13.3166971,5.74977827,13.134903,0,,,,50
86241885,0.5,0.542168677,3,1.92280614,0.362637341,0.306227088,0,0,15.9031467,5.74977827,8.32143211,8.28918076,0,13.3095493,5.74977827,13.134903,0,,,,50
86243016,0.5,0.530864179,3,2.02221131,0.346520126,0.306227088,0,0,15.9031467,7.37127876,8.30937672,8.30607224,0,13.3095493,7.37127876,14.1126919,0,,,,50
86244147,0.5,0.548780501,3,2.02221131,0.362637341,0.29816848,0,0,15.8940573,7.37127876,8.30937672,8.29340363,0,13.3095493,7.37127876,14.1126919,0,,,,50
86245278,0.5,0.49473685,3,2.97415042,0.378754556,0.386813164,0,0,15.8758764,10.9812346,8.20991707,8.25962162,0,13.2952528,10.9812346,14.1385412,0,,,,50
86246404,0.5,0.536363661,3,2.99311519,0.475457847,0.410988986,0,0,15.8713312,10.9812346,8.17374992,8.23428535,0,13.288105,10.9812346,14.1385412,0,,,,50
86247535,0.5,0.522012532,3,2.96751404,0.668864429,0.612454176,0,0,15.8213358,12,7.9748311,8.13082886,0,13.2738094,13.7643175,13.2205467,0,,,,50
86248662,0.5,0.521978021,3,2.96751404,0.76556772,0.701098859,0,0,15.8122463,12,7.93866396,8.10127068,0,13.2595129,13.7643175,13.2205467,0,,,,50
86249792,0.5,0.529411793,3,1.93118238,0.942857087,0.838095188,0,0,15.7895203,11.337184,7.77892637,8.0083704,0,13.2452173,11.337184,14.2893639,0,,,,50
86250919,0.5,0.533057868,3,2.03770304,1.03956032,0.910622656,0,0,15.7895203,11.337184,7.75782919,7.99147987,0,13.2380695,11.337184,14.2893639,0,,,,50
86252054,0.5,0.541322291,3,2.03770304,1.05567765,0.894505441,0,0,15.8304262,12,7.76988459,8.0294838,0,13.2452173,14.3723049,13.9736433,0,,,,50
86253180,0.5,0.538812757,3,2.99423838,0.950915694,0.813919365,0,0,15.8304262,12,7.84221888,8.06537724,0,13.2809572,14.3723049,13.9736433,0,,,,50
86254515,0.5,0.537313461,3,3.03639483,0.870329618,0.749450505,0,0,15.8349714,11.995204,7.90249729,8.09915924,0,13.2738094,11.995204,13.9372482,0,,,,50
86255641,0.5,0.516853929,3,3.00099492,0.741391897,0.693040252,0,0,15.8304262,11.995204,7.96277571,8.12238407,0,13.2595129,11.995204,13.9372482,0,,,,50
86256772,0.5,0.52976191,3,2.99199295,0.717216074,0.636629999,0,0,15.8167906,11.0065088,7.98387289,8.12660694,0,13.2666607,11.0065088,13.9452553,0,,,,50
86257898,0.5,0.531428576,3,3.02030468,0.749450505,0.660805821,0,0,15.8304262,11.0065088,7.9808588,8.13716316,0,13.2666607,11.0065088,13.9452553,0,,,,50
86259033,0.5,0.546961367,3,2.99199295,0.79780215,0.660805821,0,0,15.8486061,9.94950485,8.00195694,8.15616512,0,13.2595129,9.94950485,13.9532623,0,,,,50
86260160,0.5,0.532338321,3,2.99199295,0.862271011,0.757509112,0,0,15.8440609,9.94950485,7.91455269,8.10549259,0,13.2809572,9.94950485,13.9532623,0,,,,50
86261290,0.5,0.528205097,3,3.02488446,0.830036581,0.741391897,0,0,15.8395166,8.90470028,7.92058086,8.10549259,0,13.2809572,8.90470028,13.9283772,0,,,,50
86262418,0.5,0.527918816,3,3.06909442,0.838095188,0.749450505,0,0,15.825881,8.90470028,7.88742733,8.09282494,0,13.2738094,8.90470028,13.9283772,0,,,,50
86263548,0.5,0.532163739,3,3.00778198,0.73333329,0.644688606,0,0,15.8395166,7.86753321,8.00195694,8.1392746,0,13.2738094,7.86753321,13.9205952,0,,,,50
86264675,0.5,0.530201375,3,2.99199295,0.636629999,0.56410253,0,0,15.8486061,7.86753321,8.08333206,8.18361282,0,13.2738094,7.86753321,13.9205952,0,,,,50
86265806,0.5,0.533333302,3,3.02832842,0.580219746,0.507692277,0,0,15.8804216,6.87661886,8.15566635,8.23217392,0,13.2952528,6.87661886,13.8922672,0,,,,50
86266937,0.5,0.544776142,3,3.03062868,0.588278353,0.491575062,0,0,15.8804216,6.87661886,8.13758278,8.22584057,0,13.3024006,6.87661886,13.8922672,0,,,,50
86268068,0.5,0.547826111,3,3.03062868,0.507692277,0.419047594,0,0,15.8804216,5.92832994,8.18881989,8.25328827,0,13.288105,5.92832994,13.8616381,0,,,,50
86269194,0.5,0.567010283,3,3.03178024,0.443223417,0.338461518,0,0,15.8758764,5.92832994,8.255126,8.26173306,0,13.288105,5.92832994,13.8616381,0,,,,50
86270325,0.5,0.572916687,3,3.02947807,0.443223417,0.330402911,0,0,15.8940573,5.03647184,8.28827858,8.30607224,0,13.3024006,5.03647184,13.83216,0,,,,50
86271451,0.5,0.534653485,3,3.02259278,0.435164809,0.378754556,0,0,15.8940573,5.03647184,8.24005604,8.27229023,0,13.3095493,5.03647184,13.83216,0,,,,50
86272581,0.5,0.517647088,3,2.99311519,0.354578733,0.330402911,0,0,15.8986015,4.3004775,8.3304739,8.28495789,0,13.3095493,4.3004775,13.8390446,0,,,,50
86273708,0.5,0.545454562,3,3.04915762,0.338461518,0.282051265,0,0,15.8940573,4.3004775,8.32745934,8.3039608,0,13.2952528,4.3004775,13.8390446,0,,,,50
86275047,0.5,0.529411793,3,3.06791449,0.290109873,0.257875443,0,0,15.907692,3.66927886,8.35759926,8.32929707,0,13.3024006,3.66927886,13.7711306,0,,,,50
86276174,0.5,0.547945201,3,3.06791449,0.322344303,0.26593405,0,0,15.907692,3.66927886,8.33951569,8.3250742,0,13.3166971,3.66927886,13.7711306,0,,,,50
86277305,0.5,0.54838711,3,3.1490314,0.273992658,0.225641012,0,0,15.9122372,2.80578089,8.34855747,8.33351898,0,13.3166971,2.80578089,13.6220989,0,,,,50
86278431,0.5,0.557692289,3,3.1490314,0.23369962,0.185347974,0,0,15.9213276,2.80578089,8.4058218,8.35674477,0,13.3238449,2.80578089,13.6220989,0,,,,50
86279562,0.5,0.591836751,3,3.09528518,0.23369962,0.161172152,0,0,15.9258718,1.63835752,8.37568283,8.35463333,0,13.3238449,1.63835752,13.5268135,0,,,,50
86280688,0.5,0.523809552,3,3.07027531,0.177289367,0.161172152,0,0,15.9258718,1.63835752,8.4058218,8.36941242,0,13.3238449,1.63835752,13.5268135,0,,,,50
86281823,0.5,0.65625,3,3.13418889,0.169230759,0.0886446834,0,0,15.9395075,0.360710263,8.50829506,8.39474869,0,13.3166971,0.360710263,13.3926249,0,,,,50
86282950,0.5,0.696969688,3,3.13418889,0.185347974,0.0805860758,0,0,15.9304171,0.360710263,8.46308613,8.40108299,0,13.3238449,0.360710263,13.3926249,0,,,,50
86284080,0.5,0.909090936,3,2.02734876,0.0805860758,0.00805860758,0,0,15.9349623,1.09091258,8.49021149,8.43697548,0,13.3024006,1.09091258,14.3652763,0,,,,50
86285207,0.5,0.785714269,3,2.02734876,0.0886446834,0.0241758227,0,0,15.9304171,1.09091258,8.53843403,8.42430782,0,13.3238449,1.09091258,14.3652763,0,,,,50
86286338,0.5,0.800000012,3,1.5533669,0.0644688606,0.0161172152,0,0,15.9304171,7.0385747,8.52637863,8.42430782,0,13.3238449,7.0385747,15.8119087,0,,,,50
86287464,0.5,0.714285731,3,2.11942768,0.0805860758,0.0322344303,0,0,15.9395075,7.0385747,8.4932251,8.41586208,0,13.3238449,7.0385747,15.8119087,0,,,,50
86288594,0.5,0.555555582,3,2.11942768,0.241758227,0.193406582,0,0,15.9122372,12,8.32143211,8.3250742,0,13.3166971,17.2143822,13.8833675,0,,,,50
86289726,0.5,0.559322059,3,3.12682009,0.26593405,0.209523797,0,0,15.9122372,12,8.33650112,8.33985329,0,13.3095493,17.2143822,13.8833675,0,,,,50
86290857,0.5,0.531531513,3,3.12682009,0.475457847,0.419047594,0,0,15.8758764,10.0254478,8.17073631,8.24484253,0,13.2809572,10.0254478,13.7565479,0,,,,50
86291983,0.5,0.527131796,3,2.0325129,0.547985315,0.491575062,0,0,15.8531513,10.0254478,8.11949921,8.2005043,0,13.288105,10.0254478,13.7565479,0,,,,50
86293114,0.5,0.532786906,3,2.13302469,0.523809493,0.459340632,0,0,15.8713312,7.63298798,8.17073631,8.24695396,0,13.288105,7.63298798,14.6235228,0,,,,50
86294241,0.5,0.524193525,3,3.11461568,0.523809493,0.475457847,0,0,15.8804216,7.63298798,8.15265274,8.24273109,0,13.3024006,7.63298798,14.6235228,0,,,,50
86295371,0.5,0.540540516,3,3.11461568,0.483516455,0.410988986,0,0,15.8804216,8.20067978,8.19786167,8.25751019,0,13.2952528,8.20067978,14.5089073,0,,,,50
86296701,0.5,0.530973434,3,2.01404476,0.483516455,0.427106202,0,0,15.8758764,8.20067978,8.1797781,8.24273109,0,13.288105,8.20067978,14.5089073,0,,,,50
86297837,0.5,0.525862098,3,2.10990095,0.491575062,0.443223417,0,0,15.8622417,10.4975042,8.17676353,8.23006344,0,13.288105,10.4975042,15.3990059,0,,,,50
86298963,0.5,0.540983617,3,2.10990095,0.5318681,0.451282024,0,0,15.8713312,10.4975042,8.17073631,8.23217392,0,13.2809572,10.4975042,15.3990059,0,,,,50
86300094,0.5,0.539393961,3,3.1037128,0.717216074,0.612454176,0,0,15.8531513,12,8.02908134,8.16883373,0,13.288105,13.717104,14.3702478,0,,,,50
86301220,0.5,0.530386746,3,3.11461568,0.773626328,0.684981644,0,0,15.8486061,12,7.98990059,8.1392746,0,13.2809572,13.717104,14.3702478,0,,,,50
86302351,0.5,0.522727251,3,3.06909442,0.741391897,0.676923037,0,0,15.8213358,10.1869192,7.97181749,8.12027264,0,13.2666607,10.1869192,14.3011532,0,,,,50
86303477,0.5,0.534482777,3,3.06909442,0.749450505,0.652747214,0,0,15.8440609,10.1869192,7.98688698,8.16038799,0,13.2738094,10.1869192,14.3011532,0,,,,50
86304608,0.5,0.539393961,3,2.00443244,0.717216074,0.612454176,0,0,15.8622417,9.27727032,8.02606773,8.17516804,0,13.2952528,9.27727032,15.2967205,0,,,,50
86305739,0.5,0.535031855,3,2.00443244,0.676923037,0.588278353,0,0,15.8486061,9.27727032,8.0411377,8.17939091,0,13.2738094,9.27727032,15.2967205,0,,,,50
86306870,0.5,0.522058845,3,1.54884422,0.572161138,0.523809493,0,0,15.8486061,12,8.11045742,8.19628143,0,13.2809572,13.9726143,15.6851816,0,,,,50
86307997,0.5,0.53435111,3,1.54884422,0.56410253,0.491575062,0,0,15.866787,12,8.14361095,8.22372913,0,13.288105,13.9726143,15.6851816,0,,,,50
86309127,0.5,0.526011586,3,2.12620449,0.73333329,0.660805821,0,0,15.8486061,12,7.99894238,8.14772034,0,13.2738094,16.9399929,13.8976841,0,,,,50
86310253,0.5,0.539267004,3,3.10250592,0.830036581,0.709157467,0,0,15.8304262,12,7.91455269,8.10338211,0,13.2738094,16.9399929,13.8976841,0,,,,50
86311384,0.5,0.523560166,3,3.1490314,0.805860758,0.73333329,0,0,15.8167906,6.40276337,7.92058086,8.10338211,0,13.2666607,6.40276337,13.7486525,0,,,,50
86312516,0.5,0.53513515,3,3.14159274,0.79780215,0.693040252,0,0,15.8213358,6.40276337,7.96277571,8.11604977,0,13.2738094,6.40276337,13.7486525,0,,,,50
86313647,0.5,0.54285717,3,3.07027531,0.612454176,0.515750885,0,0,15.8849669,0.499656677,8.15867996,8.23006344,0,13.2952528,0.499656677,13.6783772,0,,,,50
86314774,0.5,0.536585391,3,3.14530754,0.5318681,0.459340632,0,0,15.8849669,0.499656677,8.17676353,8.24273109,0,13.3024006,0.499656677,13.6783772,0,,,,50
86315904,0.5,0.55384618,3,3.1490314,0.290109873,0.23369962,0,0,15.9167824,-3.37291002,8.38171005,8.34196472,0,13.3166971,-3.37291002,13.5293455,0,,,,50
86317235,0.5,0.633333325,3,3.11218619,0.153113544,0.0886446834,0,0,15.9213276,-3.37291002,8.46609974,8.39052582,0,13.3095493,-3.37291002,13.5293455,0,,,,50
86318365,0.5,1,3,3.15027452,0.0161172152,0,0,0,15.9485979,-5.99951649,8.6318655,8.45597839,0,13.3381405,-5.99951649,13.3790712,0,,,,50
86319491,0.5,0,3,3.15027452,0,0,0,0,15.9349623,-5.99951649,8.66803265,8.46231174,0,13.3381405,-5.99951649,13.3790712,0,,,,50
86320627,0.5,0,3,3.16652584,0,0,0,0,15.9531422,-7.8688097,8.64090729,8.45175552,0,13.4096212,-7.8688097,13.2125454,0,,,,50
86321753,0.5,0,3,3.14654779,0,0,0,0,15.9440527,-7.8688097,8.65597725,8.44753265,0,13.481101,-7.8688097,13.2125454,0,,,,50
86322883,0.5,0,3,3.14654779,0,0,0,0,15.9395075,-9.20313454,8.64994907,8.44753265,0,13.5740242,-9.20313454,13.0659981,0,,,,50
86324010,0.5,0,3,3.23455429,0,0,0,0,15.9395075,-9.20313454,8.6439209,8.44542122,0,13.6669483,-9.20313454,13.0659981,0,,,,50
86325141,0.5,0,3,3.19058204,0,0,0,0,15.9395075,-10.1944981,8.62282372,8.44753265,0,13.7598724,-10.1944981,12.8754158,0,,,,50
86326267,0.5,0,3,3.15027452,0,0,0,0,15.9485979,-10.1944981,8.62885189,8.44542122,0,13.8170557,-10.1944981,12.8754158,0,,,,50
86327398,0.5,0,3,3.17661047,0,0,0,0,15.9213276,-11.0178957,8.6198101,8.44119835,0,13.8813877,-11.0178957,12.6988058,0,,,,50
86328529,0.5,0,3,3.17661047,0,0,0,0,15.9531422,-11.0178957,8.61679649,8.44542122,0,13.9171276,-11.0178957,12.6988058,0,,,,50
86329659,0.5,0,3,3.17661047,0,0,0,0,15.9440527,-11.7108383,8.61076832,8.44542122,0,13.9171276,-11.7108383,12.5221949,0,,,,50
86330786,0.5,0,3,2.02323675,0,0,0,0,15.9531422,-11.7108383,8.59569836,8.44542122,0,13.9171276,-11.7108383,12.5221949,0,,,,50
86331917,0.5,0,3,2.02323675,0,0,0,0,15.9440527,-10.1408663,8.59871292,8.44542122,0,13.8956842,-10.1408663,13.4989586,0,,,,50
86333043,0.5,0,3,1.5640229,0,0,0,0,15.9531422,-10.1408663,8.59569836,8.44330978,0,13.8527956,-10.1408663,13.4989586,0,,,,50
86334174,0.5,0,3,1.5640229,0,0,0,0,15.9485979,-3.11075783,8.58967113,8.44119835,0,13.902832,-3.11075783,14.9349356,0,,,,50
86335300,0.5,0,3,1.57203412,0,0,0,0,15.9304171,-3.11075783,8.58062935,8.44330978,0,14.0386438,-3.11075783,14.9349356,0,,,,50
86336435,0.5,0,3,2.13702345,0,0,0,0,15.9304171,8.21123123,8.57158756,8.44119835,0,14.2316389,8.21123123,15.7979116,0,,,,50
86337562,0.5,0,3,3.14159274,0,0,0,0,15.9531422,8.21123123,8.55350399,8.44119835,0,14.3317108,8.21123123,15.7979116,0,,,,50
86338896,0.5,0,3,3.1490314,0,0,0,0,15.9349623,12,8.55953121,8.43908691,0,14.2101955,18.2943134,12.2579823,0,,,,50
86340022,0.5,0,3,3.08809829,0,0,0,0,15.9440527,12,8.54144764,8.44119835,0,13.9886074,18.2943134,12.2579823,0,,,,50
86341153,0.5,0,3,3.07145715,0,0,0,0,15.9349623,4.05431318,8.55048943,8.43908691,0,13.6526527,4.05431318,12.1865244,0,,,,50
86342280,0.5,0,3,3.07145715,0,0,0,0,15.9485979,4.05431318,8.52637863,8.43908691,0,13.2738094,4.05431318,12.1865244,0,,,,50
86343415,0.5,0.578125,3,3.09648633,0.29816848,0.217582405,0,0,15.9349623,-4.85192156,8.11949921,8.33563042,0,13.3238449,-4.85192156,12.0900383,0,,,,50
86344542,0.5,0.535714269,3,3.09648633,0.241758227,0.209523797,0,0,15.9167824,-4.85192156,8.31841755,8.33563042,0,13.3166971,-4.85192156,12.0900383,0,,,,50
86345672,0.5,0.800000012,3,2.00292301,0.0644688606,0.0161172152,0,0,15.9440527,-8.0833807,8.52336502,8.42853069,0,13.3309927,-8.0833807,13.0871153,0,,,,50
86346798,0.5,0,3,2.09384561,0,0,0,0,15.9258718,-8.0833807,8.66803265,8.45597839,0,13.3953247,-8.0833807,13.0871153,0,,,,50
86347929,0.5,0,3,3.06320357,0,0,0,0,15.9440527,-6.63155842,8.65597725,8.44964409,0,13.481101,-6.63155842,13.0239124,0,,,,50
86349055,0.5,0,3,3.06791449,0,0,0,0,15.9531422,-6.63155842,8.65597725,8.43908691,0,13.6026163,-6.63155842,13.0239124,0,,,,50
86350186,0.5,0,3,3.06791449,0,0,0,0,15.9395075,-4.4873147,8.64994907,8.43908691,0,13.7026882,-4.4873147,12.9559975,0,,,,50
86351317,0.5,0,3,3.05616426,0,0,0,0,15.9440527,-4.4873147,8.6318655,8.43908691,0,13.7670202,-4.4873147,12.9559975,0,,,,50
86352448,0.5,0,3,3.06791449,0,0,0,0,15.9440527,-3.22909975,8.63789368,8.43697548,0,13.8242044,-3.22909975,12.8880835,0,,,,50
86353574,0.5,0,3,3.02947807,0,0,0,0,15.9395075,-3.22909975,8.6318655,8.43908691,0,13.8742399,-3.22909975,12.8880835,0,,,,50
86354705,0.5,0,3,3.06909442,0,0,0,0,15.9485979,-2.56332374,8.62282372,8.43697548,0,13.9743118,-2.56332374,12.8189888,0,,,,50
86355831,0.5,0,3,3.03062868,0,0,0,0,15.9258718,-2.56332374,8.61679649,8.43908691,0,14.0529394,-2.56332374,12.8189888,0,,,,50
86356962,0.5,0,3,2.92080712,0,0,0,0,15.9258718,-2.01438642,8.61378193,8.43275356,0,14.1601591,-2.01438642,12.8981819,0,,,,50
86358088,0.5,0,3,2.92080712,0,0,0,0,15.9440527,-2.01438642,8.60775471,8.43697548,0,14.2316389,-2.01438642,12.8981819,0,,,,50
86359428,0.5,0,3,3.00099492,0,0,0,0,15.9304171,-1.28464127,8.59871292,8.43697548,0,14.2673788,-1.28464127,12.8971863,0,,,,50
86360554,0.5,0,3,3.00099492,0,0,0,0,15.9395075,-1.28464127,8.59569836,8.43908691,0,14.3102674,-1.28464127,12.8971863,0,,,,50
86361685,0.5,0,3,1.97320604,0,0,0,0,15.9485979,1.33557928,8.57761478,8.43697548,0,14.3174152,1.33557928,13.9239807,0,,,,50
86362811,0.5,0,3,2.05926347,0,0,0,0,15.9576874,1.33557928,8.58364296,8.43697548,0,14.3388586,1.33557928,13.9239807,0,,,,50
86363942,0.5,0,3,3.00212383,0,0,0,0,15.9258718,5.926054,8.57460117,8.43697548,0,14.3388586,5.926054,13.9218569,0,,,,50
86365068,0.5,0,3,2.99087143,0,0,0,0,15.9349623,5.926054,8.568573,8.43697548,0,14.3174152,5.926054,13.9218569,0,,,,50
86366199,0.5,0,3,2.99536228,0,0,0,0,15.9576874,9.49119568,8.55350399,8.43486404,0,14.2316389,9.49119568,13.9264936,0,,,,50
86367330,0.5,0,3,2.99536228,0,0,0,0,15.9440527,9.49119568,8.5565176,8.43697548,0,14.0529394,9.49119568,13.9264936,0,,,,50
86368461,0.5,0,3,2.95651913,0,0,0,0,15.9576874,11.2300711,8.55048943,8.43697548,0,13.7455759,11.2300711,13.9699745,0,,,,50
86369587,0.5,0,3,2.97304225,0,0,0,0,15.9576874,11.2300711,8.53542042,8.43697548,0,13.3381405,11.2300711,13.9699745,0,,,,50
86370718,0.5,0.51449275,3,3.03293252,0.572161138,0.539926708,0,0,15.8531513,11.79352,7.82112122,8.16249943,0,13.2809572,11.79352,13.9370422,0,,,,50
86371844,0.5,0.543624163,3,2.94234729,0.652747214,0.547985315,0,0,15.8622417,11.79352,7.9748311,8.17939091,0,13.2809572,11.79352,13.9370422,0,,,,50
86372975,0.5,0.52976191,3,2.91973853,0.717216074,0.636629999,0,0,15.8531513,11.6700554,8.00195694,8.15827656,0,13.2809572,11.6700554,14.0173035,0,,,,50
86374106,0.5,0.518324614,3,2.91973853,0.79780215,0.741391897,0,0,15.8440609,11.6700554,7.93866396,8.11604977,0,13.2809572,11.6700554,14.0173035,0,,,,50
86375237,0.5,0.531578958,3,2.92831016,0.813919365,0.717216074,0,0,15.8576965,11.3921261,7.93866396,8.1181612,0,13.288105,11.3921261,14.0889931,0,,,,50
86376363,0.5,0.51912564,3,2.95323658,0.76556772,0.709157467,0,0,15.8440609,11.3921261,7.95674753,8.1181612,0,13.288105,11.3921261,14.0889931,0,,,,50
86377494,0.5,0.531578958,3,2.99873924,0.813919365,0.717216074,0,0,15.8440609,11.0120974,7.93263626,8.10338211,0,13.2738094,11.0120974,14.0902538,0,,,,50
86378621,0.5,0.525210083,3,2.9576149,1.00732589,0.910622656,0,0,15.8077011,11.0120974,7.7608428,8.01259327,0,13.2523651,11.0120974,14.0902538,0,,,,50
86379955,0.5,0.536585391,3,2.98416042,1.0637362,0.918681264,0,0,15.7804308,10.4104776,7.72166204,7.98514557,0,13.2309208,10.4104776,14.1060934,0,,,,50
86381082,0.5,0.521594644,3,2.99199295,1.26520133,1.16043949,0,0,15.7804308,10.4104776,7.51972914,7.90491438,0,13.2380695,10.4104776,14.1060934,0,,,,50
86382218,0.5,0.540441215,3,2.99199295,1.18461537,1.00732589,0,0,15.8077011,9.67319775,7.66138363,7.97881174,0,13.2595129,9.67319775,14.1141005,0,,,,50
86383344,0.5,0.53744489,3,2.84276652,0.983150125,0.846153796,0,0,15.825881,9.67319775,7.81207943,8.05059814,0,13.2738094,9.67319775,14.1141005,0,,,,50
86384475,0.5,0.535211265,3,2.84276652,0.612454176,0.5318681,0,0,15.8713312,9.17551422,8.13758278,8.21106052,0,13.288105,9.17551422,14.2713337,0,,,,50
86385601,0.5,0.537878811,3,1.8999157,0.572161138,0.491575062,0,0,15.8804216,9.17551422,8.14662457,8.2216177,0,13.2952528,9.17551422,14.2713337,0,,,,50
86386732,0.5,0.5234375,3,2.08019948,0.539926708,0.491575062,0,0,15.8804216,10.6971741,8.15867996,8.22372913,0,13.2952528,10.6971741,15.1911335,0,,,,50
86387858,0.5,0.529411793,3,2.98863125,0.507692277,0.451282024,0,0,15.866787,10.6971741,8.16470814,8.21317196,0,13.2952528,10.6971741,15.1911335,0,,,,50
86388989,0.5,0.523809552,3,2.98863125,0.5318681,0.483516455,0,0,15.8531513,12,8.15566635,8.20894909,0,13.2738094,14.0281534,14.1098871,0,,,,50
86390120,0.5,0.536423802,3,2.98863125,0.652747214,0.56410253,0,0,15.8576965,12,8.1044302,8.18783569,0,13.2738094,14.0281534,14.1098871,0,,,,50
86391251,0.5,0.527173936,3,1.93305373,0.781684935,0.701098859,0,0,15.8440609,12,7.9808588,8.14138603,0,13.2738094,12.0300417,15.1606493,0,,,,50
86392377,0.5,0.528571427,3,2.06566024,0.894505441,0.79780215,0,0,15.825881,12,7.86030245,8.07593441,0,13.2738094,12.0300417,15.1606493,0,,,,50
86393508,0.5,0.529411793,3,3.02717948,0.942857087,0.838095188,0,0,15.8031559,12,7.79399586,8.0421524,0,13.2666607,13.3541288,14.4039679,0,,,,50
86394635,0.5,0.529411793,3,3.06909442,0.942857087,0.838095188,0,0,15.8031559,12,7.78796816,8.0294838,0,13.2452173,13.3541288,14.4039679,0,,,,50
86395765,0.5,0.529702961,3,3.02373815,0.862271011,0.76556772,0,0,15.8122463,10.3617649,7.87235785,8.06115437,0,13.2595129,10.3617649,14.3802299,0,,,,50
86396892,0.5,0.540000021,3,2.99199295,0.870329618,0.741391897,0,0,15.8395166,10.3617649,7.92660856,8.10760403,0,13.2738094,10.3617649,14.3802299,0,,,,50
86398027,0.5,0.541237116,3,2.99199295,0.846153796,0.717216074,0,0,15.8576965,8.12227917,7.95976162,8.12027264,0,13.2809572,8.12227917,14.388236,0,,,,50
86399154,0.5,0.524590135,3,3.03408575,0.773626328,0.701098859,0,0,15.8440609,8.12227917,7.9748311,8.12660694,0,13.2809572,8.12227917,14.388236,0,,,,50
86400284,0.5,0.526315808,3,3.06909442,0.644688606,0.580219746,0,0,15.8531513,6.41928196,8.05922127,8.17516804,0,13.2809572,6.41928196,14.3191423,0,,,,50
86401614,0.5,0.522727251,3,3.02717948,0.556043923,0.507692277,0,0,15.8576965,6.41928196,8.11949921,8.19628143,0,13.2738094,6.41928196,14.3191423,0,,,,50
86402745,0.5,0.551724136,3,3.06791449,0.515750885,0.419047594,0,0,15.8804216,4.93608046,8.20991707,8.26384449,0,13.2952528,4.93608046,14.2512274,0,,,,50
86403871,0.5,0.537037015,3,3.04566622,0.46739924,0.402930379,0,0,15.8849669,4.93608046,8.22197247,8.26595592,0,13.3095493,4.93608046,14.2512274,0,,,,50
86405007,0.5,0.546391726,3,2.99311519,0.427106202,0.354578733,0,0,15.8986015,3.72913718,8.20991707,8.3250742,0,13.3166971,3.72913718,14.258112,0,,,,50
86406133,0.5,0.53125,3,2.99311519,0.273992658,0.241758227,0,0,15.8986015,3.72913718,8.34554291,8.32718563,0,13.3095493,3.72913718,14.258112,0,,,,50
86407264,0.5,0.564516127,3,3.0585072,0.282051265,0.217582405,0,0,15.9258718,2.85589552,8.37568283,8.35041046,0,13.3238449,2.85589552,14.199605,0,,,,50
86408390,0.5,0.566666663,3,3.0585072,0.273992658,0.209523797,0,0,15.9167824,2.85589552,8.38472462,8.33985329,0,13.3238449,2.85589552,14.199605,0,,,,50
86409521,0.5,0.558139563,3,1.97809756,0.193406582,0.153113544,0,0,15.9167824,4.12276268,8.4058218,8.34618759,0,13.3166971,4.12276268,15.2215071,0,,,,50
86410647,0.5,0.571428597,3,2.15491366,0.225641012,0.169230759,0,0,15.9349623,4.12276268,8.3937664,8.35674477,0,13.3238449,4.12276268,15.2215071,0,,,,50
86411778,0.5,0.553571403,3,3.09048986,0.249816835,0.201465189,0,0,15.9122372,7.60375786,8.36965466,8.34407616,0,13.3238449,7.60375786,15.1310177,0,,,,50
86412909,0.5,0.551020384,3,3.06909442,0.217582405,0.177289367,0,0,15.907692,7.60375786,8.37869644,8.34618759,0,13.2952528,7.60375786,15.1310177,0,,,,50
86414040,0.5,0.537500024,3,3.13295841,0.346520126,0.29816848,0,0,15.8986015,9.98799038,8.29732037,8.30607224,0,13.2952528,9.98799038,14.9980593,0,,,,50
86415167,0.5,0.571428597,3,3.06909442,0.451282024,0.338461518,0,0,15.8986015,9.98799038,8.19786167,8.27017879,0,13.3095493,9.98799038,14.9980593,0,,,,50
86416297,0.5,0.529411793,3,3.06909442,0.435164809,0.386813164,0,0,15.8713312,10.3856382,8.22197247,8.25328827,0,13.3024006,10.3856382,14.9289646,0,,,,50
86417423,0.5,0.532258093,3,3.12314892,0.5318681,0.46739924,0,0,15.8804216,10.3856382,8.16772175,8.23639679,0,13.3024006,10.3856382,14.9289646,0,,,,50
86418554,0.5,0.521428585,3,3.15027452,0.588278353,0.539926708,0,0,15.866787,9.60485172,8.10141563,8.2005043,0,13.2738094,9.60485172,14.7786894,0,,,,50
86419681,0.5,0.525547445,3,3.11218619,0.580219746,0.523809493,0,0,15.8531513,9.60485172,8.09237385,8.19839287,0,13.2738094,9.60485172,14.7786894,0,,,,50
86420816,0.5,0.548148096,3,3.1490314,0.596336961,0.491575062,0,0,15.8713312,8.01807785,8.12251282,8.21950626,0,13.2952528,8.01807785,14.6296577,0,,,,50
86422147,0.5,0.535211265,3,3.13665295,0.612454176,0.5318681,0,0,15.8713312,8.01807785,8.1044302,8.21528339,0,13.288105,8.01807785,14.6296577,0,,,,50
86423277,0.5,0.526717544,3,3.15027452,0.556043923,0.49963367,0,0,15.8713312,5.96982527,8.13758278,8.22584057,0,13.2952528,5.96982527,14.4793835,0,,,,50
86424404,0.5,0.531531513,3,3.10130024,0.475457847,0.419047594,0,0,15.8804216,5.96982527,8.20991707,8.2553997,0,13.2952528,5.96982527,14.4793835,0,,,,50
86425535,0.5,0.540000021,3,3.06909442,0.435164809,0.370695949,0,0,15.8986015,3.9231317,8.27320957,8.30607224,0,13.3095493,3.9231317,14.4102888,0,,,,50
86426661,0.5,0.529411793,3,3.06909442,0.362637341,0.322344303,0,0,15.8940573,3.9231317,8.30636215,8.30607224,0,13.3095493,3.9231317,14.4102888,0,,,,50
86427796,0.5,0.563636363,3,3.1292727,0.249816835,0.193406582,0,0,15.9213276,2.12375903,8.40280819,8.35041046,0,13.3166971,2.12375903,14.2810163,0,,,,50
86428923,0.5,0.596491218,3,3.1292727,0.273992658,0.185347974,0,0,15.9213276,2.12375903,8.38472462,8.34196472,0,13.3238449,2.12375903,14.2810163,0,,,,50
86430053,0.5,0.481481493,3,2.01965213,0.104761899,0.112820506,0,0,15.9304171,2.5442071,8.44198895,8.36307812,0,13.3095493,2.5442071,15.261364,0,,,,50
86431180,0.5,0.645161271,3,2.1844089,0.161172152,0.0886446834,0,0,15.9349623,2.5442071,8.47514153,8.39897156,0,13.3238449,2.5442071,15.261364,0,,,,50
86432311,0.5,0.518518507,3,3.13912082,0.112820506,0.104761899,0,0,15.9258718,5.35235548,8.6439209,8.37785816,0,13.3238449,5.35235548,15.1222429,0,,,,50
86433437,0.5,0.620689631,3,3.15151882,0.145054936,0.0886446834,0,0,15.9258718,5.35235548,8.63789368,8.38630295,0,13.3238449,5.35235548,15.1222429,0,,,,50
86434568,0.5,0.551020384,3,3.12070608,0.217582405,0.177289367,0,0,15.9258718,7.32684517,8.40883541,8.35674477,0,13.3238449,7.32684517,15.0015373,0,,,,50
86435699,0.5,0.566666663,3,3.06909442,0.273992658,0.209523797,0,0,15.9167824,7.32684517,8.36362648,8.33985329,0,13.3166971,7.32684517,15.0015373,0,,,,50
86436830,0.5,0.538461566,3,3.06909442,0.282051265,0.241758227,0,0,15.8940573,7.63910675,8.32745934,8.30818272,0,13.3095493,7.63910675,14.9324427,0,,,,50
86437956,0.5,0.556962013,3,3.14530754,0.354578733,0.282051265,0,0,15.907692,7.63910675,8.30636215,8.31662846,0,13.3095493,7.63910675,14.9324427,0,,,,50
86439087,0.5,0.631578922,3,3.14530754,0.483516455,0.282051265,0,0,15.8895121,7.00416899,8.31239033,8.29973793,0,13.3024006,7.00416899,14.7871351,0,,,,50
86440213,0.5,0.552083313,3,2.01150608,0.427106202,0.346520126,0,0,15.8758764,7.00416899,8.25211143,8.26173306,0,13.3024006,7.00416899,14.7871351,0,,,,50
86441344,0.5,0.571428597,3,2.16838193,0.386813164,0.290109873,0,0,15.8895121,7.49987268,8.27622318,8.2976265,0,13.3024006,7.49987268,15.6187534,0,,,,50
86442470,0.5,0.551020384,3,3.10976052,0.435164809,0.354578733,0,0,15.9031467,7.49987268,8.24005604,8.28073597,0,13.3024006,7.49987268,15.6187534,0,,,,50
86443809,0.5,0.539822996,3,3.06909442,0.491575062,0.419047594,0,0,15.8804216,9.74391937,8.18279171,8.25751019,0,13.3024006,9.74391937,15.5496588,0,,,,50
86444936,0.5,0.536363661,3,3.11218619,0.475457847,0.410988986,0,0,15.8804216,9.74391937,8.17374992,8.24484253,0,13.2952528,9.74391937,15.5496588,0,,,,50
86446067,0.5,0.547826111,3,3.06909442,0.507692277,0.419047594,0,0,15.8576965,11.2825365,8.15566635,8.22584057,0,13.2738094,11.2825365,15.4805641,0,,,,50
86447193,0.5,0.540145993,3,3.06909442,0.596336961,0.507692277,0,0,15.8758764,11.2825365,8.1315546,8.20894909,0,13.2952528,11.2825365,15.4805641,0,,,,50
86448324,0.5,0.541935444,3,3.06909442,0.676923037,0.572161138,0,0,15.8531513,11.3477812,8.05922127,8.17727947,0,13.288105,11.3477812,15.4114695,0,,,,50
86449451,0.5,0.527950346,3,3.06909442,0.684981644,0.612454176,0,0,15.8395166,11.3477812,7.99894238,8.15616512,0,13.2809572,11.3477812,15.4114695,0,,,,50
86450581,0.5,0.532894731,3,1.99291837,0.652747214,0.572161138,0,0,15.8349714,12,8.04415131,8.17094517,0,13.2666607,12.5588856,16.117466,0,,,,50
86451713,0.5,0.539393961,3,2.15491366,0.717216074,0.612454176,0,0,15.8531513,12,8.02606773,8.1730566,0,13.2738094,12.5588856,16.117466,0,,,,50
86452843,0.5,0.523316085,3,3.08332515,0.813919365,0.741391897,0,0,15.8395166,12,7.92962217,8.1181612,0,13.2809572,13.7735023,15.0787115,0,,,,50
86453969,0.5,0.524752498,3,3.02947807,0.854212403,0.773626328,0,0,15.8213358,12,7.86934423,8.09493637,0,13.2738094,13.7735023,15.0787115,0,,,,50
86455100,0.5,0.517766535,3,3.10854912,0.821977973,0.76556772,0,0,15.8122463,9.05607224,7.87838554,8.08649063,0,13.2523651,9.05607224,14.9701624,0,,,,50
86456226,0.5,0.528795779,3,3.10854912,0.813919365,0.725274682,0,0,15.8122463,9.05607224,7.93263626,8.09704781,0,13.2595129,9.05607224,14.9701624,0,,,,50
86457357,0.5,0.553571403,3,3.10854912,0.749450505,0.604395568,0,0,15.866787,5.42340708,8.03510952,8.18150139,0,13.2809572,5.42340708,14.8616133,0,,,,50
86458488,0.5,0.527607322,3,2.0191412,0.693040252,0.620512784,0,0,15.866787,5.42340708,8.05922127,8.17727947,0,13.2952528,5.42340708,14.8616133,0,,,,50
86459619,0.5,0.532786906,3,2.15258837,0.523809493,0.459340632,0,0,15.8849669,4.39172459,8.17073631,8.24273109,0,13.288105,4.39172459,15.7090254,0,,,,50
86460746,0.5,0.53125,3,3.12682009,0.410988986,0.362637341,0,0,15.8804216,4.39172459,8.21895885,8.26595592,0,13.3095493,4.39172459,15.7090254,0,,,,50
86461876,0.5,0.546666682,3,3.1490314,0.330402911,0.273992658,0,0,15.9031467,5.89087152,8.32745934,8.31240559,0,13.3095493,5.89087152,15.5599937,0,,,,50
86463003,0.5,0.545454562,3,3.12192702,0.338461518,0.282051265,0,0,15.907692,5.89087152,8.33348751,8.32296276,0,13.3095493,5.89087152,15.5599937,0,,,,50
86464337,0.5,0.535714269,3,3.12192702,0.362637341,0.314285696,0,0,15.9031467,6.92907572,8.27923679,8.30607224,0,13.3095493,6.92907572,15.4380665,0,,,,50
86465463,0.5,0.5625,3,2.02889538,0.362637341,0.282051265,0,0,15.8986015,6.92907572,8.29732037,8.30607224,0,13.3095493,6.92907572,15.4380665,0,,,,50
86466599,0.5,0.563218415,3,2.1922102,0.394871771,0.306227088,0,0,15.8895121,8.36681271,8.29430676,8.30607224,0,13.3095493,8.36681271,16.2458572,0,,,,50
86467726,0.5,0.515789449,3,3.21630192,0.394871771,0.370695949,0,0,15.8986015,8.36681271,8.28827858,8.28495789,0,13.3095493,8.36681271,16.2458572,0,,,,50
86468856,0.5,0.526785731,3,3.23455429,0.475457847,0.427106202,0,0,15.8758764,10.7902718,8.1918335,8.25117683,0,13.2952528,10.7902718,16.011301,0,,,,50
86469983,0.5,0.536363661,3,3.23455429,0.475457847,0.410988986,0,0,15.8622417,10.7902718,8.1797781,8.23639679,0,13.288105,10.7902718,16.011301,0,,,,50
86471113,0.5,0.510948956,3,3.13542056,0.56410253,0.539926708,0,0,15.8622417,11.7694139,8.1164856,8.21317196,0,13.288105,11.7694139,15.8758812,0,,,,50
86472240,0.5,0.522293031,3,3.14778924,0.660805821,0.604395568,0,0,15.8486061,11.7694139,8.04716492,8.17939091,0,13.288105,11.7694139,15.8758812,0,,,,50
86473371,0.5,0.526011586,3,3.22540236,0.73333329,0.660805821,0,0,15.8349714,10.8487167,7.9808588,8.13716316,0,13.2809572,10.8487167,15.6504784,0,,,,50
86474502,0.5,0.523809552,3,3.15276384,0.709157467,0.644688606,0,0,15.8304262,10.8487167,8.00195694,8.14772034,0,13.2738094,10.8487167,15.6504784,0,,,,50
86475633,0.5,0.538461566,3,3.11948609,0.73333329,0.628571391,0,0,15.8576965,8.92416382,8.01401234,8.16883373,0,13.288105,8.92416382,15.5309925,0,,,,50
86476759,0.5,0.528735638,3,3.23455429,0.741391897,0.660805821,0,0,15.8440609,8.92416382,7.98688698,8.14349747,0,13.2809572,8.92416382,15.5309925,0,,,,50
86477890,0.5,0.527397275,3,3.20596433,0.620512784,0.556043923,0,0,15.8531513,6.58261824,8.08936024,8.19205856,0,13.2738094,6.58261824,15.3250284,0,,,,50
86479016,0.5,0.522727251,3,3.23455429,0.556043923,0.507692277,0,0,15.866787,6.58261824,8.13456917,8.22584057,0,13.288105,6.58261824,15.3250284,0,,,,50
86480147,0.5,0.552631557,3,3.19058204,0.507692277,0.410988986,0,0,15.8895121,4.02530622,8.19786167,8.26173306,0,13.3024006,4.02530622,15.1344461,0,,,,50
86481273,0.5,0.529411793,3,3.15027452,0.435164809,0.386813164,0,0,15.8895121,4.02530622,8.21594429,8.27017879,0,13.3024006,4.02530622,15.1344461,0,,,,50
86482408,0.5,0.546875,3,3.15027452,0.282051265,0.23369962,0,0,15.907692,1.51868248,8.37869644,8.33774185,0,13.3095493,1.51868248,14.9841719,0,,,,50
86483535,0.5,0.532258093,3,3.21371126,0.26593405,0.23369962,0,0,15.9167824,1.51868248,8.33650112,8.34618759,0,13.3238449,1.51868248,14.9841719,0,,,,50
86484869,0.5,0.545454562,3,3.2332437,0.193406582,0.161172152,0,0,15.9304171,-0.830616295,8.4178772,8.38208103,0,13.3238449,-0.830616295,14.7509279,0,,,,50
86485996,0.5,0.642857134,3,3.18930674,0.145054936,0.0805860758,0,0,15.9258718,-0.830616295,8.47514153,8.39474869,0,13.3238449,-0.830616295,14.7509279,0,,,,50
86487127,0.5,0.857142866,3,3.15027452,0.0967032909,0.0161172152,0,0,15.9395075,-2.99932909,8.51432323,8.43064213,0,13.3238449,-2.99932909,14.6006536,0,,,,50
86488253,0.5,0.785714269,3,3.23193431,0.0886446834,0.0241758227,0,0,15.9395075,-2.99932909,8.53240585,8.44542122,0,13.3238449,-2.99932909,14.6006536,0,,,,50
86489389,0.5,0,3,3.23586607,0,0,0,0,15.9440527,-4.94390869,8.64090729,8.45597839,0,13.3452892,-4.94390869,14.3647871,0,,,,50
86490515,0.5,0,3,3.19185829,0,0,0,0,15.9258718,-4.94390869,8.6318655,8.44753265,0,13.352437,-4.94390869,14.3647871,0,,,,50
86491645,0.5,0,3,3.23062563,0,0,0,0,15.9485979,-6.80097294,8.61076832,8.44964409,0,13.3953247,-6.80097294,14.1341619,0,,,,50
86492772,0.5,0,3,3.26499414,0,0,0,0,15.9531422,-6.80097294,8.6198101,8.44542122,0,13.4453611,-6.80097294,14.1341619,0,,,,50
86493902,0.5,0,3,3.23586607,0,0,0,0,15.9304171,-8.59173965,8.61378193,8.44542122,0,13.5168409,-8.59173965,13.8982964,0,,,,50
86495029,0.5,0,3,3.20339012,0,0,0,0,15.9395075,-8.59173965,8.60775471,8.44753265,0,13.5811729,-8.59173965,13.8982964,0,,,,50
86496159,0.5,0,3,3.20339012,0,0,0,0,15.9304171,-10.195652,8.60172653,8.44753265,0,13.6598005,-10.195652,13.6949062,0,,,,50
86497291,0.5,0,3,3.15027452,0,0,0,0,15.9440527,-10.195652,8.58665657,8.44542122,0,13.7312803,-10.195652,13.6949062,0,,,,50
86498421,0.5,0,3,3.20339012,0,0,0,0,15.9213276,-11.5159626,8.58967113,8.44542122,0,13.7813158,-11.5159626,13.4915161,0,,,,50
86499548,0.5,0,3,3.23586607,0,0,0,0,15.9395075,-11.5159626,8.58364296,8.43486404,0,13.8099079,-11.5159626,13.4915161,0,,,,50
86500678,0.5,0,3,3.20467663,0,0,0,0,15.9213276,-12,8.57460117,8.44330978,0,13.8170557,-12.5710993,13.5945044,0,,,,50
86501804,0.5,0,3,3.23455429,0,0,0,0,15.9349623,-12,8.57158756,8.44119835,0,13.8313522,-12.5710993,13.5945044,0,,,,50
86502935,0.5,0,3,3.21889687,0,0,0,0,15.9440527,-11.6759624,8.56254578,8.44330978,0,13.8527956,-11.6759624,13.3756075,0,,,,50
86504062,0.5,0,3,3.15027452,0,0,0,0,15.9531422,-11.6759624,8.5565176,8.44119835,0,13.9528675,-11.6759624,13.3756075,0,,,,50
86505198,0.5,0,3,3.20725298,0,0,0,0,15.9395075,-11.5054483,8.55048943,8.43486404,0,14.1387157,-11.5054483,13.168355,0,,,,50
86506528,0.5,0,3,3.2332437,0,0,0,0,15.9213276,-11.5054483,8.5444622,8.44330978,0,14.3817472,-11.5054483,13.168355,0,,,,50
86507659,0.5,0,3,3.2124176,0,0,0,0,15.9440527,-11.7690477,8.56254578,8.44119835,0,14.5175581,-11.7690477,12.9559374,0,,,,50
86508785,0.5,0,3,3.15027452,0,0,0,0,15.9395075,-11.7690477,8.58364296,8.43908691,0.00714798551,14.5961866,-11.7690477,12.9559374,0,,,,50
86509916,0.5,0,3,3.15027452,0,0,0,0,15.9304171,-12,8.58665657,8.44119835,0,14.681962,-12.1662149,12.8952074,0,,,,50
86511042,0.5,0,3,3.17282104,0,0,0,0,15.9395075,-12,8.58665657,8.43908691,0,14.7034063,-12.1662149,12.8952074,0,,,,50
86512173,0.5,0,3,3.23586607,0,0,0,0,15.9576874,-12,8.58665657,8.43908691,0,14.7248497,-12.0945826,12.7102947,0,,,,50
86513304,0.5,0,3,3.1428299,0,0,0,0,15.9213276,-12,8.58665657,8.43908691,0,14.7391462,-12.0945826,12.7102947,0,,,,50
86514435,0.5,0,3,3.1490314,0,0,0,0,15.9349623,-12,8.58665657,8.43908691,0,14.7534418,-12.0118408,12.5676422,0,,,,50
86515562,0.5,0,3,3.13295841,0,0.00805860758,0,0,15.9576874,-12,8.568573,8.43697548,0,14.746294,-12.0118408,12.5676422,0,,,,50
86516692,0.5,0,3,3.07027531,0,0,0,0,15.9531422,-11.8871326,8.58665657,8.43908691,0,14.746294,-11.8871326,12.4973679,0,,,,50
86517819,0.5,0,3,3.10976052,0,0,0,0,15.9440527,-11.8871326,8.57761478,8.43908691,0,14.746294,-11.8871326,12.4973679,0,,,,50
86518949,0.5,0,3,3.10976052,0,0,0,0,15.9258718,-11.5399961,8.58665657,8.43697548,0,14.7534418,-11.5399961,12.3876066,0,,,,50
86520080,0.5,0,3,3.10976052,0,0,0,0,15.9395075,-11.5399961,8.58665657,8.43908691,0,14.7248497,-11.5399961,12.3876066,0,,,,50
86521211,0.5,0,3,2.01608014,0,0,0,0,15.9576874,-9.09549046,8.56555939,8.43697548,0,14.7605906,-9.09549046,13.3715267,0,,,,50
86522338,0.5,0,3,2.13702345,0,0,0,0,15.9167824,-9.09549046,8.58967113,8.43697548,0,14.7748861,-9.09549046,13.3715267,0,,,,50
86523468,0.5,0,3,3.09768844,0,0,0,0,15.9485979,-4.41672087,8.568573,8.43908691,0,14.7748861,-4.41672087,13.273838,0,,,,50
86524595,0.5,0,3,3.09768844,0,0,0,0,15.9349623,-4.41672087,8.58665657,8.43697548,0,14.8034782,-4.41672087,13.273838,0,,,,50
86525725,0.5,0,3,2.00342607,0,0,0,0,15.9531422,1.3126024,8.56254578,8.43908691,0,14.8177738,1.3126024,14.2704124,0,,,,50
86527056,0.5,0,3,2.13702345,0,0,0,0,15.9349623,1.3126024,8.58665657,8.43697548,0,14.8249216,1.3126024,14.2704124,0,,,,50
86528191,0.5,0,3,3.08809829,0,0,0,0,15.9485979,7.34669876,8.57761478,8.43697548,0,14.810626,7.34669876,14.1823139,0,,,,50
86529317,0.5,0,3,3.07027531,0,0,0,0,15.9167824,7.34669876,8.58665657,8.43697548,0,14.7963305,7.34669876,14.1823139,0,,,,50
86530448,0.5,0,3,3.07027531,0,0,0,0,15.9304171,11.2348442,8.58665657,8.43697548,0,14.7248497,11.2348442,14.1120386,0,,,,50
86531574,0.5,0,3,3.11583185,0,0,0,0,15.9440527,11.2348442,8.56555939,8.43697548,0,14.5961866,11.2348442,14.1120386,0,,,,50
86532705,0.5,0,3,3.07027531,0,0,0,0,15.9440527,12,8.58665657,8.43697548,0,14.3745985,12.5237083,13.7596283,0,,,,50
86533831,0.5,0,3,3.07619333,0,0,0,0,15.9485979,12,8.58364296,8.43486404,0,14.0743837,12.5237083,13.7596283,0,,,,50
86534962,0.5,0,3,3.06909442,0,0,0,0,15.9531422,10.6265297,8.58967113,8.43697548,0,13.7527237,10.6265297,13.6905336,0,,,,50
86536093,0.5,0,3,3.06555724,0,0,0,0,15.9395075,10.6265297,8.58665657,8.43697548,0,13.352437,10.6265297,13.6905336,0,,,,50
86537224,0.5,0.537815154,3,3.06909442,0.515750885,0.443223417,0,0,15.8940573,8.61901951,8.04415131,8.21317196,0,13.3024006,8.61901951,13.621439,0,,,,50
86538350,0.5,0.53719008,3,3.06202817,0.523809493,0.451282024,0,0,15.8804216,8.61901951,8.14662457,8.23639679,0,13.3024006,8.61901951,13.621439,0,,,,50
86539481,0.5,0.536842108,3,3.06202817,0.410988986,0.354578733,0,0,15.8849669,6.6824851,8.20991707,8.27017879,0,13.2952528,6.6824851,13.559411,0,,,,50
86540608,0.5,0.581632674,3,3.06909442,0.459340632,0.330402911,0,0,15.9031467,6.6824851,8.28225136,8.29551506,0,13.3095493,6.6824851,13.559411,0,,,,50
86541738,0.5,0.567901254,3,3.05616426,0.370695949,0.282051265,0,0,15.8849669,4.93361664,8.32143211,8.27440166,0,13.3024006,4.93361664,13.5032463,0,,,,50
86542865,0.5,0.574257433,3,3.05616426,0.46739924,0.346520126,0,0,15.8986015,4.93361664,8.27320957,8.29973793,0,13.3166971,4.93361664,13.5032463,0,,,,50
86544000,0.5,0.557692289,3,1.97907877,0.23369962,0.185347974,0,0,15.9167824,5.42389584,8.40280819,8.34407616,0,13.3166971,5.42389584,14.524168,0,,,,50
86545126,0.5,0.57407409,3,2.06941009,0.249816835,0.185347974,0,0,15.9213276,5.42389584,8.3937664,8.34618759,0,13.3238449,5.42389584,14.524168,0,,,,50
86546257,0.5,0.54411763,3,3.02947807,0.29816848,0.249816835,0,0,15.9031467,8.41659546,8.3304739,8.31662846,0,13.3166971,8.41659546,14.4946899,0,,,,50
86547383,0.5,0.534246564,3,3.06791449,0.314285696,0.273992658,0,0,15.8986015,8.41659546,8.29430676,8.2976265,0,13.3024006,8.41659546,14.4946899,0,,,,50
86548718,0.5,0.538461566,3,3.06791449,0.451282024,0.386813164,0,0,15.866787,10.697134,8.18279171,8.23639679,0,13.288105,10.697134,14.426775,0,,,,50
86549844,0.5,0.529914558,3,3.00664854,0.49963367,0.443223417,0,0,15.8622417,10.697134,8.17073631,8.23639679,0,13.2809572,10.697134,14.426775,0,,,,50
86550979,0.5,0.537931085,3,2.99311519,0.628571391,0.539926708,0,0,15.8622417,11.3223877,8.08634663,8.19839287,0,13.288105,11.3223877,14.4336596,0,,,,50
86552106,0.5,0.539877295,3,3.01687932,0.709157467,0.604395568,0,0,15.8531513,11.3223877,8.01702595,8.1667223,0,13.288105,11.3223877,14.4336596,0,,,,50
86553237,0.5,0.526315749,3,3.01687932,0.725274682,0.652747214,0,0,15.8304262,11.0937138,7.96880341,8.12238407,0,13.2809572,11.0937138,14.4167805,0,,,,50
86554363,0.5,0.535483837,3,1.96494591,0.668864429,0.580219746,0,0,15.8395166,11.0937138,8.04415131,8.16249943,0,13.2523651,11.0937138,14.4167805,0,,,,50
86555494,0.5,0.537572265,3,2.08128452,0.749450505,0.644688606,0,0,15.8531513,12,8.00798416,8.15405464,0,13.2738094,12.1329384,15.2638788,0,,,,50
86556620,0.5,0.527777791,3,2.08128452,0.76556772,0.684981644,0,0,15.8531513,12,7.97181749,8.13716316,0,13.2809572,12.1329384,15.2638788,0,,,,50
86557751,0.5,0.514999986,3,3.04334307,0.830036581,0.781684935,0,0,15.8167906,12,7.87838554,8.0907135,0,13.2666607,14.3804617,13.9381237,0,,,,50
86558882,0.5,0.523316085,3,3.06909442,0.813919365,0.741391897,0,0,15.8077011,12,7.88441372,8.0907135,0,13.2595129,14.3804617,13.9381237,0,,,,50
86560013,0.5,0.529100537,3,3.06320357,0.805860758,0.717216074,0,0,15.825881,8.36391163,7.92359447,8.10971546,0,13.2523651,8.36391163,13.8749199,0,,,,50
86561139,0.5,0.528205097,3,3.06909442,0.830036581,0.741391897,0,0,15.8440609,8.36391163,7.91756678,8.10971546,0,13.288105,8.36391163,13.8749199,0,,,,50
86562270,0.5,0.548192799,3,3.08929372,0.73333329,0.604395568,0,0,15.8622417,4.14450264,8.02003956,8.17516804,0,13.2952528,4.14450264,13.7856264,0,,,,50
86563396,0.5,0.533333302,3,3.06791449,0.580219746,0.507692277,0,0,15.8622417,4.14450264,8.1044302,8.19839287,0,13.2952528,4.14450264,13.7856264,0,,,,50
86564527,0.5,0.539325833,3,3.09168744,0.386813164,0.330402911,0,0,15.907692,1.12751806,8.29129314,8.3039608,0,13.3095493,1.12751806,13.6939383,0,,,,50
86565654,0.5,0.546666682,3,3.15027452,0.330402911,0.273992658,0,0,15.9122372,1.12751806,8.34554291,8.3250742,0,13.3238449,1.12751806,13.6939383,0,,,,50
86566789,0.5,0.57407409,3,3.15027452,0.249816835,0.185347974,0,0,15.9258718,-1.1647228,8.39979362,8.35674477,0,13.3238449,-1.1647228,13.543664,0,,,,50
86567916,0.5,0.680000007,3,3.11583185,0.136996329,0.0644688606,0,0,15.9304171,-1.1647228,8.52035046,8.37785816,0,13.3166971,-1.1647228,13.543664,0,,,,50
86569250,0.5,1,3,3.06791449,0.056410253,0,0,0,15.9395075,-2.9224937,8.62282372,8.43908691,0,13.3238449,-2.9224937,13.47575,0,,,,50
86570377,0.5,0.875,3,3.12314892,0.056410253,0.00805860758,0,0,15.9349623,-2.9224937,8.57158756,8.43486404,0,13.3309927,-2.9224937,13.47575,0,,,,50
86571507,0.5,0,3,3.14654779,0,0,0,0,15.9349623,-4.23394346,8.63789368,8.45175552,0,13.3309927,-4.23394346,13.3292017,0,,,,50
86572634,0.5,0,3,3.11340046,0,0,0,0,15.9485979,-4.23394346,8.62583828,8.44964409,0,13.352437,-4.23394346,13.3292017,0,,,,50
86573769,0.5,0,3,3.15027452,0,0,0,0,15.9213276,-5.3603363,8.62282372,8.44753265,0,13.3881769,-5.3603363,13.1789274,0,,,,50
86574895,0.5,0,3,3.11461568,0,0,0,0,15.9304171,-5.3603363,8.61679649,8.44330978,0,13.4382124,-5.3603363,13.1789274,0,,,,50
86576026,0.5,0,3,3.07145715,0,0,0,0,15.9485979,-6.26700783,8.59871292,8.44542122,0,13.4953966,-6.26700783,13.1074705,0,,,,50
86577152,0.5,0,3,3.07145715,0,0,0,0,15.9576874,-6.26700783,8.60474014,8.44119835,0,13.5668764,-6.26700783,13.1074705,0,,,,50
86578283,0.5,0,3,3.11583185,0,0,0,0,15.9304171,-6.85192537,8.59569836,8.44330978,0,13.6169128,-6.85192537,12.9916382,0,,,,50
86579409,0.5,0,3,3.06909442,0,0,0,0,15.9349623,-6.85192537,8.59268475,8.44330978,0,13.6812439,-6.85192537,12.9916382,0,,,,50
86580539,0.5,0,3,3.09048986,0,0,0,0,15.9304171,-7.21962929,8.58665657,8.43697548,0,13.7241325,-7.21962929,12.9011488,0,,,,50
86581671,0.5,0,3,3.1490314,0,0,0,0,15.9349623,-7.21962929,8.57761478,8.44119835,0,13.774168,-7.21962929,12.9011488,0,,,,50
86582801,0.5,0,3,3.09528518,0,0,0,0,15.9531422,-7.42840528,8.55350399,8.44119835,0,13.7956123,-7.42840528,12.8058634,0,,,,50
86583928,0.5,0,3,3.06791449,0,0,0,0,15.9531422,-7.42840528,8.56555939,8.44119835,0,13.8242044,-7.42840528,12.8058634,0,,,,50
86585058,0.5,0,3,3.1037128,0,0,0,0,15.9485979,-7.54122877,8.55048943,8.44119835,0,13.8313522,-7.54122877,12.7021503,0,,,,50
86586185,0.5,0,3,3.15027452,0,0,0,0,15.9304171,-7.54122877,8.55350399,8.44119835,0,13.8742399,-7.54122877,12.7021503,0,,,,50
86587316,0.5,0,3,3.15027452,0,0,0,0,15.9213276,-7.71503067,8.55048943,8.43908691,0,13.9099798,-7.71503067,12.5518761,0,,,,50
86588442,0.5,0,3,3.09768844,0,0,0,0,15.9304171,-7.71503067,8.5444622,8.44119835,0,13.9814596,-7.71503067,12.5518761,0,,,,50
86589781,0.5,0,3,3.06909442,0,0,0,0,15.9122372,-7.91655016,8.58062935,8.43908691,0,14.1387157,-7.91655016,12.4827824,0,,,,50
86590908,0.5,0,3,3.10976052,0,0,0,0,15.9485979,-7.91655016,8.58364296,8.43908691,0,14.2745266,-7.91655016,12.4827824,0,,,,50
86592038,0.5,0,3,3.06909442,0,0,0,0,15.9349623,-7.94109726,8.58665657,8.43275356,0,14.3745985,-7.94109726,12.4136877,0,,,,50
86593165,0.5,0,3,3.0726397,0,0,0,0,15.9576874,-7.94109726,8.58665657,8.43908691,0,14.453227,-7.94109726,12.4136877,0,,,,50
86594295,0.5,0,3,3.0726397,0,0,0,0,15.9258718,-7.78721428,8.58665657,8.43908691,0,14.5318546,-7.78721428,12.3410482,0,,,,50
86595421,0.5,0,3,1.99790812,0,0,0,0,15.9440527,-7.78721428,8.58665657,8.43697548,0,14.6033344,-7.78721428,12.3410482,0,,,,50
86596552,0.5,0,3,1.99790812,0,0,0,0,15.9122372,-5.56151628,8.58665657,8.43908691,0,14.6748142,-5.56151628,13.3431396,0,,,,50
86597684,0.5,0,3,2.09329629,0,0,0,0,15.9395075,-5.56151628,8.58665657,8.43486404,0,14.7248497,-5.56151628,13.3431396,0,,,,50
86598815,0.5,0,3,3.06320357,0,0.00805860758,0,0,15.9304171,-1.08662403,8.58665657,8.43697548,0,14.7677383,-1.08662403,13.2799358,0,,,,50
86599941,0.5,0,3,3.06909442,0,0,0,0,15.9349623,-1.08662403,8.58665657,8.43697548,0,14.810626,-1.08662403,13.2799358,0,,,,50
86601071,0.5,0,3,3.02832842,0,0,0,0,15.9485979,2.5233078,8.56555939,8.43697548,0,14.810626,2.5233078,13.2516079,0,,,,50
86602198,0.5,0,3,3.06791449,0,0,0,0,15.9531422,2.5233078,8.58062935,8.43697548,0,14.8320704,2.5233078,13.2516079,0,,,,50
86603328,0.5,0,3,3.03178024,0,0,0,0,15.9258718,4.3582058,8.58665657,8.43275356,0,14.8177738,4.3582058,13.2198277,0,,,,50
86604460,0.5,0,3,2.99199295,0,0,0,0,15.9395075,4.3582058,8.58665657,8.43697548,0,14.7677383,4.3582058,13.2198277,0,,,,50
86605590,0.5,0,3,2.99199295,0,0,0,0,15.9349623,5.1595397,8.58665657,8.43697548,0,14.6962585,5.1595397,13.2278347,0,,,,50
86606717,0.5,0,3,3.00438452,0,0,0,0,15.9531422,5.1595397,8.57761478,8.43697548,0,14.5890388,5.1595397,13.2278347,0,,,,50
86607847,0.5,0,3,2.99536228,0,0,0,0,15.9395075,5.41798306,8.58665657,8.43275356,0,14.4818182,5.41798306,13.2324724,0,,,,50
86608974,0.5,0,3,3.00325394,0,0,0,0,15.9304171,5.41798306,8.58665657,8.43486404,0,14.3603029,5.41798306,13.2324724,0,,,,50
86610104,0.5,0,3,2.99199295,0,0,0,0,15.9395075,5.38436556,8.58665657,8.43486404,0,14.2101955,5.38436556,13.2404785,0,,,,50
86611435,0.5,0,3,2.96861815,0,0,0,0,15.9440527,5.38436556,8.58665657,8.43275356,0,14.0314951,5.38436556,13.2404785,0,,,,50
86612570,0.5,0,3,2.99311519,0,0,0,0,15.9213276,5.18776131,8.58665657,8.43697548,0,13.8385,5.18776131,13.247364,0,,,,50
86613696,0.5,0,3,2.99311519,0,0,0,0,15.9576874,5.18776131,8.58665657,8.43486404,0,13.6097641,5.18776131,13.247364,0,,,,50
86614827,0.5,0,3,2.97193503,0,0,0,0,15.9258718,4.94930887,8.58665657,8.43486404,0,13.3953247,4.94930887,13.2754288,0,,,,50
86615953,0.5,0.576923072,3,2.91973853,0.241758227,0.177289367,0,0,15.907692,4.94930887,8.30334854,8.29551506,0,13.3238449,4.94930887,13.2754288,0,,,,50
86617084,0.5,0.53061223,3,2.9785912,0.209523797,0.185347974,0,0,15.9258718,4.75130033,8.30334854,8.33774185,0,13.2952528,4.75130033,13.2968369,0,,,,50
86618210,0.5,0.541666687,3,2.99199295,0.209523797,0.177289367,0,0,15.907692,4.75130033,8.3937664,8.33774185,0,13.3095493,4.75130033,13.2968369,0,,,,50
86619341,0.5,0.604166687,3,2.96090746,0.23369962,0.153113544,0,0,15.9213276,4.62675095,8.4058218,8.36307812,0,13.3166971,4.62675095,13.3359299,0,,,,50
86620472,0.5,0.566666663,3,2.96090746,0.273992658,0.209523797,0,0,15.9213276,4.62675095,8.37568283,8.33351898,0,13.3238449,4.62675095,13.3359299,0,,,,50
86621603,0.5,0.567164183,3,2.99311519,0.306227088,0.23369962,0,0,15.907692,4.5393877,8.34855747,8.32296276,0,13.3166971,4.5393877,13.3428144,0,,,,50
86622729,0.5,0.555555582,3,2.98639417,0.282051265,0.225641012,0,0,15.9122372,4.5393877,8.32745934,8.31662846,0,13.3024006,4.5393877,13.3428144,0,,,,50
86623860,0.5,0.588235319,3,2.91867042,0.241758227,0.169230759,0,0,15.907692,4.54351902,8.36664104,8.3314085,0,13.3166971,4.54351902,13.4241438,0,,,,50
86624987,0.5,0.557692289,3,2.96861815,0.23369962,0.185347974,0,0,15.9213276,4.54351902,8.3937664,8.35463333,0,13.3166971,4.54351902,13.4241438,0,,,,50
86626117,0.5,0.568965495,3,2.99311519,0.26593405,0.201465189,0,0,15.9304171,4.64863777,8.37568283,8.34829903,0,13.3238449,4.64863777,13.4310284,0,,,,50
86627244,0.5,0.530303001,3,2.99311519,0.282051265,0.249816835,0,0,15.9167824,4.64863777,8.32745934,8.3250742,0,13.3166971,4.64863777,13.4310284,0,,,,50
86628379,0.5,0.546666682,3,2.94234729,0.330402911,0.273992658,0,0,15.8940573,4.76421928,8.27622318,8.2976265,0,13.3095493,4.76421928,13.4886808,0,,,,50
86629506,0.5,0.541666687,3,2.91867042,0.419047594,0.354578733,0,0,15.8895121,4.76421928,8.29732037,8.25962162,0,13.3095493,4.76421928,13.4886808,0,,,,50
86630636,0.5,0.542168677,3,2.98751211,0.362637341,0.306227088,0,0,15.8804216,4.86589003,8.27622318,8.27229023,0,13.3024006,4.86589003,13.5011692,0,,,,50
86631967,0.5,0.545454562,3,2.99199295,0.386813164,0.322344303,0,0,15.8895121,4.86589003,8.255126,8.25117683,0,13.3024006,4.86589003,13.5011692,0,,,,50
86633098,0.5,0.545454562,3,2.94778204,0.435164809,0.362637341,0,0,15.9031467,4.95166016,8.28225136,8.28918076,0,13.3095493,4.95166016,13.5533867,0,,,,50
86634224,0.5,0.588235319,3,2.99199295,0.402930379,0.282051265,0,0,15.8986015,4.95166016,8.27019501,8.28495789,0,13.3095493,4.95166016,13.5533867,0,,,,50
86635360,0.5,0.54411763,3,2.99199295,0.29816848,0.249816835,0,0,15.8986015,5.01089144,8.32444572,8.31029415,0,13.3095493,5.01089144,13.5613937,0,,,,50
86636486,0.5,0.545454562,3,2.98975086,0.290109873,0.241758227,0,0,15.9167824,5.01089144,8.34855747,8.3314085,0,13.3238449,5.01089144,13.5613937,0,,,,50
86637617,0.5,0.532258093,3,2.99311519,0.26593405,0.23369962,0,0,15.9167824,4.96422243,8.34554291,8.3314085,0,13.3166971,4.96422243,13.5682783,0,,,,50
86638743,0.5,0.528301895,3,2.98193049,0.225641012,0.201465189,0,0,15.9031467,4.96422243,8.34554291,8.32929707,0,13.3095493,4.96422243,13.5682783,0,,,,50
86639874,0.5,0.578947365,3,2.91867042,0.26593405,0.193406582,0,0,15.9167824,4.94756508,8.36362648,8.33774185,0,13.3166971,4.94756508,13.6496077,0,,,,50
86641000,0.5,0.55384618,3,2.9038012,0.290109873,0.23369962,0,0,15.9122372,4.94756508,8.34554291,8.32929707,0,13.3166971,4.94756508,13.6496077,0,,,,50
86642131,0.5,0.532258093,3,2.9038012,0.26593405,0.23369962,0,0,15.9031467,5.19687366,8.34554291,8.31662846,0,13.3095493,5.19687366,13.7458067,0,,,,50
86643262,0.5,0.550000012,3,2.9038012,0.26593405,0.217582405,0,0,15.9122372,5.19687366,8.37266827,8.34196472,0,13.3095493,5.19687366,13.7458067,0,,,,50
86644393,0.5,0.555555582,3,1.91358399,0.322344303,0.257875443,0,0,15.907692,7.55056381,8.32143211,8.31451702,0,13.3166971,7.55056381,14.8322229,0,,,,50
86645519,0.5,0.545454562,3,2.01252079,0.338461518,0.282051265,0,0,15.8986015,7.55056381,8.28827858,8.29551506,0,13.3166971,7.55056381,14.8322229,0,,,,50
86646650,0.5,0.524999976,3,2.95542407,0.338461518,0.306227088,0,0,15.8895121,11.9884644,8.28827858,8.29551506,0,13.3024006,11.9884644,14.8767986,0,,,,50
86647776,0.5,0.542056084,3,2.9576149,0.46739924,0.394871771,0,0,15.8895121,11.9884644,8.21293068,8.26595592,0,13.3024006,11.9884644,14.8767986,0,,,,50
86648907,0.5,0.524822712,3,2.9576149,0.596336961,0.539926708,0,0,15.8440609,12,8.05017948,8.18572426,0,13.2809572,15.3855534,13.0953045,0,,,,50
86650034,0.5,0.540000021,3,2.96751404,0.652747214,0.556043923,0,0,15.8576965,12,8.06524849,8.18572426,0,13.2666607,15.3855534,13.0953045,0,,,,50
86651170,0.5,0.533742309,3,2.95105219,0.701098859,0.612454176,0,0,15.8486061,6.33843613,8.02606773,8.17094517,0,13.288105,6.33843613,13.1442518,0,,,,50
86652296,0.5,0.530487776,3,2.93153763,0.701098859,0.620512784,0,0,15.8395166,6.33843613,7.99291468,8.1456089,0,13.288105,6.33843613,13.1442518,0,,,,50
86653631,0.5,0.548076928,3,2.95980906,0.459340632,0.378754556,0,0,15.8849669,1.11163199,8.22800064,8.26806736,0,13.2952528,1.11163199,13.1844425,0,,,,50
86654757,0.5,0.551020384,3,2.94996119,0.435164809,0.354578733,0,0,15.9031467,1.11163199,8.12854099,8.27017879,0,13.3095493,1.11163199,13.1844425,0,,,,50
86655888,0.5,0.568965495,3,2.99087143,0.26593405,0.201465189,0,0,15.9258718,-1.65676522,8.38472462,8.35885525,0,13.3238449,-1.65676522,13.1935711,0,,,,50
86657015,0.5,0.629629612,3,2.99087143,0.136996329,0.0805860758,0,0,15.9304171,-1.65676522,8.46308613,8.38841438,0,13.3166971,-1.65676522,13.1935711,0,,,,50
86658146,0.5,0.785714269,3,2.94887137,0.0886446834,0.0241758227,0,0,15.9395075,-2.86776042,8.57158756,8.41797352,0,13.3309927,-2.86776042,13.2447004,0,,,,50
86659277,0.5,0.857142866,3,2.92080712,0.0483516455,0.00805860758,0,0,15.9349623,-2.86776042,8.59268475,8.42853069,0,13.3309927,-2.86776042,13.2447004,0,,,,50
86660408,0.5,0,3,2.95871162,0,0,0,0,15.9485979,-3.02894831,8.63487911,8.45386696,0,13.3452892,-3.02894831,13.2859888,0,,,,50
86661534,0.5,0,3,2.95871162,0,0,0,0,15.9395075,-3.02894831,8.62583828,8.44753265,0,13.3452892,-3.02894831,13.2859888,0,,,,50
86662665,0.5,0,3,1.92280614,0,0,0,0,15.9349623,-0.630209208,8.6198101,8.44119835,0,13.3667326,-0.630209208,14.3631821,0,,,,50
86663791,0.5,0,3,2.02272391,0,0,0,0,15.9485979,-0.630209208,8.6198101,8.44330978,0,13.3881769,-0.630209208,14.3631821,0,,,,50
86664922,0.5,0,3,2.02272391,0,0,0,0,15.9485979,5.96778536,8.61076832,8.43697548,0,13.3810291,5.96778536,15.3404579,0,,,,50
86666053,0.5,0,3,2.94560575,0,0,0,0,15.9349623,5.96778536,8.60172653,8.44119835,0,13.3381405,5.96778536,15.3404579,0,,,,50
86667184,0.5,0.555555582,3,2.94560575,0.0805860758,0.0644688606,0,0,15.9031467,12,8.38171005,8.33563042,0,13.3238449,13.7361698,14.4595356,0,,,,50
86668310,0.5,0.590909064,3,1.9191066,0.209523797,0.145054936,0,0,15.9258718,12,8.23101425,8.34618759,0,13.3166971,13.7361698,14.4595356,0,,,,50
86669441,0.5,0.558441579,3,1.9191066,0.346520126,0.273992658,0,0,15.8895121,12,8.21895885,8.28495789,0,13.3024006,15.4176674,13.6992493,0,,,,50
86670567,0.5,0.550458729,3,1.47552609,0.483516455,0.394871771,0,0,15.8804216,12,8.17073631,8.24695396,0,13.2952528,15.4176674,13.6992493,0,,,,50
86671698,0.5,0.524590135,3,1.47552609,0.515750885,0.46739924,0,0,15.8576965,11.0851374,8.14059639,8.21106052,0,13.2809572,11.0851374,15.2237234,0,,,,50
86672824,0.5,0.548148096,3,2.00745797,0.596336961,0.491575062,0,0,15.8758764,11.0851374,8.11045742,8.21950626,0,13.2952528,11.0851374,15.2237234,0,,,,50
86674163,0.5,0.527131796,3,2.93693256,0.547985315,0.491575062,0,0,15.8758764,12,8.13456917,8.2216177,0,13.2952528,13.8403053,14.2953739,0,,,,50
86675290,0.5,0.524475515,3,2.93693256,0.604395568,0.547985315,0,0,15.8622417,12,8.08031845,8.19628143,0,13.288105,13.8403053,14.2953739,0,,,,50
86676420,0.5,0.528169036,3,1.91772306,0.604395568,0.539926708,0,0,15.8395166,12,8.06826305,8.18572426,0,13.2738094,12.9110146,14.8868647,0,,,,50
86677547,0.5,0.516556263,3,1.98696363,0.628571391,0.588278353,0,0,15.8486061,12,8.08031845,8.18783569,0,13.2738094,12.9110146,14.8868647,0,,,,50
86678677,0.5,0.529069781,3,1.98696363,0.73333329,0.652747214,0,0,15.8531513,12,7.97784519,8.16249943,0,13.2738094,14.0664577,14.7866507,0,,,,50
86679804,0.5,0.522613049,3,2.94996119,0.838095188,0.76556772,0,0,15.8304262,12,7.89345551,8.10127068,0,13.2595129,14.0664577,14.7866507,0,,,,50
86680934,0.5,0.533936679,3,2.99311519,0.950915694,0.830036581,0,0,15.8167906,11.8255339,7.79098225,8.0421524,0,13.2666607,11.8255339,14.7935352,0,,,,50
86682066,0.5,0.520661175,3,2.94126272,1.01538455,0.934798479,0,0,15.8077011,11.8255339,7.72768974,8.01048183,0,13.2452173,11.8255339,14.7935352,0,,,,50
86683196,0.5,0.523605168,3,2.94126272,0.983150125,0.894505441,0,0,15.8031559,11.2215729,7.75180101,8.0147047,0,13.2595129,11.2215729,14.852272,0,,,,50
86684323,0.5,0.539906144,3,1.90445006,0.926739872,0.789743543,0,0,15.8077011,11.2215729,7.83920479,8.06115437,0,13.2523651,11.2215729,14.852272,0,,,,50
86685453,0.5,0.542713523,3,1.90445006,0.870329618,0.73333329,0,0,15.8440609,12,7.91153908,8.1118269,0,13.2738094,12.6056719,15.6215324,0,,,,50
86686580,0.5,0.524064124,3,1.90445006,0.789743543,0.717216074,0,0,15.8395166,12,7.94167805,8.13505173,0,13.2809572,12.6056719,15.6215324,0,,,,50
86687710,0.5,0.522727251,3,1.45428193,0.741391897,0.676923037,0,0,15.825881,12,7.96578932,8.12449551,0,13.2666607,17.129776,14.4037161,0,,,,50
86688837,0.5,0.526011586,3,2.02323675,0.73333329,0.660805821,0,0,15.825881,12,7.98387289,8.14138603,0,13.2666607,17.129776,14.4037161,0,,,,50
86689972,0.5,0.53191489,3,2.9752593,0.805860758,0.709157467,0,0,15.8486061,8.78207111,7.96578932,8.15405464,0,13.2809572,8.78207111,14.4284563,0,,,,50
86691098,0.5,0.528497458,3,2.91867042,0.821977973,0.73333329,0,0,15.8395166,8.78207111,7.92660856,8.12027264,0,13.2809572,8.78207111,14.4284563,0,,,,50
86692229,0.5,0.535714269,3,2.91867042,0.725274682,0.628571391,0,0,15.8576965,5.49595404,8.02003956,8.16038799,0,13.288105,5.49595404,14.5097857,0,,,,50
86693356,0.5,0.51449275,3,2.98193049,0.572161138,0.539926708,0,0,15.8531513,5.49595404,8.10141563,8.19205856,0,13.288105,5.49595404,14.5097857,0,,,,50
86694487,0.5,0.550458729,3,2.98193049,0.483516455,0.394871771,0,0,15.8940573,3.76550221,8.24005604,8.28073597,0,13.2952528,3.76550221,14.5278549,0,,,,50
86695818,0.5,0.53125,3,1.88912058,0.410988986,0.362637341,0,0,15.907692,3.76550221,8.25813961,8.30184937,0,13.3095493,3.76550221,14.5278549,0,,,,50
86696953,0.5,0.569767416,3,2.006953,0.394871771,0.29816848,0,0,15.9031467,4.7201395,8.27320957,8.31240559,0,13.3095493,4.7201395,15.5209026,0,,,,50
86698079,0.5,0.549295783,3,3.0352397,0.314285696,0.257875443,0,0,15.9031467,4.7201395,8.30033493,8.31240559,0,13.288105,4.7201395,15.5209026,0,,,,50
86699210,0.5,0.552238822,3,2.99199295,0.29816848,0.241758227,0,0,15.907692,8.15506268,8.35759926,8.32929707,0,13.3095493,8.15506268,15.5289087,0,,,,50
86700336,0.5,0.555555582,3,2.99199295,0.322344303,0.257875443,0,0,15.9122372,8.15506268,8.33348751,8.32929707,0,13.3166971,8.15506268,15.5289087,0,,,,50
86701467,0.5,0.543689311,3,2.98527694,0.451282024,0.378754556,0,0,15.8804216,11.0049744,8.18881989,8.25962162,0,13.2952528,11.0049744,15.5436325,0,,,,50
86702593,0.5,0.559139788,3,2.99199295,0.419047594,0.330402911,0,0,15.8895121,11.0049744,8.2671814,8.2765131,0,13.2952528,11.0049744,15.5436325,0,,,,50
86703724,0.5,0.530303001,3,3.00438452,0.56410253,0.49963367,0,0,15.866787,12,8.12854099,8.21950626,0,13.2738094,12.2690516,15.3943024,0,,,,50
86704855,0.5,0.541095912,3,2.99311519,0.636629999,0.539926708,0,0,15.8576965,12,8.06524849,8.18994713,0,13.2809572,12.2690516,15.3943024,0,,,,50
86705986,0.5,0.533333361,3,3.01802015,0.644688606,0.56410253,0,0,15.8395166,11.6361303,8.0562067,8.18783569,0,13.2666607,11.6361303,15.3762827,0,,,,50
86707113,0.5,0.531791925,3,3.06909442,0.741391897,0.652747214,0,0,15.8531513,11.6361303,7.99592876,8.16883373,0,13.2809572,11.6361303,15.3762827,0,,,,50
86708244,0.5,0.513812184,3,3.06909442,0.749450505,0.709157467,0,0,15.8440609,10.6199265,7.96277571,8.12871838,0,13.2738094,10.6199265,15.307188,0,,,,50
86709370,0.5,0.531791925,3,3.00212383,0.741391897,0.652747214,0,0,15.825881,10.6199265,7.96880341,8.12660694,0,13.2738094,10.6199265,15.307188,0,,,,50
86710501,0.5,0.55214721,3,2.99311519,0.725274682,0.588278353,0,0,15.8576965,9.41976452,8.03209591,8.17727947,0,13.2809572,9.41976452,15.3140726,0,,,,50
86711627,0.5,0.535294116,3,3.02947807,0.73333329,0.636629999,0,0,15.8622417,9.41976452,8.01099777,8.16883373,0,13.2738094,9.41976452,15.3140726,0,,,,50
86712763,0.5,0.535211265,3,3.06791449,0.612454176,0.5318681,0,0,15.8531513,8.21477127,8.09237385,8.18994713,0,13.288105,8.21477127,15.2461586,0,,,,50
86713889,0.5,0.541353405,3,3.02832842,0.580219746,0.491575062,0,0,15.8758764,8.21477127,8.14361095,8.22372913,0,13.288105,8.21477127,15.2461586,0,,,,50
86715020,0.5,0.546875,3,3.06909442,0.56410253,0.46739924,0,0,15.8804216,6.94102287,8.15867996,8.23850822,0,13.2952528,6.94102287,15.1770639,0,,,,50
86716350,0.5,0.533333361,3,3.03870726,0.515750885,0.451282024,0,0,15.8804216,6.94102287,8.15867996,8.24273109,0,13.2952528,6.94102287,15.1770639,0,,,,50
86717481,0.5,0.550000012,3,2.99311519,0.443223417,0.362637341,0,0,15.8804216,5.76126432,8.23402786,8.2765131,0,13.3024006,5.76126432,15.1839485,0,,,,50
86718607,0.5,0.534653485,3,2.99311519,0.435164809,0.378754556,0,0,15.8940573,5.76126432,8.255126,8.28495789,0,13.3095493,5.76126432,15.1839485,0,,,,50
86719742,0.5,0.56382978,3,3.02832842,0.427106202,0.330402911,0,0,15.8986015,4.86482382,8.39075184,8.2765131,0,13.3095493,4.86482382,15.1556196,0,,,,50
86720869,0.5,0.554054081,3,3.02832842,0.330402911,0.26593405,0,0,15.9031467,4.86482382,8.32143211,8.31029415,0,13.3024006,4.86482382,15.1556196,0,,,,50
86721999,0.5,0.558441579,3,1.9415195,0.346520126,0.273992658,0,0,15.9122372,6.18311882,8.33650112,8.3250742,0,13.3166971,6.18311882,16.2140999,0,,,,50
86723126,0.5,0.54411763,3,2.10767174,0.29816848,0.249816835,0,0,15.907692,6.18311882,8.33650112,8.31451702,0,13.3166971,6.18311882,16.2140999,0,,,,50
86724257,0.5,0.565217376,3,3.06202817,0.314285696,0.241758227,0,0,15.907692,9.79319382,8.35157108,8.33563042,0,13.3024006,9.79319382,16.1520729,0,,,,50
86725383,0.5,0.550000012,3,3.1490314,0.354578733,0.290109873,0,0,15.9031467,9.79319382,8.29732037,8.31873989,0,13.3024006,9.79319382,16.1520729,0,,,,50
86726514,0.5,0.505747139,3,3.1490314,0.354578733,0.346520126,0,0,15.8713312,12,8.24608421,8.27017879,0,13.288105,12.2454681,15.870801,0,,,,50
86727645,0.5,0.518181801,3,3.10009527,0.459340632,0.427106202,0,0,15.8849669,12,8.1918335,8.26173306,0,13.3024006,12.2454681,15.870801,0,,,,50
86728776,0.5,0.523809493,3,2.99311519,0.620512784,0.56410253,0,0,15.8576965,11.9409695,8.06223488,8.19205856,0,13.288105,11.9409695,15.8776855,0,,,,50
86729902,0.5,0.527027011,3,3.09648633,0.628571391,0.56410253,0,0,15.8349714,11.9409695,8.02305412,8.17516804,0,13.2666607,11.9409695,15.8776855,0,,,,50
86731033,0.5,0.519480526,3,3.1037128,0.644688606,0.596336961,0,0,15.8531513,10.9828615,8.0562067,8.17939091,0,13.2738094,10.9828615,15.7739725,0,,,,50
86732159,0.5,0.537572265,3,3.08213425,0.749450505,0.644688606,0,0,15.8531513,10.9828615,7.97784519,8.1456089,0,13.288105,10.9828615,15.7739725,0,,,,50
86733290,0.5,0.514792919,3,3.11461568,0.701098859,0.660805821,0,0,15.8440609,9.52625656,7.98688698,8.15194321,0,13.2809572,9.52625656,15.6593571,0,,,,50
86734416,0.5,0.522012532,3,3.09528518,0.668864429,0.612454176,0,0,15.8349714,9.52625656,8.02606773,8.16883373,0,13.2738094,9.52625656,15.6593571,0,,,,50
86735552,0.5,0.523178756,3,3.09528518,0.636629999,0.580219746,0,0,15.8758764,7.749722,8.07730484,8.19628143,0,13.2952528,7.749722,15.5640717,0,,,,50
86736882,0.5,0.532894731,3,3.06909442,0.652747214,0.572161138,0,0,15.8713312,7.749722,8.09237385,8.19839287,0,13.2952528,7.749722,15.5640717,0,,,,50
86738013,0.5,0.522727251,3,3.06437993,0.556043923,0.507692277,0,0,15.8713312,5.99658251,8.12251282,8.22584057,0,13.2952528,5.99658251,15.499692,0,,,,50
86739139,0.5,0.556521714,3,3.06791449,0.515750885,0.410988986,0,0,15.866787,5.99658251,8.16772175,8.24273109,0,13.3024006,5.99658251,15.499692,0,,,,50
86740270,0.5,0.542553186,3,3.07382345,0.410988986,0.346520126,0,0,15.9031467,4.45596313,8.25211143,8.32085133,0,13.3024006,4.45596313,15.425868,0,,,,50
86741396,0.5,0.547368407,3,3.07382345,0.419047594,0.346520126,0,0,15.8986015,4.45596313,8.20388889,8.28073597,0,13.3095493,4.45596313,15.425868,0,,,,50
86742527,0.5,0.538461566,3,1.98104405,0.338461518,0.290109873,0,0,15.9031467,5.16439819,8.30937672,8.31029415,0,13.3166971,5.16439819,16.4448242,0,,,,50
86743658,0.5,0.550000012,3,2.11830235,0.26593405,0.217582405,0,0,15.9122372,5.16439819,8.39979362,8.33774185,0,13.3095493,5.16439819,16.4448242,0,,,,50
86744790,0.5,0.554054081,3,3.06909442,0.330402911,0.26593405,0,0,15.907692,8.32562733,8.3304739,8.32929707,0,13.3166971,8.32562733,16.3757305,0,,,,50
86745916,0.5,0.541666687,3,3.06909442,0.314285696,0.26593405,0,0,15.8986015,8.32562733,8.30937672,8.31662846,0,13.3095493,8.32562733,16.3757305,0,,,,50
86747046,0.5,0.544303775,3,3.06909442,0.346520126,0.290109873,0,0,15.8849669,10.7114763,8.28827858,8.26806736,0,13.288105,10.7114763,16.3066349,0,,,,50
86748173,0.5,0.546296299,3,3.06320357,0.475457847,0.394871771,0,0,15.8895121,10.7114763,8.20991707,8.26806736,0,13.3024006,10.7114763,16.3066349,0,,,,50
86749304,0.5,0.525925875,3,3.06673527,0.572161138,0.515750885,0,0,15.866787,11.3349428,8.10141563,8.20261574,0,13.2952528,11.3349428,16.2399006,0,,,,50
86750435,0.5,0.522058845,3,3.08570981,0.572161138,0.523809493,0,0,15.8531513,11.3349428,8.08333206,8.19839287,0,13.2809572,11.3349428,16.2399006,0,,,,50
86751566,0.5,0.540000021,3,3.07145715,0.652747214,0.556043923,0,0,15.866787,10.9042921,8.07730484,8.19839287,0,13.2809572,10.9042921,16.1684418,0,,,,50
86752692,0.5,0.532163739,3,3.04799294,0.73333329,0.644688606,0,0,15.8531513,10.9042921,7.99894238,8.15616512,0,13.2809572,10.9042921,16.1684418,0,,,,50
86753823,0.5,0.522988498,3,3.06909442,0.73333329,0.668864429,0,0,15.8440609,9.88019753,7.98688698,8.14772034,0,13.2809572,9.88019753,16.0993481,0,,,,50
86754949,0.5,0.516129017,3,3.06909442,0.644688606,0.604395568,0,0,15.8395166,9.88019753,8.03812313,8.1730566,0,13.2809572,9.88019753,16.0993481,0,,,,50
86756080,0.5,0.531645596,3,3.07382345,0.676923037,0.596336961,0,0,15.8622417,8.56550694,8.05319309,8.18994713,0,13.2666607,8.56550694,16.0255241,0,,,,50
86757207,0.5,0.534161508,3,3.06909442,0.693040252,0.604395568,0,0,15.8531513,8.56550694,8.02908134,8.17939091,0,13.288105,8.56550694,16.0255241,0,,,,50
86758546,0.5,0.535714269,3,3.09528518,0.604395568,0.523809493,0,0,15.8622417,7.1096034,8.09538841,8.21317196,0,13.2952528,7.1096034,15.9302387,0,,,,50
86759673,0.5,0.554621875,3,3.06909442,0.5318681,0.427106202,0,0,15.8622417,7.1096034,8.17073631,8.23217392,0,13.288105,7.1096034,15.9302387,0,,,,50
86760804,0.5,0.545454562,3,3.06555724,0.483516455,0.402930379,0,0,15.8895121,5.64565277,8.19786167,8.27017879,0,13.3024006,5.64565277,15.8646822,0,,,,50
86761930,0.5,0.539822996,3,3.1037128,0.491575062,0.419047594,0,0,15.8895121,5.64565277,8.19484711,8.26173306,0,13.3024006,5.64565277,15.8646822,0,,,,50
86763061,0.5,0.5,3,3.12559557,0.346520126,0.346520126,0,0,15.8895121,4.21697521,8.24909782,8.28918076,0,13.288105,4.21697521,15.7390862,0,,,,50
86764188,0.5,0.551282048,3,3.11461568,0.346520126,0.282051265,0,0,15.8986015,4.21697521,8.31841755,8.31240559,0,13.3024006,4.21697521,15.7390862,0,,,,50
86765318,0.5,0.547945201,3,3.11461568,0.322344303,0.26593405,0,0,15.9122372,2.76906514,8.3304739,8.32718563,0,13.3166971,2.76906514,15.6244707,0,,,,50
86766450,0.5,0.549295783,3,3.10976052,0.314285696,0.257875443,0,0,15.907692,2.76906514,8.33348751,8.32296276,0,13.3166971,2.76906514,15.6244707,0,,,,50
86767580,0.5,0.543478251,3,3.1490314,0.201465189,0.169230759,0,0,15.9258718,1.29784596,8.42089176,8.36307812,0,13.3166971,1.29784596,15.4754391,0,,,,50
86768707,0.5,0.565217376,3,3.13172889,0.209523797,0.161172152,0,0,15.9304171,1.29784596,8.4178772,8.36730099,0,13.3238449,1.29784596,15.4754391,0,,,,50
86769837,0.5,0.633333325,3,3.15027452,0.153113544,0.0886446834,0,0,15.9213276,-0.19352062,8.3304739,8.39052582,0,13.3238449,-0.19352062,15.3251648,0,,,,50
86770964,0.5,0.722222209,3,3.13912082,0.104761899,0.0402930379,0,0,15.9349623,-0.19352062,8.52035046,8.42008495,0,13.3238449,-0.19352062,15.3251648,0,,,,50
86772094,0.5,0.769230783,3,3.13912082,0.0805860758,0.0241758227,0,0,15.9349623,-1.63191426,8.53542042,8.42008495,0,13.3166971,-1.63191426,15.1860437,0,,,,50
86773221,0.5,1,3,2.00493598,0.0402930379,0,0,0,15.9258718,-1.63191426,8.58665657,8.45175552,0,13.3238449,-1.63191426,15.1860437,0,,,,50
86774356,0.5,1,3,2.15026808,0.0322344303,0,0,0,15.9485979,-1.09153152,8.59268475,8.44964409,0,13.3381405,-1.09153152,16.0357761,0,,,,50
86775483,0.5,0,3,2.15026808,0,0,0,0,15.9258718,-1.09153152,8.58665657,8.45175552,0,13.3238449,-1.09153152,16.0357761,0,,,,50
86776613,0.5,1,3,3.12070608,0.00805860758,0,0,0,15.9440527,1.68430018,8.55953121,8.44964409,0,13.3309927,1.68430018,15.9150696,0,,,,50
86777740,0.5,1,3,3.1490314,0.0322344303,0,0,0,15.9349623,1.68430018,8.52035046,8.44542122,0,13.3095493,1.68430018,15.9150696,0,,,,50
86779074,0.5,0.928571403,3,3.14159274,0.104761899,0.00805860758,0,0,15.9304171,3.77061796,8.44500256,8.42008495,0,13.3024006,3.77061796,15.7734766,0,,,,50
86780201,0.5,0.823529422,3,3.14159274,0.112820506,0.0241758227,0,0,15.9395075,3.77061796,8.42691898,8.40319443,0,13.3238449,3.77061796,15.7734766,0,,,,50
86781336,0.5,0.677419364,3,2.02889538,0.169230759,0.0805860758,0,0,15.9304171,6.28407478,8.4058218,8.38208103,0,13.3238449,6.28407478,16.7445812,0,,,,50
86782462,0.5,0.608695626,3,2.02889538,0.112820506,0.0725274682,0,0,15.9304171,6.28407478,8.46308613,8.39686012,0,13.3238449,6.28407478,16.7445812,0,,,,50
86783593,0.5,0.555555582,3,1.55974305,0.241758227,0.193406582,0,0,15.9213276,12,8.36362648,8.34618759,0,13.3095493,13.025034,17.6326275,0,,,,50
86784719,0.5,0.576923072,3,2.11886501,0.241758227,0.177289367,0,0,15.907692,12,8.37869644,8.34407616,0,13.3024006,13.025034,17.6326275,0,,,,50
86785850,0.5,0.533980608,3,2.11886501,0.443223417,0.386813164,0,0,15.8804216,12,8.19786167,8.25751019,0,13.3024006,20.1900787,14.1015692,0,,,,50
86786977,0.5,0.50746268,3,3.15401006,0.547985315,0.5318681,0,0,15.8576965,12,8.08634663,8.20472717,0,13.288105,20.1900787,14.1015692,0,,,,50
86788107,0.5,0.533834636,3,3.10854912,0.572161138,0.49963367,0,0,15.8576965,1.93642497,8.1164856,8.20261574,0,13.2738094,1.93642497,13.9930201,0,,,,50
86789238,0.5,0.533783793,3,3.05616426,0.636629999,0.556043923,0,0,15.8622417,1.93642497,8.08333206,8.20261574,0,13.2952528,1.93642497,13.9930201,0,,,,50
86790369,0.5,0.563380301,3,3.15027452,0.322344303,0.249816835,0,0,15.9258718,-8.17661095,8.36362648,8.34407616,0,13.3238449,-8.17661095,13.8427458,0,,,,50
86791495,0.5,0.565217376,3,3.12314892,0.209523797,0.161172152,0,0,15.9258718,-8.17661095,8.46308613,8.35674477,0,13.3309927,-8.17661095,13.8427458,0,,,,50
86792626,0.5,0,3,3.14530754,0,0,0,0,15.9440527,-12,8.65296268,8.45808983,0,13.4239168,-14.1324348,14.8462324,0,,,,50
86793753,0.5,0,3,3.09889126,0,0,0,0,15.9304171,-12,8.67406082,8.46231174,0,13.5883207,-14.1324348,14.8462324,0,,,,50
86794883,0.5,0,3,3.0726397,0,0,0,0,15.9576874,-10.6187105,8.66501904,8.44964409,0,13.7884636,-10.6187105,14.7735929,0,,,,50
86796010,0.5,0,3,3.0726397,0,0,0,0,15.9258718,-10.6187105,8.65597725,8.44753265,0,13.9814596,-10.6187105,14.7735929,0,,,,50
86797145,0.5,0,3,3.11461568,0,0,0,0,15.9349623,-8.29060459,8.65296268,8.44330978,0,14.1458635,-8.29060459,14.6589775,0,,,,50
86798271,0.5,0,3,3.14654779,0,0,0,0,15.9485979,-8.29060459,8.64693546,8.44330978,0,14.2530832,-8.29060459,14.6589775,0,,,,50
86799402,0.5,0,3,3.0809443,0,0,0,0,15.9213276,-6.77895117,8.64090729,8.44119835,0,14.3317108,-6.77895117,14.5780334,0,,,,50
86800733,0.5,0,3,3.07027531,0,0,0,0,15.9531422,-6.77895117,8.62885189,8.44330978,0,14.4103384,-6.77895117,14.5780334,0,,,,50
86801864,0.5,0,3,3.11097288,0,0,0,0,15.9213276,-5.83224154,8.62583828,8.44330978,0,14.453227,-5.83224154,14.4670601,0,,,,50
86802991,0.5,0,3,3.1490314,0,0,0,0,15.9395075,-5.83224154,8.62282372,8.44330978,0,14.4818182,-5.83224154,14.4670601,0,,,,50
86804121,0.5,0,3,3.08690357,0,0,0,0,15.9485979,-5.28540516,8.61378193,8.43697548,0,14.5032625,-5.28540516,14.3801565,0,,,,50
86805253,0.5,0,3,3.06909442,0,0,0,0,15.9213276,-5.28540516,8.61076832,8.44119835,0,14.5461502,-5.28540516,14.3801565,0,,,,50
86806384,0.5,0,3,3.06909442,0,0,0,0,15.9213276,-4.94092512,8.60474014,8.44119835,0,14.6533699,-4.94092512,14.3110628,0,,,,50
86807510,0.5,0,3,3.14654779,0,0,0,0,15.9440527,-4.94092512,8.59871292,8.44119835,0,14.7820339,-4.94092512,14.3110628,0,,,,50
86808641,0.5,0,3,3.14654779,0,0,0,0,15.9531422,-4.80766392,8.57460117,8.44119835,0,14.9464378,-4.80766392,14.1645145,0,,,,50
86809767,0.5,0,3,4.33205509,0,0,0,0,15.9167824,-4.80766392,8.58364296,8.44119835,0,15.0536575,-4.80766392,14.1645145,0,,,,50
86810898,0.5,0,3,3.06909442,0,0,0,0,15.9531422,-4.87739658,8.568573,8.44119835,0,15.1465816,-4.87739658,14.0954199,0,,,,50
86812029,0.5,0,3,3.06673527,0,0,0,0,15.9304171,-4.87739658,8.57158756,8.43908691,0,15.2180614,-4.87739658,14.0954199,0,,,,50
86813160,0.5,0,3,3.06909442,0,0,0,0,15.9395075,-4.92393494,8.568573,8.43275356,0,15.2466536,-4.92393494,14.0263262,0,,,,50
86814286,0.5,0,3,3.06909442,0,0,0,0,15.9576874,-4.92393494,8.53843403,8.43908691,0,15.2895412,-4.92393494,14.0263262,0,,,,50
86815417,0.5,0,3,3.04450417,0,0,0,0,15.9213276,-4.83119202,8.5565176,8.43486404,0,15.3252811,-4.83119202,13.981822,0,,,,50
86816543,0.5,0,3,3.06909442,0,0,0,0,15.9349623,-4.83119202,8.54747581,8.43908691,0,15.3753166,-4.83119202,13.981822,0,,,,50
86817674,0.5,0,3,3.04799294,0,0,0,0,15.9485979,-4.60371542,8.5444622,8.43908691,0,15.4110565,-4.60371542,13.9338293,0,,,,50
86818801,0.5,0,3,2.99199295,0,0,0,0,15.9167824,-4.60371542,8.54144764,8.43908691,0,15.4896851,-4.60371542,13.9338293,0,,,,50
86819937,0.5,0,3,3.04915762,0,0,0,0,15.9258718,-4.30294943,8.53240585,8.43697548,0,15.5540161,-4.30294943,13.8846712,0,,,,50
86821267,0.5,0,3,3.04915762,0,0,0,0,15.9213276,-4.30294943,8.5444622,8.43908691,0,15.6183481,-4.30294943,13.8846712,0,,,,50
86822399,0.5,0,3,1.96301246,0,0,0,0,15.9349623,-1.97397637,8.58364296,8.43697548,0,15.6755323,-1.97397637,14.9216585,0,,,,50
86823525,0.5,0,3,2.08128452,0,0,0,0,15.9485979,-1.97397637,8.58665657,8.43697548,0,15.7112722,-1.97397637,14.9216585,0,,,,50
86824656,0.5,0,3,2.08128452,0,0,0,0,15.9167824,4.36821699,8.58364296,8.43908691,0,15.7398643,4.36821699,15.840374,0,,,,50
86825782,0.5,0,3,3.01916194,0,0,0,0,15.9395075,4.36821699,8.58364296,8.43908691,0,15.7541599,4.36821699,15.840374,0,,,,50
86826913,0.5,0,3,2.99423838,0,0,0,0,15.9531422,11.8032684,8.58665657,8.43697548,0,15.7327166,11.8032684,15.8461361,0,,,,50
86828044,0.5,0,3,3.00325394,0,0,0,0,15.9395075,11.8032684,8.58665657,8.43486404,0,15.654088,11.8032684,15.8461361,0,,,,50
86829175,0.5,0,3,2.99311519,0,0,0,0,15.9258718,12,8.58665657,8.43697548,0,15.4610929,16.6260319,13.3608646,0,,,,50
86830301,0.5,0,3,2.98975086,0,0,0,0,15.9440527,12,8.56555939,8.43486404,0,15.1394329,16.6260319,13.3608646,0,,,,50
86831432,0.5,0,3,2.99311519,0,0,0,0,15.9485979,4.29186153,8.568573,8.43697548,0,14.7248497,4.29186153,13.3677502,0,,,,50
86832558,0.5,0,3,2.99311519,0,0,0,0,15.9349623,4.29186153,8.58665657,8.43908691,0,14.2459354,4.29186153,13.3677502,0,,,,50
86833688,0.5,0,3,2.96972299,0,0.00805860758,0,0,15.9213276,-2.87763548,8.58665657,8.43697548,0,13.9385719,-2.87763548,13.3980274,0,,,,50
86834815,0.5,0,3,2.99199295,0,0,0,0,15.9304171,-2.87763548,8.58364296,8.43697548,0,13.6883926,-2.87763548,13.3980274,0,,,,50
86835950,0.5,0,3,2.99311519,0,0,0,0,15.9167824,-6.59299278,8.58665657,8.43697548,0,13.6383562,-6.59299278,13.404912,0,,,,50
86837077,0.5,0,3,2.95542407,0,0,0,0,15.9213276,-6.59299278,8.58665657,8.43697548,0,13.6240606,-6.59299278,13.404912,0,,,,50
86838207,0.5,0,3,2.9576149,0,0,0,0,15.9167824,-8.07851982,8.58665657,8.43697548,0,13.7169838,-8.07851982,13.4472971,0,,,,50
86839334,0.5,0,3,2.9576149,0,0,0,0,15.9531422,-8.07851982,8.58665657,8.43697548,0,13.8599443,-8.07851982,13.4472971,0,,,,50
86840464,0.5,0,3,3.02603149,0,0,0,0,15.9485979,-8.22907162,8.568573,8.43486404,0,14.0171995,-8.22907162,13.4212656,0,,,,50
86841795,0.5,0,3,2.95980906,0,0,0,0,15.9531422,-8.22907162,8.58062935,8.43486404,0,14.195899,-8.22907162,13.4212656,0,,,,50
86842930,0.5,0,3,2.91973853,0,0,0,0,15.9258718,-7.56182909,8.58665657,8.43697548,0,14.324563,-7.56182909,13.5015268,0,,,,50
86844057,0.5,0,3,2.95651913,0,0,0,0,15.9395075,-7.56182909,8.58665657,8.43486404,0,14.4389305,-7.56182909,13.5015268,0,,,,50
86845187,0.5,0,3,2.92187667,0,0,0,0,15.9531422,-6.22761011,8.58665657,8.43486404,0,14.5390024,-6.22761011,13.5796509,0,,,,50
86846314,0.5,0,3,2.99648714,0,0,0,0,15.9213276,-6.22761011,8.58665657,8.43486404,0,14.6390743,-6.22761011,13.5796509,0,,,,50
86847444,0.5,0,3,2.99648714,0,0,0,0,15.9349623,-4.61855078,8.58665657,8.43486404,0,14.7105541,-4.61855078,13.5831633,0,,,,50
86848571,0.5,0,3,2.99087143,0,0,0,0,15.9440527,-4.61855078,8.56555939,8.43486404,0,14.7534418,-4.61855078,13.5831633,0,,,,50
86849701,0.5,0,3,2.95542407,0,0,0,0,15.9349623,-3.09541154,8.58967113,8.43486404,0,14.7820339,-3.09541154,13.627739,0,,,,50
86850833,0.5,0,3,2.99199295,0,0,0,0,15.9304171,-3.09541154,8.58665657,8.43697548,0,14.8177738,-3.09541154,13.627739,0,,,,50
86851963,0.5,0,3,2.95105219,0,0,0,0,15.9440527,-1.66813552,8.58967113,8.42853069,0,14.810626,-1.66813552,13.6766872,0,,,,50
86853089,0.5,0,3,2.91973853,0,0,0,0,15.9576874,-1.66813552,8.58364296,8.43486404,0,14.874958,-1.66813552,13.6766872,0,,,,50
86854220,0.5,0,3,2.91973853,0,0,0,0,15.9395075,-0.268988758,8.58364296,8.43486404,0,14.9321413,-0.268988758,13.7569485,0,,,,50
86855347,0.5,0,3,2.9576149,0,0,0,0,15.9531422,-0.268988758,8.58665657,8.43486404,0,15.0322132,-0.268988758,13.7569485,0,,,,50
86856477,0.5,0,3,2.95542407,0,0,0,0,15.9258718,1.05856967,8.58665657,8.43486404,0,15.1108418,1.05856967,13.8015242,0,,,,50
86857603,0.5,0,3,2.95214391,0,0,0,0,15.9349623,1.05856967,8.58665657,8.43486404,0,15.1608772,1.05856967,13.8015242,0,,,,50
86858739,0.5,0,3,2.9576149,0,0,0,0,15.9531422,2.18892312,8.58062935,8.43697548,0,15.1179895,2.18892312,13.8439093,0,,,,50
86859865,0.5,0,3,2.94017887,0,0,0,0,15.9213276,2.18892312,8.58665657,8.43486404,0,15.0679531,2.18892312,13.8439093,0,,,,50
86860995,0.5,0,3,2.94017887,0,0,0,0,15.9349623,3.12397814,8.58665657,8.43486404,0,14.9964733,3.12397814,13.9037304,0,,,,50
86862122,0.5,0,3,2.91867042,0,0,0,0,15.9440527,3.12397814,8.58665657,8.43486404,0,14.8964014,3.12397814,13.9037304,0,,,,50
86863456,0.5,0,3,2.92294693,0,0,0,0,15.9304171,3.97094584,8.58665657,8.43486404,0,14.7677383,3.97094584,13.9807835,0,,,,50
86864583,0.5,0,3,2.91973853,0,0,0,0,15.9485979,3.97094584,8.58665657,8.43486404,0,14.6605186,3.97094584,13.9807835,0,,,,50
86865718,0.5,0,3,2.91227937,0,0,0,0,15.9258718,4.8063035,8.58665657,8.43486404,0,14.5032625,4.8063035,14.0685043,0,,,,50
86866844,0.5,0,3,2.91973853,0,0,0,0,15.9485979,4.8063035,8.58665657,8.43486404,0,14.3460073,4.8063035,14.0685043,0,,,,50
86867975,0.5,0,3,2.91973853,0,0,0,0,15.9167824,5.62272835,8.58665657,8.43486404,0,14.1887512,5.62272835,14.1487656,0,,,,50
86869101,0.5,0,3,2.89537191,0,0,0,0,15.9440527,5.62272835,8.58665657,8.43486404,0,13.9957552,5.62272835,14.1487656,0,,,,50
86870232,0.5,0,3,2.91760325,0,0,0,0,15.907692,6.37522411,8.58665657,8.43486404,0,13.7670202,6.37522411,14.2311621,0,,,,50
86871358,0.5,0,3,2.90909433,0,0,0,0,15.9576874,6.37522411,8.58665657,8.43486404,0,13.5311365,6.37522411,14.2311621,0,,,,50
86872488,0.5,0,3,2.90909433,0,0,0,0,15.9349623,7.06249571,8.58364296,8.43486404,0,13.2738094,7.06249571,14.3220673,0,,,,50
86873620,0.5,0.536585391,3,1.87623918,0.354578733,0.306227088,0,0,15.9167824,7.06249571,8.18580532,8.29973793,0,13.3166971,7.06249571,14.3220673,0,,,,50
86874751,0.5,0.517647088,3,1.87623918,0.354578733,0.330402911,0,0,15.8940573,9.61874676,8.33348751,8.27017879,0,13.3095493,9.61874676,15.4458284,0,,,,50
86875877,0.5,0.526315808,3,1.97858787,0.402930379,0.362637341,0,0,15.8849669,9.61874676,8.21895885,8.25328827,0,13.2952528,9.61874676,15.4458284,0,,,,50
86877008,0.5,0.528301895,3,2.90803409,0.451282024,0.402930379,0,0,15.8622417,12,8.15867996,8.21950626,0,13.2595129,14.2486448,14.326395,0,,,,50
86878134,0.5,0.537815154,3,2.91973853,0.515750885,0.443223417,0,0,15.8576965,12,8.14662457,8.21317196,0,13.2809572,14.2486448,14.326395,0,,,,50
86879265,0.5,0.542483687,3,2.9038012,0.668864429,0.56410253,0,0,15.8486061,10.9192009,8.07429028,8.1730566,0,13.2738094,10.9192009,14.4225931,0,,,,50
86880392,0.5,0.548571408,3,2.91973853,0.773626328,0.636629999,0,0,15.8486061,10.9192009,7.97784519,8.14772034,0,13.2738094,10.9192009,14.4225931,0,,,,50
86881527,0.5,0.530726254,3,2.91973853,0.76556772,0.676923037,0,0,15.8440609,9.01161957,7.95976162,8.14349747,0,13.2666607,9.01161957,14.5028543,0,,,,50
86882654,0.5,0.519047618,3,2.90274477,0.878388226,0.813919365,0,0,15.8213358,9.01161957,7.85126066,8.07804585,0,13.2595129,9.01161957,14.5028543,0,,,,50
86883988,0.5,0.529680371,3,2.91867042,0.934798479,0.830036581,0,0,15.8122463,8.01744843,7.82714891,8.0569315,0,13.2452173,8.01744843,14.5841837,0,,,,50
86885115,0.5,0.532110095,3,2.92080712,0.934798479,0.821977973,0,0,15.8304262,8.01744843,7.82112122,8.07171154,0,13.2738094,8.01744843,14.5841837,0,,,,50
86886246,0.5,0.529100537,3,2.84987354,0.805860758,0.717216074,0,0,15.8486061,7.72215462,7.95674753,8.13505173,0,13.2809572,7.72215462,14.7343102,0,,,,50
86887372,0.5,0.525179803,3,2.92080712,0.588278353,0.5318681,0,0,15.866787,7.72215462,8.09538841,8.18994713,0,13.2952528,7.72215462,14.7343102,0,,,,50
86888502,0.5,0.551401854,3,2.92080712,0.475457847,0.386813164,0,0,15.8940573,7.92731953,8.20388889,8.26384449,0,13.3024006,7.92731953,14.8135033,0,,,,50
