t_us,share_sp,share_act,v_sp,v_act,I_fc,I_batt,gFC,gBT,V_bus,I_cmd,V_fc,V_batt,V_chg,V_rgn,u_unsat,drive_x0,encoder_pos,enc_period_ref_us,enc_multi_pitch_count,enc_spurious_drop_count,fault_flags,ps_phase,dc_phase,trap_phase,flags
37437600,0.5,0,0,0,0,0,0.297970891,0.297970891,15.9213276,0,8.56254578,8.44330978,0,13.3881769,0,0,246,0,0,0,0,,,,51
37438931,0.5,0,0,0,0,0.0161172152,0.297970891,0.297970891,15.9304171,0,8.57761478,8.44330978,0,13.3881769,0,0,246,0,0,0,0,,,,51
37440061,0.5,0,0,0,0,0.0161172152,0.297970891,0.297970891,15.9304171,0,8.58364296,8.43697548,0,13.3738813,0,0,246,0,0,0,0,,,,51
37441187,0.5,0,0,0,0,0.0161172152,0.297970891,0.297970891,15.9304171,0,8.57158756,8.44542122,0,13.3881769,0,0,246,0,0,0,0,,,,51
37442317,0.5,0,0,0,0,0.00805860758,0.297970891,0.297970891,15.9304171,0,8.55953121,8.45175552,0,13.3953247,0,0,246,0,0,0,0,,,,51
37443444,0.5,0,0,0,0,0.00805860758,0.297970891,0.297970891,15.9258718,0,8.57460117,8.43697548,0,13.3881769,0,0,246,0,0,0,0,,,,51
37444585,0.5,0,0,0,0,0.00805860758,0.297970891,0.297970891,15.9304171,0,8.57460117,8.43064213,0,13.3881769,0,0,246,0,0,0,0,,,,51
37445712,0.5,0,0,0,0,0.00805860758,0.297970891,0.297970891,15.9304171,0,8.56254578,8.43064213,0,13.3953247,0,0,246,0,0,0,0,,,,51
37446841,0.5,0.5,0,0,0.00805860758,0.00805860758,0.297970891,0.297970891,15.9304171,0,8.58665657,8.44964409,0,13.3953247,0,0,246,0,0,0,0,,,,51
37447968,0.5,0,0,0,0,0.00805860758,0.297970891,0.297970891,15.9304171,0,8.5444622,8.44964409,0.00714798551,13.3953247,0,0,246,0,0,0,0,,,,51
37449099,0.5,0,0,0,0,0,0.297970891,0.297970891,15.9304171,0,8.57761478,8.43697548,0,13.3953247,0,0,246,0,0,0,0,,,,51
37450230,0.5,0,0,0,0,0,0.297970891,0.297970891,15.9349623,0,8.56555939,8.44542122,0,13.3953247,0,0,246,0,0,0,0,,,,51
37451360,0.5,0,0,0,0,0.00805860758,0.297970891,0.297970891,15.9304171,0,8.56254578,8.43064213,0,13.3953247,0,0,246,0,0,0,0,,,,51
37452487,0.5,0,0,0,0,0.0161172152,0.297970891,0.297970891,15.9304171,0,8.58062935,8.44330978,0,13.3953247,0,0,246,0,0,0,0,,,,51
37453617,0.5,0,0,0,0,0.0161172152,0.297970891,0.297970891,15.9304171,0,8.56555939,8.43697548,0,13.3881769,0,0,246,0,0,0,0,,,,51
37454744,0.5,0,0,0,0,0.0161172152,0.297970891,0.297970891,15.9304171,0,8.58062935,8.44119835,0,13.3953247,0,0,246,0,0,0,0,,,,51
37455873,0.5,0,0,0,0,0.0161172152,0.297970891,0.297970891,15.9304171,0,8.57761478,8.43486404,0,13.3953247,0,0,246,0,0,0,0,,,,51
37457005,0.5,0,0,0,0,0.00805860758,0.297970891,0.297970891,15.9349623,0,8.56254578,8.43908691,0,13.3881769,0,0,246,0,0,0,0,,,,51
37458135,0.5,0,0,0,0,0.00805860758,0.297970891,0.297970891,15.9304171,0,8.58062935,8.44964409,0,13.3953247,0,0,246,0,0,0,0,,,,51
37459466,0.5,0,0,0,0,0.00805860758,0.297970891,0.297970891,15.9349623,0,8.59268475,8.44119835,0,13.3881769,0,0,246,0,0,0,0,,,,51
37460595,0.5,0,0,0,0,0,0.297970891,0.297970891,15.9349623,0,8.568573,8.44542122,0,13.3953247,0,0,246,0,0,0,0,,,,51
37461722,0.5,0.5,0,0,0.00805860758,0.00805860758,0.297970891,0.297970891,15.9349623,0,8.56254578,8.43908691,0,13.3953247,0,0,246,0,0,0,0,,,,51
37462857,0.5,0,0,0,0,0.00805860758,0.297970891,0.297970891,15.9349623,0,8.56254578,8.44542122,0,13.3953247,0,0,246,0,0,0,0,,,,51
37463983,0.5,0,0,0,0,0.00805860758,0.297970891,0.297970891,15.9304171,0,8.58665657,8.44330978,0,13.3953247,0,0,246,0,0,0,0,,,,51
37465113,0.5,0,0,0,0,0.00805860758,0.297970891,0.297970891,15.9304171,0,8.56555939,8.43275356,0,13.3953247,0,0,246,0,0,0,0,,,,51
37466240,0.5,0,0,0,0,0.0161172152,0.297970891,0.297970891,15.9349623,0,8.58062935,8.44542122,0,13.3953247,0,0,246,0,0,0,0,,,,51
37467370,0.5,0,0,0,0,0.00805860758,0.297970891,0.297970891,15.9349623,0,8.58967113,8.44119835,0,13.3953247,0,0,246,0,0,0,0,,,,51
37468497,0.5,0,0,0,0,0.00805860758,0.297970891,0.297970891,15.9304171,0,8.58967113,8.44964409,0,13.3953247,0,0,246,0,0,0,0,,,,51
37469631,0.5,0,0,0,0,0,0.297970891,0.297970891,15.9304171,0,8.57158756,8.44119835,0,13.3953247,0,0,246,0,0,0,0,,,,51
37470758,0.5,0,0,0,0,0,0.297970891,0.297970891,15.9304171,0,8.57460117,8.44119835,0,13.3953247,0,0,246,0,0,0,0,,,,51
37471888,0.5,1,0,0,0.00805860758,0,0.297970891,0.297970891,15.9304171,0,8.54144764,8.44753265,0,13.3953247,0,0,246,0,0,0,0,,,,51
37473015,0.5,0,0,0,0,0.00805860758,0.297970891,0.297970891,15.9304171,0,8.58062935,8.44330978,0,13.3881769,0,0,246,0,0,0,0,,,,51
37474144,0.5,0,0,0,0,0,0.297970891,0.297970891,15.9304171,0,8.5565176,8.44330978,0,13.3953247,0,0,246,0,0,0,0,,,,51
37475271,0.5,0.5,0,0,0.00805860758,0.00805860758,0.297970891,0.297970891,15.9304171,0,8.5444622,8.44964409,0,13.3881769,0,0,246,0,0,0,0,,,,51
37476406,0.5,0,0,0,0,0.00805860758,0.297970891,0.297970891,15.9304171,0,8.57761478,8.44964409,0,13.3953247,0,0,246,0,0,0,0,,,,51
37477533,0.5,0,0,0,0,0.00805860758,0.297970891,0.297970891,15.9304171,0,8.5444622,8.45175552,0,13.3953247,0,0,246,0,0,0,0,,,,51
37478663,0.5,1,0,0,0.00805860758,0,0.297970891,0.297970891,15.9349623,0,8.57460117,8.44753265,0,13.3953247,0,0,246,0,0,0,0,,,,51
37479994,0.5,0,0,0,0,0.00805860758,0.297970891,0.297970891,15.9304171,0,8.58364296,8.44330978,0,13.3953247,0,0,246,0,0,0,0,,,,51
37481124,0.5,0.5,0,0,0.00805860758,0.00805860758,0.297970891,0.297970891,15.9304171,0,8.55953121,8.44964409,0,13.3953247,0,0,246,0,0,0,0,,,,51
37482255,0.5,0,0,0,0,0,0.297970891,0.297970891,15.9349623,0,8.59268475,8.44964409,0,13.3953247,0,0,246,0,0,0,0,,,,51
37483385,0.5,0,0,0,0,0.00805860758,0.297970891,0.297970891,15.9349623,0,8.58967113,8.44542122,0,13.3953247,0,0,246,0,0,0,0,,,,51
37484512,0.5,0.5,0,0,0.00805860758,0.00805860758,0.297970891,0.297970891,15.9304171,0,8.55953121,8.44330978,0,13.3953247,0,0,246,0,0,0,0,,,,51
37485642,0.5,1,0,0,0.00805860758,0,0.297970891,0.297970891,15.9304171,0,8.59268475,8.44330978,0,13.3953247,0,0,246,0,0,0,0,,,,51
37486769,0.5,0.5,0,0,0.00805860758,0.00805860758,0.297970891,0.297970891,15.9304171,0,8.55953121,8.45175552,0,13.3953247,0,0,246,0,0,0,0,,,,51
37487898,0.5,0,0,0,0,0.00805860758,0.297970891,0.297970891,15.9304171,0,8.58364296,8.44542122,0,13.3953247,0,0,246,0,0,0,0,,,,51
37489030,0.5,0,0,0,0,0.00805860758,0.297970891,0.297970891,15.9304171,0,8.57761478,8.43908691,0,13.3881769,0,0,246,0,0,0,0,,,,51
37490160,0.5,0,0,0,0,0.00805860758,0.297970891,0.297970891,15.9304171,0,8.58967113,8.44330978,0,13.3953247,0,0,246,0,0,0,0,,,,51
37491287,0.5,0.333333343,0,0,0.00805860758,0.0161172152,0.297970891,0.297970891,15.9304171,0,8.58062935,8.44542122,0,13.3953247,0,0,246,0,0,0,0,,,,51
37492417,0.5,0,0,0,0,0.00805860758,0.297970891,0.297970891,15.9304171,0,8.568573,8.44330978,0,13.3953247,0,0,246,0,0,0,0,,,,51
37493544,0.5,0,0,0,0,0.00805860758,0.297970891,0.297970891,15.9349623,0,8.58062935,8.43697548,0,13.3953247,0,0,246,0,0,0,0,,,,51
37494678,0.5,0,0,0,0,0,0.297970891,0.297970891,15.9304171,0,8.5565176,8.44964409,0,13.3953247,0,0,246,0,0,0,0,,,,51
37495805,0.5,0,0,0,0,0.00805860758,0.297970891,0.297970891,15.9304171,0,8.55350399,8.44330978,0,13.3953247,0,0,246,0,0,0,0,,,,51
37496935,0.5,0,0,0,0,0,0.297970891,0.297970891,15.9349623,0,8.57761478,8.44753265,0,13.3953247,0,0,246,0,0,0,0,,,,51
37498061,0.5,0,0,0,0,0.00805860758,0.297970891,0.297970891,15.9304171,0,8.5565176,8.44753265,0,13.3881769,0,0,246,0,0,0,0,,,,51
37499191,0.5,1,0,0,0.00805860758,0,0.297970891,0.297970891,15.9349623,0,8.58062935,8.43697548,0,13.3953247,0,0,246,0,0,0,0,,,,51
37500318,0.5,0,0,0,0,0.00805860758,0.297970891,0.297970891,15.9304171,0,8.568573,8.44542122,0,13.3953247,0,0,246,0,0,0,0,,,,51
37501657,0.5,0.5,0,0,0.00805860758,0.00805860758,0.297970891,0.297970891,15.9304171,0,8.57158756,8.44542122,0,13.3953247,0,0,246,0,0,0,0,,,,51
37502784,0.5,0.5,0,0,0.00805860758,0.00805860758,0.297970891,0.297970891,15.9349623,0,8.58364296,8.44753265,0,13.3953247,0,0,246,0,0,0,0,,,,51
37503913,0.5,0,0,0,0,0.00805860758,0.297970891,0.297970891,15.9349623,0,8.568573,8.44964409,0,13.3953247,0,0,246,0,0,0,0,,,,51
37505040,0.5,0,0,0,0,0.00805860758,0.297970891,0.297970891,15.9304171,0,8.55953121,8.43908691,0,13.3881769,0,0,246,0,0,0,0,,,,51
37506170,0.5,0,0,0,0,0.00805860758,0.297970891,0.297970891,15.9304171,0,8.54144764,8.44542122,0,13.3953247,0,0,246,0,0,0,0,,,,51
37507302,0.5,0,0,0,0,0.00805860758,0.297970891,0.297970891,15.9304171,0,8.56555939,8.43908691,0,13.3953247,0,0,246,0,0,0,0,,,,51
37508432,0.5,1,0,0,0.00805860758,0,0.297970891,0.297970891,15.9304171,0,8.58364296,8.44119835,0,13.4024725,0,0,246,0,0,0,0,,,,51
37509559,0.5,1,0,0,0.00805860758,0,0.297970891,0.297970891,15.9304171,0,8.56254578,8.44964409,0,13.3953247,0,0,246,0,0,0,0,,,,51
37510689,0.5,0,0,0,0,0,0.297970891,0.297970891,15.9304171,0,8.52637863,8.44753265,0,13.3953247,0,0,246,0,0,0,0,,,,51
37511815,0.5,1,0,0,0.0161172152,0,0.297970891,0.297970891,15.9349623,0,8.53843403,8.44964409,0,13.3881769,0,0,246,0,0,0,0,,,,51
37512946,0.5,0,0,0,0,0,0.297970891,0.297970891,15.9304171,0,8.57761478,8.44330978,0,13.3953247,0,0,246,0,0,0,0,,,,51
37514077,0.5,1,0,0,0.00805860758,0,0.297970891,0.297970891,15.9349623,0,8.5565176,8.45175552,0,13.3738813,0,0,246,0,0,0,0,,,,51
37515207,0.5,1,0,0,0.00805860758,0,0.297970891,0.297970891,15.9258718,0,8.57158756,8.45175552,0,13.3953247,0,0,246,0,0,0,0,,,,51
37516334,0.5,1,0,0,0.00805860758,0,0.297970891,0.297970891,15.9304171,0,8.55350399,8.45175552,0,13.3953247,0,0,246,0,0,0,0,,,,51
37517464,0.5,1,0,0,0.00805860758,0,0.297970891,0.297970891,15.9304171,0,8.57158756,8.44330978,0,13.3953247,0,0,246,0,0,0,0,,,,51
37518591,0.5,0,0,0,0,0,0.297970891,0.297970891,15.9349623,0,8.56254578,8.44330978,0,13.3953247,0,0,246,0,0,0,0,,,,51
37519725,0.5,0,0,0,0,0.00805860758,0.297970891,0.297970891,15.9304171,0,8.54747581,8.44964409,0,13.3953247,0,0,246,0,0,0,0,,,,51
37520852,0.5,1,0,0,0.00805860758,0,0.297970891,0.297970891,15.9304171,0,8.59268475,8.44753265,0,13.3953247,0,0,246,0,0,0,0,,,,51
37522186,0.5,0.5,0,0,0.00805860758,0.00805860758,0.297970891,0.297970891,15.9304171,0,8.58364296,8.43486404,0,13.3953247,0,0,246,0,0,0,0,,,,51
37523313,0.5,0,0,0,0,0.00805860758,0.297970891,0.297970891,15.9304171,0,8.56254578,8.44542122,0,13.3953247,0,0,246,0,0,0,0,,,,51
37524443,0.5,0,0,0,0,0.00805860758,0.297970891,0.297970891,15.9304171,0,8.58967113,8.43908691,0,13.3881769,0,0,246,0,0,0,0,,,,51
37525570,0.5,0.5,0,0,0.00805860758,0.00805860758,0.297970891,0.297970891,15.9304171,0,8.568573,8.44964409,0,13.3953247,0,0,246,0,0,0,0,,,,51
37526704,0.5,0,0,0,0,0.00805860758,0.297970891,0.297970891,15.9304171,0,8.58364296,8.43908691,0,13.3953247,0,0,246,0,0,0,0,,,,51
37527831,0.5,0,0,0,0,0.00805860758,0.297970891,0.297970891,15.9304171,0,8.568573,8.43908691,0,13.3953247,0,0,246,0,0,0,0,,,,51
37528961,0.5,0,0,0,0,0.00805860758,0.297970891,0.297970891,15.9304171,0,8.58062935,8.44119835,0,13.3953247,0,0,246,0,0,0,0,,,,51
37530088,0.5,0,0,0,0,0.0161172152,0.297970891,0.297970891,15.9349623,0,8.57761478,8.44330978,0,13.3953247,0,0,246,0,0,0,0,,,,51
37531218,0.5,0,0,0,0,0,0.297970891,0.297970891,15.9349623,0,8.57761478,8.44119835,0,13.3953247,0,0,246,0,0,0,0,,,,51
37532344,0.5,0,0,0,0,0.0161172152,0.297970891,0.297970891,15.9258718,0,8.568573,8.43697548,0,13.3953247,0,0,246,0,0,0,0,,,,51
37533479,0.5,0,0,0,0,0.00805860758,0.297970891,0.297970891,15.9304171,0,8.58364296,8.44119835,0,13.3881769,0,0,246,0,0,0,0,,,,51
37534606,0.5,0.5,0,0,0.00805860758,0.00805860758,0.297970891,0.297970891,15.9304171,0,8.56254578,8.43908691,0,13.3953247,0,0,246,0,0,0,0,,,,51
37535736,0.5,0,0,0,0,0.00805860758,0.297970891,0.297970891,15.9304171,0,8.56555939,8.44119835,0,13.3953247,0,0,246,0,0,0,0,,,,51
37536862,0.5,0,0,0,0,0,0.297970891,0.297970891,15.9304171,0,8.56254578,8.44330978,0,13.3953247,0,0,246,0,0,0,0,,,,51
37537992,0.5,0,0,0,0,0,0.297970891,0.297970891,15.9304171,0,8.56555939,8.43908691,0,13.3953247,0,0,246,0,0,0,0,,,,51
37539124,0.5,0.5,0,0,0.00805860758,0.00805860758,0.297970891,0.297970891,15.9304171,0,8.56254578,8.43064213,0,13.3953247,0,0,246,0,0,0,0,,,,51
37540254,0.5,0.5,0,0,0.00805860758,0.00805860758,0.297970891,0.297970891,15.9304171,0,8.55953121,8.43697548,0,13.3953247,0,0,246,0,0,0,0,,,,51
37541381,0.5,0,0,0,0,0,0.297970891,0.297970891,15.9304171,0,8.58062935,8.44542122,0,13.3953247,0,0,246,0,0,0,0,,,,51
37542511,0.5,0,0,0,0,0.00805860758,0.297970891,0.297970891,15.9304171,0,8.57761478,8.44330978,0,13.3953247,0,0,246,0,0,0,0,,,,51
37543842,0.5,0,0,0,0,0.00805860758,0.297970891,0.297970891,15.9304171,0,8.58967113,8.43275356,0,13.3953247,0,0,246,0,0,0,0,,,,51
37544971,0.5,0,0,0,0,0.00805860758,0.297970891,0.297970891,15.9304171,0,8.57158756,8.43908691,0,13.3953247,0,0,246,0,0,0,0,,,,51
37546103,0.5,0,0,0,0,0.0161172152,0.297970891,0.297970891,15.9304171,0,8.56555939,8.43908691,0,13.3953247,0,0,246,0,0,0,0,,,,51
37547233,0.5,0,0,0,0,0.00805860758,0.297970891,0.297970891,15.9349623,0,8.568573,8.44542122,0,13.3953247,0,0,246,0,0,0,0,,,,51
37548360,0.5,0,0,0,0,0.00805860758,0.297970891,0.297970891,15.9304171,0,8.58364296,8.43908691,0,13.3953247,0,0,246,0,0,0,0,,,,51
37549490,0.5,0,0,0,0,0.00805860758,0.297970891,0.297970891,15.9258718,0,8.57761478,8.44753265,0,13.3953247,0,0,246,0,0,0,0,,,,51
37550617,0.5,0,0,0,0,0,0.297970891,0.297970891,15.9304171,0,8.57761478,8.43275356,0,13.3953247,0,0,246,0,0,0,0,,,,51
37551751,0.5,0,0,0,0,0,0.297970891,0.297970891,15.9304171,0,8.57158756,8.45175552,0,13.3953247,0,0,246,0,0,0,0,,,,51
37552878,0.5,0,0,0,0,0.00805860758,0.297970891,0.297970891,15.9304171,0,8.568573,8.44753265,0,13.3953247,0,0,246,0,0,0,0,,,,51
37554008,0.5,0,0,0,0,0.00805860758,0.297970891,0.297970891,15.9258718,0,8.5565176,8.43697548,0,13.3953247,0,0,246,0,0,0,0,,,,51
37555135,0.5,0,0,0,0,0,0.297970891,0.297970891,15.9304171,0,8.56254578,8.44119835,0,13.3953247,0,0,246,0,0,0,0,,,,51
37556265,0.5,1,0,0,0.00805860758,0,0.297970891,0.297970891,15.9304171,0,8.57460117,8.44753265,0,13.3953247,0,0,246,0,0,0,0,,,,51
37557392,0.5,1,0,0,0.00805860758,0,0.297970891,0.297970891,15.9304171,0,8.57761478,8.44753265,0,13.3953247,0,0,246,0,0,0,0,,,,51
37558526,0.5,0,0,0,0,0.00805860758,0.297970891,0.297970891,15.9304171,0,8.56254578,8.44964409,0,13.3881769,0,0,246,0,0,0,0,,,,51
37559653,0.5,0,0,0,0,0,0.297970891,0.297970891,15.9304171,0,8.58665657,8.45386696,0,13.3953247,0,0,246,0,0,0,0,,,,51
37560783,0.5,0.5,0,0,0.00805860758,0.00805860758,0.297970891,0.297970891,15.9304171,0,8.56555939,8.44542122,0,13.3953247,0,0,246,0,0,0,0,,,,51
37561909,0.5,0.5,0,0,0.00805860758,0.00805860758,0.297970891,0.297970891,15.9304171,0,8.59268475,8.43486404,0,13.3953247,0,0,246,0,0,0,0,,,,51
37563039,0.5,0,0,0,0,0,0.297970891,0.297970891,15.9304171,0,8.54144764,8.43275356,0,13.3810291,0,0,246,0,0,0,0,,,,51
37564375,0.5,0,0,0,0,0,0.297970891,0.297970891,15.9304171,0,8.56254578,8.43064213,0,13.3953247,0,0,246,0,0,0,0,,,,51
37565505,0.5,1,0,0,0.00805860758,0,0.297970891,0.297970891,15.9349623,0,8.5444622,8.44542122,0,13.3953247,0,0,246,0,0,0,0,,,,51
37566632,0.5,0.5,0,0,0.00805860758,0.00805860758,0.297970891,0.297970891,15.9349623,0,8.57460117,8.44119835,0,13.3953247,0,0,246,0,0,0,0,,,,51
37567761,0.5,1,0,0,0.00805860758,0,0.297970891,0.297970891,15.9304171,0,8.55048943,8.44119835,0,13.3953247,0,0,246,0,0,0,0,,,,51
37568888,0.5,0.5,0,0,0.00805860758,0.00805860758,0.297970891,0.297970891,15.9349623,0,8.55350399,8.44964409,0,13.3953247,0,0,246,0,0,0,0,,,,51
37570018,0.5,0,0,0,0,0,0.297970891,0.297970891,15.9304171,0,8.56555939,8.44753265,0,13.3953247,0,0,246,0,0,0,0,,,,51
37571150,0.5,1,0,0,0.00805860758,0,0.297970891,0.297970891,15.9349623,0,8.568573,8.44330978,0,13.3953247,0,0,246,0,0,0,0,,,,51
37572280,0.5,0,0,0,0,0,0.297970891,0.297970891,15.9258718,0,8.56555939,8.44542122,0,13.3953247,0,0,246,0,0,0,0,,,,51
37573407,0.5,0,0,0,0,0.00805860758,0.297970891,0.297970891,15.9304171,0,8.57158756,8.45175552,0,13.4024725,0,0,246,0,0,0,0,,,,51
37574536,0.5,0,0,0,0,0,0.297970891,0.297970891,15.9304171,0,8.58062935,8.44964409,0,13.3953247,0,0,246,0,0,0,0,,,,51
37575663,0.5,0,0,0,0,0.00805860758,0.297970891,0.297970891,15.9304171,0,8.56555939,8.44119835,0,13.3953247,0,0,246,0,0,0,0,,,,51
37576793,0.5,0.333333343,0,0,0.00805860758,0.0161172152,0.297970891,0.297970891,15.9304171,0,8.57460117,8.43486404,0,13.3953247,0,0,246,0,0,0,0,,,,51
37577925,0.5,0,0,0,0,0.00805860758,0.297970891,0.297970891,15.9304171,0,8.56254578,8.43697548,0,13.3953247,0,0,246,0,0,0,0,,,,51
37579055,0.5,0,0,0,0,0.00805860758,0.297970891,0.297970891,15.9304171,0,8.55350399,8.44330978,0,13.3810291,0,0,246,0,0,0,0,,,,51
37580181,0.5,0,0,0,0,0.00805860758,0.297970891,0.297970891,15.9304171,0,8.59569836,8.43486404,0,13.3953247,0,0,246,0,0,0,0,,,,51
37581311,0.5,0,0,0,0,0,0.297970891,0.297970891,15.9304171,0,8.5565176,8.44119835,0,13.3953247,0,0,246,0,0,0,0,,,,51
37582438,0.5,0,0,0,0,0.00805860758,0.297970891,0.297970891,15.9304171,0,8.55048943,8.44542122,0,13.3953247,0,0,246,0,0,0,0,,,,51
37583572,0.5,0.5,0,0,0.00805860758,0.00805860758,0.297970891,0.297970891,15.9304171,0,8.56254578,8.44964409,0,13.3953247,0,0,246,0,0,0,0,,,,51
37584903,0.5,0,0,0,0,0,0.297970891,0.297970891,15.9304171,0,8.57158756,8.45175552,0,13.3953247,0,0,246,0,0,0,0,,,,51
37586033,0.5,0,0,0,0,0,0.297970891,0.297970891,15.9304171,0,8.5565176,8.44753265,0,13.3810291,0,0,246,0,0,0,0,,,,51
37587160,0.5,0,0,0,0,0.00805860758,0.297970891,0.297970891,15.9304171,0,8.58062935,8.43486404,0,13.3953247,0,0,246,0,0,0,0,,,,51
37588290,0.5,1,0,0,0.00805860758,0,0.297970891,0.297970891,15.9304171,0,8.55048943,8.43908691,0,13.3881769,0,0,246,0,0,0,0,,,,51
37589416,0.5,1,0,0,0.00805860758,0,0.297970891,0.297970891,15.9304171,0,8.53240585,8.44753265,0,13.3953247,0,0,246,0,0,0,0,,,,51
37590551,0.5,1,0,0,0.00805860758,0,0.297970891,0.297970891,15.9304171,0,8.55953121,8.45597839,0,13.3953247,0,0,246,0,0,0,0,,,,51
37591678,0.5,0,0,0,0,0,0.297970891,0.297970891,15.9304171,0,8.53240585,8.44542122,0,13.3953247,0,0,246,0,0,0,0,,,,51
37592807,0.5,0,0,0,0,0,0.297970891,0.297970891,15.9304171,0,8.56254578,8.43908691,0,13.3953247,0,0,246,0,0,0,0,,,,51
37593934,0.5,0,0,0,0,0,0.297970891,0.297970891,15.9258718,0,8.58364296,8.45386696,0,13.3953247,0,0,246,0,0,0,0,,,,51
37595064,0.5,0,0,0,0,0.00805860758,0.297970891,0.297970891,15.9304171,0,8.56254578,8.44119835,0,13.3738813,0,0,246,0,0,0,0,,,,51
37596196,0.5,0.5,0,0,0.00805860758,0.00805860758,0.297970891,0.297970891,15.9304171,0,8.55350399,8.44753265,0,13.3953247,0,0,246,0,0,0,0,,,,51
37597326,0.5,0,0,0,0,0,0.297970891,0.297970891,15.9304171,0,8.55953121,8.43697548,0,13.3953247,0,0,246,0,0,0,0,,,,51
37598453,0.5,1,0,0,0.00805860758,0,0.297970891,0.297970891,15.9304171,0,8.57761478,8.44964409,0,13.3953247,0,0,246,0,0,0,0,,,,51
37599583,0.5,0,0,0,0,0,0.297970891,0.297970891,15.9304171,0,8.55953121,8.44753265,0,13.3953247,0,0,246,0,0,0,0,,,,51
37600709,0.5,0.5,0,0,0.00805860758,0.00805860758,0.297970891,0.297970891,15.9304171,0,8.54747581,8.44964409,0,13.3953247,0,0,246,0,0,0,0,,,,51
37601839,0.5,0,0,0,0,0,0.297970891,0.297970891,15.9304171,0,8.56254578,8.44119835,0,13.3953247,0,0,246,0,0,0,0,,,,51
37602971,0.5,0,0,0,0,0,0.297970891,0.297970891,15.9304171,0,8.568573,8.44330978,0,13.3881769,0,0,246,0,0,0,0,,,,51
37604101,0.5,1,0,0,0.00805860758,0,0.297970891,0.297970891,15.9304171,0,8.57460117,8.44542122,0,13.3953247,0,0,246,0,0,0,0,,,,51
37605228,0.5,0,0,0,0,0.00805860758,0.297970891,0.297970891,15.9258718,0,8.57460117,8.43908691,0,13.3953247,0,0,246,0,0,0,0,,,,51
37606562,0.5,1,0,0,0.00805860758,0,0.297970891,0.297970891,15.9304171,0,8.56555939,8.44330978,0,13.3953247,0,0,246,0,0,0,0,,,,51
37607689,0.5,1,0,0,0.00805860758,0,0.297970891,0.297970891,15.9349623,0,8.56555939,8.43908691,0,13.3953247,0,0,246,0,0,0,0,,,,51
37608823,0.5,0,0,0,0,0,0.297970891,0.297970891,15.9304171,0,8.56254578,8.44330978,0,13.3953247,0,0,246,0,0,0,0,,,,51
37609951,0.5,0,0,0,0,0.00805860758,0.297970891,0.297970891,15.9304171,0,8.57158756,8.43908691,0,13.3953247,0,0,246,0,0,0,0,,,,51
37611080,0.5,0,0,0,0,0.00805860758,0.297970891,0.297970891,15.9304171,0,8.57761478,8.44753265,0,13.3738813,0,0,246,0,0,0,0,,,,51
37612207,0.5,0,0,0,0,0.00805860758,0.297970891,0.297970891,15.9258718,0,8.57158756,8.44119835,0,13.3953247,0,0,246,0,0,0,0,,,,51
37613337,0.5,0,0,0,0,0,0.297970891,0.297970891,15.9304171,0,8.5565176,8.44330978,0,13.3953247,0,0,246,0,0,0,0,,,,51
37614464,0.5,0,0,0,0,0,0.297970891,0.297970891,15.9304171,0,8.55953121,8.44964409,0,13.3953247,0,0,246,0,0,0,0,,,,51
37615598,0.5,0,0,0,0,0,0.297970891,0.297970891,15.9304171,0,8.55048943,8.45175552,0,13.3953247,0,0,246,0,0,0,0,,,,51
37616725,0.5,0,0,0,0,0,0.297970891,0.297970891,15.9304171,0,8.57761478,8.45597839,0,13.3881769,0,0,246,0,0,0,0,,,,51
37617854,0.5,0,0,0,0,0.00805860758,0.297970891,0.297970891,15.9349623,0,8.56555939,8.43908691,0,13.3953247,0,0,246,0,0,0,0,,,,51
37618982,0.5,0,0,0,0,0.00805860758,0.297970891,0.297970891,15.9349623,0,8.568573,8.43486404,0,13.3953247,0,0,246,0,0,0,0,,,,51
37620111,0.5,0,0,0,0,0,0.297970891,0.297970891,15.9304171,0,8.58665657,8.44330978,0,13.3953247,0,0,246,0,0,0,0,,,,51
37621238,0.5,0.666666687,0,0,0.0161172152,0.00805860758,0.297970891,0.297970891,15.9349623,0,8.54747581,8.44753265,0,13.3953247,0,0,246,0,0,0,0,,,,51
37622373,0.5,0,0,0,0,0.00805860758,0.297970891,0.297970891,15.9304171,0,8.57460117,8.44542122,0,13.3953247,0,0,246,0,0,0,0,,,,51
37623500,0.5,0,0,0,0,0,0.297970891,0.297970891,15.9304171,0,8.5565176,8.44753265,0,13.3953247,0,0,246,0,0,0,0,,,,51
37624629,0.5,0.5,0,0,0.00805860758,0.00805860758,0.297970891,0.297970891,15.9304171,0,8.57158756,8.44330978,0,13.3953247,0,0,246,0,0,0,0,,,,51
37625756,0.5,0,0,0,0,0,0.297970891,0.297970891,15.9304171,0,8.58062935,8.45386696,0,13.3953247,0,0,246,0,0,0,0,,,,51
37627090,0.5,0,0,0,0,0.00805860758,0.297970891,0.297970891,15.9349623,0,8.58364296,8.44753265,0,13.3953247,0,0,246,0,0,0,0,,,,51
37628222,0.5,1,0,0,0.00805860758,0,0.297970891,0.297970891,15.9304171,0,8.5444622,8.45386696,0,13.3953247,0,0,246,0,0,0,0,,,,51
37629351,0.5,0,0,0,0,0,0.297970891,0.297970891,15.9304171,0,8.56555939,8.44330978,0,13.3953247,0,0,246,0,0,0,0,,,,51
37630478,0.5,0,0,0,0,0,0.297970891,0.297970891,15.9349623,0,8.55953121,8.44753265,0,13.3953247,0,0,246,0,0,0,0,,,,51
37631608,0.5,0,0,0,0,0,0.297970891,0.297970891,15.9304171,0,8.57158756,8.44542122,0,13.3953247,0,0,246,0,0,0,0,,,,51
37632735,0.5,1,0,0,0.00805860758,0,0.297970891,0.297970891,15.9304171,0,8.55953121,8.44330978,0,13.3953247,0,0,246,0,0,0,0,,,,51
37633865,0.5,0.5,0,0,0.00805860758,0.00805860758,0.297970891,0.297970891,15.9304171,0,8.568573,8.44542122,0,13.3881769,0,0,246,0,0,0,0,,,,51
37634997,0.5,0,0,0,0,0.0161172152,0.297970891,0.297970891,15.9304171,0,8.57761478,8.43908691,0,13.3953247,0,0,246,0,0,0,0,,,,51
37636127,0.5,0,0,0,0,0.00805860758,0.297970891,0.297970891,15.9349623,0,8.57460117,8.45175552,0,13.3953247,0,0,246,0,0,0,0,,,,51
37637254,0.5,0,0,0,0,0.00805860758,0.297970891,0.297970891,15.9304171,0,8.5565176,8.44330978,0,13.3953247,0,0,246,0,0,0,0,,,,51
37638384,0.5,0,0,0,0,0.0161172152,0.297970891,0.297970891,15.9304171,0,8.56254578,8.43908691,0,13.3953247,0,0,246,0,0,0,0,,,,51
37639510,0.5,0,0,0,0,0,0.297970891,0.297970891,15.9304171,0,8.58967113,8.43908691,0,13.3881769,0,0,246,0,0,0,0,,,,51
37640645,0.5,0,0,0,0,0.00805860758,0.297970891,0.297970891,15.9304171,0,8.57460117,8.43908691,0,13.3953247,0,0,246,0,0,0,0,,,,51
37641772,0.5,0,0,0,0,0.00805860758,0.297970891,0.297970891,15.9304171,0,8.5565176,8.44753265,0,13.3953247,0,0,246,0,0,0,0,,,,51
37642901,0.5,0,0,0,0,0.00805860758,0.297970891,0.297970891,15.9349623,0,8.58364296,8.43275356,0,13.3953247,0,0,246,0,0,0,0,,,,51
37644028,0.5,0,0,0,0,0.00805860758,0.297970891,0.297970891,15.9304171,0,8.55350399,8.43908691,0,13.3881769,0,0,246,0,0,0,0,,,,51
37645158,0.5,0,0,0,0,0.00805860758,0.297970891,0.297970891,15.9304171,0,8.56555939,8.43486404,0,13.3953247,0,0,246,0,0,0,0,,,,51
37646285,0.5,0,0,0,0,0.00805860758,0.297970891,0.297970891,15.9304171,0,8.57761478,8.44119835,0,13.3953247,0,0,246,0,0,0,0,,,,51
37647420,0.5,0,0,0,0,0.0161172152,0.297970891,0.297970891,15.9304171,0,8.57761478,8.44119835,0,13.3953247,0,0,246,0,0,0,0,,,,51
37648751,0.5,0,0,0,0,0.0161172152,0.297970891,0.297970891,15.9304171,0,8.58062935,8.43908691,0,13.3953247,0,0,246,0,0,0,0,,,,51
37649881,0.5,0,0,0,0,0.0161172152,0.297970891,0.297970891,15.9304171,0,8.58062935,8.43697548,0,13.3953247,0,0,246,0,0,0,0,,,,51
37651007,0.5,0,0,0,0,0.0161172152,0.297970891,0.297970891,15.9349623,0,8.58967113,8.45175552,0,13.3953247,0,0,246,0,0,0,0,,,,51
37652137,0.5,0,0,0,0,0.00805860758,0.297970891,0.297970891,15.9349623,0,8.58967113,8.43275356,0,13.3953247,0,0,246,0,0,0,0,,,,51
37653269,0.5,0,0,0,0,0.00805860758,0.297970891,0.297970891,15.9349623,0,8.53542042,8.44964409,0,13.3953247,0,0,246,0,0,0,0,,,,51
37654399,0.5,1,0,0,0.00805860758,0,0.297970891,0.297970891,15.9349623,0,8.56254578,8.44119835,0,13.3953247,0,0,246,0,0,0,0,,,,51
37655526,0.5,0.5,0,0,0.00805860758,0.00805860758,0.297970891,0.297970891,15.9304171,0,8.568573,8.45175552,0,13.3953247,0,0,246,0,0,0,0,,,,51
37656656,0.5,1,0,0,0.00805860758,0,0.297970891,0.297970891,15.9304171,0,8.57761478,8.45386696,0,13.3953247,0,0,246,0,0,0,0,,,,51
37657783,0.5,0.5,0,0,0.00805860758,0.00805860758,0.297970891,0.297970891,15.9304171,0,8.57460117,8.44542122,0,13.3953247,0,0,246,0,0,0,0,,,,51
37658913,0.5,0,0,0,0,0,0.297970891,0.297970891,15.9349623,0,8.58062935,8.44542122,0,13.3953247,0,0,246,0,0,0,0,,,,51
37660045,0.5,0,0,0,0,0,0.297970891,0.297970891,15.9304171,0,8.55048943,8.44119835,0,13.3810291,0,0,246,0,0,0,0,,,,51
37661174,0.5,0,0,0,0,0.00805860758,0.297970891,0.297970891,15.9304171,0,8.57460117,8.44119835,0,13.3953247,0,0,246,0,0,0,0,,,,51
37662301,0.5,0,0,0,0,0.00805860758,0.297970891,0.297970891,15.9304171,0,8.568573,8.43486404,0,13.4024725,0,0,246,0,0,0,0,,,,51
37663431,0.5,0,0,0,0,0.00805860758,0.297970891,0.297970891,15.9304171,0,8.55350399,8.44330978,0,13.3953247,0,0,246,0,0,0,0,,,,51
37664558,0.5,0,0,0,0,0.00805860758,0.297970891,0.297970891,15.9304171,0,8.58364296,8.44330978,0,13.3953247,0,0,246,0,0,0,0,,,,51
37665692,0.5,0.5,0,0,0.00805860758,0.00805860758,0.297970891,0.297970891,15.9304171,0,8.56254578,8.45386696,0,13.3953247,0,0,246,0,0,0,0,,,,51
37666819,0.5,0,0,0,0,0.00805860758,0.297970891,0.297970891,15.9304171,0,8.53843403,8.45175552,0,13.3953247,0,0,246,0,0,0,0,,,,51
37667948,0.5,1,0,0,0.00805860758,0,0.297970891,0.297970891,15.9304171,0,8.56254578,8.43486404,0,13.3953247,0,0,246,0,0,0,0,,,,51
37669280,0.5,0,0,0,0,0.00805860758,0.297970891,0.297970891,15.9349623,0,8.55953121,8.43064213,0,13.3953247,0,0,246,0,0,0,0,,,,51
37670409,0.5,0,0,0,0,0.00805860758,0.297970891,0.297970891,15.9304171,0,8.58062935,8.44542122,0,13.3881769,0,0,246,0,0,0,0,,,,51
37671536,0.5,0,0,0,0,0.00805860758,0.297970891,0.297970891,15.9349623,0,8.57158756,8.43908691,0,13.3953247,0,0,246,0,0,0,0,,,,51
37672671,0.5,0.5,0,0,0.00805860758,0.00805860758,0.297970891,0.297970891,15.9304171,0,8.568573,8.44542122,0,13.3953247,0,0,246,0,0,0,0,,,,51
37673798,0.5,0.5,0,0,0.00805860758,0.00805860758,0.297970891,0.297970891,15.9304171,0,8.56254578,8.43697548,0,13.3953247,0,0,246,0,0,0,0,,,,51
37674928,0.5,0,0,0,0,0.00805860758,0.297970891,0.297970891,15.9304171,0,8.58967113,8.44119835,0,13.3953247,0,0,246,0,0,0,0,,,,51
37676055,0.5,1,0,0,0.00805860758,0,0.297970891,0.297970891,15.9304171,0,8.58364296,8.44964409,0,13.3810291,0,0,246,0,0,0,0,,,,51
37677184,0.5,0,0,0,0,0,0.297970891,0.297970891,15.9304171,0,8.53542042,8.45175552,0,13.4024725,0,0,246,0,0,0,0,,,,51
37678311,0.5,0,0,0,0,0,0.297970891,0.297970891,15.9304171,0,8.59268475,8.44119835,0,13.4024725,0,0,246,0,0,0,0,,,,51
37679446,0.5,0,0,0,0,0.00805860758,0.297970891,0.297970891,15.9304171,0,8.58665657,8.44119835,0,13.3953247,0,0,246,0,0,0,0,,,,51
37680572,0.5,0,0,0,0,0.00805860758,0.297970891,0.297970891,15.9304171,0,8.55953121,8.43486404,0,13.3953247,0,0,246,0,0,0,0,,,,51
37681702,0.5,0,0,0,0,0.00805860758,0.297970891,0.297970891,15.9304171,0,8.568573,8.44330978,0,13.3953247,0,0,246,0,0,0,0,,,,51
37682829,0.5,0,0,0,0,0.00805860758,0.297970891,0.297970891,15.9258718,0,8.568573,8.43908691,0,13.3953247,0,0,246,0,0,0,0,,,,51
37683959,0.5,0,0,0,0,0.00805860758,0.297970891,0.297970891,15.9304171,0,8.568573,8.43697548,0,13.3953247,0,0,246,0,0,0,0,,,,51
37685091,0.5,0,0,0,0,0.00805860758,0.297970891,0.297970891,15.9304171,0,8.568573,8.44119835,0,13.3953247,0,0,246,0,0,0,0,,,,51
37686221,0.5,0,0,0,0,0.00805860758,0.297970891,0.297970891,15.9349623,0,8.57460117,8.44119835,0,13.3953247,0,0,246,0,0,0,0,,,,51
37687347,0.5,0,0,0,0,0,0.297970891,0.297970891,15.9304171,0,8.57460117,8.45175552,0,13.3953247,0,0,246,0,0,0,0,,,,51
37688477,0.5,0,0,0,0,0.00805860758,0.297970891,0.297970891,15.9349623,0,8.57761478,8.44330978,0,13.3953247,0,0,246,0,0,0,0,,,,51
37689808,0.5,1,0,0,0.00805860758,0,0.297970891,0.297970891,15.9304171,0,8.57460117,8.43486404,0,13.3953247,0,0,246,0,0,0,0,,,,51
37690938,0.5,0,0,0,0,0,0.297970891,0.297970891,15.9304171,0,8.57761478,8.44753265,0,13.3953247,0,0,246,0,0,0,0,,,,51
37692070,0.5,0,0,0,0,0.00805860758,0.297970891,0.297970891,15.9304171,0,8.5565176,8.43908691,0,13.3738813,0,0,246,0,0,0,0,,,,51
37693199,0.5,0,0,0,0,0.00805860758,0.297970891,0.297970891,15.9304171,0,8.59871292,8.44119835,0,13.3953247,0,0,246,0,0,0,0,,,,51
37694326,0.5,0.5,0,0,0.00805860758,0.00805860758,0.297970891,0.297970891,15.9304171,0,8.56254578,8.44542122,0,13.3953247,0,0,246,0,0,0,0,,,,51
37695456,0.5,0,0,0,0,0.00805860758,0.297970891,0.297970891,15.9304171,0,8.57158756,8.43697548,0,13.3953247,0,0,246,0,0,0,0,,,,51
37696583,0.5,0,0,0,0,0,0.297970891,0.297970891,15.9304171,0,8.57158756,8.43064213,0,13.3953247,0,0,246,0,0,0,0,,,,51
37697717,0.5,0.5,0,0,0.00805860758,0.00805860758,0.297970891,0.297970891,15.9304171,0,8.56254578,8.44330978,0,13.3953247,0,0,246,0,0,0,0,,,,51
37698845,0.5,0,0,0,0,0,0.297970891,0.297970891,15.9304171,0,8.57761478,8.44753265,0,13.3881769,0,0,246,0,0,0,0,,,,51
37699974,0.5,0,0,0,0,0,0.297970891,0.297970891,15.9304171,0,8.57158756,8.45175552,0,13.3953247,0,0,246,0,0,0,0,,,,51
37701101,0.5,0.333333343,0,0,0.00805860758,0.0161172152,0.297970891,0.297970891,15.9304171,0,8.55953121,8.44542122,0,13.3953247,0,0,246,0,0,0,0,,,,51
37702231,0.5,0,0,0,0,0.00805860758,0.297970891,0.297970891,15.9258718,0,8.56555939,8.44753265,0,13.3881769,0,0,246,0,0,0,0,,,,51
37703358,0.5,0,0,0,0,0,0.297970891,0.297970891,15.9304171,0,8.59268475,8.45175552,0,13.3953247,0,0,246,0,0,0,0,,,,51
37704492,0.5,1,0,0,0.00805860758,0,0.297970891,0.297970891,15.9304171,0,8.568573,8.45175552,0,13.3953247,0,0,246,0,0,0,0,,,,51
37705619,0.5,0,0,0,0,0,0.297970891,0.297970891,15.9304171,0,8.55048943,8.43697548,0,13.3953247,0,0,246,0,0,0,0,,,,51
37706749,0.5,0,0,0,0,0,0.297970891,0.297970891,15.9304171,0,8.5565176,8.44119835,0,13.3881769,0,0,246,0,0,0,0,,,,51
37707876,0.5,1,0,0,0.00805860758,0,0.297970891,0.297970891,15.9304171,0,8.56555939,8.44753265,0,13.3953247,0,0,246,0,0,0,0,,,,51
37709006,0.5,0,0,0,0,0,0.297970891,0.297970891,15.9304171,0,8.58062935,8.44119835,0,13.3953247,0,0,246,0,0,0,0,,,,51
37710138,0.5,1,0,0,0.00805860758,0,0.297970891,0.297970891,15.9304171,0,8.568573,8.45597839,0,13.3953247,0,0,246,0,0,0,0,,,,51
37711471,0.5,1,0,0,0.00805860758,0,0.297970891,0.297970891,15.9304171,0,8.56254578,8.44542122,0,13.4024725,0,0,246,0,0,0,0,,,,51
37712599,0.5,0,0,0,0,0,0.297970891,0.297970891,15.9304171,0,8.54144764,8.44119835,0,13.3953247,0,0,246,0,0,0,0,,,,51
37713728,0.5,1,0,0,0.00805860758,0,0.297970891,0.297970891,15.9304171,0,8.5565176,8.44542122,0,13.3953247,0,0,246,0,0,0,0,,,,51
37714855,0.5,1,0,0,0.00805860758,0,0.297970891,0.297970891,15.9258718,0,8.55350399,8.45175552,0,13.3953247,0,0,246,0,0,0,0,,,,51
37715985,0.5,1,0,0,0.00805860758,0,0.297970891,0.297970891,15.9304171,0,8.56555939,8.43697548,0,13.3953247,0,0,246,0,0,0,0,,,,51
37717117,0.5,1,0,0,0.0161172152,0,0.297970891,0.297970891,15.9304171,0,8.568573,8.45175552,0,13.3953247,0,0,246,0,0,0,0,,,,51
37718246,0.5,1,0,0,0.00805860758,0,0.297970891,0.297970891,15.9304171,0,8.56555939,8.44119835,0,13.3953247,0,0,246,0,0,0,0,,,,51
37719373,0.5,1,0,0,0.00805860758,0,0.297970891,0.297970891,15.9304171,0,8.53542042,8.44542122,0,13.3953247,0,0,246,0,0,0,0,,,,51
37720503,0.5,1,0,0,0.00805860758,0,0.297970891,0.297970891,15.9304171,0,8.5565176,8.44330978,0,13.3953247,0,0,246,0,0,0,0,,,,51
37721630,0.5,1,0,0,0.00805860758,0,0.297970891,0.297970891,15.9349623,0,8.55048943,8.44542122,0,13.3953247,0,0,246,0,0,0,0,,,,51
37722760,0.5,1,0,0,0.00805860758,0,0.297970891,0.297970891,15.9304171,0,8.57158756,8.44330978,0,13.3953247,0,0,246,0,0,0,0,,,,51
37723892,0.5,0.5,0,0,0.00805860758,0.00805860758,0.297970891,0.297970891,15.9304171,0,8.56555939,8.44119835,0,13.3953247,0,0,246,0,0,0,0,,,,51
37725021,0.5,0,0,0,0,0,0.297970891,0.297970891,15.9304171,0,8.58665657,8.44542122,0,13.3953247,0,0,246,0,0,0,0,,,,51
37726148,0.5,0,0,0,0,0,0.297970891,0.297970891,15.9349623,0,8.56555939,8.45175552,0,13.3953247,0,0,246,0,0,0,0,,,,51
37727278,0.5,0,0,0,0,0.00805860758,0.297970891,0.297970891,15.9349623,0,8.5565176,8.44753265,0,13.3953247,0,0,246,0,0,0,0,,,,51
37728405,0.5,0.5,0,0,0.00805860758,0.00805860758,0.297970891,0.297970891,15.9304171,0,8.58665657,8.44964409,0,13.3953247,0,0,246,0,0,0,0,,,,51
37729539,0.5,0,0,0,0,0,0.297970891,0.297970891,15.9304171,0,8.57460117,8.43064213,0,13.3953247,0,0,246,0,0,0,0,,,,51
37730666,0.5,0.5,0,0,0.00805860758,0.00805860758,0.297970891,0.297970891,15.9304171,0,8.55953121,8.44542122,0,13.3953247,0,0,246,0,0,0,0,,,,51
37732000,0.5,0,0,0,0,0,0.297970891,0.297970891,15.9349623,0,8.58062935,8.43697548,0,13.3953247,0,0,246,0,0,0,0,,,,51
37733127,0.5,1,0,0,0.00805860758,0,0.297970891,0.297970891,15.9304171,0,8.58364296,8.44330978,0,13.3953247,0,0,246,0,0,0,0,,,,51
37734257,0.5,1,0,0,0.00805860758,0,0.297970891,0.297970891,15.9304171,0,8.57761478,8.44964409,0,13.3953247,0,0,246,0,0,0,0,,,,51
37735384,0.5,0,0,0,0,0.00805860758,0.297970891,0.297970891,15.9304171,0,8.59268475,8.44753265,0,13.3953247,0,0,246,0,0,0,0,,,,51
37736518,0.5,0,0,0,0,0,0.297970891,0.297970891,15.9349623,0,8.53542042,8.44964409,0,13.3953247,0,0,246,0,0,0,0,,,,51
37737645,0.5,0,0,0,0,0,0.297970891,0.297970891,15.9304171,0,8.56254578,8.44542122,0,13.3953247,0,0,246,0,0,0,0,,,,51
37738775,0.5,0,0,0,0,0,0.297970891,0.297970891,15.9304171,0,8.57460117,8.44753265,0,13.3953247,0,0,246,0,0,0,0,,,,51
37739902,0.5,1,0,0,0.00805860758,0,0.297970891,0.297970891,15.9304171,0,8.56254578,8.44542122,0,13.3953247,0,0,246,0,0,0,0,,,,51
37741032,0.5,0.5,0,0,0.00805860758,0.00805860758,0.297970891,0.297970891,15.9304171,0,8.58364296,8.44119835,0,13.3881769,0,0,246,0,0,0,0,,,,51
37742163,0.5,0.5,0,0,0.00805860758,0.00805860758,0.297970891,0.297970891,15.9304171,0,8.53843403,8.44119835,0,13.3881769,0,0,246,0,0,0,0,,,,51
37743293,0.5,0.5,0,0,0.00805860758,0.00805860758,0.297970891,0.297970891,15.9304171,0,8.58062935,8.44753265,0,13.3953247,0,0,246,0,0,0,0,,,,51
37744420,0.5,1,0,0,0.00805860758,0,0.297970891,0.297970891,15.9349623,0,8.55048943,8.43908691,0,13.3953247,0,0,246,0,0,0,0,,,,51
37745550,0.5,0,0,0,0,0,0.297970891,0.297970891,15.9304171,0,8.56254578,8.44542122,0,13.3953247,0,0,246,0,0,0,0,,,,51
37746677,0.5,0,0,0,0,0,0.297970891,0.297970891,15.9304171,0,8.57761478,8.44330978,0,13.3953247,0,0,246,0,0,0,0,,,,51
37747806,0.5,0.5,0,0,0.00805860758,0.00805860758,0.297970891,0.297970891,15.9349623,0,8.57460117,8.44330978,0,13.3953247,0,0,246,0,0,0,0,,,,51
37748939,0.5,1,0,0,0.00805860758,0,0.297970891,0.297970891,15.9349623,0,8.568573,8.43908691,0,13.3881769,0,0,246,0,0,0,0,,,,51
37750068,0.5,0,0,0,0,0.00805860758,0.297970891,0.297970891,15.9349623,0,8.58364296,8.44119835,0,13.3810291,0,0,246,0,0,0,0,,,,51
37751195,0.5,0,0,0,0,0.00805860758,0.297970891,0.297970891,15.9304171,0,8.54747581,8.44330978,0,13.3953247,0,0,246,0,0,0,0,,,,51
37752325,0.5,0,0,0,0,0.0161172152,0.297970891,0.297970891,15.9304171,0,8.57158756,8.42641926,0,13.3953247,0,0,246,0,0,0,0,,,,51
37753656,0.5,0.5,0,0,0.00805860758,0.00805860758,0.297970891,0.297970891,15.9349623,0,8.58665657,8.43908691,0,13.3881769,0,0,246,0,0,0,0,,,,51
37754791,0.5,0,0,0,0,0.00805860758,0.297970891,0.297970891,15.9304171,0,8.55953121,8.43697548,0,13.3953247,0,0,246,0,0,0,0,,,,51
37755918,0.5,0,0,0,0,0,0.297970891,0.297970891,15.9304171,0,8.59268475,8.44964409,0,13.3881769,0,0,246,0,0,0,0,,,,51
37757047,0.5,0,0,0,0,0.00805860758,0.297970891,0.297970891,15.9304171,0,8.57761478,8.44542122,0,13.3810291,0,0,246,0,0,0,0,,,,51
37758174,0.5,0,0,0,0,0.00805860758,0.297970891,0.297970891,15.9304171,0,8.55953121,8.44753265,0,13.3881769,0,0,246,0,0,0,0,,,,51
37759304,0.5,1,0,0,0.00805860758,0,0.297970891,0.297970891,15.9304171,0,8.59569836,8.44964409,0,13.3881769,0,0,246,0,0,0,0,,,,51
37760431,0.5,0,0,0,0,0,0.297970891,0.297970891,15.9304171,0,8.568573,8.45597839,0,13.3953247,0,0,246,0,0,0,0,,,,51
37761565,0.5,1,0,0,0.00805860758,0,0.297970891,0.297970891,15.9349623,0,8.5565176,8.43486404,0,13.3953247,0,0,246,0,0,0,0,,,,51
37762692,0.5,0.5,0,0,0.00805860758,0.00805860758,0.297970891,0.297970891,15.9304171,0,8.56254578,8.44753265,0,13.3953247,0,0,246,0,0,0,0,,,,51
37763822,0.5,0,0,0,0,0.00805860758,0.297970891,0.297970891,15.9304171,0,8.5444622,8.43908691,0,13.3953247,0,0,246,0,0,0,0,,,,51
37764949,0.5,1,0,0,0.00805860758,0,0.297970891,0.297970891,15.9304171,0,8.56254578,8.44119835,0,13.3953247,0,0,246,0,0,0,0,,,,51
37766079,0.5,0,0,0,0,0.00805860758,0.297970891,0.297970891,15.9304171,0,8.55048943,8.44119835,0,13.3667326,0,0,246,0,0,0,0,,,,51
37767205,0.5,0,0,0,0,0.00805860758,0.297970891,0.297970891,15.9349623,0,8.5565176,8.44753265,0,13.3881769,0,0,246,0,0,0,0,,,,51
37768340,0.5,0,0,0,0,0.00805860758,0.297970891,0.297970891,15.9258718,0,8.58665657,8.43697548,0,13.3953247,0,0,246,0,0,0,0,,,,51
37769466,0.5,0,0,0,0,0.00805860758,0.297970891,0.297970891,15.9349623,0,8.57158756,8.44753265,0,13.3953247,0,0,246,0,0,0,0,,,,51
37770596,0.5,0,0,0,0,0,0.297970891,0.297970891,15.9349623,0,8.57761478,8.43486404,0,13.3953247,0,0,246,0,0,0,0,,,,51
37771723,0.5,0,0,0,0,0.0161172152,0.297970891,0.297970891,15.9304171,0,8.59569836,8.44542122,0,13.3953247,0,0,246,0,0,0,0,,,,51
37772853,0.5,0,0,0,0,0.00805860758,0.297970891,0.297970891,15.9349623,0,8.55350399,8.44119835,0,13.4024725,0,0,246,0,0,0,0,,,,51
37774189,0.5,1,0,0,0.00805860758,0,0.297970891,0.297970891,15.9304171,0,8.59268475,8.43486404,0,13.3953247,0,0,246,0,0,0,0,,,,51
37775318,0.5,0.5,0,0,0.00805860758,0.00805860758,0.297970891,0.297970891,15.9304171,0,8.55350399,8.44119835,0,13.3953247,0,0,246,0,0,0,0,,,,51
37776446,0.5,0,0,0,0,0.00805860758,0.297970891,0.297970891,15.9304171,0,8.56254578,8.44330978,0,13.3953247,0,0,246,0,0,0,0,,,,51
37777576,0.5,0,0,0,0,0.00805860758,0.297970891,0.297970891,15.9304171,0,8.57460117,8.43064213,0,13.4024725,0,0,246,0,0,0,0,,,,51
37778702,0.5,0,0,0,0,0.00805860758,0.297970891,0.297970891,15.9304171,0,8.57158756,8.44542122,0,13.3953247,0,0,246,0,0,0,0,,,,51
37779832,0.5,0,0,0,0,0.00805860758,0.297970891,0.297970891,15.9304171,0,8.53843403,8.43908691,0,13.3953247,0,0,246,0,0,0,0,,,,51
37780964,0.5,0,0,0,0,0.00805860758,0.297970891,0.297970891,15.9304171,0,8.55048943,8.44330978,0,13.3953247,0,0,246,0,0,0,0,,,,51
37782093,0.5,0.5,0,0,0.00805860758,0.00805860758,0.297970891,0.297970891,15.9304171,0,8.568573,8.44753265,0,13.3953247,0,0,246,0,0,0,0,,,,51
37783220,0.5,0,0,0,0,0.00805860758,0.297970891,0.297970891,15.9304171,0,8.57158756,8.43697548,0,13.3953247,0,0,246,0,0,0,0,,,,51
37784350,0.5,0,0,0,0,0,0.297970891,0.297970891,15.9349623,0,8.57158756,8.44964409,0,13.3953247,0,0,246,0,0,0,0,,,,51
37785477,0.5,0,0,0,0,0,0.297970891,0.297970891,15.9349623,0,8.57761478,8.44964409,0,13.3953247,0,0,246,0,0,0,0,,,,51
37786611,0.5,1,0,0,0.00805860758,0,0.297970891,0.297970891,15.9304171,0,8.59569836,8.44542122,0,13.3953247,0,0,246,0,0,0,0,,,,51
37787739,0.5,1,0,0,0.00805860758,0,0.297970891,0.297970891,15.9349623,0,8.58062935,8.44964409,0,13.3953247,0,0,246,0,0,0,0,,,,51
37788868,0.5,0,0,0,0,0.00805860758,0.297970891,0.297970891,15.9304171,0,8.55048943,8.44964409,0,13.3953247,0,0,246,0,0,0,0,,,,51
37789995,0.5,1,0,0,0.0161172152,0,0.297970891,0.297970891,15.9304171,0,8.55953121,8.44542122,0,13.3953247,0,0,246,0,0,0,0,,,,51
37791125,0.5,1,0,0,0.00805860758,0,0.297970891,0.297970891,15.9304171,0,8.57460117,8.44753265,0,13.3953247,0,0,246,0,0,0,0,,,,51
37792252,0.5,1,0,0,0.00805860758,0,0.297970891,0.297970891,15.9349623,0,8.55048943,8.44753265,0,13.3953247,0,0,246,0,0,0,0,,,,51
37793386,0.5,0.5,0,0,0.00805860758,0.00805860758,0.297970891,0.297970891,15.9304171,0,8.58967113,8.44753265,0,13.3953247,0,0,246,0,0,0,0,,,,51
37794513,0.5,0.5,0,0,0.00805860758,0.00805860758,0.297970891,0.297970891,15.9304171,0,8.57460117,8.44119835,0,13.3953247,0,0,246,0,0,0,0,,,,51
37795847,0.5,0,0,0,0,0.00805860758,0.297970891,0.297970891,15.9304171,0,8.56254578,8.43908691,0,13.3953247,0,0,246,0,0,0,0,,,,51
37796973,0.5,0,0,0,0,0.00805860758,0.297970891,0.297970891,15.9349623,0,8.56555939,8.44119835,0,13.3881769,0,0,246,0,0,0,0,,,,51
37798103,0.5,0,0,0,0,0.0161172152,0.297970891,0.297970891,15.9304171,0,8.58967113,8.43486404,0,13.3953247,0,0,246,0,0,0,0,,,,51
37799235,0.5,0,0,0,0,0.0161172152,0.297970891,0.297970891,15.9258718,0,8.58967113,8.45386696,0,13.3953247,0,0,246,0,0,0,0,,,,51
37800365,0.5,0,0,0,0,0.00805860758,0.297970891,0.297970891,15.9304171,0,8.55953121,8.44119835,0,13.3953247,0,0,246,0,0,0,0,,,,51
37801493,0.5,0,0,0,0,0.00805860758,0.297970891,0.297970891,15.9304171,0,8.55048943,8.44330978,0,13.3881769,0,0,246,0,0,0,0,,,,51
37802622,0.5,0,0,0,0,0.00805860758,0.297970891,0.297970891,15.9304171,0,8.57460117,8.45175552,0,13.3953247,0,0,246,0,0,0,0,,,,51
37803749,0.5,0,0,0,0,0.00805860758,0.297970891,0.297970891,15.9304171,0,8.58364296,8.42853069,0,13.3953247,0,0,246,0,0,0,0,,,,51
37804880,0.5,0,0,0,0,0.0161172152,0.297970891,0.297970891,15.9304171,0,8.56555939,8.43908691,0,13.3953247,0,0,246,0,0,0,0,,,,51
37806012,0.5,0,0,0,0,0.00805860758,0.297970891,0.297970891,15.9349623,0,8.57761478,8.44753265,0,13.3881769,0,0,246,0,0,0,0,,,,51
37807141,0.5,0,0,0,0,0.00805860758,0.297970891,0.297970891,15.9304171,0,8.57460117,8.43697548,0,13.3953247,0,0,246,0,0,0,0,,,,51
37808268,0.5,0,0,0,0,0.00805860758,0.297970891,0.297970891,15.9304171,0,8.58364296,8.43908691,0,13.4024725,0,0,246,0,0,0,0,,,,51
37809398,0.5,0,0,0,0,0,0.297970891,0.297970891,15.9304171,0,8.58665657,8.43486404,0,13.3953247,0,0,246,0,0,0,0,,,,51
37810525,0.5,0,0,0,0,0.00805860758,0.297970891,0.297970891,15.9349623,0,8.57158756,8.43908691,0,13.3953247,0,0,246,0,0,0,0,,,,51
37811660,0.5,0,0,0,0,0,0.297970891,0.297970891,15.9304171,0,8.57460117,8.44119835,0,13.3953247,0,0,246,0,0,0,0,,,,51
37812786,0.5,0,0,0,0,0,0.297970891,0.297970891,15.9304171,0,8.58665657,8.44330978,0,13.4024725,0,0,246,0,0,0,0,,,,51
37813916,0.5,1,0,0,0.00805860758,0,0.297970891,0.297970891,15.9304171,0,8.58062935,8.44964409,0,13.4024725,0,0,246,0,0,0,0,,,,51
37815043,0.5,0,0,0,0,0,0.297970891,0.297970891,15.9304171,0,8.58665657,8.45386696,0,13.3881769,0,0,246,0,0,0,0,,,,51
37816377,0.5,0,0,0,0,0.00805860758,0.297970891,0.297970891,15.9304171,0,8.58062935,8.44119835,0,13.3953247,0,0,246,0,0,0,0,,,,51
37817504,0.5,0,0,0,0,0,0.297970891,0.297970891,15.9304171,0,8.55953121,8.44542122,0,13.3953247,0,0,246,0,0,0,0,,,,51
37818638,0.5,0,0,0,0,0.00805860758,0.297970891,0.297970891,15.9349623,0,8.54144764,8.44753265,0,13.3953247,0,0,246,0,0,0,0,,,,51
37819765,0.5,0,0,0,0,0,0.297970891,0.297970891,15.9349623,0,8.55350399,8.43064213,0,13.3953247,0,0,246,0,0,0,0,,,,51
37820895,0.5,0.5,0,0,0.00805860758,0.00805860758,0.297970891,0.297970891,15.9304171,0,8.56254578,8.45597839,0,13.3881769,0,0,246,0,0,0,0,,,,51
37822022,0.5,0,0,0,0,0.0161172152,0.297970891,0.297970891,15.9304171,0,8.54747581,8.45386696,0,13.3881769,0,0,246,0,0,0,0,,,,51
37823153,0.5,0,0,0,0,0.00805860758,0.297970891,0.297970891,15.9304171,0,8.56254578,8.45175552,0,13.3953247,0,0,246,0,0,0,0,,,,51
37824279,0.5,0,0,0,0,0,0.297970891,0.297970891,15.9304171,0,8.57761478,8.44119835,0,13.3881769,0,0,246,0,0,0,0,,,,51
37825414,0.5,0,0,0,0,0.0161172152,0.297970891,0.297970891,15.9304171,0,8.58665657,8.44964409,0,13.3953247,0,0,246,0,0,0,0,,,,51
37826541,0.5,0,0,0,0,0.0161172152,0.297970891,0.297970891,15.9304171,0,8.57761478,8.44330978,0,13.3953247,0,0,246,0,0,0,0,,,,51
37827671,0.5,0,0,0,0,0.00805860758,0.297970891,0.297970891,15.9304171,0,8.57460117,8.43908691,0,13.4024725,0,0,246,0,0,0,0,,,,51
37828798,0.5,0,0,0,0,0,0.297970891,0.297970891,15.9304171,0,8.57158756,8.44542122,0,13.3953247,0,0,246,0,0,0,0,,,,51
37829927,0.5,0,0,0,0,0.00805860758,0.297970891,0.297970891,15.9349623,0,8.57460117,8.44542122,0,13.3953247,0,0,246,0,0,0,0,,,,51
37831059,0.5,0,0,0,0,0,0.297970891,0.297970891,15.9304171,0,8.57460117,8.44542122,0,13.3810291,0,0,246,0,0,0,0,,,,51
37832189,0.5,0,0,0,0,0,0.297970891,0.297970891,15.9304171,0,8.56555939,8.44542122,0,13.3953247,0,0,246,0,0,0,0,,,,51
37833316,0.5,1,0,0,0.00805860758,0,0.297970891,0.297970891,15.9304171,0,8.54747581,8.44753265,0,13.3953247,0,0,246,0,0,0,0,,,,51
37834447,0.5,0.5,0,0,0.00805860758,0.00805860758,0.297970891,0.297970891,15.9304171,0,8.57761478,8.44330978,0,13.3953247,0,0,246,0,0,0,0,,,,51
37835573,0.5,0,0,0,0,0,0.297970891,0.297970891,15.9304171,0,8.57460117,8.44119835,0,13.3953247,0,0,246,0,0,0,0,,,,51
37836908,0.5,1,0,0,0.00805860758,0,0.297970891,0.297970891,15.9258718,0,8.57460117,8.44542122,0,13.3953247,0,0,246,0,0,0,0,,,,51
37838039,0.5,0,0,0,0,0,0.297970891,0.297970891,15.9304171,0,8.58665657,8.44753265,0,13.3881769,0,0,246,0,0,0,0,,,,51
37839169,0.5,0,0,0,0,0.00805860758,0.297970891,0.297970891,15.9304171,0,8.56555939,8.43908691,0,13.3953247,0,0,246,0,0,0,0,,,,51
37840296,0.5,0,0,0,0,0.00805860758,0.297970891,0.297970891,15.9304171,0,8.58062935,8.44542122,0,13.3953247,0,0,246,0,0,0,0,,,,51
37841426,0.5,0,0,0,0,0.00805860758,0.297970891,0.297970891,15.9304171,0,8.57761478,8.44119835,0,13.4024725,0,0,246,0,0,0,0,,,,51
37842552,0.5,0,0,0,0,0,0.297970891,0.297970891,15.9304171,0,8.58967113,8.43908691,0,13.3881769,0,0,246,0,0,0,0,,,,51
37843687,0.5,0.5,0,0,0.00805860758,0.00805860758,0.297970891,0.297970891,15.9258718,0,8.58665657,8.44753265,0,13.3953247,0,0,246,0,0,0,0,,,,51
37844814,0.5,0,0,0,0,0,0.297970891,0.297970891,15.9304171,0,8.55350399,8.43697548,0,13.3953247,0,0,246,0,0,0,0,,,,51
37845944,0.5,0,0,0,0,0,0.297970891,0.297970891,15.9304171,0,8.57158756,8.44964409,0,13.3953247,0,0,246,0,0,0,0,,,,51
37847071,0.5,0,0,0,0,0,0.297970891,0.297970891,15.9349623,0,8.5565176,8.44119835,0,13.3738813,0,0,246,0,0,0,0,,,,51
37848201,0.5,0,0,0,0,0,0.297970891,0.297970891,15.9304171,0,8.5565176,8.45386696,0,13.3953247,0,0,246,0,0,0,0,,,,51
37849327,0.5,0,0,0,0,0,0.297970891,0.297970891,15.9349623,0,8.56555939,8.44330978,0,13.3953247,0,0,246,0,0,0,0,,,,51
37850462,0.5,1,0,0,0.00805860758,0,0.297970891,0.297970891,15.9304171,0,8.55953121,8.44542122,0,13.3953247,0,0,246,0,0,0,0,,,,51
37851589,0.5,1,0,0,0.00805860758,0,0.297970891,0.297970891,15.9304171,0,8.58967113,8.43697548,0,13.3953247,0,0,246,0,0,0,0,,,,51
37852719,0.5,0.5,0,0,0.00805860758,0.00805860758,0.297970891,0.297970891,15.9349623,0,8.58665657,8.44542122,0,13.3953247,0,0,246,0,0,0,0,,,,51
37853845,0.5,0.5,0,0,0.00805860758,0.00805860758,0.297970891,0.297970891,15.9304171,0,8.56254578,8.44542122,0,13.3953247,0,0,246,0,0,0,0,,,,51
37854976,0.5,0,0,0,0,0.00805860758,0.297970891,0.297970891,15.9304171,0,8.57460117,8.44330978,0,13.3881769,0,0,246,0,0,0,0,,,,51
37856107,0.5,0.5,0,0,0.00805860758,0.00805860758,0.297970891,0.297970891,15.9349623,0,8.57158756,8.43275356,0,13.3953247,0,0,246,0,0,0,0,,,,51
37857237,0.5,0,0,0,0,0.00805860758,0.297970891,0.297970891,15.9395075,0,8.58967113,8.44753265,0,13.3953247,0,0,246,0,0,0,0,,,,51
37858568,0.5,0,0,0,0,0.00805860758,0.297970891,0.297970891,15.9304171,0,8.58062935,8.43486404,0,13.3953247,0,0,246,0,0,0,0,,,,51
37859698,0.5,0.5,0,0,0.00805860758,0.00805860758,0.297970891,0.297970891,15.9349623,0,8.58364296,8.45175552,0,13.3881769,0,0,246,0,0,0,0,,,,51
37860825,0.5,0.5,0,0,0.00805860758,0.00805860758,0.297970891,0.297970891,15.9304171,0,8.59268475,8.44753265,0,13.3953247,0,0,246,0,0,0,0,,,,51
37861954,0.5,1,0,0,0.00805860758,0,0.297970891,0.297970891,15.9304171,0,8.58665657,8.45808983,0,13.3953247,0,0,246,0,0,0,0,,,,51
37863086,0.5,1,0,0,0.00805860758,0,0.297970891,0.297970891,15.9304171,0,8.5565176,8.44330978,0,13.4024725,0,0,246,0,0,0,0,,,,51
37864216,0.5,0.5,0,0,0.00805860758,0.00805860758,0.297970891,0.297970891,15.9304171,0,8.54144764,8.44330978,0,13.3953247,0,0,246,0,0,0,0,,,,51
37865343,0.5,0,0,0,0,0.00805860758,0.297970891,0.297970891,15.9304171,0,8.56555939,8.44542122,0,13.3953247,0,0,246,0,0,0,0,,,,51
37866473,0.5,0.5,0,0,0.00805860758,0.00805860758,0.297970891,0.297970891,15.9304171,0,8.568573,8.45597839,0,13.3953247,0,0,246,0,0,0,0,,,,51
37867600,0.5,0.5,0,0,0.00805860758,0.00805860758,0.297970891,0.297970891,15.9349623,0,8.56555939,8.45175552,0,13.3953247,0,0,246,0,0,0,0,,,,51
37868730,0.5,1,0,0,0.00805860758,0,0.297970891,0.297970891,15.9304171,0,8.56555939,8.44964409,0,13.3953247,0,0,246,0,0,0,0,,,,51
37869861,0.5,0,0,0,0,0,0.297970891,0.297970891,15.9304171,0,8.55048943,8.44964409,0,13.3953247,0,0,246,0,0,0,0,,,,51
37870991,0.5,0,0,0,0,0,0.297970891,0.297970891,15.9304171,0,8.58967113,8.44964409,0,13.3953247,0,0,246,0,0,0,0,,,,51
37872118,0.5,0,0,0,0,0,0.297970891,0.297970891,15.9304171,0,8.59871292,8.43908691,0,13.3953247,0,0,246,0,0,0,0,,,,51
37873248,0.5,0,0,0,0,0.00805860758,0.297970891,0.297970891,15.9304171,0,8.55048943,8.43697548,0,13.3953247,0,0,246,0,0,0,0,,,,51
37874375,0.5,0,0,0,0,0,0.297970891,0.297970891,15.9304171,0,8.56254578,8.44753265,0,13.3953247,0,0,246,0,0,0,0,,,,51
37875509,0.5,0,0,0,0,0.00805860758,0.297970891,0.297970891,15.9349623,0,8.59569836,8.44753265,0,13.3953247,0,0,246,0,0,0,0,,,,51
37876636,0.5,0,0,0,0,0.00805860758,0.297970891,0.297970891,15.9304171,0,8.56555939,8.44330978,0,13.3881769,0,0,246,0,0,0,0,,,,51
37877765,0.5,0.5,0,0,0.00805860758,0.00805860758,0.297970891,0.297970891,15.9304171,0,8.58967113,8.44542122,0,13.3953247,0,0,246,0,0,0,0,,,,51
37879096,0.5,0,0,0,0,0.00805860758,0.297970891,0.297970891,15.9349623,0,8.568573,8.44330978,0,13.3953247,0,0,246,0,0,0,0,,,,51
37880226,0.5,0,0,0,0,0.00805860758,0.297970891,0.297970891,15.9258718,0,8.57158756,8.44542122,0,13.3953247,0,0,246,0,0,0,0,,,,51
37881353,0.5,0,0,0,0,0.00805860758,0.297970891,0.297970891,15.9304171,0,8.56254578,8.44119835,0,13.3953247,0,0,246,0,0,0,0,,,,51
37882487,0.5,0.5,0,0,0.00805860758,0.00805860758,0.297970891,0.297970891,15.9304171,0,8.57761478,8.45175552,0,13.4024725,0,0,246,0,0,0,0,,,,51
37883614,0.5,1,0,0,0.00805860758,0,0.297970891,0.297970891,15.9304171,0,8.58665657,8.44542122,0,13.3881769,0,0,246,0,0,0,0,,,,51
37884744,0.5,1,0,0,0.0161172152,0,0.297970891,0.297970891,15.9304171,0,8.56555939,8.45175552,0,13.3953247,0,0,246,0,0,0,0,,,,51
37885871,0.5,1,0,0,0.00805860758,0,0.297970891,0.297970891,15.9349623,0,8.57158756,8.43908691,0,13.3953247,0,0,246,0,0,0,0,,,,51
37887001,0.5,0.5,0,0,0.00805860758,0.00805860758,0.297970891,0.297970891,15.9304171,0,8.57460117,8.44753265,0,13.3953247,0,0,246,0,0,0,0,,,,51
37888133,0.5,0,0,0,0,0.0161172152,0.297970891,0.297970891,15.9304171,0,8.57158756,8.44964409,0,13.3953247,0,0,246,0,0,0,0,,,,51
37889263,0.5,0,0,0,0,0.00805860758,0.297970891,0.297970891,15.9304171,0,8.56555939,8.43697548,0,13.4024725,0,0,246,0,0,0,0,,,,51
37890390,0.5,0,0,0,0,0.00805860758,0.297970891,0.297970891,15.9304171,0,8.57761478,8.44330978,0,13.3953247,0,0,246,0,0,0,0,,,,51
37891520,0.5,0,0,0,0,0.00805860758,0.297970891,0.297970891,15.9304171,0,8.58967113,8.44964409,0,13.3953247,0,0,246,0,0,0,0,,,,51
37892646,0.5,1,0,0,0.00805860758,0,0.297970891,0.297970891,15.9349623,0,8.57460117,8.44964409,0,13.3953247,0,0,246,0,0,0,0,,,,51
37893776,0.5,0,0,0,0,0.00805860758,0.297970891,0.297970891,15.9349623,0,8.55953121,8.44119835,0,13.3953247,0,0,246,0,0,0,0,,,,51
37894908,0.5,0,0,0,0,0,0.297970891,0.297970891,15.9304171,0,8.56254578,8.44542122,0,13.3953247,0,0,246,0,0,0,0,,,,51
37896038,0.5,0,0,0,0,0,0.297970891,0.297970891,15.9304171,0,8.58062935,8.43486404,0,13.3810291,0,0,246,0,0,0,0,,,,51
37897165,0.5,0,0,0,0,0.00805860758,0.297970891,0.297970891,15.9304171,0,8.56555939,8.44542122,0,13.3953247,0,0,246,0,0,0,0,,,,51
37898294,0.5,0,0,0,0,0,0.297970891,0.297970891,15.9258718,0,8.56555939,8.44542122,0,13.3953247,0,0,246,0,0,0,0,,,,51
37899421,0.5,0.5,0,0,0.00805860758,0.00805860758,0.297970891,0.297970891,15.9258718,0,8.55048943,8.44753265,0,13.3953247,0,0,246,0,0,0,0,,,,51
37900760,0.5,0,0,0,0,0,0.297970891,0.297970891,15.9304171,0,8.58062935,8.44753265,0,13.3953247,0,0,246,0,0,0,0,,,,51
37901887,0.5,1,0,0,0.00805860758,0,0.297970891,0.297970891,15.9304171,0,8.58062935,8.44542122,0,13.3953247,0,0,246,0,0,0,0,,,,51
37903017,0.5,1,0,0,0.00805860758,0,0.297970891,0.297970891,15.9304171,0,8.568573,8.45175552,0,13.3881769,0,0,246,0,0,0,0,,,,51
37904144,0.5,1,0,0,0.00805860758,0,0.297970891,0.297970891,15.9304171,0,8.568573,8.45175552,0,13.3953247,0,0,246,0,0,0,0,,,,51
37905274,0.5,0,0,0,0,0,0.297970891,0.297970891,15.9304171,0,8.55350399,8.44753265,0,13.3953247,0,0,246,0,0,0,0,,,,51
37906401,0.5,0,0,0,0,0.00805860758,0.297970891,0.297970891,15.9304171,0,8.55048943,8.44119835,0,13.3953247,0,0,246,0,0,0,0,,,,51
37907535,0.5,0,0,0,0,0.00805860758,0.297970891,0.297970891,15.9349623,0,8.57460117,8.43908691,0,13.3953247,0,0,246,0,0,0,0,,,,51
37908662,0.5,0,0,0,0,0.00805860758,0.297970891,0.297970891,15.9349623,0,8.56555939,8.43697548,0,13.3953247,0,0,246,0,0,0,0,,,,51
37909792,0.5,0,0,0,0,0.0161172152,0.297970891,0.297970891,15.9304171,0,8.58062935,8.44542122,0,13.3953247,0,0,246,0,0,0,0,,,,51
37910919,0.5,0,0,0,0,0.00805860758,0.297970891,0.297970891,15.9304171,0,8.56555939,8.43908691,0,13.3953247,0,0,246,0,0,0,0,,,,51
37912048,0.5,1,0,0,0.00805860758,0,0.297970891,0.297970891,15.9304171,0,8.55953121,8.44964409,0,13.3881769,0,0,246,0,0,0,0,,,,51
37913175,0.5,0.5,0,0,0.00805860758,0.00805860758,0.297970891,0.297970891,15.9304171,0,8.5565176,8.44964409,0,13.4024725,0,0,246,0,0,0,0,,,,51
37914310,0.5,0,0,0,0,0,0.297970891,0.297970891,15.9304171,0,8.55048943,8.44542122,0,13.3953247,0,0,246,0,0,0,0,,,,51
37915437,0.5,1,0,0,0.00805860758,0,0.297970891,0.297970891,15.9304171,0,8.568573,8.44119835,0,13.3953247,0,0,246,0,0,0,0,,,,51
37916567,0.5,0,0,0,0,0,0.297970891,0.297970891,15.9304171,0,8.59268475,8.44542122,0,13.3953247,0,0,246,0,0,0,0,,,,51
37917693,0.5,0.5,0,0,0.00805860758,0.00805860758,0.297970891,0.297970891,15.9349623,0,8.568573,8.44753265,0,13.4024725,0,0,246,0,0,0,0,,,,51
37918823,0.5,0,0,0,0,0.00805860758,0.297970891,0.297970891,15.9304171,0,8.55048943,8.43486404,0,13.3953247,0,0,246,0,0,0,0,,,,51
37919955,0.5,0.5,0,0,0.00805860758,0.00805860758,0.297970891,0.297970891,15.9304171,0,8.56555939,8.44119835,0,13.3953247,0,0,246,0,0,0,0,,,,51
37921289,0.5,0,0,0,0,0,0.297970891,0.297970891,15.9304171,0,8.56555939,8.43486404,0,13.3881769,0,0,246,0,0,0,0,,,,51
37922416,0.5,0.5,0,0,0.00805860758,0.00805860758,0.297970891,0.297970891,15.9304171,0,8.56555939,8.42853069,0,13.3953247,0,0,246,0,0,0,0,,,,51
37923545,0.5,0.5,0,0,0.00805860758,0.00805860758,0.297970891,0.297970891,15.9349623,0,8.57158756,8.44119835,0,13.3953247,0,0,246,0,0,0,0,,,,51
37924672,0.5,1,0,0,0.00805860758,0,0.297970891,0.297970891,15.9304171,0,8.55048943,8.45597839,0,13.3881769,0,0,246,0,0,0,0,,,,51
37925802,0.5,0,0,0,0,0.00805860758,0.297970891,0.297970891,15.9349623,0,8.57460117,8.43908691,0,13.3953247,0,0,246,0,0,0,0,,,,51
37926934,0.5,0,0,0,0,0.00805860758,0.297970891,0.297970891,15.9304171,0,8.58062935,8.44964409,0,13.3953247,0,0,246,0,0,0,0,,,,51
37928064,0.5,1,0,0,0.00805860758,0,0.297970891,0.297970891,15.9349623,0,8.57761478,8.45175552,0,13.3738813,0,0,246,0,0,0,0,,,,51
37929190,0.5,0,0,0,0,0,0.297970891,0.297970891,15.9349623,0,8.58364296,8.44753265,0,13.3953247,0,0,246,0,0,0,0,,,,51
37930320,0.5,1,0,0,0.00805860758,0,0.297970891,0.297970891,15.9304171,0,8.568573,8.45386696,0,13.3953247,0,0,246,0,0,0,0,,,,51
37931447,0.5,0.5,0,0,0.00805860758,0.00805860758,0.297970891,0.297970891,15.9304171,0,8.58364296,8.45175552,0,13.3953247,0,0,246,0,0,0,0,,,,51
37932582,0.5,0,0,0,0,0,0.297970891,0.297970891,15.9304171,0,8.58665657,8.44119835,0,13.3953247,0,0,246,0,0,0,0,,,,51
37933708,0.5,0.5,0,0,0.00805860758,0.00805860758,0.297970891,0.297970891,15.9304171,0,8.56555939,8.45175552,0,13.3953247,0,0,246,0,0,0,0,,,,51
37934838,0.5,1,0,0,0.00805860758,0,0.297970891,0.297970891,15.9304171,0,8.56254578,8.44330978,0,13.3953247,0,0,246,0,0,0,0,,,,51
37935965,0.5,0,0,0,0,0.00805860758,0.297970891,0.297970891,15.9304171,0,8.54747581,8.44542122,0,13.3953247,0,0,246,0,0,0,0,,,,51
37937095,0.5,0,0,0,0,0,0.297970891,0.297970891,15.9349623,0,8.53843403,8.43486404,0,13.3953247,0,0,246,0,0,0,0,,,,51
37938222,0.5,1,0,0,0.00805860758,0,0.297970891,0.297970891,15.9304171,0,8.56254578,8.44753265,0,13.3953247,0,0,246,0,0,0,0,,,,51
37939356,0.5,0,0,0,0,0,0.297970891,0.297970891,15.9304171,0,8.58364296,8.43908691,0,13.3953247,0,0,246,0,0,0,0,,,,51
37940483,0.5,0,0,0,0,0,0.297970891,0.297970891,15.9304171,0,8.57761478,8.44330978,0,13.3953247,0,0,246,0,0,0,0,,,,51
37941817,0.5,0.5,0,0,0.00805860758,0.00805860758,0.297970891,0.297970891,15.9304171,0,8.5444622,8.45175552,0,13.3953247,0,0,246,0,0,0,0,,,,51
37942944,0.5,0,0,0,0,0,0.297970891,0.297970891,15.9349623,0,8.56555939,8.43697548,0,13.3953247,0,0,246,0,0,0,0,,,,51
37944074,0.5,0,0,0,0,0.00805860758,0.297970891,0.297970891,15.9349623,0,8.53843403,8.44753265,0,13.3738813,0,0,246,0,0,0,0,,,,51
37945206,0.5,0,0,0,0,0,0.297970891,0.297970891,15.9349623,0,8.57761478,8.43908691,0,13.3953247,0,0,246,0,0,0,0,,,,51
37946335,0.5,0,0,0,0,0,0.297970891,0.297970891,15.9304171,0,8.57761478,8.45386696,0,13.3953247,0,0,246,0,0,0,0,,,,51
37947462,0.5,1,0,0,0.00805860758,0,0.297970891,0.297970891,15.9304171,0,8.52035046,8.45175552,0,13.3953247,0,0,246,0,0,0,0,,,,51
37948592,0.5,0,0,0,0,0.00805860758,0.297970891,0.297970891,15.9304171,0,8.55350399,8.44964409,0,13.3953247,0,0,246,0,0,0,0,,,,51
37949719,0.5,0.5,0,0,0.00805860758,0.00805860758,0.297970891,0.297970891,15.9304171,0,8.54144764,8.45175552,0,13.3953247,0,0,246,0,0,0,0,,,,51
37950849,0.5,0,0,0,0,0.00805860758,0.297970891,0.297970891,15.9349623,0,8.57158756,8.44330978,0,13.3953247,0,0,246,0,0,0,0,,,,51
37951980,0.5,0,0,0,0,0.00805860758,0.297970891,0.297970891,15.9304171,0,8.58062935,8.45386696,0,13.3953247,0,0,246,0,0,0,0,,,,51
37953110,0.5,0,0,0,0,0.00805860758,0.297970891,0.297970891,15.9304171,0,8.56254578,8.44753265,0,13.3953247,0,0,246,0,0,0,0,,,,51
37954237,0.5,0,0,0,0,0,0.297970891,0.297970891,15.9395075,0,8.5444622,8.44964409,0,13.3953247,0,0,246,0,0,0,0,,,,51
37955367,0.5,1,0,0,0.00805860758,0,0.297970891,0.297970891,15.9304171,0,8.56254578,8.44542122,0,13.3953247,0,0,246,0,0,0,0,,,,51
37956493,0.5,0,0,0,0,0,0.297970891,0.297970891,15.9304171,0,8.56555939,8.43908691,0,13.3953247,0,0,246,0,0,0,0,,,,51
37957628,0.5,0,0,0,0,0.00805860758,0.297970891,0.297970891,15.9304171,0,8.58967113,8.44542122,0,13.3881769,0,0,246,0,0,0,0,,,,51
37958754,0.5,1,0,0,0.00805860758,0,0.297970891,0.297970891,15.9304171,0,8.5444622,8.44119835,0,13.3953247,0,0,246,0,0,0,0,,,,51
37959884,0.5,0,0,0,0,0,0.297970891,0.297970891,15.9304171,0,8.57158756,8.44119835,0,13.3953247,0,0,246,0,0,0,0,,,,51
37961011,0.5,0.333333343,0,0,0.00805860758,0.0161172152,0.297970891,0.297970891,15.9304171,0,8.568573,8.43697548,0,13.3881769,0,0,246,0,0,0,0,,,,51
37962141,0.5,0.5,0,0,0.00805860758,0.00805860758,0.297970891,0.297970891,15.9304171,0,8.568573,8.44542122,0,13.3953247,0,0,246,0,0,0,0,,,,51
37963472,0.5,0,0,0,0,0,0.297970891,0.297970891,15.9304171,0,8.56254578,8.44119835,0,13.3953247,0,0,246,0,0,0,0,,,,51
37964607,0.5,0,0,0,0,0.00805860758,0.297970891,0.297970891,15.9349623,0,8.57460117,8.44119835,0,13.3953247,0,0,246,0,0,0,0,,,,51
37965733,0.5,0,0,0,0,0,0.297970891,0.297970891,15.9304171,0,8.5444622,8.44119835,0,13.3881769,0,0,246,0,0,0,0,,,,51
37966863,0.5,0,0,0,0,0,0.297970891,0.297970891,15.9304171,0,8.58364296,8.43908691,0,13.3953247,0,0,246,0,0,0,0,,,,51
37967990,0.5,0,0,0,0,0.00805860758,0.297970891,0.297970891,15.9304171,0,8.55350399,8.43486404,0,13.3881769,0,0,246,0,0,0,0,,,,51
37969120,0.5,0,0,0,0,0.00805860758,0.297970891,0.297970891,15.9304171,0,8.57158756,8.45175552,0,13.3953247,0,0,246,0,0,0,0,,,,51
37970247,0.5,0,0,0,0,0.00805860758,0.297970891,0.297970891,15.9304171,0,8.568573,8.44542122,0,13.3953247,0,0,246,0,0,0,0,,,,51
37971381,0.5,0,0,0,0,0.00805860758,0.297970891,0.297970891,15.9304171,0,8.56254578,8.44542122,0,13.3953247,0,0,246,0,0,0,0,,,,51
37972508,0.5,0,0,0,0,0.00805860758,0.297970891,0.297970891,15.9349623,0,8.57460117,8.44330978,0,13.3953247,0,0,246,0,0,0,0,,,,51
37973637,0.5,0,0,0,0,0,0.297970891,0.297970891,15.9304171,0,8.57460117,8.43064213,0,13.3953247,0,0,246,0,0,0,0,,,,51
37974764,0.5,0,0,0,0,0.00805860758,0.297970891,0.297970891,15.9304171,0,8.56555939,8.43275356,0,13.3953247,0,0,246,0,0,0,0,,,,51
37975894,0.5,0,0,0,0,0,0.297970891,0.297970891,15.9304171,0,8.56555939,8.43908691,0,13.3953247,0,0,246,0,0,0,0,,,,51
37977026,0.5,0,0,0,0,0.00805860758,0.297970891,0.297970891,15.9304171,0,8.57460117,8.44542122,0,13.3881769,0,0,246,0,0,0,0,,,,51
37978156,0.5,0,0,0,0,0.00805860758,0.297970891,0.297970891,15.9349623,0,8.5565176,8.43908691,0,13.3881769,0,0,246,0,0,0,0,,,,51
37979283,0.5,0,0,0,0,0.00805860758,0.297970891,0.297970891,15.9304171,0,8.58967113,8.44964409,0,13.3953247,0,0,246,0,0,0,0,,,,51
37980412,0.5,0,0,0,0,0.00805860758,0.297970891,0.297970891,15.9304171,0,8.58967113,8.45175552,0,13.3953247,0,0,246,0,0,0,0,,,,51
37981539,0.5,0.5,0,0,0.00805860758,0.00805860758,0.297970891,0.297970891,15.9304171,0,8.55953121,8.43697548,0,13.3953247,0,0,246,0,0,0,0,,,,51
37982669,0.5,0,0,0,0,0,0.297970891,0.297970891,15.9304171,0,8.57761478,8.44330978,0,13.3881769,0,0,246,0,0,0,0,,,,51
37984005,0.5,0,0,0,0,0.00805860758,0.297970891,0.297970891,15.9304171,0,8.56555939,8.43486404,0,13.3953247,0,0,246,0,0,0,0,,,,51
37985134,0.5,0,0,0,0,0.00805860758,0.297970891,0.297970891,15.9304171,0,8.58665657,8.43486404,0,13.3953247,0,0,246,0,0,0,0,,,,51
37986261,0.5,0,0,0,0,0.0161172152,0.297970891,0.297970891,15.9304171,0,8.56254578,8.44542122,0,13.3953247,0,0,246,0,0,0,0,,,,51
37987391,0.5,0,0,0,0,0.00805860758,0.297970891,0.297970891,15.9349623,0,8.56555939,8.44330978,0,13.3953247,0,0,246,0,0,0,0,,,,51
37988517,0.5,0,0,0,0,0.0161172152,0.297970891,0.297970891,15.9304171,0,8.58062935,8.43697548,0,13.3953247,0,0,246,0,0,0,0,,,,51
37989652,0.5,0,0,0,0,0,0.297970891,0.297970891,15.9304171,0,8.57460117,8.43064213,0,13.3953247,0,0,246,0,0,0,0,,,,51
37990779,0.5,0.5,0,0,0.00805860758,0.00805860758,0.297970891,0.297970891,15.9304171,0,8.56555939,8.43908691,0,13.3953247,0,0,246,0,0,0,0,,,,51
37991908,0.5,0,0,0,0,0.00805860758,0.297970891,0.297970891,15.9304171,0,8.58665657,8.43486404,0,13.3953247,0,0,246,0,0,0,0,,,,51
37993035,0.5,0,0,0,0,0.00805860758,0.297970891,0.297970891,15.9349623,0,8.58967113,8.44119835,0,13.3881769,0,0,246,0,0,0,0,,,,51
37994165,0.5,0,0,0,0,0.00805860758,0.297970891,0.297970891,15.9304171,0,8.57158756,8.44753265,0,13.3881769,0,0,246,0,0,0,0,,,,51
37995292,0.5,0,0,0,0,0,0.297970891,0.297970891,15.9304171,0,8.56555939,8.43697548,0,13.3881769,0,0,246,0,0,0,0,,,,51
37996426,0.5,1,0,0,0.00805860758,0,0.297970891,0.297970891,15.9304171,0,8.58062935,8.43697548,0,13.3953247,0,0,246,0,0,0,0,,,,51
37997553,0.5,0.5,0,0,0.00805860758,0.00805860758,0.297970891,0.297970891,15.9304171,0,8.58364296,8.44119835,0,13.3953247,0,0,246,0,0,0,0,,,,51
37998683,0.5,0,0,0,0,0.00805860758,0.297970891,0.297970891,15.9304171,0,8.59268475,8.43908691,0,13.3953247,0,0,246,0,0,0,0,,,,51
37999810,0.5,0.5,0,0,0.00805860758,0.00805860758,0.297970891,0.297970891,15.9304171,0,8.57460117,8.43697548,0,13.3953247,0,0,246,0,0,0,0,,,,51
38000940,0.5,0,0,0,0,0.0161172152,0.297970891,0.297970891,15.9349623,0,8.57158756,8.43908691,0,13.3953247,0,0,246,0,0,0,0,,,,51
38002071,0.5,0,0,0,0,0,0.297970891,0.297970891,15.9349623,0,8.57761478,8.44753265,0,13.3810291,0,0,246,0,0,0,0,,,,51
38003201,0.5,0,0,0,0,0.00805860758,0.297970891,0.297970891,15.9349623,0,8.58062935,8.43908691,0,13.3953247,0,0,246,0,0,0,0,,,,51
38004328,0.5,0,0,0,0,0.00805860758,0.297970891,0.297970891,15.9349623,0,8.56555939,8.44330978,0,13.3953247,0,0,246,0,0,0,0,,,,51
38005662,0.5,0,0,0,0,0.00805860758,0.297970891,0.297970891,15.9349623,0,8.58967113,8.44330978,0,13.3953247,0,0,246,0,0,0,0,,,,51
38006789,0.5,0,0,0,0,0.00805860758,0.297970891,0.297970891,15.9349623,0,8.56555939,8.45175552,0,13.3953247,0,0,246,0,0,0,0,,,,51
38007919,0.5,0,0,0,0,0,0.297970891,0.297970891,15.9304171,0,8.57460117,8.43697548,0,13.3953247,0,0,246,0,0,0,0,,,,51
38009051,0.5,0,0,0,0,0.00805860758,0.297970891,0.297970891,15.9304171,0,8.56254578,8.43697548,0,13.3738813,0,0,246,0,0,0,0,,,,51
38010180,0.5,0,0,0,0,0.00805860758,0.297970891,0.297970891,15.9349623,0,8.55953121,8.43486404,0,13.3953247,0,0,246,0,0,0,0,,,,51
38011307,0.5,0,0,0,0,0.00805860758,0.297970891,0.297970891,15.9304171,0,8.57761478,8.44542122,0,13.3953247,0,0,246,0,0,0,0,,,,51
38012437,0.5,0,0,0,0,0.00805860758,0.297970891,0.297970891,15.9304171,0,8.59569836,8.45175552,0,13.3953247,0,0,246,0,0,0,0,,,,51
38013563,0.5,0,0,0,0,0.00805860758,0.297970891,0.297970891,15.9349623,0,8.57761478,8.44119835,0,13.3953247,0,0,246,0,0,0,0,,,,51
38014693,0.5,0,0,0,0,0.00805860758,0.297970891,0.297970891,15.9304171,0,8.5565176,8.44119835,0,13.3953247,0,0,246,0,0,0,0,,,,51
38015825,0.5,0,0,0,0,0,0.297970891,0.297970891,15.9304171,0,8.55953121,8.43697548,0,13.3953247,0,0,246,0,0,0,0,,,,51
38016955,0.5,0,0,0,0,0,0.297970891,0.297970891,15.9304171,0,8.55953121,8.43697548,0,13.3881769,0,0,246,0,0,0,0,,,,51
38018082,0.5,0,0,0,0,0.00805860758,0.297970891,0.297970891,15.9304171,0,8.5444622,8.43908691,0,13.3953247,0,0,246,0,0,0,0,,,,51
38019211,0.5,0.5,0,0,0.00805860758,0.00805860758,0.297970891,0.297970891,15.9304171,0,8.5565176,8.44542122,0,13.3953247,0,0,246,0,0,0,0,,,,51
38020338,0.5,0,0,0,0,0.00805860758,0.297970891,0.297970891,15.9304171,0,8.54144764,8.43486404,0,13.3953247,0,0,246,0,0,0,0,,,,51
38021473,0.5,0,0,0,0,0.00805860758,0.297970891,0.297970891,15.9349623,0,8.58364296,8.44119835,0,13.3953247,0,0,246,0,0,0,0,,,,51
38022600,0.5,0,0,0,0,0,0.297970891,0.297970891,15.9304171,0,8.57158756,8.43908691,0,13.3953247,0,0,246,0,0,0,0,,,,51
38023730,0.5,0,0,0,0,0,0.297970891,0.297970891,15.9349623,0,8.58967113,8.45175552,0,13.3953247,0,0,246,0,0,0,0,,,,51
38024856,0.5,0,0,0,0,0.00805860758,0.297970891,0.297970891,15.9304171,0,8.5565176,8.44330978,0,13.3953247,0,0,246,0,0,0,0,,,,51
38026190,0.5,0,0,0,0,0.00805860758,0.297970891,0.297970891,15.9304171,0,8.58967113,8.43486404,0,13.3953247,0,0,246,0,0,0,0,,,,51
38027317,0.5,0,0,0,0,0.00805860758,0.297970891,0.297970891,15.9304171,0,8.58967113,8.43697548,0,13.3953247,0,0,246,0,0,0,0,,,,51
38028451,0.5,0,0,0,0,0.0161172152,0.297970891,0.297970891,15.9304171,0,8.54747581,8.43908691,0,13.3953247,0,0,246,0,0,0,0,,,,51
38029578,0.5,0,0,0,0,0.00805860758,0.297970891,0.297970891,15.9304171,0,8.59268475,8.44542122,0,13.3953247,0,0,246,0,0,0,0,,,,51
38030708,0.5,0,0,0,0,0,0.297970891,0.297970891,15.9304171,0,8.56555939,8.44330978,0,13.3953247,0,0,246,0,0,0,0,,,,51
38031835,0.5,0.5,0,0,0.00805860758,0.00805860758,0.297970891,0.297970891,15.9304171,0,8.58062935,8.44119835,0,13.3953247,0,0,246,0,0,0,0,,,,51
38032965,0.5,1,0,0,0.00805860758,0,0.297970891,0.297970891,15.9304171,0,8.53240585,8.44542122,0,13.3953247,0,0,246,0,0,0,0,,,,51
38034096,0.5,1,0,0,0.00805860758,0,0.297970891,0.297970891,15.9304171,0,8.57158756,8.45175552,0,13.3953247,0,0,246,0,0,0,0,,,,51
38035227,0.5,0,0,0,0,0.00805860758,0.297970891,0.297970891,15.9304171,0,8.59268475,8.44330978,0,13.3953247,0,0,246,0,0,0,0,,,,51
38036353,0.5,0,0,0,0,0,0.297970891,0.297970891,15.9304171,0,8.57158756,8.43908691,0,13.3953247,0,0,246,0,0,0,0,,,,51
38037483,0.5,0,0,0,0,0.00805860758,0.297970891,0.297970891,15.9304171,0,8.56555939,8.44964409,0,13.3881769,0,0,246,0,0,0,0,,,,51
38038610,0.5,1,0,0,0.00805860758,0,0.297970891,0.297970891,15.9304171,0,8.57460117,8.44330978,0,13.3953247,0,0,246,0,0,0,0,,,,51
38039739,0.5,0.5,0,0,0.00805860758,0.00805860758,0.297970891,0.297970891,15.9349623,0,8.56254578,8.44753265,0,13.3953247,0,0,246,0,0,0,0,,,,51
38040871,0.5,0,0,0,0,0.00805860758,0.297970891,0.297970891,15.9349623,0,8.57158756,8.44330978,0,13.3953247,0,0,246,0,0,0,0,,,,51
38042001,0.5,0,0,0,0,0.00805860758,0.297970891,0.297970891,15.9304171,0,8.58665657,8.43697548,0,13.3953247,0,0,246,0,0,0,0,,,,51
38043128,0.5,0,0,0,0,0,0.297970891,0.297970891,15.9349623,0,8.568573,8.44753265,0,13.3953247,0,0,246,0,0,0,0,,,,51
38044258,0.5,0,0,0,0,0,0.297970891,0.297970891,15.9304171,0,8.57761478,8.45175552,0,13.3953247,0,0,246,0,0,0,0,,,,51
38045384,0.5,0,0,0,0,0.00805860758,0.297970891,0.297970891,15.9304171,0,8.57761478,8.44330978,0,13.3953247,0,0,246,0,0,0,0,,,,51
38046519,0.5,0,0,0,0,0,0.297970891,0.297970891,15.9304171,0,8.54144764,8.43697548,0,13.3953247,0,0,246,0,0,0,0,,,,51
38047850,0.5,0,0,0,0,0.00805860758,0.297970891,0.297970891,15.9349623,0,8.57158756,8.44119835,0,13.3881769,0,0,246,0,0,0,0,,,,51
38048980,0.5,0,0,0,0,0,0.297970891,0.297970891,15.9349623,0,8.58062935,8.44330978,0,13.3881769,0,0,246,0,0,0,0,,,,51
38050107,0.5,0,0,0,0,0,0.297970891,0.297970891,15.9304171,0,8.568573,8.44542122,0,13.3953247,0,0,246,0,0,0,0,,,,51
38051237,0.5,0,0,0,0,0.00805860758,0.297970891,0.297970891,15.9349623,0,8.568573,8.44330978,0,13.3953247,0,0,246,0,0,0,0,,,,51
38052363,0.5,0,0,0,0,0.00805860758,0.297970891,0.297970891,15.9349623,0,8.56254578,8.43064213,0,13.3953247,0,0,246,0,0,0,0,,,,51
38053498,0.5,0.5,0,0,0.00805860758,0.00805860758,0.297970891,0.297970891,15.9304171,0,8.5444622,8.45386696,0,13.3881769,0,0,246,0,0,0,0,,,,51
38054625,0.5,1,0,0,0.00805860758,0,0.297970891,0.297970891,15.9304171,0,8.55953121,8.43908691,0,13.3881769,0,0,246,0,0,0,0,,,,51
38055754,0.5,1,0,0,0.00805860758,0,0.297970891,0.297970891,15.9349623,0,8.568573,8.44330978,0,13.3953247,0,0,246,0,0,0,0,,,,51
38056881,0.5,0,0,0,0,0.00805860758,0.297970891,0.297970891,15.9304171,0,8.56254578,8.45175552,0,13.3953247,0,0,246,0,0,0,0,,,,51
38058011,0.5,0,0,0,0,0.00805860758,0.297970891,0.297970891,15.9349623,0,8.59268475,8.44964409,0,13.3953247,0,0,246,0,0,0,0,,,,51
38059138,0.5,0,0,0,0,0.00805860758,0.297970891,0.297970891,15.9349623,0,8.57158756,8.44119835,0,13.3953247,0,0,246,0,0,0,0,,,,51
38060273,0.5,1,0,0,0.00805860758,0,0.297970891,0.297970891,15.9304171,0,8.5565176,8.43908691,0,13.3953247,0,0,246,0,0,0,0,,,,51
38061400,0.5,0,0,0,0,0,0.297970891,0.297970891,15.9304171,0,8.55350399,8.45175552,0,13.3881769,0,0,246,0,0,0,0,,,,51
38062529,0.5,0,0,0,0,0.00805860758,0.297970891,0.297970891,15.9349623,0,8.58364296,8.43486404,0,13.3953247,0,0,246,0,0,0,0,,,,51
38063656,0.5,0,0,0,0,0.00805860758,0.297970891,0.297970891,15.9304171,0,8.56555939,8.43275356,0,13.3953247,0,0,246,0,0,0,0,,,,51
38064786,0.5,0,0,0,0,0,0.297970891,0.297970891,15.9304171,0,8.58364296,8.44964409,0,13.3953247,0,0,246,0,0,0,0,,,,51
38065917,0.5,1,0,0,0.00805860758,0,0.297970891,0.297970891,15.9304171,0,8.57158756,8.44753265,0,13.3953247,0,0,246,0,0,0,0,,,,51
38067047,0.5,1,0,0,0.00805860758,0,0.297970891,0.297970891,15.9304171,0,8.55953121,8.45386696,0,13.3810291,0,0,246,0,0,0,0,,,,51
38068378,0.5,0.5,0,0,0.00805860758,0.00805860758,0.297970891,0.297970891,15.9304171,0,8.568573,8.44542122,0,13.3953247,0,0,246,0,0,0,0,,,,51
38069508,0.5,0.5,0,0,0.00805860758,0.00805860758,0.297970891,0.297970891,15.9304171,0,8.568573,8.43908691,0,13.3953247,0,0,246,0,0,0,0,,,,51
38070635,0.5,0.5,0,0,0.00805860758,0.00805860758,0.297970891,0.297970891,15.9304171,0,8.57460117,8.43908691,0,13.3953247,0,0,246,0,0,0,0,,,,51
38071765,0.5,0,0,0,0,0.00805860758,0.297970891,0.297970891,15.9349623,0,8.54144764,8.43697548,0,13.3953247,0,0,246,0,0,0,0,,,,51
38072896,0.5,0,0,0,0,0.00805860758,0.297970891,0.297970891,15.9258718,0,8.568573,8.43486404,0,13.3953247,0,0,246,0,0,0,0,,,,51
38074026,0.5,0,0,0,0,0.00805860758,0.297970891,0.297970891,15.9304171,0,8.56555939,8.43486404,0,13.3881769,0,0,246,0,0,0,0,,,,51
38075153,0.5,0,0,0,0,0.00805860758,0.297970891,0.297970891,15.9304171,0,8.58364296,8.44542122,0,13.3953247,0,0,246,0,0,0,0,,,,51
38076283,0.5,0,0,0,0,0.0161172152,0.297970891,0.297970891,15.9304171,0,8.58062935,8.44753265,0,13.3881769,0,0,246,0,0,0,0,,,,51
38077409,0.5,0,0,0,0,0,0.297970891,0.297970891,15.9304171,0,8.57158756,8.43697548,0,13.3953247,0,0,246,0,0,0,0,,,,51
38078544,0.5,0,0,0,0,0.00805860758,0.297970891,0.297970891,15.9304171,0,8.58364296,8.43697548,0,13.3953247,0,0,246,0,0,0,0,,,,51
38079671,0.5,0,0,0,0,0,0.297970891,0.297970891,15.9349623,0,8.55953121,8.43908691,0,13.3953247,0,0,246,0,0,0,0,,,,51
38080800,0.5,0,0,0,0,0.00805860758,0.297970891,0.297970891,15.9304171,0,8.57158756,8.44119835,0,13.3953247,0,0,246,0,0,0,0,,,,51
38081927,0.5,0.5,0,0,0.00805860758,0.00805860758,0.297970891,0.297970891,15.9304171,0,8.56555939,8.43275356,0,13.3953247,0,0,246,0,0,0,0,,,,51
38083057,0.5,0,0,0,0,0.00805860758,0.297970891,0.297970891,15.9304171,0,8.54747581,8.43697548,0,13.3881769,0,0,246,0,0,0,0,,,,51
38084184,0.5,0,0,0,0,0,0.297970891,0.297970891,15.9304171,0,8.57158756,8.44119835,0,13.3953247,0,0,246,0,0,0,0,,,,51
38085318,0.5,0,0,0,0,0,0.297970891,0.297970891,15.9304171,0,8.55953121,8.44753265,0,13.3953247,0,0,246,0,0,0,0,,,,51
38086445,0.5,0,0,0,0,0.00805860758,0.297970891,0.297970891,15.9304171,0,8.54747581,8.44330978,0,13.3953247,0,0,246,0,0,0,0,,,,51
38087575,0.5,0.5,0,0,0.00805860758,0.00805860758,0.297970891,0.297970891,15.9304171,0,8.56555939,8.44542122,0,13.3953247,0,0,246,0,0,0,0,,,,51
38088906,0.5,0,0,0,0,0.0161172152,0.297970891,0.297970891,15.9349623,0,8.58665657,8.43908691,0,13.3953247,0,0,246,0,0,0,0,,,,51
38090036,0.5,0,0,0,0,0,0.297970891,0.297970891,15.9304171,0,8.59268475,8.43908691,0,13.3881769,0,0,246,0,0,0,0,,,,51
38091168,0.5,1,0,0,0.00805860758,0,0.297970891,0.297970891,15.9258718,0,8.55048943,8.45386696,0,13.3953247,0,0,246,0,0,0,0,,,,51
38092297,0.5,0,0,0,0,0.00805860758,0.297970891,0.297970891,15.9304171,0,8.55953121,8.43697548,0,13.3953247,0,0,246,0,0,0,0,,,,51
38093424,0.5,0.5,0,0,0.00805860758,0.00805860758,0.297970891,0.297970891,15.9304171,0,8.55953121,8.44753265,0,13.3953247,0,0,246,0,0,0,0,,,,51
38094554,0.5,0,0,0,0,0.00805860758,0.297970891,0.297970891,15.9304171,0,8.56254578,8.43697548,0,13.3953247,0,0,246,0,0,0,0,,,,51
38095681,0.5,0,0,0,0,0.00805860758,0.297970891,0.297970891,15.9304171,0,8.56555939,8.43697548,0,13.4024725,0,0,246,0,0,0,0,,,,51
38096811,0.5,0,0,0,0,0.00805860758,0.297970891,0.297970891,15.9349623,0,8.56555939,8.44964409,0,13.4024725,0,0,246,0,0,0,0,,,,51
38097942,0.5,0,0,0,0,0.00805860758,0.297970891,0.297970891,15.9304171,0,8.55350399,8.44330978,0,13.3953247,0,0,246,0,0,0,0,,,,51
38099072,0.5,1,0,0,0.00805860758,0,0.297970891,0.297970891,15.9304171,0,8.56555939,8.44753265,0,13.3810291,0,0,246,0,0,0,0,,,,51
38100199,0.5,0,0,0,0,0,0.297970891,0.297970891,15.9304171,0,8.56555939,8.44330978,0,13.3953247,0,0,246,0,0,0,0,,,,51
38101329,0.5,0,0,0,0,0,0.297970891,0.297970891,15.9304171,0,8.58967113,8.44753265,0,13.3953247,0,0,246,0,0,0,0,,,,51
38102455,0.5,0,0,0,0,0.00805860758,0.297970891,0.297970891,15.9304171,0,8.568573,8.43908691,0,13.3953247,0,0,246,0,0,0,0,,,,51
38103590,0.5,0,0,0,0,0,0.297970891,0.297970891,15.9349623,0,8.57460117,8.44330978,0,13.3953247,0,0,246,0,0,0,0,,,,51
38104716,0.5,0,0,0,0,0.00805860758,0.297970891,0.297970891,15.9304171,0,8.58967113,8.44119835,0,13.3953247,0,0,246,0,0,0,0,,,,51
38105846,0.5,0,0,0,0,0.00805860758,0.297970891,0.297970891,15.9304171,0,8.57761478,8.44753265,0,13.3953247,0,0,246,0,0,0,0,,,,51
38106973,0.5,0,0,0,0,0.00805860758,0.297970891,0.297970891,15.9304171,0,8.56555939,8.44964409,0,13.3953247,0,0,246,0,0,0,0,,,,51
38108103,0.5,0,0,0,0,0,0.297970891,0.297970891,15.9349623,0,8.5565176,8.45175552,0,13.3953247,0,0,246,0,0,0,0,,,,51
38109230,0.5,1,0,0,0.00805860758,0,0.297970891,0.297970891,15.9304171,0,8.58665657,8.44964409,0,13.3953247,0,0,246,0,0,0,0,,,,51
38110568,0.5,0,0,0,0,0,0.297970891,0.297970891,15.9304171,0,8.58665657,8.45175552,0,13.3953247,0,0,246,0,0,0,0,,,,51
38111695,0.5,0,0,0,0,0,0.297970891,0.297970891,15.9349623,0,8.57460117,8.43275356,0,13.3953247,0,0,246,0,0,0,0,,,,51
38112825,0.5,0,0,0,0,0.00805860758,0.297970891,0.297970891,15.9349623,0,8.55953121,8.43697548,0,13.3953247,0,0,246,0,0,0,0,,,,51
38113952,0.5,0,0,0,0,0.00805860758,0.297970891,0.297970891,15.9304171,0,8.56555939,8.44119835,0,13.3953247,0,0,246,0,0,0,0,,,,51
38115082,0.5,0,0,0,0,0.00805860758,0.297970891,0.297970891,15.9304171,0,8.58967113,8.45175552,0,13.3738813,0,0,246,0,0,0,0,,,,51
38116209,0.5,0,0,0,0,0.00805860758,0.297970891,0.297970891,15.9349623,0,8.59268475,8.43908691,0,13.3881769,0,0,246,0,0,0,0,,,,51
38117343,0.5,0,0,0,0,0.00805860758,0.297970891,0.297970891,15.9349623,0,8.57158756,8.44753265,0,13.3953247,0,0,246,0,0,0,0,,,,51
38118470,0.5,0.5,0,0,0.00805860758,0.00805860758,0.297970891,0.297970891,15.9304171,0,8.57158756,8.44542122,0,13.3953247,0,0,246,0,0,0,0,,,,51
38119600,0.5,0,0,0,0,0,0.297970891,0.297970891,15.9304171,0,8.57158756,8.43908691,0,13.3953247,0,0,246,0,0,0,0,,,,51
38120727,0.5,1,0,0,0.00805860758,0,0.297970891,0.297970891,15.9304171,0,8.58967113,8.44330978,0,13.4024725,0,0,246,0,0,0,0,,,,51
38121856,0.5,0,0,0,0,0.00805860758,0.297970891,0.297970891,15.9304171,0,8.54747581,8.45175552,0,13.3953247,0,0,246,0,0,0,0,,,,51
38122988,0.5,1,0,0,0.00805860758,0,0.297970891,0.297970891,15.9304171,0,8.55953121,8.44964409,0,13.3953247,0,0,246,0,0,0,0,,,,51
38124118,0.5,0.5,0,0,0.00805860758,0.00805860758,0.297970891,0.297970891,15.9304171,0,8.56555939,8.43697548,0,13.4024725,0,0,246,0,0,0,0,,,,51
38125245,0.5,1,0,0,0.00805860758,0,0.297970891,0.297970891,15.9304171,0,8.5444622,8.44542122,0,13.3953247,0,0,246,0,0,0,0,,,,51
38126375,0.5,0,0,0,0,0,0.297970891,0.297970891,15.9304171,0,8.56555939,8.45386696,0,13.3881769,0,0,246,0,0,0,0,,,,51
38127501,0.5,0,0,0,0,0.00805860758,0.297970891,0.297970891,15.9304171,0,8.58665657,8.44119835,0,13.3953247,0,0,246,0,0,0,0,,,,51
38128631,0.5,0,0,0,0,0.00805860758,0.297970891,0.297970891,15.9349623,0,8.57158756,8.43486404,0,13.3953247,0,0,246,0,0,0,0,,,,51
38129763,0.5,0,0,0,0,0.00805860758,0.297970891,0.297970891,15.9304171,0,8.568573,8.43697548,0,13.3953247,0,0,246,0,0,0,0,,,,51
38131097,0.5,0,0,0,0,0.00805860758,0.297970891,0.297970891,15.9304171,0,8.57158756,8.44964409,0,13.3953247,0,0,246,0,0,0,0,,,,51
38132224,0.5,0,0,0,0,0.00805860758,0.297970891,0.297970891,15.9349623,0,8.5565176,8.44964409,0,13.3953247,0,0,246,0,0,0,0,,,,51
38133353,0.5,0,0,0,0,0.0161172152,0.297970891,0.297970891,15.9349623,0,8.58062935,8.44119835,0,13.3953247,0,0,246,0,0,0,0,,,,51
38134480,0.5,0.5,0,0,0.00805860758,0.00805860758,0.297970891,0.297970891,15.9304171,0,8.55350399,8.44753265,0,13.3953247,0,0,246,0,0,0,0,,,,51
38135615,0.5,1,0,0,0.00805860758,0,0.297970891,0.297970891,15.9304171,0,8.55048943,8.45597839,0,13.3953247,0,0,246,0,0,0,0,,,,51
38136741,0.5,0,0,0,0,0,0.297970891,0.297970891,15.9304171,0,8.57158756,8.44542122,0,13.3953247,0,0,246,0,0,0,0,,,,51
38137871,0.5,0.5,0,0,0.00805860758,0.00805860758,0.297970891,0.297970891,15.9349623,0,8.57761478,8.44964409,0,13.3953247,0,0,246,0,0,0,0,,,,51
38138998,0.5,0,0,0,0,0,0.297970891,0.297970891,15.9304171,0,8.55953121,8.44119835,0,13.3953247,0,0,246,0,0,0,0,,,,51
38140129,0.5,0,0,0,0,0.00805860758,0.297970891,0.297970891,15.9304171,0,8.57158756,8.44753265,0,13.4024725,0,0,246,0,0,0,0,,,,51
38141255,0.5,0,0,0,0,0.00805860758,0.297970891,0.297970891,15.9304171,0,8.58665657,8.44119835,0,13.3953247,0,0,246,0,0,0,0,,,,51
38142390,0.5,0,0,0,0,0.00805860758,0.297970891,0.297970891,15.9304171,0,8.58967113,8.44542122,0,13.3953247,0,0,246,0,0,0,0,,,,51
38143517,0.5,0,0,0,0,0.00805860758,0.297970891,0.297970891,15.9304171,0,8.59569836,8.43697548,0,13.3953247,0,0,246,0,0,0,0,,,,51
38144647,0.5,0,0,0,0,0,0.297970891,0.297970891,15.9304171,0,8.568573,8.44542122,0,13.3953247,0,0,246,0,0,0,0,,,,51
38145773,0.5,0,0,0,0,0.00805860758,0.297970891,0.297970891,15.9349623,0,8.58665657,8.44330978,0,13.3953247,0,0,246,0,0,0,0,,,,51
38146903,0.5,0,0,0,0,0.00805860758,0.297970891,0.297970891,15.9304171,0,8.568573,8.43697548,0,13.3881769,0,0,246,0,0,0,0,,,,51
38148035,0.5,0,0,0,0,0,0.297970891,0.297970891,15.9304171,0,8.54747581,8.44119835,0,13.3810291,0,0,246,0,0,0,0,,,,51
38149165,0.5,0,0,0,0,0,0.297970891,0.297970891,15.9349623,0,8.57158756,8.44964409,0,13.3953247,0,0,246,0,0,0,0,,,,51
38150292,0.5,0.5,0,0,0.00805860758,0.00805860758,0.297970891,0.297970891,15.9304171,0,8.57460117,8.43486404,0,13.3953247,0,0,246,0,0,0,0,,,,51
38151421,0.5,0,0,0,0,0.00805860758,0.297970891,0.297970891,15.9304171,0,8.58364296,8.44964409,0,13.3953247,0,0,246,0,0,0,0,,,,51
38152752,0.5,0,0,0,0,0,0.297970891,0.297970891,15.9304171,0,8.57460117,8.44542122,0,13.3953247,0,0,246,0,0,0,0,,,,51
38153882,0.5,0,0,0,0,0.00805860758,0.297970891,0.297970891,15.9349623,0,8.56555939,8.45175552,0,13.3953247,0,0,246,0,0,0,0,,,,51
38155014,0.5,1,0,0,0.00805860758,0,0.297970891,0.297970891,15.9304171,0,8.5565176,8.44542122,0,13.3881769,0,0,246,0,0,0,0,,,,51
38156144,0.5,0.5,0,0,0.00805860758,0.00805860758,0.297970891,0.297970891,15.9304171,0,8.56254578,8.45175552,0,13.4024725,0,0,246,0,0,0,0,,,,51
38157271,0.5,0.5,0,0,0.00805860758,0.00805860758,0.297970891,0.297970891,15.9304171,0,8.52637863,8.44753265,0,13.3881769,0,0,246,0,0,0,0,,,,51
38158401,0.5,0,0,0,0,0,0.297970891,0.297970891,15.9304171,0,8.56555939,8.43908691,0,13.3953247,0,0,246,0,0,0,0,,,,51
38159527,0.5,0,0,0,0,0,0.297970891,0.297970891,15.9304171,0,8.59871292,8.44542122,0,13.3953247,0,0,246,0,0,0,0,,,,51
38160657,0.5,0,0,0,0,0.00805860758,0.297970891,0.297970891,15.9349623,0,8.56254578,8.44964409,0,13.3881769,0,0,246,0,0,0,0,,,,51
38161789,0.5,0.5,0,0,0.00805860758,0.00805860758,0.297970891,0.297970891,15.9349623,0,8.57460117,8.44330978,0,13.3953247,0,0,246,0,0,0,0,,,,51
38162918,0.5,0,0,0,0,0.00805860758,0.297970891,0.297970891,15.9304171,0,8.56254578,8.44753265,0,13.3953247,0,0,246,0,0,0,0,,,,51
38164046,0.5,0,0,0,0,0.00805860758,0.297970891,0.297970891,15.9304171,0,8.54144764,8.44753265,0,13.3810291,0,0,246,0,0,0,0,,,,51
38165175,0.5,0,0,0,0,0.00805860758,0.297970891,0.297970891,15.9304171,0,8.56555939,8.44542122,0,13.3953247,0,0,246,0,0,0,0,,,,51
38166302,0.5,0,0,0,0,0.00805860758,0.297970891,0.297970891,15.9304171,0,8.53843403,8.43275356,0,13.3953247,0,0,246,0,0,0,0,,,,51
38167437,0.5,1,0,0,0.00805860758,0,0.297970891,0.297970891,15.9349623,0,8.5444622,8.44119835,0,13.3953247,0,0,246,0,0,0,0,,,,51
38168564,0.5,0.5,0,0,0.00805860758,0.00805860758,0.297970891,0.297970891,15.9349623,0,8.58967113,8.44330978,0,13.3953247,0,0,246,0,0,0,0,,,,51
38169693,0.5,0,0,0,0,0.00805860758,0.297970891,0.297970891,15.9304171,0,8.56555939,8.44753265,0,13.3953247,0,0,246,0,0,0,0,,,,51
38170820,0.5,0,0,0,0,0,0.297970891,0.297970891,15.9304171,0,8.57158756,8.45175552,0,13.3953247,0,0,246,0,0,0,0,,,,51
38171950,0.5,0,0,0,0,0.00805860758,0.297970891,0.297970891,15.9304171,0,8.58967113,8.44119835,0,13.3953247,0,0,246,0,0,0,0,,,,51
38173281,0.5,0,0,0,0,0.00805860758,0.297970891,0.297970891,15.9349623,0,8.58062935,8.44753265,0,13.3953247,0,0,246,0,0,0,0,,,,51
38174416,0.5,0,0,0,0,0.00805860758,0.297970891,0.297970891,15.9304171,0,8.54144764,8.43486404,0,13.3953247,0,0,246,0,0,0,0,,,,51
38175542,0.5,0,0,0,0,0,0.297970891,0.297970891,15.9304171,0,8.56555939,8.44542122,0,13.3953247,0,0,246,0,0,0,0,,,,51
38176672,0.5,1,0,0,0.00805860758,0,0.297970891,0.297970891,15.9349623,0,8.58062935,8.45175552,0,13.3953247,0,0,246,0,0,0,0,,,,51
38177800,0.5,0,0,0,0,0.00805860758,0.297970891,0.297970891,15.9304171,0,8.57158756,8.44964409,0,13.3953247,0,0,246,0,0,0,0,,,,51
38178929,0.5,1,0,0,0.00805860758,0,0.297970891,0.297970891,15.9304171,0,8.58967113,8.44119835,0,13.3953247,0,0,246,0,0,0,0,,,,51
38180061,0.5,0.5,0,0,0.00805860758,0.00805860758,0.297970891,0.297970891,15.9258718,0,8.58062935,8.44330978,0,13.3810291,0,0,246,0,0,0,0,,,,51
38181191,0.5,0,0,0,0,0,0.297970891,0.297970891,15.9304171,0,8.5444622,8.45386696,0,13.3953247,0,0,246,0,0,0,0,,,,51
38182318,0.5,0.5,0,0,0.00805860758,0.00805860758,0.297970891,0.297970891,15.9304171,0,8.5565176,8.43486404,0,13.3953247,0,0,246,0,0,0,0,,,,51
38183448,0.5,0,0,0,0,0,0.297970891,0.297970891,15.9349623,0,8.55048943,8.43908691,0,13.3953247,0,0,246,0,0,0,0,,,,51
38184574,0.5,0,0,0,0,0,0.297970891,0.297970891,15.9304171,0,8.58364296,8.44753265,0,13.3953247,0,0,246,0,0,0,0,,,,51
38185704,0.5,0,0,0,0,0.00805860758,0.297970891,0.297970891,15.9349623,0,8.56254578,8.44542122,0,13.3953247,0,0,246,0,0,0,0,,,,51
38186836,0.5,0,0,0,0,0.00805860758,0.297970891,0.297970891,15.9349623,0,8.568573,8.44964409,0,13.3953247,0,0,246,0,0,0,0,,,,51
38187966,0.5,0,0,0,0,0.00805860758,0.297970891,0.297970891,15.9349623,0,8.59268475,8.43486404,0,13.3881769,0,0,246,0,0,0,0,,,,51
38189093,0.5,0,0,0,0,0.00805860758,0.297970891,0.297970891,15.9304171,0,8.58364296,8.44542122,0,13.3953247,0,0,246,0,0,0,0,,,,51
38190222,0.5,0,0,0,0,0.00805860758,0.297970891,0.297970891,15.9395075,0,8.57158756,8.44753265,0,13.3953247,0,0,246,0,0,0,0,,,,51
38191349,0.5,0,0,0,0,0.00805860758,0.297970891,0.297970891,15.9258718,0,8.57158756,8.44119835,0,13.3953247,0,0,246,0,0,0,0,,,,51
38192484,0.5,0.333333343,0,0,0.00805860758,0.0161172152,0.297970891,0.297970891,15.9304171,0,8.55953121,8.43697548,0,13.3953247,0,0,246,0,0,0,0,,,,51
38193814,0.5,0,0,0,0,0.00805860758,0.297970891,0.297970891,15.9304171,0,8.58967113,8.44542122,0,13.3953247,0,0,246,0,0,0,0,,,,51
38194944,0.5,0,0,0,0,0.00805860758,0.297970891,0.297970891,15.9304171,0,8.568573,8.44542122,0,13.3953247,0,0,246,0,0,0,0,,,,51
38196071,0.5,0,0,0,0,0,0.297970891,0.297970891,15.9304171,0,8.59268475,8.45386696,0,13.3738813,0,0,246,0,0,0,0,,,,51
38197201,0.5,0,0,0,0,0.00805860758,0.297970891,0.297970891,15.9304171,0,8.55953121,8.43908691,0,13.3953247,0,0,246,0,0,0,0,,,,51
38198328,0.5,0,0,0,0,0.00805860758,0.297970891,0.297970891,15.9304171,0,8.58364296,8.44753265,0,13.3953247,0,0,246,0,0,0,0,,,,51
38199462,0.5,0,0,0,0,0,0.297970891,0.297970891,15.9349623,0,8.5565176,8.43486404,0,13.3953247,0,0,246,0,0,0,0,,,,51
38200589,0.5,0,0,0,0,0,0.297970891,0.297970891,15.9304171,0,8.56555939,8.44753265,0,13.3953247,0,0,246,0,0,0,0,,,,51
38201718,0.5,0,0,0,0,0.00805860758,0.297970891,0.297970891,15.9304171,0,8.55953121,8.44964409,0,13.4024725,0,0,246,0,0,0,0,,,,51
38202846,0.5,0,0,0,0,0.00805860758,0.297970891,0.297970891,15.9304171,0,8.58062935,8.44330978,0,13.3953247,0,0,246,0,0,0,0,,,,51
38203976,0.5,0.5,0,0,0.00805860758,0.00805860758,0.297970891,0.297970891,15.9304171,0,8.58967113,8.43908691,0,13.3953247,0,0,246,0,0,0,0,,,,51
38205102,0.5,0,0,0,0,0.00805860758,0.297970891,0.297970891,15.9304171,0,8.58967113,8.44753265,0,13.3953247,0,0,246,0,0,0,0,,,,51
38206237,0.5,0.5,0,0,0.00805860758,0.00805860758,0.297970891,0.297970891,15.9349623,0,8.58967113,8.44753265,0,13.3953247,0,0,246,0,0,0,0,,,,51
38207364,0.5,0,0,0,0,0.00805860758,0.297970891,0.297970891,15.9349623,0,8.568573,8.45175552,0,13.4024725,0,0,246,0,0,0,0,,,,51
38208494,0.5,0,0,0,0,0,0.297970891,0.297970891,15.9349623,0,8.568573,8.45808983,0,13.3953247,0,0,246,0,0,0,0,,,,51
38209621,0.5,0,0,0,0,0,0.297970891,0.297970891,15.9304171,0,8.58062935,8.44964409,0,13.3953247,0,0,246,0,0,0,0,,,,51
38210751,0.5,1,0,0,0.00805860758,0,0.297970891,0.297970891,15.9304171,0,8.57158756,8.44753265,0,13.3953247,0,0,246,0,0,0,0,,,,51
38211882,0.5,1,0,0,0.00805860758,0,0.297970891,0.297970891,15.9304171,0,8.54144764,8.45175552,0,13.3953247,0,0,246,0,0,0,0,,,,51
38213012,0.5,0.5,0,0,0.00805860758,0.00805860758,0.297970891,0.297970891,15.9304171,0,8.57460117,8.45175552,0,13.3881769,0,0,246,0,0,0,0,,,,51
38214139,0.5,0.5,0,0,0.00805860758,0.00805860758,0.297970891,0.297970891,15.9304171,0,8.55953121,8.43908691,0,13.3881769,0,0,246,0,0,0,0,,,,51
38215473,0.5,0,0,0,0,0.00805860758,0.297970891,0.297970891,15.9304171,0,8.56555939,8.43275356,0,13.3953247,0,0,246,0,0,0,0,,,,51
38216600,0.5,0,0,0,0,0.00805860758,0.297970891,0.297970891,15.9304171,0,8.58967113,8.43697548,0,13.3881769,0,0,246,0,0,0,0,,,,51
38217730,0.5,0,0,0,0,0.00805860758,0.297970891,0.297970891,15.9304171,0,8.5565176,8.43486404,0,13.3953247,0,0,246,0,0,0,0,,,,51
38218862,0.5,0,0,0,0,0.00805860758,0.297970891,0.297970891,15.9304171,0,8.57761478,8.44542122,0,13.3953247,0,0,246,0,0,0,0,,,,51
38219992,0.5,0,0,0,0,0.00805860758,0.297970891,0.297970891,15.9304171,0,8.57460117,8.44753265,0,13.3953247,0,0,246,0,0,0,0,,,,51
38221119,0.5,0.5,0,0,0.00805860758,0.00805860758,0.297970891,0.297970891,15.9304171,0,8.55048943,8.45386696,0,13.3953247,0,0,246,0,0,0,0,,,,51
38222248,0.5,0.5,0,0,0.00805860758,0.00805860758,0.297970891,0.297970891,15.9304171,0,8.57158756,8.44119835,0,13.3953247,0,0,246,0,0,0,0,,,,51
38223375,0.5,0,0,0,0,0.00805860758,0.297970891,0.297970891,15.9304171,0,8.55953121,8.44330978,0,13.3953247,0,0,246,0,0,0,0,,,,51
38224509,0.5,1,0,0,0.00805860758,0,0.297970891,0.297970891,15.9304171,0,8.56254578,8.44964409,0,13.3953247,0,0,246,0,0,0,0,,,,51
38225636,0.5,1,0,0,0.00805860758,0,0.297970891,0.297970891,15.9304171,0,8.56555939,8.44330978,0,13.3953247,0,0,246,0,0,0,0,,,,51
38226766,0.5,0.5,0,0,0.00805860758,0.00805860758,0.297970891,0.297970891,15.9304171,0,8.54144764,8.44542122,0,13.4024725,0,0,246,0,0,0,0,,,,51
38227893,0.5,1,0,0,0.00805860758,0,0.297970891,0.297970891,15.9304171,0,8.56254578,8.44964409,0,13.3953247,0,0,246,0,0,0,0,,,,51
38229023,0.5,0,0,0,0,0,0.297970891,0.297970891,15.9304171,0,8.57761478,8.44542122,0,13.3881769,0,0,246,0,0,0,0,,,,51
38230150,0.5,0,0,0,0,0.00805860758,0.297970891,0.297970891,15.9304171,0,8.5565176,8.44753265,0,13.3953247,0,0,246,0,0,0,0,,,,51
38231284,0.5,1,0,0,0.00805860758,0,0.297970891,0.297970891,15.9304171,0,8.54747581,8.43908691,0,13.3953247,0,0,246,0,0,0,0,,,,51
38232411,0.5,1,0,0,0.00805860758,0,0.297970891,0.297970891,15.9304171,0,8.57460117,8.45175552,0,13.3953247,0,0,246,0,0,0,0,,,,51
38233541,0.5,0,0,0,0,0.00805860758,0.297970891,0.297970891,15.9304171,0,8.58967113,8.44330978,0,13.3953247,0,0,246,0,0,0,0,,,,51
38234668,0.5,0,0,0,0,0.00805860758,0.297970891,0.297970891,15.9304171,0,8.58364296,8.43908691,0,13.3953247,0,0,246,0,0,0,0,,,,51
38236001,0.5,0,0,0,0,0.0161172152,0.297970891,0.297970891,15.9304171,0,8.59268475,8.43908691,0,13.3953247,0,0,246,0,0,0,0,,,,51
38237133,0.5,0,0,0,0,0.00805860758,0.297970891,0.297970891,15.9304171,0,8.5565176,8.44753265,0,13.3953247,0,0,246,0,0,0,0,,,,51
38238263,0.5,0.5,0,0,0.00805860758,0.00805860758,0.297970891,0.297970891,15.9304171,0,8.58967113,8.44330978,0,13.3953247,0,0,246,0,0,0,0,,,,51
38239389,0.5,0,0,0,0,0.00805860758,0.297970891,0.297970891,15.9349623,0,8.56254578,8.44119835,0,13.3881769,0,0,246,0,0,0,0,,,,51
38240519,0.5,0,0,0,0,0.00805860758,0.297970891,0.297970891,15.9304171,0,8.56254578,8.44542122,0,13.3953247,0,0,246,0,0,0,0,,,,51
38241646,0.5,0,0,0,0,0,0.297970891,0.297970891,15.9349623,0,8.57761478,8.44119835,0,13.3953247,0,0,246,0,0,0,0,,,,51
38242776,0.5,0,0,0,0,0.00805860758,0.297970891,0.297970891,15.9304171,0,8.59569836,8.44542122,0,13.3953247,0,0,246,0,0,0,0,,,,51
38243908,0.5,0,0,0,0,0.00805860758,0.297970891,0.297970891,15.9349623,0,8.56555939,8.44330978,0,13.3953247,0,0,246,0,0,0,0,,,,51
38245038,0.5,0,0,0,0,0.00805860758,0.297970891,0.297970891,15.9304171,0,8.568573,8.43908691,0,13.3881769,0,0,246,0,0,0,0,,,,51
38246164,0.5,0,0,0,0,0.00805860758,0.297970891,0.297970891,15.9304171,0,8.59268475,8.43908691,0,13.3953247,0,0,246,0,0,0,0,,,,51
38247294,0.5,0.5,0,0,0.00805860758,0.00805860758,0.297970891,0.297970891,15.9304171,0,8.58967113,8.43908691,0,13.3953247,0,0,246,0,0,0,0,,,,51
38248421,0.5,0,0,0,0,0.00805860758,0.297970891,0.297970891,15.9304171,0,8.55350399,8.45175552,0,13.3953247,0,0,246,0,0,0,0,,,,51
38249555,0.5,0,0,0,0,0.0161172152,0.297970891,0.297970891,15.9349623,0,8.568573,8.44330978,0,13.3953247,0,0,246,0,0,0,0,,,,51
38250682,0.5,0.5,0,0,0.00805860758,0.00805860758,0.297970891,0.297970891,15.9304171,0,8.58062935,8.43697548,0,13.3953247,0,0,246,0,0,0,0,,,,51
38251812,0.5,0,0,0,0,0.00805860758,0.297970891,0.297970891,15.9304171,0,8.5444622,8.44542122,0,13.3953247,0,0,246,0,0,0,0,,,,51
38252939,0.5,0,0,0,0,0.00805860758,0.297970891,0.297970891,15.9304171,0,8.55953121,8.44542122,0,13.3953247,0,0,246,0,0,0,0,,,,51
38254069,0.5,0,0,0,0,0.00805860758,0.297970891,0.297970891,15.9304171,0,8.58062935,8.44119835,0,13.3738813,0,0,246,0,0,0,0,,,,51
38255196,0.5,0,0,0,0,0.00805860758,0.297970891,0.297970891,15.9304171,0,8.59268475,8.44330978,0,13.3953247,0,0,246,0,0,0,0,,,,51
38256330,0.5,0,0,0,0,0.00805860758,0.297970891,0.297970891,15.9304171,0,8.57460117,8.42853069,0,13.3953247,0,0,246,0,0,0,0,,,,51
38257661,0.5,0,0,0,0,0.0241758227,0.297970891,0.297970891,15.9349623,0,8.58665657,8.43697548,0,13.3953247,0,0,246,0,0,0,0,,,,51
38258792,0.5,0,0,0,0,0.00805860758,0.297970891,0.297970891,15.9304171,0,8.58364296,8.43908691,0,13.3953247,0,0,246,0,0,0,0,,,,51
38259919,0.5,0,0,0,0,0.0161172152,0.297970891,0.297970891,15.9304171,0,8.58967113,8.44119835,0,13.3953247,0,0,246,0,0,0,0,,,,51
38261048,0.5,0,0,0,0,0.0161172152,0.297970891,0.297970891,15.9349623,0,8.58665657,8.45175552,0,13.3738813,0,0,246,0,0,0,0,,,,51
38262175,0.5,0,0,0,0,0.0161172152,0.297970891,0.297970891,15.9349623,0,8.568573,8.43275356,0,13.3953247,0,0,246,0,0,0,0,,,,51
38263309,0.5,0,0,0,0,0.00805860758,0.297970891,0.297970891,15.9349623,0,8.57158756,8.43908691,0,13.3953247,0,0,246,0,0,0,0,,,,51
38264436,0.5,0,0,0,0,0.0161172152,0.297970891,0.297970891,15.9304171,0,8.56555939,8.44753265,0,13.3953247,0,0,246,0,0,0,0,,,,51
38265566,0.5,1,0,0,0.00805860758,0,0.297970891,0.297970891,15.9304171,0,8.568573,8.43697548,0,13.3953247,0,0,246,0,0,0,0,,,,51
38266693,0.5,0,0,0,0,0.00805860758,0.297970891,0.297970891,15.9304171,0,8.568573,8.43908691,0,13.3953247,0,0,246,0,0,0,0,,,,51
38267823,0.5,0,0,0,0,0.00805860758,0.297970891,0.297970891,15.9304171,0,8.56555939,8.44330978,0,13.3953247,0,0,246,0,0,0,0,,,,51
38268954,0.5,0.5,0,0,0.00805860758,0.00805860758,0.297970891,0.297970891,15.9304171,0,8.58665657,8.44753265,0,13.3953247,0,0,246,0,0,0,0,,,,51
38270085,0.5,0,0,0,0,0,0.297970891,0.297970891,15.9304171,0,8.56254578,8.45175552,0,13.3738813,0,0,246,0,0,0,0,,,,51
38271211,0.5,0,0,0,0,0.00805860758,0.297970891,0.297970891,15.9304171,0,8.57158756,8.44119835,0,13.3953247,0,0,246,0,0,0,0,,,,51
38272341,0.5,0,0,0,0,0.00805860758,0.297970891,0.297970891,15.9349623,0,8.5444622,8.44119835,0,13.3953247,0,0,246,0,0,0,0,,,,51
38273468,0.5,0.5,0,0,0.00805860758,0.00805860758,0.297970891,0.297970891,15.9349623,0,8.57460117,8.44330978,0,13.3953247,0,0,246,0,0,0,0,,,,51
38274597,0.5,0,0,0,0,0,0.297970891,0.297970891,15.9304171,0,8.568573,8.44753265,0,13.3953247,0,0,246,0,0,0,0,,,,51
38275729,0.5,0,0,0,0,0,0.297970891,0.297970891,15.9304171,0,8.58665657,8.44542122,0,13.3953247,0,0,246,0,0,0,0,,,,51
38276859,0.5,0,0,0,0,0.00805860758,0.297970891,0.297970891,15.9349623,0,8.57761478,8.44330978,0,13.3953247,0,0,246,0,0,0,0,,,,51
38278190,0.5,1,0,0,0.00805860758,0,0.297970891,0.297970891,15.9349623,0,8.55953121,8.44964409,0,13.3953247,0,0,246,0,0,0,0,,,,51
38279320,0.5,0.5,0,0,0.00805860758,0.00805860758,0.297970891,0.297970891,15.9304171,0,8.5565176,8.44542122,0,13.3881769,0,0,246,0,0,0,0,,,,51
38280447,0.5,1,0,0,0.00805860758,0,0.297970891,0.297970891,15.9304171,0,8.58062935,8.44119835,0,13.3953247,0,0,246,0,0,0,0,,,,51
38281582,0.5,0,0,0,0,0,0.297970891,0.297970891,15.9304171,0,8.56555939,8.44964409,0,13.3953247,0,0,246,0,0,0,0,,,,51
38282708,0.5,0,0,0,0,0,0.297970891,0.297970891,15.9304171,0,8.57761478,8.45175552,0,13.3953247,0,0,246,0,0,0,0,,,,51
38283838,0.5,0,0,0,0,0,0.297970891,0.297970891,15.9304171,0,8.52336502,8.44542122,0,13.3953247,0,0,246,0,0,0,0,,,,51
38284965,0.5,0,0,0,0,0,0.297970891,0.297970891,15.9349623,0,8.568573,8.43486404,0,13.3953247,0,0,246,0,0,0,0,,,,51
38286095,0.5,1,0,0,0.0161172152,0,0.297970891,0.297970891,15.9304171,0,8.58364296,8.43486404,0,13.3953247,0,0,246,0,0,0,0,,,,51
38287222,0.5,0,0,0,0,0.00805860758,0.297970891,0.297970891,15.9304171,0,8.55953121,8.44542122,0,13.3881769,0,0,246,0,0,0,0,,,,51
38288356,0.5,1,0,0,0.00805860758,0,0.297970891,0.297970891,15.9304171,0,8.5565176,8.43908691,0,13.3953247,0,0,246,0,0,0,0,,,,51
38289483,0.5,0,0,0,0,0,0.297970891,0.297970891,15.9304171,0,8.5565176,8.43697548,0,13.3953247,0,0,246,0,0,0,0,,,,51
38290612,0.5,0,0,0,0,0,0.297970891,0.297970891,15.9349623,0,8.56254578,8.43486404,0,13.3881769,0,0,246,0,0,0,0,,,,51
38291739,0.5,0,0,0,0,0.00805860758,0.297970891,0.297970891,15.9349623,0,8.568573,8.44119835,0,13.3953247,0,0,246,0,0,0,0,,,,51
38292870,0.5,0,0,0,0,0,0.297970891,0.297970891,15.9304171,0,8.57761478,8.44753265,0,13.3953247,0,0,246,0,0,0,0,,,,51
38294001,0.5,0,0,0,0,0,0.297970891,0.297970891,15.9304171,0,8.56254578,8.44119835,0,13.3953247,0,0,246,0,0,0,0,,,,51
38295131,0.5,1,0,0,0.00805860758,0,0.297970891,0.297970891,15.9349623,0,8.58665657,8.45386696,0,13.3881769,0,0,246,0,0,0,0,,,,51
38296258,0.5,1,0,0,0.00805860758,0,0.297970891,0.297970891,15.9304171,0,8.5444622,8.44330978,0,13.3953247,0,0,246,0,0,0,0,,,,51
38297388,0.5,0.5,0,0,0.00805860758,0.00805860758,0.297970891,0.297970891,15.9349623,0,8.55953121,8.44753265,0,13.3953247,0,0,246,0,0,0,0,,,,51
38298515,0.5,0,0,0,0,0.00805860758,0.297970891,0.297970891,15.9349623,0,8.5444622,8.43908691,0,13.3953247,0,0,246,0,0,0,0,,,,51
38299848,0.5,0,0,0,0,0,0.297970891,0.297970891,15.9304171,0,8.57460117,8.44964409,0,13.3953247,0,0,246,0,0,0,0,,,,51
38300980,0.5,0,0,0,0,0.00805860758,0.297970891,0.297970891,15.9304171,0,8.55953121,8.43697548,0,13.3953247,0,0,246,0,0,0,0,,,,51
38302110,0.5,0.5,0,0,0.00805860758,0.00805860758,0.297970891,0.297970891,15.9304171,0,8.55953121,8.43697548,0,13.3953247,0,0,246,0,0,0,0,,,,51
38303237,0.5,0.5,0,0,0.00805860758,0.00805860758,0.297970891,0.297970891,15.9304171,0,8.56254578,8.44964409,0,13.3953247,0,0,246,0,0,0,0,,,,51
38304367,0.5,0.5,0,0,0.00805860758,0.00805860758,0.297970891,0.297970891,15.9304171,0,8.55350399,8.44330978,0,13.3953247,0,0,246,0,0,0,0,,,,51
38305494,0.5,0.5,0,0,0.00805860758,0.00805860758,0.297970891,0.297970891,15.9349623,0,8.58665657,8.43697548,0,13.3953247,0,0,246,0,0,0,0,,,,51
38306624,0.5,0,0,0,0,0.00805860758,0.297970891,0.297970891,15.9349623,0,8.55350399,8.44330978,0,13.3953247,0,0,246,0,0,0,0,,,,51
38307756,0.5,0,0,0,0,0.00805860758,0.297970891,0.297970891,15.9304171,0,8.5565176,8.44542122,0,13.3953247,0,0,246,0,0,0,0,,,,51
38308886,0.5,0,0,0,0,0.00805860758,0.297970891,0.297970891,15.9304171,0,8.55953121,8.44330978,0,13.3953247,0,0,246,0,0,0,0,,,,51
38310012,0.5,0,0,0,0,0.00805860758,0.297970891,0.297970891,15.9304171,0,8.57460117,8.44542122,0,13.3953247,0,0,246,0,0,0,0,,,,51
38311142,0.5,0,0,0,0,0.00805860758,0.297970891,0.297970891,15.9304171,0,8.58967113,8.44330978,0,13.3953247,0,0,246,0,0,0,0,,,,51
38312269,0.5,0,0,0,0,0,0.297970891,0.297970891,15.9304171,0,8.58062935,8.44964409,0,13.3881769,0,0,246,0,0,0,0,,,,51
38313403,0.5,0,0,0,0,0.00805860758,0.297970891,0.297970891,15.9304171,0,8.56254578,8.44119835,0.00714798551,13.3953247,0,0,246,0,0,0,0,,,,51
38314530,0.5,0,0,0,0,0,0.297970891,0.297970891,15.9304171,0,8.56555939,8.44542122,0,13.3953247,0,0,246,0,0,0,0,,,,51
38315660,0.5,0,0,0,0,0.00805860758,0.297970891,0.297970891,15.9304171,0,8.56555939,8.43486404,0,13.3953247,0,0,246,0,0,0,0,,,,51
38316787,0.5,0.5,0,0,0.00805860758,0.00805860758,0.297970891,0.297970891,15.9304171,0,8.56555939,8.45386696,0,13.3953247,0,0,246,0,0,0,0,,,,51
38317916,0.5,0,0,0,0,0.00805860758,0.297970891,0.297970891,15.9304171,0,8.57761478,8.44119835,0,13.3953247,0,0,246,0,0,0,0,,,,51
38319043,0.5,0,0,0,0,0.00805860758,0.297970891,0.297970891,15.9349623,0,8.57761478,8.44119835,0,13.3810291,0,0,246,0,0,0,0,,,,51
38320381,0.5,0,0,0,0,0.0161172152,0.297970891,0.297970891,15.9304171,0,8.57460117,8.44330978,0,13.3953247,0,0,246,0,0,0,0,,,,51
38321508,0.5,0,0,0,0,0.00805860758,0.297970891,0.297970891,15.9304171,0,8.58967113,8.43486404,0,13.3953247,0,0,246,0,0,0,0,,,,51
38322638,0.5,0,0,0,0,0.0161172152,0.297970891,0.297970891,15.9349623,0,8.57761478,8.44542122,0,13.3953247,0,0,246,0,0,0,0,,,,51
38323765,0.5,0,0,0,0,0.0161172152,0.297970891,0.297970891,15.9349623,0,8.57761478,8.43697548,0,13.3953247,0,0,246,0,0,0,0,,,,51
38324895,0.5,0,0,0,0,0.00805860758,0.297970891,0.297970891,15.9304171,0,8.55350399,8.44119835,0,13.3953247,0,0,246,0,0,0,0,,,,51
38326027,0.5,0,0,0,0,0.00805860758,0.297970891,0.297970891,15.9349623,0,8.58665657,8.43697548,0,13.3953247,0,0,246,0,0,0,0,,,,51
38327156,0.5,0,0,0,0,0.00805860758,0.297970891,0.297970891,15.9349623,0,8.58967113,8.43486404,0,13.3953247,0,0,246,0,0,0,0,,,,51
38328283,0.5,0,0,0,0,0.00805860758,0.297970891,0.297970891,15.9304171,0,8.58665657,8.44753265,0,13.3953247,0,0,246,0,0,0,0,,,,51
38329413,0.5,0,0,0,0,0.00805860758,0.297970891,0.297970891,15.9304171,0,8.58665657,8.44119835,0,13.3953247,0,0,246,0,0,0,0,,,,51
38330540,0.5,0,0,0,0,0,0.297970891,0.297970891,15.9349623,0,8.56555939,8.44542122,0,13.3953247,0,0,246,0,0,0,0,,,,51
38331670,0.5,0,0,0,0,0.00805860758,0.297970891,0.297970891,15.9304171,0,8.57761478,8.45386696,0,13.3953247,0,0,246,0,0,0,0,,,,51
38332801,0.5,0,0,0,0,0,0.297970891,0.297970891,15.9304171,0,8.58364296,8.44542122,0,13.3953247,0,0,246,0,0,0,0,,,,51
38333931,0.5,0,0,0,0,0.00805860758,0.297970891,0.297970891,15.9304171,0,8.5444622,8.44964409,0,13.4024725,0,0,246,0,0,0,0,,,,51
38335058,0.5,0,0,0,0,0,0.297970891,0.297970891,15.9304171,0,8.55048943,8.44753265,0,13.3810291,0,0,246,0,0,0,0,,,,51
38336188,0.5,0,0,0,0,0.00805860758,0.297970891,0.297970891,15.9304171,0,8.54747581,8.44964409,0,13.3953247,0,0,246,0,0,0,0,,,,51
38337315,0.5,0,0,0,0,0.0161172152,0.297970891,0.297970891,15.9304171,0,8.58665657,8.44964409,0,13.3953247,0,0,246,0,0,0,0,,,,51
38338449,0.5,0.5,0,0,0.00805860758,0.00805860758,0.297970891,0.297970891,15.9304171,0,8.58062935,8.44753265,0,13.3953247,0,0,246,0,0,0,0,,,,51
38339576,0.5,0,0,0,0,0.00805860758,0.297970891,0.297970891,15.9304171,0,8.568573,8.43908691,0,13.3953247,0,0,246,0,0,0,0,,,,51
38340909,0.5,0,0,0,0,0.00805860758,0.297970891,0.297970891,15.9349623,0,8.58665657,8.43697548,0,13.3953247,0,0,246,0,0,0,0,,,,51
38342036,0.5,0,0,0,0,0.00805860758,0.297970891,0.297970891,15.9304171,0,8.54747581,8.44542122,0,13.3881769,0,0,246,0,0,0,0,,,,51
38343166,0.5,0,0,0,0,0.00805860758,0.297970891,0.297970891,15.9304171,0,8.59569836,8.44964409,0,13.3953247,0,0,246,0,0,0,0,,,,51
38344293,0.5,0.5,0,0,0.00805860758,0.00805860758,0.297970891,0.297970891,15.9304171,0,8.55048943,8.43697548,0,13.3953247,0,0,246,0,0,0,0,,,,51
38345427,0.5,0,0,0,0,0.0161172152,0.297970891,0.297970891,15.9349623,0,8.56555939,8.44330978,0,13.3953247,0,0,246,0,0,0,0,,,,51
38346554,0.5,0,0,0,0,0.0161172152,0.297970891,0.297970891,15.9304171,0,8.5565176,8.44330978,0,13.3953247,0,0,246,0,0,0,0,,,,51
38347684,0.5,0,0,0,0,0.00805860758,0.297970891,0.297970891,15.9304171,0,8.58364296,8.42853069,0,13.4024725,0,0,246,0,0,0,0,,,,51
38348811,0.5,0,0,0,0,0.0161172152,0.297970891,0.297970891,15.9304171,0,8.56254578,8.44964409,0,13.3953247,0,0,246,0,0,0,0,,,,51
38349941,0.5,0,0,0,0,0.0161172152,0.297970891,0.297970891,15.9304171,0,8.58967113,8.43486404,0,13.3953247,0,0,246,0,0,0,0,,,,51
38351067,0.5,0,0,0,0,0.00805860758,0.297970891,0.297970891,15.9349623,0,8.58665657,8.43064213,0,13.3881769,0,0,246,0,0,0,0,,,,51
38352202,0.5,0,0,0,0,0.00805860758,0.297970891,0.297970891,15.9258718,0,8.57761478,8.43486404,0,13.3953247,0,0,246,0,0,0,0,,,,51
38353328,0.5,0,0,0,0,0.00805860758,0.297970891,0.297970891,15.9304171,0,8.5444622,8.43275356,0,13.3953247,0,0,246,0,0,0,0,,,,51
38354458,0.5,0,0,0,0,0.00805860758,0.297970891,0.297970891,15.9349623,0,8.57158756,8.43486404,0,13.3953247,0,0,246,0,0,0,0,,,,51
38355585,0.5,0,0,0,0,0.00805860758,0.297970891,0.297970891,15.9304171,0,8.57158756,8.44119835,0,13.3953247,0,0,246,0,0,0,0,,,,51
38356715,0.5,0,0,0,0,0.00805860758,0.297970891,0.297970891,15.9304171,0,8.58665657,8.44330978,0,13.3953247,0,0,246,0,0,0,0,,,,51
38357846,0.5,0,0,0,0,0.00805860758,0.297970891,0.297970891,15.9349623,0,8.56555939,8.44753265,0,13.3953247,0,0,246,0,0,0,0,,,,51
38358976,0.5,0,0,0,0,0.0161172152,0.297970891,0.297970891,15.9304171,0,8.5565176,8.44330978,0,13.3953247,0,0,246,0,0,0,0,,,,51
38360103,0.5,0,0,0,0,0.00805860758,0.297970891,0.297970891,15.9304171,0,8.58967113,8.43486404,0,13.3953247,0,0,246,0,0,0,0,,,,51
38361233,0.5,0,0,0,0,0.00805860758,0.297970891,0.297970891,15.9349623,0,8.58364296,8.44753265,0,13.3953247,0,0,246,0,0,0,0,,,,51
38362564,0.5,0,0,0,0,0.00805860758,0.297970891,0.297970891,15.9304171,0,8.57460117,8.44119835,0,13.3953247,0,0,246,0,0,0,0,,,,51
38363694,0.5,0,0,0,0,0,0.297970891,0.297970891,15.9304171,0,8.58665657,8.44330978,0,13.3953247,0,0,246,0,0,0,0,,,,51
38364825,0.5,0,0,0,0,0.00805860758,0.297970891,0.297970891,15.9349623,0,8.56254578,8.44330978,0,13.3953247,0,0,246,0,0,0,0,,,,51
38365955,0.5,0,0,0,0,0.00805860758,0.297970891,0.297970891,15.9304171,0,8.57158756,8.44119835,0,13.3881769,0,0,246,0,0,0,0,,,,51
38367082,0.5,0.5,0,0,0.00805860758,0.00805860758,0.297970891,0.297970891,15.9304171,0,8.55350399,8.44542122,0,13.3953247,0,0,246,0,0,0,0,,,,51
38368212,0.5,0,0,0,0,0.00805860758,0.297970891,0.297970891,15.9304171,0,8.568573,8.44330978,0,13.3953247,0,0,246,0,0,0,0,,,,51
38369338,0.5,0,0,0,0,0.00805860758,0.297970891,0.297970891,15.9349623,0,8.55048943,8.44119835,0,13.3953247,0,0,246,0,0,0,0,,,,51
38370473,0.5,0,0,0,0,0,0.297970891,0.297970891,15.9304171,0,8.57761478,8.44753265,0,13.3953247,0,0,246,0,0,0,0,,,,51
38371599,0.5,0,0,0,0,0.00805860758,0.297970891,0.297970891,15.9349623,0,8.58062935,8.44753265,0,13.3953247,0,0,246,0,0,0,0,,,,51
38372729,0.5,0,0,0,0,0,0.297970891,0.297970891,15.9304171,0,8.56555939,8.44119835,0,13.3953247,0,0,246,0,0,0,0,,,,51
38373856,0.5,0,0,0,0,0.00805860758,0.297970891,0.297970891,15.9349623,0,8.58364296,8.44119835,0,13.3953247,0,0,246,0,0,0,0,,,,51
38374986,0.5,0,0,0,0,0.00805860758,0.297970891,0.297970891,15.9349623,0,8.56555939,8.44119835,0,13.3953247,0,0,246,0,0,0,0,,,,51
38376113,0.5,0,0,0,0,0.00805860758,0.297970891,0.297970891,15.9349623,0,8.58665657,8.43908691,0,13.3953247,0,0,246,0,0,0,0,,,,51
38377248,0.5,0,0,0,0,0.00805860758,0.297970891,0.297970891,15.9304171,0,8.55953121,8.42853069,0,13.3953247,0,0,246,0,0,0,0,,,,51
38378375,0.5,0.5,0,0,0.00805860758,0.00805860758,0.297970891,0.297970891,15.9304171,0,8.59268475,8.44330978,0,13.3953247,0,0,246,0,0,0,0,,,,51
38379504,0.5,1,0,0,0.00805860758,0,0.297970891,0.297970891,15.9304171,0,8.56555939,8.44330978,0,13.3953247,0,0,246,0,0,0,0,,,,51
38380631,0.5,0,0,0,0,0.00805860758,0.297970891,0.297970891,15.9349623,0,8.5565176,8.44330978,0,13.3881769,0,0,246,0,0,0,0,,,,51
38381761,0.5,0,0,0,0,0.00805860758,0.297970891,0.297970891,15.9304171,0,8.57158756,8.44330978,0,13.3953247,0,0,246,0,0,0,0,,,,51
38383097,0.5,0,0,0,0,0.00805860758,0.297970891,0.297970891,15.9304171,0,8.58967113,8.44119835,0,13.3953247,0,0,246,0,0,0,0,,,,51
38384226,0.5,0,0,0,0,0,0.297970891,0.297970891,15.9349623,0,8.56555939,8.44330978,0,13.3881769,0,0,246,0,0,0,0,,,,51
38385353,0.5,0,0,0,0,0.00805860758,0.297970891,0.297970891,15.9349623,0,8.58364296,8.44753265,0,13.3953247,0,0,246,0,0,0,0,,,,51
38386483,0.5,0,0,0,0,0.00805860758,0.297970891,0.297970891,15.9304171,0,8.5565176,8.43064213,0,13.3953247,0,0,246,0,0,0,0,,,,51
38387609,0.5,0,0,0,0,0.00805860758,0.297970891,0.297970891,15.9349623,0,8.58967113,8.44542122,0,13.3953247,0,0,246,0,0,0,0,,,,51
38388740,0.5,1,0,0,0.00805860758,0,0.297970891,0.297970891,15.9304171,0,8.5565176,8.44753265,0,13.3953247,0,0,246,0,0,0,0,,,,51
38389871,0.5,1,0,0,0.00805860758,0,0.297970891,0.297970891,15.9349623,0,8.55953121,8.44542122,0,13.3953247,0,0,246,0,0,0,0,,,,51
38391001,0.5,0,0,0,0,0.00805860758,0.297970891,0.297970891,15.9304171,0,8.57761478,8.43908691,0,13.3953247,0,0,246,0,0,0,0,,,,51
38392128,0.5,0,0,0,0,0.00805860758,0.297970891,0.297970891,15.9304171,0,8.58665657,8.44542122,0,13.3953247,0,0,246,0,0,0,0,,,,51
38393258,0.5,0,0,0,0,0.00805860758,0.297970891,0.297970891,15.9349623,0,8.58665657,8.43908691,0,13.3953247,0,0,246,0,0,0,0,,,,51
38394384,0.5,0,0,0,0,0.00805860758,0.297970891,0.297970891,15.9349623,0,8.59268475,8.44119835,0,13.3953247,0,0,246,0,0,0,0,,,,51
38395518,0.5,0,0,0,0,0.00805860758,0.297970891,0.297970891,15.9304171,0,8.57460117,8.44753265,0,13.3881769,0,0,246,0,0,0,0,,,,51
38396645,0.5,0,0,0,0,0.00805860758,0.297970891,0.297970891,15.9304171,0,8.54747581,8.44330978,0,13.3953247,0,0,246,0,0,0,0,,,,51
38397775,0.5,0.5,0,0,0.00805860758,0.00805860758,0.297970891,0.297970891,15.9304171,0,8.56254578,8.43064213,0,13.3953247,0,0,246,0,0,0,0,,,,51
38398902,0.5,0,0,0,0,0.00805860758,0.297970891,0.297970891,15.9304171,0,8.58967113,8.44753265,0,13.3953247,0,0,246,0,0,0,0,,,,51
38400032,0.5,0,0,0,0,0.00805860758,0.297970891,0.297970891,15.9304171,0,8.58967113,8.44753265,0,13.3881769,0,0,246,0,0,0,0,,,,51
38401158,0.5,0,0,0,0,0.00805860758,0.297970891,0.297970891,15.9349623,0,8.56555939,8.44542122,0,13.3953247,0,0,246,0,0,0,0,,,,51
38402293,0.5,0,0,0,0,0.00805860758,0.297970891,0.297970891,15.9349623,0,8.59268475,8.44753265,0,13.3953247,0,0,246,0,0,0,0,,,,51
38403420,0.5,0,0,0,0,0.00805860758,0.297970891,0.297970891,15.9304171,0,8.58062935,8.44964409,0,13.3881769,0,0,246,0,0,0,0,,,,51
38404753,0.5,0,0,0,0,0.00805860758,0.297970891,0.297970891,15.9304171,0,8.56254578,8.43697548,0,13.3953247,0,0,246,0,0,0,0,,,,51
38405881,0.5,0,0,0,0,0.00805860758,0.297970891,0.297970891,15.9304171,0,8.56254578,8.44119835,0,13.3881769,0,0,246,0,0,0,0,,,,51
38407010,0.5,0,0,0,0,0.00805860758,0.297970891,0.297970891,15.9349623,0,8.568573,8.44542122,0,13.3953247,0,0,246,0,0,0,0,,,,51
38408137,0.5,0,0,0,0,0.0161172152,0.297970891,0.297970891,15.9304171,0,8.58665657,8.44119835,0,13.3953247,0,0,246,0,0,0,0,,,,51
38409272,0.5,0,0,0,0,0.00805860758,0.297970891,0.297970891,15.9304171,0,8.57460117,8.44330978,0,13.3953247,0,0,246,0,0,0,0,,,,51
38410398,0.5,0,0,0,0,0,0.297970891,0.297970891,15.9304171,0,8.57158756,8.44753265,0,13.4024725,0,0,246,0,0,0,0,,,,51
38411528,0.5,0,0,0,0,0,0.297970891,0.297970891,15.9349623,0,8.56555939,8.44330978,0,13.3881769,0,0,246,0,0,0,0,,,,51
38412655,0.5,0,0,0,0,0,0.297970891,0.297970891,15.9304171,0,8.55350399,8.44542122,0,13.3953247,0,0,246,0,0,0,0,,,,51
38413785,0.5,0,0,0,0,0.00805860758,0.297970891,0.297970891,15.9349623,0,8.58967113,8.44542122,0,13.3881769,0,0,246,0,0,0,0,,,,51
38414916,0.5,0,0,0,0,0.00805860758,0.297970891,0.297970891,15.9304171,0,8.56254578,8.44753265,0,13.3953247,0,0,246,0,0,0,0,,,,51
38416046,0.5,0,0,0,0,0.00805860758,0.297970891,0.297970891,15.9304171,0,8.54747581,8.45175552,0,13.3881769,0,0,246,0,0,0,0,,,,51
38417173,0.5,0.5,0,0,0.00805860758,0.00805860758,0.297970891,0.297970891,15.9304171,0,8.5565176,8.44119835,0,13.3953247,0,0,246,0,0,0,0,,,,51
38418303,0.5,1,0,0,0.00805860758,0,0.297970891,0.297970891,15.9349623,0,8.59569836,8.43486404,0,13.3953247,0,0,246,0,0,0,0,,,,51
38419430,0.5,1,0,0,0.00805860758,0,0.297970891,0.297970891,15.9304171,0,8.57460117,8.45175552,0,13.3953247,0,0,246,0,0,0,0,,,,51
38420559,0.5,1,0,0,0.00805860758,0,0.297970891,0.297970891,15.9304171,0,8.58665657,8.43697548,0,13.3953247,0,0,246,0,0,0,0,,,,51
38421691,0.5,0,0,0,0,0.00805860758,0.297970891,0.297970891,15.9304171,0,8.55953121,8.44542122,0,13.3953247,0,0,246,0,0,0,0,,,,51
38422821,0.5,0,0,0,0,0,0.297970891,0.297970891,15.9304171,0,8.57158756,8.44753265,0,13.3953247,0,0,246,0,0,0,0,,,,51
38423947,0.5,0,0,0,0,0,0.297970891,0.297970891,15.9304171,0,8.57761478,8.44119835,0,13.3953247,0,0,246,0,0,0,0,,,,51
38425281,0.5,0.5,0,0,0.00805860758,0.00805860758,0.297970891,0.297970891,15.9304171,0,8.56555939,8.44542122,0,13.3953247,0,0,246,0,0,0,0,,,,51
38426408,0.5,0,0,0,0,0.00805860758,0.297970891,0.297970891,15.9304171,0,8.57158756,8.44119835,0,13.3953247,0,0,246,0,0,0,0,,,,51
38427542,0.5,0,0,0,0,0.00805860758,0.297970891,0.297970891,15.9304171,0,8.58364296,8.43697548,0,13.3953247,0,0,246,0,0,0,0,,,,51
38428669,0.5,0,0,0,0,0.00805860758,0.297970891,0.297970891,15.9304171,0,8.568573,8.44119835,0,13.3953247,0,0,246,0,0,0,0,,,,51
38429799,0.5,0,0,0,0,0.0161172152,0.297970891,0.297970891,15.9304171,0,8.54144764,8.43486404,0,13.3953247,0,0,246,0,0,0,0,,,,51
38430926,0.5,0,0,0,0,0.00805860758,0.297970891,0.297970891,15.9304171,0,8.58967113,8.44542122,0,13.3953247,0,0,246,0,0,0,0,,,,51
38432056,0.5,0,0,0,0,0.00805860758,0.297970891,0.297970891,15.9349623,0,8.57761478,8.44119835,0,13.3738813,0,0,246,0,0,0,0,,,,51
38433182,0.5,0,0,0,0,0.0161172152,0.297970891,0.297970891,15.9349623,0,8.58665657,8.43486404,0,13.3953247,0,0,246,0,0,0,0,,,,51
38434317,0.5,0,0,0,0,0.0161172152,0.297970891,0.297970891,15.9304171,0,8.58062935,8.43908691,0,13.3953247,0,0,246,0,0,0,0,,,,51
38435444,0.5,0,0,0,0,0.00805860758,0.297970891,0.297970891,15.9304171,0,8.57158756,8.44964409,0,13.3881769,0,0,246,0,0,0,0,,,,51
38436574,0.5,0,0,0,0,0.00805860758,0.297970891,0.297970891,15.9349623,0,8.55953121,8.44119835,0,13.3953247,0,0,246,0,0,0,0,,,,51
38437700,0.5,0,0,0,0,0.00805860758,0.297970891,0.297970891,15.9304171,0,8.58062935,8.43908691,0,13.3953247,0,0,246,0,0,0,0,,,,51
38438830,0.5,0,0,0,0,0,0.297970891,0.297970891,15.9304171,0,8.58967113,8.44964409,0,13.3953247,0,0,246,0,0,0,0,,,,51
38439962,0.5,0.5,0,0,0.00805860758,0.00805860758,0.297970891,0.297970891,15.9304171,0,8.56555939,8.44542122,0,13.3953247,0,0,246,0,0,0,0,,,,51
38441092,0.5,0,0,0,0,0.00805860758,0.297970891,0.297970891,15.9349623,0,8.58364296,8.43697548,0,13.3953247,0,0,246,0,0,0,0,,,,51
38442219,0.5,0.5,0,0,0.00805860758,0.00805860758,0.297970891,0.297970891,15.9304171,0,8.57158756,8.44964409,0,13.3953247,0,0,246,0,0,0,0,,,,51
38443349,0.5,0,0,0,0,0.00805860758,0.297970891,0.297970891,15.9304171,0,8.55350399,8.44119835,0,13.3953247,0,0,246,0,0,0,0,,,,51
38444476,0.5,0,0,0,0,0.00805860758,0.297970891,0.297970891,15.9304171,0,8.55350399,8.44119835,0,13.3953247,0,0,246,0,0,0,0,,,,51
38445810,0.5,0,0,0,0,0.00805860758,0.297970891,0.297970891,15.9304171,0,8.58967113,8.44330978,0,13.3953247,0,0,246,0,0,0,0,,,,51
38446941,0.5,0,0,0,0,0.00805860758,0.297970891,0.297970891,15.9304171,0,8.57158756,8.44119835,0,13.3953247,0,0,246,0,0,0,0,,,,51
38448071,0.5,0,0,0,0,0.00805860758,0.297970891,0.297970891,15.9349623,0,8.56254578,8.43908691,0,13.3810291,0,0,246,0,0,0,0,,,,51
38449198,0.5,0,0,0,0,0.0161172152,0.297970891,0.297970891,15.9304171,0,8.56254578,8.44330978,0,13.3953247,0,0,246,0,0,0,0,,,,51
38450328,0.5,0,0,0,0,0.00805860758,0.297970891,0.297970891,15.9349623,0,8.57761478,8.43908691,0,13.3953247,0,0,246,0,0,0,0,,,,51
38451454,0.5,0,0,0,0,0.0161172152,0.297970891,0.297970891,15.9304171,0,8.58062935,8.44753265,0,13.4024725,0,0,246,0,0,0,0,,,,51
38452584,0.5,0,0,0,0,0.00805860758,0.297970891,0.297970891,15.9304171,0,8.5565176,8.44964409,0,13.3953247,0,0,246,0,0,0,0,,,,51
38453716,0.5,0.5,0,0,0.00805860758,0.00805860758,0.297970891,0.297970891,15.9304171,0,8.57158756,8.43486404,0,13.3953247,0,0,246,0,0,0,0,,,,51
38454845,0.5,0.5,0,0,0.00805860758,0.00805860758,0.297970891,0.297970891,15.9349623,0,8.57158756,8.44119835,0,13.3953247,0,0,246,0,0,0,0,,,,51
38455972,0.5,0,0,0,0,0.00805860758,0.297970891,0.297970891,15.9304171,0,8.58364296,8.43908691,0,13.3953247,0,0,246,0,0,0,0,,,,51
38457102,0.5,0,0,0,0,0.00805860758,0.297970891,0.297970891,15.9304171,0,8.58967113,8.43908691,0,13.3953247,0,0,246,0,0,0,0,,,,51
38458229,0.5,0,0,0,0,0.00805860758,0.297970891,0.297970891,15.9349623,0,8.56254578,8.44542122,0,13.3953247,0,0,246,0,0,0,0,,,,51
38459364,0.5,0,0,0,0,0.00805860758,0.297970891,0.297970891,15.9349623,0,8.58364296,8.43697548,0,13.3953247,0,0,246,0,0,0,0,,,,51
38460491,0.5,0,0,0,0,0.00805860758,0.297970891,0.297970891,15.9304171,0,8.57761478,8.44964409,0,13.3953247,0,0,246,0,0,0,0,,,,51
38461620,0.5,0,0,0,0,0.00805860758,0.297970891,0.297970891,15.9349623,0,8.56254578,8.44330978,0,13.4024725,0,0,246,0,0,0,0,,,,51
38462747,0.5,0.5,0,0,0.00805860758,0.00805860758,0.297970891,0.297970891,15.9304171,0,8.5444622,8.45175552,0,13.4024725,0,0,246,0,0,0,0,,,,51
38463877,0.5,0,0,0,0,0,0.297970891,0.297970891,15.9304171,0,8.57460117,8.44542122,0,13.4024725,0,0,246,0,0,0,0,,,,51
38465004,0.5,0,0,0,0,0,0.297970891,0.297970891,15.9304171,0,8.53542042,8.45175552,0,13.3881769,0,0,246,0,0,0,0,,,,51
38466138,0.5,0,0,0,0,0.0161172152,0.297970891,0.297970891,15.9304171,0,8.568573,8.45386696,0,13.3953247,0,0,246,0,0,0,0,,,,51
38467469,0.5,0,0,0,0,0.00805860758,0.297970891,0.297970891,15.9349623,0,8.58062935,8.43908691,0,13.3953247,0,0,246,0,0,0,0,,,,51
38468599,0.5,0,0,0,0,0.00805860758,0.297970891,0.297970891,15.9304171,0,8.56254578,8.42430782,0,13.3953247,0,0,246,0,0,0,0,,,,51
38469725,0.5,0,0,0,0,0.0161172152,0.297970891,0.297970891,15.9304171,0,8.58062935,8.44119835,0,13.3953247,0,0,246,0,0,0,0,,,,51
38470855,0.5,0,0,0,0,0.00805860758,0.297970891,0.297970891,15.9304171,0,8.55953121,8.44330978,0,13.3953247,0,0,246,0,0,0,0,,,,51
38471987,0.5,0,0,0,0,0.00805860758,0.297970891,0.297970891,15.9349623,0,8.59871292,8.42853069,0,13.3953247,0,0,246,0,0,0,0,,,,51
38473117,0.5,0,0,0,0,0.00805860758,0.297970891,0.297970891,15.9349623,0,8.56555939,8.43064213,0,13.3881769,0,0,246,0,0,0,0,,,,51
38474244,0.5,0,0,0,0,0.0161172152,0.297970891,0.297970891,15.9349623,0,8.58364296,8.43275356,0,13.3953247,0,0,246,0,0,0,0,,,,51
38475373,0.5,0,0,0,0,0.00805860758,0.297970891,0.297970891,15.9304171,0,8.57460117,8.44119835,0,13.3953247,0,0,246,0,0,0,0,,,,51
38476500,0.5,0,0,0,0,0.0161172152,0.297970891,0.297970891,15.9304171,0,8.57761478,8.44542122,0,13.3881769,0,0,246,0,0,0,0,,,,51
38477630,0.5,0.5,0,0,0.00805860758,0.00805860758,0.297970891,0.297970891,15.9304171,0,8.56254578,8.44330978,0,13.3953247,0,0,246,0,0,0,0,,,,51
38478762,0.5,0.5,0,0,0.00805860758,0.00805860758,0.297970891,0.297970891,15.9304171,0,8.58665657,8.44964409,0,13.3953247,0,0,246,0,0,0,0,,,,51
38479891,0.5,0,0,0,0,0.00805860758,0.297970891,0.297970891,15.9304171,0,8.56555939,8.43908691,0,13.3881769,0,0,246,0,0,0,0,,,,51
38481018,0.5,0,0,0,0,0.00805860758,0.297970891,0.297970891,15.9304171,0,8.57460117,8.44330978,0,13.3953247,0,0,246,0,0,0,0,,,,51
38482148,0.5,0,0,0,0,0.00805860758,0.297970891,0.297970891,15.9304171,0,8.568573,8.43697548,0,13.3953247,0,0,246,0,0,0,0,,,,51
38483275,0.5,0,0,0,0,0.00805860758,0.297970891,0.297970891,15.9304171,0,8.568573,8.43908691,0,13.3953247,0,0,246,0,0,0,0,,,,51
38484410,0.5,0.5,0,0,0.00805860758,0.00805860758,0.297970891,0.297970891,15.9349623,0,8.57460117,8.43697548,0,13.3953247,0,0,246,0,0,0,0,,,,51
38485537,0.5,0,0,0,0,0.00805860758,0.297970891,0.297970891,15.9304171,0,8.59268475,8.43697548,0,13.3953247,0,0,246,0,0,0,0,,,,51
38486666,0.5,0.5,0,0,0.00805860758,0.00805860758,0.297970891,0.297970891,15.9304171,0,8.5444622,8.44119835,0,13.3953247,0,0,246,0,0,0,0,,,,51
38487997,0.5,0.5,0,0,0.00805860758,0.00805860758,0.297970891,0.297970891,15.9349623,0,8.568573,8.44753265,0,13.3953247,0,0,246,0,0,0,0,,,,51
38489127,0.5,0,0,0,0,0.00805860758,0.297970891,0.297970891,15.9349623,0,8.56254578,8.45175552,0,13.3881769,0,0,246,0,0,0,0,,,,51
38490254,0.5,0.5,0,0,0.00805860758,0.00805860758,0.297970891,0.297970891,15.9304171,0,8.5565176,8.44964409,0,13.3953247,0,0,246,0,0,0,0,,,,51
38491388,0.5,0,0,0,0,0.00805860758,0.297970891,0.297970891,15.9304171,0,8.57158756,8.44330978,0,13.3953247,0,0,246,0,0,0,0,,,,51
38492515,0.5,0,0,0,0,0.0161172152,0.297970891,0.297970891,15.9304171,0,8.57158756,8.44542122,0,13.3953247,0,0,246,0,0,0,0,,,,51
38493645,0.5,0,0,0,0,0.0161172152,0.297970891,0.297970891,15.9304171,0,8.58364296,8.44330978,0,13.3881769,0,0,246,0,0,0,0,,,,51
38494772,0.5,0,0,0,0,0,0.297970891,0.297970891,15.9349623,0,8.568573,8.44964409,0,13.3953247,0,0,246,0,0,0,0,,,,51
38495902,0.5,0,0,0,0,0.00805860758,0.297970891,0.297970891,15.9304171,0,8.568573,8.44542122,0,13.3953247,0,0,246,0,0,0,0,,,,51
38497028,0.5,0,0,0,0,0.00805860758,0.297970891,0.297970891,15.9304171,0,8.58062935,8.43908691,0,13.3881769,0,0,246,0,0,0,0,,,,51
38498163,0.5,0,0,0,0,0.00805860758,0.297970891,0.297970891,15.9349623,0,8.57158756,8.43697548,0,13.3953247,0,0,246,0,0,0,0,,,,51
38499290,0.5,0,0,0,0,0.00805860758,0.297970891,0.297970891,15.9304171,0,8.57158756,8.44119835,0,13.3953247,0,0,246,0,0,0,0,,,,51
38500419,0.5,0,0,0,0,0.00805860758,0.297970891,0.297970891,15.9304171,0,8.57460117,8.43908691,0,13.3953247,0,0,246,0,0,0,0,,,,51
38501546,0.5,0,0,0,0,0.00805860758,0.297970891,0.297970891,15.9304171,0,8.55350399,8.42853069,0,13.3953247,0,0,246,0,0,0,0,,,,51
38502676,0.5,0.5,0,0,0.00805860758,0.00805860758,0.297970891,0.297970891,15.9349623,0,8.58364296,8.43908691,0,13.3953247,0,0,246,0,0,0,0,,,,51
38503808,0.5,0,0,0,0,0.00805860758,0.297970891,0.297970891,15.9304171,0,8.57460117,8.44119835,0,13.3953247,0,0,246,0,0,0,0,,,,51
38504937,0.5,0,0,0,0,0.00805860758,0.297970891,0.297970891,15.9349623,0,8.54747581,8.43908691,0,13.3953247,0,0,246,0,0,0,0,,,,51
38506064,0.5,0,0,0,0,0.00805860758,0.297970891,0.297970891,15.9304171,0,8.54144764,8.44119835,0,13.3738813,0,0,246,0,0,0,0,,,,51
38507194,0.5,0,0,0,0,0.00805860758,0.297970891,0.297970891,15.9349623,0,8.59871292,8.43697548,0,13.3953247,0,0,246,0,0,0,0,,,,51
38508321,0.5,0,0,0,0,0.00805860758,0.297970891,0.297970891,15.9349623,0,8.5444622,8.44330978,0,13.3953247,0,0,246,0,0,0,0,,,,51
38509655,0.5,0,0,0,0,0.00805860758,0.297970891,0.297970891,15.9304171,0,8.56254578,8.44119835,0,13.3953247,0,0,246,0,0,0,0,,,,51
38510786,0.5,1,0,0,0.00805860758,0,0.297970891,0.297970891,15.9258718,0,8.59268475,8.44964409,0,13.3953247,0,0,246,0,0,0,0,,,,51
38511916,0.5,0,0,0,0,0,0.297970891,0.297970891,15.9304171,0,8.5444622,8.45386696,0,13.3953247,0,0,246,0,0,0,0,,,,51
38513043,0.5,0,0,0,0,0,0.297970891,0.297970891,15.9304171,0,8.54747581,8.44753265,0,13.3881769,0,0,246,0,0,0,0,,,,51
38514173,0.5,1,0,0,0.00805860758,0,0.297970891,0.297970891,15.9304171,0,8.58062935,8.44330978,0,13.3953247,0,0,246,0,0,0,0,,,,51
38515300,0.5,0,0,0,0,0.00805860758,0.297970891,0.297970891,15.9304171,0,8.57460117,8.43908691,0,13.3953247,0,0,246,0,0,0,0,,,,51
38516435,0.5,0,0,0,0,0.00805860758,0.297970891,0.297970891,15.9304171,0,8.57158756,8.44753265,0,13.3953247,0,0,246,0,0,0,0,,,,51
38517561,0.5,0,0,0,0,0.00805860758,0.297970891,0.297970891,15.9304171,0,8.5565176,8.44330978,0,13.3953247,0,0,246,0,0,0,0,,,,51
38518691,0.5,1,0,0,0.00805860758,0,0.297970891,0.297970891,15.9304171,0,8.55048943,8.44964409,0,13.3953247,0,0,246,0,0,0,0,,,,51
38519818,0.5,1,0,0,0.00805860758,0,0.297970891,0.297970891,15.9304171,0,8.55350399,8.45808983,0,13.3953247,0,0,246,0,0,0,0,,,,51
38520948,0.5,0,0,0,0,0,0.297970891,0.297970891,15.9304171,0,8.56254578,8.43697548,0,13.3881769,0,0,246,0,0,0,0,,,,51
38522075,0.5,0.5,0,0,0.00805860758,0.00805860758,0.297970891,0.297970891,15.9304171,0,8.54747581,8.44753265,0,13.3810291,0,0,246,0,0,0,0,,,,51
38523209,0.5,0,0,0,0,0,0.297970891,0.297970891,15.9258718,0,8.56555939,8.44542122,0,13.3953247,0,0,246,0,0,0,0,,,,51
38524336,0.5,0.5,0,0,0.00805860758,0.00805860758,0.297970891,0.297970891,15.9304171,0,8.52035046,8.45386696,0,13.3881769,0,0,246,0,0,0,0,,,,51
38525466,0.5,0,0,0,0,0,0.297970891,0.297970891,15.9304171,0,8.54747581,8.44119835,0,13.3953247,0,0,246,0,0,0,0,,,,51
38526593,0.5,0.5,0,0,0.00805860758,0.00805860758,0.297970891,0.297970891,15.9304171,0,8.54144764,8.44330978,0,13.3953247,0,0,246,0,0,0,0,,,,51
38527723,0.5,0,0,0,0,0,0.297970891,0.297970891,15.9304171,0,8.53843403,8.45175552,0,13.3953247,0,0,246,0,0,0,0,,,,51
38528855,0.5,0,0,0,0,0,0.297970891,0.297970891,15.9349623,0,8.58967113,8.44119835,0,13.3881769,0,0,246,0,0,0,0,,,,51
38530189,0.5,0,0,0,0,0.00805860758,0.297970891,0.297970891,15.9304171,0,8.55350399,8.43486404,0,13.3953247,0,0,246,0,0,0,0,,,,51
38531315,0.5,0,0,0,0,0,0.297970891,0.297970891,15.9349623,0,8.58665657,8.43697548,0,13.3953247,0,0,246,0,0,0,0,,,,51
38532445,0.5,0.5,0,0,0.00805860758,0.00805860758,0.297970891,0.297970891,15.9349623,0,8.57761478,8.45386696,0,13.3953247,0,0,246,0,0,0,0,,,,51
38533572,0.5,0,0,0,0,0.00805860758,0.297970891,0.297970891,15.9304171,0,8.57460117,8.44542122,0,13.3953247,0,0,246,0,0,0,0,,,,51
38534701,0.5,1,0,0,0.00805860758,0,0.297970891,0.297970891,15.9304171,0,8.58665657,8.44542122,0,13.3953247,0,0,246,0,0,0,0,,,,51
38535833,0.5,0,0,0,0,0,0.297970891,0.297970891,15.9304171,0,8.59268475,8.44330978,0,13.3953247,0,0,246,0,0,0,0,,,,51
38536963,0.5,0,0,0,0,0,0.297970891,0.297970891,15.9349623,0,8.57158756,8.43064213,0,13.3953247,0,0,246,0,0,0,0,,,,51
38538090,0.5,0,0,0,0,0,0.297970891,0.297970891,15.9304171,0,8.59871292,8.44330978,0,13.3953247,0,0,246,0,0,0,0,,,,51
38539220,0.5,0.5,0,0,0.00805860758,0.00805860758,0.297970891,0.297970891,15.9349623,0,8.53843403,8.44753265,0,13.3953247,0,0,246,0,0,0,0,,,,51
38540347,0.5,0,0,0,0,0,0.297970891,0.297970891,15.9304171,0,8.57158756,8.45175552,0,13.3953247,0,0,246,0,0,0,0,,,,51
38541481,0.5,1,0,0,0.00805860758,0,0.297970891,0.297970891,15.9349623,0,8.5444622,8.43908691,0,13.3953247,0,0,246,0,0,0,0,,,,51
38542608,0.5,0.5,0,0,0.00805860758,0.00805860758,0.297970891,0.297970891,15.9349623,0,8.57158756,8.45175552,0,13.3953247,0,0,246,0,0,0,0,,,,51
38543738,0.5,0,0,0,0,0,0.297970891,0.297970891,15.9304171,0,8.568573,8.44753265,0,13.4024725,0,0,246,0,0,0,0,,,,51
38544865,0.5,1,0,0,0.00805860758,0,0.297970891,0.297970891,15.9304171,0,8.55953121,8.44330978,0,13.3953247,0,0,246,0,0,0,0,,,,51
38545994,0.5,0,0,0,0,0,0.297970891,0.297970891,15.9304171,0,8.59268475,8.43908691,0,13.3953247,0,0,246,0,0,0,0,,,,51
38547121,0.5,0,0,0,0,0.00805860758,0.297970891,0.297970891,15.9304171,0,8.55350399,8.44119835,0,13.4024725,0,0,246,0,0,0,0,,,,51
38548256,0.5,0,0,0,0,0.00805860758,0.297970891,0.297970891,15.9304171,0,8.59871292,8.44964409,0,13.3953247,0,0,246,0,0,0,0,,,,51
38549383,0.5,0,0,0,0,0.00805860758,0.297970891,0.297970891,15.9304171,0,8.5565176,8.44542122,0,13.3953247,0,0,246,0,0,0,0,,,,51
38550513,0.5,0.5,0,0,0.00805860758,0.00805860758,0.297970891,0.297970891,15.9349623,0,8.5565176,8.44964409,0,13.3953247,0,0,246,0,0,0,0,,,,51
38551844,0.5,1,0,0,0.00805860758,0,0.297970891,0.297970891,15.9304171,0,8.56555939,8.44330978,0,13.3953247,0,0,246,0,0,0,0,,,,51
38552974,0.5,0,0,0,0,0,0.297970891,0.297970891,15.9349623,0,8.57158756,8.45175552,0,13.3953247,0,0,246,0,0,0,0,,,,51
38554100,0.5,0,0,0,0,0.00805860758,0.297970891,0.297970891,15.9304171,0,8.55953121,8.44330978,0,13.3953247,0,0,246,0,0,0,0,,,,51
38555235,0.5,0,0,0,0,0.00805860758,0.297970891,0.297970891,15.9258718,0,8.5565176,8.44542122,0,13.3953247,0,0,246,0,0,0,0,,,,51
38556362,0.5,1,0,0,0.00805860758,0,0.297970891,0.297970891,15.9304171,0,8.58364296,8.45386696,0,13.3953247,0,0,246,0,0,0,0,,,,51
38557492,0.5,0.5,0,0,0.00805860758,0.00805860758,0.297970891,0.297970891,15.9304171,0,8.59268475,8.43908691,0,13.3953247,0,0,246,0,0,0,0,,,,51
38558618,0.5,0,0,0,0,0.00805860758,0.297970891,0.297970891,15.9349623,0,8.57460117,8.44119835,0,13.3953247,0,0,246,0,0,0,0,,,,51
38559748,0.5,0,0,0,0,0,0.297970891,0.297970891,15.9304171,0,8.57158756,8.44964409,0,13.3953247,0,0,246,0,0,0,0,,,,51
38560880,0.5,1,0,0,0.00805860758,0,0.297970891,0.297970891,15.9304171,0,8.59268475,8.44542122,0,13.3953247,0,0,246,0,0,0,0,,,,51
38562010,0.5,0.5,0,0,0.00805860758,0.00805860758,0.297970891,0.297970891,15.9304171,0,8.59268475,8.44119835,0,13.3953247,0,0,246,0,0,0,0,,,,51
38563137,0.5,0,0,0,0,0.00805860758,0.297970891,0.297970891,15.9304171,0,8.59268475,8.44330978,0,13.3953247,0,0,246,0,0,0,0,,,,51
38564267,0.5,0,0,0,0,0.00805860758,0.297970891,0.297970891,15.9304171,0,8.58062935,8.44542122,0,13.3953247,0,0,246,0,0,0,0,,,,51
38565393,0.5,0,0,0,0,0.00805860758,0.297970891,0.297970891,15.9304171,0,8.55953121,8.44542122,0,13.3953247,0,0,246,0,0,0,0,,,,51
38566523,0.5,0,0,0,0,0,0.297970891,0.297970891,15.9304171,0,8.54747581,8.44964409,0,13.3953247,0,0,246,0,0,0,0,,,,51
38567655,0.5,0.5,0,0,0.00805860758,0.00805860758,0.297970891,0.297970891,15.9304171,0,8.5565176,8.43908691,0,13.3953247,0,0,246,0,0,0,0,,,,51
38568784,0.5,0,0,0,0,0.00805860758,0.297970891,0.297970891,15.9349623,0,8.55048943,8.44330978,0,13.3953247,0,0,246,0,0,0,0,,,,51
38569911,0.5,1,0,0,0.00805860758,0,0.297970891,0.297970891,15.9304171,0,8.57460117,8.44753265,0,13.3953247,0,0,246,0,0,0,0,,,,51
38571041,0.5,1,0,0,0.00805860758,0,0.297970891,0.297970891,15.9304171,0,8.58665657,8.44753265,0,13.3881769,0,0,246,0,0,0,0,,,,51
38572372,0.5,1,0,0,0.00805860758,0,0.297970891,0.297970891,15.9304171,0,8.54747581,8.44964409,0,13.3953247,0,0,246,0,0,0,0,,,,51
38573506,0.5,1,0,0,0.00805860758,0,0.297970891,0.297970891,15.9304171,0,8.568573,8.44542122,0,13.3953247,0,0,246,0,0,0,0,,,,51
38574633,0.5,1,0,0,0.00805860758,0,0.297970891,0.297970891,15.9304171,0,8.57158756,8.44753265,0,13.3881769,0,0,246,0,0,0,0,,,,51
38575763,0.5,0,0,0,0,0,0.297970891,0.297970891,15.9304171,0,8.56555939,8.44964409,0,13.3953247,0,0,246,0,0,0,0,,,,51
38576890,0.5,0,0,0,0,0,0.297970891,0.297970891,15.9304171,0,8.57158756,8.45386696,0,13.3881769,0,0,246,0,0,0,0,,,,51
38578020,0.5,0,0,0,0,0,0.297970891,0.297970891,15.9349623,0,8.58967113,8.45175552,0,13.3881769,0,0,246,0,0,0,0,,,,51
38579147,0.5,1,0,0,0.00805860758,0,0.297970891,0.297970891,15.9349623,0,8.55048943,8.44753265,0,13.3953247,0,0,246,0,0,0,0,,,,51
38580282,0.5,0.5,0,0,0.00805860758,0.00805860758,0.297970891,0.297970891,15.9304171,0,8.55350399,8.44119835,0,13.3953247,0,0,246,0,0,0,0,,,,51
38581408,0.5,0,0,0,0,0.00805860758,0.297970891,0.297970891,15.9304171,0,8.56254578,8.44330978,0,13.4024725,0,0,246,0,0,0,0,,,,51
38582538,0.5,0,0,0,0,0.00805860758,0.297970891,0.297970891,15.9304171,0,8.58364296,8.43486404,0,13.3953247,0,0,246,0,0,0,0,,,,51
38583665,0.5,0,0,0,0,0,0.297970891,0.297970891,15.9304171,0,8.56555939,8.45175552,0,13.3953247,0,0,246,0,0,0,0,,,,51
38584794,0.5,1,0,0,0.00805860758,0,0.297970891,0.297970891,15.9304171,0,8.56555939,8.43697548,0,13.3953247,0,0,246,0,0,0,0,,,,51
38585926,0.5,0,0,0,0,0.00805860758,0.297970891,0.297970891,15.9304171,0,8.57761478,8.43064213,0,13.3953247,0,0,246,0,0,0,0,,,,51
38587056,0.5,0,0,0,0,0,0.297970891,0.297970891,15.9304171,0,8.56254578,8.44753265,0,13.3738813,0,0,246,0,0,0,0,,,,51
38588183,0.5,0.5,0,0,0.00805860758,0.00805860758,0.297970891,0.297970891,15.9349623,0,8.568573,8.44964409,0,13.3953247,0,0,246,0,0,0,0,,,,51
38589313,0.5,0,0,0,0,0,0.297970891,0.297970891,15.9304171,0,8.54747581,8.44964409,0,13.3953247,0,0,246,0,0,0,0,,,,51
38590440,0.5,0,0,0,0,0.00805860758,0.297970891,0.297970891,15.9304171,0,8.58062935,8.44964409,0,13.3953247,0,0,246,0,0,0,0,,,,51
38591569,0.5,1,0,0,0.00805860758,0,0.297970891,0.297970891,15.9304171,0,8.54747581,8.44542122,0,13.3953247,0,0,246,0,0,0,0,,,,51
38592905,0.5,0.5,0,0,0.00805860758,0.00805860758,0.297970891,0.297970891,15.9349623,0,8.59569836,8.44542122,0,13.3953247,0,0,246,0,0,0,0,,,,51
38594035,0.5,0,0,0,0,0.00805860758,0.297970891,0.297970891,15.9304171,0,8.58364296,8.43908691,0,13.3881769,0,0,246,0,0,0,0,,,,51
38595162,0.5,0,0,0,0,0.0161172152,0.297970891,0.297970891,15.9304171,0,8.55953121,8.43697548,0,13.3953247,0,0,246,0,0,0,0,,,,51
38596292,0.5,0,0,0,0,0.00805860758,0.297970891,0.297970891,15.9304171,0,8.58364296,8.45175552,0,13.3881769,0,0,246,0,0,0,0,,,,51
38597419,0.5,0,0,0,0,0.00805860758,0.297970891,0.297970891,15.9349623,0,8.57460117,8.44330978,0,13.3953247,0,0,246,0,0,0,0,,,,51
38598548,0.5,0,0,0,0,0.00805860758,0.297970891,0.297970891,15.9304171,0,8.56254578,8.44330978,0,13.3953247,0,0,246,0,0,0,0,,,,51
38599680,0.5,0,0,0,0,0.00805860758,0.297970891,0.297970891,15.9304171,0,8.568573,8.44753265,0,13.3953247,0,0,246,0,0,0,0,,,,51
38600810,0.5,0,0,0,0,0,0.297970891,0.297970891,15.9258718,0,8.56555939,8.44542122,0,13.3953247,0,0,246,0,0,0,0,,,,51
38601937,0.5,1,0,0,0.00805860758,0,0.297970891,0.297970891,15.9304171,0,8.57761478,8.43697548,0,13.3953247,0,0,246,0,0,0,0,,,,51
38603067,0.5,0,0,0,0,0,0.297970891,0.297970891,15.9304171,0,8.57460117,8.44330978,0,13.3810291,0,0,246,0,0,0,0,,,,51
38604194,0.5,0,0,0,0,0,0.297970891,0.297970891,15.9349623,0,8.58665657,8.43275356,0,13.3953247,0,0,246,0,0,0,0,,,,51
38605329,0.5,1,0,0,0.00805860758,0,0.297970891,0.297970891,15.9349623,0,8.59268475,8.44542122,0,13.3953247,0,0,246,0,0,0,0,,,,51
38606456,0.5,1,0,0,0.00805860758,0,0.297970891,0.297970891,15.9304171,0,8.568573,8.44330978,0,13.3953247,0,0,246,0,0,0,0,,,,51
38607585,0.5,0,0,0,0,0.00805860758,0.297970891,0.297970891,15.9304171,0,8.568573,8.43697548,0,13.3953247,0,0,246,0,0,0,0,,,,51
38608712,0.5,0.5,0,0,0.00805860758,0.00805860758,0.297970891,0.297970891,15.9349623,0,8.56254578,8.44964409,0,13.3953247,0,0,246,0,0,0,0,,,,51
38609842,0.5,0,0,0,0,0,0.297970891,0.297970891,15.9304171,0,8.59268475,8.44753265,0,13.3953247,0,0,246,0,0,0,0,,,,51
38610969,0.5,0,0,0,0,0.00805860758,0.297970891,0.297970891,15.9304171,0,8.57761478,8.44542122,0,13.3953247,0,0,246,0,0,0,0,,,,51
38612103,0.5,1,0,0,0.00805860758,0,0.297970891,0.297970891,15.9304171,0,8.55048943,8.44753265,0,13.3953247,0,0,246,0,0,0,0,,,,51
38613230,0.5,0,0,0,0,0,0.297970891,0.297970891,15.9395075,0,8.55350399,8.44753265,0,13.3953247,0,0,246,0,0,0,0,,,,51
38614564,0.5,0,0,0,0,0,0.297970891,0.297970891,15.9304171,0,8.55048943,8.44330978,0,13.3953247,0,0,246,0,0,0,0,,,,51
38615691,0.5,1,0,0,0.00805860758,0,0.297970891,0.297970891,15.9304171,0,8.57158756,8.44542122,0,13.3953247,0,0,246,0,0,0,0,,,,51
38616821,0.5,1,0,0,0.00805860758,0,0.297970891,0.297970891,15.9304171,0,8.56555939,8.44542122,0,13.3953247,0,0,246,0,0,0,0,,,,51
38617953,0.5,0,0,0,0,0,0.297970891,0.297970891,15.9349623,0,8.58062935,8.45386696,0,13.3953247,0,0,246,0,0,0,0,,,,51
38619083,0.5,0.5,0,0,0.00805860758,0.00805860758,0.297970891,0.297970891,15.9304171,0,8.57158756,8.44119835,0,13.3738813,0,0,246,0,0,0,0,,,,51
38620210,0.5,0,0,0,0,0,0.297970891,0.297970891,15.9258718,0,8.55953121,8.44330978,0,13.3953247,0,0,246,0,0,0,0,,,,51
38621339,0.5,0.5,0,0,0.00805860758,0.00805860758,0.297970891,0.297970891,15.9304171,0,8.56555939,8.44330978,0,13.3953247,0,0,246,0,0,0,0,,,,51
38622466,0.5,0,0,0,0,0.00805860758,0.297970891,0.297970891,15.9349623,0,8.58364296,8.44542122,0,13.3953247,0,0,246,0,0,0,0,,,,51
38623596,0.5,0,0,0,0,0.00805860758,0.297970891,0.297970891,15.9304171,0,8.56555939,8.44753265,0,13.3953247,0,0,246,0,0,0,0,,,,51
38624728,0.5,0,0,0,0,0,0.297970891,0.297970891,15.9304171,0,8.58665657,8.44330978,0,13.3953247,0,0,246,0,0,0,0,,,,51
38625858,0.5,0,0,0,0,0.00805860758,0.297970891,0.297970891,15.9304171,0,8.56555939,8.43486404,0,13.3953247,0,0,246,0,0,0,0,,,,51
38626985,0.5,0,0,0,0,0,0.297970891,0.297970891,15.9304171,0,8.58062935,8.44119835,0,13.3881769,0,0,246,0,0,0,0,,,,51
38628114,0.5,0,0,0,0,0.00805860758,0.297970891,0.297970891,15.9304171,0,8.54747581,8.45386696,0,13.3953247,0,0,246,0,0,0,0,,,,51
38629241,0.5,0.5,0,0,0.00805860758,0.00805860758,0.297970891,0.297970891,15.9258718,0,8.58665657,8.44330978,0,13.3953247,0,0,246,0,0,0,0,,,,51
38630376,0.5,0,0,0,0,0,0.297970891,0.297970891,15.9304171,0,8.58364296,8.43275356,0,13.3953247,0,0,246,0,0,0,0,,,,51
38631502,0.5,0,0,0,0,0,0.297970891,0.297970891,15.9349623,0,8.56555939,8.43064213,0,13.3953247,0,0,246,0,0,0,0,,,,51
38632632,0.5,1,0,0,0.00805860758,0,0.297970891,0.297970891,15.9304171,0,8.57158756,8.43908691,0,13.3953247,0,0,246,0,0,0,0,,,,51
38633759,0.5,0,0,0,0,0.00805860758,0.297970891,0.297970891,15.9304171,0,8.57158756,8.44330978,0,13.3953247,0,0,246,0,0,0,0,,,,51
38635093,0.5,1,0,0,0.00805860758,0,0.297970891,0.297970891,15.9304171,0,8.568573,8.44542122,0,13.4024725,0,0,246,0,0,0,0,,,,51
38636219,0.5,0.5,0,0,0.00805860758,0.00805860758,0.297970891,0.297970891,15.9349623,0,8.55953121,8.43697548,0,13.3953247,0,0,246,0,0,0,0,,,,51
38637354,0.5,0,0,0,0,0.00805860758,0.297970891,0.297970891,15.9349623,0,8.57761478,8.45597839,0,13.3881769,0,0,246,0,0,0,0,,,,51
38638481,0.5,1,0,0,0.00805860758,0,0.297970891,0.297970891,15.9349623,0,8.58967113,8.43486404,0,13.3953247,0,0,246,0,0,0,0,,,,51
38639610,0.5,0,0,0,0,0.00805860758,0.297970891,0.297970891,15.9349623,0,8.54144764,8.44119835,0,13.3881769,0,0,246,0,0,0,0,,,,51
38640738,0.5,1,0,0,0.00805860758,0,0.297970891,0.297970891,15.9349623,0,8.56555939,8.44542122,0,13.3953247,0,0,246,0,0,0,0,,,,51
38641868,0.5,0,0,0,0,0.00805860758,0.297970891,0.297970891,15.9304171,0,8.58062935,8.45175552,0,13.3953247,0,0,246,0,0,0,0,,,,51
38642995,0.5,0,0,0,0,0,0.297970891,0.297970891,15.9304171,0,8.55048943,8.44964409,0,13.3953247,0,0,246,0,0,0,0,,,,51
38644129,0.5,1,0,0,0.00805860758,0,0.297970891,0.297970891,15.9349623,0,8.54747581,8.44753265,0,13.3881769,0,0,246,0,0,0,0,,,,51
38645256,0.5,0,0,0,0,0.00805860758,0.297970891,0.297970891,15.9304171,0,8.58062935,8.44964409,0,13.3953247,0,0,246,0,0,0,0,,,,51
38646386,0.5,0.5,0,0,0.00805860758,0.00805860758,0.297970891,0.297970891,15.9304171,0,8.56254578,8.44330978,0,13.3953247,0,0,246,0,0,0,0,,,,51
38647513,0.5,0,0,0,0,0,0.297970891,0.297970891,15.9349623,0,8.55953121,8.44330978,0,13.3953247,0,0,246,0,0,0,0,,,,51
38648642,0.5,0,0,0,0,0.00805860758,0.297970891,0.297970891,15.9304171,0,8.58364296,8.44330978,0,13.3881769,0,0,246,0,0,0,0,,,,51
38649774,0.5,0,0,0,0,0.00805860758,0.297970891,0.297970891,15.9304171,0,8.55350399,8.43908691,0,13.3953247,0,0,246,0,0,0,0,,,,51
38650904,0.5,0,0,0,0,0,0.297970891,0.297970891,15.9304171,0,8.57158756,8.44119835,0,13.3953247,0,0,246,0,0,0,0,,,,51
38652031,0.5,1,0,0,0.00805860758,0,0.297970891,0.297970891,15.9349623,0,8.57460117,8.44753265,0,13.3881769,0,0,246,0,0,0,0,,,,51
38653161,0.5,0,0,0,0,0,0.297970891,0.297970891,15.9304171,0,8.5565176,8.43908691,0,13.3953247,0,0,246,0,0,0,0,,,,51
38654288,0.5,0,0,0,0,0.00805860758,0.297970891,0.297970891,15.9304171,0,8.56555939,8.43486404,0,13.3953247,0,0,246,0,0,0,0,,,,51
38655417,0.5,0,0,0,0,0,0.297970891,0.297970891,15.9304171,0,8.57761478,8.44964409,0,13.3953247,0,0,246,0,0,0,0,,,,51
38656753,0.5,0,0,0,0,0.00805860758,0.297970891,0.297970891,15.9349623,0,8.5565176,8.44119835,0,13.3953247,0,0,246,0,0,0,0,,,,51
38657883,0.5,0,0,0,0,0,0.297970891,0.297970891,15.9304171,0,8.57158756,8.45175552,0,13.3953247,0,0,246,0,0,0,0,,,,51
38659010,0.5,0,0,0,0,0.00805860758,0.297970891,0.297970891,15.9349623,0,8.568573,8.43697548,0,13.3953247,0,0,246,0,0,0,0,,,,51
38660140,0.5,0,0,0,0,0,0.297970891,0.297970891,15.9304171,0,8.57460117,8.43908691,0,13.3881769,0,0,246,0,0,0,0,,,,51
38661267,0.5,0.5,0,0,0.00805860758,0.00805860758,0.297970891,0.297970891,15.9304171,0,8.57460117,8.44753265,0,13.3953247,0,0,246,0,0,0,0,,,,51
38662401,0.5,0,0,0,0,0.00805860758,0.297970891,0.297970891,15.9304171,0,8.57460117,8.44119835,0,13.3953247,0,0,246,0,0,0,0,,,,51
38663528,0.5,0,0,0,0,0.00805860758,0.297970891,0.297970891,15.9349623,0,8.58967113,8.44964409,0,13.3953247,0,0,246,0,0,0,0,,,,51
38664658,0.5,0,0,0,0,0,0.297970891,0.297970891,15.9304171,0,8.55350399,8.43697548,0,13.3953247,0,0,246,0,0,0,0,,,,51
38665785,0.5,0,0,0,0,0.00805860758,0.297970891,0.297970891,15.9304171,0,8.568573,8.43486404,0,13.3953247,0,0,246,0,0,0,0,,,,51
38666914,0.5,0,0,0,0,0.00805860758,0.297970891,0.297970891,15.9304171,0,8.57158756,8.44330978,0,13.3953247,0,0,246,0,0,0,0,,,,51
38668041,0.5,1,0,0,0.00805860758,0,0.297970891,0.297970891,15.9349623,0,8.57761478,8.44330978,0,13.3881769,0,0,246,0,0,0,0,,,,51
38669176,0.5,1,0,0,0.00805860758,0,0.297970891,0.297970891,15.9304171,0,8.56555939,8.44119835,0,13.3953247,0,0,246,0,0,0,0,,,,51
38670303,0.5,0,0,0,0,0.00805860758,0.297970891,0.297970891,15.9304171,0,8.58967113,8.43697548,0,13.3953247,0,0,246,0,0,0,0,,,,51
38671432,0.5,1,0,0,0.00805860758,0,0.297970891,0.297970891,15.9304171,0,8.568573,8.44964409,0,13.4024725,0,0,246,0,0,0,0,,,,51
38672559,0.5,0.666666687,0,0,0.0161172152,0.00805860758,0.297970891,0.297970891,15.9304171,0,8.57460117,8.44119835,0,13.3953247,0,0,246,0,0,0,0,,,,51
38673689,0.5,0,0,0,0,0,0.297970891,0.297970891,15.9304171,0,8.55350399,8.44330978,0,13.3953247,0,0,246,0,0,0,0,,,,51
38674821,0.5,0,0,0,0,0.00805860758,0.297970891,0.297970891,15.9304171,0,8.56254578,8.43697548,0,13.3953247,0,0,246,0,0,0,0,,,,51
38675951,0.5,0,0,0,0,0.00805860758,0.297970891,0.297970891,15.9304171,0,8.568573,8.44964409,0,13.3953247,0,0,246,0,0,0,0,,,,51
38677282,0.5,0,0,0,0,0.00805860758,0.297970891,0.297970891,15.9304171,0,8.59268475,8.44753265,0,13.3953247,0,0,246,0,0,0,0,,,,51
38678411,0.5,0,0,0,0,0.00805860758,0.297970891,0.297970891,15.9349623,0,8.57158756,8.44330978,0,13.3953247,0,0,246,0,0,0,0,,,,51
38679538,0.5,0,0,0,0,0,0.297970891,0.297970891,15.9304171,0,8.56555939,8.45175552,0,13.3953247,0,0,246,0,0,0,0,,,,51
38680668,0.5,1,0,0,0.00805860758,0,0.297970891,0.297970891,15.9304171,0,8.57158756,8.45175552,0,13.3953247,0,0,246,0,0,0,0,,,,51
38681800,0.5,0,0,0,0,0,0.297970891,0.297970891,15.9304171,0,8.57460117,8.44542122,0,13.3953247,0,0,246,0,0,0,0,,,,51
38682930,0.5,0,0,0,0,0.00805860758,0.297970891,0.297970891,15.9304171,0,8.57761478,8.44330978,0,13.3953247,0,0,246,0,0,0,0,,,,51
38684057,0.5,0,0,0,0,0.00805860758,0.297970891,0.297970891,15.9304171,0,8.56254578,8.43908691,0,13.3810291,0,0,246,0,0,0,0,,,,51
38685187,0.5,0,0,0,0,0.00805860758,0.297970891,0.297970891,15.9304171,0,8.54747581,8.44964409,0,13.3881769,0,0,246,0,0,0,0,,,,51
38686314,0.5,0,0,0,0,0,0.297970891,0.297970891,15.9304171,0,8.58665657,8.43908691,0,13.3953247,0,0,246,0,0,0,0,,,,51
38687448,0.5,0,0,0,0,0.00805860758,0.297970891,0.297970891,15.9304171,0,8.58665657,8.45175552,0,13.3953247,0,0,246,0,0,0,0,,,,51
38688575,0.5,0.5,0,0,0.00805860758,0.00805860758,0.297970891,0.297970891,15.9304171,0,8.56555939,8.44119835,0,13.3953247,0,0,246,0,0,0,0,,,,51
38689704,0.5,0.5,0,0,0.00805860758,0.00805860758,0.297970891,0.297970891,15.9304171,0,8.568573,8.43697548,0,13.3881769,0,0,246,0,0,0,0,,,,51
38690832,0.5,0,0,0,0,0,0.297970891,0.297970891,15.9304171,0,8.5565176,8.43697548,0,13.3953247,0,0,246,0,0,0,0,,,,51
38691961,0.5,0,0,0,0,0.00805860758,0.297970891,0.297970891,15.9349623,0,8.56555939,8.44119835,0,13.3953247,0,0,246,0,0,0,0,,,,51
38693088,0.5,0,0,0,0,0,0.297970891,0.297970891,15.9304171,0,8.56254578,8.44330978,0,13.3953247,0,0,246,0,0,0,0,,,,51
38694223,0.5,0,0,0,0,0.00805860758,0.297970891,0.297970891,15.9258718,0,8.58665657,8.44964409,0,13.3953247,0,0,246,0,0,0,0,,,,51
38695350,0.5,0,0,0,0,0.00805860758,0.297970891,0.297970891,15.9304171,0,8.57761478,8.44330978,0,13.3953247,0,0,246,0,0,0,0,,,,51
38696479,0.5,0,0,0,0,0.00805860758,0.297970891,0.297970891,15.9304171,0,8.56254578,8.44330978,0,13.3953247,0,0,246,0,0,0,0,,,,51
38697810,0.5,0.5,0,0,0.00805860758,0.00805860758,0.297970891,0.297970891,15.9304171,0,8.5565176,8.43486404,0,13.3953247,0,0,246,0,0,0,0,,,,51
38698940,0.5,0.5,0,0,0.00805860758,0.00805860758,0.297970891,0.297970891,15.9304171,0,8.58967113,8.45175552,0,13.3881769,0,0,246,0,0,0,0,,,,51
38700067,0.5,0,0,0,0,0.00805860758,0.297970891,0.297970891,15.9304171,0,8.56555939,8.44330978,0,13.3738813,0,0,246,0,0,0,0,,,,51
38701201,0.5,0,0,0,0,0.00805860758,0.297970891,0.297970891,15.9349623,0,8.58665657,8.44119835,0,13.3953247,0,0,246,0,0,0,0,,,,51
38702328,0.5,0,0,0,0,0.00805860758,0.297970891,0.297970891,15.9304171,0,8.58665657,8.44753265,0,13.3953247,0,0,246,0,0,0,0,,,,51
38703457,0.5,0,0,0,0,0.00805860758,0.297970891,0.297970891,15.9349623,0,8.56555939,8.44119835,0,13.3953247,0,0,246,0,0,0,0,,,,51
38704584,0.5,0,0,0,0,0.0161172152,0.297970891,0.297970891,15.9349623,0,8.56555939,8.43908691,0,13.3953247,0,0,246,0,0,0,0,,,,51
38705714,0.5,0,0,0,0,0.00805860758,0.297970891,0.297970891,15.9304171,0,8.58665657,8.43486404,0,13.3953247,0,0,246,0,0,0,0,,,,51
38706846,0.5,0,0,0,0,0.00805860758,0.297970891,0.297970891,15.9304171,0,8.56254578,8.43697548,0,13.3881769,0,0,246,0,0,0,0,,,,51
38707976,0.5,0,0,0,0,0.00805860758,0.297970891,0.297970891,15.9349623,0,8.58665657,8.44330978,0,13.3953247,0,0,246,0,0,0,0,,,,51
38709103,0.5,0,0,0,0,0.00805860758,0.297970891,0.297970891,15.9349623,0,8.59268475,8.43697548,0,13.3953247,0,0,246,0,0,0,0,,,,51
38710232,0.5,0,0,0,0,0.0161172152,0.297970891,0.297970891,15.9304171,0,8.57158756,8.43908691,0,13.3953247,0,0,246,0,0,0,0,,,,51
38711359,0.5,0,0,0,0,0.0161172152,0.297970891,0.297970891,15.9304171,0,8.57158756,8.45386696,0,13.3953247,0,0,246,0,0,0,0,,,,51
38712489,0.5,0,0,0,0,0.00805860758,0.297970891,0.297970891,15.9304171,0,8.56254578,8.43275356,0,13.3953247,0,0,246,0,0,0,0,,,,51
38713621,0.5,0,0,0,0,0.0161172152,0.297970891,0.297970891,15.9304171,0,8.568573,8.44542122,0,13.3953247,0,0,246,0,0,0,0,,,,51
38714750,0.5,0,0,0,0,0,0.297970891,0.297970891,15.9349623,0,8.56555939,8.44330978,0,13.3953247,0,0,246,0,0,0,0,,,,51
38715877,0.5,0,0,0,0,0.00805860758,0.297970891,0.297970891,15.9304171,0,8.57158756,8.45386696,0,13.3953247,0,0,246,0,0,0,0,,,,51
38717007,0.5,0,0,0,0,0.00805860758,0.297970891,0.297970891,15.9349623,0,8.5565176,8.44330978,0,13.3953247,0,0,246,0,0,0,0,,,,51
38718134,0.5,0.5,0,0,0.00805860758,0.00805860758,0.297970891,0.297970891,15.9304171,0,8.59268475,8.44119835,0,13.3953247,0,0,246,0,0,0,0,,,,51
38719472,0.5,1,0,0,0.00805860758,0,0.297970891,0.297970891,15.9349623,0,8.55048943,8.43275356,0,13.3953247,0,0,246,0,0,0,0,,,,51
38720599,0.5,0,0,0,0,0,0.297970891,0.297970891,15.9349623,0,8.57158756,8.44330978,0,13.3953247,0,0,246,0,0,0,0,,,,51
38721729,0.5,1,0,0,0.00805860758,0,0.297970891,0.297970891,15.9304171,0,8.57460117,8.44542122,0,13.3953247,0,0,246,0,0,0,0,,,,51
38722856,0.5,1,0,0,0.00805860758,0,0.297970891,0.297970891,15.9304171,0,8.59569836,8.43697548,0,13.3953247,0,0,246,0,0,0,0,,,,51
38723986,0.5,0,0,0,0,0,0.297970891,0.297970891,15.9304171,0,8.58062935,8.44542122,0,13.3953247,0,0,246,0,0,0,0,,,,51
38725112,0.5,0,0,0,0,0.00805860758,0.297970891,0.297970891,15.9304171,0,8.57460117,8.44330978,0,13.3953247,0,0,246,0,0,0,0,,,,51
38726247,0.5,0,0,0,0,0,0.297970891,0.297970891,15.9304171,0,8.57158756,8.44330978,0,13.3953247,0,0,246,0,0,0,0,,,,51
38727374,0.5,0,0,0,0,0.00805860758,0.297970891,0.297970891,15.9304171,0,8.58062935,8.43275356,0,13.3953247,0,0,246,0,0,0,0,,,,51
38728503,0.5,0,0,0,0,0.00805860758,0.297970891,0.297970891,15.9349623,0,8.57460117,8.44330978,0,13.3953247,0,0,246,0,0,0,0,,,,51
38729630,0.5,0.5,0,0,0.00805860758,0.00805860758,0.297970891,0.297970891,15.9304171,0,8.56555939,8.43697548,0,13.3953247,0,0,246,0,0,0,0,,,,51
38730760,0.5,0,0,0,0,0.00805860758,0.297970891,0.297970891,15.9349623,0,8.58967113,8.44542122,0,13.3953247,0,0,246,0,0,0,0,,,,51
38731892,0.5,0,0,0,0,0.00805860758,0.297970891,0.297970891,15.9304171,0,8.58665657,8.43486404,0,13.3953247,0,0,246,0,0,0,0,,,,51
38733022,0.5,0,0,0,0,0.00805860758,0.297970891,0.297970891,15.9349623,0,8.58062935,8.43908691,0,13.3953247,0,0,246,0,0,0,0,,,,51
38734149,0.5,0,0,0,0,0.00805860758,0.297970891,0.297970891,15.9349623,0,8.58665657,8.43486404,0,13.3953247,0,0,246,0,0,0,0,,,,51
38735278,0.5,0,0,0,0,0.0161172152,0.297970891,0.297970891,15.9304171,0,8.56555939,8.42641926,0,13.3881769,0,0,246,0,0,0,0,,,,51
38736405,0.5,0,0,0,0,0.0161172152,0.297970891,0.297970891,15.9349623,0,8.58967113,8.42641926,0,13.3953247,0,0,246,0,0,0,0,,,,51
38737535,0.5,0,0,0,0,0.00805860758,0.297970891,0.297970891,15.9349623,0,8.58967113,8.44330978,0,13.3953247,0,0,246,0,0,0,0,,,,51
38738667,0.5,0,0,0,0,0.00805860758,0.297970891,0.297970891,15.9349623,0,8.568573,8.42430782,0,13.3953247,0,0,246,0,0,0,0,,,,51
38740000,0.5,0,0,0,0,0.00805860758,0.297970891,0.297970891,15.9304171,0,8.58665657,8.42853069,0.00714798551,13.3953247,0,0,246,0,0,0,0,,,,51
38741127,0.5,0,0,0,0,0.0161172152,0.297970891,0.297970891,15.9304171,0,8.58665657,8.44753265,0,13.3953247,0,0,246,0,0,0,0,,,,51
38742257,0.5,0,0,0,0,0.00805860758,0.297970891,0.297970891,15.9304171,0,8.58967113,8.43064213,0,13.3953247,0,0,246,0,0,0,0,,,,51
38743383,0.5,0,0,0,0,0.0161172152,0.297970891,0.297970891,15.9349623,0,8.58364296,8.44119835,0,13.3953247,0,0,246,0,0,0,0,,,,51
38744513,0.5,0,0,0,0,0.00805860758,0.297970891,0.297970891,15.9304171,0,8.58665657,8.43908691,0,13.3881769,0,0,246,0,0,0,0,,,,51
38745645,0.5,0,0,0,0,0.00805860758,0.297970891,0.297970891,15.9304171,0,8.56555939,8.44330978,0,13.3953247,0,0,246,0,0,0,0,,,,51
38746774,0.5,0,0,0,0,0.00805860758,0.297970891,0.297970891,15.9304171,0,8.568573,8.44542122,0,13.3953247,0,0,246,0,0,0,0,,,,51
38747902,0.5,0,0,0,0,0.00805860758,0.297970891,0.297970891,15.9349623,0,8.57158756,8.44964409,0,13.3953247,0,0,246,0,0,0,0,,,,51
38749031,0.5,0,0,0,0,0.00805860758,0.297970891,0.297970891,15.9349623,0,8.568573,8.43275356,0,13.3881769,0,0,246,0,0,0,0,,,,51
38750158,0.5,0.5,0,0,0.00805860758,0.00805860758,0.297970891,0.297970891,15.9349623,0,8.57158756,8.43908691,0,13.3953247,0,0,246,0,0,0,0,,,,51
38751293,0.5,0,0,0,0,0.00805860758,0.297970891,0.297970891,15.9304171,0,8.56254578,8.43908691,0,13.3953247,0,0,246,0,0,0,0,,,,51
38752419,0.5,0,0,0,0,0,0.297970891,0.297970891,15.9304171,0,8.54747581,8.44542122,0,13.4024725,0,0,246,0,0,0,0,,,,51
38753549,0.5,0,0,0,0,0.00805860758,0.297970891,0.297970891,15.9304171,0,8.59268475,8.44330978,0,13.3953247,0,0,246,0,0,0,0,,,,51
38754676,0.5,0,0,0,0,0.00805860758,0.297970891,0.297970891,15.9304171,0,8.59569836,8.43697548,0,13.3953247,0,0,246,0,0,0,0,,,,51
38755805,0.5,0,0,0,0,0.00805860758,0.297970891,0.297970891,15.9304171,0,8.57761478,8.43697548,0,13.3953247,0,0,246,0,0,0,0,,,,51
38756932,0.5,0,0,0,0,0.00805860758,0.297970891,0.297970891,15.9349623,0,8.56555939,8.43486404,0,13.3953247,0,0,246,0,0,0,0,,,,51
38758067,0.5,0,0,0,0,0.00805860758,0.297970891,0.297970891,15.9304171,0,8.58967113,8.44330978,0,13.3738813,0,0,246,0,0,0,0,,,,51
38759194,0.5,0,0,0,0,0.0161172152,0.297970891,0.297970891,15.9349623,0,8.58062935,8.44542122,0,13.3953247,0,0,246,0,0,0,0,,,,51
38760324,0.5,0,0,0,0,0.0161172152,0.297970891,0.297970891,15.9349623,0,8.58665657,8.44119835,0,13.3953247,0,0,246,0,0,0,0,,,,51
38761654,0.5,0,0,0,0,0.0161172152,0.297970891,0.297970891,15.9349623,0,8.568573,8.43486404,0,13.3953247,0,0,246,0,0,0,0,,,,51
38762784,0.5,0,0,0,0,0.00805860758,0.297970891,0.297970891,15.9304171,0,8.58665657,8.44119835,0,13.3953247,0,0,246,0,0,0,0,,,,51
38763916,0.5,0,0,0,0,0.00805860758,0.297970891,0.297970891,15.9304171,0,8.58364296,8.43697548,0,13.3953247,0,0,246,0,0,0,0,,,,51
38765046,0.5,0,0,0,0,0.00805860758,0.297970891,0.297970891,15.9304171,0,8.57460117,8.43275356,0,13.3881769,0,0,246,0,0,0,0,,,,51
38766173,0.5,0,0,0,0,0.00805860758,0.297970891,0.297970891,15.9304171,0,8.56254578,8.43908691,0,13.3953247,0,0,246,0,0,0,0,,,,51
38767302,0.5,0,0,0,0,0.00805860758,0.297970891,0.297970891,15.9304171,0,8.57761478,8.43275356,0,13.3953247,0,0,246,0,0,0,0,,,,51
38768429,0.5,0,0,0,0,0.0161172152,0.297970891,0.297970891,15.9349623,0,8.56555939,8.44964409,0,13.3953247,0,0,246,0,0,0,0,,,,51
38769559,0.5,0,0,0,0,0,0.297970891,0.297970891,15.9304171,0,8.54747581,8.44542122,0,13.3881769,0,0,246,0,0,0,0,,,,51
38770691,0.5,0,0,0,0,0.00805860758,0.297970891,0.297970891,15.9304171,0,8.56555939,8.44542122,0,13.3953247,0,0,246,0,0,0,0,,,,51
38771820,0.5,0,0,0,0,0.00805860758,0.297970891,0.297970891,15.9349623,0,8.59268475,8.42641926,0,13.4024725,0,0,246,0,0,0,0,,,,51
38772947,0.5,0,0,0,0,0.0161172152,0.297970891,0.297970891,15.9304171,0,8.57158756,8.43908691,0,13.3881769,0,0,246,0,0,0,0,,,,51
38774078,0.5,0,0,0,0,0.00805860758,0.297970891,0.297970891,15.9349623,0,8.58364296,8.44542122,0,13.3738813,0,0,246,0,0,0,0,,,,51
38775204,0.5,0,0,0,0,0.00805860758,0.297970891,0.297970891,15.9349623,0,8.55953121,8.44542122,0,13.3953247,0,0,246,0,0,0,0,,,,51
38776339,0.5,0,0,0,0,0.00805860758,0.297970891,0.297970891,15.9304171,0,8.58967113,8.45175552,0,13.3953247,0,0,246,0,0,0,0,,,,51
38777466,0.5,0,0,0,0,0.0161172152,0.297970891,0.297970891,15.9304171,0,8.58967113,8.44330978,0,13.3953247,0,0,246,0,0,0,0,,,,51
38778595,0.5,0,0,0,0,0.00805860758,0.297970891,0.297970891,15.9304171,0,8.55048943,8.44119835,0,13.3881769,0,0,246,0,0,0,0,,,,51
38779722,0.5,0,0,0,0,0.00805860758,0.297970891,0.297970891,15.9304171,0,8.58665657,8.44330978,0,13.3953247,0,0,246,0,0,0,0,,,,51
38780852,0.5,1,0,0,0.00805860758,0,0.297970891,0.297970891,15.9304171,0,8.568573,8.45175552,0,13.3953247,0,0,246,0,0,0,0,,,,51
38782183,0.5,0.5,0,0,0.00805860758,0.00805860758,0.297970891,0.297970891,15.9304171,0,8.55048943,8.43064213,0,13.3881769,0,0,246,0,0,0,0,,,,51
38783318,0.5,0,0,0,0,0,0.297970891,0.297970891,15.9349623,0,8.568573,8.44330978,0,13.3953247,0,0,246,0,0,0,0,,,,51
38784445,0.5,0,0,0,0,0,0.297970891,0.297970891,15.9304171,0,8.58364296,8.44753265,0,13.3953247,0,0,246,0,0,0,0,,,,51
38785574,0.5,0,0,0,0,0.00805860758,0.297970891,0.297970891,15.9304171,0,8.56254578,8.43486404,0,13.3953247,0,0,246,0,0,0,0,,,,51
38786701,0.5,0,0,0,0,0.00805860758,0.297970891,0.297970891,15.9304171,0,8.56555939,8.44964409,0,13.3953247,0,0,246,0,0,0,0,,,,51
38787832,0.5,0,0,0,0,0.0161172152,0.297970891,0.297970891,15.9349623,0,8.55953121,8.44119835,0,13.3953247,0,0,246,0,0,0,0,,,,51
38788958,0.5,0,0,0,0,0.00805860758,0.297970891,0.297970891,15.9304171,0,8.57158756,8.44964409,0,13.3953247,0,0,246,0,0,0,0,,,,51
38790093,0.5,0,0,0,0,0.00805860758,0.297970891,0.297970891,15.9304171,0,8.57761478,8.44330978,0,13.3953247,0,0,246,0,0,0,0,,,,51
38791220,0.5,0,0,0,0,0.00805860758,0.297970891,0.297970891,15.9349623,0,8.55953121,8.44330978,0,13.3953247,0,0,246,0,0,0,0,,,,51
38792349,0.5,0,0,0,0,0.00805860758,0.297970891,0.297970891,15.9349623,0,8.58062935,8.44964409,0,13.3881769,0,0,246,0,0,0,0,,,,51
38793476,0.5,0,0,0,0,0.00805860758,0.297970891,0.297970891,15.9304171,0,8.57158756,8.44119835,0,13.4024725,0,0,246,0,0,0,0,,,,51
38794606,0.5,0,0,0,0,0.00805860758,0.297970891,0.297970891,15.9304171,0,8.57460117,8.44964409,0,13.3953247,0,0,246,0,0,0,0,,,,51
38795738,0.5,0,0,0,0,0.0161172152,0.297970891,0.297970891,15.9304171,0,8.58665657,8.43275356,0.00714798551,13.3953247,0,0,246,0,0,0,0,,,,51
38796867,0.5,0,0,0,0,0.0161172152,0.297970891,0.297970891,15.9304171,0,8.57158756,8.42641926,0,13.3953247,0,0,246,0,0,0,0,,,,51
38797995,0.5,0,0,0,0,0.0161172152,0.297970891,0.297970891,15.9304171,0,8.56555939,8.44964409,0,13.3953247,0,0,246,0,0,0,0,,,,51
38799124,0.5,0,0,0,0,0.00805860758,0.297970891,0.297970891,15.9304171,0,8.58665657,8.44753265,0,13.3953247,0,0,246,0,0,0,0,,,,51
38800251,0.5,0,0,0,0,0.00805860758,0.297970891,0.297970891,15.9304171,0,8.55350399,8.44753265,0,13.3881769,0,0,246,0,0,0,0,,,,51
38801381,0.5,0,0,0,0,0.00805860758,0.297970891,0.297970891,15.9304171,0,8.57460117,8.44753265,0,13.3953247,0,0,246,0,0,0,0,,,,51
38802513,0.5,0,0,0,0,0.00805860758,0.297970891,0.297970891,15.9304171,0,8.57460117,8.43064213,0,13.3881769,0,0,246,0,0,0,0,,,,51
38803847,0.5,0,0,0,0,0.00805860758,0.297970891,0.297970891,15.9304171,0,8.59268475,8.44542122,0,13.3953247,0,0,246,0,0,0,0,,,,51
38804973,0.5,0,0,0,0,0.00805860758,0.297970891,0.297970891,15.9349623,0,8.58364296,8.43697548,0,13.3953247,0,0,246,0,0,0,0,,,,51
38806103,0.5,0,0,0,0,0,0.297970891,0.297970891,15.9304171,0,8.59268475,8.45175552,0,13.3953247,0,0,246,0,0,0,0,,,,51
38807230,0.5,0,0,0,0,0,0.297970891,0.297970891,15.9258718,0,8.59268475,8.44964409,0,13.3953247,0,0,246,0,0,0,0,,,,51
38808364,0.5,0,0,0,0,0,0.297970891,0.297970891,15.9304171,0,8.57460117,8.44753265,0,13.3953247,0,0,246,0,0,0,0,,,,51
38809491,0.5,0,0,0,0,0,0.297970891,0.297970891,15.9349623,0,8.53240585,8.44964409,0,13.3953247,0,0,246,0,0,0,0,,,,51
38810621,0.5,0,0,0,0,0.00805860758,0.297970891,0.297970891,15.9304171,0,8.56555939,8.44542122,0,13.3881769,0,0,246,0,0,0,0,,,,51
38811747,0.5,0,0,0,0,0.00805860758,0.297970891,0.297970891,15.9304171,0,8.55953121,8.44753265,0,13.3881769,0,0,246,0,0,0,0,,,,51
38812878,0.5,0.5,0,0,0.00805860758,0.00805860758,0.297970891,0.297970891,15.9349623,0,8.57460117,8.44119835,0,13.3953247,0,0,246,0,0,0,0,,,,51
38814005,0.5,1,0,0,0.00805860758,0,0.297970891,0.297970891,15.9304171,0,8.59268475,8.44964409,0,13.3953247,0,0,246,0,0,0,0,,,,51
38815140,0.5,0,0,0,0,0,0.297970891,0.297970891,15.9304171,0,8.59268475,8.43908691,0,13.3953247,0,0,246,0,0,0,0,,,,51
38816266,0.5,0,0,0,0,0.00805860758,0.297970891,0.297970891,15.9349623,0,8.55953121,8.44753265,0,13.3953247,0,0,246,0,0,0,0,,,,51
38817396,0.5,1,0,0,0.00805860758,0,0.297970891,0.297970891,15.9349623,0,8.58364296,8.44330978,0,13.3953247,0,0,246,0,0,0,0,,,,51
38818523,0.5,1,0,0,0.00805860758,0,0.297970891,0.297970891,15.9304171,0,8.55953121,8.44964409,0,13.3953247,0,0,246,0,0,0,0,,,,51
38819653,0.5,0,0,0,0,0.00805860758,0.297970891,0.297970891,15.9349623,0,8.58665657,8.45386696,0,13.3953247,0,0,246,0,0,0,0,,,,51
38820784,0.5,1,0,0,0.00805860758,0,0.297970891,0.297970891,15.9304171,0,8.5565176,8.44119835,0,13.3953247,0,0,246,0,0,0,0,,,,51
38821914,0.5,0.5,0,0,0.00805860758,0.00805860758,0.297970891,0.297970891,15.9304171,0,8.58062935,8.44330978,0,13.3953247,0,0,246,0,0,0,0,,,,51
38823041,0.5,0,0,0,0,0.00805860758,0.297970891,0.297970891,15.9349623,0,8.56254578,8.44119835,0,13.3881769,0,0,246,0,0,0,0,,,,51
38824375,0.5,1,0,0,0.00805860758,0,0.297970891,0.297970891,15.9304171,0,8.5565176,8.43908691,0,13.3953247,0,0,246,0,0,0,0,,,,51
38825502,0.5,0,0,0,0,0.00805860758,0.297970891,0.297970891,15.9304171,0,8.54747581,8.44119835,0,13.3953247,0,0,246,0,0,0,0,,,,51
38826632,0.5,0,0,0,0,0.00805860758,0.297970891,0.297970891,15.9304171,0,8.55953121,8.44542122,0,13.3953247,0,0,246,0,0,0,0,,,,51
38827764,0.5,0,0,0,0,0.00805860758,0.297970891,0.297970891,15.9304171,0,8.54747581,8.45386696,0,13.3953247,0,0,246,0,0,0,0,,,,51
38828894,0.5,0.5,0,0,0.00805860758,0.00805860758,0.297970891,0.297970891,15.9304171,0,8.568573,8.44542122,0,13.3953247,0,0,246,0,0,0,0,,,,51
38830021,0.5,0.5,0,0,0.00805860758,0.00805860758,0.297970891,0.297970891,15.9349623,0,8.5565176,8.44753265,0,13.3881769,0,0,246,0,0,0,0,,,,51
38831150,0.5,0.5,0,0,0.00805860758,0.00805860758,0.297970891,0.297970891,15.9304171,0,8.53542042,8.44964409,0,13.3953247,0,0,246,0,0,0,0,,,,51
38832277,0.5,0,0,0,0,0.00805860758,0.297970891,0.297970891,15.9349623,0,8.57761478,8.43697548,0,13.3881769,0,0,246,0,0,0,0,,,,51
38833411,0.5,0.333333343,0,0,0.00805860758,0.0161172152,0.297970891,0.297970891,15.9304171,0,8.58967113,8.44119835,0,13.4024725,0,0,246,0,0,0,0,,,,51
38834538,0.5,0,0,0,0,0.00805860758,0.297970891,0.297970891,15.9304171,0,8.5444622,8.43697548,0,13.3953247,0,0,246,0,0,0,0,,,,51
38835668,0.5,0,0,0,0,0.00805860758,0.297970891,0.297970891,15.9349623,0,8.58364296,8.43486404,0,13.3881769,0,0,246,0,0,0,0,,,,51
38836795,0.5,0,0,0,0,0.00805860758,0.297970891,0.297970891,15.9304171,0,8.58665657,8.43908691,0,13.3953247,0,0,246,0,0,0,0,,,,51
38837925,0.5,0,0,0,0,0.00805860758,0.297970891,0.297970891,15.9304171,0,8.58364296,8.43908691,0,13.3953247,0,0,246,0,0,0,0,,,,51
38839052,0.5,0,0,0,0,0,0.297970891,0.297970891,15.9304171,0,8.568573,8.44542122,0,13.3810291,0,0,246,0,0,0,0,,,,51
38840187,0.5,0,0,0,0,0.00805860758,0.297970891,0.297970891,15.9349623,0,8.58364296,8.44119835,0,13.3953247,0,0,246,0,0,0,0,,,,51
38841313,0.5,0,0,0,0,0.00805860758,0.297970891,0.297970891,15.9304171,0,8.59569836,8.43486404,0,13.3953247,0,0,246,0,0,0,0,,,,51
38842443,0.5,0,0,0,0,0,0.297970891,0.297970891,15.9304171,0,8.5565176,8.44753265,0,13.3881769,0,0,246,0,0,0,0,,,,51
38843570,0.5,0,0,0,0,0.00805860758,0.297970891,0.297970891,15.9304171,0,8.53843403,8.44330978,0,13.3953247,0,0,246,0,0,0,0,,,,51
38844904,0.5,1,0,0,0.00805860758,0,0.297970891,0.297970891,15.9349623,0,8.57158756,8.44542122,0,13.3953247,0,0,246,0,0,0,0,,,,51
38846030,0.5,0,0,0,0,0.00805860758,0.297970891,0.297970891,15.9349623,0,8.57761478,8.45175552,0,13.3810291,0,0,246,0,0,0,0,,,,51
38847165,0.5,0,0,0,0,0.00805860758,0.297970891,0.297970891,15.9349623,0,8.59268475,8.44330978,0,13.3953247,0,0,246,0,0,0,0,,,,51
38848291,0.5,0,0,0,0,0.00805860758,0.297970891,0.297970891,15.9304171,0,8.58967113,8.43697548,0,13.3953247,0,0,246,0,0,0,0,,,,51
38849421,0.5,0,0,0,0,0.0161172152,0.297970891,0.297970891,15.9304171,0,8.5444622,8.43275356,0,13.3953247,0,0,246,0,0,0,0,,,,51
38850548,0.5,1,0,0,0.00805860758,0,0.297970891,0.297970891,15.9304171,0,8.58062935,8.44964409,0,13.3953247,0,0,246,0,0,0,0,,,,51
38851678,0.5,0,0,0,0,0.00805860758,0.297970891,0.297970891,15.9349623,0,8.57158756,8.43908691,0,13.3953247,0,0,246,0,0,0,0,,,,51
38852810,0.5,1,0,0,0.00805860758,0,0.297970891,0.297970891,15.9304171,0,8.5444622,8.45175552,0,13.3953247,0,0,246,0,0,0,0,,,,51
38853940,0.5,0,0,0,0,0.00805860758,0.297970891,0.297970891,15.9304171,0,8.58062935,8.43697548,0,13.3953247,0,0,246,0,0,0,0,,,,51
38855066,0.5,0,0,0,0,0,0.297970891,0.297970891,15.9304171,0,8.55048943,8.45386696,0,13.3738813,0,0,246,0,0,0,0,,,,51
38856196,0.5,0,0,0,0,0.00805860758,0.297970891,0.297970891,15.9304171,0,8.59268475,8.43908691,0,13.3953247,0,0,246,0,0,0,0,,,,51
38857323,0.5,0,0,0,0,0.00805860758,0.297970891,0.297970891,15.9349623,0,8.57460117,8.44753265,0,13.3881769,0,0,246,0,0,0,0,,,,51
38858452,0.5,0,0,0,0,0.00805860758,0.297970891,0.297970891,15.9304171,0,8.54747581,8.44542122,0,13.3953247,0,0,246,0,0,0,0,,,,51
38859584,0.5,0,0,0,0,0.00805860758,0.297970891,0.297970891,15.9349623,0,8.55953121,8.44542122,0,13.3953247,0,0,246,0,0,0,0,,,,51
38860714,0.5,0,0,0,0,0.00805860758,0.297970891,0.297970891,15.9304171,0,8.58665657,8.43697548,0,13.3881769,0,0,246,0,0,0,0,,,,51
38861841,0.5,1,0,0,0.00805860758,0,0.297970891,0.297970891,15.9304171,0,8.58665657,8.44542122,0,13.3953247,0,0,246,0,0,0,0,,,,51
38862971,0.5,0,0,0,0,0.00805860758,0.297970891,0.297970891,15.9304171,0,8.56555939,8.44542122,0,13.3953247,0,0,246,0,0,0,0,,,,51
38864097,0.5,0,0,0,0,0.00805860758,0.297970891,0.297970891,15.9304171,0,8.56254578,8.44542122,0,13.3953247,0,0,246,0,0,0,0,,,,51
38865232,0.5,0,0,0,0,0,0.297970891,0.297970891,15.9304171,0,8.56555939,8.45175552,0,13.3953247,0,0,246,0,0,0,0,,,,51
38866563,0.5,0,0,0,0,0.00805860758,0.297970891,0.297970891,15.9304171,0,8.57158756,8.44542122,0,13.3953247,0,0,246,0,0,0,0,,,,51
38867693,0.5,0,0,0,0,0.00805860758,0.297970891,0.297970891,15.9304171,0,8.57158756,8.45175552,0,13.3953247,0,0,246,0,0,0,0,,,,51
38868820,0.5,0,0,0,0,0,0.297970891,0.297970891,15.9349623,0,8.59569836,8.43908691,0,13.3953247,0,0,246,0,0,0,0,,,,51
38869949,0.5,0,0,0,0,0,0.297970891,0.297970891,15.9349623,0,8.55048943,8.44542122,0,13.3953247,0,0,246,0,0,0,0,,,,51
38871076,0.5,0,0,0,0,0,0.297970891,0.297970891,15.9304171,0,8.56555939,8.44542122,0,13.3738813,0,0,246,0,0,0,0,,,,51
38872211,0.5,0.5,0,0,0.00805860758,0.00805860758,0.297970891,0.297970891,15.9304171,0,8.58665657,8.43697548,0,13.3953247,0,0,246,0,0,0,0,,,,51
38873337,0.5,0,0,0,0,0,0.297970891,0.297970891,15.9258718,0,8.57761478,8.44119835,0,13.3953247,0,0,246,0,0,0,0,,,,51
38874467,0.5,0.5,0,0,0.00805860758,0.00805860758,0.297970891,0.297970891,15.9304171,0,8.58967113,8.44542122,0,13.3953247,0,0,246,0,0,0,0,,,,51
38875594,0.5,0,0,0,0,0,0.297970891,0.297970891,15.9304171,0,8.56254578,8.44119835,0,13.3953247,0,0,246,0,0,0,0,,,,51
38876724,0.5,0.5,0,0,0.00805860758,0.00805860758,0.297970891,0.297970891,15.9349623,0,8.56555939,8.44542122,0,13.3953247,0,0,246,0,0,0,0,,,,51
38877855,0.5,1,0,0,0.00805860758,0,0.297970891,0.297970891,15.9349623,0,8.5565176,8.44119835,0,13.3953247,0,0,246,0,0,0,0,,,,51
38878986,0.5,1,0,0,0.00805860758,0,0.297970891,0.297970891,15.9304171,0,8.57460117,8.45175552,0,13.3953247,0,0,246,0,0,0,0,,,,51
38880112,0.5,1,0,0,0.00805860758,0,0.297970891,0.297970891,15.9304171,0,8.55350399,8.45386696,0,13.3953247,0,0,246,0,0,0,0,,,,51
38881242,0.5,1,0,0,0.00805860758,0,0.297970891,0.297970891,15.9349623,0,8.58665657,8.44964409,0,13.3881769,0,0,246,0,0,0,0,,,,51
38882369,0.5,0,0,0,0,0,0.297970891,0.297970891,15.9349623,0,8.58665657,8.45175552,0,13.3953247,0,0,246,0,0,0,0,,,,51
38883498,0.5,0.5,0,0,0.00805860758,0.00805860758,0.297970891,0.297970891,15.9304171,0,8.56254578,8.44542122,0,13.3953247,0,0,246,0,0,0,0,,,,51
38884630,0.5,0,0,0,0,0,0.297970891,0.297970891,15.9304171,0,8.55048943,8.44964409,0,13.3953247,0,0,246,0,0,0,0,,,,51
38885760,0.5,0,0,0,0,0,0.297970891,0.297970891,15.9304171,0,8.55350399,8.44542122,0,13.3953247,0,0,246,0,0,0,0,,,,51
38887091,0.5,1,0,0,0.00805860758,0,0.297970891,0.297970891,15.9304171,0,8.57158756,8.45175552,0,13.3953247,0,0,246,0,0,0,0,,,,51
38888220,0.5,1,0,0,0.00805860758,0,0.297970891,0.297970891,15.9349623,0,8.568573,8.45386696,0,13.3953247,0,0,246,0,0,0,0,,,,51
38889347,0.5,0,0,0,0,0,0.297970891,0.297970891,15.9304171,0,8.5444622,8.44330978,0,13.3881769,0,0,246,0,0,0,0,,,,51
38890477,0.5,0,0,0,0,0.00805860758,0.297970891,0.297970891,15.9304171,0,8.57460117,8.44542122,0,13.4024725,0,0,246,0,0,0,0,,,,51
38891609,0.5,0,0,0,0,0.00805860758,0.297970891,0.297970891,15.9304171,0,8.57158756,8.44330978,0,13.3881769,0,0,246,0,0,0,0,,,,51
38892738,0.5,0,0,0,0,0,0.297970891,0.297970891,15.9349623,0,8.58062935,8.43275356,0,13.3953247,0,0,246,0,0,0,0,,,,51
38893865,0.5,0,0,0,0,0,0.297970891,0.297970891,15.9349623,0,8.55048943,8.44964409,0,13.3881769,0,0,246,0,0,0,0,,,,51
38894995,0.5,0,0,0,0,0.00805860758,0.297970891,0.297970891,15.9304171,0,8.568573,8.43908691,0,13.3881769,0,0,246,0,0,0,0,,,,51
38896122,0.5,1,0,0,0.00805860758,0,0.297970891,0.297970891,15.9304171,0,8.57158756,8.44119835,0,13.3953247,0,0,246,0,0,0,0,,,,51
38897257,0.5,0,0,0,0,0.00805860758,0.297970891,0.297970891,15.9304171,0,8.58364296,8.44119835,0,13.3953247,0,0,246,0,0,0,0,,,,51
38898383,0.5,0,0,0,0,0.0161172152,0.297970891,0.297970891,15.9304171,0,8.55953121,8.43697548,0,13.3953247,0,0,246,0,0,0,0,,,,51
38899513,0.5,0,0,0,0,0,0.297970891,0.297970891,15.9304171,0,8.58062935,8.44542122,0,13.3953247,0,0,246,0,0,0,0,,,,51
38900640,0.5,0,0,0,0,0,0.297970891,0.297970891,15.9304171,0,8.58967113,8.44964409,0,13.3953247,0,0,246,0,0,0,0,,,,51
38901770,0.5,0,0,0,0,0,0.297970891,0.297970891,15.9304171,0,8.56555939,8.44542122,0,13.3953247,0,0,246,0,0,0,0,,,,51
38902897,0.5,0,0,0,0,0.00805860758,0.297970891,0.297970891,15.9304171,0,8.56555939,8.44964409,0,13.3953247,0,0,246,0,0,0,0,,,,51
38904031,0.5,0,0,0,0,0.0161172152,0.297970891,0.297970891,15.9304171,0,8.56555939,8.44753265,0,13.3881769,0,0,246,0,0,0,0,,,,51
38905158,0.5,0,0,0,0,0,0.297970891,0.297970891,15.9349623,0,8.57460117,8.44119835,0,13.3881769,0,0,246,0,0,0,0,,,,51
38906288,0.5,0,0,0,0,0,0.297970891,0.297970891,15.9304171,0,8.58665657,8.44753265,0,13.4024725,0,0,246,0,0,0,0,,,,51
38907415,0.5,0,0,0,0,0,0.297970891,0.297970891,15.9304171,0,8.58062935,8.44753265,0,13.3953247,0,0,246,0,0,0,0,,,,51
38908749,0.5,1,0,0,0.00805860758,0,0.297970891,0.297970891,15.9304171,0,8.53542042,8.44330978,0,13.3953247,0,0,246,0,0,0,0,,,,51
38909881,0.5,1,0,0,0.00805860758,0,0.297970891,0.297970891,15.9304171,0,8.5444622,8.44330978,0,13.3953247,0,0,246,0,0,0,0,,,,51
38911011,0.5,1,0,0,0.00805860758,0,0.297970891,0.297970891,15.9304171,0,8.56254578,8.44119835,0,13.3953247,0,0,246,0,0,0,0,,,,51
38912137,0.5,0,0,0,0,0,0.297970891,0.297970891,15.9304171,0,8.54747581,8.44753265,0,13.3953247,0,0,246,0,0,0,0,,,,51
38913267,0.5,0,0,0,0,0.00805860758,0.297970891,0.297970891,15.9304171,0,8.568573,8.44964409,0,13.3953247,0,0,246,0,0,0,0,,,,51
38914394,0.5,0.5,0,0,0.00805860758,0.00805860758,0.297970891,0.297970891,15.9349623,0,8.55350399,8.43486404,0,13.3953247,0,0,246,0,0,0,0,,,,51
38915524,0.5,0,0,0,0,0,0.297970891,0.297970891,15.9304171,0,8.59569836,8.44753265,0,13.3953247,0,0,246,0,0,0,0,,,,51
38916655,0.5,1,0,0,0.00805860758,0,0.297970891,0.297970891,15.9304171,0,8.58062935,8.44119835,0,13.3953247,0,0,246,0,0,0,0,,,,51
38917785,0.5,1,0,0,0.00805860758,0,0.297970891,0.297970891,15.9304171,0,8.5565176,8.44542122,0,13.3953247,0,0,246,0,0,0,0,,,,51
38918912,0.5,0,0,0,0,0.00805860758,0.297970891,0.297970891,15.9349623,0,8.55953121,8.44542122,0,13.3953247,0,0,246,0,0,0,0,,,,51
38920042,0.5,0.5,0,0,0.00805860758,0.00805860758,0.297970891,0.297970891,15.9349623,0,8.57761478,8.43486404,0,13.3810291,0,0,246,0,0,0,0,,,,51
38921169,0.5,0,0,0,0,0,0.297970891,0.297970891,15.9349623,0,8.5565176,8.44753265,0,13.4024725,0,0,246,0,0,0,0,,,,51
38922304,0.5,0,0,0,0,0.00805860758,0.297970891,0.297970891,15.9304171,0,8.58665657,8.44542122,0,13.3953247,0,0,246,0,0,0,0,,,,51
38923430,0.5,0.5,0,0,0.00805860758,0.00805860758,0.297970891,0.297970891,15.9304171,0,8.58062935,8.44119835,0,13.3953247,0,0,246,0,0,0,0,,,,51
38924560,0.5,0,0,0,0,0.00805860758,0.297970891,0.297970891,15.9304171,0,8.54747581,8.44542122,0,13.3953247,0,0,246,0,0,0,0,,,,51
38925687,0.5,0,0,0,0,0.00805860758,0.297970891,0.297970891,15.9304171,0,8.568573,8.44330978,0,13.3953247,0,0,246,0,0,0,0,,,,51
38926817,0.5,0,0,0,0,0.00805860758,0.297970891,0.297970891,15.9304171,0,8.57761478,8.43697548,0,13.3953247,0,0,246,0,0,0,0,,,,51
38927944,0.5,0,0,0,0,0,0.297970891,0.297970891,15.9304171,0,8.58967113,8.44964409,0,13.3953247,0,0,246,0,0,0,0,,,,51
38929282,0.5,0,0,0,0,0.00805860758,0.297970891,0.297970891,15.9304171,0,8.55350399,8.43908691,0,13.3953247,0,0,246,0,0,0,0,,,,51
38930409,0.5,0,0,0,0,0,0.297970891,0.297970891,15.9304171,0,8.5565176,8.43908691,0,13.3953247,0,0,246,0,0,0,0,,,,51
38931538,0.5,0,0,0,0,0.00805860758,0.297970891,0.297970891,15.9349623,0,8.568573,8.44753265,0,13.3881769,0,0,246,0,0,0,0,,,,51
38932666,0.5,0.333333343,0,0,0.00805860758,0.0161172152,0.297970891,0.297970891,15.9304171,0,8.57158756,8.44330978,0,13.3953247,0,0,246,0,0,0,0,,,,51
38933796,0.5,0,0,0,0,0.00805860758,0.297970891,0.297970891,15.9349623,0,8.5565176,8.45386696,0,13.3953247,0,0,246,0,0,0,0,,,,51
38934923,0.5,0,0,0,0,0,0.297970891,0.297970891,15.9304171,0,8.55350399,8.43486404,0,13.3953247,0,0,246,0,0,0,0,,,,51
38936057,0.5,1,0,0,0.00805860758,0,0.297970891,0.297970891,15.9304171,0,8.52939224,8.45175552,0,13.3738813,0,0,246,0,0,0,0,,,,51
38937184,0.5,0,0,0,0,0.00805860758,0.297970891,0.297970891,15.9349623,0,8.55350399,8.44964409,0,13.3953247,0,0,246,0,0,0,0,,,,51
38938314,0.5,0,0,0,0,0,0.297970891,0.297970891,15.9304171,0,8.56254578,8.45597839,0,13.3953247,0,0,246,0,0,0,0,,,,51
38939441,0.5,0,0,0,0,0,0.297970891,0.297970891,15.9304171,0,8.56254578,8.44753265,0,13.3953247,0,0,246,0,0,0,0,,,,51
38940570,0.5,1,0,0,0.0161172152,0,0.297970891,0.297970891,15.9304171,0,8.59268475,8.44753265,0,13.3953247,0,0,246,0,0,0,0,,,,51
38941702,0.5,0.5,0,0,0.00805860758,0.00805860758,0.297970891,0.297970891,15.9349623,0,8.55953121,8.43697548,0,13.3953247,0,0,246,0,0,0,0,,,,51
38942832,0.5,0,0,0,0,0,0.297970891,0.297970891,15.9304171,0,8.55350399,8.44964409,0,13.3953247,0,0,246,0,0,0,0,,,,51
38943959,0.5,0,0,0,0,0.00805860758,0.297970891,0.297970891,15.9304171,0,8.57761478,8.43275356,0,13.3881769,0,0,246,0,0,0,0,,,,51
38945088,0.5,0,0,0,0,0,0.297970891,0.297970891,15.9304171,0,8.568573,8.44542122,0,13.3953247,0,0,246,0,0,0,0,,,,51
38946215,0.5,0.5,0,0,0.00805860758,0.00805860758,0.297970891,0.297970891,15.9304171,0,8.58364296,8.42853069,0,13.3953247,0,0,246,0,0,0,0,,,,51
38947345,0.5,0,0,0,0,0.00805860758,0.297970891,0.297970891,15.9304171,0,8.55048943,8.45386696,0,13.3953247,0,0,246,0,0,0,0,,,,51
38948477,0.5,0,0,0,0,0.00805860758,0.297970891,0.297970891,15.9349623,0,8.57460117,8.44753265,0,13.3953247,0,0,246,0,0,0,0,,,,51
38949811,0.5,0,0,0,0,0.00805860758,0.297970891,0.297970891,15.9304171,0,8.55350399,8.44119835,0,13.3953247,0,0,246,0,0,0,0,,,,51
38950938,0.5,0,0,0,0,0,0.297970891,0.297970891,15.9304171,0,8.56254578,8.44119835,0,13.3953247,0,0,246,0,0,0,0,,,,51
38952068,0.5,0,0,0,0,0.00805860758,0.297970891,0.297970891,15.9349623,0,8.55350399,8.44119835,0,13.3738813,0,0,246,0,0,0,0,,,,51
38953194,0.5,0.5,0,0,0.00805860758,0.00805860758,0.297970891,0.297970891,15.9304171,0,8.56254578,8.43697548,0,13.3953247,0,0,246,0,0,0,0,,,,51
38954329,0.5,0,0,0,0,0,0.297970891,0.297970891,15.9304171,0,8.56254578,8.43275356,0,13.3953247,0,0,246,0,0,0,0,,,,51
38955456,0.5,0.5,0,0,0.00805860758,0.00805860758,0.297970891,0.297970891,15.9349623,0,8.56254578,8.44330978,0,13.3953247,0,0,246,0,0,0,0,,,,51
38956585,0.5,0,0,0,0,0,0.297970891,0.297970891,15.9304171,0,8.568573,8.44964409,0,13.3953247,0,0,246,0,0,0,0,,,,51
38957712,0.5,0,0,0,0,0.00805860758,0.297970891,0.297970891,15.9304171,0,8.58062935,8.44542122,0,13.3953247,0,0,246,0,0,0,0,,,,51
38958843,0.5,0.5,0,0,0.00805860758,0.00805860758,0.297970891,0.297970891,15.9304171,0,8.58967113,8.44753265,0,13.3953247,0,0,246,0,0,0,0,,,,51
38959969,0.5,0.5,0,0,0.00805860758,0.00805860758,0.297970891,0.297970891,15.9304171,0,8.55953121,8.43275356,0,13.4024725,0,0,246,0,0,0,0,,,,51
38961104,0.5,0,0,0,0,0.00805860758,0.297970891,0.297970891,15.9304171,0,8.56555939,8.43275356,0,13.3953247,0,0,246,0,0,0,0,,,,51
38962231,0.5,0,0,0,0,0.00805860758,0.297970891,0.297970891,15.9349623,0,8.58665657,8.43697548,0,13.3953247,0,0,246,0,0,0,0,,,,51
38963361,0.5,0,0,0,0,0.00805860758,0.297970891,0.297970891,15.9304171,0,8.57761478,8.43064213,0,13.3953247,0,0,246,0,0,0,0,,,,51
38964487,0.5,0,0,0,0,0.00805860758,0.297970891,0.297970891,15.9349623,0,8.57761478,8.43908691,0,13.3881769,0,0,246,0,0,0,0,,,,51
38965617,0.5,0,0,0,0,0.00805860758,0.297970891,0.297970891,15.9349623,0,8.58364296,8.44964409,0,13.3881769,0,0,246,0,0,0,0,,,,51
38966749,0.5,0,0,0,0,0.00805860758,0.297970891,0.297970891,15.9304171,0,8.568573,8.43275356,0,13.3881769,0,0,246,0,0,0,0,,,,51
38967879,0.5,1,0,0,0.00805860758,0,0.297970891,0.297970891,15.9349623,0,8.57158756,8.44753265,0,13.3953247,0,0,246,0,0,0,0,,,,51
38969006,0.5,1,0,0,0.00805860758,0,0.297970891,0.297970891,15.9349623,0,8.54747581,8.44964409,0,13.3953247,0,0,246,0,0,0,0,,,,51
38970135,0.5,1,0,0,0.00805860758,0,0.297970891,0.297970891,15.9304171,0,8.5565176,8.44964409,0,13.3953247,0,0,246,0,0,0,0,,,,51
38971466,0.5,0,0,0,0,0.00805860758,0.297970891,0.297970891,15.9304171,0,8.58665657,8.44330978,0,13.3953247,0,0,246,0,0,0,0,,,,51
38972596,0.5,0,0,0,0,0,0.297970891,0.297970891,15.9304171,0,8.58967113,8.43486404,0,13.3953247,0,0,246,0,0,0,0,,,,51
38973728,0.5,0,0,0,0,0.00805860758,0.297970891,0.297970891,15.9304171,0,8.58062935,8.45597839,0,13.3953247,0,0,246,0,0,0,0,,,,51
38974858,0.5,0,0,0,0,0,0.297970891,0.297970891,15.9349623,0,8.59268475,8.44330978,0,13.3953247,0,0,246,0,0,0,0,,,,51
38975985,0.5,0,0,0,0,0,0.297970891,0.297970891,15.9304171,0,8.57460117,8.45175552,0,13.3953247,0,0,246,0,0,0,0,,,,51
38977114,0.5,0,0,0,0,0,0.297970891,0.297970891,15.9304171,0,8.56254578,8.45597839,0,13.3953247,0,0,246,0,0,0,0,,,,51
38978241,0.5,0,0,0,0,0.00805860758,0.297970891,0.297970891,15.9258718,0,8.57460117,8.42853069,0,13.3953247,0,0,246,0,0,0,0,,,,51
38979375,0.5,0,0,0,0,0.00805860758,0.297970891,0.297970891,15.9304171,0,8.56555939,8.43697548,0,13.3953247,0,0,246,0,0,0,0,,,,51
38980502,0.5,0,0,0,0,0.00805860758,0.297970891,0.297970891,15.9304171,0,8.57460117,8.44964409,0,13.3953247,0,0,246,0,0,0,0,,,,51
38981632,0.5,0,0,0,0,0,0.297970891,0.297970891,15.9304171,0,8.55953121,8.44542122,0,13.3953247,0,0,246,0,0,0,0,,,,51
38982759,0.5,0,0,0,0,0,0.297970891,0.297970891,15.9304171,0,8.54144764,8.43908691,0,13.3953247,0,0,246,0,0,0,0,,,,51
38983889,0.5,0.5,0,0,0.00805860758,0.00805860758,0.297970891,0.297970891,15.9304171,0,8.55048943,8.45175552,0,13.3881769,0,0,246,0,0,0,0,,,,51
38985016,0.5,0,0,0,0,0,0.297970891,0.297970891,15.9349623,0,8.56254578,8.43908691,0,13.3953247,0,0,246,0,0,0,0,,,,51
38986151,0.5,1,0,0,0.00805860758,0,0.297970891,0.297970891,15.9304171,0,8.57761478,8.44542122,0,13.3953247,0,0,246,0,0,0,0,,,,51
38987278,0.5,1,0,0,0.00805860758,0,0.297970891,0.297970891,15.9304171,0,8.57460117,8.45808983,0,13.3953247,0,0,246,0,0,0,0,,,,51
38988407,0.5,1,0,0,0.00805860758,0,0.297970891,0.297970891,15.9304171,0,8.56555939,8.44964409,0,13.3953247,0,0,246,0,0,0,0,,,,51
38989534,0.5,0,0,0,0,0.00805860758,0.297970891,0.297970891,15.9304171,0,8.55048943,8.44330978,0,13.3953247,0,0,246,0,0,0,0,,,,51
38990664,0.5,0,0,0,0,0,0.297970891,0.297970891,15.9304171,0,8.568573,8.44330978,0,13.3953247,0,0,246,0,0,0,0,,,,51
38991995,0.5,0,0,0,0,0,0.297970891,0.297970891,15.9304171,0,8.59268475,8.44119835,0,13.3953247,0,0,246,0,0,0,0,,,,51
38993129,0.5,0,0,0,0,0.00805860758,0.297970891,0.297970891,15.9304171,0,8.568573,8.44542122,0,13.3953247,0,0,246,0,0,0,0,,,,51
38994256,0.5,0,0,0,0,0.00805860758,0.297970891,0.297970891,15.9304171,0,8.55048943,8.44119835,0,13.3953247,0,0,246,0,0,0,0,,,,51
38995386,0.5,0,0,0,0,0.00805860758,0.297970891,0.297970891,15.9304171,0,8.58665657,8.43908691,0,13.3953247,0,0,246,0,0,0,0,,,,51
38996513,0.5,0,0,0,0,0.00805860758,0.297970891,0.297970891,15.9304171,0,8.568573,8.43908691,0,13.3953247,0,0,246,0,0,0,0,,,,51
38997643,0.5,0,0,0,0,0.00805860758,0.297970891,0.297970891,15.9304171,0,8.58967113,8.43908691,0,13.3953247,0,0,246,0,0,0,0,,,,51
38998774,0.5,0,0,0,0,0.0161172152,0.297970891,0.297970891,15.9349623,0,8.58665657,8.43275356,0,13.3953247,0,0,246,0,0,0,0,,,,51
38999904,0.5,0.333333343,0,0,0.00805860758,0.0161172152,0.297970891,0.297970891,15.9304171,0,8.568573,8.44330978,0,13.3953247,0,0,246,0,0,0,0,,,,51
39001031,0.5,0,0,0,0,0.00805860758,0.297970891,0.297970891,15.9349623,0,8.54144764,8.43697548,0,13.3881769,0,0,246,0,0,0,0,,,,51
39002161,0.5,1,0,0,0.00805860758,0,0.297970891,0.297970891,15.9304171,0,8.56254578,8.44542122,0,13.3953247,0,0,246,0,0,0,0,,,,51
39003288,0.5,0,0,0,0,0.0161172152,0.297970891,0.297970891,15.9304171,0,8.57761478,8.44330978,0,13.3953247,0,0,246,0,0,0,0,,,,51
39004417,0.5,0,0,0,0,0.00805860758,0.297970891,0.297970891,15.9349623,0,8.58665657,8.44119835,0,13.3953247,0,0,246,0,0,0,0,,,,51
39005549,0.5,1,0,0,0.00805860758,0,0.297970891,0.297970891,15.9304171,0,8.58062935,8.44753265,0,13.3881769,0,0,246,0,0,0,0,,,,51
39006679,0.5,0,0,0,0,0.00805860758,0.297970891,0.297970891,15.9304171,0,8.5565176,8.44119835,0,13.3953247,0,0,246,0,0,0,0,,,,51
39007806,0.5,1,0,0,0.00805860758,0,0.297970891,0.297970891,15.9304171,0,8.5444622,8.43275356,0,13.3953247,0,0,246,0,0,0,0,,,,51
39008936,0.5,0,0,0,0,0.00805860758,0.297970891,0.297970891,15.9304171,0,8.57158756,8.45175552,0,13.3953247,0,0,246,0,0,0,0,,,,51
39010062,0.5,0,0,0,0,0.00805860758,0.297970891,0.297970891,15.9304171,0,8.58364296,8.44119835,0,13.3810291,0,0,246,0,0,0,0,,,,51
39011197,0.5,0,0,0,0,0.00805860758,0.297970891,0.297970891,15.9304171,0,8.58062935,8.43908691,0,13.3953247,0,0,246,0,0,0,0,,,,51
39012324,0.5,0,0,0,0,0.00805860758,0.297970891,0.297970891,15.9304171,0,8.57158756,8.43908691,0,13.3953247,0,0,246,0,0,0,0,,,,51
39013658,0.5,0,0,0,0,0.00805860758,0.297970891,0.297970891,15.9304171,0,8.55048943,8.44119835,0,13.3953247,0,0,246,0,0,0,0,,,,51
39014785,0.5,0,0,0,0,0.00805860758,0.297970891,0.297970891,15.9349623,0,8.58967113,8.43697548,0,13.4024725,0,0,246,0,0,0,0,,,,51
39015914,0.5,1,0,0,0.00805860758,0,0.297970891,0.297970891,15.9304171,0,8.55953121,8.44753265,0,13.3953247,0,0,246,0,0,0,0,,,,51
39017041,0.5,0,0,0,0,0.00805860758,0.297970891,0.297970891,15.9304171,0,8.56555939,8.44330978,0,13.3953247,0,0,246,0,0,0,0,,,,51
39018176,0.5,0,0,0,0,0.00805860758,0.297970891,0.297970891,15.9304171,0,8.58967113,8.44330978,0,13.3953247,0,0,246,0,0,0,0,,,,51
39019302,0.5,0,0,0,0,0.00805860758,0.297970891,0.297970891,15.9304171,0,8.55953121,8.43697548,0,13.3953247,0,0,246,0,0,0,0,,,,51
39020432,0.5,0,0,0,0,0,0.297970891,0.297970891,15.9304171,0,8.58665657,8.44964409,0,13.3881769,0,0,246,0,0,0,0,,,,51
39021559,0.5,0.5,0,0,0.00805860758,0.00805860758,0.297970891,0.297970891,15.9304171,0,8.57158756,8.43908691,0,13.3953247,0,0,246,0,0,0,0,,,,51
39022689,0.5,0,0,0,0,0.00805860758,0.297970891,0.297970891,15.9349623,0,8.568573,8.43697548,0,13.3953247,0,0,246,0,0,0,0,,,,51
39023821,0.5,0,0,0,0,0.00805860758,0.297970891,0.297970891,15.9349623,0,8.53240585,8.44119835,0,13.3953247,0,0,246,0,0,0,0,,,,51
39024951,0.5,0,0,0,0,0,0.297970891,0.297970891,15.9304171,0,8.57158756,8.44330978,0,13.3953247,0,0,246,0,0,0,0,,,,51
39026078,0.5,0,0,0,0,0.00805860758,0.297970891,0.297970891,15.9304171,0,8.57460117,8.43908691,0,13.3738813,0,0,246,0,0,0,0,,,,51
39027207,0.5,0,0,0,0,0,0.297970891,0.297970891,15.9304171,0,8.5444622,8.43908691,0,13.3953247,0,0,246,0,0,0,0,,,,51
39028334,0.5,0,0,0,0,0,0.297970891,0.297970891,15.9304171,0,8.57761478,8.45175552,0,13.3953247,0,0,246,0,0,0,0,,,,51
39029464,0.5,0,0,0,0,0.00805860758,0.297970891,0.297970891,15.9349623,0,8.54144764,8.44964409,0,13.3953247,0,0,246,0,0,0,0,,,,51
39030596,0.5,1,0,0,0.00805860758,0,0.297970891,0.297970891,15.9304171,0,8.56555939,8.43486404,0,13.3953247,0,0,246,0,0,0,0,,,,51
39031725,0.5,0,0,0,0,0.00805860758,0.297970891,0.297970891,15.9304171,0,8.5565176,8.44753265,0,13.3953247,0,0,246,0,0,0,0,,,,51
39032853,0.5,0,0,0,0,0.00805860758,0.297970891,0.297970891,15.9349623,0,8.56254578,8.43064213,0,13.3953247,0,0,246,0,0,0,0,,,,51
39034186,0.5,0,0,0,0,0,0.297970891,0.297970891,15.9304171,0,8.58062935,8.44119835,0,13.3953247,0,0,246,0,0,0,0,,,,51
39035313,0.5,1,0,0,0.0161172152,0,0.297970891,0.297970891,15.9304171,0,8.55048943,8.45175552,0,13.3953247,0,0,246,0,0,0,0,,,,51
39036443,0.5,0,0,0,0,0.00805860758,0.297970891,0.297970891,15.9304171,0,8.58967113,8.43908691,0,13.3953247,0,0,246,0,0,0,0,,,,51
39037575,0.5,1,0,0,0.00805860758,0,0.297970891,0.297970891,15.9304171,0,8.58364296,8.44119835,0,13.3881769,0,0,246,0,0,0,0,,,,51
39038705,0.5,1,0,0,0.00805860758,0,0.297970891,0.297970891,15.9349623,0,8.55953121,8.44119835,0,13.3953247,0,0,246,0,0,0,0,,,,51
39039832,0.5,0,0,0,0,0,0.297970891,0.297970891,15.9304171,0,8.57158756,8.44330978,0,13.3953247,0,0,246,0,0,0,0,,,,51
39040961,0.5,0,0,0,0,0,0.297970891,0.297970891,15.9304171,0,8.52637863,8.44753265,0,13.3881769,0,0,246,0,0,0,0,,,,51
39042088,0.5,0.5,0,0,0.00805860758,0.00805860758,0.297970891,0.297970891,15.9304171,0,8.55350399,8.44753265,0,13.3953247,0,0,246,0,0,0,0,,,,51
39043223,0.5,0.5,0,0,0.00805860758,0.00805860758,0.297970891,0.297970891,15.9304171,0,8.55048943,8.43697548,0,13.3953247,0,0,246,0,0,0,0,,,,51
39044349,0.5,1,0,0,0.00805860758,0,0.297970891,0.297970891,15.9304171,0,8.58665657,8.44542122,0,13.3953247,0,0,246,0,0,0,0,,,,51
39045479,0.5,0,0,0,0,0.00805860758,0.297970891,0.297970891,15.9304171,0,8.58364296,8.44542122,0,13.3953247,0,0,246,0,0,0,0,,,,51
39046606,0.5,0.5,0,0,0.00805860758,0.00805860758,0.297970891,0.297970891,15.9304171,0,8.55048943,8.44542122,0,13.3953247,0,0,246,0,0,0,0,,,,51
39047736,0.5,0,0,0,0,0.00805860758,0.297970891,0.297970891,15.9304171,0,8.56254578,8.44542122,0,13.3953247,0,0,246,0,0,0,0,,,,51
39048863,0.5,0,0,0,0,0.00805860758,0.297970891,0.297970891,15.9349623,0,8.5444622,8.44753265,0,13.3953247,0,0,246,0,0,0,0,,,,51
39049998,0.5,1,0,0,0.00805860758,0,0.297970891,0.297970891,15.9304171,0,8.5565176,8.44542122,0,13.3953247,0,0,246,0,0,0,0,,,,51
39051125,0.5,0.5,0,0,0.00805860758,0.00805860758,0.297970891,0.297970891,15.9304171,0,8.57460117,8.44330978,0,13.3953247,0,0,246,0,0,0,0,,,,51
39052255,0.5,0,0,0,0,0.00805860758,0.297970891,0.297970891,15.9304171,0,8.55953121,8.44119835,0,13.3953247,0,0,246,0,0,0,0,,,,51
39053381,0.5,1,0,0,0.00805860758,0,0.297970891,0.297970891,15.9304171,0,8.57761478,8.45175552,0,13.3953247,0,0,246,0,0,0,0,,,,51
39054511,0.5,1,0,0,0.00805860758,0,0.297970891,0.297970891,15.9304171,0,8.5565176,8.45597839,0,13.3953247,0,0,246,0,0,0,0,,,,51
39055847,0.5,0,0,0,0,0,0.297970891,0.297970891,15.9304171,0,8.53843403,8.43908691,0,13.3953247,0,0,246,0,0,0,0,,,,51
39056977,0.5,0,0,0,0,0,0.297970891,0.297970891,15.9304171,0,8.5444622,8.44330978,0,13.3953247,0,0,246,0,0,0,0,,,,51
39058103,0.5,0,0,0,0,0,0.297970891,0.297970891,15.9304171,0,8.58665657,8.43486404,0,13.3953247,0,0,246,0,0,0,0,,,,51
39059233,0.5,0,0,0,0,0.00805860758,0.297970891,0.297970891,15.9258718,0,8.57158756,8.44119835,0,13.3953247,0,0,246,0,0,0,0,,,,51
39060360,0.5,1,0,0,0.00805860758,0,0.297970891,0.297970891,15.9304171,0,8.57460117,8.44964409,0,13.3953247,0,0,246,0,0,0,0,,,,51
39061491,0.5,1,0,0,0.00805860758,0,0.297970891,0.297970891,15.9304171,0,8.53240585,8.45386696,0,13.3953247,0,0,246,0,0,0,0,,,,51
39062622,0.5,1,0,0,0.00805860758,0,0.297970891,0.297970891,15.9304171,0,8.55048943,8.44330978,0,13.3953247,0,0,246,0,0,0,0,,,,51
39063752,0.5,0,0,0,0,0.00805860758,0.297970891,0.297970891,15.9304171,0,8.58967113,8.43697548,0,13.3953247,0,0,246,0,0,0,0,,,,51
39064879,0.5,0,0,0,0,0.00805860758,0.297970891,0.297970891,15.9349623,0,8.57158756,8.44753265,0,13.3953247,0,0,246,0,0,0,0,,,,51
39066009,0.5,0,0,0,0,0.00805860758,0.297970891,0.297970891,15.9349623,0,8.57460117,8.44330978,0,13.3953247,0,0,246,0,0,0,0,,,,51
39067135,0.5,0,0,0,0,0.00805860758,0.297970891,0.297970891,15.9349623,0,8.5565176,8.45175552,0,13.3953247,0,0,246,0,0,0,0,,,,51
39068270,0.5,0,0,0,0,0,0.297970891,0.297970891,15.9304171,0,8.5444622,8.44753265,0,13.3881769,0,0,246,0,0,0,0,,,,51
39069397,0.5,0.5,0,0,0.00805860758,0.00805860758,0.297970891,0.297970891,15.9304171,0,8.56555939,8.43908691,0,13.3953247,0,0,246,0,0,0,0,,,,51
39070526,0.5,1,0,0,0.00805860758,0,0.297970891,0.297970891,15.9349623,0,8.57158756,8.43908691,0,13.3953247,0,0,246,0,0,0,0,,,,51
39071653,0.5,0,0,0,0,0.00805860758,0.297970891,0.297970891,15.9349623,0,8.56254578,8.44964409,0,13.3953247,0,0,246,0,0,0,0,,,,51
39072783,0.5,0,0,0,0,0,0.297970891,0.297970891,15.9349623,0,8.57460117,8.43486404,0,13.3953247,0,0,246,0,0,0,0,,,,51
39073910,0.5,0,0,0,0,0,0.297970891,0.297970891,15.9349623,0,8.58062935,8.44119835,0,13.4024725,0,0,246,0,0,0,0,,,,51
39075045,0.5,0,0,0,0,0.00805860758,0.297970891,0.297970891,15.9304171,0,8.55953121,8.44330978,0,13.3810291,0,0,246,0,0,0,0,,,,51
39076376,0.5,0,0,0,0,0.00805860758,0.297970891,0.297970891,15.9304171,0,8.5565176,8.44119835,0,13.3953247,0,0,246,0,0,0,0,,,,51
39077506,0.5,0,0,0,0,0.00805860758,0.297970891,0.297970891,15.9304171,0,8.55048943,8.44330978,0,13.3953247,0,0,246,0,0,0,0,,,,51
39078633,0.5,0,0,0,0,0.00805860758,0.297970891,0.297970891,15.9304171,0,8.55048943,8.44964409,0,13.3953247,0,0,246,0,0,0,0,,,,51
39079762,0.5,0,0,0,0,0.00805860758,0.297970891,0.297970891,15.9349623,0,8.55350399,8.44753265,0,13.3953247,0,0,246,0,0,0,0,,,,51
39080889,0.5,0,0,0,0,0.00805860758,0.297970891,0.297970891,15.9304171,0,8.54747581,8.44330978,0,13.3881769,0,0,246,0,0,0,0,,,,51
39082023,0.5,0,0,0,0,0.00805860758,0.297970891,0.297970891,15.9304171,0,8.56555939,8.43908691,0,13.3953247,0,0,246,0,0,0,0,,,,51
39083150,0.5,0,0,0,0,0.00805860758,0.297970891,0.297970891,15.9304171,0,8.568573,8.44753265,0,13.3953247,0,0,246,0,0,0,0,,,,51
39084280,0.5,0,0,0,0,0.0161172152,0.297970891,0.297970891,15.9304171,0,8.5444622,8.43908691,0,13.4024725,0,0,246,0,0,0,0,,,,51
39085407,0.5,0,0,0,0,0.00805860758,0.297970891,0.297970891,15.9349623,0,8.55350399,8.44119835,0,13.3881769,0,0,246,0,0,0,0,,,,51
39086537,0.5,0,0,0,0,0,0.297970891,0.297970891,15.9304171,0,8.57158756,8.44330978,0,13.3953247,0,0,246,0,0,0,0,,,,51
39087668,0.5,0,0,0,0,0.00805860758,0.297970891,0.297970891,15.9304171,0,8.58665657,8.43908691,0,13.3953247,0,0,246,0,0,0,0,,,,51
39088798,0.5,0,0,0,0,0.00805860758,0.297970891,0.297970891,15.9304171,0,8.57158756,8.43697548,0,13.3953247,0,0,246,0,0,0,0,,,,51
39089925,0.5,0,0,0,0,0.00805860758,0.297970891,0.297970891,15.9304171,0,8.56254578,8.43908691,0,13.3953247,0,0,246,0,0,0,0,,,,51
39091055,0.5,1,0,0,0.00805860758,0,0.297970891,0.297970891,15.9349623,0,8.58062935,8.43908691,0,13.3810291,0,0,246,0,0,0,0,,,,51
39092182,0.5,0.5,0,0,0.00805860758,0.00805860758,0.297970891,0.297970891,15.9349623,0,8.56555939,8.44753265,0,13.3953247,0,0,246,0,0,0,0,,,,51
39093311,0.5,0.5,0,0,0.00805860758,0.00805860758,0.297970891,0.297970891,15.9349623,0,8.58364296,8.45175552,0,13.3881769,0,0,246,0,0,0,0,,,,51
39094443,0.5,0,0,0,0,0.00805860758,0.297970891,0.297970891,15.9304171,0,8.57761478,8.45597839,0,13.3953247,0,0,246,0,0,0,0,,,,51
39095573,0.5,0,0,0,0,0,0.297970891,0.297970891,15.9349623,0,8.53542042,8.44964409,0,13.3953247,0,0,246,0,0,0,0,,,,51
39096904,0.5,1,0,0,0.00805860758,0,0.297970891,0.297970891,15.9304171,0,8.58364296,8.44964409,0,13.3953247,0,0,246,0,0,0,0,,,,51
39098034,0.5,0,0,0,0,0,0.297970891,0.297970891,15.9304171,0,8.59268475,8.44330978,0,13.3810291,0,0,246,0,0,0,0,,,,51
39099161,0.5,0,0,0,0,0,0.297970891,0.297970891,15.9349623,0,8.55350399,8.45597839,0,13.3881769,0,0,246,0,0,0,0,,,,51
39100295,0.5,0,0,0,0,0,0.297970891,0.297970891,15.9304171,0,8.56555939,8.45386696,0,13.3953247,0,0,246,0,0,0,0,,,,51
39101422,0.5,1,0,0,0.00805860758,0,0.297970891,0.297970891,15.9304171,0,8.57460117,8.45808983,0,13.3953247,0,0,246,0,0,0,0,,,,51
39102553,0.5,1,0,0,0.0161172152,0,0.297970891,0.297970891,15.9304171,0,8.55350399,8.44964409,0,13.3953247,0,0,246,0,0,0,0,,,,51
39103679,0.5,0,0,0,0,0.00805860758,0.297970891,0.297970891,15.9304171,0,8.55048943,8.44964409,0,13.3953247,0,0,246,0,0,0,0,,,,51
39104809,0.5,0,0,0,0,0,0.297970891,0.297970891,15.9304171,0,8.57761478,8.43697548,0,13.3953247,0,0,246,0,0,0,0,,,,51
39105936,0.5,0,0,0,0,0.00805860758,0.297970891,0.297970891,15.9304171,0,8.57460117,8.44119835,0,13.3953247,0,0,246,0,0,0,0,,,,51
39107070,0.5,0,0,0,0,0.00805860758,0.297970891,0.297970891,15.9304171,0,8.568573,8.43486404,0,13.3738813,0,0,246,0,0,0,0,,,,51
39108197,0.5,0,0,0,0,0,0.297970891,0.297970891,15.9349623,0,8.53542042,8.44542122,0,13.3953247,0,0,246,0,0,0,0,,,,51
39109327,0.5,0.5,0,0,0.00805860758,0.00805860758,0.297970891,0.297970891,15.9304171,0,8.57460117,8.45175552,0,13.3953247,0,0,246,0,0,0,0,,,,51
39110454,0.5,0,0,0,0,0.00805860758,0.297970891,0.297970891,15.9304171,0,8.56555939,8.44330978,0,13.3953247,0,0,246,0,0,0,0,,,,51
39111584,0.5,1,0,0,0.00805860758,0,0.297970891,0.297970891,15.9304171,0,8.54144764,8.44542122,0,13.3953247,0,0,246,0,0,0,0,,,,51
39112715,0.5,0,0,0,0,0.00805860758,0.297970891,0.297970891,15.9304171,0,8.55350399,8.44542122,0,13.3953247,0,0,246,0,0,0,0,,,,51
39113845,0.5,1,0,0,0.00805860758,0,0.297970891,0.297970891,15.9349623,0,8.55953121,8.44753265,0,13.3953247,0,0,246,0,0,0,0,,,,51
39114972,0.5,0,0,0,0,0.00805860758,0.297970891,0.297970891,15.9304171,0,8.57158756,8.44542122,0,13.3953247,0,0,246,0,0,0,0,,,,51
39116102,0.5,0,0,0,0,0.00805860758,0.297970891,0.297970891,15.9304171,0,8.5565176,8.44964409,0,13.3953247,0,0,246,0,0,0,0,,,,51
39117228,0.5,1,0,0,0.00805860758,0,0.297970891,0.297970891,15.9349623,0,8.58364296,8.45175552,0,13.3953247,0,0,246,0,0,0,0,,,,51
39118562,0.5,0,0,0,0,0,0.297970891,0.297970891,15.9304171,0,8.58364296,8.45386696,0,13.3881769,0,0,246,0,0,0,0,,,,51
39119694,0.5,0,0,0,0,0.00805860758,0.297970891,0.297970891,15.9304171,0,8.55953121,8.44964409,0,13.3953247,0,0,246,0,0,0,0,,,,51
39120823,0.5,0,0,0,0,0,0.297970891,0.297970891,15.9304171,0,8.54144764,8.45597839,0,13.3953247,0,0,246,0,0,0,0,,,,51
39121950,0.5,0,0,0,0,0.00805860758,0.297970891,0.297970891,15.9349623,0,8.57158756,8.43486404,0,13.3953247,0,0,246,0,0,0,0,,,,51
39123080,0.5,0,0,0,0,0,0.297970891,0.297970891,15.9304171,0,8.53542042,8.45175552,0,13.3738813,0,0,246,0,0,0,0,,,,51
39124207,0.5,0,0,0,0,0.00805860758,0.297970891,0.297970891,15.9258718,0,8.58364296,8.45597839,0,13.3953247,0,0,246,0,0,0,0,,,,51
39125341,0.5,0,0,0,0,0,0.297970891,0.297970891,15.9304171,0,8.58967113,8.45386696,0,13.3953247,0,0,246,0,0,0,0,,,,51
39126468,0.5,0.5,0,0,0.00805860758,0.00805860758,0.297970891,0.297970891,15.9304171,0,8.568573,8.44330978,0,13.3953247,0,0,246,0,0,0,0,,,,51
39127598,0.5,0,0,0,0,0.00805860758,0.297970891,0.297970891,15.9349623,0,8.55953121,8.44330978,0,13.3881769,0,0,246,0,0,0,0,,,,51
39128725,0.5,0,0,0,0,0.00805860758,0.297970891,0.297970891,15.9349623,0,8.58062935,8.44119835,0,13.3881769,0,0,246,0,0,0,0,,,,51
39129855,0.5,1,0,0,0.00805860758,0,0.297970891,0.297970891,15.9304171,0,8.54747581,8.43275356,0,13.3953247,0,0,246,0,0,0,0,,,,51
39130981,0.5,0.5,0,0,0.00805860758,0.00805860758,0.297970891,0.297970891,15.9304171,0,8.59569836,8.44964409,0,13.3953247,0,0,246,0,0,0,0,,,,51
39132116,0.5,0,0,0,0,0,0.297970891,0.297970891,15.9349623,0,8.57761478,8.43064213,0,13.3953247,0,0,246,0,0,0,0,,,,51
39133243,0.5,0,0,0,0,0.00805860758,0.297970891,0.297970891,15.9349623,0,8.57460117,8.45175552,0,13.3953247,0,0,246,0,0,0,0,,,,51
39134372,0.5,0.5,0,0,0.00805860758,0.00805860758,0.297970891,0.297970891,15.9304171,0,8.58967113,8.43908691,0,13.4024725,0,0,246,0,0,0,0,,,,51
39135499,0.5,1,0,0,0.00805860758,0,0.297970891,0.297970891,15.9304171,0,8.56254578,8.44964409,0,13.3953247,0,0,246,0,0,0,0,,,,51
39136629,0.5,1,0,0,0.00805860758,0,0.297970891,0.297970891,15.9304171,0,8.55953121,8.44542122,0,13.3953247,0,0,246,0,0,0,0,,,,51
39137756,0.5,1,0,0,0.00805860758,0,0.297970891,0.297970891,15.9349623,0,8.54144764,8.44964409,0,13.4024725,0,0,246,0,0,0,0,,,,51
39139094,0.5,1,0,0,0.00805860758,0,0.297970891,0.297970891,15.9304171,0,8.57158756,8.45808983,0,13.3953247,0,0,246,0,0,0,0,,,,51
39140221,0.5,1,0,0,0.0161172152,0,0.297970891,0.297970891,15.9304171,0,8.57761478,8.44753265,0,13.3881769,0,0,246,0,0,0,0,,,,51
39141351,0.5,1,0,0,0.00805860758,0,0.297970891,0.297970891,15.9349623,0,8.55048943,8.44330978,0,13.3953247,0,0,246,0,0,0,0,,,,51
39142478,0.5,0,0,0,0,0,0.297970891,0.297970891,15.9349623,0,8.56254578,8.44119835,0,13.3953247,0,0,246,0,0,0,0,,,,51
39143608,0.5,0.5,0,0,0.00805860758,0.00805860758,0.297970891,0.297970891,15.9304171,0,8.59268475,8.44330978,0,13.3953247,0,0,246,0,0,0,0,,,,51
39144740,0.5,0.5,0,0,0.00805860758,0.00805860758,0.297970891,0.297970891,15.9349623,0,8.5444622,8.44119835,0,13.3953247,0,0,246,0,0,0,0,,,,51
39145869,0.5,1,0,0,0.00805860758,0,0.297970891,0.297970891,15.9304171,0,8.57158756,8.43908691,0,13.3953247,0,0,246,0,0,0,0,,,,51
39146996,0.5,1,0,0,0.00805860758,0,0.297970891,0.297970891,15.9349623,0,8.57460117,8.43908691,0,13.3953247,0,0,246,0,0,0,0,,,,51
39148126,0.5,0,0,0,0,0,0.297970891,0.297970891,15.9304171,0,8.57460117,8.44542122,0,13.3953247,0,0,246,0,0,0,0,,,,51
39149253,0.5,0,0,0,0,0,0.297970891,0.297970891,15.9304171,0,8.5444622,8.45597839,0,13.3953247,0,0,246,0,0,0,0,,,,51
39150383,0.5,1,0,0,0.00805860758,0,0.297970891,0.297970891,15.9304171,0,8.55350399,8.45175552,0,13.3953247,0,0,246,0,0,0,0,,,,51
39151514,0.5,1,0,0,0.00805860758,0,0.297970891,0.297970891,15.9349623,0,8.55350399,8.45386696,0,13.3953247,0,0,246,0,0,0,0,,,,51
39152644,0.5,0,0,0,0,0,0.297970891,0.297970891,15.9304171,0,8.56254578,8.43908691,0,13.3953247,0,0,246,0,0,0,0,,,,51
39153771,0.5,1,0,0,0.00805860758,0,0.297970891,0.297970891,15.9304171,0,8.5565176,8.44753265,0,13.3953247,0,0,246,0,0,0,0,,,,51
39154901,0.5,0,0,0,0,0,0.297970891,0.297970891,15.9304171,0,8.58967113,8.44542122,0,13.3953247,0,0,246,0,0,0,0,,,,51
39156028,0.5,0,0,0,0,0,0.297970891,0.297970891,15.9304171,0,8.57460117,8.44542122,0,13.3881769,0,0,246,0,0,0,0,,,,51
39157162,0.5,0,0,0,0,0.00805860758,0.297970891,0.297970891,15.9304171,0,8.54747581,8.43275356,0,13.3953247,0,0,246,0,0,0,0,,,,51
39158289,0.5,0,0,0,0,0.00805860758,0.297970891,0.297970891,15.9304171,0,8.56555939,8.43064213,0,13.3953247,0,0,246,0,0,0,0,,,,51
39159418,0.5,1,0,0,0.00805860758,0,0.297970891,0.297970891,15.9304171,0,8.56555939,8.43697548,0,13.3953247,0,0,246,0,0,0,0,,,,51
39160749,0.5,0,0,0,0,0,0.297970891,0.297970891,15.9304171,0,8.59569836,8.45386696,0,13.3953247,0,0,246,0,0,0,0,,,,51
39161879,0.5,0,0,0,0,0.00805860758,0.297970891,0.297970891,15.9304171,0,8.58364296,8.44964409,0,13.3953247,0,0,246,0,0,0,0,,,,51
39163006,0.5,1,0,0,0.00805860758,0,0.297970891,0.297970891,15.9304171,0,8.58062935,8.44753265,0,13.3953247,0,0,246,0,0,0,0,,,,51
39164140,0.5,1,0,0,0.00805860758,0,0.297970891,0.297970891,15.9304171,0,8.53542042,8.45175552,0,13.3953247,0,0,246,0,0,0,0,,,,51
39165267,0.5,0,0,0,0,0,0.297970891,0.297970891,15.9349623,0,8.58062935,8.45175552,0,13.3953247,0,0,246,0,0,0,0,,,,51
39166397,0.5,1,0,0,0.00805860758,0,0.297970891,0.297970891,15.9304171,0,8.568573,8.44753265,0,13.3953247,0,0,246,0,0,0,0,,,,51
39167524,0.5,0,0,0,0,0.00805860758,0.297970891,0.297970891,15.9304171,0,8.57158756,8.42853069,0,13.3953247,0,0,246,0,0,0,0,,,,51
39168654,0.5,0,0,0,0,0.00805860758,0.297970891,0.297970891,15.9304171,0,8.55350399,8.44119835,0,13.3953247,0,0,246,0,0,0,0,,,,51
39169785,0.5,0,0,0,0,0.00805860758,0.297970891,0.297970891,15.9304171,0,8.58062935,8.43697548,0,13.3953247,0,0,246,0,0,0,0,,,,51
39170915,0.5,0,0,0,0,0.00805860758,0.297970891,0.297970891,15.9304171,0,8.58967113,8.44330978,0.00714798551,13.3953247,0,0,246,0,0,0,0,,,,51
39172042,0.5,0,0,0,0,0,0.297970891,0.297970891,15.9304171,0,8.58967113,8.44330978,0,13.3810291,0,0,246,0,0,0,0,,,,51
39173172,0.5,0,0,0,0,0.00805860758,0.297970891,0.297970891,15.9304171,0,8.57761478,8.43697548,0,13.3953247,0,0,246,0,0,0,0,,,,51
39174299,0.5,0,0,0,0,0.00805860758,0.297970891,0.297970891,15.9349623,0,8.57761478,8.45386696,0,13.3953247,0,0,246,0,0,0,0,,,,51
39175428,0.5,0,0,0,0,0.00805860758,0.297970891,0.297970891,15.9258718,0,8.568573,8.45175552,0,13.3953247,0,0,246,0,0,0,0,,,,51
39176560,0.5,0.5,0,0,0.00805860758,0.00805860758,0.297970891,0.297970891,15.9304171,0,8.58665657,8.44330978,0,13.3953247,0,0,246,0,0,0,0,,,,51
39177690,0.5,0,0,0,0,0.0161172152,0.297970891,0.297970891,15.9304171,0,8.58967113,8.44330978,0,13.3953247,0,0,246,0,0,0,0,,,,51
39178817,0.5,0,0,0,0,0.00805860758,0.297970891,0.297970891,15.9304171,0,8.58665657,8.43064213,0,13.3953247,0,0,246,0,0,0,0,,,,51
39179947,0.5,0,0,0,0,0.0161172152,0.297970891,0.297970891,15.9349623,0,8.56555939,8.43908691,0,13.3953247,0,0,246,0,0,0,0,,,,51
39181277,0.5,0,0,0,0,0.0161172152,0.297970891,0.297970891,15.9304171,0,8.56254578,8.44542122,0,13.3953247,0,0,246,0,0,0,0,,,,51
39182408,0.5,0,0,0,0,0.00805860758,0.297970891,0.297970891,15.9349623,0,8.568573,8.42641926,0,13.3953247,0,0,246,0,0,0,0,,,,51
39183539,0.5,0,0,0,0,0.00805860758,0.297970891,0.297970891,15.9304171,0,8.54144764,8.44753265,0,13.3881769,0,0,246,0,0,0,0,,,,51
39184670,0.5,0,0,0,0,0.0161172152,0.297970891,0.297970891,15.9304171,0,8.58665657,8.44330978,0,13.3953247,0,0,246,0,0,0,0,,,,51
39185796,0.5,0,0,0,0,0.00805860758,0.297970891,0.297970891,15.9304171,0,8.568573,8.43908691,0,13.3953247,0,0,246,0,0,0,0,,,,51
39186926,0.5,0,0,0,0,0.00805860758,0.297970891,0.297970891,15.9349623,0,8.57761478,8.45175552,0,13.3953247,0,0,246,0,0,0,0,,,,51
39188053,0.5,0,0,0,0,0,0.297970891,0.297970891,15.9258718,0,8.5565176,8.44542122,0,13.3881769,0,0,246,0,0,0,0,,,,51
39189187,0.5,0,0,0,0,0.00805860758,0.297970891,0.297970891,15.9304171,0,8.53843403,8.44330978,0,13.3953247,0,0,246,0,0,0,0,,,,51
39190314,0.5,0.5,0,0,0.00805860758,0.00805860758,0.297970891,0.297970891,15.9304171,0,8.5444622,8.45386696,0,13.3881769,0,0,246,0,0,0,0,,,,51
39191444,0.5,0,0,0,0,0,0.297970891,0.297970891,15.9304171,0,8.54144764,8.44542122,0,13.4024725,0,0,246,0,0,0,0,,,,51
39192571,0.5,0,0,0,0,0.0161172152,0.297970891,0.297970891,15.9349623,0,8.57460117,8.44119835,0,13.4024725,0,0,246,0,0,0,0,,,,51
39193701,0.5,0,0,0,0,0,0.297970891,0.297970891,15.9304171,0,8.57158756,8.44753265,0,13.3953247,0,0,246,0,0,0,0,,,,51
39194827,0.5,0,0,0,0,0.00805860758,0.297970891,0.297970891,15.9304171,0,8.55048943,8.44753265,0,13.3953247,0,0,246,0,0,0,0,,,,51
39195962,0.5,0,0,0,0,0.00805860758,0.297970891,0.297970891,15.9304171,0,8.568573,8.43908691,0,13.3953247,0,0,246,0,0,0,0,,,,51
39197089,0.5,1,0,0,0.00805860758,0,0.297970891,0.297970891,15.9304171,0,8.57761478,8.45597839,0,13.3953247,0,0,246,0,0,0,0,,,,51
39198219,0.5,0,0,0,0,0.00805860758,0.297970891,0.297970891,15.9349623,0,8.54144764,8.44542122,0,13.3953247,0,0,246,0,0,0,0,,,,51
39199346,0.5,0,0,0,0,0,0.297970891,0.297970891,15.9304171,0,8.57761478,8.44964409,0,13.3953247,0,0,246,0,0,0,0,,,,51
39200477,0.5,0,0,0,0,0.00805860758,0.297970891,0.297970891,15.9349623,0,8.56555939,8.44964409,0,13.3953247,0,0,246,0,0,0,0,,,,51
39201812,0.5,0,0,0,0,0.00805860758,0.297970891,0.297970891,15.9349623,0,8.57460117,8.44330978,0,13.3953247,0,0,246,0,0,0,0,,,,51
39202942,0.5,1,0,0,0.00805860758,0,0.297970891,0.297970891,15.9304171,0,8.57460117,8.44330978,0,13.3953247,0,0,246,0,0,0,0,,,,51
39204069,0.5,0,0,0,0,0.00805860758,0.297970891,0.297970891,15.9304171,0,8.59268475,8.43908691,0,13.3810291,0,0,246,0,0,0,0,,,,51
39205198,0.5,0,0,0,0,0,0.297970891,0.297970891,15.9349623,0,8.57460117,8.44964409,0,13.3881769,0,0,246,0,0,0,0,,,,51
39206326,0.5,1,0,0,0.00805860758,0,0.297970891,0.297970891,15.9304171,0,8.55048943,8.45386696,0,13.3953247,0,0,246,0,0,0,0,,,,51
39207455,0.5,1,0,0,0.00805860758,0,0.297970891,0.297970891,15.9349623,0,8.56254578,8.44542122,0,13.3953247,0,0,246,0,0,0,0,,,,51
39208587,0.5,0,0,0,0,0,0.297970891,0.297970891,15.9304171,0,8.57158756,8.43908691,0,13.3953247,0,0,246,0,0,0,0,,,,51
39209717,0.5,1,0,0,0.00805860758,0,0.297970891,0.297970891,15.9304171,0,8.59268475,8.44542122,0,13.3953247,0,0,246,0,0,0,0,,,,51
39210844,0.5,0.5,0,0,0.00805860758,0.00805860758,0.297970891,0.297970891,15.9304171,0,8.568573,8.44964409,0,13.3953247,0,0,246,0,0,0,0,,,,51
39211973,0.5,1,0,0,0.00805860758,0,0.297970891,0.297970891,15.9304171,0,8.52637863,8.44330978,0,13.3953247,0,0,246,0,0,0,0,,,,51
39213100,0.5,1,0,0,0.00805860758,0,0.297970891,0.297970891,15.9349623,0,8.5444622,8.44542122,0,13.3953247,0,0,246,0,0,0,0,,,,51
39214234,0.5,1,0,0,0.00805860758,0,0.297970891,0.297970891,15.9304171,0,8.58062935,8.44542122,0,13.3953247,0,0,246,0,0,0,0,,,,51
39215361,0.5,1,0,0,0.00805860758,0,0.297970891,0.297970891,15.9304171,0,8.59268475,8.45175552,0,13.3953247,0,0,246,0,0,0,0,,,,51
39216491,0.5,0,0,0,0,0.00805860758,0.297970891,0.297970891,15.9304171,0,8.53542042,8.44330978,0,13.4024725,0,0,246,0,0,0,0,,,,51
39217618,0.5,1,0,0,0.00805860758,0,0.297970891,0.297970891,15.9304171,0,8.56555939,8.44753265,0,13.3953247,0,0,246,0,0,0,0,,,,51
39218748,0.5,0.5,0,0,0.00805860758,0.00805860758,0.297970891,0.297970891,15.9304171,0,8.55048943,8.45175552,0,13.3953247,0,0,246,0,0,0,0,,,,51
39219875,0.5,0,0,0,0,0,0.297970891,0.297970891,15.9304171,0,8.53843403,8.44119835,0,13.3953247,0,0,246,0,0,0,0,,,,51
39221009,0.5,0,0,0,0,0.00805860758,0.297970891,0.297970891,15.9304171,0,8.56555939,8.44119835,0,13.3953247,0,0,246,0,0,0,0,,,,51
39222136,0.5,0,0,0,0,0.00805860758,0.297970891,0.297970891,15.9304171,0,8.5565176,8.43908691,0,13.4024725,0,0,246,0,0,0,0,,,,51
39223470,0.5,0,0,0,0,0.00805860758,0.297970891,0.297970891,15.9304171,0,8.58364296,8.43486404,0,13.3953247,0,0,246,0,0,0,0,,,,51
39224597,0.5,0,0,0,0,0.00805860758,0.297970891,0.297970891,15.9304171,0,8.58665657,8.45386696,0,13.4024725,0,0,246,0,0,0,0,,,,51
39225726,0.5,0,0,0,0,0.00805860758,0.297970891,0.297970891,15.9304171,0,8.58364296,8.44330978,0,13.3953247,0,0,246,0,0,0,0,,,,51
39226853,0.5,0,0,0,0,0,0.297970891,0.297970891,15.9304171,0,8.58665657,8.44964409,0,13.3881769,0,0,246,0,0,0,0,,,,51
39227988,0.5,1,0,0,0.00805860758,0,0.297970891,0.297970891,15.9304171,0,8.5565176,8.44753265,0,13.4024725,0,0,246,0,0,0,0,,,,51
39229114,0.5,0,0,0,0,0.00805860758,0.297970891,0.297970891,15.9304171,0,8.568573,8.44542122,0.00714798551,13.3953247,0,0,246,0,0,0,0,,,,51
39230244,0.5,0,0,0,0,0,0.297970891,0.297970891,15.9258718,0,8.57158756,8.44330978,0,13.3953247,0,0,246,0,0,0,0,,,,51
39231371,0.5,0,0,0,0,0,0.297970891,0.297970891,15.9304171,0,8.55953121,8.44330978,0,13.3953247,0,0,246,0,0,0,0,,,,51
39232501,0.5,1,0,0,0.00805860758,0,0.297970891,0.297970891,15.9349623,0,8.55953121,8.44330978,0,13.4024725,0,0,246,0,0,0,0,,,,51
39233633,0.5,0,0,0,0,0,0.297970891,0.297970891,15.9304171,0,8.55048943,8.44753265,0,13.3953247,0,0,246,0,0,0,0,,,,51
39234763,0.5,0,0,0,0,0,0.297970891,0.297970891,15.9304171,0,8.53843403,8.43486404,0,13.3953247,0,0,246,0,0,0,0,,,,51
39235890,0.5,0,0,0,0,0.00805860758,0.297970891,0.297970891,15.9304171,0,8.5444622,8.43908691,0,13.3953247,0,0,246,0,0,0,0,,,,51
39237020,0.5,0.5,0,0,0.00805860758,0.00805860758,0.297970891,0.297970891,15.9304171,0,8.57158756,8.44330978,0,13.3953247,0,0,246,0,0,0,0,,,,51
39238146,0.5,1,0,0,0.00805860758,0,0.297970891,0.297970891,15.9349623,0,8.58665657,8.45175552,0,13.3953247,0,0,246,0,0,0,0,,,,51
39239276,0.5,0,0,0,0,0,0.297970891,0.297970891,15.9349623,0,8.56254578,8.44330978,0,13.3953247,0,0,246,0,0,0,0,,,,51
39240408,0.5,1,0,0,0.00805860758,0,0.297970891,0.297970891,15.9349623,0,8.58665657,8.44753265,0,13.3953247,0,0,246,0,0,0,0,,,,51
39241538,0.5,1,0,0,0.00805860758,0,0.297970891,0.297970891,15.9304171,0,8.568573,8.44753265,0,13.3953247,0,0,246,0,0,0,0,,,,51
39242665,0.5,1,0,0,0.00805860758,0,0.297970891,0.297970891,15.9304171,0,8.58364296,8.43908691,0,13.3953247,0,0,246,0,0,0,0,,,,51
39243998,0.5,0,0,0,0,0.00805860758,0.297970891,0.297970891,15.9304171,0,8.56555939,8.43697548,0,13.3953247,0,0,246,0,0,0,0,,,,51
39245126,0.5,0.5,0,0,0.00805860758,0.00805860758,0.297970891,0.297970891,15.9304171,0,8.57761478,8.44330978,0,13.3953247,0,0,246,0,0,0,0,,,,51
39246260,0.5,1,0,0,0.00805860758,0,0.297970891,0.297970891,15.9349623,0,8.57158756,8.44542122,0,13.3953247,0,0,246,0,0,0,0,,,,51
39247387,0.5,1,0,0,0.00805860758,0,0.297970891,0.297970891,15.9304171,0,8.57158756,8.44542122,0,13.3881769,0,0,246,0,0,0,0,,,,51
39248517,0.5,0.5,0,0,0.00805860758,0.00805860758,0.297970891,0.297970891,15.9304171,0,8.56254578,8.44964409,0,13.3953247,0,0,246,0,0,0,0,,,,51
39249644,0.5,0.5,0,0,0.00805860758,0.00805860758,0.297970891,0.297970891,15.9349623,0,8.58062935,8.44753265,0,13.3953247,0,0,246,0,0,0,0,,,,51
39250773,0.5,0,0,0,0,0,0.297970891,0.297970891,15.9349623,0,8.55048943,8.44753265,0,13.3953247,0,0,246,0,0,0,0,,,,51
39251900,0.5,0,0,0,0,0.00805860758,0.297970891,0.297970891,15.9349623,0,8.58665657,8.44330978,0,13.3953247,0,0,246,0,0,0,0,,,,51
39253034,0.5,0,0,0,0,0.00805860758,0.297970891,0.297970891,15.9304171,0,8.57158756,8.44330978,0,13.3881769,0,0,246,0,0,0,0,,,,51
39254161,0.5,0,0,0,0,0.00805860758,0.297970891,0.297970891,15.9304171,0,8.59268475,8.44542122,0,13.3953247,0,0,246,0,0,0,0,,,,51
39255291,0.5,0,0,0,0,0.00805860758,0.297970891,0.297970891,15.9304171,0,8.58967113,8.44964409,0,13.3953247,0,0,246,0,0,0,0,,,,51
39256418,0.5,0,0,0,0,0.00805860758,0.297970891,0.297970891,15.9304171,0,8.5565176,8.44542122,0,13.3953247,0,0,246,0,0,0,0,,,,51
39257548,0.5,0.5,0,0,0.00805860758,0.00805860758,0.297970891,0.297970891,15.9304171,0,8.568573,8.44964409,0,13.3953247,0,0,246,0,0,0,0,,,,51
39258679,0.5,0,0,0,0,0.00805860758,0.297970891,0.297970891,15.9304171,0,8.58665657,8.43064213,0,13.3953247,0,0,246,0,0,0,0,,,,51
39259809,0.5,0,0,0,0,0,0.297970891,0.297970891,15.9304171,0,8.57158756,8.44119835,0,13.3953247,0,0,246,0,0,0,0,,,,51
39260936,0.5,0,0,0,0,0,0.297970891,0.297970891,15.9349623,0,8.54747581,8.45386696,0,13.3953247,0,0,246,0,0,0,0,,,,51
39262066,0.5,0.5,0,0,0.00805860758,0.00805860758,0.297970891,0.297970891,15.9304171,0,8.56555939,8.44753265,0,13.3738813,0,0,246,0,0,0,0,,,,51
39263192,0.5,0,0,0,0,0,0.297970891,0.297970891,15.9304171,0,8.58062935,8.44542122,0,13.3953247,0,0,246,0,0,0,0,,,,51
39264322,0.5,0,0,0,0,0.00805860758,0.297970891,0.297970891,15.9304171,0,8.58967113,8.44542122,0,13.3953247,0,0,246,0,0,0,0,,,,51
39265658,0.5,0,0,0,0,0.00805860758,0.297970891,0.297970891,15.9304171,0,8.58665657,8.44119835,0,13.3953247,0,0,246,0,0,0,0,,,,51
39266788,0.5,0,0,0,0,0.00805860758,0.297970891,0.297970891,15.9304171,0,8.58364296,8.44964409,0,13.3953247,0,0,246,0,0,0,0,,,,51
39267914,0.5,0.5,0,0,0.00805860758,0.00805860758,0.297970891,0.297970891,15.9304171,0,8.56254578,8.44330978,0,13.3953247,0,0,246,0,0,0,0,,,,51
39269044,0.5,1,0,0,0.00805860758,0,0.297970891,0.297970891,15.9349623,0,8.5565176,8.44964409,0,13.3953247,0,0,246,0,0,0,0,,,,51
39270171,0.5,0,0,0,0,0,0.297970891,0.297970891,15.9304171,0,8.54747581,8.44330978,0,13.3953247,0,0,246,0,0,0,0,,,,51
39271305,0.5,0,0,0,0,0.00805860758,0.297970891,0.297970891,15.9349623,0,8.5444622,8.44330978,0,13.3953247,0,0,246,0,0,0,0,,,,51
39272432,0.5,0,0,0,0,0.00805860758,0.297970891,0.297970891,15.9304171,0,8.58062935,8.44119835,0,13.3953247,0,0,246,0,0,0,0,,,,51
39273562,0.5,0,0,0,0,0.00805860758,0.297970891,0.297970891,15.9349623,0,8.568573,8.43697548,0,13.3953247,0,0,246,0,0,0,0,,,,51
39274689,0.5,0,0,0,0,0.00805860758,0.297970891,0.297970891,15.9304171,0,8.5444622,8.44330978,0,13.3953247,0,0,246,0,0,0,0,,,,51
39275818,0.5,0,0,0,0,0.00805860758,0.297970891,0.297970891,15.9349623,0,8.57460117,8.44119835,0,13.3953247,0,0,246,0,0,0,0,,,,51
39276945,0.5,0,0,0,0,0.00805860758,0.297970891,0.297970891,15.9304171,0,8.57158756,8.43908691,0,13.3953247,0,0,246,0,0,0,0,,,,51
39278079,0.5,0,0,0,0,0,0.297970891,0.297970891,15.9349623,0,8.58364296,8.43908691,0,13.3667326,0,0,246,0,0,0,0,,,,51
39279206,0.5,0,0,0,0,0,0.297970891,0.297970891,15.9304171,0,8.57761478,8.45386696,0,13.3953247,0,0,246,0,0,0,0,,,,51
39280336,0.5,0,0,0,0,0.00805860758,0.297970891,0.297970891,15.9304171,0,8.57460117,8.45175552,0,13.3953247,0,0,246,0,0,0,0,,,,51
39281463,0.5,0,0,0,0,0.00805860758,0.297970891,0.297970891,15.9304171,0,8.55953121,8.44542122,0,13.3953247,0,0,246,0,0,0,0,,,,51
39282593,0.5,0,0,0,0,0.00805860758,0.297970891,0.297970891,15.9304171,0,8.568573,8.44542122,0,13.3953247,0,0,246,0,0,0,0,,,,51
39283720,0.5,0,0,0,0,0.00805860758,0.297970891,0.297970891,15.9304171,0,8.57158756,8.43908691,0,13.3953247,0,0,246,0,0,0,0,,,,51
39284854,0.5,0,0,0,0,0.00805860758,0.297970891,0.297970891,15.9349623,0,8.56254578,8.44964409,0,13.3953247,0,0,246,0,0,0,0,,,,51
39286185,0.5,0,0,0,0,0.00805860758,0.297970891,0.297970891,15.9349623,0,8.57158756,8.44753265,0,13.3953247,0,0,246,0,0,0,0,,,,51
39287315,0.5,0,0,0,0,0.00805860758,0.297970891,0.297970891,15.9304171,0,8.56555939,8.44753265,0,13.3953247,0,0,246,0,0,0,0,,,,51
39288442,0.5,0,0,0,0,0.00805860758,0.297970891,0.297970891,15.9304171,0,8.55350399,8.45597839,0,13.3953247,0,0,246,0,0,0,0,,,,51
39289572,0.5,0,0,0,0,0.00805860758,0.297970891,0.297970891,15.9304171,0,8.58364296,8.44119835,0,13.3953247,0,0,246,0,0,0,0,,,,51
39290703,0.5,0,0,0,0,0.00805860758,0.297970891,0.297970891,15.9304171,0,8.58062935,8.44119835,0,13.3953247,0,0,246,0,0,0,0,,,,51
39291833,0.5,0.5,0,0,0.00805860758,0.00805860758,0.297970891,0.297970891,15.9304171,0,8.58967113,8.44330978,0,13.3953247,0,0,246,0,0,0,0,,,,51
39292960,0.5,0,0,0,0,0.00805860758,0.297970891,0.297970891,15.9349623,0,8.59569836,8.44964409,0,13.3953247,0,0,246,0,0,0,0,,,,51
39294089,0.5,1,0,0,0.00805860758,0,0.297970891,0.297970891,15.9304171,0,8.57761478,8.44542122,0,13.3881769,0,0,246,0,0,0,0,,,,51
39295216,0.5,0,0,0,0,0.00805860758,0.297970891,0.297970891,15.9349623,0,8.5565176,8.44542122,0,13.3881769,0,0,246,0,0,0,0,,,,51
39296346,0.5,0,0,0,0,0,0.297970891,0.297970891,15.9304171,0,8.55048943,8.43908691,0,13.3953247,0,0,246,0,0,0,0,,,,51
39297478,0.5,0,0,0,0,0.00805860758,0.297970891,0.297970891,15.9349623,0,8.5444622,8.43908691,0,13.3953247,0,0,246,0,0,0,0,,,,51
39298607,0.5,0,0,0,0,0.00805860758,0.297970891,0.297970891,15.9304171,0,8.55953121,8.45597839,0,13.3953247,0,0,246,0,0,0,0,,,,51
39299735,0.5,0,0,0,0,0.00805860758,0.297970891,0.297970891,15.9349623,0,8.55953121,8.43697548,0,13.3881769,0,0,246,0,0,0,0,,,,51
39300864,0.5,0,0,0,0,0.00805860758,0.297970891,0.297970891,15.9304171,0,8.57761478,8.43908691,0,13.3953247,0,0,246,0,0,0,0,,,,51
39301991,0.5,0,0,0,0,0,0.297970891,0.297970891,15.9349623,0,8.57158756,8.43697548,0,13.3953247,0,0,246,0,0,0,0,,,,51
39303126,0.5,0,0,0,0,0,0.297970891,0.297970891,15.9349623,0,8.56555939,8.44119835,0,13.3953247,0,0,246,0,0,0,0,,,,51
39304252,0.5,0,0,0,0,0,0.297970891,0.297970891,15.9304171,0,8.53843403,8.44330978,0,13.3953247,0,0,246,0,0,0,0,,,,51
39305382,0.5,0,0,0,0,0.00805860758,0.297970891,0.297970891,15.9304171,0,8.57460117,8.43486404,0,13.3953247,0,0,246,0,0,0,0,,,,51
39306509,0.5,0,0,0,0,0.00805860758,0.297970891,0.297970891,15.9304171,0,8.568573,8.44753265,0,13.3953247,0,0,246,0,0,0,0,,,,51
39307843,0.5,0,0,0,0,0.00805860758,0.297970891,0.297970891,15.9349623,0,8.58665657,8.43275356,0,13.3953247,0,0,246,0,0,0,0,,,,51
39308969,0.5,0,0,0,0,0.00805860758,0.297970891,0.297970891,15.9304171,0,8.57158756,8.44330978,0,13.3953247,0,0,246,0,0,0,0,,,,51
39310104,0.5,0,0,0,0,0.00805860758,0.297970891,0.297970891,15.9304171,0,8.58665657,8.44119835,0,13.3953247,0,0,246,0,0,0,0,,,,51
39311231,0.5,0,0,0,0,0.00805860758,0.297970891,0.297970891,15.9349623,0,8.58967113,8.44753265,0,13.3881769,0,0,246,0,0,0,0,,,,51
39312360,0.5,0,0,0,0,0,0.297970891,0.297970891,15.9304171,0,8.57158756,8.44330978,0,13.3953247,0,0,246,0,0,0,0,,,,51
39313487,0.5,1,0,0,0.00805860758,0,0.297970891,0.297970891,15.9304171,0,8.55048943,8.44330978,0,13.3953247,0,0,246,0,0,0,0,,,,51
39314617,0.5,0,0,0,0,0,0.297970891,0.297970891,15.9349623,0,8.57158756,8.44542122,0,13.3953247,0,0,246,0,0,0,0,,,,51
39315748,0.5,0,0,0,0,0.0161172152,0.297970891,0.297970891,15.9304171,0,8.568573,8.44330978,0,13.3953247,0,0,246,0,0,0,0,,,,51
39316879,0.5,1,0,0,0.00805860758,0,0.297970891,0.297970891,15.9304171,0,8.54144764,8.45175552,0,13.3953247,0,0,246,0,0,0,0,,,,51
39318005,0.5,0,0,0,0,0,0.297970891,0.297970891,15.9349623,0,8.57460117,8.45175552,0,13.3953247,0,0,246,0,0,0,0,,,,51
39319135,0.5,0,0,0,0,0,0.297970891,0.297970891,15.9304171,0,8.57158756,8.43697548,0,13.3953247,0,0,246,0,0,0,0,,,,51
39320262,0.5,0,0,0,0,0.00805860758,0.297970891,0.297970891,15.9304171,0,8.57761478,8.43064213,0,13.3881769,0,0,246,0,0,0,0,,,,51
39321391,0.5,0,0,0,0,0,0.297970891,0.297970891,15.9349623,0,8.57460117,8.44119835,0,13.3953247,0,0,246,0,0,0,0,,,,51
39322523,0.5,0,0,0,0,0.00805860758,0.297970891,0.297970891,15.9304171,0,8.568573,8.43275356,0,13.3953247,0,0,246,0,0,0,0,,,,51
39323653,0.5,1,0,0,0.00805860758,0,0.297970891,0.297970891,15.9349623,0,8.568573,8.44119835,0,13.3953247,0,0,246,0,0,0,0,,,,51
39324780,0.5,0,0,0,0,0.00805860758,0.297970891,0.297970891,15.9304171,0,8.58967113,8.44964409,0,13.4024725,0,0,246,0,0,0,0,,,,51
39325910,0.5,0.5,0,0,0.00805860758,0.00805860758,0.297970891,0.297970891,15.9304171,0,8.53843403,8.44119835,0,13.3953247,0,0,246,0,0,0,0,,,,51
39327037,0.5,0,0,0,0,0.00805860758,0.297970891,0.297970891,15.9304171,0,8.58967113,8.44119835,0,13.3881769,0,0,246,0,0,0,0,,,,51
39328371,0.5,0,0,0,0,0.00805860758,0.297970891,0.297970891,15.9304171,0,8.59268475,8.45175552,0,13.3953247,0,0,246,0,0,0,0,,,,51
39329502,0.5,0,0,0,0,0.00805860758,0.297970891,0.297970891,15.9304171,0,8.56254578,8.45175552,0,13.3953247,0,0,246,0,0,0,0,,,,51
39330632,0.5,0,0,0,0,0.00805860758,0.297970891,0.297970891,15.9304171,0,8.55953121,8.44964409,0,13.3953247,0,0,246,0,0,0,0,,,,51
39331759,0.5,0.5,0,0,0.00805860758,0.00805860758,0.297970891,0.297970891,15.9349623,0,8.56555939,8.44119835,0,13.3953247,0,0,246,0,0,0,0,,,,51
39332889,0.5,0,0,0,0,0.00805860758,0.297970891,0.297970891,15.9304171,0,8.57460117,8.44753265,0,13.3953247,0,0,246,0,0,0,0,,,,51
39334016,0.5,0,0,0,0,0.00805860758,0.297970891,0.297970891,15.9304171,0,8.58364296,8.43697548,0,13.3881769,0,0,246,0,0,0,0,,,,51
39335150,0.5,0,0,0,0,0.0161172152,0.297970891,0.297970891,15.9304171,0,8.56555939,8.44542122,0,13.3953247,0,0,246,0,0,0,0,,,,51
39336277,0.5,0,0,0,0,0.0161172152,0.297970891,0.297970891,15.9304171,0,8.57761478,8.43697548,0,13.3953247,0,0,246,0,0,0,0,,,,51
39337406,0.5,0,0,0,0,0.00805860758,0.297970891,0.297970891,15.9349623,0,8.55048943,8.43908691,0,13.3953247,0,0,246,0,0,0,0,,,,51
39338533,0.5,0,0,0,0,0.00805860758,0.297970891,0.297970891,15.9349623,0,8.55953121,8.43275356,0,13.3953247,0,0,246,0,0,0,0,,,,51
39339663,0.5,0,0,0,0,0.00805860758,0.297970891,0.297970891,15.9304171,0,8.55048943,8.43697548,0,13.3953247,0,0,246,0,0,0,0,,,,51
39340790,0.5,1,0,0,0.00805860758,0,0.297970891,0.297970891,15.9304171,0,8.57158756,8.44964409,0,13.3953247,0,0,246,0,0,0,0,,,,51
39341925,0.5,1,0,0,0.00805860758,0,0.297970891,0.297970891,15.9304171,0,8.55953121,8.44119835,0,13.3953247,0,0,246,0,0,0,0,,,,51
39343051,0.5,1,0,0,0.00805860758,0,0.297970891,0.297970891,15.9304171,0,8.58062935,8.43908691,0,13.3810291,0,0,246,0,0,0,0,,,,51
39344181,0.5,0,0,0,0,0,0.297970891,0.297970891,15.9349623,0,8.57158756,8.44330978,0,13.3953247,0,0,246,0,0,0,0,,,,51
39345308,0.5,0.5,0,0,0.00805860758,0.00805860758,0.297970891,0.297970891,15.9304171,0,8.55953121,8.44964409,0,13.3953247,0,0,246,0,0,0,0,,,,51
39346438,0.5,0,0,0,0,0,0.297970891,0.297970891,15.9304171,0,8.55953121,8.43908691,0,13.3881769,0,0,246,0,0,0,0,,,,51
39347570,0.5,0,0,0,0,0.0161172152,0.297970891,0.297970891,15.9304171,0,8.57761478,8.44330978,0,13.3953247,0,0,246,0,0,0,0,,,,51
39348903,0.5,0,0,0,0,0.00805860758,0.297970891,0.297970891,15.9304171,0,8.54747581,8.44119835,0,13.4024725,0,0,246,0,0,0,0,,,,51
39350030,0.5,1,0,0,0.00805860758,0,0.297970891,0.297970891,15.9349623,0,8.57761478,8.44119835,0,13.3953247,0,0,246,0,0,0,0,,,,51
39351160,0.5,1,0,0,0.00805860758,0,0.297970891,0.297970891,15.9304171,0,8.54747581,8.44542122,0,13.3953247,0,0,246,0,0,0,0,,,,51
39352287,0.5,0.5,0,0,0.00805860758,0.00805860758,0.297970891,0.297970891,15.9304171,0,8.57460117,8.44542122,0,13.3953247,0,0,246,0,0,0,0,,,,51
39353417,0.5,0.5,0,0,0.00805860758,0.00805860758,0.297970891,0.297970891,15.9304171,0,8.58967113,8.45175552,0,13.3953247,0,0,246,0,0,0,0,,,,51
39354549,0.5,0.5,0,0,0.00805860758,0.00805860758,0.297970891,0.297970891,15.9349623,0,8.58364296,8.44119835,0,13.3953247,0,0,246,0,0,0,0,,,,51
39355679,0.5,1,0,0,0.00805860758,0,0.297970891,0.297970891,15.9304171,0,8.58967113,8.44964409,0,13.3953247,0,0,246,0,0,0,0,,,,51
39356806,0.5,1,0,0,0.00805860758,0,0.297970891,0.297970891,15.9304171,0,8.56254578,8.44964409,0,13.3953247,0,0,246,0,0,0,0,,,,51
39357936,0.5,1,0,0,0.00805860758,0,0.297970891,0.297970891,15.9304171,0,8.59569836,8.45175552,0,13.3953247,0,0,246,0,0,0,0,,,,51
39359063,0.5,1,0,0,0.00805860758,0,0.297970891,0.297970891,15.9304171,0,8.5565176,8.44964409,0,13.3667326,0,0,246,0,0,0,0,,,,51
39360197,0.5,1,0,0,0.00805860758,0,0.297970891,0.297970891,15.9304171,0,8.55048943,8.44964409,0,13.3953247,0,0,246,0,0,0,0,,,,51
39361324,0.5,0,0,0,0,0.00805860758,0.297970891,0.297970891,15.9304171,0,8.58364296,8.44330978,0,13.3953247,0,0,246,0,0,0,0,,,,51
39362453,0.5,0,0,0,0,0.00805860758,0.297970891,0.297970891,15.9304171,0,8.568573,8.44330978,0,13.3953247,0,0,246,0,0,0,0,,,,51
39363580,0.5,1,0,0,0.00805860758,0,0.297970891,0.297970891,15.9349623,0,8.54747581,8.45175552,0,13.3953247,0,0,246,0,0,0,0,,,,51
39364710,0.5,1,0,0,0.00805860758,0,0.297970891,0.297970891,15.9304171,0,8.55350399,8.44119835,0,13.3953247,0,0,246,0,0,0,0,,,,51
39365837,0.5,0,0,0,0,0.00805860758,0.297970891,0.297970891,15.9304171,0,8.58665657,8.44330978,0,13.3953247,0,0,246,0,0,0,0,,,,51
39366972,0.5,0.5,0,0,0.00805860758,0.00805860758,0.297970891,0.297970891,15.9304171,0,8.59268475,8.43486404,0,13.3953247,0,0,246,0,0,0,0,,,,51
39368098,0.5,0,0,0,0,0.00805860758,0.297970891,0.297970891,15.9349623,0,8.58665657,8.43486404,0,13.3953247,0,0,246,0,0,0,0,,,,51
39369228,0.5,0,0,0,0,0,0.297970891,0.297970891,15.9349623,0,8.55048943,8.44119835,0,13.3953247,0,0,246,0,0,0,0,,,,51
39370559,0.5,0,0,0,0,0.00805860758,0.297970891,0.297970891,15.9304171,0,8.55350399,8.44119835,0,13.3953247,0,0,246,0,0,0,0,,,,51
39371688,0.5,0,0,0,0,0,0.297970891,0.297970891,15.9304171,0,8.57460117,8.44964409,0,13.3953247,0,0,246,0,0,0,0,,,,51
39372815,0.5,0,0,0,0,0.00805860758,0.297970891,0.297970891,15.9349623,0,8.55953121,8.44330978,0,13.3881769,0,0,246,0,0,0,0,,,,51
39373950,0.5,0,0,0,0,0.00805860758,0.297970891,0.297970891,15.9304171,0,8.57460117,8.44753265,0,13.3953247,0,0,246,0,0,0,0,,,,51
39375077,0.5,1,0,0,0.00805860758,0,0.297970891,0.297970891,15.9349623,0,8.55350399,8.43697548,0,13.3667326,0,0,246,0,0,0,0,,,,51
39376206,0.5,0,0,0,0,0,0.297970891,0.297970891,15.9304171,0,8.59569836,8.44964409,0,13.3953247,0,0,246,0,0,0,0,,,,51
39377333,0.5,1,0,0,0.00805860758,0,0.297970891,0.297970891,15.9304171,0,8.56555939,8.44542122,0,13.3953247,0,0,246,0,0,0,0,,,,51
39378463,0.5,1,0,0,0.00805860758,0,0.297970891,0.297970891,15.9304171,0,8.53240585,8.45597839,0,13.3953247,0,0,246,0,0,0,0,,,,51
39379595,0.5,0,0,0,0,0,0.297970891,0.297970891,15.9304171,0,8.54747581,8.44542122,0,13.3953247,0,0,246,0,0,0,0,,,,51
39380725,0.5,1,0,0,0.00805860758,0,0.297970891,0.297970891,15.9349623,0,8.57761478,8.43908691,0,13.3953247,0,0,246,0,0,0,0,,,,51
39381852,0.5,1,0,0,0.00805860758,0,0.297970891,0.297970891,15.9304171,0,8.59268475,8.44542122,0,13.3953247,0,0,246,0,0,0,0,,,,51
39382982,0.5,1,0,0,0.00805860758,0,0.297970891,0.297970891,15.9349623,0,8.54144764,8.43697548,0,13.3953247,0,0,246,0,0,0,0,,,,51
39384109,0.5,0.5,0,0,0.00805860758,0.00805860758,0.297970891,0.297970891,15.9304171,0,8.5565176,8.44964409,0,13.3953247,0,0,246,0,0,0,0,,,,51
39385238,0.5,0,0,0,0,0,0.297970891,0.297970891,15.9349623,0,8.5444622,8.42641926,0,13.3953247,0,0,246,0,0,0,0,,,,51
39386370,0.5,0,0,0,0,0.00805860758,0.297970891,0.297970891,15.9304171,0,8.55350399,8.44542122,0,13.3953247,0,0,246,0,0,0,0,,,,51
39387500,0.5,0,0,0,0,0.00805860758,0.297970891,0.297970891,15.9304171,0,8.55953121,8.44753265,0,13.3953247,0,0,246,0,0,0,0,,,,51
39388627,0.5,0,0,0,0,0,0.297970891,0.297970891,15.9349623,0,8.53843403,8.44119835,0,13.3953247,0,0,246,0,0,0,0,,,,51
39389757,0.5,0.5,0,0,0.00805860758,0.00805860758,0.297970891,0.297970891,15.9349623,0,8.57158756,8.45175552,0,13.3881769,0,0,246,0,0,0,0,,,,51
39391088,0.5,1,0,0,0.00805860758,0,0.297970891,0.297970891,15.9304171,0,8.58364296,8.44753265,0,13.4024725,0,0,246,0,0,0,0,,,,51
39392222,0.5,0,0,0,0,0,0.297970891,0.297970891,15.9258718,0,8.58665657,8.44542122,0,13.3881769,0,0,246,0,0,0,0,,,,51
39393349,0.5,0.5,0,0,0.00805860758,0.00805860758,0.297970891,0.297970891,15.9349623,0,8.56555939,8.44119835,0,13.3953247,0,0,246,0,0,0,0,,,,51
39394479,0.5,1,0,0,0.00805860758,0,0.297970891,0.297970891,15.9304171,0,8.59569836,8.43064213,0,13.3953247,0,0,246,0,0,0,0,,,,51
39395606,0.5,1,0,0,0.00805860758,0,0.297970891,0.297970891,15.9258718,0,8.59569836,8.44542122,0,13.3953247,0,0,246,0,0,0,0,,,,51
39396735,0.5,0,0,0,0,0.00805860758,0.297970891,0.297970891,15.9304171,0,8.57460117,8.43908691,0,13.3953247,0,0,246,0,0,0,0,,,,51
39397862,0.5,0.5,0,0,0.00805860758,0.00805860758,0.297970891,0.297970891,15.9304171,0,8.55048943,8.43697548,0,13.3953247,0,0,246,0,0,0,0,,,,51
39398997,0.5,0,0,0,0,0,0.297970891,0.297970891,15.9349623,0,8.57761478,8.44119835,0,13.3953247,0,0,246,0,0,0,0,,,,51
39400123,0.5,0,0,0,0,0.00805860758,0.297970891,0.297970891,15.9349623,0,8.56254578,8.45386696,0,13.3953247,0,0,246,0,0,0,0,,,,51
39401253,0.5,0,0,0,0,0,0.297970891,0.297970891,15.9304171,0,8.57460117,8.44964409,0,13.3953247,0,0,246,0,0,0,0,,,,51
39402380,0.5,0.5,0,0,0.00805860758,0.00805860758,0.297970891,0.297970891,15.9349623,0,8.54747581,8.44119835,0,13.3953247,0,0,246,0,0,0,0,,,,51
39403510,0.5,0,0,0,0,0,0.297970891,0.297970891,15.9304171,0,8.59569836,8.44119835,0,13.3953247,0,0,246,0,0,0,0,,,,51
39404641,0.5,0,0,0,0,0.00805860758,0.297970891,0.297970891,15.9304171,0,8.58062935,8.44330978,0,13.3953247,0,0,246,0,0,0,0,,,,51
39405771,0.5,0,0,0,0,0.00805860758,0.297970891,0.297970891,15.9349623,0,8.57761478,8.45175552,0,13.3953247,0,0,246,0,0,0,0,,,,51
39406898,0.5,0,0,0,0,0.0161172152,0.297970891,0.297970891,15.9349623,0,8.58665657,8.43697548,0,13.3953247,0,0,246,0,0,0,0,,,,51
39408028,0.5,0,0,0,0,0.00805860758,0.297970891,0.297970891,15.9349623,0,8.57158756,8.43908691,0,13.3881769,0,0,246,0,0,0,0,,,,51
39409155,0.5,0,0,0,0,0.00805860758,0.297970891,0.297970891,15.9349623,0,8.568573,8.43697548,0,13.3953247,0,0,246,0,0,0,0,,,,51
39410284,0.5,0,0,0,0,0.00805860758,0.297970891,0.297970891,15.9304171,0,8.55953121,8.43486404,0,13.3953247,0,0,246,0,0,0,0,,,,51
39411416,0.5,0,0,0,0,0,0.297970891,0.297970891,15.9349623,0,8.56555939,8.44330978,0,13.3953247,0,0,246,0,0,0,0,,,,51
39412750,0.5,0,0,0,0,0.00805860758,0.297970891,0.297970891,15.9349623,0,8.58967113,8.44964409,0,13.3953247,0,0,246,0,0,0,0,,,,51
39413877,0.5,0,0,0,0,0.0161172152,0.297970891,0.297970891,15.9304171,0,8.59569836,8.44330978,0,13.3953247,0,0,246,0,0,0,0,,,,51
39415006,0.5,0,0,0,0,0.00805860758,0.297970891,0.297970891,15.9349623,0,8.5565176,8.44964409,0,13.3953247,0,0,246,0,0,0,0,,,,51
39416133,0.5,0,0,0,0,0.00805860758,0.297970891,0.297970891,15.9349623,0,8.58062935,8.44119835,0,13.3953247,0,0,246,0,0,0,0,,,,51
39417267,0.5,1,0,0,0.00805860758,0,0.297970891,0.297970891,15.9304171,0,8.56254578,8.44964409,0,13.3953247,0,0,246,0,0,0,0,,,,51
39418394,0.5,0,0,0,0,0.00805860758,0.297970891,0.297970891,15.9304171,0,8.55953121,8.44330978,0,13.3953247,0,0,246,0,0,0,0,,,,51
39419524,0.5,0,0,0,0,0.00805860758,0.297970891,0.297970891,15.9304171,0,8.57761478,8.43908691,0,13.3953247,0,0,246,0,0,0,0,,,,51
39420651,0.5,0,0,0,0,0.00805860758,0.297970891,0.297970891,15.9349623,0,8.59268475,8.44964409,0,13.3953247,0,0,246,0,0,0,0,,,,51
39421781,0.5,0.5,0,0,0.00805860758,0.00805860758,0.297970891,0.297970891,15.9304171,0,8.57761478,8.44119835,0,13.3953247,0,0,246,0,0,0,0,,,,51
39422908,0.5,0,0,0,0,0.00805860758,0.297970891,0.297970891,15.9304171,0,8.59268475,8.44119835,0,13.3953247,0,0,246,0,0,0,0,,,,51
39424042,0.5,0.5,0,0,0.00805860758,0.00805860758,0.297970891,0.297970891,15.9304171,0,8.56555939,8.44542122,0,13.3953247,0,0,246,0,0,0,0,,,,51
39425169,0.5,0.5,0,0,0.00805860758,0.00805860758,0.297970891,0.297970891,15.9304171,0,8.5444622,8.44964409,0,13.4024725,0,0,246,0,0,0,0,,,,51
39426299,0.5,1,0,0,0.00805860758,0,0.297970891,0.297970891,15.9304171,0,8.55953121,8.43697548,0,13.3953247,0,0,246,0,0,0,0,,,,51
39427426,0.5,0.5,0,0,0.00805860758,0.00805860758,0.297970891,0.297970891,15.9349623,0,8.54144764,8.43908691,0,13.3953247,0,0,246,0,0,0,0,,,,51
39428555,0.5,0,0,0,0,0,0.297970891,0.297970891,15.9304171,0,8.55953121,8.45175552,0,13.3953247,0,0,246,0,0,0,0,,,,51
39429682,0.5,0,0,0,0,0.00805860758,0.297970891,0.297970891,15.9304171,0,8.55953121,8.45386696,0,13.4024725,0,0,246,0,0,0,0,,,,51
39430817,0.5,0,0,0,0,0.00805860758,0.297970891,0.297970891,15.9304171,0,8.5565176,8.43486404,0,13.3953247,0,0,246,0,0,0,0,,,,51
39431944,0.5,0,0,0,0,0.00805860758,0.297970891,0.297970891,15.9304171,0,8.57460117,8.43697548,0,13.3953247,0,0,246,0,0,0,0,,,,51
39433278,0.5,1,0,0,0.00805860758,0,0.297970891,0.297970891,15.9304171,0,8.55953121,8.44330978,0,13.3953247,0,0,246,0,0,0,0,,,,51
39434404,0.5,1,0,0,0.00805860758,0,0.297970891,0.297970891,15.9304171,0,8.5565176,8.43486404,0,13.3953247,0,0,246,0,0,0,0,,,,51
39435535,0.5,0,0,0,0,0,0.297970891,0.297970891,15.9304171,0,8.58062935,8.44542122,0,13.3881769,0,0,246,0,0,0,0,,,,51
39436666,0.5,1,0,0,0.00805860758,0,0.297970891,0.297970891,15.9349623,0,8.56555939,8.44753265,0,13.3953247,0,0,246,0,0,0,0,,,,51
39437797,0.5,0,0,0,0,0.00805860758,0.297970891,0.297970891,15.9304171,0,8.52939224,8.44330978,0,13.3953247,0,0,246,0,0,0,0,,,,51
39438923,0.5,1,0,0,0.00805860758,0,0.297970891,0.297970891,15.9304171,0,8.568573,8.44753265,0,13.3953247,0,0,246,0,0,0,0,,,,51
39440053,0.5,0,0,0,0,0,0.297970891,0.297970891,15.9349623,0,8.56555939,8.44330978,0,13.3953247,0,0,246,0,0,0,0,,,,51
39441180,0.5,0,0,0,0,0,0.297970891,0.297970891,15.9304171,0,8.55953121,8.44119835,0,13.3953247,0,0,246,0,0,0,0,,,,51
39442310,0.5,0,0,0,0,0.00805860758,0.297970891,0.297970891,15.9349623,0,8.56254578,8.44753265,0,13.3953247,0,0,246,0,0,0,0,,,,51
39443442,0.5,0,0,0,0,0,0.297970891,0.297970891,15.9349623,0,8.56555939,8.44964409,0,13.3953247,0,0,246,0,0,0,0,,,,51
39444572,0.5,0,0,0,0,0.00805860758,0.297970891,0.297970891,15.9304171,0,8.59268475,8.44542122,0,13.3953247,0,0,246,0,0,0,0,,,,51
39445699,0.5,0,0,0,0,0.00805860758,0.297970891,0.297970891,15.9304171,0,8.5565176,8.45386696,0,13.3881769,0,0,246,0,0,0,0,,,,51
39446828,0.5,1,0,0,0.00805860758,0,0.297970891,0.297970891,15.9304171,0,8.55350399,8.44330978,0,13.3953247,0,0,246,0,0,0,0,,,,51
39447955,0.5,0,0,0,0,0,0.297970891,0.297970891,15.9258718,0,8.54144764,8.44753265,0,13.3953247,0,0,246,0,0,0,0,,,,51
39449090,0.5,0,0,0,0,0,0.297970891,0.297970891,15.9304171,0,8.58364296,8.43908691,0,13.3953247,0,0,246,0,0,0,0,,,,51
39450217,0.5,0,0,0,0,0,0.297970891,0.297970891,15.9258718,0,8.55048943,8.44753265,0,13.3953247,0,0,246,0,0,0,0,,,,51
39451346,0.5,0,0,0,0,0.00805860758,0.297970891,0.297970891,15.9304171,0,8.57158756,8.44753265,0,13.3953247,0,0,246,0,0,0,0,,,,51
39452473,0.5,0,0,0,0,0,0.297970891,0.297970891,15.9304171,0,8.57460117,8.44330978,0,13.3953247,0,0,246,0,0,0,0,,,,51
39453807,0.5,0,0,0,0,0,0.297970891,0.297970891,15.9304171,0,8.568573,8.44753265,0,13.3953247,0,0,246,0,0,0,0,,,,51
39454933,0.5,1,0,0,0.00805860758,0,0.297970891,0.297970891,15.9349623,0,8.568573,8.44753265,0,13.3953247,0,0,246,0,0,0,0,,,,51
39456068,0.5,0,0,0,0,0,0.297970891,0.297970891,15.9304171,0,8.56254578,8.45175552,0,13.3953247,0,0,246,0,0,0,0,,,,51
39457195,0.5,0,0,0,0,0,0.297970891,0.297970891,15.9258718,0,8.57761478,8.44330978,0,13.3953247,0,0,246,0,0,0,0,,,,51
39458324,0.5,0,0,0,0,0.00805860758,0.297970891,0.297970891,15.9304171,0,8.57460117,8.43486404,0,13.3953247,0,0,246,0,0,0,0,,,,51
39459452,0.5,0,0,0,0,0,0.297970891,0.297970891,15.9304171,0,8.56254578,8.45175552,0,13.3953247,0,0,246,0,0,0,0,,,,51
39460582,0.5,0,0,0,0,0.00805860758,0.297970891,0.297970891,15.9304171,0,8.58062935,8.44119835,0,13.3953247,0,0,246,0,0,0,0,,,,51
39461713,0.5,0.666666687,0,0,0.0161172152,0.00805860758,0.297970891,0.297970891,15.9349623,0,8.57158756,8.44119835,0,13.3881769,0,0,246,0,0,0,0,,,,51
39462843,0.5,1,0,0,0.00805860758,0,0.297970891,0.297970891,15.9304171,0,8.52637863,8.44753265,0,13.3953247,0,0,246,0,0,0,0,,,,51
39463970,0.5,0,0,0,0,0,0.297970891,0.297970891,15.9304171,0,8.57460117,8.44330978,0,13.3953247,0,0,246,0,0,0,0,,,,51
39465100,0.5,1,0,0,0.00805860758,0,0.297970891,0.297970891,15.9304171,0,8.57761478,8.44964409,0,13.3953247,0,0,246,0,0,0,0,,,,51
39466227,0.5,1,0,0,0.00805860758,0,0.297970891,0.297970891,15.9349623,0,8.54144764,8.44119835,0,13.3953247,0,0,246,0,0,0,0,,,,51
39467357,0.5,0.5,0,0,0.00805860758,0.00805860758,0.297970891,0.297970891,15.9258718,0,8.58665657,8.44542122,0,13.3953247,0,0,246,0,0,0,0,,,,51
39468488,0.5,1,0,0,0.00805860758,0,0.297970891,0.297970891,15.9304171,0,8.59268475,8.44330978,0,13.3953247,0,0,246,0,0,0,0,,,,51
39469618,0.5,1,0,0,0.00805860758,0,0.297970891,0.297970891,15.9304171,0,8.55953121,8.44119835,0,13.3953247,0,0,246,0,0,0,0,,,,51
39470745,0.5,0,0,0,0,0,0.297970891,0.297970891,15.9304171,0,8.55350399,8.43697548,0,13.3953247,0,0,246,0,0,0,0,,,,51
39471875,0.5,0,0,0,0,0,0.297970891,0.297970891,15.9304171,0,8.55048943,8.44542122,0,13.3953247,0,0,246,0,0,0,0,,,,51
39473002,0.5,0.5,0,0,0.00805860758,0.00805860758,0.297970891,0.297970891,15.9304171,0,8.58062935,8.44964409,0,13.3953247,0,0,246,0,0,0,0,,,,51
39474131,0.5,0,0,0,0,0.00805860758,0.297970891,0.297970891,15.9304171,0,8.57761478,8.44119835,0,13.3953247,0,0,246,0,0,0,0,,,,51
39475467,0.5,1,0,0,0.00805860758,0,0.297970891,0.297970891,15.9304171,0,8.56555939,8.44964409,0,13.3953247,0,0,246,0,0,0,0,,,,51
39476597,0.5,0.666666687,0,0,0.0161172152,0.00805860758,0.297970891,0.297970891,15.9349623,0,8.55048943,8.44964409,0,13.3953247,0,0,246,0,0,0,0,,,,51
39477724,0.5,1,0,0,0.00805860758,0,0.297970891,0.297970891,15.9304171,0,8.568573,8.45597839,0,13.3953247,0,0,246,0,0,0,0,,,,51
39478854,0.5,1,0,0,0.00805860758,0,0.297970891,0.297970891,15.9304171,0,8.57460117,8.44542122,0,13.3953247,0,0,246,0,0,0,0,,,,51
39479980,0.5,1,0,0,0.00805860758,0,0.297970891,0.297970891,15.9304171,0,8.54747581,8.44119835,0,13.4024725,0,0,246,0,0,0,0,,,,51
39481115,0.5,0,0,0,0,0.00805860758,0.297970891,0.297970891,15.9304171,0,8.568573,8.44542122,0,13.3953247,0,0,246,0,0,0,0,,,,51
39482242,0.5,0,0,0,0,0.00805860758,0.297970891,0.297970891,15.9349623,0,8.57761478,8.44330978,0,13.3953247,0,0,246,0,0,0,0,,,,51
39483372,0.5,0,0,0,0,0,0.297970891,0.297970891,15.9349623,0,8.568573,8.44330978,0,13.3953247,0,0,246,0,0,0,0,,,,51
39484499,0.5,0,0,0,0,0.00805860758,0.297970891,0.297970891,15.9304171,0,8.52939224,8.44542122,0,13.3953247,0,0,246,0,0,0,0,,,,51
39485628,0.5,1,0,0,0.00805860758,0,0.297970891,0.297970891,15.9349623,0,8.5565176,8.43908691,0,13.3953247,0,0,246,0,0,0,0,,,,51
39486755,0.5,1,0,0,0.00805860758,0,0.297970891,0.297970891,15.9304171,0,8.5444622,8.45175552,0,13.3953247,0,0,246,0,0,0,0,,,,51
39487890,0.5,0,0,0,0,0.00805860758,0.297970891,0.297970891,15.9304171,0,8.54144764,8.44119835,0,13.3953247,0,0,246,0,0,0,0,,,,51
39489017,0.5,1,0,0,0.00805860758,0,0.297970891,0.297970891,15.9304171,0,8.568573,8.45597839,0,13.3953247,0,0,246,0,0,0,0,,,,51
39490147,0.5,0,0,0,0,0,0.297970891,0.297970891,15.9304171,0,8.51733685,8.44119835,0,13.3953247,0,0,246,0,0,0,0,,,,51
39491273,0.5,1,0,0,0.00805860758,0,0.297970891,0.297970891,15.9304171,0,8.55350399,8.43908691,0,13.3953247,0,0,246,0,0,0,0,,,,51
39492403,0.5,0,0,0,0,0,0.297970891,0.297970891,15.9304171,0,8.56254578,8.45175552,0,13.3953247,0,0,246,0,0,0,0,,,,51
39493535,0.5,1,0,0,0.00805860758,0,0.297970891,0.297970891,15.9349623,0,8.58062935,8.45386696,0,13.3953247,0,0,246,0,0,0,0,,,,51
39494665,0.5,1,0,0,0.00805860758,0,0.297970891,0.297970891,15.9304171,0,8.5565176,8.44964409,0,13.3953247,0,0,246,0,0,0,0,,,,51
39495996,0.5,1,0,0,0.00805860758,0,0.297970891,0.297970891,15.9258718,0,8.54747581,8.44753265,0,13.3953247,0,0,246,0,0,0,0,,,,51
39497126,0.5,0.5,0,0,0.00805860758,0.00805860758,0.297970891,0.297970891,15.9304171,0,8.59268475,8.45386696,0,13.3953247,0,0,246,0,0,0,0,,,,51
39498253,0.5,1,0,0,0.00805860758,0,0.297970891,0.297970891,15.9304171,0,8.58967113,8.44330978,0,13.3953247,0,0,246,0,0,0,0,,,,51
39499383,0.5,0.5,0,0,0.00805860758,0.00805860758,0.297970891,0.297970891,15.9304171,0,8.57460117,8.44542122,0,13.3953247,0,0,246,0,0,0,0,,,,51
39500515,0.5,0,0,0,0,0.00805860758,0.297970891,0.297970891,15.9349623,0,8.57460117,8.43697548,0,13.3953247,0,0,246,0,0,0,0,,,,51
39501644,0.5,0.5,0,0,0.00805860758,0.00805860758,0.297970891,0.297970891,15.9349623,0,8.57460117,8.43908691,0,13.3953247,0,0,246,0,0,0,0,,,,51
39502771,0.5,0,0,0,0,0.00805860758,0.297970891,0.297970891,15.9304171,0,8.5565176,8.43908691,0,13.3953247,0,0,246,0,0,0,0,,,,51
39503901,0.5,0,0,0,0,0.00805860758,0.297970891,0.297970891,15.9304171,0,8.57158756,8.43697548,0,13.3953247,0,0,246,0,0,0,0,,,,51
39505027,0.5,0,0,0,0,0.00805860758,0.297970891,0.297970891,15.9304171,0,8.568573,8.43908691,0,13.3881769,0,0,246,0,0,0,0,,,,51
39506162,0.5,0,0,0,0,0,0.297970891,0.297970891,15.9304171,0,8.55953121,8.43908691,0,13.3953247,0,0,246,0,0,0,0,,,,51
39507289,0.5,0,0,0,0,0,0.297970891,0.297970891,15.9304171,0,8.5444622,8.43908691,0,13.3953247,0,0,246,0,0,0,0,,,,51
39508418,0.5,0.5,0,0,0.00805860758,0.00805860758,0.297970891,0.297970891,15.9349623,0,8.56254578,8.44542122,0,13.3953247,0,0,246,0,0,0,0,,,,51
39509545,0.5,0,0,0,0,0.0161172152,0.297970891,0.297970891,15.9349623,0,8.55350399,8.44542122,0,13.3881769,0,0,246,0,0,0,0,,,,51
39510675,0.5,0,0,0,0,0.00805860758,0.297970891,0.297970891,15.9349623,0,8.57761478,8.43064213,0,13.3953247,0,0,246,0,0,0,0,,,,51
39511802,0.5,0,0,0,0,0.00805860758,0.297970891,0.297970891,15.9304171,0,8.56555939,8.43486404,0,13.3953247,0,0,246,0,0,0,0,,,,51
39512937,0.5,0,0,0,0,0.00805860758,0.297970891,0.297970891,15.9349623,0,8.58062935,8.44542122,0,13.3953247,0,0,246,0,0,0,0,,,,51
39514063,0.5,0,0,0,0,0.00805860758,0.297970891,0.297970891,15.9304171,0,8.55350399,8.44330978,0,13.3738813,0,0,246,0,0,0,0,,,,51
39515193,0.5,0,0,0,0,0.00805860758,0.297970891,0.297970891,15.9304171,0,8.56555939,8.43908691,0,13.3953247,0,0,246,0,0,0,0,,,,51
39516320,0.5,0,0,0,0,0.00805860758,0.297970891,0.297970891,15.9349623,0,8.57761478,8.44119835,0,13.3953247,0,0,246,0,0,0,0,,,,51
39517653,0.5,0,0,0,0,0.00805860758,0.297970891,0.297970891,15.9349623,0,8.5565176,8.44964409,0,13.3953247,0,0,246,0,0,0,0,,,,51
39518780,0.5,0,0,0,0,0.0161172152,0.297970891,0.297970891,15.9304171,0,8.57761478,8.43486404,0,13.3953247,0,0,246,0,0,0,0,,,,51
39519915,0.5,0,0,0,0,0.00805860758,0.297970891,0.297970891,15.9304171,0,8.58967113,8.44330978,0,13.3953247,0,0,246,0,0,0,0,,,,51
39521041,0.5,0,0,0,0,0.0161172152,0.297970891,0.297970891,15.9349623,0,8.58665657,8.43908691,0,13.3953247,0,0,246,0,0,0,0,,,,51
39522171,0.5,0,0,0,0,0.0161172152,0.297970891,0.297970891,15.9349623,0,8.57761478,8.43486404,0,13.3953247,0,0,246,0,0,0,0,,,,51
39523298,0.5,0,0,0,0,0.00805860758,0.297970891,0.297970891,15.9304171,0,8.57761478,8.44964409,0,13.3953247,0,0,246,0,0,0,0,,,,51
39524428,0.5,0.5,0,0,0.00805860758,0.00805860758,0.297970891,0.297970891,15.9349623,0,8.58665657,8.44753265,0,13.3953247,0,0,246,0,0,0,0,,,,51
39525559,0.5,0,0,0,0,0.00805860758,0.297970891,0.297970891,15.9304171,0,8.5565176,8.44119835,0,13.3953247,0,0,246,0,0,0,0,,,,51
39526689,0.5,0,0,0,0,0.00805860758,0.297970891,0.297970891,15.9304171,0,8.58062935,8.44542122,0,13.3953247,0,0,246,0,0,0,0,,,,51
39527816,0.5,0.5,0,0,0.00805860758,0.00805860758,0.297970891,0.297970891,15.9304171,0,8.59871292,8.43486404,0,13.3953247,0,0,246,0,0,0,0,,,,51
39528946,0.5,0,0,0,0,0.00805860758,0.297970891,0.297970891,15.9349623,0,8.58062935,8.44119835,0,13.3953247,0,0,246,0,0,0,0,,,,51
39530072,0.5,0,0,0,0,0.00805860758,0.297970891,0.297970891,15.9304171,0,8.58967113,8.43697548,0,13.3810291,0,0,246,0,0,0,0,,,,51
39531202,0.5,0,0,0,0,0,0.297970891,0.297970891,15.9349623,0,8.56254578,8.44119835,0,13.3953247,0,0,246,0,0,0,0,,,,51
39532334,0.5,0,0,0,0,0.00805860758,0.297970891,0.297970891,15.9349623,0,8.57460117,8.42853069,0,13.3881769,0,0,246,0,0,0,0,,,,51
39533464,0.5,0,0,0,0,0.00805860758,0.297970891,0.297970891,15.9349623,0,8.58967113,8.44753265,0,13.3953247,0,0,246,0,0,0,0,,,,51
39534590,0.5,0,0,0,0,0,0.297970891,0.297970891,15.9304171,0,8.55350399,8.43486404,0,13.3953247,0,0,246,0,0,0,0,,,,51
39535720,0.5,0,0,0,0,0.00805860758,0.297970891,0.297970891,15.9304171,0,8.59268475,8.45175552,0,13.3953247,0,0,246,0,0,0,0,,,,51
39536847,0.5,0,0,0,0,0.00805860758,0.297970891,0.297970891,15.9304171,0,8.58967113,8.42641926,0,13.3953247,0,0,246,0,0,0,0,,,,51
39538186,0.5,0,0,0,0,0.00805860758,0.297970891,0.297970891,15.9349623,0,8.59268475,8.43697548,0,13.3953247,0,0,246,0,0,0,0,,,,51
39539312,0.5,0,0,0,0,0.0161172152,0.297970891,0.297970891,15.9304171,0,8.58364296,8.44964409,0,13.3953247,0,0,246,0,0,0,0,,,,51
39540442,0.5,0,0,0,0,0.00805860758,0.297970891,0.297970891,15.9349623,0,8.56555939,8.43908691,0,13.3953247,0,0,246,0,0,0,0,,,,51
39541569,0.5,0,0,0,0,0.0161172152,0.297970891,0.297970891,15.9304171,0,8.5444622,8.44964409,0,13.3953247,0,0,246,0,0,0,0,,,,51
39542699,0.5,0,0,0,0,0.00805860758,0.297970891,0.297970891,15.9349623,0,8.568573,8.43908691,0,13.3953247,0,0,246,0,0,0,0,,,,51
39543825,0.5,0.5,0,0,0.00805860758,0.00805860758,0.297970891,0.297970891,15.9304171,0,8.57761478,8.43275356,0,13.3953247,0,0,246,0,0,0,0,,,,51
39544960,0.5,0,0,0,0,0.00805860758,0.297970891,0.297970891,15.9304171,0,8.56254578,8.45175552,0,13.3953247,0,0,246,0,0,0,0,,,,51
39546087,0.5,0,0,0,0,0.00805860758,0.297970891,0.297970891,15.9304171,0,8.56555939,8.44964409,0,13.3953247,0,0,246,0,0,0,0,,,,51
39547216,0.5,0,0,0,0,0.00805860758,0.297970891,0.297970891,15.9349623,0,8.5444622,8.44542122,0,13.3953247,0,0,246,0,0,0,0,,,,51
39548343,0.5,0,0,0,0,0,0.297970891,0.297970891,15.9304171,0,8.57158756,8.44119835,0,13.3953247,0,0,246,0,0,0,0,,,,51
39549473,0.5,0,0,0,0,0.00805860758,0.297970891,0.297970891,15.9349623,0,8.58665657,8.44542122,0,13.3953247,0,0,246,0,0,0,0,,,,51
39550605,0.5,1,0,0,0.00805860758,0,0.297970891,0.297970891,15.9349623,0,8.58967113,8.45175552,0,13.3953247,0,0,246,0,0,0,0,,,,51
39551735,0.5,0,0,0,0,0.00805860758,0.297970891,0.297970891,15.9304171,0,8.5565176,8.44964409,0,13.3953247,0,0,246,0,0,0,0,,,,51
39552862,0.5,0,0,0,0,0.00805860758,0.297970891,0.297970891,15.9349623,0,8.55350399,8.43486404,0,13.3953247,0,0,246,0,0,0,0,,,,51
39553991,0.5,0,0,0,0,0.00805860758,0.297970891,0.297970891,15.9349623,0,8.57761478,8.44964409,0,13.3953247,0,0,246,0,0,0,0,,,,51
39555118,0.5,0.5,0,0,0.00805860758,0.00805860758,0.297970891,0.297970891,15.9304171,0,8.5444622,8.44330978,0,13.3953247,0,0,246,0,0,0,0,,,,51
39556248,0.5,0,0,0,0,0.00805860758,0.297970891,0.297970891,15.9304171,0,8.56555939,8.44119835,0,13.3881769,0,0,246,0,0,0,0,,,,51
39557380,0.5,0,0,0,0,0.00805860758,0.297970891,0.297970891,15.9349623,0,8.568573,8.43697548,0,13.3953247,0,0,246,0,0,0,0,,,,51
39558510,0.5,0,0,0,0,0,0.297970891,0.297970891,15.9349623,0,8.57761478,8.43486404,0,13.3953247,0,0,246,0,0,0,0,,,,51
39559841,0.5,0,0,0,0,0.00805860758,0.297970891,0.297970891,15.9349623,0,8.57761478,8.43275356,0,13.3953247,0,0,246,0,0,0,0,,,,51
39560970,0.5,0,0,0,0,0.00805860758,0.297970891,0.297970891,15.9304171,0,8.568573,8.44753265,0,13.3953247,0,0,246,0,0,0,0,,,,51
39562097,0.5,0,0,0,0,0.00805860758,0.297970891,0.297970891,15.9349623,0,8.568573,8.44330978,0,13.3953247,0,0,246,0,0,0,0,,,,51
39563231,0.5,0,0,0,0,0,0.297970891,0.297970891,15.9258718,0,8.57761478,8.43486404,0,13.3953247,0,0,246,0,0,0,0,,,,51
39564358,0.5,0,0,0,0,0.0161172152,0.297970891,0.297970891,15.9349623,0,8.58967113,8.43697548,0,13.3953247,0,0,246,0,0,0,0,,,,51
39565488,0.5,0,0,0,0,0.0161172152,0.297970891,0.297970891,15.9349623,0,8.58665657,8.43908691,0,13.3953247,0,0,246,0,0,0,0,,,,51
39566614,0.5,0.333333343,0,0,0.00805860758,0.0161172152,0.297970891,0.297970891,15.9349623,0,8.58062935,8.43908691,0,13.3953247,0,0,246,0,0,0,0,,,,51
39567744,0.5,0,0,0,0,0,0.297970891,0.297970891,15.9349623,0,8.57460117,8.45175552,0,13.3953247,0,0,246,0,0,0,0,,,,51
39568871,0.5,0,0,0,0,0,0.297970891,0.297970891,15.9304171,0,8.58364296,8.45597839,0,13.3953247,0,0,246,0,0,0,0,,,,51
39570006,0.5,0,0,0,0,0,0.297970891,0.297970891,15.9304171,0,8.59569836,8.44964409,0,13.3953247,0,0,246,0,0,0,0,,,,51
39571133,0.5,0,0,0,0,0.00805860758,0.297970891,0.297970891,15.9349623,0,8.58062935,8.43908691,0,13.3953247,0,0,246,0,0,0,0,,,,51
39572262,0.5,0,0,0,0,0.00805860758,0.297970891,0.297970891,15.9304171,0,8.58062935,8.45808983,0,13.3953247,0,0,246,0,0,0,0,,,,51
39573389,0.5,0,0,0,0,0.00805860758,0.297970891,0.297970891,15.9304171,0,8.568573,8.44964409,0,13.3953247,0,0,246,0,0,0,0,,,,51
39574519,0.5,0,0,0,0,0.00805860758,0.297970891,0.297970891,15.9304171,0,8.5565176,8.43697548,0,13.3953247,0,0,246,0,0,0,0,,,,51
39575646,0.5,0,0,0,0,0.00805860758,0.297970891,0.297970891,15.9349623,0,8.53843403,8.43697548,0,13.3953247,0,0,246,0,0,0,0,,,,51
39576780,0.5,0,0,0,0,0.00805860758,0.297970891,0.297970891,15.9304171,0,8.56254578,8.44330978,0,13.3953247,0,0,246,0,0,0,0,,,,51
39577907,0.5,0,0,0,0,0.00805860758,0.297970891,0.297970891,15.9304171,0,8.568573,8.43697548,0,13.3953247,0,0,246,0,0,0,0,,,,51
39579037,0.5,0,0,0,0,0.0161172152,0.297970891,0.297970891,15.9304171,0,8.58062935,8.44119835,0,13.3881769,0,0,246,0,0,0,0,,,,51
39580368,0.5,0,0,0,0,0.00805860758,0.297970891,0.297970891,15.9349623,0,8.58665657,8.44542122,0,13.3953247,0,0,246,0,0,0,0,,,,51
39581498,0.5,0,0,0,0,0.00805860758,0.297970891,0.297970891,15.9304171,0,8.56254578,8.45175552,0,13.3881769,0,0,246,0,0,0,0,,,,51
39582629,0.5,0,0,0,0,0.00805860758,0.297970891,0.297970891,15.9304171,0,8.56254578,8.43697548,0,13.3953247,0,0,246,0,0,0,0,,,,51
39583759,0.5,0,0,0,0,0.00805860758,0.297970891,0.297970891,15.9304171,0,8.56555939,8.44330978,0,13.3953247,0,0,246,0,0,0,0,,,,51
39584886,0.5,0,0,0,0,0.00805860758,0.297970891,0.297970891,15.9304171,0,8.5565176,8.43908691,0,13.3953247,0,0,246,0,0,0,0,,,,51
39586016,0.5,0,0,0,0,0.00805860758,0.297970891,0.297970891,15.9258718,0,8.57158756,8.44119835,0,13.3953247,0,0,246,0,0,0,0,,,,51
39587143,0.5,0,0,0,0,0.0161172152,0.297970891,0.297970891,15.9304171,0,8.568573,8.43486404,0,13.3953247,0,0,246,0,0,0,0,,,,51
39588272,0.5,0.5,0,0,0.00805860758,0.00805860758,0.297970891,0.297970891,15.9304171,0,8.57460117,8.44330978,0,13.3953247,0,0,246,0,0,0,0,,,,51
39589404,0.5,0,0,0,0,0.00805860758,0.297970891,0.297970891,15.9349623,0,8.568573,8.44330978,0,13.3953247,0,0,246,0,0,0,0,,,,51
39590534,0.5,0,0,0,0,0.0241758227,0.297970891,0.297970891,15.9304171,0,8.58364296,8.44964409,0,13.3953247,0,0,246,0,0,0,0,,,,51
39591661,0.5,0,0,0,0,0.00805860758,0.297970891,0.297970891,15.9349623,0,8.58364296,8.44542122,0,13.3953247,0,0,246,0,0,0,0,,,,51
39592791,0.5,0,0,0,0,0.0161172152,0.297970891,0.297970891,15.9349623,0,8.58665657,8.42641926,0,13.3953247,0,0,246,0,0,0,0,,,,51
39593917,0.5,0.5,0,0,0.00805860758,0.00805860758,0.297970891,0.297970891,15.9304171,0,8.58665657,8.44330978,0,13.3953247,0,0,246,0,0,0,0,,,,51
39595052,0.5,0.5,0,0,0.00805860758,0.00805860758,0.297970891,0.297970891,15.9304171,0,8.568573,8.44330978,0,13.3810291,0,0,246,0,0,0,0,,,,51
39596179,0.5,0,0,0,0,0.00805860758,0.297970891,0.297970891,15.9304171,0,8.56254578,8.45386696,0,13.3953247,0,0,246,0,0,0,0,,,,51
39597309,0.5,0.5,0,0,0.00805860758,0.00805860758,0.297970891,0.297970891,15.9304171,0,8.55953121,8.44330978,0,13.3953247,0,0,246,0,0,0,0,,,,51
39598436,0.5,0,0,0,0,0.00805860758,0.297970891,0.297970891,15.9349623,0,8.56555939,8.44964409,0,13.3953247,0,0,246,0,0,0,0,,,,51
39599565,0.5,0,0,0,0,0.00805860758,0.297970891,0.297970891,15.9349623,0,8.55953121,8.44330978,0,13.3953247,0,0,246,0,0,0,0,,,,51
39600896,0.5,0,0,0,0,0.00805860758,0.297970891,0.297970891,15.9304171,0,8.57460117,8.44330978,0,13.3953247,0,0,246,0,0,0,0,,,,51
39602031,0.5,0,0,0,0,0.00805860758,0.297970891,0.297970891,15.9304171,0,8.58062935,8.44753265,0,13.3953247,0,0,246,0,0,0,0,,,,51
39603158,0.5,0,0,0,0,0.0161172152,0.297970891,0.297970891,15.9304171,0,8.58665657,8.43486404,0,13.3953247,0,0,246,0,0,0,0,,,,51
39604287,0.5,0,0,0,0,0.00805860758,0.297970891,0.297970891,15.9349623,0,8.58967113,8.44330978,0,13.3953247,0,0,246,0,0,0,0,,,,51
39605414,0.5,0,0,0,0,0.00805860758,0.297970891,0.297970891,15.9304171,0,8.57158756,8.43486404,0,13.3881769,0,0,246,0,0,0,0,,,,51
39606544,0.5,0,0,0,0,0.00805860758,0.297970891,0.297970891,15.9349623,0,8.58967113,8.43908691,0,13.3953247,0,0,246,0,0,0,0,,,,51
39607676,0.5,0,0,0,0,0.00805860758,0.297970891,0.297970891,15.9304171,0,8.58665657,8.45175552,0,13.3953247,0,0,246,0,0,0,0,,,,51
39608806,0.5,0,0,0,0,0.0161172152,0.297970891,0.297970891,15.9304171,0,8.57460117,8.43697548,0,13.3953247,0,0,246,0,0,0,0,,,,51
39609932,0.5,0,0,0,0,0.00805860758,0.297970891,0.297970891,15.9304171,0,8.56555939,8.44542122,0,13.3953247,0,0,246,0,0,0,0,,,,51
39611062,0.5,0,0,0,0,0.00805860758,0.297970891,0.297970891,15.9349623,0,8.57158756,8.44753265,0,13.3810291,0,0,246,0,0,0,0,,,,51
39612189,0.5,0,0,0,0,0.00805860758,0.297970891,0.297970891,15.9304171,0,8.568573,8.44119835,0,13.4024725,0,0,246,0,0,0,0,,,,51
39613318,0.5,0,0,0,0,0.00805860758,0.297970891,0.297970891,15.9304171,0,8.55953121,8.44753265,0,13.3953247,0,0,246,0,0,0,0,,,,51
39614450,0.5,0,0,0,0,0,0.297970891,0.297970891,15.9349623,0,8.56254578,8.44753265,0,13.3953247,0,0,246,0,0,0,0,,,,51
39615580,0.5,0,0,0,0,0.00805860758,0.297970891,0.297970891,15.9304171,0,8.58062935,8.43908691,0,13.3953247,0,0,246,0,0,0,0,,,,51
39616707,0.5,0,0,0,0,0.00805860758,0.297970891,0.297970891,15.9349623,0,8.57761478,8.45386696,0,13.3953247,0,0,246,0,0,0,0,,,,51
39617837,0.5,0,0,0,0,0.00805860758,0.297970891,0.297970891,15.9304171,0,8.56555939,8.44542122,0,13.3953247,0,0,246,0,0,0,0,,,,51
39618963,0.5,0,0,0,0,0.0161172152,0.297970891,0.297970891,15.9349623,0,8.57761478,8.45175552,0,13.3953247,0,0,246,0,0,0,0,,,,51
39620093,0.5,0,0,0,0,0.00805860758,0.297970891,0.297970891,15.9258718,0,8.56555939,8.44330978,0,13.3953247,0,0,246,0,0,0,0,,,,51
39621225,0.5,0,0,0,0,0.00805860758,0.297970891,0.297970891,15.9304171,0,8.57761478,8.44119835,0,13.3953247,0,0,246,0,0,0,0,,,,51
39622559,0.5,0,0,0,0,0.0161172152,0.297970891,0.297970891,15.9304171,0,8.58967113,8.44119835,0,13.3953247,0,0,246,0,0,0,0,,,,51
39623686,0.5,0,0,0,0,0.00805860758,0.297970891,0.297970891,15.9349623,0,8.57761478,8.44542122,0,13.3953247,0,0,246,0,0,0,0,,,,51
39624815,0.5,0,0,0,0,0.00805860758,0.297970891,0.297970891,15.9304171,0,8.57158756,8.45175552,0,13.3953247,0,0,246,0,0,0,0,,,,51
39625942,0.5,0,0,0,0,0.00805860758,0.297970891,0.297970891,15.9304171,0,8.57158756,8.44119835,0,13.3953247,0,0,246,0,0,0,0,,,,51
39627077,0.5,0,0,0,0,0.00805860758,0.297970891,0.297970891,15.9304171,0,8.58665657,8.44542122,0,13.3738813,0,0,246,0,0,0,0,,,,51
39628204,0.5,0,0,0,0,0.00805860758,0.297970891,0.297970891,15.9349623,0,8.58062935,8.43486404,0,13.3953247,0,0,246,0,0,0,0,,,,51
39629333,0.5,0,0,0,0,0.0161172152,0.297970891,0.297970891,15.9304171,0,8.58665657,8.43697548,0,13.3953247,0,0,246,0,0,0,0,,,,51
39630460,0.5,0,0,0,0,0.00805860758,0.297970891,0.297970891,15.9349623,0,8.57460117,8.44542122,0,13.3953247,0,0,246,0,0,0,0,,,,51
39631590,0.5,0,0,0,0,0.0161172152,0.297970891,0.297970891,15.9258718,0,8.56555939,8.42853069,0,13.3953247,0,0,246,0,0,0,0,,,,51
39632717,0.5,0,0,0,0,0.00805860758,0.297970891,0.297970891,15.9304171,0,8.58665657,8.44753265,0,13.3953247,0,0,246,0,0,0,0,,,,51
39633851,0.5,0,0,0,0,0.00805860758,0.297970891,0.297970891,15.9304171,0,8.58364296,8.43908691,0,13.3953247,0,0,246,0,0,0,0,,,,51
39634978,0.5,0,0,0,0,0.0161172152,0.297970891,0.297970891,15.9349623,0,8.58665657,8.43908691,0,13.3953247,0,0,246,0,0,0,0,,,,51
39636108,0.5,0,0,0,0,0.00805860758,0.297970891,0.297970891,15.9304171,0,8.568573,8.44542122,0,13.3953247,0,0,246,0,0,0,0,,,,51
39637235,0.5,0,0,0,0,0.00805860758,0.297970891,0.297970891,15.9304171,0,8.56254578,8.44330978,0,13.3953247,0,0,246,0,0,0,0,,,,51
39638364,0.5,1,0,0,0.00805860758,0,0.297970891,0.297970891,15.9304171,0,8.56254578,8.44964409,0,13.4024725,0,0,246,0,0,0,0,,,,51
39639496,0.5,0,0,0,0,0.00805860758,0.297970891,0.297970891,15.9304171,0,8.58062935,8.44542122,0,13.3953247,0,0,246,0,0,0,0,,,,51
39640626,0.5,0,0,0,0,0.00805860758,0.297970891,0.297970891,15.9304171,0,8.57158756,8.44753265,0,13.3953247,0,0,246,0,0,0,0,,,,51
39641752,0.5,0,0,0,0,0.00805860758,0.297970891,0.297970891,15.9304171,0,8.57761478,8.43275356,0,13.3953247,0,0,246,0,0,0,0,,,,51
39643086,0.5,0,0,0,0,0.00805860758,0.297970891,0.297970891,15.9304171,0,8.5565176,8.44119835,0,13.4024725,0,0,246,0,0,0,0,,,,51
39644213,0.5,1,0,0,0.00805860758,0,0.297970891,0.297970891,15.9304171,0,8.57158756,8.44119835,0,13.3953247,0,0,246,0,0,0,0,,,,51
39645343,0.5,1,0,0,0.00805860758,0,0.297970891,0.297970891,15.9304171,0,8.568573,8.43908691,0,13.3953247,0,0,246,0,0,0,0,,,,51
39646474,0.5,0,0,0,0,0.00805860758,0.297970891,0.297970891,15.9304171,0,8.55953121,8.44753265,0,13.3953247,0,0,246,0,0,0,0,,,,51
39647604,0.5,0,0,0,0,0.00805860758,0.297970891,0.297970891,15.9304171,0,8.58364296,8.44964409,0,13.3881769,0,0,246,0,0,0,0,,,,51
39648731,0.5,0,0,0,0,0.00805860758,0.297970891,0.297970891,15.9304171,0,8.568573,8.44330978,0,13.3953247,0,0,246,0,0,0,0,,,,51
39649861,0.5,0,0,0,0,0.00805860758,0.297970891,0.297970891,15.9258718,0,8.56254578,8.45175552,0,13.3953247,0,0,246,0,0,0,0,,,,51
39650988,0.5,0,0,0,0,0.00805860758,0.297970891,0.297970891,15.9349623,0,8.54747581,8.44330978,0,13.3953247,0,0,246,0,0,0,0,,,,51
39652123,0.5,0,0,0,0,0.00805860758,0.297970891,0.297970891,15.9304171,0,8.58364296,8.44330978,0,13.3953247,0,0,246,0,0,0,0,,,,51
39653250,0.5,0,0,0,0,0.00805860758,0.297970891,0.297970891,15.9304171,0,8.57460117,8.44330978,0,13.3953247,0,0,246,0,0,0,0,,,,51
39654379,0.5,0.5,0,0,0.00805860758,0.00805860758,0.297970891,0.297970891,15.9349623,0,8.55953121,8.45175552,0,13.3953247,0,0,246,0,0,0,0,,,,51
39655506,0.5,0,0,0,0,0,0.297970891,0.297970891,15.9304171,0,8.58967113,8.44753265,0,13.3953247,0,0,246,0,0,0,0,,,,51
39656636,0.5,0,0,0,0,0.00805860758,0.297970891,0.297970891,15.9304171,0,8.55350399,8.44330978,0,13.3953247,0,0,246,0,0,0,0,,,,51
39657763,0.5,0,0,0,0,0.00805860758,0.297970891,0.297970891,15.9304171,0,8.568573,8.44542122,0,13.4024725,0,0,246,0,0,0,0,,,,51
39658897,0.5,0,0,0,0,0.00805860758,0.297970891,0.297970891,15.9304171,0,8.56254578,8.43908691,0,13.3953247,0,0,246,0,0,0,0,,,,51
39660025,0.5,0.5,0,0,0.00805860758,0.00805860758,0.297970891,0.297970891,15.9304171,0,8.568573,8.43908691,0,13.3953247,0,0,246,0,0,0,0,,,,51
39661154,0.5,0.5,0,0,0.00805860758,0.00805860758,0.297970891,0.297970891,15.9304171,0,8.55048943,8.44964409,0,13.3881769,0,0,246,0,0,0,0,,,,51
39662281,0.5,0.5,0,0,0.00805860758,0.00805860758,0.297970891,0.297970891,15.9304171,0,8.568573,8.44753265,0,13.3953247,0,0,246,0,0,0,0,,,,51
39663411,0.5,0,0,0,0,0.00805860758,0.297970891,0.297970891,15.9304171,0,8.57158756,8.44119835,0,13.3953247,0,0,246,0,0,0,0,,,,51
39664742,0.5,0,0,0,0,0.00805860758,0.297970891,0.297970891,15.9304171,0,8.58665657,8.43275356,0,13.3953247,0,0,246,0,0,0,0,,,,51
39665877,0.5,0,0,0,0,0.00805860758,0.297970891,0.297970891,15.9304171,0,8.55350399,8.44542122,0,13.3953247,0,0,246,0,0,0,0,,,,51
39667004,0.5,0,0,0,0,0.00805860758,0.297970891,0.297970891,15.9304171,0,8.54747581,8.43486404,0,13.3881769,0,0,246,0,0,0,0,,,,51
39668133,0.5,0.5,0,0,0.00805860758,0.00805860758,0.297970891,0.297970891,15.9304171,0,8.55953121,8.44542122,0,13.4024725,0,0,246,0,0,0,0,,,,51
39669260,0.5,0,0,0,0,0.00805860758,0.297970891,0.297970891,15.9304171,0,8.57460117,8.44964409,0,13.3953247,0,0,246,0,0,0,0,,,,51
39670390,0.5,0,0,0,0,0,0.297970891,0.297970891,15.9304171,0,8.568573,8.43908691,0,13.3953247,0,0,246,0,0,0,0,,,,51
39671522,0.5,0.5,0,0,0.00805860758,0.00805860758,0.297970891,0.297970891,15.9349623,0,8.59268475,8.43697548,0,13.4024725,0,0,246,0,0,0,0,,,,51
39672651,0.5,0,0,0,0,0,0.297970891,0.297970891,15.9349623,0,8.57158756,8.44964409,0,13.3953247,0,0,246,0,0,0,0,,,,51
39673779,0.5,0,0,0,0,0.0161172152,0.297970891,0.297970891,15.9349623,0,8.58967113,8.42853069,0,13.3953247,0,0,246,0,0,0,0,,,,51
39674908,0.5,0,0,0,0,0.0161172152,0.297970891,0.297970891,15.9349623,0,8.57761478,8.43064213,0,13.3953247,0,0,246,0,0,0,0,,,,51
39676035,0.5,0,0,0,0,0.00805860758,0.297970891,0.297970891,15.9304171,0,8.54747581,8.42853069,0,13.3881769,0,0,246,0,0,0,0,,,,51
39677165,0.5,0,0,0,0,0.00805860758,0.297970891,0.297970891,15.9258718,0,8.57460117,8.44753265,0,13.3953247,0,0,246,0,0,0,0,,,,51
39678297,0.5,0,0,0,0,0.00805860758,0.297970891,0.297970891,15.9304171,0,8.57460117,8.44330978,0,13.3881769,0,0,246,0,0,0,0,,,,51
39679426,0.5,0,0,0,0,0.00805860758,0.297970891,0.297970891,15.9349623,0,8.58967113,8.44119835,0,13.3953247,0,0,246,0,0,0,0,,,,51
39680553,0.5,0,0,0,0,0.00805860758,0.297970891,0.297970891,15.9304171,0,8.568573,8.44330978,0,13.3953247,0,0,246,0,0,0,0,,,,51
39681683,0.5,0,0,0,0,0.00805860758,0.297970891,0.297970891,15.9349623,0,8.55048943,8.44753265,0,13.3953247,0,0,246,0,0,0,0,,,,51
39682810,0.5,0,0,0,0,0.0161172152,0.297970891,0.297970891,15.9349623,0,8.58665657,8.43486404,0,13.3953247,0,0,246,0,0,0,0,,,,51
39683944,0.5,0,0,0,0,0.00805860758,0.297970891,0.297970891,15.9304171,0,8.57460117,8.44119835,0,13.3953247,0,0,246,0,0,0,0,,,,51
39685275,0.5,0.333333343,0,0,0.00805860758,0.0161172152,0.297970891,0.297970891,15.9304171,0,8.568573,8.44542122,0,13.3953247,0,0,246,0,0,0,0,,,,51
39686405,0.5,0.5,0,0,0.00805860758,0.00805860758,0.297970891,0.297970891,15.9349623,0,8.55048943,8.44330978,0,13.4024725,0,0,246,0,0,0,0,,,,51
39687532,0.5,0,0,0,0,0,0.297970891,0.297970891,15.9349623,0,8.54747581,8.44119835,0,13.3953247,0,0,246,0,0,0,0,,,,51
39688663,0.5,0,0,0,0,0.0161172152,0.297970891,0.297970891,15.9349623,0,8.56254578,8.44119835,0,13.3953247,0,0,246,0,0,0,0,,,,51
39689789,0.5,0,0,0,0,0.00805860758,0.297970891,0.297970891,15.9349623,0,8.58364296,8.43697548,0,13.3953247,0,0,246,0,0,0,0,,,,51
39690924,0.5,0,0,0,0,0.00805860758,0.297970891,0.297970891,15.9304171,0,8.58967113,8.44330978,0,13.3953247,0,0,246,0,0,0,0,,,,51
39692051,0.5,0,0,0,0,0.00805860758,0.297970891,0.297970891,15.9304171,0,8.56555939,8.42853069,0,13.3810291,0,0,246,0,0,0,0,,,,51
39693181,0.5,0,0,0,0,0.00805860758,0.297970891,0.297970891,15.9304171,0,8.56555939,8.44119835,0,13.3953247,0,0,246,0,0,0,0,,,,51
39694307,0.5,0,0,0,0,0.00805860758,0.297970891,0.297970891,15.9349623,0,8.56555939,8.43908691,0,13.3953247,0,0,246,0,0,0,0,,,,51
39695437,0.5,0,0,0,0,0.0161172152,0.297970891,0.297970891,15.9349623,0,8.59268475,8.44119835,0,13.3953247,0,0,246,0,0,0,0,,,,51
39696569,0.5,0,0,0,0,0.0161172152,0.297970891,0.297970891,15.9304171,0,8.58364296,8.44753265,0,13.3953247,0,0,246,0,0,0,0,,,,51
39697698,0.5,0.5,0,0,0.00805860758,0.00805860758,0.297970891,0.297970891,15.9349623,0,8.56555939,8.45808983,0,13.3953247,0,0,246,0,0,0,0,,,,51
39698826,0.5,0,0,0,0,0.00805860758,0.297970891,0.297970891,15.9304171,0,8.58665657,8.44330978,0,13.4024725,0,0,246,0,0,0,0,,,,51
39699955,0.5,0,0,0,0,0.00805860758,0.297970891,0.297970891,15.9304171,0,8.58062935,8.43486404,0,13.3953247,0,0,246,0,0,0,0,,,,51
39701082,0.5,0,0,0,0,0.00805860758,0.297970891,0.297970891,15.9304171,0,8.58967113,8.44753265,0,13.3953247,0,0,246,0,0,0,0,,,,51
39702212,0.5,0,0,0,0,0.00805860758,0.297970891,0.297970891,15.9304171,0,8.58665657,8.43908691,0,13.3881769,0,0,246,0,0,0,0,,,,51
39703344,0.5,0,0,0,0,0.00805860758,0.297970891,0.297970891,15.9349623,0,8.57460117,8.43908691,0,13.3953247,0,0,246,0,0,0,0,,,,51
39704473,0.5,0,0,0,0,0.00805860758,0.297970891,0.297970891,15.9349623,0,8.56254578,8.43064213,0,13.3953247,0,0,246,0,0,0,0,,,,51
39705804,0.5,0,0,0,0,0.00805860758,0.297970891,0.297970891,15.9304171,0,8.59268475,8.43486404,0,13.3953247,0,0,246,0,0,0,0,,,,51
39706934,0.5,0,0,0,0,0.00805860758,0.297970891,0.297970891,15.9304171,0,8.56254578,8.43908691,0,13.3953247,0,0,246,0,0,0,0,,,,51
39708061,0.5,0,0,0,0,0.0161172152,0.297970891,0.297970891,15.9304171,0,8.58967113,8.44119835,0,13.3810291,0,0,246,0,0,0,0,,,,51
39709195,0.5,0,0,0,0,0.0161172152,0.297970891,0.297970891,15.9349623,0,8.58062935,8.43486404,0,13.3953247,0,0,246,0,0,0,0,,,,51
39710321,0.5,0,0,0,0,0.00805860758,0.297970891,0.297970891,15.9304171,0,8.56555939,8.43486404,0,13.3953247,0,0,246,0,0,0,0,,,,51
39711451,0.5,0,0,0,0,0.00805860758,0.297970891,0.297970891,15.9349623,0,8.5565176,8.45175552,0,13.4024725,0,0,246,0,0,0,0,,,,51
39712578,0.5,0,0,0,0,0.00805860758,0.297970891,0.297970891,15.9304171,0,8.58364296,8.43908691,0,13.3953247,0,0,246,0,0,0,0,,,,51
39713708,0.5,0,0,0,0,0,0.297970891,0.297970891,15.9304171,0,8.56254578,8.44119835,0,13.3953247,0,0,246,0,0,0,0,,,,51
39714835,0.5,0,0,0,0,0.0241758227,0.297970891,0.297970891,15.9258718,0,8.55048943,8.44119835,0,13.3953247,0,0,246,0,0,0,0,,,,51
39715970,0.5,0,0,0,0,0.00805860758,0.297970891,0.297970891,15.9349623,0,8.57460117,8.43486404,0,13.3953247,0,0,246,0,0,0,0,,,,51
39717096,0.5,0,0,0,0,0,0.297970891,0.297970891,15.9304171,0,8.58665657,8.44330978,0,13.3953247,0,0,246,0,0,0,0,,,,51
39718226,0.5,0,0,0,0,0.0161172152,0.297970891,0.297970891,15.9304171,0,8.58364296,8.43908691,0,13.3953247,0,0,246,0,0,0,0,,,,51
39719353,0.5,0,0,0,0,0.00805860758,0.297970891,0.297970891,15.9349623,0,8.58665657,8.44542122,0,13.3953247,0,0,246,0,0,0,0,,,,51
39720482,0.5,0,0,0,0,0.0161172152,0.297970891,0.297970891,15.9349623,0,8.57460117,8.44119835,0,13.3953247,0,0,246,0,0,0,0,,,,51
39721609,0.5,0,0,0,0,0.00805860758,0.297970891,0.297970891,15.9304171,0,8.58967113,8.43486404,0,13.3953247,0,0,246,0,0,0,0,,,,51
39722743,0.5,0,0,0,0,0.00805860758,0.297970891,0.297970891,15.9304171,0,8.57158756,8.43908691,0,13.3953247,0,0,246,0,0,0,0,,,,51
39723870,0.5,0,0,0,0,0.00805860758,0.297970891,0.297970891,15.9304171,0,8.568573,8.44753265,0,13.3953247,0,0,246,0,0,0,0,,,,51
39725000,0.5,0,0,0,0,0.0161172152,0.297970891,0.297970891,15.9349623,0,8.57761478,8.43908691,0,13.3953247,0,0,246,0,0,0,0,,,,51
39726127,0.5,0,0,0,0,0.0161172152,0.297970891,0.297970891,15.9304171,0,8.58967113,8.44119835,0,13.3881769,0,0,246,0,0,0,0,,,,51
39727461,0.5,0,0,0,0,0.0161172152,0.297970891,0.297970891,15.9304171,0,8.57460117,8.44330978,0,13.3953247,0,0,246,0,0,0,0,,,,51
39728592,0.5,0,0,0,0,0.00805860758,0.297970891,0.297970891,15.9304171,0,8.57158756,8.43486404,0,13.3953247,0,0,246,0,0,0,0,,,,51
39729722,0.5,0,0,0,0,0.00805860758,0.297970891,0.297970891,15.9258718,0,8.56555939,8.43275356,0,13.3953247,0,0,246,0,0,0,0,,,,51
39730849,0.5,0,0,0,0,0.00805860758,0.297970891,0.297970891,15.9304171,0,8.58665657,8.43908691,0,13.3953247,0,0,246,0,0,0,0,,,,51
39731979,0.5,0,0,0,0,0.0161172152,0.297970891,0.297970891,15.9349623,0,8.58967113,8.44330978,0,13.3953247,0,0,246,0,0,0,0,,,,51
39733106,0.5,0,0,0,0,0.00805860758,0.297970891,0.297970891,15.9304171,0,8.59268475,8.42430782,0,13.3953247,0,0,246,0,0,0,0,,,,51
39734235,0.5,0,0,0,0,0.00805860758,0.297970891,0.297970891,15.9304171,0,8.57460117,8.44964409,0,13.3953247,0,0,246,0,0,0,0,,,,51
39735367,0.5,0,0,0,0,0.00805860758,0.297970891,0.297970891,15.9304171,0,8.58364296,8.44964409,0,13.3953247,0,0,246,0,0,0,0,,,,51
39736497,0.5,0,0,0,0,0.00805860758,0.297970891,0.297970891,15.9349623,0,8.56555939,8.44542122,0,13.3953247,0,0,246,0,0,0,0,,,,51
39737624,0.5,0,0,0,0,0.00805860758,0.297970891,0.297970891,15.9258718,0,8.57460117,8.43697548,0,13.3953247,0,0,246,0,0,0,0,,,,51
39738754,0.5,0,0,0,0,0.00805860758,0.297970891,0.297970891,15.9304171,0,8.5444622,8.44964409,0,13.3953247,0,0,246,0,0,0,0,,,,51
39739881,0.5,0,0,0,0,0.00805860758,0.297970891,0.297970891,15.9304171,0,8.56555939,8.44753265,0,13.3953247,0,0,246,0,0,0,0,,,,51
39741016,0.5,0,0,0,0,0,0.297970891,0.297970891,15.9304171,0,8.57460117,8.44542122,0,13.3881769,0,0,246,0,0,0,0,,,,51
39742142,0.5,0,0,0,0,0.00805860758,0.297970891,0.297970891,15.9304171,0,8.56254578,8.43908691,0,13.3953247,0,0,246,0,0,0,0,,,,51
39743272,0.5,0,0,0,0,0.00805860758,0.297970891,0.297970891,15.9304171,0,8.54144764,8.43697548,0,13.3953247,0,0,246,0,0,0,0,,,,51
39744399,0.5,0,0,0,0,0.00805860758,0.297970891,0.297970891,15.9304171,0,8.568573,8.44119835,0,13.3953247,0,0,246,0,0,0,0,,,,51
39745528,0.5,0,0,0,0,0.00805860758,0.297970891,0.297970891,15.9304171,0,8.56254578,8.44542122,0,13.3953247,0,0,246,0,0,0,0,,,,51
39746655,0.5,0,0,0,0,0.00805860758,0.297970891,0.297970891,15.9304171,0,8.57761478,8.43275356,0,13.3953247,0,0,246,0,0,0,0,,,,51
39747994,0.5,0,0,0,0,0.00805860758,0.297970891,0.297970891,15.9304171,0,8.57158756,8.44542122,0,13.3953247,0,0,246,0,0,0,0,,,,51
39749121,0.5,0.5,0,0,0.00805860758,0.00805860758,0.297970891,0.297970891,15.9304171,0,8.58665657,8.44330978,0,13.3953247,0,0,246,0,0,0,0,,,,51
39750250,0.5,0,0,0,0,0.0161172152,0.297970891,0.297970891,15.9304171,0,8.58967113,8.43908691,0,13.3953247,0,0,246,0,0,0,0,,,,51
39751377,0.5,0,0,0,0,0.00805860758,0.297970891,0.297970891,15.9349623,0,8.57158756,8.44119835,0,13.3953247,0,0,246,0,0,0,0,,,,51
39752507,0.5,0,0,0,0,0.00805860758,0.297970891,0.297970891,15.9304171,0,8.58967113,8.43697548,0,13.3953247,0,0,246,0,0,0,0,,,,51
39753639,0.5,0,0,0,0,0.00805860758,0.297970891,0.297970891,15.9304171,0,8.58364296,8.44119835,0,13.3953247,0,0,246,0,0,0,0,,,,51
39754768,0.5,0,0,0,0,0.0161172152,0.297970891,0.297970891,15.9304171,0,8.58665657,8.44542122,0,13.3953247,0,0,246,0,0,0,0,,,,51
39755895,0.5,0,0,0,0,0.00805860758,0.297970891,0.297970891,15.9304171,0,8.58364296,8.45386696,0,13.3953247,0,0,246,0,0,0,0,,,,51
39757025,0.5,0,0,0,0,0.00805860758,0.297970891,0.297970891,15.9304171,0,8.57158756,8.44542122,0,13.3953247,0,0,246,0,0,0,0,,,,51
39758152,0.5,0,0,0,0,0.0161172152,0.297970891,0.297970891,15.9304171,0,8.59569836,8.44542122,0,13.3881769,0,0,246,0,0,0,0,,,,51
39759281,0.5,0,0,0,0,0.00805860758,0.297970891,0.297970891,15.9349623,0,8.57460117,8.44964409,0,13.3953247,0,0,246,0,0,0,0,,,,51
39760413,0.5,0,0,0,0,0.0161172152,0.297970891,0.297970891,15.9349623,0,8.58665657,8.44753265,0,13.3953247,0,0,246,0,0,0,0,,,,51
39761543,0.5,0,0,0,0,0.0161172152,0.297970891,0.297970891,15.9304171,0,8.58062935,8.43697548,0,13.3953247,0,0,246,0,0,0,0,,,,51
39762669,0.5,0,0,0,0,0.00805860758,0.297970891,0.297970891,15.9304171,0,8.568573,8.43908691,0,13.3953247,0,0,246,0,0,0,0,,,,51
39763799,0.5,0,0,0,0,0.00805860758,0.297970891,0.297970891,15.9304171,0,8.58665657,8.44330978,0,13.3953247,0,0,246,0,0,0,0,,,,51
39764926,0.5,0,0,0,0,0.00805860758,0.297970891,0.297970891,15.9304171,0,8.55953121,8.44119835,0,13.3953247,0,0,246,0,0,0,0,,,,51
39766056,0.5,0,0,0,0,0.00805860758,0.297970891,0.297970891,15.9304171,0,8.568573,8.44753265,0,13.3810291,0,0,246,0,0,0,0,,,,51
39767188,0.5,0,0,0,0,0,0.297970891,0.297970891,15.9349623,0,8.58364296,8.44330978,0,13.3953247,0,0,246,0,0,0,0,,,,51
39768318,0.5,0,0,0,0,0.00805860758,0.297970891,0.297970891,15.9304171,0,8.58062935,8.44119835,0,13.3953247,0,0,246,0,0,0,0,,,,51
39769648,0.5,0,0,0,0,0.00805860758,0.297970891,0.297970891,15.9304171,0,8.56555939,8.44964409,0,13.3953247,0,0,246,0,0,0,0,,,,51
39770778,0.5,0,0,0,0,0.0161172152,0.297970891,0.297970891,15.9304171,0,8.57761478,8.44330978,0,13.3953247,0,0,246,0,0,0,0,,,,51
39771905,0.5,0,0,0,0,0.00805860758,0.297970891,0.297970891,15.9304171,0,8.57761478,8.43908691,0,13.3953247,0,0,246,0,0,0,0,,,,51
39773040,0.5,0,0,0,0,0.00805860758,0.297970891,0.297970891,15.9304171,0,8.57761478,8.44542122,0,13.3881769,0,0,246,0,0,0,0,,,,51
39774167,0.5,0,0,0,0,0.00805860758,0.297970891,0.297970891,15.9304171,0,8.58967113,8.45175552,0,13.3953247,0,0,246,0,0,0,0,,,,51
39775296,0.5,0,0,0,0,0.0161172152,0.297970891,0.297970891,15.9304171,0,8.57460117,8.43697548,0,13.3953247,0,0,246,0,0,0,0,,,,51
39776423,0.5,0,0,0,0,0.00805860758,0.297970891,0.297970891,15.9258718,0,8.58665657,8.44542122,0,13.3953247,0,0,246,0,0,0,0,,,,51
39777553,0.5,0,0,0,0,0.00805860758,0.297970891,0.297970891,15.9304171,0,8.57460117,8.44753265,0,13.3953247,0,0,246,0,0,0,0,,,,51
39778680,0.5,0,0,0,0,0.0161172152,0.297970891,0.297970891,15.9304171,0,8.568573,8.44964409,0,13.3953247,0,0,246,0,0,0,0,,,,51
39779814,0.5,0,0,0,0,0.0161172152,0.297970891,0.297970891,15.9304171,0,8.56555939,8.44330978,0,13.3953247,0,0,246,0,0,0,0,,,,51
39780941,0.5,0,0,0,0,0.00805860758,0.297970891,0.297970891,15.9349623,0,8.56555939,8.43908691,0,13.3953247,0,0,246,0,0,0,0,,,,51
39782072,0.5,0,0,0,0,0.00805860758,0.297970891,0.297970891,15.9349623,0,8.57158756,8.44119835,0,13.3881769,0,0,246,0,0,0,0,,,,51
39783198,0.5,0,0,0,0,0.0161172152,0.297970891,0.297970891,15.9349623,0,8.58364296,8.44542122,0,13.3953247,0,0,246,0,0,0,0,,,,51
39784328,0.5,0,0,0,0,0.00805860758,0.297970891,0.297970891,15.9304171,0,8.59569836,8.44330978,0,13.3953247,0,0,246,0,0,0,0,,,,51
39785460,0.5,0,0,0,0,0.00805860758,0.297970891,0.297970891,15.9349623,0,8.58967113,8.43908691,0,13.3953247,0,0,246,0,0,0,0,,,,51
39786589,0.5,0,0,0,0,0.0161172152,0.297970891,0.297970891,15.9304171,0,8.57460117,8.43908691,0,13.3953247,0,0,246,0,0,0,0,,,,51
39787716,0.5,0,0,0,0,0.00805860758,0.297970891,0.297970891,15.9304171,0,8.56555939,8.44753265,0,13.4024725,0,0,246,0,0,0,0,,,,51
39788846,0.5,0,0,0,0,0.00805860758,0.297970891,0.297970891,15.9304171,0,8.58967113,8.43908691,0,13.3953247,0,0,246,0,0,0,0,,,,51
39790177,0.5,0,0,0,0,0.00805860758,0.297970891,0.297970891,15.9304171,0,8.56555939,8.42430782,0,13.3953247,0,0,246,0,0,0,0,,,,51
39791307,0.5,0,0,0,0,0.0161172152,0.297970891,0.297970891,15.9304171,0,8.57761478,8.43908691,0,13.3953247,0,0,246,0,0,0,0,,,,51
39792439,0.5,0,0,0,0,0.00805860758,0.297970891,0.297970891,15.9304171,0,8.58062935,8.44542122,0,13.3881769,0,0,246,0,0,0,0,,,,51
39793568,0.5,0,0,0,0,0.00805860758,0.297970891,0.297970891,15.9304171,0,8.56254578,8.43275356,0,13.4024725,0,0,246,0,0,0,0,,,,51
39794695,0.5,0,0,0,0,0.00805860758,0.297970891,0.297970891,15.9304171,0,8.57460117,8.44119835,0,13.3953247,0,0,246,0,0,0,0,,,,51
39795825,0.5,0,0,0,0,0.0161172152,0.297970891,0.297970891,15.9304171,0,8.58364296,8.44753265,0,13.3953247,0,0,246,0,0,0,0,,,,51
39796952,0.5,0,0,0,0,0.0161172152,0.297970891,0.297970891,15.9304171,0,8.58364296,8.43908691,0,13.3953247,0,0,246,0,0,0,0,,,,51
39798087,0.5,0,0,0,0,0.0161172152,0.297970891,0.297970891,15.9304171,0,8.568573,8.44542122,0,13.3953247,0,0,246,0,0,0,0,,,,51
39799213,0.5,0,0,0,0,0.00805860758,0.297970891,0.297970891,15.9349623,0,8.568573,8.43908691,0,13.3953247,0,0,246,0,0,0,0,,,,51
39800343,0.5,0,0,0,0,0.00805860758,0.297970891,0.297970891,15.9304171,0,8.568573,8.43275356,0,13.3953247,0,0,246,0,0,0,0,,,,51
39801470,0.5,0,0,0,0,0.00805860758,0.297970891,0.297970891,15.9304171,0,8.58062935,8.44330978,0,13.4024725,0,0,246,0,0,0,0,,,,51
39802599,0.5,0,0,0,0,0.0161172152,0.297970891,0.297970891,15.9304171,0,8.56254578,8.43486404,0,13.3953247,0,0,246,0,0,0,0,,,,51
39803727,0.5,0,0,0,0,0.00805860758,0.297970891,0.297970891,15.9304171,0,8.56254578,8.43486404,0,13.3953247,0,0,246,0,0,0,0,,,,51
39804861,0.5,0,0,0,0,0.00805860758,0.297970891,0.297970891,15.9304171,0,8.58967113,8.43064213,0,13.3953247,0,0,246,0,0,0,0,,,,51
39805988,0.5,0,0,0,0,0.00805860758,0.297970891,0.297970891,15.9304171,0,8.57761478,8.44542122,0,13.3953247,0,0,246,0,0,0,0,,,,51
39807118,0.5,0,0,0,0,0.00805860758,0.297970891,0.297970891,15.9304171,0,8.57460117,8.43908691,0,13.3953247,0,0,246,0,0,0,0,,,,51
39808245,0.5,0,0,0,0,0.00805860758,0.297970891,0.297970891,15.9304171,0,8.56254578,8.43697548,0,13.3953247,0,0,246,0,0,0,0,,,,51
39809375,0.5,0,0,0,0,0.0161172152,0.297970891,0.297970891,15.9304171,0,8.58967113,8.44330978,0,13.4024725,0,0,246,0,0,0,0,,,,51
39810501,0.5,0,0,0,0,0.00805860758,0.297970891,0.297970891,15.9304171,0,8.56254578,8.44753265,0,13.3953247,0,0,246,0,0,0,0,,,,51
39811840,0.5,0,0,0,0,0.00805860758,0.297970891,0.297970891,15.9304171,0,8.56555939,8.44964409,0,13.3953247,0,0,246,0,0,0,0,,,,51
39812967,0.5,0,0,0,0,0.00805860758,0.297970891,0.297970891,15.9349623,0,8.56555939,8.44964409,0,13.3953247,0,0,246,0,0,0,0,,,,51
39814097,0.5,0,0,0,0,0.00805860758,0.297970891,0.297970891,15.9304171,0,8.59268475,8.44964409,0,13.3953247,0,0,246,0,0,0,0,,,,51
39815223,0.5,0,0,0,0,0.00805860758,0.297970891,0.297970891,15.9258718,0,8.57761478,8.44542122,0,13.3953247,0,0,246,0,0,0,0,,,,51
39816353,0.5,0,0,0,0,0.00805860758,0.297970891,0.297970891,15.9304171,0,8.57158756,8.44330978,0,13.3953247,0,0,246,0,0,0,0,,,,51
39817485,0.5,0,0,0,0,0.0161172152,0.297970891,0.297970891,15.9304171,0,8.568573,8.43908691,0,13.4024725,0,0,246,0,0,0,0,,,,51
39818614,0.5,1,0,0,0.00805860758,0,0.297970891,0.297970891,15.9304171,0,8.568573,8.44542122,0,13.3881769,0,0,246,0,0,0,0,,,,51
39819741,0.5,0,0,0,0,0.00805860758,0.297970891,0.297970891,15.9304171,0,8.58062935,8.45386696,0,13.3953247,0,0,246,0,0,0,0,,,,51
39820871,0.5,0,0,0,0,0.0161172152,0.297970891,0.297970891,15.9304171,0,8.58062935,8.43908691,0,13.4024725,0,0,246,0,0,0,0,,,,51
39821998,0.5,0,0,0,0,0.00805860758,0.297970891,0.297970891,15.9304171,0,8.58062935,8.44964409,0,13.3953247,0,0,246,0,0,0,0,,,,51
39823128,0.5,0,0,0,0,0.00805860758,0.297970891,0.297970891,15.9304171,0,8.58967113,8.44119835,0,13.3953247,0,0,246,0,0,0,0,,,,51
39824260,0.5,0,0,0,0,0,0.297970891,0.297970891,15.9349623,0,8.55350399,8.43275356,0,13.3953247,0,0,246,0,0,0,0,,,,51
39825389,0.5,0,0,0,0,0.00805860758,0.297970891,0.297970891,15.9304171,0,8.568573,8.44964409,0,13.3953247,0,0,246,0,0,0,0,,,,51
39826516,0.5,0.5,0,0,0.00805860758,0.00805860758,0.297970891,0.297970891,15.9349623,0,8.55048943,8.44119835,0,13.3953247,0,0,246,0,0,0,0,,,,51
39827646,0.5,0,0,0,0,0.0161172152,0.297970891,0.297970891,15.9304171,0,8.56555939,8.44330978,0,13.3953247,0,0,246,0,0,0,0,,,,51
39828773,0.5,0.333333343,0,0,0.00805860758,0.0161172152,0.297970891,0.297970891,15.9349623,0,8.56555939,8.44119835,0,13.3953247,0,0,246,0,0,0,0,,,,51
39829907,0.5,0,0,0,0,0.00805860758,0.297970891,0.297970891,15.9304171,0,8.59268475,8.44542122,0,13.3953247,0,0,246,0,0,0,0,,,,51
39831034,0.5,0,0,0,0,0.00805860758,0.297970891,0.297970891,15.9304171,0,8.57460117,8.44964409,0,13.3881769,0,0,246,0,0,0,0,,,,51
39832368,0.5,0,0,0,0,0,0.297970891,0.297970891,15.9304171,0,8.55953121,8.44119835,0,13.3881769,0,0,246,0,0,0,0,,,,51
39833495,0.5,0,0,0,0,0,0.297970891,0.297970891,15.9304171,0,8.57460117,8.44119835,0,13.4024725,0,0,246,0,0,0,0,,,,51
39834625,0.5,0,0,0,0,0,0.297970891,0.297970891,15.9304171,0,8.58062935,8.45175552,0,13.3881769,0,0,246,0,0,0,0,,,,51
39835752,0.5,0,0,0,0,0.00805860758,0.297970891,0.297970891,15.9304171,0,8.568573,8.44119835,0,13.3953247,0,0,246,0,0,0,0,,,,51
39836887,0.5,0,0,0,0,0,0.297970891,0.297970891,15.9304171,0,8.57158756,8.44542122,0,13.3953247,0,0,246,0,0,0,0,,,,51
39838014,0.5,0,0,0,0,0.0161172152,0.297970891,0.297970891,15.9304171,0,8.58062935,8.44542122,0,13.3953247,0,0,246,0,0,0,0,,,,51
39839144,0.5,0.5,0,0,0.00805860758,0.00805860758,0.297970891,0.297970891,15.9349623,0,8.57460117,8.44119835,0,13.3953247,0,0,246,0,0,0,0,,,,51
39840271,0.5,0,0,0,0,0.00805860758,0.297970891,0.297970891,15.9304171,0,8.57460117,8.44330978,0,13.3953247,0,0,246,0,0,0,0,,,,51
39841400,0.5,1,0,0,0.00805860758,0,0.297970891,0.297970891,15.9304171,0,8.59569836,8.45597839,0,13.4024725,0,0,246,0,0,0,0,,,,51
39842532,0.5,0,0,0,0,0.00805860758,0.297970891,0.297970891,15.9304171,0,8.55048943,8.44119835,0,13.3953247,0,0,246,0,0,0,0,,,,51
39843662,0.5,1,0,0,0.00805860758,0,0.297970891,0.297970891,15.9349623,0,8.59268475,8.44119835,0,13.3953247,0,0,246,0,0,0,0,,,,51
39844789,0.5,0,0,0,0,0,0.297970891,0.297970891,15.9304171,0,8.57761478,8.44330978,0,13.3953247,0,0,246,0,0,0,0,,,,51
39845919,0.5,0,0,0,0,0,0.297970891,0.297970891,15.9304171,0,8.55953121,8.43908691,0,13.3953247,0,0,246,0,0,0,0,,,,51
39847046,0.5,0,0,0,0,0.00805860758,0.297970891,0.297970891,15.9349623,0,8.5444622,8.44964409,0,13.3738813,0,0,246,0,0,0,0,,,,51
39848175,0.5,1,0,0,0.00805860758,0,0.297970891,0.297970891,15.9304171,0,8.58062935,8.45386696,0,13.3953247,0,0,246,0,0,0,0,,,,51
39849307,0.5,0,0,0,0,0,0.297970891,0.297970891,15.9304171,0,8.55953121,8.44119835,0,13.3953247,0,0,246,0,0,0,0,,,,51
39850437,0.5,0,0,0,0,0,0.297970891,0.297970891,15.9349623,0,8.54747581,8.44964409,0,13.3953247,0,0,246,0,0,0,0,,,,51
39851564,0.5,0,0,0,0,0,0.297970891,0.297970891,15.9304171,0,8.568573,8.45386696,0,13.3953247,0,0,246,0,0,0,0,,,,51
39852898,0.5,0,0,0,0,0.00805860758,0.297970891,0.297970891,15.9304171,0,8.57460117,8.44753265,0,13.3953247,0,0,246,0,0,0,0,,,,51
39854024,0.5,0.5,0,0,0.00805860758,0.00805860758,0.297970891,0.297970891,15.9304171,0,8.55350399,8.44542122,0,13.3881769,0,0,246,0,0,0,0,,,,51
39855159,0.5,0,0,0,0,0,0.297970891,0.297970891,15.9304171,0,8.54747581,8.44542122,0,13.3953247,0,0,246,0,0,0,0,,,,51
39856285,0.5,0,0,0,0,0,0.297970891,0.297970891,15.9349623,0,8.59871292,8.43275356,0,13.3953247,0,0,246,0,0,0,0,,,,51
39857415,0.5,1,0,0,0.00805860758,0,0.297970891,0.297970891,15.9349623,0,8.58967113,8.43908691,0,13.3953247,0,0,246,0,0,0,0,,,,51
39858542,0.5,1,0,0,0.00805860758,0,0.297970891,0.297970891,15.9304171,0,8.568573,8.44542122,0,13.3953247,0,0,246,0,0,0,0,,,,51
39859672,0.5,0,0,0,0,0.00805860758,0.297970891,0.297970891,15.9304171,0,8.58967113,8.45175552,0,13.3953247,0,0,246,0,0,0,0,,,,51
39860799,0.5,0.5,0,0,0.00805860758,0.00805860758,0.297970891,0.297970891,15.9349623,0,8.5565176,8.44542122,0,13.3953247,0,0,246,0,0,0,0,,,,51
39861934,0.5,0,0,0,0,0.00805860758,0.297970891,0.297970891,15.9304171,0,8.568573,8.43697548,0,13.3953247,0,0,246,0,0,0,0,,,,51
39863060,0.5,0,0,0,0,0,0.297970891,0.297970891,15.9349623,0,8.57158756,8.44330978,0,13.3810291,0,0,246,0,0,0,0,,,,51
39864190,0.5,0.5,0,0,0.00805860758,0.00805860758,0.297970891,0.297970891,15.9304171,0,8.55048943,8.44964409,0,13.3881769,0,0,246,0,0,0,0,,,,51
39865317,0.5,0,0,0,0,0,0.297970891,0.297970891,15.9349623,0,8.57761478,8.45386696,0,13.3953247,0,0,246,0,0,0,0,,,,51
39866447,0.5,0,0,0,0,0.00805860758,0.297970891,0.297970891,15.9304171,0,8.55350399,8.43697548,0,13.3953247,0,0,246,0,0,0,0,,,,51
39867574,0.5,0,0,0,0,0,0.297970891,0.297970891,15.9304171,0,8.56555939,8.43908691,0,13.3953247,0,0,246,0,0,0,0,,,,51
39868708,0.5,0,0,0,0,0,0.297970891,0.297970891,15.9304171,0,8.5444622,8.44753265,0,13.3953247,0,0,246,0,0,0,0,,,,51
39869835,0.5,0.5,0,0,0.00805860758,0.00805860758,0.297970891,0.297970891,15.9304171,0,8.568573,8.44964409,0,13.3953247,0,0,246,0,0,0,0,,,,51
39870965,0.5,0,0,0,0,0.00805860758,0.297970891,0.297970891,15.9304171,0,8.56254578,8.44330978,0,13.3953247,0,0,246,0,0,0,0,,,,51
39872092,0.5,0,0,0,0,0.00805860758,0.297970891,0.297970891,15.9304171,0,8.568573,8.42641926,0,13.3953247,0,0,246,0,0,0,0,,,,51
39873221,0.5,0,0,0,0,0.00805860758,0.297970891,0.297970891,15.9349623,0,8.57761478,8.43697548,0,13.4024725,0,0,246,0,0,0,0,,,,51
39874557,0.5,1,0,0,0.00805860758,0,0.297970891,0.297970891,15.9395075,0,8.58062935,8.44964409,0,13.3953247,0,0,246,0,0,0,0,,,,51
39875687,0.5,0.5,0,0,0.00805860758,0.00805860758,0.297970891,0.297970891,15.9304171,0,8.57158756,8.44330978,0,13.3953247,0,0,246,0,0,0,0,,,,51
39876814,0.5,1,0,0,0.00805860758,0,0.297970891,0.297970891,15.9304171,0,8.5565176,8.44964409,0,13.3953247,0,0,246,0,0,0,0,,,,51
39877944,0.5,0,0,0,0,0.00805860758,0.297970891,0.297970891,15.9304171,0,8.54747581,8.44119835,0,13.3953247,0,0,246,0,0,0,0,,,,51
39879071,0.5,0,0,0,0,0,0.297970891,0.297970891,15.9349623,0,8.57761478,8.44542122,0,13.3810291,0,0,246,0,0,0,0,,,,51
39880200,0.5,0,0,0,0,0,0.297970891,0.297970891,15.9304171,0,8.5565176,8.44542122,0,13.3953247,0,0,246,0,0,0,0,,,,51
39881332,0.5,0,0,0,0,0,0.297970891,0.297970891,15.9304171,0,8.56254578,8.44542122,0,13.3953247,0,0,246,0,0,0,0,,,,51
39882462,0.5,1,0,0,0.00805860758,0,0.297970891,0.297970891,15.9349623,0,8.568573,8.45175552,0,13.3953247,0,0,246,0,0,0,0,,,,51
39883588,0.5,0.5,0,0,0.00805860758,0.00805860758,0.297970891,0.297970891,15.9304171,0,8.55350399,8.44330978,0,13.4024725,0,0,246,0,0,0,0,,,,51
39884719,0.5,0,0,0,0,0,0.297970891,0.297970891,15.9304171,0,8.58665657,8.44119835,0,13.3953247,0,0,246,0,0,0,0,,,,51
39885845,0.5,0,0,0,0,0,0.297970891,0.297970891,15.9304171,0,8.55048943,8.44753265,0,13.3953247,0,0,246,0,0,0,0,,,,51
39886980,0.5,0,0,0,0,0,0.297970891,0.297970891,15.9304171,0,8.5565176,8.43064213,0,13.3953247,0,0,246,0,0,0,0,,,,51
39888107,0.5,0,0,0,0,0,0.297970891,0.297970891,15.9304171,0,8.59871292,8.44542122,0,13.3953247,0,0,246,0,0,0,0,,,,51
39889237,0.5,1,0,0,0.00805860758,0,0.297970891,0.297970891,15.9258718,0,8.58967113,8.44753265,0,13.3953247,0,0,246,0,0,0,0,,,,51
39890363,0.5,0,0,0,0,0,0.297970891,0.297970891,15.9304171,0,8.55350399,8.45597839,0,13.3953247,0,0,246,0,0,0,0,,,,51
39891493,0.5,1,0,0,0.00805860758,0,0.297970891,0.297970891,15.9349623,0,8.57761478,8.44330978,0,13.3953247,0,0,246,0,0,0,0,,,,51
39892620,0.5,1,0,0,0.00805860758,0,0.297970891,0.297970891,15.9304171,0,8.5565176,8.44119835,0,13.3953247,0,0,246,0,0,0,0,,,,51
39893755,0.5,0.5,0,0,0.00805860758,0.00805860758,0.297970891,0.297970891,15.9304171,0,8.55953121,8.44542122,0,13.3953247,0,0,246,0,0,0,0,,,,51
39895086,0.5,1,0,0,0.00805860758,0,0.297970891,0.297970891,15.9304171,0,8.58665657,8.43908691,0,13.3953247,0,0,246,0,0,0,0,,,,51
39896215,0.5,1,0,0,0.0161172152,0,0.297970891,0.297970891,15.9304171,0,8.568573,8.44542122,0,13.3953247,0,0,246,0,0,0,0,,,,51
39897342,0.5,1,0,0,0.00805860758,0,0.297970891,0.297970891,15.9304171,0,8.57761478,8.44542122,0,13.3953247,0,0,246,0,0,0,0,,,,51
39898472,0.5,0.5,0,0,0.00805860758,0.00805860758,0.297970891,0.297970891,15.9304171,0,8.5444622,8.44330978,0,13.3953247,0,0,246,0,0,0,0,,,,51
39899604,0.5,0,0,0,0,0,0.297970891,0.297970891,15.9304171,0,8.57158756,8.44119835,0,13.3953247,0,0,246,0,0,0,0,,,,51
39900734,0.5,0.5,0,0,0.00805860758,0.00805860758,0.297970891,0.297970891,15.9304171,0,8.58665657,8.43064213,0,13.4024725,0,0,246,0,0,0,0,,,,51
39901861,0.5,0,0,0,0,0.00805860758,0.297970891,0.297970891,15.9258718,0,8.57158756,8.45175552,0,13.3953247,0,0,246,0,0,0,0,,,,51
39902990,0.5,0,0,0,0,0,0.297970891,0.297970891,15.9349623,0,8.57761478,8.43697548,0,13.3881769,0,0,246,0,0,0,0,,,,51
39904117,0.5,0,0,0,0,0.00805860758,0.297970891,0.297970891,15.9304171,0,8.58665657,8.44330978,0,13.4024725,0,0,246,0,0,0,0,,,,51
39905247,0.5,0,0,0,0,0.00805860758,0.297970891,0.297970891,15.9304171,0,8.55953121,8.44964409,0,13.3881769,0,0,246,0,0,0,0,,,,51
39906379,0.5,0,0,0,0,0.00805860758,0.297970891,0.297970891,15.9304171,0,8.568573,8.44330978,0,13.3953247,0,0,246,0,0,0,0,,,,51
39907508,0.5,0,0,0,0,0.00805860758,0.297970891,0.297970891,15.9304171,0,8.57460117,8.44542122,0,13.3953247,0,0,246,0,0,0,0,,,,51
39908635,0.5,0,0,0,0,0.0161172152,0.297970891,0.297970891,15.9349623,0,8.56555939,8.43275356,0,13.3953247,0,0,246,0,0,0,0,,,,51
39909765,0.5,1,0,0,0.00805860758,0,0.297970891,0.297970891,15.9304171,0,8.5565176,8.44119835,0,13.3953247,0,0,246,0,0,0,0,,,,51
39910892,0.5,0,0,0,0,0.00805860758,0.297970891,0.297970891,15.9304171,0,8.56555939,8.44542122,0,13.3953247,0,0,246,0,0,0,0,,,,51
39912022,0.5,0,0,0,0,0.00805860758,0.297970891,0.297970891,15.9304171,0,8.55048943,8.44542122,0,13.3881769,0,0,246,0,0,0,0,,,,51
39913153,0.5,0.5,0,0,0.00805860758,0.00805860758,0.297970891,0.297970891,15.9304171,0,8.57158756,8.45386696,0,13.3953247,0,0,246,0,0,0,0,,,,51
39914283,0.5,1,0,0,0.00805860758,0,0.297970891,0.297970891,15.9349623,0,8.5444622,8.44119835,0,13.3953247,0,0,246,0,0,0,0,,,,51
39915410,0.5,0,0,0,0,0.0161172152,0.297970891,0.297970891,15.9304171,0,8.58062935,8.44330978,0,13.3953247,0,0,246,0,0,0,0,,,,51
39916744,0.5,0,0,0,0,0.00805860758,0.297970891,0.297970891,15.9304171,0,8.55350399,8.44119835,0,13.3881769,0,0,246,0,0,0,0,,,,51
39917870,0.5,0,0,0,0,0,0.297970891,0.297970891,15.9258718,0,8.55048943,8.45386696,0,13.3953247,0,0,246,0,0,0,0,,,,51
39919005,0.5,1,0,0,0.00805860758,0,0.297970891,0.297970891,15.9304171,0,8.56555939,8.45175552,0,13.3953247,0,0,246,0,0,0,0,,,,51
39920132,0.5,0.5,0,0,0.00805860758,0.00805860758,0.297970891,0.297970891,15.9304171,0,8.57460117,8.44964409,0,13.3881769,0,0,246,0,0,0,0,,,,51
39921262,0.5,0,0,0,0,0.00805860758,0.297970891,0.297970891,15.9304171,0,8.57460117,8.43908691,0,13.3953247,0,0,246,0,0,0,0,,,,51
39922388,0.5,0,0,0,0,0,0.297970891,0.297970891,15.9349623,0,8.58364296,8.44542122,0,13.3953247,0,0,246,0,0,0,0,,,,51
39923518,0.5,0.5,0,0,0.00805860758,0.00805860758,0.297970891,0.297970891,15.9304171,0,8.568573,8.44542122,0,13.3953247,0,0,246,0,0,0,0,,,,51
39924645,0.5,1,0,0,0.00805860758,0,0.297970891,0.297970891,15.9304171,0,8.56555939,8.43275356,0,13.3953247,0,0,246,0,0,0,0,,,,51
39925780,0.5,0,0,0,0,0,0.297970891,0.297970891,15.9349623,0,8.568573,8.45175552,0,13.3953247,0,0,246,0,0,0,0,,,,51
39926907,0.5,0,0,0,0,0.00805860758,0.297970891,0.297970891,15.9349623,0,8.5444622,8.45808983,0,13.3953247,0,0,246,0,0,0,0,,,,51
39928037,0.5,0,0,0,0,0.00805860758,0.297970891,0.297970891,15.9304171,0,8.57460117,8.44330978,0,13.3810291,0,0,246,0,0,0,0,,,,51
39929163,0.5,0,0,0,0,0.00805860758,0.297970891,0.297970891,15.9304171,0,8.5565176,8.43697548,0,13.3953247,0,0,246,0,0,0,0,,,,51
39930293,0.5,0,0,0,0,0.00805860758,0.297970891,0.297970891,15.9349623,0,8.58364296,8.44119835,0,13.3953247,0,0,246,0,0,0,0,,,,51
39931425,0.5,0,0,0,0,0,0.297970891,0.297970891,15.9304171,0,8.57761478,8.43486404,0,13.3953247,0,0,246,0,0,0,0,,,,51
39932554,0.5,0,0,0,0,0,0.297970891,0.297970891,15.9349623,0,8.568573,8.44964409,0,13.3953247,0,0,246,0,0,0,0,,,,51
39933681,0.5,0.5,0,0,0.00805860758,0.00805860758,0.297970891,0.297970891,15.9349623,0,8.55350399,8.45386696,0,13.3953247,0,0,246,0,0,0,0,,,,51
39934811,0.5,0,0,0,0,0.00805860758,0.297970891,0.297970891,15.9304171,0,8.56254578,8.44542122,0,13.3953247,0,0,246,0,0,0,0,,,,51
39935938,0.5,0,0,0,0,0.00805860758,0.297970891,0.297970891,15.9304171,0,8.59268475,8.45175552,0,13.3953247,0,0,246,0,0,0,0,,,,51
39937272,0.5,0,0,0,0,0.00805860758,0.297970891,0.297970891,15.9304171,0,8.55953121,8.44964409,0,13.3953247,0,0,246,0,0,0,0,,,,51
39938403,0.5,0.5,0,0,0.00805860758,0.00805860758,0.297970891,0.297970891,15.9304171,0,8.55350399,8.45175552,0,13.3953247,0,0,246,0,0,0,0,,,,51
39939533,0.5,1,0,0,0.00805860758,0,0.297970891,0.297970891,15.9349623,0,8.54747581,8.44753265,0,13.3953247,0,0,246,0,0,0,0,,,,51
39940660,0.5,1,0,0,0.00805860758,0,0.297970891,0.297970891,15.9304171,0,8.56254578,8.44119835,0,13.3953247,0,0,246,0,0,0,0,,,,51
39941790,0.5,0,0,0,0,0,0.297970891,0.297970891,15.9304171,0,8.568573,8.43697548,0,13.3953247,0,0,246,0,0,0,0,,,,51
39942917,0.5,0,0,0,0,0.00805860758,0.297970891,0.297970891,15.9258718,0,8.56254578,8.43697548,0,13.3881769,0,0,246,0,0,0,0,,,,51
39944052,0.5,0.5,0,0,0.00805860758,0.00805860758,0.297970891,0.297970891,15.9304171,0,8.58665657,8.43697548,0,13.3810291,0,0,246,0,0,0,0,,,,51
39945178,0.5,0,0,0,0,0.00805860758,0.297970891,0.297970891,15.9304171,0,8.57158756,8.43064213,0,13.3953247,0,0,246,0,0,0,0,,,,51
39946308,0.5,0,0,0,0,0,0.297970891,0.297970891,15.9349623,0,8.58967113,8.44119835,0,13.3953247,0,0,246,0,0,0,0,,,,51
39947435,0.5,0,0,0,0,0,0.297970891,0.297970891,15.9349623,0,8.56555939,8.45175552,0,13.3881769,0,0,246,0,0,0,0,,,,51
39948564,0.5,0.5,0,0,0.00805860758,0.00805860758,0.297970891,0.297970891,15.9304171,0,8.58364296,8.44964409,0,13.3953247,0,0,246,0,0,0,0,,,,51
39949692,0.5,0,0,0,0,0.00805860758,0.297970891,0.297970891,15.9304171,0,8.5444622,8.43697548,0,13.3953247,0,0,246,0,0,0,0,,,,51
39950826,0.5,0,0,0,0,0.00805860758,0.297970891,0.297970891,15.9304171,0,8.58364296,8.44119835,0,13.3953247,0,0,246,0,0,0,0,,,,51
39951953,0.5,0,0,0,0,0.00805860758,0.297970891,0.297970891,15.9304171,0,8.58062935,8.44542122,0,13.4024725,0,0,246,0,0,0,0,,,,51
39953083,0.5,0,0,0,0,0.00805860758,0.297970891,0.297970891,15.9304171,0,8.59268475,8.43908691,0,13.3667326,0,0,246,0,0,0,0,,,,51
39954209,0.5,0.5,0,0,0.00805860758,0.00805860758,0.297970891,0.297970891,15.9304171,0,8.57761478,8.44330978,0,13.3953247,0,0,246,0,0,0,0,,,,51
39955339,0.5,0,0,0,0,0.00805860758,0.297970891,0.297970891,15.9304171,0,8.57158756,8.44542122,0,13.3953247,0,0,246,0,0,0,0,,,,51
39956466,0.5,0,0,0,0,0.00805860758,0.297970891,0.297970891,15.9304171,0,8.54144764,8.45175552,0,13.3953247,0,0,246,0,0,0,0,,,,51
39957805,0.5,0,0,0,0,0.00805860758,0.297970891,0.297970891,15.9304171,0,8.56555939,8.44753265,0,13.3953247,0,0,246,0,0,0,0,,,,51
39958931,0.5,0,0,0,0,0.00805860758,0.297970891,0.297970891,15.9304171,0,8.568573,8.43908691,0,13.3953247,0,0,246,0,0,0,0,,,,51
39960061,0.5,0,0,0,0,0.00805860758,0.297970891,0.297970891,15.9304171,0,8.57761478,8.43908691,0,13.3810291,0,0,246,0,0,0,0,,,,51
39961188,0.5,0,0,0,0,0.00805860758,0.297970891,0.297970891,15.9349623,0,8.58967113,8.43486404,0,13.3953247,0,0,246,0,0,0,0,,,,51
39962318,0.5,0,0,0,0,0.00805860758,0.297970891,0.297970891,15.9349623,0,8.58665657,8.45175552,0,13.3953247,0,0,246,0,0,0,0,,,,51
39963449,0.5,0,0,0,0,0.00805860758,0.297970891,0.297970891,15.9304171,0,8.5565176,8.43275356,0,13.3881769,0,0,246,0,0,0,0,,,,51
39964579,0.5,0,0,0,0,0.00805860758,0.297970891,0.297970891,15.9349623,0,8.5565176,8.45175552,0,13.3953247,0,0,246,0,0,0,0,,,,51
39965706,0.5,0.5,0,0,0.00805860758,0.00805860758,0.297970891,0.297970891,15.9304171,0,8.55953121,8.44964409,0,13.3953247,0,0,246,0,0,0,0,,,,51
39966836,0.5,0.5,0,0,0.00805860758,0.00805860758,0.297970891,0.297970891,15.9304171,0,8.568573,8.43908691,0,13.3881769,0,0,246,0,0,0,0,,,,51
39967963,0.5,0,0,0,0,0.00805860758,0.297970891,0.297970891,15.9304171,0,8.58364296,8.44964409,0,13.3953247,0,0,246,0,0,0,0,,,,51
39969093,0.5,0,0,0,0,0,0.297970891,0.297970891,15.9304171,0,8.57761478,8.45597839,0,13.3953247,0,0,246,0,0,0,0,,,,51
39970225,0.5,1,0,0,0.00805860758,0,0.297970891,0.297970891,15.9349623,0,8.5565176,8.44119835,0,13.3881769,0,0,246,0,0,0,0,,,,51
39971354,0.5,0,0,0,0,0,0.297970891,0.297970891,15.9304171,0,8.55953121,8.45175552,0,13.3953247,0,0,246,0,0,0,0,,,,51
39972481,0.5,0,0,0,0,0.00805860758,0.297970891,0.297970891,15.9304171,0,8.58967113,8.43697548,0,13.3953247,0,0,246,0,0,0,0,,,,51
39973611,0.5,0,0,0,0,0.00805860758,0.297970891,0.297970891,15.9304171,0,8.55048943,8.43908691,0,13.3953247,0,0,246,0,0,0,0,,,,51
39974738,0.5,0,0,0,0,0.00805860758,0.297970891,0.297970891,15.9349623,0,8.58967113,8.44542122,0,13.3953247,0,0,246,0,0,0,0,,,,51
39975873,0.5,0,0,0,0,0.00805860758,0.297970891,0.297970891,15.9304171,0,8.58364296,8.44964409,0,13.3953247,0,0,246,0,0,0,0,,,,51
39977000,0.5,0,0,0,0,0.00805860758,0.297970891,0.297970891,15.9304171,0,8.58062935,8.44542122,0,13.3953247,0,0,246,0,0,0,0,,,,51
39978129,0.5,0,0,0,0,0.00805860758,0.297970891,0.297970891,15.9304171,0,8.56555939,8.44330978,0,13.3953247,0,0,246,0,0,0,0,,,,51
39979460,0.5,0.5,0,0,0.00805860758,0.00805860758,0.297970891,0.297970891,15.9304171,0,8.58062935,8.43908691,0,13.3953247,0,0,246,0,0,0,0,,,,51
39980590,0.5,0,0,0,0,0,0.297970891,0.297970891,15.9349623,0,8.57460117,8.45175552,0,13.3953247,0,0,246,0,0,0,0,,,,51
39981717,0.5,0.5,0,0,0.00805860758,0.00805860758,0.297970891,0.297970891,15.9304171,0,8.59268475,8.43908691,0,13.3953247,0,0,246,0,0,0,0,,,,51
39982852,0.5,0,0,0,0,0.00805860758,0.297970891,0.297970891,15.9304171,0,8.58364296,8.43697548,0,13.3953247,0,0,246,0,0,0,0,,,,51
39983979,0.5,0,0,0,0,0,0.297970891,0.297970891,15.9304171,0,8.59268475,8.43908691,0,13.3953247,0,0,246,0,0,0,0,,,,51
39985109,0.5,0,0,0,0,0.00805860758,0.297970891,0.297970891,15.9304171,0,8.58364296,8.43908691,0,13.3953247,0,0,246,0,0,0,0,,,,51
39986235,0.5,0,0,0,0,0.00805860758,0.297970891,0.297970891,15.9258718,0,8.58364296,8.44753265,0,13.3953247,0,0,246,0,0,0,0,,,,51
39987365,0.5,0.5,0,0,0.00805860758,0.00805860758,0.297970891,0.297970891,15.9304171,0,8.54747581,8.44330978,0,13.3953247,0,0,246,0,0,0,0,,,,51
39988497,0.5,0,0,0,0,0.00805860758,0.297970891,0.297970891,15.9304171,0,8.568573,8.44753265,0,13.3953247,0,0,246,0,0,0,0,,,,51
39989626,0.5,0,0,0,0,0,0.297970891,0.297970891,15.9304171,0,8.56555939,8.44330978,0,13.3881769,0,0,246,0,0,0,0,,,,51
39990754,0.5,0,0,0,0,0,0.297970891,0.297970891,15.9304171,0,8.57158756,8.44964409,0,13.3953247,0,0,246,0,0,0,0,,,,51
39991884,0.5,0,0,0,0,0.00805860758,0.297970891,0.297970891,15.9304171,0,8.58062935,8.44119835,0,13.4024725,0,0,246,0,0,0,0,,,,51
39993010,0.5,0,0,0,0,0.00805860758,0.297970891,0.297970891,15.9304171,0,8.57761478,8.44330978,0,13.3953247,0,0,246,0,0,0,0,,,,51
39994140,0.5,0,0,0,0,0.00805860758,0.297970891,0.297970891,15.9349623,0,8.58665657,8.44542122,0,13.3953247,0,0,246,0,0,0,0,,,,51
39995272,0.5,0,0,0,0,0.00805860758,0.297970891,0.297970891,15.9304171,0,8.56555939,8.44119835,0,13.3881769,0,0,246,0,0,0,0,,,,51
39996402,0.5,0.5,0,0,0.00805860758,0.00805860758,0.297970891,0.297970891,15.9304171,0,8.58665657,8.45175552,0,13.3953247,0,0,246,0,0,0,0,,,,51
39997529,0.5,1,0,0,0.00805860758,0,0.297970891,0.297970891,15.9304171,0,8.56254578,8.44542122,0,13.4024725,0,0,246,0,0,0,0,,,,51
39998659,0.5,0,0,0,0,0,0.297970891,0.297970891,15.9304171,0,8.57158756,8.44753265,0,13.3953247,0,0,246,0,0,0,0,,,,51
39999990,0.5,0,0,0,0,0,0.297970891,0.297970891,15.9304171,0,8.59268475,8.44542122,0,13.3953247,0,0,246,0,0,0,0,,,,51
40001124,0.5,1,0,0,0.00805860758,0,0.297970891,0.297970891,15.9304171,0,8.54144764,8.44119835,0,13.3953247,0,0,246,0,0,0,0,,,,51
40002251,0.5,0,0,0,0,0,0.297970891,0.297970891,15.9304171,0,8.57158756,8.44330978,0,13.3953247,0,0,246,0,0,0,0,,,,51
40003380,0.5,1,0,0,0.00805860758,0,0.297970891,0.297970891,15.9304171,0,8.55048943,8.44330978,0,13.3953247,0,0,246,0,0,0,0,,,,51
40004508,0.5,0,0,0,0,0.00805860758,0.297970891,0.297970891,15.9349623,0,8.54747581,8.44330978,0,13.3953247,0,0,246,0,0,0,0,,,,51
40005637,0.5,0.5,0,0,0.00805860758,0.00805860758,0.297970891,0.297970891,15.9304171,0,8.55953121,8.43697548,0,13.3953247,0,0,246,0,0,0,0,,,,51
40006764,0.5,1,0,0,0.00805860758,0,0.297970891,0.297970891,15.9304171,0,8.55953121,8.44542122,0,13.3953247,0,0,246,0,0,0,0,,,,51
40007899,0.5,0,0,0,0,0,0.297970891,0.297970891,15.9349623,0,8.54747581,8.44964409,0,13.3953247,0,0,246,0,0,0,0,,,,51
40009026,0.5,0,0,0,0,0.00805860758,0.297970891,0.297970891,15.9349623,0,8.568573,8.43275356,0,13.3881769,0,0,246,0,0,0,0,,,,51
40010155,0.5,0,0,0,0,0.0161172152,0.297970891,0.297970891,15.9304171,0,8.56254578,8.44542122,0,13.3953247,0,0,246,0,0,0,0,,,,51
40011282,0.5,0,0,0,0,0,0.297970891,0.297970891,15.9349623,0,8.55953121,8.44119835,0,13.4024725,0,0,246,0,0,0,0,,,,51
40012412,0.5,0,0,0,0,0.00805860758,0.297970891,0.297970891,15.9304171,0,8.59268475,8.45175552,0,13.3953247,0,0,246,0,0,0,0,,,,51
40013539,0.5,0,0,0,0,0.00805860758,0.297970891,0.297970891,15.9304171,0,8.56555939,8.44542122,0,13.3953247,0,0,246,0,0,0,0,,,,51
40014673,0.5,0,0,0,0,0.00805860758,0.297970891,0.297970891,15.9304171,0,8.57761478,8.43486404,0,13.3953247,0,0,246,0,0,0,0,,,,51
40015801,0.5,1,0,0,0.00805860758,0,0.297970891,0.297970891,15.9304171,0,8.568573,8.44330978,0,13.3953247,0,0,246,0,0,0,0,,,,51
40016930,0.5,0,0,0,0,0,0.297970891,0.297970891,15.9304171,0,8.58062935,8.43697548,0,13.3953247,0,0,246,0,0,0,0,,,,51
40018057,0.5,0,0,0,0,0.0161172152,0.297970891,0.297970891,15.9349623,0,8.56555939,8.44330978,0,13.3810291,0,0,246,0,0,0,0,,,,51
40019187,0.5,0,0,0,0,0,0.297970891,0.297970891,15.9349623,0,8.54747581,8.44964409,0,13.3953247,0,0,246,0,0,0,0,,,,51
40020319,0.5,0.5,0,0,0.00805860758,0.00805860758,0.297970891,0.297970891,15.9349623,0,8.568573,8.44753265,0,13.3953247,0,0,246,0,0,0,0,,,,51
40021653,0.5,0,0,0,0,0.00805860758,0.297970891,0.297970891,15.9304171,0,8.57761478,8.44753265,0,13.3881769,0,0,246,0,0,0,0,,,,51
40022780,0.5,0,0,0,0,0,0.297970891,0.297970891,15.9349623,0,8.56555939,8.44119835,0,13.3953247,0,0,246,0,0,0,0,,,,51
40023909,0.5,0,0,0,0,0.00805860758,0.297970891,0.297970891,15.9304171,0,8.568573,8.43486404,0,13.3953247,0,0,246,0,0,0,0,,,,51
40025036,0.5,0,0,0,0,0.00805860758,0.297970891,0.297970891,15.9349623,0,8.57460117,8.44330978,0,13.3881769,0,0,246,0,0,0,0,,,,51
40026166,0.5,0,0,0,0,0.00805860758,0.297970891,0.297970891,15.9304171,0,8.55953121,8.43697548,0,13.3953247,0,0,246,0,0,0,0,,,,51
40027297,0.5,0,0,0,0,0.00805860758,0.297970891,0.297970891,15.9349623,0,8.568573,8.44964409,0,13.3953247,0,0,246,0,0,0,0,,,,51
40028427,0.5,0,0,0,0,0.00805860758,0.297970891,0.297970891,15.9304171,0,8.568573,8.44119835,0,13.3953247,0,0,246,0,0,0,0,,,,51
40029554,0.5,0,0,0,0,0.00805860758,0.297970891,0.297970891,15.9304171,0,8.57158756,8.43486404,0,13.3953247,0,0,246,0,0,0,0,,,,51
40030684,0.5,0,0,0,0,0.00805860758,0.297970891,0.297970891,15.9349623,0,8.55953121,8.44119835,0,13.4024725,0,0,246,0,0,0,0,,,,51
40031811,0.5,1,0,0,0.00805860758,0,0.297970891,0.297970891,15.9349623,0,8.55048943,8.44330978,0,13.3953247,0,0,246,0,0,0,0,,,,51
40032946,0.5,0,0,0,0,0,0.297970891,0.297970891,15.9349623,0,8.568573,8.45386696,0,13.3953247,0,0,246,0,0,0,0,,,,51
40034073,0.5,0,0,0,0,0.00805860758,0.297970891,0.297970891,15.9349623,0,8.58062935,8.43697548,0,13.3810291,0,0,246,0,0,0,0,,,,51
40035208,0.5,1,0.5,0,0.00805860758,0,0.297970891,0.297970891,15.9304171,0.852370679,8.57460117,8.44753265,0,13.3953247,0.852370679,0.5,246,0,0,0,0,,,,51
40036334,0.5,1,0.5,0,0.00805860758,0,0.297970891,0.297970891,15.9304171,0.852370679,8.55953121,8.44542122,0,13.3953247,0.852370679,0.5,246,0,0,0,0,,,,51
40037465,0.5,0.666666687,0.5,0,0.0161172152,0.00805860758,0.297970891,0.297970891,15.9304171,3.47487497,8.58665657,8.43908691,0,13.3953247,3.47487497,0.999999881,246,0,0,0,0,,,,51
40038592,0.5,0,0.5,0,0,0,0.297970891,0.297970891,15.9349623,3.47487497,8.57158756,8.43275356,0,13.3953247,3.47487497,0.999999881,246,0,0,0,0,,,,51
40039728,0.5,0.5,0.5,0,0.0161172152,0.0161172152,0.297970891,0.297970891,15.9349623,7.41026926,8.58062935,8.43697548,0,13.3953247,7.41026926,1.49999964,246,0,0,0,0,,,,51
40040855,0.5,0.25,0.5,0,0.00805860758,0.0241758227,0.297970891,0.297970891,15.9304171,7.41026926,8.56555939,8.42853069,0,13.3953247,7.41026926,1.49999964,246,0,0,0,0,,,,51
40042224,0.5,0.5,0.5,0,0.056410253,0.056410253,0.297970891,0.297970891,15.9304171,11.8235273,8.51733685,8.4074173,0,13.3881769,11.8235273,1.9999994,246,0,0,0,0,,,,51
40043385,0.5,0.4375,0.5,0,0.056410253,0.0725274682,0.297970891,0.297970891,15.9258718,11.8235273,8.48418331,8.40319443,0,13.3881769,11.8235273,1.9999994,246,0,0,0,0,,,,51
40044550,0.5,0.545454562,0.5,0,0.145054936,0.120879114,0.297970891,0.297970891,15.9258718,12,8.46007252,8.37785816,0,13.3881769,16.2236118,0.0224317759,246,0,0,0,0,,,,51
40045715,0.5,0.541666687,0.5,0,0.209523797,0.177289367,0.297970891,0.297970891,15.9167824,12,8.38773823,8.35674477,0,13.3810291,16.2236118,0.0224317759,246,0,0,0,0,,,,51
40046881,0.5,0.528301895,0.5,0,0.225641012,0.201465189,0.297970891,0.297970891,15.907692,7.34461641,8.36965466,8.35041046,0,13.3810291,7.34461641,0.52243191,246,0,0,0,0,,,,51
40048041,0.5,0.532258093,0.5,0,0.26593405,0.23369962,0.297970891,0.297970891,15.907692,7.34461641,8.36664104,8.33774185,0,13.3881769,7.34461641,0.52243191,246,0,0,0,0,,,,51
40049206,0.5,0.441176474,0.5,0,0.120879114,0.153113544,0.297970891,0.297970891,15.9304171,4.54036236,8.63487911,8.44119835,0,13.3953247,4.54036236,1.02243197,246,0,0,0,0,,,,51
40050367,0.5,0.54838711,0.5,0,0.136996329,0.112820506,0.297970891,0.297970891,15.9304171,4.54036236,8.49623966,8.39897156,0,13.3953247,4.54036236,1.02243197,246,0,0,0,0,,,,51
40051532,0.5,0.476190478,0.5,0,0.0805860758,0.0886446834,0.297970891,0.297970891,15.9304171,5.41622639,8.51130867,8.4074173,0,13.3953247,5.41622639,1.52243185,246,0,0,0,0,,,,51
40052698,0.5,0.555555582,0.5,0,0.0805860758,0.0644688606,0.297970891,0.297970891,15.9258718,5.41622639,8.54747581,8.41163921,0,13.3881769,5.41622639,1.52243185,246,0,0,0,0,,,,51
40053863,0.5,0.473684222,0.5,0,0.0725274682,0.0805860758,0.297970891,0.297970891,15.9258718,8.27638721,8.52336502,8.40108299,0,13.3953247,8.27638721,2.02243185,246,0,0,0,0,,,,51
40055024,0.5,0.476190478,0.5,0,0.0805860758,0.0886446834,0.297970891,0.297970891,15.9258718,8.27638721,8.4811697,8.40108299,0,13.3953247,8.27638721,2.02243185,246,0,0,0,0,,,,51
40056189,0.5,0.5,0.5,0,0.120879114,0.120879114,0.297970891,0.297970891,15.9258718,12,8.44801617,8.39686012,0,13.3881769,12.0675144,2.48282766,246,0,0,0,0,,,,51
40057349,0.5,0.517241359,0.5,0,0.120879114,0.112820506,0.297970891,0.297970891,15.9258718,12,8.42390537,8.39263725,0,13.3881769,12.0675144,2.48282766,246,0,0,0,0,,,,51
40058514,0.5,0.472222209,0.5,0,0.136996329,0.153113544,0.297970891,0.297970891,15.9213276,12,8.47212791,8.37785816,0,13.3881769,15.9345646,0.674814939,246,0,0,0,0,,,,51
40059680,0.5,0.545454562,0.5,0,0.193406582,0.161172152,0.297970891,0.297970891,15.9258718,12,8.43294716,8.38630295,0,13.3881769,15.9345646,0.674814939,246,0,0,0,0,,,,51
40060845,0.5,0.523809552,0.5,0,0.177289367,0.161172152,0.297970891,0.297970891,15.9213276,7.70389366,8.45103073,8.37363529,0,13.3953247,7.70389366,1.17481506,246,0,0,0,0,,,,51
40062005,0.5,0.551020384,0.5,0,0.217582405,0.177289367,0.297970891,0.297970891,15.9167824,7.70389366,8.43897438,8.36730099,0,13.3881769,7.70389366,1.17481506,246,0,0,0,0,,,,51
40063374,0.5,0.571428597,0.5,0,0.128937721,0.0967032909,0.297970891,0.297970891,15.9258718,5.28445578,8.47815609,8.39897156,0,13.3953247,5.28445578,1.67481518,246,0,0,0,0,,,,51
40064535,0.5,0.518518507,0.5,0,0.112820506,0.104761899,0.297970891,0.297970891,15.9304171,5.28445578,8.51432323,8.40319443,0,13.3953247,5.28445578,1.67481518,246,0,0,0,0,,,,51
40065705,0.5,0.625,0.5,0,0.0805860758,0.0483516455,0.297970891,0.297970891,15.9304171,6.36606169,8.5444622,8.42430782,0,13.3953247,6.36606169,2.17481518,246,0,0,0,0,,,,51
40066865,0.5,0.600000024,0.5,0,0.0483516455,0.0322344303,0.297970891,0.297970891,15.9304171,6.36606169,8.55048943,8.42641926,0,13.3953247,6.36606169,2.17481518,246,0,0,0,0,,,,51
40068031,0.5,0.545454562,0.5,0,0.0483516455,0.0402930379,0.297970891,0.297970891,15.9258718,9.32006454,8.54144764,8.42641926,0,13.3881769,9.32006454,2.67481494,246,0,0,0,0,,,,51
40069158,0.5,0.555555582,0.5,0,0.0402930379,0.0322344303,0.297970891,0.297970891,15.9304171,9.32006454,8.52336502,8.42008495,0,13.3953247,9.32006454,2.67481494,246,0,0,0,0,,,,51
40070323,0.5,0.5,0.5,0,0.0644688606,0.0644688606,0.297970891,0.297970891,15.9304171,12,8.50226688,8.40530586,0,13.3953247,13.1363993,2.50820374,246,0,0,0,0,,,,51
40071484,0.5,0.473684222,0.5,0,0.0725274682,0.0805860758,0.297970891,0.297970891,15.9258718,12,8.45404434,8.39686012,0,13.3953247,13.1363993,2.50820374,246,0,0,0,0,,,,51
40072654,0.5,0.529411793,0.5,0,0.145054936,0.128937721,0.297970891,0.297970891,15.9258718,12,8.41486359,8.37574673,0,13.3881769,13.699996,2.01098728,246,0,0,0,0,,,,51
40073815,0.5,0.536585391,0.5,0,0.177289367,0.153113544,0.297970891,0.297970891,15.9213276,12,8.36965466,8.37363529,0,13.3881769,13.699996,2.01098728,246,0,0,0,0,,,,51
40074980,0.5,0.577777803,0.5,0,0.209523797,0.153113544,0.297970891,0.297970891,15.9167824,10.6620064,8.38472462,8.37152386,0,13.3810291,10.6620064,2.51098728,246,0,0,0,0,,,,51
40076140,0.5,0.568627477,0.5,0,0.23369962,0.177289367,0.297970891,0.297970891,15.9167824,10.6620064,8.40280819,8.36941242,0,13.3881769,10.6620064,2.51098728,246,0,0,0,0,,,,51
40077305,0.5,0.577777803,0.5,0,0.209523797,0.153113544,0.297970891,0.297970891,15.9213276,11.0397549,8.4058218,8.36941242,0,13.3881769,11.0397549,3.01098704,246,0,0,0,0,,,,51
40078471,0.5,0.53191489,0.5,0,0.201465189,0.177289367,0.297970891,0.297970891,15.9213276,11.0397549,8.39979362,8.37574673,0,13.3881769,11.0397549,3.01098704,246,0,0,0,0,,,,51
40079636,0.5,0.534883738,0.5,0,0.185347974,0.161172152,0.297970891,0.297970891,15.9213276,12,8.42691898,8.36307812,0,13.3881769,13.3431683,2.72308517,246,0,0,0,0,,,,51
40080797,0.5,0.550000012,0.5,0,0.177289367,0.145054936,0.297970891,0.297970891,15.9213276,12,8.40280819,8.37574673,0,13.3881769,13.3431683,2.72308517,246,0,0,0,0,,,,51
40081962,0.5,0.454545468,0.5,0,0.161172152,0.193406582,0.297970891,0.297970891,15.9213276,12,8.43897438,8.39052582,0,13.3810291,12.4411678,2.96429634,246,0,0,0,0,,,,51
40083123,0.5,0.555555582,0.5,0,0.201465189,0.161172152,0.297970891,0.297970891,15.9213276,12,8.42993259,8.37363529,0,13.3953247,12.4411678,2.96429634,246,0,0,0,0,,,,51
40084492,0.5,0.581395328,0.5,0,0.201465189,0.145054936,0.297970891,0.297970891,15.9167824,12,8.42089176,8.36518955,0,13.3881769,12.565093,3.13281298,246,0,0,0,0,,,,51
40085658,0.5,0.565217376,0.5,0,0.209523797,0.161172152,0.297970891,0.297970891,15.9213276,12,8.44500256,8.36941242,0,13.3881769,12.565093,3.13281298,246,0,0,0,0,,,,51
40086823,0.5,0.620000005,0.5,0,0.249816835,0.153113544,0.297970891,0.297970891,15.9167824,12,8.39979362,8.36941242,0,13.3881769,12.9050751,3.10189652,246,0,0,0,0,,,,51
40087984,0.5,0.533333361,0.5,0,0.193406582,0.169230759,0.297970891,0.297970891,15.9213276,12,8.41184998,8.37152386,0,13.3881769,12.9050751,3.10189652,246,0,0,0,0,,,,51
40089149,0.5,0.48888889,0.5,0,0.177289367,0.185347974,0.297970891,0.297970891,15.9167824,12,8.42691898,8.36307812,0,13.3881769,12.2992592,3.42635131,246,0,0,0,0,,,,51
40090310,0.5,0.555555582,0.5,0,0.201465189,0.161172152,0.297970891,0.297970891,15.9213276,12,8.42691898,8.37574673,0,13.3881769,12.2992592,3.42635131,246,0,0,0,0,,,,51
40091479,0.5,0.568181813,0.5,0,0.201465189,0.153113544,0.297970891,0.297970891,15.9167824,12,8.44198895,8.37363529,0,13.3881769,13.0703697,3.29847312,246,0,0,0,0,,,,51
40092640,0.5,0.536585391,0.5,0,0.177289367,0.153113544,0.297970891,0.297970891,15.9213276,12,8.44500256,8.37363529,0,13.3881769,13.0703697,3.29847312,246,0,0,0,0,,,,51
40093805,0.5,0.541666687,0.5,0,0.209523797,0.177289367,0.297970891,0.297970891,15.9167824,12,8.42993259,8.37363529,0,13.3881769,12.2100735,3.67524433,246,0,0,0,0,,,,51
40094966,0.5,0.534883738,0.5,0,0.185347974,0.161172152,0.297970891,0.297970891,15.9167824,12,8.43897438,8.37574673,0,13.3881769,12.2100735,3.67524433,246,0,0,0,0,,,,51
40096131,0.5,0.565217376,0.5,0,0.209523797,0.161172152,0.297970891,0.297970891,15.9167824,12,8.42993259,8.36730099,0,13.3881769,13.1312571,3.51164961,246,0,0,0,0,,,,51
40097292,0.5,0.522727251,0.5,0,0.185347974,0.169230759,0.297970891,0.297970891,15.9122372,12,8.40280819,8.37363529,0,13.3881769,13.1312571,3.51164961,246,0,0,0,0,,,,51
40098462,0.5,0.53061223,0.5,0,0.209523797,0.185347974,0.297970891,0.297970891,15.9167824,12,8.41486359,8.36730099,0,13.3881769,12.1822605,3.9047358,246,0,0,0,0,,,,51
40099623,0.5,0.549019635,0.5,0,0.225641012,0.185347974,0.297970891,0.297970891,15.9167824,12,8.4178772,8.37152386,0,13.3881769,12.1822605,3.9047358,246,0,0,0,0,,,,51
40100788,0.5,0.579999983,0.5,0,0.23369962,0.169230759,0.297970891,0.297970891,15.9167824,12,8.41486359,8.36730099,0,13.3881769,13.1556654,3.72682357,246,0,0,0,0,,,,51
40101949,0.5,0.551020384,0.5,0,0.217582405,0.177289367,0.297970891,0.297970891,15.9167824,12,8.41486359,8.36730099,0,13.3881769,13.1556654,3.72682357,246,0,0,0,0,,,,51
40103114,0.5,0.568181813,0.5,0,0.201465189,0.153113544,0.297970891,0.297970891,15.9167824,12,8.39075184,8.36941242,0,13.3595848,12.1757202,4.1237464,246,0,0,0,0,,,,51
40104275,0.5,0.5625,0.5,0,0.217582405,0.169230759,0.297970891,0.297970891,15.9167824,12,8.42993259,8.37152386,0,13.3881769,12.1757202,4.1237464,246,0,0,0,0,,,,51
40105649,0.5,0.520833313,0.5,0,0.201465189,0.185347974,0.297970891,0.297970891,15.9167824,12,8.41184998,8.36730099,0,13.3881769,13.1672649,3.93902969,246,0,0,0,0,,,,51
40106810,0.5,0.537037015,0.5,0,0.23369962,0.201465189,0.297970891,0.297970891,15.9167824,12,8.40280819,8.36941242,0,13.3810291,13.1672649,3.93902969,246,0,0,0,0,,,,51
40107974,0.5,0.529411793,0.5,0,0.217582405,0.193406582,0.297970891,0.297970891,15.9122372,12,8.40883541,8.36307812,0,13.3881769,12.1764889,4.33550119,246,0,0,0,0,,,,51
40109135,0.5,0.553191483,0.5,0,0.209523797,0.169230759,0.297970891,0.297970891,15.9122372,12,8.41184998,8.35674477,0,13.3881769,12.1764889,4.33550119,246,0,0,0,0,,,,51
40110300,0.5,0.528301895,0.5,0,0.225641012,0.201465189,0.297970891,0.297970891,15.9122372,12,8.39979362,8.36096668,0,13.3881769,13.174305,4.14665461,246,0,0,0,0,,,,51
40111466,0.5,0.540000021,0.5,0,0.217582405,0.185347974,0.297970891,0.297970891,15.9167824,12,8.40280819,8.36307812,0,13.3881769,13.174305,4.14665461,246,0,0,0,0,,,,51
40112631,0.5,0.528301895,0.5,0,0.225641012,0.201465189,0.297970891,0.297970891,15.9167824,12,8.42089176,8.36307812,0,13.3881769,12.1797075,4.54123831,246,0,0,0,0,,,,51
40113791,0.5,0.557692289,0.5,0,0.23369962,0.185347974,0.297970891,0.297970891,15.9122372,12,8.41486359,8.36518955,0,13.3810291,12.1797075,4.54123831,246,0,0,0,0,,,,51
40114957,0.5,0.5625,0.5,0,0.217582405,0.169230759,0.297970891,0.297970891,15.9167824,12,8.4058218,8.36941242,0,13.3881769,13.1796618,4.34924984,246,0,0,0,0,,,,51
40116117,0.5,0.568627477,0.5,0,0.23369962,0.177289367,0.297970891,0.297970891,15.9122372,12,8.39979362,8.36307812,0,13.3881769,13.1796618,4.34924984,246,46533,0,0,0,,,,51
40117282,0.5,0.549019635,0.5,0,0.225641012,0.185347974,0.297970891,0.297970891,15.9167824,12,8.4058218,8.36518955,0,13.3881769,12.1836863,4.7414999,246,46533,0,0,0,,,,51
40118448,0.5,0.557692289,0.5,0,0.23369962,0.185347974,0.297970891,0.297970891,15.9167824,12,8.41184998,8.36096668,0,13.3881769,12.1836863,4.7414999,246,46533,0,0,0,,,,51
40119613,0.5,0.551020384,0.5,0,0.217582405,0.177289367,0.297970891,0.297970891,15.9167824,12,8.38773823,8.36730099,0,13.3881769,13.1843405,4.54676676,246,46533,0,0,0,,,,51
40120774,0.5,0.511627913,0.5,0,0.177289367,0.169230759,0.297970891,0.297970891,15.9167824,12,8.43294716,8.37363529,0,13.3953247,13.1843405,4.54676676,246,46533,0,0,0,,,,51
40121939,0.5,0.53191489,0.5,0,0.201465189,0.177289367,0.297970891,0.297970891,15.9167824,12,8.42993259,8.36941242,0,13.3881769,12.1878376,4.93658113,246,46533,0,0,0,,,,51
40123100,0.5,0.540000021,0.5,0,0.217582405,0.185347974,0.297970891,0.297970891,15.9167824,12,8.4178772,8.36730099,0,13.3667326,12.1878376,4.93658113,246,46533,0,0,0,,,,51
40124269,0.5,0.57407409,0.5,0,0.249816835,0.185347974,0.297970891,0.297970891,15.9167824,12,8.42089176,8.36730099,0,13.3881769,13.188693,4.73929501,246,46533,0,0,0,,,,51
40125430,0.5,0.553191483,0.5,0,0.209523797,0.169230759,0.297970891,0.297970891,15.9122372,12,8.4058218,8.36307812,0,13.3881769,13.188693,4.73929501,246,46533,0,0,0,,,,51
40126799,0.5,0.489361703,0.5,0,0.185347974,0.193406582,0.297970891,0.297970891,15.9122372,12,8.4058218,8.35885525,0,13.3810291,12.1919622,5.12668991,246,46533,0,0,0,,,,51
40127960,0.5,0.538461566,0.5,0,0.225641012,0.193406582,0.297970891,0.297970891,15.9122372,12,8.39075184,8.36096668,0,13.3881769,12.1919622,5.12668991,246,46533,0,0,0,,,,51
40129125,0.5,0.551724136,0.5,0,0.257875443,0.209523797,0.297970891,0.297970891,15.9122372,12,8.38171005,8.35674477,0,13.3810291,13.1928463,4.92696714,246,46533,0,0,0,,,,51
40130286,0.5,0.526315808,0.5,0,0.241758227,0.217582405,0.297970891,0.297970891,15.9122372,12,8.38773823,8.35885525,0,13.3810291,13.1928463,4.92696714,246,46533,0,0,0,,,,51
40131456,0.5,0.571428597,0.5,0,0.257875443,0.193406582,0.297970891,0.297970891,15.907692,12,8.38472462,8.36518955,0,13.3881769,12.1959934,5.31199789,246,46533,0,0,0,,,,51
40132617,0.5,0.555555582,0.5,0,0.241758227,0.193406582,0.297970891,0.297970891,15.9122372,12,8.39678001,8.36096668,0,13.3810291,12.1959934,5.31199789,246,46533,0,0,0,,,,51
40133782,0.5,0.543859661,0.5,0,0.249816835,0.209523797,0.297970891,0.297970891,15.9122372,12,8.38773823,8.35674477,0,13.3810291,13.196846,5.10992908,246,46533,0,0,0,,,,51
40134943,0.5,0.543859661,0.5,0,0.249816835,0.209523797,0.297970891,0.297970891,15.9122372,12,8.4058218,8.35674477,0,13.3810291,13.196846,5.10992908,246,46533,0,0,0,,,,51
40136108,0.5,0.537037015,0.5,0,0.23369962,0.201465189,0.297970891,0.297970891,15.9122372,12,8.38773823,8.35463333,0,13.3667326,12.1999083,5.49266291,246,46533,0,0,0,,,,51
40137274,0.5,0.527272701,0.5,0,0.23369962,0.209523797,0.297970891,0.297970891,15.9122372,12,8.3937664,8.36096668,0,13.3810291,12.1999083,5.49266291,246,46533,0,0,0,,,,51
40138438,0.5,0.563636363,0.5,0,0.249816835,0.193406582,0.297970891,0.297970891,15.9122372,12,8.38472462,8.35885525,0,13.3810291,13.2007122,5.28832626,246,46533,0,0,0,,,,51
40139599,0.5,0.545454562,0.5,0,0.241758227,0.201465189,0.297970891,0.297970891,15.9122372,12,8.38773823,8.36096668,0,13.3881769,13.2007122,5.28832626,246,46533,0,0,0,,,,51
40140764,0.5,0.57407409,0.5,0,0.249816835,0.185347974,0.297970891,0.297970891,15.9122372,12,8.4058218,8.36096668,0,13.3881769,12.2037039,5.66883373,246,46533,0,0,0,,,,51
40141925,0.5,0.528301895,0.5,0,0.225641012,0.201465189,0.297970891,0.297970891,15.9122372,12,8.39678001,8.35463333,0,13.3881769,12.2037039,5.66883373,246,41516,0,0,0,,,,51
40143090,0.5,0.538461566,0.5,0,0.225641012,0.193406582,0.297970891,0.297970891,15.9122372,12,8.38472462,8.3525219,0,13.3810291,13.2044525,5.46230316,246,41516,0,0,0,,,,51
40144256,0.5,0.535714269,0.5,0,0.241758227,0.209523797,0.297970891,0.297970891,15.9122372,12,8.39075184,8.35674477,0,13.3810291,13.2044525,5.46230316,246,41516,0,0,0,,,,51
40145421,0.5,0.545454562,0.5,0,0.241758227,0.201465189,0.297970891,0.297970891,15.9122372,12,8.39075184,8.35885525,0,13.3881769,12.2073803,5.8406539,246,41516,0,0,0,,,,51
40146582,0.5,0.545454562,0.5,0,0.241758227,0.201465189,0.297970891,0.297970891,15.9122372,12,8.40280819,8.35041046,0,13.3881769,12.2073803,5.8406539,246,41516,0,0,0,,,,51
40147951,0.5,0.545454562,0.5,0,0.241758227,0.201465189,0.297970891,0.297970891,15.9122372,12,8.37266827,8.35463333,0,13.3881769,13.2080736,5.63199902,246,41516,0,0,0,,,,51
40149112,0.5,0.542372882,0.5,0,0.257875443,0.217582405,0.297970891,0.297970891,15.907692,12,8.37568283,8.3525219,0,13.3595848,13.2080736,5.63199902,246,41516,0,0,0,,,,51
40150282,0.5,0.553571403,0.5,0,0.249816835,0.201465189,0.297970891,0.297970891,15.907692,12,8.38171005,8.34618759,0,13.3810291,12.2109413,6.0082612,246,41516,0,0,0,,,,51
40151443,0.5,0.542372882,0.5,0,0.257875443,0.217582405,0.297970891,0.297970891,15.907692,12,8.37568283,8.3525219,0,13.3810291,12.2109413,6.0082612,246,41516,0,0,0,,,,51
40152608,0.5,0.542372882,0.5,0,0.257875443,0.217582405,0.297970891,0.297970891,15.907692,12,8.39075184,8.35674477,0,13.3810291,13.2115793,5.79754925,246,41516,0,0,0,,,,51
40153769,0.5,0.526315808,0.5,0,0.241758227,0.217582405,0.297970891,0.297970891,15.907692,12,8.39075184,8.34618759,0,13.3881769,13.2115793,5.79754925,246,41516,0,0,0,,,,51
40154934,0.5,0.535714269,0.5,0,0.241758227,0.209523797,0.297970891,0.297970891,15.9122372,12,8.39075184,8.35885525,0,13.3810291,12.2143888,6.17178917,246,41516,0,0,0,,,,51
40156094,0.5,0.535714269,0.5,0,0.241758227,0.209523797,0.297970891,0.297970891,15.907692,12,8.39075184,8.35674477,0,13.3667326,12.2143888,6.17178917,246,41516,0,0,0,,,,51
40157264,0.5,0.516666651,0.5,0,0.249816835,0.23369962,0.297970891,0.297970891,15.9122372,12,8.38773823,8.35674477,0,13.3810291,13.2149744,5.95908594,246,41516,0,0,0,,,,51
40158425,0.5,0.532258093,0.5,0,0.26593405,0.23369962,0.297970891,0.297970891,15.907692,12,8.37568283,8.34829903,0,13.3810291,13.2149744,5.95908594,246,41516,0,0,0,,,,51
40159590,0.5,0.555555582,0.5,0,0.282051265,0.225641012,0.297970891,0.297970891,15.907692,12,8.35458469,8.34407616,0,13.3810291,12.2177277,6.33136702,246,41516,0,0,0,,,,51
40160751,0.5,0.550000012,0.5,0,0.26593405,0.217582405,0.297970891,0.297970891,15.907692,12,8.36362648,8.35041046,0,13.3810291,12.2177277,6.33136702,246,41516,0,0,0,,,,51
40161916,0.5,0.523809552,0.5,0,0.26593405,0.241758227,0.297970891,0.297970891,15.907692,12,8.35157108,8.34618759,0,13.3881769,13.2182617,6.11673546,246,41516,0,0,0,,,,51
40163077,0.5,0.53125,0.5,0,0.273992658,0.241758227,0.297970891,0.297970891,15.907692,12,8.37266827,8.34196472,0,13.3738813,13.2182617,6.11673546,246,41516,0,0,0,,,,51
40164246,0.5,0.542372882,0.5,0,0.257875443,0.217582405,0.297970891,0.297970891,15.907692,12,8.35759926,8.33985329,0,13.3810291,12.2209616,6.48711967,246,36520,0,0,0,,,,51
40165407,0.5,0.524590135,0.5,0,0.257875443,0.23369962,0.297970891,0.297970891,15.907692,12,8.36362648,8.35041046,0,13.3810291,12.2209616,6.48711967,246,36520,0,0,0,,,,51
40166572,0.5,0.534482777,0.5,0,0.249816835,0.217582405,0.297970891,0.297970891,15.907692,12,8.3937664,8.35463333,0,13.3810291,13.2214451,6.27062082,246,36520,0,0,0,,,,51
40167937,0.5,0.540983617,0.5,0,0.26593405,0.225641012,0.297970891,0.297970891,15.907692,12,8.35759926,8.35041046,0,13.3810291,13.2214451,6.27062082,246,36520,0,0,0,,,,51
40169102,0.5,0.539682567,0.5,0,0.273992658,0.23369962,0.297970891,0.297970891,15.9031467,12,8.36965466,8.34407616,0,13.3595848,12.2240915,6.63916922,246,36520,0,0,0,,,,51
40170267,0.5,0.542372882,0.5,0,0.257875443,0.217582405,0.297970891,0.297970891,15.907692,12,8.37568283,8.34618759,0,13.3810291,12.2240915,6.63916922,246,36520,0,0,0,,,,51
40171432,0.5,0.532258093,0.5,0,0.26593405,0.23369962,0.297970891,0.297970891,15.907692,12,8.36965466,8.3525219,0,13.3810291,13.2245283,6.42086172,246,36520,0,0,0,,,,51
40172593,0.5,0.54838711,0.5,0,0.273992658,0.225641012,0.297970891,0.297970891,15.907692,12,8.37568283,8.34829903,0,13.3810291,13.2245283,6.42086172,246,36520,0,0,0,,,,51
40173758,0.5,0.533333361,0.5,0,0.257875443,0.225641012,0.297970891,0.297970891,15.907692,12,8.37869644,8.35041046,0,13.3810291,12.2271233,6.78763151,246,36520,0,0,0,,,,51
40174919,0.5,0.525423706,0.5,0,0.249816835,0.225641012,0.297970891,0.297970891,15.907692,12,8.35759926,8.34618759,0,13.3881769,12.2271233,6.78763151,246,36520,0,0,0,,,,51
40176084,0.5,0.534482777,0.5,0,0.249816835,0.217582405,0.297970891,0.297970891,15.907692,12,8.38171005,8.34407616,0,13.3667326,13.2275133,6.56757355,246,36520,0,0,0,,,,51
40177250,0.5,0.533333361,0.5,0,0.257875443,0.225641012,0.297970891,0.297970891,15.9122372,12,8.37869644,8.3525219,0,13.3810291,13.2275133,6.56757355,246,36520,0,0,0,,,,51
40178415,0.5,0.533333361,0.5,0,0.257875443,0.225641012,0.297970891,0.297970891,15.907692,12,8.36965466,8.3525219,0,13.3810291,12.2300587,6.93262148,246,36520,0,0,0,,,,51
40179576,0.5,0.532258093,0.5,0,0.26593405,0.23369962,0.297970891,0.297970891,15.9122372,12,8.37266827,8.34196472,0,13.3881769,12.2300587,6.93262148,246,36520,0,0,0,,,,51
40180741,0.5,0.516666651,0.5,0,0.249816835,0.23369962,0.297970891,0.297970891,15.907692,12,8.38171005,8.33985329,0,13.3810291,13.2304039,6.71086788,246,36520,0,0,0,,,,51
40181902,0.5,0.543859661,0.5,0,0.249816835,0.209523797,0.297970891,0.297970891,15.907692,12,8.36965466,8.35885525,0,13.3810291,13.2304039,6.71086788,246,31772,0,0,0,,,,51
40183071,0.5,0.515625,0.5,0,0.26593405,0.249816835,0.297970891,0.297970891,15.907692,12,8.39678001,8.34196472,0,13.3810291,12.2329016,7.07424784,246,31772,0,0,0,,,,51
40184232,0.5,0.524590135,0.5,0,0.257875443,0.23369962,0.297970891,0.297970891,15.9122372,12,8.36362648,8.34829903,0,13.3810291,12.2329016,7.07424784,246,31772,0,0,0,,,,51
40185397,0.5,0.517241359,0.5,0,0.241758227,0.225641012,0.297970891,0.297970891,15.907692,12,8.39075184,8.35041046,0,13.3810291,13.2332029,6.85085249,246,31772,0,0,0,,,,51
40186558,0.5,0.539682567,0.5,0,0.273992658,0.23369962,0.297970891,0.297970891,15.907692,12,8.36965466,8.34407616,0,13.3810291,13.2332029,6.85085249,246,31772,0,0,0,,,,51
40187723,0.5,0.540983617,0.5,0,0.26593405,0.225641012,0.297970891,0.297970891,15.907692,12,8.33348751,8.3525219,0,13.3810291,12.2356539,7.21261787,246,31772,0,0,0,,,,51
40189087,0.5,0.540983617,0.5,0,0.26593405,0.225641012,0.297970891,0.297970891,15.9031467,12,8.36664104,8.34407616,0,13.3810291,12.2356539,7.21261787,246,31772,0,0,0,,,,51
40190257,0.5,0.552238822,0.5,0,0.29816848,0.241758227,0.297970891,0.297970891,15.9031467,12,8.35157108,8.34618759,0,13.3810291,13.2359133,6.98763227,246,31772,0,0,0,,,,51
40191418,0.5,0.539682567,0.5,0,0.273992658,0.23369962,0.297970891,0.297970891,15.9031467,12,8.36965466,8.34196472,0,13.3810291,13.2359133,6.98763227,246,31772,0,0,0,,,,51
40192583,0.5,0.538461566,0.5,0,0.282051265,0.241758227,0.297970891,0.297970891,15.9031467,12,8.36664104,8.34196472,0,13.3810291,12.2383194,7.34783459,246,31772,0,0,0,,,,51
40193744,0.5,0.545454562,0.5,0,0.290109873,0.241758227,0.297970891,0.297970891,15.9031467,12,8.38472462,8.34196472,0,13.3810291,12.2383194,7.34783459,246,31772,0,0,0,,,,51
40194909,0.5,0.546875,0.5,0,0.282051265,0.23369962,0.297970891,0.297970891,15.907692,12,8.37266827,8.34407616,0,13.3810291,13.2385378,7.1213088,246,31772,0,0,0,,,,51
40196074,0.5,0.546875,0.5,0,0.282051265,0.23369962,0.297970891,0.297970891,15.907692,12,8.3425293,8.34196472,0,13.3738813,13.2385378,7.1213088,246,31772,0,0,0,,,,51
40197239,0.5,0.523809552,0.5,0,0.26593405,0.241758227,0.297970891,0.297970891,15.8986015,12,8.36664104,8.33985329,0,13.3810291,12.240901,7.47999668,246,27763,0,0,0,,,,51
40198400,0.5,0.53125,0.5,0,0.273992658,0.241758227,0.297970891,0.297970891,15.9031467,12,8.36664104,8.33985329,0,13.3881769,12.240901,7.47999668,246,27763,0,0,0,,,,51
40199565,0.5,0.53125,0.5,0,0.273992658,0.241758227,0.297970891,0.297970891,15.9031467,12,8.36965466,8.34196472,0,13.3810291,13.2410803,7.2519803,246,27763,0,0,0,,,,51
40200726,0.5,0.54285717,0.5,0,0.306227088,0.257875443,0.297970891,0.297970891,15.9031467,12,8.36965466,8.33774185,0,13.3738813,13.2410803,7.2519803,246,27763,0,0,0,,,,51
40201891,0.5,0.530303001,0.5,0,0.282051265,0.249816835,0.297970891,0.297970891,15.9031467,12,8.34855747,8.33774185,0,13.3810291,12.2434006,7.60920191,246,27763,0,0,0,,,,51
40203057,0.5,0.515625,0.5,0,0.26593405,0.249816835,0.297970891,0.297970891,15.9031467,12,8.35458469,8.34196472,0,13.3667326,12.2434006,7.60920191,246,27763,0,0,0,,,,51
40204222,0.5,0.546875,0.5,0,0.282051265,0.23369962,0.297970891,0.297970891,15.9031467,12,8.3425293,8.34407616,0,13.3810291,13.2435417,7.37974167,246,27763,0,0,0,,,,51
40205383,0.5,0.538461566,0.5,0,0.282051265,0.241758227,0.297970891,0.297970891,15.907692,12,8.34554291,8.33985329,0,13.3810291,13.2435417,7.37974167,246,27763,0,0,0,,,,51
40206548,0.5,0.530303001,0.5,0,0.282051265,0.249816835,0.297970891,0.297970891,15.907692,12,8.36061287,8.34407616,0,13.3810291,12.245821,7.73554325,246,27763,0,0,0,,,,51
40207709,0.5,0.537313461,0.5,0,0.290109873,0.249816835,0.297970891,0.297970891,15.9031467,12,8.34554291,8.33563042,0,13.3738813,12.245821,7.73554325,246,27763,0,0,0,,,,51
40208874,0.5,0.536231875,0.5,0,0.29816848,0.257875443,0.297970891,0.297970891,15.9031467,12,8.35157108,8.33351898,0,13.3810291,13.2459259,7.50468445,246,27763,0,0,0,,,,51
40210243,0.5,0.547945201,0.5,0,0.322344303,0.26593405,0.297970891,0.297970891,15.9031467,12,8.34855747,8.3314085,0,13.3738813,13.2459259,7.50468445,246,27763,0,0,0,,,,51
40211409,0.5,0.563380301,0.5,0,0.322344303,0.249816835,0.297970891,0.297970891,15.8986015,12,8.33951569,8.32718563,0,13.3738813,12.2481651,7.85911131,246,24373,0,0,0,,,,51
40212569,0.5,0.540540516,0.5,0,0.322344303,0.273992658,0.297970891,0.297970891,15.9031467,12,8.33951569,8.32929707,0,13.3738813,12.2481651,7.85911131,246,24373,0,0,0,,,,51
40213734,0.5,0.521126747,0.5,0,0.29816848,0.273992658,0.297970891,0.297970891,15.8986015,12,8.35157108,8.33351898,0,13.3810291,13.2482338,7.62689829,246,24373,0,0,0,,,,51
40214895,0.5,0.514285743,0.5,0,0.290109873,0.273992658,0.297970891,0.297970891,15.9031467,12,8.36664104,8.33563042,0,13.3810291,13.2482338,7.62689829,246,24373,0,0,0,,,,51
40216065,0.5,0.522388041,0.5,0,0.282051265,0.257875443,0.297970891,0.297970891,15.8986015,12,8.36061287,8.33351898,0,13.3738813,12.2504349,7.97999334,246,24373,0,0,0,,,,51
40217226,0.5,0.528571427,0.5,0,0.29816848,0.26593405,0.297970891,0.297970891,15.8986015,12,8.33650112,8.33351898,0,13.3738813,12.2504349,7.97999334,246,24373,0,0,0,,,,51
40218391,0.5,0.527027011,0.5,0,0.314285696,0.282051265,0.297970891,0.297970891,15.8986015,12,8.3304739,8.32929707,0,13.3738813,13.2504692,7.74646902,246,24373,0,0,0,,,,51
40219551,0.5,0.541666687,0.5,0,0.314285696,0.26593405,0.297970891,0.297970891,15.8986015,12,8.35458469,8.3250742,0,13.3810291,13.2504692,7.74646902,246,24373,0,0,0,,,,51
40220717,0.5,0.529411793,0.5,0,0.290109873,0.257875443,0.297970891,0.297970891,15.8986015,12,8.3425293,8.3314085,0,13.3810291,12.2526331,8.09827518,246,24373,0,0,0,,,,51
40221878,0.5,0.54285717,0.5,0,0.306227088,0.257875443,0.297970891,0.297970891,15.9031467,12,8.34855747,8.33563042,0,13.3810291,12.2526331,8.09827518,246,24373,0,0,0,,,,51
40223048,0.5,0.529411793,0.5,0,0.290109873,0.257875443,0.297970891,0.297970891,15.9031467,12,8.3425293,8.33563042,0,13.3738813,13.252635,7.86348057,246,24373,0,0,0,,,,51
40224209,0.5,0.537313461,0.5,0,0.290109873,0.249816835,0.297970891,0.297970891,15.9031467,12,8.36362648,8.3314085,0,13.3810291,13.252635,7.86348057,246,21477,0,0,0,,,,51
40225374,0.5,0.535211265,0.5,0,0.306227088,0.26593405,0.297970891,0.297970891,15.8986015,12,8.35157108,8.3314085,0,13.3810291,12.2547626,8.2140379,246,21477,0,0,0,,,,51
40226534,0.5,0.520547926,0.5,0,0.306227088,0.282051265,0.297970891,0.297970891,15.8986015,12,8.35458469,8.33351898,0,13.3738813,12.2547626,8.2140379,246,21477,0,0,0,,,,51
40227700,0.5,0.535211265,0.5,0,0.306227088,0.26593405,0.297970891,0.297970891,15.9031467,12,8.33348751,8.3314085,0,13.3738813,13.2547312,7.97801304,246,21477,0,0,0,,,,51
40228865,0.5,0.521126747,0.5,0,0.29816848,0.273992658,0.297970891,0.297970891,15.9031467,12,8.34554291,8.3314085,0,13.3810291,13.2547312,7.97801304,246,21477,0,0,0,,,,51
40230030,0.5,0.54411763,0.5,0,0.29816848,0.249816835,0.297970891,0.297970891,15.9031467,12,8.35157108,8.33774185,0,13.3810291,12.2568235,8.32736111,246,21477,0,0,0,,,,51
40231395,0.5,0.522388041,0.5,0,0.282051265,0.257875443,0.297970891,0.297970891,15.9031467,12,8.35458469,8.33985329,0,13.3810291,12.2568235,8.32736111,246,21477,0,0,0,,,,51
40232560,0.5,0.537313461,0.5,0,0.290109873,0.249816835,0.297970891,0.297970891,15.9031467,12,8.34855747,8.33985329,0,13.3810291,13.2567616,8.09014511,246,21477,0,0,0,,,,51
40233721,0.5,0.529411793,0.5,0,0.290109873,0.257875443,0.297970891,0.297970891,15.9031467,12,8.35157108,8.33563042,0,13.3738813,13.2567616,8.09014511,246,21477,0,0,0,,,,51
40234886,0.5,0.537313461,0.5,0,0.290109873,0.249816835,0.297970891,0.297970891,15.9031467,12,8.33348751,8.3314085,0,13.3810291,12.2588205,8.43832207,246,21477,0,0,0,,,,51
40236052,0.5,0.528571427,0.5,0,0.29816848,0.26593405,0.297970891,0.297970891,15.9031467,12,8.34554291,8.3314085,0,13.3738813,12.2588205,8.43832207,246,19093,0,0,0,,,,51
40237217,0.5,0.529411793,0.5,0,0.290109873,0.257875443,0.297970891,0.297970891,15.9031467,12,8.35458469,8.33563042,0,13.3738813,13.258729,8.19995308,246,19093,0,0,0,,,,51
40238378,0.5,0.528571427,0.5,0,0.29816848,0.26593405,0.297970891,0.297970891,15.907692,12,8.35157108,8.33774185,0,13.3810291,13.258729,8.19995308,246,19093,0,0,0,,,,51
40239543,0.5,0.536231875,0.5,0,0.29816848,0.257875443,0.297970891,0.297970891,15.9031467,12,8.34855747,8.33351898,0,13.3738813,12.2607536,8.54699516,246,19093,0,0,0,,,,51
40240704,0.5,0.521126747,0.5,0,0.29816848,0.273992658,0.297970891,0.297970891,15.9031467,12,8.35458469,8.3250742,0,13.3738813,12.2607536,8.54699516,246,19093,0,0,0,,,,51
40241873,0.5,0.526315808,0.5,0,0.322344303,0.290109873,0.297970891,0.297970891,15.8986015,12,8.33951569,8.32718563,0,13.3810291,13.2606335,8.30750942,246,19093,0,0,0,,,,51
40243034,0.5,0.527027011,0.5,0,0.314285696,0.282051265,0.297970891,0.297970891,15.8986015,12,8.33348751,8.32718563,0,13.3738813,13.2606335,8.30750942,246,19093,0,0,0,,,,51
40244199,0.5,0.513157904,0.5,0,0.314285696,0.29816848,0.297970891,0.297970891,15.8986015,12,8.33348751,8.3314085,0,13.3738813,12.2626266,8.65345287,246,19093,0,0,0,,,,51
40245360,0.5,0.528571427,0.5,0,0.29816848,0.26593405,0.297970891,0.297970891,15.8986015,12,8.34554291,8.3250742,0,13.3738813,12.2626266,8.65345287,246,19093,0,0,0,,,,51
40246525,0.5,0.520547926,0.5,0,0.306227088,0.282051265,0.297970891,0.297970891,15.8986015,12,8.33951569,8.32085133,0,13.3738813,13.2624779,8.41288471,246,19093,0,0,0,,,,51
40247686,0.5,0.519480526,0.5,0,0.322344303,0.29816848,0.297970891,0.297970891,15.8940573,12,8.32745934,8.3250742,0,13.3738813,13.2624779,8.41288471,246,17128,0,0,0,,,,51
40248856,0.5,0.552631557,0.5,0,0.338461518,0.273992658,0.297970891,0.297970891,15.9031467,12,8.3425293,8.32085133,0,13.3810291,12.2644396,8.75776482,246,17128,0,0,0,,,,51
40250017,0.5,0.540540516,0.5,0,0.322344303,0.273992658,0.297970891,0.297970891,15.8986015,12,8.35458469,8.31029415,0,13.3738813,12.2644396,8.75776482,246,17128,0,0,0,,,,51
40251182,0.5,0.540540516,0.5,0,0.322344303,0.273992658,0.297970891,0.297970891,15.8986015,12,8.33650112,8.32296276,0,13.3810291,13.2642641,8.51614857,246,17128,0,0,0,,,,51
40252547,0.5,0.552631557,0.5,0,0.338461518,0.273992658,0.297970891,0.297970891,15.8986015,12,8.33951569,8.32296276,0,13.3738813,13.2642641,8.51614857,246,17128,0,0,0,,,,51
40253712,0.5,0.534246564,0.5,0,0.314285696,0.273992658,0.297970891,0.297970891,15.8986015,12,8.32143211,8.31873989,0,13.3738813,12.2661963,8.8599987,246,17128,0,0,0,,,,51
40254873,0.5,0.532467544,0.5,0,0.330402911,0.290109873,0.297970891,0.297970891,15.8986015,12,8.33348751,8.3250742,0,13.3738813,12.2661963,8.8599987,246,17128,0,0,0,,,,51
40256042,0.5,0.546666682,0.5,0,0.330402911,0.273992658,0.297970891,0.297970891,15.8940573,12,8.33650112,8.3250742,0,13.3738813,13.2659941,8.61736774,246,17128,0,0,0,,,,51
40257203,0.5,0.539473712,0.5,0,0.330402911,0.282051265,0.297970891,0.297970891,15.8986015,12,8.33951569,8.32718563,0,13.3667326,13.2659941,8.61736774,246,17128,0,0,0,,,,51
40258368,0.5,0.518987358,0.5,0,0.330402911,0.306227088,0.297970891,0.297970891,15.8940573,12,8.3304739,8.31873989,0,13.3810291,12.2678967,8.96021938,246,15452,0,0,0,,,,51
40259529,0.5,0.506172836,0.5,0,0.330402911,0.322344303,0.297970891,0.297970891,15.8940573,12,8.32444572,8.31240559,0,13.3738813,12.2678967,8.96021938,246,15452,0,0,0,,,,51
40260694,0.5,0.523255825,0.5,0,0.362637341,0.330402911,0.297970891,0.297970891,15.8940573,12,8.30636215,8.31451702,0,13.3738813,13.2676697,8.71660614,246,15452,0,0,0,,,,51
40261860,0.5,0.554216862,0.5,0,0.370695949,0.29816848,0.297970891,0.297970891,15.8986015,12,8.30636215,8.3250742,0,13.3738813,13.2676697,8.71660614,246,15452,0,0,0,,,,51
40263025,0.5,0.546666682,0.5,0,0.330402911,0.273992658,0.297970891,0.297970891,15.8940573,12,8.31540394,8.31029415,0,13.3810291,12.2695446,9.05849171,246,15452,0,0,0,,,,51
40264186,0.5,0.526315808,0.5,0,0.322344303,0.290109873,0.297970891,0.297970891,15.8986015,12,8.32745934,8.32929707,0,13.3810291,12.2695446,9.05849171,246,15452,0,0,0,,,,51
40265351,0.5,0.525641024,0.5,0,0.330402911,0.29816848,0.297970891,0.297970891,15.8986015,12,8.3304739,8.32929707,0,13.3738813,13.2692928,8.81392574,246,15452,0,0,0,,,,51
40266512,0.5,0.518518507,0.5,0,0.338461518,0.314285696,0.297970891,0.297970891,15.8986015,12,8.32143211,8.32296276,0,13.3738813,13.2692928,8.81392574,246,15452,0,0,0,,,,51
40267676,0.5,0.560000002,0.5,0,0.338461518,0.26593405,0.297970891,0.297970891,15.8940573,12,8.3304739,8.33351898,0,13.3810291,12.2711401,9.15487576,246,14116,0,0,0,,,,51
40268842,0.5,0.520547926,0.5,0,0.306227088,0.282051265,0.297970891,0.297970891,15.8986015,12,8.35157108,8.32718563,0,13.3738813,12.2711401,9.15487576,246,14116,0,0,0,,,,51
40270007,0.5,0.535211265,0.5,0,0.306227088,0.26593405,0.297970891,0.297970891,15.8986015,12,8.33348751,8.32085133,0,13.3738813,13.2708654,8.90938759,246,14116,0,0,0,,,,51
40271168,0.5,0.534246564,0.5,0,0.314285696,0.273992658,0.297970891,0.297970891,15.8986015,12,8.3304739,8.3250742,0,13.3738813,13.2708654,8.90938759,246,14116,0,0,0,,,,51
40272333,0.5,0.518987358,0.5,0,0.330402911,0.306227088,0.297970891,0.297970891,15.8986015,12,8.33650112,8.32085133,0,13.3738813,12.2726851,9.24943066,246,14116,0,0,0,,,,51
40273698,0.5,0.533333361,0.5,0,0.322344303,0.282051265,0.297970891,0.297970891,15.8986015,12,8.3304739,8.31873989,0,13.3738813,12.2726851,9.24943066,246,14116,0,0,0,,,,51
40274868,0.5,0.531645596,0.5,0,0.338461518,0.29816848,0.298363954,0.297578841,15.8986015,12,8.33348751,8.32718563,0,13.3810291,13.2723875,9.00304985,246,14116,0,0,0,,,,63
40276029,0.5,0.526315808,0.5,0,0.322344303,0.290109873,0.299491614,0.296465516,15.8986015,12,8.3425293,8.3250742,0,13.3810291,13.2723875,9.00304985,246,14116,0,0,0,,,,63
40277195,0.5,0.545454562,0.5,0,0.338461518,0.282051265,0.301291525,0.294722617,15.8986015,12,8.32745934,8.31451702,0,13.3738813,12.2741814,9.34221554,246,12927,0,0,0,,,,63
40278357,0.5,0.518987358,0.5,0,0.330402911,0.306227088,0.303396523,0.292735845,15.8895121,12,8.33348751,8.31662846,0,13.3738813,12.2741814,9.34221554,246,12927,0,0,0,,,,63
40279522,0.5,0.524390221,0.5,0,0.346520126,0.314285696,0.305314153,0.290972561,15.8986015,12,8.31841755,8.31873989,0,13.3810291,13.2738619,9.0949688,246,12927,0,0,0,,,,63
40280683,0.5,0.540540516,0.5,0,0.322344303,0.273992658,0.307288617,0.289201587,15.8986015,12,8.3425293,8.31873989,0,13.3810291,13.2738619,9.0949688,246,12927,0,0,0,,,,63
40281854,0.5,0.525641024,0.5,0,0.330402911,0.29816848,0.309506983,0.28726387,15.8986015,12,8.3304739,8.31451702,0,13.3738813,12.275631,9.43328476,246,12927,0,0,0,,,,63
40283015,0.5,0.524999976,0.5,0,0.338461518,0.306227088,0.311627418,0.285461068,15.8986015,12,8.33348751,8.31451702,0,13.3738813,12.275631,9.43328476,246,12927,0,0,0,,,,63
40284181,0.5,0.531645596,0.5,0,0.338461518,0.29816848,0.313680619,0.283759624,15.8940573,12,8.30937672,8.3314085,0,13.3810291,13.2752905,9.18520069,246,12927,0,0,0,,,,63
40285342,0.5,0.512820542,0.5,0,0.322344303,0.306227088,0.315613002,0.282196671,15.8940573,12,8.31239033,8.3250742,0,13.3738813,13.2752905,9.18520069,246,12927,0,0,0,,,,63
40286508,0.5,0.506024122,0.5,0,0.338461518,0.330402911,0.317033887,0.281070352,15.8940573,12,8.33348751,8.32085133,0,13.3738813,12.2770348,9.52269268,246,11963,0,0,0,,,,63
40287674,0.5,0.488095224,0.5,0,0.330402911,0.346520126,0.317686111,0.280559689,15.8940573,12,8.31239033,8.30184937,0,13.3738813,12.2770348,9.52269268,246,11963,0,0,0,,,,63
40288839,0.5,0.530120492,0.5,0,0.354578733,0.314285696,0.318160594,0.280190647,15.8895121,12,8.32143211,8.29340363,0,13.3667326,13.2766743,9.27379704,246,11963,0,0,0,,,,63
40290001,0.5,0.528735638,0.5,0,0.370695949,0.330402911,0.319359273,0.27926755,15.8940573,12,8.30334854,8.3039608,0,13.3667326,13.2766743,9.27379704,246,11963,0,0,0,,,,63
40291166,0.5,0.488372087,0.5,0,0.338461518,0.354578733,0.320599973,0.278325647,15.8940573,12,8.30937672,8.3039608,0,13.3738813,12.2783947,9.6104908,246,11963,0,0,0,,,,63
40292328,0.5,0.488095224,0.5,0,0.330402911,0.346520126,0.320887953,0.278108954,15.8940573,12,8.31540394,8.3039608,0,13.3738813,12.2783947,9.6104908,246,11963,0,0,0,,,,63
40293493,0.5,0.493975908,0.5,0,0.330402911,0.338461518,0.320547342,0.278365344,15.8940573,12,8.33650112,8.30184937,0,13.3738813,13.2780142,9.36080933,246,11963,0,0,0,,,,63
40294863,0.5,0.470588237,0.5,0,0.322344303,0.362637341,0.319764048,0.278958768,15.8895121,12,8.30636215,8.29551506,0,13.3667326,13.2780142,9.36080933,246,11189,0,0,0,,,,63
40296029,0.5,0.476744175,0.5,0,0.330402911,0.362637341,0.318392098,0.280011326,15.8940573,12,8.30937672,8.31662846,0,13.3667326,12.2797117,9.69673061,246,11189,0,0,0,,,,63
40297190,0.5,0.518987358,0.5,0,0.330402911,0.306227088,0.317337275,0.28083232,15.8940573,12,8.33951569,8.31451702,0,13.3738813,12.2797117,9.69673061,246,11189,0,0,0,,,,63
40298356,0.5,0.511904776,0.5,0,0.346520126,0.330402911,0.317329288,0.280838549,15.8940573,12,8.30937672,8.31662846,0,13.3738813,13.2793121,9.44628716,246,11189,0,0,0,,,,63
40299517,0.5,0.494117647,0.5,0,0.338461518,0.346520126,0.317664444,0.280576617,15.8940573,12,8.3304739,8.29340363,0,13.3738813,13.2793121,9.44628716,246,11189,0,0,0,,,,63
40300687,0.5,0.511904776,0.5,0,0.346520126,0.330402911,0.317917466,0.280379474,15.8986015,12,8.31841755,8.2976265,0,13.3738813,12.2809877,9.78146076,246,11189,0,0,0,,,,63
40301849,0.5,0.555555582,0.5,0,0.322344303,0.257875443,0.319035321,0.279515713,15.8986015,12,8.31841755,8.33774185,0,13.3738813,12.2809877,9.78146076,246,11189,0,0,0,,,,63
40303015,0.5,0.533333361,0.5,0,0.322344303,0.282051265,0.321361184,0.277754486,15.8940573,12,8.33650112,8.28495789,0,13.3810291,13.28057,9.53028011,246,10458,0,0,0,,,,63
40304177,0.5,0.541666687,0.5,0,0.314285696,0.26593405,0.324168593,0.275690883,15.8940573,12,8.32444572,8.3250742,0,13.3810291,13.28057,9.53028011,246,10458,0,0,0,,,,63
40305343,0.5,0.532467544,0.5,0,0.330402911,0.290109873,0.327076703,0.273621887,15.8986015,12,8.31841755,8.32085133,0.00714798551,13.3667326,12.2822227,9.86472797,246,10458,0,0,0,,,,63
40306504,0.5,0.464285702,0.5,0,0.314285696,0.362637341,0.328893334,0.272363365,15.8986015,12,8.33650112,8.28284645,0,13.3810291,12.2822227,9.86472797,246,10458,0,0,0,,,,63
40307674,0.5,0.526315808,0.5,0,0.322344303,0.290109873,0.329440147,0.271989524,15.8940573,12,8.3425293,8.29551506,0,13.3738813,13.2817879,9.61283302,246,10458,0,0,0,,,,63
40308836,0.5,0.47560975,0.5,0,0.314285696,0.346520126,0.32963258,0.271858484,15.8940573,12,8.3425293,8.29551506,0,13.3667326,13.2817879,9.61283302,246,10458,0,0,0,,,,63
40310001,0.5,0.5,0.5,0,0.330402911,0.330402911,0.329363823,0.272041559,15.8895121,12,8.32444572,8.28706932,0,13.3667326,12.2834196,9.94657993,246,10458,0,0,0,,,,63
40311163,0.5,0.477272719,0.5,0,0.338461518,0.370695949,0.32867977,0.272510022,15.8940573,12,8.30033493,8.28284645,0,13.3738813,12.2834196,9.94657993,246,10458,0,0,0,,,,63
40312328,0.5,0.482352942,0.5,0,0.330402911,0.354578733,0.327602178,0.273255229,15.8895121,12,8.30636215,8.29973793,0,13.3667326,13.2829676,9.69399166,246,9892,0,0,0,,,,63
40313490,0.5,0.482352942,0.5,0,0.330402911,0.354578733,0.326275349,0.27418524,15.8940573,12,8.31841755,8.2976265,0,13.3738813,13.2829676,9.69399166,246,9892,0,0,0,,,,63
40314864,0.5,0.494382024,0.5,0,0.354578733,0.362637341,0.325092494,0.275026172,15.8849669,12,8.30937672,8.28706932,0,13.3667326,12.2845793,10.0270586,246,9892,0,0,0,,,,63
40316025,0.5,0.481012672,0.5,0,0.306227088,0.330402911,0.32405135,0.27577576,15.8895121,12,8.29732037,8.28918076,0,13.3667326,12.2845793,10.0270586,246,9892,0,0,0,,,,63
40317191,0.5,0.488636374,0.5,0,0.346520126,0.362637341,0.32296899,0.276564509,15.8895121,12,8.3304739,8.2976265,0,13.3667326,13.2841101,9.77380085,246,9892,0,0,0,,,,63
40318352,0.5,0.5,0.5,0,0.346520126,0.346520126,0.322102994,0.277202725,15.8895121,12,8.29732037,8.29129219,0,13.3738813,13.2841101,9.77380085,246,9892,0,0,0,,,,63
40319518,0.5,0.477272719,0.5,0,0.338461518,0.370695949,0.321334362,0.277774572,15.8940573,12,8.30334854,8.28284645,0,13.3667326,12.2857027,10.1062078,246,9420,0,0,0,,,,63
40320684,0.5,0.48888889,0.5,0,0.354578733,0.370695949,0.320332944,0.27852723,15.8895121,12,8.29430676,8.28073597,0,13.3667326,12.2857027,10.1062078,246,9420,0,0,0,,,,63
40321849,0.5,0.477777779,0.5,0,0.346520126,0.378754556,0.319165707,0.279415756,15.8895121,12,8.32143211,8.28918076,0,13.3667326,13.2852173,9.85230064,246,9420,0,0,0,,,,63
40323011,0.5,0.483870953,0.5,0,0.362637341,0.386813164,0.317874193,0.280413151,15.8895121,12,8.30334854,8.28495789,0,13.3738813,13.2852173,9.85230064,246,9420,0,0,0,,,,63
40324176,0.5,0.494382024,0.5,0,0.354578733,0.362637341,0.316725194,0.281313419,15.8895121,12,8.28225136,8.29340363,0,13.3667326,12.2867899,10.1840706,246,9420,0,0,0,,,,63
40325337,0.5,0.472527474,0.5,0,0.346520126,0.386813164,0.315625638,0.282186568,15.8895121,12,8.31239033,8.27862453,0,13.3738813,12.2867899,10.1840706,246,9420,0,0,0,,,,63
40326503,0.5,0.511904776,0.5,0,0.346520126,0.330402911,0.314683944,0.282943577,15.8895121,12,8.34554291,8.28918076,0,13.3738813,13.2862902,9.92953396,246,9420,0,0,0,,,,63
40327669,0.5,0.51219511,0.5,0,0.338461518,0.322344303,0.314516932,0.28307876,15.8940573,12,8.31841755,8.30184937,0,13.3738813,13.2862902,9.92953396,246,8998,0,0,0,,,,63
40328834,0.5,0.5,0.5,0,0.322344303,0.322344303,0.314822078,0.282831967,15.8940573,12,8.31540394,8.3039608,0,13.3667326,12.2878437,10.260685,246,8998,0,0,0,,,,63
40329995,0.5,0.473118275,0.5,0,0.354578733,0.394871771,0.314658344,0.282964259,15.8895121,12,8.29430676,8.29551506,0,13.3667326,12.2878437,10.260685,246,8998,0,0,0,,,,63
40331161,0.5,0.505617976,0.5,0,0.362637341,0.354578733,0.314069778,0.283441931,15.8895121,12,8.35759926,8.29973793,0,13.3738813,13.2873287,10.0055389,246,8998,0,0,0,,,,63
40332322,0.5,0.488636374,0.5,0,0.346520126,0.362637341,0.313592315,0.283831924,15.8895121,12,8.31540394,8.30184937,0,13.3738813,13.2873287,10.0055389,246,8998,0,0,0,,,,63
40333492,0.5,0.5,0.5,0,0.338461518,0.338461518,0.313198954,0.284154952,15.8895121,12,8.33348751,8.29551506,0,13.3667326,12.2888651,10.336092,246,8998,0,0,0,,,,63
40334654,0.5,0.488636374,0.5,0,0.346520126,0.362637341,0.312785268,0.284496337,15.8895121,12,8.32745934,8.3039608,0,13.3667326,12.2888651,10.336092,246,8649,0,0,0,,,,63
40336023,0.5,0.476744175,0.5,0,0.330402911,0.362637341,0.31205526,0.285102993,15.8940573,12,8.30636215,8.28918076,0,13.3738813,13.2883358,10.0803556,246,8649,0,0,0,,,,63
40337184,0.5,0.512820542,0.5,0,0.322344303,0.306227088,0.311331987,0.285709381,15.8940573,12,8.31239033,8.31873989,0,13.3738813,13.2883358,10.0803556,246,8649,0,0,0,,,,63
40338350,0.5,0.482352942,0.5,0,0.330402911,0.354578733,0.310904473,0.286070406,15.8940573,12,8.30636215,8.29973793,0,13.3738813,12.289854,10.4103279,246,8649,0,0,0,,,,63
40339511,0.5,0.534090936,0.5,0,0.378754556,0.330402911,0.310908318,0.286067128,15.8895121,12,8.31841755,8.29973793,0,13.3667326,12.289854,10.4103279,246,8649,0,0,0,,,,63
40340681,0.5,0.523809552,0.5,0,0.354578733,0.322344303,0.311831415,0.285290062,15.8895121,12,8.30033493,8.29340363,0,13.3667326,13.2893105,10.1540194,246,8649,0,0,0,,,,63
40341843,0.5,0.51111114,0.5,0,0.370695949,0.354578733,0.313160658,0.284186482,15.8940573,12,8.28526497,8.2976265,0,13.3667326,13.2893105,10.1540194,246,8278,0,0,0,,,,63
40343008,0.5,0.516853929,0.5,0,0.370695949,0.346520126,0.314355284,0.283209801,15.8849669,12,8.30033493,8.2976265,0,13.3667326,12.2908115,10.4834299,246,8278,0,0,0,,,,63
40344170,0.5,0.494623661,0.5,0,0.370695949,0.378754556,0.315238327,0.28249687,15.8849669,12,8.30636215,8.29129219,0,13.3667326,12.2908115,10.4834299,246,8278,0,0,0,,,,63
40345336,0.5,0.511627913,0.5,0,0.354578733,0.338461518,0.3157776,0.282065213,15.8895121,12,8.28526497,8.29340363,0,13.3667326,13.2902555,10.2265673,246,8278,0,0,0,,,,63
40346502,0.5,0.510869563,0.5,0,0.378754556,0.362637341,0.316367388,0.281596303,15.8895121,12,8.31239033,8.28706932,0,13.3667326,13.2902555,10.2265673,246,8278,0,0,0,,,,63
40347667,0.5,0.478260875,0.5,0,0.354578733,0.386813164,0.316649348,0.281373262,15.8849669,12,8.27622318,8.29973793,0,13.3667326,12.2917404,10.5554333,246,8278,0,0,0,,,,63
40348829,0.5,0.526315808,0.5,0,0.402930379,0.362637341,0.316722304,0.281315714,15.8849669,12,8.32444572,8.28706932,0,13.3738813,12.2917404,10.5554333,246,8278,0,0,0,,,,63
40349994,0.5,0.505494535,0.5,0,0.370695949,0.362637341,0.317252368,0.280898839,15.8895121,12,8.3304739,8.29129219,0,13.3667326,13.2911711,10.2980337,246,8009,0,0,0,,,,63
40351155,0.5,0.494382024,0.5,0,0.354578733,0.362637341,0.317736059,0.280520707,15.8895121,12,8.29732037,8.28495789,0,13.3667326,13.2911711,10.2980337,246,8009,0,0,0,,,,63
40352321,0.5,0.510416687,0.5,0,0.394871771,0.378754556,0.317981333,0.280329823,15.8849669,12,8.26115322,8.2765131,0,13.3667326,12.2926388,10.6263723,246,8009,0,0,0,,,,63
40353487,0.5,0.49494949,0.5,0,0.394871771,0.402930379,0.318209201,0.280152977,15.8895121,12,8.32745934,8.28073597,0,13.3738813,12.2926388,10.6263723,246,8009,0,0,0,,,,63
40354652,0.5,0.489361703,0.5,0,0.370695949,0.386813164,0.318123341,0.280219555,15.8895121,12,8.28225136,8.28495789,0,13.3667326,13.292058,10.368453,246,8009,0,0,0,,,,63
40355814,0.5,0.489130437,0.5,0,0.362637341,0.378754556,0.317646831,0.280590355,15.8895121,12,8.30033493,8.29129219,0,13.3738813,13.292058,10.368453,246,8009,0,0,0,,,,63
40357183,0.5,0.483516484,0.5,0,0.354578733,0.378754556,0.316894412,0.281180084,15.8849669,12,8.29430676,8.27862453,0,13.3667326,12.2935104,10.6962805,246,7765,0,0,0,,,,63
40358345,0.5,0.482352942,0.5,0,0.330402911,0.354578733,0.315885603,0.281979054,15.8895121,12,8.30636215,8.29340363,0,13.3738813,12.2935104,10.6962805,246,7765,0,0,0,,,,63
40359510,0.5,0.51111114,0.5,0,0.370695949,0.354578733,0.315104902,0.282604098,15.8895121,12,8.28526497,8.28918076,0,13.3667326,13.2929173,10.4378567,246,7765,0,0,0,,,,63
40360676,0.5,0.5,0.5,0,0.370695949,0.370695949,0.314899325,0.28276968,15.8895121,12,8.28827858,8.28706932,0,13.3667326,13.2929173,10.4378567,246,7765,0,0,0,,,,63
40361842,0.5,0.5,0.5,0,0.378754556,0.378754556,0.314903766,0.282766044,15.8895121,12,8.27019501,8.28495789,0,13.3667326,12.2943544,10.7651892,246,7765,0,0,0,,,,63
40363004,0.5,0.521276593,0.5,0,0.394871771,0.362637341,0.315191746,0.282534271,15.8895121,12,8.30636215,8.28495789,0,13.3667326,12.2943544,10.7651892,246,7551,0,0,0,,,,63
40364169,0.5,0.479166657,0.5,0,0.370695949,0.402930379,0.315500736,0.282286465,15.8895121,12,8.29430676,8.28284645,0,13.3667326,13.2937489,10.5062771,246,7551,0,0,0,,,,63
40365330,0.5,0.479591846,0.5,0,0.378754556,0.410988986,0.315043896,0.282653183,15.8849669,12,8.32143211,8.2765131,0,13.3667326,13.2937489,10.5062771,246,7551,0,0,0,,,,63
40366500,0.5,0.520408154,0.5,0,0.410988986,0.378754556,0.314513803,0.283081234,15.8895121,12,8.30033493,8.29551506,0,13.3595848,12.2951717,10.8331299,246,7551,0,0,0,,,,63
40367662,0.5,0.5,0.5,0,0.378754556,0.378754556,0.314606398,0.283006281,15.8849669,12,8.26115322,8.29340363,0,13.3667326,12.2951717,10.8331299,246,7551,0,0,0,,,,63
40368828,0.5,0.461538464,0.5,0,0.338461518,0.394871771,0.314273298,0.283276409,15.8804216,12,8.33348751,8.28073597,0,13.3667326,13.2945557,10.5737448,246,7551,0,0,0,,,,63
40369989,0.5,0.519999981,0.5,0,0.419047594,0.386813164,0.313545644,0.283870161,15.8849669,12,8.21293068,8.27862453,0,13.3667326,13.2945557,10.5737448,246,7364,0,0,0,,,,63
40371154,0.5,0.544554472,0.5,0,0.443223417,0.370695949,0.314011723,0.283489257,15.8849669,12,8.17676353,8.28073597,0,13.3667326,12.2959642,10.9001331,246,7364,0,0,0,,,,63
40372316,0.5,0.533333361,0.5,0,0.451282024,0.394871771,0.31583181,0.28202194,15.8849669,12,8.21895885,8.27229023,0,13.3595848,12.2959642,10.9001331,246,7364,0,0,0,,,,63
40373486,0.5,0.515463889,0.5,0,0.402930379,0.378754556,0.317892194,0.280399144,15.8849669,12,8.27019501,8.26806736,0,13.3667326,13.2953377,10.6402893,246,7364,0,0,0,,,,63
40374647,0.5,0.552380979,0.5,0,0.46739924,0.378754556,0.32010439,0.278700262,15.8895121,12,8.33348751,8.26806736,0,13.3667326,13.2953377,10.6402893,246,7364,0,0,0,,,,63
40375813,0.5,0.5,0.5,0,0.386813164,0.386813164,0.322367698,0.277006954,15.8895121,12,8.31841755,8.2765131,0,13.3667326,12.296731,10.9662275,246,7364,0,0,0,,,,63
40376974,0.5,0.510638297,0.5,0,0.386813164,0.370695949,0.323896468,0.275888026,15.8804216,12,8.27320957,8.2765131,0,13.3667326,12.296731,10.9662275,246,7189,0,0,0,,,,63
40378344,0.5,0.532710254,0.5,0,0.459340632,0.402930379,0.325246632,0.274915904,15.8895121,12,8.1918335,8.27440166,0,13.3667326,13.2960949,10.7059393,246,7189,0,0,0,,,,63
40379510,0.5,0.434782594,0.5,0,0.322344303,0.419047594,0.325723141,0.274576426,15.8895121,12,8.32143211,8.27440166,0,13.3667326,13.2960949,10.7059393,246,7189,0,0,0,,,,63
40380676,0.5,0.454545468,0.5,0,0.322344303,0.386813164,0.32396397,0.27583909,15.8849669,12,8.23101425,8.27229023,0,13.3595848,12.2974749,11.0314407,246,7189,0,0,0,,,,63
40381837,0.5,0.545454562,0.5,0,0.483516455,0.402930379,0.32229811,0.277058393,15.8849669,12,8.15566635,8.27229023,0,13.3667326,12.2974749,11.0314407,246,7189,0,0,0,,,,63
40383003,0.5,0.5,0.5,0,0.378754556,0.378754556,0.322344929,0.277023792,15.8895121,12,8.35759926,8.27862453,0,13.3667326,13.2968292,10.7707224,246,7030,0,0,0,,,,63
40384164,0.5,0.489130437,0.5,0,0.362637341,0.378754556,0.322576016,0.276853353,15.8849669,12,8.29732037,8.27862453,0,13.3667326,13.2968292,10.7707224,246,7030,0,0,0,,,,63
40385330,0.5,0.479999989,0.5,0,0.386813164,0.419047594,0.322095573,0.277208209,15.8849669,12,8.22800064,8.27440166,0,13.3667326,12.2981958,11.0958014,246,7030,0,0,0,,,,63
40386496,0.5,0.50526315,0.5,0,0.386813164,0.378754556,0.321434051,0.277700067,15.8895121,12,8.32143211,8.28073597,0,13.3738813,12.2981958,11.0958014,246,7030,0,0,0,,,,63
40387662,0.5,0.5,0.5,0,0.386813164,0.386813164,0.321127027,0.277929664,15.8849669,12,8.30937672,8.27862453,0,13.3667326,13.2975397,10.8346663,246,7030,0,0,0,,,,63
40388823,0.5,0.53061223,0.5,0,0.419047594,0.370695949,0.321490347,0.277658075,15.8804216,12,8.33650112,8.27440166,0,13.3667326,13.2975397,10.8346663,246,7030,0,0,0,,,,63
40389988,0.5,0.479999989,0.5,0,0.386813164,0.419047594,0.322056621,0.277237058,15.8849669,12,8.4058218,8.27017879,0,13.3595848,12.2988939,11.1593351,246,6854,0,0,0,,,,63
40391150,0.5,0.564814806,0.5,0,0.491575062,0.378754556,0.323015898,0.276530147,15.8849669,12,8.29430676,8.27229023,0,13.3667326,12.2988939,11.1593351,246,6854,0,0,0,,,,63
40392320,0.5,0.529411793,0.5,0,0.435164809,0.386813164,0.325201124,0.274948478,15.8804216,12,8.18580532,8.26806736,0,13.3667326,13.2982292,10.8977957,246,6854,0,0,0,,,,63
40393481,0.5,0.417582422,0.5,0,0.306227088,0.427106202,0.326146185,0.274276525,15.8804216,12,8.31239033,8.25962162,0,13.3667326,13.2982292,10.8977957,246,6854,0,0,0,,,,63
40394647,0.5,0.479166657,0.5,0,0.370695949,0.402930379,0.324472904,0.275471151,15.8804216,12,8.22197247,8.27017879,0,13.3667326,12.299571,11.2220678,246,6854,0,0,0,,,,63
40395808,0.5,0.504950523,0.5,0,0.410988986,0.402930379,0.32270363,0.276759416,15.8895121,12,8.20991707,8.27229023,0,13.3667326,12.299571,11.2220678,246,6710,0,0,0,,,,63
40396974,0.5,0.471153855,0.5,0,0.394871771,0.443223417,0.321551532,0.277612448,15.8758764,12,8.29129314,8.2553997,0,13.3595848,13.2988968,10.9601364,246,6710,0,0,0,,,,63
40398136,0.5,0.479166657,0.5,0,0.370695949,0.402930379,0.320137739,0.27867499,15.8804216,12,8.21895885,8.26595592,0,13.3595848,13.2988968,10.9601364,246,6710,0,0,0,,,,63
40399510,0.5,0.504950523,0.5,0,0.410988986,0.402930379,0.318915069,0.279608071,15.8804216,12,8.27019501,8.26595592,0,13.3595848,12.3002262,11.2840242,246,6710,0,0,0,,,,63
40400671,0.5,0.490566045,0.5,0,0.419047594,0.435164809,0.318241715,0.280127734,15.8804216,12,8.25813961,8.2553997,0,13.3667326,12.3002262,11.2840242,246,6710,0,0,0,,,,63
40401837,0.5,0.441860467,0.5,0,0.306227088,0.386813164,0.316972405,0.281118661,15.8804216,12,8.20690346,8.27229023,0,13.3667326,13.2995443,11.0217133,246,6574,0,0,0,,,,63
40402998,0.5,0.439024389,0.5,0,0.290109873,0.370695949,0.314224094,0.283316374,15.8804216,12,8.4058218,8.28284645,0,13.3667326,13.2995443,11.0217133,246,6574,0,0,0,,,,63
40404164,0.5,0.485436887,0.5,0,0.402930379,0.427106202,0.311133265,0.28587696,15.8804216,12,8.28225136,8.26173306,0,13.3595848,12.3008614,11.3452282,246,6574,0,0,0,,,,63
40405325,0.5,0.504854381,0.5,0,0.419047594,0.410988986,0.309192032,0.287535697,15.8804216,12,8.255126,8.2765131,0.00714798551,13.352437,12.3008614,11.3452282,246,6574,0,0,0,,,,63
40406496,0.5,0.5,0.5,0,0.394871771,0.394871771,0.308403909,0.288220644,15.8849669,12,8.255126,8.28073597,0,13.3595848,13.3001719,11.0825491,246,6574,0,0,0,,,,63
40407657,0.5,0.5,0.5,0,0.410988986,0.410988986,0.308107436,0.288480073,15.8804216,12,8.28827858,8.27440166,0,13.3667326,13.3001719,11.0825491,246,6574,0,0,0,,,,63
40408823,0.5,0.46808511,0.5,0,0.354578733,0.402930379,0.307558626,0.288962841,15.8849669,12,8.32143211,8.27862453,0,13.3381405,12.3014774,11.4057026,246,6462,0,0,0,,,,63
40409984,0.5,0.510638297,0.5,0,0.386813164,0.370695949,0.306797951,0.289637506,15.8849669,12,8.28526497,8.28284645,0,13.3667326,12.3014774,11.4057026,246,6462,0,0,0,,,,63
40411150,0.5,0.525252521,0.5,0,0.419047594,0.378754556,0.306808174,0.289628416,15.8804216,12,8.26115322,8.27440166,0,13.3595848,13.3007793,11.1426668,246,6462,0,0,0,,,,63
40412316,0.5,0.533980608,0.5,0,0.443223417,0.386813164,0.307888955,0.288671851,15.8849669,12,8.22800064,8.2765131,0,13.3667326,13.3007793,11.1426668,246,6462,0,0,0,,,,63
40413482,0.5,0.509803951,0.5,0,0.419047594,0.402930379,0.309372544,0.287379801,15.8804216,12,8.28225136,8.27017879,0,13.3667326,12.3020744,11.4654713,246,6462,0,0,0,,,,63
40414643,0.5,0.51886791,0.5,0,0.443223417,0.410988986,0.310703814,0.286240488,15.8758764,12,8.26416779,8.26384449,0,13.3595848,12.3020744,11.4654713,246,6330,0,0,0,,,,63
40415808,0.5,0.490384609,0.5,0,0.410988986,0.427106202,0.31160444,0.28548032,15.8804216,12,8.2671814,8.26384449,0,13.3595848,13.3013687,11.2020893,246,6330,0,0,0,,,,63
40416970,0.5,0.495238096,0.5,0,0.419047594,0.427106202,0.31185019,0.285274386,15.8804216,12,8.27622318,8.26595592,0,13.3595848,13.3013687,11.2020893,246,6330,0,0,0,,,,63
40418135,0.5,0.518518507,0.5,0,0.451282024,0.419047594,0.312020302,0.28513217,15.8804216,12,8.24306965,8.26595592,0,13.3595848,12.3026524,11.5245543,246,6330,0,0,0,,,,63
40419301,0.5,0.519230783,0.5,0,0.435164809,0.402930379,0.312731653,0.284540713,15.8849669,12,8.27622318,8.27017879,0,13.3667326,12.3026524,11.5245543,246,6330,0,0,0,,,,63
40420671,0.5,0.509433985,0.5,0,0.435164809,0.419047594,0.313721031,0.283726603,15.8804216,12,8.24306965,8.26806736,0,13.3595848,13.30194,11.2608376,246,6220,0,0,0,,,,63
40421832,0.5,0.485436887,0.5,0,0.402930379,0.427106202,0.314278901,0.283271819,15.8758764,12,8.27923679,8.26173306,0,13.3595848,13.30194,11.2608376,246,6220,0,0,0,,,,63
40422998,0.5,0.5,0.5,0,0.410988986,0.410988986,0.314255476,0.283290863,15.8804216,12,8.255126,8.26173306,0,13.3667326,12.3032131,11.5829735,246,6220,0,0,0,,,,63
40424159,0.5,0.48113209,0.5,0,0.410988986,0.443223417,0.313874424,0.283601254,15.8804216,12,8.22498608,8.27017879,0,13.3667326,12.3032131,11.5829735,246,6220,0,0,0,,,,63
40425329,0.5,0.495238096,0.5,0,0.419047594,0.427106202,0.313243121,0.284118593,15.8804216,12,8.24005604,8.25751019,0,13.3595848,13.3024931,11.3189325,246,6101,0,0,0,,,,63
40426491,0.5,0.509615362,0.5,0,0.427106202,0.410988986,0.312861741,0.284433097,15.8849669,12,8.29129314,8.27440166,0,13.3667326,13.3024931,11.3189325,246,6101,0,0,0,,,,63
40427657,0.5,0.50999999,0.5,0,0.410988986,0.394871771,0.31302467,0.284298569,15.8849669,12,8.34855747,8.28284645,0,13.3667326,12.3037558,11.6407499,246,6101,0,0,0,,,,63
40428818,0.5,0.5,0.5,0,0.427106202,0.427106202,0.313383192,0.284003496,15.8758764,12,8.255126,8.26595592,0,13.3595848,12.3037558,11.6407499,246,6101,0,0,0,,,,63
40429984,0.5,0.529999971,0.5,0,0.427106202,0.378754556,0.314016044,0.283485711,15.8849669,12,8.25813961,8.27440166,0,13.3595848,13.30303,11.3763943,246,6101,0,0,0,,,,63
40431145,0.5,0.480392158,0.5,0,0.394871771,0.427106202,0.314672828,0.282952547,15.8804216,12,8.28827858,8.26384449,0,13.3595848,13.30303,11.3763943,246,6017,0,0,0,,,,63
40432315,0.5,0.5,0.5,0,0.443223417,0.443223417,0.314742088,0.282896578,15.8758764,12,8.22197247,8.25751019,0,13.3595848,12.3042822,11.6979027,246,6017,0,0,0,,,,63
40433477,0.5,0.509615362,0.5,0,0.427106202,0.410988986,0.314739466,0.282898694,15.8804216,12,8.31239033,8.26173306,0,13.3595848,12.3042822,11.6979027,246,6017,0,0,0,,,,63
40434642,0.5,0.5,0.5,0,0.402930379,0.402930379,0.314968973,0.282713532,15.8849669,12,8.27622318,8.27229023,0,13.3667326,13.3035507,11.4332409,246,6017,0,0,0,,,,63
40435804,0.5,0.509259284,0.5,0,0.443223417,0.427106202,0.315260828,0.282478809,15.8713312,12,8.27923679,8.2553997,0,13.3595848,13.3035507,11.4332409,246,6017,0,0,0,,,,63
40436969,0.5,0.5,0.5,0,0.435164809,0.435164809,0.315585077,0.282219023,15.8758764,12,8.24909782,8.26173306,0,13.3667326,12.3047924,11.7544508,246,5904,0,0,0,,,,63
40438135,0.5,0.5,0.5,0,0.419047594,0.419047594,0.315793484,0.282052547,15.8758764,12,8.28526497,8.26384449,0,13.352437,12.3047924,11.7544508,246,5904,0,0,0,,,,63
40439301,0.5,0.486725658,0.5,0,0.443223417,0.46739924,0.315690517,0.282134771,15.8713312,12,8.22197247,8.2490654,0,13.3595848,13.3040543,11.4894934,246,5904,0,0,0,,,,63
40440462,0.5,0.495327115,0.5,0,0.427106202,0.435164809,0.315288395,0.282456666,15.8804216,12,8.24005604,8.26173306,0,13.3595848,13.3040543,11.4894934,246,5904,0,0,0,,,,63
40441832,0.5,0.489795923,0.5,0,0.386813164,0.402930379,0.314774096,0.28287074,15.8758764,12,8.23704243,8.26384449,0,13.3595848,12.3052874,11.8104124,246,5904,0,0,0,,,,63
40442993,0.5,0.5,0.5,0,0.435164809,0.435164809,0.314304888,0.28325069,15.8804216,12,8.24005604,8.25962162,0,13.3667326,12.3052874,11.8104124,246,5795,0,0,0,,,,63
40444159,0.5,0.484848499,0.5,0,0.386813164,0.410988986,0.313822865,0.283643305,15.8804216,12,8.22800064,8.26173306,0,13.3667326,13.3045435,11.5451689,246,5795,0,0,0,,,,63
40445325,0.5,0.490384609,0.5,0,0.410988986,0.427106202,0.313161016,0.284186214,15.8758764,12,8.255126,8.26173306,0,13.3595848,13.3045435,11.5451689,246,5795,0,0,0,,,,63
40446491,0.5,0.5090909,0.5,0,0.451282024,0.435164809,0.312683135,0.284580857,15.8804216,12,8.22800064,8.25751019,0,13.3595848,12.3057671,11.8658066,246,5795,0,0,0,,,,63
40447652,0.5,0.518181801,0.5,0,0.459340632,0.427106202,0.31286785,0.28442803,15.8804216,12,8.27622318,8.26384449,0,13.3595848,12.3057671,11.8658066,246,5713,0,0,0,,,,63
40448818,0.5,0.46938777,0.5,0,0.370695949,0.419047594,0.312995315,0.284322798,15.8804216,12,8.27923679,8.26384449,0,13.3595848,13.3050175,11.6002846,246,5713,0,0,0,,,,63
40449979,0.5,0.50999999,0.5,0,0.410988986,0.394871771,0.312643766,0.28461346,15.8849669,12,8.2671814,8.27017879,0,13.3595848,13.3050175,11.6002846,246,5713,0,0,0,,,,63
40451149,0.5,0.5,0.5,0,0.427106202,0.427106202,0.31248042,0.284749001,15.8804216,12,8.27923679,8.26806736,0,13.3595848,12.3062315,11.9206495,246,5713,0,0,0,,,,63
40452310,0.5,0.518181801,0.5,0,0.459340632,0.427106202,0.312754899,0.28452149,15.8758764,12,8.24909782,8.25751019,0,13.352437,12.3062315,11.9206495,246,5713,0,0,0,,,,63
40453476,0.5,0.513513505,0.5,0,0.459340632,0.435164809,0.313442022,0.283955157,15.8758764,12,8.24909782,8.26595592,0,13.3667326,13.3054771,11.6548586,246,5631,0,0,0,,,,63
40454638,0.5,0.476190478,0.5,0,0.402930379,0.443223417,0.313841105,0.283628434,15.8804216,12,8.2671814,8.25962162,0,13.3595848,13.3054771,11.6548586,246,5631,0,0,0,,,,63
40455803,0.5,0.495652169,0.5,0,0.459340632,0.46739924,0.313515037,0.283895254,15.8713312,12,8.25211143,8.25328827,0,13.3595848,12.3066826,11.9749594,246,5631,0,0,0,,,,63
40456964,0.5,0.476190478,0.5,0,0.402930379,0.443223417,0.31277594,0.284504056,15.8758764,12,8.23704243,8.25751019,0,13.3667326,12.3066826,11.9749594,246,5631,0,0,0,,,,63
40458135,0.5,0.504504502,0.5,0,0.451282024,0.443223417,0.311991096,0.285156548,15.8758764,12,8.24909782,8.2553997,0,13.3452892,13.3059225,11.7089062,247,5631,0,0,0,,,,63
40459296,0.5,0.504424751,0.5,0.377752572,0.459340632,0.451282024,0.311641663,0.285449088,15.8713312,12,8.22498608,8.2490654,0,13.3595848,13.3059225,11.7089062,247,6864,0,0,0,,,,63
40460462,0.5,0.504587173,0.5,0.377752572,0.443223417,0.435164809,0.311699748,0.285400361,15.8758764,11.6631489,8.23704243,8.25328827,0,13.3595848,11.6631489,11.8311548,248,6864,0,0,0,,,,63
40461828,0.5,0.513513505,0.5,0.377752572,0.459340632,0.435164809,0.312033236,0.285121381,15.8713312,11.6631489,8.23402786,8.24695396,0,13.3595848,11.6631489,11.8311548,248,6864,0,0,0,,,,63
40462994,0.5,0.514018714,0.5,0.377752572,0.443223417,0.419047594,0.312693864,0.284571975,15.8804216,11.625988,8.24909782,8.25751019,0,13.3667326,11.625988,11.9534025,248,6864,0,0,0,,,,63
40464156,0.5,0.515151501,0.5,0.380999118,0.410988986,0.386813164,0.313587278,0.283836067,15.8804216,11.625988,8.24608421,8.26806736,0,13.3667326,11.625988,11.9534025,248,7743,0,0,0,,,,63
40465326,0.5,0.495327115,0.5,0.380999118,0.427106202,0.435164809,0.314332873,0.28322801,15.8758764,12,8.22498608,8.2553997,0,13.3667326,12.1407652,11.989831,248,7743,0,0,0,,,,63
40466488,0.5,0.49000001,0.5,0.380999118,0.394871771,0.410988986,0.314513952,0.283081114,15.8804216,12,8.28225136,8.27229023,0,13.3595848,12.1407652,11.989831,248,7743,0,0,0,,,,63
40467654,0.5,0.514285743,0.5,0.380999118,0.435164809,0.410988986,0.31452474,0.283072382,15.8804216,12,8.26115322,8.2553997,0,13.3595848,12.4861879,11.8236351,248,7743,0,0,0,,,,63
40468816,0.5,0.513274312,0.5,0.380999118,0.46739924,0.443223417,0.314959526,0.282721162,15.8804216,12,8.24005604,8.24484253,0,13.3595848,12.4861879,11.8236351,249,8425,0,0,0,,,,63
40469982,0.5,0.518181801,0.5,0.382716835,0.459340632,0.427106202,0.315802723,0.282045156,15.8804216,11.6438284,8.29430676,8.2553997,0,13.3595848,11.6438284,11.940918,250,8425,0,0,0,,,,63
40471148,0.5,0.513513505,0.5,0.382716835,0.459340632,0.435164809,0.316845834,0.28121832,15.8758764,11.6438284,8.21594429,8.25117683,0,13.3595848,11.6438284,11.940918,250,8425,0,0,0,,,,63
40472314,0.5,0.509259284,0.5,0.382716835,0.443223417,0.427106202,0.31785664,0.28042683,15.8804216,11.6781502,8.27622318,8.25962162,0,13.3667326,11.6781502,12.0582018,250,8425,0,0,0,,,,63
40473476,0.5,0.5,0.5,0.382716835,0.435164809,0.435164809,0.318589181,0.279859096,15.8804216,11.6781502,8.24909782,8.25962162,0,13.3595848,11.6781502,12.0582018,250,8425,0,0,0,,,,63
40474642,0.5,0.473684222,0.5,0.382716835,0.435164809,0.483516455,0.318591177,0.279857576,15.8713312,12,8.23101425,8.24061966,0,13.3595848,12.2095394,12.0525694,250,8425,0,1,0,,,,63
40475803,0.5,0.513513505,0.5,0.382716835,0.459340632,0.435164809,0.318182588,0.2801736,15.8758764,12,8.2671814,8.2490654,0,13.3595848,12.2095394,12.0525694,250,8425,0,1,0,,,,63
40476969,0.5,0.477064222,0.5,0.382716835,0.419047594,0.459340632,0.317792177,0.280477017,15.8713312,12,8.24005604,8.2490654,0,13.3595848,12.3377581,11.9717245,250,8425,0,1,0,,,,63
40478135,0.5,0.504347801,0.5,0.382716835,0.46739924,0.459340632,0.31728974,0.280869544,15.8758764,12,8.23101425,8.24061966,0,13.3595848,12.3377581,11.9717245,250,8425,0,1,0,,,,63
40479302,0.5,0.486238539,0.5,0.382716835,0.427106202,0.451282024,0.3167952,0.281258225,15.8758764,11.834651,8.22498608,8.25328827,0.00714798551,13.3595848,11.834651,12.0890083,250,11386,0,1,0,,,,63
40480463,0.5,0.477876097,0.5,0.259618878,0.435164809,0.475457847,0.31602037,0.281871766,15.8713312,11.834651,8.23101425,8.24061966,0,13.3595848,11.834651,12.0890083,250,11386,0,1,0,,,,63
40481629,0.5,0.486725658,0.5,0.259618878,0.443223417,0.46739924,0.314907581,0.282763034,15.8758764,12,8.23704243,8.24484253,0,13.3595848,12.2594385,12.1772041,250,11386,0,1,0,,,,63
40482995,0.5,0.504504502,0.5,0.259618878,0.451282024,0.443223417,0.314054966,0.283454001,15.8758764,12,8.23704243,8.2553997,0,13.3595848,12.2594385,12.1772041,250,11386,0,1,0,,,,63
40484166,0.5,0.5,0.5,0.259618878,0.459340632,0.459340632,0.313707739,0.283737421,15.8758764,12,8.21895885,8.25117683,0,13.3667326,12.7165308,11.9972687,250,11386,0,2,0,,,,63
40485328,0.5,0.523364484,0.5,0.259618878,0.451282024,0.410988986,0.313920766,0.283563405,15.8804216,12,8.25211143,8.26173306,0,13.3595848,12.7165308,11.9972687,250,11386,0,2,0,,,,63
40486494,0.5,0.5,0.5,0.259618878,0.451282024,0.451282024,0.314522922,0.283073872,15.8758764,11.8710928,8.24306965,8.25117683,0,13.3595848,11.8710928,12.2376499,250,11386,0,2,0,,,,63
40487655,0.5,0.509259284,0.5,0.259618878,0.443223417,0.427106202,0.315082788,0.28262195,15.8758764,11.8710928,8.22197247,8.2553997,0,13.3595848,11.8710928,12.2376499,250,11386,0,2,0,,,,63
40488821,0.5,0.504504502,0.5,0.259618878,0.451282024,0.443223417,0.315574497,0.282227427,15.8804216,12,8.26416779,8.25962162,0,13.352437,12.5491428,12.1559057,250,11012,0,2,0,,,,63
40489982,0.5,0.50420171,0.5,0.259618878,0.483516455,0.475457847,0.316016078,0.281875193,15.8713312,12,8.22498608,8.24061966,0,13.3595848,12.5491428,12.1559057,250,11012,0,2,0,,,,63
40491153,0.5,0.495495498,0.5,0.259618878,0.443223417,0.451282024,0.316260964,0.281680644,15.8758764,12,8.22498608,8.24695396,0,13.3667326,12.3614006,12.1842899,250,11012,0,2,0,,,,63
40492314,0.5,0.486725658,0.5,0.259618878,0.443223417,0.46739924,0.316108704,0.281801522,15.8758764,12,8.22800064,8.23639679,0,13.352437,12.3614006,12.1842899,250,11012,0,2,0,,,,63
40493480,0.5,0.508474588,0.5,0.259618878,0.483516455,0.46739924,0.315830082,0.28202334,15.8713312,12,8.22498608,8.23639679,0,13.352437,12.266346,12.2684326,250,11012,0,2,0,,,,63
40494641,0.5,0.491379321,0.5,0.259618878,0.459340632,0.475457847,0.315684795,0.282139301,15.8758764,12,8.20991707,8.24061966,0,13.3595848,12.266346,12.2684326,252,11012,0,3,0,,,,63
40495806,0.5,0.488188952,0.5,0.259618878,0.49963367,0.523809493,0.315337718,0.282417119,15.8713312,12,8.20991707,8.2216177,0,13.3595848,12.5284338,12.1988354,252,11012,0,3,0,,,,63
40496973,0.5,0.487394959,0.5,0.259618878,0.46739924,0.491575062,0.314682692,0.28294456,15.8713312,12,8.22498608,8.23850822,0,13.3595848,12.5284338,12.1988354,252,11012,0,3,0,,,,63
40498138,0.5,0.5,0.5,0.259618878,0.475457847,0.475457847,0.31404835,0.283459425,15.866787,12,8.22498608,8.23639679,0,13.3595848,12.1682577,12.340518,252,11012,0,3,0,,,,63
40499300,0.5,0.491525412,0.5,0.619057059,0.46739924,0.483516455,0.31357649,0.283844888,15.8758764,12,8.22197247,8.23850822,0,13.3595848,12.1682577,12.340518,254,9870,1,3,0,,,,63
40500466,0.5,0.482142866,0.5,0.619057059,0.435164809,0.46739924,0.312952965,0.284357727,15.8758764,11.974122,8.21594429,8.24273109,0,13.352437,11.974122,12.2214613,254,9870,1,3,0,,,,63
40501627,0.5,0.492063493,0.5,0.619057059,0.49963367,0.515750885,0.312128484,0.285041869,15.8713312,11.974122,8.20388889,8.23217392,0,13.3595848,11.974122,12.2214613,254,9870,1,3,0,,,,63
40502793,0.5,0.5,0.5,0.619057059,0.459340632,0.459340632,0.311484665,0.285580963,15.8758764,11.4419479,8.22498608,8.25117683,0,13.3595848,11.4419479,12.1024046,254,9870,1,3,0,,,,63
40504164,0.5,0.49579832,0.5,0.619057059,0.475457847,0.483516455,0.311108172,0.285898119,15.8713312,11.4419479,8.21895885,8.24273109,0,13.3595848,11.4419479,12.1024046,254,9870,1,4,0,,,,63
40505330,0.5,0.504587173,0.5,0.619057059,0.443223417,0.435164809,0.310922593,0.286055028,15.8758764,10.4032173,8.255126,8.26384449,0,13.3595848,10.4032173,11.9833479,254,9870,1,4,0,,,,63
40506492,0.5,0.509615362,0.5,0.619057059,0.427106202,0.410988986,0.311042398,0.285953701,15.8758764,10.4032173,8.24306965,8.25328827,0,13.3595848,10.4032173,11.9833479,254,9870,1,4,0,,,,63
40507657,0.5,0.518518507,0.5,0.619057059,0.451282024,0.419047594,0.311589003,0.285493255,15.8804216,9.15073586,8.27019501,8.26595592,0,13.3595848,9.15073586,11.8642912,255,9870,1,4,0,,,,63
40508819,0.5,0.489795923,0.5,0.496123165,0.386813164,0.402930379,0.312151939,0.285022348,15.8849669,9.15073586,8.26416779,8.27440166,0,13.3595848,9.15073586,11.8642912,255,9812,1,4,0,,,,63
40509985,0.5,0.47560975,0.5,0.496123165,0.314285696,0.346520126,0.311967313,0.285176396,15.8940573,8.06871414,8.37869644,8.28284645,0,13.3738813,8.06871414,11.8681688,256,9812,1,4,0,,,,63
40511151,0.5,0.481927723,0.5,0.496123165,0.322344303,0.346520126,0.311031669,0.28596282,15.8940573,8.06871414,8.33348751,8.30818272,0,13.3738813,8.06871414,11.8681688,256,9812,1,4,0,,,,63
40512317,0.5,0.5,0.5,0.496123165,0.322344303,0.322344303,0.310081065,0.286771059,15.8940573,7.48218727,8.3425293,8.31662846,0,13.3738813,7.48218727,11.8720465,256,9812,1,4,0,,,,63
40513479,0.5,0.532467544,0.5,0.496123165,0.330402911,0.290109873,0.309997469,0.286842585,15.8986015,7.48218727,8.36061287,8.31240559,0,13.3810291,7.48218727,11.8720465,257,9812,1,5,0,,,,63
40514645,0.5,0.50746268,0.5,0.496123165,0.273992658,0.26593405,0.310768157,0.28618592,15.907692,7.32964563,8.37869644,8.33351898,0,13.3810291,7.32964563,11.8759232,258,9812,1,5,0,,,,63
40515807,0.5,0.541666687,0.5,0.496123165,0.314285696,0.26593405,0.312057048,0.285101444,15.9031467,7.32964563,8.36965466,8.3250742,0,13.3810291,7.32964563,11.8759232,258,9812,1,5,0,,,,63
40516978,0.5,0.507936537,0.5,0.496123165,0.257875443,0.249816835,0.313663691,0.283773482,15.907692,7.42617464,8.39075184,8.34618759,0,13.3810291,7.42617464,11.8798008,259,9812,1,5,0,,,,63
40518139,0.5,0.508474588,0.5,0.560880423,0.241758227,0.23369962,0.314953029,0.282726407,15.907692,7.42617464,8.40280819,8.3525219,0,13.3810291,7.42617464,11.8798008,259,8506,2,5,0,,,,63
40519305,0.5,0.508196712,0.5,0.560880423,0.249816835,0.241758227,0.315837801,0.282017171,15.907692,7.54261971,8.37568283,8.34196472,0,13.3810291,7.54261971,11.8189211,260,8506,2,5,0,,,,63
40520467,0.5,0.5,0.5,0.560880423,0.225641012,0.225641012,0.316462696,0.281520814,15.9122372,7.54261971,8.39075184,8.34407616,0,13.3810291,7.54261971,11.8189211,260,8506,2,5,0,,,,63
40521633,0.5,0.491228074,0.5,0.560880423,0.225641012,0.23369962,0.316659987,0.281364858,15.9031467,7.48506546,8.38472462,8.33985329,0,13.3810291,7.48506546,11.7580414,261,8506,2,5,0,,,,63
40522794,0.5,0.491228074,0.5,0.560880423,0.225641012,0.23369962,0.316419363,0.281555116,15.907692,7.48506546,8.38773823,8.34618759,0,13.3810291,7.48506546,11.7580414,262,8506,2,6,0,,,,63
40523965,0.5,0.481481493,0.5,0.560880423,0.209523797,0.225641012,0.315797955,0.28204897,15.907692,7.26709318,8.3937664,8.35463333,0,13.3881769,7.26709318,11.6971607,262,8506,2,6,0,,,,63
40525331,0.5,0.484375,0.5,0.560880423,0.249816835,0.26593405,0.314846814,0.282812029,15.907692,7.26709318,8.38472462,8.33985329,0,13.3810291,7.26709318,11.6971607,262,8506,2,6,0,,,,63
40526496,0.5,0.508196712,0.5,0.560880423,0.249816835,0.241758227,0.314080477,0.283433199,15.907692,6.97078991,8.40280819,8.34618759,0,13.3667326,6.97078991,11.636281,263,7530,3,6,0,,,,63
40527658,0.5,0.50746268,0.5,0.86848557,0.273992658,0.26593405,0.313935041,0.283551753,15.9031467,6.97078991,8.36664104,8.3314085,0,13.3810291,6.97078991,11.636281,264,7530,3,6,0,,,,63
40528824,0.5,0.523809552,0.5,0.86848557,0.26593405,0.241758227,0.314433992,0.283145934,15.907692,6.12204504,8.4058218,8.34196472,0,13.3881769,6.12204504,11.2677965,264,7530,3,6,0,,,,63
40529991,0.5,0.508771956,0.5,0.86848557,0.23369962,0.225641012,0.315343916,0.282412142,15.907692,6.12204504,8.39979362,8.34618759,0,13.3881769,6.12204504,11.2677965,264,7530,3,6,0,,,,63
40531157,0.5,0.517241359,0.5,0.86848557,0.241758227,0.225641012,0.316343606,0.281615108,15.9122372,4.18606424,8.39075184,8.3525219,0,13.3810291,4.18606424,10.8993111,265,7530,3,7,0,,,,63
40532319,0.5,0.519230783,0.5,0.86848557,0.217582405,0.201465189,0.317478895,0.280721486,15.9167824,4.18606424,8.42691898,8.35674477,0,13.3881769,4.18606424,10.8993111,266,7530,3,7,0,,,,63
40533484,0.5,0.522727251,0.5,0.86848557,0.185347974,0.169230759,0.318849266,0.279658675,15.9167824,1.46059597,8.38472462,8.37152386,0,13.3881769,1.46059597,10.5308266,266,7530,3,7,0,,,,63
40534646,0.5,0.392857134,0.5,0.86848557,0.0886446834,0.136996329,0.318562269,0.279879868,15.9258718,1.46059597,8.45705795,8.35463333,0,13.3953247,1.46059597,10.5308266,266,7530,3,7,0,,,,63
40535812,0.5,0.526315808,0.5,0.86848557,0.0805860758,0.0725274682,0.316560239,0.281443655,15.9304171,-1.5327872,8.54144764,8.41375065,0,13.3953247,-1.5327872,10.1623411,267,6798,4,7,0,,,,63
40536978,0.5,0.526315808,0.5,0.867352724,0.0805860758,0.0725274682,0.315859616,0.281999826,15.9304171,-1.5327872,8.59268475,8.41163921,0,13.3953247,-1.5327872,10.1623411,268,6798,4,7,0,,,,63
40538110,0.5,0.5,0.5,0.867352724,0.0161172152,0.0161172152,0.315859616,0.281999826,15.9349623,-4.48754072,8.60172653,8.44964409,0,13.3953247,-4.48754072,9.79498959,268,6798,4,7,0,,,,63
40539237,0.5,0,0.5,0.867352724,0,0,0.315859616,0.281999826,15.9349623,-4.48754072,8.59268475,8.46653461,0,13.3953247,-4.48754072,9.79498959,268,6798,4,7,0,,,,63
40540369,0.5,0,0.5,0.867352724,0,0,0.315859616,0.281999826,15.9349623,-7.23546314,8.58967113,8.47075748,0,13.4024725,-7.23546314,9.4276371,268,7357,4,7,0,,,,63
40541496,0.5,0,0.5,0.585275471,0,0,0.315859616,0.281999826,15.9349623,-7.23546314,8.58364296,8.47075748,0,13.4024725,-7.23546314,9.4276371,268,7357,4,7,0,,,,63
40542632,0.5,0,0.5,0.585275471,0,0,0.315859616,0.281999826,15.9349623,-9.21885586,8.58364296,8.46653461,0,13.416769,-9.21885586,9.3423624,268,7357,4,7,0,,,,63
40543760,0.5,0,0.5,0.585275471,0,0,0.315859616,0.281999826,15.9304171,-9.21885586,8.58665657,8.46442318,0,13.416769,-9.21885586,9.3423624,268,7357,4,7,0,,,,63
40544891,0.5,0,0.5,0.585275471,0,0,0.315859616,0.281999826,15.9440527,-9.89853096,8.56254578,8.46442318,0,13.3953247,-9.89853096,9.25708771,268,7357,4,8,0,,,,63
40546223,0.5,0.142857149,0.5,0.585275471,0.00805860758,0.0483516455,0.315859616,0.281999826,15.9167824,-9.89853096,8.52336502,8.41797352,0,13.3953247,-9.89853096,9.25708771,268,7357,4,8,0,,,,63
40547355,0.5,0.545454562,0.5,0.585275471,0.0483516455,0.0402930379,0.315859616,0.281999826,15.9304171,-9.54222202,8.51432323,8.41797352,0,13.3881769,-9.54222202,9.17181301,268,7357,4,8,0,,,,59
40548482,0.5,0.529411793,0.5,0.585275471,0.0725274682,0.0644688606,0.315859616,0.281999826,15.9258718,-9.54222202,8.49623966,8.40319443,0,13.3953247,-9.54222202,9.17181301,268,7357,4,8,0,,,,59
40549618,0.5,0.545454562,0.5,0.585275471,0.0967032909,0.0805860758,0.315859616,0.281999826,15.9304171,-8.64746284,8.50226688,8.40108299,0,13.3953247,-8.64746284,9.08653831,268,7802,4,8,0,,,,59
40550745,0.5,0.519999981,0.5,0.585275471,0.104761899,0.0967032909,0.315859616,0.281999826,15.9304171,-8.64746284,8.4691143,8.40108299,0,13.3881769,-8.64746284,9.08653831,268,7802,4,8,0,,,,59
40551877,0.5,0.538461566,0.5,0.585275471,0.112820506,0.0967032909,0.315859616,0.281999826,15.9304171,-7.52511644,8.46308613,8.40319443,0,13.3881769,-7.52511644,9.00126362,268,7802,4,8,0,,,,59
40553004,0.5,0.571428597,0.5,0.585275471,0.0967032909,0.0725274682,0.315859616,0.281999826,15.9304171,-7.52511644,8.51733685,8.41586208,0,13.3881769,-7.52511644,9.00126362,268,7802,4,8,0,,,,59
40554135,0.5,0.5,0.5,0.585275471,0.0161172152,0.0161172152,0.315859616,0.281999826,15.9395075,-6.363626,8.58062935,8.46442318,0,13.3953247,-6.363626,8.91598892,268,7802,4,9,0,,,,59
40555262,0.5,0,0.5,0.585275471,0,0,0.315859616,0.281999826,15.9258718,-6.363626,8.64090729,8.47498035,0,13.4096212,-6.363626,8.91598892,268,7802,4,9,0,,,,59
40556398,0.5,0,0.5,0.585275471,0,0,0.315859616,0.281999826,15.9349623,-5.27047634,8.63487911,8.46864605,0,13.4453611,-5.27047634,8.83071327,268,7802,4,9,0,,,,59
40557525,0.5,0,0.5,0.585275471,0,0,0.315859616,0.281999826,15.9485979,-5.27047634,8.62583828,8.46231174,0,13.4739523,-5.27047634,8.83071327,268,7802,4,9,0,,,,59
40558657,0.5,0,0.5,0.585275471,0,0,0.315859616,0.281999826,15.9440527,-4.30054426,8.6198101,8.45808983,0,13.4668045,-4.30054426,8.74543858,268,8170,4,9,0,,,,59
40559783,0.5,0,0.5,0.585275471,0,0,0.315859616,0.281999826,15.9258718,-4.30054426,8.61378193,8.46231174,0,13.4668045,-4.30054426,8.74543858,268,8170,4,9,0,,,,59
40560915,0.5,0,0.5,0.585275471,0,0,0.315859616,0.281999826,15.9167824,-3.47554374,8.60775471,8.46231174,0,13.4596567,-3.47554374,8.66016388,268,8170,4,9,0,,,,59
40562047,0.5,0,0.5,0.585275471,0,0,0.315859616,0.281999826,15.9440527,-3.47554374,8.60172653,8.46231174,0,13.4310646,-3.47554374,8.66016388,268,8170,4,9,0,,,,59
40563178,0.5,0,0.5,0.585275471,0,0,0.315859616,0.281999826,15.9440527,-2.79719758,8.58967113,8.45597839,0,13.4310646,-2.79719758,8.57488823,268,8170,4,9,0,,,,59
40564305,0.5,0,0.5,0.585275471,0,0,0.315859616,0.281999826,15.9349623,-2.79719758,8.59268475,8.46231174,0,13.4239168,-2.79719758,8.57488823,268,8170,4,10,0,,,,59
40565436,0.5,0,0.5,0.585275471,0,0,0.315859616,0.281999826,15.9258718,-2.25598478,8.58665657,8.46231174,0,13.416769,-2.25598478,8.48961353,268,8170,4,10,0,,,,59
40566767,0.5,0,0.5,0.585275471,0,0,0.315859616,0.281999826,15.9395075,-2.25598478,8.57460117,8.46020031,0,13.4239168,-2.25598478,8.48961353,268,8170,4,10,0,,,,59
40567898,0.5,0,0.5,0.585275471,0,0,0.315859616,0.281999826,15.9349623,-1.8368113,8.57158756,8.46231174,0,13.4310646,-1.8368113,8.40433884,268,8170,4,10,0,,,,59
40569030,0.5,0,0.5,0.585275471,0,0,0.315859616,0.281999826,15.9304171,-1.8368113,8.56555939,8.46020031,0,13.4239168,-1.8368113,8.40433884,268,8534,4,10,0,,,,59
40570162,0.5,0,0.5,0.585275471,0,0,0.315859616,0.281999826,15.9349623,-1.52255917,8.56254578,8.46020031,0,13.4382124,-1.52255917,8.31906414,268,8534,4,10,0,,,,59
40571289,0.5,0,0.5,0.585275471,0,0,0.315859616,0.281999826,15.9304171,-1.52255917,8.5565176,8.46020031,0,13.4382124,-1.52255917,8.31906414,268,8534,4,10,0,,,,59
40572420,0.5,0,0.5,0.585275471,0,0,0.315859616,0.281999826,15.9485979,-1.29620695,8.54144764,8.46020031,0,13.4525089,-1.29620695,8.23378849,268,8534,4,10,0,,,,59
40573547,0.5,0,0.5,0.585275471,0,0,0.315859616,0.281999826,15.9349623,-1.29620695,8.5444622,8.45808983,0,13.4596567,-1.29620695,8.23378849,268,8534,4,11,0,,,,59
40574683,0.5,0,0.5,0.585275471,0,0,0.315859616,0.281999826,15.9167824,-1.14200068,8.54144764,8.45808983,0,13.4596567,-1.14200068,8.14851379,268,8534,4,11,0,,,,59
40575810,0.5,0,0.5,0.585275471,0,0,0.315859616,0.281999826,15.9531422,-1.14200068,8.53843403,8.45808983,0,13.4382124,-1.14200068,8.14851379,268,8534,4,11,0,,,,59
40576942,0.5,0,0.5,0.585275471,0,0,0.315859616,0.281999826,15.9440527,-1.04601622,8.58062935,8.45808983,0,13.4596567,-1.04601622,8.06323814,268,8534,4,11,0,,,,59
40578068,0.5,0,0.5,0.585275471,0,0,0.315859616,0.281999826,15.9349623,-1.04601622,8.58665657,8.45597839,0,13.4525089,-1.04601622,8.06323814,268,8836,4,11,0,,,,59
40579200,0.5,0,0.5,0.585275471,0,0,0.315859616,0.281999826,15.907692,-0.996339977,8.58364296,8.45808983,0,13.4739523,-0.996339977,7.97796345,268,8836,4,11,0,,,,59
40580327,0.5,0,0.5,0.585275471,0,0,0.315859616,0.281999826,15.9258718,-0.996339977,8.58364296,8.45808983,0,13.4739523,-0.996339977,7.97796345,268,8836,4,11,0,,,,59
40581462,0.5,0,0.5,0.585275471,0,0,0.315859616,0.281999826,15.9485979,-0.983027339,8.58364296,8.45808983,0,13.481101,-0.983027339,7.89268827,268,8836,4,11,0,,,,59
40582590,0.5,0,0.5,0.585275471,0,0,0.315859616,0.281999826,15.9395075,-0.983027339,8.58364296,8.44964409,0,13.4739523,-0.983027339,7.89268827,268,8836,4,11,0,,,,59
40583721,0.5,0,0.5,0.585275471,0,0,0.315859616,0.281999826,15.9349623,-0.997938156,8.58665657,8.45808983,0,13.4668045,-0.997938156,7.80741358,268,8836,4,12,0,,,,59
40584848,0.5,0,0.5,0.585275471,0,0,0.315859616,0.281999826,15.9349623,-0.997938156,8.58364296,8.45597839,0,13.4525089,-0.997938156,7.80741358,268,8836,4,12,0,,,,59
40585979,0.5,0,0.5,0.585275471,0,0,0.315859616,0.281999826,15.9304171,-1.03451681,8.58364296,8.45597839,0,13.4453611,-1.03451681,7.7221384,268,8836,4,12,0,,,,59
40587111,0.5,0,0.5,0.585275471,0,0,0.315859616,0.281999826,15.9531422,-1.03451681,8.58665657,8.44964409,0,13.4382124,-1.03451681,7.7221384,268,8836,4,12,0,,,,59
40588447,0.5,0,0.5,0.585275471,0,0,0.315859616,0.281999826,15.9395075,-1.08755684,8.58665657,8.45597839,0,13.4239168,-1.08755684,7.63686323,268,9119,4,12,0,,,,59
40589574,0.5,0,0.5,0.585275471,0,0,0.315859616,0.281999826,15.9349623,-1.08755684,8.58665657,8.45597839,0,13.416769,-1.08755684,7.63686323,268,9119,4,12,0,,,,59
40590705,0.5,0,0.5,0.585275471,0,0,0.315859616,0.281999826,15.9395075,-1.15297389,8.58665657,8.45597839,0,13.4024725,-1.15297389,7.55158806,268,9119,4,12,0,,,,59
40591832,0.5,0,0.5,0.585275471,0,0,0.315859616,0.281999826,15.9258718,-1.15297389,8.58062935,8.45386696,0,13.3881769,-1.15297389,7.55158806,268,9119,4,12,0,,,,59
40592963,0.5,0,0.5,0.585275471,0,0.0161172152,0.315859616,0.281999826,15.9349623,-1.22759891,8.57460117,8.44330978,0,13.3810291,-1.22759891,7.46631289,268,9119,4,13,0,,,,59
40594095,0.5,0,0.5,0.585275471,0,0,0.315859616,0.281999826,15.9349623,-1.22759891,8.57761478,8.44753265,0,13.3953247,-1.22759891,7.46631289,268,9119,4,13,0,,,,59
40595226,0.5,0,0.5,0.585275471,0,0,0.315859616,0.281999826,15.9440527,-1.30899835,8.56555939,8.44964409,0,13.4024725,-1.30899835,7.38103819,268,9119,4,13,0,,,,59
40596353,0.5,0,0.5,0.585275471,0,0,0.315859616,0.281999826,15.9258718,-1.30899835,8.58062935,8.45175552,0,13.3953247,-1.30899835,7.38103819,268,9119,4,13,0,,,,59
40597484,0.5,0,0.5,0.585275471,0,0,0.315859616,0.281999826,15.9395075,-1.39532113,8.56254578,8.45386696,0,13.4024725,-1.39532113,7.29576302,268,9119,4,13,0,,,,59
40598611,0.5,0,0.5,0.585275471,0,0,0.315859616,0.281999826,15.9304171,-1.39532113,8.58665657,8.45597839,0,13.3953247,-1.39532113,7.29576302,268,9389,4,13,0,,,,59
40599747,0.5,0,0.5,0.585275471,0,0,0.315859616,0.281999826,15.9304171,-1.48517251,8.58364296,8.44753265,0,13.3953247,-1.48517251,7.21048784,268,9389,4,13,0,,,,59
40600874,0.5,0,0.5,0.585275471,0,0,0.315859616,0.281999826,15.9349623,-1.48517251,8.58665657,8.44542122,0,13.3953247,-1.48517251,7.21048784,268,9389,4,13,0,,,,59
40602006,0.5,0,0.5,0.585275471,0,0,0.315859616,0.281999826,15.9304171,-1.57751119,8.568573,8.45597839,0,13.3953247,-1.57751119,7.12521267,268,9389,4,13,0,,,,59
40603132,0.5,0,0.5,0.585275471,0,0,0.315859616,0.281999826,15.9304171,-1.57751119,8.57158756,8.44964409,0,13.3881769,-1.57751119,7.12521267,268,9389,4,14,0,,,,59
40604264,0.5,0,0.5,0.585275471,0,0,0.315859616,0.281999826,15.9304171,-1.67156661,8.58364296,8.45175552,0,13.3953247,-1.67156661,7.0399375,268,9389,4,14,0,,,,59
40605390,0.5,0,0.5,0.585275471,0,0,0.315859616,0.281999826,15.9304171,-1.67156661,8.58665657,8.44964409,0,13.3953247,-1.67156661,7.0399375,268,9389,4,14,0,,,,59
40606526,0.5,0,0.5,0.585275471,0,0,0.315859616,0.281999826,15.9304171,-1.7667737,8.56254578,8.43908691,0,13.3953247,-1.7667737,6.9546628,268,9389,4,14,0,,,,59
40607653,0.5,0,0.5,0.585275471,0,0,0.315859616,0.281999826,15.9349623,-1.7667737,8.58665657,8.44964409,0,13.3953247,-1.7667737,6.9546628,268,9389,4,14,0,,,,59
40608988,0.5,0,0.5,0.585275471,0,0,0.315859616,0.281999826,15.9485979,-1.86272228,8.58665657,8.45597839,0,13.3953247,-1.86272228,6.86938763,268,9609,4,14,0,,,,59
40610115,0.5,0,0.5,0.585275471,0,0,0.315859616,0.281999826,15.9395075,-1.86272228,8.58665657,8.45808983,0,13.3953247,-1.86272228,6.86938763,268,9609,4,14,0,,,,59
40611247,0.5,0,0.5,0.585275471,0,0,0.315859616,0.281999826,15.9395075,-1.95911765,8.58364296,8.45808983,0,13.3953247,-1.95911765,6.78411245,268,9609,4,14,0,,,,59
40612373,0.5,0,0.5,0.585275471,0,0,0.315859616,0.281999826,15.9258718,-1.95911765,8.58364296,8.45175552,0,13.4024725,-1.95911765,6.78411245,268,9609,4,14,0,,,,59
40613509,0.5,0,0.5,0.585275471,0,0,0.315859616,0.281999826,15.9213276,-2.05575013,8.58665657,8.45597839,0,13.4024725,-2.05575013,6.69883728,268,9609,4,15,0,,,,59
40614636,0.5,0,0.5,0.585275471,0,0,0.315859616,0.281999826,15.9349623,-2.05575013,8.58364296,8.45808983,0,13.4096212,-2.05575013,6.69883728,268,9609,4,15,0,,,,59
40615768,0.5,0,0.5,0.585275471,0,0,0.315859616,0.281999826,15.9304171,-2.1524725,8.58665657,8.45597839,0,13.416769,-2.1524725,6.61356211,268,9609,4,15,0,,,,59
40616896,0.5,0,0.5,0.585275471,0,0,0.315859616,0.281999826,15.9395075,-2.1524725,8.58364296,8.45597839,0,13.4239168,-2.1524725,6.61356211,268,9609,4,15,0,,,,59
40618027,0.5,0,0.5,0.585275471,0,0,0.315859616,0.281999826,15.9485979,-2.2491827,8.58364296,8.45597839,0,13.4239168,-2.2491827,6.52828693,268,9609,4,15,0,,,,59
40619159,0.5,0,0.5,0.585275471,0,0,0.315859616,0.281999826,15.9349623,-2.2491827,8.58364296,8.45808983,0,13.4453611,-2.2491827,6.52828693,268,9815,4,15,0,,,,59
40620290,0.5,0,0.5,0.585275471,0,0,0.315859616,0.281999826,15.9258718,-2.34581161,8.58364296,8.45597839,0,13.4525089,-2.34581161,6.44301176,268,9815,4,15,0,,,,59
40621418,0.5,0,0.5,0.585275471,0,0,0.315859616,0.281999826,15.9258718,-2.34581161,8.58062935,8.45597839,0,13.4525089,-2.34581161,6.44301176,268,9815,4,15,0,,,,59
40622549,0.5,0,0.5,0.585275471,0,0,0.315859616,0.281999826,15.9485979,-2.44231248,8.58665657,8.45597839,0,13.4596567,-2.44231248,6.35773659,268,9815,4,15,0,,,,59
40623676,0.5,0,0.5,0.585275471,0,0,0.315859616,0.281999826,15.9395075,-2.44231248,8.58665657,8.45386696,0,13.4739523,-2.44231248,6.35773659,268,9815,4,15,0,,,,59
40624807,0.5,0,0.5,0.585275471,0,0,0.315859616,0.281999826,15.9258718,-2.53865528,8.58364296,8.45386696,0,13.4739523,-2.53865528,6.27246141,268,9815,4,16,0,,,,59
40625939,0.5,0,0.5,0.585275471,0,0,0.315859616,0.281999826,15.9258718,-2.53865528,8.58665657,8.45597839,0,13.481101,-2.53865528,6.27246141,268,9815,4,16,0,,,,59
40627070,0.5,0,0.5,0.585275471,0,0,0.315859616,0.281999826,15.9485979,-2.6348207,8.58665657,8.45597839,0,13.4739523,-2.6348207,6.18718672,268,9815,4,16,0,,,,59
40628197,0.5,0,0.5,0.585275471,0,0,0.315859616,0.281999826,15.9440527,-2.6348207,8.58364296,8.45597839,0,13.5025444,-2.6348207,6.18718672,268,9815,4,16,0,,,,59
40629329,0.5,0,0.5,0.585275471,0,0,0.315859616,0.281999826,15.9304171,-2.73079729,8.58364296,8.45597839,0,13.5096922,-2.73079729,6.10191154,268,9815,4,16,0,,,,59
40630659,0.5,0,0.5,0.585275471,0,0,0.315859616,0.281999826,15.9440527,-2.73079729,8.58665657,8.45597839,0,13.5239887,-2.73079729,6.10191154,268,10019,4,16,0,,,,59
40631795,0.5,0,0.5,0.585275471,0,0,0.315859616,0.281999826,15.9395075,-2.82657886,8.58364296,8.45386696,0,13.5311365,-2.82657886,6.01663637,268,10019,4,16,0,,,,59
40632922,0.5,0,0.5,0.585275471,0,0,0.315859616,0.281999826,15.9258718,-2.82657886,8.58364296,8.45386696,0,13.5382843,-2.82657886,6.01663637,268,10019,4,16,0,,,,59
40634053,0.5,0,0.5,0.585275471,0,0,0.315859616,0.281999826,15.9167824,-2.92216206,8.58364296,8.45386696,0,13.5454321,-2.92216206,5.9313612,268,10019,4,16,0,,,,59
40635181,0.5,0,0.5,0.585275471,0,0,0.315859616,0.281999826,15.9440527,-2.92216206,8.58364296,8.44542122,0,13.5668764,-2.92216206,5.9313612,268,10019,4,17,0,,,,59
40636312,0.5,0,0.5,0.585275471,0,0,0.315859616,0.281999826,15.9395075,-3.01754594,8.58364296,8.45597839,0,13.5740242,-3.01754594,5.84608603,268,10019,4,17,0,,,,59
40637439,0.5,0,0.5,0.585275471,0,0,0.315859616,0.281999826,15.9304171,-3.01754594,8.58665657,8.45386696,0,13.5954685,-3.01754594,5.84608603,268,10019,4,17,0,,,,59
40638575,0.5,0,0.5,0.585275471,0,0,0.315859616,0.281999826,15.9258718,-3.11273098,8.58364296,8.45597839,0,13.6169128,-3.11273098,5.76081085,268,10019,4,17,0,,,,59
40639702,0.5,0,0.5,0.585275471,0,0,0.315859616,0.281999826,15.9440527,-3.11273098,8.58364296,8.45386696,0,13.6240606,-3.11273098,5.76081085,268,10019,4,17,0,,,,59
40640833,0.5,0,0.5,0.585275471,0,0,0.315859616,0.281999826,15.9349623,-3.20771813,8.58364296,8.44542122,0,13.6383562,-3.20771813,5.67553568,268,10249,4,17,0,,,,59
40641960,0.5,0,0.5,0.585275471,0,0,0.315859616,0.281999826,15.9304171,-3.20771813,8.58665657,8.45386696,0,13.6598005,-3.20771813,5.67553568,268,10249,4,17,0,,,,59
40643091,0.5,0,0.5,0.585275471,0,0,0.315859616,0.281999826,15.9258718,-3.30250883,8.58364296,8.45386696,0,13.6669483,-3.30250883,5.59026051,268,10249,4,17,0,,,,59
40644223,0.5,0,0.5,0.585275471,0,0,0.315859616,0.281999826,15.9395075,-3.30250883,8.58364296,8.44753265,0,13.6812439,-3.30250883,5.59026051,268,10249,4,17,0,,,,59
40645354,0.5,0,0.5,0.585275471,0,0,0.315859616,0.281999826,15.9304171,-3.39710426,8.58665657,8.45386696,0,13.6955404,-3.39710426,5.50498533,268,10249,4,17,0,,,,59
40646482,0.5,0,0.5,0.585275471,0,0,0.315859616,0.281999826,15.9440527,-3.39710426,8.58364296,8.45386696,0,13.709836,-3.39710426,5.50498533,268,10249,4,18,0,,,,59
40647613,0.5,0,0.5,0.585275471,0,0,0.315859616,0.281999826,15.9304171,-3.49150634,8.58665657,8.45386696,0,13.7241325,-3.49150634,5.41971016,268,10249,4,18,0,,,,59
40648740,0.5,0,0.5,0.585275471,0,0,0.315859616,0.281999826,15.9395075,-3.49150634,8.58665657,8.45386696,0,13.7312803,-3.49150634,5.41971016,268,10249,4,18,0,,,,59
40649872,0.5,0,0.5,0,0,0,0.315859616,0.281999826,15.9349623,-2.58797264,8.58665657,8.45386696,0,13.7455759,-2.58797264,5.91971064,268,0,0,0,0,,,,59
40651207,0.5,0,0.5,0,0,0,0.315859616,0.281999826,15.9349623,-2.58797264,8.58364296,8.45597839,0,13.7598724,-2.58797264,5.91971064,268,0,0,0,0,,,,59
40652338,0.5,0,0.5,0,0,0,0.315859616,0.281999826,15.9167824,0.387783289,8.58364296,8.45386696,0,13.774168,0.387783289,6.41971064,268,0,0,0,0,,,,59
40653465,0.5,0,0.5,0,0,0,0.315859616,0.281999826,15.9349623,0.387783289,8.58364296,8.45175552,0,13.7884636,0.387783289,6.41971064,268,0,0,0,0,,,,59
40654597,0.5,0,0.5,0,0,0,0.315859616,0.281999826,15.9304171,4.9005332,8.58665657,8.45597839,0,13.774168,4.9005332,6.91971064,268,0,0,0,0,,,,59
40655724,0.5,0,0.5,0,0,0,0.315859616,0.281999826,15.9258718,4.9005332,8.58665657,8.45386696,0,13.7527237,4.9005332,6.91971064,268,0,0,0,0,,,,59
40656855,0.5,0,0.5,0,0,0,0.315859616,0.281999826,15.9395075,9.97283649,8.57761478,8.44964409,0,13.6812439,9.97283649,7.41971064,268,0,0,0,0,,,,59
40657987,0.5,0,0.5,0,0,0,0.315859616,0.281999826,15.9304171,9.97283649,8.58364296,8.44964409,0,13.5668764,9.97283649,7.41971064,268,5786,0,0,0,,,,59
40659118,0.5,0,0.5,0,0,0,0.315859616,0.281999826,15.9349623,12,8.58665657,8.45386696,0,13.3667326,15.0299063,6.14236975,268,5786,0,0,0,,,,59
40660245,0.5,0.514705896,0.5,0,0.282051265,0.26593405,0.315859616,0.281999826,15.9122372,12,8.28827858,8.30607224,0,13.3810291,15.0299063,6.14236975,268,5786,0,0,0,,,,59
40661376,0.5,0.523809552,0.5,0,0.354578733,0.322344303,0.315859616,0.281999826,15.8849669,10.4323044,8.28225136,8.27440166,0,13.3667326,10.4323044,6.64236975,268,5786,0,0,0,,,,59
40662504,0.5,0.51111114,0.5,0,0.370695949,0.354578733,0.315859616,0.281999826,15.8849669,10.4323044,8.32143211,8.27017879,0,13.3667326,10.4323044,6.64236975,268,5786,0,0,0,,,,59
40663639,0.5,0.50999999,0.5,0,0.410988986,0.394871771,0.315859616,0.281999826,15.8940573,10.0048695,8.36664104,8.26384449,0,13.3667326,10.0048695,7.14237022,268,5784,0,0,0,,,,59
40664767,0.5,0.516483545,0.5,0,0.378754556,0.354578733,0.315859616,0.281999826,15.8804216,10.0048695,8.29430676,8.26806736,0,13.3595848,10.0048695,7.14237022,268,5784,0,0,0,,,,59
40665898,0.5,0.495495498,0.5,0,0.443223417,0.451282024,0.315859616,0.281999826,15.8713312,12,8.23101425,8.23639679,0,13.3595848,12.0102901,7.63633394,268,5784,0,0,0,,,,59
40667025,0.5,0.491228074,0.5,0,0.451282024,0.46739924,0.315859616,0.281999826,15.866787,12,8.20690346,8.22372913,0,13.3452892,12.0102901,7.63633394,268,5784,0,0,0,,,,59
40668156,0.5,0.491803288,0.5,0,0.483516455,0.49963367,0.315859616,0.281999826,15.866787,12,8.21293068,8.21317196,0,13.352437,15.2043009,6.25669384,268,5784,0,0,0,,,,59
40669318,0.5,0.503546119,0.5,0,0.572161138,0.56410253,0.31607163,0.281831026,15.8713312,12,8.14662457,8.17939091,0,13.3667326,15.2043009,6.25669384,268,5796,0,0,0,,,,63
40670488,0.5,0.491525441,0.5,0,0.701098859,0.725274682,0.316336215,0.281621009,15.8213358,9.03667831,8.02003956,8.10127068,0,13.3309927,9.03667831,6.75669384,268,5796,0,0,0,,,,63
40671854,0.5,0.490099013,0.5,0,0.79780215,0.830036581,0.316159904,0.281760871,15.825881,9.03667831,7.9748311,8.05059814,0,13.3381405,9.03667831,6.75669384,268,5796,0,0,0,,,,63
40673020,0.5,0.49444443,0.5,0,0.717216074,0.73333329,0.315689087,0.282135874,15.8395166,7.84182358,8.07730484,8.1118269,0,13.3452892,7.84182358,7.25669432,268,5796,0,0,0,,,,63
40674181,0.5,0.493902445,0.5,0,0.652747214,0.668864429,0.315218419,0.282512873,15.8622417,7.84182358,8.11045742,8.15194321,0,13.3595848,7.84182358,7.25669432,268,5796,0,0,0,,,,63
40675347,0.5,0.491525412,0.5,0,0.46739924,0.483516455,0.314728916,0.282907188,15.8849669,9.5834198,8.23101425,8.2490654,0,13.3667326,9.5834198,7.75669432,268,5789,0,0,0,,,,63
40676513,0.5,0.493975908,0.5,0,0.330402911,0.338461518,0.314208746,0.283328831,15.8940573,9.5834198,8.32143211,8.28706932,0,13.3738813,9.5834198,7.75669432,268,5789,0,0,0,,,,63
40677678,0.5,0.469879508,0.5,0,0.314285696,0.354578733,0.313383281,0.284003437,15.8986015,12,8.35157108,8.2976265,0,13.3738813,12.8426027,7.76242399,268,5789,0,0,0,,,,63
40678839,0.5,0.5,0.5,0,0.306227088,0.306227088,0.312337577,0.284867704,15.8940573,12,8.32143211,8.31240559,0,13.3667326,12.8426027,7.76242399,268,5789,0,0,0,,,,63
40680005,0.5,0.490384609,0.5,0,0.410988986,0.427106202,0.311549634,0.285526335,15.8758764,12,8.23101425,8.25328827,0,13.3595848,14.153348,6.99927235,268,5789,0,0,0,,,,63
40681167,0.5,0.491071433,0.5,0,0.443223417,0.459340632,0.310906678,0.286068529,15.866787,12,8.20087528,8.23217392,0,13.352437,14.153348,6.99927235,268,5774,0,0,0,,,,63
40682332,0.5,0.496124059,0.5,0,0.515750885,0.523809493,0.310316414,0.286570042,15.8622417,10.2493896,8.18580532,8.20894909,0,13.352437,10.2493896,7.49927235,268,5774,0,0,0,,,,63
40683498,0.5,0.503597081,0.5,0,0.56410253,0.556043923,0.309975684,0.286861271,15.8486061,10.2493896,8.13758278,8.18994713,0,13.3452892,10.2493896,7.49927235,268,5774,0,0,0,,,,63
40684664,0.5,0.511811018,0.5,0,0.523809493,0.49963367,0.310043722,0.286803007,15.8713312,10.2938519,8.18580532,8.2216177,0,13.3595848,10.2938519,7.99927282,268,5774,0,0,0,,,,63
40685825,0.5,0.495934963,0.5,0,0.491575062,0.49963367,0.310299426,0.286584526,15.866787,10.2938519,8.18580532,8.2216177,0,13.3595848,10.2938519,7.99927282,268,5774,0,0,0,,,,63
40686991,0.5,0.516949177,0.5,0,0.491575062,0.459340632,0.31063199,0.286301494,15.8758764,12,8.20991707,8.23639679,0,13.3595848,12.5933199,8.15123177,268,5733,0,0,0,,,,63
40688152,0.5,0.495867759,0.5,0,0.483516455,0.491575062,0.311047733,0.2859492,15.866787,12,8.20087528,8.22584057,0,13.352437,12.5933199,8.15123177,268,5733,0,0,0,,,,63
40689323,0.5,0.503759444,0.5,0,0.539926708,0.5318681,0.311313391,0.285725087,15.8622417,12,8.17374992,8.20261574,0,13.352437,14.1741381,7.37588406,268,5733,0,0,0,,,,63
40690484,0.5,0.51449275,0.5,0,0.572161138,0.539926708,0.311662227,0.285431832,15.8531513,12,8.14361095,8.19417,0,13.3452892,14.1741381,7.37588406,268,5733,0,0,0,,,,63
40691650,0.5,0.503496468,0.5,0,0.580219746,0.572161138,0.31220603,0.284977227,15.8622417,10.3835983,8.14963818,8.19417,0,13.3452892,10.3835983,7.87588406,268,5672,0,0,0,,,,63
40693016,0.5,0.5,0.5,0,0.539926708,0.539926708,0.312615246,0.284637123,15.8622417,10.3835983,8.15867996,8.20261574,0,13.352437,10.3835983,7.87588406,268,5672,0,0,0,,,,63
40694181,0.5,0.516949177,0.5,0,0.491575062,0.459340632,0.313038051,0.284287483,15.8758764,10.5049953,8.22197247,8.24273109,0,13.3595848,10.5049953,8.37588406,268,5672,0,0,0,,,,63
40695342,0.5,0.504672885,0.5,0,0.435164809,0.427106202,0.313653708,0.283781677,15.8758764,10.5049953,8.23402786,8.25117683,0,13.3595848,10.5049953,8.37588406,268,5672,0,0,0,,,,63
40696513,0.5,0.504504502,0.5,0,0.451282024,0.443223417,0.314205229,0.283331692,15.8804216,12,8.23402786,8.2553997,0,13.3667326,12.8580322,8.37256336,268,5672,0,0,0,,,,63
40697674,0.5,0.484848499,0.5,0,0.386813164,0.410988986,0.314353168,0.283211529,15.8804216,12,8.24608421,8.26173306,0,13.3595848,12.8580322,8.37256336,268,5585,0,0,0,,,,63
40698840,0.5,0.496062964,0.5,0,0.507692277,0.515750885,0.314060509,0.283449501,15.866787,12,8.19786167,8.21950626,0,13.352437,13.6612654,7.89806652,268,5585,0,0,0,,,,63
40700001,0.5,0.495867759,0.5,0,0.483516455,0.491575062,0.313678324,0.283761501,15.8713312,12,8.20991707,8.23428535,0,13.352437,13.6612654,7.89806652,268,5585,0,0,0,,,,63
40701167,0.5,0.495934963,0.5,0,0.491575062,0.49963367,0.313350946,0.284029961,15.8713312,11.0658703,8.1918335,8.23006344,0,13.3595848,11.0658703,8.39806652,268,5585,0,0,0,,,,63
40702328,0.5,0.5,0.5,0,0.475457847,0.475457847,0.313092202,0.284242898,15.8758764,11.0658703,8.21293068,8.24061966,0,13.3667326,11.0658703,8.39806652,268,5496,0,0,0,,,,63
40703498,0.5,0.5,0.5,0,0.427106202,0.427106202,0.312955409,0.28435576,15.8804216,11.8452702,8.26416779,8.25962162,0,13.3595848,11.8452702,8.89806652,268,5496,0,0,0,,,,63
40704660,0.5,0.495575219,0.5,0,0.451282024,0.459340632,0.312839121,0.284451783,15.8804216,11.8452702,8.22197247,8.2490654,0,13.3667326,11.8452702,8.89806652,268,5496,0,0,0,,,,63
40705825,0.5,0.517857134,0.5,0,0.46739924,0.435164809,0.312937021,0.284370869,15.8758764,12,8.21895885,8.24695396,0,13.3595848,14.5004387,7.93131161,268,5496,0,0,0,,,,63
40706987,0.5,0.508474588,0.5,0,0.483516455,0.46739924,0.313453943,0.283945352,15.8713312,12,8.18881989,8.23428535,0,13.3595848,14.5004387,7.93131161,268,5496,0,0,0,,,,63
40708152,0.5,0.512820542,0.5,0,0.483516455,0.459340632,0.314171314,0.283359259,15.8758764,10.3371983,8.23704243,8.24061966,0,13.3595848,10.3371983,8.43131161,268,5393,0,0,0,,,,63
40709318,0.5,0.5,0.5,0,0.459340632,0.459340632,0.314810663,0.282841176,15.8758764,10.3371983,8.23101425,8.24273109,0,13.3595848,10.3371983,8.43131161,268,5393,0,0,0,,,,63
40710484,0.5,0.509259284,0.5,0,0.443223417,0.427106202,0.315304488,0.282443792,15.8804216,10.2846394,8.24005604,8.2553997,0,13.3667326,10.2846394,8.93131256,268,5393,0,0,0,,,,63
40711645,0.5,0.416666657,0.5,0,0.282051265,0.394871771,0.31455633,0.283046812,15.8895121,10.2846394,8.4178772,8.27440166,0,13.3595848,10.2846394,8.93131256,268,5393,0,0,0,,,,63
40712811,0.5,0.540000021,0.5,0,0.435164809,0.370695949,0.313028842,0.284295142,15.8804216,12,8.32444572,8.28495789,0,13.3595848,12.5964785,9.08141899,268,5313,0,0,0,,,,63
40714176,0.5,0.536842108,0.5,0,0.410988986,0.354578733,0.313146204,0.284198433,15.8895121,12,8.25211143,8.27862453,0,13.3595848,12.5964785,9.08141899,268,5313,0,0,0,,,,63
40715342,0.5,0.519607842,0.5,0,0.427106202,0.394871771,0.314625919,0.282990515,15.8849669,12,8.25813961,8.27017879,0,13.3667326,14.2378387,8.26870346,268,5313,0,0,0,,,,63
40716508,0.5,0.485148519,0.5,0,0.394871771,0.419047594,0.315719754,0.282111377,15.8804216,12,8.28225136,8.26384449,0,13.3595848,14.2378387,8.26870346,268,5313,0,0,0,,,,63
40717673,0.5,0.5,0.5,0,0.427106202,0.427106202,0.315989345,0.281896502,15.8804216,10.3434553,8.23704243,8.26173306,0,13.3667326,10.3434553,8.76870441,268,5205,0,0,0,,,,63
40718834,0.5,0.514285743,0.5,0,0.435164809,0.410988986,0.316185117,0.281740844,15.8804216,10.3434553,8.28526497,8.26173306,0,13.3667326,10.3434553,8.76870441,268,5205,0,0,0,,,,63
40720000,0.5,0.459770113,0.5,0,0.322344303,0.378754556,0.316036463,0.281858981,15.8849669,10.4697599,8.4058218,8.2765131,0,13.3738813,10.4697599,9.26870441,268,5205,0,0,0,,,,63
40721161,0.5,0.494252861,0.5,0,0.346520126,0.354578733,0.315100789,0.282607406,15.8895121,10.4697599,8.32745934,8.28918076,0,13.3667326,10.4697599,9.26870441,268,5205,0,0,0,,,,63
40722331,0.5,0.5,0.5,0,0.346520126,0.346520126,0.314272046,0.283277392,15.8895121,12,8.29732037,8.28706932,0,13.3667326,12.8886528,9.24742126,268,5120,0,0,0,,,,63
40723493,0.5,0.514851511,0.5,0,0.419047594,0.394871771,0.314112097,0.28340748,15.8895121,12,8.3304739,8.28284645,0,13.3667326,12.8886528,9.24742126,268,5120,0,0,0,,,,63
40724658,0.5,0.489795923,0.5,0,0.386813164,0.402930379,0.314226538,0.283314377,15.8804216,12,8.28225136,8.26806736,0,13.3595848,13.6920443,8.75487041,268,5120,0,0,0,,,,63
40725819,0.5,0.490384609,0.5,0,0.410988986,0.427106202,0.314028412,0.283475637,15.8758764,12,8.21594429,8.2553997,0,13.3595848,13.6920443,8.75487041,268,5120,0,0,0,,,,63
40726985,0.5,0.487179488,0.5,0,0.459340632,0.483516455,0.313473076,0.283929706,15.8758764,11.058075,8.23101425,8.24061966,0,13.3595848,11.058075,9.25487041,268,5056,0,0,0,,,,63
40728146,0.5,0.504424751,0.5,0,0.459340632,0.451282024,0.312957197,0.28435427,15.8758764,11.058075,8.23704243,8.24484253,0,13.3595848,11.058075,9.25487041,268,5056,0,0,0,,,,63
40729316,0.5,0.504587173,0.5,0,0.443223417,0.435164809,0.312808096,0.284477413,15.8758764,11.8736496,8.255126,8.24695396,0,13.3595848,11.8736496,9.75487041,268,5056,0,0,0,,,,63
40730478,0.5,0.5,0.5,0,0.419047594,0.419047594,0.31288442,0.284414381,15.8804216,11.8736496,8.255126,8.25962162,0,13.3667326,11.8736496,9.75487041,268,5056,0,0,0,,,,63
40731643,0.5,0.5090909,0.5,0,0.451282024,0.435164809,0.313070416,0.284260869,15.8758764,12,8.24909782,8.25328827,0,13.352437,14.6040678,8.72732639,268,5056,0,0,0,,,,63
40732805,0.5,0.49579832,0.5,0,0.475457847,0.483516455,0.313289791,0.284080207,15.8758764,12,8.22498608,8.24061966,0,13.352437,14.6040678,8.72732639,268,4984,0,0,0,,,,63
40733970,0.5,0.504424751,0.5,0,0.459340632,0.451282024,0.313419163,0.283973902,15.8758764,10.2131767,8.23402786,8.25328827,0,13.3595848,10.2131767,9.22732639,268,4984,0,0,0,,,,63
40735340,0.5,0.5,0.5,0,0.475457847,0.475457847,0.313534439,0.283879369,15.8804216,10.2131767,8.21895885,8.24273109,0,13.3667326,10.2131767,9.22732639,268,4984,0,0,0,,,,63
40736506,0.5,0.54285717,0.5,0,0.459340632,0.386813164,0.314210206,0.283327669,15.8849669,10.0943851,8.3304739,8.28073597,0,13.3667326,10.0943851,9.72732735,268,4984,0,0,0,,,,63
40737667,0.5,0.465909094,0.5,0,0.330402911,0.378754556,0.314969748,0.282712907,15.8804216,10.0943851,8.27019501,8.2765131,0,13.3595848,10.0943851,9.72732735,268,4937,0,0,0,,,,63
40738832,0.5,0.494623661,0.5,0,0.370695949,0.378754556,0.314781874,0.282864422,15.8895121,12,8.26115322,8.28495789,0,13.3667326,12.435955,9.97159672,268,4937,0,0,0,,,,63
40739994,0.5,0.5,0.5,0,0.378754556,0.378754556,0.314303547,0.283251822,15.8849669,12,8.30334854,8.28918076,0,13.3667326,12.435955,9.97159672,268,4937,0,0,0,,,,63
40741159,0.5,0.5090909,0.5,0,0.451282024,0.435164809,0.314216137,0.283322871,15.8804216,12,8.23704243,8.24695396,0,13.3595848,14.6511641,8.9164257,268,4844,0,0,0,,,,63
40742325,0.5,0.491071433,0.5,0,0.443223417,0.459340632,0.314251065,0.283294439,15.8758764,12,8.22498608,8.25117683,0,13.352437,14.6511641,8.9164257,268,4844,0,0,0,,,,63
40743491,0.5,0.5,0.5,0,0.483516455,0.483516455,0.314136505,0.283387601,15.866787,9.83429718,8.19786167,8.22584057,0,13.3595848,9.83429718,9.41642666,268,4844,0,0,0,,,,63
40744652,0.5,0.495867759,0.5,0,0.483516455,0.491575062,0.313959718,0.283531636,15.8713312,9.83429718,8.20388889,8.23217392,0,13.3595848,9.83429718,9.41642666,268,4844,0,0,0,,,,63
40745818,0.5,0.504761934,0.5,0,0.427106202,0.419047594,0.313867033,0.283607304,15.8758764,9.52074242,8.20991707,8.2553997,0,13.3595848,9.52074242,9.91642666,268,4794,0,0,0,,,,63
40746979,0.5,0.514563084,0.5,0,0.427106202,0.402930379,0.314100683,0.283416808,15.8849669,9.52074242,8.26115322,8.27229023,0,13.3667326,9.52074242,9.91642666,268,4794,0,0,0,,,,63
40748149,0.5,0.50526315,0.5,0,0.386813164,0.378754556,0.314632386,0.28298527,15.8895121,11.8071814,8.30033493,8.28495789,0,13.3667326,11.8071814,10.4164267,268,4794,0,0,0,,,,63
40749310,0.5,0.450549453,0.5,0,0.330402911,0.402930379,0.314394921,0.283177644,15.8849669,11.8071814,8.13758278,8.27862453,0,13.3595848,11.8071814,10.4164267,268,4794,0,0,0,,,,63
40750476,0.5,0.514285743,0.5,0,0.435164809,0.410988986,0.313433707,0.283961982,15.8804216,12,8.24909782,8.26806736,0,13.3667326,15.3891602,8.92834854,268,4743,0,0,0,,,,63
40751637,0.5,0.495495498,0.5,0,0.443223417,0.451282024,0.312915444,0.284388721,15.8713312,12,8.24608421,8.2490654,0,13.352437,15.3891602,8.92834854,268,4743,0,0,0,,,,63
40752803,0.5,0.495652169,0.5,0,0.459340632,0.46739924,0.312674224,0.284588277,15.8758764,9.04146957,8.24005604,8.25328827,0,13.3595848,9.04146957,9.42834854,268,4743,0,0,0,,,,63
40753964,0.5,0.504587173,0.5,0,0.443223417,0.435164809,0.312488496,0.284742326,15.8713312,9.04146957,8.20991707,8.24484253,0,13.3595848,9.04146957,9.42834854,268,4743,0,0,0,,,,63
40755135,0.5,0.522935808,0.5,0,0.459340632,0.419047594,0.312799364,0.284484684,15.8895121,7.92279625,8.27320957,8.28073597,0,13.3738813,7.92279625,9.92834949,268,4699,0,0,0,,,,63
40756500,0.5,0.494252861,0.5,0,0.346520126,0.354578733,0.313390344,0.283997566,15.8895121,7.92279625,8.29129314,8.2976265,0,13.3667326,7.92279625,9.92834949,268,4699,0,0,0,,,,63
40757665,0.5,0.534883738,0.5,0,0.370695949,0.322344303,0.31416142,0.283367336,15.8986015,9.8802166,8.32745934,8.33351898,0,13.3738813,9.8802166,10.4283495,268,4699,0,0,0,,,,63
40758827,0.5,0.519999981,0.5,0,0.314285696,0.290109873,0.3154836,0.282300174,15.8986015,9.8802166,8.33650112,8.3250742,0,13.3810291,9.8802166,10.4283495,268,4699,0,0,0,,,,63
40759992,0.5,0.529411793,0.5,0,0.362637341,0.322344303,0.317176759,0.280958146,15.8849669,12,8.29129314,8.28918076,0,13.3738813,13.4155254,10.0980034,268,4658,0,0,0,,,,63
40761153,0.5,0.517647088,0.5,0,0.354578733,0.330402911,0.318942636,0.279586911,15.8895121,12,8.28827858,8.30184937,0,13.3667326,13.4155254,10.0980034,268,4658,0,0,0,,,,63
40762324,0.5,0.504672885,0.5,0,0.435164809,0.427106202,0.320386589,0.278486639,15.8758764,12,8.255126,8.25117683,0,13.3595848,13.2529125,9.86304665,268,4658,0,0,0,,,,63
40763485,0.5,0.491525412,0.5,0,0.46739924,0.483516455,0.321106285,0.277945191,15.8758764,12,8.21594429,8.24061966,0,13.3595848,13.2529125,9.86304665,268,4658,0,0,0,,,,63
40764650,0.5,0.491379321,0.5,0,0.459340632,0.475457847,0.32112065,0.277934432,15.8713312,11.5125771,8.21895885,8.23217392,0,13.3595848,11.5125771,10.3630466,268,4633,0,0,0,,,,63
40765812,0.5,0.48031494,0.5,0,0.491575062,0.5318681,0.320577681,0.278342456,15.8713312,11.5125771,8.1918335,8.21528339,0,13.3595848,11.5125771,10.3630466,268,4633,0,0,0,,,,63
40766977,0.5,0.482456148,0.5,0,0.443223417,0.475457847,0.319585353,0.279094875,15.8758764,12,8.21293068,8.24061966,0,13.3595848,12.8708458,10.3522091,268,4633,0,0,0,,,,63
40768143,0.5,0.478991598,0.5,0,0.459340632,0.49963367,0.318323404,0.280064523,15.866787,12,8.21594429,8.23006344,0,13.3595848,12.8708458,10.3522091,268,4633,0,0,0,,,,63
40769309,0.5,0.495495498,0.5,0,0.443223417,0.451282024,0.317133904,0.280991763,15.8758764,12,8.22197247,8.24484253,0,13.3595848,13.2193136,10.136961,268,4558,0,0,0,,,,63
40770470,0.5,0.491071433,0.5,0,0.443223417,0.459340632,0.316257298,0.281683564,15.866787,12,8.23402786,8.23639679,0,13.352437,13.2193136,10.136961,268,4558,0,0,0,,,,63
40771636,0.5,0.491525412,0.5,0,0.46739924,0.483516455,0.315548331,0.282248378,15.8713312,11.8903456,8.21895885,8.24273109,0,13.3595848,11.8903456,10.636961,268,4558,0,0,0,,,,63
40772797,0.5,0.482456148,0.5,0,0.443223417,0.475457847,0.314751923,0.282888621,15.8713312,11.8903456,8.23402786,8.24484253,0,13.3595848,11.8903456,10.636961,268,4558,0,0,0,,,,63
40773963,0.5,0.488188952,0.5,0,0.49963367,0.523809493,0.31381017,0.283653706,15.866787,12,8.18881989,8.22584057,0,13.3595848,13.4631958,10.2786522,268,4535,0,0,0,,,,63
40775129,0.5,0.495726496,0.5,0,0.46739924,0.475457847,0.312971175,0.284342706,15.866787,12,8.21293068,8.23850822,0,13.3595848,13.4631958,10.2786522,268,4535,0,0,0,,,,63
40776294,0.5,0.5,0.5,0,0.515750885,0.515750885,0.312447786,0.284776121,15.8622417,12,8.17073631,8.20683765,0,13.352437,12.0829735,10.7299805,268,4535,0,0,0,,,,63
40777659,0.5,0.495934963,0.5,0,0.491575062,0.49963367,0.312145054,0.28502804,15.8713312,12,8.19484711,8.227952,0,13.3595848,12.0829735,10.7299805,268,4497,0,0,0,,,,63
40778825,0.5,0.507936537,0.5,0,0.515750885,0.49963367,0.312038422,0.28511706,15.866787,12,8.17676353,8.21528339,0,13.3595848,13.3587418,10.4329433,268,4497,0,0,0,,,,63
40779986,0.5,0.508064508,0.5,0,0.507692277,0.491575062,0.312246412,0.284943581,15.8713312,12,8.19484711,8.22584057,0,13.3595848,13.3587418,10.4329433,268,4497,0,0,0,,,,63
40781156,0.5,0.50420171,0.5,0,0.483516455,0.475457847,0.312629223,0.28462559,15.8713312,12,8.19786167,8.23639679,0,13.352437,12.1483421,10.8459263,268,4497,0,0,0,,,,63
40782318,0.5,0.5,0.5,0,0.523809493,0.523809493,0.312937349,0.284370631,15.8713312,12,8.18580532,8.22372913,0,13.3595848,12.1483421,10.8459263,268,4460,0,0,0,,,,63
40783483,0.5,0.5,0.5,0,0.475457847,0.475457847,0.313095689,0.284240007,15.8713312,12,8.21594429,8.23850822,0,13.3595848,13.3241377,10.5691881,268,4460,0,0,0,,,,63
40784644,0.5,0.5078125,0.5,0,0.523809493,0.507692277,0.313268393,0.284097821,15.8713312,12,8.18580532,8.22584057,0,13.3595848,13.3241377,10.5691881,268,4460,0,0,0,,,,63
40785810,0.5,0.5,0.5,0,0.475457847,0.475457847,0.313513368,0.283896655,15.8758764,12,8.21594429,8.24695396,0,13.3595848,12.1727304,10.967865,268,4460,0,0,0,,,,63
40786971,0.5,0.5,0.5,0,0.49963367,0.49963367,0.31367442,0.28376472,15.866787,12,8.1918335,8.23217392,0,13.352437,12.1727304,10.967865,268,4424,0,0,0,,,,63
40788142,0.5,0.491525412,0.5,0,0.46739924,0.483516455,0.313621044,0.28380841,15.8713312,12,8.20087528,8.23006344,0,13.352437,13.3136578,10.6972752,268,4424,0,0,0,,,,63
40789303,0.5,0.491935492,0.5,0,0.491575062,0.507692277,0.313303053,0.2840693,15.8622417,12,8.20087528,8.227952,0,13.352437,13.3136578,10.6972752,268,4424,0,0,0,,,,63
40790468,0.5,0.508064508,0.5,0,0.507692277,0.491575062,0.313039631,0.284286201,15.866787,12,8.20087528,8.23639679,0,13.352437,12.1827669,11.090065,268,4399,0,0,0,,,,63
40791630,0.5,0.508196712,0.5,0,0.49963367,0.483516455,0.313162863,0.284184664,15.8576965,12,8.17374992,8.2216177,0,13.352437,12.1827669,11.090065,268,4399,0,0,0,,,,63
40792795,0.5,0.503937006,0.5,0,0.515750885,0.507692277,0.313511699,0.283897996,15.866787,12,8.1797781,8.21739483,0,13.352437,13.3115244,10.8207254,268,4399,0,0,0,,,,63
40793961,0.5,0.492063493,0.5,0,0.49963367,0.515750885,0.313691497,0.283750743,15.8622417,12,8.17374992,8.21739483,0,13.352437,13.3115244,10.8207254,268,4399,0,0,0,,,,63
40795127,0.5,0.507246375,0.5,0,0.56410253,0.547985315,0.313718826,0.283728391,15.866787,12,8.16470814,8.21317196,0,13.3595848,12.1877546,11.2105894,268,4355,0,0,0,,,,63
40796288,0.5,0.492307693,0.5,0,0.515750885,0.5318681,0.31372419,0.28372404,15.866787,12,8.17374992,8.22584057,0,13.352437,12.1877546,11.2105894,268,4355,0,0,0,,,,63
40797453,0.5,0.492647052,0.5,0,0.539926708,0.556043923,0.313515037,0.283895314,15.866787,12,8.16772175,8.21106052,0,13.352437,13.312252,10.9408236,268,4355,0,0,0,,,,63
40798819,0.5,0.504000008,0.5,0,0.507692277,0.49963367,0.313257098,0.284107089,15.866787,12,8.1918335,8.22372913,0,13.352437,13.312252,10.9408236,268,4320,0,0,0,,,,63
40799984,0.5,0.49253732,0.5,0,0.5318681,0.547985315,0.313085765,0.284248173,15.866787,12,8.15867996,8.21317196,0,13.352437,12.190938,11.3288202,268,4320,0,0,0,,,,63
40801150,0.5,0.508333325,0.5,0,0.491575062,0.475457847,0.312996149,0.284322113,15.8758764,12,8.20690346,8.23217392,0,13.3595848,12.190938,11.3288202,268,4320,0,0,0,,,,63
40802315,0.5,0.504000008,0.5,0,0.507692277,0.49963367,0.313137144,0.284205854,15.866787,12,8.18279171,8.22584057,0,13.3595848,13.3139286,11.0580702,268,4320,0,0,0,,,,63
40803477,0.5,0.51968503,0.5,0,0.5318681,0.491575062,0.313622057,0.283807576,15.8713312,12,8.20087528,8.23850822,0,13.352437,13.3139286,11.0580702,268,4290,0,0,0,,,,63
40804643,0.5,0.488188952,0.5,0,0.49963367,0.523809493,0.314121693,0.283399671,15.8622417,12,8.17374992,8.21106052,0,13.3595848,12.1934462,11.4445963,268,4290,0,0,0,,,,63
40805804,0.5,0.492063493,0.5,0,0.49963367,0.515750885,0.314108938,0.283410043,15.866787,12,8.18279171,8.22584057,0,13.3595848,12.1934462,11.4445963,268,4290,0,0,0,,,,63
40806969,0.5,0.504000008,0.5,0,0.507692277,0.49963367,0.313884586,0.283592939,15.866787,12,8.18580532,8.21950626,0,13.3452892,13.3158913,11.1726952,268,4242,0,0,0,,,,63
40808135,0.5,0.484375,0.5,0,0.49963367,0.5318681,0.313614935,0.283813387,15.866787,12,8.18881989,8.2216177,0,13.352437,13.3158913,11.1726952,268,4242,0,0,0,,,,63
40809301,0.5,0.504132211,0.5,0,0.491575062,0.483516455,0.313245714,0.284116447,15.8622417,12,8.18580532,8.22584057,0,13.3452892,12.1956749,11.5579138,268,4242,0,0,0,,,,63
40810462,0.5,0.485074639,0.5,0,0.523809493,0.556043923,0.312857419,0.284436673,15.866787,12,8.16169453,8.21528339,0,13.352437,12.1956749,11.5579138,268,4242,0,0,0,,,,63
40811628,0.5,0.51968503,0.5,0,0.5318681,0.491575062,0.312677234,0.284585774,15.8713312,12,8.19786167,8.227952,0,13.352437,13.3179092,11.2848291,268,4199,0,0,0,,,,63
40812789,0.5,0.5,0.5,0,0.5318681,0.5318681,0.312916279,0.284388036,15.8713312,12,8.17374992,8.21528339,0,13.3595848,13.3179092,11.2848291,268,4199,0,0,0,,,,63
40813959,0.5,0.491803288,0.5,0,0.483516455,0.49963367,0.313060969,0.284268618,15.8713312,12,8.1918335,8.23006344,0,13.3595848,12.1977634,11.6688213,268,4199,0,0,0,,,,63
40815121,0.5,0.4921875,0.5,0,0.507692277,0.523809493,0.312821031,0.284466743,15.866787,12,8.18580532,8.21950626,0,13.352437,12.1977634,11.6688213,268,4183,0,0,0,,,,63
40816286,0.5,0.496000022,0.5,0,0.49963367,0.507692277,0.312438905,0.284783512,15.8758764,12,8.19786167,8.227952,0,13.3595848,13.3199053,11.3945665,268,4183,0,0,0,,,,63
40817448,0.5,0.496000022,0.5,0,0.49963367,0.507692277,0.312082887,0.285079896,15.866787,12,8.18580532,8.21950626,0,13.3595848,13.3199053,11.3945665,268,4183,0,0,0,,,,63
40818817,0.5,0.51219511,0.5,0,0.507692277,0.483516455,0.311985284,0.285161406,15.8713312,12,8.20690346,8.23639679,0,13.352437,12.1997623,11.7773867,268,4183,0,0,0,,,,63
40819979,0.5,0.496000022,0.5,0,0.49963367,0.507692277,0.312127024,0.285043091,15.8622417,12,8.18580532,8.21950626,0,13.352437,12.1997623,11.7773867,268,4129,0,0,0,,,,63
40821149,0.5,0.5,0.5,0,0.507692277,0.507692277,0.312191337,0.284989476,15.866787,12,8.19484711,8.22372913,0,13.352437,13.3218527,11.5019884,268,4129,0,0,0,,,,63
40822310,0.5,0.49253732,0.5,0,0.5318681,0.547985315,0.312079936,0.28508237,15.8531513,12,8.15566635,8.20261574,0,13.3452892,13.3218527,11.5019884,268,4129,0,0,0,,,,63
40823475,0.5,0.50746268,0.5,0,0.547985315,0.5318681,0.311977059,0.28516826,15.866787,12,8.16470814,8.21950626,0,13.352437,12.2016888,11.8836784,268,4102,0,0,0,,,,63
40824637,0.5,0.485074639,0.5,0,0.523809493,0.556043923,0.311837167,0.285285264,15.8576965,12,8.15867996,8.21106052,0,13.352437,12.2016888,11.8836784,268,4102,0,0,0,,,,63
40825802,0.5,0.5,0.5,0,0.5318681,0.5318681,0.311513156,0.285557002,15.866787,12,8.16169453,8.22372913,0,13.352437,13.3237438,11.607172,268,4102,0,0,0,,,,63
40826968,0.5,0.503875971,0.5,0,0.523809493,0.515750885,0.311314195,0.285724401,15.8576965,12,8.1797781,8.21317196,0,13.352437,13.3237438,11.607172,268,4102,0,0,0,,,,63
40828134,0.5,0.5,0.5,0,0.547985315,0.547985315,0.311324894,0.285715371,15.866787,12,8.16772175,8.21950626,0,13.352437,12.2035522,11.9877682,268,4076,0,0,0,,,,63
40829295,0.5,0.503937006,0.5,0,0.515750885,0.507692277,0.311407894,0.285645485,15.8622417,12,8.18279171,8.2216177,0,13.352437,12.2035522,11.9877682,268,4076,0,0,0,,,,63
40830461,0.5,0.51145035,0.5,0,0.539926708,0.515750885,0.311682194,0.285415083,15.8713312,12,8.16169453,8.21950626,0,13.3595848,13.3255768,11.710186,268,4076,0,0,0,,,,63
40831622,0.5,0.51219511,0.5,0,0.507692277,0.483516455,0.312243044,0.284946412,15.8713312,12,8.19786167,8.23006344,0,13.352437,13.3255768,11.710186,268,4052,0,0,0,,,,63
40832787,0.5,0.492647052,0.5,0,0.539926708,0.556043923,0.312728435,0.284543365,15.866787,12,8.1797781,8.21317196,0,13.3595848,12.2053556,12.0897255,268,4052,0,0,0,,,,63
40833954,0.5,0.496000022,0.5,0,0.49963367,0.507692277,0.312802017,0.284482449,15.866787,12,8.1918335,8.22584057,0,13.352437,12.2053556,12.0897255,268,4052,0,0,0,,,,63
40835119,0.5,0.492647052,0.5,0,0.539926708,0.556043923,0.312585711,0.284661621,15.866787,12,8.16169453,8.20472717,0,13.3381405,13.3273525,11.8111019,268,4023,0,0,0,,,,63
40836281,0.5,0.504000008,0.5,0,0.507692277,0.49963367,0.312365204,0.284844786,15.866787,12,8.19786167,8.22372913,0,13.352437,13.3273525,11.8111019,268,4023,0,0,0,,,,63
40837446,0.5,0.507246375,0.5,0,0.56410253,0.547985315,0.312404245,0.284812272,15.8622417,12,8.15265274,8.20261574,0,13.3452892,12.2071018,12.1896162,268,4023,0,0,0,,,,63
40838607,0.5,0.515625,0.5,0,0.5318681,0.49963367,0.31282562,0.284462929,15.8622417,12,8.16772175,8.21950626,0,13.352437,12.2071018,12.1896162,268,4023,0,0,0,,,,63
40839982,0.5,0.492647052,0.5,0,0.539926708,0.556043923,0.313295543,0.284075499,15.866787,12,8.15566635,8.21106052,0,13.352437,13.329073,11.9099836,268,3982,0,0,0,,,,63
40841143,0.5,0.492063493,0.5,0,0.49963367,0.515750885,0.313336492,0.284041852,15.866787,12,8.17676353,8.22584057,0,13.352437,13.329073,11.9099836,268,3982,0,0,0,,,,63
40842308,0.5,0.48888886,0.5,0,0.5318681,0.556043923,0.312965155,0.284347683,15.8576965,12,8.15566635,8.20683765,0,13.352437,12.2087927,12.2875061,268,3982,0,0,0,,,,63
40843470,0.5,0.507936537,0.5,0,0.515750885,0.49963367,0.312622696,0.284630984,15.866787,12,8.18580532,8.23217392,0,13.352437,12.2087927,12.2875061,268,3963,0,0,0,,,,63
40844635,0.5,0.5,0.5,0,0.556043923,0.556043923,0.312572271,0.284672767,15.866787,12,8.1315546,8.20894909,0,13.352437,13.330739,12.006896,268,3963,0,0,0,,,,63
40845796,0.5,0.5078125,0.5,0,0.523809493,0.507692277,0.312721312,0.284549266,15.8713312,12,8.17073631,8.23217392,0,13.352437,13.330739,12.006896,268,3963,0,0,0,,,,63
40846967,0.5,0.503546119,0.5,0,0.572161138,0.56410253,0.312997252,0.284321219,15.8622417,12,8.13456917,8.20894909,0,13.352437,12.2104301,12.3834581,268,3934,0,0,0,,,,63
40848128,0.5,0.507692337,0.5,0,0.5318681,0.515750885,0.313357145,0.284024864,15.866787,12,8.18580532,8.227952,0,13.352437,12.2104301,12.3834581,268,3934,0,0,0,,,,63
40849294,0.5,0.507246375,0.5,0,0.56410253,0.547985315,0.31379956,0.283662409,15.8622417,12,8.13758278,8.20261574,0,13.352437,13.3323526,12.101902,268,3934,0,0,0,,,,63
40850456,0.5,0.511278212,0.5,0,0.547985315,0.523809493,0.314358801,0.283206969,15.866787,12,8.16470814,8.21739483,0,13.352437,13.3323526,12.101902,268,3900,0,0,0,,,,63
40851622,0.5,0.506756783,0.5,0,0.604395568,0.588278353,0.314988643,0.282697707,15.8576965,12,8.13456917,8.18783569,0,13.352437,12.2120161,12.4775333,268,3900,0,0,0,,,,63
40852783,0.5,0.496183187,0.5,0,0.523809493,0.5318681,0.31543386,0.28234002,15.866787,12,8.17073631,8.20894909,0,13.3595848,12.2120161,12.4775333,268,3900,0,0,0,,,,63
40853953,0.5,0.513513505,0.5,0,0.612454176,0.580219746,0.31577,0.282071263,15.8576965,12,8.12552738,8.18572426,0,13.352437,13.3339157,12.1950598,268,3900,0,0,0,,,,63
40855115,0.5,0.496240616,0.5,0,0.5318681,0.539926708,0.31613028,0.281784415,15.8622417,12,8.17676353,8.20894909,0,13.3381405,13.3339157,12.1950598,268,3873,0,0,0,,,,63
40856280,0.5,0.492957741,0.5,0,0.56410253,0.580219746,0.316204756,0.281725228,15.866787,12,8.1315546,8.19417,0,13.352437,12.2135525,12.5697908,268,3873,0,0,0,,,,63
40857441,0.5,0.515384614,0.5,0,0.539926708,0.507692277,0.316255778,0.281684786,15.866787,12,8.17073631,8.21950626,0,13.352437,12.2135525,12.5697908,268,3873,0,0,0,,,,63
40858607,0.5,0.48550725,0.5,0,0.539926708,0.572161138,0.316370666,0.28159371,15.8622417,12,8.13758278,8.20261574,0,13.352437,13.3354292,12.2864294,268,3856,0,0,0,,,,63
40859773,0.5,0.484615386,0.5,0,0.507692277,0.539926708,0.315998852,0.281888932,15.866787,12,8.1797781,8.2216177,0,13.3595848,13.3354292,12.2864294,268,3856,0,0,0,,,,63
40861143,0.5,0.496350378,0.5,0,0.547985315,0.556043923,0.315329313,0.282423824,15.8713312,12,8.16470814,8.21106052,0,13.352437,12.2150402,12.6602879,268,3856,0,0,0,,,,63
40862304,0.5,0.503875971,0.5,0,0.523809493,0.515750885,0.314917266,0.282755196,15.866787,12,8.18279171,8.22584057,0,13.352437,12.2150402,12.6602879,268,3822,0,0,0,,,,63
40863470,0.5,0.492647052,0.5,0,0.539926708,0.556043923,0.314706177,0.282925576,15.866787,12,8.15265274,8.20894909,0,13.352437,13.336895,12.3760662,268,3822,0,0,0,,,,63
40864631,0.5,0.5,0.5,0,0.507692277,0.507692277,0.314483225,0.283106059,15.8622417,12,8.17374992,8.21317196,0,13.352437,13.336895,12.3760662,268,3822,0,0,0,,,,63
40865797,0.5,0.506944418,0.5,0,0.588278353,0.572161138,0.31442818,0.283150643,15.8622417,12,8.1315546,8.19205856,0,13.352437,12.2164812,12.7490797,268,3803,0,0,0,,,,63
40866963,0.5,0.5,0.5,0,0.539926708,0.539926708,0.314564228,0.283040434,15.8576965,12,8.16772175,8.20683765,0,13.352437,12.2164812,12.7490797,268,3803,0,0,0,,,,63
40868129,0.5,0.510344863,0.5,0,0.596336961,0.572161138,0.314815313,0.282837451,15.866787,12,8.13456917,8.19205856,0,13.352437,13.338315,12.4640255,268,3803,0,0,0,,,,63
40869290,0.5,0.507692337,0.5,0,0.5318681,0.515750885,0.315254062,0.282484263,15.8622417,12,8.17374992,8.21317196,0,13.352437,13.338315,12.4640255,268,3784,0,0,0,,,,63
40870456,0.5,0.506849289,0.5,0,0.596336961,0.580219746,0.315785438,0.282058954,15.866787,12,8.13758278,8.19628143,0,13.352437,12.2178764,12.8362198,268,3784,0,0,0,,,,63
40871617,0.5,0.507692337,0.5,0,0.5318681,0.515750885,0.316322148,0.281632125,15.866787,12,8.19484711,8.21106052,0,13.352437,12.2178764,12.8362198,268,3784,0,0,0,,,,63
40872788,0.5,0.503649652,0.5,0,0.556043923,0.547985315,0.316821992,0.281237066,15.866787,12,8.15867996,8.20261574,0,13.352437,13.3396902,12.5503588,268,3784,0,0,0,,,,63
40873949,0.5,0.496062964,0.5,0,0.507692277,0.515750885,0.317115158,0.281006455,15.866787,12,8.19484711,8.21950626,0,13.352437,13.3396902,12.5503588,268,3738,0,0,0,,,,63
40875114,0.5,0.489510477,0.5,0,0.56410253,0.588278353,0.317026854,0.281075835,15.8622417,12,8.16169453,8.20261574,0,13.352437,12.2192278,12.9217596,268,3738,0,0,0,,,,63
40876276,0.5,0.496183187,0.5,0,0.523809493,0.5318681,0.316669554,0.281357318,15.8713312,12,8.19484711,8.22372913,0,13.352437,12.2192278,12.9217596,268,3738,0,0,0,,,,63
40877442,0.5,0.488721818,0.5,0,0.523809493,0.547985315,0.316199154,0.281729728,15.8622417,12,8.17374992,8.21317196,0,13.352437,13.3410225,12.6351175,268,3729,0,0,0,,,,63
40878603,0.5,0.488721818,0.5,0,0.523809493,0.547985315,0.315568835,0.282231957,15.8576965,12,8.1797781,8.21106052,0,13.352437,13.3410225,12.6351175,268,3729,0,0,0,,,,63
40879773,0.5,0.5,0.5,0,0.596336961,0.596336961,0.314968973,0.282713532,15.8576965,12,8.14059639,8.19417,0,13.3452892,12.2205372,13.0057507,268,3729,0,0,0,,,,63
40880935,0.5,0.48120302,0.5,0,0.515750885,0.556043923,0.314379036,0.283190548,15.8531513,12,8.14963818,8.2005043,0,13.3452892,12.2205372,13.0057507,268,3713,0,0,0,,,,63
40882305,0.5,0.49640286,0.5,0,0.556043923,0.56410253,0.313671917,0.283766776,15.8576965,12,8.15867996,8.19839287,0,13.3452892,13.3423128,12.7183514,268,3713,0,0,0,,,,63
40883466,0.5,0.496503472,0.5,0,0.572161138,0.580219746,0.313107163,0.28423053,15.8486061,12,8.12552738,8.18783569,0,13.3452892,13.3423128,12.7183514,268,3713,0,0,0,,,,63
40884632,0.5,0.49640286,0.5,0,0.556043923,0.56410253,0.31272921,0.284542739,15.8622417,12,8.15566635,8.2005043,0,13.352437,12.2218046,13.0882416,268,3680,0,0,0,,,,63
40885798,0.5,0.496453941,0.5,0,0.56410253,0.572161138,0.312416106,0.284802437,15.8531513,12,8.1164856,8.18994713,0,13.352437,12.2218046,13.0882416,268,3680,0,0,0,,,,63
40886963,0.5,0.49253732,0.5,0,0.5318681,0.547985315,0.312081397,0.285081178,15.866787,12,8.16772175,8.21528339,0,13.352437,13.3435631,12.8001089,268,3680,0,0,0,,,,63
40888124,0.5,0.507042229,0.5,0,0.580219746,0.56410253,0.311849713,0.285274774,15.8576965,12,8.12854099,8.19628143,0,13.352437,13.3435631,12.8001089,268,3681,0,0,0,,,,63
40889290,0.5,0.496240616,0.5,0,0.5318681,0.539926708,0.311801225,0.285315335,15.866787,12,8.15867996,8.20894909,0,13.352437,12.223033,13.1692781,268,3681,0,0,0,,,,63
40890452,0.5,0.513888896,0.5,0,0.596336961,0.56410253,0.311943471,0.285196334,15.8622417,12,8.12854099,8.19205856,0,13.352437,12.223033,13.1692781,268,3681,0,0,0,,,,63
40891617,0.5,0.49253732,0.5,0,0.5318681,0.547985315,0.312171608,0.285005897,15.866787,12,8.17073631,8.21950626,0,13.352437,13.3447742,12.880435,268,3650,0,0,0,,,,63
40892783,0.5,0.519736826,0.5,0,0.636629999,0.588278353,0.312480539,0.284748882,15.8576965,12,8.09840202,8.18572426,0,13.352437,13.3447742,12.880435,268,3650,0,0,0,,,,63
40893948,0.5,0.489051133,0.5,0,0.539926708,0.56410253,0.312828928,0.284460217,15.8622417,12,8.15566635,8.20683765,0,13.352437,12.2242222,13.2489071,268,3650,0,0,0,,,,63
40895110,0.5,0.506756783,0.5,0,0.604395568,0.588278353,0.312981933,0.284333825,15.8622417,12,8.12251282,8.18994713,0,13.3309927,12.2242222,13.2489071,268,3627,0,0,0,,,,63
40896275,0.5,0.5,0.5,0,0.539926708,0.539926708,0.313099831,0.28423664,15.8531513,12,8.16772175,8.20683765,0,13.352437,13.3459463,12.9593754,268,3627,0,0,0,,,,63
40897437,0.5,0.506849289,0.5,0,0.596336961,0.580219746,0.313304037,0.284068495,15.8622417,12,8.14963818,8.2005043,0,13.352437,13.3459463,12.9593754,268,3627,0,0,0,,,,63
40898607,0.5,0.496296257,0.5,0,0.539926708,0.547985315,0.313482732,0.283921748,15.8531513,12,8.15867996,8.20683765,0,13.3452892,12.2253752,13.3271713,268,3625,0,0,0,,,,63
40899768,0.5,0.493055552,0.5,0,0.572161138,0.588278353,0.313433826,0.283961892,15.8622417,12,8.14059639,8.19839287,0,13.352437,12.2253752,13.3271713,268,3625,0,0,0,,,,63
40900934,0.5,0.503759444,0.5,0,0.539926708,0.5318681,0.313280404,0.284087926,15.8531513,12,8.14361095,8.2005043,0,13.3452892,13.3470831,13.036974,268,3625,0,0,0,,,,63
40902095,0.5,0.5,0.5,0,0.556043923,0.556043923,0.313250273,0.284112751,15.8622417,12,8.14662457,8.2005043,0,13.3381405,13.3470831,13.036974,268,3585,0,0,0,,,,63
40903464,0.5,0.49640286,0.5,0,0.556043923,0.56410253,0.313219041,0.284138411,15.8531513,12,8.1315546,8.19628143,0,13.3452892,12.226491,13.4041157,268,3585,0,0,0,,,,63
40904626,0.5,0.492753625,0.5,0,0.547985315,0.56410253,0.313024223,0.284298956,15.8622417,12,8.15867996,8.20472717,0,13.352437,12.226491,13.4041157,268,3585,0,0,0,,,,63
40905796,0.5,0.50967741,0.5,0,0.636629999,0.612454176,0.312890321,0.284409493,15.8576965,12,8.11347103,8.18361282,0,13.352437,13.3481836,13.1132727,268,3570,0,0,0,,,,63
40906957,0.5,0.478571415,0.5,0,0.539926708,0.588278353,0.312701255,0.284565866,15.8622417,12,8.15265274,8.2005043,0,13.352437,13.3481836,13.1132727,268,3570,0,0,0,,,,63
40908123,0.5,0.506578922,0.5,0,0.620512784,0.604395568,0.312318236,0.284883827,15.8622417,12,8.12552738,8.18361282,0,13.3452892,12.2275715,13.4797792,268,3570,0,0,0,,,,63
40909284,0.5,0.503597081,0.5,0,0.56410253,0.556043923,0.3121849,0.284994841,15.8486061,12,8.14963818,8.18994713,0,13.3452892,12.2275715,13.4797792,268,3555,0,0,0,,,,63
40910449,0.5,0.50993377,0.5,0,0.620512784,0.596336961,0.312405765,0.28481105,15.8622417,12,8.1315546,8.18994713,0,13.352437,13.3492489,13.1883116,268,3555,0,0,0,,,,63
40911611,0.5,0.492753625,0.5,0,0.547985315,0.56410253,0.312635243,0.284620583,15.8486061,12,8.1315546,8.19417,0,13.3452892,13.3492489,13.1883116,268,3555,0,0,0,,,,63
40912781,0.5,0.507042229,0.5,0,0.580219746,0.56410253,0.312743425,0.284530967,15.8713312,12,8.14361095,8.19205856,0,13.352437,12.2286196,13.554204,268,3539,0,0,0,,,,63
40913942,0.5,0.513513505,0.5,0,0.612454176,0.580219746,0.313069403,0.284261674,15.8440609,12,8.09237385,8.18572426,0,13.3452892,12.2286196,13.554204,268,3539,0,0,0,,,,63
40915108,0.5,0.496350378,0.5,0,0.547985315,0.556043923,0.313512117,0.283897668,15.866787,12,8.15867996,8.20683765,0,13.3381405,13.3502817,13.2621298,268,3539,0,0,0,,,,63
40916269,0.5,0.486301363,0.5,0,0.572161138,0.604395568,0.313524842,0.283887237,15.8440609,12,8.11949921,8.18783569,0,13.352437,13.3502817,13.2621298,268,3539,0,0,0,,,,63
40917435,0.5,0.5,0.5,0,0.56410253,0.56410253,0.313195944,0.284157455,15.866787,12,8.15867996,8.20683765,0,13.352437,12.2296333,13.6274271,268,3539,0,0,0,,,,63
40918601,0.5,0.506493509,0.5,0,0.628571391,0.612454176,0.313049436,0.284278125,15.8486061,12,8.09237385,8.16883373,0,13.352437,12.2296333,13.6274271,268,3539,0,0,0,,,,63
40919766,0.5,0.489510477,0.5,0,0.56410253,0.588278353,0.31299296,0.284324706,15.8622417,12,8.14662457,8.19839287,0,13.3452892,13.3512821,13.3347664,268,3496,0,0,0,,,,63
40920928,0.5,0.506578922,0.5,0,0.620512784,0.604395568,0.312874675,0.284422398,15.8576965,12,8.12251282,8.18150139,0,13.352437,13.3512821,13.3347664,268,3496,0,0,0,,,,63
40922093,0.5,0.503649652,0.5,0,0.556043923,0.547985315,0.312938035,0.284370035,15.8622417,12,8.15265274,8.19839287,0,13.3381405,12.2306166,13.6994877,268,3496,0,0,0,,,,63
40923255,0.5,0.506944418,0.5,0,0.588278353,0.572161138,0.313196212,0.284157217,15.8576965,12,8.12552738,8.19205856,0,13.3452892,12.2306166,13.6994877,268,3482,0,0,0,,,,63
40924624,0.5,0.514084518,0.5,0,0.588278353,0.556043923,0.313672125,0.283766627,15.8531513,12,8.12854099,8.19205856,0,13.352437,13.352252,13.4062586,268,3482,0,0,0,,,,63
40925790,0.5,0.503649652,0.5,0,0.556043923,0.547985315,0.314285696,0.283266336,15.866787,12,8.17073631,8.20894909,0,13.352437,13.352252,13.4062586,268,3482,0,0,0,,,,63
40926955,0.5,0.513513505,0.5,0,0.612454176,0.580219746,0.314914674,0.282757282,15.8576965,12,8.12552738,8.18783569,0,13.3452892,12.2315683,13.770421,268,3470,0,0,0,,,,63
40928117,0.5,0.503546119,0.5,0,0.572161138,0.56410253,0.315550745,0.282246411,15.8576965,12,8.15265274,8.19839287,0,13.3452892,12.2315683,13.770421,268,3470,0,0,0,,,,63
40929282,0.5,0.496732056,0.5,0,0.612454176,0.620512784,0.315955281,0.281923562,15.8576965,12,8.12854099,8.17939091,0,13.352437,13.3531904,13.4766407,268,3470,0,0,0,,,,63
40930444,0.5,0.492957741,0.5,0,0.56410253,0.580219746,0.315973371,0.281909198,15.8440609,12,8.1315546,8.18572426,0,13.3452892,13.3531904,13.4766407,268,3456,0,0,0,,,,63
40931614,0.5,0.493506491,0.5,0,0.612454176,0.628571391,0.315708846,0.282120079,15.8576965,12,8.12251282,8.17727947,0,13.3452892,12.2324905,13.8402624,268,3456,0,0,0,,,,63
40932775,0.5,0.490445882,0.5,0,0.620512784,0.644688606,0.315268934,0.282472342,15.8349714,12,8.08634663,8.15827656,0,13.3452892,12.2324905,13.8402624,268,3456,0,0,0,,,,63
40933941,0.5,0.5,0.5,0,0.596336961,0.596336961,0.31482622,0.282828659,15.8531513,12,8.12552738,8.18783569,0,13.352437,13.3541002,13.545949,268,3445,0,0,0,,,,63
40935102,0.5,0.487341762,0.5,0,0.620512784,0.652747214,0.314395994,0.28317675,15.8440609,12,8.08333206,8.1667223,0,13.3309927,13.3541002,13.545949,268,3445,0,0,0,,,,63
40936267,0.5,0.482517451,0.5,0,0.556043923,0.596336961,0.313699722,0.283744037,15.8622417,12,8.14963818,8.18994713,0,13.3452892,12.2333832,13.9090462,268,3427,0,0,0,,,,63
40937429,0.5,0.515723228,0.5,0,0.660805821,0.620512784,0.313143671,0.28420049,15.8576965,12,8.10141563,8.17727947,0,13.352437,12.2333832,13.9090462,268,3427,0,0,0,,,,63
40938599,0.5,0.489655197,0.5,0,0.572161138,0.596336961,0.31299147,0.284325987,15.8531513,12,8.1315546,8.19205856,0,13.3452892,13.3549814,13.6142159,268,3427,0,0,0,,,,63
40939760,0.5,0.503401339,0.5,0,0.596336961,0.588278353,0.312871546,0.284424961,15.8576965,12,8.1315546,8.18783569,0,13.352437,13.3549814,13.6142159,268,3409,0,0,0,,,,63
40940926,0.5,0.503496468,0.5,0,0.580219746,0.572161138,0.312854975,0.28443867,15.8486061,12,8.1164856,8.18150139,0,13.3452892,12.2342491,13.9768057,268,3409,0,0,0,,,,63
40942088,0.5,0.489795893,0.5,0,0.580219746,0.604395568,0.312820405,0.28446725,15.8576965,12,8.1315546,8.18361282,0,13.3381405,12.2342491,13.9768057,268,3409,0,0,0,,,,63
40943253,0.5,0.506493509,0.5,0,0.628571391,0.612454176,0.312692761,0.284572899,15.8486061,12,8.09237385,8.16249943,0,13.352437,13.3558359,13.6814737,268,3380,0,0,0,,,,63
40944419,0.5,0.496644318,0.5,0,0.596336961,0.604395568,0.312658995,0.284600884,15.8576965,12,8.12854099,8.18361282,0,13.352437,13.3558359,13.6814737,268,3380,0,0,0,,,,63
40945788,0.5,0.519230783,0.5,0,0.652747214,0.604395568,0.312888682,0.284410805,15.8531513,12,8.10141563,8.17939091,0,13.3452892,12.2350874,14.0435724,268,3380,0,0,0,,,,63
40946950,0.5,0.5,0.5,0,0.604395568,0.604395568,0.313376755,0.284008771,15.8395166,12,8.11347103,8.16883373,0,13.3452892,12.2350874,14.0435724,268,3367,0,0,0,,,,63
40948115,0.5,0.49333334,0.5,0,0.596336961,0.612454176,0.313637882,0.283794612,15.8622417,12,8.1315546,8.18783569,0,13.3452892,13.3566628,13.7477551,268,3367,0,0,0,,,,63
40949277,0.5,0.513157904,0.5,0,0.628571391,0.596336961,0.313770086,0.283686489,15.8486061,12,8.08031845,8.16883373,0,13.3452892,13.3566628,13.7477551,268,3367,0,0,0,,,,63
40950442,0.5,0.486111104,0.5,0,0.56410253,0.596336961,0.313878983,0.283597499,15.8531513,12,8.14963818,8.19417,0,13.3452892,12.2358999,14.1093769,268,3347,0,0,0,,,,63
40951608,0.5,0.5,0.5,0,0.660805821,0.660805821,0.313719779,0.283727616,15.8531513,12,8.10141563,8.17727947,0,13.3452892,12.2358999,14.1093769,268,3347,0,0,0,,,,63
40952774,0.5,0.482014358,0.5,0,0.539926708,0.580219746,0.313293427,0.284077227,15.8531513,12,8.14662457,8.2005043,0,13.3452892,13.3574648,13.8130903,268,3339,0,0,0,,,,63
40953935,0.5,0.493506491,0.5,0,0.612454176,0.628571391,0.312642246,0.284614772,15.8531513,12,8.10141563,8.17939091,0,13.352437,13.3574648,13.8130903,268,3339,0,0,0,,,,63
40955101,0.5,0.486842096,0.5,0,0.596336961,0.628571391,0.311912179,0.28522253,15.8349714,12,8.08333206,8.15616512,0,13.3309927,12.2366867,14.1742506,268,3339,0,0,0,,,,63
40956263,0.5,0.503144622,0.5,0,0.644688606,0.636629999,0.311325967,0.285714447,15.8486061,12,8.1044302,8.17516804,0,13.3452892,12.2366867,14.1742506,268,3318,0,0,0,,,,63
40957428,0.5,0.496932507,0.5,0,0.652747214,0.660805821,0.311010271,0.28598088,15.8486061,12,8.09237385,8.14983177,0,13.3452892,13.3582411,13.8775072,268,3318,0,0,0,,,,63
40958594,0.5,0.503355742,0.5,0,0.604395568,0.596336961,0.310886651,0.286085486,15.8531513,12,8.11949921,8.18361282,0,13.3452892,13.3582411,13.8775072,268,3318,0,0,0,,,,63
40959760,0.5,0.5,0.5,0,0.636629999,0.636629999,0.310880929,0.286090344,15.8531513,12,8.08634663,8.16249943,0,13.3452892,12.2374496,14.2382202,268,3304,0,0,0,,,,63
40960921,0.5,0.506849289,0.5,0,0.596336961,0.580219746,0.310998917,0.285990506,15.8395166,12,8.09237385,8.1667223,0,13.3452892,12.2374496,14.2382202,268,3304,0,0,0,,,,63
40962087,0.5,0.5,0.5,0,0.612454176,0.612454176,0.311194599,0.285825223,15.8531513,12,8.1164856,8.18361282,0,13.3381405,13.3589935,13.9410362,268,3304,0,0,0,,,,63
40963248,0.5,0.5,0.5,0,0.644688606,0.644688606,0.311328262,0.28571254,15.8486061,12,8.09237385,8.1667223,0,13.3452892,13.3589935,13.9410362,268,3285,0,0,0,,,,63
40964419,0.5,0.496551752,0.5,0,0.580219746,0.588278353,0.311333925,0.285707772,15.8576965,12,8.13456917,8.19417,0,13.3452892,12.2381878,14.3013153,268,3285,0,0,0,,,,63
40965580,0.5,0.503184736,0.5,0,0.636629999,0.628571391,0.311306,0.285731286,15.8531513,12,8.09538841,8.17939091,0,13.3381405,12.2381878,14.3013153,268,3285,0,0,0,,,,63
40966950,0.5,0.496732056,0.5,0,0.612454176,0.620512784,0.311293423,0.285741895,15.8395166,12,8.06826305,8.15827656,0,13.3381405,13.3597231,14.0037041,268,3274,0,0,0,,,,63
40968111,0.5,0.503268003,0.5,0,0.620512784,0.612454176,0.311286747,0.285747498,15.8486061,12,8.11949921,8.17727947,0,13.3309927,13.3597231,14.0037041,268,3274,0,0,0,,,,63
40969276,0.5,0.506097555,0.5,0,0.668864429,0.652747214,0.311410874,0.285643011,15.8486061,12,8.07730484,8.16249943,0,13.3452892,12.238904,14.3635635,268,3247,0,0,0,,,,63
40970438,0.5,0.510344863,0.5,0,0.596336961,0.572161138,0.311762631,0.285347641,15.8486061,12,8.13456917,8.18783569,0,13.3381405,12.238904,14.3635635,268,3247,0,0,0,,,,63
40971608,0.5,0.506250024,0.5,0,0.652747214,0.636629999,0.312263757,0.284929127,15.8486061,12,8.09840202,8.17516804,0,13.3452892,13.3604298,14.0655365,268,3247,0,0,0,,,,63
40972769,0.5,0.496688724,0.5,0,0.604395568,0.612454176,0.312640488,0.284616202,15.8349714,12,8.08333206,8.16461086,0,13.3381405,13.3604298,14.0655365,268,3221,0,0,0,,,,63
40973935,0.5,0.5,0.5,0,0.620512784,0.620512784,0.312768281,0.284510374,15.8622417,12,8.11949921,8.18783569,0,13.3452892,12.2395973,14.4249897,268,3221,0,0,0,,,,63
40975097,0.5,0.5,0.5,0,0.636629999,0.636629999,0.312795728,0.284487665,15.8486061,12,8.07429028,8.16461086,0,13.3309927,12.2395973,14.4249897,268,3221,0,0,0,,,,63
40976262,0.5,0.5,0.5,0,0.580219746,0.580219746,0.312809885,0.284476012,15.8576965,12,8.14059639,8.19205856,0,13.3452892,13.3611145,14.1265612,268,3205,0,0,0,,,,63
40977428,0.5,0.506410241,0.5,0,0.636629999,0.620512784,0.312902272,0.284399599,15.8486061,12,8.08031845,8.16461086,0,13.3452892,13.3611145,14.1265612,268,3205,0,0,0,,,,63
40978594,0.5,0.496894419,0.5,0,0.644688606,0.652747214,0.313039154,0.284286588,15.8395166,12,8.07730484,8.14349747,0,13.3452892,12.2402697,14.4856205,268,3195,0,0,0,,,,63
40979755,0.5,0.506329119,0.5,0,0.644688606,0.628571391,0.313162863,0.284184664,15.8486061,12,8.09237385,8.1667223,0,13.3452892,12.2402697,14.4856205,268,3195,0,0,0,,,,63
40980921,0.5,0.49696973,0.5,0,0.660805821,0.668864429,0.313285679,0.284083605,15.8440609,12,8.06524849,8.15827656,0,13.3452892,13.3617783,14.1868029,268,3195,0,0,0,,,,63
40982082,0.5,0.5,0.5,0,0.636629999,0.636629999,0.313320905,0.284054637,15.8395166,12,8.09840202,8.16249943,0,13.3309927,13.3617783,14.1868029,269,3964,0,0,0,,,,63
40983248,0.5,0.506250024,0.5,0.636335373,0.652747214,0.636629999,0.313394397,0.283994287,15.8576965,11.1561337,8.10744381,8.17516804,0,13.3452892,11.1561337,14.0504675,270,3964,0,0,0,,,,63
40984414,0.5,0.484662563,0.5,0.636335373,0.636629999,0.676923037,0.313355297,0.284026384,15.8440609,11.1561337,8.07730484,8.14983177,0,13.3452892,11.1561337,14.0504675,270,3964,0,0,0,,,,63
40985580,0.5,0.493055552,0.5,0.638678193,0.572161138,0.588278353,0.312952608,0.284357995,15.8576965,9.6772995,8.16169453,8.19839287,0,13.3452892,9.6772995,13.9117899,270,4529,0,0,0,,,,63
40986946,0.5,0.510067165,0.5,0.638678193,0.612454176,0.588278353,0.312651962,0.284606755,15.8713312,9.6772995,8.13758278,8.19628143,0,13.3595848,9.6772995,13.9117899,270,4529,0,0,0,,,,63
40988112,0.5,0.492063493,0.5,0.638678193,0.49963367,0.515750885,0.312595963,0.284653127,15.8531513,8.09855175,8.1797781,8.20894909,0,13.3309927,8.09855175,13.7731123,271,4979,0,0,0,,,,63
40989273,0.5,0.507936537,0.5,0.63562572,0.515750885,0.49963367,0.312582254,0.284664512,15.8713312,8.09855175,8.20690346,8.23850822,0,13.3595848,8.09855175,13.7731123,272,4979,0,0,0,,,,63
40990444,0.5,0.495726496,0.5,0.63562572,0.46739924,0.475457847,0.312626511,0.284627795,15.8758764,6.56694603,8.20087528,8.24273109,0,13.3595848,6.56694603,13.6374874,272,4979,0,0,0,,,,63
40991606,0.5,0.5,0.5,0.63562572,0.394871771,0.394871771,0.312617421,0.284635335,15.8849669,6.56694603,8.29732037,8.28284645,0,13.3667326,6.56694603,13.6374874,272,4979,0,1,0,,,,63
40992772,0.5,0.550000012,0.5,0.63562572,0.443223417,0.362637341,0.313259661,0.284105003,15.8940573,5.16738796,8.29430676,8.30184937,0,13.3738813,5.16738796,13.5018625,272,4979,0,1,0,,,,63
40993933,0.5,0.527027011,0.5,0.63562572,0.314285696,0.282051265,0.31501323,0.282677889,15.8895121,5.16738796,8.34554291,8.29973793,0,13.3738813,5.16738796,13.5018625,272,4979,0,1,0,,,,63
40995099,0.5,0.507246375,0.5,0.426308632,0.282051265,0.273992658,0.316841066,0.281222075,15.9122372,4.289536,8.35759926,8.33774185,0,13.3738813,4.289536,13.5755548,272,6832,0,1,0,,,,63
40996261,0.5,0.517857134,0.5,0.426308632,0.23369962,0.217582405,0.318210274,0.280152142,15.9031467,4.289536,8.39075184,8.35041046,0,13.3810291,4.289536,13.5755548,272,6832,0,1,0,,,,63
40997432,0.5,0.528301895,0.5,0.426308632,0.225641012,0.201465189,0.319650531,0.279045224,15.9213276,4.32116556,8.41486359,8.36941242,0,13.3881769,4.32116556,13.6492462,272,6832,0,2,0,,,,63
40998594,0.5,0.520833313,0.5,0.426308632,0.201465189,0.185347974,0.321350008,0.27776286,15.9167824,4.32116556,8.40883541,8.36096668,0,13.3881769,4.32116556,13.6492462,272,6832,0,2,0,,,,63
40999760,0.5,0.550000012,0.5,0.426308632,0.177289367,0.145054936,0.323496163,0.276179135,15.9258718,5.06089783,8.31239033,8.38419151,0,13.3953247,5.06089783,13.7229385,272,6832,0,2,0,,,,63
41000921,0.5,0.521739125,0.5,0.426308632,0.193406582,0.177289367,0.326064855,0.274334073,15.9213276,5.06089783,8.44500256,8.36730099,0,13.3881769,5.06089783,13.7229385,273,6664,0,2,0,,,,63
41002087,0.5,0.488372087,0.5,0.426308632,0.169230759,0.177289367,0.32790345,0.273045927,15.9167824,6.142344,8.44500256,8.36730099,0,13.3738813,6.142344,13.7966299,273,6664,0,2,0,,,,63
41003248,0.5,0.5,0.5,0.426308632,0.209523797,0.209523797,0.328551263,0.272598386,15.9122372,6.142344,8.42089176,8.35463333,0,13.3810291,6.142344,13.7966299,273,6664,0,3,0,,,,63
41004418,0.5,0.5,0.5,0.426308632,0.241758227,0.241758227,0.3287251,0.272478849,15.9031467,7.34050035,8.38773823,8.33985329,0,13.3810291,7.34050035,13.8703222,273,6664,0,3,0,,,,63
41005580,0.5,0.507936537,0.5,0.426308632,0.257875443,0.249816835,0.328926921,0.272340357,15.907692,7.34050035,8.38773823,8.34196472,0,13.3810291,7.34050035,13.8703222,273,6664,0,3,0,,,,63
41006745,0.5,0.493670881,0.5,0.426308632,0.314285696,0.322344303,0.329103649,0.2722193,15.8940573,8.52238941,8.32444572,8.28918076,0,13.3810291,8.52238941,13.9440136,275,6530,0,3,0,,,,63
41008111,0.5,0.460526317,0.5,0.650868297,0.282051265,0.330402911,0.328493088,0.27263847,15.8940573,8.52238941,8.37568283,8.31029415,0,13.3452892,8.52238941,13.9440136,275,6530,0,3,0,,,,63
41009277,0.5,0.473118275,0.5,0.650868297,0.354578733,0.394871771,0.326829433,0.273795158,15.8940573,9.23246384,8.30033493,8.28284645,0,13.3738813,9.23246384,13.7931461,275,6530,0,3,0,,,,63
41010444,0.5,0.474226803,0.5,0.650868297,0.370695949,0.410988986,0.324804544,0.275232613,15.8758764,9.23246384,8.26115322,8.25962162,0,13.3595848,9.23246384,13.7931461,275,6530,0,4,0,,,,63
41011610,0.5,0.485436887,0.5,0.650868297,0.402930379,0.427106202,0.322952837,0.27657637,15.8895121,9.02443981,8.27320957,8.26384449,0,13.3595848,9.02443981,13.6422787,275,6530,0,4,0,,,,63
41012771,0.5,0.495934963,0.5,0.650868297,0.491575062,0.49963367,0.321589142,0.277584434,15.8758764,9.02443981,8.21895885,8.23428535,0,13.352437,9.02443981,13.6422787,276,6462,0,4,0,,,,63
41013937,0.5,0.471698105,0.5,0.644143164,0.402930379,0.451282024,0.320416719,0.2784639,15.866787,8.104949,8.28827858,8.25117683,0,13.3595848,8.104949,13.4981356,277,6462,0,4,0,,,,63
41015099,0.5,0.491379321,0.5,0.644143164,0.459340632,0.475457847,0.319129944,0.279443145,15.8804216,8.104949,8.22800064,8.23850822,0,13.3452892,8.104949,13.4981356,277,6462,0,4,0,,,,63
41016265,0.5,0.495412856,0.5,0.644143164,0.435164809,0.443223417,0.318115294,0.280225813,15.8758764,6.8651967,8.22197247,8.24695396,0,13.3595848,6.8651967,13.3539934,279,6462,0,5,0,,,,63
41017431,0.5,0.504587173,0.5,0.644143164,0.443223417,0.435164809,0.317602754,0.280624717,15.8849669,6.8651967,8.27019501,8.2765131,0,13.3667326,6.8651967,13.3539934,279,6462,0,5,0,,,,63
41018597,0.5,0.483516484,0.5,0.644143164,0.354578733,0.378754556,0.317224115,0.280921012,15.8895121,5.53092861,8.25813961,8.29340363,0,13.3738813,5.53092861,13.2098503,280,6462,0,5,0,,,,63
41019759,0.5,0.571428597,0.5,0.857565284,0.322344303,0.241758227,0.317736566,0.28052035,15.8895121,5.53092861,8.31540394,8.28073597,0,13.3667326,5.53092861,13.2098503,281,5608,1,5,0,,,,63
41020925,0.5,0.521126747,0.5,0.857565284,0.29816848,0.273992658,0.319748312,0.278970718,15.907692,3.86355138,8.36362648,8.3314085,0,13.3810291,3.86355138,12.8522863,281,5608,1,5,0,,,,63
41022087,0.5,0.492753625,0.5,0.857565284,0.273992658,0.282051265,0.32155481,0.277609974,15.9031467,3.86355138,8.34855747,8.31873989,0,13.3738813,3.86355138,12.8522863,282,5608,1,6,0,,,,63
41023257,0.5,0.510204077,0.5,0.857565284,0.201465189,0.193406582,0.322420329,0.276968122,15.9213276,1.53882825,8.40883541,8.37363529,0,13.3881769,1.53882825,12.4947214,283,5608,1,6,0,,,,63
41024419,0.5,0.529411793,0.5,0.857565284,0.217582405,0.193406582,0.323399544,0.276249558,15.9213276,1.53882825,8.40883541,8.36307812,0,13.3881769,1.53882825,12.4947214,283,5608,1,6,0,,,,63
41025585,0.5,0.464285702,0.5,1.30578387,0.104761899,0.120879114,0.324067026,0.275764376,15.9258718,-1.98160052,8.47815609,8.43064213,0,13.3881769,-1.98160052,11.6889381,285,4972,2,6,0,,,,63
41026746,0.5,0.518518507,0.5,1.30578387,0.112820506,0.104761899,0.324005157,0.275809199,15.9304171,-1.98160052,8.52637863,8.41163921,0,13.3953247,-1.98160052,11.6889381,285,4972,2,6,0,,,,63
41027878,0.5,0.571428597,0.5,1.30578387,0.0322344303,0.0241758227,0.324005157,0.275809199,15.9304171,-7.1561904,8.55048943,8.43486404,0,13.3953247,-7.1561904,10.8831549,286,4972,2,7,0,,,,63
41029210,0.5,0,0.5,1.30578387,0,0,0.324005157,0.275809199,15.9485979,-7.1561904,8.6318655,8.46653461,0,13.4024725,-7.1561904,10.8831549,287,4972,2,7,0,,,,63
41030346,0.5,0,0.5,1.30578387,0,0,0.324005157,0.275809199,15.9304171,-12,8.6198101,8.47709179,0,13.4525089,-13.37082,10.8814936,287,4972,2,7,0,,,,63
41031473,0.5,0,0.5,1.30258656,0,0,0.324005157,0.275809199,15.9395075,-12,8.59871292,8.47075748,0,13.5168409,-13.37082,10.8814936,289,4494,3,7,0,,,,63
41032605,0.5,0,0.5,1.30258656,0,0,0.324005157,0.275809199,15.9304171,-12,8.61076832,8.46442318,0,13.5883207,-15.550499,12.1616278,289,4494,3,7,0,,,,63
41033732,0.5,0,0.5,1.30258656,0,0,0.324005157,0.275809199,15.9304171,-12,8.60474014,8.46442318,0,13.6526527,-15.550499,12.1616278,289,4494,3,7,0,,,,63
41034864,0.5,0,0.5,0.874194324,0,0,0.324005157,0.275809199,15.9485979,-7.87847233,8.57761478,8.46442318,0,13.6740961,-7.87847233,11.7874346,289,4887,3,7,0,,,,63
41035996,0.5,0,0.5,0.874194324,0,0,0.324005157,0.275809199,15.9258718,-7.87847233,8.59569836,8.46442318,0,13.6740961,-7.87847233,11.7874346,289,4887,3,7,0,,,,63
41037128,0.5,0,0.5,0.874194324,0,0,0.324005157,0.275809199,15.9258718,-4.94166422,8.58665657,8.46442318,0,13.6598005,-4.94166422,11.4132404,289,4887,3,8,0,,,,63
41038255,0.5,0,0.5,0.874194324,0,0,0.324005157,0.275809199,15.9304171,-4.94166422,8.58062935,8.46442318,0,13.6312084,-4.94166422,11.4132404,289,4887,3,8,0,,,,63
41039387,0.5,0,0.5,0.874194324,0,0,0.324005157,0.275809199,15.9213276,-4.5090065,8.57158756,8.46442318,0,13.6097641,-4.5090065,11.0390472,289,4887,3,8,0,,,,63
41040514,0.5,0,0.5,0.874194324,0,0,0.324005157,0.275809199,15.9258718,-4.5090065,8.568573,8.46442318,0,13.5954685,-4.5090065,11.0390472,289,5194,3,8,0,,,,63
41041645,0.5,0,0.5,0.874194324,0,0,0.324005157,0.275809199,15.9349623,-5.50313997,8.56254578,8.46231174,0,13.6312084,-5.50313997,10.6648531,289,5194,3,8,0,,,,63
41042777,0.5,0,0.5,0.874194324,0,0,0.324005157,0.275809199,15.9349623,-5.50313997,8.5565176,8.46231174,0,13.7455759,-5.50313997,10.6648531,289,5194,3,8,0,,,,63
41043908,0.5,0,0.5,0.874194324,0,0,0.324005157,0.275809199,15.9304171,-7.2446332,8.55048943,8.46231174,0,13.8742399,-7.2446332,10.2906599,289,5194,3,9,0,,,,63
41045036,0.5,0,0.5,0.874194324,0,0,0.324005157,0.275809199,15.9440527,-7.2446332,8.5565176,8.46020031,0,13.967164,-7.2446332,10.2906599,289,5194,3,9,0,,,,63
41046167,0.5,0,0.5,0.874194324,0,0,0.324005157,0.275809199,15.9395075,-9.30566788,8.58062935,8.46231174,0,14.0029039,-9.30566788,9.91646576,289,5425,3,9,0,,,,63
41047294,0.5,0,0.5,0.874194324,0,0,0.324005157,0.275809199,15.9122372,-9.30566788,8.58665657,8.46020031,0,14.0314951,-9.30566788,9.91646576,289,5425,3,9,0,,,,63
41048430,0.5,0,0.5,0.874194324,0,0,0.324005157,0.275809199,15.9258718,-11.4259834,8.58665657,8.46231174,0,14.0600872,-11.4259834,9.54227257,289,5425,3,9,0,,,,63
41049557,0.5,0,0.5,0.874194324,0,0,0.324005157,0.275809199,15.9349623,-11.4259834,8.58665657,8.46020031,0,14.0958271,-11.4259834,9.54227257,289,5425,3,10,0,,,,63
41050892,0.5,0,0.5,0.874194324,0,0,0.324005157,0.275809199,15.9213276,-12,8.58665657,8.46020031,0,14.1172714,-13.4566212,10.0225315,289,5425,3,10,0,,,,63
41052019,0.5,0,0.5,0.874194324,0,0,0.324005157,0.275809199,15.9258718,-12,8.58665657,8.45808983,0,14.131567,-13.4566212,10.0225315,289,5425,3,10,0,,,,63
41053150,0.5,0,0.5,0.874194324,0,0,0.324005157,0.275809199,15.9213276,-10.8394709,8.58364296,8.46020031,0,14.1387157,-10.8394709,9.64833736,289,5642,3,10,0,,,,63
41054277,0.5,0,0.5,0.874194324,0,0,0.324005157,0.275809199,15.9440527,-10.8394709,8.568573,8.45808983,0,14.1458635,-10.8394709,9.64833736,289,5642,3,10,0,,,,63
41055413,0.5,0,0.5,0.874194324,0,0,0.324005157,0.275809199,15.9304171,-10.2634058,8.58364296,8.46020031,0,14.1530113,-10.2634058,9.27414417,289,5642,3,10,0,,,,63
41056541,0.5,0,0.5,0.874194324,0,0,0.324005157,0.275809199,15.9485979,-10.2634058,8.57460117,8.46020031,0,14.1601591,-10.2634058,9.27414417,289,5642,3,11,0,,,,63
41057672,0.5,0,0.5,0.874194324,0,0,0.324005157,0.275809199,15.9167824,-10.9142904,8.58364296,8.45808983,0,14.1673069,-10.9142904,8.89995003,289,5642,3,11,0,,,,63
41058799,0.5,0,0.5,0.874194324,0,0,0.324005157,0.275809199,15.9349623,-10.9142904,8.58665657,8.45808983,0,14.1816034,-10.9142904,8.89995003,289,5808,3,11,0,,,,63
41059930,0.5,0,0.5,0.874194324,0,0,0.324005157,0.275809199,15.9531422,-12,8.58665657,8.45808983,0,14.2101955,-12.2167711,8.65291405,289,5808,3,11,0,,,,63
41061057,0.5,0,0.5,0.874194324,0,0,0.324005157,0.275809199,15.9349623,-12,8.58364296,8.46020031,0,14.2173433,-12.2167711,8.65291405,289,5808,3,11,0,,,,63
41062193,0.5,0,0.5,0.874194324,0,0,0.324005157,0.275809199,15.9304171,-12,8.58665657,8.45808983,0.00714798551,14.2459354,-13.1482229,8.95226765,289,5808,3,12,0,,,,63
41063320,0.5,0,0.5,0.874194324,0,0,0.324005157,0.275809199,15.9304171,-12,8.58665657,8.45808983,0,14.2387867,-13.1482229,8.95226765,289,5808,3,12,0,,,,63
41064452,0.5,0,0.5,0.874194324,0,0,0.324005157,0.275809199,15.9485979,-10.9586248,8.56555939,8.45808983,0,14.2173433,-10.9586248,8.5780735,289,5808,3,12,0,,,,63
41065579,0.5,0,0.5,0.874194324,0,0,0.324005157,0.275809199,15.9213276,-10.9586248,8.58364296,8.45597839,0,14.1816034,-10.9586248,8.5780735,289,5947,3,12,0,,,,63
41066710,0.5,0,0.5,0.874194324,0,0,0.324005157,0.275809199,15.9304171,-10.697979,8.58665657,8.45597839,0,14.1458635,-10.697979,8.20387936,289,5947,3,12,0,,,,63
41067842,0.5,0,0.5,0.874194324,0,0,0.324005157,0.275809199,15.9440527,-10.697979,8.58967113,8.44964409,0,14.1172714,-10.697979,8.20387936,289,5947,3,12,0,,,,63
41068973,0.5,0,0.5,0.874194324,0,0,0.324005157,0.275809199,15.9213276,-11.5726585,8.58364296,8.45597839,0,14.0958271,-11.5726585,7.82968616,289,5947,3,13,0,,,,63
41070100,0.5,0,0.5,0.874194324,0,0,0.324005157,0.275809199,15.9304171,-11.5726585,8.58364296,8.45808983,0,14.0886793,-11.5726585,7.82968616,289,5947,3,13,0,,,,63
41071436,0.5,0,0.5,0.874194324,0,0,0.324005157,0.275809199,15.9349623,-12,8.58665657,8.45808983,0,14.0743837,-13.0342751,8.06219769,289,5947,3,13,0,,,,63
41072563,0.5,0,0.5,0.874194324,0,0,0.324005157,0.275809199,15.9258718,-12,8.58364296,8.45597839,0,14.0386438,-13.0342751,8.06219769,289,6069,3,13,0,,,,63
41073694,0.5,0,0.5,0.874194324,0,0,0.324005157,0.275809199,15.9304171,-11.5625429,8.58364296,8.45597839,0,13.9814596,-11.5625429,7.68800354,289,6069,3,13,0,,,,63
41074826,0.5,0,0.5,0.874194324,0,0,0.324005157,0.275809199,15.9349623,-11.5625429,8.58665657,8.45597839,0,13.9099798,-11.5625429,7.68800354,289,6069,3,14,0,,,,63
41075957,0.5,0,0.5,0.874194324,0,0,0.324005157,0.275809199,15.9440527,-11.7242746,8.58665657,8.45597839,0,13.8527956,-11.7242746,7.31380939,289,6069,3,14,0,,,,63
41077084,0.5,0,0.5,0.874194324,0,0,0.324005157,0.275809199,15.9258718,-11.7242746,8.58665657,8.45597839,0,13.7813158,-11.7242746,7.31380939,289,6069,3,14,0,,,,63
41078215,0.5,0,0.5,0.874194324,0,0,0.324005157,0.275809199,15.9440527,-12,8.57460117,8.45597839,0,13.7169838,-12.8268833,7.42466497,289,6196,3,14,0,,,,63
41079342,0.5,0,0.5,0.874194324,0,0,0.324005157,0.275809199,15.9258718,-12,8.58364296,8.45597839,0,13.6526527,-12.8268833,7.42466497,289,6196,3,14,0,,,,63
41080478,0.5,0,0.5,0.874194324,0,0,0.324005157,0.275809199,15.9349623,-11.8491077,8.58364296,8.45597839,0,13.5740242,-11.8491077,7.05047131,289,6196,3,14,0,,,,63
41081605,0.5,0,0.5,0.874194324,0,0,0.324005157,0.275809199,15.9395075,-11.8491077,8.58665657,8.45597839,0,13.4953966,-11.8491077,7.05047131,289,6196,3,15,0,,,,63
41082736,0.5,0,0.5,0.874194324,0,0,0.324005157,0.275809199,15.9440527,-12,8.58364296,8.45386696,0,13.4024725,-12.3146715,6.86086369,289,6196,3,15,0,,,,63
41083898,0.5,0.617021263,0.5,0.874194324,0.23369962,0.145054936,0.325840682,0.274492949,15.9349623,-12,8.39678001,8.37152386,0,13.3881769,-12.3146715,6.86086369,289,6196,3,15,0,,,,63
41085063,0.5,0.565217376,0.5,0.874194324,0.104761899,0.0805860758,0.330610603,0.271196812,15.9304171,-12,8.44801617,8.38841438,0,13.3810291,-12.6221123,6.85160065,289,6297,3,15,0,,,,63
41086225,0.5,0.523809552,0.5,0.874194324,0.0886446834,0.0805860758,0.335628033,0.267911464,15.9258718,-12,8.43897438,8.40319443,0,13.3953247,-12.6221123,6.85160065,289,6297,3,15,0,,,,63
41087395,0.5,0.519999981,0.5,0.874194324,0.104761899,0.0967032909,0.339209557,0.265672326,15.9304171,-11.8792639,8.51130867,8.38630295,0,13.3953247,-11.8792639,6.4774065,289,6297,3,15,0,,,,63
41088556,0.5,0.439999998,0.5,0.874194324,0.0886446834,0.112820506,0.34047848,0.264899105,15.9258718,-11.8792639,8.48418331,8.38630295,0,13.3881769,-11.8792639,6.4774065,289,6297,3,16,0,,,,63
41089723,0.5,0.481481493,0.5,0.874194324,0.104761899,0.112820506,0.339330107,0.265598416,15.9258718,-12,8.49623966,8.38208103,0,13.3953247,-12.5208206,6.40872622,289,6297,3,16,0,,,,63
41090884,0.5,0.464285702,0.5,0.874194324,0.104761899,0.120879114,0.337272823,0.266872585,15.9304171,-12,8.47815609,8.38419151,0,13.3881769,-12.5208206,6.40872622,289,6297,3,16,0,,,,63
41092220,0.5,0.516129017,0.5,0.874194324,0.128937721,0.120879114,0.337272823,0.266872585,15.9258718,-12,8.44198895,8.37152386,0,13.3953247,-12.3187284,6.22149801,289,6389,3,16,0,,,,59
41093352,0.5,0.515151501,0.5,0.874194324,0.136996329,0.128937721,0.337272823,0.266872585,15.9213276,-12,8.46007252,8.36941242,0,13.3738813,-12.3187284,6.22149801,289,6389,3,16,0,,,,59
41094483,0.5,0.485714287,0.5,0.874194324,0.136996329,0.145054936,0.337272823,0.266872585,15.9258718,-12,8.42390537,8.37574673,0,13.3881769,-12.2803917,6.01178217,289,6389,3,16,0,,,,59
41095610,0.5,0.54285717,0.5,0.874194324,0.153113544,0.128937721,0.337272823,0.266872585,15.9258718,-12,8.47815609,8.37574673,0,13.3881769,-12.2803917,6.01178217,289,6389,3,17,0,,,,59
41096741,0.5,0.441176474,0.5,0.874194324,0.120879114,0.153113544,0.337272823,0.266872585,15.9304171,-12,8.4691143,8.36518955,0,13.3881769,-12.4733229,5.91523886,289,6389,3,17,0,,,,59
41097869,0.5,0.5,0.5,0.874194324,0.153113544,0.153113544,0.337272823,0.266872585,15.9213276,-12,8.44500256,8.37152386,0,13.3953247,-12.4733229,5.91523886,289,6389,3,17,0,,,,59
41099000,0.5,0.419354826,0.5,0.874194324,0.104761899,0.145054936,0.337272823,0.266872585,15.9167824,-12,8.48719788,8.36941242,0,13.3881769,-12.2019854,5.65952969,289,6478,3,17,0,,,,59
41100133,0.5,0.48780489,0.5,0.874194324,0.161172152,0.169230759,0.337272823,0.266872585,15.9213276,-12,8.39075184,8.36307812,0,13.3881769,-12.2019854,5.65952969,289,6478,3,17,0,,,,59
41101264,0.5,0.425000012,0.5,0.874194324,0.136996329,0.185347974,0.337272823,0.266872585,15.9213276,-12,8.24608421,8.36307812,0,13.3953247,-12.5322819,5.59757137,289,6478,3,17,0,,,,59
41102391,0.5,0.478260875,0.5,0.874194324,0.177289367,0.193406582,0.337272823,0.266872585,15.9304171,-12,8.47815609,8.36518955,0,13.3881769,-12.5322819,5.59757137,289,6478,3,18,0,,,,59
41103523,0.5,0.416666657,0.5,0.874194324,0.120879114,0.169230759,0.337272823,0.266872585,15.9213276,-12,8.50226688,8.36096668,0,13.3881769,-12.1796808,5.32877827,289,6478,3,18,0,,,,59
41104650,0.5,0.48780489,0.5,0.874194324,0.161172152,0.169230759,0.337272823,0.266872585,15.9304171,-12,8.48719788,8.36730099,0,13.3881769,-12.1796808,5.32877827,289,6478,3,18,0,,,,59
41105782,0.5,0.454545468,0.5,0.874194324,0.120879114,0.145054936,0.337272823,0.266872585,15.9213276,-12,8.47815609,8.37363529,0,13.3881769,-12.5577393,5.28175402,289,6577,3,18,0,,,,59
41106914,0.5,0.441176474,0.5,0.874194324,0.120879114,0.153113544,0.337272823,0.266872585,15.9213276,-12,8.6318655,8.36307812,0,13.3881769,-12.5577393,5.28175402,289,6577,3,18,0,,,,59
41108046,0.5,0.545454562,0.5,0.874194324,0.193406582,0.161172152,0.337272823,0.266872585,15.9258718,-12,8.46007252,8.36730099,0,13.3881769,-12.176753,5.01124287,289,6577,3,18,0,,,,59
41109173,0.5,0.447368413,0.5,0.874194324,0.136996329,0.169230759,0.337272823,0.266872585,15.9167824,-12,8.4178772,8.36307812,0,13.3953247,-12.176753,5.01124287,289,6577,3,19,0,,,,59
41110305,0.5,0.378378391,0.5,0.874194324,0.112820506,0.185347974,0.337272823,0.266872585,15.9304171,-12,8.4691143,8.37152386,0,13.3881769,-12.5713711,4.9722147,289,6577,3,19,0,,,,59
41111432,0.5,0.45714286,0.5,0.874194324,0.128937721,0.153113544,0.337272823,0.266872585,15.9167824,-12,8.29430676,8.36518955,0,13.3881769,-12.5713711,4.9722147,289,6577,3,19,0,,,,59
41112772,0.5,0.488372087,0.5,0.874194324,0.169230759,0.177289367,0.337272823,0.266872585,15.9213276,-12,8.29430676,8.37363529,0,13.3881769,-12.1804209,4.70385551,289,6666,3,19,0,,,,59
41113899,0.5,0.48888889,0.5,0.874194324,0.177289367,0.185347974,0.337272823,0.266872585,15.9258718,-12,8.49623966,8.36518955,0,13.3881769,-12.1804209,4.70385551,289,6666,3,19,0,,,,59
41115031,0.5,0.393939406,0.5,0.874194324,0.104761899,0.161172152,0.337272823,0.266872585,15.9258718,-12,8.3425293,8.36941242,0,13.3810291,-12.5807314,4.67031813,289,6666,3,19,0,,,,59
41116158,0.5,0.581395328,0.5,0.874194324,0.201465189,0.145054936,0.337272823,0.266872585,15.9167824,-12,8.46007252,8.36941242,0,13.3881769,-12.5807314,4.67031813,289,6666,3,20,0,,,,59
41117290,0.5,0.547619045,0.5,0.874194324,0.185347974,0.153113544,0.337272823,0.266872585,15.9258718,-12,8.27320957,8.36941242,0,13.3881769,-12.1862364,4.40537024,289,6666,3,20,0,,,,59
41118418,0.5,0.428571433,0.5,0.874194324,0.120879114,0.161172152,0.337272823,0.266872585,15.9213276,-12,8.27622318,8.37363529,0,13.3881769,-12.1862364,4.40537024,289,6666,3,20,0,,,,59
41119554,0.5,0.432432443,0.5,0.874194324,0.128937721,0.169230759,0.337272823,0.266872585,15.9258718,-12,8.51432323,8.37363529,0,13.3881769,-12.5884581,4.37636566,289,6762,3,20,0,,,,59
41120682,0.5,0.512820542,0.5,0.874194324,0.161172152,0.153113544,0.337272823,0.266872585,15.9258718,-12,8.44500256,8.37152386,0,13.3881769,-12.5884581,4.37636566,289,6762,3,20,0,,,,59
41121814,0.5,0.51111114,0.5,0.874194324,0.185347974,0.177289367,0.337272823,0.266872585,15.9304171,-12,8.3937664,8.36730099,0,13.3881769,-12.1926565,4.11518383,289,6762,3,20,0,,,,59
41122941,0.5,0.541666687,0.5,0.874194324,0.209523797,0.177289367,0.337272823,0.266872585,15.9213276,-12,8.58665657,8.36941242,0,13.3881769,-12.1926565,4.11518383,289,6762,3,21,0,,,,59
41124073,0.5,0.414634138,0.5,0.874194324,0.136996329,0.193406582,0.337272823,0.266872585,15.9258718,-12,8.58062935,8.37152386,0,13.3667326,-12.5954742,4.09029436,289,6762,3,21,0,,,,59
41125205,0.5,0.45714286,0.5,0.874194324,0.128937721,0.153113544,0.337272823,0.266872585,15.9258718,-12,8.38773823,8.36518955,0,13.3881769,-12.5954742,4.09029436,289,6762,3,21,0,,,,59
41126337,0.5,0.446808517,0.5,0.874194324,0.169230759,0.209523797,0.337272823,0.266872585,15.9213276,-12,8.54747581,8.37152386,0,13.3881769,-12.1991472,3.83292007,289,6859,3,21,0,,,,59
41127465,0.5,0.524999976,0.5,0.874194324,0.169230759,0.153113544,0.337272823,0.266872585,15.9258718,-12,8.35157108,8.36941242,0,13.3810291,-12.1991472,3.83292007,289,6859,3,21,0,,,,59
41128596,0.5,0.5,0.5,0.874194324,0.169230759,0.169230759,0.337272823,0.266872585,15.9258718,-12,8.28827858,8.37574673,0,13.3881769,-12.6021051,3.81192017,289,6859,3,21,0,,,,59
41129723,0.5,0.48780489,0.5,0.874194324,0.161172152,0.169230759,0.337272823,0.266872585,15.9213276,-12,8.4811697,8.36730099,0,13.3881769,-12.6021051,3.81192017,289,6859,3,21,0,,,,59
41130855,0.5,0.488372087,0.5,0.874194324,0.169230759,0.177289367,0.337272823,0.266872585,15.9213276,-12,8.37869644,8.37363529,0,13.3953247,-12.2055273,3.55828857,289,6859,3,22,0,,,,59
41131988,0.5,0.424242437,0.5,0.874194324,0.112820506,0.153113544,0.337272823,0.266872585,15.9213276,-12,8.46007252,8.36941242,0,13.3881769,-12.2055273,3.55828857,289,6859,3,22,0,,,,59
41133119,0.5,0.526315808,0.5,0.874194324,0.161172152,0.145054936,0.337272823,0.266872585,15.9213276,-12,8.28225136,8.36730099,0,13.3881769,-12.6084681,3.54102159,289,6859,3,22,0,,,,59
41134451,0.5,0.463414639,0.5,0.874194324,0.153113544,0.177289367,0.337272823,0.266872585,15.9258718,-12,8.55350399,8.36941242,0,13.3881769,-12.6084681,3.54102159,289,6954,3,22,0,,,,59
41135582,0.5,0.476190478,0.5,0.874194324,0.161172152,0.177289367,0.337272823,0.266872585,15.9258718,-12,8.55048943,8.36730099,0,13.3810291,-12.2117386,3.29103351,289,6954,3,22,0,,,,59
41136710,0.5,0.419354826,0.5,0.874194324,0.104761899,0.145054936,0.337272823,0.266872585,15.9213276,-12,8.49021149,8.36941242,0,13.3881769,-12.2117386,3.29103351,289,6954,3,22,0,,,,59
41137846,0.5,0.400000006,0.5,0.874194324,0.128937721,0.193406582,0.337272823,0.266872585,15.9213276,-12,8.43294716,8.36730099,0,13.3881769,-12.6146107,3.27736926,289,6954,3,23,0,,,,59
41138973,0.5,0.478260875,0.5,0.874194324,0.177289367,0.193406582,0.337272823,0.266872585,15.9213276,-12,8.57761478,8.36730099,0,13.3881769,-12.6146107,3.27736926,289,6954,3,23,0,,,,59
41140105,0.5,0.428571433,0.5,0.874194324,0.120879114,0.161172152,0.337272823,0.266872585,15.9213276,-12,8.4932251,8.36518955,0,13.3881769,-12.2177639,3.0309155,289,6954,3,23,0,,,,59
41141232,0.5,0.432432443,0.5,0,0.128937721,0.169230759,0.337272823,0.266872585,15.9258718,-12,8.49925327,8.36941242,0,13.3881769,-12.2177639,3.0309155,289,0,0,0,0,,,,59
41142364,0.5,0.5,0.5,0,0.145054936,0.145054936,0.337272823,0.266872585,15.9167824,-11.1302748,8.43596077,8.37363529,0,13.3881769,-11.1302748,3.53091574,289,0,0,0,0,,,,59
41143491,0.5,0.5,0.5,0,0.177289367,0.177289367,0.337272823,0.266872585,15.9258718,-11.1302748,8.41486359,8.36518955,0,13.3953247,-11.1302748,3.53091574,289,0,0,0,0,,,,59
41144627,0.5,0.486486495,0.5,0,0.145054936,0.153113544,0.337272823,0.266872585,15.9258718,-8.05742931,8.42089176,8.36941242,0,13.3881769,-8.05742931,4.03091574,289,3743,0,0,0,,,,59
41145754,0.5,0.46875,0.5,0,0.120879114,0.136996329,0.337272823,0.266872585,15.9258718,-8.05742931,8.46308613,8.38208103,0,13.3953247,-8.05742931,4.03091574,289,3743,0,0,0,,,,59
41146885,0.5,0.478260875,0.5,0,0.0886446834,0.0967032909,0.337272823,0.266872585,15.9304171,-3.22331119,8.50829506,8.40319443,0,13.3953247,-3.22331119,4.53091574,289,3743,0,0,0,,,,59
41148013,0.5,0.473684222,0.5,0,0.0725274682,0.0805860758,0.337272823,0.266872585,15.9304171,-3.22331119,8.5565176,8.41163921,0,13.3953247,-3.22331119,4.53091574,289,3743,0,0,0,,,,59
41149144,0.5,0.5,0.5,0,0.0322344303,0.0322344303,0.337272823,0.266872585,15.9304171,2.27056646,8.59268475,8.45175552,0,13.3953247,2.27056646,5.03091574,289,3733,0,0,0,,,,59
41150271,0.5,0.400000006,0.5,0,0.0161172152,0.0241758227,0.337272823,0.266872585,15.9304171,2.27056646,8.60172653,8.43697548,0,13.3953247,2.27056646,5.03091574,289,3733,0,0,0,,,,59
41151407,0.5,0,0.5,0,0,0,0.337272823,0.266872585,15.9304171,7.77521276,8.58665657,8.45597839,0,13.3881769,7.77521276,5.53091574,289,3733,0,0,0,,,,59
41152534,0.5,0.5,0.5,0,0.00805860758,0.00805860758,0.337272823,0.266872585,15.9304171,7.77521276,8.568573,8.45808983,0,13.3953247,7.77521276,5.53091574,289,3745,0,0,0,,,,59
41153666,0.5,0.461538464,0.5,0,0.0483516455,0.056410253,0.337272823,0.266872585,15.9304171,12,8.56254578,8.41375065,0,13.3881769,12.9305429,5.48505974,289,3745,0,0,0,,,,59
41154997,0.5,0.476190478,0.5,0,0.0805860758,0.0886446834,0.337272823,0.266872585,15.9258718,12,8.43596077,8.39263725,0,13.3881769,12.9305429,5.48505974,289,3745,0,0,0,,,,59
41156129,0.5,0.5,0.5,0,0.177289367,0.177289367,0.337272823,0.266872585,15.9167824,12,8.38773823,8.35885525,0,13.3810291,14.6983795,4.40219212,289,3762,0,0,0,,,,59
41157261,0.5,0.482142866,0.5,0,0.217582405,0.23369962,0.337272823,0.266872585,15.9167824,12,8.3937664,8.34618759,0,13.3810291,14.6983795,4.40219212,289,3762,0,0,0,,,,59
41158392,0.5,0.491228074,0.5,0,0.225641012,0.23369962,0.337272823,0.266872585,15.907692,9.00927448,8.3937664,8.33563042,0,13.3810291,9.00927448,4.90219212,289,3762,0,0,0,,,,59
41159520,0.5,0.5,0.5,0,0.23369962,0.23369962,0.337272823,0.266872585,15.907692,9.00927448,8.39979362,8.32929707,0,13.3810291,9.00927448,4.90219212,289,3770,0,0,0,,,,59
41160651,0.5,0.523809552,0.5,0,0.177289367,0.161172152,0.337272823,0.266872585,15.9213276,7.80140305,8.36061287,8.35885525,0,13.3881769,7.80140305,5.40219212,289,3770,0,0,0,,,,59
41161778,0.5,0.5,0.5,0,0.128937721,0.128937721,0.337272823,0.266872585,15.9258718,7.80140305,8.46007252,8.38419151,0,13.3953247,7.80140305,5.40219212,289,3770,0,0,0,,,,59
41162909,0.5,0.518518507,0.5,0,0.112820506,0.104761899,0.337272823,0.266872585,15.9258718,9.24243927,8.52035046,8.39686012,0,13.3881769,9.24243927,5.90219212,289,3770,0,0,0,,,,59
41164042,0.5,0.461538464,0.5,0,0.0967032909,0.112820506,0.337272823,0.266872585,15.9258718,9.24243927,8.51130867,8.39897156,0,13.3881769,9.24243927,5.90219212,289,3797,0,0,0,,,,59
41165173,0.5,0.448275864,0.5,0,0.104761899,0.128937721,0.337272823,0.266872585,15.9258718,12,8.47815609,8.38841438,0,13.3881769,12.0664072,6.36323738,289,3797,0,0,0,,,,59
41166301,0.5,0.43589744,0.5,0,0.136996329,0.177289367,0.337272823,0.266872585,15.9213276,12,8.45705795,8.37574673,0,13.3881769,12.0664072,6.36323738,289,3797,0,0,0,,,,59
41167433,0.5,0.480769217,0.5,0,0.201465189,0.217582405,0.337272823,0.266872585,15.9122372,12,8.35759926,8.33774185,0,13.3881769,15.2873697,4.93486834,289,3786,0,0,0,,,,59
41168560,0.5,0.466666669,0.5,0,0.225641012,0.257875443,0.337272823,0.266872585,15.8986015,12,8.36362648,8.32296276,0,13.3810291,15.2873697,4.93486834,289,3786,0,0,0,,,,59
41169696,0.5,0.44155845,0.5,0,0.273992658,0.346520126,0.337272823,0.266872585,15.8940573,8.62304401,8.32745934,8.29129219,0,13.3738813,8.62304401,5.43486881,289,3786,0,0,0,,,,59
41170823,0.5,0.481927723,0.5,0,0.322344303,0.346520126,0.337272823,0.266872585,15.8849669,8.62304401,8.30937672,8.27440166,0,13.3738813,8.62304401,5.43486881,289,3786,0,0,0,,,,59
41171954,0.5,0.513888896,0.5,0,0.29816848,0.282051265,0.337272823,0.266872585,15.9031467,6.92919207,8.34554291,8.27229023,0,13.3810291,6.92919207,5.93486881,289,3801,0,0,0,,,,59
41173081,0.5,0.426829278,0.5,0,0.282051265,0.378754556,0.337272823,0.266872585,15.8849669,6.92919207,8.3304739,8.29551506,0,13.3452892,6.92919207,5.93486881,289,3801,0,0,0,,,,59
41174213,0.5,0.469696969,0.5,0,0.249816835,0.282051265,0.337272823,0.266872585,15.9122372,8.20751667,8.37266827,8.32718563,0,13.3810291,8.20751667,6.43486881,289,3801,0,0,0,,,,59
41175341,0.5,0.463768125,0.5,0,0.257875443,0.29816848,0.337272823,0.266872585,15.8986015,8.20751667,8.36664104,8.30607224,0,13.3667326,8.20751667,6.43486881,289,3818,0,0,0,,,,59
41176681,0.5,0.452054799,0.5,0,0.26593405,0.322344303,0.337272823,0.266872585,15.8849669,11.0560989,8.3425293,8.28284645,0,13.3667326,11.0560989,6.93486881,289,3818,0,0,0,,,,59
41177808,0.5,0.463768125,0.5,0,0.257875443,0.29816848,0.337272823,0.266872585,15.907692,11.0560989,8.4058218,8.32929707,0,13.3738813,11.0560989,6.93486881,289,3818,0,0,0,,,,59
41178940,0.5,0.473282427,0.5,0,0.49963367,0.556043923,0.337272823,0.266872585,15.8395166,12,8.14361095,8.17727947,0,13.3452892,14.6077061,5.90518999,289,3838,0,0,0,,,,59
41180067,0.5,0.470198661,0.5,0,0.572161138,0.644688606,0.337272823,0.266872585,15.8804216,12,8.14059639,8.18150139,0,13.3452892,14.6077061,5.90518999,289,3838,0,0,0,,,,59
41181198,0.5,0.49494949,0.5,0,0.394871771,0.402930379,0.337272823,0.266872585,15.8895121,10.3105078,8.25813961,8.2553997,0,13.352437,10.3105078,6.40518999,289,3838,0,0,0,,,,59
41182330,0.5,0.467153311,0.5,0,0.515750885,0.588278353,0.337272823,0.266872585,15.8531513,10.3105078,8.13758278,8.17516804,0,13.352437,10.3105078,6.40518999,289,3838,0,0,0,,,,59
41183462,0.5,0.467153311,0.5,0,0.515750885,0.588278353,0.337272823,0.266872585,15.8440609,9.8883276,8.13758278,8.16883373,0,13.3452892,9.8883276,6.90518999,289,3857,0,0,0,,,,59
41184589,0.5,0.471337616,0.5,0,0.596336961,0.668864429,0.337272823,0.266872585,15.8576965,9.8883276,8.14059639,8.15405464,0,13.352437,9.8883276,6.90518999,289,3857,0,0,0,,,,59
41185755,0.5,0.462025315,0.5,0,0.588278353,0.684981644,0.337521821,0.266716897,15.8531513,11.7284813,8.1164856,8.14772034,0,13.3452892,11.7284813,7.40518999,289,3857,0,0,0,,,,63
41186916,0.5,0.4609375,0.5,0,0.475457847,0.556043923,0.337566882,0.266688734,15.8758764,11.7284813,8.21895885,8.21950626,0,13.352437,11.7284813,7.40518999,289,3882,0,0,0,,,,63
41188082,0.5,0.46564883,0.5,0,0.491575062,0.56410253,0.336326689,0.267467946,15.8713312,12,8.20991707,8.20472717,0,13.3452892,14.7099762,6.31551981,289,3882,0,0,0,,,,63
41189248,0.5,0.521739125,0.5,0,0.483516455,0.443223417,0.334844321,0.268412918,15.8804216,12,8.26115322,8.2490654,0,13.352437,14.7099762,6.31551981,289,3882,0,0,0,,,,63
41190413,0.5,0.462686568,0.5,0,0.49963367,0.580219746,0.333855659,0.269051611,15.8576965,9.8094511,8.15867996,8.19839287,0,13.352437,9.8094511,6.81552029,289,3882,0,0,0,,,,63
41191575,0.5,0.474074036,0.5,0,0.515750885,0.572161138,0.332316577,0.270059586,15.8576965,9.8094511,8.17374992,8.18994713,0,13.352437,9.8094511,6.81552029,289,3860,0,0,0,,,,63
41192741,0.5,0.46875,0.5,0,0.362637341,0.410988986,0.330228001,0.271454811,15.8849669,9.11767292,8.27923679,8.27440166,0,13.3667326,9.11767292,7.31552029,289,3860,0,0,0,,,,63
41193902,0.5,0.490740746,0.5,0,0.427106202,0.443223417,0.328279436,0.272785813,15.8713312,9.11767292,8.25813961,8.24695396,0,13.3595848,9.11767292,7.31552029,289,3860,0,0,0,,,,63
41195073,0.5,0.5,0.5,0,0.410988986,0.410988986,0.326998562,0.273676574,15.8849669,10.8944921,8.19786167,8.26384449,0,13.3595848,10.8944921,7.81552029,289,3875,0,0,0,,,,63
41196234,0.5,0.473684222,0.5,0,0.435164809,0.483516455,0.326012522,0.274371088,15.8713312,10.8944921,8.22197247,8.23639679,0,13.3595848,10.8944921,7.81552029,289,3875,0,0,0,,,,63
41197604,0.5,0.464912295,0.5,0,0.427106202,0.491575062,0.32446003,0.275480449,15.8804216,12,8.24306965,8.23850822,0,13.3595848,13.9309196,7.18284416,289,3875,0,0,0,,,,63
41198766,0.5,0.488188952,0.5,0,0.49963367,0.523809493,0.322610676,0.276827812,15.8713312,12,8.17676353,8.20894909,0,13.3595848,13.9309196,7.18284416,289,3869,0,0,0,,,,63
41199931,0.5,0.487394959,0.5,0,0.46739924,0.491575062,0.321126044,0.277930409,15.8758764,11.5439177,8.19484711,8.23006344,0,13.3667326,11.5439177,7.68284416,289,3869,0,0,0,,,,63
41201093,0.5,0.480915993,0.5,0,0.507692277,0.547985315,0.319867194,0.278880328,15.866787,11.5439177,8.17676353,8.20894909,0,13.3452892,11.5439177,7.68284416,289,3869,0,0,0,,,,63
41202263,0.5,0.5,0.5,0,0.459340632,0.459340632,0.318809688,0.279689163,15.8758764,12,8.23704243,8.24273109,0,13.3595848,12.194582,8.0687027,289,3858,0,0,0,,,,63
41203425,0.5,0.484615386,0.5,0,0.507692277,0.539926708,0.318010032,0.280307502,15.866787,12,8.17374992,8.20472717,0,13.352437,12.194582,8.0687027,289,3858,0,0,0,,,,63
41204591,0.5,0.496240616,0.5,0,0.5318681,0.539926708,0.317284733,0.280873477,15.8576965,12,8.14963818,8.20472717,0,13.352437,13.9561396,7.4212327,289,3858,0,0,0,,,,63
41205752,0.5,0.496350378,0.5,0,0.547985315,0.556043923,0.316725165,0.281313419,15.8713312,12,8.15265274,8.20894909,0,13.352437,13.9561396,7.4212327,289,3858,0,0,0,,,,63
41206918,0.5,0.491935492,0.5,0,0.491575062,0.507692277,0.316277683,0.281667382,15.8713312,10.8007708,8.17676353,8.22584057,0,13.352437,10.8007708,7.9212327,289,3844,0,0,0,,,,63
41208079,0.5,0.492647052,0.5,0,0.539926708,0.556043923,0.31577903,0.28206405,15.866787,10.8007708,8.14963818,8.20472717,0,13.3381405,10.8007708,7.9212327,289,3844,0,0,0,,,,63
41209250,0.5,0.516393423,0.5,0,0.507692277,0.475457847,0.31557551,0.282226652,15.866787,11.0967474,8.18580532,8.23850822,0,13.352437,11.0967474,8.42123318,289,3844,0,0,0,,,,63
41210411,0.5,0.503875971,0.5,0,0.523809493,0.515750885,0.315858424,0.28200075,15.8713312,11.0967474,8.17073631,8.227952,0,13.352437,11.0967474,8.42123318,289,3830,0,0,0,,,,63
41211577,0.5,0.495867759,0.5,0,0.483516455,0.491575062,0.316133708,0.281781703,15.8758764,12,8.20690346,8.24273109,0,13.3595848,13.3559666,8.12582397,289,3830,0,0,0,,,,63
41212738,0.5,0.491935492,0.5,0,0.491575062,0.507692277,0.316063464,0.281837493,15.8713312,12,8.17374992,8.21950626,0,13.3595848,13.3559666,8.12582397,289,3830,0,0,0,,,,63
41213904,0.5,0.5,0.5,0,0.491575062,0.491575062,0.31582424,0.282028019,15.8713312,12,8.17374992,8.227952,0,13.3595848,12.3935747,8.39495373,289,3799,0,0,0,,,,63
41215070,0.5,0.49242425,0.5,0,0.523809493,0.539926708,0.315559953,0.282239079,15.8622417,12,8.15867996,8.21106052,0,13.3452892,12.3935747,8.39495373,289,3799,0,0,0,,,,63
41216236,0.5,0.487394959,0.5,0,0.46739924,0.491575062,0.315108865,0.282600909,15.8758764,12,8.1918335,8.23217392,0,13.3595848,12.6375656,8.52095795,289,3799,0,0,0,,,,63
41217397,0.5,0.484615386,0.5,0,0.507692277,0.539926708,0.314368933,0.283198684,15.8622417,12,8.14361095,8.20261574,0,13.3595848,12.6375656,8.52095795,289,3778,0,0,0,,,,63
41218766,0.5,0.496183187,0.5,0,0.523809493,0.5318681,0.313577741,0.283843875,15.866787,12,8.14662457,8.21317196,0,13.352437,12.8226185,8.53841019,289,3778,0,0,0,,,,63
41219928,0.5,0.510948956,0.5,0,0.56410253,0.539926708,0.313203752,0.284151047,15.866787,12,8.13456917,8.19839287,0,13.352437,12.8226185,8.53841019,289,3778,0,0,0,,,,63
41221093,0.5,0.507936537,0.5,0,0.515750885,0.49963367,0.313374132,0.284010917,15.866787,12,8.16772175,8.2216177,0,13.352437,12.3924236,8.80821514,289,3767,0,0,0,,,,63
41222260,0.5,0.503759444,0.5,0,0.539926708,0.5318681,0.313753515,0.283699989,15.8713312,12,8.14963818,8.20683765,0,13.352437,12.3924236,8.80821514,289,3767,0,0,0,,,,63
41223425,0.5,0.516393423,0.5,0,0.507692277,0.475457847,0.314275652,0.283274412,15.8713312,12,8.16772175,8.22584057,0,13.352437,12.9757738,8.73582745,289,3767,0,0,0,,,,63
41224587,0.5,0.49242425,0.5,0,0.523809493,0.539926708,0.314780712,0.282865375,15.8576965,12,8.13456917,8.2005043,0,13.352437,12.9757738,8.73582745,289,3742,0,0,0,,,,63
41225753,0.5,0.49242425,0.5,0,0.523809493,0.539926708,0.314842939,0.282815188,15.866787,12,8.15867996,8.21528339,0,13.3595848,12.3104668,9.05370808,289,3742,0,0,0,,,,63
41226915,0.5,0.5,0.5,0,0.5318681,0.5318681,0.314635247,0.282982945,15.8576965,12,8.1315546,8.2005043,0,13.352437,12.3104668,9.05370808,289,3742,0,0,0,,,,63
41228086,0.5,0.484848499,0.5,0,0.515750885,0.547985315,0.314289272,0.283263385,15.866787,12,8.14963818,8.21739483,0,13.3452892,13.0324574,8.94806957,289,3742,0,0,0,,,,63
41229247,0.5,0.485294104,0.5,0,0.5318681,0.56410253,0.313609302,0.283818007,15.8576965,12,8.13758278,8.2005043,0,13.352437,13.0324574,8.94806957,289,3723,0,0,0,,,,63
41230413,0.5,0.496183187,0.5,0,0.523809493,0.5318681,0.312835306,0.284454972,15.866787,12,8.15867996,8.21528339,0,13.352437,12.2851963,9.28077316,289,3723,0,0,0,,,,63
41231574,0.5,0.485714287,0.5,0,0.547985315,0.580219746,0.312132925,0.285038203,15.8531513,12,8.11949921,8.19839287,0,13.352437,12.2851963,9.28077316,289,3723,0,0,0,,,,63
41232740,0.5,0.5,0.5,0,0.523809493,0.523809493,0.31150502,0.285563827,15.8622417,12,8.13758278,8.21317196,0,13.352437,13.0554256,9.16166115,289,3729,0,0,0,,,,63
41233902,0.5,0.520547926,0.5,0,0.612454176,0.56410253,0.311414987,0.285639524,15.8622417,12,8.09538841,8.19417,0,13.3595848,13.0554256,9.16166115,289,3729,0,0,0,,,,63
41235072,0.5,0.480620176,0.5,0,0.49963367,0.539926708,0.311568797,0.285510272,15.8622417,12,8.13456917,8.21106052,0,13.3452892,12.2795658,9.49766827,289,3729,0,0,0,,,,63
41236234,0.5,0.506944418,0.5,0,0.588278353,0.572161138,0.311455458,0.28560549,15.8622417,12,8.11347103,8.19839287,0,13.352437,12.2795658,9.49766827,289,3690,0,0,0,,,,63
41237399,0.5,0.511278212,0.5,0,0.547985315,0.523809493,0.311558425,0.285518974,15.8622417,12,8.14662457,8.21106052,0,13.352437,13.0665464,9.37203312,289,3690,0,0,0,,,,63
41238561,0.5,0.506756783,0.5,0,0.604395568,0.588278353,0.31200543,0.285144567,15.8622417,12,8.11045742,8.19205856,0,13.3595848,13.0665464,9.37203312,289,3690,0,0,0,,,,63
41239930,0.5,0.51145035,0.5,0,0.539926708,0.515750885,0.31257236,0.284672707,15.8531513,12,8.13456917,8.19839287,0,13.3452892,12.2806749,9.70738983,289,3679,0,0,0,,,,63
41241096,0.5,0.5,0.5,0,0.56410253,0.56410253,0.313108385,0.284229577,15.8622417,12,8.14361095,8.19628143,0,13.3381405,12.2806749,9.70738983,289,3679,0,0,0,,,,63
41242262,0.5,0.5,0.5,0,0.547985315,0.547985315,0.313417763,0.283975124,15.8486061,12,8.13758278,8.19417,0,13.3452892,13.0734425,9.5777092,289,3679,0,0,0,,,,63
41243424,0.5,0.503649652,0.5,0,0.556043923,0.547985315,0.313592583,0.283831716,15.8622417,12,8.14361095,8.2005043,0,13.352437,13.0734425,9.5777092,289,3667,0,0,0,,,,63
41244589,0.5,0.489361733,0.5,0,0.556043923,0.580219746,0.313602179,0.283823878,15.8440609,12,8.08634663,8.17939091,0,13.3452892,12.2840338,9.91109562,289,3667,0,0,0,,,,63
41245751,0.5,0.496503472,0.5,0,0.572161138,0.580219746,0.313350677,0.284030199,15.8576965,12,8.13456917,8.19417,0,13.352437,12.2840338,9.91109562,289,3667,0,0,0,,,,63
41246917,0.5,0.509803951,0.5,0,0.628571391,0.604395568,0.313221186,0.284136653,15.8486061,12,8.08634663,8.17727947,0,13.3452892,13.0787716,9.77828884,289,3657,0,0,0,,,,63
41248083,0.5,0.492753625,0.5,0,0.547985315,0.56410253,0.313263297,0.284102023,15.8622417,12,8.14059639,8.19839287,0,13.3381405,13.0787716,9.77828884,289,3657,0,0,0,,,,63
41249249,0.5,0.5,0.5,0,0.596336961,0.596336961,0.313194335,0.284158736,15.8576965,12,8.08936024,8.18783569,0,13.352437,12.2880831,10.1093006,289,3657,0,0,0,,,,63
41250411,0.5,0.49640286,0.5,0,0.556043923,0.56410253,0.313056409,0.284272373,15.8622417,12,8.14963818,8.20683765,0,13.3452892,12.2880831,10.1093006,289,3643,0,0,0,,,,63
41251577,0.5,0.496598601,0.5,0,0.588278353,0.596336961,0.312879384,0.284418523,15.8576965,12,8.09237385,8.18994713,0,13.352437,13.0834608,9.97374344,289,3643,0,0,0,,,,63
41252738,0.5,0.485074639,0.5,0,0.523809493,0.556043923,0.312498242,0.28473419,15.8622417,12,8.14059639,8.21528339,0,13.3452892,13.0834608,9.97374344,289,3643,0,0,0,,,,63
41253905,0.5,0.503496468,0.5,0,0.580219746,0.572161138,0.312037498,0.285117805,15.8576965,12,8.11347103,8.19205856,0,13.3452892,12.2922802,10.3022919,289,3618,0,0,0,,,,63
41255071,0.5,0.48888886,0.5,0,0.5318681,0.556043923,0.311660528,0.285433292,15.8486061,12,8.1044302,8.2005043,0,13.3381405,12.2922802,10.3022919,289,3618,0,0,0,,,,63
41256237,0.5,0.503546119,0.5,0,0.572161138,0.56410253,0.311342716,0.285700351,15.866787,12,8.11347103,8.19417,0,13.352437,13.0878372,10.1641674,289,3618,0,0,0,,,,63
41257398,0.5,0.492857128,0.5,0,0.556043923,0.572161138,0.311103165,0.285902381,15.8395166,12,8.08333206,8.18572426,0,13.3452892,13.0878372,10.1641674,289,3614,0,0,0,,,,63
41258564,0.5,0.506944418,0.5,0,0.588278353,0.572161138,0.310975462,0.286010325,15.8576965,12,8.1315546,8.19417,0,13.3452892,12.2964411,10.4902754,289,3614,0,0,0,,,,63
41259929,0.5,0.503144622,0.5,0,0.644688606,0.636629999,0.311058104,0.285940439,15.8531513,12,8.06223488,8.17094517,0,13.352437,12.2964411,10.4902754,289,3614,0,0,0,,,,63
41261100,0.5,0.507246375,0.5,0,0.56410253,0.547985315,0.311315387,0.285723358,15.8622417,12,8.13758278,8.19628143,0,13.3309927,13.0920191,10.3496981,289,3596,0,0,0,,,,63
41262261,0.5,0.513333321,0.5,0,0.620512784,0.588278353,0.311779916,0.285333186,15.8576965,12,8.09237385,8.18361282,0,13.352437,13.0920191,10.3496981,289,3596,0,0,0,,,,63
41263427,0.5,0.5,0.5,0,0.547985315,0.547985315,0.312320083,0.284882247,15.8576965,12,8.13758278,8.2005043,0,13.3452892,12.3005037,10.6734238,289,3596,0,0,0,,,,63
41264588,0.5,0.50993377,0.5,0,0.620512784,0.596336961,0.312778592,0.284501851,15.8622417,12,8.09237385,8.17939091,0,13.352437,12.3005037,10.6734238,289,3572,0,0,0,,,,63
41265754,0.5,0.477611929,0.5,0,0.515750885,0.56410253,0.312877029,0.284420431,15.8576965,12,8.14361095,8.20261574,0,13.3452892,13.0960474,10.5304832,289,3572,0,0,0,,,,63
41266915,0.5,0.503401339,0.5,0,0.596336961,0.588278353,0.312550813,0.284690589,15.8622417,12,8.11949921,8.19205856,0,13.352437,13.0960474,10.5304832,289,3572,0,0,0,,,,63
41268085,0.5,0.5,0.5,0,0.547985315,0.547985315,0.31231612,0.284885556,15.8486061,12,8.14662457,8.20261574,0,13.3309927,12.3044491,10.8518944,289,3551,0,0,0,,,,63
41269246,0.5,0.510489464,0.5,0,0.588278353,0.56410253,0.312400013,0.284815818,15.8576965,12,8.11949921,8.19628143,0,13.3452892,12.3044491,10.8518944,289,3551,0,0,0,,,,63
41270412,0.5,0.49640286,0.5,0,0.556043923,0.56410253,0.312608391,0.284642845,15.8486061,12,8.1315546,8.19839287,0,13.3452892,13.0999413,10.7066698,289,3551,0,0,0,,,,63
41271574,0.5,0.496453941,0.5,0,0.56410253,0.572161138,0.312648296,0.284609765,15.8531513,12,8.11949921,8.19628143,0,13.352437,13.0999413,10.7066698,289,3540,0,0,0,,,,63
41272739,0.5,0.496551752,0.5,0,0.580219746,0.588278353,0.312507838,0.284726232,15.8440609,12,8.09538841,8.18783569,0,13.3452892,12.3082733,11.0258369,289,3540,0,0,0,,,,63
41273905,0.5,0.496503472,0.5,0,0.572161138,0.580219746,0.312303871,0.284895748,15.8576965,12,8.11949921,8.19417,0,13.352437,12.3082733,11.0258369,289,3540,0,0,0,,,,63
41275070,0.5,0.503355742,0.5,0,0.604395568,0.596336961,0.312162906,0.285013169,15.8486061,12,8.08634663,8.17939091,0,13.3452892,13.1037092,10.8784018,289,3510,0,0,0,,,,63
41276232,0.5,0.503546119,0.5,0,0.572161138,0.56410253,0.312200606,0.284981728,15.8622417,12,8.13456917,8.19839287,0,13.352437,13.1037092,10.8784018,289,3510,0,0,0,,,,63
41277398,0.5,0.5,0.5,0,0.604395568,0.604395568,0.312320054,0.284882277,15.8531513,12,8.08936024,8.18150139,0,13.352437,12.3119774,11.1953964,289,3510,0,0,0,,,,63
41278559,0.5,0.492753625,0.5,0,0.547985315,0.56410253,0.312295347,0.284902841,15.8622417,12,8.13456917,8.19839287,0,13.352437,12.3119774,11.1953964,289,3496,0,0,0,,,,63
41279725,0.5,0.510067165,0.5,0,0.612454176,0.588278353,0.312262893,0.284929842,15.8576965,12,8.08936024,8.18361282,0,13.352437,13.107357,11.0458221,289,3496,0,0,0,,,,63
41281095,0.5,0.5,0.5,0,0.523809493,0.523809493,0.312416136,0.284802407,15.8622417,12,8.15566635,8.21106052,0,13.3309927,13.107357,11.0458221,289,3496,0,0,0,,,,63
41282261,0.5,0.503546119,0.5,0,0.572161138,0.56410253,0.312607497,0.284643531,15.8622417,12,8.14059639,8.19839287,0,13.352437,12.3155642,11.3607121,289,3483,0,0,0,,,,63
41283422,0.5,0.5,0.5,0,0.523809493,0.523809493,0.312758476,0.28451851,15.8531513,12,8.16169453,8.2005043,0,13.3452892,12.3155642,11.3607121,289,3483,0,0,0,,,,63
41284588,0.5,0.5,0.5,0,0.580219746,0.580219746,0.312850654,0.284442276,15.8622417,12,8.11949921,8.19628143,0,13.352437,13.1108894,11.2090654,289,3483,0,0,0,,,,63
41285749,0.5,0.5,0.5,0,0.56410253,0.56410253,0.312887043,0.284412205,15.8440609,12,8.10744381,8.19205856,0,13.3452892,13.1108894,11.2090654,289,3449,0,0,0,,,,63
41286919,0.5,0.510344863,0.5,0,0.596336961,0.572161138,0.313044578,0.284282118,15.8576965,12,8.12251282,8.19205856,0,13.3452892,12.3190384,11.5219183,289,3449,0,0,0,,,,63
41288081,0.5,0.496598601,0.5,0,0.588278353,0.596336961,0.313291132,0.284079134,15.8395166,12,8.08031845,8.17727947,0,13.3309927,12.3190384,11.5219183,289,3449,0,0,0,,,,63
41289246,0.5,0.489655197,0.5,0,0.572161138,0.596336961,0.313255221,0.284108669,15.8622417,12,8.11347103,8.19205856,0,13.352437,13.1143093,11.3682661,289,3451,0,0,0,,,,63
41290408,0.5,0.493421048,0.5,0,0.604395568,0.620512784,0.31289193,0.284408152,15.8486061,12,8.08333206,8.17516804,0,13.3452892,13.1143093,11.3682661,289,3451,0,0,0,,,,63
41291573,0.5,0.5,0.5,0,0.56410253,0.56410253,0.312522829,0.284713775,15.8622417,12,8.14059639,8.19839287,0,13.352437,12.322402,11.6791449,289,3451,0,0,0,,,,63
41292735,0.5,0.496644318,0.5,0,0.596336961,0.604395568,0.312278122,0.284917206,15.8576965,12,8.09840202,8.18572426,0,13.352437,12.322402,11.6791449,289,3439,0,0,0,,,,63
41293905,0.5,0.51449275,0.5,0,0.572161138,0.539926708,0.312301129,0.284898043,15.8576965,12,8.12854099,8.20472717,0,13.3452892,13.1176205,11.52355,289,3439,0,0,0,,,,63
41295066,0.5,0.510344863,0.5,0,0.596336961,0.572161138,0.312743098,0.284531265,15.8576965,12,8.09840202,8.18994713,0,13.3452892,13.1176205,11.52355,289,3414,0,0,0,,,,63
41296232,0.5,0.503649652,0.5,0,0.556043923,0.547985315,0.313316375,0.284058362,15.8531513,12,8.11949921,8.19628143,0,13.3452892,12.3256588,11.8325186,289,3414,0,0,0,,,,63
41297393,0.5,0.496644318,0.5,0,0.596336961,0.604395568,0.313660711,0.283775955,15.8622417,12,8.10141563,8.18783569,0,13.352437,12.3256588,11.8325186,289,3414,0,0,0,,,,63
41298559,0.5,0.50967741,0.5,0,0.636629999,0.612454176,0.313889563,0.283588886,15.8440609,12,8.08634663,8.16038799,0,13.3452892,13.1208267,11.6750431,289,3418,0,0,0,,,,63
41299720,0.5,0.496688724,0.5,0,0.604395568,0.612454176,0.31412828,0.283394307,15.8576965,12,8.10744381,8.18572426,0,13.352437,13.1208267,11.6750431,289,3418,0,0,0,,,,63
41300890,0.5,0.5,0.5,0,0.620512784,0.620512784,0.314230055,0.283311516,15.8486061,12,8.08634663,8.16038799,0,13.3452892,12.3288126,11.9821615,289,3418,0,0,0,,,,63
41302256,0.5,0.510948956,0.5,0,0.56410253,0.539926708,0.314392626,0.283179492,15.8622417,12,8.14662457,8.19839287,0,13.352437,12.3288126,11.9821615,289,3388,0,0,0,,,,63
41303421,0.5,0.519230783,0.5,0,0.652747214,0.604395568,0.314973712,0.282709688,15.8576965,12,8.09538841,8.18150139,0,13.352437,13.1239319,11.8228645,289,3388,0,0,0,,,,63
41304582,0.5,0.489051133,0.5,0,0.539926708,0.56410253,0.315576106,0.282226175,15.8531513,12,8.15265274,8.19839287,0,13.3452892,13.1239319,11.8228645,289,3388,0,0,0,,,,63
41305748,0.5,0.489932925,0.5,0,0.588278353,0.612454176,0.315584719,0.282219291,15.8576965,12,8.1044302,8.18572426,0,13.352437,12.3318672,12.1281919,289,3366,0,0,0,,,,63
41306914,0.5,0.489361733,0.5,0,0.556043923,0.580219746,0.315125018,0.282587916,15.8349714,12,8.09840202,8.17727947,0,13.3452892,12.3318672,12.1281919,289,3366,0,0,0,,,,63
41308080,0.5,0.5,0.5,0,0.596336961,0.596336961,0.31463024,0.282986969,15.8576965,12,8.12251282,8.18783569,0,13.3381405,13.1269388,11.9671307,289,3366,0,0,0,,,,63
41309241,0.5,0.493506491,0.5,0,0.612454176,0.628571391,0.314255714,0.283290684,15.8486061,12,8.07127666,8.1667223,0,13.3452892,13.1269388,11.9671307,289,3368,0,0,0,,,,63
41310407,0.5,0.5,0.5,0,0.588278353,0.588278353,0.31395933,0.283531934,15.8531513,12,8.10744381,8.18572426,0,13.3452892,12.3348246,12.2707233,289,3368,0,0,0,,,,63
41311568,0.5,0.493670881,0.5,0,0.628571391,0.644688606,0.313697547,0.283745795,15.8486061,12,8.06524849,8.1667223,0,13.3452892,12.3348246,12.2707233,289,3368,0,0,0,,,,63
41312734,0.5,0.510344863,0.5,0,0.596336961,0.572161138,0.313594699,0.283830017,15.8486061,12,8.10141563,8.17727947,0,13.3452892,13.1298504,12.107954,289,3333,0,0,0,,,,63
41313900,0.5,0.503401339,0.5,0,0.596336961,0.588278353,0.313777745,0.283680201,15.8576965,12,8.10141563,8.18572426,0,13.352437,13.1298504,12.107954,289,3333,0,0,0,,,,63
41315066,0.5,0.5,0.5,0,0.588278353,0.588278353,0.314011157,0.283489704,15.8440609,12,8.09538841,8.1730566,0,13.3381405,12.3376875,12.4098673,289,3321,0,0,0,,,,63
41316227,0.5,0.49333334,0.5,0,0.596336961,0.612454176,0.314035952,0.283469498,15.8531513,12,8.11045742,8.18783569,0,13.352437,12.3376875,12.4098673,289,3321,0,0,0,,,,63
41317393,0.5,0.493750006,0.5,0,0.636629999,0.652747214,0.313813806,0.283650726,15.8486061,12,8.07127666,8.16461086,0,13.3452892,13.1326694,12.2454443,289,3321,0,0,0,,,,63
41318554,0.5,0.503401339,0.5,0,0.596336961,0.588278353,0.313580245,0.283841819,15.8576965,12,8.12552738,8.18572426,0,13.352437,13.1326694,12.2454443,289,3314,0,0,0,,,,63
41319724,0.5,0.503184736,0.5,0,0.636629999,0.628571391,0.313557684,0.283860296,15.8622417,12,8.08936024,8.16883373,0,13.3452892,12.3404608,12.5457306,289,3314,0,0,0,,,,63
41320886,0.5,0.506944418,0.5,0,0.588278353,0.572161138,0.313741237,0.283710063,15.8395166,12,8.10744381,8.17516804,0,13.3381405,12.3404608,12.5457306,289,3314,0,0,0,,,,63
41322051,0.5,0.50666666,0.5,0,0.612454176,0.596336961,0.314084321,0.28343007,15.8576965,12,8.08936024,8.18361282,0,13.352437,13.1353998,12.3797064,289,3306,0,0,0,,,,63
41323417,0.5,0.50310564,0.5,0,0.652747214,0.644688606,0.314470381,0.28311646,15.8440609,12,8.04415131,8.15405464,0,13.3381405,13.1353998,12.3797064,289,3306,0,0,0,,,,63
41324582,0.5,0.506849289,0.5,0,0.596336961,0.580219746,0.314843446,0.282814771,15.8576965,12,8.11949921,8.19205856,0,13.3452892,12.3431454,12.6784182,289,3306,0,0,0,,,,63
41325744,0.5,0.509433925,0.5,0,0.652747214,0.628571391,0.315304667,0.282443643,15.8486061,12,8.06223488,8.16883373,0,13.3452892,12.3431454,12.6784182,289,3312,0,0,0,,,,63
41326914,0.5,0.478873253,0.5,0,0.547985315,0.596336961,0.315466285,0.282314092,15.8486061,12,8.1315546,8.18361282,0,13.3381405,13.1380434,12.5108433,289,3312,0,0,0,,,,63
41328075,0.5,0.5,0.5,0,0.628571391,0.628571391,0.315131515,0.28258273,15.8531513,12,8.08936024,8.17939091,0,13.3381405,13.1380434,12.5108433,289,3276,0,0,0,,,,63
41329241,0.5,0.489510477,0.5,0,0.56410253,0.588278353,0.314682573,0.282944649,15.8349714,12,8.09237385,8.17939091,0,13.3452892,12.345746,12.8080292,289,3276,0,0,0,,,,63
41330402,0.5,0.4900662,0.5,0,0.596336961,0.620512784,0.314138621,0.283385873,15.8622417,12,8.09840202,8.18783569,0,13.3595848,12.345746,12.8080292,289,3276,0,0,0,,,,63
41331567,0.5,0.506578922,0.5,0,0.620512784,0.604395568,0.313698739,0.283744812,15.8531513,12,8.08333206,8.1667223,0,13.3452892,13.1406031,12.6389523,289,3267,0,0,0,,,,63
41332733,0.5,0.489361733,0.5,0,0.556043923,0.580219746,0.313445508,0.283952326,15.8576965,12,8.11949921,8.19628143,0,13.3452892,13.1406031,12.6389523,289,3267,0,0,0,,,,63
41333899,0.5,0.50666666,0.5,0,0.612454176,0.596336961,0.313249379,0.284113467,15.8531513,12,8.07730484,8.1730566,0,13.3452892,12.3482637,12.9346619,289,3267,0,0,0,,,,63
41335060,0.5,0.506329119,0.5,0,0.644688606,0.628571391,0.313315958,0.28405872,15.8395166,12,8.06826305,8.1456089,0,13.3381405,12.3482637,12.9346619,289,3260,0,0,0,,,,63
41336226,0.5,0.5,0.5,0,0.636629999,0.636629999,0.313540787,0.283874154,15.8576965,12,8.08333206,8.17094517,0,13.3452892,13.1430826,12.7641306,289,3260,0,0,0,,,,63
41337387,0.5,0.5,0.5,0,0.701098859,0.701098859,0.313676625,0.283762902,15.8486061,12,8.03209591,8.13716316,0,13.3452892,13.1430826,12.7641306,289,3260,0,0,0,,,,63
41338553,0.5,0.503311217,0.5,0,0.612454176,0.604395568,0.313777715,0.283680201,15.8486061,12,8.08634663,8.1730566,0,13.3381405,12.3507013,13.0584097,289,3251,0,0,0,,,,63
41339719,0.5,0.496855319,0.5,0,0.636629999,0.644688606,0.313851088,0.283620298,15.8531513,12,8.07127666,8.16249943,0,13.352437,12.3507013,13.0584097,289,3251,0,0,0,,,,63
41340884,0.5,0.506849289,0.5,0,0.596336961,0.580219746,0.313931346,0.283554792,15.8395166,12,8.09538841,8.18361282,0,13.3381405,13.145483,12.8864708,289,3251,0,0,0,,,,63
41342045,0.5,0.496644318,0.5,0,0.596336961,0.604395568,0.314044565,0.283462495,15.8622417,12,8.10141563,8.19205856,0,13.352437,13.145483,12.8864708,289,3247,0,0,0,,,,63
41343211,0.5,0.486666679,0.5,0,0.588278353,0.620512784,0.313888073,0.283590108,15.8395166,12,8.07730484,8.16883373,0,13.3381405,12.3530626,13.1793652,289,3247,0,0,0,,,,63
41344576,0.5,0.492957741,0.5,0,0.56410253,0.580219746,0.313402236,0.28398782,15.8622417,12,8.13456917,8.2005043,0,13.352437,12.3530626,13.1793652,289,3238,0,0,0,,,,63
41345746,0.5,0.49032256,0.5,0,0.612454176,0.636629999,0.312815875,0.284471005,15.8531513,12,8.08031845,8.17727947,0,13.3452892,13.1478081,13.0060625,289,3238,0,0,0,,,,63
41346907,0.5,0.496598601,0.5,0,0.588278353,0.596336961,0.312266499,0.284926891,15.8395166,12,8.10744381,8.18150139,0,13.3381405,13.1478081,13.0060625,289,3238,0,0,0,,,,63
41348073,0.5,0.503184736,0.5,0,0.636629999,0.628571391,0.311935216,0.285203278,15.8486061,12,8.07429028,8.17727947,0,13.3381405,12.3553486,13.2976151,289,3230,0,0,0,,,,63
41349234,0.5,0.503268003,0.5,0,0.620512784,0.612454176,0.31188935,0.285241634,15.8440609,12,8.05922127,8.16249943,0,13.3381405,12.3553486,13.2976151,289,3230,0,0,0,,,,63
41350400,0.5,0.50993377,0.5,0,0.620512784,0.596336961,0.312100261,0.285065413,15.8576965,12,8.09538841,8.18150139,0,13.352437,13.1500587,13.1229916,289,3230,0,0,0,,,,63
41351561,0.5,0.503184736,0.5,0,0.636629999,0.628571391,0.312471777,0.284756184,15.8531513,12,8.0562067,8.16038799,0,13.3452892,13.1500587,13.1229916,289,3212,0,0,0,,,,63
41352732,0.5,0.510344863,0.5,0,0.596336961,0.572161138,0.312912256,0.284391314,15.8622417,12,8.12552738,8.19205856,0,13.3452892,12.357563,13.4132462,289,3212,0,0,0,,,,63
41353893,0.5,0.506578922,0.5,0,0.620512784,0.604395568,0.313434064,0.283961713,15.8576965,12,8.1044302,8.17939091,0,13.352437,12.357563,13.4132462,289,3208,0,0,0,,,,63
41355059,0.5,0.486842096,0.5,0,0.596336961,0.628571391,0.313695371,0.283747613,15.8440609,12,8.08333206,8.1667223,0,13.3381405,13.1522398,13.2373438,289,3208,0,0,0,,,,63
41356220,0.5,0.510067165,0.5,0,0.612454176,0.588278353,0.313697278,0.283746004,15.8622417,12,8.10141563,8.18150139,0,13.352437,13.1522398,13.2373438,289,3208,0,0,0,,,,63
41357385,0.5,0.497005969,0.5,0,0.668864429,0.676923037,0.313778609,0.283679515,15.8440609,12,8.06223488,8.15405464,0,13.3452892,12.3597069,13.5263395,289,3190,0,0,0,,,,63
41358547,0.5,0.493421048,0.5,0,0.604395568,0.620512784,0.313739628,0.283711374,15.8395166,12,8.08936024,8.1730566,0,13.3381405,12.3597069,13.5263395,289,3190,0,0,0,,,,63
41359717,0.5,0.5030303,0.5,0,0.668864429,0.660805821,0.313588798,0.283834845,15.8440609,12,8.0562067,8.16249943,0,13.3381405,13.1543503,13.3491993,289,3190,0,0,0,,,,63
41360878,0.5,0.4909091,0.5,0,0.652747214,0.676923037,0.313422382,0.28397128,15.8349714,12,8.03209591,8.1392746,0,13.3381405,13.1543503,13.3491993,289,3188,0,0,0,,,,63
41362044,0.5,0.5,0.5,0,0.620512784,0.620512784,0.313178003,0.284172207,15.8531513,12,8.07730484,8.17727947,0,13.3452892,12.361783,13.6369781,289,3188,0,0,0,,,,63
41363205,0.5,0.5,0.5,0,0.660805821,0.660805821,0.313004822,0.28431493,15.8440609,12,8.04415131,8.15405464,0,13.3238449,12.361783,13.6369781,289,3171,0,0,0,,,,63
41364371,0.5,0.503355742,0.5,0,0.604395568,0.596336961,0.31298402,0.284332097,15.8440609,12,8.08936024,8.17516804,0,13.3452892,13.156395,13.4586372,289,3171,0,0,0,,,,63
41365741,0.5,0.5,0.5,0,0.628571391,0.628571391,0.313046962,0.284280211,15.8531513,12,8.08333206,8.17516804,0,13.3452892,13.156395,13.4586372,289,3171,0,0,0,,,,63
41366906,0.5,0.49079752,0.5,0,0.644688606,0.668864429,0.312972814,0.284341365,15.8486061,12,8.05017948,8.15827656,0,13.3452892,12.3637943,13.7452364,289,3162,0,0,0,,,,63
41368068,0.5,0.50666666,0.5,0,0.612454176,0.596336961,0.312829435,0.284459829,15.8486061,12,8.10141563,8.18150139,0,13.3381405,12.3637943,13.7452364,289,3162,0,0,0,,,,63
41369233,0.5,0.506493509,0.5,0,0.628571391,0.612454176,0.312936515,0.284371346,15.8486061,12,8.06826305,8.16249943,0,13.3452892,13.1583757,13.5657349,289,3162,0,0,0,,,,63
41370395,0.5,0.493827164,0.5,0,0.644688606,0.660805821,0.313094079,0.284241349,15.8395166,12,8.04415131,8.1456089,0,13.3452892,13.1583757,13.5657349,289,3146,0,0,0,,,,63
41371561,0.5,0.496732056,0.5,0,0.612454176,0.620512784,0.313022763,0.284300148,15.8531513,12,8.08634663,8.1730566,0,13.352437,12.3657408,13.8511915,289,3146,0,0,0,,,,63
41372727,0.5,0.5,0.5,0,0.668864429,0.668864429,0.312873453,0.284423441,15.8440609,12,8.0411377,8.15827656,0,13.3452892,12.3657408,13.8511915,289,3147,0,0,0,,,,63
41373893,0.5,0.50993377,0.5,0,0.620512784,0.596336961,0.312926888,0.284379303,15.8395166,12,8.08333206,8.1667223,0,13.3381405,13.1602936,13.6705647,289,3147,0,0,0,,,,63
41375055,0.5,0.51219511,0.5,0,0.676923037,0.644688606,0.313334763,0.284043282,15.8576965,12,8.08031845,8.16883373,0,13.3381405,13.1602936,13.6705647,289,3147,0,0,0,,,,63
41376220,0.5,0.496932507,0.5,0,0.652747214,0.660805821,0.313806564,0.283656657,15.8395166,12,8.04415131,8.14772034,0,13.3452892,12.3676271,13.954916,289,3124,0,0,0,,,,63
41377381,0.5,0.503401339,0.5,0,0.596336961,0.588278353,0.314070255,0.283441544,15.8531513,12,8.10141563,8.18361282,0,13.352437,12.3676271,13.954916,289,3124,0,0,0,,,,63
41378551,0.5,0.493827164,0.5,0,0.644688606,0.660805821,0.314143509,0.283381909,15.8486061,12,8.0562067,8.16249943,0,13.3452892,13.1621504,13.7731991,289,3124,0,0,0,,,,63
41379713,0.5,0.5,0.5,0,0.604395568,0.604395568,0.314067215,0.283443987,15.8349714,12,8.08634663,8.1667223,0,13.3381405,13.1621504,13.7731991,289,3106,0,0,0,,,,63
41380879,0.5,0.5,0.5,0,0.660805821,0.660805821,0.313985795,0.283510357,15.8486061,12,8.06223488,8.16883373,0,13.3452892,12.3694534,14.0564795,289,3106,0,0,0,,,,63
41382040,0.5,0.5,0.5,0,0.701098859,0.701098859,0.313955694,0.283534914,15.8395166,12,8.00497055,8.13716316,0,13.3381405,12.3694534,14.0564795,289,3096,0,0,0,,,,63
41383205,0.5,0.509202421,0.5,0,0.668864429,0.644688606,0.314068228,0.283443213,15.8349714,12,8.0411377,8.15405464,0,13.3381405,13.163949,13.8737078,289,3096,0,0,0,,,,63
41384367,0.5,0.515337408,0.5,0,0.676923037,0.636629999,0.314531028,0.283067286,15.8486061,12,8.03812313,8.15827656,0,13.3452892,13.163949,13.8737078,289,3096,0,0,0,,,,63
41385537,0.5,0.491017938,0.5,0,0.660805821,0.684981644,0.315011144,0.282679558,15.8395166,12,8.02305412,8.1392746,0,13.3452892,12.3712215,14.1559496,289,3084,0,0,0,,,,63
41386902,0.5,0.493589729,0.5,0,0.620512784,0.636629999,0.315035194,0.282660216,15.8395166,12,8.07127666,8.16038799,0,13.3381405,12.3712215,14.1559496,289,3084,0,0,0,,,,63
41388068,0.5,0.506329119,0.5,0,0.644688606,0.628571391,0.314916223,0.282756031,15.8531513,12,8.08031845,8.16883373,0,13.3381405,13.1656904,13.9721575,290,3826,0,0,0,,,,63
41389229,0.5,0.5030303,0.5,0.659256876,0.668864429,0.660805821,0.315008432,0.282681763,15.8440609,12,8.0411377,8.14349747,0,13.3452892,13.1656904,13.9721575,291,3826,0,0,0,,,,63
41390396,0.5,0.49032256,0.5,0.659256876,0.612454176,0.636629999,0.315028906,0.282665282,15.8440609,11.2490721,8.08031845,8.1667223,0,13.3452892,11.2490721,13.8129005,291,3826,0,0,0,,,,63
41391562,0.5,0.506024122,0.5,0.662651181,0.676923037,0.660805821,0.314924121,0.282749683,15.8531513,11.2490721,8.05319309,8.15827656,0,13.3452892,11.2490721,13.8129005,291,4367,0,0,0,,,,63
41392728,0.5,0.497005969,0.5,0.662651181,0.668864429,0.676923037,0.314899355,0.28276965,15.8395166,9.72733498,8.02305412,8.13716316,0,13.3452892,9.72733498,13.6502504,291,4367,0,0,0,,,,63
41393890,0.5,0.496732056,0.5,0.662651181,0.612454176,0.620512784,0.314828485,0.282826841,15.8531513,9.72733498,8.09538841,8.1730566,0,13.352437,9.72733498,13.6502504,292,4799,0,0,0,,,,63
41395056,0.5,0.5,0.5,0.660457313,0.596336961,0.596336961,0.31469813,0.282932132,15.8713312,7.89773178,8.12854099,8.19628143,0,13.352437,7.89773178,13.4897928,293,4799,0,0,0,,,,63
41396218,0.5,0.5,0.5,0.660457313,0.515750885,0.515750885,0.314622164,0.282993555,15.8531513,7.89773178,8.14361095,8.20894909,0,13.352437,7.89773178,13.4897928,293,4799,0,0,0,,,,63
41397383,0.5,0.490740746,0.5,0.660457313,0.427106202,0.443223417,0.314463258,0.283122212,15.8895121,6.01768398,8.23704243,8.26384449,0,13.3667326,6.01768398,13.3293362,293,4799,0,1,0,,,,63
41398550,0.5,0.504761934,0.5,0.660457313,0.427106202,0.419047594,0.314256936,0.283289671,15.8849669,6.01768398,8.24909782,8.26384449,0,13.3667326,6.01768398,13.3293362,293,4799,0,1,0,,,,63
41399716,0.5,0.49333334,0.5,0.660457313,0.29816848,0.306227088,0.314114392,0.283405602,15.9031467,4.23300838,8.31841755,8.32085133,0,13.3738813,4.23300838,13.1688795,293,4799,0,1,0,,,,63
41400877,0.5,0.474999994,0.5,0.441987693,0.306227088,0.338461518,0.313604385,0.28382203,15.8986015,4.23300838,8.33348751,8.31240559,0,13.3738813,4.23300838,13.1688795,293,6590,0,1,0,,,,63
41402044,0.5,0.527272701,0.5,0.441987693,0.23369962,0.209523797,0.313161075,0.284186125,15.9031467,2.98818183,8.35759926,8.33985329,0,13.3738813,2.98818183,13.2268925,293,6590,0,1,0,,,,63
41403205,0.5,0.5,0.5,0.441987693,0.217582405,0.217582405,0.313393056,0.28399539,15.9167824,2.98818183,8.37266827,8.36518955,0,13.3953247,2.98818183,13.2268925,293,6590,0,2,0,,,,63
41404371,0.5,0.540000021,0.5,0.441987693,0.217582405,0.185347974,0.314257741,0.283288985,15.9258718,2.71237206,8.4058218,8.37785816,0,13.3881769,2.71237206,13.2849054,293,6590,0,2,0,,,,63
41405538,0.5,0.571428597,0.5,0.441987693,0.128937721,0.0967032909,0.316487551,0.281501174,15.9167824,2.71237206,8.31239033,8.44330978,0,13.3953247,2.71237206,13.2849054,293,6590,0,2,0,,,,63
41406907,0.5,0.533333361,0.5,0.441987693,0.128937721,0.112820506,0.319845796,0.27889657,15.9304171,3.20752788,8.41184998,8.41586208,0,13.3953247,3.20752788,13.3429184,293,6434,0,2,0,,,,63
41408069,0.5,0.535714269,0.5,0.441987693,0.120879114,0.104761899,0.32310912,0.276461899,15.9258718,3.20752788,8.51130867,8.39897156,0,13.3810291,3.20752788,13.3429184,293,6434,0,2,0,,,,63
41409235,0.5,0.54285717,0.5,0.441987693,0.153113544,0.128937721,0.326214164,0.274228454,15.9258718,4.09570789,8.42993259,8.3799696,0,13.3953247,4.09570789,13.4009314,293,6434,0,3,0,,,,63
41410396,0.5,0.580645144,0.5,0.441987693,0.145054936,0.104761899,0.33007887,0.271555692,15.9258718,4.09570789,8.44198895,8.40952778,0,13.3953247,4.09570789,13.4009314,293,6434,0,3,0,,,,63
41411567,0.5,0.5,0.5,0.441987693,0.153113544,0.153113544,0.334072441,0.268910974,15.9258718,5.14195967,8.46007252,8.37574673,0,13.3881769,5.14195967,13.4589443,293,6434,0,3,0,,,,63
41412728,0.5,0.382352948,0.5,0.336069971,0.104761899,0.169230759,0.334598243,0.268571287,15.9258718,5.14195967,8.28827858,8.38208103,0,13.3953247,5.14195967,13.4589443,295,7794,0,3,0,,,,63
41413894,0.5,0.388888896,0.5,0.336069971,0.112820506,0.177289367,0.330147982,0.271508902,15.9167824,6.38540792,8.49623966,8.37152386,0,13.3881769,6.38540792,13.6228743,295,7794,0,3,0,,,,63
41415056,0.5,0.490566045,0.5,0.336069971,0.209523797,0.217582405,0.324584961,0.275390476,15.9167824,6.38540792,8.40883541,8.35041046,0,13.3810291,6.38540792,13.6228743,295,7794,0,4,0,,,,63
41416222,0.5,0.5,0.5,0.336069971,0.225641012,0.225641012,0.321275204,0.277818739,15.9031467,7.94068813,8.37266827,8.34196472,0,13.3881769,7.94068813,13.7868052,295,7794,0,4,0,,,,63
41417384,0.5,0.507936537,0.5,0.336069971,0.257875443,0.249816835,0.319982529,0.278792679,15.907692,7.94068813,8.35458469,8.33351898,0,13.3810291,7.94068813,13.7868052,295,7794,0,4,0,,,,63
41418555,0.5,0.5,0.5,0.444994748,0.29816848,0.29816848,0.31961,0.279076099,15.8849669,9.48538876,8.30636215,8.33774185,0,13.3667326,9.48538876,13.8418102,297,7361,0,4,0,,,,63
41419716,0.5,0.539473712,0.5,0.444994748,0.330402911,0.282051265,0.320083499,0.278716087,15.8940573,9.48538876,8.29430676,8.34407616,0,13.3810291,9.48538876,13.8418102,297,7361,0,4,0,,,,63
41420882,0.5,0.471698105,0.5,0.444994748,0.402930379,0.451282024,0.320782691,0.278188109,15.8804216,10.6278629,8.21895885,8.2490654,0,13.3595848,10.6278629,13.8968163,298,7361,0,5,0,,,,63
41422044,0.5,0.411111116,0.5,0.444994748,0.29816848,0.427106202,0.319464326,0.279187292,15.8758764,10.6278629,8.18279171,8.27017879,0,13.352437,10.6278629,13.8968163,299,7361,0,5,0,,,,63
41423210,0.5,0.495934963,0.5,0.444994748,0.491575062,0.49963367,0.316607684,0.281406164,15.866787,11.3638544,8.16470814,8.227952,0,13.3595848,11.3638544,13.9518223,299,7361,0,5,0,,,,63
41424376,0.5,0.481481463,0.5,0.885053873,0.523809493,0.56410253,0.314430982,0.283148408,15.8531513,11.3638544,8.11949921,8.19417,0,13.3381405,11.3638544,13.9518223,301,6260,1,5,0,,,,63
41425542,0.5,0.48120302,0.5,0.885053873,0.515750885,0.556043923,0.312872767,0.284423977,15.8531513,11.0761461,8.13456917,8.20472717,0,13.352437,11.0761461,13.5667686,301,6260,1,5,0,,,,63
41426704,0.5,0.496688724,0.5,0.885053873,0.604395568,0.612454176,0.311616331,0.285470366,15.8576965,11.0761461,8.08333206,8.18361282,0,13.352437,11.0761461,13.5667686,302,6260,1,6,0,,,,63
41428073,0.5,0.493975908,0.5,0.885053873,0.660805821,0.676923037,0.310813814,0.286147207,15.8486061,9.04885674,8.03209591,8.16249943,0,13.3381405,9.04885674,13.181715,303,6260,1,6,0,,,,63
41429235,0.5,0.506578922,0.5,0.885053873,0.620512784,0.604395568,0.310420066,0.286481738,15.8349714,9.04885674,8.05017948,8.16038799,0,13.3452892,9.04885674,13.181715,303,6260,1,6,0,,,,63
41430401,0.5,0.512000024,0.5,1.34134233,0.515750885,0.491575062,0.310514063,0.286401689,15.8758764,4.97034979,8.1918335,8.23428535,0,13.352437,4.97034979,12.340373,305,5443,2,6,0,,,,63
41431568,0.5,0.510948956,0.5,1.34134233,0.56410253,0.539926708,0.311013222,0.285978377,15.866787,4.97034979,8.12854099,8.20894909,0,13.3595848,4.97034979,12.340373,305,5443,2,6,0,,,,63
41432733,0.5,0.539215684,0.5,1.34134233,0.443223417,0.378754556,0.312078029,0.285083979,15.8895121,-1.2181381,8.255126,8.28284645,0,13.3738813,-1.2181381,11.499032,306,5443,2,7,0,,,,63
41433895,0.5,0.519999981,0.5,1.34134233,0.314285696,0.290109873,0.31373927,0.283711642,15.8986015,-1.2181381,8.32444572,8.30607224,0,13.3810291,-1.2181381,11.499032,307,5443,2,7,0,,,,63
41435061,0.5,0.516129017,0.5,1.34134233,0.128937721,0.120879114,0.315401614,0.282365888,15.9349623,-8.63750935,8.48719788,8.41163921,0,13.3881769,-8.63750935,10.65769,307,5443,2,7,0,,,,63
41436222,0.5,0.523809552,0.5,1.34134233,0.0886446834,0.0805860758,0.316931963,0.28115049,15.9304171,-8.63750935,8.54144764,8.42641926,0,13.4024725,-8.63750935,10.65769,309,4835,3,7,0,,,,63
41437359,0.5,0,0.5,1.32905483,0,0,0.316931963,0.28115049,15.9304171,-12,8.65296268,8.47920322,0,13.4453611,-16.2465897,12.3196831,309,4835,3,7,0,,,,63
41438486,0.5,0,0.5,1.32905483,0,0,0.316931963,0.28115049,15.9258718,-12,8.64693546,8.47920322,0,13.5454321,-16.2465897,12.3196831,309,4835,3,7,0,,,,63
41439618,0.5,0,0.5,1.32905483,0,0,0.316931963,0.28115049,15.9167824,-10.3817348,8.63789368,8.46864605,0,13.6526527,-10.3817348,11.4906282,309,4835,3,8,0,,,,63
41440745,0.5,0,0.5,1.32905483,0,0,0.316931963,0.28115049,15.9440527,-10.3817348,8.63487911,8.46653461,0,13.7455759,-10.3817348,11.4906282,309,4835,3,8,0,,,,63
41441877,0.5,0,0.5,1.32905483,0,0,0.316931963,0.28115049,15.9304171,-10.3512859,8.62583828,8.46231174,0,13.7884636,-10.3512859,10.6615744,309,6594,3,8,0,,,,63
41443004,0.5,0,0.5,0.536302507,0,0,0.316931963,0.28115049,15.9395075,-10.3512859,8.60474014,8.46231174,0,13.8170557,-10.3512859,10.6615744,309,6594,3,8,0,,,,63
41444140,0.5,0,0.5,0.536302507,0,0,0.316931963,0.28115049,15.9440527,-12,8.61076832,8.46442318,0,13.8242044,-12.3438683,10.8269854,309,6594,3,8,0,,,,63
41445267,0.5,0,0.5,0.536302507,0,0,0.316931963,0.28115049,15.9395075,-12,8.61076832,8.46442318,0,13.8027601,-12.3438683,10.8269854,309,6594,3,9,0,,,,63
41446399,0.5,0,0.5,0.536302507,0,0,0.316931963,0.28115049,15.9122372,-12,8.60172653,8.46442318,0,13.7598724,-12.1352711,10.8700342,309,6594,3,9,0,,,,63
41447526,0.5,0,0.5,0.536302507,0,0,0.316931963,0.28115049,15.9167824,-12,8.59569836,8.46020031,0,13.6812439,-12.1352711,10.8700342,309,6431,3,9,0,,,,63
41448862,0.5,0,0.5,0.536302507,0,0,0.316931963,0.28115049,15.9213276,-10.5817461,8.58967113,8.46231174,0,13.5668764,-10.5817461,10.8337326,309,6431,3,9,0,,,,63
41449989,0.5,0,0.5,0.536302507,0,0,0.316931963,0.28115049,15.9395075,-10.5817461,8.58665657,8.46442318,0,13.4953966,-10.5817461,10.8337326,309,6431,3,9,0,,,,63
41451125,0.5,0,0.5,0.536302507,0,0,0.316931963,0.28115049,15.9395075,-8.82237434,8.57761478,8.46231174,0,13.5525808,-8.82237434,10.79743,309,6431,3,10,0,,,,63
41452252,0.5,0,0.5,0.536302507,0,0,0.316931963,0.28115049,15.9349623,-8.82237434,8.568573,8.45597839,0,13.6812439,-8.82237434,10.79743,309,6431,3,10,0,,,,63
41453383,0.5,0,0.5,0.536302507,0,0,0.316931963,0.28115049,15.9304171,-7.07837296,8.56555939,8.46231174,0,13.8027601,-7.07837296,10.7611284,309,6431,3,10,0,,,,63
41454510,0.5,0,0.5,0.536302507,0,0,0.316931963,0.28115049,15.9395075,-7.07837296,8.56254578,8.46231174,0,13.8385,-7.07837296,10.7611284,309,6320,3,10,0,,,,63
41455641,0.5,0,0.5,0.536302507,0,0,0.316931963,0.28115049,15.9531422,-5.46921492,8.5444622,8.46020031,0,13.8456478,-5.46921492,10.7248259,309,6320,3,10,0,,,,63
41456773,0.5,0,0.5,0.536302507,0,0,0.316931963,0.28115049,15.9213276,-5.46921492,8.55048943,8.46020031,0,13.8599443,-5.46921492,10.7248259,309,6320,3,11,0,,,,63
41457904,0.5,0,0.5,0.536302507,0,0,0.316931963,0.28115049,15.9349623,-4.05285978,8.5444622,8.46020031,0,13.8670921,-4.05285978,10.6885242,309,6320,3,11,0,,,,63
41459031,0.5,0,0.5,0.536302507,0,0,0.316931963,0.28115049,15.9349623,-4.05285978,8.51733685,8.45386696,0,13.8599443,-4.05285978,10.6885242,309,6320,3,11,0,,,,63
41460163,0.5,0,0.5,0.536302507,0,0,0.316931963,0.28115049,15.9258718,-2.84796476,8.53240585,8.46020031,0,13.8742399,-2.84796476,10.6522226,309,6249,3,11,0,,,,63
41461290,0.5,0,0.5,0.536302507,0,0,0.316931963,0.28115049,15.9395075,-2.84796476,8.52336502,8.46020031,0,13.8956842,-2.84796476,10.6522226,309,6249,3,11,0,,,,63
41462421,0.5,0,0.5,0.536302507,0,0,0.316931963,0.28115049,15.9122372,-1.84984291,8.568573,8.45808983,0,13.9171276,-1.84984291,10.6159201,309,6249,3,11,0,,,,63
41463553,0.5,0,0.5,0.536302507,0,0,0.316931963,0.28115049,15.9167824,-1.84984291,8.58364296,8.46020031,0,13.9528675,-1.84984291,10.6159201,309,6249,3,12,0,,,,63
41464684,0.5,0,0.5,0.536302507,0,0,0.316931963,0.28115049,15.9304171,-1.04113138,8.58364296,8.45808983,0,13.9600153,-1.04113138,10.5796185,309,6249,3,12,0,,,,63
41465811,0.5,0,0.5,0.536302507,0,0,0.316931963,0.28115049,15.9440527,-1.04113138,8.58364296,8.45808983,0,13.9743118,-1.04113138,10.5796185,309,6216,3,12,0,,,,63
41466942,0.5,0,0.5,0.536302507,0,0,0.316931963,0.28115049,15.9485979,-0.398652524,8.58665657,8.45597839,0,13.967164,-0.398652524,10.5433159,309,6216,3,12,0,,,,63
41468069,0.5,0,0.5,0.536302507,0,0,0.316931963,0.28115049,15.9122372,-0.398652524,8.58665657,8.45808983,0,13.9314241,-0.398652524,10.5433159,309,6216,3,12,0,,,,63
41469205,0.5,0,0.5,0.536302507,0,0,0.316931963,0.28115049,15.9213276,0.102352314,8.58364296,8.45808983,0,13.9600153,0.102352314,10.5070143,309,6216,3,13,0,,,,63
41470536,0.5,0,0.5,0.536302507,0,0,0.316931963,0.28115049,15.9167824,0.102352314,8.58364296,8.45808983,0,13.9600153,0.102352314,10.5070143,309,6216,3,13,0,,,,63
41471667,0.5,0,0.5,0.536302507,0,0,0.316931963,0.28115049,15.9167824,0.485755146,8.58665657,8.45808983,0,13.967164,0.485755146,10.4707117,309,6216,3,13,0,,,,63
41472794,0.5,0,0.5,0.536302507,0,0,0.316931963,0.28115049,15.9122372,0.485755146,8.58364296,8.45808983,0,13.9600153,0.485755146,10.4707117,309,6207,3,13,0,,,,63
41473926,0.5,0,0.5,0.536302507,0,0,0.316931963,0.28115049,15.9304171,0.773231268,8.58665657,8.45808983,0,13.9314241,0.773231268,10.4344101,309,6207,3,13,0,,,,63
41475053,0.5,0,0.5,0.536302507,0,0,0.316931963,0.28115049,15.9258718,0.773231268,8.58665657,8.45808983,0.00714798551,13.8885355,0.773231268,10.4344101,309,6207,3,14,0,,,,63
41476189,0.5,0,0.5,0.536302507,0,0,0.316931963,0.28115049,15.9485979,0.983687758,8.56254578,8.45808983,0,13.8813877,0.983687758,10.3981075,309,6207,3,14,0,,,,63
41477316,0.5,0,0.5,0.536302507,0,0,0.316931963,0.28115049,15.9531422,0.983687758,8.58364296,8.45597839,0,13.8599443,0.983687758,10.3981075,309,6207,3,14,0,,,,63
41478447,0.5,0,0.5,0.536302507,0,0,0.316931963,0.28115049,15.9440527,1.13314271,8.57158756,8.45597839,0,13.8456478,1.13314271,10.3618059,309,6224,3,14,0,,,,63
41479574,0.5,0,0.5,0.536302507,0,0,0.316931963,0.28115049,15.9395075,1.13314271,8.57158756,8.45597839,0,13.8242044,1.13314271,10.3618059,309,6224,3,14,0,,,,63
41480705,0.5,0,0.5,0.536302507,0,0,0.316931963,0.28115049,15.9258718,1.23486459,8.58364296,8.45386696,0,13.7813158,1.23486459,10.3255033,309,6224,3,14,0,,,,63
41481837,0.5,0,0.5,0.536302507,0,0,0.316931963,0.28115049,15.9258718,1.23486459,8.58364296,8.45386696,0,13.7455759,1.23486459,10.3255033,309,6224,3,15,0,,,,63
41482968,0.5,0,0.5,0.536302507,0,0,0.316931963,0.28115049,15.9122372,1.29964554,8.58665657,8.45597839,0,13.6883926,1.29964554,10.2892017,309,6224,3,15,0,,,,63
41484095,0.5,0,0.5,0.536302507,0,0,0.316931963,0.28115049,15.9531422,1.29964554,8.58364296,8.45597839,0,13.6240606,1.29964554,10.2892017,309,6224,3,15,0,,,,63
41485227,0.5,0,0.5,0.536302507,0,0,0.316931963,0.28115049,15.9258718,1.33613062,8.58364296,8.45597839,0,13.5597286,1.33613062,10.2528992,309,6248,3,15,0,,,,63
41486354,0.5,0,0.5,0.536302507,0,0,0.316931963,0.28115049,15.9440527,1.33613062,8.57761478,8.45597839,0,13.4953966,1.33613062,10.2528992,309,6248,3,15,0,,,,63
41487485,0.5,0,0.5,0.536302507,0,0,0.316931963,0.28115049,15.9304171,1.35115349,8.58364296,8.45386696,0,13.4310646,1.35115349,10.2165966,309,6248,3,15,0,,,,63
41488617,0.5,0,0.5,0.536302507,0,0,0.316931963,0.28115049,15.8940573,1.35115349,8.57761478,8.44330978,0,13.3810291,1.35115349,10.2165966,309,6248,3,16,0,,,,63
41489748,0.5,0.857142866,0.5,0.536302507,0.0483516455,0.00805860758,0.316931963,0.28115049,15.9258718,1.35005271,8.51432323,8.40319443,0,13.3881769,1.35005271,10.180295,309,6248,3,16,0,,,,63
41491114,0.5,0.583333313,0.5,0.536302507,0.056410253,0.0402930379,0.31942156,0.279219896,15.9304171,1.35005271,8.4932251,8.42008495,0,13.3667326,1.35005271,10.180295,309,6270,3,16,0,,,,63
41492280,0.5,0.5625,0.5,0.536302507,0.0725274682,0.056410253,0.323498964,0.276177049,15.9258718,1.33695447,8.49021149,8.40530586,0,13.3953247,1.33695447,10.1439924,309,6270,3,16,0,,,,63
41493441,0.5,0.583333313,0.5,0.536302507,0.056410253,0.0402930379,0.328647256,0.272532344,15.9304171,1.33695447,8.50829506,8.43064213,0,13.3953247,1.33695447,10.1439924,309,6270,3,16,0,,,,63
41494612,0.5,0.461538464,0.5,0.536302507,0.0483516455,0.056410253,0.332796246,0.269743651,15.9304171,1.31501603,8.49021149,8.40952778,0,13.3881769,1.31501603,10.1076908,309,6270,3,17,0,,,,63
41495773,0.5,0.545454562,0.5,0.536302507,0.0483516455,0.0402930379,0.335004538,0.26831007,15.9258718,1.31501603,8.53843403,8.42430782,0,13.3953247,1.31501603,10.1076908,309,6270,3,17,0,,,,63
41496939,0.5,0.642857134,0.5,0.536302507,0.0725274682,0.0402930379,0.338996381,0.265803277,15.9304171,1.28663075,8.46609974,8.42430782,0,13.3953247,1.28663075,10.0713882,309,6270,3,17,0,,,,63
41498100,0.5,0.5625,0.5,0.536302507,0.0725274682,0.056410253,0.345949292,0.26167956,15.9304171,1.28663075,8.4811697,8.41797352,0,13.3810291,1.28663075,10.0713882,309,6278,3,17,0,,,,63
41499232,0.5,0.625,0.5,0.536302507,0.0402930379,0.0241758227,0.345949292,0.26167956,15.9258718,1.25359571,8.53240585,8.44542122,0,13.3953247,1.25359571,10.0350866,309,6278,3,17,0,,,,63
41500393,0.5,0.600000024,0.5,0.536302507,0.0725274682,0.0483516455,0.353697538,0.257414132,15.9304171,1.25359571,8.47514153,8.43486404,0,13.3953247,1.25359571,10.0350866,309,6278,3,18,0,,,,63
41501530,0.5,0.538461566,0.5,0.536302507,0.056410253,0.0483516455,0.353697538,0.257414132,15.9258718,1.2172488,8.53542042,8.42008495,0,13.3881769,1.2172488,9.99878407,309,6278,3,18,0,,,,59
41502657,0.5,0.523809552,0.5,0.536302507,0.0886446834,0.0805860758,0.353697538,0.257414132,15.9304171,1.2172488,8.47514153,8.40530586,0,13.3953247,1.2172488,9.99878407,309,6278,3,18,0,,,,59
41503789,0.5,0.526315808,0.5,0.536302507,0.0805860758,0.0725274682,0.353697538,0.257414132,15.9304171,1.17857635,8.47514153,8.40952778,0,13.4024725,1.17857635,9.96248245,309,6325,3,18,0,,,,59
41504916,0.5,0.571428597,0.5,0.536302507,0.0644688606,0.0483516455,0.353697538,0.257414132,15.9349623,1.17857635,8.51733685,8.42641926,0,13.3953247,1.17857635,9.96248245,309,6325,3,18,0,,,,59
41506048,0.5,0.526315808,0.5,0.536302507,0.0805860758,0.0725274682,0.353697538,0.257414132,15.9304171,1.13829947,8.49925327,8.40952778,0,13.3810291,1.13829947,9.92617989,309,6325,3,18,0,,,,59
41507175,0.5,0.5,0.5,0.536302507,0.0322344303,0.0322344303,0.353697538,0.257414132,15.9258718,1.13829947,8.51130867,8.42430782,0,13.3953247,1.13829947,9.92617989,309,6325,3,19,0,,,,59
41508311,0.5,0.588235319,0.5,0.536302507,0.0805860758,0.056410253,0.353697538,0.257414132,15.9304171,1.09693956,8.49021149,8.41586208,0,13.3953247,1.09693956,9.88987827,309,6325,3,19,0,,,,59
41509438,0.5,0.538461566,0.5,0.536302507,0.056410253,0.0483516455,0.353697538,0.257414132,15.9258718,1.09693956,8.50528145,8.41586208,0,13.3881769,1.09693956,9.88987827,309,6325,3,19,0,,,,59
41510569,0.5,0.636363626,0.5,0.536302507,0.056410253,0.0322344303,0.353697538,0.257414132,15.9349623,1.05487037,8.53240585,8.42219639,0,13.3953247,1.05487037,9.85357571,309,6336,3,19,0,,,,59
41511900,0.5,0.5625,0.5,0.536302507,0.0725274682,0.056410253,0.353697538,0.257414132,15.9304171,1.05487037,8.53843403,8.40952778,0,13.3953247,1.05487037,9.85357571,309,6336,3,19,0,,,,59
41513032,0.5,0.625,0.5,0.536302507,0.0402930379,0.0241758227,0.353697538,0.257414132,15.9258718,1.01235616,8.51432323,8.43275356,0,13.3810291,1.01235616,9.81727314,309,6336,3,19,0,,,,59
41514164,0.5,0.571428597,0.5,0.536302507,0.0644688606,0.0483516455,0.353697538,0.257414132,15.9304171,1.01235616,8.42993259,8.39263725,0,13.3953247,1.01235616,9.81727314,309,6336,3,20,0,,,,59
41515295,0.5,0.538461566,0.5,0.536302507,0.056410253,0.0483516455,0.353697538,0.257414132,15.9258718,0.9695822,8.50226688,8.4074173,0,13.3953247,0.9695822,9.78097153,309,6336,3,20,0,,,,59
41516422,0.5,0.615384638,0.5,0.536302507,0.0644688606,0.0402930379,0.353697538,0.257414132,15.9304171,0.9695822,8.46308613,8.42219639,0,13.3953247,0.9695822,9.78097153,309,6351,3,20,0,,,,59
41517554,0.5,0.473684222,0.5,0.536302507,0.0725274682,0.0805860758,0.353697538,0.257414132,15.9304171,0.926675916,8.50226688,8.40319443,0,13.3953247,0.926675916,9.74466896,309,6351,3,20,0,,,,59
41518681,0.5,0.600000024,0.5,0.536302507,0.0483516455,0.0322344303,0.353697538,0.257414132,15.9304171,0.926675916,8.53542042,8.42219639,0,13.3881769,0.926675916,9.74466896,309,6351,3,20,0,,,,59
41519812,0.5,0.571428597,0.5,0.536302507,0.0644688606,0.0483516455,0.353697538,0.257414132,15.9349623,0.883723795,8.53843403,8.40108299,0,13.3953247,0.883723795,9.70836735,309,6351,3,21,0,,,,59
41520944,0.5,0.666666687,0.5,0.536302507,0.0483516455,0.0241758227,0.353697538,0.257414132,15.9304171,0.883723795,8.57460117,8.43697548,0,13.3953247,0.883723795,9.70836735,309,6351,3,21,0,,,,59
41522076,0.5,0.545454562,0.5,0.536302507,0.0483516455,0.0402930379,0.353697538,0.257414132,15.9304171,0.840783417,8.52637863,8.42641926,0,13.3667326,0.840783417,9.67206478,309,6351,3,21,0,,,,59
41523203,0.5,0.583333313,0.5,0.536302507,0.056410253,0.0402930379,0.353697538,0.257414132,15.9213276,0.840783417,8.56555939,8.40530586,0,13.3953247,0.840783417,9.67206478,309,6369,3,21,0,,,,59
41524335,0.5,0.538461566,0.5,0.536302507,0.056410253,0.0483516455,0.353697538,0.257414132,15.9304171,0.797891855,8.51733685,8.42430782,0,13.3953247,0.797891855,9.63576317,309,6369,3,21,0,,,,59
41525462,0.5,0.5,0.5,0.536302507,0.056410253,0.056410253,0.353697538,0.257414132,15.9258718,0.797891855,8.49623966,8.41163921,0,13.3953247,0.797891855,9.63576317,309,6369,3,21,0,,,,59
41526598,0.5,0.461538464,0.5,0.536302507,0.0483516455,0.056410253,0.353697538,0.257414132,15.9349623,0.755072474,8.52336502,8.42641926,0,13.3953247,0.755072474,9.5994606,309,6369,3,22,0,,,,59
41527725,0.5,0.4375,0.5,0.536302507,0.056410253,0.0725274682,0.353697538,0.257414132,15.9304171,0.755072474,8.4811697,8.40952778,0,13.3953247,0.755072474,9.5994606,309,6369,3,22,0,,,,59
41528856,0.5,0.583333313,0.5,0.536302507,0.056410253,0.0402930379,0.353697538,0.257414132,15.9304171,0.712339044,8.52336502,8.42853069,0,13.3953247,0.712339044,9.56315899,309,6369,3,22,0,,,,59
41529983,0.5,0.470588237,0.5,0.536302507,0.0644688606,0.0725274682,0.353697538,0.257414132,15.9304171,0.712339044,8.51130867,8.41586208,0,13.3953247,0.712339044,9.56315899,309,6392,3,22,0,,,,59
41531114,0.5,0.600000024,0.5,0.536302507,0.0483516455,0.0322344303,0.353697538,0.257414132,15.9349623,0.669699132,8.52939224,8.41375065,0,13.3953247,0.669699132,9.52685642,309,6392,3,22,0,,,,59
41532242,0.5,0.611111104,0.5,0.536302507,0.0886446834,0.056410253,0.353697538,0.257414132,15.9258718,0.669699132,8.52637863,8.41586208,0,13.3881769,0.669699132,9.52685642,309,6392,3,22,0,,,,59
41533582,0.5,0.571428597,0.5,0.536302507,0.0322344303,0.0241758227,0.353697538,0.257414132,15.9304171,0.627156436,8.55048943,8.44119835,0,13.3881769,0.627156436,9.49055386,309,6392,3,23,0,,,,59
41534709,0.5,0.5,0.5,0.536302507,0.0402930379,0.0402930379,0.353697538,0.257414132,15.9304171,0.627156436,8.54747581,8.42008495,0,13.3953247,0.627156436,9.49055386,309,6392,3,23,0,,,,59
41535840,0.5,0.600000024,0.5,0.536302507,0.0241758227,0.0161172152,0.353697538,0.257414132,15.9304171,0.584711909,8.55350399,8.44753265,0,13.3881769,0.584711909,9.45425224,309,6409,3,23,0,,,,59
41536967,0.5,0.545454562,0.5,0.536302507,0.0483516455,0.0402930379,0.353697538,0.257414132,15.9304171,0.584711909,8.52939224,8.42853069,0,13.3953247,0.584711909,9.45425224,309,6409,3,23,0,,,,59
41538098,0.5,0.75,0.5,0.536302507,0.0241758227,0.00805860758,0.353697538,0.257414132,15.9349623,0.542365134,8.52035046,8.44119835,0,13.3953247,0.542365134,9.41794968,309,6409,3,23,0,,,,59
41539230,0.5,0.545454562,0.5,0.536302507,0.0483516455,0.0402930379,0.353697538,0.257414132,15.9349623,0.542365134,8.58062935,8.44542122,0,13.3953247,0.542365134,9.41794968,309,6409,3,24,0,,,,59
41540362,0.5,0.666666687,0.5,0.536302507,0.0161172152,0.00805860758,0.353697538,0.257414132,15.9304171,0.500114858,8.55048943,8.44964409,0,13.3953247,0.500114858,9.38164806,309,6409,3,24,0,,,,59
41541489,0.5,0.636363626,0.5,0.536302507,0.056410253,0.0322344303,0.353697538,0.257414132,15.9349623,0.500114858,8.51130867,8.43275356,0,13.3881769,0.500114858,9.38164806,309,6409,3,24,0,,,,59
41542620,0.5,0.5,0.5,0.536302507,0.0241758227,0.0241758227,0.353697538,0.257414132,15.9304171,0.457959503,8.52939224,8.43275356,0,13.3953247,0.457959503,9.3453455,309,6434,3,24,0,,,,59
41543747,0.5,0.5,0.5,0.536302507,0.0402930379,0.0402930379,0.353697538,0.257414132,15.9304171,0.457959503,8.53843403,8.42853069,0,13.3953247,0.457959503,9.3453455,309,6434,3,24,0,,,,59
41544879,0.5,0.5,0.5,0.536302507,0.0161172152,0.0161172152,0.353697538,0.257414132,15.9304171,0.41589731,8.5444622,8.44330978,0,13.3953247,0.41589731,9.30904388,309,6434,3,24,0,,,,59
41546011,0.5,0.600000024,0.5,0.536302507,0.0483516455,0.0322344303,0.353697538,0.257414132,15.9349623,0.41589731,8.51432323,8.41375065,0,13.3953247,0.41589731,9.30904388,309,6434,3,25,0,,,,59
41547142,0.5,0.666666687,0.5,0.536302507,0.0161172152,0.00805860758,0.353697538,0.257414132,15.9349623,0.373926669,8.56555939,8.44753265,0,13.3953247,0.373926669,9.27274132,309,6434,3,25,0,,,,59
41548270,0.5,0.666666687,0.5,0,0.0322344303,0.0161172152,0.353697538,0.257414132,15.9349623,0.373926669,8.53240585,8.44330978,0,13.3953247,0.373926669,9.27274132,309,0,0,0,0,,,,59
41549401,0.5,1,0.5,0,0.00805860758,0,0.353697538,0.257414132,15.9349623,1.24630308,8.58062935,8.44964409,0,13.3953247,1.24630308,9.77274132,309,0,0,0,0,,,,59
41550528,0.5,0.571428597,0.5,0,0.0322344303,0.0241758227,0.353697538,0.257414132,15.9349623,1.24630308,8.5565176,8.45175552,0,13.3953247,1.24630308,9.77274132,309,0,0,0,0,,,,59
41551659,0.5,0.666666687,0.5,0,0.0161172152,0.00805860758,0.353697538,0.257414132,15.9349623,4.0174222,8.57761478,8.43908691,0,13.3953247,4.0174222,10.2727423,309,0,0,0,0,,,,59
41552791,0.5,0.545454562,0.5,0,0.0483516455,0.0402930379,0.353697538,0.257414132,15.9304171,4.0174222,8.53542042,8.42008495,0,13.3953247,4.0174222,10.2727423,309,3290,0,0,0,,,,59
41554127,0.5,0.5,0.5,0,0.0805860758,0.0805860758,0.353697538,0.257414132,15.9258718,8.19684124,8.45705795,8.38841438,0,13.3881769,8.19684124,10.7727423,309,3290,0,0,0,,,,59
41555254,0.5,0.533333361,0.5,0,0.128937721,0.112820506,0.353697538,0.257414132,15.9258718,8.19684124,8.41486359,8.35463333,0,13.3881769,8.19684124,10.7727423,309,3285,0,0,0,,,,59
41556385,0.5,0.440677971,0.5,0,0.209523797,0.26593405,0.353697538,0.257414132,15.8940573,12,8.30636215,8.31240559,0,13.3738813,12.8889055,10.7513103,309,3285,0,0,0,,,,59
41557512,0.5,0.438356161,0.5,0,0.257875443,0.330402911,0.353697538,0.257414132,15.9031467,12,8.34855747,8.3039608,0,13.3738813,12.8889055,10.7513103,309,3285,0,0,0,,,,59
41558648,0.5,0.452173918,0.5,0,0.419047594,0.507692277,0.353697538,0.257414132,15.866787,12,8.1797781,8.20894909,0,13.352437,14.8320122,9.59005451,309,3297,0,0,0,,,,59
41559775,0.5,0.427350432,0.5,0,0.402930379,0.539926708,0.353697538,0.257414132,15.8486061,12,8.17073631,8.18783569,0,13.3452892,14.8320122,9.59005451,309,3297,0,0,0,,,,59
41560906,0.5,0.452054799,0.5,0,0.5318681,0.644688606,0.353697538,0.257414132,15.8622417,9.12279606,8.12552738,8.15194321,0,13.3452892,9.12279606,10.0900545,309,3297,0,0,0,,,,59
41562033,0.5,0.440993816,0.5,0,0.572161138,0.725274682,0.353697538,0.257414132,15.8486061,9.12279606,8.06524849,8.1118269,0,13.3452892,9.12279606,10.0900545,309,3285,0,0,0,,,,59
41563165,0.5,0.440789461,0.5,0,0.539926708,0.684981644,0.353697538,0.257414132,15.8486061,8.19101524,8.10141563,8.12238407,0,13.3452892,8.19101524,10.5900545,309,3285,0,0,0,,,,59
41564292,0.5,0.447552413,0.5,0,0.515750885,0.636629999,0.353697538,0.257414132,15.8440609,8.19101524,8.13758278,8.14138603,0,13.3381405,8.19101524,10.5900545,309,3285,0,0,0,,,,59
41565428,0.5,0.451388896,0.5,0,0.523809493,0.636629999,0.353697538,0.257414132,15.866787,10.0550222,8.13456917,8.15616512,0,13.352437,10.0550222,11.0900555,309,3291,0,0,0,,,,59
41566555,0.5,0.449999988,0.5,0,0.507692277,0.620512784,0.353697538,0.257414132,15.8622417,10.0550222,8.14361095,8.16249943,0,13.352437,10.0550222,11.0900555,309,3291,0,0,0,,,,59
41567686,0.5,0.444444448,0.5,0,0.451282024,0.56410253,0.353697538,0.257414132,15.8576965,12,8.17676353,8.17939091,0,13.3452892,13.351799,10.7970905,309,3291,0,0,0,,,,59
41568813,0.5,0.444444418,0.5,0,0.483516455,0.604395568,0.353697538,0.257414132,15.8758764,12,8.1797781,8.18150139,0,13.3595848,13.351799,10.7970905,309,3296,0,0,0,,,,59
41569979,0.5,0.430555552,0.5,0,0.49963367,0.660805821,0.353923768,0.257294446,15.8531513,12,8.1044302,8.14138603,0,13.3452892,13.0840368,10.6611958,309,3296,0,0,0,,,,63
41571145,0.5,0.437956214,0.5,0,0.483516455,0.620512784,0.353833884,0.257341951,15.8395166,12,8.13456917,8.1456089,0,13.3381405,13.0840368,10.6611958,309,3296,0,0,0,,,,63
41572310,0.5,0.449664444,0.5,0,0.539926708,0.660805821,0.35235551,0.258129627,15.8486061,11.6473627,8.12251282,8.14983177,0,13.3381405,11.6473627,11.1611958,309,3304,0,0,0,,,,63
41573472,0.5,0.440677971,0.5,0,0.628571391,0.79780215,0.349200994,0.25984925,15.8395166,11.6473627,8.04415131,8.09282494,0,13.3381405,11.6473627,11.1611958,309,3304,0,0,0,,,,63
41574841,0.5,0.460317492,0.5,0,0.701098859,0.821977973,0.345093518,0.262171328,15.8349714,12,8.02908134,8.07171154,0,13.3381405,13.0030851,11.0727873,309,3304,0,0,0,,,,63
41576003,0.5,0.461538464,0.5,0,0.773626328,0.902564049,0.34114939,0.264494389,15.8167906,12,7.93866396,8.02103901,0,13.3309927,13.0030851,11.0727873,309,3310,0,0,0,,,,63
41577168,0.5,0.455882341,0.5,0,0.749450505,0.894505441,0.337516338,0.266720325,15.8031559,12,7.95674753,8.00414753,0,13.3238449,12.7704287,11.1208553,309,3310,0,0,0,,,,63
41578334,0.5,0.472081244,0.5,0,0.749450505,0.838095188,0.334149927,0.268860817,15.8213358,12,7.97784519,8.05482006,0,13.3238449,12.7704287,11.1208553,309,3310,0,0,0,,,,63
41579500,0.5,0.471428573,0.5,0,0.79780215,0.894505441,0.331276387,0.270750463,15.8304262,12,7.97181749,8.05270958,0,13.3309927,12.3635197,11.4076147,309,3325,0,0,0,,,,63
41580661,0.5,0.475247532,0.5,0,0.773626328,0.854212403,0.328806013,0.272423267,15.8304262,12,7.97181749,8.05904293,0,13.3381405,12.3635197,11.4076147,309,3325,0,0,0,,,,63
41581827,0.5,0.473372787,0.5,0,0.644688606,0.717216074,0.326565892,0.273980379,15.825881,12,8.03812313,8.10971546,0,13.3381405,13.1536121,11.2309074,309,3300,0,0,0,,,,63
41582988,0.5,0.476190478,0.5,0,0.644688606,0.709157467,0.324468374,0.275474459,15.8486061,12,8.06524849,8.12660694,0,13.3452892,13.1536121,11.2309074,309,3300,0,0,0,,,,63
41584158,0.5,0.5,0.5,0,0.717216074,0.717216074,0.322838128,0.276660532,15.8395166,12,8.02003956,8.12027264,0,13.3452892,12.1440239,11.6464233,309,3300,0,0,0,,,,63
41585320,0.5,0.476190478,0.5,0,0.644688606,0.709157467,0.321638942,0.27754733,15.8304262,12,8.00497055,8.1181612,0,13.3309927,12.1440239,11.6464233,309,3307,0,0,0,,,,63
41586485,0.5,0.49079752,0.5,0,0.644688606,0.668864429,0.320467174,0.278425843,15.8304262,12,8.04415131,8.13505173,0,13.3309927,13.2898788,11.389781,309,3307,0,0,0,,,,63
41587647,0.5,0.489690721,0.5,0,0.76556772,0.79780215,0.319431841,0.279212058,15.8304262,12,7.95976162,8.10127068,0,13.3381405,13.2898788,11.389781,309,3307,0,0,0,,,,63
41588812,0.5,0.482051253,0.5,0,0.757509112,0.813919365,0.318454385,0.279963225,15.825881,12,7.93866396,8.07804585,0,13.3309927,12.0702486,11.8485737,309,3301,0,0,0,,,,63
41589974,0.5,0.483516484,0.5,0,0.709157467,0.757509112,0.317329466,0.28083843,15.8167906,12,7.97181749,8.10127068,0,13.3238449,12.0702486,11.8485737,309,3301,0,0,0,,,,63
41591144,0.5,0.48888889,0.5,0,0.709157467,0.741391897,0.316202909,0.281726748,15.8486061,12,8.03510952,8.13505173,0,13.3452892,13.3399658,11.5625515,309,3301,0,0,0,,,,63
41592305,0.5,0.497175157,0.5,0,0.709157467,0.717216074,0.315329313,0.282423794,15.8395166,12,7.98990059,8.12660694,0,13.3452892,13.3399658,11.5625515,309,3285,0,0,0,,,,63
41593471,0.5,0.48780489,0.5,0,0.644688606,0.676923037,0.314655066,0.282966942,15.8349714,12,8.03812313,8.13294029,0,13.3309927,12.0471287,12.0349054,309,3285,0,0,0,,,,63
41594632,0.5,0.508982003,0.5,0,0.684981644,0.660805821,0.3142097,0.283328056,15.8440609,12,8.02305412,8.14983177,0,13.3381405,12.0471287,12.0349054,309,3285,0,0,0,,,,63
41596002,0.5,0.502824903,0.5,0,0.717216074,0.709157467,0.314169407,0.283360869,15.8440609,12,8.01702595,8.12660694,0,13.3452892,13.3599501,11.7371607,309,3272,0,0,0,,,,63
41597164,0.5,0.482954532,0.5,0,0.684981644,0.73333329,0.3140544,0.283454448,15.825881,12,7.9748311,8.10971546,0,13.3309927,13.3599501,11.7371607,309,3272,0,0,0,,,,63
41598334,0.5,0.502923965,0.5,0,0.693040252,0.684981644,0.313684553,0.283756405,15.8395166,12,8.02908134,8.13294029,0,13.3381405,12.0415716,12.2127752,309,3260,0,0,0,,,,63
41599496,0.5,0.508196712,0.5,0,0.749450505,0.725274682,0.313580275,0.283841789,15.8440609,12,8.00497055,8.12660694,0,13.3452892,12.0415716,12.2127752,309,3260,0,0,0,,,,63
41600661,0.5,0.493975908,0.5,0,0.660805821,0.676923037,0.313666016,0.283771634,15.8349714,12,8.01401234,8.13505173,0,13.3381405,13.3693676,11.9095049,309,3260,0,0,0,,,,63
41601822,0.5,0.50967741,0.5,0,0.636629999,0.612454176,0.313758343,0.283696085,15.8576965,12,8.06524849,8.1667223,0,13.3452892,13.3693676,11.9095049,309,3232,0,0,0,,,,63
41602988,0.5,0.508875787,0.5,0,0.693040252,0.668864429,0.314084619,0.283429831,15.8440609,12,8.01401234,8.14772034,0,13.3452892,12.0420523,12.3848372,309,3232,0,0,0,,,,63
41604154,0.5,0.506329119,0.5,0,0.644688606,0.628571391,0.31458348,0.283024818,15.8395166,12,8.06223488,8.14983177,0,13.3381405,12.0420523,12.3848372,309,3232,0,0,0,,,,63
41605320,0.5,0.497041434,0.5,0,0.676923037,0.684981644,0.31495291,0.282726467,15.8440609,12,8.02606773,8.14983177,0,13.3452892,13.3750277,12.0782471,309,3210,0,0,0,,,,63
41606481,0.5,0.488372087,0.5,0,0.676923037,0.709157467,0.314926326,0.282747865,15.8349714,12,8.00195694,8.13716316,0,13.3381405,13.3750277,12.0782471,309,3210,0,0,0,,,,63
41607647,0.5,0.496815324,0.5,0,0.628571391,0.636629999,0.314588755,0.283020556,15.8395166,12,8.05017948,8.16883373,0,13.3452892,12.0445595,12.5521088,309,3194,0,0,0,,,,63
41608808,0.5,0.497005969,0.5,0,0.668864429,0.676923037,0.314250618,0.283294797,15.8486061,12,8.03510952,8.15827656,0,13.3452892,12.0445595,12.5521088,309,3194,0,0,0,,,,63
41609974,0.5,0.506756783,0.5,0,0.604395568,0.588278353,0.314117372,0.283403188,15.8440609,12,8.07127666,8.17516804,0,13.3452892,13.379303,12.2430115,309,3194,0,0,0,,,,63
41611140,0.5,0.5,0.5,0,0.636629999,0.636629999,0.314187527,0.283346117,15.8531513,12,8.06826305,8.1730566,0,13.3452892,13.379303,12.2430115,309,3167,0,0,0,,,,63
41612306,0.5,0.496815324,0.5,0,0.628571391,0.636629999,0.314225256,0.28331539,15.8440609,12,8.04716492,8.15616512,0,13.3452892,12.047699,12.7150316,309,3167,0,0,0,,,,63
41613467,0.5,0.5,0.5,0,0.596336961,0.596336961,0.314166546,0.283363193,15.8576965,12,8.09237385,8.18783569,0,13.352437,12.047699,12.7150316,309,3167,0,0,0,,,,63
41614633,0.5,0.512499988,0.5,0,0.660805821,0.628571391,0.314292163,0.283261061,15.8531513,12,8.0562067,8.16249943,0,13.3452892,13.3830233,12.4037514,309,3145,0,0,0,,,,63
41615794,0.5,0.5,0.5,0,0.596336961,0.596336961,0.314623296,0.282992572,15.8440609,12,8.07730484,8.16461086,0,13.3381405,13.3830233,12.4037514,309,3145,0,0,0,,,,63
41617169,0.5,0.50967741,0.5,0,0.636629999,0.612454176,0.314990103,0.282696515,15.8576965,12,8.06826305,8.17516804,0,13.352437,12.0509853,12.8738432,309,3140,0,0,0,,,,63
41618330,0.5,0.491017938,0.5,0,0.660805821,0.684981644,0.315228075,0.282505125,15.8486061,12,8.03510952,8.14349747,0,13.3452892,12.0509853,12.8738432,309,3140,0,0,0,,,,63
41619495,0.5,0.5,0.5,0,0.580219746,0.580219746,0.315203965,0.282524467,15.8531513,12,8.10744381,8.18572426,0,13.3452892,13.3864794,12.5605364,309,3140,0,0,0,,,,63
41620657,0.5,0.5,0.5,0,0.652747214,0.652747214,0.315120071,0.282591909,15.8531513,12,8.0411377,8.16038799,0,13.3452892,13.3864794,12.5605364,309,3098,0,0,0,,,,63
41621823,0.5,0.492957741,0.5,0,0.56410253,0.580219746,0.314994127,0.282693267,15.8440609,12,8.10744381,8.18994713,0,13.3452892,12.0542545,13.0287104,309,3098,0,0,0,,,,63
41622984,0.5,0.496774167,0.5,0,0.620512784,0.628571391,0.314737856,0.282900006,15.8576965,12,8.08333206,8.18572426,0,13.352437,12.0542545,13.0287104,309,3084,0,0,0,,,,63
41624154,0.5,0.487179488,0.5,0,0.612454176,0.644688606,0.314329118,0.28323102,15.8440609,12,8.07127666,8.16249943,0,13.3452892,13.3897753,12.7134705,309,3084,0,0,0,,,,63
41625315,0.5,0.486301363,0.5,0,0.572161138,0.604395568,0.313666046,0.283771574,15.8576965,12,8.10141563,8.18572426,0,13.3452892,13.3897753,12.7134705,309,3084,0,0,0,,,,63
41626481,0.5,0.493750006,0.5,0,0.636629999,0.652747214,0.312906832,0.284395814,15.8486061,12,8.04716492,8.16883373,0,13.3452892,12.0574503,13.1797705,309,3070,0,0,0,,,,63
41627642,0.5,0.496774167,0.5,0,0.620512784,0.628571391,0.312313676,0.284887642,15.8395166,12,8.06223488,8.16461086,0,13.3381405,12.0574503,13.1797705,309,3070,0,0,0,,,,63
41628808,0.5,0.50310564,0.5,0,0.652747214,0.644688606,0.311996013,0.285152465,15.8486061,12,8.0411377,8.15616512,0,13.3452892,13.3929482,12.862668,309,3062,0,0,0,,,,63
41629974,0.5,0.5,0.5,0,0.693040252,0.693040252,0.311907917,0.285226047,15.8440609,12,8.00497055,8.14983177,0,13.3452892,13.3929482,12.862668,309,3062,0,0,0,,,,63
41631139,0.5,0.5,0.5,0,0.628571391,0.628571391,0.311895192,0.285236746,15.8440609,12,8.06524849,8.17094517,0,13.3381405,12.0605555,13.3271465,309,3062,0,0,0,,,,63
41632300,0.5,0.506250024,0.5,0,0.652747214,0.636629999,0.311973006,0.285171658,15.8531513,12,8.05319309,8.16883373,0,13.352437,12.0605555,13.3271465,309,3052,0,0,0,,,,63
41633466,0.5,0.493827164,0.5,0,0.644688606,0.660805821,0.312059075,0.285099804,15.8395166,12,8.02606773,8.14138603,0,13.3381405,13.3960152,13.0082455,309,3052,0,0,0,,,,63
41634627,0.5,0.512820542,0.5,0,0.644688606,0.612454176,0.312181383,0.284997761,15.8531513,12,8.08634663,8.17939091,0,13.3452892,13.3960152,13.0082455,309,3052,0,0,0,,,,63
41635793,0.5,0.506024122,0.5,0,0.676923037,0.660805821,0.312545925,0.284694642,15.8486061,12,8.02908134,8.16038799,0,13.3452892,12.0635653,13.4709587,309,3033,0,0,0,,,,63
41636959,0.5,0.489795893,0.5,0,0.580219746,0.604395568,0.312791675,0.284491003,15.8349714,12,8.08936024,8.16883373,0,13.3381405,12.0635653,13.4709587,309,3033,0,0,0,,,,63
41638329,0.5,0.516129017,0.5,0,0.644688606,0.604395568,0.31292811,0.28437826,15.8531513,12,8.08031845,8.18150139,0,13.3452892,13.398983,13.1503162,309,3030,0,0,0,,,,63
41639490,0.5,0.505747139,0.5,0,0.709157467,0.693040252,0.313341916,0.284037411,15.8395166,12,8.02003956,8.14138603,0,13.3452892,13.398983,13.1503162,309,3030,0,0,0,,,,63
41640655,0.5,0.5,0.5,0,0.628571391,0.628571391,0.31376949,0.283686966,15.8395166,12,8.06223488,8.16249943,0,13.3381405,12.0664806,13.6113195,309,3030,0,0,0,,,,63
41641817,0.5,0.496894419,0.5,0,0.644688606,0.652747214,0.313938141,0.283549249,15.8486061,12,8.04415131,8.16038799,0,13.3452892,12.0664806,13.6113195,309,3017,0,0,0,,,,63
41642987,0.5,0.488372087,0.5,0,0.676923037,0.709157467,0.313780904,0.283677667,15.8395166,12,8.00798416,8.14349747,0,13.3381405,13.4018555,13.2889919,309,3017,0,0,0,,,,63
41644148,0.5,0.483443677,0.5,0,0.588278353,0.628571391,0.313209057,0.284146637,15.8440609,12,8.06524849,8.1730566,0,13.3452892,13.4018555,13.2889919,309,3001,0,0,0,,,,63
41645313,0.5,0.496855319,0.5,0,0.636629999,0.644688606,0.312479019,0.284750193,15.8486061,12,8.02606773,8.16461086,0,13.3452892,12.0693045,13.7483387,309,3001,0,0,0,,,,63
41646475,0.5,0.490566015,0.5,0,0.628571391,0.652747214,0.311859637,0.285266459,15.8395166,12,8.01401234,8.15194321,0,13.3381405,12.0693045,13.7483387,309,3001,0,0,0,,,,63
41647641,0.5,0.512820542,0.5,0,0.644688606,0.612454176,0.311552614,0.285523862,15.8486061,12,8.06826305,8.17727947,0,13.3452892,13.4046373,13.4243793,309,2986,0,0,0,,,,63
41648802,0.5,0.5,0.5,0,0.668864429,0.668864429,0.311631709,0.285457432,15.8440609,12,8.03812313,8.15827656,0,13.3452892,13.4046373,13.4243793,309,2986,0,0,0,,,,63
41649972,0.5,0.50289017,0.5,0,0.701098859,0.693040252,0.311804295,0.285312802,15.8349714,12,7.97784519,8.12871838,0,13.3381405,12.0720396,13.8821211,309,2982,0,0,0,,,,63
41651133,0.5,0.50909096,0.5,0,0.676923037,0.652747214,0.312054813,0.285103351,15.8395166,12,8.02606773,8.15194321,0,13.3381405,12.0720396,13.8821211,309,2982,0,0,0,,,,63
41652299,0.5,0.502857149,0.5,0,0.709157467,0.701098859,0.312422365,0.284797221,15.8440609,12,8.00195694,8.14138603,0,13.3452892,13.4073305,13.5565825,309,2982,0,0,0,,,,63
41653460,0.5,0.497142822,0.5,0,0.701098859,0.709157467,0.312666029,0.284595072,15.8304262,12,7.98387289,8.12238407,0,13.3381405,13.4073305,13.5565825,309,2965,0,0,0,,,,63
41654626,0.5,0.509433925,0.5,0,0.652747214,0.628571391,0.312851667,0.284441441,15.8486061,12,8.05319309,8.16461086,0,13.3381405,12.074688,14.0127716,309,2965,0,0,0,,,,63
41655787,0.5,0.508670568,0.5,0,0.709157467,0.684981644,0.313234329,0.284125865,15.8440609,12,8.02305412,8.15194321,0,13.3452892,12.074688,14.0127716,309,2958,0,0,0,,,,63
41656957,0.5,0.497076005,0.5,0,0.684981644,0.693040252,0.313618094,0.283810794,15.8349714,12,7.99592876,8.13716316,0,13.3381405,13.4099398,13.6857023,309,2958,0,0,0,,,,63
41658119,0.5,0.5,0.5,0,0.652747214,0.652747214,0.313773841,0.283683389,15.8440609,12,8.06524849,8.16038799,0,13.3452892,13.4099398,13.6857023,309,2958,0,0,0,,,,63
41659488,0.5,0.505952358,0.5,0,0.684981644,0.668864429,0.313896507,0.283583224,15.8486061,12,7.99894238,8.14983177,0,13.3452892,12.0772514,14.1403866,309,2951,0,0,0,,,,63
41660650,0.5,0.497206688,0.5,0,0.717216074,0.725274682,0.31404385,0.283463031,15.8304262,12,7.9748311,8.12449551,0,13.3452892,12.0772514,14.1403866,309,2951,0,0,0,,,,63
41661815,0.5,0.493750006,0.5,0,0.636629999,0.652747214,0.314001501,0.283497572,15.8349714,12,8.03812313,8.15194321,0,13.3381405,13.4124651,13.8118362,309,2925,0,0,0,,,,63
41662981,0.5,0.48780489,0.5,0,0.644688606,0.676923037,0.313653827,0.283781588,15.8440609,12,8.02908134,8.15405464,0,13.3452892,13.4124651,13.8118362,309,2925,0,0,0,,,,63
41664147,0.5,0.497076005,0.5,0,0.684981644,0.693040252,0.313155949,0.284190387,15.8349714,12,7.98990059,8.13716316,0,13.3381405,12.0797348,14.2650642,309,2925,0,0,0,,,,63
41665308,0.5,0.493750006,0.5,0,0.636629999,0.652747214,0.312709659,0.284558922,15.8395166,12,8.04415131,8.15616512,0,13.3381405,12.0797348,14.2650642,309,2926,0,0,0,,,,63
41666473,0.5,0.508875787,0.5,0,0.693040252,0.668864429,0.31249091,0.284740329,15.8486061,12,8.02003956,8.15194321,0,13.3381405,13.4149113,13.9350786,309,2926,0,0,0,,,,63
41667635,0.5,0.502824903,0.5,0,0.717216074,0.709157467,0.312584668,0.284662485,15.8395166,12,7.97784519,8.13082886,0,13.3452892,13.4149113,13.9350786,309,2913,0,0,0,,,,63
41668800,0.5,0.506172836,0.5,0,0.660805821,0.644688606,0.312839746,0.284451276,15.8395166,12,8.05319309,8.15405464,0,13.3309927,12.082139,14.3868961,309,2913,0,0,0,,,,63
41669966,0.5,0.505882382,0.5,0,0.693040252,0.676923037,0.313178122,0.284172118,15.8486061,12,8.02606773,8.1456089,0,13.3452892,12.082139,14.3868961,309,2896,0,0,0,,,,63
41671132,0.5,0.508474588,0.5,0,0.725274682,0.701098859,0.313613057,0.283814937,15.8349714,12,7.96880341,8.12027264,0,13.3381405,13.4172792,14.055522,309,2896,0,0,0,,,,63
41672293,0.5,0.503067434,0.5,0,0.660805821,0.652747214,0.314066231,0.283444792,15.8395166,12,8.04415131,8.1456089,0,13.3381405,13.4172792,14.055522,309,2896,0,0,0,,,,63
41673459,0.5,0.5,0.5,0,0.701098859,0.701098859,0.314386308,0.283184618,15.8486061,12,8.01099777,8.14983177,0,13.3452892,12.0844679,14.5059729,309,2899,0,0,0,,,,63
41674620,0.5,0.494252861,0.5,0,0.693040252,0.709157467,0.314460695,0.283124298,15.8349714,12,7.99291468,8.13082886,0,13.3381405,12.0844679,14.5059729,309,2899,0,0,0,,,,63
41675790,0.5,0.496894419,0.5,0,0.644688606,0.652747214,0.314321488,0.283237219,15.8440609,12,8.05017948,8.1667223,0,13.3381405,13.4195738,14.1732531,309,2877,0,0,0,,,,63
41676952,0.5,0.5,0.5,0,0.668864429,0.668864429,0.314151436,0.283375472,15.8440609,12,8.01099777,8.15405464,0,13.3452892,13.4195738,14.1732531,309,2877,0,0,0,,,,63
41678117,0.5,0.491017938,0.5,0,0.660805821,0.684981644,0.313935935,0.283551037,15.8349714,12,7.99291468,8.14138603,0,13.3238449,12.0867224,14.6223822,309,2877,0,0,0,,,,63
41679278,0.5,0.503225803,0.5,0,0.628571391,0.620512784,0.313692272,0.283750117,15.8440609,12,8.06223488,8.17727947,0,13.3381405,12.0867224,14.6223822,309,2862,0,0,0,,,,63
41680648,0.5,0.493975908,0.5,0,0.660805821,0.676923037,0.313510746,0.283898801,15.8395166,12,8.02908134,8.15827656,0,13.3381405,13.4217949,14.2883587,309,2862,0,0,0,,,,63
41681809,0.5,0.48888889,0.5,0,0.709157467,0.741391897,0.313179016,0.284171343,15.8349714,12,7.96880341,8.12871838,0,13.3452892,13.4217949,14.2883587,309,2865,0,0,0,,,,63
41682979,0.5,0.5,0.5,0,0.644688606,0.644688606,0.312747955,0.284527242,15.8304262,12,8.01401234,8.14772034,0,13.3381405,12.0889063,14.736207,309,2865,0,0,0,,,,63
41684141,0.5,0.497142822,0.5,0,0.701098859,0.709157467,0.31245032,0.284774035,15.8440609,12,7.99894238,8.15194321,0,13.3452892,12.0889063,14.736207,309,2840,0,0,0,,,,63
41685306,0.5,0.494252861,0.5,0,0.693040252,0.709157467,0.312189668,0.284990877,15.8349714,12,7.96578932,8.13082886,0,13.3452892,13.4239454,14.4009218,309,2840,0,0,0,,,,63
41686468,0.5,0.503225803,0.5,0,0.628571391,0.620512784,0.311975807,0.285169333,15.8440609,12,8.05017948,8.16461086,0,13.3452892,13.4239454,14.4009218,309,2840,0,0,0,,,,63
41687633,0.5,0.506172836,0.5,0,0.660805821,0.644688606,0.311999977,0.285149127,15.8440609,12,8.03209591,8.14772034,0,13.3452892,12.0910206,14.8475294,309,2829,0,0,0,,,,63
41688799,0.5,0.49710986,0.5,0,0.693040252,0.701098859,0.312132031,0.285038888,15.8349714,12,7.98387289,8.1392746,0,13.3452892,12.0910206,14.8475294,309,2829,0,0,0,,,,63
41689964,0.5,0.509554148,0.5,0,0.644688606,0.620512784,0.312297583,0.284900993,15.8440609,12,8.05922127,8.1667223,0,13.3381405,13.4260292,14.5110226,309,2823,0,0,0,,,,63
41691126,0.5,0.508875787,0.5,0,0.693040252,0.668864429,0.31267342,0.284588903,15.8486061,12,8.02305412,8.14983177,0,13.352437,13.4260292,14.5110226,309,2823,0,0,0,,,,63
41692291,0.5,0.502824903,0.5,0,0.717216074,0.709157467,0.313138813,0.284204483,15.8349714,12,7.95976162,8.12238407,0,13.3381405,12.0930681,14.9564295,309,2823,0,0,0,,,,63
41693453,0.5,0.496894419,0.5,0,0.644688606,0.652747214,0.313414246,0.283977985,15.8395166,12,8.02305412,8.14983177,0,13.3381405,12.0930681,14.9564295,309,2818,0,0,0,,,,63
41694618,0.5,0.494186044,0.5,0,0.684981644,0.701098859,0.31340012,0.283989578,15.8440609,12,8.00497055,8.15616512,0,13.3452892,13.4280462,14.6187391,309,2818,0,0,0,,,,63
41695784,0.5,0.494318187,0.5,0,0.701098859,0.717216074,0.313165188,0.284182757,15.8349714,12,7.96880341,8.13082886,0,13.3381405,13.4280462,14.6187391,309,2823,0,0,0,,,,63
41696950,0.5,0.487341762,0.5,0,0.620512784,0.652747214,0.312727481,0.28454417,15.8395166,12,8.05017948,8.16461086,0,13.3381405,12.0950508,15.0629826,309,2823,0,0,0,,,,63
41698111,0.5,0.5,0.5,0,0.668864429,0.668864429,0.312227547,0.284959316,15.8486061,12,8.02606773,8.16883373,0,13.3381405,12.0950508,15.0629826,309,2795,0,0,0,,,,63
41699277,0.5,0.497175157,0.5,0,0.709157467,0.717216074,0.311888009,0.285242736,15.8440609,12,7.96880341,8.13294029,0,13.3452892,13.4300003,14.7241459,309,2795,0,0,0,,,,63
41700438,0.5,0.503184736,0.5,0,0.636629999,0.628571391,0.311733395,0.285372168,15.8349714,12,8.03209591,8.15616512,0,13.3309927,13.4300003,14.7241459,309,2795,0,0,0,,,,63
41701808,0.5,0.506097555,0.5,0,0.668864429,0.652747214,0.31179744,0.285318524,15.8440609,12,8.02003956,8.15827656,0,13.3452892,12.0969715,15.167263,309,2791,0,0,0,,,,63
41702974,0.5,0.502762437,0.5,0,0.73333329,0.725274682,0.31202051,0.285131961,15.8440609,12,7.96880341,8.13082886,0,13.3452892,12.0969715,15.167263,309,2791,0,0,0,,,,63
41704139,0.5,0.49710986,0.5,0,0.693040252,0.701098859,0.312178254,0.285000354,15.825881,12,7.99592876,8.13082886,0,13.3381405,13.4318924,14.8273172,309,2785,0,0,0,,,,63
41705301,0.5,0.506024122,0.5,0,0.676923037,0.660805821,0.312281549,0.284914345,15.8531513,12,8.01401234,8.16461086,0,13.3309927,13.4318924,14.8273172,309,2785,0,0,0,,,,63
41706466,0.5,0.517241359,0.5,0,0.725274682,0.676923037,0.312670171,0.284591615,15.8486061,12,7.98688698,8.13505173,0,13.3452892,12.0988312,15.2693434,309,2779,0,0,0,,,,63
41707628,0.5,0.508670568,0.5,0,0.709157467,0.684981644,0.313377678,0.284008056,15.8349714,12,7.98387289,8.12660694,0,13.3381405,12.0988312,15.2693434,309,2779,0,0,0,,,,63
41708798,0.5,0.490683258,0.5,0,0.636629999,0.660805821,0.313863546,0.283610106,15.8349714,12,8.0411377,8.14983177,0,13.3381405,13.4337244,14.9283218,309,2779,0,0,0,,,,63
41709959,0.5,0.491428554,0.5,0,0.693040252,0.717216074,0.31380102,0.283661187,15.8486061,12,8.00497055,8.14138603,0,13.3452892,13.4337244,14.9283218,309,2776,0,0,0,,,,63
41711125,0.5,0.508379877,0.5,0,0.73333329,0.709157467,0.313629925,0.283801138,15.8304262,12,7.96277571,8.12238407,0,13.3381405,12.1006317,15.3692923,309,2776,0,0,0,,,,63
41712286,0.5,0.502958596,0.5,0,0.684981644,0.676923037,0.313725471,0.283722937,15.825881,12,7.99291468,8.13294029,0,13.3238449,12.1006317,15.3692923,309,2766,0,0,0,,,,63
41713451,0.5,0.502857149,0.5,0,0.709157467,0.701098859,0.313935071,0.283551753,15.8440609,12,7.99894238,8.1456089,0,13.3452892,13.4354992,15.0272293,309,2766,0,0,0,,,,63
41714613,0.5,0.497237593,0.5,0,0.725274682,0.73333329,0.314064056,0.28344661,15.8349714,12,7.95674753,8.1181612,0,13.3381405,13.4354992,15.0272293,309,2759,0,0,0,,,,63
41715783,0.5,0.488372087,0.5,0,0.676923037,0.709157467,0.313918889,0.283564955,15.8213358,12,7.95976162,8.1181612,0,13.3309927,12.102376,15.4671764,309,2759,0,0,0,,,,63
41716944,0.5,0.491124272,0.5,0,0.668864429,0.693040252,0.313457906,0.283942163,15.8395166,12,8.02003956,8.15194321,0,13.3381405,12.102376,15.4671764,309,2759,0,0,0,,,,63
41718110,0.5,0.494505495,0.5,0,0.725274682,0.741391897,0.31291008,0.284393162,15.8395166,12,7.96277571,8.12660694,0,13.3166971,13.4372177,15.1241064,309,2743,0,0,0,,,,63
41719271,0.5,0.491712719,0.5,0,0.717216074,0.741391897,0.312387079,0.284826547,15.8213358,12,7.95373392,8.12449551,0,13.3309927,13.4372177,15.1241064,309,2743,0,0,0,,,,63
41720436,0.5,0.509316802,0.5,0,0.660805821,0.636629999,0.312075883,0.285085797,15.8395166,12,8.03812313,8.14772034,0,13.3381405,12.1040649,15.5630627,309,2737,0,0,0,,,,63
41721806,0.5,0.508670568,0.5,0,0.709157467,0.684981644,0.312206924,0.284976512,15.8395166,12,8.01702595,8.15405464,0,13.3381405,12.1040649,15.5630627,309,2737,0,0,0,,,,63
41722972,0.5,0.502702713,0.5,0,0.749450505,0.741391897,0.312561393,0.284681797,15.8395166,12,7.95674753,8.12238407,0,13.3381405,13.4388828,15.2190151,309,2727,0,0,0,,,,63
41724133,0.5,0.508379877,0.5,0,0.73333329,0.709157467,0.312942326,0.284366548,15.8304262,12,7.95674753,8.11393833,0,13.3309927,13.4388828,15.2190151,309,2727,0,0,0,,,,63
41725298,0.5,0.511904776,0.5,0,0.693040252,0.660805821,0.31346786,0.283933967,15.8349714,12,8.03510952,8.14772034,0,13.3309927,12.1057005,15.657012,309,2727,0,0,0,,,,63
41726460,0.5,0.508196712,0.5,0,0.749450505,0.725274682,0.314127415,0.283394992,15.8486061,12,8.00497055,8.13294029,0,13.352437,12.1057005,15.657012,309,2724,0,0,0,,,,63
41727625,0.5,0.494382024,0.5,0,0.709157467,0.725274682,0.31459412,0.283016264,15.8395166,12,7.96578932,8.12238407,0,13.3452892,13.4404945,15.3120193,309,2724,0,0,0,,,,63
41728791,0.5,0.5,0.5,0,0.668864429,0.668864429,0.314722359,0.282912493,15.8213358,12,7.99592876,8.12660694,0,13.3381405,13.4404945,15.3120193,309,2710,0,0,0,,,,63
41729957,0.5,0.494117647,0.5,0,0.676923037,0.693040252,0.314650029,0.282970995,15.8440609,12,8.03812313,8.15616512,0,13.3381405,12.1072845,15.7490873,309,2710,0,0,0,,,,63
41731118,0.5,0.5,0.5,0,0.749450505,0.749450505,0.314493448,0.283097714,15.8395166,12,7.96277571,8.12027264,0,13.3381405,12.1072845,15.7490873,309,2704,0,0,0,,,,63
41732283,0.5,0.486772507,0.5,0,0.741391897,0.781684935,0.314199239,0.28333661,15.8167906,12,7.92058086,8.09282494,0,13.3309927,13.4420557,15.4031792,309,2704,0,0,0,,,,63
41733445,0.5,0.488764048,0.5,0,0.701098859,0.73333329,0.313632727,0.283798844,15.8213358,12,7.99291468,8.12660694,0,13.3309927,13.4420557,15.4031792,309,2694,0,0,0,,,,63
41734615,0.5,0.502762437,0.5,0,0.73333329,0.725274682,0.31308654,0.284247547,15.8440609,12,7.97784519,8.12871838,0,13.3452892,12.1088181,15.8393469,309,2694,0,0,0,,,,63
41735776,0.5,0.497354507,0.5,0,0.757509112,0.76556772,0.3128061,0.284479111,15.8304262,12,7.95674753,8.1118269,0,13.3381405,12.1088181,15.8393469,309,2694,0,0,0,,,,63
41736942,0.5,0.49710986,0.5,0,0.693040252,0.701098859,0.312615126,0.284637243,15.825881,12,7.99291468,8.13294029,0,13.3309927,13.4435682,15.4925508,309,2695,0,0,0,,,,63
41738103,0.5,0.50909096,0.5,0,0.676923037,0.652747214,0.312573075,0.284672111,15.8486061,12,8.02908134,8.15616512,0,13.3166971,13.4435682,15.4925508,309,2695,0,0,0,,,,63
41739269,0.5,0.51098901,0.5,0,0.749450505,0.717216074,0.312885851,0.284413189,15.8440609,12,7.99894238,8.13294029,0,13.3452892,12.1103039,15.9278469,309,2682,0,0,0,,,,63
41740430,0.5,0.502762437,0.5,0,0.73333329,0.725274682,0.313365549,0.28401798,15.825881,12,7.9748311,8.11604977,0,13.3309927,12.1103039,15.9278469,309,2682,0,0,0,,,,63
41741600,0.5,0.508771896,0.5,0,0.701098859,0.676923037,0.313825667,0.28364107,15.8349714,12,8.01702595,8.12871838,0,13.3309927,13.4450331,15.5801926,309,2667,0,0,0,,,,63
41742966,0.5,0.513966441,0.5,0,0.741391897,0.701098859,0.314422607,0.283155173,15.8440609,12,7.99592876,8.13294029,0,13.3309927,13.4450331,15.5801926,309,2667,0,0,0,,,,63
41744131,0.5,0.505208313,0.5,0,0.781684935,0.76556772,0.315122724,0.282589793,15.8395166,12,7.95373392,8.11393833,0,13.3309927,12.111743,16.0146446,309,2662,0,0,0,,,,63
41745292,0.5,0.5,0.5,0,0.73333329,0.73333329,0.315634519,0.282179445,15.825881,12,7.96578932,8.1118269,0,13.3309927,12.111743,16.0146446,309,2662,0,0,0,,,,63
41746458,0.5,0.493975908,0.5,0,0.660805821,0.676923037,0.315799087,0.282048047,15.8395166,12,8.04415131,8.1456089,0,13.3381405,13.4464512,15.6661577,309,2662,0,0,0,,,,63
41747619,0.5,0.505617976,0.5,0,0.725274682,0.709157467,0.315811455,0.282038212,15.8440609,12,8.01702595,8.1392746,0,13.3452892,13.4464512,15.6661577,309,2652,0,0,0,,,,63
41748789,0.5,0.497297317,0.5,0,0.741391897,0.749450505,0.315859079,0.282000244,15.8349714,12,7.96578932,8.12238407,0,13.3381405,12.1131372,16.0997925,309,2652,0,0,0,,,,63
41749951,0.5,0.494117647,0.5,0.760835767,0.676923037,0.693040252,0.31578216,0.282061577,15.8213358,12,7.98688698,8.12238407,0,13.3309927,12.1131372,16.0997925,311,3300,0,0,0,,,,63
41751117,0.5,0.5,0.5,0.760835767,0.701098859,0.701098859,0.315593481,0.282212257,15.8349714,12,7.99894238,8.13505173,0,13.3166971,12.1507969,15.7504988,311,3300,0,0,0,,,,63
41752278,0.5,0.5,0.5,0.760835767,0.773626328,0.773626328,0.315472692,0.282308936,15.8395166,12,7.94469213,8.1118269,0,13.3452892,12.1507969,15.7504988,311,3772,0,0,0,,,,63
41753444,0.5,0.491978586,0.5,0.764919996,0.741391897,0.76556772,0.315313011,0.282436937,15.825881,10.8104963,7.93866396,8.09915924,0,13.3381405,10.8104963,15.4855795,311,3772,0,0,0,,,,63
41754610,0.5,0.494252861,0.5,0.764919996,0.693040252,0.709157467,0.314986765,0.282699227,15.8167906,10.8104963,7.99291468,8.12027264,0,13.3309927,10.8104963,15.4855795,312,4149,0,0,0,,,,63
41755776,0.5,0.496894419,0.5,0.762289405,0.644688606,0.652747214,0.314619392,0.28299579,15.8486061,8.48988152,8.06524849,8.16461086,0,13.3452892,8.48988152,15.2232904,313,4149,0,0,0,,,,63
41756938,0.5,0.496932507,0.5,0.762289405,0.652747214,0.660805821,0.314315677,0.283241928,15.8486061,8.48988152,8.03510952,8.15616512,0,13.3452892,8.48988152,15.2232904,313,4149,0,0,0,,,,63
41758104,0.5,0.496350378,0.5,0.762289405,0.547985315,0.556043923,0.314048529,0.283459216,15.8531513,5.78478098,8.12251282,8.19839287,0,13.3309927,5.78478098,14.9610023,313,4409,0,0,0,,,,63
41759266,0.5,0.512605071,0.5,0.762289405,0.491575062,0.46739924,0.314007491,0.283492714,15.8713312,5.78478098,8.20087528,8.24484253,0,13.3595848,5.78478098,14.9610023,313,4409,0,0,0,,,,63
41760432,0.5,0.514851511,0.5,0.762289405,0.419047594,0.394871771,0.31444785,0.283134729,15.8986015,3.04111505,8.12552738,8.28073597,0,13.3738813,3.04111505,14.6987133,313,4409,0,1,0,,,,63
41761598,0.5,0.525773168,0.5,0.762289405,0.410988986,0.370695949,0.31541726,0.282353312,15.8895121,3.04111505,8.23101425,8.28706932,0,13.3738813,3.04111505,14.6987133,313,4409,0,1,0,,,,63
41762764,0.5,0.543859661,0.5,0.762289405,0.249816835,0.209523797,0.317123264,0.281000108,15.9122372,0.451161951,8.3937664,8.35885525,0,13.3810291,0.451161951,14.4364243,313,4600,0,1,0,,,,63
41764130,0.5,0.53061223,0.5,0.762289405,0.209523797,0.185347974,0.319470048,0.279182911,15.9349623,0.451161951,8.45103073,8.38208103,0,13.3881769,0.451161951,14.4364243,313,4600,0,1,0,,,,63
41765296,0.5,0.571428597,0.5,0.762289405,0.128937721,0.0967032909,0.322538078,0.276881278,15.9304171,-1.88907444,8.47212791,8.41375065,0,13.3953247,-1.88907444,14.1741362,313,4600,0,2,0,,,,63
41766457,0.5,0.583333313,0.5,0.762289405,0.056410253,0.0402930379,0.32699585,0.273678482,15.9258718,-1.88907444,8.53240585,8.43697548,0,13.3953247,-1.88907444,14.1741362,314,4600,0,2,0,,,,63
41767593,0.5,0.666666687,0.5,0.762289405,0.0161172152,0.00805860758,0.32699585,0.273678482,15.9440527,-3.94397426,8.60172653,8.45597839,0,13.4024725,-3.94397426,13.9118471,314,6026,0,2,0,,,,63
41768720,0.5,0,0.5,0.387135923,0,0,0.32699585,0.273678482,15.9258718,-3.94397426,8.62885189,8.47709179,0,13.3953247,-3.94397426,13.9118471,314,6026,0,2,0,,,,63
41769852,0.5,0,0.5,0.387135923,0,0,0.32699585,0.273678482,15.9258718,-5.07450438,8.61076832,8.47286892,0,13.4239168,-5.07450438,14.0247126,314,6026,0,2,0,,,,63
41770979,0.5,0,0.5,0.387135923,0,0,0.32699585,0.273678482,15.9349623,-5.07450438,8.60172653,8.47075748,0,13.4453611,-5.07450438,14.0247126,316,6026,0,3,0,,,,63
41772111,0.5,0,0.5,0.387135923,0,0,0.32699585,0.273678482,15.9258718,-4.61262465,8.59871292,8.46653461,0,13.5025444,-4.61262465,14.1375771,316,6026,0,3,0,,,,63
41773238,0.5,0,0.5,0.516615689,0,0,0.32699585,0.273678482,15.9122372,-4.61262465,8.59268475,8.46653461,0,13.5454321,-4.61262465,14.1375771,316,5805,0,3,0,,,,63
41774374,0.5,0,0.5,0.516615689,0,0,0.32699585,0.273678482,15.9349623,-3.15239072,8.58665657,8.46653461,0,13.5883207,-3.15239072,14.1209621,316,5805,0,3,0,,,,63
41775502,0.5,0,0.5,0.516615689,0,0,0.32699585,0.273678482,15.9440527,-3.15239072,8.58062935,8.46442318,0,13.6240606,-3.15239072,14.1209621,317,5805,0,4,0,,,,63
41776633,0.5,0,0.5,0.516615689,0,0,0.32699585,0.273678482,15.9531422,-1.59147477,8.57460117,8.46653461,0,13.6312084,-1.59147477,14.1043472,318,5805,0,4,0,,,,63
41777761,0.5,0,0.5,0.516615689,0,0,0.32699585,0.273678482,15.9122372,-1.59147477,8.568573,8.46442318,0,13.645504,-1.59147477,14.1043472,319,5217,1,4,0,,,,63
41778892,0.5,0,0.5,0.92862165,0,0,0.32699585,0.273678482,15.9395075,-0.915154517,8.56254578,8.46442318,0,13.645504,-0.915154517,13.6757259,320,5217,1,4,0,,,,63
41780024,0.5,0,0.5,0.92862165,0,0,0.32699585,0.273678482,15.9485979,-0.915154517,8.5565176,8.46442318,0,13.6312084,-0.915154517,13.6757259,320,5217,1,4,0,,,,63
41781156,0.5,0,0.5,0.92862165,0,0,0.32699585,0.273678482,15.9531422,-1.8970207,8.56254578,8.46442318,0,13.6383562,-1.8970207,13.2471046,322,5217,1,5,0,,,,63
41782283,0.5,0,0.5,0.92862165,0,0,0.32699585,0.273678482,15.9258718,-1.8970207,8.57761478,8.46231174,0,13.6598005,-1.8970207,13.2471046,322,5217,1,5,0,,,,63
41783415,0.5,0,0.5,0.92862165,0,0,0.32699585,0.273678482,15.9349623,-4.15751982,8.58665657,8.46231174,0,13.7026882,-4.15751982,12.8184843,324,4558,2,5,0,,,,63
41784542,0.5,0,0.5,1.32266617,0,0,0.32699585,0.273678482,15.9167824,-4.15751982,8.58665657,8.46231174,0,13.8099079,-4.15751982,12.8184843,324,4558,2,5,0,,,,63
41785877,0.5,0,0.5,1.32266617,0,0,0.32699585,0.273678482,15.9258718,-7.66502523,8.58364296,8.46231174,0,13.967164,-7.66502523,11.9958181,325,4558,2,6,0,,,,63
41787009,0.5,0,0.5,1.32266617,0,0,0.32699585,0.273678482,15.9304171,-7.66502523,8.58665657,8.46231174,0,14.0815315,-7.66502523,11.9958181,326,4558,2,6,0,,,,63
41788141,0.5,0,0.5,1.32266617,0,0,0.32699585,0.273678482,15.9258718,-12,8.58665657,8.46231174,0,14.1673069,-12.7167759,11.5936136,327,4070,3,6,0,,,,63
41789268,0.5,0,0.5,1.53839314,0,0,0.32699585,0.273678482,15.9304171,-12,8.58364296,8.46020031,0,14.3031187,-12.7167759,11.5936136,328,4070,3,6,0,,,,63
41790400,0.5,0,0.5,1.53839314,0,0,0.32699585,0.273678482,15.9213276,-12,8.58364296,8.46231174,0,14.4031906,-16.8681908,13.4108982,328,4070,3,6,0,,,,63
41791527,0.5,0,0.5,1.51733136,0,0,0.32699585,0.273678482,15.9395075,-12,8.58364296,8.46020031,0,14.5175581,-16.8681908,13.4108982,330,3716,3,6,0,,,,63
41792663,0.5,0,0.5,1.51733136,0,0,0.32699585,0.273678482,15.9485979,-8.01965714,8.58364296,8.45386696,0,14.61763,-8.01965714,12.3935671,330,3716,3,6,0,,,,63
41793790,0.5,0,0.5,1.51733136,0,0,0.32699585,0.273678482,15.9395075,-8.01965714,8.58665657,8.46020031,0,14.7248497,-8.01965714,12.3935671,330,4090,3,6,0,,,,63
41794922,0.5,0,0.5,1.01470566,0,0,0.32699585,0.273678482,15.9167824,-6.69384527,8.58665657,8.46020031,0,14.8535137,-6.69384527,11.8788624,330,4090,3,6,0,,,,63
41796049,0.5,0,0.5,1.01470566,0,0,0.32699585,0.273678482,15.9213276,-6.69384527,8.58665657,8.46020031,0,14.9607334,-6.69384527,11.8788624,330,3725,3,6,0,,,,63
41797180,0.5,0,0.5,1.01470566,0,0,0.32699585,0.273678482,15.9349623,-8.40267467,8.58665657,8.46020031,0,15.1108418,-8.40267467,11.3641577,330,3725,3,6,0,,,,63
41798308,0.5,0,0.5,1.01470566,0,0,0.32699585,0.273678482,15.9395075,-8.40267467,8.58364296,8.46020031,0,15.2037649,-8.40267467,11.3641577,330,3725,3,6,0,,,,63
41799443,0.5,0,0.5,1.01470566,0,0,0.32699585,0.273678482,15.9395075,-11.1915627,8.58665657,8.45808983,0,15.296689,-11.1915627,10.849453,330,3455,3,6,0,,,,63
41800571,0.5,0,0.5,1.01470566,0,0,0.32699585,0.273678482,15.9531422,-11.1915627,8.568573,8.46020031,0,15.361021,-11.1915627,10.849453,330,3455,3,6,0,,,,63
41801702,0.5,0,0.5,1.01470566,0,0,0.32699585,0.273678482,15.9304171,-12,8.58364296,8.45808983,0,15.4325008,-14.4231758,11.7561808,330,3251,3,6,0,,,,63
41802829,0.5,0,0.5,1.01470566,0,0,0.32699585,0.273678482,15.9485979,-12,8.56555939,8.45808983,0,15.4896851,-14.4231758,11.7561808,330,3251,3,6,0,,,,63
41803961,0.5,0,0.5,1.01470566,0,0,0.32699585,0.273678482,15.9485979,-10.254302,8.58665657,8.45808983,0,15.5540161,-10.254302,11.2414751,330,3251,3,6,0,,,,63
41805088,0.5,0,0.5,1.01470566,0,0,0.32699585,0.273678482,15.9349623,-10.254302,8.58364296,8.45597839,0,15.6254959,-10.254302,11.2414751,330,3103,3,6,0,,,,63
41806428,0.5,0,0.5,1.01470566,0,0,0.32699585,0.273678482,15.9531422,-9.6434803,8.58665657,8.45808983,0,15.71842,-9.6434803,10.7267704,330,3103,3,6,0,,,,63
41807556,0.5,0,0.5,1.01470566,0,0,0.32699585,0.273678482,15.9440527,-9.6434803,8.57460117,8.45386696,0,15.7970476,-9.6434803,10.7267704,330,3001,3,6,0,,,,63
41808687,0.5,0,0.5,1.01470566,0,0,0.32699585,0.273678482,15.9349623,-11.1308317,8.58364296,8.45808983,0,15.8613796,-11.1308317,10.2120657,330,3001,3,6,0,,,,63
41809814,0.5,0,0.5,1.01470566,0,0,0.32699585,0.273678482,15.9167824,-11.1308317,8.58364296,8.46020031,0,15.9185638,-11.1308317,10.2120657,330,2920,3,6,0,,,,63
41810945,0.5,0,0.5,1.01470566,0,0,0.32699585,0.273678482,15.9531422,-12,8.568573,8.45808983,0,15.9614515,-13.6964722,10.6925097,330,2920,3,6,0,,,,63
41812077,0.5,0,0.5,1.01470566,0,0,0.32699585,0.273678482,15.907692,-12,8.58665657,8.45597839,0,15.9757481,-13.6964722,10.6925097,330,2866,3,6,0,,,,63
41813208,0.5,0,0.5,1.01470566,0,0,0.32699585,0.273678482,15.9349623,-11.4946547,8.58364296,8.45597839,0,16.0186348,-11.4946547,10.1778049,330,2866,3,6,0,,,,63
41814335,0.5,0,0.5,1.01470566,0,0,0.32699585,0.273678482,15.9304171,-11.4946547,8.58364296,8.45597839,0,16.0472279,-11.4946547,10.1778049,330,2866,3,6,0,,,,63
41815466,0.5,0,0.5,1.01470566,0,0,0.32699585,0.273678482,15.9167824,-11.9737434,8.58364296,8.45808983,0,16.0686722,-11.9737434,9.66310024,330,2823,3,6,0,,,,63
41816593,0.5,0,0.5,1.01470566,0,0,0.32699585,0.273678482,15.9395075,-11.9737434,8.58665657,8.45597839,0,16.1044121,-11.9737434,9.66310024,330,2823,3,6,0,,,,63
41817725,0.5,0,0.5,1.01470566,0,0,0.32699585,0.273678482,15.9485979,-12,8.58665657,8.45597839,0,16.1258545,-13.9741507,10.3064299,330,2794,3,6,0,,,,63
41818857,0.5,0,0.5,1.01470566,0,0,0.32699585,0.273678482,15.9349623,-12,8.58665657,8.45597839,0,16.140152,-13.9741507,10.3064299,330,2794,3,6,0,,,,63
41819988,0.5,0,0.5,1.01470566,0,0,0.32699585,0.273678482,15.9213276,-10.6277704,8.58364296,8.45597839,0,16.1472988,-10.6277704,9.79172516,330,2794,3,6,0,,,,63
41821115,0.5,0,0.5,1.01470566,0,0,0.32699585,0.273678482,15.9349623,-10.6277704,8.58364296,8.45597839,0,16.1472988,-10.6277704,9.79172516,330,2777,3,6,0,,,,63
41822246,0.5,0,0.5,1.01470566,0,0,0.32699585,0.273678482,15.9258718,-10.5606556,8.58364296,8.45597839,0,16.1472988,-10.5606556,9.2770195,330,2777,3,6,0,,,,63
41823373,0.5,0,0.5,1.01470566,0,0,0.32699585,0.273678482,15.9576874,-10.5606556,8.58364296,8.45597839,0,16.1544476,-10.5606556,9.2770195,330,2765,3,6,0,,,,63
41824509,0.5,0,0.5,1.01470566,0,0,0.32699585,0.273678482,15.9485979,-12,8.58967113,8.45808983,0,16.1544476,-12.3904724,8.99136543,330,2765,3,6,0,,,,63
41825636,0.5,0,0.5,1.01470566,0,0,0.32699585,0.273678482,15.9531422,-12,8.58364296,8.45597839,0,16.1615944,-12.3904724,8.99136543,330,2765,3,6,0,,,,63
41826972,0.5,0,0.5,1.01470566,0,0,0.32699585,0.273678482,15.9440527,-12,8.568573,8.45597839,0,16.1615944,-13.9645519,9.62906551,330,2766,3,6,0,,,,63
41828099,0.5,0,0.5,1.01470566,0,0,0.32699585,0.273678482,15.9395075,-12,8.58364296,8.45597839,0,16.1544476,-13.9645519,9.62906551,330,2766,3,6,0,,,,63
41829230,0.5,0,0.5,1.01470566,0,0,0.32699585,0.273678482,15.9440527,-10.457963,8.58665657,8.44964409,0,16.140152,-10.457963,9.11435986,330,2765,3,6,0,,,,63
41830357,0.5,0,0.5,1.01470566,0,0,0.32699585,0.273678482,15.9122372,-10.457963,8.58665657,8.44964409,0,16.1258545,-10.457963,9.11435986,330,2765,3,6,0,,,,63
41831494,0.5,0,0.5,1.01470566,0,0,0.32699585,0.273678482,15.9213276,-10.3687763,8.58665657,8.45597839,0,16.1044121,-10.3687763,8.59965515,330,2775,3,6,0,,,,63
41832621,0.5,0,0.5,1.01470566,0,0,0.32699585,0.273678482,15.9304171,-10.3687763,8.58665657,8.45597839,0,16.0901146,-10.3687763,8.59965515,330,2775,3,6,0,,,,63
41833752,0.5,0,0.5,1.01470566,0,0,0.32699585,0.273678482,15.9304171,-12,8.58364296,8.45597839,0,16.075819,-12.2515259,8.23249435,330,2775,3,6,0,,,,63
41834879,0.5,0,0.5,1.01470566,0,0,0.32699585,0.273678482,15.9395075,-12,8.58364296,8.44964409,0,16.0686722,-12.2515259,8.23249435,330,2773,3,6,0,,,,63
41836010,0.5,0,0.5,1.01470566,0,0,0.32699585,0.273678482,15.9485979,-12,8.568573,8.45597839,0,16.0400791,-14.3434582,9.09245968,330,2773,3,6,0,,,,63
41837142,0.5,0,0.5,1.01470566,0,0,0.32699585,0.273678482,15.9167824,-12,8.58364296,8.45597839,0,15.9971914,-14.3434582,9.09245968,330,2780,3,6,0,,,,63
41838273,0.5,0,0.5,1.01470566,0,0,0.32699585,0.273678482,15.9349623,-9.98965073,8.58364296,8.45597839,0,15.9543037,-9.98965073,8.57775497,330,2780,3,6,0,,,,63
41839400,0.5,0,0.5,1.01470566,0,0,0.32699585,0.273678482,15.9395075,-9.98965073,8.58665657,8.45597839,0,15.9114161,-9.98965073,8.57775497,330,2780,3,6,0,,,,63
41840531,0.5,0,0.5,1.01470566,0,0,0.32699585,0.273678482,15.9304171,-9.49961948,8.58364296,8.45597839,0,15.8756762,-9.49961948,8.06304932,330,2785,3,6,0,,,,63
41841659,0.5,0,0.5,1.01470566,0,0,0.32699585,0.273678482,15.9213276,-9.49961948,8.58665657,8.45597839,0,15.8327875,-9.49961948,8.06304932,330,2785,3,6,0,,,,63
41842790,0.5,0,0.5,1.01470566,0,0,0.32699585,0.273678482,15.9395075,-11.2652721,8.58665657,8.45386696,0,15.8041964,-11.2652721,7.54834414,330,2789,3,6,0,,,,63
41843922,0.5,0,0.5,1.01470566,0,0,0.32699585,0.273678482,15.9213276,-11.2652721,8.58665657,8.45597839,0,15.7613077,-11.2652721,7.54834414,330,2789,3,6,0,,,,63
41845053,0.5,0,0.5,1.01470566,0,0,0.32699585,0.273678482,15.9395075,-12,8.58665657,8.45597839,0,15.7041245,-14.1769066,8.31061077,330,2789,3,6,0,,,,63
41846180,0.5,0,0.5,1.01470566,0,0,0.32699585,0.273678482,15.9167824,-12,8.58364296,8.44964409,0,15.654088,-14.1769066,8.31061077,330,2792,3,6,0,,,,63
41847312,0.5,0,0.5,1.01470566,0,0,0.32699585,0.273678482,15.9349623,-10.855546,8.58665657,8.45597839,0,15.589756,-10.855546,7.79590559,330,2792,3,6,0,,,,63
41848643,0.5,0,0.5,1.01470566,0,0,0.32699585,0.273678482,15.9485979,-10.855546,8.58364296,8.45597839,0,15.4896851,-10.855546,7.79590559,330,2810,3,6,0,,,,63
41849774,0.5,0,0.5,1.01470566,0,0,0.32699585,0.273678482,15.9440527,-10.9342966,8.58967113,8.44964409,0,15.4253531,-10.9342966,7.28120041,330,2810,3,6,0,,,,63
41850906,0.5,0,0.5,1.01470566,0,0,0.32699585,0.273678482,15.9213276,-10.9342966,8.58364296,8.45597839,0,15.3395767,-10.9342966,7.28120041,330,2810,3,6,0,,,,63
41852037,0.5,0,0.5,1.01470566,0,0,0.32699585,0.273678482,15.9349623,-12,8.58665657,8.45386696,0,15.2538013,-12.9698524,7.33540964,330,2836,3,6,0,,,,63
41853164,0.5,0,0.5,1.01470566,0,0,0.32699585,0.273678482,15.9531422,-12,8.58665657,8.45386696,0,15.1751728,-12.9698524,7.33540964,330,2836,3,6,0,,,,63
41854296,0.5,0,0.5,1.01470566,0,0,0.32699585,0.273678482,15.9349623,-12,8.58665657,8.45175552,0,15.0822496,-12.9836531,7.39771509,330,2839,3,6,0,,,,63
41855423,0.5,0,0.5,1.01470566,0,0,0.32699585,0.273678482,15.9213276,-12,8.58665657,8.45386696,0,14.9821777,-12.9836531,7.39771509,330,2839,3,6,0,,,,63
41856559,0.5,0,0.5,1.01470566,0,0,0.32699585,0.273678482,15.9349623,-11.8176966,8.58665657,8.45386696,0,14.874958,-11.8176966,6.88300943,330,2839,3,6,0,,,,63
41857686,0.5,0,0.5,1.01470566,0,0,0.32699585,0.273678482,15.9213276,-11.8176966,8.58665657,8.44964409,0,14.7534418,-11.8176966,6.88300943,330,2851,3,6,0,,,,63
41858817,0.5,0,0.5,1.01470566,0,0,0.32699585,0.273678482,15.9395075,-12,8.58665657,8.45386696,0,14.6247787,-13.1099424,7.01939583,330,2851,3,6,0,,,,63
41859944,0.5,0,0.5,1.01470566,0,0,0.32699585,0.273678482,15.9304171,-12,8.58364296,8.45386696,0,14.4889669,-13.1099424,7.01939583,330,2858,3,6,0,,,,63
41861075,0.5,0,0.5,1.01470566,0,0,0.32699585,0.273678482,15.9304171,-12,8.58665657,8.45386696,0,14.3388586,-12.3067818,6.68464851,330,2858,3,6,0,,,,63
41862202,0.5,0,0.5,1.01470566,0,0,0.32699585,0.273678482,15.9304171,-12,8.58062935,8.45386696,0,14.2173433,-12.3067818,6.68464851,330,2858,3,6,0,,,,63
41863338,0.5,0,0.5,1.01470566,0,0,0.32699585,0.273678482,15.9485979,-12,8.58364296,8.45386696,0,14.0743837,-12.8408546,6.66318846,330,2872,3,6,0,,,,63
41864465,0.5,0,0.5,1.01470566,0,0,0.32699585,0.273678482,15.9349623,-12,8.58665657,8.45386696,0,13.9171276,-12.8408546,6.66318846,330,2872,3,6,0,,,,63
41865596,0.5,0,0.5,1.01470566,0,0,0.32699585,0.273678482,15.9440527,-12,8.57761478,8.45597839,0,13.7670202,-12.4759645,6.42768335,330,2881,3,6,0,,,,63
41866723,0.5,0,0.5,1.01470566,0,0,0.32699585,0.273678482,15.9167824,-12,8.58665657,8.45386696,0,13.6097641,-12.4759645,6.42768335,330,2881,3,6,0,,,,63
41867855,0.5,0,0.5,1.01470566,0,0,0.32699585,0.273678482,15.9122372,-12,8.58364296,8.45597839,0,13.4382124,-12.7517385,6.35394764,330,2881,3,6,0,,,,63
41869225,0.5,0.5090909,0.5,1.01470566,0.225641012,0.217582405,0.33166045,0.270494461,15.9213276,-12,8.34554291,8.32296276,0,13.3881769,-12.7517385,6.35394764,330,2896,3,6,0,,,,63
41870391,0.5,0.5,0.5,1.01470566,0.153113544,0.153113544,0.334552556,0.268600732,15.9258718,-12,8.45705795,8.35463333,0,13.3881769,-12.5392103,6.15554237,330,2896,3,6,0,,,,63
41871553,0.5,0.45714286,0.5,1.01470566,0.128937721,0.153113544,0.33514753,0.268218398,15.9213276,-12,8.42691898,8.35041046,0,13.3881769,-12.5392103,6.15554237,330,2908,3,6,0,,,,63
41872718,0.5,0.538461566,0.5,1.01470566,0.169230759,0.145054936,0.334933072,0.268355906,15.9258718,-12,8.42390537,8.36730099,0,13.3881769,-12.7249088,6.06606817,330,2908,3,6,0,,,,63
41873879,0.5,0.474999994,0.5,1.01470566,0.153113544,0.169230759,0.335048348,0.268281966,15.9258718,-12,8.44198895,8.36307812,0,13.3881769,-12.7249088,6.06606817,330,2908,3,6,0,,,,63
41875045,0.5,0.472222209,0.5,1.01470566,0.136996329,0.153113544,0.334386677,0.268707722,15.9213276,-12,8.25813961,8.37574673,0,13.3953247,-12.5653763,5.88301182,330,2924,3,6,0,,,,63
41876211,0.5,0.553191483,0.5,1.01470566,0.209523797,0.169230759,0.333996892,0.268959939,15.9213276,-12,8.34554291,8.36518955,0,13.3953247,-12.5653763,5.88301182,330,2924,3,6,0,,,,63
41877377,0.5,0.421052635,0.5,1.01470566,0.128937721,0.177289367,0.33372283,0.269137949,15.9258718,-12,8.27019501,8.36518955,0,13.3881769,-12.7196321,5.79044247,330,2934,3,6,0,,,,63
41878538,0.5,0.414634138,0.5,1.01470566,0.136996329,0.193406582,0.330796421,0.271071881,15.9167824,-12,8.34554291,8.36096668,0,13.3881769,-12.7196321,5.79044247,330,2934,3,6,0,,,,63
41879704,0.5,0.371428579,0.5,1.01470566,0.104761899,0.177289367,0.324932218,0.275140971,15.9213276,-12,8.42089176,8.35885525,0,13.3953247,-12.5784931,5.61508083,330,2934,3,6,0,,,,63
41880865,0.5,0.5,0.5,1.01470566,0.161172152,0.161172152,0.318961233,0.279572666,15.9258718,-12,8.45705795,8.36730099,0,13.3953247,-12.5784931,5.61508083,330,2949,3,6,0,,,,63
41882036,0.5,0.487179488,0.5,1.01470566,0.153113544,0.161172152,0.315394074,0.282371938,15.9213276,-12,8.36664104,8.37152386,0,13.3881769,-12.721734,5.52374411,330,2949,3,6,0,,,,63
41883197,0.5,0.523809552,0.5,1.01470566,0.177289367,0.161172152,0.314021885,0.283480942,15.9213276,-12,8.42993259,8.36518955,0,13.3881769,-12.721734,5.52374411,330,2949,3,6,0,,,,63
41884363,0.5,0.474999994,0.5,1.01470566,0.153113544,0.169230759,0.31351161,0.283898085,15.9213276,-12,8.44500256,8.37152386,0,13.3881769,-12.5869389,5.35333633,330,2959,3,6,0,,,,63
41885524,0.5,0.5,0.5,1.01470566,0.169230759,0.169230759,0.312940896,0.28436771,15.9213276,-12,8.36362648,8.36307812,0,13.3881769,-12.5869389,5.35333633,330,2959,3,6,0,,,,63
41886690,0.5,0.533333361,0.5,1.01470566,0.193406582,0.169230759,0.31295839,0.284353256,15.9167824,-12,8.37869644,8.37363529,0,13.3881769,-12.7262802,5.26466656,330,2981,3,6,0,,,,63
41887851,0.5,0.577777803,0.5,1.01470566,0.209523797,0.153113544,0.314792991,0.282855451,15.9213276,-12,8.42390537,8.37574673,0,13.3881769,-12.7262802,5.26466656,330,2981,3,6,0,,,,63
41889022,0.5,0.5,0.5,1.01470566,0.177289367,0.177289367,0.317563325,0.280655533,15.9213276,-12,8.44500256,8.36730099,0,13.3881769,-12.5936337,5.09818649,330,2981,3,6,0,,,,63
41890387,0.5,0.488372087,0.5,1.01470566,0.169230759,0.177289367,0.319159389,0.279420584,15.9213276,-12,8.40883541,8.36307812,0,13.3881769,-12.5936337,5.09818649,330,2986,3,6,0,,,,63
41891553,0.5,0.5,0.5,1.01470566,0.177289367,0.177289367,0.319530904,0.279136449,15.9213276,-12,8.45103073,8.36307812,0,13.3953247,-12.7315578,5.01261234,330,2986,3,6,0,,,,63
41892714,0.5,0.536585391,0.5,1.01470566,0.177289367,0.153113544,0.320135504,0.278676689,15.9213276,-12,8.43294716,8.3799696,0,13.3881769,-12.7315578,5.01261234,330,3001,3,6,0,,,,63
41893880,0.5,0.473684222,0.5,1.01470566,0.145054936,0.161172152,0.320856929,0.27813226,15.9213276,-12,8.4691143,8.36518955,0,13.3881769,-12.5995998,4.84963179,330,3001,3,6,0,,,,63
41895041,0.5,0.520833313,0.5,1.01470566,0.201465189,0.185347974,0.321136326,0.27792269,15.9213276,-12,8.45103073,8.36307812,0,13.3881769,-12.5995998,4.84963179,330,3001,3,6,0,,,,63
41896212,0.5,0.513513505,0.5,0,0.153113544,0.145054936,0.3217026,0.277499974,15.9213276,-11.0071611,8.50528145,8.38419151,0,13.3881769,-11.0071611,5.34963179,330,0,0,0,0,,,,63
41897373,0.5,0.447368413,0.5,0,0.136996329,0.169230759,0.32167998,0.277516782,15.9213276,-11.0071611,8.40883541,8.38208103,0,13.3953247,-11.0071611,5.34963179,330,0,0,0,0,,,,63
41898504,0.5,0.515151501,0.5,0,0.136996329,0.128937721,0.32167998,0.277516782,15.9258718,-7.8207016,8.44500256,8.39686012,0,13.3953247,-7.8207016,5.84963179,330,0,0,0,0,,,,59
41899631,0.5,0.625,0.5,0,0.161172152,0.0967032909,0.32167998,0.277516782,15.9304171,-7.8207016,8.48418331,8.38208103,0,13.3953247,-7.8207016,5.84963179,330,0,0,0,0,,,,59
41900763,0.5,0.523809552,0.5,0,0.0886446834,0.0805860758,0.32167998,0.277516782,15.9258718,-2.96845531,8.51130867,8.41375065,0,13.3953247,-2.96845531,6.34963226,330,0,0,0,0,,,,59
41901895,0.5,0.631578922,0.5,0,0.0967032909,0.056410253,0.32167998,0.277516782,15.9304171,-2.96845531,8.52336502,8.43064213,0,13.3953247,-2.96845531,6.34963226,330,3123,0,0,0,,,,59
41903026,0.5,0.75,0.5,0,0.0241758227,0.00805860758,0.32167998,0.277516782,15.9304171,2.49037623,8.57761478,8.43908691,0,13.3953247,2.49037623,6.84963179,330,3123,0,0,0,,,,59
41904153,0.5,0.666666687,0.5,0,0.0161172152,0.00805860758,0.32167998,0.277516782,15.9349623,2.49037623,8.57460117,8.45386696,0,13.4096212,2.49037623,6.84963179,330,3123,0,0,0,,,,59
41905284,0.5,1,0.5,0,0.00805860758,0,0.32167998,0.277516782,15.9304171,7.93319035,8.568573,8.46442318,0,13.3953247,7.93319035,7.34963179,330,3098,0,0,0,,,,59
41906411,0.5,1,0.5,0,0.00805860758,0,0.32167998,0.277516782,15.9349623,7.93319035,8.54747581,8.44964409,0,13.3953247,7.93319035,7.34963179,330,3098,0,0,0,,,,59
41907542,0.5,0.545454562,0.5,0,0.0483516455,0.0402930379,0.32167998,0.277516782,15.9258718,12,8.52035046,8.40530586,0,13.3881769,13.0163383,7.25344849,330,3098,0,0,0,,,,59
41908674,0.5,0.519999981,0.5,0,0.104761899,0.0967032909,0.32167998,0.277516782,15.9258718,12,8.46609974,8.39052582,0,13.3881769,13.0163383,7.25344849,330,3098,0,0,0,,,,59
41909806,0.5,0.522727251,0.5,0,0.185347974,0.169230759,0.32167998,0.277516782,15.9167824,12,8.33348751,8.35885525,0,13.3881769,14.4475317,6.31772804,330,3098,0,0,0,,,,59
41911136,0.5,0.523809552,0.5,0,0.26593405,0.241758227,0.32167998,0.277516782,15.9031467,12,8.33348751,8.3250742,0,13.3810291,14.4475317,6.31772804,330,3103,0,0,0,,,,59
41912268,0.5,0.514705896,0.5,0,0.282051265,0.26593405,0.32167998,0.277516782,15.9031467,9.33041096,8.31841755,8.31029415,0,13.3738813,9.33041096,6.81772804,330,3103,0,0,0,,,,59
41913395,0.5,0.521126747,0.5,0,0.29816848,0.273992658,0.32167998,0.277516782,15.907692,9.33041096,8.30033493,8.3250742,0,13.3810291,9.33041096,6.81772804,330,3103,0,0,0,,,,59
41914531,0.5,0.541666687,0.5,0,0.209523797,0.177289367,0.32167998,0.277516782,15.9213276,8.40089035,8.41184998,8.36307812,0,13.3881769,8.40089035,7.31772804,330,3111,0,0,0,,,,59
41915658,0.5,0.463414639,0.5,0,0.153113544,0.177289367,0.32167998,0.277516782,15.9167824,8.40089035,8.38472462,8.37152386,0,13.3881769,8.40089035,7.31772804,330,3111,0,0,0,,,,59
41916789,0.5,0.612903237,0.5,0,0.153113544,0.0967032909,0.32167998,0.277516782,15.9304171,9.93264294,8.45103073,8.4074173,0,13.3881769,9.93264294,7.81772804,330,3111,0,0,0,,,,59
41917917,0.5,0.477272719,0.5,0,0.169230759,0.185347974,0.32167998,0.277516782,15.9258718,9.93264294,8.44500256,8.36096668,0,13.3881769,9.93264294,7.81772804,330,3124,0,0,0,,,,59
41919048,0.5,0.5,0.5,0,0.177289367,0.177289367,0.32167998,0.277516782,15.9167824,12,8.3425293,8.36096668,0,13.3810291,12.7386942,7.88441038,330,3124,0,0,0,,,,59
41920175,0.5,0.5,0.5,0,0.169230759,0.169230759,0.32167998,0.277516782,15.9122372,12,8.3937664,8.36730099,0,13.3881769,12.7386942,7.88441038,330,3124,0,0,0,,,,59
41921311,0.5,0.507692337,0.5,0,0.26593405,0.257875443,0.32167998,0.277516782,15.8986015,12,8.31841755,8.32296276,0,13.3738813,13.8145885,7.31997395,330,3147,0,0,0,,,,59
41922438,0.5,0.481012672,0.5,0,0.306227088,0.330402911,0.32167998,0.277516782,15.8849669,12,8.30636215,8.26806736,0,13.3595848,13.8145885,7.31997395,330,3147,0,0,0,,,,59
41923569,0.5,0.544554472,0.5,0,0.443223417,0.370695949,0.32167998,0.277516782,15.8849669,10.5424118,8.26416779,8.26806736,0,13.3667326,10.5424118,7.81997395,330,3139,0,0,0,,,,59
41924696,0.5,0.5,0.5,0,0.459340632,0.459340632,0.32167998,0.277516782,15.8713312,10.5424118,8.18881989,8.23217392,0,13.3595848,10.5424118,7.81997395,330,3139,0,0,0,,,,59
41925827,0.5,0.485714287,0.5,0,0.410988986,0.435164809,0.32167998,0.277516782,15.8849669,10.6289358,8.31540394,8.26806736,0,13.352437,10.6289358,8.31997395,330,3139,0,0,0,,,,59
41926959,0.5,0.49253732,0.5,0,0.5318681,0.547985315,0.32167998,0.277516782,15.8531513,10.6289358,8.07127666,8.18150139,0,13.352437,10.6289358,8.31997395,330,3165,0,0,0,,,,59
41928091,0.5,0.488000035,0.5,0,0.491575062,0.515750885,0.32167998,0.277516782,15.8713312,12,8.14662457,8.21739483,0,13.3595848,12.6359539,8.44692421,330,3165,0,0,0,,,,59
41929218,0.5,0.495575219,0.5,0,0.451282024,0.459340632,0.32167998,0.277516782,15.8576965,12,8.17073631,8.22584057,0,13.3452892,12.6359539,8.44692421,330,3165,0,0,0,,,,59
41930384,0.5,0.49032256,0.5,0,0.612454176,0.636629999,0.321881682,0.277366847,15.8622417,12,8.07429028,8.18150139,0,13.3452892,13.6317959,7.98971367,330,3185,0,0,0,,,,63
41931545,0.5,0.487500012,0.5,0,0.628571391,0.660805821,0.322010994,0.277270883,15.8486061,12,8.03812313,8.14983177,0,13.3452892,13.6317959,7.98971367,330,3185,0,0,0,,,,63
41932914,0.5,0.489583343,0.5,0,0.757509112,0.789743543,0.321577519,0.277593106,15.825881,10.9342308,7.92058086,8.08860207,0,13.3309927,10.9342308,8.48971367,330,3185,0,0,0,,,,63
41934080,0.5,0.490740746,0.5,0,0.854212403,0.886446834,0.3208628,0.278127879,15.8122463,10.9342308,7.86633015,8.04426384,0,13.3238449,10.9342308,8.48971367,330,3192,0,0,0,,,,63
41935246,0.5,0.484018236,0.5,0,0.854212403,0.910622656,0.320054799,0.278737813,15.8122463,11.3629847,7.84221888,8.03159523,0,13.3381405,11.3629847,8.98971367,330,3192,0,0,0,,,,63
41936407,0.5,0.489473671,0.5,0,0.749450505,0.781684935,0.319130898,0.2794424,15.8122463,11.3629847,7.95976162,8.07804585,0,13.3095493,11.3629847,8.98971367,330,3196,0,0,0,,,,63
41937573,0.5,0.487437159,0.5,0,0.781684935,0.821977973,0.318208069,0.280153811,15.8486061,12,7.96880341,8.09704781,0,13.3452892,13.5565643,8.57663441,330,3196,0,0,0,,,,63
41938734,0.5,0.479532152,0.5,0,0.660805821,0.717216074,0.317177355,0.280957669,15.8349714,12,8.02003956,8.12238407,0,13.3452892,13.5565643,8.57663441,330,3196,0,0,0,,,,63
41939905,0.5,0.509554148,0.5,0,0.644688606,0.620512784,0.316328675,0.28162697,15.8622417,11.8082762,8.08634663,8.1730566,0,13.352437,11.8082762,9.07663441,330,3200,0,0,0,,,,63
41941066,0.5,0.487179488,0.5,0,0.612454176,0.644688606,0.31585902,0.282000303,15.8576965,11.8082762,8.08333206,8.1730566,0,13.3381405,11.8082762,9.07663441,330,3200,0,0,0,,,,63
41942231,0.5,0.49640286,0.5,0,0.556043923,0.56410253,0.315408319,0.282360524,15.8486061,12,8.11949921,8.18783569,0,13.3381405,12.74086,9.14204693,330,3200,0,0,0,,,,63
41943393,0.5,0.503448308,0.5,0,0.588278353,0.580219746,0.315081775,0.282622695,15.8576965,12,8.11949921,8.18994713,0,13.3452892,12.74086,9.14204693,330,3186,0,0,0,,,,63
41944559,0.5,0.5,0.5,0,0.660805821,0.660805821,0.315004855,0.282684654,15.8531513,12,8.0562067,8.1667223,0,13.3452892,12.8792515,9.12627792,330,3186,0,0,0,,,,63
41945720,0.5,0.497076005,0.5,0,0.684981644,0.693040252,0.314957321,0.28272295,15.8349714,12,8.00195694,8.13082886,0,13.3381405,12.8792515,9.12627792,330,3186,0,0,0,,,,63
41946890,0.5,0.488235295,0.5,0,0.668864429,0.701098859,0.314707667,0.282924384,15.8213358,12,7.99291468,8.12449551,0,13.3238449,12.1278801,9.55126381,330,3179,0,0,0,,,,63
41948052,0.5,0.494897962,0.5,0,0.781684935,0.79780215,0.314251125,0.28329441,15.8349714,12,7.92962217,8.09915924,0,13.3309927,12.1278801,9.55126381,330,3179,0,0,0,,,,63
41949217,0.5,0.495000005,0.5,0,0.79780215,0.813919365,0.313791931,0.283668637,15.825881,12,7.88742733,8.08649063,0,13.3381405,13.2507572,9.31757069,330,3172,0,0,0,,,,63
41950379,0.5,0.49710986,0.5,0,0.693040252,0.701098859,0.313417643,0.283975184,15.8304262,12,8.00195694,8.13082886,0,13.3381405,13.2507572,9.31757069,330,3172,0,0,0,,,,63
41951544,0.5,0.506097555,0.5,0,0.668864429,0.652747214,0.313244104,0.284117818,15.8531513,11.9188061,8.02908134,8.16249943,0,13.3452892,11.9188061,9.81757069,330,3172,0,0,0,,,,63
41952910,0.5,0.49696973,0.5,0,0.660805821,0.668864429,0.313244402,0.284117579,15.8531513,11.9188061,8.01401234,8.16038799,0,13.3452892,11.9188061,9.81757069,330,3155,0,0,0,,,,63
41954080,0.5,0.5,0.5,0,0.596336961,0.596336961,0.313224375,0.28413403,15.8304262,12,8.08333206,8.17516804,0,13.3381405,13.1344604,9.6520977,330,3155,0,0,0,,,,63
41955241,0.5,0.509202421,0.5,0,0.668864429,0.644688606,0.313315958,0.28405869,15.8531513,12,8.03209591,8.16461086,0,13.3452892,13.1344604,9.6520977,330,3140,0,0,0,,,,63
41956407,0.5,0.508379877,0.5,0,0.73333329,0.709157467,0.313675314,0.283763975,15.8395166,12,7.98688698,8.12660694,0,13.3452892,12.2437124,10.0091362,330,3140,0,0,0,,,,63
41957568,0.5,0.502994001,0.5,0,0.676923037,0.668864429,0.314120829,0.283400357,15.8349714,12,8.00798416,8.13505173,0,13.3381405,12.2437124,10.0091362,330,3140,0,0,0,,,,63
41958734,0.5,0.491329491,0.5,0,0.684981644,0.709157467,0.314312726,0.283244371,15.8440609,12,8.01099777,8.13716316,0,13.352437,12.9563112,9.94816494,330,3139,0,0,0,,,,63
41959900,0.5,0.502824903,0.5,0,0.717216074,0.709157467,0.314260274,0.283286959,15.8349714,12,7.98688698,8.12449551,0,13.3381405,12.9563112,9.94816494,330,3139,0,0,0,,,,63
41961065,0.5,0.506329119,0.5,0,0.644688606,0.628571391,0.31432271,0.283236235,15.8531513,12,8.06826305,8.16883373,0,13.3381405,12.3582392,10.2380219,330,3139,0,0,0,,,,63
41962227,0.5,0.493750006,0.5,0,0.636629999,0.652747214,0.314428896,0.283150077,15.8531513,12,8.05017948,8.16249943,0,13.3452892,12.3582392,10.2380219,330,3102,0,0,0,,,,63
41963392,0.5,0.5,0.5,0,0.588278353,0.588278353,0.314378977,0.283190578,15.8349714,12,8.08634663,8.1730566,0,13.3381405,12.8981829,10.2111492,330,3102,0,0,0,,,,63
41964554,0.5,0.5,0.5,0,0.620512784,0.620512784,0.314308435,0.283247858,15.8576965,12,8.06524849,8.17939091,0,13.352437,12.8981829,10.2111492,330,3087,0,0,0,,,,63
41965719,0.5,0.497005969,0.5,0,0.668864429,0.676923037,0.314242184,0.283301651,15.8440609,12,8.00798416,8.14983177,0,13.3452892,12.4018955,10.4753971,330,3087,0,0,0,,,,63
41966885,0.5,0.483660161,0.5,0,0.596336961,0.636629999,0.313921452,0.283562809,15.8440609,12,8.05922127,8.16461086,0,13.3381405,12.4018955,10.4753971,330,3087,0,0,0,,,,63
41968051,0.5,0.506250024,0.5,0,0.652747214,0.636629999,0.313490808,0.283915162,15.8486061,12,8.03812313,8.17094517,0,13.3452892,12.8816252,10.4582367,330,3073,0,0,0,,,,63
41969212,0.5,0.496774167,0.5,0,0.620512784,0.628571391,0.313283235,0.284085631,15.8395166,12,8.04716492,8.16461086,0,13.3381405,12.8816252,10.4582367,330,3073,0,0,0,,,,63
41970378,0.5,0.516778529,0.5,0,0.620512784,0.580219746,0.313410461,0.283981055,15.8576965,12,8.07730484,8.18361282,0,13.352437,12.4207296,10.7114372,330,3073,0,0,0,,,,63
41971539,0.5,0.487341762,0.5,0,0.620512784,0.652747214,0.313628525,0.283802301,15.8440609,12,8.02003956,8.15616512,0,13.352437,12.4207296,10.7114372,330,3062,0,0,0,,,,63
41972710,0.5,0.496453941,0.5,0,0.56410253,0.572161138,0.313522011,0.283889592,15.8622417,12,8.1164856,8.19417,0,13.3452892,12.879427,10.6955662,330,3062,0,0,0,,,,63
41974075,0.5,0.493421048,0.5,0,0.604395568,0.620512784,0.313204587,0.284150362,15.8576965,12,8.08936024,8.18361282,0,13.3452892,12.879427,10.6955662,330,3051,0,0,0,,,,63
41975241,0.5,0.49640286,0.5,0,0.556043923,0.56410253,0.312862337,0.28443262,15.8440609,12,8.07730484,8.17727947,0,13.3452892,12.4308004,10.9428587,330,3051,0,0,0,,,,63
41976402,0.5,0.496598601,0.5,0,0.588278353,0.596336961,0.312543392,0.284696728,15.8622417,12,8.09237385,8.18994713,0,13.352437,12.4308004,10.9428587,330,3051,0,0,0,,,,63
41977567,0.5,0.503067434,0.5,0,0.660805821,0.652747214,0.31235382,0.284854233,15.8440609,12,8.02305412,8.14772034,0,13.3452892,12.8821173,10.9254103,330,3034,0,0,0,,,,63
41978729,0.5,0.506578922,0.5,0,0.620512784,0.604395568,0.31240654,0.284810364,15.8531513,12,8.07127666,8.17939091,0,13.3381405,12.8821173,10.9254103,330,3034,0,0,0,,,,63
41979899,0.5,0.493750006,0.5,0,0.636629999,0.652747214,0.312511504,0.284723192,15.8486061,12,8.0562067,8.16461086,0,13.3452892,12.4377079,11.1686516,330,3035,0,0,0,,,,63
41981060,0.5,0.486842096,0.5,0,0.596336961,0.628571391,0.312286258,0.284910411,15.8440609,12,8.0562067,8.16461086,0,13.3309927,12.4377079,11.1686516,330,3035,0,0,0,,,,63
41982226,0.5,0.493421048,0.5,0,0.604395568,0.620512784,0.311766654,0.285344303,15.8622417,12,8.06524849,8.18572426,0,13.3452892,12.8863993,11.1486902,330,3035,0,0,0,,,,63
41983387,0.5,0.496855319,0.5,0,0.636629999,0.644688606,0.31127128,0.285760552,15.8486061,12,8.02606773,8.17094517,0,13.3452892,12.8863993,11.1486902,330,3026,0,0,0,,,,63
41984553,0.5,0.493243247,0.5,0,0.588278353,0.604395568,0.310861677,0.286106646,15.8486061,12,8.08031845,8.19205856,0,13.3452892,12.4434052,11.3885889,330,3026,0,0,0,,,,63
41985719,0.5,0.496894419,0.5,0,0.644688606,0.652747214,0.310480207,0.286430478,15.8531513,12,8.05319309,8.17727947,0,13.3452892,12.4434052,11.3885889,330,3014,0,0,0,,,,63
41986884,0.5,0.49032256,0.5,0,0.612454176,0.636629999,0.310074866,0.286776364,15.8395166,12,8.01099777,8.16461086,0,13.3452892,12.8911304,11.3658524,330,3014,0,0,0,,,,63
41988046,0.5,0.503268003,0.5,0,0.620512784,0.612454176,0.309721649,0.287079155,15.8531513,12,8.07730484,8.18994713,0,13.3381405,12.8911304,11.3658524,330,3014,0,0,0,,,,63
41989211,0.5,0.497041434,0.5,0,0.676923037,0.684981644,0.309534252,0.287240356,15.8486061,12,8.02606773,8.15827656,0,13.3452892,12.4485769,11.6027184,330,3003,0,0,0,,,,63
41990373,0.5,0.496894419,0.5,0,0.644688606,0.652747214,0.309379488,0.287373751,15.8304262,12,8.03812313,8.15405464,0,13.3381405,12.4485769,11.6027184,330,3003,0,0,0,,,,63
41991538,0.5,0.506250024,0.5,0,0.652747214,0.636629999,0.309306622,0.287436604,15.8531513,12,8.0562067,8.16883373,0,13.352437,12.895915,11.5771751,330,3003,0,0,0,,,,63
41992704,0.5,0.508875787,0.5,0,0.693040252,0.668864429,0.30950895,0.287262112,15.8486061,12,8.00497055,8.15194321,0,13.3452892,12.895915,11.5771751,330,3003,0,0,0,,,,63
41993870,0.5,0.517241418,0.5,0,0.604395568,0.56410253,0.310062736,0.286786735,15.8531513,12,8.06524849,8.18361282,0,13.3452892,12.4534645,11.8111734,330,3003,0,0,0,,,,63
41995235,0.5,0.512345672,0.5,0,0.668864429,0.636629999,0.31089592,0.286077619,15.8531513,12,8.05017948,8.1667223,0,13.352437,12.4534645,11.8111734,330,2989,0,0,0,,,,63
41996400,0.5,0.497005969,0.5,0,0.668864429,0.676923037,0.311598331,0.285485446,15.8440609,12,8.01099777,8.15194321,0,13.3452892,12.9006186,11.7828712,330,2989,0,0,0,,,,63
41997562,0.5,0.503311217,0.5,0,0.612454176,0.604395568,0.311957449,0.285184681,15.8440609,12,8.05922127,8.17727947,0,13.3381405,12.9006186,11.7828712,330,2985,0,0,0,,,,63
41998727,0.5,0.5,0.5,0,0.644688606,0.644688606,0.312154889,0.285019845,15.8486061,12,8.03510952,8.1667223,0,13.352437,12.4581547,12.0141182,330,2985,0,0,0,,,,63
41999893,0.5,0.505882382,0.5,0,0.693040252,0.676923037,0.312345892,0.28486082,15.8440609,12,7.99894238,8.1392746,0,13.3452892,12.4581547,12.0141182,330,2985,0,0,0,,,,63
42001059,0.5,0.5,0.5,0,0.652747214,0.652747214,0.312551469,0.284690052,15.8349714,12,8.0411377,8.15194321,0,13.3309927,12.9051981,11.9831305,330,2981,0,0,0,,,,63
42002220,0.5,0.497005969,0.5,0,0.668864429,0.676923037,0.312641174,0.284615636,15.8440609,12,8.00497055,8.15194321,0,13.3452892,12.9051981,11.9831305,330,2981,0,0,0,,,,63
42003385,0.5,0.491428554,0.5,0,0.693040252,0.717216074,0.312492758,0.284738749,15.8349714,12,7.9808588,8.13716316,0,13.3452892,12.4626818,12.2117214,330,2955,0,0,0,,,,63
42004547,0.5,0.496894419,0.5,0,0.644688606,0.652747214,0.312179863,0.284999043,15.8395166,12,8.03812313,8.16461086,0,13.3381405,12.4626818,12.2117214,330,2955,0,0,0,,,,63
42005717,0.5,0.497041434,0.5,0,0.676923037,0.684981644,0.311878711,0.285250515,15.8395166,12,7.99291468,8.15194321,0,13.3452892,12.9096403,12.1781273,330,2955,0,0,0,,,,63
42006878,0.5,0.494047612,0.5,0,0.668864429,0.684981644,0.311588347,0.285493791,15.8349714,12,7.98990059,8.14349747,0,13.3452892,12.9096403,12.1781273,330,2962,0,0,0,,,,63
42008044,0.5,0.503225803,0.5,0,0.628571391,0.620512784,0.311359257,0.285686463,15.8531513,12,8.05922127,8.1730566,0,13.3452892,12.4670591,12.404151,330,2962,0,0,0,,,,63
42009205,0.5,0.506024122,0.5,0,0.676923037,0.660805821,0.31137225,0.285675466,15.8440609,12,8.02908134,8.15405464,0,13.3452892,12.4670591,12.404151,330,2950,0,0,0,,,,63
42010371,0.5,0.493827164,0.5,0,0.644688606,0.660805821,0.311451554,0.285608768,15.8349714,12,8.01702595,8.1392746,0,13.3381405,12.9139442,12.3680325,330,2950,0,0,0,,,,63
42011532,0.5,0.5,0.5,0,0.660805821,0.660805821,0.311392456,0.285658509,15.8531513,12,8.03812313,8.16883373,0,13.3452892,12.9139442,12.3680325,330,2950,0,0,0,,,,63
42012702,0.5,0.502824903,0.5,0,0.717216074,0.709157467,0.311358184,0.285687357,15.8440609,12,7.99592876,8.13716316,0,13.3452892,12.4712973,12.5915699,330,2929,0,0,0,,,,63
42013864,0.5,0.503067434,0.5,0,0.660805821,0.652747214,0.311451286,0.285608977,15.8349714,12,8.02908134,8.14138603,0,13.3381405,12.4712973,12.5915699,330,2929,0,0,0,,,,63
42015029,0.5,0.5,0.5,0,0.652747214,0.652747214,0.311576426,0.285503834,15.8486061,12,8.03510952,8.1667223,0,13.3452892,12.9181128,12.5530062,330,2938,0,0,0,,,,63
42016395,0.5,0.487951815,0.5,0,0.652747214,0.684981644,0.31148687,0.285579085,15.8486061,12,8.02003956,8.14983177,0,13.3452892,12.9181128,12.5530062,330,2938,0,0,0,,,,63
42017560,0.5,0.496894419,0.5,0,0.644688606,0.652747214,0.31114471,0.285867304,15.8349714,12,8.02908134,8.15616512,0,13.3381405,12.475399,12.7741375,330,2938,0,0,0,,,,63
42018726,0.5,0.503144622,0.5,0,0.644688606,0.636629999,0.310888529,0.286083877,15.8531513,12,8.0411377,8.1667223,0,13.3452892,12.475399,12.7741375,330,2912,0,0,0,,,,63
42019891,0.5,0.494117647,0.5,0,0.676923037,0.693040252,0.310753375,0.286198407,15.8440609,12,7.99291468,8.15827656,0,13.3381405,12.9221497,12.7332058,330,2912,0,0,0,,,,63
42021053,0.5,0.503225803,0.5,0,0.628571391,0.620512784,0.310635209,0.286298722,15.8349714,12,8.02606773,8.16249943,0,13.3309927,12.9221497,12.7332058,330,2898,0,0,0,,,,63
42022218,0.5,0.50310564,0.5,0,0.652747214,0.644688606,0.310652226,0.286284268,15.8440609,12,8.02003956,8.1667223,0,13.3452892,12.4793711,12.9520073,330,2898,0,0,0,,,,63
42023380,0.5,0.5,0.5,0,0.709157467,0.709157467,0.310754269,0.286197633,15.8395166,12,7.96578932,8.1392746,0,13.3452892,12.4793711,12.9520073,330,2898,0,0,0,,,,63
42024546,0.5,0.512499988,0.5,0,0.660805821,0.628571391,0.310985774,0.286001563,15.8349714,12,8.00195694,8.15616512,0,13.3381405,12.9260588,12.908782,330,2902,0,0,0,,,,63
42025712,0.5,0.506172836,0.5,0,0.660805821,0.644688606,0.3114371,0.285620958,15.8486061,12,8.02908134,8.1667223,0,13.3452892,12.9260588,12.908782,330,2902,0,0,0,,,,63
42026877,0.5,0.494252861,0.5,0,0.693040252,0.709157467,0.311776102,0.285336375,15.8395166,12,7.97784519,8.1392746,0,13.3452892,12.4832163,13.1253281,330,2876,0,0,0,,,,63
42028039,0.5,0.515923619,0.5,0,0.652747214,0.612454176,0.312048674,0.285108477,15.8486061,12,8.05319309,8.17727947,0,13.3381405,12.4832163,13.1253281,330,2876,0,0,0,,,,63
42029204,0.5,0.502994001,0.5,0,0.676923037,0.668864429,0.312508434,0.284725755,15.8531513,12,8.02003956,8.16249943,0,13.3381405,12.9298439,13.0798826,330,2865,0,0,0,,,,63
42030366,0.5,0.505952358,0.5,0,0.684981644,0.668864429,0.312971234,0.284342676,15.8349714,12,7.99894238,8.1392746,0,13.3452892,12.9298439,13.0798826,330,2865,0,0,0,,,,63
42031536,0.5,0.503311217,0.5,0,0.612454176,0.604395568,0.313354015,0.284027457,15.8531513,12,8.06826305,8.17516804,0,13.3381405,12.4869404,13.2942438,330,2865,0,0,0,,,,63
42032697,0.5,0.497076005,0.5,0,0.684981644,0.693040252,0.313593924,0.283830613,15.8440609,12,8.02003956,8.1456089,0,13.3381405,12.4869404,13.2942438,330,2863,0,0,0,,,,63
42033862,0.5,0.488235295,0.5,0,0.668864429,0.701098859,0.313490033,0.283915758,15.8304262,12,7.9808588,8.13505173,0,13.3381405,12.9335089,13.2466488,330,2863,0,0,0,,,,63
42035024,0.5,0.508875787,0.5,0,0.693040252,0.668864429,0.313286811,0.284082651,15.8486061,12,8.02003956,8.16038799,0,13.3381405,12.9335089,13.2466488,330,2858,0,0,0,,,,63
42036189,0.5,0.505747139,0.5,0,0.709157467,0.693040252,0.31338957,0.283998191,15.8440609,12,7.99894238,8.16038799,0,13.3381405,12.4905462,13.4588947,330,2858,0,0,0,,,,63
42037554,0.5,0.491124272,0.5,0,0.668864429,0.693040252,0.313509226,0.283900082,15.8349714,12,7.99291468,8.13716316,0,13.3381405,12.4905462,13.4588947,330,2858,0,0,0,,,,63
42038725,0.5,0.49032256,0.5,0,0.612454176,0.636629999,0.313266933,0.284099042,15.8486061,12,8.06223488,8.17516804,0,13.3381405,12.9370575,13.4092178,330,2868,0,0,0,,,,63
42039886,0.5,0.5,0.5,0,0.660805821,0.660805821,0.312886059,0.28441301,15.8486061,12,8.03510952,8.16249943,0,13.3452892,12.9370575,13.4092178,330,2868,0,0,0,,,,63
42041052,0.5,0.5,0.5,0,0.652747214,0.652747214,0.312660336,0.284599751,15.8349714,12,7.98688698,8.14349747,0,13.3381405,12.4940367,13.6194162,330,2841,0,0,0,,,,63
42042213,0.5,0.493421048,0.5,0,0.604395568,0.620512784,0.312479138,0.284750104,15.8486061,12,8.04716492,8.17727947,0,13.3452892,12.4940367,13.6194162,330,2841,0,0,0,,,,63
42043378,0.5,0.502923965,0.5,0,0.693040252,0.684981644,0.312297493,0.284901083,15.8440609,12,7.99894238,8.14983177,0,13.3381405,12.9404936,13.5677242,330,2838,0,0,0,,,,63
42044540,0.5,0.497041434,0.5,0,0.676923037,0.684981644,0.312196553,0.284985125,15.825881,12,7.96578932,8.13505173,0,13.3381405,12.9404936,13.5677242,330,2838,0,0,0,,,,63
42045710,0.5,0.509202421,0.5,0,0.668864429,0.644688606,0.312240362,0.284948617,15.8440609,12,8.02606773,8.15616512,0,13.3452892,12.4974174,13.775939,330,2838,0,0,0,,,,63
42046871,0.5,0.502824903,0.5,0,0.717216074,0.709157467,0.312473565,0.284754723,15.8395166,12,7.97181749,8.13716316,0,13.3452892,12.4974174,13.775939,330,2834,0,0,0,,,,63
42048037,0.5,0.5,0.5,0,0.684981644,0.684981644,0.312704355,0.284563303,15.8304262,12,8.00497055,8.13505173,0,13.3381405,12.943821,13.7222948,330,2834,0,0,0,,,,63
42049198,0.5,0.512345672,0.5,0,0.668864429,0.636629999,0.31298551,0.284330904,15.8440609,12,8.03209591,8.16461086,0,13.3452892,12.943821,13.7222948,330,2830,0,0,0,,,,63
42050363,0.5,0.493975908,0.5,0,0.660805821,0.676923037,0.313292831,0.284077734,15.8440609,12,8.03510952,8.15827656,0,13.3452892,12.5006914,13.9285898,330,2830,0,0,0,,,,63
42051529,0.5,0.487951815,0.5,0,0.652747214,0.684981644,0.313216716,0.284140319,15.8349714,12,8.01099777,8.1456089,0,13.3452892,12.5006914,13.9285898,330,2830,0,0,0,,,,63
42052695,0.5,0.506329119,0.5,0,0.644688606,0.628571391,0.312955111,0.284355968,15.8486061,12,8.04716492,8.17094517,0,13.3381405,12.9470434,13.8730555,330,2830,0,0,0,,,,63
42053856,0.5,0.491329491,0.5,0,0.684981644,0.709157467,0.312781721,0.284499258,15.8349714,12,7.98688698,8.14138603,0,13.3452892,12.9470434,13.8730555,330,2830,0,0,0,,,,63
42055022,0.5,0.502762437,0.5,0,0.73333329,0.725274682,0.312608719,0.284642547,15.825881,12,7.93565035,8.12449551,0,13.3381405,12.5038605,14.0774918,330,2824,0,0,0,,,,63
42056183,0.5,0.503067434,0.5,0,0.660805821,0.652747214,0.312568188,0.284676164,15.8349714,12,7.99592876,8.1456089,0,13.3381405,12.5038605,14.0774918,330,2824,0,0,0,,,,63
42057349,0.5,0.5,0.5,0,0.725274682,0.725274682,0.312645406,0.284612179,15.8395166,12,7.9748311,8.14349747,0,13.3452892,12.9501629,14.0201273,330,2824,0,0,0,,,,63
42058719,0.5,0.49444443,0.5,0,0.717216074,0.73333329,0.312621206,0.284632206,15.8349714,12,7.94167805,8.12871838,0,13.3381405,12.9501629,14.0201273,330,2821,0,0,0,,,,63
42059884,0.5,0.512345672,0.5,0,0.668864429,0.636629999,0.312657416,0.284602195,15.8304262,12,8.00798416,8.15616512,0,13.3381405,12.5069304,14.2227631,330,2821,0,0,0,,,,63
42061046,0.5,0.50909096,0.5,0,0.676923037,0.652747214,0.313026786,0.284296811,15.8440609,12,8.01401234,8.16461086,0,13.3452892,12.5069304,14.2227631,330,2806,0,0,0,,,,63
42062211,0.5,0.505617976,0.5,0,0.725274682,0.709157467,0.313554198,0.283863157,15.8440609,12,7.97181749,8.13716316,0,13.3381405,12.9531841,14.1636257,330,2806,0,0,0,,,,63
42063372,0.5,0.509554148,0.5,0,0.644688606,0.620512784,0.314091772,0.28342402,15.8349714,12,8.02606773,8.14983177,0,13.3381405,12.9531841,14.1636257,330,2803,0,0,0,,,,63
42064543,0.5,0.514792919,0.5,0,0.701098859,0.660805821,0.314774215,0.28287065,15.8440609,12,8.00798416,8.1456089,0,13.3381405,12.509902,14.3645182,330,2803,0,0,0,,,,63
42065704,0.5,0.50555557,0.5,0,0.73333329,0.717216074,0.315538526,0.282256275,15.8440609,12,7.95976162,8.12238407,0,13.3452892,12.509902,14.3645182,330,2803,0,0,0,,,,63
42066870,0.5,0.488235295,0.5,0,0.668864429,0.701098859,0.315928161,0.281945199,15.8304262,12,7.97784519,8.12238407,0,13.3309927,12.956109,14.3036661,330,2793,0,0,0,,,,63
42068031,0.5,0.5,0.5,0,0.676923037,0.676923037,0.315864414,0.281995982,15.8486061,12,8.02908134,8.14983177,0,13.3452892,12.956109,14.3036661,330,2793,0,0,0,,,,63
42069196,0.5,0.494382024,0.5,0,0.709157467,0.725274682,0.315669656,0.282151401,15.8395166,12,7.97181749,8.12660694,0,13.3452892,12.5127792,14.5028696,330,2792,0,0,0,,,,63
42070358,0.5,0.485029906,0.5,0,0.652747214,0.693040252,0.315261543,0.282478243,15.8304262,12,7.98387289,8.13505173,0,13.3381405,12.5127792,14.5028696,330,2792,0,0,0,,,,63
42071528,0.5,0.5030303,0.5,0,0.668864429,0.660805821,0.314754665,0.282886416,15.8349714,12,8.02305412,8.15827656,0,13.3381405,12.9589424,14.4403553,330,2780,0,0,0,,,,63
42072689,0.5,0.505813956,0.5,0,0.701098859,0.684981644,0.314580679,0.283027112,15.8440609,12,7.99291468,8.14138603,0,13.3452892,12.9589424,14.4403553,330,2780,0,0,0,,,,63
42073855,0.5,0.491228044,0.5,0,0.676923037,0.701098859,0.314545155,0.283055842,15.825881,12,7.96578932,8.13294029,0,13.3381405,12.5155659,14.6379251,330,2780,0,0,0,,,,63
42075016,0.5,0.496932507,0.5,0,0.652747214,0.660805821,0.314332843,0.28322801,15.8349714,12,8.01099777,8.14772034,0,13.3381405,12.5155659,14.6379251,330,2776,0,0,0,,,,63
42076181,0.5,0.5,0.5,0,0.717216074,0.717216074,0.314108342,0.283410549,15.8440609,12,7.9748311,8.14138603,0,13.352437,12.9616852,14.573802,330,2776,0,0,0,,,,63
42077348,0.5,0.508287311,0.5,0,0.741391897,0.717216074,0.314111561,0.283407927,15.8304262,12,7.93866396,8.12238407,0,13.3381405,12.9616852,14.573802,330,2769,0,0,0,,,,63
42078513,0.5,0.506097555,0.5,0,0.668864429,0.652747214,0.31438005,0.283189684,15.8304262,12,8.00798416,8.14349747,0,13.3381405,12.5182648,14.7697887,330,2769,0,0,0,,,,63
42079878,0.5,0.497005969,0.5,0,0.668864429,0.676923037,0.314648688,0.282972068,15.8395166,12,8.01702595,8.15405464,0,13.3381405,12.5182648,14.7697887,330,2772,0,0,0,,,,63
42081044,0.5,0.502793252,0.5,0,0.725274682,0.717216074,0.314775348,0.282869697,15.8440609,12,7.96880341,8.13505173,0,13.3452892,12.9643412,14.7041073,330,2772,0,0,0,,,,63
42082205,0.5,0.508571386,0.5,0,0.717216074,0.693040252,0.314985216,0.282700419,15.8304262,12,7.9748311,8.13082886,0,13.3381405,12.9643412,14.7041073,330,2772,0,0,0,,,,63
42083370,0.5,0.508982003,0.5,0,0.684981644,0.660805821,0.315412641,0.282357037,15.8440609,12,8.02305412,8.15194321,0,13.3381405,12.5208778,14.8985615,330,2754,0,0,0,,,,63
42084536,0.5,0.5,0.5,0,0.701098859,0.701098859,0.315855294,0.282003224,15.8395166,12,7.98688698,8.13294029,0,13.3452892,12.5208778,14.8985615,330,2754,0,0,0,,,,63
42085702,0.5,0.5,0.5,0,0.757509112,0.757509112,0.316105455,0.281804144,15.8304262,12,7.93263626,8.10549259,0,13.3381405,12.9669132,14.8313713,330,2743,0,0,0,,,,63
42086863,0.5,0.494117647,0.5,0,0.676923037,0.693040252,0.316125065,0.281788558,15.825881,12,7.97181749,8.12871838,0,13.3309927,12.9669132,14.8313713,330,2743,0,0,0,,,,63
42088029,0.5,0.497237593,0.5,0,0.725274682,0.73333329,0.315964669,0.281916142,15.8531513,12,7.97784519,8.13716316,0,13.3452892,12.5234079,15.0243406,330,2738,0,0,0,,,,63
42089190,0.5,0.492063522,0.5,0,0.749450505,0.773626328,0.315679967,0.282143146,15.8304262,12,7.92359447,8.1118269,0,13.3381405,12.5234079,15.0243406,330,2738,0,0,0,,,,63
42090360,0.5,0.481927723,0.5,0,0.644688606,0.693040252,0.315115005,0.282595992,15.825881,12,7.98387289,8.1392746,0,13.3309927,12.9694042,14.9556894,330,2738,0,0,0,,,,63
42091521,0.5,0.497076005,0.5,0,0.684981644,0.693040252,0.314377844,0.283191502,15.8440609,12,8.01401234,8.15405464,0,13.3381405,12.9694042,14.9556894,330,2729,0,0,0,,,,63
42092687,0.5,0.494318187,0.5,0,0.701098859,0.717216074,0.313795239,0.283665925,15.8395166,12,7.97181749,8.14138603,0,13.3452892,12.5258579,15.1472216,330,2729,0,0,0,,,,63
42093848,0.5,0.493975908,0.5,0.737763047,0.660805821,0.676923037,0.313330293,0.284046948,15.825881,12,7.98990059,8.1392746,0,13.3381405,12.5258579,15.1472216,332,3399,0,0,0,,,,63
42095014,0.5,0.496932507,0.5,0.737763047,0.652747214,0.660805821,0.312917262,0.284387201,15.8395166,11.7141209,8.01702595,8.16038799,0,13.3381405,11.7141209,14.9094591,332,3399,0,0,0,,,,63
42096176,0.5,0.505617976,0.5,0.737763047,0.725274682,0.709157467,0.312712461,0.284556568,15.8395166,11.7141209,7.94167805,8.12660694,0,13.3452892,11.7141209,14.9094591,332,3887,0,0,0,,,,63
42097346,0.5,0.494318187,0.5,0.741740584,0.701098859,0.717216074,0.312651694,0.284606934,15.8304262,10.3841848,7.94167805,8.12027264,0,13.3381405,10.3841848,14.6677189,332,3887,0,0,0,,,,63
42098508,0.5,0.5,0.5,0.741740584,0.668864429,0.668864429,0.312544525,0.284695774,15.8395166,10.3841848,8.01401234,8.15405464,0,13.3381405,10.3841848,14.6677189,333,4277,0,0,0,,,,63
42099878,0.5,0.506493509,0.5,0.739129782,0.628571391,0.612454176,0.312542737,0.284697294,15.8622417,8.12900448,8.08031845,8.18994713,0,13.352437,8.12900448,14.4285898,334,4277,0,0,0,,,,63
42101040,0.5,0.513333321,0.5,0.739129782,0.620512784,0.588278353,0.31287092,0.284425497,15.8576965,8.12900448,8.06826305,8.18361282,0,13.352437,8.12900448,14.4285898,334,4277,0,0,0,,,,63
42102206,0.5,0.491803288,0.5,0.738582492,0.483516455,0.49963367,0.313236475,0.284124076,15.866787,5.51246548,8.15867996,8.22584057,0,13.352437,5.51246548,14.1900082,334,4547,0,0,0,,,,63
42103367,0.5,0.517543852,0.5,0.738582492,0.475457847,0.443223417,0.313546985,0.283869058,15.8804216,5.51246548,8.21895885,8.26173306,0,13.3667326,5.51246548,14.1900082,334,4547,0,0,0,,,,63
42104538,0.5,0.520833313,0.5,0.738582492,0.402930379,0.370695949,0.314284325,0.283267409,15.8986015,2.86809802,8.30033493,8.28495789,0,13.3738813,2.86809802,13.9514256,334,4547,0,1,0,,,,63
42105700,0.5,0.476190478,0.5,0.738582492,0.322344303,0.354578733,0.314866751,0.282795936,15.8895121,2.86809802,8.2671814,8.30607224,0,13.3738813,2.86809802,13.9514256,334,4547,0,1,0,,,,63
42106866,0.5,0.509803951,0.5,0.738582492,0.209523797,0.201465189,0.314863741,0.28279838,15.9167824,0.378957808,8.3937664,8.37152386,0,13.3881769,0.378957808,13.7128439,334,4747,0,1,0,,,,63
42108027,0.5,0.529411793,0.5,0.738582492,0.217582405,0.193406582,0.315301001,0.282446563,15.9258718,0.378957808,8.42691898,8.37363529,0,13.3953247,0.378957808,13.7128439,334,4747,0,1,0,,,,63
42109193,0.5,0.545454562,0.5,0.738582492,0.0967032909,0.0805860758,0.316869646,0.281199545,15.9258718,-1.86483026,8.49623966,8.41375065,0,13.3881769,-1.86483026,13.4742622,334,4747,0,1,0,,,,63
42110359,0.5,0.666666687,0.5,0.738582492,0.0967032909,0.0483516455,0.321161687,0.277903706,15.9349623,-1.86483026,8.53843403,8.42008495,0,13.3953247,-1.86483026,13.4742622,335,4747,0,2,0,,,,63
42111490,0.5,0.625,0.5,0.738582492,0.0402930379,0.0241758227,0.321161687,0.277903706,15.9349623,-3.8306179,8.63487911,8.45386696,0,13.3953247,-3.8306179,13.2356806,335,4747,0,2,0,,,,63
42112617,0.5,0,0.5,0.374279797,0,0,0.321161687,0.277903706,15.9349623,-3.8306179,8.60474014,8.47920322,0,13.4024725,-3.8306179,13.2356806,335,6226,0,2,0,,,,63
42113749,0.5,0,0.5,0.374279797,0,0,0.321161687,0.277903706,15.9440527,-4.89900398,8.60775471,8.47709179,0,13.4024725,-4.89900398,13.3614016,335,6226,0,2,0,,,,63
42114876,0.5,0,0.5,0.374279797,0,0,0.321161687,0.277903706,15.9395075,-4.89900398,8.60474014,8.46864605,0,13.4310646,-4.89900398,13.3614016,336,6226,0,3,0,,,,63
42116008,0.5,0,0.5,0.374279797,0,0,0.321161687,0.277903706,15.9167824,-4.42189646,8.60172653,8.46653461,0,13.4668045,-4.42189646,13.4871225,337,6226,0,3,0,,,,63
42117140,0.5,0,0.5,0.374279797,0,0,0.321161687,0.277903706,15.9531422,-4.42189646,8.59268475,8.46653461,0,13.5168409,-4.42189646,13.4871225,337,6226,0,3,0,,,,63
42118271,0.5,0,0.5,0.499695987,0,0,0.321161687,0.277903706,15.9258718,-2.97591519,8.58665657,8.46653461,0,13.5382843,-2.97591519,13.4874268,337,5997,0,3,0,,,,63
42119398,0.5,0,0.5,0.499695987,0,0,0.321161687,0.277903706,15.9258718,-2.97591519,8.58364296,8.46653461,0,13.5668764,-2.97591519,13.4874268,337,5997,0,3,0,,,,63
42120530,0.5,0,0.5,0.499695987,0,0,0.321161687,0.277903706,15.9440527,-1.43226576,8.57158756,8.46653461,0,13.5740242,-1.43226576,13.4877319,338,5997,0,4,0,,,,63
42121861,0.5,0,0.5,0.499695987,0,0,0.321161687,0.277903706,15.9395075,-1.43226576,8.57158756,8.46442318,0,13.5740242,-1.43226576,13.4877319,339,5997,0,4,0,,,,63
42122997,0.5,0,0.5,0.499695987,0,0,0.321161687,0.277903706,15.9304171,-0.0659313053,8.56254578,8.46442318,0,13.5668764,-0.0659313053,13.4880362,340,5391,1,4,0,,,,63
42124125,0.5,0,0.5,0.898507535,0,0,0.321161687,0.277903706,15.9213276,-0.0659313053,8.56555939,8.46442318,0,13.5668764,-0.0659313053,13.4880362,341,5391,1,4,0,,,,63
42125256,0.5,0,0.5,0.898507535,0,0,0.321161687,0.277903706,15.9304171,0.425948352,8.58062935,8.46442318,0,13.5597286,0.425948352,13.089529,342,5391,1,5,0,,,,63
42126383,0.5,0,0.5,0.898507535,0,0,0.321161687,0.277903706,15.9485979,0.425948352,8.57158756,8.46442318,0,13.5811729,0.425948352,13.089529,343,5391,1,5,0,,,,63
42127515,0.5,0,0.5,0.898507535,0,0,0.321161687,0.277903706,15.9395075,-0.686137319,8.58665657,8.46442318,0,13.6240606,-0.686137319,12.6910219,343,5391,1,5,0,,,,63
42128642,0.5,0,0.5,1.27674329,0,0,0.321161687,0.277903706,15.9213276,-0.686137319,8.58665657,8.46231174,0,13.6740961,-0.686137319,12.6910219,345,4713,2,5,0,,,,63
42129778,0.5,0,0.5,1.27674329,0,0,0.321161687,0.277903706,15.9531422,-3.66745043,8.58364296,8.46231174,0,13.709836,-3.66745043,11.914279,345,4713,2,5,0,,,,63
42130905,0.5,0,0.5,1.27674329,0,0,0.321161687,0.277903706,15.9122372,-3.66745043,8.58364296,8.45808983,0,13.7241325,-3.66745043,11.914279,346,4713,2,6,0,,,,63
42132037,0.5,0,0.5,1.27674329,0,0,0.321161687,0.277903706,15.9258718,-8.52536869,8.58364296,8.46231174,0,13.7241325,-8.52536869,11.137537,347,4713,2,6,0,,,,63
42133164,0.5,0,0.5,1.27674329,0,0,0.321161687,0.277903706,15.907692,-8.52536869,8.58364296,8.46020031,0,13.7813158,-8.52536869,11.137537,347,4713,2,6,0,,,,63
42134295,0.5,0,0.5,1.47771204,0,0,0.321161687,0.277903706,15.9258718,-12,8.58364296,8.46231174,0,13.8742399,-14.8421879,11.8270512,349,4215,3,6,0,,,,63
42135428,0.5,0,0.5,1.47771204,0,0,0.321161687,0.277903706,15.9395075,-12,8.58665657,8.45386696,0,13.9814596,-14.8421879,11.8270512,349,4215,3,6,0,,,,63
42136559,0.5,0,0.5,1.47771204,0,0,0.321161687,0.277903706,15.9395075,-12,8.58665657,8.45808983,0,14.0958271,-13.3721275,11.6542292,351,3848,3,6,0,,,,63
42137687,0.5,0,0.5,1.45960224,0,0,0.321161687,0.277903706,15.9258718,-12,8.58364296,8.46231174,0,14.195899,-13.3721275,11.6542292,351,3848,3,6,0,,,,63
42138818,0.5,0,0.5,1.45960224,0,0,0.321161687,0.277903706,15.9395075,-12,8.58364296,8.46020031,0,14.3031187,-12.2946091,10.867445,351,4242,3,6,0,,,,63
42139945,0.5,0,0.5,0.97682035,0,0,0.321161687,0.277903706,15.9485979,-12,8.57761478,8.46020031,0,14.3817472,-12.2946091,10.867445,351,4242,3,6,0,,,,63
42141077,0.5,0,0.5,0.97682035,0,0,0.321161687,0.277903706,15.9349623,-12,8.58364296,8.45175552,0,14.4818182,-14.0015574,11.5647373,351,4242,3,6,0,,,,63
42142413,0.5,0,0.5,0.97682035,0,0,0.321161687,0.277903706,15.9304171,-12,8.58364296,8.46020031,0,14.6033344,-14.0015574,11.5647373,351,3865,3,6,0,,,,63
42143544,0.5,0,0.5,0.97682035,0,0,0.321161687,0.277903706,15.9349623,-10.6090441,8.58364296,8.45808983,0,14.746294,-10.6090441,11.0879173,351,3865,3,6,0,,,,63
42144671,0.5,0,0.5,0.97682035,0,0,0.321161687,0.277903706,15.9304171,-10.6090441,8.58364296,8.46020031,0,14.8535137,-10.6090441,11.0879173,351,3591,3,6,0,,,,63
42145803,0.5,0,0.5,0.97682035,0,0,0.321161687,0.277903706,15.9122372,-10.2462816,8.58364296,8.45808983,0,14.9535856,-10.2462816,10.6110973,351,3591,3,6,0,,,,63
42146930,0.5,0,0.5,0.97682035,0,0,0.321161687,0.277903706,15.9258718,-10.2462816,8.58665657,8.46020031,0,15.0250654,-10.2462816,10.6110973,351,3591,3,6,0,,,,63
42148061,0.5,0,0.5,0.97682035,0,0,0.321161687,0.277903706,15.9531422,-11.6643658,8.58364296,8.45597839,0,15.0536575,-11.6643658,10.1342783,351,3373,3,6,0,,,,63
42149193,0.5,0,0.5,0.97682035,0,0,0.321161687,0.277903706,15.9395075,-11.6643658,8.57158756,8.45808983,0,15.1179895,-11.6643658,10.1342783,351,3373,3,6,0,,,,63
42150324,0.5,0,0.5,0.97682035,0,0,0.321161687,0.277903706,15.9304171,-12,8.58364296,8.45597839,0,15.1465816,-13.9905577,10.8251171,351,3230,3,6,0,,,,63
42151451,0.5,0,0.5,0.97682035,0,0,0.321161687,0.277903706,15.9304171,-12,8.58364296,8.45808983,0,15.168025,-13.9905577,10.8251171,351,3230,3,6,0,,,,63
42152582,0.5,0,0.5,0.97682035,0,0,0.321161687,0.277903706,15.9258718,-10.5646582,8.58665657,8.45808983,0,15.2252092,-10.5646582,10.3482981,351,3230,3,6,0,,,,63
42153709,0.5,0,0.5,0.97682035,0,0,0.321161687,0.277903706,15.9531422,-10.5646582,8.58062935,8.45808983,0,15.2680969,-10.5646582,10.3482981,351,3129,3,6,0,,,,63
42154845,0.5,0,0.5,0.97682035,0,0,0.321161687,0.277903706,15.9440527,-10.247077,8.58665657,8.45386696,0,15.3038368,-10.247077,9.87147808,351,3129,3,6,0,,,,63
42155973,0.5,0,0.5,0.97682035,0,0,0.321161687,0.277903706,15.9213276,-10.247077,8.58665657,8.45386696,0,15.3467245,-10.247077,9.87147808,351,3051,3,6,0,,,,63
42157104,0.5,0,0.5,0.97682035,0,0,0.321161687,0.277903706,15.9349623,-11.7469416,8.58665657,8.45808983,0,15.3753166,-11.7469416,9.39465809,351,3051,3,6,0,,,,63
42158231,0.5,0,0.5,0.97682035,0,0,0.321161687,0.277903706,15.9440527,-11.7469416,8.56555939,8.45808983,0,15.3896132,-11.7469416,9.39465809,351,3051,3,6,0,,,,63
42159362,0.5,0,0.5,0.97682035,0,0,0.321161687,0.277903706,15.9395075,-12,8.58967113,8.45597839,0,15.3967609,-14.1688452,10.1900816,351,2995,3,6,0,,,,63
42160489,0.5,0,0.5,0.97682035,0,0,0.321161687,0.277903706,15.9304171,-12,8.58665657,8.46020031,0,15.3896132,-14.1688452,10.1900816,351,2995,3,6,0,,,,63
42161626,0.5,0,0.5,0.97682035,0,0,0.321161687,0.277903706,15.9258718,-10.2908487,8.58364296,8.45808983,0,15.3824644,-10.2908487,9.7132616,351,2947,3,6,0,,,,63
42162957,0.5,0,0.5,0.97682035,0,0,0.321161687,0.277903706,15.9440527,-10.2908487,8.58364296,8.45386696,0,15.3753166,-10.2908487,9.7132616,351,2947,3,6,0,,,,63
42164088,0.5,0,0.5,0.97682035,0,0,0.321161687,0.277903706,15.9349623,-9.78850269,8.58364296,8.45597839,0,15.3824644,-9.78850269,9.23644161,351,2927,3,6,0,,,,63
42165215,0.5,0,0.5,0.97682035,0,0,0.321161687,0.277903706,15.9122372,-9.78850269,8.58364296,8.45808983,0,15.3824644,-9.78850269,9.23644161,351,2927,3,6,0,,,,63
42166346,0.5,0,0.5,0.97682035,0,0,0.321161687,0.277903706,15.9395075,-11.2680693,8.58665657,8.45597839,0,15.3753166,-11.2680693,8.75962162,351,2927,3,6,0,,,,63
42167478,0.5,0,0.5,0.97682035,0,0,0.321161687,0.277903706,15.9440527,-11.2680693,8.59268475,8.45597839,0,15.3681688,-11.2680693,8.75962162,351,2912,3,6,0,,,,63
42168609,0.5,0,0.5,0.97682035,0,0,0.321161687,0.277903706,15.9304171,-12,8.58665657,8.45386696,0,15.3538733,-13.7609215,9.3157568,351,2912,3,6,0,,,,63
42169736,0.5,0,0.5,0.97682035,0,0,0.321161687,0.277903706,15.9213276,-12,8.58364296,8.45808983,0,15.3252811,-13.7609215,9.3157568,351,2900,3,6,0,,,,63
42170867,0.5,0,0.5,0.97682035,0,0,0.321161687,0.277903706,15.9304171,-11.254282,8.58364296,8.45808983,0,15.3038368,-11.254282,8.83893681,351,2900,3,6,0,,,,63
42171994,0.5,0,0.5,0.97682035,0,0,0.321161687,0.277903706,15.9531422,-11.254282,8.58665657,8.45808983,0,15.2609491,-11.254282,8.83893681,351,2900,3,6,0,,,,63
42173126,0.5,0,0.5,0.97682035,0,0,0.321161687,0.277903706,15.9395075,-11.5133314,8.58364296,8.45597839,0,15.2252092,-11.5133314,8.36211681,351,2908,3,6,0,,,,63
42174258,0.5,0,0.5,0.97682035,0,0,0.321161687,0.277903706,15.9213276,-11.5133314,8.58364296,8.45597839,0,15.1894693,-11.5133314,8.36211681,351,2908,3,6,0,,,,63
42175389,0.5,0,0.5,0.97682035,0,0,0.321161687,0.277903706,15.9213276,-12,8.58665657,8.45597839,0,15.1465816,-13.354414,8.67979622,351,2908,3,6,0,,,,63
42176516,0.5,0,0.5,0.97682035,0,0,0.321161687,0.277903706,15.9258718,-12,8.58364296,8.45597839,0,15.1179895,-13.354414,8.67979622,351,2907,3,6,0,,,,63
42177647,0.5,0,0.5,0.97682035,0,0,0.321161687,0.277903706,15.9485979,-11.796917,8.56555939,8.45597839,0,15.0679531,-11.796917,8.20297623,351,2907,3,6,0,,,,63
42178775,0.5,0,0.5,0.97682035,0,0,0.321161687,0.277903706,15.9213276,-11.796917,8.58364296,8.45808983,0,15.0107698,-11.796917,8.20297623,351,2918,3,6,0,,,,63
42179911,0.5,0,0.5,0.97682035,0,0,0.321161687,0.277903706,15.9531422,-12,8.56254578,8.45597839,0,14.93929,-12.5947647,8.07504463,351,2918,3,6,0,,,,63
42181038,0.5,0,0.5,0.97682035,0,0,0.321161687,0.277903706,15.9395075,-12,8.58665657,8.44964409,0,14.8678102,-12.5947647,8.07504463,351,2918,3,6,0,,,,63
42182169,0.5,0,0.5,0.97682035,0,0,0.321161687,0.277903706,15.9167824,-12,8.58364296,8.45175552,0,14.810626,-12.8714972,8.10944462,351,2920,3,6,0,,,,63
42183296,0.5,0,0.5,0.97682035,0,0,0.321161687,0.277903706,15.9213276,-12,8.58665657,8.45597839,0,14.7391462,-12.8714972,8.10944462,351,2920,3,6,0,,,,63
42184631,0.5,0,0.5,0.97682035,0,0,0.321161687,0.277903706,15.9485979,-11.9818192,8.58665657,8.45597839,0,14.6462221,-11.9818192,7.63262463,351,2928,3,6,0,,,,63
42185758,0.5,0,0.5,0.97682035,0,0,0.321161687,0.277903706,15.9304171,-11.9818192,8.58364296,8.45597839,0,14.5461502,-11.9818192,7.63262463,351,2928,3,6,0,,,,63
42186894,0.5,0,0.5,0.97682035,0,0,0.321161687,0.277903706,15.9349623,-12,8.58967113,8.45386696,0,14.453227,-13.1885166,7.85298729,351,2928,3,6,0,,,,63
42188021,0.5,0,0.5,0.97682035,0,0,0.321161687,0.277903706,15.9167824,-12,8.58665657,8.45386696,0,14.3460073,-13.1885166,7.85298729,351,2935,3,6,0,,,,63
42189152,0.5,0,0.5,0.97682035,0,0,0.321161687,0.277903706,15.9440527,-11.8615131,8.57761478,8.45386696,0,14.2387867,-11.8615131,7.3761673,351,2935,3,6,0,,,,63
42190279,0.5,0,0.5,0.97682035,0,0,0.321161687,0.277903706,15.9485979,-11.8615131,8.58364296,8.45597839,0,14.131567,-11.8615131,7.3761673,351,2942,3,6,0,,,,63
42191410,0.5,0,0.5,0.97682035,0,0,0.321161687,0.277903706,15.9395075,-12,8.58665657,8.45597839,0,14.0171995,-12.8458443,7.39551926,351,2942,3,6,0,,,,63
42192537,0.5,0,0.5,0.97682035,0,0,0.321161687,0.277903706,15.9395075,-12,8.57158756,8.45386696,0,13.902832,-12.8458443,7.39551926,351,2942,3,6,0,,,,63
42193674,0.5,0,0.5,0.97682035,0,0,0.321161687,0.277903706,15.9304171,-12,8.58364296,8.45386696,0,13.7670202,-12.4951696,7.20916557,351,2950,3,6,0,,,,63
42194801,0.5,0,0.5,0.97682035,0,0,0.321161687,0.277903706,15.9258718,-12,8.58665657,8.45597839,0,13.6240606,-12.4951696,7.20916557,351,2950,3,6,0,,,,63
42195932,0.5,0,0.5,0.97682035,0,0,0.321161687,0.277903706,15.9395075,-12,8.58665657,8.45386696,0,13.4739523,-12.4895325,7.01950502,351,2950,3,6,0,,,,63
42197059,0.5,0,0.5,0.97682035,0,0,0.321161687,0.277903706,15.8804216,-12,8.52637863,8.39686012,0,13.3595848,-12.4895325,7.01950502,351,2972,3,6,0,,,,63
42198225,0.5,0.432432443,0.5,0.97682035,0.128937721,0.169230759,0.326286346,0.274177492,15.9258718,-12,8.38171005,8.37363529,0,13.3881769,-12.7160225,6.96270323,351,2972,3,6,0,,,,63
42199391,0.5,0.5,0.5,0.97682035,0.153113544,0.153113544,0.328200102,0.272840589,15.9213276,-12,8.41486359,8.35885525,0,13.3881769,-12.7160225,6.96270323,351,3006,3,6,0,,,,63
42200557,0.5,0.513513505,0.5,0.97682035,0.153113544,0.145054936,0.32856679,0.272587717,15.9258718,-12,8.44801617,8.38419151,0,13.3881769,-12.3699713,6.70290804,351,3006,3,6,0,,,,63
42201718,0.5,0.472222209,0.5,0.97682035,0.136996329,0.153113544,0.328705519,0.27249229,15.9258718,-12,8.46308613,8.37574673,0,13.3881769,-12.3699713,6.70290804,351,3006,3,6,0,,,,63
42202884,0.5,0.513513505,0.5,0.97682035,0.153113544,0.145054936,0.328382134,0.272714913,15.9258718,-12,8.45103073,8.3799696,0,13.3881769,-12.7972622,6.69376135,351,3012,3,6,0,,,,63
42204045,0.5,0.540540516,0.5,0.97682035,0.161172152,0.136996329,0.328949541,0.27232483,15.9213276,-12,8.3425293,8.37785816,0,13.3881769,-12.7972622,6.69376135,351,3012,3,6,0,,,,63
42205415,0.5,0.48780489,0.5,0.97682035,0.161172152,0.169230759,0.330120116,0.271527737,15.9258718,-12,8.45404434,8.36096668,0,13.3881769,-12.3325424,6.41201019,351,3012,3,6,0,,,,63
42206581,0.5,0.416666657,0.5,0.97682035,0.120879114,0.169230759,0.3293688,0.272038132,15.9213276,-12,8.50528145,8.36941242,0,13.3881769,-12.3325424,6.41201019,351,3030,3,6,0,,,,63
42207746,0.5,0.428571433,0.5,0.97682035,0.120879114,0.161172152,0.325863689,0.274476618,15.9258718,-12,8.55048943,8.36730099,0,13.3953247,-12.8297033,6.4218936,351,3030,3,6,0,,,,63
42208908,0.5,0.454545468,0.5,0.97682035,0.120879114,0.145054936,0.321439236,0.277696222,15.9213276,-12,8.51733685,8.36307812,0,13.3881769,-12.8297033,6.4218936,351,3043,3,6,0,,,,63
42210073,0.5,0.571428597,0.5,0.97682035,0.225641012,0.169230759,0.31908679,0.279476255,15.9213276,-12,8.49623966,8.36941242,0,13.3881769,-12.3235807,6.13488626,351,3043,3,6,0,,,,63
42211235,0.5,0.511627913,0.5,0.97682035,0.177289367,0.169230759,0.31957221,0.279104918,15.9167824,-12,8.32444572,8.36730099,0,13.3953247,-12.3235807,6.13488626,351,3043,3,6,0,,,,63
42212405,0.5,0.411764711,0.5,0.97682035,0.112820506,0.161172152,0.319352001,0.279273093,15.9167824,-12,8.3937664,8.36730099,0,13.3881769,-12.8450146,6.15375137,351,3063,3,6,0,,,,63
42213566,0.5,0.459459454,0.5,0.97682035,0.136996329,0.161172152,0.316732019,0.281308025,15.9213276,-12,8.52336502,8.36730099,0,13.3881769,-12.8450146,6.15375137,351,3063,3,6,0,,,,63
42214732,0.5,0.51219511,0.5,0.97682035,0.169230759,0.161172152,0.314260393,0.28328687,15.9213276,-12,8.43294716,8.3799696,0,13.3881769,-12.3244066,5.86722803,351,3063,3,6,0,,,,63
42215894,0.5,0.474999994,0.5,0.97682035,0.153113544,0.169230759,0.312906921,0.284395784,15.9213276,-12,8.44500256,8.36307812,0,13.3881769,-12.3244066,5.86722803,351,3074,3,6,0,,,,63
42217059,0.5,0.547619045,0.5,0.97682035,0.185347974,0.153113544,0.312539101,0.284700274,15.9213276,-12,8.36965466,8.3799696,0,13.3810291,-12.8542318,5.8915,351,3074,3,6,0,,,,63
42218221,0.5,0.5,0.5,0.97682035,0.169230759,0.169230759,0.313230783,0.284128755,15.9213276,-12,8.4691143,8.37785816,0,13.3881769,-12.8542318,5.8915,351,3094,3,6,0,,,,63
42219391,0.5,0.558139563,0.5,0.97682035,0.193406582,0.153113544,0.314699709,0.282930821,15.9213276,-12,8.37869644,8.38208103,0,13.3881769,-12.328516,5.60738707,351,3094,3,6,0,,,,63
42220552,0.5,0.523809552,0.5,0.97682035,0.177289367,0.161172152,0.316922486,0.281157941,15.9213276,-12,8.4178772,8.36518955,0,13.3881769,-12.328516,5.60738707,351,3094,3,6,0,,,,63
42221718,0.5,0.534883738,0.5,0.97682035,0.185347974,0.161172152,0.319361746,0.279265642,15.9213276,-12,8.39075184,8.36518955,0,13.3881769,-12.8612032,5.63574839,351,3114,3,6,0,,,,63
42222880,0.5,0.534883738,0.5,0.97682035,0.185347974,0.161172152,0.32185626,0.277385712,15.9167824,-12,8.45404434,8.36941242,0,13.3881769,-12.8612032,5.63574839,351,3114,3,6,0,,,,63
42224045,0.5,0.474999994,0.5,0.97682035,0.153113544,0.169230759,0.323642373,0.276072621,15.9167824,-12,8.44500256,8.36730099,0,13.3881769,-12.3336468,5.35464525,351,3114,3,6,0,,,,63
42225177,0.5,0.523809552,0.5,0.97682035,0.177289367,0.161172152,0.323642373,0.276072621,15.9213276,-12,8.41486359,8.36518955,0,13.3810291,-12.3336468,5.35464525,351,3135,3,6,0,,,,59
42226513,0.5,0.48780489,0.5,0.97682035,0.161172152,0.169230759,0.323642373,0.276072621,15.9213276,-12,8.38171005,8.36518955,0,13.3881769,-12.8672733,5.38656712,351,3135,3,6,0,,,,59
42227640,0.5,0.5,0.5,0.97682035,0.185347974,0.185347974,0.323642373,0.276072621,15.9213276,-12,8.44500256,8.36518955,0,13.3881769,-12.8672733,5.38656712,351,3150,3,6,0,,,,59
42228771,0.5,0.53061223,0.5,0.97682035,0.209523797,0.185347974,0.323642373,0.276072621,15.9167824,-12,8.4058218,8.36307812,0,13.3881769,-12.3390169,5.10861397,351,3150,3,6,0,,,,59
42229898,0.5,0.441860467,0.5,0.97682035,0.153113544,0.193406582,0.323642373,0.276072621,15.9167824,-12,8.37568283,8.36730099,0,13.3881769,-12.3390169,5.10861397,351,3150,3,6,0,,,,59
42231030,0.5,0.489361703,0.5,0.97682035,0.185347974,0.193406582,0.323642373,0.276072621,15.9167824,-12,8.4058218,8.36730099,0,13.3881769,-12.8729134,5.1438446,351,3171,3,6,0,,,,59
42232162,0.5,0.463414639,0.5,0.97682035,0.153113544,0.177289367,0.323642373,0.276072621,15.9167824,-12,8.36965466,8.36096668,0,13.3881769,-12.8729134,5.1438446,351,3171,3,6,0,,,,59
42233293,0.5,0.51111114,0.5,0.97682035,0.185347974,0.177289367,0.323642373,0.276072621,15.9213276,-12,8.42993259,8.36096668,0,13.3881769,-12.3443565,4.8690238,351,3171,3,6,0,,,,59
42234420,0.5,0.466666669,0.5,0.97682035,0.169230759,0.193406582,0.323642373,0.276072621,15.9167824,-12,8.42089176,8.36730099,0,13.3881769,-12.3443565,4.8690238,351,3187,3,6,0,,,,59
42235552,0.5,0.53061223,0.5,0.97682035,0.209523797,0.185347974,0.323642373,0.276072621,15.9167824,-12,8.4178772,8.36730099,0,13.3953247,-12.8782921,4.90740919,351,3187,3,6,0,,,,59
42236679,0.5,0.533333361,0.5,0.97682035,0.193406582,0.169230759,0.323642373,0.276072621,15.9213276,-12,8.45404434,8.36730099,0,13.3810291,-12.8782921,4.90740919,351,3187,3,6,0,,,,59
42237815,0.5,0.51219511,0.5,0.97682035,0.169230759,0.161172152,0.323642373,0.276072621,15.9213276,-12,8.46609974,8.37574673,0,13.3881769,-12.349575,4.63564968,351,3213,3,6,0,,,,59
42238942,0.5,0.533333361,0.5,0.97682035,0.193406582,0.169230759,0.323642373,0.276072621,15.9213276,-12,8.45103073,8.37152386,0,13.3881769,-12.349575,4.63564968,351,3213,3,6,0,,,,59
42240073,0.5,0.51111114,0.5,0.97682035,0.185347974,0.177289367,0.323642373,0.276072621,15.9213276,-12,8.52637863,8.36941242,0,13.3667326,-12.8834715,4.677073,351,3213,3,6,0,,,,59
42241201,0.5,0.541666687,0.5,0.97682035,0.209523797,0.177289367,0.323642373,0.276072621,15.9213276,-12,8.41486359,8.3799696,0,13.3881769,-12.8834715,4.677073,351,3224,3,6,0,,,,59
42242332,0.5,0.51219511,0.5,0,0.169230759,0.161172152,0.323642373,0.276072621,15.9258718,-10.6894188,8.34554291,8.37152386,0,13.3881769,-10.6894188,5.17707348,351,0,0,0,0,,,,59
42243459,0.5,0.543478251,0.5,0,0.201465189,0.169230759,0.323642373,0.276072621,15.9213276,-10.6894188,8.53542042,8.37152386,0,13.3881769,-10.6894188,5.17707348,351,0,0,0,0,,,,59
42244595,0.5,0.571428597,0.5,0,0.161172152,0.120879114,0.323642373,0.276072621,15.9258718,-7.19096279,8.43596077,8.39686012,0,13.3953247,-7.19096279,5.67707348,351,0,0,0,0,,,,59
42245722,0.5,0.485714287,0.5,0,0.136996329,0.145054936,0.323642373,0.276072621,15.9304171,-7.19096279,8.4811697,8.4074173,0,13.3881769,-7.19096279,5.67707348,351,0,0,0,0,,,,59
42247058,0.5,0.550000012,0.5,0,0.0886446834,0.0725274682,0.323642373,0.276072621,15.9304171,-2.25354505,8.5444622,8.41797352,0,13.3810291,-2.25354505,6.17707348,351,0,0,0,0,,,,59
42248185,0.5,0.529411793,0.5,0,0.0725274682,0.0644688606,0.323642373,0.276072621,15.9258718,-2.25354505,8.568573,8.43908691,0,13.3953247,-2.25354505,6.17707348,351,3330,0,0,0,,,,59
42249316,0.5,0.333333343,0.5,0,0.00805860758,0.0161172152,0.323642373,0.276072621,15.9304171,3.16102409,8.58364296,8.44964409,0,13.3953247,3.16102409,6.67707348,351,3330,0,0,0,,,,59
42250443,0.5,0.5,0.5,0,0.00805860758,0.00805860758,0.323642373,0.276072621,15.9349623,3.16102409,8.59569836,8.46231174,0,13.3953247,3.16102409,6.67707348,351,3330,0,0,0,,,,59
42251579,0.5,0,0.5,0,0,0.00805860758,0.323642373,0.276072621,15.9304171,8.4912653,8.55350399,8.45386696,0,13.3953247,8.4912653,7.177073,351,3326,0,0,0,,,,59
42252706,0.5,0.333333343,0.5,0,0.00805860758,0.0161172152,0.323642373,0.276072621,15.9304171,8.4912653,8.59268475,8.44753265,0,13.3953247,8.4912653,7.177073,351,3326,0,0,0,,,,59
42253837,0.5,0.470588237,0.5,0,0.0644688606,0.0725274682,0.323642373,0.276072621,15.9258718,12,8.48719788,8.38841438,0,13.3881769,13.4320345,6.83704281,351,3326,0,0,0,,,,59
42254964,0.5,0.5,0.5,0,0.112820506,0.112820506,0.323642373,0.276072621,15.9258718,12,8.43596077,8.38419151,0,13.3881769,13.4320345,6.83704281,351,3344,0,0,0,,,,59
42256096,0.5,0.509433985,0.5,0,0.217582405,0.209523797,0.323642373,0.276072621,15.9122372,12,8.32143211,8.35041046,0,13.3810291,13.4355497,6.49495029,351,3344,0,0,0,,,,59
42257228,0.5,0.492063493,0.5,0,0.249816835,0.257875443,0.323642373,0.276072621,15.907692,12,8.31841755,8.33563042,0,13.3667326,13.4355497,6.49495029,351,3332,0,0,0,,,,59
42258359,0.5,0.480519474,0.5,0,0.29816848,0.322344303,0.323642373,0.276072621,15.8986015,10.6502094,8.30334854,8.30818272,0,13.3738813,10.6502094,6.99495029,351,3332,0,0,0,,,,59
42259486,0.5,0.571428597,0.5,0,0.322344303,0.241758227,0.323642373,0.276072621,15.8986015,10.6502094,8.29732037,8.31662846,0,13.3738813,10.6502094,6.99495029,351,3332,0,0,0,,,,59
42260617,0.5,0.482758611,0.5,0,0.225641012,0.241758227,0.323642373,0.276072621,15.9122372,10.9190407,8.37869644,8.34196472,0,13.3595848,10.9190407,7.49495029,351,3345,0,0,0,,,,59
42261744,0.5,0.510638297,0.5,0,0.193406582,0.185347974,0.323642373,0.276072621,15.9213276,10.9190407,8.40883541,8.35674477,0,13.3881769,10.9190407,7.49495029,351,3345,0,0,0,,,,59
42262876,0.5,0.46938777,0.5,0,0.185347974,0.209523797,0.323642373,0.276072621,15.9213276,12,8.3937664,8.36518955,0,13.3881769,12.9142923,7.45862722,351,3345,0,0,0,,,,59
42264007,0.5,0.466666669,0.5,0,0.169230759,0.193406582,0.323642373,0.276072621,15.9167824,12,8.43294716,8.35885525,0,13.3738813,12.9142923,7.45862722,351,3362,0,0,0,,,,59
42265139,0.5,0.5,0.5,0,0.241758227,0.241758227,0.323642373,0.276072621,15.907692,12,8.36965466,8.33985329,0,13.3810291,12.9374647,7.40871048,351,3362,0,0,0,,,,59
42266266,0.5,0.5,0.5,0,0.249816835,0.249816835,0.323642373,0.276072621,15.907692,12,8.35759926,8.3314085,0,13.3810291,12.9374647,7.40871048,351,3362,0,0,0,,,,59
42267397,0.5,0.577464759,0.5,0,0.330402911,0.241758227,0.323642373,0.276072621,15.8895121,11.7818632,8.29732037,8.30184937,0,13.3738813,11.7818632,7.90871048,351,3362,0,0,0,,,,59
42268728,0.5,0.483146071,0.5,0,0.346520126,0.370695949,0.323642373,0.276072621,15.8895121,11.7818632,8.25211143,8.28918076,0,13.3595848,11.7818632,7.90871048,351,3380,0,0,0,,,,59
42269864,0.5,0.489361703,0.5,0,0.370695949,0.386813164,0.323642373,0.276072621,15.8804216,12,8.24306965,8.26384449,0,13.3667326,12.9431105,7.85548258,351,3380,0,0,0,,,,59
42270991,0.5,0.495726496,0.5,0,0.46739924,0.475457847,0.323642373,0.276072621,15.866787,12,8.18881989,8.227952,0,13.352437,12.9431105,7.85548258,351,3400,0,0,0,,,,59
42272123,0.5,0.479674786,0.5,0,0.475457847,0.515750885,0.323642373,0.276072621,15.8713312,12,8.13758278,8.2216177,0,13.352437,12.4522104,8.09021664,351,3400,0,0,0,,,,59
42273250,0.5,0.489208609,0.5,0,0.547985315,0.572161138,0.323642373,0.276072621,15.8531513,12,8.08634663,8.19205856,0,13.352437,12.4522104,8.09021664,351,3400,0,0,0,,,,59
42274382,0.5,0.493055552,0.5,0,0.572161138,0.588278353,0.323642373,0.276072621,15.8440609,12,8.0411377,8.1667223,0,13.3452892,12.5700817,8.25580692,351,3429,0,0,0,,,,59
42275509,0.5,0.5,0.5,0,0.507692277,0.507692277,0.323642373,0.276072621,15.8804216,12,8.19484711,8.24484253,0,13.352437,12.5700817,8.25580692,351,3429,0,0,0,,,,59
42276679,0.5,0.492957741,0.5,0,0.56410253,0.580219746,0.32394287,0.275854349,15.907692,12,8.14662457,8.24273109,0,13.3667326,12.6839628,8.35459518,351,3429,0,0,0,,,,63
42277840,0.5,0.481865317,0.5,0,0.749450505,0.805860758,0.324169666,0.275690109,15.784976,12,7.84824657,8.03792953,0,13.3095493,12.6839628,8.35459518,351,3418,0,0,0,,,,63
42279006,0.5,0.493670911,0.5,0,0.942857087,0.967032909,0.323723972,0.276013315,15.8576965,12,7.91455269,8.0632658,0,13.352437,12.445344,8.59335613,351,3418,0,0,0,,,,63
42280168,0.5,0.485294104,0.5,0,0.5318681,0.56410253,0.322955638,0.276574343,15.8576965,12,8.14662457,8.19628143,0,13.3452892,12.445344,8.59335613,351,3418,0,0,0,,,,63
42281333,0.5,0.488095224,0.5,0,0.660805821,0.693040252,0.322088897,0.277213156,15.8349714,12,8.0411377,8.13716316,0,13.3309927,12.7695351,8.64194775,351,3439,0,0,0,,,,63
42282499,0.5,0.491525441,0.5,0,0.701098859,0.725274682,0.321210027,0.277867526,15.8395166,12,8.00497055,8.12449551,0,13.3452892,12.7695351,8.64194775,351,3439,0,0,0,,,,63
42283665,0.5,0.5,0.5,0,0.636629999,0.636629999,0.320562363,0.278354019,15.8531513,12,8.08333206,8.17939091,0,13.3452892,12.4066219,8.90342331,351,3439,0,0,0,,,,63
42284826,0.5,0.485915482,0.5,0,0.556043923,0.588278353,0.32002753,0.278758556,15.8622417,12,8.11347103,8.18783569,0,13.3452892,12.4066219,8.90342331,351,3450,0,0,0,,,,63
42285992,0.5,0.48780489,0.5,0,0.483516455,0.507692277,0.319310635,0.279304713,15.8622417,12,8.17374992,8.227952,0,13.352437,12.8039837,8.93180752,351,3450,0,0,0,,,,63
42287153,0.5,0.495867759,0.5,0,0.483516455,0.491575062,0.318564713,0.27987799,15.8758764,12,8.16772175,8.23850822,0,13.3667326,12.8039837,8.93180752,351,3450,0,0,0,,,,63
42288319,0.5,0.478260875,0.5,0,0.5318681,0.580219746,0.317766815,0.280496746,15.8349714,12,8.07429028,8.18150139,0,13.3238449,12.3977013,9.19851685,351,3450,0,0,0,,,,63
42289689,0.5,0.48780489,0.5,0,0.644688606,0.676923037,0.316744894,0.281297863,15.8395166,12,8.02003956,8.14983177,0,13.3452892,12.3977013,9.19851685,351,3450,0,0,0,,,,63
42290854,0.5,0.484126985,0.5,0,0.491575062,0.523809493,0.315659255,0.282159716,15.866787,12,8.15265274,8.22372913,0,13.3595848,12.8204756,9.21722603,351,3450,0,0,0,,,,63
42292016,0.5,0.496551752,0.5,0,0.580219746,0.588278353,0.314725399,0.282910079,15.8486061,12,8.07730484,8.19628143,0,13.3452892,12.8204756,9.21722603,351,3450,0,0,0,,,,63
42293181,0.5,0.510791361,0.5,0,0.572161138,0.547985315,0.314291179,0.283261865,15.8531513,12,8.1044302,8.19839287,0,13.352437,12.3990145,9.48316383,351,3450,0,0,0,,,,63
42294343,0.5,0.487654328,0.5,0,0.636629999,0.668864429,0.314159065,0.283369213,15.8531513,12,8.03510952,8.1667223,0,13.352437,12.3990145,9.48316383,351,3450,0,0,0,,,,63
42295509,0.5,0.510791361,0.5,0,0.572161138,0.547985315,0.314060062,0.283449829,15.8622417,12,8.13456917,8.19839287,0,13.3452892,12.8305712,9.49595165,351,3450,0,0,0,,,,63
42296675,0.5,0.509803951,0.5,0,0.628571391,0.604395568,0.314293981,0.283259571,15.8576965,12,8.06524849,8.17939091,0,13.3595848,12.8305712,9.49595165,351,3450,0,0,0,,,,63
42297840,0.5,0.5078125,0.5,0,0.523809493,0.507692277,0.314808518,0.282842934,15.8576965,12,8.14963818,8.21106052,0,13.3452892,12.4037533,9.75911045,351,3450,0,0,0,,,,63
42299002,0.5,0.48550725,0.5,0,0.539926708,0.572161138,0.315062851,0.282637954,15.8713312,12,8.13456917,8.21106052,0,13.3595848,12.4037533,9.75911045,351,3430,0,0,0,,,,63
42300167,0.5,0.48031494,0.5,0,0.491575062,0.5318681,0.314631462,0.282986015,15.8440609,12,8.1315546,8.19628143,0,13.3381405,12.8383007,9.7673645,351,3430,0,0,0,,,,63
42301328,0.5,0.493243247,0.5,0,0.588278353,0.604395568,0.313811183,0.283652842,15.8576965,12,8.09840202,8.18783569,0,13.3452892,12.8383007,9.7673645,351,3430,0,0,0,,,,63
42302499,0.5,0.510344863,0.5,0,0.596336961,0.572161138,0.313323677,0.284052372,15.8622417,12,8.09237385,8.19839287,0,13.352437,12.4095478,10.0271244,351,3423,0,0,0,,,,63
42303660,0.5,0.507936537,0.5,0,0.515750885,0.49963367,0.313412577,0.283979326,15.866787,12,8.14361095,8.23217392,0,13.352437,12.4095478,10.0271244,351,3423,0,0,0,,,,63
42304825,0.5,0.496503472,0.5,0,0.572161138,0.580219746,0.313653916,0.283781499,15.8622417,12,8.10744381,8.20894909,0,13.352437,12.8450708,10.0314064,351,3423,0,0,0,,,,63
42305987,0.5,0.496350378,0.5,0,0.547985315,0.556043923,0.313681304,0.283759087,15.8576965,12,8.11347103,8.20894909,0,13.352437,12.8450708,10.0314064,351,3418,0,0,0,,,,63
42307152,0.5,0.496688724,0.5,0,0.604395568,0.612454176,0.313539147,0.283875555,15.8576965,12,8.08333206,8.19628143,0,13.352437,12.4155788,10.2876282,351,3418,0,0,0,,,,63
42308313,0.5,0.503759444,0.5,0,0.539926708,0.5318681,0.313434422,0.283961445,15.8622417,12,8.13456917,8.21106052,0,13.3452892,12.4155788,10.2876282,351,3418,0,0,0,,,,63
42309484,0.5,0.513698637,0.5,0,0.604395568,0.572161138,0.313637614,0.28379488,15.8622417,12,8.09237385,8.19628143,0,13.352437,12.8513784,10.2882099,351,3397,0,0,0,,,,63
42310849,0.5,0.488721818,0.5,0,0.523809493,0.547985315,0.31389913,0.283581048,15.8486061,12,8.11045742,8.20683765,0,13.3452892,12.8513784,10.2882099,351,3397,0,0,0,,,,63
42312014,0.5,0.519083917,0.5,0,0.547985315,0.507692277,0.314122975,0.283398598,15.8713312,12,8.13758278,8.22372913,0,13.352437,12.4215651,10.5409203,351,3387,0,0,0,,,,63
42313176,0.5,0.496350378,0.5,0,0.547985315,0.556043923,0.31449762,0.283094376,15.8486061,12,8.08936024,8.19417,0,13.3452892,12.4215651,10.5409203,351,3387,0,0,0,,,,63
42314341,0.5,0.489051133,0.5,0,0.539926708,0.56410253,0.314575493,0.283031315,15.866787,12,8.11347103,8.2005043,0,13.352437,12.857399,10.5379715,351,3387,0,0,0,,,,63
42315507,0.5,0.506493509,0.5,0,0.628571391,0.612454176,0.314414352,0.283161849,15.8622417,12,8.05319309,8.18361282,0,13.352437,12.857399,10.5379715,351,3396,0,0,0,,,,63
42316673,0.5,0.5,0.5,0,0.515750885,0.515750885,0.31441465,0.28316161,15.866787,12,8.14963818,8.21739483,0,13.3595848,12.427412,10.7872515,351,3396,0,0,0,,,,63
42317834,0.5,0.5,0.5,0,0.580219746,0.580219746,0.314467967,0.283118427,15.8622417,12,8.08936024,8.19839287,0,13.352437,12.427412,10.7872515,351,3396,0,0,0,,,,63
42319000,0.5,0.48854959,0.5,0,0.515750885,0.539926708,0.314326316,0.283233315,15.866787,12,8.12854099,8.21739483,0,13.352437,12.8631983,10.780901,351,3366,0,0,0,,,,63
42320161,0.5,0.503311217,0.5,0,0.612454176,0.604395568,0.314061195,0.283448905,15.8576965,12,8.07429028,8.18783569,0,13.352437,12.8631983,10.780901,351,3366,0,0,0,,,,63
42321327,0.5,0.49242425,0.5,0,0.523809493,0.539926708,0.313832819,0.283635229,15.8622417,12,8.14059639,8.2216177,0,13.3452892,12.4330912,11.0268497,351,3366,0,0,0,,,,63
42322493,0.5,0.517006755,0.5,0,0.612454176,0.572161138,0.313835144,0.283633292,15.8576965,12,8.07730484,8.19628143,0,13.352437,12.4330912,11.0268497,351,3366,0,0,0,,,,63
42323658,0.5,0.5,0.5,0,0.515750885,0.515750885,0.314150512,0.283376217,15.8531513,12,8.13758278,8.21528339,0,13.3452892,12.8688021,11.0172119,351,3366,0,0,0,,,,63
42324820,0.5,0.5,0.5,0,0.56410253,0.56410253,0.314416319,0.283160299,15.8622417,12,8.10744381,8.20683765,0,13.352437,12.8688021,11.0172119,351,3366,0,0,0,,,,63
42325985,0.5,0.49253732,0.5,0,0.5318681,0.547985315,0.314413786,0.283162326,15.8486061,12,8.11347103,8.20472717,0,13.3452892,12.4385958,11.2599316,351,3367,0,0,0,,,,63
42327147,0.5,0.492957741,0.5,0,0.56410253,0.580219746,0.314154506,0.283372968,15.8576965,12,8.1044302,8.19628143,0,13.3595848,12.4385958,11.2599316,351,3367,0,0,0,,,,63
42328317,0.5,0.493150681,0.5,0,0.580219746,0.596336961,0.313739508,0.283711463,15.8440609,12,8.0411377,8.17516804,0,13.352437,12.8742256,11.2471123,351,3367,0,0,0,,,,63
42329478,0.5,0.503597081,0.5,0,0.56410253,0.556043923,0.313415706,0.283976763,15.8622417,12,8.1164856,8.20261574,0,13.352437,12.8742256,11.2471123,351,3371,0,0,0,,,,63
42330847,0.5,0.493150681,0.5,0,0.580219746,0.596336961,0.313216239,0.284140736,15.8622417,12,8.07730484,8.19417,0,13.352437,12.4439278,11.4867048,351,3371,0,0,0,,,,63
42332009,0.5,0.5,0.5,0,0.56410253,0.56410253,0.313011616,0.284309328,15.8531513,12,8.09840202,8.20261574,0,13.3452892,12.4439278,11.4867048,351,3371,0,0,0,,,,63
42333175,0.5,0.506756783,0.5,0,0.604395568,0.588278353,0.312964201,0.284348458,15.8576965,12,8.08333206,8.19205856,0,13.352437,12.8794746,11.4708061,351,3372,0,0,0,,,,63
42334336,0.5,0.489208609,0.5,0,0.547985315,0.572161138,0.312949806,0.284360349,15.8486061,12,8.09237385,8.19628143,0,13.3452892,12.8794746,11.4708061,351,3372,0,0,0,,,,63
42335507,0.5,0.503448308,0.5,0,0.588278353,0.580219746,0.312803209,0.284481496,15.866787,12,8.08634663,8.20261574,0,13.352437,12.449091,11.7073698,351,3357,0,0,0,,,,63
42336668,0.5,0.510067165,0.5,0,0.612454176,0.588278353,0.312871307,0.284425169,15.8486061,12,8.05319309,8.18150139,0,13.3452892,12.449091,11.7073698,351,3357,0,0,0,,,,63
42337834,0.5,0.5,0.5,0,0.556043923,0.556043923,0.313153952,0.284192026,15.8622417,12,8.12854099,8.20683765,0,13.352437,12.8845568,11.6884899,351,3357,0,0,0,,,,63
42338995,0.5,0.509433925,0.5,0,0.652747214,0.628571391,0.313472927,0.283929825,15.8486061,12,8.03510952,8.1730566,0,13.3452892,12.8845568,11.6884899,351,3365,0,0,0,,,,63
42340161,0.5,0.496644318,0.5,0,0.596336961,0.604395568,0.313764393,0.283691138,15.8395166,12,8.0562067,8.17516804,0,13.3381405,12.4540901,11.922121,351,3365,0,0,0,,,,63
42341322,0.5,0.5,0.5,0,0.604395568,0.604395568,0.31388551,0.283592165,15.8531513,12,8.04716492,8.18150139,0,13.3452892,12.4540901,11.922121,351,3365,0,0,0,,,,63
42342492,0.5,0.480519474,0.5,0,0.596336961,0.644688606,0.313637644,0.28379485,15.8440609,12,8.04716492,8.17094517,0,13.3381405,12.8894777,11.9003544,351,3355,0,0,0,,,,63
42343653,0.5,0.5,0.5,0,0.604395568,0.604395568,0.313109189,0.284228891,15.8531513,12,8.06524849,8.19417,0,13.352437,12.8894777,11.9003544,351,3355,0,0,0,,,,63
42344819,0.5,0.496774167,0.5,0,0.620512784,0.628571391,0.312697679,0.284568846,15.8531513,12,8.04415131,8.18150139,0,13.352437,12.458931,12.1311464,351,3355,0,0,0,,,,63
42345980,0.5,0.5,0.5,0,0.580219746,0.580219746,0.3124654,0.284761459,15.8531513,12,8.10141563,8.19839287,0,13.3452892,12.458931,12.1311464,351,3341,0,0,0,,,,63
42347146,0.5,0.493243247,0.5,0,0.588278353,0.604395568,0.312247872,0.284942389,15.8576965,12,8.08031845,8.18572426,0,13.352437,12.8942413,12.1065845,351,3341,0,0,0,,,,63
42348312,0.5,0.503448308,0.5,0,0.588278353,0.580219746,0.312058806,0.285100013,15.8395166,12,8.0562067,8.18572426,0,13.3452892,12.8942413,12.1065845,351,3341,0,0,0,,,,63
42349477,0.5,0.506944418,0.5,0,0.588278353,0.572161138,0.312098682,0.285066724,15.8622417,12,8.09538841,8.19417,0,13.352437,12.4636183,12.3346272,351,3329,0,0,0,,,,63
42350639,0.5,0.512499988,0.5,0,0.660805821,0.628571391,0.312467009,0.284760147,15.8440609,12,8.04415131,8.15616512,0,13.3452892,12.4636183,12.3346272,351,3329,0,0,0,,,,63
42352008,0.5,0.493243247,0.5,0,0.588278353,0.604395568,0.312851787,0.284441292,15.8486061,12,8.07127666,8.17939091,0,13.3452892,12.8988543,12.3073597,351,3329,0,0,0,,,,63
42353169,0.5,0.506250024,0.5,0,0.652747214,0.636629999,0.31304127,0.28428489,15.8576965,12,8.06223488,8.17727947,0,13.352437,12.8988543,12.3073597,351,3326,0,0,0,,,,63
42354335,0.5,0.503355742,0.5,0,0.604395568,0.596336961,0.313248277,0.284114361,15.8440609,12,8.06826305,8.17939091,0,13.3452892,12.4681568,12.5327396,351,3326,0,0,0,,,,63
42355501,0.5,0.5,0.5,0,0.596336961,0.596336961,0.31346184,0.283938915,15.8622417,12,8.07730484,8.19205856,0,13.352437,12.4681568,12.5327396,351,3304,0,0,0,,,,63
42356667,0.5,0.503184736,0.5,0,0.636629999,0.628571391,0.313614875,0.283813447,15.8440609,12,8.03812313,8.1667223,0,13.3452892,12.9033213,12.5028524,351,3304,0,0,0,,,,63
42357828,0.5,0.510204077,0.5,0,0.604395568,0.580219746,0.313889325,0.283589065,15.8576965,12,8.08936024,8.2005043,0,13.352437,12.9033213,12.5028524,351,3304,0,0,0,,,,63
42358994,0.5,0.496815324,0.5,0,0.628571391,0.636629999,0.314210474,0.28332746,15.8486061,12,8.04415131,8.1730566,0,13.3452892,12.4725513,12.7256546,351,3299,0,0,0,,,,63
42360155,0.5,0.493055552,0.5,0,0.572161138,0.588278353,0.314253807,0.283292204,15.8440609,12,8.08634663,8.19205856,0,13.3381405,12.4725513,12.7256546,351,3299,0,0,0,,,,63
42361325,0.5,0.503225803,0.5,0,0.628571391,0.620512784,0.314133972,0.283389688,15.8531513,12,8.05922127,8.17727947,0,13.352437,12.9076462,12.6932297,351,3299,0,0,0,,,,63
42362486,0.5,0.4900662,0.5,0,0.596336961,0.620512784,0.313969731,0.28352344,15.8395166,12,8.04415131,8.17516804,0,13.3452892,12.9076462,12.6932297,351,3292,0,0,0,,,,63
42363652,0.5,0.513513505,0.5,0,0.612454176,0.580219746,0.31389451,0.283584833,15.8576965,12,8.06826305,8.19205856,0,13.3452892,12.4768066,12.9135361,351,3292,0,0,0,,,,63
42364814,0.5,0.493827164,0.5,0,0.644688606,0.660805821,0.313998461,0.283500046,15.8486061,12,8.02305412,8.1667223,0,13.3452892,12.4768066,12.9135361,351,3292,0,0,0,,,,63
42365979,0.5,0.506849289,0.5,0,0.596336961,0.580219746,0.314107955,0.283410877,15.8576965,12,8.07429028,8.18783569,0,13.352437,12.9118338,12.8786554,351,3260,0,0,0,,,,63
42367141,0.5,0.509803951,0.5,0,0.628571391,0.604395568,0.314384639,0.283185989,15.8576965,12,8.06223488,8.18150139,0,13.352437,12.9118338,12.8786554,351,3260,0,0,0,,,,63
42368311,0.5,0.492857128,0.5,0,0.556043923,0.572161138,0.314677775,0.282948583,15.8531513,12,8.08634663,8.19205856,0,13.3452892,12.4809265,13.0965452,351,3260,0,0,0,,,,63
42369472,0.5,0.5,0.5,0,0.620512784,0.620512784,0.314710706,0.28292191,15.8622417,12,8.07730484,8.18572426,0,13.352437,12.4809265,13.0965452,351,3260,0,0,0,,,,63
42370638,0.5,0.503401339,0.5,0,0.596336961,0.588278353,0.314714074,0.282919228,15.8440609,12,8.07429028,8.17939091,0,13.3452892,12.9158888,13.0592852,351,3260,0,0,0,,,,63
42371799,0.5,0.503448308,0.5,0,0.588278353,0.580219746,0.3148444,0.282813966,15.8622417,12,8.1044302,8.19839287,0,13.352437,12.9158888,13.0592852,351,3246,0,0,0,,,,63
42373169,0.5,0.5,0.5,0,0.620512784,0.620512784,0.314999372,0.282689065,15.8576965,12,8.05319309,8.18361282,0,13.352437,12.4849148,13.2748346,351,3246,0,0,0,,,,63
42374335,0.5,0.496350378,0.5,0,0.547985315,0.556043923,0.315038145,0.282657832,15.8576965,12,8.11347103,8.20261574,0,13.3452892,12.4849148,13.2748346,351,3246,0,0,0,,,,63
42375501,0.5,0.5,0.5,0,0.620512784,0.620512784,0.314972073,0.282711059,15.8576965,12,8.05922127,8.18994713,0,13.352437,12.9198151,13.2352724,351,3220,0,0,0,,,,63
42376662,0.5,0.503311217,0.5,0,0.612454176,0.604395568,0.314963281,0.282718122,15.8349714,12,8.03510952,8.16461086,0,13.3381405,12.9198151,13.2352724,351,3220,0,0,0,,,,63
42377828,0.5,0.5,0.5,0,0.612454176,0.612454176,0.315035015,0.282660365,15.8531513,12,8.06524849,8.18572426,0,13.3452892,12.4887781,13.4485559,351,3220,0,0,0,,,,63
42378989,0.5,0.5,0.5,0,0.668864429,0.668864429,0.315089315,0.282616615,15.8440609,12,8.01099777,8.15827656,0,13.3452892,12.4887781,13.4485559,351,3228,0,0,0,,,,63
42380155,0.5,0.5,0.5,0,0.604395568,0.604395568,0.315110385,0.282599688,15.8486061,12,8.07429028,8.18150139,0,13.3452892,12.9236164,13.406764,351,3228,0,0,0,,,,63
42381321,0.5,0.5,0.5,0,0.628571391,0.628571391,0.315119952,0.282592028,15.8440609,12,8.05017948,8.17939091,0,13.3452892,12.9236164,13.406764,351,3204,0,0,0,,,,63
42382487,0.5,0.496732056,0.5,0,0.612454176,0.620512784,0.315078467,0.282625377,15.8440609,12,8.05319309,8.17094517,0,13.3381405,12.4925175,13.6178532,351,3204,0,0,0,,,,63
42383648,0.5,0.496732056,0.5,0,0.612454176,0.620512784,0.314943135,0.282734334,15.8576965,12,8.06524849,8.18783569,0,13.3452892,12.4925175,13.6178532,351,3204,0,0,0,,,,63
42384814,0.5,0.512987018,0.5,0,0.636629999,0.604395568,0.314969093,0.282713413,15.8531513,12,8.0411377,8.1730566,0,13.3452892,12.9272976,13.5739021,351,3187,0,0,0,,,,63
42385975,0.5,0.503649652,0.5,0,0.556043923,0.547985315,0.31529659,0.28245011,15.8531513,12,8.10744381,8.19205856,0,13.3452892,12.9272976,13.5739021,351,3187,0,0,0,,,,63
42387145,0.5,0.493589729,0.5,0,0.620512784,0.636629999,0.31552583,0.282266408,15.8531513,12,8.05319309,8.17094517,0,13.3452892,12.4961395,13.7828674,351,3187,0,0,0,,,,63
42388306,0.5,0.49032256,0.5,0,0.612454176,0.636629999,0.31536451,0.282395601,15.8349714,12,8.03510952,8.15194321,0,13.3381405,12.4961395,13.7828674,351,3193,0,0,0,,,,63
42389472,0.5,0.493589729,0.5,0,0.620512784,0.636629999,0.314945221,0.282732666,15.8486061,12,8.0562067,8.1730566,0,13.352437,12.9308615,13.736825,351,3193,0,0,0,,,,63
42390633,0.5,0.491124272,0.5,0,0.668864429,0.693040252,0.31443572,0.283144534,15.8440609,12,8.00497055,8.15405464,0,13.3452892,12.9308615,13.736825,351,3162,0,0,0,,,,63
42391799,0.5,0.496598601,0.5,0,0.588278353,0.596336961,0.313935101,0.283551723,15.8531513,12,8.07429028,8.18994713,0,13.3452892,12.4996462,13.9437332,351,3162,0,0,0,,,,63
42392960,0.5,0.49079752,0.5,0,0.644688606,0.668864429,0.313459367,0.283940911,15.8531513,12,8.03812313,8.16883373,0,13.3452892,12.4996462,13.9437332,351,3162,0,0,0,,,,63
42394335,0.5,0.493150681,0.5,0,0.580219746,0.596336961,0.312942863,0.284366101,15.8395166,12,8.05922127,8.18572426,0,13.3381405,12.9343128,13.8956661,351,3153,0,0,0,,,,63
42395496,0.5,0.493243247,0.5,0,0.588278353,0.604395568,0.312416583,0.284802049,15.8622417,12,8.08634663,8.19628143,0,13.352437,12.9343128,13.8956661,351,3153,0,0,0,,,,63
42396661,0.5,0.50310564,0.5,0,0.652747214,0.644688606,0.312045217,0.285111338,15.8486061,12,8.02305412,8.1730566,0,13.3452892,12.5030413,14.1005831,351,3153,0,0,0,,,,63
42397823,0.5,0.489510477,0.5,0,0.56410253,0.588278353,0.311766952,0.285344064,15.8486061,12,8.08936024,8.2005043,0,13.3452892,12.5030413,14.1005831,351,3147,0,0,0,,,,63
42398989,0.5,0.490683258,0.5,0,0.636629999,0.660805821,0.311321825,0.285717964,15.8440609,12,8.01401234,8.17094517,0,13.3452892,12.9376545,14.0505552,351,3147,0,0,0,,,,63
42400150,0.5,0.5,0.5,0,0.652747214,0.652747214,0.310853809,0.286113292,15.8395166,12,7.97784519,8.14983177,0,13.3381405,12.9376545,14.0505552,351,3141,0,0,0,,,,63
42401320,0.5,0.503144622,0.5,0,0.644688606,0.636629999,0.310638666,0.286295772,15.8486061,12,8.02003956,8.17727947,0,13.3452892,12.5063286,14.2535439,351,3141,0,0,0,,,,63
42402481,0.5,0.506172836,0.5,0,0.660805821,0.644688606,0.310702562,0.286241561,15.8440609,12,8.00497055,8.1730566,0,13.3452892,12.5063286,14.2535439,351,3141,0,0,0,,,,63
42403647,0.5,0.506493509,0.5,0,0.628571391,0.612454176,0.310972363,0.286012948,15.8395166,12,8.02305412,8.16461086,0,13.3452892,12.9408913,14.2016182,351,3144,0,0,0,,,,63
42404808,0.5,0.503184736,0.5,0,0.636629999,0.628571391,0.311313927,0.28572458,15.8576965,12,8.05319309,8.1730566,0,13.3452892,12.9408913,14.2016182,351,3144,0,0,0,,,,63
42405974,0.5,0.496894419,0.5,0,0.644688606,0.652747214,0.311530054,0.285542816,15.8486061,12,8.01099777,8.16038799,0,13.3452892,12.5095129,14.4027386,351,3144,0,0,0,,,,63
42407140,0.5,0.503355742,0.5,0,0.604395568,0.596336961,0.311620086,0.285467178,15.8576965,12,8.09538841,8.18783569,0,13.3452892,12.5095129,14.4027386,351,3112,0,0,0,,,,63
42408305,0.5,0.486842096,0.5,0,0.596336961,0.628571391,0.311528832,0.285543829,15.8576965,12,8.04415131,8.17727947,0,13.3452892,12.9440241,14.3489752,351,3112,0,0,0,,,,63
42409467,0.5,0.503311217,0.5,0,0.612454176,0.604395568,0.311276406,0.285756201,15.8395166,12,8.05017948,8.17516804,0,13.3381405,12.9440241,14.3489752,351,3105,0,0,0,,,,63
42410632,0.5,0.5,0.5,0,0.628571391,0.628571391,0.311142772,0.285868973,15.8576965,12,8.06223488,8.18150139,0,13.3452892,12.5125952,14.5482874,351,3105,0,0,0,,,,63
42411793,0.5,0.505882382,0.5,0,0.693040252,0.676923037,0.311198533,0.285821885,15.8395166,12,8.00798416,8.15194321,0,13.3381405,12.5125952,14.5482874,351,3105,0,0,0,,,,63
42412959,0.5,0.487012982,0.5,0,0.604395568,0.636629999,0.311169058,0.28584674,15.8440609,12,8.03812313,8.17516804,0,13.3381405,12.9470587,14.4927444,351,3097,0,0,0,,,,63
42414125,0.5,0.5,0.5,0,0.652747214,0.652747214,0.310919821,0.286057383,15.8486061,12,8.01702595,8.16461086,0,13.3452892,12.9470587,14.4927444,351,3097,0,0,0,,,,63
42415495,0.5,0.50310564,0.5,0,0.652747214,0.644688606,0.31075865,0.286193967,15.8395166,12,8.00798416,8.16249943,0,13.3452892,12.5155802,14.6903057,351,3089,0,0,0,,,,63
42416656,0.5,0.506578922,0.5,0,0.620512784,0.604395568,0.310855329,0.28611201,15.8531513,12,8.04415131,8.18994713,0,13.3381405,12.5155802,14.6903057,351,3089,0,0,0,,,,63
42417821,0.5,0.5,0.5,0,0.644688606,0.644688606,0.311058283,0.285940319,15.8486061,12,8.01099777,8.17516804,0,13.3452892,12.9499969,14.6330385,351,3089,0,0,0,,,,63
42418983,0.5,0.503311217,0.5,0,0.612454176,0.604395568,0.311235636,0.285790563,15.8440609,12,8.05319309,8.18783569,0,13.3452892,12.9499969,14.6330385,351,3084,0,0,0,,,,63
42420153,0.5,0.50666666,0.5,0,0.612454176,0.596336961,0.311469495,0.285593659,15.8531513,12,8.05017948,8.18994713,0,13.352437,12.5184708,14.8289051,351,3084,0,0,0,,,,63
42421314,0.5,0.503225803,0.5,0,0.628571391,0.620512784,0.31178239,0.28533113,15.8440609,12,8.01099777,8.16038799,0,13.3452892,12.5184708,14.8289051,351,3084,0,0,0,,,,63
42422480,0.5,0.503268003,0.5,0,0.620512784,0.612454176,0.312075883,0.285085738,15.8486061,12,8.05017948,8.17727947,0,13.3452892,12.9528418,14.769969,351,3075,0,0,0,,,,63
42423641,0.5,0.496932507,0.5,0,0.652747214,0.660805821,0.31224972,0.284940839,15.8486061,12,8.03209591,8.16883373,0,13.3452892,12.9528418,14.769969,351,3075,0,0,0,,,,63
42424807,0.5,0.506493509,0.5,0,0.628571391,0.612454176,0.312367857,0.284842551,15.8395166,12,8.01401234,8.15616512,0,13.3381405,12.5212688,14.9641933,351,3067,0,0,0,,,,63
42425969,0.5,0.5,0.5,0,0.620512784,0.620512784,0.312535197,0.284703523,15.8576965,12,8.0411377,8.17727947,0,13.352437,12.5212688,14.9641933,351,3067,0,0,0,,,,63
42427141,0.5,0.511764705,0,0,0.701098859,0.668864429,0.31281665,0.284470379,15.8440609,0,7.98387289,8.14983177,0,13.3452892,0,0,351,3067,0,0,0,,,,63
42428302,0.5,0.503401339,0,0,0.596336961,0.588278353,0.313235283,0.28412509,15.8576965,0,8.08634663,8.18994713,0,13.3595848,0,0,351,3051,0,0,0,,,,63
42429432,0.5,0,0,0,0,0,0.313235283,0.28412509,15.9667778,0,8.6439209,8.48553658,0,13.4096212,0,0,351,3051,0,0,0,,,,63
42430559,0.5,0,0,0,0,0,0.313235283,0.28412509,15.9395075,0,8.68310261,8.48553658,0,13.3881769,0,0,351,3046,0,0,0,,,,63
42431689,0.5,0.666666687,0,0,0.0322344303,0.0161172152,0.313235283,0.28412509,15.9349623,0,8.60474014,8.45808983,0,13.3953247,0,0,351,3046,0,0,0,,,,63
42432821,0.5,1,0,0,0.00805860758,0,0.313235283,0.28412509,15.9258718,0,8.61076832,8.44753265,0,13.3953247,0,0,351,3046,0,0,0,,,,63
42433951,0.5,0,0,0,0,0,0.313235283,0.28412509,15.9304171,0,8.57460117,8.46442318,0,13.3953247,0,0,351,3033,0,0,0,,,,63
42435078,0.5,0,0,0,0,0.00805860758,0.313235283,0.28412509,15.9349623,0,8.56555939,8.45386696,0,13.3738813,0,0,351,3033,0,0,0,,,,63
42436412,0.5,0,0,0,0,0.00805860758,0.313235283,0.28412509,15.9349623,0,8.5565176,8.45386696,0,13.3953247,0,0,351,3033,0,0,0,,,,63
42437539,0.5,0,0,0,0,0.00805860758,0.313235283,0.28412509,15.9304171,0,8.46308613,8.44964409,0,13.3953247,0,0,351,3031,0,0,0,,,,63
42438668,0.5,0,0,0,0,0,0.313235283,0.28412509,15.9304171,0,8.51733685,8.46020031,0,13.3953247,0,0,351,3031,0,0,0,,,,63
42439801,0.5,0,0,0,0,0.0161172152,0.313235283,0.28412509,15.9349623,0,8.57761478,8.45175552,0,13.3953247,0,0,351,3021,0,0,0,,,,63
42440930,0.5,0,0,0,0,0.00805860758,0.313235283,0.28412509,15.9349623,0,8.58364296,8.44753265,0,13.3953247,0,0,351,3021,0,0,0,,,,63
42442057,0.5,0.5,0,0,0.00805860758,0.00805860758,0.313235283,0.28412509,15.9349623,0,8.57158756,8.45175552,0,13.3738813,0,0,351,3021,0,0,0,,,,63
42443188,0.5,1,0,0,0.00805860758,0,0.313235283,0.28412509,15.9304171,0,8.58062935,8.45175552,0,13.3953247,0,0,351,3021,0,0,0,,,,63
42444314,0.5,0,0,0,0,0,0.313235283,0.28412509,15.9349623,0,8.5565176,8.45597839,0,13.3881769,0,0,351,3021,0,0,0,,,,63
42445444,0.5,1,0,0,0.00805860758,0,0.313235283,0.28412509,15.9349623,0,8.56555939,8.45175552,0,13.3881769,0,0,351,3021,0,0,0,,,,63
42446576,0.5,0,0,0,0,0,0.313235283,0.28412509,15.9304171,0,8.58967113,8.45597839,0,13.4024725,0,0,351,3020,0,0,0,,,,63
42447706,0.5,0,0,0,0,0.00805860758,0.313235283,0.28412509,15.9304171,0,8.56254578,8.45175552,0,13.3953247,0,0,351,3020,0,0,0,,,,63
42448833,0.5,0.5,0,0,0.00805860758,0.00805860758,0.313235283,0.28412509,15.9349623,0,8.59268475,8.44964409,0,13.3953247,0,0,351,3033,0,0,0,,,,63
42449963,0.5,0,0,0,0,0.00805860758,0.313235283,0.28412509,15.9304171,0,8.55350399,8.44964409,0,13.3953247,0,0,351,3033,0,0,0,,,,63
42451090,0.5,0,0,0,0,0,0.313235283,0.28412509,15.9304171,0,8.57158756,8.45808983,0,13.3953247,0,0,351,3033,0,0,0,,,,63
42452225,0.5,1,0,0,0.00805860758,0,0.313235283,0.28412509,15.9258718,0,8.57158756,8.45597839,0,13.4024725,0,0,351,3030,0,0,0,,,,63
42453352,0.5,0.5,0,0,0.00805860758,0.00805860758,0.313235283,0.28412509,15.9349623,0,8.58062935,8.44330978,0,13.3881769,0,0,351,3030,0,0,0,,,,63
42454482,0.5,0,0,0,0,0,0.313235283,0.28412509,15.9304171,0,8.55953121,8.45386696,0,13.3953247,0,0,351,3030,0,0,0,,,,63
42455609,0.5,1,0,0,0.00805860758,0,0.313235283,0.28412509,15.9304171,0,8.5444622,8.44964409,0,13.3953247,0,0,351,3028,0,0,0,,,,63
42456943,0.5,0.5,0,0,0.00805860758,0.00805860758,0.313235283,0.28412509,15.9304171,0,8.57761478,8.45808983,0,13.3953247,0,0,351,3028,0,0,0,,,,63
42458070,0.5,1,0,0,0.00805860758,0,0.313235283,0.28412509,15.9349623,0,8.58364296,8.44753265,0,13.3810291,0,0,351,3038,0,0,0,,,,63
42459205,0.5,1,0,0,0.00805860758,0,0.313235283,0.28412509,15.9349623,0,8.568573,8.44542122,0,13.3953247,0,0,351,3038,0,0,0,,,,63
42460332,0.5,1,0,0,0.00805860758,0,0.313235283,0.28412509,15.9349623,0,8.58062935,8.46020031,0,13.3953247,0,0,351,3038,0,0,0,,,,63
42461462,0.5,1,0,0,0.00805860758,0,0.313235283,0.28412509,15.9304171,0,8.58364296,8.44753265,0,13.3953247,0,0,351,3050,0,0,0,,,,63
42462588,0.5,1,0,0,0.00805860758,0,0.313235283,0.28412509,15.9304171,0,8.55350399,8.44542122,0,13.3881769,0,0,351,3050,0,0,0,,,,63
42463719,0.5,1,0,0,0.00805860758,0,0.313235283,0.28412509,15.9304171,0,8.5444622,8.44753265,0,13.3953247,0,0,351,3050,0,0,0,,,,63
42464850,0.5,0,0,0.646020532,0,0,0.313235283,0.28412509,15.9349623,0,8.56254578,8.44330978,0,13.3953247,0,0,353,3832,0,0,0,,,,63
42465981,0.5,0,0,0.646020532,0,0.00805860758,0.313235283,0.28412509,15.9304171,0,8.5444622,8.45175552,0,13.3881769,0,0,353,3832,0,0,0,,,,63
42467108,0.5,0,0,0.646020532,0,0,0.313235283,0.28412509,15.9304171,0,8.56555939,8.44542122,0,13.3953247,0,0,353,4415,0,0,0,,,,63
42468238,0.5,0,0,0.646648765,0,0,0.313235283,0.28412509,15.9349623,0,8.56555939,8.44964409,0,13.3953247,0,0,353,4415,0,0,0,,,,63
42469365,0.5,0.5,0,0.646648765,0.00805860758,0.00805860758,0.313235283,0.28412509,15.9304171,0,8.58062935,8.43908691,0,13.3953247,0,0,353,4415,0,0,0,,,,63
42470496,0.5,0,0,0.646648765,0,0.00805860758,0.313235283,0.28412509,15.9304171,0,8.5565176,8.45597839,0,13.3953247,0,0,353,4101,0,0,0,,,,63
42471628,0.5,0,0,0.646648765,0,0.00805860758,0.313235283,0.28412509,15.9349623,0,8.53843403,8.44542122,0,13.3953247,0,0,353,4101,0,0,0,,,,63
42472758,0.5,0,0,0.646648765,0,0,0.313235283,0.28412509,15.9304171,0,8.57158756,8.44330978,0,13.3953247,0,0,353,4101,0,0,0,,,,63
42473885,0.5,1,0,0.646648765,0.00805860758,0,0.313235283,0.28412509,15.9349623,0,8.57158756,8.44753265,0,13.3953247,0,0,353,3858,0,0,0,,,,63
42475015,0.5,0,0,0.646648765,0,0.00805860758,0.313235283,0.28412509,15.9304171,0,8.56254578,8.45597839,0,13.3953247,0,0,353,3858,0,0,0,,,,63
42476142,0.5,1,0,0.646648765,0.00805860758,0,0.313235283,0.28412509,15.9349623,0,8.568573,8.45386696,0,13.4024725,0,0,353,3858,0,0,0,,,,63
42477277,0.5,0,0,0.646648765,0,0.00805860758,0.313235283,0.28412509,15.9349623,0,8.54747581,8.44964409,0,13.3953247,0,0,353,3679,0,0,0,,,,63
42478608,0.5,0,0,0.646648765,0,0.00805860758,0.313235283,0.28412509,15.9349623,0,8.56254578,8.45808983,0,13.4024725,0,0,353,3679,0,0,0,,,,63
42479738,0.5,1,0,0.646648765,0.00805860758,0,0.313235283,0.28412509,15.9304171,0,8.57761478,8.45175552,0,13.3953247,0,0,353,3550,0,0,0,,,,63
42480865,0.5,0.5,0,0.646648765,0.00805860758,0.00805860758,0.313235283,0.28412509,15.9349623,0,8.58665657,8.45597839,0,13.3953247,0,0,353,3550,0,0,0,,,,63
42481995,0.5,1,0,0.646648765,0.0161172152,0,0.313235283,0.28412509,15.9304171,0,8.56254578,8.44964409,0,13.3953247,0,0,353,3550,0,0,0,,,,63
42483122,0.5,0.5,0,0.646648765,0.00805860758,0.00805860758,0.313235283,0.28412509,15.9304171,0,8.54144764,8.44964409,0,13.3881769,0,0,353,3457,0,0,0,,,,63
42484257,0.5,0,0,0.646648765,0,0,0.313235283,0.28412509,15.9304171,0,8.54747581,8.45175552,0,13.3953247,0,0,353,3457,0,0,0,,,,63
42485384,0.5,1,0,0.646648765,0.00805860758,0,0.313235283,0.28412509,15.9349623,0,8.55953121,8.45175552,0,13.3953247,0,0,353,3457,0,0,0,,,,63
42486514,0.5,0,0,0.646648765,0,0,0.313235283,0.28412509,15.9304171,0,8.54144764,8.44753265,0,13.4024725,0,0,353,3383,0,0,0,,,,63
42487641,0.5,0,0,0.646648765,0,0,0.313235283,0.28412509,15.9349623,0,8.58364296,8.44542122,0,13.3953247,0,0,353,3383,0,0,0,,,,63
42488771,0.5,0.5,0,0.646648765,0.00805860758,0.00805860758,0.313235283,0.28412509,15.9304171,0,8.58062935,8.44964409,0,13.3953247,0,0,353,3383,0,0,0,,,,63
42489898,0.5,1,0,0.646648765,0.00805860758,0,0.313235283,0.28412509,15.9349623,0,8.59268475,8.45597839,0,13.3953247,0,0,353,3332,0,0,0,,,,63
42491033,0.5,0,0,0.646648765,0,0,0.313235283,0.28412509,15.9304171,0,8.57158756,8.44753265,0,13.3881769,0,0,353,3332,0,0,0,,,,63
42492160,0.5,1,0,0.646648765,0.00805860758,0,0.313235283,0.28412509,15.9349623,0,8.59569836,8.45175552,0,13.3953247,0,0,353,3332,0,0,0,,,,63
42493290,0.5,1,0,0.646648765,0.00805860758,0,0.313235283,0.28412509,15.9304171,0,8.56555939,8.44753265,0,13.3953247,0,0,353,3293,0,0,0,,,,63
42494417,0.5,0,0,0.646648765,0,0.00805860758,0.313235283,0.28412509,15.9304171,0,8.53843403,8.45597839,0,13.3953247,0,0,353,3293,0,0,0,,,,63
42495547,0.5,0.5,0,0.646648765,0.00805860758,0.00805860758,0.313235283,0.28412509,15.9349623,0,8.56254578,8.44964409,0,13.3810291,0,0,354,4117,0,0,0,,,,63
42496679,0.5,0,0,0.605435908,0,0.00805860758,0.313235283,0.28412509,15.9304171,0,8.568573,8.44753265,0,13.3953247,0,0,355,4117,0,0,0,,,,63
42497810,0.5,1,0,0.605435908,0.00805860758,0,0.313235283,0.28412509,15.9304171,0,8.5444622,8.45386696,0,13.3953247,0,0,355,4117,0,0,0,,,,63
42499141,0.5,1,0,0.605435908,0.00805860758,0,0.313235283,0.28412509,15.9304171,0,8.55048943,8.44964409,0,13.3953247,0,0,356,3866,0,0,0,,,,63
42500271,0.5,1,0,0.822304726,0.00805860758,0,0.313235283,0.28412509,15.9304171,0,8.55048943,8.44753265,0,13.3953247,0,0,357,3866,0,0,0,,,,63
42501398,0.5,0,0,0.822304726,0,0.00805860758,0.313235283,0.28412509,15.9304171,0,8.56254578,8.44964409,0,13.4024725,0,0,357,3866,0,0,0,,,,63
42502529,0.5,0,0,1.25961256,0,0.00805860758,0.313235283,0.28412509,15.9304171,0,8.57158756,8.43908691,0,13.3953247,0,0,358,3705,0,0,0,,,,63
42503661,0.5,1,0,1.25961256,0.00805860758,0,0.313235283,0.28412509,15.9304171,0,8.568573,8.43908691,0,13.3953247,0,0,359,3705,0,0,0,,,,63
42504791,0.5,0,0,1.25961256,0,0,0.313235283,0.28412509,15.9349623,0,8.56254578,8.44119835,0,13.3953247,0,0,359,3705,0,0,0,,,,63
42505919,0.5,1,0,1.24623537,0.00805860758,0,0.313235283,0.28412509,15.9304171,0,8.57761478,8.44753265,0,13.3953247,0,0,361,3574,0,0,0,,,,63
42507049,0.5,0,0,1.24623537,0,0,0.313235283,0.28412509,15.9304171,0,8.56254578,8.45386696,0,13.3810291,0,0,361,3574,0,0,0,,,,63
42508176,0.5,0,0,1.24623537,0,0.00805860758,0.313235283,0.28412509,15.9349623,0,8.54747581,8.44964409,0,13.3810291,0,0,362,3574,0,0,0,,,,63
42509311,0.5,1,0,1.23946023,0.00805860758,0,0.313235283,0.28412509,15.9304171,0,8.55350399,8.45597839,0,13.3953247,0,0,363,3495,0,0,0,,,,63
42510438,0.5,0.5,0,1.23946023,0.00805860758,0.00805860758,0.313235283,0.28412509,15.9304171,0,8.52035046,8.45175552,0,13.3953247,0,0,363,3495,0,0,0,,,,63
42511568,0.5,1,0,1.23946023,0.00805860758,0,0.313235283,0.28412509,15.9304171,0,8.58364296,8.45175552,0,13.3881769,0,0,364,3432,0,0,0,,,,63
42512696,0.5,0,0,1.22801554,0,0,0.313235283,0.28412509,15.9349623,0,8.57460117,8.43697548,0,13.3953247,0,0,365,3432,0,0,0,,,,63
42513826,0.5,1,0,1.22801554,0.00805860758,0,0.313235283,0.28412509,15.9304171,0,8.55953121,8.44964409,0,13.3953247,0,0,365,3432,0,0,0,,,,63
42514953,0.5,1,0,1.22801554,0.0161172152,0,0.313235283,0.28412509,15.9349623,0,8.5565176,8.44753265,0,13.3953247,0,0,366,3396,0,0,0,,,,63
42516088,0.5,0,0,1.22162366,0,0,0.313235283,0.28412509,15.9349623,0,8.5565176,8.45386696,0,13.3953247,0,0,367,3396,0,0,0,,,,63
42517215,0.5,1,0,1.22162366,0.00805860758,0,0.313235283,0.28412509,15.9304171,0,8.54747581,8.45175552,0,13.3953247,0,0,367,3396,0,0,0,,,,63
42518346,0.5,1,0,1.22162366,0.00805860758,0,0.313235283,0.28412509,15.9349623,0,8.5444622,8.45808983,0,13.4024725,0,0,367,4164,0,0,0,,,,63
42519473,0.5,0.5,0,0.81758666,0.00805860758,0.00805860758,0.313235283,0.28412509,15.9304171,0,8.57460117,8.44330978,0,13.4024725,0,0,367,4164,0,0,0,,,,63
42520807,0.5,0.5,0,0.81758666,0.00805860758,0.00805860758,0.313235283,0.28412509,15.9304171,0,8.56254578,8.44119835,0,13.4024725,0,0,367,4164,0,0,0,,,,63
42521939,0.5,0,0,0.81758666,0,0,0.313235283,0.28412509,15.9304171,0,8.5444622,8.44542122,0,13.3953247,0,0,367,3938,0,0,0,,,,63
42523070,0.5,0,0,0.81758666,0,0.00805860758,0.313235283,0.28412509,15.9304171,0,8.59268475,8.44964409,0,13.3738813,0,0,367,3938,0,0,0,,,,63
42524197,0.5,1,0,0.81758666,0.00805860758,0,0.313235283,0.28412509,15.9349623,0,8.56555939,8.44964409,0,13.3953247,0,0,367,3938,0,0,0,,,,63
42525326,0.5,0,0,0.81758666,0,0,0.313235283,0.28412509,15.9349623,0,8.58062935,8.44753265,0,13.3953247,0,0,367,3776,0,0,0,,,,63
42526453,0.5,0,0,0.81758666,0,0.00805860758,0.313235283,0.28412509,15.9304171,0,8.57158756,8.43697548,0,13.3953247,0,0,367,3776,0,0,0,,,,63
42527583,0.5,0,0,0.81758666,0,0.00805860758,0.313235283,0.28412509,15.9304171,0,8.57460117,8.44542122,0,13.4024725,0,0,367,3776,0,0,0,,,,63
42528715,0.5,0,0,0.81758666,0,0.00805860758,0.313235283,0.28412509,15.9349623,0,8.57158756,8.44964409,0,13.3953247,0,0,367,3647,0,0,0,,,,63
42529845,0.5,0,0,0.81758666,0,0.0161172152,0.313235283,0.28412509,15.9304171,0,8.58364296,8.44964409,0,13.3953247,0,0,367,3647,0,0,0,,,,63
42530972,0.5,0,0,0.81758666,0,0,0.313235283,0.28412509,15.9349623,0,8.5565176,8.44119835,0,13.3953247,0,0,367,3647,0,0,0,,,,63
42532102,0.5,0,0,0.81758666,0,0.00805860758,0.313235283,0.28412509,15.9349623,0,8.58062935,8.44119835,0,13.4024725,0,0,367,3554,0,0,0,,,,63
42533229,0.5,0,0,0.81758666,0,0.00805860758,0.313235283,0.28412509,15.9349623,0,8.58364296,8.44964409,0,13.3953247,0,0,367,3554,0,0,0,,,,63
42534363,0.5,0,0,0.81758666,0,0.00805860758,0.313235283,0.28412509,15.9304171,0,8.57460117,8.45597839,0,13.3953247,0,0,367,3554,0,0,0,,,,63
42535491,0.5,0.5,0,0.81758666,0.00805860758,0.00805860758,0.313235283,0.28412509,15.9349623,0,8.57761478,8.44330978,0,13.3953247,0,0,367,3495,0,0,0,,,,63
42536620,0.5,0,0,0.81758666,0,0,0.313235283,0.28412509,15.9304171,0,8.53843403,8.44542122,0,13.3953247,0,0,367,3495,0,0,0,,,,63
42537748,0.5,1,0,0.81758666,0.00805860758,0,0.313235283,0.28412509,15.9304171,0,8.5565176,8.45386696,0,13.3953247,0,0,367,3495,0,0,0,,,,63
42538878,0.5,1,0,0.81758666,0.00805860758,0,0.313235283,0.28412509,15.9349623,0,8.56555939,8.43697548,0,13.3953247,0,0,367,3455,0,0,0,,,,63
42540005,0.5,0.5,0,0.81758666,0.00805860758,0.00805860758,0.313235283,0.28412509,15.9349623,0,8.55953121,8.43064213,0,13.3953247,0,0,367,3455,0,0,0,,,,63
42541343,0.5,0,0,0.81758666,0,0,0.313235283,0.28412509,15.9258718,0,8.53542042,8.45597839,0,13.3953247,0,0,367,3425,0,0,0,,,,63
42542470,0.5,0,0,0.81758666,0,0,0.313235283,0.28412509,15.9349623,0,8.568573,8.44964409,0,13.3953247,0,0,367,3425,0,0,0,,,,63
42543600,0.5,1,0,0.81758666,0.00805860758,0,0.313235283,0.28412509,15.9304171,0,8.55953121,8.43908691,0,13.4024725,0,0,367,3425,0,0,0,,,,63
42544727,0.5,1,0,0.81758666,0.00805860758,0,0.313235283,0.28412509,15.9349623,0,8.53843403,8.45175552,0,13.3953247,0,0,367,3402,0,0,0,,,,63
42545857,0.5,1,0,0.81758666,0.00805860758,0,0.313235283,0.28412509,15.9349623,0,8.55953121,8.44330978,0,13.3953247,0,0,367,3402,0,0,0,,,,63
42546984,0.5,1,0,0.81758666,0.00805860758,0,0.313235283,0.28412509,15.9304171,0,8.56555939,8.43275356,0,13.3953247,0,0,367,3402,0,0,0,,,,63
42548119,0.5,1,0,0.81758666,0.00805860758,0,0.313235283,0.28412509,15.9304171,0,8.58364296,8.44119835,0,13.3953247,0,0,367,3384,0,0,0,,,,63
42549246,0.5,1,0,0.81758666,0.00805860758,0,0.313235283,0.28412509,15.9349623,0,8.55953121,8.44330978,0,13.3953247,0,0,367,3384,0,0,0,,,,63
42550376,0.5,0,0,0.81758666,0,0.00805860758,0.313235283,0.28412509,15.9349623,0,8.57460117,8.44542122,0,13.3953247,0,0,367,3384,0,0,0,,,,63
42551503,0.5,0.5,0,0.81758666,0.00805860758,0.00805860758,0.313235283,0.28412509,15.9349623,0,8.55953121,8.43908691,0,13.3881769,0,0,367,3385,0,0,0,,,,63
42552633,0.5,0,0,0.81758666,0,0,0.313235283,0.28412509,15.9349623,0,8.5565176,8.43697548,0,13.3953247,0,0,367,3385,0,0,0,,,,63
42553765,0.5,1,0,0.81758666,0.00805860758,0,0.313235283,0.28412509,15.9304171,0,8.58062935,8.43486404,0,13.3953247,0,0,367,3385,0,0,0,,,,63
42554895,0.5,0.5,0,0.81758666,0.00805860758,0.00805860758,0.313235283,0.28412509,15.9349623,0,8.56555939,8.43908691,0,13.3953247,0,0,367,3381,0,0,0,,,,63
42556022,0.5,0,0,0.81758666,0,0.00805860758,0.313235283,0.28412509,15.9349623,0,8.59268475,8.44330978,0,13.3953247,0,0,367,3381,0,0,0,,,,63
42557152,0.5,0,0,0.81758666,0,0,0.313235283,0.28412509,15.9349623,0,8.56555939,8.43908691,0,13.3953247,0,0,367,3381,0,0,0,,,,63
42558279,0.5,0,0,0.81758666,0,0,0.313235283,0.28412509,15.9304171,0,8.55048943,8.44753265,0,13.3953247,0,0,367,3389,0,0,0,,,,63
42559409,0.5,0,0,0.81758666,0,0,0.313235283,0.28412509,15.9304171,0,8.55953121,8.45386696,0,13.3953247,0,0,367,3389,0,0,0,,,,63
42560541,0.5,0,0,0.81758666,0,0,0.313235283,0.28412509,15.9349623,0,8.57761478,8.42853069,0,13.4024725,0,0,367,3389,0,0,0,,,,63
42561875,0.5,1,0,0.81758666,0.00805860758,0,0.313235283,0.28412509,15.9304171,0,8.56555939,8.43908691,0,13.3953247,0,0,367,3385,0,0,0,,,,63
42563003,0.5,0,0,0.81758666,0,0,0.313235283,0.28412509,15.9349623,0,8.56555939,8.44330978,0,13.3953247,0,0,367,3385,0,0,0,,,,63
42564133,0.5,0,0,0.81758666,0,0.00805860758,0.313235283,0.28412509,15.9349623,0,8.57761478,8.44964409,0,13.3953247,0,0,367,3385,0,0,0,,,,63
42565260,0.5,0,0,0.81758666,0,0,0.313235283,0.28412509,15.9304171,0,8.55953121,8.43908691,0,13.3953247,0,0,367,3399,0,0,0,,,,63
42566394,0.5,0,0,0.81758666,0,0,0.313235283,0.28412509,15.9304171,0,8.568573,8.43697548,0,13.3953247,0,0,367,3399,0,0,0,,,,63
42567521,0.5,0.5,0,0.81758666,0.00805860758,0.00805860758,0.313235283,0.28412509,15.9349623,0,8.54144764,8.43908691,0,13.3953247,0,0,367,3399,0,0,0,,,,63
42568651,0.5,0,0,0.81758666,0,0,0.313235283,0.28412509,15.9258718,0,8.55953121,8.44964409,0,13.3953247,0,0,367,3397,0,0,0,,,,63
42569778,0.5,0,0,0.81758666,0,0,0.313235283,0.28412509,15.9349623,0,8.55350399,8.44964409,0,13.3953247,0,0,367,3397,0,0,0,,,,63
42570909,0.5,0.5,0,0.81758666,0.00805860758,0.00805860758,0.313235283,0.28412509,15.9304171,0,8.5444622,8.43908691,0,13.3953247,0,0,367,3397,0,0,0,,,,63
42572036,0.5,0,0,0.81758666,0,0,0.313235283,0.28412509,15.9349623,0,8.55350399,8.44330978,0,13.3881769,0,0,367,3399,0,0,0,,,,63
42573171,0.5,1,0,0.81758666,0.00805860758,0,0.313235283,0.28412509,15.9349623,0,8.56254578,8.44119835,0,13.3953247,0,0,367,3399,0,0,0,,,,63
42574298,0.5,0,0,0.81758666,0,0,0.313235283,0.28412509,15.9304171,0,8.58062935,8.44119835,0,13.3953247,0,0,367,3399,0,0,0,,,,63
42575428,0.5,0,0,0.81758666,0,0,0.313235283,0.28412509,15.9304171,0,8.57761478,8.43486404,0,13.3953247,0,0,367,3401,0,0,0,,,,63
42576554,0.5,0,0,0.81758666,0,0,0.313235283,0.28412509,15.9349623,0,8.56254578,8.44330978,0,13.3953247,0,0,367,3401,0,0,0,,,,63
42577684,0.5,0,0,0.81758666,0,0.00805860758,0.313235283,0.28412509,15.9304171,0,8.56555939,8.44753265,0,13.3953247,0,0,367,3401,0,0,0,,,,63
42578817,0.5,1,0,0.81758666,0.00805860758,0,0.313235283,0.28412509,15.9304171,0,8.568573,8.45386696,0,13.3953247,0,0,367,3402,0,0,0,,,,63
42579947,0.5,1,0,0.81758666,0.00805860758,0,0.313235283,0.28412509,15.9349623,0,8.5444622,8.44119835,0,13.3953247,0,0,367,3402,0,0,0,,,,63
42581074,0.5,0,0,0.81758666,0,0,0.313235283,0.28412509,15.9349623,0,8.56254578,8.44119835,0,13.3810291,0,0,367,3402,0,0,0,,,,63
42582204,0.5,1,0,0.81758666,0.00805860758,0,0.313235283,0.28412509,15.9304171,0,8.54747581,8.44542122,0,13.3953247,0,0,367,3408,0,0,0,,,,63
42583535,0.5,1,0,0.81758666,0.00805860758,0,0.313235283,0.28412509,15.9304171,0,8.5565176,8.44542122,0,13.3953247,0,0,367,3408,0,0,0,,,,63
42584665,0.5,1,0,0.81758666,0.00805860758,0,0.313235283,0.28412509,15.9304171,0,8.55953121,8.45175552,0,13.3953247,0,0,367,3408,0,0,0,,,,63
42585797,0.5,0.5,0,0.81758666,0.00805860758,0.00805860758,0.313235283,0.28412509,15.9304171,0,8.57460117,8.45175552,0,13.3953247,0,0,367,3428,0,0,0,,,,63
42586927,0.5,1,0,0.81758666,0.00805860758,0,0.313235283,0.28412509,15.9349623,0,8.55953121,8.44964409,0,13.4024725,0,0,367,3428,0,0,0,,,,63
42588054,0.5,1,0,0.81758666,0.0161172152,0,0.313235283,0.28412509,15.9304171,0,8.5444622,8.44964409,0,13.3810291,0,0,367,3428,0,0,0,,,,63
42589183,0.5,1,0,0.81758666,0.00805860758,0,0.313235283,0.28412509,15.9304171,0,8.53542042,8.44753265,0,13.3953247,0,0,367,3456,0,0,0,,,,63
42590310,0.5,1,0,0.81758666,0.00805860758,0,0.313235283,0.28412509,15.9349623,0,8.54747581,8.45175552,0,13.3953247,0,0,367,3456,0,0,0,,,,63
42591441,0.5,1,0,0.81758666,0.00805860758,0,0.313235283,0.28412509,15.9349623,0,8.54144764,8.43697548,0,13.3953247,0,0,367,3456,0,0,0,,,,63
42592572,0.5,0,0,0.81758666,0,0,0.313235283,0.28412509,15.9304171,0,8.57460117,8.44542122,0,13.3953247,0,0,367,3455,0,0,0,,,,63
42593703,0.5,0.5,0,0.81758666,0.00805860758,0.00805860758,0.313235283,0.28412509,15.9304171,0,8.57158756,8.43486404,0,13.3953247,0,0,367,3455,0,0,0,,,,63
42594830,0.5,0,0,0.81758666,0,0,0.313235283,0.28412509,15.9349623,0,8.56555939,8.44119835,0,13.3953247,0,0,367,3455,0,0,0,,,,63
42595959,0.5,0,0,0.81758666,0,0.00805860758,0.313235283,0.28412509,15.9349623,0,8.57761478,8.44119835,0,13.3953247,0,0,367,3468,0,0,0,,,,63
42597086,0.5,0,0,0.81758666,0,0.00805860758,0.313235283,0.28412509,15.9304171,0,8.5565176,8.44119835,0,13.3953247,0,0,367,3468,0,0,0,,,,63
42598221,0.5,1,0,0.81758666,0.00805860758,0,0.313235283,0.28412509,15.9349623,0,8.56254578,8.44330978,0,13.3953247,0,0,367,3468,0,0,0,,,,63
42599348,0.5,1,0,0.81758666,0.00805860758,0,0.313235283,0.28412509,15.9349623,0,8.57158756,8.45386696,0,13.3810291,0,0,367,3472,0,0,0,,,,63
42600478,0.5,1,0,0.81758666,0.00805860758,0,0.313235283,0.28412509,15.9349623,0,8.57460117,8.44542122,0,13.3953247,0,0,367,3472,0,0,0,,,,63
42601605,0.5,1,0,0.81758666,0.00805860758,0,0.313235283,0.28412509,15.9395075,0,8.57761478,8.44542122,0,13.3953247,0,0,367,3472,0,0,0,,,,63
42602735,0.5,0.5,0,0.81758666,0.00805860758,0.00805860758,0.313235283,0.28412509,15.9349623,0,8.55350399,8.44542122,0,13.3953247,0,0,367,3472,0,0,0,,,,63
42604066,0.5,1,0,0.81758666,0.00805860758,0,0.313235283,0.28412509,15.9349623,0,8.58967113,8.44330978,0,13.3881769,0,0,367,3483,0,0,0,,,,63
42605201,0.5,0,0,0.81758666,0,0,0.313235283,0.28412509,15.9304171,0,8.55350399,8.45386696,0,13.3953247,0,0,367,3483,0,0,0,,,,63
42606328,0.5,0.5,0,0.81758666,0.00805860758,0.00805860758,0.313235283,0.28412509,15.9304171,0,8.57460117,8.44330978,0,13.3953247,0,0,367,3490,0,0,0,,,,63
42607458,0.5,1,0,0.81758666,0.00805860758,0,0.313235283,0.28412509,15.9304171,0,8.58364296,8.44542122,0,13.3953247,0,0,367,3490,0,0,0,,,,63
42608585,0.5,0,0,0.81758666,0,0,0.313235283,0.28412509,15.9349623,0,8.55048943,8.43908691,0,13.3953247,0,0,367,3490,0,0,0,,,,63
42609715,0.5,0,0,0.81758666,0,0,0.313235283,0.28412509,15.9349623,0,8.57158756,8.44964409,0,13.3953247,0,0,367,3490,0,0,0,,,,63
42610847,0.5,0,0,0.81758666,0,0,0.313235283,0.28412509,15.9349623,0,8.5565176,8.45386696,0,13.3953247,0,0,367,3505,0,0,0,,,,63
42611976,0.5,0,0,0.81758666,0,0.00805860758,0.313235283,0.28412509,15.9349623,0,8.57460117,8.44964409,0,13.3881769,0,0,367,3505,0,0,0,,,,63
42613103,0.5,0.5,0,0.81758666,0.00805860758,0.00805860758,0.313235283,0.28412509,15.9349623,0,8.57158756,8.45386696,0,13.3953247,0,0,367,3505,0,0,0,,,,63
42614234,0.5,0.5,0,0.81758666,0.00805860758,0.00805860758,0.313235283,0.28412509,15.9349623,0,8.568573,8.44542122,0,13.3881769,0,0,367,3519,0,0,0,,,,63
42615361,0.5,1,0,0.81758666,0.00805860758,0,0.313235283,0.28412509,15.9304171,0,8.53843403,8.44753265,0,13.3953247,0,0,367,3519,0,0,0,,,,63
42616491,0.5,1,0,0.81758666,0.00805860758,0,0.313235283,0.28412509,15.9304171,0,8.55048943,8.44119835,0,13.3953247,0,0,367,3519,0,0,0,,,,63
42617623,0.5,1,0,0.81758666,0.00805860758,0,0.313235283,0.28412509,15.9304171,0,8.57761478,8.44753265,0,13.3953247,0,0,367,3535,0,0,0,,,,63
42618752,0.5,1,0,0.81758666,0.00805860758,0,0.313235283,0.28412509,15.9349623,0,8.58967113,8.45175552,0,13.3953247,0,0,367,3535,0,0,0,,,,63
42619880,0.5,1,0,0.81758666,0.00805860758,0,0.313235283,0.28412509,15.9349623,0,8.58062935,8.44330978,0,13.3953247,0,0,367,3535,0,0,0,,,,63
42621010,0.5,1,0,0.81758666,0.00805860758,0,0.313235283,0.28412509,15.9304171,0,8.5565176,8.45386696,0,13.3953247,0,0,367,3543,0,0,0,,,,63
42622137,0.5,0.5,0,0,0.00805860758,0.00805860758,0.313235283,0.28412509,15.9304171,0,8.568573,8.44964409,0,13.3953247,0,0,367,0,0,0,0,,,,63
42623272,0.5,1,0,0,0.00805860758,0,0.313235283,0.28412509,15.9349623,0,8.57158756,8.44542122,0,13.3953247,0,0,367,0,0,0,0,,,,63
42624398,0.5,0.5,0,0,0.00805860758,0.00805860758,0.313235283,0.28412509,15.9304171,0,8.55048943,8.44542122,0,13.4024725,0,0,367,0,0,0,0,,,,63
42625732,0.5,1,0,0,0.00805860758,0,0.313235283,0.28412509,15.9349623,0,8.55350399,8.44119835,0,13.3953247,0,0,367,0,0,0,0,,,,63
42626860,0.5,1,0,0,0.00805860758,0,0.313235283,0.28412509,15.9349623,0,8.54747581,8.44964409,0,13.3953247,0,0,367,0,0,0,0,,,,63
42627989,0.5,1,0,0,0.00805860758,0,0.313235283,0.28412509,15.9349623,0,8.55048943,8.44964409,0,13.3881769,0,0,367,3577,0,0,0,,,,63
42629116,0.5,1,0,0,0.0161172152,0,0.313235283,0.28412509,15.9349623,0,8.5565176,8.44753265,0,13.3953247,0,0,367,3577,0,0,0,,,,63
42630251,0.5,1,0,0,0.00805860758,0,0.313235283,0.28412509,15.9395075,0,8.57460117,8.44330978,0,13.3953247,0,0,367,3577,0,0,0,,,,63
42631378,0.5,1,0,0,0.0161172152,0,0.313235283,0.28412509,15.9304171,0,8.56254578,8.44542122,0,13.3881769,0,0,367,3592,0,0,0,,,,63
42632508,0.5,1,0,0,0.00805860758,0,0.313235283,0.28412509,15.9304171,0,8.56254578,8.45386696,0,13.3953247,0,0,367,3592,0,0,0,,,,63
42633635,0.5,1,0,0,0.00805860758,0,0.313235283,0.28412509,15.9304171,0,8.56555939,8.44330978,0,13.3953247,0,0,367,3592,0,0,0,,,,63
42634765,0.5,1,0,0,0.00805860758,0,0.313235283,0.28412509,15.9304171,0,8.55048943,8.43275356,0,13.3953247,0,0,367,3592,0,0,0,,,,63
42635892,0.5,0,0,0,0,0.00805860758,0.313235283,0.28412509,15.9304171,0,8.55953121,8.44542122,0,13.3953247,0,0,367,3589,0,0,0,,,,63
42637027,0.5,0,0,0,0,0,0.313235283,0.28412509,15.9304171,0,8.55350399,8.44330978,0,13.3881769,0,0,367,3589,0,0,0,,,,63
42638154,0.5,1,0,0,0.00805860758,0,0.313235283,0.28412509,15.9304171,0,8.56254578,8.44964409,0,13.3953247,0,0,367,3589,0,0,0,,,,63
42639284,0.5,1,0,0,0.00805860758,0,0.313235283,0.28412509,15.9349623,0,8.55953121,8.44119835,0,13.3881769,0,0,367,3597,0,0,0,,,,63
42640411,0.5,1,0,0,0.00805860758,0,0.313235283,0.28412509,15.9304171,0,8.57761478,8.44753265,0,13.3953247,0,0,367,3597,0,0,0,,,,63
42641541,0.5,1,0,0,0.00805860758,0,0.313235283,0.28412509,15.9349623,0,8.55350399,8.44753265,0,13.3953247,0,0,367,3597,0,0,0,,,,63
42642673,0.5,0.5,0,0,0.00805860758,0.00805860758,0.313235283,0.28412509,15.9349623,0,8.58364296,8.44753265,0,13.3953247,0,0,367,3610,0,0,0,,,,63
42643802,0.5,0,0,0,0,0.00805860758,0.313235283,0.28412509,15.9349623,0,8.58665657,8.44753265,0,13.3953247,0,0,367,3610,0,0,0,,,,63
42644930,0.5,0,0,0,0,0.00805860758,0.313235283,0.28412509,15.9349623,0,8.56555939,8.44119835,0,13.3953247,0,0,367,3610,0,0,0,,,,63
42646263,0.5,1,0,0,0.00805860758,0,0.313235283,0.28412509,15.9349623,0,8.55350399,8.44119835,0,13.4024725,0,0,367,3615,0,0,0,,,,63
42647391,0.5,0,0,0,0,0.00805860758,0.313235283,0.28412509,15.9349623,0,8.58062935,8.44542122,0,13.3953247,0,0,367,3615,0,0,0,,,,63
42648520,0.5,0,0,0,0,0,0.313235283,0.28412509,15.9304171,0,8.5565176,8.44119835,0,13.3953247,0,0,367,3615,0,0,0,,,,63
42649652,0.5,0,0,0,0,0,0.313235283,0.28412509,15.9349623,0,8.5444622,8.45175552,0,13.3953247,0,0,367,3638,0,0,0,,,,63
42650782,0.5,0,0,0,0,0.00805860758,0.313235283,0.28412509,15.9304171,0,8.58967113,8.44119835,0,13.3953247,0,0,367,3638,0,0,0,,,,63
42651909,0.5,1,0,0,0.00805860758,0,0.313235283,0.28412509,15.9304171,0,8.55350399,8.45175552,0,13.3953247,0,0,367,3638,0,0,0,,,,63
42653039,0.5,0,0,0,0,0,0.313235283,0.28412509,15.9304171,0,8.57761478,8.44753265,0,13.3881769,0,0,367,3638,0,0,0,,,,63
42654166,0.5,1,0,0,0.00805860758,0,0.313235283,0.28412509,15.9304171,0,8.59268475,8.44119835,0,13.3953247,0,0,367,3624,0,0,0,,,,63
42655300,0.5,0.5,0,0,0.00805860758,0.00805860758,0.313235283,0.28412509,15.9349623,0,8.568573,8.43697548,0,13.3953247,0,0,367,3624,0,0,0,,,,63
42656427,0.5,0,0,0,0,0.00805860758,0.313235283,0.28412509,15.9349623,0,8.54747581,8.43486404,0,13.3953247,0,0,367,3624,0,0,0,,,,63
42657557,0.5,1,0,0,0.00805860758,0,0.313235283,0.28412509,15.9349623,0,8.56555939,8.44542122,0,13.3953247,0,0,367,3633,0,0,0,,,,63
42658684,0.5,0,0,0,0,0,0.313235283,0.28412509,15.9304171,0,8.54747581,8.44753265,0,13.3953247,0,0,367,3633,0,0,0,,,,63
42659814,0.5,0,0,0,0,0,0.313235283,0.28412509,15.9349623,0,8.56555939,8.44964409,0,13.3953247,0,0,367,3633,0,0,0,,,,63
42660941,0.5,1,0,0,0.00805860758,0,0.313235283,0.28412509,15.9304171,0,8.52336502,8.43486404,0,13.3881769,0,0,367,3643,0,0,0,,,,63
42662075,0.5,0,0,0,0,0.00805860758,0.313235283,0.28412509,15.9349623,0,8.59569836,8.44330978,0,13.3953247,0,0,367,3643,0,0,0,,,,63
42663202,0.5,0,0,0,0,0.00805860758,0.313235283,0.28412509,15.9258718,0,8.58062935,8.44964409,0,13.3953247,0,0,367,3643,0,0,0,,,,63
42664332,0.5,0,0,0,0,0.00805860758,0.313235283,0.28412509,15.9349623,0,8.568573,8.44964409,0,13.3953247,0,0,367,3652,0,0,0,,,,63
42665459,0.5,0.5,0,0,0.00805860758,0.00805860758,0.313235283,0.28412509,15.9349623,0,8.58967113,8.43486404,0,13.3953247,0,0,367,3652,0,0,0,,,,63
42666793,0.5,0,0,0,0,0,0.313235283,0.28412509,15.9349623,0,8.57761478,8.45175552,0,13.3881769,0,0,367,3652,0,0,0,,,,63
42667925,0.5,0.5,0,0,0.00805860758,0.00805860758,0.313235283,0.28412509,15.9349623,0,8.57158756,8.44119835,0,13.3953247,0,0,367,3665,0,0,0,,,,63
42669054,0.5,0,0,0,0,0.00805860758,0.313235283,0.28412509,15.9304171,0,8.55048943,8.44330978,0,13.3810291,0,0,367,3665,0,0,0,,,,63
42670181,0.5,0,0,0,0,0.00805860758,0.313235283,0.28412509,15.9304171,0,8.57460117,8.43908691,0,13.3953247,0,0,367,3665,0,0,0,,,,63
42671311,0.5,0,0,0,0,0.00805860758,0.313235283,0.28412509,15.9304171,0,8.57460117,8.44330978,0,13.3953247,0,0,367,3665,0,0,0,,,,63
42672438,0.5,0,0,0,0,0,0.313235283,0.28412509,15.9349623,0,8.5565176,8.44964409,0,13.3953247,0,0,367,3690,0,0,0,,,,63
42673568,0.5,0,0,0,0,0.00805860758,0.313235283,0.28412509,15.9304171,0,8.56254578,8.44753265,0,13.3953247,0,0,367,3690,0,0,0,,,,63
42674700,0.5,0,0,0,0,0,0.313235283,0.28412509,15.9349623,0,8.58062935,8.44542122,0,13.3953247,0,0,367,3690,0,0,0,,,,63
42675830,0.5,0,0,0,0,0.00805860758,0.313235283,0.28412509,15.9349623,0,8.5444622,8.44542122,0,13.3881769,0,0,367,3676,0,0,0,,,,63
42676957,0.5,0,0,0,0,0,0.313235283,0.28412509,15.9349623,0,8.58062935,8.44753265,0,13.3953247,0,0,367,3676,0,0,0,,,,63
42678087,0.5,0,0,0,0,0.00805860758,0.313235283,0.28412509,15.9349623,0,8.56254578,8.44753265,0,13.3953247,0,0,367,3676,0,0,0,,,,63
42679214,0.5,0,0,0,0,0.00805860758,0.313235283,0.28412509,15.9349623,0,8.56254578,8.44542122,0,13.3953247,0,0,367,3703,0,0,0,,,,63
42680348,0.5,1,0,0,0.00805860758,0,0.313235283,0.28412509,15.9304171,0,8.57761478,8.44542122,0,13.3953247,0,0,367,3703,0,0,0,,,,63
42681475,0.5,0,0,0,0,0.00805860758,0.313235283,0.28412509,15.9349623,0,8.5444622,8.43908691,0,13.3953247,0,0,367,3703,0,0,0,,,,63
42682605,0.5,0,0,0,0,0.00805860758,0.313235283,0.28412509,15.9349623,0,8.57761478,8.44753265,0,13.3953247,0,0,367,3703,0,0,0,,,,63
42683732,0.5,0,0,0,0,0.00805860758,0.313235283,0.28412509,15.9349623,0,8.58665657,8.44753265,0,13.3953247,0,0,367,3720,0,0,0,,,,63
42684862,0.5,0,0,0,0,0.00805860758,0.313235283,0.28412509,15.9349623,0,8.56555939,8.44119835,0,13.4024725,0,0,367,3720,0,0,0,,,,63
42685989,0.5,0,0,0,0,0.00805860758,0.313235283,0.28412509,15.9304171,0,8.56555939,8.44330978,0,13.4024725,0,0,367,3720,0,0,0,,,,63
42687124,0.5,0,0,0,0,0,0.313235283,0.28412509,15.9349623,0,8.55048943,8.44542122,0,13.3953247,0,0,367,3728,0,0,0,,,,63
42688454,0.5,1,0,0,0.0161172152,0,0.313235283,0.28412509,15.9304171,0,8.58967113,8.44964409,0,13.3953247,0,0,367,3728,0,0,0,,,,63
42689584,0.5,1,0,0,0.00805860758,0,0.313235283,0.28412509,15.9304171,0,8.53240585,8.45597839,0,13.3953247,0,0,367,3728,0,0,0,,,,63
42690711,0.5,0,0,0,0,0.00805860758,0.313235283,0.28412509,15.9349623,0,8.5444622,8.44542122,0,13.3953247,0,0,367,3739,0,0,0,,,,63
42691841,0.5,1,0,0,0.00805860758,0,0.313235283,0.28412509,15.9349623,0,8.55048943,8.44119835,0,13.3953247,0,0,367,3739,0,0,0,,,,63
42692968,0.5,0,0,0,0,0,0.313235283,0.28412509,15.9349623,0,8.58062935,8.45175552,0,13.4024725,0,0,367,3739,0,0,0,,,,63
42694103,0.5,1,0,0,0.00805860758,0,0.313235283,0.28412509,15.9304171,0,8.568573,8.45386696,0,13.3953247,0,0,367,3739,0,0,0,,,,63
42695230,0.5,1,0,0,0.00805860758,0,0.313235283,0.28412509,15.9258718,0,8.57460117,8.44964409,0,13.3953247,0,0,367,3755,0,0,0,,,,63
42696360,0.5,1,0,0,0.00805860758,0,0.313235283,0.28412509,15.9304171,0,8.5565176,8.44753265,0,13.3953247,0,0,367,3755,0,0,0,,,,63
42697487,0.5,1,0,0,0.00805860758,0,0.313235283,0.28412509,15.9349623,0,8.52939224,8.44119835,0,13.3953247,0,0,367,3755,0,0,0,,,,63
42698617,0.5,1,0,0,0.00805860758,0,0.313235283,0.28412509,15.9304171,0,8.568573,8.44542122,0,13.3953247,0,0,367,3754,0,0,0,,,,63
42699749,0.5,0.5,0,0,0.00805860758,0.00805860758,0.313235283,0.28412509,15.9349623,0,8.56555939,8.43908691,0,13.3953247,0,0,367,3754,0,0,0,,,,63
42700878,0.5,0,0,0,0,0,0.313235283,0.28412509,15.9349623,0,8.58364296,8.44542122,0,13.3953247,0,0,367,3754,0,0,0,,,,63
42702005,0.5,1,0,0,0.00805860758,0,0.313235283,0.28412509,15.9349623,0,8.58665657,8.44330978,0,13.3953247,0,0,367,3760,0,0,0,,,,63
42703136,0.5,0,0,0,0,0,0.313235283,0.28412509,15.9349623,0,8.56555939,8.43908691,0,13.3953247,0,0,367,3760,0,0,0,,,,63
42704262,0.5,0,0,0,0,0,0.313235283,0.28412509,15.9349623,0,8.56555939,8.45386696,0,13.3953247,0,0,367,3760,0,0,0,,,,63
42705392,0.5,1,0,0,0.00805860758,0,0.313235283,0.28412509,15.9349623,0,8.58062935,8.44753265,0,13.3953247,0,0,367,3760,0,0,0,,,,63
42706524,0.5,0,0,0,0,0,0.313235283,0.28412509,15.9304171,0,8.59569836,8.44330978,0,13.3953247,0,0,367,3774,0,0,0,,,,63
42707654,0.5,0,0,0,0,0,0.313235283,0.28412509,15.9349623,0,8.56254578,8.44542122,0,13.3953247,0,0,367,3774,0,0,0,,,,63
42708985,0.5,1,0,0,0.00805860758,0,0.313235283,0.28412509,15.9349623,0,8.55350399,8.44964409,0,13.3953247,0,0,367,3774,0,0,0,,,,63
42710115,0.5,1,0,0,0.00805860758,0,0.313235283,0.28412509,15.9304171,0,8.57761478,8.44119835,0,13.3953247,0,0,367,3773,0,0,0,,,,63
42711242,0.5,0.5,0,0,0.00805860758,0.00805860758,0.313235283,0.28412509,15.9258718,0,8.568573,8.44330978,0,13.3953247,0,0,367,3773,0,0,0,,,,63
42712377,0.5,1,0,0,0.00805860758,0,0.313235283,0.28412509,15.9349623,0,8.58364296,8.45175552,0,13.3953247,0,0,367,3773,0,0,0,,,,63
42713503,0.5,0.5,0,0,0.00805860758,0.00805860758,0.313235283,0.28412509,15.9304171,0,8.52637863,8.44753265,0,13.3953247,0,0,367,3779,0,0,0,,,,63
42714633,0.5,0,0,0,0,0.00805860758,0.313235283,0.28412509,15.9349623,0,8.5565176,8.44753265,0,13.3953247,0,0,367,3779,0,0,0,,,,63
42715760,0.5,0,0,0,0,0.00805860758,0.313235283,0.28412509,15.9304171,0,8.58364296,8.44119835,0,13.3881769,0,0,367,3779,0,0,0,,,,63
42716890,0.5,0,0,0,0,0.00805860758,0.313235283,0.28412509,15.9349623,0,8.57460117,8.44330978,0,13.3953247,0,0,367,3779,0,0,0,,,,63
42718017,0.5,0.5,0,0,0.00805860758,0.00805860758,0.313235283,0.28412509,15.9304171,0,8.55953121,8.45386696,0,13.3953247,0,0,367,3809,0,0,0,,,,63
42719152,0.5,0,0,0,0,0.00805860758,0.313235283,0.28412509,15.9304171,0,8.58665657,8.43275356,0,13.3953247,0,0,367,3809,0,0,0,,,,63
42720279,0.5,0,0,0,0,0.00805860758,0.313235283,0.28412509,15.9304171,0,8.56254578,8.43697548,0,13.3953247,0,0,367,3809,0,0,0,,,,63
42721409,0.5,0,0,0,0,0,0.313235283,0.28412509,15.9349623,0,8.54747581,8.44753265,0,13.3953247,0,0,367,3794,0,0,0,,,,63
42722536,0.5,1,0,0,0.00805860758,0,0.313235283,0.28412509,15.9349623,0,8.57158756,8.45175552,0,13.3953247,0,0,367,3794,0,0,0,,,,63
42723665,0.5,0,0,0,0,0,0.313235283,0.28412509,15.9304171,0,8.54747581,8.44119835,0,13.3953247,0,0,367,3794,0,0,0,,,,63
42724797,0.5,1,0,0,0.00805860758,0,0.313235283,0.28412509,15.9349623,0,8.58062935,8.44330978,0,13.3953247,0,0,367,3807,0,0,0,,,,63
42725927,0.5,0,0,0,0,0.00805860758,0.313235283,0.28412509,15.9349623,0,8.55953121,8.43908691,0,13.3953247,0,0,367,3807,0,0,0,,,,63
42727055,0.5,0.5,0,0,0.00805860758,0.00805860758,0.313235283,0.28412509,15.9349623,0,8.55350399,8.44964409,0,13.3810291,0,0,367,3807,0,0,0,,,,63
42728184,0.5,0,0,0,0,0,0.313235283,0.28412509,15.9304171,0,8.568573,8.45386696,0,13.3953247,0,0,367,3807,0,0,0,,,,63
42729311,0.5,0.5,0,0,0.00805860758,0.00805860758,0.313235283,0.28412509,15.9349623,0,8.59268475,8.45597839,0,13.3953247,0,0,367,3818,0,0,0,,,,63
42730645,0.5,0,0,0,0,0,0.313235283,0.28412509,15.9304171,0,8.57460117,8.45175552,0,13.3953247,0,0,367,3818,0,0,0,,,,63
42731777,0.5,1,0,0,0.00805860758,0,0.313235283,0.28412509,15.9349623,0,8.55953121,8.44542122,0,13.4024725,0,0,367,3818,0,0,0,,,,63
42732907,0.5,0.5,0,0,0.00805860758,0.00805860758,0.313235283,0.28412509,15.9304171,0,8.58364296,8.45175552,0,13.3953247,0,0,367,3831,0,0,0,,,,63
42734034,0.5,0,0,0,0,0.00805860758,0.313235283,0.28412509,15.9349623,0,8.56254578,8.43697548,0,13.3810291,0,0,367,3831,0,0,0,,,,63
42735164,0.5,0,0,0,0,0.00805860758,0.313235283,0.28412509,15.9304171,0,8.57158756,8.43908691,0,13.3953247,0,0,367,3831,0,0,0,,,,63
42736291,0.5,0.5,0,0,0.00805860758,0.00805860758,0.313235283,0.28412509,15.9349623,0,8.5565176,8.44753265,0,13.3953247,0,0,367,3840,0,0,0,,,,63
42737421,0.5,0,0,0,0,0,0.313235283,0.28412509,15.9349623,0,8.54144764,8.44753265,0,13.3953247,0,0,367,3840,0,0,0,,,,63
42738553,0.5,1,0,0,0.00805860758,0,0.313235283,0.28412509,15.9349623,0,8.56555939,8.45175552,0,13.3953247,0,0,367,3840,0,0,0,,,,63
42739683,0.5,1,0,0,0.00805860758,0,0.313235283,0.28412509,15.9349623,0,8.56254578,8.44753265,0,13.4024725,0,0,367,3840,0,0,0,,,,63
42740810,0.5,0.5,0,0,0.00805860758,0.00805860758,0.313235283,0.28412509,15.9304171,0,8.57761478,8.44753265,0,13.3953247,0,0,367,3838,0,0,0,,,,63
42741940,0.5,1,0,0,0.00805860758,0,0.313235283,0.28412509,15.9304171,0,8.56254578,8.43908691,0,13.3953247,0,0,367,3838,0,0,0,,,,63
42743067,0.5,0,0,0,0,0,0.313235283,0.28412509,15.9349623,0,8.55048943,8.44753265,0,13.3810291,0,0,367,3838,0,0,0,,,,63
42744202,0.5,0.5,0,0,0.00805860758,0.00805860758,0.313235283,0.28412509,15.9349623,0,8.57158756,8.44964409,0,13.3881769,0,0,367,3857,0,0,0,,,,63
42745328,0.5,0,0,0,0,0,0.313235283,0.28412509,15.9349623,0,8.58062935,8.43908691,0,13.3953247,0,0,367,3857,0,0,0,,,,63
42746458,0.5,0,0,0,0,0.00805860758,0.313235283,0.28412509,15.9304171,0,8.57158756,8.45175552,0,13.4024725,0,0,367,3857,0,0,0,,,,63
42747585,0.5,0,0,0,0,0,0.313235283,0.28412509,15.9349623,0,8.58967113,8.44964409,0,13.3953247,0,0,367,3857,0,0,0,,,,63
42748715,0.5,1,0,0,0.00805860758,0,0.313235283,0.28412509,15.9304171,0,8.56254578,8.44119835,0,13.3953247,0,0,367,3863,0,0,0,,,,63
42749842,0.5,0,0,0,0,0.00805860758,0.313235283,0.28412509,15.9349623,0,8.58364296,8.43697548,0,13.3953247,0,0,367,3863,0,0,0,,,,63
42751181,0.5,0.5,0,0,0.00805860758,0.00805860758,0.313235283,0.28412509,15.9304171,0,8.56254578,8.44542122,0,13.3953247,0,0,367,3863,0,0,0,,,,63
42752308,0.5,0,0,0,0,0.00805860758,0.313235283,0.28412509,15.9304171,0,8.58364296,8.44330978,0,13.3953247,0,0,367,3866,0,0,0,,,,63
42753439,0.5,0.5,0,0,0.00805860758,0.00805860758,0.313235283,0.28412509,15.9349623,0,8.58967113,8.44330978,0,13.3953247,0,0,367,3866,0,0,0,,,,63
42754565,0.5,0,0,0,0,0.00805860758,0.313235283,0.28412509,15.9304171,0,8.57158756,8.44330978,0,13.3953247,0,0,367,3866,0,0,0,,,,63
42755695,0.5,0,0,0,0,0,0.313235283,0.28412509,15.9304171,0,8.57158756,8.44330978,0,13.3953247,0,0,367,3874,0,0,0,,,,63
42756827,0.5,0,0,0,0,0.00805860758,0.313235283,0.28412509,15.9349623,0,8.56254578,8.44753265,0,13.3953247,0,0,367,3874,0,0,0,,,,63
42757957,0.5,0,0,0,0,0.00805860758,0.313235283,0.28412509,15.9349623,0,8.55953121,8.44330978,0,13.3953247,0,0,367,3874,0,0,0,,,,63
42759084,0.5,0.5,0,0,0.00805860758,0.00805860758,0.313235283,0.28412509,15.9349623,0,8.58364296,8.44542122,0,13.3953247,0,0,367,3874,0,0,0,,,,63
42760214,0.5,0,0,0,0,0.00805860758,0.313235283,0.28412509,15.9304171,0,8.55953121,8.43697548,0,13.3953247,0,0,367,3892,0,0,0,,,,63
42761341,0.5,0,0,0,0,0,0.313235283,0.28412509,15.9304171,0,8.55953121,8.45175552,0.00714798551,13.3953247,0,0,367,3892,0,0,0,,,,63
42762471,0.5,0,0,0,0,0,0.313235283,0.28412509,15.9304171,0,8.55048943,8.44753265,0,13.3953247,0,0,367,3892,0,0,0,,,,63
42763603,0.5,1,0,0,0.00805860758,0,0.313235283,0.28412509,15.9304171,0,8.56254578,8.44964409,0,13.3953247,0,0,367,3889,0,0,0,,,,63
42764732,0.5,0,0,0,0,0,0.313235283,0.28412509,15.9304171,0,8.58062935,8.45597839,0,13.4024725,0,0,367,3889,0,0,0,,,,63
42765859,0.5,0,0,0,0,0.00805860758,0.313235283,0.28412509,15.9304171,0,8.57158756,8.44753265,0,13.3953247,0,0,367,3889,0,0,0,,,,63
42766989,0.5,0,0,0,0,0.00805860758,0.313235283,0.28412509,15.9349623,0,8.57761478,8.44330978,0,13.3953247,0,0,367,3889,0,0,0,,,,63
42768116,0.5,0,0,0,0,0.00805860758,0.313235283,0.28412509,15.9349623,0,8.55048943,8.43275356,0,13.4024725,0,0,367,3903,0,0,0,,,,63
42769251,0.5,0,0,0,0,0.00805860758,0.313235283,0.28412509,15.9349623,0,8.57460117,8.44330978,0,13.3953247,0,0,367,3903,0,0,0,,,,63
42770378,0.5,0,0,0,0,0.00805860758,0.313235283,0.28412509,15.9349623,0,8.568573,8.44119835,0,13.3953247,0,0,367,3903,0,0,0,,,,63
42771508,0.5,0,0,0,0,0,0.313235283,0.28412509,15.9304171,0,8.5565176,8.45386696,0,13.3953247,0,0,367,3918,0,0,0,,,,63
42772839,0.5,0,0,0,0,0.00805860758,0.313235283,0.28412509,15.9349623,0,8.57761478,8.44330978,0,13.3953247,0,0,367,3918,0,0,0,,,,63
42773970,0.5,0,0,0,0,0,0.313235283,0.28412509,15.9304171,0,8.55953121,8.43908691,0,13.4024725,0,0,367,3918,0,0,0,,,,63
42775096,0.5,0,0,0,0,0.00805860758,0.313235283,0.28412509,15.9349623,0,8.58364296,8.43697548,0,13.3953247,0,0,367,3918,0,0,0,,,,63
42776231,0.5,0,0,0,0,0,0.313235283,0.28412509,15.9304171,0,8.56555939,8.44119835,0,13.3953247,0,0,367,3907,0,0,0,,,,63
42777358,0.5,0,0,0,0,0.00805860758,0.313235283,0.28412509,15.9304171,0,8.58364296,8.44119835,0,13.3953247,0,0,367,3907,0,0,0,,,,63
42778488,0.5,0,0,0,0,0.00805860758,0.313235283,0.28412509,15.9349623,0,8.57158756,8.44330978,0,13.4024725,0,0,367,3907,0,0,0,,,,63
42779615,0.5,0,0,0,0,0.00805860758,0.313235283,0.28412509,15.9304171,0,8.56555939,8.44542122,0,13.3953247,0,0,367,3937,0,0,0,,,,63
42780745,0.5,0,0,0,0,0.00805860758,0.313235283,0.28412509,15.9304171,0,8.57761478,8.43275356,0,13.3953247,0,0,367,3937,0,0,0,,,,63
42781872,0.5,0,0,0,0,0.00805860758,0.313235283,0.28412509,15.9349623,0,8.57158756,8.44330978,0,13.3953247,0,0,367,3937,0,0,0,,,,63
42783007,0.5,1,0,0,0.00805860758,0,0.313235283,0.28412509,15.9304171,0,8.56555939,8.44330978,0,13.3953247,0,0,367,3937,0,0,0,,,,63
42784134,0.5,0,0,0,0,0.00805860758,0.313235283,0.28412509,15.9349623,0,8.58062935,8.44964409,0,13.3953247,0,0,367,3949,0,0,0,,,,63
42785263,0.5,0,0,0,0,0.00805860758,0.313235283,0.28412509,15.9304171,0,8.58364296,8.43908691,0,13.3953247,0,0,367,3949,0,0,0,,,,63
42786390,0.5,0,0,0,0,0,0.313235283,0.28412509,15.9349623,0,8.57460117,8.44119835,0,13.3953247,0,0,367,3949,0,0,0,,,,63
42787520,0.5,0,0,0,0,0.00805860758,0.313235283,0.28412509,15.9304171,0,8.56555939,8.43697548,0,13.3953247,0,0,367,3946,0,0,0,,,,63
42788652,0.5,0,0,0,0,0.00805860758,0.313235283,0.28412509,15.9304171,0,8.57158756,8.43908691,0,13.3881769,0,0,367,3946,0,0,0,,,,63
42789782,0.5,0,0,0,0,0,0.313235283,0.28412509,15.9349623,0,8.58062935,8.44542122,0,13.3953247,0,0,367,3946,0,0,0,,,,63
42790909,0.5,0,0,0,0,0,0.313235283,0.28412509,15.9349623,0,8.53843403,8.44330978,0,13.3953247,0,0,367,3946,0,0,0,,,,63
42792039,0.5,0.5,0,0,0.00805860758,0.00805860758,0.313235283,0.28412509,15.9349623,0,8.58062935,8.44330978,0,13.3881769,0,0,367,3979,0,0,0,,,,63
42793370,0.5,0.5,0,0,0.00805860758,0.00805860758,0.313235283,0.28412509,15.9349623,0,8.55953121,8.44119835,0,13.3953247,0,0,367,3979,0,0,0,,,,63
42794501,0.5,1,0,0,0.00805860758,0,0.313235283,0.28412509,15.9304171,0,8.55953121,8.44753265,0,13.3953247,0,0,367,3979,0,0,0,,,,63
42795632,0.5,0.666666687,0,0,0.0161172152,0.00805860758,0.313235283,0.28412509,15.9258718,0,8.56254578,8.44964409,0,13.3953247,0,0,367,3973,0,0,0,,,,63
42796763,0.5,0.5,0,0,0.00805860758,0.00805860758,0.313235283,0.28412509,15.9304171,0,8.57761478,8.44753265,0,13.3953247,0,0,367,3973,0,0,0,,,,63
42797890,0.5,0,0,0,0,0,0.313235283,0.28412509,15.9304171,0,8.58062935,8.44753265,0,13.3953247,0,0,367,3973,0,0,0,,,,63
42799020,0.5,0,0,0,0,0,0.313235283,0.28412509,15.9349623,0,8.568573,8.43697548,0,13.3953247,0,0,367,3973,0,0,0,,,,63
42800146,0.5,0,0,0,0,0.00805860758,0.313235283,0.28412509,15.9304171,0,8.5565176,8.43908691,0,13.3953247,0,0,367,3976,0,0,0,,,,63
42801281,0.5,0,0,0,0,0,0.313235283,0.28412509,15.9304171,0,8.568573,8.44964409,0,13.3953247,0,0,367,3976,0,0,0,,,,63
42802408,0.5,0,0,0,0,0,0.313235283,0.28412509,15.9349623,0,8.568573,8.44964409,0,13.3953247,0,0,367,3976,0,0,0,,,,63
42803538,0.5,0,0,0,0,0.00805860758,0.313235283,0.28412509,15.9349623,0,8.58364296,8.44542122,0,13.3953247,0,0,367,4007,0,0,0,,,,63
42804665,0.5,0.5,0,0,0.00805860758,0.00805860758,0.313235283,0.28412509,15.9349623,0,8.568573,8.44753265,0,13.3953247,0,0,367,4007,0,0,0,,,,63
42805795,0.5,0.5,0,0,0.00805860758,0.00805860758,0.313235283,0.28412509,15.9304171,0,8.58062935,8.44542122,0,13.3881769,0,0,367,4007,0,0,0,,,,63
42806922,0.5,1,0,0,0.00805860758,0,0.313235283,0.28412509,15.9304171,0,8.58967113,8.44542122,0,13.3953247,0,0,367,4007,0,0,0,,,,63
42808057,0.5,1,0,0,0.00805860758,0,0.313235283,0.28412509,15.9304171,0,8.57761478,8.45386696,0,13.3810291,0,0,367,3995,0,0,0,,,,63
42809183,0.5,0.5,0,0,0.00805860758,0.00805860758,0.313235283,0.28412509,15.9304171,0,8.59569836,8.45175552,0,13.3953247,0,0,367,3995,0,0,0,,,,63
42810313,0.5,1,0,0,0.00805860758,0,0.313235283,0.28412509,15.9349623,0,8.57158756,8.44964409,0,13.3953247,0,0,367,3995,0,0,0,,,,63
42811440,0.5,0.5,0,0,0.00805860758,0.00805860758,0.313235283,0.28412509,15.9304171,0,8.53843403,8.44964409,0,13.3953247,0,0,367,4007,0,0,0,,,,63
42812570,0.5,1,0,0,0.00805860758,0,0.313235283,0.28412509,15.9304171,0,8.54144764,8.44119835,0,13.3953247,0,0,367,4007,0,0,0,,,,63
42813906,0.5,1,0,0,0.00805860758,0,0.313235283,0.28412509,15.9304171,0,8.58364296,8.44753265,0,13.3953247,0,0,367,4007,0,0,0,,,,63
42815036,0.5,1,0,0,0.00805860758,0,0.313235283,0.28412509,15.9349623,0,8.57158756,8.44753265,0,13.3881769,0,0,367,4007,0,0,0,,,,63
42816163,0.5,1,0,0,0.00805860758,0,0.313235283,0.28412509,15.9304171,0,8.5565176,8.45386696,0,13.3953247,0,0,367,4026,0,0,0,,,,63
42817293,0.5,1,0,0,0.00805860758,0,0.313235283,0.28412509,15.9349623,0,8.54144764,8.44330978,0,13.3953247,0,0,367,4026,0,0,0,,,,63
42818420,0.5,1,0,0,0.00805860758,0,0.313235283,0.28412509,15.9349623,0,8.568573,8.44542122,0,13.3953247,0,0,367,4026,0,0,0,,,,63
42819550,0.5,1,0,0,0.00805860758,0,0.313235283,0.28412509,15.9304171,0,8.53542042,8.44542122,0,13.3953247,0,0,367,4043,0,0,0,,,,63
42820682,0.5,0,0,0,0,0,0.313235283,0.28412509,15.9349623,0,8.55048943,8.45175552,0,13.4024725,0,0,367,4043,0,0,0,,,,63
42821812,0.5,1,0,0,0.00805860758,0,0.313235283,0.28412509,15.9304171,0,8.56254578,8.44964409,0,13.3953247,0,0,367,4043,0,0,0,,,,63
42822938,0.5,0,0,0,0,0,0.313235283,0.28412509,15.9304171,0,8.52637863,8.44964409,0,13.3953247,0,0,367,4043,0,0,0,,,,63
42824068,0.5,1,0,0,0.00805860758,0,0.313235283,0.28412509,15.9349623,0,8.53542042,8.45597839,0,13.3810291,0,0,367,4080,0,0,0,,,,63
42825196,0.5,1,0,0,0.00805860758,0,0.313235283,0.28412509,15.9349623,0,8.55350399,8.44542122,0,13.3953247,0,0,367,4080,0,0,0,,,,63
42826330,0.5,0,0,0,0,0,0.313235283,0.28412509,15.9304171,0,8.58967113,8.45175552,0,13.3953247,0,0,367,4080,0,0,0,,,,63
42827457,0.5,1,0,0,0.00805860758,0,0.313235283,0.28412509,15.9349623,0,8.57158756,8.45386696,0,13.3953247,0,0,367,4080,0,0,0,,,,63
42828587,0.5,1,0,0,0.00805860758,0,0.313235283,0.28412509,15.9349623,0,8.53843403,8.44542122,0,13.3881769,0,0,367,4063,0,0,0,,,,63
42829714,0.5,1,0,0,0.00805860758,0,0.313235283,0.28412509,15.9304171,0,8.5565176,8.44753265,0,13.3953247,0,0,367,4063,0,0,0,,,,63
42830844,0.5,0.5,0,0,0.00805860758,0.00805860758,0.313235283,0.28412509,15.9395075,0,8.58364296,8.44964409,0,13.3953247,0,0,367,4063,0,0,0,,,,63
42831971,0.5,0,0,0,0,0.00805860758,0.313235283,0.28412509,15.9349623,0,8.57158756,8.43486404,0,13.3953247,0,0,367,4085,0,0,0,,,,63
42833105,0.5,0.5,0,0,0.00805860758,0.00805860758,0.313235283,0.28412509,15.9304171,0,8.58062935,8.44330978,0,13.3953247,0,0,367,4085,0,0,0,,,,63
42834232,0.5,0.5,0,0,0.00805860758,0.00805860758,0.313235283,0.28412509,15.9395075,0,8.54144764,8.44542122,0,13.3953247,0,0,367,4085,0,0,0,,,,63
42835566,0.5,0.5,0,0,0.00805860758,0.00805860758,0.313235283,0.28412509,15.9349623,0,8.55048943,8.44964409,0,13.3953247,0,0,367,4085,0,0,0,,,,63
42836693,0.5,1,0,0,0.00805860758,0,0.313235283,0.28412509,15.9304171,0,8.568573,8.44542122,0,13.3953247,0,0,367,4104,0,0,0,,,,63
42837823,0.5,0,0,0,0,0.00805860758,0.313235283,0.28412509,15.9349623,0,8.57158756,8.44542122,0,13.3881769,0,0,367,4104,0,0,0,,,,63
42838950,0.5,1,0,0,0.00805860758,0,0.313235283,0.28412509,15.9349623,0,8.55350399,8.43908691,0,13.3881769,0,0,367,4104,0,0,0,,,,63
42840085,0.5,0,0,0,0,0,0.313235283,0.28412509,15.9349623,0,8.57761478,8.44753265,0,13.3738813,0,0,367,4125,0,0,0,,,,63
42841212,0.5,0,0,0,0,0,0.313235283,0.28412509,15.9349623,0,8.57761478,8.44964409,0,13.3953247,0,0,367,4125,0,0,0,,,,63
42842342,0.5,1,0,0,0.00805860758,0,0.313235283,0.28412509,15.9304171,0,8.56254578,8.44542122,0,13.3953247,0,0,367,4125,0,0,0,,,,63
42843469,0.5,1,0,0,0.00805860758,0,0.313235283,0.28412509,15.9304171,0,8.57460117,8.44753265,0,13.3953247,0,0,367,4125,0,0,0,,,,63
42844598,0.5,1,0,0,0.00805860758,0,0.313235283,0.28412509,15.9349623,0,8.53843403,8.44753265,0,13.3953247,0,0,367,4150,0,0,0,,,,63
42845731,0.5,1,0,0,0.00805860758,0,0.313235283,0.28412509,15.9304171,0,8.57761478,8.45386696,0,13.3953247,0,0,367,4150,0,0,0,,,,63
42846860,0.5,0,0,0,0,0,0.313235283,0.28412509,15.9304171,0,8.57460117,8.44964409,0,13.3953247,0,0,367,4150,0,0,0,,,,63
42847987,0.5,0,0,0,0,0.00805860758,0.313235283,0.28412509,15.9349623,0,8.58062935,8.44542122,0,13.3953247,0,0,367,4150,0,0,0,,,,63
42849117,0.5,0,0,0,0,0,0.313235283,0.28412509,15.9304171,0,8.58665657,8.45808983,0,13.3881769,0,0,367,4167,0,0,0,,,,63
42850244,0.5,1,0,0,0.00805860758,0,0.313235283,0.28412509,15.9304171,0,8.57158756,8.44119835,0,13.3953247,0,0,367,4167,0,0,0,,,,63
42851374,0.5,1,0,0,0.00805860758,0,0.313235283,0.28412509,15.9304171,0,8.56254578,8.44542122,0,13.3953247,0,0,367,4167,0,0,0,,,,63
42852506,0.5,0,0,0,0,0,0.313235283,0.28412509,15.9349623,0,8.5565176,8.44542122,0.00714798551,13.3953247,0,0,367,4167,0,0,0,,,,63
42853636,0.5,0,0,0,0,0.00805860758,0.313235283,0.28412509,15.9349623,0,8.55350399,8.44964409,0,13.3953247,0,0,367,4189,0,0,0,,,,63
42854763,0.5,1,0,0,0.00805860758,0,0.313235283,0.28412509,15.9349623,0,8.58665657,8.44964409,0,13.3953247,0,0,367,4189,0,0,0,,,,63
42856097,0.5,1,0,0,0.00805860758,0,0.313235283,0.28412509,15.9304171,0,8.55350399,8.44964409,0,13.3953247,0,0,367,4189,0,0,0,,,,63
42857224,0.5,0,0,0,0,0,0.313235283,0.28412509,15.9304171,0,8.53843403,8.44964409,0,13.3953247,0,0,367,4198,0,0,0,,,,63
42858358,0.5,1,0,0,0.0161172152,0,0.313235283,0.28412509,15.9304171,0,8.57761478,8.44753265,0,13.3953247,0,0,367,4198,0,0,0,,,,63
42859485,0.5,0,0,0,0,0,0.313235283,0.28412509,15.9304171,0,8.57460117,8.44964409,0,13.3953247,0,0,367,4198,0,0,0,,,,63
42860615,0.5,0.5,0,0,0.00805860758,0.00805860758,0.313235283,0.28412509,15.9304171,0,8.55953121,8.43275356,0,13.3953247,0,0,367,4198,0,0,0,,,,63
42861742,0.5,1,0,0,0.00805860758,0,0.313235283,0.28412509,15.9304171,0,8.5565176,8.44753265,0,13.3953247,0,0,367,4228,0,0,0,,,,63
42862873,0.5,0,0,0,0,0,0.313235283,0.28412509,15.9349623,0,8.52939224,8.44542122,0,13.3881769,0,0,367,4228,0,0,0,,,,63
42863999,0.5,1,0,0,0.00805860758,0,0.313235283,0.28412509,15.9349623,0,8.57460117,8.45386696,0,13.3953247,0,0,367,4228,0,0,0,,,,63
42865135,0.5,1,0,0,0.0161172152,0,0.313235283,0.28412509,15.9349623,0,8.568573,8.44753265,0,13.3953247,0,0,367,4228,0,0,0,,,,63
42866261,0.5,1,0,0,0.00805860758,0,0.313235283,0.28412509,15.9304171,0,8.57460117,8.45386696,0,13.3953247,0,0,367,4244,0,0,0,,,,63
42867391,0.5,1,0,0,0.00805860758,0,0.313235283,0.28412509,15.9304171,0,8.57158756,8.44542122,0,13.3953247,0,0,367,4244,0,0,0,,,,63
42868518,0.5,0,0,0,0,0.00805860758,0.313235283,0.28412509,15.9304171,0,8.53843403,8.44542122,0,13.3953247,0,0,367,4244,0,0,0,,,,63
42869648,0.5,0,0,0,0,0.00805860758,0.313235283,0.28412509,15.9304171,0,8.57460117,8.44964409,0,13.3953247,0,0,367,4244,0,0,0,,,,63
42870780,0.5,0,0,0,0,0,0.313235283,0.28412509,15.9349623,0,8.568573,8.44330978,0,13.3953247,0,0,367,4271,0,0,0,,,,63
42871910,0.5,1,0,0,0.00805860758,0,0.313235283,0.28412509,15.9304171,0,8.58364296,8.44753265,0,13.3953247,0,0,367,4271,0,0,0,,,,63
42873037,0.5,1,0,0,0.00805860758,0,0.313235283,0.28412509,15.9304171,0,8.5444622,8.44964409,0,13.3881769,0,0,367,4271,0,0,0,,,,63
42874167,0.5,0,0,0,0,0,0.313235283,0.28412509,15.9349623,0,8.56555939,8.44542122,0,13.3953247,0,0,367,4271,0,0,0,,,,63
42875294,0.5,0,0,0,0,0,0.313235283,0.28412509,15.9304171,0,8.57460117,8.44753265,0,13.3953247,0,0,367,4282,0,0,0,,,,63
42876423,0.5,0,0,0,0,0,0.313235283,0.28412509,15.9304171,0,8.54747581,8.45175552,0,13.3881769,0,0,367,4282,0,0,0,,,,63
42877760,0.5,0,0,0,0,0,0.313235283,0.28412509,15.9304171,0,8.57460117,8.44542122,0,13.3953247,0,0,367,4282,0,0,0,,,,63
42878889,0.5,1,0,0,0.00805860758,0,0.313235283,0.28412509,15.9304171,0,8.56555939,8.44542122,0,13.3881769,0,0,367,4302,0,0,0,,,,63
42880016,0.5,0.5,0,0,0.00805860758,0.00805860758,0.313235283,0.28412509,15.9349623,0,8.568573,8.43908691,0,13.3881769,0,0,367,4302,0,0,0,,,,63
42881146,0.5,1,0,0,0.00805860758,0,0.313235283,0.28412509,15.9304171,0,8.57460117,8.44542122,0,13.3953247,0,0,367,4302,0,0,0,,,,63
42882273,0.5,0.5,0,0,0.00805860758,0.00805860758,0.313235283,0.28412509,15.9349623,0,8.58665657,8.44753265,0,13.3953247,0,0,367,4302,0,0,0,,,,63
42883403,0.5,0,0,0,0,0,0.313235283,0.28412509,15.9349623,0,8.58364296,8.45175552,0,13.3953247,0,0,367,4318,0,0,0,,,,63
42884535,0.5,1,0,0,0.00805860758,0,0.313235283,0.28412509,15.9349623,0,8.57460117,8.44542122,0,13.3953247,0,0,367,4318,0,0,0,,,,63
42885665,0.5,1,0,0,0.00805860758,0,0.313235283,0.28412509,15.9349623,0,8.53843403,8.43908691,0,13.3881769,0,0,367,4318,0,0,0,,,,63
42886792,0.5,1,0,0,0.00805860758,0,0.313235283,0.28412509,15.9349623,0,8.52336502,8.45597839,0,13.3953247,0,0,367,4318,0,0,0,,,,63
42887922,0.5,1,0,0,0.00805860758,0,0.313235283,0.28412509,15.9349623,0,8.56555939,8.44542122,0,13.3953247,0,0,367,4353,0,0,0,,,,63
42889049,0.5,1,0,0,0.00805860758,0,0.313235283,0.28412509,15.9349623,0,8.57158756,8.44542122,0,13.3810291,0,0,367,4353,0,0,0,,,,63
42890184,0.5,1,0,0,0.0161172152,0,0.313235283,0.28412509,15.9349623,0,8.53542042,8.44964409,0,13.3953247,0,0,367,4353,0,0,0,,,,63
42891310,0.5,1,0,0,0.00805860758,0,0.313235283,0.28412509,15.9304171,0,8.53240585,8.44119835,0,13.3953247,0,0,367,4353,0,0,0,,,,63
42892440,0.5,1,0,0,0.00805860758,0,0.313235283,0.28412509,15.9349623,0,8.56254578,8.44753265,0,13.3953247,0,0,367,4362,0,0,0,,,,63
42893568,0.5,0.666666687,0,0,0.0161172152,0.00805860758,0.313235283,0.28412509,15.9349623,0,8.55953121,8.44753265,0,13.3881769,0,0,367,4362,0,0,0,,,,63
42894697,0.5,1,0,0,0.0161172152,0,0.313235283,0.28412509,15.9304171,0,8.5444622,8.45597839,0,13.3953247,0,0,367,4362,0,0,0,,,,63
42895824,0.5,1,0,0,0.00805860758,0,0.313235283,0.28412509,15.9349623,0,8.5444622,8.44119835,0,13.3953247,0,0,367,4362,0,0,0,,,,63
42896959,0.5,1,0,0,0.00805860758,0,0.313235283,0.28412509,15.9304171,0,8.55350399,8.45808983,0,13.3953247,0,0,367,4372,0,0,0,,,,63
42898290,0.5,0,0,0,0,0,0.313235283,0.28412509,15.9304171,0,8.56254578,8.44964409,0,13.3953247,0,0,367,4372,0,0,0,,,,63
42899420,0.5,1,0,0,0.00805860758,0,0.313235283,0.28412509,15.9304171,0,8.55350399,8.44753265,0,13.3953247,0,0,367,4372,0,0,0,,,,63
42900547,0.5,1,0,0,0.00805860758,0,0.313235283,0.28412509,15.9304171,0,8.58967113,8.44330978,0,13.3953247,0,0,367,4372,0,0,0,,,,63
42901677,0.5,1,0,0,0.00805860758,0,0.313235283,0.28412509,15.9304171,0,8.58364296,8.44119835,0,13.3953247,0,0,367,4394,0,0,0,,,,63
42902809,0.5,1,0,0,0.00805860758,0,0.313235283,0.28412509,15.9304171,0,8.55953121,8.44753265,0,13.3953247,0,0,367,4394,0,0,0,,,,63
42903938,0.5,1,0,0,0.00805860758,0,0.313235283,0.28412509,15.9304171,0,8.56555939,8.45386696,0,13.3953247,0,0,367,4394,0,0,0,,,,63
42905065,0.5,0.5,0,0,0.00805860758,0.00805860758,0.313235283,0.28412509,15.9304171,0,8.57460117,8.44542122,0,13.3881769,0,0,367,4394,0,0,0,,,,63
42906196,0.5,0,0,0,0,0.00805860758,0.313235283,0.28412509,15.9304171,0,8.55953121,8.44753265,0,13.3953247,0,0,367,4416,0,0,0,,,,63
42907322,0.5,1,0,0,0.00805860758,0,0.313235283,0.28412509,15.9304171,0,8.568573,8.44753265,0,13.3953247,0,0,367,4416,0,0,0,,,,63
42908452,0.5,1,0,0,0.00805860758,0,0.313235283,0.28412509,15.9304171,0,8.53240585,8.44330978,0,13.3953247,0,0,367,4416,0,0,0,,,,63
42909584,0.5,1,0,0,0.00805860758,0,0.313235283,0.28412509,15.9304171,0,8.58665657,8.44753265,0,13.3953247,0,0,368,4416,0,0,0,,,,63
42910714,0.5,1,0,0.444796294,0.00805860758,0,0.313235283,0.28412509,15.9349623,0,8.57460117,8.45175552,0,13.3881769,0,0,368,5554,0,0,0,,,,63
42911842,0.5,0,0,0.444796294,0,0.00805860758,0.313235283,0.28412509,15.9304171,0,8.57158756,8.44964409,0,13.3953247,0,0,369,5554,0,0,0,,,,63
42912972,0.5,0.5,0,0.444796294,0.00805860758,0.00805860758,0.313235283,0.28412509,15.9304171,0,8.58967113,8.44119835,0,13.3953247,0,0,369,5554,0,0,0,,,,63
42914099,0.5,0,0,0.444796294,0,0.00805860758,0.313235283,0.28412509,15.9304171,0,8.55350399,8.43908691,0,13.3953247,0,0,369,5554,0,0,0,,,,63
42915235,0.5,0,0,0.444598019,0,0.0161172152,0.313235283,0.28412509,15.9258718,0,8.5565176,8.44330978,0,13.3953247,0,0,369,6410,0,0,0,,,,63
42916362,0.5,0,0,0.444598019,0,0.00805860758,0.313235283,0.28412509,15.9304171,0,8.56555939,8.43697548,0,13.3953247,0,0,369,6410,0,0,0,,,,63
42917492,0.5,0,0,0.444598019,0,0.00805860758,0.313235283,0.28412509,15.9304171,0,8.58364296,8.44119835,0,13.3953247,0,0,369,6410,0,0,0,,,,63
42918823,0.5,0.5,0,0.444598019,0.00805860758,0.00805860758,0.313235283,0.28412509,15.9304171,0,8.56254578,8.44542122,0,13.3953247,0,0,369,5959,0,0,0,,,,63
42919953,0.5,0.5,0,0.444598019,0.00805860758,0.00805860758,0.313235283,0.28412509,15.9304171,0,8.56254578,8.44330978,0,13.3953247,0,0,369,5959,0,0,0,,,,63
42921080,0.5,0,0,0.444598019,0,0.00805860758,0.313235283,0.28412509,15.9304171,0,8.57460117,8.44753265,0,13.3738813,0,0,369,5959,0,0,0,,,,63
42922215,0.5,0,0,0.444598019,0,0,0.313235283,0.28412509,15.9304171,0,8.58062935,8.44542122,0,13.3953247,0,0,369,5959,0,0,0,,,,63
42923342,0.5,1,0,0.444598019,0.00805860758,0,0.313235283,0.28412509,15.9349623,0,8.55953121,8.44542122,0,13.3953247,0,0,369,5610,0,0,0,,,,63
42924471,0.5,0,0,0.444598019,0,0,0.313235283,0.28412509,15.9304171,0,8.57761478,8.45597839,0,13.3953247,0,0,369,5610,0,0,0,,,,63
42925599,0.5,0,0,0.444598019,0,0,0.313235283,0.28412509,15.9349623,0,8.57761478,8.44330978,0,13.3953247,0,0,369,5610,0,0,0,,,,63
42926729,0.5,0,0,0.444598019,0,0,0.313235283,0.28412509,15.9304171,0,8.58062935,8.44542122,0,13.3953247,0,0,369,5610,0,0,0,,,,63
42927856,0.5,0,0,0.444598019,0,0,0.313235283,0.28412509,15.9349623,0,8.56254578,8.44542122,0,13.3953247,0,0,369,5610,0,0,0,,,,63
42928990,0.5,0,0,0.444598019,0,0.00805860758,0.313235283,0.28412509,15.9258718,0,8.58062935,8.43486404,0,13.3953247,0,0,369,5352,0,0,0,,,,63
42930117,0.5,0,0,0.444598019,0,0,0.313235283,0.28412509,15.9349623,0,8.56254578,8.45175552,0,13.3953247,0,0,369,5352,0,0,0,,,,63
42931247,0.5,0,0,0.444598019,0,0,0.313235283,0.28412509,15.9349623,0,8.55953121,8.44964409,0,13.3953247,0,0,369,5352,0,0,0,,,,63
42932374,0.5,0,0,0.444598019,0,0.00805860758,0.313235283,0.28412509,15.9349623,0,8.58364296,8.45175552,0,13.3953247,0,0,369,5352,0,0,0,,,,63
42933505,0.5,0,0,0.444598019,0,0,0.313235283,0.28412509,15.9304171,0,8.58665657,8.44119835,0,13.3953247,0,0,369,5163,0,0,0,,,,63
42934636,0.5,0,0,0.444598019,0,0,0.313235283,0.28412509,15.9304171,0,8.57158756,8.44753265,0,13.3953247,0,0,369,5163,0,0,0,,,,63
42935767,0.5,0,0,0.444598019,0,0,0.313235283,0.28412509,15.9349623,0,8.58062935,8.44330978,0,13.3953247,0,0,369,5163,0,0,0,,,,63
42936894,0.5,0.5,0,0.444598019,0.00805860758,0.00805860758,0.313235283,0.28412509,15.9349623,0,8.55350399,8.44542122,0,13.3953247,0,0,369,5163,0,0,0,,,,63
42938023,0.5,0,0,0.444598019,0,0.00805860758,0.313235283,0.28412509,15.9349623,0,8.55048943,8.44330978,0,13.3881769,0,0,369,5030,0,0,0,,,,63
42939150,0.5,0.5,0,0.444598019,0.00805860758,0.00805860758,0.313235283,0.28412509,15.9349623,0,8.55953121,8.44542122,0,13.3881769,0,0,369,5030,0,0,0,,,,63
42940484,0.5,0,0,0.444598019,0,0.00805860758,0.313235283,0.28412509,15.9304171,0,8.56555939,8.43064213,0,13.3953247,0,0,369,5030,0,0,0,,,,63
42941616,0.5,0.5,0,0.444598019,0.00805860758,0.00805860758,0.313235283,0.28412509,15.9349623,0,8.55953121,8.45175552,0,13.3953247,0,0,369,5030,0,0,0,,,,63
42942746,0.5,0,0,0.444598019,0,0.00805860758,0.313235283,0.28412509,15.9349623,0,8.53843403,8.44964409,0,13.3953247,0,0,369,4929,0,0,0,,,,63
42943873,0.5,0,0,0.444598019,0,0.00805860758,0.313235283,0.28412509,15.9349623,0,8.5444622,8.44119835,0,13.3953247,0,0,369,4929,0,0,0,,,,63
42945003,0.5,0,0,0.444598019,0,0.0161172152,0.313235283,0.28412509,15.9349623,0,8.5565176,8.44330978,0,13.3881769,0,0,369,4929,0,0,0,,,,63
42946130,0.5,0,0,0.444598019,0,0.00805860758,0.313235283,0.28412509,15.9304171,0,8.56555939,8.45386696,0,13.3953247,0,0,369,4929,0,0,0,,,,63
42947265,0.5,0,0,0.444598019,0,0,0.313235283,0.28412509,15.9349623,0,8.54747581,8.43908691,0,13.3810291,0,0,369,4861,0,0,0,,,,63
42948392,0.5,1,0,0.444598019,0.00805860758,0,0.313235283,0.28412509,15.9304171,0,8.53843403,8.45175552,0,13.3953247,0,0,369,4861,0,0,0,,,,63
42949522,0.5,0,0,0.444598019,0,0,0.313235283,0.28412509,15.9304171,0,8.568573,8.44542122,0,13.3953247,0,0,369,4861,0,0,0,,,,63
42950649,0.5,0,0,0.444598019,0,0,0.313235283,0.28412509,15.9349623,0,8.58062935,8.44119835,0,13.3953247,0,0,369,4861,0,0,0,,,,63
42951779,0.5,1,0,0.444598019,0.00805860758,0,0.313235283,0.28412509,15.9349623,0,8.55953121,8.44119835,0,13.3953247,0,0,369,4813,0,0,0,,,,63
42952906,0.5,0,0,0.444598019,0,0.00805860758,0.313235283,0.28412509,15.9349623,0,8.5565176,8.44119835,0,13.3953247,0,0,369,4813,0,0,0,,,,63
42954040,0.5,0,0,0.444598019,0,0.00805860758,0.313235283,0.28412509,15.9304171,0,8.57460117,8.43908691,0,13.3881769,0,0,369,4813,0,0,0,,,,63
42955167,0.5,0,0,0.444598019,0,0.00805860758,0.313235283,0.28412509,15.9304171,0,8.55953121,8.44119835,0,13.3953247,0,0,369,4813,0,0,0,,,,63
42956298,0.5,1,0,0.444598019,0.00805860758,0,0.313235283,0.28412509,15.9349623,0,8.52939224,8.44753265,0,13.3953247,0,0,370,6043,0,0,0,,,,63
42957425,0.5,0.5,0,0.409969479,0.00805860758,0.00805860758,0.313235283,0.28412509,15.9349623,0,8.56555939,8.45175552,0,13.3953247,0,0,371,6043,0,0,0,,,,63
42958555,0.5,1,0,0.409969479,0.00805860758,0,0.313235283,0.28412509,15.9349623,0,8.55953121,8.44753265,0,13.3953247,0,0,371,6043,0,0,0,,,,63
42959687,0.5,1,0,0.409969479,0.00805860758,0,0.313235283,0.28412509,15.9304171,0,8.57460117,8.44542122,0,13.3953247,0,0,371,6043,0,0,0,,,,63
42961022,0.5,0.5,0,0.409969479,0.00805860758,0.00805860758,0.313235283,0.28412509,15.9304171,0,8.55048943,8.44964409,0,13.3881769,0,0,372,5680,0,0,0,,,,63
42962149,0.5,1,0,0.557121098,0.00805860758,0,0.313235283,0.28412509,15.9349623,0,8.52637863,8.44753265,0,13.3953247,0,0,373,5680,0,0,0,,,,63
42963279,0.5,1,0,0.557121098,0.00805860758,0,0.313235283,0.28412509,15.9304171,0,8.56254578,8.45175552,0,13.3953247,0,0,373,5680,0,0,0,,,,63
42964407,0.5,0,0,0.557121098,0,0.00805860758,0.313235283,0.28412509,15.9304171,0,8.58364296,8.43908691,0,13.3953247,0,0,373,5680,0,0,0,,,,63
42965537,0.5,1,0,0.557121098,0.00805860758,0,0.313235283,0.28412509,15.9304171,0,8.58062935,8.45175552,0,13.3953247,0,0,374,5451,0,0,0,,,,63
42966669,0.5,0,0,0.85289073,0,0.00805860758,0.313235283,0.28412509,15.9304171,0,8.54747581,8.43908691,0,13.3953247,0,0,375,5451,0,0,0,,,,63
42967800,0.5,1,0,0.85289073,0.00805860758,0,0.313235283,0.28412509,15.9304171,0,8.56254578,8.44753265,0,13.4024725,0,0,375,5451,0,0,0,,,,63
42968927,0.5,0,0,0.85289073,0,0,0.313235283,0.28412509,15.9304171,0,8.57460117,8.44753265,0,13.3953247,0,0,375,5451,0,0,0,,,,63
42970057,0.5,1,0,0.85289073,0.00805860758,0,0.313235283,0.28412509,15.9349623,0,8.5565176,8.44542122,0,13.3810291,0,0,376,5265,0,0,0,,,,63
42971184,0.5,1,0,0.842534602,0.00805860758,0,0.313235283,0.28412509,15.9349623,0,8.57761478,8.43275356,0,13.3953247,0,0,377,5265,0,0,0,,,,63
42972319,0.5,1,0,0.842534602,0.00805860758,0,0.313235283,0.28412509,15.9349623,0,8.56555939,8.44330978,0,13.3953247,0,0,377,5265,0,0,0,,,,63
42973446,0.5,1,0,0.842534602,0.00805860758,0,0.313235283,0.28412509,15.9349623,0,8.56555939,8.44542122,0,13.3953247,0,0,377,5265,0,0,0,,,,63
42974577,0.5,1,0,0.842534602,0.00805860758,0,0.313235283,0.28412509,15.9349623,0,8.56555939,8.43697548,0,13.3953247,0,0,377,5265,0,0,0,,,,63
42975704,0.5,1,0,0.83731848,0.00805860758,0,0.313235283,0.28412509,15.9349623,0,8.57761478,8.45386696,0,13.3881769,0,0,378,5155,0,0,0,,,,63
42976834,0.5,1,0,0.83731848,0.00805860758,0,0.313235283,0.28412509,15.9349623,0,8.55953121,8.45386696,0,13.3953247,0,0,379,5155,0,0,0,,,,63
42977961,0.5,1,0,0.83731848,0.00805860758,0,0.313235283,0.28412509,15.9304171,0,8.59268475,8.45175552,0,13.3953247,0,0,379,5155,0,0,0,,,,63
42979096,0.5,1,0,0.83731848,0.00805860758,0,0.313235283,0.28412509,15.9349623,0,8.56555939,8.44542122,0,13.3953247,0,0,379,5155,0,0,0,,,,63
42980223,0.5,0.5,0,0.830866933,0.00805860758,0.00805860758,0.313235283,0.28412509,15.9349623,0,8.58665657,8.44330978,0,13.3953247,0,0,380,5062,0,0,0,,,,63
42981354,0.5,0,0,0.830866933,0,0,0.313235283,0.28412509,15.9304171,0,8.55350399,8.44330978,0,13.3953247,0,0,381,5062,0,0,0,,,,63
42982685,0.5,0,0,0.830866933,0,0,0.313235283,0.28412509,15.9349623,0,8.57460117,8.45386696,0,13.3953247,0,0,381,5062,0,0,0,,,,63
42983816,0.5,1,0,0.830866933,0.00805860758,0,0.313235283,0.28412509,15.9349623,0,8.55953121,8.45175552,0,13.3881769,0,0,382,5062,0,0,0,,,,63
42984943,0.5,1,0,0.830866933,0.00805860758,0,0.313235283,0.28412509,15.9349623,0,8.53240585,8.44330978,0,13.3953247,0,0,382,5006,0,0,0,,,,63
42986078,0.5,1,0,0.829571187,0.00805860758,0,0.313235283,0.28412509,15.9304171,0,8.52939224,8.44964409,0,13.3738813,0,0,383,5006,0,0,0,,,,63
42987206,0.5,0,0,0.829571187,0,0,0.313235283,0.28412509,15.9304171,0,8.55048943,8.45175552,0,13.3953247,0,0,383,5006,0,0,0,,,,63
42988336,0.5,1,0,0.829571187,0.00805860758,0,0.313235283,0.28412509,15.9304171,0,8.56555939,8.44542122,0,13.3953247,0,0,383,5006,0,0,0,,,,63
42989463,0.5,0,0,0.829571187,0,0.00805860758,0.313235283,0.28412509,15.9258718,0,8.57460117,8.44119835,0,13.3881769,0,0,383,6138,0,0,0,,,,63
42990593,0.5,0,0,0.555182993,0,0,0.313235283,0.28412509,15.9304171,0,8.58364296,8.44542122,0,13.3881769,0,0,383,6138,0,0,0,,,,63
42991726,0.5,0,0,0.555182993,0,0,0.313235283,0.28412509,15.9304171,0,8.5565176,8.44753265,0,13.3953247,0,0,383,6138,0,0,0,,,,63
42992856,0.5,0,0,0.555182993,0,0,0.313235283,0.28412509,15.9349623,0,8.56555939,8.44119835,0,13.3953247,0,0,383,6138,0,0,0,,,,63
42993983,0.5,1,0,0.555182993,0.00805860758,0,0.313235283,0.28412509,15.9304171,0,8.53843403,8.44330978,0,13.3953247,0,0,383,6138,0,0,0,,,,63
42995113,0.5,1,0,0.555182993,0.00805860758,0,0.313235283,0.28412509,15.9304171,0,8.55953121,8.43908691,0,13.3953247,0,0,383,5809,0,0,0,,,,63
42996241,0.5,1,0,0.555182993,0.00805860758,0,0.313235283,0.28412509,15.9258718,0,8.52637863,8.44542122,0,13.3953247,0,0,383,5809,0,0,0,,,,63
42997370,0.5,0,0,0.555182993,0,0,0.313235283,0.28412509,15.9304171,0,8.568573,8.44964409,0,13.3953247,0,0,383,5809,0,0,0,,,,63
42998502,0.5,1,0,0.555182993,0.00805860758,0,0.313235283,0.28412509,15.9349623,0,8.57158756,8.44753265,0,13.4024725,0,0,383,5809,0,0,0,,,,63
42999632,0.5,1,0,0.555182993,0.00805860758,0,0.313235283,0.28412509,15.9304171,0,8.55953121,8.44753265,0,13.3953247,0,0,383,5573,0,0,0,,,,63
43000759,0.5,1,0,0.555182993,0.0161172152,0,0.313235283,0.28412509,15.9304171,0,8.54144764,8.44964409,0,13.3953247,0,0,383,5573,0,0,0,,,,63
43001889,0.5,1,0,0.555182993,0.00805860758,0,0.313235283,0.28412509,15.9304171,0,8.5565176,8.44330978,0,13.4024725,0,0,383,5573,0,0,0,,,,63
43003220,0.5,1,0,0.555182993,0.0161172152,0,0.313235283,0.28412509,15.9349623,0,8.57460117,8.44330978,0,13.3953247,0,0,383,5573,0,0,0,,,,63
43004355,0.5,0,0,0.555182993,0,0,0.313235283,0.28412509,15.9304171,0,8.56555939,8.44119835,0,13.3953247,0,0,383,5387,0,0,0,,,,63
43005482,0.5,1,0,0.555182993,0.00805860758,0,0.313235283,0.28412509,15.9304171,0,8.56254578,8.44119835,0,13.3881769,0,0,383,5387,0,0,0,,,,63
43006612,0.5,1,0,0.555182993,0.00805860758,0,0.313235283,0.28412509,15.9349623,0,8.58364296,8.44542122,0,13.3953247,0,0,383,5387,0,0,0,,,,63
43007739,0.5,0,0,0.555182993,0,0,0.313235283,0.28412509,15.9349623,0,8.56555939,8.44330978,0,13.3953247,0,0,383,5387,0,0,0,,,,63
43008869,0.5,0,0,0.555182993,0,0,0.313235283,0.28412509,15.9304171,0,8.57158756,8.44542122,0,13.3881769,0,0,383,5258,0,0,0,,,,63
43009996,0.5,0.5,0,0.555182993,0.00805860758,0.00805860758,0.313235283,0.28412509,15.9349623,0,8.58062935,8.44542122,0,13.3953247,0,0,383,5258,0,0,0,,,,63
43011131,0.5,0,0,0.555182993,0,0,0.313235283,0.28412509,15.9349623,0,8.54747581,8.44542122,0,13.3953247,0,0,383,5258,0,0,0,,,,63
43012258,0.5,0,0,0.555182993,0,0.00805860758,0.313235283,0.28412509,15.9304171,0,8.56254578,8.44964409,0,13.3953247,0,0,383,5258,0,0,0,,,,63
43013388,0.5,0,0,0.555182993,0,0.00805860758,0.313235283,0.28412509,15.9349623,0,8.55953121,8.43486404,0,13.3953247,0,0,383,5258,0,0,0,,,,63
43014515,0.5,0,0,0.555182993,0,0.00805860758,0.313235283,0.28412509,15.9304171,0,8.55953121,8.43275356,0,13.3953247,0,0,383,5178,0,0,0,,,,63
43015645,0.5,0,0,0.555182993,0,0.00805860758,0.313235283,0.28412509,15.9349623,0,8.57761478,8.44964409,0,13.3953247,0,0,383,5178,0,0,0,,,,63
43016777,0.5,0,0,0.555182993,0,0.00805860758,0.313235283,0.28412509,15.9349623,0,8.58364296,8.43697548,0,13.3953247,0,0,383,5178,0,0,0,,,,63
43017907,0.5,0,0,0.555182993,0,0.00805860758,0.313235283,0.28412509,15.9349623,0,8.56555939,8.44330978,0,13.3953247,0,0,383,5178,0,0,0,,,,63
43019034,0.5,0.5,0,0.555182993,0.00805860758,0.00805860758,0.313235283,0.28412509,15.9349623,0,8.54747581,8.43908691,0,13.3881769,0,0,383,5120,0,0,0,,,,63
43020164,0.5,0,0,0.555182993,0,0,0.313235283,0.28412509,15.9349623,0,8.53542042,8.44753265,0,13.3953247,0,0,383,5120,0,0,0,,,,63
43021291,0.5,0,0,0.555182993,0,0.00805860758,0.313235283,0.28412509,15.9349623,0,8.5565176,8.44964409,0,13.3953247,0,0,383,5120,0,0,0,,,,63
43022420,0.5,0,0,0.555182993,0,0.00805860758,0.313235283,0.28412509,15.9304171,0,8.54747581,8.44753265,0,13.3953247,0,0,383,5120,0,0,0,,,,63
43023552,0.5,0,0,0.555182993,0,0.00805860758,0.313235283,0.28412509,15.9304171,0,8.54747581,8.43908691,0,13.3953247,0,0,383,5077,0,0,0,,,,63
43024887,0.5,0,0,0.555182993,0,0.00805860758,0.313235283,0.28412509,15.9304171,0,8.5565176,8.44119835,0,13.3953247,0,0,383,5077,0,0,0,,,,63
43026014,0.5,0,0,0.555182993,0,0.00805860758,0.313235283,0.28412509,15.9304171,0,8.55953121,8.44753265,0,13.3953247,0,0,383,5077,0,0,0,,,,63
43027143,0.5,1,0,0.555182993,0.00805860758,0,0.313235283,0.28412509,15.9349623,0,8.55350399,8.45175552,0,13.3953247,0,0,383,5077,0,0,0,,,,63
43028270,0.5,1,0,0.555182993,0.00805860758,0,0.313235283,0.28412509,15.9349623,0,8.53843403,8.44753265,0,13.3953247,0,0,383,5077,0,0,0,,,,63
43029401,0.5,0,0,0.555182993,0,0,0.313235283,0.28412509,15.9304171,0,8.5444622,8.44119835,0,13.3953247,0,0,383,5048,0,0,0,,,,63
43030532,0.5,0,0,0.555182993,0,0.00805860758,0.313235283,0.28412509,15.9349623,0,8.56555939,8.43908691,0,13.3953247,0,0,383,5048,0,0,0,,,,63
43031663,0.5,0,0,0.555182993,0,0,0.313235283,0.28412509,15.9304171,0,8.58062935,8.44119835,0,13.3953247,0,0,383,5048,0,0,0,,,,63
43032790,0.5,0,0,0.555182993,0,0.00805860758,0.313235283,0.28412509,15.9349623,0,8.57158756,8.43697548,0,13.3953247,0,0,383,5048,0,0,0,,,,63
43033920,0.5,0,0,0.555182993,0,0.00805860758,0.313235283,0.28412509,15.9349623,0,8.57158756,8.44119835,0,13.3953247,0,0,383,5020,0,0,0,,,,63
43035046,0.5,0,0,0.555182993,0,0.00805860758,0.313235283,0.28412509,15.9349623,0,8.56254578,8.44119835,0,13.3881769,0,0,383,5020,0,0,0,,,,63
43036181,0.5,0,0,0.555182993,0,0,0.313235283,0.28412509,15.9304171,0,8.59268475,8.44119835,0,13.3953247,0,0,383,5020,0,0,0,,,,63
43037308,0.5,0,0,0.555182993,0,0,0.313235283,0.28412509,15.9349623,0,8.58967113,8.44542122,0,13.3953247,0,0,383,5020,0,0,0,,,,63
43038438,0.5,0,0,0.555182993,0,0,0.313235283,0.28412509,15.9304171,0,8.59569836,8.43486404,0,13.3953247,0,0,383,5012,0,0,0,,,,63
43039565,0.5,0,0,0.555182993,0,0.00805860758,0.313235283,0.28412509,15.9349623,0,8.57158756,8.44964409,0,13.3881769,0,0,383,5012,0,0,0,,,,63
43040695,0.5,0,0,0.555182993,0,0,0.313235283,0.28412509,15.9304171,0,8.58967113,8.44330978,0,13.3953247,0,0,383,5012,0,0,0,,,,63
43041822,0.5,0,0,0.555182993,0,0.00805860758,0.313235283,0.28412509,15.9304171,0,8.57158756,8.43697548,0,13.3953247,0,0,383,5012,0,0,0,,,,63
43042957,0.5,0,0,0.555182993,0,0.00805860758,0.313235283,0.28412509,15.9349623,0,8.55953121,8.44330978,0,13.3953247,0,0,383,5012,0,0,0,,,,63
43044084,0.5,0,0,0.555182993,0,0.00805860758,0.313235283,0.28412509,15.9304171,0,8.56254578,8.45175552,0,13.3953247,0,0,383,5005,0,0,0,,,,63
43045418,0.5,0,0,0.555182993,0,0.00805860758,0.313235283,0.28412509,15.9304171,0,8.57158756,8.43486404,0,13.3953247,0,0,383,5005,0,0,0,,,,63
43046545,0.5,0,0,0.555182993,0,0.00805860758,0.313235283,0.28412509,15.9304171,0,8.57460117,8.43908691,0,13.3953247,0,0,383,5005,0,0,0,,,,63
43047675,0.5,0,0,0.555182993,0,0.00805860758,0.313235283,0.28412509,15.9304171,0,8.57158756,8.43275356,0,13.3953247,0,0,383,5005,0,0,0,,,,63
43048807,0.5,0,0,0.555182993,0,0.0161172152,0.313235283,0.28412509,15.9349623,0,8.55953121,8.43908691,0,13.3953247,0,0,383,5026,0,0,0,,,,63
43049937,0.5,0,0,0.555182993,0,0.00805860758,0.313235283,0.28412509,15.9304171,0,8.54747581,8.44753265,0,13.3953247,0,0,383,5026,0,0,0,,,,63
43051064,0.5,0,0,0.555182993,0,0.00805860758,0.313235283,0.28412509,15.9349623,0,8.57158756,8.45175552,0,13.3810291,0,0,383,5026,0,0,0,,,,63
43052194,0.5,0,0,0.555182993,0,0.00805860758,0.313235283,0.28412509,15.9304171,0,8.568573,8.44753265,0,13.3953247,0,0,383,5026,0,0,0,,,,63
43053321,0.5,0,0,0.555182993,0,0.0161172152,0.313235283,0.28412509,15.9304171,0,8.59268475,8.45597839,0,13.3953247,0,0,383,5026,0,0,0,,,,63
43054451,0.5,0,0,0.555182993,0,0,0.313235283,0.28412509,15.9349623,0,8.58364296,8.43908691,0,13.3953247,0,0,383,5028,0,0,0,,,,63
43055583,0.5,0.5,0,0.555182993,0.00805860758,0.00805860758,0.313235283,0.28412509,15.9349623,0,8.57460117,8.44542122,0,13.3953247,0,0,383,5028,0,0,0,,,,63
43056713,0.5,0,0,0.555182993,0,0,0.313235283,0.28412509,15.9349623,0,8.54747581,8.43908691,0,13.3953247,0,0,383,5028,0,0,0,,,,63
43057840,0.5,0,0,0.555182993,0,0,0.313235283,0.28412509,15.9304171,0,8.55350399,8.44330978,0,13.3953247,0,0,383,5028,0,0,0,,,,63
43058970,0.5,0,0,0.555182993,0,0.00805860758,0.313235283,0.28412509,15.9304171,0,8.56254578,8.44119835,0,13.3953247,0,0,383,5053,0,0,0,,,,63
43060097,0.5,0,0,0.555182993,0,0,0.313235283,0.28412509,15.9304171,0,8.55048943,8.45386696,0,13.3953247,0,0,383,5053,0,0,0,,,,63
43061232,0.5,0,0,0.555182993,0,0.00805860758,0.313235283,0.28412509,15.9349623,0,8.56555939,8.45597839,0,13.3953247,0,0,383,5053,0,0,0,,,,63
43062359,0.5,0,0,0.555182993,0,0,0.313235283,0.28412509,15.9304171,0,8.54747581,8.44753265,0,13.3953247,0,0,383,5053,0,0,0,,,,63
43063489,0.5,0,0,0.555182993,0,0.00805860758,0.313235283,0.28412509,15.9304171,0,8.568573,8.44119835,0,13.3953247,0,0,383,5053,0,0,0,,,,63
43064616,0.5,0,0,0.555182993,0,0.00805860758,0.313235283,0.28412509,15.9349623,0,8.58364296,8.43908691,0,13.3881769,0,0,383,5058,0,0,0,,,,63
43065950,0.5,0.5,0,0.555182993,0.00805860758,0.00805860758,0.313235283,0.28412509,15.9349623,0,8.57460117,8.44753265,0,13.3953247,0,0,383,5058,0,0,0,,,,63
43067077,0.5,0.5,0,0.555182993,0.00805860758,0.00805860758,0.313235283,0.28412509,15.9304171,0,8.59268475,8.44542122,0,13.3738813,0,0,383,5058,0,0,0,,,,63
43068212,0.5,0,0,0.555182993,0,0,0.313235283,0.28412509,15.9349623,0,8.56254578,8.45175552,0,13.3953247,0,0,383,5058,0,0,0,,,,63
43069339,0.5,0,0,0.555182993,0,0.00805860758,0.313235283,0.28412509,15.9304171,0,8.57158756,8.44753265,0,13.3953247,0,0,383,5072,0,0,0,,,,63
43070469,0.5,0.5,0,0.555182993,0.00805860758,0.00805860758,0.313235283,0.28412509,15.9304171,0,8.55350399,8.45597839,0,13.4024725,0,0,383,5072,0,0,0,,,,63
43071596,0.5,1,0,0.555182993,0.00805860758,0,0.313235283,0.28412509,15.9304171,0,8.56254578,8.44753265,0,13.3953247,0,0,383,5072,0,0,0,,,,63
43072726,0.5,0,0,0.555182993,0,0.00805860758,0.313235283,0.28412509,15.9304171,0,8.55350399,8.44330978,0,13.3953247,0,0,383,5072,0,0,0,,,,63
43073853,0.5,0,0,0.555182993,0,0,0.313235283,0.28412509,15.9304171,0,8.55350399,8.44964409,0,13.3953247,0,0,383,5072,0,0,0,,,,63
43074988,0.5,0,0,0.555182993,0,0.00805860758,0.313235283,0.28412509,15.9304171,0,8.56555939,8.44964409,0,13.3953247,0,0,383,5080,0,0,0,,,,63
43076115,0.5,0.5,0,0.555182993,0.00805860758,0.00805860758,0.313235283,0.28412509,15.9304171,0,8.58364296,8.44119835,0,13.3881769,0,0,383,5080,0,0,0,,,,63
43077245,0.5,1,0,0.555182993,0.00805860758,0,0.313235283,0.28412509,15.9349623,0,8.58665657,8.44542122,0,13.3881769,0,0,383,5080,0,0,0,,,,63
43078372,0.5,0,0,0.555182993,0,0.00805860758,0.313235283,0.28412509,15.9304171,0,8.58364296,8.45386696,0,13.4024725,0,0,383,5080,0,0,0,,,,63
43079502,0.5,0,0,0.555182993,0,0.00805860758,0.313235283,0.28412509,15.9304171,0,8.53843403,8.44542122,0,13.3953247,0,0,383,5083,0,0,0,,,,63
43080634,0.5,0,0,0.555182993,0,0.00805860758,0.313235283,0.28412509,15.9349623,0,8.57158756,8.44330978,0,13.3953247,0,0,383,5083,0,0,0,,,,63
43081764,0.5,0,0,0.555182993,0,0.0161172152,0.313235283,0.28412509,15.9349623,0,8.57761478,8.43697548,0,13.3953247,0,0,383,5083,0,0,0,,,,63
43082891,0.5,0,0,0.555182993,0,0.00805860758,0.313235283,0.28412509,15.9349623,0,8.57158756,8.43697548,0,13.3953247,0,0,383,5083,0,0,0,,,,63
43084021,0.5,0,0,0.555182993,0,0.00805860758,0.313235283,0.28412509,15.9349623,0,8.568573,8.43697548,0,13.3953247,0,0,383,5083,0,0,0,,,,63
43085148,0.5,0,0,0.555182993,0,0.00805860758,0.313235283,0.28412509,15.9304171,0,8.58062935,8.44330978,0,13.3953247,0,0,383,5094,0,0,0,,,,63
43086277,0.5,0,0,0.555182993,0,0.00805860758,0.313235283,0.28412509,15.9349623,0,8.57460117,8.44753265,0,13.3953247,0,0,383,5094,0,0,0,,,,63
43087614,0.5,0,0,0.555182993,0,0.00805860758,0.313235283,0.28412509,15.9304171,0,8.58364296,8.44119835,0,13.3953247,0,0,383,5094,0,0,0,,,,63
43088743,0.5,0,0,0.555182993,0,0.00805860758,0.313235283,0.28412509,15.9304171,0,8.5565176,8.43908691,0,13.3953247,0,0,383,5094,0,0,0,,,,63
43089870,0.5,0,0,0.555182993,0,0.00805860758,0.313235283,0.28412509,15.9304171,0,8.58665657,8.44753265,0,13.3881769,0,0,383,5128,0,0,0,,,,63
43091000,0.5,0,0,0.555182993,0,0,0.313235283,0.28412509,15.9304171,0,8.57761478,8.45175552,0,13.3953247,0,0,383,5128,0,0,0,,,,63
43092127,0.5,0,0,0.555182993,0,0.00805860758,0.313235283,0.28412509,15.9349623,0,8.53240585,8.44753265,0,13.3953247,0,0,383,5128,0,0,0,,,,63
43093262,0.5,0,0,0.555182993,0,0.00805860758,0.313235283,0.28412509,15.9304171,0,8.54747581,8.43908691,0,13.3953247,0,0,383,5128,0,0,0,,,,63
43094389,0.5,0.333333343,0,0.555182993,0.00805860758,0.0161172152,0.313235283,0.28412509,15.9304171,0,8.56254578,8.43908691,0,13.3953247,0,0,383,5128,0,0,0,,,,63
43095519,0.5,0,0,0,0,0,0.313235283,0.28412509,15.9304171,0,8.58665657,8.44964409,0,13.3953247,0,0,383,0,0,0,0,,,,63
43096646,0.5,0,0,0,0,0,0.313235283,0.28412509,15.9349623,0,8.53542042,8.45386696,0,13.3953247,0,0,383,0,0,0,0,,,,63
43097776,0.5,0,0,0,0,0,0.313235283,0.28412509,15.9304171,0,8.58665657,8.43908691,0,13.3810291,0,0,383,0,0,0,0,,,,63
43098903,0.5,0,0,0,0,0,0.313235283,0.28412509,15.9304171,0,8.5565176,8.44964409,0,13.3953247,0,0,383,0,0,0,0,,,,63
43100037,0.5,1,0,0,0.0161172152,0,0.313235283,0.28412509,15.9349623,0,8.55350399,8.44330978,0,13.3953247,0,0,383,5192,0,0,0,,,,63
43101164,0.5,0.5,0,0,0.00805860758,0.00805860758,0.313235283,0.28412509,15.9349623,0,8.55350399,8.45597839,0,13.3953247,0,0,383,5192,0,0,0,,,,63
43102294,0.5,0,0,0,0,0,0.313235283,0.28412509,15.9304171,0,8.57761478,8.44330978,0,13.3953247,0,0,383,5192,0,0,0,,,,63
43103421,0.5,0,0,0,0,0.00805860758,0.313235283,0.28412509,15.9349623,0,8.58665657,8.43908691,0,13.3953247,0,0,383,5192,0,0,0,,,,63
43104551,0.5,0.5,0,0,0.00805860758,0.00805860758,0.313235283,0.28412509,15.9304171,0,8.56254578,8.43486404,0,13.4024725,0,0,383,5192,0,0,0,,,,63
43105683,0.5,0.5,0,0,0.00805860758,0.00805860758,0.313235283,0.28412509,15.9304171,0,8.55953121,8.44542122,0,13.3953247,0,0,383,5211,0,0,0,,,,63
43106813,0.5,0,0,0,0,0,0.313235283,0.28412509,15.9304171,0,8.57761478,8.44330978,0,13.3953247,0,0,383,5211,0,0,0,,,,63
43108144,0.5,0,0,0,0,0.00805860758,0.313235283,0.28412509,15.9349623,0,8.55953121,8.44542122,0,13.3953247,0,0,383,5211,0,0,0,,,,63
43109274,0.5,1,0,0,0.00805860758,0,0.313235283,0.28412509,15.9349623,0,8.56555939,8.44542122,0,13.3953247,0,0,383,5211,0,0,0,,,,63
43110401,0.5,0,0,0,0,0,0.313235283,0.28412509,15.9304171,0,8.57158756,8.45175552,0,13.3881769,0,0,383,5223,0,0,0,,,,63
43111531,0.5,0,0,0,0,0,0.313235283,0.28412509,15.9304171,0,8.55350399,8.45386696,0,13.3953247,0,0,383,5223,0,0,0,,,,63
43112663,0.5,0,0,0,0,0.00805860758,0.313235283,0.28412509,15.9349623,0,8.5565176,8.44542122,0,13.3953247,0,0,383,5223,0,0,0,,,,63
43113793,0.5,0.5,0,0,0.00805860758,0.00805860758,0.313235283,0.28412509,15.9349623,0,8.57158756,8.44330978,0,13.3953247,0,0,383,5223,0,0,0,,,,63
43114920,0.5,1,0,0,0.00805860758,0,0.313235283,0.28412509,15.9349623,0,8.54747581,8.44542122,0,13.3953247,0,0,383,5223,0,0,0,,,,63
43116050,0.5,0,0,0,0,0.00805860758,0.313235283,0.28412509,15.9304171,0,8.56555939,8.44964409,0,13.3810291,0,0,383,5250,0,0,0,,,,63
43117177,0.5,0.5,0,0,0.00805860758,0.00805860758,0.313235283,0.28412509,15.9304171,0,8.55350399,8.44753265,0,13.4024725,0,0,383,5250,0,0,0,,,,63
43118311,0.5,0,0,0,0,0,0.313235283,0.28412509,15.9349623,0,8.58364296,8.44753265,0,13.4024725,0,0,383,5250,0,0,0,,,,63
43119438,0.5,0,0,0,0,0,0.313235283,0.28412509,15.9304171,0,8.5565176,8.45175552,0,13.3953247,0,0,383,5250,0,0,0,,,,63
43120568,0.5,0,0,0,0,0.00805860758,0.313235283,0.28412509,15.9304171,0,8.57158756,8.44542122,0,13.3953247,0,0,383,5250,0,0,0,,,,63
43121695,0.5,1,0,0,0.00805860758,0,0.313235283,0.28412509,15.9349623,0,8.5565176,8.44330978,0,13.3953247,0,0,383,5271,0,0,0,,,,63
43122824,0.5,0,0,0,0,0,0.313235283,0.28412509,15.9304171,0,8.56254578,8.44542122,0,13.3881769,0,0,383,5271,0,0,0,,,,63
43123951,0.5,1,0,0,0.00805860758,0,0.313235283,0.28412509,15.9349623,0,8.56254578,8.44753265,0,13.3953247,0,0,383,5271,0,0,0,,,,63
43125086,0.5,1,0,0,0.00805860758,0,0.313235283,0.28412509,15.9304171,0,8.58062935,8.44753265,0,13.3953247,0,0,383,5271,0,0,0,,,,63
43126213,0.5,1,0,0,0.00805860758,0,0.313235283,0.28412509,15.9258718,0,8.56555939,8.44964409,0,13.3953247,0,0,383,5271,0,0,0,,,,63
43127343,0.5,1,0,0,0.00805860758,0,0.313235283,0.28412509,15.9304171,0,8.56254578,8.44119835,0,13.3953247,0,0,383,5306,0,0,0,,,,63
43128470,0.5,1,0,0,0.00805860758,0,0.313235283,0.28412509,15.9349623,0,8.5444622,8.44964409,0,13.3953247,0,0,383,5306,0,0,0,,,,63
43129804,0.5,0,0,0,0,0,0.313235283,0.28412509,15.9304171,0,8.58967113,8.44119835,0,13.3953247,0,0,383,5306,0,0,0,,,,63
43130931,0.5,0.5,0,0,0.00805860758,0.00805860758,0.313235283,0.28412509,15.9304171,0,8.57460117,8.43486404,0,13.3953247,0,0,383,5306,0,0,0,,,,63
43132066,0.5,0,0,0,0,0.00805860758,0.313235283,0.28412509,15.9349623,0,8.57460117,8.44964409,0,13.3738813,0,0,383,5336,0,0,0,,,,63
43133193,0.5,1,0,0,0.00805860758,0,0.313235283,0.28412509,15.9304171,0,8.57158756,8.44753265,0,13.3953247,0,0,383,5336,0,0,0,,,,63
43134323,0.5,1,0,0,0.00805860758,0,0.313235283,0.28412509,15.9304171,0,8.5565176,8.44330978,0,13.3953247,0,0,383,5336,0,0,0,,,,63
43135450,0.5,1,0,0,0.00805860758,0,0.313235283,0.28412509,15.9304171,0,8.568573,8.43697548,0,13.3953247,0,0,383,5336,0,0,0,,,,63
43136579,0.5,0,0,0,0,0,0.313235283,0.28412509,15.9304171,0,8.55953121,8.44119835,0,13.4024725,0,0,383,5336,0,0,0,,,,63
43137711,0.5,0,0,0,0,0,0.313235283,0.28412509,15.9304171,0,8.5565176,8.45175552,0,13.3953247,0,0,383,5363,0,0,0,,,,63
43138841,0.5,0,0,0,0,0,0.313235283,0.28412509,15.9349623,0,8.5565176,8.44542122,0,13.3953247,0,0,383,5363,0,0,0,,,,63
43139968,0.5,0,0,0,0,0,0.313235283,0.28412509,15.9349623,0,8.568573,8.44119835,0,13.3953247,0,0,383,5363,0,0,0,,,,63
43141099,0.5,0,0,0,0,0,0.313235283,0.28412509,15.9349623,0,8.56254578,8.44542122,0,13.3953247,0,0,383,5363,0,0,0,,,,63
43142225,0.5,0,0,0,0,0,0.313235283,0.28412509,15.9349623,0,8.54747581,8.44542122,0,13.3953247,0,0,383,5363,0,0,0,,,,63
43143355,0.5,1,0,0,0.00805860758,0,0.313235283,0.28412509,15.9304171,0,8.55350399,8.44542122,0,13.3953247,0,0,383,5381,0,0,0,,,,63
43144487,0.5,1,0,0,0.00805860758,0,0.313235283,0.28412509,15.9304171,0,8.55953121,8.43697548,0,13.3953247,0,0,383,5381,0,0,0,,,,63
43145617,0.5,0,0,0,0,0,0.313235283,0.28412509,15.9304171,0,8.54747581,8.44542122,0,13.3881769,0,0,383,5381,0,0,0,,,,63
43146744,0.5,0,0,0,0,0,0.313235283,0.28412509,15.9304171,0,8.5444622,8.43275356,0,13.3953247,0,0,383,5381,0,0,0,,,,63
43147874,0.5,0,0,0,0,0.00805860758,0.313235283,0.28412509,15.9304171,0,8.5565176,8.44964409,0,13.3953247,0,0,383,5381,0,0,0,,,,63
43149001,0.5,0.5,0,0,0.00805860758,0.00805860758,0.313235283,0.28412509,15.9349623,0,8.58062935,8.44330978,0,13.3953247,0,0,383,5412,0,0,0,,,,63
43150340,0.5,1,0,0,0.00805860758,0,0.313235283,0.28412509,15.9304171,0,8.55953121,8.44330978,0,13.3953247,0,0,383,5412,0,0,0,,,,63
43151467,0.5,1,0,0,0.00805860758,0,0.313235283,0.28412509,15.9349623,0,8.56254578,8.44964409,0,13.3953247,0,0,383,5412,0,0,0,,,,63
43152597,0.5,1,0,0,0.00805860758,0,0.313235283,0.28412509,15.9304171,0,8.57158756,8.44753265,0,13.3953247,0,0,383,5412,0,0,0,,,,63
43153724,0.5,0.5,0,0,0.00805860758,0.00805860758,0.313235283,0.28412509,15.9304171,0,8.57158756,8.45175552,0,13.3953247,0,0,383,5412,0,0,0,,,,63
43154854,0.5,0,0,0,0,0,0.313235283,0.28412509,15.9349623,0,8.55350399,8.45386696,0,13.3953247,0,0,383,5436,0,0,0,,,,63
43155981,0.5,0,0,0,0,0,0.313235283,0.28412509,15.9349623,0,8.58364296,8.44119835,0,13.3953247,0,0,383,5436,0,0,0,,,,63
43157115,0.5,1,0,0,0.00805860758,0,0.313235283,0.28412509,15.9349623,0,8.52939224,8.44542122,0,13.3881769,0,0,383,5436,0,0,0,,,,63
43158242,0.5,0,0,0,0,0,0.313235283,0.28412509,15.9349623,0,8.58967113,8.43486404,0,13.3953247,0,0,383,5436,0,0,0,,,,63
43159373,0.5,0,0,0,0,0.00805860758,0.313235283,0.28412509,15.9349623,0,8.5444622,8.44753265,0,13.3953247,0,0,383,5436,0,0,0,,,,63
43160500,0.5,1,0,0,0.00805860758,0,0.313235283,0.28412509,15.9304171,0,8.57460117,8.44542122,0,13.3953247,0,0,383,5485,0,0,0,,,,63
43161630,0.5,0,0,0,0,0.00805860758,0.313235283,0.28412509,15.9304171,0,8.57761478,8.44542122,0,13.3953247,0,0,383,5485,0,0,0,,,,63
43162762,0.5,1,0,0,0.00805860758,0,0.313235283,0.28412509,15.9304171,0,8.568573,8.44753265,0,13.3953247,0,0,383,5485,0,0,0,,,,63
43163892,0.5,0,0,0,0,0.00805860758,0.313235283,0.28412509,15.9304171,0,8.55350399,8.44964409,0,13.3953247,0,0,383,5485,0,0,0,,,,63
43165019,0.5,0,0,0,0,0.00805860758,0.313235283,0.28412509,15.9304171,0,8.57460117,8.44964409,0,13.3881769,0,0,383,5504,0,0,0,,,,63
43166149,0.5,0,0,0,0,0.00805860758,0.313235283,0.28412509,15.9349623,0,8.56254578,8.44119835,0,13.3953247,0,0,383,5504,0,0,0,,,,63
43167275,0.5,0,0,0,0,0,0.313235283,0.28412509,15.9304171,0,8.55953121,8.44119835,0,13.3953247,0,0,383,5504,0,0,0,,,,63
43168406,0.5,1,0,0,0.00805860758,0,0.313235283,0.28412509,15.9349623,0,8.568573,8.44964409,0,13.3953247,0,0,383,5504,0,0,0,,,,63
43169537,0.5,1,0,0,0.00805860758,0,0.313235283,0.28412509,15.9304171,0,8.5565176,8.44753265,0,13.3953247,0,0,383,5504,0,0,0,,,,63
43170871,0.5,1,0,0,0.00805860758,0,0.313235283,0.28412509,15.9349623,0,8.56254578,8.44753265,0,13.4024725,0,0,383,5533,0,0,0,,,,63
43171998,0.5,1,0,0,0.00805860758,0,0.313235283,0.28412509,15.9304171,0,8.57460117,8.44964409,0,13.3953247,0,0,383,5533,0,0,0,,,,63
43173128,0.5,0,0,0,0,0,0.313235283,0.28412509,15.9304171,0,8.55350399,8.45386696,0,13.3953247,0,0,383,5533,0,0,0,,,,63
43174255,0.5,1,0,0,0.00805860758,0,0.313235283,0.28412509,15.9304171,0,8.56254578,8.44119835,0,13.3953247,0,0,383,5533,0,0,0,,,,63
43175385,0.5,1,0,0,0.0161172152,0,0.313235283,0.28412509,15.9304171,0,8.55953121,8.44119835,0,13.3953247,0,0,383,5533,0,0,0,,,,63
43176517,0.5,1,0,0,0.00805860758,0,0.313235283,0.28412509,15.9304171,0,8.55953121,8.44753265,0,13.3953247,0,0,383,5569,0,0,0,,,,63
43177647,0.5,1,0,0,0.00805860758,0,0.313235283,0.28412509,15.9304171,0,8.568573,8.44753265,0,13.3953247,0,0,383,5569,0,0,0,,,,63
43178774,0.5,1,0,0,0.00805860758,0,0.313235283,0.28412509,15.9304171,0,8.58062935,8.44964409,0,13.3953247,0,0,383,5569,0,0,0,,,,63
43179903,0.5,1,0,0,0.00805860758,0,0.313235283,0.28412509,15.9304171,0,8.55048943,8.45386696,0,13.4024725,0,0,383,5569,0,0,0,,,,63
43181030,0.5,1,0,0,0.00805860758,0,0.313235283,0.28412509,15.9304171,0,8.54747581,8.44330978,0,13.3881769,0,0,383,5569,0,0,0,,,,63
43182165,0.5,1,0,0,0.00805860758,0,0.313235283,0.28412509,15.9304171,0,8.568573,8.44964409,0,13.3953247,0,0,383,5591,0,0,0,,,,63
43183292,0.5,1,0,0,0.00805860758,0,0.313235283,0.28412509,15.9349623,0,8.55048943,8.44753265,0,13.3953247,0,0,383,5591,0,0,0,,,,63
43184422,0.5,0,0,0,0,0,0.313235283,0.28412509,15.9258718,0,8.52939224,8.44330978,0,13.3953247,0,0,383,5591,0,0,0,,,,63
43185549,0.5,1,0,0,0.00805860758,0,0.313235283,0.28412509,15.9304171,0,8.55953121,8.44964409,0,13.3953247,0,0,383,5591,0,0,0,,,,63
43186679,0.5,0,0,0,0,0,0.313235283,0.28412509,15.9304171,0,8.56555939,8.44330978,0,13.3953247,0,0,383,5591,0,0,0,,,,63
43187806,0.5,1,0,0,0.00805860758,0,0.313235283,0.28412509,15.9304171,0,8.57158756,8.45175552,0,13.3953247,0,0,383,5645,0,0,0,,,,63
43188940,0.5,1,0,0,0.00805860758,0,0.313235283,0.28412509,15.9304171,0,8.58665657,8.45386696,0,13.3953247,0,0,383,5645,0,0,0,,,,63
43190067,0.5,1,0,0,0.00805860758,0,0.313235283,0.28412509,15.9304171,0,8.56254578,8.44753265,0,13.3810291,0,0,383,5645,0,0,0,,,,63
43191197,0.5,1,0,0,0.00805860758,0,0.313235283,0.28412509,15.9258718,0,8.58062935,8.44542122,0,13.3881769,0,0,383,5645,0,0,0,,,,63
43192529,0.5,1,0,0,0.0161172152,0,0.313235283,0.28412509,15.9349623,0,8.56555939,8.43697548,0,13.3953247,0,0,383,5645,0,0,0,,,,63
43193658,0.5,0,0,0,0,0.00805860758,0.313235283,0.28412509,15.9304171,0,8.55953121,8.44119835,0,13.3953247,0,0,383,5643,0,0,0,,,,63
43194790,0.5,0,0,0,0,0.00805860758,0.313235283,0.28412509,15.9304171,0,8.56254578,8.44753265,0,13.3881769,0,0,383,5643,0,0,0,,,,63
43195920,0.5,0,0,0,0,0,0.313235283,0.28412509,15.9304171,0,8.54747581,8.44119835,0,13.3953247,0,0,383,5643,0,0,0,,,,63
43197047,0.5,0.5,0,0,0.00805860758,0.00805860758,0.313235283,0.28412509,15.9304171,0,8.58665657,8.44964409,0,13.3810291,0,0,383,5643,0,0,0,,,,63
43198177,0.5,0,0,0,0,0,0.313235283,0.28412509,15.9304171,0,8.55953121,8.43697548,0,13.3953247,0,0,383,5643,0,0,0,,,,63
43199304,0.5,1,0,0,0.00805860758,0,0.313235283,0.28412509,15.9304171,0,8.53542042,8.44330978,0,13.3881769,0,0,383,5677,0,0,0,,,,63
43200434,0.5,0,0,0,0,0,0.313235283,0.28412509,15.9304171,0,8.56555939,8.44119835,0,13.3953247,0,0,383,5677,0,0,0,,,,63
43201566,0.5,0,0,0,0,0.00805860758,0.313235283,0.28412509,15.9304171,0,8.568573,8.43697548,0,13.3953247,0,0,383,5677,0,0,0,,,,63
43202695,0.5,0,0,0,0,0.00805860758,0.313235283,0.28412509,15.9349623,0,8.56254578,8.43697548,0,13.3953247,0,0,383,5677,0,0,0,,,,63
43203822,0.5,0,0,0,0,0.00805860758,0.313235283,0.28412509,15.9304171,0,8.55953121,8.44964409,0,13.3953247,0,0,383,5677,0,0,0,,,,63
43204952,0.5,0.5,0,0,0.00805860758,0.00805860758,0.313235283,0.28412509,15.9304171,0,8.5565176,8.44542122,0,13.3953247,0,0,383,5707,0,0,0,,,,63
43206079,0.5,1,0,0,0.00805860758,0,0.313235283,0.28412509,15.9304171,0,8.58665657,8.44542122,0,13.3667326,0,0,383,5707,0,0,0,,,,63
43207214,0.5,1,0,0,0.00805860758,0,0.313235283,0.28412509,15.9349623,0,8.54747581,8.44330978,0,13.3953247,0,0,383,5707,0,0,0,,,,63
43208341,0.5,0,0,0,0,0,0.313235283,0.28412509,15.9304171,0,8.55048943,8.43486404,0,13.3953247,0,0,383,5707,0,0,0,,,,63
43209471,0.5,0,0,0,0,0,0.313235283,0.28412509,15.9304171,0,8.56254578,8.44964409,0,13.3953247,0,0,383,5707,0,0,0,,,,63
43210598,0.5,0,0,0,0,0,0.313235283,0.28412509,15.9304171,0,8.56555939,8.44964409,0,13.3953247,0,0,383,5707,0,0,0,,,,63
43211728,0.5,0.5,0,0,0.00805860758,0.00805860758,0.313235283,0.28412509,15.9304171,0,8.57158756,8.44119835,0,13.3953247,0,0,383,5738,0,0,0,,,,63
43213059,0.5,1,0,0,0.00805860758,0,0.313235283,0.28412509,15.9304171,0,8.5444622,8.44330978,0,13.3810291,0,0,383,5738,0,0,0,,,,63
43214193,0.5,1,0,0,0.00805860758,0,0.313235283,0.28412509,15.9304171,0,8.58062935,8.44964409,0,13.3953247,0,0,383,5738,0,0,0,,,,63
43215320,0.5,1,0,0,0.00805860758,0,0.313235283,0.28412509,15.9304171,0,8.56555939,8.44964409,0,13.3953247,0,0,383,5738,0,0,0,,,,63
43216450,0.5,1,0,0,0.00805860758,0,0.313235283,0.28412509,15.9304171,0,8.52939224,8.44542122,0,13.3953247,0,0,383,5738,0,0,0,,,,63
43217577,0.5,0,0,0,0,0,0.313235283,0.28412509,15.9304171,0,8.58665657,8.44753265,0,13.3953247,0,0,383,5778,0,0,0,,,,63
43218707,0.5,0,0,0,0,0.00805860758,0.313235283,0.28412509,15.9304171,0,8.59569836,8.44964409,0,13.3881769,0,0,383,5778,0,0,0,,,,63
43219834,0.5,0,0,0,0,0.00805860758,0.313235283,0.28412509,15.9304171,0,8.56555939,8.44119835,0,13.3953247,0,0,383,5778,0,0,0,,,,63
43220969,0.5,0,0,0,0,0.00805860758,0.313235283,0.28412509,15.9304171,0,8.55953121,8.44542122,0,13.3953247,0,0,383,5778,0,0,0,,,,63
43222096,0.5,0,0,0,0,0.00805860758,0.313235283,0.28412509,15.9304171,0,8.58665657,8.43697548,0,13.4024725,0,0,383,5778,0,0,0,,,,63
43223225,0.5,0,0,0,0,0.00805860758,0.313235283,0.28412509,15.9349623,0,8.568573,8.44542122,0,13.3953247,0,0,383,5839,0,0,0,,,,63
43224352,0.5,0,0,0,0,0.00805860758,0.313235283,0.28412509,15.9304171,0,8.55350399,8.44542122,0,13.3953247,0,0,383,5839,0,0,0,,,,63
43225482,0.5,0,0,0,0,0.00805860758,0.313235283,0.28412509,15.9304171,0,8.568573,8.45386696,0,13.3953247,0,0,383,5839,0,0,0,,,,63
43226614,0.5,1,0,0,0.00805860758,0,0.313235283,0.28412509,15.9304171,0,8.55953121,8.43908691,0,13.3953247,0,0,383,5839,0,0,0,,,,63
43227744,0.5,1,0,0,0.00805860758,0,0.313235283,0.28412509,15.9304171,0,8.55953121,8.44542122,0,13.3881769,0,0,383,5839,0,0,0,,,,63
43228871,0.5,0.666666687,0,0,0.0161172152,0.00805860758,0.313235283,0.28412509,15.9349623,0,8.58062935,8.43486404,0,13.3953247,0,0,383,5839,0,0,0,,,,63
43230001,0.5,1,0,0,0.00805860758,0,0.313235283,0.28412509,15.9304171,0,8.57761478,8.44119835,0,13.3953247,0,0,383,5839,0,0,0,,,,63
43231128,0.5,0,0,0,0,0,0.313235283,0.28412509,15.9304171,0,8.55350399,8.44964409,0,13.3881769,0,0,383,5839,0,0,0,,,,63
43232258,0.5,0.5,0,0,0.00805860758,0.00805860758,0.313235283,0.28412509,15.9304171,0,8.57158756,8.43908691,0,13.3881769,0,0,383,5839,0,0,0,,,,63
43233390,0.5,1,0,0,0.00805860758,0,0.313235283,0.28412509,15.9349623,0,8.55953121,8.45386696,0,13.3953247,0,0,383,5839,0,0,0,,,,63
43234724,0.5,1,0,0,0.00805860758,0,0.313235283,0.28412509,15.9304171,0,8.51733685,8.44119835,0,13.3953247,0,0,383,5903,0,0,0,,,,63
43235851,0.5,1,0,0,0.00805860758,0,0.313235283,0.28412509,15.9304171,0,8.56555939,8.45386696,0,13.3953247,0,0,383,5903,0,0,0,,,,63
43236981,0.5,0.666666687,0,0,0.0161172152,0.00805860758,0.313235283,0.28412509,15.9349623,0,8.54144764,8.44542122,0,13.3953247,0,0,383,5903,0,0,0,,,,63
43238108,0.5,0,0,0,0,0.00805860758,0.313235283,0.28412509,15.9349623,0,8.56254578,8.44753265,0,13.3953247,0,0,383,5903,0,0,0,,,,63
43239242,0.5,1,0,0,0.00805860758,0,0.313235283,0.28412509,15.9349623,0,8.55953121,8.44753265,0,13.3953247,0,0,383,5903,0,0,0,,,,63
43240369,0.5,0.5,0,0,0.00805860758,0.00805860758,0.313235283,0.28412509,15.9349623,0,8.59268475,8.45175552,0,13.3953247,0,0,383,5903,0,0,0,,,,63
43241500,0.5,0.5,0,0,0.00805860758,0.00805860758,0.313235283,0.28412509,15.9304171,0,8.57158756,8.44330978,0,13.3881769,0,0,383,5947,0,0,0,,,,63
43242626,0.5,0,0,0,0,0,0.313235283,0.28412509,15.9304171,0,8.55953121,8.44542122,0,13.4024725,0,0,383,5947,0,0,0,,,,63
43243756,0.5,1,0,0,0.00805860758,0,0.313235283,0.28412509,15.9304171,0,8.56254578,8.44964409,0,13.3953247,0,0,383,5947,0,0,0,,,,63
43244883,0.5,0.5,0,0,0.00805860758,0.00805860758,0.313235283,0.28412509,15.9304171,0,8.57158756,8.44753265,0,13.3953247,0,0,383,5947,0,0,0,,,,63
43246018,0.5,1,0,0,0.00805860758,0,0.313235283,0.28412509,15.9349623,0,8.54144764,8.44542122,0,13.3881769,0,0,383,5947,0,0,0,,,,63
43247145,0.5,0,0,0,0,0,0.313235283,0.28412509,15.9304171,0,8.51733685,8.43908691,0,13.3953247,0,0,383,5981,0,0,0,,,,63
43248274,0.5,0,0,0,0,0,0.313235283,0.28412509,15.9304171,0,8.57460117,8.44964409,0,13.3953247,0,0,383,5981,0,0,0,,,,63
43249401,0.5,0,0,0,0,0,0.313235283,0.28412509,15.9304171,0,8.52336502,8.44542122,0,13.3953247,0,0,383,5981,0,0,0,,,,63
43250532,0.5,1,0,0,0.00805860758,0,0.313235283,0.28412509,15.9304171,0,8.57158756,8.44330978,0,13.3953247,0,0,383,5981,0,0,0,,,,63
43251663,0.5,0,0,0,0,0,0.313235283,0.28412509,15.9349623,0,8.58967113,8.44964409,0,13.3881769,0,0,383,5981,0,0,0,,,,63
43252793,0.5,1,0,0,0.00805860758,0,0.313235283,0.28412509,15.9304171,0,8.5565176,8.44119835,0,13.3953247,0,0,383,5981,0,0,0,,,,63
43253920,0.5,1,0,0,0.00805860758,0,0.313235283,0.28412509,15.9304171,0,8.55048943,8.44330978,0,13.3953247,0,0,383,6026,0,0,0,,,,63
43255255,0.5,1,0,0,0.00805860758,0,0.313235283,0.28412509,15.9304171,0,8.55350399,8.44753265,0,13.3953247,0,0,383,6026,0,0,0,,,,63
43256382,0.5,0.5,0,0,0.00805860758,0.00805860758,0.313235283,0.28412509,15.9304171,0,8.58062935,8.44753265,0,13.3881769,0,0,383,6026,0,0,0,,,,63
43257512,0.5,0,0,0,0,0,0.313235283,0.28412509,15.9304171,0,8.53542042,8.44964409,0,13.3953247,0,0,383,6026,0,0,0,,,,63
43258643,0.5,1,0,0,0.00805860758,0,0.313235283,0.28412509,15.9304171,0,8.58967113,8.44964409,0,13.3953247,0,0,383,6026,0,0,0,,,,63
43259773,0.5,1,0,0,0.00805860758,0,0.313235283,0.28412509,15.9304171,0,8.5444622,8.44753265,0,13.3953247,0,0,383,6086,0,0,0,,,,63
43260900,0.5,1,0,0,0.00805860758,0,0.313235283,0.28412509,15.9304171,0,8.58364296,8.44542122,0,13.3953247,0,0,383,6086,0,0,0,,,,63
43262030,0.5,0,0,0,0,0,0.313235283,0.28412509,15.9349623,0,8.56254578,8.44753265,0,13.3881769,0,0,383,6086,0,0,0,,,,63
43263157,0.5,0,0,0,0,0,0.313235283,0.28412509,15.9304171,0,8.5565176,8.44330978,0,13.3881769,0,0,383,6086,0,0,0,,,,63
43264292,0.5,1,0,0,0.00805860758,0,0.313235283,0.28412509,15.9304171,0,8.55048943,8.44542122,0,13.3953247,0,0,383,6086,0,0,0,,,,63
43265419,0.5,1,0,0,0.00805860758,0,0.313235283,0.28412509,15.9304171,0,8.56254578,8.44330978,0,13.3881769,0,0,383,6116,0,0,0,,,,63
43266549,0.5,0.333333343,0,0,0.00805860758,0.0161172152,0.313235283,0.28412509,15.9304171,0,8.568573,8.44542122,0,13.3953247,0,0,383,6116,0,0,0,,,,63
43267676,0.5,1,0,0,0.00805860758,0,0.313235283,0.28412509,15.9304171,0,8.5565176,8.44964409,0,13.3953247,0,0,383,6116,0,0,0,,,,63
43268805,0.5,1,0,0,0.00805860758,0,0.313235283,0.28412509,15.9304171,0,8.56555939,8.45175552,0,13.3953247,0,0,383,6116,0,0,0,,,,63
43269932,0.5,0,0,0,0,0.00805860758,0.313235283,0.28412509,15.9304171,0,8.56555939,8.45175552,0,13.3953247,0,0,383,6116,0,0,0,,,,63
43271067,0.5,0,0,0,0,0,0.313235283,0.28412509,15.9304171,0,8.58062935,8.44542122,0,13.3738813,0,0,383,6116,0,0,0,,,,63
43272194,0.5,0,0,0,0,0.00805860758,0.313235283,0.28412509,15.9304171,0,8.57158756,8.44119835,0,13.3953247,0,0,383,6153,0,0,0,,,,63
43273324,0.5,1,0,0,0.00805860758,0,0.313235283,0.28412509,15.9304171,0,8.57158756,8.45175552,0,13.3881769,0,0,383,6153,0,0,0,,,,63
43274451,0.5,1,0,0,0.00805860758,0,0.313235283,0.28412509,15.9304171,0,8.55953121,8.44964409,0,13.3953247,0,0,383,6153,0,0,0,,,,63
43275785,0.5,0,0,0,0,0,0.313235283,0.28412509,15.9258718,0,8.58062935,8.44542122,0,13.3953247,0,0,383,6153,0,0,0,,,,63
43276912,0.5,0,0,0,0,0,0.313235283,0.28412509,15.9304171,0,8.5565176,8.44119835,0,13.3953247,0,0,383,6153,0,0,0,,,,63
43278047,0.5,1,0,0,0.00805860758,0,0.313235283,0.28412509,15.9304171,0,8.55953121,8.43908691,0,13.3881769,0,0,383,6199,0,0,0,,,,63
43279174,0.5,0,0,0,0,0,0.313235283,0.28412509,15.9304171,0,8.52035046,8.44330978,0,13.3953247,0,0,383,6199,0,0,0,,,,63
43280304,0.5,0.5,0,0,0.00805860758,0.00805860758,0.313235283,0.28412509,15.9304171,0,8.56254578,8.44330978,0,13.3953247,0,0,383,6199,0,0,0,,,,63
43281431,0.5,0.5,0,0,0.00805860758,0.00805860758,0.313235283,0.28412509,15.9304171,0,8.57158756,8.44330978,0,13.3953247,0,0,383,6199,0,0,0,,,,63
43282561,0.5,1,0,0,0.00805860758,0,0.313235283,0.28412509,15.9304171,0,8.56555939,8.44542122,0,13.3953247,0,0,383,6199,0,0,0,,,,63
43283693,0.5,0,0,0,0,0,0.313235283,0.28412509,15.9304171,0,8.568573,8.44330978,0,13.3953247,0,0,383,6199,0,0,0,,,,63
43284823,0.5,0.5,0,0,0.00805860758,0.00805860758,0.313235283,0.28412509,15.9349623,0,8.59268475,8.44330978,0,13.3953247,0,0,383,6223,0,0,0,,,,63
43285950,0.5,0,0,0,0,0,0.313235283,0.28412509,15.9304171,0,8.58665657,8.44330978,0,13.3953247,0,0,383,6223,0,0,0,,,,63
43287080,0.5,0,0,0,0,0.00805860758,0.313235283,0.28412509,15.9304171,0,8.55953121,8.44542122,0,13.3738813,0,0,383,6223,0,0,0,,,,63
43288207,0.5,0,0,0,0,0,0.313235283,0.28412509,15.9349623,0,8.5565176,8.44964409,0,13.3953247,0,0,383,6223,0,0,0,,,,63
43289337,0.5,0,0,0,0,0,0.313235283,0.28412509,15.9304171,0,8.56254578,8.45175552,0,13.3953247,0,0,383,6223,0,0,0,,,,63
43290469,0.5,0.666666687,0,0,0.0161172152,0.00805860758,0.313235283,0.28412509,15.9304171,0,8.54747581,8.45175552,0,13.3953247,0,0,383,6223,0,0,0,,,,63
43291599,0.5,0.5,0,0,0.00805860758,0.00805860758,0.313235283,0.28412509,15.9304171,0,8.55953121,8.45175552,0,13.3953247,0,0,383,6268,0,0,0,,,,63
43292726,0.5,1,0,0,0.00805860758,0,0.313235283,0.28412509,15.9304171,0,8.58364296,8.44330978,0,13.3881769,0,0,383,6268,0,0,0,,,,63
43293856,0.5,1,0,0,0.00805860758,0,0.313235283,0.28412509,15.9349623,0,8.56254578,8.45175552,0,13.3953247,0,0,383,6268,0,0,0,,,,63
43294983,0.5,0,0,0,0,0,0.313235283,0.28412509,15.9304171,0,8.57158756,8.44753265,0,13.3953247,0,0,383,6268,0,0,0,,,,63
43296118,0.5,1,0,0,0.00805860758,0,0.313235283,0.28412509,15.9304171,0,8.57460117,8.44542122,0,13.3953247,0,0,383,6268,0,0,0,,,,63
43297449,0.5,1,0,0,0.00805860758,0,0.313235283,0.28412509,15.9304171,0,8.57761478,8.46020031,0,13.3881769,0,0,383,6351,0,0,0,,,,63
43298579,0.5,1,0,0,0.00805860758,0,0.313235283,0.28412509,15.9304171,0,8.58364296,8.44753265,0,13.3953247,0,0,383,6351,0,0,0,,,,63
43299706,0.5,0,0,0,0,0,0.313235283,0.28412509,15.9304171,0,8.55048943,8.44964409,0,13.3881769,0,0,383,6351,0,0,0,,,,63
43300836,0.5,1,0,0,0.00805860758,0,0.313235283,0.28412509,15.9304171,0,8.56254578,8.44330978,0,13.3881769,0,0,383,6351,0,0,0,,,,63
43301963,0.5,1,0,0,0.00805860758,0,0.313235283,0.28412509,15.9304171,0,8.5444622,8.44753265,0,13.3953247,0,0,383,6351,0,0,0,,,,63
43303098,0.5,1,0,0,0.00805860758,0,0.313235283,0.28412509,15.9304171,0,8.55350399,8.44964409,0,13.3953247,0,0,383,6351,0,0,0,,,,63
43304224,0.5,1,0,0,0.00805860758,0,0.313235283,0.28412509,15.9349623,0,8.568573,8.44964409,0,13.3953247,0,0,383,6354,0,0,0,,,,63
43305354,0.5,0,0,0,0,0,0.313235283,0.28412509,15.9304171,0,8.55350399,8.43908691,0,13.3953247,0,0,383,6354,0,0,0,,,,63
43306482,0.5,0,0,0,0,0,0.313235283,0.28412509,15.9304171,0,8.55048943,8.44964409,0,13.3953247,0,0,383,6354,0,0,0,,,,63
43307612,0.5,1,0,0,0.00805860758,0,0.313235283,0.28412509,15.9304171,0,8.56254578,8.44330978,0,13.3953247,0,0,383,6354,0,0,0,,,,63
43308744,0.5,1,0,0,0.00805860758,0,0.313235283,0.28412509,15.9304171,0,8.52637863,8.44964409,0,13.3953247,0,0,383,6354,0,0,0,,,,63
43309874,0.5,1,0,0,0.00805860758,0,0.313235283,0.28412509,15.9304171,0,8.56555939,8.44330978,0,13.3953247,0,0,383,6354,0,0,0,,,,63
43311001,0.5,0.5,0,0,0.00805860758,0.00805860758,0.313235283,0.28412509,15.9349623,0,8.57761478,8.44753265,0,13.3953247,0,0,383,6403,0,0,0,,,,63
43312131,0.5,1,0,0,0.00805860758,0,0.313235283,0.28412509,15.9304171,0,8.57460117,8.44964409,0,13.3953247,0,0,383,6403,0,0,0,,,,63
43313258,0.5,0,0,0,0,0,0.313235283,0.28412509,15.9349623,0,8.57158756,8.44542122,0,13.3953247,0,0,383,6403,0,0,0,,,,63
43314388,0.5,1,0,0,0.00805860758,0,0.313235283,0.28412509,15.9349623,0,8.58062935,8.45175552,0,13.3953247,0,0,383,6403,0,0,0,,,,63
43315520,0.5,1,0,0,0.00805860758,0,0.313235283,0.28412509,15.9304171,0,8.53542042,8.44753265,0,13.3953247,0,0,383,6403,0,0,0,,,,63
43316651,0.5,1,0,0,0.00805860758,0,0.313235283,0.28412509,15.9349623,0,8.53843403,8.44964409,0,13.3953247,0,0,383,6403,0,0,0,,,,63
43317982,0.5,1,0,0,0.0161172152,0,0.313235283,0.28412509,15.9349623,0,8.57460117,8.45386696,0,13.3881769,0,0,383,6455,0,0,0,,,,63
43319112,0.5,1,0,0,0.00805860758,0,0.313235283,0.28412509,15.9349623,0,8.57460117,8.45808983,0,13.3953247,0,0,383,6455,0,0,0,,,,63
43320239,0.5,1,0,0,0.00805860758,0,0.313235283,0.28412509,15.9304171,0,8.55048943,8.45175552,0,13.3953247,0,0,383,6455,0,0,0,,,,63
43321369,0.5,1,0,0,0.00805860758,0,0.313235283,0.28412509,15.9304171,0,8.55350399,8.44119835,0,13.3953247,0,0,383,6455,0,0,0,,,,63
43322501,0.5,0,0,0,0,0,0.313235283,0.28412509,15.9304171,0,8.5565176,8.44753265,0,13.3953247,0,0,383,6455,0,0,0,,,,63
43323631,0.5,1,0,0,0.00805860758,0,0.313235283,0.28412509,15.9304171,0,8.57158756,8.44542122,0,13.3953247,0,0,383,6516,0,0,0,,,,63
43324758,0.5,0,0,0,0,0,0.313235283,0.28412509,15.9304171,0,8.54144764,8.44119835,0,13.3953247,0,0,383,6516,0,0,0,,,,63
43325888,0.5,1,0,0,0.00805860758,0,0.313235283,0.28412509,15.9349623,0,8.57158756,8.44542122,0,13.3953247,0,0,383,6516,0,0,0,,,,63
43327015,0.5,1,0,0,0.00805860758,0,0.313235283,0.28412509,15.9304171,0,8.56555939,8.45597839,0,13.3881769,0,0,383,6516,0,0,0,,,,63
43328150,0.5,1,0,0,0.00805860758,0,0.313235283,0.28412509,15.9304171,0,8.59268475,8.44964409,0,13.3881769,0,0,383,6516,0,0,0,,,,63
43329277,0.5,0,0,0,0,0.00805860758,0.313235283,0.28412509,15.9304171,0,8.57460117,8.44964409,0,13.4024725,0,0,383,6516,0,0,0,,,,63
43330407,0.5,0.5,0,0,0.00805860758,0.00805860758,0.313235283,0.28412509,15.9304171,0,8.56555939,8.44964409,0,13.3881769,0,0,383,6574,0,0,0,,,,63
43331534,0.5,1,0,0,0.00805860758,0,0.313235283,0.28412509,15.9349623,0,8.55953121,8.44330978,0,13.3953247,0,0,383,6574,0,0,0,,,,63
43332663,0.5,1,0,0,0.00805860758,0,0.313235283,0.28412509,15.9304171,0,8.53240585,8.45175552,0,13.3953247,0,0,383,6574,0,0,0,,,,63
43333791,0.5,1,0,0,0.00805860758,0,0.313235283,0.28412509,15.9304171,0,8.55350399,8.44753265,0,13.3953247,0,0,383,6574,0,0,0,,,,63
43334925,0.5,0,0,0,0,0,0.313235283,0.28412509,15.9349623,0,8.54747581,8.45386696,0,13.3953247,0,0,383,6574,0,0,0,,,,63
43336053,0.5,0,0,0,0,0,0.313235283,0.28412509,15.9304171,0,8.54144764,8.44753265,0,13.3810291,0,0,383,6574,0,0,0,,,,63
43337183,0.5,1,0,0,0.00805860758,0,0.313235283,0.28412509,15.9304171,0,8.54747581,8.44542122,0,13.3881769,0,0,383,6610,0,0,0,,,,63
43338309,0.5,1,0,0,0.0161172152,0,0.313235283,0.28412509,15.9304171,0,8.5565176,8.44964409,0,13.3953247,0,0,383,6610,0,0,0,,,,63
43339643,0.5,1,0,0,0.00805860758,0,0.313235283,0.28412509,15.9349623,0,8.55350399,8.45597839,0,13.3953247,0,0,383,6610,0,0,0,,,,63
43340775,0.5,1,0,0,0.00805860758,0,0.313235283,0.28412509,15.9304171,0,8.5565176,8.44542122,0,13.3953247,0,0,383,6610,0,0,0,,,,63
43341905,0.5,1,0,0,0.00805860758,0,0.313235283,0.28412509,15.9349623,0,8.55350399,8.43908691,0,13.3953247,0,0,383,6610,0,0,0,,,,63
43343032,0.5,0,0,0,0,0,0.313235283,0.28412509,15.9304171,0,8.57158756,8.44753265,0,13.3881769,0,0,383,6610,0,0,0,,,,63
43344162,0.5,1,0,0,0.00805860758,0,0.313235283,0.28412509,15.9304171,0,8.55953121,8.44542122,0,13.3881769,0,0,383,6680,0,0,0,,,,63
43345289,0.5,0,0,0,0,0.00805860758,0.313235283,0.28412509,15.9304171,0,8.53843403,8.44330978,0,13.3953247,0,0,383,6680,0,0,0,,,,63
43346419,0.5,0,0,0,0,0,0.313235283,0.28412509,15.9304171,0,8.55048943,8.44753265,0,13.3953247,0,0,383,6680,0,0,0,,,,63
43347551,0.5,0,0,0,0,0,0.313235283,0.28412509,15.9304171,0,8.57761478,8.44753265,0,13.3953247,0,0,383,6680,0,0,0,,,,63
43348681,0.5,1,0,0,0.00805860758,0,0.313235283,0.28412509,15.9349623,0,8.55350399,8.44753265,0,13.3953247,0,0,383,6680,0,0,0,,,,63
43349808,0.5,0,0,0,0,0,0.313235283,0.28412509,15.9304171,0,8.54144764,8.44119835,0,13.3953247,0,0,383,6680,0,0,0,,,,63
43350938,0.5,0,0,0,0,0,0.313235283,0.28412509,15.9258718,0,8.54747581,8.44753265,0,13.4024725,0,0,383,6723,0,0,0,,,,63
43352065,0.5,0.5,0,0,0.00805860758,0.00805860758,0.313235283,0.28412509,15.9349623,0,8.57761478,8.44753265,0,13.3738813,0,0,383,6723,0,0,0,,,,63
43353200,0.5,1,0,0,0.00805860758,0,0.313235283,0.28412509,15.9304171,0,8.5565176,8.44964409,0,13.3953247,0,0,383,6723,0,0,0,,,,63
43354327,0.5,0,0,0,0,0.00805860758,0.313235283,0.28412509,15.9304171,0,8.59268475,8.43697548,0,13.3953247,0,0,383,6723,0,0,0,,,,63
43355457,0.5,1,0,0,0.00805860758,0,0.313235283,0.28412509,15.9304171,0,8.57158756,8.44119835,0,13.3953247,0,0,383,6723,0,0,0,,,,63
43356584,0.5,0,0,0,0,0.00805860758,0.313235283,0.28412509,15.9349623,0,8.58967113,8.44964409,0,13.3953247,0,0,383,6723,0,0,0,,,,63
43357713,0.5,0,0,0,0,0,0.313235283,0.28412509,15.9304171,0,8.54747581,8.44753265,0,13.3953247,0,0,383,6759,0,0,0,,,,63
43358840,0.5,0,0,0,0,0,0.313235283,0.28412509,15.9304171,0,8.568573,8.44542122,0,13.3953247,0,0,383,6759,0,0,0,,,,63
43360179,0.5,0,0,0,0,0,0.313235283,0.28412509,15.9304171,0,8.57460117,8.44542122,0,13.3953247,0,0,383,6759,0,0,0,,,,63
43361306,0.5,0,0,0,0,0,0.313235283,0.28412509,15.9304171,0,8.56254578,8.44330978,0,13.3953247,0,0,383,6759,0,0,0,,,,63
43362436,0.5,1,0,0,0.00805860758,0,0.313235283,0.28412509,15.9304171,0,8.58062935,8.44542122,0,13.3953247,0,0,383,6759,0,0,0,,,,63
43363563,0.5,0,0,0,0,0,0.313235283,0.28412509,15.9304171,0,8.56254578,8.44964409,0,13.3953247,0,0,383,6759,0,0,0,,,,63
43364693,0.5,1,0,0,0.00805860758,0,0.313235283,0.28412509,15.9304171,0,8.53843403,8.44330978,0,13.3953247,0,0,383,6807,0,0,0,,,,63
43365820,0.5,0,0,0,0,0,0.313235283,0.28412509,15.9304171,0,8.56555939,8.44964409,0,13.3953247,0,0,383,6807,0,0,0,,,,63
43366955,0.5,0.5,0,0,0.00805860758,0.00805860758,0.313235283,0.28412509,15.9304171,0,8.56555939,8.45597839,0,13.3953247,0,0,383,6807,0,0,0,,,,63
43368082,0.5,1,0,0,0.00805860758,0,0.313235283,0.28412509,15.9304171,0,8.55350399,8.44119835,0,13.3953247,0,0,383,6807,0,0,0,,,,63
43369212,0.5,0.5,0,0,0.00805860758,0.00805860758,0.313235283,0.28412509,15.9304171,0,8.58967113,8.44119835,0,13.4024725,0,0,383,6807,0,0,0,,,,63
43370339,0.5,1,0,0,0.00805860758,0,0.313235283,0.28412509,15.9349623,0,8.52637863,8.44119835,0,13.3953247,0,0,383,6807,0,0,0,,,,63
43371469,0.5,1,0,0,0.00805860758,0,0.313235283,0.28412509,15.9304171,0,8.57158756,8.45597839,0,13.3953247,0,0,383,6807,0,0,0,,,,63
43372601,0.5,1,0,0,0.00805860758,0,0.313235283,0.28412509,15.9349623,0,8.55048943,8.43908691,0,13.3953247,0,0,383,6874,0,0,0,,,,63
43373730,0.5,1,0,0,0.00805860758,0,0.313235283,0.28412509,15.9304171,0,8.5565176,8.44753265,0,13.3953247,0,0,383,6874,0,0,0,,,,63
43374857,0.5,1,0,0,0.00805860758,0,0.313235283,0.28412509,15.9349623,0,8.568573,8.44330978,0.00714798551,13.3953247,0,0,383,6874,0,0,0,,,,63
43375987,0.5,1,0,0,0.00805860758,0,0.313235283,0.28412509,15.9304171,0,8.5444622,8.44753265,0,13.3953247,0,0,383,6874,0,0,0,,,,63
43377115,0.5,1,0,0,0.00805860758,0,0.313235283,0.28412509,15.9349623,0,8.56555939,8.44542122,0,13.3953247,0,0,383,6874,0,0,0,,,,63
43378244,0.5,0.5,0,0,0.00805860758,0.00805860758,0.313235283,0.28412509,15.9304171,0,8.5565176,8.44330978,0,13.3953247,0,0,383,6874,0,0,0,,,,63
43379376,0.5,0.5,0,0,0.00805860758,0.00805860758,0.313235283,0.28412509,15.9349623,0,8.58364296,8.44542122,0,13.4024725,0,0,383,6903,0,0,0,,,,63
43380506,0.5,1,0,0,0.00805860758,0,0.313235283,0.28412509,15.9349623,0,8.52939224,8.42853069,0,13.3953247,0,0,383,6903,0,0,0,,,,63
43381837,0.5,1,0,0,0.00805860758,0,0.313235283,0.28412509,15.9349623,0,8.58665657,8.44330978,0,13.3953247,0,0,383,6903,0,0,0,,,,63
43382968,0.5,1,0,0,0.00805860758,0,0.313235283,0.28412509,15.9304171,0,8.57158756,8.45175552,0,13.3953247,0,0,383,6903,0,0,0,,,,63
43384095,0.5,0,0,0,0,0.00805860758,0.313235283,0.28412509,15.9304171,0,8.57158756,8.44330978,0,13.3953247,0,0,383,6903,0,0,0,,,,63
43385229,0.5,0,0,0,0,0,0.313235283,0.28412509,15.9349623,0,8.58062935,8.44330978,0,13.3953247,0,0,383,6903,0,0,0,,,,63
43386356,0.5,1,0,0,0.00805860758,0,0.313235283,0.28412509,15.9304171,0,8.5444622,8.44330978,0,13.3953247,0,0,383,6967,0,0,0,,,,63
43387486,0.5,1,0,0,0.00805860758,0,0.313235283,0.28412509,15.9349623,0,8.5565176,8.44119835,0,13.3953247,0,0,383,6967,0,0,0,,,,63
43388613,0.5,0.5,0,0,0.00805860758,0.00805860758,0.313235283,0.28412509,15.9304171,0,8.58364296,8.44330978,0,13.3953247,0,0,383,6967,0,0,0,,,,63
43389743,0.5,1,0,0,0.00805860758,0,0.313235283,0.28412509,15.9304171,0,8.568573,8.44542122,0,13.3953247,0,0,383,6967,0,0,0,,,,63
43390870,0.5,0,0,0,0,0.00805860758,0.313235283,0.28412509,15.9304171,0,8.56254578,8.45175552,0,13.3953247,0,0,383,6967,0,0,0,,,,63
43392005,0.5,0,0,0,0,0.00805860758,0.313235283,0.28412509,15.9304171,0,8.5565176,8.45175552,0,13.3953247,0,0,383,6967,0,0,0,,,,63
43393132,0.5,0,0,0,0,0.00805860758,0.313235283,0.28412509,15.9304171,0,8.56254578,8.45386696,0,13.4024725,0,0,383,7040,0,0,0,,,,63
43394262,0.5,0,0,0,0,0,0.313235283,0.28412509,15.9304171,0,8.54144764,8.44964409,0,13.3953247,0,0,383,7040,0,0,0,,,,63
43395389,0.5,0.5,0,0,0.00805860758,0.00805860758,0.313235283,0.28412509,15.9304171,0,8.53542042,8.44542122,0,13.3953247,0,0,383,7040,0,0,0,,,,63
43396519,0.5,1,0,0,0.00805860758,0,0.313235283,0.28412509,15.9349623,0,8.53240585,8.44753265,0,13.3953247,0,0,383,7040,0,0,0,,,,63
43397650,0.5,1,0,0,0.00805860758,0,0.313235283,0.28412509,15.9304171,0,8.56555939,8.45175552,0,13.3953247,0,0,383,7040,0,0,0,,,,63
43398780,0.5,0,0,0,0,0,0.313235283,0.28412509,15.9304171,0,8.55048943,8.44330978,0,13.3953247,0,0,383,7040,0,0,0,,,,63
43399908,0.5,1,0,0,0.00805860758,0,0.313235283,0.28412509,15.9304171,0,8.56555939,8.45597839,0,13.4024725,0,0,383,7040,0,0,0,,,,63
43401038,0.5,1,0,0,0.00805860758,0,0.313235283,0.28412509,15.9304171,0,8.54144764,8.44542122,0,13.3810291,0,0,383,7068,0,0,0,,,,63
43402369,0.5,1,0,0,0.00805860758,0,0.313235283,0.28412509,15.9349623,0,8.57460117,8.44753265,0,13.3881769,0,0,383,7068,0,0,0,,,,63
43403499,0.5,1,0,0,0.00805860758,0,0.313235283,0.28412509,15.9304171,0,8.55350399,8.44753265,0,13.3953247,0,0,383,7068,0,0,0,,,,63
43404631,0.5,0,0,0,0,0,0.313235283,0.28412509,15.9349623,0,8.54747581,8.45386696,0,13.3953247,0,0,383,7068,0,0,0,,,,63
43405761,0.5,1,0,0,0.00805860758,0,0.313235283,0.28412509,15.9304171,0,8.55350399,8.44753265,0,13.3953247,0,0,383,7068,0,0,0,,,,63
43406888,0.5,1,0,0,0.00805860758,0,0.313235283,0.28412509,15.9304171,0,8.55048943,8.45386696,0,13.3953247,0,0,383,7068,0,0,0,,,,63
43408018,0.5,1,0,0,0.00805860758,0,0.313235283,0.28412509,15.9304171,0,8.54144764,8.45808983,0,13.3881769,0,0,383,7172,0,0,0,,,,63
43409145,0.5,1,0,0,0.00805860758,0,0.313235283,0.28412509,15.9304171,0,8.57158756,8.45386696,0,13.3953247,0,0,383,7172,0,0,0,,,,63
43410279,0.5,0.5,0,0,0.00805860758,0.00805860758,0.313235283,0.28412509,15.9304171,0,8.55953121,8.45386696,0,13.3953247,0,0,383,7172,0,0,0,,,,63
43411407,0.5,1,0,0,0.00805860758,0,0.313235283,0.28412509,15.9349623,0,8.57761478,8.44542122,0,13.3953247,0,0,383,7172,0,0,0,,,,63
43412537,0.5,1,0,0,0.00805860758,0,0.313235283,0.28412509,15.9304171,0,8.53542042,8.44964409,0,13.3881769,0,0,383,7172,0,0,0,,,,63
43413664,0.5,1,0,0,0.00805860758,0,0.313235283,0.28412509,15.9349623,0,8.58364296,8.44330978,0,13.3953247,0,0,383,7172,0,0,0,,,,63
43414794,0.5,1,0,0,0.00805860758,0,0.313235283,0.28412509,15.9304171,0,8.56555939,8.44964409,0,13.3881769,0,0,383,7172,0,0,0,,,,63
43415921,0.5,1,0,0,0.00805860758,0,0.313235283,0.28412509,15.9304171,0,8.56555939,8.44753265,0,13.3953247,0,0,383,7240,0,0,0,,,,63
43417055,0.5,1,0,0,0.0161172152,0,0.313235283,0.28412509,15.9304171,0,8.57158756,8.44964409,0,13.3953247,0,0,383,7240,0,0,0,,,,63
43418182,0.5,1,0,0,0.00805860758,0,0.313235283,0.28412509,15.9304171,0,8.53542042,8.44964409,0,13.3953247,0,0,383,7240,0,0,0,,,,63
43419312,0.5,1,0,0,0.00805860758,0,0.313235283,0.28412509,15.9304171,0,8.57460117,8.44119835,0,13.3953247,0,0,383,7240,0,0,0,,,,63
43420439,0.5,1,0,0,0.0161172152,0,0.313235283,0.28412509,15.9304171,0,8.53843403,8.44330978,0,13.3953247,0,0,383,7240,0,0,0,,,,63
43421569,0.5,1,0,0,0.00805860758,0,0.313235283,0.28412509,15.9304171,0,8.55953121,8.44542122,0,13.3953247,0,0,383,7240,0,0,0,,,,63
43422900,0.5,0,0,0,0,0.00805860758,0.313235283,0.28412509,15.9304171,0,8.57158756,8.43697548,0,13.3953247,0,0,383,7285,0,0,0,,,,63
43424035,0.5,0,0,0,0,0,0.313235283,0.28412509,15.9349623,0,8.55048943,8.45175552,0,13.3881769,0,0,383,7285,0,0,0,,,,63
43425162,0.5,0,0,0,0,0,0.313235283,0.28412509,15.9349623,0,8.55350399,8.43908691,0,13.3953247,0,0,383,7285,0,0,0,,,,63
43426292,0.5,0,0,0,0,0.00805860758,0.313235283,0.28412509,15.9349623,0,8.54747581,8.44119835,0,13.3953247,0,0,383,7285,0,0,0,,,,63
43427419,0.5,0,0,0,0,0.00805860758,0.313235283,0.28412509,15.9349623,0,8.57158756,8.43697548,0,13.3953247,0,0,383,7285,0,0,0,,,,63
43428549,0.5,0,0,0,0,0,0.313235283,0.28412509,15.9349623,0,8.54747581,8.43908691,0,13.3953247,0,0,383,7285,0,0,0,,,,63
43429681,0.5,0,0,0,0,0,0.313235283,0.28412509,15.9349623,0,8.56555939,8.44330978,0,13.3953247,0,0,383,7285,0,0,0,,,,63
43430811,0.5,0,0,0,0,0,0.313235283,0.28412509,15.9304171,0,8.56254578,8.44542122,0,13.3953247,0,0,383,7408,0,0,0,,,,63
43431938,0.5,0.5,0,0,0.00805860758,0.00805860758,0.313235283,0.28412509,15.9304171,0,8.55953121,8.44753265,0,13.4024725,0,0,383,7408,0,0,0,,,,63
43433068,0.5,0.5,0,0,0.00805860758,0.00805860758,0.313235283,0.28412509,15.9304171,0,8.57158756,8.43908691,0,13.3810291,0,0,383,7408,0,0,0,,,,63
43434195,0.5,1,0,0,0.00805860758,0,0.313235283,0.28412509,15.9304171,0,8.55048943,8.43908691,0,13.3953247,0,0,383,7408,0,0,0,,,,63
43435324,0.5,0,0,0,0,0.00805860758,0.313235283,0.28412509,15.9349623,0,8.58665657,8.44542122,0,13.3953247,0,0,383,7408,0,0,0,,,,63
43436456,0.5,0.5,0,0,0.00805860758,0.00805860758,0.313235283,0.28412509,15.9349623,0,8.56254578,8.43697548,0,13.3953247,0,0,383,7408,0,0,0,,,,63
43437586,0.5,1,0,0,0.00805860758,0,0.313235283,0.28412509,15.9349623,0,8.568573,8.45597839,0,13.3953247,0,0,383,7408,0,0,0,,,,63
43438713,0.5,0.5,0,0,0.00805860758,0.00805860758,0.313235283,0.28412509,15.9304171,0,8.55048943,8.44542122,0,13.3953247,0,0,383,7459,0,0,0,,,,63
43439843,0.5,1,0,0,0.0161172152,0,0.313235283,0.28412509,15.9304171,0,8.54747581,8.44542122,0,13.3953247,0,0,383,7459,0,0,0,,,,63
43440971,0.5,0,0,0,0,0,0.313235283,0.28412509,15.9349623,0,8.55350399,8.44964409,0,13.4024725,0,0,383,7459,0,0,0,,,,63
43442106,0.5,1,0,0,0.0161172152,0,0.313235283,0.28412509,15.9304171,0,8.57460117,8.44119835,0,13.3953247,0,0,383,7459,0,0,0,,,,63
43443233,0.5,1,0,0,0.00805860758,0,0.313235283,0.28412509,15.9349623,0,8.58364296,8.44753265,0,13.3881769,0,0,383,7459,0,0,0,,,,63
43444567,0.5,1,0,0,0.00805860758,0,0.313235283,0.28412509,15.9304171,0,8.58665657,8.45175552,0,13.3953247,0,0,383,7459,0,0,0,,,,63
43445694,0.5,1,0,0,0.00805860758,0,0.313235283,0.28412509,15.9304171,0,8.56555939,8.45386696,0,13.3810291,0,0,383,7530,0,0,0,,,,63
43446824,0.5,1,0,0,0.00805860758,0,0.313235283,0.28412509,15.9304171,0,8.55350399,8.44964409,0,13.4024725,0,0,383,7530,0,0,0,,,,63
43447951,0.5,1,0,0,0.00805860758,0,0.313235283,0.28412509,15.9304171,0,8.54144764,8.44964409,0,13.3953247,0,0,383,7530,0,0,0,,,,63
43449086,0.5,1,0,0,0.00805860758,0,0.313235283,0.28412509,15.9304171,0,8.58665657,8.45597839,0,13.3953247,0,0,383,7530,0,0,0,,,,63
43450212,0.5,1,0,0,0.00805860758,0,0.313235283,0.28412509,15.9349623,0,8.53542042,8.45808983,0,13.3953247,0,0,383,7530,0,0,0,,,,63
43451342,0.5,1,0,0,0.00805860758,0,0.313235283,0.28412509,15.9304171,0,8.56555939,8.44753265,0,13.3953247,0,0,383,7530,0,0,0,,,,63
43452469,0.5,0,0,0,0,0,0.313235283,0.28412509,15.9349623,0,8.56555939,8.45386696,0,13.3953247,0,0,383,7530,0,0,0,,,,63
43453599,0.5,1,0,0,0.00805860758,0,0.313235283,0.28412509,15.9349623,0,8.56254578,8.45175552,0,13.3953247,0,0,383,7530,0,0,0,,,,63
43454731,0.5,1,0,0,0.00805860758,0,0.313235283,0.28412509,15.9349623,0,8.53542042,8.45597839,0,13.3953247,0,0,383,7660,0,0,0,,,,63
43455861,0.5,0,0,0,0,0,0.313235283,0.28412509,15.9349623,0,8.5565176,8.44964409,0,13.3953247,0,0,383,7660,0,0,0,,,,63
43456988,0.5,0.5,0,0,0.00805860758,0.00805860758,0.313235283,0.28412509,15.9349623,0,8.54747581,8.44119835,0,13.3953247,0,0,383,7660,0,0,0,,,,63
43458118,0.5,0,0,0,0,0.00805860758,0.313235283,0.28412509,15.9349623,0,8.57761478,8.44964409,0,13.3953247,0,0,383,7660,0,0,0,,,,63
43459245,0.5,0,0,0,0,0.00805860758,0.313235283,0.28412509,15.9304171,0,8.55048943,8.45597839,0,13.4024725,0,0,383,7660,0,0,0,,,,63
43460375,0.5,1,0,0,0.0161172152,0,0.313235283,0.28412509,15.9349623,0,8.55953121,8.45175552,0,13.3881769,0,0,383,7660,0,0,0,,,,63
43461507,0.5,1,0,0,0.00805860758,0,0.313235283,0.28412509,15.9349623,0,8.54747581,8.45386696,0,13.3953247,0,0,383,7660,0,0,0,,,,63
43462637,0.5,1,0,0,0.00805860758,0,0.313235283,0.28412509,15.9304171,0,8.53240585,8.44964409,0,13.3953247,0,0,383,7709,0,0,0,,,,63
43463764,0.5,1,0,0,0.00805860758,0,0.313235283,0.28412509,15.9304171,0,8.54747581,8.45175552,0,13.3953247,0,0,383,7709,0,0,0,,,,63
43465098,0.5,1,0,0,0.0161172152,0,0.313235283,0.28412509,15.9349623,0,8.55953121,8.44964409,0,13.4024725,0,0,383,7709,0,0,0,,,,63
43466225,0.5,1,0,0,0.00805860758,0,0.313235283,0.28412509,15.9349623,0,8.56555939,8.44753265,0,13.3953247,0,0,383,7709,0,0,0,,,,63
43467355,0.5,1,0,0,0.00805860758,0,0.313235283,0.28412509,15.9304171,0,8.58364296,8.45175552,0,13.3953247,0,0,383,7709,0,0,0,,,,63
43468487,0.5,1,0,0,0.0161172152,0,0.313235283,0.28412509,15.9304171,0,8.58967113,8.43908691,0,13.3953247,0,0,383,7709,0,0,0,,,,63
43469617,0.5,1,0,0,0.00805860758,0,0.313235283,0.28412509,15.9349623,0,8.5565176,8.44964409,0,13.3953247,0,0,383,7709,0,0,0,,,,63
43470744,0.5,1,0,0,0.00805860758,0,0.313235283,0.28412509,15.9349623,0,8.59268475,8.44542122,0,13.3953247,0,0,383,7808,0,0,0,,,,63
43471874,0.5,0,0,0,0,0,0.313235283,0.28412509,15.9304171,0,8.5444622,8.44964409,0,13.3881769,0,0,383,7808,0,0,0,,,,63
43473001,0.5,0,0,0,0,0,0.313235283,0.28412509,15.9304171,0,8.56555939,8.44964409,0,13.3953247,0,0,383,7808,0,0,0,,,,63
43474135,0.5,1,0,0,0.00805860758,0,0.313235283,0.28412509,15.9349623,0,8.5565176,8.44753265,0,13.3953247,0,0,383,7808,0,0,0,,,,63
43475262,0.5,0,0,0,0,0,0.313235283,0.28412509,15.9349623,0,8.56254578,8.45175552,0,13.4024725,0,0,383,7808,0,0,0,,,,63
43476392,0.5,1,0,0,0.00805860758,0,0.313235283,0.28412509,15.9304171,0,8.5565176,8.44753265,0,13.3953247,0,0,383,7808,0,0,0,,,,63
43477519,0.5,1,0,0,0.00805860758,0,0.313235283,0.28412509,15.9304171,0,8.58665657,8.45597839,0,13.4024725,0,0,383,7808,0,0,0,,,,63
43478649,0.5,0,0,0,0,0,0.313235283,0.28412509,15.9349623,0,8.55350399,8.44542122,0,13.3953247,0,0,383,7918,0,0,0,,,,63
43479776,0.5,1,0,0,0.00805860758,0,0.313235283,0.28412509,15.9304171,0,8.55350399,8.44330978,0,13.3953247,0,0,383,7918,0,0,0,,,,63
43480910,0.5,1,0,0,0.00805860758,0,0.313235283,0.28412509,15.9304171,0,8.59569836,8.44964409,0,13.3953247,0,0,383,7918,0,0,0,,,,63
43482037,0.5,1,0,0,0.00805860758,0,0.313235283,0.28412509,15.9349623,0,8.54144764,8.43908691,0,13.3881769,0,0,383,7918,0,0,0,,,,63
43483167,0.5,1,0,0,0.00805860758,0,0.313235283,0.28412509,15.9349623,0,8.57158756,8.44330978,0,13.3953247,0,0,383,7918,0,0,0,,,,63
43484294,0.5,1,0,0,0.00805860758,0,0.313235283,0.28412509,15.9304171,0,8.55953121,8.44330978,0,13.4024725,0,0,383,7918,0,0,0,,,,63
43485425,0.5,0,0,0,0,0,0.313235283,0.28412509,15.9349623,0,8.57460117,8.44542122,0,13.3953247,0,0,383,7918,0,0,0,,,,63
43486760,0.5,0,0,0,0,0,0.313235283,0.28412509,15.9304171,0,8.58062935,8.44964409,0,13.3953247,0,0,383,8021,0,0,0,,,,63
43487890,0.5,1,0,0,0.00805860758,0,0.313235283,0.28412509,15.9304171,0,8.56555939,8.44330978,0,13.3953247,0,0,383,8021,0,0,0,,,,63
43489017,0.5,0,0,0,0,0,0.313235283,0.28412509,15.9304171,0,8.57460117,8.44753265,0,13.3881769,0,0,383,8021,0,0,0,,,,63
43490148,0.5,1,0,0,0.00805860758,0,0.313235283,0.28412509,15.9304171,0,8.56555939,8.44542122,0,13.3953247,0,0,383,8021,0,0,0,,,,63
43491275,0.5,0.666666687,0,0,0.0161172152,0.00805860758,0.313235283,0.28412509,15.9304171,0,8.57761478,8.44542122,0,13.4024725,0,0,383,8021,0,0,0,,,,63
43492404,0.5,1,0,0,0.00805860758,0,0.313235283,0.28412509,15.9304171,0,8.55953121,8.44964409,0,13.4024725,0,0,383,8021,0,0,0,,,,63
43493537,0.5,1,0,0,0.00805860758,0,0.313235283,0.28412509,15.9349623,0,8.56254578,8.43908691,0,13.3953247,0,0,383,8021,0,0,0,,,,63
43494666,0.5,1,0,0,0.00805860758,0,0.313235283,0.28412509,15.9304171,0,8.55350399,8.44753265,0,13.3881769,0,0,383,8021,0,0,0,,,,63
43495793,0.5,1,0,0,0.00805860758,0,0.313235283,0.28412509,15.9304171,0,8.58062935,8.45597839,0,13.3953247,0,0,383,8167,0,0,0,,,,63
43496924,0.5,0,0,0,0,0,0.313235283,0.28412509,15.9349623,0,8.568573,8.44330978,0,13.3953247,0,0,383,8167,0,0,0,,,,63
43498051,0.5,0,0,0,0,0,0.313235283,0.28412509,15.9349623,0,8.5565176,8.44330978,0,13.3953247,0,0,383,8167,0,0,0,,,,63
43499186,0.5,0,0,0,0,0.00805860758,0.313235283,0.28412509,15.9349623,0,8.58364296,8.44542122,0,13.3953247,0,0,383,8167,0,0,0,,,,63
43500313,0.5,1,0,0,0.00805860758,0,0.313235283,0.28412509,15.9349623,0,8.55953121,8.44964409,0,13.3953247,0,0,383,8167,0,0,0,,,,63
43501443,0.5,0,0,0,0,0,0.313235283,0.28412509,15.9304171,0,8.57761478,8.44753265,0,13.3953247,0,0,383,8167,0,0,0,,,,63
43502570,0.5,1,0,0,0.00805860758,0,0.313235283,0.28412509,15.9304171,0,8.58967113,8.44753265,0,13.3953247,0,0,383,8167,0,0,0,,,,63
43503699,0.5,1,0,0,0.00805860758,0,0.313235283,0.28412509,15.9349623,0,8.53240585,8.44753265,0,13.3953247,0,0,383,8204,0,0,0,,,,63
43504827,0.5,1,0,0,0.00805860758,0,0.313235283,0.28412509,15.9304171,0,8.58665657,8.44964409,0,13.3953247,0,0,383,8204,0,0,0,,,,63
43505961,0.5,0,0,0,0,0,0.313235283,0.28412509,15.9349623,0,8.56254578,8.43275356,0,13.3953247,0,0,383,8204,0,0,0,,,,63
43507293,0.5,1,0,0,0.00805860758,0,0.313235283,0.28412509,15.9304171,0,8.5565176,8.44753265,0,13.3953247,0,0,383,8204,0,0,0,,,,63
43508423,0.5,1,0,0,0.00805860758,0,0.313235283,0.28412509,15.9349623,0,8.5444622,8.44330978,0,13.3953247,0,0,383,8204,0,0,0,,,,63
43509550,0.5,0,0,0,0,0,0.313235283,0.28412509,15.9304171,0,8.5565176,8.44330978,0,13.3953247,0,0,383,8204,0,0,0,,,,63
43510680,0.5,0,0,0,0,0,0.313235283,0.28412509,15.9349623,0,8.57460117,8.44330978,0,13.3953247,0,0,383,8204,0,0,0,,,,63
43511807,0.5,0.666666687,0,0,0.0161172152,0.00805860758,0.313235283,0.28412509,15.9349623,0,8.57158756,8.44964409,0,13.3953247,0,0,383,8314,0,0,0,,,,63
43512941,0.5,0,0,0,0,0,0.313235283,0.28412509,15.9304171,0,8.55048943,8.44119835,0,13.3953247,0,0,383,8314,0,0,0,,,,63
43514068,0.5,1,0,0,0.0161172152,0,0.313235283,0.28412509,15.9304171,0,8.55048943,8.44753265,0,13.3738813,0,0,383,8314,0,0,0,,,,63
43515198,0.5,1,0,0,0.00805860758,0,0.313235283,0.28412509,15.9304171,0,8.53240585,8.45597839,0,13.3953247,0,0,383,8314,0,0,0,,,,63
43516325,0.5,1,0,0,0.00805860758,0,0.313235283,0.28412509,15.9349623,0,8.55350399,8.44964409,0,13.3953247,0,0,383,8314,0,0,0,,,,63
43517455,0.5,1,0,0,0.00805860758,0,0.313235283,0.28412509,15.9349623,0,8.53542042,8.45386696,0,13.3953247,0,0,383,8314,0,0,0,,,,63
43518587,0.5,1,0,0,0.00805860758,0,0.313235283,0.28412509,15.9349623,0,8.568573,8.44753265,0,13.3953247,0,0,383,8314,0,0,0,,,,63
43519717,0.5,1,0,0,0.00805860758,0,0.313235283,0.28412509,15.9349623,0,8.53542042,8.45386696,0,13.3953247,0,0,383,8314,0,0,0,,,,63
43520844,0.5,1,0,0,0.00805860758,0,0.313235283,0.28412509,15.9304171,0,8.55350399,8.44753265,0,13.3953247,0,0,383,8416,0,0,0,,,,63
43521974,0.5,1,0,0,0.00805860758,0,0.313235283,0.28412509,15.9304171,0,8.58364296,8.44964409,0,13.3953247,0,0,383,8416,0,0,0,,,,63
43523101,0.5,1,0,0,0.00805860758,0,0.313235283,0.28412509,15.9349623,0,8.55350399,8.45597839,0,13.3953247,0,0,383,8416,0,0,0,,,,63
43524231,0.5,1,0,0,0.0161172152,0,0.313235283,0.28412509,15.9349623,0,8.5565176,8.44964409,0,13.3953247,0,0,383,8416,0,0,0,,,,63
43525363,0.5,1,0,0,0.00805860758,0,0.313235283,0.28412509,15.9349623,0,8.55953121,8.45597839,0,13.4024725,0,0,383,8416,0,0,0,,,,63
43526492,0.5,1,0,0,0.00805860758,0,0.313235283,0.28412509,15.9304171,0,8.5565176,8.43908691,0,13.3953247,0,0,383,8416,0,0,0,,,,63
43527824,0.5,0.5,0,0,0.00805860758,0.00805860758,0.313235283,0.28412509,15.9349623,0,8.53240585,8.44753265,0,13.3953247,0,0,383,8416,0,0,0,,,,63
43528954,0.5,1,0,0,0.00805860758,0,0.313235283,0.28412509,15.9304171,0,8.58665657,8.44964409,0,13.3953247,0,0,383,8416,0,0,0,,,,63
43530081,0.5,0.5,0,0,0.00805860758,0.00805860758,0.313235283,0.28412509,15.9304171,0,8.56555939,8.44119835,0,13.3881769,0,0,383,8530,0,0,0,,,,63
43531215,0.5,0.5,0,0,0.00805860758,0.00805860758,0.313235283,0.28412509,15.9304171,0,8.56254578,8.44330978,0,13.3953247,0,0,383,8530,0,0,0,,,,63
43532342,0.5,0,0,0,0,0,0.313235283,0.28412509,15.9349623,0,8.58665657,8.44330978,0,13.3953247,0,0,383,8530,0,0,0,,,,63
43533473,0.5,0,0,0,0,0,0.313235283,0.28412509,15.9304171,0,8.58665657,8.44542122,0,13.3953247,0,0,383,8530,0,0,0,,,,63
43534600,0.5,1,0,0,0.00805860758,0,0.313235283,0.28412509,15.9349623,0,8.5565176,8.45597839,0,13.3953247,0,0,383,8530,0,0,0,,,,63
43535729,0.5,0.5,0,0,0.00805860758,0.00805860758,0.313235283,0.28412509,15.9304171,0,8.51432323,8.44330978,0,13.3953247,0,0,383,8530,0,0,0,,,,63
43536856,0.5,1,0,0,0.00805860758,0,0.313235283,0.28412509,15.9304171,0,8.58062935,8.44753265,0,13.3953247,0,0,383,8530,0,0,0,,,,63
43537991,0.5,0,0,0,0,0,0.313235283,0.28412509,15.9349623,0,8.56555939,8.44119835,0,13.3881769,0,0,383,8530,0,0,0,,,,63
43539118,0.5,1,0,0,0.00805860758,0,0.313235283,0.28412509,15.9349623,0,8.56254578,8.45386696,0,13.4024725,0,0,383,8670,0,0,0,,,,63
43540248,0.5,1,0,0,0.00805860758,0,0.313235283,0.28412509,15.9304171,0,8.57761478,8.43908691,0,13.3953247,0,0,383,8670,0,0,0,,,,63
43541375,0.5,1,0,0,0.00805860758,0,0.313235283,0.28412509,15.9349623,0,8.54144764,8.44964409,0,13.3953247,0,0,383,8670,0,0,0,,,,63
43542505,0.5,0,0,0,0,0,0.313235283,0.28412509,15.9349623,0,8.56254578,8.45386696,0,13.3953247,0,0,383,8670,0,0,0,,,,63
43543637,0.5,1,0,0,0.00805860758,0,0.313235283,0.28412509,15.9349623,0,8.5444622,8.44542122,0,13.3953247,0,0,383,8670,0,0,0,,,,63
43544766,0.5,1,0,0,0.00805860758,0,0.313235283,0.28412509,15.9349623,0,8.55953121,8.44964409,0,13.3953247,0,0,383,8670,0,0,0,,,,63
43545893,0.5,0,0,0,0,0,0.313235283,0.28412509,15.9304171,0,8.57158756,8.44330978,0,13.3953247,0,0,383,8670,0,0,0,,,,63
43547023,0.5,1,0,0,0.00805860758,0,0.313235283,0.28412509,15.9304171,0,8.52939224,8.44542122,0,13.3881769,0,0,383,8670,0,0,0,,,,63
43548150,0.5,0,0,0,0,0,0.313235283,0.28412509,15.9304171,0,8.51130867,8.43697548,0,13.3953247,0,0,383,8795,0,0,0,,,,63
43549484,0.5,1,0,0,0.00805860758,0,0.313235283,0.28412509,15.9349623,0,8.57460117,8.44753265,0,13.3953247,0,0,383,8795,0,0,0,,,,63
43550616,0.5,0,0,0,0,0.00805860758,0.313235283,0.28412509,15.9304171,0,8.58062935,8.44964409,0,13.3953247,0,0,383,8795,0,0,0,,,,63
43551746,0.5,0,0,0,0,0.00805860758,0.313235283,0.28412509,15.9349623,0,8.568573,8.44542122,0,13.3953247,0,0,383,8795,0,0,0,,,,63
43552873,0.5,1,0,0,0.00805860758,0,0.313235283,0.28412509,15.9349623,0,8.57158756,8.44542122,0,13.3953247,0,0,383,8795,0,0,0,,,,63
43554003,0.5,1,0,0,0.00805860758,0,0.313235283,0.28412509,15.9304171,0,8.55048943,8.44753265,0,13.3953247,0,0,383,8795,0,0,0,,,,63
43555130,0.5,1,0,0,0.00805860758,0,0.313235283,0.28412509,15.9304171,0,8.51432323,8.44119835,0,13.3953247,0,0,383,8795,0,0,0,,,,63
43556264,0.5,1,0,0,0.00805860758,0,0.313235283,0.28412509,15.9304171,0,8.54144764,8.44753265,0,13.3953247,0,0,383,8795,0,0,0,,,,63
43557392,0.5,0,0,0,0,0.00805860758,0.313235283,0.28412509,15.9349623,0,8.59268475,8.44119835,0,13.3953247,0,0,383,8921,0,0,0,,,,63
43558521,0.5,0,0,0,0,0.00805860758,0.313235283,0.28412509,15.9304171,0,8.53843403,8.45597839,0,13.3953247,0,0,383,8921,0,0,0,,,,63
43559648,0.5,0,0,0,0,0,0.313235283,0.28412509,15.9304171,0,8.56555939,8.45175552,0,13.4024725,0,0,383,8921,0,0,0,,,,63
43560778,0.5,1,0,0,0.00805860758,0,0.313235283,0.28412509,15.9304171,0,8.5565176,8.44542122,0,13.3953247,0,0,383,8921,0,0,0,,,,63
43561905,0.5,0,0,0,0,0,0.313235283,0.28412509,15.9304171,0,8.56555939,8.44753265,0,13.3953247,0,0,383,8921,0,0,0,,,,63
43563040,0.5,1,0,0,0.00805860758,0,0.313235283,0.28412509,15.9349623,0,8.568573,8.45597839,0,13.3810291,0,0,383,8921,0,0,0,,,,63
43564167,0.5,0,0,0,0,0.00805860758,0.313235283,0.28412509,15.9304171,0,8.5565176,8.44542122,0,13.3953247,0,0,383,8921,0,0,0,,,,63
43565297,0.5,1,0,0,0.00805860758,0,0.313235283,0.28412509,15.9349623,0,8.55953121,8.43697548,0,13.3953247,0,0,383,8921,0,0,0,,,,63
43566424,0.5,0,0,0,0,0,0.313235283,0.28412509,15.9349623,0,8.568573,8.44753265,0,13.3953247,0,0,383,9025,0,0,0,,,,63
43567554,0.5,0,0,0,0,0.00805860758,0.313235283,0.28412509,15.9304171,0,8.56555939,8.44753265,0,13.3953247,0,0,383,9025,0,0,0,,,,63
43568681,0.5,1,0,0,0.00805860758,0,0.313235283,0.28412509,15.9349623,0,8.55953121,8.44964409,0,13.3953247,0,0,383,9025,0,0,0,,,,63
43570019,0.5,0,0,0,0,0.00805860758,0.313235283,0.28412509,15.9304171,0,8.57158756,8.43908691,0,13.3881769,0,0,383,9025,0,0,0,,,,63
43571146,0.5,0,0,0,0,0.00805860758,0.313235283,0.28412509,15.9349623,0,8.5565176,8.43908691,0,13.3881769,0,0,383,9025,0,0,0,,,,63
43572276,0.5,0,0,0,0,0.00805860758,0.313235283,0.28412509,15.9304171,0,8.59268475,8.43486404,0,13.3953247,0,0,383,9025,0,0,0,,,,63
43573403,0.5,0,0,0,0,0.0161172152,0.313235283,0.28412509,15.9349623,0,8.55350399,8.44330978,0,13.3953247,0,0,383,9025,0,0,0,,,,63
43574534,0.5,0,0,0,0,0,0.313235283,0.28412509,15.9349623,0,8.5565176,8.45597839,0,13.3881769,0,0,383,9025,0,0,0,,,,63
43575665,0.5,0,0,0,0,0,0.313235283,0.28412509,15.9304171,0,8.53843403,8.44119835,0,13.3953247,0,0,383,9025,0,0,0,,,,63
43576796,0.5,0.5,0,0,0.00805860758,0.00805860758,0.313235283,0.28412509,15.9304171,0,8.56555939,8.45175552,0,13.3953247,0,0,383,9176,0,0,0,,,,63
43577923,0.5,0,0,0,0,0.00805860758,0.313235283,0.28412509,15.9304171,0,8.57158756,8.44753265,0,13.3953247,0,0,383,9176,0,0,0,,,,63
43579052,0.5,1,0,0,0.00805860758,0,0.313235283,0.28412509,15.9349623,0,8.58364296,8.44330978,0,13.3810291,0,0,383,9176,0,0,0,,,,63
43580179,0.5,1,0,0,0.00805860758,0,0.313235283,0.28412509,15.9349623,0,8.54144764,8.44753265,0,13.3953247,0,0,383,9176,0,0,0,,,,63
43581309,0.5,0.666666687,0,0,0.0161172152,0.00805860758,0.313235283,0.28412509,15.9349623,0,8.55350399,8.44542122,0,13.3953247,0,0,383,9176,0,0,0,,,,63
43582441,0.5,1,0,0,0.00805860758,0,0.313235283,0.28412509,15.9304171,0,8.56254578,8.43908691,0,13.3953247,0,0,383,9176,0,0,0,,,,63
43583571,0.5,0,0,0,0,0,0.313235283,0.28412509,15.9304171,0,8.5565176,8.44964409,0,13.3953247,0,0,383,9176,0,0,0,,,,63
43584699,0.5,0.5,0,0,0.00805860758,0.00805860758,0.313235283,0.28412509,15.9349623,0,8.55350399,8.44542122,0,13.3953247,0,0,383,9176,0,0,0,,,,63
43585829,0.5,0,0,0,0,0,0.313235283,0.28412509,15.9304171,0,8.53843403,8.45386696,0,13.3953247,0,0,383,9299,0,0,0,,,,63
43586956,0.5,1,0,0,0.00805860758,0,0.313235283,0.28412509,15.9304171,0,8.56555939,8.43697548,0,13.3953247,0,0,383,9299,0,0,0,,,,63
43588091,0.5,1,0,0,0.00805860758,0,0.313235283,0.28412509,15.9349623,0,8.58062935,8.43908691,0,13.3953247,0,0,383,9299,0,0,0,,,,63
43589217,0.5,0.5,0,0,0.00805860758,0.00805860758,0.313235283,0.28412509,15.9304171,0,8.53240585,8.43908691,0,13.3953247,0,0,383,9299,0,0,0,,,,63
43590347,0.5,1,0,0,0.00805860758,0,0.313235283,0.28412509,15.9349623,0,8.5565176,8.44330978,0,13.3953247,0,0,383,9299,0,0,0,,,,63
43591678,0.5,0,0,0,0,0,0.313235283,0.28412509,15.9349623,0,8.56555939,8.45175552,0,13.3953247,0,0,383,9299,0,0,0,,,,63
43592808,0.5,0,0,0,0,0,0.313235283,0.28412509,15.9304171,0,8.58967113,8.44330978,0,13.3953247,0,0,383,9299,0,0,0,,,,63
43593935,0.5,1,0,0,0.00805860758,0,0.313235283,0.28412509,15.9349623,0,8.58665657,8.45175552,0,13.3953247,0,0,383,9299,0,0,0,,,,63
43595069,0.5,1,0,0,0.00805860758,0,0.313235283,0.28412509,15.9304171,0,8.52336502,8.44542122,0,13.3738813,0,0,383,9299,0,0,0,,,,63
43596196,0.5,1,0,0,0.00805860758,0,0.313235283,0.28412509,15.9349623,0,8.55953121,8.44542122,0,13.3953247,0,0,383,9459,0,0,0,,,,63
43597326,0.5,1,0,0,0.00805860758,0,0.313235283,0.28412509,15.9349623,0,8.54747581,8.45175552,0,13.3953247,0,0,383,9459,0,0,0,,,,63
43598453,0.5,1,0,0,0.00805860758,0,0.313235283,0.28412509,15.9349623,0,8.5565176,8.44330978,0,13.3953247,0,0,383,9459,0,0,0,,,,63
43599583,0.5,0.5,0,0,0.00805860758,0.00805860758,0.313235283,0.28412509,15.9349623,0,8.57158756,8.44330978,0,13.3953247,0,0,383,9459,0,0,0,,,,63
43600715,0.5,0,0,0,0,0,0.313235283,0.28412509,15.9304171,0,8.56254578,8.43486404,0,13.3953247,0,0,383,9459,0,0,0,,,,63
43601845,0.5,0,0,0,0,0.00805860758,0.313235283,0.28412509,15.9304171,0,8.57460117,8.44753265,0,13.3953247,0,0,383,9459,0,0,0,,,,63
43602972,0.5,1,0,0,0.00805860758,0,0.313235283,0.28412509,15.9304171,0,8.55350399,8.44964409,0,13.3953247,0,0,383,9459,0,0,0,,,,63
43604102,0.5,1,0,0,0.00805860758,0,0.313235283,0.28412509,15.9304171,0,8.58062935,8.44964409,0,13.3953247,0,0,383,9459,0,0,0,,,,63
43605229,0.5,0,0,0,0,0.00805860758,0.313235283,0.28412509,15.9304171,0,8.56254578,8.44753265,0,13.3953247,0,0,383,9459,0,0,0,,,,63
43606359,0.5,0,0,0,0,0.00805860758,0.313235283,0.28412509,15.9349623,0,8.568573,8.43908691,0,13.3953247,0,0,383,9602,0,0,0,,,,63
43607491,0.5,0,0,0,0,0.00805860758,0.313235283,0.28412509,15.9349623,0,8.59268475,8.44542122,0,13.3953247,0,0,383,9602,0,0,0,,,,63
43608621,0.5,0.5,0,0,0.00805860758,0.00805860758,0.313235283,0.28412509,15.9304171,0,8.5565176,8.43908691,0,13.3953247,0,0,383,9602,0,0,0,,,,63
43609748,0.5,1,0,0,0.00805860758,0,0.313235283,0.28412509,15.9349623,0,8.58364296,8.44119835,0,13.3881769,0,0,383,9602,0,0,0,,,,63
43610878,0.5,0.5,0,0,0.00805860758,0.00805860758,0.313235283,0.28412509,15.9349623,0,8.54747581,8.44330978,0,13.3953247,0,0,383,9602,0,0,0,,,,63
43612209,0.5,0,0,0,0,0.00805860758,0.313235283,0.28412509,15.9304171,0,8.55350399,8.44753265,0,13.3953247,0,0,383,9602,0,0,0,,,,63
43613338,0.5,0,0,0,0,0.00805860758,0.313235283,0.28412509,15.9349623,0,8.57158756,8.44542122,0,13.3953247,0,0,383,9602,0,0,0,,,,63
43614470,0.5,0,0,0,0,0,0.313235283,0.28412509,15.9304171,0,8.55953121,8.44753265,0,13.3953247,0,0,383,9602,0,0,0,,,,63
43615600,0.5,0.5,0,0,0.00805860758,0.00805860758,0.313235283,0.28412509,15.9304171,0,8.58062935,8.44964409,0,13.3953247,0,0,383,9602,0,0,0,,,,63
43616727,0.5,1,0,0,0.00805860758,0,0.313235283,0.28412509,15.9304171,0,8.57761478,8.44330978,0,13.3953247,0,0,383,9767,0,0,0,,,,63
43617857,0.5,1,0,0,0.00805860758,0,0.313235283,0.28412509,15.9349623,0,8.568573,8.44542122,0,13.3953247,0,0,383,9767,0,0,0,,,,63
43618984,0.5,0,0,0,0,0.00805860758,0.313235283,0.28412509,15.9304171,0,8.55048943,8.45386696,0,13.3953247,0,0,383,9767,0,0,0,,,,63
43620119,0.5,0,0,0,0,0.00805860758,0.313235283,0.28412509,15.9349623,0,8.55048943,8.45386696,0,13.3953247,0,0,383,9767,0,0,0,,,,63
43621246,0.5,0.5,0,0,0.00805860758,0.00805860758,0.313235283,0.28412509,15.9304171,0,8.58364296,8.45386696,0,13.4024725,0,0,383,9767,0,0,0,,,,63
43622376,0.5,1,0,0,0.00805860758,0,0.313235283,0.28412509,15.9304171,0,8.56254578,8.44330978,0,13.3953247,0,0,383,9767,0,0,0,,,,63
43623503,0.5,1,0,0,0.00805860758,0,0.313235283,0.28412509,15.9349623,0,8.59569836,8.44542122,0,13.3953247,0,0,383,9767,0,0,0,,,,63
43624632,0.5,1,0,0,0.00805860758,0,0.313235283,0.28412509,15.9349623,0,8.57761478,8.45597839,0,13.3953247,0,0,383,9767,0,0,0,,,,63
43625759,0.5,0,0,0,0,0,0.313235283,0.28412509,15.9349623,0,8.58364296,8.44542122,0,13.3953247,0,0,383,9767,0,0,0,,,,63
43626894,0.5,1,0,0,0.00805860758,0,0.313235283,0.28412509,15.9304171,0,8.52035046,8.45808983,0,13.3953247,0,0,383,9923,0,0,0,,,,63
43628021,0.5,1,0,0,0.00805860758,0,0.313235283,0.28412509,15.9304171,0,8.52336502,8.44964409,0,13.3953247,0,0,383,9923,0,0,0,,,,63
43629151,0.5,0,0,0,0,0,0.313235283,0.28412509,15.9304171,0,8.58364296,8.44330978,0,13.3953247,0,0,383,9923,0,0,0,,,,63
43630278,0.5,0.5,0,0,0.00805860758,0.00805860758,0.313235283,0.28412509,15.9349623,0,8.56555939,8.44753265,0,13.3953247,0,0,383,9923,0,0,0,,,,63
43631408,0.5,1,0,0,0.00805860758,0,0.313235283,0.28412509,15.9349623,0,8.58967113,8.45175552,0,13.3953247,0,0,383,9923,0,0,0,,,,63
43632540,0.5,1,0,0,0.00805860758,0,0.313235283,0.28412509,15.9349623,0,8.53843403,8.45386696,0,13.4024725,0,0,383,9923,0,0,0,,,,63
43633874,0.5,1,0,0,0.00805860758,0,0.313235283,0.28412509,15.9349623,0,8.56254578,8.45175552,0,13.3953247,0,0,383,9923,0,0,0,,,,63
43635001,0.5,1,0,0,0.00805860758,0,0.313235283,0.28412509,15.9304171,0,8.55350399,8.45386696,0,13.3953247,0,0,383,9923,0,0,0,,,,63
43636131,0.5,1,0,0,0.00805860758,0,0.313235283,0.28412509,15.9304171,0,8.52939224,8.44753265,0,13.3953247,0,0,383,9923,0,0,0,,,,63
43637258,0.5,0,0,0,0,0,0.313235283,0.28412509,15.9349623,0,8.57158756,8.44753265,0,13.3953247,0,0,383,10138,0,0,0,,,,63
43638388,0.5,1,0,0,0.00805860758,0,0.313235283,0.28412509,15.9349623,0,8.5565176,8.44964409,0,13.3953247,0,0,383,10138,0,0,0,,,,63
43639520,0.5,0.5,0,0,0.00805860758,0.00805860758,0.313235283,0.28412509,15.9304171,0,8.54144764,8.45175552,0,13.3953247,0,0,383,10138,0,0,0,,,,63
43640650,0.5,1,0,0,0.00805860758,0,0.313235283,0.28412509,15.9304171,0,8.5565176,8.45175552,0,13.3953247,0,0,383,10138,0,0,0,,,,63
43641777,0.5,1,0,0,0.00805860758,0,0.313235283,0.28412509,15.9304171,0,8.54747581,8.44542122,0,13.3881769,0,0,383,10138,0,0,0,,,,63
43642907,0.5,1,0,0,0.00805860758,0,0.313235283,0.28412509,15.9304171,0,8.5444622,8.44330978,0,13.3953247,0,0,383,10138,0,0,0,,,,63
43644034,0.5,0,0,0,0,0,0.313235283,0.28412509,15.9349623,0,8.55048943,8.44119835,0,13.3881769,0,0,383,10138,0,0,0,,,,63
43645169,0.5,1,0,0,0.00805860758,0,0.313235283,0.28412509,15.9304171,0,8.58665657,8.44753265,0,13.3953247,0,0,383,10138,0,0,0,,,,63
43646296,0.5,1,0,0,0.0161172152,0,0.313235283,0.28412509,15.9304171,0,8.58062935,8.44753265,0,13.3953247,0,0,383,10138,0,0,0,,,,63
43647426,0.5,1,0,0,0.00805860758,0,0.313235283,0.28412509,15.9304171,0,8.57158756,8.45386696,0,13.3953247,0,0,383,10138,0,0,0,,,,63
43648552,0.5,0,0,0,0,0,0.313235283,0.28412509,15.9304171,0,8.55953121,8.44330978,0,13.3953247,0,0,383,10288,0,0,0,,,,63
43649683,0.5,1,0,0,0.0161172152,0,0.313235283,0.28412509,15.9304171,0,8.55048943,8.45175552,0,13.3953247,0,0,383,10288,0,0,0,,,,63
43650810,0.5,1,0,0,0.00805860758,0,0.313235283,0.28412509,15.9304171,0,8.58062935,8.45386696,0,13.3881769,0,0,383,10288,0,0,0,,,,63
43651945,0.5,0,0,0,0,0.00805860758,0.313235283,0.28412509,15.9349623,0,8.54144764,8.44753265,0,13.3953247,0,0,383,10288,0,0,0,,,,63
43653072,0.5,1,0,0,0.00805860758,0,0.313235283,0.28412509,15.9304171,0,8.53542042,8.44964409,0,13.3810291,0,0,383,10288,0,0,0,,,,63
43654406,0.5,1,0,0,0.00805860758,0,0.313235283,0.28412509,15.9258718,0,8.57761478,8.44753265,0,13.3881769,0,0,383,10288,0,0,0,,,,63
43655533,0.5,0,0,0,0,0.00805860758,0.313235283,0.28412509,15.9304171,0,8.57158756,8.44119835,0,13.3953247,0,0,383,10288,0,0,0,,,,63
43656662,0.5,0,0,0,0,0.00805860758,0.313235283,0.28412509,15.9304171,0,8.58967113,8.44119835,0,13.3953247,0,0,383,10288,0,0,0,,,,63
43657789,0.5,1,0,0,0.00805860758,0,0.313235283,0.28412509,15.9349623,0,8.55953121,8.43697548,0,13.3953247,0,0,383,10288,0,0,0,,,,63
43658924,0.5,1,0,0,0.00805860758,0,0.313235283,0.28412509,15.9304171,0,8.55048943,8.44542122,0,13.3881769,0,0,383,10444,0,0,0,,,,63
43660051,0.5,1,0,0,0.00805860758,0,0.313235283,0.28412509,15.9304171,0,8.56555939,8.43908691,0,13.3810291,0,0,383,10444,0,0,0,,,,63
43661181,0.5,1,0,0,0.00805860758,0,0.313235283,0.28412509,15.9304171,0,8.55350399,8.43486404,0,13.3953247,0,0,383,10444,0,0,0,,,,63
43662308,0.5,0.5,0,0,0.00805860758,0.00805860758,0.313235283,0.28412509,15.9304171,0,8.55953121,8.45175552,0,13.3953247,0,0,383,10444,0,0,0,,,,63
43663438,0.5,0,0,0,0,0,0.313235283,0.28412509,15.9304171,0,8.59268475,8.45175552,0,13.3953247,0,0,383,10444,0,0,0,,,,63
43664570,0.5,0,0,0,0,0.00805860758,0.313235283,0.28412509,15.9304171,0,8.568573,8.44964409,0,13.3953247,0,0,383,10444,0,0,0,,,,63
43665700,0.5,0.5,0,0,0.00805860758,0.00805860758,0.313235283,0.28412509,15.9349623,0,8.59268475,8.43908691,0,13.3953247,0,0,383,10444,0,0,0,,,,63
43666827,0.5,0,0,0,0,0.00805860758,0.313235283,0.28412509,15.9304171,0,8.55953121,8.44119835,0,13.3953247,0,0,383,10444,0,0,0,,,,63
43667957,0.5,0,0,0,0,0.00805860758,0.313235283,0.28412509,15.9304171,0,8.54144764,8.43697548,0,13.3953247,0,0,383,10444,0,0,0,,,,63
43669084,0.5,0,0,0,0,0.00805860758,0.313235283,0.28412509,15.9304171,0,8.54747581,8.43064213,0,13.3953247,0,0,383,10444,0,0,0,,,,63
43670214,0.5,0,0,0,0,0.00805860758,0.313235283,0.28412509,15.9349623,0,8.55048943,8.45386696,0,13.4024725,0,0,383,10651,0,0,0,,,,63
43671346,0.5,0.5,0,0,0.00805860758,0.00805860758,0.313235283,0.28412509,15.9304171,0,8.58967113,8.44330978,0,13.3953247,0,0,383,10651,0,0,0,,,,63
43672476,0.5,0.5,0,0,0.00805860758,0.00805860758,0.313235283,0.28412509,15.9304171,0,8.57158756,8.44542122,0,13.3953247,0,0,383,10651,0,0,0,,,,63
43673603,0.5,0,0,0,0,0,0.313235283,0.28412509,15.9304171,0,8.55048943,8.44753265,0,13.3953247,0,0,383,10651,0,0,0,,,,63
43674937,0.5,0,0,0,0,0,0.313235283,0.28412509,15.9304171,0,8.56254578,8.44964409,0,13.3953247,0,0,383,10651,0,0,0,,,,63
43676064,0.5,0,0,0,0,0.00805860758,0.313235283,0.28412509,15.9349623,0,8.56555939,8.44542122,0,13.3810291,0,0,383,10651,0,0,0,,,,63
43677199,0.5,0,0,0,0,0,0.313235283,0.28412509,15.9304171,0,8.5565176,8.43908691,0,13.4024725,0,0,383,10651,0,0,0,,,,63
43678326,0.5,0,0,0,0,0.00805860758,0.313235283,0.28412509,15.9304171,0,8.56254578,8.44330978,0,13.4024725,0,0,383,10651,0,0,0,,,,63
43679455,0.5,0,0,0,0,0,0.313235283,0.28412509,15.9304171,0,8.58062935,8.44542122,0,13.3953247,0,0,383,10651,0,0,0,,,,63
43680582,0.5,0,0,0,0,0.00805860758,0.313235283,0.28412509,15.9304171,0,8.55953121,8.43486404,0,13.3953247,0,0,383,10651,0,0,0,,,,63
43681712,0.5,0,0,0,0,0,0.313235283,0.28412509,15.9304171,0,8.57761478,8.44330978,0,13.3953247,0,0,383,10867,0,0,0,,,,63
43682839,0.5,0,0,0,0,0.00805860758,0.313235283,0.28412509,15.9304171,0,8.57761478,8.44119835,0,13.3881769,0,0,383,10867,0,0,0,,,,63
43683974,0.5,0,0,0,0,0.00805860758,0.313235283,0.28412509,15.9304171,0,8.57158756,8.44753265,0,13.3953247,0,0,383,10867,0,0,0,,,,63
43685101,0.5,0.5,0,0,0.00805860758,0.00805860758,0.313235283,0.28412509,15.9304171,0,8.55048943,8.44964409,0,13.3953247,0,0,383,10867,0,0,0,,,,63
43686231,0.5,1,0,0,0.00805860758,0,0.313235283,0.28412509,15.9395075,0,8.55953121,8.44753265,0,13.3953247,0,0,383,10867,0,0,0,,,,63
43687358,0.5,0,0,0,0,0,0.313235283,0.28412509,15.9304171,0,8.57158756,8.44753265,0,13.3953247,0,0,383,10867,0,0,0,,,,63
43688488,0.5,1,0,0,0.00805860758,0,0.313235283,0.28412509,15.9304171,0,8.5565176,8.44964409,0,13.3953247,0,0,383,10867,0,0,0,,,,63
43689620,0.5,0,0,0,0,0.00805860758,0.313235283,0.28412509,15.9349623,0,8.58364296,8.44753265,0,13.3953247,0,0,383,10867,0,0,0,,,,63
43690749,0.5,0.5,0,0,0.00805860758,0.00805860758,0.313235283,0.28412509,15.9304171,0,8.5565176,8.44330978,0,13.3881769,0,0,383,10867,0,0,0,,,,63
43691876,0.5,1,0,0,0.00805860758,0,0.313235283,0.28412509,15.9304171,0,8.568573,8.44753265,0,13.3881769,0,0,383,10867,0,0,0,,,,63
43693006,0.5,0,0,0,0,0.00805860758,0.313235283,0.28412509,15.9349623,0,8.54747581,8.44330978,0,13.3953247,0,0,384,10867,0,0,0,,,,63
43694134,0.5,0,0,0.170767963,0,0.00805860758,0.313235283,0.28412509,15.9349623,0,8.57761478,8.43486404,0,13.3953247,0,0,384,13992,0,0,0,,,,63
43695264,0.5,0,0,0.170767963,0,0,0.313235283,0.28412509,15.9349623,0,8.57158756,8.43697548,0,13.3953247,0,0,384,13992,0,0,0,,,,63
43696600,0.5,0,0,0.170767963,0,0.00805860758,0.313235283,0.28412509,15.9304171,0,8.58364296,8.44542122,0,13.3881769,0,0,385,13992,0,0,0,,,,63
43697731,0.5,0,0,0.170767963,0,0,0.313235283,0.28412509,15.9304171,0,8.54144764,8.44964409,0,13.3953247,0,0,385,13992,0,0,0,,,,63
43698858,0.5,0.5,0,0.170767963,0.00805860758,0.00805860758,0.313235283,0.28412509,15.9304171,0,8.54747581,8.44964409,0,13.3953247,0,0,385,13992,0,0,0,,,,63
43699988,0.5,1,0,0.170767963,0.00805860758,0,0.313235283,0.28412509,15.9349623,0,8.56254578,8.44119835,0,13.3953247,0,0,385,13992,0,0,0,,,,63
43701116,0.5,1,0,0.170767963,0.00805860758,0,0.313235283,0.28412509,15.9304171,0,8.57460117,8.45386696,0,13.3953247,0,0,385,13992,0,0,0,,,,63
43702250,0.5,1,0,0.170767963,0.00805860758,0,0.313235283,0.28412509,15.9304171,0,8.57158756,8.44964409,0,13.3953247,0,0,385,13992,0,0,0,,,,63
43703377,0.5,0.5,0,0.170767963,0.00805860758,0.00805860758,0.313235283,0.28412509,15.9349623,0,8.54747581,8.45175552,0,13.3881769,0,0,385,13992,0,0,0,,,,63
43704508,0.5,0.5,0,0.170767963,0.00805860758,0.00805860758,0.313235283,0.28412509,15.9304171,0,8.55953121,8.44119835,0,13.3953247,0,0,385,13992,0,0,0,,,,63
43705635,0.5,0,0,0.169246733,0,0.00805860758,0.313235283,0.28412509,15.9304171,0,8.56555939,8.45386696,0,13.3953247,0,0,385,16440,0,0,0,,,,63
43706765,0.5,0,0,0.169246733,0,0,0.313235283,0.28412509,15.9304171,0,8.56254578,8.44964409,0,13.3953247,0,0,385,16440,0,0,0,,,,63
43707892,0.5,0,0,0.169246733,0,0.00805860758,0.313235283,0.28412509,15.9304171,0,8.55350399,8.44542122,0,13.3953247,0,0,385,16440,0,0,0,,,,63
43709027,0.5,0.5,0,0.169246733,0.00805860758,0.00805860758,0.313235283,0.28412509,15.9304171,0,8.57158756,8.43908691,0,13.3810291,0,0,385,16440,0,0,0,,,,63
43710154,0.5,0,0,0.169246733,0,0.00805860758,0.313235283,0.28412509,15.9304171,0,8.58062935,8.43697548,0,13.3953247,0,0,385,16440,0,0,0,,,,63
43711285,0.5,0,0,0.169246733,0,0.00805860758,0.313235283,0.28412509,15.9304171,0,8.57460117,8.44330978,0,13.3953247,0,0,385,16440,0,0,0,,,,63
43712412,0.5,0,0,0.169246733,0,0.00805860758,0.313235283,0.28412509,15.9304171,0,8.58967113,8.45175552,0,13.3953247,0,0,385,16440,0,0,0,,,,63
43713542,0.5,0,0,0.169246733,0,0,0.313235283,0.28412509,15.9304171,0,8.54747581,8.45386696,0,13.3953247,0,0,385,16440,0,0,0,,,,63
43714670,0.5,0,0,0.169246733,0,0,0.313235283,0.28412509,15.9304171,0,8.58364296,8.44119835,0,13.3953247,0,0,385,16440,0,0,0,,,,63
43715804,0.5,0,0,0.169246733,0,0.00805860758,0.313235283,0.28412509,15.9304171,0,8.58062935,8.43697548,0,13.3881769,0,0,385,16440,0,0,0,,,,63
43717136,0.5,0,0,0.169246733,0,0.00805860758,0.313235283,0.28412509,15.9304171,0,8.58967113,8.44119835,0,13.3953247,0,0,385,16440,0,0,0,,,,63
43718266,0.5,1,0,0.169246733,0.00805860758,0,0.313235283,0.28412509,15.9349623,0,8.57761478,8.44330978,0,13.3881769,0,0,385,15418,0,0,0,,,,63
43719393,0.5,0,0,0.169246733,0,0.00805860758,0.313235283,0.28412509,15.9304171,0,8.56555939,8.44964409,0,13.3953247,0,0,385,15418,0,0,0,,,,63
43720523,0.5,0,0,0.169246733,0,0.00805860758,0.313235283,0.28412509,15.9349623,0,8.55953121,8.45597839,0,13.3953247,0,0,385,15418,0,0,0,,,,63
43721655,0.5,0,0,0.169246733,0,0,0.313235283,0.28412509,15.9349623,0,8.52637863,8.44542122,0,13.3953247,0,0,385,15418,0,0,0,,,,63
43722785,0.5,0,0,0.169246733,0,0.00805860758,0.313235283,0.28412509,15.9304171,0,8.58364296,8.43908691,0,13.3953247,0,0,385,15418,0,0,0,,,,63
43723912,0.5,0.5,0,0.169246733,0.00805860758,0.00805860758,0.313235283,0.28412509,15.9304171,0,8.58364296,8.44753265,0,13.3953247,0,0,385,15418,0,0,0,,,,63
43725042,0.5,0,0,0.169246733,0,0.00805860758,0.313235283,0.28412509,15.9349623,0,8.568573,8.44119835,0,13.3881769,0,0,385,15418,0,0,0,,,,63
43726169,0.5,0,0,0.169246733,0,0.0161172152,0.313235283,0.28412509,15.9304171,0,8.58062935,8.44330978,0,13.3953247,0,0,385,15418,0,0,0,,,,63
43727299,0.5,0,0,0.169246733,0,0.00805860758,0.313235283,0.28412509,15.9349623,0,8.58364296,8.44753265,0,13.3881769,0,0,385,15418,0,0,0,,,,63
43728431,0.5,0,0,0.169246733,0,0.00805860758,0.313235283,0.28412509,15.9304171,0,8.59569836,8.45175552,0,13.3953247,0,0,385,15418,0,0,0,,,,63
43729560,0.5,0,0,0.169246733,0,0.00805860758,0.313235283,0.28412509,15.9304171,0,8.54144764,8.43697548,0,13.3953247,0,0,385,15418,0,0,0,,,,63
43730687,0.5,1,0,0.169246733,0.00805860758,0,0.313235283,0.28412509,15.9304171,0,8.59569836,8.44330978,0,13.3953247,0,0,385,14691,0,0,0,,,,63
43731818,0.5,0,0,0.169246733,0,0.00805860758,0.313235283,0.28412509,15.9349623,0,8.54747581,8.45386696,0,13.4024725,0,0,385,14691,0,0,0,,,,63
43732945,0.5,0.5,0,0.169246733,0.00805860758,0.00805860758,0.313235283,0.28412509,15.9304171,0,8.57460117,8.44330978,0,13.4024725,0,0,385,14691,0,0,0,,,,63
43734080,0.5,1,0,0.169246733,0.00805860758,0,0.313235283,0.28412509,15.9349623,0,8.58062935,8.45386696,0,13.3738813,0,0,385,14691,0,0,0,,,,63
43735207,0.5,0.5,0,0.169246733,0.00805860758,0.00805860758,0.313235283,0.28412509,15.9349623,0,8.55350399,8.44542122,0,13.3953247,0,0,385,14691,0,0,0,,,,63
43736337,0.5,0,0,0.169246733,0,0,0.313235283,0.28412509,15.9304171,0,8.57460117,8.44964409,0,13.3953247,0,0,385,14691,0,0,0,,,,63
43737464,0.5,0,0,0.169246733,0,0.00805860758,0.313235283,0.28412509,15.9304171,0,8.54747581,8.44542122,0,13.3881769,0,0,385,14691,0,0,0,,,,63
43738798,0.5,0,0,0.169246733,0,0.00805860758,0.313235283,0.28412509,15.9349623,0,8.54747581,8.44753265,0,13.3953247,0,0,385,14691,0,0,0,,,,63
43739925,0.5,1,0,0.169246733,0.00805860758,0,0.313235283,0.28412509,15.9304171,0,8.57460117,8.44753265,0,13.3953247,0,0,385,14691,0,0,0,,,,63
43741059,0.5,0.5,0,0.169246733,0.00805860758,0.00805860758,0.313235283,0.28412509,15.9304171,0,8.57761478,8.44964409,0,13.3738813,0,0,385,14691,0,0,0,,,,63
43742186,0.5,0.5,0,0.169246733,0.00805860758,0.00805860758,0.313235283,0.28412509,15.9349623,0,8.55953121,8.44119835,0,13.3953247,0,0,385,14691,0,0,0,,,,63
43743316,0.5,0,0,0.169246733,0,0,0.313235283,0.28412509,15.9304171,0,8.59268475,8.44330978,0,13.3881769,0,0,385,14236,0,0,0,,,,63
43744443,0.5,1,0,0.169246733,0.00805860758,0,0.313235283,0.28412509,15.9349623,0,8.5565176,8.44753265,0,13.3953247,0,0,385,14236,0,0,0,,,,63
43745573,0.5,0.5,0,0.169246733,0.00805860758,0.00805860758,0.313235283,0.28412509,15.9349623,0,8.56254578,8.43908691,0,13.3953247,0,0,385,14236,0,0,0,,,,63
43746705,0.5,0,0,0.169246733,0,0,0.313235283,0.28412509,15.9304171,0,8.55953121,8.44119835,0,13.3953247,0,0,385,14236,0,0,0,,,,63
43747835,0.5,0.5,0,0.169246733,0.00805860758,0.00805860758,0.313235283,0.28412509,15.9304171,0,8.55953121,8.44330978,0,13.4024725,0,0,385,14236,0,0,0,,,,63
43748962,0.5,0,0,0.169246733,0,0.00805860758,0.313235283,0.28412509,15.9304171,0,8.568573,8.43697548,0,13.3953247,0,0,385,14236,0,0,0,,,,63
43750092,0.5,0,0,0.169246733,0,0,0.313235283,0.28412509,15.9304171,0,8.568573,8.43697548,0,13.3953247,0,0,385,14236,0,0,0,,,,63
43751219,0.5,0,0,0.169246733,0,0,0.313235283,0.28412509,15.9258718,0,8.56254578,8.44753265,0,13.3953247,0,0,385,14236,0,0,0,,,,63
43752349,0.5,0,0,0.169246733,0,0.00805860758,0.313235283,0.28412509,15.9304171,0,8.5565176,8.45175552,0,13.3953247,0,0,385,14236,0,0,0,,,,63
43753481,0.5,0,0,0.169246733,0,0,0.313235283,0.28412509,15.9304171,0,8.57460117,8.44330978,0,13.3881769,0,0,385,14236,0,0,0,,,,63
43754611,0.5,0,0,0.169246733,0,0,0.313235283,0.28412509,15.9304171,0,8.53843403,8.44542122,0,13.3953247,0,0,385,14236,0,0,0,,,,63
43755738,0.5,0.5,0,0.169246733,0.00805860758,0.00805860758,0.313235283,0.28412509,15.9349623,0,8.58364296,8.44542122,0,13.3953247,0,0,385,14236,0,0,0,,,,63
43756868,0.5,0,0,0.169246733,0,0.00805860758,0.313235283,0.28412509,15.9349623,0,8.58967113,8.44542122,0,13.4024725,0,0,385,13989,0,0,0,,,,63
43757995,0.5,0,0,0.169246733,0,0.00805860758,0.313235283,0.28412509,15.9304171,0,8.58967113,8.43908691,0,13.3953247,0,0,385,13989,0,0,0,,,,63
43759329,0.5,0.5,0,0.169246733,0.00805860758,0.00805860758,0.313235283,0.28412509,15.9349623,0,8.57460117,8.43908691,0,13.4024725,0,0,385,13989,0,0,0,,,,63
43760461,0.5,0,0,0.169246733,0,0.00805860758,0.313235283,0.28412509,15.9349623,0,8.58364296,8.44330978,0,13.3953247,0,0,385,13989,0,0,0,,,,63
43761591,0.5,0,0,0.169246733,0,0,0.313235283,0.28412509,15.9349623,0,8.55350399,8.44330978,0,13.3953247,0,0,385,13989,0,0,0,,,,63
43762718,0.5,0,0,0.169246733,0,0,0.313235283,0.28412509,15.9349623,0,8.58967113,8.44542122,0,13.3953247,0,0,385,13989,0,0,0,,,,63
43763847,0.5,0,0,0.169246733,0,0.00805860758,0.313235283,0.28412509,15.9304171,0,8.56555939,8.44542122,0,13.3953247,0,0,385,13989,0,0,0,,,,63
43764975,0.5,0,0,0.169246733,0,0.00805860758,0.313235283,0.28412509,15.9304171,0,8.55953121,8.45175552,0,13.3881769,0,0,385,13989,0,0,0,,,,63
43766109,0.5,0,0,0.169246733,0,0.00805860758,0.313235283,0.28412509,15.9304171,0,8.56555939,8.44753265,0,13.3953247,0,0,385,13989,0,0,0,,,,63
43767237,0.5,1,0,0.169246733,0.00805860758,0,0.313235283,0.28412509,15.9395075,0,8.58665657,8.44964409,0,13.3881769,0,0,385,13989,0,0,0,,,,63
43768366,0.5,1,0,0.169246733,0.00805860758,0,0.313235283,0.28412509,15.9304171,0,8.57158756,8.44753265,0,13.3953247,0,0,385,13989,0,0,0,,,,63
43769493,0.5,0,0,0.169246733,0,0,0.313235283,0.28412509,15.9349623,0,8.58062935,8.44753265,0,13.3953247,0,0,385,13989,0,0,0,,,,63
43770623,0.5,0,0,0.169246733,0,0.00805860758,0.313235283,0.28412509,15.9304171,0,8.58062935,8.43908691,0,13.3953247,0,0,385,13933,0,0,0,,,,63
43771750,0.5,0.5,0,0.169246733,0.00805860758,0.00805860758,0.313235283,0.28412509,15.9349623,0,8.57761478,8.44964409,0,13.3953247,0,0,385,13933,0,0,0,,,,63
43772885,0.5,0,0,0.169246733,0,0,0.313235283,0.28412509,15.9304171,0,8.58364296,8.44542122,0,13.3953247,0,0,385,13933,0,0,0,,,,63
43774012,0.5,0,0,0.169246733,0,0.00805860758,0.313235283,0.28412509,15.9304171,0,8.58665657,8.44330978,0,13.3953247,0,0,385,13933,0,0,0,,,,63
43775142,0.5,0,0,0.169246733,0,0,0.313235283,0.28412509,15.9304171,0,8.568573,8.43486404,0,13.3953247,0,0,385,13933,0,0,0,,,,63
43776269,0.5,0,0,0.169246733,0,0.00805860758,0.313235283,0.28412509,15.9304171,0,8.59268475,8.44119835,0,13.3953247,0,0,385,13933,0,0,0,,,,63
43777399,0.5,0,0,0.169246733,0,0.00805860758,0.313235283,0.28412509,15.9349623,0,8.58665657,8.44542122,0,13.3953247,0,0,385,13933,0,0,0,,,,63
43778531,0.5,0,0,0.169246733,0,0.0161172152,0.313235283,0.28412509,15.9349623,0,8.55048943,8.43697548,0,13.3953247,0,0,385,13933,0,0,0,,,,63
43779865,0.5,0,0,0.169246733,0,0.00805860758,0.313235283,0.28412509,15.9349623,0,8.56555939,8.43908691,0,13.3953247,0,0,385,13933,0,0,0,,,,63
43780992,0.5,0,0,0.169246733,0,0.00805860758,0.313235283,0.28412509,15.9304171,0,8.58062935,8.45175552,0,13.3953247,0,0,385,13933,0,0,0,,,,63
43782122,0.5,0,0,0.169246733,0,0.00805860758,0.313235283,0.28412509,15.9304171,0,8.57158756,8.44330978,0,13.3953247,0,0,385,13933,0,0,0,,,,63
43783249,0.5,0,0,0.169246733,0,0.0161172152,0.313235283,0.28412509,15.9304171,0,8.568573,8.43697548,0,13.3953247,0,0,385,13933,0,0,0,,,,63
43784378,0.5,0,0,0.169246733,0,0.00805860758,0.313235283,0.28412509,15.9349623,0,8.56555939,8.45597839,0,13.3953247,0,0,385,13966,0,0,0,,,,63
43785511,0.5,0,0,0.169246733,0,0.00805860758,0.313235283,0.28412509,15.9349623,0,8.5565176,8.44542122,0,13.3953247,0,0,385,13966,0,0,0,,,,63
43786640,0.5,0,0,0.169246733,0,0.00805860758,0.313235283,0.28412509,15.9304171,0,8.57761478,8.44753265,0,13.3953247,0,0,385,13966,0,0,0,,,,63
43787768,0.5,0,0,0.169246733,0,0.00805860758,0.313235283,0.28412509,15.9304171,0,8.56555939,8.45175552,0,13.3953247,0,0,385,13966,0,0,0,,,,63
43788898,0.5,0,0,0.169246733,0,0.00805860758,0.313235283,0.28412509,15.9304171,0,8.54747581,8.45386696,0,13.3953247,0,0,385,13966,0,0,0,,,,63
43790025,0.5,0,0,0.169246733,0,0.00805860758,0.313235283,0.28412509,15.9304171,0,8.54144764,8.44753265,0,13.3881769,0,0,385,13966,0,0,0,,,,63
43791159,0.5,0,0,0.169246733,0,0.00805860758,0.313235283,0.28412509,15.9304171,0,8.58665657,8.44964409,0,13.3953247,0,0,385,13966,0,0,0,,,,63
43792286,0.5,0,0,0.169246733,0,0,0.313235283,0.28412509,15.9304171,0,8.56555939,8.44753265,0,13.3881769,0,0,385,13966,0,0,0,,,,63
43793416,0.5,0,0,0.169246733,0,0.00805860758,0.313235283,0.28412509,15.9349623,0,8.55953121,8.44542122,0,13.3953247,0,0,385,13966,0,0,0,,,,63
43794543,0.5,1,0,0.169246733,0.00805860758,0,0.313235283,0.28412509,15.9349623,0,8.55048943,8.43064213,0,13.3953247,0,0,385,13966,0,0,0,,,,63
43795673,0.5,0,0,0.169246733,0,0,0.313235283,0.28412509,15.9304171,0,8.57460117,8.44753265,0,13.3953247,0,0,385,13966,0,0,0,,,,63
43796800,0.5,0.5,0,0.169246733,0.00805860758,0.00805860758,0.313235283,0.28412509,15.9304171,0,8.58364296,8.45386696,0,13.3953247,0,0,385,13966,0,0,0,,,,63
43797935,0.5,0,0,0.169246733,0,0,0.313235283,0.28412509,15.9304171,0,8.57158756,8.45386696,0,13.3881769,0,0,385,13966,0,0,0,,,,63
43799062,0.5,1,0,0.169246733,0.00805860758,0,0.313235283,0.28412509,15.9349623,0,8.58062935,8.44542122,0,13.3738813,0,0,385,14129,0,0,0,,,,63
43800192,0.5,0,0,0.169246733,0,0.00805860758,0.313235283,0.28412509,15.9304171,0,8.57158756,8.43697548,0,13.3953247,0,0,385,14129,0,0,0,,,,63
43801523,0.5,0,0,0.169246733,0,0,0.313235283,0.28412509,15.9304171,0,8.56555939,8.44119835,0,13.3953247,0,0,385,14129,0,0,0,,,,63
43802653,0.5,0,0,0.169246733,0,0.00805860758,0.313235283,0.28412509,15.9258718,0,8.57761478,8.44119835,0,13.3953247,0,0,385,14129,0,0,0,,,,63
43803780,0.5,1,0,0.169246733,0.00805860758,0,0.313235283,0.28412509,15.9304171,0,8.568573,8.44753265,0,13.3953247,0,0,385,14129,0,0,0,,,,63
43804915,0.5,1,0,0.169246733,0.00805860758,0,0.313235283,0.28412509,15.9304171,0,8.57460117,8.44964409,0,13.3953247,0,0,385,14129,0,0,0,,,,63
43806042,0.5,1,0,0.169246733,0.00805860758,0,0.313235283,0.28412509,15.9304171,0,8.57460117,8.44542122,0,13.3810291,0,0,385,14129,0,0,0,,,,63
43807172,0.5,0,0,0.169246733,0,0,0.313235283,0.28412509,15.9304171,0,8.55048943,8.44753265,0,13.3953247,0,0,385,14129,0,0,0,,,,63
43808300,0.5,0,0,0.169246733,0,0,0.313235283,0.28412509,15.9304171,0,8.53843403,8.44753265,0,13.3953247,0,0,385,14129,0,0,0,,,,63
43809430,0.5,0,0,0.169246733,0,0,0.313235283,0.28412509,15.9349623,0,8.54747581,8.45386696,0,13.3953247,0,0,385,14129,0,0,0,,,,63
43810562,0.5,0.666666687,0,0.169246733,0.0161172152,0.00805860758,0.313235283,0.28412509,15.9304171,0,8.55350399,8.44330978,0,13.3953247,0,0,385,14129,0,0,0,,,,63
43811692,0.5,0,0,0.169246733,0,0,0.313235283,0.28412509,15.9304171,0,8.55350399,8.44542122,0,13.3953247,0,0,385,14129,0,0,0,,,,63
43812818,0.5,0,0,0.169246733,0,0.00805860758,0.313235283,0.28412509,15.9349623,0,8.54747581,8.44542122,0,13.3953247,0,0,385,14129,0,0,0,,,,63
43813948,0.5,0.5,0,0.169246733,0.00805860758,0.00805860758,0.313235283,0.28412509,15.9304171,0,8.57460117,8.44964409,0,13.3953247,0,0,385,14369,0,0,0,,,,63
43815076,0.5,0,0,0.169246733,0,0.00805860758,0.313235283,0.28412509,15.9349623,0,8.55953121,8.45175552,0,13.3738813,0,0,385,14369,0,0,0,,,,63
43816206,0.5,0,0,0.169246733,0,0,0.313235283,0.28412509,15.9258718,0,8.568573,8.44542122,0,13.4024725,0,0,385,14369,0,0,0,,,,63
43817338,0.5,0,0,0.169246733,0,0.00805860758,0.313235283,0.28412509,15.9304171,0,8.53240585,8.44753265,0,13.3953247,0,0,385,14369,0,0,0,,,,63
43818468,0.5,0.5,0,0,0.00805860758,0.00805860758,0.313235283,0.28412509,15.9304171,0,8.568573,8.44119835,0,13.3953247,0,0,385,0,0,0,0,,,,63
43819595,0.5,0,0,0,0,0,0.313235283,0.28412509,15.9304171,0,8.53542042,8.45175552,0,13.3953247,0,0,385,0,0,0,0,,,,63
43820725,0.5,0,0,0,0,0,0.313235283,0.28412509,15.9304171,0,8.5565176,8.44964409,0,13.3953247,0,0,385,0,0,0,0,,,,63
43822056,0.5,1,0,0,0.00805860758,0,0.313235283,0.28412509,15.9349623,0,8.55953121,8.44753265,0,13.3810291,0,0,385,0,0,0,0,,,,63
43823191,0.5,1,0,0,0.00805860758,0,0.313235283,0.28412509,15.9304171,0,8.56555939,8.44964409,0,13.3953247,0,0,385,0,0,0,0,,,,63
43824318,0.5,0,0,0,0,0,0.313235283,0.28412509,15.9304171,0,8.57158756,8.44753265,0,13.3953247,0,0,385,0,0,0,0,,,,63
43825447,0.5,0,0,0,0,0.00805860758,0.313235283,0.28412509,15.9304171,0,8.51432323,8.44542122,0,13.3953247,0,0,385,0,0,0,0,,,,63
43826574,0.5,1,0,0,0.0161172152,0,0.313235283,0.28412509,15.9304171,0,8.56555939,8.45597839,0,13.3953247,0,0,385,0,0,0,0,,,,63
43827704,0.5,0,0,0,0,0,0.313235283,0.28412509,15.9304171,0,8.56254578,8.44964409,0,13.3953247,0,0,385,0,0,0,0,,,,63
43828831,0.5,0,0,0,0,0.00805860758,0.313235283,0.28412509,15.9304171,0,8.58967113,8.44964409,0,13.3953247,0,0,386,0,0,0,0,,,,63
43829966,0.5,0.5,0,0,0.00805860758,0.00805860758,0.313235283,0.28412509,15.9349623,0,8.568573,8.44542122,0,13.3953247,0,0,386,0,0,0,0,,,,63
43831093,0.5,0,0,0,0,0,0.313235283,0.28412509,15.9349623,0,8.54747581,8.44753265,0,13.3953247,0,0,386,0,0,0,0,,,,63
43832223,0.5,0,0,0,0,0.00805860758,0.313235283,0.28412509,15.9395075,0,8.55048943,8.44964409,0,13.3953247,0,0,386,0,0,0,0,,,,63
43833350,0.5,0.666666687,0,0,0.0161172152,0.00805860758,0.313235283,0.28412509,15.9349623,0,8.57460117,8.44964409,0,13.3881769,0,0,386,0,0,0,0,,,,63
43834480,0.5,1,0,0,0.00805860758,0,0.313235283,0.28412509,15.9349623,0,8.57158756,8.44330978,0,13.3881769,0,0,387,0,0,0,0,,,,63
43835612,0.5,0.5,0,0,0.00805860758,0.00805860758,0.313235283,0.28412509,15.9304171,0,8.55953121,8.44753265,0,13.3953247,0,0,387,0,0,0,0,,,,63
43836741,0.5,1,0,0,0.00805860758,0,0.313235283,0.28412509,15.9349623,0,8.54144764,8.45175552,0,13.3953247,0,0,387,0,0,0,0,,,,63
43837868,0.5,0,0,0,0,0.00805860758,0.313235283,0.28412509,15.9304171,0,8.55953121,8.44753265,0,13.3953247,0,0,387,0,0,0,0,,,,63
43838998,0.5,0,0,0,0,0.00805860758,0.313235283,0.28412509,15.9349623,0,8.57761478,8.44119835,0,13.3953247,0,0,387,0,0,0,0,,,,63
43840125,0.5,0.5,0,0,0.00805860758,0.00805860758,0.313235283,0.28412509,15.9349623,0,8.55953121,8.44964409,0,13.3953247,0,0,387,0,0,0,0,,,,63
43841255,0.5,0,0,0,0,0.00805860758,0.313235283,0.28412509,15.9304171,0,8.56254578,8.43064213,0,13.3953247,0,0,387,0,0,0,0,,,,63
43842387,0.5,0,0,0,0,0.00805860758,0.313235283,0.28412509,15.9304171,0,8.56555939,8.44119835,0,13.3953247,0,0,387,0,0,0,0,,,,63
43843721,0.5,0,0,0,0,0.00805860758,0.313235283,0.28412509,15.9304171,0,8.57761478,8.43697548,0,13.3953247,0,0,387,0,0,0,0,,,,63
43844848,0.5,0,0,0,0,0.00805860758,0.313235283,0.28412509,15.9304171,0,8.58665657,8.43908691,0,13.3953247,0,0,387,0,0,0,0,,,,63
43845978,0.5,0,0,0,0,0.00805860758,0.313235283,0.28412509,15.9349623,0,8.55350399,8.43486404,0,13.3953247,0,0,388,15864,0,0,0,,,,63
43847105,0.5,0.5,0,0.251501679,0.00805860758,0.00805860758,0.313235283,0.28412509,15.9304171,0,8.59268475,8.44964409,0,13.3953247,0,0,388,15864,0,0,0,,,,63
43848240,0.5,0,0,0.251501679,0,0,0.313235283,0.28412509,15.9349623,0,8.568573,8.44542122,0,13.3953247,0,0,388,15864,0,0,0,,,,63
43849367,0.5,0,0,0.251501679,0,0,0.313235283,0.28412509,15.9349623,0,8.57158756,8.44542122,0,13.3953247,0,0,389,15864,0,0,0,,,,63
43850498,0.5,0,0,0.251501679,0,0.00805860758,0.313235283,0.28412509,15.9349623,0,8.56555939,8.43908691,0,13.3953247,0,0,389,15864,0,0,0,,,,63
43851625,0.5,0,0,0.251501679,0,0.00805860758,0.313235283,0.28412509,15.9304171,0,8.5565176,8.44542122,0,13.3953247,0,0,389,15864,0,0,0,,,,63
43852755,0.5,0,0,0.251501679,0,0.00805860758,0.313235283,0.28412509,15.9349623,0,8.57158756,8.44542122,0,13.3953247,0,0,389,15864,0,0,0,,,,63
43853882,0.5,0,0,0.251501679,0,0.00805860758,0.313235283,0.28412509,15.9304171,0,8.56254578,8.44542122,0,13.3953247,0,0,389,15864,0,0,0,,,,63
43855017,0.5,0,0,0.251501679,0,0.00805860758,0.313235283,0.28412509,15.9258718,0,8.57761478,8.43697548,0,13.3953247,0,0,389,15864,0,0,0,,,,63
43856144,0.5,0.5,0,0.251501679,0.00805860758,0.00805860758,0.313235283,0.28412509,15.9304171,0,8.5444622,8.44964409,0,13.3953247,0,0,389,15864,0,0,0,,,,63
43857274,0.5,0,0,0.251501679,0,0.00805860758,0.313235283,0.28412509,15.9304171,0,8.57761478,8.43486404,0,13.3953247,0,0,389,15864,0,0,0,,,,63
43858402,0.5,0,0,0.251501679,0,0.00805860758,0.313235283,0.28412509,15.9349623,0,8.56254578,8.43275356,0,13.3953247,0,0,389,15864,0,0,0,,,,63
43859532,0.5,0,0,0.251501679,0,0,0.313235283,0.28412509,15.9304171,0,8.57761478,8.43486404,0,13.3953247,0,0,389,15864,0,0,0,,,,63
43860659,0.5,0.5,0,0.251501679,0.00805860758,0.00805860758,0.313235283,0.28412509,15.9304171,0,8.568573,8.44119835,0,13.3953247,0,0,389,15864,0,0,0,,,,63
43861794,0.5,0,0,0.251501679,0,0,0.313235283,0.28412509,15.9349623,0,8.58665657,8.44964409,0,13.3953247,0,0,389,15864,0,0,0,,,,63
43862922,0.5,0,0,0.251501679,0,0,0.313235283,0.28412509,15.9258718,0,8.55953121,8.44964409,0,13.3953247,0,0,390,16162,0,0,0,,,,63
43864256,0.5,1,0,0.242395073,0.00805860758,0,0.313235283,0.28412509,15.9304171,0,8.55350399,8.44964409,0,13.3953247,0,0,390,16162,0,0,0,,,,63
43865383,0.5,1,0,0.242395073,0.00805860758,0,0.313235283,0.28412509,15.9304171,0,8.55048943,8.44964409,0,13.3953247,0,0,390,16162,0,0,0,,,,63
43866514,0.5,1,0,0.242395073,0.00805860758,0,0.313235283,0.28412509,15.9349623,0,8.57761478,8.45175552,0,13.4024725,0,0,390,16162,0,0,0,,,,63
43867646,0.5,0,0,0.242395073,0,0,0.313235283,0.28412509,15.9304171,0,8.59569836,8.44542122,0,13.3953247,0,0,391,16162,0,0,0,,,,63
43868776,0.5,0,0,0.242395073,0,0,0.313235283,0.28412509,15.9349623,0,8.57761478,8.44542122,0,13.3881769,0,0,391,16162,0,0,0,,,,63
43869904,0.5,0.5,0,0.242395073,0.00805860758,0.00805860758,0.313235283,0.28412509,15.9304171,0,8.5565176,8.44330978,0,13.3881769,0,0,391,16162,0,0,0,,,,63
43871034,0.5,0,0,0.242395073,0,0.00805860758,0.313235283,0.28412509,15.9304171,0,8.58665657,8.44542122,0,13.3810291,0,0,391,16162,0,0,0,,,,63
43872161,0.5,0,0,0.242395073,0,0,0.313235283,0.28412509,15.9304171,0,8.56555939,8.44119835,0,13.3953247,0,0,391,16162,0,0,0,,,,63
43873291,0.5,0,0,0.242395073,0,0,0.313235283,0.28412509,15.9349623,0,8.57460117,8.45386696,0,13.3953247,0,0,391,16162,0,0,0,,,,63
43874423,0.5,0.5,0,0.242395073,0.00805860758,0.00805860758,0.313235283,0.28412509,15.9304171,0,8.57460117,8.44119835,0,13.3953247,0,0,391,16162,0,0,0,,,,63
43875554,0.5,0,0,0.242395073,0,0.00805860758,0.313235283,0.28412509,15.9304171,0,8.568573,8.44964409,0,13.3953247,0,0,391,16162,0,0,0,,,,63
43876681,0.5,0.5,0,0.242395073,0.00805860758,0.00805860758,0.313235283,0.28412509,15.9304171,0,8.5444622,8.43486404,0,13.3953247,0,0,391,16162,0,0,0,,,,63
43877811,0.5,1,0,0.242395073,0.00805860758,0,0.313235283,0.28412509,15.9304171,0,8.53542042,8.44753265,0,13.4024725,0,0,391,16162,0,0,0,,,,63
43878938,0.5,0,0,0.242395073,0,0,0.313235283,0.28412509,15.9304171,0,8.56555939,8.44753265,0,13.3881769,0,0,391,16162,0,0,0,,,,63
43880073,0.5,0,0,0.242395073,0,0,0.313235283,0.28412509,15.9304171,0,8.58665657,8.44964409,0,13.3810291,0,0,392,16162,0,0,0,,,,63
43881200,0.5,0.5,0,0.231273949,0.00805860758,0.00805860758,0.313235283,0.28412509,15.9349623,0,8.58364296,8.43908691,0,13.3953247,0,0,392,16483,0,0,0,,,,63
43882331,0.5,0,0,0.231273949,0,0.00805860758,0.313235283,0.28412509,15.9349623,0,8.55350399,8.44964409,0,13.3953247,0,0,392,16483,0,0,0,,,,63
43883458,0.5,0.5,0,0.231273949,0.00805860758,0.00805860758,0.313235283,0.28412509,15.9349623,0,8.58665657,8.43908691,0,13.3881769,0,0,393,16483,0,0,0,,,,63
43884793,0.5,1,0,0.231273949,0.00805860758,0,0.313235283,0.28412509,15.9349623,0,8.54747581,8.44753265,0,13.3953247,0,0,393,16483,0,0,0,,,,63
43885920,0.5,1,0,0.231273949,0.00805860758,0,0.313235283,0.28412509,15.9304171,0,8.58062935,8.44964409,0,13.3953247,0,0,393,16483,0,0,0,,,,63
43887055,0.5,1,0,0.231273949,0.00805860758,0,0.313235283,0.28412509,15.9304171,0,8.5444622,8.44542122,0,13.3738813,0,0,393,16483,0,0,0,,,,63
43888182,0.5,0,0,0.231273949,0,0,0.313235283,0.28412509,15.9304171,0,8.53542042,8.44330978,0,13.3953247,0,0,393,16483,0,0,0,,,,63
43889312,0.5,0,0,0.231273949,0,0.00805860758,0.313235283,0.28412509,15.9304171,0,8.54144764,8.43275356,0,13.3953247,0,0,393,16483,0,0,0,,,,63
43890440,0.5,0.5,0,0.231273949,0.00805860758,0.00805860758,0.313235283,0.28412509,15.9304171,0,8.54747581,8.43697548,0,13.3953247,0,0,393,16483,0,0,0,,,,63
43891570,0.5,1,0,0.231273949,0.00805860758,0,0.313235283,0.28412509,15.9304171,0,8.52035046,8.43697548,0,13.3953247,0,0,393,16483,0,0,0,,,,63
43892702,0.5,1,0,0.231273949,0.00805860758,0,0.313235283,0.28412509,15.9304171,0,8.59268475,8.44964409,0,13.3953247,0,0,393,16483,0,0,0,,,,63
43893833,0.5,1,0,0.231273949,0.00805860758,0,0.313235283,0.28412509,15.9304171,0,8.53843403,8.44542122,0,13.3953247,0,0,393,16483,0,0,0,,,,63
43894960,0.5,1,0,0.231273949,0.00805860758,0,0.313235283,0.28412509,15.9304171,0,8.51733685,8.43697548,0,13.3953247,0,0,393,16483,0,0,0,,,,63
43896091,0.5,0,0,0.231273949,0,0.00805860758,0.313235283,0.28412509,15.9304171,0,8.5565176,8.44753265,0,13.3953247,0,0,393,16483,0,0,0,,,,63
43897218,0.5,0.5,0,0.231273949,0.00805860758,0.00805860758,0.313235283,0.28412509,15.9258718,0,8.58062935,8.44330978,0,13.3953247,0,0,393,16483,0,0,0,,,,63
43898348,0.5,0,0,0.231273949,0,0,0.313235283,0.28412509,15.9349623,0,8.57460117,8.45175552,0,13.3953247,0,0,394,16483,0,0,0,,,,63
43899480,0.5,1,0,0.231273949,0.00805860758,0,0.313235283,0.28412509,15.9304171,0,8.5565176,8.44753265,0,13.3953247,0,0,394,17058,0,0,0,,,,63
43900610,0.5,0,0,0.220261812,0,0.00805860758,0.313235283,0.28412509,15.9304171,0,8.5444622,8.45386696,0,13.3953247,0,0,394,17058,0,0,0,,,,63
43901738,0.5,1,0,0.220261812,0.00805860758,0,0.313235283,0.28412509,15.9304171,0,8.56254578,8.45175552,0,13.3953247,0,0,394,17058,0,0,0,,,,63
43902869,0.5,0,0,0.220261812,0,0,0.313235283,0.28412509,15.9304171,0,8.53843403,8.45386696,0,13.3953247,0,0,394,17058,0,0,0,,,,63
43903996,0.5,1,0,0.220261812,0.00805860758,0,0.313235283,0.28412509,15.9304171,0,8.57460117,8.44964409,0,13.3953247,0,0,395,17058,0,0,0,,,,63
43905127,0.5,0,0,0.220261812,0,0,0.313235283,0.28412509,15.9349623,0,8.56254578,8.44964409,0,13.3953247,0,0,395,17058,0,0,0,,,,63
43906463,0.5,0,0,0.220261812,0,0.00805860758,0.313235283,0.28412509,15.9349623,0,8.56254578,8.43908691,0,13.3953247,0,0,395,17058,0,0,0,,,,63
43907594,0.5,1,0,0.220261812,0.00805860758,0,0.313235283,0.28412509,15.9349623,0,8.5444622,8.44119835,0,13.3881769,0,0,395,17058,0,0,0,,,,63
43908721,0.5,0,0,0.220261812,0,0.00805860758,0.313235283,0.28412509,15.9304171,0,8.59268475,8.44964409,0,13.3953247,0,0,395,17058,0,0,0,,,,63
43909851,0.5,0,0,0.220261812,0,0.0161172152,0.313235283,0.28412509,15.9304171,0,8.58665657,8.44753265,0,13.3953247,0,0,395,17058,0,0,0,,,,63
43910978,0.5,0,0,0.220261812,0,0,0.313235283,0.28412509,15.9304171,0,8.57761478,8.43697548,0,13.4024725,0,0,395,17058,0,0,0,,,,63
43912113,0.5,0,0,0.220261812,0,0.00805860758,0.313235283,0.28412509,15.9304171,0,8.54144764,8.44542122,0,13.3953247,0,0,395,17058,0,0,0,,,,63
43913240,0.5,0.5,0,0.220261812,0.00805860758,0.00805860758,0.313235283,0.28412509,15.9258718,0,8.57761478,8.44119835,0,13.3953247,0,0,395,17058,0,0,0,,,,63
43914370,0.5,0,0,0.220261812,0,0.00805860758,0.313235283,0.28412509,15.9395075,0,8.55048943,8.45175552,0,13.3953247,0,0,395,17058,0,0,0,,,,63
43915498,0.5,0,0,0.220261812,0,0.00805860758,0.313235283,0.28412509,15.9349623,0,8.55350399,8.43697548,0,13.3881769,0,0,395,17058,0,0,0,,,,63
43916628,0.5,0,0,0.220261812,0,0.00805860758,0.313235283,0.28412509,15.9304171,0,8.58062935,8.44542122,0,13.3953247,0,0,395,17058,0,0,0,,,,63
43917755,0.5,1,0,0.220261812,0.00805860758,0,0.313235283,0.28412509,15.9349623,0,8.5444622,8.44964409,0,13.3953247,0,0,396,17058,0,0,0,,,,63
43918890,0.5,0,0,0.220261812,0,0,0.313235283,0.28412509,15.9304171,0,8.57158756,8.44753265,0,13.3953247,0,0,396,17683,0,0,0,,,,63
43920017,0.5,0,0,0.20813933,0,0.00805860758,0.313235283,0.28412509,15.9304171,0,8.56254578,8.45175552,0,13.3881769,0,0,396,17683,0,0,0,,,,63
43921147,0.5,0,0,0.20813933,0,0.00805860758,0.313235283,0.28412509,15.9304171,0,8.58062935,8.43908691,0,13.4024725,0,0,396,17683,0,0,0,,,,63
43922275,0.5,0,0,0.20813933,0,0.00805860758,0.313235283,0.28412509,15.9304171,0,8.57158756,8.44330978,0,13.3953247,0,0,397,17683,0,0,0,,,,63
43923405,0.5,0,0,0.20813933,0,0,0.313235283,0.28412509,15.9304171,0,8.58665657,8.44119835,0,13.3953247,0,0,397,17683,0,0,0,,,,63
43924537,0.5,0,0,0.20813933,0,0.00805860758,0.313235283,0.28412509,15.9349623,0,8.56555939,8.45386696,0,13.3953247,0,0,397,17683,0,0,0,,,,63
43925667,0.5,0,0,0.20813933,0,0,0.313235283,0.28412509,15.9304171,0,8.57460117,8.44964409,0,13.3953247,0,0,397,17683,0,0,0,,,,63
43926998,0.5,1,0,0.20813933,0.00805860758,0,0.313235283,0.28412509,15.9304171,0,8.55048943,8.44119835,0,13.3881769,0,0,397,17683,0,0,0,,,,63
43928128,0.5,0,0,0.20813933,0,0,0.313235283,0.28412509,15.9304171,0,8.54144764,8.44964409,0,13.3953247,0,0,397,17683,0,0,0,,,,63
43929256,0.5,1,0,0.20813933,0.00805860758,0,0.313235283,0.28412509,15.9304171,0,8.57761478,8.44964409,0,13.3953247,0,0,397,17683,0,0,0,,,,63
43930386,0.5,1,0,0.20813933,0.00805860758,0,0.313235283,0.28412509,15.9304171,0,8.568573,8.45808983,0,13.3881769,0,0,397,17683,0,0,0,,,,63
43931518,0.5,1,0,0.20813933,0.00805860758,0,0.313235283,0.28412509,15.9304171,0,8.58967113,8.44964409,0,13.3953247,0,0,397,17683,0,0,0,,,,63
43932649,0.5,1,0,0.20813933,0.0161172152,0,0.313235283,0.28412509,15.9304171,0,8.57460117,8.44964409,0,13.3953247,0,0,397,17683,0,0,0,,,,63
43933776,0.5,1,0,0.20813933,0.00805860758,0,0.313235283,0.28412509,15.9304171,0,8.54747581,8.45386696,0,13.3953247,0,0,397,17683,0,0,0,,,,63
43934906,0.5,0.5,0,0.20813933,0.00805860758,0.00805860758,0.313235283,0.28412509,15.9304171,0,8.56254578,8.43908691,0,13.3953247,0,0,397,17683,0,0,0,,,,63
43936033,0.5,1,0,0.20813933,0.00805860758,0,0.313235283,0.28412509,15.9304171,0,8.55350399,8.44542122,0,13.3881769,0,0,397,17683,0,0,0,,,,63
43937168,0.5,1,0,0.20813933,0.0161172152,0,0.313235283,0.28412509,15.9304171,0,8.568573,8.45175552,0,13.4024725,0,0,398,17683,0,0,0,,,,63
43938295,0.5,1,0,0.20813933,0.00805860758,0,0.313235283,0.28412509,15.9258718,0,8.5444622,8.44542122,0,13.3953247,0,0,398,17683,0,0,0,,,,63
43939426,0.5,0,0,0.20813933,0,0,0.313235283,0.28412509,15.9304171,0,8.57158756,8.44330978,0,13.3953247,0,0,398,17683,0,0,0,,,,63
43940553,0.5,0.5,0,0.196373701,0.00805860758,0.00805860758,0.313235283,0.28412509,15.9304171,0,8.568573,8.45597839,0,13.3953247,0,0,398,18532,0,0,0,,,,63
43941683,0.5,0.5,0,0.196373701,0.00805860758,0.00805860758,0.313235283,0.28412509,15.9304171,0,8.58967113,8.44964409,0,13.3953247,0,0,398,18532,0,0,0,,,,63
43942811,0.5,0.5,0,0.196373701,0.00805860758,0.00805860758,0.313235283,0.28412509,15.9304171,0,8.55048943,8.45175552,0,13.3953247,0,0,398,18532,0,0,0,,,,63
43943945,0.5,0,0,0.196373701,0,0,0.313235283,0.28412509,15.9304171,0,8.55953121,8.44753265,0,13.3953247,0,0,399,18532,0,0,0,,,,63
43945073,0.5,0,0,0.196373701,0,0,0.313235283,0.28412509,15.9349623,0,8.54747581,8.43064213,0,13.3738813,0,0,399,18532,0,0,0,,,,63
43946203,0.5,0,0,0.196373701,0,0,0.313235283,0.28412509,15.9304171,0,8.568573,8.44542122,0,13.3953247,0,0,399,18532,0,0,0,,,,63
43947330,0.5,1,0,0.196373701,0.00805860758,0,0.313235283,0.28412509,15.9304171,0,8.57460117,8.44542122,0,13.3881769,0,0,399,18532,0,0,0,,,,63
43948665,0.5,1,0,0.196373701,0.00805860758,0,0.313235283,0.28412509,15.9349623,0,8.55953121,8.44542122,0,13.3953247,0,0,399,18532,0,0,0,,,,63
43949792,0.5,0.666666687,0,0.196373701,0.0161172152,0.00805860758,0.313235283,0.28412509,15.9349623,0,8.58364296,8.44330978,0,13.3953247,0,0,399,18532,0,0,0,,,,63
43950927,0.5,1,0,0.196373701,0.00805860758,0,0.313235283,0.28412509,15.9304171,0,8.56555939,8.45175552,0,13.4024725,0,0,399,18532,0,0,0,,,,63
43952055,0.5,1,0,0.196373701,0.00805860758,0,0.313235283,0.28412509,15.9304171,0,8.58665657,8.44542122,0,13.4024725,0,0,399,18532,0,0,0,,,,63
43953185,0.5,1,0,0.196373701,0.00805860758,0,0.313235283,0.28412509,15.9304171,0,8.58062935,8.45386696,0,13.3953247,0,0,399,18532,0,0,0,,,,63
43954312,0.5,0,0,0.196373701,0,0,0.313235283,0.28412509,15.9304171,0,8.5444622,8.44753265,0,13.3953247,0,0,399,18532,0,0,0,,,,63
43955443,0.5,1,0,0.196373701,0.00805860758,0,0.313235283,0.28412509,15.9304171,0,8.54747581,8.44542122,0,13.3953247,0,0,399,18532,0,0,0,,,,63
43956575,0.5,1,0,0.196373701,0.0161172152,0,0.313235283,0.28412509,15.9349623,0,8.568573,8.44330978,0,13.3953247,0,0,399,18532,0,0,0,,,,63
43957705,0.5,1,0,0.196373701,0.00805860758,0,0.313235283,0.28412509,15.9349623,0,8.55048943,8.46020031,0,13.4024725,0,0,399,18532,0,0,0,,,,63
43958832,0.5,1,0,0.196373701,0.00805860758,0,0.313235283,0.28412509,15.9349623,0,8.58364296,8.44964409,0,13.3953247,0,0,399,18532,0,0,0,,,,63
43959963,0.5,0,0,0.196373701,0,0,0.313235283,0.28412509,15.9349623,0,8.57460117,8.44542122,0,13.3953247,0,0,399,18532,0,0,0,,,,63
43961090,0.5,1,0,0.196373701,0.00805860758,0,0.313235283,0.28412509,15.9304171,0,8.55350399,8.44964409,0,13.3953247,0,0,399,18532,0,0,0,,,,63
43962221,0.5,1,0,0.196373701,0.00805860758,0,0.313235283,0.28412509,15.9349623,0,8.55953121,8.44330978,0,13.3953247,0,0,399,25035,0,0,0,,,,63
43963353,0.5,0,0,0.121600151,0,0,0.313235283,0.28412509,15.9304171,0,8.57158756,8.43908691,0,13.3953247,0,0,399,25035,0,0,0,,,,63
43964483,0.5,1,0,0.121600151,0.00805860758,0,0.313235283,0.28412509,15.9258718,0,8.58364296,8.44119835,0,13.3953247,0,0,399,25035,0,0,0,,,,63
43965610,0.5,0,0,0.121600151,0,0.00805860758,0.313235283,0.28412509,15.9349623,0,8.56254578,8.44542122,0,13.3953247,0,0,399,25035,0,0,0,,,,63
43966740,0.5,1,0,0.121600151,0.00805860758,0,0.313235283,0.28412509,15.9349623,0,8.55350399,8.44753265,0,13.3953247,0,0,399,25035,0,0,0,,,,63
43967868,0.5,1,0,0.121600151,0.00805860758,0,0.313235283,0.28412509,15.9304171,0,8.55350399,8.44330978,0,13.3953247,0,0,399,25035,0,0,0,,,,63
43969207,0.5,0,0,0.121600151,0,0,0.313235283,0.28412509,15.9304171,0,8.56555939,8.45386696,0,13.3953247,0,0,399,25035,0,0,0,,,,63
43970334,0.5,1,0,0.121600151,0.00805860758,0,0.313235283,0.28412509,15.9304171,0,8.5444622,8.44542122,0,13.3953247,0,0,399,25035,0,0,0,,,,63
43971464,0.5,1,0,0.121600151,0.00805860758,0,0.313235283,0.28412509,15.9349623,0,8.5444622,8.45175552,0,13.3953247,0,0,399,25035,0,0,0,,,,63
43972591,0.5,1,0,0.121600151,0.00805860758,0,0.313235283,0.28412509,15.9349623,0,8.57158756,8.44964409,0,13.3881769,0,0,399,25035,0,0,0,,,,63
43973722,0.5,1,0,0.121600151,0.00805860758,0,0.313235283,0.28412509,15.9304171,0,8.57460117,8.44753265,0,13.3881769,0,0,399,25035,0,0,0,,,,63
43974849,0.5,0,0,0.121600151,0,0,0.313235283,0.28412509,15.9304171,0,8.53843403,8.44964409,0,13.3953247,0,0,399,25035,0,0,0,,,,63
43975985,0.5,0.5,0,0.121600151,0.00805860758,0.00805860758,0.313235283,0.28412509,15.9304171,0,8.53843403,8.44753265,0,13.3953247,0,0,399,25035,0,0,0,,,,63
43977112,0.5,1,0,0.121600151,0.00805860758,0,0.313235283,0.28412509,15.9304171,0,8.5565176,8.43697548,0,13.3881769,0,0,399,25035,0,0,0,,,,63
43978242,0.5,0,0,0.121600151,0,0,0.313235283,0.28412509,15.9304171,0,8.55350399,8.44119835,0,13.3953247,0,0,399,25035,0,0,0,,,,63
43979369,0.5,1,0,0.121600151,0.00805860758,0,0.313235283,0.28412509,15.9304171,0,8.58665657,8.45175552,0,13.3953247,0,0,399,25035,0,0,0,,,,63
43980500,0.5,0,0,0.121600151,0,0.00805860758,0.313235283,0.28412509,15.9304171,0,8.56254578,8.44119835,0,13.3953247,0,0,399,25035,0,0,0,,,,63
43981632,0.5,0,0,0.121600151,0,0,0.313235283,0.28412509,15.9304171,0,8.58967113,8.45175552,0,13.3953247,0,0,399,25035,0,0,0,,,,63
43982762,0.5,1,0,0.121600151,0.00805860758,0,0.313235283,0.28412509,15.9304171,0,8.57761478,8.44542122,0,13.3953247,0,0,399,25035,0,0,0,,,,63
43983889,0.5,1,0,0.121600151,0.00805860758,0,0.313235283,0.28412509,15.9349623,0,8.57460117,8.44964409,0,13.3953247,0,0,399,25035,0,0,0,,,,63
43985019,0.5,0,0,0.121600151,0,0.00805860758,0.313235283,0.28412509,15.9349623,0,8.55350399,8.44753265,0,13.3881769,0,0,399,25035,0,0,0,,,,63
43986147,0.5,0,0,0.121600151,0,0,0.313235283,0.28412509,15.9304171,0,8.56254578,8.44330978,0,13.3953247,0,0,399,25035,0,0,0,,,,63
43987277,0.5,1,0,0.121600151,0.00805860758,0,0.313235283,0.28412509,15.9304171,0,8.54747581,8.44964409,0,13.4024725,0,0,399,24900,0,0,0,,,,63
43988409,0.5,1,0,0.121600151,0.00805860758,0,0.313235283,0.28412509,15.9304171,0,8.58665657,8.45386696,0,13.3953247,0,0,399,24900,0,0,0,,,,63
43989539,0.5,1,0,0.121600151,0.00805860758,0,0.313235283,0.28412509,15.9304171,0,8.55048943,8.44753265,0,13.3953247,0,0,399,24900,0,0,0,,,,63
43990870,0.5,1,0,0.121600151,0.00805860758,0,0.313235283,0.28412509,15.9304171,0,8.56254578,8.44330978,0,13.3953247,0,0,399,24900,0,0,0,,,,63
43992000,0.5,1,0,0.121600151,0.00805860758,0,0.313235283,0.28412509,15.9349623,0,8.55048943,8.44330978,0,13.3953247,0,0,399,24900,0,0,0,,,,63
43993127,0.5,1,0,0.121600151,0.00805860758,0,0.313235283,0.28412509,15.9304171,0,8.58062935,8.44542122,0,13.3881769,0,0,399,24900,0,0,0,,,,63
43994262,0.5,0.5,0,0.121600151,0.00805860758,0.00805860758,0.313235283,0.28412509,15.9349623,0,8.57761478,8.44753265,0,13.3953247,0,0,399,24900,0,0,0,,,,63
43995390,0.5,0,0,0.121600151,0,0.00805860758,0.313235283,0.28412509,15.9304171,0,8.56555939,8.44330978,0,13.3953247,0,0,399,24900,0,0,0,,,,63
43996519,0.5,0,0,0.121600151,0,0,0.313235283,0.28412509,15.9304171,0,8.56254578,8.44964409,0,13.3953247,0,0,399,24900,0,0,0,,,,63
43997646,0.5,1,0,0.121600151,0.00805860758,0,0.313235283,0.28412509,15.9304171,0,8.57460117,8.44753265,0,13.3953247,0,0,399,24900,0,0,0,,,,63
43998777,0.5,1,0,0.121600151,0.00805860758,0,0.313235283,0.28412509,15.9349623,0,8.57158756,8.45386696,0,13.3953247,0,0,399,24900,0,0,0,,,,63
43999904,0.5,1,0,0.121600151,0.00805860758,0,0.313235283,0.28412509,15.9349623,0,8.55350399,8.45175552,0,13.3953247,0,0,399,24900,0,0,0,,,,63
44001039,0.5,1,0,0.121600151,0.00805860758,0,0.313235283,0.28412509,15.9349623,0,8.56254578,8.43697548,0,13.3881769,0,0,399,24900,0,0,0,,,,63
44002166,0.5,0.5,0,0.121600151,0.00805860758,0.00805860758,0.313235283,0.28412509,15.9258718,0,8.54747581,8.44753265,0,13.3953247,0,0,399,24900,0,0,0,,,,63
44003295,0.5,1,0,0.121600151,0.00805860758,0,0.313235283,0.28412509,15.9304171,0,8.53843403,8.44542122,0,13.3953247,0,0,399,24900,0,0,0,,,,63
44004422,0.5,1,0,0.121600151,0.00805860758,0,0.313235283,0.28412509,15.9304171,0,8.57158756,8.45175552,0,13.3953247,0,0,399,24900,0,0,0,,,,63
44005553,0.5,1,0,0.121600151,0.00805860758,0,0.313235283,0.28412509,15.9349623,0,8.54144764,8.45386696,0,13.3953247,0,0,399,24900,0,0,0,,,,63
44006680,0.5,1,0,0.121600151,0.00805860758,0,0.313235283,0.28412509,15.9304171,0,8.55350399,8.44753265,0,13.3953247,0,0,399,24900,0,0,0,,,,63
44007815,0.5,0,0,0.121600151,0,0,0.313235283,0.28412509,15.9304171,0,8.58062935,8.44542122,0,13.3953247,0,0,399,24900,0,0,0,,,,63
44008942,0.5,1,0,0.121600151,0.00805860758,0,0.313235283,0.28412509,15.9304171,0,8.58062935,8.43908691,0,13.3953247,0,0,399,24900,0,0,0,,,,63
44010072,0.5,0,0,0.121600151,0,0,0.313235283,0.28412509,15.9304171,0,8.58665657,8.44542122,0,13.3810291,0,0,399,24900,0,0,0,,,,63
44011403,0.5,0.5,0,0.121600151,0.00805860758,0.00805860758,0.313235283,0.28412509,15.9349623,0,8.57158756,8.44753265,0,13.3953247,0,0,399,24900,0,0,0,,,,63
44012533,0.5,0,0,0.121600151,0,0.00805860758,0.313235283,0.28412509,15.9304171,0,8.5444622,8.43486404,0,13.3953247,0,0,399,24900,0,0,0,,,,63
44013665,0.5,0,0,0.121600151,0,0.00805860758,0.313235283,0.28412509,15.9304171,0,8.56555939,8.42853069,0,13.3881769,0,0,399,24900,0,0,0,,,,63
44014795,0.5,0,0,0.121600151,0,0.00805860758,0.313235283,0.28412509,15.9304171,0,8.58665657,8.44542122,0,13.3953247,0,0,399,25518,0,0,0,,,,63
44015922,0.5,0,0,0.121600151,0,0.00805860758,0.313235283,0.28412509,15.9304171,0,8.58665657,8.43486404,0,13.4024725,0,0,399,25518,0,0,0,,,,63
44017052,0.5,0,0,0.121600151,0,0.00805860758,0.313235283,0.28412509,15.9304171,0,8.58364296,8.44119835,0,13.3881769,0,0,399,25518,0,0,0,,,,63
44018179,0.5,0,0,0.121600151,0,0.00805860758,0.313235283,0.28412509,15.9304171,0,8.57761478,8.44119835,0,13.3881769,0,0,399,25518,0,0,0,,,,63
44019309,0.5,0,0,0.121600151,0,0,0.313235283,0.28412509,15.9349623,0,8.58364296,8.43908691,0,13.3953247,0,0,399,25518,0,0,0,,,,63
44020441,0.5,0,0,0.121600151,0,0.00805860758,0.313235283,0.28412509,15.9349623,0,8.56254578,8.44542122,0,13.3953247,0,0,399,25518,0,0,0,,,,63
44021571,0.5,0,0,0.121600151,0,0,0.313235283,0.28412509,15.9258718,0,8.54144764,8.43908691,0,13.3953247,0,0,399,25518,0,0,0,,,,63
44022698,0.5,0,0,0.121600151,0,0.00805860758,0.313235283,0.28412509,15.9349623,0,8.58665657,8.44542122,0,13.3953247,0,0,399,25518,0,0,0,,,,63
44023828,0.5,0,0,0.121600151,0,0.00805860758,0.313235283,0.28412509,15.9304171,0,8.5444622,8.44542122,0,13.3953247,0,0,399,25518,0,0,0,,,,63
44024955,0.5,0,0,0.121600151,0,0,0.313235283,0.28412509,15.9304171,0,8.57158756,8.44330978,0,13.3953247,0,0,399,25518,0,0,0,,,,63
44026090,0.5,0,0,0.121600151,0,0.00805860758,0.313235283,0.28412509,15.9304171,0,8.568573,8.44119835,0,13.3953247,0,0,399,25518,0,0,0,,,,63
44027217,0.5,0,0,0.121600151,0,0.00805860758,0.313235283,0.28412509,15.9349623,0,8.5565176,8.43908691,0,13.3953247,0,0,399,25518,0,0,0,,,,63
44028347,0.5,0.5,0,0.121600151,0.00805860758,0.00805860758,0.313235283,0.28412509,15.9304171,0,8.5444622,8.44119835,0,13.3953247,0,0,399,25518,0,0,0,,,,63
44029474,0.5,1,0,0.121600151,0.00805860758,0,0.313235283,0.28412509,15.9349623,0,8.51432323,8.45386696,0,13.3953247,0,0,399,25518,0,0,0,,,,63
44030604,0.5,0,0,0.121600151,0,0,0.313235283,0.28412509,15.9304171,0,8.55048943,8.45386696,0,13.3881769,0,0,399,25518,0,0,0,,,,63
44031935,0.5,0,0,0.121600151,0,0,0.313235283,0.28412509,15.9349623,0,8.55953121,8.44542122,0,13.3953247,0,0,399,25518,0,0,0,,,,63
44033071,0.5,1,0,0.121600151,0.00805860758,0,0.313235283,0.28412509,15.9304171,0,8.54144764,8.45175552,0,13.3810291,0,0,399,25518,0,0,0,,,,63
44034198,0.5,0,0,0.121600151,0,0,0.313235283,0.28412509,15.9304171,0,8.58062935,8.44753265,0,13.3953247,0,0,399,25518,0,0,0,,,,63
44035328,0.5,1,0,0.121600151,0.00805860758,0,0.313235283,0.28412509,15.9349623,0,8.5565176,8.44753265,0,13.3953247,0,0,399,25518,0,0,0,,,,63
44036455,0.5,0,0,0.121600151,0,0,0.313235283,0.28412509,15.9304171,0,8.54144764,8.44964409,0,13.4024725,0,0,399,25518,0,0,0,,,,63
44037584,0.5,0,0,0.121600151,0,0,0.313235283,0.28412509,15.9349623,0,8.58665657,8.44330978,0,13.3953247,0,0,399,25518,0,0,0,,,,63
44038716,0.5,1,0,0.121600151,0.00805860758,0,0.313235283,0.28412509,15.9304171,0,8.5444622,8.44964409,0,13.3953247,0,0,399,25518,0,0,0,,,,63
44039846,0.5,1,0,0.121600151,0.00805860758,0,0.313235283,0.28412509,15.9304171,0,8.56555939,8.44119835,0,13.3953247,0,0,399,25518,0,0,0,,,,63
44040974,0.5,1,0,0.121600151,0.00805860758,0,0.313235283,0.28412509,15.9349623,0,8.54747581,8.44330978,0,13.3953247,0,0,399,25518,0,0,0,,,,63
44042104,0.5,1,0,0.121600151,0.00805860758,0,0.313235283,0.28412509,15.9395075,0,8.55953121,8.45386696,0,13.3953247,0,0,399,25518,0,0,0,,,,63
44043231,0.5,0,0,0.121600151,0,0.00805860758,0.313235283,0.28412509,15.9258718,0,8.53843403,8.45808983,0,13.3953247,0,0,399,25518,0,0,0,,,,63
44044361,0.5,0,0,0.121600151,0,0,0.313235283,0.28412509,15.9304171,0,8.568573,8.44542122,0,13.3953247,0,0,399,25518,0,0,0,,,,63
44045493,0.5,0,0,0.121600151,0,0.00805860758,0.313235283,0.28412509,15.9304171,0,8.57761478,8.44964409,0,13.3953247,0,0,399,26823,0,0,0,,,,63
44046622,0.5,0,0,0.121600151,0,0,0.313235283,0.28412509,15.9304171,0,8.57761478,8.44964409,0,13.3953247,0,0,399,26823,0,0,0,,,,63
44047750,0.5,0.5,0,0.121600151,0.00805860758,0.00805860758,0.313235283,0.28412509,15.9304171,0,8.568573,8.44753265,0,13.3953247,0,0,399,26823,0,0,0,,,,63
44048880,0.5,0.5,0,0.121600151,0.00805860758,0.00805860758,0.313235283,0.28412509,15.9304171,0,8.55953121,8.43486404,0,13.3953247,0,0,399,26823,0,0,0,,,,63
44050007,0.5,0,0,0.121600151,0,0.00805860758,0.313235283,0.28412509,15.9304171,0,8.568573,8.44753265,0,13.3953247,0,0,399,26823,0,0,0,,,,63
44051137,0.5,0,0,0.121600151,0,0.00805860758,0.313235283,0.28412509,15.9304171,0,8.57761478,8.44753265,0,13.3953247,0,0,399,26823,0,0,0,,,,63
44052269,0.5,0,0,0.121600151,0,0.00805860758,0.313235283,0.28412509,15.9349623,0,8.57460117,8.45386696,0,13.3953247,0,0,399,26823,0,0,0,,,,63
44053603,0.5,0,0,0.121600151,0,0.00805860758,0.313235283,0.28412509,15.9304171,0,8.58665657,8.43697548,0,13.3953247,0,0,399,26823,0,0,0,,,,63
44054730,0.5,0.5,0,0.121600151,0.00805860758,0.00805860758,0.313235283,0.28412509,15.9258718,0,8.57761478,8.43486404,0,13.3953247,0,0,399,26823,0,0,0,,,,63
44055860,0.5,0,0,0.121600151,0,0.00805860758,0.313235283,0.28412509,15.9304171,0,8.57158756,8.44542122,0,13.3953247,0,0,399,26823,0,0,0,,,,63
44056987,0.5,0.5,0,0.121600151,0.00805860758,0.00805860758,0.313235283,0.28412509,15.9304171,0,8.568573,8.43697548,0,13.3953247,0,0,399,26823,0,0,0,,,,63
44058121,0.5,0,0,0.121600151,0,0.00805860758,0.313235283,0.28412509,15.9304171,0,8.57761478,8.44330978,0,13.3953247,0,0,399,26823,0,0,0,,,,63
44059248,0.5,0,0,0.121600151,0,0.00805860758,0.313235283,0.28412509,15.9349623,0,8.58967113,8.45175552,0,13.3953247,0,0,399,26823,0,0,0,,,,63
44060379,0.5,0,0,0.121600151,0,0,0.313235283,0.28412509,15.9304171,0,8.55350399,8.44542122,0,13.3953247,0,0,399,26823,0,0,0,,,,63
44061506,0.5,0,0,0.121600151,0,0.00805860758,0.313235283,0.28412509,15.9304171,0,8.58967113,8.43908691,0,13.3953247,0,0,399,26823,0,0,0,,,,63
44062635,0.5,1,0,0.121600151,0.00805860758,0,0.313235283,0.28412509,15.9304171,0,8.56555939,8.44542122,0,13.3953247,0,0,399,26823,0,0,0,,,,63
44063763,0.5,1,0,0.121600151,0.00805860758,0,0.313235283,0.28412509,15.9304171,0,8.56555939,8.44753265,0,13.3953247,0,0,399,26823,0,0,0,,,,63
44064897,0.5,0,0,0.121600151,0,0,0.313235283,0.28412509,15.9304171,0,8.56254578,8.44330978,0,13.3953247,0,0,399,26823,0,0,0,,,,63
44066024,0.5,0,0,0.121600151,0,0,0.313235283,0.28412509,15.9349623,0,8.5565176,8.44964409,0,13.3881769,0,0,399,26823,0,0,0,,,,63
44067154,0.5,0,0,0.121600151,0,0,0.313235283,0.28412509,15.9304171,0,8.56254578,8.44330978,0,13.3881769,0,0,399,26823,0,0,0,,,,63
44068281,0.5,0,0,0.121600151,0,0.0161172152,0.313235283,0.28412509,15.9349623,0,8.57158756,8.43908691,0,13.3953247,0,0,399,26823,0,0,0,,,,63
44069411,0.5,0,0,0.121600151,0,0.00805860758,0.313235283,0.28412509,15.9349623,0,8.58364296,8.44542122,0,13.3953247,0,0,399,26823,0,0,0,,,,63
44070543,0.5,0,0,0.121600151,0,0.0161172152,0.313235283,0.28412509,15.9349623,0,8.58967113,8.42853069,0,13.3953247,0,0,399,26823,0,0,0,,,,63
44071673,0.5,0,0,0.121600151,0,0.00805860758,0.313235283,0.28412509,15.9304171,0,8.58665657,8.44330978,0,13.3953247,0,0,399,26823,0,0,0,,,,63
44072800,0.5,0,0,0.121600151,0,0.00805860758,0.313235283,0.28412509,15.9349623,0,8.57761478,8.43697548,0,13.3953247,0,0,399,26823,0,0,0,,,,63
44074134,0.5,0,0,0.121600151,0,0.00805860758,0.313235283,0.28412509,15.9304171,0,8.57158756,8.43486404,0,13.3953247,0,0,399,26823,0,0,0,,,,63
44075261,0.5,0,0,0.121600151,0,0.00805860758,0.313235283,0.28412509,15.9349623,0,8.56254578,8.44330978,0,13.3953247,0,0,399,26823,0,0,0,,,,63
44076391,0.5,0,0,0.121600151,0,0,0.313235283,0.28412509,15.9304171,0,8.58062935,8.44542122,0,13.3953247,0,0,399,26823,0,0,0,,,,63
44077523,0.5,0,0,0.121600151,0,0,0.313235283,0.28412509,15.9349623,0,8.56254578,8.44964409,0,13.4024725,0,0,399,26823,0,0,0,,,,63
44078653,0.5,0,0,0.121600151,0,0,0.313235283,0.28412509,15.9349623,0,8.58665657,8.44330978,0,13.3953247,0,0,399,26823,0,0,0,,,,63
44079780,0.5,0,0,0.121600151,0,0,0.313235283,0.28412509,15.9304171,0,8.58665657,8.44119835,0,13.3953247,0,0,399,26823,0,0,0,,,,63
44080910,0.5,0,0,0.121600151,0,0.00805860758,0.313235283,0.28412509,15.9349623,0,8.57460117,8.44964409,0,13.3953247,0,0,399,29179,0,0,0,,,,63
44082037,0.5,0,0,0.121600151,0,0,0.313235283,0.28412509,15.9349623,0,8.58062935,8.45597839,0,13.3881769,0,0,399,29179,0,0,0,,,,63
44083172,0.5,1,0,0.121600151,0.00805860758,0,0.313235283,0.28412509,15.9304171,0,8.57761478,8.44542122,0,13.3953247,0,0,399,29179,0,0,0,,,,63
44084299,0.5,1,0,0.121600151,0.00805860758,0,0.313235283,0.28412509,15.9304171,0,8.57761478,8.43908691,0,13.3953247,0,0,399,29179,0,0,0,,,,63
44085429,0.5,1,0,0.121600151,0.00805860758,0,0.313235283,0.28412509,15.9304171,0,8.58967113,8.45175552,0,13.3953247,0,0,399,29179,0,0,0,,,,63
44086556,0.5,0,0,0.121600151,0,0,0.313235283,0.28412509,15.9304171,0,8.56254578,8.44964409,0,13.3953247,0,0,399,29179,0,0,0,,,,63
44087686,0.5,1,0,0,0.00805860758,0,0.313235283,0.28412509,15.9349623,0,8.568573,8.44964409,0,13.3881769,0,0,399,0,0,0,0,,,,63
44088813,0.5,0,0,0,0,0.00805860758,0.313235283,0.28412509,15.9304171,0,8.58665657,8.44753265,0,13.3953247,0,0,399,0,0,0,0,,,,63
44089947,0.5,1,0,0,0.00805860758,0,0.313235283,0.28412509,15.9304171,0,8.55048943,8.45175552,0,13.3953247,0,0,399,0,0,0,0,,,,63
44091074,0.5,0,0,0,0,0.00805860758,0.313235283,0.28412509,15.9304171,0,8.55953121,8.44542122,0,13.3953247,0,0,399,0,0,0,0,,,,63
44092204,0.5,1,0,0,0.00805860758,0,0.313235283,0.28412509,15.9258718,0,8.57158756,8.45597839,0,13.3953247,0,0,399,0,0,0,0,,,,63
44093331,0.5,1,0,0,0.0161172152,0,0.313235283,0.28412509,15.9349623,0,8.55350399,8.44964409,0,13.3953247,0,0,399,0,0,0,0,,,,63
44094461,0.5,0,0,0,0,0,0.313235283,0.28412509,15.9304171,0,8.58665657,8.45386696,0,13.3953247,0,0,399,0,0,0,0,,,,63
44095792,0.5,1,0,0,0.00805860758,0,0.313235283,0.28412509,15.9304171,0,8.58062935,8.44964409,0,13.3953247,0,0,399,0,0,0,0,,,,63
44096926,0.5,0,0,0,0,0,0.313235283,0.28412509,15.9304171,0,8.58062935,8.44330978,0,13.3953247,0,0,399,0,0,0,0,,,,63
44098053,0.5,1,0,0,0.00805860758,0,0.313235283,0.28412509,15.9304171,0,8.56555939,8.44753265,0,13.3881769,0,0,399,0,0,0,0,,,,63
44099183,0.5,0.5,0,0,0.00805860758,0.00805860758,0.313235283,0.28412509,15.9304171,0,8.53240585,8.45386696,0,13.4024725,0,0,399,0,0,0,0,,,,63
44100310,0.5,1,0,0,0.00805860758,0,0.313235283,0.28412509,15.9304171,0,8.56254578,8.44964409,0,13.3953247,0,0,399,0,0,0,0,,,,63
44101439,0.5,1,0,0,0.00805860758,0,0.313235283,0.28412509,15.9304171,0,8.56555939,8.44964409,0,13.3953247,0,0,399,0,0,0,0,,,,63
44102571,0.5,1,0,0,0.00805860758,0,0.313235283,0.28412509,15.9349623,0,8.55953121,8.45386696,0,13.3953247,0,0,399,0,0,0,0,,,,63
44103701,0.5,0,0,0,0,0,0.313235283,0.28412509,15.9349623,0,8.57158756,8.45597839,0,13.3953247,0,0,399,0,0,0,0,,,,63
44104828,0.5,1,0,0,0.00805860758,0,0.313235283,0.28412509,15.9349623,0,8.54144764,8.44542122,0,13.3953247,0,0,399,0,0,0,0,,,,63
44105958,0.5,0,0,0,0,0,0.313235283,0.28412509,15.9304171,0,8.57761478,8.44542122,0,13.3953247,0,0,399,0,0,0,0,,,,63
44107085,0.5,1,0,0,0.00805860758,0,0.313235283,0.28412509,15.9349623,0,8.5565176,8.45175552,0,13.3881769,0,0,399,0,0,0,0,,,,63
44108214,0.5,0.5,0,0,0.00805860758,0.00805860758,0.313235283,0.28412509,15.9349623,0,8.55048943,8.44330978,0,13.3953247,0,0,399,0,0,0,0,,,,63
44109346,0.5,1,0,0,0.0161172152,0,0.313235283,0.28412509,15.9349623,0,8.53542042,8.44119835,0,13.3953247,0,0,399,0,0,0,0,,,,63
44110476,0.5,0.5,0,0,0.00805860758,0.00805860758,0.313235283,0.28412509,15.9349623,0,8.56555939,8.44753265,0,13.3953247,0,0,399,0,0,0,0,,,,63
44111603,0.5,0,0,0,0,0.00805860758,0.313235283,0.28412509,15.9304171,0,8.568573,8.44330978,0,13.3953247,0,0,399,0,0,0,0,,,,63
44112732,0.5,0,0,0,0,0,0.313235283,0.28412509,15.9349623,0,8.56254578,8.44753265,0,13.3953247,0,0,399,0,0,0,0,,,,63
44113859,0.5,0.5,0,0,0.00805860758,0.00805860758,0.313235283,0.28412509,15.9349623,0,8.55953121,8.44330978,0,13.3953247,0,0,399,0,0,0,0,,,,63
44114994,0.5,1,0,0,0.00805860758,0,0.313235283,0.28412509,15.9304171,0,8.57158756,8.44964409,0,13.3953247,0,0,399,0,0,0,0,,,,63
44116325,0.5,1,0,0,0.00805860758,0,0.313235283,0.28412509,15.9304171,0,8.56254578,8.44119835,0,13.3953247,0,0,399,0,0,0,0,,,,63
44117455,0.5,0,0,0,0,0,0.313235283,0.28412509,15.9304171,0,8.568573,8.44542122,0,13.3953247,0,0,399,0,0,0,0,,,,63
44118582,0.5,0,0,0,0,0,0.313235283,0.28412509,15.9349623,0,8.568573,8.45175552,0,13.3953247,0,0,399,0,0,0,0,,,,63
44119712,0.5,0,0,0,0,0.00805860758,0.313235283,0.28412509,15.9304171,0,8.58967113,8.44753265,0,13.3953247,0,0,399,0,0,0,0,,,,63
44120838,0.5,1,0,0,0.00805860758,0,0.313235283,0.28412509,15.9304171,0,8.58665657,8.43908691,0,13.3953247,0,0,399,0,0,0,0,,,,63
44121973,0.5,0.5,0,0,0.00805860758,0.00805860758,0.313235283,0.28412509,15.9304171,0,8.58062935,8.45175552,0,13.3953247,0,0,399,0,0,0,0,,,,63
44123100,0.5,0,0,0,0,0,0.313235283,0.28412509,15.9304171,0,8.56555939,8.44119835,0,13.3953247,0,0,399,0,0,0,0,,,,63
44124230,0.5,0,0,0,0,0.00805860758,0.313235283,0.28412509,15.9304171,0,8.59268475,8.44119835,0,13.3953247,0,0,399,0,0,0,0,,,,63
44125357,0.5,0,0,0,0,0.00805860758,0.313235283,0.28412509,15.9304171,0,8.56555939,8.43486404,0,13.3953247,0,0,399,0,0,0,0,,,,63
44126486,0.5,1,0,0,0.00805860758,0,0.313235283,0.28412509,15.9304171,0,8.58062935,8.43908691,0,13.3953247,0,0,399,0,0,0,0,,,,63
44127618,0.5,0,0,0,0,0.00805860758,0.313235283,0.28412509,15.9349623,0,8.5444622,8.43908691,0,13.3881769,0,0,399,0,0,0,0,,,,63
44128748,0.5,0,0,0,0,0,0.313235283,0.28412509,15.9349623,0,8.55350399,8.43697548,0,13.3953247,0,0,399,0,0,0,0,,,,63
44129875,0.5,0,0,0,0,0.00805860758,0.313235283,0.28412509,15.9304171,0,8.58364296,8.43697548,0,13.3953247,0,0,399,0,0,0,0,,,,63
44131005,0.5,0,0,0,0,0.00805860758,0.313235283,0.28412509,15.9304171,0,8.57158756,8.43486404,0,13.3953247,0,0,399,0,0,0,0,,,,63
44132132,0.5,0.5,0,0,0.00805860758,0.00805860758,0.313235283,0.28412509,15.9304171,0,8.58665657,8.43908691,0,13.3953247,0,0,399,0,0,0,0,,,,63
44133262,0.5,0,0,0,0,0.00805860758,0.313235283,0.28412509,15.9304171,0,8.57761478,8.44542122,0,13.3953247,0,0,399,0,0,0,0,,,,63
44134394,0.5,0.333333343,0,0,0.00805860758,0.0161172152,0.313235283,0.28412509,15.9304171,0,8.5565176,8.44753265,0,13.3953247,0,0,399,0,0,0,0,,,,63
44135523,0.5,1,0,0,0.00805860758,0,0.313235283,0.28412509,15.9304171,0,8.54144764,8.43908691,0,13.3953247,0,0,399,0,0,0,0,,,,63
44136854,0.5,0.5,0,0,0.00805860758,0.00805860758,0.313235283,0.28412509,15.9304171,0,8.57761478,8.43908691,0,13.3953247,0,0,399,0,0,0,0,,,,63
44137984,0.5,0,0,0,0,0,0.313235283,0.28412509,15.9304171,0,8.57460117,8.44330978,0,13.3953247,0,0,399,0,0,0,0,,,,63
44139111,0.5,1,0,0,0.00805860758,0,0.313235283,0.28412509,15.9304171,0,8.58967113,8.44542122,0,13.3953247,0,0,399,0,0,0,0,,,,63
44140246,0.5,0,0,0,0,0,0.313235283,0.28412509,15.9349623,0,8.57761478,8.44964409,0,13.3953247,0,0,399,0,0,0,0,,,,63
44141373,0.5,1,0,0,0.0161172152,0,0.313235283,0.28412509,15.9304171,0,8.52336502,8.44753265,0,13.3881769,0,0,399,0,0,0,0,,,,63
44142503,0.5,0,0,0,0,0,0.313235283,0.28412509,15.9304171,0,8.58364296,8.45386696,0,13.4024725,0,0,399,0,0,0,0,,,,63
44143630,0.5,0,0,0,0,0,0.313235283,0.28412509,15.9304171,0,8.56254578,8.44964409,0,13.3881769,0,0,399,0,0,0,0,,,,63
44144760,0.5,1,0,0,0.00805860758,0,0.313235283,0.28412509,15.9349623,0,8.56254578,8.45175552,0,13.3953247,0,0,399,0,0,0,0,,,,63
44145888,0.5,1,0,0,0.00805860758,0,0.313235283,0.28412509,15.9304171,0,8.57761478,8.44542122,0,13.3953247,0,0,399,0,0,0,0,,,,63
44147023,0.5,0,0,0,0,0,0.313235283,0.28412509,15.9304171,0,8.55953121,8.44753265,0,13.3881769,0,0,399,0,0,0,0,,,,63
44148150,0.5,1,0,0,0.00805860758,0,0.313235283,0.28412509,15.9349623,0,8.57761478,8.43697548,0,13.3953247,0,0,399,0,0,0,0,,,,63
44149280,0.5,1,0,0,0.0161172152,0,0.313235283,0.28412509,15.9304171,0,8.568573,8.44753265,0,13.3953247,0,0,399,0,0,0,0,,,,63
44150407,0.5,1,0,0,0.00805860758,0,0.313235283,0.28412509,15.9304171,0,8.5444622,8.44542122,0,13.3953247,0,0,399,0,0,0,0,,,,63
44151538,0.5,0,0,0,0,0,0.313235283,0.28412509,15.9304171,0,8.55953121,8.44330978,0,13.3953247,0,0,399,0,0,0,0,,,,63
44152664,0.5,1,0,0,0.00805860758,0,0.313235283,0.28412509,15.9304171,0,8.55350399,8.44119835,0,13.4024725,0,0,399,0,0,0,0,,,,63
44153799,0.5,1,0,0,0.00805860758,0,0.313235283,0.28412509,15.9304171,0,8.57761478,8.45175552,0,13.3953247,0,0,399,0,0,0,0,,,,63
44154926,0.5,0,0,0,0,0,0.313235283,0.28412509,15.9304171,0,8.55048943,8.44119835,0,13.3953247,0,0,399,0,0,0,0,,,,63
44156056,0.5,1,0,0,0.00805860758,0,0.313235283,0.28412509,15.9349623,0,8.54144764,8.44542122,0,13.3881769,0,0,399,0,0,0,0,,,,63
44157183,0.5,1,0,0,0.00805860758,0,0.313235283,0.28412509,15.9349623,0,8.57460117,8.44753265,0,13.3953247,0,0,399,0,0,0,0,,,,63
44158517,0.5,1,0,0,0.00805860758,0,0.313235283,0.28412509,15.9304171,0,8.58364296,8.44964409,0,13.3953247,0,0,399,0,0,0,0,,,,63
44159649,0.5,1,0,0,0.00805860758,0,0.313235283,0.28412509,15.9304171,0,8.58665657,8.44119835,0,13.3953247,0,0,399,0,0,0,0,,,,63
44160779,0.5,0,0,0,0,0,0.313235283,0.28412509,15.9349623,0,8.57460117,8.45386696,0,13.3953247,0,0,399,0,0,0,0,,,,63
44161906,0.5,1,0,0,0.00805860758,0,0.313235283,0.28412509,15.9304171,0,8.53843403,8.44330978,0,13.3953247,0,0,399,0,0,0,0,,,,63
44163037,0.5,1,0,0,0.00805860758,0,0.313235283,0.28412509,15.9349623,0,8.56555939,8.44753265,0,13.3881769,0,0,399,0,0,0,0,,,,63
44164164,0.5,1,0,0,0.00805860758,0,0.313235283,0.28412509,15.9349623,0,8.56555939,8.44753265,0,13.3881769,0,0,399,0,0,0,0,,,,63
44165294,0.5,0,0,0,0,0,0.313235283,0.28412509,15.9304171,0,8.54144764,8.44964409,0,13.3953247,0,0,399,0,0,0,0,,,,63
44166426,0.5,0,0,0,0,0.00805860758,0.313235283,0.28412509,15.9304171,0,8.55350399,8.45175552,0,13.3953247,0,0,399,0,0,0,0,,,,63
44167556,0.5,0.5,0,0,0.00805860758,0.00805860758,0.313235283,0.28412509,15.9304171,0,8.57158756,8.43064213,0,13.3953247,0,0,399,0,0,0,0,,,,63
44168683,0.5,1,0,0,0.00805860758,0,0.313235283,0.28412509,15.9349623,0,8.56254578,8.44964409,0,13.3953247,0,0,399,0,0,0,0,,,,63
44169813,0.5,0,0,0,0,0.00805860758,0.313235283,0.28412509,15.9304171,0,8.5444622,8.43908691,0,13.3953247,0,0,399,0,0,0,0,,,,63
44170940,0.5,1,0,0,0.00805860758,0,0.313235283,0.28412509,15.9304171,0,8.568573,8.45175552,0,13.3953247,0,0,399,0,0,0,0,,,,63
44172075,0.5,0,0,0,0,0,0.313235283,0.28412509,15.9304171,0,8.57460117,8.44119835,0,13.3953247,0,0,399,0,0,0,0,,,,63
44173202,0.5,0,0,0,0,0,0.313235283,0.28412509,15.9304171,0,8.58665657,8.44753265,0,13.3953247,0,0,399,0,0,0,0,,,,63
44174333,0.5,0,0,0,0,0.00805860758,0.313235283,0.28412509,15.9304171,0,8.58364296,8.44330978,0,13.3953247,0,0,399,0,0,0,0,,,,63
44175460,0.5,1,0,0,0.00805860758,0,0.313235283,0.28412509,15.9304171,0,8.54144764,8.44119835,0,13.3953247,0,0,399,0,0,0,0,,,,63
44176590,0.5,0,0,0,0,0,0.313235283,0.28412509,15.9304171,0,8.58364296,8.45808983,0,13.3953247,0,0,399,0,0,0,0,,,,63
44177717,0.5,0,0,0,0,0,0.313235283,0.28412509,15.9304171,0,8.57460117,8.45597839,0,13.3881769,0,0,399,0,0,0,0,,,,63
44179056,0.5,0,0,0,0,0.00805860758,0.313235283,0.28412509,15.9349623,0,8.568573,8.44542122,0,13.3881769,0,0,399,0,0,0,0,,,,63
44180182,0.5,0,0,0,0,0,0.313235283,0.28412509,15.9349623,0,8.56555939,8.44119835,0,13.3953247,0,0,399,0,0,0,0,,,,63
44181312,0.5,0,0,0,0,0,0.313235283,0.28412509,15.9349623,0,8.55953121,8.44119835,0,13.3881769,0,0,399,0,0,0,0,,,,63
44182440,0.5,0,0,0,0,0.00805860758,0.313235283,0.28412509,15.9349623,0,8.58665657,8.43486404,0,13.3953247,0,0,399,0,0,0,0,,,,63
44183570,0.5,0,0,0,0,0,0.313235283,0.28412509,15.9304171,0,8.56254578,8.45175552,0,13.3953247,0,0,399,0,0,0,0,,,,63
44184702,0.5,0.5,0,0,0.00805860758,0.00805860758,0.313235283,0.28412509,15.9349623,0,8.568573,8.43697548,0,13.3953247,0,0,399,0,0,0,0,,,,63
44185832,0.5,0,0,0,0,0,0.313235283,0.28412509,15.9304171,0,8.56254578,8.44542122,0,13.3953247,0,0,399,0,0,0,0,,,,63
44186959,0.5,0,0,0,0,0,0.313235283,0.28412509,15.9304171,0,8.58364296,8.43908691,0,13.3953247,0,0,399,0,0,0,0,,,,63
44188090,0.5,0,0,0,0,0.00805860758,0.313235283,0.28412509,15.9304171,0,8.5444622,8.43908691,0,13.3953247,0,0,399,0,0,0,0,,,,63
44189217,0.5,0.5,0,0,0.00805860758,0.00805860758,0.313235283,0.28412509,15.9304171,0,8.58665657,8.44753265,0,13.3953247,0,0,399,0,0,0,0,,,,63
44190347,0.5,0,0,0,0,0.00805860758,0.313235283,0.28412509,15.9304171,0,8.55048943,8.45386696,0,13.3953247,0,0,399,0,0,0,0,,,,63
44191480,0.5,0.5,0,0,0.00805860758,0.00805860758,0.313235283,0.28412509,15.9304171,0,8.55048943,8.45175552,0,13.3953247,0,0,399,0,0,0,0,,,,63
44192609,0.5,1,0,0,0.00805860758,0,0.313235283,0.28412509,15.9304171,0,8.58967113,8.44330978,0,13.3881769,0,0,399,0,0,0,0,,,,63
44193736,0.5,1,0,0,0.00805860758,0,0.313235283,0.28412509,15.9349623,0,8.55953121,8.44753265,0,13.3953247,0,0,399,65675,0,0,0,,,,63
44194866,0.5,0,0,0,0,0,0.313235283,0.28412509,15.9304171,0,8.5565176,8.45386696,0,13.3953247,0,0,399,65675,0,0,0,,,,63
44195994,0.5,0,0,0,0,0,0.313235283,0.28412509,15.9304171,0,8.55953121,8.44119835,0,13.4024725,0,0,399,65675,0,0,0,,,,63
44197124,0.5,0.5,0,0,0.00805860758,0.00805860758,0.313235283,0.28412509,15.9304171,0,8.58665657,8.43908691,0,13.3953247,0,0,399,65675,0,0,0,,,,63
44198256,0.5,1,0,0,0.00805860758,0,0.313235283,0.28412509,15.9258718,0,8.55048943,8.43486404,0,13.3953247,0,0,399,65675,0,0,0,,,,63
44199386,0.5,1,0,0,0.00805860758,0,0.313235283,0.28412509,15.9304171,0,8.52035046,8.45597839,0,13.3953247,0,0,399,65675,0,0,0,,,,63
44200717,0.5,0,0,0,0,0,0.313235283,0.28412509,15.9349623,0,8.568573,8.44753265,0,13.3953247,0,0,399,65675,0,0,0,,,,63
44201847,0.5,1,0,0,0.00805860758,0,0.313235283,0.28412509,15.9304171,0,8.57158756,8.44330978,0,13.3953247,0,0,399,65675,0,0,0,,,,63
44202974,0.5,0.5,0,0,0.00805860758,0.00805860758,0.313235283,0.28412509,15.9304171,0,8.568573,8.44119835,0,13.3953247,0,0,399,65675,0,0,0,,,,63
44204109,0.5,1,0,0,0.00805860758,0,0.313235283,0.28412509,15.9349623,0,8.5565176,8.44330978,0,13.3953247,0,0,399,65675,0,0,0,,,,63
44205236,0.5,0,0,0,0,0,0.313235283,0.28412509,15.9349623,0,8.56555939,8.44542122,0,13.3953247,0,0,399,65675,0,0,0,,,,63
44206366,0.5,0,0,0,0,0,0.313235283,0.28412509,15.9349623,0,8.568573,8.44964409,0,13.3953247,0,0,399,65675,0,0,0,,,,63
44207493,0.5,1,0,0,0.00805860758,0,0.313235283,0.28412509,15.9304171,0,8.54747581,8.44964409,0,13.3953247,0,0,399,65675,0,0,0,,,,63
44208624,0.5,0.5,0,0,0.00805860758,0.00805860758,0.313235283,0.28412509,15.9304171,0,8.58665657,8.44542122,0,13.3953247,0,0,399,65675,0,0,0,,,,63
44209751,0.5,1,0,0,0.00805860758,0,0.313235283,0.28412509,15.9304171,0,8.58967113,8.44542122,0,13.3953247,0,0,399,65675,0,0,0,,,,63
44210886,0.5,1,0,0,0.00805860758,0,0.313235283,0.28412509,15.9304171,0,8.57460117,8.45597839,0,13.3953247,0,0,399,65675,0,0,0,,,,63
44212013,0.5,1,0,0,0.0161172152,0,0.313235283,0.28412509,15.9349623,0,8.56555939,8.44119835,0,13.3881769,0,0,399,65675,0,0,0,,,,63
44213143,0.5,1,0,0,0.00805860758,0,0.313235283,0.28412509,15.9304171,0,8.568573,8.44542122,0,13.3881769,0,0,399,65675,0,0,0,,,,63
44214270,0.5,0,0,0,0,0.00805860758,0.313235283,0.28412509,15.9349623,0,8.56254578,8.44964409,0,13.3953247,0,0,399,65675,0,0,0,,,,63
44215400,0.5,0,0,0,0,0,0.313235283,0.28412509,15.9349623,0,8.58967113,8.43275356,0,13.3953247,0,0,399,65675,0,0,0,,,,63
44216532,0.5,0.5,0,0,0.00805860758,0.00805860758,0.313235283,0.28412509,15.9349623,0,8.57460117,8.44964409,0,13.3953247,0,0,399,65675,0,0,0,,,,63
44217662,0.5,1,0,0,0.00805860758,0,0.313235283,0.28412509,15.9304171,0,8.51733685,8.45175552,0,13.3953247,0,0,399,65675,0,0,0,,,,63
44218789,0.5,0,0,0,0,0,0.313235283,0.28412509,15.9349623,0,8.54747581,8.44964409,0,13.3953247,0,0,399,65675,0,0,0,,,,63
44219919,0.5,0,0,0,0,0,0.313235283,0.28412509,15.9304171,0,8.56254578,8.45386696,0,13.3953247,0,0,399,65675,0,0,0,,,,63
44221251,0.5,0.5,0,0,0.00805860758,0.00805860758,0.313235283,0.28412509,15.9304171,0,8.56254578,8.44542122,0,13.3953247,0,0,399,65675,0,0,0,,,,63
44222381,0.5,1,0,0,0.00805860758,0,0.313235283,0.28412509,15.9349623,0,8.568573,8.45386696,0,13.3953247,0,0,399,65675,0,0,0,,,,63
44223513,0.5,0,0,0,0,0.00805860758,0.313235283,0.28412509,15.9349623,0,8.56555939,8.44964409,0,13.3881769,0,0,399,65675,0,0,0,,,,63
44224643,0.5,0.5,0,0,0.00805860758,0.00805860758,0.313235283,0.28412509,15.9349623,0,8.55350399,8.44753265,0,13.3953247,0,0,399,65675,0,0,0,,,,63
44225771,0.5,0,0,0,0,0,0.313235283,0.28412509,15.9349623,0,8.55350399,8.43697548,0,13.4024725,0,0,399,65675,0,0,0,,,,63
44226901,0.5,0,0,0,0,0.00805860758,0.313235283,0.28412509,15.9304171,0,8.55350399,8.44753265,0,13.3953247,0,0,399,65675,0,0,0,,,,63
44228028,0.5,0,0,0,0,0,0.313235283,0.28412509,15.9349623,0,8.54747581,8.44542122,0,13.3881769,0,0,399,65675,0,0,0,,,,63
44229163,0.5,0.5,0,0,0.00805860758,0.00805860758,0.313235283,0.28412509,15.9304171,0,8.54747581,8.43275356,0,13.3953247,0,0,399,65675,0,0,0,,,,63
44230290,0.5,1,0,0,0.00805860758,0,0.313235283,0.28412509,15.9304171,0,8.58364296,8.44753265,0,13.3953247,0,0,399,65675,0,0,0,,,,63
44231420,0.5,0,0,0,0,0.00805860758,0.313235283,0.28412509,15.9349623,0,8.57158756,8.43908691,0,13.4024725,0,0,399,65675,0,0,0,,,,63
44232547,0.5,0,0,0,0,0.00805860758,0.313235283,0.28412509,15.9304171,0,8.57158756,8.43697548,0,13.3953247,0,0,399,65675,0,0,0,,,,63
44233678,0.5,1,0,0,0.00805860758,0,0.313235283,0.28412509,15.9304171,0,8.56254578,8.44542122,0,13.3953247,0,0,399,65675,0,0,0,,,,63
44234805,0.5,0,0,0,0,0.00805860758,0.313235283,0.28412509,15.9304171,0,8.56254578,8.44542122,0,13.3953247,0,0,399,65675,0,0,0,,,,63
44235940,0.5,0,0,0,0,0.00805860758,0.313235283,0.28412509,15.9349623,0,8.55048943,8.44964409,0,13.3953247,0,0,399,65675,0,0,0,,,,63
44237067,0.5,0,0,0,0,0,0.313235283,0.28412509,15.9304171,0,8.57158756,8.45386696,0,13.3738813,0,0,399,65675,0,0,0,,,,63
44238197,0.5,0.5,0,0,0.00805860758,0.00805860758,0.313235283,0.28412509,15.9304171,0,8.53843403,8.44753265,0,13.3953247,0,0,399,65675,0,0,0,,,,63
44239324,0.5,0,0,0,0,0,0.313235283,0.28412509,15.9304171,0,8.57158756,8.43697548,0,13.4024725,0,0,399,65675,0,0,0,,,,63
44240454,0.5,0,0,0,0,0,0.313235283,0.28412509,15.9349623,0,8.56254578,8.44542122,0,13.3953247,0,0,399,65675,0,0,0,,,,63
44241785,0.5,1,0,0,0.00805860758,0,0.313235283,0.28412509,15.9304171,0,8.56254578,8.44542122,0,13.3953247,0,0,399,65675,0,0,0,,,,63
44242920,0.5,0,0,0,0,0,0.313235283,0.28412509,15.9304171,0,8.58665657,8.44330978,0,13.3953247,0,0,399,65675,0,0,0,,,,63
44244047,0.5,0,0,0,0,0.00805860758,0.313235283,0.28412509,15.9304171,0,8.55350399,8.45175552,0,13.3810291,0,0,399,65675,0,0,0,,,,63
44245177,0.5,0,0,0,0,0,0.313235283,0.28412509,15.9349623,0,8.54747581,8.45386696,0,13.3953247,0,0,399,65675,0,0,0,,,,63
44246304,0.5,0,0,0,0,0,0.313235283,0.28412509,15.9304171,0,8.58062935,8.44330978,0,13.3953247,0,0,399,65675,0,0,0,,,,63
44247434,0.5,1,0,0,0.00805860758,0,0.313235283,0.28412509,15.9304171,0,8.55953121,8.44119835,0,13.3953247,0,0,399,65675,0,0,0,,,,63
44248566,0.5,0,0,0,0,0.00805860758,0.313235283,0.28412509,15.9349623,0,8.56254578,8.44542122,0,13.3953247,0,0,399,65675,0,0,0,,,,63
44249696,0.5,1,0,0,0.00805860758,0,0.313235283,0.28412509,15.9304171,0,8.58062935,8.45386696,0,13.3953247,0,0,399,65675,0,0,0,,,,63
44250823,0.5,0,0,0,0,0,0.313235283,0.28412509,15.9349623,0,8.52336502,8.43697548,0,13.4024725,0,0,399,65675,0,0,0,,,,63
44251953,0.5,0,0,0,0,0.00805860758,0.313235283,0.28412509,15.9304171,0,8.56555939,8.45175552,0,13.3953247,0,0,399,65675,0,0,0,,,,63
44253080,0.5,0,0,0,0,0,0.313235283,0.28412509,15.9304171,0,8.54747581,8.44119835,0,13.3810291,0,0,399,65675,0,0,0,,,,63
44254210,0.5,0.5,0,0,0.00805860758,0.00805860758,0.313235283,0.28412509,15.9304171,0,8.54747581,8.45597839,0,13.3953247,0,0,399,65675,0,0,0,,,,63
44255342,0.5,0,0,0,0,0,0.313235283,0.28412509,15.9304171,0,8.55350399,8.45386696,0,13.3953247,0,0,399,65675,0,0,0,,,,63
44256472,0.5,0,0,0,0,0,0.313235283,0.28412509,15.9304171,0,8.58665657,8.44964409,0,13.3953247,0,0,399,65675,0,0,0,,,,63
44257599,0.5,0,0,0,0,0,0.313235283,0.28412509,15.9304171,0,8.54747581,8.45175552,0,13.4024725,0,0,399,65675,0,0,0,,,,63
44258729,0.5,1,0,0,0.00805860758,0,0.313235283,0.28412509,15.9349623,0,8.56555939,8.45175552,0,13.3881769,0,0,399,65675,0,0,0,,,,63
44259856,0.5,0,0,0,0,0,0.313235283,0.28412509,15.9349623,0,8.55350399,8.45175552,0,13.3953247,0,0,399,65675,0,0,0,,,,63
44260991,0.5,0,0,0,0,0,0.313235283,0.28412509,15.9304171,0,8.56254578,8.44753265,0,13.3953247,0,0,399,65675,0,0,0,,,,63
44262118,0.5,1,0,0,0.00805860758,0,0.313235283,0.28412509,15.9304171,0,8.55048943,8.44542122,0,13.3953247,0,0,399,65675,0,0,0,,,,63
44263452,0.5,0,0,0,0,0,0.313235283,0.28412509,15.9304171,0,8.55953121,8.44330978,0,13.3953247,0,0,399,65675,0,0,0,,,,63
44264579,0.5,0,0,0,0,0,0.313235283,0.28412509,15.9304171,0,8.55953121,8.44753265,0,13.3953247,0,0,399,65675,0,0,0,,,,63
44265709,0.5,0,0,0,0,0.00805860758,0.313235283,0.28412509,15.9304171,0,8.56555939,8.45175552,0,13.3953247,0,0,399,65675,0,0,0,,,,63
44266837,0.5,0.5,0,0,0.00805860758,0.00805860758,0.313235283,0.28412509,15.9349623,0,8.57761478,8.43908691,0,13.3953247,0,0,399,65675,0,0,0,,,,63
44267972,0.5,0,0,0,0,0,0.313235283,0.28412509,15.9304171,0,8.54144764,8.44119835,0,13.3953247,0,0,399,65675,0,0,0,,,,63
44269099,0.5,0,0,0,0,0,0.313235283,0.28412509,15.9304171,0,8.55953121,8.44753265,0,13.3953247,0,0,399,65675,0,0,0,,,,63
44270229,0.5,1,0,0,0.00805860758,0,0.313235283,0.28412509,15.9349623,0,8.54144764,8.44753265,0,13.3953247,0,0,399,65675,0,0,0,,,,63
44271356,0.5,1,0,0,0.00805860758,0,0.313235283,0.28412509,15.9304171,0,8.5444622,8.44753265,0,13.3953247,0,0,399,65675,0,0,0,,,,63
44272486,0.5,1,0,0,0.00805860758,0,0.313235283,0.28412509,15.9304171,0,8.56555939,8.45175552,0,13.3953247,0,0,399,65675,0,0,0,,,,63
44273618,0.5,0.5,0,0,0.00805860758,0.00805860758,0.313235283,0.28412509,15.9304171,0,8.55048943,8.45175552,0,13.3953247,0,0,399,65675,0,0,0,,,,63
44274748,0.5,0.5,0,0,0.00805860758,0.00805860758,0.313235283,0.28412509,15.9349623,0,8.56254578,8.44964409,0,13.3953247,0,0,399,65675,0,0,0,,,,63
44275875,0.5,0.5,0,0,0.00805860758,0.00805860758,0.313235283,0.28412509,15.9304171,0,8.57158756,8.44542122,0,13.3953247,0,0,399,65675,0,0,0,,,,63
44277005,0.5,0,0,0,0,0.0161172152,0.313235283,0.28412509,15.9349623,0,8.568573,8.45597839,0,13.3953247,0,0,399,65675,0,0,0,,,,63
44278132,0.5,0,0,0,0,0,0.313235283,0.28412509,15.9304171,0,8.54747581,8.45175552,0,13.3953247,0,0,399,65675,0,0,0,,,,63
44279262,0.5,0.5,0,0,0.00805860758,0.00805860758,0.313235283,0.28412509,15.9304171,0,8.58364296,8.45175552,0,13.3953247,0,0,399,65675,0,0,0,,,,63
44280394,0.5,0,0,0,0,0.00805860758,0.313235283,0.28412509,15.9304171,0,8.54747581,8.44330978,0,13.3953247,0,0,399,65675,0,0,0,,,,63
44281524,0.5,0,0,0,0,0.00805860758,0.313235283,0.28412509,15.9304171,0,8.56254578,8.44753265,0,13.3953247,0,0,399,65675,0,0,0,,,,63
44282651,0.5,0.5,0,0,0.00805860758,0.00805860758,0.313235283,0.28412509,15.9304171,0,8.57460117,8.44542122,0,13.3953247,0,0,399,65675,0,0,0,,,,63
44283985,0.5,0,0,0,0,0,0.313235283,0.28412509,15.9349623,0,8.57761478,8.44753265,0,13.3881769,0,0,399,65675,0,0,0,,,,63
44285112,0.5,1,0,0,0.00805860758,0,0.313235283,0.28412509,15.9349623,0,8.59268475,8.44753265,0,13.3953247,0,0,399,65675,0,0,0,,,,63
44286247,0.5,0,0,0,0,0.00805860758,0.313235283,0.28412509,15.9304171,0,8.57761478,8.43908691,0,13.3953247,0,0,399,65675,0,0,0,,,,63
44287374,0.5,1,0,0,0.00805860758,0,0.313235283,0.28412509,15.9349623,0,8.568573,8.45175552,0,13.3953247,0,0,399,65675,0,0,0,,,,63
44288504,0.5,1,0,0,0.00805860758,0,0.313235283,0.28412509,15.9304171,0,8.568573,8.45175552,0,13.3953247,0,0,399,65675,0,0,0,,,,63
44289631,0.5,0,0,0,0,0.00805860758,0.313235283,0.28412509,15.9304171,0,8.57158756,8.43697548,0,13.3953247,0,0,399,65675,0,0,0,,,,63
44290761,0.5,0,0,0,0,0,0.313235283,0.28412509,15.9304171,0,8.53843403,8.44330978,0,13.3953247,0,0,399,65675,0,0,0,,,,63
44291888,0.5,0,0,0,0,0.00805860758,0.313235283,0.28412509,15.9304171,0,8.5444622,8.43908691,0,13.3953247,0,0,399,65675,0,0,0,,,,63
44293023,0.5,1,0,0,0.00805860758,0,0.313235283,0.28412509,15.9304171,0,8.56254578,8.44542122,0,13.3881769,0,0,399,65675,0,0,0,,,,63
44294150,0.5,0,0,0,0,0.00805860758,0.313235283,0.28412509,15.9349623,0,8.57761478,8.45175552,0,13.3953247,0,0,399,0,0,0,0,,,,63
44295280,0.5,1,0,0,0.00805860758,0,0.313235283,0.28412509,15.9304171,0,8.55953121,8.44330978,0,13.3953247,0,0,399,0,0,0,0,,,,63
44296407,0.5,0,0,0,0,0,0.313235283,0.28412509,15.9304171,0,8.56254578,8.44330978,0,13.3953247,0,0,399,0,0,0,0,,,,63
44297536,0.5,1,0,0,0.00805860758,0,0.313235283,0.28412509,15.9304171,0,8.55350399,8.44542122,0,13.3953247,0,0,399,0,0,0,0,,,,63
44298663,0.5,0,0,0,0,0.00805860758,0.313235283,0.28412509,15.9304171,0,8.568573,8.44330978,0,13.3953247,0,0,399,0,0,0,0,,,,63
44299798,0.5,0,0,0,0,0.00805860758,0.313235283,0.28412509,15.9349623,0,8.58062935,8.44753265,0,13.3953247,0,0,399,0,0,0,0,,,,63
44300924,0.5,0,0,0,0,0,0.313235283,0.28412509,15.9349623,0,8.5565176,8.44964409,0,13.3953247,0,0,399,0,0,0,0,,,,63
44302054,0.5,0,0,0,0,0,0.313235283,0.28412509,15.9304171,0,8.56254578,8.44753265,0,13.3810291,0,0,399,0,0,0,0,,,,63
44303181,0.5,0,0,0,0,0.00805860758,0.313235283,0.28412509,15.9349623,0,8.568573,8.44964409,0,13.3953247,0,0,399,0,0,0,0,,,,63
44304311,0.5,0,0,0,0,0,0.313235283,0.28412509,15.9304171,0,8.58062935,8.45175552,0,13.3953247,0,0,399,0,0,0,0,,,,63
44305647,0.5,0,0,0,0,0,0.313235283,0.28412509,15.9349623,0,8.568573,8.45175552,0,13.3953247,0,0,399,0,0,0,0,,,,63
44306776,0.5,0.5,0,0,0.00805860758,0.00805860758,0.313235283,0.28412509,15.9304171,0,8.55953121,8.44753265,0,13.3953247,0,0,399,0,0,0,0,,,,63
44307903,0.5,0,0,0,0,0,0.313235283,0.28412509,15.9349623,0,8.57158756,8.44330978,0,13.3953247,0,0,399,0,0,0,0,,,,63
44309033,0.5,0,0,0,0,0,0.313235283,0.28412509,15.9304171,0,8.56555939,8.44542122,0,13.3881769,0,0,399,0,0,0,0,,,,63
44310161,0.5,1,0,0,0.00805860758,0,0.313235283,0.28412509,15.9349623,0,8.56555939,8.45808983,0,13.3953247,0,0,399,0,0,0,0,,,,63
44311290,0.5,1,0,0,0.00805860758,0,0.313235283,0.28412509,15.9304171,0,8.55350399,8.44542122,0,13.3953247,0,0,399,0,0,0,0,,,,63
44312422,0.5,1,0,0,0.00805860758,0,0.313235283,0.28412509,15.9304171,0,8.57158756,8.44753265,0,13.3953247,0,0,399,0,0,0,0,,,,63
44313552,0.5,1,0,0,0.00805860758,0,0.313235283,0.28412509,15.9349623,0,8.568573,8.44330978,0,13.3953247,0,0,399,0,0,0,0,,,,63
44314679,0.5,1,0,0,0.00805860758,0,0.313235283,0.28412509,15.9304171,0,8.53542042,8.44542122,0,13.3953247,0,0,399,0,0,0,0,,,,63
44315809,0.5,0,0,0,0,0,0.313235283,0.28412509,15.9304171,0,8.57158756,8.44330978,0,13.3953247,0,0,399,0,0,0,0,,,,63
44316936,0.5,0,0,0,0,0,0.313235283,0.28412509,15.9349623,0,8.55953121,8.44119835,0,13.3881769,0,0,399,0,0,0,0,,,,63
44318071,0.5,0,0,0,0,0.00805860758,0.313235283,0.28412509,15.9304171,0,8.54747581,8.43486404,0,13.3738813,0,0,399,0,0,0,0,,,,63
44319199,0.5,0,0,0,0,0,0.313235283,0.28412509,15.9349623,0,8.57761478,8.43908691,0,13.3881769,0,0,399,0,0,0,0,,,,63
44320329,0.5,0,0,0,0,0,0.313235283,0.28412509,15.9349623,0,8.56555939,8.44542122,0,13.3953247,0,0,399,0,0,0,0,,,,63
44321456,0.5,0,0,0,0,0.00805860758,0.313235283,0.28412509,15.9304171,0,8.5565176,8.44542122,0,13.3953247,0,0,399,0,0,0,0,,,,63
44322586,0.5,0,0,0,0,0.0161172152,0.313235283,0.28412509,15.9304171,0,8.57158756,8.43275356,0,13.3953247,0,0,399,0,0,0,0,,,,63
44323713,0.5,0,0,0,0,0.00805860758,0.313235283,0.28412509,15.9304171,0,8.568573,8.43908691,0,13.3953247,0,0,399,0,0,0,0,,,,63
44324848,0.5,0,0,0,0,0.00805860758,0.313235283,0.28412509,15.9349623,0,8.54144764,8.44753265,0,13.3953247,0,0,399,0,0,0,0,,,,63
44326179,0.5,0,0,0,0,0,0.313235283,0.28412509,15.9304171,0,8.568573,8.44330978,0,13.3953247,0,0,399,0,0,0,0,,,,63
44327309,0.5,0,0,0,0,0.00805860758,0.313235283,0.28412509,15.9304171,0,8.57158756,8.44330978,0,13.3953247,0,0,399,0,0,0,0,,,,63
44328436,0.5,0,0,0,0,0.00805860758,0.313235283,0.28412509,15.9349623,0,8.55953121,8.44542122,0,13.3953247,0,0,399,0,0,0,0,,,,63
44329567,0.5,1,0,0,0.00805860758,0,0.313235283,0.28412509,15.9304171,0,8.56555939,8.45175552,0,13.3953247,0,0,399,0,0,0,0,,,,63
44330699,0.5,0,0,0,0,0,0.313235283,0.28412509,15.9349623,0,8.56555939,8.44753265,0,13.3953247,0,0,399,0,0,0,0,,,,63
44331829,0.5,0,0,0,0,0,0.313235283,0.28412509,15.9304171,0,8.5565176,8.44330978,0,13.4024725,0,0,399,0,0,0,0,,,,63
44332956,0.5,0,0,0,0,0.00805860758,0.313235283,0.28412509,15.9304171,0,8.58062935,8.44542122,0,13.3953247,0,0,399,0,0,0,0,,,,63
44334086,0.5,0,0,0,0,0.00805860758,0.313235283,0.28412509,15.9304171,0,8.58967113,8.44119835,0,13.3953247,0,0,399,0,0,0,0,,,,63
44335214,0.5,0,0,0,0,0.00805860758,0.313235283,0.28412509,15.9304171,0,8.56254578,8.44542122,0,13.4024725,0,0,399,0,0,0,0,,,,63
44336344,0.5,0,0,0,0,0,0.313235283,0.28412509,15.9304171,0,8.55350399,8.43486404,0,13.3953247,0,0,399,0,0,0,0,,,,63
44337476,0.5,0.5,0,0,0.00805860758,0.00805860758,0.313235283,0.28412509,15.9304171,0,8.58665657,8.44330978,0,13.3953247,0,0,399,0,0,0,0,,,,63
44338606,0.5,1,0,0,0.00805860758,0,0.313235283,0.28412509,15.9304171,0,8.54747581,8.44542122,0,13.3953247,0,0,399,0,0,0,0,,,,63
44339733,0.5,1,0,0,0.00805860758,0,0.313235283,0.28412509,15.9304171,0,8.57761478,8.44753265,0,13.3953247,0,0,399,0,0,0,0,,,,63
44340863,0.5,0,0,0,0,0,0.313235283,0.28412509,15.9349623,0,8.568573,8.44542122,0,13.3953247,0,0,399,0,0,0,0,,,,63
44341990,0.5,0,0,0,0,0,0.313235283,0.28412509,15.9304171,0,8.568573,8.44753265,0,13.4024725,0,0,399,0,0,0,0,,,,63
44343121,0.5,0,0,0,0,0,0.313235283,0.28412509,15.9349623,0,8.57158756,8.44119835,0,13.3953247,0,0,399,0,0,0,0,,,,63
44344253,0.5,0,0,0,0,0,0.313235283,0.28412509,15.9304171,0,8.54747581,8.44964409,0,13.3953247,0,0,399,0,0,0,0,,,,63
44345383,0.5,0,0,0,0,0.00805860758,0.313235283,0.28412509,15.9349623,0,8.58364296,8.44330978,0,13.3953247,0,0,399,0,0,0,0,,,,63
44346510,0.5,0,0,0,0,0,0.313235283,0.28412509,15.9349623,0,8.57761478,8.45386696,0,13.3953247,0,0,399,0,0,0,0,,,,63
44347844,0.5,0,0,0,0,0,0.313235283,0.28412509,15.9349623,0,8.568573,8.45386696,0,13.3953247,0,0,399,0,0,0,0,,,,63
44348972,0.5,0,0,0,0,0,0.313235283,0.28412509,15.9304171,0,8.53843403,8.44753265,0,13.3953247,0,0,399,0,0,0,0,,,,63
44350107,0.5,1,0,0,0.00805860758,0,0.313235283,0.28412509,15.9304171,0,8.58062935,8.44542122,0,13.3953247,0,0,399,0,0,0,0,,,,63
44351234,0.5,0,0,0,0,0.00805860758,0.313235283,0.28412509,15.9304171,0,8.55048943,8.45175552,0.00714798551,13.3953247,0,0,399,0,0,0,0,,,,63
44352364,0.5,0,0,0,0,0.00805860758,0.313235283,0.28412509,15.9304171,0,8.5444622,8.43697548,0,13.3953247,0,0,399,0,0,0,0,,,,63
44353492,0.5,0.5,0,0,0.00805860758,0.00805860758,0.313235283,0.28412509,15.9304171,0,8.54144764,8.44964409,0,13.3953247,0,0,399,0,0,0,0,,,,63
44354622,0.5,0,0,0,0,0,0.313235283,0.28412509,15.9304171,0,8.59569836,8.44753265,0,13.3953247,0,0,399,0,0,0,0,,,,63
44355749,0.5,0.5,0,0,0.00805860758,0.00805860758,0.313235283,0.28412509,15.9304171,0,8.55048943,8.45175552,0,13.3953247,0,0,399,0,0,0,0,,,,63
44356884,0.5,0,0,0,0,0.00805860758,0.313235283,0.28412509,15.9304171,0,8.57158756,8.45386696,0,13.3953247,0,0,399,0,0,0,0,,,,63
44358011,0.5,0.5,0,0,0.00805860758,0.00805860758,0.313235283,0.28412509,15.9304171,0,8.56254578,8.43697548,0,13.3953247,0,0,399,0,0,0,0,,,,63
44359141,0.5,0,0,0,0,0.00805860758,0.313235283,0.28412509,15.9349623,0,8.58665657,8.43697548,0,13.3953247,0,0,399,0,0,0,0,,,,63
44360268,0.5,0.5,0,0,0.00805860758,0.00805860758,0.313235283,0.28412509,15.9349623,0,8.56555939,8.44753265,0,13.3953247,0,0,399,0,0,0,0,,,,63
44361398,0.5,1,0,0,0.00805860758,0,0.313235283,0.28412509,15.9349623,0,8.568573,8.44542122,0,13.3953247,0,0,399,0,0,0,0,,,,63
44362530,0.5,0,0,0,0,0.00805860758,0.313235283,0.28412509,15.9349623,0,8.56254578,8.43908691,0,13.3953247,0,0,399,0,0,0,0,,,,63
44363661,0.5,0,0,0,0,0.00805860758,0.313235283,0.28412509,15.9349623,0,8.55953121,8.43064213,0,13.3953247,0,0,399,0,0,0,0,,,,63
44364788,0.5,0,0,0,0,0.00805860758,0.313235283,0.28412509,15.9349623,0,8.56254578,8.44542122,0,13.3953247,0,0,399,0,0,0,0,,,,63
44365918,0.5,0,0,0,0,0.00805860758,0.313235283,0.28412509,15.9349623,0,8.58062935,8.43908691,0,13.3953247,0,0,399,0,0,0,0,,,,63
44367045,0.5,0,0,0,0,0.00805860758,0.313235283,0.28412509,15.9349623,0,8.56254578,8.45175552,0,13.3738813,0,0,399,0,0,0,0,,,,63
44368379,0.5,1,0,0,0.00805860758,0,0.313235283,0.28412509,15.9349623,0,8.57460117,8.44542122,0,13.3953247,0,0,399,0,0,0,0,,,,63
44369512,0.5,1,0,0,0.00805860758,0,0.313235283,0.28412509,15.9304171,0,8.59268475,8.43275356,0,13.3953247,0,0,399,0,0,0,0,,,,63
44370642,0.5,0,0,0,0,0,0.313235283,0.28412509,15.9304171,0,8.56254578,8.43908691,0,13.3953247,0,0,399,0,0,0,0,,,,63
44371769,0.5,0,0,0,0,0,0.313235283,0.28412509,15.9258718,0,8.57460117,8.44753265,0,13.3953247,0,0,399,0,0,0,0,,,,63
44372900,0.5,0,0,0,0,0,0.313235283,0.28412509,15.9304171,0,8.55350399,8.45175552,0,13.3953247,0,0,399,0,0,0,0,,,,63
44374027,0.5,1,0,0,0.00805860758,0,0.313235283,0.28412509,15.9304171,0,8.55953121,8.44753265,0,13.3881769,0,0,399,0,0,0,0,,,,63
44375162,0.5,1,0,0,0.0161172152,0,0.313235283,0.28412509,15.9349623,0,8.58364296,8.45175552,0,13.3953247,0,0,399,0,0,0,0,,,,63
44376289,0.5,1,0,0,0.00805860758,0,0.313235283,0.28412509,15.9304171,0,8.58062935,8.44542122,0,13.3881769,0,0,399,0,0,0,0,,,,63
44377419,0.5,0,0,0,0,0,0.313235283,0.28412509,15.9304171,0,8.56254578,8.44964409,0,13.3953247,0,0,399,0,0,0,0,,,,63
44378547,0.5,0,0,0,0,0.00805860758,0.313235283,0.28412509,15.9304171,0,8.5444622,8.44542122,0,13.3953247,0,0,399,0,0,0,0,,,,63
44379677,0.5,0,0,0,0,0,0.313235283,0.28412509,15.9349623,0,8.57761478,8.43697548,0,13.3881769,0,0,399,0,0,0,0,,,,63
44380804,0.5,0,0,0,0,0.00805860758,0.313235283,0.28412509,15.9304171,0,8.57761478,8.45808983,0,13.3953247,0,0,399,0,0,0,0,,,,63
44381939,0.5,0.5,0,0,0.00805860758,0.00805860758,0.313235283,0.28412509,15.9349623,0,8.57460117,8.43064213,0,13.3953247,0,0,399,0,0,0,0,,,,63
44383066,0.5,0,0,0,0,0.00805860758,0.313235283,0.28412509,15.9304171,0,8.59569836,8.43697548,0,13.3667326,0,0,399,0,0,0,0,,,,63
44384196,0.5,0,0,0,0,0,0.313235283,0.28412509,15.9349623,0,8.568573,8.44330978,0,13.3953247,0,0,399,0,0,0,0,,,,63
44385323,0.5,0,0,0,0,0.00805860758,0.313235283,0.28412509,15.9304171,0,8.55953121,8.43908691,0,13.3953247,0,0,399,0,0,0,0,,,,63
44386453,0.5,0,0,0,0,0,0.313235283,0.28412509,15.9304171,0,8.57761478,8.44753265,0,13.3953247,0,0,399,0,0,0,0,,,,63
44387580,0.5,0,0,0,0,0,0.313235283,0.28412509,15.9349623,0,8.57460117,8.43486404,0,13.3953247,0,0,399,0,0,0,0,,,,63
44388919,0.5,0.5,0,0,0.00805860758,0.00805860758,0.313235283,0.28412509,15.9349623,0,8.59268475,8.43908691,0,13.3953247,0,0,399,0,0,0,0,,,,63
44390046,0.5,1,0,0,0.00805860758,0,0.313235283,0.28412509,15.9304171,0,8.56555939,8.44753265,0,13.3810291,0,0,399,0,0,0,0,,,,63
44391175,0.5,0.5,0,0,0.00805860758,0.00805860758,0.313235283,0.28412509,15.9304171,0,8.57158756,8.44330978,0,13.3953247,0,0,399,0,0,0,0,,,,63
44392303,0.5,0,0,0,0,0.00805860758,0.313235283,0.28412509,15.9304171,0,8.56555939,8.44330978,0,13.3953247,0,0,399,0,0,0,0,,,,63
44393433,0.5,0,0,0,0,0.00805860758,0.313235283,0.28412509,15.9304171,0,8.57761478,8.43697548,0,13.3953247,0,0,399,0,0,0,0,,,,63
44394565,0.5,1,0,0,0.00805860758,0,0.313235283,0.28412509,15.9304171,0,8.57158756,8.44542122,0,13.3953247,0,0,399,0,0,0,0,,,,63
44395695,0.5,0.5,0,0,0.00805860758,0.00805860758,0.313235283,0.28412509,15.9304171,0,8.58062935,8.44753265,0,13.3953247,0,0,399,0,0,0,0,,,,63
44396822,0.5,0,0,0,0,0.00805860758,0.313235283,0.28412509,15.9304171,0,8.5565176,8.43908691,0,13.3953247,0,0,399,0,0,0,0,,,,63
44397952,0.5,1,0,0,0.00805860758,0,0.313235283,0.28412509,15.9349623,0,8.58062935,8.44542122,0,13.3953247,0,0,399,0,0,0,0,,,,63
44399080,0.5,0,0,0,0,0,0.313235283,0.28412509,15.9349623,0,8.57158756,8.45175552,0,13.3667326,0,0,399,0,0,0,0,,,,63
44400210,0.5,0,0,0,0,0.00805860758,0.313235283,0.28412509,15.9258718,0,8.55350399,8.44330978,0,13.3881769,0,0,399,0,0,0,0,,,,63
44401342,0.5,0.5,0,0,0.00805860758,0.00805860758,0.313235283,0.28412509,15.9304171,0,8.53843403,8.43697548,0,13.3953247,0,0,399,0,0,0,0,,,,63
44402472,0.5,1,0,0,0.00805860758,0,0.313235283,0.28412509,15.9349623,0,8.55953121,8.44330978,0,13.3953247,0,0,399,0,0,0,0,,,,63
44403600,0.5,0.5,0,0,0.00805860758,0.00805860758,0.313235283,0.28412509,15.9349623,0,8.58967113,8.44330978,0,13.3953247,0,0,399,0,0,0,0,,,,63
44404730,0.5,0.5,0,0,0.00805860758,0.00805860758,0.313235283,0.28412509,15.9304171,0,8.55350399,8.44964409,0,13.3953247,0,0,399,0,0,0,0,,,,63
44405857,0.5,1,0,0,0.00805860758,0,0.313235283,0.28412509,15.9304171,0,8.54747581,8.44964409,0,13.3881769,0,0,399,0,0,0,0,,,,63
44406992,0.5,1,0,0,0.00805860758,0,0.313235283,0.28412509,15.9304171,0,8.5444622,8.44119835,0,13.3953247,0,0,399,0,0,0,0,,,,63
44408119,0.5,1,0,0,0.00805860758,0,0.313235283,0.28412509,15.9304171,0,8.55048943,8.44542122,0,13.3953247,0,0,399,0,0,0,0,,,,63
44409249,0.5,1,0,0,0.00805860758,0,0.313235283,0.28412509,15.9349623,0,8.58665657,8.44964409,0,13.3953247,0,0,399,0,0,0,0,,,,63
44410581,0.5,0,0,0,0,0.00805860758,0.313235283,0.28412509,15.9304171,0,8.56555939,8.44542122,0,13.3953247,0,0,399,0,0,0,0,,,,63
44411710,0.5,0,0,0,0,0,0.313235283,0.28412509,15.9304171,0,8.54144764,8.44119835,0,13.3953247,0,0,399,0,0,0,0,,,,63
44412837,0.5,0,0,0,0,0,0.313235283,0.28412509,15.9349623,0,8.58967113,8.43275356,0,13.3953247,0,0,399,0,0,0,0,,,,63
44413972,0.5,0,0,0,0,0,0.313235283,0.28412509,15.9304171,0,8.58967113,8.44964409,0,13.3953247,0,0,399,0,0,0,0,,,,63
44415100,0.5,0,0,0,0,0,0.313235283,0.28412509,15.9304171,0,8.55048943,8.45175552,0,13.3953247,0,0,399,0,0,0,0,,,,63
44416230,0.5,0.5,0,0,0.00805860758,0.00805860758,0.313235283,0.28412509,15.9258718,0,8.56254578,8.45597839,0,13.3953247,0,0,399,0,0,0,0,,,,63
44417357,0.5,1,0,0,0.00805860758,0,0.313235283,0.28412509,15.9304171,0,8.5444622,8.45597839,0,13.3953247,0,0,399,0,0,0,0,,,,63
44418487,0.5,0.5,0,0,0.00805860758,0.00805860758,0.313235283,0.28412509,15.9349623,0,8.55048943,8.44964409,0,13.3953247,0,0,399,0,0,0,0,,,,63
44419619,0.5,0,0,0,0,0.00805860758,0.313235283,0.28412509,15.9349623,0,8.55048943,8.44753265,0,13.4024725,0,0,399,0,0,0,0,,,,63
44420749,0.5,0,0,0,0,0,0.313235283,0.28412509,15.9304171,0,8.55953121,8.44542122,0,13.4024725,0,0,399,0,0,0,0,,,,63
44421876,0.5,1,0,0,0.00805860758,0,0.313235283,0.28412509,15.9304171,0,8.58062935,8.44964409,0,13.3953247,0,0,399,0,0,0,0,,,,63
44423006,0.5,0,0,0,0,0,0.313235283,0.28412509,15.9304171,0,8.57761478,8.44542122,0,13.3953247,0,0,399,0,0,0,0,,,,63
44424133,0.5,0,0,0,0,0.00805860758,0.313235283,0.28412509,15.9304171,0,8.58062935,8.43697548,0,13.3953247,0,0,399,0,0,0,0,,,,63
44425263,0.5,0,0,0,0,0,0.313235283,0.28412509,15.9349623,0,8.58665657,8.44964409,0,13.4024725,0,0,399,0,0,0,0,,,,63
44426394,0.5,0,0,0,0,0.00805860758,0.313235283,0.28412509,15.9304171,0,8.55350399,8.44119835,0,13.3953247,0,0,399,0,0,0,0,,,,63
44427525,0.5,0,0,0,0,0,0.313235283,0.28412509,15.9304171,0,8.56555939,8.45386696,0,13.3953247,0,0,399,0,0,0,0,,,,63
44428652,0.5,0,0,0,0,0.00805860758,0.313235283,0.28412509,15.9349623,0,8.58062935,8.44753265,0,13.3953247,0,0,399,0,0,0,0,,,,63
44429781,0.5,0,0,0,0,0.00805860758,0.313235283,0.28412509,15.9304171,0,8.55953121,8.44542122,0,13.3953247,0,0,399,0,0,0,0,,,,63
44431112,0.5,1,0,0,0.00805860758,0,0.313235283,0.28412509,15.9304171,0,8.53843403,8.44753265,0,13.3953247,0,0,399,0,0,0,0,,,,63
44432247,0.5,0.5,0,0,0.00805860758,0.00805860758,0.313235283,0.28412509,15.9349623,0,8.58967113,8.45386696,0,13.3953247,0,0,399,0,0,0,0,,,,63
44433374,0.5,0,0,0,0,0.00805860758,0.313235283,0.28412509,15.9349623,0,8.568573,8.44330978,0,13.3953247,0,0,399,0,0,0,0,,,,63
44434504,0.5,1,0,0,0.00805860758,0,0.313235283,0.28412509,15.9304171,0,8.55350399,8.44542122,0,13.3953247,0,0,399,0,0,0,0,,,,63
44435631,0.5,1,0,0,0.00805860758,0,0.313235283,0.28412509,15.9304171,0,8.55953121,8.44119835,0,13.3953247,0,0,399,0,0,0,0,,,,63
44436762,0.5,0,0,0,0,0,0.313235283,0.28412509,15.9304171,0,8.53240585,8.44753265,0,13.4024725,0,0,399,0,0,0,0,,,,63
44437889,0.5,0,0,0,0,0.00805860758,0.313235283,0.28412509,15.9349623,0,8.55350399,8.44542122,0,13.3953247,0,0,399,0,0,0,0,,,,63
44439023,0.5,1,0,0,0.00805860758,0,0.313235283,0.28412509,15.9349623,0,8.54747581,8.43908691,0,13.3881769,0,0,399,0,0,0,0,,,,63
44440150,0.5,1,0,0,0.00805860758,0,0.313235283,0.28412509,15.9304171,0,8.5565176,8.44964409,0,13.3953247,0,0,399,0,0,0,0,,,,63
44441281,0.5,1,0,0,0.00805860758,0,0.313235283,0.28412509,15.9349623,0,8.56254578,8.44119835,0,13.3953247,0,0,399,0,0,0,0,,,,63
44442408,0.5,0,0,0,0,0.00805860758,0.313235283,0.28412509,15.9304171,0,8.55350399,8.44753265,0,13.3953247,0,0,399,0,0,0,0,,,,63
44443538,0.5,0.5,0,0,0.00805860758,0.00805860758,0.313235283,0.28412509,15.9304171,0,8.568573,8.44753265,0,13.3953247,0,0,399,0,0,0,0,,,,63
44444665,0.5,1,0,0,0.00805860758,0,0.313235283,0.28412509,15.9304171,0,8.58665657,8.44542122,0,13.3953247,0,0,399,0,0,0,0,,,,63
44445799,0.5,1,0,0,0.00805860758,0,0.313235283,0.28412509,15.9304171,0,8.58665657,8.45386696,0,13.3953247,0,0,399,0,0,0,0,,,,63
44446926,0.5,0.5,0,0,0.00805860758,0.00805860758,0.313235283,0.28412509,15.9258718,0,8.54144764,8.44330978,0,13.3953247,0,0,399,0,0,0,0,,,,63
44448057,0.5,0,0,0,0,0.00805860758,0.313235283,0.28412509,15.9304171,0,8.54144764,8.44119835,0,13.3738813,0,0,399,0,0,0,0,,,,63
44449184,0.5,1,0,0,0.00805860758,0,0.313235283,0.28412509,15.9304171,0,8.57158756,8.44330978,0,13.3953247,0,0,399,0,0,0,0,,,,63
44450314,0.5,0,0,0,0,0.00805860758,0.313235283,0.28412509,15.9304171,0,8.55953121,8.44964409,0,13.3953247,0,0,399,0,0,0,0,,,,63
44451446,0.5,0,0,0,0,0,0.313235283,0.28412509,15.9304171,0,8.58967113,8.43275356,0,13.3953247,0,0,399,0,0,0,0,,,,63
44452780,0.5,0.5,0,0,0.00805860758,0.00805860758,0.313235283,0.28412509,15.9304171,0,8.54747581,8.44964409,0,13.3953247,0,0,399,0,0,0,0,,,,63
44453907,0.5,0,0,0,0,0.00805860758,0.313235283,0.28412509,15.9304171,0,8.55350399,8.44542122,0,13.3953247,0,0,399,0,0,0,0,,,,63
44455037,0.5,0,0,0,0,0.00805860758,0.313235283,0.28412509,15.9304171,0,8.56555939,8.44330978,0,13.3881769,0,0,399,0,0,0,0,,,,63
44456164,0.5,0,0,0,0,0,0.313235283,0.28412509,15.9304171,0,8.55048943,8.44330978,0,13.3953247,0,0,399,0,0,0,0,,,,63
44457295,0.5,0,0,0,0,0.00805860758,0.313235283,0.28412509,15.9304171,0,8.568573,8.44542122,0,13.3953247,0,0,399,0,0,0,0,,,,63
44458427,0.5,0,0,0,0,0.00805860758,0.313235283,0.28412509,15.9349623,0,8.59268475,8.44119835,0,13.3953247,0,0,399,0,0,0,0,,,,63
44459557,0.5,1,0,0,0.00805860758,0,0.313235283,0.28412509,15.9304171,0,8.53240585,8.45386696,0,13.3881769,0,0,399,0,0,0,0,,,,63
44460684,0.5,0.5,0,0,0.00805860758,0.00805860758,0.313235283,0.28412509,15.9304171,0,8.54144764,8.45175552,0,13.3953247,0,0,399,0,0,0,0,,,,63
44461814,0.5,0.5,0,0,0.00805860758,0.00805860758,0.313235283,0.28412509,15.9304171,0,8.568573,8.44330978,0,13.3953247,0,0,399,0,0,0,0,,,,63
44462941,0.5,1,0,0,0.00805860758,0,0.313235283,0.28412509,15.9304171,0,8.50528145,8.44119835,0,13.3953247,0,0,399,0,0,0,0,,,,63
44464075,0.5,0,0,0,0,0.00805860758,0.313235283,0.28412509,15.9349623,0,8.59268475,8.44330978,0,13.3810291,0,0,399,0,0,0,0,,,,63
44465202,0.5,1,0,0,0.00805860758,0,0.313235283,0.28412509,15.9258718,0,8.57158756,8.45175552,0,13.3953247,0,0,399,0,0,0,0,,,,63
44466332,0.5,0,0,0,0,0,0.313235283,0.28412509,15.9304171,0,8.57460117,8.43486404,0,13.3953247,0,0,399,0,0,0,0,,,,63
44467460,0.5,0,0,0,0,0,0.313235283,0.28412509,15.9349623,0,8.55953121,8.44964409,0,13.3953247,0,0,399,0,0,0,0,,,,63
44468589,0.5,1,0,0,0.00805860758,0,0.313235283,0.28412509,15.9349623,0,8.55350399,8.44119835,0,13.3953247,0,0,399,0,0,0,0,,,,63
44469716,0.5,1,0,0,0.00805860758,0,0.313235283,0.28412509,15.9304171,0,8.57761478,8.45597839,0,13.3953247,0,0,399,0,0,0,0,,,,63
44470851,0.5,1,0,0,0.00805860758,0,0.313235283,0.28412509,15.9304171,0,8.54144764,8.45597839,0,13.3953247,0,0,399,0,0,0,0,,,,63
44471978,0.5,1,0,0,0.00805860758,0,0.313235283,0.28412509,15.9349623,0,8.56254578,8.45808983,0,13.3953247,0,0,399,0,0,0,0,,,,63
44473312,0.5,1,0,0,0.0161172152,0,0.313235283,0.28412509,15.9258718,0,8.55048943,8.45175552,0,13.3953247,0,0,399,0,0,0,0,,,,63
44474439,0.5,0,0,0,0,0,0.313235283,0.28412509,15.9304171,0,8.55350399,8.44964409,0,13.3953247,0,0,399,0,0,0,0,,,,63
44475569,0.5,1,0,0,0.00805860758,0,0.313235283,0.28412509,15.9349623,0,8.55048943,8.45386696,0,13.3953247,0,0,399,0,0,0,0,,,,63
44476701,0.5,1,0,0,0.00805860758,0,0.313235283,0.28412509,15.9304171,0,8.52035046,8.44753265,0,13.3953247,0,0,399,0,0,0,0,,,,63
44477831,0.5,1,0,0,0.0161172152,0,0.313235283,0.28412509,15.9304171,0,8.56254578,8.45175552,0,13.3953247,0,0,399,0,0,0,0,,,,63
44478958,0.5,1,0,0,0.0161172152,0,0.313235283,0.28412509,15.9349623,0,8.56254578,8.44542122,0,13.3881769,0,0,399,0,0,0,0,,,,63
44480088,0.5,1,0,0,0.00805860758,0,0.313235283,0.28412509,15.9349623,0,8.55048943,8.45386696,0,13.3953247,0,0,399,0,0,0,0,,,,63
44481215,0.5,1,0,0,0.00805860758,0,0.313235283,0.28412509,15.9304171,0,8.59871292,8.44753265,0,13.3953247,0,0,399,0,0,0,0,,,,63
44482345,0.5,0.5,0,0,0.00805860758,0.00805860758,0.313235283,0.28412509,15.9304171,0,8.58062935,8.44542122,0,13.3953247,0,0,399,0,0,0,0,,,,63
44483477,0.5,0,0,0,0,0,0.313235283,0.28412509,15.9349623,0,8.568573,8.44542122,0,13.3953247,0,0,399,0,0,0,0,,,,63
44484608,0.5,0,0,0,0,0,0.313235283,0.28412509,15.9304171,0,8.5444622,8.44753265,0,13.3953247,0,0,399,0,0,0,0,,,,63
44485735,0.5,1,0,0,0.00805860758,0,0.313235283,0.28412509,15.9349623,0,8.57158756,8.43908691,0,13.3953247,0,0,399,0,0,0,0,,,,63
44486865,0.5,0,0,0,0,0,0.313235283,0.28412509,15.9304171,0,8.55953121,8.44753265,0,13.3953247,0,0,399,0,0,0,0,,,,63
44487992,0.5,1,0,0,0.00805860758,0,0.313235283,0.28412509,15.9304171,0,8.53843403,8.44753265,0,13.3953247,0,0,399,0,0,0,0,,,,63
44489122,0.5,0,0,0,0,0.00805860758,0.313235283,0.28412509,15.9304171,0,8.58062935,8.45175552,0,13.3953247,0,0,399,0,0,0,0,,,,63
44490254,0.5,1,0,0,0.00805860758,0,0.313235283,0.28412509,15.9304171,0,8.5565176,8.45175552,0,13.3953247,0,0,399,0,0,0,0,,,,63
44491384,0.5,1,0,0,0.00805860758,0,0.313235283,0.28412509,15.9304171,0,8.58062935,8.45386696,0,13.3953247,0,0,399,0,0,0,0,,,,63
44492510,0.5,1,0,0,0.00805860758,0,0.313235283,0.28412509,15.9304171,0,8.56254578,8.43275356,0,13.3953247,0,0,399,0,0,0,0,,,,63
44493844,0.5,0,0,0,0,0.00805860758,0.313235283,0.28412509,15.9349623,0,8.55350399,8.44542122,0,13.3953247,0,0,399,0,0,0,0,,,,63
44494971,0.5,1,0,0,0.00805860758,0,0.313235283,0.28412509,15.9349623,0,8.57761478,8.45386696,0,13.3953247,0,0,399,0,0,0,0,,,,63
44496106,0.5,1,0,0,0.00805860758,0,0.313235283,0.28412509,15.9349623,0,8.56555939,8.44964409,0,13.3953247,0,0,399,0,0,0,0,,,,63
44497233,0.5,1,0,0,0.00805860758,0,0.313235283,0.28412509,15.9258718,0,8.54747581,8.44119835,0,13.3953247,0,0,399,0,0,0,0,,,,63
44498363,0.5,0.5,0,0,0.00805860758,0.00805860758,0.313235283,0.28412509,15.9349623,0,8.57460117,8.45175552,0,13.3953247,0,0,399,0,0,0,0,,,,63
44499490,0.5,0,0,0,0,0,0.313235283,0.28412509,15.9349623,0,8.56555939,8.43697548,0,13.3953247,0,0,399,0,0,0,0,,,,63
44500620,0.5,0,0,0,0,0,0.313235283,0.28412509,15.9304171,0,8.58665657,8.44753265,0,13.4024725,0,0,399,0,0,0,0,,,,63
44501747,0.5,1,0,0,0.00805860758,0,0.313235283,0.28412509,15.9304171,0,8.58665657,8.44964409,0,13.3953247,0,0,399,0,0,0,0,,,,63
44502882,0.5,1,0,0,0.00805860758,0,0.313235283,0.28412509,15.9304171,0,8.56254578,8.44542122,0,13.3953247,0,0,399,0,0,0,0,,,,63
44504009,0.5,1,0,0,0.00805860758,0,0.313235283,0.28412509,15.9304171,0,8.55048943,8.45175552,0,13.3953247,0,0,399,0,0,0,0,,,,63
44505138,0.5,1,0,0,0.00805860758,0,0.313235283,0.28412509,15.9349623,0,8.57158756,8.44964409,0,13.3953247,0,0,399,0,0,0,0,,,,63
44506265,0.5,1,0,0,0.00805860758,0,0.313235283,0.28412509,15.9304171,0,8.53240585,8.45175552,0,13.3953247,0,0,399,0,0,0,0,,,,63
44507395,0.5,1,0,0,0.00805860758,0,0.313235283,0.28412509,15.9349623,0,8.58665657,8.44753265,0,13.3953247,0,0,399,0,0,0,0,,,,63
44508528,0.5,1,0,0,0.00805860758,0,0.313235283,0.28412509,15.9258718,0,8.54747581,8.45175552,0,13.3953247,0,0,399,0,0,0,0,,,,63
44509657,0.5,0,0,0,0,0,0.313235283,0.28412509,15.9349623,0,8.51733685,8.44753265,0,13.4024725,0,0,399,0,0,0,0,,,,63
44510785,0.5,0.5,0,0,0.00805860758,0.00805860758,0.313235283,0.28412509,15.9349623,0,8.53542042,8.44542122,0,13.3881769,0,0,399,0,0,0,0,,,,63
44511914,0.5,1,0,0,0.00805860758,0,0.313235283,0.28412509,15.9349623,0,8.56254578,8.44330978,0,13.3953247,0,0,399,0,0,0,0,,,,63
44513041,0.5,0,0,0,0,0,0.313235283,0.28412509,15.9349623,0,8.5565176,8.44753265,0,13.3810291,0,0,399,0,0,0,0,,,,63
44514171,0.5,1,0,0,0.00805860758,0,0.313235283,0.28412509,15.9304171,0,8.55953121,8.44964409,0,13.3953247,0,0,399,0,0,0,0,,,,63
44515508,0.5,0,0,0,0,0,0.313235283,0.28412509,15.9349623,0,8.5565176,8.44330978,0,13.3953247,0,0,399,0,0,0,0,,,,63
44516638,0.5,1,0,0,0.0161172152,0,0.313235283,0.28412509,15.9304171,0,8.57460117,8.45597839,0,13.3953247,0,0,399,0,0,0,0,,,,63
44517765,0.5,1,0,0,0.00805860758,0,0.313235283,0.28412509,15.9349623,0,8.58967113,8.45597839,0,13.3953247,0,0,399,0,0,0,0,,,,63
44518894,0.5,1,0,0,0.00805860758,0,0.313235283,0.28412509,15.9304171,0,8.55350399,8.44330978,0,13.3953247,0,0,399,0,0,0,0,,,,63
44520021,0.5,0,0,0,0,0,0.313235283,0.28412509,15.9304171,0,8.57761478,8.44753265,0,13.3881769,0,0,399,0,0,0,0,,,,63
44521156,0.5,0,0,0,0,0,0.313235283,0.28412509,15.9349623,0,8.56555939,8.44542122,0,13.3953247,0,0,399,0,0,0,0,,,,63
44522283,0.5,1,0,0,0.00805860758,0,0.313235283,0.28412509,15.9304171,0,8.56555939,8.44753265,0,13.3953247,0,0,399,0,0,0,0,,,,63
44523413,0.5,1,0,0,0.00805860758,0,0.313235283,0.28412509,15.9349623,0,8.55350399,8.44330978,0,13.3953247,0,0,399,0,0,0,0,,,,63
44524540,0.5,1,0,0,0.0161172152,0,0.313235283,0.28412509,15.9304171,0,8.58364296,8.45597839,0,13.3953247,0,0,399,0,0,0,0,,,,63
44525670,0.5,1,0,0,0.00805860758,0,0.313235283,0.28412509,15.9349623,0,8.5444622,8.44964409,0,13.3953247,0,0,399,0,0,0,0,,,,63
44526797,0.5,1,0,0,0.00805860758,0,0.313235283,0.28412509,15.9304171,0,8.568573,8.44542122,0,13.3953247,0,0,399,0,0,0,0,,,,63
44527932,0.5,1,0,0,0.00805860758,0,0.313235283,0.28412509,15.9304171,0,8.5565176,8.45386696,0,13.3953247,0,0,399,0,0,0,0,,,,63
44529059,0.5,0.5,0,0,0.00805860758,0.00805860758,0.313235283,0.28412509,15.9304171,0,8.54144764,8.45175552,0,13.3738813,0,0,399,0,0,0,0,,,,63
44530188,0.5,1,0,0,0.00805860758,0,0.313235283,0.28412509,15.9304171,0,8.58967113,8.45175552,0,13.3953247,0,0,399,0,0,0,0,,,,63
44531316,0.5,1,0,0,0.00805860758,0,0.313235283,0.28412509,15.9304171,0,8.58665657,8.44753265,0,13.3953247,0,0,399,0,0,0,0,,,,63
44532445,0.5,1,0,0,0.00805860758,0,0.313235283,0.28412509,15.9304171,0,8.53240585,8.44964409,0,13.3953247,0,0,399,0,0,0,0,,,,63
44533572,0.5,0,0,0,0,0,0.313235283,0.28412509,15.9304171,0,8.5565176,8.43908691,0,13.3953247,0,0,399,0,0,0,0,,,,63
44534707,0.5,1,0,0,0.00805860758,0,0.313235283,0.28412509,15.9304171,0,8.56555939,8.44542122,0,13.3953247,0,0,399,0,0,0,0,,,,63
44536038,0.5,0.5,0,0,0.00805860758,0.00805860758,0.313235283,0.28412509,15.9304171,0,8.56555939,8.45175552,0,13.3810291,0,0,399,0,0,0,0,,,,63
44537168,0.5,1,0,0,0.00805860758,0,0.313235283,0.28412509,15.9349623,0,8.56555939,8.44330978,0,13.3953247,0,0,399,0,0,0,0,,,,63
44538295,0.5,1,0,0,0.00805860758,0,0.313235283,0.28412509,15.9349623,0,8.55048943,8.43908691,0,13.3953247,0,0,399,0,0,0,0,,,,63
44539425,0.5,0,0,0,0,0,0.313235283,0.28412509,15.9349623,0,8.568573,8.45386696,0,13.3953247,0,0,399,0,0,0,0,,,,63
44540557,0.5,0,0,0,0,0.0161172152,0.313235283,0.28412509,15.9349623,0,8.55350399,8.44542122,0,13.3953247,0,0,399,0,0,0,0,,,,63
44541687,0.5,1,0,0,0.00805860758,0,0.313235283,0.28412509,15.9304171,0,8.5565176,8.45386696,0,13.3953247,0,0,399,0,0,0,0,,,,63
44542813,0.5,0,0,0,0,0,0.313235283,0.28412509,15.9304171,0,8.56254578,8.44330978,0,13.4024725,0,0,399,0,0,0,0,,,,63
44543944,0.5,0,0,0,0,0,0.313235283,0.28412509,15.9304171,0,8.5444622,8.44542122,0,13.3953247,0,0,399,0,0,0,0,,,,63
44545071,0.5,1,0,0,0.00805860758,0,0.313235283,0.28412509,15.9304171,0,8.568573,8.44542122,0,13.3738813,0,0,399,0,0,0,0,,,,63
44546201,0.5,1,0,0,0.00805860758,0,0.313235283,0.28412509,15.9349623,0,8.58665657,8.45175552,0,13.3953247,0,0,399,0,0,0,0,,,,63
44547333,0.5,0,0,0,0,0,0.313235283,0.28412509,15.9304171,0,8.55953121,8.44119835,0,13.3953247,0,0,399,0,0,0,0,,,,63
44548462,0.5,0,0,0,0,0,0.313235283,0.28412509,15.9349623,0,8.56555939,8.45386696,0,13.3953247,0,0,399,0,0,0,0,,,,63
44549589,0.5,1,0,0,0.0161172152,0,0.313235283,0.28412509,15.9349623,0,8.55048943,8.44542122,0,13.3953247,0,0,399,0,0,0,0,,,,63
44550719,0.5,1,0,0,0.00805860758,0,0.313235283,0.28412509,15.9349623,0,8.56254578,8.45386696,0,13.3953247,0,0,399,0,0,0,0,,,,63
44551846,0.5,0,0,0,0,0,0.313235283,0.28412509,15.9304171,0,8.59268475,8.44753265,0,13.3953247,0,0,399,0,0,0,0,,,,63
44552980,0.5,1,0,0,0.00805860758,0,0.313235283,0.28412509,15.9349623,0,8.55953121,8.44119835,0,13.3953247,0,0,399,0,0,0,0,,,,63
44554107,0.5,1,0,0,0.00805860758,0,0.313235283,0.28412509,15.9304171,0,8.58062935,8.44119835,0,13.3953247,0,0,399,0,0,0,0,,,,63
44555237,0.5,1,0,0,0.00805860758,0,0.313235283,0.28412509,15.9349623,0,8.55048943,8.44542122,0,13.3953247,0,0,399,0,0,0,0,,,,63
44556364,0.5,1,0,0,0.00805860758,0,0.313235283,0.28412509,15.9304171,0,8.56254578,8.44119835,0,13.3881769,0,0,399,0,0,0,0,,,,63
44557698,0.5,0,0,0,0,0,0.313235283,0.28412509,15.9349623,0,8.59268475,8.44330978,0,13.3953247,0,0,399,0,0,0,0,,,,63
44558825,0.5,1,0,0,0.00805860758,0,0.313235283,0.28412509,15.9349623,0,8.55048943,8.44330978,0,13.3953247,0,0,399,0,0,0,0,,,,63
44559960,0.5,0.5,0,0,0.00805860758,0.00805860758,0.313235283,0.28412509,15.9304171,0,8.57460117,8.44542122,0,13.3953247,0,0,399,0,0,0,0,,,,63
44561087,0.5,0,0,0,0,0,0.313235283,0.28412509,15.9304171,0,8.56555939,8.44542122,0,13.3953247,0,0,399,0,0,0,0,,,,63
44562217,0.5,0.5,0,0,0.00805860758,0.00805860758,0.313235283,0.28412509,15.9349623,0,8.56254578,8.43697548,0,13.3953247,0,0,399,0,0,0,0,,,,63
44563344,0.5,1,0,0,0.00805860758,0,0.313235283,0.28412509,15.9349623,0,8.54144764,8.44119835,0,13.3953247,0,0,399,0,0,0,0,,,,63
44564474,0.5,1,0,0,0.00805860758,0,0.313235283,0.28412509,15.9304171,0,8.568573,8.44119835,0,13.3881769,0,0,399,0,0,0,0,,,,63
44565606,0.5,0,0,0,0,0,0.313235283,0.28412509,15.9349623,0,8.568573,8.45597839,0,13.3953247,0,0,399,0,0,0,0,,,,63
44566735,0.5,1,0,0,0.00805860758,0,0.313235283,0.28412509,15.9304171,0,8.57460117,8.45808983,0,13.3953247,0,0,399,0,0,0,0,,,,63
44567863,0.5,1,0,0,0.00805860758,0,0.313235283,0.28412509,15.9258718,0,8.568573,8.44753265,0,13.3953247,0,0,399,0,0,0,0,,,,63
44568992,0.5,1,0,0,0.00805860758,0,0.313235283,0.28412509,15.9349623,0,8.53843403,8.45386696,0,13.3953247,0,0,399,0,0,0,0,,,,63
44570119,0.5,1,0,0,0.00805860758,0,0.313235283,0.28412509,15.9349623,0,8.58967113,8.44964409,0,13.3881769,0,0,399,0,0,0,0,,,,63
44571249,0.5,0,0,0,0,0,0.313235283,0.28412509,15.9349623,0,8.5565176,8.45175552,0,13.3953247,0,0,399,0,0,0,0,,,,63
44572381,0.5,0,0,0,0,0.00805860758,0.313235283,0.28412509,15.9304171,0,8.54747581,8.44753265,0,13.3953247,0,0,399,0,0,0,0,,,,63
44573512,0.5,0,0,0,0,0,0.313235283,0.28412509,15.9349623,0,8.57158756,8.44964409,0,13.3953247,0,0,399,0,0,0,0,,,,63
44574639,0.5,1,0,0,0.00805860758,0,0.313235283,0.28412509,15.9304171,0,8.58364296,8.44119835,0,13.3953247,0,0,399,0,0,0,0,,,,63
44575769,0.5,1,0,0,0.00805860758,0,0.313235283,0.28412509,15.9304171,0,8.55350399,8.44119835,0,13.3953247,0,0,399,0,0,0,0,,,,63
44576896,0.5,1,0,0,0.00805860758,0,0.313235283,0.28412509,15.9304171,0,8.53240585,8.44542122,0,13.3953247,0,0,399,0,0,0,0,,,,63
44578234,0.5,0,0,0,0,0,0.313235283,0.28412509,15.9304171,0,8.58062935,8.44119835,0,13.3953247,0,0,399,0,0,0,0,,,,63
44579361,0.5,1,0,0,0.00805860758,0,0.313235283,0.28412509,15.9304171,0,8.58062935,8.44964409,0,13.3953247,0,0,399,0,0,0,0,,,,63
44580491,0.5,1,0,0,0.00805860758,0,0.313235283,0.28412509,15.9304171,0,8.54747581,8.44753265,0,13.4024725,0,0,399,0,0,0,0,,,,63
44581618,0.5,0,0,0,0,0,0.313235283,0.28412509,15.9304171,0,8.5565176,8.44964409,0,13.3953247,0,0,399,0,0,0,0,,,,63
44582748,0.5,0,0,0,0,0,0.313235283,0.28412509,15.9304171,0,8.54144764,8.44119835,0,13.3953247,0,0,399,0,0,0,0,,,,63
44583875,0.5,1,0,0,0.00805860758,0,0.313235283,0.28412509,15.9349623,0,8.56555939,8.44542122,0,13.3953247,0,0,399,0,0,0,0,,,,63
44585010,0.5,1,0,0,0.00805860758,0,0.313235283,0.28412509,15.9304171,0,8.53240585,8.44330978,0,13.3881769,0,0,399,0,0,0,0,,,,63
44586137,0.5,1,0,0,0.00805860758,0,0.313235283,0.28412509,15.9304171,0,8.568573,8.44542122,0,13.3953247,0,0,399,0,0,0,0,,,,63
44587267,0.5,1,0,0,0.00805860758,0,0.313235283,0.28412509,15.9349623,0,8.55048943,8.44964409,0,13.3881769,0,0,399,0,0,0,0,,,,63
44588394,0.5,1,0,0,0.00805860758,0,0.313235283,0.28412509,15.9304171,0,8.54747581,8.44542122,0,13.3953247,0,0,399,0,0,0,0,,,,63
44589524,0.5,0,0,0,0,0,0.313235283,0.28412509,15.9304171,0,8.58062935,8.44119835,0,13.3953247,0,0,399,0,0,0,0,,,,63
44590650,0.5,0,0,0,0,0,0.313235283,0.28412509,15.9349623,0,8.58967113,8.45175552,0,13.3953247,0,0,399,0,0,0,0,,,,63
44591785,0.5,0,0,0,0,0.00805860758,0.313235283,0.28412509,15.9349623,0,8.55350399,8.44330978,0,13.3953247,0,0,399,0,0,0,0,,,,63
44592912,0.5,0,0,0,0,0,0.313235283,0.28412509,15.9304171,0,8.5565176,8.44119835,0,13.3953247,0,0,399,0,0,0,0,,,,63
44594042,0.5,0,0,0,0,0,0.313235283,0.28412509,15.9304171,0,8.5444622,8.44964409,0,13.3810291,0,0,399,0,0,0,0,,,,63
44595169,0.5,0,0,0,0,0,0.313235283,0.28412509,15.9349623,0,8.58364296,8.43697548,0,13.3953247,0,0,399,0,0,0,0,,,,63
44596299,0.5,0,0,0,0,0.00805860758,0.313235283,0.28412509,15.9349623,0,8.568573,8.44330978,0,13.3953247,0,0,399,0,0,0,0,,,,63
44597431,0.5,0,0,0,0,0,0.313235283,0.28412509,15.9349623,0,8.57460117,8.44119835,0,13.3953247,0,0,399,0,0,0,0,,,,63
44598561,0.5,1,0,0,0.0161172152,0,0.313235283,0.28412509,15.9349623,0,8.56254578,8.44330978,0,13.3953247,0,0,399,0,0,0,0,,,,63
44599892,0.5,1,0,0,0.00805860758,0,0.313235283,0.28412509,15.9304171,0,8.53843403,8.44964409,0,13.3953247,0,0,399,0,0,0,0,,,,63
44601022,0.5,0,0,0,0,0,0.313235283,0.28412509,15.9304171,0,8.51733685,8.44542122,0,13.3881769,0,0,399,0,0,0,0,,,,63
44602149,0.5,1,0,0,0.00805860758,0,0.313235283,0.28412509,15.9304171,0,8.5565176,8.44119835,0,13.3953247,0,0,399,0,0,0,0,,,,63
44603279,0.5,0.5,0,0,0.00805860758,0.00805860758,0.313235283,0.28412509,15.9349623,0,8.54144764,8.44753265,0,13.4024725,0,0,399,0,0,0,0,,,,63
44604411,0.5,0,0,0,0,0.00805860758,0.313235283,0.28412509,15.9349623,0,8.55350399,8.44542122,0,13.3953247,0,0,399,0,0,0,0,,,,63
44605541,0.5,0.5,0,0,0.00805860758,0.00805860758,0.313235283,0.28412509,15.9349623,0,8.53843403,8.44330978,0,13.3953247,0,0,399,0,0,0,0,,,,63
44606668,0.5,1,0,0,0.00805860758,0,0.313235283,0.28412509,15.9304171,0,8.55350399,8.44964409,0,13.3953247,0,0,399,0,0,0,0,,,,63
44607798,0.5,0,0,0,0,0,0.313235283,0.28412509,15.9304171,0,8.58062935,8.44753265,0,13.3953247,0,0,399,0,0,0,0,,,,63
44608926,0.5,1,0,0,0.00805860758,0,0.313235283,0.28412509,15.9304171,0,8.5565176,8.44964409,0,13.3953247,0,0,399,0,0,0,0,,,,63
44610060,0.5,1,0,0,0.00805860758,0,0.313235283,0.28412509,15.9349623,0,8.57761478,8.44753265,0,13.3738813,0,0,399,0,0,0,0,,,,63
44611188,0.5,0,0,0,0,0.00805860758,0.313235283,0.28412509,15.9349623,0,8.55953121,8.44330978,0,13.4024725,0,0,399,0,0,0,0,,,,63
44612317,0.5,0,0,0,0,0,0.313235283,0.28412509,15.9304171,0,8.54747581,8.44753265,0,13.3953247,0,0,399,0,0,0,0,,,,63
44613445,0.5,1,0,0,0.00805860758,0,0.313235283,0.28412509,15.9349623,0,8.55350399,8.44330978,0,13.4024725,0,0,399,0,0,0,0,,,,63
44614575,0.5,1,0,0,0.00805860758,0,0.313235283,0.28412509,15.9349623,0,8.58062935,8.44330978,0,13.3953247,0,0,399,0,0,0,0,,,,63
44615702,0.5,1,0,0,0.00805860758,0,0.313235283,0.28412509,15.9304171,0,8.5444622,8.44753265,0,13.3953247,0,0,399,0,0,0,0,,,,63
44616837,0.5,0,0,0,0,0,0.313235283,0.28412509,15.9349623,0,8.56555939,8.44330978,0,13.3953247,0,0,399,0,0,0,0,,,,63
44617964,0.5,1,0,0,0.00805860758,0,0.313235283,0.28412509,15.9304171,0,8.58967113,8.44330978,0,13.3953247,0,0,399,0,0,0,0,,,,63
44619094,0.5,0.5,0,0,0.00805860758,0.00805860758,0.313235283,0.28412509,15.9304171,0,8.51733685,8.44542122,0,13.3953247,0,0,399,0,0,0,0,,,,63
44620425,0.5,0,0,0,0,0,0.313235283,0.28412509,15.9349623,0,8.55048943,8.44753265,0,13.3953247,0,0,399,0,0,0,0,,,,63
44621555,0.5,0,0,0,0,0.00805860758,0.313235283,0.28412509,15.9304171,0,8.54747581,8.45386696,0,13.4024725,0,0,399,0,0,0,0,,,,63
44622687,0.5,1,0,0,0.00805860758,0,0.313235283,0.28412509,15.9349623,0,8.52637863,8.44330978,0,13.3953247,0,0,399,0,0,0,0,,,,63
44623817,0.5,1,0,0,0.00805860758,0,0.313235283,0.28412509,15.9349623,0,8.568573,8.44542122,0,13.3953247,0,0,399,0,0,0,0,,,,63
44624944,0.5,1,0,0,0.00805860758,0,0.313235283,0.28412509,15.9304171,0,8.58062935,8.44753265,0,13.3953247,0,0,399,0,0,0,0,,,,63
44626074,0.5,1,0,0,0.00805860758,0,0.313235283,0.28412509,15.9304171,0,8.56254578,8.43697548,0,13.3738813,0,0,399,0,0,0,0,,,,63
44627201,0.5,1,0,0,0.00805860758,0,0.313235283,0.28412509,15.9349623,0,8.52939224,8.44330978,0,13.3953247,0,0,399,0,0,0,0,,,,63
44628331,0.5,1,0,0,0.00805860758,0,0.313235283,0.28412509,15.9349623,0,8.56254578,8.44542122,0,13.3953247,0,0,399,0,0,0,0,,,,63
44629463,0.5,0,0,0,0,0,0.313235283,0.28412509,15.9304171,0,8.56254578,8.43486404,0,13.4024725,0,0,399,0,0,0,0,,,,63
44630594,0.5,1,0,0,0.00805860758,0,0.313235283,0.28412509,15.9304171,0,8.57158756,8.45597839,0,13.3953247,0,0,399,0,0,0,0,,,,63
44631721,0.5,0,0,0,0,0.00805860758,0.313235283,0.28412509,15.9304171,0,8.53240585,8.44542122,0,13.3953247,0,0,399,0,0,0,0,,,,63
44632851,0.5,1,0,0,0.00805860758,0,0.313235283,0.28412509,15.9304171,0,8.55350399,8.45386696,0,13.3881769,0,0,399,0,0,0,0,,,,63
44633978,0.5,1,0,0,0.00805860758,0,0.313235283,0.28412509,15.9304171,0,8.54747581,8.44542122,0,13.3953247,0,0,399,0,0,0,0,,,,63
44635108,0.5,1,0,0,0.00805860758,0,0.313235283,0.28412509,15.9349623,0,8.5565176,8.44964409,0,13.4024725,0,0,399,0,0,0,0,,,,63
44636240,0.5,0,0,0,0,0.00805860758,0.313235283,0.28412509,15.9349623,0,8.58665657,8.43697548,0,13.3953247,0,0,399,0,0,0,0,,,,63
44637370,0.5,1,0,0,0.00805860758,0,0.313235283,0.28412509,15.9258718,0,8.55953121,8.44542122,0,13.3953247,0,0,399,0,0,0,0,,,,63
44638497,0.5,0,0,0,0,0,0.313235283,0.28412509,15.9304171,0,8.56254578,8.45808983,0,13.3953247,0,0,399,0,0,0,0,,,,63
44639626,0.5,1,0,0,0.00805860758,0,0.313235283,0.28412509,15.9349623,0,8.56555939,8.44542122,0,13.3953247,0,0,399,0,0,0,0,,,,63
44640957,0.5,0,0,0,0,0,0.313235283,0.28412509,15.9304171,0,8.54747581,8.44542122,0,13.4024725,0,0,399,0,0,0,0,,,,63
44642092,0.5,1,0,0,0.00805860758,0,0.313235283,0.28412509,15.9304171,0,8.58665657,8.44542122,0,13.3953247,0,0,399,0,0,0,0,,,,63
44643219,0.5,0,0,0,0,0,0.313235283,0.28412509,15.9304171,0,8.55953121,8.43697548,0,13.3881769,0,0,399,0,0,0,0,,,,63
44644349,0.5,0,0,0,0,0,0.313235283,0.28412509,15.9349623,0,8.58364296,8.44753265,0,13.3953247,0,0,399,0,0,0,0,,,,63
44645476,0.5,0.5,0,0,0.00805860758,0.00805860758,0.313235283,0.28412509,15.9304171,0,8.568573,8.44119835,0,13.3953247,0,0,399,0,0,0,0,,,,63
44646606,0.5,1,0,0,0.00805860758,0,0.313235283,0.28412509,15.9349623,0,8.568573,8.45386696,0,13.3953247,0,0,399,0,0,0,0,,,,63
44647733,0.5,0,0,0,0,0,0.313235283,0.28412509,15.9304171,0,8.57460117,8.45175552,0,13.3953247,0,0,399,0,0,0,0,,,,63
44648868,0.5,0.5,0,0,0.00805860758,0.00805860758,0.313235283,0.28412509,15.9304171,0,8.55350399,8.44119835,0,13.3881769,0,0,399,0,0,0,0,,,,63
44649995,0.5,1,0,0,0.00805860758,0,0.313235283,0.28412509,15.9304171,0,8.5444622,8.44964409,0,13.3953247,0,0,399,0,0,0,0,,,,63
44651125,0.5,1,0,0,0.00805860758,0,0.313235283,0.28412509,15.9304171,0,8.55350399,8.44753265,0,13.3953247,0,0,399,0,0,0,0,,,,63
44652252,0.5,1,0,0,0.00805860758,0,0.313235283,0.28412509,15.9349623,0,8.53240585,8.44964409,0,13.3953247,0,0,399,0,0,0,0,,,,63
44653382,0.5,1,0,0,0.00805860758,0,0.313235283,0.28412509,15.9349623,0,8.568573,8.44542122,0,13.3953247,0,0,399,0,0,0,0,,,,63
44654514,0.5,1,0,0,0.00805860758,0,0.313235283,0.28412509,15.9304171,0,8.54144764,8.44753265,0,13.3953247,0,0,399,0,0,0,0,,,,63
44655644,0.5,1,0,0,0.00805860758,0,0.313235283,0.28412509,15.9349623,0,8.55350399,8.45175552,0,13.3953247,0,0,399,0,0,0,0,,,,63
44656771,0.5,1,0,0,0.00805860758,0,0.313235283,0.28412509,15.9304171,0,8.54144764,8.44753265,0,13.3953247,0,0,399,0,0,0,0,,,,63
44657901,0.5,1,0,0,0.00805860758,0,0.313235283,0.28412509,15.9304171,0,8.55953121,8.44330978,0,13.4024725,0,0,399,0,0,0,0,,,,63
44659028,0.5,1,0,0,0.00805860758,0,0.313235283,0.28412509,15.9304171,0,8.58062935,8.45175552,0,13.3881769,0,0,399,0,0,0,0,,,,63
44660158,0.5,1,0,0,0.00805860758,0,0.313235283,0.28412509,15.9304171,0,8.57761478,8.44330978,0,13.3953247,0,0,399,0,0,0,0,,,,63
44661291,0.5,1,0,0,0.00805860758,0,0.313235283,0.28412509,15.9304171,0,8.56555939,8.44964409,0,13.3953247,0,0,399,0,0,0,0,,,,63
44662624,0.5,0,0,0,0,0,0.313235283,0.28412509,15.9304171,0,8.55350399,8.43908691,0,13.3953247,0,0,399,0,0,0,0,,,,63
44663752,0.5,1,0,0,0.00805860758,0,0.313235283,0.28412509,15.9349623,0,8.58364296,8.44542122,0,13.3953247,0,0,399,0,0,0,0,,,,63
44664881,0.5,0.5,0,0,0.00805860758,0.00805860758,0.313235283,0.28412509,15.9304171,0,8.568573,8.44542122,0,13.3881769,0,0,399,0,0,0,0,,,,63
44666008,0.5,0.5,0,0,0.00805860758,0.00805860758,0.313235283,0.28412509,15.9304171,0,8.5444622,8.43908691,0,13.3953247,0,0,399,0,0,0,0,,,,63
44667143,0.5,0,0,0,0,0,0.313235283,0.28412509,15.9304171,0,8.568573,8.44119835,0,13.3953247,0,0,399,0,0,0,0,,,,63
44668270,0.5,0,0,0,0,0.00805860758,0.313235283,0.28412509,15.9304171,0,8.53843403,8.43908691,0,13.3953247,0,0,399,0,0,0,0,,,,63
44669400,0.5,0,0,0,0,0,0.313235283,0.28412509,15.9304171,0,8.53542042,8.44964409,0,13.3953247,0,0,399,0,0,0,0,,,,63
44670527,0.5,1,0,0,0.00805860758,0,0.313235283,0.28412509,15.9304171,0,8.56254578,8.45386696,0,13.3953247,0,0,399,0,0,0,0,,,,63
44671658,0.5,1,0,0,0.00805860758,0,0.313235283,0.28412509,15.9304171,0,8.55350399,8.43486404,0,13.3953247,0,0,399,0,0,0,0,,,,63
44672785,0.5,1,0,0,0.00805860758,0,0.313235283,0.28412509,15.9304171,0,8.5444622,8.44964409,0,13.3953247,0,0,399,0,0,0,0,,,,63
44673920,0.5,0,0,0,0,0,0.313235283,0.28412509,15.9304171,0,8.57158756,8.44753265,0,13.3953247,0,0,399,0,0,0,0,,,,63
44675047,0.5,1,0,0,0.00805860758,0,0.313235283,0.28412509,15.9349623,0,8.58967113,8.44964409,0,13.3810291,0,0,399,0,0,0,0,,,,63
44676177,0.5,0,0,0,0,0,0.313235283,0.28412509,15.9304171,0,8.56254578,8.44542122,0,13.3953247,0,0,399,0,0,0,0,,,,63
44677304,0.5,0,0,0,0,0,0.313235283,0.28412509,15.9304171,0,8.53542042,8.44753265,0,13.3953247,0,0,399,0,0,0,0,,,,63
44678434,0.5,0,0,0,0,0.00805860758,0.313235283,0.28412509,15.9349623,0,8.56254578,8.44542122,0,13.3953247,0,0,399,0,0,0,0,,,,63
44679561,0.5,0.5,0,0,0.00805860758,0.00805860758,0.313235283,0.28412509,15.9304171,0,8.55048943,8.44542122,0,13.3953247,0,0,399,0,0,0,0,,,,63
44680696,0.5,0,0,0,0,0.00805860758,0.313235283,0.28412509,15.9349623,0,8.57761478,8.44330978,0,13.4024725,0,0,399,0,0,0,0,,,,63
44681824,0.5,0.5,0,0,0.00805860758,0.00805860758,0.313235283,0.28412509,15.9304171,0,8.54747581,8.43064213,0,13.3953247,0,0,399,0,0,0,0,,,,63
44683158,0.5,1,0,0,0.00805860758,0,0.313235283,0.28412509,15.9304171,0,8.58665657,8.45175552,0,13.3953247,0,0,399,0,0,0,0,,,,63
44684285,0.5,1,0,0,0.00805860758,0,0.313235283,0.28412509,15.9304171,0,8.568573,8.44964409,0,13.3953247,0,0,399,0,0,0,0,,,,63
44685415,0.5,1,0,0,0.00805860758,0,0.313235283,0.28412509,15.9304171,0,8.58967113,8.44119835,0,13.3953247,0,0,399,0,0,0,0,,,,63
44686547,0.5,1,0,0,0.00805860758,0,0.313235283,0.28412509,15.9304171,0,8.55953121,8.45386696,0,13.3953247,0,0,399,0,0,0,0,,,,63
44687677,0.5,1,0,0,0.00805860758,0,0.313235283,0.28412509,15.9349623,0,8.56555939,8.44119835,0,13.3953247,0,0,399,0,0,0,0,,,,63
44688804,0.5,1,0,0,0.00805860758,0,0.313235283,0.28412509,15.9304171,0,8.58665657,8.44330978,0,13.3953247,0,0,399,0,0,0,0,,,,63
44689934,0.5,1,0,0,0.00805860758,0,0.313235283,0.28412509,15.9304171,0,8.568573,8.44964409,0,13.3881769,0,0,399,0,0,0,0,,,,63
44691061,0.5,0,0,0,0,0,0.313235283,0.28412509,15.9304171,0,8.56555939,8.44542122,0,13.3738813,0,0,399,0,0,0,0,,,,63
44692191,0.5,0,0,0,0,0.00805860758,0.313235283,0.28412509,15.9258718,0,8.54747581,8.44753265,0,13.3953247,0,0,399,0,0,0,0,,,,63
44693323,0.5,1,0,0,0.00805860758,0,0.313235283,0.28412509,15.9304171,0,8.57761478,8.44753265,0,13.3953247,0,0,399,0,0,0,0,,,,63
44694453,0.5,0,0,0,0,0.00805860758,0.313235283,0.28412509,15.9304171,0,8.55953121,8.44542122,0,13.3953247,0,0,399,0,0,0,0,,,,63
44695580,0.5,0,0,0,0,0,0.313235283,0.28412509,15.9304171,0,8.58665657,8.43697548,0,13.3953247,0,0,399,0,0,0,0,,,,63
44696710,0.5,0,0,0,0,0.00805860758,0.313235283,0.28412509,15.9349623,0,8.568573,8.43697548,0,13.3881769,0,0,399,0,0,0,0,,,,63
44697838,0.5,0.5,0,0,0.00805860758,0.00805860758,0.313235283,0.28412509,15.9349623,0,8.57761478,8.43275356,0,13.3953247,0,0,399,0,0,0,0,,,,63
44698972,0.5,0,0,0,0,0.00805860758,0.313235283,0.28412509,15.9304171,0,8.54144764,8.44542122,0,13.3953247,0,0,399,0,0,0,0,,,,63
44700099,0.5,0,0,0,0,0.00805860758,0.313235283,0.28412509,15.9349623,0,8.568573,8.43486404,0,13.3953247,0,0,399,0,0,0,0,,,,63
44701229,0.5,0,0,0,0,0.00805860758,0.313235283,0.28412509,15.9349623,0,8.55350399,8.43908691,0,13.3953247,0,0,399,0,0,0,0,,,,63
44702356,0.5,0,0,0,0,0,0.313235283,0.28412509,15.9304171,0,8.56555939,8.44964409,0,13.3953247,0,0,399,0,0,0,0,,,,63
44703485,0.5,0,0,0,0,0,0.313235283,0.28412509,15.9349623,0,8.57460117,8.44964409,0,13.3953247,0,0,399,0,0,0,0,,,,63
44704816,0.5,0,0,0,0,0.00805860758,0.313235283,0.28412509,15.9304171,0,8.58364296,8.43908691,0,13.3953247,0,0,399,0,0,0,0,,,,63
44705952,0.5,0,0,0,0,0.00805860758,0.313235283,0.28412509,15.9304171,0,8.56254578,8.43486404,0,13.3953247,0,0,399,0,0,0,0,,,,63
44707079,0.5,1,0,0,0.00805860758,0,0.313235283,0.28412509,15.9349623,0,8.58665657,8.44119835,0,13.3881769,0,0,399,0,0,0,0,,,,63
44708209,0.5,0,0,0,0,0.00805860758,0.313235283,0.28412509,15.9349623,0,8.568573,8.44330978,0,13.3953247,0,0,399,0,0,0,0,,,,63
44709336,0.5,0,0,0,0,0.00805860758,0.313235283,0.28412509,15.9349623,0,8.57460117,8.44330978,0,13.3953247,0,0,399,0,0,0,0,,,,63
44710467,0.5,0,0,0,0,0.0161172152,0.313235283,0.28412509,15.9304171,0,8.5444622,8.44542122,0,13.3953247,0,0,399,0,0,0,0,,,,63
44711598,0.5,0.5,0,0,0.00805860758,0.00805860758,0.313235283,0.28412509,15.9349623,0,8.568573,8.44330978,0,13.3953247,0,0,399,0,0,0,0,,,,63
44712729,0.5,0,0,0,0,0.00805860758,0.313235283,0.28412509,15.9304171,0,8.56555939,8.45386696,0,13.3953247,0,0,399,0,0,0,0,,,,63
44713855,0.5,0,0,0,0,0.00805860758,0.313235283,0.28412509,15.9304171,0,8.568573,8.43697548,0,13.3953247,0,0,399,0,0,0,0,,,,63
44714985,0.5,0,0,0,0,0.00805860758,0.313235283,0.28412509,15.9304171,0,8.56555939,8.44964409,0,13.3953247,0,0,399,0,0,0,0,,,,63
44716112,0.5,0,0,0,0,0.00805860758,0.313235283,0.28412509,15.9304171,0,8.568573,8.44119835,0,13.3953247,0,0,399,0,0,0,0,,,,63
44717243,0.5,0,0,0,0,0.00805860758,0.313235283,0.28412509,15.9258718,0,8.58062935,8.45597839,0,13.3953247,0,0,399,0,0,0,0,,,,63
44718374,0.5,0,0,0,0,0.00805860758,0.313235283,0.28412509,15.9304171,0,8.5565176,8.44753265,0,13.3881769,0,0,399,0,0,0,0,,,,63
44719505,0.5,1,0,0,0.00805860758,0,0.313235283,0.28412509,15.9304171,0,8.58062935,8.44753265,0,13.3953247,0,0,399,0,0,0,0,,,,63
44720632,0.5,0,0,0,0,0,0.313235283,0.28412509,15.9304171,0,8.55350399,8.44964409,0,13.3881769,0,0,399,0,0,0,0,,,,63
44721761,0.5,0,0,0,0,0.00805860758,0.313235283,0.28412509,15.9349623,0,8.55350399,8.45175552,0,13.3953247,0,0,399,0,0,0,0,,,,63
44722888,0.5,0.5,0,0,0.00805860758,0.00805860758,0.313235283,0.28412509,15.9304171,0,8.5444622,8.45175552,0,13.3953247,0,0,399,0,0,0,0,,,,63
44724022,0.5,0,0,0,0,0.00805860758,0.313235283,0.28412509,15.9304171,0,8.568573,8.44964409,0,13.3881769,0,0,399,0,0,0,0,,,,63
44725353,0.5,0.5,0,0,0.00805860758,0.00805860758,0.313235283,0.28412509,15.9304171,0,8.56555939,8.44330978,0,13.3953247,0,0,399,0,0,0,0,,,,63
44726483,0.5,0,0,0,0,0,0.313235283,0.28412509,15.9304171,0,8.57158756,8.43908691,0,13.3953247,0,0,399,0,0,0,0,,,,63
44727611,0.5,0,0,0,0,0.00805860758,0.313235283,0.28412509,15.9304171,0,8.5444622,8.45175552,0,13.3953247,0,0,399,0,0,0,0,,,,63
44728740,0.5,0,0,0,0,0.00805860758,0.313235283,0.28412509,15.9349623,0,8.57460117,8.44964409,0,13.3953247,0,0,399,0,0,0,0,,,,63
44729867,0.5,0,0,0,0,0.00805860758,0.313235283,0.28412509,15.9304171,0,8.58364296,8.44330978,0,13.3953247,0,0,399,0,0,0,0,,,,63
44731002,0.5,0,0,0,0,0,0.313235283,0.28412509,15.9349623,0,8.58665657,8.44119835,0,13.3953247,0,0,399,0,0,0,0,,,,63
44732129,0.5,0,0,0,0,0,0.313235283,0.28412509,15.9304171,0,8.52637863,8.44330978,0,13.3953247,0,0,399,0,0,0,0,,,,63
44733259,0.5,1,0,0,0.00805860758,0,0.313235283,0.28412509,15.9304171,0,8.58665657,8.44542122,0,13.3953247,0,0,399,0,0,0,0,,,,63
44734386,0.5,1,0,0,0.00805860758,0,0.313235283,0.28412509,15.9349623,0,8.5565176,8.44119835,0,13.3953247,0,0,399,0,0,0,0,,,,63
44735516,0.5,0.5,0,0,0.00805860758,0.00805860758,0.313235283,0.28412509,15.9304171,0,8.56254578,8.45175552,0,13.3953247,0,0,399,0,0,0,0,,,,63
44736643,0.5,0,0,0,0,0.00805860758,0.313235283,0.28412509,15.9349623,0,8.5565176,8.44330978,0,13.3953247,0,0,399,0,0,0,0,,,,63
44737778,0.5,0,0,0,0,0,0.313235283,0.28412509,15.9349623,0,8.55953121,8.44330978,0,13.3953247,0,0,399,0,0,0,0,,,,63
44738905,0.5,1,0,0,0.00805860758,0,0.313235283,0.28412509,15.9349623,0,8.55953121,8.44964409,0,13.3953247,0,0,399,0,0,0,0,,,,63
44740035,0.5,0,0,0,0,0,0.313235283,0.28412509,15.9349623,0,8.55048943,8.45808983,0,13.3810291,0,0,399,0,0,0,0,,,,63
44741162,0.5,0.5,0,0,0.00805860758,0.00805860758,0.313235283,0.28412509,15.9349623,0,8.54747581,8.45175552,0,13.3953247,0,0,399,0,0,0,0,,,,63
44742292,0.5,0.5,0,0,0.00805860758,0.00805860758,0.313235283,0.28412509,15.9304171,0,8.56555939,8.44119835,0,13.3953247,0,0,399,0,0,0,0,,,,63
44743424,0.5,0,0,0,0,0,0.313235283,0.28412509,15.9304171,0,8.57460117,8.44119835,0,13.3953247,0,0,399,0,0,0,0,,,,63
44744554,0.5,0.5,0,0,0.00805860758,0.00805860758,0.313235283,0.28412509,15.9304171,0,8.5565176,8.43064213,0,13.4024725,0,0,399,0,0,0,0,,,,63
44745885,0.5,0,0,0,0,0,0.313235283,0.28412509,15.9304171,0,8.55350399,8.45386696,0,13.3953247,0,0,399,0,0,0,0,,,,63
44747014,0.5,0,0,0,0,0,0.313235283,0.28412509,15.9304171,0,8.56555939,8.44119835,0,13.3881769,0,0,399,0,0,0,0,,,,63
44748141,0.5,0.5,0,0,0.00805860758,0.00805860758,0.313235283,0.28412509,15.9304171,0,8.58062935,8.44119835,0,13.3953247,0,0,399,0,0,0,0,,,,63
44749271,0.5,0,0,0,0,0.00805860758,0.313235283,0.28412509,15.9304171,0,8.57158756,8.44542122,0,13.3953247,0,0,399,0,0,0,0,,,,63
44750403,0.5,0,0,0,0,0,0.313235283,0.28412509,15.9349623,0,8.5444622,8.44753265,0,13.3953247,0,0,399,0,0,0,0,,,,63
44751533,0.5,1,0,0,0.00805860758,0,0.313235283,0.28412509,15.9304171,0,8.57460117,8.44330978,0,13.3953247,0,0,399,0,0,0,0,,,,63
44752660,0.5,0,0,0,0,0.00805860758,0.313235283,0.28412509,15.9304171,0,8.57158756,8.44753265,0,13.3953247,0,0,399,0,0,0,0,,,,63
44753790,0.5,0,0,0,0,0.00805860758,0.313235283,0.28412509,15.9304171,0,8.56254578,8.44542122,0,13.3953247,0,0,399,0,0,0,0,,,,63
44754917,0.5,0,0,0,0,0.0161172152,0.313235283,0.28412509,15.9304171,0,8.58364296,8.44119835,0,13.3953247,0,0,399,0,0,0,0,,,,63
44756052,0.5,0,0,0,0,0.00805860758,0.313235283,0.28412509,15.9304171,0,8.57460117,8.45386696,0,13.3881769,0,0,399,0,0,0,0,,,,63
44757179,0.5,0,0,0,0,0.00805860758,0.313235283,0.28412509,15.9304171,0,8.58665657,8.43908691,0,13.3953247,0,0,399,0,0,0,0,,,,63
44758309,0.5,0,0,0,0,0.00805860758,0.313235283,0.28412509,15.9304171,0,8.56254578,8.44542122,0,13.3953247,0,0,399,0,0,0,0,,,,63
44759436,0.5,0,0,0,0,0.00805860758,0.313235283,0.28412509,15.9304171,0,8.58665657,8.44542122,0,13.3953247,0,0,399,0,0,0,0,,,,63
44760566,0.5,0,0,0,0,0.00805860758,0.313235283,0.28412509,15.9304171,0,8.59569836,8.44119835,0,13.3953247,0,0,399,0,0,0,0,,,,63
44761693,0.5,0,0,0,0,0.00805860758,0.313235283,0.28412509,15.9349623,0,8.568573,8.45386696,0,13.3953247,0,0,399,0,0,0,0,,,,63
44762827,0.5,0,0,0,0,0.00805860758,0.313235283,0.28412509,15.9304171,0,8.58967113,8.44753265,0,13.3953247,0,0,399,0,0,0,0,,,,63
44763955,0.5,0,0,0,0,0,0.313235283,0.28412509,15.9304171,0,8.57158756,8.44330978,0,13.3953247,0,0,399,0,0,0,0,,,,63
44765084,0.5,0,0,0,0,0,0.313235283,0.28412509,15.9349623,0,8.58364296,8.44119835,0,13.3667326,0,0,399,0,0,0,0,,,,63
44766211,0.5,0,0,0,0,0,0.313235283,0.28412509,15.9349623,0,8.58062935,8.44119835,0,13.3953247,0,0,399,0,0,0,0,,,,63
44767546,0.5,1,0,0,0.00805860758,0,0.313235283,0.28412509,15.9304171,0,8.5444622,8.44330978,0,13.3953247,0,0,399,0,0,0,0,,,,63
44768678,0.5,0.5,0,0,0.00805860758,0.00805860758,0.313235283,0.28412509,15.9304171,0,8.57158756,8.44542122,0,13.3953247,0,0,399,0,0,0,0,,,,63
44769808,0.5,0,0,0,0,0,0.313235283,0.28412509,15.9304171,0,8.568573,8.44542122,0,13.3953247,0,0,399,0,0,0,0,,,,63
44770935,0.5,1,0,0,0.00805860758,0,0.313235283,0.28412509,15.9304171,0,8.57460117,8.44964409,0,13.3953247,0,0,399,0,0,0,0,,,,63
44772065,0.5,0,0,0,0,0.00805860758,0.313235283,0.28412509,15.9304171,0,8.56555939,8.44542122,0,13.3738813,0,0,399,0,0,0,0,,,,63
44773192,0.5,0.5,0,0,0.00805860758,0.00805860758,0.313235283,0.28412509,15.9304171,0,8.56254578,8.44119835,0,13.3881769,0,0,399,0,0,0,0,,,,63
44774322,0.5,0,0,0,0,0.00805860758,0.313235283,0.28412509,15.9304171,0,8.57460117,8.44964409,0,13.3953247,0,0,399,0,0,0,0,,,,63
44775454,0.5,0,0,0,0,0.00805860758,0.313235283,0.28412509,15.9304171,0,8.57158756,8.44753265,0,13.3953247,0,0,399,0,0,0,0,,,,63
44776584,0.5,0,0,0,0,0.00805860758,0.313235283,0.28412509,15.9304171,0,8.57460117,8.44330978,0,13.3953247,0,0,399,0,0,0,0,,,,63
44777711,0.5,0,0,0,0,0,0.313235283,0.28412509,15.9304171,0,8.55048943,8.43908691,0,13.3953247,0,0,399,0,0,0,0,,,,63
44778841,0.5,0,0,0,0,0.00805860758,0.313235283,0.28412509,15.9304171,0,8.55350399,8.43697548,0,13.3953247,0,0,399,0,0,0,0,,,,63
44779967,0.5,0,0,0,0,0,0.313235283,0.28412509,15.9304171,0,8.55953121,8.43697548,0,13.3881769,0,0,399,0,0,0,0,,,,63
44781097,0.5,1,0,0,0.00805860758,0,0.313235283,0.28412509,15.9304171,0,8.568573,8.43486404,0,13.3881769,0,0,399,0,0,0,0,,,,63
44782229,0.5,0,0,0,0,0.00805860758,0.313235283,0.28412509,15.9349623,0,8.58967113,8.44330978,0,13.3953247,0,0,399,0,0,0,0,,,,63
44783359,0.5,0,0,0,0,0,0.313235283,0.28412509,15.9304171,0,8.55350399,8.43064213,0,13.3953247,0,0,399,0,0,0,0,,,,63
44784486,0.5,0,0,0,0,0,0.313235283,0.28412509,15.9349623,0,8.58062935,8.45175552,0,13.3953247,0,0,399,0,0,0,0,,,,63
44785616,0.5,0,0,0,0,0,0.313235283,0.28412509,15.9304171,0,8.58665657,8.44964409,0,13.3953247,0,0,399,0,0,0,0,,,,63
44786743,0.5,0,0,0,0,0.00805860758,0.313235283,0.28412509,15.9304171,0,8.568573,8.45386696,0,13.3953247,0,0,399,0,0,0,0,,,,63
44788081,0.5,0,0,0,0,0.00805860758,0.313235283,0.28412509,15.9304171,0,8.55953121,8.43697548,0,13.3667326,0,0,399,0,0,0,0,,,,63
44789208,0.5,0,0,0,0,0.00805860758,0.313235283,0.28412509,15.9349623,0,8.57158756,8.45808983,0,13.3953247,0,0,399,0,0,0,0,,,,63
44790338,0.5,0,0,0,0,0,0.313235283,0.28412509,15.9304171,0,8.56555939,8.43275356,0,13.3953247,0,0,399,0,0,0,0,,,,63
44791465,0.5,0,0,0,0,0,0.313235283,0.28412509,15.9304171,0,8.56555939,8.44119835,0,13.3953247,0,0,399,0,0,0,0,,,,63
44792595,0.5,0,0,0,0,0.00805860758,0.313235283,0.28412509,15.9304171,0,8.57158756,8.44542122,0,13.3953247,0,0,399,0,0,0,0,,,,63
44793722,0.5,0,0,0,0,0.00805860758,0.313235283,0.28412509,15.9304171,0,8.56254578,8.44119835,0,13.3953247,0,0,399,0,0,0,0,,,,63
44794857,0.5,0.5,0,0,0.00805860758,0.00805860758,0.313235283,0.28412509,15.9349623,0,8.57158756,8.44542122,0,13.3953247,0,0,399,0,0,0,0,,,,63
44795984,0.5,0,0,0,0,0,0.313235283,0.28412509,15.9304171,0,8.57460117,8.45175552,0,13.3953247,0,0,399,0,0,0,0,,,,63
44797114,0.5,0,0,0,0,0,0.313235283,0.28412509,15.9304171,0,8.56254578,8.44542122,0,13.3953247,0,0,399,0,0,0,0,,,,63
44798241,0.5,1,0,0,0.0161172152,0,0.313235283,0.28412509,15.9395075,0,8.55953121,8.44964409,0,13.3953247,0,0,399,0,0,0,0,,,,63
44799371,0.5,0,0,0,0,0,0.313235283,0.28412509,15.9349623,0,8.58364296,8.44330978,0,13.3953247,0,0,399,0,0,0,0,,,,63
44800503,0.5,0,0,0,0,0.00805860758,0.313235283,0.28412509,15.9349623,0,8.53542042,8.44119835,0,13.3953247,0,0,399,0,0,0,0,,,,63
44801633,0.5,1,0,0,0.00805860758,0,0.313235283,0.28412509,15.9349623,0,8.54144764,8.44542122,0,13.3953247,0,0,399,0,0,0,0,,,,63
44802760,0.5,1,0,0,0.00805860758,0,0.313235283,0.28412509,15.9304171,0,8.5444622,8.45175552,0,13.3953247,0,0,399,0,0,0,0,,,,63
44803890,0.5,1,0,0,0.00805860758,0,0.313235283,0.28412509,15.9304171,0,8.56254578,8.44753265,0,13.3953247,0,0,399,0,0,0,0,,,,63
44805018,0.5,1,0,0,0.00805860758,0,0.313235283,0.28412509,15.9304171,0,8.568573,8.44964409,0,13.3953247,0,0,399,0,0,0,0,,,,63
44806147,0.5,0,0,0,0,0,0.313235283,0.28412509,15.9349623,0,8.57158756,8.44964409,0,13.3953247,0,0,399,0,0,0,0,,,,63
44807280,0.5,0,0,0,0,0,0.313235283,0.28412509,15.9349623,0,8.55953121,8.44753265,0,13.3953247,0,0,399,0,0,0,0,,,,63
44808410,0.5,0,0,0,0,0.00805860758,0.313235283,0.28412509,15.9304171,0,8.568573,8.44753265,0,13.3953247,0,0,399,0,0,0,0,,,,63
44809741,0.5,1,0,0,0.00805860758,0,0.313235283,0.28412509,15.9349623,0,8.56555939,8.43697548,0,13.4024725,0,0,399,0,0,0,0,,,,63
44810871,0.5,0.5,0,0,0.00805860758,0.00805860758,0.313235283,0.28412509,15.9304171,0,8.568573,8.44964409,0,13.3953247,0,0,399,0,0,0,0,,,,63
44811998,0.5,0,0,0,0,0.00805860758,0.313235283,0.28412509,15.9349623,0,8.53843403,8.44964409,0,13.3953247,0,0,399,0,0,0,0,,,,63
44813133,0.5,1,0,0,0.00805860758,0,0.313235283,0.28412509,15.9304171,0,8.56555939,8.44753265,0,13.3953247,0,0,399,0,0,0,0,,,,63
44814260,0.5,1,0,0,0.00805860758,0,0.313235283,0.28412509,15.9349623,0,8.55048943,8.45175552,0,13.4024725,0,0,399,0,0,0,0,,,,63
44815390,0.5,1,0,0,0.00805860758,0,0.313235283,0.28412509,15.9304171,0,8.57761478,8.44330978,0,13.3953247,0,0,399,0,0,0,0,,,,63
44816517,0.5,1,0,0,0.00805860758,0,0.313235283,0.28412509,15.9304171,0,8.568573,8.44330978,0,13.3953247,0,0,399,0,0,0,0,,,,63
44817647,0.5,0.5,0,0,0.00805860758,0.00805860758,0.313235283,0.28412509,15.9304171,0,8.55953121,8.44542122,0,13.3953247,0,0,399,0,0,0,0,,,,63
44818774,0.5,0,0,0,0,0,0.313235283,0.28412509,15.9304171,0,8.568573,8.44330978,0,13.3953247,0,0,399,0,0,0,0,,,,63
44819909,0.5,0,0,0,0,0.00805860758,0.313235283,0.28412509,15.9304171,0,8.57761478,8.44542122,0,13.3953247,0,0,399,0,0,0,0,,,,63
44821036,0.5,0,0,0,0,0,0.313235283,0.28412509,15.9304171,0,8.568573,8.43697548,0,13.3881769,0,0,399,0,0,0,0,,,,63
44822166,0.5,0,0,0,0,0.00805860758,0.313235283,0.28412509,15.9304171,0,8.55350399,8.45597839,0,13.3953247,0,0,399,0,0,0,0,,,,63
44823293,0.5,0,0,0,0,0,0.313235283,0.28412509,15.9304171,0,8.58364296,8.43908691,0,13.3953247,0,0,399,0,0,0,0,,,,63
44824424,0.5,1,0,0,0.00805860758,0,0.313235283,0.28412509,15.9304171,0,8.53542042,8.45597839,0,13.3881769,0,0,399,0,0,0,0,,,,63
44825551,0.5,0,0,0,0,0,0.313235283,0.28412509,15.9304171,0,8.57158756,8.45175552,0,13.3953247,0,0,399,0,0,0,0,,,,63
44826686,0.5,0.5,0,0,0.00805860758,0.00805860758,0.313235283,0.28412509,15.9304171,0,8.54747581,8.44753265,0,13.3881769,0,0,399,0,0,0,0,,,,63
44827813,0.5,0.5,0,0,0.00805860758,0.00805860758,0.313235283,0.28412509,15.9304171,0,8.568573,8.44119835,0,13.3953247,0,0,399,0,0,0,0,,,,63
44828943,0.5,1,0,0,0.00805860758,0,0.313235283,0.28412509,15.9304171,0,8.58967113,8.43697548,0,13.3953247,0,0,399,0,0,0,0,,,,63
44830275,0.5,1,0,0,0.00805860758,0,0.313235283,0.28412509,15.9304171,0,8.56254578,8.44119835,0,13.3953247,0,0,399,0,0,0,0,,,,63
44831404,0.5,0,0,0,0,0.0161172152,0.313235283,0.28412509,15.9304171,0,8.58062935,8.44330978,0,13.3953247,0,0,399,0,0,0,0,,,,63
44832536,0.5,0.5,0,0,0.00805860758,0.00805860758,0.313235283,0.28412509,15.9349623,0,8.56254578,8.44753265,0,13.3881769,0,0,399,0,0,0,0,,,,63
44833666,0.5,0,0,0,0,0,0.313235283,0.28412509,15.9349623,0,8.58967113,8.43275356,0,13.3953247,0,0,399,0,0,0,0,,,,63
44834793,0.5,0,0,0,0,0,0.313235283,0.28412509,15.9304171,0,8.57460117,8.44542122,0,13.3953247,0,0,399,0,0,0,0,,,,63
44835923,0.5,0,0,0,0,0.00805860758,0.313235283,0.28412509,15.9304171,0,8.53542042,8.44542122,0,13.3953247,0,0,399,0,0,0,0,,,,63
44837050,0.5,0,0,0,0,0.00805860758,0.313235283,0.28412509,15.9304171,0,8.55350399,8.44330978,0,13.3810291,0,0,399,0,0,0,0,,,,63
44838179,0.5,0,0,0,0,0.00805860758,0.313235283,0.28412509,15.9258718,0,8.55350399,8.43697548,0,13.3953247,0,0,399,0,0,0,0,,,,63
44839311,0.5,0.5,0,0,0.00805860758,0.00805860758,0.313235283,0.28412509,15.9304171,0,8.55048943,8.45597839,0,13.3953247,0,0,399,0,0,0,0,,,,63
44840441,0.5,0,0,0,0,0,0.313235283,0.28412509,15.9349623,0,8.56555939,8.44330978,0,13.4024725,0,0,399,0,0,0,0,,,,63
44841568,0.5,1,0,0,0.0161172152,0,0.313235283,0.28412509,15.9349623,0,8.5444622,8.45597839,0,13.3953247,0,0,399,0,0,0,0,,,,63
44842697,0.5,1,0,0,0.00805860758,0,0.313235283,0.28412509,15.9349623,0,8.56555939,8.44964409,0,13.3953247,0,0,399,0,0,0,0,,,,63
44843824,0.5,0,0,0,0,0,0.313235283,0.28412509,15.9304171,0,8.51432323,8.45175552,0,13.3953247,0,0,399,0,0,0,0,,,,63
44844959,0.5,1,0,0,0.0161172152,0,0.313235283,0.28412509,15.9304171,0,8.568573,8.45386696,0,13.3953247,0,0,399,0,0,0,0,,,,63
44846085,0.5,0.5,0,0,0.00805860758,0.00805860758,0.313235283,0.28412509,15.9304171,0,8.57460117,8.43697548,0,13.3953247,0,0,399,0,0,0,0,,,,63
44847215,0.5,0,0,0,0,0.00805860758,0.313235283,0.28412509,15.9304171,0,8.58364296,8.43486404,0,13.3953247,0,0,399,0,0,0,0,,,,63
44848342,0.5,1,0,0,0.00805860758,0,0.313235283,0.28412509,15.9304171,0,8.568573,8.45175552,0,13.3953247,0,0,399,0,0,0,0,,,,63
44849472,0.5,0,0,0,0,0.00805860758,0.313235283,0.28412509,15.9304171,0,8.568573,8.44753265,0,13.3953247,0,0,399,0,0,0,0,,,,63
44850803,0.5,0,0,0,0,0.00805860758,0.313235283,0.28412509,15.9304171,0,8.58062935,8.44753265,0,13.3953247,0,0,399,0,0,0,0,,,,63
44851937,0.5,0,0,0,0,0.00805860758,0.313235283,0.28412509,15.9304171,0,8.56254578,8.43486404,0,13.4024725,0,0,399,0,0,0,0,,,,63
44853064,0.5,0,0,0,0,0.0161172152,0.313235283,0.28412509,15.9349623,0,8.57761478,8.44542122,0,13.3810291,0,0,399,0,0,0,0,,,,63
44854194,0.5,0,0,0,0,0,0.313235283,0.28412509,15.9304171,0,8.5565176,8.44542122,0,13.4024725,0,0,399,0,0,0,0,,,,63
44855320,0.5,1,0,0,0.00805860758,0,0.313235283,0.28412509,15.9349623,0,8.58062935,8.44330978,0,13.3953247,0,0,399,0,0,0,0,,,,63
44856450,0.5,0,0,0,0,0.00805860758,0.313235283,0.28412509,15.9304171,0,8.53843403,8.45386696,0,13.3881769,0,0,399,0,0,0,0,,,,63
44857582,0.5,0,0,0,0,0,0.313235283,0.28412509,15.9349623,0,8.54747581,8.44542122,0,13.3953247,0,0,399,0,0,0,0,,,,63
44858712,0.5,0,0,0,0,0,0.313235283,0.28412509,15.9304171,0,8.57460117,8.44542122,0,13.3953247,0,0,399,0,0,0,0,,,,63
44859839,0.5,1,0,0,0.00805860758,0,0.313235283,0.28412509,15.9304171,0,8.57761478,8.45175552,0,13.3953247,0,0,399,0,0,0,0,,,,63
44860969,0.5,1,0,0,0.00805860758,0,0.313235283,0.28412509,15.9304171,0,8.52637863,8.44330978,0,13.3953247,0,0,399,0,0,0,0,,,,63
44862096,0.5,1,0,0,0.00805860758,0,0.313235283,0.28412509,15.9349623,0,8.58062935,8.44964409,0,13.3953247,0,0,399,0,0,0,0,,,,63
44863226,0.5,0.5,0,0,0.00805860758,0.00805860758,0.313235283,0.28412509,15.9258718,0,8.56254578,8.45175552,0,13.3953247,0,0,399,0,0,0,0,,,,63
44864357,0.5,0,0,0,0,0.00805860758,0.313235283,0.28412509,15.9304171,0,8.57460117,8.43486404,0,13.3953247,0,0,399,0,0,0,0,,,,63
44865487,0.5,1,0,0,0.00805860758,0,0.313235283,0.28412509,15.9304171,0,8.57460117,8.44330978,0,13.3953247,0,0,399,0,0,0,0,,,,63
44866614,0.5,0,0,0,0,0.00805860758,0.313235283,0.28412509,15.9349623,0,8.55350399,8.43697548,0,13.3953247,0,0,399,0,0,0,0,,,,63
44867744,0.5,0,0,0,0,0.00805860758,0.313235283,0.28412509,15.9304171,0,8.57460117,8.44330978,0,13.3953247,0,0,399,0,0,0,0,,,,63
44868871,0.5,0,0,0,0,0,0.313235283,0.28412509,15.9304171,0,8.56254578,8.44753265,0,13.3953247,0,0,399,0,0,0,0,,,,63
44870005,0.5,0,0,0,0,0,0.313235283,0.28412509,15.9304171,0,8.58967113,8.44753265,0,13.3953247,0,0,399,0,0,0,0,,,,63
44871132,0.5,0.5,0,0,0.00805860758,0.00805860758,0.313235283,0.28412509,15.9349623,0,8.57460117,8.43697548,0,13.4024725,0,0,399,0,0,0,0,,,,63
44872466,0.5,0,0,0,0,0.00805860758,0.313235283,0.28412509,15.9349623,0,8.57158756,8.44542122,0,13.3953247,0,0,399,0,0,0,0,,,,63
44873592,0.5,1,0,0,0.00805860758,0,0.313235283,0.28412509,15.9349623,0,8.568573,8.44753265,0,13.3953247,0,0,399,0,0,0,0,,,,63
44874722,0.5,0,0,0,0,0.00805860758,0.313235283,0.28412509,15.9349623,0,8.55350399,8.44542122,0,13.3953247,0,0,399,0,0,0,0,,,,63
44875849,0.5,1,0,0,0.00805860758,0,0.313235283,0.28412509,15.9304171,0,8.568573,8.44330978,0,13.3953247,0,0,399,0,0,0,0,,,,63
44876983,0.5,1,0,0,0.00805860758,0,0.313235283,0.28412509,15.9349623,0,8.57460117,8.44964409,0,13.3953247,0,0,399,0,0,0,0,,,,63
44878110,0.5,1,0,0,0.00805860758,0,0.313235283,0.28412509,15.9304171,0,8.5565176,8.44330978,0,13.3953247,0,0,399,0,0,0,0,,,,63
44879240,0.5,0,0,0,0,0,0.313235283,0.28412509,15.9349623,0,8.57761478,8.44753265,0,13.3953247,0,0,399,0,0,0,0,,,,63
44880367,0.5,0,0,0,0,0.00805860758,0.313235283,0.28412509,15.9304171,0,8.55350399,8.44753265,0,13.3953247,0,0,399,0,0,0,0,,,,63
44881497,0.5,0,0,0,0,0,0.313235283,0.28412509,15.9304171,0,8.58967113,8.44542122,0,13.3953247,0,0,399,0,0,0,0,,,,63
44882623,0.5,0,0,0,0,0.00805860758,0.313235283,0.28412509,15.9304171,0,8.57460117,8.44753265,0,13.3953247,0,0,399,0,0,0,0,,,,63
44883758,0.5,0,0,0,0,0,0.313235283,0.28412509,15.9304171,0,8.55048943,8.44119835,0,13.3953247,0,0,399,0,0,0,0,,,,63
44884885,0.5,1,0,0,0.00805860758,0,0.313235283,0.28412509,15.9304171,0,8.58062935,8.43697548,0,13.3953247,0,0,399,0,0,0,0,,,,63
44886014,0.5,0.5,0,0,0.00805860758,0.00805860758,0.313235283,0.28412509,15.9349623,0,8.55048943,8.44542122,0,13.3881769,0,0,399,0,0,0,0,,,,63
44887141,0.5,1,0,0,0.00805860758,0,0.313235283,0.28412509,15.9304171,0,8.5565176,8.44330978,0,13.3881769,0,0,399,0,0,0,0,,,,63
44888271,0.5,0,0,0,0,0,0.313235283,0.28412509,15.9304171,0,8.568573,8.45386696,0,13.3953247,0,0,399,0,0,0,0,,,,63
44889403,0.5,0,0,0,0,0,0.313235283,0.28412509,15.9304171,0,8.57158756,8.45175552,0,13.3953247,0,0,399,0,0,0,0,,,,63
44890533,0.5,1,0,0,0.00805860758,0,0.313235283,0.28412509,15.9304171,0,8.54144764,8.43908691,0,13.3881769,0,0,399,0,0,0,0,,,,63
44891659,0.5,0,0,0,0,0,0.313235283,0.28412509,15.9304171,0,8.58062935,8.45175552,0,13.3953247,0,0,399,0,0,0,0,,,,63
44892993,0.5,0,0,0,0,0.00805860758,0.313235283,0.28412509,15.9304171,0,8.58665657,8.44753265,0,13.3953247,0,0,399,0,0,0,0,,,,63
44894120,0.5,1,0,0,0.00805860758,0,0.313235283,0.28412509,15.9304171,0,8.5565176,8.44753265,0,13.3953247,0,0,399,0,0,0,0,,,,63
44895250,0.5,0,0,0,0,0,0.313235283,0.28412509,15.9395075,0,8.57158756,8.45597839,0,13.3953247,0,0,399,0,0,0,0,,,,63
44896382,0.5,1,0,0,0.00805860758,0,0.313235283,0.28412509,15.9258718,0,8.57460117,8.44330978,0,13.3953247,0,0,399,0,0,0,0,,,,63
44897511,0.5,0,0,0,0,0.00805860758,0.313235283,0.28412509,15.9304171,0,8.54747581,8.45386696,0,13.3953247,0,0,399,0,0,0,0,,,,63
44898638,0.5,0,0,0,0,0,0.313235283,0.28412509,15.9304171,0,8.55953121,8.44542122,0,13.3953247,0,0,399,0,0,0,0,,,,63
44899768,0.5,0,0,0,0,0,0.313235283,0.28412509,15.9349623,0,8.56555939,8.44753265,0,13.3953247,0,0,399,0,0,0,0,,,,63
44900895,0.5,0,0,0,0,0,0.313235283,0.28412509,15.9304171,0,8.56254578,8.44542122,0,13.3953247,0,0,399,0,0,0,0,,,,63
44902029,0.5,0.5,0,0,0.00805860758,0.00805860758,0.313235283,0.28412509,15.9349623,0,8.53542042,8.44753265,0,13.3881769,0,0,399,0,0,0,0,,,,63
44903156,0.5,0,0,0,0,0,0.313235283,0.28412509,15.9304171,0,8.57158756,8.44119835,0,13.3953247,0,0,399,0,0,0,0,,,,63
44904286,0.5,0,0,0,0,0,0.313235283,0.28412509,15.9349623,0,8.57158756,8.45175552,0,13.3953247,0,0,399,0,0,0,0,,,,63
44905413,0.5,0,0,0,0,0,0.313235283,0.28412509,15.9304171,0,8.56254578,8.45386696,0,13.3953247,0,0,399,0,0,0,0,,,,63
44906543,0.5,1,0,0,0.00805860758,0,0.313235283,0.28412509,15.9304171,0,8.55048943,8.45386696,0,13.3953247,0,0,399,0,0,0,0,,,,63
44907669,0.5,0,0,0,0,0.00805860758,0.313235283,0.28412509,15.9304171,0,8.55350399,8.45175552,0,13.3953247,0,0,399,0,0,0,0,,,,63
44908804,0.5,0,0,0,0,0,0.313235283,0.28412509,15.9304171,0,8.58364296,8.44753265,0,13.3953247,0,0,399,0,0,0,0,,,,63
44909930,0.5,1,0,0,0.00805860758,0,0.313235283,0.28412509,15.9304171,0,8.56555939,8.44964409,0,13.3953247,0,0,399,0,0,0,0,,,,63
44911060,0.5,1,0,0,0.00805860758,0,0.313235283,0.28412509,15.9304171,0,8.568573,8.45386696,0,13.3738813,0,0,399,0,0,0,0,,,,63
44912187,0.5,0,0,0,0,0.00805860758,0.313235283,0.28412509,15.9349623,0,8.58665657,8.44964409,0,13.3953247,0,0,399,0,0,0,0,,,,63
44913317,0.5,1,0,0,0.00805860758,0,0.313235283,0.28412509,15.9304171,0,8.57761478,8.44964409,0,13.3953247,0,0,399,0,0,0,0,,,,63
44914653,0.5,0,0,0,0,0,0.313235283,0.28412509,15.9304171,0,8.55048943,8.45175552,0,13.3953247,0,0,399,0,0,0,0,,,,63
44915782,0.5,1,0,0,0.00805860758,0,0.313235283,0.28412509,15.9304171,0,8.56254578,8.44542122,0,13.3953247,0,0,399,0,0,0,0,,,,63
44916909,0.5,1,0,0,0.00805860758,0,0.313235283,0.28412509,15.9304171,0,8.53240585,8.44964409,0,13.4024725,0,0,399,0,0,0,0,,,,63
44918039,0.5,1,0,0,0.00805860758,0,0.313235283,0.28412509,15.9304171,0,8.57158756,8.44542122,0,13.3881769,0,0,399,0,0,0,0,,,,63
44919166,0.5,0,0,0,0,0.00805860758,0.313235283,0.28412509,15.9304171,0,8.57761478,8.44753265,0,13.3953247,0,0,399,0,0,0,0,,,,63
44920296,0.5,0.5,0,0,0.00805860758,0.00805860758,0.313235283,0.28412509,15.9349623,0,8.58364296,8.44964409,0,13.3953247,0,0,399,0,0,0,0,,,,63
44921428,0.5,0,0,0,0,0.00805860758,0.313235283,0.28412509,15.9304171,0,8.55953121,8.44542122,0,13.3953247,0,0,399,0,0,0,0,,,,63
44922558,0.5,1,0,0,0.00805860758,0,0.313235283,0.28412509,15.9304171,0,8.55953121,8.44542122,0,13.3953247,0,0,399,0,0,0,0,,,,63
44923685,0.5,1,0,0,0.00805860758,0,0.313235283,0.28412509,15.9304171,0,8.58364296,8.44542122,0,13.3953247,0,0,399,0,0,0,0,,,,63
44924815,0.5,1,0,0,0.00805860758,0,0.313235283,0.28412509,15.9349623,0,8.568573,8.43908691,0,13.3953247,0,0,399,0,0,0,0,,,,63
44925942,0.5,0,0,0,0,0,0.313235283,0.28412509,15.9304171,0,8.56254578,8.44753265,0,13.3953247,0,0,399,0,0,0,0,,,,63
44927072,0.5,1,0,0,0.00805860758,0,0.313235283,0.28412509,15.9304171,0,8.5444622,8.44542122,0,13.3738813,0,0,399,0,0,0,0,,,,63
44928203,0.5,1,0,0,0.00805860758,0,0.313235283,0.28412509,15.9349623,0,8.56555939,8.45808983,0,13.3881769,0,0,399,0,0,0,0,,,,63
44929333,0.5,0.5,0,0,0.00805860758,0.00805860758,0.313235283,0.28412509,15.9304171,0,8.58967113,8.45386696,0,13.3953247,0,0,399,0,0,0,0,,,,63
44930460,0.5,1,0,0,0.00805860758,0,0.313235283,0.28412509,15.9349623,0,8.57460117,8.44330978,0,13.3953247,0,0,399,0,0,0,0,,,,63
44931590,0.5,1,0,0,0.00805860758,0,0.313235283,0.28412509,15.9349623,0,8.59268475,8.44330978,0,13.3953247,0,0,399,0,0,0,0,,,,63
44932717,0.5,1,0,0,0.0161172152,0,0.313235283,0.28412509,15.9304171,0,8.55953121,8.45386696,0,13.3953247,0,0,399,0,0,0,0,,,,63
44933852,0.5,0.5,0,0,0.00805860758,0.00805860758,0.313235283,0.28412509,15.9304171,0,8.54747581,8.44119835,0,13.4024725,0,0,399,0,0,0,0,,,,63
44935183,0.5,1,0,0,0.00805860758,0,0.313235283,0.28412509,15.9349623,0,8.54747581,8.44542122,0,13.3953247,0,0,399,0,0,0,0,,,,63
44936312,0.5,1,0,0,0.00805860758,0,0.313235283,0.28412509,15.9304171,0,8.57761478,8.44964409,0,13.3953247,0,0,399,0,0,0,0,,,,63
44937439,0.5,1,0,0,0.00805860758,0,0.313235283,0.28412509,15.9304171,0,8.5565176,8.44330978,0,13.3953247,0,0,399,0,0,0,0,,,,63
44938569,0.5,0.5,0,0,0.00805860758,0.00805860758,0.313235283,0.28412509,15.9304171,0,8.58665657,8.44753265,0,13.3881769,0,0,399,0,0,0,0,,,,63
44939696,0.5,0,0,0,0,0,0.313235283,0.28412509,15.9304171,0,8.58062935,8.44119835,0,13.3953247,0,0,399,0,0,0,0,,,,63
44940830,0.5,0,0,0,0,0.0161172152,0.313235283,0.28412509,15.9304171,0,8.5444622,8.44119835,0,13.3953247,0,0,399,0,0,0,0,,,,63
44941957,0.5,0,0,0,0,0.00805860758,0.313235283,0.28412509,15.9349623,0,8.57158756,8.45386696,0,13.3953247,0,0,399,0,0,0,0,,,,63
44943087,0.5,1,0,0,0.00805860758,0,0.313235283,0.28412509,15.9304171,0,8.55350399,8.44964409,0,13.3953247,0,0,399,0,0,0,0,,,,63
44944214,0.5,0,0,0,0,0.00805860758,0.313235283,0.28412509,15.9258718,0,8.55350399,8.44542122,0,13.3953247,0,0,399,0,0,0,0,,,,63
44945344,0.5,0,0,0,0,0.00805860758,0.313235283,0.28412509,15.9304171,0,8.568573,8.44542122,0.00714798551,13.3953247,0,0,399,0,0,0,0,,,,63
44946476,0.5,0,0,0,0,0.00805860758,0.313235283,0.28412509,15.9304171,0,8.55953121,8.44753265,0,13.3953247,0,0,399,0,0,0,0,,,,63
44947605,0.5,1,0,0,0.00805860758,0,0.313235283,0.28412509,15.9304171,0,8.54747581,8.43486404,0,13.3953247,0,0,399,0,0,0,0,,,,63
44948732,0.5,1,0,0,0.0161172152,0,0.313235283,0.28412509,15.9349623,0,8.55953121,8.45175552,0,13.3953247,0,0,399,0,0,0,0,,,,63
44949862,0.5,1,0,0,0.00805860758,0,0.313235283,0.28412509,15.9304171,0,8.568573,8.45175552,0,13.3953247,0,0,399,0,0,0,0,,,,63
44950988,0.5,1,0,0,0.00805860758,0,0.313235283,0.28412509,15.9349623,0,8.52939224,8.45175552,0,13.3953247,0,0,399,0,0,0,0,,,,63
44952119,0.5,1,0,0,0.00805860758,0,0.313235283,0.28412509,15.9304171,0,8.53843403,8.44753265,0,13.4024725,0,0,399,0,0,0,0,,,,63
44953250,0.5,1,0,0,0.00805860758,0,0.313235283,0.28412509,15.9304171,0,8.55350399,8.44119835,0,13.3953247,0,0,399,0,0,0,0,,,,63
44954380,0.5,1,0,0,0.00805860758,0,0.313235283,0.28412509,15.9304171,0,8.56555939,8.45386696,0,13.3953247,0,0,399,0,0,0,0,,,,63
44955507,0.5,1,0,0,0.0161172152,0,0.313235283,0.28412509,15.9349623,0,8.54747581,8.45597839,0,13.3881769,0,0,399,0,0,0,0,,,,63
44956841,0.5,1,0,0,0.00805860758,0,0.313235283,0.28412509,15.9304171,0,8.55953121,8.44964409,0,13.3953247,0,0,399,0,0,0,0,,,,63
44957968,0.5,1,0,0,0.00805860758,0,0.313235283,0.28412509,15.9304171,0,8.58364296,8.45175552,0,13.3953247,0,0,399,0,0,0,0,,,,63
44959102,0.5,0,0,0,0,0,0.313235283,0.28412509,15.9349623,0,8.53843403,8.44542122,0,13.3953247,0,0,399,0,0,0,0,,,,63
44960230,0.5,1,0,0,0.00805860758,0,0.313235283,0.28412509,15.9304171,0,8.54747581,8.45386696,0,13.3953247,0,0,399,0,0,0,0,,,,63
44961359,0.5,1,0,0,0.00805860758,0,0.313235283,0.28412509,15.9349623,0,8.56555939,8.45175552,0,13.4024725,0,0,399,0,0,0,0,,,,63
44962486,0.5,1,0,0,0.00805860758,0,0.313235283,0.28412509,15.9349623,0,8.568573,8.45386696,0,13.3953247,0,0,399,0,0,0,0,,,,63
44963616,0.5,1,0,0,0.00805860758,0,0.313235283,0.28412509,15.9304171,0,8.58364296,8.44753265,0,13.3953247,0,0,399,0,0,0,0,,,,63
44964743,0.5,1,0,0,0.00805860758,0,0.313235283,0.28412509,15.9304171,0,8.58062935,8.45386696,0,13.3953247,0,0,399,0,0,0,0,,,,63
44965877,0.5,1,0,0,0.00805860758,0,0.313235283,0.28412509,15.9304171,0,8.54144764,8.45386696,0,13.3953247,0,0,399,0,0,0,0,,,,63
44967004,0.5,0,0,0,0,0,0.313235283,0.28412509,15.9304171,0,8.57761478,8.44542122,0,13.3953247,0,0,399,0,0,0,0,,,,63
44968134,0.5,1,0,0,0.00805860758,0,0.313235283,0.28412509,15.9304171,0,8.57460117,8.43697548,0,13.3953247,0,0,399,0,0,0,0,,,,63
44969261,0.5,1,0,0,0.00805860758,0,0.313235283,0.28412509,15.9304171,0,8.59871292,8.44330978,0,13.3953247,0,0,399,0,0,0,0,,,,63
44970391,0.5,1,0,0,0.0161172152,0,0.313235283,0.28412509,15.9304171,0,8.54144764,8.44753265,0,13.3953247,0,0,399,0,0,0,0,,,,63
44971517,0.5,1,0,0,0.00805860758,0,0.313235283,0.28412509,15.9349623,0,8.57460117,8.44753265,0,13.3953247,0,0,399,0,0,0,0,,,,63
44972652,0.5,1,0,0,0.00805860758,0,0.313235283,0.28412509,15.9349623,0,8.55048943,8.44964409,0,13.3953247,0,0,399,0,0,0,0,,,,63
44973779,0.5,1,0,0,0.00805860758,0,0.313235283,0.28412509,15.9349623,0,8.56555939,8.44119835,0,13.3953247,0,0,399,0,0,0,0,,,,63
44974908,0.5,0,0,0,0,0.00805860758,0.313235283,0.28412509,15.9349623,0,8.55350399,8.43908691,0,13.3953247,0,0,399,0,0,0,0,,,,63
44976035,0.5,0,0,0,0,0,0.313235283,0.28412509,15.9304171,0,8.54144764,8.45386696,0,13.3810291,0,0,399,0,0,0,0,,,,63
44977369,0.5,0,0,0,0,0,0.313235283,0.28412509,15.9304171,0,8.55048943,8.44330978,0,13.3953247,0,0,399,0,0,0,0,,,,63
44978501,0.5,0,0,0,0,0,0.313235283,0.28412509,15.9304171,0,8.58665657,8.44753265,0,13.3953247,0,0,399,0,0,0,0,,,,63
44979631,0.5,1,0,0,0.00805860758,0,0.313235283,0.28412509,15.9304171,0,8.56555939,8.45386696,0,13.3953247,0,0,399,0,0,0,0,,,,63
44980758,0.5,1,0,0,0.00805860758,0,0.313235283,0.28412509,15.9349623,0,8.57158756,8.44964409,0,13.3953247,0,0,399,0,0,0,0,,,,63
44981888,0.5,1,0,0,0.00805860758,0,0.313235283,0.28412509,15.9304171,0,8.56555939,8.44542122,0,13.3953247,0,0,399,0,0,0,0,,,,63
44983015,0.5,1,0,0,0.00805860758,0,0.313235283,0.28412509,15.9304171,0,8.57460117,8.44119835,0,13.3881769,0,0,399,0,0,0,0,,,,63
44984144,0.5,1,0,0,0.00805860758,0,0.313235283,0.28412509,15.9304171,0,8.59268475,8.44964409,0,13.3953247,0,0,399,0,0,0,0,,,,63
44985276,0.5,0,0,0,0,0,0.313235283,0.28412509,15.9304171,0,8.5444622,8.44753265,0,13.3953247,0,0,399,0,0,0,0,,,,63
44986406,0.5,0,0,0,0,0,0.313235283,0.28412509,15.9304171,0,8.58967113,8.44330978,0,13.3953247,0,0,399,0,0,0,0,,,,63
44987533,0.5,1,0,0,0.00805860758,0,0.313235283,0.28412509,15.9349623,0,8.56555939,8.45597839,0,13.3881769,0,0,399,0,0,0,0,,,,63
44988663,0.5,0,0,0,0,0,0.313235283,0.28412509,15.9349623,0,8.55048943,8.44542122,0,13.3953247,0,0,399,0,0,0,0,,,,63
44989789,0.5,1,0,0,0.00805860758,0,0.313235283,0.28412509,15.9304171,0,8.54144764,8.44542122,0,13.3953247,0,0,399,0,0,0,0,,,,63
44990924,0.5,0,0,0,0,0,0.313235283,0.28412509,15.9349623,0,8.568573,8.44330978,0,13.4024725,0,0,399,0,0,0,0,,,,63
44992051,0.5,1,0,0,0.00805860758,0,0.313235283,0.28412509,15.9304171,0,8.568573,8.45386696,0,13.3810291,0,0,399,0,0,0,0,,,,63
44993181,0.5,1,0,0,0.00805860758,0,0.313235283,0.28412509,15.9304171,0,8.54144764,8.44964409,0,13.3953247,0,0,399,0,0,0,0,,,,63
44994308,0.5,1,0,0,0.00805860758,0,0.313235283,0.28412509,15.9304171,0,8.53843403,8.45386696,0,13.3953247,0,0,399,0,0,0,0,,,,63
44995437,0.5,1,0,0,0.0161172152,0,0.313235283,0.28412509,15.9304171,0,8.58364296,8.44119835,0,13.3953247,0,0,399,0,0,0,0,,,,63
44996564,0.5,1,0,0,0.00805860758,0,0.313235283,0.28412509,15.9304171,0,8.56254578,8.44542122,0,13.3953247,0,0,399,0,0,0,0,,,,63
44997903,0.5,0,0,0,0,0.00805860758,0.313235283,0.28412509,15.9304171,0,8.5565176,8.45175552,0,13.3953247,0,0,399,0,0,0,0,,,,63
44999030,0.5,1,0,0,0.00805860758,0,0.313235283,0.28412509,15.9349623,0,8.55953121,8.44964409,0,13.3953247,0,0,399,0,0,0,0,,,,63
45000159,0.5,0.5,0,0,0.00805860758,0.00805860758,0.313235283,0.28412509,15.9304171,0,8.55953121,8.44542122,0,13.3881769,0,0,399,0,0,0,0,,,,63
45001286,0.5,0,0,0,0,0.00805860758,0.313235283,0.28412509,15.9349623,0,8.57158756,8.44119835,0,13.3953247,0,0,399,0,0,0,0,,,,63
45002416,0.5,0,0,0,0,0.00805860758,0.313235283,0.28412509,15.9349623,0,8.58967113,8.44330978,0,13.3953247,0,0,399,0,0,0,0,,,,63
45003547,0.5,0.5,0,0,0.00805860758,0.00805860758,0.313235283,0.28412509,15.9349623,0,8.58665657,8.45386696,0,13.3953247,0,0,399,0,0,0,0,,,,63
45004677,0.5,1,0,0,0.00805860758,0,0.313235283,0.28412509,15.9349623,0,8.58665657,8.44542122,0,13.3953247,0,0,399,0,0,0,0,,,,63
45005804,0.5,1,0,0,0.00805860758,0,0.313235283,0.28412509,15.9349623,0,8.56254578,8.44330978,0,13.3953247,0,0,399,0,0,0,0,,,,63
45006934,0.5,1,0,0,0.00805860758,0,0.313235283,0.28412509,15.9304171,0,8.5565176,8.45175552,0,13.3953247,0,0,399,0,0,0,0,,,,63
45008061,0.5,0,0,0,0,0,0.313235283,0.28412509,15.9349623,0,8.54747581,8.44330978,0,13.3810291,0,0,399,0,0,0,0,,,,63
45009190,0.5,0,0,0,0,0,0.313235283,0.28412509,15.9304171,0,8.54144764,8.45386696,0,13.3953247,0,0,399,0,0,0,0,,,,63
45010322,0.5,1,0,0,0.00805860758,0,0.313235283,0.28412509,15.9349623,0,8.52637863,8.44753265,0,13.3881769,0,0,399,0,0,0,0,,,,63
45011452,0.5,0.5,0,0,0.00805860758,0.00805860758,0.313235283,0.28412509,15.9304171,0,8.58062935,8.45175552,0,13.3953247,0,0,399,0,0,0,0,,,,63
45012579,0.5,1,0,0,0.00805860758,0,0.313235283,0.28412509,15.9349623,0,8.5444622,8.44542122,0,13.3953247,0,0,399,0,0,0,0,,,,63
45013709,0.5,0,0,0,0,0,0.313235283,0.28412509,15.9349623,0,8.53843403,8.44753265,0,13.3953247,0,0,399,0,0,0,0,,,,63
45014835,0.5,1,0,0,0.0161172152,0,0.313235283,0.28412509,15.9304171,0,8.58665657,8.43697548,0,13.4024725,0,0,399,0,0,0,0,,,,63
45015970,0.5,0,0,0,0,0.00805860758,0.313235283,0.28412509,15.9304171,0,8.55350399,8.44330978,0,13.3953247,0,0,399,0,0,0,0,,,,63
45017097,0.5,1,0,0,0.00805860758,0,0.313235283,0.28412509,15.9304171,0,8.568573,8.44119835,0,13.3881769,0,0,399,0,0,0,0,,,,63
45018226,0.5,0,0,0,0,0,0.313235283,0.28412509,15.9304171,0,8.58967113,8.43275356,0,13.3953247,0,0,399,0,0,0,0,,,,63
45019557,0.5,1,0,0,0.00805860758,0,0.313235283,0.28412509,15.9349623,0,8.54747581,8.44542122,0,13.3953247,0,0,399,0,0,0,0,,,,63
45020687,0.5,1,0,0,0.00805860758,0,0.313235283,0.28412509,15.9304171,0,8.58364296,8.45175552,0,13.3953247,0,0,399,0,0,0,0,,,,63
45021814,0.5,0,0,0,0,0,0.313235283,0.28412509,15.9349623,0,8.54144764,8.45175552,0,13.3953247,0,0,399,0,0,0,0,,,,63
45022949,0.5,0,0,0,0,0,0.313235283,0.28412509,15.9304171,0,8.59268475,8.44964409,0,13.3953247,0,0,399,0,0,0,0,,,,63
45024076,0.5,0.5,0,0,0.00805860758,0.00805860758,0.313235283,0.28412509,15.9304171,0,8.55048943,8.44753265,0,13.3810291,0,0,399,0,0,0,0,,,,63
45025206,0.5,0,0,0,0,0,0.313235283,0.28412509,15.9304171,0,8.568573,8.44542122,0,13.3953247,0,0,399,0,0,0,0,,,,63
45026333,0.5,1,0,0,0.00805860758,0,0.313235283,0.28412509,15.9304171,0,8.568573,8.44542122,0,13.3953247,0,0,399,0,0,0,0,,,,63
45027462,0.5,0,0,0,0,0,0.313235283,0.28412509,15.9304171,0,8.56555939,8.44542122,0,13.3953247,0,0,399,0,0,0,0,,,,63
45028589,0.5,0,0,0,0,0,0.313235283,0.28412509,15.9304171,0,8.58967113,8.44753265,0,13.3953247,0,0,399,0,0,0,0,,,,63
45029723,0.5,0,0,0,0,0,0.313235283,0.28412509,15.9349623,0,8.57158756,8.44542122,0,13.3953247,0,0,399,0,0,0,0,,,,63
45030850,0.5,0,0,0,0,0.00805860758,0.313235283,0.28412509,15.9349623,0,8.55953121,8.44119835,0,13.3953247,0,0,399,0,0,0,0,,,,63
45031980,0.5,0.5,0,0,0.00805860758,0.00805860758,0.313235283,0.28412509,15.9304171,0,8.568573,8.45175552,0,13.3953247,0,0,399,0,0,0,0,,,,63
45033107,0.5,1,0,0,0.00805860758,0,0.313235283,0.28412509,15.9349623,0,8.56555939,8.44964409,0,13.3953247,0,0,399,0,0,0,0,,,,63
45034237,0.5,0,0,0,0,0,0.313235283,0.28412509,15.9395075,0,8.56254578,8.44753265,0,13.3953247,0,0,399,0,0,0,0,,,,63
45035369,0.5,1,0,0,0.00805860758,0,0.313235283,0.28412509,15.9349623,0,8.5565176,8.45175552,0,13.3953247,0,0,399,0,0,0,0,,,,63
45036498,0.5,1,0,0,0.00805860758,0,0.313235283,0.28412509,15.9304171,0,8.58967113,8.44330978,0,13.3953247,0,0,399,0,0,0,0,,,,63
45037625,0.5,0,0,0,0,0.00805860758,0.313235283,0.28412509,15.9304171,0,8.568573,8.44330978,0,13.3953247,0,0,399,0,0,0,0,,,,63
45038755,0.5,0,0,0,0,0,0.313235283,0.28412509,15.9304171,0,8.59268475,8.44964409,0,13.3953247,0,0,399,0,0,0,0,,,,63
45040086,0.5,1,0,0,0.00805860758,0,0.313235283,0.28412509,15.9304171,0,8.58364296,8.44964409,0,13.4024725,0,0,399,0,0,0,0,,,,63
45041215,0.5,0,0,0,0,0,0.313235283,0.28412509,15.9349623,0,8.54747581,8.45175552,0,13.3953247,0,0,399,0,0,0,0,,,,63
45042347,0.5,1,0,0,0.00805860758,0,0.313235283,0.28412509,15.9349623,0,8.54144764,8.43486404,0,13.3953247,0,0,399,0,0,0,0,,,,63
45043477,0.5,1,0,0,0.00805860758,0,0.313235283,0.28412509,15.9304171,0,8.57158756,8.44542122,0,13.3953247,0,0,399,0,0,0,0,,,,63
45044604,0.5,1,0,0,0.00805860758,0,0.313235283,0.28412509,15.9304171,0,8.58364296,8.45386696,0,13.3953247,0,0,399,0,0,0,0,,,,63
45045733,0.5,0,0,0,0,0,0.313235283,0.28412509,15.9304171,0,8.568573,8.44753265,0,13.3953247,0,0,399,0,0,0,0,,,,63
45046861,0.5,0.5,0,0,0.00805860758,0.00805860758,0.313235283,0.28412509,15.9304171,0,8.5565176,8.44542122,0,13.3953247,0,0,399,0,0,0,0,,,,63
45047995,0.5,1,0,0,0.0161172152,0,0.313235283,0.28412509,15.9304171,0,8.56254578,8.43908691,0,13.3953247,0,0,399,0,0,0,0,,,,63
45049122,0.5,0.666666687,0,0,0.0161172152,0.00805860758,0.313235283,0.28412509,15.9304171,0,8.52336502,8.45175552,0,13.3953247,0,0,399,0,0,0,0,,,,63
45050252,0.5,1,0,0,0.0161172152,0,0.313235283,0.28412509,15.9349623,0,8.57158756,8.44542122,0,13.3953247,0,0,399,0,0,0,0,,,,63
45051379,0.5,0.5,0,0,0.00805860758,0.00805860758,0.313235283,0.28412509,15.9304171,0,8.53240585,8.44330978,0,13.3953247,0,0,399,0,0,0,0,,,,63
45052509,0.5,0,0,0,0,0.00805860758,0.313235283,0.28412509,15.9349623,0,8.568573,8.44542122,0,13.3953247,0,0,399,0,0,0,0,,,,63
45053635,0.5,0,0,0,0,0.0161172152,0.313235283,0.28412509,15.9304171,0,8.58062935,8.44753265,0,13.4024725,0,0,399,0,0,0,0,,,,63
45054770,0.5,0,0,0,0,0.0161172152,0.313235283,0.28412509,15.9304171,0,8.568573,8.43486404,0,13.3953247,0,0,399,0,0,0,0,,,,63
45055897,0.5,0,0,0,0,0.00805860758,0.313235283,0.28412509,15.9304171,0,8.57761478,8.44119835,0,13.3953247,0,0,399,0,0,0,0,,,,63
45057026,0.5,0.5,0,0,0.00805860758,0.00805860758,0.313235283,0.28412509,15.9304171,0,8.57761478,8.44330978,0,13.3881769,0,0,399,0,0,0,0,,,,63
45058153,0.5,0,0,0,0,0.00805860758,0.313235283,0.28412509,15.9304171,0,8.57761478,8.44542122,0,13.3953247,0,0,399,0,0,0,0,,,,63
45059283,0.5,1,0,0,0.00805860758,0,0.313235283,0.28412509,15.9349623,0,8.57460117,8.45808983,0,13.3953247,0,0,399,0,0,0,0,,,,63
45060415,0.5,0,0,0,0,0.00805860758,0.313235283,0.28412509,15.9349623,0,8.56555939,8.44964409,0,13.3953247,0,0,399,0,0,0,0,,,,63
45061749,0.5,0.5,0,0,0.00805860758,0.00805860758,0.313235283,0.28412509,15.9304171,0,8.54747581,8.44330978,0,13.3953247,0,0,399,0,0,0,0,,,,63
45062876,0.5,1,0,0,0.00805860758,0,0.313235283,0.28412509,15.9349623,0,8.568573,8.44542122,0,13.3953247,0,0,399,0,0,0,0,,,,63
45064006,0.5,0,0,0,0,0,0.313235283,0.28412509,15.9304171,0,8.5565176,8.45175552,0,13.3953247,0,0,399,0,0,0,0,,,,63
45065133,0.5,0,0,0,0,0,0.313235283,0.28412509,15.9304171,0,8.57460117,8.43486404,0,13.3881769,0,0,399,0,0,0,0,,,,63
45066262,0.5,1,0,0,0.00805860758,0,0.313235283,0.28412509,15.9304171,0,8.54144764,8.43908691,0,13.4024725,0,0,399,0,0,0,0,,,,63
45067394,0.5,0,0,0,0,0.00805860758,0.313235283,0.28412509,15.9349623,0,8.58665657,8.44964409,0,13.3953247,0,0,399,0,0,0,0,,,,63
45068524,0.5,0,0,0,0,0,0.313235283,0.28412509,15.9304171,0,8.5444622,8.45175552,0,13.3953247,0,0,399,0,0,0,0,,,,63
45069651,0.5,0.5,0,0,0.00805860758,0.00805860758,0.313235283,0.28412509,15.9304171,0,8.56555939,8.45808983,0,13.3953247,0,0,399,0,0,0,0,,,,63
45070780,0.5,1,0,0,0.00805860758,0,0.313235283,0.28412509,15.9349623,0,8.55953121,8.44542122,0,13.3953247,0,0,399,0,0,0,0,,,,63
45071908,0.5,0,0,0,0,0.00805860758,0.313235283,0.28412509,15.9304171,0,8.56555939,8.44330978,0,13.4024725,0,0,399,0,0,0,0,,,,63
45073037,0.5,0,0,0,0,0.00805860758,0.313235283,0.28412509,15.9349623,0,8.54747581,8.44542122,0,13.3881769,0,0,399,0,0,0,0,,,,63
45074169,0.5,1,0,0,0.00805860758,0,0.313235283,0.28412509,15.9349623,0,8.57158756,8.43908691,0,13.3953247,0,0,399,0,0,0,0,,,,63
45075299,0.5,0,0,0,0,0.00805860758,0.313235283,0.28412509,15.9304171,0,8.568573,8.44753265,0,13.3953247,0,0,399,0,0,0,0,,,,63
45076426,0.5,0,0,0,0,0.00805860758,0.313235283,0.28412509,15.9349623,0,8.57158756,8.44542122,0,13.3953247,0,0,399,0,0,0,0,,,,63
45077556,0.5,0,0,0,0,0,0.313235283,0.28412509,15.9304171,0,8.58364296,8.45386696,0,13.3953247,0,0,399,0,0,0,0,,,,63
45078683,0.5,0,0,0,0,0.00805860758,0.313235283,0.28412509,15.9349623,0,8.55953121,8.44964409,0,13.3953247,0,0,399,0,0,0,0,,,,63
45079817,0.5,0,0,0,0,0.00805860758,0.313235283,0.28412509,15.9349623,0,8.58665657,8.44964409,0,13.3953247,0,0,399,0,0,0,0,,,,63
45080944,0.5,1,0,0,0.00805860758,0,0.313235283,0.28412509,15.9304171,0,8.58665657,8.44119835,0,13.3881769,0,0,399,0,0,0,0,,,,63
45082278,0.5,0,0,0,0,0.00805860758,0.313235283,0.28412509,15.9349623,0,8.58062935,8.44542122,0,13.3953247,0,0,399,0,0,0,0,,,,63
45083405,0.5,1,0,0,0.00805860758,0,0.313235283,0.28412509,15.9304171,0,8.55048943,8.43908691,0,13.3953247,0,0,399,0,0,0,0,,,,63
45084534,0.5,1,0,0,0.00805860758,0,0.313235283,0.28412509,15.9304171,0,8.55953121,8.44542122,0,13.4024725,0,0,399,0,0,0,0,,,,63
45085662,0.5,1,0,0,0.00805860758,0,0.313235283,0.28412509,15.9304171,0,8.55048943,8.44330978,0,13.3953247,0,0,399,0,0,0,0,,,,63
45086796,0.5,0,0,0,0,0.00805860758,0.313235283,0.28412509,15.9349623,0,8.57158756,8.44753265,0,13.3953247,0,0,399,0,0,0,0,,,,63
45087923,0.5,0,0,0,0,0,0.313235283,0.28412509,15.9349623,0,8.56555939,8.44964409,0,13.3953247,0,0,399,0,0,0,0,,,,63
45089053,0.5,0,0,0,0,0.00805860758,0.313235283,0.28412509,15.9304171,0,8.5565176,8.44753265,0,13.3810291,0,0,399,0,0,0,0,,,,63
45090180,0.5,0.5,0,0,0.00805860758,0.00805860758,0.313235283,0.28412509,15.9304171,0,8.568573,8.43908691,0,13.3953247,0,0,399,0,0,0,0,,,,63
45091310,0.5,0,0,0,0,0.00805860758,0.313235283,0.28412509,15.9304171,0,8.55953121,8.43486404,0,13.3953247,0,0,399,0,0,0,0,,,,63
45092442,0.5,0,0,0,0,0.00805860758,0.313235283,0.28412509,15.9304171,0,8.54747581,8.44542122,0,13.3953247,0,0,399,0,0,0,0,,,,63
45093571,0.5,0,0,0,0,0.00805860758,0.313235283,0.28412509,15.9304171,0,8.57158756,8.43697548,0,13.4024725,0,0,399,0,0,0,0,,,,63
45094698,0.5,0,0,0,0,0.00805860758,0.313235283,0.28412509,15.9349623,0,8.55350399,8.43697548,0,13.3881769,0,0,399,0,0,0,0,,,,63
45095827,0.5,0,0,0,0,0.00805860758,0.313235283,0.28412509,15.9304171,0,8.58062935,8.44964409,0,13.3953247,0,0,399,0,0,0,0,,,,63
45096955,0.5,1,0,0,0.00805860758,0,0.313235283,0.28412509,15.9304171,0,8.56555939,8.44330978,0,13.3953247,0,0,399,0,0,0,0,,,,63
45098084,0.5,0,0,0,0,0.00805860758,0.313235283,0.28412509,15.9304171,0,8.57460117,8.44542122,0,13.3667326,0,0,399,0,0,0,0,,,,63
45099216,0.5,0,0,0,0,0.00805860758,0.313235283,0.28412509,15.9395075,0,8.58364296,8.44964409,0,13.3953247,0,0,399,0,0,0,0,,,,63
45100346,0.5,1,0,0,0.00805860758,0,0.313235283,0.28412509,15.9304171,0,8.568573,8.44753265,0,13.3953247,0,0,399,0,0,0,0,,,,63
45101473,0.5,0,0,0,0,0,0.313235283,0.28412509,15.9304171,0,8.56555939,8.44964409,0,13.3953247,0,0,399,0,0,0,0,,,,63
45102807,0.5,1,0,0,0.00805860758,0,0.313235283,0.28412509,15.9304171,0,8.54747581,8.44753265,0,13.3953247,0,0,399,0,0,0,0,,,,63
45103934,0.5,0,0,0,0,0.00805860758,0.313235283,0.28412509,15.9304171,0,8.57158756,8.43486404,0,13.3953247,0,0,399,0,0,0,0,,,,63
45105069,0.5,0,0,0,0,0,0.313235283,0.28412509,15.9304171,0,8.58665657,8.43908691,0,13.3738813,0,0,399,0,0,0,0,,,,63
45106195,0.5,0,0,0,0,0.00805860758,0.313235283,0.28412509,15.9304171,0,8.56254578,8.44119835,0,13.3953247,0,0,399,0,0,0,0,,,,63
45107325,0.5,0,0,0,0,0.00805860758,0.313235283,0.28412509,15.9349623,0,8.55350399,8.45175552,0,13.3953247,0,0,399,0,0,0,0,,,,63
45108452,0.5,0,0,0,0,0.00805860758,0.313235283,0.28412509,15.9304171,0,8.58665657,8.44753265,0,13.3953247,0,0,399,0,0,0,0,,,,63
45109582,0.5,0,0,0,0,0,0.313235283,0.28412509,15.9304171,0,8.57761478,8.45175552,0,13.3953247,0,0,399,0,0,0,0,,,,63
45110709,0.5,1,0,0,0.00805860758,0,0.313235283,0.28412509,15.9304171,0,8.53843403,8.45175552,0,13.3953247,0,0,399,0,0,0,0,,,,63
45111843,0.5,1,0,0,0.00805860758,0,0.313235283,0.28412509,15.9304171,0,8.58665657,8.45386696,0,13.3953247,0,0,399,0,0,0,0,,,,63
45112970,0.5,0,0,0,0,0.00805860758,0.313235283,0.28412509,15.9304171,0,8.58967113,8.45386696,0,13.3953247,0,0,399,0,0,0,0,,,,63
45114100,0.5,0,0,0,0,0,0.313235283,0.28412509,15.9349623,0,8.5444622,8.44753265,0,13.3953247,0,0,399,0,0,0,0,,,,63
45115227,0.5,0.5,0,0,0.00805860758,0.00805860758,0.313235283,0.28412509,15.9258718,0,8.55048943,8.44542122,0,13.3881769,0,0,399,0,0,0,0,,,,63
45116357,0.5,0,0,0,0,0,0.313235283,0.28412509,15.9349623,0,8.55048943,8.44964409,0,13.3953247,0,0,399,0,0,0,0,,,,63
45117483,0.5,1,0,0,0.00805860758,0,0.313235283,0.28412509,15.9304171,0,8.59268475,8.44753265,0,13.3953247,0,0,399,0,0,0,0,,,,63
45118618,0.5,1,0,0,0.00805860758,0,0.313235283,0.28412509,15.9304171,0,8.55350399,8.44753265,0,13.3953247,0,0,399,0,0,0,0,,,,63
45119745,0.5,1,0,0,0.00805860758,0,0.313235283,0.28412509,15.9349623,0,8.54747581,8.45386696,0,13.3953247,0,0,399,0,0,0,0,,,,63
45120874,0.5,1,0,0,0.00805860758,0,0.313235283,0.28412509,15.9349623,0,8.56254578,8.44964409,0,13.3953247,0,0,399,0,0,0,0,,,,63
45122002,0.5,0,0,0,0,0.00805860758,0.313235283,0.28412509,15.9304171,0,8.568573,8.43908691,0,13.3953247,0,0,399,0,0,0,0,,,,63
45123131,0.5,0,0,0,0,0.00805860758,0.313235283,0.28412509,15.9349623,0,8.56555939,8.45175552,0,13.3953247,0,0,399,0,0,0,0,,,,63
45124467,0.5,0.5,0,0,0.00805860758,0.00805860758,0.313235283,0.28412509,15.9304171,0,8.57761478,8.44753265,0,13.3953247,0,0,399,0,0,0,0,,,,63
45125597,0.5,0,0,0,0,0,0.313235283,0.28412509,15.9304171,0,8.55048943,8.44753265,0,13.3953247,0,0,399,0,0,0,0,,,,63
45126724,0.5,1,0,0,0.00805860758,0,0.313235283,0.28412509,15.9304171,0,8.55048943,8.44542122,0,13.4024725,0,0,399,0,0,0,0,,,,63
45127854,0.5,0,0,0,0,0,0.313235283,0.28412509,15.9304171,0,8.54144764,8.45597839,0.00714798551,13.3953247,0,0,399,0,0,0,0,,,,63
45128980,0.5,1,0,0,0.00805860758,0,0.313235283,0.28412509,15.9304171,0,8.55350399,8.45386696,0,13.3953247,0,0,399,0,0,0,0,,,,63
45130110,0.5,0.5,0,0,0.00805860758,0.00805860758,0.313235283,0.28412509,15.9304171,0,8.55350399,8.45175552,0,13.3953247,0,0,399,0,0,0,0,,,,63
45131242,0.5,0,0,0,0,0.00805860758,0.313235283,0.28412509,15.9349623,0,8.56555939,8.43697548,0,13.4024725,0,0,399,0,0,0,0,,,,63
45132372,0.5,0,0,0,0,0,0.313235283,0.28412509,15.9349623,0,8.58364296,8.44330978,0,13.3953247,0,0,399,0,0,0,0,,,,63
45133498,0.5,0,0,0,0,0.00805860758,0.313235283,0.28412509,15.9349623,0,8.57460117,8.44330978,0,13.3953247,0,0,399,0,0,0,0,,,,63
45134628,0.5,1,0,0,0.00805860758,0,0.313235283,0.28412509,15.9304171,0,8.56555939,8.44542122,0,13.3953247,0,0,399,0,0,0,0,,,,63
45135755,0.5,0,0,0,0,0.00805860758,0.313235283,0.28412509,15.9349623,0,8.57158756,8.44119835,0,13.3953247,0,0,399,0,0,0,0,,,,63
45136889,0.5,0,0,0,0,0,0.313235283,0.28412509,15.9304171,0,8.58062935,8.44542122,0,13.3953247,0,0,399,0,0,0,0,,,,63
45138017,0.5,0,0,0,0,0.00805860758,0.313235283,0.28412509,15.9304171,0,8.55350399,8.44964409,0,13.3953247,0,0,399,0,0,0,0,,,,63
45139146,0.5,0,0,0,0,0.00805860758,0.313235283,0.28412509,15.9349623,0,8.56254578,8.44542122,0,13.3953247,0,0,399,0,0,0,0,,,,63
45140273,0.5,0,0,0,0,0,0.313235283,0.28412509,15.9304171,0,8.57460117,8.44330978,0,13.3953247,0,0,399,0,0,0,0,,,,63
45141403,0.5,0,0,0,0,0,0.313235283,0.28412509,15.9304171,0,8.58665657,8.44753265,0,13.3953247,0,0,399,0,0,0,0,,,,63
45142529,0.5,1,0,0,0.00805860758,0,0.313235283,0.28412509,15.9349623,0,8.55953121,8.44330978,0,13.3881769,0,0,399,0,0,0,0,,,,63
45143664,0.5,0,0,0,0,0,0.313235283,0.28412509,15.9349623,0,8.55048943,8.44542122,0,13.3953247,0,0,399,0,0,0,0,,,,63
45144995,0.5,0,0,0,0,0,0.313235283,0.28412509,15.9304171,0,8.5565176,8.45175552,0,13.3953247,0,0,399,0,0,0,0,,,,63
45146124,0.5,0,0,0,0,0,0.313235283,0.28412509,15.9349623,0,8.55953121,8.45175552,0,13.3953247,0,0,399,0,0,0,0,,,,63
45147251,0.5,1,0,0,0.00805860758,0,0.313235283,0.28412509,15.9304171,0,8.5444622,8.44542122,0,13.3881769,0,0,399,0,0,0,0,,,,63
45148381,0.5,0,0,0,0,0,0.313235283,0.28412509,15.9304171,0,8.57460117,8.45386696,0,13.3953247,0,0,399,0,0,0,0,,,,63
45149513,0.5,1,0,0,0.00805860758,0,0.313235283,0.28412509,15.9349623,0,8.55048943,8.45175552,0,13.3953247,0,0,399,0,0,0,0,,,,63
45150642,0.5,1,0,0,0.00805860758,0,0.313235283,0.28412509,15.9304171,0,8.58665657,8.44542122,0,13.3953247,0,0,399,0,0,0,0,,,,63
45151769,0.5,1,0,0,0.00805860758,0,0.313235283,0.28412509,15.9304171,0,8.5444622,8.45597839,0,13.3953247,0,0,399,0,0,0,0,,,,63
45152899,0.5,1,0,0,0.00805860758,0,0.313235283,0.28412509,15.9349623,0,8.58364296,8.44119835,0,13.3881769,0,0,399,0,0,0,0,,,,63
45154026,0.5,1,0,0,0.00805860758,0,0.313235283,0.28412509,15.9304171,0,8.53542042,8.45175552,0,13.3881769,0,0,399,0,0,0,0,,,,63
45155156,0.5,0,0,0,0,0,0.313235283,0.28412509,15.9304171,0,8.55953121,8.45175552,0,13.3881769,0,0,399,0,0,0,0,,,,63
45156288,0.5,1,0,0,0.0161172152,0,0.313235283,0.28412509,15.9349623,0,8.53542042,8.44964409,0,13.4024725,0,0,399,0,0,0,0,,,,63
45157418,0.5,1,0,0,0.00805860758,0,0.313235283,0.28412509,15.9304171,0,8.568573,8.44753265,0,13.3953247,0,0,399,0,0,0,0,,,,63
45158544,0.5,1,0,0,0.00805860758,0,0.313235283,0.28412509,15.9304171,0,8.54144764,8.45386696,0,13.3953247,0,0,399,0,0,0,0,,,,63
45159674,0.5,0,0,0,0,0,0.313235283,0.28412509,15.9349623,0,8.57761478,8.44542122,0,13.3953247,0,0,399,0,0,0,0,,,,63
45160801,0.5,0,0,0,0,0.00805860758,0.313235283,0.28412509,15.9304171,0,8.56555939,8.44330978,0,13.3953247,0,0,399,0,0,0,0,,,,63
45161935,0.5,0,0,0,0,0.00805860758,0.313235283,0.28412509,15.9349623,0,8.58062935,8.43486404,0,13.4024725,0,0,399,0,0,0,0,,,,63
45163062,0.5,0,0,0,0,0.00805860758,0.313235283,0.28412509,15.9304171,0,8.568573,8.44964409,0,13.3810291,0,0,399,0,0,0,0,,,,63
45164192,0.5,0,0,0,0,0,0.313235283,0.28412509,15.9304171,0,8.56254578,8.44119835,0,13.3953247,0,0,399,0,0,0,0,,,,63
45165319,0.5,1,0,0,0.00805860758,0,0.313235283,0.28412509,15.9304171,0,8.56555939,8.44964409,0,13.3953247,0,0,399,0,0,0,0,,,,63
45166653,0.5,1,0,0,0.00805860758,0,0.313235283,0.28412509,15.9304171,0,8.57761478,8.44753265,0,13.3953247,0,0,399,0,0,0,0,,,,63
45167780,0.5,0,0,0,0,0,0.313235283,0.28412509,15.9349623,0,8.58062935,8.44964409,0,13.3953247,0,0,399,0,0,0,0,,,,63
45168915,0.5,0,0,0,0,0,0.313235283,0.28412509,15.9304171,0,8.57158756,8.45386696,0,13.3953247,0,0,399,0,0,0,0,,,,63
45170042,0.5,0.333333343,0,0,0.00805860758,0.0161172152,0.313235283,0.28412509,15.9304171,0,8.57761478,8.43908691,0,13.3881769,0,0,399,0,0,0,0,,,,63
45171171,0.5,1,0,0,0.00805860758,0,0.313235283,0.28412509,15.9304171,0,8.57158756,8.44119835,0,13.3953247,0,0,399,0,0,0,0,,,,63
45172298,0.5,1,0,0,0.00805860758,0,0.313235283,0.28412509,15.9304171,0,8.52336502,8.43908691,0,13.3953247,0,0,399,0,0,0,0,,,,63
45173428,0.5,1,0,0,0.00805860758,0,0.313235283,0.28412509,15.9304171,0,8.54144764,8.44964409,0,13.3953247,0,0,399,0,0,0,0,,,,63
45174555,0.5,0,0,0,0,0.00805860758,0.313235283,0.28412509,15.9304171,0,8.58062935,8.44542122,0,13.4024725,0,0,399,0,0,0,0,,,,63
45175689,0.5,0,0,0,0,0,0.313235283,0.28412509,15.9349623,0,8.56555939,8.44119835,0,13.3953247,0,0,399,0,0,0,0,,,,63
45176816,0.5,0,0,0,0,0.00805860758,0.313235283,0.28412509,15.9304171,0,8.568573,8.45597839,0,13.3953247,0,0,399,0,0,0,0,,,,63
45177946,0.5,0,0,0,0,0,0.313235283,0.28412509,15.9349623,0,8.55350399,8.45175552,0,13.3953247,0,0,399,0,0,0,0,,,,63
45179073,0.5,0,0,0,0,0,0.313235283,0.28412509,15.9304171,0,8.58665657,8.43908691,0,13.3881769,0,0,399,0,0,0,0,,,,63
45180203,0.5,0,0,0,0,0.00805860758,0.313235283,0.28412509,15.9304171,0,8.56254578,8.43908691,0,13.3953247,0,0,399,0,0,0,0,,,,63
45181335,0.5,0,0,0,0,0.00805860758,0.313235283,0.28412509,15.9304171,0,8.5444622,8.44330978,0,13.3953247,0,0,399,0,0,0,0,,,,63
45182464,0.5,0,0,0,0,0,0.313235283,0.28412509,15.9304171,0,8.57460117,8.44119835,0,13.3953247,0,0,399,0,0,0,0,,,,63
45183591,0.5,0,0,0,0,0,0.313235283,0.28412509,15.9304171,0,8.568573,8.45597839,0,13.3953247,0,0,399,0,0,0,0,,,,63
45184721,0.5,0,0,0,0,0,0.313235283,0.28412509,15.9304171,0,8.56555939,8.46020031,0,13.3953247,0,0,399,0,0,0,0,,,,63
45185848,0.5,1,0,0,0.00805860758,0,0.313235283,0.28412509,15.9304171,0,8.55953121,8.45386696,0,13.3953247,0,0,399,0,0,0,0,,,,63
45187182,0.5,1,0,0,0.00805860758,0,0.313235283,0.28412509,15.9304171,0,8.57158756,8.44964409,0,13.3953247,0,0,399,0,0,0,0,,,,63
45188313,0.5,0,0,0,0,0,0.313235283,0.28412509,15.9304171,0,8.58665657,8.44753265,0,13.3953247,0,0,399,0,0,0,0,,,,63
45189443,0.5,1,0,0,0.00805860758,0,0.313235283,0.28412509,15.9304171,0,8.57158756,8.44753265,0,13.3953247,0,0,399,0,0,0,0,,,,63
45190570,0.5,1,0,0,0.00805860758,0,0.313235283,0.28412509,15.9304171,0,8.56555939,8.44542122,0,13.3953247,0,0,399,0,0,0,0,,,,63
45191700,0.5,0,0,0,0,0,0.313235283,0.28412509,15.9304171,0,8.568573,8.45808983,0,13.3953247,0,0,399,0,0,0,0,,,,63
45192827,0.5,0,0,0,0,0,0.313235283,0.28412509,15.9304171,0,8.5444622,8.43486404,0,13.3953247,0,0,399,0,0,0,0,,,,63
45193961,0.5,0,0,0,0,0.00805860758,0.313235283,0.28412509,15.9304171,0,8.54144764,8.44753265,0,13.3953247,0,0,399,0,0,0,0,,,,63
45195088,0.5,0.5,0,0,0.00805860758,0.00805860758,0.313235283,0.28412509,15.9349623,0,8.53542042,8.44964409,0,13.3953247,0,0,399,0,0,0,0,,,,63
45196218,0.5,1,0,0,0.00805860758,0,0.313235283,0.28412509,15.9304171,0,8.58364296,8.44964409,0,13.3953247,0,0,399,0,0,0,0,,,,63
45197345,0.5,0.5,0,0,0.00805860758,0.00805860758,0.313235283,0.28412509,15.9349623,0,8.56254578,8.44330978,0,13.3953247,0,0,399,0,0,0,0,,,,63
45198474,0.5,0,0,0,0,0.00805860758,0.313235283,0.28412509,15.9304171,0,8.5565176,8.44330978,0,13.3953247,0,0,399,0,0,0,0,,,,63
45199601,0.5,1,0,0,0.00805860758,0,0.313235283,0.28412509,15.9304171,0,8.56254578,8.44330978,0,13.3953247,0,0,399,0,0,0,0,,,,63
45200736,0.5,1,0,0,0.00805860758,0,0.313235283,0.28412509,15.9349623,0,8.56254578,8.43908691,0,13.3953247,0,0,399,0,0,0,0,,,,63
45201863,0.5,1,0,0,0.00805860758,0,0.313235283,0.28412509,15.9349623,0,8.57761478,8.45175552,0,13.3953247,0,0,399,0,0,0,0,,,,63
45202993,0.5,0,0,0,0,0.00805860758,0.313235283,0.28412509,15.9304171,0,8.57158756,8.44542122,0,13.3953247,0,0,399,0,0,0,0,,,,63
45204120,0.5,1,0,0,0.0161172152,0,0.313235283,0.28412509,15.9304171,0,8.56555939,8.44753265,0,13.3953247,0,0,399,0,0,0,0,,,,63
45205250,0.5,0,0,0,0,0,0.313235283,0.28412509,15.9258718,0,8.58062935,8.45175552,0,13.3953247,0,0,399,0,0,0,0,,,,63
45206381,0.5,0,0,0,0,0,0.313235283,0.28412509,15.9304171,0,8.57761478,8.44330978,0,13.3953247,0,0,399,0,0,0,0,,,,63
45207511,0.5,0,0,0,0,0.00805860758,0.313235283,0.28412509,15.9349623,0,8.58665657,8.44542122,0,13.3953247,0,0,399,0,0,0,0,,,,63
45208842,0.5,0,0,0,0,0.00805860758,0.313235283,0.28412509,15.9304171,0,8.54144764,8.43486404,0,13.3953247,0,0,399,0,0,0,0,,,,63
45209972,0.5,0,0,0,0,0.00805860758,0.313235283,0.28412509,15.9304171,0,8.58364296,8.44330978,0,13.3953247,0,0,399,0,0,0,0,,,,63
45211098,0.5,0,0,0,0,0.00805860758,0.313235283,0.28412509,15.9304171,0,8.58062935,8.45386696,0,13.3953247,0,0,399,0,0,0,0,,,,63
45212228,0.5,0,0,0,0,0,0.313235283,0.28412509,15.9213276,0,8.568573,8.45175552,0,13.3953247,0,0,399,0,0,0,0,,,,63
45213360,0.5,0,0,0,0,0,0.313235283,0.28412509,15.9349623,0,8.568573,8.44753265,0,13.3953247,0,0,399,0,0,0,0,,,,63
45214489,0.5,0,0,0,0,0,0.313235283,0.28412509,15.9304171,0,8.51432323,8.44542122,0,13.3953247,0,0,399,0,0,0,0,,,,63
45215616,0.5,1,0,0,0.00805860758,0,0.313235283,0.28412509,15.9304171,0,8.58062935,8.44753265,0,13.3953247,0,0,399,0,0,0,0,,,,63
45216746,0.5,1,0,0,0.00805860758,0,0.313235283,0.28412509,15.9304171,0,8.55350399,8.45175552,0,13.3953247,0,0,399,0,0,0,0,,,,63
45217873,0.5,1,0,0,0.00805860758,0,0.313235283,0.28412509,15.9349623,0,8.58967113,8.44753265,0,13.3953247,0,0,399,0,0,0,0,,,,63
45219003,0.5,0,0,0,0,0,0.313235283,0.28412509,15.9349623,0,8.58062935,8.44542122,0,13.3953247,0,0,399,0,0,0,0,,,,63
45220135,0.5,1,0,0,0.00805860758,0,0.313235283,0.28412509,15.9304171,0,8.56254578,8.44119835,0,13.3953247,0,0,399,0,0,0,0,,,,63
45221264,0.5,0,0,0,0,0,0.313235283,0.28412509,15.9349623,0,8.54747581,8.44330978,0,13.3953247,0,0,399,0,0,0,0,,,,63
45222391,0.5,1,0,0,0.00805860758,0,0.313235283,0.28412509,15.9304171,0,8.56555939,8.44542122,0,13.3953247,0,0,399,0,0,0,0,,,,63
45223521,0.5,1,0,0,0.00805860758,0,0.313235283,0.28412509,15.9349623,0,8.53240585,8.44542122,0,13.3953247,0,0,399,0,0,0,0,,,,63
45224648,0.5,0,0,0,0,0,0.313235283,0.28412509,15.9304171,0,8.568573,8.45175552,0,13.3953247,0,0,399,0,0,0,0,,,,63
45225782,0.5,1,0,0,0.00805860758,0,0.313235283,0.28412509,15.9304171,0,8.55350399,8.44119835,0,13.3953247,0,0,399,0,0,0,0,,,,63
45226909,0.5,1,0,0,0.00805860758,0,0.313235283,0.28412509,15.9304171,0,8.58364296,8.44542122,0,13.3953247,0,0,399,0,0,0,0,,,,63
45228039,0.5,1,0,0,0.00805860758,0,0.313235283,0.28412509,15.9304171,0,8.58062935,8.44330978,0,13.3881769,0,0,399,0,0,0,0,,,,63
45229370,0.5,1,0,0,0.00805860758,0,0.313235283,0.28412509,15.9304171,0,8.57761478,8.44542122,0,13.3953247,0,0,399,0,0,0,0,,,,63
45230500,0.5,1,0,0,0.00805860758,0,0.313235283,0.28412509,15.9349623,0,8.5444622,8.45386696,0,13.3953247,0,0,399,0,0,0,0,,,,63
45231627,0.5,0.5,0,0,0.00805860758,0.00805860758,0.313235283,0.28412509,15.9349623,0,8.54747581,8.44964409,0,13.3953247,0,0,399,0,0,0,0,,,,63
45232762,0.5,1,0,0,0.00805860758,0,0.313235283,0.28412509,15.9304171,0,8.56254578,8.44753265,0,13.3953247,0,0,399,0,0,0,0,,,,63
45233888,0.5,1,0,0,0.0161172152,0,0.313235283,0.28412509,15.9304171,0,8.54747581,8.46020031,0,13.3953247,0,0,399,0,0,0,0,,,,63
45235018,0.5,1,0,0,0.00805860758,0,0.313235283,0.28412509,15.9304171,0,8.52336502,8.45386696,0,13.3881769,0,0,399,0,0,0,0,,,,63
45236145,0.5,1,0,0,0.00805860758,0,0.313235283,0.28412509,15.9304171,0,8.54144764,8.45597839,0,13.3953247,0,0,399,0,0,0,0,,,,63
45237274,0.5,1,0,0,0.00805860758,0,0.313235283,0.28412509,15.9304171,0,8.5565176,8.44753265,0,13.3953247,0,0,399,0,0,0,0,,,,63
45238406,0.5,1,0,0,0.0161172152,0,0.313235283,0.28412509,15.9304171,0,8.54747581,8.44119835,0,13.3953247,0,0,399,0,0,0,0,,,,63
45239536,0.5,1,0,0,0.00805860758,0,0.313235283,0.28412509,15.9304171,0,8.56254578,8.44753265,0,13.3953247,0,0,399,0,0,0,0,,,,63
45240663,0.5,1,0,0,0.00805860758,0,0.313235283,0.28412509,15.9304171,0,8.51733685,8.45175552,0,13.4024725,0,0,399,0,0,0,0,,,,63
45241793,0.5,1,0,0,0.00805860758,0,0.313235283,0.28412509,15.9304171,0,8.59268475,8.44753265,0,13.3953247,0,0,399,0,0,0,0,,,,63
45242920,0.5,1,0,0,0.00805860758,0,0.313235283,0.28412509,15.9304171,0,8.58364296,8.44964409,0,13.3953247,0,0,399,0,0,0,0,,,,63
45244050,0.5,0,0,0,0,0,0.313235283,0.28412509,15.9304171,0,8.52939224,8.44753265,0,13.3953247,0,0,399,0,0,0,0,,,,63
45245181,0.5,1,0,0,0.00805860758,0,0.313235283,0.28412509,15.9304171,0,8.568573,8.44330978,0,13.3953247,0,0,399,0,0,0,0,,,,63
45246311,0.5,1,0,0,0.00805860758,0,0.313235283,0.28412509,15.9349623,0,8.56555939,8.44753265,0,13.3953247,0,0,399,0,0,0,0,,,,63
45247438,0.5,0,0,0,0,0,0.313235283,0.28412509,15.9349623,0,8.56254578,8.44753265,0,13.3953247,0,0,399,0,0,0,0,,,,63
45248568,0.5,1,0,0,0.00805860758,0,0.313235283,0.28412509,15.9304171,0,8.5444622,8.44330978,0,13.4024725,0,0,399,0,0,0,0,,,,63
45249898,0.5,0.5,0,0,0.00805860758,0.00805860758,0.313235283,0.28412509,15.9304171,0,8.57158756,8.44964409,0,13.4024725,0,0,399,0,0,0,0,,,,63
45251033,0.5,0.5,0,0,0.00805860758,0.00805860758,0.313235283,0.28412509,15.9304171,0,8.56555939,8.44964409,0,13.3810291,0,0,399,0,0,0,0,,,,63
45252160,0.5,1,0,0,0.00805860758,0,0.313235283,0.28412509,15.9349623,0,8.53240585,8.45175552,0,13.3953247,0,0,399,0,0,0,0,,,,63
45253290,0.5,1,0,0,0.00805860758,0,0.313235283,0.28412509,15.9349623,0,8.54144764,8.45386696,0,13.3953247,0,0,399,0,0,0,0,,,,63
45254416,0.5,1,0,0,0.00805860758,0,0.313235283,0.28412509,15.9349623,0,8.5565176,8.44119835,0,13.3953247,0,0,399,0,0,0,0,,,,63
45255546,0.5,0,0,0,0,0,0.313235283,0.28412509,15.9304171,0,8.55350399,8.45597839,0,13.3953247,0,0,399,0,0,0,0,,,,63
45256673,0.5,1,0,0,0.00805860758,0,0.313235283,0.28412509,15.9349623,0,8.5444622,8.45808983,0,13.3953247,0,0,399,0,0,0,0,,,,63
45257808,0.5,1,0,0,0.00805860758,0,0.313235283,0.28412509,15.9349623,0,8.56555939,8.45597839,0,13.3953247,0,0,399,0,0,0,0,,,,63
45258935,0.5,1,0,0,0.00805860758,0,0.313235283,0.28412509,15.9304171,0,8.57761478,8.45386696,0,13.3953247,0,0,399,0,0,0,0,,,,63
45260065,0.5,1,0,0,0.0161172152,0,0.313235283,0.28412509,15.9349623,0,8.54144764,8.44753265,0,13.3738813,0,0,399,0,0,0,0,,,,63
45261191,0.5,1,0,0,0.00805860758,0,0.313235283,0.28412509,15.9304171,0,8.53542042,8.44964409,0,13.3881769,0,0,399,0,0,0,0,,,,63
45262321,0.5,1,0,0,0.00805860758,0,0.313235283,0.28412509,15.9349623,0,8.57761478,8.44964409,0,13.3953247,0,0,399,0,0,0,0,,,,63
45263448,0.5,1,0,0,0.00805860758,0,0.313235283,0.28412509,15.9349623,0,8.56555939,8.44753265,0,13.4024725,0,0,399,0,0,0,0,,,,63
45264582,0.5,1,0,0,0.00805860758,0,0.313235283,0.28412509,15.9349623,0,8.568573,8.45175552,0,13.3953247,0,0,399,0,0,0,0,,,,63
45265709,0.5,1,0,0,0.00805860758,0,0.313235283,0.28412509,15.9304171,0,8.50829506,8.45175552,0,13.3881769,0,0,399,0,0,0,0,,,,63
45266839,0.5,1,0,0,0.00805860758,0,0.313235283,0.28412509,15.9304171,0,8.58364296,8.44330978,0,13.3953247,0,0,399,0,0,0,0,,,,63
45267966,0.5,1,0,0,0.00805860758,0,0.313235283,0.28412509,15.9304171,0,8.56555939,8.44964409,0,13.3953247,0,0,399,0,0,0,0,,,,63
45269096,0.5,0,0,0,0,0.00805860758,0.313235283,0.28412509,15.9304171,0,8.56555939,8.44542122,0,13.3953247,0,0,399,0,0,0,0,,,,63
45270227,0.5,0.5,0,0,0.00805860758,0.00805860758,0.313235283,0.28412509,15.9304171,0,8.56555939,8.43064213,0,13.3953247,0,0,399,0,0,0,0,,,,63
45271561,0.5,0,0,0,0,0.00805860758,0.313235283,0.28412509,15.9304171,0,8.5444622,8.45386696,0,13.3953247,0,0,399,0,0,0,0,,,,63
45272688,0.5,1,0,0,0.00805860758,0,0.313235283,0.28412509,15.9349623,0,8.55350399,8.44753265,0,13.3953247,0,0,399,0,0,0,0,,,,63
45273818,0.5,0.5,0,0,0.00805860758,0.00805860758,0.313235283,0.28412509,15.9304171,0,8.53843403,8.45597839,0,13.3953247,0,0,399,0,0,0,0,,,,63
45274945,0.5,0,0,0,0,0,0.313235283,0.28412509,15.9349623,0,8.58665657,8.44119835,0,13.3953247,0,0,399,0,0,0,0,,,,63
45276074,0.5,0,0,0,0,0,0.313235283,0.28412509,15.9349623,0,8.5565176,8.44753265,0,13.3881769,0,0,399,0,0,0,0,,,,63
45277206,0.5,1,0,0,0.00805860758,0,0.313235283,0.28412509,15.9349623,0,8.53542042,8.43697548,0,13.3953247,0,0,399,0,0,0,0,,,,63
45278336,0.5,1,0,0,0.00805860758,0,0.313235283,0.28412509,15.9304171,0,8.53240585,8.45386696,0,13.3953247,0,0,399,0,0,0,0,,,,63
45279463,0.5,1,0,0,0.00805860758,0,0.313235283,0.28412509,15.9304171,0,8.5565176,8.44119835,0,13.3953247,0,0,399,0,0,0,0,,,,63
45280593,0.5,0.666666687,0,0,0.0161172152,0.00805860758,0.313235283,0.28412509,15.9349623,0,8.56555939,8.44964409,0,13.3953247,0,0,399,0,0,0,0,,,,63
45281720,0.5,1,0,0,0.0161172152,0,0.313235283,0.28412509,15.9349623,0,8.55350399,8.45597839,0,13.3953247,0,0,399,0,0,0,0,,,,63
45282854,0.5,1,0,0,0.00805860758,0,0.313235283,0.28412509,15.9304171,0,8.56555939,8.44753265,0,13.4024725,0,0,399,0,0,0,0,,,,63
45283981,0.5,1,0,0,0.00805860758,0,0.313235283,0.28412509,15.9349623,0,8.57460117,8.45597839,0,13.3953247,0,0,399,0,0,0,0,,,,63
45285111,0.5,1,0,0,0.00805860758,0,0.313235283,0.28412509,15.9304171,0,8.59569836,8.44753265,0,13.3953247,0,0,399,0,0,0,0,,,,63
45286238,0.5,1,0,0,0.00805860758,0,0.313235283,0.28412509,15.9349623,0,8.58967113,8.44330978,0,13.3953247,0,0,399,0,0,0,0,,,,63
45287368,0.5,1,0,0,0.00805860758,0,0.313235283,0.28412509,15.9304171,0,8.5444622,8.44753265,0,13.3881769,0,0,399,0,0,0,0,,,,63
45288494,0.5,1,0,0,0.0161172152,0,0.313235283,0.28412509,15.9258718,0,8.55048943,8.44542122,0,13.3953247,0,0,399,0,0,0,0,,,,63
45289629,0.5,1,0,0,0.0161172152,0,0.313235283,0.28412509,15.9304171,0,8.568573,8.44964409,0,13.3953247,0,0,399,0,0,0,0,,,,63
45290756,0.5,1,0,0,0.00805860758,0,0.313235283,0.28412509,15.9349623,0,8.53240585,8.44330978,0,13.3953247,0,0,399,0,0,0,0,,,,63
45292089,0.5,1,0,0,0.0161172152,0,0.313235283,0.28412509,15.9349623,0,8.57761478,8.43697548,0,13.3953247,0,0,399,0,0,0,0,,,,63
45293216,0.5,0,0,0,0,0,0.313235283,0.28412509,15.9349623,0,8.57158756,8.44542122,0,13.3953247,0,0,399,0,0,0,0,,,,63
45294346,0.5,1,0,0,0.00805860758,0,0.313235283,0.28412509,15.9304171,0,8.53843403,8.44330978,0,13.3953247,0,0,399,0,0,0,0,,,,63
45295478,0.5,1,0,0,0.00805860758,0,0.313235283,0.28412509,15.9304171,0,8.58062935,8.45175552,0,13.4024725,0,0,399,0,0,0,0,,,,63
45296608,0.5,1,0,0,0.00805860758,0,0.313235283,0.28412509,15.9304171,0,8.55350399,8.44330978,0,13.3953247,0,0,399,0,0,0,0,,,,63
45297735,0.5,0.5,0,0,0.00805860758,0.00805860758,0.313235283,0.28412509,15.9349623,0,8.58364296,8.45386696,0,13.3953247,0,0,399,0,0,0,0,,,,63
45298864,0.5,1,0,0,0.00805860758,0,0.313235283,0.28412509,15.9304171,0,8.56555939,8.44964409,0,13.4024725,0,0,399,0,0,0,0,,,,63
45299991,0.5,1,0,0,0.00805860758,0,0.313235283,0.28412509,15.9349623,0,8.568573,8.44330978,0,13.3953247,0,0,399,0,0,0,0,,,,63
45301121,0.5,1,0,0,0.00805860758,0,0.313235283,0.28412509,15.9349623,0,8.57761478,8.45175552,0,13.3953247,0,0,399,0,0,0,0,,,,63
45302253,0.5,1,0,0,0.00805860758,0,0.313235283,0.28412509,15.9349623,0,8.568573,8.45386696,0,13.3953247,0,0,399,0,0,0,0,,,,63
45303383,0.5,1,0,0,0.00805860758,0,0.313235283,0.28412509,15.9304171,0,8.5565176,8.44964409,0,13.3953247,0,0,399,0,0,0,0,,,,63
45304509,0.5,1,0,0,0.00805860758,0,0.313235283,0.28412509,15.9304171,0,8.58062935,8.44542122,0,13.3953247,0,0,399,0,0,0,0,,,,63
45305639,0.5,1,0,0,0.00805860758,0,0.313235283,0.28412509,15.9304171,0,8.57460117,8.43908691,0,13.3953247,0,0,399,0,0,0,0,,,,63
45306766,0.5,1,0,0,0.00805860758,0,0.313235283,0.28412509,15.9304171,0,8.57158756,8.44753265,0,13.3953247,0,0,399,0,0,0,0,,,,63
45307901,0.5,1,0,0,0.00805860758,0,0.313235283,0.28412509,15.9349623,0,8.53843403,8.44964409,0,13.3953247,0,0,399,0,0,0,0,,,,63
45309028,0.5,0,0,0,0,0,0.313235283,0.28412509,15.9304171,0,8.5565176,8.44964409,0,13.3881769,0,0,399,0,0,0,0,,,,63
45310157,0.5,1,0,0,0.00805860758,0,0.313235283,0.28412509,15.9304171,0,8.58665657,8.44964409,0,13.3953247,0,0,399,0,0,0,0,,,,63
45311284,0.5,1,0,0,0.00805860758,0,0.313235283,0.28412509,15.9304171,0,8.57761478,8.44542122,0,13.3953247,0,0,399,0,0,0,0,,,,63
45312414,0.5,1,0,0,0.00805860758,0,0.313235283,0.28412509,15.9304171,0,8.55953121,8.43697548,0,13.3881769,0,0,399,0,0,0,0,,,,63
45313745,0.5,0,0,0,0,0,0.313235283,0.28412509,15.9349623,0,8.55953121,8.45386696,0,13.3953247,0,0,399,0,0,0,0,,,,63
45314880,0.5,1,0,0,0.00805860758,0,0.313235283,0.28412509,15.9349623,0,8.56254578,8.44964409,0,13.3953247,0,0,399,0,0,0,0,,,,63
45316007,0.5,1,0,0,0.00805860758,0,0.313235283,0.28412509,15.9304171,0,8.54144764,8.44753265,0,13.3953247,0,0,399,0,0,0,0,,,,63
45317137,0.5,1,0,0,0.00805860758,0,0.313235283,0.28412509,15.9349623,0,8.55953121,8.44330978,0,13.3953247,0,0,399,0,0,0,0,,,,63
45318263,0.5,1,0,0,0.00805860758,0,0.313235283,0.28412509,15.9349623,0,8.55953121,8.44542122,0,13.3953247,0,0,399,0,0,0,0,,,,63
45319393,0.5,1,0,0,0.00805860758,0,0.313235283,0.28412509,15.9349623,0,8.55953121,8.44964409,0,13.3953247,0,0,399,0,0,0,0,,,,63
45320520,0.5,0,0,0,0,0,0.313235283,0.28412509,15.9349623,0,8.55953121,8.44330978,0,13.3953247,0,0,399,0,0,0,0,,,,63
45321655,0.5,0,0,0,0,0,0.313235283,0.28412509,15.9349623,0,8.568573,8.44964409,0,13.3953247,0,0,399,0,0,0,0,,,,63
45322782,0.5,0,0,0,0,0,0.313235283,0.28412509,15.9304171,0,8.568573,8.44542122,0,13.3953247,0,0,399,0,0,0,0,,,,63
45323912,0.5,1,0,0,0.00805860758,0,0.313235283,0.28412509,15.9349623,0,8.56254578,8.44964409,0,13.4024725,0,0,399,0,0,0,0,,,,63
45325038,0.5,0.5,0,0,0.00805860758,0.00805860758,0.313235283,0.28412509,15.9304171,0,8.54747581,8.44330978,0,13.3810291,0,0,399,0,0,0,0,,,,63
45326168,0.5,1,0,0,0.00805860758,0,0.313235283,0.28412509,15.9304171,0,8.55048943,8.45808983,0,13.3953247,0,0,399,0,0,0,0,,,,63
45327300,0.5,1,0,0,0.00805860758,0,0.313235283,0.28412509,15.9304171,0,8.568573,8.44330978,0,13.3953247,0,0,399,0,0,0,0,,,,63
45328430,0.5,1,0,0,0.00805860758,0,0.313235283,0.28412509,15.9349623,0,8.54747581,8.44542122,0,13.3953247,0,0,399,0,0,0,0,,,,63
45329557,0.5,1,0,0,0.00805860758,0,0.313235283,0.28412509,15.9349623,0,8.58665657,8.46020031,0,13.3881769,0,0,399,0,0,0,0,,,,63
45330687,0.5,0,0,0,0,0,0.313235283,0.28412509,15.9304171,0,8.53843403,8.44119835,0,13.3953247,0,0,399,0,0,0,0,,,,63
45331814,0.5,0,0,0,0,0,0.313235283,0.28412509,15.9304171,0,8.52336502,8.44964409,0,13.3953247,0,0,399,0,0,0,0,,,,63
45332943,0.5,0,0,0,0,0,0.313235283,0.28412509,15.9349623,0,8.52336502,8.44330978,0,13.3953247,0,0,399,0,0,0,0,,,,63
45334279,0.5,1,0,0,0.0161172152,0,0.313235283,0.28412509,15.9349623,0,8.54144764,8.44542122,0,13.3953247,0,0,399,0,0,0,0,,,,63
45335409,0.5,0,0,0,0,0,0.313235283,0.28412509,15.9304171,0,8.52035046,8.44964409,0,13.3953247,0,0,399,0,0,0,0,,,,63
45336536,0.5,1,0,0,0.00805860758,0,0.313235283,0.28412509,15.9349623,0,8.54747581,8.45386696,0,13.3953247,0,0,399,0,0,0,0,,,,63
45337666,0.5,0,0,0,0,0,0.313235283,0.28412509,15.9349623,0,8.53843403,8.44119835,0,13.3953247,0,0,399,0,0,0,0,,,,63
45338793,0.5,0,0,0,0,0,0.313235283,0.28412509,15.9304171,0,8.55953121,8.44542122,0,13.3953247,0,0,399,0,0,0,0,,,,63
45339928,0.5,1,0,0,0.00805860758,0,0.313235283,0.28412509,15.9304171,0,8.56555939,8.44753265,0,13.3881769,0,0,399,0,0,0,0,,,,63
45341055,0.5,0,0,0,0,0,0.313235283,0.28412509,15.9349623,0,8.53843403,8.43908691,0,13.3881769,0,0,399,0,0,0,0,,,,63
45342184,0.5,0,0,0,0,0,0.313235283,0.28412509,15.9304171,0,8.58364296,8.44753265,0,13.3953247,0,0,399,0,0,0,0,,,,63
45343311,0.5,0,0,0,0,0,0.313235283,0.28412509,15.9304171,0,8.57158756,8.44542122,0,13.3953247,0,0,399,0,0,0,0,,,,63
45344441,0.5,0,0,0,0,0,0.313235283,0.28412509,15.9349623,0,8.58665657,8.45175552,0,13.3953247,0,0,399,0,0,0,0,,,,63
45345568,0.5,0,0,0,0,0,0.313235283,0.28412509,15.9349623,0,8.55048943,8.44119835,0,13.3953247,0,0,399,0,0,0,0,,,,63
45346703,0.5,0,0,0,0,0,0.313235283,0.28412509,15.9349623,0,8.54747581,8.43697548,0,13.3953247,0,0,399,0,0,0,0,,,,63
45347829,0.5,0,0,0,0,0.00805860758,0.313235283,0.28412509,15.9258718,0,8.57761478,8.44964409,0,13.3953247,0,0,399,0,0,0,0,,,,63
45348959,0.5,0,0,0,0,0.00805860758,0.313235283,0.28412509,15.9304171,0,8.56555939,8.44330978,0,13.3953247,0,0,399,0,0,0,0,,,,63
45350086,0.5,0,0,0,0,0,0.313235283,0.28412509,15.9304171,0,8.59569836,8.45175552,0,13.3953247,0,0,399,0,0,0,0,,,,63
45351216,0.5,0,0,0,0,0.00805860758,0.313235283,0.28412509,15.9304171,0,8.55350399,8.44753265,0,13.3953247,0,0,399,0,0,0,0,,,,63
45352347,0.5,0.5,0,0,0.00805860758,0.00805860758,0.313235283,0.28412509,15.9349623,0,8.58665657,8.44964409,0,13.3953247,0,0,399,0,0,0,0,,,,63
45353477,0.5,0,0,0,0,0.00805860758,0.313235283,0.28412509,15.9349623,0,8.5565176,8.44753265,0,13.4024725,0,0,399,0,0,0,0,,,,63
45354808,0.5,1,0,0,0.00805860758,0,0.313235283,0.28412509,15.9349623,0,8.58364296,8.45175552,0,13.3881769,0,0,399,0,0,0,0,,,,63
45355938,0.5,1,0,0,0.00805860758,0,0.313235283,0.28412509,15.9304171,0,8.57460117,8.44119835,0,13.3953247,0,0,399,0,0,0,0,,,,63
45357064,0.5,1,0,0,0.00805860758,0,0.313235283,0.28412509,15.9304171,0,8.58967113,8.44330978,0,13.3738813,0,0,399,0,0,0,0,,,,63
45358195,0.5,0,0,0,0,0.00805860758,0.313235283,0.28412509,15.9349623,0,8.57761478,8.44542122,0,13.3953247,0,0,399,0,0,0,0,,,,63
45359326,0.5,1,0,0,0.00805860758,0,0.313235283,0.28412509,15.9304171,0,8.52336502,8.44119835,0,13.3953247,0,0,399,0,0,0,0,,,,63
45360456,0.5,0.5,0,0,0.00805860758,0.00805860758,0.313235283,0.28412509,15.9304171,0,8.57460117,8.45386696,0,13.3953247,0,0,399,0,0,0,0,,,,63
45361583,0.5,0,0,0,0,0.00805860758,0.313235283,0.28412509,15.9349623,0,8.5444622,8.44542122,0,13.3953247,0,0,399,0,0,0,0,,,,63
45362713,0.5,0,0,0,0,0.00805860758,0.313235283,0.28412509,15.9349623,0,8.5565176,8.44753265,0,13.4024725,0,0,399,0,0,0,0,,,,63
45363840,0.5,0,0,0,0,0.00805860758,0.313235283,0.28412509,15.9349623,0,8.5565176,8.43908691,0,13.3953247,0,0,399,0,0,0,0,,,,63
45364969,0.5,0,0,0,0,0.00805860758,0.313235283,0.28412509,15.9304171,0,8.57158756,8.45175552,0,13.3881769,0,0,399,0,0,0,0,,,,63
45366101,0.5,0,0,0,0,0,0.313235283,0.28412509,15.9304171,0,8.56555939,8.45386696,0,13.3953247,0,0,399,0,0,0,0,,,,63
45367231,0.5,0,0,0,0,0,0.313235283,0.28412509,15.9258718,0,8.54144764,8.44753265,0,13.3953247,0,0,399,0,0,0,0,,,,63
45368358,0.5,1,0,0,0.00805860758,0,0.313235283,0.28412509,15.9349623,0,8.57460117,8.44964409,0,13.3953247,0,0,399,0,0,0,0,,,,63
45369488,0.5,0,0,0,0,0,0.313235283,0.28412509,15.9349623,0,8.58665657,8.45386696,0,13.3953247,0,0,399,0,0,0,0,,,,63
45370615,0.5,0,0,0,0,0.00805860758,0.313235283,0.28412509,15.9349623,0,8.568573,8.44119835,0,13.3953247,0,0,399,0,0,0,0,,,,63
45371749,0.5,0,0,0,0,0.00805860758,0.313235283,0.28412509,15.9304171,0,8.5565176,8.43908691,0,13.3953247,0,0,399,0,0,0,0,,,,63
45372876,0.5,1,0,0,0.00805860758,0,0.313235283,0.28412509,15.9349623,0,8.54144764,8.44542122,0,13.3953247,0,0,399,0,0,0,0,,,,63
45374006,0.5,1,0,0,0.00805860758,0,0.313235283,0.28412509,15.9304171,0,8.55953121,8.43908691,0,13.3953247,0,0,399,0,0,0,0,,,,63
45375133,0.5,0.5,0,0,0.00805860758,0.00805860758,0.313235283,0.28412509,15.9349623,0,8.56555939,8.46020031,0,13.3953247,0,0,399,0,0,0,0,,,,63
45376466,0.5,1,0,0,0.0161172152,0,0.313235283,0.28412509,15.9349623,0,8.58062935,8.44964409,0,13.3953247,0,0,399,0,0,0,0,,,,63
45377593,0.5,1,0,0,0.00805860758,0,0.313235283,0.28412509,15.9349623,0,8.54747581,8.44964409,0,13.3953247,0,0,399,0,0,0,0,,,,63
45378728,0.5,0,0,0,0,0,0.313235283,0.28412509,15.9349623,0,8.5565176,8.44542122,0,13.3953247,0,0,399,0,0,0,0,,,,63
45379855,0.5,1,0,0,0.00805860758,0,0.313235283,0.28412509,15.9349623,0,8.56555939,8.44964409,0,13.3953247,0,0,399,0,0,0,0,,,,63
45380984,0.5,0,0,0,0,0,0.313235283,0.28412509,15.9349623,0,8.58062935,8.44753265,0,13.3953247,0,0,399,0,0,0,0,,,,63
45382111,0.5,1,0,0,0.00805860758,0,0.313235283,0.28412509,15.9304171,0,8.56555939,8.44119835,0,13.3953247,0,0,399,0,0,0,0,,,,63
45383241,0.5,0,0,0,0,0,0.313235283,0.28412509,15.9349623,0,8.54747581,8.44753265,0,13.3953247,0,0,399,0,0,0,0,,,,63
45384373,0.5,0.5,0,0,0.00805860758,0.00805860758,0.313235283,0.28412509,15.9304171,0,8.5565176,8.44753265,0,13.3953247,0,0,399,0,0,0,0,,,,63
45385503,0.5,0,0,0,0,0.00805860758,0.313235283,0.28412509,15.9304171,0,8.568573,8.44964409,0,13.3953247,0,0,399,0,0,0,0,,,,63
45386630,0.5,0,0,0,0,0.00805860758,0.313235283,0.28412509,15.9304171,0,8.56555939,8.44753265,0,13.3953247,0,0,399,0,0,0,0,,,,63
45387759,0.5,0.5,0,0,0.00805860758,0.00805860758,0.313235283,0.28412509,15.9349623,0,8.57158756,8.44330978,0,13.3881769,0,0,399,0,0,0,0,,,,63
45388886,0.5,0,0,0,0,0.00805860758,0.313235283,0.28412509,15.9304171,0,8.58665657,8.44119835,0,13.3953247,0,0,399,0,0,0,0,,,,63
45390016,0.5,0,0,0,0,0,0.313235283,0.28412509,15.9349623,0,8.5444622,8.44330978,0,13.3953247,0,0,399,0,0,0,0,,,,63
45391148,0.5,0.5,0,0,0.00805860758,0.00805860758,0.313235283,0.28412509,15.9304171,0,8.57460117,8.45597839,0,13.3953247,0,0,399,0,0,0,0,,,,63
45392277,0.5,0.5,0,0,0.00805860758,0.00805860758,0.313235283,0.28412509,15.9304171,0,8.57158756,8.45808983,0,13.3881769,0,0,399,0,0,0,0,,,,63
45393404,0.5,0,0,0,0,0,0.313235283,0.28412509,15.9304171,0,8.57460117,8.44542122,0,13.3953247,0,0,399,0,0,0,0,,,,63
45394534,0.5,0.5,0,0,0.00805860758,0.00805860758,0.313235283,0.28412509,15.9304171,0,8.53542042,8.45597839,0,13.3881769,0,0,399,0,0,0,0,,,,63
45395661,0.5,1,0,0,0.00805860758,0,0.313235283,0.28412509,15.9349623,0,8.57158756,8.44542122,0,13.3953247,0,0,399,0,0,0,0,,,,63
45397000,0.5,1,0,0,0.00805860758,0,0.313235283,0.28412509,15.9304171,0,8.57761478,8.45386696,0,13.3953247,0,0,399,0,0,0,0,,,,63
45398126,0.5,1,0,0,0.00805860758,0,0.313235283,0.28412509,15.9349623,0,8.55953121,8.45175552,0,13.3953247,0,0,399,0,0,0,0,,,,63
45399256,0.5,0,0,0,0,0.00805860758,0.313235283,0.28412509,15.9304171,0,8.58364296,8.44119835,0,13.3953247,0,0,399,0,0,0,0,,,,63
45400383,0.5,0,0,0,0,0,0.313235283,0.28412509,15.9304171,0,8.59268475,8.44964409,0,13.3953247,0,0,399,0,0,0,0,,,,63
45401513,0.5,1,0,0,0.00805860758,0,0.313235283,0.28412509,15.9304171,0,8.59268475,8.45386696,0,13.3953247,0,0,399,0,0,0,0,,,,63
45402640,0.5,1,0,0,0.00805860758,0,0.313235283,0.28412509,15.9304171,0,8.58967113,8.45175552,0,13.3953247,0,0,399,0,0,0,0,,,,63
45403774,0.5,1,0,0,0.00805860758,0,0.313235283,0.28412509,15.9304171,0,8.56254578,8.45175552,0,13.3953247,0,0,399,0,0,0,0,,,,63
45404901,0.5,0,0,0,0,0,0.313235283,0.28412509,15.9304171,0,8.5565176,8.44753265,0,13.3953247,0,0,399,0,0,0,0,,,,63
45406031,0.5,1,0,0,0.00805860758,0,0.313235283,0.28412509,15.9349623,0,8.54144764,8.45175552,0,13.3881769,0,0,399,0,0,0,0,,,,63
45407158,0.5,1,0,0,0.00805860758,0,0.313235283,0.28412509,15.9304171,0,8.57761478,8.44964409,0,13.3953247,0,0,399,0,0,0,0,,,,63
45408288,0.5,1,0,0,0.00805860758,0,0.313235283,0.28412509,15.9349623,0,8.58062935,8.45175552,0,13.3953247,0,0,399,0,0,0,0,,,,63
45409415,0.5,1,0,0,0.00805860758,0,0.313235283,0.28412509,15.9349623,0,8.55953121,8.44964409,0,13.4024725,0,0,399,0,0,0,0,,,,63
45410549,0.5,1,0,0,0.00805860758,0,0.313235283,0.28412509,15.9304171,0,8.55953121,8.44330978,0,13.3881769,0,0,399,0,0,0,0,,,,63
45411676,0.5,0,0,0,0,0,0.313235283,0.28412509,15.9349623,0,8.56254578,8.45175552,0,13.3953247,0,0,399,0,0,0,0,,,,63
45412806,0.5,1,0,0,0.00805860758,0,0.313235283,0.28412509,15.9349623,0,8.57460117,8.44964409,0,13.3953247,0,0,399,0,0,0,0,,,,63
45413933,0.5,0,0,0,0,0.00805860758,0.313235283,0.28412509,15.9349623,0,8.58665657,8.44330978,0,13.3953247,0,0,399,0,0,0,0,,,,63
45415062,0.5,1,0,0,0.00805860758,0,0.313235283,0.28412509,15.9304171,0,8.56254578,8.44964409,0,13.3881769,0,0,399,0,0,0,0,,,,63
45416194,0.5,0,0,0,0,0.00805860758,0.313235283,0.28412509,15.9304171,0,8.56254578,8.44119835,0,13.3953247,0,0,399,0,0,0,0,,,,63
45417324,0.5,0,0,0,0,0,0.313235283,0.28412509,15.9304171,0,8.57460117,8.43908691,0,13.3953247,0,0,399,0,0,0,0,,,,63
45418655,0.5,1,0,0,0.00805860758,0,0.313235283,0.28412509,15.9349623,0,8.56254578,8.45597839,0,13.3953247,0,0,399,0,0,0,0,,,,63
45419785,0.5,1,0,0,0.00805860758,0,0.313235283,0.28412509,15.9304171,0,8.55048943,8.45175552,0,13.3953247,0,0,399,0,0,0,0,,,,63
45420911,0.5,1,0,0,0.00805860758,0,0.313235283,0.28412509,15.9304171,0,8.54144764,8.45175552,0,13.3953247,0,0,399,0,0,0,0,,,,63
45422042,0.5,1,0,0,0.00805860758,0,0.313235283,0.28412509,15.9304171,0,8.58364296,8.44964409,0,13.3810291,0,0,399,0,0,0,0,,,,63
45423173,0.5,0.5,0,0,0.00805860758,0.00805860758,0.313235283,0.28412509,15.9304171,0,8.56254578,8.44542122,0,13.3953247,0,0,399,0,0,0,0,,,,63
45424303,0.5,1,0,0,0.00805860758,0,0.313235283,0.28412509,15.9304171,0,8.56254578,8.44119835,0,13.3953247,0,0,399,0,0,0,0,,,,63
45425430,0.5,1,0,0,0.00805860758,0,0.313235283,0.28412509,15.9349623,0,8.568573,8.44753265,0,13.3953247,0,0,399,0,0,0,0,,,,63
45426560,0.5,0.5,0,0,0.00805860758,0.00805860758,0.313235283,0.28412509,15.9349623,0,8.54144764,8.45597839,0,13.3953247,0,0,399,0,0,0,0,,,,63
45427687,0.5,0.5,0,0,0.00805860758,0.00805860758,0.313235283,0.28412509,15.9304171,0,8.54747581,8.44964409,0,13.3953247,0,0,399,0,0,0,0,,,,63
45428821,0.5,1,0,0,0.00805860758,0,0.313235283,0.28412509,15.9304171,0,8.55350399,8.44964409,0,13.3953247,0,0,399,0,0,0,0,,,,63
45429948,0.5,1,0,0,0.00805860758,0,0.313235283,0.28412509,15.9304171,0,8.56555939,8.44753265,0,13.3953247,0,0,399,0,0,0,0,,,,63
45431078,0.5,1,0,0,0.00805860758,0,0.313235283,0.28412509,15.9304171,0,8.53240585,8.44964409,0,13.3881769,0,0,399,0,0,0,0,,,,63
45432204,0.5,0,0,0,0,0,0.313235283,0.28412509,15.9304171,0,8.58062935,8.44964409,0,13.3953247,0,0,399,0,0,0,0,,,,63
45433334,0.5,0,0,0,0,0,0.313235283,0.28412509,15.9304171,0,8.55048943,8.44119835,0,13.3953247,0,0,399,0,0,0,0,,,,63
45434461,0.5,1,0,0,0.00805860758,0,0.313235283,0.28412509,15.9304171,0,8.56555939,8.44119835,0,13.3953247,0,0,399,0,0,0,0,,,,63
45435596,0.5,0,0,0,0,0,0.313235283,0.28412509,15.9349623,0,8.5444622,8.45175552,0,13.3953247,0,0,399,0,0,0,0,,,,63
45436723,0.5,0,0,0,0,0,0.313235283,0.28412509,15.9304171,0,8.5444622,8.45386696,0,13.3953247,0,0,399,0,0,0,0,,,,63
45437853,0.5,0.5,0,0,0.00805860758,0.00805860758,0.313235283,0.28412509,15.9304171,0,8.58062935,8.44542122,0,13.3953247,0,0,399,0,0,0,0,,,,63
45439184,0.5,0,0,0,0,0,0.313235283,0.28412509,15.9349623,0,8.54144764,8.45597839,0,13.3953247,0,0,399,0,0,0,0,,,,63
45440313,0.5,0.5,0,0,0.00805860758,0.00805860758,0.313235283,0.28412509,15.9349623,0,8.55350399,8.44964409,0,13.3953247,0,0,399,0,0,0,0,,,,63
45441445,0.5,0,0,0,0,0.00805860758,0.313235283,0.28412509,15.9304171,0,8.55048943,8.45175552,0,13.3953247,0,0,399,0,0,0,0,,,,63
45442575,0.5,0,0,0,0,0,0.313235283,0.28412509,15.9304171,0,8.57158756,8.44753265,0,13.3953247,0,0,399,0,0,0,0,,,,63
45443702,0.5,0,0,0,0,0,0.313235283,0.28412509,15.9349623,0,8.568573,8.44542122,0,13.3953247,0,0,399,0,0,0,0,,,,63
45444832,0.5,0.5,0,0,0.00805860758,0.00805860758,0.313235283,0.28412509,15.9304171,0,8.56555939,8.44753265,0,13.3953247,0,0,399,0,0,0,0,,,,63
45445959,0.5,1,0,0,0.00805860758,0,0.313235283,0.28412509,15.9349623,0,8.53843403,8.45175552,0,13.3881769,0,0,399,0,0,0,0,,,,63
45447089,0.5,0.5,0,0,0.00805860758,0.00805860758,0.313235283,0.28412509,15.9304171,0,8.58364296,8.45386696,0,13.3953247,0,0,399,0,0,0,0,,,,63
45448220,0.5,1,0,0,0.00805860758,0,0.313235283,0.28412509,15.9349623,0,8.5565176,8.44119835,0,13.3953247,0,0,399,0,0,0,0,,,,63
45449350,0.5,0.666666687,0,0,0.0161172152,0.00805860758,0.313235283,0.28412509,15.9304171,0,8.58364296,8.44964409,0,13.3953247,0,0,399,0,0,0,0,,,,63
45450477,0.5,0.5,0,0,0.00805860758,0.00805860758,0.313235283,0.28412509,15.9304171,0,8.57761478,8.44542122,0,13.3953247,0,0,399,0,0,0,0,,,,63
45451607,0.5,0,0,0,0,0,0.313235283,0.28412509,15.9304171,0,8.53843403,8.45386696,0,13.3953247,0,0,399,0,0,0,0,,,,63
45452734,0.5,1,0,0,0.00805860758,0,0.313235283,0.28412509,15.9304171,0,8.57761478,8.44964409,0,13.3953247,0,0,399,0,0,0,0,,,,63
45453868,0.5,1,0,0,0.00805860758,0,0.313235283,0.28412509,15.9304171,0,8.57761478,8.45175552,0,13.4024725,0,0,399,0,0,0,0,,,,63
45454995,0.5,1,0,0,0.00805860758,0,0.313235283,0.28412509,15.9349623,0,8.55953121,8.44119835,0,13.3953247,0,0,399,0,0,0,0,,,,63
45456124,0.5,0,0,0,0,0,0.313235283,0.28412509,15.9349623,0,8.53843403,8.44542122,0,13.3953247,0,0,399,0,0,0,0,,,,63
45457251,0.5,1,0,0,0.00805860758,0,0.313235283,0.28412509,15.9304171,0,8.55953121,8.44542122,0,13.3953247,0,0,399,0,0,0,0,,,,63
45458381,0.5,0,0,0,0,0,0.313235283,0.28412509,15.9304171,0,8.57460117,8.44542122,0,13.3953247,0,0,399,0,0,0,0,,,,63
45459508,0.5,1,0,0,0.00805860758,0,0.313235283,0.28412509,15.9349623,0,8.57158756,8.44753265,0,13.3953247,0,0,399,0,0,0,0,,,,63
45460847,0.5,0,0,0,0,0,0.313235283,0.28412509,15.9304171,0,8.5444622,8.44542122,0,13.3953247,0,0,399,0,0,0,0,,,,63
45461974,0.5,1,0,0,0.00805860758,0,0.313235283,0.28412509,15.9349623,0,8.55350399,8.43486404,0,13.3953247,0,0,399,0,0,0,0,,,,63
45463104,0.5,1,0,0,0.00805860758,0,0.313235283,0.28412509,15.9349623,0,8.57761478,8.44753265,0,13.3953247,0,0,399,0,0,0,0,,,,63
45464231,0.5,1,0,0,0.00805860758,0,0.313235283,0.28412509,15.9258718,0,8.57460117,8.43908691,0,13.3953247,0,0,399,0,0,0,0,,,,63
45465361,0.5,0,0,0,0,0,0.313235283,0.28412509,15.9304171,0,8.57158756,8.44330978,0,13.3953247,0,0,399,0,0,0,0,,,,63
45466487,0.5,0,0,0,0,0,0.313235283,0.28412509,15.9304171,0,8.568573,8.44964409,0,13.3953247,0,0,399,0,0,0,0,,,,63
45467622,0.5,0,0,0,0,0.00805860758,0.313235283,0.28412509,15.9304171,0,8.58665657,8.44753265,0,13.3953247,0,0,399,0,0,0,0,,,,63
45468749,0.5,0,0,0,0,0,0.313235283,0.28412509,15.9304171,0,8.5565176,8.44330978,0,13.3953247,0,0,399,0,0,0,0,,,,63
45469878,0.5,1,0,0,0.0161172152,0,0.313235283,0.28412509,15.9304171,0,8.56254578,8.45597839,0,13.3953247,0,0,399,0,0,0,0,,,,63
45471005,0.5,1,0,0,0.00805860758,0,0.313235283,0.28412509,15.9349623,0,8.52336502,8.44330978,0,13.3953247,0,0,399,0,0,0,0,,,,63
45472135,0.5,1,0,0,0.0161172152,0,0.313235283,0.28412509,15.9304171,0,8.5444622,8.44964409,0,13.3953247,0,0,399,0,0,0,0,,,,63
45473267,0.5,1,0,0,0.00805860758,0,0.313235283,0.28412509,15.9304171,0,8.58967113,8.44119835,0,13.3953247,0,0,399,0,0,0,0,,,,63
45474396,0.5,1,0,0,0.0161172152,0,0.313235283,0.28412509,15.9304171,0,8.56254578,8.44330978,0,13.3953247,0,0,399,0,0,0,0,,,,63
45475524,0.5,1,0,0,0.00805860758,0,0.313235283,0.28412509,15.9304171,0,8.568573,8.44964409,0,13.3953247,0,0,399,0,0,0,0,,,,63
45476653,0.5,1,0,0,0.00805860758,0,0.313235283,0.28412509,15.9349623,0,8.56254578,8.44542122,0,13.3953247,0,0,399,0,0,0,0,,,,63
45477780,0.5,1,0,0,0.00805860758,0,0.313235283,0.28412509,15.9304171,0,8.55350399,8.44542122,0,13.3953247,0,0,399,0,0,0,0,,,,63
45478910,0.5,0,0,0,0,0.00805860758,0.313235283,0.28412509,15.9349623,0,8.54144764,8.44330978,0,13.3953247,0,0,399,0,0,0,0,,,,63
45480042,0.5,0,0,0,0,0.00805860758,0.313235283,0.28412509,15.9349623,0,8.568573,8.44119835,0,13.3881769,0,0,399,0,0,0,0,,,,63
45481376,0.5,0,0,0,0,0.00805860758,0.313235283,0.28412509,15.9349623,0,8.57460117,8.43908691,0,13.3953247,0,0,399,0,0,0,0,,,,63
45482503,0.5,0,0,0,0,0.00805860758,0.313235283,0.28412509,15.9349623,0,8.568573,8.43697548,0,13.3953247,0,0,399,0,0,0,0,,,,63
45483632,0.5,0,0,0,0,0.00805860758,0.313235283,0.28412509,15.9349623,0,8.58364296,8.43486404,0,13.3953247,0,0,399,0,0,0,0,,,,63
45484760,0.5,0,0,0,0,0,0.313235283,0.28412509,15.9304171,0,8.57158756,8.44542122,0,13.3953247,0,0,399,0,0,0,0,,,,63
45485895,0.5,0,0,0,0,0,0.313235283,0.28412509,15.9304171,0,8.58062935,8.45175552,0,13.3953247,0,0,399,0,0,0,0,,,,63
