t_us,share_sp,share_act,v_sp,v_act,I_fc,I_batt,gFC,gBT,V_bus,I_cmd,V_fc,V_batt,V_chg,V_rgn,u_unsat,drive_x0,fault_flags,ps_phase,dc_phase,trap_phase,flags
53563614,0.5,1,0,0,0.0241758227,0,0,0,15.9213276,0,8.54144764,8.42430782,0,13.3238449,0,0,0,,,,50
53564944,0.5,1,0,0,0.0161172152,0,0,0,15.9349623,0,8.5565176,8.43275356,0,13.3238449,0,0,0,,,,50
53566070,0.5,1,0,0,0.0161172152,0,0,0,15.9304171,0,8.57158756,8.43064213,0,13.3024006,0,0,0,,,,50
53567196,0.5,1,0,0,0.0241758227,0,0,0,15.9258718,0,8.57158756,8.43064213,0,13.3238449,0,0,0,,,,50
53568322,0.5,1,0,0,0.0241758227,0,0,0,15.9349623,0,8.51432323,8.43064213,0,13.3238449,0,0,0,,,,50
53569448,0.5,1,0,0,0.0161172152,0,0,0,15.9304171,0,8.58364296,8.42853069,0,13.3238449,0,0,0,,,,50
53570574,0.5,1,0,0,0.0322344303,0,0,0,15.9304171,0,8.54144764,8.42853069,0,13.3309927,0,0,0,,,,50
53571710,0.5,1,0,0,0.0241758227,0,0,0,15.9349623,0,8.53843403,8.41797352,0,13.3309927,0,0,0,,,,50
53572836,0.5,1,0,0,0.0161172152,0,0,0,15.9349623,0,8.53542042,8.42641926,0,13.3238449,0,0,0,,,,50
53573962,0.5,1,0,0,0.0161172152,0,0,0,15.9349623,0,8.56254578,8.42219639,0,13.3309927,0,0,0,,,,50
53575088,0.5,1,0,0,0.0241758227,0,0,0,15.9349623,0,8.51432323,8.42430782,0,13.3309927,0,0,0,,,,50
53576214,0.5,1,0,0,0.0161172152,0,0,0,15.9349623,0,8.5565176,8.42641926,0,13.3238449,0,0,0,,,,50
53577340,0.5,1,0,0,0.0241758227,0,0,0,15.9349623,0,8.57158756,8.42641926,0,13.3309927,0,0,0,,,,50
53578466,0.5,1,0,0,0.0161172152,0,0,0,15.9349623,0,8.55953121,8.42641926,0,13.3238449,0,0,0,,,,50
53579597,0.5,1,0,0,0.0161172152,0,0,0,15.9349623,0,8.53542042,8.41797352,0,13.3309927,0,0,0,,,,50
53580723,0.5,1,0,0,0.0161172152,0,0,0,15.9349623,0,8.55953121,8.42641926,0,13.3309927,0,0,0,,,,50
53581849,0.5,1,0,0,0.0161172152,0,0,0,15.9304171,0,8.56254578,8.42641926,0,13.3309927,0,0,0,,,,50
53582975,0.5,1,0,0,0.0241758227,0,0,0,15.9349623,0,8.54747581,8.42641926,0,13.3309927,0,0,0,,,,50
53584101,0.5,1,0,0,0.0161172152,0,0,0,15.9349623,0,8.55953121,8.42641926,0,13.3309927,0,0,0,,,,50
53585431,0.5,1,0,0,0.0241758227,0,0,0,15.9304171,0,8.49925327,8.42641926,0,13.3238449,0,0,0,,,,50
53586561,0.5,1,0,0,0.0241758227,0,0,0,15.9349623,0,8.5444622,8.42641926,0,13.3238449,0,0,0,,,,50
53587687,0.5,1,0,0,0.0161172152,0,0,0,15.9304171,0,8.5444622,8.42641926,0,13.3309927,0,0,0,,,,50
53588813,0.5,1,0,0,0.0241758227,0,0,0,15.9349623,0,8.56254578,8.42641926,0,13.3309927,0,0,0,,,,50
53589939,0.5,1,0,0,0.0161172152,0,0,0,15.9349623,0,8.55048943,8.42641926,0,13.3238449,0,0,0,,,,50
53591065,0.5,1,0,0,0.0241758227,0,0,0,15.9349623,0,8.5565176,8.42008495,0,13.3024006,0,0,0,,,,50
53592191,0.5,1,0,0,0.0241758227,0,0,0,15.9349623,0,8.53843403,8.42641926,0,13.3381405,0,0,0,,,,50
53593317,0.5,1,0,0,0.0161172152,0,0,0,15.9349623,0,8.53542042,8.42430782,0,13.3309927,0,0,0,,,,50
53594448,0.5,1,0,0,0.0161172152,0,0,0,15.9349623,0,8.5565176,8.42641926,0,13.3238449,0,0,0,,,,50
53595574,0.5,1,0,0,0.0241758227,0,0,0,15.9349623,0,8.51432323,8.42853069,0,13.3309927,0,0,0,,,,50
53596700,0.5,1,0,0,0.0241758227,0,0,0,15.9349623,0,8.56555939,8.42641926,0,13.3309927,0,0,0,,,,50
53597826,0.5,1,0,0,0.0241758227,0,0,0,15.9304171,0,8.52035046,8.42641926,0,13.3309927,0,0,0,,,,50
53598952,0.5,1,0,0,0.0241758227,0,0,0,15.9349623,0,8.55048943,8.42641926,0,13.3309927,0,0,0,,,,50
53600078,0.5,1,0,0,0.0161172152,0,0,0,15.9349623,0,8.53843403,8.42853069,0,13.3095493,0,0,0,,,,50
53601204,0.5,1,0,0,0.0241758227,0,0,0,15.9349623,0,8.54144764,8.42430782,0,13.3309927,0,0,0,,,,50
53602335,0.5,1,0,0,0.0241758227,0,0,0,15.9349623,0,8.55350399,8.42641926,0,13.3238449,0,0,0,,,,50
53603460,0.5,1,0,0,0.0241758227,0,0,0,15.9349623,0,8.56254578,8.42641926,0,13.3309927,0,0,0,,,,50
53604586,0.5,1,0,0,0.0161172152,0,0,0,15.9349623,0,8.58364296,8.42430782,0,13.3309927,0,0,0,,,,50
53605916,0.5,1,0,0,0.0241758227,0,0,0,15.9349623,0,8.51432323,8.42641926,0,13.3309927,0,0,0,,,,50
53607042,0.5,1,0,0,0.0161172152,0,0,0,15.9349623,0,8.56555939,8.42641926,0,13.3166971,0,0,0,,,,50
53608168,0.5,1,0,0,0.0161172152,0,0,0,15.9349623,0,8.568573,8.42430782,0,13.3238449,0,0,0,,,,50
53609299,0.5,1,0,0,0.0161172152,0,0,0,15.9304171,0,8.53843403,8.42641926,0,13.3238449,0,0,0,,,,50
53610425,0.5,1,0,0,0.0161172152,0,0,0,15.9349623,0,8.52035046,8.42641926,0,13.3309927,0,0,0,,,,50
53611551,0.5,1,0,0,0.0241758227,0,0,0,15.9349623,0,8.54747581,8.42641926,0,13.3309927,0,0,0,,,,50
53612677,0.5,1,0,0,0.0161172152,0,0,0,15.9349623,0,8.52939224,8.42641926,0,13.3309927,0,0,0,,,,50
53613803,0.5,1,0,0,0.0322344303,0,0,0,15.9304171,0,8.54747581,8.42641926,0,13.3238449,0,0,0,,,,50
53614929,0.5,1,0,0,0.00805860758,0,0,0,15.9304171,0,8.5444622,8.42853069,0,13.3309927,0,0,0,,,,50
53616055,0.5,1,0,0,0.0161172152,0,0,0,15.9349623,0,8.5565176,8.42219639,0,13.3166971,0,0,0,,,,50
53617186,0.5,1,0,0,0.0241758227,0,0,0,15.9304171,0,8.50528145,8.42641926,0,13.3238449,0,0,0,,,,50
53618311,0.5,1,0,0,0.0161172152,0,0,0,15.9349623,0,8.56254578,8.42641926,0,13.3309927,0,0,0,,,,50
53619437,0.5,1,0,0,0.0161172152,0,0,0,15.9304171,0,8.55953121,8.42641926,0,13.3238449,0,0,0,,,,50
53620563,0.5,1,0,0,0.0161172152,0,0,0,15.9349623,0,8.49925327,8.42641926,0,13.3309927,0,0,0,,,,50
53621689,0.5,1,0,0,0.0241758227,0,0,0,15.9304171,0,8.54747581,8.42641926,0,13.3238449,0,0,0,,,,50
53622815,0.5,1,0,0,0.0322344303,0,0,0,15.9304171,0,8.56555939,8.42641926,0,13.3309927,0,0,0,,,,50
53623941,0.5,1,0,0,0.0161172152,0,0,0,15.9349623,0,8.5444622,8.42430782,0,13.3309927,0,0,0,,,,50
53625072,0.5,1,0,0,0.0161172152,0,0,0,15.9304171,0,8.5565176,8.42641926,0,13.3024006,0,0,0,,,,50
53626198,0.5,1,0,0,0.0161172152,0,0,0,15.9395075,0,8.57460117,8.42641926,0,13.3309927,0,0,0,,,,50
53627528,0.5,1,0,0,0.0241758227,0,0,0,15.9349623,0,8.53542042,8.42641926,0,13.3238449,0,0,0,,,,50
53628654,0.5,1,0,0,0.0161172152,0,0,0,15.9349623,0,8.5565176,8.42641926,0,13.3238449,0,0,0,,,,50
53629780,0.5,1,0,0,0.0161172152,0,0,0,15.9349623,0,8.58967113,8.42641926,0,13.3309927,0,0,0,,,,50
53630906,0.5,1,0,0,0.0241758227,0,0,0,15.9349623,0,8.52637863,8.42641926,0,13.3309927,0,0,0,,,,50
53632032,0.5,1,0,0,0.0161172152,0,0,0,15.9349623,0,8.5565176,8.42641926,0,13.3238449,0,0,0,,,,50
53633163,0.5,1,0,0,0.0241758227,0,0,0,15.9349623,0,8.56555939,8.42219639,0,13.3309927,0,0,0,,,,50
53634289,0.5,1,0,0,0.0241758227,0,0,0,15.9304171,0,8.56254578,8.42641926,0,13.3309927,0,0,0,,,,50
53635415,0.5,1,0,0,0.0241758227,0,0,0,15.9349623,0,8.55953121,8.42641926,0,13.3309927,0,0,0,,,,50
53636540,0.5,1,0,0,0.0241758227,0,0,0,15.9349623,0,8.55953121,8.42641926,0,13.3238449,0,0,0,,,,50
53637666,0.5,1,0,0,0.0241758227,0,0,0,15.9349623,0,8.57761478,8.42641926,0,13.3309927,0,0,0,,,,50
53638792,0.5,1,0,0,0.0241758227,0,0,0,15.9304171,0,8.52035046,8.42641926,0,13.3309927,0,0,0,,,,50
53639923,0.5,1,0,0,0.0161172152,0,0,0,15.9349623,0,8.53843403,8.42641926,0,13.3309927,0,0,0,,,,50
53641049,0.5,1,0,0,0.00805860758,0,0,0,15.9349623,0,8.58364296,8.42430782,0,13.3095493,0,0,0,,,,50
53642175,0.5,1,0,0,0.0241758227,0,0,0,15.9349623,0,8.568573,8.42641926,0,13.3309927,0,0,0,,,,50
53643301,0.5,1,0,0,0.00805860758,0,0,0,15.9304171,0,8.56555939,8.42641926,0,13.3309927,0,0,0,,,,50
53644427,0.5,1,0,0,0.0241758227,0,0,0,15.9349623,0,8.54144764,8.42641926,0,13.3309927,0,0,0,,,,50
53645553,0.5,1,0,0,0.0161172152,0,0,0,15.9349623,0,8.5444622,8.42641926,0,13.3309927,0,0,0,,,,50
53646679,0.5,1,0,0,0.0161172152,0,0,0,15.9349623,0,8.5565176,8.42641926,0,13.3309927,0,0,0,,,,50
53648014,0.5,1,0,0,0.0322344303,0,0,0,15.9349623,0,8.5565176,8.42641926,0,13.3238449,0,0,0,,,,50
53649140,0.5,1,0,0,0.0241758227,0,0,0,15.9349623,0,8.52336502,8.42641926,0,13.3309927,0,0,0,,,,50
53650266,0.5,1,0,0,0.0161172152,0,0,0,15.9349623,0,8.53843403,8.42641926,0,13.3309927,0,0,0,,,,50
53651391,0.5,1,0,0,0.0161172152,0,0,0,15.9349623,0,8.56555939,8.42641926,0,13.3309927,0,0,0,,,,50
53652517,0.5,1,0,0,0.0161172152,0,0,0,15.9395075,0,8.59569836,8.42430782,0,13.3309927,0,0,0,,,,50
53653643,0.5,1,0,0,0.0241758227,0,0,0,15.9349623,0,8.53843403,8.42641926,0,13.3309927,0,0,0,,,,50
53654769,0.5,1,0,0,0.0241758227,0,0,0,15.9349623,0,8.55953121,8.42641926,0,13.3309927,0,0,0,,,,50
53655900,0.5,1,0,0,0.0241758227,0,0,0,15.9349623,0,8.55048943,8.42641926,0,13.3238449,0,0,0,,,,50
53657026,0.5,1,0,0,0.0241758227,0,0,0,15.9304171,0,8.52637863,8.42641926,0,13.3238449,0,0,0,,,,50
53658152,0.5,1,0,0,0.0161172152,0,0,0,15.9349623,0,8.56254578,8.42219639,0,13.3309927,0,0,0,,,,50
53659278,0.5,1,0,0,0.0161172152,0,0,0,15.9349623,0,8.58062935,8.42641926,0,13.3309927,0,0,0,,,,50
53660404,0.5,1,0,0,0.00805860758,0,0,0,15.9349623,0,8.50829506,8.42641926,0,13.3238449,0,0,0,,,,50
53661530,0.5,1,0,0,0.0241758227,0,0,0,15.9349623,0,8.5565176,8.42641926,0,13.3309927,0,0,0,,,,50
53662656,0.5,1,0,0,0.0241758227,0,0,0,15.9349623,0,8.568573,8.42430782,0,13.3309927,0,0,0,,,,50
53663787,0.5,1,0,0,0.0161172152,0,0,0,15.9304171,0,8.55953121,8.42641926,0,13.3238449,0,0,0,,,,50
53664913,0.5,1,0,0,0.0161172152,0,0,0,15.9349623,0,8.58364296,8.42641926,0,13.3309927,0,0,0,,,,50
53666039,0.5,1,0,0,0.0161172152,0,0,0,15.9349623,0,8.51432323,8.42853069,0,13.3095493,0,0,0,,,,50
53667165,0.5,1,0,0,0.0241758227,0,0,0,15.9349623,0,8.51130867,8.42641926,0,13.3309927,0,0,0,,,,50
53668291,0.5,1,0,0,0.0241758227,0,0,0,15.9349623,0,8.53240585,8.42641926,0,13.3309927,0,0,0,,,,50
53669621,0.5,1,0,0,0.0241758227,0,0,0,15.9349623,0,8.51432323,8.42008495,0,13.3309927,0,0,0,,,,50
53670751,0.5,1,0,0,0.0161172152,0,0,0,15.9349623,0,8.57460117,8.42641926,0,13.3238449,0,0,0,,,,50
53671877,0.5,1,0,0,0.0241758227,0,0,0,15.9304171,0,8.56555939,8.42641926,0,13.3309927,0,0,0,,,,50
53673003,0.5,1,0,0,0.0241758227,0,0,0,15.9349623,0,8.55953121,8.42641926,0,13.3309927,0,0,0,,,,50
53674129,0.5,1,0,0,0.0241758227,0,0,0,15.9349623,0,8.57460117,8.42641926,0,13.3309927,0,0,0,,,,50
53675255,0.5,1,0,0,0.0161172152,0,0,0,15.9349623,0,8.56254578,8.42219639,0,13.3309927,0,0,0,,,,50
53676381,0.5,1,0,0,0.0322344303,0,0,0,15.9349623,0,8.56555939,8.42641926,0,13.3309927,0,0,0,,,,50
53677507,0.5,1,0,0,0.0241758227,0,0,0,15.9349623,0,8.5565176,8.42641926,0,13.3309927,0,0,0,,,,50
53678638,0.5,1,0,0,0.0161172152,0,0,0,15.9349623,0,8.56254578,8.42641926,0,13.3238449,0,0,0,,,,50
53679764,0.5,1,0,0,0.0161172152,0,0,0,15.9349623,0,8.52336502,8.42641926,0,13.3309927,0,0,0,,,,50
53680890,0.5,1,0,0,0.0161172152,0,0,0,15.9349623,0,8.57158756,8.42641926,0,13.3309927,0,0,0,,,,50
53682016,0.5,1,0,0,0.0161172152,0,0,0,15.9349623,0,8.56254578,8.42641926,0,13.3238449,0,0,0,,,,50
53683142,0.5,1,0,0,0.0241758227,0,0,0,15.9349623,0,8.49925327,8.42430782,0,13.3309927,0,0,0,,,,50
53684268,0.5,1,0,0,0.0241758227,0,0,0,15.9349623,0,8.568573,8.42641926,0,13.3309927,0,0,0,,,,50
53685394,0.5,1,0,0,0.0161172152,0,0,0,15.9349623,0,8.57460117,8.42641926,0,13.3309927,0,0,0,,,,50
53686524,0.5,1,0,0,0.0161172152,0,0,0,15.9349623,0,8.53542042,8.42641926,0,13.3309927,0,0,0,,,,50
53687650,0.5,1,0,0,0.0322344303,0,0,0,15.9349623,0,8.54747581,8.42641926,0,13.3238449,0,0,0,,,,50
53688776,0.5,1,0,0,0.0241758227,0,0,0,15.9395075,0,8.57761478,8.42853069,0,13.3309927,0,0,0,,,,50
53690106,0.5,1,0,0,0.0241758227,0,0,0,15.9349623,0,8.56555939,8.42641926,0,13.3309927,0,0,0,,,,50
53691232,0.5,1,0,0,0.0161172152,0,0,0,15.9395075,0,8.55350399,8.42641926,0,13.3309927,0,0,0,,,,50
53692358,0.5,1,0,0,0.0161172152,0,0,0,15.9349623,0,8.55048943,8.42641926,0,13.3309927,0,0,0,,,,50
53693484,0.5,1,0,0,0.0241758227,0,0,0,15.9349623,0,8.58967113,8.42641926,0,13.3309927,0,0,0,,,,50
53694615,0.5,1,0,0,0.0241758227,0,0,0,15.9304171,0,8.52637863,8.42641926,0,13.3309927,0,0,0,,,,50
53695741,0.5,1,0,0,0.0161172152,0,0,0,15.9349623,0,8.59268475,8.42641926,0,13.3309927,0,0,0,,,,50
53696867,0.5,1,0,0,0.0161172152,0,0,0,15.9349623,0,8.5565176,8.42430782,0,13.3309927,0,0,0,,,,50
53697993,0.5,1,0,0,0.0241758227,0,0,0,15.9349623,0,8.52637863,8.42219639,0,13.3309927,0,0,0,,,,50
53699119,0.5,1,0,0,0.0161172152,0,0,0,15.9349623,0,8.568573,8.42641926,0,13.3238449,0,0,0,,,,50
53700245,0.5,1,0,0,0.0161172152,0,0,0,15.9349623,0,8.5444622,8.42641926,0,13.3309927,0,0,0,,,,50
53701375,0.5,1,0,0,0.0161172152,0,0,0,15.9349623,0,8.52939224,8.42641926,0,13.3309927,0,0,0,,,,50
53702501,0.5,1,0,0,0.0161172152,0,0,0,15.9349623,0,8.5565176,8.42641926,0,13.3309927,0,0,0,,,,50
53703627,0.5,1,0,0,0.0161172152,0,0,0,15.9349623,0,8.55953121,8.42641926,0,13.3309927,0,0,0,,,,50
53704753,0.5,1,0,0,0.00805860758,0,0,0,15.9304171,0,8.5444622,8.42641926,0,13.3309927,0,0,0,,,,50
53705879,0.5,1,0,0,0.0241758227,0,0,0,15.9304171,0,8.58062935,8.42853069,0,13.3309927,0,0,0,,,,50
53707005,0.5,1,0,0,0.0161172152,0,0,0,15.9349623,0,8.53843403,8.42641926,0,13.3238449,0,0,0,,,,50
53708131,0.5,1,0,0,0.0161172152,0,0,0,15.9349623,0,8.53843403,8.42641926,0,13.3309927,0,0,0,,,,50
53709262,0.5,1,0,0,0.0241758227,0,0,0,15.9304171,0,8.54747581,8.42641926,0,13.3238449,0,0,0,,,,50
53710388,0.5,1,0,0,0.0241758227,0,0,0,15.9349623,0,8.53843403,8.42641926,0,13.3309927,0,0,0,,,,50
53711718,0.5,1,0,0,0.00805860758,0,0,0,15.9349623,0,8.56254578,8.42853069,0,13.3309927,0,0,0,,,,50
53712844,0.5,1,0,0,0.0241758227,0,0,0,15.9349623,0,8.56254578,8.42641926,0,13.3309927,0,0,0,,,,50
53713970,0.5,1,0,0,0.0241758227,0,0,0,15.9349623,0,8.57158756,8.42853069,0,13.3309927,0,0,0,,,,50
53715096,0.5,1,0,0,0.0161172152,0,0,0,15.9349623,0,8.55953121,8.42641926,0,13.3309927,0,0,0,,,,50
53716222,0.5,1,0,0,0.0322344303,0,0,0,15.9395075,0,8.55953121,8.42641926,0,13.3309927,0,0,0,,,,50
53717352,0.5,1,0,0,0.0241758227,0,0,0,15.9304171,0,8.57158756,8.42641926,0,13.3309927,0,0,0,,,,50
53718478,0.5,1,0,0,0.0161172152,0,0,0,15.9349623,0,8.568573,8.42641926,0,13.3309927,0,0,0,,,,50
53719604,0.5,1,0,0,0.00805860758,0,0,0,15.9349623,0,8.55350399,8.42641926,0,13.3309927,0,0,0,,,,50
53720730,0.5,1,0,0,0.0241758227,0,0,0,15.9349623,0,8.51733685,8.41586208,0,13.3309927,0,0,0,,,,50
53721856,0.5,1,0,0,0.0241758227,0,0,0,15.9349623,0,8.58062935,8.42641926,0,13.3309927,0,0,0,,,,50
53722982,0.5,1,0,0,0.0161172152,0,0,0,15.9304171,0,8.58967113,8.42641926,0,13.3309927,0,0,0,,,,50
53724108,0.5,1,0,0,0.0161172152,0,0,0,15.9349623,0,8.52336502,8.42641926,0,13.3309927,0,0,0,,,,50
53725239,0.5,1,0,0,0.0161172152,0,0,0,15.9258718,0,8.52939224,8.42430782,0,13.3309927,0,0,0,,,,50
53726365,0.5,1,0,0,0.0161172152,0,0,0,15.9304171,0,8.5565176,8.42641926,0,13.3238449,0,0,0,,,,50
53727491,0.5,1,0,0,0.0161172152,0,0,0,15.9349623,0,8.57460117,8.42641926,0,13.3309927,0,0,0,,,,50
53728617,0.5,1,0,0,0.0322344303,0,0,0,15.9349623,0,8.54144764,8.42641926,0,13.3238449,0,0,0,,,,50
53729743,0.5,1,0,0,0.0241758227,0,0,0,15.9349623,0,8.54144764,8.42641926,0,13.3309927,0,0,0,,,,50
53730869,0.5,1,0,0,0.0161172152,0,0,0,15.9349623,0,8.56254578,8.42641926,0,13.3309927,0,0,0,,,,50
53732204,0.5,1,0,0,0.0241758227,0,0,0,15.9395075,0,8.53240585,8.42219639,0,13.3238449,0,0,0,,,,50
53733330,0.5,1,0,0,0.0161172152,0,0,0,15.9349623,0,8.59871292,8.42641926,0,13.3309927,0,0,0,,,,50
53734456,0.5,1,0,0,0.0161172152,0,0,0,15.9349623,0,8.55953121,8.42430782,0,13.3309927,0,0,0,,,,50
53735582,0.5,1,0,0,0.0241758227,0,0,0,15.9304171,0,8.55350399,8.42430782,0,13.3309927,0,0,0,,,,50
53736708,0.5,1,0,0,0.0161172152,0,0,0,15.9349623,0,8.55350399,8.42641926,0,13.3309927,0,0,0,,,,50
53737833,0.5,1,0,0,0.0161172152,0,0,0,15.9349623,0,8.5444622,8.42853069,0,13.3309927,0,0,0,,,,50
53738959,0.5,1,0,0,0.0241758227,0,0,0,15.9349623,0,8.54747581,8.42641926,0,13.3238449,0,0,0,,,,50
53740090,0.5,1,0,0,0.00805860758,0,0,0,15.9349623,0,8.5565176,8.42219639,0,13.3309927,0,0,0,,,,50
53741216,0.5,1,0,0,0.0241758227,0,0,0,15.9395075,0,8.58967113,8.42641926,0,13.3309927,0,0,0,,,,50
53742342,0.5,1,0,0,0.0241758227,0,0,0,15.9349623,0,8.54747581,8.42641926,0,13.3238449,0,0,0,,,,50
53743468,0.5,1,0,0,0.0161172152,0,0,0,15.9349623,0,8.55048943,8.42853069,0,13.3238449,0,0,0,,,,50
53744594,0.5,1,0,0,0.0241758227,0,0,0,15.9349623,0,8.5444622,8.42641926,0,13.3238449,0,0,0,,,,50
53745720,0.5,1,0,0,0.0161172152,0,0,0,15.9349623,0,8.56254578,8.42008495,0,13.3238449,0,0,0,,,,50
53746846,0.5,1,0,0,0.0161172152,0,0,0,15.9349623,0,8.5444622,8.42641926,0,13.3238449,0,0,0,,,,50
53747977,0.5,1,0,0,0.0241758227,0,0,0,15.9349623,0,8.52035046,8.42641926,0,13.3309927,0,0,0,,,,50
53749103,0.5,1,0,0,0.0161172152,0,0,0,15.9349623,0,8.57460117,8.42853069,0,13.3238449,0,0,0,,,,50
53750229,0.5,1,0,0,0.0161172152,0,0,0,15.9304171,0,8.5444622,8.42853069,0,13.3309927,0,0,0,,,,50
53751355,0.5,1,0,0,0.0161172152,0,0,0,15.9349623,0,8.56555939,8.42853069,0,13.3309927,0,0,0,,,,50
53752481,0.5,1,0,0,0.0161172152,0,0,0,15.9349623,0,8.53240585,8.42641926,0,13.3238449,0,0,0,,,,50
53753811,0.5,1,0,0,0.0161172152,0,0,0,15.9349623,0,8.56555939,8.42641926,0,13.3309927,0,0,0,,,,50
53754941,0.5,1,0,0,0.0161172152,0,0,0,15.9349623,0,8.57761478,8.42853069,0,13.3309927,0,0,0,,,,50
53756067,0.5,1,0,0,0.0161172152,0,0,0,15.9349623,0,8.55350399,8.42641926,0,13.3095493,0,0,0,,,,50
53757193,0.5,1,0,0,0.0322344303,0,0,0,15.9349623,0,8.52637863,8.42641926,0,13.3309927,0,0,0,,,,50
53758319,0.5,1,0,0,0.0241758227,0,0,0,15.9395075,0,8.54144764,8.42641926,0,13.3309927,0,0,0,,,,50
53759445,0.5,1,0,0,0.0161172152,0,0,0,15.9304171,0,8.56254578,8.42641926,0,13.3309927,0,0,0,,,,50
53760571,0.5,1,0,0,0.0161172152,0,0,0,15.9349623,0,8.53542042,8.42641926,0,13.3238449,0,0,0,,,,50
53761697,0.5,1,0,0,0.0161172152,0,0,0,15.9304171,0,8.56555939,8.42853069,0,13.3238449,0,0,0,,,,50
53762828,0.5,1,0,0,0.0241758227,0,0,0,15.9349623,0,8.55350399,8.42641926,0,13.3309927,0,0,0,,,,50
53763954,0.5,1,0,0,0.0161172152,0,0,0,15.9349623,0,8.55953121,8.42641926,0,13.3238449,0,0,0,,,,50
53765080,0.5,1,0,0,0.0241758227,0,0,0,15.9349623,0,8.54747581,8.42430782,0,13.3238449,0,0,0,,,,50
53766206,0.5,1,0,0,0.0161172152,0,0,0,15.9349623,0,8.5444622,8.42641926,0,13.3309927,0,0,0,,,,50
53767332,0.5,1,0,0,0.0241758227,0,0,0,15.9349623,0,8.58665657,8.42430782,0,13.3309927,0,0,0,,,,50
53768458,0.5,1,0,0,0.0241758227,0,0,0,15.9349623,0,8.568573,8.42853069,0,13.3309927,0,0,0,,,,50
53769584,0.5,1,0,0,0.0241758227,0,0,0,15.9349623,0,8.54747581,8.42641926,0,13.3309927,0,0,0,,,,50
53770714,0.5,1,0,0,0.0241758227,0,0,0,15.9349623,0,8.56254578,8.42219639,0,13.3309927,0,0,0,,,,50
53771840,0.5,1,0,0,0.0161172152,0,0,0,15.9349623,0,8.55953121,8.42853069,0,13.3309927,0,0,0,,,,50
53772966,0.5,1,0,0,0.0241758227,0,0,0,15.9349623,0,8.55350399,8.42641926,0,13.3309927,0,0,0,,,,50
53774296,0.5,1,0,0,0.0322344303,0,0,0,15.9349623,0,8.52035046,8.42641926,0,13.3309927,0,0,0,,,,50
53775422,0.5,1,0,0,0.0241758227,0,0,0,15.9349623,0,8.55953121,8.42641926,0,13.3238449,0,0,0,,,,50
53776548,0.5,1,0,0,0.00805860758,0,0,0,15.9349623,0,8.55350399,8.42219639,0,13.3309927,0,0,0,,,,50
53777674,0.5,1,0,0,0.0161172152,0,0,0,15.9349623,0,8.52336502,8.42641926,0,13.3309927,0,0,0,,,,50
53778805,0.5,1,0,0,0.0241758227,0,0,0,15.9304171,0,8.57158756,8.42641926,0,13.3309927,0,0,0,,,,50
53779931,0.5,1,0,0,0.0161172152,0,0,0,15.9304171,0,8.54747581,8.42641926,0,13.3309927,0,0,0,,,,50
53781057,0.5,1,0,0,0.0241758227,0,0,0,15.9349623,0,8.55953121,8.42641926,0,13.3095493,0,0,0,,,,50
53782183,0.5,1,0,0,0.0241758227,0,0,0,15.9395075,0,8.57158756,8.42641926,0,13.3238449,0,0,0,,,,50
53783309,0.5,1,0,0,0.0161172152,0,0,0,15.9349623,0,8.59268475,8.42641926,0,13.3309927,0,0,0,,,,50
53784435,0.5,1,0,0,0.0161172152,0,0,0,15.9349623,0,8.59268475,8.42641926,0,13.3309927,0,0,0,,,,50
53785565,0.5,1,0,0,0.0241758227,0,0,0,15.9395075,0,8.55953121,8.42641926,0,13.3309927,0,0,0,,,,50
53786691,0.5,1,0,0,0.0161172152,0,0,0,15.9304171,0,8.55953121,8.42641926,0,13.3238449,0,0,0,,,,50
53787817,0.5,1,0,0,0.0161172152,0,0,0,15.9349623,0,8.51130867,8.42641926,0,13.3309927,0,0,0,,,,50
53788943,0.5,1,0,0,0.0161172152,0,0,0,15.9349623,0,8.55048943,8.42641926,0,13.3309927,0,0,0,,,,50
53790069,0.5,1,0,0,0.0161172152,0,0,0,15.9349623,0,8.56254578,8.42641926,0,13.3095493,0,0,0,,,,50
53791195,0.5,1,0,0,0.0241758227,0,0,0,15.9349623,0,8.55048943,8.42641926,0,13.3309927,0,0,0,,,,50
53792321,0.5,1,0,0,0.0241758227,0,0,0,15.9349623,0,8.58665657,8.42641926,0,13.3238449,0,0,0,,,,50
53793452,0.5,1,0,0,0.0161172152,0,0,0,15.9349623,0,8.55350399,8.42641926,0,13.3309927,0,0,0,,,,50
53794782,0.5,1,0,0,0.0241758227,0,0,0,15.9349623,0,8.54747581,8.42641926,0,13.3309927,0,0,0,,,,50
53795908,0.5,1,0,0,0.0241758227,0,0,0,15.9304171,0,8.56254578,8.42641926,0,13.3309927,0,0,0,,,,50
53797034,0.5,1,0,0,0.0241758227,0,0,0,15.9395075,0,8.53843403,8.42641926,0,13.3166971,0,0,0,,,,50
53798159,0.5,1,0,0,0.0161172152,0,0,0,15.9349623,0,8.49925327,8.42641926,0,13.3309927,0,0,0,,,,50
53799285,0.5,1,0,0,0.0241758227,0,0,0,15.9349623,0,8.53542042,8.42008495,0,13.3309927,0,0,0,,,,50
53800411,0.5,1,0,0,0.0161172152,0,0,0,15.9349623,0,8.52939224,8.42641926,0,13.3309927,0,0,0,,,,50
53801542,0.5,1,0,0,0.0241758227,0,0,0,15.9349623,0,8.53843403,8.42641926,0,13.3309927,0,0,0,,,,50
53802668,0.5,1,0,0,0.0161172152,0,0,0,15.9395075,0,8.52939224,8.42641926,0,13.3238449,0,0,0,,,,50
53803794,0.5,1,0,0,0.0322344303,0,0,0,15.9349623,0,8.57761478,8.42641926,0,13.3381405,0,0,0,,,,50
53804920,0.5,1,0,0,0.0161172152,0,0,0,15.9395075,0,8.58967113,8.42853069,0,13.3309927,0,0,0,,,,50
53806046,0.5,1,0,0,0.0241758227,0,0,0,15.9349623,0,8.56555939,8.42641926,0,13.3166971,0,0,0,,,,50
53807172,0.5,1,0,0,0.0241758227,0,0,0,15.9349623,0,8.57460117,8.42219639,0,13.3309927,0,0,0,,,,50
53808298,0.5,1,0,0,0.0241758227,0,0,0,15.9349623,0,8.53843403,8.42641926,0,13.3238449,0,0,0,,,,50
53809429,0.5,1,0,0,0.0241758227,0,0,0,15.9349623,0,8.55048943,8.42641926,0,13.3238449,0,0,0,,,,50
53810555,0.5,1,0,0,0.0241758227,0,0,0,15.9349623,0,8.568573,8.42641926,0,13.3309927,0,0,0,,,,50
53811680,0.5,1,0,0,0.0241758227,0,0,0,15.9349623,0,8.57460117,8.42641926,0,13.3309927,0,0,0,,,,50
53812806,0.5,1,0,0,0.0241758227,0,0,0,15.9349623,0,8.56555939,8.42641926,0,13.3238449,0,0,0,,,,50
53813932,0.5,1,0,0,0.0161172152,0,0,0,15.9304171,0,8.55048943,8.42430782,0,13.3238449,0,0,0,,,,50
53815058,0.5,1,0,0,0.0322344303,0,0,0,15.9349623,0,8.56555939,8.42219639,0,13.3166971,0,0,0,,,,50
53816393,0.5,1,0,0,0.0241758227,0,0,0,15.9395075,0,8.52336502,8.42853069,0,13.3309927,0,0,0,,,,50
53817519,0.5,1,0,0,0.0161172152,0,0,0,15.9395075,0,8.568573,8.42641926,0,13.3309927,0,0,0,,,,50
53818645,0.5,1,0,0,0.0241758227,0,0,0,15.9349623,0,8.55953121,8.42430782,0,13.3238449,0,0,0,,,,50
53819771,0.5,1,0,0,0.0241758227,0,0,0,15.9349623,0,8.5565176,8.42641926,0,13.3309927,0,0,0,,,,50
53820897,0.5,1,0,0,0.0241758227,0,0,0,15.9349623,0,8.55350399,8.42641926,0,13.3309927,0,0,0,,,,50
53822023,0.5,1,0,0,0.0161172152,0,0,0,15.9304171,0,8.51733685,8.42641926,0,13.3238449,0,0,0,,,,50
53823149,0.5,1,0,0,0.0241758227,0,0,0,15.9349623,0,8.54747581,8.42641926,0,13.3381405,0,0,0,,,,50
53824280,0.5,1,0,0,0.0161172152,0,0,0,15.9304171,0,8.55048943,8.42008495,0,13.3309927,0,0,0,,,,50
53825406,0.5,1,0,0,0.0241758227,0,0,0,15.9349623,0,8.52939224,8.42641926,0,13.3309927,0,0,0,,,,50
53826532,0.5,1,0,0,0.0161172152,0,0,0,15.9304171,0,8.53843403,8.42641926,0,13.3309927,0,0,0,,,,50
53827657,0.5,1,0,0,0.0241758227,0,0,0,15.9349623,0,8.5565176,8.42853069,0,13.3309927,0,0,0,,,,50
53828783,0.5,1,0,0,0.0161172152,0,0,0,15.9349623,0,8.52939224,8.42641926,0,13.3309927,0,0,0,,,,50
53829909,0.5,1,0,0,0.0241758227,0,0,0,15.9349623,0,8.52035046,8.42641926,0,13.3309927,0,0,0,,,,50
53831035,0.5,1,0,0,0.0161172152,0,0,0,15.9349623,0,8.57460117,8.42641926,0,13.3166971,0,0,0,,,,50
53832166,0.5,1,0,0,0.0161172152,0,0,0,15.9349623,0,8.58967113,8.42430782,0,13.3309927,0,0,0,,,,50
53833292,0.5,1,0,0,0.0161172152,0,0,0,15.9349623,0,8.54144764,8.42641926,0,13.3309927,0,0,0,,,,50
53834418,0.5,1,0,0,0.0241758227,0,0,0,15.9349623,0,8.53843403,8.42641926,0,13.3309927,0,0,0,,,,50
53835544,0.5,1,0,0,0.0241758227,0,0,0,15.9349623,0,8.5444622,8.42641926,0,13.3238449,0,0,0,,,,50
53836874,0.5,1,0,0,0.0161172152,0,0,0,15.9349623,0,8.53542042,8.42641926,0,13.3309927,0,0,0,,,,50
53838000,0.5,1,0,0,0.0161172152,0,0,0,15.9349623,0,8.5444622,8.42641926,0,13.3309927,0,0,0,,,,50
53839126,0.5,1,0,0,0.0241758227,0,0,0,15.9349623,0,8.57460117,8.42641926,0,13.3309927,0,0,0,,,,50
53840257,0.5,1,0,0,0.0161172152,0,0,0,15.9349623,0,8.54144764,8.42641926,0,13.3309927,0,0,0,,,,50
53841383,0.5,1,0,0,0.0161172152,0,0,0,15.9304171,0,8.55350399,8.42219639,0,13.3309927,0,0,0,,,,50
53842509,0.5,1,0,0,0.0161172152,0,0,0,15.9349623,0,8.58364296,8.42641926,0,13.3309927,0,0,0,,,,50
53843635,0.5,1,0,0,0.0161172152,0,0,0,15.9304171,0,8.55953121,8.42641926,0,13.3309927,0,0,0,,,,50
53844761,0.5,1,0,0,0.0322344303,0,0,0,15.9349623,0,8.54747581,8.42641926,0,13.3238449,0,0,0,,,,50
53845887,0.5,1,0,0,0.0161172152,0,0,0,15.9304171,0,8.54144764,8.42853069,0,13.3309927,0,0,0,,,,50
53847017,0.5,1,0,0,0.0161172152,0,0,0,15.9395075,0,8.58665657,8.42853069,0,13.3238449,0,0,0,,,,50
53848143,0.5,1,0,0,0.0161172152,0,0,0,15.9349623,0,8.51130867,8.42641926,0,13.3238449,0,0,0,,,,50
53849269,0.5,1,0,0,0.0241758227,0,0,0,15.9349623,0,8.52637863,8.42219639,0,13.3309927,0,0,0,,,,50
53850395,0.5,1,0,0,0.0161172152,0,0,0,15.9395075,0,8.55953121,8.42853069,0,13.3309927,0,0,0,,,,50
53851521,0.5,1,0,0,0.0161172152,0,0,0,15.9349623,0,8.5444622,8.42641926,0,13.3309927,0,0,0,,,,50
53852647,0.5,1,0,0,0.0241758227,0,0,0,15.9349623,0,8.5565176,8.42641926,0,13.3309927,0,0,0,,,,50
53853773,0.5,1,0,0,0.0161172152,0,0,0,15.9349623,0,8.56254578,8.42641926,0,13.3309927,0,0,0,,,,50
53854904,0.5,1,0,0,0.00805860758,0,0,0,15.9349623,0,8.56254578,8.42853069,0,13.3238449,0,0,0,,,,50
53856030,0.5,1,0,0,0.0241758227,0,0,0,15.9349623,0,8.53240585,8.42641926,0,13.3238449,0,0,0,,,,50
53857156,0.5,1,0,0,0.0161172152,0,0,0,15.9349623,0,8.5444622,8.41797352,0,13.3309927,0,0,0,,,,50
53858486,0.5,1,0,0,0.0241758227,0,0,0,15.9349623,0,8.54747581,8.42641926,0,13.3309927,0,0,0,,,,50
53859612,0.5,1,0,0,0.0161172152,0,0,0,15.9304171,0,8.53542042,8.42641926,0,13.3309927,0,0,0,,,,50
53860738,0.5,1,0,0,0.0161172152,0,0,0,15.9349623,0,8.54747581,8.42641926,0,13.3309927,0,0,0,,,,50
53861864,0.5,1,0,0,0.0241758227,0,0,0,15.9304171,0,8.54747581,8.42641926,0,13.3238449,0,0,0,,,,50
53862994,0.5,1,0,0,0.0161172152,0,0,0,15.9349623,0,8.5565176,8.42430782,0,13.3309927,0,0,0,,,,50
53864120,0.5,1,0,0,0.0241758227,0,0,0,15.9349623,0,8.55048943,8.42853069,0,13.3309927,0,0,0,,,,50
53865246,0.5,1,0,0,0.0241758227,0,0,0,15.9349623,0,8.52939224,8.42641926,0,13.3309927,0,0,0,,,,50
53866372,0.5,1,0,0,0.0161172152,0,0,0,15.9304171,0,8.5565176,8.42641926,0,13.3238449,0,0,0,,,,50
53867498,0.5,1,0,0,0.0161172152,0,0,0,15.9349623,0,8.54747581,8.42641926,0,13.3309927,0,0,0,,,,50
53868624,0.5,1,0,0,0.0241758227,0,0,0,15.9349623,0,8.57761478,8.42853069,0,13.3309927,0,0,0,,,,50
53869750,0.5,1,0,0,0.0241758227,0,0,0,15.9349623,0,8.56555939,8.42641926,0,13.3309927,0,0,0,,,,50
53870881,0.5,1,0,0,0.0241758227,0,0,0,15.9349623,0,8.53240585,8.42641926,0,13.3238449,0,0,0,,,,50
53872007,0.5,1,0,0,0.0241758227,0,0,0,15.9349623,0,8.58364296,8.42641926,0,13.3238449,0,0,0,,,,50
53873133,0.5,1,0,0,0.0241758227,0,0,0,15.9349623,0,8.52035046,8.42641926,0,13.3309927,0,0,0,,,,50
53874259,0.5,1,0,0,0.0161172152,0,0,0,15.9304171,0,8.56555939,8.42219639,0,13.3309927,0,0,0,,,,50
53875385,0.5,1,0,0,0.0161172152,0,0,0,15.9349623,0,8.59871292,8.42641926,0,13.3238449,0,0,0,,,,50
53876511,0.5,1,0,0,0.0161172152,0,0,0,15.9304171,0,8.5444622,8.42641926,0,13.3309927,0,0,0,,,,50
53877641,0.5,1,0,0,0.0161172152,0,0,0,15.9304171,0,8.59268475,8.42641926,0,13.3309927,0,0,0,,,,50
53878971,0.5,1,0,0,0.0161172152,0,0,0,15.9349623,0,8.54747581,8.42853069,0,13.3309927,0,0,0,,,,50
53880097,0.5,1,0,0,0.0161172152,0,0,0,15.9349623,0,8.53542042,8.42641926,0,13.3238449,0,0,0,,,,50
53881223,0.5,1,0,0,0.0161172152,0,0,0,15.9304171,0,8.53843403,8.42641926,0,13.3309927,0,0,0,,,,50
53882349,0.5,1,0,0,0.0161172152,0,0,0,15.9349623,0,8.52637863,8.42641926,0,13.3309927,0,0,0,,,,50
53883475,0.5,1,0,0,0.0241758227,0,0,0,15.9349623,0,8.54747581,8.42853069,0,13.3309927,0,0,0,,,,50
53884601,0.5,1,0,0,0.0161172152,0,0,0,15.9349623,0,8.55350399,8.42641926,0,13.3238449,0,0,0,,,,50
53885732,0.5,1,0,0,0.0161172152,0,0,0,15.9349623,0,8.52939224,8.42641926,0,13.3309927,0,0,0,,,,50
53886858,0.5,1,0,0,0.0161172152,0,0,0,15.9349623,0,8.568573,8.42853069,0,13.3309927,0,0,0,,,,50
53887984,0.5,1,0,0,0.0241758227,0,0,0,15.9349623,0,8.55350399,8.42430782,0,13.3309927,0,0,0,,,,50
53889110,0.5,1,0,0,0.0161172152,0,0,0,15.9349623,0,8.53240585,8.42641926,0,13.3309927,0,0,0,,,,50
53890236,0.5,1,0,0,0.0161172152,0,0,0,15.9395075,0,8.57460117,8.42641926,0,13.3309927,0,0,0,,,,50
53891362,0.5,1,0,0,0.0161172152,0,0,0,15.9349623,0,8.5444622,8.42008495,0,13.3309927,0,0,0,,,,50
53892488,0.5,1,0,0,0.0161172152,0,0,0,15.9349623,0,8.54144764,8.42641926,0,13.3309927,0,0,0,,,,50
53893619,0.5,1,0,0,0.0161172152,0,0,0,15.9304171,0,8.55048943,8.42641926,0,13.3309927,0,0,0,,,,50
53894745,0.5,1,0,0,0.0241758227,0,0,0,15.9349623,0,8.55350399,8.42641926,0,13.3238449,0,0,0,,,,50
53895871,0.5,1,0,0,0.0161172152,0,0,0,15.9349623,0,8.53542042,8.42641926,0,13.3309927,0,0,0,,,,50
53896997,0.5,1,0,0,0.0161172152,0,0,0,15.9304171,0,8.55350399,8.42008495,0,13.3309927,0,0,0,,,,50
53898123,0.5,1,0,0,0.0161172152,0,0,0,15.9349623,0,8.55953121,8.42641926,0,13.3238449,0,0,0,,,,50
53899249,0.5,1,0,0,0.0241758227,0,0,0,15.9349623,0,8.55953121,8.42641926,0,13.3309927,0,0,0,,,,50
53900583,0.5,1,0,0,0.0241758227,0,0,0,15.9304171,0,8.56555939,8.42008495,0,13.3309927,0,0,0,,,,50
53901709,0.5,1,0,0,0.0241758227,0,0,0,15.9349623,0,8.59569836,8.42641926,0,13.3309927,0,0,0,,,,50
53902835,0.5,1,0,0,0.0161172152,0,0,0,15.9304171,0,8.53843403,8.42641926,0,13.3309927,0,0,0,,,,50
53903961,0.5,1,0,0,0.0161172152,0,0,0,15.9349623,0,8.51432323,8.42641926,0,13.3309927,0,0,0,,,,50
53905087,0.5,1,0,0,0.0241758227,0,0,0,15.9395075,0,8.51733685,8.42853069,0,13.3309927,0,0,0,,,,50
53906213,0.5,1,0,0,0.0241758227,0,0,0,15.9395075,0,8.51733685,8.42641926,0,13.3309927,0,0,0,,,,50
53907339,0.5,1,0,0,0.0161172152,0,0,0,15.9349623,0,8.59268475,8.42641926,0,13.3309927,0,0,0,,,,50
53908470,0.5,1,0,0,0.0241758227,0,0,0,15.9349623,0,8.55048943,8.42641926,0,13.3238449,0,0,0,,,,50
53909596,0.5,1,0,0,0.0161172152,0,0,0,15.9304171,0,8.5565176,8.42641926,0,13.3309927,0,0,0,,,,50
53910722,0.5,1,0,0,0.0241758227,0,0,0,15.9304171,0,8.5565176,8.42641926,0,13.3309927,0,0,0,,,,50
53911848,0.5,1,0,0,0.0241758227,0,0,0,15.9349623,0,8.52939224,8.42430782,0,13.3238449,0,0,0,,,,50
53912974,0.5,1,0,0,0.0241758227,0,0,0,15.9349623,0,8.52035046,8.42641926,0,13.3309927,0,0,0,,,,50
53914100,0.5,1,0,0,0.0161172152,0,0,0,15.9304171,0,8.568573,8.42430782,0,13.3309927,0,0,0,,,,50
53915226,0.5,1,0,0,0.0161172152,0,0,0,15.9395075,0,8.52939224,8.42641926,0,13.3309927,0,0,0,,,,50
53916356,0.5,1,0,0,0.0161172152,0,0,0,15.9349623,0,8.5565176,8.42641926,0,13.3309927,0,0,0,,,,50
53917482,0.5,1,0,0,0.0161172152,0,0,0,15.9349623,0,8.5444622,8.42641926,0,13.3309927,0,0,0,,,,50
53918608,0.5,1,0,0,0.0161172152,0,0,0,15.9349623,0,8.55048943,8.42641926,0,13.3309927,0,0,0,,,,50
53919734,0.5,1,0,0,0.0241758227,0,0,0,15.9304171,0,8.53240585,8.42008495,0,13.3309927,0,0,0,,,,50
53921064,0.5,1,0,0,0.0241758227,0,0,0,15.9349623,0,8.57460117,8.42641926,0,13.3095493,0,0,0,,,,50
53922190,0.5,1,0,0,0.0161172152,0,0,0,15.9349623,0,8.55048943,8.42641926,0,13.3238449,0,0,0,,,,50
53923316,0.5,1,0,0,0.0241758227,0,0,0,15.9349623,0,8.57460117,8.42430782,0,13.3381405,0,0,0,,,,50
53924447,0.5,1,0,0,0.0161172152,0,0,0,15.9349623,0,8.53240585,8.42641926,0.00714798551,13.3309927,0,0,0,,,,50
53925573,0.5,1,0,0,0.0161172152,0,0,0,15.9349623,0,8.52637863,8.42641926,0,13.3309927,0,0,0,,,,50
53926699,0.5,1,0,0,0.0241758227,0,0,0,15.9349623,0,8.54144764,8.42641926,0,13.3309927,0,0,0,,,,50
53927825,0.5,1,0,0,0.0241758227,0,0,0,15.9349623,0,8.55953121,8.42641926,0,13.3238449,0,0,0,,,,50
53928951,0.5,1,0,0,0.0161172152,0,0,0,15.9349623,0,8.56555939,8.42219639,0,13.3309927,0,0,0,,,,50
53930077,0.5,1,0,0,0.0241758227,0,0,0,15.9349623,0,8.51432323,8.42641926,0,13.3095493,0,0,0,,,,50
53931208,0.5,1,0,0,0.0241758227,0,0,0,15.9304171,0,8.568573,8.42641926,0,13.3309927,0,0,0,,,,50
53932334,0.5,1,0,0,0.0241758227,0,0,0,15.9349623,0,8.56555939,8.42641926,0,13.3238449,0,0,0,,,,50
53933460,0.5,1,0,0,0.0161172152,0,0,0,15.9349623,0,8.53240585,8.42641926,0,13.3309927,0,0,0,,,,50
53934585,0.5,1,0,0,0.0241758227,0,0,0,15.9395075,0,8.568573,8.42641926,0,13.3238449,0,0,0,,,,50
53935711,0.5,1,0,0,0.0322344303,0,0,0,15.9349623,0,8.58967113,8.42853069,0,13.3238449,0,0,0,,,,50
53936837,0.5,1,0,0,0.0241758227,0,0,0,15.9349623,0,8.52939224,8.42008495,0,13.3309927,0,0,0,,,,50
53937963,0.5,1,0,0,0.0241758227,0,0,0,15.9349623,0,8.53843403,8.42641926,0,13.3309927,0,0,0,,,,50
53939094,0.5,1,0,0,0.0322344303,0,0,0,15.9349623,0,8.568573,8.42641926,0,13.3309927,0,0,0,,,,50
53940220,0.5,1,0,0,0.0161172152,0,0,0,15.9304171,0,8.52939224,8.42641926,0,13.3309927,0,0,0,,,,50
53941346,0.5,1,0,0,0.0241758227,0,0,0,15.9349623,0,8.56555939,8.42641926,0,13.3238449,0,0,0,,,,50
53942676,0.5,1,0,0,0.0161172152,0,0,0,15.9349623,0,8.49623966,8.42641926,0,13.3309927,0,0,0,,,,50
53943802,0.5,1,0,0,0.0241758227,0,0,0,15.9349623,0,8.55048943,8.42641926,0,13.3309927,0,0,0,,,,50
53944928,0.5,1,0,0,0.0241758227,0,0,0,15.9349623,0,8.52637863,8.42641926,0,13.3238449,0,0,0,,,,50
53946054,0.5,1,0,0,0.0241758227,0,0,0,15.9395075,0,8.57761478,8.42219639,0,13.3166971,0,0,0,,,,50
53947184,0.5,1,0,0,0.0161172152,0,0,0,15.9349623,0,8.49925327,8.42641926,0,13.3309927,0,0,0,,,,50
53948310,0.5,1,0,0,0.0161172152,0,0,0,15.9349623,0,8.54747581,8.42641926,0,13.3309927,0,0,0,,,,50
53949436,0.5,1,0,0,0.0241758227,0,0,0,15.9304171,0,8.53542042,8.42641926,0,13.3309927,0,0,0,,,,50
53950562,0.5,1,0,0,0.0241758227,0,0,0,15.9349623,0,8.56254578,8.42641926,0,13.3238449,0,0,0,,,,50
53951688,0.5,1,0,0,0.00805860758,0,0,0,15.9304171,0,8.54144764,8.42008495,0,13.3309927,0,0,0,,,,50
53952814,0.5,1,0,0,0.0241758227,0,0,0,15.9349623,0,8.55350399,8.42641926,0,13.3309927,0,0,0,,,,50
53953940,0.5,1,0,0,0.0241758227,0,0,0,15.9395075,0,8.58967113,8.42641926,0,13.3238449,0,0,0,,,,50
53955071,0.5,1,0,0,0.0161172152,0,0,0,15.9349623,0,8.55953121,8.42641926,0,13.3238449,0,0,0,,,,50
53956197,0.5,1,0,0,0.0241758227,0,0,0,15.9395075,0,8.53542042,8.42853069,0,13.3309927,0,0,0,,,,50
53957323,0.5,1,0,0,0.0241758227,0,0,0,15.9349623,0,8.55953121,8.42641926,0,13.3309927,0,0,0,,,,50
53958449,0.5,1,0,0,0.0241758227,0,0,0,15.9349623,0,8.54747581,8.42641926,0,13.3309927,0,0,0,,,,50
53959575,0.5,1,0,0,0.0161172152,0,0,0,15.9349623,0,8.55350399,8.42853069,0,13.3309927,0,0,0,,,,50
53960701,0.5,1,0,0,0.0241758227,0,0,0,15.9349623,0,8.5565176,8.42641926,0,13.3309927,0,0,0,,,,50
53961832,0.5,1,0,0,0.0241758227,0,0,0,15.9395075,0,8.57460117,8.42853069,0,13.3381405,0,0,0,,,,50
53963162,0.5,1,0,0,0.0161172152,0,0,0,15.9395075,0,8.51733685,8.42853069,0,13.3238449,0,0,0,,,,50
53964288,0.5,1,0,0,0.0161172152,0,0,0,15.9349623,0,8.55350399,8.42641926,0,13.3238449,0,0,0,,,,50
53965414,0.5,1,0,0,0.0241758227,0,0,0,15.9349623,0,8.568573,8.42641926,0,13.3309927,0,0,0,,,,50
53966540,0.5,1,0,0,0.0241758227,0,0,0,15.9349623,0,8.58665657,8.42008495,0,13.3309927,0,0,0,,,,50
53967665,0.5,1,0,0,0.0161172152,0,0,0,15.9349623,0,8.57158756,8.42641926,0,13.3309927,0,0,0,,,,50
53968791,0.5,1,0,0,0.0161172152,0,0,0,15.9304171,0,8.54747581,8.42853069,0,13.3309927,0,0,0,,,,50
53969922,0.5,1,0,0,0.0241758227,0,0,0,15.9349623,0,8.52637863,8.42641926,0,13.3238449,0,0,0,,,,50
53971048,0.5,1,0,0,0.0161172152,0,0,0,15.9395075,0,8.55048943,8.42641926,0,13.3095493,0,0,0,,,,50
53972174,0.5,1,0,0,0.0241758227,0,0,0,15.9349623,0,8.52939224,8.42641926,0,13.3309927,0,0,0,,,,50
53973300,0.5,1,0,0,0.0161172152,0,0,0,15.9349623,0,8.54747581,8.42641926,0,13.3309927,0,0,0,,,,50
53974426,0.5,1,0,0,0.0241758227,0,0,0,15.9349623,0,8.58062935,8.42430782,0,13.3309927,0,0,0,,,,50
53975552,0.5,1,0,0,0.0161172152,0,0,0,15.9349623,0,8.55350399,8.42641926,0,13.3238449,0,0,0,,,,50
53976678,0.5,1,0,0,0.0161172152,0,0,0,15.9349623,0,8.58364296,8.42641926,0,13.3381405,0,0,0,,,,50
53977809,0.5,1,0,0,0.0161172152,0,0,0,15.9349623,0,8.5565176,8.42641926,0,13.3309927,0,0,0,,,,50
53978935,0.5,1,0,0,0.0241758227,0,0,0,15.9395075,0,8.53240585,8.42641926,0,13.3238449,0,0,0,,,,50
53980061,0.5,1,0,0,0.0322344303,0,0,0,15.9349623,0,8.5444622,8.42219639,0,13.3095493,0,0,0,,,,50
53981187,0.5,1,0,0,0.0241758227,0,0,0,15.9349623,0,8.55953121,8.42641926,0,13.3309927,0,0,0,,,,50
53982313,0.5,1,0,0,0.0161172152,0,0,0,15.9349623,0,8.55350399,8.42641926,0,13.3309927,0,0,0,,,,50
53983439,0.5,1,0,0,0.0161172152,0,0,0,15.9349623,0,8.54747581,8.42641926,0,13.3309927,0,0,0,,,,50
53984769,0.5,1,0,0,0.0161172152,0,0,0,15.9349623,0,8.55350399,8.42641926,0,13.3238449,0,0,0,,,,50
53985899,0.5,1,0,0,0.0241758227,0,0,0,15.9349623,0,8.54144764,8.42641926,0,13.3238449,0,0,0,,,,50
53987025,0.5,1,0,0,0.0241758227,0,0,0,15.9349623,0,8.568573,8.42853069,0,13.3238449,0,0,0,,,,50
53988151,0.5,1,0,0,0.0241758227,0,0,0,15.9349623,0,8.54747581,8.42641926,0,13.3309927,0,0,0,,,,50
53989277,0.5,1,0,0,0.0241758227,0,0,0,15.9349623,0,8.53240585,8.42641926,0,13.3309927,0,0,0,,,,50
53990403,0.5,1,0,0,0.0241758227,0,0,0,15.9349623,0,8.5444622,8.42641926,0,13.3238449,0,0,0,,,,50
53991529,0.5,1,0,0,0.0161172152,0,0,0,15.9349623,0,8.53542042,8.42641926,0,13.3309927,0,0,0,,,,50
53992660,0.5,1,0,0,0.0161172152,0,0,0,15.9304171,0,8.53843403,8.42641926,0,13.3309927,0,0,0,,,,50
53993786,0.5,1,0,0,0.0241758227,0,0,0,15.9304171,0,8.57158756,8.42641926,0,13.3238449,0,0,0,,,,50
53994912,0.5,1,0,0,0.0161172152,0,0,0,15.9349623,0,8.5565176,8.42641926,0,13.3309927,0,0,0,,,,50
53996038,0.5,1,0,0,0.0241758227,0,0,0,15.9349623,0,8.57460117,8.42853069,0,13.3166971,0,0,0,,,,50
53997164,0.5,1,0,0,0.0322344303,0,0,0,15.9349623,0,8.50226688,8.42008495,0,13.3309927,0,0,0,,,,50
53998290,0.5,1,0,0,0.0241758227,0,0,0,15.9349623,0,8.52035046,8.42641926,0,13.3309927,0,0,0,,,,50
53999416,0.5,1,0,0,0.0241758227,0,0,0,15.9349623,0,8.52637863,8.42641926,0,13.3309927,0,0,0,,,,50
54000546,0.5,1,0,0,0.0241758227,0,0,0,15.9349623,0,8.51733685,8.42853069,0,13.3309927,0,0,0,,,,50
54001672,0.5,1,0,0,0.0161172152,0,0,0,15.9304171,0,8.55350399,8.42641926,0,13.3309927,0,0,0,,,,50
54002798,0.5,1,0,0,0.0161172152,0,0,0,15.9349623,0,8.55048943,8.42641926,0,13.3309927,0,0,0,,,,50
54003924,0.5,1,0,0,0.0161172152,0,0,0,15.9304171,0,8.57460117,8.42641926,0,13.3309927,0,0,0,,,,50
54005254,0.5,1,0,0,0.0161172152,0,0,0,15.9349623,0,8.5565176,8.42641926,0,13.3309927,0,0,0,,,,50
54006380,0.5,1,0,0,0.0161172152,0,0,0,15.9349623,0,8.55350399,8.42641926,0,13.3238449,0,0,0,,,,50
54007506,0.5,1,0,0,0.0161172152,0,0,0,15.9349623,0,8.55350399,8.42641926,0,13.3238449,0,0,0,,,,50
54008637,0.5,1,0,0,0.00805860758,0,0,0,15.9349623,0,8.54747581,8.42219639,0,13.3238449,0,0,0,,,,50
54009763,0.5,1,0,0,0.0241758227,0,0,0,15.9349623,0,8.54144764,8.42641926,0,13.3309927,0,0,0,,,,50
54010889,0.5,1,0,0,0.0241758227,0,0,0,15.9349623,0,8.53542042,8.42641926,0,13.3238449,0,0,0,,,,50
54012015,0.5,1,0,0,0.0241758227,0,0,0,15.9349623,0,8.54144764,8.42641926,0,13.3238449,0,0,0,,,,50
54013141,0.5,1,0,0,0.0161172152,0,0,0,15.9304171,0,8.52939224,8.42430782,0,13.3309927,0,0,0,,,,50
54014267,0.5,1,0,0,0.0161172152,0,0,0,15.9349623,0,8.51733685,8.42430782,0,13.3309927,0,0,0,,,,50
54015393,0.5,1,0,0,0.0241758227,0,0,0,15.9349623,0,8.53542042,8.42853069,0,13.3309927,0,0,0,,,,50
54016523,0.5,1,0,0,0.0161172152,0,0,0,15.9349623,0,8.53240585,8.42853069,0,13.3309927,0,0,0,,,,50
54017649,0.5,1,0,0,0.0161172152,0,0,0,15.9349623,0,8.5444622,8.42641926,0,13.3309927,0,0,0,,,,50
54018775,0.5,1,0,0,0.0161172152,0,0,0,15.9349623,0,8.568573,8.42853069,0,13.3309927,0,0,0,,,,50
54019901,0.5,1,0,0,0.0241758227,0,0,0,15.9349623,0,8.58364296,8.42430782,0,13.3309927,0,0,0,,,,50
54021027,0.5,1,0,0,0.0161172152,0,0,0,15.9395075,0,8.53542042,8.42853069,0,13.3238449,0,0,0,,,,50
54022153,0.5,1,0,0,0.0161172152,0,0,0,15.9349623,0,8.53542042,8.42641926,0,13.3309927,0,0,0,,,,50
54023284,0.5,1,0,0,0.0161172152,0,0,0,15.9304171,0,8.52035046,8.42641926,0,13.3309927,0,0,0,,,,50
54024410,0.5,1,0,0,0.0241758227,0,0,0,15.9395075,0,8.54747581,8.42853069,0,13.3309927,0,0,0,,,,50
54025536,0.5,1,0,0,0.0241758227,0,0,0,15.9304171,0,8.51733685,8.42008495,0,13.3309927,0,0,0,,,,50
54026866,0.5,1,0,0,0.0241758227,0,0,0,15.9349623,0,8.53542042,8.42853069,0,13.3309927,0,0,0,,,,50
54027992,0.5,1,0,0,0.0241758227,0,0,0,15.9304171,0,8.53542042,8.42641926,0,13.3238449,0,0,0,,,,50
54029118,0.5,1,0,0,0.0241758227,0,0,0,15.9349623,0,8.58967113,8.42008495,0,13.3309927,0,0,0,,,,50
54030244,0.5,1,0,0,0.0241758227,0,0,0,15.9349623,0,8.53843403,8.42641926,0,13.3238449,0,0,0,,,,50
54031375,0.5,1,0,0,0.0161172152,0,0,0,15.9349623,0,8.55350399,8.42641926,0,13.3309927,0,0,0,,,,50
54032501,0.5,1,0,0,0.0241758227,0,0,0,15.9349623,0,8.50829506,8.42641926,0,13.3238449,0,0,0,,,,50
54033626,0.5,1,0,0,0.0161172152,0,0,0,15.9349623,0,8.52336502,8.42641926,0,13.3238449,0,0,0,,,,50
54034752,0.5,1,0,0,0.0241758227,0,0,0,15.9349623,0,8.52336502,8.42219639,0,13.3309927,0,0,0,,,,50
54035878,0.5,1,0,0,0.0161172152,0,0,0,15.9349623,0,8.54144764,8.42853069,0,13.3309927,0,0,0,,,,50
54037004,0.5,1,0,0,0.0161172152,0,0,0,15.9349623,0,8.5444622,8.42641926,0,13.3238449,0,0,0,,,,50
54038130,0.5,1,0,0,0.0161172152,0,0,0,15.9304171,0,8.54747581,8.42641926,0,13.3238449,0,0,0,,,,50
54039261,0.5,1,0,0,0.0241758227,0,0,0,15.9349623,0,8.55953121,8.42641926,0,13.3309927,0,0,0,,,,50
54040387,0.5,1,0,0,0.0241758227,0,0,0,15.9349623,0,8.5565176,8.42641926,0,13.3309927,0,0,0,,,,50
54041513,0.5,1,0,0,0.0161172152,0,0,0,15.9349623,0,8.57460117,8.42641926,0,13.3309927,0,0,0,,,,50
54042639,0.5,1,0,0,0.0161172152,0,0,0,15.9349623,0,8.55953121,8.42219639,0,13.3309927,0,0,0,,,,50
54043765,0.5,1,0,0,0.0161172152,0,0,0,15.9349623,0,8.52336502,8.42641926,0,13.3309927,0,0,0,,,,50
54044891,0.5,1,0,0,0.0161172152,0,0,0,15.9349623,0,8.58062935,8.42641926,0,13.3238449,0,0,0,,,,50
54046022,0.5,1,0,0,0.0241758227,0,0,0,15.9349623,0,8.5444622,8.42641926,0,13.3166971,0,0,0,,,,50
54047352,0.5,1,0,0,0.0241758227,0,0,0,15.9349623,0,8.52637863,8.42641926,0,13.3238449,0,0,0,,,,50
54048478,0.5,1,0,0,0.0161172152,0,0,0,15.9349623,0,8.54144764,8.42641926,0,13.3309927,0,0,0,,,,50
54049604,0.5,1,0,0,0.0161172152,0,0,0,15.9349623,0,8.55048943,8.42641926,0,13.3309927,0,0,0,,,,50
54050730,0.5,1,0,0,0.0241758227,0,0,0,15.9349623,0,8.5444622,8.42641926,0,13.3309927,0,0,0,,,,50
54051856,0.5,1,0,0,0.0161172152,0,0,0,15.9349623,0,8.56254578,8.42430782,0,13.3309927,0,0,0,,,,50
54052982,0.5,1,0,0,0.0161172152,0,0,0,15.9349623,0,8.53843403,8.42641926,0,13.3309927,0,0,0,,,,50
54054113,0.5,1,0,0,0.0241758227,0,0,0,15.9349623,0,8.55350399,8.42430782,0,13.3309927,0,0,0,,,,50
54055239,0.5,1,0,0,0.0241758227,0,0,0,15.9258718,0,8.56555939,8.42641926,0,13.3309927,0,0,0,,,,50
54056365,0.5,1,0,0,0.0161172152,0,0,0,15.9304171,0,8.53843403,8.42641926,0,13.3309927,0,0,0,,,,50
54057491,0.5,1,0,0,0.0161172152,0,0,0,15.9304171,0,8.50829506,8.42853069,0,13.3309927,0,0,0,,,,50
54058617,0.5,1,0,0,0.0161172152,0,0,0,15.9349623,0,8.568573,8.42853069,0,13.3309927,0,0,0,,,,50
54059743,0.5,1,0,0,0.0161172152,0,0,0,15.9349623,0,8.54144764,8.42641926,0,13.3309927,0,0,0,,,,50
54060868,0.5,1,0,0,0.0322344303,0,0,0,15.9349623,0,8.54144764,8.42430782,0,13.3309927,0,0,0,,,,50
54061999,0.5,1,0,0,0.0241758227,0,0,0,15.9349623,0,8.55048943,8.42641926,0,13.3309927,0,0,0,,,,50
54063125,0.5,1,0,0,0.0161172152,0,0,0,15.9349623,0,8.55953121,8.42641926,0,13.3238449,0,0,0,,,,50
54064251,0.5,1,0,0,0.0161172152,0,0,0,15.9349623,0,8.53843403,8.42853069,0,13.3238449,0,0,0,,,,50
54065377,0.5,1,0,0,0.0161172152,0,0,0,15.9349623,0,8.56254578,8.42641926,0,13.3309927,0,0,0,,,,50
54066503,0.5,1,0,0,0.0161172152,0,0,0,15.9349623,0,8.58062935,8.42641926,0,13.3309927,0,0,0,,,,50
54067833,0.5,1,0,0,0.0161172152,0,0,0,15.9304171,0,8.56555939,8.42853069,0,13.3309927,0,0,0,,,,50
54068959,0.5,1,0,0,0.0241758227,0,0,0,15.9349623,0,8.57158756,8.42641926,0,13.3238449,0,0,0,,,,50
54070090,0.5,1,0,0,0.0161172152,0,0,0,15.9349623,0,8.56254578,8.42641926,0,13.3309927,0,0,0,,,,50
54071216,0.5,1,0,0,0.0161172152,0,0,0,15.9304171,0,8.55953121,8.42641926,0,13.3238449,0,0,0,,,,50
54072342,0.5,1,0,0,0.0241758227,0,0,0,15.9349623,0,8.53843403,8.42641926,0,13.3309927,0,0,0,,,,50
54073468,0.5,1,0,0,0.0241758227,0,0,0,15.9349623,0,8.51432323,8.42641926,0,13.3309927,0,0,0,,,,50
54074594,0.5,1,0,0,0.0161172152,0,0,0,15.9349623,0,8.58364296,8.42641926,0,13.3309927,0,0,0,,,,50
54075720,0.5,1,0,0,0.0161172152,0,0,0,15.9349623,0,8.53542042,8.42641926,0,13.3309927,0,0,0,,,,50
54076850,0.5,1,0,0,0.0241758227,0,0,0,15.9349623,0,8.50829506,8.42641926,0,13.3309927,0,0,0,,,,50
54077976,0.5,1,0,0,0.0161172152,0,0,0,15.9349623,0,8.5444622,8.42641926,0,13.3238449,0,0,0,,,,50
54079102,0.5,1,0,0,0.0241758227,0,0,0,15.9349623,0,8.55048943,8.42641926,0,13.3309927,0,0,0,,,,50
54080228,0.5,1,0,0,0.0161172152,0,0,0,15.9395075,0,8.56254578,8.42430782,0,13.3309927,0,0,0,,,,50
54081354,0.5,1,0,0,0.0241758227,0,0,0,15.9349623,0,8.55048943,8.42853069,0,13.3309927,0,0,0,,,,50
54082480,0.5,1,0,0,0.0161172152,0,0,0,15.9304171,0,8.5444622,8.42219639,0,13.3309927,0,0,0,,,,50
54083606,0.5,1,0,0,0.0241758227,0,0,0,15.9349623,0,8.53843403,8.42641926,0,13.3309927,0,0,0,,,,50
54084737,0.5,1,0,0,0.0161172152,0,0,0,15.9349623,0,8.54747581,8.42641926,0,13.3238449,0,0,0,,,,50
54085863,0.5,1,0,0,0.0241758227,0,0,0,15.9304171,0,8.58665657,8.42641926,0,13.3309927,0,0,0,,,,50
54086989,0.5,1,0,0,0.0161172152,0,0,0,15.9349623,0,8.51130867,8.42641926,0,13.3309927,0,0,0,,,,50
54088115,0.5,1,0,0,0.0161172152,0,0,0,15.9349623,0,8.58062935,8.42430782,0,13.3309927,0,0,0,,,,50
54089445,0.5,1,0,0,0.0161172152,0,0,0,15.9349623,0,8.52939224,8.42641926,0,13.3381405,0,0,0,,,,50
54090571,0.5,1,0,0,0.0161172152,0,0,0,15.9349623,0,8.5565176,8.42641926,0,13.3381405,0,0,0,,,,50
54091697,0.5,1,0,0,0.0161172152,0,0,0,15.9349623,0,8.5565176,8.42008495,0,13.3309927,0,0,0,,,,50
54092827,0.5,1,0,0,0.0241758227,0,0,0,15.9304171,0,8.51733685,8.42641926,0,13.3309927,0,0,0,,,,50
54093953,0.5,1,0,0,0.0161172152,0,0,0,15.9349623,0,8.52336502,8.42641926,0,13.3238449,0,0,0,,,,50
54095079,0.5,1,0,0,0.0161172152,0,0,0,15.9349623,0,8.57158756,8.42641926,0,13.3024006,0,0,0,,,,50
54096205,0.5,1,0,0,0.0161172152,0,0,0,15.9349623,0,8.56555939,8.42641926,0,13.3309927,0,0,0,,,,50
54097331,0.5,1,0,0,0.0161172152,0,0,0,15.9349623,0,8.55350399,8.42641926,0,13.3238449,0,0,0,,,,50
54098457,0.5,1,0,0,0.0241758227,0,0,0,15.9349623,0,8.58967113,8.42641926,0,13.3238449,0,0,0,,,,50
54099583,0.5,1,0,0,0.0241758227,0,0,0,15.9349623,0,8.53542042,8.42008495,0,13.3309927,0,0,0,,,,50
54100714,0.5,1,0,0,0.0241758227,0,0,0,15.9349623,0,8.54747581,8.42641926,0,13.3309927,0,0,0,,,,50
54101840,0.5,1,0,0,0.0161172152,0,0,0,15.9349623,0,8.52336502,8.42641926,0,13.3309927,0,0,0,,,,50
54102966,0.5,1,0,0,0.0241758227,0,0,0,15.9349623,0,8.5565176,8.42853069,0,13.3238449,0,0,0,,,,50
54104092,0.5,1,0,0,0.0161172152,0,0,0,15.9349623,0,8.56254578,8.42641926,0,13.3309927,0,0,0,,,,50
54105218,0.5,1,0,0,0.0322344303,0,0,0,15.9395075,0,8.52035046,8.42641926,0,13.3238449,0,0,0,,,,50
54106344,0.5,1,0,0,0.0241758227,0,0,0,15.9349623,0,8.5565176,8.42641926,0,13.3238449,0,0,0,,,,50
54107474,0.5,1,0,0,0.0241758227,0,0,0,15.9349623,0,8.58062935,8.42853069,0,13.3309927,0,0,0,,,,50
54108600,0.5,1,0,0,0.0161172152,0,0,0,15.9395075,0,8.52939224,8.42641926,0,13.3238449,0,0,0,,,,50
54109930,0.5,1,0,0,0.0161172152,0,0,0,15.9349623,0,8.55953121,8.42641926,0,13.3309927,0,0,0,,,,50
54111056,0.5,1,0,0,0.0161172152,0,0,0,15.9349623,0,8.54747581,8.42219639,0,13.3166971,0,0,0,,,,50
54112183,0.5,1,0,0,0.0161172152,0,0,0,15.9349623,0,8.57761478,8.42641926,0,13.3309927,0,0,0,,,,50
54113309,0.5,1,0,0,0.0161172152,0,0,0,15.9349623,0,8.54747581,8.42641926,0,13.3309927,0,0,0,,,,50
54114435,0.5,1,0,0,0.0241758227,0,0,0,15.9349623,0,8.58062935,8.42641926,0,13.3238449,0,0,0,,,,50
54115565,0.5,1,0,0,0.0161172152,0,0,0,15.9349623,0,8.55048943,8.42641926,0,13.3309927,0,0,0,,,,50
54116691,0.5,1,0,0,0.0161172152,0,0,0,15.9349623,0,8.58062935,8.42219639,0,13.3309927,0,0,0,,,,50
54117817,0.5,1,0,0,0.0161172152,0,0,0,15.9349623,0,8.54747581,8.42641926,0,13.3238449,0,0,0,,,,50
54118943,0.5,1,0,0,0.0241758227,0,0,0,15.9349623,0,8.5444622,8.42641926,0,13.3309927,0,0,0,,,,50
54120069,0.5,1,0,0,0.0241758227,0,0,0,15.9349623,0,8.55953121,8.42641926,0,13.3095493,0,0,0,,,,50
54121195,0.5,1,0,0,0.0241758227,0,0,0,15.9349623,0,8.57460117,8.42641926,0,13.3309927,0,0,0,,,,50
54122321,0.5,1,0,0,0.0161172152,0,0,0,15.9349623,0,8.57761478,8.42641926,0,13.3309927,0,0,0,,,,50
54123452,0.5,1,0,0,0.00805860758,0,0,0,15.9349623,0,8.55953121,8.42641926,0,13.3309927,0,0,0,,,,50
54124578,0.5,1,0,0,0.0241758227,0,0,0,15.9349623,0,8.54144764,8.42641926,0,13.3238449,0,0,0,,,,50
54125704,0.5,1,0,0,0.0241758227,0,0,0,15.9349623,0,8.55048943,8.42641926,0,13.3309927,0,0,0,,,,50
54126830,0.5,1,0,0,0.0241758227,0,0,0,15.9304171,0,8.56555939,8.42641926,0,13.3309927,0,0,0,,,,50
54127956,0.5,1,0,0,0.0322344303,0,0,0,15.9304171,0,8.55953121,8.42641926,0,13.3309927,0,0,0,,,,50
54129082,0.5,1,0,0,0.0161172152,0,0,0,15.9349623,0,8.5565176,8.42853069,0,13.3309927,0,0,0,,,,50
54130208,0.5,1,0,0,0.0241758227,0,0,0,15.9349623,0,8.52637863,8.41797352,0,13.3309927,0,0,0,,,,50
54131542,0.5,1,0,0,0.0161172152,0,0,0,15.9304171,0,8.568573,8.42641926,0,13.3309927,0,0,0,,,,50
54132668,0.5,1,0,0,0.0241758227,0,0,0,15.9349623,0,8.5444622,8.42641926,0,13.3309927,0,0,0,,,,50
54133794,0.5,1,0,0,0.0161172152,0,0,0,15.9304171,0,8.55953121,8.42430782,0,13.3309927,0,0,0,,,,50
54134920,0.5,1,0,0,0.0241758227,0,0,0,15.9349623,0,8.53843403,8.42641926,0,13.3309927,0,0,0,,,,50
54136046,0.5,1,0,0,0.0241758227,0,0,0,15.9349623,0,8.54144764,8.42430782,0,13.3166971,0,0,0,,,,50
54137172,0.5,1,0,0,0.0241758227,0,0,0,15.9349623,0,8.52336502,8.42641926,0,13.3238449,0,0,0,,,,50
54138303,0.5,1,0,0,0.0161172152,0,0,0,15.9349623,0,8.54747581,8.42641926,0,13.3238449,0,0,0,,,,50
54139429,0.5,1,0,0,0.0161172152,0,0,0,15.9349623,0,8.54144764,8.42641926,0,13.3309927,0,0,0,,,,50
54140555,0.5,1,0,0,0.0241758227,0,0,0,15.9349623,0,8.54747581,8.42641926,0,13.3309927,0,0,0,,,,50
54141681,0.5,1,0,0,0.0161172152,0,0,0,15.9349623,0,8.54144764,8.42430782,0,13.3309927,0,0,0,,,,50
54142807,0.5,1,0,0,0.0241758227,0,0,0,15.9304171,0,8.52035046,8.42641926,0,13.3238449,0,0,0,,,,50
54143933,0.5,1,0,0,0.0161172152,0,0,0,15.9349623,0,8.55048943,8.42641926,0,13.3309927,0,0,0,,,,50
54145059,0.5,1,0,0,0.0241758227,0,0,0,15.9349623,0,8.57761478,8.42641926,0,13.3095493,0,0,0,,,,50
54146189,0.5,1,0,0,0.0241758227,0,0,0,15.9349623,0,8.55048943,8.42641926,0,13.3238449,0,0,0,,,,50
54147315,0.5,1,0,0,0.0241758227,0,0,0,15.9349623,0,8.51432323,8.41797352,0,13.3309927,0,0,0,,,,50
54148441,0.5,1,0,0,0.0161172152,0,0,0,15.9349623,0,8.55953121,8.42430782,0,13.3238449,0,0,0,,,,50
54149567,0.5,1,0,0,0.0161172152,0,0,0,15.9349623,0,8.5444622,8.42219639,0,13.3309927,0,0,0,,,,50
54150693,0.5,1,0,0,0.0241758227,0,0,0,15.9349623,0,8.51130867,8.42641926,0,13.3309927,0,0,0,,,,50
54152023,0.5,1,0,0,0.0241758227,0,0,0,15.9349623,0,8.53240585,8.42641926,0,13.3166971,0,0,0,,,,50
54153149,0.5,1,0,0,0.0161172152,0,0,0,15.9349623,0,8.51733685,8.42430782,0,13.3309927,0,0,0,,,,50
54154280,0.5,1,0,0,0.0161172152,0,0,0,15.9349623,0,8.55048943,8.42641926,0,13.3309927,0,0,0,,,,50
54155406,0.5,1,0,0,0.0241758227,0,0,0,15.9349623,0,8.58364296,8.42641926,0,13.3309927,0,0,0,,,,50
54156532,0.5,1,0,0,0.0161172152,0,0,0,15.9395075,0,8.54747581,8.42641926,0,13.3309927,0,0,0,,,,50
54157658,0.5,1,0,0,0.0161172152,0,0,0,15.9349623,0,8.57761478,8.42853069,0,13.3238449,0,0,0,,,,50
54158784,0.5,1,0,0,0.0161172152,0,0,0,15.9349623,0,8.50829506,8.42008495,0,13.3309927,0,0,0,,,,50
54159910,0.5,1,0,0,0.0241758227,0,0,0,15.9349623,0,8.54747581,8.42641926,0,13.3309927,0,0,0,,,,50
54161036,0.5,1,0,0,0.0161172152,0,0,0,15.9349623,0,8.54747581,8.42641926,0,13.3238449,0,0,0,,,,50
54162166,0.5,1,0,0,0.0241758227,0,0,0,15.9349623,0,8.57158756,8.42641926,0,13.3309927,0,0,0,,,,50
54163292,0.5,1,0,0,0.0241758227,0,0,0,15.9349623,0,8.54144764,8.42641926,0,13.3309927,0,0,0,,,,50
54164418,0.5,1,0,0,0.0161172152,0,0,0,15.9349623,0,8.54747581,8.42219639,0,13.3309927,0,0,0,,,,50
54165544,0.5,1,0,0,0.0161172152,0,0,0,15.9349623,0,8.59871292,8.42641926,0,13.3309927,0,0,0,,,,50
54166670,0.5,1,0,0,0.0241758227,0,0,0,15.9395075,0,8.55350399,8.42641926,0,13.3309927,0,0,0,,,,50
54167796,0.5,1,0,0,0.0241758227,0,0,0,15.9304171,0,8.53542042,8.42641926,0,13.3238449,0,0,0,,,,50
54168927,0.5,1,0,0,0.0161172152,0,0,0,15.9349623,0,8.5444622,8.42641926,0,13.3309927,0,0,0,,,,50
54170053,0.5,1,0,0,0.0241758227,0,0,0,15.9349623,0,8.56555939,8.42641926,0,13.3166971,0,0,0,,,,50
54171179,0.5,1,0,0,0.0161172152,0,0,0,15.9395075,0,8.50226688,8.42641926,0,13.3309927,0,0,0,,,,50
54172305,0.5,1,0,0,0.0241758227,0,0,0,15.9349623,0,8.57761478,8.42641926,0,13.3309927,0,0,0,,,,50
54173635,0.5,1,0,0,0.0161172152,0,0,0,15.9304171,0,8.56555939,8.42641926,0,13.3238449,0,0,0,,,,50
54174761,0.5,1,0,0,0.0161172152,0,0,0,15.9349623,0,8.5565176,8.42641926,0,13.3238449,0,0,0,,,,50
54175887,0.5,1,0,0,0.0241758227,0,0,0,15.9304171,0,8.54747581,8.42641926,0,13.3309927,0,0,0,,,,50
54177017,0.5,1,0,0,0.0161172152,0,0,0,15.9349623,0,8.5444622,8.42641926,0,13.3238449,0,0,0,,,,50
54178143,0.5,1,0,0,0.0241758227,0,0,0,15.9349623,0,8.58967113,8.42853069,0,13.3309927,0,0,0,,,,50
54179269,0.5,1,0,0,0.0161172152,0,0,0,15.9349623,0,8.55350399,8.42641926,0,13.3309927,0,0,0,,,,50
54180395,0.5,1,0,0,0.0161172152,0,0,0,15.9349623,0,8.55350399,8.42641926,0,13.3238449,0,0,0,,,,50
54181521,0.5,1,0,0,0.0161172152,0,0,0,15.9349623,0,8.5565176,8.42641926,0,13.3309927,0,0,0,,,,50
54182647,0.5,1,0,0,0.00805860758,0,0,0,15.9349623,0,8.5565176,8.42641926,0,13.3309927,0,0,0,,,,50
54183773,0.5,1,0,0,0.0161172152,0,0,0,15.9349623,0,8.58062935,8.42641926,0,13.3309927,0,0,0,,,,50
54184904,0.5,1,0,0,0.0161172152,0,0,0,15.9349623,0,8.52035046,8.42853069,0,13.3309927,0,0,0,,,,50
54186030,0.5,1,0,0,0.0241758227,0,0,0,15.9349623,0,8.5444622,8.42641926,0,13.3238449,0,0,0,,,,50
54187156,0.5,1,0,0,0.0241758227,0,0,0,15.9349623,0,8.51432323,8.42641926,0,13.3309927,0,0,0,,,,50
54188282,0.5,1,0,0,0.0241758227,0,0,0,15.9349623,0,8.55048943,8.42641926,0,13.3309927,0,0,0,,,,50
54189408,0.5,1,0,0,0.0241758227,0,0,0,15.9349623,0,8.568573,8.41797352,0,13.3309927,0,0,0,,,,50
54190534,0.5,1,0,0,0.0241758227,0,0,0,15.9349623,0,8.568573,8.42641926,0,13.3309927,0,0,0,,,,50
54191664,0.5,1,0,0,0.0161172152,0,0,0,15.9304171,0,8.55048943,8.42641926,0,13.3381405,0,0,0,,,,50
54192790,0.5,1,0,0,0.0241758227,0,0,0,15.9349623,0,8.55953121,8.42853069,0,13.3238449,0,0,0,,,,50
54194120,0.5,1,0,0,0.0161172152,0,0,0,15.9349623,0,8.5444622,8.42641926,0,13.3309927,0,0,0,,,,50
54195246,0.5,1,0,0,0.0161172152,0,0,0,15.9349623,0,8.568573,8.42641926,0,13.3238449,0,0,0,,,,50
54196372,0.5,1,0,0,0.0241758227,0,0,0,15.9349623,0,8.54144764,8.42641926,0,13.3309927,0,0,0,,,,50
54197498,0.5,1,0,0,0.0241758227,0,0,0,15.9349623,0,8.53843403,8.42641926,0,13.3309927,0,0,0,,,,50
54198624,0.5,1,0,0,0.0241758227,0,0,0,15.9349623,0,8.50528145,8.42641926,0,13.3238449,0,0,0,,,,50
54199755,0.5,1,0,0,0.0241758227,0,0,0,15.9349623,0,8.5444622,8.42641926,0,13.3309927,0,0,0,,,,50
54200881,0.5,1,0,0,0.0241758227,0,0,0,15.9349623,0,8.55953121,8.42430782,0,13.3309927,0,0,0,,,,50
54202007,0.5,1,0,0,0.0161172152,0,0,0,15.9349623,0,8.55350399,8.42641926,0,13.3309927,0,0,0,,,,50
54203133,0.5,1,0,0,0.0161172152,0,0,0,15.9349623,0,8.54144764,8.42641926,0,13.3309927,0,0,0,,,,50
54204259,0.5,1,0,0,0.0161172152,0,0,0,15.9349623,0,8.5444622,8.42641926,0,13.3238449,0,0,0,,,,50
54205385,0.5,1,0,0,0.0322344303,0,0,0,15.9349623,0,8.57158756,8.42641926,0,13.3309927,0,0,0,,,,50
54206511,0.5,1,0,0,0.0161172152,0,0,0,15.9349623,0,8.58364296,8.42008495,0,13.3238449,0,0,0,,,,50
54207641,0.5,1,0,0,0.0161172152,0,0,0,15.9349623,0,8.54144764,8.42641926,0,13.3309927,0,0,0,,,,50
54208767,0.5,1,0,0,0.0161172152,0,0,0,15.9349623,0,8.52939224,8.42641926,0,13.3238449,0,0,0,,,,50
54209893,0.5,1,0,0,0.0322344303,0,0,0,15.9349623,0,8.56555939,8.42641926,0,13.3309927,0,0,0,,,,50
54211019,0.5,1,0,0,0.0161172152,0,0,0,15.9349623,0,8.59268475,8.42641926,0,13.3309927,0,0,0,,,,50
54212145,0.5,1,0,0,0.0161172152,0,0,0,15.9349623,0,8.58364296,8.42641926,0,13.3309927,0,0,0,,,,50
54213271,0.5,1,0,0,0.0161172152,0,0,0,15.9349623,0,8.53843403,8.42641926,0,13.3309927,0,0,0,,,,50
54214397,0.5,1,0,0,0.0161172152,0,0,0,15.9304171,0,8.57460117,8.41797352,0,13.3309927,0,0,0,,,,50
54215732,0.5,1,0,0,0.0161172152,0,0,0,15.9349623,0,8.5444622,8.41586208,0,13.3309927,0,0,0,,,,50
54216858,0.5,1,0,0,0.0161172152,0,0,0,15.9349623,0,8.57460117,8.42641926,0,13.3238449,0,0,0,,,,50
54217984,0.5,1,0,0,0.0161172152,0,0,0,15.9349623,0,8.49623966,8.42641926,0,13.3238449,0,0,0,,,,50
54219110,0.5,1,0,0,0.0161172152,0,0,0,15.9349623,0,8.52336502,8.42853069,0,13.3309927,0,0,0,,,,50
54220235,0.5,1,0,0,0.0241758227,0,0,0,15.9395075,0,8.568573,8.42641926,0,13.3309927,0,0,0,,,,50
54221361,0.5,1,0,0,0.0161172152,0,0,0,15.9349623,0,8.54144764,8.42641926,0,13.3309927,0,0,0,,,,50
54222492,0.5,1,0,0,0.0161172152,0,0,0,15.9304171,0,8.51733685,8.42641926,0,13.3309927,0,0,0,,,,50
54223618,0.5,1,0,0,0.0241758227,0,0,0,15.9349623,0,8.57158756,8.42853069,0,13.3309927,0,0,0,,,,50
54224744,0.5,1,0,0,0.0161172152,0,0,0,15.9304171,0,8.53240585,8.42641926,0,13.3309927,0,0,0,,,,50
54225870,0.5,1,0,0,0.0161172152,0,0,0,15.9349623,0,8.56254578,8.42641926,0,13.3309927,0,0,0,,,,50
54226996,0.5,1,0,0,0.0161172152,0,0,0,15.9304171,0,8.59569836,8.42641926,0,13.3309927,0,0,0,,,,50
54228122,0.5,1,0,0,0.0241758227,0,0,0,15.9349623,0,8.54747581,8.42641926,0,13.3309927,0,0,0,,,,50
54229248,0.5,1,0,0,0.0161172152,0,0,0,15.9349623,0,8.54144764,8.42641926,0,13.3309927,0,0,0,,,,50
54230379,0.5,1,0,0,0.0161172152,0,0,0,15.9349623,0,8.53240585,8.42641926,0,13.3238449,0,0,0,,,,50
54231505,0.5,1,0,0,0.0241758227,0,0,0,15.9349623,0,8.53843403,8.42641926,0,13.3238449,0,0,0,,,,50
54232631,0.5,1,0,0,0.0161172152,0,0,0,15.9349623,0,8.51432323,8.42641926,0,13.3238449,0,0,0,,,,50
54233757,0.5,1,0,0,0.0241758227,0,0,0,15.9349623,0,8.55350399,8.42641926,0,13.3309927,0,0,0,,,,50
54234882,0.5,1,0,0,0.0241758227,0,0,0,15.9349623,0,8.52637863,8.42641926,0,13.3309927,0,0,0,,,,50
54236212,0.5,1,0,0,0.0161172152,0,0,0,15.9349623,0,8.55350399,8.42853069,0,13.3238449,0,0,0,,,,50
54237338,0.5,1,0,0,0.0241758227,0,0,0,15.9349623,0,8.55953121,8.42641926,0,13.3309927,0,0,0,,,,50
54238469,0.5,1,0,0,0.0161172152,0,0,0,15.9304171,0,8.51432323,8.42641926,0,13.3309927,0,0,0,,,,50
54239595,0.5,1,0,0,0.0161172152,0,0,0,15.9349623,0,8.57158756,8.42853069,0,13.3309927,0,0,0,,,,50
54240721,0.5,1,0,0,0.0241758227,0,0,0,15.9304171,0,8.57158756,8.42641926,0,13.3309927,0,0,0,,,,50
54241847,0.5,1,0,0,0.0161172152,0,0,0,15.9395075,0,8.5444622,8.42641926,0,13.3309927,0,0,0,,,,50
54242973,0.5,1,0,0,0.0161172152,0,0,0,15.9349623,0,8.53240585,8.42853069,0,13.3309927,0,0,0,,,,50
54244099,0.5,1,0,0,0.0161172152,0,0,0,15.9349623,0,8.56254578,8.42641926,0,13.3238449,0,0,0,,,,50
54245225,0.5,1,0,0,0.0241758227,0,0,0,15.9395075,0,8.5444622,8.42853069,0,13.3309927,0,0,0,,,,50
54246356,0.5,1,0,0,0.0161172152,0,0,0,15.9349623,0,8.53542042,8.42853069,0,13.3309927,0,0,0,,,,50
54247482,0.5,1,0,0,0.0161172152,0,0,0,15.9349623,0,8.57761478,8.42641926,0,13.3309927,0,0,0,,,,50
54248608,0.5,1,0,0,0.0161172152,0,0,0,15.9349623,0,8.57460117,8.42641926,0,13.3238449,0,0,0,,,,50
54249734,0.5,1,0,0,0.0241758227,0,0,0,15.9349623,0,8.5565176,8.42853069,0,13.3309927,0,0,0,,,,50
54250860,0.5,1,0,0,0.0241758227,0,0,0,15.9349623,0,8.58062935,8.42641926,0,13.3309927,0,0,0,,,,50
54251986,0.5,1,0,0,0.0161172152,0,0,0,15.9349623,0,8.51130867,8.42430782,0,13.3238449,0,0,0,,,,50
54253116,0.5,1,0,0,0.0161172152,0,0,0,15.9349623,0,8.52939224,8.42853069,0,13.3238449,0,0,0,,,,50
54254242,0.5,1,0,0,0.0161172152,0,0,0,15.9304171,0,8.57158756,8.42641926,0,13.3309927,0,0,0,,,,50
54255368,0.5,1,0,0,0.0241758227,0,0,0,15.9349623,0,8.53240585,8.42853069,0,13.3309927,0,0,0,,,,50
54256494,0.5,1,0,0,0.0161172152,0,0,0,15.9349623,0,8.5565176,8.42853069,0,13.3309927,0,0,0,,,,50
54257824,0.5,1,0,0,0.0241758227,0,0,0,15.9349623,0,8.57761478,8.42641926,0,13.3309927,0,0,0,,,,50
54258950,0.5,1,0,0,0.0161172152,0,0,0,15.9349623,0,8.55350399,8.42641926,0,13.3238449,0,0,0,,,,50
54260076,0.5,1,0,0,0.0241758227,0,0,0,15.9304171,0,8.56555939,8.42641926,0,13.3095493,0,0,0,,,,50
54261207,0.5,1,0,0,0.0161172152,0,0,0,15.9304171,0,8.54747581,8.42430782,0,13.3309927,0,0,0,,,,50
54262333,0.5,1,0,0,0.0241758227,0,0,0,15.9349623,0,8.52035046,8.42853069,0,13.3309927,0,0,0,,,,50
54263459,0.5,1,0,0,0.0241758227,0,0,0,15.9349623,0,8.54144764,8.42641926,0,13.3309927,0,0,0,,,,50
54264585,0.5,1,0,0,0.0241758227,0,0,0,15.9349623,0,8.52939224,8.42641926,0,13.3238449,0,0,0,,,,50
54265711,0.5,1,0,0,0.0322344303,0,0,0,15.9349623,0,8.57158756,8.42641926,0,13.3309927,0,0,0,,,,50
54266837,0.5,1,0,0,0.0161172152,0,0,0,15.9349623,0,8.55350399,8.42430782,0,13.3309927,0,0,0,,,,50
54267962,0.5,1,0,0,0.0241758227,0,0,0,15.9349623,0,8.53843403,8.42641926,0,13.3309927,0,0,0,,,,50
54269093,0.5,1,0,0,0.0161172152,0,0,0,15.9349623,0,8.53542042,8.42641926,0,13.3309927,0,0,0,,,,50
54270219,0.5,1,0,0,0.0161172152,0,0,0,15.9349623,0,8.52939224,8.42641926,0,13.3238449,0,0,0,,,,50
54271345,0.5,1,0,0,0.0241758227,0,0,0,15.9349623,0,8.53843403,8.42641926,0,13.3238449,0,0,0,,,,50
54272471,0.5,1,0,0,0.0161172152,0,0,0,15.9349623,0,8.5444622,8.42641926,0,13.3238449,0,0,0,,,,50
54273597,0.5,1,0,0,0.0241758227,0,0,0,15.9349623,0,8.55048943,8.42853069,0,13.3309927,0,0,0,,,,50
54274723,0.5,1,0,0,0.0241758227,0,0,0,15.9349623,0,8.55953121,8.42008495,0,13.3309927,0,0,0,,,,50
54275849,0.5,1,0,0,0.0161172152,0,0,0,15.9349623,0,8.55953121,8.42853069,0,13.3309927,0,0,0,,,,50
54276980,0.5,1,0,0,0.0161172152,0,0,0,15.9349623,0,8.50528145,8.42641926,0,13.3309927,0,0,0,,,,50
54278310,0.5,1,0,0,0.0161172152,0,0,0,15.9349623,0,8.53843403,8.42219639,0,13.3238449,0,0,0,,,,50
54279436,0.5,1,0,0,0.0241758227,0,0,0,15.9349623,0,8.53542042,8.42641926,0,13.3309927,0,0,0,,,,50
54280562,0.5,1,0,0,0.0241758227,0,0,0,15.9349623,0,8.53843403,8.42641926,0,13.3309927,0,0,0,,,,50
54281688,0.5,0.75,0,0,0.0241758227,0.00805860758,0,0,15.9395075,0,8.53542042,8.42641926,0,13.3309927,0,0,0,,,,50
54282814,0.5,1,0,0,0.0161172152,0,0,0,15.9349623,0,8.54144764,8.42641926,0,13.3238449,0,0,0,,,,50
54283944,0.5,1,0,0,0.0161172152,0,0,0,15.9349623,0,8.54747581,8.42853069,0,13.3309927,0,0,0,,,,50
54285070,0.5,1,0,0,0.0241758227,0,0,0,15.9349623,0,8.57761478,8.42641926,0,13.3095493,0,0,0,,,,50
54286196,0.5,1,0,0,0.0161172152,0,0,0,15.9349623,0,8.55350399,8.42641926,0,13.3309927,0,0,0,,,,50
54287322,0.5,1,0,0,0.0241758227,0,0,0,15.9395075,0,8.54144764,8.42641926,0,13.3238449,0,0,0,,,,50
54288448,0.5,1,0,0,0.0161172152,0,0,0,15.9349623,0,8.55953121,8.42853069,0,13.3238449,0,0,0,,,,50
54289574,0.5,1,0,0,0.00805860758,0,0,0,15.9349623,0,8.56555939,8.42219639,0,13.3309927,0,0,0,,,,50
54290700,0.5,1,0,0,0.0241758227,0,0,0,15.9349623,0,8.52336502,8.42641926,0,13.3309927,0,0,0,,,,50
54291831,0.5,1,0,0,0.0161172152,0,0,0,15.9349623,0,8.5444622,8.42853069,0,13.3238449,0,0,0,,,,50
54292957,0.5,1,0,0,0.0161172152,0,0,0,15.9349623,0,8.56555939,8.42641926,0,13.3309927,0,0,0,,,,50
54294083,0.5,1,0,0,0.0161172152,0,0,0,15.9304171,0,8.52336502,8.42430782,0,13.3309927,0,0,0,,,,50
54295209,0.5,1,0,0,0.0241758227,0,0,0,15.9304171,0,8.51432323,8.42641926,0,13.3309927,0,0,0,,,,50
54296335,0.5,1,0,0,0.0241758227,0,0,0,15.9349623,0,8.54144764,8.42641926,0,13.3309927,0,0,0,,,,50
54297461,0.5,1,0,0,0.0161172152,0,0,0,15.9349623,0,8.58967113,8.42641926,0,13.3309927,0,0,0,,,,50
54298791,0.5,1,0,0,0.0241758227,0,0,0,15.9349623,0,8.55953121,8.42641926,0,13.3309927,0,0,0,,,,50
54299921,0.5,1,0,0,0.0241758227,0,0,0,15.9349623,0,8.55048943,8.42641926,0,13.3309927,0,0,0,,,,50
54301047,0.5,1,0,0,0.0241758227,0,0,0,15.9349623,0,8.55048943,8.42219639,0,13.3166971,0,0,0,,,,50
54302173,0.5,1,0,0,0.0322344303,0,0,0,15.9349623,0,8.54747581,8.42641926,0,13.3309927,0,0,0,,,,50
54303299,0.5,1,0,0,0.0161172152,0,0,0,15.9349623,0,8.53843403,8.42641926,0,13.3309927,0,0,0,,,,50
54304425,0.5,1,0,0,0.0241758227,0,0,0,15.9349623,0,8.55350399,8.42641926,0,13.3238449,0,0,0,,,,50
54305551,0.5,1,0,0,0.0241758227,0,0,0,15.9349623,0,8.5444622,8.42641926,0,13.3238449,0,0,0,,,,50
54306677,0.5,1,0,0,0.0161172152,0,0,0,15.9304171,0,8.5565176,8.42008495,0,13.3309927,0,0,0,,,,50
54307808,0.5,1,0,0,0.0161172152,0,0,0,15.9304171,0,8.55953121,8.42641926,0,13.3309927,0,0,0,,,,50
54308934,0.5,1,0,0,0.0161172152,0,0,0,15.9349623,0,8.568573,8.42641926,0,13.3309927,0,0,0,,,,50
54310060,0.5,1,0,0,0.0241758227,0,0,0,15.9349623,0,8.56254578,8.42641926,0,13.3095493,0,0,0,,,,50
54311186,0.5,1,0,0,0.0161172152,0,0,0,15.9349623,0,8.55048943,8.42641926,0,13.3309927,0,0,0,,,,50
54312312,0.5,1,0,0,0.0241758227,0,0,0,15.9349623,0,8.53542042,8.42641926,0,13.3238449,0,0,0,,,,50
54313438,0.5,1,0,0,0.0161172152,0,0,0,15.9349623,0,8.55048943,8.42641926,0,13.3309927,0,0,0,,,,50
54314568,0.5,1,0,0,0.0241758227,0,0,0,15.9349623,0,8.55953121,8.42641926,0,13.3309927,0,0,0,,,,50
54315694,0.5,1,0,0,0.0241758227,0,0,0,15.9349623,0,8.54747581,8.42641926,0,13.3309927,0,0,0,,,,50
54316820,0.5,1,0,0,0.0241758227,0,0,0,15.9349623,0,8.54747581,8.42641926,0,13.3238449,0,0,0,,,,50
54317946,0.5,1,0,0,0.0241758227,0,0,0,15.9349623,0,8.55048943,8.42641926,0,13.3309927,0,0,0,,,,50
54319072,0.5,1,0,0,0.0322344303,0,0,0,15.9349623,0,8.51130867,8.42641926,0,13.3024006,0,0,0,,,,50
54320402,0.5,1,0,0,0.0161172152,0,0,0,15.9349623,0,8.53843403,8.42641926,0,13.3238449,0,0,0,,,,50
54321528,0.5,1,0,0,0.0241758227,0,0,0,15.9349623,0,8.54144764,8.42641926,0,13.3238449,0,0,0,,,,50
54322659,0.5,1,0,0,0.0161172152,0,0,0,15.9349623,0,8.55953121,8.42641926,0,13.3238449,0,0,0,,,,50
54323785,0.5,1,0,0,0.0241758227,0,0,0,15.9349623,0,8.54144764,8.42430782,0,13.3238449,0,0,0,,,,50
54324911,0.5,1,0,0,0.0241758227,0,0,0,15.9349623,0,8.5444622,8.42641926,0,13.3309927,0,0,0,,,,50
54326037,0.5,1,0,0,0.0161172152,0,0,0,15.9349623,0,8.53843403,8.42853069,0,13.3166971,0,0,0,,,,50
54327163,0.5,1,0,0,0.0161172152,0,0,0,15.9349623,0,8.55953121,8.42641926,0,13.3309927,0,0,0,,,,50
54328289,0.5,1,0,0,0.0161172152,0,0,0,15.9349623,0,8.5444622,8.42641926,0,13.3309927,0,0,0,,,,50
54329415,0.5,1,0,0,0.0161172152,0,0,0,15.9349623,0,8.53843403,8.42641926,0,13.3309927,0,0,0,,,,50
54330545,0.5,1,0,0,0.0322344303,0,0,0,15.9395075,0,8.52939224,8.42641926,0,13.3309927,0,0,0,,,,50
54331671,0.5,1,0,0,0.0241758227,0,0,0,15.9349623,0,8.53240585,8.42641926,0,13.3309927,0,0,0,,,,50
54332797,0.5,1,0,0,0.0161172152,0,0,0,15.9304171,0,8.55953121,8.42641926,0,13.3309927,0,0,0,,,,50
54333923,0.5,1,0,0,0.0161172152,0,0,0,15.9349623,0,8.54144764,8.42430782,0,13.3309927,0,0,0,,,,50
54335049,0.5,1,0,0,0.0161172152,0,0,0,15.9349623,0,8.5444622,8.42853069,0,13.3166971,0,0,0,,,,50
54336175,0.5,1,0,0,0.0241758227,0,0,0,15.9349623,0,8.54747581,8.42641926,0,13.3309927,0,0,0,,,,50
54337306,0.5,1,0,0,0.0241758227,0,0,0,15.9349623,0,8.53542042,8.42219639,0,13.3238449,0,0,0,,,,50
54338432,0.5,1,0,0,0.0161172152,0,0,0,15.9349623,0,8.52035046,8.42641926,0,13.3309927,0,0,0,,,,50
54339558,0.5,1,0,0,0.0241758227,0,0,0,15.9304171,0,8.54144764,8.42641926,0,13.3309927,0,0,0,,,,50
54340888,0.5,1,0,0,0.0241758227,0,0,0,15.9349623,0,8.53542042,8.42219639,0,13.3309927,0,0,0,,,,50
54342014,0.5,1,0,0,0.0241758227,0,0,0,15.9349623,0,8.57761478,8.42641926,0,13.3238449,0,0,0,,,,50
54343140,0.5,1,0,0,0.0161172152,0,0,0,15.9304171,0,8.58967113,8.42641926,0,13.3309927,0,0,0,,,,50
54344266,0.5,1,0,0,0.0161172152,0,0,0,15.9349623,0,8.5444622,8.42853069,0,13.3309927,0,0,0,,,,50
54345396,0.5,1,0,0,0.0241758227,0,0,0,15.9349623,0,8.50528145,8.42853069,0,13.3238449,0,0,0,,,,50
54346522,0.5,1,0,0,0.0161172152,0,0,0,15.9349623,0,8.57158756,8.42008495,0,13.3309927,0,0,0,,,,50
54347648,0.5,1,0,0,0.0241758227,0,0,0,15.9349623,0,8.5444622,8.42641926,0,13.3309927,0,0,0,,,,50
54348774,0.5,1,0,0,0.0241758227,0,0,0,15.9349623,0,8.51130867,8.42641926,0,13.3309927,0,0,0,,,,50
54349900,0.5,1,0,0,0.0161172152,0,0,0,15.9349623,0,8.54747581,8.42430782,0,13.3309927,0,0,0,,,,50
54351026,0.5,1,0,0,0.0241758227,0,0,0,15.9349623,0,8.52637863,8.42430782,0,13.3238449,0,0,0,,,,50
54352152,0.5,1,0,0,0.0241758227,0,0,0,15.9349623,0,8.55048943,8.42641926,0,13.3309927,0,0,0,,,,50
54353283,0.5,1,0,0,0.0161172152,0,0,0,15.9304171,0,8.56555939,8.42853069,0,13.3309927,0,0,0,,,,50
54354409,0.5,1,0,0,0.00805860758,0,0,0,15.9304171,0,8.50528145,8.42008495,0,13.3238449,0,0,0,,,,50
54355535,0.5,1,0,0,0.0161172152,0,0,0,15.9349623,0,8.55350399,8.42641926,0,13.3309927,0,0,0,,,,50
54356661,0.5,1,0,0,0.0241758227,0,0,0,15.9349623,0,8.5444622,8.42641926,0,13.3309927,0,0,0,,,,50
54357787,0.5,1,0,0,0.0161172152,0,0,0,15.9349623,0,8.56254578,8.42641926,0,13.3238449,0,0,0,,,,50
54358913,0.5,1,0,0,0.00805860758,0,0,0,15.9349623,0,8.53843403,8.42641926,0,13.3309927,0,0,0,,,,50
54360039,0.5,1,0,0,0.0241758227,0,0,0,15.9349623,0,8.568573,8.42641926,0,13.3166971,0,0,0,,,,50
54361169,0.5,1,0,0,0.0241758227,0,0,0,15.9349623,0,8.53542042,8.42641926,0,13.3309927,0,0,0,,,,50
54362499,0.5,1,0,0,0.0161172152,0,0,0,15.9349623,0,8.54144764,8.42641926,0,13.3309927,0,0,0,,,,50
54363625,0.5,1,0,0,0.0241758227,0,0,0,15.9349623,0,8.568573,8.42430782,0,13.3309927,0,0,0,,,,50
54364751,0.5,1,0,0,0.0161172152,0,0,0,15.9304171,0,8.56555939,8.42641926,0,13.3238449,0,0,0,,,,50
54365877,0.5,1,0,0,0.0161172152,0,0,0,15.9349623,0,8.53240585,8.42641926,0,13.3309927,0,0,0,,,,50
54367003,0.5,1,0,0,0.0161172152,0,0,0,15.9349623,0,8.53542042,8.42641926,0,13.3309927,0,0,0,,,,50
54368134,0.5,1,0,0,0.0241758227,0,0,0,15.9349623,0,8.5444622,8.42641926,0,13.3309927,0,0,0,,,,50
54369260,0.5,1,0,0,0.0161172152,0,0,0,15.9349623,0,8.5444622,8.42641926,0,13.3309927,0,0,0,,,,50
54370386,0.5,1,0,0,0.0161172152,0,0,0,15.9349623,0,8.54747581,8.42641926,0,13.3309927,0,0,0,,,,50
54371512,0.5,1,0,0,0.0161172152,0,0,0,15.9349623,0,8.53542042,8.42008495,0,13.3309927,0,0,0,,,,50
54372638,0.5,1,0,0,0.0161172152,0,0,0,15.9349623,0,8.5444622,8.42641926,0,13.3309927,0,0,0,,,,50
54373764,0.5,1,0,0,0.0241758227,0,0,0,15.9304171,0,8.52939224,8.42641926,0,13.3309927,0,0,0,,,,50
54374890,0.5,1,0,0,0.0161172152,0,0,0,15.9304171,0,8.56254578,8.42641926,0,13.3309927,0,0,0,,,,50
54376020,0.5,1,0,0,0.0241758227,0,0,0,15.9304171,0,8.53843403,8.42641926,0,13.3309927,0,0,0,,,,50
54377146,0.5,1,0,0,0.0322344303,0,0,0,15.9349623,0,8.55350399,8.42430782,0,13.3238449,0,0,0,,,,50
54378272,0.5,1,0,0,0.0161172152,0,0,0,15.9349623,0,8.53843403,8.42641926,0,13.3309927,0,0,0,,,,50
54379398,0.5,1,0,0,0.0241758227,0,0,0,15.9349623,0,8.56254578,8.42641926,0,13.3309927,0,0,0,,,,50
54380524,0.5,1,0,0,0.0161172152,0,0,0,15.9349623,0,8.53843403,8.42641926,0,13.3309927,0,0,0,,,,50
54381650,0.5,1,0,0,0.0161172152,0,0,0,15.9349623,0,8.53542042,8.42641926,0,13.3238449,0,0,0,,,,50
54382980,0.5,1,0,0,0.0161172152,0,0,0,15.9349623,0,8.52637863,8.42641926,0,13.3309927,0,0,0,,,,50
54384111,0.5,1,0,0,0.0241758227,0,0,0,15.9349623,0,8.5444622,8.42641926,0,13.3309927,0,0,0,,,,50
54385237,0.5,1,0,0,0.0241758227,0,0,0,15.9304171,0,8.53240585,8.42641926,0,13.3309927,0,0,0,,,,50
54386363,0.5,1,0,0,0.0161172152,0,0,0,15.9349623,0,8.55350399,8.42853069,0,13.3238449,0,0,0,,,,50
54387489,0.5,1,0,0,0.0322344303,0,0,0,15.9349623,0,8.55048943,8.42641926,0,13.3309927,0,0,0,,,,50
54388615,0.5,1,0,0,0.0241758227,0,0,0,15.9304171,0,8.50226688,8.42641926,0,13.3238449,0,0,0,,,,50
54389741,0.5,1,0,0,0.0161172152,0,0,0,15.9349623,0,8.53240585,8.42641926,0,13.3309927,0,0,0,,,,50
54390867,0.5,1,0,0,0.0241758227,0,0,0,15.9304171,0,8.57761478,8.42641926,0,13.3309927,0,0,0,,,,50
54391997,0.5,1,0,0,0.0161172152,0,0,0,15.9349623,0,8.52336502,8.42641926,0,13.3309927,0,0,0,,,,50
54393123,0.5,1,0,0,0.0161172152,0,0,0,15.9304171,0,8.58967113,8.42641926,0,13.3238449,0,0,0,,,,50
54394249,0.5,1,0,0,0.0241758227,0,0,0,15.9395075,0,8.59268475,8.42853069,0,13.3309927,0,0,0,,,,50
54395375,0.5,1,0,0,0.0241758227,0,0,0,15.9349623,0,8.52637863,8.42641926,0,13.3309927,0,0,0,,,,50
54396501,0.5,1,0,0,0.0161172152,0,0,0,15.9349623,0,8.51733685,8.42853069,0,13.3309927,0,0,0,,,,50
54397627,0.5,1,0,0,0.0161172152,0,0,0,15.9349623,0,8.55350399,8.42641926,0,13.3309927,0,0,0,,,,50
54398758,0.5,1,0,0,0.0241758227,0,0,0,15.9349623,0,8.5444622,8.42853069,0,13.3309927,0,0,0,,,,50
54399884,0.5,1,0,0,0.0241758227,0,0,0,15.9349623,0,8.5565176,8.42430782,0,13.3309927,0,0,0,,,,50
54401010,0.5,1,0,0,0.0241758227,0,0,0,15.9349623,0,8.56254578,8.42853069,0,13.3309927,0,0,0,,,,50
54402136,0.5,1,0,0,0.0241758227,0,0,0,15.9304171,0,8.57460117,8.42641926,0,13.3309927,0,0,0,,,,50
54403262,0.5,1,0,0,0.0241758227,0,0,0,15.9349623,0,8.57158756,8.42853069,0,13.3309927,0,0,0,,,,50
54404592,0.5,1,0,0,0.0161172152,0,0,0,15.9349623,0,8.58967113,8.42641926,0,13.3309927,0,0,0,,,,50
54405717,0.5,1,0,0,0.0161172152,0,0,0,15.9395075,0,8.50528145,8.42641926,0,13.3309927,0,0,0,,,,50
54406848,0.5,1,0,0,0.0241758227,0,0,0,15.9349623,0,8.5565176,8.42853069,0,13.3238449,0,0,0,,,,50
54407974,0.5,1,0,0,0.0241758227,0,0,0,15.9349623,0,8.57761478,8.42641926,0,13.3309927,0,0,0,,,,50
54409100,0.5,1,0,0,0.0161172152,0,0,0,15.9349623,0,8.53542042,8.42641926,0,13.3238449,0,0,0,,,,50
54410226,0.5,1,0,0,0.0161172152,0,0,0,15.9349623,0,8.52035046,8.42853069,0,13.3309927,0,0,0,,,,50
54411352,0.5,1,0,0,0.0161172152,0,0,0,15.9304171,0,8.53843403,8.42641926,0,13.3309927,0,0,0,,,,50
54412478,0.5,1,0,0,0.0241758227,0,0,0,15.9349623,0,8.56254578,8.42641926,0,13.3309927,0,0,0,,,,50
54413604,0.5,1,0,0,0.0161172152,0,0,0,15.9349623,0,8.59268475,8.42641926,0,13.3309927,0,0,0,,,,50
54414735,0.5,1,0,0,0.0161172152,0,0,0,15.9349623,0,8.55350399,8.42641926,0,13.3238449,0,0,0,,,,50
54415861,0.5,1,0,0,0.0241758227,0,0,0,15.9349623,0,8.5565176,8.42641926,0,13.3309927,0,0,0,,,,50
54416987,0.5,1,0,0,0.0322344303,0,0,0,15.9304171,0,8.54747581,8.42219639,0,13.3309927,0,0,0,,,,50
54418113,0.5,1,0,0,0.0161172152,0,0,0,15.9349623,0,8.52035046,8.42853069,0,13.3309927,0,0,0,,,,50
54419239,0.5,1,0,0,0.0241758227,0,0,0,15.9304171,0,8.50226688,8.42641926,0,13.3309927,0,0,0,,,,50
54420365,0.5,1,0,0,0.0161172152,0,0,0,15.9349623,0,8.55048943,8.42641926,0,13.3309927,0,0,0,,,,50
54421491,0.5,1,0,0,0.0161172152,0,0,0,15.9349623,0,8.54747581,8.42641926,0,13.3238449,0,0,0,,,,50
54422621,0.5,1,0,0,0.0241758227,0,0,0,15.9349623,0,8.54144764,8.42641926,0,13.3309927,0,0,0,,,,50
54423747,0.5,1,0,0,0.0161172152,0,0,0,15.9349623,0,8.57460117,8.42641926,0,13.3238449,0,0,0,,,,50
54425077,0.5,1,0,0,0.0241758227,0,0,0,15.9395075,0,8.52637863,8.42641926,0,13.3024006,0,0,0,,,,50
54426203,0.5,1,0,0,0.0161172152,0,0,0,15.9349623,0,8.55953121,8.42641926,0,13.3238449,0,0,0,,,,50
54427329,0.5,1,0,0,0.0241758227,0,0,0,15.9349623,0,8.55953121,8.42641926,0,13.3309927,0,0,0,,,,50
54428455,0.5,1,0,0,0.0161172152,0,0,0,15.9349623,0,8.56254578,8.42641926,0,13.3309927,0,0,0,,,,50
54429586,0.5,1,0,0,0.0241758227,0,0,0,15.9349623,0,8.58665657,8.42641926,0,13.3238449,0,0,0,,,,50
54430712,0.5,1,0,0,0.00805860758,0,0,0,15.9304171,0,8.54747581,8.42641926,0,13.3238449,0,0,0,,,,50
54431838,0.5,1,0,0,0.0241758227,0,0,0,15.9349623,0,8.58665657,8.42641926,0,13.3238449,0,0,0,,,,50
54432964,0.5,1,0,0,0.0241758227,0,0,0,15.9349623,0,8.56555939,8.42641926,0,13.3309927,0,0,0,,,,50
54434090,0.5,1,0,0,0.0241758227,0,0,0,15.9349623,0,8.59569836,8.42641926,0,13.3309927,0,0,0,,,,50
54435216,0.5,1,0,0,0.0241758227,0,0,0,15.9349623,0,8.58364296,8.42641926,0,13.3309927,0,0,0,,,,50
54436342,0.5,1,0,0,0.0161172152,0,0,0,15.9349623,0,8.56254578,8.42641926,0,13.3309927,0,0,0,,,,50
54437472,0.5,1,0,0,0.0161172152,0,0,0,15.9349623,0,8.58967113,8.42853069,0,13.3309927,0,0,0,,,,50
54438598,0.5,1,0,0,0.0241758227,0,0,0,15.9349623,0,8.56254578,8.42853069,0,13.3309927,0,0,0,,,,50
54439724,0.5,1,0,0,0.0241758227,0,0,0,15.9349623,0,8.55350399,8.42430782,0,13.3309927,0,0,0,,,,50
54440850,0.5,1,0,0,0.0322344303,0,0,0,15.9349623,0,8.5565176,8.42430782,0,13.3309927,0,0,0,,,,50
54441976,0.5,1,0,0,0.0161172152,0,0,0,15.9349623,0,8.54747581,8.42641926,0,13.3309927,0,0,0,,,,50
54443102,0.5,1,0,0,0.0241758227,0,0,0,15.9349623,0,8.58665657,8.42641926,0,13.3238449,0,0,0,,,,50
54444228,0.5,1,0,0,0.0161172152,0,0,0,15.9304171,0,8.56254578,8.42641926,0,13.3309927,0,0,0,,,,50
54445359,0.5,1,0,0,0.0161172152,0,0,0,15.9349623,0,8.59268475,8.42641926,0,13.3238449,0,0,0,,,,50
54446689,0.5,1,0,0,0.0241758227,0,0,0,15.9349623,0,8.56254578,8.42641926,0,13.3238449,0,0,0,,,,50
54447815,0.5,1,0,0,0.00805860758,0,0,0,15.9304171,0,8.53843403,8.42641926,0,13.3309927,0,0,0,,,,50
54448941,0.5,1,0,0,0.0161172152,0,0,0,15.9349623,0,8.55953121,8.42219639,0,13.3309927,0,0,0,,,,50
54450067,0.5,1,0,0,0.0161172152,0,0,0,15.9349623,0,8.52939224,8.42853069,0,13.3095493,0,0,0,,,,50
54451193,0.5,1,0,0,0.0241758227,0,0,0,15.9395075,0,8.55953121,8.42853069,0,13.3309927,0,0,0,,,,50
54452319,0.5,1,0,0,0.0402930379,0,0,0,15.9349623,0,8.57761478,8.42641926,0,13.3309927,0,0,0,,,,50
54453449,0.5,1,0,0,0.0161172152,0,0,0,15.9349623,0,8.54747581,8.42641926,0,13.3238449,0,0,0,,,,50
54454575,0.5,1,0,0,0.0241758227,0,0,0,15.9349623,0,8.57460117,8.42641926,0,13.3238449,0,0,0,,,,50
54455701,0.5,1,0,0,0.00805860758,0,0,0,15.9349623,0,8.54747581,8.42641926,0,13.3309927,0,0,0,,,,50
54456827,0.5,1,0,0,0.0241758227,0,0,0,15.9349623,0,8.56555939,8.42641926,0,13.3309927,0,0,0,,,,50
54457953,0.5,1,0,0,0.0241758227,0,0,0,15.9349623,0,8.50528145,8.42641926,0,13.3238449,0,0,0,,,,50
54459079,0.5,1,0,0,0.0161172152,0,0,0,15.9349623,0,8.56254578,8.42641926,0,13.3095493,0,0,0,,,,50
54460210,0.5,1,0,0,0.0241758227,0,0,0,15.9349623,0,8.55350399,8.42641926,0,13.3309927,0,0,0,,,,50
54461336,0.5,1,0,0,0.0241758227,0,0,0,15.9349623,0,8.58364296,8.42641926,0,13.3238449,0,0,0,,,,50
54462462,0.5,1,0,0,0.0161172152,0,0,0,15.9349623,0,8.5444622,8.42853069,0,13.3309927,0,0,0,,,,50
54463588,0.5,1,0,0,0.0241758227,0,0,0,15.9304171,0,8.5565176,8.42641926,0,13.3309927,0,0,0,,,,50
54464714,0.5,1,0,0,0.0161172152,0,0,0,15.9349623,0,8.55953121,8.42641926,0,13.3309927,0,0,0,,,,50
54465840,0.5,1,0,0,0.0161172152,0,0,0,15.9349623,0,8.54747581,8.42641926,0,13.3238449,0,0,0,,,,50
54467170,0.5,1,0,0,0.0241758227,0,0,0,15.9349623,0,8.52336502,8.42641926,0.00714798551,13.3309927,0,0,0,,,,50
54468300,0.5,1,0,0,0.0161172152,0,0,0,15.9349623,0,8.568573,8.42853069,0,13.3309927,0,0,0,,,,50
54469426,0.5,1,0,0,0.0161172152,0,0,0,15.9349623,0,8.53843403,8.42641926,0,13.3309927,0,0,0,,,,50
54470552,0.5,1,0,0,0.00805860758,0,0,0,15.9349623,0,8.54747581,8.42641926,0,13.3309927,0,0,0,,,,50
54471678,0.5,1,0,0,0.0241758227,0,0,0,15.9349623,0,8.55350399,8.42853069,0,13.3238449,0,0,0,,,,50
54472804,0.5,1,0,0,0.0161172152,0,0,0,15.9349623,0,8.568573,8.42641926,0,13.3309927,0,0,0,,,,50
54473930,0.5,1,0,0,0.0241758227,0,0,0,15.9349623,0,8.52637863,8.42853069,0,13.3309927,0,0,0,,,,50
54475056,0.5,1,0,0,0.0241758227,0,0,0,15.9304171,0,8.55953121,8.42641926,0,13.3166971,0,0,0,,,,50
54476187,0.5,1,0,0,0.0241758227,0,0,0,15.9349623,0,8.50528145,8.42641926,0,13.3309927,0,0,0,,,,50
54477313,0.5,1,0,0,0.0241758227,0,0,0,15.9395075,0,8.53542042,8.42853069,0,13.3309927,0,0,0,,,,50
54478439,0.5,1,0,0,0.00805860758,0,0,0,15.9349623,0,8.52939224,8.42641926,0,13.3309927,0,0,0,,,,50
54479565,0.5,1,0,0,0.0241758227,0,0,0,15.9349623,0,8.57460117,8.42853069,0,13.3238449,0,0,0,,,,50
54480691,0.5,1,0,0,0.0241758227,0,0,0,15.9349623,0,8.51432323,8.42853069,0,13.3309927,0,0,0,,,,50
54481817,0.5,1,0,0,0.0241758227,0,0,0,15.9304171,0,8.53542042,8.42641926,0,13.3309927,0,0,0,,,,50
54482947,0.5,1,0,0,0.0241758227,0,0,0,15.9349623,0,8.5565176,8.42641926,0,13.3309927,0,0,0,,,,50
54484073,0.5,1,0,0,0.0161172152,0,0,0,15.9349623,0,8.54747581,8.42641926,0,13.3095493,0,0,0,,,,50
54485199,0.5,1,0,0,0.0161172152,0,0,0,15.9349623,0,8.55350399,8.42641926,0,13.3309927,0,0,0,,,,50
54486325,0.5,1,0,0,0.0241758227,0,0,0,15.9349623,0,8.5565176,8.42641926,0,13.3309927,0,0,0,,,,50
54487451,0.5,1,0,0,0.0241758227,0,0,0,15.9349623,0,8.55350399,8.42641926,0,13.3309927,0,0,0,,,,50
54488781,0.5,1,0,0,0.0161172152,0,0,0,15.9349623,0,8.54144764,8.42641926,0,13.3309927,0,0,0,,,,50
54489907,0.5,1,0,0,0.0241758227,0,0,0,15.9349623,0,8.56254578,8.42641926,0,13.3309927,0,0,0,,,,50
54491038,0.5,1,0,0,0.0241758227,0,0,0,15.9349623,0,8.55350399,8.42641926,0,13.3238449,0,0,0,,,,50
54492163,0.5,1,0,0,0.0241758227,0,0,0,15.9395075,0,8.51432323,8.42641926,0,13.3238449,0,0,0,,,,50
54493289,0.5,1,0,0,0.0241758227,0,0,0,15.9349623,0,8.5444622,8.42641926,0,13.3309927,0,0,0,,,,50
54494415,0.5,1,0,0,0.0241758227,0,0,0,15.9349623,0,8.55350399,8.42641926,0,13.3309927,0,0,0,,,,50
54495541,0.5,1,0,0,0.0241758227,0,0,0,15.9349623,0,8.59569836,8.42641926,0,13.3309927,0,0,0,,,,50
54496667,0.5,1,0,0,0.0161172152,0,0,0,15.9349623,0,8.56254578,8.42853069,0,13.3238449,0,0,0,,,,50
54497793,0.5,1,0,0,0.0241758227,0,0,0,15.9395075,0,8.55048943,8.42641926,0,13.3309927,0,0,0,,,,50
54498924,0.5,1,0,0,0.0161172152,0,0,0,15.9304171,0,8.52336502,8.42430782,0,13.3309927,0,0,0,,,,50
54500050,0.5,1,0,0,0.0161172152,0,0,0,15.9349623,0,8.56254578,8.42641926,0,13.3238449,0,0,0,,,,50
54501176,0.5,1,0,0,0.0241758227,0,0,0,15.9349623,0,8.54747581,8.42641926,0,13.3309927,0,0,0,,,,50
54502302,0.5,1,0,0,0.0241758227,0,0,0,15.9349623,0,8.53240585,8.42853069,0,13.3238449,0,0,0,,,,50
54503428,0.5,1,0,0,0.0241758227,0,0,0,15.9349623,0,8.57158756,8.42641926,0,13.3309927,0,0,0,,,,50
54504554,0.5,1,0,0,0.0241758227,0,0,0,15.9349623,0,8.53542042,8.42853069,0,13.3309927,0,0,0,,,,50
54505680,0.5,1,0,0,0.0322344303,0,0,0,15.9349623,0,8.53240585,8.42641926,0,13.3309927,0,0,0,,,,50
54506811,0.5,1,0,0,0.0161172152,0,0,0,15.9349623,0,8.55953121,8.42641926,0,13.3238449,0,0,0,,,,50
54507937,0.5,1,0,0,0.00805860758,0,0,0,15.9349623,0,8.56254578,8.42641926,0,13.3309927,0,0,0,,,,50
54509267,0.5,1,0,0,0.0241758227,0,0,0,15.9349623,0,8.55350399,8.42641926,0,13.3309927,0,0,0,,,,50
54510393,0.5,1,0,0,0.0241758227,0,0,0,15.9349623,0,8.53843403,8.42641926,0,13.3309927,0,0,0,,,,50
54511519,0.5,1,0,0,0.0241758227,0,0,0,15.9349623,0,8.57158756,8.42641926,0,13.3238449,0,0,0,,,,50
54512645,0.5,1,0,0,0.0161172152,0,0,0,15.9349623,0,8.58364296,8.42641926,0,13.3309927,0,0,0,,,,50
54513775,0.5,1,0,0,0.0161172152,0,0,0,15.9349623,0,8.53843403,8.42641926,0,13.3309927,0,0,0,,,,50
54514901,0.5,1,0,0,0.0241758227,0,0,0,15.9349623,0,8.56254578,8.42641926,0,13.3309927,0,0,0,,,,50
54516027,0.5,1,0,0,0.0161172152,0,0,0,15.9349623,0,8.53240585,8.42641926,0,13.3166971,0,0,0,,,,50
54517153,0.5,1,0,0,0.0241758227,0,0,0,15.9395075,0,8.5565176,8.42641926,0,13.3309927,0,0,0,,,,50
54518279,0.5,1,0,0,0.0161172152,0,0,0,15.9349623,0,8.54747581,8.42641926,0,13.3309927,0,0,0,,,,50
54519405,0.5,1,0,0,0.0241758227,0,0,0,15.9349623,0,8.58967113,8.42641926,0,13.3309927,0,0,0,,,,50
54520531,0.5,1,0,0,0.0241758227,0,0,0,15.9304171,0,8.54144764,8.42641926,0,13.3238449,0,0,0,,,,50
54521662,0.5,1,0,0,0.0161172152,0,0,0,15.9349623,0,8.55048943,8.42641926,0,13.3309927,0,0,0,,,,50
54522788,0.5,1,0,0,0.0241758227,0,0,0,15.9349623,0,8.52939224,8.42641926,0,13.3309927,0,0,0,,,,50
54523914,0.5,1,0,0,0.0161172152,0,0,0,15.9304171,0,8.50528145,8.42641926,0,13.3309927,0,0,0,,,,50
54525040,0.5,1,0,0,0.0161172152,0,0,0,15.9304171,0,8.58062935,8.42641926,0,13.3166971,0,0,0,,,,50
54526166,0.5,1,0,0,0.0161172152,0,0,0,15.9349623,0,8.52939224,8.42641926,0,13.3309927,0,0,0,,,,50
54527292,0.5,1,0,0,0.0322344303,0,0,0,15.9349623,0,8.53843403,8.42853069,0,13.3309927,0,0,0,,,,50
54528418,0.5,1,0,0,0.0161172152,0,0,0,15.9349623,0,8.53240585,8.42641926,0,13.3238449,0,0,0,,,,50
54529548,0.5,1,0,0,0.0161172152,0,0,0,15.9349623,0,8.55048943,8.42641926,0,13.3238449,0,0,0,,,,50
54530878,0.5,1,0,0,0.0241758227,0,0,0,15.9349623,0,8.52035046,8.42641926,0,13.3309927,0,0,0,,,,50
54532004,0.5,1,0,0,0.0241758227,0,0,0,15.9349623,0,8.51432323,8.42853069,0,13.3309927,0,0,0,,,,50
54533130,0.5,1,0,0,0.0241758227,0,0,0,15.9349623,0,8.59268475,8.42641926,0,13.3238449,0,0,0,,,,50
54534256,0.5,1,0,0,0.0161172152,0,0,0,15.9349623,0,8.568573,8.42641926,0,13.3238449,0,0,0,,,,50
54535382,0.5,1,0,0,0.0161172152,0,0,0,15.9349623,0,8.53240585,8.42641926,0,13.3309927,0,0,0,,,,50
54536508,0.5,1,0,0,0.0161172152,0,0,0,15.9349623,0,8.56254578,8.42641926,0,13.3309927,0,0,0,,,,50
54537639,0.5,1,0,0,0.0161172152,0,0,0,15.9349623,0,8.5444622,8.42641926,0,13.3381405,0,0,0,,,,50
54538765,0.5,1,0,0,0.0241758227,0,0,0,15.9349623,0,8.53542042,8.42641926,0,13.3309927,0,0,0,,,,50
54539891,0.5,1,0,0,0.0241758227,0,0,0,15.9349623,0,8.54144764,8.42641926,0,13.3309927,0,0,0,,,,50
54541017,0.5,1,0,0,0.0161172152,0,0,0,15.9349623,0,8.55048943,8.42641926,0,13.3238449,0,0,0,,,,50
54542143,0.5,1,0,0,0.0161172152,0,0,0,15.9349623,0,8.52336502,8.42641926,0,13.3309927,0,0,0,,,,50
54543269,0.5,1,0,0,0.0241758227,0,0,0,15.9349623,0,8.54144764,8.42641926,0,13.3238449,0,0,0,,,,50
54544399,0.5,1,0,0,0.0241758227,0,0,0,15.9349623,0,8.54747581,8.42430782,0,13.3238449,0,0,0,,,,50
54545525,0.5,1,0,0,0.0161172152,0,0,0,15.9349623,0,8.57158756,8.42641926,0,13.3309927,0,0,0,,,,50
54546651,0.5,1,0,0,0.0161172152,0,0,0,15.9349623,0,8.5565176,8.42641926,0,13.3309927,0,0,0,,,,50
54547777,0.5,1,0,0,0.0241758227,0,0,0,15.9349623,0,8.53843403,8.42641926,0,13.3309927,0,0,0,,,,50
54548903,0.5,1,0,0,0.0322344303,0,0,0,15.9349623,0,8.52939224,8.42641926,0,13.3309927,0,0,0,,,,50
54550029,0.5,1,0,0,0.0241758227,0,0,0,15.9349623,0,8.53843403,8.42641926,0,13.3238449,0,0,0,,,,50
54551359,0.5,1,0,0,0.0241758227,0,0,0,15.9349623,0,8.56254578,8.42641926,0,13.3309927,0,0,0,,,,50
54552490,0.5,1,0,0,0.0161172152,0,0,0,15.9349623,0,8.54747581,8.42641926,0,13.3238449,0,0,0,,,,50
54553616,0.5,1,0,0,0.0161172152,0,0,0,15.9349623,0,8.53240585,8.42853069,0,13.3309927,0,0,0,,,,50
54554742,0.5,1,0,0,0.0161172152,0,0,0,15.9349623,0,8.5565176,8.42641926,0,13.3238449,0,0,0,,,,50
54555868,0.5,1,0,0,0.0161172152,0,0,0,15.9349623,0,8.54144764,8.42641926,0,13.3238449,0,0,0,,,,50
54556994,0.5,1,0,0,0.0161172152,0,0,0,15.9395075,0,8.57460117,8.42641926,0,13.3309927,0,0,0,,,,50
54558120,0.5,1,0,0,0.0161172152,0,0,0,15.9349623,0,8.55953121,8.42641926,0,13.3309927,0,0,0,,,,50
54559246,0.5,1,0,0,0.0161172152,0,0,0,15.9349623,0,8.55953121,8.42641926,0,13.3381405,0,0,0,,,,50
54560376,0.5,1,0,0,0.0241758227,0,0,0,15.9349623,0,8.57158756,8.42641926,0,13.3309927,0,0,0,,,,50
54561502,0.5,1,0,0,0.0241758227,0,0,0,15.9349623,0,8.52637863,8.42641926,0,13.3309927,0,0,0,,,,50
54562628,0.5,1,0,0,0.0161172152,0,0,0,15.9349623,0,8.568573,8.42430782,0,13.3238449,0,0,0,,,,50
54563754,0.5,1,0,0,0.0161172152,0,0,0,15.9349623,0,8.53240585,8.42853069,0,13.3238449,0,0,0,,,,50
54564880,0.5,1,0,0,0.0241758227,0,0,0,15.9349623,0,8.5565176,8.42641926,0,13.3309927,0,0,0,,,,50
54566006,0.5,1,0,0,0.0241758227,0,0,0,15.9349623,0,8.50528145,8.42641926,0,13.3238449,0,0,0,,,,50
54567132,0.5,1,0,0,0.0241758227,0,0,0,15.9349623,0,8.55048943,8.42641926,0,13.3238449,0,0,0,,,,50
54568263,0.5,1,0,0,0.0322344303,0,0,0,15.9349623,0,8.57761478,8.42641926,0,13.3309927,0,0,0,,,,50
54569389,0.5,1,0,0,0.0161172152,0,0,0,15.9349623,0,8.55048943,8.41797352,0,13.3238449,0,0,0,,,,50
54570515,0.5,1,0,0,0.0161172152,0,0,0,15.9349623,0,8.54747581,8.42641926,0,13.3238449,0,0,0,,,,50
54571845,0.5,1,0,0,0.0322344303,0,0,0,15.9304171,0,8.5565176,8.42641926,0,13.3309927,0,0,0,,,,50
54572971,0.5,1,0,0,0.0161172152,0,0,0,15.9349623,0,8.55953121,8.42008495,0,13.3238449,0,0,0,,,,50
54574097,0.5,1,0,0,0.0161172152,0,0,0,15.9349623,0,8.53843403,8.42641926,0,13.3309927,0,0,0,,,,50
54575227,0.5,1,0,0,0.0241758227,0,0,0,15.9304171,0,8.53843403,8.42641926,0,13.3309927,0,0,0,,,,50
54576353,0.5,1,0,0,0.0241758227,0,0,0,15.9395075,0,8.51130867,8.42641926,0,13.3309927,0,0,0,,,,50
54577479,0.5,1,0,0,0.0161172152,0,0,0,15.9349623,0,8.52939224,8.42641926,0,13.3309927,0,0,0,,,,50
54578605,0.5,1,0,0,0.0241758227,0,0,0,15.9349623,0,8.56555939,8.42641926,0,13.3238449,0,0,0,,,,50
54579731,0.5,1,0,0,0.0161172152,0,0,0,15.9349623,0,8.58364296,8.42641926,0,13.3309927,0,0,0,,,,50
54580857,0.5,1,0,0,0.0241758227,0,0,0,15.9349623,0,8.5444622,8.42853069,0,13.3309927,0,0,0,,,,50
54581983,0.5,1,0,0,0.0161172152,0,0,0,15.9349623,0,8.55048943,8.42853069,0,13.3309927,0,0,0,,,,50
54583114,0.5,1,0,0,0.0241758227,0,0,0,15.9349623,0,8.52336502,8.42853069,0,13.3238449,0,0,0,,,,50
54584240,0.5,1,0,0,0.0241758227,0,0,0,15.9395075,0,8.53240585,8.42641926,0,13.3309927,0,0,0,,,,50
54585366,0.5,1,0,0,0.0241758227,0,0,0,15.9349623,0,8.53542042,8.42853069,0,13.3309927,0,0,0,,,,50
54586492,0.5,1,0,0,0.0161172152,0,0,0,15.9349623,0,8.57158756,8.42430782,0,13.3238449,0,0,0,,,,50
54587618,0.5,1,0,0,0.0161172152,0,0,0,15.9349623,0,8.5565176,8.42641926,0,13.3309927,0,0,0,,,,50
54588744,0.5,1,0,0,0.0161172152,0,0,0,15.9304171,0,8.55350399,8.42641926,0,13.3309927,0,0,0,,,,50
54589870,0.5,1,0,0,0.0241758227,0,0,0,15.9349623,0,8.53240585,8.42641926,0,13.3309927,0,0,0,,,,50
54591000,0.5,1,0,0,0.0241758227,0,0,0,15.9395075,0,8.52637863,8.42641926,0,13.3309927,0,0,0,,,,50
54592126,0.5,1,0,0,0.0161172152,0,0,0,15.9349623,0,8.5444622,8.42641926,0,13.3309927,0,0,0,,,,50
54593456,0.5,1,0,0,0.0161172152,0,0,0,15.9349623,0,8.52035046,8.42641926,0,13.3309927,0,0,0,,,,50
54594582,0.5,1,0,0,0.0161172152,0,0,0,15.9349623,0,8.56555939,8.42853069,0,13.3309927,0,0,0,,,,50
54595708,0.5,1,0,0,0.0241758227,0,0,0,15.9349623,0,8.5444622,8.42219639,0,13.3309927,0,0,0,,,,50
54596834,0.5,1,0,0,0.0241758227,0,0,0,15.9349623,0,8.57460117,8.42641926,0.00714798551,13.3309927,0,0,0,,,,50
54597960,0.5,1,0,0,0.0161172152,0,0,0,15.9349623,0,8.49925327,8.42641926,0,13.3309927,0,0,0,,,,50
54599091,0.5,1,0,0,0.0161172152,0,0,0,15.9349623,0,8.55350399,8.42641926,0,13.3238449,0,0,0,,,,50
54600217,0.5,1,0,0,0.0161172152,0,0,0,15.9349623,0,8.57158756,8.42853069,0,13.3309927,0,0,0,,,,50
54601343,0.5,1,0,0,0.0241758227,0,0,0,15.9304171,0,8.53843403,8.42853069,0,13.3309927,0,0,0,,,,50
54602469,0.5,1,0,0,0.0241758227,0,0,0,15.9304171,0,8.56555939,8.42853069,0,13.3309927,0,0,0,,,,50
54603595,0.5,1,0,0,0.0241758227,0,0,0,15.9349623,0,8.57460117,8.42641926,0,13.3309927,0,0,0,,,,50
54604721,0.5,1,0,0,0.0161172152,0,0,0,15.9349623,0,8.57460117,8.42641926,0,13.3309927,0,0,0,,,,50
54605851,0.5,1,0,0,0.0241758227,0,0,0,15.9349623,0,8.568573,8.42641926,0,13.3309927,0,0,0,,,,50
54606977,0.5,1,0,0,0.0241758227,0,0,0,15.9304171,0,8.55350399,8.42641926,0,13.3309927,0,0,0,,,,50
54608103,0.5,1,0,0,0.0322344303,0,0,0,15.9349623,0,8.54144764,8.42853069,0,13.3309927,0,0,0,,,,50
54609229,0.5,1,0,0,0.0161172152,0,0,0,15.9304171,0,8.5565176,8.42641926,0,13.3309927,0,0,0,,,,50
54610355,0.5,1,0,0,0.0161172152,0,0,0,15.9349623,0,8.54747581,8.42641926,0,13.3309927,0,0,0,,,,50
54611481,0.5,1,0,0,0.0161172152,0,0,0,15.9349623,0,8.57158756,8.42008495,0,13.3238449,0,0,0,,,,50
54612607,0.5,1,0,0,0.0161172152,0,0,0,15.9349623,0,8.5444622,8.42641926,0,13.3309927,0,0,0,,,,50
54613942,0.5,1,0,0,0.0161172152,0,0,0,15.9349623,0,8.57761478,8.42641926,0,13.3309927,0,0,0,,,,50
54615068,0.5,1,0,0,0.0241758227,0,0,0,15.9349623,0,8.52637863,8.42219639,0,13.3095493,0,0,0,,,,50
54616194,0.5,1,0,0,0.0161172152,0,0,0,15.9395075,0,8.5565176,8.42641926,0,13.3309927,0,0,0,,,,50
54617320,0.5,1,0,0,0.0241758227,0,0,0,15.9349623,0,8.5444622,8.42641926,0,13.3309927,0,0,0,,,,50
54618446,0.5,1,0,0,0.0241758227,0,0,0,15.9349623,0,8.57158756,8.42853069,0,13.3309927,0,0,0,,,,50
54619572,0.5,1,0,0,0.0161172152,0,0,0,15.9349623,0,8.53843403,8.42641926,0,13.3238449,0,0,0,,,,50
54620698,0.5,1,0,0,0.0241758227,0,0,0,15.9304171,0,8.55350399,8.42641926,0,13.3238449,0,0,0,,,,50
54621828,0.5,1,0,0,0.0161172152,0,0,0,15.9349623,0,8.54747581,8.42641926,0,13.3238449,0,0,0,,,,50
54622954,0.5,1,0,0,0.0241758227,0,0,0,15.9349623,0,8.55350399,8.42853069,0,13.3309927,0,0,0,,,,50
54624080,0.5,1,0,0,0.0161172152,0,0,0,15.9349623,0,8.55048943,8.42641926,0,13.3238449,0,0,0,,,,50
54625206,0.5,1,0,0,0.0161172152,0,0,0,15.9349623,0,8.51130867,8.42641926,0,13.3309927,0,0,0,,,,50
54626332,0.5,1,0,0,0.0241758227,0,0,0,15.9349623,0,8.57158756,8.42641926,0,13.3309927,0,0,0,,,,50
54627458,0.5,1,0,0,0.0322344303,0,0,0,15.9349623,0,8.55953121,8.42641926,0,13.3309927,0,0,0,,,,50
54628589,0.5,1,0,0,0.0241758227,0,0,0,15.9349623,0,8.56555939,8.42219639,0,13.3309927,0,0,0,,,,50
54629715,0.5,1,0,0,0.0161172152,0,0,0,15.9349623,0,8.55350399,8.42641926,0,13.3309927,0,0,0,,,,50
54630841,0.5,1,0,0,0.0241758227,0,0,0,15.9349623,0,8.49925327,8.42641926,0,13.3309927,0,0,0,,,,50
54631966,0.5,1,0,0,0.0161172152,0,0,0,15.9349623,0,8.55048943,8.42641926,0,13.3309927,0,0,0,,,,50
54633092,0.5,1,0,0,0.0161172152,0,0,0,15.9349623,0,8.54747581,8.42641926,0,13.3309927,0,0,0,,,,50
54634218,0.5,1,0,0,0.0241758227,0,0,0,15.9349623,0,8.55048943,8.42853069,0,13.3309927,0,0,0,,,,50
54635548,0.5,1,0,0,0.0161172152,0,0,0,15.9304171,0,8.53843403,8.42641926,0,13.3309927,0,0,0,,,,50
54636679,0.5,1,0,0,0.0161172152,0,0,0,15.9349623,0,8.50226688,8.42641926,0,13.3238449,0,0,0,,,,50
54637805,0.5,1,0,0,0.0161172152,0,0,0,15.9349623,0,8.55953121,8.42641926,0,13.3381405,0,0,0,,,,50
54638931,0.5,1,0,0,0.0322344303,0,0,0,15.9304171,0,8.57460117,8.42641926,0,13.3309927,0,0,0,,,,50
54640057,0.5,1,0,0,0.0161172152,0,0,0,15.9349623,0,8.54747581,8.42641926,0,13.3095493,0,0,0,,,,50
54641183,0.5,1,0,0,0.0161172152,0,0,0,15.9349623,0,8.49623966,8.42641926,0,13.3309927,0,0,0,,,,50
54642309,0.5,1,0,0,0.0161172152,0,0,0,15.9349623,0,8.55953121,8.42641926,0,13.3309927,0,0,0,,,,50
54643435,0.5,1,0,0,0.0161172152,0,0,0,15.9395075,0,8.51130867,8.42853069,0,13.3309927,0,0,0,,,,50
54644566,0.5,1,0,0,0.0241758227,0,0,0,15.9349623,0,8.5444622,8.42641926,0,13.3309927,0,0,0,,,,50
54645692,0.5,1,0,0,0.0241758227,0,0,0,15.9349623,0,8.56555939,8.42008495,0,13.3238449,0,0,0,,,,50
54646817,0.5,1,0,0,0.0241758227,0,0,0,15.9349623,0,8.55350399,8.42641926,0,13.3309927,0,0,0,,,,50
54647943,0.5,1,0,0,0.0161172152,0,0,0,15.9349623,0,8.5565176,8.42641926,0,13.3238449,0,0,0,,,,50
54649069,0.5,1,0,0,0.0161172152,0,0,0,15.9349623,0,8.53240585,8.42641926,0,13.3095493,0,0,0,,,,50
54650195,0.5,1,0,0,0.0241758227,0,0,0,15.9349623,0,8.568573,8.42641926,0,13.3238449,0,0,0,,,,50
54651321,0.5,1,0,0,0.0161172152,0,0,0,15.9349623,0,8.53240585,8.42853069,0,13.3309927,0,0,0,,,,50
54652452,0.5,1,0,0,0.0161172152,0,0,0,15.9349623,0,8.51130867,8.42641926,0,13.3309927,0,0,0,,,,50
54653578,0.5,1,0,0,0.0161172152,0,0,0,15.9349623,0,8.5565176,8.42430782,0,13.3238449,0,0,0,,,,50
54654704,0.5,1,0,0,0.0241758227,0,0,0,15.9349623,0,8.568573,8.42641926,0,13.3238449,0,0,0,,,,50
54656034,0.5,1,0,0,0.0161172152,0,0,0,15.9349623,0,8.568573,8.42641926,0,13.3166971,0,0,0,,,,50
54657160,0.5,1,0,0,0.0161172152,0,0,0,15.9349623,0,8.57158756,8.42430782,0,13.3309927,0,0,0,,,,50
54658286,0.5,1,0,0,0.0161172152,0,0,0,15.9349623,0,8.53542042,8.42641926,0,13.3309927,0,0,0,,,,50
54659417,0.5,1,0,0,0.0241758227,0,0,0,15.9349623,0,8.53542042,8.42641926,0,13.3309927,0,0,0,,,,50
54660543,0.5,1,0,0,0.0241758227,0,0,0,15.9349623,0,8.52637863,8.42641926,0,13.3238449,0,0,0,,,,50
54661669,0.5,1,0,0,0.0161172152,0,0,0,15.9349623,0,8.5444622,8.42641926,0,13.3309927,0,0,0,,,,50
54662795,0.5,1,0,0,0.0241758227,0,0,0,15.9349623,0,8.5444622,8.42641926,0,13.3238449,0,0,0,,,,50
54663921,0.5,1,0,0,0.0161172152,0,0,0,15.9349623,0,8.55048943,8.42641926,0,13.3309927,0,0,0,,,,50
54665047,0.5,1,0,0,0.0161172152,0,0,0,15.9349623,0,8.56254578,8.42430782,0,13.3166971,0,0,0,,,,50
54666172,0.5,1,0,0,0.0241758227,0,0,0,15.9349623,0,8.58967113,8.42641926,0,13.3309927,0,0,0,,,,50
54667303,0.5,1,0,0,0.0161172152,0,0,0,15.9349623,0,8.568573,8.42641926,0,13.3309927,0,0,0,,,,50
54668429,0.5,1,0,0,0.0161172152,0,0,0,15.9349623,0,8.59268475,8.42641926,0,13.3309927,0,0,0,,,,50
54669555,0.5,1,0,0,0.0241758227,0,0,0,15.9349623,0,8.55350399,8.42641926,0,13.3309927,0,0,0,,,,50
54670681,0.5,1,0,0,0.0161172152,0,0,0,15.9349623,0,8.51733685,8.42641926,0,13.3309927,0,0,0,,,,50
54671807,0.5,1,0,0,0.0161172152,0,0,0,15.9349623,0,8.55953121,8.42641926,0,13.3309927,0,0,0,,,,50
54672933,0.5,1,0,0,0.0161172152,0,0,0,15.9349623,0,8.5565176,8.42641926,0,13.3309927,0,0,0,,,,50
54674059,0.5,1,0,0,0.0161172152,0,0,0,15.9349623,0,8.55350399,8.42853069,0,13.3095493,0,0,0,,,,50
54675190,0.5,1,0,0,0.0161172152,0,0,0,15.9349623,0,8.56555939,8.42641926,0,13.3309927,0,0,0,,,,50
54676316,0.5,1,0,0,0.0161172152,0,0,0,15.9349623,0,8.5565176,8.42641926,0,13.3309927,0,0,0,,,,50
54677646,0.5,1,0,0,0.0161172152,0,0,0,15.9349623,0,8.54144764,8.42641926,0,13.3309927,0,0,0,,,,50
54678772,0.5,1,0,0,0.0161172152,0,0,0,15.9349623,0,8.53843403,8.42641926,0,13.3309927,0,0,0,,,,50
54679898,0.5,1,0,0,0.0241758227,0,0,0,15.9349623,0,8.59569836,8.42641926,0,13.3309927,0,0,0,,,,50
54681024,0.5,1,0,0,0.0161172152,0,0,0,15.9349623,0,8.53542042,8.42641926,0,13.3238449,0,0,0,,,,50
54682149,0.5,1,0,0,0.0161172152,0,0,0,15.9349623,0,8.55048943,8.42641926,0,13.3309927,0,0,0,,,,50
54683280,0.5,1,0,0,0.0241758227,0,0,0,15.9349623,0,8.54144764,8.42641926,0,13.3309927,0,0,0,,,,50
54684406,0.5,1,0,0,0.0241758227,0,0,0,15.9349623,0,8.59268475,8.42853069,0,13.3309927,0,0,0,,,,50
54685532,0.5,1,0,0,0.0322344303,0,0,0,15.9349623,0,8.58062935,8.42430782,0,13.3309927,0,0,0,,,,50
54686658,0.5,1,0,0,0.0161172152,0,0,0,15.9349623,0,8.55953121,8.42641926,0,13.3238449,0,0,0,,,,50
54687784,0.5,1,0,0,0.0161172152,0,0,0,15.9349623,0,8.53240585,8.42641926,0,13.3309927,0,0,0,,,,50
54688910,0.5,1,0,0,0.0241758227,0,0,0,15.9349623,0,8.53240585,8.42641926,0,13.3238449,0,0,0,,,,50
54690041,0.5,1,0,0,0.0161172152,0,0,0,15.9349623,0,8.55350399,8.42641926,0,13.3166971,0,0,0,,,,50
54691167,0.5,1,0,0,0.0241758227,0,0,0,15.9349623,0,8.55048943,8.42641926,0,13.3309927,0,0,0,,,,50
54692293,0.5,1,0,0,0.0161172152,0,0,0,15.9349623,0,8.52336502,8.42641926,0,13.3309927,0,0,0,,,,50
54693419,0.5,1,0,0,0.0161172152,0,0,0,15.9349623,0,8.55350399,8.42853069,0,13.3309927,0,0,0,,,,50
54694545,0.5,1,0,0,0.0161172152,0,0,0,15.9304171,0,8.55350399,8.42641926,0,13.3309927,0,0,0,,,,50
54695670,0.5,1,0,0,0.0161172152,0,0,0,15.9349623,0,8.52035046,8.42641926,0,13.3309927,0,0,0,,,,50
54696796,0.5,1,0,0,0.0161172152,0,0,0,15.9349623,0,8.56254578,8.42641926,0,13.3309927,0,0,0,,,,50
54698131,0.5,1,0,0,0.0161172152,0,0,0,15.9349623,0,8.55953121,8.42641926,0,13.3238449,0,0,0,,,,50
54699257,0.5,1,0,0,0.0322344303,0,0,0,15.9349623,0,8.52336502,8.42853069,0,13.3309927,0,0,0,,,,50
54700383,0.5,1,0,0,0.0241758227,0,0,0,15.9349623,0,8.5444622,8.42641926,0,13.3309927,0,0,0,,,,50
54701509,0.5,1,0,0,0.0241758227,0,0,0,15.9349623,0,8.53240585,8.42853069,0,13.3309927,0,0,0,,,,50
54702635,0.5,1,0,0,0.0241758227,0,0,0,15.9349623,0,8.55048943,8.42430782,0,13.3309927,0,0,0,,,,50
54703761,0.5,1,0,0,0.0161172152,0,0,0,15.9349623,0,8.5565176,8.42641926,0,13.3309927,0,0,0,,,,50
54704887,0.5,1,0,0,0.0161172152,0,0,0,15.9349623,0,8.53843403,8.42853069,0,13.3309927,0,0,0,,,,50
54706018,0.5,1,0,0,0.0241758227,0,0,0,15.9395075,0,8.56254578,8.42853069,0,13.3309927,0,0,0,,,,50
54707144,0.5,1,0,0,0.0241758227,0,0,0,15.9349623,0,8.55048943,8.42641926,0,13.3309927,0,0,0,,,,50
54708270,0.5,1,0,0,0.0161172152,0,0,0,15.9304171,0,8.53240585,8.42641926,0,13.3238449,0,0,0,,,,50
54709396,0.5,1,0,0,0.0161172152,0,0,0,15.9304171,0,8.54747581,8.42853069,0,13.3309927,0,0,0,,,,50
54710522,0.5,1,0,0,0.0161172152,0,0,0,15.9349623,0,8.55048943,8.42219639,0,13.3309927,0,0,0,,,,50
54711648,0.5,1,0,0,0.0161172152,0,0,0,15.9349623,0,8.55350399,8.42641926,0,13.3309927,0,0,0,,,,50
54712774,0.5,1,0,0,0.0241758227,0,0,0,15.9349623,0,8.56254578,8.42641926,0,13.3238449,0,0,0,,,,50
54713904,0.5,1,0,0,0.0161172152,0,0,0,15.9349623,0,8.59569836,8.42641926,0,13.3309927,0,0,0,,,,50
54715030,0.5,1,0,0,0.0161172152,0,0,0,15.9349623,0,8.54144764,8.42641926,0,13.3166971,0,0,0,,,,50
54716156,0.5,1,0,0,0.0161172152,0,0,0,15.9395075,0,8.51733685,8.42641926,0,13.3238449,0,0,0,,,,50
54717282,0.5,1,0,0,0.0161172152,0,0,0,15.9304171,0,8.53542042,8.42853069,0,13.3309927,0,0,0,,,,50
54718408,0.5,1,0,0,0.0241758227,0,0,0,15.9304171,0,8.54747581,8.42008495,0,13.3309927,0,0,0,,,,50
54719738,0.5,1,0,0,0.0161172152,0,0,0,15.9395075,0,8.5444622,8.42641926,0,13.3309927,0,0,0,,,,50
54720869,0.5,1,0,0,0.0241758227,0,0,0,15.9395075,0,8.54144764,8.42641926,0,13.3309927,0,0,0,,,,50
54721995,0.5,1,0,0,0.0161172152,0,0,0,15.9349623,0,8.56555939,8.42641926,0,13.3309927,0,0,0,,,,50
54723121,0.5,1,0,0,0.0241758227,0,0,0,15.9349623,0,8.568573,8.42641926,0,13.3238449,0,0,0,,,,50
54724247,0.5,1,0,0,0.0241758227,0,0,0,15.9395075,0,8.58364296,8.42641926,0,13.3309927,0,0,0,,,,50
54725373,0.5,1,0,0,0.0161172152,0,0,0,15.9349623,0,8.53542042,8.42641926,0,13.3309927,0,0,0,,,,50
54726499,0.5,1,0,0,0.0161172152,0,0,0,15.9349623,0,8.55048943,8.42641926,0,13.3309927,0,0,0,,,,50
54727625,0.5,1,0,0,0.0241758227,0,0,0,15.9349623,0,8.57761478,8.42430782,0,13.3309927,0,0,0,,,,50
54728756,0.5,1,0,0,0.0161172152,0,0,0,15.9349623,0,8.5444622,8.42641926,0,13.3309927,0,0,0,,,,50
54729882,0.5,1,0,0,0.0161172152,0,0,0,15.9349623,0,8.56254578,8.42641926,0,13.3309927,0,0,0,,,,50
54731008,0.5,1,0,0,0.0241758227,0,0,0,15.9349623,0,8.59871292,8.42641926,0,13.3309927,0,0,0,,,,50
54732133,0.5,1,0,0,0.0241758227,0,0,0,15.9349623,0,8.54144764,8.42853069,0,13.3309927,0,0,0,,,,50
54733260,0.5,1,0,0,0.0161172152,0,0,0,15.9349623,0,8.56555939,8.42853069,0,13.3309927,0,0,0,,,,50
54734386,0.5,1,0,0,0.0161172152,0,0,0,15.9349623,0,8.59268475,8.42641926,0,13.3238449,0,0,0,,,,50
54735512,0.5,1,0,0,0.0322344303,0,0,0,15.9349623,0,8.53843403,8.42219639,0,13.3309927,0,0,0,,,,50
54736642,0.5,1,0,0,0.0161172152,0,0,0,15.9349623,0,8.53843403,8.42641926,0,13.3309927,0,0,0,,,,50
54737768,0.5,1,0,0,0.0161172152,0,0,0,15.9349623,0,8.58364296,8.42641926,0,13.3309927,0,0,0,,,,50
54738894,0.5,1,0,0,0.0161172152,0,0,0,15.9349623,0,8.568573,8.42641926,0,13.3309927,0,0,0,,,,50
54740224,0.5,1,0,0,0.0161172152,0,0,0,15.9258718,0,8.56254578,8.42853069,0,13.3309927,0,0,0,,,,50
54741350,0.5,1,0,0,0.0161172152,0,0,0,15.9349623,0,8.58665657,8.42641926,0,13.3309927,0,0,0,,,,50
54742476,0.5,1,0,0,0.0161172152,0,0,0,15.9349623,0,8.54747581,8.42641926,0,13.3309927,0,0,0,,,,50
54743602,0.5,1,0,0,0.0161172152,0,0,0,15.9349623,0,8.57761478,8.42641926,0,13.3309927,0,0,0,,,,50
54744733,0.5,1,0,0,0.0161172152,0,0,0,15.9304171,0,8.5444622,8.42641926,0,13.3309927,0,0,0,,,,50
54745859,0.5,1,0,0,0.0241758227,0,0,0,15.9349623,0,8.55350399,8.42641926,0,13.3309927,0,0,0,,,,50
54746985,0.5,1,0,0,0.0241758227,0,0,0,15.9349623,0,8.5565176,8.42853069,0,13.3309927,0,0,0,,,,50
54748111,0.5,1,0,0,0.0161172152,0,0,0,15.9349623,0,8.55350399,8.42853069,0,13.3309927,0,0,0,,,,50
54749237,0.5,1,0,0,0.0241758227,0,0,0,15.9395075,0,8.54144764,8.42853069,0,13.3238449,0,0,0,,,,50
54750363,0.5,1,0,0,0.0241758227,0,0,0,15.9349623,0,8.55048943,8.42853069,0,13.3309927,0,0,0,,,,50
54751493,0.5,1,0,0,0.0161172152,0,0,0,15.9349623,0,8.54144764,8.42641926,0,13.3309927,0,0,0,,,,50
54752619,0.5,1,0,0,0.0241758227,0,0,0,15.9349623,0,8.51130867,8.42430782,0,13.3309927,0,0,0,,,,50
54753745,0.5,1,0,0,0.0241758227,0,0,0,15.9349623,0,8.53542042,8.42641926,0,13.3309927,0,0,0,,,,50
54754871,0.5,1,0,0,0.0161172152,0,0,0,15.9349623,0,8.55048943,8.42641926,0,13.3309927,0,0,0,,,,50
54755997,0.5,1,0,0,0.0161172152,0,0,0,15.9349623,0,8.51432323,8.42641926,0,13.3309927,0,0,0,,,,50
54757123,0.5,1,0,0,0.0161172152,0,0,0,15.9349623,0,8.50829506,8.42853069,0,13.3309927,0,0,0,,,,50
54758249,0.5,1,0,0,0.0161172152,0,0,0,15.9349623,0,8.5444622,8.42641926,0,13.3309927,0,0,0,,,,50
54759380,0.5,1,0,0,0.0241758227,0,0,0,15.9395075,0,8.50528145,8.42641926,0,13.3309927,0,0,0,,,,50
54760506,0.5,1,0,0,0.0161172152,0,0,0,15.9349623,0,8.5565176,8.42219639,0,13.3309927,0,0,0,,,,50
54761836,0.5,1,0,0,0.0241758227,0,0,0,15.9349623,0,8.52336502,8.42641926,0,13.3309927,0,0,0,,,,50
54762962,0.5,1,0,0,0.0241758227,0,0,0,15.9349623,0,8.56555939,8.42430782,0,13.3238449,0,0,0,,,,50
54764088,0.5,1,0,0,0.0161172152,0,0,0,15.9349623,0,8.5444622,8.42008495,0,13.3309927,0,0,0,,,,50
54765214,0.5,1,0,0,0.0161172152,0,0,0,15.9349623,0,8.55048943,8.42641926,0,13.3309927,0,0,0,,,,50
54766340,0.5,1,0,0,0.0161172152,0,0,0,15.9349623,0,8.55350399,8.42641926,0,13.3309927,0,0,0,,,,50
54767471,0.5,0.666666687,0,0,0.0161172152,0.00805860758,0,0,15.9349623,0,8.54747581,8.42641926,0,13.3309927,0,0,0,,,,50
54768596,0.5,1,0,0,0.0241758227,0,0,0,15.9349623,0,8.58364296,8.42641926,0,13.3309927,0,0,0,,,,50
54769722,0.5,1,0,0,0.0161172152,0,0,0,15.9349623,0,8.54747581,8.42853069,0,13.3238449,0,0,0,,,,50
54770848,0.5,1,0,0,0.0241758227,0,0,0,15.9349623,0,8.568573,8.42641926,0,13.3309927,0,0,0,,,,50
54771974,0.5,1,0,0,0.0161172152,0,0,0,15.9349623,0,8.55953121,8.42853069,0,13.3309927,0,0,0,,,,50
54773100,0.5,1,0,0,0.0161172152,0,0,0,15.9349623,0,8.54747581,8.42641926,0,13.3309927,0,0,0,,,,50
54774231,0.5,1,0,0,0.0322344303,0,0,0,15.9304171,0,8.55350399,8.42853069,0,13.3238449,0,0,0,,,,50
54775357,0.5,1,0,0,0.0241758227,0,0,0,15.9349623,0,8.58364296,8.42641926,0,13.3309927,0,0,0,,,,50
54776483,0.5,1,0,0,0.0161172152,0,0,0,15.9349623,0,8.54144764,8.42641926,0,13.3309927,0,0,0,,,,50
54777609,0.5,1,0,0,0.0322344303,0,0,0,15.9349623,0,8.568573,8.42008495,0,13.3309927,0,0,0,,,,50
54778735,0.5,1,0,0,0.0241758227,0,0,0,15.9349623,0,8.56555939,8.42641926,0,13.3309927,0,0,0,,,,50
54779861,0.5,1,0,0,0.0241758227,0,0,0,15.9349623,0,8.53240585,8.42641926,0,13.3309927,0,0,0,,,,50
54780987,0.5,1,0,0,0.0241758227,0,0,0,15.9395075,0,8.58967113,8.42641926,0,13.3309927,0,0,0,,,,50
54782321,0.5,1,0,0,0.0241758227,0,0,0,15.9349623,0,8.53240585,8.42853069,0,13.3309927,0,0,0,,,,50
54783447,0.5,1,0,0,0.0241758227,0,0,0,15.9349623,0,8.52939224,8.42641926,0,13.3238449,0,0,0,,,,50
54784573,0.5,1,0,0,0.0241758227,0,0,0,15.9304171,0,8.56555939,8.42641926,0,13.3309927,0,0,0,,,,50
54785699,0.5,1,0,0,0.0161172152,0,0,0,15.9349623,0,8.53843403,8.42641926,0,13.3309927,0,0,0,,,,50
54786825,0.5,1,0,0,0.0241758227,0,0,0,15.9304171,0,8.56254578,8.42853069,0,13.3309927,0,0,0,,,,50
54787951,0.5,1,0,0,0.0161172152,0,0,0,15.9349623,0,8.56555939,8.42641926,0,13.3309927,0,0,0,,,,50
54789077,0.5,1,0,0,0.0161172152,0,0,0,15.9349623,0,8.52637863,8.41797352,0,13.3095493,0,0,0,,,,50
54790208,0.5,1,0,0,0.0161172152,0,0,0,15.9395075,0,8.55350399,8.42430782,0,13.3238449,0,0,0,,,,50
54791334,0.5,1,0,0,0.0241758227,0,0,0,15.9349623,0,8.55350399,8.42430782,0,13.3309927,0,0,0,,,,50
54792460,0.5,1,0,0,0.0161172152,0,0,0,15.9349623,0,8.53843403,8.42641926,0,13.3309927,0,0,0,,,,50
54793586,0.5,1,0,0,0.0241758227,0,0,0,15.9349623,0,8.56254578,8.42853069,0,13.3309927,0,0,0,,,,50
54794712,0.5,1,0,0,0.0161172152,0,0,0,15.9349623,0,8.57460117,8.42853069,0,13.3238449,0,0,0,,,,50
54795838,0.5,1,0,0,0.0241758227,0,0,0,15.9395075,0,8.54747581,8.42853069,0,13.3309927,0,0,0,,,,50
54796964,0.5,1,0,0,0.0161172152,0,0,0,15.9349623,0,8.5565176,8.42008495,0,13.3381405,0,0,0,,,,50
54798094,0.5,1,0,0,0.0161172152,0,0,0,15.9395075,0,8.52939224,8.42641926,0,13.3238449,0,0,0,,,,50
54799220,0.5,1,0,0,0.0241758227,0,0,0,15.9349623,0,8.52637863,8.42641926,0,13.3309927,0,0,0,,,,50
54800346,0.5,1,0,0,0.0241758227,0,0,0,15.9349623,0,8.5565176,8.42641926,0,13.3238449,0,0,0,,,,50
54801472,0.5,1,0,0,0.0241758227,0,0,0,15.9349623,0,8.568573,8.42641926,0,13.3238449,0,0,0,,,,50
54802802,0.5,1,0,0,0.0161172152,0,0,0,15.9349623,0,8.57460117,8.42641926,0,13.3309927,0,0,0,,,,50
54803928,0.5,1,0,0,0.0161172152,0,0,0,15.9395075,0,8.568573,8.42641926,0,13.3238449,0,0,0,,,,50
54805059,0.5,1,0,0,0.0161172152,0,0,0,15.9349623,0,8.56555939,8.42641926,0,13.3095493,0,0,0,,,,50
54806185,0.5,1,0,0,0.0161172152,0,0,0,15.9395075,0,8.568573,8.42641926,0,13.3309927,0,0,0,,,,50
54807311,0.5,1,0,0,0.0161172152,0,0,0,15.9349623,0,8.55953121,8.42641926,0,13.3309927,0,0,0,,,,50
54808437,0.5,1,0,0,0.0241758227,0,0,0,15.9349623,0,8.56254578,8.42641926,0,13.3309927,0,0,0,,,,50
54809563,0.5,1,0,0,0.0161172152,0,0,0,15.9349623,0,8.53240585,8.42641926,0,13.3238449,0,0,0,,,,50
54810689,0.5,1,0,0,0.0241758227,0,0,0,15.9349623,0,8.51432323,8.42641926,0,13.3309927,0,0,0,,,,50
54811815,0.5,1,0,0,0.0241758227,0,0,0,15.9349623,0,8.51733685,8.42641926,0,13.3309927,0,0,0,,,,50
54812945,0.5,1,0,0,0.0161172152,0,0,0,15.9349623,0,8.54747581,8.42641926,0,13.3309927,0,0,0,,,,50
54814071,0.5,1,0,0,0.0241758227,0,0,0,15.9349623,0,8.56555939,8.42641926,0,13.3095493,0,0,0,,,,50
54815197,0.5,1,0,0,0.0161172152,0,0,0,15.9349623,0,8.56555939,8.42641926,0,13.3309927,0,0,0,,,,50
54816323,0.5,1,0,0,0.0161172152,0,0,0,15.9349623,0,8.568573,8.42641926,0,13.3309927,0,0,0,,,,50
54817449,0.5,1,0,0,0.0161172152,0,0,0,15.9304171,0,8.56254578,8.42641926,0,13.3309927,0,0,0,,,,50
54818575,0.5,1,0,0,0.0161172152,0,0,0,15.9349623,0,8.56555939,8.42641926,0,13.3309927,0,0,0,,,,50
54819701,0.5,1,0,0,0.0161172152,0,0,0,15.9349623,0,8.5444622,8.42219639,0,13.3309927,0,0,0,,,,50
54820832,0.5,1,0,0,0.0161172152,0,0,0,15.9349623,0,8.52939224,8.42641926,0,13.3238449,0,0,0,,,,50
54821958,0.5,1,0,0,0.0322344303,0,0,0,15.9349623,0,8.58062935,8.42641926,0,13.3309927,0,0,0,,,,50
54823084,0.5,1,0,0,0.0322344303,0,0,0,15.9349623,0,8.55350399,8.42853069,0,13.3238449,0,0,0,,,,50
54824414,0.5,1,0,0,0.0161172152,0,0,0,15.9349623,0,8.56254578,8.42641926,0,13.3309927,0,0,0,,,,50
54825540,0.5,1,0,0,0.0161172152,0,0,0,15.9395075,0,8.56555939,8.42641926,0,13.3309927,0,0,0,,,,50
54826666,0.5,1,0,0,0.0241758227,0,0,0,15.9349623,0,8.55048943,8.42641926,0,13.3309927,0,0,0,,,,50
54827792,0.5,1,0,0,0.0161172152,0,0,0,15.9349623,0,8.56254578,8.42853069,0,13.3238449,0,0,0,,,,50
54828922,0.5,1,0,0,0.0161172152,0,0,0,15.9395075,0,8.568573,8.42641926,0,13.3309927,0,0,0,,,,50
54830048,0.5,1,0,0,0.0161172152,0,0,0,15.9304171,0,8.53542042,8.42641926,0,13.3166971,0,0,0,,,,50
54831174,0.5,1,0,0,0.0161172152,0,0,0,15.9349623,0,8.56254578,8.42641926,0,13.3238449,0,0,0,,,,50
54832300,0.5,1,0,0,0.0241758227,0,0,0,15.9349623,0,8.5565176,8.42853069,0,13.3309927,0,0,0,,,,50
54833426,0.5,1,0,0,0.0161172152,0,0,0,15.9349623,0,8.54144764,8.42853069,0,13.3309927,0,0,0,,,,50
54834552,0.5,1,0,0,0.0161172152,0,0,0,15.9349623,0,8.54144764,8.42641926,0,13.3238449,0,0,0,,,,50
54835683,0.5,1,0,0,0.0241758227,0,0,0,15.9349623,0,8.54747581,8.42641926,0,13.3309927,0,0,0,,,,50
54836809,0.5,1,0,0,0.0161172152,0,0,0,15.9349623,0,8.54144764,8.42430782,0,13.3309927,0,0,0,,,,50
54837935,0.5,1,0,0,0.0241758227,0,0,0,15.9349623,0,8.55048943,8.42853069,0,13.3309927,0,0,0,,,,50
54839061,0.5,1,0,0,0.0161172152,0,0,0,15.9349623,0,8.57761478,8.42853069,0,13.3095493,0,0,0,,,,50
54840187,0.5,1,0,0,0.0161172152,0,0,0,15.9349623,0,8.5444622,8.42641926,0,13.3238449,0,0,0,,,,50
54841313,0.5,1,0,0,0.0161172152,0,0,0,15.9349623,0,8.54747581,8.42853069,0,13.3309927,0,0,0,,,,50
54842439,0.5,1,0,0,0.0161172152,0,0,0,15.9349623,0,8.55953121,8.42853069,0,13.3309927,0,0,0,,,,50
54843569,0.5,1,0,0,0.0241758227,0,0,0,15.9304171,0,8.54144764,8.42641926,0,13.3309927,0,0,0,,,,50
54844899,0.5,1,0,0,0.0161172152,0,0,0,15.9349623,0,8.53240585,8.42853069,0,13.3309927,0,0,0,,,,50
54846025,0.5,1,0,0,0.0241758227,0,0,0,15.9349623,0,8.56254578,8.42641926,0,13.3166971,0,0,0,,,,50
54847151,0.5,1,0,0,0.0161172152,0,0,0,15.9349623,0,8.568573,8.42641926,0,13.3309927,0,0,0,,,,50
54848277,0.5,1,0,0,0.0161172152,0,0,0,15.9349623,0,8.5444622,8.42641926,0,13.3238449,0,0,0,,,,50
54849403,0.5,1,0,0,0.0161172152,0,0,0,15.9349623,0,8.53240585,8.42641926,0,13.3309927,0,0,0,,,,50
54850529,0.5,1,0,0,0.0241758227,0,0,0,15.9349623,0,8.5444622,8.42641926,0,13.3238449,0,0,0,,,,50
54851660,0.5,1,0,0,0.0241758227,0,0,0,15.9349623,0,8.55953121,8.42641926,0,13.3309927,0,0,0,,,,50
54852786,0.5,1,0,0,0.0161172152,0,0,0,15.9349623,0,8.55953121,8.42853069,0,13.3381405,0,0,0,,,,50
54853912,0.5,1,0,0,0.0161172152,0,0,0,15.9349623,0,8.53843403,8.42641926,0,13.3238449,0,0,0,,,,50
54855038,0.5,1,0,0,0.0241758227,0,0,0,15.9349623,0,8.5444622,8.42641926,0,13.3238449,0,0,0,,,,50
54856164,0.5,1,0,0,0.0161172152,0,0,0,15.9349623,0,8.53542042,8.42641926,0,13.3309927,0,0,0,,,,50
54857290,0.5,1,0,0,0.0241758227,0,0,0,15.9349623,0,8.59268475,8.42641926,0,13.3238449,0,0,0,,,,50
54858416,0.5,1,0,0,0.0161172152,0,0,0,15.9349623,0,8.54747581,8.42641926,0,13.3238449,0,0,0,,,,50
54859547,0.5,1,0,0,0.0241758227,0,0,0,15.9349623,0,8.52035046,8.42641926,0,13.3238449,0,0,0,,,,50
54860673,0.5,1,0,0,0.0161172152,0,0,0,15.9349623,0,8.55048943,8.42641926,0,13.3309927,0,0,0,,,,50
54861799,0.5,1,0,0,0.0241758227,0,0,0,15.9349623,0,8.54747581,8.42641926,0,13.3309927,0,0,0,,,,50
54862925,0.5,1,0,0,0.0322344303,0,0,0,15.9349623,0,8.56254578,8.42641926,0,13.3309927,0,0,0,,,,50
54864051,0.5,1,0,0,0.0241758227,0,0,0,15.9349623,0,8.53843403,8.42641926,0,13.3166971,0,0,0,,,,50
54865177,0.5,1,0,0,0.0241758227,0,0,0,15.9349623,0,8.55048943,8.42853069,0,13.3309927,0,0,0,,,,50
54866511,0.5,1,0,0,0.0161172152,0,0,0,15.9349623,0,8.54747581,8.42641926,0,13.3238449,0,0,0,,,,50
54867637,0.5,1,0,0,0.0161172152,0,0,0,15.9349623,0,8.52035046,8.42641926,0,13.3309927,0,0,0,,,,50
54868763,0.5,1,0,0,0.0241758227,0,0,0,15.9349623,0,8.58665657,8.42641926,0,13.3309927,0,0,0,,,,50
54869889,0.5,1,0,0,0.0241758227,0,0,0,15.9349623,0,8.57460117,8.42641926,0,13.3238449,0,0,0,,,,50
54871015,0.5,1,0,0,0.0161172152,0,0,0,15.9349623,0,8.52939224,8.42641926,0,13.3238449,0,0,0,,,,50
54872141,0.5,1,0,0,0.0241758227,0,0,0,15.9349623,0,8.54747581,8.42641926,0,13.3309927,0,0,0,,,,50
54873267,0.5,1,0,0,0.0161172152,0,0,0,15.9304171,0,8.54747581,8.42641926,0,13.3309927,0,0,0,,,,50
54874398,0.5,1,0,0,0.0241758227,0,0,0,15.9349623,0,8.568573,8.42641926,0,13.3309927,0,0,0,,,,50
54875524,0.5,1,0,0,0.0161172152,0,0,0,15.9349623,0,8.54747581,8.42641926,0,13.3309927,0,0,0,,,,50
54876650,0.5,1,0,0,0.0241758227,0,0,0,15.9395075,0,8.54144764,8.42008495,0,13.3309927,0,0,0,,,,50
54877776,0.5,1,0,0,0.0241758227,0,0,0,15.9349623,0,8.55350399,8.42641926,0,13.3238449,0,0,0,,,,50
54878902,0.5,1,0,0,0.0161172152,0,0,0,15.9395075,0,8.57761478,8.42853069,0,13.3309927,0,0,0,,,,50
54880028,0.5,1,0,0,0.0241758227,0,0,0,15.9349623,0,8.54144764,8.42641926,0,13.3238449,0,0,0,,,,50
54881154,0.5,1,0,0,0.0241758227,0,0,0,15.9349623,0,8.58062935,8.42641926,0,13.3238449,0,0,0,,,,50
54882284,0.5,1,0,0,0.0161172152,0,0,0,15.9395075,0,8.55953121,8.42641926,0,13.3309927,0,0,0,,,,50
54883410,0.5,1,0,0,0.0241758227,0,0,0,15.9304171,0,8.53843403,8.42641926,0,13.3309927,0,0,0,,,,50
54884536,0.5,1,0,0,0.0241758227,0,0,0,15.9349623,0,8.56254578,8.42219639,0,13.3309927,0,0,0,,,,50
54885662,0.5,1,0,0,0.0161172152,0,0,0,15.9349623,0,8.55048943,8.42641926,0,13.3309927,0,0,0,,,,50
54886992,0.5,1,0,0,0.0161172152,0,0,0,15.9349623,0,8.55048943,8.42853069,0,13.3309927,0,0,0,,,,50
54888118,0.5,1,0,0,0.0241758227,0,0,0,15.9349623,0,8.56254578,8.42219639,0,13.3309927,0,0,0,,,,50
54889244,0.5,1,0,0,0.0161172152,0,0,0,15.9349623,0,8.52939224,8.42641926,0,13.3309927,0,0,0,,,,50
54890375,0.5,1,0,0,0.0241758227,0,0,0,15.9349623,0,8.57460117,8.42641926,0,13.3309927,0,0,0,,,,50
54891501,0.5,1,0,0,0.0241758227,0,0,0,15.9349623,0,8.57158756,8.42641926,0,13.3309927,0,0,0,,,,50
54892627,0.5,1,0,0,0.0161172152,0,0,0,15.9349623,0,8.58665657,8.42641926,0,13.3309927,0,0,0,,,,50
54893753,0.5,1,0,0,0.0161172152,0,0,0,15.9349623,0,8.54747581,8.42853069,0,13.3309927,0,0,0,,,,50
54894879,0.5,1,0,0,0.0241758227,0,0,0,15.9349623,0,8.52939224,8.42641926,0,13.3309927,0,0,0,,,,50
54896005,0.5,1,0,0,0.0241758227,0,0,0,15.9349623,0,8.5565176,8.42641926,0,13.3238449,0,0,0,,,,50
54897135,0.5,1,0,0,0.0241758227,0,0,0,15.9349623,0,8.54747581,8.42641926,0,13.3309927,0,0,0,,,,50
54898261,0.5,1,0,0,0.0241758227,0,0,0,15.9349623,0,8.53843403,8.42641926,0,13.3238449,0,0,0,,,,50
54899387,0.5,1,0,0,0.0241758227,0,0,0,15.9349623,0,8.57761478,8.42641926,0,13.3238449,0,0,0,,,,50
54900513,0.5,1,0,0,0.0161172152,0,0,0,15.9349623,0,8.55953121,8.42853069,0,13.3309927,0,0,0,,,,50
54901639,0.5,1,0,0,0.0241758227,0,0,0,15.9349623,0,8.56254578,8.42853069,0,13.3309927,0,0,0,,,,50
54902765,0.5,1,0,0,0.0161172152,0,0,0,15.9349623,0,8.59268475,8.42641926,0,13.3309927,0,0,0,,,,50
54903891,0.5,1,0,0,0.0161172152,0,0,0,15.9349623,0,8.5565176,8.42008495,0,13.3238449,0,0,0,,,,50
54905022,0.5,1,0,0,0.0241758227,0,0,0,15.9395075,0,8.57460117,8.42641926,0,13.3238449,0,0,0,,,,50
54906148,0.5,1,0,0,0.0241758227,0,0,0,15.9349623,0,8.54747581,8.42641926,0,13.3309927,0,0,0,,,,50
54907274,0.5,1,0,0,0.0241758227,0,0,0,15.9349623,0,8.59268475,8.42641926,0,13.3309927,0,0,0,,,,50
54908604,0.5,1,0,0,0.0241758227,0,0,0,15.9395075,0,8.58364296,8.42641926,0,13.3238449,0,0,0,,,,50
54909730,0.5,1,0,0,0.0241758227,0,0,0,15.9349623,0,8.5444622,8.42641926,0,13.3309927,0,0,0,,,,50
54910856,0.5,1,0,0,0.0241758227,0,0,0,15.9349623,0,8.52939224,8.42641926,0,13.3309927,0,0,0,,,,50
54911982,0.5,1,0,0,0.0161172152,0,0,0,15.9349623,0,8.5444622,8.42853069,0,13.3309927,0,0,0,,,,50
54913112,0.5,1,0,0,0.0161172152,0,0,0,15.9349623,0,8.568573,8.42641926,0,13.3309927,0,0,0,,,,50
54914238,0.5,1,0,0,0.0241758227,0,0,0,15.9440527,0,8.54144764,8.42641926,0,13.3238449,0,0,0,,,,50
54915364,0.5,1,0,0,0.0241758227,0,0,0,15.9349623,0,8.54747581,8.42641926,0,13.3309927,0,0,0,,,,50
54916490,0.5,1,0,0,0.0161172152,0,0,0,15.9349623,0,8.54747581,8.42641926,0,13.3309927,0,0,0,,,,50
54917616,0.5,1,0,0,0.0241758227,0,0,0,15.9349623,0,8.52035046,8.42853069,0,13.3238449,0,0,0,,,,50
54918742,0.5,1,0,0,0.0161172152,0,0,0,15.9349623,0,8.568573,8.42219639,0,13.3238449,0,0,0,,,,50
54919873,0.5,1,0,0,0.0241758227,0,0,0,15.9349623,0,8.55350399,8.42641926,0,13.3309927,0,0,0,,,,50
54920999,0.5,1,0,0,0.0241758227,0,0,0,15.9395075,0,8.53843403,8.42641926,0,13.3309927,0,0,0,,,,50
54922125,0.5,1,0,0,0.0161172152,0,0,0,15.9349623,0,8.53542042,8.42641926,0,13.3309927,0,0,0,,,,50
54923251,0.5,1,0,0,0.0322344303,0,0,0,15.9349623,0,8.59871292,8.42641926,0,13.3238449,0,0,0,,,,50
54924377,0.5,1,0,0,0.0241758227,0,0,0,15.9349623,0,8.58665657,8.42008495,0,13.3309927,0,0,0,,,,50
54925503,0.5,1,0,0,0.0241758227,0,0,0,15.9349623,0,8.568573,8.42853069,0,13.3309927,0,0,0,,,,50
54926629,0.5,1,0,0,0.0241758227,0,0,0,15.9349623,0,8.568573,8.42641926,0,13.3309927,0,0,0,,,,50
54927759,0.5,1,0,0,0.0241758227,0,0,0,15.9395075,0,8.5444622,8.42853069,0,13.3309927,0,0,0,,,,50
54929089,0.5,1,0,0,0.0241758227,0,0,0,15.9349623,0,8.52939224,8.42641926,0,13.3309927,0,0,0,,,,50
54930215,0.5,1,0,0,0.0161172152,0,0,0,15.9395075,0,8.53843403,8.42641926,0,13.3309927,0,0,0,,,,50
54931341,0.5,1,0,0,0.0161172152,0,0,0,15.9349623,0,8.52637863,8.42853069,0,13.3309927,0,0,0,,,,50
54932467,0.5,1,0,0,0.0241758227,0,0,0,15.9395075,0,8.55048943,8.42641926,0,13.3309927,0,0,0,,,,50
54933593,0.5,1,0,0,0.0161172152,0,0,0,15.9349623,0,8.55350399,8.42641926,0,13.3238449,0,0,0,,,,50
54934719,0.5,1,0,0,0.0161172152,0,0,0,15.9349623,0,8.54144764,8.42641926,0,13.3238449,0,0,0,,,,50
54935850,0.5,1,0,0,0.0241758227,0,0,0,15.9349623,0,8.5565176,8.42219639,0,13.3309927,0,0,0,,,,50
54936976,0.5,1,0,0,0.0161172152,0,0,0,15.9349623,0,8.55350399,8.42641926,0,13.3238449,0,0,0,,,,50
54938102,0.5,1,0,0,0.0161172152,0,0,0,15.9349623,0,8.5444622,8.42641926,0,13.3309927,0,0,0,,,,50
54939228,0.5,1,0,0,0.0241758227,0,0,0,15.9349623,0,8.54144764,8.42641926,0,13.3309927,0,0,0,,,,50
54940354,0.5,1,0,0,0.0241758227,0,0,0,15.9349623,0,8.52637863,8.42641926,0,13.3309927,0,0,0,,,,50
54941480,0.5,1,0,0,0.0161172152,0,0,0,15.9349623,0,8.5444622,8.42641926,0,13.3309927,0,0,0,,,,50
54942606,0.5,1,0,0,0.0241758227,0,0,0,15.9349623,0,8.53542042,8.42641926,0,13.3309927,0,0,0,,,,50
54943736,0.5,1,0,0,0.0161172152,0,0,0,15.9349623,0,8.55953121,8.42430782,0,13.3309927,0,0,0,,,,50
54944862,0.5,1,0,0,0.0161172152,0,0,0,15.9349623,0,8.55350399,8.42641926,0,13.3309927,0,0,0,,,,50
54945988,0.5,1,0,0,0.0241758227,0,0,0,15.9349623,0,8.50528145,8.42641926,0,13.3309927,0,0,0,,,,50
54947114,0.5,1,0,0,0.0241758227,0,0,0,15.9349623,0,8.53843403,8.42641926,0,13.3309927,0,0,0,,,,50
54948240,0.5,1,0,0,0.0241758227,0,0,0,15.9395075,0,8.58665657,8.42641926,0,13.3309927,0,0,0,,,,50
54949366,0.5,1,0,0,0.0322344303,0,0,0,15.9349623,0,8.568573,8.42641926,0,13.3309927,0,0,0,,,,50
54950701,0.5,1,0,0,0.0161172152,0,0,0,15.9349623,0,8.58364296,8.42641926,0,13.3309927,0,0,0,,,,50
54951827,0.5,1,0,0,0.0241758227,0,0,0,15.9349623,0,8.5444622,8.42641926,0,13.3309927,0,0,0,,,,50
54952953,0.5,1,0,0,0.0161172152,0,0,0,15.9349623,0,8.5444622,8.42641926,0,13.3309927,0,0,0,,,,50
54954079,0.5,1,0,0,0.0241758227,0,0,0,15.9349623,0,8.55953121,8.42641926,0,13.3024006,0,0,0,,,,50
54955205,0.5,1,0,0,0.0241758227,0,0,0,15.9349623,0,8.5444622,8.42641926,0,13.3381405,0,0,0,,,,50
54956331,0.5,1,0,0,0.0241758227,0,0,0,15.9349623,0,8.58967113,8.42641926,0,13.3238449,0,0,0,,,,50
54957457,0.5,1,0,0,0.0161172152,0,0,0,15.9349623,0,8.53542042,8.42641926,0,13.3309927,0,0,0,,,,50
54958587,0.5,0.75,0,0,0.0241758227,0.00805860758,0,0,15.9349623,0,8.5444622,8.42641926,0,13.3238449,0,0,0,,,,50
54959713,0.5,1,0,0,0.0241758227,0,0,0,15.9349623,0,8.55048943,8.42641926,0,13.3309927,0,0,0,,,,50
54960839,0.5,1,0,0,0.0161172152,0,0,0,15.9349623,0,8.52939224,8.42853069,0,13.3309927,0,0,0,,,,50
54961965,0.5,1,0,0,0.0161172152,0,0,0,15.9395075,0,8.5565176,8.42641926,0,13.3309927,0,0,0,,,,50
54963091,0.5,1,0,0,0.0161172152,0,0,0,15.9349623,0,8.56254578,8.42641926,0,13.3238449,0,0,0,,,,50
54964217,0.5,1,0,0,0.0161172152,0,0,0,15.9349623,0,8.54144764,8.42641926,0,13.3309927,0,0,0,,,,50
54965343,0.5,1,0,0,0.0241758227,0,0,0,15.9349623,0,8.54747581,8.42641926,0,13.3309927,0,0,0,,,,50
54966474,0.5,1,0,0,0.0161172152,0,0,0,15.9349623,0,8.5565176,8.42641926,0,13.3309927,0,0,0,,,,50
54967600,0.5,1,0,0,0.0161172152,0,0,0,15.9304171,0,8.53843403,8.42641926,0,13.3309927,0,0,0,,,,50
54968726,0.5,1,0,0,0.0241758227,0,0,0,15.9349623,0,8.54144764,8.42641926,0,13.3309927,0,0,0,,,,50
54969851,0.5,1,0,0,0.0241758227,0,0,0,15.9395075,0,8.52939224,8.42641926,0,13.3309927,0,0,0,,,,50
54971181,0.5,1,0,0,0.0161172152,0,0,0,15.9349623,0,8.55048943,8.42641926,0,13.3238449,0,0,0,,,,50
54972308,0.5,1,0,0,0.0241758227,0,0,0,15.9349623,0,8.57158756,8.42641926,0,13.3309927,0,0,0,,,,50
54973434,0.5,1,0,0,0.0161172152,0,0,0,15.9349623,0,8.55953121,8.42641926,0,13.3309927,0,0,0,,,,50
54974564,0.5,1,0,0,0.0241758227,0,0,0,15.9349623,0,8.55953121,8.42853069,0,13.3309927,0,0,0,,,,50
54975690,0.5,1,0,0,0.0161172152,0,0,0,15.9349623,0,8.5565176,8.42430782,0,13.3309927,0,0,0,,,,50
54976816,0.5,1,0,0,0.0161172152,0,0,0,15.9349623,0,8.5565176,8.42641926,0,13.3309927,0,0,0,,,,50
54977942,0.5,1,0,0,0.0241758227,0,0,0,15.9349623,0,8.57460117,8.42641926,0,13.3238449,0,0,0,,,,50
54979068,0.5,1,0,0,0.0241758227,0,0,0,15.9395075,0,8.58665657,8.42853069,0,13.3095493,0,0,0,,,,50
54980194,0.5,1,0,0,0.0241758227,0,0,0,15.9395075,0,8.58364296,8.42641926,0,13.3309927,0,0,0,,,,50
54981325,0.5,1,0,0,0.0322344303,0,0,0,15.9349623,0,8.55953121,8.42641926,0,13.3309927,0,0,0,,,,50
54982451,0.5,1,0,0,0.0161172152,0,0,0,15.9349623,0,8.58062935,8.42641926,0,13.3309927,0,0,0,,,,50
54983577,0.5,1,0,0,0.00805860758,0,0,0,15.9349623,0,8.5444622,8.42219639,0,13.3309927,0,0,0,,,,50
54984703,0.5,1,0,0,0.0161172152,0,0,0,15.9349623,0,8.55953121,8.42641926,0,13.3309927,0,0,0,,,,50
54985829,0.5,1,0,0,0.0241758227,0,0,0,15.9349623,0,8.58062935,8.42641926,0,13.3309927,0,0,0,,,,50
54986955,0.5,1,0,0,0.0241758227,0,0,0,15.9349623,0,8.56254578,8.42641926,0,13.3309927,0,0,0,,,,50
54988081,0.5,1,0,0,0.0161172152,0,0,0,15.9349623,0,8.5565176,8.42641926,0,13.3024006,0,0,0,,,,50
54989211,0.5,1,0,0,0.0161172152,0,0,0,15.9349623,0,8.57761478,8.42641926,0,13.3309927,0,0,0,,,,50
54990337,0.5,1,0,0,0.0161172152,0,0,0,15.9349623,0,8.52939224,8.42641926,0,13.3238449,0,0,0,,,,50
54991463,0.5,1,0,0,0.0161172152,0,0,0,15.9349623,0,8.55350399,8.42853069,0,13.3309927,0,0,0,,,,50
54992793,0.5,1,0,0,0.0161172152,0,0,0,15.9304171,0,8.52336502,8.42853069,0,13.3309927,0,0,0,,,,50
54993919,0.5,1,0,0,0.0241758227,0,0,0,15.9395075,0,8.52637863,8.42641926,0,13.3238449,0,0,0,,,,50
54995045,0.5,1,0,0,0.0241758227,0,0,0,15.9349623,0,8.53843403,8.42641926,0,13.3095493,0,0,0,,,,50
54996171,0.5,1,0,0,0.0161172152,0,0,0,15.9349623,0,8.58665657,8.42430782,0,13.3309927,0,0,0,,,,50
54997302,0.5,1,0,0,0.0161172152,0,0,0,15.9349623,0,8.5444622,8.42853069,0,13.3309927,0,0,0,,,,50
54998428,0.5,1,0,0,0.0241758227,0,0,0,15.9349623,0,8.58967113,8.42641926,0,13.3309927,0,0,0,,,,50
54999554,0.5,1,0,0,0.0161172152,0,0,0,15.9395075,0,8.53542042,8.42853069,0,13.3309927,0,0,0,,,,50
55000680,0.5,1,0,0,0.0161172152,0,0,0,15.9349623,0,8.54144764,8.42641926,0,13.3309927,0,0,0,,,,50
55001806,0.5,1,0,0,0.0241758227,0,0,0,15.9395075,0,8.56555939,8.42641926,0,13.3309927,0,0,0,,,,50
55002932,0.5,1,0,0,0.0161172152,0,0,0,15.9349623,0,8.58967113,8.42641926,0,13.3309927,0,0,0,,,,50
55004058,0.5,1,0,0,0.0241758227,0,0,0,15.9349623,0,8.5444622,8.42641926,0,13.3095493,0,0,0,,,,50
55005188,0.5,1,0,0,0.0241758227,0,0,0,15.9349623,0,8.54747581,8.42641926,0,13.3309927,0,0,0,,,,50
55006314,0.5,1,0,0,0.0241758227,0,0,0,15.9349623,0,8.55350399,8.42219639,0,13.3309927,0,0,0,,,,50
55007440,0.5,1,0,0,0.0161172152,0,0,0,15.9349623,0,8.56254578,8.42641926,0,13.3238449,0,0,0,,,,50
55008566,0.5,1,0,0,0.0241758227,0,0,0,15.9349623,0,8.52637863,8.42641926,0,13.3309927,0,0,0,,,,50
55009692,0.5,1,0,0,0.0161172152,0,0,0,15.9349623,0,8.56254578,8.42641926,0,13.3166971,0,0,0,,,,50
55010818,0.5,1,0,0,0.0161172152,0,0,0,15.9349623,0,8.5565176,8.42641926,0,13.3309927,0,0,0,,,,50
55011949,0.5,1,0,0,0.0241758227,0,0,0,15.9304171,0,8.568573,8.42008495,0,13.3309927,0,0,0,,,,50
55013279,0.5,1,0,0,0.0241758227,0,0,0,15.9349623,0,8.55350399,8.42641926,0,13.3309927,0,0,0,,,,50
55014405,0.5,1,0,0,0.0241758227,0,0,0,15.9395075,0,8.57460117,8.42853069,0,13.3309927,0,0,0,,,,50
55015531,0.5,1,0,0,0.0241758227,0,0,0,15.9349623,0,8.52637863,8.42430782,0,13.3238449,0,0,0,,,,50
55016657,0.5,1,0,0,0.0241758227,0,0,0,15.9349623,0,8.56555939,8.42641926,0,13.3309927,0,0,0,,,,50
55017783,0.5,1,0,0,0.0241758227,0,0,0,15.9349623,0,8.57761478,8.42853069,0,13.3309927,0,0,0,,,,50
55018909,0.5,1,0,0,0.0161172152,0,0,0,15.9349623,0,8.55048943,8.42641926,0,13.3309927,0,0,0,,,,50
55020039,0.5,1,0,0,0.0241758227,0,0,0,15.9349623,0,8.57761478,8.42641926,0,13.3166971,0,0,0,,,,50
55021165,0.5,1,0,0,0.0241758227,0,0,0,15.9349623,0,8.53240585,8.42641926,0,13.3238449,0,0,0,,,,50
55022291,0.5,1,0,0,0.0322344303,0,0,0,15.9349623,0,8.51432323,8.42641926,0,13.3309927,0,0,0,,,,50
55023417,0.5,1,0,0,0.0161172152,0,0,0,15.9349623,0,8.59268475,8.42641926,0,13.3309927,0,0,0,,,,50
55024543,0.5,1,0,0,0.0161172152,0,0,0,15.9395075,0,8.55953121,8.42641926,0,13.3309927,0,0,0,,,,50
55025669,0.5,1,0,0,0.0241758227,0,0,0,15.9349623,0,8.53843403,8.42641926,0,13.3309927,0,0,0,,,,50
55026795,0.5,1,0,0,0.0161172152,0,0,0,15.9349623,0,8.54747581,8.42641926,0,13.3309927,0,0,0,,,,50
55027926,0.5,1,0,0,0.0241758227,0,0,0,15.9349623,0,8.50226688,8.42641926,0,13.3309927,0,0,0,,,,50
55029052,0.5,1,0,0,0.0161172152,0,0,0,15.9349623,0,8.55350399,8.42430782,0,13.3166971,0,0,0,,,,50
55030178,0.5,1,0,0,0.0161172152,0,0,0,15.9349623,0,8.55350399,8.42641926,0,13.3309927,0,0,0,,,,50
55031304,0.5,1,0,0,0.0161172152,0,0,0,15.9349623,0,8.55350399,8.42641926,0,13.3309927,0,0,0,,,,50
55032430,0.5,1,0,0,0.0241758227,0,0,0,15.9349623,0,8.50528145,8.42641926,0,13.3309927,0,0,0,,,,50
55033556,0.5,1,0,0,0.0161172152,0,0,0,15.9395075,0,8.5444622,8.42641926,0,13.3309927,0,0,0,,,,50
55034886,0.5,1,0,0,0.0161172152,0,0,0,15.9395075,0,8.52939224,8.42641926,0,13.3309927,0,0,0,,,,50
55036017,0.5,1,0,0,0.0241758227,0,0,0,15.9349623,0,8.50829506,8.42853069,0,13.3238449,0,0,0,,,,50
55037142,0.5,1,0,0,0.0241758227,0,0,0,15.9349623,0,8.53843403,8.42641926,0,13.3309927,0,0,0,,,,50
55038268,0.5,1,0,0,0.0161172152,0,0,0,15.9349623,0,8.55953121,8.42641926,0,13.3238449,0,0,0,,,,50
55039394,0.5,1,0,0,0.0241758227,0,0,0,15.9349623,0,8.56555939,8.42853069,0,13.3309927,0,0,0,,,,50
55040520,0.5,1,0,0,0.0322344303,0,0,0,15.9349623,0,8.50226688,8.42641926,0,13.3309927,0,0,0,,,,50
55041646,0.5,1,0,0,0.0161172152,0,0,0,15.9349623,0,8.53542042,8.42853069,0,13.3309927,0,0,0,,,,50
55042777,0.5,1,0,0,0.0241758227,0,0,0,15.9304171,0,8.51733685,8.42641926,0,13.3238449,0,0,0,,,,50
55043903,0.5,1,0,0,0.0161172152,0,0,0,15.9349623,0,8.54747581,8.42641926,0,13.3238449,0,0,0,,,,50
55045029,0.5,1,0,0,0.0241758227,0,0,0,15.9349623,0,8.568573,8.42641926,0,13.3238449,0,0,0,,,,50
55046155,0.5,1,0,0,0.0161172152,0,0,0,15.9349623,0,8.5565176,8.42219639,0,13.3309927,0,0,0,,,,50
55047281,0.5,1,0,0,0.0161172152,0,0,0,15.9349623,0,8.55953121,8.42641926,0,13.3238449,0,0,0,,,,50
55048407,0.5,1,0,0,0.0161172152,0,0,0,15.9349623,0,8.53843403,8.42641926,0,13.3309927,0,0,0,,,,50
55049533,0.5,1,0,0,0.0322344303,0,0,0,15.9349623,0,8.54144764,8.42641926,0,13.3238449,0,0,0,,,,50
55050663,0.5,1,0,0,0.0161172152,0,0,0,15.9349623,0,8.57158756,8.42641926,0,13.3309927,0,0,0,,,,50
55051789,0.5,1,0,0,0.0161172152,0,0,0,15.9349623,0,8.5444622,8.42430782,0,13.3238449,0,0,0,,,,50
55052915,0.5,1,0,0,0.0241758227,0,0,0,15.9395075,0,8.59871292,8.42641926,0,13.3309927,0,0,0,,,,50
55054042,0.5,1,0,0,0.0161172152,0,0,0,15.9349623,0,8.59268475,8.42641926,0,13.3166971,0,0,0,,,,50
55055372,0.5,1,0,0,0.0241758227,0,0,0,15.9349623,0,8.51733685,8.42008495,0,13.3238449,0,0,0,,,,50
55056497,0.5,1,0,0,0.0161172152,0,0,0,15.9349623,0,8.56254578,8.42641926,0,13.3238449,0,0,0,,,,50
55057623,0.5,1,0,0,0.0241758227,0,0,0,15.9349623,0,8.58967113,8.42641926,0,13.3309927,0,0,0,,,,50
55058755,0.5,1,0,0,0.0161172152,0,0,0,15.9304171,0,8.5565176,8.42641926,0,13.3309927,0,0,0,,,,50
55059881,0.5,0.75,0,0,0.0241758227,0.00805860758,0,0,15.9349623,0,8.55350399,8.42641926,0,13.3309927,0,0,0,,,,50
55061007,0.5,1,0,0,0.0322344303,0,0,0,15.9349623,0,8.59569836,8.42219639,0,13.3309927,0,0,0,,,,50
55062133,0.5,1,0,0,0.0241758227,0,0,0,15.9349623,0,8.53843403,8.42641926,0,13.3309927,0,0,0,,,,50
55063259,0.5,1,0,0,0.0161172152,0,0,0,15.9349623,0,8.55350399,8.42853069,0,13.3238449,0,0,0,,,,50
55064385,0.5,1,0,0,0.0161172152,0,0,0,15.9304171,0,8.55048943,8.42641926,0,13.3309927,0,0,0,,,,50
55065515,0.5,1,0,0,0.0161172152,0,0,0,15.9395075,0,8.56555939,8.42641926,0,13.3309927,0,0,0,,,,50
55066641,0.5,1,0,0,0.0161172152,0,0,0,15.9349623,0,8.568573,8.42641926,0,13.3309927,0,0,0,,,,50
55067767,0.5,1,0,0,0.0241758227,0,0,0,15.9349623,0,8.58062935,8.42641926,0,13.3309927,0,0,0,,,,50
55068893,0.5,1,0,0,0.0241758227,0,0,0,15.9304171,0,8.52035046,8.42430782,0,13.3238449,0,0,0,,,,50
55070019,0.5,1,0,0,0.0161172152,0,0,0,15.9349623,0,8.56555939,8.42641926,0,13.3238449,0,0,0,,,,50
55071145,0.5,1,0,0,0.0241758227,0,0,0,15.9349623,0,8.54747581,8.42641926,0,13.3309927,0,0,0,,,,50
55072271,0.5,1,0,0,0.0161172152,0,0,0,15.9349623,0,8.53240585,8.42641926,0,13.3238449,0,0,0,,,,50
55073402,0.5,1,0,0,0.0161172152,0,0,0,15.9349623,0,8.568573,8.42641926,0,13.3309927,0,0,0,,,,50
55074528,0.5,1,0,0,0.0161172152,0,0,0,15.9349623,0,8.53542042,8.42641926,0,13.3309927,0,0,0,,,,50
55075858,0.5,1,0,0,0.0161172152,0,0,0,15.9349623,0,8.52637863,8.42853069,0,13.3309927,0,0,0,,,,50
55076984,0.5,1,0,0,0.0161172152,0,0,0,15.9349623,0,8.5565176,8.42853069,0,13.3309927,0,0,0,,,,50
55078110,0.5,1,0,0,0.0161172152,0,0,0,15.9349623,0,8.55350399,8.42430782,0,13.3309927,0,0,0,,,,50
55079236,0.5,1,0,0,0.0241758227,0,0,0,15.9395075,0,8.53240585,8.42641926,0,13.3309927,0,0,0,,,,50
55080362,0.5,1,0,0,0.0161172152,0,0,0,15.9349623,0,8.51733685,8.42641926,0,13.3309927,0,0,0,,,,50
55081492,0.5,1,0,0,0.0161172152,0,0,0,15.9349623,0,8.54747581,8.42641926,0,13.3238449,0,0,0,,,,50
55082618,0.5,1,0,0,0.0161172152,0,0,0,15.9349623,0,8.52035046,8.42853069,0,13.3238449,0,0,0,,,,50
55083744,0.5,1,0,0,0.0241758227,0,0,0,15.9349623,0,8.5565176,8.42430782,0,13.3381405,0,0,0,,,,50
55084870,0.5,1,0,0,0.0161172152,0,0,0,15.9349623,0,8.55953121,8.42641926,0,13.3309927,0,0,0,,,,50
55085996,0.5,1,0,0,0.0241758227,0,0,0,15.9349623,0,8.53843403,8.42641926,0,13.3309927,0,0,0,,,,50
55087122,0.5,1,0,0,0.00805860758,0,0,0,15.9349623,0,8.55350399,8.42641926,0,13.3309927,0,0,0,,,,50
55088248,0.5,1,0,0,0.0161172152,0,0,0,15.9349623,0,8.55350399,8.42430782,0,13.3238449,0,0,0,,,,50
55089379,0.5,1,0,0,0.0161172152,0,0,0,15.9304171,0,8.56254578,8.42641926,0,13.3309927,0,0,0,,,,50
55090505,0.5,1,0,0,0.0241758227,0,0,0,15.9349623,0,8.56254578,8.42641926,0,13.3309927,0,0,0,,,,50
55091631,0.5,1,0,0,0.0161172152,0,0,0,15.9395075,0,8.52336502,8.42008495,0,13.3309927,0,0,0,,,,50
55092757,0.5,1,0,0,0.0161172152,0,0,0,15.9349623,0,8.59569836,8.42853069,0,13.3309927,0,0,0,,,,50
55093883,0.5,1,0,0,0.0241758227,0,0,0,15.9349623,0,8.53843403,8.42641926,0,13.3309927,0,0,0,,,,50
55095009,0.5,1,0,0,0.0161172152,0,0,0,15.9349623,0,8.568573,8.42430782,0,13.3238449,0,0,0,,,,50
55096139,0.5,1,0,0,0.0161172152,0,0,0,15.9349623,0,8.52035046,8.42430782,0,13.3309927,0,0,0,,,,50
55097469,0.5,1,0,0,0.0241758227,0,0,0,15.9349623,0,8.55048943,8.42641926,0,13.3309927,0,0,0,,,,50
55098595,0.5,1,0,0,0.0161172152,0,0,0,15.9349623,0,8.54144764,8.42853069,0,13.3309927,0,0,0,,,,50
55099721,0.5,1,0,0,0.0241758227,0,0,0,15.9349623,0,8.568573,8.42641926,0,13.3381405,0,0,0,,,,50
55100847,0.5,1,0,0,0.0241758227,0,0,0,15.9349623,0,8.568573,8.42219639,0,13.3309927,0,0,0,,,,50
55101973,0.5,1,0,0,0.0161172152,0,0,0,15.9395075,0,8.53843403,8.42641926,0,13.3309927,0,0,0,,,,50
55103099,0.5,1,0,0,0.0161172152,0,0,0,15.9349623,0,8.55953121,8.42853069,0,13.3309927,0,0,0,,,,50
55104230,0.5,1,0,0,0.0161172152,0,0,0,15.9304171,0,8.55350399,8.42641926,0,13.3309927,0,0,0,,,,50
55105356,0.5,1,0,0,0.0241758227,0,0,0,15.9349623,0,8.50226688,8.42641926,0,13.3309927,0,0,0,,,,50
55106482,0.5,1,0,0,0.0161172152,0,0,0,15.9395075,0,8.5565176,8.42641926,0,13.3238449,0,0,0,,,,50
55107608,0.5,1,0,0,0.0241758227,0,0,0,15.9349623,0,8.54144764,8.42853069,0,13.3238449,0,0,0,,,,50
55108734,0.5,1,0,0,0.0322344303,0,0,0,15.9349623,0,8.58364296,8.42853069,0,13.3309927,0,0,0,,,,50
55109860,0.5,1,0,0,0.0241758227,0,0,0,15.9349623,0,8.54747581,8.42641926,0,13.3309927,0,0,0,,,,50
55110986,0.5,1,0,0,0.0241758227,0,0,0,15.9349623,0,8.52336502,8.42641926,0,13.3309927,0,0,0,,,,50
55112116,0.5,1,0,0,0.0161172152,0,0,0,15.9304171,0,8.54144764,8.42641926,0,13.3309927,0,0,0,,,,50
55113242,0.5,1,0,0,0.0241758227,0,0,0,15.9304171,0,8.53542042,8.42641926,0,13.3309927,0,0,0,,,,50
55114368,0.5,1,0,0,0.0241758227,0,0,0,15.9349623,0,8.56254578,8.42853069,0,13.3309927,0,0,0,,,,50
55115494,0.5,1,0,0,0.0241758227,0,0,0,15.9304171,0,8.52035046,8.42641926,0,13.3309927,0,0,0,,,,50
55116620,0.5,1,0,0,0.0241758227,0,0,0,15.9395075,0,8.50226688,8.42641926,0,13.3309927,0,0,0,,,,50
55117950,0.5,1,0,0,0.0161172152,0,0,0,15.9349623,0,8.56254578,8.42219639,0,13.3238449,0,0,0,,,,50
55119076,0.5,1,0,0,0.0161172152,0,0,0,15.9349623,0,8.56254578,8.42641926,0,13.3095493,0,0,0,,,,50
55120207,0.5,1,0,0,0.0241758227,0,0,0,15.9304171,0,8.55953121,8.42853069,0,13.3309927,0,0,0,,,,50
55121333,0.5,1,0,0,0.0241758227,0,0,0,15.9349623,0,8.53843403,8.42641926,0,13.3309927,0,0,0,,,,50
55122459,0.5,1,0,0,0.0241758227,0,0,0,15.9349623,0,8.58364296,8.42641926,0,13.3309927,0,0,0,,,,50
55123585,0.5,1,0,0,0.0161172152,0,0,0,15.9349623,0,8.57158756,8.42430782,0,13.3309927,0,0,0,,,,50
55124711,0.5,1,0,0,0.0241758227,0,0,0,15.9349623,0,8.54144764,8.42641926,0,13.3238449,0,0,0,,,,50
55125837,0.5,1,0,0,0.0241758227,0,0,0,15.9349623,0,8.53843403,8.42219639,0,13.3309927,0,0,0,,,,50
55126968,0.5,1,0,0,0.0241758227,0,0,0,15.9349623,0,8.56254578,8.42641926,0,13.3309927,0,0,0,,,,50
55128094,0.5,1,0,0,0.0241758227,0,0,0,15.9349623,0,8.56555939,8.42853069,0,13.3309927,0,0,0,,,,50
55129220,0.5,1,0,0,0.0241758227,0,0,0,15.9395075,0,8.53843403,8.42641926,0,13.3309927,0,0,0,,,,50
55130346,0.5,1,0,0,0.0241758227,0,0,0,15.9349623,0,8.55953121,8.42641926,0,13.3309927,0,0,0,,,,50
55131472,0.5,1,0,0,0.0241758227,0,0,0,15.9349623,0,8.57761478,8.42219639,0,13.3309927,0,0,0,,,,50
55132598,0.5,1,0,0,0.0241758227,0,0,0,15.9349623,0,8.54144764,8.42853069,0,13.3309927,0,0,0,,,,50
55133724,0.5,1,0,0,0.0241758227,0,0,0,15.9349623,0,8.56254578,8.42853069,0,13.3309927,0,0,0,,,,50
55134854,0.5,1,0,0,0.0161172152,0,0,0,15.9349623,0,8.55048943,8.42853069,0,13.3309927,0,0,0,,,,50
55135980,0.5,1,0,0,0.0241758227,0,0,0,15.9349623,0,8.5444622,8.42641926,0,13.3309927,0,0,0,,,,50
55137106,0.5,1,0,0,0.0161172152,0,0,0,15.9349623,0,8.56555939,8.42219639,0,13.3309927,0,0,0,,,,50
55138232,0.5,1,0,0,0.0161172152,0,0,0,15.9304171,0,8.55953121,8.42853069,0,13.3309927,0,0,0,,,,50
55139563,0.5,1,0,0,0.0161172152,0,0,0,15.9349623,0,8.54747581,8.42853069,0,13.3309927,0,0,0,,,,50
55140688,0.5,1,0,0,0.0241758227,0,0,0,15.9349623,0,8.53843403,8.42008495,0,13.3309927,0,0,0,,,,50
55141814,0.5,1,0,0,0.0161172152,0,0,0,15.9349623,0,8.55048943,8.42641926,0,13.3309927,0,0,0,,,,50
55142945,0.5,1,0,0,0.0161172152,0,0,0,15.9349623,0,8.50226688,8.42641926,0,13.3238449,0,0,0,,,,50
55144071,0.5,1,0,0,0.0161172152,0,0,0,15.9304171,0,8.55048943,8.42641926,0,13.3095493,0,0,0,,,,50
55145197,0.5,1,0,0,0.0241758227,0,0,0,15.9395075,0,8.52939224,8.42641926,0,13.3238449,0,0,0,,,,50
55146324,0.5,1,0,0,0.0241758227,0,0,0,15.9349623,0,8.55048943,8.42641926,0,13.3309927,0,0,0,,,,50
55147458,0.5,1,1,0,0.0241758227,0,0,0,15.9349623,1.85623777,8.58364296,8.42641926,0,13.3309927,1.85623777,1,0,,,,50
55148584,0.5,1,1,0,0.0161172152,0,0,0,15.9349623,1.85623777,8.57158756,8.42008495,0,13.3309927,1.85623777,1,0,,,,50
55149714,0.5,1,1,0,0.0322344303,0,0,0,15.9349623,7.62607384,8.55048943,8.42641926,0,13.3238449,7.62607384,1.99999988,0,,,,50
55150846,0.5,1,1,0,0.0322344303,0,0,0,15.9349623,7.62607384,8.53240585,8.42641926,0,13.3238449,7.62607384,1.99999988,0,,,,50
55151976,0.5,1,1,0,0.112820506,0,0,0,15.9304171,12,8.46007252,8.42641926,0,13.3238449,16.4188538,0.61945653,0,,,,50
55153103,0.5,0.941176474,1,0,0.128937721,0.00805860758,0,0,15.9304171,12,8.40883541,8.41375065,0,13.3238449,16.4188538,0.61945653,0,,,,50
55154234,0.5,0.676470578,1,0,0.185347974,0.0886446834,0,0,15.9213276,12,8.41486359,8.34618759,0,13.3238449,12.7244186,1.22919476,0,,,,50
55155360,0.5,0.581395328,1,0,0.201465189,0.145054936,0,0,15.9167824,12,8.40280819,8.31873989,0,13.3166971,12.7244186,1.22919476,0,,,,50
55156490,0.5,0.576923072,1,0,0.241758227,0.177289367,0,0,15.9167824,12,8.36664104,8.31451702,0,13.3166971,13.4704075,1.43705046,0,,,,50
55157622,0.5,0.564516127,1,0,0.282051265,0.217582405,0,0,15.907692,12,8.32444572,8.29551506,0,13.3095493,13.4704075,1.43705046,0,,,,50
55158752,0.5,0.54285717,1,0,0.306227088,0.257875443,0,0,15.9031467,12,8.32444572,8.2765131,0,13.3095493,14.4537563,1.11515248,0,,,,50
55160083,0.5,0.554054081,1,0,0.330402911,0.26593405,0,0,15.9031467,12,8.30937672,8.27440166,0,13.3095493,14.4537563,1.11515248,0,,,,50
55161213,0.5,0.551282048,1,0,0.346520126,0.282051265,0,0,15.907692,12,8.31841755,8.27440166,0,13.3166971,12.4556303,1.86969328,0,,,,50
55162339,0.5,0.55384618,1,0,0.290109873,0.23369962,0,0,15.907692,12,8.34855747,8.29340363,0,13.3166971,12.4556303,1.86969328,0,,,,50
55163470,0.5,0.550000012,1,0,0.26593405,0.217582405,0,0,15.9122372,12,8.37266827,8.31029415,0,13.3166971,15.0602608,1.22105694,0,,,,50
55164597,0.5,0.551020384,1,0,0.217582405,0.177289367,0,0,15.9167824,12,8.39075184,8.32296276,0,13.3238449,15.0602608,1.22105694,0,,,,50
55165732,0.5,0.574468076,1,0,0.217582405,0.161172152,0,0,15.9213276,12,8.39979362,8.33563042,0,13.3238449,12.1060228,2.16393971,0,,,,50
55166859,0.5,0.551020384,1,0,0.217582405,0.177289367,0,0,15.9213276,12,8.3937664,8.32296276,0,13.3166971,12.1060228,2.16393971,0,,,,50
55167989,0.5,0.591836751,1,0,0.23369962,0.161172152,0,0,15.9167824,12,8.39678001,8.3250742,0,13.3166971,15.2746325,1.39981627,0,,,,50
55169116,0.5,0.571428597,1,0,0.257875443,0.193406582,0,0,15.9122372,12,8.38171005,8.31240559,0,13.3238449,15.2746325,1.39981627,0,,,,50
55170246,0.5,0.563636363,1,0,0.249816835,0.193406582,0,0,15.9122372,11.9875851,8.38472462,8.31029415,0,13.3238449,11.9875851,2.39981627,0,,,,50
55171373,0.5,0.540000021,1,0,0.217582405,0.185347974,0,0,15.9122372,11.9875851,8.37869644,8.31451702,0,13.3166971,11.9875851,2.39981627,0,,,,50
55172503,0.5,0.566037714,1,0,0.241758227,0.185347974,0,0,15.9167824,12,8.41184998,8.3250742,0,13.3238449,15.3138189,1.61458218,0,,,,50
55173635,0.5,0.541666687,1,0,0.209523797,0.177289367,0,0,15.9167824,12,8.39678001,8.32929707,0,13.3238449,15.3138189,1.61458218,0,,,,50
55174765,0.5,0.555555582,1,0,0.201465189,0.161172152,0,0,15.9213276,12,8.41184998,8.34407616,0,13.3238449,12.0106373,2.60885143,0,,,,50
55175891,0.5,0.560000002,1,0,0.225641012,0.177289367,0,0,15.9258718,12,8.40883541,8.33351898,0,13.3238449,12.0106373,2.60885143,0,,,,50
55177022,0.5,0.590909064,1,0,0.209523797,0.145054936,0,0,15.9213276,12,8.3937664,8.3314085,0,13.3166971,15.3081417,1.82667565,0,,,,50
55178148,0.5,0.555555582,1,0,0.201465189,0.161172152,0,0,15.9213276,12,8.40883541,8.33351898,0,13.3238449,15.3081417,1.82667565,0,,,,50
55179279,0.5,0.541666687,1,0,0.209523797,0.177289367,0,0,15.9213276,12,8.39075184,8.32718563,0,13.3166971,12.0215139,2.81508541,0,,,,50
55180405,0.5,0.5625,1,0,0.217582405,0.169230759,0,0,15.9167824,12,8.39678001,8.32718563,0,13.3166971,12.0215139,2.81508541,0,,,,50
55181745,0.5,0.541666687,1,0,0.209523797,0.177289367,0,0,15.9167824,12,8.39678001,8.32296276,0,13.3166971,15.3091707,2.03235531,0,,,,50
55182871,0.5,0.555555582,1,0,0.201465189,0.161172152,0,0,15.9213276,12,8.39678001,8.33351898,0,13.3024006,15.3091707,2.03235531,0,,,,50
55184002,0.5,0.588235319,1,0,0.241758227,0.169230759,0,0,15.9213276,12,8.42993259,8.3314085,0,13.3238449,12.0282478,3.01713753,0,,,,50
55185128,0.5,0.574468076,1,0,0.217582405,0.161172152,0,0,15.9213276,12,8.42390537,8.34407616,0,13.3238449,12.0282478,3.01713753,0,,,,50
55186259,0.5,0.543478251,1,0,0.201465189,0.169230759,0,0,15.9213276,12,8.43294716,8.3314085,0,13.3238449,15.3124313,2.23265076,0,,,,50
55187385,0.5,0.555555582,1,0,0.201465189,0.161172152,0,0,15.9258718,12,8.43897438,8.34829903,0,13.3238449,15.3124313,2.23265076,0,,,,50
55188520,0.5,0.513513505,1,0,0.153113544,0.145054936,0,0,15.9213276,12,8.40280819,8.33985329,0,13.3238449,12.0334511,3.21462965,0,,,,50
55189647,0.5,0.547619045,1,0,0.185347974,0.153113544,0,0,15.9213276,12,8.39979362,8.34407616,0,13.3166971,12.0334511,3.21462965,0,,,,50
55190777,0.5,0.51219511,1,0,0.169230759,0.161172152,0,0,15.9213276,12,8.44198895,8.33985329,0,13.3166971,15.3163834,2.4280138,0,,,,50
55191903,0.5,0.577777803,1,0,0.209523797,0.153113544,0,0,15.9213276,12,8.40280819,8.33774185,0,13.3238449,15.3163834,2.4280138,0,,,,50
55193034,0.5,0.590909064,1,0,0.209523797,0.145054936,0,0,15.9213276,12,8.41486359,8.33774185,0,13.3166971,12.0380373,3.40752196,0,,,,50
55194160,0.5,0.543478251,1,0,0.201465189,0.169230759,0,0,15.9258718,12,8.40280819,8.34407616,0,13.3166971,12.0380373,3.40752196,0,,,,50
55195291,0.5,0.547619045,1,0,0.185347974,0.153113544,0,0,15.9213276,12,8.40280819,8.33774185,0,13.3238449,15.3204937,2.61869168,0,,,,50
55196422,0.5,0.581395328,1,0,0.201465189,0.145054936,0,0,15.9258718,12,8.37568283,8.34196472,0,13.3238449,15.3204937,2.61869168,0,,,,50
55197553,0.5,0.595744669,1,0,0.225641012,0.153113544,0,0,15.9213276,12,8.40883541,8.33563042,0,13.3238449,12.0423288,3.59588814,0,,,,50
55198679,0.5,0.523809552,1,0,0.177289367,0.161172152,0,0,15.9213276,12,8.42993259,8.33351898,0,13.3238449,12.0423288,3.59588814,0,,,,50
55199810,0.5,0.51111114,1,0,0.185347974,0.177289367,0,0,15.9213276,12,8.4058218,8.33563042,0,13.3238449,15.3245792,2.80485702,0,,,,50
55200936,0.5,0.5625,1,0,0.217582405,0.169230759,0,0,15.9213276,12,8.38171005,8.33774185,0,13.3238449,15.3245792,2.80485702,0,,,,50
55202271,0.5,0.545454562,1,0,0.193406582,0.161172152,0,0,15.9213276,12,8.4178772,8.33985329,0,13.3166971,12.0464382,3.77983975,0,,,,50
55203398,0.5,0.583333313,1,0,0.225641012,0.161172152,0,0,15.9213276,12,8.4058218,8.34407616,0,13.3238449,12.0464382,3.77983975,0,,,,50
55204533,0.5,0.541666687,1,0,0.209523797,0.177289367,0,0,15.9213276,12,8.41184998,8.33351898,0,13.3238449,15.328578,2.98665452,0,,,,50
55205660,0.5,0.571428597,1,0,0.225641012,0.169230759,0,0,15.9213276,12,8.41486359,8.3250742,0,13.3166971,15.328578,2.98665452,0,,,,50
55206790,0.5,0.571428597,1,0,0.225641012,0.169230759,0,0,15.9213276,12,8.42993259,8.32929707,0,13.3166971,12.0504074,3.95949888,0,,,,50
55207917,0.5,0.560000002,1,0,0.225641012,0.177289367,0,0,15.9213276,12,8.4058218,8.3250742,0,13.3166971,12.0504074,3.95949888,0,,,,50
55209047,0.5,0.557692289,1,0,0.23369962,0.185347974,0,0,15.9167824,12,8.39979362,8.32929707,0,13.3095493,15.3324709,3.16421628,0,,,,50
55210174,0.5,0.53061223,1,0,0.209523797,0.185347974,0,0,15.9167824,12,8.3937664,8.3314085,0,13.3166971,15.3324709,3.16421628,0,,,,50
55211309,0.5,0.529411793,1,0,0.217582405,0.193406582,0,0,15.9122372,12,8.38472462,8.3250742,0,13.3166971,12.0542536,4.13498831,0,,,,50
55212436,0.5,0.537037015,1,0,0.23369962,0.201465189,0,0,15.9122372,12,8.37869644,8.32085133,0,13.3238449,12.0542536,4.13498831,0,,,,50
55213566,0.5,0.581818163,1,0,0.257875443,0.185347974,0,0,15.9122372,12,8.36362648,8.31873989,0,13.3166971,15.3362541,3.3376677,0,,,,50
55214692,0.5,0.561403513,1,0,0.257875443,0.201465189,0,0,15.9122372,12,8.39075184,8.31662846,0,13.3166971,15.3362541,3.3376677,0,,,,50
55215823,0.5,0.555555582,1,0,0.241758227,0.193406582,0,0,15.9213276,12,8.37869644,8.31873989,0,13.3238449,12.0579853,4.30642939,0,,,,50
55216949,0.5,0.592592597,1,0,0.257875443,0.177289367,0,0,15.9167824,12,8.38773823,8.31873989,0,13.3238449,12.0579853,4.30642939,0,,,,50
55218080,0.5,0.566037714,1,0,0.241758227,0.185347974,0,0,15.9122372,12,8.37869644,8.32296276,0,13.2952528,15.3399286,3.50712943,0,,,,50
55219211,0.5,0.537037015,1,0,0.23369962,0.201465189,0,0,15.9122372,12,8.38472462,8.32718563,0,13.3166971,15.3399286,3.50712943,0,,,,50
55220342,0.5,0.551020384,1,0,0.217582405,0.177289367,0,0,15.9167824,12,8.38773823,8.32718563,0,13.3166971,12.0616064,4.47394037,0,,,,50
55221468,0.5,0.540000021,1,0,0.217582405,0.185347974,0,0,15.9122372,12,8.38171005,8.32718563,0,13.3166971,12.0616064,4.47394037,0,,,,50
55222803,0.5,0.557692289,1,0,0.23369962,0.185347974,0,0,15.9122372,12,8.38171005,8.32296276,0,13.3024006,15.3434954,3.67271876,0,,,,50
55223930,0.5,0.588235319,1,0,0.241758227,0.169230759,0,0,15.9213276,12,8.41184998,8.33563042,0,13.3166971,15.3434954,3.67271876,0,,,,50
55225060,0.5,0.538461566,1,0,0.225641012,0.193406582,0,0,15.9167824,12,8.40883541,8.3250742,0,13.3024006,12.0651217,4.63763571,0,,,,50
55226186,0.5,0.557692289,1,0,0.23369962,0.185347974,0,0,15.9213276,12,8.42089176,8.32296276,0,13.3238449,12.0651217,4.63763571,0,,,,50
55227322,0.5,0.560000002,1,0,0.225641012,0.177289367,0,0,15.9167824,12,8.37869644,8.32718563,0,13.2952528,15.3469582,3.83454871,0,,,,50
55228449,0.5,0.563636363,1,0,0.249816835,0.193406582,0,0,15.9167824,12,8.38171005,8.32718563,0,13.3166971,15.3469582,3.83454871,0,,,,50
55229580,0.5,0.528301895,1,0,0.225641012,0.201465189,0,0,15.9167824,12,8.39979362,8.3314085,0,13.3166971,12.0685349,4.79762745,0,,,,50
55230706,0.5,0.553571403,1,0,0.249816835,0.201465189,0,0,15.9122372,12,8.38472462,8.32085133,0,13.3238449,12.0685349,4.79762745,0,,,,50
55231836,0.5,0.547169805,1,0,0.23369962,0.193406582,0,0,15.9122372,12,8.38171005,8.3250742,0,13.3238449,15.3503199,3.99272943,0,,,,50
55232963,0.5,0.568627477,1,0,0.23369962,0.177289367,0,0,15.9122372,12,8.37869644,8.32296276,0,13.3238449,15.3503199,3.99272943,0,,,,50
55234093,0.5,0.557692289,1,0,0.23369962,0.185347974,0,0,15.9167824,12,8.39678001,8.32085133,0,13.3166971,12.071847,4.95402384,0,,,,50
55235225,0.5,0.557692289,1,0,0.23369962,0.185347974,0,0,15.9213276,12,8.37568283,8.31662846,0,13.3166971,12.071847,4.95402384,0,,,,50
55236355,0.5,0.563636363,1,0,0.249816835,0.193406582,0,0,15.9167824,12,8.38472462,8.32085133,0,13.3166971,15.3535833,4.14736748,0,,,,50
55237482,0.5,0.547169805,1,0,0.23369962,0.193406582,0,0,15.9122372,12,8.38472462,8.31873989,0,13.3166971,15.3535833,4.14736748,0,,,,50
55238613,0.5,0.561403513,1,0,0.257875443,0.201465189,0,0,15.9122372,12,8.37869644,8.31662846,0,13.3166971,12.0750628,5.10692978,0,,,,50
55239739,0.5,0.553571403,1,0,0.249816835,0.201465189,0,0,15.9122372,12,8.37266827,8.31873989,0,13.3166971,12.0750628,5.10692978,0,,,,50
55240869,0.5,0.518518507,1,0,0.225641012,0.209523797,0,0,15.9122372,12,8.37266827,8.31873989,0,13.2952528,15.3567505,4.29856682,0,,,,50
55242001,0.5,0.555555582,1,0,0.241758227,0.193406582,0,0,15.9122372,12,8.38773823,8.32718563,0,13.3166971,15.3567505,4.29856682,0,,,,50
55243131,0.5,0.555555582,1,0,0.241758227,0.193406582,0,0,15.9167824,12,8.38472462,8.32296276,0,13.3238449,12.0781841,5.25644732,0,,,,50
55244462,0.5,0.578947365,1,0,0.26593405,0.193406582,0,0,15.9167824,12,8.38171005,8.31873989,0,13.3166971,12.0781841,5.25644732,0,,,,50
55245592,0.5,0.535714269,1,0,0.241758227,0.209523797,0,0,15.9122372,12,8.36362648,8.31240559,0,13.3166971,15.3598261,4.44642782,0,,,,50
55246719,0.5,0.542372882,1,0,0.257875443,0.217582405,0,0,15.9122372,12,8.36061287,8.31029415,0,13.3024006,15.3598261,4.44642782,0,,,,50
55247849,0.5,0.542372882,1,0,0.257875443,0.217582405,0,0,15.9167824,12,8.35458469,8.31029415,0,13.3166971,12.081214,5.40267563,0,,,,50
55248976,0.5,0.559322059,1,0,0.26593405,0.209523797,0,0,15.9122372,12,8.37568283,8.31240559,0,13.3166971,12.081214,5.40267563,0,,,,50
55250111,0.5,0.533333361,1,0,0.257875443,0.225641012,0,0,15.907692,12,8.36362648,8.30818272,0,13.3166971,15.3628111,4.59104776,0,,,,50
55251238,0.5,0.542372882,1,0,0.257875443,0.217582405,0,0,15.9031467,12,8.36061287,8.31029415,0,13.2952528,15.3628111,4.59104776,0,,,,50
55252368,0.5,0.566666663,1,0,0.273992658,0.209523797,0,0,15.907692,12,8.35759926,8.29973793,0,13.3166971,12.084156,5.54571104,0,,,,50
55253494,0.5,0.559322059,1,0,0.26593405,0.209523797,0,0,15.907692,12,8.36965466,8.3039608,0,13.3166971,12.084156,5.54571104,0,,,,50
55254625,0.5,0.568965495,1,0,0.26593405,0.201465189,0,0,15.9122372,12,8.37568283,8.30607224,0,13.3166971,15.3657093,4.73252201,0,,,,50
55255752,0.5,0.525423706,1,0,0.249816835,0.225641012,0,0,15.9122372,12,8.35759926,8.31662846,0,13.3166971,15.3657093,4.73252201,0,,,,50
55256882,0.5,0.561403513,1,0,0.257875443,0.201465189,0,0,15.907692,12,8.38773823,8.31029415,0,13.3166971,12.0870123,5.68564653,0,,,,50
55258013,0.5,0.55737704,1,0,0.273992658,0.217582405,0,0,15.907692,12,8.35759926,8.31662846,0,13.3166971,12.0870123,5.68564653,0,,,,50
55259144,0.5,0.524590135,1,0,0.257875443,0.23369962,0,0,15.9122372,12,8.3937664,8.30607224,0,13.3166971,15.3685226,4.87094212,0,,,,50
55260270,0.5,0.55384618,1,0,0.290109873,0.23369962,0,0,15.907692,12,8.36965466,8.31240559,0,13.3166971,15.3685226,4.87094212,0,,,,50
55261401,0.5,0.55737704,1,0,0.273992658,0.217582405,0,0,15.907692,12,8.33348751,8.31451702,0,13.3166971,12.0897846,5.82257318,0,,,,50
55262527,0.5,0.564516127,1,0,0.282051265,0.217582405,0,0,15.907692,12,8.36061287,8.30184937,0,13.3166971,12.0897846,5.82257318,0,,,,50
55263658,0.5,0.540983617,1,0,0.26593405,0.225641012,0,0,15.907692,12,8.33951569,8.31029415,0,13.3166971,15.371254,5.00639772,0,,,,50
55264988,0.5,0.571428597,1,0,0.290109873,0.217582405,0,0,15.9122372,12,8.35458469,8.30818272,0,13.3166971,15.371254,5.00639772,0,,,,50
55266123,0.5,0.571428597,1,0,0.290109873,0.217582405,0,0,15.9122372,12,8.36061287,8.31029415,0,13.3166971,12.0924749,5.95657873,0,,,,50
55267250,0.5,0.573770463,1,0,0.282051265,0.209523797,0,0,15.907692,12,8.36664104,8.31240559,0,13.3024006,12.0924749,5.95657873,0,,,,50
55268380,0.5,0.566666663,1,0,0.273992658,0.209523797,0,0,15.9122372,12,8.37568283,8.31662846,0,13.3166971,15.3739052,5.13897467,0,,,,50
55269507,0.5,0.551724136,1,0,0.257875443,0.209523797,0,0,15.907692,12,8.36362648,8.31662846,0,13.3166971,15.3739052,5.13897467,0,,,,50
55270637,0.5,0.551724136,1,0,0.257875443,0.209523797,0,0,15.907692,12,8.34554291,8.31029415,0,13.3095493,12.095088,6.08774853,0,,,,50
55271764,0.5,0.55737704,1,0,0.273992658,0.217582405,0,0,15.9122372,12,8.35157108,8.3039608,0,13.3166971,12.095088,6.08774853,0,,,,50
55272899,0.5,0.555555582,1,0,0.282051265,0.225641012,0,0,15.907692,12,8.3304739,8.30818272,0,13.3166971,15.3764791,5.26875782,0,,,,50
55274025,0.5,0.566666663,1,0,0.273992658,0.209523797,0,0,15.907692,12,8.37266827,8.30607224,0,13.3095493,15.3764791,5.26875782,0,,,,50
55275156,0.5,0.54838711,1,0,0.273992658,0.225641012,0,0,15.9122372,12,8.37266827,8.31662846,0,13.3166971,12.0976248,6.21616554,0,,,,50
55276282,0.5,0.546875,1,0,0.282051265,0.23369962,0,0,15.9122372,12,8.33650112,8.31662846,0,13.3166971,12.0976248,6.21616554,0,,,,50
55277413,0.5,0.54838711,1,0,0.273992658,0.225641012,0,0,15.907692,12,8.32745934,8.31451702,0,13.3166971,15.3789778,5.39582872,0,,,,50
55278539,0.5,0.550000012,1,0,0.26593405,0.217582405,0,0,15.9122372,12,8.34554291,8.31029415,0,13.3166971,15.3789778,5.39582872,0,,,,50
55279670,0.5,0.55737704,1,0,0.273992658,0.217582405,0,0,15.907692,12,8.35458469,8.31240559,0,13.3024006,12.1000862,6.34190989,0,,,,50
55280801,0.5,0.551724136,1,0,0.257875443,0.209523797,0,0,15.907692,12,8.34554291,8.31662846,0,13.3166971,12.1000862,6.34190989,0,,,,50
55281932,0.5,0.539682567,1,0,0.273992658,0.23369962,0,0,15.9122372,12,8.3304739,8.31873989,0,13.3166971,15.381403,5.52026653,0,,,,50
55283058,0.5,0.550000012,1,0,0.26593405,0.217582405,0,0,15.9122372,12,8.38171005,8.31662846,0,13.3024006,15.381403,5.52026653,0,,,,50
55284189,0.5,0.576271176,1,0,0.273992658,0.201465189,0,0,15.9122372,12,8.35759926,8.31451702,0,13.3024006,12.1024771,6.46505976,0,,,,50
55285316,0.5,0.555555582,1,0,0.282051265,0.225641012,0,0,15.907692,12,8.37568283,8.31451702,0,13.3166971,12.1024771,6.46505976,0,,,,50
55286650,0.5,0.54838711,1,0,0.273992658,0.225641012,0,0,15.907692,12,8.35157108,8.30607224,0,13.3095493,15.3837576,5.64214802,0,,,,50
55287777,0.5,0.539682567,1,0,0.273992658,0.23369962,0,0,15.9122372,12,8.36061287,8.30818272,0,13.3166971,15.3837576,5.64214802,0,,,,50
55288912,0.5,0.569230795,1,0,0.29816848,0.225641012,0,0,15.9031467,12,8.34855747,8.3039608,0,13.3166971,12.1047974,6.58569098,0,,,,50
55290039,0.5,0.546875,1,0,0.282051265,0.23369962,0,0,15.907692,12,8.36362648,8.30607224,0,13.3024006,12.1047974,6.58569098,0,,,,50
55291169,0.5,0.545454562,1,0,0.290109873,0.241758227,0,0,15.907692,12,8.33951569,8.2976265,0,13.3095493,15.3860435,5.76154757,0,,,,50
55292296,0.5,0.552238822,1,0,0.29816848,0.241758227,0,0,15.9031467,12,8.34554291,8.3039608,0,13.3166971,15.3860435,5.76154757,0,,,,50
55293426,0.5,0.545454562,1,0,0.290109873,0.241758227,0,0,15.907692,12,8.3425293,8.2976265,0,13.3166971,12.1070499,6.70387697,0,,,,50
55294553,0.5,0.575757563,1,0,0.306227088,0.225641012,0,0,15.9031467,12,8.33951569,8.29973793,0,13.3166971,12.1070499,6.70387697,0,,,,50
55295683,0.5,0.54411763,1,0,0.29816848,0.249816835,0,0,15.907692,12,8.35157108,8.30818272,0,13.3166971,15.3882627,5.87853813,0,,,,50
55296815,0.5,0.537313461,1,0,0.290109873,0.249816835,0,0,15.907692,12,8.34855747,8.3039608,0,13.3238449,15.3882627,5.87853813,0,,,,50
55297945,0.5,0.545454562,1,0,0.290109873,0.241758227,0,0,15.907692,12,8.3425293,8.30184937,0,13.3166971,12.1092367,6.81968975,0,,,,50
55299071,0.5,0.55384618,1,0,0.290109873,0.23369962,0,0,15.907692,12,8.35458469,8.29973793,0,13.2952528,12.1092367,6.81968975,0,,,,50
55300202,0.5,0.54411763,1,0,0.29816848,0.249816835,0,0,15.907692,12,8.33951569,8.2976265,0,13.3166971,15.3904171,5.99319029,0,,,,50
55301328,0.5,0.538461566,1,0,0.282051265,0.241758227,0,0,15.8986015,12,8.3425293,8.29551506,0,13.3024006,15.3904171,5.99319029,0,,,,50
55302459,0.5,0.54411763,1,0,0.29816848,0.249816835,0,0,15.907692,12,8.33951569,8.29551506,0,13.3166971,12.1113605,6.9331975,0,,,,50
55303590,0.5,0.537313461,1,0,0.290109873,0.249816835,0,0,15.907692,12,8.33348751,8.29973793,0,13.3166971,12.1113605,6.9331975,0,,,,50
55304721,0.5,0.550724626,1,0,0.306227088,0.249816835,0,0,15.907692,12,8.3425293,8.29973793,0,13.3095493,15.3925085,6.10557127,0,,,,50
55305847,0.5,0.550724626,1,0,0.306227088,0.249816835,0,0,15.9031467,12,8.33951569,8.2976265,0,13.3166971,15.3925085,6.10557127,0,,,,50
55307182,0.5,0.557142854,1,0,0.314285696,0.249816835,0,0,15.9031467,12,8.3425293,8.2976265,0,13.3095493,12.1134214,7.0444684,0,,,,50
55308309,0.5,0.550724626,1,0,0.306227088,0.249816835,0,0,15.9031467,12,8.32444572,8.29129219,0,13.3166971,12.1134214,7.0444684,0,,,,50
55309439,0.5,0.560606062,1,0,0.29816848,0.23369962,0,0,15.9031467,12,8.33951569,8.29551506,0,13.3095493,15.3945389,6.21574831,0,,,,50
55310565,0.5,0.549295783,1,0,0.314285696,0.257875443,0,0,15.9031467,12,8.31540394,8.2976265,0,13.3166971,15.3945389,6.21574831,0,,,,50
55311700,0.5,0.541666687,1,0,0.314285696,0.26593405,0,0,15.9031467,12,8.3425293,8.29129219,0,13.3095493,12.1154222,7.15356731,0,,,,50
55312827,0.5,0.557142854,1,0,0.314285696,0.249816835,0,0,15.9031467,12,8.32143211,8.29551506,0,13.3024006,12.1154222,7.15356731,0,,,,50
55313957,0.5,0.550724626,1,0,0.306227088,0.249816835,0,0,15.9031467,12,8.33348751,8.2976265,0,13.3166971,15.3965101,6.32378531,0,,,,50
55315084,0.5,0.549295783,1,0,0.314285696,0.257875443,0,0,15.8986015,12,8.31841755,8.29973793,0,13.3095493,15.3965101,6.32378531,0,,,,50
55316214,0.5,0.536231875,1,0,0.29816848,0.257875443,0,0,15.8986015,12,8.3425293,8.29129219,0,13.3095493,12.1173649,7.26055813,0,,,,50
55317341,0.5,0.535211265,1,0,0.306227088,0.26593405,0,0,15.9031467,12,8.32745934,8.28918076,0,13.3095493,12.1173649,7.26055813,0,,,,50
55318471,0.5,0.533333361,1,0,0.322344303,0.282051265,0,0,15.9031467,12,8.3304739,8.29340363,0,13.3095493,15.3984241,6.42974472,0,,,,50
55319603,0.5,0.534246564,1,0,0.314285696,0.273992658,0,0,15.9031467,12,8.30636215,8.28706932,0,13.3095493,15.3984241,6.42974472,0,,,,50
55320733,0.5,0.558823526,1,0,0.306227088,0.241758227,0,0,15.9031467,12,8.32143211,8.29340363,0,13.3166971,12.1192513,7.3655014,0,,,,50
55321859,0.5,0.54411763,1,0,0.29816848,0.249816835,0,0,15.9031467,12,8.34554291,8.2976265,0,13.3166971,12.1192513,7.3655014,0,,,,50
55322990,0.5,0.550724626,1,0,0.306227088,0.249816835,0,0,15.9031467,12,8.3425293,8.29340363,0,13.3095493,15.4002819,6.53368759,0,,,,50
55324117,0.5,0.541666687,1,0,0.314285696,0.26593405,0,0,15.9031467,12,8.3425293,8.29973793,0,13.3166971,15.4002819,6.53368759,0,,,,50
55325247,0.5,0.555555582,1,0,0.322344303,0.257875443,0,0,15.8986015,12,8.32745934,8.29340363,0,13.3166971,12.1210823,7.4684577,0,,,,50
55326373,0.5,0.549295783,1,0,0.314285696,0.257875443,0,0,15.9031467,12,8.31540394,8.29551506,0,13.3095493,12.1210823,7.4684577,0,,,,50
55327509,0.5,0.555555582,1,0,0.322344303,0.257875443,0,0,15.9031467,12,8.3425293,8.29129219,0,13.3166971,15.4020863,6.63567162,0,,,,50
55328839,0.5,0.557142854,1,0,0.314285696,0.249816835,0,0,15.9031467,12,8.32745934,8.29973793,0,13.3166971,15.4020863,6.63567162,0,,,,50
55329969,0.5,0.560606062,1,0,0.29816848,0.23369962,0,0,15.9031467,12,8.32444572,8.2976265,0,13.3166971,12.12286,7.56948423,0,,,,50
55331096,0.5,0.557142854,1,0,0.314285696,0.249816835,0,0,15.907692,12,8.32444572,8.29973793,0,13.3166971,12.12286,7.56948423,0,,,,50
55332226,0.5,0.555555582,1,0,0.322344303,0.257875443,0,0,15.907692,12,8.33348751,8.29129219,0,13.3095493,15.4038372,6.73575497,0,,,,50
55333353,0.5,0.561643839,1,0,0.330402911,0.257875443,0,0,15.9031467,12,8.33650112,8.28706932,0,13.3095493,15.4038372,6.73575497,0,,,,50
55334490,0.5,0.547945201,1,0.685890138,0.322344303,0.26593405,0,0,15.9031467,10.8514109,8.31540394,8.28073597,0,13.3166971,10.8514109,7.04986477,0,,,,50
55335616,0.5,0.555555582,1,0.685890138,0.322344303,0.257875443,0,0,15.9031467,10.8514109,8.33650112,8.28706932,0,13.3166971,10.8514109,7.04986477,0,,,,50
55336747,0.5,0.546875,1,0.685890138,0.282051265,0.23369962,0,0,15.907692,10.5621443,8.34554291,8.3039608,0,13.3166971,10.5621443,7.36397505,0,,,,50
55337873,0.5,0.542372882,1,0.685890138,0.257875443,0.217582405,0,0,15.907692,10.5621443,8.39979362,8.31662846,0,13.3166971,10.5621443,7.36397505,0,,,,50
55339004,0.5,0.551724136,1,0.685890138,0.257875443,0.209523797,0,0,15.907692,12,8.36362648,8.31662846,0,13.3166971,12.0404787,7.65627766,0,,,,50
55340131,0.5,0.539682567,1,0.685890138,0.273992658,0.23369962,0,0,15.9122372,12,8.39075184,8.31451702,0,13.3166971,12.0404787,7.65627766,0,,,,50
55341261,0.5,0.550724626,1,0.685890138,0.306227088,0.249816835,0,0,15.9031467,12,8.3425293,8.29129219,0,13.3095493,14.3308859,6.71468306,0,,,,50
55342393,0.5,0.550724626,1,0.685890138,0.306227088,0.249816835,0,0,15.907692,12,8.33650112,8.29129219,0,13.3095493,14.3308859,6.71468306,0,,,,50
55343524,0.5,0.54411763,1,0.685890138,0.29816848,0.249816835,0,0,15.907692,9.84499931,8.33650112,8.2976265,0,13.3166971,9.84499931,7.02879286,0,,,,50
55344650,0.5,0.547945201,1,0.685890138,0.322344303,0.26593405,0,0,15.9031467,9.84499931,8.32143211,8.29129219,0,13.3024006,9.84499931,7.02879286,0,,,,50
55345780,0.5,0.539682567,1,0.685890138,0.273992658,0.23369962,0,0,15.9122372,8.92544174,8.38171005,8.31451702,0,13.3095493,8.92544174,7.34290266,0,,,,50
55346907,0.5,0.543859661,1,0.685890138,0.249816835,0.209523797,0,0,15.907692,8.92544174,8.36061287,8.31873989,0,13.3166971,8.92544174,7.34290266,0,,,,50
55348038,0.5,0.537037015,1,0.685890138,0.23369962,0.201465189,0,0,15.9167824,10.1404495,8.39075184,8.3250742,0,13.3095493,10.1404495,7.65701246,0,,,,50
55349369,0.5,0.568627477,1,0.685890138,0.23369962,0.177289367,0,0,15.9167824,10.1404495,8.3937664,8.33563042,0,13.3095493,10.1404495,7.65701246,0,,,,50
55350504,0.5,0.549019635,1,0.685890138,0.225641012,0.185347974,0,0,15.9122372,12,8.37869644,8.32718563,0,13.3238449,12.5203886,7.69077635,0,,,,50
55351631,0.5,0.555555582,1,0.685890138,0.241758227,0.193406582,0,0,15.9213276,12,8.38171005,8.3250742,0,13.3166971,12.5203886,7.69077635,0,,,,50
55352761,0.5,0.555555582,1,0.685890138,0.282051265,0.225641012,0,0,15.9031467,12,8.34554291,8.2976265,0,13.3166971,13.8252602,7.0215745,0,,,,50
55353887,0.5,0.541666687,1,0.685890138,0.314285696,0.26593405,0,0,15.9031467,12,8.32143211,8.28918076,0,13.3166971,13.8252602,7.0215745,0,,,,50
55355018,0.5,0.546666682,1,0.685890138,0.330402911,0.273992658,0,0,15.8986015,10.3760672,8.30334854,8.28706932,0,13.3095493,10.3760672,7.3356843,0,,,,50
55356144,0.5,0.512499988,1,0.685890138,0.330402911,0.314285696,0,0,15.8986015,10.3760672,8.30033493,8.2765131,0,13.3095493,10.3760672,7.3356843,0,,,,50
55357279,0.5,0.557142854,1,0.685890138,0.314285696,0.249816835,0,0,15.907692,10.0379534,8.32143211,8.29340363,0,13.3166971,10.0379534,7.6497941,0,,,,50
55358406,0.5,0.54411763,1,0.685890138,0.29816848,0.249816835,0,0,15.9122372,10.0379534,8.36061287,8.30818272,0,13.3166971,10.0379534,7.6497941,0,,,,50
55359537,0.5,0.54838711,1,0.685890138,0.273992658,0.225641012,0,0,15.907692,11.5328455,8.36362648,8.30607224,0,13.3166971,11.5328455,7.9639039,0,,,,50
55360663,0.5,0.555555582,1,0.782318175,0.282051265,0.225641012,0,0,15.9122372,11.5328455,8.35458469,8.31451702,0,13.3166971,11.5328455,7.9639039,0,,,,50
55361793,0.5,0.5625,1,0.782318175,0.290109873,0.225641012,0,0,15.907692,12,8.33650112,8.2976265,0,13.3166971,13.8240767,7.19891214,0,,,,50
55362920,0.5,0.565217376,1,0.782318175,0.314285696,0.241758227,0,0,15.907692,12,8.33348751,8.29129219,0,13.3166971,13.8240767,7.19891214,0,,,,50
55364050,0.5,0.541666687,1,0.782318175,0.314285696,0.26593405,0,0,15.8986015,10.4953871,8.31540394,8.28073597,0,13.3024006,10.4953871,7.41659355,0,,,,50
55365182,0.5,0.539473712,1,0.782318175,0.330402911,0.282051265,0,0,15.8986015,10.4953871,8.32143211,8.28284645,0,13.3095493,10.4953871,7.41659355,0,,,,50
55366312,0.5,0.539473712,1,0.790298641,0.330402911,0.282051265,0,0,15.9031467,9.64401054,8.3304739,8.28706932,0,13.3095493,9.64401054,7.62629509,0,,,,50
55367439,0.5,0.550724626,1,0.790298641,0.306227088,0.249816835,0,0,15.907692,9.64401054,8.33650112,8.29973793,0,13.3166971,9.64401054,7.62629509,0,,,,50
55368570,0.5,0.550000012,1,0.790298641,0.26593405,0.217582405,0,0,15.9122372,10.2656021,8.35759926,8.31451702,0,13.3166971,10.2656021,7.83599663,0,,,,50
55369900,0.5,0.578947365,1,0.790298641,0.26593405,0.193406582,0,0,15.9122372,10.2656021,8.38171005,8.31873989,0,13.3166971,10.2656021,7.83599663,0,,,,50
55371031,0.5,0.566666663,1,0.808720469,0.273992658,0.209523797,0,0,15.9167824,11.6602345,8.36965466,8.31662846,0,13.3095493,11.6602345,8.02727604,0,,,,50
55372157,0.5,0.551724136,1,0.808720469,0.257875443,0.209523797,0,0,15.9122372,11.6602345,8.38773823,8.31451702,0,13.3166971,11.6602345,8.02727604,0,,,,50
55373292,0.5,0.55384618,1,0.808720469,0.290109873,0.23369962,0,0,15.9122372,12,8.35759926,8.29973793,0,13.3095493,13.3717661,7.47955179,0,,,,50
55374419,0.5,0.558823526,1,0.808720469,0.306227088,0.241758227,0,0,15.9031467,12,8.33650112,8.29551506,0,13.3095493,13.3717661,7.47955179,0,,,,50
55375549,0.5,0.540540516,1,0.816917002,0.322344303,0.273992658,0,0,15.8986015,10.8718767,8.31239033,8.28073597,0,13.3095493,10.8718767,7.66263485,0,,,,50
55376676,0.5,0.519480526,1,0.816917002,0.322344303,0.29816848,0,0,15.8986015,10.8718767,8.33348751,8.2765131,0,13.3024006,10.8718767,7.66263485,0,,,,50
55377807,0.5,0.545454562,1,0.816917002,0.338461518,0.282051265,0,0,15.8986015,10.3087864,8.30334854,8.2765131,0,13.288105,10.3087864,7.84571791,0,,,,50
55378933,0.5,0.546666682,1,0.816917002,0.330402911,0.273992658,0,0,15.9031467,10.3087864,8.33348751,8.28495789,0,13.3024006,10.3087864,7.84571791,0,,,,50
55380064,0.5,0.550724626,1,0.84297967,0.306227088,0.249816835,0,0,15.907692,10.8521109,8.34554291,8.2976265,0,13.3024006,10.8521109,8.002738,0,,,,50
55381195,0.5,0.5625,1,0.84297967,0.290109873,0.225641012,0,0,15.9122372,10.8521109,8.33650112,8.3039608,0,13.3166971,10.8521109,8.002738,0,,,,50
55382327,0.5,0.550724626,1,0.84297967,0.306227088,0.249816835,0,0,15.9031467,11.9277096,8.35458469,8.29551506,0,13.3024006,11.9277096,8.15975857,0,,,,50
55383453,0.5,0.552238822,1,0.84297967,0.29816848,0.241758227,0,0,15.9031467,11.9277096,8.33951569,8.29551506,0,13.3166971,11.9277096,8.15975857,0,,,,50
55384584,0.5,0.539473712,1,0.84297967,0.330402911,0.282051265,0,0,15.8986015,12,8.31841755,8.28284645,0,13.3095493,13.2246475,7.65703154,0,,,,50
55385710,0.5,0.524999976,1,0.84297967,0.338461518,0.306227088,0,0,15.8986015,12,8.29430676,8.28073597,0,13.3095493,13.2246475,7.65703154,0,,,,50
55386841,0.5,0.537500024,1,0.84297967,0.346520126,0.29816848,0,0,15.8986015,10.7710543,8.24909782,8.27862453,0,13.3095493,10.7710543,7.81405163,0,,,,50
55387973,0.5,0.555555582,1,0.84297967,0.362637341,0.290109873,0,0,15.8940573,10.7710543,8.26115322,8.27862453,0,13.3166971,10.7710543,7.81405163,0,,,,50
55389103,0.5,0.538461566,1,0.84297967,0.338461518,0.290109873,0,0,15.8986015,10.08636,8.30334854,8.26384449,0,13.3095493,10.08636,7.9710722,0,,,,50
55390230,0.5,0.554054081,1,0.84297967,0.330402911,0.26593405,0,0,15.9031467,10.08636,8.32143211,8.28284645,0,13.3166971,10.08636,7.9710722,0,,,,50
55391564,0.5,0.555555582,1,0.84297967,0.322344303,0.257875443,0,0,15.9031467,10.4743538,8.33650112,8.29551506,0,13.3166971,10.4743538,8.12809277,0,,,,50
55392691,0.5,0.560606062,1,0.84297967,0.29816848,0.23369962,0,0,15.9122372,10.4743538,8.35458469,8.30818272,0,13.3166971,10.4743538,8.12809277,0,,,,50
55393822,0.5,0.565217376,1,0.84297967,0.314285696,0.241758227,0,0,15.9031467,11.4610176,8.31841755,8.29129219,0,13.3095493,11.4610176,8.28511238,0,,,,50
55394948,0.5,0.558823526,1,0.84297967,0.306227088,0.241758227,0,0,15.907692,11.4610176,8.33348751,8.29551506,0,13.3095493,11.4610176,8.28511238,0,,,,50
55396084,0.5,0.540540516,1,0.84297967,0.322344303,0.273992658,0,0,15.8986015,12,8.32143211,8.29129219,0,13.288105,12.7406712,8.04311562,0,,,,50
55397210,0.5,0.547945201,1,0.84297967,0.322344303,0.26593405,0,0,15.9031467,12,8.32745934,8.28918076,0,13.3095493,12.7406712,8.04311562,0,,,,50
55398341,0.5,0.551282048,1,0.906880975,0.346520126,0.282051265,0,0,15.8986015,11.6977701,8.27923679,8.27017879,0,13.3095493,11.6977701,8.13623524,0,,,,50
55399467,0.5,0.531645596,1,0.906880975,0.338461518,0.29816848,0,0,15.8940573,11.6977701,8.28526497,8.26173306,0,13.3095493,11.6977701,8.13623524,0,,,,50
55400598,0.5,0.567901254,1,0.906880975,0.370695949,0.282051265,0,0,15.8986015,11.4802856,8.30033493,8.27440166,0,13.3095493,11.4802856,8.2293539,0,,,,50
55401725,0.5,0.545454562,1,0.906880975,0.338461518,0.282051265,0,0,15.8986015,11.4802856,8.27923679,8.26384449,0,13.288105,11.4802856,8.2293539,0,,,,50
55402856,0.5,0.540540516,1,0.92410481,0.322344303,0.273992658,0,0,15.8986015,11.6577435,8.30636215,8.2765131,0,13.3095493,11.6577435,8.30524921,0,,,,50
55403987,0.5,0.545454562,1,0.92410481,0.338461518,0.282051265,0,0,15.8986015,11.6577435,8.30334854,8.28495789,0,13.3166971,11.6577435,8.30524921,0,,,,50
55405118,0.5,0.539473712,1,0.92410481,0.330402911,0.282051265,0,0,15.8986015,12,8.31239033,8.27862453,0,13.3095493,12.0033646,8.37933159,0,,,,50
55406244,0.5,0.545454562,1,0.92410481,0.338461518,0.282051265,0,0,15.8986015,12,8.32444572,8.2765131,0,13.3095493,12.0033646,8.37933159,0,,,,50
55407375,0.5,0.574999988,1,0.92410481,0.370695949,0.273992658,0,0,15.8986015,12,8.30937672,8.27862453,0,13.3095493,12.399642,8.23993015,0,,,,50
55408501,0.5,0.552941203,1,0.92410481,0.378754556,0.306227088,0,0,15.8986015,12,8.27622318,8.27017879,0,13.3024006,12.399642,8.23993015,0,,,,50
55409632,0.5,0.552941203,1,0.92410481,0.378754556,0.306227088,0,0,15.8940573,11.5727758,8.29732037,8.27017879,0,13.3095493,11.5727758,8.31582451,0,,,,50
55410758,0.5,0.536585391,1,0.92410481,0.354578733,0.306227088,0,0,15.8940573,11.5727758,8.31540394,8.25962162,0,13.3095493,11.5727758,8.31582451,0,,,,50
55412098,0.5,0.537500024,1,0.92410481,0.346520126,0.29816848,0,0,15.8940573,11.326355,8.29430676,8.26595592,0,13.3095493,11.326355,8.39171982,0,,,,50
55413225,0.5,0.578313231,1,0.92410481,0.386813164,0.282051265,0,0,15.9031467,11.326355,8.30033493,8.26806736,0,13.3095493,11.326355,8.39171982,0,,,,50
55414355,0.5,0.530864179,1,0.98102355,0.346520126,0.306227088,0,0,15.8986015,11.328702,8.27622318,8.27440166,0,13.3095493,11.328702,8.41069603,0,,,,50
55415482,0.5,0.530864179,1,0.98102355,0.346520126,0.306227088,0,0,15.8986015,11.328702,8.29430676,8.27440166,0,13.3095493,11.328702,8.41069603,0,,,,50
55416612,0.5,0.558441579,1,0.98102355,0.346520126,0.273992658,0,0,15.8940573,11.3084459,8.29732037,8.27440166,0,13.3095493,11.3084459,8.42967319,0,,,,50
55417739,0.5,0.555555582,1,0.98102355,0.362637341,0.290109873,0,0,15.8940573,11.3084459,8.31540394,8.27862453,0,13.3095493,11.3084459,8.42967319,0,,,,50
55418874,0.5,0.550000012,1,0.976581275,0.354578733,0.290109873,0,0,15.8986015,11.2247105,8.28827858,8.28284645,0,13.3095493,11.2247105,8.45309162,0,,,,50
55420000,0.5,0.537500024,1,0.976581275,0.346520126,0.29816848,0,0,15.8986015,11.2247105,8.31841755,8.26806736,0,13.3095493,11.2247105,8.45309162,0,,,,50
55421131,0.5,0.56410259,1,0.976581275,0.354578733,0.273992658,0,0,15.8986015,11.1237879,8.30334854,8.27862453,0,13.3095493,11.1237879,8.47651005,0,,,,50
55422258,0.5,0.571428597,1,0.976581275,0.354578733,0.26593405,0,0,15.8986015,11.1237879,8.31239033,8.27440166,0,13.3095493,11.1237879,8.47651005,0,,,,50
55423388,0.5,0.551282048,1,0.989293933,0.346520126,0.282051265,0,0,15.8986015,11.0011816,8.29732037,8.27229023,0,13.3095493,11.0011816,8.487216,0,,,,50
55424515,0.5,0.547619045,1,0.989293933,0.370695949,0.306227088,0,0,15.8986015,11.0011816,8.30334854,8.26806736,0,13.2952528,11.0011816,8.487216,0,,,,50
55425646,0.5,0.550000012,1,0.989293933,0.354578733,0.290109873,0,0,15.9031467,10.8368359,8.30937672,8.27862453,0,13.3095493,10.8368359,8.4979229,0,,,,50
55426777,0.5,0.556962013,1,1.01406097,0.354578733,0.282051265,0,0,15.8986015,10.8368359,8.31540394,8.28706932,0,13.3095493,10.8368359,8.4979229,0,,,,50
55427908,0.5,0.546666682,1,1.01406097,0.330402911,0.273992658,0,0,15.9031467,10.5991583,8.30033493,8.28706932,0,13.3095493,10.5991583,8.48386097,0,,,,50
55429034,0.5,0.533333361,1,1.01406097,0.322344303,0.282051265,0,0,15.8986015,10.5991583,8.30033493,8.28073597,0,13.3024006,10.5991583,8.48386097,0,,,,50
55430165,0.5,0.547945201,1,1.0143187,0.322344303,0.26593405,0,0,15.9031467,10.2603521,8.31841755,8.29129219,0,13.3095493,10.2603521,8.4695425,0,,,,50
55431291,0.5,0.537313461,1,1.0143187,0.290109873,0.249816835,0,0,15.9031467,10.2603521,8.33348751,8.29129219,0,13.3095493,10.2603521,8.4695425,0,,,,50
55432422,0.5,0.560606062,1,1.0143187,0.29816848,0.23369962,0,0,15.9031467,9.85571098,8.34855747,8.29973793,0,13.3166971,9.85571098,8.45522404,0,,,,50
55433752,0.5,0.536231875,1,1.0143187,0.29816848,0.257875443,0,0,15.9031467,9.85571098,8.33348751,8.29551506,0,13.3024006,9.85571098,8.45522404,0,,,,50
55434888,0.5,0.575757563,1,1.03269649,0.306227088,0.225641012,0,0,15.907692,9.4026165,8.34554291,8.29973793,0,13.3166971,9.4026165,8.42252731,0,,,,50
55436014,0.5,0.536231875,1,1.03269649,0.29816848,0.257875443,0,0,15.907692,9.4026165,8.3304739,8.3039608,0,13.3024006,9.4026165,8.42252731,0,,,,50
55437145,0.5,0.523076952,1,1.03269649,0.273992658,0.249816835,0,0,15.907692,8.89395905,8.36061287,8.31873989,0,13.3095493,8.89395905,8.38983059,0,,,,50
55438271,0.5,0.538461566,1,1.05915117,0.282051265,0.241758227,0,0,15.907692,8.89395905,8.36061287,8.3039608,0,13.3095493,8.89395905,8.38983059,0,,,,50
55439402,0.5,0.559322059,1,1.05915117,0.26593405,0.209523797,0,0,15.9122372,8.31369019,8.36362648,8.31451702,0,13.3166971,8.31369019,8.33067989,0,,,,50
55440528,0.5,0.517857134,1,1.05915117,0.23369962,0.217582405,0,0,15.907692,8.31369019,8.38773823,8.31451702,0,13.3238449,8.31369019,8.33067989,0,,,,50
55441659,0.5,0.555555582,1,1.05915117,0.241758227,0.193406582,0,0,15.9122372,7.64755487,8.3937664,8.32929707,0,13.3238449,7.64755487,8.2715292,0,,,,50
55442790,0.5,0.549019635,1,1.06765389,0.225641012,0.185347974,0,0,15.9167824,7.64755487,8.37568283,8.32296276,0,13.3166971,7.64755487,8.2715292,0,,,,50
55443921,0.5,0.588235319,1,1.06765389,0.241758227,0.169230759,0,0,15.9167824,6.9252429,8.38472462,8.32718563,0,13.3166971,6.9252429,8.20387459,0,,,,50
55445047,0.5,0.549019635,1,1.09806597,0.225641012,0.185347974,0,0,15.9213276,6.9252429,8.4058218,8.33774185,0,13.3024006,6.9252429,8.20387459,0,,,,50
55446178,0.5,0.558139563,1,1.09806597,0.193406582,0.153113544,0,0,15.9213276,6.12989616,8.43294716,8.33774185,0,13.3309927,6.12989616,8.10580921,0,,,,50
55447305,0.5,0.543478251,1,1.09806597,0.201465189,0.169230759,0,0,15.9213276,6.12989616,8.4058218,8.34196472,0,13.3238449,6.12989616,8.10580921,0,,,,50
55448435,0.5,0.605263174,1,1.09806597,0.185347974,0.120879114,0,0,15.9213276,5.23818779,8.40280819,8.3525219,0,13.3166971,5.23818779,8.00774288,0,,,,50
55449567,0.5,0.524999976,1,1.09806597,0.169230759,0.153113544,0,0,15.9304171,5.23818779,8.43897438,8.35463333,0,13.3238449,5.23818779,8.00774288,0,,,,50
55450697,0.5,0.625,1,1.09806597,0.161172152,0.0967032909,0,0,15.9349623,4.30750799,8.43596077,8.37363529,0,13.3238449,4.30750799,7.90967703,0,,,,50
55451824,0.5,0.65625,1,1.09806597,0.169230759,0.0886446834,0,0,15.9304171,4.30750799,8.42993259,8.37785816,0,13.3309927,4.30750799,7.90967703,0,,,,50
55452955,0.5,0.740740716,1,1.08818293,0.161172152,0.056410253,0,0,15.9258718,3.42424512,8.43596077,8.39052582,0,13.3238449,3.42424512,7.8214941,0,,,,50
55454285,0.5,0.739130437,1,1.08818293,0.136996329,0.0483516455,0,0,15.9304171,3.42424512,8.4932251,8.39474869,0,13.3309927,3.42424512,7.8214941,0,,,,50
55455416,0.5,0.777777791,1,1.08818293,0.112820506,0.0322344303,0,0,15.9304171,2.64589882,8.49925327,8.4074173,0,13.3238449,2.64589882,7.73331118,0,,,,50
55456542,0.5,0.777777791,1,1.09806597,0.112820506,0.0322344303,0,0,15.9304171,2.64589882,8.46308613,8.4074173,0,13.3238449,2.64589882,7.73331118,0,,,,50
55457678,0.5,0.764705896,1,1.09806597,0.104761899,0.0322344303,0,0,15.9304171,1.96257401,8.50829506,8.4074173,0,13.3238449,1.96257401,7.63524532,0,,,,50
55458805,0.5,0.733333349,1,1.09806597,0.0886446834,0.0322344303,0,0,15.9349623,1.96257401,8.51130867,8.41797352,0,13.3238449,1.96257401,7.63524532,0,,,,50
55459935,0.5,0.75,1,1.10828412,0.0483516455,0.0161172152,0,0,15.9349623,1.3221004,8.47815609,8.4074173,0,13.3238449,1.3221004,7.52696133,0,,,,50
55461061,0.5,0.800000012,1,1.10828412,0.0644688606,0.0161172152,0,0,15.9349623,1.3221004,8.53240585,8.40952778,0,13.3095493,1.3221004,7.52696133,0,,,,50
55462192,0.5,0.75,1,1.10828412,0.0483516455,0.0161172152,0,0,15.9349623,0.698528469,8.55350399,8.41586208,0,13.3238449,0.698528469,7.41867733,0,,,,50
55463319,0.5,0.833333313,1,1.10828412,0.0402930379,0.00805860758,0,0,15.9349623,0.698528469,8.52035046,8.42641926,0,13.3166971,0.698528469,7.41867733,0,,,,50
55464449,0.5,1,1,1.09806597,0.0483516455,0,0,0,15.9349623,0.124010295,8.54747581,8.43064213,0,13.3309927,0.124010295,7.32061148,0,,,,50
55465581,0.5,1,1,1.09806597,0.0402930379,0,0,0,15.9304171,0.124010295,8.53542042,8.42430782,0,13.3309927,0.124010295,7.32061148,0,,,,50
55466711,0.5,1,1,1.09806597,0.0402930379,0,0,0,15.9349623,-0.363929927,8.51432323,8.43064213,0,13.3309927,-0.363929927,7.22254562,0,,,,50
55467838,0.5,1,1,1.10813022,0.0402930379,0,0,0,15.9349623,-0.363929927,8.54144764,8.43486404,0,13.3238449,-0.363929927,7.22254562,0,,,,50
55468968,0.5,1,1,1.10813022,0.0402930379,0,0,0,15.9349623,-0.786622345,8.56555939,8.42853069,0,13.3309927,-0.786622345,7.11441565,0,,,,50
55470095,0.5,1,1,1.10813022,0.0402930379,0,0,0,15.9349623,-0.786622345,8.45404434,8.43275356,0,13.3309927,-0.786622345,7.11441565,0,,,,50
55471226,0.5,1,1,1.11338711,0.0322344303,0,0,0,15.9304171,-1.19231975,8.55048943,8.43486404,0,13.3309927,-1.19231975,7.00102854,0,,,,50
55472352,0.5,1,1,1.11338711,0.0322344303,0,0,0,15.9395075,-1.19231975,8.56254578,8.43697548,0,13.3238449,-1.19231975,7.00102854,0,,,,50
55473487,0.5,1,1,1.11338711,0.0241758227,0,0,0,15.9349623,-1.59725559,8.56254578,8.43486404,0,13.3309927,-1.59725559,6.88764143,0,,,,50
55474818,0.5,1,1,1.10828412,0.0161172152,0,0,0,15.9304171,-1.59725559,8.55953121,8.43064213,0,13.3309927,-1.59725559,6.88764143,0,,,,50
55475949,0.5,1,1,1.10828412,0.0241758227,0,0,0,15.9349623,-1.98101139,8.53843403,8.43486404,0,13.3309927,-1.98101139,6.77935743,0,,,,50
55477075,0.5,1,1,1.10828412,0.0241758227,0,0,0,15.9349623,-1.98101139,8.5565176,8.43275356,0,13.3095493,-1.98101139,6.77935743,0,,,,50
55478206,0.5,1,1,1.10813022,0.0161172152,0,0,0,15.9349623,-2.32171345,8.57158756,8.43275356,0,13.3309927,-2.32171345,6.67122746,0,,,,50
55479332,0.5,1,1,1.10813022,0.0161172152,0,0,0,15.9349623,-2.32171345,8.568573,8.43275356,0,13.3309927,-2.32171345,6.67122746,0,,,,50
55480467,0.5,1,1,1.10813022,0.0241758227,0,0,0,15.9349623,-2.61869001,8.58364296,8.43064213,0,13.3309927,-2.61869001,6.56309748,0,,,,50
55481594,0.5,1,1,1.09806597,0.0241758227,0,0,0,15.9349623,-2.61869001,8.54144764,8.43275356,0,13.3309927,-2.61869001,6.56309748,0,,,,50
55482725,0.5,1,1,1.09806597,0.0161172152,0,0,0,15.9349623,-2.86137772,8.53542042,8.43275356,0,13.3309927,-2.86137772,6.46503162,0,,,,50
55483851,0.5,1,1,1.09806597,0.0241758227,0,0,0,15.9349623,-2.86137772,8.53542042,8.43275356,0,13.3309927,-2.86137772,6.46503162,0,,,,50
55484982,0.5,1,1,1.09806597,0.0322344303,0,0,0,15.9349623,-3.03612852,8.55953121,8.43275356,0,13.3238449,-3.03612852,6.36696577,0,,,,50
55486108,0.5,1,1,1.07397652,0.0322344303,0,0,0,15.9304171,-3.03612852,8.48418331,8.43275356,0,13.3309927,-3.03612852,6.36696577,0,,,,50
55487239,0.5,1,1,1.07397652,0.0241758227,0,0,0,15.9349623,-3.11307096,8.51130867,8.43275356,0,13.3238449,-3.11307096,6.29298925,0,,,,50
55488370,0.5,1,1,1.07397652,0.0241758227,0,0,0,15.9349623,-3.11307096,8.54144764,8.43275356,0,13.3238449,-3.11307096,6.29298925,0,,,,50
55489501,0.5,1,1,1.06865478,0.0241758227,0,0,0,15.9349623,-3.05546093,8.55048943,8.43064213,0,13.3238449,-3.05546093,6.22433472,0,,,,50
55490628,0.5,1,1,1.06865478,0.0161172152,0,0,0,15.9349623,-3.05546093,8.57158756,8.43064213,0,13.3309927,-3.05546093,6.22433472,0,,,,50
55491758,0.5,0,1,1.06865478,0,0,0,0,15.9395075,-2.88874578,8.55953121,8.43064213,0,13.3309927,-2.88874578,6.15568018,0,,,,50
55492885,0.5,0,1,1.09265304,0,0,0,0,15.9395075,-2.88874578,8.568573,8.43064213,0,13.3309927,-2.88874578,6.15568018,0,,,,50
55494015,0.5,0,1,1.09265304,0,0,0,0,15.9258718,-2.71456957,8.58665657,8.43064213,0,13.3309927,-2.71456957,6.06302691,0,,,,50
55495142,0.5,0,1,1.09265304,0,0,0,0,15.9485979,-2.71456957,8.58665657,8.43064213,0,13.3309927,-2.71456957,6.06302691,0,,,,50
55496481,0.5,0,1,1.09265304,0,0,0,0,15.9531422,-2.62404656,8.57761478,8.43064213,0,13.3309927,-2.62404656,5.97037411,0,,,,50
55497608,0.5,0,1,1.09265304,0,0,0,0,15.9258718,-2.62404656,8.58364296,8.42853069,0,13.3238449,-2.62404656,5.97037411,0,,,,50
55498738,0.5,1,1,1.09265304,0.0241758227,0,0,0,15.9349623,-2.62050653,8.53843403,8.42641926,0,13.3309927,-2.62050653,5.87772131,0,,,,50
55499865,0.5,1,1,1.09265304,0.00805860758,0,0,0,15.9349623,-2.62050653,8.56555939,8.43064213,0,13.3309927,-2.62050653,5.87772131,0,,,,50
55500996,0.5,0,1,1.09265304,0,0,0,0,15.9395075,-2.67471385,8.57158756,8.43064213,0,13.3309927,-2.67471385,5.78506804,0,,,,50
55502122,0.5,0,1,1.09265304,0,0,0,0,15.9395075,-2.67471385,8.58967113,8.43064213,0,13.3309927,-2.67471385,5.78506804,0,,,,50
55503258,0.5,0,1,1.09265304,0,0,0,0,15.9531422,-2.76633716,8.58665657,8.43064213,0,13.3381405,-2.76633716,5.69241524,0,,,,50
55504384,0.5,0,1,1.09265304,0,0,0,0,15.9213276,-2.76633716,8.58665657,8.43064213,0,13.3309927,-2.76633716,5.69241524,0,,,,50
55505515,0.5,0,1,1.09265304,0,0,0,0,15.9485979,-2.88124299,8.57761478,8.43275356,0,13.3309927,-2.88124299,5.59976244,0,,,,50
55506641,0.5,0,1,1.09265304,0,0,0,0,15.9304171,-2.88124299,8.58665657,8.42853069,0,13.3381405,-2.88124299,5.59976244,0,,,,50
55507772,0.5,0,1,1.09265304,0,0,0,0,15.9531422,-3.00974965,8.55953121,8.43064213,0,13.352437,-3.00974965,5.50710917,0,,,,50
55508898,0.5,0,1,1.09265304,0,0,0,0,15.9258718,-3.00974965,8.58364296,8.42430782,0,13.352437,-3.00974965,5.50710917,0,,,,50
55510029,0.5,0,1,1.09265304,0,0,0,0,15.9440527,-3.14536667,8.58665657,8.42853069,0,13.3452892,-3.14536667,5.41445637,0,,,,50
55511160,0.5,0,1,1.09265304,0,0,0,0,15.9167824,-3.14536667,8.58665657,8.42853069,0,13.3452892,-3.14536667,5.41445637,0,,,,50
55512291,0.5,0,1,1.00600672,0,0,0,0,15.9395075,-3.12302852,8.58665657,8.42853069,0,13.352437,-3.12302852,5.40844965,0,,,,50
55513417,0.5,0,1,1.00600672,0,0,0,0,15.9531422,-3.12302852,8.58967113,8.42853069,0,13.3595848,-3.12302852,5.40844965,0,,,,50
55514547,0.5,0,1,1.00600672,0,0,0,0,15.9258718,-2.7618227,8.58665657,8.42430782,0,13.352437,-2.7618227,5.40244341,0,,,,50
55515674,0.5,0,1,1.00600672,0,0,0,0,15.9485979,-2.7618227,8.58665657,8.42641926,0,13.3452892,-2.7618227,5.40244341,0,,,,50
55517009,0.5,0,1,0.978377342,0,0,0,0,15.9485979,-2.08606958,8.58665657,8.42853069,0,13.352437,-2.08606958,5.42406607,0,,,,50
55518136,0.5,0,1,0.978377342,0,0,0,0,15.9213276,-2.08606958,8.58665657,8.42219639,0,13.352437,-2.08606958,5.42406607,0,,,,50
55519272,0.5,0,1,0.978377342,0,0,0,0,15.9349623,-1.19186997,8.58665657,8.42853069,0,13.352437,-1.19186997,5.44568872,0,,,,50
55520398,0.5,0,1,0.98102355,0,0,0,0,15.9531422,-1.19186997,8.58062935,8.42853069,0,13.352437,-1.19186997,5.44568872,0,,,,50
55521529,0.5,0,1,0.98102355,0,0,0,0,15.9304171,-0.203264058,8.58665657,8.42853069,0,13.3452892,-0.203264058,5.46466494,0,,,,50
55522655,0.5,0,1,0.98102355,0,0,0,0,15.9485979,-0.203264058,8.58665657,8.43064213,0,13.3238449,-0.203264058,5.46466494,0,,,,50
55523786,0.5,0,1,0.98102355,0,0,0,0,15.9167824,0.769685268,8.58665657,8.42430782,0,13.3166971,0.769685268,5.48364162,0,,,,50
55524912,0.5,1,1,0.98102355,0.0322344303,0,0,0,15.9395075,0.769685268,8.59569836,8.41375065,0,13.3309927,0.769685268,5.48364162,0,,,,50
55526043,0.5,1,1,0.960130632,0.0402930379,0,0,0,15.9349623,1.70823586,8.5444622,8.42008495,0,13.3238449,1.70823586,5.52351093,0,,,,50
55527175,0.5,1,1,0.960130632,0.0322344303,0,0,0,15.9349623,1.70823586,8.56254578,8.42219639,0,13.3238449,1.70823586,5.52351093,0,,,,50
55528305,0.5,1,1,0.960130632,0.0483516455,0,0,0,15.9304171,2.62960196,8.53542042,8.41797352,0,13.3238449,2.62960196,5.56338024,0,,,,50
55529432,0.5,0.888888896,1,0.942329407,0.0644688606,0.00805860758,0,0,15.9304171,2.62960196,8.39979362,8.40530586,0,13.3238449,2.62960196,5.56338024,0,,,,50
55530562,0.5,0.899999976,1,0.942329407,0.0725274682,0.00805860758,0,0,15.9349623,3.53958201,8.4811697,8.40530586,0,13.3309927,3.53958201,5.62105083,0,,,,50
55531689,0.5,0.875,1,0.942329407,0.056410253,0.00805860758,0,0,15.9349623,3.53958201,8.44801617,8.40319443,0,13.3309927,3.53958201,5.62105083,0,,,,50
55532819,0.5,0.666666687,1,0.942329407,0.0805860758,0.0402930379,0,0,15.9349623,4.43957901,8.52336502,8.39052582,0,13.3309927,4.43957901,5.67872143,0,,,,50
55533950,0.5,0.800000012,1,0.935151219,0.0967032909,0.0241758227,0,0,15.9349623,4.43957901,8.46609974,8.40108299,0,13.3309927,4.43957901,5.67872143,0,,,,50
55535081,0.5,0.736842096,1,0.935151219,0.112820506,0.0402930379,0,0,15.9349623,5.31200933,8.4811697,8.38630295,0,13.3095493,5.31200933,5.74357033,0,,,,50
55536208,0.5,0.727272749,1,0.935151219,0.128937721,0.0483516455,0,0,15.9349623,5.31200933,8.47212791,8.40530586,0,13.3238449,5.31200933,5.74357033,0,,,,50
55537338,0.5,0.714285731,1,0.942663312,0.161172152,0.0644688606,0,0,15.9304171,6.12346601,8.38472462,8.36941242,0,13.3238449,6.12346601,5.80090714,0,,,,50
55538669,0.5,0.709677398,1,0.942663312,0.177289367,0.0725274682,0,0,15.9213276,6.12346601,8.3937664,8.37152386,0,13.3238449,6.12346601,5.80090714,0,,,,50
55539799,0.5,0.594594598,1,0.942663312,0.177289367,0.120879114,0,0,15.9213276,6.83729696,8.41184998,8.36941242,0,13.3095493,6.83729696,5.85824347,0,,,,50
55540926,0.5,0.553191483,1,0.942663312,0.209523797,0.169230759,0,0,15.9258718,6.83729696,8.42691898,8.32718563,0,13.3238449,6.83729696,5.85824347,0,,,,50
55542061,0.5,0.547619045,1,0.942663312,0.185347974,0.153113544,0,0,15.9167824,7.44464779,8.39678001,8.31873989,0,13.3024006,7.44464779,5.91558027,0,,,,50
55543187,0.5,0.568627477,1,0.942663312,0.23369962,0.177289367,0,0,15.9213276,7.44464779,8.37869644,8.32296276,0,13.3166971,7.44464779,5.91558027,0,,,,50
55544318,0.5,0.576923072,1,0.942663312,0.241758227,0.177289367,0,0,15.9122372,7.9552846,8.38773823,8.32296276,0,13.3024006,7.9552846,5.97291708,0,,,,50
55545445,0.5,0.524590135,1,0.942663312,0.257875443,0.23369962,0,0,15.907692,7.9552846,8.35458469,8.3039608,0,13.3166971,7.9552846,5.97291708,0,,,,50
55546575,0.5,0.537313461,1,0.950070858,0.290109873,0.249816835,0,0,15.9031467,8.3671999,8.34855747,8.29340363,0,13.3095493,8.3671999,6.02284622,0,,,,50
55547702,0.5,0.542168677,1,0.950070858,0.362637341,0.306227088,0,0,15.8940573,8.3671999,8.24306965,8.25962162,0,13.3095493,8.3671999,6.02284622,0,,,,50
55548832,0.5,0.602040827,1,0.950070858,0.475457847,0.314285696,0,0,15.8895121,8.67735958,8.39979362,8.23217392,0,13.3024006,8.67735958,6.07277536,0,,,,50
55549964,0.5,0.528846145,1,0.950070858,0.443223417,0.394871771,0,0,15.8895121,8.67735958,8.20991707,8.2216177,0,13.3024006,8.67735958,6.07277536,0,,,,50
55551094,0.5,0.577777803,1,0.927973628,0.419047594,0.306227088,0,0,15.8986015,8.94508648,8.31841755,8.2553997,0,13.3095493,8.94508648,6.14480162,0,,,,50
55552221,0.5,0.545454562,1,0.927973628,0.338461518,0.282051265,0,0,15.9031467,8.94508648,8.31540394,8.27862453,0,13.3095493,8.94508648,6.14480162,0,,,,50
55553352,0.5,0.545454562,1,0.927973628,0.290109873,0.241758227,0,0,15.907692,9.23966026,8.34554291,8.30607224,0,13.3095493,9.23966026,6.21682787,0,,,,50
55554478,0.5,0.550000012,1,0.927973628,0.26593405,0.217582405,0,0,15.9167824,9.23966026,8.36965466,8.31029415,0,13.3166971,9.23966026,6.21682787,0,,,,50
55555608,0.5,0.568965495,1,0.927973628,0.26593405,0.201465189,0,0,15.907692,9.55890179,8.36061287,8.30184937,0,13.3166971,9.55890179,6.28885412,0,,,,50
55556735,0.5,0.55737704,1,0.927973628,0.273992658,0.217582405,0,0,15.9031467,9.55890179,8.33650112,8.30184937,0,13.2952528,9.55890179,6.28885412,0,,,,50
55557870,0.5,0.573333323,1,0.927973628,0.346520126,0.257875443,0,0,15.9031467,9.87639999,8.32745934,8.28706932,0,13.3166971,9.87639999,6.36088037,0,,,,50
55559201,0.5,0.560000002,1,0.927973628,0.338461518,0.26593405,0,0,15.9031467,9.87639999,8.30937672,8.28073597,0,13.3095493,9.87639999,6.36088037,0,,,,50
55560331,0.5,0.554216862,1,0.927973628,0.370695949,0.29816848,0,0,15.8940573,10.1772385,8.29732037,8.25328827,0,13.3095493,10.1772385,6.43290663,0,,,,50
55561457,0.5,0.556818187,1,0.927973628,0.394871771,0.314285696,0,0,15.8940573,10.1772385,8.2671814,8.23639679,0,13.3095493,10.1772385,6.43290663,0,,,,50
55562588,0.5,0.521276593,1,0.997331023,0.394871771,0.362637341,0,0,15.8986015,10.3251324,8.29129314,8.22584057,0,13.3024006,10.3251324,6.43557549,0,,,,50
55563715,0.5,0.476190478,1,0.997331023,0.322344303,0.354578733,0,0,15.8895121,10.3251324,8.14662457,8.24273109,0,13.2952528,10.3251324,6.43557549,0,,,,50
55564851,0.5,0.547368407,1,0.997331023,0.419047594,0.346520126,0,0,15.8940573,10.1745615,8.25813961,8.26806736,0,13.3095493,10.1745615,6.43824434,0,,,,50
55565977,0.5,0.57303369,1,0.997331023,0.410988986,0.306227088,0,0,15.8986015,10.1745615,8.29732037,8.23217392,0,13.3095493,10.1745615,6.43824434,0,,,,50
55567108,0.5,0.545454562,1,0.990276158,0.386813164,0.322344303,0,0,15.8940573,9.80047607,8.29430676,8.2765131,0,13.3095493,9.80047607,6.44796848,0,,,,50
55568234,0.5,0.556818187,1,0.990276158,0.394871771,0.314285696,0,0,15.8940573,9.80047607,8.31239033,8.26806736,0,13.3095493,9.80047607,6.44796848,0,,,,50
55569365,0.5,0.540540516,1,0.990276158,0.322344303,0.273992658,0,0,15.8986015,9.34224319,8.31540394,8.27440166,0,13.3166971,9.34224319,6.45769215,0,,,,50
55570492,0.5,0.54285717,1,0.997580349,0.306227088,0.257875443,0,0,15.9031467,9.34224319,8.31841755,8.28495789,0,13.3095493,9.34224319,6.45769215,0,,,,50
55571622,0.5,0.539473712,1,0.997580349,0.330402911,0.282051265,0,0,15.9031467,8.85858727,8.30937672,8.28495789,0,13.3166971,8.85858727,6.46011162,0,,,,50
55572754,0.5,0.54285717,1,0.997580349,0.306227088,0.257875443,0,0,15.907692,8.85858727,8.33348751,8.29340363,0,13.3166971,8.85858727,6.46011162,0,,,,50
55573885,0.5,0.538461566,1,0.997580349,0.282051265,0.241758227,0,0,15.907692,8.36944962,8.34554291,8.2976265,0,13.3166971,8.36944962,6.46253157,0,,,,50
55575011,0.5,0.55384618,1,1.04404628,0.290109873,0.23369962,0,0,15.907692,8.36944962,8.33348751,8.29551506,0,13.3095493,8.36944962,6.46253157,0,,,,50
55576142,0.5,0.564516127,1,1.04404628,0.282051265,0.217582405,0,0,15.907692,7.8139329,8.38472462,8.3039608,0,13.3166971,7.8139329,6.41848516,0,,,,50
55577268,0.5,0.553571403,1,1.04404628,0.249816835,0.201465189,0,0,15.9167824,7.8139329,8.3937664,8.31873989,0,13.3095493,7.8139329,6.41848516,0,,,,50
55578399,0.5,0.588235319,1,1.07833052,0.241758227,0.169230759,0,0,15.9167824,7.05401373,8.40280819,8.3314085,0,13.3166971,7.05401373,6.34015465,0,,,,50
55579526,0.5,0.576923072,1,1.07833052,0.241758227,0.177289367,0,0,15.9167824,7.05401373,8.39075184,8.33351898,0,13.3166971,7.05401373,6.34015465,0,,,,50
55580866,0.5,0.555555582,1,1.07833052,0.201465189,0.161172152,0,0,15.9258718,6.07011747,8.41184998,8.33563042,0,13.3238449,6.07011747,6.26182413,0,,,,50
55581992,0.5,0.547619045,1,1.07833052,0.185347974,0.153113544,0,0,15.9258718,6.07011747,8.42390537,8.33985329,0,13.3238449,6.07011747,6.26182413,0,,,,50
55583123,0.5,0.580645144,1,1.07833052,0.145054936,0.104761899,0,0,15.9258718,4.97754574,8.51733685,8.37152386,0,13.3238449,4.97754574,6.18349361,0,,,,50
55584249,0.5,0.551724136,1,1.07833052,0.128937721,0.104761899,0,0,15.9349623,4.97754574,8.61076832,8.36941242,0,13.3238449,4.97754574,6.18349361,0,,,,50
55585380,0.5,0.645161271,1,1.08803451,0.161172152,0.0886446834,0,0,15.9349623,3.86796522,8.43596077,8.37574673,0,13.3238449,3.86796522,6.09545898,0,,,,50
55586506,0.5,0.680000007,1,1.08803451,0.136996329,0.0644688606,0,0,15.9304171,3.86796522,8.46007252,8.38208103,0,13.3238449,3.86796522,6.09545898,0,,,,50
55587637,0.5,0.649999976,1,1.08803451,0.104761899,0.056410253,0,0,15.9304171,2.78435874,8.49021149,8.40319443,0,13.3309927,2.78435874,6.00742435,0,,,,50
55588768,0.5,0.736842096,1,1.08803451,0.112820506,0.0402930379,0,0,15.9304171,2.78435874,8.4811697,8.40530586,0,13.3309927,2.78435874,6.00742435,0,,,,50
55589899,0.5,0.785714269,1,1.09942758,0.0886446834,0.0241758227,0,0,15.9349623,1.74652839,8.51432323,8.41163921,0,13.3309927,1.74652839,5.90799713,0,,,,50
55591025,0.5,0.769230783,1,1.09942758,0.0805860758,0.0241758227,0,0,15.9349623,1.74652839,8.49623966,8.40530586,0,13.3238449,1.74652839,5.90799713,0,,,,50
55592156,0.5,0.800000012,1,1.09942758,0.0644688606,0.0161172152,0,0,15.9349623,0.760827065,8.46609974,8.4074173,0,13.3309927,0.760827065,5.80856943,0,,,,50
55593282,0.5,0.666666687,1,1.09791493,0.0483516455,0.0241758227,0,0,15.9349623,0.760827065,8.53240585,8.41797352,0,13.3309927,0.760827065,5.80856943,0,,,,50
55594413,0.5,0.833333313,1,1.09791493,0.0402930379,0.00805860758,0,0,15.9349623,-0.148819268,8.54144764,8.42853069,0,13.3309927,-0.148819268,5.71065474,0,,,,50
55595544,0.5,1,1,1.09791493,0.0402930379,0,0,0,15.9349623,-0.148819268,8.58665657,8.40952778,0,13.3238449,-0.148819268,5.71065474,0,,,,50
55596675,0.5,1,1,1.11838055,0.0322344303,0,0,0,15.9349623,-0.997592211,8.57158756,8.42430782,0,13.3309927,-0.997592211,5.59227419,0,,,,50
55597802,0.5,1,1,1.11838055,0.0402930379,0,0,0,15.9349623,-0.997592211,8.52336502,8.43486404,0,13.3166971,-0.997592211,5.59227419,0,,,,50
55598933,0.5,1,1,1.11838055,0.0402930379,0,0,0,15.9349623,-1.82360196,8.56555939,8.43275356,0,13.3238449,-1.82360196,5.47389364,0,,,,50
55600060,0.5,1,1,1.12930167,0.0161172152,0,0,0,15.9349623,-1.82360196,8.57158756,8.43697548,0,13.3095493,-1.82360196,5.47389364,0,,,,50
55601394,0.5,1,1,1.12930167,0.0241758227,0,0,0,15.9349623,-2.63476467,8.59871292,8.43486404,0,13.3166971,-2.63476467,5.34459209,0,,,,50
55602522,0.5,1,1,1.12930167,0.0161172152,0,0,0,15.9349623,-2.63476467,8.55350399,8.43486404,0,13.3309927,-2.63476467,5.34459209,0,,,,50
55603657,0.5,1,1,1.12994134,0.0161172152,0,0,0,15.9349623,-3.42797446,8.52939224,8.43486404,0,13.3309927,-3.42797446,5.21465063,0,,,,50
55604784,0.5,1,1,1.12994134,0.0161172152,0,0,0,15.9349623,-3.42797446,8.52336502,8.43486404,0,13.3309927,-3.42797446,5.21465063,0,,,,50
55605915,0.5,1,1,1.12994134,0.0241758227,0,0,0,15.9304171,-4.18351078,8.55048943,8.43275356,0,13.3309927,-4.18351078,5.08470964,0,,,,50
55607041,0.5,1,1,1.12994134,0.0322344303,0,0,0,15.9349623,-4.18351078,8.52939224,8.43486404,0,13.3166971,-4.18351078,5.08470964,0,,,,50
55608172,0.5,1,1,1.12994134,0.0241758227,0,0,0,15.9349623,-4.87956285,8.52035046,8.43486404,0,13.3309927,-4.87956285,4.95476818,0,,,,50
55609298,0.5,1,1,1.12994134,0.0402930379,0,0,0,15.9349623,-4.87956285,8.54747581,8.43275356,0.00714798551,13.3238449,-4.87956285,4.95476818,0,,,,50
55610429,0.5,1,1,1.12994134,0.0644688606,0,0,0,15.9395075,-5.50673914,8.46007252,8.42853069,0,13.3309927,-5.50673914,4.82482719,0,,,,50
55611560,0.5,1,1,1.12994134,0.056410253,0,0,0,15.9395075,-5.50673914,8.4932251,8.41797352,0,13.3309927,-5.50673914,4.82482719,0,,,,50
55612691,0.5,0.909090936,1,1.12994134,0.0805860758,0.00805860758,0,0,15.9304171,-6.06400681,8.49021149,8.40952778,0,13.3238449,-6.06400681,4.69488573,0,,,,50
55613818,0.5,0.75,1,1.12994134,0.0725274682,0.0241758227,0,0,15.9304171,-6.06400681,8.49021149,8.40319443,0,13.3309927,-6.06400681,4.69488573,0,,,,50
55614948,0.5,0.769230783,1,1.11869419,0.0805860758,0.0241758227,0,0,15.9304171,-6.53433657,8.50528145,8.39897156,0,13.3238449,-6.53433657,4.5761919,0,,,,50
55616074,0.5,0.769230783,1,1.11869419,0.0805860758,0.0241758227,0,0,15.9304171,-6.53433657,8.49623966,8.40108299,0,13.3238449,-6.53433657,4.5761919,0,,,,50
55617205,0.5,0.888888896,1,1.11869419,0.0644688606,0.00805860758,0,0,15.9395075,-6.90101576,8.53240585,8.40530586,0,13.3238449,-6.90101576,4.4574976,0,,,,50
55618332,0.5,1,1,1.07876778,0.0322344303,0,0,0,15.9349623,-6.90101576,8.62583828,8.43064213,0,13.3238449,-6.90101576,4.4574976,0,,,,50
55619467,0.5,1,1,1.07876778,0.0322344303,0,0,0,15.9349623,-7.10745764,8.57460117,8.43064213,0,13.3309927,-7.10745764,4.3787303,0,,,,50
55620594,0.5,1,1,1.07876778,0.0322344303,0,0,0,15.9304171,-7.10745764,8.53240585,8.43486404,0,13.3309927,-7.10745764,4.3787303,0,,,,50
55621929,0.5,1,1,1.06865478,0.0402930379,0,0,0,15.9349623,-7.08036423,8.51130867,8.43275356,0,13.3238449,-7.08036423,4.31007528,0,,,,50
55623055,0.5,1,1,1.06865478,0.0483516455,0,0,0,15.9304171,-7.08036423,8.50226688,8.42430782,0,13.3095493,-7.08036423,4.31007528,0,,,,50
55624186,0.5,1,1,1.06865478,0.056410253,0,0,0,15.9304171,-6.8540597,8.53542042,8.41797352,0,13.3238449,-6.8540597,4.24142075,0,,,,50
55625312,0.5,1,1,1.06865478,0.0886446834,0,0,0,15.9349623,-6.8540597,8.44198895,8.41586208,0,13.3238449,-6.8540597,4.24142075,0,,,,50
55626448,0.5,0.888888896,1,1.05230725,0.0644688606,0.00805860758,0,0,15.9304171,-6.49184752,8.59569836,8.40530586,0,13.3309927,-6.49184752,4.18911362,0,,,,50
55627574,0.5,0.909090936,1,1.05230725,0.0805860758,0.00805860758,0,0,15.9304171,-6.49184752,8.52637863,8.42219639,0,13.3238449,-6.49184752,4.18911362,0,,,,50
55628705,0.5,0.777777791,1,1.05230725,0.056410253,0.0161172152,0,0,15.9304171,-6.03133011,8.50829506,8.40952778,0,13.3238449,-6.03133011,4.13680649,0,,,,50
55629831,0.5,0.857142866,1,1.04077804,0.0483516455,0.00805860758,0,0,15.9349623,-6.03133011,8.53542042,8.42008495,0,13.3238449,-6.03133011,4.13680649,0,,,,50
55630962,0.5,0.857142866,1,1.04077804,0.0483516455,0.00805860758,0,0,15.9349623,-5.50889874,8.51130867,8.41586208,0,13.3309927,-5.50889874,4.0960288,0,,,,50
55632088,0.5,1,1,1.04077804,0.0402930379,0,0,0,15.9349623,-5.50889874,8.50829506,8.42430782,0,13.3309927,-5.50889874,4.0960288,0,,,,50
55633219,0.5,1,1,1.0380702,0.0322344303,0,0,0,15.9395075,-4.94924974,8.47815609,8.43064213,0,13.3309927,-4.94924974,4.0579586,0,,,,50
55634351,0.5,1,1,1.0380702,0.0402930379,0,0,0,15.9349623,-4.94924974,8.54747581,8.43064213,0,13.3309927,-4.94924974,4.0579586,0,,,,50
55635481,0.5,1,1,1.0380702,0.0402930379,0,0,0,15.9349623,-4.38698721,8.53240585,8.43275356,0,13.3238449,-4.38698721,4.0198884,0,,,,50
55636608,0.5,1,1,1.0380702,0.0402930379,0,0,0,15.9304171,-4.38698721,8.51733685,8.43064213,0,13.3309927,-4.38698721,4.0198884,0,,,,50
55637738,0.5,1,1,1.03189516,0.0402930379,0,0,0,15.9349623,-3.84806991,8.55953121,8.43064213,0,13.3309927,-3.84806991,3.98799324,0,,,,50
55638865,0.5,1,1,1.03189516,0.0322344303,0,0,0,15.9349623,-3.84806991,8.53843403,8.42641926,0,13.3309927,-3.84806991,3.98799324,0,,,,50
55639996,0.5,1,1,1.03189516,0.0241758227,0,0,0,15.9349623,-3.34197259,8.57460117,8.42853069,0,13.3238449,-3.34197259,3.95609808,0,,,,50
55641122,0.5,1,1,1.02303147,0.0161172152,0,0,0,15.9349623,-3.34197259,8.55048943,8.43064213,0,13.3309927,-3.34197259,3.95609808,0,,,,50
55642257,0.5,1,1,1.02303147,0.0161172152,0,0,0,15.9349623,-2.86688566,8.56555939,8.43275356,0,13.3309927,-2.86688566,3.93306684,0,,,,50
55643589,0.5,1,1,1.02303147,0.00805860758,0,0,0,15.9349623,-2.86688566,8.58665657,8.43064213,0,13.3309927,-2.86688566,3.93306684,0,,,,50
55644719,0.5,1,1,1.00575304,0.00805860758,0,0,0,15.9395075,-2.38451886,8.5444622,8.43064213,0,13.3309927,-2.38451886,3.9273138,0,,,,50
55645846,0.5,1,1,1.00575304,0.00805860758,0,0,0,15.9349623,-2.38451886,8.53240585,8.43064213,0,13.3238449,-2.38451886,3.9273138,0,,,,50
55646976,0.5,1,1,1.00575304,0.00805860758,0,0,0,15.9395075,-1.87029672,8.58062935,8.42853069,0,13.3309927,-1.87029672,3.92156076,0,,,,50
55648103,0.5,1,1,1.00575304,0.00805860758,0,0,0,15.9349623,-1.87029672,8.55350399,8.42853069,0,13.3309927,-1.87029672,3.92156076,0,,,,50
55649238,0.5,1,1,0.973127484,0.0161172152,0,0,0,15.9395075,-1.29254937,8.54144764,8.42641926,0,13.3309927,-1.29254937,3.9484334,0,,,,50
55650365,0.5,1,1,0.973127484,0.00805860758,0,0,0,15.9395075,-1.29254937,8.57158756,8.42853069,0,13.3309927,-1.29254937,3.9484334,0,,,,50
55651495,0.5,1,1,0.973127484,0.00805860758,0,0,0,15.9349623,-0.619376123,8.56254578,8.43064213,0,13.3309927,-0.619376123,3.9753058,0,,,,50
55652622,0.5,0,1,0.973127484,0,0,0,0,15.9349623,-0.619376123,8.56555939,8.43064213,0,13.3309927,-0.619376123,3.9753058,0,,,,50
55653753,0.5,0,1,0.965357542,0,0,0,0,15.9395075,0.116486698,8.56254578,8.43064213,0,13.3309927,0.116486698,4.00994825,0,,,,50
55654879,0.5,0,1,0.965357542,0,0,0,0,15.9349623,0.116486698,8.58364296,8.43064213,0,13.3309927,0.116486698,4.00994825,0,,,,50
55656010,0.5,1,1,0.965357542,0.0322344303,0,0,0,15.9349623,0.865889668,8.54144764,8.42853069,0,13.3309927,0.865889668,4.04459095,0,,,,50
55657141,0.5,1,1,0.965357542,0.0322344303,0,0,0,15.9349623,0.865889668,8.53542042,8.42641926,0,13.3024006,0.865889668,4.04459095,0,,,,50
55658272,0.5,1,1,0.943220496,0.056410253,0,0,0,15.9349623,1.62677312,8.55350399,8.42853069,0,13.3238449,1.62677312,4.10137033,0,,,,50
55659398,0.5,1,1,0.943220496,0.0402930379,0,0,0,15.9349623,1.62677312,8.5444622,8.42853069,0,13.3309927,1.62677312,4.10137033,0,,,,50
55660529,0.5,1,1,0.943220496,0.0644688606,0,0,0,15.9304171,2.41335726,8.50528145,8.42853069,0,13.3238449,2.41335726,4.15814972,0,,,,50
55661656,0.5,1,1,0.934932113,0.0725274682,0,0,0,15.9304171,2.41335726,8.49925327,8.42008495,0,13.3309927,2.41335726,4.15814972,0,,,,50
55662786,0.5,0.909090936,1,0.934932113,0.0805860758,0.00805860758,0,0,15.9304171,3.20716262,8.4932251,8.41797352,0,13.3238449,3.20716262,4.22321749,0,,,,50
55664117,0.5,1,1,0.934932113,0.0644688606,0,0,0,15.9304171,3.20716262,8.47514153,8.40319443,0,13.3309927,3.20716262,4.22321749,0,,,,50
55665252,0.5,0.800000012,1,0.934932113,0.0967032909,0.0241758227,0,0,15.9304171,3.98256302,8.50829506,8.39474869,0,13.3238449,3.98256302,4.28828526,0,,,,50
55666379,0.5,0.785714269,1,0.941662192,0.0886446834,0.0241758227,0,0,15.9349623,3.98256302,8.47815609,8.39897156,0,13.3309927,3.98256302,4.28828526,0,,,,50
55667510,0.5,0.800000012,1,0.941662192,0.0967032909,0.0241758227,0,0,15.9349623,4.6984868,8.50226688,8.40530586,0,13.3309927,4.6984868,4.34662342,0,,,,50
55668636,0.5,0.736842096,1,0.941662192,0.112820506,0.0402930379,0,0,15.9349623,4.6984868,8.4811697,8.39263725,0,13.3238449,4.6984868,4.34662342,0,,,,50
55669767,0.5,0.739130437,1,0.941662192,0.136996329,0.0483516455,0,0,15.9304171,5.3187356,8.46308613,8.37152386,0,13.3238449,5.3187356,4.40496111,0,,,,50
55670893,0.5,0.708333313,1,0.942663312,0.136996329,0.056410253,0,0,15.9304171,5.3187356,8.45404434,8.39263725,0,13.3238449,5.3187356,4.40496111,0,,,,50
55672024,0.5,0.724137902,1,0.942663312,0.169230759,0.0644688606,0,0,15.9258718,5.83902884,8.27923679,8.36518955,0,13.3166971,5.83902884,4.46229744,0,,,,50
55673155,0.5,0.620689631,1,0.942663312,0.145054936,0.0886446834,0,0,15.9304171,5.83902884,8.3937664,8.35885525,0,13.3238449,5.83902884,4.46229744,0,,,,50
55674286,0.5,0.636363626,1,0.942663312,0.169230759,0.0967032909,0,0,15.9349623,6.26934814,8.30033493,8.35674477,0,13.3238449,6.26934814,4.51963425,0,,,,50
55675412,0.5,0.568181813,1,0.950070858,0.201465189,0.153113544,0,0,15.9213276,6.26934814,8.40883541,8.3314085,0,13.3166971,6.26934814,4.51963425,0,,,,50
55676543,0.5,0.565217376,1,0.950070858,0.209523797,0.161172152,0,0,15.9213276,6.60921192,8.4058218,8.32929707,0,13.3095493,6.60921192,4.56956339,0,,,,50
55677670,0.5,0.571428597,1,0.950070858,0.193406582,0.145054936,0,0,15.9167824,6.60921192,8.40280819,8.33985329,0,13.3166971,6.60921192,4.56956339,0,,,,50
55678801,0.5,0.568627477,1,0.920799136,0.23369962,0.177289367,0,0,15.9122372,6.91134453,8.37266827,8.31240559,0,13.3166971,6.91134453,4.64876413,0,,,,50
55679932,0.5,0.551724136,1,0.920799136,0.257875443,0.209523797,0,0,15.9122372,6.91134453,8.37266827,8.30818272,0,13.3166971,6.91134453,4.64876413,0,,,,50
55681063,0.5,0.54285717,1,0.920799136,0.306227088,0.257875443,0,0,15.9031467,7.25446415,8.33348751,8.28918076,0,13.3095493,7.25446415,4.72796488,0,,,,50
55682190,0.5,0.535211265,1,0.920799136,0.306227088,0.26593405,0,0,15.907692,7.25446415,8.32745934,8.28073597,0,13.3095493,7.25446415,4.72796488,0,,,,50
55683321,0.5,0.527777791,1,0.920799136,0.306227088,0.273992658,0,0,15.8986015,7.63579559,8.31841755,8.27440166,0,13.3166971,7.63579559,4.80716562,0,,,,50
55684447,0.5,0.550724626,1,0.920799136,0.306227088,0.249816835,0,0,15.9122372,7.63579559,8.33951569,8.30607224,0,13.3166971,7.63579559,4.80716562,0,,,,50
55685781,0.5,0.551724136,1,0.920799136,0.257875443,0.209523797,0,0,15.9167824,8.01998806,8.38472462,8.31873989,0,13.3166971,8.01998806,4.88636637,0,,,,50
55686908,0.5,0.571428597,1,0.920799136,0.225641012,0.169230759,0,0,15.9167824,8.01998806,8.41184998,8.3250742,0,13.3238449,8.01998806,4.88636637,0,,,,50
55688043,0.5,0.540000021,1,0.920799136,0.217582405,0.185347974,0,0,15.9167824,8.38673115,8.4058218,8.32718563,0,13.3095493,8.38673115,4.96556711,0,,,,50
55689170,0.5,0.547169805,1,0.920799136,0.23369962,0.193406582,0,0,15.9213276,8.38673115,8.39075184,8.32085133,0,13.3238449,8.38673115,4.96556711,0,,,,50
55690300,0.5,0.568627477,1,0.920799136,0.23369962,0.177289367,0,0,15.9122372,8.72542095,8.38773823,8.31662846,0,13.3238449,8.72542095,5.04476833,0,,,,50
55691427,0.5,0.566666663,1,0.920799136,0.273992658,0.209523797,0,0,15.907692,8.72542095,8.33348751,8.30184937,0,13.3095493,8.72542095,5.04476833,0,,,,50
55692557,0.5,0.53125,1,0.920799136,0.273992658,0.241758227,0,0,15.907692,9.031703,8.33650112,8.30607224,0,13.3166971,9.031703,5.12396908,0,,,,50
55693684,0.5,0.555555582,1,0.920799136,0.282051265,0.225641012,0,0,15.9122372,9.031703,8.36061287,8.3039608,0,13.3166971,9.031703,5.12396908,0,,,,50
55694814,0.5,0.557142854,1,0.920799136,0.314285696,0.249816835,0,0,15.8986015,9.30511284,8.31841755,8.28918076,0,13.3166971,9.30511284,5.20316982,0,,,,50
55695946,0.5,0.541666687,1,0.965474367,0.314285696,0.26593405,0,0,15.9031467,9.30511284,8.33951569,8.28706932,0,13.3095493,9.30511284,5.20316982,0,,,,50
55697076,0.5,0.54285717,1,0.965474367,0.306227088,0.257875443,0,0,15.9031467,9.46454239,8.32745934,8.28706932,0,13.2952528,9.46454239,5.23769522,0,,,,50
55698203,0.5,0.547945201,1,0.965474367,0.322344303,0.26593405,0,0,15.907692,9.46454239,8.30334854,8.28073597,0,13.3095493,9.46454239,5.23769522,0,,,,50
55699334,0.5,0.539473712,1,0.965474367,0.330402911,0.282051265,0,0,15.9031467,9.42110348,8.30636215,8.28073597,0,13.3095493,9.42110348,5.27222061,0,,,,50
55700460,0.5,0.549295783,1,0.973127484,0.314285696,0.257875443,0,0,15.9031467,9.42110348,8.32143211,8.28284645,0.00714798551,13.3166971,9.42110348,5.27222061,0,,,,50
55701591,0.5,0.557142854,1,0.973127484,0.314285696,0.249816835,0,0,15.907692,9.20391083,8.33951569,8.28918076,0,13.3166971,9.20391083,5.29909325,0,,,,50
55702718,0.5,0.54411763,1,0.973127484,0.29816848,0.249816835,0,0,15.9031467,9.20391083,8.33951569,8.29340363,0,13.3166971,9.20391083,5.29909325,0,,,,50
55703853,0.5,0.53125,1,0.989171386,0.273992658,0.241758227,0,0,15.907692,8.85032558,8.36061287,8.2976265,0,13.3166971,8.85032558,5.30992174,0,,,,50
55704980,0.5,0.555555582,1,0.989171386,0.282051265,0.225641012,0,0,15.907692,8.85032558,8.35759926,8.30184937,0,13.3095493,8.85032558,5.30992174,0,,,,50
55706314,0.5,0.568965495,1,0.989171386,0.26593405,0.201465189,0,0,15.9122372,8.38648415,8.37568283,8.31451702,0,13.3166971,8.38648415,5.32075024,0,,,,50
55707441,0.5,0.54838711,1,0.989171386,0.273992658,0.225641012,0,0,15.907692,8.38648415,8.36965466,8.30607224,0,13.3238449,8.38648415,5.32075024,0,,,,50
55708572,0.5,0.545454562,1,1.02290034,0.241758227,0.201465189,0,0,15.9167824,7.80942011,8.36664104,8.31873989,0,13.3166971,7.80942011,5.29785013,0,,,,50
55709698,0.5,0.592592597,1,1.02290034,0.257875443,0.177289367,0,0,15.9122372,7.80942011,8.37568283,8.31662846,0,13.3238449,7.80942011,5.29785013,0,,,,50
55710835,0.5,0.549019635,1,1.02290034,0.225641012,0.185347974,0,0,15.9167824,7.10450554,8.4058218,8.32296276,0,13.3095493,7.10450554,5.27494955,0,,,,50
55711961,0.5,0.579999983,1,1.04077804,0.23369962,0.169230759,0,0,15.9167824,7.10450554,8.40883541,8.3314085,0,13.3166971,7.10450554,5.27494955,0,,,,50
55713091,0.5,0.613636374,1,1.04077804,0.217582405,0.136996329,0,0,15.9258718,6.29982853,8.4178772,8.34407616,0,13.3238449,6.29982853,5.23417139,0,,,,50
55714218,0.5,0.552631557,1,1.04077804,0.169230759,0.136996329,0,0,15.9304171,6.29982853,8.42390537,8.35041046,0,13.3238449,6.29982853,5.23417139,0,,,,50
55715349,0.5,0.551724136,1,1.04077804,0.128937721,0.104761899,0,0,15.9304171,5.434268,8.29430676,8.36730099,0,13.3238449,5.434268,5.19339323,0,,,,50
55716475,0.5,0.621621609,1,1.04091382,0.185347974,0.112820506,0,0,15.9258718,5.434268,8.3425293,8.37152386,0,13.3238449,5.434268,5.19339323,0,,,,50
55717606,0.5,0.815789461,1,1.04091382,0.249816835,0.056410253,0,0,15.9258718,4.56630659,8.44801617,8.38208103,0,13.3309927,4.56630659,5.15247965,0,,,,50
55718737,0.5,0.714285731,1,1.04091382,0.161172152,0.0644688606,0,0,15.9304171,4.56630659,8.42390537,8.39052582,0,13.3309927,4.56630659,5.15247965,0,,,,50
55719868,0.5,0.772727251,1,1.04995334,0.136996329,0.0402930379,0,0,15.9304171,3.73203492,8.45404434,8.40530586,0,13.3238449,3.73203492,5.10252619,0,,,,50
55720994,0.5,0.727272749,1,1.04995334,0.128937721,0.0483516455,0,0,15.9258718,3.73203492,8.48719788,8.40319443,0,13.3309927,3.73203492,5.10252619,0,,,,50
55722125,0.5,0.777777791,1,1.04995334,0.112820506,0.0322344303,0,0,15.9349623,2.94027519,8.47514153,8.40108299,0,13.3238449,2.94027519,5.05257273,0,,,,50
55723252,0.5,0.722222209,1,1.04609931,0.104761899,0.0402930379,0,0,15.9349623,2.94027519,8.4811697,8.40530586,0,13.3309927,2.94027519,5.05257273,0,,,,50
55724382,0.5,0.769230783,1,1.04609931,0.0805860758,0.0241758227,0,0,15.9304171,2.21725631,8.5444622,8.40108299,0,13.3309927,2.21725631,5.00647354,0,,,,50
55725509,0.5,0.785714269,1,1.04609931,0.0886446834,0.0241758227,0,0,15.9349623,2.21725631,8.4811697,8.40530586,0,13.3309927,2.21725631,5.00647354,0,,,,50
55726848,0.5,0.800000012,1,1.04609931,0.0644688606,0.0161172152,0,0,15.9349623,1.5876596,8.50528145,8.40319443,0,13.3238449,1.5876596,4.96037436,0,,,,50
55727975,0.5,0.818181813,1,1.04609931,0.0725274682,0.0161172152,0,0,15.9349623,1.5876596,8.53542042,8.41375065,0,13.3238449,1.5876596,4.96037436,0,,,,50
55729105,0.5,0.888888896,1,1.04609931,0.0644688606,0.00805860758,0,0,15.9304171,1.0526464,8.51733685,8.40952778,0,13.3309927,1.0526464,4.91427517,0,,,,50
55730232,0.5,0.857142866,1,1.04609931,0.0483516455,0.00805860758,0,0,15.9349623,1.0526464,8.53843403,8.42430782,0,13.3309927,1.0526464,4.91427517,0,,,,50
55731363,0.5,0.857142866,1,1.04609931,0.0483516455,0.00805860758,0,0,15.9349623,0.602732778,8.54747581,8.4074173,0,13.3309927,0.602732778,4.86817598,0,,,,50
55732489,0.5,0.833333313,1,1.04609931,0.0402930379,0.00805860758,0,0,15.9395075,0.602732778,8.50528145,8.42430782,0,13.3309927,0.602732778,4.86817598,0,,,,50
55733619,0.5,1,1,1.04609931,0.0322344303,0,0,0,15.9395075,0.22704713,8.52336502,8.42641926,0,13.3166971,0.22704713,4.82207632,0,,,,50
55734751,0.5,1,1,1.07818484,0.0322344303,0,0,0,15.9349623,0.22704713,8.53542042,8.43064213,0,13.3238449,0.22704713,4.82207632,0,,,,50
55735881,0.5,1,1,1.07818484,0.0402930379,0,0,0,15.9349623,-0.144989982,8.52637863,8.43486404,0,13.3309927,-0.144989982,4.74389172,0,,,,50
55737008,0.5,1,1,1.07818484,0.0402930379,0,0,0,15.9349623,-0.144989982,8.50829506,8.43064213,0,13.3238449,-0.144989982,4.74389172,0,,,,50
55738138,0.5,1,1,1.06069994,0.0402930379,0,0,0,15.9304171,-0.5573439,8.568573,8.43064213,0,13.3309927,-0.5573439,4.68319178,0,,,,50
55739265,0.5,1,1,1.06069994,0.0322344303,0,0,0,15.9349623,-0.5573439,8.56555939,8.43064213,0,13.3309927,-0.5573439,4.68319178,0,,,,50
55740396,0.5,1,1,1.06069994,0.0241758227,0,0,0,15.9349623,-0.95485723,8.55953121,8.43486404,0,13.3309927,-0.95485723,4.62249184,0,,,,50
55741527,0.5,1,1,1.05929184,0.0322344303,0,0,0,15.9349623,-0.95485723,8.5565176,8.43486404,0,13.3309927,-0.95485723,4.62249184,0,,,,50
55742658,0.5,1,1,1.05929184,0.0241758227,0,0,0,15.9349623,-1.30174696,8.53542042,8.43486404,0,13.3309927,-1.30174696,4.5632,0,,,,50
55743784,0.5,1,1,1.05929184,0.0322344303,0,0,0,15.9395075,-1.30174696,8.5444622,8.43486404,0,13.3309927,-1.30174696,4.5632,0,,,,50
55744915,0.5,1,1,1.05929184,0.0241758227,0,0,0,15.9395075,-1.59800446,8.56254578,8.43064213,0,13.3238449,-1.59800446,4.50390816,0,,,,50
55746041,0.5,1,1,1.05774724,0.0241758227,0,0,0,15.9349623,-1.59800446,8.58967113,8.43275356,0,13.3166971,-1.59800446,4.50390816,0,,,,50
55747172,0.5,1,1,1.05774724,0.0241758227,0,0,0,15.9349623,-1.8464011,8.59569836,8.43275356,0,13.3309927,-1.8464011,4.44616127,0,,,,50
55748503,0.5,1,1,1.05774724,0.0241758227,0,0,0,15.9349623,-1.8464011,8.53542042,8.43275356,0,13.3309927,-1.8464011,4.44616127,0,,,,50
55749638,0.5,1,1,1.04995334,0.0161172152,0,0,0,15.9349623,-2.03689528,8.55350399,8.43275356,0,13.3238449,-2.03689528,4.39620781,0,,,,50
55750765,0.5,1,1,1.04995334,0.0322344303,0,0,0,15.9349623,-2.03689528,8.52939224,8.43275356,0,13.3309927,-2.03689528,4.39620781,0,,,,50
55751895,0.5,1,1,1.04995334,0.0241758227,0,0,0,15.9349623,-2.16158795,8.52336502,8.43064213,0,13.3309927,-2.16158795,4.34625435,0,,,,50
55753022,0.5,1,1,1.04995334,0.0322344303,0,0,0,15.9304171,-2.16158795,8.53240585,8.43064213,0,13.3238449,-2.16158795,4.34625435,0,,,,50
55754153,0.5,1,1,1.02381897,0.0241758227,0,0,0,15.9395075,-2.18750811,8.58967113,8.42853069,0,13.3309927,-2.18750811,4.32243586,0,,,,50
55755279,0.5,1,1,1.02381897,0.0241758227,0,0,0,15.9304171,-2.18750811,8.52336502,8.43064213,0,13.3095493,-2.18750811,4.32243586,0,,,,50
55756410,0.5,1,1,1.02381897,0.0322344303,0,0,0,15.9349623,-2.08137608,8.58967113,8.43064213,0,13.3238449,-2.08137608,4.29861689,0,,,,50
55757541,0.5,1,1,1.02303147,0.0241758227,0,0,0,15.9349623,-2.08137608,8.56254578,8.43064213,0,13.3309927,-2.08137608,4.29861689,0,,,,50
55758672,0.5,1,1,1.02303147,0.00805860758,0,0,0,15.9395075,-1.8786639,8.56555939,8.43064213,0,13.3309927,-1.8786639,4.27558517,0,,,,50
55759799,0.5,0,1,1.02303147,0,0,0,0,15.9395075,-1.8786639,8.57158756,8.43064213,0,13.3309927,-1.8786639,4.27558517,0,,,,50
55760929,0.5,0,1,1.02303147,0,0,0,0,15.9349623,-1.63304985,8.568573,8.43064213,0,13.3095493,-1.63304985,4.25255394,0,,,,50
55762056,0.5,1,1,1.02303147,0.00805860758,0,0,0,15.9349623,-1.63304985,8.56555939,8.43064213,0,13.3166971,-1.63304985,4.25255394,0,,,,50
55763186,0.5,1,1,1.02303147,0.00805860758,0,0,0,15.9395075,-1.37946665,8.56555939,8.43064213,0,13.3166971,-1.37946665,4.22952223,0,,,,50
55764313,0.5,1,1,1.02303147,0.0161172152,0,0,0,15.9349623,-1.37946665,8.54747581,8.42430782,0,13.3238449,-1.37946665,4.22952223,0,,,,50
55765448,0.5,1,1,1.02303147,0.0161172152,0,0,0,15.9349623,-1.13943958,8.53542042,8.43064213,0,13.3309927,-1.13943958,4.20649099,0,,,,50
55766575,0.5,1,1,1.02303147,0.0161172152,0,0,0,15.9395075,-1.13943958,8.54747581,8.43064213,0,13.3309927,-1.13943958,4.20649099,0,,,,50
55767705,0.5,1,1,1.02303147,0.0161172152,0,0,0,15.9304171,-0.924548686,8.52939224,8.42853069,0,13.3238449,-0.924548686,4.18345928,0,,,,50
55769036,0.5,1,1,1.02303147,0.0161172152,0,0,0,15.9349623,-0.924548686,8.52336502,8.42853069,0,13.3166971,-0.924548686,4.18345928,0,,,,50
55770166,0.5,1,1,1.00676823,0.00805860758,0,0,0,15.9349623,-0.709701836,8.55048943,8.42853069,0,13.3309927,-0.709701836,4.17669153,0,,,,50
55771293,0.5,1,1,1.00676823,0.00805860758,0,0,0,15.9349623,-0.709701836,8.55953121,8.42853069,0,13.3238449,-0.709701836,4.17669153,0,,,,50
55772428,0.5,0,1,1.00676823,0,0,0,0,15.9349623,-0.462456822,8.568573,8.43064213,0,13.3166971,-0.462456822,4.16992331,0,,,,50
55773554,0.5,1,1,0.997455657,0.0241758227,0,0,0,15.9349623,-0.462456822,8.5565176,8.42219639,0,13.3309927,-0.462456822,4.16992331,0,,,,50
55774685,0.5,1,1,0.997455657,0.0161172152,0,0,0,15.9349623,-0.178602174,8.55350399,8.42853069,0,13.3309927,-0.178602174,4.17246771,0,,,,50
55775812,0.5,1,1,0.997455657,0.0241758227,0,0,0,15.9349623,-0.178602174,8.56555939,8.42853069,0,13.3309927,-0.178602174,4.17246771,0,,,,50
55776942,0.5,1,1,0.997455657,0.0161172152,0,0,0,15.9304171,0.134883076,8.53240585,8.42853069,0,13.3095493,0.134883076,4.17501163,0,,,,50
55778069,0.5,1,1,0.97682035,0.0402930379,0,0,0,15.9349623,0.134883076,8.54144764,8.42853069,0,13.3095493,0.134883076,4.17501163,0,,,,50
55779199,0.5,1,1,0.97682035,0.0483516455,0,0,0,15.9395075,0.493513674,8.51733685,8.42853069,0,13.3309927,0.493513674,4.19819164,0,,,,50
55780331,0.5,1,1,0.97682035,0.0402930379,0,0,0,15.9349623,0.493513674,8.52637863,8.42853069,0,13.3238449,0.493513674,4.19819164,0,,,,50
55781462,0.5,1,1,0.973008811,0.0322344303,0,0,0,15.9349623,0.923289776,8.49925327,8.43064213,0,13.3309927,0.923289776,4.22518253,0,,,,50
55782588,0.5,1,1,0.973008811,0.0483516455,0,0,0,15.9349623,0.923289776,8.52637863,8.42641926,0,13.3238449,0.923289776,4.22518253,0,,,,50
55783719,0.5,1,1,0.973008811,0.056410253,0,0,0,15.9349623,1.40123522,8.4811697,8.42853069,0,13.3309927,1.40123522,4.2521739,0,,,,50
55784846,0.5,1,1,0.973008811,0.056410253,0,0,0,15.9349623,1.40123522,8.53240585,8.42641926,0,13.3309927,1.40123522,4.2521739,0,,,,50
55785976,0.5,1,1,0.94199568,0.056410253,0,0,0,15.9304171,1.93957317,8.49925327,8.43064213,0,13.3309927,1.93957317,4.31017828,0,,,,50
55787103,0.5,1,1,0.94199568,0.0644688606,0,0,0,15.9304171,1.93957317,8.57460117,8.41797352,0,13.3309927,1.93957317,4.31017828,0,,,,50
55788238,0.5,1,1,0.94199568,0.056410253,0,0,0,15.9349623,2.57186532,8.55953121,8.41163921,0,13.3238449,2.57186532,4.36818266,0,,,,50
55789364,0.5,1,1,0.94199568,0.0725274682,0,0,0,15.9349623,2.57186532,8.44801617,8.41586208,0,13.3238449,2.57186532,4.36818266,0,,,,50
55790699,0.5,0.909090936,1,0.906880975,0.0805860758,0.00805860758,0,0,15.9304171,3.31999016,8.49021149,8.40530586,0,13.3309927,3.31999016,4.46130133,0,,,,50
55791825,0.5,0.785714269,1,0.906880975,0.0886446834,0.0241758227,0,0,15.9304171,3.31999016,8.48719788,8.40319443,0,13.3238449,3.31999016,4.46130133,0,,,,50
55792956,0.5,0.733333349,1,0.906880975,0.0886446834,0.0322344303,0,0,15.9304171,4.19482851,8.46308613,8.38208103,0,13.3238449,4.19482851,4.55442047,0,,,,50
55794083,0.5,0.714285731,1,0.906880975,0.0805860758,0.0322344303,0,0,15.9304171,4.19482851,8.49623966,8.38419151,0,13.3238449,4.19482851,4.55442047,0,,,,50
55795218,0.5,0.727272749,1,0.924318969,0.128937721,0.0483516455,0,0,15.9258718,5.09826708,8.46308613,8.35885525,0,13.3238449,5.09826708,4.63010168,0,,,,50
55796345,0.5,0.727272749,1,0.924318969,0.128937721,0.0483516455,0,0,15.9304171,5.09826708,8.47514153,8.39052582,0,13.3238449,5.09826708,4.63010168,0,,,,50
55797475,0.5,0.772727251,1,0.924318969,0.136996329,0.0402930379,0,0,15.9304171,5.9150815,8.45103073,8.40952778,0,13.3238449,5.9150815,4.70578241,0,,,,50
55798602,0.5,0.696969688,1,0.94255203,0.185347974,0.0805860758,0,0,15.9304171,5.9150815,8.26416779,8.36307812,0,13.3238449,5.9150815,4.70578241,0,,,,50
55799732,0.5,0.59375,1,0.94255203,0.153113544,0.104761899,0,0,15.9258718,6.58261585,8.35759926,8.33774185,0,13.3238449,6.58261585,4.76323032,0,,,,50
55800859,0.5,0.651162803,1,0.94255203,0.225641012,0.120879114,0,0,15.9304171,6.58261585,8.52336502,8.3525219,0,13.3238449,6.58261585,4.76323032,0,,,,50
55801989,0.5,0.555555582,1,0.94255203,0.201465189,0.161172152,0,0,15.9213276,7.07268572,8.39075184,8.3250742,0,13.3238449,7.07268572,4.82067823,0,,,,50
55803121,0.5,0.579999983,1,0.938781857,0.23369962,0.169230759,0,0,15.9213276,7.07268572,8.40280819,8.32929707,0,13.3166971,7.07268572,4.82067823,0,,,,50
55804252,0.5,0.543859661,1,0.938781857,0.249816835,0.209523797,0,0,15.9031467,7.42048216,8.3425293,8.29551506,0,13.3166971,7.42048216,4.8818965,0,,,,50
55805378,0.5,0.552238822,1,0.938781857,0.29816848,0.241758227,0,0,15.9031467,7.42048216,8.3425293,8.29340363,0,13.2952528,7.42048216,4.8818965,0,,,,50
55806509,0.5,0.552238822,1,0.938781857,0.29816848,0.241758227,0,0,15.907692,7.67901182,8.33951569,8.28706932,0,13.3024006,7.67901182,4.94311428,0,,,,50
55807635,0.5,0.554054081,1,0.935151219,0.330402911,0.26593405,0,0,15.907692,7.67901182,8.3304739,8.28284645,0,13.3166971,7.67901182,4.94311428,0,,,,50
55808766,0.5,0.558823526,1,0.935151219,0.306227088,0.241758227,0,0,15.907692,7.88426208,8.33650112,8.28918076,0,13.3166971,7.88426208,5.00796318,0,,,,50
55809892,0.5,0.532258093,1,0.935151219,0.26593405,0.23369962,0,0,15.9167824,7.88426208,8.37869644,8.3039608,0,13.3166971,7.88426208,5.00796318,0,,,,50
55811232,0.5,0.551724136,1,0.935151219,0.257875443,0.209523797,0,0,15.9167824,8.06040955,8.38472462,8.31240559,0,13.3166971,8.06040955,5.0728116,0,,,,50
55812358,0.5,0.547169805,1,0.935041606,0.23369962,0.193406582,0,0,15.9167824,8.06040955,8.41184998,8.32296276,0,13.3166971,8.06040955,5.0728116,0,,,,50
55813489,0.5,0.547169805,1,0.935041606,0.23369962,0.193406582,0,0,15.9167824,8.21690178,8.37568283,8.31873989,0,13.3166971,8.21690178,5.13777018,0,,,,50
55814615,0.5,0.55737704,1,0.935041606,0.273992658,0.217582405,0,0,15.9122372,8.21690178,8.35157108,8.31029415,0,13.3166971,8.21690178,5.13777018,0,,,,50
55815746,0.5,0.540983617,1,0.942440689,0.26593405,0.225641012,0,0,15.907692,8.34298038,8.34855747,8.3039608,0,13.3166971,8.34298038,5.19532919,0,,,,50
55816872,0.5,0.578125,1,0.942440689,0.29816848,0.217582405,0,0,15.907692,8.34298038,8.36664104,8.29973793,0,13.3166971,8.34298038,5.19532919,0,,,,50
55818003,0.5,0.560606062,1,0.942440689,0.29816848,0.23369962,0,0,15.907692,8.42604828,8.33951569,8.29340363,0,13.3166971,8.42604828,5.25288868,0,,,,50
55819134,0.5,0.55384618,1,0.942440689,0.290109873,0.23369962,0,0,15.907692,8.42604828,8.34855747,8.29551506,0,13.3166971,8.42604828,5.25288868,0,,,,50
55820265,0.5,0.5625,1,0.931439877,0.290109873,0.225641012,0,0,15.907692,8.49541664,8.36061287,8.30607224,0,13.3095493,8.49541664,5.3214488,0,,,,50
55821392,0.5,0.5625,1,0.931439877,0.290109873,0.225641012,0,0,15.907692,8.49541664,8.32143211,8.30818272,0,13.3166971,8.49541664,5.3214488,0,,,,50
55822522,0.5,0.54838711,1,0.931439877,0.273992658,0.225641012,0,0,15.9167824,8.58892536,8.35458469,8.30184937,0,13.3166971,8.58892536,5.39000893,0,,,,50
55823649,0.5,0.586206913,1,0.931439877,0.273992658,0.193406582,0,0,15.9167824,8.58892536,8.38171005,8.32085133,0,13.3166971,8.58892536,5.39000893,0,,,,50
55824779,0.5,0.542372882,1,0.927757919,0.257875443,0.217582405,0,0,15.9122372,8.71352386,8.36965466,8.31240559,0,13.3166971,8.71352386,5.46225071,0,,,,50
55825911,0.5,0.563636363,1,0.927757919,0.249816835,0.193406582,0,0,15.9122372,8.71352386,8.35759926,8.31240559,0,13.3166971,8.71352386,5.46225071,0,,,,50
55827041,0.5,0.54838711,1,0.927757919,0.273992658,0.225641012,0,0,15.9122372,8.86355972,8.36061287,8.31029415,0,13.3024006,8.86355972,5.53449249,0,,,,50
55828168,0.5,0.583333313,1,0.927757919,0.282051265,0.201465189,0,0,15.9122372,8.86355972,8.37266827,8.31662846,0,13.3166971,8.86355972,5.53449249,0,,,,50
55829299,0.5,0.584905684,1,0.973127484,0.249816835,0.177289367,0,0,15.9167824,8.94329643,8.36965466,8.31873989,0,13.3238449,8.94329643,5.56136513,0,,,,50
55830425,0.5,0.545454562,1,0.973127484,0.241758227,0.201465189,0,0,15.9167824,8.94329643,8.37568283,8.32085133,0,13.3166971,8.94329643,5.56136513,0,,,,50
55831556,0.5,0.589285731,1,0.973127484,0.26593405,0.185347974,0,0,15.9122372,8.84792042,8.36664104,8.31873989,0,13.3166971,8.84792042,5.58823776,0,,,,50
55832887,0.5,0.571428597,1,0.98114419,0.257875443,0.193406582,0,0,15.9122372,8.84792042,8.3937664,8.32296276,0,13.3166971,8.84792042,5.58823776,0,,,,50
55834022,0.5,0.545454562,1,0.98114419,0.241758227,0.201465189,0,0,15.9167824,8.59619904,8.38472462,8.32296276,0,13.3095493,8.59619904,5.60709333,0,,,,50
55835148,0.5,0.537037015,1,0.98114419,0.23369962,0.201465189,0,0,15.9167824,8.59619904,8.40280819,8.32718563,0,13.3166971,8.59619904,5.60709333,0,,,,50
55836279,0.5,0.595744669,1,1.00158727,0.225641012,0.153113544,0,0,15.9167824,8.21057034,8.38773823,8.32718563,0,13.3166971,8.21057034,5.60550594,0,,,,50
55837405,0.5,0.576271176,1,1.00158727,0.273992658,0.201465189,0,0,15.9167824,8.21057034,8.36965466,8.32085133,0,13.3166971,8.21057034,5.60550594,0,,,,50
55838536,0.5,0.591836751,1,1.00158727,0.23369962,0.161172152,0,0,15.9122372,7.70418739,8.39678001,8.33563042,0,13.3238449,7.70418739,5.60391855,0,,,,50
55839663,0.5,0.583333313,1,1.00158727,0.225641012,0.161172152,0,0,15.9167824,7.70418739,8.4058218,8.3250742,0,13.3166971,7.70418739,5.60391855,0,,,,50
55840793,0.5,0.560975611,1,1.03189516,0.185347974,0.145054936,0,0,15.9213276,7.08203173,8.41486359,8.33563042,0,13.3238449,7.08203173,5.57202339,0,,,,50
55841925,0.5,0.555555582,1,1.03189516,0.201465189,0.161172152,0,0,15.9213276,7.08203173,8.40280819,8.33774185,0,13.3166971,7.08203173,5.57202339,0,,,,50
55843055,0.5,0.547619045,1,1.03189516,0.185347974,0.153113544,0,0,15.9258718,6.34269381,8.4058218,8.32929707,0,13.3024006,6.34269381,5.54012823,0,,,,50
55844182,0.5,0.523809552,1,1.01846147,0.177289367,0.161172152,0,0,15.9258718,6.34269381,8.39075184,8.34407616,0,13.3238449,6.34269381,5.54012823,0,,,,50
55845313,0.5,0.606060624,1,1.01846147,0.161172152,0.104761899,0,0,15.9304171,5.57303333,8.60775471,8.36730099,0,13.3309927,5.57303333,5.521667,0,,,,50
55846439,0.5,0.707317054,1,1.01846147,0.23369962,0.0967032909,0,0,15.9304171,5.57303333,8.58967113,8.36096668,0,13.3238449,5.57303333,5.521667,0,,,,50
55847570,0.5,0.65625,1,1.01846147,0.169230759,0.0886446834,0,0,15.9349623,4.87234879,8.4178772,8.36730099,0,13.3309927,4.87234879,5.5032053,0,,,,50
55848696,0.5,0.642857134,1,1.02290034,0.145054936,0.0805860758,0,0,15.9304171,4.87234879,8.4178772,8.37785816,0,13.3238449,4.87234879,5.5032053,0,,,,50
55849831,0.5,0.678571403,1,1.02290034,0.153113544,0.0725274682,0,0,15.9349623,4.26050711,8.4691143,8.38419151,0,13.3238449,4.26050711,5.48030472,0,,,,50
55850958,0.5,0.769230783,1,1.02290034,0.161172152,0.0483516455,0,0,15.9304171,4.26050711,8.42390537,8.39474869,0,13.3238449,4.26050711,5.48030472,0,,,,50
55852088,0.5,0.761904776,1,1.01885152,0.128937721,0.0402930379,0,0,15.9304171,3.73159909,8.4932251,8.4074173,0,13.3238449,3.73159909,5.46145344,0,,,,50
55853419,0.5,0.772727251,1,1.01885152,0.136996329,0.0402930379,0,0,15.9349623,3.73159909,8.4811697,8.40319443,0,13.3309927,3.73159909,5.46145344,0,,,,50
55854550,0.5,0.777777791,1,1.01885152,0.112820506,0.0322344303,0,0,15.9304171,3.28966379,8.4932251,8.39686012,0,13.3238449,3.28966379,5.44260168,0,,,,50
55855677,0.5,0.777777791,1,1.0143187,0.112820506,0.0322344303,0,0,15.9304171,3.28966379,8.49021149,8.40108299,0,13.3309927,3.28966379,5.44260168,0,,,,50
55856812,0.5,0.800000012,1,1.0143187,0.0967032909,0.0241758227,0,0,15.9304171,2.93724394,8.51733685,8.41163921,0,13.3309927,2.93724394,5.42828321,0,,,,50
55857939,0.5,0.733333349,1,1.0143187,0.0886446834,0.0322344303,0,0,15.9349623,2.93724394,8.48719788,8.41586208,0,13.3238449,2.93724394,5.42828321,0,,,,50
55859070,0.5,0.75,1,1.0143187,0.0967032909,0.0322344303,0,0,15.9349623,2.67072272,8.50829506,8.39897156,0,13.3238449,2.67072272,5.41396427,0,,,,50
55860197,0.5,0.714285731,1,1.03631759,0.0805860758,0.0322344303,0,0,15.9349623,2.67072272,8.53542042,8.4074173,0,13.3309927,2.67072272,5.41396427,0,,,,50
55861328,0.5,0.75,1,1.03631759,0.0725274682,0.0241758227,0,0,15.9349623,2.43342662,8.4932251,8.38630295,0,13.3238449,2.43342662,5.37764692,0,,,,50
55862454,0.5,0.666666687,1,1.03631759,0.0644688606,0.0322344303,0,0,15.9304171,2.43342662,8.52939224,8.40530586,0,13.3309927,2.43342662,5.37764692,0,,,,50
55863585,0.5,0.615384638,1,1.04091382,0.0644688606,0.0402930379,0,0,15.9304171,2.1530962,8.52637863,8.39897156,0,13.3309927,2.1530962,5.33673334,0,,,,50
55864716,0.5,0.785714269,1,1.04091382,0.0886446834,0.0241758227,0,0,15.9349623,2.1530962,8.58364296,8.39897156,0,13.3238449,2.1530962,5.33673334,0,,,,50
55865847,0.5,0.777777791,1,1.04091382,0.056410253,0.0161172152,0,0,15.9349623,1.82594037,8.4932251,8.41163921,0,13.3309927,1.82594037,5.29581928,0,,,,50
55866973,0.5,0.699999988,1,1.04091382,0.056410253,0.0241758227,0,0,15.9304171,1.82594037,8.53542042,8.41375065,0,13.3238449,1.82594037,5.29581928,0,,,,50
55868103,0.5,0.777777791,1,1.04091382,0.056410253,0.0161172152,0,0,15.9304171,1.48463619,8.55048943,8.4074173,0,13.3309927,1.48463619,5.2549057,0,,,,50
55869230,0.5,1,1,1.04091382,0.0483516455,0,0,0,15.9349623,1.48463619,8.52637863,8.41375065,0,13.3238449,1.48463619,5.2549057,0,,,,50
55870361,0.5,0.857142866,1,1.04091382,0.0483516455,0.00805860758,0,0,15.9304171,1.15364003,8.51733685,8.41586208,0,13.3238449,1.15364003,5.21399164,0,,,,50
55871487,0.5,0.857142866,1,1.04091382,0.0483516455,0.00805860758,0,0,15.9349623,1.15364003,8.53240585,8.41586208,0,13.3238449,1.15364003,5.21399164,0,,,,50
55872622,0.5,0.857142866,1,1.04091382,0.0483516455,0.00805860758,0,0,15.9349623,0.846363664,8.54144764,8.42219639,0,13.3309927,0.846363664,5.17307806,0,,,,50
55873953,0.5,0.75,1,1.04091382,0.0483516455,0.0161172152,0,0,15.9349623,0.846363664,8.51432323,8.41797352,0,13.3309927,0.846363664,5.17307806,0,,,,50
55875083,0.5,0.875,1,1.04091382,0.056410253,0.00805860758,0,0,15.9349623,0.569052637,8.56555939,8.42641926,0,13.3095493,0.569052637,5.132164,0,,,,50
55876210,0.5,1,1,1.04091382,0.056410253,0,0,0,15.9349623,0.569052637,8.52336502,8.42219639,0,13.3309927,0.569052637,5.132164,0,,,,50
55877340,0.5,1,1,1.04091382,0.0402930379,0,0,0,15.9349623,0.323416173,8.54144764,8.43064213,0,13.3238449,0.323416173,5.09125042,0,,,,50
55878467,0.5,1,1,1.04091382,0.0402930379,0,0,0,15.9349623,0.323416173,8.53843403,8.43275356,0,13.3309927,0.323416173,5.09125042,0,,,,50
55879598,0.5,1,1,1.02303147,0.0402930379,0,0,0,15.9349623,0.141622901,8.51130867,8.43064213,0,13.3238449,0.141622901,5.06821871,0,,,,50
55880729,0.5,1,1,1.02303147,0.0402930379,0,0,0,15.9349623,0.141622901,8.53843403,8.42219639,0,13.3095493,0.141622901,5.06821871,0,,,,50
55881860,0.5,1,1,1.02303147,0.0322344303,0,0,0,15.9349623,0.0579197407,8.57460117,8.42853069,0,13.3309927,0.0579197407,5.04518747,0,,,,50
55882987,0.5,1,1,1.01020956,0.0322344303,0,0,0,15.9349623,0.0579197407,8.55953121,8.42430782,0,13.3309927,0.0579197407,5.04518747,0,,,,50
55884117,0.5,1,1,1.01020956,0.0402930379,0,0,0,15.9349623,0.0769197196,8.5565176,8.43275356,0,13.3309927,0.0769197196,5.03497791,0,,,,50
55885243,0.5,1,1,1.01020956,0.0402930379,0,0,0,15.9349623,0.0769197196,8.53240585,8.42430782,0,13.3238449,0.0769197196,5.03497791,0,,,,50
55886374,0.5,1,1,1.01020956,0.0402930379,0,0,0,15.9349623,0.189796567,8.52035046,8.42641926,0,13.3309927,0.189796567,5.02476835,0,,,,50
55887506,0.5,1,1,1.01418972,0.0322344303,0,0,0,15.9349623,0.189796567,8.46609974,8.42853069,0,13.3238449,0.189796567,5.02476835,0,,,,50
55888637,0.5,1,1,1.01418972,0.0402930379,0,0,0,15.9349623,0.354793847,8.55048943,8.43064213,0,13.3095493,0.354793847,5.01057863,0,,,,50
55889763,0.5,1,1,1.01418972,0.0322344303,0,0,0,15.9349623,0.354793847,8.53240585,8.43275356,0,13.3309927,0.354793847,5.01057863,0,,,,50
55890894,0.5,1,1,1.00575304,0.0402930379,0,0,0,15.9304171,0.542049944,8.52035046,8.43486404,0,13.3238449,0.542049944,5.00482559,0,,,,50
55892020,0.5,1,1,1.00575304,0.0483516455,0,0,0,15.9349623,0.542049944,8.52939224,8.43064213,0,13.3238449,0.542049944,5.00482559,0,,,,50
55893151,0.5,1,1,1.00575304,0.0402930379,0,0,0,15.9349623,0.74959892,8.52637863,8.42641926,0,13.3309927,0.74959892,4.99907255,0,,,,50
55894277,0.5,1,1,1.00575304,0.056410253,0,0,0,15.9304171,0.74959892,8.55350399,8.42853069,0,13.3309927,0.74959892,4.99907255,0,,,,50
55895617,0.5,1,1,1.00587988,0.0483516455,0,0,0,15.9349623,0.963582098,8.5444622,8.42430782,0,13.3309927,0.963582098,4.99319267,0,,,,50
55896743,0.5,1,1,1.00587988,0.0402930379,0,0,0,15.9349623,0.963582098,8.53843403,8.42853069,0,13.3309927,0.963582098,4.99319267,0,,,,50
55897874,0.5,1,1,1.00587988,0.056410253,0,0,0,15.9349623,1.16638494,8.52336502,8.42430782,0,13.3238449,1.16638494,4.98731279,0,,,,50
55899000,0.5,1,1,1.02303147,0.0483516455,0,0,0,15.9349623,1.16638494,8.54747581,8.42430782,0,13.3309927,1.16638494,4.98731279,0,,,,50
55900131,0.5,1,1,1.02303147,0.0402930379,0,0,0,15.9304171,1.31701565,8.53542042,8.42008495,0,13.3309927,1.31701565,4.96428156,0,,,,50
55901257,0.5,1,1,1.02303147,0.0402930379,0,0,0,15.9349623,1.31701565,8.52939224,8.42853069,0,13.3238449,1.31701565,4.96428156,0,,,,50
55902388,0.5,1,1,1.02303147,0.0483516455,0,0,0,15.9349623,1.37633526,8.54144764,8.42641926,0,13.3309927,1.37633526,4.94124985,0,,,,50
55903519,0.5,1,1,1.02303147,0.0402930379,0,0,0,15.9349623,1.37633526,8.51733685,8.42008495,0,13.3309927,1.37633526,4.94124985,0,,,,50
55904650,0.5,1,1,1.02303147,0.0483516455,0,0,0,15.9349623,1.35893559,8.51432323,8.42430782,0,13.3309927,1.35893559,4.91821861,0,,,,50
55905776,0.5,1,1,1.02303147,0.0483516455,0,0,0,15.9304171,1.35893559,8.51130867,8.41586208,0,13.3309927,1.35893559,4.91821861,0,,,,50
55906907,0.5,1,1,1.0143187,0.0483516455,0,0,0,15.9304171,1.31262362,8.51733685,8.42641926,0,13.3309927,1.31262362,4.90389967,0,,,,50
55908034,0.5,1,1,1.0143187,0.0402930379,0,0,0,15.9349623,1.31262362,8.53843403,8.41375065,0,13.3166971,1.31262362,4.90389967,0,,,,50
55909164,0.5,1,1,1.0143187,0.0402930379,0,0,0,15.9349623,1.27631116,8.53843403,8.42641926,0,13.3238449,1.27631116,4.8895812,0,,,,50
55910291,0.5,1,1,1.00587988,0.0483516455,0,0,0,15.9304171,1.27631116,8.51130867,8.42430782,0,13.3309927,1.27631116,4.8895812,0,,,,50
55911426,0.5,1,1,1.00587988,0.0402930379,0,0,0,15.9304171,1.27156663,8.53542042,8.41163921,0,13.3309927,1.27156663,4.88370132,0,,,,50
55912552,0.5,0.833333313,1,1.00587988,0.0402930379,0.00805860758,0,0,15.9349623,1.27156663,8.55048943,8.41375065,0,13.3238449,1.27156663,4.88370132,0,,,,50
55913683,0.5,0.833333313,1,1.00587988,0.0402930379,0.00805860758,0,0,15.9349623,1.30886853,8.51130867,8.41163921,0,13.3309927,1.30886853,4.87782145,0,,,,50
55914810,0.5,1,1,0.989539385,0.0402930379,0,0,0,15.9349623,1.30886853,8.52939224,8.42219639,0,13.3238449,1.30886853,4.87782145,0,,,,50
55916145,0.5,0.857142866,1,0.989539385,0.0483516455,0.00805860758,0,0,15.9349623,1.40658343,8.49925327,8.41375065,0,13.3238449,1.40658343,4.88828182,0,,,,50
55917271,0.5,0.857142866,1,0.989539385,0.0483516455,0.00805860758,0,0,15.9349623,1.40658343,8.51130867,8.41375065,0,13.3238449,1.40658343,4.88828182,0,,,,50
55918407,0.5,1,1,0.989539385,0.0483516455,0,0,0,15.9304171,1.58050358,8.53843403,8.40952778,0,13.3309927,1.58050358,4.89874268,0,,,,50
55919534,0.5,0.857142866,1,0.989539385,0.0483516455,0.00805860758,0,0,15.9304171,1.58050358,8.52939224,8.41797352,0,13.3309927,1.58050358,4.89874268,0,,,,50
55920664,0.5,1,1,0.989539385,0.0483516455,0,0,0,15.9349623,1.80508018,8.52035046,8.41586208,0,13.3309927,1.80508018,4.90920305,0,,,,50
55921791,0.5,0.75,1,0.989539385,0.0483516455,0.0161172152,0,0,15.9304171,1.80508018,8.52336502,8.40108299,0,13.3309927,1.80508018,4.90920305,0,,,,50
55922921,0.5,0.75,1,0.989539385,0.0483516455,0.0161172152,0,0,15.9349623,2.04488158,8.54144764,8.40108299,0,13.3309927,2.04488158,4.91966391,0,,,,50
55924048,0.5,0.75,1,0.989539385,0.0483516455,0.0161172152,0,0,15.9304171,2.04488158,8.53240585,8.39897156,0,13.3166971,2.04488158,4.91966391,0,,,,50
55925178,0.5,0.666666687,1,0.989539385,0.0483516455,0.0241758227,0,0,15.9349623,2.27862358,8.53843403,8.40319443,0,13.3309927,2.27862358,4.93012428,0,,,,50
55926310,0.5,0.800000012,1,0.989539385,0.0644688606,0.0161172152,0,0,15.9304171,2.27862358,8.51432323,8.40952778,0,13.3309927,2.27862358,4.93012428,0,,,,50
55927441,0.5,0.769230783,1,0.973127484,0.0805860758,0.0241758227,0,0,15.9349623,2.52486157,8.51130867,8.40530586,0,13.3238449,2.52486157,4.95699692,0,,,,50
55928567,0.5,0.75,1,0.973127484,0.0483516455,0.0161172152,0,0,15.9304171,2.52486157,8.49925327,8.40530586,0,13.3309927,2.52486157,4.95699692,0,,,,50
55929698,0.5,0.699999988,1,0.973127484,0.056410253,0.0241758227,0,0,15.9304171,2.81161356,8.51733685,8.40108299,0,13.3309927,2.81161356,4.98386955,0,,,,50
55930825,0.5,0.699999988,1,0.973127484,0.056410253,0.0241758227,0,0,15.9349623,2.81161356,8.5565176,8.39263725,0,13.3309927,2.81161356,4.98386955,0,,,,50
55931955,0.5,0.769230783,1,0.98114419,0.0805860758,0.0241758227,0,0,15.9304171,3.1075666,8.48719788,8.39263725,0,13.3238449,3.1075666,5.00272512,0,,,,50
55933082,0.5,0.692307711,1,0.98114419,0.0725274682,0.0322344303,0,0,15.9304171,3.1075666,8.4932251,8.40952778,0,13.3238449,3.1075666,5.00272512,0,,,,50
55934217,0.5,0.833333313,1,0.98114419,0.0805860758,0.0161172152,0,0,15.9304171,3.36767721,8.49925327,8.39897156,0,13.3166971,3.36767721,5.02158117,0,,,,50
55935344,0.5,0.785714269,1,0.98114419,0.0886446834,0.0241758227,0,0,15.9304171,3.36767721,8.48418331,8.40108299,0,13.3309927,3.36767721,5.02158117,0,,,,50
55936474,0.5,0.75,1,0.98114419,0.0967032909,0.0322344303,0,0,15.9304171,3.58304,8.46007252,8.39263725,0,13.3238449,3.58304,5.04043674,0,,,,50
55937805,0.5,0.833333313,1,0.98114419,0.0805860758,0.0161172152,0,0,15.9304171,3.58304,8.48418331,8.39474869,0,13.3238449,3.58304,5.04043674,0,,,,50
55938935,0.5,0.777777791,1,0.98114419,0.112820506,0.0322344303,0,0,15.9304171,3.75992894,8.45705795,8.39263725,0,13.3238449,3.75992894,5.05929279,0,,,,50
55940062,0.5,0.789473712,1,0.98090291,0.120879114,0.0322344303,0,0,15.9349623,3.75992894,8.46308613,8.39897156,0,13.3095493,3.75992894,5.05929279,0,,,,50
55941197,0.5,0.789473712,1,0.98090291,0.120879114,0.0322344303,0,0,15.9304171,3.90478182,8.43897438,8.39686012,0,13.3166971,3.90478182,5.07838964,0,,,,50
55942323,0.5,0.800000012,1,0.98090291,0.128937721,0.0322344303,0,0,15.9258718,3.90478182,8.45705795,8.39474869,0,13.3238449,3.90478182,5.07838964,0,,,,50
55943454,0.5,0.714285731,1,0.98102355,0.161172152,0.0644688606,0,0,15.9258718,4.02339745,8.4811697,8.37152386,0,13.3238449,4.02339745,5.09736633,0,,,,50
55944581,0.5,0.769230783,1,0.98102355,0.161172152,0.0483516455,0,0,15.9304171,4.02339745,8.46609974,8.38419151,0,13.3238449,4.02339745,5.09736633,0,,,,50
55945711,0.5,0.703703701,1,0.98102355,0.153113544,0.0644688606,0,0,15.9349623,4.12022972,8.30937672,8.37363529,0,13.3238449,4.12022972,5.11634254,0,,,,50
55946838,0.5,0.65625,1,0.98102355,0.169230759,0.0886446834,0,0,15.9258718,4.12022972,8.30937672,8.35885525,0,13.3309927,4.12022972,5.11634254,0,,,,50
55947968,0.5,0.567567587,1,0.957595706,0.169230759,0.128937721,0,0,15.9258718,4.24269915,8.35759926,8.3525219,0,13.3238449,4.24269915,5.15874672,0,,,,50
55949100,0.5,0.613636374,1,0.957595706,0.217582405,0.136996329,0,0,15.9258718,4.24269915,8.39979362,8.37785816,0,13.3238449,4.24269915,5.15874672,0,,,,50
55950231,0.5,0.583333313,1,0.957595706,0.169230759,0.120879114,0,0,15.9213276,4.44255114,8.29430676,8.36518955,0,13.3238449,4.44255114,5.20115089,0,,,,50
55951357,0.5,0.65625,1,0.942440689,0.169230759,0.0886446834,0,0,15.9304171,4.44255114,8.46308613,8.36941242,0,13.3238449,4.44255114,5.20115089,0,,,,50
55952487,0.5,0.708333313,1,0.942440689,0.136996329,0.056410253,0,0,15.9349623,4.73001575,8.44801617,8.38630295,0,13.3309927,4.73001575,5.25871038,0,,,,50
55953614,0.5,0.727272749,1,0.942440689,0.128937721,0.0483516455,0,0,15.9304171,4.73001575,8.49925327,8.38841438,0,13.3238449,4.73001575,5.25871038,0,,,,50
55954744,0.5,0.75999999,1,0.942440689,0.153113544,0.0483516455,0,0,15.9304171,5.09713125,8.4932251,8.37363529,0,13.3309927,5.09713125,5.3162694,0,,,,50
55955871,0.5,0.772727251,1,0.970169723,0.136996329,0.0402930379,0,0,15.9349623,5.09713125,8.45103073,8.40530586,0,13.3309927,5.09713125,5.3162694,0,,,,50
55957006,0.5,0.791666687,1,0.970169723,0.153113544,0.0402930379,0,0,15.9304171,5.45525169,8.47815609,8.39263725,0,13.3238449,5.45525169,5.34609985,0,,,,50
55958337,0.5,0.75999999,1,0.970169723,0.153113544,0.0483516455,0,0,15.9349623,5.45525169,8.45705795,8.38630295,0,13.3309927,5.45525169,5.34609985,0,,,,50
55959468,0.5,0.8125,1,0.989171386,0.209523797,0.0483516455,0,0,15.9349623,5.67169952,8.52035046,8.38419151,0,13.3309927,5.67169952,5.35692835,0,,,,50
55960595,0.5,0.678571403,1,0.989171386,0.153113544,0.0725274682,0,0,15.9213276,5.67169952,8.40883541,8.36941242,0,13.3238449,5.67169952,5.35692835,0,,,,50
55961725,0.5,0.639999986,1,0.989171386,0.128937721,0.0725274682,0,0,15.9304171,5.70876122,8.47815609,8.36941242,0,13.3238449,5.70876122,5.36775684,0,,,,50
55962852,0.5,0.677419364,1,0.989171386,0.169230759,0.0805860758,0,0,15.9213276,5.70876122,8.45705795,8.38208103,0,13.3238449,5.70876122,5.36775684,0,,,,50
55963982,0.5,0.666666687,1,1.00070798,0.161172152,0.0805860758,0,0,15.9304171,5.59902954,8.36965466,8.37574673,0,13.3238449,5.59902954,5.36704874,0,,,,50
55965114,0.5,0.642857134,1,1.00070798,0.145054936,0.0805860758,0,0,15.9258718,5.59902954,8.38472462,8.37574673,0,13.3238449,5.59902954,5.36704874,0,,,,50
55966244,0.5,0.666666687,1,1.00070798,0.177289367,0.0886446834,0,0,15.9349623,5.37795734,8.61679649,8.37152386,0,13.3238449,5.37795734,5.36634111,0,,,,50
55967371,0.5,0.735294104,1,1.01444769,0.201465189,0.0725274682,0,0,15.9304171,5.37795734,8.43596077,8.37574673,0,13.3166971,5.37795734,5.36634111,0,,,,50
55968502,0.5,0.75,1,1.01444769,0.169230759,0.056410253,0,0,15.9258718,5.06852531,8.45103073,8.38630295,0,13.3238449,5.06852531,5.35189342,0,,,,50
55969629,0.5,0.653846145,1,1.01444769,0.136996329,0.0725274682,0,0,15.9349623,5.06852531,8.38773823,8.36730099,0,13.3309927,5.06852531,5.35189342,0,,,,50
55970759,0.5,0.740740716,1,1.01444769,0.161172152,0.056410253,0,0,15.9304171,4.68681288,8.38472462,8.38208103,0,13.3238449,4.68681288,5.33744574,0,,,,50
55971890,0.5,0.720000029,1,1.00600672,0.145054936,0.056410253,0,0,15.9304171,4.68681288,8.45404434,8.38419151,0,13.3309927,4.68681288,5.33744574,0,,,,50
55973021,0.5,0.692307711,1,1.00600672,0.145054936,0.0644688606,0,0,15.9304171,4.28743982,8.42691898,8.38841438,0,13.3238449,4.28743982,5.33143854,0,,,,50
55974148,0.5,0.720000029,1,1.00600672,0.145054936,0.056410253,0,0,15.9258718,4.28743982,8.43897438,8.38419151,0,13.3238449,4.28743982,5.33143854,0,,,,50
55975278,0.5,0.720000029,1,0.997455657,0.145054936,0.056410253,0,0,15.9304171,3.94295835,8.47514153,8.38630295,0,13.3309927,3.94295835,5.33398294,0,,,,50
55976405,0.5,0.782608688,1,0.997455657,0.145054936,0.0402930379,0,0,15.9304171,3.94295835,8.46308613,8.39686012,0,13.3238449,3.94295835,5.33398294,0,,,,50
55977535,0.5,0.772727251,1,0.997455657,0.136996329,0.0402930379,0,0,15.9304171,3.68565512,8.49925327,8.39263725,0,13.3309927,3.68565512,5.33652735,0,,,,50
55978866,0.5,0.789473712,1,0.997455657,0.120879114,0.0322344303,0,0,15.9304171,3.68565512,8.49021149,8.40530586,0,13.3238449,3.68565512,5.33652735,0,,,,50
55980002,0.5,0.823529422,1,1.01859152,0.112820506,0.0241758227,0,0,15.9304171,3.46474051,8.48418331,8.40952778,0,13.3238449,3.46474051,5.31793594,0,,,,50
55981129,0.5,0.789473712,1,1.01859152,0.120879114,0.0322344303,0,0,15.9304171,3.46474051,8.48719788,8.40530586,0,13.3166971,3.46474051,5.31793594,0,,,,50
55982259,0.5,0.75,1,1.01859152,0.0967032909,0.0322344303,0,0,15.9349623,3.21619987,8.47815609,8.39686012,0,13.3238449,3.21619987,5.29934454,0,,,,50
55983386,0.5,0.75,1,1.0143187,0.0967032909,0.0322344303,0,0,15.9304171,3.21619987,8.52336502,8.39474869,0,13.3309927,3.21619987,5.29934454,0,,,,50
55984516,0.5,0.714285731,1,1.0143187,0.0805860758,0.0322344303,0,0,15.9304171,2.95150638,8.50829506,8.4074173,0,13.3238449,2.95150638,5.2850256,0,,,,50
55985643,0.5,0.769230783,1,1.0143187,0.0805860758,0.0241758227,0,0,15.9349623,2.95150638,8.49021149,8.39263725,0,13.3238449,2.95150638,5.2850256,0,,,,50
55986773,0.5,0.733333349,1,1.0143187,0.0886446834,0.0322344303,0,0,15.9349623,2.70558929,8.52035046,8.40319443,0,13.3238449,2.70558929,5.27070713,0,,,,50
55987905,0.5,0.692307711,1,1.00995386,0.0725274682,0.0322344303,0,0,15.9304171,2.70558929,8.49623966,8.4074173,0,13.3238449,2.70558929,5.27070713,0,,,,50
55989036,0.5,0.75,1,1.00995386,0.0725274682,0.0241758227,0,0,15.9304171,2.49749017,8.50528145,8.41797352,0,13.3238449,2.49749017,5.26075315,0,,,,50
55990162,0.5,0.75,1,1.00995386,0.0725274682,0.0241758227,0,0,15.9349623,2.49749017,8.53843403,8.41375065,0,13.3309927,2.49749017,5.26075315,0,,,,50
55991293,0.5,0.75,1,1.04077804,0.0725274682,0.0241758227,0,0,15.9304171,2.27881837,8.48719788,8.40319443,0,13.3238449,2.27881837,5.21997499,0,,,,50
55992419,0.5,0.727272749,1,1.04077804,0.0644688606,0.0241758227,0,0,15.9304171,2.27881837,8.50226688,8.4074173,0,13.3309927,2.27881837,5.21997499,0,,,,50
55993550,0.5,0.699999988,1,1.04077804,0.056410253,0.0241758227,0,0,15.9349623,1.98034477,8.51130867,8.40108299,0,13.3309927,1.98034477,5.17919683,0,,,,50
55994676,0.5,0.699999988,1,1.04077804,0.056410253,0.0241758227,0,0,15.9258718,1.98034477,8.53843403,8.41163921,0,13.3166971,1.98034477,5.17919683,0,,,,50
55995812,0.5,0.777777791,1,1.03176177,0.056410253,0.0161172152,0,0,15.9349623,1.63564372,8.50528145,8.40952778,0,13.3238449,1.63564372,5.14743519,0,,,,50
55996938,0.5,0.777777791,1,1.03176177,0.056410253,0.0161172152,0,0,15.9349623,1.63564372,8.50829506,8.40108299,0,13.3024006,1.63564372,5.14743519,0,,,,50
55998069,0.5,0.75,1,1.03176177,0.0483516455,0.0161172152,0,0,15.9304171,1.30995333,8.52336502,8.40319443,0,13.3238449,1.30995333,5.11567354,0,,,,50
55999196,0.5,0.888888896,1,1.02303147,0.0644688606,0.00805860758,0,0,15.9349623,1.30995333,8.53843403,8.41163921,0,13.3238449,1.30995333,5.11567354,0,,,,50
56000530,0.5,0.75,1,1.02303147,0.0483516455,0.0161172152,0,0,15.9304171,1.03915262,8.53542042,8.41586208,0,13.3238449,1.03915262,5.09264183,0,,,,50
56001657,0.5,0.75,1,1.02303147,0.0483516455,0.0161172152,0,0,15.9349623,1.03915262,8.49623966,8.40952778,0,13.3309927,1.03915262,5.09264183,0,,,,50
56002792,0.5,0.75,1,1.03189516,0.0483516455,0.0161172152,0,0,15.9349623,0.824011028,8.52035046,8.40530586,0,13.3238449,0.824011028,5.06074667,0,,,,50
56003919,0.5,0.875,1,1.03189516,0.056410253,0.00805860758,0,0,15.9395075,0.824011028,8.53240585,8.41586208,0,13.3309927,0.824011028,5.06074667,0,,,,50
56005050,0.5,1,1,1.03189516,0.0402930379,0,0,0,15.9304171,0.635778666,8.52336502,8.42853069,0,13.3166971,0.635778666,5.02885151,0,,,,50
56006177,0.5,0.833333313,1,1.03189516,0.0402930379,0.00805860758,0,0,15.9349623,0.635778666,8.54144764,8.41797352,0,13.3309927,0.635778666,5.02885151,0,,,,50
56007307,0.5,0.800000012,1,1.01418972,0.0322344303,0.00805860758,0,0,15.9349623,0.495909244,8.5444622,8.42008495,0,13.3238449,0.495909244,5.01466227,0,,,,50
56008434,0.5,1,1,1.01418972,0.0483516455,0,0,0,15.9349623,0.495909244,8.53240585,8.41797352,0,13.3238449,0.495909244,5.01466227,0,,,,50
56009565,0.5,1,1,1.01418972,0.0402930379,0,0,0,15.9395075,0.442796677,8.52336502,8.41797352,0,13.3238449,0.442796677,5.00047255,0,,,,50
56010696,0.5,1,1,1.01418972,0.0402930379,0,0,0,15.9349623,0.442796677,8.54144764,8.42641926,0,13.3238449,0.442796677,5.00047255,0,,,,50
56011827,0.5,0.857142866,1,0.986359179,0.0483516455,0.00805860758,0,0,15.9349623,0.512266159,8.52035046,8.43275356,0,13.3309927,0.512266159,5.01411295,0,,,,50
56012953,0.5,1,1,0.986359179,0.0402930379,0,0,0,15.9349623,0.512266159,8.54144764,8.42219639,0,13.3309927,0.512266159,5.01411295,0,,,,50
56014084,0.5,1,1,0.986359179,0.0402930379,0,0,0,15.9349623,0.728992939,8.55048943,8.42641926,0,13.3166971,0.728992939,5.02775383,0,,,,50
56015210,0.5,1,1,0.989171386,0.0322344303,0,0,0,15.9304171,0.728992939,8.52637863,8.42853069,0,13.3309927,0.728992939,5.02775383,0,,,,50
56016341,0.5,1,1,0.989171386,0.0322344303,0,0,0,15.9304171,1.04187655,8.51733685,8.43064213,0,13.3238449,1.04187655,5.0385828,0,,,,50
56017467,0.5,1,1,0.989171386,0.0322344303,0,0,0,15.9349623,1.04187655,8.5565176,8.42430782,0,13.3238449,1.04187655,5.0385828,0,,,,50
56018603,0.5,1,1,0.989171386,0.0483516455,0,0,0,15.9304171,1.38245654,8.4932251,8.42853069,0,13.3238449,1.38245654,5.0494113,0,,,,50
56019730,0.5,1,1,0.98794663,0.0402930379,0,0,0,15.9349623,1.38245654,8.54144764,8.42008495,0,13.3309927,1.38245654,5.0494113,0,,,,50
56021065,0.5,1,1,0.98794663,0.0483516455,0,0,0,15.9304171,1.7170974,8.51733685,8.42008495,0,13.3095493,1.7170974,5.06146479,0,,,,50
56022191,0.5,1,1,0.98794663,0.056410253,0,0,0,15.9395075,1.7170974,8.52637863,8.41586208,0,13.3166971,1.7170974,5.06146479,0,,,,50
56023321,0.5,1,1,0.989293933,0.0483516455,0,0,0,15.9304171,2.02859545,8.52939224,8.41586208,0,13.3309927,2.02859545,5.07217073,0,,,,50
56024448,0.5,0.875,1,0.989293933,0.056410253,0.00805860758,0,0,15.9304171,2.02859545,8.52035046,8.41586208,0,13.3238449,2.02859545,5.07217073,0,,,,50
56025579,0.5,0.875,1,0.989293933,0.056410253,0.00805860758,0,0,15.9349623,2.304708,8.50829506,8.41797352,0,13.3309927,2.304708,5.08287668,0,,,,50
56026710,0.5,0.75,1,0.989293933,0.0483516455,0.0161172152,0,0,15.9349623,2.304708,8.51432323,8.41163921,0,13.3238449,2.304708,5.08287668,0,,,,50
56027841,0.5,0.833333313,1,0.989662111,0.0402930379,0.00805860758,0,0,15.9349623,2.54107666,8.48418331,8.40952778,0,13.3309927,2.54107666,5.09321451,0,,,,50
56028967,0.5,0.857142866,1,0.989662111,0.0483516455,0.00805860758,0,0,15.9349623,2.54107666,8.52939224,8.40530586,0,13.3238449,2.54107666,5.09321451,0,,,,50
56030098,0.5,0.727272749,1,0.989662111,0.0644688606,0.0241758227,0,0,15.9349623,2.73875928,8.52939224,8.4074173,0,13.3309927,2.73875928,5.10355234,0,,,,50
56031225,0.5,0.818181813,1,0.989293933,0.0725274682,0.0161172152,0,0,15.9258718,2.73875928,8.50829506,8.4074173,0,13.3238449,2.73875928,5.10355234,0,,,,50
56032355,0.5,0.636363626,1,0.989293933,0.056410253,0.0322344303,0,0,15.9304171,2.90218043,8.49021149,8.40108299,0,13.3309927,2.90218043,5.11425877,0,,,,50
56033487,0.5,0.727272749,1,0.989293933,0.0644688606,0.0241758227,0,0,15.9349623,2.90218043,8.49925327,8.39897156,0,13.3238449,2.90218043,5.11425877,0,,,,50
56034618,0.5,0.769230783,1,0.989293933,0.0805860758,0.0241758227,0,0,15.9304171,3.03688502,8.52637863,8.4074173,0,13.3166971,3.03688502,5.12496471,0,,,,50
56035744,0.5,0.733333349,1,1.00121021,0.0886446834,0.0322344303,0,0,15.9349623,3.03688502,8.50829506,8.39897156,0,13.3238449,3.03688502,5.12496471,0,,,,50
56036875,0.5,0.714285731,1,1.00121021,0.0805860758,0.0322344303,0,0,15.9304171,3.12511778,8.49925327,8.40530586,0,13.3166971,3.12511778,5.1237545,0,,,,50
56038001,0.5,0.785714269,1,1.00121021,0.0886446834,0.0241758227,0,0,15.9349623,3.12511778,8.48719788,8.39052582,0,13.3309927,3.12511778,5.1237545,0,,,,50
56039132,0.5,0.714285731,1,0.989048779,0.0805860758,0.0322344303,0,0,15.9304171,3.16862583,8.48418331,8.39052582,0,13.3238449,3.16862583,5.13470554,0,,,,50
56040258,0.5,0.75,1,0.989048779,0.0967032909,0.0322344303,0,0,15.9304171,3.16862583,8.49021149,8.39474869,0,13.3238449,3.16862583,5.13470554,0,,,,50
56041394,0.5,0.70588237,1,0.989048779,0.0967032909,0.0402930379,0,0,15.9304171,3.2065022,8.53542042,8.39263725,0,13.3309927,3.2065022,5.14565659,0,,,,50
56042725,0.5,0.733333349,1,0.989048779,0.0886446834,0.0322344303,0,0,15.9304171,3.2065022,8.49623966,8.39474869,0,13.3238449,3.2065022,5.14565659,0,,,,50
56043855,0.5,0.761904776,1,0.965591192,0.128937721,0.0402930379,0,0,15.9304171,3.29570937,8.46007252,8.40108299,0,13.3238449,3.29570937,5.18006563,0,,,,50
56044982,0.5,0.777777791,1,0.965591192,0.112820506,0.0322344303,0,0,15.9304171,3.29570937,8.46308613,8.39052582,0,13.3166971,3.29570937,5.18006563,0,,,,50
56046112,0.5,0.777777791,1,0.965591192,0.112820506,0.0322344303,0,0,15.9304171,3.47866917,8.46609974,8.39897156,0,13.3238449,3.47866917,5.2144742,0,,,,50
56047239,0.5,0.739130437,1,0.950070858,0.136996329,0.0483516455,0,0,15.9258718,3.47866917,8.43897438,8.39686012,0,13.3238449,3.47866917,5.2144742,0,,,,50
56048369,0.5,0.782608688,1,0.950070858,0.145054936,0.0402930379,0,0,15.9304171,3.75992274,8.44198895,8.38630295,0,13.3238449,3.75992274,5.26440334,0,,,,50
56049501,0.5,0.761904776,1,0.950070858,0.128937721,0.0402930379,0,0,15.9304171,3.75992274,8.47815609,8.39263725,0,13.3238449,3.75992274,5.26440334,0,,,,50
56050631,0.5,0.714285731,1,0.950070858,0.120879114,0.0483516455,0,0,15.9304171,4.12792349,8.4691143,8.38841438,0,13.3238449,4.12792349,5.31433249,0,,,,50
56051758,0.5,0.727272749,1,0.957136273,0.128937721,0.0483516455,0,0,15.9304171,4.12792349,8.4811697,8.40108299,0,13.3238449,4.12792349,5.31433249,0,,,,50
56052889,0.5,0.761904776,1,0.957136273,0.128937721,0.0402930379,0,0,15.9349623,4.52918911,8.48418331,8.39686012,0,13.3238449,4.52918911,5.35719633,0,,,,50
56054015,0.5,0.684210539,1,0.957136273,0.104761899,0.0483516455,0,0,15.9304171,4.52918911,8.49021149,8.39474869,0,13.3238449,4.52918911,5.35719633,0,,,,50
56055146,0.5,0.699999988,1,0.957136273,0.112820506,0.0483516455,0,0,15.9349623,4.90633917,8.49021149,8.39263725,0,13.3309927,4.90633917,5.40006018,0,,,,50
56056272,0.5,0.75,1,0.973127484,0.120879114,0.0402930379,0,0,15.9304171,4.90633917,8.46308613,8.40319443,0,13.3309927,4.90633917,5.40006018,0,,,,50
56057407,0.5,0.708333313,1,0.973127484,0.136996329,0.056410253,0,0,15.9304171,5.21114016,8.47212791,8.38419151,0,13.3166971,5.21114016,5.42693233,0,,,,50
56058534,0.5,0.720000029,1,0.973127484,0.145054936,0.056410253,0,0,15.9349623,5.21114016,8.43897438,8.37785816,0,13.3309927,5.21114016,5.42693233,0,,,,50
56059665,0.5,0.730769217,1,0.973127484,0.153113544,0.056410253,0,0,15.9304171,5.4102273,8.4811697,8.38841438,0,13.3238449,5.4102273,5.45380497,0,,,,50
56060791,0.5,0.740740716,1,0.965357542,0.161172152,0.056410253,0,0,15.9258718,5.4102273,8.44801617,8.38208103,0,13.3309927,5.4102273,5.45380497,0,,,,50
56061922,0.5,0.607142866,1,0.965357542,0.136996329,0.0886446834,0,0,15.9349623,5.53466034,8.37266827,8.37363529,0,13.3238449,5.53466034,5.48844719,0,,,,50
56063252,0.5,0.655172408,1,0.965357542,0.153113544,0.0805860758,0,0,15.9258718,5.53466034,8.44801617,8.37363529,0,13.3238449,5.53466034,5.48844719,0,,,,50
56064388,0.5,0.615384638,1,0.973127484,0.128937721,0.0805860758,0,0,15.9258718,5.61834955,8.41486359,8.36941242,0,13.3309927,5.61834955,5.51531982,0,,,,50
56065514,0.5,0.677419364,1,0.973127484,0.169230759,0.0805860758,0,0,15.9304171,5.61834955,8.54144764,8.38630295,0,13.3166971,5.61834955,5.51531982,0,,,,50
56066645,0.5,0.620689631,1,0.973127484,0.145054936,0.0886446834,0,0,15.9258718,5.6605382,8.32745934,8.36941242,0,13.3238449,5.6605382,5.54219246,0,,,,50
56067771,0.5,0.606060624,1,0.973127484,0.161172152,0.104761899,0,0,15.9304171,5.6605382,8.56555939,8.37785816,0,13.3238449,5.6605382,5.54219246,0,,,,50
56068902,0.5,0.677419364,1,0.987091184,0.169230759,0.0805860758,0,0,15.9304171,5.64343786,8.47212791,8.36730099,0,13.3309927,5.64343786,5.55510092,0,,,,50
56070028,0.5,0.620689631,1,0.987091184,0.145054936,0.0886446834,0,0,15.9304171,5.64343786,8.43897438,8.37363529,0,13.3166971,5.64343786,5.55510092,0,,,,50
56071159,0.5,0.725000024,1,0.987091184,0.23369962,0.0886446834,0,0,15.9304171,5.5535326,8.3304739,8.37574673,0,13.3166971,5.5535326,5.56800985,0,,,,50
56072291,0.5,0.725000024,1,0.973127484,0.23369962,0.0886446834,0,0,15.9349623,5.5535326,8.58665657,8.37152386,0,13.3238449,5.5535326,5.56800985,0,,,,50
56073421,0.5,0.677419364,1,0.973127484,0.169230759,0.0805860758,0,0,15.9304171,5.4390626,8.39678001,8.37785816,0,13.3238449,5.4390626,5.59488249,0,,,,50
56074547,0.5,0.642857134,1,0.973127484,0.145054936,0.0805860758,0,0,15.9304171,5.4390626,8.43294716,8.37363529,0,13.3238449,5.4390626,5.59488249,0,,,,50
56075678,0.5,0.692307711,1,0.973127484,0.145054936,0.0644688606,0,0,15.9304171,5.35977459,8.43294716,8.38208103,0,13.3238449,5.35977459,5.62175465,0,,,,50
56076805,0.5,0.695652187,1,0.983078182,0.128937721,0.056410253,0,0,15.9349623,5.35977459,8.63487911,8.37363529,0,13.3238449,5.35977459,5.62175465,0,,,,50
56077936,0.5,0.645161271,1,0.983078182,0.161172152,0.0886446834,0,0,15.9304171,5.30378866,8.43596077,8.37152386,0,13.3238449,5.30378866,5.63867664,0,,,,50
56079062,0.5,0.724137902,1,0.983078182,0.169230759,0.0644688606,0,0,15.9304171,5.30378866,8.44801617,8.39474869,0,13.3095493,5.30378866,5.63867664,0,,,,50
56080197,0.5,0.695652187,1,0.98102355,0.128937721,0.056410253,0,0,15.9349623,5.24068451,8.41184998,8.38841438,0,13.3309927,5.24068451,5.65765285,0,,,,50
56081324,0.5,0.740740716,1,0.98102355,0.161172152,0.056410253,0,0,15.9304171,5.24068451,8.43294716,8.39052582,0,13.3238449,5.24068451,5.65765285,0,,,,50
56082454,0.5,0.703703701,1,0.98102355,0.153113544,0.0644688606,0,0,15.9304171,5.17396212,8.43294716,8.3799696,0,13.3238449,5.17396212,5.67662954,0,,,,50
56083785,0.5,0.708333313,1,0.98102355,0.136996329,0.056410253,0,0,15.9304171,5.17396212,8.47212791,8.39052582,0,13.3095493,5.17396212,5.67662954,0,,,,50
56084915,0.5,0.680000007,1,0.973127484,0.136996329,0.0644688606,0,0,15.9304171,5.12740326,8.4691143,8.37363529,0,13.3238449,5.12740326,5.7035017,0,,,,50
56086042,0.5,0.708333313,1,0.973127484,0.136996329,0.056410253,0,0,15.9349623,5.12740326,8.42089176,8.39263725,0,13.3095493,5.12740326,5.7035017,0,,,,50
56087177,0.5,0.680000007,1,0.973127484,0.136996329,0.0644688606,0,0,15.9304171,5.11987162,8.45404434,8.39474869,0,13.3238449,5.11987162,5.73037434,0,,,,50
56088303,0.5,0.699999988,1,0.997455657,0.169230759,0.0725274682,0,0,15.9304171,5.11987162,8.38171005,8.38841438,0,13.3309927,5.11987162,5.73037434,0,,,,50
56089434,0.5,0.703703701,1,0.997455657,0.153113544,0.0644688606,0,0,15.9304171,5.10017824,8.44801617,8.3799696,0,13.3238449,5.10017824,5.73291874,0,,,,50
56090560,0.5,0.703703701,1,0.997455657,0.153113544,0.0644688606,0,0,15.9258718,5.10017824,8.39979362,8.38841438,0,13.3238449,5.10017824,5.73291874,0,,,,50
56091691,0.5,0.714285731,1,0.997455657,0.161172152,0.0644688606,0,0,15.9304171,5.00425482,8.43897438,8.38419151,0,13.3238449,5.00425482,5.73546314,0,,,,50
56092817,0.5,0.666666687,1,0.991876364,0.128937721,0.0644688606,0,0,15.9349623,5.00425482,8.32143211,8.38841438,0,13.3238449,5.00425482,5.73546314,0,,,,50
56093948,0.5,0.75,1,0.991876364,0.169230759,0.056410253,0,0,15.9258718,4.85489321,8.46007252,8.38841438,0,13.3166971,4.85489321,5.74358654,0,,,,50
56095079,0.5,0.720000029,1,0.991876364,0.145054936,0.056410253,0,0,15.9304171,4.85489321,8.43596077,8.39686012,0,13.3024006,4.85489321,5.74358654,0,,,,50
56096210,0.5,0.730769217,1,0.98102355,0.153113544,0.056410253,0,0,15.9349623,4.72093678,8.50528145,8.40108299,0,13.3309927,4.72093678,5.76256275,0,,,,50
56097337,0.5,0.714285731,1,0.98102355,0.161172152,0.0644688606,0,0,15.9258718,4.72093678,8.32143211,8.38841438,0,13.3238449,4.72093678,5.76256275,0,,,,50
56098467,0.5,0.692307711,1,0.98102355,0.145054936,0.0644688606,0,0,15.9304171,4.64269257,8.4811697,8.38841438,0,13.3238449,4.64269257,5.78153944,0,,,,50
56099594,0.5,0.740740716,1,0.98102355,0.161172152,0.056410253,0,0,15.9304171,4.64269257,8.50226688,8.39474869,0,13.3238449,4.64269257,5.78153944,0,,,,50
56100724,0.5,0.727272749,1,1.00740373,0.128937721,0.0483516455,0,0,15.9304171,4.56509924,8.42691898,8.41797352,0,13.3238449,4.56509924,5.77413559,0,,,,50
56101851,0.5,0.75,1,1.00740373,0.145054936,0.0483516455,0,0,15.9349623,4.56509924,8.51432323,8.38841438,0,13.3238449,4.56509924,5.77413559,0,,,,50
56102986,0.5,0.766666651,1,1.00740373,0.185347974,0.056410253,0,0,15.9304171,4.41568136,8.43897438,8.37785816,0,13.3238449,4.41568136,5.76673174,0,,,,50
56104113,0.5,0.720000029,1,1.01444769,0.145054936,0.056410253,0,0,15.9304171,4.41568136,8.4691143,8.40108299,0,13.3309927,4.41568136,5.76673174,0,,,,50
56105448,0.5,0.818181813,1,1.01444769,0.145054936,0.0322344303,0,0,15.9304171,4.1924572,8.45103073,8.39686012,0,13.3309927,4.1924572,5.75228405,0,,,,50
56106574,0.5,0.809523821,1,1.01444769,0.136996329,0.0322344303,0,0,15.9349623,4.1924572,8.44198895,8.39897156,0,13.3238449,4.1924572,5.75228405,0,,,,50
56107705,0.5,0.727272749,1,1.01444769,0.128937721,0.0483516455,0,0,15.9349623,3.91937876,8.46007252,8.39474869,0,13.3309927,3.91937876,5.73783636,0,,,,50
56108832,0.5,0.761904776,1,1.00651431,0.128937721,0.0402930379,0,0,15.9349623,3.91937876,8.47514153,8.40319443,0,13.3238449,3.91937876,5.73783636,0,,,,50
56109962,0.5,0.789473712,1,1.00651431,0.120879114,0.0322344303,0,0,15.9349623,3.64080501,8.49925327,8.40319443,0,13.3238449,3.64080501,5.73132229,0,,,,50
56111094,0.5,0.75,1,1.00651431,0.0967032909,0.0322344303,0,0,15.9304171,3.64080501,8.4811697,8.40319443,0,13.3309927,3.64080501,5.73132229,0,,,,50
56112224,0.5,0.789473712,1,1.0143187,0.120879114,0.0322344303,0,0,15.9258718,3.38448286,8.47815609,8.39897156,0,13.3238449,3.38448286,5.71700335,0,,,,50
56113351,0.5,0.777777791,1,1.0143187,0.112820506,0.0322344303,0,0,15.9349623,3.38448286,8.47212791,8.41163921,0,13.3238449,3.38448286,5.71700335,0,,,,50
56114482,0.5,0.8125,1,1.0143187,0.104761899,0.0241758227,0,0,15.9349623,3.14184141,8.47514153,8.4074173,0,13.3381405,3.14184141,5.70268488,0,,,,50
56115608,0.5,0.866666675,1,1.0143187,0.104761899,0.0161172152,0,0,15.9349623,3.14184141,8.48719788,8.4074173,0,13.3095493,3.14184141,5.70268488,0,,,,50
56116739,0.5,0.800000012,1,1.00931513,0.0967032909,0.0241758227,0,0,15.9349623,2.92216253,8.48719788,8.39052582,0,13.3238449,2.92216253,5.69336939,0,,,,50
56117870,0.5,0.764705896,1,1.00931513,0.104761899,0.0322344303,0,0,15.9349623,2.92216253,8.49623966,8.40952778,0,13.3095493,2.92216253,5.69336939,0,,,,50
56119001,0.5,0.800000012,1,1.00931513,0.0967032909,0.0241758227,0,0,15.9304171,2.74328494,8.49623966,8.4074173,0,13.3309927,2.74328494,5.68405437,0,,,,50
56120127,0.5,0.714285731,1,1.00587988,0.0805860758,0.0322344303,0,0,15.9349623,2.74328494,8.50829506,8.38419151,0,13.3238449,2.74328494,5.68405437,0,,,,50
56121258,0.5,0.733333349,1,1.00587988,0.0886446834,0.0322344303,0,0,15.9349623,2.61006188,8.52035046,8.4074173,0,13.3238449,2.61006188,5.6781745,0,,,,50
56122384,0.5,0.833333313,1,1.00587988,0.0805860758,0.0161172152,0,0,15.9349623,2.61006188,8.50226688,8.40530586,0,13.3309927,2.61006188,5.6781745,0,,,,50
56123515,0.5,0.846153855,1,1.00587988,0.0886446834,0.0161172152,0,0,15.9304171,2.52082777,8.50226688,8.38841438,0,13.3309927,2.52082777,5.67229462,0,,,,50
56124641,0.5,0.769230783,1,1.02737808,0.0805860758,0.0241758227,0,0,15.9304171,2.52082777,8.48418331,8.41797352,0,13.3309927,2.52082777,5.67229462,0,,,,50
56125981,0.5,0.714285731,1,1.02737808,0.0805860758,0.0322344303,0,0,15.9395075,2.42567301,8.4932251,8.39474869,0,13.3309927,2.42567301,5.64491653,0,,,,50
56127107,0.5,0.769230783,1,1.02737808,0.0805860758,0.0241758227,0,0,15.9395075,2.42567301,8.4932251,8.41375065,0,13.3309927,2.42567301,5.64491653,0,,,,50
56128238,0.5,0.714285731,1,1.03176177,0.0805860758,0.0322344303,0,0,15.9258718,2.26061678,8.52637863,8.42008495,0,13.3238449,2.26061678,5.61315489,0,,,,50
56129364,0.5,0.727272749,1,1.03176177,0.0644688606,0.0241758227,0,0,15.9349623,2.26061678,8.51733685,8.40530586,0,13.3309927,2.26061678,5.61315489,0,,,,50
56130495,0.5,0.727272749,1,1.03176177,0.0644688606,0.0241758227,0,0,15.9349623,2.0276792,8.48418331,8.40952778,0,13.3309927,2.0276792,5.58139324,0,,,,50
56131621,0.5,0.75,1,1.04077804,0.0725274682,0.0241758227,0,0,15.9349623,2.0276792,8.45103073,8.4074173,0,13.3309927,2.0276792,5.58139324,0,,,,50
56132752,0.5,0.636363626,1,1.04077804,0.056410253,0.0322344303,0,0,15.9304171,1.74658549,8.55350399,8.4074173,0,13.3309927,1.74658549,5.54061508,0,,,,50
56133883,0.5,0.699999988,1,1.04077804,0.056410253,0.0241758227,0,0,15.9349623,1.74658549,8.53843403,8.40108299,0,13.3238449,1.74658549,5.54061508,0,,,,50
56135014,0.5,0.777777791,1,1.04077804,0.056410253,0.0161172152,0,0,15.9349623,1.42631459,8.53542042,8.40108299,0,13.3238449,1.42631459,5.49983692,0,,,,50
56136140,0.5,0.699999988,1,1.04077804,0.056410253,0.0241758227,0,0,15.9349623,1.42631459,8.52336502,8.41163921,0,13.3309927,1.42631459,5.49983692,0,,,,50
56137271,0.5,0.857142866,1,1.04077804,0.0483516455,0.00805860758,0,0,15.9349623,1.09099746,8.52939224,8.41163921,0,13.3238449,1.09099746,5.45905876,0,,,,50
56138398,0.5,0.777777791,1,1.04077804,0.056410253,0.0161172152,0,0,15.9304171,1.09099746,8.53843403,8.41163921,0,13.3238449,1.09099746,5.45905876,0,,,,50
56139529,0.5,0.857142866,1,1.01872146,0.0483516455,0.00805860758,0,0,15.9304171,0.806115091,8.54747581,8.42430782,0,13.3309927,0.806115091,5.44033766,0,,,,50
56140655,0.5,0.833333313,1,1.01872146,0.0402930379,0.00805860758,0,0,15.9349623,0.806115091,8.50226688,8.41797352,0,13.3309927,0.806115091,5.44033766,0,,,,50
56141791,0.5,1,1,1.01872146,0.0402930379,0,0,0,15.9349623,0.630542755,8.55048943,8.42430782,0,13.3238449,0.630542755,5.42161608,0,,,,50
56142917,0.5,1,1,1.02303147,0.0483516455,0,0,0,15.9349623,0.630542755,8.53240585,8.42430782,0,13.3309927,0.630542755,5.42161608,0,,,,50
56144048,0.5,1,1,1.02303147,0.056410253,0,0,0,15.9349623,0.542973995,8.52939224,8.42219639,0,13.3166971,0.542973995,5.39858484,0,,,,50
56145174,0.5,1,1,1.02303147,0.0322344303,0,0,0,15.9349623,0.542973995,8.53542042,8.42853069,0,13.3238449,0.542973995,5.39858484,0,,,,50
56146305,0.5,1,1,1.02303147,0.0402930379,0,0,0,15.9349623,0.497198641,8.52939224,8.43275356,0,13.3309927,0.497198641,5.37555313,0,,,,50
56147636,0.5,1,1,1.00158727,0.0402930379,0,0,0,15.9349623,0.497198641,8.568573,8.42641926,0,13.3238449,0.497198641,5.37555313,0,,,,50
56148771,0.5,1,1,1.00158727,0.0402930379,0,0,0,15.9349623,0.511771679,8.53240585,8.42853069,0,13.3309927,0.511771679,5.37396574,0,,,,50
56149897,0.5,1,1,1.00158727,0.0483516455,0,0,0,15.9349623,0.511771679,8.54747581,8.42641926,0,13.3309927,0.511771679,5.37396574,0,,,,50
56151028,0.5,1,1,1.0143187,0.0322344303,0,0,0,15.9349623,0.598200381,8.54144764,8.43275356,0,13.3238449,0.598200381,5.35964727,0,,,,50
56152155,0.5,1,1,1.0143187,0.0402930379,0,0,0,15.9349623,0.598200381,8.54144764,8.43275356,0,13.3309927,0.598200381,5.35964727,0,,,,50
56153285,0.5,1,1,1.0143187,0.0402930379,0,0,0,15.9349623,0.705209076,8.5444622,8.42430782,0,13.3024006,0.705209076,5.34532833,0,,,,50
56154412,0.5,1,1,1.0143187,0.0402930379,0,0,0,15.9349623,0.705209076,8.53240585,8.42008495,0,13.3238449,0.705209076,5.34532833,0,,,,50
56155542,0.5,1,1,1.01859152,0.0483516455,0,0,0,15.9304171,0.794320762,8.52035046,8.41375065,0,13.3309927,0.794320762,5.32673693,0,,,,50
56156674,0.5,1,1,1.01859152,0.0402930379,0,0,0,15.9304171,0.794320762,8.51733685,8.41797352,0,13.3309927,0.794320762,5.32673693,0,,,,50
56157804,0.5,1,1,1.01859152,0.0402930379,0,0,0,15.9349623,0.853533149,8.52939224,8.42219639,0,13.3309927,0.853533149,5.30814552,0,,,,50
56158931,0.5,1,1,1.00587988,0.0402930379,0,0,0,15.9349623,0.853533149,8.54747581,8.41586208,0,13.3309927,0.853533149,5.30814552,0,,,,50
56160062,0.5,1,1,1.00587988,0.0402930379,0,0,0,15.9349623,0.909111321,8.51130867,8.42641926,0,13.3238449,0.909111321,5.30226564,0,,,,50
56161188,0.5,1,1,1.00587988,0.0483516455,0,0,0,15.9349623,0.909111321,8.54747581,8.42430782,0,13.3238449,0.909111321,5.30226564,0,,,,50
56162319,0.5,1,1,1.00587988,0.0483516455,0,0,0,15.9349623,0.995030701,8.52939224,8.41797352,0,13.3309927,0.995030701,5.29638577,0,,,,50
56163445,0.5,1,1,1.01046538,0.0402930379,0,0,0,15.9349623,0.995030701,8.53542042,8.42008495,0,13.3238449,0.995030701,5.29638577,0,,,,50
56164581,0.5,1,1,1.01046538,0.0402930379,0,0,0,15.9349623,1.09717381,8.50829506,8.41375065,0,13.3309927,1.09717381,5.28592062,0,,,,50
56165707,0.5,1,1,1.01046538,0.0402930379,0,0,0,15.9349623,1.09717381,8.52637863,8.42219639,0,13.3309927,1.09717381,5.28592062,0,,,,50
56166838,0.5,1,1,0.997455657,0.0402930379,0,0,0,15.9349623,1.21187449,8.5444622,8.42641926,0,13.3309927,1.21187449,5.28846455,0,,,,50
56168168,0.5,1,1,0.997455657,0.0483516455,0,0,0,15.9304171,1.21187449,8.53240585,8.42641926,0,13.3309927,1.21187449,5.28846455,0,,,,50
56169300,0.5,1,1,0.997455657,0.056410253,0,0,0,15.9395075,1.35909283,8.51733685,8.42008495,0,13.3309927,1.35909283,5.29100895,0,,,,50
56170426,0.5,1,1,0.997455657,0.0483516455,0,0,0,15.9349623,1.35909283,8.50829506,8.42008495,0,13.3309927,1.35909283,5.29100895,0,,,,50
56171556,0.5,1,1,0.945903897,0.0402930379,0,0,0,15.9349623,1.6250813,8.54144764,8.40952778,0.00714798551,13.3238449,1.6250813,5.34510517,0,,,,50
56172688,0.5,1,1,0.945903897,0.0402930379,0,0,0,15.9349623,1.6250813,8.5444622,8.41797352,0,13.3309927,1.6250813,5.34510517,0,,,,50
56173819,0.5,1,1,0.945903897,0.056410253,0,0,0,15.9349623,2.09503937,8.52336502,8.42008495,0,13.3309927,2.09503937,5.39920139,0,,,,50
56174945,0.5,1,1,0.945903897,0.0644688606,0,0,0,15.9304171,2.09503937,8.52637863,8.42219639,0,13.3238449,2.09503937,5.39920139,0,,,,50
56176076,0.5,0.899999976,1,0.935151219,0.0725274682,0.00805860758,0,0,15.9349623,2.73094487,8.51432323,8.42430782,0,13.3095493,2.73094487,5.46405029,0,,,,50
56177202,0.5,1,1,0.935151219,0.0725274682,0,0,0,15.9349623,2.73094487,8.43294716,8.42008495,0,13.3309927,2.73094487,5.46405029,0,,,,50
56178333,0.5,0.909090936,1,0.935151219,0.0805860758,0.00805860758,0,0,15.9304171,3.45708942,8.49623966,8.41586208,0,13.3238449,3.45708942,5.52889872,0,,,,50
56179464,0.5,0.899999976,1,0.935151219,0.0725274682,0.00805860758,0,0,15.9349623,3.45708942,8.49021149,8.41375065,0,13.3309927,3.45708942,5.52889872,0,,,,50
56180595,0.5,0.846153855,1,0.98114419,0.0886446834,0.0161172152,0,0,15.9349623,4.11943865,8.48418331,8.40319443,0,13.3238449,4.11943865,5.54775476,0,,,,50
56181721,0.5,0.769230783,1,0.98114419,0.0805860758,0.0241758227,0,0,15.9304171,4.11943865,8.4932251,8.40319443,0,13.3238449,4.11943865,5.54775476,0,,,,50
56182852,0.5,0.733333349,1,0.98114419,0.0886446834,0.0322344303,0,0,15.9304171,4.57085419,8.48418331,8.40952778,0,13.3166971,4.57085419,5.56661034,0,,,,50
56183979,0.5,0.777777791,1,0.989171386,0.112820506,0.0322344303,0,0,15.9304171,4.57085419,8.4691143,8.40108299,0,13.3309927,4.57085419,5.56661034,0,,,,50
56185109,0.5,0.809523821,1,0.989171386,0.136996329,0.0322344303,0,0,15.9349623,4.80910206,8.44500256,8.39263725,0,13.3238449,4.80910206,5.57743883,0,,,,50
56186236,0.5,0.782608688,1,0.989171386,0.145054936,0.0402930379,0,0,15.9395075,4.80910206,8.4691143,8.39052582,0,13.3238449,4.80910206,5.57743883,0,,,,50
56187371,0.5,0.826086938,1,0.989171386,0.153113544,0.0322344303,0,0,15.9304171,4.88670111,8.46609974,8.39263725,0,13.3166971,4.88670111,5.58826733,0,,,,50
56188497,0.5,0.78125,1,0.989171386,0.201465189,0.056410253,0,0,15.9304171,4.88670111,8.42993259,8.37363529,0,13.3166971,4.88670111,5.58826733,0,,,,50
56189832,0.5,0.730769217,1,0.989171386,0.153113544,0.056410253,0,0,15.9304171,4.85844994,8.49623966,8.37574673,0,13.3166971,4.85844994,5.5990963,0,,,,50
56190958,0.5,0.689655185,1,0.989171386,0.161172152,0.0725274682,0,0,15.9304171,4.85844994,8.31239033,8.37363529,0,13.3238449,4.85844994,5.5990963,0,,,,50
56192089,0.5,0.722222209,1,0.965591192,0.209523797,0.0805860758,0,0,15.9349623,4.81508064,8.43294716,8.36730099,0,13.3309927,4.81508064,5.63350487,0,,,,50
56193215,0.5,0.615384638,1,0.965591192,0.128937721,0.0805860758,0,0,15.9349623,4.81508064,8.4058218,8.36941242,0,13.3238449,4.81508064,5.63350487,0,,,,50
56194346,0.5,0.575757563,1,0.965591192,0.153113544,0.112820506,0,0,15.9304171,4.83594894,8.42993259,8.35674477,0,13.3238449,4.83594894,5.66791344,0,,,,50
56195477,0.5,0.5625,1,0.965591192,0.217582405,0.169230759,0,0,15.9213276,4.83594894,8.45705795,8.39686012,0,13.3238449,4.83594894,5.66791344,0,,,,50
56196608,0.5,0.538461566,1,0.961518943,0.169230759,0.145054936,0,0,15.9258718,4.92724895,8.38773823,8.34196472,0,13.3166971,4.92724895,5.70639467,0,,,,50
56197735,0.5,0.571428597,1,0.961518943,0.193406582,0.145054936,0,0,15.9258718,4.92724895,8.40883541,8.34407616,0,13.3238449,4.92724895,5.70639467,0,,,,50
56198865,0.5,0.547619045,1,0.961518943,0.185347974,0.153113544,0,0,15.9258718,5.06741619,8.41486359,8.30818272,0,13.3238449,5.06741619,5.74487543,0,,,,50
56199992,0.5,0.558823526,1,0.973008811,0.153113544,0.120879114,0,0,15.9304171,5.06741619,8.39075184,8.36941242,0,13.3238449,5.06741619,5.74487543,0,,,,50
56201123,0.5,0.653846145,1,0.973008811,0.136996329,0.0725274682,0,0,15.9349623,5.21234703,8.46007252,8.3799696,0,13.3238449,5.21234703,5.7718668,0,,,,50
56202249,0.5,0.720000029,1,0.973008811,0.145054936,0.056410253,0,0,15.9304171,5.21234703,8.45705795,8.38630295,0,13.3238449,5.21234703,5.7718668,0,,,,50
56203385,0.5,0.692307711,1,0.973008811,0.145054936,0.0644688606,0,0,15.9304171,5.31924677,8.43294716,8.39052582,0,13.3238449,5.31924677,5.79885817,0,,,,50
56204511,0.5,0.695652187,1,0.973008811,0.128937721,0.056410253,0,0,15.9304171,5.31924677,8.44198895,8.37785816,0,13.3238449,5.31924677,5.79885817,0,,,,50
56205642,0.5,0.720000029,1,0.973008811,0.145054936,0.056410253,0,0,15.9349623,5.38686419,8.45705795,8.38630295,0,13.3238449,5.38686419,5.82584906,0,,,,50
56206768,0.5,0.720000029,1,0.973008811,0.145054936,0.056410253,0,0,15.9304171,5.38686419,8.46308613,8.37785816,0,13.3238449,5.38686419,5.82584906,0,,,,50
56207899,0.5,0.787878811,1,0.973008811,0.209523797,0.056410253,0,0,15.9304171,5.42923403,8.47212791,8.37574673,0,13.3238449,5.42923403,5.85284042,0,,,,50
56209026,0.5,0.735294104,1,0.989171386,0.201465189,0.0725274682,0,0,15.9349623,5.42923403,8.61076832,8.3799696,0,13.3166971,5.42923403,5.85284042,0,,,,50
56210365,0.5,0.742857158,1,0.989171386,0.209523797,0.0725274682,0,0,15.9304171,5.42594719,8.46609974,8.37574673,0,13.3238449,5.42594719,5.86366892,0,,,,50
56211492,0.5,0.666666687,1,0.989171386,0.145054936,0.0725274682,0,0,15.9304171,5.42594719,8.49925327,8.38630295,0,13.3238449,5.42594719,5.86366892,0,,,,50
56212622,0.5,0.735294104,1,0.98114419,0.201465189,0.0725274682,0,0,15.9258718,5.36518049,8.35759926,8.38419151,0,13.3238449,5.36518049,5.88252449,0,,,,50
56213749,0.5,0.692307711,1,0.98114419,0.145054936,0.0644688606,0,0,15.9304171,5.36518049,8.42390537,8.38630295,0,13.3309927,5.36518049,5.88252449,0,,,,50
56214880,0.5,0.714285731,1,0.98114419,0.120879114,0.0483516455,0,0,15.9304171,5.28220224,8.60172653,8.38841438,0,13.3238449,5.28220224,5.90138054,0,,,,50
56216006,0.5,0.805555582,1,1.15096569,0.23369962,0.056410253,0,0,15.9304171,5.28220224,8.50226688,8.38208103,0,13.3166971,5.28220224,5.90138054,0,,,,50
56217137,0.5,0.708333313,1,1.15096569,0.136996329,0.056410253,0,0,15.9304171,4.88614368,8.47815609,8.38841438,0,13.3238449,4.88614368,5.75041485,0,,,,50
56218268,0.5,0.729729712,1,1.15096569,0.217582405,0.0805860758,0,0,15.9304171,4.88614368,8.63487911,8.38419151,0,13.3238449,4.88614368,5.75041485,0,,,,50
56219400,0.5,0.720000029,1,1.15096569,0.145054936,0.056410253,0,0,15.9304171,3.83283019,8.44801617,8.38208103,0,13.3309927,3.83283019,5.59944916,0,,,,50
56220526,0.5,0.692307711,1,1.15096569,0.145054936,0.0644688606,0,0,15.9258718,3.83283019,8.44500256,8.38208103,0,13.3238449,3.83283019,5.59944916,0,,,,50
56221657,0.5,0.772727251,1,1.15096569,0.136996329,0.0402930379,0,0,15.9304171,2.27612901,8.44801617,8.4074173,0,13.3238449,2.27612901,5.44848347,0,,,,50
56222783,0.5,0.809523821,1,1.15096569,0.136996329,0.0322344303,0,0,15.9304171,2.27612901,8.42993259,8.39686012,0,13.3238449,2.27612901,5.44848347,0,,,,50
56223914,0.5,0.823529422,1,1.15096569,0.112820506,0.0241758227,0,0,15.9304171,0.518330038,8.4811697,8.39897156,0,13.3309927,0.518330038,5.29751778,0,,,,50
56225041,0.5,0.800000012,1,1.0231626,0.0967032909,0.0241758227,0,0,15.9304171,0.518330038,8.50226688,8.41797352,0,13.3238449,0.518330038,5.29751778,0,,,,50
56226176,0.5,0.875,1,1.0231626,0.056410253,0.00805860758,0,0,15.9349623,-1.01755011,8.55953121,8.42008495,0,13.3309927,-1.01755011,5.27435493,0,,,,50
56227303,0.5,1,1,1.0231626,0.0483516455,0,0,0,15.9304171,-1.01755011,8.568573,8.42430782,0,13.3309927,-1.01755011,5.27435493,0,,,,50
56228434,0.5,1,1,1.0153513,0.0322344303,0,0,0,15.9349623,-1.94580209,8.56555939,8.43064213,0,13.3309927,-1.94580209,5.25900364,0,,,,50
56229560,0.5,1,1,1.0153513,0.0241758227,0,0,0,15.9349623,-1.94580209,8.54747581,8.43697548,0,13.3309927,-1.94580209,5.25900364,0,,,,50
56230895,0.5,1,1,1.0153513,0.0161172152,0,0,0,15.9349623,-2.30743146,8.58364296,8.43486404,0,13.3309927,-2.30743146,5.24365234,0,,,,50
56232021,0.5,1,1,1.0153513,0.0161172152,0,0,0,15.9349623,-2.30743146,8.56555939,8.43275356,0,13.3238449,-2.30743146,5.24365234,0,,,,50
56233156,0.5,1,1,1.0153513,0.0322344303,0,0,0,15.9349623,-2.31289053,8.55953121,8.43275356,0,13.3309927,-2.31289053,5.22830153,0,,,,50
56234283,0.5,1,1,1.0153513,0.0241758227,0,0,0,15.9349623,-2.31289053,8.55953121,8.43275356,0,13.3309927,-2.31289053,5.22830153,0,,,,50
56235413,0.5,1,1,1.0153513,0.0161172152,0,0,0,15.9349623,-2.11350441,8.58665657,8.43275356,0,13.3309927,-2.11350441,5.21295023,0,,,,50
56236540,0.5,1,1,1.0153513,0.0241758227,0,0,0,15.9349623,-2.11350441,8.54144764,8.42430782,0,13.3309927,-2.11350441,5.21295023,0,,,,50
56237671,0.5,1,1,1.0153513,0.0241758227,0,0,0,15.9349623,-1.80964315,8.50528145,8.43275356,0,13.3309927,-1.80964315,5.19759893,0,,,,50
56238798,0.5,1,1,1.0153513,0.0322344303,0,0,0,15.9349623,-1.80964315,8.55350399,8.43275356,0,13.3309927,-1.80964315,5.19759893,0,,,,50
56239928,0.5,1,1,1.0153513,0.0322344303,0,0,0,15.9349623,-1.46605635,8.55350399,8.43275356,0,13.3309927,-1.46605635,5.18224764,0,,,,50
56241060,0.5,1,1,1.0153513,0.0241758227,0,0,0,15.9349623,-1.46605635,8.4811697,8.43064213,0,13.3095493,-1.46605635,5.18224764,0,,,,50
56242190,0.5,1,1,1.0153513,0.0322344303,0,0,0,15.9349623,-1.1227746,8.53240585,8.43064213,0,13.3166971,-1.1227746,5.16689634,0,,,,50
56243317,0.5,1,1,1.0153513,0.0402930379,0,0,0,15.9349623,-1.1227746,8.49925327,8.43064213,0,13.3381405,-1.1227746,5.16689634,0,,,,50
56244448,0.5,1,1,1.0153513,0.0322344303,0,0,0,15.9349623,-0.802961886,8.52336502,8.43064213,0,13.3238449,-0.802961886,5.15154505,0,,,,50
56245574,0.5,1,1,1.0153513,0.0402930379,0,0,0,15.9304171,-0.802961886,8.53843403,8.43064213,0,13.3309927,-0.802961886,5.15154505,0,,,,50
56246705,0.5,1,1,1.0153513,0.0322344303,0,0,0,15.9349623,-0.518534422,8.57761478,8.43064213,0,13.3238449,-0.518534422,5.13619375,0,,,,50
56247832,0.5,1,1,1.0153513,0.0241758227,0,0,0,15.9349623,-0.518534422,8.56254578,8.43064213,0,13.3309927,-0.518534422,5.13619375,0,,,,50
56248967,0.5,1,1,1.0153513,0.0161172152,0,0,0,15.9349623,-0.274132818,8.58062935,8.43064213,0,13.3309927,-0.274132818,5.12084246,0,,,,50
56250093,0.5,1,1,1.0153513,0.00805860758,0,0,0,15.9349623,-0.274132818,8.57460117,8.42853069,0,13.3309927,-0.274132818,5.12084246,0,,,,50
56251224,0.5,0,1,1.0153513,0,0,0,0,15.9440527,-0.0698867366,8.568573,8.43064213,0,13.3381405,-0.0698867366,5.10549116,0,,,,50
56252554,0.5,0,1,1.0153513,0,0,0,0,15.9349623,-0.0698867366,8.58665657,8.43064213,0,13.3238449,-0.0698867366,5.10549116,0,,,,50
56253685,0.5,1,1,1.0153513,0.00805860758,0,0,0,15.9349623,0.0966951251,8.58062935,8.42853069,0,13.3309927,0.0966951251,5.09013987,0,,,,50
56254812,0.5,1,1,1.0153513,0.0241758227,0,0,0,15.9349623,0.0966951251,8.55350399,8.43064213,0,13.3309927,0.0966951251,5.09013987,0,,,,50
56255942,0.5,1,1,1.0153513,0.0402930379,0,0,0,15.9349623,0.229463369,8.52637863,8.42853069,0,13.3309927,0.229463369,5.07478857,0,,,,50
56257074,0.5,1,1,0.98114419,0.0402930379,0,0,0,15.9349623,0.229463369,8.54144764,8.42853069,0,13.3024006,0.229463369,5.07478857,0,,,,50
56258204,0.5,1,1,0.98114419,0.0322344303,0,0,0,15.9349623,0.396306604,8.48418331,8.42853069,0,13.3309927,0.396306604,5.09364462,0,,,,50
56259331,0.5,1,1,0.98114419,0.0402930379,0,0,0,15.9304171,0.396306604,8.50528145,8.42853069,0,13.3309927,0.396306604,5.09364462,0,,,,50
56260461,0.5,1,1,0.98114419,0.0483516455,0,0,0,15.9349623,0.672026515,8.50226688,8.43275356,0,13.3166971,0.672026515,5.11250019,0,,,,50
56261588,0.5,1,1,0.942106903,0.0483516455,0,0,0,15.9349623,0.672026515,8.52035046,8.42853069,0,13.3238449,0.672026515,5.11250019,0,,,,50
56262719,0.5,1,1,0.942106903,0.0322344303,0,0,0,15.9304171,1.10278106,8.53240585,8.42853069,0,13.3238449,1.10278106,5.17039347,0,,,,50
56263850,0.5,1,1,0.942106903,0.0402930379,0,0,0,15.9349623,1.10278106,8.54747581,8.42641926,0,13.3238449,1.10278106,5.17039347,0,,,,50
56264981,0.5,1,1,0.927757919,0.056410253,0,0,0,15.9349623,1.7385515,8.5444622,8.42430782,0,13.3381405,1.7385515,5.24263525,0,,,,50
56266107,0.5,1,1,0.927757919,0.0644688606,0,0,0,15.9304171,1.7385515,8.52336502,8.42641926,0,13.3309927,1.7385515,5.24263525,0,,,,50
56267238,0.5,1,1,0.927757919,0.0644688606,0,0,0,15.9395075,2.53989434,8.52939224,8.42641926,0,13.3166971,2.53989434,5.31487751,0,,,,50
56268365,0.5,1,1,0.927757919,0.056410253,0,0,0,15.9349623,2.53989434,8.49925327,8.41586208,0,13.3238449,2.53989434,5.31487751,0,,,,50
56269495,0.5,1,1,0.927757919,0.0725274682,0,0,0,15.9304171,3.40555286,8.48418331,8.40530586,0,13.3238449,3.40555286,5.38711929,0,,,,50
56270622,0.5,0.916666687,1,0.927973628,0.0886446834,0.00805860758,0,0,15.9349623,3.40555286,8.49623966,8.39686012,0,13.3238449,3.40555286,5.38711929,0,,,,50
56271757,0.5,0.785714269,1,0.927973628,0.0886446834,0.0241758227,0,0,15.9304171,4.25757742,8.4932251,8.39474869,0,13.3238449,4.25757742,5.45914602,0,,,,50
56273087,0.5,0.714285731,1,0.927973628,0.0805860758,0.0322344303,0,0,15.9304171,4.25757742,8.49623966,8.39052582,0,13.3166971,4.25757742,5.45914602,0,,,,50
56274218,0.5,0.739130437,1,0.906880975,0.136996329,0.0483516455,0,0,15.9349623,5.0908556,8.46007252,8.37785816,0,13.3309927,5.0908556,5.55226469,0,,,,50
56275344,0.5,0.714285731,1,0.906880975,0.120879114,0.0483516455,0,0,15.9304171,5.0908556,8.46308613,8.37574673,0,13.3309927,5.0908556,5.55226469,0,,,,50
56276475,0.5,0.714285731,1,0.906880975,0.120879114,0.0483516455,0,0,15.9258718,5.92726517,8.42691898,8.39263725,0,13.3238449,5.92726517,5.64538383,0,,,,50
56277601,0.5,0.769230783,1,0.906880975,0.241758227,0.0725274682,0,0,15.9304171,5.92726517,8.568573,8.37785816,0,13.3309927,5.92726517,5.64538383,0,,,,50
56278732,0.5,0.694444418,1,0.913630128,0.201465189,0.0886446834,0,0,15.9258718,6.72832441,8.58062935,8.36307812,0,13.3238449,6.72832441,5.73175335,0,,,,50
56279864,0.5,0.615384638,1,0.913630128,0.193406582,0.120879114,0,0,15.9258718,6.72832441,8.38773823,8.29973793,0,13.3238449,6.72832441,5.73175335,0,,,,50
56280994,0.5,0.574468076,1,0.913630128,0.217582405,0.161172152,0,0,15.9167824,7.44407463,8.38773823,8.33563042,0,13.3166971,7.44407463,5.81812334,0,,,,50
56282121,0.5,0.577777803,1,0.927973628,0.209523797,0.153113544,0,0,15.9258718,7.44407463,8.4058218,8.33774185,0,13.3166971,7.44407463,5.81812334,0,,,,50
56283251,0.5,0.563636363,1,0.927973628,0.249816835,0.193406582,0,0,15.9122372,8.03702545,8.38472462,8.31662846,0,13.3166971,8.03702545,5.89014959,0,,,,50
56284378,0.5,0.545454562,1,0.927973628,0.241758227,0.201465189,0,0,15.9122372,8.03702545,8.36061287,8.31451702,0,13.3238449,8.03702545,5.89014959,0,,,,50
56285508,0.5,0.5625,1,0.927973628,0.290109873,0.225641012,0,0,15.9031467,8.48473454,8.33650112,8.28706932,0,13.3095493,8.48473454,5.96217585,0,,,,50
56286635,0.5,0.554054081,1,0.927973628,0.330402911,0.26593405,0,0,15.9031467,8.48473454,8.30636215,8.28073597,0,13.3095493,8.48473454,5.96217585,0,,,,50
56287770,0.5,0.526315808,1,0.927973628,0.402930379,0.362637341,0,0,15.8849669,8.80966759,8.23402786,8.22372913,0,13.2952528,8.80966759,6.0342021,0,,,,50
56288897,0.5,0.540816307,1,0.927973628,0.427106202,0.362637341,0,0,15.8804216,8.80966759,8.25211143,8.21950626,0,13.2952528,8.80966759,6.0342021,0,,,,50
56290027,0.5,0.532710254,1,0.927973628,0.459340632,0.402930379,0,0,15.8895121,9.04794025,8.21293068,8.21528339,0,13.3024006,9.04794025,6.10622835,0,,,,50
56291154,0.5,0.608247399,1,0.920692921,0.475457847,0.306227088,0,0,15.8940573,9.04794025,8.30033493,8.27229023,0,13.3095493,9.04794025,6.10622835,0,,,,50
56292284,0.5,0.565217376,1,0.920692921,0.314285696,0.241758227,0,0,15.907692,9.23932266,8.32745934,8.29340363,0,13.3166971,9.23932266,6.18553543,0,,,,50
56293411,0.5,0.586206913,1,0.920692921,0.273992658,0.193406582,0,0,15.9122372,9.23932266,8.36965466,8.31240559,0,13.3166971,9.23932266,6.18553543,0,,,,50
56294751,0.5,0.545454562,1,0.920692921,0.241758227,0.201465189,0,0,15.9122372,9.41781902,8.38171005,8.31662846,0,13.3238449,9.41781902,6.26484251,0,,,,50
56295877,0.5,0.566666663,1,0.927757919,0.273992658,0.209523797,0,0,15.9122372,9.41781902,8.33348751,8.30184937,0,13.3095493,9.41781902,6.26484251,0,,,,50
56297008,0.5,0.571428597,1,0.927757919,0.290109873,0.217582405,0,0,15.907692,9.57747746,8.34855747,8.29340363,0,13.3166971,9.57747746,6.33708429,0,,,,50
56298135,0.5,0.565217376,1,0.927757919,0.314285696,0.241758227,0,0,15.8986015,9.57747746,8.31540394,8.28284645,0,13.2952528,9.57747746,6.33708429,0,,,,50
56299265,0.5,0.551282048,1,0.927757919,0.346520126,0.282051265,0,0,15.8986015,9.70050526,8.29732037,8.26806736,0,13.3095493,9.70050526,6.40932655,0,,,,50
56300392,0.5,0.552631557,1,0.927757919,0.338461518,0.273992658,0,0,15.8986015,9.70050526,8.28827858,8.26806736,0,13.3095493,9.70050526,6.40932655,0,,,,50
56301522,0.5,0.539473712,1,0.927757919,0.330402911,0.282051265,0,0,15.8940573,9.79196453,8.29732037,8.27862453,0,13.3095493,9.79196453,6.48156834,0,,,,50
56302654,0.5,0.544303775,1,0.927757919,0.346520126,0.290109873,0,0,15.9031467,9.79196453,8.30937672,8.27440166,0,13.3095493,9.79196453,6.48156834,0,,,,50
56303784,0.5,0.547945201,1,0.927757919,0.322344303,0.26593405,0,0,15.8986015,9.86433506,8.33650112,8.28495789,0,13.3095493,9.86433506,6.5538106,0,,,,50
56304911,0.5,0.528571427,1,0.927757919,0.29816848,0.26593405,0,0,15.9031467,9.86433506,8.34554291,8.29129219,0,13.3095493,9.86433506,6.5538106,0,,,,50
56306042,0.5,0.552238822,1,0.927757919,0.29816848,0.241758227,0,0,15.9031467,9.92596722,8.35458469,8.29551506,0,13.3095493,9.92596722,6.62605238,0,,,,50
56307169,0.5,0.54411763,1,0.927757919,0.29816848,0.249816835,0,0,15.9031467,9.92596722,8.32444572,8.28284645,0,13.3095493,9.92596722,6.62605238,0,,,,50
56308299,0.5,0.549295783,1,0.981385469,0.314285696,0.257875443,0,0,15.907692,9.8828125,8.3425293,8.29340363,0,13.3095493,9.8828125,6.64466667,0,,,,50
56309426,0.5,0.54285717,1,0.981385469,0.306227088,0.257875443,0,0,15.9031467,9.8828125,8.32444572,8.2976265,0,13.3095493,9.8828125,6.64466667,0,,,,50
56310561,0.5,0.557142854,1,0.981385469,0.314285696,0.249816835,0,0,15.9031467,9.62804794,8.32745934,8.29129219,0,13.3024006,9.62804794,6.66328144,0,,,,50
56311687,0.5,0.534246564,1,0.981385469,0.314285696,0.273992658,0,0,15.8986015,9.62804794,8.31540394,8.28495789,0,13.3095493,9.62804794,6.66328144,0,,,,50
56312818,0.5,0.550724626,1,0.996832669,0.306227088,0.249816835,0,0,15.907692,9.18289471,8.33951569,8.2976265,0,13.3095493,9.18289471,6.66644859,0,,,,50
56313945,0.5,0.560606062,1,0.996832669,0.29816848,0.23369962,0,0,15.907692,9.18289471,8.34554291,8.2976265,0,13.3166971,9.18289471,6.66644859,0,,,,50
56315280,0.5,0.566666663,1,0.996832669,0.273992658,0.209523797,0,0,15.9122372,8.61194897,8.37266827,8.31451702,0,13.3166971,8.61194897,6.66961575,0,,,,50
56316406,0.5,0.583333313,1,1.00575304,0.282051265,0.201465189,0,0,15.9122372,8.61194897,8.37869644,8.31240559,0,13.3166971,8.61194897,6.66961575,0,,,,50
56317537,0.5,0.563636363,1,1.00575304,0.249816835,0.193406582,0,0,15.9167824,7.97171879,8.39075184,8.32296276,0,13.3238449,7.97171879,6.66386271,0,,,,50
56318668,0.5,0.571428597,1,1.00575304,0.225641012,0.169230759,0,0,15.9213276,7.97171879,8.37869644,8.32718563,0,13.3238449,7.97171879,6.66386271,0,,,,50
56319799,0.5,0.541666687,1,1.00575304,0.209523797,0.177289367,0,0,15.9213276,7.30589676,8.4178772,8.33774185,0,13.3166971,7.30589676,6.65810966,0,,,,50
56320925,0.5,0.604651153,1,1.04077804,0.209523797,0.136996329,0,0,15.9213276,7.30589676,8.3937664,8.34618759,0,13.3166971,7.30589676,6.65810966,0,,,,50
56322056,0.5,0.538461566,1,1.04077804,0.169230759,0.145054936,0,0,15.9213276,6.59254074,8.4178772,8.34829903,0,13.3024006,6.59254074,6.6173315,0,,,,50
56323183,0.5,0.555555582,1,1.06865478,0.201465189,0.161172152,0,0,15.9258718,6.59254074,8.4058218,8.35041046,0,13.3166971,6.59254074,6.6173315,0,,,,50
56324314,0.5,0.615384638,1,1.06865478,0.193406582,0.120879114,0,0,15.9258718,5.7411561,8.52035046,8.36941242,0,13.3238449,5.7411561,6.54867697,0,,,,50
56325445,0.5,0.545454562,1,1.06865478,0.145054936,0.120879114,0,0,15.9304171,5.7411561,8.255126,8.34829903,0,13.3095493,5.7411561,6.54867697,0,,,,50
56326576,0.5,0.629629612,1,1.06865478,0.136996329,0.0805860758,0,0,15.9349623,4.74151945,8.45103073,8.37152386,0,13.3238449,4.74151945,6.48002195,0,,,,50
56327702,0.5,0.699999988,1,1.06865478,0.169230759,0.0725274682,0,0,15.9258718,4.74151945,8.27019501,8.37363529,0,13.3166971,4.74151945,6.48002195,0,,,,50
56328833,0.5,0.730769217,1,1.06865478,0.153113544,0.056410253,0,0,15.9304171,3.68557477,8.49021149,8.41375065,0,13.3309927,3.68557477,6.41136694,0,,,,50
56329959,0.5,0.800000012,1,1.06865478,0.161172152,0.0402930379,0,0,15.9304171,3.68557477,8.45404434,8.40530586,0,13.3309927,3.68557477,6.41136694,0,,,,50
56331090,0.5,0.777777791,1,1.06865478,0.112820506,0.0322344303,0,0,15.9349623,2.65944457,8.4691143,8.40952778,0,13.3238449,2.65944457,6.3427124,0,,,,50
56332216,0.5,0.823529422,1,1.06865478,0.112820506,0.0241758227,0,0,15.9349623,2.65944457,8.50528145,8.39897156,0,13.3309927,2.65944457,6.3427124,0,,,,50
56333352,0.5,0.800000012,1,1.06865478,0.0967032909,0.0241758227,0,0,15.9304171,1.71069312,8.49623966,8.40530586,0,13.3309927,1.71069312,6.27405787,0,,,,50
56334478,0.5,0.818181813,1,1.06865478,0.0725274682,0.0161172152,0,0,15.9304171,1.71069312,8.50528145,8.41586208,0,13.3309927,1.71069312,6.27405787,0,,,,50
56335812,0.5,0.875,1,1.06865478,0.056410253,0.00805860758,0,0,15.9304171,0.861876547,8.47815609,8.41797352,0,13.3238449,0.861876547,6.20540285,0,,,,50
56336939,0.5,0.888888896,1,1.06865478,0.0644688606,0.00805860758,0,0,15.9304171,0.861876547,8.47815609,8.42008495,0,13.3309927,0.861876547,6.20540285,0,,,,50
56338070,0.5,0.857142866,1,1.06865478,0.0483516455,0.00805860758,0,0,15.9349623,0.119680874,8.49021149,8.43064213,0,13.3095493,0.119680874,6.13674831,0,,,,50
56339196,0.5,1,1,1.08788621,0.0483516455,0,0,0,15.9349623,0.119680874,8.53542042,8.42219639,0,13.3309927,0.119680874,6.13674831,0,,,,50
56340327,0.5,1,1,1.08788621,0.0402930379,0,0,0,15.9349623,-0.554516017,8.53240585,8.42430782,0,13.3238449,-0.554516017,6.04886198,0,,,,50
56341458,0.5,1,1,1.08788621,0.0402930379,0,0,0,15.9349623,-0.554516017,8.568573,8.43486404,0,13.3309927,-0.554516017,6.04886198,0,,,,50
56342589,0.5,1,1,1.07833052,0.0322344303,0,0,0,15.9349623,-1.19084525,8.52637863,8.43064213,0,13.3238449,-1.19084525,5.97053146,0,,,,50
56343716,0.5,1,1,1.07833052,0.0241758227,0,0,0,15.9349623,-1.19084525,8.54144764,8.43275356,0,13.3238449,-1.19084525,5.97053146,0,,,,50
56344846,0.5,1,1,1.07833052,0.0241758227,0,0,0,15.9304171,-1.76340663,8.52035046,8.43486404,0,13.3309927,-1.76340663,5.89220095,0,,,,50
56345973,0.5,1,1,1.07833052,0.0241758227,0,0,0,15.9349623,-1.76340663,8.55953121,8.43275356,0,13.3238449,-1.76340663,5.89220095,0,,,,50
56347104,0.5,1,1,1.07833052,0.0161172152,0,0,0,15.9349623,-2.25826955,8.56254578,8.43486404,0,13.3309927,-2.25826955,5.81387043,0,,,,50
56348230,0.5,1,1,1.07833052,0.0161172152,0,0,0,15.9395075,-2.25826955,8.53843403,8.43486404,0,13.3238449,-2.25826955,5.81387043,0,,,,50
56349366,0.5,1,1,1.07833052,0.0241758227,0,0,0,15.9349623,-2.6827426,8.55048943,8.43064213,0,13.3309927,-2.6827426,5.73553991,0,,,,50
56350492,0.5,1,1,1.07833052,0.0161172152,0,0,0,15.9349623,-2.6827426,8.56555939,8.43275356,0,13.3309927,-2.6827426,5.73553991,0,,,,50
56351623,0.5,1,1,1.07833052,0.0161172152,0,0,0,15.9395075,-3.04545736,8.56254578,8.43275356,0,13.3095493,-3.04545736,5.65720987,0,,,,50
56352749,0.5,1,1,1.07833052,0.0161172152,0,0,0,15.9258718,-3.04545736,8.568573,8.43275356,0,13.3095493,-3.04545736,5.65720987,0,,,,50
56353880,0.5,1,1,1.08818293,0.0322344303,0,0,0,15.9304171,-3.37361813,8.52939224,8.43486404,0,13.3309927,-3.37361813,5.56902695,0,,,,50
56355006,0.5,1,1,1.08818293,0.0322344303,0,0,0,15.9349623,-3.37361813,8.54747581,8.43275356,0,13.3238449,-3.37361813,5.56902695,0,,,,50
56356142,0.5,1,1,1.08818293,0.0322344303,0,0,0,15.9349623,-3.69601822,8.53843403,8.43275356,0,13.3309927,-3.69601822,5.48084402,0,,,,50
56357473,0.5,1,1,1.05929184,0.0402930379,0,0,0,15.9349623,-3.69601822,8.53542042,8.43064213,0,13.3309927,-3.69601822,5.48084402,0,,,,50
56358604,0.5,1,1,1.05929184,0.0483516455,0,0,0,15.9349623,-3.95800734,8.50226688,8.43275356,0,13.3309927,-3.95800734,5.42155218,0,,,,50
56359730,0.5,1,1,1.05929184,0.0483516455,0,0,0,15.9304171,-3.95800734,8.52637863,8.43064213,0,13.3238449,-3.95800734,5.42155218,0,,,,50
56360861,0.5,1,1,1.05929184,0.0805860758,0,0,0,15.9349623,-4.08947277,8.49925327,8.42008495,0,13.3309927,-4.08947277,5.36226034,0,,,,50
56361987,0.5,1,1,1.05929184,0.056410253,0,0,0,15.9349623,-4.08947277,8.53542042,8.42430782,0,13.3309927,-4.08947277,5.36226034,0,,,,50
56363118,0.5,1,1,1.05929184,0.0402930379,0,0,0,15.9258718,-4.11119032,8.55350399,8.42430782,0,13.3309927,-4.11119032,5.3029685,0,,,,50
56364249,0.5,1,1,1.05929184,0.0241758227,0,0,0,15.9395075,-4.11119032,8.56254578,8.42641926,0,13.3309927,-4.11119032,5.3029685,0,,,,50
56365380,0.5,1,1,1.05929184,0.00805860758,0,0,0,15.9395075,-4.07300234,8.60172653,8.42853069,0,13.3309927,-4.07300234,5.24367666,0,,,,50
56366506,0.5,0,1,1.05929184,0,0,0,0,15.9440527,-4.07300234,8.60172653,8.43064213,0,13.3309927,-4.07300234,5.24367666,0,,,,50
56367637,0.5,0,1,1.05929184,0,0,0,0,15.9440527,-4.00722694,8.58967113,8.43064213,0,13.3309927,-4.00722694,5.1843853,0,,,,50
56368763,0.5,0,1,1.03189516,0,0,0,0,15.9395075,-4.00722694,8.58062935,8.43064213,0,13.3309927,-4.00722694,5.1843853,0,,,,50
56369894,0.5,1,1,1.03189516,0.0161172152,0,0,0,15.9304171,-3.88342237,8.55953121,8.41797352,0,13.3309927,-3.88342237,5.15249014,0,,,,50
56371020,0.5,0,1,1.03189516,0,0,0,0,15.9349623,-3.88342237,8.58062935,8.42853069,0,13.3238449,-3.88342237,5.15249014,0,,,,50
56372155,0.5,1,1,1.03189516,0.00805860758,0,0,0,15.9349623,-3.65748787,8.5565176,8.42853069,0,13.3309927,-3.65748787,5.12059498,0,,,,50
56373282,0.5,1,1,0.998704076,0.00805860758,0,0,0,15.9349623,-3.65748787,8.568573,8.43064213,0,13.3309927,-3.65748787,5.12059498,0,,,,50
56374413,0.5,0,1,0.998704076,0,0,0,0,15.9395075,-3.29898143,8.58364296,8.43064213,0,13.3309927,-3.29898143,5.12189102,0,,,,50
56375539,0.5,0,1,0.998704076,0,0,0,0,15.9440527,-3.29898143,8.56555939,8.43064213,0,13.3309927,-3.29898143,5.12189102,0,,,,50
56376670,0.5,0,1,0.989171386,0,0,0,0,15.9485979,-2.77369976,8.58967113,8.43064213,0,13.3381405,-2.77369976,5.13271952,0,,,,50
56378000,0.5,0,1,0.989171386,0,0,0,0,15.9485979,-2.77369976,8.58665657,8.42853069,0,13.3309927,-2.77369976,5.13271952,0,,,,50
56379136,0.5,0,1,0.989171386,0,0,0,0,15.9167824,-2.12245131,8.58665657,8.42853069,0,13.3309927,-2.12245131,5.14354801,0,,,,50
56380262,0.5,1,1,0.989171386,0.0161172152,0,0,0,15.9395075,-2.12245131,8.53542042,8.42430782,0,13.3309927,-2.12245131,5.14354801,0,,,,50
56381393,0.5,0,1,0.98102355,0,0,0,0,15.9395075,-1.41457975,8.58665657,8.42853069,0,13.3309927,-1.41457975,5.1625247,0,,,,50
56382519,0.5,1,1,0.98102355,0.00805860758,0,0,0,15.9349623,-1.41457975,8.55953121,8.42853069,0,13.3309927,-1.41457975,5.1625247,0,,,,50
56383650,0.5,1,1,0.98102355,0.00805860758,0,0,0,15.9395075,-0.694624364,8.56555939,8.42853069,0,13.3309927,-0.694624364,5.18150091,0,,,,50
56384777,0.5,1,1,0.965357542,0.00805860758,0,0,0,15.9349623,-0.694624364,8.5565176,8.43064213,0,13.3309927,-0.694624364,5.18150091,0,,,,50
56385907,0.5,1,1,0.965357542,0.0161172152,0,0,0,15.9349623,0.0251822695,8.57761478,8.42853069,0,13.3309927,0.0251822695,5.21614361,0,,,,50
56387039,0.5,1,1,0.965357542,0.00805860758,0,0,0,15.9349623,0.0251822695,8.57761478,8.42853069,0,13.3166971,0.0251822695,5.21614361,0,,,,50
56388169,0.5,1,1,0.965357542,0.0241758227,0,0,0,15.9349623,0.746350706,8.55953121,8.42641926,0,13.3309927,0.746350706,5.25078583,0,,,,50
56389296,0.5,1,1,0.965357542,0.0241758227,0,0,0,15.9395075,0.746350706,8.58665657,8.42641926,0,13.3309927,0.746350706,5.25078583,0,,,,50
56390426,0.5,1,1,0.943666637,0.0402930379,0,0,0,15.9349623,1.48133087,8.54144764,8.42853069,0,13.3309927,1.48133087,5.30711937,0,,,,50
56391553,0.5,1,1,0.943666637,0.0483516455,0,0,0,15.9304171,1.48133087,8.52035046,8.42853069,0,13.3024006,1.48133087,5.30711937,0,,,,50
56392683,0.5,1,1,0.943666637,0.0805860758,0,0,0,15.9304171,2.24364281,8.47514153,8.42008495,0,13.3238449,2.24364281,5.36345291,0,,,,50
56393810,0.5,1,1,0.927757919,0.0644688606,0,0,0,15.9304171,2.24364281,8.49021149,8.41797352,0,13.3309927,2.24364281,5.36345291,0,,,,50
56394945,0.5,1,1,0.927757919,0.0644688606,0,0,0,15.9349623,3.02935338,8.42089176,8.41163921,0,13.3309927,3.02935338,5.43569469,0,,,,50
56396072,0.5,0.800000012,1,0.927757919,0.0644688606,0.0161172152,0,0,15.9304171,3.02935338,8.51432323,8.39897156,0,13.3024006,3.02935338,5.43569469,0,,,,50
56397202,0.5,0.769230783,1,0.927757919,0.0805860758,0.0241758227,0,0,15.9349623,3.82910681,8.50528145,8.40108299,0,13.3309927,3.82910681,5.50793695,0,,,,50
56398328,0.5,0.769230783,1,0.9221825,0.0805860758,0.0241758227,0,0,15.9304171,3.82910681,8.51130867,8.39474869,0,13.3238449,3.82910681,5.50793695,0,,,,50
56399663,0.5,0.70588237,1,0.9221825,0.0967032909,0.0402930379,0,0,15.9258718,4.61805868,8.46609974,8.38630295,0,13.3309927,4.61805868,5.58575439,0,,,,50
56400789,0.5,0.777777791,1,0.9221825,0.112820506,0.0322344303,0,0,15.9349623,4.61805868,8.45705795,8.38841438,0,13.3238449,4.61805868,5.58575439,0,,,,50
56401920,0.5,0.772727251,1,0.9221825,0.136996329,0.0402930379,0,0,15.9304171,5.37172365,8.43596077,8.38630295,0,13.3309927,5.37172365,5.66357183,0,,,,50
56403052,0.5,0.720000029,1,0.927973628,0.145054936,0.056410253,0,0,15.9304171,5.37172365,8.45705795,8.37785816,0,13.3095493,5.37172365,5.66357183,0,,,,50
56404183,0.5,0.71875,1,0.927973628,0.185347974,0.0725274682,0,0,15.9304171,6.05740547,8.50226688,8.36307812,0,13.3238449,6.05740547,5.73559809,0,,,,50
56405309,0.5,0.696969688,1,0.927973628,0.185347974,0.0805860758,0,0,15.9258718,6.05740547,8.53843403,8.36096668,0,13.3238449,6.05740547,5.73559809,0,,,,50
56406440,0.5,0.578947365,1,0.927973628,0.177289367,0.128937721,0,0,15.9258718,6.64821005,8.44500256,8.33774185,0,13.3238449,6.64821005,5.80762434,0,,,,50
56407566,0.5,0.604166687,1,0.913734734,0.23369962,0.153113544,0,0,15.9258718,6.64821005,8.38472462,8.32718563,0,13.3238449,6.64821005,5.80762434,0,,,,50
56408697,0.5,0.555555582,1,0.913734734,0.201465189,0.161172152,0,0,15.9167824,7.17172527,8.4058218,8.3314085,0,13.3166971,7.17172527,5.89388943,0,,,,50
56409828,0.5,0.5625,1,0.913734734,0.217582405,0.169230759,0,0,15.9213276,7.17172527,8.38171005,8.32718563,0,13.3166971,7.17172527,5.89388943,0,,,,50
56410959,0.5,0.53061223,1,0.906777918,0.209523797,0.185347974,0,0,15.9122372,7.68298674,8.38773823,8.31873989,0,13.3095493,7.68298674,5.98711157,0,,,,50
56412086,0.5,0.547945201,1,0.906777918,0.322344303,0.26593405,0,0,15.9031467,7.68298674,8.31841755,8.2765131,0,13.3166971,7.68298674,5.98711157,0,,,,50
56413216,0.5,0.552238822,1,0.906777918,0.29816848,0.241758227,0,0,15.8986015,8.19613647,8.3304739,8.28073597,0,13.3024006,8.19613647,6.08033323,0,,,,50
56414343,0.5,0.553398073,1,0.906777918,0.459340632,0.370695949,0,0,15.8895121,8.19613647,8.22498608,8.24061966,0,13.3024006,8.19613647,6.08033323,0,,,,50
56415473,0.5,0.567567587,1,0.906777918,0.338461518,0.257875443,0,0,15.8986015,8.69129658,8.31239033,8.2553997,0,13.3024006,8.69129658,6.17355537,0,,,,50
56416600,0.5,0.538461566,1,0.920692921,0.338461518,0.290109873,0,0,15.8986015,8.69129658,8.29430676,8.27862453,0,13.3095493,8.69129658,6.17355537,0,,,,50
56417735,0.5,0.550724626,1,0.920692921,0.306227088,0.249816835,0,0,15.907692,9.1250267,8.34855747,8.29551506,0,13.3024006,9.1250267,6.25286245,0,,,,50
56418862,0.5,0.566666663,1,1.04077804,0.273992658,0.209523797,0,0,15.9122372,9.1250267,8.37266827,8.31451702,0,13.3024006,9.1250267,6.25286245,0,,,,50
56420197,0.5,0.571428597,1,1.04077804,0.257875443,0.193406582,0,0,15.9122372,9.23796749,8.38171005,8.32085133,0,13.3166971,9.23796749,6.21208429,0,,,,50
56421323,0.5,0.561403513,1,1.04077804,0.257875443,0.201465189,0,0,15.907692,9.23796749,8.37266827,8.31240559,0,13.3166971,9.23796749,6.21208429,0,,,,50
56422454,0.5,0.555555582,1,1.04077804,0.282051265,0.225641012,0,0,15.9122372,8.79369831,8.35458469,8.29973793,0,13.3166971,8.79369831,6.17130613,0,,,,50
56423580,0.5,0.538461566,1,1.04077804,0.282051265,0.241758227,0,0,15.9031467,8.79369831,8.34855747,8.29973793,0,13.3024006,8.79369831,6.17130613,0,,,,50
56424711,0.5,0.580645144,1,1.04077804,0.290109873,0.209523797,0,0,15.9031467,7.92572737,8.35157108,8.2976265,0,13.3095493,7.92572737,6.13052797,0,,,,50
56425842,0.5,0.555555582,1,1.04077804,0.322344303,0.257875443,0,0,15.9031467,7.92572737,8.32143211,8.28284645,0,13.3166971,7.92572737,6.13052797,0,,,,50
56426973,0.5,0.573770463,1,1.04077804,0.282051265,0.209523797,0,0,15.907692,6.86624956,8.37568283,8.30818272,0,13.3095493,6.86624956,6.08974981,0,,,,50
56428099,0.5,0.573770463,1,1.04077804,0.282051265,0.209523797,0,0,15.907692,6.86624956,8.37266827,8.31240559,0,13.3166971,6.86624956,6.08974981,0,,,,50
56429230,0.5,0.549019635,1,1.04077804,0.225641012,0.185347974,0,0,15.9122372,5.76042652,8.39678001,8.32929707,0,13.3166971,5.76042652,6.04897165,0,,,,50
56430357,0.5,0.588235319,1,1.04077804,0.241758227,0.169230759,0,0,15.9213276,5.76042652,8.39979362,8.32929707,0,13.3166971,5.76042652,6.04897165,0,,,,50
56431487,0.5,0.48780489,1,1.04077804,0.161172152,0.169230759,0,0,15.9304171,4.69506025,8.39075184,8.36518955,0,13.3238449,4.69506025,6.00819397,0,,,,50
56432614,0.5,0.606060624,1,1.04077804,0.161172152,0.104761899,0,0,15.9258718,4.69506025,8.49623966,8.36941242,0,13.3238449,4.69506025,6.00819397,0,,,,50
56433749,0.5,0.666666687,1,1.04077804,0.161172152,0.0805860758,0,0,15.9304171,3.71781635,8.45103073,8.37785816,0,13.3238449,3.71781635,5.96741581,0,,,,50
56434875,0.5,0.689655185,1,1.04077804,0.161172152,0.0725274682,0,0,15.9258718,3.71781635,8.44500256,8.38419151,0,13.3238449,3.71781635,5.96741581,0,,,,50
56436006,0.5,0.727272749,1,1.00587988,0.128937721,0.0483516455,0,0,15.9304171,2.91545987,8.46308613,8.39897156,0,13.3309927,2.91545987,5.96153593,0,,,,50
56437133,0.5,0.736842096,1,1.00587988,0.112820506,0.0402930379,0,0,15.9304171,2.91545987,8.48418331,8.39474869,0,13.3309927,2.91545987,5.96153593,0,,,,50
56438263,0.5,0.800000012,1,1.00587988,0.0967032909,0.0241758227,0,0,15.9304171,2.36549997,8.53240585,8.38630295,0,13.3238449,2.36549997,5.95565605,0,,,,50
56439390,0.5,0.714285731,1,1.00587988,0.0805860758,0.0322344303,0,0,15.9258718,2.36549997,8.50226688,8.40952778,0,13.3095493,2.36549997,5.95565605,0,,,,50
56440525,0.5,0.777777791,1,1.03122842,0.056410253,0.0161172152,0,0,15.9304171,1.98572326,8.51733685,8.4074173,0,13.3238449,1.98572326,5.92442751,0,,,,50
56441856,0.5,0.75,1,1.03122842,0.0725274682,0.0241758227,0,0,15.9304171,1.98572326,8.51432323,8.41163921,0,13.3309927,1.98572326,5.92442751,0,,,,50
56442986,0.5,0.75,1,1.03122842,0.0483516455,0.0161172152,0,0,15.9349623,1.65255117,8.52939224,8.41586208,0,13.3166971,1.65255117,5.89319897,0,,,,50
56444113,0.5,0.777777791,1,1.04064226,0.056410253,0.0161172152,0,0,15.9349623,1.65255117,8.52336502,8.42219639,0,13.3238449,1.65255117,5.89319897,0,,,,50
56445243,0.5,0.75,1,1.04064226,0.0483516455,0.0161172152,0,0,15.9395075,1.32085311,8.54144764,8.40952778,0,13.3238449,1.32085311,5.85255671,0,,,,50
56446370,0.5,0.857142866,1,1.04064226,0.0483516455,0.00805860758,0,0,15.9304171,1.32085311,8.52336502,8.4074173,0,13.3309927,1.32085311,5.85255671,0,,,,50
56447501,0.5,0.875,1,1.04064226,0.056410253,0.00805860758,0,0,15.9349623,0.981123924,8.52637863,8.41797352,0,13.3238449,0.981123924,5.81191444,0,,,,50
56448632,0.5,0.857142866,1,1.01872146,0.0483516455,0.00805860758,0,0,15.9349623,0.981123924,8.52637863,8.41797352,0,13.3309927,0.981123924,5.81191444,0,,,,50
56449763,0.5,1,1,1.01872146,0.0402930379,0,0,0,15.9349623,0.686002493,8.5444622,8.42641926,0,13.3238449,0.686002493,5.79319334,0,,,,50
56450889,0.5,1,1,1.01872146,0.0402930379,0,0,0,15.9349623,0.686002493,8.51130867,8.43486404,0,13.3309927,0.686002493,5.79319334,0,,,,50
56452020,0.5,1,1,1.0231626,0.0322344303,0,0,0,15.9349623,0.489005357,8.5444622,8.42641926,0,13.3238449,0.489005357,5.7700305,0,,,,50
56453147,0.5,1,1,1.0231626,0.0483516455,0,0,0,15.9349623,0.489005357,8.53542042,8.43064213,0,13.3309927,0.489005357,5.7700305,0,,,,50
56454277,0.5,1,1,1.0231626,0.0402930379,0,0,0,15.9349623,0.3696872,8.53542042,8.42641926,0,13.3309927,0.3696872,5.74686813,0,,,,50
56455404,0.5,1,1,1.0231626,0.0483516455,0,0,0,15.9349623,0.3696872,8.54144764,8.42853069,0,13.3309927,0.3696872,5.74686813,0,,,,50
56456539,0.5,1,1,1.03176177,0.0402930379,0,0,0,15.9349623,0.280043125,8.59569836,8.42430782,0,13.3309927,0.280043125,5.71510649,0,,,,50
56457665,0.5,1,1,1.03176177,0.0322344303,0,0,0,15.9349623,0.280043125,8.55350399,8.43275356,0,13.3309927,0.280043125,5.71510649,0,,,,50
56458796,0.5,1,1,1.03176177,0.0402930379,0,0,0,15.9349623,0.185923144,8.54144764,8.43275356,0,13.3166971,0.185923144,5.68334436,0,,,,50
56459922,0.5,1,1,1.0143187,0.0483516455,0,0,0,15.9304171,0.185923144,8.54144764,8.43275356,0,13.3309927,0.185923144,5.68334436,0,,,,50
56461053,0.5,1,1,1.0143187,0.0402930379,0,0,0,15.9349623,0.115959391,8.53542042,8.43275356,0,13.3238449,0.115959391,5.6690259,0,,,,50
56462384,0.5,1,1,1.0143187,0.0402930379,0,0,0,15.9349623,0.115959391,8.52637863,8.42430782,0,13.3309927,0.115959391,5.6690259,0,,,,50
56463515,0.5,1,1,0.989171386,0.0483516455,0,0,0,15.9349623,0.160240874,8.52637863,8.42219639,0,13.3309927,0.160240874,5.67985439,0,,,,50
56464646,0.5,1,1,0.989171386,0.0402930379,0,0,0,15.9349623,0.160240874,8.4811697,8.43275356,0,13.3309927,0.160240874,5.67985439,0,,,,50
56465777,0.5,1,1,0.989171386,0.0322344303,0,0,0,15.9304171,0.359265983,8.52939224,8.42641926,0,13.3238449,0.359265983,5.69068289,0,,,,50
56466904,0.5,1,1,1.02303147,0.0402930379,0,0,0,15.9304171,0.359265983,8.49925327,8.43064213,0,13.3309927,0.359265983,5.69068289,0,,,,50
56468034,0.5,1,1,1.02303147,0.0402930379,0,0,0,15.9349623,0.599073887,8.5565176,8.43064213,0,13.3166971,0.599073887,5.66765165,0,,,,50
56469161,0.5,1,1,1.02303147,0.0483516455,0,0,0,15.9349623,0.599073887,8.53240585,8.42641926,0,13.3238449,0.599073887,5.66765165,0,,,,50
56470292,0.5,1,1,1.02303147,0.056410253,0,0,0,15.9349623,0.747200608,8.52637863,8.43064213,0,13.3309927,0.747200608,5.64461994,0,,,,50
56471423,0.5,1,1,1.02303147,0.0402930379,0,0,0,15.9349623,0.747200608,8.52336502,8.42641926,0,13.3309927,0.747200608,5.64461994,0,,,,50
56472554,0.5,1,1,1.02303147,0.0483516455,0,0,0,15.9349623,0.79517597,8.55048943,8.42853069,0,13.3309927,0.79517597,5.62158871,0,,,,50
56473681,0.5,1,1,1.02303147,0.0402930379,0,0,0,15.9258718,0.79517597,8.53240585,8.42219639,0,13.3309927,0.79517597,5.62158871,0,,,,50
56474811,0.5,1,1,1.02303147,0.0402930379,0,0,0,15.9304171,0.78063494,8.54144764,8.42853069,0,13.3238449,0.78063494,5.598557,0,,,,50
56475938,0.5,1,1,1.02303147,0.0402930379,0,0,0,15.9349623,0.78063494,8.53542042,8.42853069,0,13.3238449,0.78063494,5.598557,0,,,,50
56477069,0.5,1,1,1.02303147,0.0402930379,0,0,0,15.9304171,0.728946626,8.53240585,8.42219639,0,13.3095493,0.728946626,5.57552576,0,,,,50
56478195,0.5,1,1,1.02303147,0.0402930379,0,0,0,15.9349623,0.728946626,8.5565176,8.42853069,0,13.3309927,0.728946626,5.57552576,0,,,,50
56479331,0.5,1,1,1.02303147,0.0322344303,0,0,0,15.9304171,0.657114506,8.52939224,8.42853069,0,13.3309927,0.657114506,5.55249405,0,,,,50
56480457,0.5,1,1,1.02303147,0.0322344303,0,0,0,15.9349623,0.657114506,8.52637863,8.42641926,0,13.3309927,0.657114506,5.55249405,0,,,,50
56481588,0.5,1,1,1.02303147,0.0322344303,0,0,0,15.9304171,0.576267481,8.52336502,8.43064213,0,13.3166971,0.576267481,5.52946281,0,,,,50
56482918,0.5,1,1,1.0143187,0.0322344303,0,0,0,15.9349623,0.576267481,8.60172653,8.42219639,0,13.3309927,0.576267481,5.52946281,0,,,,50
56484049,0.5,1,1,1.0143187,0.0402930379,0,0,0,15.9349623,0.509602726,8.58665657,8.43064213,0,13.3095493,0.509602726,5.51514387,0,,,,50
56485175,0.5,1,1,1.0143187,0.0402930379,0,0,0,15.9349623,0.509602726,8.52939224,8.43064213,0,13.3238449,0.509602726,5.51514387,0,,,,50
56486306,0.5,1,1,1.0143187,0.0402930379,0,0,0,15.9349623,0.479245454,8.51432323,8.42853069,0,13.3238449,0.479245454,5.50082541,0,,,,50
56487437,0.5,1,1,1.0143187,0.0241758227,0,0,0,15.9349623,0.479245454,8.5444622,8.42853069,0,13.3309927,0.479245454,5.50082541,0,,,,50
56488568,0.5,1,1,1.0143187,0.0322344303,0,0,0,15.9349623,0.479731232,8.54144764,8.42853069,0,13.3309927,0.479731232,5.48650646,0,,,,50
56489695,0.5,1,1,1.0143187,0.0402930379,0,0,0,15.9304171,0.479731232,8.51130867,8.43064213,0,13.3166971,0.479731232,5.48650646,0,,,,50
56490825,0.5,1,1,1.0143187,0.0483516455,0,0,0,15.9349623,0.496642858,8.53240585,8.43064213,0,13.3238449,0.496642858,5.472188,0,,,,50
56491951,0.5,1,1,1.0143187,0.0483516455,0,0,0,15.9349623,0.496642858,8.52637863,8.42853069,0,13.3309927,0.496642858,5.472188,0,,,,50
56493082,0.5,1,1,1.0143187,0.0402930379,0,0,0,15.9349623,0.52069509,8.53843403,8.42008495,0,13.3024006,0.52069509,5.45786953,0,,,,50
56494208,0.5,1,1,1.0143187,0.0402930379,0,0,0,15.9349623,0.52069509,8.50226688,8.42641926,0,13.3238449,0.52069509,5.45786953,0,,,,50
56495345,0.5,1,1,1.0143187,0.0483516455,0,0,0,15.9304171,0.546074033,8.53843403,8.42219639,0,13.3238449,0.546074033,5.44355059,0,,,,50
56496472,0.5,1,1,1.0143187,0.0483516455,0,0,0,15.9304171,0.546074033,8.53240585,8.42008495,0,13.3309927,0.546074033,5.44355059,0,,,,50
56497603,0.5,1,1,1.0143187,0.0483516455,0,0,0,15.9304171,0.569332778,8.51733685,8.42219639,0,13.3238449,0.569332778,5.42923212,0,,,,50
56498729,0.5,1,1,1.0143187,0.0402930379,0,0,0,15.9304171,0.569332778,8.54144764,8.42853069,0,13.3309927,0.569332778,5.42923212,0,,,,50
56499860,0.5,1,1,0.98114419,0.0483516455,0,0,0,15.9304171,0.650192916,8.53240585,8.42219639,0,13.3309927,0.650192916,5.44808769,0,,,,50
56500987,0.5,1,1,0.98114419,0.0483516455,0,0,0,15.9304171,0.650192916,8.52939224,8.42430782,0,13.3309927,0.650192916,5.44808769,0,,,,50
56502122,0.5,1,1,0.98114419,0.0483516455,0,0,0,15.9304171,0.85608691,8.54144764,8.42219639,0,13.3238449,0.85608691,5.46694374,0,,,,50
56503249,0.5,1,1,0.98114419,0.0483516455,0,0,0,15.9349623,0.85608691,8.52637863,8.42219639,0,13.3238449,0.85608691,5.46694374,0,,,,50
56504583,0.5,1,1,0.965357542,0.0402930379,0,0,0,15.9349623,1.18660569,8.53240585,8.41375065,0,13.3238449,1.18660569,5.50158596,0,,,,50
56505710,0.5,1,1,0.965357542,0.0483516455,0,0,0,15.9349623,1.18660569,8.52035046,8.41163921,0,13.3309927,1.18660569,5.50158596,0,,,,50
56506841,0.5,1,1,0.965357542,0.0402930379,0,0,0,15.9349623,1.61557317,8.51432323,8.41586208,0,13.3238449,1.61557317,5.53622818,0,,,,50
56507968,0.5,0.857142866,1,0.965124071,0.0483516455,0.00805860758,0,0,15.9304171,1.61557317,8.52336502,8.41375065,0,13.3309927,1.61557317,5.53622818,0,,,,50
56509098,0.5,1,1,0.965124071,0.0483516455,0,0,0,15.9349623,2.0934689,8.54144764,8.41586208,0,13.3309927,2.0934689,5.57110453,0,,,,50
56510230,0.5,0.875,1,0.965124071,0.056410253,0.00805860758,0,0,15.9395075,2.0934689,8.4932251,8.41163921,0,13.3238449,2.0934689,5.57110453,0,,,,50
56511360,0.5,0.777777791,1,0.965124071,0.056410253,0.0161172152,0,0,15.9349623,2.57197976,8.58665657,8.40530586,0,13.3309927,2.57197976,5.6059804,0,,,,50
56512487,0.5,0.899999976,1,0.965124071,0.0725274682,0.00805860758,0,0,15.9304171,2.57197976,8.4932251,8.39686012,0,13.3238449,2.57197976,5.6059804,0,,,,50
56513618,0.5,0.777777791,1,0.949957848,0.056410253,0.0161172152,0,0,15.9304171,3.05101347,8.58967113,8.40530586,0,13.3238449,3.05101347,5.65602255,0,,,,50
56514744,0.5,0.846153855,1,0.949957848,0.0886446834,0.0161172152,0,0,15.9304171,3.05101347,8.49925327,8.39474869,0,13.3024006,3.05101347,5.65602255,0,,,,50
56515875,0.5,0.75,1,0.949957848,0.0725274682,0.0241758227,0,0,15.9349623,3.54695559,8.48719788,8.39897156,0,13.3166971,3.54695559,5.7060647,0,,,,50
56517002,0.5,0.785714269,1,0.927973628,0.0886446834,0.0241758227,0,0,15.9349623,3.54695559,8.50226688,8.39897156,0,13.3309927,3.54695559,5.7060647,0,,,,50
56518137,0.5,0.714285731,1,0.927973628,0.0805860758,0.0322344303,0,0,15.9304171,4.08123732,8.46308613,8.39052582,0,13.3166971,4.08123732,5.77809095,0,,,,50
56519264,0.5,0.800000012,1,0.927973628,0.128937721,0.0322344303,0,0,15.9304171,4.08123732,8.45404434,8.39686012,0,13.3309927,4.08123732,5.77809095,0,,,,50
56520395,0.5,0.75,1,0.927973628,0.120879114,0.0402930379,0,0,15.9304171,4.67185163,8.44801617,8.37785816,0,13.3166971,4.67185163,5.85011721,0,,,,50
56521521,0.5,0.699999988,1,0.954845726,0.112820506,0.0483516455,0,0,15.9304171,4.67185163,8.43596077,8.38419151,0,13.3238449,4.67185163,5.85011721,0,,,,50
56522652,0.5,0.75,1,0.954845726,0.145054936,0.0483516455,0,0,15.9304171,5.23564529,8.45103073,8.37574673,0,13.3238449,5.23564529,5.8952713,0,,,,50
56523778,0.5,0.625,1,0.954845726,0.120879114,0.0725274682,0,0,15.9304171,5.23564529,8.42993259,8.37363529,0,13.3238449,5.23564529,5.8952713,0,,,,50
56525117,0.5,0.666666687,1,0.954845726,0.193406582,0.0967032909,0,0,15.9304171,5.67317772,8.29430676,8.36518955,0,13.3238449,5.67317772,5.9404254,0,,,,50
56526244,0.5,0.692307711,1,0.954845726,0.217582405,0.0967032909,0,0,15.9258718,5.67317772,8.61378193,8.36307812,0,13.3238449,5.67317772,5.9404254,0,,,,50
56527374,0.5,0.545454562,1,0.954845726,0.145054936,0.120879114,0,0,15.9304171,5.98442888,8.45103073,8.35463333,0,13.3238449,5.98442888,5.98557997,0,,,,50
56528501,0.5,0.568181813,1,0.954845726,0.201465189,0.153113544,0,0,15.9213276,5.98442888,8.39979362,8.34618759,0,13.3238449,5.98442888,5.98557997,0,,,,50
56529632,0.5,0.560000002,1,0.954845726,0.225641012,0.177289367,0,0,15.9213276,6.20612764,8.39979362,8.33351898,0,13.3166971,6.20612764,6.03073406,0,,,,50
56530758,0.5,0.537037015,1,0.954845726,0.23369962,0.201465189,0,0,15.907692,6.20612764,8.36664104,8.30607224,0,13.3166971,6.20612764,6.03073406,0,,,,50
56531889,0.5,0.525423706,1,0.954845726,0.249816835,0.225641012,0,0,15.9122372,6.36492205,8.37869644,8.30818272,0,13.3238449,6.36492205,6.07588816,0,,,,50
56533020,0.5,0.543859661,1,0.954845726,0.249816835,0.209523797,0,0,15.9167824,6.36492205,8.36965466,8.31240559,0,13.3166971,6.36492205,6.07588816,0,,,,50
56534151,0.5,0.568627477,1,0.942440689,0.23369962,0.177289367,0,0,15.9167824,6.50323105,8.38773823,8.3250742,0,13.3166971,6.50323105,6.13344765,0,,,,50
56535277,0.5,0.574468076,1,0.942440689,0.217582405,0.161172152,0,0,15.9258718,6.50323105,8.40280819,8.34196472,0,13.3238449,6.50323105,6.13344765,0,,,,50
56536408,0.5,0.558139563,1,0.942440689,0.193406582,0.153113544,0,0,15.9258718,6.66057205,8.46007252,8.33774185,0,13.3238449,6.66057205,6.19100666,0,,,,50
56537535,0.5,0.594594598,1,0.942440689,0.177289367,0.120879114,0,0,15.9304171,6.66057205,8.43897438,8.31873989,0,13.3095493,6.66057205,6.19100666,0,,,,50
56538665,0.5,0.524999976,1,0.945791781,0.169230759,0.153113544,0,0,15.9258718,6.82965946,8.42691898,8.34196472,0,13.3238449,6.82965946,6.24521494,0,,,,50
56539792,0.5,0.574999988,1,0.945791781,0.185347974,0.136996329,0,0,15.9213276,6.82965946,8.40883541,8.32718563,0,13.3238449,6.82965946,6.24521494,0,,,,50
56540927,0.5,0.600000024,1,0.945791781,0.193406582,0.128937721,0,0,15.9258718,6.98860645,8.40280819,8.34196472,0,13.3238449,6.98860645,6.29942322,0,,,,50
56542053,0.5,0.600000024,1,0.945791781,0.193406582,0.128937721,0,0,15.9213276,6.98860645,8.4058218,8.33985329,0,13.3024006,6.98860645,6.29942322,0,,,,50
56543184,0.5,0.553191483,1,0.945791781,0.209523797,0.169230759,0,0,15.9213276,7.13167381,8.4058218,8.32929707,0,13.3238449,7.13167381,6.35363102,0,,,,50
56544310,0.5,0.553191483,1,0.945791781,0.209523797,0.169230759,0,0,15.9213276,7.13167381,8.39979362,8.33351898,0,13.3166971,7.13167381,6.35363102,0,,,,50
56545441,0.5,0.577777803,1,0.945791781,0.209523797,0.153113544,0,0,15.9258718,7.2601409,8.40883541,8.33563042,0,13.3166971,7.2601409,6.4078393,0,,,,50
56546772,0.5,0.604166687,1,0.945791781,0.23369962,0.153113544,0,0,15.9167824,7.2601409,8.3937664,8.33351898,0,13.3238449,7.2601409,6.4078393,0,,,,50
56547903,0.5,0.577777803,1,0.945791781,0.209523797,0.153113544,0,0,15.9213276,7.37563229,8.40883541,8.33563042,0,13.3238449,7.37563229,6.46204758,0,,,,50
56549034,0.5,0.5625,1,0.945791781,0.217582405,0.169230759,0,0,15.9213276,7.37563229,8.43294716,8.3314085,0,13.3166971,7.37563229,6.46204758,0,,,,50
56550165,0.5,0.558139563,1,0.997455657,0.193406582,0.153113544,0,0,15.9213276,7.38400507,8.38472462,8.33774185,0,13.3238449,7.38400507,6.4645915,0,,,,50
56551291,0.5,0.553191483,1,0.997455657,0.209523797,0.169230759,0,0,15.9213276,7.38400507,8.40883541,8.32929707,0,13.3166971,7.38400507,6.4645915,0,,,,50
56552422,0.5,0.571428597,1,0.997455657,0.225641012,0.169230759,0,0,15.9167824,7.18069267,8.39075184,8.33351898,0,13.3166971,7.18069267,6.46713591,0,,,,50
56553548,0.5,0.553191483,1,0.997455657,0.209523797,0.169230759,0,0,15.9213276,7.18069267,8.40883541,8.33563042,0,13.3166971,7.18069267,6.46713591,0,,,,50
56554679,0.5,0.534883738,1,0.993234396,0.185347974,0.161172152,0,0,15.9258718,6.82114315,8.39678001,8.34407616,0,13.3238449,6.82114315,6.47390175,0,,,,50
56555811,0.5,0.558139563,1,0.993234396,0.193406582,0.153113544,0,0,15.9213276,6.82114315,8.40883541,8.34196472,0,13.3238449,6.82114315,6.47390175,0,,,,50
56556942,0.5,0.590909064,1,0.993234396,0.209523797,0.145054936,0,0,15.9258718,6.40715599,8.43596077,8.39474869,0,13.3238449,6.40715599,6.48066711,0,,,,50
56558068,0.5,0.578947365,1,0.989171386,0.177289367,0.128937721,0,0,15.9258718,6.40715599,8.41184998,8.33985329,0,13.3024006,6.40715599,6.48066711,0,,,,50
56559198,0.5,0.56410259,1,0.989171386,0.177289367,0.136996329,0,0,15.9304171,6.00031853,8.30937672,8.36307812,0,13.3238449,6.00031853,6.49149561,0,,,,50
56560325,0.5,0.5,1,0.989171386,0.128937721,0.128937721,0,0,15.9304171,6.00031853,8.25813961,8.36096668,0,13.3238449,6.00031853,6.49149561,0,,,,50
56561456,0.5,0.657142878,1,0.989171386,0.185347974,0.0967032909,0,0,15.9258718,5.63571548,8.56555939,8.36730099,0,13.3095493,5.63571548,6.5023241,0,,,,50
56562582,0.5,0.657894731,1,1.02737808,0.201465189,0.104761899,0,0,15.9304171,5.63571548,8.6198101,8.36730099,0,13.3238449,5.63571548,6.5023241,0,,,,50
56563718,0.5,0.677419364,1,1.02737808,0.169230759,0.0805860758,0,0,15.9304171,5.25264549,8.4058218,8.38841438,0,13.3166971,5.25264549,6.47494602,0,,,,50
56564844,0.5,0.666666687,1,1.02737808,0.161172152,0.0805860758,0,0,15.9304171,5.25264549,8.39678001,8.38419151,0,13.3238449,5.25264549,6.47494602,0,,,,50
56565975,0.5,0.708333313,1,1.03189516,0.136996329,0.056410253,0,0,15.9304171,4.76236391,8.47212791,8.38630295,0,13.3238449,4.76236391,6.44305086,0,,,,50
56567306,0.5,0.75999999,1,1.03189516,0.153113544,0.0483516455,0,0,15.9304171,4.76236391,8.45404434,8.39897156,0,13.3166971,4.76236391,6.44305086,0,,,,50
56568436,0.5,0.800000012,1,1.03189516,0.161172152,0.0402930379,0,0,15.9258718,4.18540525,8.45404434,8.40108299,0,13.3238449,4.18540525,6.4111557,0,,,,50
56569563,0.5,0.809523821,1,1.03189516,0.136996329,0.0322344303,0,0,15.9304171,4.18540525,8.45705795,8.39263725,0,13.3309927,4.18540525,6.4111557,0,,,,50
56570693,0.5,0.800000012,1,1.04541397,0.128937721,0.0322344303,0,0,15.9258718,3.56311464,8.4811697,8.41586208,0,13.3238449,3.56311464,6.36574173,0,,,,50
56571825,0.5,0.789473712,1,1.04541397,0.120879114,0.0322344303,0,0,15.9349623,3.56311464,8.47514153,8.40530586,0,13.3309927,3.56311464,6.36574173,0,,,,50
56572956,0.5,0.823529422,1,1.04541397,0.112820506,0.0241758227,0,0,15.9304171,2.91178608,8.4811697,8.4074173,0,13.3238449,2.91178608,6.32032776,0,,,,50
56574082,0.5,0.823529422,1,1.05915117,0.112820506,0.0241758227,0,0,15.9349623,2.91178608,8.49623966,8.38630295,0,13.3238449,2.91178608,6.32032776,0,,,,50
56575213,0.5,0.769230783,1,1.05915117,0.0805860758,0.0241758227,0,0,15.9304171,2.24185586,8.50226688,8.40319443,0,13.3166971,2.24185586,6.26117659,0,,,,50
56576340,0.5,0.785714269,1,1.05915117,0.0886446834,0.0241758227,0,0,15.9304171,2.24185586,8.52939224,8.40952778,0,13.3309927,2.24185586,6.26117659,0,,,,50
56577471,0.5,0.727272749,1,1.04514015,0.0644688606,0.0241758227,0,0,15.9349623,1.58583939,8.50528145,8.40952778,0,13.3238449,1.58583939,6.21603632,0,,,,50
56578598,0.5,0.818181813,1,1.04514015,0.0725274682,0.0161172152,0,0,15.9349623,1.58583939,8.50528145,8.41586208,0,13.3238449,1.58583939,6.21603632,0,,,,50
56579733,0.5,0.899999976,1,1.04514015,0.0725274682,0.00805860758,0,0,15.9349623,1.00210845,8.50528145,8.42008495,0,13.3238449,1.00210845,6.17089653,0,,,,50
56580860,0.5,0.899999976,1,1.04077804,0.0725274682,0.00805860758,0,0,15.9349623,1.00210845,8.52637863,8.41586208,0,13.3309927,1.00210845,6.17089653,0,,,,50
56581990,0.5,0.857142866,1,1.04077804,0.0483516455,0.00805860758,0,0,15.9304171,0.516904235,8.54144764,8.41797352,0,13.3238449,0.516904235,6.13011837,0,,,,50
56583117,0.5,1,1,1.04077804,0.056410253,0,0,0,15.9349623,0.516904235,8.53843403,8.42430782,0,13.3309927,0.516904235,6.13011837,0,,,,50
56584247,0.5,1,1,1.04077804,0.0402930379,0,0,0,15.9304171,0.128832221,8.52336502,8.42641926,0,13.3238449,0.128832221,6.08934021,0,,,,50
56585375,0.5,1,1,1.03672147,0.0644688606,0,0,0,15.9304171,0.128832221,8.52637863,8.42641926,0,13.3238449,0.128832221,6.08934021,0,,,,50
56586510,0.5,1,1,1.03672147,0.0402930379,0,0,0,15.9349623,-0.169421017,8.54747581,8.43275356,0,13.3238449,-0.169421017,6.05261898,0,,,,50
56587841,0.5,1,1,1.03672147,0.0402930379,0,0,0,15.9349623,-0.169421017,8.52035046,8.42853069,0,13.3238449,-0.169421017,6.05261898,0,,,,50
56588971,0.5,1,1,1.04064226,0.0322344303,0,0,0,15.9349623,-0.395257086,8.54144764,8.43486404,0,13.3238449,-0.395257086,6.01197672,0,,,,50
56590098,0.5,1,1,1.04064226,0.0322344303,0,0,0,15.9349623,-0.395257086,8.57460117,8.43275356,0,13.3238449,-0.395257086,6.01197672,0,,,,50
56591228,0.5,1,1,1.04064226,0.0402930379,0,0,0,15.9395075,-0.57506156,8.54144764,8.43275356,0,13.3309927,-0.57506156,5.97133446,0,,,,50
56592355,0.5,1,1,1.04064226,0.0402930379,0,0,0,15.9349623,-0.57506156,8.52035046,8.42641926,0,13.3309927,-0.57506156,5.97133446,0,,,,50
56593485,0.5,1,1,1.03591406,0.0322344303,0,0,0,15.9349623,-0.715402901,8.5565176,8.43275356,0,13.3309927,-0.715402901,5.93542051,0,,,,50
56594617,0.5,1,1,1.03591406,0.0241758227,0,0,0,15.9349623,-0.715402901,8.5444622,8.43275356,0,13.3166971,-0.715402901,5.93542051,0,,,,50
56595748,0.5,1,1,1.03591406,0.0241758227,0,0,0,15.9349623,-0.813162088,8.5444622,8.43275356,0,13.3095493,-0.813162088,5.89950609,0,,,,50
56596875,0.5,1,1,1.03189516,0.0241758227,0,0,0,15.9395075,-0.813162088,8.55048943,8.43064213,0,13.3309927,-0.813162088,5.89950609,0,,,,50
56598005,0.5,1,1,1.03189516,0.0322344303,0,0,0,15.9349623,-0.870490551,8.56254578,8.43064213,0,13.3238449,-0.870490551,5.86761093,0,,,,50
56599132,0.5,1,1,1.03189516,0.0322344303,0,0,0,15.9349623,-0.870490551,8.55350399,8.43064213,0,13.3309927,-0.870490551,5.86761093,0,,,,50
56600262,0.5,1,1,1.03189516,0.0241758227,0,0,0,15.9349623,-0.891831815,8.55048943,8.43064213,0,13.3309927,-0.891831815,5.83571577,0,,,,50
56601389,0.5,1,1,1.02303147,0.0241758227,0,0,0,15.9349623,-0.891831815,8.55953121,8.42853069,0,13.3238449,-0.891831815,5.83571577,0,,,,50
56602524,0.5,1,1,1.02303147,0.0161172152,0,0,0,15.9349623,-0.872903168,8.55953121,8.43064213,0,13.3166971,-0.872903168,5.81268454,0,,,,50
56603650,0.5,1,1,1.02303147,0.0322344303,0,0,0,15.9304171,-0.872903168,8.5565176,8.43064213,0,13.3238449,-0.872903168,5.81268454,0,,,,50
56604781,0.5,1,1,1.02303147,0.0241758227,0,0,0,15.9304171,-0.80830723,8.54747581,8.43064213,0,13.3309927,-0.80830723,5.7896533,0,,,,50
56605908,0.5,1,1,1.02303147,0.0322344303,0,0,0,15.9349623,-0.80830723,8.55350399,8.43064213,0,13.3309927,-0.80830723,5.7896533,0,,,,50
56607038,0.5,1,1,1.02303147,0.0241758227,0,0,0,15.9349623,-0.714017332,8.52637863,8.43064213,0,13.3166971,-0.714017332,5.76662159,0,,,,50
56608165,0.5,1,1,1.02303147,0.0241758227,0,0,0,15.9349623,-0.714017332,8.54747581,8.43064213,0,13.3309927,-0.714017332,5.76662159,0,,,,50
56609499,0.5,1,1,1.02303147,0.0322344303,0,0,0,15.9349623,-0.610615969,8.54747581,8.43064213,0,13.3309927,-0.610615969,5.74359035,0,,,,50
56610631,0.5,1,1,1.02303147,0.0161172152,0,0,0,15.9349623,-0.610615969,8.57761478,8.43064213,0,13.3309927,-0.610615969,5.74359035,0,,,,50
56611761,0.5,1,1,1.02303147,0.0322344303,0,0,0,15.9349623,-0.510487795,8.58062935,8.43064213,0,13.3238449,-0.510487795,5.72055864,0,,,,50
56612888,0.5,1,1,1.01444769,0.0241758227,0,0,0,15.9349623,-0.510487795,8.56254578,8.42430782,0,13.3309927,-0.510487795,5.72055864,0,,,,50
56614018,0.5,1,1,1.01444769,0.0161172152,0,0,0,15.9395075,-0.404641896,8.53240585,8.43064213,0,13.3238449,-0.404641896,5.70611095,0,,,,50
56615145,0.5,1,1,1.01444769,0.00805860758,0,0,0,15.9349623,-0.404641896,8.568573,8.42853069,0,13.3309927,-0.404641896,5.70611095,0,,,,50
56616276,0.5,1,1,1.00638735,0.00805860758,0,0,0,15.9349623,-0.2638188,8.57460117,8.42853069,0,13.3309927,-0.2638188,5.69972372,0,,,,50
56617407,0.5,1,1,1.00638735,0.00805860758,0,0,0,15.9349623,-0.2638188,8.55350399,8.43064213,0,13.3309927,-0.2638188,5.69972372,0,,,,50
56618538,0.5,1,1,1.00638735,0.00805860758,0,0,0,15.9349623,-0.0801569223,8.58062935,8.42641926,0,13.3309927,-0.0801569223,5.69333649,0,,,,50
56619664,0.5,1,1,1.00638735,0.0161172152,0,0,0,15.9349623,-0.0801569223,8.53240585,8.42853069,0,13.3309927,-0.0801569223,5.69333649,0,,,,50
56620795,0.5,1,1,1.00587988,0.0322344303,0,0,0,15.9349623,0.12518838,8.54747581,8.42430782,0,13.3309927,0.12518838,5.68745661,0,,,,50
56621921,0.5,1,1,1.00587988,0.0161172152,0,0,0,15.9349623,0.12518838,8.56555939,8.42853069,0,13.3238449,0.12518838,5.68745661,0,,,,50
56623052,0.5,1,1,1.00587988,0.0322344303,0,0,0,15.9349623,0.330658495,8.59569836,8.42853069,0,13.3166971,0.330658495,5.68157673,0,,,,50
56624179,0.5,1,1,1.00587988,0.0483516455,0,0,0,15.9304171,0.330658495,8.52939224,8.42853069,0,13.3309927,0.330658495,5.68157673,0,,,,50
56625314,0.5,1,1,0.992863655,0.0241758227,0,0,0,15.9349623,0.547111332,8.53542042,8.42853069,0,13.3309927,0.547111332,5.68871307,0,,,,50
56626440,0.5,1,1,0.992863655,0.0402930379,0,0,0,15.9395075,0.547111332,8.51432323,8.42853069,0,13.3309927,0.547111332,5.68871307,0,,,,50
56627571,0.5,1,1,0.992863655,0.0402930379,0,0,0,15.9349623,0.793941081,8.53542042,8.42853069,0,13.3238449,0.793941081,5.69584942,0,,,,50
56628697,0.5,1,1,0.973127484,0.056410253,0,0,0,15.9349623,0.793941081,8.5444622,8.42853069,0,13.3309927,0.793941081,5.69584942,0,,,,50
56630032,0.5,1,1,0.973127484,0.0483516455,0,0,0,15.9349623,1.09323561,8.51130867,8.42853069,0,13.3166971,1.09323561,5.72272205,0,,,,50
56631158,0.5,1,1,0.973127484,0.056410253,0,0,0,15.9349623,1.09323561,8.53843403,8.42641926,0,13.3238449,1.09323561,5.72272205,0,,,,50
56632289,0.5,1,1,0.973127484,0.056410253,0,0,0,15.9304171,1.46229136,8.52637863,8.42430782,0,13.3238449,1.46229136,5.74959421,0,,,,50
56633420,0.5,1,1,0.977059603,0.0725274682,0,0,0,15.9349623,1.46229136,8.44801617,8.41586208,0,13.3309927,1.46229136,5.74959421,0,,,,50
56634551,0.5,1,1,0.977059603,0.056410253,0,0,0,15.9304171,1.86337411,8.51130867,8.41375065,0,13.3095493,1.86337411,5.77253485,0,,,,50
56635678,0.5,1,1,0.977059603,0.0483516455,0,0,0,15.9304171,1.86337411,8.54144764,8.41375065,0,13.3238449,1.86337411,5.77253485,0,,,,50
56636809,0.5,0.875,1,0.965124071,0.056410253,0.00805860758,0,0,15.9349623,2.26939797,8.52035046,8.40319443,0,13.3238449,2.26939797,5.80741072,0,,,,50
56637935,0.5,0.888888896,1,0.965124071,0.0644688606,0.00805860758,0,0,15.9304171,2.26939797,8.5444622,8.4074173,0,13.3309927,2.26939797,5.80741072,0,,,,50
56639066,0.5,0.818181813,1,0.965124071,0.0725274682,0.0161172152,0,0,15.9349623,2.68495417,8.58364296,8.41163921,0,13.3166971,2.68495417,5.84228659,0,,,,50
56640193,0.5,0.75,1,0.965124071,0.0483516455,0.0161172152,0,0,15.9258718,2.68495417,8.51733685,8.39474869,0,13.3238449,2.68495417,5.84228659,0,,,,50
56641329,0.5,0.642857134,1,0.973127484,0.0725274682,0.0402930379,0,0,15.9304171,3.07959366,8.50226688,8.39263725,0,13.3238449,3.07959366,5.86915922,0,,,,50
56642455,0.5,0.833333313,1,0.973127484,0.0805860758,0.0161172152,0,0,15.9304171,3.07959366,8.48719788,8.39052582,0,13.3309927,3.07959366,5.86915922,0,,,,50
56643585,0.5,0.666666687,1,0.973127484,0.0644688606,0.0322344303,0,0,15.9304171,3.41543603,8.57460117,8.39474869,0,13.3238449,3.41543603,5.89603138,0,,,,50
56644712,0.5,0.764705896,1,0.973246217,0.104761899,0.0322344303,0,0,15.9304171,3.41543603,8.47815609,8.4074173,0,13.3238449,3.41543603,5.89603138,0,,,,50
56645843,0.5,0.75,1,0.973246217,0.120879114,0.0402930379,0,0,15.9258718,3.68888021,8.45103073,8.39897156,0,13.3309927,3.68888021,5.92278528,0,,,,50
56646969,0.5,0.823529422,1,0.973246217,0.112820506,0.0241758227,0,0,15.9349623,3.68888021,8.48418331,8.39686012,0,13.3238449,3.68888021,5.92278528,0,,,,50
56648105,0.5,0.695652187,1,0.973246217,0.128937721,0.056410253,0,0,15.9304171,3.91024256,8.44198895,8.37363529,0,13.3238449,3.91024256,5.94953918,0,,,,50
56649231,0.5,0.695652187,1,0.958055615,0.128937721,0.056410253,0,0,15.9258718,3.91024256,8.43897438,8.38841438,0,13.3238449,3.91024256,5.94953918,0,,,,50
56650362,0.5,0.789473712,1,0.958055615,0.120879114,0.0322344303,0,0,15.9304171,4.11713552,8.47212791,8.39474869,0,13.3238449,4.11713552,5.99148321,0,,,,50
56651693,0.5,0.720000029,1,0.958055615,0.145054936,0.056410253,0,0,15.9258718,4.11713552,8.43294716,8.38419151,0,13.3309927,4.11713552,5.99148321,0,,,,50
56652823,0.5,0.708333313,1,0.958055615,0.136996329,0.056410253,0,0,15.9304171,4.34909725,8.47815609,8.38208103,0,13.3238449,4.34909725,6.03342772,0,,,,50
56653950,0.5,0.636363626,1,0.949957848,0.112820506,0.0644688606,0,0,15.9304171,4.34909725,8.63789368,8.38208103,0,13.3238449,4.34909725,6.03342772,0,,,,50
56655081,0.5,0.707317054,1,0.949957848,0.23369962,0.0967032909,0,0,15.9258718,4.61461592,8.50528145,8.35885525,0,13.3166971,4.61461592,6.08346987,0,,,,50
56656212,0.5,0.75,1,0.949957848,0.241758227,0.0805860758,0,0,15.9258718,4.61461592,8.50226688,8.36518955,0,13.3238449,4.61461592,6.08346987,0,,,,50
56657343,0.5,0.558139563,1,0.960824251,0.193406582,0.153113544,0,0,15.9167824,4.88901138,8.3937664,8.32929707,0,13.3238449,4.88901138,6.12264538,0,,,,50
56658470,0.5,0.619047642,1,0.960824251,0.209523797,0.128937721,0,0,15.9258718,4.88901138,8.43294716,8.3525219,0,13.3238449,4.88901138,6.12264538,0,,,,50
56659600,0.5,0.585365832,1,0.960824251,0.193406582,0.136996329,0,0,15.9258718,5.13081217,8.46007252,8.30818272,0,13.3238449,5.13081217,6.16182137,0,,,,50
56660727,0.5,0.578947365,1,0.960824251,0.177289367,0.128937721,0,0,15.9258718,5.13081217,8.29129314,8.36096668,0,13.3238449,5.13081217,6.16182137,0,,,,50
56661857,0.5,0.625,1,0.973127484,0.161172152,0.0967032909,0,0,15.9258718,5.3065443,8.49623966,8.36730099,0,13.3238449,5.3065443,6.18869352,0,,,,50
56662984,0.5,0.607142866,1,0.973127484,0.136996329,0.0886446834,0,0,15.9304171,5.3065443,8.52637863,8.37785816,0,13.3238449,5.3065443,6.18869352,0,,,,50
56664119,0.5,0.666666687,1,0.973127484,0.128937721,0.0644688606,0,0,15.9304171,5.39917946,8.50829506,8.3799696,0,13.3238449,5.39917946,6.21556616,0,,,,50
56665246,0.5,0.677419364,1,0.973127484,0.169230759,0.0805860758,0,0,15.9304171,5.39917946,8.60474014,8.37152386,0,13.3238449,5.39917946,6.21556616,0,,,,50
56666377,0.5,0.642857134,1,0.961518943,0.145054936,0.0805860758,0,0,15.9304171,5.44812489,8.49021149,8.37363529,0,13.3238449,5.44812489,6.25404692,0,,,,50
56667503,0.5,0.696969688,1,0.961518943,0.185347974,0.0805860758,0,0,15.9349623,5.44812489,8.43294716,8.36730099,0,13.3095493,5.44812489,6.25404692,0,,,,50
56668634,0.5,0.645161271,1,0.961518943,0.161172152,0.0886446834,0,0,15.9258718,5.50486279,8.59871292,8.35885525,0,13.3238449,5.50486279,6.29252815,0,,,,50
56669761,0.5,0.533333361,1,0.973127484,0.128937721,0.112820506,0,0,15.9304171,5.50486279,8.35458469,8.36096668,0,13.3309927,5.50486279,6.29252815,0,,,,50
56670896,0.5,0.611111104,1,0.973127484,0.177289367,0.112820506,0,0,15.9349623,5.55573177,8.45103073,8.36096668,0,13.3238449,5.55573177,6.31940079,0,,,,50
56672226,0.5,0.75,1,0.973127484,0.217582405,0.0725274682,0,0,15.9258718,5.55573177,8.56555939,8.36518955,0,13.3238449,5.55573177,6.31940079,0,,,,50
56673357,0.5,0.636363626,1,0.973127484,0.169230759,0.0967032909,0,0,15.9304171,5.56801271,8.31841755,8.36730099,0,13.3238449,5.56801271,6.34627295,0,,,,50
56674483,0.5,0.575757563,1,0.98102355,0.153113544,0.112820506,0,0,15.9304171,5.56801271,8.46007252,8.35885525,0,13.3238449,5.56801271,6.34627295,0,,,,50
56675614,0.5,0.541666687,1,0.98102355,0.104761899,0.0886446834,0,0,15.9304171,5.53197289,8.5565176,8.37152386,0,13.3238449,5.53197289,6.36524963,0,,,,50
56676741,0.5,0.696969688,1,0.98102355,0.185347974,0.0805860758,0,0,15.9349623,5.53197289,8.42089176,8.37574673,0,13.3238449,5.53197289,6.36524963,0,,,,50
56677871,0.5,0.71875,1,0.973127484,0.185347974,0.0725274682,0,0,15.9258718,5.46341705,8.62583828,8.38208103,0,13.3238449,5.46341705,6.39212179,0,,,,50
56679003,0.5,0.620689631,1,0.973127484,0.145054936,0.0886446834,0,0,15.9258718,5.46341705,8.57460117,8.37363529,0,13.3238449,5.46341705,6.39212179,0,,,,50
56680134,0.5,0.702702701,1,0.973127484,0.209523797,0.0886446834,0,0,15.9304171,5.39658689,8.27320957,8.37363529,0,13.3309927,5.39658689,6.41899443,0,,,,50
56681260,0.5,0.639999986,1,0.973127484,0.128937721,0.0725274682,0,0,15.9349623,5.39658689,8.35157108,8.37574673,0,13.3166971,5.39658689,6.41899443,0,,,,50
56682391,0.5,0.730769217,1,0.993358076,0.153113544,0.056410253,0,0,15.9349623,5.3075757,8.36061287,8.38419151,0,13.3238449,5.3075757,6.42563629,0,,,,50
56683517,0.5,0.689655185,1,0.993358076,0.161172152,0.0725274682,0,0,15.9304171,5.3075757,8.42089176,8.38630295,0,13.3166971,5.3075757,6.42563629,0,,,,50
56684648,0.5,0.764705896,1,0.993358076,0.209523797,0.0644688606,0,0,15.9304171,5.15315914,8.42089176,8.38208103,0,13.3238449,5.15315914,6.43227816,0,,,,50
56685774,0.5,0.800000012,1,0.997331023,0.225641012,0.056410253,0,0,15.9349623,5.15315914,8.568573,8.38208103,0,13.3238449,5.15315914,6.43227816,0,,,,50
56686910,0.5,0.782608688,1,0.997331023,0.145054936,0.0402930379,0,0,15.9258718,4.94225645,8.45404434,8.39263725,0,13.3309927,4.94225645,6.43494701,0,,,,50
56688036,0.5,0.791666687,1,0.997331023,0.153113544,0.0402930379,0,0,15.9304171,4.94225645,8.43596077,8.39474869,0,13.3166971,4.94225645,6.43494701,0,,,,50
56689167,0.5,0.75,1,0.997331023,0.145054936,0.0483516455,0,0,15.9304171,4.70084143,8.43596077,8.39474869,0,13.3166971,4.70084143,6.43761587,0,,,,50
56690293,0.5,0.75,1,1.00575304,0.145054936,0.0483516455,0,0,15.9304171,4.70084143,8.41486359,8.39052582,0,13.3238449,4.70084143,6.43761587,0,,,,50
56691424,0.5,0.791666687,1,1.00575304,0.153113544,0.0402930379,0,0,15.9304171,4.43729544,8.49623966,8.4074173,0,13.3024006,4.43729544,6.43186283,0,,,,50
56692550,0.5,0.772727251,1,1.00575304,0.136996329,0.0402930379,0,0,15.9349623,4.43729544,8.50528145,8.40319443,0,13.3309927,4.43729544,6.43186283,0,,,,50
56693885,0.5,0.761904776,1,1.02303147,0.128937721,0.0402930379,0,0,15.9349623,4.12073851,8.47212791,8.39686012,0,13.3238449,4.12073851,6.4088316,0,,,,50
56695016,0.5,0.772727251,1,1.02303147,0.136996329,0.0402930379,0,0,15.9304171,4.12073851,8.49021149,8.39474869,0,13.3238449,4.12073851,6.4088316,0,,,,50
56696147,0.5,0.75,1,1.02303147,0.120879114,0.0402930379,0,0,15.9304171,3.73302698,8.4811697,8.40319443,0,13.3238449,3.73302698,6.38579988,0,,,,50
56697273,0.5,0.833333313,1,1.02303147,0.120879114,0.0241758227,0,0,15.9349623,3.73302698,8.46007252,8.41163921,0,13.3309927,3.73302698,6.38579988,0,,,,50
56698404,0.5,0.777777791,1,1.00727654,0.112820506,0.0322344303,0,0,15.9304171,3.33806944,8.49623966,8.40952778,0,13.3309927,3.33806944,6.37852335,0,,,,50
56699530,0.5,0.70588237,1,1.00727654,0.0967032909,0.0402930379,0,0,15.9304171,3.33806944,8.4691143,8.40108299,0,13.3238449,3.33806944,6.37852335,0,,,,50
56700661,0.5,0.823529422,1,1.00727654,0.112820506,0.0241758227,0,0,15.9304171,3.00899792,8.48719788,8.40319443,0,13.3095493,3.00899792,6.37124681,0,,,,50
56701792,0.5,0.823529422,1,1.0143187,0.112820506,0.0241758227,0,0,15.9304171,3.00899792,8.4932251,8.38630295,0,13.3309927,3.00899792,6.37124681,0,,,,50
56702923,0.5,0.75,1,1.0143187,0.0967032909,0.0322344303,0,0,15.9304171,2.74178934,8.48418331,8.39263725,0,13.3309927,2.74178934,6.35692787,0,,,,50
56704050,0.5,0.785714269,1,1.0143187,0.0886446834,0.0241758227,0,0,15.9304171,2.74178934,8.50226688,8.4074173,0,13.3166971,2.74178934,6.35692787,0,,,,50
56705180,0.5,0.714285731,1,1.0143187,0.0805860758,0.0322344303,0,0,15.9304171,2.50558615,8.51733685,8.39897156,0,13.3309927,2.50558615,6.34260941,0,,,,50
56706307,0.5,0.714285731,1,1.01703358,0.0805860758,0.0322344303,0,0,15.9304171,2.50558615,8.51432323,8.39686012,0,13.3238449,2.50558615,6.34260941,0,,,,50
56707438,0.5,0.727272749,1,1.01703358,0.0644688606,0.0241758227,0,0,15.9349623,2.28859854,8.51733685,8.41375065,0,13.3238449,2.28859854,6.32557583,0,,,,50
56708564,0.5,0.769230783,1,1.01703358,0.0805860758,0.0241758227,0,0,15.9304171,2.28859854,8.50528145,8.40319443,0,13.3238449,2.28859854,6.32557583,0,,,,50
56709700,0.5,0.800000012,1,1.00575304,0.0644688606,0.0161172152,0,0,15.9304171,2.10826087,8.50829506,8.4074173,0,13.3309927,2.10826087,6.31982279,0,,,,50
56710826,0.5,0.833333313,1,1.00575304,0.0805860758,0.0161172152,0,0,15.9349623,2.10826087,8.48418331,8.42008495,0,13.3238449,2.10826087,6.31982279,0,,,,50
56711957,0.5,0.818181813,1,1.00575304,0.0725274682,0.0161172152,0,0,15.9304171,1.98964012,8.49021149,8.40108299,0,13.3309927,1.98964012,6.31406975,0,,,,50
56713083,0.5,0.769230783,1,1.00575304,0.0805860758,0.0241758227,0,0,15.9304171,1.98964012,8.61076832,8.40319443,0,13.3238449,1.98964012,6.31406975,0,,,,50
56714418,0.5,0.899999976,1,1.01470566,0.0725274682,0.00805860758,0,0,15.9304171,1.90890968,8.52939224,8.41586208,0,13.3309927,1.90890968,6.29936409,0,,,,50
56715544,0.5,0.899999976,1,1.01470566,0.0725274682,0.00805860758,0,0,15.9304171,1.90890968,8.51130867,8.41797352,0,13.3238449,1.90890968,6.29936409,0,,,,50
56716675,0.5,0.800000012,1,1.01470566,0.0644688606,0.0161172152,0,0,15.9349623,1.82793736,8.58665657,8.41163921,0,13.3238449,1.82793736,6.28465843,0,,,,50
56717806,0.5,0.875,1,1.01444769,0.056410253,0.00805860758,0,0,15.9304171,1.82793736,8.52637863,8.42430782,0,13.3309927,1.82793736,6.28465843,0,,,,50
56718937,0.5,0.875,1,1.01444769,0.056410253,0.00805860758,0,0,15.9349623,1.74167621,8.53843403,8.42430782,0,13.3309927,1.74167621,6.27021074,0,,,,50
56720064,0.5,1,1,1.01444769,0.056410253,0,0,0,15.9349623,1.74167621,8.50829506,8.42641926,0,13.3095493,1.74167621,6.27021074,0,,,,50
56721194,0.5,1,1,1.01444769,0.0644688606,0,0,0,15.9304171,1.65739012,8.51733685,8.41375065,0,13.3238449,1.65739012,6.25576305,0,,,,50
56722321,0.5,1,1,1.01444769,0.0644688606,0,0,0,15.9304171,1.65739012,8.58665657,8.41586208,0,13.3309927,1.65739012,6.25576305,0,,,,50
56723451,0.5,0.875,1,1.01444769,0.056410253,0.00805860758,0,0,15.9349623,1.57857966,8.58364296,8.41797352,0,13.3238449,1.57857966,6.24131536,0,,,,50
56724578,0.5,1,1,1.01444769,0.0644688606,0,0,0,15.9304171,1.57857966,8.52336502,8.41797352,0,13.3238449,1.57857966,6.24131536,0,,,,50
56725713,0.5,1,1,1.02303147,0.056410253,0,0,0,15.9349623,1.49069953,8.52035046,8.41163921,0,13.3238449,1.49069953,6.21828365,0,,,,50
56726840,0.5,0.888888896,1,1.02303147,0.0644688606,0.00805860758,0,0,15.9304171,1.49069953,8.52035046,8.40952778,0,13.3166971,1.49069953,6.21828365,0,,,,50
56727971,0.5,0.875,1,1.02303147,0.056410253,0.00805860758,0,0,15.9349623,1.37645924,8.4932251,8.42430782,0,13.3309927,1.37645924,6.19525242,0,,,,50
56729097,0.5,1,1,1.01509297,0.0483516455,0,0,0,15.9349623,1.37645924,8.52336502,8.42430782,0,13.3309927,1.37645924,6.19525242,0,,,,50
56730228,0.5,1,1,1.01509297,0.0483516455,0,0,0,15.9304171,1.25799465,8.52035046,8.41375065,0,13.3309927,1.25799465,6.18015957,0,,,,50
56731354,0.5,0.888888896,1,1.01509297,0.0644688606,0.00805860758,0,0,15.9349623,1.25799465,8.4811697,8.40952778,0,13.3309927,1.25799465,6.18015957,0,,,,50
56732489,0.5,0.888888896,1,1.01509297,0.0644688606,0.00805860758,0,0,15.9304171,1.16628778,8.52035046,8.41797352,0,13.3238449,1.16628778,6.16506624,0,,,,50
56733616,0.5,0.857142866,1,1.0143187,0.0483516455,0.00805860758,0,0,15.9304171,1.16628778,8.55350399,8.41375065,0,13.3309927,1.16628778,6.16506624,0,,,,50
56734951,0.5,0.875,1,1.0143187,0.056410253,0.00805860758,0,0,15.9349623,1.10436034,8.55350399,8.40530586,0,13.3238449,1.10436034,6.15074778,0,,,,50
56736077,0.5,0.857142866,1,1.0143187,0.0483516455,0.00805860758,0,0,15.9349623,1.10436034,8.52637863,8.4074173,0,13.3095493,1.10436034,6.15074778,0,,,,50
56737208,0.5,0.833333313,1,1.01820147,0.0402930379,0.00805860758,0,0,15.9349623,1.05723095,8.54747581,8.41375065,0,13.3309927,1.05723095,6.13254642,0,,,,50
56738334,0.5,1,1,1.01820147,0.0402930379,0,0,0,15.9349623,1.05723095,8.50829506,8.41586208,0,13.3309927,1.05723095,6.13254642,0,,,,50
56739465,0.5,0.857142866,1,1.01820147,0.0483516455,0.00805860758,0,0,15.9349623,1.00968695,8.53240585,8.42219639,0,13.3238449,1.00968695,6.1143446,0,,,,50
56740597,0.5,0.833333313,1,1.02290034,0.0402930379,0.00805860758,0,0,15.9349623,1.00968695,8.52336502,8.41163921,0,13.3238449,1.00968695,6.1143446,0,,,,50
56741727,0.5,0.857142866,1,1.02290034,0.0483516455,0.00805860758,0,0,15.9349623,0.950529277,8.52939224,8.41797352,0,13.3238449,0.950529277,6.09144449,0,,,,50
56742854,0.5,0.714285731,1,1.02290034,0.0402930379,0.0161172152,0,0,15.9349623,0.950529277,8.51432323,8.41163921,0,13.3238449,0.950529277,6.09144449,0,,,,50
56743985,0.5,0.833333313,1,1.02290034,0.0402930379,0.00805860758,0,0,15.9349623,0.872994363,8.52939224,8.40530586,0,13.3238449,0.872994363,6.06854391,0,,,,50
56745111,0.5,1,1,1.01807165,0.0402930379,0,0,0,15.9349623,0.872994363,8.53240585,8.42853069,0,13.3238449,0.872994363,6.06854391,0,,,,50
56746242,0.5,1,1,1.01807165,0.0483516455,0,0,0,15.9304171,0.791867077,8.54747581,8.42219639,0,13.3238449,0.791867077,6.05047226,0,,,,50
56747368,0.5,1,1,1.01807165,0.0402930379,0,0,0,15.9349623,0.791867077,8.51432323,8.41586208,0,13.3238449,0.791867077,6.05047226,0,,,,50
56748503,0.5,1,1,1.0143187,0.0402930379,0,0,0,15.9349623,0.733226359,8.5444622,8.42219639,0,13.3309927,0.733226359,6.03615379,0,,,,50
56749630,0.5,0.857142866,1,1.0143187,0.0483516455,0.00805860758,0,0,15.9349623,0.733226359,8.52637863,8.43064213,0,13.3309927,0.733226359,6.03615379,0,,,,50
56750760,0.5,0.800000012,1,1.0143187,0.0322344303,0.00805860758,0,0,15.9349623,0.705967426,8.4932251,8.42430782,0,13.3309927,0.705967426,6.02183485,0,,,,50
56751887,0.5,1,1,1.0143187,0.0483516455,0,0,0,15.9304171,0.705967426,8.5565176,8.42641926,0,13.3309927,0.705967426,6.02183485,0,,,,50
56753017,0.5,1,1,1.01859152,0.0402930379,0,0,0,15.9349623,0.693277836,8.49623966,8.42219639,0,13.3238449,0.693277836,6.00324345,0,,,,50
56754144,0.5,1,1,1.01859152,0.0322344303,0,0,0,15.9304171,0.693277836,8.5444622,8.42853069,0,13.3238449,0.693277836,6.00324345,0,,,,50
56755274,0.5,1,1,1.01859152,0.0241758227,0,0,0,15.9349623,0.675849617,8.55350399,8.41586208,0,13.3309927,0.675849617,5.98465204,0,,,,50
56756610,0.5,1,1,1.00600672,0.0483516455,0,0,0,15.9349623,0.675849617,8.52939224,8.41375065,0,13.3238449,0.675849617,5.98465204,0,,,,50
56757741,0.5,1,1,1.00600672,0.0402930379,0,0,0,15.9349623,0.674052119,8.50528145,8.42853069,0,13.3238449,0.674052119,5.97864532,0,,,,50
56758868,0.5,1,1,1.00600672,0.0483516455,0,0,0,15.9349623,0.674052119,8.54747581,8.42430782,0,13.3309927,0.674052119,5.97864532,0,,,,50
56759998,0.5,1,1,1.00600672,0.0402930379,0,0,0,15.9349623,0.717104018,8.54747581,8.42641926,0,13.3166971,0.717104018,5.97263861,0,,,,50
56761125,0.5,1,1,1.01110566,0.0483516455,0,0,0,15.9349623,0.717104018,8.52035046,8.42430782,0,13.3309927,0.717104018,5.97263861,0,,,,50
56762256,0.5,1,1,1.01110566,0.0402930379,0,0,0,15.9349623,0.786490142,8.52637863,8.41586208,0,13.3309927,0.786490142,5.96153307,0,,,,50
56763387,0.5,1,1,1.01110566,0.0402930379,0,0,0,15.9304171,0.786490142,8.4932251,8.42641926,0,13.3238449,0.786490142,5.96153307,0,,,,50
56764518,0.5,0.857142866,1,1.0143187,0.0483516455,0.00805860758,0,0,15.9304171,0.844808519,8.50528145,8.42008495,0,13.3238449,0.844808519,5.94721413,0,,,,50
56765644,0.5,1,1,1.0143187,0.0483516455,0,0,0,15.9349623,0.844808519,8.51733685,8.42430782,0,13.3309927,0.844808519,5.94721413,0,,,,50
56766774,0.5,1,1,1.0143187,0.0402930379,0,0,0,15.9258718,0.877070129,8.52637863,8.41797352,0,13.3309927,0.877070129,5.93289566,0,,,,50
56767901,0.5,1,1,1.0143187,0.056410253,0,0,0,15.9304171,0.877070129,8.5444622,8.41375065,0,13.3238449,0.877070129,5.93289566,0,,,,50
56769032,0.5,1,1,1.0048666,0.0402930379,0,0,0,15.9349623,0.905151188,8.52035046,8.41586208,0,13.3238449,0.905151188,5.92802906,0,,,,50
56770158,0.5,1,1,1.0048666,0.0483516455,0,0,0,15.9349623,0.905151188,8.53843403,8.42219639,0,13.3309927,0.905151188,5.92802906,0,,,,50
56771294,0.5,1,1,1.0048666,0.0402930379,0,0,0,15.9304171,0.955759227,8.53843403,8.4074173,0,13.3309927,0.955759227,5.92316246,0,,,,50
56772420,0.5,1,1,1.00575304,0.0402930379,0,0,0,15.9349623,0.955759227,8.52035046,8.42219639,0,13.3309927,0.955759227,5.92316246,0,,,,50
56773551,0.5,0.833333313,1,1.00575304,0.0402930379,0.00805860758,0,0,15.9304171,1.02391148,8.54144764,8.43064213,0,13.3309927,1.02391148,5.91740942,0,,,,50
56774677,0.5,1,1,1.00575304,0.0402930379,0,0,0,15.9304171,1.02391148,8.51733685,8.42008495,0,13.3166971,1.02391148,5.91740942,0,,,,50
56775809,0.5,0.833333313,1,1.00575304,0.0402930379,0.00805860758,0,0,15.9349623,1.09454548,8.49925327,8.41375065,0,13.3238449,1.09454548,5.91165638,0,,,,50
56777141,0.5,1,1,0.997705102,0.0402930379,0,0,0,15.9349623,1.09454548,8.53843403,8.42430782,0,13.3309927,1.09454548,5.91165638,0,,,,50
56778271,0.5,1,1,0.997705102,0.0402930379,0,0,0,15.9395075,1.17546248,8.53542042,8.42641926,0,13.3309927,1.17546248,5.91395092,0,,,,50
56779402,0.5,1,1,0.997705102,0.0402930379,0,0,0,15.9349623,1.17546248,8.55048943,8.42008495,0,13.3309927,1.17546248,5.91395092,0,,,,50
56780533,0.5,0.833333313,1,0.997455657,0.0402930379,0.00805860758,0,0,15.9349623,1.28081107,8.52336502,8.41797352,0,13.3309927,1.28081107,5.91649532,0,,,,50
56781660,0.5,0.857142866,1,0.997455657,0.0483516455,0.00805860758,0,0,15.9349623,1.28081107,8.52035046,8.39897156,0,13.3238449,1.28081107,5.91649532,0,,,,50
56782790,0.5,0.857142866,1,0.997455657,0.0483516455,0.00805860758,0,0,15.9304171,1.40274632,8.53542042,8.41163921,0,13.3309927,1.40274632,5.91903973,0,,,,50
56783917,0.5,1,1,0.997455657,0.0402930379,0,0,0,15.9349623,1.40274632,8.54144764,8.40952778,0,13.3095493,1.40274632,5.91903973,0,,,,50
56785048,0.5,1,1,0.992987275,0.0483516455,0,0,0,15.9349623,1.53492403,8.53240585,8.41375065,0,13.3166971,1.53492403,5.92605257,0,,,,50
56786174,0.5,1,1,0.992987275,0.0402930379,0,0,0,15.9304171,1.53492403,8.55048943,8.41797352,0,13.3309927,1.53492403,5.92605257,0,,,,50
56787310,0.5,1,1,0.992987275,0.0483516455,0,0,0,15.9349623,1.67777109,8.51733685,8.42008495,0,13.3238449,1.67777109,5.93306541,0,,,,50
56788436,0.5,1,1,0.98114419,0.0483516455,0,0,0,15.9304171,1.67777109,8.53542042,8.42219639,0,13.3309927,1.67777109,5.93306541,0,,,,50
56789567,0.5,0.833333313,1,0.98114419,0.0402930379,0.00805860758,0,0,15.9304171,1.84466803,8.53240585,8.41797352,0,13.3238449,1.84466803,5.95192099,0,,,,50
56790694,0.5,0.833333313,1,0.98114419,0.0402930379,0.00805860758,0,0,15.9349623,1.84466803,8.51130867,8.42008495,0,13.3238449,1.84466803,5.95192099,0,,,,50
56791824,0.5,0.777777791,1,0.98114419,0.056410253,0.0161172152,0,0,15.9349623,2.05010557,8.50226688,8.4074173,0,13.3309927,2.05010557,5.97077656,0,,,,50
56792951,0.5,0.800000012,1,0.97717917,0.0644688606,0.0161172152,0,0,15.9349623,2.05010557,8.52939224,8.41163921,0,13.3238449,2.05010557,5.97077656,0,,,,50
56794087,0.5,0.875,1,0.97717917,0.056410253,0.00805860758,0,0,15.9349623,2.28573155,8.50226688,8.41797352,0,13.3309927,2.28573155,5.99359751,0,,,,50
56795213,0.5,0.800000012,1,0.97717917,0.0644688606,0.0161172152,0,0,15.9304171,2.28573155,8.53542042,8.40108299,0,13.3238449,2.28573155,5.99359751,0,,,,50
56796344,0.5,0.875,1,0.973127484,0.056410253,0.00805860758,0,0,15.9349623,2.54405022,8.60775471,8.41163921,0,13.3238449,2.54405022,6.02047014,0,,,,50
56797471,0.5,0.727272749,1,0.973127484,0.0644688606,0.0241758227,0,0,15.9349623,2.54405022,8.55953121,8.39897156,0,13.3238449,2.54405022,6.02047014,0,,,,50
56798805,0.5,0.818181813,1,0.973127484,0.0725274682,0.0161172152,0,0,15.9304171,2.81661558,8.44801617,8.3799696,0,13.3095493,2.81661558,6.04734278,0,,,,50
56799931,0.5,0.699999988,1,0.973127484,0.056410253,0.0241758227,0,0,15.9304171,2.81661558,8.52336502,8.39897156,0,13.3309927,2.81661558,6.04734278,0,,,,50
56801062,0.5,0.733333349,1,0.977059603,0.0886446834,0.0322344303,0,0,15.9304171,3.07869744,8.51733685,8.4074173,0,13.3095493,3.07869744,6.07028294,0,,,,50
56802193,0.5,0.764705896,1,0.977059603,0.104761899,0.0322344303,0,0,15.9304171,3.07869744,8.4932251,8.39474869,0,13.3309927,3.07869744,6.07028294,0,,,,50
56803324,0.5,0.8125,1,0.977059603,0.104761899,0.0241758227,0,0,15.9349623,3.30804515,8.47212791,8.39686012,0,13.3238449,3.30804515,6.09322309,0,,,,50
56804451,0.5,0.846153855,1,0.977059603,0.0886446834,0.0161172152,0,0,15.9304171,3.30804515,8.48719788,8.39263725,0,13.3309927,3.30804515,6.09322309,0,,,,50
56805581,0.5,0.777777791,1,0.973127484,0.112820506,0.0322344303,0,0,15.9304171,3.5084219,8.49925327,8.38630295,0,13.3309927,3.5084219,6.12009573,0,,,,50
56806708,0.5,0.777777791,1,0.973127484,0.112820506,0.0322344303,0,0,15.9304171,3.5084219,8.47212791,8.40108299,0,13.3309927,3.5084219,6.12009573,0,,,,50
56807838,0.5,0.777777791,1,0.973127484,0.112820506,0.0322344303,0,0,15.9349623,3.69238162,8.47514153,8.39263725,0,13.3309927,3.69238162,6.14696836,0,,,,50
56808965,0.5,0.722222209,1,0.976939976,0.104761899,0.0402930379,0,0,15.9304171,3.69238162,8.4811697,8.39474869,0,13.3238449,3.69238162,6.14696836,0,,,,50
56810101,0.5,0.739130437,1,0.976939976,0.136996329,0.0483516455,0,0,15.9304171,3.85390973,8.45404434,8.38419151,0,13.3238449,3.85390973,6.17002821,0,,,,50
56811227,0.5,0.739130437,1,0.976939976,0.136996329,0.0483516455,0,0,15.9304171,3.85390973,8.41184998,8.3799696,0,13.3238449,3.85390973,6.17002821,0,,,,50
56812358,0.5,0.772727251,1,0.976939976,0.136996329,0.0402930379,0,0,15.9258718,3.98255658,8.45404434,8.38419151,0,13.3095493,3.98255658,6.19308805,0,,,,50
56813485,0.5,0.619047642,1,0.989171386,0.104761899,0.0644688606,0,0,15.9349623,3.98255658,8.60474014,8.37152386,0,13.3238449,3.98255658,6.19308805,0,,,,50
56814615,0.5,0.772727251,1,0.989171386,0.136996329,0.0402930379,0,0,15.9304171,4.05869532,8.46609974,8.40319443,0,13.3238449,4.05869532,6.20391655,0,,,,50
56815742,0.5,0.772727251,1,0.989171386,0.136996329,0.0402930379,0,0,15.9304171,4.05869532,8.47212791,8.39263725,0,13.3238449,4.05869532,6.20391655,0,,,,50
56816877,0.5,0.809523821,1,0.989171386,0.136996329,0.0322344303,0,0,15.9304171,4.06491613,8.46007252,8.39263725,0,13.3238449,4.06491613,6.21474552,0,,,,50
56818003,0.5,0.782608688,1,0.973246217,0.145054936,0.0402930379,0,0,15.9349623,4.06491613,8.45705795,8.39052582,0,13.3238449,4.06491613,6.21474552,0,,,,50
56819338,0.5,0.75,1,0.973246217,0.120879114,0.0402930379,0,0,15.9304171,4.04752111,8.46308613,8.40319443,0,13.3095493,4.04752111,6.24149895,0,,,,50
56820464,0.5,0.789473712,1,0.973246217,0.120879114,0.0322344303,0,0,15.9304171,4.04752111,8.45404434,8.39897156,0,13.3095493,4.04752111,6.24149895,0,,,,50
56821595,0.5,0.761904776,1,0.973127484,0.128937721,0.0402930379,0,0,15.9258718,4.0656147,8.46609974,8.39263725,0,13.3238449,4.0656147,6.26837158,0,,,,50
56822722,0.5,0.782608688,1,0.973127484,0.145054936,0.0402930379,0,0,15.9304171,4.0656147,8.45103073,8.40952778,0,13.3238449,4.0656147,6.26837158,0,,,,50
56823852,0.5,0.739130437,1,0.973127484,0.136996329,0.0483516455,0,0,15.9349623,4.12195539,8.47212791,8.39052582,0,13.3309927,4.12195539,6.29524422,0,,,,50
56824984,0.5,0.818181813,1,0.973127484,0.145054936,0.0322344303,0,0,15.9304171,4.12195539,8.45705795,8.39474869,0,13.3238449,4.12195539,6.29524422,0,,,,50
56826114,0.5,0.791666687,1,0.98114419,0.153113544,0.0402930379,0,0,15.9304171,4.18359947,8.46609974,8.39263725,0,13.3238449,4.18359947,6.31409979,0,,,,50
56827241,0.5,0.772727251,1,0.98114419,0.136996329,0.0402930379,0,0,15.9349623,4.18359947,8.49021149,8.39897156,0,13.3238449,4.18359947,6.31409979,0,,,,50
56828372,0.5,0.800000012,1,0.98114419,0.161172152,0.0402930379,0,0,15.9304171,4.22237301,8.48719788,8.39686012,0,13.3238449,4.22237301,6.33295536,0,,,,50
56829499,0.5,0.809523821,1,0.973008811,0.136996329,0.0322344303,0,0,15.9304171,4.22237301,8.46609974,8.40319443,0,13.3238449,4.22237301,6.33295536,0,,,,50
56830629,0.5,0.75,1,0.973008811,0.120879114,0.0402930379,0,0,15.9304171,4.25323772,8.4932251,8.40319443,0,13.3238449,4.25323772,6.35994673,0,,,,50
56831756,0.5,0.736842096,1,0.973008811,0.112820506,0.0402930379,0,0,15.9304171,4.25323772,8.4811697,8.39474869,0,13.3309927,4.25323772,6.35994673,0,,,,50
56832891,0.5,0.818181813,1,0.973008811,0.145054936,0.0322344303,0,0,15.9304171,4.30286598,8.45404434,8.38630295,0,13.3166971,4.30286598,6.3869381,0,,,,50
56834017,0.5,0.772727251,1,0.977897763,0.136996329,0.0402930379,0,0,15.9304171,4.30286598,8.43596077,8.38419151,0,13.3238449,4.30286598,6.3869381,0,,,,50
56835148,0.5,0.772727251,1,0.977897763,0.136996329,0.0402930379,0,0,15.9304171,4.36142254,8.48719788,8.40319443,0,13.3238449,4.36142254,6.40903997,0,,,,50
56836275,0.5,0.772727251,1,0.977897763,0.136996329,0.0402930379,0,0,15.9304171,4.36142254,8.4691143,8.39897156,0,13.3238449,4.36142254,6.40903997,0,,,,50
56837405,0.5,0.809523821,1,0.981264889,0.136996329,0.0322344303,0,0,15.9304171,4.40231848,8.46308613,8.39686012,0,13.3309927,4.40231848,6.42777538,0,,,,50
56838532,0.5,0.772727251,1,0.981264889,0.136996329,0.0402930379,0,0,15.9349623,4.40231848,8.46308613,8.39263725,0,13.3309927,4.40231848,6.42777538,0,,,,50
56839866,0.5,0.789473712,1,0.981264889,0.120879114,0.0322344303,0,0,15.9304171,4.4166317,8.46308613,8.39686012,0,13.3238449,4.4166317,6.44651031,0,,,,50
56840998,0.5,0.727272749,1,0.981264889,0.128937721,0.0483516455,0,0,15.9349623,4.4166317,8.47514153,8.40530586,0,13.3166971,4.4166317,6.44651031,0,,,,50
56842128,0.5,0.789473712,1,0.984290779,0.120879114,0.0322344303,0,0,15.9304171,4.40666771,8.46007252,8.40319443,0,13.3238449,4.40666771,6.46221924,0,,,,50
56843255,0.5,0.75,1,0.984290779,0.120879114,0.0402930379,0,0,15.9304171,4.40666771,8.45705795,8.39052582,0,13.3166971,4.40666771,6.46221924,0,,,,50
56844385,0.5,0.809523821,1,0.984290779,0.136996329,0.0322344303,0,0,15.9304171,4.37550831,8.45404434,8.39686012,0,13.3238449,4.37550831,6.47792864,0,,,,50
56845512,0.5,0.761904776,1,0.989171386,0.128937721,0.0402930379,0,0,15.9304171,4.37550831,8.44801617,8.39897156,0,13.3309927,4.37550831,6.47792864,0,,,,50
56846643,0.5,0.800000012,1,0.989171386,0.128937721,0.0322344303,0,0,15.9304171,4.32272148,8.46007252,8.39686012,0,13.3238449,4.32272148,6.48875713,0,,,,50
56847774,0.5,0.761904776,1,0.989171386,0.128937721,0.0402930379,0,0,15.9304171,4.32272148,8.4691143,8.40108299,0,13.3238449,4.32272148,6.48875713,0,,,,50
56848905,0.5,0.739130437,1,0.989171386,0.136996329,0.0483516455,0,0,15.9304171,4.24728107,8.45103073,8.39474869,0,13.3238449,4.24728107,6.49958563,0,,,,50
56850031,0.5,0.727272749,1,0.978137434,0.128937721,0.0483516455,0,0,15.9304171,4.24728107,8.46609974,8.39474869,0,13.3166971,4.24728107,6.49958563,0,,,,50
56851162,0.5,0.699999988,1,0.978137434,0.112820506,0.0483516455,0,0,15.9304171,4.17942286,8.48719788,8.39474869,0,13.3238449,4.17942286,6.52144814,0,,,,50
56852288,0.5,0.789473712,1,0.978137434,0.120879114,0.0322344303,0,0,15.9304171,4.17942286,8.45103073,8.40319443,0,13.3309927,4.17942286,6.52144814,0,,,,50
56853419,0.5,0.789473712,1,0.973127484,0.120879114,0.0322344303,0,0,15.9349623,4.16281366,8.43294716,8.40108299,0,13.3166971,4.16281366,6.54832077,0,,,,50
56854546,0.5,0.809523821,1,0.973127484,0.136996329,0.0322344303,0,0,15.9304171,4.16281366,8.48719788,8.39686012,0,13.3238449,4.16281366,6.54832077,0,,,,50
56855682,0.5,0.761904776,1,0.973127484,0.128937721,0.0402930379,0,0,15.9304171,4.20470667,8.46609974,8.40319443,0,13.3166971,4.20470667,6.57519341,0,,,,50
56856808,0.5,0.761904776,1,0.973127484,0.128937721,0.0402930379,0,0,15.9304171,4.20470667,8.47514153,8.38841438,0,13.3238449,4.20470667,6.57519341,0,,,,50
56857939,0.5,0.714285731,1,0.969109237,0.120879114,0.0483516455,0,0,15.9349623,4.29207325,8.49021149,8.39052582,0,13.3238449,4.29207325,6.60608387,0,,,,50
56859065,0.5,0.791666687,1,0.969109237,0.153113544,0.0402930379,0,0,15.9349623,4.29207325,8.44500256,8.39474869,0,13.3095493,4.29207325,6.60608387,0,,,,50
56860196,0.5,0.809523821,1,0.969109237,0.136996329,0.0322344303,0,0,15.9304171,4.41368294,8.45103073,8.40108299,0,13.3309927,4.41368294,6.63697481,0,,,,50
56861527,0.5,0.818181813,1,0.969109237,0.145054936,0.0322344303,0,0,15.9304171,4.41368294,8.42691898,8.39686012,0,13.3309927,4.41368294,6.63697481,0,,,,50
56862658,0.5,0.782608688,1,0.965240717,0.145054936,0.0402930379,0,0,15.9304171,4.56074524,8.4691143,8.39897156,0,13.3309927,4.56074524,6.67173386,0,,,,50
56863789,0.5,0.740740716,1,0.965240717,0.161172152,0.056410253,0,0,15.9304171,4.56074524,8.48418331,8.36730099,0,13.3166971,4.56074524,6.67173386,0,,,,50
56864920,0.5,0.782608688,1,0.965240717,0.145054936,0.0402930379,0,0,15.9349623,4.72652817,8.46609974,8.39263725,0,13.3238449,4.72652817,6.70649338,0,,,,50
56866047,0.5,0.772727251,1,0.984169364,0.136996329,0.0402930379,0,0,15.9304171,4.72652817,8.46007252,8.39474869,0,13.3166971,4.72652817,6.70649338,0,,,,50
56867177,0.5,0.75,1,0.984169364,0.145054936,0.0483516455,0,0,15.9304171,4.86376143,8.42993259,8.40952778,0,13.3309927,4.86376143,6.72232389,0,,,,50
56868304,0.5,0.720000029,1,0.984169364,0.145054936,0.056410253,0,0,15.9304171,4.86376143,8.43897438,8.3799696,0,13.3166971,4.86376143,6.72232389,0,,,,50
56869435,0.5,0.692307711,1,0.984169364,0.145054936,0.0644688606,0,0,15.9258718,4.92193365,8.49623966,8.38208103,0,13.3238449,4.92193365,6.73815441,0,,,,50
56870561,0.5,0.782608688,1,0.98114419,0.145054936,0.0402930379,0,0,15.9304171,4.92193365,8.4811697,8.40530586,0,13.3238449,4.92193365,6.73815441,0,,,,50
56871697,0.5,0.769230783,1,0.98114419,0.161172152,0.0483516455,0,0,15.9349623,4.91718197,8.46609974,8.36730099,0,13.3238449,4.91718197,6.75700998,0,,,,50
56872823,0.5,0.740740716,1,0.98114419,0.161172152,0.056410253,0,0,15.9304171,4.91718197,8.45705795,8.38841438,0,13.3238449,4.91718197,6.75700998,0,,,,50
56873954,0.5,0.727272749,1,0.98114419,0.128937721,0.0483516455,0,0,15.9304171,4.88638163,8.44500256,8.38841438,0,13.3238449,4.88638163,6.77586603,0,,,,50
56875080,0.5,0.714285731,1,0.985019863,0.120879114,0.0483516455,0,0,15.9304171,4.88638163,8.48719788,8.38419151,0,13.3024006,4.88638163,6.77586603,0,,,,50
56876211,0.5,0.720000029,1,0.985019863,0.145054936,0.056410253,0,0,15.9304171,4.83957243,8.4691143,8.39897156,0,13.3238449,4.83957243,6.79084587,0,,,,50
56877337,0.5,0.708333313,1,0.985019863,0.136996329,0.056410253,0,0,15.9349623,4.83957243,8.46609974,8.38419151,0,13.3166971,4.83957243,6.79084587,0,,,,50
56878473,0.5,0.692307711,1,1.00575304,0.145054936,0.0644688606,0,0,15.9304171,4.73757744,8.4691143,8.3799696,0,13.3238449,4.73757744,6.78509283,0,,,,50
56879600,0.5,0.720000029,1,1.00575304,0.145054936,0.056410253,0,0,15.9349623,4.73757744,8.46609974,8.38841438,0,13.3309927,4.73757744,6.78509283,0,,,,50
56880730,0.5,0.75999999,1,1.00575304,0.153113544,0.0483516455,0,0,15.9349623,4.5455389,8.46007252,8.38208103,0,13.3238449,4.5455389,6.77933979,0,,,,50
56882061,0.5,0.75,1,1.00575304,0.145054936,0.0483516455,0,0,15.9304171,4.5455389,8.47815609,8.4074173,0,13.3095493,4.5455389,6.77933979,0,,,,50
56883191,0.5,0.680000007,1,0.993358076,0.136996329,0.0644688606,0,0,15.9304171,4.31415081,8.45705795,8.39897156,0,13.3238449,4.31415081,6.78598166,0,,,,50
56884318,0.5,0.791666687,1,0.993358076,0.153113544,0.0402930379,0,0,15.9304171,4.31415081,8.44801617,8.39052582,0,13.3238449,4.31415081,6.78598166,0,,,,50
56885448,0.5,0.772727251,1,0.993358076,0.136996329,0.0402930379,0,0,15.9349623,4.11098099,8.44500256,8.39474869,0,13.3238449,4.11098099,6.79262352,0,,,,50
56886580,0.5,0.818181813,1,0.997455657,0.145054936,0.0322344303,0,0,15.9304171,4.11098099,8.47212791,8.39474869,0,13.3238449,4.11098099,6.79262352,0,,,,50
56887710,0.5,0.789473712,1,0.997455657,0.120879114,0.0322344303,0,0,15.9304171,3.94277382,8.4811697,8.39686012,0,13.3309927,3.94277382,6.79516792,0,,,,50
56888837,0.5,0.75,1,0.997455657,0.145054936,0.0483516455,0,0,15.9304171,3.94277382,8.43596077,8.39263725,0,13.3309927,3.94277382,6.79516792,0,,,,50
56889967,0.5,0.809523821,1,0.997455657,0.136996329,0.0322344303,0,0,15.9349623,3.79344058,8.4691143,8.4074173,0,13.3238449,3.79344058,6.79771233,0,,,,50
56891094,0.5,0.75,1,0.989171386,0.145054936,0.0483516455,0,0,15.9304171,3.79344058,8.46308613,8.40530586,0,13.3238449,3.79344058,6.79771233,0,,,,50
56892224,0.5,0.777777791,1,0.989171386,0.112820506,0.0322344303,0,0,15.9258718,3.67549586,8.4932251,8.39686012,0,13.3238449,3.67549586,6.80854082,0,,,,50
56893351,0.5,0.761904776,1,0.989171386,0.128937721,0.0402930379,0,0,15.9304171,3.67549586,8.4691143,8.40319443,0,13.3024006,3.67549586,6.80854082,0,,,,50
56894486,0.5,0.833333313,1,0.98114419,0.120879114,0.0241758227,0,0,15.9304171,3.62259412,8.4691143,8.39897156,0,13.3309927,3.62259412,6.82739639,0,,,,50
56895612,0.5,0.789473712,1,0.98114419,0.120879114,0.0322344303,0,0,15.9349623,3.62259412,8.48719788,8.4074173,0,13.3238449,3.62259412,6.82739639,0,,,,50
56896743,0.5,0.857142866,1,0.98114419,0.0967032909,0.0161172152,0,0,15.9304171,3.64368272,8.51130867,8.39897156,0,13.3238449,3.64368272,6.84625244,0,,,,50
56897870,0.5,0.8125,1,0.98114419,0.104761899,0.0241758227,0,0,15.9304171,3.64368272,8.47815609,8.40530586,0,13.3238449,3.64368272,6.84625244,0,,,,50
56899001,0.5,0.75,1,1.00297201,0.0967032909,0.0322344303,0,0,15.9304171,3.67515564,8.49925327,8.39897156,0,13.3238449,3.67515564,6.84328032,0,,,,50
56900127,0.5,0.733333349,1,1.00297201,0.0886446834,0.0322344303,0,0,15.9349623,3.67515564,8.49021149,8.42008495,0,13.3238449,3.67515564,6.84328032,0,,,,50
56901257,0.5,0.764705896,1,1.00297201,0.104761899,0.0322344303,0,0,15.9304171,3.64702892,8.46308613,8.41586208,0,13.3166971,3.64702892,6.84030819,0,,,,50
56902389,0.5,0.800000012,1,1.00575304,0.0967032909,0.0241758227,0,0,15.9304171,3.64702892,8.48418331,8.39897156,0,13.3238449,3.64702892,6.84030819,0,,,,50
56903724,0.5,0.75,1,1.00575304,0.120879114,0.0402930379,0,0,15.9304171,3.5575254,8.4691143,8.39897156,0,13.3309927,3.5575254,6.83455515,0,,,,50
56904850,0.5,0.789473712,1,1.00575304,0.120879114,0.0322344303,0,0,15.9349623,3.5575254,8.47212791,8.39263725,0,13.3238449,3.5575254,6.83455515,0,,,,50
56905981,0.5,0.75,1,1.00575304,0.0967032909,0.0322344303,0,0,15.9304171,3.42975593,8.4932251,8.39897156,0,13.3309927,3.42975593,6.82880211,0,,,,50
56907108,0.5,0.75,1,1.01315963,0.0967032909,0.0322344303,0,0,15.9304171,3.42975593,8.46609974,8.40952778,0,13.3238449,3.42975593,6.82880211,0,,,,50
56908238,0.5,0.777777791,1,1.01315963,0.112820506,0.0322344303,0,0,15.9258718,3.27062249,8.47514153,8.40319443,0,13.3238449,3.27062249,6.81564236,0,,,,50
56909370,0.5,0.764705896,1,1.01315963,0.104761899,0.0322344303,0,0,15.9349623,3.27062249,8.4691143,8.41163921,0,13.3238449,3.27062249,6.81564236,0,,,,50
56910500,0.5,0.800000012,1,1.03189516,0.0967032909,0.0241758227,0,0,15.9349623,3.04611683,8.49623966,8.40108299,0,13.3309927,3.04611683,6.7837472,0,,,,50
56911627,0.5,0.777777791,1,1.03189516,0.112820506,0.0322344303,0,0,15.9349623,3.04611683,8.51130867,8.41163921,0,13.3309927,3.04611683,6.7837472,0,,,,50
56912758,0.5,0.764705896,1,1.03189516,0.104761899,0.0322344303,0,0,15.9304171,2.7336247,8.49925327,8.39897156,0,13.3238449,2.7336247,6.75185204,0,,,,50
56913884,0.5,0.8125,1,1.03189516,0.104761899,0.0241758227,0,0,15.9349623,2.7336247,8.4691143,8.40319443,0,13.3238449,2.7336247,6.75185204,0,,,,50
56915015,0.5,0.764705896,1,1.01496387,0.104761899,0.0322344303,0,0,15.9349623,2.39931488,8.48719788,8.39263725,0,13.3238449,2.39931488,6.73688841,0,,,,50
56916141,0.5,0.785714269,1,1.01496387,0.0886446834,0.0241758227,0,0,15.9304171,2.39931488,8.4932251,8.39474869,0,13.3238449,2.39931488,6.73688841,0,,,,50
56917276,0.5,0.857142866,1,1.01496387,0.0967032909,0.0161172152,0,0,15.9258718,2.12142134,8.52035046,8.40530586,0,13.3309927,2.12142134,6.7219243,0,,,,50
56918403,0.5,0.769230783,1,1.00575304,0.0805860758,0.0241758227,0,0,15.9349623,2.12142134,8.50528145,8.4074173,0,13.3309927,2.12142134,6.7219243,0,,,,50
56919533,0.5,0.75,1,1.00575304,0.0725274682,0.0241758227,0,0,15.9304171,1.92747915,8.53240585,8.39897156,0,13.3166971,1.92747915,6.71617126,0,,,,50
56920660,0.5,0.75,1,1.00575304,0.0725274682,0.0241758227,0,0,15.9349623,1.92747915,8.53542042,8.41375065,0,13.3309927,1.92747915,6.71617126,0,,,,50
56921791,0.5,0.888888896,1,1.0265851,0.0644688606,0.00805860758,0,0,15.9304171,1.78146505,8.43897438,8.41586208,0,13.3309927,1.78146505,6.68958616,0,,,,50
56922917,0.5,0.777777791,1,1.0265851,0.056410253,0.0161172152,0,0,15.9304171,1.78146505,8.51432323,8.41375065,0,13.3309927,1.78146505,6.68958616,0,,,,50
56924252,0.5,0.800000012,1,1.0265851,0.0644688606,0.0161172152,0,0,15.9349623,1.6198591,8.59569836,8.41797352,0,13.3238449,1.6198591,6.66300106,0,,,,50
56925383,0.5,0.777777791,1,1.00587988,0.056410253,0.0161172152,0,0,15.9304171,1.6198591,8.568573,8.4074173,0,13.3309927,1.6198591,6.66300106,0,,,,50
56926514,0.5,0.875,1,1.00587988,0.056410253,0.00805860758,0,0,15.9304171,1.47369027,8.53843403,8.43064213,0,13.3309927,1.47369027,6.65712118,0,,,,50
56927641,0.5,0.666666687,1,1.00587988,0.0483516455,0.0241758227,0,0,15.9349623,1.47369027,8.52939224,8.40319443,0,13.3309927,1.47369027,6.65712118,0,,,,50
56928771,0.5,0.777777791,1,1.00587988,0.056410253,0.0161172152,0,0,15.9349623,1.40506625,8.53542042,8.40952778,0,13.3309927,1.40506625,6.6512413,0,,,,50
56929898,0.5,0.75,1,1.02303147,0.0483516455,0.0161172152,0,0,15.9349623,1.40506625,8.5444622,8.41375065,0,13.3309927,1.40506625,6.6512413,0,,,,50
56931029,0.5,0.857142866,1,1.02303147,0.0483516455,0.00805860758,0,0,15.9349623,1.3749882,8.53240585,8.41797352,0,13.3238449,1.3749882,6.62821007,0,,,,50
56932155,0.5,1,1,1.02303147,0.0402930379,0,0,0,15.9349623,1.3749882,8.53240585,8.42219639,0,13.3309927,1.3749882,6.62821007,0,,,,50
56933291,0.5,0.875,1,1.04077804,0.056410253,0.00805860758,0,0,15.9349623,1.28448129,8.52637863,8.42430782,0,13.3238449,1.28448129,6.58743191,0,,,,50
56934418,0.5,1,1,1.04077804,0.0483516455,0,0,0,15.9349623,1.28448129,8.52336502,8.42430782,0,13.3309927,1.28448129,6.58743191,0,,,,50
56935548,0.5,1,1,1.04077804,0.0483516455,0,0,0,15.9349623,1.09223211,8.52637863,8.42219639,0,13.3309927,1.09223211,6.54665375,0,,,,50
56936675,0.5,1,1,1.04077804,0.0483516455,0,0,0,15.9304171,1.09223211,8.54747581,8.41586208,0,13.3309927,1.09223211,6.54665375,0,,,,50
56937806,0.5,1,1,1.01859152,0.0483516455,0,0,0,15.9349623,0.872834086,8.53240585,8.41586208,0,13.3238449,0.872834086,6.52806234,0,,,,50
56938932,0.5,1,1,1.01859152,0.056410253,0,0,0,15.9304171,0.872834086,8.54747581,8.42219639,0,13.3095493,0.872834086,6.52806234,0,,,,50
56940068,0.5,1,1,1.01859152,0.056410253,0,0,0,15.9304171,0.714354992,8.55048943,8.41797352,0,13.3166971,0.714354992,6.50947094,0,,,,50
56941194,0.5,0.833333313,1,1.0143187,0.0402930379,0.00805860758,0,0,15.9304171,0.714354992,8.49623966,8.42219639,0,13.3309927,0.714354992,6.50947094,0,,,,50
56942325,0.5,1,1,1.0143187,0.0402930379,0,0,0,15.9304171,0.630937994,8.50829506,8.42641926,0,13.3309927,0.630937994,6.495152,0,,,,50
56943451,0.5,1,1,1.0143187,0.0402930379,0,0,0,15.9349623,0.630937994,8.53240585,8.42430782,0,13.3309927,0.630937994,6.495152,0,,,,50
56944786,0.5,1,1,1.0143187,0.0402930379,0,0,0,15.9349623,0.607002735,8.55350399,8.42219639,0,13.3238449,0.607002735,6.48083353,0,,,,50
56945912,0.5,1,1,1.0275104,0.0483516455,0,0,0,15.9349623,0.607002735,8.53542042,8.42219639,0,13.3238449,0.607002735,6.48083353,0,,,,50
56947043,0.5,1,1,1.0275104,0.0402930379,0,0,0,15.9349623,0.597692072,8.51432323,8.42008495,0,13.3166971,0.597692072,6.45332289,0,,,,50
56948174,0.5,1,1,1.0275104,0.0483516455,0,0,0,15.9349623,0.597692072,8.50528145,8.42641926,0,13.3238449,0.597692072,6.45332289,0,,,,50
56949305,0.5,1,1,1.03176177,0.0402930379,0,0,0,15.9304171,0.549170792,8.55048943,8.42641926,0,13.3238449,0.549170792,6.42156124,0,,,,50
56950432,0.5,1,1,1.03176177,0.0402930379,0,0,0,15.9304171,0.549170792,8.5444622,8.42219639,0,13.3309927,0.549170792,6.42156124,0,,,,50
56951562,0.5,1,1,1.03176177,0.0483516455,0,0,0,15.9349623,0.452317864,8.52939224,8.42641926,0,13.3238449,0.452317864,6.38979959,0,,,,50
56952689,0.5,1,1,1.03176177,0.0483516455,0,0,0,15.9304171,0.452317864,8.5444622,8.41586208,0,13.3238449,0.452317864,6.38979959,0,,,,50
56953819,0.5,1,1,1.00575304,0.0322344303,0,0,0,15.9349623,0.375078321,8.53843403,8.42641926,0,13.3309927,0.375078321,6.38404655,0,,,,50
56954946,0.5,1,1,1.00575304,0.0483516455,0,0,0,15.9349623,0.375078321,8.55953121,8.43275356,0,13.3095493,0.375078321,6.38404655,0,,,,50
56956082,0.5,1,1,1.00575304,0.0322344303,0,0,0,15.9304171,0.388551861,8.55953121,8.43064213,0,13.3095493,0.388551861,6.37829351,0,,,,50
56957209,0.5,1,1,1.00575304,0.0483516455,0,0,0,15.9349623,0.388551861,8.52035046,8.42853069,0,13.3238449,0.388551861,6.37829351,0,,,,50
56958340,0.5,1,1,1.00575304,0.0402930379,0,0,0,15.9349623,0.480394304,8.52637863,8.41586208,0,13.3309927,0.480394304,6.37254047,0,,,,50
56959466,0.5,1,1,1.00575304,0.0402930379,0,0,0,15.9349623,0.480394304,8.52637863,8.42219639,0,13.3309927,0.480394304,6.37254047,0,,,,50
56960596,0.5,1,1,1.00575304,0.0483516455,0,0,0,15.9349623,0.610721648,8.56254578,8.42219639,0,13.3309927,0.610721648,6.36678743,0,,,,50
56961723,0.5,1,1,1.00613368,0.0322344303,0,0,0,15.9349623,0.610721648,8.52637863,8.43064213,0,13.3309927,0.610721648,6.36678743,0,,,,50
56962858,0.5,1,1,1.00613368,0.0483516455,0,0,0,15.9304171,0.753601074,8.54747581,8.42430782,0,13.3238449,0.753601074,6.36065388,0,,,,50
56963984,0.5,1,1,1.00613368,0.0402930379,0,0,0,15.9349623,0.753601074,8.51130867,8.43064213,0,13.3238449,0.753601074,6.36065388,0,,,,50
56965115,0.5,1,1,0.997455657,0.0402930379,0,0,0,15.9349623,0.90895313,8.52336502,8.42008495,0,13.3238449,0.90895313,6.3631978,0,,,,50
56966446,0.5,1,1,0.997455657,0.0402930379,0,0,0,15.9304171,0.90895313,8.55048943,8.42853069,0.00714798551,13.3309927,0.90895313,6.3631978,0,,,,50
56967577,0.5,1,1,0.997455657,0.0402930379,0,0,0,15.9349623,1.08619404,8.49623966,8.42430782,0,13.3309927,1.08619404,6.36574221,0,,,,50
56968703,0.5,1,1,0.997455657,0.0483516455,0,0,0,15.9349623,1.08619404,8.52637863,8.42219639,0,13.3309927,1.08619404,6.36574221,0,,,,50
56969834,0.5,1,1,1.00146151,0.0483516455,0,0,0,15.9349623,1.26645064,8.50829506,8.42641926,0,13.3309927,1.26645064,6.3642807,0,,,,50
56970965,0.5,1,1,1.00146151,0.056410253,0,0,0,15.9349623,1.26645064,8.53240585,8.42430782,0,13.3238449,1.26645064,6.3642807,0,,,,50
56972096,0.5,1,1,1.00146151,0.0483516455,0,0,0,15.9304171,1.42493582,8.54144764,8.42219639,0,13.3238449,1.42493582,6.36281919,0,,,,50
56973222,0.5,1,1,0.989293933,0.0402930379,0,0,0,15.9304171,1.42493582,8.51130867,8.41586208,0,13.3309927,1.42493582,6.36281919,0,,,,50
56974353,0.5,1,1,0.989293933,0.0483516455,0,0,0,15.9304171,1.57871938,8.52035046,8.42641926,0,13.3238449,1.57871938,6.37352562,0,,,,50
56975480,0.5,1,1,0.989293933,0.0402930379,0,0,0,15.9304171,1.57871938,8.57158756,8.41586208,0,13.3309927,1.57871938,6.37352562,0,,,,50
56976610,0.5,0.875,1,0.989293933,0.056410253,0.00805860758,0,0,15.9349623,1.7556684,8.52637863,8.41586208,0,13.3166971,1.7556684,6.38423157,0,,,,50
56977737,0.5,0.857142866,1,0.968991518,0.0483516455,0.00805860758,0,0,15.9304171,1.7556684,8.52035046,8.42008495,0,13.3238449,1.7556684,6.38423157,0,,,,50
56978872,0.5,0.833333313,1,0.968991518,0.0402930379,0.00805860758,0,0,15.9304171,1.98578715,8.51432323,8.41375065,0,13.3095493,1.98578715,6.41523981,0,,,,50
56979998,0.5,0.857142866,1,0.968991518,0.0483516455,0.00805860758,0,0,15.9304171,1.98578715,8.50528145,8.41163921,0,13.3309927,1.98578715,6.41523981,0,,,,50
56981129,0.5,1,1,0.98114419,0.056410253,0,0,0,15.9349623,2.26987147,8.53240585,8.41586208,0,13.3238449,2.26987147,6.43409586,0,,,,50
56982256,0.5,0.875,1,0.98114419,0.056410253,0.00805860758,0,0,15.9304171,2.26987147,8.5444622,8.40952778,0,13.3238449,2.26987147,6.43409586,0,,,,50
56983386,0.5,0.777777791,1,0.98114419,0.056410253,0.0161172152,0,0,15.9304171,2.55451131,8.57158756,8.40952778,0,13.3309927,2.55451131,6.45295143,0,,,,50
56984513,0.5,0.800000012,1,0.98114419,0.0644688606,0.0161172152,0,0,15.9304171,2.55451131,8.53542042,8.39897156,0,13.3238449,2.55451131,6.45295143,0,,,,50
56985643,0.5,0.833333313,1,0.973246217,0.0805860758,0.0161172152,0,0,15.9349623,2.8240459,8.57158756,8.40319443,0,13.3238449,2.8240459,6.47970533,0,,,,50
56986979,0.5,0.769230783,1,0.973246217,0.0805860758,0.0241758227,0,0,15.9304171,2.8240459,8.4811697,8.39474869,0,13.3238449,2.8240459,6.47970533,0,,,,50
56988109,0.5,0.833333313,1,0.973246217,0.0805860758,0.0161172152,0,0,15.9304171,3.09227562,8.50528145,8.41163921,0,13.3309927,3.09227562,6.50645924,0,,,,50
56989236,0.5,0.692307711,1,0.95736599,0.0725274682,0.0322344303,0,0,15.9258718,3.09227562,8.51733685,8.39686012,0,13.3309927,3.09227562,6.50645924,0,,,,50
56990366,0.5,0.75,1,0.95736599,0.0967032909,0.0322344303,0,0,15.9304171,3.38216496,8.4932251,8.38630295,0,13.3309927,3.38216496,6.54909277,0,,,,50
56991493,0.5,0.761904776,1,0.95736599,0.128937721,0.0402930379,0,0,15.9304171,3.38216496,8.49021149,8.39474869,0,13.3238449,3.38216496,6.54909277,0,,,,50
56992624,0.5,0.75,1,0.95736599,0.0967032909,0.0322344303,0,0,15.9304171,3.71467304,8.46007252,8.39263725,0,13.3238449,3.71467304,6.59172678,0,,,,50
56993755,0.5,0.769230783,1,0.957480907,0.0805860758,0.0241758227,0,0,15.9258718,3.71467304,8.52939224,8.39263725,0,13.3238449,3.71467304,6.59172678,0,,,,50
56994886,0.5,0.649999976,1,0.957480907,0.104761899,0.056410253,0,0,15.9304171,4.06999969,8.44801617,8.38208103,0,13.3238449,4.06999969,6.63424587,0,,,,50
56996012,0.5,0.75,1,0.957480907,0.120879114,0.0402930379,0,0,15.9304171,4.06999969,8.47815609,8.39686012,0,13.3238449,4.06999969,6.63424587,0,,,,50
56997143,0.5,0.75,1,0.957480907,0.120879114,0.0402930379,0,0,15.9304171,4.4181776,8.48719788,8.39686012,0,13.3024006,4.4181776,6.67676497,0,,,,50
56998269,0.5,0.720000029,1,0.94255203,0.145054936,0.056410253,0,0,15.9258718,4.4181776,8.4058218,8.38630295,0,13.3166971,4.4181776,6.67676497,0,,,,50
56999400,0.5,0.708333313,1,0.94255203,0.136996329,0.056410253,0,0,15.9304171,4.7704277,8.42993259,8.40952778,0,13.3238449,4.7704277,6.73421288,0,,,,50
57000526,0.5,0.791666687,1,0.94255203,0.153113544,0.0402930379,0,0,15.9304171,4.7704277,8.47212791,8.37152386,0,13.3238449,4.7704277,6.73421288,0,,,,50
57001662,0.5,0.65625,1,0.94255203,0.169230759,0.0886446834,0,0,15.9258718,5.14956951,8.47514153,8.36096668,0,13.3166971,5.14956951,6.79166079,0,,,,50
57002789,0.5,0.606060624,1,0.957710683,0.161172152,0.104761899,0,0,15.9258718,5.14956951,8.4178772,8.35674477,0,13.3238449,5.14956951,6.79166079,0,,,,50
57003919,0.5,0.615384638,1,0.957710683,0.193406582,0.120879114,0,0,15.9213276,5.51160669,8.38472462,8.33985329,0,13.3166971,5.51160669,6.83395004,0,,,,50
57005046,0.5,0.595744669,1,0.957710683,0.225641012,0.153113544,0,0,15.9213276,5.51160669,8.40280819,8.32296276,0,13.3095493,5.51160669,6.83395004,0,,,,50
57006176,0.5,0.583333313,1,0.973246217,0.225641012,0.161172152,0,0,15.9258718,5.7707057,8.42691898,8.32718563,0,13.3238449,5.7707057,6.86070395,0,,,,50
57007303,0.5,0.558139563,1,0.973246217,0.193406582,0.153113544,0,0,15.9213276,5.7707057,8.39979362,8.34407616,0,13.3238449,5.7707057,6.86070395,0,,,,50
57008638,0.5,0.578947365,1,0.973246217,0.177289367,0.128937721,0,0,15.9258718,5.8945837,8.43897438,8.30607224,0,13.3238449,5.8945837,6.88745737,0,,,,50
57009769,0.5,0.59523809,1,0.973246217,0.201465189,0.136996329,0,0,15.9304171,5.8945837,8.26416779,8.36307812,0,13.3238449,5.8945837,6.88745737,0,,,,50
57010900,0.5,0.645161271,1,0.9612872,0.161172152,0.0886446834,0,0,15.9304171,5.94002008,8.61076832,8.36307812,0,13.3238449,5.94002008,6.92617035,0,,,,50
57012027,0.5,0.479999989,1,0.9612872,0.0967032909,0.104761899,0,0,15.9304171,5.94002008,8.59268475,8.36307812,0,13.3024006,5.94002008,6.92617035,0,,,,50
57013157,0.5,0.575757563,1,0.9612872,0.153113544,0.112820506,0,0,15.9349623,5.97443962,8.48418331,8.36307812,0,13.3238449,5.97443962,6.96488285,0,,,,50
57014284,0.5,0.600000024,1,0.965240717,0.193406582,0.128937721,0,0,15.9304171,5.97443962,8.40883541,8.33351898,0,13.3238449,5.97443962,6.96488285,0,,,,50
57015414,0.5,0.594594598,1,0.965240717,0.177289367,0.120879114,0,0,15.9304171,6.00811338,8.41486359,8.36307812,0,13.3238449,6.00811338,6.99964237,0,,,,50
57016541,0.5,0.600000024,1,0.965240717,0.169230759,0.112820506,0,0,15.9258718,6.00811338,8.30033493,8.36096668,0,13.3238449,6.00811338,6.99964237,0,,,,50
57017676,0.5,0.588235319,1,0.965240717,0.161172152,0.112820506,0,0,15.9258718,6.0299015,8.26115322,8.35885525,0,13.3238449,6.0299015,7.03440142,0,,,,50
57018803,0.5,0.545454562,1,0.994100571,0.145054936,0.120879114,0,0,15.9304171,6.0299015,8.59569836,8.36096668,0,13.3238449,6.0299015,7.03440142,0,,,,50
57019934,0.5,0.645161271,1,0.994100571,0.161172152,0.0886446834,0,0,15.9258718,5.98792505,8.50528145,8.37363529,0,13.3166971,5.98792505,7.04030085,0,,,,50
57021060,0.5,0.653846145,1,0.994100571,0.136996329,0.0725274682,0,0,15.9304171,5.98792505,8.4691143,8.37574673,0,13.3095493,5.98792505,7.04030085,0,,,,50
57022191,0.5,0.607142866,1,1.00587988,0.136996329,0.0886446834,0,0,15.9304171,5.80680847,8.48418331,8.37574673,0,13.3238449,5.80680847,7.03442097,0,,,,50
57023317,0.5,0.655172408,1,1.00587988,0.153113544,0.0805860758,0,0,15.9304171,5.80680847,8.28827858,8.36941242,0,13.3309927,5.80680847,7.03442097,0,,,,50
57024453,0.5,0.65625,1,1.00587988,0.169230759,0.0886446834,0,0,15.9304171,5.491642,8.49021149,8.3799696,0,13.3238449,5.491642,7.02854109,0,,,,50
57025579,0.5,0.620689631,1,1.00587988,0.145054936,0.0886446834,0,0,15.9304171,5.491642,8.37869644,8.37574673,0,13.3238449,5.491642,7.02854109,0,,,,50
57026710,0.5,0.645161271,1,1.01341701,0.161172152,0.0886446834,0,0,15.9304171,5.092278,8.44500256,8.37363529,0,13.3309927,5.092278,7.01512384,0,,,,50
57027836,0.5,0.633333325,1,1.01341701,0.153113544,0.0886446834,0,0,15.9349623,5.092278,8.45103073,8.37574673,0,13.3166971,5.092278,7.01512384,0,,,,50
57029171,0.5,0.692307711,1,1.01341701,0.145054936,0.0644688606,0,0,15.9304171,4.64685726,8.3937664,8.3799696,0,13.3166971,4.64685726,7.00170708,0,,,,50
57030298,0.5,0.692307711,1,1.03176177,0.145054936,0.0644688606,0,0,15.9304171,4.64685726,8.45103073,8.37785816,0,13.3238449,4.64685726,7.00170708,0,,,,50
57031428,0.5,0.695652187,1,1.03176177,0.128937721,0.056410253,0,0,15.9304171,4.15996313,8.47815609,8.39263725,0,13.3238449,4.15996313,6.96994495,0,,,,50
57032560,0.5,0.791666687,1,1.03176177,0.153113544,0.0402930379,0,0,15.9304171,4.15996313,8.45404434,8.39474869,0,13.3238449,4.15996313,6.96994495,0,,,,50
57033690,0.5,0.782608688,1,1.03176177,0.145054936,0.0402930379,0,0,15.9304171,3.6247108,8.46609974,8.39897156,0,13.3238449,3.6247108,6.93818331,0,,,,50
57034817,0.5,0.727272749,1,1.02303147,0.128937721,0.0483516455,0,0,15.9304171,3.6247108,8.45404434,8.38841438,0,13.3309927,3.6247108,6.93818331,0,,,,50
57035948,0.5,0.777777791,1,1.02303147,0.112820506,0.0322344303,0,0,15.9304171,3.08992267,8.49925327,8.38841438,0,13.3238449,3.08992267,6.91515207,0,,,,50
57037074,0.5,0.764705896,1,1.02303147,0.104761899,0.0322344303,0,0,15.9304171,3.08992267,8.50829506,8.40319443,0,13.3024006,3.08992267,6.91515207,0,,,,50
57038205,0.5,0.764705896,1,1.02303147,0.104761899,0.0322344303,0,0,15.9349623,2.6129992,8.52035046,8.40108299,0,13.3166971,2.6129992,6.89212036,0,,,,50
57039331,0.5,0.733333349,1,1.02303147,0.0886446834,0.0322344303,0,0,15.9304171,2.6129992,8.50829506,8.40319443,0,13.3309927,2.6129992,6.89212036,0,,,,50
57040467,0.5,0.714285731,1,1.02303147,0.0805860758,0.0322344303,0,0,15.9304171,2.20726395,8.51432323,8.38419151,0,13.3238449,2.20726395,6.86908913,0,,,,50
57041593,0.5,0.769230783,1,1.02303147,0.0805860758,0.0241758227,0,0,15.9304171,2.20726395,8.49925327,8.4074173,0,13.3309927,2.20726395,6.86908913,0,,,,50
57042723,0.5,0.727272749,1,1.02936602,0.0644688606,0.0241758227,0,0,15.9304171,1.85479403,8.52035046,8.41586208,0,13.3309927,1.85479403,6.83972311,0,,,,50
57043850,0.5,0.600000024,1,1.02936602,0.0483516455,0.0322344303,0,0,15.9304171,1.85479403,8.55048943,8.40530586,0,13.3238449,1.85479403,6.83972311,0,,,,50
57044982,0.5,0.666666687,1,1.02936602,0.0483516455,0.0241758227,0,0,15.9304171,1.53494513,8.53542042,8.40319443,0,13.3238449,1.53494513,6.81035709,0,,,,50
57046108,0.5,0.636363626,1,1.0143187,0.056410253,0.0322344303,0,0,15.9304171,1.53494513,8.51130867,8.39263725,0,13.3309927,1.53494513,6.81035709,0,,,,50
57047239,0.5,0.75,1,1.0143187,0.0483516455,0.0161172152,0,0,15.9258718,1.27323735,8.52939224,8.40952778,0,13.3309927,1.27323735,6.79603815,0,,,,50
57048370,0.5,0.714285731,1,1.0143187,0.0402930379,0.0161172152,0,0,15.9304171,1.27323735,8.53542042,8.40108299,0,13.3309927,1.27323735,6.79603815,0,,,,50
57049502,0.5,0.800000012,1,1.0143187,0.0322344303,0.00805860758,0,0,15.9349623,1.10406172,8.55350399,8.41797352,0,13.3309927,1.10406172,6.78171968,0,,,,50
57050832,0.5,0.833333313,1,1.0209372,0.0402930379,0.00805860758,0,0,15.9304171,1.10406172,8.48719788,8.42853069,0,13.3238449,1.10406172,6.78171968,0,,,,50
57051963,0.5,0.833333313,1,1.0209372,0.0402930379,0.00805860758,0,0,15.9304171,1.0014962,8.52939224,8.41586208,0,13.3309927,1.0014962,6.76078224,0,,,,50
57053089,0.5,1,1,1.04064226,0.0322344303,0,0,0,15.9349623,1.0014962,8.51130867,8.42219639,0,13.3309927,1.0014962,6.76078224,0,,,,50
57054220,0.5,1,1,1.04064226,0.0402930379,0,0,0,15.9349623,0.886363983,8.54747581,8.43064213,0,13.3309927,0.886363983,6.72013998,0,,,,50
57055351,0.5,1,1,1.04064226,0.056410253,0,0,0,15.9349623,0.886363983,8.52336502,8.42219639,0,13.3166971,0.886363983,6.72013998,0,,,,50
57056482,0.5,1,1,1.04064226,0.0402930379,0,0,0,15.9349623,0.704238892,8.53843403,8.42430782,0,13.3309927,0.704238892,6.67949772,0,,,,50
57057608,0.5,0.833333313,1,1.01444769,0.0402930379,0.00805860758,0,0,15.9304171,0.704238892,8.56555939,8.42430782,0,13.3309927,0.704238892,6.67949772,0,,,,50
57058739,0.5,1,1,1.01444769,0.0322344303,0,0,0,15.9304171,0.519692779,8.54747581,8.42641926,0,13.3309927,0.519692779,6.66505003,0,,,,50
57059866,0.5,1,1,1.01444769,0.0402930379,0,0,0,15.9304171,0.519692779,8.51733685,8.42430782,0,13.3309927,0.519692779,6.66505003,0,,,,50
57060996,0.5,1,1,1.01444769,0.0402930379,0,0,0,15.9349623,0.42004168,8.57761478,8.42853069,0,13.3309927,0.42004168,6.65060234,0,,,,50
57062123,0.5,1,1,0.989416659,0.0322344303,0,0,0,15.9349623,0.42004168,8.53240585,8.42853069,0,13.3309927,0.42004168,6.65060234,0,,,,50
57063258,0.5,1,1,0.989416659,0.0483516455,0,0,0,15.9349623,0.448645771,8.55350399,8.42641926,0,13.3238449,0.448645771,6.66118574,0,,,,50
57064384,0.5,1,1,0.989416659,0.0402930379,0,0,0,15.9349623,0.448645771,8.51432323,8.42641926,0,13.3309927,0.448645771,6.66118574,0,,,,50
57065515,0.5,1,1,1.00272,0.0402930379,0,0,0,15.9349623,0.597333193,8.53843403,8.42219639,0,13.3309927,0.597333193,6.65846586,0,,,,50
57066642,0.5,1,1,1.00272,0.0241758227,0,0,0,15.9349623,0.597333193,8.53240585,8.43275356,0,13.3309927,0.597333193,6.65846586,0,,,,50
57067773,0.5,1,1,1.00272,0.0322344303,0,0,0,15.9304171,0.793524444,8.55048943,8.43064213,0,13.3309927,0.793524444,6.65574551,0,,,,50
57068899,0.5,1,1,1.00272,0.0322344303,0,0,0,15.9304171,0.793524444,8.53542042,8.42430782,0,13.3309927,0.793524444,6.65574551,0,,,,50
57070029,0.5,1,1,1.00575304,0.0402930379,0,0,0,15.9349623,0.984267771,8.55048943,8.42641926,0,13.3238449,0.984267771,6.64999247,0,,,,50
57071365,0.5,0.800000012,1,1.00575304,0.0322344303,0.00805860758,0,0,15.9304171,0.984267771,8.54747581,8.42008495,0,13.3309927,0.984267771,6.64999247,0,,,,50
57072496,0.5,1,1,1.00575304,0.0322344303,0,0,0,15.9349623,1.15040934,8.54144764,8.42430782,0,13.3309927,1.15040934,6.64423943,0,,,,50
57073622,0.5,1,1,0.996459186,0.0322344303,0,0,0,15.9304171,1.15040934,8.55048943,8.42219639,0,13.3309927,1.15040934,6.64423943,0,,,,50
57074753,0.5,1,1,0.996459186,0.0402930379,0,0,0,15.9304171,1.30511677,8.54144764,8.41375065,0,13.3309927,1.30511677,6.64778042,0,,,,50
57075879,0.5,1,1,0.996459186,0.0402930379,0,0,0,15.9349623,1.30511677,8.51130867,8.42430782,0,13.3309927,1.30511677,6.64778042,0,,,,50
57077010,0.5,1,1,0.996459186,0.0483516455,0,0,0,15.9349623,1.47019184,8.53542042,8.41375065,0,13.3309927,1.47019184,6.65132141,0,,,,50
57078137,0.5,0.666666687,1,0.997331023,0.0322344303,0.0161172152,0,0,15.9349623,1.47019184,8.52637863,8.40952778,0,13.3238449,1.47019184,6.65132141,0,,,,50
57079272,0.5,0.833333313,1,0.997331023,0.0402930379,0.00805860758,0,0,15.9304171,1.63891101,8.55953121,8.41586208,0,13.3238449,1.63891101,6.65399027,0,,,,50
57080399,0.5,0.857142866,1,0.997331023,0.0483516455,0.00805860758,0,0,15.9349623,1.63891101,8.52939224,8.40530586,0,13.3309927,1.63891101,6.65399027,0,,,,50
57081529,0.5,0.833333313,1,0.986481011,0.0402930379,0.00805860758,0,0,15.9349623,1.81641626,8.568573,8.41163921,0,13.3238449,1.81641626,6.66750908,0,,,,50
57082656,0.5,1,1,0.986481011,0.0483516455,0,0,0,15.9304171,1.81641626,8.51432323,8.40952778,0,13.3238449,1.81641626,6.66750908,0,,,,50
57083786,0.5,0.818181813,1,0.986481011,0.0725274682,0.0161172152,0,0,15.9304171,2.01878309,8.51432323,8.41797352,0,13.3238449,2.01878309,6.68102837,0,,,,50
57084913,0.5,0.875,1,0.986481011,0.056410253,0.00805860758,0,0,15.9304171,2.01878309,8.50829506,8.41586208,0,13.3238449,2.01878309,6.68102837,0,,,,50
57086049,0.5,0.857142866,1,0.957710683,0.0483516455,0.00805860758,0,0,15.9304171,2.28820539,8.54144764,8.41163921,0,13.3166971,2.28820539,6.72331762,0,,,,50
57087175,0.5,0.857142866,1,0.957710683,0.0483516455,0.00805860758,0,0,15.9349623,2.28820539,8.51432323,8.41586208,0,13.3238449,2.28820539,6.72331762,0,,,,50
57088306,0.5,0.75,1,0.957710683,0.0725274682,0.0241758227,0,0,15.9349623,2.66493583,8.49925327,8.39474869,0,13.3309927,2.66493583,6.76560688,0,,,,50
57089432,0.5,0.75,1,0.957710683,0.0725274682,0.0241758227,0,0,15.9304171,2.66493583,8.48418331,8.40530586,0,13.3238449,2.66493583,6.76560688,0,,,,50
57090563,0.5,0.818181813,1,0.980782449,0.0725274682,0.0161172152,0,0,15.9304171,3.07002735,8.52637863,8.40319443,0,13.3309927,3.07002735,6.78482437,0,,,,50
57091894,0.5,0.666666687,1,0.980782449,0.0483516455,0.0241758227,0,0,15.9349623,3.07002735,8.52637863,8.40319443,0,13.3238449,3.07002735,6.78482437,0,,,,50
57093024,0.5,0.769230783,1,0.980782449,0.0805860758,0.0241758227,0,0,15.9349623,3.39989877,8.47815609,8.39474869,0,13.3238449,3.39989877,6.80404186,0,,,,50
57094156,0.5,0.692307711,1,0.997455657,0.0725274682,0.0322344303,0,0,15.9304171,3.39989877,8.48418331,8.39686012,0,13.3238449,3.39989877,6.80404186,0,,,,50
57095286,0.5,0.600000024,1,0.997455657,0.0725274682,0.0483516455,0,0,15.9304171,3.61105061,8.49925327,8.39474869,0,13.3238449,3.61105061,6.80658627,0,,,,50
57096413,0.5,0.666666687,1,0.997455657,0.0644688606,0.0322344303,0,0,15.9304171,3.61105061,8.50226688,8.39052582,0,13.3238449,3.61105061,6.80658627,0,,,,50
57097544,0.5,0.684210539,1,0.997455657,0.104761899,0.0483516455,0,0,15.9304171,3.69215941,8.45705795,8.38630295,0,13.3238449,3.69215941,6.80913019,0,,,,50
57098670,0.5,0.777777791,1,0.971942246,0.112820506,0.0322344303,0,0,15.9304171,3.69215941,8.46007252,8.39474869,0,13.3238449,3.69215941,6.80913019,0,,,,50
57099800,0.5,0.764705896,1,0.971942246,0.104761899,0.0322344303,0,0,15.9304171,3.72259116,8.49623966,8.40319443,0,13.3166971,3.72259116,6.83718824,0,,,,50
57100927,0.5,0.681818187,1,0.971942246,0.120879114,0.056410253,0,0,15.9304171,3.72259116,8.42390537,8.36730099,0,13.3309927,3.72259116,6.83718824,0,,,,50
57102062,0.5,0.761904776,1,0.965240717,0.128937721,0.0402930379,0,0,15.9304171,3.80979991,8.48418331,8.39052582,0,13.3095493,3.80979991,6.87194729,0,,,,50
57103189,0.5,0.75,1,0.965240717,0.120879114,0.0402930379,0,0,15.9304171,3.80979991,8.47815609,8.39897156,0,13.3238449,3.80979991,6.87194729,0,,,,50
57104320,0.5,0.666666687,1,0.965240717,0.145054936,0.0725274682,0,0,15.9304171,3.97280359,8.45705795,8.38630295,0,13.3238449,3.97280359,6.90670681,0,,,,50
57105446,0.5,0.652173936,1,0.965240717,0.120879114,0.0644688606,0,0,15.9304171,3.97280359,8.47212791,8.37574673,0,13.3238449,3.97280359,6.90670681,0,,,,50
57106577,0.5,0.739130437,1,0.942663312,0.136996329,0.0483516455,0,0,15.9304171,4.22017908,8.48418331,8.38208103,0,13.3238449,4.22017908,6.96404314,0,,,,50
57107703,0.5,0.722222209,1,0.942663312,0.209523797,0.0805860758,0,0,15.9213276,4.22017908,8.52939224,8.36941242,0,13.3238449,4.22017908,6.96404314,0,,,,50
57108838,0.5,0.685714304,1,0.942663312,0.193406582,0.0886446834,0,0,15.9258718,4.56953144,8.38472462,8.36096668,0,13.3238449,4.56953144,7.02137995,0,,,,50
57109965,0.5,0.5625,1,0.942663312,0.145054936,0.112820506,0,0,15.9349623,4.56953144,8.60172653,8.34829903,0,13.3238449,4.56953144,7.02137995,0,,,,50
57111096,0.5,0.658536613,1,0.935151219,0.217582405,0.112820506,0,0,15.9304171,4.99725199,8.40280819,8.32929707,0,13.3238449,4.99725199,7.08622885,0,,,,50
57112222,0.5,0.647058845,1,0.935151219,0.177289367,0.0967032909,0,0,15.9349623,4.99725199,8.49623966,8.36307812,0,13.3238449,4.99725199,7.08622885,0,,,,50
57113557,0.5,0.680000007,1,0.935151219,0.136996329,0.0644688606,0,0,15.9304171,5.46888113,8.42390537,8.38841438,0,13.3238449,5.46888113,7.15107727,0,,,,50
57114683,0.5,0.75999999,1,0.935151219,0.153113544,0.0483516455,0,0,15.9258718,5.46888113,8.4691143,8.39897156,0,13.3238449,5.46888113,7.15107727,0,,,,50
57115814,0.5,0.680000007,1,0.93867141,0.136996329,0.0644688606,0,0,15.9304171,5.94163942,8.43596077,8.38208103,0,13.3238449,5.94163942,7.21240568,0,,,,50
57116945,0.5,0.699999988,1,0.93867141,0.169230759,0.0725274682,0,0,15.9304171,5.94163942,8.42691898,8.3799696,0,13.3095493,5.94163942,7.21240568,0,,,,50
57118076,0.5,0.677419364,1,0.93867141,0.169230759,0.0805860758,0,0,15.9304171,6.37883186,8.43897438,8.37152386,0,13.3095493,6.37883186,7.27373457,0,,,,50
57119202,0.5,0.694444418,1,0.965240717,0.201465189,0.0886446834,0,0,15.9304171,6.37883186,8.40280819,8.36941242,0,13.3238449,6.37883186,7.27373457,0,,,,50
57120333,0.5,0.645161271,1,0.965240717,0.161172152,0.0886446834,0,0,15.9258718,6.71869898,8.36061287,8.35885525,0,13.3238449,6.71869898,7.30849361,0,,,,50
57121460,0.5,0.676470578,1,0.965240717,0.185347974,0.0886446834,0,0,15.9213276,6.71869898,8.32444572,8.40108299,0,13.3238449,6.71869898,7.30849361,0,,,,50
57122590,0.5,0.685714304,1,0.965240717,0.193406582,0.0886446834,0,0,15.9167824,6.90619707,8.38171005,8.34407616,0,13.3238449,6.90619707,7.34325266,0,,,,50
57123717,0.5,0.523809552,1,0.97717917,0.177289367,0.161172152,0,0,15.9304171,6.90619707,8.54747581,8.35885525,0,13.3238449,6.90619707,7.34325266,0,,,,50
57124852,0.5,0.631578922,1,0.97717917,0.193406582,0.112820506,0,0,15.9258718,6.94564581,8.37869644,8.32296276,0,13.3166971,6.94564581,7.36607361,0,,,,50
57125978,0.5,0.558139563,1,0.97717917,0.193406582,0.153113544,0,0,15.9258718,6.94564581,8.42691898,8.34829903,0,13.3238449,6.94564581,7.36607361,0,,,,50
57127109,0.5,0.534883738,1,0.98102355,0.185347974,0.161172152,0,0,15.9258718,6.85702801,8.38773823,8.34618759,0,13.3238449,6.85702801,7.38504982,0,,,,50
57128235,0.5,0.522727251,1,0.98102355,0.185347974,0.169230759,0,0,15.9304171,6.85702801,8.3937664,8.36096668,0,13.3238449,6.85702801,7.38504982,0,,,,50
57129366,0.5,0.555555582,1,0.98102355,0.161172152,0.128937721,0,0,15.9304171,6.67739487,8.51130867,8.35674477,0,13.3238449,6.67739487,7.40402651,0,,,,50
57130493,0.5,0.600000024,1,0.98102355,0.193406582,0.128937721,0,0,15.9258718,6.67739487,8.42691898,8.36307812,0,13.3166971,6.67739487,7.40402651,0,,,,50
57131623,0.5,0.550000012,1,0.993234396,0.177289367,0.145054936,0,0,15.9258718,6.43106318,8.41184998,8.34196472,0,13.3238449,6.43106318,7.41079187,0,,,,50
57132755,0.5,0.647058845,1,0.993234396,0.177289367,0.0967032909,0,0,15.9304171,6.43106318,8.45404434,8.30607224,0,13.3238449,6.43106318,7.41079187,0,,,,50
57134090,0.5,0.555555582,1,0.993234396,0.161172152,0.128937721,0,0,15.9258718,6.12687111,8.32745934,8.35041046,0,13.3238449,6.12687111,7.41755724,0,,,,50
57135216,0.5,0.535714269,1,0.989293933,0.120879114,0.104761899,0,0,15.9304171,6.12687111,8.39979362,8.35463333,0,13.3238449,6.12687111,7.41755724,0,,,,50
57136347,0.5,0.53125,1,0.989293933,0.136996329,0.120879114,0,0,15.9258718,5.80324507,8.37266827,8.35674477,0,13.3238449,5.80324507,7.42826366,0,,,,50
57137473,0.5,0.566666663,1,0.989293933,0.136996329,0.104761899,0,0,15.9304171,5.80324507,8.34855747,8.35885525,0,13.3238449,5.80324507,7.42826366,0,,,,50
57138604,0.5,0.620689631,1,0.989293933,0.145054936,0.0886446834,0,0,15.9258718,5.50102377,8.46007252,8.36518955,0,13.3238449,5.50102377,7.43896961,0,,,,50
57139736,0.5,0.580645144,1,0.957595706,0.145054936,0.104761899,0,0,15.9304171,5.50102377,8.4691143,8.37152386,0,13.3238449,5.50102377,7.43896961,0,,,,50
57140866,0.5,0.655172408,1,0.957595706,0.153113544,0.0805860758,0,0,15.9304171,5.2939558,8.42993259,8.3799696,0,13.3238449,5.2939558,7.48137379,0,,,,50
57141993,0.5,0.703703701,1,0.957595706,0.153113544,0.0644688606,0,0,15.9304171,5.2939558,8.35458469,8.38419151,0,13.3166971,5.2939558,7.48137379,0,,,,50
57143123,0.5,0.714285731,1,0.957480907,0.161172152,0.0644688606,0,0,15.9304171,5.24956131,8.49925327,8.38419151,0,13.3309927,5.24956131,7.52389288,0,,,,50
57144250,0.5,0.720000029,1,0.957480907,0.145054936,0.056410253,0,0,15.9304171,5.24956131,8.45103073,8.38841438,0,13.3238449,5.24956131,7.52389288,0,,,,50
57145381,0.5,0.772727251,1,0.957480907,0.136996329,0.0402930379,0,0,15.9304171,5.33864927,8.4691143,8.36941242,0,13.3238449,5.33864927,7.56641197,0,,,,50
57146507,0.5,0.75,1,0.957480907,0.145054936,0.0483516455,0,0,15.9304171,5.33864927,8.48418331,8.38630295,0,13.3238449,5.33864927,7.56641197,0,,,,50
57147643,0.5,0.730769217,1,1.01872146,0.153113544,0.056410253,0,0,15.9304171,5.38812208,8.44801617,8.38630295,0,13.3309927,5.38812208,7.54769039,0,,,,50
57148769,0.5,0.720000029,1,1.01872146,0.145054936,0.056410253,0,0,15.9304171,5.38812208,8.43294716,8.40530586,0,13.3238449,5.38812208,7.54769039,0,,,,50
57149900,0.5,0.714285731,1,1.01872146,0.161172152,0.0644688606,0,0,15.9258718,5.23311758,8.43596077,8.39474869,0,13.3238449,5.23311758,7.52896881,0,,,,50
57151026,0.5,0.699999988,1,1.04077804,0.169230759,0.0725274682,0,0,15.9304171,5.23311758,8.43596077,8.38419151,0,13.3166971,5.23311758,7.52896881,0,,,,50
57152157,0.5,0.714285731,1,1.04077804,0.201465189,0.0805860758,0,0,15.9258718,4.86253595,8.42993259,8.36518955,0,13.3309927,4.86253595,7.48819065,0,,,,50
57153283,0.5,0.703703701,1,1.04077804,0.153113544,0.0644688606,0,0,15.9304171,4.86253595,8.5565176,8.38841438,0,13.3238449,4.86253595,7.48819065,0,,,,50
57154414,0.5,0.720000029,1,1.04077804,0.145054936,0.056410253,0,0,15.9258718,4.32471752,8.43596077,8.37785816,0,13.3238449,4.32471752,7.44741249,0,,,,50
57155750,0.5,0.703703701,1,1.01444769,0.153113544,0.0644688606,0,0,15.9304171,4.32471752,8.44500256,8.38630295,0,13.3238449,4.32471752,7.44741249,0,,,,50
57156881,0.5,0.727272749,1,1.01444769,0.128937721,0.0483516455,0,0,15.9304171,3.74685216,8.47212791,8.39052582,0,13.3095493,3.74685216,7.4329648,0,,,,50
57158008,0.5,0.772727251,1,1.01444769,0.136996329,0.0402930379,0,0,15.9349623,3.74685216,8.46007252,8.38419151,0,13.3238449,3.74685216,7.4329648,0,,,,50
57159138,0.5,0.761904776,1,1.02303147,0.128937721,0.0402930379,0,0,15.9304171,3.24160838,8.48418331,8.40108299,0,13.3309927,3.24160838,7.40993357,0,,,,50
57160264,0.5,0.777777791,1,1.02303147,0.112820506,0.0322344303,0,0,15.9304171,3.24160838,8.46609974,8.40530586,0,13.3238449,3.24160838,7.40993357,0,,,,50
57161395,0.5,0.800000012,1,1.02303147,0.128937721,0.0322344303,0,0,15.9304171,2.8116188,8.49623966,8.39897156,0,13.3238449,2.8116188,7.38690186,0,,,,50
57162521,0.5,0.823529422,1,1.02303147,0.112820506,0.0241758227,0,0,15.9304171,2.8116188,8.45404434,8.40108299,0,13.3309927,2.8116188,7.38690186,0,,,,50
57163656,0.5,0.75,1,1.02303147,0.0967032909,0.0322344303,0,0,15.9349623,2.44122744,8.51130867,8.40530586,0,13.3238449,2.44122744,7.36387062,0,,,,50
57164783,0.5,0.733333349,1,1.02303147,0.0886446834,0.0322344303,0,0,15.9304171,2.44122744,8.50226688,8.40108299,0,13.3238449,2.44122744,7.36387062,0,,,,50
57165914,0.5,0.714285731,1,1.02303147,0.0805860758,0.0322344303,0,0,15.9258718,2.12704349,8.51432323,8.40108299,0,13.3238449,2.12704349,7.34083891,0,,,,50
57167040,0.5,0.666666687,1,1.04995334,0.0805860758,0.0402930379,0,0,15.9304171,2.12704349,8.50528145,8.39897156,0,13.3166971,2.12704349,7.34083891,0,,,,50
57168171,0.5,0.800000012,1,1.04995334,0.0644688606,0.0161172152,0,0,15.9349623,1.81348801,8.46609974,8.41163921,0,13.3309927,1.81348801,7.29088593,0,,,,50
57169297,0.5,0.636363626,1,1.04995334,0.056410253,0.0322344303,0,0,15.9349623,1.81348801,8.56555939,8.42430782,0,13.3238449,1.81348801,7.29088593,0,,,,50
57170432,0.5,0.75,1,1.04995334,0.0483516455,0.0161172152,0,0,15.9304171,1.4386903,8.53843403,8.41586208,0,13.3309927,1.4386903,7.24093246,0,,,,50
57171559,0.5,0.777777791,1,1.03470504,0.056410253,0.0161172152,0,0,15.9304171,1.4386903,8.5444622,8.40530586,0,13.3238449,1.4386903,7.24093246,0,,,,50
57172690,0.5,0.75,1,1.03470504,0.0483516455,0.0161172152,0,0,15.9349623,1.04836404,8.55048943,8.41375065,0,13.3238449,1.04836404,7.2062273,0,,,,50
57173816,0.5,0.714285731,1,1.03470504,0.0402930379,0.0161172152,0,0,15.9349623,1.04836404,8.52336502,8.42430782,0,13.3309927,1.04836404,7.2062273,0,,,,50
57174947,0.5,0.857142866,1,1.03176177,0.0483516455,0.00805860758,0,0,15.9304171,0.720927,8.53542042,8.42641926,0,13.3309927,0.720927,7.17446566,0,,,,50
57176277,0.5,1,1,1.03176177,0.0402930379,0,0,0,15.9304171,0.720927,8.56555939,8.42008495,0,13.3095493,0.720927,7.17446566,0,,,,50
57177408,0.5,1,1,1.03176177,0.0402930379,0,0,0,15.9304171,0.472746879,8.52637863,8.42008495,0,13.3309927,0.472746879,7.14270401,0,,,,50
57178539,0.5,0.833333313,1,1.0153513,0.0402930379,0.00805860758,0,0,15.9349623,0.472746879,8.54144764,8.41797352,0,13.3238449,0.472746879,7.14270401,0,,,,50
57179670,0.5,1,1,1.0153513,0.0402930379,0,0,0,15.9304171,0.317013174,8.53240585,8.42853069,0,13.3309927,0.317013174,7.12735271,0,,,,50
57180796,0.5,1,1,1.0153513,0.0322344303,0,0,0,15.9349623,0.317013174,8.53542042,8.43275356,0,13.3309927,0.317013174,7.12735271,0,,,,50
57181927,0.5,1,1,1.03189516,0.0322344303,0,0,0,15.9349623,0.239872769,8.56254578,8.43486404,0,13.3238449,0.239872769,7.09545755,0,,,,50
57183053,0.5,1,1,1.03189516,0.0402930379,0,0,0,15.9349623,0.239872769,8.51733685,8.43064213,0,13.3095493,0.239872769,7.09545755,0,,,,50
57184184,0.5,1,1,1.03189516,0.0483516455,0,0,0,15.9349623,0.180075124,8.53240585,8.42853069,0,13.3309927,0.180075124,7.06356239,0,,,,50
57185310,0.5,1,1,1.03189516,0.0402930379,0,0,0,15.9349623,0.180075124,8.53542042,8.42641926,0,13.3238449,0.180075124,7.06356239,0,,,,50
57186446,0.5,1,1,1.03069568,0.0322344303,0,0,0,15.9349623,0.116101407,8.53240585,8.42641926,0,13.3309927,0.116101407,7.03286648,0,,,,50
57187572,0.5,1,1,1.03069568,0.0402930379,0,0,0,15.9349623,0.116101407,8.5565176,8.43275356,0,13.3309927,0.116101407,7.03286648,0,,,,50
57188703,0.5,1,1,1.03069568,0.0322344303,0,0,0,15.9349623,0.0549234673,8.5444622,8.43486404,0,13.3238449,0.0549234673,7.00217104,0,,,,50
57189829,0.5,1,1,1.03189516,0.0322344303,0,0,0,15.9349623,0.0549234673,8.53240585,8.43275356,0,13.3309927,0.0549234673,7.00217104,0,,,,50
57190960,0.5,1,1,1.03189516,0.0322344303,0,0,0,15.9349623,-0.00419675186,8.52939224,8.43064213,0,13.3238449,-0.00419675186,6.97027588,0,,,,50
57192087,0.5,1,1,1.03189516,0.0402930379,0,0,0,15.9349623,-0.00419675186,8.52939224,8.42853069,0,13.3309927,-0.00419675186,6.97027588,0,,,,50
57193217,0.5,1,1,1.03189516,0.0241758227,0,0,0,15.9395075,-0.0644396171,8.5565176,8.42430782,0,13.3309927,-0.0644396171,6.93838072,0,,,,50
57194349,0.5,1,1,1.02080655,0.0161172152,0,0,0,15.9304171,-0.0644396171,8.54747581,8.43275356,0,13.3309927,-0.0644396171,6.93838072,0,,,,50
57195479,0.5,1,1,1.02080655,0.0322344303,0,0,0,15.9349623,-0.104778193,8.53843403,8.43064213,0,13.3309927,-0.104778193,6.91757393,0,,,,50
57196809,0.5,1,1,1.02080655,0.0322344303,0,0,0,15.9349623,-0.104778193,8.58062935,8.42430782,0,13.3238449,-0.104778193,6.91757393,0,,,,50
57197940,0.5,1,1,1.02290034,0.0322344303,0,0,0,15.9304171,-0.104699716,8.51733685,8.43064213,0,13.3238449,-0.104699716,6.89467382,0,,,,50
57199066,0.5,1,1,1.02290034,0.0483516455,0,0,0,15.9349623,-0.104699716,8.53240585,8.43275356,0,13.3166971,-0.104699716,6.89467382,0,,,,50
57200197,0.5,1,1,1.02290034,0.0402930379,0,0,0,15.9349623,-0.0775368065,8.53542042,8.42641926,0,13.3309927,-0.0775368065,6.87177324,0,,,,50
57201328,0.5,1,1,1.02290034,0.0322344303,0,0,0,15.9349623,-0.0775368065,8.57158756,8.42430782,0,13.3166971,-0.0775368065,6.87177324,0,,,,50
57202459,0.5,1,1,1.02290034,0.0322344303,0,0,0,15.9349623,-0.0407209545,8.53843403,8.43064213,0,13.3309927,-0.0407209545,6.84887314,0,,,,50
57203586,0.5,1,1,1.02290034,0.0322344303,0,0,0,15.9304171,-0.0407209545,8.54747581,8.43064213,0,13.3166971,-0.0407209545,6.84887314,0,,,,50
57204716,0.5,1,1,1.02290034,0.0322344303,0,0,0,15.9349623,-0.00258792844,8.5444622,8.43064213,0,13.3309927,-0.00258792844,6.82597256,0,,,,50
57205843,0.5,1,1,1.02290034,0.0161172152,0,0,0,15.9304171,-0.00258792844,8.5565176,8.43064213,0,13.3309927,-0.00258792844,6.82597256,0,,,,50
57206973,0.5,1,1,1.02290034,0.0241758227,0,0,0,15.9349623,0.0319493078,8.5444622,8.43064213,0,13.3238449,0.0319493078,6.80307245,0,,,,50
57208100,0.5,1,1,1.02290034,0.0241758227,0,0,0,15.9349623,0.0319493078,8.52336502,8.43064213,0,13.3309927,0.0319493078,6.80307245,0,,,,50
57209235,0.5,1,1,1.02290034,0.0161172152,0,0,0,15.9395075,0.0602778681,8.54747581,8.42430782,0,13.3238449,0.0602778681,6.78017187,0,,,,50
57210362,0.5,1,1,0.637912333,0.0322344303,0,0,0,15.9395075,0.0602778681,8.52035046,8.43064213,0,13.3238449,0.0602778681,6.78017187,0,,,,50
57211493,0.5,1,1,0.637912333,0.0241758227,0,0,0,15.9349623,0.795913875,8.5565176,8.42853069,0,13.3309927,0.795913875,7.1422596,0,,,,50
57212619,0.5,1,1,0.637912333,0.00805860758,0,0,0,15.9304171,0.795913875,8.56555939,8.43064213,0,13.3309927,0.795913875,7.1422596,0,,,,50
57213749,0.5,1,1,0.687426388,0.0161172152,0,0,0,15.9304171,2.93883324,8.52939224,8.42853069,0,13.3309927,2.93883324,7.45483351,0,,,,50
57214876,0.5,1,1,0.687426388,0.0402930379,0,0,0,15.9304171,2.93883324,8.54144764,8.42853069,0,13.3309927,2.93883324,7.45483351,0,,,,50
57216007,0.5,1,1,0.687426388,0.0805860758,0,0,0,15.9304171,6.04465866,8.46308613,8.42853069,0,13.3238449,6.04465866,7.76740694,0,,,,50
57217138,0.5,1,1,0.687426388,0.0805860758,0,0,0,15.9349623,6.04465866,8.44801617,8.41375065,0,13.3238449,6.04465866,7.76740694,0,,,,50
57218473,0.5,0.789473712,1,0.974672735,0.120879114,0.0322344303,0,0,15.9304171,8.94168949,8.45103073,8.38419151,0,13.3309927,8.94168949,7.79273415,0,,,,50
57219599,0.5,0.730769217,1,0.974672735,0.153113544,0.056410253,0,0,15.9258718,8.94168949,8.38171005,8.37574673,0,13.3238449,8.94168949,7.79273415,0,,,,50
57220730,0.5,0.611111104,1,0.974672735,0.177289367,0.112820506,0,0,15.9213276,10.7060604,8.42089176,8.31240559,0,13.3238449,10.7060604,7.81806135,0,,,,50
57221856,0.5,0.590909064,1,0.973364949,0.209523797,0.145054936,0,0,15.9213276,10.7060604,8.4058218,8.32929707,0,13.3166971,10.7060604,7.81806135,0,,,,50
57222987,0.5,0.546875,1,0.973364949,0.282051265,0.23369962,0,0,15.9031467,11.4038467,8.35458469,8.29129219,0,13.3095493,11.4038467,7.84469604,0,,,,50
57224113,0.5,0.54285717,1,0.973364949,0.306227088,0.257875443,0,0,15.8986015,11.4038467,8.32143211,8.27229023,0,13.3095493,11.4038467,7.84469604,0,,,,50
57225249,0.5,0.556962013,1,0.973364949,0.354578733,0.282051265,0,0,15.8940573,11.4490089,8.30636215,8.25751019,0,13.3095493,11.4490089,7.87133121,0,,,,50
57226375,0.5,0.536842108,1,0.980420828,0.410988986,0.354578733,0,0,15.8849669,11.4490089,8.22498608,8.2216177,0,13.2952528,11.4490089,7.87133121,0,,,,50
57227506,0.5,0.545454562,1,0.980420828,0.483516455,0.402930379,0,0,15.8804216,11.1038141,8.18881989,8.20472717,0,13.288105,11.1038141,7.89091015,0,,,,50
57228632,0.5,0.53773582,1,0.980420828,0.459340632,0.394871771,0,0,15.8804216,11.1038141,8.20087528,8.21317196,0,13.3024006,11.1038141,7.89091015,0,,,,50
57229763,0.5,0.534653485,1,0.980420828,0.435164809,0.378754556,0,0,15.8713312,10.5353575,8.20690346,8.20894909,0,13.2952528,10.5353575,7.91048908,0,,,,50
57230889,0.5,0.552631557,1,0.973127484,0.507692277,0.410988986,0,0,15.8804216,10.5353575,8.18881989,8.20261574,0,13.3024006,10.5353575,7.91048908,0,,,,50
57232025,0.5,0.533783793,1,0.973127484,0.636629999,0.556043923,0,0,15.8349714,9.88107204,8.02606773,8.10127068,0,13.2738094,9.88107204,7.93736172,0,,,,50
57233151,0.5,0.536585391,1,0.973127484,0.709157467,0.612454176,0,0,15.8440609,9.88107204,8.03812313,8.0843792,0,13.2809572,9.88107204,7.93736172,0,,,,50
57234282,0.5,0.54037267,1,0.973127484,0.701098859,0.596336961,0,0,15.866787,9.2415781,8.06524849,8.11393833,0,13.2952528,9.2415781,7.96423388,0,,,,50
57235408,0.5,0.536363661,1,0.977418602,0.475457847,0.410988986,0,0,15.8940573,9.2415781,8.24306965,8.2216177,0,13.3095493,9.2415781,7.96423388,0,,,,50
57236539,0.5,0.56410259,1,0.977418602,0.354578733,0.273992658,0,0,15.907692,8.65279102,8.33348751,8.28918076,0,13.3166971,8.65279102,7.98681545,0,,,,50
57237665,0.5,0.55737704,1,0.977418602,0.273992658,0.217582405,0,0,15.907692,8.65279102,8.36362648,8.31451702,0,13.3095493,8.65279102,7.98681545,0,,,,50
57239000,0.5,0.543859661,1,0.973127484,0.249816835,0.209523797,0,0,15.9122372,8.12772846,8.37568283,8.31662846,0,13.3166971,8.12772846,8.01368809,0,,,,50
57240131,0.5,0.563636363,1,0.973127484,0.249816835,0.193406582,0,0,15.9167824,8.12772846,8.38171005,8.3250742,0,13.3166971,8.12772846,8.01368809,0,,,,50
57241262,0.5,0.54838711,1,0.973127484,0.273992658,0.225641012,0,0,15.907692,7.68253899,8.3937664,8.3039608,0,13.3166971,7.68253899,8.04055977,0,,,,50
57242389,0.5,0.571428597,1,0.973127484,0.290109873,0.217582405,0,0,15.907692,7.68253899,8.36061287,8.3039608,0,13.3166971,7.68253899,8.04055977,0,,,,50
57243519,0.5,0.54285717,1,0.989171386,0.306227088,0.257875443,0,0,15.8986015,7.28841591,8.31540394,8.28495789,0,13.3095493,7.28841591,8.05138874,0,,,,50
57244646,0.5,0.551282048,1,0.989171386,0.346520126,0.282051265,0,0,15.8940573,7.28841591,8.30334854,8.27440166,0,13.3095493,7.28841591,8.05138874,0,,,,50
57245776,0.5,0.565789461,1,0.989171386,0.346520126,0.26593405,0,0,15.8986015,6.90312576,8.27320957,8.2765131,0,13.3095493,6.90312576,8.06221771,0,,,,50
57246903,0.5,0.556962013,1,0.997455657,0.354578733,0.282051265,0,0,15.9031467,6.90312576,8.30937672,8.27862453,0,13.3166971,6.90312576,8.06221771,0,,,,50
57248039,0.5,0.545454562,1,0.997455657,0.290109873,0.241758227,0,0,15.907692,6.51570797,8.32745934,8.30607224,0,13.3095493,6.51570797,8.06476116,0,,,,50
57249165,0.5,0.560000002,1,0.997455657,0.225641012,0.177289367,0,0,15.9167824,6.51570797,8.39979362,8.3250742,0,13.3166971,6.51570797,8.06476116,0,,,,50
57250295,0.5,0.586956501,1,1.02843738,0.217582405,0.153113544,0,0,15.9258718,6.07042646,8.4058218,8.33351898,0,13.3309927,6.07042646,8.0363245,0,,,,50
57251422,0.5,0.625,1,1.02843738,0.201465189,0.120879114,0,0,15.9304171,6.07042646,8.42390537,8.32718563,0,13.3238449,6.07042646,8.0363245,0,,,,50
57252553,0.5,0.555555582,1,1.02843738,0.161172152,0.128937721,0,0,15.9258718,5.51956701,8.52336502,8.35885525,0,13.3238449,5.51956701,8.00788689,0,,,,50
57253680,0.5,0.45161289,1,1.05915117,0.112820506,0.136996329,0,0,15.9349623,5.51956701,8.46609974,8.34407616,0,13.3238449,5.51956701,8.00788689,0,,,,50
57254815,0.5,0.657894731,1,1.05915117,0.201465189,0.104761899,0,0,15.9258718,4.85079098,8.41184998,8.3314085,0,13.3238449,4.85079098,7.94873571,0,,,,50
57255941,0.5,0.545454562,1,1.05915117,0.145054936,0.120879114,0,0,15.9258718,4.85079098,8.42089176,8.36518955,0,13.3238449,4.85079098,7.94873571,0,,,,50
57257072,0.5,0.702702701,1,1.05915117,0.209523797,0.0886446834,0,0,15.9304171,4.06358767,8.50226688,8.37785816,0,13.3166971,4.06358767,7.88958454,0,,,,50
57258198,0.5,0.645161271,1,1.08198583,0.161172152,0.0886446834,0,0,15.9258718,4.06358767,8.42390537,8.3799696,0,13.3238449,4.06358767,7.88958454,0,,,,50
57259329,0.5,0.653846145,1,1.08198583,0.136996329,0.0725274682,0,0,15.9304171,3.17870808,8.45103073,8.38208103,0,13.3166971,3.17870808,7.80759859,0,,,,50
57260660,0.5,0.708333313,1,1.08198583,0.136996329,0.056410253,0,0,15.9304171,3.17870808,8.4691143,8.37574673,0,13.3309927,3.17870808,7.80759859,0,,,,50
57261791,0.5,0.764705896,1,1.10813022,0.104761899,0.0322344303,0,0,15.9304171,2.17342377,8.50528145,8.40952778,0,13.3238449,2.17342377,7.69946814,0,,,,50
57262922,0.5,0.714285731,1,1.10813022,0.0805860758,0.0322344303,0,0,15.9349623,2.17342377,8.50528145,8.40319443,0,13.3238449,2.17342377,7.69946814,0,,,,50
57264053,0.5,0.727272749,1,1.10813022,0.0644688606,0.0241758227,0,0,15.9304171,1.05493069,8.51733685,8.4074173,0,13.3238449,1.05493069,7.59133816,0,,,,50
57265180,0.5,0.666666687,1,1.08803451,0.0644688606,0.0322344303,0,0,15.9349623,1.05493069,8.56254578,8.4074173,0,13.3238449,1.05493069,7.59133816,0,,,,50
57266310,0.5,0.75,1,1.08803451,0.0483516455,0.0161172152,0,0,15.9349623,-0.0558767915,8.56555939,8.42430782,0,13.3309927,-0.0558767915,7.50330353,0,,,,50
57267437,0.5,0.666666687,1,1.08803451,0.0322344303,0.0161172152,0,0,15.9349623,-0.0558767915,8.52939224,8.42008495,0,13.3238449,-0.0558767915,7.50330353,0,,,,50
57268567,0.5,1,1,1.08803451,0.0241758227,0,0,0,15.9349623,-1.03976548,8.53843403,8.42641926,0,13.3309927,-1.03976548,7.41526937,0,,,,50
57269694,0.5,0.800000012,1,1.08803451,0.0322344303,0.00805860758,0,0,15.9349623,-1.03976548,8.57460117,8.43064213,0,13.3309927,-1.03976548,7.41526937,0,,,,50
57270829,0.5,1,1,1.08803451,0.0241758227,0,0,0,15.9349623,-1.87296438,8.59268475,8.43486404,0,13.3309927,-1.87296438,7.32723475,0,,,,50
57271956,0.5,1,1,1.08803451,0.0241758227,0,0,0,15.9349623,-1.87296438,8.52939224,8.43697548,0,13.3309927,-1.87296438,7.32723475,0,,,,50
57273086,0.5,1,1,1.08803451,0.0241758227,0,0,0,15.9349623,-2.572788,8.56555939,8.43064213,0,13.3309927,-2.572788,7.23920012,0,,,,50
57274213,0.5,1,1,1.08803451,0.0241758227,0,0,0,15.9349623,-2.572788,8.55953121,8.43697548,0,13.3166971,-2.572788,7.23920012,0,,,,50
57275343,0.5,1,1,1.08803451,0.0241758227,0,0,0,15.9304171,-3.15751719,8.5565176,8.43486404,0,13.3166971,-3.15751719,7.15116596,0,,,,50
57276470,0.5,1,1,1.08803451,0.0161172152,0,0,0,15.9349623,-3.15751719,8.5565176,8.43486404,0,13.3309927,-3.15751719,7.15116596,0,,,,50
57277601,0.5,1,1,1.08803451,0.0241758227,0,0,0,15.9304171,-3.64503622,8.55953121,8.42641926,0,13.3309927,-3.64503622,7.06313133,0,,,,50
57278732,0.5,1,1,1.08803451,0.0241758227,0,0,0,15.9349623,-3.64503622,8.54144764,8.43275356,0,13.3309927,-3.64503622,7.06313133,0,,,,50
57279863,0.5,1,1,1.08803451,0.0241758227,0,0,0,15.9349623,-4.05188942,8.55048943,8.43486404,0,13.3309927,-4.05188942,6.9750967,0,,,,50
57281193,0.5,1,1,1.08803451,0.0322344303,0,0,0,15.9304171,-4.05188942,8.50829506,8.43275356,0,13.3309927,-4.05188942,6.9750967,0,,,,50
57282324,0.5,1,1,1.08803451,0.0483516455,0,0,0,15.9304171,-4.39279509,8.53240585,8.43275356,0,13.3238449,-4.39279509,6.88706255,0,,,,50
57283450,0.5,1,1,1.08803451,0.0483516455,0,0,0,15.9349623,-4.39279509,8.54144764,8.42641926,0,13.3309927,-4.39279509,6.88706255,0,,,,50
57284581,0.5,1,1,1.08803451,0.056410253,0,0,0,15.9349623,-4.68047476,8.51733685,8.42430782,0,13.3238449,-4.68047476,6.79902792,0,,,,50
57285712,0.5,0.875,1,1.08803451,0.056410253,0.00805860758,0,0,15.9304171,-4.68047476,8.50226688,8.41163921,0,13.3309927,-4.68047476,6.79902792,0,,,,50
57286843,0.5,0.888888896,1,1.08803451,0.0644688606,0.00805860758,0,0,15.9304171,-4.92568111,8.50829506,8.4074173,0,13.3309927,-4.92568111,6.71099377,0,,,,50
57287969,0.5,0.818181813,1,1.10322762,0.0725274682,0.0161172152,0,0,15.9304171,-4.92568111,8.48418331,8.40319443,0,13.3309927,-4.92568111,6.71099377,0,,,,50
57289100,0.5,0.75,1,1.10322762,0.0483516455,0.0161172152,0,0,15.9304171,-5.16554165,8.5444622,8.40108299,0,13.3166971,-5.16554165,6.60776615,0,,,,50
57290227,0.5,1,1,1.10322762,0.0241758227,0,0,0,15.9349623,-5.16554165,8.59569836,8.42853069,0,13.3238449,-5.16554165,6.60776615,0,,,,50
57291357,0.5,0,1,1.10322762,0,0,0,0,15.9349623,-5.43861246,8.60172653,8.43697548,0,13.3309927,-5.43861246,6.50453854,0,,,,50
57292483,0.5,0,1,1.10322762,0,0,0,0,15.9485979,-5.43861246,8.60474014,8.43486404,0,13.3381405,-5.43861246,6.50453854,0,,,,50
57293619,0.5,0,1,1.10322762,0,0,0,0,15.9349623,-5.7372508,8.59569836,8.43064213,0,13.3381405,-5.7372508,6.40131092,0,,,,50
57294745,0.5,0,1,1.10322762,0,0,0,0,15.9395075,-5.7372508,8.58967113,8.43064213,0,13.3238449,-5.7372508,6.40131092,0,,,,50
57295875,0.5,1,1,1.10322762,0.0402930379,0,0,0,15.9395075,-6.03918839,8.49623966,8.41797352,0,13.3309927,-6.03918839,6.29808331,0,,,,50
57297002,0.5,1,1,1.10322762,0.0241758227,0,0,0,15.9349623,-6.03918839,8.52637863,8.42853069,0,13.3238449,-6.03918839,6.29808331,0,,,,50
57298133,0.5,1,1,1.10322762,0.0241758227,0,0,0,15.9349623,-6.33149529,8.55048943,8.42430782,0,13.3238449,-6.33149529,6.19485569,0,,,,50
57299259,0.5,1,1,1.10322762,0.0402930379,0,0,0,15.9349623,-6.33149529,8.52939224,8.42430782,0,13.3309927,-6.33149529,6.19485569,0,,,,50
57300390,0.5,1,1,1.10322762,0.0483516455,0,0,0,15.9349623,-6.6073103,8.52637863,8.42219639,0,13.3309927,-6.6073103,6.09162807,0,,,,50
57301521,0.5,1,1,1.10322762,0.0241758227,0,0,0,15.9349623,-6.6073103,8.55350399,8.43064213,0,13.3309927,-6.6073103,6.09162807,0,,,,50
57302856,0.5,1,1,1.10322762,0.0161172152,0,0,0,15.9349623,-6.86370134,8.57761478,8.42430782,0,13.3309927,-6.86370134,5.98840094,0,,,,50
57303982,0.5,1,1,1.10322762,0.0241758227,0,0,0,15.9349623,-6.86370134,8.55953121,8.43064213,0,13.3309927,-6.86370134,5.98840094,0,,,,50
57305113,0.5,1,1,1.10322762,0.0161172152,0,0,0,15.9349623,-7.10019398,8.568573,8.43064213,0,13.3309927,-7.10019398,5.88517332,0,,,,50
57306239,0.5,1,1,1.10322762,0.0161172152,0,0,0,15.9395075,-7.10019398,8.54747581,8.43064213,0,13.3309927,-7.10019398,5.88517332,0,,,,50
57307370,0.5,1,1,1.00575304,0.0241758227,0,0,0,15.9349623,-7.13683176,8.55953121,8.43064213,0,13.3309927,-7.13683176,5.87942028,0,,,,50
57308497,0.5,1,1,1.00575304,0.0402930379,0,0,0,15.9349623,-7.13683176,8.53240585,8.42853069,0,13.3309927,-7.13683176,5.87942028,0,,,,50
57309632,0.5,1,1,1.00575304,0.0241758227,0,0,0,15.9349623,-6.7748332,8.568573,8.42219639,0,13.3238449,-6.7748332,5.87366724,0,,,,50
57310759,0.5,1,1,1.00575304,0.0241758227,0,0,0,15.9349623,-6.7748332,8.53240585,8.42853069,0,13.3238449,-6.7748332,5.87366724,0,,,,50
57311889,0.5,1,1,0.957825661,0.0161172152,0,0,0,15.9349623,-6.01414871,8.57158756,8.42853069,0,13.3309927,-6.01414871,5.91584158,0,,,,50
57313016,0.5,1,1,0.957825661,0.0241758227,0,0,0,15.9349623,-6.01414871,8.55953121,8.42641926,0,13.3166971,-6.01414871,5.91584158,0,,,,50
57314146,0.5,0,1,0.957825661,0,0,0,0,15.9349623,-4.9313345,8.568573,8.42853069,0,13.3309927,-4.9313345,5.95801592,0,,,,50
57315273,0.5,1,1,0.957825661,0.0161172152,0,0,0,15.9349623,-4.9313345,8.53843403,8.42853069,0,13.3309927,-4.9313345,5.95801592,0,,,,50
57316408,0.5,1,1,0.957825661,0.00805860758,0,0,0,15.9349623,-3.677876,8.568573,8.43064213,0,13.3309927,-3.677876,6.00019026,0,,,,50
57317535,0.5,1,1,0.957825661,0.00805860758,0,0,0,15.9349623,-3.677876,8.57460117,8.42853069,0,13.3309927,-3.677876,6.00019026,0,,,,50
57318666,0.5,0,1,0.957825661,0,0,0,0,15.9349623,-2.40330362,8.58062935,8.42853069,0,13.3309927,-2.40330362,6.0423646,0,,,,50
57319792,0.5,0,1,0.957825661,0,0,0,0,15.9349623,-2.40330362,8.58364296,8.42853069,0,13.3309927,-2.40330362,6.0423646,0,,,,50
57320922,0.5,0,1,0.957825661,0,0,0,0,15.9304171,-1.19493973,8.58062935,8.43064213,0,13.3309927,-1.19493973,6.08453894,0,,,,50
57322049,0.5,1,1,0.957825661,0.00805860758,0,0,0,15.9304171,-1.19493973,8.55350399,8.42853069,0,13.3166971,-1.19493973,6.08453894,0,,,,50
57323386,0.5,0,1,0.957825661,0,0,0,0,15.9349623,-0.0990437865,8.55953121,8.42853069,0,13.3309927,-0.0990437865,6.12671328,0,,,,50
57324517,0.5,1,1,0.942440689,0.00805860758,0,0,0,15.9349623,-0.0990437865,8.58364296,8.42853069,0,13.3309927,-0.0990437865,6.12671328,0,,,,50
57325648,0.5,1,1,0.942440689,0.00805860758,0,0,0,15.9304171,0.893336833,8.5444622,8.42641926,0,13.3309927,0.893336833,6.18427277,0,,,,50
57326774,0.5,1,1,0.942440689,0.00805860758,0,0,0,15.9349623,0.893336833,8.5565176,8.42430782,0,13.3238449,0.893336833,6.18427277,0,,,,50
57327905,0.5,1,1,0.942440689,0.0402930379,0,0,0,15.9304171,1.81092572,8.4932251,8.42853069,0,13.3309927,1.81092572,6.24183226,0,,,,50
57329031,0.5,1,1,0.912480891,0.056410253,0,0,0,15.9349623,1.81092572,8.50829506,8.42219639,0,13.3238449,1.81092572,6.24183226,0,,,,50
57330162,0.5,1,1,0.912480891,0.0725274682,0,0,0,15.9304171,2.70254922,8.47514153,8.42008495,0,13.3238449,2.70254922,6.32935095,0,,,,50
57331288,0.5,1,1,0.912480891,0.056410253,0,0,0,15.9349623,2.70254922,8.4691143,8.42219639,0,13.3238449,2.70254922,6.32935095,0,,,,50
57332424,0.5,0.909090936,1,0.893177271,0.0805860758,0.00805860758,0,0,15.9304171,3.65054941,8.51432323,8.41163921,0,13.3238449,3.65054941,6.43617392,0,,,,50
57333551,0.5,0.785714269,1,0.893177271,0.0886446834,0.0241758227,0,0,15.9349623,3.65054941,8.51733685,8.39052582,0,13.3238449,3.65054941,6.43617392,0,,,,50
57334681,0.5,0.733333349,1,0.893177271,0.0886446834,0.0322344303,0,0,15.9349623,4.66555691,8.49925327,8.39263725,0,13.3238449,4.66555691,6.54299641,0,,,,50
57335808,0.5,0.733333349,1,0.893177271,0.0886446834,0.0322344303,0,0,15.9304171,4.66555691,8.51432323,8.39052582,0,13.3166971,4.66555691,6.54299641,0,,,,50
57336938,0.5,0.666666687,1,0.893177271,0.128937721,0.0644688606,0,0,15.9349623,5.68216467,8.45705795,8.37152386,0,13.3166971,5.68216467,6.6498189,0,,,,50
57338065,0.5,0.720000029,1,0.864252746,0.145054936,0.056410253,0,0,15.9258718,5.68216467,8.45404434,8.38208103,0,13.3095493,5.68216467,6.6498189,0,,,,50
57339195,0.5,0.680000007,1,0.864252746,0.136996329,0.0644688606,0,0,15.9304171,6.69587564,8.43897438,8.37574673,0,13.3238449,6.69587564,6.78556633,0,,,,50
57340327,0.5,0.714285731,1,0.864252746,0.241758227,0.0967032909,0,0,15.9304171,6.69587564,8.36362648,8.35463333,0,13.3238449,6.69587564,6.78556633,0,,,,50
57341458,0.5,0.575757563,1,0.864252746,0.153113544,0.112820506,0,0,15.9258718,7.73639822,8.40883541,8.29973793,0,13.3309927,7.73639822,6.92131329,0,,,,50
57342584,0.5,0.545454562,1,0.867541373,0.193406582,0.161172152,0,0,15.9167824,7.73639822,8.4058218,8.32929707,0,13.3238449,7.73639822,6.92131329,0,,,,50
57343919,0.5,0.576923072,1,0.867541373,0.241758227,0.177289367,0,0,15.9213276,8.76015186,8.37266827,8.32296276,0,13.3166971,8.76015186,7.05377197,0,,,,50
57345045,0.5,0.568627477,1,0.867541373,0.23369962,0.177289367,0,0,15.9122372,8.76015186,8.39075184,8.31873989,0,13.3024006,8.76015186,7.05377197,0,,,,50
57346176,0.5,0.529411793,1,0.867541373,0.290109873,0.257875443,0,0,15.907692,9.70850563,8.3304739,8.29129219,0,13.3095493,9.70850563,7.18623018,0,,,,50
57347308,0.5,0.552238822,1,0.861546636,0.29816848,0.241758227,0,0,15.907692,9.70850563,8.34855747,8.29129219,0,13.3095493,9.70850563,7.18623018,0,,,,50
57348438,0.5,0.569999993,1,0.861546636,0.459340632,0.346520126,0,0,15.8849669,10.5698156,8.27019501,8.22584057,0,13.3024006,10.5698156,7.32468367,0,,,,50
57349565,0.5,0.54285717,1,0.861546636,0.459340632,0.386813164,0,0,15.8804216,10.5698156,8.22197247,8.21528339,0,13.2952528,10.5698156,7.32468367,0,,,,50
57350696,0.5,0.519083917,1,0.861546636,0.547985315,0.507692277,0,0,15.866787,11.3530378,8.1164856,8.15827656,0,13.288105,11.3530378,7.46313667,0,,,,50
57351822,0.5,0.552000046,1,0.854900956,0.556043923,0.451282024,0,0,15.8713312,11.3530378,8.15867996,8.17727947,0,13.2952528,11.3530378,7.46313667,0,,,,50
57352953,0.5,0.5390625,1,0.854900956,0.556043923,0.475457847,0,0,15.8713312,12,8.16169453,8.1730566,0,13.2952528,12.0696411,7.57071829,0,,,,50
57354079,0.5,0.533333361,1,0.854900956,0.451282024,0.394871771,0,0,15.8940573,12,8.21594429,8.23217392,0,13.2809572,12.0696411,7.57071829,0,,,,50
57355214,0.5,0.469879508,1,0.854900956,0.314285696,0.354578733,0,0,15.8849669,12,8.32745934,8.24061966,0,13.3095493,12.5149527,7.43839979,0,,,,50
57356341,0.5,0.472527474,1,0.880269706,0.346520126,0.386813164,0,0,15.8940573,12,8.28526497,8.23850822,0,13.3024006,12.5149527,7.43839979,0,,,,50
57357472,0.5,0.51111114,1,0.880269706,0.370695949,0.354578733,0,0,15.8849669,11.358964,8.38773823,8.24695396,0,13.3024006,11.358964,7.55812979,0,,,,50
57358598,0.5,0.536842108,1,0.880269706,0.410988986,0.354578733,0,0,15.8940573,11.358964,8.32143211,8.24061966,0,13.3024006,11.358964,7.55812979,0,,,,50
57359729,0.5,0.465116292,1,0.906777918,0.322344303,0.370695949,0,0,15.8940573,10.8219824,8.29430676,8.23850822,0,13.3024006,10.8219824,7.65135193,0,,,,50
57360855,0.5,0.539215684,1,0.906777918,0.443223417,0.378754556,0,0,15.8849669,10.8219824,8.21293068,8.22584057,0,13.3024006,10.8219824,7.65135193,0,,,,50
57361986,0.5,0.525773168,1,0.906777918,0.410988986,0.370695949,0,0,15.8895121,10.5782433,8.27019501,8.227952,0,13.3024006,10.5782433,7.74457359,0,,,,50
57363117,0.5,0.521739125,1,0.906777918,0.386813164,0.354578733,0,0,15.8895121,10.5782433,8.26416779,8.24061966,0,13.3024006,10.5782433,7.74457359,0,,,,50
57364248,0.5,0.547368407,1,0.906777918,0.419047594,0.346520126,0,0,15.8895121,10.4954062,8.23704243,8.23850822,0,13.3095493,10.4954062,7.83779573,0,,,,50
57365579,0.5,0.560975611,1,0.923676908,0.370695949,0.290109873,0,0,15.8940573,10.4954062,8.32143211,8.27017879,0,13.3024006,10.4954062,7.83779573,0,,,,50
57366709,0.5,0.530864179,1,0.923676908,0.346520126,0.306227088,0,0,15.8986015,10.4861498,8.28827858,8.27440166,0,13.3095493,10.4861498,7.91411877,0,,,,50
57367836,0.5,0.552941203,1,0.923676908,0.378754556,0.306227088,0,0,15.8895121,10.4861498,8.29430676,8.26173306,0,13.3024006,10.4861498,7.91411877,0,,,,50
57368967,0.5,0.54651165,1,0.942440689,0.378754556,0.314285696,0,0,15.8940573,10.4418459,8.255126,8.27229023,0,13.3095493,10.4418459,7.97167778,0,,,,50
57370093,0.5,0.556962013,1,0.942440689,0.354578733,0.282051265,0,0,15.8986015,10.4418459,8.29430676,8.27017879,0,13.3095493,10.4418459,7.97167778,0,,,,50
57371228,0.5,0.545454562,1,0.942440689,0.338461518,0.282051265,0,0,15.9031467,10.3121243,8.31239033,8.27229023,0,13.3095493,10.3121243,8.02923679,0,,,,50
57372355,0.5,0.548780501,1,0.942440689,0.362637341,0.29816848,0,0,15.8986015,10.3121243,8.28526497,8.27017879,0,13.3095493,10.3121243,8.02923679,0,,,,50
57373485,0.5,0.548780501,1,0.976939976,0.362637341,0.29816848,0,0,15.8986015,10.0616112,8.30636215,8.28284645,0,13.3095493,10.0616112,8.05229664,0,,,,50
57374612,0.5,0.533333361,1,0.976939976,0.322344303,0.282051265,0,0,15.9031467,10.0616112,8.30636215,8.27440166,0,13.3095493,10.0616112,8.05229664,0,,,,50
57375742,0.5,0.527027011,1,0.976939976,0.314285696,0.282051265,0,0,15.9031467,9.65932751,8.32143211,8.28706932,0,13.288105,9.65932751,8.07535648,0,,,,50
57376869,0.5,0.526315808,1,0.997455657,0.322344303,0.290109873,0,0,15.9031467,9.65932751,8.30033493,8.28495789,0,13.3095493,9.65932751,8.07535648,0,,,,50
57378005,0.5,0.54411763,1,0.997455657,0.29816848,0.249816835,0,0,15.907692,9.12187386,8.3304739,8.29551506,0,13.3166971,9.12187386,8.07790089,0,,,,50
57379131,0.5,0.55384618,1,0.997455657,0.290109873,0.23369962,0,0,15.9031467,9.12187386,8.35759926,8.30184937,0,13.3095493,9.12187386,8.07790089,0,,,,50
57380262,0.5,0.571428597,1,0.997455657,0.290109873,0.217582405,0,0,15.907692,8.481637,8.34554291,8.31451702,0,13.3166971,8.481637,8.08044529,0,,,,50
57381388,0.5,0.539682567,1,1.02737808,0.273992658,0.23369962,0,0,15.9122372,8.481637,8.33650112,8.31029415,0,13.3238449,8.481637,8.08044529,0,,,,50
57382520,0.5,0.559322059,1,1.02737808,0.26593405,0.209523797,0,0,15.9167824,7.74553967,8.39075184,8.32296276,0,13.3166971,7.74553967,8.05306721,0,,,,50
57383647,0.5,0.566037714,1,1.02737808,0.241758227,0.185347974,0,0,15.9167824,7.74553967,8.3937664,8.3250742,0,13.3166971,7.74553967,8.05306721,0,,,,50
57384778,0.5,0.571428597,1,1.02737808,0.225641012,0.169230759,0,0,15.9213276,6.91257048,8.38773823,8.32929707,0,13.3238449,6.91257048,8.02568913,0,,,,50
57386113,0.5,0.553191483,1,1.02737808,0.209523797,0.169230759,0,0,15.9213276,6.91257048,8.4178772,8.33774185,0,13.3238449,6.91257048,8.02568913,0,,,,50
57387244,0.5,0.558139563,1,1.02737808,0.193406582,0.153113544,0,0,15.9304171,6.04288864,8.46609974,8.37785816,0,13.3238449,6.04288864,7.99831104,0,,,,50
57388370,0.5,0.527777791,1,1.02737808,0.153113544,0.136996329,0,0,15.9304171,6.04288864,8.42390537,8.30607224,0,13.3238449,6.04288864,7.99831104,0,,,,50
57389501,0.5,0.617647052,1,1.02737808,0.169230759,0.104761899,0,0,15.9258718,5.20553589,8.30636215,8.37574673,0,13.3238449,5.20553589,7.97093296,0,,,,50
57390627,0.5,0.571428597,1,1.02737808,0.128937721,0.0967032909,0,0,15.9304171,5.20553589,8.31540394,8.37785816,0,13.3309927,5.20553589,7.97093296,0,,,,50
57391758,0.5,0.620689631,1,1.08803451,0.145054936,0.0886446834,0,0,15.9304171,4.32546329,8.42691898,8.39263725,0,13.3238449,4.32546329,7.88289833,0,,,,50
57392884,0.5,0.678571403,1,1.08803451,0.153113544,0.0725274682,0,0,15.9349623,4.32546329,8.49021149,8.39052582,0,13.3238449,4.32546329,7.88289833,0,,,,50
57394020,0.5,0.727272749,1,1.08803451,0.128937721,0.0483516455,0,0,15.9304171,3.29510689,8.4811697,8.41163921,0,13.3238449,3.29510689,7.7948637,0,,,,50
57395147,0.5,0.714285731,1,1.08803451,0.120879114,0.0483516455,0,0,15.9304171,3.29510689,8.47514153,8.39897156,0,13.3238449,3.29510689,7.7948637,0,,,,50
57396277,0.5,0.777777791,1,1.07920551,0.112820506,0.0322344303,0,0,15.9304171,2.18929458,8.50226688,8.41586208,0,13.3309927,2.18929458,7.71565819,0,,,,50
57397404,0.5,0.733333349,1,1.07920551,0.0886446834,0.0322344303,0,0,15.9304171,2.18929458,8.50226688,8.40530586,0,13.3238449,2.18929458,7.71565819,0,,,,50
57398535,0.5,0.714285731,1,1.07920551,0.0805860758,0.0322344303,0,0,15.9349623,1.13056278,8.50528145,8.41375065,0,13.3238449,1.13056278,7.63645267,0,,,,50
57399661,0.5,0.699999988,1,1.07818484,0.056410253,0.0241758227,0,0,15.9349623,1.13056278,8.49925327,8.40952778,0,13.3309927,1.13056278,7.63645267,0,,,,50
57400796,0.5,0.714285731,1,1.07818484,0.0402930379,0.0161172152,0,0,15.9349623,0.17183502,8.55350399,8.4074173,0,13.3309927,0.17183502,7.55826807,0,,,,50
57401923,0.5,0.714285731,1,1.07818484,0.0402930379,0.0161172152,0,0,15.9304171,0.17183502,8.54144764,8.41163921,0,13.3309927,0.17183502,7.55826807,0,,,,50
57403053,0.5,0.800000012,1,1.10246551,0.0322344303,0.00805860758,0,0,15.9349623,-0.716083884,8.54144764,8.43275356,0,13.3309927,-0.716083884,7.45580244,0,,,,50
57404180,0.5,1,1,1.10246551,0.0322344303,0,0,0,15.9349623,-0.716083884,8.52939224,8.43275356,0,13.3238449,-0.716083884,7.45580244,0,,,,50
57405310,0.5,1,1,1.10246551,0.0322344303,0,0,0,15.9349623,-1.58311355,8.52939224,8.42853069,0,13.3238449,-1.58311355,7.35333729,0,,,,50
57406437,0.5,1,1,1.09806597,0.0322344303,0,0,0,15.9349623,-1.58311355,8.55048943,8.43697548,0,13.3309927,-1.58311355,7.35333729,0,,,,50
57407772,0.5,1,1,1.09806597,0.0161172152,0,0,0,15.9349623,-2.407902,8.55953121,8.43697548,0,13.3309927,-2.407902,7.25527096,0,,,,50
57408903,0.5,1,1,1.09806597,0.00805860758,0,0,0,15.9349623,-2.407902,8.56254578,8.43697548,0,13.3309927,-2.407902,7.25527096,0,,,,50
57410034,0.5,1,1,1.06865478,0.0161172152,0,0,0,15.9349623,-3.09543228,8.57761478,8.43486404,0,13.3238449,-3.09543228,7.18661642,0,,,,50
57411161,0.5,1,1,1.06865478,0.0161172152,0,0,0,15.9349623,-3.09543228,8.51130867,8.43064213,0,13.3309927,-3.09543228,7.18661642,0,,,,50
57412291,0.5,1,1,1.06865478,0.0161172152,0,0,0,15.9349623,-3.57541251,8.52939224,8.43486404,0,13.3309927,-3.57541251,7.11796188,0,,,,50
57413418,0.5,1,1,1.06865478,0.0161172152,0,0,0,15.9349623,-3.57541251,8.52035046,8.43486404,0,13.3309927,-3.57541251,7.11796188,0,,,,50
57414549,0.5,1,1,1.06865478,0.0322344303,0,0,0,15.9349623,-3.87899542,8.5444622,8.43486404,0,13.3309927,-3.87899542,7.04930687,0,,,,50
57415676,0.5,1,1,1.06865478,0.0402930379,0,0,0,15.9304171,-3.87899542,8.55048943,8.43486404,0,13.3238449,-3.87899542,7.04930687,0,,,,50
57416811,0.5,1,1,1.06865478,0.0402930379,0,0,0,15.9349623,-4.06677294,8.5444622,8.42853069,0,13.3166971,-4.06677294,6.98065233,0,,,,50
57417938,0.5,1,1,1.07833052,0.056410253,0,0,0,15.9349623,-4.06677294,8.51130867,8.43275356,0,13.3309927,-4.06677294,6.98065233,0,,,,50
57419068,0.5,1,1,1.07833052,0.056410253,0,0,0,15.9304171,-4.19880009,8.51130867,8.42853069,0,13.3238449,-4.19880009,6.90232182,0,,,,50
57420195,0.5,1,1,1.07833052,0.0644688606,0,0,0,15.9349623,-4.19880009,8.50226688,8.42641926,0,13.3238449,-4.19880009,6.90232182,0,,,,50
57421325,0.5,1,1,1.05929184,0.0483516455,0,0,0,15.9349623,-4.28866005,8.51432323,8.42008495,0,13.3238449,-4.28866005,6.84302998,0,,,,50
57422452,0.5,1,1,1.05929184,0.0805860758,0,0,0,15.9395075,-4.28866005,8.44801617,8.41163921,0,13.3309927,-4.28866005,6.84302998,0,,,,50
57423583,0.5,1,1,1.05929184,0.0644688606,0,0,0,15.9304171,-4.30820608,8.50226688,8.41586208,0,13.3238449,-4.30820608,6.78373814,0,,,,50
57424714,0.5,1,1,1.05929184,0.0483516455,0,0,0,15.9349623,-4.30820608,8.52035046,8.41586208,0,13.3166971,-4.30820608,6.78373814,0,,,,50
57425845,0.5,1,1,1.0234251,0.0241758227,0,0,0,15.9395075,-4.20360947,8.52637863,8.42641926,0,13.3238449,-4.20360947,6.76031303,0,,,,50
57426971,0.5,0,1,1.0234251,0,0,0,0,15.9395075,-4.20360947,8.59569836,8.43275356,0,13.3309927,-4.20360947,6.76031303,0,,,,50
57428306,0.5,0,1,1.0234251,0,0,0,0,15.9349623,-3.93254352,8.568573,8.43486404,0,13.3309927,-3.93254352,6.73688793,0,,,,50
57429433,0.5,0,1,1.0234251,0,0,0,0,15.9349623,-3.93254352,8.54747581,8.43275356,0,13.3238449,-3.93254352,6.73688793,0,,,,50
57430563,0.5,0,1,1.0234251,0,0,0,0,15.9349623,-3.54661107,8.58364296,8.43064213,0,13.3238449,-3.54661107,6.71346331,0,,,,50
57431695,0.5,1,1,1.0234251,0.00805860758,0,0,0,15.9349623,-3.54661107,8.55953121,8.42853069,0,13.3381405,-3.54661107,6.71346331,0,,,,50
57432825,0.5,0,1,1.0234251,0,0,0,0,15.9349623,-3.12122178,8.57460117,8.42641926,0,13.3309927,-3.12122178,6.6900382,0,,,,50
57433951,0.5,1,1,1.0234251,0.00805860758,0,0,0,15.9395075,-3.12122178,8.58062935,8.43275356,0,13.3309927,-3.12122178,6.6900382,0,,,,50
57435082,0.5,0,1,1.0234251,0,0,0,0,15.9349623,-2.70210528,8.55953121,8.43064213,0,13.3166971,-2.70210528,6.6666131,0,,,,50
57436210,0.5,1,1,1.0234251,0.00805860758,0,0,0,15.9395075,-2.70210528,8.57761478,8.43275356,0,13.3309927,-2.70210528,6.6666131,0,,,,50
57437340,0.5,1,1,1.03189516,0.00805860758,0,0,0,15.9349623,-2.33099484,8.53542042,8.43064213,0,13.3309927,-2.33099484,6.63471794,0,,,,50
57438466,0.5,1,1,1.03189516,0.00805860758,0,0,0,15.9395075,-2.33099484,8.568573,8.43064213,0,13.3309927,-2.33099484,6.63471794,0,,,,50
57439602,0.5,1,1,1.03189516,0.00805860758,0,0,0,15.9349623,-2.03830671,8.568573,8.43064213,0,13.3309927,-2.03830671,6.60282278,0,,,,50
57440728,0.5,0,1,1.03189516,0,0,0,0,15.9395075,-2.03830671,8.57761478,8.42853069,0,13.3309927,-2.03830671,6.60282278,0,,,,50
57441859,0.5,0,1,0.998579085,0,0,0,0,15.9349623,-1.75928271,8.58967113,8.43064213,0,13.3309927,-1.75928271,6.60424376,0,,,,50
57442985,0.5,0,1,0.998579085,0,0,0,0,15.9304171,-1.75928271,8.57761478,8.43064213,0,13.3309927,-1.75928271,6.60424376,0,,,,50
57444116,0.5,0,1,0.998579085,0,0,0,0,15.9440527,-1.40983796,8.58665657,8.43064213,0,13.3238449,-1.40983796,6.60566473,0,,,,50
57445242,0.5,0,1,0.989171386,0,0,0,0,15.9395075,-1.40983796,8.58364296,8.43064213,0,13.3238449,-1.40983796,6.60566473,0,,,,50
57446373,0.5,0,1,0.989171386,0,0,0,0,15.9395075,-0.989455104,8.56555939,8.42853069,0,13.3309927,-0.989455104,6.61649323,0,,,,50
57447504,0.5,1,1,0.989171386,0.0161172152,0,0,0,15.9349623,-0.989455104,8.568573,8.42853069,0,13.3238449,-0.989455104,6.61649323,0,,,,50
57448839,0.5,1,1,0.989171386,0.00805860758,0,0,0,15.9349623,-0.527532995,8.57158756,8.42853069,0,13.3309927,-0.527532995,6.62732172,0,,,,50
57449965,0.5,1,1,0.980300486,0.0161172152,0,0,0,15.9349623,-0.527532995,8.54747581,8.42853069,0,13.3309927,-0.527532995,6.62732172,0,,,,50
57451096,0.5,1,1,0.980300486,0.0161172152,0,0,0,15.9304171,-0.0441006497,8.55048943,8.42853069,0,13.3095493,-0.0441006497,6.64702129,0,,,,50
57452223,0.5,1,1,0.980300486,0.0161172152,0,0,0,15.9395075,-0.0441006497,8.55048943,8.43064213,0,13.3166971,-0.0441006497,6.64702129,0,,,,50
57453353,0.5,1,1,0.980300486,0.0322344303,0,0,0,15.9395075,0.447669864,8.5444622,8.43064213,0,13.3309927,0.447669864,6.66672087,0,,,,50
57454480,0.5,1,1,0.980300486,0.0161172152,0,0,0,15.9349623,0.447669864,8.55953121,8.42853069,0,13.3238449,0.447669864,6.66672087,0,,,,50
57455615,0.5,1,1,0.980300486,0.0322344303,0,0,0,15.9349623,0.923490286,8.48719788,8.42641926,0,13.3309927,0.923490286,6.68642044,0,,,,50
57456741,0.5,1,1,0.980300486,0.0483516455,0,0,0,15.9304171,0.923490286,8.50226688,8.42853069,0,13.3238449,0.923490286,6.68642044,0,,,,50
57457872,0.5,1,1,0.980300486,0.0644688606,0,0,0,15.9349623,1.36087358,8.41486359,8.42853069,0,13.3309927,1.36087358,6.70612001,0,,,,50
57458998,0.5,1,1,0.980300486,0.056410253,0,0,0,15.9349623,1.36087358,8.51432323,8.43064213,0,13.3309927,1.36087358,6.70612001,0,,,,50
57460129,0.5,1,1,0.980300486,0.056410253,0,0,0,15.9304171,1.74936259,8.51130867,8.42853069,0,13.3309927,1.74936259,6.72581911,0,,,,50
57461256,0.5,1,1,0.957595706,0.056410253,0,0,0,15.9304171,1.74936259,8.59871292,8.40952778,0,13.3238449,1.74936259,6.72581911,0,,,,50
57462391,0.5,1,1,0.957595706,0.0725274682,0,0,0,15.9349623,2.12818289,8.58665657,8.41586208,0,13.3309927,2.12818289,6.76822376,0,,,,50
57463518,0.5,1,1,0.957595706,0.056410253,0,0,0,15.9304171,2.12818289,8.49021149,8.41163921,0,13.3238449,2.12818289,6.76822376,0,,,,50
57464648,0.5,0.875,1,0.957595706,0.056410253,0.00805860758,0,0,15.9304171,2.54566288,8.52035046,8.42219639,0,13.3309927,2.54566288,6.81062794,0,,,,50
57465775,0.5,0.800000012,1,0.957595706,0.0644688606,0.0161172152,0,0,15.9304171,2.54566288,8.51130867,8.41163921,0,13.3238449,2.54566288,6.81062794,0,,,,50
57466906,0.5,0.777777791,1,0.957595706,0.056410253,0.0161172152,0,0,15.9304171,2.98571944,8.45103073,8.40319443,0,13.3309927,2.98571944,6.85303211,0,,,,50
57468032,0.5,0.75,1,0.957595706,0.0725274682,0.0241758227,0,0,15.9304171,2.98571944,8.51432323,8.39686012,0,13.3024006,2.98571944,6.85303211,0,,,,50
57469163,0.5,0.692307711,1,0.957595706,0.0725274682,0.0322344303,0,0,15.9304171,3.41339111,8.49021149,8.39686012,0,13.3024006,3.41339111,6.89543629,0,,,,50
57470498,0.5,0.777777791,1,0.957595706,0.112820506,0.0322344303,0,0,15.9304171,3.41339111,8.50226688,8.38841438,0,13.3238449,3.41339111,6.89543629,0,,,,50
57471629,0.5,0.789473712,1,0.957595706,0.120879114,0.0322344303,0,0,15.9304171,3.8095026,8.49623966,8.39052582,0,13.3238449,3.8095026,6.93784046,0,,,,50
57472756,0.5,0.857142866,1,0.957595706,0.145054936,0.0241758227,0,0,15.9258718,3.8095026,8.40883541,8.40108299,0,13.3238449,3.8095026,6.93784046,0,,,,50
57473887,0.5,0.761904776,1,0.957595706,0.128937721,0.0402930379,0,0,15.9304171,4.16500139,8.44801617,8.37785816,0,13.3095493,4.16500139,6.98024464,0,,,,50
57475014,0.5,0.666666687,1,0.957595706,0.128937721,0.0644688606,0,0,15.9304171,4.16500139,8.4691143,8.38841438,0,13.3309927,4.16500139,6.98024464,0,,,,50
57476144,0.5,0.720000029,1,0.957595706,0.145054936,0.056410253,0,0,15.9304171,4.4772377,8.47514153,8.3799696,0,13.3238449,4.4772377,7.02264881,0,,,,50
57477271,0.5,0.724137902,1,0.957595706,0.169230759,0.0644688606,0,0,15.9213276,4.4772377,8.43294716,8.37363529,0,13.3238449,4.4772377,7.02264881,0,,,,50
57478406,0.5,0.692307711,1,0.949957848,0.145054936,0.0644688606,0,0,15.9258718,4.76161098,8.4691143,8.38841438,0,13.3238449,4.76161098,7.07269096,0,,,,50
57479533,0.5,0.615384638,1,0.949957848,0.193406582,0.120879114,0,0,15.9213276,4.76161098,8.3937664,8.30818272,0,13.3238449,4.76161098,7.07269096,0,,,,50
57480663,0.5,0.5625,1,0.949957848,0.145054936,0.112820506,0,0,15.9258718,5.03722095,8.24909782,8.35674477,0,13.3238449,5.03722095,7.12273312,0,,,,50
57481790,0.5,0.605263174,1,0.949957848,0.185347974,0.120879114,0,0,15.9213276,5.03722095,8.3937664,8.35463333,0,13.3238449,5.03722095,7.12273312,0,,,,50
57482921,0.5,0.581395328,1,0.953704476,0.201465189,0.145054936,0,0,15.9213276,5.29473352,8.45103073,8.32929707,0,13.3238449,5.29473352,7.16902876,0,,,,50
57484048,0.5,0.574999988,1,0.953704476,0.185347974,0.136996329,0,0,15.9258718,5.29473352,8.4178772,8.34407616,0,13.3095493,5.29473352,7.16902876,0,,,,50
57485178,0.5,0.682926834,1,0.953704476,0.225641012,0.104761899,0,0,15.9258718,5.51762581,8.60474014,8.35041046,0,13.3238449,5.51762581,7.21532393,0,,,,50
57486310,0.5,0.545454562,1,0.953704476,0.145054936,0.120879114,0,0,15.9258718,5.51762581,8.51733685,8.36307812,0,13.3238449,5.51762581,7.21532393,0,,,,50
57487440,0.5,0.592592597,1,0.953704476,0.128937721,0.0886446834,0,0,15.9258718,5.70549345,8.46308613,8.36518955,0,13.3238449,5.70549345,7.26161957,0,,,,50
57488567,0.5,0.620689631,1,0.953704476,0.145054936,0.0886446834,0,0,15.9304171,5.70549345,8.45404434,8.37152386,0,13.3238449,5.70549345,7.26161957,0,,,,50
57489697,0.5,0.642857134,1,0.953704476,0.145054936,0.0805860758,0,0,15.9349623,5.86434126,8.39075184,8.37152386,0,13.3238449,5.86434126,7.30791521,0,,,,50
57491028,0.5,0.64864862,1,0.953704476,0.193406582,0.104761899,0,0,15.9258718,5.86434126,8.42993259,8.36096668,0,13.3238449,5.86434126,7.30791521,0,,,,50
57492158,0.5,0.636363626,1,0.953704476,0.169230759,0.0967032909,0,0,15.9258718,5.99944639,8.46308613,8.36518955,0,13.3238449,5.99944639,7.35421038,0,,,,50
57493290,0.5,0.600000024,1,0.953704476,0.169230759,0.112820506,0,0,15.9258718,5.99944639,8.39075184,8.30607224,0,13.3309927,5.99944639,7.35421038,0,,,,50
57494420,0.5,0.581395328,1,0.953704476,0.201465189,0.145054936,0,0,15.9258718,6.11536884,8.43596077,8.34829903,0,13.3238449,6.11536884,7.40050602,0,,,,50
57495547,0.5,0.600000024,1,0.927865684,0.193406582,0.128937721,0,0,15.9258718,6.11536884,8.3937664,8.37152386,0,13.3238449,6.11536884,7.40050602,0,,,,50
57496677,0.5,0.577777803,1,0.927865684,0.209523797,0.153113544,0,0,15.9258718,6.26392889,8.43294716,8.37363529,0,13.3238449,6.26392889,7.47264004,0,,,,50
57497804,0.5,0.617647052,1,0.927865684,0.169230759,0.104761899,0,0,15.9258718,6.26392889,8.42691898,8.3039608,0,13.3238449,6.26392889,7.47264004,0,,,,50
57498934,0.5,0.567567587,1,0.927865684,0.169230759,0.128937721,0,0,15.9258718,6.50149202,8.43294716,8.38630295,0,13.3238449,6.50149202,7.54477453,0,,,,50
57500061,0.5,0.600000024,1,0.939555585,0.193406582,0.128937721,0,0,15.9304171,6.50149202,8.42089176,8.38630295,0,13.3024006,6.50149202,7.54477453,0,,,,50
57501196,0.5,0.636363626,1,0.939555585,0.225641012,0.128937721,0,0,15.9258718,6.78597116,8.49021149,8.36307812,0,13.3238449,6.78597116,7.60521889,0,,,,50
57502322,0.5,0.589743614,1,0.939555585,0.185347974,0.128937721,0,0,15.9304171,6.78597116,8.42390537,8.3525219,0,13.3238449,6.78597116,7.60521889,0,,,,50
57503453,0.5,0.583333313,1,0.939555585,0.169230759,0.120879114,0,0,15.9349623,7.04957485,8.43294716,8.35463333,0,13.3238449,7.04957485,7.66566324,0,,,,50
57504580,0.5,0.560975611,1,0.949957848,0.185347974,0.145054936,0,0,15.9304171,7.04957485,8.39979362,8.36096668,0,13.3238449,7.04957485,7.66566324,0,,,,50
57505710,0.5,0.552631557,1,0.949957848,0.169230759,0.136996329,0,0,15.9258718,7.25680447,8.43294716,8.38208103,0,13.3238449,7.25680447,7.71570539,0,,,,50
57506837,0.5,0.540540516,1,0.949957848,0.161172152,0.136996329,0,0,15.9304171,7.25680447,8.4178772,8.30607224,0,13.3166971,7.25680447,7.71570539,0,,,,50
57507967,0.5,0.578947365,1,0.949957848,0.177289367,0.128937721,0,0,15.9258718,7.39174747,8.44198895,8.35041046,0,13.3238449,7.39174747,7.76574707,0,,,,50
57509099,0.5,0.521739125,1,0.964424133,0.193406582,0.177289367,0,0,15.9258718,7.39174747,8.40883541,8.33351898,0,13.3238449,7.39174747,7.76574707,0,,,,50
57510229,0.5,0.581395328,1,0.964424133,0.201465189,0.145054936,0,0,15.9213276,7.44186211,8.42390537,8.35674477,0,13.3095493,7.44186211,7.80132294,0,,,,50
57511356,0.5,0.615384638,1,0.964424133,0.193406582,0.120879114,0,0,15.9213276,7.44186211,8.46308613,8.36730099,0,13.3166971,7.44186211,7.80132294,0,,,,50
57512691,0.5,0.600000024,1,0.964424133,0.193406582,0.128937721,0,0,15.9258718,7.40043259,8.43596077,8.35885525,0,13.3238449,7.40043259,7.8368988,0,,,,50
57513818,0.5,0.581395328,1,0.964424133,0.201465189,0.145054936,0,0,15.9258718,7.40043259,8.42089176,8.35674477,0,13.3238449,7.40043259,7.8368988,0,,,,50
57514948,0.5,0.568181813,1,0.964424133,0.201465189,0.153113544,0,0,15.9258718,7.29577923,8.40280819,8.3314085,0,13.3238449,7.29577923,7.87247467,0,,,,50
57516075,0.5,0.547619045,1,0.964424133,0.185347974,0.153113544,0,0,15.9304171,7.29577923,8.44198895,8.34618759,0,13.3024006,7.29577923,7.87247467,0,,,,50
57517210,0.5,0.568181813,1,0.964424133,0.201465189,0.153113544,0,0,15.9304171,7.16373348,8.47212791,8.39897156,0,13.3166971,7.16373348,7.90805054,0,,,,50
57518336,0.5,0.621621609,1,0.964424133,0.185347974,0.112820506,0,0,15.9258718,7.16373348,8.42993259,8.3525219,0,13.3095493,7.16373348,7.90805054,0,,,,50
57519467,0.5,0.604651153,1,0.964424133,0.209523797,0.136996329,0,0,15.9258718,7.02660656,8.45404434,8.33563042,0,13.3309927,7.02660656,7.9436264,0,,,,50
57520593,0.5,0.591836751,1,0.964424133,0.23369962,0.161172152,0,0,15.9213276,7.02660656,8.40883541,8.34407616,0,13.3238449,7.02660656,7.9436264,0,,,,50
57521724,0.5,0.560975611,1,0.964424133,0.185347974,0.145054936,0,0,15.9258718,6.89761114,8.42993259,8.35041046,0,13.3166971,6.89761114,7.97920179,0,,,,50
57522852,0.5,0.489361703,1,0.964424133,0.185347974,0.193406582,0,0,15.9258718,6.89761114,8.4058218,8.36307812,0,13.3238449,6.89761114,7.97920179,0,,,,50
57523988,0.5,0.571428597,1,0.964424133,0.161172152,0.120879114,0,0,15.9258718,6.78387165,8.46007252,8.35885525,0,13.3166971,6.78387165,8.01477814,0,,,,50
57525114,0.5,0.51219511,1,0.964424133,0.169230759,0.161172152,0,0,15.9258718,6.78387165,8.39678001,8.33351898,0,13.3238449,6.78387165,8.01477814,0,,,,50
57526245,0.5,0.558139563,1,0.964424133,0.193406582,0.153113544,0,0,15.9258718,6.68853664,8.40883541,8.32718563,0,13.3166971,6.68853664,8.050354,0,,,,50
57527371,0.5,0.625,1,0.964424133,0.201465189,0.120879114,0,0,15.9258718,6.68853664,8.44198895,8.31240559,0,13.3238449,6.68853664,8.050354,0,,,,50
57528502,0.5,0.53125,1,1.00575304,0.136996329,0.120879114,0,0,15.9304171,6.53553247,8.51130867,8.37152386,0,13.3309927,6.53553247,8.04460049,0,,,,50
57529628,0.5,0.533333361,1,1.00575304,0.193406582,0.169230759,0,0,15.9304171,6.53553247,8.45103073,8.30818272,0,13.3238449,6.53553247,8.04460049,0,,,,50
57530759,0.5,0.48888889,1,1.00575304,0.177289367,0.185347974,0,0,15.9258718,6.23898268,8.43897438,8.36941242,0,13.3238449,6.23898268,8.03884697,0,,,,50
57531890,0.5,0.5625,1,1.00575304,0.145054936,0.112820506,0,0,15.9258718,6.23898268,8.35157108,8.37363529,0,13.3309927,6.23898268,8.03884697,0,,,,50
57533225,0.5,0.518518507,1,1.00600672,0.112820506,0.104761899,0,0,15.9395075,5.83356905,8.59871292,8.35674477,0,13.3238449,5.83356905,8.03284073,0,,,,50
57534351,0.5,0.5,1,1.00600672,0.112820506,0.112820506,0,0,15.9304171,5.83356905,8.24306965,8.36730099,0,13.3166971,5.83356905,8.03284073,0,,,,50
57535482,0.5,0.674418628,1,1.00600672,0.23369962,0.112820506,0,0,15.9304171,5.39009905,8.50528145,8.36730099,0,13.3238449,5.39009905,8.02683353,0,,,,50
57536608,0.5,0.676470578,1,1.00587988,0.185347974,0.0886446834,0,0,15.9349623,5.39009905,8.32745934,8.38208103,0,13.3309927,5.39009905,8.02683353,0,,,,50
57537739,0.5,0.629629612,1,1.00587988,0.136996329,0.0805860758,0,0,15.9304171,4.95218897,8.47212791,8.38630295,0,13.3309927,4.95218897,8.02095413,0,,,,50
57538866,0.5,0.653846145,1,1.00587988,0.136996329,0.0725274682,0,0,15.9304171,4.95218897,8.42691898,8.38419151,0,13.3238449,4.95218897,8.02095413,0,,,,50
57540002,0.5,0.689655185,1,1.00587988,0.161172152,0.0725274682,0,0,15.9349623,4.54507685,8.44500256,8.39263725,0,13.3238449,4.54507685,8.01507378,0,,,,50
57541128,0.5,0.740740716,1,1.01924193,0.161172152,0.056410253,0,0,15.9304171,4.54507685,8.47815609,8.38419151,0,13.3238449,4.54507685,8.01507378,0,,,,50
57542259,0.5,0.695652187,1,1.01924193,0.128937721,0.056410253,0,0,15.9258718,4.15636444,8.44500256,8.39686012,0,13.3166971,4.15636444,7.99583197,0,,,,50
57543385,0.5,0.782608688,1,1.01924193,0.145054936,0.0402930379,0,0,15.9304171,4.15636444,8.4691143,8.40319443,0,13.3238449,4.15636444,7.99583197,0,,,,50
57544516,0.5,0.695652187,1,1.04077804,0.128937721,0.056410253,0,0,15.9304171,3.72287703,8.49623966,8.41586208,0,13.3309927,3.72287703,7.95505381,0,,,,50
57545643,0.5,0.727272749,1,1.04077804,0.128937721,0.0483516455,0,0,15.9304171,3.72287703,8.44500256,8.39263725,0,13.3309927,3.72287703,7.95505381,0,,,,50
57546778,0.5,0.736842096,1,1.04077804,0.112820506,0.0402930379,0,0,15.9349623,3.2116642,8.45103073,8.40530586,0,13.3238449,3.2116642,7.91427612,0,,,,50
57547905,0.5,0.789473712,1,1.04077804,0.120879114,0.0322344303,0,0,15.9349623,3.2116642,8.47212791,8.40319443,0,13.3238449,3.2116642,7.91427612,0,,,,50
57549035,0.5,0.764705896,1,1.01781189,0.104761899,0.0322344303,0,0,15.9304171,2.70494342,8.48418331,8.4074173,0,13.3166971,2.70494342,7.89646387,0,,,,50
57550162,0.5,0.75,1,1.01781189,0.0967032909,0.0322344303,0,0,15.9304171,2.70494342,8.53843403,8.39897156,0,13.3309927,2.70494342,7.89646387,0,,,,50
57551294,0.5,0.785714269,1,1.01781189,0.0886446834,0.0241758227,0,0,15.9304171,2.29811645,8.48719788,8.40108299,0,13.3309927,2.29811645,7.8786521,0,,,,50
57552420,0.5,0.769230783,1,1.00575304,0.0805860758,0.0241758227,0,0,15.9258718,2.29811645,8.51733685,8.38841438,0,13.3309927,2.29811645,7.8786521,0,,,,50
57553551,0.5,0.75,1,1.00575304,0.0725274682,0.0241758227,0,0,15.9349623,2.02006936,8.47212791,8.42219639,0,13.3238449,2.02006936,7.87289906,0,,,,50
57554886,0.5,0.699999988,1,1.00575304,0.056410253,0.0241758227,0,0,15.9304171,2.02006936,8.59268475,8.40108299,0,13.3238449,2.02006936,7.87289906,0,,,,50
57556017,0.5,0.75,1,1.00575304,0.0725274682,0.0241758227,0,0,15.9304171,1.86806428,8.46007252,8.39897156,0,13.3238449,1.86806428,7.86714602,0,,,,50
57557144,0.5,0.777777791,1,1.01123369,0.056410253,0.0161172152,0,0,15.9349623,1.86806428,8.51432323,8.41797352,0,13.3238449,1.86806428,7.86714602,0,,,,50
57558274,0.5,0.777777791,1,1.01123369,0.056410253,0.0161172152,0,0,15.9304171,1.80048776,8.52336502,8.41163921,0,13.3309927,1.80048776,7.85591221,0,,,,50
57559401,0.5,0.75,1,1.01123369,0.0483516455,0.0161172152,0,0,15.9349623,1.80048776,8.52035046,8.40952778,0,13.3238449,1.80048776,7.85591221,0,,,,50
57560532,0.5,0.777777791,1,1.01418972,0.056410253,0.0161172152,0,0,15.9349623,1.76352096,8.51130867,8.41586208,0,13.3238449,1.76352096,7.84172249,0,,,,50
57561658,0.5,0.75,1,1.01418972,0.0483516455,0.0161172152,0,0,15.9349623,1.76352096,8.52035046,8.40319443,0,13.3238449,1.76352096,7.84172249,0,,,,50
57562794,0.5,0.777777791,1,1.01418972,0.056410253,0.0161172152,0,0,15.9258718,1.73098886,8.53843403,8.40319443,0,13.3238449,1.73098886,7.82753277,0,,,,50
57563920,0.5,0.625,1,1.02185237,0.0402930379,0.0241758227,0,0,15.9304171,1.73098886,8.49925327,8.40530586,0,13.3309927,1.73098886,7.82753277,0,,,,50
57565051,0.5,0.75,1,1.02185237,0.0483516455,0.0161172152,0,0,15.9349623,1.6845088,8.53240585,8.41797352,0,13.3095493,1.6845088,7.80568027,0,,,,50
57566177,0.5,0.857142866,1,1.02185237,0.0483516455,0.00805860758,0,0,15.9349623,1.6845088,8.51733685,8.41797352,0,13.3238449,1.6845088,7.80568027,0,,,,50
57567308,0.5,0.777777791,1,1.02185237,0.056410253,0.0161172152,0,0,15.9349623,1.60897613,8.50226688,8.41797352,0,13.3309927,1.60897613,7.78382826,0,,,,50
57568435,0.5,0.833333313,1,1.0231626,0.0402930379,0.00805860758,0,0,15.9304171,1.60897613,8.51432323,8.41375065,0,13.3309927,1.60897613,7.78382826,0,,,,50
57569565,0.5,0.833333313,1,1.0231626,0.0402930379,0.00805860758,0,0,15.9349623,1.50906062,8.52939224,8.42641926,0,13.3166971,1.50906062,7.76066542,0,,,,50
57570697,0.5,0.857142866,1,1.0231626,0.0483516455,0.00805860758,0,0,15.9304171,1.50906062,8.55350399,8.41797352,0,13.3238449,1.50906062,7.76066542,0,,,,50
57571827,0.5,0.714285731,1,1.03256273,0.0402930379,0.0161172152,0,0,15.9349623,1.37829578,8.50829506,8.40952778,0,13.3309927,1.37829578,7.72810268,0,,,,50
57572954,0.5,0.75,1,1.03256273,0.0483516455,0.0161172152,0,0,15.9349623,1.37829578,8.52336502,8.41163921,0,13.3238449,1.37829578,7.72810268,0,,,,50
57574085,0.5,0.833333313,1,1.03256273,0.0402930379,0.00805860758,0,0,15.9304171,1.20686471,8.52939224,8.41586208,0,13.3024006,1.20686471,7.69553995,0,,,,50
57575415,0.5,0.833333313,1,1.04091382,0.0402930379,0.00805860758,0,0,15.9349623,1.20686471,8.51733685,8.42008495,0,13.3309927,1.20686471,7.69553995,0,,,,50
57576546,0.5,0.857142866,1,1.04091382,0.0483516455,0.00805860758,0,0,15.9349623,0.994786561,8.53843403,8.41797352,0,13.3309927,0.994786561,7.65462637,0,,,,50
57577677,0.5,0.875,1,1.04091382,0.056410253,0.00805860758,0,0,15.9304171,0.994786561,8.51733685,8.42219639,0,13.3238449,0.994786561,7.65462637,0,,,,50
57578808,0.5,1,1,1.04091382,0.0483516455,0,0,0,15.9304171,0.745480299,8.56254578,8.41797352,0,13.3309927,0.745480299,7.61371231,0,,,,50
57579935,0.5,1,1,1.01794171,0.0483516455,0,0,0,15.9349623,0.745480299,8.55048943,8.43064213,0,13.3238449,0.745480299,7.61371231,0,,,,50
57581065,0.5,1,1,1.01794171,0.0402930379,0,0,0,15.9349623,0.521130443,8.51733685,8.41797352,0,13.3238449,0.521130443,7.59577084,0,,,,50
57582192,0.5,0.875,1,1.01794171,0.056410253,0.00805860758,0,0,15.9349623,0.521130443,8.53542042,8.42008495,0,13.3238449,0.521130443,7.59577084,0,,,,50
57583322,0.5,1,1,1.0143187,0.0483516455,0,0,0,15.9349623,0.397060812,8.53542042,8.42641926,0,13.3238449,0.397060812,7.58145189,0,,,,50
57584449,0.5,1,1,1.0143187,0.0483516455,0,0,0,15.9349623,0.397060812,8.52035046,8.42219639,0,13.3309927,0.397060812,7.58145189,0,,,,50
57585584,0.5,1,1,1.0143187,0.0402930379,0,0,0,15.9349623,0.372287929,8.51432323,8.42219639,0,13.3309927,0.372287929,7.56713343,0,,,,50
57586710,0.5,1,1,1.0143187,0.0402930379,0,0,0,15.9304171,0.372287929,8.53542042,8.41797352,0,13.3238449,0.372287929,7.56713343,0,,,,50
57587841,0.5,1,1,1.01008177,0.0402930379,0,0,0,15.9349623,0.416631401,8.53843403,8.42008495,0,13.3309927,0.416631401,7.55705166,0,,,,50
57588968,0.5,1,1,1.01008177,0.0483516455,0,0,0,15.9349623,0.416631401,8.52336502,8.42219639,0,13.3309927,0.416631401,7.55705166,0,,,,50
57590098,0.5,1,1,1.01008177,0.0322344303,0,0,0,15.9349623,0.509294152,8.55953121,8.43064213,0,13.3309927,0.509294152,7.54696989,0,,,,50
57591225,0.5,1,1,1.01418972,0.0402930379,0,0,0,15.9304171,0.509294152,8.50528145,8.42641926,0,13.3309927,0.509294152,7.54696989,0,,,,50
57592356,0.5,1,1,1.01418972,0.0402930379,0,0,0,15.9304171,0.619850338,8.55953121,8.41586208,0,13.3309927,0.619850338,7.53278017,0,,,,50
57593487,0.5,1,1,1.01418972,0.0483516455,0,0,0,15.9349623,0.619850338,8.5444622,8.41375065,0,13.3238449,0.619850338,7.53278017,0,,,,50
57594618,0.5,1,1,1.01418972,0.0483516455,0,0,0,15.9349623,0.720513463,8.53542042,8.41375065,0,13.3095493,0.720513463,7.51859045,0,,,,50
57595948,0.5,1,1,1.01251686,0.0402930379,0,0,0,15.9349623,0.720513463,8.52336502,8.42853069,0,13.3309927,0.720513463,7.51859045,0,,,,50
57597079,0.5,1,1,1.01251686,0.0402930379,0,0,0,15.9304171,0.806511641,8.51733685,8.42853069,0,13.3166971,0.806511641,7.50607347,0,,,,50
57598206,0.5,1,1,1.01251686,0.0322344303,0,0,0,15.9304171,0.806511641,8.53240585,8.42641926,0,13.3166971,0.806511641,7.50607347,0,,,,50
57599336,0.5,1,1,1.00587988,0.0483516455,0,0,0,15.9349623,0.894567907,8.5444622,8.42219639,0,13.3309927,0.894567907,7.5001936,0,,,,50
57600463,0.5,1,1,1.00587988,0.0402930379,0,0,0,15.9349623,0.894567907,8.53240585,8.41797352,0,13.3238449,0.894567907,7.5001936,0,,,,50
57601598,0.5,1,1,1.00587988,0.0402930379,0,0,0,15.9349623,0.998428464,8.56254578,8.41375065,0,13.3309927,0.998428464,7.49431372,0,,,,50
57602724,0.5,1,1,1.00587988,0.0483516455,0,0,0,15.9304171,0.998428464,8.55048943,8.42219639,0,13.3238449,0.998428464,7.49431372,0,,,,50
57603855,0.5,1,1,1.03376675,0.0402930379,0,0,0,15.9349623,1.05933106,8.52035046,8.42008495,0,13.3309927,1.05933106,7.46054697,0,,,,50
57604981,0.5,1,1,1.03376675,0.0402930379,0,0,0,15.9304171,1.05933106,8.53542042,8.41163921,0,13.3238449,1.05933106,7.46054697,0,,,,50
57606112,0.5,1,1,1.03376675,0.0402930379,0,0,0,15.9349623,1.0082351,8.54144764,8.42219639,0,13.3238449,1.0082351,7.42678022,0,,,,50
57607238,0.5,1,1,1.0231626,0.0483516455,0,0,0,15.9395075,1.0082351,8.5444622,8.42641926,0,13.3309927,1.0082351,7.42678022,0,,,,50
57608374,0.5,1,1,1.0231626,0.0483516455,0,0,0,15.9349623,0.883176267,8.53843403,8.42430782,0,13.3309927,0.883176267,7.40361738,0,,,,50
57609500,0.5,1,1,1.0231626,0.0483516455,0,0,0,15.9349623,0.883176267,8.52939224,8.42430782,0,13.3309927,0.883176267,7.40361738,0,,,,50
57610631,0.5,1,1,1.0231626,0.0483516455,0,0,0,15.9349623,0.75232029,8.54144764,8.42219639,0,13.3309927,0.75232029,7.38045502,0,,,,50
57611757,0.5,1,1,1.01418972,0.0402930379,0,0,0,15.9349623,0.75232029,8.52336502,8.42853069,0,13.3309927,0.75232029,7.38045502,0,,,,50
57612889,0.5,1,1,1.01418972,0.0402930379,0,0,0,15.9349623,0.652395427,8.53240585,8.42641926,0,13.3095493,0.652395427,7.3662653,0,,,,50
57614015,0.5,0.75,1,1.01418972,0.0483516455,0.0161172152,0,0,15.9304171,0.652395427,8.52939224,8.42008495,0,13.3238449,0.652395427,7.3662653,0,,,,50
57615146,0.5,1,1,1.00575304,0.0402930379,0,0,0,15.9349623,0.616884649,8.53542042,8.42219639,0,13.3309927,0.616884649,7.36051226,0,,,,50
57616277,0.5,1,1,1.00575304,0.0402930379,0,0,0,15.9349623,0.616884649,8.53843403,8.42430782,0,13.3309927,0.616884649,7.36051226,0,,,,50
57617612,0.5,1,1,1.00575304,0.0402930379,0,0,0,15.9304171,0.654044747,8.54144764,8.42641926,0,13.3309927,0.654044747,7.35475922,0,,,,50
57618739,0.5,1,1,1.00575304,0.0483516455,0,0,0,15.9349623,0.654044747,8.54144764,8.42430782,0,13.3238449,0.654044747,7.35475922,0,,,,50
57619869,0.5,1,1,0.994844198,0.0483516455,0,0,0,15.9304171,0.759267867,8.50226688,8.42008495,0,13.3309927,0.759267867,7.35991478,0,,,,50
57620996,0.5,1,1,0.994844198,0.0402930379,0,0,0,15.9304171,0.759267867,8.51733685,8.42008495,0,13.3309927,0.759267867,7.35991478,0,,,,50
57622127,0.5,1,1,0.994844198,0.0322344303,0,0,0,15.9304171,0.928674757,8.54144764,8.41163921,0,13.3166971,0.928674757,7.36507082,0,,,,50
57623253,0.5,1,1,0.994844198,0.0483516455,0,0,0,15.9349623,0.928674757,8.55350399,8.42219639,0,13.3309927,0.928674757,7.36507082,0,,,,50
57624389,0.5,1,1,0.994844198,0.0402930379,0,0,0,15.9304171,1.13605833,8.5444622,8.41797352,0,13.3238449,1.13605833,7.37022638,0,,,,50
57625515,0.5,1,1,0.994844198,0.0402930379,0,0,0,15.9349623,1.13605833,8.55048943,8.41375065,0,13.3309927,1.13605833,7.37022638,0,,,,50
57626646,0.5,1,1,0.994844198,0.0483516455,0,0,0,15.9304171,1.35220718,8.52939224,8.41375065,0,13.3238449,1.35220718,7.37538242,0,,,,50
57627772,0.5,1,1,0.994844198,0.0483516455,0,0,0,15.9349623,1.35220718,8.55350399,8.41797352,0,13.3309927,1.35220718,7.37538242,0,,,,50
57628903,0.5,1,1,0.994844198,0.0402930379,0,0,0,15.9349623,1.55978405,8.55350399,8.42219639,0,13.3309927,1.55978405,7.38053799,0,,,,50
57630029,0.5,1,1,0.994844198,0.056410253,0,0,0,15.9349623,1.55978405,8.5444622,8.41586208,0,13.3238449,1.55978405,7.38053799,0,,,,50
57631160,0.5,1,1,1.0143187,0.0402930379,0,0,0,15.9304171,1.71316659,8.5444622,8.41375065,0,13.3238449,1.71316659,7.36621952,0,,,,50
57632291,0.5,1,1,1.0143187,0.0644688606,0,0,0,15.9349623,1.71316659,8.51432323,8.41163921,0,13.3309927,1.71316659,7.36621952,0,,,,50
57633422,0.5,1,1,1.0143187,0.0483516455,0,0,0,15.9349623,1.7679565,8.50226688,8.40530586,0,13.3238449,1.7679565,7.35190058,0,,,,50
57634548,0.5,0.857142866,1,1.0143187,0.0483516455,0.00805860758,0,0,15.9349623,1.7679565,8.55048943,8.41375065,0,13.3309927,1.7679565,7.35190058,0,,,,50
57635679,0.5,1,1,1.00246799,0.056410253,0,0,0,15.9349623,1.76241636,8.54747581,8.41797352,0,13.3309927,1.76241636,7.34943247,0,,,,50
57636806,0.5,0.875,1,1.00246799,0.056410253,0.00805860758,0,0,15.9349623,1.76241636,8.52637863,8.41797352,0,13.3166971,1.76241636,7.34943247,0,,,,50
57638140,0.5,0.833333313,1,1.00246799,0.0402930379,0.00805860758,0,0,15.9304171,1.75636232,8.51733685,8.41797352,0,13.3238449,1.75636232,7.34696484,0,,,,50
57639272,0.5,0.875,1,1.00246799,0.056410253,0.00805860758,0,0,15.9349623,1.75636232,8.53542042,8.40952778,0,13.3238449,1.75636232,7.34696484,0,,,,50
57640402,0.5,0.800000012,1,1.00246799,0.0322344303,0.00805860758,0,0,15.9304171,1.76251149,8.50226688,8.41163921,0,13.3238449,1.76251149,7.34449673,0,,,,50
57641529,0.5,0.875,1,1.00246799,0.056410253,0.00805860758,0,0,15.9304171,1.76251149,8.52939224,8.40952778,0,13.3309927,1.76251149,7.34449673,0,,,,50
57642660,0.5,0.888888896,1,1.00246799,0.0644688606,0.00805860758,0,0,15.9304171,1.77478254,8.52035046,8.41163921,0,13.3238449,1.77478254,7.34202862,0,,,,50
57643786,0.5,0.875,1,1.00246799,0.056410253,0.00805860758,0,0,15.9304171,1.77478254,8.51733685,8.41375065,0,13.3238449,1.77478254,7.34202862,0,,,,50
57644917,0.5,0.75,1,1.00246799,0.0483516455,0.0161172152,0,0,15.9258718,1.78940904,8.51733685,8.40108299,0,13.3238449,1.78940904,7.33956051,0,,,,50
57646043,0.5,0.777777791,1,1.00246799,0.056410253,0.0161172152,0,0,15.9304171,1.78940904,8.49925327,8.4074173,0,13.3166971,1.78940904,7.33956051,0,,,,50
57647178,0.5,0.800000012,1,1.02303147,0.0644688606,0.0161172152,0,0,15.9349623,1.76591182,8.52939224,8.4074173,0,13.3309927,1.76591182,7.31652927,0,,,,50
57648305,0.5,0.777777791,1,1.02303147,0.056410253,0.0161172152,0,0,15.9304171,1.76591182,8.5444622,8.40952778,0,13.3309927,1.76591182,7.31652927,0,,,,50
57649436,0.5,0.75,1,1.02303147,0.0483516455,0.0161172152,0,0,15.9349623,1.66064894,8.54144764,8.4074173,0,13.3238449,1.66064894,7.29349756,0,,,,50
57650562,0.5,0.666666687,1,1.02303147,0.0483516455,0.0241758227,0,0,15.9304171,1.66064894,8.52637863,8.40952778,0,13.3309927,1.66064894,7.29349756,0,,,,50
57651692,0.5,0.777777791,1,0.993358076,0.056410253,0.0161172152,0,0,15.9349623,1.54632616,8.53542042,8.39897156,0,13.3309927,1.54632616,7.30013943,0,,,,50
57652819,0.5,0.777777791,1,0.993358076,0.056410253,0.0161172152,0,0,15.9304171,1.54632616,8.49623966,8.40952778,0,13.3238449,1.54632616,7.30013943,0,,,,50
57653950,0.5,0.833333313,1,0.993358076,0.0402930379,0.00805860758,0,0,15.9349623,1.52021635,8.52035046,8.4074173,0,13.3309927,1.52021635,7.30678129,0,,,,50
57655082,0.5,0.75,1,0.98102355,0.0725274682,0.0241758227,0,0,15.9304171,1.52021635,8.51733685,8.39897156,0,13.3309927,1.52021635,7.30678129,0,,,,50
57656213,0.5,0.777777791,1,0.98102355,0.056410253,0.0161172152,0,0,15.9304171,1.60129154,8.52035046,8.40530586,0,13.3238449,1.60129154,7.32575798,0,,,,50
57657340,0.5,0.75,1,0.98102355,0.0483516455,0.0161172152,0,0,15.9304171,1.60129154,8.55048943,8.40952778,0,13.3238449,1.60129154,7.32575798,0,,,,50
57658471,0.5,0.777777791,1,0.98102355,0.056410253,0.0161172152,0,0,15.9304171,1.77560699,8.52637863,8.40952778,0,13.3309927,1.77560699,7.34473419,0,,,,50
57659801,0.5,0.75,1,0.985141397,0.0483516455,0.0161172152,0,0,15.9349623,1.77560699,8.50226688,8.40530586,0,13.3309927,1.77560699,7.34473419,0,,,,50
57660931,0.5,0.636363626,1,0.985141397,0.056410253,0.0322344303,0,0,15.9349623,1.99925983,8.52939224,8.39686012,0.00714798551,13.3309927,1.99925983,7.35959291,0,,,,50
57662058,0.5,0.777777791,1,0.985141397,0.056410253,0.0161172152,0,0,15.9304171,1.99925983,8.53240585,8.40108299,0,13.3166971,1.99925983,7.35959291,0,,,,50
57663193,0.5,0.769230783,1,0.997455657,0.0805860758,0.0241758227,0,0,15.9304171,2.20319009,8.49925327,8.40108299,0,13.3238449,2.20319009,7.36213732,0,,,,50
57664320,0.5,0.777777791,1,0.997455657,0.056410253,0.0161172152,0,0,15.9349623,2.20319009,8.52035046,8.40108299,0,13.3309927,2.20319009,7.36213732,0,,,,50
57665450,0.5,0.727272749,1,0.997455657,0.0644688606,0.0241758227,0,0,15.9349623,2.34281135,8.42993259,8.40319443,0,13.3238449,2.34281135,7.36468172,0,,,,50
57666577,0.5,0.75,1,0.997455657,0.0725274682,0.0241758227,0,0,15.9349623,2.34281135,8.49623966,8.40108299,0,13.3309927,2.34281135,7.36468172,0,,,,50
57667707,0.5,0.733333349,1,0.989048779,0.0886446834,0.0322344303,0,0,15.9304171,2.43898773,8.49623966,8.40952778,0,13.3309927,2.43898773,7.37563276,0,,,,50
57668834,0.5,0.666666687,1,0.989048779,0.0644688606,0.0322344303,0,0,15.9304171,2.43898773,8.50829506,8.39686012,0,13.3238449,2.43898773,7.37563276,0,,,,50
57669969,0.5,0.75,1,0.989048779,0.0725274682,0.0241758227,0,0,15.9304171,2.52890611,8.49925327,8.39686012,0,13.3309927,2.52890611,7.38658381,0,,,,50
57671096,0.5,0.714285731,1,0.997455657,0.0805860758,0.0322344303,0,0,15.9349623,2.52890611,8.50528145,8.39897156,0,13.3309927,2.52890611,7.38658381,0,,,,50
57672226,0.5,0.727272749,1,0.997455657,0.0644688606,0.0241758227,0,0,15.9349623,2.60333014,8.51432323,8.39474869,0,13.3238449,2.60333014,7.38912821,0,,,,50
57673353,0.5,0.727272749,1,0.997455657,0.0644688606,0.0241758227,0,0,15.9304171,2.60333014,8.4932251,8.40319443,0,13.3309927,2.60333014,7.38912821,0,,,,50
57674484,0.5,0.769230783,1,0.997455657,0.0805860758,0.0241758227,0,0,15.9349623,2.63965845,8.52637863,8.40319443,0,13.3166971,2.63965845,7.39167261,0,,,,50
57675610,0.5,0.727272749,1,0.993358076,0.0644688606,0.0241758227,0,0,15.9304171,2.63965845,8.53843403,8.40108299,0,13.3309927,2.63965845,7.39167261,0,,,,50
57676741,0.5,0.699999988,1,0.993358076,0.056410253,0.0241758227,0,0,15.9349623,2.6503458,8.47514153,8.39686012,0,13.3166971,2.6503458,7.39831448,0,,,,50
57677872,0.5,0.6875,1,0.993358076,0.0886446834,0.0402930379,0,0,15.9304171,2.6503458,8.52035046,8.39897156,0,13.3238449,2.6503458,7.39831448,0,,,,50
57679003,0.5,0.714285731,1,0.989048779,0.0805860758,0.0322344303,0,0,15.9349623,2.66572928,8.50528145,8.38630295,0,13.3238449,2.66572928,7.40926552,0,,,,50
57680333,0.5,0.75,1,0.989048779,0.0725274682,0.0241758227,0,0,15.9304171,2.66572928,8.52035046,8.41375065,0,13.3309927,2.66572928,7.40926552,0,,,,50
57681464,0.5,0.833333313,1,0.989048779,0.0805860758,0.0161172152,0,0,15.9304171,2.70021009,8.50829506,8.40319443,0,13.3166971,2.70021009,7.42021656,0,,,,50
57682590,0.5,0.75,1,0.989048779,0.0725274682,0.0241758227,0,0,15.9304171,2.70021009,8.48719788,8.39897156,0,13.3309927,2.70021009,7.42021656,0,,,,50
57683721,0.5,0.785714269,1,0.986603022,0.0886446834,0.0241758227,0,0,15.9304171,2.75316978,8.48719788,8.39686012,0,13.3238449,2.75316978,7.43361378,0,,,,50
57684847,0.5,0.75,1,0.986603022,0.0725274682,0.0241758227,0,0,15.9304171,2.75316978,8.568573,8.4074173,0,13.3238449,2.75316978,7.43361378,0,,,,50
57685983,0.5,0.727272749,1,0.986603022,0.0644688606,0.0241758227,0,0,15.9304171,2.82121825,8.53240585,8.38841438,0,13.3309927,2.82121825,7.44701052,0,,,,50
57687110,0.5,0.769230783,1,0.973246217,0.0805860758,0.0241758227,0,0,15.9304171,2.82121825,8.53240585,8.40319443,0,13.3238449,2.82121825,7.44701052,0,,,,50
57688240,0.5,0.727272749,1,0.973246217,0.0644688606,0.0241758227,0,0,15.9258718,2.92180228,8.49623966,8.40530586,0,13.3238449,2.92180228,7.47376442,0,,,,50
57689367,0.5,0.769230783,1,0.973246217,0.0805860758,0.0241758227,0,0,15.9304171,2.92180228,8.51733685,8.41586208,0,13.3309927,2.92180228,7.47376442,0,,,,50
57690498,0.5,0.769230783,1,0.973246217,0.0805860758,0.0241758227,0,0,15.9349623,3.07505369,8.49021149,8.40108299,0,13.3309927,3.07505369,7.50051832,0,,,,50
57691624,0.5,0.692307711,1,0.984412253,0.0725274682,0.0322344303,0,0,15.9304171,3.07505369,8.51432323,8.4074173,0,13.3238449,3.07505369,7.50051832,0,,,,50
57692760,0.5,0.699999988,1,0.984412253,0.056410253,0.0241758227,0,0,15.9304171,3.24409866,8.48719788,8.39897156,0,13.3238449,3.24409866,7.51610565,0,,,,50
57693886,0.5,0.785714269,1,0.984412253,0.0886446834,0.0241758227,0,0,15.9349623,3.24409866,8.49925327,8.38630295,0,13.3309927,3.24409866,7.51610565,0,,,,50
57695017,0.5,0.800000012,1,0.997455657,0.0967032909,0.0241758227,0,0,15.9349623,3.35583544,8.4811697,8.39686012,0,13.3238449,3.35583544,7.51865005,0,,,,50
57696143,0.5,0.785714269,1,0.997455657,0.0886446834,0.0241758227,0,0,15.9349623,3.35583544,8.50829506,8.42219639,0,13.3238449,3.35583544,7.51865005,0,,,,50
57697274,0.5,0.733333349,1,0.997455657,0.0886446834,0.0322344303,0,0,15.9304171,3.37785292,8.48418331,8.38630295,0,13.3309927,3.37785292,7.52119446,0,,,,50
57698400,0.5,0.692307711,1,0.997455657,0.0725274682,0.0322344303,0,0,15.9349623,3.37785292,8.50528145,8.40319443,0,13.3309927,3.37785292,7.52119446,0,,,,50
57699531,0.5,0.833333313,1,0.98855865,0.120879114,0.0241758227,0,0,15.9304171,3.34944773,8.49021149,8.40108299,0,13.3238449,3.34944773,7.53263569,0,,,,50
57700866,0.5,0.764705896,1,0.98855865,0.104761899,0.0322344303,0,0,15.9349623,3.34944773,8.4811697,8.40319443,0,13.3309927,3.34944773,7.53263569,0,,,,50
57701997,0.5,0.800000012,1,0.98855865,0.0967032909,0.0241758227,0,0,15.9304171,3.32015586,8.49021149,8.39052582,0,13.3238449,3.32015586,7.54407692,0,,,,50
57703124,0.5,0.769230783,1,0.989171386,0.0805860758,0.0241758227,0,0,15.9304171,3.32015586,8.49623966,8.40319443,0,13.3238449,3.32015586,7.54407692,0,,,,50
57704254,0.5,0.736842096,1,0.989171386,0.112820506,0.0402930379,0,0,15.9304171,3.30109715,8.47212791,8.39052582,0,13.3309927,3.30109715,7.55490589,0,,,,50
57705381,0.5,0.764705896,1,0.989171386,0.104761899,0.0322344303,0,0,15.9349623,3.30109715,8.49925327,8.39686012,0,13.3238449,3.30109715,7.55490589,0,,,,50
57706511,0.5,0.75,1,0.989171386,0.0967032909,0.0322344303,0,0,15.9304171,3.2878716,8.48418331,8.39686012,0,13.3309927,3.2878716,7.56573439,0,,,,50
57707638,0.5,0.777777791,1,0.985993445,0.112820506,0.0322344303,0,0,15.9349623,3.2878716,8.4691143,8.38208103,0,13.3309927,3.2878716,7.56573439,0,,,,50
57708773,0.5,0.764705896,1,0.985993445,0.104761899,0.0322344303,0,0,15.9304171,3.28468823,8.49623966,8.40530586,0,13.3238449,3.28468823,7.579741,0,,,,50
57709900,0.5,0.764705896,1,0.985993445,0.104761899,0.0322344303,0,0,15.9304171,3.28468823,8.45705795,8.38841438,0,13.3309927,3.28468823,7.579741,0,,,,50
57711031,0.5,0.823529422,1,0.989048779,0.112820506,0.0241758227,0,0,15.9304171,3.2918396,8.48418331,8.40319443,0,13.3238449,3.2918396,7.59069204,0,,,,50
57712157,0.5,0.823529422,1,0.989048779,0.112820506,0.0241758227,0,0,15.9349623,3.2918396,8.4811697,8.4074173,0,13.3238449,3.2918396,7.59069204,0,,,,50
57713288,0.5,0.764705896,1,0.989048779,0.104761899,0.0322344303,0,0,15.9304171,3.29964256,8.49925327,8.39263725,0,13.3238449,3.29964256,7.60164309,0,,,,50
57714414,0.5,0.764705896,1,0.989048779,0.104761899,0.0322344303,0,0,15.9349623,3.29964256,8.4811697,8.40108299,0,13.3309927,3.29964256,7.60164309,0,,,,50
57715545,0.5,0.823529422,1,0.988191426,0.112820506,0.0241758227,0,0,15.9349623,3.30624771,8.47514153,8.40108299,0,13.3309927,3.30624771,7.61345148,0,,,,50
57716676,0.5,0.8125,1,0.988191426,0.104761899,0.0241758227,0,0,15.9304171,3.30624771,8.47514153,8.40108299,0,13.3238449,3.30624771,7.61345148,0,,,,50
57717807,0.5,0.8125,1,0.988191426,0.104761899,0.0241758227,0,0,15.9304171,3.31489921,8.49925327,8.40108299,0,13.3309927,3.31489921,7.62526035,0,,,,50
57718934,0.5,0.75,1,0.988191426,0.0967032909,0.0322344303,0,0,15.9349623,3.31489921,8.4932251,8.39474869,0,13.3238449,3.31489921,7.62526035,0,,,,50
57720064,0.5,0.823529422,1,0.957710683,0.112820506,0.0241758227,0,0,15.9304171,3.38232064,8.5444622,8.39897156,0,13.3238449,3.38232064,7.66754961,0,,,,50
57721191,0.5,0.769230783,1,0.957710683,0.0805860758,0.0241758227,0,0,15.9349623,3.38232064,8.52637863,8.40319443,0,13.3309927,3.38232064,7.66754961,0,,,,50
57722525,0.5,0.785714269,1,0.957710683,0.0886446834,0.0241758227,0,0,15.9304171,3.57024455,8.51432323,8.39686012,0,13.3238449,3.57024455,7.70983887,0,,,,50
57723657,0.5,0.714285731,1,0.97717917,0.0805860758,0.0322344303,0,0,15.9304171,3.57024455,8.4932251,8.39263725,0,13.3238449,3.57024455,7.70983887,0,,,,50
57724787,0.5,0.70588237,1,0.97717917,0.0967032909,0.0402930379,0,0,15.9304171,3.81475091,8.48418331,8.38841438,0,13.3309927,3.81475091,7.73265982,0,,,,50
57725914,0.5,0.764705896,1,0.97717917,0.104761899,0.0322344303,0,0,15.9304171,3.81475091,8.4811697,8.40952778,0,13.3238449,3.81475091,7.73265982,0,,,,50
57727045,0.5,0.684210539,1,0.97717917,0.104761899,0.0483516455,0,0,15.9304171,4.0212841,8.47514153,8.40108299,0,13.3166971,4.0212841,7.75548029,0,,,,50
57728171,0.5,0.736842096,1,0.997455657,0.112820506,0.0402930379,0,0,15.9349623,4.0212841,8.48719788,8.39897156,0,13.3238449,4.0212841,7.75548029,0,,,,50
57729302,0.5,0.8125,1,0.997455657,0.104761899,0.0241758227,0,0,15.9304171,4.135921,8.47815609,8.38841438,0,13.3238449,4.135921,7.75802469,0,,,,50
57730428,0.5,0.789473712,1,0.997455657,0.120879114,0.0322344303,0,0,15.9304171,4.135921,8.45404434,8.39897156,0,13.3309927,4.135921,7.75802469,0,,,,50
57731564,0.5,0.777777791,1,0.997455657,0.112820506,0.0322344303,0,0,15.9304171,4.13178492,8.47815609,8.40319443,0,13.3309927,4.13178492,7.7605691,0,,,,50
57732690,0.5,0.789473712,1,0.973127484,0.120879114,0.0322344303,0,0,15.9349623,4.13178492,8.47815609,8.39474869,0,13.3238449,4.13178492,7.7605691,0,,,,50
57733821,0.5,0.75,1,0.973127484,0.120879114,0.0402930379,0,0,15.9304171,4.08296251,8.48418331,8.39474869,0,13.3309927,4.08296251,7.78744125,0,,,,50
57734948,0.5,0.739130437,1,0.973127484,0.136996329,0.0483516455,0,0,15.9304171,4.08296251,8.46609974,8.39263725,0,13.3238449,4.08296251,7.78744125,0,,,,50
57736078,0.5,0.772727251,1,0.973127484,0.136996329,0.0402930379,0,0,15.9304171,4.08356953,8.49021149,8.39474869,0,13.3024006,4.08356953,7.81431389,0,,,,50
57737205,0.5,0.739130437,1,0.973127484,0.136996329,0.0483516455,0,0,15.9304171,4.08356953,8.47514153,8.39263725,0,13.3238449,4.08356953,7.81431389,0,,,,50
57738335,0.5,0.75,1,0.973127484,0.120879114,0.0402930379,0,0,15.9349623,4.14011955,8.4811697,8.37363529,0,13.3309927,4.14011955,7.84118652,0,,,,50
57739467,0.5,0.720000029,1,0.973127484,0.145054936,0.056410253,0,0,15.9258718,4.14011955,8.46308613,8.40530586,0,13.3309927,4.14011955,7.84118652,0,,,,50
57740597,0.5,0.720000029,1,0.978017509,0.145054936,0.056410253,0,0,15.9349623,4.21776199,8.45404434,8.39263725,0,13.3309927,4.21776199,7.86316872,0,,,,50
57741724,0.5,0.739130437,1,0.978017509,0.136996329,0.0483516455,0,0,15.9304171,4.21776199,8.46007252,8.39263725,0,13.3238449,4.21776199,7.86316872,0,,,,50
57743059,0.5,0.714285731,1,0.978017509,0.120879114,0.0483516455,0,0,15.9304171,4.28988409,8.47815609,8.39897156,0,13.3095493,4.28988409,7.88515139,0,,,,50
57744186,0.5,0.727272749,1,0.973127484,0.128937721,0.0483516455,0,0,15.9258718,4.28988409,8.45404434,8.37152386,0,13.3238449,4.28988409,7.88515139,0,,,,50
57745316,0.5,0.708333313,1,0.973127484,0.136996329,0.056410253,0,0,15.9304171,4.35950565,8.43897438,8.39686012,0,13.3238449,4.35950565,7.91202354,0,,,,50
57746443,0.5,0.75,1,0.973127484,0.145054936,0.0483516455,0,0,15.9304171,4.35950565,8.44198895,8.38630295,0,13.3238449,4.35950565,7.91202354,0,,,,50
57747578,0.5,0.772727251,1,0.973127484,0.136996329,0.0402930379,0,0,15.9304171,4.43913412,8.46308613,8.39474869,0,13.3166971,4.43913412,7.93889618,0,,,,50
57748704,0.5,0.761904776,1,0.973127484,0.128937721,0.0402930379,0,0,15.9304171,4.43913412,8.46308613,8.39686012,0,13.3238449,4.43913412,7.93889618,0,,,,50
57749835,0.5,0.708333313,1,0.973127484,0.136996329,0.056410253,0,0,15.9304171,4.52634954,8.45404434,8.37785816,0,13.3238449,4.52634954,7.96576881,0,,,,50
57750961,0.5,0.708333313,1,0.973127484,0.136996329,0.056410253,0,0,15.9304171,4.52634954,8.47212791,8.41163921,0,13.3238449,4.52634954,7.96576881,0,,,,50
57752092,0.5,0.727272749,1,0.965240717,0.128937721,0.0483516455,0,0,15.9304171,4.62868118,8.47212791,8.40319443,0,13.3238449,4.62868118,8.00052834,0,,,,50
57753219,0.5,0.761904776,1,0.965240717,0.128937721,0.0402930379,0,0,15.9349623,4.62868118,8.47514153,8.39686012,0,13.3238449,4.62868118,8.00052834,0,,,,50
57754354,0.5,0.739130437,1,0.965240717,0.136996329,0.0483516455,0,0,15.9349623,4.75826311,8.47514153,8.37785816,0,13.3309927,4.75826311,8.0352869,0,,,,50
57755481,0.5,0.695652187,1,0.965240717,0.128937721,0.056410253,0,0,15.9304171,4.75826311,8.48418331,8.39263725,0,13.3309927,4.75826311,8.0352869,0,,,,50
57756611,0.5,0.708333313,1,0.961866617,0.136996329,0.056410253,0,0,15.9349623,4.9122014,8.49021149,8.4074173,0,13.3309927,4.9122014,8.07342052,0,,,,50
57757738,0.5,0.75999999,1,0.961866617,0.153113544,0.0483516455,0,0,15.9304171,4.9122014,8.42390537,8.38419151,0,13.3238449,4.9122014,8.07342052,0,,,,50
57758869,0.5,0.695652187,1,0.961866617,0.128937721,0.056410253,0,0,15.9349623,5.08256912,8.255126,8.3799696,0,13.3238449,5.08256912,8.11155415,0,,,,50
57759995,0.5,0.720000029,1,0.961866617,0.145054936,0.056410253,0,0,15.9304171,5.08256912,8.4811697,8.37363529,0,13.3238449,5.08256912,8.11155415,0,,,,50
57761126,0.5,0.689655185,1,0.973127484,0.161172152,0.0725274682,0,0,15.9258718,5.23673725,8.47212791,8.37363529,0,13.3238449,5.23673725,8.13842583,0,,,,50
57762257,0.5,0.639999986,1,0.973127484,0.128937721,0.0725274682,0,0,15.9304171,5.23673725,8.45103073,8.3799696,0,13.3238449,5.23673725,8.13842583,0,,,,50
57763388,0.5,0.666666687,1,0.973127484,0.177289367,0.0886446834,0,0,15.9258718,5.34085941,8.568573,8.37785816,0,13.3238449,5.34085941,8.16529846,0,,,,50
57764719,0.5,0.642857134,1,0.971942246,0.145054936,0.0805860758,0,0,15.9304171,5.34085941,8.46308613,8.3799696,0,13.3238449,5.34085941,8.16529846,0,,,,50
57765849,0.5,0.666666687,1,0.971942246,0.161172152,0.0805860758,0,0,15.9304171,5.40140247,8.47815609,8.36941242,0,13.3238449,5.40140247,8.19335651,0,,,,50
57766976,0.5,0.653846145,1,0.971942246,0.136996329,0.0725274682,0,0,15.9258718,5.40140247,8.44801617,8.37785816,0,13.3238449,5.40140247,8.19335651,0,,,,50
57768106,0.5,0.600000024,1,0.971942246,0.120879114,0.0805860758,0,0,15.9258718,5.43820333,8.43596077,8.36941242,0,13.3238449,5.43820333,8.22141457,0,,,,50
57769233,0.5,0.655172408,1,0.965240717,0.153113544,0.0805860758,0,0,15.9395075,5.43820333,8.46007252,8.37574673,0,13.3238449,5.43820333,8.22141457,0,,,,50
57770369,0.5,0.65625,1,0.965240717,0.169230759,0.0886446834,0,0,15.9304171,5.47439003,8.4691143,8.37152386,0,13.3238449,5.47439003,8.25617313,0,,,,50
57771495,0.5,0.666666687,1,0.965240717,0.161172152,0.0805860758,0,0,15.9258718,5.47439003,8.4932251,8.36941242,0,13.3238449,5.47439003,8.25617313,0,,,,50
57772626,0.5,0.620689631,1,0.965240717,0.145054936,0.0886446834,0,0,15.9258718,5.52948475,8.39075184,8.37152386,0,13.3238449,5.52948475,8.29093266,0,,,,50
57773752,0.5,0.657894731,1,0.988926172,0.201465189,0.104761899,0,0,15.9304171,5.52948475,8.41184998,8.36941242,0,13.3238449,5.52948475,8.29093266,0,,,,50
57774883,0.5,0.666666687,1,0.988926172,0.145054936,0.0725274682,0,0,15.9349623,5.55734921,8.33348751,8.3799696,0,13.3095493,5.55734921,8.30200672,0,,,,50
57776010,0.5,0.645161271,1,0.988926172,0.161172152,0.0886446834,0,0,15.9304171,5.55734921,8.43596077,8.37152386,0,13.3095493,5.55734921,8.30200672,0,,,,50
57777140,0.5,0.678571403,1,0.997455657,0.153113544,0.0725274682,0,0,15.9304171,5.48395014,8.53240585,8.37785816,0,13.3238449,5.48395014,8.30455017,0,,,,50
57778272,0.5,0.620689631,1,0.997455657,0.145054936,0.0886446834,0,0,15.9258718,5.48395014,8.52336502,8.37574673,0,13.3238449,5.48395014,8.30455017,0,,,,50
57779402,0.5,0.629629612,1,0.997455657,0.136996329,0.0805860758,0,0,15.9258718,5.3069663,8.46007252,8.38630295,0,13.3238449,5.3069663,8.30709457,0,,,,50
57780528,0.5,0.689655185,1,0.997455657,0.161172152,0.0725274682,0,0,15.9304171,5.3069663,8.36664104,8.37574673,0,13.3238449,5.3069663,8.30709457,0,,,,50
57781659,0.5,0.720000029,1,0.997829914,0.145054936,0.056410253,0,0,15.9304171,5.07185793,8.58364296,8.38841438,0,13.3238449,5.07185793,8.30926514,0,,,,50
57782785,0.5,0.625,1,0.997829914,0.120879114,0.0725274682,0,0,15.9213276,5.07185793,8.52035046,8.36941242,0,13.3166971,5.07185793,8.30926514,0,,,,50
57783916,0.5,0.678571403,1,0.997829914,0.153113544,0.0725274682,0,0,15.9349623,4.81704473,8.44198895,8.38208103,0,13.3095493,4.81704473,8.31143475,0,,,,50
57785251,0.5,0.730769217,1,1.0143187,0.153113544,0.056410253,0,0,15.9304171,4.81704473,8.49021149,8.38630295,0,13.3238449,4.81704473,8.31143475,0,,,,50
57786382,0.5,0.708333313,1,1.0143187,0.136996329,0.056410253,0,0,15.9304171,4.5359621,8.42993259,8.40319443,0,13.3238449,4.5359621,8.29711628,0,,,,50
57787508,0.5,0.739130437,1,1.0143187,0.136996329,0.0483516455,0,0,15.9304171,4.5359621,8.44500256,8.39052582,0,13.3238449,4.5359621,8.29711628,0,,,,50
57788639,0.5,0.782608688,1,1.01820147,0.145054936,0.0402930379,0,0,15.9258718,4.20150232,8.45103073,8.40530586,0,13.3238449,4.20150232,8.27891445,0,,,,50
57789766,0.5,0.75,1,1.01820147,0.145054936,0.0483516455,0,0,15.9349623,4.20150232,8.4932251,8.38841438,0,13.3238449,4.20150232,8.27891445,0,,,,50
57790896,0.5,0.772727251,1,1.01820147,0.136996329,0.0402930379,0,0,15.9258718,3.82730603,8.44801617,8.40108299,0,13.3309927,3.82730603,8.26071358,0,,,,50
57792023,0.5,0.720000029,1,1.01820147,0.145054936,0.056410253,0,0,15.9304171,3.82730603,8.45404434,8.39263725,0,13.3238449,3.82730603,8.26071358,0,,,,50
57793158,0.5,0.739130437,1,1.02303147,0.136996329,0.0483516455,0,0,15.9304171,3.43953538,8.47514153,8.39474869,0,13.3238449,3.43953538,8.23768139,0,,,,50
57794284,0.5,0.75,1,1.02303147,0.120879114,0.0402930379,0,0,15.9304171,3.43953538,8.47815609,8.39897156,0,13.3309927,3.43953538,8.23768139,0,,,,50
57795415,0.5,0.75,1,1.02303147,0.120879114,0.0402930379,0,0,15.9304171,3.05282497,8.48418331,8.4074173,0,13.3238449,3.05282497,8.21465015,0,,,,50
57796542,0.5,0.75,1,1.02303147,0.120879114,0.0402930379,0,0,15.9304171,3.05282497,8.48418331,8.4074173,0,13.3309927,3.05282497,8.21465015,0,,,,50
57797672,0.5,0.764705896,1,1.02303147,0.104761899,0.0322344303,0,0,15.9304171,2.6843555,8.48418331,8.40319443,0,13.3309927,2.6843555,8.19161892,0,,,,50
57798799,0.5,0.857142866,1,1.02303147,0.0967032909,0.0161172152,0,0,15.9304171,2.6843555,8.51733685,8.40108299,0,13.3238449,2.6843555,8.19161892,0,,,,50
57799929,0.5,0.733333349,1,1.03162837,0.0886446834,0.0322344303,0,0,15.9304171,2.33209515,8.52336502,8.39686012,0,13.3309927,2.33209515,8.15999031,0,,,,50
57801061,0.5,0.666666687,1,1.03162837,0.0644688606,0.0322344303,0,0,15.9304171,2.33209515,8.51733685,8.40108299,0,13.3095493,2.33209515,8.15999031,0,,,,50
57802191,0.5,0.833333313,1,1.03162837,0.0805860758,0.0161172152,0,0,15.9349623,1.98431027,8.55048943,8.39263725,0,13.3238449,1.98431027,8.1283617,0,,,,50
57803318,0.5,0.692307711,1,1.03162837,0.0725274682,0.0322344303,0,0,15.9349623,1.98431027,8.49021149,8.40952778,0,13.3238449,1.98431027,8.1283617,0,,,,50
57804449,0.5,0.769230783,1,1.04077804,0.0805860758,0.0241758227,0,0,15.9304171,1.63268268,8.43897438,8.40952778,0,13.3309927,1.63268268,8.08758354,0,,,,50
57805779,0.5,0.636363626,1,1.04077804,0.056410253,0.0322344303,0,0,15.9304171,1.63268268,8.53240585,8.4074173,0,13.3309927,1.63268268,8.08758354,0,,,,50
57806910,0.5,0.75,1,1.04077804,0.0483516455,0.0161172152,0,0,15.9304171,1.27173495,8.52939224,8.40952778,0,13.3309927,1.27173495,8.04680634,0,,,,50
57808036,0.5,0.666666687,1,1.04091382,0.0483516455,0.0241758227,0,0,15.9349623,1.27173495,8.52035046,8.4074173,0,13.3166971,1.27173495,8.04680634,0,,,,50
57809172,0.5,0.833333313,1,1.04091382,0.0402930379,0.00805860758,0,0,15.9349623,0.915299356,8.52939224,8.42008495,0,13.3309927,0.915299356,8.0058918,0,,,,50
57810298,0.5,0.833333313,1,1.04091382,0.0402930379,0.00805860758,0,0,15.9304171,0.915299356,8.5444622,8.42219639,0,13.3309927,0.915299356,8.0058918,0,,,,50
57811428,0.5,1,1,1.04091382,0.0322344303,0,0,0,15.9349623,0.580691338,8.55048943,8.42008495,0,13.3238449,0.580691338,7.96497822,0,,,,50
57812555,0.5,1,1,1.05078292,0.0402930379,0,0,0,15.9349623,0.580691338,8.53843403,8.42853069,0,13.3238449,0.580691338,7.96497822,0,,,,50
57813686,0.5,1,1,1.05078292,0.0483516455,0,0,0,15.9349623,0.258363605,8.53843403,8.42641926,0,13.3309927,0.258363605,7.91419554,0,,,,50
57814812,0.5,1,1,1.05078292,0.0322344303,0,0,0,15.9304171,0.258363605,8.51432323,8.43064213,0,13.3238449,0.258363605,7.91419554,0,,,,50
57815948,0.5,1,1,1.04995334,0.0322344303,0,0,0,15.9395075,-0.0671879724,8.5444622,8.42430782,0,13.3238449,-0.0671879724,7.86424208,0,,,,50
57817074,0.5,1,1,1.04995334,0.0402930379,0,0,0,15.9349623,-0.0671879724,8.51733685,8.43486404,0,13.3095493,-0.0671879724,7.86424208,0,,,,50
57818205,0.5,1,1,1.04995334,0.0322344303,0,0,0,15.9395075,-0.385737687,8.56555939,8.43486404,0,13.3309927,-0.385737687,7.81428862,0,,,,50
57819331,0.5,1,1,1.04459286,0.0322344303,0,0,0,15.9349623,-0.385737687,8.52939224,8.43275356,0,13.3238449,-0.385737687,7.81428862,0,,,,50
57820462,0.5,1,1,1.04459286,0.0402930379,0,0,0,15.9349623,-0.672853351,8.4811697,8.43275356,0,13.3309927,-0.672853351,7.76969576,0,,,,50
57821589,0.5,1,1,1.04459286,0.0322344303,0,0,0,15.9349623,-0.672853351,8.53240585,8.43275356,0,13.3309927,-0.672853351,7.76969576,0,,,,50
57822719,0.5,1,1,1.04995334,0.0241758227,0,0,0,15.9349623,-0.921442628,8.53843403,8.43275356,0,13.3309927,-0.921442628,7.71974277,0,,,,50
57823851,0.5,1,1,1.04995334,0.0161172152,0,0,0,15.9349623,-0.921442628,8.52939224,8.43275356,0,13.3309927,-0.921442628,7.71974277,0,,,,50
57824981,0.5,1,1,1.04995334,0.0161172152,0,0,0,15.9304171,-1.14558101,8.53843403,8.43064213,0,13.3381405,-1.14558101,7.66978931,0,,,,50
57826108,0.5,1,1,1.04995334,0.0402930379,0,0,0,15.9349623,-1.14558101,8.5444622,8.43275356,0,13.3309927,-1.14558101,7.66978931,0,,,,50
57827442,0.5,1,1,1.0413214,0.0322344303,0,0,0,15.9349623,-1.33484387,8.55048943,8.42853069,0,13.3309927,-1.33484387,7.62846804,0,,,,50
57828569,0.5,1,1,1.0413214,0.0322344303,0,0,0,15.9349623,-1.33484387,8.55048943,8.43064213,0,13.3238449,-1.33484387,7.62846804,0,,,,50
57829699,0.5,1,1,1.0413214,0.0322344303,0,0,0,15.9349623,-1.47012842,8.54747581,8.43064213,0,13.3309927,-1.47012842,7.58714628,0,,,,50
57830826,0.5,0.800000012,1,1.0413214,0.0322344303,0.00805860758,0,0,15.9349623,-1.47012842,8.54144764,8.43064213,0,13.3309927,-1.47012842,7.58714628,0,,,,50
57831961,0.5,1,1,1.0413214,0.0241758227,0,0,0,15.9349623,-1.55968368,8.51130867,8.43064213,0,13.3309927,-1.55968368,7.545825,0,,,,50
57833088,0.5,1,1,1.0413214,0.0322344303,0,0,0,15.9395075,-1.55968368,8.52637863,8.43064213,0,13.3238449,-1.55968368,7.545825,0,,,,50
57834219,0.5,1,1,1.0413214,0.0241758227,0,0,0,15.9395075,-1.62040925,8.55048943,8.43064213,0,13.3166971,-1.62040925,7.50450373,0,,,,50
57835345,0.5,1,1,1.0413214,0.0241758227,0,0,0,15.9349623,-1.62040925,8.56254578,8.43064213,0,13.3238449,-1.62040925,7.50450373,0,,,,50
57836475,0.5,1,1,1.0413214,0.0241758227,0,0,0,15.9304171,-1.66381836,8.55048943,8.43064213,0,13.3166971,-1.66381836,7.46318245,0,,,,50
57837602,0.5,1,1,1.0413214,0.0241758227,0,0,0,15.9349623,-1.66381836,8.54747581,8.43064213,0,13.3381405,-1.66381836,7.46318245,0,,,,50
57838737,0.5,1,1,1.04995334,0.0241758227,0,0,0,15.9349623,-1.71368444,8.52637863,8.43064213,0,13.3309927,-1.71368444,7.41322899,0,,,,50
57839863,0.5,1,1,1.04995334,0.0161172152,0,0,0,15.9349623,-1.71368444,8.5565176,8.43064213,0,13.3309927,-1.71368444,7.41322899,0,,,,50
57840994,0.5,1,1,1.04995334,0.0161172152,0,0,0,15.9395075,-1.79285729,8.53843403,8.43275356,0,13.3309927,-1.79285729,7.36327553,0,,,,50
57842121,0.5,1,1,1.04995334,0.00805860758,0,0,0,15.9304171,-1.79285729,8.568573,8.42853069,0,13.3309927,-1.79285729,7.36327553,0,,,,50
57843251,0.5,1,1,1.04995334,0.00805860758,0,0,0,15.9349623,-1.89687574,8.58062935,8.42853069,0,13.3309927,-1.89687574,7.31332254,0,,,,50
57844378,0.5,0,1,1.04995334,0,0,0,0,15.9349623,-1.89687574,8.58062935,8.43064213,0,13.3309927,-1.89687574,7.31332254,0,,,,50
57845508,0.5,0,1,1.04995334,0,0,0,0,15.9349623,-2.01236224,8.58665657,8.43064213,0,13.3166971,-2.01236224,7.26336908,0,,,,50
57846640,0.5,0,1,1.04995334,0,0,0,0,15.9304171,-2.01236224,8.5565176,8.42853069,0,13.3238449,-2.01236224,7.26336908,0,,,,50
57847974,0.5,0,1,1.04995334,0,0,0,0,15.9395075,-2.13093781,8.57460117,8.42853069,0,13.3166971,-2.13093781,7.21341562,0,,,,50
57849101,0.5,0,1,1.04995334,0,0,0,0,15.9349623,-2.13093781,8.58062935,8.43064213,0,13.3238449,-2.13093781,7.21341562,0,,,,50
57850231,0.5,0,1,1.04995334,0,0,0,0,15.9440527,-2.24756193,8.57460117,8.42430782,0,13.3309927,-2.24756193,7.16346264,0,,,,50
57851358,0.5,0,1,1.02329385,0,0,0,0,15.9349623,-2.24756193,8.57158756,8.42853069,0,13.3309927,-2.24756193,7.16346264,0,,,,50
57852488,0.5,0,1,1.02329385,0,0,0,0,15.9349623,-2.30994725,8.5565176,8.42853069,0,13.3309927,-2.30994725,7.14016867,0,,,,50
57853615,0.5,0,1,1.02329385,0,0,0,0,15.9349623,-2.30994725,8.57460117,8.42853069,0,13.3238449,-2.30994725,7.14016867,0,,,,50
57854750,0.5,0,1,0.997455657,0,0,0,0,15.9349623,-2.21395707,8.58967113,8.42853069,0,13.3309927,-2.21395707,7.14271307,0,,,,50
57855876,0.5,0,1,0.997455657,0,0,0,0,15.9395075,-2.21395707,8.57761478,8.42853069,0,13.3309927,-2.21395707,7.14271307,0,,,,50
57857007,0.5,0,1,0.997455657,0,0,0,0,15.9395075,-1.92978919,8.56555939,8.42853069,0,13.3309927,-1.92978919,7.14525747,0,,,,50
57858133,0.5,0,1,0.997455657,0,0,0,0,15.9304171,-1.92978919,8.58062935,8.42219639,0,13.3309927,-1.92978919,7.14525747,0,,,,50
57859264,0.5,0,1,0.992987275,0,0,0,0,15.9349623,-1.51965773,8.58967113,8.42853069,0,13.3309927,-1.51965773,7.15226984,0,,,,50
57860390,0.5,0,1,0.992987275,0,0,0,0,15.9304171,-1.51965773,8.58665657,8.42853069,0,13.3309927,-1.51965773,7.15226984,0,,,,50
57861521,0.5,0,1,0.992987275,0,0,0,0,15.9395075,-1.04991889,8.58967113,8.42853069,0,13.3238449,-1.04991889,7.15928268,0,,,,50
57862652,0.5,0,1,0.965357542,0,0,0,0,15.9349623,-1.04991889,8.58967113,8.42853069,0,13.3238449,-1.04991889,7.15928268,0,,,,50
57863783,0.5,1,1,0.965357542,0.0161172152,0,0,0,15.9349623,-0.519329965,8.57460117,8.42641926,0,13.3309927,-0.519329965,7.19392538,0,,,,50
57864909,0.5,1,1,0.965357542,0.00805860758,0,0,0,15.9395075,-0.519329965,8.57761478,8.42853069,0,13.3309927,-0.519329965,7.19392538,0,,,,50
57866040,0.5,1,1,0.965357542,0.0161172152,0,0,0,15.9349623,0.0946521685,8.56254578,8.42641926,0,13.3166971,0.0946521685,7.2285676,0,,,,50
57867167,0.5,1,1,0.969344616,0.00805860758,0,0,0,15.9304171,0.0946521685,8.53843403,8.42853069,0,13.3309927,0.0946521685,7.2285676,0,,,,50
57868297,0.5,1,1,0.969344616,0.0322344303,0,0,0,15.9349623,0.741794765,8.53843403,8.42853069,0,13.3238449,0.741794765,7.25922298,0,,,,50
57869633,0.5,1,1,0.969344616,0.0402930379,0,0,0,15.9349623,0.741794765,8.52336502,8.42430782,0,13.3238449,0.741794765,7.25922298,0,,,,50
57870764,0.5,1,1,0.973008811,0.0483516455,0,0,0,15.9349623,1.35025227,8.51432323,8.42008495,0,13.3309927,1.35025227,7.28621435,0,,,,50
57871890,0.5,1,1,0.973008811,0.0483516455,0,0,0,15.9349623,1.35025227,8.54144764,8.43064213,0,13.3309927,1.35025227,7.28621435,0,,,,50
57873021,0.5,1,1,0.973008811,0.0725274682,0,0,0,15.9349623,1.88450289,8.44198895,8.42430782,0,13.3166971,1.88450289,7.31320524,0,,,,50
57874147,0.5,1,1,0.973008811,0.0644688606,0,0,0,15.9349623,1.88450289,8.49623966,8.41586208,0,13.3238449,1.88450289,7.31320524,0,,,,50
57875278,0.5,0.857142866,1,0.949957848,0.0483516455,0.00805860758,0,0,15.9304171,2.38251209,8.50528145,8.4074173,0,13.3309927,2.38251209,7.36324739,0,,,,50
57876405,0.5,1,1,0.949957848,0.0483516455,0,0,0,15.9349623,2.38251209,8.52637863,8.40530586,0,13.3309927,2.38251209,7.36324739,0,,,,50
57877541,0.5,0.769230783,1,0.949957848,0.0805860758,0.0241758227,0,0,15.9304171,2.89781475,8.49925327,8.40530586,0,13.3309927,2.89781475,7.41328955,0,,,,50
57878668,0.5,0.699999988,1,0.949957848,0.056410253,0.0241758227,0,0,15.9349623,2.89781475,8.44500256,8.39686012,0,13.3309927,2.89781475,7.41328955,0,,,,50
57879799,0.5,0.727272749,1,0.927973628,0.0644688606,0.0241758227,0,0,15.9349623,3.45882583,8.52336502,8.38419151,0,13.3238449,3.45882583,7.4853158,0,,,,50
57880925,0.5,0.75,1,0.927973628,0.0725274682,0.0241758227,0,0,15.9304171,3.45882583,8.52336502,8.40319443,0,13.3309927,3.45882583,7.4853158,0,,,,50
57882056,0.5,0.714285731,1,0.927973628,0.0805860758,0.0322344303,0,0,15.9304171,4.07870007,8.48418331,8.39686012,0,13.3166971,4.07870007,7.55734205,0,,,,50
57883183,0.5,0.777777791,1,0.927973628,0.112820506,0.0322344303,0,0,15.9349623,4.07870007,8.48418331,8.39263725,0,13.3238449,4.07870007,7.55734205,0,,,,50
57884313,0.5,0.736842096,1,0.942440689,0.112820506,0.0402930379,0,0,15.9304171,4.69444704,8.4811697,8.39686012,0,13.3238449,4.69444704,7.61490154,0,,,,50
57885445,0.5,0.708333313,1,0.942440689,0.136996329,0.056410253,0,0,15.9304171,4.69444704,8.45404434,8.38630295,0,13.3238449,4.69444704,7.61490154,0,,,,50
57886575,0.5,0.692307711,1,0.942440689,0.145054936,0.0644688606,0,0,15.9304171,5.23052406,8.39075184,8.37785816,0,13.3238449,5.23052406,7.67246056,0,,,,50
57887702,0.5,0.703703701,1,0.949957848,0.153113544,0.0644688606,0,0,15.9304171,5.23052406,8.43294716,8.36941242,0,13.3238449,5.23052406,7.67246056,0,,,,50
57888833,0.5,0.666666687,1,0.949957848,0.145054936,0.0725274682,0,0,15.9304171,5.66109753,8.31540394,8.36730099,0,13.3238449,5.66109753,7.72250271,0,,,,50
57890163,0.5,0.744186044,1,0.949957848,0.257875443,0.0886446834,0,0,15.9349623,5.66109753,8.43596077,8.36307812,0,13.3238449,5.66109753,7.72250271,0,,,,50
57891294,0.5,0.568181813,1,0.949957848,0.201465189,0.153113544,0,0,15.9258718,5.9851203,8.43596077,8.31662846,0,13.3238449,5.9851203,7.77254486,0,,,,50
57892421,0.5,0.585365832,1,0.938892245,0.193406582,0.136996329,0,0,15.9304171,5.9851203,8.47212791,8.33351898,0,13.3238449,5.9851203,7.77254486,0,,,,50
57893556,0.5,0.555555582,1,0.938892245,0.201465189,0.161172152,0,0,15.9122372,6.24291658,8.39075184,8.3250742,0,13.3166971,6.24291658,7.8336525,0,,,,50
57894683,0.5,0.576923072,1,0.938892245,0.241758227,0.177289367,0,0,15.9122372,6.24291658,8.37266827,8.31662846,0,13.3166971,6.24291658,7.8336525,0,,,,50
57895814,0.5,0.525423706,1,0.938892245,0.249816835,0.225641012,0,0,15.907692,6.4822278,8.35157108,8.31029415,0,13.3095493,6.4822278,7.89476013,0,,,,50
57896940,0.5,0.54411763,1,0.920692921,0.29816848,0.249816835,0,0,15.907692,6.4822278,8.34554291,8.28495789,0,13.3166971,6.4822278,7.89476013,0,,,,50
57898071,0.5,0.538461566,1,0.920692921,0.282051265,0.241758227,0,0,15.907692,6.74528408,8.33348751,8.2976265,0,13.3095493,6.74528408,7.97406721,0,,,,50
57899197,0.5,0.571428597,1,0.920692921,0.290109873,0.217582405,0,0,15.9167824,6.74528408,8.38171005,8.30818272,0,13.3238449,6.74528408,7.97406721,0,,,,50
57900333,0.5,0.547169805,1,0.920692921,0.23369962,0.193406582,0,0,15.9213276,7.06324387,8.39678001,8.32718563,0,13.3238449,7.06324387,8.05337429,0,,,,50
57901459,0.5,0.560975611,1,0.921224356,0.185347974,0.145054936,0,0,15.9258718,7.06324387,8.43596077,8.34618759,0,13.3238449,7.06324387,8.05337429,0,,,,50
57902590,0.5,0.510638297,1,0.921224356,0.193406582,0.185347974,0,0,15.9213276,7.4164443,8.44198895,8.39474869,0,13.3238449,7.4164443,8.1321497,0,,,,50
57903716,0.5,0.568181813,1,0.921224356,0.201465189,0.153113544,0,0,15.9258718,7.4164443,8.44500256,8.32296276,0,13.3238449,7.4164443,8.1321497,0,,,,50
57904847,0.5,0.485714287,1,0.942329407,0.136996329,0.145054936,0,0,15.9213276,7.73209858,8.43596077,8.33774185,0,13.3238449,7.73209858,8.18982029,0,,,,50
57905973,0.5,0.568181813,1,0.942329407,0.201465189,0.153113544,0,0,15.9213276,7.73209858,8.4058218,8.33563042,0,13.3238449,7.73209858,8.18982029,0,,,,50
57907104,0.5,0.5625,1,0.942329407,0.217582405,0.169230759,0,0,15.9213276,7.94841337,8.39979362,8.32718563,0,13.3166971,7.94841337,8.24749088,0,,,,50
57908236,0.5,0.596153855,1,0.942329407,0.249816835,0.169230759,0,0,15.9167824,7.94841337,8.39979362,8.32296276,0,13.3166971,7.94841337,8.24749088,0,,,,50
57909366,0.5,0.519999981,1,0.957021534,0.209523797,0.193406582,0,0,15.9167824,8.04793072,8.38171005,8.32085133,0,13.3166971,8.04793072,8.29046917,0,,,,50
57910493,0.5,0.568627477,1,0.957021534,0.23369962,0.177289367,0,0,15.9167824,8.04793072,8.38773823,8.32296276,0,13.3238449,8.04793072,8.29046917,0,,,,50
57911828,0.5,0.574468076,1,0.957021534,0.217582405,0.161172152,0,0,15.9167824,8.03431034,8.39678001,8.3250742,0,13.3166971,8.03431034,8.33344746,0,,,,50
57912954,0.5,0.549019635,1,0.973246217,0.225641012,0.185347974,0,0,15.9167824,8.03431034,8.39979362,8.32929707,0,13.3238449,8.03431034,8.33344746,0,,,,50
57914085,0.5,0.537037015,1,0.973246217,0.23369962,0.201465189,0,0,15.9213276,7.91341972,8.39075184,8.32718563,0,13.3166971,7.91341972,8.36020088,0,,,,50
57915211,0.5,0.551020384,1,0.973246217,0.217582405,0.177289367,0,0,15.9167824,7.91341972,8.40883541,8.32929707,0,13.3166971,7.91341972,8.36020088,0,,,,50
57916346,0.5,0.579999983,1,0.973246217,0.23369962,0.169230759,0,0,15.9213276,7.69325972,8.39678001,8.34196472,0,13.3238449,7.69325972,8.38695526,0,,,,50
57917473,0.5,0.520833313,1,0.985019863,0.201465189,0.185347974,0,0,15.9167824,7.69325972,8.39979362,8.32718563,0,13.3238449,7.69325972,8.38695526,0,,,,50
57918604,0.5,0.560000002,1,0.985019863,0.225641012,0.177289367,0,0,15.9213276,7.39247656,8.39979362,8.32718563,0,13.3238449,7.39247656,8.40193462,0,,,,50
57919730,0.5,0.595744669,1,0.985019863,0.225641012,0.153113544,0,0,15.9258718,7.39247656,8.38171005,8.34407616,0,13.3309927,7.39247656,8.40193462,0,,,,50
57920861,0.5,0.553191483,1,0.997455657,0.209523797,0.169230759,0,0,15.9258718,7.00823498,8.39075184,8.33774185,0,13.3166971,7.00823498,8.40447903,0,,,,50
57921987,0.5,0.524999976,1,0.997455657,0.169230759,0.153113544,0,0,15.9258718,7.00823498,8.40883541,8.33774185,0,13.3238449,7.00823498,8.40447903,0,,,,50
57923118,0.5,0.571428597,1,0.997455657,0.193406582,0.145054936,0,0,15.9258718,6.55189085,8.44198895,8.33985329,0,13.3238449,6.55189085,8.40702343,0,,,,50
57924249,0.5,0.568181813,1,0.997455657,0.201465189,0.153113544,0,0,15.9258718,6.55189085,8.42691898,8.3525219,0,13.3238449,6.55189085,8.40702343,0,,,,50
57925380,0.5,0.578947365,1,1.01911187,0.177289367,0.128937721,0,0,15.9304171,6.02972794,8.42089176,8.34618759,0,13.3238449,6.02972794,8.3879118,0,,,,50
57926507,0.5,0.545454562,1,1.01911187,0.145054936,0.120879114,0,0,15.9213276,6.02972794,8.43596077,8.36096668,0,13.3238449,6.02972794,8.3879118,0,,,,50
57927637,0.5,0.517241359,1,1.01911187,0.120879114,0.112820506,0,0,15.9349623,5.4388504,8.58364296,8.36730099,0,13.3309927,5.4388504,8.36879921,0,,,,50
57928764,0.5,0.628571451,1,1.0143187,0.177289367,0.104761899,0,0,15.9304171,5.4388504,8.30636215,8.35885525,0,13.3238449,5.4388504,8.36879921,0,,,,50
57929894,0.5,0.633333325,1,1.0143187,0.153113544,0.0886446834,0,0,15.9304171,4.83036613,8.48719788,8.37152386,0,13.3238449,4.83036613,8.35448074,0,,,,50
57931026,0.5,0.642857134,1,1.0143187,0.145054936,0.0805860758,0,0,15.9304171,4.83036613,8.45404434,8.37574673,0,13.3238449,4.83036613,8.35448074,0,,,,50
57932360,0.5,0.75,1,1.0143187,0.120879114,0.0402930379,0,0,15.9304171,4.26333284,8.48719788,8.40952778,0,13.3309927,4.26333284,8.34016228,0,,,,50
57933487,0.5,0.772727251,1,1.02684927,0.136996329,0.0402930379,0,0,15.9304171,4.26333284,8.4691143,8.40108299,0,13.3309927,4.26333284,8.34016228,0,,,,50
57934617,0.5,0.764705896,1,1.02684927,0.104761899,0.0322344303,0,0,15.9304171,3.73699236,8.46007252,8.40952778,0,13.3095493,3.73699236,8.31331253,0,,,,50
57935744,0.5,0.736842096,1,1.02684927,0.112820506,0.0402930379,0,0,15.9304171,3.73699236,8.48418331,8.4074173,0,13.3166971,3.73699236,8.31331253,0,,,,50
57936874,0.5,0.75,1,1.02684927,0.0967032909,0.0322344303,0,0,15.9304171,3.22936487,8.50226688,8.42219639,0,13.3238449,3.22936487,8.28646374,0,,,,50
57938001,0.5,0.764705896,1,1.02684927,0.104761899,0.0322344303,0,0,15.9304171,3.22936487,8.50528145,8.39897156,0,13.3309927,3.22936487,8.28646374,0,,,,50
57939137,0.5,0.785714269,1,1.02684927,0.0886446834,0.0241758227,0,0,15.9304171,2.74954414,8.51130867,8.4074173,0,13.3238449,2.74954414,8.25961399,0,,,,50
57940263,0.5,0.6875,1,1.02684927,0.0886446834,0.0402930379,0,0,15.9304171,2.74954414,8.50829506,8.40108299,0,13.3095493,2.74954414,8.25961399,0,,,,50
57941394,0.5,0.785714269,1,1.02684927,0.0886446834,0.0241758227,0,0,15.9349623,2.31439066,8.50226688,8.41797352,0,13.3309927,2.31439066,8.2327652,0,,,,50
57942520,0.5,0.75,1,1.02684927,0.0725274682,0.0241758227,0,0,15.9304171,2.31439066,8.49925327,8.41375065,0,13.3166971,2.31439066,8.2327652,0,,,,50
57943651,0.5,0.75,1,1.02684927,0.0725274682,0.0241758227,0,0,15.9349623,1.93066442,8.53542042,8.40530586,0,13.3238449,1.93066442,8.20591545,0,,,,50
57944777,0.5,0.769230783,1,1.04077804,0.0805860758,0.0241758227,0,0,15.9349623,1.93066442,8.46609974,8.41797352,0,13.3309927,1.93066442,8.20591545,0,,,,50
57945908,0.5,0.636363626,1,1.04077804,0.056410253,0.0322344303,0,0,15.9349623,1.57312226,8.52939224,8.40952778,0,13.3238449,1.57312226,8.16513729,0,,,,50
57947039,0.5,0.636363626,1,1.04077804,0.056410253,0.0322344303,0,0,15.9349623,1.57312226,8.51733685,8.39897156,0,13.3166971,1.57312226,8.16513729,0,,,,50
57948170,0.5,0.857142866,1,1.04077804,0.0483516455,0.00805860758,0,0,15.9349623,1.21014071,8.51733685,8.42219639,0,13.3095493,1.21014071,8.12436008,0,,,,50
57949296,0.5,0.875,1,1.01924193,0.056410253,0.00805860758,0,0,15.9349623,1.21014071,8.50528145,8.42219639,0,13.3309927,1.21014071,8.12436008,0,,,,50
57950427,0.5,1,1,1.01924193,0.056410253,0,0,0,15.9349623,0.889254332,8.53843403,8.42008495,0,13.3166971,0.889254332,8.1051178,0,,,,50
57951554,0.5,0.888888896,1,1.01924193,0.0644688606,0.00805860758,0,0,15.9304171,0.889254332,8.5444622,8.42008495,0,13.3309927,0.889254332,8.1051178,0,,,,50
57952889,0.5,1,1,1.00575304,0.056410253,0,0,0,15.9349623,0.698903739,8.52939224,8.42430782,0,13.3309927,0.698903739,8.09936428,0,,,,50
57954015,0.5,1,1,1.00575304,0.056410253,0,0,0,15.9304171,0.698903739,8.55048943,8.42430782,0,13.3238449,0.698903739,8.09936428,0,,,,50
57955151,0.5,1,1,1.00575304,0.0402930379,0,0,0,15.9349623,0.657193184,8.55350399,8.42008495,0,13.3238449,0.657193184,8.09361172,0,,,,50
57956277,0.5,1,1,1.00575304,0.0402930379,0,0,0,15.9304171,0.657193184,8.54747581,8.41375065,0,13.3309927,0.657193184,8.09361172,0,,,,50
57957408,0.5,1,1,1.01794171,0.0483516455,0,0,0,15.9349623,0.694799423,8.56254578,8.42641926,0,13.3238449,0.694799423,8.07567024,0,,,,50
57958534,0.5,1,1,1.01794171,0.0402930379,0,0,0,15.9304171,0.694799423,8.51432323,8.42641926,0,13.3309927,0.694799423,8.07567024,0,,,,50
57959665,0.5,1,1,1.01794171,0.0483516455,0,0,0,15.9304171,0.738985479,8.50528145,8.42853069,0,13.3166971,0.738985479,8.05772781,0,,,,50
57960792,0.5,0.800000012,1,1.00587988,0.0322344303,0.00805860758,0,0,15.9349623,0.738985479,8.53542042,8.42641926,0,13.3309927,0.738985479,8.05772781,0,,,,50
57961927,0.5,0.800000012,1,1.00587988,0.0322344303,0.00805860758,0,0,15.9349623,0.792141974,8.53843403,8.42641926,0,13.3238449,0.792141974,8.05184841,0,,,,50
57963054,0.5,1,1,1.00587988,0.0402930379,0,0,0,15.9349623,0.792141974,8.52336502,8.42430782,0,13.3166971,0.792141974,8.05184841,0,,,,50
57964184,0.5,1,1,1.00587988,0.0402930379,0,0,0,15.9349623,0.881384313,8.51733685,8.42853069,0,13.3309927,0.881384313,8.04596806,0,,,,50
57965311,0.5,1,1,1.0143187,0.0483516455,0,0,0,15.9349623,0.881384313,8.52035046,8.43064213,0,13.3309927,0.881384313,8.04596806,0,,,,50
57966441,0.5,1,1,1.0143187,0.0322344303,0,0,0,15.9349623,0.982199252,8.52035046,8.42641926,0,13.3309927,0.982199252,8.03164959,0,,,,50
57967568,0.5,1,1,1.0143187,0.056410253,0,0,0,15.9304171,0.982199252,8.52336502,8.42853069,0,13.3024006,0.982199252,8.03164959,0,,,,50
57968699,0.5,1,1,1.0143187,0.0483516455,0,0,0,15.9304171,1.0574832,8.51733685,8.42008495,0,13.3309927,1.0574832,8.01733112,0,,,,50
57969830,0.5,1,1,1.0143187,0.0402930379,0,0,0,15.9304171,1.0574832,8.50829506,8.42219639,0,13.3309927,1.0574832,8.01733112,0,,,,50
57970961,0.5,1,1,1.0143187,0.0402930379,0,0,0,15.9349623,1.10299087,8.50829506,8.42219639,0,13.3309927,1.10299087,8.00301266,0,,,,50
57972087,0.5,1,1,1.0143187,0.0402930379,0,0,0,15.9349623,1.10299087,8.53240585,8.42430782,0,13.3238449,1.10299087,8.00301266,0,,,,50
57973218,0.5,1,1,0.985141397,0.0402930379,0,0,0,15.9304171,1.18134451,8.50829506,8.42008495,0,13.3238449,1.18134451,8.0178709,0,,,,50
57974548,0.5,1,1,0.985141397,0.0483516455,0,0,0,15.9349623,1.18134451,8.53240585,8.42008495,0,13.3238449,1.18134451,8.0178709,0,,,,50
57975679,0.5,1,1,0.985141397,0.0483516455,0,0,0,15.9349623,1.35873294,8.52637863,8.43064213,0,13.3238449,1.35873294,8.03272915,0,,,,50
57976805,0.5,1,1,0.989171386,0.0483516455,0,0,0,15.9304171,1.35873294,8.51432323,8.42853069,0,13.3309927,1.35873294,8.03272915,0,,,,50
57977940,0.5,1,1,0.989171386,0.0483516455,0,0,0,15.9349623,1.60621083,8.51130867,8.42008495,0,13.3309927,1.60621083,8.04355812,0,,,,50
57979067,0.5,1,1,0.989171386,0.0402930379,0,0,0,15.9349623,1.60621083,8.50528145,8.42008495,0,13.3166971,1.60621083,8.04355812,0,,,,50
57980198,0.5,0.857142866,1,0.989171386,0.0483516455,0.00805860758,0,0,15.9304171,1.86700094,8.49925327,8.40952778,0,13.3238449,1.86700094,8.05438709,0,,,,50
57981324,0.5,0.777777791,1,0.989048779,0.056410253,0.0161172152,0,0,15.9349623,1.86700094,8.53843403,8.41797352,0,13.3238449,1.86700094,8.05438709,0,,,,50
57982455,0.5,0.857142866,1,0.989048779,0.0483516455,0.00805860758,0,0,15.9304171,2.11535072,8.52637863,8.41586208,0,13.3238449,2.11535072,8.06533813,0,,,,50
57983581,0.5,0.75,1,0.989048779,0.0483516455,0.0161172152,0,0,15.9349623,2.11535072,8.53240585,8.42219639,0,13.3238449,2.11535072,8.06533813,0,,,,50
57984717,0.5,0.888888896,1,0.989171386,0.0644688606,0.00805860758,0,0,15.9349623,2.34139705,8.49623966,8.40952778,0,13.3238449,2.34139705,8.07616615,0,,,,50
57985843,0.5,0.800000012,1,0.989171386,0.0644688606,0.0161172152,0,0,15.9304171,2.34139705,8.55953121,8.41375065,0,13.3309927,2.34139705,8.07616615,0,,,,50
57986974,0.5,0.800000012,1,0.989171386,0.0644688606,0.0161172152,0,0,15.9349623,2.54044795,8.45705795,8.40108299,0,13.3309927,2.54044795,8.08699512,0,,,,50
57988100,0.5,0.818181813,1,0.989171386,0.0725274682,0.0161172152,0,0,15.9304171,2.54044795,8.43294716,8.39897156,0,13.3095493,2.54044795,8.08699512,0,,,,50
57989231,0.5,0.777777791,1,0.977298856,0.056410253,0.0161172152,0,0,15.9304171,2.73363304,8.53542042,8.40319443,0,13.3309927,2.73363304,8.10969639,0,,,,50
57990357,0.5,0.75,1,0.977298856,0.0725274682,0.0241758227,0,0,15.9304171,2.73363304,8.51130867,8.38841438,0,13.3238449,2.73363304,8.10969639,0,,,,50
57991488,0.5,0.75,1,0.977298856,0.0725274682,0.0241758227,0,0,15.9304171,2.94676352,8.51733685,8.39897156,0,13.3238449,2.94676352,8.13239765,0,,,,50
57992620,0.5,0.727272749,1,0.957595706,0.0644688606,0.0241758227,0,0,15.9304171,2.94676352,8.51733685,8.39897156,0,13.3238449,2.94676352,8.13239765,0,,,,50
57993750,0.5,0.727272749,1,0.957595706,0.0644688606,0.0241758227,0,0,15.9304171,3.20833206,8.52637863,8.40108299,0,13.3309927,3.20833206,8.17480183,0,,,,50
57995081,0.5,0.714285731,1,0.957595706,0.0805860758,0.0322344303,0,0,15.9349623,3.20833206,8.47212791,8.39263725,0,13.3024006,3.20833206,8.17480183,0,,,,50
57996212,0.5,0.785714269,1,0.957595706,0.0886446834,0.0241758227,0,0,15.9349623,3.54077935,8.4811697,8.40108299,0,13.3309927,3.54077935,8.217206,0,,,,50
57997339,0.5,0.785714269,1,0.961982608,0.0886446834,0.0241758227,0,0,15.9304171,3.54077935,8.44500256,8.40319443,0,13.3238449,3.54077935,8.217206,0,,,,50
57998469,0.5,0.722222209,1,0.961982608,0.104761899,0.0402930379,0,0,15.9304171,3.90847993,8.49021149,8.39686012,0,13.3238449,3.90847993,8.25522327,0,,,,50
57999596,0.5,0.736842096,1,0.961982608,0.112820506,0.0402930379,0,0,15.9349623,3.90847993,8.44500256,8.39474869,0,13.3309927,3.90847993,8.25522327,0,,,,50
58000731,0.5,0.761904776,1,0.965357542,0.128937721,0.0402930379,0,0,15.9304171,4.25647211,8.46609974,8.39686012,0,13.3309927,4.25647211,8.28986549,0,,,,50
58001857,0.5,0.800000012,1,0.965357542,0.128937721,0.0322344303,0,0,15.9304171,4.25647211,8.43596077,8.38419151,0,13.3309927,4.25647211,8.28986549,0,,,,50
58002988,0.5,0.681818187,1,0.965357542,0.120879114,0.056410253,0,0,15.9349623,4.55875444,8.43897438,8.37785816,0,13.3166971,4.55875444,8.32450771,0,,,,50
58004114,0.5,0.714285731,1,0.965357542,0.161172152,0.0644688606,0,0,15.9258718,4.55875444,8.48418331,8.37785816,0,13.3238449,4.55875444,8.32450771,0,,,,50
58005245,0.5,0.680000007,1,0.965357542,0.136996329,0.0644688606,0,0,15.9349623,4.81407785,8.44198895,8.37574673,0,13.3238449,4.81407785,8.35914993,0,,,,50
58006372,0.5,0.800000012,1,0.953134835,0.225641012,0.056410253,0,0,15.9258718,4.81407785,8.27923679,8.3799696,0,13.3238449,4.81407785,8.35914993,0,,,,50
58007502,0.5,0.680000007,1,0.953134835,0.136996329,0.0644688606,0,0,15.9304171,5.05094814,8.42993259,8.36730099,0,13.3238449,5.05094814,8.4060154,0,,,,50
58008634,0.5,0.699999988,1,0.953134835,0.169230759,0.0725274682,0,0,15.9258718,5.05094814,8.48719788,8.38208103,0,13.3024006,5.05094814,8.4060154,0,,,,50
58009764,0.5,0.666666687,1,0.965240717,0.128937721,0.0644688606,0,0,15.9258718,5.27797937,8.45705795,8.3799696,0,13.3238449,5.27797937,8.44077492,0,,,,50
58010891,0.5,0.703703701,1,0.965240717,0.153113544,0.0644688606,0,0,15.9304171,5.27797937,8.44198895,8.38208103,0,13.3238449,5.27797937,8.44077492,0,,,,50
58012021,0.5,0.756756783,1,0.965240717,0.225641012,0.0725274682,0,0,15.9258718,5.46505547,8.52637863,8.38419151,0,13.3238449,5.46505547,8.47553349,0,,,,50
58013148,0.5,0.692307711,1,0.965240717,0.145054936,0.0644688606,0,0,15.9304171,5.46505547,8.46609974,8.37574673,0,13.3309927,5.46505547,8.47553349,0,,,,50
58014278,0.5,0.724137902,1,0.968991518,0.169230759,0.0644688606,0,0,15.9304171,5.59946918,8.52035046,8.37785816,0,13.3238449,5.59946918,8.50654221,0,,,,50
58015410,0.5,0.692307711,1,0.968991518,0.145054936,0.0644688606,0,0,15.9258718,5.59946918,8.45103073,8.38419151,0,13.3238449,5.59946918,8.50654221,0,,,,50
58016745,0.5,0.541666687,1,0.968991518,0.104761899,0.0886446834,0,0,15.9349623,5.68614769,8.52637863,8.37152386,0,13.3166971,5.68614769,8.53755093,0,,,,50
58017872,0.5,0.682926834,1,0.965240717,0.225641012,0.104761899,0,0,15.9304171,5.68614769,8.2671814,8.36730099,0,13.3238449,5.68614769,8.53755093,0,,,,50
58019002,0.5,0.685714304,1,0.965240717,0.193406582,0.0886446834,0,0,15.9304171,5.74469328,8.57158756,8.36941242,0,13.3238449,5.74469328,8.57230949,0,,,,50
58020129,0.5,0.645161271,1,0.965240717,0.161172152,0.0886446834,0,0,15.9304171,5.74469328,8.46609974,8.37785816,0,13.3238449,5.74469328,8.57230949,0,,,,50
58021259,0.5,0.70588237,1,0.965240717,0.193406582,0.0805860758,0,0,15.9213276,5.79635715,8.46308613,8.37574673,0,13.3166971,5.79635715,8.60706902,0,,,,50
58022386,0.5,0.666666687,1,0.993481815,0.177289367,0.0886446834,0,0,15.9258718,5.79635715,8.36061287,8.38419151,0,13.3238449,5.79635715,8.60706902,0,,,,50
58023521,0.5,0.653846145,1,0.993481815,0.136996329,0.0725274682,0,0,15.9304171,5.79453754,8.41486359,8.37363529,0,13.3309927,5.79453754,8.61358738,0,,,,50
58024648,0.5,0.666666687,1,0.993481815,0.145054936,0.0725274682,0,0,15.9258718,5.79453754,8.43897438,8.37785816,0,13.3238449,5.79453754,8.61358738,0,,,,50
58025779,0.5,0.703703701,1,0.989171386,0.153113544,0.0644688606,0,0,15.9304171,5.68856192,8.34855747,8.38208103,0,13.3238449,5.68856192,8.6244154,0,,,,50
58026905,0.5,0.642857134,1,0.989171386,0.145054936,0.0805860758,0,0,15.9304171,5.68856192,8.4178772,8.37574673,0,13.3238449,5.68856192,8.6244154,0,,,,50
58028036,0.5,0.666666687,1,0.989171386,0.161172152,0.0805860758,0,0,15.9258718,5.51226807,8.49925327,8.36941242,0,13.3166971,5.51226807,8.63524437,0,,,,50
58029163,0.5,0.677419364,1,0.989171386,0.169230759,0.0805860758,0,0,15.9304171,5.51226807,8.35759926,8.38208103,0,13.3095493,5.51226807,8.63524437,0,,,,50
58030293,0.5,0.742857158,1,1.00146151,0.209523797,0.0725274682,0,0,15.9304171,5.28913689,8.58062935,8.3799696,0,13.3238449,5.28913689,8.63378239,0,,,,50
58031425,0.5,0.714285731,1,1.00146151,0.161172152,0.0644688606,0,0,15.9258718,5.28913689,8.45404434,8.38208103,0,13.3024006,5.28913689,8.63378239,0,,,,50
58032556,0.5,0.703703701,1,1.00146151,0.153113544,0.0644688606,0,0,15.9258718,5.01727772,8.30033493,8.37152386,0,13.3238449,5.01727772,8.63232136,0,,,,50
58033682,0.5,0.600000024,1,1.01444769,0.120879114,0.0805860758,0,0,15.9258718,5.01727772,8.48719788,8.38630295,0,13.3238449,5.01727772,8.63232136,0,,,,50
58034812,0.5,0.740740716,1,1.01444769,0.161172152,0.056410253,0,0,15.9304171,4.69711971,8.44198895,8.37152386,0,13.3238449,4.69711971,8.61787319,0,,,,50
58035939,0.5,0.730769217,1,1.01444769,0.153113544,0.056410253,0,0,15.9304171,4.69711971,8.43294716,8.38419151,0,13.3238449,4.69711971,8.61787319,0,,,,50
58037274,0.5,0.772727251,1,1.01444769,0.136996329,0.0402930379,0,0,15.9304171,4.33080101,8.47212791,8.40108299,0,13.3238449,4.33080101,8.60342598,0,,,,50
58038400,0.5,0.782608688,1,1.00183868,0.145054936,0.0402930379,0,0,15.9304171,4.33080101,8.44801617,8.38630295,0,13.3238449,4.33080101,8.60342598,0,,,,50
58039536,0.5,0.727272749,1,1.00183868,0.128937721,0.0483516455,0,0,15.9304171,3.96955276,8.48418331,8.39897156,0,13.3238449,3.96955276,8.6015873,0,,,,50
58040662,0.5,0.727272749,1,1.00183868,0.128937721,0.0483516455,0,0,15.9304171,3.96955276,8.47212791,8.40108299,0,13.3166971,3.96955276,8.6015873,0,,,,50
58041793,0.5,0.75,1,1.01418972,0.120879114,0.0402930379,0,0,15.9304171,3.64749646,8.49925327,8.39686012,0,13.3238449,3.64749646,8.58739758,0,,,,50
58042919,0.5,0.761904776,1,1.01418972,0.128937721,0.0402930379,0,0,15.9304171,3.64749646,8.48719788,8.39897156,0,13.3238449,3.64749646,8.58739758,0,,,,50
58044050,0.5,0.736842096,1,1.01418972,0.112820506,0.0402930379,0,0,15.9304171,3.34502697,8.49021149,8.39686012,0,13.3166971,3.34502697,8.57320786,0,,,,50
58045177,0.5,0.75,1,1.01418972,0.120879114,0.0402930379,0,0,15.9349623,3.34502697,8.50226688,8.40530586,0,13.3238449,3.34502697,8.57320786,0,,,,50
58046312,0.5,0.823529422,1,1.01846147,0.112820506,0.0241758227,0,0,15.9304171,3.05077744,8.49925327,8.41375065,0,13.3238449,3.05077744,8.55474567,0,,,,50
58047438,0.5,0.777777791,1,1.01846147,0.112820506,0.0322344303,0,0,15.9304171,3.05077744,8.49623966,8.40108299,0,13.3238449,3.05077744,8.55474567,0,,,,50
58048569,0.5,0.733333349,1,1.01846147,0.0886446834,0.0322344303,0,0,15.9349623,2.7662611,8.4691143,8.41797352,0,13.3095493,2.7662611,8.53628445,0,,,,50
58049696,0.5,0.769230783,1,0.997580349,0.0805860758,0.0241758227,0,0,15.9304171,2.7662611,8.50528145,8.40952778,0,13.3309927,2.7662611,8.53628445,0,,,,50
58050826,0.5,0.769230783,1,0.997580349,0.0805860758,0.0241758227,0,0,15.9349623,2.5381906,8.51432323,8.40530586,0,13.3309927,2.5381906,8.53870392,0,,,,50
58051953,0.5,0.769230783,1,0.997580349,0.0805860758,0.0241758227,0,0,15.9304171,2.5381906,8.49925327,8.41375065,0,13.3238449,2.5381906,8.53870392,0,,,,50
58053083,0.5,0.666666687,1,1.03229558,0.0644688606,0.0322344303,0,0,15.9304171,2.35309863,8.52336502,8.40530586,0,13.3095493,2.35309863,8.50640869,0,,,,50
58054215,0.5,0.692307711,1,1.03229558,0.0725274682,0.0322344303,0,0,15.9349623,2.35309863,8.47514153,8.39897156,0,13.3309927,2.35309863,8.50640869,0,,,,50
58055345,0.5,0.769230783,1,1.03229558,0.0805860758,0.0241758227,0,0,15.9349623,2.12391162,8.49623966,8.38630295,0,13.3309927,2.12391162,8.47411346,0,,,,50
58056472,0.5,0.699999988,1,1.03229558,0.056410253,0.0241758227,0,0,15.9304171,2.12391162,8.52035046,8.40319443,0,13.3381405,2.12391162,8.47411346,0,,,,50
58057807,0.5,0.666666687,1,1.04995334,0.0644688606,0.0322344303,0,0,15.9304171,1.8115834,8.4932251,8.40530586,0,13.3238449,1.8115834,8.42416,0,,,,50
58058933,0.5,0.666666687,1,1.04995334,0.0644688606,0.0322344303,0,0,15.9304171,1.8115834,8.52336502,8.4074173,0,13.3238449,1.8115834,8.42416,0,,,,50
58060064,0.5,0.75,1,1.04995334,0.0483516455,0.0161172152,0,0,15.9349623,1.41664052,8.54747581,8.42219639,0,13.3095493,1.41664052,8.37420654,0,,,,50
58061191,0.5,0.714285731,1,1.03176177,0.0402930379,0.0161172152,0,0,15.9304171,1.41664052,8.51432323,8.39686012,0,13.3309927,1.41664052,8.37420654,0,,,,50
58062326,0.5,0.833333313,1,1.03176177,0.0402930379,0.00805860758,0,0,15.9304171,1.01039016,8.52336502,8.41163921,0,13.3381405,1.01039016,8.34244442,0,,,,50
58063453,0.5,0.857142866,1,1.03176177,0.0483516455,0.00805860758,0,0,15.9349623,1.01039016,8.53542042,8.42641926,0,13.3309927,1.01039016,8.34244442,0,,,,50
58064583,0.5,0.833333313,1,1.04077804,0.0402930379,0.00805860758,0,0,15.9304171,0.656908274,8.5444622,8.42219639,0,13.3238449,0.656908274,8.30166626,0,,,,50
58065710,0.5,0.857142866,1,1.04077804,0.0483516455,0.00805860758,0,0,15.9349623,0.656908274,8.50528145,8.41797352,0,13.3309927,0.656908274,8.30166626,0,,,,50
58066840,0.5,1,1,1.04077804,0.0483516455,0,0,0,15.9349623,0.346453279,8.52939224,8.42853069,0,13.3309927,0.346453279,8.2608881,0,,,,50
58067967,0.5,1,1,1.04077804,0.0402930379,0,0,0,15.9349623,0.346453279,8.50528145,8.42008495,0,13.3309927,0.346453279,8.2608881,0,,,,50
58069098,0.5,1,1,1.00982606,0.0402930379,0,0,0,15.9349623,0.125192612,8.55048943,8.43064213,0,13.3309927,0.125192612,8.25106239,0,,,,50
58070229,0.5,1,1,1.00982606,0.0402930379,0,0,0,15.9395075,0.125192612,8.55048943,8.41797352,0,13.3309927,0.125192612,8.25106239,0,,,,50
58071359,0.5,1,1,1.00982606,0.0402930379,0,0,0,15.9304171,0.0580852292,8.57761478,8.42853069,0,13.3309927,0.0580852292,8.24123669,0,,,,50
58072487,0.5,1,1,1.0143187,0.0402930379,0,0,0,15.9349623,0.0580852292,8.53843403,8.43697548,0,13.3309927,0.0580852292,8.24123669,0,,,,50
58073618,0.5,1,1,1.0143187,0.0402930379,0,0,0,15.9349623,0.107784428,8.5444622,8.43275356,0,13.3238449,0.107784428,8.22691727,0,,,,50
58074744,0.5,1,1,1.0143187,0.0402930379,0,0,0,15.9349623,0.107784428,8.55350399,8.43275356,0,13.3166971,0.107784428,8.22691727,0,,,,50
58075875,0.5,1,1,1.0143187,0.0402930379,0,0,0,15.9304171,0.207257286,8.52336502,8.43064213,0,13.3309927,0.207257286,8.2125988,0,,,,50
58077006,0.5,1,1,1.00146151,0.0402930379,0,0,0,15.9349623,0.207257286,8.53240585,8.42430782,0,13.3238449,0.207257286,8.2125988,0,,,,50
58078137,0.5,1,1,1.00146151,0.0322344303,0,0,0,15.9349623,0.346993983,8.52336502,8.42430782,0,13.3309927,0.346993983,8.21113777,0,,,,50
58079467,0.5,1,1,1.00146151,0.0402930379,0,0,0,15.9349623,0.346993983,8.46308613,8.42641926,0,13.3309927,0.346993983,8.21113777,0,,,,50
58080598,0.5,1,1,1.00562644,0.0402930379,0,0,0,15.9349623,0.530188799,8.5565176,8.43275356,0,13.3309927,0.530188799,8.20551109,0,,,,50
58081725,0.5,1,1,1.00562644,0.0402930379,0,0,0,15.9304171,0.530188799,8.53240585,8.43064213,0,13.3309927,0.530188799,8.20551109,0,,,,50
58082856,0.5,1,1,1.00562644,0.0402930379,0,0,0,15.9304171,0.727727115,8.52336502,8.43064213,0,13.3309927,0.727727115,8.19988441,0,,,,50
58083982,0.5,1,1,1.00562644,0.0483516455,0,0,0,15.9349623,0.727727115,8.51733685,8.43275356,0,13.3166971,0.727727115,8.19988441,0,,,,50
58085118,0.5,1,1,1.01885152,0.0402930379,0,0,0,15.9304171,0.891202509,8.52035046,8.42853069,0,13.3381405,0.891202509,8.18103313,0,,,,50
58086244,0.5,1,1,1.01885152,0.0322344303,0,0,0,15.9349623,0.891202509,8.52336502,8.42430782,0,13.3238449,0.891202509,8.18103313,0,,,,50
58087375,0.5,1,1,1.01885152,0.0402930379,0,0,0,15.9304171,0.984798491,8.55048943,8.42430782,0,13.3309927,0.984798491,8.16218185,0,,,,50
58088501,0.5,1,1,1.00587988,0.0483516455,0,0,0,15.9349623,0.984798491,8.54144764,8.42641926,0,13.3309927,0.984798491,8.16218185,0,,,,50
58089632,0.5,1,1,1.00587988,0.0402930379,0,0,0,15.9304171,1.04051697,8.55350399,8.42219639,0,13.3238449,1.04051697,8.1563015,0,,,,50
58090759,0.5,1,1,1.00587988,0.0402930379,0,0,0,15.9349623,1.04051697,8.54144764,8.41797352,0,13.3309927,1.04051697,8.1563015,0,,,,50
58091889,0.5,1,1,1.00587988,0.0402930379,0,0,0,15.9349623,1.10768425,8.52637863,8.42008495,0,13.3238449,1.10768425,8.1504221,0,,,,50
58093022,0.5,1,1,1.00575304,0.0322344303,0,0,0,15.9349623,1.10768425,8.51733685,8.41586208,0,13.3238449,1.10768425,8.1504221,0,,,,50
58094153,0.5,1,1,1.00575304,0.0322344303,0,0,0,15.9349623,1.19043899,8.55953121,8.42008495,0,13.3238449,1.19043899,8.14466858,0,,,,50
58095279,0.5,1,1,1.00575304,0.0402930379,0,0,0,15.9304171,1.19043899,8.52336502,8.43064213,0,13.3309927,1.19043899,8.14466858,0,,,,50
58096410,0.5,1,1,0.997580349,0.056410253,0,0,0,15.9349623,1.29164326,8.52637863,8.41586208,0,13.3238449,1.29164326,8.14708805,0,,,,50
58097536,0.5,1,1,0.997580349,0.0402930379,0,0,0,15.9349623,1.29164326,8.52637863,8.42430782,0,13.3309927,1.29164326,8.14708805,0,,,,50
58098667,0.5,1,1,0.997580349,0.0402930379,0,0,0,15.9304171,1.42070377,8.52336502,8.42219639,0,13.3166971,1.42070377,8.14950752,0,,,,50
58099998,0.5,1,1,0.997580349,0.0402930379,0,0,0,15.9304171,1.42070377,8.52637863,8.42853069,0,13.3238449,1.42070377,8.14950752,0,,,,50
58101133,0.5,1,1,0.935918987,0.056410253,0,0,0,15.9349623,1.68066418,8.53240585,8.40530586,0,13.3238449,1.68066418,8.21358871,0,,,,50
58102260,0.5,0.875,1,0.935918987,0.056410253,0.00805860758,0,0,15.9349623,1.68066418,8.52035046,8.42641926,0,13.3309927,1.68066418,8.21358871,0,,,,50
58103390,0.5,0.833333313,1,0.935918987,0.0402930379,0.00805860758,0,0,15.9304171,2.18201828,8.54144764,8.42008495,0,13.3309927,2.18201828,8.27766991,0,,,,50
58104517,0.5,1,1,0.935918987,0.0483516455,0,0,0,15.9258718,2.18201828,8.5444622,8.41797352,0,13.3238449,2.18201828,8.27766991,0,,,,50
58105648,0.5,0.875,1,0.927865684,0.056410253,0.00805860758,0,0,15.9349623,2.87541699,8.52939224,8.41586208,0,13.3238449,2.87541699,8.34980392,0,,,,50
58106774,0.5,0.857142866,1,0.927865684,0.0483516455,0.00805860758,0,0,15.9304171,2.87541699,8.53542042,8.41163921,0,13.3238449,2.87541699,8.34980392,0,,,,50
58107910,0.5,0.800000012,1,0.927865684,0.0644688606,0.0161172152,0,0,15.9349623,3.66316986,8.4811697,8.39897156,0,13.3309927,3.66316986,8.4219389,0,,,,50
58109036,0.5,0.699999988,1,0.927865684,0.056410253,0.0241758227,0,0,15.9349623,3.66316986,8.43294716,8.41586208,0,13.3166971,3.66316986,8.4219389,0,,,,50
58110167,0.5,0.714285731,1,0.980180025,0.0805860758,0.0322344303,0,0,15.9304171,4.37158489,8.4811697,8.39263725,0,13.3238449,4.37158489,8.44175816,0,,,,50
58111293,0.5,0.714285731,1,0.980180025,0.0805860758,0.0322344303,0,0,15.9304171,4.37158489,8.46308613,8.39897156,0,13.3238449,4.37158489,8.44175816,0,,,,50
58112424,0.5,0.736842096,1,0.980180025,0.112820506,0.0402930379,0,0,15.9349623,4.83906937,8.46609974,8.39263725,0,13.3095493,4.83906937,8.46157837,0,,,,50
58113551,0.5,0.761904776,1,0.98090291,0.128937721,0.0402930379,0,0,15.9304171,4.83906937,8.43897438,8.38841438,0,13.3238449,4.83906937,8.46157837,0,,,,50
58114682,0.5,0.739130437,1,0.98090291,0.136996329,0.0483516455,0,0,15.9304171,5.08204031,8.42390537,8.39052582,0,13.3309927,5.08204031,8.4806757,0,,,,50
58115813,0.5,0.681818187,1,0.98090291,0.120879114,0.056410253,0,0,15.9304171,5.08204031,8.46308613,8.37363529,0,13.3238449,5.08204031,8.4806757,0,,,,50
58116944,0.5,0.6875,1,0.98090291,0.177289367,0.0805860758,0,0,15.9349623,5.17931604,8.31841755,8.36941242,0,13.3238449,5.17931604,8.49977207,0,,,,50
58118070,0.5,0.65625,1,0.9538185,0.169230759,0.0886446834,0,0,15.9349623,5.17931604,8.42089176,8.37363529,0,13.3095493,5.17931604,8.49977207,0,,,,50
58119201,0.5,0.666666687,1,0.9538185,0.161172152,0.0805860758,0,0,15.9304171,5.23678207,8.42691898,8.37363529,0,13.3238449,5.23678207,8.54595375,0,,,,50
58120328,0.5,0.607142866,1,0.9538185,0.136996329,0.0886446834,0,0,15.9349623,5.23678207,8.44801617,8.36941242,0,13.3238449,5.23678207,8.54595375,0,,,,50
58121662,0.5,0.65625,1,0.942663312,0.169230759,0.0886446834,0,0,15.9304171,5.36949396,8.44500256,8.37152386,0,13.3238449,5.36949396,8.60329056,0,,,,50
58122789,0.5,0.589743614,1,0.942663312,0.185347974,0.128937721,0,0,15.9258718,5.36949396,8.4178772,8.33563042,0,13.3309927,5.36949396,8.60329056,0,,,,50
58123924,0.5,0.621621609,1,0.942663312,0.185347974,0.112820506,0,0,15.9258718,5.60190916,8.39979362,8.36307812,0.00714798551,13.3238449,5.60190916,8.66062737,0,,,,50
58125051,0.5,0.536585391,1,0.942663312,0.177289367,0.153113544,0,0,15.9213276,5.60190916,8.39979362,8.32929707,0,13.3024006,5.60190916,8.66062737,0,,,,50
58126181,0.5,0.560000002,1,0.953704476,0.225641012,0.177289367,0,0,15.9122372,5.87201738,8.36362648,8.32296276,0,13.3166971,5.87201738,8.70692253,0,,,,50
58127308,0.5,0.547169805,1,0.953704476,0.23369962,0.193406582,0,0,15.907692,5.87201738,8.37568283,8.31662846,0,13.3166971,5.87201738,8.70692253,0,,,,50
58128438,0.5,0.553571403,1,0.953704476,0.249816835,0.201465189,0,0,15.9167824,6.11778975,8.38171005,8.31873989,0,13.3166971,6.11778975,8.7532177,0,,,,50
58129565,0.5,0.53061223,1,0.965240717,0.209523797,0.185347974,0,0,15.9213276,6.11778975,8.38773823,8.32718563,0,13.3238449,6.11778975,8.7532177,0,,,,50
58130700,0.5,0.534883738,1,0.965240717,0.185347974,0.161172152,0,0,15.9304171,6.30385923,8.3937664,8.35041046,0,13.3238449,6.30385923,8.78797722,0,,,,50
58131826,0.5,0.600000024,1,0.965240717,0.145054936,0.0967032909,0,0,15.9258718,6.30385923,8.29129314,8.36096668,0,13.3238449,6.30385923,8.78797722,0,,,,50
58132957,0.5,0.481481493,1,0.965240717,0.104761899,0.112820506,0,0,15.9304171,6.41264629,8.52336502,8.35463333,0,13.3238449,6.41264629,8.82273674,0,,,,50
58134083,0.5,0.609756112,1,0.965240717,0.201465189,0.128937721,0,0,15.9304171,6.41264629,8.4932251,8.31873989,0,13.3238449,6.41264629,8.82273674,0,,,,50
58135214,0.5,0.524999976,1,0.965240717,0.169230759,0.153113544,0,0,15.9258718,6.45989799,8.42691898,8.37152386,0,13.3238449,6.45989799,8.85749531,0,,,,50
58136340,0.5,0.634146333,1,0.965240717,0.209523797,0.120879114,0,0,15.9258718,6.45989799,8.48719788,8.40530586,0,13.3238449,6.45989799,8.85749531,0,,,,50
58137471,0.5,0.600000024,1,0.965240717,0.169230759,0.112820506,0,0,15.9213276,6.47093344,8.41184998,8.32085133,0,13.3095493,6.47093344,8.89225483,0,,,,50
58138602,0.5,0.579999983,1,0.965240717,0.23369962,0.169230759,0,0,15.9258718,6.47093344,8.4058218,8.34829903,0,13.3238449,6.47093344,8.89225483,0,,,,50
58139733,0.5,0.594594598,1,0.965240717,0.177289367,0.120879114,0,0,15.9258718,6.46257448,8.43897438,8.3799696,0,13.3166971,6.46257448,8.92701435,0,,,,50
58140860,0.5,0.685714304,1,0.965240717,0.193406582,0.0886446834,0,0,15.9258718,6.46257448,8.44500256,8.33351898,0,13.3309927,6.46257448,8.92701435,0,,,,50
58142195,0.5,0.583333313,1,0.965240717,0.169230759,0.120879114,0,0,15.9304171,6.44577456,8.40883541,8.3525219,0,13.3238449,6.44577456,8.96177292,0,,,,50
58143321,0.5,0.567567587,1,0.973127484,0.169230759,0.128937721,0,0,15.9258718,6.44577456,8.52035046,8.3525219,0,13.3309927,6.44577456,8.96177292,0,,,,50
58144452,0.5,0.482758611,1,0.973127484,0.112820506,0.120879114,0,0,15.9304171,6.41276932,8.27320957,8.36096668,0,13.3238449,6.41276932,8.98864555,0,,,,50
58145578,0.5,0.666666687,1,0.973127484,0.177289367,0.0886446834,0,0,15.9304171,6.41276932,8.46308613,8.36518955,0,13.3095493,6.41276932,8.98864555,0,,,,50
58146713,0.5,0.607142866,1,0.997455657,0.136996329,0.0886446834,0,0,15.9349623,6.30625105,8.59871292,8.37152386,0,13.3238449,6.30625105,8.99118996,0,,,,50
58147840,0.5,0.566666663,1,0.997455657,0.136996329,0.104761899,0,0,15.9304171,6.30625105,8.32745934,8.36307812,0,13.3238449,6.30625105,8.99118996,0,,,,50
58148970,0.5,0.638888896,1,0.997455657,0.185347974,0.104761899,0,0,15.9304171,6.08538914,8.45705795,8.36730099,0,13.3238449,6.08538914,8.99373436,0,,,,50
58150098,0.5,0.64864862,1,0.997455657,0.193406582,0.104761899,0,0,15.9349623,6.08538914,8.60172653,8.37363529,0,13.3238449,6.08538914,8.99373436,0,,,,50
58151228,0.5,0.607142866,1,1.00982606,0.136996329,0.0886446834,0,0,15.9304171,5.76385403,8.44500256,8.36941242,0,13.3238449,5.76385403,8.98390865,0,,,,50
58152354,0.5,0.694444418,1,1.00982606,0.201465189,0.0886446834,0,0,15.9304171,5.76385403,8.38773823,8.36730099,0,13.3238449,5.76385403,8.98390865,0,,,,50
58153485,0.5,0.699999988,1,1.00982606,0.225641012,0.0967032909,0,0,15.9304171,5.36820269,8.2671814,8.36941242,0,13.3095493,5.36820269,8.97408199,0,,,,50
58154616,0.5,0.620689631,1,1.03189516,0.145054936,0.0886446834,0,0,15.9395075,5.36820269,8.568573,8.37363529,0,13.3309927,5.36820269,8.97408199,0,,,,50
58155747,0.5,0.692307711,1,1.03189516,0.145054936,0.0644688606,0,0,15.9258718,4.89992571,8.30636215,8.37785816,0,13.3238449,4.89992571,8.94218731,0,,,,50
58156874,0.5,0.703703701,1,1.03189516,0.153113544,0.0644688606,0,0,15.9304171,4.89992571,8.4811697,8.39263725,0,13.3238449,4.89992571,8.94218731,0,,,,50
58158005,0.5,0.75,1,1.03189516,0.169230759,0.056410253,0,0,15.9304171,4.35336733,8.42089176,8.39686012,0,13.3238449,4.35336733,8.91029167,0,,,,50
58159131,0.5,0.75999999,1,1.01509297,0.153113544,0.0483516455,0,0,15.9304171,4.35336733,8.41486359,8.3799696,0,13.3238449,4.35336733,8.91029167,0,,,,50
58160262,0.5,0.727272749,1,1.01509297,0.128937721,0.0483516455,0,0,15.9349623,3.80171561,8.46007252,8.37785816,0,13.3309927,3.80171561,8.89519882,0,,,,50
58161393,0.5,0.772727251,1,1.01509297,0.136996329,0.0402930379,0,0,15.9258718,3.80171561,8.4932251,8.39474869,0,13.3238449,3.80171561,8.89519882,0,,,,50
58162524,0.5,0.789473712,1,1.02290034,0.120879114,0.0322344303,0,0,15.9349623,3.31518936,8.4932251,8.40530586,0,13.3238449,3.31518936,8.87229824,0,,,,50
58163854,0.5,0.777777791,1,1.02290034,0.112820506,0.0322344303,0,0,15.9304171,3.31518936,8.48719788,8.40108299,0,13.3309927,3.31518936,8.87229824,0,,,,50
58164985,0.5,0.800000012,1,1.02290034,0.128937721,0.0322344303,0,0,15.9349623,2.89064074,8.47815609,8.39263725,0,13.3238449,2.89064074,8.84939766,0,,,,50
58166111,0.5,0.75,1,1.01807165,0.0967032909,0.0322344303,0,0,15.9349623,2.89064074,8.48418331,8.40530586,0,13.3238449,2.89064074,8.84939766,0,,,,50
58167242,0.5,0.733333349,1,1.01807165,0.0886446834,0.0322344303,0,0,15.9395075,2.52760983,8.50226688,8.39897156,0,13.3309927,2.52760983,8.83132648,0,,,,50
58168369,0.5,0.769230783,1,1.01807165,0.0805860758,0.0241758227,0,0,15.9349623,2.52760983,8.52336502,8.40108299,0,13.3238449,2.52760983,8.83132648,0,,,,50
58169505,0.5,0.769230783,1,1.01807165,0.0805860758,0.0241758227,0,0,15.9349623,2.23575139,8.52336502,8.41797352,0,13.3238449,2.23575139,8.81325436,0,,,,50
58170631,0.5,0.733333349,1,0.997455657,0.0886446834,0.0322344303,0,0,15.9349623,2.23575139,8.49623966,8.40530586,0,13.3309927,2.23575139,8.81325436,0,,,,50
58171762,0.5,0.75,1,0.997455657,0.0483516455,0.0161172152,0,0,15.9349623,2.04547048,8.51733685,8.40108299,0.00714798551,13.3166971,2.04547048,8.81579876,0,,,,50
58172888,0.5,0.800000012,1,0.997455657,0.0644688606,0.0161172152,0,0,15.9349623,2.04547048,8.52939224,8.41375065,0,13.3238449,2.04547048,8.81579876,0,,,,50
58174019,0.5,0.666666687,1,1.01444769,0.0483516455,0.0241758227,0,0,15.9349623,1.95389068,8.52939224,8.4074173,0,13.3238449,1.95389068,8.80135155,0,,,,50
58175146,0.5,0.636363626,1,1.01444769,0.056410253,0.0322344303,0,0,15.9349623,1.95389068,8.54144764,8.42219639,0,13.3238449,1.95389068,8.80135155,0,,,,50
58176276,0.5,0.699999988,1,1.01444769,0.056410253,0.0241758227,0,0,15.9304171,1.89662671,8.54747581,8.40952778,0,13.3309927,1.89662671,8.78690338,0,,,,50
58177408,0.5,0.777777791,1,1.02303147,0.056410253,0.0161172152,0,0,15.9304171,1.89662671,8.5444622,8.41375065,0,13.3309927,1.89662671,8.78690338,0,,,,50
58178539,0.5,0.833333313,1,1.02303147,0.0402930379,0.00805860758,0,0,15.9349623,1.82743573,8.55350399,8.41375065,0,13.3238449,1.82743573,8.76387215,0,,,,50
58179665,0.5,0.75,1,1.02303147,0.0483516455,0.0161172152,0,0,15.9349623,1.82743573,8.53843403,8.40319443,0,13.3309927,1.82743573,8.76387215,0,,,,50
58180796,0.5,0.75,1,1.02303147,0.0483516455,0.0161172152,0,0,15.9349623,1.72922385,8.51733685,8.41375065,0,13.3309927,1.72922385,8.74084091,0,,,,50
58181923,0.5,0.600000024,1,1.01859152,0.0483516455,0.0322344303,0,0,15.9349623,1.72922385,8.52637863,8.40952778,0,13.3309927,1.72922385,8.74084091,0,,,,50
58183053,0.5,0.75,1,1.01859152,0.0483516455,0.0161172152,0,0,15.9304171,1.61774063,8.51733685,8.42219639,0,13.3238449,1.61774063,8.72224903,0,,,,50
58184384,0.5,0.714285731,1,1.01859152,0.0402930379,0.0161172152,0,0,15.9349623,1.61774063,8.52637863,8.4074173,0,13.3309927,1.61774063,8.72224903,0,,,,50
58185520,0.5,0.888888896,1,1.03189516,0.0644688606,0.00805860758,0,0,15.9349623,1.49227297,8.51733685,8.42008495,0,13.3309927,1.49227297,8.69035339,0,,,,50
58186646,0.5,1,1,1.03189516,0.056410253,0,0,0,15.9349623,1.49227297,8.49021149,8.42430782,0,13.3309927,1.49227297,8.69035339,0,,,,50
58187777,0.5,0.857142866,1,1.03189516,0.0483516455,0.00805860758,0,0,15.9349623,1.33041108,8.52035046,8.41797352,0,13.3309927,1.33041108,8.65845871,0,,,,50
58188903,0.5,0.857142866,1,1.03189516,0.0483516455,0.00805860758,0,0,15.9349623,1.33041108,8.52336502,8.42430782,0,13.3238449,1.33041108,8.65845871,0,,,,50
58190034,0.5,0.875,1,1.0143187,0.056410253,0.00805860758,0,0,15.9349623,1.17375684,8.52939224,8.42008495,0,13.3238449,1.17375684,8.64414024,0,,,,50
58191161,0.5,0.899999976,1,1.0143187,0.0725274682,0.00805860758,0,0,15.9349623,1.17375684,8.51432323,8.41163921,0,13.3166971,1.17375684,8.64414024,0,,,,50
58192297,0.5,1,1,1.0143187,0.056410253,0,0,0,15.9304171,1.07965887,8.52939224,8.41797352,0,13.3238449,1.07965887,8.62982082,0,,,,50
58193423,0.5,0.857142866,1,1.0143187,0.0483516455,0.00805860758,0,0,15.9349623,1.07965887,8.50528145,8.41586208,0,13.3309927,1.07965887,8.62982082,0,,,,50
58194554,0.5,1,1,1.0143187,0.056410253,0,0,0,15.9304171,1.04497671,8.53843403,8.41586208,0,13.3309927,1.04497671,8.61550236,0,,,,50
58195680,0.5,0.875,1,1.0143187,0.056410253,0.00805860758,0,0,15.9304171,1.04497671,8.53843403,8.42008495,0,13.3309927,1.04497671,8.61550236,0,,,,50
58196811,0.5,0.857142866,1,1.0143187,0.0483516455,0.00805860758,0,0,15.9349623,1.04534292,8.51432323,8.42008495,0,13.3238449,1.04534292,8.60118389,0,,,,50
58197938,0.5,0.857142866,1,1.0143187,0.0483516455,0.00805860758,0,0,15.9349623,1.04534292,8.5565176,8.42430782,0,13.3309927,1.04534292,8.60118389,0,,,,50
58199068,0.5,0.833333313,1,1.0143187,0.0402930379,0.00805860758,0,0,15.9349623,1.06462967,8.53240585,8.42641926,0,13.3095493,1.06462967,8.58686543,0,,,,50
58200200,0.5,1,1,1.0143187,0.0483516455,0,0,0,15.9349623,1.06462967,8.51130867,8.41586208,0,13.3238449,1.06462967,8.58686543,0,,,,50
58201330,0.5,0.857142866,1,1.00562644,0.0483516455,0.00805860758,0,0,15.9349623,1.10845971,8.51733685,8.40952778,0,13.3309927,1.10845971,8.58123875,0,,,,50
58202457,0.5,1,1,1.00562644,0.0402930379,0,0,0,15.9349623,1.10845971,8.55953121,8.41797352,0,13.3309927,1.10845971,8.58123875,0,,,,50
58203587,0.5,0.833333313,1,1.00562644,0.0402930379,0.00805860758,0,0,15.9349623,1.18809879,8.52637863,8.42430782,0,13.3309927,1.18809879,8.57561207,0,,,,50
58204918,0.5,1,1,1.00562644,0.0402930379,0,0,0,15.9304171,1.18809879,8.55350399,8.42430782,0,13.3166971,1.18809879,8.57561207,0,,,,50
58206048,0.5,0.833333313,1,1.00171304,0.0402930379,0.00805860758,0,0,15.9349623,1.29912508,8.52035046,8.42008495,0,13.3166971,1.29912508,8.57389927,0,,,,50
58207175,0.5,1,1,1.00171304,0.0402930379,0,0,0,15.9349623,1.29912508,8.52637863,8.41375065,0,13.3309927,1.29912508,8.57389927,0,,,,50
58208310,0.5,1,1,1.00171304,0.0402930379,0,0,0,15.9349623,1.43201864,8.52637863,8.42008495,0,13.3238449,1.43201864,8.57218647,0,,,,50
58209436,0.5,1,1,1.00587988,0.0322344303,0,0,0,15.9304171,1.43201864,8.53843403,8.42219639,0,13.3309927,1.43201864,8.57218647,0,,,,50
58210567,0.5,0.833333313,1,1.00587988,0.0402930379,0.00805860758,0,0,15.9304171,1.56507623,8.52336502,8.41163921,0,13.3309927,1.56507623,8.56630611,0,,,,50
58211694,0.5,1,1,1.00587988,0.056410253,0,0,0,15.9349623,1.56507623,8.51733685,8.42641926,0,13.3309927,1.56507623,8.56630611,0,,,,50
58212825,0.5,0.888888896,1,1.00587988,0.0644688606,0.00805860758,0,0,15.9349623,1.67697692,8.51432323,8.41163921,0,13.3095493,1.67697692,8.56042671,0,,,,50
58213951,0.5,0.75,1,1.00158727,0.0483516455,0.0161172152,0,0,15.9349623,1.67697692,8.51432323,8.41375065,0,13.3309927,1.67697692,8.56042671,0,,,,50
58215082,0.5,1,1,1.00158727,0.056410253,0,0,0,15.9304171,1.7723794,8.5444622,8.41586208,0,13.3238449,1.7723794,8.55883884,0,,,,50
58216213,0.5,0.800000012,1,1.00158727,0.0644688606,0.0161172152,0,0,15.9304171,1.7723794,8.54747581,8.41375065,0,13.3238449,1.7723794,8.55883884,0,,,,50
58217344,0.5,0.777777791,1,1.01444769,0.056410253,0.0161172152,0,0,15.9304171,1.84033871,8.52336502,8.41375065,0,13.3238449,1.84033871,8.54439163,0,,,,50
58218471,0.5,1,1,1.01444769,0.056410253,0,0,0,15.9304171,1.84033871,8.52035046,8.42219639,0,13.3309927,1.84033871,8.54439163,0,,,,50
58219601,0.5,0.857142866,1,1.01444769,0.0483516455,0.00805860758,0,0,15.9304171,1.85419524,8.4932251,8.42008495,0,13.3238449,1.85419524,8.52994347,0,,,,50
58220728,0.5,0.899999976,1,1.01444769,0.0725274682,0.00805860758,0,0,15.9349623,1.85419524,8.51130867,8.41375065,0,13.3309927,1.85419524,8.52994347,0,,,,50
58221858,0.5,0.833333313,1,0.997455657,0.0805860758,0.0161172152,0,0,15.9304171,1.85248649,8.5444622,8.4074173,0,13.3309927,1.85248649,8.53248787,0,,,,50
58222990,0.5,0.818181813,1,0.997455657,0.0725274682,0.0161172152,0,0,15.9349623,1.85248649,8.56555939,8.41586208,0,13.3238449,1.85248649,8.53248787,0,,,,50
58224120,0.5,0.909090936,1,0.997455657,0.0805860758,0.00805860758,0,0,15.9304171,1.89099395,8.56555939,8.41375065,0,13.3309927,1.89099395,8.53503227,0,,,,50
58225247,0.5,0.888888896,1,0.997455657,0.0644688606,0.00805860758,0,0,15.9349623,1.89099395,8.52336502,8.40319443,0,13.3238449,1.89099395,8.53503227,0,,,,50
58226582,0.5,0.75,1,0.997455657,0.0725274682,0.0241758227,0,0,15.9349623,1.96816909,8.46007252,8.4074173,0,13.3309927,1.96816909,8.53757668,0,,,,50
58227708,0.5,0.777777791,1,0.997455657,0.056410253,0.0161172152,0,0,15.9349623,1.96816909,8.45103073,8.41375065,0,13.3309927,1.96816909,8.53757668,0,,,,50
58228839,0.5,0.699999988,1,0.997455657,0.056410253,0.0241758227,0,0,15.9349623,2.0625124,8.44198895,8.40530586,0,13.3238449,2.0625124,8.54012108,0,,,,50
58229965,0.5,0.777777791,1,0.997455657,0.056410253,0.0161172152,0,0,15.9349623,2.0625124,8.55953121,8.40108299,0,13.3309927,2.0625124,8.54012108,0,,,,50
58231101,0.5,0.666666687,1,0.997455657,0.0644688606,0.0322344303,0,0,15.9304171,2.16068888,8.57158756,8.41797352,0,13.3238449,2.16068888,8.54266548,0,,,,50
58232227,0.5,0.666666687,1,0.997455657,0.0644688606,0.0322344303,0,0,15.9304171,2.16068888,8.43897438,8.40319443,0,13.3238449,2.16068888,8.54266548,0,,,,50
58233358,0.5,0.727272749,1,0.997455657,0.0644688606,0.0241758227,0,0,15.9304171,2.25476336,8.49623966,8.40319443,0,13.3309927,2.25476336,8.54520988,0,,,,50
58234484,0.5,0.777777791,1,0.965357542,0.056410253,0.0161172152,0,0,15.9349623,2.25476336,8.4932251,8.40108299,0,13.3238449,2.25476336,8.54520988,0,,,,50
58235615,0.5,0.636363626,1,0.965357542,0.056410253,0.0322344303,0,0,15.9349623,2.39998841,8.50829506,8.4074173,0,13.3238449,2.39998841,8.5798521,0,,,,50
58236741,0.5,0.692307711,1,0.965357542,0.0725274682,0.0322344303,0,0,15.9349623,2.39998841,8.4811697,8.39263725,0,13.3309927,2.39998841,8.5798521,0,,,,50
58237872,0.5,0.769230783,1,0.965357542,0.0805860758,0.0241758227,0,0,15.9304171,2.66043353,8.44198895,8.40108299,0,13.3238449,2.66043353,8.61449432,0,,,,50
58239003,0.5,0.636363626,1,0.968991518,0.056410253,0.0322344303,0,0,15.9349623,2.66043353,8.46609974,8.40319443,0,13.3238449,2.66043353,8.61449432,0,,,,50
58240134,0.5,0.600000024,1,0.968991518,0.0483516455,0.0322344303,0,0,15.9304171,3.00028849,8.53240585,8.40952778,0,13.3238449,3.00028849,8.64550304,0,,,,50
58241260,0.5,0.727272749,1,0.968991518,0.0644688606,0.0241758227,0,0,15.9304171,3.00028849,8.52939224,8.40530586,0.00714798551,13.3238449,3.00028849,8.64550304,0,,,,50
58242391,0.5,0.75,1,0.968991518,0.0725274682,0.0241758227,0,0,15.9304171,3.35552764,8.4932251,8.38208103,0,13.3238449,3.35552764,8.67651176,0,,,,50
58243518,0.5,0.75,1,0.968991518,0.0725274682,0.0241758227,0,0,15.9349623,3.35552764,8.49925327,8.40108299,0,13.3309927,3.35552764,8.67651176,0,,,,50
58244648,0.5,0.769230783,1,0.968991518,0.0805860758,0.0241758227,0,0,15.9349623,3.69514871,8.50226688,8.40530586,0,13.3309927,3.69514871,8.70751953,0,,,,50
58245775,0.5,0.733333349,1,0.968991518,0.0886446834,0.0322344303,0,0,15.9349623,3.69514871,8.47514153,8.39474869,0,13.3238449,3.69514871,8.70751953,0,,,,50
58247114,0.5,0.777777791,1,0.968991518,0.112820506,0.0322344303,0,0,15.9304171,4.0061245,8.46609974,8.39897156,0,13.3238449,4.0061245,8.73852825,0,,,,50
58248241,0.5,0.722222209,1,0.968991518,0.104761899,0.0402930379,0,0,15.9258718,4.0061245,8.48418331,8.39897156,0,13.3238449,4.0061245,8.73852825,0,,,,50
58249371,0.5,0.722222209,1,0.968991518,0.104761899,0.0402930379,0,0,15.9349623,4.2826972,8.46308613,8.39686012,0,13.3095493,4.2826972,8.76953697,0,,,,50
58250498,0.5,0.772727251,1,1.00587988,0.136996329,0.0402930379,0,0,15.9304171,4.2826972,8.46007252,8.40319443,0,13.3238449,4.2826972,8.76953697,0,,,,50
58251628,0.5,0.695652187,1,1.00587988,0.128937721,0.056410253,0,0,15.9304171,4.45524454,8.43897438,8.37574673,0,13.3309927,4.45524454,8.76365662,0,,,,50
58252755,0.5,0.727272749,1,1.00587988,0.128937721,0.0483516455,0,0,15.9304171,4.45524454,8.46308613,8.38630295,0,13.3238449,4.45524454,8.76365662,0,,,,50
58253891,0.5,0.727272749,1,1.00587988,0.128937721,0.0483516455,0,0,15.9304171,4.4494729,8.46308613,8.37785816,0,13.3238449,4.4494729,8.75777721,0,,,,50
58255017,0.5,0.739130437,1,0.984655142,0.136996329,0.0483516455,0,0,15.9304171,4.4494729,8.47815609,8.39474869,0,13.3238449,4.4494729,8.75777721,0,,,,50
58256148,0.5,0.708333313,1,0.984655142,0.136996329,0.056410253,0,0,15.9304171,4.34072447,8.47212791,8.36518955,0,13.3238449,4.34072447,8.77312183,0,,,,50
58257275,0.5,0.791666687,1,0.984655142,0.153113544,0.0402930379,0,0,15.9304171,4.34072447,8.45103073,8.39263725,0,13.3309927,4.34072447,8.77312183,0,,,,50
58258405,0.5,0.761904776,1,0.965240717,0.128937721,0.0402930379,0,0,15.9304171,4.27792978,8.48719788,8.3799696,0,13.3238449,4.27792978,8.8078804,0,,,,50
58259532,0.5,0.75,1,0.965240717,0.145054936,0.0483516455,0,0,15.9304171,4.27792978,8.45103073,8.39686012,0,13.3238449,4.27792978,8.8078804,0,,,,50
58260663,0.5,0.692307711,1,0.965240717,0.145054936,0.0644688606,0,0,15.9304171,4.3264246,8.4691143,8.38841438,0,13.3238449,4.3264246,8.84263992,0,,,,50
58261794,0.5,0.692307711,1,0.965240717,0.145054936,0.0644688606,0,0,15.9304171,4.3264246,8.42390537,8.39263725,0,13.3166971,4.3264246,8.84263992,0,,,,50
58262925,0.5,0.739130437,1,0.973127484,0.136996329,0.0483516455,0,0,15.9304171,4.44403505,8.46609974,8.40319443,0,13.3309927,4.44403505,8.86951256,0,,,,50
58264051,0.5,0.800000012,1,0.973127484,0.128937721,0.0322344303,0,0,15.9349623,4.44403505,8.47815609,8.40319443,0,13.3095493,4.44403505,8.86951256,0,,,,50
58265182,0.5,0.75,1,0.973127484,0.120879114,0.0402930379,0,0,15.9258718,4.5728035,8.44198895,8.39263725,0,13.3238449,4.5728035,8.89638519,0,,,,50
58266309,0.5,0.75,1,0.973127484,0.145054936,0.0483516455,0,0,15.9304171,4.5728035,8.47815609,8.39474869,0,13.3238449,4.5728035,8.89638519,0,,,,50
58267439,0.5,0.761904776,1,0.973127484,0.128937721,0.0402930379,0,0,15.9304171,4.69318533,8.44500256,8.40108299,0,13.3238449,4.69318533,8.92325783,0,,,,50
58268770,0.5,0.818181813,1,0.973127484,0.145054936,0.0322344303,0,0,15.9304171,4.69318533,8.48719788,8.40319443,0,13.3238449,4.69318533,8.92325783,0,,,,50
58269905,0.5,0.739130437,1,0.973127484,0.136996329,0.0483516455,0,0,15.9304171,4.80284119,8.46007252,8.39686012,0,13.3238449,4.80284119,8.95012951,0,,,,50
58271031,0.5,0.75,1,0.989171386,0.145054936,0.0483516455,0,0,15.9304171,4.80284119,8.42390537,8.39474869,0,13.3238449,4.80284119,8.95012951,0,,,,50
58272162,0.5,0.782608688,1,0.989171386,0.145054936,0.0402930379,0,0,15.9304171,4.87122297,8.43596077,8.39897156,0,13.3238449,4.87122297,8.96095848,0,,,,50
58273289,0.5,0.772727251,1,0.989171386,0.136996329,0.0402930379,0,0,15.9304171,4.87122297,8.47212791,8.39052582,0,13.3166971,4.87122297,8.96095848,0,,,,50
58274419,0.5,0.739130437,1,0.989171386,0.136996329,0.0483516455,0,0,15.9304171,4.86559296,8.4811697,8.39897156,0,13.3238449,4.86559296,8.97178745,0,,,,50
58275546,0.5,0.769230783,1,0.989171386,0.161172152,0.0483516455,0,0,15.9304171,4.86559296,8.44500256,8.39263725,0,13.3238449,4.86559296,8.97178745,0,,,,50
58276681,0.5,0.708333313,1,0.989171386,0.136996329,0.056410253,0,0,15.9304171,4.80110884,8.42993259,8.36730099,0,13.3238449,4.80110884,8.98261547,0,,,,50
58277807,0.5,0.782608688,1,0.989171386,0.145054936,0.0402930379,0,0,15.9304171,4.80110884,8.45705795,8.38208103,0,13.3238449,4.80110884,8.98261547,0,,,,50
58278938,0.5,0.652173936,1,0.989171386,0.120879114,0.0644688606,0,0,15.9304171,4.70740414,8.46609974,8.38208103,0,13.3238449,4.70740414,8.99344444,0,,,,50
58280065,0.5,0.727272749,1,0.989171386,0.128937721,0.0483516455,0,0,15.9349623,4.70740414,8.47514153,8.4074173,0,13.3095493,4.70740414,8.99344444,0,,,,50
58281195,0.5,0.75,1,0.989171386,0.145054936,0.0483516455,0,0,15.9258718,4.60330439,8.43897438,8.39052582,0,13.3238449,4.60330439,9.00427246,0,,,,50
58282322,0.5,0.75999999,1,0.989171386,0.153113544,0.0483516455,0,0,15.9304171,4.60330439,8.46007252,8.38208103,0,13.3309927,4.60330439,9.00427246,0,,,,50
58283452,0.5,0.75999999,1,0.989171386,0.153113544,0.0483516455,0,0,15.9304171,4.50034285,8.47514153,8.38208103,0,13.3309927,4.50034285,9.01510143,0,,,,50
58284584,0.5,0.727272749,1,0.989171386,0.128937721,0.0483516455,0,0,15.9304171,4.50034285,8.4691143,8.39052582,0,13.3309927,4.50034285,9.01510143,0,,,,50
58285714,0.5,0.782608688,1,0.989171386,0.145054936,0.0402930379,0,0,15.9304171,4.40512133,8.46308613,8.37574673,0,13.3309927,4.40512133,9.02592945,0,,,,50
58286841,0.5,0.652173936,1,0.989171386,0.120879114,0.0644688606,0,0,15.9304171,4.40512133,8.41486359,8.38419151,0,13.3309927,4.40512133,9.02592945,0,,,,50
58287972,0.5,0.75,1,0.989171386,0.145054936,0.0483516455,0,0,15.9304171,4.3209691,8.45103073,8.39263725,0,13.3238449,4.3209691,9.03675842,0,,,,50
58289302,0.5,0.739130437,1,0.989171386,0.136996329,0.0483516455,0,0,15.9349623,4.3209691,8.43596077,8.39897156,0,13.3238449,4.3209691,9.03675842,0,,,,50
58290433,0.5,0.708333313,1,1.0231626,0.136996329,0.056410253,0,0,15.9304171,4.18600988,8.46308613,8.40108299,0,13.3238449,4.18600988,9.01359558,0,,,,50
58291559,0.5,0.75,1,1.0231626,0.145054936,0.0483516455,0,0,15.9304171,4.18600988,8.46609974,8.39263725,0,13.3238449,4.18600988,9.01359558,0,,,,50
58292695,0.5,0.761904776,1,1.0231626,0.128937721,0.0402930379,0,0,15.9304171,3.93023348,8.4811697,8.40108299,0,13.3238449,3.93023348,8.99043274,0,,,,50
58293821,0.5,0.772727251,1,1.0231626,0.136996329,0.0402930379,0,0,15.9349623,3.93023348,8.46007252,8.39686012,0,13.3095493,3.93023348,8.99043274,0,,,,50
58294952,0.5,0.777777791,1,1.00158727,0.112820506,0.0322344303,0,0,15.9349623,3.62313652,8.46609974,8.40108299,0,13.3238449,3.62313652,8.98884583,0,,,,50
58296078,0.5,0.761904776,1,1.00158727,0.128937721,0.0402930379,0,0,15.9304171,3.62313652,8.51432323,8.39263725,0,13.3095493,3.62313652,8.98884583,0,,,,50
58297209,0.5,0.777777791,1,1.00158727,0.112820506,0.0322344303,0,0,15.9349623,3.36822891,8.4811697,8.39686012,0,13.3238449,3.36822891,8.98725891,0,,,,50
58298335,0.5,0.764705896,1,0.997455657,0.104761899,0.0322344303,0,0,15.9304171,3.36822891,8.4932251,8.41163921,0,13.3238449,3.36822891,8.98725891,0,,,,50
58299466,0.5,0.722222209,1,0.997455657,0.104761899,0.0402930379,0,0,15.9349623,3.18983698,8.4811697,8.41797352,0,13.3309927,3.18983698,8.98980331,0,,,,50
58300597,0.5,0.733333349,1,0.997455657,0.0886446834,0.0322344303,0,0,15.9304171,3.18983698,8.49623966,8.40530586,0,13.3309927,3.18983698,8.98980331,0,,,,50
58301728,0.5,0.733333349,1,0.997455657,0.0886446834,0.0322344303,0,0,15.9349623,3.07865119,8.51130867,8.39897156,0,13.3166971,3.07865119,8.99234676,0,,,,50
58302854,0.5,0.733333349,1,0.993234396,0.0886446834,0.0322344303,0,0,15.9349623,3.07865119,8.49925327,8.41375065,0,13.3238449,3.07865119,8.99234676,0,,,,50
58303985,0.5,0.733333349,1,0.993234396,0.0886446834,0.0322344303,0,0,15.9349623,3.0255208,8.53542042,8.39263725,0,13.3238449,3.0255208,8.99911308,0,,,,50
58305112,0.5,0.714285731,1,0.993234396,0.0805860758,0.0322344303,0,0,15.9304171,3.0255208,8.51733685,8.39686012,0,13.3238449,3.0255208,8.99911308,0,,,,50
58306242,0.5,0.733333349,1,1.0143187,0.0886446834,0.0322344303,0,0,15.9258718,2.98258591,8.50226688,8.40108299,0,13.3238449,2.98258591,8.98479366,0,,,,50
58307374,0.5,0.714285731,1,1.0143187,0.0805860758,0.0322344303,0,0,15.9349623,2.98258591,8.50226688,8.39897156,0,13.3309927,2.98258591,8.98479366,0,,,,50
58308504,0.5,0.714285731,1,1.0143187,0.0805860758,0.0322344303,0,0,15.9304171,2.89059138,8.4932251,8.39897156,0,13.3309927,2.89059138,8.9704752,0,,,,50
58309835,0.5,0.769230783,1,1.0143187,0.0805860758,0.0241758227,0,0,15.9304171,2.89059138,8.50829506,8.39686012,0,13.3095493,2.89059138,8.9704752,0,,,,50
58310965,0.5,0.75,1,1.01444769,0.0725274682,0.0241758227,0,0,15.9349623,2.75225377,8.4691143,8.40530586,0,13.3238449,2.75225377,8.95602798,0,,,,50
58312092,0.5,0.733333349,1,1.01444769,0.0886446834,0.0322344303,0,0,15.9304171,2.75225377,8.49623966,8.38208103,0,13.3095493,2.75225377,8.95602798,0,,,,50
58313222,0.5,0.733333349,1,1.01444769,0.0886446834,0.0322344303,0,0,15.9349623,2.59449315,8.48418331,8.38208103,0,13.3166971,2.59449315,8.94157982,0,,,,50
58314349,0.5,0.692307711,1,1.02303147,0.0725274682,0.0322344303,0,0,15.9349623,2.59449315,8.51130867,8.40108299,0,13.3238449,2.59449315,8.94157982,0,,,,50
58315484,0.5,0.769230783,1,1.02303147,0.0805860758,0.0241758227,0,0,15.9304171,2.41818571,8.51733685,8.40952778,0,13.3309927,2.41818571,8.91854858,0,,,,50
58316611,0.5,0.75,1,1.02303147,0.0967032909,0.0322344303,0,0,15.9304171,2.41818571,8.49021149,8.40530586,0,13.3238449,2.41818571,8.91854858,0,,,,50
58317741,0.5,0.833333313,1,1.02303147,0.0805860758,0.0161172152,0,0,15.9349623,2.21567535,8.53240585,8.39474869,0,13.3309927,2.21567535,8.89551735,0,,,,50
58318868,0.5,0.769230783,1,1.02303147,0.0805860758,0.0241758227,0,0,15.9349623,2.21567535,8.50829506,8.40319443,0,13.3309927,2.21567535,8.89551735,0,,,,50
58319998,0.5,0.777777791,1,1.02303147,0.056410253,0.0161172152,0,0,15.9349623,1.9999243,8.50829506,8.41163921,0,13.3238449,1.9999243,8.87248516,0,,,,50
58321125,0.5,0.727272749,1,1.02303147,0.0644688606,0.0241758227,0,0,15.9349623,1.9999243,8.52035046,8.40952778,0,13.3238449,1.9999243,8.87248516,0,,,,50
58322256,0.5,0.666666687,1,1.00575304,0.0644688606,0.0322344303,0,0,15.9349623,1.82051039,8.50528145,8.40952778,0,13.3309927,1.82051039,8.8667326,0,,,,50
58323387,0.5,0.699999988,1,1.00575304,0.056410253,0.0241758227,0,0,15.9349623,1.82051039,8.57460117,8.40530586,0,13.3309927,1.82051039,8.8667326,0,,,,50
58324518,0.5,0.777777791,1,1.00575304,0.056410253,0.0161172152,0,0,15.9349623,1.72274268,8.52336502,8.41797352,0,13.3309927,1.72274268,8.86097908,0,,,,50
58325644,0.5,0.800000012,1,1.00575304,0.0644688606,0.0161172152,0,0,15.9304171,1.72274268,8.50829506,8.42430782,0,13.3024006,1.72274268,8.86097908,0,,,,50
58326775,0.5,0.699999988,1,1.00171304,0.056410253,0.0241758227,0,0,15.9349623,1.70347691,8.50528145,8.40952778,0,13.3309927,1.70347691,8.85926628,0,,,,50
58327901,0.5,0.75,1,1.00171304,0.0483516455,0.0161172152,0,0,15.9349623,1.70347691,8.53843403,8.41163921,0,13.3166971,1.70347691,8.85926628,0,,,,50
58329032,0.5,0.857142866,1,1.00171304,0.0483516455,0.00805860758,0,0,15.9304171,1.7419107,8.52939224,8.41586208,0,13.3238449,1.7419107,8.85755348,0,,,,50
58330159,0.5,0.75,1,1.00587988,0.0483516455,0.0161172152,0,0,15.9349623,1.7419107,8.51432323,8.40530586,0,13.3238449,1.7419107,8.85755348,0,,,,50
58331498,0.5,0.857142866,1,1.00587988,0.0483516455,0.00805860758,0,0,15.9304171,1.80739558,8.52035046,8.41375065,0,13.3309927,1.80739558,8.85167313,0,,,,50
58332624,0.5,0.857142866,1,1.00587988,0.0483516455,0.00805860758,0,0,15.9349623,1.80739558,8.5444622,8.40952778,0,13.3238449,1.80739558,8.85167313,0,,,,50
58333755,0.5,0.75,1,1.00587988,0.0483516455,0.0161172152,0,0,15.9349623,1.87159538,8.51130867,8.40952778,0,13.3309927,1.87159538,8.84579372,0,,,,50
58334882,0.5,0.75,1,0.993481815,0.0483516455,0.0161172152,0,0,15.9349623,1.87159538,8.52637863,8.41163921,0,13.3309927,1.87159538,8.84579372,0,,,,50
58336012,0.5,0.875,1,0.993481815,0.056410253,0.00805860758,0,0,15.9304171,1.94888628,8.52035046,8.41797352,0,13.3166971,1.94888628,8.85231113,0,,,,50
58337139,0.5,0.777777791,1,0.993481815,0.056410253,0.0161172152,0,0,15.9349623,1.94888628,8.52637863,8.41163921,0,13.3238449,1.94888628,8.85231113,0,,,,50
58338274,0.5,0.800000012,1,1.00575304,0.0644688606,0.0161172152,0,0,15.9349623,2.04207897,8.54747581,8.40952778,0,13.3238449,2.04207897,8.84655857,0,,,,50
58339401,0.5,0.875,1,1.00575304,0.056410253,0.00805860758,0,0,15.9349623,2.04207897,8.55953121,8.42008495,0,13.3309927,2.04207897,8.84655857,0,,,,50
58340531,0.5,0.899999976,1,1.00575304,0.0725274682,0.00805860758,0,0,15.9349623,2.11550975,8.51432323,8.42219639,0,13.3238449,2.11550975,8.84080505,0,,,,50
58341658,0.5,1,1,1.00575304,0.0725274682,0,0,0,15.9349623,2.11550975,8.57158756,8.42853069,0,13.3309927,2.11550975,8.84080505,0,,,,50
58342788,0.5,0.833333313,1,0.99720639,0.0805860758,0.0161172152,0,0,15.9349623,2.1749115,8.51130867,8.41586208,0,13.3309927,2.1749115,8.84359932,0,,,,50
58343915,0.5,0.899999976,1,0.99720639,0.0725274682,0.00805860758,0,0,15.9304171,2.1749115,8.51130867,8.41797352,0,13.3238449,2.1749115,8.84359932,0,,,,50
58345045,0.5,0.899999976,1,0.99720639,0.0725274682,0.00805860758,0,0,15.9304171,2.24714589,8.52939224,8.41586208,0,13.3166971,2.24714589,8.84639263,0,,,,50
58346177,0.5,0.666666687,1,0.997455657,0.0483516455,0.0241758227,0,0,15.9349623,2.24714589,8.52637863,8.41163921,0,13.3238449,2.24714589,8.84639263,0,,,,50
58347307,0.5,0.833333313,1,0.997455657,0.0805860758,0.0161172152,0,0,15.9304171,2.33069682,8.52035046,8.40952778,0,13.3309927,2.33069682,8.84893703,0,,,,50
58348434,0.5,0.75,1,0.997455657,0.0483516455,0.0161172152,0,0,15.9349623,2.33069682,8.50528145,8.41163921,0,13.3309927,2.33069682,8.84893703,0,,,,50
58349566,0.5,0.800000012,1,0.997455657,0.0644688606,0.0161172152,0,0,15.9304171,2.41456008,8.50226688,8.41375065,0,13.3095493,2.41456008,8.85148144,0,,,,50
58350692,0.5,0.818181813,1,0.997455657,0.0725274682,0.0161172152,0,0,15.9349623,2.41456008,8.56555939,8.41163921,0,13.3309927,2.41456008,8.85148144,0,,,,50
58352027,0.5,0.733333349,1,0.997455657,0.0886446834,0.0322344303,0,0,15.9304171,2.49290442,8.50226688,8.39897156,0,13.3166971,2.49290442,8.85402584,0,,,,50
58353153,0.5,0.75,1,0.997455657,0.0725274682,0.0241758227,0,0,15.9349623,2.49290442,8.48719788,8.40952778,0,13.3238449,2.49290442,8.85402584,0,,,,50
58354289,0.5,0.714285731,1,0.997580349,0.0805860758,0.0322344303,0,0,15.9304171,2.56275654,8.51130867,8.39897156,0,13.3309927,2.56275654,8.85644531,0,,,,50
58355415,0.5,0.818181813,1,0.997580349,0.0725274682,0.0161172152,0,0,15.9304171,2.56275654,8.51130867,8.40530586,0,13.3238449,2.56275654,8.85644531,0,,,,50
58356545,0.5,0.666666687,1,0.997580349,0.0644688606,0.0322344303,0,0,15.9349623,2.62279773,8.52336502,8.40319443,0,13.3238449,2.62279773,8.85886478,0,,,,50
58357672,0.5,0.714285731,1,0.997580349,0.0805860758,0.0322344303,0,0,15.9349623,2.62279773,8.49021149,8.39686012,0,13.3238449,2.62279773,8.85886478,0,,,,50
58358803,0.5,0.692307711,1,0.988313854,0.0725274682,0.0322344303,0,0,15.9304171,2.69032073,8.50528145,8.39897156,0,13.3309927,2.69032073,8.87055111,0,,,,50
58359929,0.5,0.727272749,1,0.988313854,0.0644688606,0.0241758227,0,0,15.9304171,2.69032073,8.52637863,8.41375065,0,13.3238449,2.69032073,8.87055111,0,,,,50
58361060,0.5,0.714285731,1,0.988313854,0.0805860758,0.0322344303,0,0,15.9349623,2.7851963,8.51432323,8.39474869,0,13.3095493,2.7851963,8.88223743,0,,,,50
58362191,0.5,0.733333349,1,0.997455657,0.0886446834,0.0322344303,0,0,15.9304171,2.7851963,8.47815609,8.39263725,0,13.3238449,2.7851963,8.88223743,0,,,,50
58363322,0.5,0.692307711,1,0.997455657,0.0725274682,0.0322344303,0,0,15.9304171,2.88323665,8.51432323,8.39052582,0,13.3309927,2.88323665,8.88478184,0,,,,50
58364448,0.5,0.727272749,1,0.997455657,0.0644688606,0.0241758227,0,0,15.9349623,2.88323665,8.47514153,8.39897156,0,13.3309927,2.88323665,8.88478184,0,,,,50
58365579,0.5,0.75,1,0.997455657,0.0725274682,0.0241758227,0,0,15.9304171,2.95028996,8.49623966,8.41163921,0,13.3309927,2.95028996,8.88732529,0,,,,50
58366706,0.5,0.692307711,1,0.993852973,0.0725274682,0.0322344303,0,0,15.9304171,2.95028996,8.51432323,8.40319443,0,13.3238449,2.95028996,8.88732529,0,,,,50
58367836,0.5,0.785714269,1,0.993852973,0.0886446834,0.0241758227,0,0,15.9349623,2.99210978,8.50528145,8.41586208,0,13.3309927,2.99210978,8.89347267,0,,,,50
58368968,0.5,0.769230783,1,0.993852973,0.0805860758,0.0241758227,0,0,15.9349623,2.99210978,8.47212791,8.39474869,0,13.3309927,2.99210978,8.89347267,0,,,,50
58370099,0.5,0.75,1,0.989293933,0.0967032909,0.0322344303,0,0,15.9304171,3.03582931,8.48719788,8.42219639,0,13.3238449,3.03582931,8.90417862,0,,,,50
58371225,0.5,0.75,1,0.989293933,0.0967032909,0.0322344303,0,0,15.9349623,3.03582931,8.4811697,8.40319443,0,13.3238449,3.03582931,8.90417862,0,,,,50
58372356,0.5,0.764705896,1,0.989293933,0.104761899,0.0322344303,0,0,15.9349623,3.09534645,8.49925327,8.39897156,0,13.3238449,3.09534645,8.91488457,0,,,,50
58373687,0.5,0.75,1,0.989293933,0.0967032909,0.0322344303,0,0,15.9349623,3.09534645,8.47514153,8.4074173,0,13.3238449,3.09534645,8.91488457,0,,,,50
58374818,0.5,0.70588237,1,0.984412253,0.0967032909,0.0402930379,0,0,15.9349623,3.17455125,8.4932251,8.40319443,0,13.3238449,3.17455125,8.93047237,0,,,,50
58375944,0.5,0.764705896,1,0.984412253,0.104761899,0.0322344303,0,0,15.9304171,3.17455125,8.48418331,8.40530586,0,13.3238449,3.17455125,8.93047237,0,,,,50
58377080,0.5,0.684210539,1,0.984412253,0.104761899,0.0483516455,0,0,15.9349623,3.274997,8.45103073,8.38841438,0,13.3024006,3.274997,8.94606018,0,,,,50
58378206,0.5,0.75,1,0.98102355,0.0967032909,0.0322344303,0,0,15.9395075,3.274997,8.51733685,8.40952778,0,13.3309927,3.274997,8.94606018,0,,,,50
58379337,0.5,0.764705896,1,0.98102355,0.104761899,0.0322344303,0,0,15.9349623,3.39363599,8.53843403,8.40319443,0,13.3238449,3.39363599,8.96503639,0,,,,50
58380463,0.5,0.75,1,0.98102355,0.0967032909,0.0322344303,0,0,15.9349623,3.39363599,8.51130867,8.39897156,0,13.3309927,3.39363599,8.96503639,0,,,,50
58381593,0.5,0.800000012,1,0.98102355,0.128937721,0.0322344303,0,0,15.9349623,3.52607703,8.45705795,8.4074173,0,13.3238449,3.52607703,8.9840126,0,,,,50
58382720,0.5,0.823529422,1,1.00575304,0.112820506,0.0241758227,0,0,15.9349623,3.52607703,8.47514153,8.40108299,0,13.3309927,3.52607703,8.9840126,0,,,,50
58383851,0.5,0.789473712,1,1.00575304,0.120879114,0.0322344303,0,0,15.9304171,3.61684442,8.50226688,8.40530586,0,13.3238449,3.61684442,8.97826004,0,,,,50
58384982,0.5,0.733333349,1,1.00575304,0.0886446834,0.0322344303,0,0,15.9258718,3.61684442,8.51130867,8.40319443,0,13.3238449,3.61684442,8.97826004,0,,,,50
58386113,0.5,0.823529422,1,0.989171386,0.112820506,0.0241758227,0,0,15.9304171,3.6364212,8.48719788,8.39897156,0,13.3238449,3.6364212,8.98908806,0,,,,50
58387239,0.5,0.777777791,1,0.989171386,0.112820506,0.0322344303,0,0,15.9349623,3.6364212,8.46007252,8.39897156,0,13.3309927,3.6364212,8.98908806,0,,,,50
58388370,0.5,0.75,1,0.989171386,0.0967032909,0.0322344303,0,0,15.9304171,3.63586593,8.4811697,8.40952778,0,13.3238449,3.63586593,8.99991703,0,,,,50
58389497,0.5,0.714285731,1,0.989171386,0.0805860758,0.0322344303,0,0,15.9304171,3.63586593,8.50829506,8.40108299,0,13.3309927,3.63586593,8.99991703,0,,,,50
58390628,0.5,0.733333349,1,0.969344616,0.0886446834,0.0322344303,0,0,15.9304171,3.67882061,8.51432323,8.39263725,0,13.3238449,3.67882061,9.03057194,0,,,,50
58391754,0.5,0.736842096,1,0.969344616,0.112820506,0.0402930379,0,0,15.9349623,3.67882061,8.47815609,8.40108299,0,13.3309927,3.67882061,9.03057194,0,,,,50
58392889,0.5,0.777777791,1,0.969344616,0.112820506,0.0322344303,0,0,15.9349623,3.8032043,8.46007252,8.40319443,0,13.3238449,3.8032043,9.0612278,0,,,,50
58394220,0.5,0.764705896,1,1.01444769,0.104761899,0.0322344303,0,0,15.9304171,3.8032043,8.4811697,8.39897156,0,13.3309927,3.8032043,9.0612278,0,,,,50
58395350,0.5,0.722222209,1,1.01444769,0.104761899,0.0402930379,0,0,15.9304171,3.90588999,8.4691143,8.39897156,0,13.3238449,3.90588999,9.04677963,0,,,,50
58396477,0.5,0.777777791,1,1.01444769,0.112820506,0.0322344303,0,0,15.9304171,3.90588999,8.49925327,8.39263725,0,13.3309927,3.90588999,9.04677963,0,,,,50
58397607,0.5,0.722222209,1,1.01444769,0.104761899,0.0402930379,0,0,15.9304171,3.85777569,8.49623966,8.40319443,0,13.3309927,3.85777569,9.03233242,0,,,,50
58398734,0.5,0.777777791,1,1.00146151,0.112820506,0.0322344303,0,0,15.9304171,3.85777569,8.49623966,8.39474869,0,13.3309927,3.85777569,9.03233242,0,,,,50
58399869,0.5,0.777777791,1,1.00146151,0.112820506,0.0322344303,0,0,15.9304171,3.70071864,8.49623966,8.39686012,0,13.3238449,3.70071864,9.03087044,0,,,,50
58400996,0.5,0.75,1,1.00146151,0.120879114,0.0402930379,0,0,15.9304171,3.70071864,8.46609974,8.40108299,0,13.3238449,3.70071864,9.03087044,0,,,,50
58402127,0.5,0.727272749,1,1.00146151,0.128937721,0.0483516455,0,0,15.9304171,3.52832603,8.4691143,8.39052582,0,13.3238449,3.52832603,9.02940941,0,,,,50
58403253,0.5,0.761904776,1,1.00146151,0.128937721,0.0402930379,0,0,15.9304171,3.52832603,8.48418331,8.40530586,0,13.3309927,3.52832603,9.02940941,0,,,,50
58404384,0.5,0.833333313,1,1.00146151,0.120879114,0.0241758227,0,0,15.9349623,3.37143111,8.4932251,8.39686012,0,13.3238449,3.37143111,9.02794743,0,,,,50
58405510,0.5,0.800000012,1,1.00146151,0.128937721,0.0322344303,0,0,15.9304171,3.37143111,8.46308613,8.39897156,0,13.3238449,3.37143111,9.02794743,0,,,,50
58406641,0.5,0.789473712,1,1.00146151,0.120879114,0.0322344303,0,0,15.9304171,3.23297453,8.45404434,8.40319443,0,13.3238449,3.23297453,9.0264864,0,,,,50
58407772,0.5,0.833333313,1,1.00146151,0.120879114,0.0241758227,0,0,15.9349623,3.23297453,8.50528145,8.39263725,0,13.3309927,3.23297453,9.0264864,0,,,,50
58408903,0.5,0.764705896,1,1.00146151,0.104761899,0.0322344303,0,0,15.9304171,3.11363649,8.4932251,8.40319443,0,13.3309927,3.11363649,9.02502441,0,,,,50
58410029,0.5,0.714285731,1,1.03189516,0.0805860758,0.0322344303,0,0,15.9304171,3.11363649,8.52939224,8.39897156,0,13.3238449,3.11363649,9.02502441,0,,,,50
58411160,0.5,0.722222209,1,1.03189516,0.104761899,0.0402930379,0,0,15.9349623,2.95612288,8.47514153,8.39897156,0,13.3309927,2.95612288,8.99312973,0,,,,50
58412286,0.5,0.8125,1,1.03189516,0.104761899,0.0241758227,0,0,15.9349623,2.95612288,8.48719788,8.40530586,0,13.3309927,2.95612288,8.99312973,0,,,,50
58413417,0.5,0.800000012,1,1.03189516,0.0967032909,0.0241758227,0,0,15.9304171,2.69619155,8.49623966,8.41586208,0,13.3238449,2.69619155,8.96123409,0,,,,50
58414544,0.5,0.714285731,1,1.02355635,0.0805860758,0.0322344303,0,0,15.9304171,2.69619155,8.4932251,8.38841438,0,13.3309927,2.69619155,8.96123409,0,,,,50
58415883,0.5,0.714285731,1,1.02355635,0.0805860758,0.0322344303,0,0,15.9349623,2.37441945,8.50829506,8.40530586,0,13.3309927,2.37441945,8.93767738,0,,,,50
58417010,0.5,0.800000012,1,1.02355635,0.0967032909,0.0241758227,0,0,15.9304171,2.37441945,8.51432323,8.4074173,0,13.3238449,2.37441945,8.93767738,0,,,,50
58418140,0.5,0.699999988,1,1.0143187,0.056410253,0.0241758227,0,0,15.9349623,2.07702494,8.54144764,8.40530586,0,13.3309927,2.07702494,8.92335892,0,,,,50
58419267,0.5,0.777777791,1,1.0143187,0.056410253,0.0161172152,0,0,15.9349623,2.07702494,8.56254578,8.40952778,0,13.3309927,2.07702494,8.92335892,0,,,,50
58420397,0.5,0.75,1,1.0143187,0.0483516455,0.0161172152,0,0,15.9304171,1.84689426,8.53240585,8.41586208,0,13.3309927,1.84689426,8.90904045,0,,,,50
58421524,0.5,0.727272749,1,1.0143187,0.0644688606,0.0241758227,0,0,15.9349623,1.84689426,8.52637863,8.40530586,0,13.3238449,1.84689426,8.90904045,0,,,,50
58422659,0.5,0.666666687,1,1.01097751,0.0483516455,0.0241758227,0,0,15.9349623,1.68490422,8.52336502,8.41163921,0,13.3238449,1.68490422,8.89806271,0,,,,50
58423786,0.5,0.75,1,1.01097751,0.0483516455,0.0161172152,0,0,15.9304171,1.68490422,8.52637863,8.41586208,0,13.3309927,1.68490422,8.89806271,0,,,,50
58424916,0.5,0.833333313,1,1.01097751,0.0402930379,0.00805860758,0,0,15.9349623,1.58114493,8.53843403,8.40952778,0,13.3238449,1.58114493,8.88708496,0,,,,50
58426043,0.5,0.875,1,1.02303147,0.056410253,0.00805860758,0,0,15.9349623,1.58114493,8.5565176,8.41375065,0,13.3166971,1.58114493,8.88708496,0,,,,50
58427174,0.5,0.75,1,1.02303147,0.0483516455,0.0161172152,0,0,15.9349623,1.49779785,8.52939224,8.40952778,0,13.3309927,1.49779785,8.86405373,0,,,,50
58428300,0.5,0.699999988,1,1.02303147,0.056410253,0.0241758227,0,0,15.9349623,1.49779785,8.52939224,8.40319443,0,13.3309927,1.49779785,8.86405373,0,,,,50
58429431,0.5,0.75,1,1.02303147,0.0483516455,0.0161172152,0,0,15.9349623,1.39484847,8.52336502,8.41797352,0,13.3238449,1.39484847,8.84102249,0,,,,50
58430563,0.5,0.833333313,1,1.02159071,0.0402930379,0.00805860758,0,0,15.9304171,1.39484847,8.51432323,8.41375065,0,13.3309927,1.39484847,8.84102249,0,,,,50
58431693,0.5,0.857142866,1,1.02159071,0.0483516455,0.00805860758,0,0,15.9349623,1.27518213,8.53542042,8.41375065,0,13.3309927,1.27518213,8.8194313,0,,,,50
58432820,0.5,0.875,1,1.02159071,0.056410253,0.00805860758,0,0,15.9304171,1.27518213,8.51432323,8.41163921,0,13.3166971,1.27518213,8.8194313,0,,,,50
58433951,0.5,0.857142866,1,1.03176177,0.0483516455,0.00805860758,0,0,15.9349623,1.13710141,8.49925327,8.42641926,0,13.3309927,1.13710141,8.78767014,0,,,,50
58435077,0.5,1,1,1.03176177,0.056410253,0,0,0,15.9349623,1.13710141,8.55048943,8.42219639,0,13.3095493,1.13710141,8.78767014,0,,,,50
58436412,0.5,1,1,1.03176177,0.0402930379,0,0,0,15.9349623,0.966814041,8.52336502,8.42641926,0,13.3238449,0.966814041,8.75590801,0,,,,50
58437539,0.5,0.714285731,1,1.03176177,0.0402930379,0.0161172152,0,0,15.9304171,0.966814041,8.54144764,8.41375065,0,13.3309927,0.966814041,8.75590801,0,,,,50
58438674,0.5,1,1,1.02303147,0.0483516455,0,0,0,15.9349623,0.791675329,8.55048943,8.41586208,0,13.3309927,0.791675329,8.73287678,0,,,,50
58439801,0.5,0.75,1,1.02303147,0.0483516455,0.0161172152,0,0,15.9349623,0.791675329,8.51432323,8.42008495,0,13.3309927,0.791675329,8.73287678,0,,,,50
58440931,0.5,1,1,1.02303147,0.0402930379,0,0,0,15.9349623,0.648309588,8.53843403,8.42219639,0,13.3309927,0.648309588,8.70984554,0,,,,50
58442058,0.5,0.833333313,1,1.01418972,0.0402930379,0.00805860758,0,0,15.9349623,0.648309588,8.53843403,8.42641926,0,13.3095493,0.648309588,8.70984554,0,,,,50
58443189,0.5,1,1,1.01418972,0.0402930379,0,0,0,15.9349623,0.556193829,8.54144764,8.41586208,0,13.3238449,0.556193829,8.69565582,0,,,,50
58444315,0.5,1,1,1.01418972,0.0322344303,0,0,0,15.9349623,0.556193829,8.52035046,8.42008495,0,13.3309927,0.556193829,8.69565582,0,,,,50
58445446,0.5,1,1,1.04077804,0.0322344303,0,0,0,15.9395075,0.474395126,8.56555939,8.42641926,0,13.3238449,0.474395126,8.65487766,0,,,,50
58446577,0.5,1,1,1.04077804,0.0402930379,0,0,0,15.9395075,0.474395126,8.53843403,8.42853069,0,13.3309927,0.474395126,8.65487766,0,,,,50
58447708,0.5,1,1,1.04077804,0.0402930379,0,0,0,15.9349623,0.333190322,8.56254578,8.42853069,0,13.3381405,0.333190322,8.6140995,0,,,,50
58448834,0.5,1,1,1.04077804,0.056410253,0,0,0,15.9349623,0.333190322,8.55350399,8.41797352,0,13.3309927,0.333190322,8.6140995,0,,,,50
58449965,0.5,1,1,1.02303147,0.0402930379,0,0,0,15.9349623,0.168247446,8.54144764,8.42219639,0,13.3309927,0.168247446,8.59106827,0,,,,50
58451092,0.5,1,1,1.02303147,0.0322344303,0,0,0,15.9349623,0.168247446,8.52035046,8.42430782,0,13.3238449,0.168247446,8.59106827,0,,,,50
58452222,0.5,1,1,1.02303147,0.0402930379,0,0,0,15.9349623,0.0497350469,8.61076832,8.43064213,0,13.3309927,0.0497350469,8.56803608,0,,,,50
58453354,0.5,1,1,1.00575304,0.0402930379,0,0,0,15.9304171,0.0497350469,8.52939224,8.43486404,0,13.3309927,0.0497350469,8.56803608,0,,,,50
58454484,0.5,1,1,1.00575304,0.0241758227,0,0,0,15.9349623,0.0145693719,8.5565176,8.42641926,0,13.3309927,0.0145693719,8.56228352,0,,,,50
58455611,0.5,1,1,1.00575304,0.0161172152,0,0,0,15.9349623,0.0145693719,8.5444622,8.42641926,0,13.3238449,0.0145693719,8.56228352,0,,,,50
58456945,0.5,1,1,1.00575304,0.0241758227,0,0,0,15.9349623,0.0788699016,8.54747581,8.43275356,0,13.3309927,0.0788699016,8.55653,0,,,,50
58458072,0.5,1,1,1.00575304,0.0241758227,0,0,0,15.9349623,0.0788699016,8.55953121,8.43064213,0,13.3095493,0.0788699016,8.55653,0,,,,50
58459202,0.5,1,1,1.00575304,0.0483516455,0,0,0,15.9349623,0.214184448,8.52035046,8.43064213,0,13.3309927,0.214184448,8.55077744,0,,,,50
58460329,0.5,1,1,1.00575304,0.0402930379,0,0,0,15.9349623,0.214184448,8.55350399,8.43064213,0,13.3238449,0.214184448,8.55077744,0,,,,50
58461464,0.5,1,1,0.641863406,0.0402930379,0,0,0,15.9349623,1.05658555,8.52336502,8.43064213,0,13.3238449,1.05658555,8.90891361,0,,,,50
58462590,0.5,1,1,0.641863406,0.0402930379,0,0,0,15.9349623,1.05658555,8.54144764,8.42641926,0,13.3309927,1.05658555,8.90891361,0,,,,50
58463721,0.5,1,1,0.641863406,0.0483516455,0,0,0,15.9349623,3.33011675,8.51733685,8.43275356,0,13.3309927,3.33011675,9.26705074,0,,,,50
58464848,0.5,1,1,0.695939779,0.0483516455,0,0,0,15.9349623,3.33011675,8.5444622,8.42853069,0,13.3309927,3.33011675,9.26705074,0,,,,50
58465978,0.5,1,1,0.695939779,0.0725274682,0,0,0,15.9349623,6.59563494,8.50226688,8.42008495,0,13.3238449,6.59563494,9.57111073,0,,,,50
58467105,0.5,0.833333313,1,0.695939779,0.0805860758,0.0161172152,0,0,15.9304171,6.59563494,8.48719788,8.38841438,0,13.3309927,6.59563494,9.57111073,0,,,,50
58468236,0.5,0.681818187,1,0.695939779,0.120879114,0.056410253,0,0,15.9349623,10.0880489,8.43596077,8.36307812,0,13.3238449,10.0880489,9.87517071,0,,,,50
58469367,0.5,0.666666687,1,1.00587988,0.128937721,0.0644688606,0,0,15.9304171,10.0880489,8.45103073,8.36730099,0,13.3238449,10.0880489,9.87517071,0,,,,50
58470498,0.5,0.590909064,1,1.00587988,0.209523797,0.145054936,0,0,15.9167824,12,8.38472462,8.3314085,0,13.3238449,12.8780899,9.39624214,0,,,,50
58471624,0.5,0.519230783,1,1.00587988,0.217582405,0.201465189,0,0,15.9122372,12,8.38171005,8.31451702,0,13.3166971,12.8780899,9.39624214,0,,,,50
58472755,0.5,0.547945201,1,1.01418972,0.322344303,0.26593405,0,0,15.9031467,11.4446754,8.31540394,8.27440166,0,13.3095493,11.4446754,9.38205242,0,,,,50
58473881,0.5,0.550000012,1,1.01418972,0.354578733,0.290109873,0,0,15.8986015,11.4446754,8.29430676,8.27440166,0,13.3095493,11.4446754,9.38205242,0,,,,50
58475012,0.5,0.544303775,1,1.01418972,0.346520126,0.290109873,0,0,15.8940573,10.0116377,8.30033493,8.26384449,0,13.2952528,10.0116377,9.3678627,0,,,,50
58476138,0.5,0.628205121,1,1.01418972,0.394871771,0.23369962,0,0,15.8940573,10.0116377,8.28827858,8.25117683,0,13.3095493,10.0116377,9.3678627,0,,,,50
58477274,0.5,0.554054081,1,1.01418972,0.330402911,0.26593405,0,0,15.9031467,8.66049004,8.31540394,8.27440166,0,13.3095493,8.66049004,9.35367298,0,,,,50
58478605,0.5,0.574999988,1,1.01418972,0.370695949,0.273992658,0,0,15.8986015,8.66049004,8.2671814,8.25328827,0,13.3024006,8.66049004,9.35367298,0,,,,50
58479735,0.5,0.545454562,1,1.01418972,0.338461518,0.282051265,0,0,15.8940573,7.43648481,8.30636215,8.26595592,0,13.3024006,7.43648481,9.33948326,0,,,,50
58480863,0.5,0.529411793,1,1.01418972,0.435164809,0.386813164,0,0,15.8804216,7.43648481,8.22800064,8.22584057,0,13.3024006,7.43648481,9.33948326,0,,,,50
58481993,0.5,0.539215684,1,1.01418972,0.443223417,0.378754556,0,0,15.8940573,6.36209965,8.23704243,8.24061966,0,13.3095493,6.36209965,9.32529354,0,,,,50
58483119,0.5,0.548780501,1,1.01418972,0.362637341,0.29816848,0,0,15.8986015,6.36209965,8.28526497,8.27017879,0,13.3095493,6.36209965,9.32529354,0,,,,50
58484255,0.5,0.551724136,1,1.01418972,0.257875443,0.209523797,0,0,15.9167824,5.44149876,8.38171005,8.31662846,0,13.3238449,5.44149876,9.31110382,0,,,,50
58485381,0.5,0.568181813,1,1.01418972,0.201465189,0.153113544,0,0,15.9213276,5.44149876,8.4058218,8.33774185,0,13.3238449,5.44149876,9.31110382,0,,,,50
58486512,0.5,0.636363626,1,1.01418972,0.169230759,0.0967032909,0,0,15.9304171,4.66738796,8.39979362,8.37152386,0,13.3238449,4.66738796,9.2969141,0,,,,50
58487639,0.5,0.518518507,1,1.01418972,0.112820506,0.104761899,0,0,15.9304171,4.66738796,8.32745934,8.36307812,0,13.3238449,4.66738796,9.2969141,0,,,,50
58488769,0.5,0.645161271,1,1.04064226,0.161172152,0.0886446834,0,0,15.9304171,3.977108,8.48719788,8.37363529,0,13.3309927,3.977108,9.25627136,0,,,,50
58489896,0.5,0.647058845,1,1.04064226,0.177289367,0.0967032909,0,0,15.9258718,3.977108,8.568573,8.37785816,0,13.3238449,3.977108,9.25627136,0,,,,50
58491026,0.5,0.710526288,1,1.04064226,0.217582405,0.0886446834,0,0,15.9349623,3.29990268,8.30033493,8.36307812,0,13.3238449,3.29990268,9.21562958,0,,,,50
58492158,0.5,0.65625,1,1.04064226,0.169230759,0.0886446834,0,0,15.9258718,3.29990268,8.44500256,8.37574673,0,13.3238449,3.29990268,9.21562958,0,,,,50
58493289,0.5,0.678571403,1,1.04037094,0.153113544,0.0725274682,0,0,15.9258718,2.64293337,8.46007252,8.38630295,0,13.3238449,2.64293337,9.17525864,0,,,,50
58494415,0.5,0.703703701,1,1.04037094,0.153113544,0.0644688606,0,0,15.9304171,2.64293337,8.44500256,8.38419151,0,13.3238449,2.64293337,9.17525864,0,,,,50
58495546,0.5,0.708333313,1,1.04037094,0.136996329,0.056410253,0,0,15.9304171,2.03755426,8.43897438,8.40108299,0,13.3238449,2.03755426,9.1348877,0,,,,50
58496672,0.5,0.722222209,1,1.04091382,0.104761899,0.0402930379,0,0,15.9304171,2.03755426,8.50528145,8.40530586,0,13.3309927,2.03755426,9.1348877,0,,,,50
58497803,0.5,0.769230783,1,1.04091382,0.0805860758,0.0241758227,0,0,15.9349623,1.49679589,8.53843403,8.40952778,0,13.3238449,1.49679589,9.09397316,0,,,,50
58499133,0.5,0.75,1,1.04091382,0.0725274682,0.0241758227,0,0,15.9304171,1.49679589,8.60775471,8.39897156,0,13.3238449,1.49679589,9.09397316,0,,,,50
58500269,0.5,0.777777791,1,1.07368755,0.056410253,0.0161172152,0,0,15.9349623,0.962311208,8.48719788,8.40530586,0,13.3309927,0.962311208,9.02028561,0,,,,50
58501395,0.5,0.75,1,1.07368755,0.0483516455,0.0161172152,0,0,15.9349623,0.962311208,8.53542042,8.41797352,0,13.3238449,0.962311208,9.02028561,0,,,,50
58502526,0.5,1,1,1.07368755,0.0322344303,0,0,0,15.9349623,0.364826798,8.5444622,8.41797352,0,13.3309927,0.364826798,8.94659805,0,,,,50
58503652,0.5,1,1,1.09791493,0.0402930379,0,0,0,15.9349623,0.364826798,8.52336502,8.42641926,0,13.3309927,0.364826798,8.94659805,0,,,,50
58504783,0.5,1,1,1.09791493,0.0322344303,0,0,0,15.9349623,-0.316090077,8.51733685,8.43275356,0,13.3238449,-0.316090077,8.84868336,0,,,,50
58505910,0.5,1,1,1.09791493,0.0483516455,0,0,0,15.9349623,-0.316090077,8.58967113,8.42853069,0,13.3309927,-0.316090077,8.84868336,0,,,,50
58507040,0.5,1,1,1.09791493,0.0322344303,0,0,0,15.9349623,-1.07868052,8.52939224,8.42853069,0,13.3166971,-1.07868052,8.75076866,0,,,,50
58508172,0.5,1,1,1.09280264,0.0241758227,0,0,0,15.9349623,-1.07868052,8.52637863,8.43275356,0,13.3309927,-1.07868052,8.75076866,0,,,,50
58509303,0.5,1,1,1.09280264,0.0322344303,0,0,0,15.9349623,-1.86323476,8.55048943,8.43697548,0,13.3309927,-1.86323476,8.65796566,0,,,,50
58510429,0.5,1,1,1.09280264,0.0241758227,0,0,0,15.9349623,-1.86323476,8.55953121,8.43697548,0,13.3166971,-1.86323476,8.65796566,0,,,,50
58511560,0.5,1,1,1.08818293,0.0161172152,0,0,0,15.9349623,-2.59379172,8.55953121,8.43486404,0,13.3238449,-2.59379172,8.56978321,0,,,,50
58512687,0.5,1,1,1.08818293,0.0161172152,0,0,0,15.9349623,-2.59379172,8.52939224,8.43275356,0,13.3309927,-2.59379172,8.56978321,0,,,,50
58513817,0.5,1,1,1.08818293,0.0161172152,0,0,0,15.9349623,-3.23438859,8.53542042,8.43275356,0,13.3309927,-3.23438859,8.48160076,0,,,,50
58514949,0.5,1,1,1.07862198,0.0161172152,0,0,0,15.9349623,-3.23438859,8.57460117,8.43275356,0,13.3238449,-3.23438859,8.48160076,0,,,,50
58516079,0.5,1,1,1.07862198,0.0241758227,0,0,0,15.9349623,-3.76613975,8.55350399,8.43064213,0,13.3095493,-3.76613975,8.40297794,0,,,,50
58517206,0.5,1,1,1.07862198,0.0241758227,0,0,0,15.9395075,-3.76613975,8.56254578,8.43275356,0,13.3238449,-3.76613975,8.40297794,0,,,,50
58518336,0.5,1,1,1.07862198,0.0322344303,0,0,0,15.9349623,-4.1793828,8.55048943,8.43275356,0,13.3309927,-4.1793828,8.32435608,0,,,,50
58519463,0.5,1,1,1.07862198,0.0402930379,0,0,0,15.9349623,-4.1793828,8.50829506,8.43275356,0,13.3238449,-4.1793828,8.32435608,0,,,,50
58520798,0.5,1,1,1.07862198,0.0483516455,0,0,0,15.9349623,-4.49352551,8.53542042,8.43275356,0,13.3238449,-4.49352551,8.24573421,0,,,,50
58521924,0.5,1,1,1.07862198,0.0483516455,0,0,0,15.9304171,-4.49352551,8.52637863,8.43064213,0,13.3238449,-4.49352551,8.24573421,0,,,,50
58523059,0.5,1,1,1.07862198,0.0886446834,0,0,0,15.9349623,-4.73630238,8.44801617,8.42219639,0,13.3095493,-4.73630238,8.16711235,0,,,,50
58524186,0.5,1,1,1.07862198,0.0644688606,0,0,0,15.9349623,-4.73630238,8.58665657,8.41797352,0,13.3309927,-4.73630238,8.16711235,0,,,,50
58525317,0.5,0.875,1,1.07862198,0.056410253,0.00805860758,0,0,15.9349623,-4.92819786,8.58967113,8.41163921,0,13.3238449,-4.92819786,8.08849049,0,,,,50
58526443,0.5,0.857142866,1,1.06865478,0.0483516455,0.00805860758,0,0,15.9349623,-4.92819786,8.52939224,8.41163921,0,13.3309927,-4.92819786,8.08849049,0,,,,50
58527574,0.5,0.857142866,1,1.06865478,0.0483516455,0.00805860758,0,0,15.9349623,-5.06579256,8.55350399,8.41586208,0,13.3309927,-5.06579256,8.01983547,0,,,,50
58528701,0.5,1,1,1.06865478,0.0241758227,0,0,0,15.9395075,-5.06579256,8.5444622,8.43275356,0,13.3309927,-5.06579256,8.01983547,0,,,,50
58529831,0.5,0,1,1.06409454,0,0,0,0,15.9395075,-5.13112116,8.60172653,8.43908691,0,13.3309927,-5.13112116,7.95574141,0,,,,50
58530963,0.5,0,1,1.06409454,0,0,0,0,15.9258718,-5.13112116,8.59569836,8.42853069,0,13.3309927,-5.13112116,7.95574141,0,,,,50
58532093,0.5,0,1,1.06409454,0,0,0,0,15.9395075,-5.13162422,8.58967113,8.43064213,0,13.3238449,-5.13162422,7.89164686,0,,,,50
58533220,0.5,1,1,1.06409454,0.00805860758,0,0,0,15.9349623,-5.13162422,8.55048943,8.43064213,0,13.3238449,-5.13162422,7.89164686,0,,,,50
58534350,0.5,1,1,1.05929184,0.0161172152,0,0,0,15.9304171,-5.08580399,8.56555939,8.42853069,0,13.3309927,-5.08580399,7.83235502,0,,,,50
58535477,0.5,1,1,1.05929184,0.0161172152,0,0,0,15.9349623,-5.08580399,8.55953121,8.42853069,0,13.3238449,-5.08580399,7.83235502,0,,,,50
58536608,0.5,1,1,1.05929184,0.0161172152,0,0,0,15.9349623,-5.00677109,8.55350399,8.43064213,0,13.3309927,-5.00677109,7.77306318,0,,,,50
58537734,0.5,1,1,1.03176177,0.0241758227,0,0,0,15.9349623,-5.00677109,8.50829506,8.43064213,0,13.3309927,-5.00677109,7.77306318,0,,,,50
58538870,0.5,1,1,1.03176177,0.0161172152,0,0,0,15.9395075,-4.86184978,8.54747581,8.43064213,0,13.3309927,-4.86184978,7.74130154,0,,,,50
58539997,0.5,1,1,1.03176177,0.0161172152,0,0,0,15.9349623,-4.86184978,8.5565176,8.43064213,0,13.3309927,-4.86184978,7.74130154,0,,,,50
58541332,0.5,1,1,1.0143187,0.0161172152,0,0,0,15.9349623,-4.57873678,8.56555939,8.43064213,0,13.3238449,-4.57873678,7.72698307,0,,,,50
58542458,0.5,1,1,1.0143187,0.0161172152,0,0,0,15.9349623,-4.57873678,8.5565176,8.43064213,0,13.3238449,-4.57873678,7.72698307,0,,,,50
58543588,0.5,0,1,1.0143187,0,0,0,0,15.9395075,-4.15555143,8.58967113,8.42853069,0,13.3309927,-4.15555143,7.71266413,0,,,,50
58544715,0.5,0,1,1.0143187,0,0,0,0,15.9349623,-4.15555143,8.57761478,8.42853069,0,13.3309927,-4.15555143,7.71266413,0,,,,50
58545850,0.5,0,1,0.997829914,0,0,0,0,15.9349623,-3.6308291,8.58665657,8.42853069,0,13.3309927,-3.6308291,7.71483421,0,,,,50
58546976,0.5,0,1,0.997829914,0,0,0,0,15.9349623,-3.6308291,8.57761478,8.42853069,0,13.3309927,-3.6308291,7.71483421,0,,,,50
58548107,0.5,0,1,0.997829914,0,0,0,0,15.9349623,-3.03345895,8.57460117,8.43064213,0,13.3309927,-3.03345895,7.7170043,0,,,,50
58549233,0.5,0,1,0.997331023,0,0,0,0,15.9395075,-3.03345895,8.568573,8.42853069,0,13.3238449,-3.03345895,7.7170043,0,,,,50
58550364,0.5,1,1,0.997331023,0.00805860758,0,0,0,15.9349623,-2.41382027,8.56555939,8.43064213,0,13.3166971,-2.41382027,7.71967363,0,,,,50
58551490,0.5,0,1,0.997331023,0,0,0,0,15.9395075,-2.41382027,8.58967113,8.42430782,0,13.3309927,-2.41382027,7.71967363,0,,,,50
58552621,0.5,0,1,0.997331023,0,0,0,0,15.9395075,-1.81949651,8.56555939,8.42853069,0,13.3309927,-1.81949651,7.72234249,0,,,,50
58553752,0.5,0,1,0.997331023,0,0,0,0,15.9395075,-1.81949651,8.56254578,8.42853069,0,13.3309927,-1.81949651,7.72234249,0,,,,50
58554883,0.5,0,1,0.961055756,0,0,0,0,15.9395075,-1.20979512,8.58364296,8.42853069,0,13.3309927,-1.20979512,7.76128674,0,,,,50
58556009,0.5,0,1,0.961055756,0,0,0,0,15.9349623,-1.20979512,8.57158756,8.42853069,0,13.3238449,-1.20979512,7.76128674,0,,,,50
58557140,0.5,0,1,0.961055756,0,0,0,0,15.9395075,-0.522697747,8.57158756,8.42853069,0,13.3309927,-0.522697747,7.80023098,0,,,,50
58558267,0.5,0,1,0.935151219,0,0,0,0,15.9349623,-0.522697747,8.58665657,8.42853069,0,13.3309927,-0.522697747,7.80023098,0,,,,50
58559397,0.5,1,1,0.935151219,0.0161172152,0,0,0,15.9349623,0.254399568,8.53240585,8.42853069,0,13.3238449,0.254399568,7.86507988,0,,,,50
58560524,0.5,1,1,0.935151219,0.00805860758,0,0,0,15.9349623,0.254399568,8.57460117,8.42853069,0,13.3309927,0.254399568,7.86507988,0,,,,50
58561863,0.5,1,1,0.935151219,0.0161172152,0,0,0,15.9304171,1.11289871,8.54144764,8.42853069,0,13.3166971,1.11289871,7.9299283,0,,,,50
58562989,0.5,1,1,0.94255203,0.0322344303,0,0,0,15.9304171,1.11289871,8.51432323,8.42219639,0,13.3238449,1.11289871,7.9299283,0,,,,50
58564120,0.5,1,1,0.94255203,0.056410253,0,0,0,15.9349623,1.98187423,8.58364296,8.42853069,0,13.3309927,1.98187423,7.98737621,0,,,,50
58565246,0.5,1,1,0.94255203,0.056410253,0,0,0,15.9395075,1.98187423,8.52939224,8.42641926,0,13.3309927,1.98187423,7.98737621,0,,,,50
58566377,0.5,0.857142866,1,0.927973628,0.0483516455,0.00805860758,0,0,15.9349623,2.8109448,8.50528145,8.40108299,0,13.3238449,2.8109448,8.05940247,0,,,,50
58567504,0.5,0.75,1,0.927973628,0.0483516455,0.0161172152,0,0,15.9304171,2.8109448,8.52637863,8.39263725,0,13.3238449,2.8109448,8.05940247,0,,,,50
58568639,0.5,0.75,1,0.927973628,0.0725274682,0.0241758227,0,0,15.9304171,3.60341692,8.50226688,8.37363529,0,13.3309927,3.60341692,8.13142872,0,,,,50
58569766,0.5,0.666666687,1,0.927973628,0.0644688606,0.0322344303,0,0,15.9304171,3.60341692,8.49021149,8.39052582,0,13.3309927,3.60341692,8.13142872,0,,,,50
58570896,0.5,0.733333349,1,0.927973628,0.0886446834,0.0322344303,0,0,15.9304171,4.34476042,8.4932251,8.39474869,0,13.3238449,4.34476042,8.20345497,0,,,,50
58572023,0.5,0.722222209,1,0.917200625,0.104761899,0.0402930379,0,0,15.9304171,4.34476042,8.4811697,8.38841438,0,13.3238449,4.34476042,8.20345497,0,,,,50
58573154,0.5,0.652173936,1,0.917200625,0.120879114,0.0644688606,0,0,15.9304171,5.03418446,8.45705795,8.4074173,0,13.3095493,5.03418446,8.28625488,0,,,,50
58574281,0.5,0.708333313,1,0.917200625,0.136996329,0.056410253,0,0,15.9304171,5.03418446,8.45404434,8.36518955,0,13.3238449,5.03418446,8.28625488,0,,,,50
58575411,0.5,0.666666687,1,0.900027692,0.145054936,0.0725274682,0,0,15.9304171,5.71844435,8.45103073,8.36518955,0,13.3238449,5.71844435,8.38622665,0,,,,50
58576543,0.5,0.676470578,1,0.900027692,0.185347974,0.0886446834,0,0,15.9304171,5.71844435,8.2671814,8.36096668,0,13.3238449,5.71844435,8.38622665,0,,,,50
58577673,0.5,0.645161271,1,0.900027692,0.161172152,0.0886446834,0,0,15.9349623,6.4241271,8.33951569,8.36307812,0,13.3238449,6.4241271,8.48619938,0,,,,50
58578800,0.5,0.585365832,1,0.900027692,0.193406582,0.136996329,0,0,15.9258718,6.4241271,8.42390537,8.32296276,0,13.3238449,6.4241271,8.48619938,0,,,,50
58579930,0.5,0.545454562,1,0.906777918,0.193406582,0.161172152,0,0,15.9258718,7.10977602,8.38472462,8.34829903,0,13.3238449,7.10977602,8.57942104,0,,,,50
58581057,0.5,0.560975611,1,0.906777918,0.185347974,0.145054936,0,0,15.9213276,7.10977602,8.42390537,8.33774185,0,13.3024006,7.10977602,8.57942104,0,,,,50
58582188,0.5,0.551020384,1,0.906777918,0.217582405,0.177289367,0,0,15.9167824,7.72704983,8.41486359,8.3250742,0,13.3166971,7.72704983,8.67264271,0,,,,50
58583518,0.5,0.555555582,1,0.906777918,0.241758227,0.193406582,0,0,15.9031467,7.72704983,8.35759926,8.2976265,0,13.3024006,7.72704983,8.67264271,0,,,,50
58584653,0.5,0.547945201,1,0.920692921,0.322344303,0.26593405,0,0,15.8986015,8.23907757,8.30937672,8.28706932,0,13.3095493,8.23907757,8.75195026,0,,,,50
58585780,0.5,0.544303775,1,0.920692921,0.346520126,0.290109873,0,0,15.8940573,8.23907757,8.29430676,8.26384449,0,13.3095493,8.23907757,8.75195026,0,,,,50
58586910,0.5,0.527472556,1,0.920692921,0.386813164,0.346520126,0,0,15.8986015,8.62312698,8.20087528,8.24061966,0,13.3095493,8.62312698,8.83125687,0,,,,50
58588037,0.5,0.567901254,1,0.920692921,0.370695949,0.282051265,0,0,15.9031467,8.62312698,8.29129314,8.26173306,0,13.3024006,8.62312698,8.83125687,0,,,,50
58589168,0.5,0.549295783,1,0.906777918,0.314285696,0.257875443,0,0,15.907692,8.92543125,8.31841755,8.28918076,0,13.3095493,8.92543125,8.92447853,0,,,,50
58590295,0.5,0.536231875,1,0.906777918,0.29816848,0.257875443,0,0,15.907692,8.92543125,8.3425293,8.29340363,0,13.3166971,8.92543125,8.92447853,0,,,,50
58591425,0.5,0.532258093,1,0.906777918,0.26593405,0.23369962,0,0,15.907692,9.20811367,8.35157108,8.30184937,0,13.3166971,9.20811367,9.01770115,0,,,,50
58592557,0.5,0.555555582,1,0.906777918,0.282051265,0.225641012,0,0,15.907692,9.20811367,8.3425293,8.29973793,0,13.3166971,9.20811367,9.01770115,0,,,,50
58593687,0.5,0.537313461,1,0.906777918,0.290109873,0.249816835,0,0,15.9031467,9.48271847,8.3304739,8.29551506,0,13.3095493,9.48271847,9.11092281,0,,,,50
58594814,0.5,0.549295783,1,0.906777918,0.314285696,0.257875443,0,0,15.9031467,9.48271847,8.31841755,8.28918076,0,13.3095493,9.48271847,9.11092281,0,,,,50
58595944,0.5,0.557142854,1,0.906777918,0.314285696,0.249816835,0,0,15.9031467,9.74157619,8.33650112,8.28495789,0,13.3166971,9.74157619,9.20414448,0,,,,50
58597071,0.5,0.555555582,1,0.906777918,0.322344303,0.257875443,0,0,15.9031467,9.74157619,8.34554291,8.28706932,0,13.3024006,9.74157619,9.20414448,0,,,,50
58598202,0.5,0.552631557,1,0.928945959,0.338461518,0.273992658,0,0,15.8986015,9.94025993,8.29430676,8.27440166,0,13.3095493,9.94025993,9.27519894,0,,,,50
58599333,0.5,0.557142854,1,0.928945959,0.314285696,0.249816835,0,0,15.907692,9.94025993,8.3304739,8.28918076,0,13.3095493,9.94025993,9.27519894,0,,,,50
58600464,0.5,0.563380301,1,0.928945959,0.322344303,0.249816835,0,0,15.9031467,10.0324917,8.3304739,8.28073597,0,13.3166971,10.0324917,9.34625244,0,,,,50
58601590,0.5,0.518987358,1,0.942440689,0.330402911,0.306227088,0,0,15.8986015,10.0324917,8.32143211,8.2765131,0,13.3095493,10.0324917,9.34625244,0,,,,50
58602721,0.5,0.546666682,1,0.942440689,0.330402911,0.273992658,0,0,15.9031467,10.0138273,8.31239033,8.28284645,0,13.3095493,10.0138273,9.40381145,0,,,,50
58604051,0.5,0.560000002,1,0.942440689,0.338461518,0.26593405,0,0,15.9031467,10.0138273,8.32143211,8.28495789,0,13.2952528,10.0138273,9.40381145,0,,,,50
58605182,0.5,0.565789461,1,0.942440689,0.346520126,0.26593405,0,0,15.9031467,9.89753342,8.31841755,8.28284645,0,13.3095493,9.89753342,9.46137047,0,,,,50
58606308,0.5,0.547945201,1,0.972415984,0.322344303,0.26593405,0,0,15.9031467,9.89753342,8.31841755,8.29129219,0,13.3095493,9.89753342,9.46137047,0,,,,50
58607444,0.5,0.567164183,1,0.972415984,0.306227088,0.23369962,0,0,15.9031467,9.66632175,8.33348751,8.2976265,0,13.3166971,9.66632175,9.48895454,0,,,,50
58608570,0.5,0.573529422,1,0.972415984,0.314285696,0.23369962,0,0,15.907692,9.66632175,8.34554291,8.29340363,0,13.3095493,9.66632175,9.48895454,0,,,,50
58609701,0.5,0.550724626,1,1.00575304,0.306227088,0.249816835,0,0,15.9122372,9.23696899,8.35759926,8.30184937,0,13.3166971,9.23696899,9.48320198,0,,,,50
58610827,0.5,0.557142854,1,1.00575304,0.314285696,0.249816835,0,0,15.907692,9.23696899,8.33348751,8.2976265,0,13.3095493,9.23696899,9.48320198,0,,,,50
58611958,0.5,0.560606062,1,1.00575304,0.29816848,0.23369962,0,0,15.907692,8.59196949,8.3425293,8.30607224,0,13.3166971,8.59196949,9.47744846,0,,,,50
58613084,0.5,0.560606062,1,1.00575304,0.29816848,0.23369962,0,0,15.907692,8.59196949,8.34554291,8.3039608,0,13.3095493,8.59196949,9.47744846,0,,,,50
58614215,0.5,0.542372882,1,1.02263808,0.257875443,0.217582405,0,0,15.907692,7.79661179,8.37568283,8.31029415,0,13.3238449,7.79661179,9.45481014,0,,,,50
58615347,0.5,0.540983617,1,1.02263808,0.26593405,0.225641012,0,0,15.907692,7.79661179,8.35458469,8.31451702,0,13.3166971,7.79661179,9.45481014,0,,,,50
58616477,0.5,0.549019635,1,1.02263808,0.225641012,0.185347974,0,0,15.9167824,6.91487026,8.40280819,8.32929707,0,13.3238449,6.91487026,9.43217182,0,,,,50
58617604,0.5,0.595744669,1,1.03189516,0.225641012,0.153113544,0,0,15.9213276,6.91487026,8.40883541,8.33563042,0,13.3238449,6.91487026,9.43217182,0,,,,50
58618735,0.5,0.560975611,1,1.03189516,0.185347974,0.145054936,0,0,15.9258718,6.00258875,8.42691898,8.34829903,0,13.3238449,6.00258875,9.40027714,0,,,,50
58619861,0.5,0.5,1,1.03189516,0.169230759,0.169230759,0,0,15.9258718,6.00258875,8.42089176,8.32085133,0,13.3238449,6.00258875,9.40027714,0,,,,50
58620992,0.5,0.53125,1,1.05901074,0.136996329,0.120879114,0,0,15.9258718,5.0514636,8.61679649,8.34618759,0,13.3238449,5.0514636,9.34126663,0,,,,50
58622119,0.5,0.535714269,1,1.05901074,0.120879114,0.104761899,0,0,15.9349623,5.0514636,8.62885189,8.35885525,0,13.3309927,5.0514636,9.34126663,0,,,,50
58623254,0.5,0.666666687,1,1.05901074,0.161172152,0.0805860758,0,0,15.9304171,4.04606056,8.46308613,8.3799696,0,13.3238449,4.04606056,9.28225517,0,,,,50
58624381,0.5,0.708333313,1,1.06865478,0.136996329,0.056410253,0,0,15.9304171,4.04606056,8.47514153,8.38630295,0,13.3238449,4.04606056,9.28225517,0,,,,50
58625715,0.5,0.761904776,1,1.06865478,0.128937721,0.0402930379,0,0,15.9349623,3.02252722,8.50829506,8.39897156,0,13.3238449,3.02252722,9.21360016,0,,,,50
58626842,0.5,0.789473712,1,1.06865478,0.120879114,0.0322344303,0,0,15.9304171,3.02252722,8.49623966,8.40530586,0,13.3238449,3.02252722,9.21360016,0,,,,50
58627973,0.5,0.857142866,1,1.06865478,0.0967032909,0.0161172152,0,0,15.9304171,2.02112985,8.53542042,8.4074173,0,13.3309927,2.02112985,9.1449461,0,,,,50
58629099,0.5,0.727272749,1,1.06922758,0.0644688606,0.0241758227,0,0,15.9304171,2.02112985,8.54747581,8.41586208,0,13.3381405,2.02112985,9.1449461,0,,,,50
58630234,0.5,0.75,1,1.06922758,0.0483516455,0.0161172152,0,0,15.9395075,1.0800302,8.568573,8.41375065,0,13.3309927,1.0800302,9.07571793,0,,,,50
58631361,0.5,0.714285731,1,1.06922758,0.0402930379,0.0161172152,0,0,15.9304171,1.0800302,8.53843403,8.41375065,0,13.3381405,1.0800302,9.07571793,0,,,,50
58632491,0.5,0.800000012,1,1.08803451,0.0322344303,0.00805860758,0,0,15.9349623,0.192174822,8.54144764,8.42219639,0,13.3309927,0.192174822,8.9876833,0,,,,50
58633618,0.5,1,1,1.08803451,0.0322344303,0,0,0,15.9349623,0.192174822,8.53542042,8.42641926,0,13.3238449,0.192174822,8.9876833,0,,,,50
58634749,0.5,1,1,1.08803451,0.0241758227,0,0,0,15.9349623,-0.669692934,8.5565176,8.43486404,0,13.3309927,-0.669692934,8.89964962,0,,,,50
58635875,0.5,1,1,1.07774794,0.0402930379,0,0,0,15.9349623,-0.669692934,8.51432323,8.43275356,0,13.3309927,-0.669692934,8.89964962,0,,,,50
58637006,0.5,1,1,1.07774794,0.0241758227,0,0,0,15.9349623,-1.46886134,8.53843403,8.43908691,0,13.3309927,-1.46886134,8.82190132,0,,,,50
58638137,0.5,1,1,1.07774794,0.0241758227,0,0,0,15.9349623,-1.46886134,8.54144764,8.43697548,0,13.3309927,-1.46886134,8.82190132,0,,,,50
58639268,0.5,1,1,1.07833052,0.0161172152,0,0,0,15.9349623,-2.15778041,8.53843403,8.43697548,0,13.3238449,-2.15778041,8.74357128,0,,,,50
58640394,0.5,1,1,1.07833052,0.0161172152,0,0,0,15.9349623,-2.15778041,8.54747581,8.43486404,0,13.3309927,-2.15778041,8.74357128,0,,,,50
58641525,0.5,1,1,1.07833052,0.0161172152,0,0,0,15.9395075,-2.73566604,8.53843403,8.43486404,0,13.3309927,-2.73566604,8.66524029,0,,,,50
58642652,0.5,1,1,1.07833052,0.0161172152,0,0,0,15.9349623,-2.73566604,8.5565176,8.43275356,0,13.3309927,-2.73566604,8.66524029,0,,,,50
58643782,0.5,1,1,1.07818484,0.0241758227,0,0,0,15.9349623,-3.21880364,8.53240585,8.43064213,0,13.3309927,-3.21880364,8.58705521,0,,,,50
58644909,0.5,1,1,1.07818484,0.0241758227,0,0,0,15.9349623,-3.21880364,8.52637863,8.43275356,0,13.3309927,-3.21880364,8.58705521,0,,,,50
58646248,0.5,1,1,1.07818484,0.0241758227,0,0,0,15.9349623,-3.62175584,8.52939224,8.43486404,0,13.3309927,-3.62175584,8.50887108,0,,,,50
58647375,0.5,1,1,1.06865478,0.0241758227,0,0,0,15.9349623,-3.62175584,8.52939224,8.43275356,0,13.3238449,-3.62175584,8.50887108,0,,,,50
58648505,0.5,1,1,1.06865478,0.0402930379,0,0,0,15.9349623,-3.94062853,8.50226688,8.43275356,0,13.3095493,-3.94062853,8.44021606,0,,,,50
58649632,0.5,1,1,1.06865478,0.0483516455,0,0,0,15.9349623,-3.94062853,8.52939224,8.43275356,0,13.3309927,-3.94062853,8.44021606,0,,,,50
58650762,0.5,1,1,1.06865478,0.0483516455,0,0,0,15.9304171,-4.16818571,8.49623966,8.43064213,0,13.3309927,-4.16818571,8.37156105,0,,,,50
58651889,0.5,1,1,1.06865478,0.056410253,0,0,0,15.9349623,-4.16818571,8.50528145,8.42219639,0,13.3238449,-4.16818571,8.37156105,0,,,,50
58653020,0.5,1,1,1.06865478,0.0402930379,0,0,0,15.9304171,-4.32351589,8.52035046,8.42853069,0,13.3238449,-4.32351589,8.30290699,0,,,,50
58654151,0.5,1,1,1.05929184,0.0402930379,0,0,0,15.9304171,-4.32351589,8.53542042,8.41797352,0,13.3309927,-4.32351589,8.30290699,0,,,,50
58655282,0.5,1,1,1.05929184,0.0402930379,0,0,0,15.9349623,-4.41505194,8.56555939,8.42853069,0,13.3309927,-4.41505194,8.24361515,0,,,,50
58656408,0.5,1,1,1.05929184,0.00805860758,0,0,0,15.9349623,-4.41505194,8.57761478,8.42853069,0,13.3309927,-4.41505194,8.24361515,0,,,,50
58657539,0.5,0,1,1.05929184,0,0,0,0,15.9395075,-4.44131279,8.57761478,8.42641926,0,13.3166971,-4.44131279,8.18432331,0,,,,50
58658666,0.5,0,1,1.04541397,0,0,0,0,15.9304171,-4.44131279,8.56555939,8.43275356,0,13.3238449,-4.44131279,8.18432331,0,,,,50
58659796,0.5,1,1,1.04541397,0.00805860758,0,0,0,15.9349623,-4.39697504,8.53843403,8.42853069,0,13.3309927,-4.39697504,8.13890934,0,,,,50
58660928,0.5,1,1,1.04541397,0.0161172152,0,0,0,15.9349623,-4.39697504,8.55350399,8.43064213,0,13.3238449,-4.39697504,8.13890934,0,,,,50
58662059,0.5,1,1,1.03176177,0.0161172152,0,0,0,15.9349623,-4.25281239,8.56254578,8.43064213,0,13.3095493,-4.25281239,8.10714722,0,,,,50
58663186,0.5,1,1,1.03176177,0.0161172152,0,0,0,15.9349623,-4.25281239,8.55350399,8.43064213,0,13.3309927,-4.25281239,8.10714722,0,,,,50
58664316,0.5,1,1,1.03176177,0.0161172152,0,0,0,15.9349623,-4.00854301,8.56555939,8.43064213,0,13.3309927,-4.00854301,8.07538605,0,,,,50
58665443,0.5,1,1,1.03176177,0.00805860758,0,0,0,15.9395075,-4.00854301,8.58665657,8.43275356,0,13.3095493,-4.00854301,8.07538605,0,,,,50
58666777,0.5,1,1,1.0143187,0.0161172152,0,0,0,15.9349623,-3.67779946,8.56254578,8.43064213,0,13.3309927,-3.67779946,8.06106663,0,,,,50
58667904,0.5,1,1,1.0143187,0.00805860758,0,0,0,15.9349623,-3.67779946,8.57460117,8.43064213,0,13.3238449,-3.67779946,8.06106663,0,,,,50
58669040,0.5,1,1,1.0143187,0.00805860758,0,0,0,15.9349623,-3.26916337,8.568573,8.42641926,0,13.3166971,-3.26916337,8.04674816,0,,,,50
58670167,0.5,1,1,1.02303147,0.00805860758,0,0,0,15.9349623,-3.26916337,8.56555939,8.43275356,0,13.3309927,-3.26916337,8.04674816,0,,,,50
58671298,0.5,0,1,1.02303147,0,0,0,0,15.9395075,-2.84050727,8.58364296,8.43064213,0,13.3381405,-2.84050727,8.02371693,0,,,,50
58672424,0.5,0,1,1.02303147,0,0,0,0,15.9304171,-2.84050727,8.58665657,8.42853069,0,13.3309927,-2.84050727,8.02371693,0,,,,50
58673555,0.5,0,1,1.02303147,0,0,0,0,15.9213276,-2.45477748,8.58665657,8.43064213,0,13.3238449,-2.45477748,8.00068569,0,,,,50
58674681,0.5,0,1,0.997455657,0,0,0,0,15.9349623,-2.45477748,8.57158756,8.43064213,0,13.3309927,-2.45477748,8.00068569,0,,,,50
58675812,0.5,0,1,0.997455657,0,0,0,0,15.9395075,-2.08202195,8.58665657,8.43064213,0,13.3309927,-2.08202195,8.00323009,0,,,,50
58676943,0.5,0,1,0.997455657,0,0,0,0,15.9395075,-2.08202195,8.58364296,8.42853069,0,13.3309927,-2.08202195,8.00323009,0,,,,50
58678074,0.5,0,1,0.997455657,0,0,0,0,15.9349623,-1.66658771,8.59268475,8.42853069,0,13.3166971,-1.66658771,8.0057745,0,,,,50
58679200,0.5,1,1,0.997455657,0.00805860758,0,0,0,15.9395075,-1.66658771,8.55953121,8.43064213,0,13.3309927,-1.66658771,8.0057745,0,,,,50
58680331,0.5,0,1,0.997455657,0,0,0,0,15.9395075,-1.22593307,8.5565176,8.42853069,0,13.3238449,-1.22593307,8.00831795,0,,,,50
58681457,0.5,0,1,0.997455657,0,0,0,0,15.9349623,-1.22593307,8.56555939,8.42853069,0,13.3381405,-1.22593307,8.00831795,0,,,,50
58682588,0.5,0,1,0.997455657,0,0,0,0,15.9395075,-0.799055755,8.58967113,8.42641926,0,13.3309927,-0.799055755,8.01086235,0,,,,50
58683714,0.5,0,1,0.997455657,0,0,0,0,15.9349623,-0.799055755,8.58062935,8.42853069,0,13.3309927,-0.799055755,8.01086235,0,,,,50
58684850,0.5,1,1,0.997455657,0.00805860758,0,0,0,15.9304171,-0.40734002,8.58062935,8.42853069,0,13.3095493,-0.40734002,8.01340675,0,,,,50
58685977,0.5,0,1,0.997455657,0,0,0,0,15.9349623,-0.40734002,8.57460117,8.42853069,0,13.3309927,-0.40734002,8.01340675,0,,,,50
58687107,0.5,1,1,0.965474367,0.0161172152,0,0,0,15.9349623,-0.0015116873,8.55350399,8.42853069,0,13.3309927,-0.0015116873,8.04793262,0,,,,50
58688438,0.5,1,1,0.965474367,0.0161172152,0,0,0,15.9349623,-0.0015116873,8.57158756,8.42853069,0,13.3238449,-0.0015116873,8.04793262,0,,,,50
58689568,0.5,1,1,0.965474367,0.0241758227,0,0,0,15.9349623,0.481278032,8.51130867,8.42853069,0,13.3309927,0.481278032,8.0824585,0,,,,50
58690695,0.5,1,1,0.965474367,0.0241758227,0,0,0,15.9349623,0.481278032,8.55953121,8.42853069,0,13.3238449,0.481278032,8.0824585,0,,,,50
58691830,0.5,1,1,0.924318969,0.0402930379,0,0,0,15.9349623,1.0903095,8.52035046,8.42853069,0,13.3309927,1.0903095,8.15813923,0,,,,50
58692956,0.5,1,1,0.924318969,0.0483516455,0,0,0,15.9304171,1.0903095,8.55048943,8.42853069,0,13.3309927,1.0903095,8.15813923,0,,,,50
58694087,0.5,1,1,0.924318969,0.0886446834,0,0,0,15.9304171,1.8572768,8.4811697,8.42641926,0,13.3381405,1.8572768,8.23381996,0,,,,50
58695214,0.5,1,1,0.924318969,0.056410253,0,0,0,15.9349623,1.8572768,8.5444622,8.42008495,0,13.3309927,1.8572768,8.23381996,0,,,,50
58696345,0.5,1,1,0.924318969,0.0725274682,0,0,0,15.9349623,2.71544313,8.54747581,8.41586208,0,13.3309927,2.71544313,8.30950165,0,,,,50
58697471,0.5,0.800000012,1,0.924318969,0.0644688606,0.0161172152,0,0,15.9304171,2.71544313,8.47212791,8.4074173,0,13.3238449,2.71544313,8.30950165,0,,,,50
58698602,0.5,0.75,1,0.924318969,0.0725274682,0.0241758227,0,0,15.9349623,3.5765202,8.51130867,8.40108299,0,13.3309927,3.5765202,8.38518238,0,,,,50
58699734,0.5,0.785714269,1,0.924318969,0.0886446834,0.0241758227,0,0,15.9304171,3.5765202,8.48418331,8.39474869,0,13.3309927,3.5765202,8.38518238,0,,,,50
58700864,0.5,0.800000012,1,0.924318969,0.0967032909,0.0241758227,0,0,15.9304171,4.389709,8.49623966,8.39686012,0,13.3309927,4.389709,8.46086311,0,,,,50
58701991,0.5,0.736842096,1,0.924318969,0.112820506,0.0402930379,0,0,15.9304171,4.389709,8.43897438,8.38630295,0,13.3238449,4.389709,8.46086311,0,,,,50
58703121,0.5,0.739130437,1,0.924318969,0.136996329,0.0483516455,0,0,15.9304171,5.12871456,8.4178772,8.38841438,0,13.3309927,5.12871456,8.53654385,0,,,,50
58704248,0.5,0.652173936,1,0.900027692,0.120879114,0.0644688606,0,0,15.9304171,5.12871456,8.46007252,8.37574673,0,13.3238449,5.12871456,8.53654385,0,,,,50
58705378,0.5,0.678571403,1,0.900027692,0.153113544,0.0725274682,0,0,15.9258718,5.82813454,8.46007252,8.37152386,0,13.3238449,5.82813454,8.63651657,0,,,,50
58706505,0.5,0.653846145,1,0.900027692,0.136996329,0.0725274682,0,0,15.9304171,5.82813454,8.47212791,8.36518955,0,13.3238449,5.82813454,8.63651657,0,,,,50
58707640,0.5,0.612903237,1,0.900027692,0.153113544,0.0967032909,0,0,15.9304171,6.53726292,8.44500256,8.36096668,0,13.3238449,6.53726292,8.73648834,0,,,,50
58708971,0.5,0.560975611,1,0.906777918,0.185347974,0.145054936,0,0,15.9304171,6.53726292,8.41486359,8.38208103,0,13.3238449,6.53726292,8.73648834,0,,,,50
58710101,0.5,0.571428597,1,0.906777918,0.193406582,0.145054936,0,0,15.9258718,7.22697735,8.41184998,8.33985329,0,13.3238449,7.22697735,8.82971096,0,,,,50
58711228,0.5,0.537037015,1,0.906777918,0.23369962,0.201465189,0,0,15.9167824,7.22697735,8.36965466,8.31662846,0,13.3166971,7.22697735,8.82971096,0,,,,50
58712359,0.5,0.551724136,1,0.906777918,0.257875443,0.209523797,0,0,15.9122372,7.84831572,8.37266827,8.3039608,0,13.3166971,7.84831572,8.92293262,0,,,,50
58713485,0.5,0.55384618,1,0.906777918,0.290109873,0.23369962,0,0,15.9031467,7.84831572,8.34554291,8.28706932,0.00714798551,13.3095493,7.84831572,8.92293262,0,,,,50
58714620,0.5,0.530864179,1,0.906777918,0.346520126,0.306227088,0,0,15.9031467,8.38994884,8.29732037,8.28495789,0,13.3095493,8.38994884,9.01615429,0,,,,50
58715747,0.5,0.557142854,1,0.906777918,0.314285696,0.249816835,0,0,15.907692,8.38994884,8.33650112,8.28495789,0,13.3166971,8.38994884,9.01615429,0,,,,50
58716878,0.5,0.536231875,1,0.906777918,0.29816848,0.257875443,0,0,15.907692,8.85763168,8.33650112,8.29551506,0,13.3095493,8.85763168,9.10937595,0,,,,50
58718004,0.5,0.567164183,1,0.893277168,0.306227088,0.23369962,0,0,15.9122372,8.85763168,8.36965466,8.30184937,0,13.3166971,8.85763168,9.10937595,0,,,,50
58719135,0.5,0.540983617,1,0.893277168,0.26593405,0.225641012,0,0,15.907692,9.28438663,8.36965466,8.29973793,0,13.3166971,9.28438663,9.21609879,0,,,,50
58720261,0.5,0.543859661,1,0.893277168,0.249816835,0.209523797,0,0,15.9122372,9.28438663,8.36362648,8.31029415,0,13.3166971,9.28438663,9.21609879,0,,,,50
58721392,0.5,0.530303001,1,0.893277168,0.282051265,0.249816835,0,0,15.907692,9.70678806,8.34554291,8.28495789,0,13.3095493,9.70678806,9.32282162,0,,,,50
58722524,0.5,0.563380301,1,0.880075574,0.322344303,0.249816835,0,0,15.9031467,9.70678806,8.33348751,8.29129219,0,13.3095493,9.70678806,9.32282162,0,,,,50
58723654,0.5,0.527027011,1,0.880075574,0.314285696,0.282051265,0,0,15.9031467,10.1460476,8.33951569,8.28918076,0,13.3166971,10.1460476,9.44274616,0,,,,50
58724780,0.5,0.558441579,1,0.880075574,0.346520126,0.273992658,0,0,15.8940573,10.1460476,8.31540394,8.26806736,0,13.3095493,10.1460476,9.44274616,0,,,,50
58725911,0.5,0.566265047,1,0.880075574,0.378754556,0.290109873,0,0,15.8986015,10.6135035,8.30334854,8.26595592,0,13.3024006,10.6135035,9.56267071,0,,,,50
58727038,0.5,0.539473712,1,0.903287947,0.330402911,0.282051265,0,0,15.8986015,10.6135035,8.31540394,8.2765131,0,13.3024006,10.6135035,9.56267071,0,,,,50
58728168,0.5,0.534246564,1,0.903287947,0.314285696,0.273992658,0,0,15.9031467,11.0467978,8.29732037,8.28284645,0,13.3166971,11.0467978,9.65938187,0,,,,50
58729295,0.5,0.543209851,1,0.903287947,0.354578733,0.29816848,0,0,15.8986015,11.0467978,8.29732037,8.2765131,0,13.3095493,11.0467978,9.65938187,0,,,,50
58730634,0.5,0.537500024,1,0.935041606,0.346520126,0.29816848,0,0,15.8940573,11.3134413,8.29430676,8.26806736,0,13.3095493,11.3134413,9.72434044,0,,,,50
58731761,0.5,0.560975611,1,0.935041606,0.370695949,0.290109873,0,0,15.8940573,11.3134413,8.31239033,8.26806736,0,13.3095493,11.3134413,9.72434044,0,,,,50
58732891,0.5,0.49473685,1,0.935041606,0.378754556,0.386813164,0,0,15.8849669,11.355072,8.25813961,8.23850822,0,13.3024006,11.355072,9.78929901,0,,,,50
58734018,0.5,0.526315808,1,0.935041606,0.322344303,0.290109873,0,0,15.8940573,11.355072,8.27019501,8.23639679,0,13.3024006,11.355072,9.78929901,0,,,,50
58735149,0.5,0.536842108,1,0.943220496,0.410988986,0.354578733,0,0,15.8940573,11.2200098,8.28827858,8.25962162,0,13.3024006,11.2200098,9.84607792,0,,,,50
58736275,0.5,0.600000024,1,0.943220496,0.362637341,0.241758227,0,0,15.8895121,11.2200098,8.23704243,8.24484253,0,13.3024006,11.2200098,9.84607792,0,,,,50
58737406,0.5,0.589041114,1,0.943220496,0.346520126,0.241758227,0,0,15.8940573,10.9720583,8.22800064,8.28495789,0,13.3095493,10.9720583,9.90285778,0,,,,50
58738537,0.5,0.488372087,1,0.973127484,0.338461518,0.354578733,0,0,15.8986015,10.9720583,8.30334854,8.23428535,0,13.3166971,10.9720583,9.90285778,0,,,,50
58739668,0.5,0.543209851,1,0.973127484,0.354578733,0.29816848,0,0,15.8986015,10.6143961,8.29732037,8.27440166,0,13.3166971,10.6143961,9.92973042,0,,,,50
58740794,0.5,0.543209851,1,0.973127484,0.354578733,0.29816848,0,0,15.8940573,10.6143961,8.27320957,8.25962162,0,13.3024006,10.6143961,9.92973042,0,,,,50
58741925,0.5,0.524390221,1,0.973127484,0.346520126,0.314285696,0,0,15.8986015,10.1315861,8.29129314,8.26806736,0,13.2952528,10.1315861,9.9566021,0,,,,50
58743051,0.5,0.51219511,1,0.992493212,0.338461518,0.322344303,0,0,15.8986015,10.1315861,8.29732037,8.27440166,0,13.2952528,10.1315861,9.9566021,0,,,,50
58744182,0.5,0.544303775,1,0.992493212,0.346520126,0.290109873,0,0,15.9031467,9.54140949,8.28225136,8.28073597,0,13.3095493,9.54140949,9.96410942,0,,,,50
58745314,0.5,0.533333361,1,0.992493212,0.322344303,0.282051265,0,0,15.8986015,9.54140949,8.30937672,8.28284645,0,13.3095493,9.54140949,9.96410942,0,,,,50
58746445,0.5,0.549295783,1,0.989293933,0.314285696,0.257875443,0,0,15.907692,8.87749863,8.32143211,8.29340363,0,13.3166971,8.87749863,9.97481537,0,,,,50
58747571,0.5,0.55384618,1,0.989293933,0.290109873,0.23369962,0,0,15.9122372,8.87749863,8.35458469,8.30607224,0,13.3166971,8.87749863,9.97481537,0,,,,50
58748702,0.5,0.55737704,1,0.989293933,0.273992658,0.217582405,0,0,15.9167824,8.20265961,8.34855747,8.31451702,0,13.3238449,8.20265961,9.98552132,0,,,,50
58749828,0.5,0.547169805,1,0.989293933,0.23369962,0.193406582,0,0,15.9122372,8.20265961,8.39075184,8.31873989,0,13.3166971,8.20265961,9.98552132,0,,,,50
58751163,0.5,0.581818163,1,1.03189516,0.257875443,0.185347974,0,0,15.9167824,7.48960733,8.37568283,8.3250742,0,13.3238449,7.48960733,9.95362568,0,,,,50
58752289,0.5,0.549019635,1,1.03189516,0.225641012,0.185347974,0,0,15.9213276,7.48960733,8.40883541,8.3314085,0,13.3166971,7.48960733,9.95362568,0,,,,50
58753425,0.5,0.536585391,1,1.03189516,0.177289367,0.153113544,0,0,15.9213276,6.67441988,8.44801617,8.34618759,0,13.3238449,6.67441988,9.921731,0,,,,50
58754551,0.5,0.585365832,1,1.04077804,0.193406582,0.136996329,0,0,15.9258718,6.67441988,8.39678001,8.34407616,0,13.3238449,6.67441988,9.921731,0,,,,50
58755681,0.5,0.605263174,1,1.04077804,0.185347974,0.120879114,0,0,15.9304171,5.78816938,8.35759926,8.35674477,0,13.3238449,5.78816938,9.88095284,0,,,,50
58756808,0.5,0.634146333,1,1.04077804,0.209523797,0.120879114,0,0,15.9304171,5.78816938,8.40280819,8.36307812,0,13.3309927,5.78816938,9.88095284,0,,,,50
58757939,0.5,0.633333325,1,1.04077804,0.153113544,0.0886446834,0,0,15.9349623,4.88902283,8.38773823,8.37785816,0,13.3238449,4.88902283,9.84017467,0,,,,50
58759065,0.5,0.689655185,1,1.04981518,0.161172152,0.0725274682,0,0,15.9304171,4.88902283,8.47514153,8.39052582,0,13.3095493,4.88902283,9.84017467,0,,,,50
58760196,0.5,0.727272749,1,1.04981518,0.128937721,0.0483516455,0,0,15.9349623,4.01045752,8.45103073,8.39474869,0,13.3238449,4.01045752,9.7903595,0,,,,50
58761328,0.5,0.727272749,1,1.04981518,0.128937721,0.0483516455,0,0,15.9258718,4.01045752,8.46609974,8.40530586,0,13.3238449,4.01045752,9.7903595,0,,,,50
58762458,0.5,0.714285731,1,1.07818484,0.120879114,0.0483516455,0,0,15.9304171,3.11733246,8.49021149,8.39263725,0,13.3238449,3.11733246,9.71217442,0,,,,50
58763585,0.5,0.800000012,1,1.07818484,0.128937721,0.0322344303,0,0,15.9304171,3.11733246,8.49925327,8.40530586,0,13.3024006,3.11733246,9.71217442,0,,,,50
58764715,0.5,0.769230783,1,1.07818484,0.0805860758,0.0241758227,0,0,15.9304171,2.1754365,8.48719788,8.42219639,0,13.3238449,2.1754365,9.63398933,0,,,,50
58765842,0.5,0.714285731,1,1.06069994,0.0805860758,0.0322344303,0,0,15.9304171,2.1754365,8.50829506,8.39897156,0,13.3238449,2.1754365,9.63398933,0,,,,50
58766973,0.5,0.769230783,1,1.06069994,0.0805860758,0.0241758227,0,0,15.9349623,1.26213074,8.53843403,8.41163921,0,13.3309927,1.26213074,9.57328987,0,,,,50
58768099,0.5,0.777777791,1,1.06069994,0.056410253,0.0161172152,0,0,15.9349623,1.26213074,8.51733685,8.41586208,0,13.3309927,1.26213074,9.57328987,0,,,,50
58769235,0.5,0.699999988,1,1.05929184,0.056410253,0.0241758227,0,0,15.9304171,0.472388446,8.53240585,8.42008495,0,13.3238449,0.472388446,9.51399803,0,,,,50
58770361,0.5,0.875,1,1.05929184,0.056410253,0.00805860758,0,0,15.9304171,0.472388446,8.55350399,8.42430782,0,13.3309927,0.472388446,9.51399803,0,,,,50
58771492,0.5,0.833333313,1,1.05929184,0.0402930379,0.00805860758,0,0,15.9304171,-0.177527934,8.53843403,8.42219639,0,13.3309927,-0.177527934,9.45470619,0,,,,50
58772822,0.5,1,1,1.05929184,0.0402930379,0,0,0,15.9349623,-0.177527934,8.56254578,8.42219639,0,13.3309927,-0.177527934,9.45470619,0,,,,50
58773953,0.5,1,1,1.06722558,0.0402930379,0,0,0,15.9349623,-0.72311753,8.50528145,8.43486404,0,13.3309927,-0.72311753,9.38748074,0,,,,50
58775080,0.5,1,1,1.06722558,0.0322344303,0,0,0,15.9395075,-0.72311753,8.53843403,8.43275356,0,13.3095493,-0.72311753,9.38748074,0,,,,50
58776215,0.5,1,1,1.06722558,0.0322344303,0,0,0,15.9395075,-1.20161164,8.54747581,8.43275356,0,13.3238449,-1.20161164,9.32025433,0,,,,50
58777342,0.5,1,1,1.05901074,0.0241758227,0,0,0,15.9395075,-1.20161164,8.5565176,8.43697548,0,13.3309927,-1.20161164,9.32025433,0,,,,50
58778472,0.5,1,1,1.05901074,0.0161172152,0,0,0,15.9349623,-1.60901058,8.49925327,8.43697548,0,13.3309927,-1.60901058,9.26124382,0,,,,50
58779599,0.5,1,1,1.05901074,0.0161172152,0,0,0,15.9349623,-1.60901058,8.55953121,8.43486404,0,13.3309927,-1.60901058,9.26124382,0,,,,50
58780730,0.5,1,1,1.05536902,0.0161172152,0,0,0,15.9349623,-1.92326033,8.52637863,8.42641926,0,13.3309927,-1.92326033,9.2058754,0,,,,50
58781856,0.5,1,1,1.05536902,0.0161172152,0,0,0,15.9349623,-1.92326033,8.53843403,8.43486404,0,13.3309927,-1.92326033,9.2058754,0,,,,50
58782987,0.5,1,1,1.05536902,0.0241758227,0,0,0,15.9349623,-2.14866805,8.52035046,8.43486404,0,13.3381405,-2.14866805,9.15050602,0,,,,50
58784118,0.5,1,1,1.05929184,0.0161172152,0,0,0,15.9349623,-2.14866805,8.53542042,8.43275356,0,13.3309927,-2.14866805,9.15050602,0,,,,50
58785249,0.5,1,1,1.05929184,0.0161172152,0,0,0,15.9349623,-2.31611753,8.55048943,8.43275356,0,13.3309927,-2.31611753,9.09121418,0,,,,50
58786375,0.5,1,1,1.05929184,0.0161172152,0,0,0,15.9349623,-2.31611753,8.57460117,8.42641926,0,13.3309927,-2.31611753,9.09121418,0,,,,50
58787506,0.5,1,1,1.05929184,0.0241758227,0,0,0,15.9349623,-2.45528412,8.52637863,8.43275356,0,13.3309927,-2.45528412,9.03192234,0,,,,50
58788633,0.5,1,1,1.05830836,0.0322344303,0,0,0,15.9349623,-2.45528412,8.51432323,8.43275356,0,13.3309927,-2.45528412,9.03192234,0,,,,50
58789763,0.5,1,1,1.05830836,0.0322344303,0,0,0,15.9349623,-2.57607746,8.55048943,8.43275356,0,13.3309927,-2.57607746,8.97361374,0,,,,50
58790890,0.5,1,1,1.19706655,0.0241758227,0,0,0,15.9349623,-2.57607746,8.52035046,8.43064213,0,13.3309927,-2.57607746,8.97361374,0,,,,50
58792025,0.5,1,1,1.19706655,0.0241758227,0,0,0,15.9349623,-2.93769574,8.52939224,8.43275356,0,13.3238449,-2.93769574,8.77654743,0,,,,50
58793356,0.5,1,1,1.19706655,0.0322344303,0,0,0,15.9349623,-2.93769574,8.50829506,8.43275356,0,13.3309927,-2.93769574,8.77654743,0,,,,50
58794486,0.5,1,1,1.19706655,0.0483516455,0,0,0,15.9349623,-3.82946873,8.52336502,8.43064213,0,13.3309927,-3.82946873,8.57948112,0,,,,50
58795613,0.5,1,1,1.19706655,0.0322344303,0,0,0,15.9304171,-3.82946873,8.52637863,8.42641926,0,13.3238449,-3.82946873,8.57948112,0,,,,50
58796743,0.5,1,1,1.19706655,0.0402930379,0,0,0,15.9395075,-5.13191319,8.59871292,8.42853069,0,13.3309927,-5.13191319,8.38241482,0,,,,50
58797870,0.5,1,1,1.19706655,0.0161172152,0,0,0,15.9304171,-5.13191319,8.56254578,8.43064213,0,13.3309927,-5.13191319,8.38241482,0,,,,50
58799001,0.5,1,1,1.19706655,0.00805860758,0,0,0,15.9395075,-6.60167456,8.568573,8.43275356,0,13.3238449,-6.60167456,8.18534851,0,,,,50
58800132,0.5,0,1,1.03189516,0,0,0,0,15.9395075,-6.60167456,8.57158756,8.43275356,0,13.3309927,-6.60167456,8.18534851,0,,,,50
58801263,0.5,0,1,1.03189516,0,0,0,0,15.9304171,-7.78226185,8.55953121,8.43064213,0,13.3238449,-7.78226185,8.15345287,0,,,,50
58802389,0.5,1,1,1.03189516,0.0161172152,0,0,0,15.9349623,-7.78226185,8.57460117,8.43064213,0,13.3309927,-7.78226185,8.15345287,0,,,,50
58803520,0.5,1,1,1.03189516,0.0483516455,0,0,0,15.9304171,-8.24616814,8.54144764,8.42430782,0,13.3309927,-8.24616814,8.12155819,0,,,,50
58804646,0.5,1,1,1.03189516,0.056410253,0,0,0,15.9304171,-8.24616814,8.52637863,8.43064213,0,13.3309927,-8.24616814,8.12155819,0,,,,50
58805777,0.5,1,1,1.03189516,0.0644688606,0,0,0,15.9349623,-8.09421062,8.568573,8.42219639,0,13.3309927,-8.09421062,8.08966255,0,,,,50
58806908,0.5,1,1,1.03189516,0.0725274682,0,0,0,15.9304171,-8.09421062,8.57460117,8.42008495,0,13.3309927,-8.09421062,8.08966255,0,,,,50
58808039,0.5,0.875,1,1.0143187,0.056410253,0.00805860758,0,0,15.9304171,-7.5675149,8.52637863,8.42219639,0,13.3166971,-7.5675149,8.07534409,0,,,,50
58809165,0.5,1,1,1.0143187,0.0402930379,0,0,0,15.9349623,-7.5675149,8.54144764,8.40952778,0,13.3309927,-7.5675149,8.07534409,0,,,,50
58810296,0.5,1,1,1.0143187,0.0241758227,0,0,0,15.9349623,-6.8082037,8.57158756,8.42853069,0,13.3309927,-6.8082037,8.06102562,0,,,,50
58811422,0.5,1,1,1.0143187,0.0161172152,0,0,0,15.9395075,-6.8082037,8.57761478,8.43486404,0,13.3238449,-6.8082037,8.06102562,0,,,,50
58812553,0.5,0,1,0.969227016,0,0,0,0,15.9349623,-5.86162186,8.57158756,8.43275356,0,13.3309927,-5.86162186,8.09179878,0,,,,50
58813884,0.5,1,1,0.969227016,0.0161172152,0,0,0,15.9349623,-5.86162186,8.55953121,8.42853069,0,13.3166971,-5.86162186,8.09179878,0,,,,50
58815019,0.5,1,1,0.969227016,0.00805860758,0,0,0,15.9304171,-4.73503828,8.57460117,8.43064213,0,13.3238449,-4.73503828,8.12257195,0,,,,50
58816146,0.5,1,1,0.957595706,0.00805860758,0,0,0,15.9395075,-4.73503828,8.5444622,8.42853069,0,13.3381405,-4.73503828,8.12257195,0,,,,50
58817277,0.5,0,1,0.957595706,0,0,0,0,15.9349623,-3.50496006,8.56254578,8.43064213,0,13.3309927,-3.50496006,8.16497612,0,,,,50
58818403,0.5,0,1,0.957595706,0,0,0,0,15.9395075,-3.50496006,8.56555939,8.42853069,0,13.3309927,-3.50496006,8.16497612,0,,,,50
58819534,0.5,0,1,0.957595706,0,0,0,0,15.9349623,-2.25753427,8.57761478,8.42853069,0,13.3309927,-2.25753427,8.20738029,0,,,,50
58820660,0.5,0,1,0.942440689,0,0,0,0,15.9349623,-2.25753427,8.568573,8.42853069,0,13.3381405,-2.25753427,8.20738029,0,,,,50
58821791,0.5,0,1,0.942440689,0,0,0,0,15.9395075,-1.03637207,8.58967113,8.42853069,0,13.3309927,-1.03637207,8.26493931,0,,,,50
58822922,0.5,0,1,0.942440689,0,0,0,0,15.9349623,-1.03637207,8.568573,8.42853069,0,13.3309927,-1.03637207,8.26493931,0,,,,50
58824053,0.5,1,1,0.942440689,0.00805860758,0,0,0,15.9349623,0.139311925,8.5444622,8.43064213,0,13.3166971,0.139311925,8.32249928,0,,,,50
58825180,0.5,0,1,0.920692921,0,0,0,0,15.9395075,0.139311925,8.57460117,8.43064213,0,13.3309927,0.139311925,8.32249928,0,,,,50
58826311,0.5,1,1,0.920692921,0.00805860758,0,0,0,15.9349623,1.27404511,8.55953121,8.42853069,0,13.3238449,1.27404511,8.40180588,0,,,,50
58827437,0.5,1,1,0.920692921,0.0322344303,0,0,0,15.9349623,1.27404511,8.5444622,8.42853069,0,13.3238449,1.27404511,8.40180588,0,,,,50
58828568,0.5,1,1,0.920692921,0.0322344303,0,0,0,15.9304171,2.38086677,8.5444622,8.42853069,0,13.3309927,2.38086677,8.48111343,0,,,,50
58829695,0.5,1,1,0.893677354,0.056410253,0,0,0,15.9349623,2.38086677,8.52035046,8.42853069,0,13.3309927,2.38086677,8.48111343,0,,,,50
58830831,0.5,1,1,0.893677354,0.0725274682,0,0,0,15.9304171,3.47959518,8.48719788,8.42219639,0,13.3309927,3.47959518,8.58743572,0,,,,50
58831957,0.5,0.909090936,1,0.893677354,0.0805860758,0.00805860758,0,0,15.9349623,3.47959518,8.46007252,8.41163921,0.00714798551,13.3309927,3.47959518,8.58743572,0,,,,50
58833088,0.5,0.846153855,1,0.893677354,0.0886446834,0.0161172152,0,0,15.9304171,4.58880329,8.49021149,8.4074173,0,13.3238449,4.58880329,8.69375801,0,,,,50
58834214,0.5,0.75,1,0.867447078,0.0725274682,0.0241758227,0,0,15.9349623,4.58880329,8.50528145,8.38841438,0,13.3238449,4.58880329,8.69375801,0,,,,50
58835549,0.5,0.739130437,1,0.867447078,0.136996329,0.0483516455,0,0,15.9304171,5.71803474,8.42390537,8.40319443,0,13.3238449,5.71803474,8.82631111,0,,,,50
58836676,0.5,0.75,1,0.867447078,0.145054936,0.0483516455,0,0,15.9304171,5.71803474,8.47815609,8.36518955,0,13.3309927,5.71803474,8.82631111,0,,,,50
58837811,0.5,0.772727251,1,0.867447078,0.136996329,0.0402930379,0,0,15.9304171,6.8716464,8.42691898,8.36941242,0,13.3238449,6.8716464,8.95886421,0,,,,50
58838938,0.5,0.647058845,1,0.860803127,0.177289367,0.0967032909,0,0,15.9304171,6.8716464,8.39979362,8.34618759,0,13.3238449,6.8716464,8.95886421,0,,,,50
58840068,0.5,0.523809552,1,0.860803127,0.177289367,0.161172152,0,0,15.9258718,8.0152092,8.43596077,8.29129219,0,13.3095493,8.0152092,9.09806061,0,,,,50
58841195,0.5,0.558139563,1,0.860803127,0.193406582,0.153113544,0,0,15.9167824,8.0152092,8.39979362,8.32929707,0,13.3238449,8.0152092,9.09806061,0,,,,50
58842326,0.5,0.543859661,1,0.860803127,0.249816835,0.209523797,0,0,15.9122372,9.10881329,8.36362648,8.31451702,0,13.3166971,9.10881329,9.237257,0,,,,50
58843452,0.5,0.542372882,1,0.867352724,0.257875443,0.217582405,0,0,15.9122372,9.10881329,8.37266827,8.31029415,0,13.3166971,9.10881329,9.237257,0,,,,50
58844582,0.5,0.547945201,1,0.867352724,0.322344303,0.26593405,0,0,15.9031467,10.1085243,8.32143211,8.2765131,0,13.3166971,10.1085243,9.36990452,0,,,,50
58845714,0.5,0.549295783,1,0.867352724,0.314285696,0.257875443,0,0,15.8986015,10.1085243,8.32444572,8.28918076,0,13.3166971,10.1085243,9.36990452,0,,,,50
58846844,0.5,0.567901254,1,0.867352724,0.370695949,0.282051265,0,0,15.8849669,10.9806318,8.15867996,8.24273109,0,13.3024006,10.9806318,9.50255108,0,,,,50
58847971,0.5,0.541284382,1,0.867352724,0.475457847,0.402930379,0,0,15.8804216,10.9806318,8.20991707,8.20894909,0,13.2952528,10.9806318,9.50255108,0,,,,50
58849102,0.5,0.530769229,1,0.867352724,0.556043923,0.491575062,0,0,15.866787,11.7258282,8.12552738,8.16249943,0,13.2952528,11.7258282,9.63519859,0,,,,50
58850228,0.5,0.531914949,1,0.867352724,0.604395568,0.5318681,0,0,15.8622417,11.7258282,8.1044302,8.1456089,0,13.288105,11.7258282,9.63519859,0,,,,50
58851359,0.5,0.529411793,1,0.867352724,0.580219746,0.515750885,0,0,15.8622417,12,8.1044302,8.15827656,0,13.2952528,12.3595953,9.57412338,0,,,,50
58852485,0.5,0.548672557,1,0.873620033,0.49963367,0.410988986,0,0,15.8895121,12,8.20388889,8.21739483,0,13.3024006,12.3595953,9.57412338,0,,,,50
58853620,0.5,0.522727251,1,0.873620033,0.370695949,0.338461518,0,0,15.8940573,11.7685289,8.33951569,8.25328827,0,13.3095493,11.7685289,9.70050335,0,,,,50
58854747,0.5,0.554216862,1,0.873620033,0.370695949,0.29816848,0,0,15.8940573,11.7685289,8.29732037,8.27017879,0,13.3024006,11.7685289,9.70050335,0,,,,50
58856081,0.5,0.560975611,1,0.873620033,0.370695949,0.290109873,0,0,15.8940573,11.6049347,8.28225136,8.27862453,0,13.288105,11.6049347,9.82688332,0,,,,50
58857208,0.5,0.494623661,1,0.88329035,0.370695949,0.378754556,0,0,15.8895121,11.6049347,8.22197247,8.24273109,0,13.3024006,11.6049347,9.82688332,0,,,,50
58858338,0.5,0.620689631,1,0.88329035,0.435164809,0.26593405,0,0,15.8849669,11.6820974,8.30937672,8.22372913,0,13.3024006,11.6820974,9.94359207,0,,,,50
58859466,0.5,0.538461566,1,0.88329035,0.451282024,0.386813164,0,0,15.8849669,11.6820974,8.20690346,8.22584057,0,13.2952528,11.6820974,9.94359207,0,,,,50
58860601,0.5,0.550458729,1,0.88329035,0.483516455,0.394871771,0,0,15.8804216,11.8718538,8.21594429,8.21528339,0,13.288105,11.8718538,10.0603018,0,,,,50
58861728,0.5,0.539822996,1,0.906880975,0.491575062,0.419047594,0,0,15.8758764,11.8718538,8.18580532,8.19839287,0,13.288105,11.8718538,10.0603018,0,,,,50
58862858,0.5,0.533898294,1,0.906880975,0.507692277,0.443223417,0,0,15.8758764,12,8.17073631,8.19839287,0,13.3024006,12.0687037,10.1164083,0,,,,50
58863985,0.5,0.522935808,1,0.906880975,0.459340632,0.419047594,0,0,15.8804216,12,8.21895885,8.21528339,0,13.3024006,12.0687037,10.1164083,0,,,,50
58865116,0.5,0.533333361,1,0.906880975,0.451282024,0.394871771,0,0,15.8804216,11.982172,8.22197247,8.2216177,0,13.3024006,11.982172,10.209527,0,,,,50
58866243,0.5,0.533980608,1,0.910191059,0.443223417,0.386813164,0,0,15.8849669,11.982172,8.21594429,8.22372913,0,13.3024006,11.982172,10.209527,0,,,,50
58867375,0.5,0.553398073,1,0.910191059,0.459340632,0.370695949,0,0,15.8895121,11.9243793,8.24608421,8.23428535,0,13.2952528,11.9243793,10.2993364,0,,,,50
58868506,0.5,0.53191489,1,0.910191059,0.402930379,0.354578733,0,0,15.8895121,11.9243793,8.21293068,8.23217392,0,13.3024006,11.9243793,10.2993364,0,,,,50
58869637,0.5,0.548076928,1,0.910191059,0.459340632,0.378754556,0,0,15.8849669,11.8836765,8.21293068,8.22584057,0,13.3095493,11.8836765,10.3891449,0,,,,50
58870764,0.5,0.529999971,1,0.920692921,0.427106202,0.378754556,0,0,15.8849669,11.8836765,8.24306965,8.23006344,0,13.3024006,11.8836765,10.3891449,0,,,,50
58871895,0.5,0.529999971,1,0.920692921,0.427106202,0.378754556,0,0,15.8895121,11.8383551,8.27320957,8.2490654,0,13.3095493,11.8383551,10.4684525,0,,,,50
58873021,0.5,0.535353541,1,0.920692921,0.427106202,0.370695949,0,0,15.8804216,11.8383551,8.24306965,8.24061966,0,13.2952528,11.8383551,10.4684525,0,,,,50
58874152,0.5,0.540816307,1,0.973364949,0.427106202,0.362637341,0,0,15.8895121,11.6706715,8.20991707,8.23639679,0,13.3024006,11.6706715,10.4950867,0,,,,50
58875279,0.5,0.552083313,1,0.973364949,0.427106202,0.346520126,0,0,15.8895121,11.6706715,8.24608421,8.24273109,0,13.3024006,11.6706715,10.4950867,0,,,,50
58876414,0.5,0.545454562,1,0.973364949,0.435164809,0.362637341,0,0,15.8895121,11.2815056,8.39075184,8.24484253,0,13.3024006,11.2815056,10.5217218,0,,,,50
58877745,0.5,0.556701005,1,1.02290034,0.435164809,0.346520126,0,0,15.8940573,11.2815056,8.23101425,8.2490654,0,13.3095493,11.2815056,10.5217218,0,,,,50
58878875,0.5,0.576470613,1,1.02290034,0.394871771,0.290109873,0,0,15.8940573,10.6433392,8.30937672,8.27440166,0,13.3024006,10.6433392,10.4988213,0,,,,50
58880002,0.5,0.506172836,1,1.02290034,0.330402911,0.322344303,0,0,15.8986015,10.6433392,8.30033493,8.29129219,0,13.3095493,10.6433392,10.4988213,0,,,,50
58881133,0.5,0.551724136,1,1.02290034,0.386813164,0.314285696,0,0,15.8940573,9.75760651,8.28827858,8.27017879,0,13.3024006,9.75760651,10.4759207,0,,,,50
58882260,0.5,0.552941203,1,1.02276921,0.378754556,0.306227088,0,0,15.8986015,9.75760651,8.29732037,8.26595592,0,13.3095493,9.75760651,10.4759207,0,,,,50
58883391,0.5,0.533333361,1,1.02276921,0.322344303,0.282051265,0,0,15.8986015,8.7312603,8.30334854,8.28706932,0,13.3024006,8.7312603,10.4531517,0,,,,50
58884523,0.5,0.565789461,1,1.02276921,0.346520126,0.26593405,0,0,15.9031467,8.7312603,8.31540394,8.28918076,0,13.3095493,8.7312603,10.4531517,0,,,,50
58885654,0.5,0.537313461,1,1.04091382,0.290109873,0.249816835,0,0,15.907692,7.6543808,8.33951569,8.30184937,0,13.3166971,7.6543808,10.4122381,0,,,,50
58886780,0.5,0.568965495,1,1.04091382,0.26593405,0.201465189,0,0,15.907692,7.6543808,8.33951569,8.31029415,0,13.3166971,7.6543808,10.4122381,0,,,,50
58887911,0.5,0.555555582,1,1.04091382,0.241758227,0.193406582,0,0,15.9167824,6.56151247,8.37869644,8.3314085,0,13.3166971,6.56151247,10.3713236,0,,,,50
58889038,0.5,0.568627477,1,1.04091382,0.23369962,0.177289367,0,0,15.9213276,6.56151247,8.39979362,8.3314085,0,13.3095493,6.56151247,10.3713236,0,,,,50
58890168,0.5,0.558139563,1,1.07310998,0.193406582,0.153113544,0,0,15.9258718,5.44693518,8.42089176,8.33985329,0,13.3238449,5.44693518,10.298214,0,,,,50
58891300,0.5,0.571428597,1,1.07310998,0.193406582,0.145054936,0,0,15.9258718,5.44693518,8.42089176,8.3250742,0,13.3238449,5.44693518,10.298214,0,,,,50
58892431,0.5,0.580645144,1,1.07310998,0.145054936,0.104761899,0,0,15.9304171,4.29261446,8.5444622,8.38208103,0,13.3238449,4.29261446,10.2251034,0,,,,50
58893558,0.5,0.629629612,1,1.06851172,0.136996329,0.0805860758,0,0,15.9304171,4.29261446,8.47212791,8.38208103,0,13.3238449,4.29261446,10.2251034,0,,,,50
58894689,0.5,0.639999986,1,1.06851172,0.128937721,0.0725274682,0,0,15.9304171,3.15794969,8.45404434,8.38841438,0,13.3238449,3.15794969,10.1565924,0,,,,50
58895815,0.5,0.720000029,1,1.06851172,0.145054936,0.056410253,0,0,15.9304171,3.15794969,8.43294716,8.38630295,0,13.3238449,3.15794969,10.1565924,0,,,,50
58896946,0.5,0.777777791,1,1.09340167,0.112820506,0.0322344303,0,0,15.9349623,2.06924033,8.46609974,8.4074173,0,13.3309927,2.06924033,10.0631905,0,,,,50
58898276,0.5,0.785714269,1,1.09340167,0.0886446834,0.0241758227,0,0,15.9349623,2.06924033,8.51130867,8.40952778,0,13.3309927,2.06924033,10.0631905,0,,,,50
58899412,0.5,0.769230783,1,1.09340167,0.0805860758,0.0241758227,0,0,15.9304171,1.00255799,8.48719788,8.4074173,0,13.3238449,1.00255799,9.96978855,0,,,,50
58900539,0.5,0.727272749,1,1.08818293,0.0644688606,0.0241758227,0,0,15.9304171,1.00255799,8.55953121,8.42853069,0,13.3309927,1.00255799,9.96978855,0,,,,50
58901669,0.5,0.857142866,1,1.08818293,0.0483516455,0.00805860758,0,0,15.9304171,-0.00702084647,8.53542042,8.42430782,0,13.3238449,-0.00702084647,9.8816061,0,,,,50
58902796,0.5,0.857142866,1,1.08818293,0.0483516455,0.00805860758,0,0,15.9349623,-0.00702084647,8.53843403,8.42430782,0,13.3309927,-0.00702084647,9.8816061,0,,,,50
58903927,0.5,1,1,1.08818293,0.0322344303,0,0,0,15.9440527,-0.910489082,8.568573,8.43697548,0,13.3309927,-0.910489082,9.7934227,0,,,,50
58905053,0.5,1,1,1.06865478,0.0161172152,0,0,0,15.9349623,-0.910489082,8.57761478,8.43908691,0,13.3166971,-0.910489082,9.7934227,0,,,,50
58906184,0.5,1,1,1.06865478,0.0161172152,0,0,0,15.9349623,-1.65984511,8.55350399,8.43697548,0,13.3309927,-1.65984511,9.72476864,0,,,,50
58907316,0.5,1,1,1.09806597,0.0241758227,0,0,0,15.9349623,-1.65984511,8.52637863,8.43908691,0,13.3309927,-1.65984511,9.72476864,0,,,,50
58908446,0.5,1,1,1.09806597,0.0241758227,0,0,0,15.9349623,-2.27582049,8.568573,8.43697548,0,13.3309927,-2.27582049,9.62670231,0,,,,50
58909573,0.5,1,1,1.09806597,0.0241758227,0,0,0,15.9304171,-2.27582049,8.54144764,8.43486404,0,13.3309927,-2.27582049,9.62670231,0,,,,50
58910704,0.5,1,1,1.09806597,0.00805860758,0,0,0,15.9349623,-2.84702277,8.55350399,8.43486404,0,13.3095493,-2.84702277,9.52863598,0,,,,50
58911831,0.5,1,1,1.09295237,0.0161172152,0,0,0,15.9349623,-2.84702277,8.55048943,8.43697548,0,13.3309927,-2.84702277,9.52863598,0,,,,50
58912962,0.5,1,1,1.09295237,0.0161172152,0,0,0,15.9349623,-3.38503838,8.5444622,8.43275356,0,13.3309927,-3.38503838,9.4356842,0,,,,50
58914089,0.5,1,1,1.09295237,0.0161172152,0,0,0,15.9395075,-3.38503838,8.568573,8.43486404,0,13.3095493,-3.38503838,9.4356842,0,,,,50
58915224,0.5,1,1,1.07818484,0.0322344303,0,0,0,15.9395075,-3.83404469,8.5565176,8.43697548,0,13.3309927,-3.83404469,9.35749912,0,,,,50
58916351,0.5,1,1,1.07818484,0.0241758227,0,0,0,15.9349623,-3.83404469,8.51432323,8.43486404,0,13.3238449,-3.83404469,9.35749912,0,,,,50
58917482,0.5,1,1,1.07818484,0.0402930379,0,0,0,15.9349623,-4.16082764,8.53240585,8.43486404,0,13.3238449,-4.16082764,9.27931404,0,,,,50
58918812,0.5,1,1,1.0931021,0.0402930379,0,0,0,15.9304171,-4.16082764,8.51733685,8.43275356,0,13.3309927,-4.16082764,9.27931404,0,,,,50
58919943,0.5,1,1,1.0931021,0.056410253,0,0,0,15.9349623,-4.41419125,8.50829506,8.43064213,0,13.3309927,-4.41419125,9.18621254,0,,,,50
58921070,0.5,1,1,1.0931021,0.056410253,0,0,0,15.9304171,-4.41419125,8.59268475,8.43064213,0,13.3095493,-4.41419125,9.18621254,0,,,,50
58922206,0.5,1,1,1.07847619,0.056410253,0,0,0,15.9349623,-4.63203049,8.57158756,8.41375065,0,13.3309927,-4.63203049,9.10773659,0,,,,50
58923332,0.5,0.777777791,1,1.07847619,0.056410253,0.0161172152,0,0,15.9349623,-4.63203049,8.4932251,8.40952778,0,13.3309927,-4.63203049,9.10773659,0,,,,50
58924463,0.5,0.846153855,1,1.07847619,0.0886446834,0.0161172152,0,0,15.9349623,-4.79491901,8.51733685,8.40530586,0,13.3238449,-4.79491901,9.02925968,0,,,,50
58925589,0.5,0.875,1,1.07847619,0.056410253,0.00805860758,0,0,15.9395075,-4.79491901,8.53542042,8.42641926,0,13.3309927,-4.79491901,9.02925968,0,,,,50
58926720,0.5,1,1,1.08316076,0.0322344303,0,0,0,15.9395075,-4.91466522,8.5565176,8.43486404,0,13.3309927,-4.91466522,8.94609928,0,,,,50
58927846,0.5,0,1,1.08316076,0,0,0,0,15.9395075,-4.91466522,8.59268475,8.43697548,0,13.3309927,-4.91466522,8.94609928,0,,,,50
58928978,0.5,0,1,1.08316076,0,0,0,0,15.9395075,-5.02178192,8.59871292,8.43486404,0,13.3095493,-5.02178192,8.86293888,0,,,,50
58930109,0.5,1,1,1.08316076,0.00805860758,0,0,0,15.9349623,-5.02178192,8.58364296,8.43064213,0,13.3309927,-5.02178192,8.86293888,0,,,,50
58931240,0.5,1,1,1.08316076,0.00805860758,0,0,0,15.9395075,-5.12599325,8.53843403,8.43275356,0,13.3309927,-5.12599325,8.77977848,0,,,,50
58932366,0.5,1,1,1.08316076,0.00805860758,0,0,0,15.9349623,-5.12599325,8.56555939,8.43064213,0,13.3309927,-5.12599325,8.77977848,0,,,,50
58933497,0.5,1,1,1.08316076,0.0161172152,0,0,0,15.9395075,-5.2280879,8.55953121,8.43064213,0,13.3309927,-5.2280879,8.69661713,0,,,,50
58934624,0.5,1,1,1.08316076,0.0241758227,0,0,0,15.9349623,-5.2280879,8.54144764,8.42641926,0,13.3309927,-5.2280879,8.69661713,0,,,,50
58935754,0.5,1,1,1.08316076,0.0322344303,0,0,0,15.9349623,-5.32869959,8.52939224,8.43275356,0,13.3309927,-5.32869959,8.61345673,0,,,,50
58936881,0.5,1,1,1.08316076,0.0322344303,0,0,0,15.9349623,-5.32869959,8.53843403,8.43064213,0,13.3238449,-5.32869959,8.61345673,0,,,,50
58938016,0.5,1,1,1.02303147,0.0241758227,0,0,0,15.9349623,-5.31667233,8.53542042,8.43064213,0,13.3238449,-5.31667233,8.59042549,0,,,,50
58939142,0.5,1,1,1.02303147,0.0161172152,0,0,0,15.9395075,-5.31667233,8.568573,8.43064213,0,13.3309927,-5.31667233,8.59042549,0,,,,50
58940477,0.5,1,1,1.02303147,0.0161172152,0,0,0,15.9349623,-5.06861782,8.55953121,8.43064213,0,13.3309927,-5.06861782,8.56739426,0,,,,50
58941604,0.5,1,1,1.02303147,0.00805860758,0,0,0,15.9395075,-5.06861782,8.57761478,8.43064213,0,13.3309927,-5.06861782,8.56739426,0,,,,50
58942734,0.5,0,1,0.989907622,0,0,0,0,15.9349623,-4.57682085,8.58967113,8.43064213,0,13.3309927,-4.57682085,8.57748604,0,,,,50
58943861,0.5,0,1,0.989907622,0,0,0,0,15.9485979,-4.57682085,8.58665657,8.43064213,0,13.3309927,-4.57682085,8.57748604,0,,,,50
58944992,0.5,0,1,0.989907622,0,0,0,0,15.9440527,-3.87999654,8.58364296,8.43064213,0,13.3238449,-3.87999654,8.58757877,0,,,,50
58946123,0.5,0,1,0.989171386,0,0,0,0,15.9485979,-3.87999654,8.57460117,8.43064213,0,13.3381405,-3.87999654,8.58757877,0,,,,50
58947254,0.5,0,1,0.989171386,0,0,0,0,15.9258718,-3.07221651,8.58665657,8.43064213,0,13.3452892,-3.07221651,8.59840679,0,,,,50
58948380,0.5,0,1,0.989171386,0,0,0,0,15.9440527,-3.07221651,8.58665657,8.42853069,0,13.3452892,-3.07221651,8.59840679,0,,,,50
58949512,0.5,0,1,0.989171386,0,0,0,0,15.9213276,-2.24942732,8.58665657,8.42853069,0,13.3238449,-2.24942732,8.60923576,0,,,,50
58950639,0.5,0,1,0.956906736,0,0,0,0,15.9395075,-2.24942732,8.58665657,8.42853069,0,13.3452892,-2.24942732,8.60923576,0,,,,50
58951769,0.5,0,1,0.956906736,0,0,0,0,15.9304171,-1.40917838,8.58665657,8.42853069,0,13.3381405,-1.40917838,8.65232944,0,,,,50
58952900,0.5,0,1,0.956906736,0,0,0,0,15.9395075,-1.40917838,8.58967113,8.43064213,0,13.3381405,-1.40917838,8.65232944,0,,,,50
58954031,0.5,0,1,0.935041606,0,0,0,0,15.9485979,-0.475782752,8.58665657,8.43064213,0,13.3238449,-0.475782752,8.71728706,0,,,,50
58955157,0.5,0,1,0.935041606,0,0,0,0,15.9122372,-0.475782752,8.58665657,8.43064213,0,13.3238449,-0.475782752,8.71728706,0,,,,50
58956288,0.5,1,1,0.935041606,0.0161172152,0,0,0,15.9395075,0.553613663,8.58364296,8.42430782,0,13.3166971,0.553613663,8.78224564,0,,,,50
58957415,0.5,1,1,0.935041606,0.00805860758,0,0,0,15.9395075,0.553613663,8.55350399,8.42430782,0,13.3309927,0.553613663,8.78224564,0,,,,50
58958545,0.5,1,1,0.935041606,0.0161172152,0,0,0,15.9304171,1.60007715,8.54144764,8.42853069,0,13.3309927,1.60007715,8.84720421,0,,,,50
58959672,0.5,1,1,0.917095184,0.0322344303,0,0,0,15.9304171,1.60007715,8.54144764,8.42641926,0,13.3309927,1.60007715,8.84720421,0,,,,50
58961011,0.5,1,1,0.917095184,0.0483516455,0,0,0,15.9304171,2.62721086,8.53542042,8.42008495,0,13.3309927,2.62721086,8.93010902,0,,,,50
58962138,0.5,1,1,0.917095184,0.056410253,0,0,0,15.9349623,2.62721086,8.49925327,8.42430782,0,13.3309927,2.62721086,8.93010902,0,,,,50
58963269,0.5,1,1,0.893377244,0.0725274682,0,0,0,15.9349623,3.67928076,8.47815609,8.40530586,0,13.3238449,3.67928076,9.03673172,0,,,,50
58964395,0.5,0.75,1,0.893377244,0.0725274682,0.0241758227,0,0,15.9349623,3.67928076,8.49623966,8.40108299,0,13.3309927,3.67928076,9.03673172,0,,,,50
58965526,0.5,0.714285731,1,0.893377244,0.0805860758,0.0322344303,0,0,15.9349623,4.77359915,8.49021149,8.39263725,0,13.3238449,4.77359915,9.14335442,0,,,,50
58966652,0.5,0.70588237,1,0.893377244,0.0967032909,0.0402930379,0,0,15.9349623,4.77359915,8.49925327,8.38419151,0,13.3309927,4.77359915,9.14335442,0,,,,50
58967783,0.5,0.653846145,1,0.893377244,0.136996329,0.0725274682,0,0,15.9304171,5.85490274,8.46609974,8.37152386,0,13.3238449,5.85490274,9.24997711,0,,,,50
58968915,0.5,0.666666687,1,0.880172729,0.128937721,0.0644688606,0,0,15.9304171,5.85490274,8.44801617,8.37574673,0,13.3238449,5.85490274,9.24997711,0,,,,50
58970045,0.5,0.699999988,1,0.880172729,0.169230759,0.0725274682,0,0,15.9258718,6.89145851,8.34855747,8.37152386,0,13.3095493,6.89145851,9.36980438,0,,,,50
58971172,0.5,0.571428597,1,0.880172729,0.161172152,0.120879114,0,0,15.9258718,6.89145851,8.41184998,8.32929707,0,13.3238449,6.89145851,9.36980438,0,,,,50
58972302,0.5,0.545454562,1,0.867352724,0.193406582,0.161172152,0,0,15.9258718,7.90639973,8.40883541,8.33774185,0,13.3166971,7.90639973,9.50245094,0,,,,50
58973429,0.5,0.560975611,1,0.867352724,0.185347974,0.145054936,0,0,15.9213276,7.90639973,8.44198895,8.34618759,0,13.3166971,7.90639973,9.50245094,0,,,,50
58974560,0.5,0.573770463,1,0.867352724,0.282051265,0.209523797,0,0,15.9122372,8.90445423,8.33951569,8.31240559,0,13.3095493,8.90445423,9.63509846,0,,,,50
58975686,0.5,0.527272701,1,0.867352724,0.23369962,0.209523797,0,0,15.9167824,8.90445423,8.39075184,8.32085133,0,13.3166971,8.90445423,9.63509846,0,,,,50
58976822,0.5,0.521739125,1,0.867352724,0.290109873,0.26593405,0,0,15.9031467,9.85186577,8.3304739,8.28073597,0,13.3166971,9.85186577,9.76774597,0,,,,50
58977949,0.5,0.538461566,1,0.867541373,0.338461518,0.290109873,0,0,15.8986015,9.85186577,8.29430676,8.26806736,0,13.3095493,9.85186577,9.76774597,0,,,,50
58979079,0.5,0.469135791,1,0.867541373,0.306227088,0.346520126,0,0,15.8849669,10.7184486,8.17374992,8.23217392,0,13.2809572,10.7184486,9.9002037,0,,,,50
58980205,0.5,0.542056084,1,0.867541373,0.46739924,0.394871771,0,0,15.8758764,10.7184486,8.19484711,8.20261574,0,13.3024006,10.7184486,9.9002037,0,,,,50
58981336,0.5,0.535714269,1,0.880172729,0.483516455,0.419047594,0,0,15.8758764,11.4683981,8.18881989,8.19628143,0,13.2952528,11.4683981,10.020031,0,,,,50
58982667,0.5,0.543859661,1,0.880172729,0.49963367,0.419047594,0,0,15.8804216,11.4683981,8.20388889,8.20472717,0,13.3024006,11.4683981,10.020031,0,,,,50
58983802,0.5,0.556603789,1,0.880172729,0.475457847,0.378754556,0,0,15.8849669,12,8.21594429,8.21528339,0,13.2952528,12.074873,10.0995226,0,,,,50
58984929,0.5,0.536082447,1,0.880172729,0.419047594,0.362637341,0,0,15.8895121,12,8.25813961,8.22584057,0,13.3095493,12.074873,10.0995226,0,,,,50
58986060,0.5,0.534653485,1,0.880172729,0.435164809,0.378754556,0,0,15.8895121,12,8.21594429,8.24273109,0,13.288105,12.3220863,10.0458345,0,,,,50
58987186,0.5,0.53125,1,0.879978538,0.410988986,0.362637341,0,0,15.8895121,12,8.24306965,8.24061966,0,13.3024006,12.3220863,10.0458345,0,,,,50
58988317,0.5,0.553191483,1,0.879978538,0.419047594,0.338461518,0,0,15.8849669,11.5841084,8.23704243,8.23428535,0,13.288105,11.5841084,10.1658554,0,,,,50
58989443,0.5,0.533333361,1,0.879978538,0.451282024,0.394871771,0,0,15.8895121,11.5841084,8.20991707,8.22584057,0,13.3024006,11.5841084,10.1658554,0,,,,50
58990574,0.5,0.565656543,1,0.873620033,0.451282024,0.346520126,0,0,15.8940573,11.3357639,8.22498608,8.23428535,0,13.3024006,11.3357639,10.2922354,0,,,,50
58991706,0.5,0.53125,1,0.873620033,0.410988986,0.362637341,0,0,15.8895121,11.3357639,8.2671814,8.23006344,0,13.3024006,11.3357639,10.2922354,0,,,,50
58992837,0.5,0.547169805,1,0.873620033,0.46739924,0.386813164,0,0,15.8940573,11.412302,8.20690346,8.23006344,0,13.3024006,11.412302,10.4186153,0,,,,50
58993964,0.5,0.543689311,1,0.873620033,0.451282024,0.378754556,0,0,15.8849669,11.412302,8.22498608,8.21950626,0,13.2952528,11.412302,10.4186153,0,,,,50
58995094,0.5,0.533980608,1,0.906777918,0.443223417,0.386813164,0,0,15.8804216,11.6239691,8.23101425,8.22372913,0,13.3024006,11.6239691,10.511837,0,,,,50
58996221,0.5,0.528846145,1,0.906777918,0.443223417,0.394871771,0,0,15.8895121,11.6239691,8.23402786,8.22584057,0,13.3024006,11.6239691,10.511837,0,,,,50
58997351,0.5,0.537634432,1,0.906777918,0.402930379,0.346520126,0,0,15.8895121,11.8108807,8.20690346,8.25117683,0,13.3095493,11.8108807,10.6050587,0,,,,50
58998479,0.5,0.575757563,1,0.906777918,0.459340632,0.338461518,0,0,15.8895121,11.8108807,8.38171005,8.23639679,0,13.3024006,11.8108807,10.6050587,0,,,,50
58999614,0.5,0.551020384,1,0.934932113,0.435164809,0.354578733,0,0,15.8895121,11.8908758,8.33348751,8.24061966,0.00714798551,13.3024006,11.8908758,10.6701269,0,,,,50
59000741,0.5,0.464285702,1,0.934932113,0.314285696,0.362637341,0,0,15.8940573,11.8908758,8.36965466,8.24695396,0,13.3095493,11.8908758,10.6701269,0,,,,50
59001871,0.5,0.622448981,1,0.934932113,0.491575062,0.29816848,0,0,15.8895121,11.827589,8.23402786,8.23850822,0,13.3024006,11.827589,10.7351942,0,,,,50
59003202,0.5,0.543689311,1,0.934932113,0.451282024,0.378754556,0,0,15.8895121,11.827589,8.22498608,8.23639679,0,13.3024006,11.827589,10.7351942,0,,,,50
59004333,0.5,0.529411793,1,0.950410426,0.435164809,0.386813164,0,0,15.8895121,11.6315336,8.27019501,8.23428535,0,13.3024006,11.6315336,10.7847843,0,,,,50
59005459,0.5,0.53191489,1,0.950410426,0.402930379,0.354578733,0,0,15.8895121,11.6315336,8.25813961,8.23850822,0,13.3024006,11.6315336,10.7847843,0,,,,50
59006594,0.5,0.561904788,1,0.950410426,0.475457847,0.370695949,0,0,15.8940573,11.3301716,8.21895885,8.24484253,0,13.288105,11.3301716,10.8343735,0,,,,50
59007721,0.5,0.552083313,1,0.981264889,0.427106202,0.346520126,0,0,15.8895121,11.3301716,8.20388889,8.227952,0,13.3024006,11.3301716,10.8343735,0,,,,50
59008851,0.5,0.561224461,1,0.981264889,0.443223417,0.346520126,0,0,15.8940573,10.9168406,8.20690346,8.26173306,0,13.3095493,10.9168406,10.8531084,0,,,,50
59009978,0.5,0.468354434,1,0.981264889,0.29816848,0.338461518,0,0,15.8940573,10.9168406,8.36965466,8.24273109,0,13.3095493,10.9168406,10.8531084,0,,,,50
59011109,0.5,0.545454562,1,0.981264889,0.386813164,0.322344303,0,0,15.8940573,10.3773031,8.28526497,8.23850822,0,13.3095493,10.3773031,10.8718433,0,,,,50
59012235,0.5,0.597561002,1,1.00944281,0.394871771,0.26593405,0,0,15.9031467,10.3773031,8.32143211,8.27440166,0,13.3095493,10.3773031,10.8718433,0,,,,50
59013366,0.5,0.552631557,1,1.00944281,0.338461518,0.273992658,0,0,15.9031467,9.71539116,8.32444572,8.28284645,0,13.3095493,9.71539116,10.8624001,0,,,,50
59014498,0.5,0.555555582,1,1.00944281,0.322344303,0.257875443,0,0,15.9031467,9.71539116,8.3304739,8.28706932,0,13.3095493,9.71539116,10.8624001,0,,,,50
59015628,0.5,0.537313461,1,1.0143187,0.290109873,0.249816835,0,0,15.9031467,8.93391991,8.3304739,8.29551506,0,13.3095493,8.93391991,10.8480816,0,,,,50
59016755,0.5,0.552238822,1,1.0143187,0.29816848,0.241758227,0,0,15.9031467,8.93391991,8.33951569,8.2976265,0,13.3024006,8.93391991,10.8480816,0,,,,50
59017885,0.5,0.580645144,1,1.0143187,0.290109873,0.209523797,0,0,15.9122372,8.08802128,8.36362648,8.29973793,0,13.3166971,8.08802128,10.8337631,0,,,,50
59019012,0.5,0.545454562,1,1.05578804,0.241758227,0.201465189,0,0,15.9122372,8.08802128,8.36362648,8.32085133,0,13.3166971,8.08802128,10.8337631,0,,,,50
59020142,0.5,0.583333313,1,1.05578804,0.225641012,0.161172152,0,0,15.9258718,7.17566919,8.39678001,8.33351898,0,13.3166971,7.17566919,10.7779751,0,,,,50
59021269,0.5,0.571428597,1,1.05578804,0.225641012,0.169230759,0,0,15.9167824,7.17566919,8.42089176,8.33774185,0,13.3238449,7.17566919,10.7779751,0,,,,50
59022404,0.5,0.571428597,1,1.07833052,0.193406582,0.145054936,0,0,15.9258718,6.11727619,8.42691898,8.35463333,0,13.3238449,6.11727619,10.6996441,0,,,,50
59023531,0.5,0.611111104,1,1.07833052,0.177289367,0.112820506,0,0,15.9304171,6.11727619,8.43294716,8.3314085,0,13.3238449,6.11727619,10.6996441,0,,,,50
59024865,0.5,0.636363626,1,1.07833052,0.169230759,0.0967032909,0,0,15.9304171,4.92712736,8.44198895,8.37785816,0,13.3238449,4.92712736,10.621314,0,,,,50
59025992,0.5,0.642857134,1,1.07833052,0.145054936,0.0805860758,0,0,15.9304171,4.92712736,8.43897438,8.39052582,0,13.3238449,4.92712736,10.621314,0,,,,50
59027123,0.5,0.681818187,1,1.08862829,0.120879114,0.056410253,0,0,15.9304171,3.68829083,8.50226688,8.39897156,0,13.3238449,3.68829083,10.5326853,0,,,,50
59028249,0.5,0.75,1,1.08862829,0.145054936,0.0483516455,0,0,15.9304171,3.68829083,8.46609974,8.40530586,0,13.3309927,3.68829083,10.5326853,0,,,,50
59029380,0.5,0.8125,1,1.11853743,0.104761899,0.0241758227,0,0,15.9304171,2.40864182,8.4691143,8.4074173,0,13.3309927,2.40864182,10.4141483,0,,,,50
59030512,0.5,0.777777791,1,1.11853743,0.112820506,0.0322344303,0,0,15.9258718,2.40864182,8.50829506,8.41163921,0,13.3309927,2.40864182,10.4141483,0,,,,50
59031642,0.5,0.75,1,1.11853743,0.0725274682,0.0241758227,0,0,15.9349623,1.08093774,8.50829506,8.4074173,0,13.3238449,1.08093774,10.2956104,0,,,,50
59032769,0.5,0.800000012,1,1.11853743,0.0644688606,0.0161172152,0,0,15.9349623,1.08093774,8.57761478,8.40952778,0,13.3309927,1.08093774,10.2956104,0,,,,50
59033900,0.5,0.875,1,1.08625722,0.056410253,0.00805860758,0,0,15.9349623,-0.170288682,8.50528145,8.41163921,0,13.3238449,-0.170288682,10.2093534,0,,,,50
59035027,0.5,0.833333313,1,1.08625722,0.0402930379,0.00805860758,0,0,15.9304171,-0.170288682,8.52336502,8.43064213,0,13.3166971,-0.170288682,10.2093534,0,,,,50
59036157,0.5,1,1,1.08625722,0.0322344303,0,0,0,15.9349623,-1.21050227,8.54747581,8.43486404,0,13.3309927,-1.21050227,10.1230965,0,,,,50
59037289,0.5,1,1,1.07833052,0.0322344303,0,0,0,15.9349623,-1.21050227,8.5565176,8.43486404,0,13.3309927,-1.21050227,10.1230965,0,,,,50
59038419,0.5,1,1,1.07833052,0.0241758227,0,0,0,15.9349623,-2.0200727,8.59871292,8.43697548,0,13.3309927,-2.0200727,10.0447655,0,,,,50
59039546,0.5,1,1,1.07833052,0.0241758227,0,0,0,15.9349623,-2.0200727,8.57158756,8.42853069,0,13.3238449,-2.0200727,10.0447655,0,,,,50
59040677,0.5,1,1,1.07833052,0.0241758227,0,0,0,15.9349623,-2.62808275,8.57460117,8.43697548,0,13.3309927,-2.62808275,9.96643543,0,,,,50
59041803,0.5,1,1,1.08316076,0.0241758227,0,0,0,15.9349623,-2.62808275,8.57460117,8.43697548,0,13.3309927,-2.62808275,9.96643543,0,,,,50
59042934,0.5,1,1,1.08316076,0.00805860758,0,0,0,15.9349623,-3.08731937,8.55048943,8.43486404,0,13.3309927,-3.08731937,9.88327408,0,,,,50
59044060,0.5,1,1,1.08316076,0.0161172152,0,0,0,15.9349623,-3.08731937,8.55953121,8.43486404,0,13.3166971,-3.08731937,9.88327408,0,,,,50
59045400,0.5,1,1,1.08803451,0.0161172152,0,0,0,15.9349623,-3.46059203,8.53542042,8.43486404,0,13.3309927,-3.46059203,9.7952404,0,,,,50
59046527,0.5,1,1,1.08803451,0.0241758227,0,0,0,15.9349623,-3.46059203,8.60172653,8.43486404,0,13.3309927,-3.46059203,9.7952404,0,,,,50
59047657,0.5,1,1,1.08803451,0.0322344303,0,0,0,15.9349623,-3.78615952,8.55048943,8.43486404,0,13.3095493,-3.78615952,9.70720577,0,,,,50
59048784,0.5,1,1,1.08316076,0.0241758227,0,0,0,15.9395075,-3.78615952,8.56254578,8.43486404,0,13.3309927,-3.78615952,9.70720577,0,,,,50
59049914,0.5,1,1,1.08316076,0.0402930379,0,0,0,15.9304171,-4.06607151,8.52637863,8.43275356,0,13.3166971,-4.06607151,9.62404537,0,,,,50
59051042,0.5,1,1,1.08316076,0.056410253,0,0,0,15.9304171,-4.06607151,8.50829506,8.43486404,0,13.3166971,-4.06607151,9.62404537,0,,,,50
59052173,0.5,1,1,1.08316076,0.056410253,0,0,0,15.9349623,-4.29391623,8.52939224,8.43275356,0,13.3309927,-4.29391623,9.54088402,0,,,,50
59053304,0.5,1,1,1.08316076,0.0725274682,0,0,0,15.9304171,-4.29391623,8.45103073,8.42430782,0,13.3238449,-4.29391623,9.54088402,0,,,,50
59054435,0.5,1,1,1.08316076,0.0644688606,0,0,0,15.9349623,-4.47829294,8.53542042,8.42430782,0,13.3309927,-4.47829294,9.45772362,0,,,,50
59055561,0.5,0.899999976,1,1.08316076,0.0725274682,0.00805860758,0,0,15.9349623,-4.47829294,8.50226688,8.41797352,0,13.3309927,-4.47829294,9.45772362,0,,,,50
59056692,0.5,0.875,1,1.09806597,0.056410253,0.00805860758,0,0,15.9349623,-4.65981817,8.54747581,8.40108299,0,13.3309927,-4.65981817,9.35965729,0,,,,50
59057818,0.5,1,1,1.09806597,0.0483516455,0,0,0,15.9349623,-4.65981817,8.54144764,8.41586208,0,13.3166971,-4.65981817,9.35965729,0,,,,50
59058949,0.5,1,1,1.07833052,0.0161172152,0,0,0,15.9395075,-4.84189796,8.59569836,8.43486404,0,13.3309927,-4.84189796,9.28132725,0,,,,50
59060075,0.5,0,1,1.07833052,0,0,0,0,15.9395075,-4.84189796,8.59569836,8.43697548,0,13.3166971,-4.84189796,9.28132725,0,,,,50
59061211,0.5,0,1,1.07833052,0,0,0,0,15.9440527,-4.97741079,8.60172653,8.43486404,0,13.3381405,-4.97741079,9.20299625,0,,,,50
59062337,0.5,0,1,1.07833052,0,0,0,0,15.9304171,-4.97741079,8.59871292,8.43275356,0,13.3309927,-4.97741079,9.20299625,0,,,,50
59063468,0.5,0,1,1.07833052,0,0,0,0,15.9258718,-5.06229877,8.56555939,8.42430782,0,13.3309927,-5.06229877,9.12466621,0,,,,50
59064594,0.5,1,1,1.07833052,0.0161172152,0,0,0,15.9349623,-5.06229877,8.53240585,8.42430782,0,13.3309927,-5.06229877,9.12466621,0,,,,50
59065929,0.5,1,1,1.07833052,0.0322344303,0,0,0,15.9349623,-5.11865377,8.54144764,8.43064213,0,13.3309927,-5.11865377,9.04633617,0,,,,50
59067056,0.5,1,1,1.07833052,0.0322344303,0,0,0,15.9304171,-5.11865377,8.53240585,8.43275356,0,13.3024006,-5.11865377,9.04633617,0,,,,50
59068191,0.5,1,1,0.98114419,0.0241758227,0,0,0,15.9349623,-4.98045921,8.5444622,8.43275356,0,13.3309927,-4.98045921,9.06519127,0,,,,50
59069317,0.5,1,1,0.98114419,0.0241758227,0,0,0,15.9349623,-4.98045921,8.53843403,8.43275356,0,13.3309927,-4.98045921,9.06519127,0,,,,50
59070448,0.5,1,1,0.98114419,0.00805860758,0,0,0,15.9349623,-4.45695353,8.57761478,8.43064213,0,13.3309927,-4.45695353,9.08404732,0,,,,50
59071575,0.5,1,1,0.98114419,0.00805860758,0,0,0,15.9395075,-4.45695353,8.56555939,8.43064213,0,13.3309927,-4.45695353,9.08404732,0,,,,50
59072705,0.5,0,1,1.00524628,0,0,0,0,15.9531422,-3.68505621,8.58364296,8.43064213,0,13.3309927,-3.68505621,9.07880116,0,,,,50
59073832,0.5,0,1,1.00524628,0,0,0,0,15.9258718,-3.68505621,8.58665657,8.43275356,0,13.3309927,-3.68505621,9.07880116,0,,,,50
59074963,0.5,0,1,1.00524628,0,0,0,0,15.9440527,-2.89004183,8.58665657,8.43064213,0,13.3238449,-2.89004183,9.07355499,0,,,,50
59076094,0.5,0,1,1.00524628,0,0,0,0,15.9213276,-2.89004183,8.58665657,8.43275356,0,13.3381405,-2.89004183,9.07355499,0,,,,50
59077225,0.5,0,1,1.00524628,0,0,0,0,15.9395075,-2.15846324,8.58665657,8.43064213,0,13.3452892,-2.15846324,9.06830883,0,,,,50
59078351,0.5,0,1,1.00524628,0,0,0,0,15.9395075,-2.15846324,8.58665657,8.43275356,0,13.352437,-2.15846324,9.06830883,0,,,,50
59079482,0.5,0,1,1.00524628,0,0,0,0,15.9395075,-1.51052034,8.58967113,8.43064213,0,13.3309927,-1.51052034,9.06306267,0,,,,50
59080608,0.5,0,1,1.00524628,0,0,0,0,15.9531422,-1.51052034,8.58967113,8.43064213,0,13.3452892,-1.51052034,9.06306267,0,,,,50
59081739,0.5,0,1,1.00524628,0,0,0,0,15.9304171,-0.952852249,8.58665657,8.43064213,0,13.3309927,-0.952852249,9.05781651,0,,,,50
59082866,0.5,0,1,1.00524628,0,0,0,0,15.9485979,-0.952852249,8.56555939,8.43064213,0,13.3238449,-0.952852249,9.05781651,0,,,,50
59084001,0.5,1,1,1.00524628,0.00805860758,0,0,0,15.9304171,-0.483584315,8.55953121,8.43064213,0,13.3238449,-0.483584315,9.05256939,0,,,,50
59085128,0.5,0,1,0.935260832,0,0,0,0,15.9349623,-0.483584315,8.57460117,8.42853069,0,13.3238449,-0.483584315,9.05256939,0,,,,50
59086258,0.5,1,1,0.935260832,0.0161172152,0,0,0,15.9349623,0.0339168645,8.52939224,8.42853069,0,13.3309927,0.0339168645,9.11730862,0,,,,50
59087589,0.5,1,1,0.935260832,0.0161172152,0,0,0,15.9349623,0.0339168645,8.58062935,8.42853069,0,13.3309927,0.0339168645,9.11730862,0,,,,50
59088719,0.5,1,1,0.935260832,0.0161172152,0,0,0,15.9349623,0.752745688,8.51733685,8.42853069,0,13.3309927,0.752745688,9.18204784,0,,,,50
59089846,0.5,1,1,0.905132174,0.0241758227,0,0,0,15.9349623,0.752745688,8.51432323,8.42853069,0,13.3309927,0.752745688,9.18204784,0,,,,50
59090977,0.5,1,1,0.905132174,0.0483516455,0,0,0,15.9304171,1.67640543,8.51432323,8.42853069,0,13.3095493,1.67640543,9.27691555,0,,,,50
59092109,0.5,1,1,0.905132174,0.056410253,0,0,0,15.9349623,1.67640543,8.50829506,8.42430782,0,13.3309927,1.67640543,9.27691555,0,,,,50
59093239,0.5,1,1,0.905132174,0.0644688606,0,0,0,15.9349623,2.75241208,8.46308613,8.42430782,0,13.3238449,2.75241208,9.37178326,0,,,,50
59094367,0.5,1,1,0.905132174,0.0805860758,0,0,0,15.9304171,2.75241208,8.47514153,8.42219639,0,13.3238449,2.75241208,9.37178326,0,,,,50
59095497,0.5,0.909090936,1,0.905132174,0.0805860758,0.00805860758,0,0,15.9304171,3.88631582,8.4932251,8.40108299,0,13.3095493,3.88631582,9.46665192,0,,,,50
59096624,0.5,0.75,1,0.905132174,0.0725274682,0.0241758227,0,0,15.9349623,3.88631582,8.50226688,8.39052582,0,13.3238449,3.88631582,9.46665192,0,,,,50
59097754,0.5,0.75,1,0.905132174,0.0967032909,0.0322344303,0,0,15.9304171,4.98772812,8.50528145,8.39474869,0,13.3238449,4.98772812,9.56151962,0,,,,50
59098886,0.5,0.727272749,1,0.905132174,0.128937721,0.0483516455,0,0,15.9304171,4.98772812,8.44801617,8.38841438,0,13.3238449,4.98772812,9.56151962,0,,,,50
59100017,0.5,0.807692289,1,0.905132174,0.169230759,0.0402930379,0,0,15.9304171,6.00676107,8.4178772,8.38841438,0,13.3166971,6.00676107,9.65638733,0,,,,50
59101144,0.5,0.75999999,1,0.905132174,0.153113544,0.0483516455,0,0,15.9258718,6.00676107,8.45103073,8.36941242,0,13.3238449,6.00676107,9.65638733,0,,,,50
59102274,0.5,0.657142878,1,0.880172729,0.185347974,0.0967032909,0,0,15.9304171,6.96615744,8.43897438,8.35674477,0,13.3238449,6.96615744,9.77621365,0,,,,50
59103401,0.5,0.600000024,1,0.880172729,0.193406582,0.128937721,0,0,15.9258718,6.96615744,8.46007252,8.32718563,0,13.3238449,6.96615744,9.77621365,0,,,,50
59104531,0.5,0.523809552,1,0.880172729,0.177289367,0.161172152,0,0,15.9213276,7.91036463,8.42390537,8.33351898,0,13.3166971,7.91036463,9.89604092,0,,,,50
59105658,0.5,0.574468076,1,0.880172729,0.217582405,0.161172152,0,0,15.9213276,7.91036463,8.40883541,8.32929707,0,13.3166971,7.91036463,9.89604092,0,,,,50
59106793,0.5,0.563636363,1,0.880172729,0.249816835,0.193406582,0,0,15.9122372,8.82034779,8.39075184,8.3250742,0,13.3166971,8.82034779,10.0158682,0,,,,50
59108124,0.5,0.578947365,1,0.867352724,0.26593405,0.193406582,0,0,15.9122372,8.82034779,8.34855747,8.30607224,0,13.3166971,8.82034779,10.0158682,0,,,,50
59109255,0.5,0.538461566,1,0.867352724,0.282051265,0.241758227,0,0,15.8986015,9.68444443,8.3304739,8.28918076,0,13.288105,9.68444443,10.1485157,0,,,,50
59110382,0.5,0.584158421,1,0.867352724,0.475457847,0.338461518,0,0,15.8940573,9.68444443,8.14059639,8.25117683,0,13.3024006,9.68444443,10.1485157,0,,,,50
59111512,0.5,0.53061223,1,0.867352724,0.419047594,0.370695949,0,0,15.8804216,10.5132408,8.21293068,8.21950626,0,13.2952528,10.5132408,10.2811623,0,,,,50
59112639,0.5,0.529914558,1,0.867352724,0.49963367,0.443223417,0,0,15.8804216,10.5132408,8.1918335,8.19628143,0,13.2952528,10.5132408,10.2811623,0,,,,50
59113769,0.5,0.540540516,1,0.867352724,0.483516455,0.410988986,0,0,15.8804216,11.2916622,8.18580532,8.20472717,0,13.3024006,11.2916622,10.4138098,0,,,,50
59114902,0.5,0.540000021,1,0.867352724,0.435164809,0.370695949,0,0,15.8986015,11.2916622,8.22498608,8.22584057,0,13.3095493,11.2916622,10.4138098,0,,,,50
59116032,0.5,0.565217376,1,0.867352724,0.419047594,0.322344303,0,0,15.8895121,12,8.2671814,8.25117683,0,13.2952528,12.0005188,10.5461779,0,,,,50
59117159,0.5,0.515789449,1,0.867352724,0.394871771,0.370695949,0,0,15.8986015,12,8.29430676,8.2553997,0,13.3095493,12.0005188,10.5461779,0,,,,50
59118290,0.5,0.522727251,1,0.867352724,0.370695949,0.338461518,0,0,15.8986015,12,8.29129314,8.23850822,0,13.3024006,12.6316681,10.3385296,0,,,,50
59119416,0.5,0.5,1,0.867352724,0.386813164,0.386813164,0,0,15.8895121,12,8.25211143,8.25328827,0,13.3024006,12.6316681,10.3385296,0,,,,50
59120547,0.5,0.545454562,1,0.886627316,0.435164809,0.362637341,0,0,15.8895121,11.1893501,8.20690346,8.23006344,0,13.3095493,11.1893501,10.4519024,0,,,,50
59121673,0.5,0.544554472,1,0.886627316,0.443223417,0.370695949,0,0,15.8849669,11.1893501,8.22800064,8.23850822,0,13.3095493,11.1893501,10.4519024,0,,,,50
59122809,0.5,0.574468076,1,0.886627316,0.435164809,0.322344303,0,0,15.8895121,10.5372362,8.16470814,8.23428535,0,13.3024006,10.5372362,10.5652752,0,,,,50
59123935,0.5,0.553398073,1,0.886627316,0.459340632,0.370695949,0,0,15.8895121,10.5372362,8.27923679,8.23006344,0,13.3024006,10.5372362,10.5652752,0,,,,50
59125066,0.5,0.604166687,1,0.886627316,0.46739924,0.306227088,0,0,15.8940573,10.3690643,8.24306965,8.24484253,0,13.2952528,10.3690643,10.678647,0,,,,50
59126193,0.5,0.539473712,1,0.899926126,0.330402911,0.282051265,0,0,15.8940573,10.3690643,8.31841755,8.25751019,0,13.3095493,10.3690643,10.678647,0,,,,50
59127323,0.5,0.536842108,1,0.899926126,0.410988986,0.354578733,0,0,15.8940573,10.4712296,8.33650112,8.23850822,0,13.3166971,10.4712296,10.7787209,0,,,,50
59128450,0.5,0.54651165,1,0.899926126,0.378754556,0.314285696,0,0,15.8986015,10.4712296,8.27019501,8.27017879,0,13.288105,10.4712296,10.7787209,0,,,,50
59129789,0.5,0.551282048,1,0.899926126,0.346520126,0.282051265,0,0,15.9031467,10.6915207,8.25813961,8.27440166,0,13.3166971,10.6915207,10.8787947,0,,,,50
59130916,0.5,0.530120492,1,0.899926126,0.354578733,0.314285696,0,0,15.8986015,10.6915207,8.31239033,8.2765131,0,13.3095493,10.6915207,10.8787947,0,,,,50
59132046,0.5,0.551282048,1,0.899926126,0.346520126,0.282051265,0,0,15.8986015,10.9591255,8.29129314,8.27862453,0,13.2952528,10.9591255,10.9788685,0,,,,50
59133173,0.5,0.5625,1,0.899926126,0.362637341,0.282051265,0,0,15.8986015,10.9591255,8.31540394,8.2765131,0,13.3024006,10.9591255,10.9788685,0,,,,50
59134304,0.5,0.536585391,1,0.899926126,0.354578733,0.306227088,0,0,15.8940573,11.2442503,8.30033493,8.26595592,0,13.3024006,11.2442503,11.0789423,0,,,,50
59135430,0.5,0.518072307,1,0.899926126,0.346520126,0.322344303,0,0,15.8940573,11.2442503,8.28526497,8.23006344,0,13.3095493,11.2442503,11.0789423,0,,,,50
59136561,0.5,0.522727251,1,0.899926126,0.370695949,0.338461518,0,0,15.8940573,11.5283451,8.255126,8.29129219,0,13.3095493,11.5283451,11.1790161,0,,,,50
59137693,0.5,0.594936728,1,0.973127484,0.378754556,0.257875443,0,0,15.8940573,11.5283451,8.28827858,8.25328827,0,13.3024006,11.5283451,11.1790161,0,,,,50
59138824,0.5,0.597222209,1,0.973127484,0.346520126,0.23369962,0,0,15.8895121,11.6648121,8.27320957,8.29340363,0,13.3095493,11.6648121,11.2058887,0,,,,50
59139950,0.5,0.571428597,1,0.973127484,0.322344303,0.241758227,0,0,15.8940573,11.6648121,8.28827858,8.27017879,0,13.3095493,11.6648121,11.2058887,0,,,,50
59141082,0.5,0.567901254,1,0.973127484,0.370695949,0.282051265,0,0,15.8940573,11.4975748,8.28526497,8.26173306,0,13.288105,11.4975748,11.2327614,0,,,,50
59142208,0.5,0.551282048,1,0.997455657,0.346520126,0.282051265,0,0,15.8940573,11.4975748,8.25211143,8.26384449,0,13.3166971,11.4975748,11.2327614,0,,,,50
59143339,0.5,0.586666644,1,0.997455657,0.354578733,0.249816835,0,0,15.8940573,11.0445805,8.23101425,8.25962162,0,13.3024006,11.0445805,11.2353048,0,,,,50
59144465,0.5,0.528846145,1,0.997455657,0.443223417,0.394871771,0,0,15.8940573,11.0445805,8.14963818,8.227952,0,13.3024006,11.0445805,11.2353048,0,,,,50
59145601,0.5,0.531645596,1,1.02303147,0.338461518,0.29816848,0,0,15.8986015,10.338233,8.30937672,8.27862453,0,13.3095493,10.338233,11.2122736,0,,,,50
59146727,0.5,0.537500024,1,1.02303147,0.346520126,0.29816848,0,0,15.8986015,10.338233,8.32143211,8.27229023,0,13.3095493,10.338233,11.2122736,0,,,,50
59147858,0.5,0.547945201,1,1.02303147,0.322344303,0.26593405,0,0,15.9031467,9.42896271,8.32745934,8.28918076,0,13.3166971,9.42896271,11.1892424,0,,,,50
59148985,0.5,0.547945201,1,1.02303147,0.322344303,0.26593405,0,0,15.907692,9.42896271,8.33650112,8.29973793,0,13.3166971,9.42896271,11.1892424,0,,,,50
59150320,0.5,0.533333361,1,1.03176177,0.257875443,0.225641012,0,0,15.9122372,8.41537952,8.35157108,8.30818272,0,13.3166971,8.41537952,11.1574802,0,,,,50
59151446,0.5,0.542372882,1,1.03176177,0.257875443,0.217582405,0,0,15.9122372,8.41537952,8.37568283,8.31240559,0,13.3166971,8.41537952,11.1574802,0,,,,50
59152582,0.5,0.537037015,1,1.05929184,0.23369962,0.201465189,0,0,15.9167824,7.32747984,8.37568283,8.32085133,0,13.3166971,7.32747984,11.0981884,0,,,,50
59153708,0.5,0.568627477,1,1.05929184,0.23369962,0.177289367,0,0,15.9167824,7.32747984,8.37568283,8.32296276,0,13.3166971,7.32747984,11.0981884,0,,,,50
59154839,0.5,0.577777803,1,1.05929184,0.209523797,0.153113544,0,0,15.9213276,6.17270231,8.39979362,8.34196472,0,13.3238449,6.17270231,11.0388966,0,,,,50
59155965,0.5,0.521739125,1,1.05929184,0.193406582,0.177289367,0,0,15.9213276,6.17270231,8.37266827,8.35041046,0,13.3238449,6.17270231,11.0388966,0,,,,50
59157096,0.5,0.588235319,1,1.06865478,0.161172152,0.112820506,0,0,15.9304171,5.00194597,8.51432323,8.37363529,0,13.3238449,5.00194597,10.9702415,0,,,,50
59158223,0.5,0.619047642,1,1.06865478,0.209523797,0.128937721,0,0,15.9304171,5.00194597,8.51733685,8.36096668,0,13.3095493,5.00194597,10.9702415,0,,,,50
59159353,0.5,0.65625,1,1.06865478,0.169230759,0.0886446834,0,0,15.9304171,3.86463809,8.49623966,8.3799696,0,13.3166971,3.86463809,10.9015865,0,,,,50
59160485,0.5,0.714285731,1,1.08803451,0.161172152,0.0644688606,0,0,15.9349623,3.86463809,8.45103073,8.38419151,0,13.3309927,3.86463809,10.9015865,0,,,,50
59161616,0.5,0.777777791,1,1.08803451,0.112820506,0.0322344303,0,0,15.9304171,2.76809549,8.51432323,8.40319443,0,13.3238449,2.76809549,10.8135519,0,,,,50
59162742,0.5,0.777777791,1,1.08803451,0.112820506,0.0322344303,0,0,15.9304171,2.76809549,8.47815609,8.4074173,0,13.3238449,2.76809549,10.8135519,0,,,,50
59163873,0.5,0.733333349,1,1.08803451,0.0886446834,0.0322344303,0,0,15.9349623,1.70255554,8.51432323,8.39897156,0,13.3309927,1.70255554,10.7255182,0,,,,50
59164999,0.5,0.733333349,1,1.09490192,0.0886446834,0.0322344303,0,0,15.9349623,1.70255554,8.51432323,8.4074173,0,13.3238449,1.70255554,10.7255182,0,,,,50
59166130,0.5,0.727272749,1,1.09490192,0.0644688606,0.0241758227,0,0,15.9349623,0.683031857,8.5444622,8.42008495,0,13.3238449,0.683031857,10.6306162,0,,,,50
59167257,0.5,0.699999988,1,1.09490192,0.056410253,0.0241758227,0,0,15.9349623,0.683031857,8.54144764,8.41375065,0,13.3238449,0.683031857,10.6306162,0,,,,50
59168392,0.5,0.714285731,1,1.06851172,0.0402930379,0.0161172152,0,0,15.9349623,-0.222640261,8.54144764,8.42008495,0,13.3309927,-0.222640261,10.5621042,0,,,,50
59169519,0.5,1,1,1.06851172,0.0402930379,0,0,0,15.9304171,-0.222640261,8.55350399,8.41797352,0,13.3309927,-0.222640261,10.5621042,0,,,,50
59170854,0.5,1,1,1.06851172,0.0402930379,0,0,0,15.9304171,-0.941042662,8.54144764,8.42641926,0,13.3024006,-0.941042662,10.4935923,0,,,,50
59171980,0.5,1,1,1.09130824,0.0402930379,0,0,0,15.9349623,-0.941042662,8.57158756,8.43697548,0,13.3309927,-0.941042662,10.4935923,0,,,,50
59173112,0.5,1,1,1.09130824,0.0241758227,0,0,0,15.9349623,-1.52498531,8.55048943,8.43486404,0,13.3095493,-1.52498531,10.4022846,0,,,,50
59174239,0.5,1,1,1.09130824,0.0241758227,0,0,0,15.9395075,-1.52498531,8.57460117,8.43908691,0,13.3166971,-1.52498531,10.4022846,0,,,,50
59175369,0.5,1,1,1.10828412,0.0241758227,0,0,0,15.9395075,-2.09845352,8.56254578,8.43697548,0,13.3309927,-2.09845352,10.2940006,0,,,,50
59176501,0.5,1,1,1.10828412,0.0161172152,0,0,0,15.9349623,-2.09845352,8.52637863,8.43697548,0,13.3309927,-2.09845352,10.2940006,0,,,,50
59177631,0.5,0.666666687,1,1.10828412,0.0161172152,0.00805860758,0,0,15.9349623,-2.71050763,8.54144764,8.43697548,0,13.3309927,-2.71050763,10.1857157,0,,,,50
59178758,0.5,1,1,1.07964349,0.0161172152,0,0,0,15.9349623,-2.71050763,8.53843403,8.43486404,0,13.3238449,-2.71050763,10.1857157,0,,,,50
59179888,0.5,1,1,1.07964349,0.0241758227,0,0,0,15.9349623,-3.27846861,8.54747581,8.43275356,0,13.3309927,-3.27846861,10.1060724,0,,,,50
59181015,0.5,1,1,1.07964349,0.0241758227,0,0,0,15.9349623,-3.27846861,8.57158756,8.43486404,0,13.3309927,-3.27846861,10.1060724,0,,,,50
59182146,0.5,1,1,1.07964349,0.0241758227,0,0,0,15.9349623,-3.70791149,8.50528145,8.43486404,0,13.3309927,-3.70791149,10.0264292,0,,,,50
59183277,0.5,1,1,1.07964349,0.0322344303,0,0,0,15.9349623,-3.70791149,8.568573,8.43486404,0,13.3309927,-3.70791149,10.0264292,0,,,,50
59184408,0.5,1,1,1.07964349,0.0241758227,0,0,0,15.9304171,-4.00571442,8.5444622,8.43486404,0,13.3238449,-4.00571442,9.94678593,0,,,,50
59185534,0.5,1,1,1.07964349,0.0402930379,0,0,0,15.9349623,-4.00571442,8.52336502,8.43275356,0,13.3238449,-4.00571442,9.94678593,0,,,,50
59186665,0.5,1,1,1.07964349,0.0483516455,0,0,0,15.9349623,-4.214818,8.50528145,8.43275356,0,13.3309927,-4.214818,9.86714268,0,,,,50
59187791,0.5,1,1,1.07964349,0.056410253,0,0,0,15.9349623,-4.214818,8.48719788,8.42853069,0,13.3238449,-4.214818,9.86714268,0,,,,50
59188922,0.5,1,1,1.07964349,0.0483516455,0,0,0,15.9304171,-4.36538458,8.55953121,8.43275356,0,13.3095493,-4.36538458,9.78749943,0,,,,50
59190048,0.5,0.875,1,1.07833052,0.056410253,0.00805860758,0,0,15.9349623,-4.36538458,8.43897438,8.4074173,0,13.3166971,-4.36538458,9.78749943,0,,,,50
59191184,0.5,0.833333313,1,1.07833052,0.0805860758,0.0161172152,0,0,15.9349623,-4.47611475,8.5444622,8.40108299,0,13.3309927,-4.47611475,9.70916843,0,,,,50
59192515,0.5,0.857142866,1,1.07833052,0.0483516455,0.00805860758,0,0,15.9349623,-4.47611475,8.52637863,8.41797352,0,13.3238449,-4.47611475,9.70916843,0,,,,50
59193646,0.5,1,1,1.07833052,0.0322344303,0,0,0,15.9395075,-4.55891848,8.58665657,8.42641926,0,13.3381405,-4.55891848,9.63083839,0,,,,50
59194772,0.5,0,1,1.04186523,0,0,0,0,15.9485979,-4.55891848,8.58967113,8.43486404,0,13.3309927,-4.55891848,9.63083839,0,,,,50
59195903,0.5,0,1,1.04186523,0,0,0,0,15.9531422,-4.55717945,8.59268475,8.43697548,0,13.3381405,-4.55717945,9.58897305,0,,,,50
59197030,0.5,0,1,1.04186523,0,0,0,0,15.9349623,-4.55717945,8.59871292,8.43697548,0,13.3238449,-4.55717945,9.58897305,0,,,,50
59198161,0.5,0,1,1.02303147,0,0,0,0,15.9395075,-4.36979246,8.59268475,8.43064213,0,13.3238449,-4.36979246,9.56594181,0,,,,50
59199292,0.5,1,1,1.02303147,0.0241758227,0,0,0,15.9395075,-4.36979246,8.52035046,8.42641926,0,13.3309927,-4.36979246,9.56594181,0,,,,50
59200423,0.5,1,1,1.02303147,0.0161172152,0,0,0,15.9349623,-3.99610877,8.53240585,8.42853069,0,13.3309927,-3.99610877,9.54290962,0,,,,50
59201549,0.5,1,1,1.02303147,0.0241758227,0,0,0,15.9349623,-3.99610877,8.51733685,8.43064213,0,13.3309927,-3.99610877,9.54290962,0,,,,50
59202680,0.5,1,1,1.016904,0.0161172152,0,0,0,15.9349623,-3.50963998,8.55350399,8.43064213,0,13.3309927,-3.50963998,9.52600574,0,,,,50
59203806,0.5,1,1,1.016904,0.0161172152,0,0,0,15.9395075,-3.50963998,8.55953121,8.43275356,0,13.3309927,-3.50963998,9.52600574,0,,,,50
59204937,0.5,0,1,1.016904,0,0,0,0,15.9349623,-2.9730227,8.56254578,8.43064213,0,13.3238449,-2.9730227,9.50910187,0,,,,50
59206064,0.5,0,1,0.98102355,0,0,0,0,15.9395075,-2.9730227,8.568573,8.43275356,0,13.3166971,-2.9730227,9.50910187,0,,,,50
59207199,0.5,0,1,0.98102355,0,0,0,0,15.9485979,-2.37004733,8.58665657,8.43064213,0,13.3381405,-2.37004733,9.52807903,0,,,,50
59208326,0.5,0,1,0.98102355,0,0,0,0,15.9258718,-2.37004733,8.58665657,8.42641926,0,13.3309927,-2.37004733,9.52807903,0,,,,50
59209456,0.5,0,1,0.98102355,0,0,0,0,15.9440527,-1.66254628,8.58665657,8.43064213,0,13.3238449,-1.66254628,9.54705524,0,,,,50
59210583,0.5,1,1,0.98102355,0.0161172152,0,0,0,15.9304171,-1.66254628,8.53843403,8.42219639,0,13.3309927,-1.66254628,9.54705524,0,,,,50
59211715,0.5,0,1,0.98102355,0,0,0,0,15.9395075,-0.900747299,8.58967113,8.42641926,0,13.3238449,-0.900747299,9.56603146,0,,,,50
59213045,0.5,1,1,0.98102355,0.0161172152,0,0,0,15.9349623,-0.900747299,8.50226688,8.43064213,0,13.3238449,-0.900747299,9.56603146,0,,,,50
59214181,0.5,1,1,0.973127484,0.00805860758,0,0,0,15.9349623,-0.140782654,8.54747581,8.42853069,0,13.3238449,-0.140782654,9.59290409,0,,,,50
59215307,0.5,1,1,0.973127484,0.0241758227,0,0,0,15.9395075,-0.140782654,8.54747581,8.42853069,0,13.3309927,-0.140782654,9.59290409,0,,,,50
59216438,0.5,1,1,0.973127484,0.0161172152,0,0,0,15.9349623,0.59410125,8.58364296,8.42853069,0,13.3309927,0.59410125,9.61977673,0,,,,50
59217565,0.5,1,1,0.973127484,0.0322344303,0,0,0,15.9349623,0.59410125,8.53843403,8.43064213,0,13.3238449,0.59410125,9.61977673,0,,,,50
59218695,0.5,1,1,0.949957848,0.0241758227,0,0,0,15.9304171,1.32064927,8.55048943,8.43064213,0,13.3309927,1.32064927,9.66981888,0,,,,50
59219822,0.5,1,1,0.949957848,0.0402930379,0,0,0,15.9349623,1.32064927,8.51733685,8.43064213,0,13.3238449,1.32064927,9.66981888,0,,,,50
59220953,0.5,1,1,0.949957848,0.0967032909,0,0,0,15.9304171,2.06618714,8.4691143,8.43064213,0,13.3238449,2.06618714,9.71986103,0,,,,50
59222084,0.5,1,1,0.942440689,0.0483516455,0,0,0,15.9349623,2.06618714,8.50829506,8.42853069,0,13.3309927,2.06618714,9.71986103,0,,,,50
59223215,0.5,1,1,0.942440689,0.0725274682,0,0,0,15.9395075,2.81692457,8.55048943,8.42430782,0,13.3309927,2.81692457,9.77742004,0,,,,50
59224342,0.5,1,1,0.942440689,0.0886446834,0,0,0,15.9349623,2.81692457,8.48719788,8.41163921,0,13.3238449,2.81692457,9.77742004,0,,,,50
59225472,0.5,0.909090936,1,0.942440689,0.0805860758,0.00805860758,0,0,15.9349623,3.54813147,8.47815609,8.40319443,0,13.3309927,3.54813147,9.83497906,0,,,,50
59226599,0.5,0.818181813,1,0.942440689,0.0725274682,0.0161172152,0,0,15.9349623,3.54813147,8.50528145,8.39686012,0,13.3238449,3.54813147,9.83497906,0,,,,50
59227730,0.5,0.769230783,1,0.924318969,0.0805860758,0.0241758227,0,0,15.9349623,4.26688528,8.49925327,8.41375065,0,13.3238449,4.26688528,9.91065979,0,,,,50
59228856,0.5,0.764705896,1,0.924318969,0.104761899,0.0322344303,0,0,15.9304171,4.26688528,8.46609974,8.39474869,0,13.3238449,4.26688528,9.91065979,0,,,,50
59229992,0.5,0.833333313,1,0.924318969,0.120879114,0.0241758227,0,0,15.9304171,4.99005365,8.45404434,8.39474869,0,13.3238449,4.99005365,9.98634148,0,,,,50
59231119,0.5,0.789473712,1,0.920905411,0.120879114,0.0322344303,0,0,15.9304171,4.99005365,8.46007252,8.39474869,0,13.3309927,4.99005365,9.98634148,0,,,,50
59232249,0.5,0.730769217,1,0.920905411,0.153113544,0.056410253,0,0,15.9304171,5.70034838,8.38472462,8.37152386,0,13.3238449,5.70034838,10.0654354,0,,,,50
59233376,0.5,0.666666687,1,0.920905411,0.145054936,0.0725274682,0,0,15.9304171,5.70034838,8.42390537,8.36518955,0,13.3095493,5.70034838,10.0654354,0,,,,50
59234711,0.5,0.586206913,1,0.920905411,0.136996329,0.0967032909,0,0,15.9258718,6.37302685,8.3937664,8.3525219,0,13.3238449,6.37302685,10.1445303,0,,,,50
59235837,0.5,0.577777803,1,0.920799136,0.209523797,0.153113544,0,0,15.9258718,6.37302685,8.47212791,8.33985329,0,13.3238449,6.37302685,10.1445303,0,,,,50
59236968,0.5,0.534883738,1,0.920799136,0.185347974,0.161172152,0,0,15.9258718,6.99032354,8.3937664,8.33774185,0,13.3166971,6.99032354,10.223731,0,,,,50
59238099,0.5,0.583333313,1,0.920799136,0.225641012,0.161172152,0,0,15.9213276,6.99032354,8.3937664,8.32296276,0,13.3238449,6.99032354,10.223731,0,,,,50
59239230,0.5,0.540000021,1,0.920799136,0.217582405,0.185347974,0,0,15.9167824,7.5419879,8.39075184,8.32085133,0,13.3238449,7.5419879,10.3029318,0,,,,50
59240357,0.5,0.578947365,1,0.906777918,0.26593405,0.193406582,0,0,15.9122372,7.5419879,8.37568283,8.30818272,0,13.3166971,7.5419879,10.3029318,0,,,,50
59241487,0.5,0.540983617,1,0.906777918,0.26593405,0.225641012,0,0,15.907692,8.0521431,8.34554291,8.30818272,0,13.3166971,8.0521431,10.3961535,0,,,,50
59242614,0.5,0.526315808,1,0.906777918,0.322344303,0.290109873,0,0,15.8895121,8.0521431,8.255126,8.26173306,0,13.3095493,8.0521431,10.3961535,0,,,,50
59243744,0.5,0.526881695,1,0.906777918,0.394871771,0.354578733,0,0,15.8895121,8.5527277,8.27622318,8.26384449,0,13.3024006,8.5527277,10.4893761,0,,,,50
59244876,0.5,0.545454562,1,0.906777918,0.435164809,0.362637341,0,0,15.8849669,8.5527277,8.21594429,8.23006344,0,13.2952528,8.5527277,10.4893761,0,,,,50
59246007,0.5,0.51219511,1,0.906777918,0.338461518,0.322344303,0,0,15.8986015,9.03714848,8.33951569,8.23639679,0,13.3095493,9.03714848,10.5825977,0,,,,50
59247134,0.5,0.535211265,1,0.906777918,0.306227088,0.26593405,0,0,15.907692,9.03714848,8.34855747,8.28706932,0,13.3166971,9.03714848,10.5825977,0,,,,50
59248264,0.5,0.551724136,1,0.927757919,0.257875443,0.209523797,0,0,15.9122372,9.44871902,8.37869644,8.31451702,0,13.3095493,9.44871902,10.6548395,0,,,,50
59249391,0.5,0.528301895,1,0.927757919,0.225641012,0.201465189,0,0,15.9167824,9.44871902,8.38171005,8.31873989,0,13.3166971,9.44871902,10.6548395,0,,,,50
59250522,0.5,0.568965495,1,0.927757919,0.26593405,0.201465189,0,0,15.9122372,9.73632812,8.37266827,8.31451702,0,13.3095493,9.73632812,10.7270813,0,,,,50
59251648,0.5,0.551724136,1,0.927757919,0.257875443,0.209523797,0,0,15.9122372,9.73632812,8.38171005,8.31029415,0,13.3166971,9.73632812,10.7270813,0,,,,50
59252784,0.5,0.552238822,1,0.927757919,0.29816848,0.241758227,0,0,15.907692,9.91674805,8.34855747,8.29973793,0,13.3166971,9.91674805,10.7993231,0,,,,50
59253911,0.5,0.561643839,1,0.927757919,0.330402911,0.257875443,0,0,15.9031467,9.91674805,8.32143211,8.27862453,0,13.3095493,9.91674805,10.7993231,0,,,,50
59255245,0.5,0.554054081,1,0.927757919,0.330402911,0.26593405,0,0,15.907692,10.0288868,8.31540394,8.28284645,0,13.3095493,10.0288868,10.8715658,0,,,,50
59256372,0.5,0.554054081,1,0.927757919,0.330402911,0.26593405,0,0,15.8986015,10.0288868,8.32745934,8.28073597,0,13.3095493,10.0288868,10.8715658,0,,,,50
59257503,0.5,0.552631557,1,0.973127484,0.338461518,0.273992658,0,0,15.9031467,10.0151472,8.31540394,8.28073597,0,13.3095493,10.0151472,10.8984375,0,,,,50
59258630,0.5,0.532467544,1,0.973127484,0.330402911,0.290109873,0,0,15.8986015,10.0151472,8.30033493,8.28073597,0,13.3166971,10.0151472,10.8984375,0,,,,50
59259760,0.5,0.540540516,1,0.973127484,0.322344303,0.273992658,0,0,15.9031467,9.80021381,8.32143211,8.27862453,0,13.3166971,9.80021381,10.9253101,0,,,,50
59260892,0.5,0.547945201,1,0.973127484,0.322344303,0.26593405,0,0,15.8986015,9.80021381,8.32444572,8.28706932,0,13.3095493,9.80021381,10.9253101,0,,,,50
59262023,0.5,0.546666682,1,0.973008811,0.330402911,0.273992658,0,0,15.9031467,9.43664932,8.30334854,8.27862453,0,13.3095493,9.43664932,10.952301,0,,,,50
59263150,0.5,0.561643839,1,0.973008811,0.330402911,0.257875443,0,0,15.9031467,9.43664932,8.32745934,8.29129219,0,13.3095493,9.43664932,10.952301,0,,,,50
59264280,0.5,0.550724626,1,0.973008811,0.306227088,0.249816835,0,0,15.907692,9.01286793,8.35458469,8.2976265,0,13.3095493,9.01286793,10.9792929,0,,,,50
59265407,0.5,0.545454562,1,0.973127484,0.290109873,0.241758227,0,0,15.907692,9.01286793,8.33348751,8.3039608,0,13.3166971,9.01286793,10.9792929,0,,,,50
59266538,0.5,0.55737704,1,0.973127484,0.273992658,0.217582405,0,0,15.9122372,8.58290386,8.34855747,8.31451702,0,13.3166971,8.58290386,11.0061646,0,,,,50
59267664,0.5,0.559322059,1,0.973127484,0.26593405,0.209523797,0,0,15.9122372,8.58290386,8.36061287,8.31451702,0,13.3166971,8.58290386,11.0061646,0,,,,50
59268800,0.5,0.555555582,1,0.973127484,0.241758227,0.193406582,0,0,15.9167824,8.17810059,8.38472462,8.32085133,0,13.3166971,8.17810059,11.0330372,0,,,,50
59269927,0.5,0.571428597,1,1.01008177,0.257875443,0.193406582,0,0,15.9167824,8.17810059,8.36965466,8.32718563,0,13.3238449,8.17810059,11.0330372,0,,,,50
59271057,0.5,0.600000024,1,1.01008177,0.241758227,0.161172152,0,0,15.9167824,7.74660921,8.38472462,8.32296276,0,13.3024006,7.74660921,11.0229559,0,,,,50
59272184,0.5,0.547169805,1,1.01008177,0.23369962,0.193406582,0,0,15.9167824,7.74660921,8.39979362,8.33351898,0,13.3166971,7.74660921,11.0229559,0,,,,50
59273315,0.5,0.551020384,1,1.05915117,0.217582405,0.177289367,0,0,15.9213276,7.12846661,8.40280819,8.34618759,0,13.3238449,7.12846661,10.9638042,0,,,,50
59274442,0.5,0.565217376,1,1.05915117,0.209523797,0.161172152,0,0,15.9213276,7.12846661,8.42089176,8.33985329,0,13.3024006,7.12846661,10.9638042,0,,,,50
59275782,0.5,0.545454562,1,1.05915117,0.193406582,0.161172152,0,0,15.9213276,6.25663519,8.41184998,8.33985329,0,13.3238449,6.25663519,10.9046526,0,,,,50
59276909,0.5,0.545454562,1,1.05929184,0.145054936,0.120879114,0,0,15.9258718,6.25663519,8.37568283,8.33351898,0,13.3309927,6.25663519,10.9046526,0,,,,50
59278040,0.5,0.675000012,1,1.05929184,0.217582405,0.104761899,0,0,15.9304171,5.23752689,8.40280819,8.36307812,0,13.3095493,5.23752689,10.8453608,0,,,,50
59279166,0.5,0.647058845,1,1.05929184,0.177289367,0.0967032909,0,0,15.9304171,5.23752689,8.50829506,8.36518955,0,13.3238449,5.23752689,10.8453608,0,,,,50
59280297,0.5,0.666666687,1,1.05929184,0.161172152,0.0805860758,0,0,15.9304171,4.19385958,8.47815609,8.38841438,0,13.3238449,4.19385958,10.7860689,0,,,,50
59281424,0.5,0.708333313,1,1.05929184,0.136996329,0.056410253,0,0,15.9304171,4.19385958,8.45103073,8.38630295,0,13.3238449,4.19385958,10.7860689,0,,,,50
59282554,0.5,0.75999999,1,1.05929184,0.153113544,0.0483516455,0,0,15.9304171,3.19784784,8.50226688,8.39474869,0,13.3238449,3.19784784,10.7267771,0,,,,50
59283686,0.5,0.761904776,1,1.05929184,0.128937721,0.0402930379,0,0,15.9349623,3.19784784,8.47212791,8.40108299,0,13.3238449,3.19784784,10.7267771,0,,,,50
59284817,0.5,0.764705896,1,1.06951427,0.104761899,0.0322344303,0,0,15.9304171,2.26935291,8.48719788,8.40108299,0,13.3238449,2.26935291,10.6572628,0,,,,50
59285943,0.5,0.75,1,1.06951427,0.0967032909,0.0322344303,0,0,15.9349623,2.26935291,8.54144764,8.40108299,0,13.3309927,2.26935291,10.6572628,0,,,,50
59287074,0.5,0.75,1,1.06951427,0.0725274682,0.0241758227,0,0,15.9304171,1.40430808,8.60775471,8.41163921,0,13.3024006,1.40430808,10.5877485,0,,,,50
59288200,0.5,0.785714269,1,1.07818484,0.0886446834,0.0241758227,0,0,15.9349623,1.40430808,8.59268475,8.41163921,0,13.3309927,1.40430808,10.5877485,0,,,,50
59289331,0.5,0.714285731,1,1.07818484,0.0402930379,0.0161172152,0,0,15.9349623,0.598952532,8.53542042,8.40952778,0,13.3309927,0.598952532,10.5095644,0,,,,50
59290458,0.5,0.777777791,1,1.07818484,0.056410253,0.0161172152,0,0,15.9349623,0.598952532,8.52035046,8.41586208,0,13.3309927,0.598952532,10.5095644,0,,,,50
59291593,0.5,0.666666687,1,1.08360195,0.0322344303,0.0161172152,0,0,15.9349623,-0.161395907,8.52939224,8.42641926,0,13.3309927,-0.161395907,10.4259624,0,,,,50
59292720,0.5,1,1,1.08360195,0.0402930379,0,0,0,15.9349623,-0.161395907,8.5444622,8.43697548,0,13.3381405,-0.161395907,10.4259624,0,,,,50
59293850,0.5,1,1,1.08360195,0.0322344303,0,0,0,15.9349623,-0.878308356,8.54747581,8.43697548,0,13.3238449,-0.878308356,10.3423605,0,,,,50
59294977,0.5,1,1,1.08803451,0.0402930379,0,0,0,15.9349623,-0.878308356,8.5565176,8.43275356,0,13.3309927,-0.878308356,10.3423605,0,,,,50
59296107,0.5,1,1,1.08803451,0.0322344303,0,0,0,15.9395075,-1.54453599,8.53542042,8.43697548,0,13.3309927,-1.54453599,10.2543259,0,,,,50
59297438,0.5,1,1,1.08803451,0.0241758227,0,0,0,15.9349623,-1.54453599,8.5565176,8.43486404,0,13.3309927,-1.54453599,10.2543259,0,,,,50
59298573,0.5,1,1,1.08803451,0.0161172152,0,0,0,15.9349623,-2.15832233,8.57761478,8.43486404,0,13.3309927,-2.15832233,10.1662912,0,,,,50
59299699,0.5,1,1,1.08670104,0.0161172152,0,0,0,15.9349623,-2.15832233,8.53542042,8.43275356,0,13.3309927,-2.15832233,10.1662912,0,,,,50
59300830,0.5,1,1,1.08670104,0.0241758227,0,0,0,15.9349623,-2.71147346,8.58364296,8.43486404,0,13.3309927,-2.71147346,10.0795898,0,,,,50
59301956,0.5,1,1,1.08818293,0.0161172152,0,0,0,15.9349623,-2.71147346,8.55048943,8.43486404,0,13.3309927,-2.71147346,10.0795898,0,,,,50
59303087,0.5,1,1,1.08818293,0.0161172152,0,0,0,15.9349623,-3.19967318,8.54747581,8.43275356,0,13.3238449,-3.19967318,9.99140739,0,,,,50
59304214,0.5,1,1,1.08818293,0.0241758227,0,0,0,15.9349623,-3.19967318,8.55953121,8.43275356,0,13.3238449,-3.19967318,9.99140739,0,,,,50
59305344,0.5,1,1,1.08818293,0.0241758227,0,0,0,15.9395075,-3.62868762,8.53542042,8.43064213,0.00714798551,13.3238449,-3.62868762,9.90322399,0,,,,50
59306476,0.5,1,1,1.08316076,0.0322344303,0,0,0,15.9304171,-3.62868762,8.55048943,8.43275356,0,13.3309927,-3.62868762,9.90322399,0,,,,50
59307607,0.5,1,1,1.08316076,0.0483516455,0,0,0,15.9349623,-3.99501348,8.55953121,8.43275356,0,13.3238449,-3.99501348,9.82006359,0,,,,50
59308734,0.5,1,1,1.08316076,0.0322344303,0,0,0,15.9304171,-3.99501348,8.52939224,8.43275356,0,13.3238449,-3.99501348,9.82006359,0,,,,50
59309865,0.5,1,1,1.06879795,0.056410253,0,0,0,15.9349623,-4.26682615,8.51733685,8.43275356,0,13.3309927,-4.26682615,9.75126553,0,,,,50
59310991,0.5,1,1,1.06879795,0.0644688606,0,0,0,15.9349623,-4.26682615,8.55953121,8.43064213,0,13.3309927,-4.26682615,9.75126553,0,,,,50
59312122,0.5,1,1,1.06879795,0.0644688606,0,0,0,15.9349623,-4.42512321,8.54747581,8.42008495,0,13.3309927,-4.42512321,9.68246746,0,,,,50
59313248,0.5,1,1,1.06879795,0.0644688606,0,0,0,15.9304171,-4.42512321,8.45103073,8.42219639,0,13.3309927,-4.42512321,9.68246746,0,,,,50
59314383,0.5,1,1,1.05508995,0.0644688606,0,0,0,15.9349623,-4.47236013,8.56254578,8.41375065,0,13.3309927,-4.47236013,9.62737751,0,,,,50
59315510,0.5,1,1,1.05508995,0.0402930379,0,0,0,15.9349623,-4.47236013,8.52035046,8.42641926,0,13.3238449,-4.47236013,9.62737751,0,,,,50
59316640,0.5,1,1,1.05508995,0.0161172152,0,0,0,15.9395075,-4.41719484,8.61679649,8.43275356,0,13.3166971,-4.41719484,9.57228851,0,,,,50
59317971,0.5,0,1,1.05508995,0,0,0,0,15.9349623,-4.41719484,8.59871292,8.43486404,0,13.3309927,-4.41719484,9.57228851,0,,,,50
59319102,0.5,0,1,1.05508995,0,0,0,0,15.9531422,-4.29609442,8.59569836,8.43697548,0,13.3309927,-4.29609442,9.51719856,0,,,,50
59320229,0.5,0,1,1.05508995,0,0,0,0,15.9167824,-4.29609442,8.58967113,8.43275356,0,13.3309927,-4.29609442,9.51719856,0,,,,50
59321360,0.5,1,1,1.05508995,0.0241758227,0,0,0,15.9349623,-4.14896202,8.52939224,8.42430782,0,13.3309927,-4.14896202,9.46210861,0,,,,50
59322491,0.5,0,1,1.05508995,0,0,0,0,15.9349623,-4.14896202,8.55048943,8.43064213,0,13.3238449,-4.14896202,9.46210861,0,,,,50
59323622,0.5,1,1,1.05508995,0.00805860758,0,0,0,15.9349623,-4.00038242,8.55953121,8.43064213,0,13.3309927,-4.00038242,9.40701866,0,,,,50
59324748,0.5,1,1,1.02303147,0.00805860758,0,0,0,15.9349623,-4.00038242,8.55953121,8.43064213,0,13.3309927,-4.00038242,9.40701866,0,,,,50
59325879,0.5,1,1,1.02303147,0.00805860758,0,0,0,15.9349623,-3.80514503,8.5565176,8.43064213,0,13.3309927,-3.80514503,9.38398647,0,,,,50
59327006,0.5,0,1,1.02303147,0,0,0,0,15.9349623,-3.80514503,8.57761478,8.42853069,0,13.3309927,-3.80514503,9.38398647,0,,,,50
59328136,0.5,0,1,1.02303147,0,0,0,0,15.9395075,-3.50474048,8.55953121,8.43064213,0,13.3238449,-3.50474048,9.36095524,0,,,,50
59329268,0.5,0,1,1.02355635,0,0,0,0,15.9395075,-3.50474048,8.58364296,8.42853069,0,13.3381405,-3.50474048,9.36095524,0,,,,50
59330398,0.5,0,1,1.02355635,0,0,0,0,15.9485979,-3.13170505,8.57460117,8.43064213,0,13.3309927,-3.13170505,9.33739948,0,,,,50
59331525,0.5,0,1,1.02355635,0,0,0,0,15.9304171,-3.13170505,8.58665657,8.42853069,0,13.3381405,-3.13170505,9.33739948,0,,,,50
59332655,0.5,0,1,1.02355635,0,0,0,0,15.9531422,-2.74426246,8.58062935,8.42219639,0,13.3309927,-2.74426246,9.31384277,0,,,,50
59333782,0.5,0,1,1.00587988,0,0,0,0,15.9304171,-2.74426246,8.56555939,8.42853069,0,13.3238449,-2.74426246,9.31384277,0,,,,50
59334914,0.5,0,1,1.00587988,0,0,0,0,15.9349623,-2.34286904,8.58967113,8.42008495,0,13.3166971,-2.34286904,9.30796337,0,,,,50
59336040,0.5,0,1,1.00587988,0,0,0,0,15.9349623,-2.34286904,8.58364296,8.42853069,0,13.3166971,-2.34286904,9.30796337,0,,,,50
59337175,0.5,0,1,1.00587988,0,0,0,0,15.9349623,-1.90859652,8.56555939,8.42853069,0,13.3238449,-1.90859652,9.30208302,0,,,,50
59338302,0.5,1,1,0.977298856,0.00805860758,0,0,0,15.9395075,-1.90859652,8.54144764,8.42641926,0,13.3309927,-1.90859652,9.30208302,0,,,,50
59339636,0.5,0,1,0.977298856,0,0,0,0,15.9304171,-1.41191137,8.58364296,8.43064213,0,13.3309927,-1.41191137,9.32478428,0,,,,50
59340763,0.5,0,1,0.977298856,0,0,0,0,15.9349623,-1.41191137,8.57460117,8.43064213,0,13.3309927,-1.41191137,9.32478428,0,,,,50
59341893,0.5,0,1,0.977298856,0,0,0,0,15.9395075,-0.827070832,8.568573,8.42641926,0,13.3309927,-0.827070832,9.34748554,0,,,,50
59343020,0.5,1,1,0.977298856,0.0161172152,0,0,0,15.9349623,-0.827070832,8.54747581,8.43064213,0,13.3166971,-0.827070832,9.34748554,0,,,,50
59344150,0.5,1,1,0.977298856,0.0161172152,0,0,0,15.9349623,-0.196938574,8.55350399,8.42853069,0,13.3238449,-0.196938574,9.37018681,0,,,,50
59345281,0.5,1,1,0.977298856,0.00805860758,0,0,0,15.9349623,-0.196938574,8.52035046,8.42008495,0,13.3309927,-0.196938574,9.37018681,0,,,,50
59346412,0.5,1,1,0.977298856,0.0161172152,0,0,0,15.9349623,0.420337141,8.53542042,8.42853069,0,13.3238449,0.420337141,9.39288712,0,,,,50
59347539,0.5,1,1,0.977298856,0.0322344303,0,0,0,15.9349623,0.420337141,8.53240585,8.42853069,0,13.3309927,0.420337141,9.39288712,0,,,,50
59348669,0.5,1,1,0.977298856,0.0402930379,0,0,0,15.9349623,0.99226433,8.58364296,8.42853069,0,13.3309927,0.99226433,9.41558838,0,,,,50
59349796,0.5,1,1,0.94255203,0.0402930379,0,0,0,15.9349623,0.99226433,8.54144764,8.42853069,0,13.3238449,0.99226433,9.41558838,0,,,,50
59350927,0.5,1,1,0.94255203,0.0322344303,0,0,0,15.9349623,1.56747115,8.52035046,8.42853069,0,13.3309927,1.56747115,9.47303677,0,,,,50
59352053,0.5,1,1,0.94255203,0.056410253,0,0,0,15.9349623,1.56747115,8.46308613,8.42853069,0,13.3095493,1.56747115,9.47303677,0,,,,50
59353189,0.5,1,1,0.94255203,0.0483516455,0,0,0,15.9304171,2.21216559,8.45103073,8.42008495,0,13.3238449,2.21216559,9.5304842,0,,,,50
59354315,0.5,1,1,0.94255203,0.0644688606,0,0,0,15.9349623,2.21216559,8.57158756,8.42219639,0,13.3238449,2.21216559,9.5304842,0,,,,50
59355446,0.5,1,1,0.900027692,0.0805860758,0,0,0,15.9304171,2.97552156,8.42691898,8.42430782,0,13.3309927,2.97552156,9.63045692,0,,,,50
59356572,0.5,0.916666687,1,0.900027692,0.0886446834,0.00805860758,0,0,15.9349623,2.97552156,8.49021149,8.40952778,0,13.3238449,2.97552156,9.63045692,0,,,,50
59357703,0.5,0.818181813,1,0.900027692,0.0725274682,0.0161172152,0,0,15.9349623,3.88821149,8.49925327,8.41163921,0,13.3095493,3.88821149,9.7304287,0,,,,50
59358830,0.5,0.769230783,1,0.900027692,0.0805860758,0.0241758227,0,0,15.9304171,3.88821149,8.48719788,8.39052582,0,13.3238449,3.88821149,9.7304287,0,,,,50
59360169,0.5,0.699999988,1,0.900027692,0.112820506,0.0483516455,0,0,15.9304171,4.88097858,8.4691143,8.36941242,0,13.3309927,4.88097858,9.83040142,0,,,,50
59361295,0.5,0.761904776,1,0.900027692,0.128937721,0.0402930379,0,0,15.9304171,4.88097858,8.46007252,8.38630295,0,13.3309927,4.88097858,9.83040142,0,,,,50
59362426,0.5,0.769230783,1,0.900027692,0.161172152,0.0483516455,0,0,15.9304171,5.86332941,8.43294716,8.37785816,0,13.3166971,5.86332941,9.93037319,0,,,,50
59363553,0.5,0.730769217,1,0.900027692,0.153113544,0.056410253,0,0,15.9258718,5.86332941,8.47514153,8.37363529,0,13.3238449,5.86332941,9.93037319,0,,,,50
59364683,0.5,0.583333313,1,0.900027692,0.169230759,0.120879114,0,0,15.9258718,6.78405142,8.23101425,8.34196472,0,13.3238449,6.78405142,10.0303459,0,,,,50
59365809,0.5,0.594594598,1,0.900027692,0.177289367,0.120879114,0,0,15.9304171,6.78405142,8.47815609,8.35674477,0,13.3238449,6.78405142,10.0303459,0,,,,50
59366940,0.5,0.534883738,1,0.927973628,0.185347974,0.161172152,0,0,15.9213276,7.56561422,8.40883541,8.3314085,0,13.3238449,7.56561422,10.1023722,0,,,,50
59368071,0.5,0.520833313,1,0.927973628,0.201465189,0.185347974,0,0,15.9213276,7.56561422,8.4058218,8.32085133,0,13.3024006,7.56561422,10.1023722,0,,,,50
59369202,0.5,0.540000021,1,0.927973628,0.217582405,0.185347974,0,0,15.9122372,8.14123249,8.39075184,8.31873989,0,13.3166971,8.14123249,10.1743984,0,,,,50
59370328,0.5,0.542372882,1,0.927973628,0.257875443,0.217582405,0,0,15.9122372,8.14123249,8.37568283,8.30818272,0,13.3166971,8.14123249,10.1743984,0,,,,50
59371459,0.5,0.550724626,1,0.927973628,0.306227088,0.249816835,0,0,15.9031467,8.53656673,8.33348751,8.28918076,0,13.3166971,8.53656673,10.2464247,0,,,,50
59372586,0.5,0.569620252,1,0.913734734,0.362637341,0.273992658,0,0,15.8986015,8.53656673,8.28827858,8.26595592,0,13.3095493,8.53656673,10.2464247,0,,,,50
59373716,0.5,0.551282048,1,0.913734734,0.346520126,0.282051265,0,0,15.8895121,8.83419514,8.30636215,8.26173306,0,13.2952528,8.83419514,10.3326893,0,,,,50
59374843,0.5,0.578313231,1,0.913734734,0.386813164,0.282051265,0,0,15.8895121,8.83419514,8.39075184,8.25962162,0,13.3095493,8.83419514,10.3326893,0,,,,50
59375979,0.5,0.542168677,1,0.927865684,0.362637341,0.306227088,0,0,15.8986015,9.07726097,8.28225136,8.27440166,0,13.3095493,9.07726097,10.4048243,0,,,,50
59377105,0.5,0.552631557,1,0.927865684,0.338461518,0.273992658,0,0,15.9031467,9.07726097,8.32745934,8.27440166,0,13.3095493,9.07726097,10.4048243,0,,,,50
59378236,0.5,0.557142854,1,0.927865684,0.314285696,0.249816835,0,0,15.907692,9.25252438,8.33951569,8.2976265,0,13.3095493,9.25252438,10.4769583,0,,,,50
59379363,0.5,0.569230795,1,0.927865684,0.29816848,0.225641012,0,0,15.907692,9.25252438,8.34855747,8.30818272,0,13.3166971,9.25252438,10.4769583,0,,,,50
59380493,0.5,0.567164183,1,0.927865684,0.306227088,0.23369962,0,0,15.907692,9.36734295,8.3425293,8.3039608,0,13.3166971,9.36734295,10.5490923,0,,,,50
59381824,0.5,0.55384618,1,0.927865684,0.290109873,0.23369962,0,0,15.907692,9.36734295,8.33951569,8.2976265,0,13.3166971,9.36734295,10.5490923,0,,,,50
59382954,0.5,0.54285717,1,0.927865684,0.306227088,0.257875443,0,0,15.9031467,9.44506931,8.3304739,8.29129219,0,13.3166971,9.44506931,10.6212263,0,,,,50
59384086,0.5,0.552238822,1,0.927865684,0.29816848,0.241758227,0,0,15.9031467,9.44506931,8.32745934,8.2976265,0,13.3166971,9.44506931,10.6212263,0,,,,50
59385216,0.5,0.558823526,1,0.935041606,0.306227088,0.241758227,0,0,15.9031467,9.48811531,8.34554291,8.28918076,0,13.3095493,9.48811531,10.6861849,0,,,,50
59386343,0.5,0.546666682,1,0.935041606,0.330402911,0.273992658,0,0,15.9031467,9.48811531,8.31239033,8.27440166,0,13.3095493,9.48811531,10.6861849,0,,,,50
59387474,0.5,0.560000002,1,0.935041606,0.338461518,0.26593405,0,0,15.8986015,9.49215698,8.30636215,8.28073597,0,13.3095493,9.49215698,10.7511425,0,,,,50
59388600,0.5,0.544303775,1,0.935041606,0.346520126,0.290109873,0,0,15.8986015,9.49215698,8.32745934,8.27862453,0,13.3095493,9.49215698,10.7511425,0,,,,50
59389731,0.5,0.533333361,1,0.94255203,0.322344303,0.282051265,0,0,15.9031467,9.45637608,8.31540394,8.27862453,0,13.3095493,9.45637608,10.8085909,0,,,,50
59390862,0.5,0.549295783,1,0.94255203,0.314285696,0.257875443,0,0,15.9031467,9.45637608,8.32745934,8.29129219,0,13.3166971,9.45637608,10.8085909,0,,,,50
59391993,0.5,0.540983617,1,0.94255203,0.26593405,0.225641012,0,0,15.907692,9.38221359,8.33951569,8.2976265,0,13.2952528,9.38221359,10.8660383,0,,,,50
59393119,0.5,0.555555582,1,0.965240717,0.282051265,0.225641012,0,0,15.907692,9.38221359,8.37266827,8.3039608,0,13.3166971,9.38221359,10.8660383,0,,,,50
59394250,0.5,0.532258093,1,0.965240717,0.26593405,0.23369962,0,0,15.907692,9.2444973,8.3425293,8.30607224,0,13.3166971,9.2444973,10.9007978,0,,,,50
59395376,0.5,0.569230795,1,0.965240717,0.29816848,0.225641012,0,0,15.9122372,9.2444973,8.34554291,8.3039608,0,13.3166971,9.2444973,10.9007978,0,,,,50
59396507,0.5,0.55737704,1,0.965240717,0.273992658,0.217582405,0,0,15.9122372,9.01571655,8.37266827,8.30184937,0,13.3166971,9.01571655,10.9355574,0,,,,50
59397633,0.5,0.571428597,1,1.00575304,0.290109873,0.217582405,0,0,15.907692,9.01571655,8.35157108,8.30818272,0,13.3166971,9.01571655,10.9355574,0,,,,50
59398769,0.5,0.569230795,1,1.00575304,0.29816848,0.225641012,0,0,15.907692,8.65201664,8.33951569,8.29973793,0,13.3024006,8.65201664,10.9298038,0,,,,50
59399895,0.5,0.546875,1,1.00575304,0.282051265,0.23369962,0,0,15.9122372,8.65201664,8.34855747,8.31240559,0,13.3166971,8.65201664,10.9298038,0,,,,50
59401026,0.5,0.55737704,1,1.04077804,0.273992658,0.217582405,0,0,15.9122372,8.05116653,8.36362648,8.31662846,0,13.3095493,8.05116653,10.8890257,0,,,,50
59402356,0.5,0.551724136,1,1.04077804,0.257875443,0.209523797,0,0,15.9122372,8.05116653,8.35759926,8.31662846,0,13.3095493,8.05116653,10.8890257,0,,,,50
59403487,0.5,0.553571403,1,1.04077804,0.249816835,0.201465189,0,0,15.9122372,7.20447969,8.36362648,8.31240559,0,13.3166971,7.20447969,10.8482475,0,,,,50
59404613,0.5,0.545454562,1,1.03631759,0.241758227,0.201465189,0,0,15.9167824,7.20447969,8.38472462,8.31873989,0,13.3238449,7.20447969,10.8482475,0,,,,50
59405744,0.5,0.579999983,1,1.03631759,0.23369962,0.169230759,0,0,15.9167824,6.23821497,8.38171005,8.33351898,0,13.3238449,6.23821497,10.8119297,0,,,,50
59406875,0.5,0.551020384,1,1.03631759,0.217582405,0.177289367,0,0,15.9258718,6.23821497,8.39075184,8.32718563,0,13.3238449,6.23821497,10.8119297,0,,,,50
59408007,0.5,0.536585391,1,1.03189516,0.177289367,0.153113544,0,0,15.9213276,5.2830677,8.43294716,8.33774185,0,13.3238449,5.2830677,10.780035,0,,,,50
59409133,0.5,0.628571451,1,1.03189516,0.177289367,0.104761899,0,0,15.9304171,5.2830677,8.46308613,8.3525219,0,13.3238449,5.2830677,10.780035,0,,,,50
59410264,0.5,0.620689631,1,1.03189516,0.145054936,0.0886446834,0,0,15.9304171,4.41020012,8.43294716,8.37363529,0,13.3238449,4.41020012,10.7481394,0,,,,50
59411390,0.5,0.692307711,1,1.03189516,0.145054936,0.0644688606,0,0,15.9304171,4.41020012,8.49021149,8.38419151,0,13.3095493,4.41020012,10.7481394,0,,,,50
59412521,0.5,0.761904776,1,1.07339871,0.128937721,0.0402930379,0,0,15.9349623,3.56560516,8.48418331,8.39686012,0,13.3238449,3.56560516,10.6747408,0,,,,50
59413647,0.5,0.772727251,1,1.07339871,0.136996329,0.0402930379,0,0,15.9304171,3.56560516,8.45404434,8.39474869,0,13.3095493,3.56560516,10.6747408,0,,,,50
59414784,0.5,0.809523821,1,1.07339871,0.136996329,0.0322344303,0,0,15.9304171,2.66584945,8.48418331,8.40319443,0,13.3238449,2.66584945,10.6013422,0,,,,50
59415911,0.5,0.8125,1,1.05915117,0.104761899,0.0241758227,0,0,15.9349623,2.66584945,8.47815609,8.42008495,0,13.3309927,2.66584945,10.6013422,0,,,,50
59417041,0.5,0.857142866,1,1.05915117,0.0967032909,0.0161172152,0,0,15.9349623,1.76869822,8.52637863,8.41797352,0,13.3166971,1.76869822,10.5421906,0,,,,50
59418167,0.5,0.846153855,1,1.05915117,0.0886446834,0.0161172152,0,0,15.9349623,1.76869822,8.52637863,8.4074173,0,13.3309927,1.76869822,10.5421906,0,,,,50
59419298,0.5,0.800000012,1,1.05915117,0.0644688606,0.0161172152,0,0,15.9349623,0.96738255,8.58364296,8.41586208,0,13.3238449,0.96738255,10.4830399,0,,,,50
59420425,0.5,0.800000012,1,1.06865478,0.0644688606,0.0161172152,0,0,15.9349623,0.96738255,8.53240585,8.42219639,0,13.3309927,0.96738255,10.4830399,0,,,,50
59421561,0.5,1,1,1.06865478,0.0483516455,0,0,0,15.9304171,0.265518486,8.5565176,8.42641926,0,13.3238449,0.265518486,10.4143848,0,,,,50
59422891,0.5,1,1,1.08803451,0.0402930379,0,0,0,15.9304171,0.265518486,8.52637863,8.42430782,0,13.3309927,0.265518486,10.4143848,0,,,,50
59424022,0.5,1,1,1.08803451,0.0402930379,0,0,0,15.9349623,-0.402840585,8.51432323,8.43064213,0,13.3238449,-0.402840585,10.3263502,0,,,,50
59425149,0.5,1,1,1.08803451,0.0322344303,0,0,0,15.9349623,-0.402840585,8.53240585,8.43486404,0,13.3238449,-0.402840585,10.3263502,0,,,,50
59426279,0.5,1,1,1.08803451,0.0402930379,0,0,0,15.9349623,-1.08176816,8.55350399,8.43486404,0,13.3166971,-1.08176816,10.2383156,0,,,,50
59427406,0.5,1,1,1.08981776,0.0241758227,0,0,0,15.9349623,-1.08176816,8.54747581,8.43486404,0,13.3309927,-1.08176816,10.2383156,0,,,,50
59428537,0.5,1,1,1.08981776,0.0322344303,0,0,0,15.9349623,-1.75374866,8.56555939,8.43486404,0,13.3238449,-1.75374866,10.1484985,0,,,,50
59429668,0.5,1,1,1.08981776,0.0161172152,0,0,0,15.9304171,-1.75374866,8.5565176,8.43486404,0,13.3309927,-1.75374866,10.1484985,0,,,,50
59430799,0.5,1,1,1.09821713,0.00805860758,0,0,0,15.9349623,-2.40608335,8.57761478,8.43275356,0,13.3238449,-2.40608335,10.0502815,0,,,,50
59431925,0.5,1,1,1.09821713,0.0241758227,0,0,0,15.9349623,-2.40608335,8.5565176,8.42853069,0,13.3238449,-2.40608335,10.0502815,0,,,,50
59433056,0.5,1,1,1.09821713,0.00805860758,0,0,0,15.9349623,-3.03890061,8.56254578,8.43275356,0,13.3166971,-3.03890061,9.95206451,0,,,,50
59434182,0.5,1,1,1.08922267,0.0161172152,0,0,0,15.9395075,-3.03890061,8.56555939,8.43275356,0,13.3309927,-3.03890061,9.95206451,0,,,,50
59435313,0.5,1,1,1.08922267,0.0161172152,0,0,0,15.9349623,-3.61956072,8.53843403,8.43275356,0,13.3309927,-3.61956072,9.86284161,0,,,,50
59436440,0.5,1,1,1.08922267,0.0241758227,0,0,0,15.9349623,-3.61956072,8.53542042,8.43275356,0,13.3309927,-3.61956072,9.86284161,0,,,,50
59437576,0.5,1,1,1.08803451,0.0322344303,0,0,0,15.9349623,-4.11144352,8.55048943,8.43275356,0,13.3309927,-4.11144352,9.77480698,0,,,,50
59438702,0.5,1,1,1.08803451,0.0322344303,0,0,0,15.9349623,-4.11144352,8.5444622,8.43275356,0,13.3309927,-4.11144352,9.77480698,0,,,,50
59439833,0.5,1,1,1.08803451,0.0483516455,0,0,0,15.9349623,-4.5142765,8.52035046,8.43275356,0,13.3309927,-4.5142765,9.68677235,0,,,,50
59440959,0.5,1,1,1.08803451,0.0644688606,0,0,0,15.9395075,-4.5142765,8.48418331,8.43064213,0,13.3095493,-4.5142765,9.68677235,0,,,,50
59442090,0.5,1,1,1.07080591,0.0402930379,0,0,0,15.9349623,-4.81337357,8.54747581,8.43064213,0,13.3309927,-4.81337357,9.6159668,0,,,,50
59443217,0.5,1,1,1.07080591,0.0725274682,0,0,0,15.9304171,-4.81337357,8.53843403,8.42853069,0,13.3238449,-4.81337357,9.6159668,0,,,,50
59444556,0.5,0.899999976,1,1.07080591,0.0725274682,0.00805860758,0,0,15.9349623,-4.98902655,8.50226688,8.42430782,0,13.3166971,-4.98902655,9.54516125,0,,,,50
59445682,0.5,1,1,1.03189516,0.056410253,0,0,0,15.9349623,-4.98902655,8.53240585,8.42641926,0,13.3309927,-4.98902655,9.54516125,0,,,,50
59446813,0.5,1,1,1.03189516,0.0322344303,0,0,0,15.9395075,-4.99699926,8.56555939,8.43064213,0,13.3238449,-4.99699926,9.51326561,0,,,,50
59447939,0.5,0,1,1.03189516,0,0,0,0,15.9440527,-4.99699926,8.59268475,8.43486404,0,13.3309927,-4.99699926,9.51326561,0,,,,50
59449070,0.5,0,1,1.03189516,0,0,0,0,15.9167824,-4.79788971,8.60172653,8.42641926,0,13.3166971,-4.79788971,9.48137093,0,,,,50
59450196,0.5,0,1,1.04981518,0,0,0,0,15.9531422,-4.79788971,8.59569836,8.43275356,0,13.3381405,-4.79788971,9.48137093,0,,,,50
59451327,0.5,0,1,1.04981518,0,0,0,0,15.9304171,-4.48643112,8.58967113,8.43064213,0,13.3309927,-4.48643112,9.43155575,0,,,,50
59452458,0.5,0,1,1.04981518,0,0,0,0,15.9304171,-4.48643112,8.58364296,8.42641926,0,13.3238449,-4.48643112,9.43155575,0,,,,50
59453589,0.5,1,1,1.04981518,0.00805860758,0,0,0,15.9395075,-4.18582296,8.53843403,8.43064213,0,13.3309927,-4.18582296,9.38174057,0,,,,50
59454715,0.5,1,1,1.04981518,0.00805860758,0,0,0,15.9349623,-4.18582296,8.568573,8.43064213,0,13.3309927,-4.18582296,9.38174057,0,,,,50
59455846,0.5,0,1,1.04981518,0,0,0,0,15.9349623,-3.93338585,8.56555939,8.42853069,0,13.3309927,-3.93338585,9.33192539,0,,,,50
59456973,0.5,1,1,1.02434468,0.00805860758,0,0,0,15.9349623,-3.93338585,8.5565176,8.43064213,0,13.3238449,-3.93338585,9.33192539,0,,,,50
59458103,0.5,1,1,1.02434468,0.0161172152,0,0,0,15.9349623,-3.6811974,8.57158756,8.43064213,0,13.3309927,-3.6811974,9.30758095,0,,,,50
59459229,0.5,0,1,1.02434468,0,0,0,0,15.9349623,-3.6811974,8.57460117,8.43064213,0,13.3309927,-3.6811974,9.30758095,0,,,,50
59460365,0.5,0,1,1.02434468,0,0,0,0,15.9395075,-3.37365842,8.57158756,8.43064213,0,13.3238449,-3.37365842,9.28323555,0,,,,50
59461491,0.5,0,1,1.0143187,0,0,0,0,15.9349623,-3.37365842,8.59268475,8.43064213,0,13.3381405,-3.37365842,9.28323555,0,,,,50
59462621,0.5,0,1,1.0143187,0,0,0,0,15.9349623,-3.0101881,8.58665657,8.43064213,0,13.3309927,-3.0101881,9.26891708,0,,,,50
59463748,0.5,0,1,1.0143187,0,0,0,0,15.9304171,-3.0101881,8.58665657,8.42853069,0,13.3309927,-3.0101881,9.26891708,0,,,,50
59465084,0.5,0,1,0.992987275,0,0,0,0,15.9485979,-2.57053638,8.58665657,8.42853069,0,13.3166971,-2.57053638,9.27592945,0,,,,50
59466210,0.5,0,1,0.992987275,0,0,0,0,15.9213276,-2.57053638,8.58665657,8.42853069,0,13.3381405,-2.57053638,9.27592945,0,,,,50
59467341,0.5,0,1,0.992987275,0,0,0,0,15.9395075,-2.04240131,8.58665657,8.42853069,0,13.3452892,-2.04240131,9.28294277,0,,,,50
59468472,0.5,0,1,0.992987275,0,0,0,0,15.9304171,-2.04240131,8.58665657,8.42853069,0,13.3452892,-2.04240131,9.28294277,0,,,,50
59469602,0.5,0,1,0.98114419,0,0,0,0,15.9349623,-1.45204425,8.58364296,8.43064213,0,13.3381405,-1.45204425,9.30179882,0,,,,50
59470729,0.5,0,1,0.98114419,0,0,0,0,15.9485979,-1.45204425,8.58364296,8.42853069,0,13.3309927,-1.45204425,9.30179882,0,,,,50
59471859,0.5,0,1,0.98114419,0,0,0,0,15.9349623,-0.828212738,8.58665657,8.42430782,0,13.3309927,-0.828212738,9.32065392,0,,,,50
59472986,0.5,0,1,0.98114419,0,0,0,0,15.9213276,-0.828212738,8.57761478,8.42853069,0,13.3238449,-0.828212738,9.32065392,0,,,,50
59474117,0.5,1,1,0.95736599,0.00805860758,0,0,0,15.9349623,-0.166965723,8.55953121,8.42853069,0,13.3309927,-0.166965723,9.36328793,0,,,,50
59475248,0.5,1,1,0.95736599,0.00805860758,0,0,0,15.9349623,-0.166965723,8.57761478,8.42853069,0,13.3238449,-0.166965723,9.36328793,0,,,,50
59476379,0.5,0,1,0.95736599,0,0,0,0,15.9349623,0.545184076,8.58364296,8.43064213,0,13.3309927,0.545184076,9.40592194,0,,,,50
59477505,0.5,1,1,0.935151219,0.0161172152,0,0,0,15.9349623,0.545184076,8.5444622,8.42853069,0,13.3309927,0.545184076,9.40592194,0,,,,50
59478636,0.5,1,1,0.935151219,0.0402930379,0,0,0,15.9304171,1.31061792,8.53542042,8.42853069,0,13.3238449,1.31061792,9.47077084,0,,,,50
59479762,0.5,1,1,0.935151219,0.0402930379,0,0,0,15.9349623,1.31061792,8.58967113,8.42430782,0,13.3309927,1.31061792,9.47077084,0,,,,50
59480893,0.5,1,1,0.935151219,0.056410253,0,0,0,15.9349623,2.12644076,8.49925327,8.42219639,0,13.3238449,2.12644076,9.53561974,0,,,,50
59482020,0.5,1,1,0.93089658,0.056410253,0,0,0,15.9304171,2.12644076,8.51733685,8.42008495,0,13.3238449,2.12644076,9.53561974,0,,,,50
59483155,0.5,0.818181813,1,0.93089658,0.0725274682,0.0161172152,0,0,15.9349623,2.95525026,8.47815609,8.41163921,0,13.3309927,2.95525026,9.60472298,0,,,,50
59484282,0.5,0.800000012,1,0.93089658,0.0644688606,0.0161172152,0,0,15.9304171,2.95525026,8.43897438,8.38841438,0,13.3309927,2.95525026,9.60472298,0,,,,50
59485413,0.5,0.818181813,1,0.93089658,0.0725274682,0.0161172152,0,0,15.9304171,3.75559807,8.48418331,8.40108299,0,13.3166971,3.75559807,9.67382622,0,,,,50
59486743,0.5,0.733333349,1,0.935041606,0.0886446834,0.0322344303,0,0,15.9304171,3.75559807,8.4932251,8.38419151,0,13.3309927,3.75559807,9.67382622,0,,,,50
59487874,0.5,0.722222209,1,0.935041606,0.104761899,0.0402930379,0,0,15.9304171,4.49008465,8.47212791,8.39263725,0,13.3238449,4.49008465,9.73878479,0,,,,50
59489000,0.5,0.684210539,1,0.935041606,0.104761899,0.0483516455,0,0,15.9349623,4.49008465,8.45705795,8.39052582,0,13.3309927,4.49008465,9.73878479,0,,,,50
59490131,0.5,0.695652187,1,0.935041606,0.128937721,0.056410253,0,0,15.9258718,5.13219023,8.42089176,8.37363529,0,13.3238449,5.13219023,9.80374336,0,,,,50
59491262,0.5,0.666666687,1,0.931331158,0.145054936,0.0725274682,0,0,15.9304171,5.13219023,8.48719788,8.37363529,0,13.3238449,5.13219023,9.80374336,0,,,,50
59492393,0.5,0.633333325,1,0.931331158,0.153113544,0.0886446834,0,0,15.9304171,5.68698597,8.45404434,8.37363529,0,13.3238449,5.68698597,9.87241173,0,,,,50
59493520,0.5,0.628571451,1,0.931331158,0.177289367,0.104761899,0,0,15.9304171,5.68698597,8.26416779,8.36096668,0,13.3166971,5.68698597,9.87241173,0,,,,50
59494650,0.5,0.699999988,1,0.920905411,0.225641012,0.0967032909,0,0,15.9304171,6.19083786,8.52637863,8.34829903,0,13.3238449,6.19083786,9.95150661,0,,,,50
59495777,0.5,0.588235319,1,0.920905411,0.161172152,0.112820506,0,0,15.9258718,6.19083786,8.30334854,8.35463333,0,13.3238449,6.19083786,9.95150661,0,,,,50
59496908,0.5,0.555555582,1,0.920905411,0.201465189,0.161172152,0,0,15.9304171,6.67267656,8.43596077,8.34196472,0,13.3095493,6.67267656,10.0306005,0,,,,50
59498034,0.5,0.547619045,1,0.920905411,0.185347974,0.153113544,0,0,15.9258718,6.67267656,8.40280819,8.40108299,0,13.3095493,6.67267656,10.0306005,0,,,,50
59499170,0.5,0.568965495,1,0.931766152,0.26593405,0.201465189,0,0,15.9122372,7.10742712,8.36362648,8.31451702,0,13.3166971,7.10742712,10.098834,0,,,,50
59500296,0.5,0.543859661,1,0.931766152,0.249816835,0.209523797,0,0,15.9122372,7.10742712,8.38773823,8.31240559,0,13.3238449,7.10742712,10.098834,0,,,,50
59501427,0.5,0.54285717,1,0.931766152,0.306227088,0.257875443,0,0,15.8940573,7.46054077,8.32444572,8.27862453,0,13.3095493,7.46054077,10.1670685,0,,,,50
59502553,0.5,0.556962013,1,0.931766152,0.354578733,0.282051265,0,0,15.9031467,7.46054077,8.31540394,8.27440166,0,13.3024006,7.46054077,10.1670685,0,,,,50
59503684,0.5,0.527027011,1,0.931766152,0.314285696,0.282051265,0,0,15.9031467,7.73724937,8.31841755,8.28284645,0,13.3166971,7.73724937,10.235302,0,,,,50
59504811,0.5,0.54411763,1,0.931766152,0.29816848,0.249816835,0,0,15.907692,7.73724937,8.33650112,8.29340363,0,13.3166971,7.73724937,10.235302,0,,,,50
59505946,0.5,0.551724136,1,0.931766152,0.257875443,0.209523797,0,0,15.9167824,7.95704746,8.37869644,8.31029415,0,13.3166971,7.95704746,10.3035355,0,,,,50
59507277,0.5,0.535714269,1,0.931766152,0.241758227,0.209523797,0,0,15.9167824,7.95704746,8.39075184,8.32718563,0,13.3238449,7.95704746,10.3035355,0,,,,50
59508407,0.5,0.579999983,1,0.931766152,0.23369962,0.169230759,0,0,15.9122372,8.13471508,8.40280819,8.32718563,0,13.3166971,8.13471508,10.371769,0,,,,50
59509534,0.5,0.584905684,1,0.931766152,0.249816835,0.177289367,0,0,15.9122372,8.13471508,8.38171005,8.31873989,0,13.3238449,8.13471508,10.371769,0,,,,50
59510664,0.5,0.547169805,1,0.931766152,0.23369962,0.193406582,0,0,15.9167824,8.28147125,8.4058218,8.31451702,0,13.3166971,8.28147125,10.4400034,0,,,,50
59511791,0.5,0.579999983,1,0.935151219,0.23369962,0.169230759,0,0,15.9167824,8.28147125,8.39075184,8.3250742,0,13.3166971,8.28147125,10.4400034,0,,,,50
59512922,0.5,0.553571403,1,0.935151219,0.249816835,0.201465189,0,0,15.907692,8.39949131,8.36664104,8.31240559,0,13.3166971,8.39949131,10.5048523,0,,,,50
59514053,0.5,0.540983617,1,0.935151219,0.26593405,0.225641012,0,0,15.9122372,8.39949131,8.3425293,8.30607224,0,13.3024006,8.39949131,10.5048523,0,,,,50
59515184,0.5,0.551724136,1,0.935151219,0.257875443,0.209523797,0,0,15.9122372,8.48813343,8.37266827,8.31451702,0,13.3166971,8.48813343,10.5697002,0,,,,50
59516310,0.5,0.534482777,1,0.949618578,0.249816835,0.217582405,0,0,15.9122372,8.48813343,8.36362648,8.31029415,0,13.3166971,8.48813343,10.5697002,0,,,,50
59517441,0.5,0.54838711,1,0.949618578,0.273992658,0.225641012,0,0,15.9122372,8.52823925,8.34855747,8.3039608,0,13.3166971,8.52823925,10.6200819,0,,,,50
59518567,0.5,0.534482777,1,0.949618578,0.249816835,0.217582405,0,0,15.9122372,8.52823925,8.37568283,8.31451702,0,13.3166971,8.52823925,10.6200819,0,,,,50
59519698,0.5,0.566037714,1,0.98114419,0.241758227,0.185347974,0,0,15.9122372,8.44096756,8.37266827,8.32085133,0,13.3166971,8.44096756,10.638938,0,,,,50
59520825,0.5,0.563636363,1,0.98114419,0.249816835,0.193406582,0,0,15.9167824,8.44096756,8.38171005,8.31662846,0,13.3238449,8.44096756,10.638938,0,,,,50
59521960,0.5,0.553571403,1,0.98114419,0.249816835,0.201465189,0,0,15.9122372,8.18053913,8.36965466,8.3250742,0,13.3166971,8.18053913,10.657793,0,,,,50
59523086,0.5,0.566037714,1,0.98114419,0.241758227,0.185347974,0,0,15.9167824,8.18053913,8.38171005,8.3250742,0,13.3166971,8.18053913,10.657793,0,,,,50
59524217,0.5,0.560000002,1,0.989293933,0.225641012,0.177289367,0,0,15.9122372,7.78954172,8.4058218,8.32929707,0,13.3166971,7.78954172,10.668499,0,,,,50
59525344,0.5,0.53191489,1,0.989293933,0.201465189,0.177289367,0,0,15.9213276,7.78954172,8.3937664,8.33563042,0,13.3166971,7.78954172,10.668499,0,,,,50
59526474,0.5,0.566037714,1,0.989293933,0.241758227,0.185347974,0,0,15.9167824,7.32541895,8.38773823,8.3250742,0,13.3166971,7.32541895,10.6792049,0,,,,50
59527805,0.5,0.571428597,1,0.997455657,0.225641012,0.169230759,0,0,15.9213276,7.32541895,8.40883541,8.3314085,0,13.3238449,7.32541895,10.6792049,0,,,,50
59528936,0.5,0.555555582,1,0.997455657,0.201465189,0.161172152,0,0,15.9213276,6.82546043,8.38472462,8.34618759,0,13.3166971,6.82546043,10.6817493,0,,,,50
59530067,0.5,0.558139563,1,0.997455657,0.193406582,0.153113544,0,0,15.9213276,6.82546043,8.45705795,8.34618759,0,13.3024006,6.82546043,10.6817493,0,,,,50
59531197,0.5,0.590909064,1,0.997455657,0.209523797,0.145054936,0,0,15.9258718,6.31318808,8.4058218,8.34407616,0,13.3238449,6.31318808,10.6842937,0,,,,50
59532324,0.5,0.609756112,1,1.04064226,0.201465189,0.128937721,0,0,15.9258718,6.31318808,8.42089176,8.33774185,0,13.3238449,6.31318808,10.6842937,0,,,,50
59533455,0.5,0.578947365,1,1.04064226,0.177289367,0.128937721,0,0,15.9304171,5.73768806,8.28526497,8.35463333,0,13.3238449,5.73768806,10.643651,0,,,,50
59534581,0.5,0.627906978,1,1.04064226,0.217582405,0.128937721,0,0,15.9304171,5.73768806,8.568573,8.35041046,0,13.3309927,5.73768806,10.643651,0,,,,50
59535712,0.5,0.629629612,1,1.02290034,0.136996329,0.0805860758,0,0,15.9304171,5.06758499,8.28225136,8.37363529,0,13.3309927,5.06758499,10.6207514,0,,,,50
59536843,0.5,0.677419364,1,1.02290034,0.169230759,0.0805860758,0,0,15.9304171,5.06758499,8.55953121,8.36941242,0,13.3238449,5.06758499,10.6207514,0,,,,50
59537974,0.5,0.678571403,1,1.02290034,0.153113544,0.0725274682,0,0,15.9349623,4.38930655,8.41184998,8.3799696,0,13.3238449,4.38930655,10.5978508,0,,,,50
59539100,0.5,0.703703701,1,1.02290034,0.153113544,0.0644688606,0,0,15.9304171,4.38930655,8.45404434,8.38841438,0,13.3309927,4.38930655,10.5978508,0,,,,50
59540231,0.5,0.789473712,1,1.03645217,0.120879114,0.0322344303,0,0,15.9304171,3.74178505,8.4691143,8.4074173,0,13.3238449,3.74178505,10.5613985,0,,,,50
59541358,0.5,0.761904776,1,1.03645217,0.128937721,0.0402930379,0,0,15.9304171,3.74178505,8.46609974,8.4074173,0,13.3166971,3.74178505,10.5613985,0,,,,50
59542488,0.5,0.764705896,1,1.03645217,0.104761899,0.0322344303,0,0,15.9349623,3.11123157,8.50226688,8.40952778,0,13.3309927,3.11123157,10.5249462,0,,,,50
59543615,0.5,0.764705896,1,1.04995334,0.104761899,0.0322344303,0,0,15.9304171,3.11123157,8.47514153,8.40319443,0,13.3309927,3.11123157,10.5249462,0,,,,50
59544750,0.5,0.769230783,1,1.04995334,0.0805860758,0.0241758227,0,0,15.9349623,2.48849201,8.51130867,8.41375065,0,13.3309927,2.48849201,10.4749928,0,,,,50
59545876,0.5,0.727272749,1,1.04995334,0.0644688606,0.0241758227,0,0,15.9304171,2.48849201,8.53240585,8.41163921,0,13.3309927,2.48849201,10.4749928,0,,,,50
59547007,0.5,0.699999988,1,1.04995334,0.056410253,0.0241758227,0,0,15.9349623,1.86737657,8.46007252,8.40530586,0,13.3309927,1.86737657,10.4250393,0,,,,50
59548133,0.5,0.666666687,1,1.04077804,0.0483516455,0.0241758227,0,0,15.9349623,1.86737657,8.52939224,8.4074173,0,13.3238449,1.86737657,10.4250393,0,,,,50
59549468,0.5,0.75,1,1.04077804,0.0483516455,0.0161172152,0,0,15.9304171,1.28580451,8.54747581,8.40530586,0,13.3309927,1.28580451,10.3842611,0,,,,50
59550594,0.5,0.75,1,1.04077804,0.0483516455,0.0161172152,0,0,15.9304171,1.28580451,8.5565176,8.40952778,0,13.3309927,1.28580451,10.3842611,0,,,,50
59551725,0.5,0.857142866,1,1.04995334,0.0483516455,0.00805860758,0,0,15.9349623,0.770653546,8.50528145,8.41586208,0,13.3309927,0.770653546,10.3343077,0,,,,50
59552857,0.5,1,1,1.04995334,0.0402930379,0,0,0,15.9349623,0.770653546,8.53843403,8.42008495,0,13.3238449,0.770653546,10.3343077,0,,,,50
59553987,0.5,1,1,1.04995334,0.0322344303,0,0,0,15.9349623,0.306169987,8.50226688,8.42219639,0,13.3309927,0.306169987,10.2843542,0,,,,50
59555114,0.5,1,1,1.04077804,0.0402930379,0,0,0,15.9349623,0.306169987,8.55048943,8.42430782,0,13.3238449,0.306169987,10.2843542,0,,,,50
59556244,0.5,1,1,1.04077804,0.0402930379,0,0,0,15.9304171,-0.0959604755,8.51130867,8.42430782,0,13.3309927,-0.0959604755,10.243577,0,,,,50
59557371,0.5,1,1,1.04077804,0.0402930379,0,0,0,15.9349623,-0.0959604755,8.51130867,8.43275356,0,13.3238449,-0.0959604755,10.243577,0,,,,50
59558502,0.5,1,1,1.04995334,0.0402930379,0,0,0,15.9349623,-0.429982126,8.53542042,8.43486404,0,13.3309927,-0.429982126,10.1936235,0,,,,50
59559628,0.5,1,1,1.04995334,0.0322344303,0,0,0,15.9349623,-0.429982126,8.58364296,8.43697548,0,13.3309927,-0.429982126,10.1936235,0,,,,50
59560764,0.5,1,1,1.04995334,0.0241758227,0,0,0,15.9304171,-0.72391367,8.54144764,8.42641926,0,13.3309927,-0.72391367,10.1436701,0,,,,50
59561890,0.5,1,1,1.04995334,0.0241758227,0,0,0,15.9349623,-0.72391367,8.45103073,8.43064213,0,13.3166971,-0.72391367,10.1436701,0,,,,50
59563021,0.5,1,1,1.04541397,0.0322344303,0,0,0,15.9349623,-0.981091797,8.4932251,8.43275356,0,13.3238449,-0.981091797,10.0982561,0,,,,50
59564147,0.5,1,1,1.04541397,0.0402930379,0,0,0,15.9349623,-0.981091797,8.53240585,8.43275356,0,13.3238449,-0.981091797,10.0982561,0,,,,50
59565278,0.5,1,1,1.04541397,0.0241758227,0,0,0,15.9349623,-1.19089723,8.56254578,8.43486404,0,13.3309927,-1.19089723,10.0528421,0,,,,50
59566405,0.5,1,1,1.03176177,0.0241758227,0,0,0,15.9395075,-1.19089723,8.55350399,8.43486404,0,13.3309927,-1.19089723,10.0528421,0,,,,50
59567540,0.5,1,1,1.03176177,0.0161172152,0,0,0,15.9349623,-1.33327162,8.57460117,8.43275356,0,13.3309927,-1.33327162,10.02108,0,,,,50
59568667,0.5,1,1,1.03176177,0.0241758227,0,0,0,15.9395075,-1.33327162,8.56555939,8.43275356,0,13.3309927,-1.33327162,10.02108,0,,,,50
59570001,0.5,1,1,1.03176177,0.0322344303,0,0,0,15.9349623,-1.39072073,8.55048943,8.43275356,0,13.3309927,-1.39072073,9.98931885,0,,,,50
59571128,0.5,1,1,1.036183,0.0322344303,0,0,0,15.9349623,-1.39072073,8.54144764,8.43275356,0,13.3309927,-1.39072073,9.98931885,0,,,,50
59572258,0.5,1,1,1.036183,0.0322344303,0,0,0,15.9349623,-1.39169478,8.53240585,8.42853069,0,13.3238449,-1.39169478,9.95313549,0,,,,50
59573385,0.5,1,1,1.036183,0.0241758227,0,0,0,15.9349623,-1.39169478,8.52637863,8.43275356,0,13.3166971,-1.39169478,9.95313549,0,,,,50
59574515,0.5,1,1,1.036183,0.0241758227,0,0,0,15.9349623,-1.37568092,8.59569836,8.43275356,0,13.3309927,-1.37568092,9.91695213,0,,,,50
59575647,0.5,1,1,1.036183,0.0322344303,0,0,0,15.9349623,-1.37568092,8.5444622,8.43275356,0,13.3309927,-1.37568092,9.91695213,0,,,,50
59576778,0.5,1,1,1.036183,0.0161172152,0,0,0,15.9349623,-1.35835254,8.55048943,8.43064213,0,13.3309927,-1.35835254,9.88076973,0,,,,50
59577904,0.5,1,1,1.036183,0.0322344303,0,0,0,15.9349623,-1.35835254,8.53240585,8.43064213,0,13.3238449,-1.35835254,9.88076973,0,,,,50
59579035,0.5,1,1,1.036183,0.0241758227,0,0,0,15.9349623,-1.34412658,8.57460117,8.43064213,0,13.3166971,-1.34412658,9.84458637,0,,,,50
59580161,0.5,1,1,1.036183,0.0241758227,0,0,0,15.9349623,-1.34412658,8.5565176,8.43064213,0,13.3238449,-1.34412658,9.84458637,0,,,,50
59581292,0.5,0,1,1.036183,0,0,0,0,15.9349623,-1.33540988,8.57158756,8.43064213,0,13.3166971,-1.33540988,9.80840397,0,,,,50
59582418,0.5,0,1,1.04077804,0,0,0,0,15.9349623,-1.33540988,8.57460117,8.43064213,0,13.3238449,-1.33540988,9.80840397,0,,,,50
59583554,0.5,0,1,1.04077804,0,0,0,0,15.9349623,-1.34177673,8.57158756,8.43064213,0,13.3238449,-1.34177673,9.76762581,0,,,,50
59584680,0.5,1,1,1.04077804,0.00805860758,0,0,0,15.9349623,-1.34177673,8.52939224,8.43064213,0,13.3238449,-1.34177673,9.76762581,0,,,,50
59585811,0.5,1,1,1.04077804,0.00805860758,0,0,0,15.9349623,-1.37286294,8.5565176,8.42853069,0,13.3309927,-1.37286294,9.72684765,0,,,,50
59586937,0.5,1,1,1.00791276,0.00805860758,0,0,0,15.9349623,-1.37286294,8.59268475,8.43064213,0,13.3309927,-1.37286294,9.72684765,0,,,,50
59588068,0.5,1,1,1.00791276,0.00805860758,0,0,0,15.9349623,-1.36323988,8.53843403,8.43064213,0,13.3095493,-1.36323988,9.71893501,0,,,,50
59589195,0.5,1,1,1.00791276,0.0161172152,0,0,0,15.9349623,-1.36323988,8.56555939,8.43064213,0,13.3095493,-1.36323988,9.71893501,0,,,,50
59590330,0.5,1,1,1.00587988,0.0161172152,0,0,0,15.9349623,-1.23275697,8.568573,8.43064213,0,13.3238449,-1.23275697,9.71305466,0,,,,50
59591660,0.5,1,1,1.00587988,0.0161172152,0,0,0,15.9349623,-1.23275697,8.5565176,8.43064213,0,13.3095493,-1.23275697,9.71305466,0,,,,50
59592791,0.5,1,1,1.00587988,0.00805860758,0,0,0,15.9349623,-1.00074434,8.5444622,8.43064213,0,13.3238449,-1.00074434,9.70717525,0,,,,50
59593917,0.5,0,1,1.00587988,0,0,0,0,15.9349623,-1.00074434,8.57761478,8.42853069,0,13.3309927,-1.00074434,9.70717525,0,,,,50
59595048,0.5,0,1,0.991383433,0,0,0,0,15.9349623,-0.696731567,8.568573,8.42853069,0,13.3166971,-0.696731567,9.7157917,0,,,,50
59596174,0.5,1,1,0.991383433,0.00805860758,0,0,0,15.9349623,-0.696731567,8.568573,8.43064213,0,13.3309927,-0.696731567,9.7157917,0,,,,50
59597305,0.5,1,1,0.991383433,0.00805860758,0,0,0,15.9304171,-0.328209609,8.568573,8.42853069,0,13.3095493,-0.328209609,9.72440815,0,,,,50
59598436,0.5,1,1,0.973127484,0.0161172152,0,0,0,15.9395075,-0.328209609,8.55350399,8.43064213,0,13.3309927,-0.328209609,9.72440815,0,,,,50
59599567,0.5,1,1,0.973127484,0.00805860758,0,0,0,15.9304171,0.103780024,8.56555939,8.42853069,0,13.3309927,0.103780024,9.75128078,0,,,,50
59600693,0.5,1,1,0.973127484,0.0241758227,0,0,0,15.9349623,0.103780024,8.53542042,8.42853069,0,13.3238449,0.103780024,9.75128078,0,,,,50
59601824,0.5,1,1,0.973127484,0.0241758227,0,0,0,15.9258718,0.599239111,8.53843403,8.42853069,0,13.3166971,0.599239111,9.77815342,0,,,,50
59602950,0.5,1,1,0.9612872,0.0322344303,0,0,0,15.9349623,0.599239111,8.49021149,8.43064213,0,13.3309927,0.599239111,9.77815342,0,,,,50
59604081,0.5,1,1,0.9612872,0.0402930379,0,0,0,15.9304171,1.14282799,8.51130867,8.42853069,0,13.3095493,1.14282799,9.81686592,0,,,,50
59605208,0.5,1,1,0.9612872,0.0805860758,0,0,0,15.9395075,1.14282799,8.51432323,8.43064213,0,13.3238449,1.14282799,9.81686592,0,,,,50
59606343,0.5,1,1,0.9612872,0.0483516455,0,0,0,15.9304171,1.71618974,8.51432323,8.42430782,0,13.3238449,1.71618974,9.85557842,0,,,,50
59607470,0.5,1,1,0.9612872,0.0483516455,0,0,0,15.9349623,1.71618974,8.52035046,8.42219639,0,13.3238449,1.71618974,9.85557842,0,,,,50
59608601,0.5,1,1,0.9612872,0.056410253,0,0,0,15.9349623,2.28532791,8.53843403,8.41797352,0,13.3024006,2.28532791,9.89429092,0,,,,50
59609727,0.5,0.888888896,1,0.9612872,0.0644688606,0.00805860758,0,0,15.9349623,2.28532791,8.49021149,8.40952778,0,13.3309927,2.28532791,9.89429092,0,,,,50
59610858,0.5,0.909090936,1,0.9612872,0.0805860758,0.00805860758,0,0,15.9349623,2.81823325,8.49623966,8.41375065,0,13.3309927,2.81823325,9.93300438,0,,,,50
59612188,0.5,0.875,1,0.9612872,0.056410253,0.00805860758,0,0,15.9304171,2.81823325,8.59871292,8.40952778,0,13.3309927,2.81823325,9.93300438,0,,,,50
59613319,0.5,0.769230783,1,0.9612872,0.0805860758,0.0241758227,0,0,15.9349623,3.29882932,8.48719788,8.38419151,0,13.3238449,3.29882932,9.97171688,0,,,,50
59614450,0.5,0.800000012,1,0.9612872,0.0967032909,0.0241758227,0,0,15.9349623,3.29882932,8.50528145,8.38630295,0,13.3095493,3.29882932,9.97171688,0,,,,50
59615581,0.5,0.75,1,0.920692921,0.0967032909,0.0322344303,0,0,15.9349623,3.7965157,8.48719788,8.39897156,0,13.3309927,3.7965157,10.0510235,0,,,,50
59616708,0.5,0.8125,1,0.920692921,0.104761899,0.0241758227,0,0,15.9349623,3.7965157,8.46308613,8.40108299,0,13.3238449,3.7965157,10.0510235,0,,,,50
59617838,0.5,0.739130437,1,0.920692921,0.136996329,0.0483516455,0,0,15.9304171,4.39507914,8.45705795,8.39686012,0,13.3238449,4.39507914,10.130331,0,,,,50
59618965,0.5,0.761904776,1,0.920692921,0.128937721,0.0402930379,0,0,15.9304171,4.39507914,8.43897438,8.38841438,0,13.3238449,4.39507914,10.130331,0,,,,50
59620096,0.5,0.75,1,0.927865684,0.120879114,0.0402930379,0,0,15.9304171,5.04890251,8.42390537,8.39263725,0,13.3238449,5.04890251,10.2024651,0,,,,50
59621227,0.5,0.777777791,1,0.927865684,0.169230759,0.0483516455,0,0,15.9349623,5.04890251,8.4178772,8.39686012,0,13.3238449,5.04890251,10.2024651,0,,,,50
59622358,0.5,0.666666687,1,0.927865684,0.128937721,0.0644688606,0,0,15.9304171,5.67686462,8.46007252,8.38630295,0,13.3238449,5.67686462,10.2745991,0,,,,50
59623484,0.5,0.583333313,1,0.957595706,0.112820506,0.0805860758,0,0,15.9258718,5.67686462,8.49021149,8.35674477,0,13.3238449,5.67686462,10.2745991,0,,,,50
59624615,0.5,0.611111104,1,0.957595706,0.177289367,0.112820506,0,0,15.9304171,6.19209528,8.42993259,8.36518955,0,13.3309927,6.19209528,10.3170033,0,,,,50
59625741,0.5,0.611111104,1,0.957595706,0.177289367,0.112820506,0,0,15.9304171,6.19209528,8.58364296,8.36307812,0,13.3238449,6.19209528,10.3170033,0,,,,50
59626872,0.5,0.586956501,1,0.957595706,0.217582405,0.153113544,0,0,15.9167824,6.52646494,8.42691898,8.32929707,0,13.3238449,6.52646494,10.3594074,0,,,,50
59627998,0.5,0.568627477,1,0.942218184,0.23369962,0.177289367,0,0,15.9167824,6.52646494,8.39075184,8.3250742,0,13.3166971,6.52646494,10.3594074,0,,,,50
59629134,0.5,0.555555582,1,0.942218184,0.282051265,0.225641012,0,0,15.907692,6.7349925,8.32444572,8.29973793,0,13.3166971,6.7349925,10.4171896,0,,,,50
59630260,0.5,0.55384618,1,0.942218184,0.290109873,0.23369962,0,0,15.907692,6.7349925,8.34554291,8.29340363,0,13.3166971,6.7349925,10.4171896,0,,,,50
59631391,0.5,0.569230795,1,0.942218184,0.29816848,0.225641012,0,0,15.9122372,6.90617228,8.33951569,8.29973793,0,13.288105,6.90617228,10.4749708,0,,,,50
59632517,0.5,0.55384618,1,0.927865684,0.290109873,0.23369962,0,0,15.9122372,6.90617228,8.34554291,8.30607224,0,13.3095493,6.90617228,10.4749708,0,,,,50
59633852,0.5,0.57407409,1,0.927865684,0.249816835,0.185347974,0,0,15.9167824,7.09172201,8.38171005,8.32085133,0,13.3238449,7.09172201,10.5471058,0,,,,50
59634978,0.5,0.571428597,1,0.927865684,0.225641012,0.169230759,0,0,15.9213276,7.09172201,8.38773823,8.3314085,0,13.3238449,7.09172201,10.5471058,0,,,,50
59636109,0.5,0.553191483,1,0.927865684,0.209523797,0.169230759,0,0,15.9167824,7.32001972,8.41486359,8.3314085,0,13.3238449,7.32001972,10.6192398,0,,,,50
59637240,0.5,0.574468076,1,0.942774713,0.217582405,0.161172152,0,0,15.9304171,7.32001972,8.42089176,8.33774185,0,13.3238449,7.32001972,10.6192398,0,,,,50
59638371,0.5,0.581395328,1,0.942774713,0.201465189,0.145054936,0,0,15.9258718,7.55097818,8.43294716,8.34618759,0,13.3238449,7.55097818,10.676465,0,,,,50
59639497,0.5,0.591836751,1,0.942774713,0.23369962,0.161172152,0,0,15.9213276,7.55097818,8.39979362,8.34196472,0,13.3238449,7.55097818,10.676465,0,,,,50
59640628,0.5,0.553191483,1,0.965124071,0.209523797,0.169230759,0,0,15.9167824,7.68803501,8.39678001,8.33985329,0,13.3166971,7.68803501,10.7113409,0,,,,50
59641755,0.5,0.522727251,1,0.965124071,0.185347974,0.169230759,0,0,15.9213276,7.68803501,8.39979362,8.34618759,0,13.3238449,7.68803501,10.7113409,0,,,,50
59642885,0.5,0.551020384,1,0.965124071,0.217582405,0.177289367,0,0,15.9167824,7.68415165,8.3937664,8.33774185,0,13.3238449,7.68415165,10.7462168,0,,,,50
59644012,0.5,0.543478251,1,0.965124071,0.201465189,0.169230759,0,0,15.9167824,7.68415165,8.39678001,8.32718563,0,13.3095493,7.68415165,10.7462168,0,,,,50
59645147,0.5,0.576923072,1,0.965824902,0.241758227,0.177289367,0,0,15.9167824,7.5766449,8.36965466,8.3250742,0,13.3238449,7.5766449,10.7803917,0,,,,50
59646274,0.5,0.568627477,1,0.965824902,0.23369962,0.177289367,0,0,15.9213276,7.5766449,8.39075184,8.32929707,0,13.3166971,7.5766449,10.7803917,0,,,,50
59647405,0.5,0.557692289,1,0.965824902,0.23369962,0.185347974,0,0,15.9167824,7.41660261,8.39678001,8.32929707,0,13.3166971,7.41660261,10.8145666,0,,,,50
59648531,0.5,0.529411793,1,0.973246217,0.217582405,0.193406582,0,0,15.9213276,7.41660261,8.40883541,8.3314085,0,13.3166971,7.41660261,10.8145666,0,,,,50
59649662,0.5,0.571428597,1,0.973246217,0.225641012,0.169230759,0,0,15.9213276,7.22415829,8.4058218,8.33774185,0,13.3238449,7.22415829,10.84132,0,,,,50
59650788,0.5,0.5625,1,0.973246217,0.217582405,0.169230759,0,0,15.9213276,7.22415829,8.4178772,8.33985329,0,13.3166971,7.22415829,10.84132,0,,,,50
59651923,0.5,0.594594598,1,0.973246217,0.177289367,0.120879114,0,0,15.9258718,7.00556612,8.42390537,8.33985329,0,13.3238449,7.00556612,10.8680735,0,,,,50
59653050,0.5,0.536585391,1,1.00499308,0.177289367,0.153113544,0,0,15.9258718,7.00556612,8.42089176,8.33774185,0,13.3095493,7.00556612,10.8680735,0,,,,50
59654385,0.5,0.560975611,1,1.00499308,0.185347974,0.145054936,0,0,15.9304171,6.7207675,8.38171005,8.35674477,0,13.3238449,6.7207675,10.863081,0,,,,50
59655511,0.5,0.547619045,1,1.00499308,0.185347974,0.153113544,0,0,15.9258718,6.7207675,8.44198895,8.34829903,0,13.3166971,6.7207675,10.863081,0,,,,50
59656642,0.5,0.585365832,1,1.0143187,0.193406582,0.136996329,0,0,15.9304171,6.30643606,8.43294716,8.36518955,0,13.3238449,6.30643606,10.8487616,0,,,,50
59657769,0.5,0.527777791,1,1.0143187,0.153113544,0.136996329,0,0,15.9213276,6.30643606,8.46609974,8.31029415,0,13.3309927,6.30643606,10.8487616,0,,,,50
59658899,0.5,0.578947365,1,1.0143187,0.177289367,0.128937721,0,0,15.9258718,5.78197241,8.4691143,8.33563042,0,13.3238449,5.78197241,10.8344431,0,,,,50
59660031,0.5,0.583333313,1,1.0143187,0.169230759,0.120879114,0,0,15.9213276,5.78197241,8.43596077,8.40530586,0,13.3238449,5.78197241,10.8344431,0,,,,50
59661161,0.5,0.5,1,1.03242922,0.104761899,0.104761899,0,0,15.9258718,5.18293905,8.43596077,8.36518955,0,13.3309927,5.18293905,10.8020134,0,,,,50
59662288,0.5,0.642857134,1,1.03242922,0.217582405,0.120879114,0,0,15.9349623,5.18293905,8.42691898,8.37785816,0,13.3238449,5.18293905,10.8020134,0,,,,50
59663418,0.5,0.600000024,1,1.03242922,0.120879114,0.0805860758,0,0,15.9258718,4.52429438,8.4932251,8.38419151,0,13.3238449,4.52429438,10.7695847,0,,,,50
59664545,0.5,0.678571403,1,1.04077804,0.153113544,0.0725274682,0,0,15.9304171,4.52429438,8.48418331,8.38630295,0,13.3238449,4.52429438,10.7695847,0,,,,50
59665676,0.5,0.727272749,1,1.04077804,0.128937721,0.0483516455,0,0,15.9304171,3.83601689,8.46609974,8.38630295,0,13.3309927,3.83601689,10.7288065,0,,,,50
59666802,0.5,0.772727251,1,1.04077804,0.136996329,0.0402930379,0,0,15.9349623,3.83601689,8.45705795,8.39686012,0,13.3238449,3.83601689,10.7288065,0,,,,50
59667937,0.5,0.777777791,1,1.04953909,0.112820506,0.0322344303,0,0,15.9349623,3.13119078,8.50829506,8.40952778,0,13.3381405,3.13119078,10.6792669,0,,,,50
59669064,0.5,0.777777791,1,1.04953909,0.112820506,0.0322344303,0,0,15.9304171,3.13119078,8.4932251,8.40108299,0,13.3095493,3.13119078,10.6792669,0,,,,50
59670194,0.5,0.714285731,1,1.04953909,0.0805860758,0.0322344303,0,0,15.9304171,2.42387629,8.51733685,8.41797352,0,13.3238449,2.42387629,10.6297283,0,,,,50
59671321,0.5,0.75,1,1.06865478,0.0725274682,0.0241758227,0,0,15.9349623,2.42387629,8.51432323,8.39474869,0,13.3309927,2.42387629,10.6297283,0,,,,50
59672452,0.5,0.727272749,1,1.06865478,0.0644688606,0.0241758227,0,0,15.9304171,1.71181524,8.53542042,8.40530586,0,13.3309927,1.71181524,10.5610733,0,,,,50
59673578,0.5,0.727272749,1,1.06865478,0.0644688606,0.0241758227,0,0,15.9349623,1.71181524,8.52637863,8.41586208,0,13.3238449,1.71181524,10.5610733,0,,,,50
59674913,0.5,0.666666687,1,1.06865478,0.0483516455,0.0241758227,0,0,15.9349623,0.982195854,8.54747581,8.41163921,0,13.3309927,0.982195854,10.4924183,0,,,,50
59676045,0.5,0.714285731,1,1.04527712,0.0402930379,0.0161172152,0,0,15.9349623,0.982195854,8.5444622,8.42430782,0,13.3166971,0.982195854,10.4924183,0,,,,50
59677176,0.5,0.800000012,1,1.04527712,0.0322344303,0.00805860758,0,0,15.9349623,0.307019949,8.53843403,8.41797352,0,13.3309927,0.307019949,10.4471416,0,,,,50
59678302,0.5,0.833333313,1,1.04527712,0.0402930379,0.00805860758,0,0,15.9349623,0.307019949,8.52336502,8.43486404,0,13.3238449,0.307019949,10.4471416,0,,,,50
59679433,0.5,1,1,1.03189516,0.0241758227,0,0,0,15.9395075,-0.204547301,8.56555939,8.43697548,0,13.3238449,-0.204547301,10.415246,0,,,,50
59680559,0.5,1,1,1.03189516,0.0322344303,0,0,0,15.9304171,-0.204547301,8.52939224,8.43064213,0,13.3309927,-0.204547301,10.415246,0,,,,50
59681690,0.5,1,1,1.03189516,0.0322344303,0,0,0,15.9304171,-0.528066278,8.56254578,8.43697548,0,13.3238449,-0.528066278,10.3833513,0,,,,50
59682822,0.5,1,1,1.03189516,0.0322344303,0,0,0,15.9304171,-0.528066278,8.53240585,8.43486404,0,13.3309927,-0.528066278,10.3833513,0,,,,50
59683952,0.5,1,1,1.03631759,0.0322344303,0,0,0,15.9349623,-0.719064295,8.56555939,8.43486404,0,13.3309927,-0.719064295,10.3470335,0,,,,50
59685079,0.5,1,1,1.03631759,0.0322344303,0,0,0,15.9349623,-0.719064295,8.5444622,8.43486404,0,13.3095493,-0.719064295,10.3470335,0,,,,50
59686209,0.5,1,1,1.03631759,0.0322344303,0,0,0,15.9395075,-0.83699584,8.53240585,8.43486404,0,13.3238449,-0.83699584,10.3107157,0,,,,50
59687336,0.5,1,1,1.04077804,0.0241758227,0,0,0,15.9349623,-0.83699584,8.55350399,8.43275356,0,13.3309927,-0.83699584,10.3107157,0,,,,50
59688467,0.5,1,1,1.04077804,0.0322344303,0,0,0,15.9349623,-0.920916259,8.52939224,8.43697548,0,13.3309927,-0.920916259,10.2699385,0,,,,50
59689593,0.5,1,1,1.04077804,0.0241758227,0,0,0,15.9349623,-0.920916259,8.57158756,8.43275356,0,13.3309927,-0.920916259,10.2699385,0,,,,50
59690729,0.5,1,1,1.04077804,0.0322344303,0,0,0,15.9395075,-0.995775342,8.53843403,8.43275356,0,13.3309927,-0.995775342,10.2291603,0,,,,50
59691855,0.5,1,1,1.03631759,0.0322344303,0,0,0,15.9304171,-0.995775342,8.55048943,8.43064213,0,13.3309927,-0.995775342,10.2291603,0,,,,50
59692986,0.5,1,1,1.03631759,0.0241758227,0,0,0,15.9349623,-1.06019545,8.52336502,8.43486404,0,13.3095493,-1.06019545,10.1928425,0,,,,50
59694113,0.5,1,1,1.03631759,0.0322344303,0,0,0,15.9349623,-1.06019545,8.57158756,8.43275356,0,13.3095493,-1.06019545,10.1928425,0,,,,50
59695243,0.5,1,1,1.03631759,0.0241758227,0,0,0,15.9304171,-1.10438335,8.53240585,8.43064213,0,13.3309927,-1.10438335,10.1565247,0,,,,50
59696574,0.5,1,1,1.03631759,0.0241758227,0,0,0,15.9349623,-1.10438335,8.52336502,8.43275356,0,13.3238449,-1.10438335,10.1565247,0,,,,50
59697704,0.5,1,1,1.03631759,0.0241758227,0,0,0,15.9349623,-1.13218367,8.55350399,8.43275356,0,13.3309927,-1.13218367,10.1202068,0,,,,50
59698836,0.5,1,1,1.03631759,0.0322344303,0,0,0,15.9349623,-1.13218367,8.54747581,8.43064213,0,13.3309927,-1.13218367,10.1202068,0,,,,50
59699966,0.5,1,1,1.03631759,0.0241758227,0,0,0,15.9349623,-1.15162671,8.5565176,8.43275356,0,13.3309927,-1.15162671,10.08389,0,,,,50
59701093,0.5,1,1,1.03631759,0.0241758227,0,0,0,15.9349623,-1.15162671,8.52939224,8.42641926,0,13.3309927,-1.15162671,10.08389,0,,,,50
59702224,0.5,1,1,1.04077804,0.0161172152,0,0,0,15.9304171,-1.17611551,8.5444622,8.43064213,0,13.3309927,-1.17611551,10.0431118,0,,,,50
59703350,0.5,1,1,1.04077804,0.0241758227,0,0,0,15.9349623,-1.17611551,8.52637863,8.43064213,0,13.3309927,-1.17611551,10.0431118,0,,,,50
59704481,0.5,1,1,1.04077804,0.0241758227,0,0,0,15.9349623,-1.21798587,8.51130867,8.43064213,0,13.3309927,-1.21798587,10.0023336,0,,,,50
59705607,0.5,1,1,1.04077804,0.0161172152,0,0,0,15.9349623,-1.21798587,8.5444622,8.43064213,0,13.3309927,-1.21798587,10.0023336,0,,,,50
59706742,0.5,1,1,1.00638735,0.0161172152,0,0,0,15.9395075,-1.21125543,8.56555939,8.43064213,0,13.3309927,-1.21125543,9.99594593,0,,,,50
59707869,0.5,1,1,1.00638735,0.00805860758,0,0,0,15.9349623,-1.21125543,8.568573,8.43064213,0,13.3309927,-1.21125543,9.99594593,0,,,,50
59709000,0.5,0,1,1.00638735,0,0,0,0,15.9349623,-1.0781939,8.58062935,8.43064213,0,13.3309927,-1.0781939,9.98955917,0,,,,50
59710126,0.5,0,1,1.00638735,0,0,0,0,15.9395075,-1.0781939,8.56555939,8.43275356,0,13.3309927,-1.0781939,9.98955917,0,,,,50
59711256,0.5,0,1,0.997455657,0,0,0,0,15.9304171,-0.828334808,8.58364296,8.43064213,0,13.3238449,-0.828334808,9.99210358,0,,,,50
59712383,0.5,1,1,0.997455657,0.0161172152,0,0,0,15.9349623,-0.828334808,8.5565176,8.43064213,0,13.3309927,-0.828334808,9.99210358,0,,,,50
59713518,0.5,1,1,0.997455657,0.00805860758,0,0,0,15.9349623,-0.501486063,8.55048943,8.42853069,0,13.3309927,-0.501486063,9.99464798,0,,,,50
59714645,0.5,1,1,0.996832669,0.0161172152,0,0,0,15.9349623,-0.501486063,8.568573,8.42430782,0,13.3381405,-0.501486063,9.99464798,0,,,,50
59715776,0.5,1,1,0.996832669,0.00805860758,0,0,0,15.9349623,-0.140391186,8.568573,8.43064213,0,13.3309927,-0.140391186,9.99781513,0,,,,50
59717106,0.5,1,1,0.996832669,0.0241758227,0,0,0,15.9349623,-0.140391186,8.57158756,8.43064213,0,13.3309927,-0.140391186,9.99781513,0,,,,50
59718237,0.5,1,1,0.997455657,0.0241758227,0,0,0,15.9440527,0.218083993,8.54747581,8.43275356,0,13.3238449,0.218083993,10.0003595,0,,,,50
59719364,0.5,1,1,0.997455657,0.0322344303,0,0,0,15.9349623,0.218083993,8.568573,8.43064213,0,13.3309927,0.218083993,10.0003595,0,,,,50
59720494,0.5,1,1,0.997455657,0.0161172152,0,0,0,15.9304171,0.551050484,8.58967113,8.42853069,0,13.3309927,0.551050484,10.0029039,0,,,,50
59721626,0.5,1,1,0.997455657,0.0241758227,0,0,0,15.9349623,0.551050484,8.55048943,8.42853069,0,13.3309927,0.551050484,10.0029039,0,,,,50
59722756,0.5,1,1,0.997455657,0.0483516455,0,0,0,15.9304171,0.847375631,8.52336502,8.42853069,0,13.3309927,0.847375631,10.0054483,0,,,,50
59723883,0.5,1,1,0.997455657,0.0402930379,0,0,0,15.9349623,0.847375631,8.53240585,8.42853069,0,13.3309927,0.847375631,10.0054483,0,,,,50
59725013,0.5,1,1,0.997455657,0.0402930379,0,0,0,15.9349623,1.10362518,8.53843403,8.42430782,0,13.3238449,1.10362518,10.0079918,0,,,,50
59726140,0.5,1,1,0.997455657,0.0483516455,0,0,0,15.9349623,1.10362518,8.53843403,8.42853069,0,13.3238449,1.10362518,10.0079918,0,,,,50
59727270,0.5,1,1,0.989293933,0.0644688606,0,0,0,15.9349623,1.33551204,8.49021149,8.42219639,0,13.3309927,1.33551204,10.0186977,0,,,,50
59728397,0.5,1,1,0.989293933,0.056410253,0,0,0,15.9349623,1.33551204,8.49623966,8.41797352,0,13.3309927,1.33551204,10.0186977,0,,,,50
59729532,0.5,1,1,0.989293933,0.0483516455,0,0,0,15.9349623,1.56267536,8.49021149,8.42008495,0,13.3309927,1.56267536,10.0294046,0,,,,50
59730658,0.5,1,1,0.989293933,0.056410253,0,0,0,15.9304171,1.56267536,8.51130867,8.42008495,0,13.3095493,1.56267536,10.0294046,0,,,,50
59731789,0.5,1,1,0.961171389,0.0725274682,0,0,0,15.9349623,1.83403778,8.50829506,8.40530586,0,13.3238449,1.83403778,10.0682325,0,,,,50
59732916,0.5,1,1,0.961171389,0.0483516455,0,0,0,15.9349623,1.83403778,8.49623966,8.4074173,0,13.3095493,1.83403778,10.0682325,0,,,,50
59734047,0.5,0.888888896,1,0.961171389,0.0644688606,0.00805860758,0,0,15.9349623,2.1973691,8.45103073,8.41797352,0,13.3166971,2.1973691,10.1070614,0,,,,50
59735173,0.5,0.888888896,1,0.942329407,0.0644688606,0.00805860758,0,0,15.9304171,2.1973691,8.50829506,8.40530586,0,13.3238449,2.1973691,10.1070614,0,,,,50
59736309,0.5,0.899999976,1,0.942329407,0.0725274682,0.00805860758,0,0,15.9304171,2.65801215,8.49623966,8.39897156,0,13.3238449,2.65801215,10.164732,0,,,,50
59737435,0.5,0.833333313,1,0.942329407,0.0805860758,0.0161172152,0,0,15.9395075,2.65801215,8.4691143,8.40108299,0,13.3238449,2.65801215,10.164732,0,,,,50
59738770,0.5,0.75,1,0.942329407,0.0725274682,0.0241758227,0,0,15.9304171,3.20362568,8.49021149,8.40952778,0,13.3309927,3.20362568,10.2224026,0,,,,50
59739897,0.5,0.785714269,1,0.943332016,0.0886446834,0.0241758227,0,0,15.9304171,3.20362568,8.48719788,8.40319443,0,13.3238449,3.20362568,10.2224026,0,,,,50
59741027,0.5,0.733333349,1,0.943332016,0.0886446834,0.0322344303,0,0,15.9349623,3.78560591,8.4811697,8.39263725,0,13.3166971,3.78560591,10.2790709,0,,,,50
59742154,0.5,0.800000012,1,0.943332016,0.0967032909,0.0241758227,0,0,15.9304171,3.78560591,8.47815609,8.38841438,0,13.3238449,3.78560591,10.2790709,0,,,,50
59743285,0.5,0.695652187,1,0.943332016,0.128937721,0.056410253,0,0,15.9395075,4.3523407,8.43294716,8.37152386,0,13.3238449,4.3523407,10.3357382,0,,,,50
59744416,0.5,0.761904776,1,0.943332016,0.128937721,0.0402930379,0,0,15.9304171,4.3523407,8.45705795,8.39052582,0,13.3309927,4.3523407,10.3357382,0,,,,50
59745547,0.5,0.708333313,1,0.943332016,0.136996329,0.056410253,0,0,15.9304171,4.87698793,8.46308613,8.38208103,0,13.3238449,4.87698793,10.3924065,0,,,,50
59746673,0.5,0.653846145,1,0.943332016,0.136996329,0.0725274682,0,0,15.9304171,4.87698793,8.46007252,8.3799696,0,13.3238449,4.87698793,10.3924065,0,,,,50
59747804,0.5,0.699999988,1,0.943332016,0.169230759,0.0725274682,0,0,15.9349623,5.34778547,8.44801617,8.37574673,0,13.3238449,5.34778547,10.4490738,0,,,,50
59748930,0.5,0.625,1,0.943332016,0.161172152,0.0967032909,0,0,15.9258718,5.34778547,8.48719788,8.36307812,0,13.3238449,5.34778547,10.4490738,0,,,,50
59750061,0.5,0.588235319,1,0.943332016,0.161172152,0.112820506,0,0,15.9304171,5.761343,8.48418331,8.33985329,0,13.3095493,5.761343,10.5057421,0,,,,50
59751188,0.5,0.658536613,1,0.943332016,0.217582405,0.112820506,0,0,15.9258718,5.761343,8.41486359,8.33774185,0,13.3238449,5.761343,10.5057421,0,,,,50
59752323,0.5,0.540000021,1,0.949957848,0.217582405,0.185347974,0,0,15.9167824,6.10704184,8.39075184,8.31873989,0,13.3238449,6.10704184,10.5557842,0,,,,50
59753450,0.5,0.529411793,1,0.949957848,0.217582405,0.193406582,0,0,15.9122372,6.10704184,8.36965466,8.32929707,0,13.3166971,6.10704184,10.5557842,0,,,,50
59754580,0.5,0.55737704,1,0.949957848,0.273992658,0.217582405,0,0,15.9122372,6.37576342,8.36362648,8.29973793,0,13.3166971,6.37576342,10.6058264,0,,,,50
59755707,0.5,0.581818163,1,0.949957848,0.257875443,0.185347974,0,0,15.9122372,6.37576342,8.36664104,8.31873989,0,13.3166971,6.37576342,10.6058264,0,,,,50
59756837,0.5,0.571428597,1,0.947026491,0.225641012,0.169230759,0,0,15.9213276,6.58471441,8.41184998,8.32718563,0,13.3238449,6.58471441,10.6587992,0,,,,50
59757964,0.5,0.59523809,1,0.947026491,0.201465189,0.136996329,0,0,15.9258718,6.58471441,8.42993259,8.33985329,0,13.3238449,6.58471441,10.6587992,0,,,,50
59759299,0.5,0.571428597,1,0.947026491,0.193406582,0.145054936,0,0,15.9258718,6.75795841,8.44500256,8.33774185,0,13.3238449,6.75795841,10.7117729,0,,,,50
59760430,0.5,0.543478251,1,0.957595706,0.201465189,0.169230759,0,0,15.9258718,6.75795841,8.43897438,8.33985329,0,13.3238449,6.75795841,10.7117729,0,,,,50
59761561,0.5,0.558139563,1,0.957595706,0.193406582,0.153113544,0,0,15.9213276,6.88663006,8.43897438,8.33774185,0,13.3238449,6.88663006,10.7541771,0,,,,50
59762687,0.5,0.56410259,1,0.957595706,0.177289367,0.136996329,0,0,15.9304171,6.88663006,8.42691898,8.31662846,0,13.3238449,6.88663006,10.7541771,0,,,,50
59763818,0.5,0.59523809,1,0.957595706,0.201465189,0.136996329,0,0,15.9213276,6.9536624,8.38472462,8.34829903,0,13.3238449,6.9536624,10.7965813,0,,,,50
59764944,0.5,0.571428597,1,0.964424133,0.193406582,0.145054936,0,0,15.9213276,6.9536624,8.40280819,8.32929707,0,13.3238449,6.9536624,10.7965813,0,,,,50
59766075,0.5,0.547619045,1,0.964424133,0.185347974,0.153113544,0,0,15.9213276,6.95982552,8.41486359,8.34829903,0,13.3024006,6.95982552,10.8321571,0,,,,50
59767206,0.5,0.568181813,1,0.964424133,0.201465189,0.153113544,0,0,15.9213276,6.95982552,8.38472462,8.33351898,0,13.3238449,6.95982552,10.8321571,0,,,,50
59768337,0.5,0.558139563,1,0.964424133,0.193406582,0.153113544,0,0,15.9258718,6.91319942,8.43294716,8.33563042,0,13.3238449,6.91319942,10.867733,0,,,,50
59769463,0.5,0.536585391,1,0.98102355,0.177289367,0.153113544,0,0,15.9258718,6.91319942,8.40883541,8.33985329,0,13.3238449,6.91319942,10.867733,0,,,,50
59770594,0.5,0.613636374,1,0.98102355,0.217582405,0.136996329,0,0,15.9258718,6.80339432,8.4691143,8.34407616,0,13.3095493,6.80339432,10.8867092,0,,,,50
59771721,0.5,0.647058845,1,0.98102355,0.177289367,0.0967032909,0,0,15.9213276,6.80339432,8.45103073,8.32718563,0,13.3166971,6.80339432,10.8867092,0,,,,50
59772851,0.5,0.5625,1,0.985141397,0.217582405,0.169230759,0,0,15.9304171,6.60976315,8.43897438,8.34618759,0,13.3238449,6.60976315,10.9015675,0,,,,50
59773978,0.5,0.605263174,1,0.985141397,0.185347974,0.120879114,0,0,15.9258718,6.60976315,8.44500256,8.34407616,0,13.3238449,6.60976315,10.9015675,0,,,,50
59775113,0.5,0.558139563,1,0.985141397,0.193406582,0.153113544,0,0,15.9304171,6.35148859,8.4058218,8.37574673,0,13.3238449,6.35148859,10.9164267,0,,,,50
59776240,0.5,0.515151501,1,0.985141397,0.136996329,0.128937721,0,0,15.9258718,6.35148859,8.58967113,8.34829903,0,13.3238449,6.35148859,10.9164267,0,,,,50
59777370,0.5,0.612903237,1,0.997331023,0.153113544,0.0967032909,0,0,15.9304171,6.04640245,8.4058218,8.36307812,0,13.3238449,6.04640245,10.919095,0,,,,50
59778497,0.5,0.628571451,1,0.997331023,0.177289367,0.104761899,0,0,15.9304171,6.04640245,8.33348751,8.36518955,0,13.3238449,6.04640245,10.919095,0,,,,50
59779832,0.5,0.566666663,1,0.997331023,0.136996329,0.104761899,0,0,15.9304171,5.69857693,8.37568283,8.36730099,0,13.3238449,5.69857693,10.9217644,0,,,,50
59780958,0.5,0.558823526,1,0.997455657,0.153113544,0.120879114,0,0,15.9304171,5.69857693,8.3304739,8.36518955,0,13.3309927,5.69857693,10.9217644,0,,,,50
59782089,0.5,0.555555582,1,0.997455657,0.120879114,0.0967032909,0,0,15.9304171,5.33511829,8.38773823,8.36307812,0,13.3238449,5.33511829,10.9243088,0,,,,50
59783221,0.5,0.555555582,1,0.997455657,0.120879114,0.0967032909,0,0,15.9304171,5.33511829,8.32444572,8.36941242,0,13.3309927,5.33511829,10.9243088,0,,,,50
59784351,0.5,0.607142866,1,0.997455657,0.136996329,0.0886446834,0,0,15.9304171,4.98556519,8.45705795,8.37785816,0,13.3238449,4.98556519,10.9268532,0,,,,50
59785478,0.5,0.714285731,1,0.997580349,0.161172152,0.0644688606,0,0,15.9349623,4.98556519,8.53542042,8.3799696,0,13.3238449,4.98556519,10.9268532,0,,,,50
59786609,0.5,0.730769217,1,0.997580349,0.153113544,0.056410253,0,0,15.9304171,4.66597891,8.4811697,8.40319443,0,13.3238449,4.66597891,10.9292727,0,,,,50
59787735,0.5,0.708333313,1,0.997580349,0.136996329,0.056410253,0,0,15.9304171,4.66597891,8.46007252,8.39263725,0,13.3238449,4.66597891,10.9292727,0,,,,50
59788866,0.5,0.727272749,1,1.01859152,0.128937721,0.0483516455,0,0,15.9304171,4.34471941,8.46007252,8.4074173,0,13.3238449,4.34471941,10.9106808,0,,,,50
59789992,0.5,0.772727251,1,1.01859152,0.136996329,0.0402930379,0,0,15.9304171,4.34471941,8.47815609,8.39263725,0,13.3238449,4.34471941,10.9106808,0,,,,50
59791128,0.5,0.800000012,1,1.01859152,0.128937721,0.0322344303,0,0,15.9349623,3.98066258,8.46609974,8.40319443,0,13.3238449,3.98066258,10.8920889,0,,,,50
59792254,0.5,0.777777791,1,1.01859152,0.112820506,0.0322344303,0,0,15.9349623,3.98066258,8.50528145,8.4074173,0,13.3238449,3.98066258,10.8920889,0,,,,50
59793385,0.5,0.823529422,1,1.0143187,0.112820506,0.0241758227,0,0,15.9304171,3.59928751,8.51130867,8.40319443,0,13.3309927,3.59928751,10.8777704,0,,,,50
59794512,0.5,0.8125,1,1.0143187,0.104761899,0.0241758227,0,0,15.9349623,3.59928751,8.47212791,8.40108299,0,13.3309927,3.59928751,10.8777704,0,,,,50
59795642,0.5,0.764705896,1,1.0143187,0.104761899,0.0322344303,0,0,15.9349623,3.24355531,8.48719788,8.4074173,0,13.3309927,3.24355531,10.863452,0,,,,50
59796769,0.5,0.75,1,1.0143187,0.0967032909,0.0322344303,0,0,15.9349623,3.24355531,8.4932251,8.40319443,0,13.3238449,3.24355531,10.863452,0,,,,50
59797904,0.5,0.857142866,1,1.0143187,0.0967032909,0.0161172152,0,0,15.9304171,2.92861772,8.47815609,8.4074173,0,13.3309927,2.92861772,10.8491325,0,,,,50
59799031,0.5,0.692307711,1,1.0143187,0.0725274682,0.0322344303,0,0,15.9304171,2.92861772,8.51733685,8.39897156,0,13.3166971,2.92861772,10.8491325,0,,,,50
59800161,0.5,0.75,1,1.0143187,0.0725274682,0.0241758227,0,0,15.9304171,2.65605307,8.47815609,8.41586208,0,13.3309927,2.65605307,10.8348141,0,,,,50
59801492,0.5,0.733333349,1,1.0143187,0.0886446834,0.0322344303,0,0,15.9349623,2.65605307,8.51733685,8.39897156,0,13.3309927,2.65605307,10.8348141,0,,,,50
59802622,0.5,0.75,1,1.0143187,0.0725274682,0.0241758227,0,0,15.9349623,2.42412186,8.44500256,8.39474869,0,13.3309927,2.42412186,10.8204956,0,,,,50
59803750,0.5,0.727272749,1,1.0143187,0.0644688606,0.0241758227,0,0,15.9349623,2.42412186,8.47514153,8.4074173,0,13.3238449,2.42412186,10.8204956,0,,,,50
59804880,0.5,0.600000024,1,1.04541397,0.0483516455,0.0322344303,0,0,15.9304171,2.17151189,8.53240585,8.40108299,0,13.3309927,2.17151189,10.7750816,0,,,,50
59806012,0.5,0.75,1,1.04541397,0.0725274682,0.0241758227,0,0,15.9304171,2.17151189,8.58665657,8.40530586,0,13.3238449,2.17151189,10.7750816,0,,,,50
59807143,0.5,0.75,1,1.04541397,0.0725274682,0.0241758227,0,0,15.9304171,1.82980812,8.4691143,8.40108299,0,13.3309927,1.82980812,10.7296677,0,,,,50
59808269,0.5,0.636363626,1,1.00587988,0.056410253,0.0322344303,0,0,15.9349623,1.82980812,8.52035046,8.40530586,0,13.3238449,1.82980812,10.7296677,0,,,,50
59809400,0.5,0.666666687,1,1.00587988,0.0483516455,0.0241758227,0,0,15.9349623,1.49543917,8.53843403,8.41163921,0,13.3309927,1.49543917,10.7237873,0,,,,50
59810527,0.5,0.666666687,1,1.00587988,0.0483516455,0.0241758227,0,0,15.9349623,1.49543917,8.5565176,8.4074173,0,13.3309927,1.49543917,10.7237873,0,,,,50
59811657,0.5,0.777777791,1,1.00587988,0.056410253,0.0161172152,0,0,15.9349623,1.30045402,8.50528145,8.41163921,0,13.3166971,1.30045402,10.7179079,0,,,,50
59812784,0.5,0.75,1,1.01560974,0.0483516455,0.0161172152,0,0,15.9349623,1.30045402,8.52336502,8.40952778,0,13.3238449,1.30045402,10.7179079,0,,,,50
59813920,0.5,1,1,1.01560974,0.056410253,0,0,0,15.9349623,1.22154284,8.50829506,8.41163921,0,13.3166971,1.22154284,10.7022982,0,,,,50
59815046,0.5,0.857142866,1,1.01560974,0.0483516455,0.00805860758,0,0,15.9349623,1.22154284,8.52336502,8.41163921,0,13.3095493,1.22154284,10.7022982,0,,,,50
59816177,0.5,0.833333313,1,0.997455657,0.0402930379,0.00805860758,0,0,15.9349623,1.21858716,8.53843403,8.41797352,0,13.3309927,1.21858716,10.7048426,0,,,,50
59817303,0.5,0.888888896,1,0.997455657,0.0644688606,0.00805860758,0,0,15.9349623,1.21858716,8.48418331,8.42219639,0,13.3238449,1.21858716,10.7048426,0,,,,50
59818434,0.5,1,1,0.997455657,0.056410253,0,0,0,15.9349623,1.30180967,8.52939224,8.41586208,0,13.3309927,1.30180967,10.707387,0,,,,50
59819561,0.5,0.857142866,1,0.997455657,0.0483516455,0.00805860758,0,0,15.9304171,1.30180967,8.52035046,8.41375065,0,13.3095493,1.30180967,10.707387,0,,,,50
59820691,0.5,1,1,1.00880468,0.056410253,0,0,0,15.9349623,1.42774713,8.50226688,8.42641926,0,13.3309927,1.42774713,10.6985817,0,,,,50
59822027,0.5,0.857142866,1,1.00880468,0.0483516455,0.00805860758,0,0,15.9304171,1.42774713,8.50528145,8.41586208,0,13.3166971,1.42774713,10.6985817,0,,,,50
59823157,0.5,0.857142866,1,1.00880468,0.0483516455,0.00805860758,0,0,15.9349623,1.5365448,8.51130867,8.41586208,0,13.3309927,1.5365448,10.6897774,0,,,,50
59824284,0.5,0.857142866,1,1.00575304,0.0483516455,0.00805860758,0,0,15.9349623,1.5365448,8.53542042,8.41375065,0,13.3309927,1.5365448,10.6897774,0,,,,50
59825414,0.5,0.833333313,1,1.00575304,0.0402930379,0.00805860758,0,0,15.9349623,1.6213038,8.49623966,8.41797352,0,13.3238449,1.6213038,10.6840239,0,,,,50
59826541,0.5,0.857142866,1,1.00575304,0.0483516455,0.00805860758,0,0,15.9349623,1.6213038,8.54144764,8.42430782,0,13.3309927,1.6213038,10.6840239,0,,,,50
59827672,0.5,0.857142866,1,1.00575304,0.0483516455,0.00805860758,0,0,15.9349623,1.69505215,8.52035046,8.41797352,0,13.3238449,1.69505215,10.6782713,0,,,,50
59828803,0.5,0.857142866,1,0.989171386,0.0483516455,0.00805860758,0,0,15.9304171,1.69505215,8.52035046,8.42219639,0,13.3309927,1.69505215,10.6782713,0,,,,50
59829934,0.5,0.888888896,1,0.989171386,0.0644688606,0.00805860758,0,0,15.9304171,1.79108846,8.51130867,8.42008495,0,13.3166971,1.79108846,10.6890993,0,,,,50
59831060,0.5,0.857142866,1,0.989171386,0.0483516455,0.00805860758,0,0,15.9349623,1.79108846,8.56254578,8.41375065,0,13.3095493,1.79108846,10.6890993,0,,,,50
59832191,0.5,0.857142866,1,0.989171386,0.0483516455,0.00805860758,0,0,15.9304171,1.94225502,8.53843403,8.42008495,0,13.3309927,1.94225502,10.6999283,0,,,,50
59833317,0.5,0.777777791,1,0.989171386,0.056410253,0.0161172152,0,0,15.9349623,1.94225502,8.52336502,8.41163921,0,13.3309927,1.94225502,10.6999283,0,,,,50
59834448,0.5,0.75,1,0.989171386,0.0483516455,0.0161172152,0,0,15.9349623,2.13370705,8.53240585,8.41163921,0,13.3238449,2.13370705,10.7107563,0,,,,50
59835575,0.5,0.75,1,0.989171386,0.0483516455,0.0161172152,0,0,15.9304171,2.13370705,8.54144764,8.41375065,0,13.3238449,2.13370705,10.7107563,0,,,,50
59836710,0.5,0.666666687,1,0.993605435,0.0483516455,0.0241758227,0,0,15.9304171,2.32837534,8.52336502,8.40319443,0,13.3238449,2.32837534,10.7171516,0,,,,50
59837837,0.5,0.666666687,1,0.993605435,0.0483516455,0.0241758227,0,0,15.9349623,2.32837534,8.42993259,8.42008495,0,13.3166971,2.32837534,10.7171516,0,,,,50
59838968,0.5,0.75,1,0.993605435,0.0725274682,0.0241758227,0,0,15.9304171,2.49991465,8.57460117,8.40108299,0,13.3309927,2.49991465,10.723546,0,,,,50
59840094,0.5,0.785714269,1,1.00587988,0.0886446834,0.0241758227,0,0,15.9304171,2.49991465,8.51432323,8.40319443,0,13.3238449,2.49991465,10.723546,0,,,,50
59841225,0.5,0.666666687,1,1.00587988,0.0644688606,0.0322344303,0,0,15.9395075,2.61991525,8.56254578,8.38208103,0,13.3309927,2.61991525,10.7176657,0,,,,50
59842351,0.5,0.692307711,1,1.00587988,0.0725274682,0.0322344303,0,0,15.9304171,2.61991525,8.49925327,8.39686012,0,13.3309927,2.61991525,10.7176657,0,,,,50
59843686,0.5,0.833333313,1,1.00587988,0.0805860758,0.0161172152,0,0,15.9349623,2.66643167,8.4932251,8.4074173,0,13.3238449,2.66643167,10.7117863,0,,,,50
59844817,0.5,0.666666687,1,0.984776676,0.0805860758,0.0402930379,0,0,15.9304171,2.66643167,8.51130867,8.38208103,0,13.3238449,2.66643167,10.7117863,0,,,,50
59845948,0.5,0.75,1,0.984776676,0.0725274682,0.0241758227,0,0,15.9304171,2.69305253,8.52637863,8.40530586,0,13.3238449,2.69305253,10.7270088,0,,,,50
59847075,0.5,0.733333349,1,0.984776676,0.0886446834,0.0322344303,0,0,15.9304171,2.69305253,8.49925327,8.40319443,0,13.3024006,2.69305253,10.7270088,0,,,,50
59848205,0.5,0.800000012,1,0.973127484,0.0967032909,0.0241758227,0,0,15.9349623,2.79001379,8.50226688,8.40952778,0,13.3238449,2.79001379,10.7538815,0,,,,50
59849332,0.5,0.714285731,1,0.973127484,0.0805860758,0.0322344303,0,0,15.9349623,2.79001379,8.49021149,8.41586208,0,13.3309927,2.79001379,10.7538815,0,,,,50
59850462,0.5,0.769230783,1,0.973127484,0.0805860758,0.0241758227,0,0,15.9349623,2.97908616,8.51733685,8.41163921,0,13.3238449,2.97908616,10.7807541,0,,,,50
59851589,0.5,0.75,1,0.973127484,0.0967032909,0.0322344303,0,0,15.9304171,2.97908616,8.49925327,8.40108299,0,13.3238449,2.97908616,10.7807541,0,,,,50
59852724,0.5,0.800000012,1,0.989293933,0.0967032909,0.0241758227,0,0,15.9349623,3.19312549,8.4811697,8.39897156,0,13.3309927,3.19312549,10.79146,0,,,,50
59853851,0.5,0.785714269,1,0.989293933,0.0886446834,0.0241758227,0,0,15.9304171,3.19312549,8.47514153,8.41375065,0,13.3309927,3.19312549,10.79146,0,,,,50
59854982,0.5,0.714285731,1,0.989293933,0.0805860758,0.0322344303,0,0,15.9349623,3.36169887,8.4932251,8.40530586,0,13.3238449,3.36169887,10.802166,0,,,,50
59856108,0.5,0.733333349,1,0.989171386,0.0886446834,0.0322344303,0,0,15.9304171,3.36169887,8.48418331,8.40530586,0,13.3309927,3.36169887,10.802166,0,,,,50
59857239,0.5,0.75,1,0.989171386,0.0967032909,0.0322344303,0,0,15.9304171,3.47695255,8.4811697,8.39897156,0,13.3238449,3.47695255,10.812995,0,,,,50
59858365,0.5,0.777777791,1,0.989171386,0.112820506,0.0322344303,0,0,15.9349623,3.47695255,8.51733685,8.40108299,0,13.3166971,3.47695255,10.812995,0,,,,50
59859501,0.5,0.800000012,1,0.989171386,0.0967032909,0.0241758227,0,0,15.9349623,3.5551343,8.50829506,8.39897156,0,13.3309927,3.5551343,10.823823,0,,,,50
59860627,0.5,0.733333349,1,0.973483622,0.0886446834,0.0322344303,0,0,15.9304171,3.5551343,8.50226688,8.39897156,0,13.3238449,3.5551343,10.823823,0,,,,50
59861758,0.5,0.714285731,1,0.973483622,0.0805860758,0.0322344303,0,0,15.9304171,3.63671422,8.47815609,8.39897156,0,13.3238449,3.63671422,10.8503399,0,,,,50
59862885,0.5,0.764705896,1,0.973483622,0.104761899,0.0322344303,0,0,15.9304171,3.63671422,8.47815609,8.40530586,0,13.3309927,3.63671422,10.8503399,0,,,,50
59864220,0.5,0.789473712,1,0.973483622,0.120879114,0.0322344303,0,0,15.9304171,3.76202059,8.47815609,8.40319443,0,13.3309927,3.76202059,10.8768559,0,,,,50
59865346,0.5,0.777777791,1,0.965240717,0.112820506,0.0322344303,0,0,15.9304171,3.76202059,8.4932251,8.39686012,0,13.3238449,3.76202059,10.8768559,0,,,,50
59866477,0.5,0.75,1,0.965240717,0.120879114,0.0402930379,0,0,15.9304171,3.93816924,8.46308613,8.39263725,0,13.3238449,3.93816924,10.9116154,0,,,,50
59867608,0.5,0.736842096,1,0.965240717,0.112820506,0.0402930379,0,0,15.9349623,3.93816924,8.47212791,8.39052582,0,13.3309927,3.93816924,10.9116154,0,,,,50
59868738,0.5,0.789473712,1,0.965240717,0.120879114,0.0322344303,0,0,15.9304171,4.15838575,8.45705795,8.40319443,0,13.3238449,4.15838575,10.9463749,0,,,,50
59869865,0.5,0.789473712,1,0.949505687,0.120879114,0.0322344303,0,0,15.9304171,4.15838575,8.46007252,8.40530586,0,13.3238449,4.15838575,10.9463749,0,,,,50
59870996,0.5,0.809523821,1,0.949505687,0.136996329,0.0322344303,0,0,15.9349623,4.430233,8.47514153,8.40530586,0,13.3238449,4.430233,10.9968691,0,,,,50
59872122,0.5,0.782608688,1,0.949505687,0.145054936,0.0402930379,0,0,15.9304171,4.430233,8.44198895,8.39474869,0,13.3238449,4.430233,10.9968691,0,,,,50
59873253,0.5,0.818181813,1,0.957480907,0.145054936,0.0322344303,0,0,15.9304171,4.74855232,8.41184998,8.39474869,0,13.3309927,4.74855232,11.0393877,0,,,,50
59874379,0.5,0.75,1,0.957480907,0.145054936,0.0483516455,0,0,15.9304171,4.74855232,8.46609974,8.39897156,0,13.3238449,4.74855232,11.0393877,0,,,,50
59875514,0.5,0.782608688,1,0.957480907,0.145054936,0.0402930379,0,0,15.9349623,5.06988144,8.46007252,8.39686012,0,13.3309927,5.06988144,11.0819073,0,,,,50
59876641,0.5,0.730769217,1,0.957480907,0.153113544,0.056410253,0,0,15.9304171,5.06988144,8.44801617,8.38630295,0,13.3238449,5.06988144,11.0819073,0,,,,50
59877772,0.5,0.703703701,1,0.961750686,0.153113544,0.0644688606,0,0,15.9304171,5.35878325,8.46007252,8.39052582,0,13.3238449,5.35878325,11.1201563,0,,,,50
59878898,0.5,0.692307711,1,0.961750686,0.145054936,0.0644688606,0,0,15.9349623,5.35878325,8.46308613,8.37785816,0,13.3238449,5.35878325,11.1201563,0,,,,50
59880029,0.5,0.655172408,1,0.961750686,0.153113544,0.0805860758,0,0,15.9304171,5.60079956,8.46007252,8.37574673,0,13.3166971,5.60079956,11.1584053,0,,,,50
59881155,0.5,0.692307711,1,0.957710683,0.145054936,0.0644688606,0,0,15.9304171,5.60079956,8.40883541,8.38630295,0,13.3238449,5.60079956,11.1584053,0,,,,50
59882290,0.5,0.666666687,1,0.957710683,0.161172152,0.0805860758,0,0,15.9304171,5.80579615,8.43294716,8.37363529,0,13.3238449,5.80579615,11.2006941,0,,,,50
59883417,0.5,0.620689631,1,0.957710683,0.145054936,0.0886446834,0,0,15.9304171,5.80579615,8.45705795,8.36941242,0,13.3238449,5.80579615,11.2006941,0,,,,50
59884547,0.5,0.666666687,1,0.957710683,0.128937721,0.0644688606,0,0,15.9349623,5.99083233,8.59871292,8.36941242,0,13.3238449,5.99083233,11.2429838,0,,,,50
59885878,0.5,0.576923072,1,0.972771645,0.120879114,0.0886446834,0,0,15.9304171,5.99083233,8.41184998,8.38208103,0,13.3238449,5.99083233,11.2429838,0,,,,50
59887009,0.5,0.697674394,1,0.972771645,0.241758227,0.104761899,0,0,15.9258718,6.13164139,8.48418331,8.36730099,0,13.3166971,6.13164139,11.2702122,0,,,,50
59888135,0.5,0.694444418,1,1.13994944,0.201465189,0.0886446834,0,0,15.9213276,6.13164139,8.24909782,8.36941242,0,13.3238449,6.13164139,11.2702122,0,,,,50
59889266,0.5,0.586206913,1,1.13994944,0.136996329,0.0967032909,0,0,15.9304171,5.88577223,8.48418331,8.37152386,0,13.3238449,5.88577223,11.1302624,0,,,,50
59890397,0.5,0.586206913,1,1.13994944,0.136996329,0.0967032909,0,0,15.9258718,5.88577223,8.58665657,8.36307812,0,13.3238449,5.88577223,11.1302624,0,,,,50
59891528,0.5,0.714285731,1,1.13994944,0.241758227,0.0967032909,0,0,15.9349623,4.92318726,8.33951569,8.36096668,0,13.3238449,4.92318726,10.9903126,0,,,,50
59892654,0.5,0.694444418,1,1.13994944,0.201465189,0.0886446834,0,0,15.9304171,4.92318726,8.36965466,8.36518955,0,13.3309927,4.92318726,10.9903126,0,,,,50
59893785,0.5,0.666666687,1,1.13994944,0.145054936,0.0725274682,0,0,15.9304171,3.42088246,8.42089176,8.38208103,0,13.3238449,3.42088246,10.8503637,0,,,,50
59894911,0.5,0.720000029,1,1.13994944,0.145054936,0.056410253,0,0,15.9304171,3.42088246,8.48418331,8.39263725,0,13.3238449,3.42088246,10.8503637,0,,,,50
59896042,0.5,0.727272749,1,1.13994944,0.128937721,0.0483516455,0,0,15.9304171,1.6938417,8.48719788,8.40530586,0,13.3166971,1.6938417,10.7104139,0,,,,50
59897169,0.5,0.772727251,1,1.13994944,0.136996329,0.0402930379,0,0,15.9304171,1.6938417,8.47815609,8.40319443,0,13.3309927,1.6938417,10.7104139,0,,,,50
59898304,0.5,0.769230783,1,0.989171386,0.0805860758,0.0241758227,0,0,15.9349623,0.216590211,8.52035046,8.40530586,0,13.3381405,0.216590211,10.7212429,0,,,,50
59899431,0.5,0.785714269,1,0.989171386,0.0886446834,0.0241758227,0,0,15.9304171,0.216590211,8.52035046,8.41163921,0,13.3238449,0.216590211,10.7212429,0,,,,50
59900561,0.5,0.833333313,1,0.989171386,0.0402930379,0.00805860758,0,0,15.9349623,-0.586319149,8.55048943,8.42853069,0,13.3238449,-0.586319149,10.7320709,0,,,,50
59901688,0.5,1,1,0.98102355,0.0402930379,0,0,0,15.9349623,-0.586319149,8.55048943,8.41797352,0,13.3238449,-0.586319149,10.7320709,0,,,,50
59902818,0.5,1,1,0.98102355,0.0322344303,0,0,0,15.9349623,-0.773228228,8.51733685,8.43486404,0,13.3309927,-0.773228228,10.7510481,0,,,,50
59903945,0.5,1,1,0.98102355,0.0322344303,0,0,0,15.9349623,-0.773228228,8.52939224,8.43697548,0,13.3309927,-0.773228228,10.7510481,0,,,,50
59905076,0.5,1,1,0.98102355,0.0322344303,0,0,0,15.9304171,-0.56899327,8.54144764,8.43908691,0,13.3095493,-0.56899327,10.7700243,0,,,,50
59906411,0.5,1,1,0.997331023,0.0241758227,0,0,0,15.9349623,-0.56899327,8.54144764,8.43697548,0,13.3238449,-0.56899327,10.7700243,0,,,,50
59907542,0.5,1,1,0.997331023,0.0241758227,0,0,0,15.9349623,-0.172100469,8.53843403,8.43486404,0,13.3238449,-0.172100469,10.7726936,0,,,,50
59908669,0.5,1,1,0.997331023,0.0322344303,0,0,0,15.9349623,-0.172100469,8.4691143,8.42641926,0,13.3309927,-0.172100469,10.7726936,0,,,,50
59909799,0.5,1,1,0.990399063,0.0322344303,0,0,0,15.9349623,0.276715457,8.46609974,8.43275356,0,13.3238449,0.276715457,10.7822943,0,,,,50
59910926,0.5,1,1,0.990399063,0.0402930379,0,0,0,15.9304171,0.276715457,8.50528145,8.43275356,0,13.3309927,0.276715457,10.7822943,0,,,,50
59912056,0.5,1,1,0.990399063,0.0483516455,0,0,0,15.9349623,0.730283082,8.51733685,8.43697548,0,13.3166971,0.730283082,10.7918949,0,,,,50
59913188,0.5,1,1,0.990399063,0.0402930379,0,0,0,15.9395075,0.730283082,8.51130867,8.42853069,0,13.3309927,0.730283082,10.7918949,0,,,,50
59914318,0.5,1,1,0.989171386,0.0402930379,0,0,0,15.9349623,1.16795468,8.56555939,8.43275356,0,13.3309927,1.16795468,10.8027239,0,,,,50
59915445,0.5,1,1,0.989171386,0.0402930379,0,0,0,15.9349623,1.16795468,8.52336502,8.43275356,0,13.3238449,1.16795468,10.8027239,0,,,,50
59916575,0.5,1,1,0.989171386,0.0402930379,0,0,0,15.9349623,1.57254159,8.52035046,8.43064213,0,13.3238449,1.57254159,10.8135519,0,,,,50
59917702,0.5,1,1,0.989171386,0.0483516455,0,0,0,15.9304171,1.57254159,8.52336502,8.42853069,0,13.3238449,1.57254159,10.8135519,0,,,,50
59918832,0.5,1,1,0.984048069,0.056410253,0,0,0,15.9349623,1.94351542,8.49623966,8.42853069,0,13.3309927,1.94351542,10.829504,0,,,,50
59919959,0.5,1,1,0.984048069,0.0483516455,0,0,0,15.9304171,1.94351542,8.53542042,8.42430782,0,13.3309927,1.94351542,10.829504,0,,,,50
59921094,0.5,1,1,0.984048069,0.0402930379,0,0,0,15.9349623,2.28705406,8.52637863,8.42008495,0,13.3166971,2.28705406,10.8454561,0,,,,50
59922221,0.5,1,1,0.965357542,0.0483516455,0,0,0,15.9304171,2.28705406,8.54747581,8.41375065,0,13.3309927,2.28705406,10.8454561,0,,,,50
59923352,0.5,1,1,0.965357542,0.056410253,0,0,0,15.9304171,2.63380909,8.53843403,8.42430782,0,13.3309927,2.63380909,10.8800983,0,,,,50
59924478,0.5,1,1,0.965357542,0.0483516455,0,0,0,15.9349623,2.63380909,8.51432323,8.41375065,0,13.3309927,2.63380909,10.8800983,0,,,,50
59925609,0.5,1,1,0.965357542,0.0644688606,0,0,0,15.9349623,3.0164423,8.54747581,8.41586208,0,13.3238449,3.0164423,10.9147406,0,,,,50
59926939,0.5,1,1,0.968991518,0.0725274682,0,0,0,15.9304171,3.0164423,8.4691143,8.4074173,0,13.3309927,3.0164423,10.9147406,0,,,,50
59928070,0.5,0.909090936,1,0.968991518,0.0805860758,0.00805860758,0,0,15.9349623,3.41065025,8.55048943,8.41375065,0,13.3166971,3.41065025,10.9457493,0,,,,50
59929201,0.5,0.727272749,1,0.968991518,0.0644688606,0.0241758227,0,0,15.9349623,3.41065025,8.52336502,8.41163921,0,13.3238449,3.41065025,10.9457493,0,,,,50
59930332,0.5,0.666666687,1,0.965240717,0.0483516455,0.0241758227,0,0,15.9304171,3.78466439,8.58665657,8.40108299,0,13.3309927,3.78466439,10.9805088,0,,,,50
59931458,0.5,0.692307711,1,0.965240717,0.0725274682,0.0322344303,0,0,15.9304171,3.78466439,8.51432323,8.39263725,0,13.3309927,3.78466439,10.9805088,0,,,,50
59932589,0.5,0.785714269,1,0.965240717,0.0886446834,0.0241758227,0,0,15.9304171,4.13239765,8.48719788,8.39474869,0,13.3238449,4.13239765,11.0152674,0,,,,50
59933716,0.5,0.769230783,1,0.965240717,0.0805860758,0.0241758227,0,0,15.9304171,4.13239765,8.51130867,8.39263725,0,13.3238449,4.13239765,11.0152674,0,,,,50
59934846,0.5,0.75,1,0.950070858,0.0967032909,0.0322344303,0,0,15.9304171,4.47719288,8.46007252,8.39263725,0,13.3238449,4.47719288,11.065197,0,,,,50
59935973,0.5,0.777777791,1,0.950070858,0.112820506,0.0322344303,0,0,15.9304171,4.47719288,8.46609974,8.39897156,0,13.3166971,4.47719288,11.065197,0,,,,50
59937108,0.5,0.772727251,1,0.950070858,0.136996329,0.0402930379,0,0,15.9304171,4.84541368,8.45103073,8.38630295,0,13.3238449,4.84541368,11.1151257,0,,,,50
59938234,0.5,0.739130437,1,0.950070858,0.136996329,0.0483516455,0,0,15.9349623,4.84541368,8.45404434,8.38630295,0,13.3238449,4.84541368,11.1151257,0,,,,50
59939365,0.5,0.782608688,1,0.949957848,0.145054936,0.0402930379,0,0,15.9304171,5.22328234,8.44801617,8.38630295,0,13.3238449,5.22328234,11.1651678,0,,,,50
59940491,0.5,0.733333349,1,0.949957848,0.177289367,0.0644688606,0,0,15.9349623,5.22328234,8.37266827,8.37785816,0,13.3238449,5.22328234,11.1651678,0,,,,50
59941622,0.5,0.725000024,1,0.949957848,0.23369962,0.0886446834,0,0,15.9258718,5.58615923,8.30937672,8.36518955,0,13.3238449,5.58615923,11.21521,0,,,,50
59942748,0.5,0.666666687,1,0.949957848,0.161172152,0.0805860758,0,0,15.9304171,5.58615923,8.29430676,8.37785816,0,13.3238449,5.58615923,11.21521,0,,,,50
59943884,0.5,0.517241359,1,0.938892245,0.120879114,0.112820506,0,0,15.9258718,5.94125032,8.41486359,8.35674477,0,13.3238449,5.94125032,11.2763176,0,,,,50
59945010,0.5,0.583333313,1,0.938892245,0.169230759,0.120879114,0,0,15.9258718,5.94125032,8.44500256,8.35885525,0,13.3238449,5.94125032,11.2763176,0,,,,50
59946141,0.5,0.552631557,1,0.938892245,0.169230759,0.136996329,0,0,15.9167824,6.30530977,8.40280819,8.33351898,0,13.3238449,6.30530977,11.3374252,0,,,,50
59947267,0.5,0.547619045,1,0.927865684,0.185347974,0.153113544,0,0,15.9213276,6.30530977,8.4058218,8.3314085,0,13.3166971,6.30530977,11.3374252,0,,,,50
59948602,0.5,0.57407409,1,0.927865684,0.249816835,0.185347974,0,0,15.9122372,6.68765879,8.37869644,8.32085133,0,13.3166971,6.68765879,11.4095592,0,,,,50
59949728,0.5,0.550000012,1,0.927865684,0.26593405,0.217582405,0,0,15.907692,6.68765879,8.36362648,8.31451702,0,13.3166971,6.68765879,11.4095592,0,,,,50
59950859,0.5,0.55737704,1,0.927865684,0.273992658,0.217582405,0,0,15.9167824,7.09286451,8.35458469,8.31873989,0,13.2952528,7.09286451,11.4816942,0,,,,50
59951991,0.5,0.557692289,1,0.942440689,0.23369962,0.185347974,0,0,15.9167824,7.09286451,8.37568283,8.3250742,0,13.3166971,7.09286451,11.4816942,0,,,,50
59953122,0.5,0.547169805,1,0.942440689,0.23369962,0.193406582,0,0,15.9213276,7.47498465,8.38773823,8.33563042,0,13.3238449,7.47498465,11.5392532,0,,,,50
59954249,0.5,0.565217376,1,0.942440689,0.209523797,0.161172152,0,0,15.9213276,7.47498465,8.38171005,8.33985329,0,13.3238449,7.47498465,11.5392532,0,,,,50
59955379,0.5,0.568181813,1,0.949957848,0.201465189,0.153113544,0,0,15.9258718,7.76714706,8.43897438,8.34196472,0,13.3166971,7.76714706,11.5892954,0,,,,50
59956506,0.5,0.565217376,1,0.949957848,0.209523797,0.161172152,0,0,15.9167824,7.76714706,8.38171005,8.33563042,0,13.3166971,7.76714706,11.5892954,0,,,,50
59957637,0.5,0.5625,1,0.949957848,0.217582405,0.169230759,0,0,15.9167824,7.95492792,8.39678001,8.3314085,0,13.3166971,7.95492792,11.6393375,0,,,,50
59958763,0.5,0.560000002,1,0.949957848,0.225641012,0.177289367,0,0,15.9122372,7.95492792,8.38472462,8.32085133,0,13.3166971,7.95492792,11.6393375,0,,,,50
59959899,0.5,0.538461566,1,0.962330639,0.225641012,0.193406582,0,0,15.9122372,8.0429945,8.39075184,8.32296276,0,13.3166971,8.0429945,11.6770067,0,,,,50
59961025,0.5,0.543859661,1,0.962330639,0.249816835,0.209523797,0,0,15.9122372,8.0429945,8.36664104,8.31662846,0,13.3095493,8.0429945,11.6770067,0,,,,50
59962156,0.5,0.561403513,1,0.962330639,0.257875443,0.201465189,0,0,15.9122372,8.03461647,8.37869644,8.31451702,0,13.3238449,8.03461647,11.7146759,0,,,,50
59963282,0.5,0.553571403,1,0.962330639,0.249816835,0.201465189,0,0,15.9213276,8.03461647,8.3937664,8.32296276,0,13.3166971,8.03461647,11.7146759,0,,,,50
59964413,0.5,0.571428597,1,0.965240717,0.225641012,0.169230759,0,0,15.9213276,7.95498753,8.37869644,8.32929707,0,13.3166971,7.95498753,11.7494345,0,,,,50
59965539,0.5,0.551020384,1,0.965240717,0.217582405,0.177289367,0,0,15.9167824,7.95498753,8.38773823,8.32929707,0,13.3166971,7.95498753,11.7494345,0,,,,50
59966670,0.5,0.588235319,1,0.965240717,0.241758227,0.169230759,0,0,15.9167824,7.83320618,8.38773823,8.32718563,0,13.3166971,7.83320618,11.784194,0,,,,50
59967801,0.5,0.591836751,1,0.996210396,0.23369962,0.161172152,0,0,15.9213276,7.83320618,8.38773823,8.33351898,0,13.3238449,7.83320618,11.784194,0,,,,50
59969136,0.5,0.545454562,1,0.996210396,0.193406582,0.161172152,0,0,15.9213276,7.6364975,8.4178772,8.33985329,0,13.3166971,7.6364975,11.7879839,0,,,,50
59970263,0.5,0.581395328,1,0.996210396,0.201465189,0.145054936,0,0,15.9213276,7.6364975,8.4178772,8.33351898,0,13.3166971,7.6364975,11.7879839,0,,,,50
59971393,0.5,0.571428597,1,0.996210396,0.225641012,0.169230759,0,0,15.9213276,7.31964588,8.4058218,8.33351898,0,13.3166971,7.31964588,11.7917728,0,,,,50
59972520,0.5,0.56410259,1,1.01444769,0.177289367,0.136996329,0,0,15.9258718,7.31964588,8.42691898,8.34196472,0,13.3238449,7.31964588,11.7917728,0,,,,50
59973650,0.5,0.571428597,1,1.01444769,0.193406582,0.145054936,0,0,15.9213276,6.88698339,8.41486359,8.33563042,0,13.3238449,6.88698339,11.7773256,0,,,,50
59974782,0.5,0.558139563,1,1.01444769,0.193406582,0.153113544,0,0,15.9258718,6.88698339,8.43897438,8.34407616,0,13.3238449,6.88698339,11.7773256,0,,,,50
59975912,0.5,0.534883738,1,1.02303147,0.185347974,0.161172152,0,0,15.9213276,6.34540701,8.42089176,8.32085133,0,13.3238449,6.34540701,11.7542934,0,,,,50
59977039,0.5,0.571428597,1,1.02303147,0.161172152,0.120879114,0,0,15.9304171,6.34540701,8.43294716,8.39263725,0,13.3095493,6.34540701,11.7542934,0,,,,50
59978170,0.5,0.529411793,1,1.02303147,0.145054936,0.128937721,0,0,15.9304171,5.72943974,8.42089176,8.36730099,0,13.3238449,5.72943974,11.7312622,0,,,,50
59979297,0.5,0.699999988,1,1.03176177,0.225641012,0.0967032909,0,0,15.9304171,5.72943974,8.39075184,8.37152386,0,13.3238449,5.72943974,11.7312622,0,,,,50
59980427,0.5,0.629629612,1,1.03176177,0.136996329,0.0805860758,0,0,15.9349623,5.08272839,8.49623966,8.3799696,0,13.3238449,5.08272839,11.6995001,0,,,,50
59981554,0.5,0.666666687,1,1.03176177,0.177289367,0.0886446834,0,0,15.9304171,5.08272839,8.42390537,8.3799696,0,13.3238449,5.08272839,11.6995001,0,,,,50
59982689,0.5,0.740740716,1,1.03176177,0.161172152,0.056410253,0,0,15.9349623,4.43181849,8.44500256,8.39686012,0,13.3166971,4.43181849,11.6677389,0,,,,50
59983815,0.5,0.791666687,1,1.04555106,0.153113544,0.0402930379,0,0,15.9349623,4.43181849,8.47815609,8.39897156,0,13.3238449,4.43181849,11.6677389,0,,,,50
59984946,0.5,0.772727251,1,1.04555106,0.136996329,0.0402930379,0,0,15.9304171,3.78261161,8.46308613,8.40108299,0,13.3238449,3.78261161,11.6221876,0,,,,50
59986073,0.5,0.727272749,1,1.04555106,0.128937721,0.0483516455,0,0,15.9304171,3.78261161,8.44801617,8.39474869,0,13.3024006,3.78261161,11.6221876,0,,,,50
59987203,0.5,0.727272749,1,1.05929184,0.128937721,0.0483516455,0,0,15.9349623,3.10702133,8.4811697,8.40952778,0,13.3238449,3.10702133,11.5628958,0,,,,50
59988330,0.5,0.789473712,1,1.05929184,0.120879114,0.0322344303,0,0,15.9304171,3.10702133,8.46609974,8.40319443,0,13.3238449,3.10702133,11.5628958,0,,,,50
59989461,0.5,0.8125,1,1.05929184,0.104761899,0.0241758227,0,0,15.9349623,2.40049863,8.47212791,8.40319443,0,13.3309927,2.40049863,11.5036039,0,,,,50
59990796,0.5,0.800000012,1,1.05929184,0.0967032909,0.0241758227,0,0,15.9304171,2.40049863,8.49925327,8.40952778,0,13.3309927,2.40049863,11.5036039,0,,,,50
59991927,0.5,0.75,1,1.04336369,0.0725274682,0.0241758227,0,0,15.9304171,1.7318151,8.51432323,8.39897156,0,13.3309927,1.7318151,11.4602404,0,,,,50
59993053,0.5,0.727272749,1,1.04336369,0.0644688606,0.0241758227,0,0,15.9304171,1.7318151,8.50226688,8.40952778,0,13.3166971,1.7318151,11.4602404,0,,,,50
59994184,0.5,0.777777791,1,1.04336369,0.056410253,0.0161172152,0,0,15.9349623,1.17039692,8.53843403,8.40952778,0,13.3309927,1.17039692,11.4168768,0,,,,50
59995310,0.5,0.777777791,1,1.04336369,0.056410253,0.0161172152,0,0,15.9349623,1.17039692,8.5444622,8.41375065,0,13.3309927,1.17039692,11.4168768,0,,,,50
59996441,0.5,0.875,1,1.04336369,0.056410253,0.00805860758,0,0,15.9349623,0.720226943,8.5565176,8.42853069,0,13.3309927,0.720226943,11.3735132,0,,,,50
59997567,0.5,1,1,1.04336369,0.0483516455,0,0,0,15.9349623,0.720226943,8.52035046,8.41586208,0,13.3238449,0.720226943,11.3735132,0,,,,50
59998702,0.5,1,1,1.04336369,0.0483516455,0,0,0,15.9349623,0.359509528,8.49925327,8.42219639,0,13.3238449,0.359509528,11.3301487,0,,,,50
59999829,0.5,1,1,1.04336369,0.0483516455,0,0,0,15.9349623,0.359509528,8.55953121,8.42430782,0,13.3309927,0.359509528,11.3301487,0,,,,50
60000959,0.5,1,1,1.04336369,0.0483516455,0,0,0,15.9349623,0.0701157451,8.53542042,8.42853069,0,13.3238449,0.0701157451,11.2867851,0,,,,50
60002086,0.5,1,1,1.04995334,0.0402930379,0,0,0,15.9349623,0.0701157451,8.53542042,8.43064213,0,13.3309927,0.0701157451,11.2867851,0,,,,50
60003217,0.5,1,1,1.04995334,0.0402930379,0,0,0,15.9349623,-0.175202221,8.52637863,8.43064213,0,13.3309927,-0.175202221,11.2368317,0,,,,50
60004343,0.5,1,1,1.04995334,0.0402930379,0,0,0,15.9304171,-0.175202221,8.52637863,8.43697548,0,13.3238449,-0.175202221,11.2368317,0,,,,50
60005478,0.5,1,1,1.04995334,0.0402930379,0,0,0,15.9349623,-0.402282029,8.60474014,8.43697548,0,13.3238449,-0.402282029,11.1868792,0,,,,50
60006605,0.5,1,1,1.03162837,0.0322344303,0,0,0,15.9349623,-0.402282029,8.54144764,8.43486404,0,13.3309927,-0.402282029,11.1868792,0,,,,50
60007736,0.5,1,1,1.03162837,0.0322344303,0,0,0,15.9395075,-0.581155121,8.5444622,8.43275356,0,13.3309927,-0.581155121,11.1552505,0,,,,50
60008862,0.5,1,1,1.03162837,0.0322344303,0,0,0,15.9349623,-0.581155121,8.54747581,8.43486404,0,13.3309927,-0.581155121,11.1552505,0,,,,50
60009993,0.5,1,1,1.04091382,0.0322344303,0,0,0,15.9349623,-0.68757534,8.56555939,8.43486404,0,13.3238449,-0.68757534,11.114337,0,,,,50
60011323,0.5,1,1,1.04091382,0.0241758227,0,0,0,15.9349623,-0.68757534,8.52035046,8.43486404,0,13.3309927,-0.68757534,11.114337,0,,,,50
60012454,0.5,1,1,1.04091382,0.0241758227,0,0,0,15.9349623,-0.756000698,8.53843403,8.43275356,0,13.3309927,-0.756000698,11.0734224,0,,,,50
60013585,0.5,1,1,1.04091382,0.0241758227,0,0,0,15.9395075,-0.756000698,8.53240585,8.43275356,0,13.3238449,-0.756000698,11.0734224,0,,,,50
60014716,0.5,1,1,1.03189516,0.0241758227,0,0,0,15.9349623,-0.794598162,8.55048943,8.43064213,0,13.3309927,-0.794598162,11.0415277,0,,,,50
60015843,0.5,1,1,1.03189516,0.0241758227,0,0,0,15.9349623,-0.794598162,8.53542042,8.43064213,0,13.3309927,-0.794598162,11.0415277,0,,,,50
60016973,0.5,1,1,1.03189516,0.0241758227,0,0,0,15.9349623,-0.789940059,8.54747581,8.43275356,0,13.3309927,-0.789940059,11.0096321,0,,,,50
60018100,0.5,1,1,1.0143187,0.0241758227,0,0,0,15.9349623,-0.789940059,8.53843403,8.43064213,0,13.3238449,-0.789940059,11.0096321,0,,,,50
60019231,0.5,1,1,1.0143187,0.0241758227,0,0,0,15.9349623,-0.720986366,8.53843403,8.43275356,0,13.3309927,-0.720986366,10.9953136,0,,,,50
60020357,0.5,1,1,1.0143187,0.0241758227,0,0,0,15.9395075,-0.720986366,8.54144764,8.43275356,0,13.3309927,-0.720986366,10.9953136,0,,,,50
60021493,0.5,1,1,1.0143187,0.0241758227,0,0,0,15.9395075,-0.569928408,8.54747581,8.43275356,0,13.3309927,-0.569928408,10.9809952,0,,,,50
60022619,0.5,1,1,1.0189817,0.0241758227,0,0,0,15.9349623,-0.569928408,8.50829506,8.43064213,0,13.3238449,-0.569928408,10.9809952,0,,,,50
60023750,0.5,1,1,1.0189817,0.0241758227,0,0,0,15.9349623,-0.372437865,8.56254578,8.43064213,0,13.3309927,-0.372437865,10.9620132,0,,,,50
60024876,0.5,1,1,1.0189817,0.0241758227,0,0,0,15.9349623,-0.372437865,8.53843403,8.43275356,0,13.3166971,-0.372437865,10.9620132,0,,,,50
60026007,0.5,1,1,1.0143187,0.0241758227,0,0,0,15.9349623,-0.167330161,8.52939224,8.43064213,0,13.3309927,-0.167330161,10.9476948,0,,,,50
60027134,0.5,1,1,1.0143187,0.0161172152,0,0,0,15.9349623,-0.167330161,8.54747581,8.43064213,0,13.3309927,-0.167330161,10.9476948,0,,,,50
60028269,0.5,1,1,1.0143187,0.0161172152,0,0,0,15.9349623,0.0363332443,8.56254578,8.42219639,0,13.3309927,0.0363332443,10.9333763,0,,,,50
60029395,0.5,1,1,1.0143187,0.0161172152,0,0,0,15.9349623,0.0363332443,8.53843403,8.43275356,0,13.3309927,0.0363332443,10.9333763,0,,,,50
60030526,0.5,1,1,0.956104219,0.0161172152,0,0,0,15.9349623,0.337919712,8.53240585,8.42853069,0,13.3309927,0.337919712,10.977272,0,,,,50
60031856,0.5,1,1,0.956104219,0.0161172152,0,0,0,15.9304171,0.337919712,8.5444622,8.43064213,0,13.3166971,0.337919712,10.977272,0,,,,50
60032987,0.5,1,1,0.956104219,0.0241758227,0,0,0,15.9395075,0.847788274,8.50829506,8.43064213,0,13.3238449,0.847788274,11.0211678,0,,,,50
60034113,0.5,1,1,0.957595706,0.0241758227,0,0,0,15.9349623,0.847788274,8.54144764,8.43064213,0,13.3309927,0.847788274,11.0211678,0,,,,50
60035244,0.5,1,1,0.957595706,0.0402930379,0,0,0,15.9258718,1.50717306,8.55350399,8.43064213,0,13.3309927,1.50717306,11.0635719,0,,,,50
60036376,0.5,1,1,0.957595706,0.0402930379,0,0,0,15.9349623,1.50717306,8.49623966,8.42853069,0,13.3238449,1.50717306,11.0635719,0,,,,50
60037506,0.5,1,1,0.957595706,0.0644688606,0,0,0,15.9349623,2.2088058,8.43596077,8.42641926,0,13.3309927,2.2088058,11.1059761,0,,,,50
60038633,0.5,1,1,0.998829126,0.0805860758,0,0,0,15.9304171,2.2088058,8.51432323,8.42853069,0,13.3309927,2.2088058,11.1059761,0,,,,50
60039764,0.5,1,1,0.998829126,0.0725274682,0,0,0,15.9304171,2.81479192,8.51432323,8.42219639,0,13.3238449,2.81479192,11.1071472,0,,,,50
60040890,0.5,0.916666687,1,0.998829126,0.0886446834,0.00805860758,0,0,15.9304171,2.81479192,8.49925327,8.41586208,0,13.3309927,2.81479192,11.1071472,0,,,,50
60042022,0.5,0.909090936,1,0.973127484,0.0805860758,0.00805860758,0,0,15.9304171,3.25538826,8.51733685,8.40530586,0,13.3238449,3.25538826,11.1340189,0,,,,50
60043149,0.5,0.818181813,1,0.973127484,0.0725274682,0.0161172152,0,0,15.9304171,3.25538826,8.4932251,8.38841438,0,13.3309927,3.25538826,11.1340189,0,,,,50
60044284,0.5,0.833333313,1,0.973127484,0.0805860758,0.0161172152,0,0,15.9304171,3.60459852,8.50226688,8.39897156,0,13.3309927,3.60459852,11.1608915,0,,,,50
60045411,0.5,0.733333349,1,0.973127484,0.0886446834,0.0322344303,0,0,15.9349623,3.60459852,8.44500256,8.3799696,0,13.3238449,3.60459852,11.1608915,0,,,,50
60046541,0.5,0.70588237,1,0.968991518,0.0967032909,0.0402930379,0,0,15.9304171,3.91564727,8.4811697,8.39052582,0,13.3309927,3.91564727,11.1919003,0,,,,50
60047668,0.5,0.722222209,1,0.968991518,0.104761899,0.0402930379,0,0,15.9304171,3.91564727,8.48418331,8.39052582,0,13.3238449,3.91564727,11.1919003,0,,,,50
60048798,0.5,0.75,1,0.968991518,0.120879114,0.0402930379,0,0,15.9304171,4.19842768,8.44801617,8.38419151,0,13.3238449,4.19842768,11.222909,0,,,,50
60049925,0.5,0.75,1,0.968991518,0.120879114,0.0402930379,0,0,15.9304171,4.19842768,8.46609974,8.38419151,0,13.3166971,4.19842768,11.222909,0,,,,50
60051056,0.5,0.680000007,1,0.973127484,0.136996329,0.0644688606,0,0,15.9304171,4.44546127,8.46609974,8.39686012,0,13.3095493,4.44546127,11.2497807,0,,,,50
60052187,0.5,0.75,1,0.973127484,0.169230759,0.056410253,0,0,15.9304171,4.44546127,8.48418331,8.38630295,0,13.3238449,4.44546127,11.2497807,0,,,,50
60053521,0.5,0.724137902,1,0.973127484,0.169230759,0.0644688606,0,0,15.9304171,4.64577389,8.41486359,8.36730099,0,13.3238449,4.64577389,11.2766533,0,,,,50
60054648,0.5,0.666666687,1,0.973127484,0.161172152,0.0805860758,0,0,15.9304171,4.64577389,8.51130867,8.36730099,0,13.3238449,4.64577389,11.2766533,0,,,,50
60055779,0.5,0.521739125,1,0.958055615,0.0967032909,0.0886446834,0,0,15.9304171,4.83160114,8.59871292,8.36730099,0,13.3238449,4.83160114,11.3185978,0,,,,50
60056905,0.5,0.699999988,1,0.958055615,0.169230759,0.0725274682,0,0,15.9258718,4.83160114,8.44801617,8.37363529,0,13.3238449,4.83160114,11.3185978,0,,,,50
60058036,0.5,0.657142878,1,0.958055615,0.185347974,0.0967032909,0,0,15.9258718,5.04354429,8.56555939,8.35885525,0,13.3238449,5.04354429,11.3605423,0,,,,50
60059167,0.5,0.59375,1,0.949957848,0.153113544,0.104761899,0,0,15.9304171,5.04354429,8.32143211,8.36096668,0,13.3238449,5.04354429,11.3605423,0,,,,50
60060298,0.5,0.59523809,1,0.949957848,0.201465189,0.136996329,0,0,15.9258718,5.29081011,8.39979362,8.33774185,0,13.3166971,5.29081011,11.4105844,0,,,,50
60061424,0.5,0.577777803,1,0.949957848,0.209523797,0.153113544,0,0,15.9213276,5.29081011,8.39678001,8.3314085,0,13.3166971,5.29081011,11.4105844,0,,,,50
60062555,0.5,0.539682567,1,0.949957848,0.273992658,0.23369962,0,0,15.907692,5.56931162,8.33348751,8.3039608,0,13.3166971,5.56931162,11.4606266,0,,,,50
60063682,0.5,0.559322059,1,0.942440689,0.26593405,0.209523797,0,0,15.9167824,5.56931162,8.38171005,8.31240559,0,13.3166971,5.56931162,11.4606266,0,,,,50
60064812,0.5,0.555555582,1,0.942440689,0.241758227,0.193406582,0,0,15.9213276,5.87398911,8.39075184,8.33351898,0,13.3166971,5.87398911,11.5181856,0,,,,50
60065939,0.5,0.604651153,1,0.942440689,0.209523797,0.136996329,0,0,15.9258718,5.87398911,8.45103073,8.36096668,0,13.3238449,5.87398911,11.5181856,0,,,,50
60067074,0.5,0.5625,1,0.957480907,0.145054936,0.112820506,0,0,15.9304171,6.17198801,8.58062935,8.36096668,0,13.3095493,6.17198801,11.5607042,0,,,,50
60068200,0.5,0.620689631,1,0.957480907,0.145054936,0.0886446834,0,0,15.9304171,6.17198801,8.44801617,8.38630295,0,13.3238449,6.17198801,11.5607042,0,,,,50
60069331,0.5,0.620689631,1,0.957480907,0.145054936,0.0886446834,0,0,15.9349623,6.41447735,8.37568283,8.3799696,0,13.3238449,6.41447735,11.6032238,0,,,,50
60070458,0.5,0.694444418,1,0.957480907,0.201465189,0.0886446834,0,0,15.9304171,6.41447735,8.36061287,8.36730099,0,13.3238449,6.41447735,11.6032238,0,,,,50
60071588,0.5,0.567567587,1,0.964773893,0.169230759,0.128937721,0,0,15.9304171,6.58273554,8.3937664,8.35674477,0,13.3238449,6.58273554,11.6384497,0,,,,50
60072715,0.5,0.657142878,1,0.964773893,0.185347974,0.0967032909,0,0,15.9213276,6.58273554,8.4178772,8.35885525,0,13.3238449,6.58273554,11.6384497,0,,,,50
60074049,0.5,0.522727251,1,0.964773893,0.185347974,0.169230759,0,0,15.9258718,6.67875385,8.38472462,8.31451702,0,13.3166971,6.67875385,11.6736755,0,,,,50
60075181,0.5,0.571428597,1,0.964773893,0.193406582,0.145054936,0,0,15.9258718,6.67875385,8.42089176,8.34196472,0,13.3238449,6.67875385,11.6736755,0,,,,50
60076311,0.5,0.558139563,1,0.964773893,0.193406582,0.153113544,0,0,15.9258718,6.72147846,8.4178772,8.34407616,0,13.3238449,6.72147846,11.7089014,0,,,,50
60077438,0.5,0.638888896,1,0.964773893,0.185347974,0.104761899,0,0,15.9304171,6.72147846,8.4058218,8.34196472,0,13.3238449,6.72147846,11.7089014,0,,,,50
60078568,0.5,0.647058845,1,0.964773893,0.177289367,0.0967032909,0,0,15.9258718,6.7330265,8.42089176,8.3525219,0,13.3238449,6.7330265,11.7441273,0,,,,50
60079695,0.5,0.575757563,1,0.964773893,0.153113544,0.112820506,0,0,15.9304171,6.7330265,8.32143211,8.36518955,0,13.3238449,6.7330265,11.7441273,0,,,,50
60080826,0.5,0.631578922,1,0.964773893,0.193406582,0.112820506,0,0,15.9258718,6.72809649,8.40280819,8.33985329,0,13.3238449,6.72809649,11.7793531,0,,,,50
60081952,0.5,0.611111104,1,0.964773893,0.177289367,0.112820506,0,0,15.9304171,6.72809649,8.41486359,8.36096668,0,13.3238449,6.72809649,11.7793531,0,,,,50
60083088,0.5,0.583333313,1,1.03189516,0.169230759,0.120879114,0,0,15.9258718,6.59164047,8.42089176,8.34618759,0,13.3238449,6.59164047,11.7474585,0,,,,50
60084214,0.5,0.526315808,1,1.03189516,0.161172152,0.145054936,0,0,15.9258718,6.59164047,8.41486359,8.34407616,0,13.3238449,6.59164047,11.7474585,0,,,,50
60085345,0.5,0.605263174,1,1.03189516,0.185347974,0.120879114,0,0,15.9304171,6.19153166,8.40883541,8.33563042,0,13.3238449,6.19153166,11.7155628,0,,,,50
60086471,0.5,0.571428597,1,1.03189516,0.193406582,0.145054936,0,0,15.9258718,6.19153166,8.43596077,8.3525219,0,13.3238449,6.19153166,11.7155628,0,,,,50
60087602,0.5,0.628571451,1,1.0189817,0.177289367,0.104761899,0,0,15.9258718,5.61503363,8.62282372,8.35885525,0,13.3309927,5.61503363,11.6965818,0,,,,50
60088729,0.5,0.621621609,1,1.0189817,0.185347974,0.112820506,0,0,15.9304171,5.61503363,8.45404434,8.3525219,0,13.3238449,5.61503363,11.6965818,0,,,,50
60089864,0.5,0.647058845,1,1.0189817,0.177289367,0.0967032909,0,0,15.9304171,5.00970936,8.44801617,8.36518955,0,13.3238449,5.00970936,11.6775999,0,,,,50
60090991,0.5,0.685714304,1,1.03189516,0.193406582,0.0886446834,0,0,15.9304171,5.00970936,8.61076832,8.37363529,0,13.3238449,5.00970936,11.6775999,0,,,,50
60092121,0.5,0.666666687,1,1.03189516,0.145054936,0.0725274682,0,0,15.9304171,4.41438293,8.4691143,8.39263725,0,13.3238449,4.41438293,11.6457043,0,,,,50
60093248,0.5,0.681818187,1,1.03189516,0.120879114,0.056410253,0,0,15.9349623,4.41438293,8.4811697,8.40530586,0,13.3238449,4.41438293,11.6457043,0,,,,50
60094378,0.5,0.75,1,1.03189516,0.120879114,0.0402930379,0,0,15.9304171,3.82279682,8.4691143,8.39474869,0,13.3238449,3.82279682,11.6138096,0,,,,50
60095709,0.5,0.736842096,1,1.03149509,0.112820506,0.0402930379,0,0,15.9304171,3.82279682,8.49925327,8.4074173,0,13.3238449,3.82279682,11.6138096,0,,,,50
60096840,0.5,0.736842096,1,1.03149509,0.112820506,0.0402930379,0,0,15.9304171,3.25564289,8.48418331,8.39897156,0,13.3238449,3.25564289,11.5823145,0,,,,50
60097971,0.5,0.777777791,1,1.03149509,0.112820506,0.0322344303,0,0,15.9304171,3.25564289,8.4811697,8.40108299,0,13.3238449,3.25564289,11.5823145,0,,,,50
60099102,0.5,0.764705896,1,1.03149509,0.104761899,0.0322344303,0,0,15.9304171,2.73757839,8.44801617,8.39052582,0,13.3309927,2.73757839,11.5508194,0,,,,50
60100229,0.5,0.785714269,1,1.03149509,0.0886446834,0.0241758227,0,0,15.9349623,2.73757839,8.52637863,8.4074173,0,13.3238449,2.73757839,11.5508194,0,,,,50
60101359,0.5,0.714285731,1,1.03149509,0.0805860758,0.0322344303,0,0,15.9349623,2.27886224,8.50829506,8.4074173,0,13.3309927,2.27886224,11.5193243,0,,,,50
60102485,0.5,0.769230783,1,1.03149509,0.0805860758,0.0241758227,0,0,15.9304171,2.27886224,8.52939224,8.4074173,0,13.3238449,2.27886224,11.5193243,0,,,,50
60103616,0.5,0.800000012,1,1.03149509,0.0644688606,0.0161172152,0,0,15.9349623,1.88120162,8.50829506,8.41163921,0,13.3238449,1.88120162,11.4878292,0,,,,50
60104743,0.5,0.75,1,1.03149509,0.0725274682,0.0241758227,0,0,15.9304171,1.88120162,8.53843403,8.41163921,0,13.3238449,1.88120162,11.4878292,0,,,,50
60105878,0.5,0.75,1,1.03149509,0.0483516455,0.0161172152,0,0,15.9349623,1.54169393,8.54144764,8.40530586,0,13.3309927,1.54169393,11.4563332,0,,,,50
60107005,0.5,0.625,1,1.06865478,0.0402930379,0.0241758227,0,0,15.9349623,1.54169393,8.5565176,8.4074173,0,13.3238449,1.54169393,11.4563332,0,,,,50
60108135,0.5,0.777777791,1,1.06865478,0.056410253,0.0161172152,0,0,15.9349623,1.18597388,8.53542042,8.42430782,0,13.3309927,1.18597388,11.3876791,0,,,,50
60109262,0.5,0.800000012,1,1.06865478,0.0644688606,0.0161172152,0,0,15.9304171,1.18597388,8.53843403,8.42008495,0,13.3309927,1.18597388,11.3876791,0,,,,50
60110392,0.5,0.857142866,1,1.0405066,0.0483516455,0.00805860758,0,0,15.9349623,0.78335619,8.52035046,8.42219639,0,13.3238449,0.78335619,11.3471718,0,,,,50
60111519,0.5,1,1,1.0405066,0.0483516455,0,0,0,15.9349623,0.78335619,8.52035046,8.42853069,0,13.3309927,0.78335619,11.3471718,0,,,,50
60112649,0.5,0.857142866,1,1.0405066,0.0483516455,0.00805860758,0,0,15.9349623,0.418143183,8.51432323,8.42853069,0,13.3309927,0.418143183,11.3066654,0,,,,50
60113781,0.5,0.875,1,1.03176177,0.056410253,0.00805860758,0,0,15.9349623,0.418143183,8.54747581,8.41797352,0,13.3309927,0.418143183,11.3066654,0,,,,50
60114911,0.5,1,1,1.03176177,0.0483516455,0,0,0,15.9349623,0.141043529,8.4811697,8.42641926,0,13.3309927,0.141043529,11.2749043,0,,,,50
60116242,0.5,1,1,1.03176177,0.0483516455,0,0,0,15.9304171,0.141043529,8.51432323,8.42008495,0,13.3309927,0.141043529,11.2749043,0,,,,50
60117373,0.5,1,1,1.03176177,0.0322344303,0,0,0,15.9349623,-0.0450398438,8.52637863,8.43275356,0,13.3238449,-0.0450398438,11.2431421,0,,,,50
60118500,0.5,1,1,1.04145718,0.0402930379,0,0,0,15.9349623,-0.0450398438,8.55953121,8.43064213,0,13.3309927,-0.0450398438,11.2431421,0,,,,50
60119631,0.5,1,1,1.04145718,0.0161172152,0,0,0,15.9349623,-0.177965149,8.59569836,8.42641926,0,13.3238449,-0.177965149,11.201685,0,,,,50
60120763,0.5,1,1,1.04145718,0.0322344303,0,0,0,15.9349623,-0.177965149,8.53240585,8.43486404,0,13.3238449,-0.177965149,11.201685,0,,,,50
60121893,0.5,1,1,1.05915117,0.0322344303,0,0,0,15.9304171,-0.335840136,8.52939224,8.43486404,0,13.3309927,-0.335840136,11.1425333,0,,,,50
60123019,0.5,1,1,1.05915117,0.0322344303,0,0,0,15.9349623,-0.335840136,8.54144764,8.43275356,0,13.3238449,-0.335840136,11.1425333,0,,,,50
60124150,0.5,1,1,1.05915117,0.0241758227,0,0,0,15.9349623,-0.563898504,8.5444622,8.43275356,0,13.3238449,-0.563898504,11.0833826,0,,,,50
60125277,0.5,1,1,1.05915117,0.0322344303,0,0,0,15.9304171,-0.563898504,8.5565176,8.43275356,0,13.3309927,-0.563898504,11.0833826,0,,,,50
60126407,0.5,1,1,1.05915117,0.0402930379,0,0,0,15.9349623,-0.841077745,8.57761478,8.43275356,0,13.3309927,-0.841077745,11.024231,0,,,,50
60127534,0.5,1,1,1.05915117,0.0241758227,0,0,0,15.9349623,-0.841077745,8.53542042,8.43275356,0,13.3095493,-0.841077745,11.024231,0,,,,50
60128669,0.5,1,1,1.05915117,0.0241758227,0,0,0,15.9349623,-1.13329589,8.56254578,8.43275356,0,13.3095493,-1.13329589,10.9650803,0,,,,50
60129795,0.5,1,1,1.03189516,0.0161172152,0,0,0,15.9349623,-1.13329589,8.51432323,8.43275356,0,13.3309927,-1.13329589,10.9650803,0,,,,50
60130926,0.5,1,1,1.03189516,0.0161172152,0,0,0,15.9349623,-1.36949384,8.5565176,8.43064213,0,13.3238449,-1.36949384,10.9331846,0,,,,50
60132053,0.5,1,1,1.03189516,0.0241758227,0,0,0,15.9395075,-1.36949384,8.54144764,8.43275356,0,13.3166971,-1.36949384,10.9331846,0,,,,50
60133183,0.5,1,1,1.03189516,0.0241758227,0,0,0,15.9349623,-1.48211765,8.53542042,8.43064213,0,13.3309927,-1.48211765,10.9012899,0,,,,50
60134309,0.5,1,1,1.01872146,0.0241758227,0,0,0,15.9349623,-1.48211765,8.56254578,8.43064213,0,13.3309927,-1.48211765,10.9012899,0,,,,50
60135440,0.5,1,1,1.01872146,0.0241758227,0,0,0,15.9349623,-1.46541619,8.52336502,8.43275356,0,13.3095493,-1.46541619,10.8825684,0,,,,50
60136776,0.5,1,1,1.01872146,0.0322344303,0,0,0,15.9395075,-1.46541619,8.50829506,8.43275356,0,13.3238449,-1.46541619,10.8825684,0,,,,50
60137906,0.5,1,1,1.02303147,0.0161172152,0,0,0,15.9349623,-1.3468591,8.54144764,8.43275356,0,13.3309927,-1.3468591,10.8595371,0,,,,50
60139033,0.5,1,1,1.02303147,0.0241758227,0,0,0,15.9349623,-1.3468591,8.54144764,8.43064213,0,13.3238449,-1.3468591,10.8595371,0,,,,50
60140163,0.5,1,1,1.02303147,0.0322344303,0,0,0,15.9395075,-1.17739081,8.55048943,8.42853069,0,13.3309927,-1.17739081,10.8365059,0,,,,50
60141290,0.5,1,1,1.02303147,0.00805860758,0,0,0,15.9349623,-1.17739081,8.58665657,8.43064213,0,13.3309927,-1.17739081,10.8365059,0,,,,50
60142420,0.5,1,1,1.02303147,0.0241758227,0,0,0,15.9349623,-0.995854199,8.5565176,8.42641926,0,13.3309927,-0.995854199,10.8134737,0,,,,50
60143547,0.5,1,1,1.02303147,0.00805860758,0,0,0,15.9349623,-0.995854199,8.53542042,8.43064213,0,13.3238449,-0.995854199,10.8134737,0,,,,50
60144682,0.5,1,1,1.02303147,0.00805860758,0,0,0,15.9349623,-0.820744038,8.57761478,8.43064213,0,13.3309927,-0.820744038,10.7904425,0,,,,50
60145808,0.5,0,1,1.02303147,0,0,0,0,15.9349623,-0.820744038,8.58665657,8.43064213,0,13.3309927,-0.820744038,10.7904425,0,,,,50
60146939,0.5,1,1,1.02303147,0.00805860758,0,0,0,15.9349623,-0.662386596,8.5565176,8.43064213,0,13.3309927,-0.662386596,10.7674112,0,,,,50
60148065,0.5,1,1,1.02303147,0.00805860758,0,0,0,15.9395075,-0.662386596,8.58062935,8.42853069,0,13.3095493,-0.662386596,10.7674112,0,,,,50
60149196,0.5,1,1,1.02303147,0.00805860758,0,0,0,15.9349623,-0.525694191,8.57460117,8.42853069,0,13.3309927,-0.525694191,10.74438,0,,,,50
60150323,0.5,1,1,1.02856994,0.00805860758,0,0,0,15.9395075,-0.525694191,8.53542042,8.42853069,0,13.3309927,-0.525694191,10.74438,0,,,,50
60151459,0.5,1,1,1.02856994,0.0161172152,0,0,0,15.9349623,-0.422406763,8.57460117,8.43064213,0,13.3238449,-0.422406763,10.7158098,0,,,,50
60152586,0.5,1,1,1.02856994,0.0322344303,0,0,0,15.9349623,-0.422406763,8.53843403,8.43064213,0,13.3166971,-0.422406763,10.7158098,0,,,,50
60153716,0.5,1,1,1.02856994,0.0241758227,0,0,0,15.9349623,-0.363283873,8.54747581,8.42853069,0,13.3309927,-0.363283873,10.6872396,0,,,,50
60154843,0.5,1,1,1.02856994,0.0241758227,0,0,0,15.9349623,-0.363283873,8.52939224,8.42853069,0,13.3381405,-0.363283873,10.6872396,0,,,,50
60155973,0.5,1,1,1.02856994,0.0161172152,0,0,0,15.9349623,-0.341585338,8.51733685,8.42853069,0,13.3309927,-0.341585338,10.6586695,0,,,,50
60157100,0.5,1,1,1.02856994,0.0241758227,0,0,0,15.9349623,-0.341585338,8.52035046,8.42430782,0,13.3166971,-0.341585338,10.6586695,0,,,,50
60158435,0.5,1,1,1.02856994,0.0402930379,0,0,0,15.9395075,-0.345110208,8.53843403,8.43064213,0,13.3309927,-0.345110208,10.6301003,0,,,,50
60159566,0.5,1,1,1.02856994,0.0241758227,0,0,0,15.9349623,-0.345110208,8.54747581,8.43275356,0,13.3309927,-0.345110208,10.6301003,0,,,,50
60160697,0.5,1,1,1.02856994,0.0241758227,0,0,0,15.9349623,-0.36524713,8.58364296,8.43064213,0,13.3166971,-0.36524713,10.6015301,0,,,,50
60161823,0.5,1,1,0.98102355,0.0241758227,0,0,0,15.9349623,-0.36524713,8.54747581,8.43064213,0,13.3309927,-0.36524713,10.6015301,0,,,,50
60162954,0.5,1,1,0.98102355,0.0322344303,0,0,0,15.9395075,-0.307696611,8.52336502,8.42853069,0,13.3309927,-0.307696611,10.6205063,0,,,,50
60164080,0.5,1,1,0.98102355,0.0241758227,0,0,0,15.9304171,-0.307696611,8.55350399,8.42853069,0,13.3095493,-0.307696611,10.6205063,0,,,,50
60165211,0.5,1,1,0.98102355,0.0241758227,0,0,0,15.9349623,-0.0704608932,8.56254578,8.42219639,0,13.3309927,-0.0704608932,10.6394825,0,,,,50
60166337,0.5,1,1,0.98102355,0.0241758227,0,0,0,15.9349623,-0.0704608932,8.55350399,8.42853069,0,13.3309927,-0.0704608932,10.6394825,0,,,,50
60167472,0.5,1,1,0.98102355,0.0402930379,0,0,0,15.9349623,0.306945026,8.52939224,8.42853069,0,13.3309927,0.306945026,10.6584587,0,,,,50
60168599,0.5,1,1,0.98102355,0.0241758227,0,0,0,15.9395075,0.306945026,8.53542042,8.42853069,0,13.3238449,0.306945026,10.6584587,0,,,,50
60169730,0.5,1,1,0.98102355,0.0322344303,0,0,0,15.9304171,0.742007732,8.51130867,8.42853069,0,13.3309927,0.742007732,10.6774359,0,,,,50
60170856,0.5,1,1,0.949957848,0.0322344303,0,0,0,15.9349623,0.742007732,8.52637863,8.42853069,0,13.3309927,0.742007732,10.6774359,0,,,,50
60171987,0.5,1,1,0.949957848,0.0483516455,0,0,0,15.9304171,1.24152386,8.52035046,8.42853069,0,13.3238449,1.24152386,10.727478,0,,,,50
60173114,0.5,1,1,0.949957848,0.056410253,0,0,0,15.9349623,1.24152386,8.51733685,8.42853069,0,13.3309927,1.24152386,10.727478,0,,,,50
60174249,0.5,1,1,0.949957848,0.0483516455,0,0,0,15.9304171,1.8396014,8.52336502,8.43064213,0,13.3238449,1.8396014,10.7775202,0,,,,50
60175375,0.5,1,1,0.936908007,0.056410253,0,0,0,15.9349623,1.8396014,8.50829506,8.42430782,0,13.3309927,1.8396014,10.7775202,0,,,,50
60176506,0.5,1,1,0.936908007,0.0805860758,0,0,0,15.9304171,2.5170126,8.49925327,8.42430782,0,13.3238449,2.5170126,10.8406115,0,,,,50
60177633,0.5,1,1,0.936908007,0.0644688606,0,0,0,15.9349623,2.5170126,8.4932251,8.41586208,0,13.3309927,2.5170126,10.8406115,0,,,,50
60178968,0.5,0.899999976,1,0.936908007,0.0725274682,0.00805860758,0,0,15.9349623,3.23880458,8.50829506,8.41375065,0,13.3238449,3.23880458,10.9037037,0,,,,50
60180094,0.5,0.909090936,1,0.936908007,0.0805860758,0.00805860758,0,0,15.9349623,3.23880458,8.46308613,8.40319443,0,13.3238449,3.23880458,10.9037037,0,,,,50
60181225,0.5,0.785714269,1,0.936908007,0.0886446834,0.0241758227,0,0,15.9349623,3.95837498,8.50528145,8.39897156,0,13.3238449,3.95837498,10.9667959,0,,,,50
60182356,0.5,0.75,1,0.936908007,0.0967032909,0.0322344303,0,0,15.9304171,3.95837498,8.4811697,8.38841438,0,13.3238449,3.95837498,10.9667959,0,,,,50
60183487,0.5,0.789473712,1,0.936908007,0.120879114,0.0322344303,0,0,15.9349623,4.6350174,8.47212791,8.39263725,0,13.3238449,4.6350174,11.0298872,0,,,,50
60184613,0.5,0.736842096,1,0.936908007,0.112820506,0.0402930379,0,0,15.9304171,4.6350174,8.46007252,8.38419151,0,13.3238449,4.6350174,11.0298872,0,,,,50
60185744,0.5,0.680000007,1,0.936908007,0.136996329,0.0644688606,0,0,15.9304171,5.2480607,8.39075184,8.39263725,0,13.3238449,5.2480607,11.0929794,0,,,,50
60186870,0.5,0.703703701,1,0.936908007,0.153113544,0.0644688606,0,0,15.9304171,5.2480607,8.46609974,8.38419151,0,13.3238449,5.2480607,11.0929794,0,,,,50
60188001,0.5,0.666666687,1,0.942440689,0.145054936,0.0725274682,0,0,15.9258718,5.77934074,8.60474014,8.35885525,0,13.3309927,5.77934074,11.1505384,0,,,,50
60189127,0.5,0.657894731,1,0.942440689,0.201465189,0.104761899,0,0,15.9349623,5.77934074,8.41184998,8.34618759,0,13.3238449,5.77934074,11.1505384,0,,,,50
60190263,0.5,0.513513505,1,0.942440689,0.153113544,0.145054936,0,0,15.9258718,6.21746111,8.52035046,8.3039608,0,13.3238449,6.21746111,11.2080975,0,,,,50
60191389,0.5,0.524999976,1,0.942440689,0.169230759,0.153113544,0,0,15.9213276,6.21746111,8.41184998,8.3525219,0,13.3166971,6.21746111,11.2080975,0,,,,50
60192520,0.5,0.64864862,1,0.913734734,0.193406582,0.104761899,0,0,15.9213276,6.62518311,8.42993259,8.30184937,0,13.3238449,6.62518311,11.294363,0,,,,50
60193646,0.5,0.454545468,1,0.913734734,0.120879114,0.145054936,0,0,15.9258718,6.62518311,8.4811697,8.35885525,0,13.3238449,6.62518311,11.294363,0,,,,50
60194777,0.5,0.583333313,1,0.913734734,0.225641012,0.161172152,0,0,15.9213276,7.07828522,8.39979362,8.33563042,0,13.3238449,7.07828522,11.3806286,0,,,,50
60195903,0.5,0.553571403,1,0.913944006,0.249816835,0.201465189,0,0,15.907692,7.07828522,8.36664104,8.30607224,0,13.3095493,7.07828522,11.3806286,0,,,,50
60197034,0.5,0.558823526,1,0.913944006,0.306227088,0.241758227,0,0,15.9031467,7.56469202,8.32444572,8.29129219,0,13.3024006,7.56469202,11.4666843,0,,,,50
60198165,0.5,0.540540516,1,0.913944006,0.322344303,0.273992658,0,0,15.8986015,7.56469202,8.30636215,8.28073597,0,13.3166971,7.56469202,11.4666843,0,,,,50
60199296,0.5,0.545454562,1,0.913944006,0.338461518,0.282051265,0,0,15.8986015,8.04443455,8.28526497,8.26384449,0,13.3095493,8.04443455,11.5527401,0,,,,50
60200626,0.5,0.549295783,1,0.913944006,0.314285696,0.257875443,0,0,15.907692,8.04443455,8.3304739,8.29340363,0,13.3166971,8.04443455,11.5527401,0,,,,50
60201757,0.5,0.55737704,1,0.913944006,0.273992658,0.217582405,0,0,15.9122372,8.49552536,8.37568283,8.31662846,0,13.3166971,8.49552536,11.6387959,0,,,,50
60202884,0.5,0.555555582,1,0.913944006,0.241758227,0.193406582,0,0,15.9167824,8.49552536,8.37869644,8.32296276,0,13.3095493,8.49552536,11.6387959,0,,,,50
60204014,0.5,0.584905684,1,0.913944006,0.249816835,0.177289367,0,0,15.9122372,8.90732288,8.3937664,8.32296276,0,13.3166971,8.90732288,11.7248516,0,,,,50
60205145,0.5,0.578947365,1,0.934932113,0.26593405,0.193406582,0,0,15.9167824,8.90732288,8.37568283,8.32718563,0,13.3166971,8.90732288,11.7248516,0,,,,50
60206276,0.5,0.535714269,1,0.934932113,0.241758227,0.209523797,0,0,15.907692,9.23720932,8.36664104,8.30607224,0,13.3166971,9.23720932,11.7899199,0,,,,50
60207402,0.5,0.559322059,1,0.934932113,0.26593405,0.209523797,0,0,15.907692,9.23720932,8.33348751,8.31029415,0,13.3095493,9.23720932,11.7899199,0,,,,50
60208533,0.5,0.557142854,1,0.934932113,0.314285696,0.249816835,0,0,15.9031467,9.44261265,8.31239033,8.29129219,0,13.3095493,9.44261265,11.8549871,0,,,,50
60209659,0.5,0.555555582,1,0.928513587,0.322344303,0.257875443,0,0,15.9031467,9.44261265,8.32745934,8.28706932,0,13.3095493,9.44261265,11.8549871,0,,,,50
60210790,0.5,0.554054081,1,0.928513587,0.330402911,0.26593405,0,0,15.907692,9.55718613,8.33348751,8.29129219,0,13.3095493,9.55718613,11.9264736,0,,,,50
60211917,0.5,0.557142854,1,0.928513587,0.314285696,0.249816835,0,0,15.9031467,9.55718613,8.3425293,8.29129219,0,13.3095493,9.55718613,11.9264736,0,,,,50
60213053,0.5,0.550724626,1,0.94255203,0.306227088,0.249816835,0,0,15.9031467,9.60958481,8.33951569,8.29551506,0,13.3024006,9.60958481,11.9839211,0,,,,50
60214179,0.5,0.5625,1,0.94255203,0.290109873,0.225641012,0,0,15.907692,9.60958481,8.3425293,8.31029415,0,13.3166971,9.60958481,11.9839211,0,,,,50
60215310,0.5,0.55737704,1,0.94255203,0.273992658,0.217582405,0,0,15.907692,9.59288406,8.32745934,8.31873989,0,13.3166971,9.59288406,12.0413694,0,,,,50
60216436,0.5,0.546875,1,0.94255203,0.282051265,0.23369962,0,0,15.907692,9.59288406,8.36362648,8.30818272,0,13.3166971,9.59288406,12.0413694,0,,,,50
60217567,0.5,0.560606062,1,0.984533727,0.29816848,0.23369962,0,0,15.907692,9.44839096,8.35157108,8.30607224,0,13.3095493,9.44839096,12.0568352,0,,,,50
60218694,0.5,0.545454562,1,0.984533727,0.290109873,0.241758227,0,0,15.907692,9.44839096,8.31841755,8.30607224,0,13.3166971,9.44839096,12.0568352,0,,,,50
60219824,0.5,0.53125,1,0.984533727,0.273992658,0.241758227,0,0,15.907692,9.11908531,8.38773823,8.30184937,0,13.3166971,9.11908531,12.0723019,0,,,,50
60221160,0.5,0.546875,1,0.984533727,0.282051265,0.23369962,0,0,15.907692,9.11908531,8.34554291,8.3039608,0,13.3166971,9.11908531,12.0723019,0,,,,50
60222291,0.5,0.566666663,1,0.984533727,0.273992658,0.209523797,0,0,15.907692,8.6604948,8.38171005,8.31451702,0,13.3166971,8.6604948,12.0877676,0,,,,50
60223417,0.5,0.564516127,1,0.984533727,0.282051265,0.217582405,0,0,15.9122372,8.6604948,8.38472462,8.31240559,0,13.3166971,8.6604948,12.0877676,0,,,,50
60224548,0.5,0.542372882,1,0.984533727,0.257875443,0.217582405,0,0,15.9167824,8.15775108,8.37568283,8.31873989,0,13.3095493,8.15775108,12.1032343,0,,,,50
60225674,0.5,0.563636363,1,0.984533727,0.249816835,0.193406582,0,0,15.9167824,8.15775108,8.36965466,8.32296276,0,13.3166971,8.15775108,12.1032343,0,,,,50
60226805,0.5,0.592592597,1,0.984533727,0.257875443,0.177289367,0,0,15.9167824,7.66244125,8.38171005,8.3314085,0,13.3166971,7.66244125,12.1187,0,,,,50
60227932,0.5,0.549019635,1,0.984533727,0.225641012,0.185347974,0,0,15.9213276,7.66244125,8.4058218,8.33351898,0,13.3238449,7.66244125,12.1187,0,,,,50
60229067,0.5,0.571428597,1,1.05915117,0.225641012,0.169230759,0,0,15.9213276,7.06537724,8.39979362,8.34829903,0,13.3024006,7.06537724,12.0595493,0,,,,50
60230194,0.5,0.553191483,1,1.05915117,0.209523797,0.169230759,0,0,15.9213276,7.06537724,8.3937664,8.33985329,0,13.3238449,7.06537724,12.0595493,0,,,,50
60231324,0.5,0.583333313,1,1.05915117,0.225641012,0.161172152,0,0,15.9258718,6.22766447,8.43596077,8.34196472,0,13.3238449,6.22766447,12.0003977,0,,,,50
60232451,0.5,0.547619045,1,1.05915117,0.185347974,0.153113544,0,0,15.9258718,6.22766447,8.44500256,8.34829903,0,13.3095493,6.22766447,12.0003977,0,,,,50
60233581,0.5,0.644444466,1,1.05915117,0.23369962,0.128937721,0,0,15.9304171,5.22094822,8.27320957,8.35885525,0,13.3238449,5.22094822,11.941246,0,,,,50
60234708,0.5,0.676470578,1,1.05915117,0.185347974,0.0886446834,0,0,15.9258718,5.22094822,8.4691143,8.36518955,0,13.3166971,5.22094822,11.941246,0,,,,50
60235843,0.5,0.666666687,1,1.05915117,0.145054936,0.0725274682,0,0,15.9304171,4.17705202,8.49623966,8.39052582,0,13.3166971,4.17705202,11.8820953,0,,,,50
60236970,0.5,0.689655185,1,1.04091382,0.161172152,0.0725274682,0,0,15.9304171,4.17705202,8.4811697,8.38630295,0,13.3238449,4.17705202,11.8820953,0,,,,50
60238101,0.5,0.75,1,1.04091382,0.145054936,0.0483516455,0,0,15.9349623,3.2076118,8.46308613,8.4074173,0,13.3238449,3.2076118,11.8411818,0,,,,50
60239227,0.5,0.789473712,1,1.04091382,0.120879114,0.0322344303,0,0,15.9304171,3.2076118,8.47815609,8.4074173,0,13.3238449,3.2076118,11.8411818,0,,,,50
60240357,0.5,0.823529422,1,1.04091382,0.112820506,0.0241758227,0,0,15.9304171,2.39247084,8.51733685,8.4074173,0,13.3238449,2.39247084,11.8002672,0,,,,50
60241484,0.5,0.692307711,1,1.05009151,0.0725274682,0.0322344303,0,0,15.9349623,2.39247084,8.51733685,8.41375065,0,13.3309927,2.39247084,11.8002672,0,,,,50
60242818,0.5,0.75,1,1.05009151,0.0725274682,0.0241758227,0,0,15.9349623,1.71755743,8.51130867,8.39897156,0,13.3238449,1.71755743,11.7501764,0,,,,50
60243950,0.5,0.642857134,1,1.05915117,0.0725274682,0.0402930379,0,0,15.9349623,1.71755743,8.52637863,8.41586208,0,13.3238449,1.71755743,11.7501764,0,,,,50
60245080,0.5,0.666666687,1,1.05915117,0.0483516455,0.0241758227,0,0,15.9349623,1.11941624,8.52035046,8.41797352,0,13.3095493,1.11941624,11.6910248,0,,,,50
60246207,0.5,0.75,1,1.05915117,0.0483516455,0.0161172152,0,0,15.9304171,1.11941624,8.52336502,8.41375065,0,13.3309927,1.11941624,11.6910248,0,,,,50
60247338,0.5,1,1,1.05915117,0.0322344303,0,0,0,15.9304171,0.563477457,8.53542042,8.42430782,0,13.3309927,0.563477457,11.6318741,0,,,,50
60248464,0.5,0.857142866,1,1.05999541,0.0483516455,0.00805860758,0,0,15.9349623,0.563477457,8.51432323,8.43064213,0,13.3309927,0.563477457,11.6318741,0,,,,50
60249595,0.5,1,1,1.05999541,0.0322344303,0,0,0,15.9349623,0.0518834144,8.52939224,8.42008495,0,13.3238449,0.0518834144,11.5718784,0,,,,50
60250722,0.5,1,1,1.05999541,0.0402930379,0,0,0,15.9349623,0.0518834144,8.55350399,8.42853069,0,13.3309927,0.0518834144,11.5718784,0,,,,50
60251857,0.5,1,1,1.07833052,0.0402930379,0,0,0,15.9349623,-0.442366153,8.50829506,8.42853069,0,13.3238449,-0.442366153,11.4935474,0,,,,50
60252984,0.5,1,1,1.07833052,0.0241758227,0,0,0,15.9349623,-0.442366153,8.568573,8.43697548,0,13.3309927,-0.442366153,11.4935474,0,,,,50
60254115,0.5,1,1,1.07833052,0.0241758227,0,0,0,15.9349623,-0.954776108,8.53843403,8.43697548,0,13.3309927,-0.954776108,11.4152174,0,,,,50
60255241,0.5,1,1,1.07833052,0.0402930379,0,0,0,15.9349623,-0.954776108,8.59569836,8.43486404,0,13.3238449,-0.954776108,11.4152174,0,,,,50
60256372,0.5,1,1,1.06879795,0.0322344303,0,0,0,15.9395075,-1.45257056,8.5565176,8.43064213,0,13.3238449,-1.45257056,11.3464193,0,,,,50
60257498,0.5,1,1,1.06879795,0.0241758227,0,0,0,15.9304171,-1.45257056,8.5444622,8.43486404,0,13.3309927,-1.45257056,11.3464193,0,,,,50
60258629,0.5,1,1,1.06879795,0.00805860758,0,0,0,15.9395075,-1.88766563,8.56254578,8.42853069,0,13.3238449,-1.88766563,11.2776213,0,,,,50
60259761,0.5,1,1,1.05915117,0.0161172152,0,0,0,15.9349623,-1.88766563,8.54747581,8.43275356,0,13.3309927,-1.88766563,11.2776213,0,,,,50
60260891,0.5,1,1,1.05915117,0.0161172152,0,0,0,15.9395075,-2.23599911,8.55953121,8.43275356,0,13.3309927,-2.23599911,11.2184706,0,,,,50
60262018,0.5,1,1,1.05915117,0.0241758227,0,0,0,15.9349623,-2.23599911,8.57158756,8.43275356,0,13.3238449,-2.23599911,11.2184706,0,,,,50
60263353,0.5,1,1,1.05355763,0.0241758227,0,0,0,15.9349623,-2.47835708,8.55953121,8.43275356,0,13.3309927,-2.47835708,11.1649122,0,,,,50
60264479,0.5,1,1,1.05355763,0.0241758227,0,0,0,15.9349623,-2.47835708,8.5444622,8.43064213,0,13.3309927,-2.47835708,11.1649122,0,,,,50
60265610,0.5,1,1,1.05355763,0.0161172152,0,0,0,15.9349623,-2.62176919,8.5444622,8.43275356,0,13.3309927,-2.62176919,11.1113548,0,,,,50
60266741,0.5,1,1,1.04077804,0.0241758227,0,0,0,15.9349623,-2.62176919,8.5565176,8.43275356,0,13.3309927,-2.62176919,11.1113548,0,,,,50
60267872,0.5,1,1,1.04077804,0.0161172152,0,0,0,15.9349623,-2.67340589,8.58062935,8.42853069,0,13.3309927,-2.67340589,11.0705767,0,,,,50
60268998,0.5,1,1,1.04077804,0.0322344303,0,0,0,15.9349623,-2.67340589,8.55048943,8.43275356,0,13.3309927,-2.67340589,11.0705767,0,,,,50
60270129,0.5,1,1,1.04077804,0.0402930379,0,0,0,15.9349623,-2.63503981,8.5565176,8.43064213,0,13.3309927,-2.63503981,11.0297985,0,,,,50
60271256,0.5,1,1,1.0275104,0.0322344303,0,0,0,15.9349623,-2.63503981,8.58062935,8.43064213,0,13.3309927,-2.63503981,11.0297985,0,,,,50
60272386,0.5,1,1,1.0275104,0.0322344303,0,0,0,15.9349623,-2.51213431,8.4932251,8.43064213,0,13.3309927,-2.51213431,11.0022888,0,,,,50
60273513,0.5,1,1,1.0275104,0.0241758227,0,0,0,15.9304171,-2.51213431,8.53542042,8.43064213,0,13.3238449,-2.51213431,11.0022888,0,,,,50
60274648,0.5,1,1,1.0275104,0.0241758227,0,0,0,15.9395075,-2.3122468,8.55953121,8.43064213,0,13.3309927,-2.3122468,10.9747782,0,,,,50
60275775,0.5,1,1,1.0275104,0.00805860758,0,0,0,15.9395075,-2.3122468,8.568573,8.43064213,0,13.3309927,-2.3122468,10.9747782,0,,,,50
60276905,0.5,0,1,1.0275104,0,0.00805860758,0,0,15.9440527,-2.06880999,8.58364296,8.43064213,0,13.3309927,-2.06880999,10.9472675,0,,,,50
60278032,0.5,0,1,1.0275104,0,0,0,0,15.9485979,-2.06880999,8.58665657,8.43064213,0,13.3309927,-2.06880999,10.9472675,0,,,,50
60279162,0.5,0,1,1.0275104,0,0,0,0,15.9395075,-1.81807899,8.58665657,8.42853069,0,13.3381405,-1.81807899,10.9197578,0,,,,50
60280289,0.5,0,1,1.0275104,0,0,0,0,15.9440527,-1.81807899,8.58665657,8.43064213,0,13.3381405,-1.81807899,10.9197578,0,,,,50
60281419,0.5,0,1,1.0275104,0,0,0,0,15.9349623,-1.58134139,8.58665657,8.43064213,0,13.3309927,-1.58134139,10.8922472,0,,,,50
60282551,0.5,0,1,1.0275104,0,0,0,0,15.9213276,-1.58134139,8.568573,8.42219639,0,13.3238449,-1.58134139,10.8922472,0,,,,50
60283886,0.5,1,1,1.0275104,0.00805860758,0,0,0,15.9349623,-1.37000227,8.55953121,8.42853069,0,13.3238449,-1.37000227,10.8647366,0,,,,50
60285012,0.5,1,1,1.0275104,0.00805860758,0,0,0,15.9349623,-1.37000227,8.57158756,8.42853069,0,13.3238449,-1.37000227,10.8647366,0,,,,50
60286142,0.5,1,1,1.0275104,0.00805860758,0,0,0,15.9395075,-1.18903768,8.58062935,8.43064213,0,13.3238449,-1.18903768,10.8372259,0,,,,50
60287269,0.5,1,1,1.0275104,0.00805860758,0,0,0,15.9349623,-1.18903768,8.55048943,8.42853069,0,13.3238449,-1.18903768,10.8372259,0,,,,50
60288400,0.5,1,1,1.0275104,0.00805860758,0,0,0,15.9349623,-1.03938556,8.54144764,8.43275356,0,13.3095493,-1.03938556,10.8097162,0,,,,50
60289526,0.5,0,1,1.0275104,0,0,0,0,15.9349623,-1.03938556,8.57158756,8.43064213,0,13.3309927,-1.03938556,10.8097162,0,,,,50
60290662,0.5,0,1,1.0275104,0,0,0,0,15.9349623,-0.919585407,8.56254578,8.42853069,0,13.3309927,-0.919585407,10.7822056,0,,,,50
60291788,0.5,0,1,1.0275104,0,0,0,0,15.9395075,-0.919585407,8.58665657,8.42853069,0,13.3309927,-0.919585407,10.7822056,0,,,,50
60292919,0.5,1,1,1.0275104,0.00805860758,0,0,0,15.9304171,-0.826880991,8.56254578,8.42853069,0,13.3309927,-0.826880991,10.7546949,0,,,,50
60294045,0.5,1,1,1.0275104,0.0161172152,0,0,0,15.9349623,-0.826880991,8.56254578,8.42853069,0,13.3166971,-0.826880991,10.7546949,0,,,,50
60295175,0.5,1,1,1.0275104,0.0161172152,0,0,0,15.9349623,-0.757941186,8.5565176,8.42219639,0,13.3238449,-0.757941186,10.7271843,0,,,,50
60296302,0.5,1,1,1.0275104,0.00805860758,0,0,0,15.9349623,-0.757941186,8.58665657,8.42853069,0,13.3238449,-0.757941186,10.7271843,0,,,,50
60297437,0.5,1,1,1.0275104,0.0241758227,0,0,0,15.9349623,-0.709314883,8.56254578,8.42853069,0,13.3381405,-0.709314883,10.6996737,0,,,,50
60298564,0.5,1,1,0.98114419,0.0241758227,0,0,0,15.9349623,-0.709314883,8.5444622,8.43064213,0,13.3309927,-0.709314883,10.6996737,0,,,,50
60299695,0.5,1,1,0.98114419,0.0241758227,0,0,0,15.9349623,-0.59163487,8.5565176,8.43064213,0,13.3309927,-0.59163487,10.7185297,0,,,,50
60300821,0.5,1,1,0.98114419,0.0161172152,0,0,0,15.9395075,-0.59163487,8.55350399,8.43064213,0,13.3309927,-0.59163487,10.7185297,0,,,,50
60301952,0.5,1,1,0.98114419,0.0161172152,0,0,0,15.9304171,-0.306506574,8.53542042,8.42853069,0,13.3309927,-0.306506574,10.7373857,0,,,,50
60303078,0.5,1,1,0.98114419,0.0402930379,0,0,0,15.9349623,-0.306506574,8.48418331,8.42853069,0,13.3095493,-0.306506574,10.7373857,0,,,,50
60304209,0.5,1,1,0.935260832,0.0322344303,0,0,0,15.9349623,0.192582265,8.5565176,8.42853069,0,13.3309927,0.192582265,10.802125,0,,,,50
60305544,0.5,1,1,0.935260832,0.0241758227,0,0,0,15.9395075,0.192582265,8.53240585,8.42853069,0,13.3238449,0.192582265,10.802125,0,,,,50
60306674,0.5,1,1,0.935260832,0.0322344303,0,0,0,15.9395075,0.919997454,8.5444622,8.43064213,0,13.3095493,0.919997454,10.8668642,0,,,,50
60307801,0.5,1,1,0.935041606,0.0402930379,0,0,0,15.9349623,0.919997454,8.51733685,8.42430782,0,13.3238449,0.919997454,10.8668642,0,,,,50
60308932,0.5,1,1,0.935041606,0.0644688606,0,0,0,15.9304171,1.78640091,8.51432323,8.42008495,0,13.3238449,1.78640091,10.9318228,0,,,,50
60310059,0.5,1,1,0.935041606,0.0644688606,0,0,0,15.9349623,1.78640091,8.49623966,8.42430782,0,13.3238449,1.78640091,10.9318228,0,,,,50
60311189,0.5,1,1,0.935041606,0.0483516455,0,0,0,15.9349623,2.68259549,8.52336502,8.41797352,0,13.3166971,2.68259549,10.9967804,0,,,,50
60312316,0.5,1,1,0.949957848,0.0725274682,0,0,0,15.9349623,2.68259549,8.44801617,8.39686012,0,13.3309927,2.68259549,10.9967804,0,,,,50
60313451,0.5,0.785714269,1,0.949957848,0.0886446834,0.0241758227,0,0,15.9395075,3.51593089,8.52939224,8.40319443,0,13.3309927,3.51593089,11.0468225,0,,,,50
60314577,0.5,0.833333313,1,0.949957848,0.0805860758,0.0161172152,0,0,15.9304171,3.51593089,8.568573,8.39897156,0,13.3309927,3.51593089,11.0468225,0,,,,50
60315708,0.5,0.75,1,0.927973628,0.0725274682,0.0241758227,0,0,15.9349623,4.26099586,8.50226688,8.38841438,0,13.3309927,4.26099586,11.1188488,0,,,,50
60316835,0.5,0.722222209,1,0.927973628,0.104761899,0.0402930379,0,0,15.9304171,4.26099586,8.4811697,8.39474869,0,13.3309927,4.26099586,11.1188488,0,,,,50
60317965,0.5,0.631578922,1,0.927973628,0.0967032909,0.056410253,0,0,15.9349623,4.96024513,8.48719788,8.39686012,0,13.3309927,4.96024513,11.1908751,0,,,,50
60319092,0.5,0.699999988,1,0.927973628,0.112820506,0.0483516455,0,0,15.9349623,4.96024513,8.47212791,8.39263725,0,13.3309927,4.96024513,11.1908751,0,,,,50
60320227,0.5,0.782608688,1,0.927973628,0.145054936,0.0402930379,0,0,15.9304171,5.61680079,8.42993259,8.38630295,0,13.3238449,5.61680079,11.2629013,0,,,,50
60321353,0.5,0.730769217,1,0.92421186,0.153113544,0.056410253,0,0,15.9304171,5.61680079,8.48418331,8.37785816,0,13.3238449,5.61680079,11.2629013,0,,,,50
60322484,0.5,0.692307711,1,0.92421186,0.145054936,0.0644688606,0,0,15.9304171,6.21854877,8.51432323,8.36096668,0,13.3238449,6.21854877,11.3386898,0,,,,50
60323611,0.5,0.625,1,0.92421186,0.201465189,0.120879114,0,0,15.9258718,6.21854877,8.43294716,8.34618759,0,13.3024006,6.21854877,11.3386898,0,,,,50
60324741,0.5,0.594594598,1,0.92421186,0.177289367,0.120879114,0,0,15.9258718,6.76635218,8.43897438,8.34407616,0,13.3166971,6.76635218,11.4144773,0,,,,50
60326072,0.5,0.571428597,1,0.92421186,0.193406582,0.145054936,0,0,15.9258718,6.76635218,8.40280819,8.31240559,0,13.3024006,6.76635218,11.4144773,0,,,,50
60327202,0.5,0.581818163,1,0.92421186,0.257875443,0.185347974,0,0,15.9167824,7.25729084,8.40883541,8.32929707,0,13.3166971,7.25729084,11.4902658,0,,,,50
60328333,0.5,0.581395328,1,0.92421186,0.201465189,0.145054936,0,0,15.9213276,7.25729084,8.41184998,8.3314085,0,13.3166971,7.25729084,11.4902658,0,,,,50
60329464,0.5,0.559322059,1,0.92421186,0.26593405,0.209523797,0,0,15.9122372,7.68928862,8.36061287,8.30607224,0,13.3166971,7.68928862,11.5660534,0,,,,50
60330590,0.5,0.55384618,1,0.92421186,0.290109873,0.23369962,0,0,15.907692,7.68928862,8.33348751,8.29551506,0,13.3095493,7.68928862,11.5660534,0,,,,50
60331721,0.5,0.555555582,1,0.92421186,0.362637341,0.290109873,0,0,15.8940573,8.06494522,8.29430676,8.26384449,0,13.3095493,8.06494522,11.6418419,0,,,,50
60332847,0.5,0.510869563,1,0.927865684,0.378754556,0.362637341,0,0,15.8940573,8.06494522,8.3304739,8.28706932,0,13.3024006,8.06494522,11.6418419,0,,,,50
60333978,0.5,0.541666687,1,0.927865684,0.419047594,0.354578733,0,0,15.8895121,8.38257694,8.23402786,8.23850822,0,13.3024006,8.38257694,11.7139759,0,,,,50
60335105,0.5,0.529411793,1,0.927865684,0.362637341,0.322344303,0,0,15.9031467,8.38257694,8.31841755,8.27017879,0,13.3166971,8.38257694,11.7139759,0,,,,50
60336240,0.5,0.545454562,1,0.927865684,0.290109873,0.241758227,0,0,15.9167824,8.64088058,8.35759926,8.29973793,0,13.3166971,8.64088058,11.7861099,0,,,,50
60337367,0.5,0.545454562,1,0.927865684,0.241758227,0.201465189,0,0,15.9167824,8.64088058,8.38773823,8.31451702,0,13.3166971,8.64088058,11.7861099,0,,,,50
60338498,0.5,0.549019635,1,0.92048049,0.225641012,0.185347974,0,0,15.9213276,8.86328316,8.38773823,8.32929707,0,13.3238449,8.86328316,11.8656292,0,,,,50
60339624,0.5,0.557692289,1,0.92048049,0.23369962,0.185347974,0,0,15.9167824,8.86328316,8.36362648,8.32296276,0,13.3095493,8.86328316,11.8656292,0,,,,50
60340755,0.5,0.553571403,1,1.04077804,0.249816835,0.201465189,0,0,15.9122372,8.85435772,8.37568283,8.31029415,0,13.3095493,8.85435772,11.824851,0,,,,50
60341881,0.5,0.559322059,1,1.04077804,0.26593405,0.209523797,0,0,15.907692,8.85435772,8.36965466,8.30607224,0,13.3166971,8.85435772,11.824851,0,,,,50
60343012,0.5,0.550724626,1,1.04077804,0.306227088,0.249816835,0,0,15.907692,8.36967659,8.32143211,8.29973793,0,13.3095493,8.36967659,11.7840729,0,,,,50
60344143,0.5,0.54285717,1,1.04077804,0.306227088,0.257875443,0,0,15.907692,8.36967659,8.36061287,8.29129219,0,13.3166971,8.36967659,11.7840729,0,,,,50
60345274,0.5,0.537313461,1,1.04077804,0.290109873,0.249816835,0,0,15.907692,7.51058578,8.33650112,8.30184937,0,13.2952528,7.51058578,11.7432947,0,,,,50
60346400,0.5,0.560606062,1,1.04077804,0.29816848,0.23369962,0,0,15.907692,7.51058578,8.33951569,8.3039608,0,13.3166971,7.51058578,11.7432947,0,,,,50
60347735,0.5,0.571428597,1,1.04077804,0.257875443,0.193406582,0,0,15.9167824,6.48800278,8.38171005,8.32296276,0,13.2952528,6.48800278,11.7025175,0,,,,50
60348861,0.5,0.5625,1,1.04077804,0.217582405,0.169230759,0,0,15.9213276,6.48800278,8.4058218,8.33985329,0,13.3095493,6.48800278,11.7025175,0,,,,50
60349992,0.5,0.526315808,1,1.04077804,0.161172152,0.145054936,0,0,15.9304171,5.43301582,8.39075184,8.31451702,0,13.3238449,5.43301582,11.6617393,0,,,,50
60351123,0.5,0.526315808,1,1.04077804,0.161172152,0.145054936,0,0,15.9304171,5.43301582,8.44198895,8.36096668,0,13.3238449,5.43301582,11.6617393,0,,,,50
60352254,0.5,0.515151501,1,1.04077804,0.136996329,0.128937721,0,0,15.9258718,4.42339039,8.39075184,8.37363529,0,13.3238449,4.42339039,11.6209612,0,,,,50
60353380,0.5,0.600000024,1,1.04077804,0.145054936,0.0967032909,0,0,15.9258718,4.42339039,8.43294716,8.37363529,0,13.3238449,4.42339039,11.6209612,0,,,,50
60354511,0.5,0.653846145,1,1.04077804,0.136996329,0.0725274682,0,0,15.9304171,3.50124574,8.44801617,8.38208103,0,13.3238449,3.50124574,11.580183,0,,,,50
60355637,0.5,0.720000029,1,1.04077804,0.145054936,0.056410253,0,0,15.9258718,3.50124574,8.47212791,8.38630295,0,13.3309927,3.50124574,11.580183,0,,,,50
60356767,0.5,0.818181813,1,1.04077804,0.145054936,0.0322344303,0,0,15.9258718,2.68539596,8.48418331,8.39686012,0,13.3238449,2.68539596,11.5394049,0,,,,50
60357894,0.5,0.761904776,1,1.03176177,0.128937721,0.0402930379,0,0,15.9304171,2.68539596,8.47212791,8.40530586,0,13.3309927,2.68539596,11.5394049,0,,,,50
60359029,0.5,0.714285731,1,1.03176177,0.0805860758,0.0322344303,0,0,15.9349623,1.99669433,8.51130867,8.39897156,0,13.3238449,1.99669433,11.5076427,0,,,,50
60360155,0.5,0.769230783,1,1.03176177,0.0805860758,0.0241758227,0,0,15.9349623,1.99669433,8.52939224,8.40952778,0,13.3238449,1.99669433,11.5076427,0,,,,50
60361286,0.5,0.833333313,1,1.03176177,0.0805860758,0.0161172152,0,0,15.9304171,1.44903398,8.55953121,8.41797352,0,13.3309927,1.44903398,11.4758816,0,,,,50
60362413,0.5,0.777777791,1,1.0410496,0.056410253,0.0161172152,0,0,15.9349623,1.44903398,8.50829506,8.40952778,0,13.3238449,1.44903398,11.4758816,0,,,,50
60363544,0.5,0.75,1,1.0410496,0.0483516455,0.0161172152,0,0,15.9349623,1.00770152,8.52637863,8.40952778,0,13.3309927,1.00770152,11.4348316,0,,,,50
60364670,0.5,0.857142866,1,1.04981518,0.0483516455,0.00805860758,0,0,15.9349623,1.00770152,8.52939224,8.42430782,0,13.3238449,1.00770152,11.4348316,0,,,,50
60365801,0.5,1,1,1.04981518,0.0402930379,0,0,0,15.9349623,0.60970372,8.52939224,8.42219639,0,13.3309927,0.60970372,11.3850164,0,,,,50
60366932,0.5,1,1,1.04981518,0.0402930379,0,0,0,15.9349623,0.60970372,8.5444622,8.42008495,0,13.3309927,0.60970372,11.3850164,0,,,,50
60368267,0.5,1,1,1.04981518,0.0402930379,0,0,0,15.9349623,0.223279193,8.55953121,8.42853069,0,13.3309927,0.223279193,11.3352013,0,,,,50
60369393,0.5,1,1,1.02737808,0.0483516455,0,0,0,15.9349623,0.223279193,8.51733685,8.42853069,0,13.3238449,0.223279193,11.3352013,0,,,,50
60370524,0.5,1,1,1.02737808,0.0402930379,0,0,0,15.9304171,-0.103073508,8.52637863,8.43486404,0,13.3238449,-0.103073508,11.3078232,0,,,,50
60371651,0.5,1,1,1.02737808,0.0402930379,0,0,0,15.9349623,-0.103073508,8.51432323,8.43275356,0,13.3238449,-0.103073508,11.3078232,0,,,,50
60372781,0.5,1,1,1.02737808,0.0402930379,0,0,0,15.9349623,-0.311167657,8.51733685,8.43275356,0,13.3309927,-0.311167657,11.2804451,0,,,,50
60373907,0.5,1,1,1.02737808,0.0322344303,0,0,0,15.9349623,-0.311167657,8.54747581,8.43275356,0,13.3309927,-0.311167657,11.2804451,0,,,,50
60375043,0.5,1,1,1.02737808,0.0241758227,0,0,0,15.9349623,-0.416087985,8.52637863,8.43275356,0,13.3166971,-0.416087985,11.253067,0,,,,50
60376169,0.5,1,1,1.02737808,0.0241758227,0,0,0,15.9349623,-0.416087985,8.54144764,8.43486404,0,13.3095493,-0.416087985,11.253067,0,,,,50
60377299,0.5,1,1,1.02737808,0.0241758227,0,0,0,15.9349623,-0.457087636,8.5444622,8.43275356,0,13.3309927,-0.457087636,11.2256889,0,,,,50
60378426,0.5,1,1,1.02737808,0.0322344303,0,0,0,15.9304171,-0.457087636,8.53240585,8.43275356,0,13.3238449,-0.457087636,11.2256889,0,,,,50
60379557,0.5,1,1,1.02737808,0.0322344303,0,0,0,15.9349623,-0.460695207,8.54144764,8.43275356,0,13.3166971,-0.460695207,11.1983109,0,,,,50
60380683,0.5,1,1,1.05929184,0.0322344303,0,0,0,15.9349623,-0.460695207,8.55953121,8.43275356,0,13.3238449,-0.460695207,11.1983109,0,,,,50
60381819,0.5,1,1,1.05929184,0.0322344303,0,0,0,15.9349623,-0.503854454,8.5444622,8.42641926,0,13.3309927,-0.503854454,11.139019,0,,,,50
60382945,0.5,1,1,1.05929184,0.0241758227,0,0,0,15.9349623,-0.503854454,8.56254578,8.43064213,0,13.3309927,-0.503854454,11.139019,0,,,,50
60384076,0.5,1,1,1.05929184,0.0241758227,0,0,0,15.9349623,-0.663723707,8.54144764,8.43064213,0,13.3095493,-0.663723707,11.0797272,0,,,,50
60385202,0.5,1,1,1.02711356,0.0241758227,0,0,0,15.9349623,-0.663723707,8.57158756,8.43064213,0,13.3238449,-0.663723707,11.0797272,0,,,,50
60386333,0.5,1,1,1.02711356,0.0241758227,0,0,0,15.9349623,-0.859327018,8.50528145,8.43064213,0,13.3238449,-0.859327018,11.0526133,0,,,,50
60387460,0.5,1,1,1.02711356,0.0322344303,0,0,0,15.9304171,-0.859327018,8.53542042,8.43275356,0,13.3024006,-0.859327018,11.0526133,0,,,,50
60388795,0.5,1,1,1.02290034,0.0241758227,0,0,0,15.9304171,-0.964217961,8.49623966,8.43275356,0,13.3309927,-0.964217961,11.0297127,0,,,,50
60389926,0.5,1,1,1.02290034,0.0161172152,0,0,0,15.9349623,-0.964217961,8.52637863,8.43275356,0,13.3309927,-0.964217961,11.0297127,0,,,,50
60391057,0.5,1,1,1.02290034,0.0161172152,0,0,0,15.9395075,-0.965674639,8.5444622,8.43064213,0,13.3238449,-0.965674639,11.006813,0,,,,50
60392184,0.5,1,1,1.02290034,0.0241758227,0,0,0,15.9395075,-0.965674639,8.53843403,8.43064213,0,13.3309927,-0.965674639,11.006813,0,,,,50
60393314,0.5,1,1,1.01859152,0.00805860758,0,0,0,15.9395075,-0.897008479,8.58364296,8.42853069,0,13.3238449,-0.897008479,10.9882212,0,,,,50
60394440,0.5,0,1,1.01859152,0,0,0,0,15.9395075,-0.897008479,8.568573,8.43064213,0,13.3309927,-0.897008479,10.9882212,0,,,,50
60395571,0.5,0,1,1.01859152,0,0,0,0,15.9349623,-0.781332612,8.57761478,8.43064213,0,13.3309927,-0.781332612,10.9696293,0,,,,50
60396698,0.5,0,1,1.00587988,0,0,0,0,15.9304171,-0.781332612,8.56555939,8.43064213,0,13.3238449,-0.781332612,10.9696293,0,,,,50
60397833,0.5,0,1,1.00587988,0,0,0,0,15.9349623,-0.619215071,8.568573,8.42853069,0,13.3238449,-0.619215071,10.9637499,0,,,,50
60398960,0.5,1,1,1.00587988,0.0241758227,0,0,0,15.9349623,-0.619215071,8.55048943,8.43064213,0,13.3309927,-0.619215071,10.9637499,0,,,,50
60400090,0.5,1,1,1.00587988,0.0241758227,0,0,0,15.9395075,-0.404529184,8.52637863,8.42853069,0,13.3238449,-0.404529184,10.9578695,0,,,,50
60401217,0.5,0.75,1,0.985141397,0.0241758227,0.00805860758,0,0,15.9395075,-0.404529184,8.5444622,8.43064213,0,13.3238449,-0.404529184,10.9578695,0,,,,50
60402347,0.5,1,1,0.985141397,0.0241758227,0,0,0,15.9349623,-0.12181966,8.53542042,8.42219639,0,13.3238449,-0.12181966,10.9727287,0,,,,50
60403474,0.5,1,1,0.985141397,0.0322344303,0,0,0,15.9349623,-0.12181966,8.53542042,8.43064213,0,13.3309927,-0.12181966,10.9727287,0,,,,50
60404605,0.5,1,1,0.973008811,0.0322344303,0,0,0,15.9349623,0.265332669,8.53542042,8.42853069,0,13.3309927,0.265332669,10.9997196,0,,,,50
60405736,0.5,1,1,0.973008811,0.0322344303,0,0,0,15.9349623,0.265332669,8.58062935,8.42853069,0,13.3309927,0.265332669,10.9997196,0,,,,50
60406867,0.5,1,1,0.973008811,0.0241758227,0,0,0,15.9349623,0.746871471,8.56555939,8.42853069,0,13.3309927,0.746871471,11.0267105,0,,,,50
60407993,0.5,1,1,0.973008811,0.0483516455,0,0,0,15.9349623,0.746871471,8.51130867,8.42219639,0,13.3095493,0.746871471,11.0267105,0,,,,50
60409124,0.5,1,1,0.969227016,0.0483516455,0,0,0,15.9349623,1.27365422,8.50528145,8.42853069,0,13.3309927,1.27365422,11.0574837,0,,,,50
60410454,0.5,1,1,0.969227016,0.0483516455,0,0,0,15.9349623,1.27365422,8.50829506,8.42430782,0,13.3309927,1.27365422,11.0574837,0,,,,50
60411585,0.5,1,1,0.969227016,0.0483516455,0,0,0,15.9349623,1.80582523,8.52336502,8.42641926,0,13.3238449,1.80582523,11.0882568,0,,,,50
60412717,0.5,1,1,0.957595706,0.0483516455,0,0,0,15.9349623,1.80582523,8.55350399,8.42641926,0,13.3309927,1.80582523,11.0882568,0,,,,50
60413847,0.5,1,1,0.957595706,0.0725274682,0,0,0,15.9349623,2.33480883,8.41486359,8.41375065,0,13.3238449,2.33480883,11.130661,0,,,,50
60414974,0.5,1,1,0.957595706,0.056410253,0,0,0,15.9304171,2.33480883,8.52035046,8.40319443,0,13.3238449,2.33480883,11.130661,0,,,,50
60416105,0.5,0.875,1,0.957595706,0.056410253,0.00805860758,0,0,15.9349623,2.86463976,8.48418331,8.41586208,0,13.3309927,2.86463976,11.1730652,0,,,,50
60417231,0.5,0.857142866,1,0.974196732,0.0483516455,0.00805860758,0,0,15.9349623,2.86463976,8.51130867,8.4074173,0,13.3309927,2.86463976,11.1730652,0,,,,50
60418362,0.5,0.785714269,1,0.974196732,0.0886446834,0.0241758227,0,0,15.9349623,3.34551978,8.50829506,8.39686012,0,13.3309927,3.34551978,11.1988688,0,,,,50
60419488,0.5,0.833333313,1,0.974196732,0.0805860758,0.0161172152,0,0,15.9349623,3.34551978,8.49021149,8.40108299,0,13.3238449,3.34551978,11.1988688,0,,,,50
60420623,0.5,0.692307711,1,0.981264889,0.0725274682,0.0322344303,0,0,15.9349623,3.70794225,8.50829506,8.40108299,0,13.3309927,3.70794225,11.2176037,0,,,,50
60421750,0.5,0.764705896,1,0.981264889,0.104761899,0.0322344303,0,0,15.9349623,3.70794225,8.44500256,8.39686012,0,13.3238449,3.70794225,11.2176037,0,,,,50
60422881,0.5,0.789473712,1,0.981264889,0.120879114,0.0322344303,0,0,15.9258718,3.94199491,8.46007252,8.39052582,0,13.3238449,3.94199491,11.2363386,0,,,,50
60424007,0.5,0.800000012,1,0.981264889,0.128937721,0.0322344303,0,0,15.9349623,3.94199491,8.44198895,8.39897156,0,13.3238449,3.94199491,11.2363386,0,,,,50
60425138,0.5,0.739130437,1,0.972060561,0.136996329,0.0483516455,0,0,15.9304171,4.09788275,8.47212791,8.38630295,0,13.3238449,4.09788275,11.2642775,0,,,,50
60426264,0.5,0.772727251,1,0.972060561,0.136996329,0.0402930379,0,0,15.9304171,4.09788275,8.43294716,8.39474869,0,13.3238449,4.09788275,11.2642775,0,,,,50
60427395,0.5,0.777777791,1,0.972060561,0.169230759,0.0483516455,0,0,15.9304171,4.22712851,8.43596077,8.38841438,0,13.3238449,4.22712851,11.2922173,0,,,,50
60428526,0.5,0.678571403,1,0.972060561,0.153113544,0.0725274682,0,0,15.9304171,4.22712851,8.4178772,8.36518955,0,13.3024006,4.22712851,11.2922173,0,,,,50
60429657,0.5,0.720000029,1,0.942440689,0.145054936,0.056410253,0,0,15.9304171,4.39926481,8.46007252,8.38208103,0,13.3238449,4.39926481,11.3497763,0,,,,50
60430987,0.5,0.75757575,1,0.942440689,0.201465189,0.0644688606,0,0,15.9258718,4.39926481,8.4178772,8.3799696,0,13.3238449,4.39926481,11.3497763,0,,,,50
60432118,0.5,0.689655185,1,0.942440689,0.161172152,0.0725274682,0,0,15.9304171,4.67459965,8.45103073,8.36307812,0,13.3309927,4.67459965,11.4073353,0,,,,50
60433245,0.5,0.730769217,1,0.942440689,0.153113544,0.056410253,0,0,15.9304171,4.67459965,8.44198895,8.39052582,0,13.3238449,4.67459965,11.4073353,0,,,,50
60434375,0.5,0.606060624,1,0.946464896,0.161172152,0.104761899,0,0,15.9304171,5.01983833,8.47212791,8.36518955,0.00714798551,13.3238449,5.01983833,11.4608707,0,,,,50
60435502,0.5,0.555555582,1,0.946464896,0.161172152,0.128937721,0,0,15.9167824,5.01983833,8.40280819,8.3525219,0,13.3166971,5.01983833,11.4608707,0,,,,50
60436637,0.5,0.615384638,1,0.946464896,0.193406582,0.120879114,0,0,15.9167824,5.37524557,8.41486359,8.3525219,0,13.3166971,5.37524557,11.5144062,0,,,,50
60437764,0.5,0.558139563,1,0.957595706,0.193406582,0.153113544,0,0,15.9167824,5.37524557,8.39678001,8.33563042,0,13.3238449,5.37524557,11.5144062,0,,,,50
60438894,0.5,0.568627477,1,0.957595706,0.23369962,0.177289367,0,0,15.9167824,5.6926589,8.38472462,8.3250742,0,13.3166971,5.6926589,11.5568104,0,,,,50
60440020,0.5,0.555555582,1,0.957595706,0.241758227,0.193406582,0,0,15.9167824,5.6926589,8.37568283,8.31662846,0,13.3166971,5.6926589,11.5568104,0,,,,50
60441151,0.5,0.583333313,1,0.957595706,0.225641012,0.161172152,0,0,15.9258718,5.93869638,8.39979362,8.33985329,0,13.3238449,5.93869638,11.5992146,0,,,,50
60442278,0.5,0.586956501,1,0.945903897,0.217582405,0.153113544,0,0,15.9258718,5.93869638,8.46007252,8.35463333,0,13.3238449,5.93869638,11.5992146,0,,,,50
60443413,0.5,0.638888896,1,0.945903897,0.185347974,0.104761899,0,0,15.9213276,6.14062738,8.63487911,8.36307812,0,13.3238449,6.14062738,11.6533098,0,,,,50
60444540,0.5,0.583333313,1,0.945903897,0.169230759,0.120879114,0,0,15.9258718,6.14062738,8.53542042,8.35885525,0,13.3238449,6.14062738,11.6533098,0,,,,50
60445670,0.5,0.482758611,1,0.949731648,0.112820506,0.120879114,0,0,15.9304171,6.33467817,8.43294716,8.36096668,0,13.3238449,6.33467817,11.703578,0,,,,50
60446797,0.5,0.583333313,1,0.949731648,0.169230759,0.120879114,0,0,15.9304171,6.33467817,8.33348751,8.36307812,0,13.3238449,6.33467817,11.703578,0,,,,50
60447928,0.5,0.621621609,1,0.949731648,0.185347974,0.112820506,0,0,15.9304171,6.51654673,8.39979362,8.37574673,0,13.3095493,6.51654673,11.7538471,0,,,,50
60449054,0.5,0.558139563,1,0.949731648,0.193406582,0.153113544,0,0,15.9258718,6.51654673,8.44198895,8.35463333,0,13.3095493,6.51654673,11.7538471,0,,,,50
60450185,0.5,0.600000024,1,0.977059603,0.217582405,0.145054936,0,0,15.9258718,6.62831402,8.39075184,8.34618759,0,13.3238449,6.62831402,11.7767868,0,,,,50
60451316,0.5,0.56410259,1,0.977059603,0.177289367,0.136996329,0,0,15.9258718,6.62831402,8.41184998,8.40108299,0,13.3238449,6.62831402,11.7767868,0,,,,50
60452651,0.5,0.657142878,1,0.977059603,0.185347974,0.0967032909,0,0,15.9258718,6.61504793,8.43294716,8.32296276,0,13.3238449,6.61504793,11.7997274,0,,,,50
60453778,0.5,0.609756112,1,0.997580349,0.201465189,0.128937721,0,0,15.9258718,6.61504793,8.41184998,8.31662846,0,13.3238449,6.61504793,11.7997274,0,,,,50
60454908,0.5,0.5,1,0.997580349,0.120879114,0.120879114,0,0,15.9258718,6.46486473,8.42390537,8.32718563,0,13.3309927,6.46486473,11.8021469,0,,,,50
60456035,0.5,0.627906978,1,0.997580349,0.217582405,0.128937721,0,0,15.9349623,6.46486473,8.48719788,8.36307812,0,13.3166971,6.46486473,11.8021469,0,,,,50
60457166,0.5,0.558823526,1,0.997580349,0.153113544,0.120879114,0,0,15.9304171,6.18615437,8.43897438,8.36941242,0,13.3238449,6.18615437,11.8045664,0,,,,50
60458292,0.5,0.658536613,1,1.00600672,0.217582405,0.112820506,0,0,15.9304171,6.18615437,8.62885189,8.35674477,0,13.3238449,6.18615437,11.8045664,0,,,,50
60459428,0.5,0.586206913,1,1.00600672,0.136996329,0.0967032909,0,0,15.9213276,5.813591,8.53843403,8.36518955,0,13.3238449,5.813591,11.7985592,0,,,,50
60460554,0.5,0.533333361,1,1.00600672,0.128937721,0.112820506,0,0,15.9349623,5.813591,8.26416779,8.36941242,0,13.3309927,5.813591,11.7985592,0,,,,50
60461685,0.5,0.612903237,1,1.02303147,0.153113544,0.0967032909,0,0,15.9304171,5.35418892,8.43897438,8.37363529,0,13.3238449,5.35418892,11.775528,0,,,,50
60462811,0.5,0.717948735,1,1.02303147,0.225641012,0.0886446834,0,0,15.9304171,5.35418892,8.29732037,8.39263725,0,13.3238449,5.35418892,11.775528,0,,,,50
60463942,0.5,0.608695626,1,1.02303147,0.112820506,0.0725274682,0,0,15.9258718,4.81398773,8.43294716,8.37785816,0,13.3238449,4.81398773,11.7524967,0,,,,50
60465068,0.5,0.653846145,1,1.02303147,0.136996329,0.0725274682,0,0,15.9349623,4.81398773,8.44198895,8.38419151,0,13.3095493,4.81398773,11.7524967,0,,,,50
60466203,0.5,0.714285731,1,1.02724576,0.161172152,0.0644688606,0,0,15.9349623,4.23395777,8.49623966,8.39686012,0,13.3238449,4.23395777,11.7252512,0,,,,50
60467330,0.5,0.75,1,1.02724576,0.145054936,0.0483516455,0,0,15.9304171,4.23395777,8.45103073,8.37574673,0,13.3238449,4.23395777,11.7252512,0,,,,50
60468461,0.5,0.772727251,1,1.02724576,0.136996329,0.0402930379,0,0,15.9349623,3.65376925,8.49021149,8.39474869,0,13.3238449,3.65376925,11.6980047,0,,,,50
60469587,0.5,0.75,1,1.02303147,0.145054936,0.0483516455,0,0,15.9304171,3.65376925,8.47815609,8.39474869,0,13.3309927,3.65376925,11.6980047,0,,,,50
60470718,0.5,0.800000012,1,1.02303147,0.128937721,0.0322344303,0,0,15.9304171,3.1117239,8.47815609,8.40319443,0,13.3238449,3.1117239,11.6749735,0,,,,50
60471844,0.5,0.777777791,1,1.02303147,0.112820506,0.0322344303,0,0,15.9304171,3.1117239,8.47514153,8.40319443,0,13.3238449,3.1117239,11.6749735,0,,,,50
60473179,0.5,0.733333349,1,1.02303147,0.0886446834,0.0322344303,0,0,15.9304171,2.63667011,8.53240585,8.40108299,0,13.3238449,2.63667011,11.6519423,0,,,,50
60474310,0.5,0.733333349,1,1.02737808,0.0886446834,0.0322344303,0,0,15.9304171,2.63667011,8.50829506,8.4074173,0,13.3238449,2.63667011,11.6519423,0,,,,50
60475441,0.5,0.785714269,1,1.02737808,0.0886446834,0.0241758227,0,0,15.9349623,2.22519493,8.50528145,8.4074173,0,13.3166971,2.22519493,11.6245642,0,,,,50
60476567,0.5,0.818181813,1,1.02737808,0.0725274682,0.0161172152,0,0,15.9304171,2.22519493,8.52336502,8.41586208,0,13.3238449,2.22519493,11.6245642,0,,,,50
60477698,0.5,0.833333313,1,1.04064226,0.0805860758,0.0161172152,0,0,15.9304171,1.8373605,8.52336502,8.42219639,0,13.3309927,1.8373605,11.5839214,0,,,,50
60478825,0.5,0.727272749,1,1.04064226,0.0644688606,0.0241758227,0,0,15.9349623,1.8373605,8.50226688,8.40952778,0,13.3238449,1.8373605,11.5839214,0,,,,50
60479955,0.5,0.75,1,1.04064226,0.0483516455,0.0161172152,0,0,15.9349623,1.44194591,8.4178772,8.41163921,0,13.3309927,1.44194591,11.5432796,0,,,,50
60481082,0.5,0.777777791,1,1.04064226,0.056410253,0.0161172152,0,0,15.9304171,1.44194591,8.42993259,8.41375065,0,13.3309927,1.44194591,11.5432796,0,,,,50
60482217,0.5,0.875,1,1.0410496,0.056410253,0.00805860758,0,0,15.9349623,1.04954708,8.52336502,8.41586208,0,13.3309927,1.04954708,11.5022297,0,,,,50
60483343,0.5,0.888888896,1,1.0410496,0.0644688606,0.00805860758,0,0,15.9304171,1.04954708,8.53542042,8.41797352,0,13.3238449,1.04954708,11.5022297,0,,,,50
60484474,0.5,1,1,1.0410496,0.0483516455,0,0,0,15.9304171,0.67974937,8.50829506,8.42641926,0,13.3238449,0.67974937,11.4611797,0,,,,50
60485601,0.5,0.857142866,1,1.04077804,0.0483516455,0.00805860758,0,0,15.9349623,0.67974937,8.52939224,8.42641926,0,13.3309927,0.67974937,11.4611797,0,,,,50
60486732,0.5,1,1,1.04077804,0.0402930379,0,0,0,15.9304171,0.343533128,8.50528145,8.43275356,0,13.3238449,0.343533128,11.4204016,0,,,,50
60487858,0.5,0.800000012,1,1.04077804,0.0322344303,0.00805860758,0,0,15.9349623,0.343533128,8.52637863,8.42853069,0,13.3238449,0.343533128,11.4204016,0,,,,50
60488990,0.5,1,1,1.04514015,0.0322344303,0,0,0,15.9349623,0.0377291031,8.52336502,8.42641926,0,13.3309927,0.0377291031,11.3752623,0,,,,50
60490121,0.5,1,1,1.04514015,0.0483516455,0,0,0,15.9349623,0.0377291031,8.55350399,8.43064213,0,13.3309927,0.0377291031,11.3752623,0,,,,50
60491252,0.5,1,1,1.04514015,0.0241758227,0,0,0,15.9349623,-0.246741623,8.55350399,8.43275356,0,13.3309927,-0.246741623,11.330122,0,,,,50
60492379,0.5,1,1,1.04514015,0.0161172152,0,0,0,15.9349623,-0.246741623,8.5565176,8.43486404,0,13.3309927,-0.246741623,11.330122,0,,,,50
60493509,0.5,1,1,1.04514015,0.0322344303,0,0,0,15.9304171,-0.508790493,8.54747581,8.43486404,0,13.3309927,-0.508790493,11.2849817,0,,,,50
60494840,0.5,1,1,1.04514015,0.0322344303,0,0,0,15.9349623,-0.508790493,8.53843403,8.43275356,0,13.3309927,-0.508790493,11.2849817,0,,,,50
60495970,0.5,1,1,1.04514015,0.0241758227,0,0,0,15.9304171,-0.744558871,8.5444622,8.43275356,0,13.3095493,-0.744558871,11.2398415,0,,,,50
60497102,0.5,1,1,0.674412251,0.0241758227,0,0,0,15.9349623,-0.744558871,8.53542042,8.43275356,0,13.3238449,-0.744558871,11.2398415,0,,,,50
60498232,0.5,1,1,0.674412251,0.0322344303,0,0,0,15.9395075,-0.265378356,8.56254578,8.43275356,0,13.3238449,-0.265378356,11.5654287,0,,,,50
60499359,0.5,1,1,0.674412251,0.0241758227,0,0,0,15.9349623,-0.265378356,8.5565176,8.43275356,0.00714798551,13.3309927,-0.265378356,11.5654287,0,,,,50
60500489,0.5,1,1,0.714573801,0.0241758227,0,0,0,15.9349623,1.61550581,8.53240585,8.43275356,0,13.3309927,1.61550581,11.8508549,0,,,,50
60501616,0.5,1,1,0.714573801,0.0241758227,0,0,0,15.9349623,1.61550581,8.54747581,8.43275356,0,13.3309927,1.61550581,11.8508549,0,,,,50
60502747,0.5,1,1,0.714573801,0.0483516455,0,0,0,15.9304171,4.48284197,8.53240585,8.43064213,0,13.3238449,4.48284197,12.136281,0,,,,50
60503873,0.5,1,1,0.714573801,0.0483516455,0,0,0,15.9349623,4.48284197,8.52035046,8.42008495,0,13.3238449,4.48284197,12.136281,0,,,,50
60505008,0.5,1,1,1.02737808,0.0886446834,0,0,0,15.9304171,7.13091946,8.45705795,8.42430782,0,13.3238449,7.13091946,12.1089029,0,,,,50
60506135,0.5,0.857142866,1,1.02737808,0.0967032909,0.0161172152,0,0,15.9304171,7.13091946,8.47212791,8.4074173,0,13.3238449,7.13091946,12.1089029,0,,,,50
60507265,0.5,0.782608688,1,1.02737808,0.145054936,0.0402930379,0,0,15.9304171,8.5785656,8.43596077,8.36730099,0,13.3095493,8.5785656,12.0815248,0,,,,50
60508392,0.5,0.680000007,1,1.02303147,0.136996329,0.0644688606,0,0,15.9258718,8.5785656,8.30033493,8.36518955,0,13.3238449,8.5785656,12.0815248,0,,,,50
60509523,0.5,0.641025662,1,1.02303147,0.201465189,0.112820506,0,0,15.9258718,8.91555595,8.40883541,8.34407616,0,13.3166971,8.91555595,12.0584936,0,,,,50
60510649,0.5,0.555555582,1,1.02303147,0.201465189,0.161172152,0,0,15.9258718,8.91555595,8.44500256,8.33351898,0,13.3238449,8.91555595,12.0584936,0,,,,50
60511780,0.5,0.549019635,1,1.02303147,0.225641012,0.185347974,0,0,15.9167824,8.60300159,8.38171005,8.3250742,0,13.3166971,8.60300159,12.0354614,0,,,,50
60512911,0.5,0.583333313,1,1.01612699,0.225641012,0.161172152,0,0,15.9167824,8.60300159,8.38773823,8.32296276,0,13.3166971,8.60300159,12.0354614,0,,,,50
60514042,0.5,0.560000002,1,1.01612699,0.225641012,0.177289367,0,0,15.9167824,7.95031071,8.39979362,8.32718563,0,13.3095493,7.95031071,12.0193348,0,,,,50
60515372,0.5,0.534482777,1,1.01612699,0.249816835,0.217582405,0,0,15.9167824,7.95031071,8.36362648,8.31240559,0,13.3166971,7.95031071,12.0193348,0,,,,50
60516503,0.5,0.57407409,1,1.01444769,0.249816835,0.185347974,0,0,15.9167824,7.16387749,8.38171005,8.31662846,0,13.3166971,7.16387749,12.0048866,0,,,,50
60517629,0.5,0.551724136,1,1.01444769,0.257875443,0.209523797,0,0,15.9122372,7.16387749,8.36664104,8.31029415,0,13.3166971,7.16387749,12.0048866,0,,,,50
60518760,0.5,0.555555582,1,1.01444769,0.241758227,0.193406582,0,0,15.9122372,6.36094999,8.38472462,8.31662846,0,13.3166971,6.36094999,11.9904394,0,,,,50
60519886,0.5,0.5625,1,1.02132928,0.217582405,0.169230759,0,0,15.9122372,6.36094999,8.38773823,8.32085133,0,13.3095493,6.36094999,11.9904394,0,,,,50
60521022,0.5,0.540983617,1,1.02132928,0.26593405,0.225641012,0,0,15.907692,5.58728456,8.36061287,8.29340363,0,13.3095493,5.58728456,11.9691095,0,,,,50
60522149,0.5,0.54285717,1,1.02132928,0.306227088,0.257875443,0,0,15.8986015,5.58728456,8.32143211,8.28495789,0,13.3095493,5.58728456,11.9691095,0,,,,50
60523279,0.5,0.565789461,1,1.02132928,0.346520126,0.26593405,0,0,15.9031467,4.85824347,8.32143211,8.28284645,0,13.3095493,4.85824347,11.9477806,0,,,,50
60524406,0.5,0.564516127,1,1.03176177,0.282051265,0.217582405,0,0,15.9122372,4.85824347,8.32444572,8.31240559,0,13.3166971,4.85824347,11.9477806,0,,,,50
60525537,0.5,0.565217376,1,1.03176177,0.209523797,0.161172152,0,0,15.9213276,4.17316055,8.41486359,8.34196472,0,13.3238449,4.17316055,11.9160185,0,,,,50
60526663,0.5,0.633333325,1,1.03176177,0.153113544,0.0886446834,0,0,15.9304171,4.17316055,8.38171005,8.38208103,0,13.3238449,4.17316055,11.9160185,0,,,,50
60527799,0.5,0.727272749,1,1.02856994,0.128937721,0.0483516455,0,0,15.9349623,3.53062916,8.47815609,8.38841438,0,13.3238449,3.53062916,11.8874483,0,,,,50
60528925,0.5,0.818181813,1,1.02856994,0.145054936,0.0322344303,0,0,15.9304171,3.53062916,8.50829506,8.39686012,0,13.3309927,3.53062916,11.8874483,0,,,,50
60530056,0.5,0.764705896,1,1.02856994,0.104761899,0.0322344303,0,0,15.9304171,2.94966555,8.4932251,8.40530586,0,13.3166971,2.94966555,11.8588791,0,,,,50
60531182,0.5,0.789473712,1,1.03176177,0.120879114,0.0322344303,0,0,15.9304171,2.94966555,8.48418331,8.40319443,0,13.3238449,2.94966555,11.8588791,0,,,,50
60532313,0.5,0.833333313,1,1.03176177,0.120879114,0.0241758227,0,0,15.9304171,2.43669033,8.47212791,8.4074173,0,13.3238449,2.43669033,11.827117,0,,,,50
60533440,0.5,0.789473712,1,1.03176177,0.120879114,0.0322344303,0,0,15.9349623,2.43669033,8.48719788,8.39897156,0,13.3238449,2.43669033,11.827117,0,,,,50
60534570,0.5,0.764705896,1,1.03176177,0.104761899,0.0322344303,0,0,15.9304171,1.98403645,8.49623966,8.40108299,0,13.3166971,1.98403645,11.7953548,0,,,,50
60535906,0.5,0.722222209,1,1.05327952,0.104761899,0.0402930379,0,0,15.9304171,1.98403645,8.49623966,8.40530586,0,13.3309927,1.98403645,11.7953548,0,,,,50
60537036,0.5,0.8125,1,1.05327952,0.104761899,0.0241758227,0,0,15.9349623,1.54934299,8.49925327,8.41163921,0,13.3238449,1.54934299,11.7420759,0,,,,50
60538163,0.5,0.692307711,1,1.05327952,0.0725274682,0.0322344303,0,0,15.9349623,1.54934299,8.52336502,8.41163921,0,13.3238449,1.54934299,11.7420759,0,,,,50
60539293,0.5,0.800000012,1,1.05929184,0.0644688606,0.0161172152,0,0,15.9349623,1.0754925,8.56254578,8.42641926,0,13.3309927,1.0754925,11.6827841,0,,,,50
60540420,0.5,0.777777791,1,1.05929184,0.056410253,0.0161172152,0,0,15.9349623,1.0754925,8.53542042,8.41586208,0,13.3166971,1.0754925,11.6827841,0,,,,50
60541551,0.5,0.714285731,1,1.05929184,0.0402930379,0.0161172152,0,0,15.9304171,0.564679027,8.52939224,8.41586208,0,13.3309927,0.564679027,11.6234922,0,,,,50
60542677,0.5,0.833333313,1,1.07339871,0.0402930379,0.00805860758,0,0,15.9304171,0.564679027,8.52336502,8.42008495,0,13.3238449,0.564679027,11.6234922,0,,,,50
60543812,0.5,1,1,1.07339871,0.0402930379,0,0,0,15.9349623,0.0283003673,8.52637863,8.42853069,0,13.3309927,0.0283003673,11.5500927,0,,,,50
60544939,0.5,1,1,1.07339871,0.0402930379,0,0,0,15.9349623,0.0283003673,8.52939224,8.43275356,0,13.3309927,0.0283003673,11.5500927,0,,,,50
60546070,0.5,1,1,1.08803451,0.0402930379,0,0,0,15.9395075,-0.561963379,8.55350399,8.42853069,0,13.3166971,-0.561963379,11.462059,0,,,,50
60547196,0.5,1,1,1.08803451,0.0241758227,0,0,0,15.9349623,-0.561963379,8.53843403,8.43486404,0,13.3309927,-0.561963379,11.462059,0,,,,50
60548327,0.5,1,1,1.08803451,0.0322344303,0,0,0,15.9349623,-1.20944536,8.51733685,8.43275356,0,13.3309927,-1.20944536,11.3740244,0,,,,50
60549453,0.5,1,1,1.08803451,0.0241758227,0,0,0,15.9349623,-1.20944536,8.54144764,8.42641926,0,13.3166971,-1.20944536,11.3740244,0,,,,50
60550584,0.5,1,1,1.08803451,0.0241758227,0,0,0,15.9349623,-1.87057543,8.55048943,8.43275356,0,13.3309927,-1.87057543,11.2859898,0,,,,50
60551715,0.5,1,1,1.08803451,0.0241758227,0,0,0,15.9349623,-1.87057543,8.5565176,8.43486404,0,13.3309927,-1.87057543,11.2859898,0,,,,50
60552846,0.5,1,1,1.08803451,0.0161172152,0,0,0,15.9349623,-2.50381637,8.57460117,8.43275356,0,13.3238449,-2.50381637,11.1979551,0,,,,50
60553972,0.5,1,1,1.08818293,0.0161172152,0,0,0,15.9349623,-2.50381637,8.5444622,8.42641926,0,13.3309927,-2.50381637,11.1979551,0,,,,50
60555103,0.5,1,1,1.08818293,0.0161172152,0,0,0,15.9349623,-3.08736682,8.52336502,8.43275356,0,13.3238449,-3.08736682,11.1097727,0,,,,50
60556229,0.5,1,1,1.08818293,0.0161172152,0,0,0,15.9349623,-3.08736682,8.5565176,8.43275356,0,13.3309927,-3.08736682,11.1097727,0,,,,50
60557564,0.5,1,1,1.08022809,0.0241758227,0,0,0,15.9349623,-3.59718823,8.52939224,8.43275356,0,13.3309927,-3.59718823,11.0295439,0,,,,50
60558695,0.5,1,1,1.08022809,0.0241758227,0,0,0,15.9349623,-3.59718823,8.5444622,8.43275356,0,13.3309927,-3.59718823,11.0295439,0,,,,50
60559826,0.5,1,1,1.08022809,0.0322344303,0,0,0,15.9349623,-4.01502705,8.54747581,8.43275356,0,13.3309927,-4.01502705,10.949316,0,,,,50
60560952,0.5,1,1,1.08022809,0.0402930379,0,0,0,15.9349623,-4.01502705,8.52035046,8.43064213,0,13.3238449,-4.01502705,10.949316,0,,,,50
60562083,0.5,1,1,1.08022809,0.0402930379,0,0,0,15.9349623,-4.3505888,8.52637863,8.43275356,0,13.3024006,-4.3505888,10.8690882,0,,,,50
60563209,0.5,1,1,1.08022809,0.056410253,0,0,0,15.9349623,-4.3505888,8.51432323,8.43064213,0,13.3309927,-4.3505888,10.8690882,0,,,,50
60564340,0.5,1,1,1.08022809,0.0483516455,0,0,0,15.9304171,-4.6232152,8.59268475,8.42853069,0,13.3238449,-4.6232152,10.7888603,0,,,,50
60565466,0.5,1,1,1.48679805,0.056410253,0,0,0,15.9349623,-4.6232152,8.50226688,8.42641926,0,13.3238449,-4.6232152,10.7888603,0,,,,50
60566602,0.5,1,1,1.48679805,0.0725274682,0,0,0,15.9304171,-5.60270405,8.52637863,8.42219639,0,13.3309927,-5.60270405,10.302062,0,,,,50
60567729,0.5,1,1,1.48679805,0.0805860758,0,0,0,15.9349623,-5.60270405,8.4811697,8.42853069,0,13.3166971,-5.60270405,10.302062,0,,,,50
60568859,0.5,1,1,1.06879795,0.0483516455,0,0,0,15.9349623,-7.36138391,8.53843403,8.42853069,0,13.3309927,-7.36138391,10.233264,0,,,,50
60569985,0.5,1,1,1.06879795,0.0322344303,0,0,0,15.9395075,-7.36138391,8.56555939,8.43275356,0,13.3309927,-7.36138391,10.233264,0,,,,50
60571116,0.5,1,1,1.06879795,0.00805860758,0,0,0,15.9395075,-8.68627262,8.59268475,8.43275356,0,13.3238449,-8.68627262,10.1644659,0,,,,50
60572243,0.5,0,1,1.06879795,0,0,0,0,15.9349623,-8.68627262,8.58364296,8.43275356,0,13.3309927,-8.68627262,10.1644659,0,,,,50
60573373,0.5,1,1,1.05453217,0.0241758227,0,0,0,15.9304171,-9.20857811,8.50528145,8.43275356,0,13.3238449,-9.20857811,10.1099339,0,,,,50
60574505,0.5,1,1,1.05453217,0.0402930379,0,0,0,15.9349623,-9.20857811,8.49021149,8.42430782,0,13.3238449,-9.20857811,10.1099339,0,,,,50
60575635,0.5,1,1,1.05453217,0.0886446834,0,0,0,15.9349623,-9.20091629,8.46007252,8.42008495,0,13.3309927,-9.20091629,10.0554018,0,,,,50
60576762,0.5,1,1,1.04077804,0.0886446834,0,0,0,15.9349623,-9.20091629,8.43897438,8.42219639,0,13.3238449,-9.20091629,10.0554018,0,,,,50
60578096,0.5,0.923076928,1,1.04077804,0.0967032909,0.00805860758,0,0,15.9349623,-8.85108757,8.4932251,8.41375065,0,13.3309927,-8.85108757,10.0146246,0,,,,50
60579223,0.5,0.833333313,1,1.04077804,0.0805860758,0.0161172152,0,0,15.9304171,-8.85108757,8.50226688,8.40108299,0,13.3309927,-8.85108757,10.0146246,0,,,,50
60580354,0.5,0.818181813,1,1.03631759,0.0725274682,0.0161172152,0,0,15.9304171,-8.28078079,8.53240585,8.4074173,0,13.3238449,-8.28078079,9.97830677,0,,,,50
60581480,0.5,0.818181813,1,1.03631759,0.0725274682,0.0161172152,0,0,15.9304171,-8.28078079,8.53542042,8.42430782,0,13.3309927,-8.28078079,9.97830677,0,,,,50
60582616,0.5,0.888888896,1,1.03631759,0.0644688606,0.00805860758,0,0,15.9349623,-7.59455061,8.49925327,8.41797352,0,13.3309927,-7.59455061,9.94198895,0,,,,50
60583742,0.5,1,1,1.02303147,0.0644688606,0,0,0,15.9349623,-7.59455061,8.52035046,8.41375065,0,13.3309927,-7.59455061,9.94198895,0,,,,50
60584873,0.5,1,1,1.02303147,0.0483516455,0,0,0,15.9349623,-6.85847759,8.52336502,8.41163921,0,13.3238449,-6.85847759,9.91895771,0,,,,50
60585999,0.5,0.857142866,1,1.02303147,0.0483516455,0.00805860758,0,0,15.9349623,-6.85847759,8.52336502,8.40952778,0,13.3309927,-6.85847759,9.91895771,0,,,,50
60587130,0.5,1,1,1.02303147,0.0483516455,0,0,0,15.9304171,-6.10396242,8.53542042,8.41375065,0,13.3309927,-6.10396242,9.89592648,0,,,,50
60588257,0.5,1,1,1.01444769,0.056410253,0,0,0,15.9349623,-6.10396242,8.50226688,8.42641926,0,13.3309927,-6.10396242,9.89592648,0,,,,50
60589392,0.5,1,1,1.01444769,0.0402930379,0,0,0,15.9349623,-5.35869265,8.53542042,8.43064213,0,13.3309927,-5.35869265,9.88147831,0,,,,50
60590519,0.5,1,1,1.01444769,0.0483516455,0,0,0,15.9349623,-5.35869265,8.55350399,8.42219639,0,13.3309927,-5.35869265,9.88147831,0,,,,50
60591649,0.5,1,1,1.13994944,0.0322344303,0,0,0,15.9349623,-4.87577343,8.56254578,8.43064213,0,13.3309927,-4.87577343,9.74152946,0,,,,50
60592776,0.5,1,1,1.13994944,0.0241758227,0,0,0,15.9349623,-4.87577343,8.52637863,8.43064213,0,13.3309927,-4.87577343,9.74152946,0,,,,50
60593906,0.5,1,1,1.13994944,0.0241758227,0,0,0,15.9349623,-4.93875217,8.53240585,8.43064213,0,13.3238449,-4.93875217,9.60157967,0,,,,50
60595033,0.5,1,1,1.13994944,0.0322344303,0,0,0,15.9349623,-4.93875217,8.56555939,8.43275356,0,13.3166971,-4.93875217,9.60157967,0,,,,50
60596163,0.5,1,1,1.13994944,0.0161172152,0,0,0,15.9349623,-5.45615625,8.54747581,8.42853069,0,13.3309927,-5.45615625,9.46162987,0,,,,50
60597294,0.5,1,1,1.13994944,0.0241758227,0,0,0,15.9349623,-5.45615625,8.55048943,8.43064213,0,13.3309927,-5.45615625,9.46162987,0,,,,50
60598425,0.5,1,1,1.13994944,0.0241758227,0,0,0,15.9349623,-6.21209764,8.58062935,8.42853069,0,13.3166971,-6.21209764,9.32168102,0,,,,50
60599756,0.5,1,1,0.98114419,0.0241758227,0,0,0,15.9349623,-6.21209764,8.50528145,8.42853069,0,13.3309927,-6.21209764,9.32168102,0,,,,50
60600887,0.5,1,1,0.98114419,0.0241758227,0,0,0,15.9349623,-6.7730875,8.52939224,8.42853069,0,13.3238449,-6.7730875,9.34053707,0,,,,50
60602013,0.5,1,1,0.98114419,0.0322344303,0,0,0,15.9349623,-6.7730875,8.53240585,8.42853069,0,13.3309927,-6.7730875,9.34053707,0,,,,50
60603144,0.5,1,1,0.98114419,0.0402930379,0,0,0,15.9395075,-6.72591591,8.58062935,8.42853069,0,13.3309927,-6.72591591,9.35939217,0,,,,50
60604270,0.5,1,1,0.98114419,0.0483516455,0,0,0,15.9304171,-6.72591591,8.52336502,8.42853069,0,13.3309927,-6.72591591,9.35939217,0,,,,50
60605405,0.5,1,1,0.98114419,0.0402930379,0,0,0,15.9349623,-6.16109133,8.54747581,8.42853069,0,13.3238449,-6.16109133,9.37824821,0,,,,50
60606532,0.5,1,1,0.98114419,0.0241758227,0,0,0,15.9349623,-6.16109133,8.55350399,8.42219639,0,13.3309927,-6.16109133,9.37824821,0,,,,50
60607662,0.5,1,1,0.98114419,0.0161172152,0,0,0,15.9395075,-5.33334541,8.51432323,8.42853069,0,13.3309927,-5.33334541,9.39710426,0,,,,50
60608789,0.5,1,1,0.942440689,0.0161172152,0,0,0,15.9349623,-5.33334541,8.57761478,8.42853069,0,13.3309927,-5.33334541,9.39710426,0,,,,50
60609919,0.5,1,1,0.942440689,0.00805860758,0,0,0,15.9349623,-4.33313894,8.55350399,8.43064213,0,13.3309927,-4.33313894,9.45466328,0,,,,50
60611046,0.5,1,1,0.942440689,0.0161172152,0,0,0,15.9349623,-4.33313894,8.57761478,8.42853069,0,13.3238449,-4.33313894,9.45466328,0,,,,50
60612181,0.5,1,1,0.942440689,0.00805860758,0,0,0,15.9349623,-3.18096375,8.5565176,8.42853069,0,13.3381405,-3.18096375,9.51222324,0,,,,50
60613307,0.5,1,1,0.923142731,0.00805860758,0,0,0,15.9349623,-3.18096375,8.53542042,8.42853069,0,13.3309927,-3.18096375,9.51222324,0,,,,50
60614438,0.5,1,1,0.923142731,0.00805860758,0,0,0,15.9349623,-1.9334476,8.5444622,8.42641926,0,13.3309927,-1.9334476,9.58907986,0,,,,50
60615565,0.5,0,1,0.923142731,0,0,0,0,15.9349623,-1.9334476,8.568573,8.42853069,0,13.3166971,-1.9334476,9.58907986,0,,,,50
60616695,0.5,0,1,0.923142731,0,0,0,0,15.9349623,-0.649489045,8.58665657,8.42853069,0,13.3238449,-0.649489045,9.66593742,0,,,,50
60617822,0.5,0,1,0.900027692,0,0,0,0,15.9349623,-0.649489045,8.58665657,8.42853069,0,13.3309927,-0.649489045,9.66593742,0,,,,50
60618952,0.5,0,1,0.900027692,0,0,0,0,15.9304171,0.642500579,8.56555939,8.42853069,0,13.3309927,0.642500579,9.76590919,0,,,,50
60620288,0.5,1,1,0.900027692,0.0161172152,0,0,0,15.9349623,0.642500579,8.5565176,8.42641926,0,13.3309927,0.642500579,9.76590919,0,,,,50
60621418,0.5,1,1,0.900027692,0.0322344303,0,0,0,15.9395075,1.93049216,8.58364296,8.42641926,0,13.3309927,1.93049216,9.86588192,0,,,,50
60622545,0.5,1,1,0.886627316,0.0241758227,0,0,0,15.9349623,1.93049216,8.53843403,8.42853069,0,13.3309927,1.93049216,9.86588192,0,,,,50
60623675,0.5,1,1,0.886627316,0.0644688606,0,0,0,15.9349623,3.1905365,8.53240585,8.42853069,0,13.3238449,3.1905365,9.97925472,0,,,,50
60624802,0.5,1,1,0.886627316,0.056410253,0,0,0,15.9304171,3.1905365,8.50226688,8.42853069,0,13.3166971,3.1905365,9.97925472,0,,,,50
60625934,0.5,1,1,0.886627316,0.0805860758,0,0,0,15.9349623,4.40068483,8.47212791,8.42008495,0,13.3024006,4.40068483,10.0926266,0,,,,50
60627060,0.5,1,1,0.880075574,0.120879114,0,0,0,15.9349623,4.40068483,8.45103073,8.41797352,0,13.3095493,4.40068483,10.0926266,0,,,,50
60628196,0.5,0.882352948,1,0.880075574,0.120879114,0.0161172152,0,0,15.9304171,5.53930092,8.46007252,8.40319443,0,13.3381405,5.53930092,10.2125511,0,,,,50
60629322,0.5,0.8125,1,0.880075574,0.104761899,0.0241758227,0,0,15.9304171,5.53930092,8.4811697,8.39263725,0,13.3166971,5.53930092,10.2125511,0,,,,50
60630453,0.5,0.703703701,1,0.880075574,0.153113544,0.0644688606,0,0,15.9349623,6.59137869,8.44500256,8.3799696,0,13.3238449,6.59137869,10.3324757,0,,,,50
60631579,0.5,0.78125,1,0.852344096,0.201465189,0.056410253,0,0,15.9349623,6.59137869,8.39979362,8.36941242,0,13.3309927,6.59137869,10.3324757,0,,,,50
60632710,0.5,0.684210539,1,0.852344096,0.209523797,0.0967032909,0,0,15.9258718,7.59338284,8.54144764,8.35885525,0,13.3238449,7.59338284,10.4801311,0,,,,50
60633836,0.5,0.631578922,1,0.852344096,0.193406582,0.112820506,0,0,15.9258718,7.59338284,8.44801617,8.2976265,0,13.3238449,7.59338284,10.4801311,0,,,,50
60634967,0.5,0.595744669,1,0.852344096,0.225641012,0.153113544,0,0,15.9213276,8.59318256,8.41486359,8.3250742,0,13.3166971,8.59318256,10.6277866,0,,,,50
60636099,0.5,0.557692289,1,0.84297967,0.23369962,0.185347974,0,0,15.9167824,8.59318256,8.3937664,8.32296276,0,13.3166971,8.59318256,10.6277866,0,,,,50
60637229,0.5,0.540983617,1,0.84297967,0.26593405,0.225641012,0,0,15.9031467,9.58527851,8.35458469,8.3039608,0,13.3166971,9.58527851,10.7848072,0,,,,50
60638356,0.5,0.552238822,1,0.84297967,0.29816848,0.241758227,0,0,15.907692,9.58527851,8.34554291,8.2976265,0,13.3166971,9.58527851,10.7848072,0,,,,50
60639487,0.5,0.522388041,1,0.84297967,0.282051265,0.257875443,0,0,15.8986015,10.5477219,8.33348751,8.27862453,0,13.3095493,10.5477219,10.9418278,0,,,,50
60640817,0.5,0.547945201,1,0.84297967,0.322344303,0.26593405,0,0,15.8986015,10.5477219,8.31239033,8.27862453,0,13.3024006,10.5477219,10.9418278,0,,,,50
60641948,0.5,0.53773582,1,0.845570087,0.459340632,0.394871771,0,0,15.8758764,11.4480581,8.17073631,8.20894909,0,13.3024006,11.4480581,11.0962572,0,,,,50
60643079,0.5,0.531531513,1,0.845570087,0.475457847,0.419047594,0,0,15.8758764,11.4480581,8.19484711,8.20683765,0,13.2738094,11.4480581,11.0962572,0,,,,50
60644210,0.5,0.527397275,1,0.845570087,0.620512784,0.556043923,0,0,15.8576965,12,8.06826305,8.13294029,0,13.288105,12.2586536,11.1113443,0,,,,50
60645336,0.5,0.540145993,1,0.845570087,0.596336961,0.507692277,0,0,15.8622417,12,8.1164856,8.16249943,0,13.288105,12.2586536,11.1113443,0,,,,50
60646467,0.5,0.538461566,1,0.845570087,0.56410253,0.483516455,0,0,15.8758764,12,8.13758278,8.1667223,0,13.2952528,12.1700983,11.1741381,0,,,,50
60647593,0.5,0.541666687,1,0.845570087,0.523809493,0.443223417,0,0,15.8804216,12,8.1918335,8.19205856,0,13.3024006,12.1700983,11.1741381,0,,,,50
60648724,0.5,0.533980608,1,0.845570087,0.443223417,0.386813164,0,0,15.8895121,11.8461027,8.23704243,8.23639679,0,13.3024006,11.8461027,11.3285675,0,,,,50
60649851,0.5,0.540000021,1,0.845570087,0.435164809,0.370695949,0,0,15.8895121,11.8461027,8.2671814,8.23006344,0,13.3024006,11.8461027,11.3285675,0,,,,50
60650986,0.5,0.529999971,1,0.845570087,0.427106202,0.378754556,0,0,15.8849669,11.940609,8.21293068,8.23006344,0,13.3024006,11.940609,11.4829979,0,,,,50
60652113,0.5,0.535353541,1,0.845570087,0.427106202,0.370695949,0,0,15.8895121,11.940609,8.21594429,8.23850822,0,13.3024006,11.940609,11.4829979,0,,,,50
60653243,0.5,0.529411793,1,0.845570087,0.435164809,0.386813164,0,0,15.8895121,12,8.22197247,8.24061966,0,13.3024006,12.280117,11.4865217,0,,,,50
60654370,0.5,0.542056084,1,0.845570087,0.46739924,0.394871771,0,0,15.8758764,12,8.18881989,8.21317196,0,13.3024006,12.280117,11.4865217,0,,,,50
60655500,0.5,0.536363661,1,0.867447078,0.475457847,0.410988986,0,0,15.8849669,11.8383512,8.18881989,8.21739483,0,13.3024006,11.8383512,11.6190739,0,,,,50
60656627,0.5,0.548672557,1,0.867447078,0.49963367,0.410988986,0,0,15.8713312,11.8383512,8.19484711,8.19628143,0,13.3024006,11.8383512,11.6190739,0,,,,50
60657757,0.5,0.543103456,1,0.867447078,0.507692277,0.427106202,0,0,15.8804216,11.7818346,8.19484711,8.2005043,0,13.3024006,11.7818346,11.751627,0,,,,50
60658888,0.5,0.534482777,1,0.867447078,0.49963367,0.435164809,0,0,15.8758764,11.7818346,8.17676353,8.2005043,0,13.2952528,11.7818346,11.751627,0,,,,50
60660019,0.5,0.534482777,1,0.886331797,0.49963367,0.435164809,0,0,15.8758764,11.902195,8.17374992,8.19628143,0,13.2952528,11.902195,11.8652954,0,,,,50
60661146,0.5,0.535714269,1,0.886331797,0.483516455,0.419047594,0,0,15.8804216,11.902195,8.20087528,8.21317196,0,13.3024006,11.902195,11.8652954,0,,,,50
60662481,0.5,0.54285717,1,0.886331797,0.459340632,0.386813164,0,0,15.8804216,12,8.22800064,8.21950626,0,13.2952528,12.0694704,11.9415379,0,,,,50
60663607,0.5,0.540540516,1,0.886331797,0.483516455,0.410988986,0,0,15.8804216,12,8.1918335,8.21106052,0,13.3024006,12.0694704,11.9415379,0,,,,50
60664737,0.5,0.538461566,1,0.886331797,0.451282024,0.386813164,0,0,15.8895121,12,8.23704243,8.23428535,0,13.3024006,12.0253906,12.0415277,0,,,,50
60665864,0.5,0.539215684,1,0.886331797,0.443223417,0.378754556,0,0,15.8849669,12,8.21293068,8.22584057,0,13.2952528,12.0253906,12.0415277,0,,,,50
60666999,0.5,0.535714269,1,0.886331797,0.483516455,0.419047594,0,0,15.8804216,12,8.19484711,8.21528339,0,13.2952528,12.0052843,12.1523485,0,,,,50
60668126,0.5,0.539822996,1,0.886331797,0.491575062,0.419047594,0,0,15.8804216,12,8.19484711,8.20683765,0,13.3024006,12.0052843,12.1523485,0,,,,50
60669256,0.5,0.543103456,1,0.886331797,0.507692277,0.427106202,0,0,15.8758764,12,8.20087528,8.20261574,0,13.2952528,12.0700083,12.228302,0,,,,50
60670383,0.5,0.533333361,1,0.886331797,0.515750885,0.451282024,0,0,15.8758764,12,8.15867996,8.19417,0,13.3024006,12.0700083,12.228302,0,,,,50
60671514,0.5,0.530973434,1,0.886331797,0.483516455,0.427106202,0,0,15.8804216,11.9859447,8.19484711,8.21317196,0,13.3024006,11.9859447,12.3419695,0,,,,50
60672640,0.5,0.536363661,1,0.957595706,0.475457847,0.410988986,0,0,15.8804216,11.9859447,8.18881989,8.21528339,0,13.2952528,11.9859447,12.3419695,0,,,,50
60673775,0.5,0.53773582,1,0.957595706,0.459340632,0.394871771,0,0,15.8895121,11.9123783,8.21293068,8.227952,0,13.2952528,11.9123783,12.3843737,0,,,,50
60674902,0.5,0.50999999,1,0.957595706,0.410988986,0.394871771,0,0,15.8849669,11.9123783,8.20690346,8.23217392,0,13.3024006,11.9123783,12.3843737,0,,,,50
60676032,0.5,0.539215684,1,0.98102355,0.443223417,0.378754556,0,0,15.8849669,11.6030588,8.22197247,8.23006344,0,13.2952528,11.6030588,12.4033499,0,,,,50
60677159,0.5,0.548076928,1,0.98102355,0.459340632,0.378754556,0,0,15.8849669,11.6030588,8.25813961,8.2216177,0,13.3024006,11.6030588,12.4033499,0,,,,50
60678289,0.5,0.548076928,1,0.98102355,0.459340632,0.378754556,0,0,15.8849669,11.035121,8.23101425,8.23006344,0,13.3024006,11.035121,12.4223261,0,,,,50
60679416,0.5,0.525252521,1,0.98102355,0.419047594,0.378754556,0,0,15.8804216,11.035121,8.23101425,8.23217392,0,13.3024006,11.035121,12.4223261,0,,,,50
60680546,0.5,0.550000012,1,1.02303147,0.443223417,0.362637341,0,0,15.8895121,10.2531509,8.26115322,8.24273109,0,13.3024006,10.2531509,12.3992949,0,,,,50
60681678,0.5,0.591836751,1,1.02303147,0.46739924,0.322344303,0,0,15.8940573,10.2531509,8.14662457,8.2490654,0,13.2952528,10.2531509,12.3992949,0,,,,50
60683013,0.5,0.565789461,1,1.02303147,0.346520126,0.26593405,0,0,15.8940573,9.27451992,8.27019501,8.27862453,0,13.3024006,9.27451992,12.3762636,0,,,,50
60684139,0.5,0.51219511,1,1.0425458,0.338461518,0.322344303,0,0,15.8986015,9.27451992,8.27019501,8.27440166,0,13.3095493,9.27451992,12.3762636,0,,,,50
60685270,0.5,0.555555582,1,1.0425458,0.322344303,0.257875443,0,0,15.8986015,8.16216564,8.32745934,8.28918076,0,13.3166971,8.16216564,12.3337173,0,,,,50
60686396,0.5,0.549295783,1,1.0425458,0.314285696,0.257875443,0,0,15.9031467,8.16216564,8.32745934,8.29129219,0,13.3095493,8.16216564,12.3337173,0,,,,50
60687527,0.5,0.552238822,1,1.05901074,0.29816848,0.241758227,0,0,15.907692,6.95374537,8.36061287,8.3039608,0,13.3166971,6.95374537,12.2747068,0,,,,50
60688653,0.5,0.539682567,1,1.05901074,0.273992658,0.23369962,0,0,15.9122372,6.95374537,8.35759926,8.31451702,0,13.3166971,6.95374537,12.2747068,0,,,,50
60689789,0.5,0.538461566,1,1.05901074,0.225641012,0.193406582,0,0,15.9213276,5.6942997,8.38773823,8.33351898,0,13.3238449,5.6942997,12.2156954,0,,,,50
60690915,0.5,0.595744669,1,1.05901074,0.225641012,0.153113544,0,0,15.9258718,5.6942997,8.4058218,8.34829903,0,13.3166971,5.6942997,12.2156954,0,,,,50
60692046,0.5,0.580645144,1,1.07643938,0.145054936,0.104761899,0,0,15.9258718,4.4317131,8.32143211,8.35674477,0,13.3166971,4.4317131,12.1392565,0,,,,50
60693172,0.5,0.566666663,1,1.07643938,0.136996329,0.104761899,0,0,15.9304171,4.4317131,8.49925327,8.36730099,0,13.3238449,4.4317131,12.1392565,0,,,,50
60694303,0.5,0.666666687,1,1.07643938,0.128937721,0.0644688606,0,0,15.9304171,3.19203424,8.44198895,8.39474869,0,13.3238449,3.19203424,12.0628166,0,,,,50
60695430,0.5,0.695652187,1,1.07847619,0.128937721,0.056410253,0,0,15.9349623,3.19203424,8.4932251,8.39263725,0,13.3238449,3.19203424,12.0628166,0,,,,50
60696560,0.5,0.8125,1,1.07847619,0.104761899,0.0241758227,0,0,15.9349623,2.0168035,8.49021149,8.42641926,0,13.3309927,2.0168035,11.9843407,0,,,,50
60697692,0.5,0.75,1,1.07847619,0.0967032909,0.0322344303,0,0,15.9349623,2.0168035,8.50226688,8.41586208,0,13.3309927,2.0168035,11.9843407,0,,,,50
60698822,0.5,0.833333313,1,1.10307515,0.0805860758,0.0161172152,0,0,15.9349623,0.896612585,8.54144764,8.42430782,0,13.3238449,0.896612585,11.8812656,0,,,,50
60699949,0.5,0.727272749,1,1.10307515,0.0644688606,0.0241758227,0,0,15.9304171,0.896612585,8.52939224,8.42430782,0,13.3309927,0.896612585,11.8812656,0,,,,50
60701079,0.5,1,1,1.10307515,0.0483516455,0,0,0,15.9349623,-0.201062024,8.54144764,8.43275356,0,13.3166971,-0.201062024,11.7781906,0,,,,50
60702206,0.5,1,1,1.12898207,0.0402930379,0,0,0,15.9349623,-0.201062024,8.55350399,8.43064213,0,13.3309927,-0.201062024,11.7781906,0,,,,50
60703337,0.5,1,1,1.12898207,0.0322344303,0,0,0,15.9349623,-1.29736102,8.49925327,8.43908691,0,13.3309927,-1.29736102,11.6492081,0,,,,50
60704672,0.5,1,1,1.12898207,0.0322344303,0,0,0,15.9349623,-1.29736102,8.50829506,8.43908691,0,13.3309927,-1.29736102,11.6492081,0,,,,50
60705803,0.5,1,1,1.12389374,0.0241758227,0,0,0,15.9349623,-2.39748573,8.568573,8.43908691,0,13.3309927,-2.39748573,11.5253143,0,,,,50
60706930,0.5,1,1,1.12389374,0.0241758227,0,0,0,15.9349623,-2.39748573,8.52637863,8.43908691,0,13.3166971,-2.39748573,11.5253143,0,,,,50
60708061,0.5,1,1,1.12389374,0.0241758227,0,0,0,15.9395075,-3.45143366,8.52637863,8.43275356,0,13.3095493,-3.45143366,11.4014206,0,,,,50
60709188,0.5,1,1,1.11869419,0.0241758227,0,0,0,15.9349623,-3.45143366,8.5565176,8.43697548,0,13.3309927,-3.45143366,11.4014206,0,,,,50
60710319,0.5,1,1,1.11869419,0.0402930379,0,0,0,15.9349623,-4.40528202,8.54144764,8.43486404,0,13.3238449,-4.40528202,11.2827263,0,,,,50
60711445,0.5,1,1,1.11869419,0.0322344303,0,0,0,15.9349623,-4.40528202,8.52035046,8.43486404,0,13.3238449,-4.40528202,11.2827263,0,,,,50
60712581,0.5,1,1,1.12010753,0.0402930379,0,0,0,15.9349623,-5.23683071,8.52637863,8.43486404,0,13.3238449,-5.23683071,11.1626196,0,,,,50
60713707,0.5,1,1,1.12010753,0.056410253,0,0,0,15.9304171,-5.23683071,8.54144764,8.43275356,0,13.3238449,-5.23683071,11.1626196,0,,,,50
60714838,0.5,1,1,1.12010753,0.0725274682,0,0,0,15.9349623,-5.95208168,8.47514153,8.43064213,0,13.3309927,-5.95208168,11.0425119,0,,,,50
60715964,0.5,1,1,1.10828412,0.0886446834,0,0,0,15.9304171,-5.95208168,8.48719788,8.42853069,0,13.3238449,-5.95208168,11.0425119,0,,,,50
60717095,0.5,0.916666687,1,1.10828412,0.0886446834,0.00805860758,0,0,15.9349623,-6.54291916,8.47815609,8.41797352,0,13.3238449,-6.54291916,10.9342279,0,,,,50
60718222,0.5,0.857142866,1,1.10828412,0.0967032909,0.0161172152,0,0,15.9349623,-6.54291916,8.48418331,8.41375065,0,13.3309927,-6.54291916,10.9342279,0,,,,50
60719352,0.5,0.823529422,1,1.10828412,0.112820506,0.0241758227,0,0,15.9304171,-6.99798012,8.4932251,8.39474869,0,13.3238449,-6.99798012,10.8259439,0,,,,50
60720484,0.5,0.75,1,1.10674691,0.120879114,0.0402930379,0,0,15.9304171,-6.99798012,8.49021149,8.39686012,0,13.3309927,-6.99798012,10.8259439,0,,,,50
60721614,0.5,0.842105269,1,1.10674691,0.128937721,0.0241758227,0,0,15.9349623,-7.33815193,8.45705795,8.41163921,0,13.3238449,-7.33815193,10.7191973,0,,,,50
60722741,0.5,0.75,1,1.10674691,0.0967032909,0.0322344303,0,0,15.9304171,-7.33815193,8.50829506,8.40530586,0,13.3024006,-7.33815193,10.7191973,0,,,,50
60723871,0.5,0.769230783,1,1.08818293,0.0805860758,0.0241758227,0,0,15.9304171,-7.55930328,8.5565176,8.40319443,0,13.3238449,-7.55930328,10.6310139,0,,,,50
60725202,0.5,0.714285731,1,1.08818293,0.0402930379,0.0161172152,0,0,15.9395075,-7.55930328,8.53843403,8.40952778,0,13.3309927,-7.55930328,10.6310139,0,,,,50
60726332,0.5,0.777777791,1,1.08818293,0.056410253,0.0161172152,0,0,15.9349623,-7.64885521,8.53843403,8.41797352,0,13.3238449,-7.64885521,10.5428314,0,,,,50
60727459,0.5,0.888888896,1,1.06112301,0.0644688606,0.00805860758,0,0,15.9349623,-7.64885521,8.59871292,8.40530586,0,13.3238449,-7.64885521,10.5428314,0,,,,50
60728594,0.5,0.75,1,1.06112301,0.0483516455,0.0161172152,0,0,15.9349623,-7.59330988,8.53542042,8.4074173,0,13.3309927,-7.59330988,10.4817085,0,,,,50
60729720,0.5,0.777777791,1,1.06112301,0.056410253,0.0161172152,0,0,15.9349623,-7.59330988,8.50528145,8.41375065,0,13.3238449,-7.59330988,10.4817085,0,,,,50
60730851,0.5,0.727272749,1,1.04995334,0.0644688606,0.0241758227,0,0,15.9304171,-7.36334276,8.48418331,8.40952778,0,13.3309927,-7.36334276,10.4317551,0,,,,50
60731978,0.5,0.800000012,1,1.04995334,0.0644688606,0.0161172152,0,0,15.9349623,-7.36334276,8.52637863,8.40952778,0,13.3309927,-7.36334276,10.4317551,0,,,,50
60733108,0.5,0.800000012,1,1.04995334,0.0644688606,0.0161172152,0,0,15.9304171,-6.99014139,8.46308613,8.41375065,0,13.3309927,-6.99014139,10.3818016,0,,,,50
60734235,0.5,0.699999988,1,1.04995334,0.056410253,0.0241758227,0,0,15.9395075,-6.99014139,8.55048943,8.4074173,0,13.3309927,-6.99014139,10.3818016,0,,,,50
60735370,0.5,0.727272749,1,1.03901637,0.0644688606,0.0241758227,0,0,15.9304171,-6.52987432,8.43294716,8.4074173,0,13.3309927,-6.52987432,10.3427849,0,,,,50
60736497,0.5,0.666666687,1,1.03901637,0.0644688606,0.0322344303,0,0,15.9304171,-6.52987432,8.57761478,8.39474869,0,13.3166971,-6.52987432,10.3427849,0,,,,50
60737628,0.5,0.636363626,1,1.03901637,0.056410253,0.0322344303,0,0,15.9349623,-6.02014065,8.50226688,8.4074173,0,13.3309927,-6.02014065,10.3037691,0,,,,50
60738755,0.5,0.800000012,1,1.02303147,0.0644688606,0.0161172152,0,0,15.9349623,-6.02014065,8.51432323,8.41375065,0,13.3238449,-6.02014065,10.3037691,0,,,,50
60739886,0.5,0.800000012,1,1.02303147,0.0322344303,0.00805860758,0,0,15.9349623,-5.47604132,8.55048943,8.42853069,0,13.3309927,-5.47604132,10.2807379,0,,,,50
60741012,0.5,1,1,1.02303147,0.0402930379,0,0,0,15.9349623,-5.47604132,8.55048943,8.42853069,0,13.3309927,-5.47604132,10.2807379,0,,,,50
60742143,0.5,1,1,1.02303147,0.0322344303,0,0,0,15.9349623,-4.90254164,8.55953121,8.43064213,0,13.3309927,-4.90254164,10.2577057,0,,,,50
60743274,0.5,1,1,1.00587988,0.0402930379,0,0,0,15.9349623,-4.90254164,8.51432323,8.43486404,0,13.3309927,-4.90254164,10.2577057,0,,,,50
60744405,0.5,1,1,1.00587988,0.0322344303,0,0,0,15.9304171,-4.30170059,8.4932251,8.42641926,0,13.3238449,-4.30170059,10.2518263,0,,,,50
60745532,0.5,1,1,1.00587988,0.0402930379,0,0,0,15.9349623,-4.30170059,8.50226688,8.43275356,0,13.3238449,-4.30170059,10.2518263,0,,,,50
60746867,0.5,1,1,0.997455657,0.0161172152,0,0,0,15.9349623,-3.65894866,8.55350399,8.43275356,0,13.3238449,-3.65894866,10.2543707,0,,,,50
60747993,0.5,1,1,0.997455657,0.0322344303,0,0,0,15.9395075,-3.65894866,8.54144764,8.43275356,0,13.3238449,-3.65894866,10.2543707,0,,,,50
60749124,0.5,1,1,0.997455657,0.0241758227,0,0,0,15.9395075,-2.99046993,8.56254578,8.43275356,0,13.3309927,-2.99046993,10.2569151,0,,,,50
60750250,0.5,1,1,0.997455657,0.0161172152,0,0,0,15.9349623,-2.99046993,8.56555939,8.43275356,0,13.3309927,-2.99046993,10.2569151,0,,,,50
60751386,0.5,1,1,0.977538407,0.00805860758,0,0,0,15.9395075,-2.30399299,8.56555939,8.43275356,0,13.3309927,-2.30399299,10.279376,0,,,,50
60752512,0.5,1,1,0.977538407,0.00805860758,0,0,0,15.9395075,-2.30399299,8.5565176,8.43275356,0,13.3309927,-2.30399299,10.279376,0,,,,50
60753643,0.5,1,1,0.977538407,0.00805860758,0,0,0,15.9395075,-1.59197509,8.568573,8.43064213,0,13.3309927,-1.59197509,10.3018379,0,,,,50
60754769,0.5,1,1,0.977538407,0.0161172152,0,0,0,15.9349623,-1.59197509,8.5444622,8.43064213,0,13.3309927,-1.59197509,10.3018379,0,,,,50
60755900,0.5,1,1,0.957480907,0.0161172152,0,0,0,15.9349623,-0.850801766,8.58062935,8.43064213,0,13.3309927,-0.850801766,10.3443575,0,,,,50
60757026,0.5,1,1,0.957480907,0.0161172152,0,0,0,15.9395075,-0.850801766,8.5565176,8.43064213,0,13.3309927,-0.850801766,10.3443575,0,,,,50
60758161,0.5,0,1,0.957480907,0,0,0,0,15.9349623,-0.0793724358,8.568573,8.43064213,0,13.3309927,-0.0793724358,10.3868761,0,,,,50
60759288,0.5,1,1,0.957480907,0.0161172152,0,0,0,15.9304171,-0.0793724358,8.55953121,8.43064213,0,13.3238449,-0.0793724358,10.3868761,0,,,,50
60760418,0.5,1,1,0.931983888,0.0161172152,0,0,0,15.9349623,0.731847346,8.53542042,8.43064213,0,13.3238449,0.731847346,10.4548922,0,,,,50
60761545,0.5,1,1,0.931983888,0.0322344303,0,0,0,15.9349623,0.731847346,8.51733685,8.43064213,0,13.3381405,0.731847346,10.4548922,0,,,,50
60762676,0.5,1,1,0.931983888,0.0402930379,0,0,0,15.9304171,1.59256101,8.52035046,8.43275356,0,13.3309927,1.59256101,10.5229082,0,,,,50
60763803,0.5,1,1,0.927757919,0.0402930379,0,0,0,15.9349623,1.59256101,8.54747581,8.43064213,0,13.3309927,1.59256101,10.5229082,0,,,,50
60764933,0.5,1,1,0.927757919,0.0483516455,0,0,0,15.9304171,2.46660733,8.44198895,8.42430782,0,13.3309927,2.46660733,10.59515,0,,,,50
60766065,0.5,1,1,0.927757919,0.0725274682,0,0,0,15.9349623,2.46660733,8.44198895,8.42430782,0,13.3095493,2.46660733,10.59515,0,,,,50
60767399,0.5,0.888888896,1,0.927757919,0.0644688606,0.00805860758,0,0,15.9349623,3.30969763,8.51733685,8.40952778,0,13.3309927,3.30969763,10.6673927,0,,,,50
60768526,0.5,0.800000012,1,0.899114966,0.0644688606,0.0161172152,0,0,15.9349623,3.30969763,8.50226688,8.40319443,0,13.3309927,3.30969763,10.6673927,0,,,,50
60769656,0.5,0.769230783,1,0.899114966,0.0805860758,0.0241758227,0,0,15.9304171,4.14390135,8.49623966,8.39474869,0,13.3238449,4.14390135,10.7682772,0,,,,50
60770783,0.5,0.714285731,1,0.899114966,0.0805860758,0.0322344303,0,0,15.9349623,4.14390135,8.50226688,8.4074173,0,13.3309927,4.14390135,10.7682772,0,,,,50
60771914,0.5,0.75,1,0.899114966,0.0967032909,0.0322344303,0,0,15.9304171,5.00963259,8.4932251,8.40319443,0,13.3238449,5.00963259,10.8691626,0,,,,50
60773041,0.5,0.761904776,1,0.893377244,0.128937721,0.0402930379,0,0,15.9304171,5.00963259,8.45404434,8.38419151,0,13.3166971,5.00963259,10.8691626,0,,,,50
60774176,0.5,0.720000029,1,0.893377244,0.145054936,0.056410253,0,0,15.9304171,5.88650227,8.4058218,8.38419151,0,13.3238449,5.88650227,10.9757853,0,,,,50
60775303,0.5,0.741935492,1,0.893377244,0.185347974,0.0644688606,0,0,15.9349623,5.88650227,8.47514153,8.37785816,0,13.3238449,5.88650227,10.9757853,0,,,,50
60776433,0.5,0.65625,1,0.893377244,0.169230759,0.0886446834,0,0,15.9258718,6.73777103,8.46308613,8.35885525,0,13.3238449,6.73777103,11.082408,0,,,,50
60777560,0.5,0.647058845,1,0.893377244,0.177289367,0.0967032909,0,0,15.9258718,6.73777103,8.38773823,8.36096668,0,13.3238449,6.73777103,11.082408,0,,,,50
60778691,0.5,0.536585391,1,0.893377244,0.177289367,0.153113544,0,0,15.9258718,7.53363228,8.39979362,8.38419151,0,13.3166971,7.53363228,11.1890297,0,,,,50
60779817,0.5,0.560000002,1,0.893377244,0.225641012,0.177289367,0,0,15.9122372,7.53363228,8.3937664,8.31873989,0,13.3166971,7.53363228,11.1890297,0,,,,50
60780948,0.5,0.55737704,1,0.893377244,0.273992658,0.217582405,0,0,15.907692,8.25428391,8.31540394,8.30607224,0,13.3166971,8.25428391,11.2956524,0,,,,50
60782079,0.5,0.55384618,1,0.893277168,0.290109873,0.23369962,0,0,15.907692,8.25428391,8.33348751,8.29340363,0,13.288105,8.25428391,11.2956524,0,,,,50
60783210,0.5,0.552631557,1,0.893277168,0.338461518,0.273992658,0,0,15.8986015,8.89331055,8.30937672,8.28073597,0,13.3095493,8.89331055,11.4023752,0,,,,50
60784336,0.5,0.546666682,1,0.893277168,0.330402911,0.273992658,0,0,15.9031467,8.89331055,8.31540394,8.28073597,0,13.3095493,8.89331055,11.4023752,0,,,,50
60785467,0.5,0.560975611,1,0.893277168,0.370695949,0.290109873,0,0,15.9031467,9.45231247,8.30636215,8.2765131,0,13.3095493,9.45231247,11.5090981,0,,,,50
60786593,0.5,0.557142854,1,0.886627316,0.314285696,0.249816835,0,0,15.907692,9.45231247,8.33650112,8.28918076,0,13.3166971,9.45231247,11.5090981,0,,,,50
60787928,0.5,0.54285717,1,0.886627316,0.306227088,0.257875443,0,0,15.907692,9.94947433,8.34554291,8.29129219,0,13.3095493,9.94947433,11.6224709,0,,,,50
60789060,0.5,0.552238822,1,0.886627316,0.29816848,0.241758227,0,0,15.9031467,9.94947433,8.34855747,8.29340363,0,13.3024006,9.94947433,11.6224709,0,,,,50
60790190,0.5,0.563380301,1,0.886627316,0.322344303,0.249816835,0,0,15.907692,10.4064713,8.32745934,8.28706932,0,13.3024006,10.4064713,11.7358437,0,,,,50
60791317,0.5,0.560000002,1,0.893277168,0.338461518,0.26593405,0,0,15.8986015,10.4064713,8.30636215,8.28495789,0,13.3095493,10.4064713,11.7358437,0,,,,50
60792447,0.5,0.517241359,1,0.893277168,0.362637341,0.338461518,0,0,15.8895121,10.813879,8.28827858,8.227952,0,13.3095493,10.813879,11.8425655,0,,,,50
60793574,0.5,0.540540516,1,0.893277168,0.483516455,0.410988986,0,0,15.8895121,10.813879,8.1797781,8.25751019,0,13.3024006,10.813879,11.8425655,0,,,,50
60794704,0.5,0.571428597,1,0.893277168,0.451282024,0.338461518,0,0,15.8986015,11.1549826,8.16169453,8.24484253,0,13.3024006,11.1549826,11.9492884,0,,,,50
60795831,0.5,0.530120492,1,0.870380163,0.354578733,0.314285696,0,0,15.8895121,11.1549826,8.1918335,8.25117683,0,13.3024006,11.1549826,11.9492884,0,,,,50
60796966,0.5,0.555555582,1,0.870380163,0.443223417,0.354578733,0,0,15.8940573,11.4790888,8.255126,8.24695396,0,13.3095493,11.4790888,12.078908,0,,,,50
60798094,0.5,0.527472556,1,0.870380163,0.386813164,0.346520126,0,0,15.8986015,11.4790888,8.1797781,8.26595592,0,13.3095493,11.4790888,12.078908,0,,,,50
60799224,0.5,0.583333313,1,0.870380163,0.451282024,0.322344303,0,0,15.8986015,11.8481283,8.19786167,8.25962162,0,13.2952528,11.8481283,12.2085276,0,,,,50
60800351,0.5,0.552083313,1,0.873620033,0.427106202,0.346520126,0,0,15.8849669,11.8481283,8.26416779,8.24273109,0,13.3095493,11.8481283,12.2085276,0,,,,50
60801481,0.5,0.536842108,1,0.873620033,0.410988986,0.354578733,0,0,15.8895121,12,8.255126,8.24484253,0,13.3024006,12.247035,12.2018242,0,,,,50
60802607,0.5,0.516483545,1,0.873620033,0.378754556,0.354578733,0,0,15.8895121,12,8.24909782,8.24695396,0,13.3095493,12.247035,12.2018242,0,,,,50
60803738,0.5,0.546391726,1,0.873620033,0.427106202,0.354578733,0,0,15.8849669,11.8693018,8.23101425,8.23006344,0,13.288105,11.8693018,12.3282042,0,,,,50
60804869,0.5,0.569999993,1,0.92421186,0.459340632,0.346520126,0,0,15.8895121,11.8693018,8.24909782,8.23006344,0,13.3095493,11.8693018,12.3282042,0,,,,50
60806001,0.5,0.54838711,1,0.92421186,0.410988986,0.338461518,0,0,15.8940573,11.7388458,8.28526497,8.23850822,0,13.3024006,11.7388458,12.4039917,0,,,,50
60807128,0.5,0.476190478,1,0.92421186,0.322344303,0.354578733,0,0,15.8895121,11.7388458,8.15867996,8.24695396,0,13.3095493,11.7388458,12.4039917,0,,,,50
60808258,0.5,0.518072307,1,0.949957848,0.346520126,0.322344303,0,0,15.8895121,11.5704165,8.31540394,8.2490654,0,13.3024006,11.5704165,12.4540339,0,,,,50
60809589,0.5,0.535714269,1,0.949957848,0.362637341,0.314285696,0,0,15.8986015,11.5704165,8.2671814,8.26806736,0,13.3024006,11.5704165,12.4540339,0,,,,50
60810719,0.5,0.523255825,1,0.949957848,0.362637341,0.330402911,0,0,15.8986015,11.2650785,8.26115322,8.28073597,0,13.3095493,11.2650785,12.504076,0,,,,50
60811846,0.5,0.533333361,1,0.949957848,0.322344303,0.282051265,0,0,15.8940573,11.2650785,8.31540394,8.2765131,0,13.288105,11.2650785,12.504076,0,,,,50
60812981,0.5,0.5625,1,0.970169723,0.362637341,0.282051265,0,0,15.8986015,10.8392677,8.29129314,8.26384449,0,13.3024006,10.8392677,12.533906,0,,,,50
60814108,0.5,0.551724136,1,0.970169723,0.386813164,0.314285696,0,0,15.8986015,10.8392677,8.30033493,8.27862453,0,13.3024006,10.8392677,12.533906,0,,,,50
60815239,0.5,0.523809552,1,0.970169723,0.354578733,0.322344303,0,0,15.8940573,10.3149595,8.31540394,8.2765131,0,13.3095493,10.3149595,12.563736,0,,,,50
60816365,0.5,0.552631557,1,1.0143187,0.338461518,0.273992658,0,0,15.8986015,10.3149595,8.32143211,8.26173306,0,13.3095493,10.3149595,12.563736,0,,,,50
60817496,0.5,0.545454562,1,1.0143187,0.338461518,0.282051265,0,0,15.9031467,9.66585255,8.31540394,8.27862453,0,13.3095493,9.66585255,12.5494175,0,,,,50
60818622,0.5,0.534246564,1,1.0143187,0.314285696,0.273992658,0,0,15.907692,9.66585255,8.33348751,8.29129219,0,13.3166971,9.66585255,12.5494175,0,,,,50
60819758,0.5,0.560606062,1,1.0143187,0.29816848,0.23369962,0,0,15.907692,8.85756302,8.35157108,8.30607224,0,13.3095493,8.85756302,12.535099,0,,,,50
60820884,0.5,0.54838711,1,1.02290034,0.273992658,0.225641012,0,0,15.907692,8.85756302,8.34554291,8.31451702,0,13.3166971,8.85756302,12.535099,0,,,,50
60822015,0.5,0.561403513,1,1.02290034,0.257875443,0.201465189,0,0,15.9122372,7.94503784,8.36664104,8.3250742,0,13.2952528,7.94503784,12.5121984,0,,,,50
60823141,0.5,0.568965495,1,1.02290034,0.26593405,0.201465189,0,0,15.9122372,7.94503784,8.36965466,8.32296276,0,13.3095493,7.94503784,12.5121984,0,,,,50
60824272,0.5,0.540000021,1,1.03176177,0.217582405,0.185347974,0,0,15.9167824,6.98787642,8.39979362,8.3314085,0,13.3166971,6.98787642,12.4804363,0,,,,50
60825398,0.5,0.540000021,1,1.03176177,0.217582405,0.185347974,0,0,15.9213276,6.98787642,8.40883541,8.3314085,0,13.3238449,6.98787642,12.4804363,0,,,,50
60826529,0.5,0.547619045,1,1.03176177,0.185347974,0.153113544,0,0,15.9304171,6.02885485,8.40883541,8.33985329,0,13.3238449,6.02885485,12.4486742,0,,,,50
60827660,0.5,0.568181813,1,1.03176177,0.201465189,0.153113544,0,0,15.9304171,6.02885485,8.38773823,8.38208103,0,13.3238449,6.02885485,12.4486742,0,,,,50
60828791,0.5,0.649999976,1,1.04459286,0.209523797,0.112820506,0,0,15.9304171,5.09434986,8.24909782,8.36941242,0,13.3238449,5.09434986,12.4040813,0,,,,50
60830122,0.5,0.689655185,1,1.04459286,0.161172152,0.0725274682,0,0,15.9304171,5.09434986,8.3304739,8.37574673,0,13.3309927,5.09434986,12.4040813,0,,,,50
60831252,0.5,0.740740716,1,1.04459286,0.161172152,0.056410253,0,0,15.9304171,4.19327879,8.4932251,8.39474869,0,13.3238449,4.19327879,12.3594885,0,,,,50
60832379,0.5,0.720000029,1,1.02303147,0.145054936,0.056410253,0,0,15.9349623,4.19327879,8.43897438,8.39052582,0,13.3238449,4.19327879,12.3594885,0,,,,50
60833510,0.5,0.761904776,1,1.02303147,0.128937721,0.0402930379,0,0,15.9258718,3.39208007,8.47815609,8.40530586,0,13.3309927,3.39208007,12.3364573,0,,,,50
60834636,0.5,0.761904776,1,1.02303147,0.128937721,0.0402930379,0,0,15.9304171,3.39208007,8.4811697,8.40108299,0,13.3238449,3.39208007,12.3364573,0,,,,50
60835771,0.5,0.764705896,1,1.03176177,0.104761899,0.0322344303,0,0,15.9304171,2.74404979,8.48719788,8.4074173,0,13.3238449,2.74404979,12.3046951,0,,,,50
60836898,0.5,0.785714269,1,1.03176177,0.0886446834,0.0241758227,0,0,15.9304171,2.74404979,8.49925327,8.40319443,0,13.3309927,2.74404979,12.3046951,0,,,,50
60838028,0.5,0.75,1,1.03176177,0.0725274682,0.0241758227,0,0,15.9304171,2.22099972,8.52637863,8.40530586,0,13.3166971,2.22099972,12.272934,0,,,,50
60839154,0.5,0.75,1,1.05929184,0.0725274682,0.0241758227,0,0,15.9349623,2.22099972,8.54747581,8.4074173,0,13.3309927,2.22099972,12.272934,0,,,,50
60840285,0.5,0.800000012,1,1.05929184,0.0644688606,0.0161172152,0,0,15.9304171,1.74051762,8.53240585,8.41797352,0,13.3309927,1.74051762,12.2136421,0,,,,50
60841412,0.5,0.75,1,1.05929184,0.0483516455,0.0161172152,0,0,15.9349623,1.74051762,8.52939224,8.42219639,0,13.3238449,1.74051762,12.2136421,0,,,,50
60842542,0.5,0.875,1,1.05929184,0.056410253,0.00805860758,0,0,15.9349623,1.23143017,8.54747581,8.41797352,0,13.3166971,1.23143017,12.1543503,0,,,,50
60843674,0.5,0.857142866,1,1.05929184,0.0483516455,0.00805860758,0,0,15.9304171,1.23143017,8.52637863,8.42641926,0,13.3309927,1.23143017,12.1543503,0,,,,50
60844804,0.5,1,1,1.05929184,0.0402930379,0,0,0,15.9304171,0.70472306,8.52939224,8.42641926,0,13.3095493,0.70472306,12.0950584,0,,,,50
60845931,0.5,1,1,1.05929184,0.0483516455,0,0,0,15.9349623,0.70472306,8.54747581,8.42430782,0,13.3309927,0.70472306,12.0950584,0,,,,50
60847062,0.5,1,1,1.05915117,0.0483516455,0,0,0,15.9349623,0.197484717,8.53240585,8.43697548,0,13.3238449,0.197484717,12.0359068,0,,,,50
60848189,0.5,1,1,1.05915117,0.0322344303,0,0,0,15.9349623,0.197484717,8.54144764,8.43908691,0,13.3238449,0.197484717,12.0359068,0,,,,50
60849319,0.5,1,1,1.05915117,0.0402930379,0,0,0,15.9349623,-0.270235032,8.55350399,8.42853069,0,13.3309927,-0.270235032,11.9767561,0,,,,50
60850451,0.5,1,1,1.05915117,0.0322344303,0,0,0,15.9349623,-0.270235032,8.52637863,8.43275356,0,13.3309927,-0.270235032,11.9767561,0,,,,50
60851786,0.5,1,1,1.04981518,0.0322344303,0,0,0,15.9349623,-0.672319651,8.58967113,8.43697548,0,13.3309927,-0.672319651,11.9269409,0,,,,50
60852912,0.5,1,1,1.04981518,0.0322344303,0,0,0,15.9349623,-0.672319651,8.52939224,8.43697548,0,13.3309927,-0.672319651,11.9269409,0,,,,50
60854043,0.5,1,1,1.04981518,0.0241758227,0,0,0,15.9395075,-0.987704754,8.568573,8.43697548,0,13.3238449,-0.987704754,11.8771257,0,,,,50
60855169,0.5,1,1,1.03189516,0.0241758227,0,0,0,15.9349623,-0.987704754,8.55048943,8.43697548,0,13.3309927,-0.987704754,11.8771257,0,,,,50
60856299,0.5,1,1,1.03189516,0.0241758227,0,0,0,15.9349623,-1.19355857,8.53843403,8.43486404,0,13.3238449,-1.19355857,11.8452301,0,,,,50
60857426,0.5,1,1,1.03189516,0.0322344303,0,0,0,15.9349623,-1.19355857,8.53843403,8.43275356,0,13.3309927,-1.19355857,11.8452301,0,,,,50
60858562,0.5,1,1,1.03189516,0.0241758227,0,0,0,15.9349623,-1.27386665,8.54144764,8.43064213,0,13.3309927,-1.27386665,11.8133354,0,,,,50
60859688,0.5,1,1,1.03189516,0.0241758227,0,0,0,15.9395075,-1.27386665,8.53240585,8.43486404,0,13.3309927,-1.27386665,11.8133354,0,,,,50
60860819,0.5,1,1,1.03189516,0.0241758227,0,0,0,15.9349623,-1.26007819,8.5444622,8.43486404,0,13.3238449,-1.26007819,11.7814398,0,,,,50
60861945,0.5,1,1,1.03189516,0.0241758227,0,0,0,15.9349623,-1.26007819,8.5565176,8.43486404,0,13.3309927,-1.26007819,11.7814398,0,,,,50
60863076,0.5,1,1,1.02290034,0.0241758227,0,0,0,15.9349623,-1.17879546,8.58062935,8.43486404,0,13.3166971,-1.17879546,11.7585392,0,,,,50
60864203,0.5,1,1,1.02290034,0.0241758227,0,0,0,15.9349623,-1.17879546,8.53843403,8.43275356,0,13.3309927,-1.17879546,11.7585392,0,,,,50
