t_us,share_sp,share_act,v_sp,v_act,I_fc,I_batt,gFC,gBT,V_bus,I_cmd,V_fc,V_batt,V_chg,V_rgn,u_unsat,drive_x0,encoder_pos,enc_period_ref_us,enc_multi_pitch_count,enc_spurious_drop_count,fault_flags,ps_phase,dc_phase,trap_phase,flags
6748793,0.5,0,0,0,0,0,0,0,0,0,8.52939224,8.08860207,0,0,0,0,0,0,0,0,0,,,,50
6750124,0.5,0,0,0,0,0,0,0,0,0,8.52939224,8.0907135,0,0,0,0,0,0,0,0,0,,,,50
6751252,0.5,0,0,0,0,0,0,0,0,0,8.52637863,8.0907135,0,0,0,0,0,0,0,0,0,,,,50
6752379,0.5,0,0,0,0,0,0,0,0,0,8.52939224,8.0907135,0,0,0,0,0,0,0,0,0,,,,50
6753506,0.5,0,0,0,0,0,0,0,0,0,8.52637863,8.08860207,0,0,0,0,0,0,0,0,0,,,,50
6754634,0.5,0,0,0,0,0,0,0,0,0,8.52637863,8.0907135,0,0,0,0,0,0,0,0,0,,,,50
6755772,0.5,0,0,0,0,0,0,0,0,0,8.52939224,8.08860207,0,0,0,0,0,0,0,0,0,,,,50
6756899,0.5,0,0,0,0,0,0,0,0,0,8.52939224,8.08649063,0,0,0,0,0,0,0,0,0,,,,50
6758026,0.5,0,0,0,0,0,0,0,0,0,8.52939224,8.08860207,0,0,0,0,0,0,0,0,0,,,,50
6759154,0.5,0,0,0,0,0,0,0,0,0,8.52939224,8.08649063,0,0,0,0,0,0,0,0,0,,,,50
6760281,0.5,0,0,0,0,0,0,0,0,0,8.52939224,8.08860207,0,0,0,0,0,0,0,0,0,,,,50
6761413,0.5,0,0,0,0,0,0,0,0,0,8.53240585,8.0907135,0,0,0,0,0,0,0,0,0,,,,50
6762541,0.5,0,0,0,0,0,0,0,0,0,8.52939224,8.0907135,0,0,0,0,0,0,0,0,0,,,,50
6763668,0.5,0,0,0,0,0,0,0,0,0,8.52939224,8.08860207,0,0,0,0,0,0,0,0,0,,,,50
6764795,0.5,0,0,0,0,0,0,0,0,0,8.52939224,8.08860207,0,0,0,0,0,0,0,0,0,,,,50
6765923,0.5,0,0,0,0,0,0,0,0,0,8.52939224,8.08649063,0,0,0,0,0,0,0,0,0,,,,50
6767050,0.5,0,0,0,0,0,0,0,0,0,8.52939224,8.08860207,0,0,0,0,0,0,0,0,0,,,,50
6768182,0.5,0,0,0,0,0,0,0,0,0,8.52939224,8.08860207,0,0,0,0,0,0,0,0,0,,,,50
6769309,0.5,0,0,0,0,0,0,0,0,0,8.52939224,8.08860207,0,0,0,0,0,0,0,0,0,,,,50
6770641,0.5,0,0,0,0,0,0,0,0,0,8.52939224,8.08649063,0,0,0,0,0,0,0,0,0,,,,50
6771768,0.5,0,0,0,0,0,0,0,0,0,8.52939224,8.08860207,0,0,0,0,0,0,0,0,0,,,,50
6772895,0.5,0,0,0,0,0,0,0,0,0,8.52939224,8.08860207,0,0,0,0,0,0,0,0,0,,,,50
6774027,0.5,0,0,0,0,0,0,0,0,0,8.52939224,8.08649063,0,0,0,0,0,0,0,0,0,,,,50
6775155,0.5,0,0,0,0,0,0,0,0,0,8.52637863,8.08860207,0,0,0,0,0,0,0,0,0,,,,50
6776282,0.5,0,0,0,0,0,0,0,0,0,8.52939224,8.08860207,0,0,0,0,0,0,0,0,0,,,,50
6777409,0.5,0,0,0,0,0,0,0,0,0,8.53240585,8.08860207,0,0,0,0,0,0,0,0,0,,,,50
6778537,0.5,0,0,0,0,0,0,0,0,0,8.52939224,8.08860207,0,0,0,0,0,0,0,0,0,,,,50
6779664,0.5,0,0,0,0,0,0,0,0,0,8.53240585,8.08860207,0,0,0,0,0,0,0,0,0,,,,50
6780796,0.5,0,0,0,0,0,0,0,0,0,8.52939224,8.0907135,0,0,0,0,0,0,0,0,0,,,,50
6781924,0.5,0,0,0,0,0,0,0,0,0,8.53240585,8.08860207,0,0,0,0,0,0,0,0,0,,,,50
6783051,0.5,0,0,0,0,0,0,0,0,0,8.52939224,8.08860207,0,0,0,0,0,0,0,0,0,,,,50
6784178,0.5,0,0,0,0,0,0,0,0,0,8.53240585,8.08860207,0,0,0,0,0,0,0,0,0,,,,50
6785306,0.5,0,0,0,0,0,0,0,0,0,8.52939224,8.08860207,0,0,0,0,0,0,0,0,0,,,,50
6786433,0.5,0,0,0,0,0,0,0,0,0,8.52939224,8.08860207,0,0,0,0,0,0,0,0,0,,,,50
6787565,0.5,0,0,0,0,0,0,0,0,0,8.52939224,8.08860207,0,0,0,0,0,0,0,0,0,,,,50
6788692,0.5,0,0,0,0,0,0,0,0,0,8.53240585,8.0907135,0,0,0,0,0,0,0,0,0,,,,50
6789820,0.5,1,0,0,0.00805860758,0,0,0,0,0,8.52939224,8.08649063,0,0,0,0,0,0,0,0,0,,,,50
6791151,0.5,0,0,0,0,0,0,0,0,0,8.52939224,8.08860207,0,0,0,0,0,0,0,0,0,,,,50
6792278,0.5,0,0,0,0,0,0,0,0,0,8.52939224,8.08860207,0,0,0,0,0,0,0,0,0,,,,50
6793410,0.5,0,0,0,0,0,0,0,0,0,8.52939224,8.08860207,0,0,0,0,0,0,0,0,0,,,,50
6794537,0.5,0,0,0,0,0,0,0,0,0,8.52939224,8.08649063,0,0,0,0,0,0,0,0,0,,,,50
6795665,0.5,0,0,0,0,0,0,0,0,0,8.52939224,8.08860207,0,0,0,0,0,0,0,0,0,,,,50
6796792,0.5,0,0,0,0,0,0,0,0,0,8.52939224,8.08860207,0,0,0,0,0,0,0,0,0,,,,50
6797919,0.5,0,0,0,0,0,0,0,0,0,8.53240585,8.08860207,0,0,0,0,0,0,0,0,0,,,,50
6799047,0.5,0,0,0,0,0,0,0,0,0,8.52939224,8.08860207,0,0,0,0,0,0,0,0,0,,,,50
6800178,0.5,0,0,0,0,0,0,0,0,0,8.53240585,8.08860207,0,0,0,0,0,0,0,0,0,,,,50
6801306,0.5,0,0,0,0,0,0,0,0,0,8.52939224,8.08860207,0,0,0,0,0,0,0,0,0,,,,50
6802433,0.5,0,0,0,0,0,0,0,0,0,8.52939224,8.08860207,0,0,0,0,0,0,0,0,0,,,,50
6803560,0.5,0,0,0,0,0,0,0,0,0,8.52939224,8.08860207,0,0.00714798551,0,0,0,0,0,0,0,,,,50
6804687,0.5,0,0,0,0,0,0,0,0,0,8.53240585,8.08860207,0,0,0,0,0,0,0,0,0,,,,50
6805819,0.5,0,0,0,0,0,0,0,0,0,8.52939224,8.08860207,0,0,0,0,0,0,0,0,0,,,,50
6806947,0.5,0,0,0,0,0,0,0,0,0,8.52939224,8.08860207,0,0,0,0,0,0,0,0,0,,,,50
6808074,0.5,0,0,0,0,0,0,0,0,0,8.52939224,8.08860207,0,0,0,0,0,0,0,0,0,,,,50
6809201,0.5,0,0,0,0,0,0,0,0,0,8.52939224,8.08860207,0,0,0,0,0,0,0,0,0,,,,50
6810329,0.5,0,0,0,0,0,0,0,0,0,8.52939224,8.08860207,0,0,0,0,0,0,0,0,0,,,,50
6811456,0.5,0,0,0,0,0,0,0,0,0,8.52637863,8.08649063,0,0,0,0,0,0,0,0,0,,,,50
6812792,0.5,0,0,0,0,0,0,0,0,0,8.52939224,8.08860207,0,0,0,0,0,0,0,0,0,,,,50
6813919,0.5,0,0,0,0,0,0,0,0,0,8.52939224,8.08860207,0,0,0,0,0,0,0,0,0,,,,50
6815047,0.5,0,0,0,0,0,0,0,0,0,8.53240585,8.08860207,0,0,0,0,0,0,0,0,0,,,,50
6816174,0.5,0,0,0,0,0,0,0,0,0,8.52939224,8.08860207,0,0,0,0,0,0,0,0,0,,,,50
6817301,0.5,0,0,0,0,0,0,0,0,0,8.53240585,8.08649063,0,0,0,0,0,0,0,0,0,,,,50
6818433,0.5,0,0,0,0,0,0,0,0,0,8.52939224,8.08649063,0,0,0,0,0,0,0,0,0,,,,50
6819561,0.5,0,0,0,0,0,0,0,0,0,8.52939224,8.08860207,0,0,0,0,0,0,0,0,0,,,,50
6820688,0.5,0,0,0,0,0,0,0,0,0,8.52939224,8.08860207,0,0,0,0,0,0,0,0,0,,,,50
6821815,0.5,0,0,0,0,0,0,0,0,0,8.52939224,8.08860207,0,0,0,0,0,0,0,0,0,,,,50
6822943,0.5,0,0,0,0,0,0,0,0,0,8.52939224,8.08860207,0,0,0,0,0,0,0,0,0,,,,50
6824070,0.5,0,0,0,0,0,0,0,0,0,8.52939224,8.08860207,0,0,0,0,0,0,0,0,0,,,,50
6825202,0.5,0,0,0,0,0,0,0,0,0,8.52939224,8.08860207,0,0,0,0,0,0,0,0,0,,,,50
6826330,0.5,0,0,0,0,0,0,0,0,0,8.52939224,8.08860207,0,0,0,0,0,0,0,0,0,,,,50
6827457,0.5,0,0,0,0,0,0,0,0,0,8.52939224,8.08860207,0,0,0,0,0,0,0,0,0,,,,50
6828584,0.5,0,0,0,0,0,0,0,0,0,8.53240585,8.08649063,0,0,0,0,0,0,0,0,0,,,,50
6829712,0.5,0,0,0,0,0,0,0,0,0,8.52939224,8.08860207,0,0,0,0,0,0,0,0,0,,,,50
6830843,0.5,0,0,0,0,0,0,0,0,0,8.52939224,8.08860207,0,0,0,0,0,0,0,0,0,,,,50
6831971,0.5,0,0,0,0,0,0,0,0,0,8.52939224,8.08860207,0,0,0,0,0,0,0,0,0,,,,50
6833302,0.5,0,0,0,0,0,0,0,0,0,8.52939224,8.08860207,0,0,0,0,0,0,0,0,0,,,,50
6834430,0.5,0,0,0,0,0,0,0,0,0,8.52637863,8.08860207,0,0.00714798551,0,0,0,0,0,0,0,,,,50
6835557,0.5,0,0,0,0,0,0,0,0,0,8.53240585,8.08860207,0,0,0,0,0,0,0,0,0,,,,50
6836684,0.5,0,0,0,0,0,0,0,0,0,8.52939224,8.08649063,0,0.00714798551,0,0,0,0,0,0,0,,,,50
6837816,0.5,0,0,0,0,0,0,0,0,0,8.52939224,8.08649063,0,0,0,0,0,0,0,0,0,,,,50
6838944,0.5,0,0,0,0,0,0,0,0,0,8.52939224,8.08860207,0,0,0,0,0,0,0,0,0,,,,50
6840071,0.5,0,0,0,0,0,0,0,0,0,8.52939224,8.08860207,0,0,0,0,0,0,0,0,0,,,,50
6841198,0.5,0,0,0,0,0,0,0,0,0,8.52939224,8.08860207,0,0,0,0,0,0,0,0,0,,,,50
6842326,0.5,0,0,0,0,0,0,0,0,0,8.52939224,8.08649063,0,0,0,0,0,0,0,0,0,,,,50
6843453,0.5,0,0,0,0,0,0,0,0,0,8.52939224,8.08649063,0,0,0,0,0,0,0,0,0,,,,50
6844585,0.5,0,0,0,0,0,0,0,0,0,8.52939224,8.08860207,0,0,0,0,0,0,0,0,0,,,,50
6845712,0.5,0,0,0,0,0,0,0,0,0,8.52939224,8.08860207,0,0,0,0,0,0,0,0,0,,,,50
6846840,0.5,0,0,0,0,0,0,0,0,0,8.52939224,8.08860207,0,0,0,0,0,0,0,0,0,,,,50
6847967,0.5,0,0,0,0,0,0,0,0,0,8.52939224,8.08860207,0,0,0,0,0,0,0,0,0,,,,50
6849095,0.5,0,0,0,0,0,0,0,0,0,8.52939224,8.08649063,0,0,0,0,0,0,0,0,0,,,,50
6850227,0.5,0,0,0,0,0,0,0,0,0,8.52939224,8.08860207,0,0,0,0,0,0,0,0,0,,,,50
6851354,0.5,0,0,0,0,0,0,0,0,0,8.52939224,8.08649063,0,0,0,0,0,0,0,0,0,,,,50
6852481,0.5,0,0,0,0,0,0,0,0,0,8.52939224,8.08649063,0,0,0,0,0,0,0,0,0,,,,50
6853813,0.5,0,0,0,0,0,0,0,0,0,8.52939224,8.08860207,0,0,0,0,0,0,0,0,0,,,,50
6854940,0.5,0,0,0,0,0,0,0,0,0,8.52939224,8.08649063,0,0,0,0,0,0,0,0,0,,,,50
6856067,0.5,0,0,0,0,0,0,0,0,0,8.52939224,8.08860207,0,0,0,0,0,0,0,0,0,,,,50
6857199,0.5,0,0,0,0,0,0,0,0,0,8.52939224,8.08649063,0,0,0,0,0,0,0,0,0,,,,50
6858327,0.5,0,0,0,0,0,0,0,0,0,8.52939224,8.08860207,0,0,0,0,0,0,0,0,0,,,,50
6859454,0.5,0,0,0,0,0,0,0,0,0,8.52939224,8.08860207,0,0,0,0,0,0,0,0,0,,,,50
6860581,0.5,0,0,0,0,0,0,0,0,0,8.52939224,8.08860207,0,0,0,0,0,0,0,0,0,,,,50
6861709,0.5,0,0,0,0,0,0,0,0,0,8.52939224,8.08649063,0,0,0,0,0,0,0,0,0,,,,50
6862841,0.5,0,0,0,0,0,0,0,0,0,8.52637863,8.08649063,0,0,0,0,0,0,0,0,0,,,,50
6863968,0.5,0,0,0,0,0,0,0,0,0,8.52939224,8.08860207,0,0,0,0,0,0,0,0,0,,,,50
6865095,0.5,0,0,0,0,0,0,0,0,0,8.52637863,8.08649063,0,0,0,0,0,0,0,0,0,,,,50
6866222,0.5,0,0,0,0,0,0,0,0,0,8.52939224,8.08860207,0,0,0,0,0,0,0,0,0,,,,50
6867350,0.5,0,0,0,0,0,0,0,0,0,8.52939224,8.08649063,0,0,0,0,0,0,0,0,0,,,,50
6868477,0.5,0,0,0,0,0,0,0,0,0,8.52939224,8.08860207,0,0,0,0,0,0,0,0,0,,,,50
6869609,0.5,0,0,0,0,0,0,0,0,0,8.52939224,8.08649063,0,0.00714798551,0,0,0,0,0,0,0,,,,50
6870737,0.5,0,0,0,0,0,0,0,0,0,8.52939224,8.08860207,0,0,0,0,0,0,0,0,0,,,,50
6871864,0.5,0,0,0,0,0,0,0,0,0,8.52939224,8.08860207,0,0,0,0,0,0,0,0,0,,,,50
6872991,0.5,0,0,0,0,0,0,0,0,0,8.52939224,8.0907135,0,0,0,0,0,0,0,0,0,,,,50
6874119,0.5,0,0,0,0,0,0,0,0,0,8.52939224,8.08649063,0,0,0,0,0,0,0,0,0,,,,50
6875455,0.5,0,0,0,0,0,0,0,0,0,8.52637863,8.08860207,0,0,0,0,0,0,0,0,0,,,,50
6876582,0.5,0,0,0,0,0,0,0,0,0,8.52939224,8.08860207,0,0,0,0,0,0,0,0,0,,,,50
6877709,0.5,0,0,0,0,0,0,0,0,0,8.52939224,8.08860207,0,0,0,0,0,0,0,0,0,,,,50
6878837,0.5,0,0,0,0,0,0,0,0,0,8.52939224,8.08649063,0,0,0,0,0,0,0,0,0,,,,50
6879964,0.5,0,0,0,0,0,0,0,0,0,8.52939224,8.08860207,0,0,0,0,0,0,0,0,0,,,,50
6881091,0.5,0,0,0,0,0,0,0,0,0,8.52939224,8.08860207,0,0,0,0,0,0,0,0,0,,,,50
6882223,0.5,0,0,0,0,0,0,0,0,0,8.52939224,8.08860207,0,0,0,0,0,0,0,0,0,,,,50
6883350,0.5,0,0,0,0,0,0,0,0,0,8.52939224,8.08649063,0,0,0,0,0,0,0,0,0,,,,50
6884477,0.5,0,0,0,0,0,0,0,0,0,8.52939224,8.08860207,0,0,0,0,0,0,0,0,0,,,,50
6885605,0.5,0,0,0,0,0,0,0,0,0,8.52637863,8.08649063,0,0,0,0,0,0,0,0,0,,,,50
6886732,0.5,0,0,0,0,0,0,0,0,0,8.52939224,8.08649063,0,0,0,0,0,0,0,0,0,,,,50
6887860,0.5,0,0,0,0,0,0,0,0,0,8.52939224,8.08860207,0,0,0,0,0,0,0,0,0,,,,50
6888992,0.5,0,0,0,0,0,0,0,0,0,8.53240585,8.08649063,0,0,0,0,0,0,0,0,0,,,,50
6890119,0.5,0,0,0,0,0,0,0,0,0,8.53240585,8.08860207,0,0,0,0,0,0,0,0,0,,,,50
6891246,0.5,0,0,0,0,0,0,0,0,0,8.52939224,8.08860207,0,0,0,0,0,0,0,0,0,,,,50
6892374,0.5,0,0,0,0,0,0,0,0,0,8.52939224,8.08860207,0,0,0,0,0,0,0,0,0,,,,50
6893501,0.5,0,0,0,0,0,0,0,0,0,8.53240585,8.08860207,0,0,0,0,0,0,0,0,0,,,,50
6894633,0.5,0,0,0,0,0,0,0,0,0,8.52939224,8.08860207,0,0,0,0,0,0,0,0,0,,,,50
6895964,0.5,0,0,0,0,0,0,0,0,0,8.52939224,8.08860207,0,0,0,0,0,0,0,0,0,,,,50
6897092,0.5,0,0,0,0,0,0,0,0,0,8.52939224,8.08860207,0,0,0,0,0,0,0,0,0,,,,50
6898219,0.5,0,0,0,0,0,0,0,0,0,8.52939224,8.08860207,0,0,0,0,0,0,0,0,0,,,,50
6899346,0.5,0,0,0,0,0,0,0,0,0,8.52939224,8.08860207,0,0,0,0,0,0,0,0,0,,,,50
6900474,0.5,0,0,0,0,0,0,0,0,0,8.52637863,8.08860207,0,0,0,0,0,0,0,0,0,,,,50
6901606,0.5,0,0,0,0,0,0,0,0,0,8.52939224,8.08860207,0,0,0,0,0,0,0,0,0,,,,50
6902733,0.5,0,0,0,0,0,0,0,0,0,8.52939224,8.08860207,0,0,0,0,0,0,0,0,0,,,,50
6903860,0.5,0,0,0,0,0,0,0,0,0,8.52939224,8.08860207,0,0,0,0,0,0,0,0,0,,,,50
6904988,0.5,0,0,0,0,0,0,0,0,0,8.52939224,8.08860207,0,0,0,0,0,0,0,0,0,,,,50
6906115,0.5,0,0,0,0,0,0,0,0,0,8.52939224,8.08860207,0,0,0,0,0,0,0,0,0,,,,50
6907247,0.5,0,0,0,0,0,0,0,0,0,8.52939224,8.08649063,0,0,0,0,0,0,0,0,0,,,,50
6908374,0.5,0,0,0,0,0,0,0,0,0,8.52939224,8.08860207,0,0,0,0,0,0,0,0,0,,,,50
6909502,0.5,0,0,0,0,0,0,0,0,0,8.52939224,8.08860207,0,0,0,0,0,0,0,0,0,,,,50
6910629,0.5,0,0,0,0,0,0,0,0,0,8.52939224,8.08860207,0,0,0,0,0,0,0,0,0,,,,50
6911757,0.5,0,0,0,0,0,0,0,0,0,8.52939224,8.08860207,0,0,0,0,0,0,0,0,0,,,,50
6912884,0.5,0,0,0,0,0,0,0,0,0,8.52939224,8.0907135,0,0,0,0,0,0,0,0,0,,,,50
6914016,0.5,0,0,0,0,0,0,0,0,0,8.52939224,8.08860207,0,0,0,0,0,0,0,0,0,,,,50
6915143,0.5,0,0,0,0,0,0,0,0,0,8.52939224,8.08860207,0,0,0,0,0,0,0,0,0,,,,50
6916271,0.5,0,0,0,0,0,0,0,0,0,8.52939224,8.08860207,0,0,0,0,0,0,0,0,0,,,,50
6917602,0.5,0,0,0,0,0,0,0,0,0,8.52939224,8.08860207,0,0,0,0,0,0,0,0,0,,,,50
6918729,0.5,0,0,0,0,0,0,0,0,0,8.52939224,8.08860207,0,0.00714798551,0,0,0,0,0,0,0,,,,50
6919861,0.5,0,0,0,0,0,0,0,0,0,8.52939224,8.08860207,0,0,0,0,0,0,0,0,0,,,,50
6920989,0.5,0,0,0,0,0,0,0,0,0,8.52939224,8.08860207,0,0,0,0,0,0,0,0,0,,,,50
6922116,0.5,0,0,0,0,0,0,0,0,0,8.52939224,8.08860207,0,0,0,0,0,0,0,0,0,,,,50
6923243,0.5,0,0,0,0,0,0,0,0,0,8.52939224,8.08860207,0,0,0,0,0,0,0,0,0,,,,50
6924371,0.5,0,0,0,0,0,0,0,0,0,8.52637863,8.08649063,0,0,0,0,0,0,0,0,0,,,,50
6925498,0.5,0,0,0,0,0,0,0,0,0,8.52939224,8.08649063,0,0,0,0,0,0,0,0,0,,,,50
6926630,0.5,0,0,0,0,0,0,0,0,0,8.52939224,8.08860207,0,0,0,0,0,0,0,0,0,,,,50
6927758,0.5,0,0,0,0,0,0,0,0,0,8.52939224,8.08860207,0,0,0,0,0,0,0,0,0,,,,50
6928885,0.5,0,0,0,0,0,0,0,0,0,8.52939224,8.08860207,0,0,0,0,0,0,0,0,0,,,,50
6930012,0.5,0,0,0,0,0,0,0,0,0,8.52939224,8.08860207,0,0,0,0,0,0,0,0,0,,,,50
6931140,0.5,0,0,0,0,0,0,0,0,0,8.52939224,8.08649063,0,0,0,0,0,0,0,0,0,,,,50
6932267,0.5,0,0,0,0,0,0,0,0,0,8.52939224,8.08860207,0,0,0,0,0,0,0,0,0,,,,50
6933399,0.5,0,0,0,0,0,0,0,0,0,8.52939224,8.0907135,0,0,0,0,0,0,0,0,0,,,,50
6934526,0.5,0,0,0,0,0,0,0,0,0,8.52939224,8.08860207,0,0,0,0,0,0,0,0,0,,,,50
6935654,0.5,0,0,0,0,0,0,0,0,0,8.52939224,8.08860207,0,0,0,0,0,0,0,0,0,,,,50
6936781,0.5,0,0,0,0,0,0,0,0,0,8.52939224,8.08860207,0,0,0,0,0,0,0,0,0,,,,50
6938112,0.5,0,0,0,0,0,0,0,0,0,8.52939224,8.08860207,0,0,0,0,0,0,0,0,0,,,,50
6939244,0.5,0,0,0,0,0,0,0,0,0,8.52939224,8.08860207,0,0,0,0,0,0,0,0,0,,,,50
6940372,0.5,0,0,0,0,0,0,0,0,0,8.52939224,8.08860207,0,0,0,0,0,0,0,0,0,,,,50
6941499,0.5,0,0,0,0,0,0,0,0,0,8.52939224,8.08860207,0,0,0,0,0,0,0,0,0,,,,50
6942626,0.5,0,0,0,0,0,0,0,0,0,8.52939224,8.0907135,0,0,0,0,0,0,0,0,0,,,,50
6943754,0.5,0,0,0,0,0,0,0,0,0,8.52939224,8.08860207,0,0,0,0,0,0,0,0,0,,,,50
6944881,0.5,0,0,0,0,0,0,0,0,0,8.52939224,8.08860207,0,0.00714798551,0,0,0,0,0,0,0,,,,50
6946013,0.5,0,0,0,0,0,0,0,0,0,8.53240585,8.0907135,0,0,0,0,0,0,0,0,0,,,,50
6947141,0.5,0,0,0,0,0,0,0,0,0,8.52939224,8.08649063,0,0,0,0,0,0,0,0,0,,,,50
6948268,0.5,0,0,0,0,0,0,0,0,0,8.53240585,8.08860207,0,0,0,0,0,0,0,0,0,,,,50
6949395,0.5,0,0,0,0,0,0,0,0,0,8.52939224,8.08860207,0,0,0,0,0,0,0,0,0,,,,50
6950523,0.5,0,0,0,0,0,0,0,0,0,8.52939224,8.08860207,0,0,0,0,0,0,0,0,0,,,,50
6951655,0.5,0,0,0,0,0,0,0,0,0,8.52939224,8.08860207,0,0,0,0,0,0,0,0,0,,,,50
6952782,0.5,0,0,0,0,0,0,0,0,0,8.52939224,8.08860207,0,0,0,0,0,0,0,0,0,,,,50
6953909,0.5,0,0,0,0,0,0,0,0,0,8.52939224,8.0907135,0,0,0,0,0,0,0,0,0,,,,50
6955037,0.5,0,0,0,0,0,0,0,0,0,8.52939224,8.08860207,0,0,0,0,0,0,0,0,0,,,,50
6956164,0.5,0,0,0,0,0,0,0,0,0,8.52939224,8.08860207,0,0,0,0,0,0,0,0,0,,,,50
6957291,0.5,0,0,0,0,0,0,0,0,0,8.52939224,8.08649063,0,0,0,0,0,0,0,0,0,,,,50
6958423,0.5,0,0,0,0,0,0,0,0,0,8.52939224,8.08649063,0,0,0,0,0,0,0,0,0,,,,50
6959755,0.5,0,0,0,0,0,0,0,0,0,8.52939224,8.0907135,0,0,0,0,0,0,0,0,0,,,,50
6960882,0.5,0,0,0,0,0,0,0,0,0,8.52939224,8.08860207,0,0,0,0,0,0,0,0,0,,,,50
6962009,0.5,0,0,0,0,0,0,0,0,0,8.52939224,8.08860207,0,0,0,0,0,0,0,0,0,,,,50
6963137,0.5,0,0,0,0,0,0,0,0,0,8.52939224,8.08860207,0,0,0,0,0,0,0,0,0,,,,50
6964269,0.5,0,0,0,0,0,0,0,0,0,8.52939224,8.08860207,0,0,0,0,0,0,0,0,0,,,,50
6965396,0.5,0,0,0,0,0,0,0,0,0,8.52939224,8.08649063,0,0,0,0,0,0,0,0,0,,,,50
6966524,0.5,0,0,0,0,0,0,0,0,0,8.52939224,8.08860207,0,0,0,0,0,0,0,0,0,,,,50
6967651,0.5,0,0,0,0,0,0,0,0,0,8.52939224,8.08860207,0,0,0,0,0,0,0,0,0,,,,50
6968778,0.5,0,0,0,0,0,0,0,0,0,8.52939224,8.08860207,0,0,0,0,0,0,0,0,0,,,,50
6969906,0.5,0,0,0,0,0,0,0,0,0,8.52939224,8.08860207,0,0,0,0,0,0,0,0,0,,,,50
6971038,0.5,0,0,0,0,0,0,0,0,0,8.52939224,8.08649063,0,0,0,0,0,0,0,0,0,,,,50
6972165,0.5,0,0,0,0,0,0,0,0,0,8.52939224,8.08860207,0,0,0,0,0,0,0,0,0,,,,50
6973292,0.5,0,0,0,0,0,0,0,0,0,8.52939224,8.08860207,0,0,0,0,0,0,0,0,0,,,,50
6974419,0.5,0,0,0,0,0,0,0,0,0,8.53240585,8.0907135,0,0,0,0,0,0,0,0,0,,,,50
6975547,0.5,0,0,0,0,0,0,0,0,0,8.52939224,8.08860207,0,0,0,0,0,0,0,0,0,,,,50
6976679,0.5,0,0,0,0,0,0,0,0,0,8.52939224,8.08649063,0,0,0,0,0,0,0,0,0,,,,50
6977806,0.5,0,0,0,0,0,0,0,0,0,8.52939224,8.08649063,0,0,0,0,0,0,0,0,0,,,,50
6978933,0.5,0,0,0,0,0,0,0,0,0,8.52939224,8.0907135,0,0,0,0,0,0,0,0,0,,,,50
6980265,0.5,0,0,0,0,0,0,0,0,0,8.52939224,8.08860207,0,0,0,0,0,0,0,0,0,,,,50
6981392,0.5,0,0,0,0,0,0,0,0,0,8.53240585,8.08860207,0,0,0,0,0,0,0,0,0,,,,50
6982519,0.5,0,0,0,0,0,0,0,0,0,8.52939224,8.08860207,0,0,0,0,0,0,0,0,0,,,,50
6983651,0.5,0,0,0,0,0,0,0,0,0,8.52939224,8.08649063,0,0,0,0,0,0,0,0,0,,,,50
6984779,0.5,0,0,0,0,0,0,0,0,0,8.52939224,8.08860207,0,0,0,0,0,0,0,0,0,,,,50
6985906,0.5,0,0,0,0,0,0,0,0,0,8.52939224,8.08860207,0,0,0,0,0,0,0,0,0,,,,50
6987033,0.5,0,0,0,0,0,0,0,0,0,8.52939224,8.08860207,0,0,0,0,0,0,0,0,0,,,,50
6988161,0.5,0,0,0,0,0,0,0,0,0,8.52939224,8.08860207,0,0,0,0,0,0,0,0,0,,,,50
6989288,0.5,0,0,0,0,0,0,0,0,0,8.52939224,8.08649063,0,0,0,0,0,0,0,0,0,,,,50
6990420,0.5,0,0,0,0,0,0,0,0,0,8.52939224,8.08649063,0,0,0,0,0,0,0,0,0,,,,50
6991547,0.5,0,0,0,0,0,0,0,0,0,8.52939224,8.08860207,0,0,0,0,0,0,0,0,0,,,,50
6992675,0.5,0,0,0,0,0,0,0,0,0,8.52939224,8.08860207,0,0,0,0,0,0,0,0,0,,,,50
6993802,0.5,0,0,0,0,0,0,0,0,0,8.52939224,8.08860207,0,0,0,0,0,0,0,0,0,,,,50
6994929,0.5,0,0,0,0,0,0,0,0,0,8.52939224,8.08860207,0,0,0,0,0,0,0,0,0,,,,50
6996061,0.5,0,0,0,0,0,0,0,0,0,8.52939224,8.08649063,0,0,0,0,0,0,0,0,0,,,,50
6997189,0.5,0,0,0,0,0,0,0,0,0,8.52939224,8.08649063,0,0,0,0,0,0,0,0,0,,,,50
6998316,0.5,0,0,0,0,0,0,0,0,0,8.52939224,8.08860207,0,0,0,0,0,0,0,0,0,,,,50
6999443,0.5,0,0,0,0,0,0,0,0,0,8.52939224,8.08860207,0,0,0,0,0,0,0,0,0,,,,50
7000775,0.5,0,0,0,0,0,0,0,0,0,8.52939224,8.08860207,0,0,0,0,0,0,0,0,0,,,,50
7001902,0.5,0,0,0,0,0,0,0,0,0,8.52939224,8.08860207,0,0,0,0,0,0,0,0,0,,,,50
7003034,0.5,0,0,0,0,0,0,0,0,0,8.52939224,8.08860207,0,0,0,0,0,0,0,0,0,,,,50
7004161,0.5,0,0,0,0,0,0,0,0,0,8.52939224,8.08649063,0,0,0,0,0,0,0,0,0,,,,50
7005289,0.5,0,0,0,0,0,0,0,0,0,8.52939224,8.08860207,0,0,0,0,0,0,0,0,0,,,,50
7006416,0.5,0,0,0,0,0,0,0,0,0,8.52939224,8.08860207,0,0,0,0,0,0,0,0,0,,,,50
7007543,0.5,0,0,0,0,0,0,0,0,0,8.52939224,8.08860207,0,0,0,0,0,0,0,0,0,,,,50
7008675,0.5,0,0,0,0,0,0,0,0,0,8.52637863,8.0907135,0,0,0,0,0,0,0,0,0,,,,50
7009803,0.5,0,0,0,0,0,0,0,0,0,8.52939224,8.08860207,0,0,0,0,0,0,0,0,0,,,,50
7010930,0.5,0,0,0,0,0,0,0,0,0,8.52939224,8.08649063,0,0,0,0,0,0,0,0,0,,,,50
7012058,0.5,0,0,0,0,0,0,0,0,0,8.52939224,8.08860207,0,0,0,0,0,0,0,0,0,,,,50
7013185,0.5,0,0,0,0,0,0,0,0,0,8.52939224,8.08649063,0,0,0,0,0,0,0,0,0,,,,50
7014312,0.5,0,0,0,0,0,0,0,0,0,8.52939224,8.08860207,0,0,0,0,0,0,0,0,0,,,,50
7015444,0.5,0,0,0,0,0,0,0,0,0,8.52939224,8.08649063,0,0,0,0,0,0,0,0,0,,,,50
7016572,0.5,0,0,0,0,0,0,0,0,0,8.53240585,8.08860207,0,0,0,0,0,0,0,0,0,,,,50
7017699,0.5,0,0,0,0,0,0,0,0,0,8.52939224,8.08649063,0,0,0,0,0,0,0,0,0,,,,50
7018826,0.5,0,0,0,0,0,0,0,0.00454505486,0,8.53240585,8.08860207,0,0,0,0,0,0,0,0,0,,,,50
7019954,0.5,0,0,0,0,0,0,0,0,0,8.52939224,8.08860207,0,0,0,0,0,0,0,0,0,,,,50
7021086,0.5,0,0,0,0,0,0,0,0,0,8.52939224,8.08860207,0,0,0,0,0,0,0,0,0,,,,50
7022417,0.5,0,0,0,0,0,0,0,0,0,8.52939224,8.08860207,0,0,0,0,0,0,0,0,0,,,,50
7023544,0.5,0,0,0,0,0,0,0,0,0,8.52939224,8.08860207,0,0,0,0,0,0,0,0,0,,,,50
7024672,0.5,0,0,0,0,0,0,0,0,0,8.52939224,8.08649063,0,0,0,0,0,0,0,0,0,,,,50
7025799,0.5,0,0,0,0,0,0,0,0,0,8.52939224,8.08860207,0,0,0,0,0,0,0,0,0,,,,50
7026926,0.5,0,0,0,0,0,0,0,0,0,8.52939224,8.08860207,0,0,0,0,0,0,0,0,0,,,,50
7028058,0.5,0,0,0,0,0,0,0,0,0,8.52939224,8.08649063,0,0,0,0,0,0,0,0,0,,,,50
7029186,0.5,0,0,0,0,0,0,0,0,0,8.52939224,8.08860207,0,0,0,0,0,0,0,0,0,,,,50
7030313,0.5,0,0,0,0,0,0,0,0,0,8.52939224,8.08860207,0,0,0,0,0,0,0,0,0,,,,50
7031441,0.5,0,0,0,0,0,0,0,0,0,8.52939224,8.08860207,0,0,0,0,0,0,0,0,0,,,,50
7032568,0.5,0,0,0,0,0,0,0,0,0,8.52939224,8.08860207,0,0,0,0,0,0,0,0,0,,,,50
7033695,0.5,0,0,0,0,0,0,0,0,0,8.53240585,8.08860207,0,0,0,0,0,0,0,0,0,,,,50
7034827,0.5,0,0,0,0,0,0,0,0,0,8.52939224,8.08860207,0,0,0,0,0,0,0,0,0,,,,50
7035955,0.5,0,0,0,0,0,0,0,0,0,8.52637863,8.08860207,0,0,0,0,0,0,0,0,0,,,,50
7037082,0.5,0,0,0,0,0,0,0,0,0,8.52939224,8.08860207,0,0,0,0,0,0,0,0,0,,,,50
7038209,0.5,0,0,0,0,0,0,0,0,0,8.52939224,8.08860207,0,0,0,0,0,0,0,0,0,,,,50
7039337,0.5,0,0,0,0,0,0,0,0,0,8.52939224,8.08860207,0,0,0,0,0,0,0,0,0,,,,50
7040469,0.5,0,0,0,0,0,0,0,0,0,8.52939224,8.08649063,0,0,0,0,0,0,0,0,0,,,,50
7041596,0.5,0,0,0,0,0,0,0,0,0,8.52939224,8.08860207,0,0,0,0,0,0,0,0,0,,,,50
7042928,0.5,0,0,0,0,0,0,0,0,0,8.53240585,8.08860207,0,0,0,0,0,0,0,0,0,,,,50
7044055,0.5,0,0,0,0,0,0,0,0,0,8.52939224,8.08649063,0,0,0,0,0,0,0,0,0,,,,50
7045182,0.5,0,0,0,0,0,0,0,0,0,8.52939224,8.08860207,0,0,0,0,0,0,0,0,0,,,,50
7046310,0.5,0,0,0,0,0,0,0,0,0,8.52939224,8.08860207,0,0,0,0,0,0,0,0,0,,,,50
7047442,0.5,0,0,0,0,0,0,0,0,0,8.52939224,8.08860207,0,0,0,0,0,0,0,0,0,,,,50
7048569,0.5,0,0,0,0,0,0,0,0,0,8.52939224,8.08860207,0,0,0,0,0,0,0,0,0,,,,50
7049696,0.5,0,0,0,0,0,0,0,0,0,8.52939224,8.08860207,0,0,0,0,0,0,0,0,0,,,,50
7050824,0.5,0,0,0,0,0,0,0,0,0,8.52939224,8.08860207,0,0,0,0,0,0,0,0,0,,,,50
7051951,0.5,0,0,0,0,0,0,0,0,0,8.52939224,8.08860207,0,0,0,0,0,0,0,0,0,,,,50
7053083,0.5,0,0,0,0,0,0,0,0,0,8.52637863,8.08860207,0,0,0,0,0,0,0,0,0,,,,50
7054210,0.5,0,0,0,0,0,0,0,0,0,8.52939224,8.08649063,0,0,0,0,0,0,0,0,0,,,,50
7055337,0.5,0,0,0,0,0,0,0,0,0,8.52939224,8.08860207,0,0,0,0,0,0,0,0,0,,,,50
7056465,0.5,0,0,0,0,0,0,0,0,0,8.53240585,8.08649063,0,0,0,0,0,0,0,0,0,,,,50
7057592,0.5,0,0,0,0,0,0,0,0,0,8.52939224,8.08860207,0,0,0,0,0,0,0,0,0,,,,50
7058719,0.5,0,0,0,0,0,0,0,0,0,8.52939224,8.08860207,0,0,0,0,0,0,0,0,0,,,,50
7059851,0.5,0,0,0,0,0,0,0,0,0,8.52939224,8.08649063,0,0,0,0,0,0,0,0,0,,,,50
7060978,0.5,0,0,0,0,0,0,0,0,0,8.52939224,8.08860207,0.00714798551,0,0,0,0,0,0,0,0,,,,50
7062106,0.5,0,0,0,0,0,0,0,0,0,8.53240585,8.08860207,0,0,0,0,0,0,0,0,0,,,,50
7063233,0.5,0,0,0,0,0,0,0,0,0,8.53240585,8.08860207,0,0,0,0,0,0,0,0,0,,,,50
7064564,0.5,0,0,0,0,0,0,0,0,0,8.52637863,8.08860207,0,0,0,0,0,0,0,0,0,,,,50
7065697,0.5,0,0,0,0,0,0,0,0,0,8.52939224,8.08860207,0,0,0,0,0,0,0,0,0,,,,50
7066824,0.5,0,0,0,0,0,0,0,0,0,8.53240585,8.08649063,0,0,0,0,0,0,0,0,0,,,,50
7067951,0.5,0,0,0,0,0,0,0,0,0,8.53240585,8.08649063,0,0,0,0,0,0,0,0,0,,,,50
7069079,0.5,0,0,0,0,0,0,0,0,0,8.52939224,8.08860207,0,0,0,0,0,0,0,0,0,,,,50
7070206,0.5,0,0,0,0,0,0,0,0,0,8.52939224,8.08860207,0,0,0,0,0,0,0,0,0,,,,50
7071333,0.5,0,0,0,0,0,0,0,0,0,8.52939224,8.08860207,0,0,0,0,0,0,0,0,0,,,,50
7072465,0.5,0,0,0,0,0,0,0,0,0,8.52939224,8.08860207,0,0,0,0,0,0,0,0,0,,,,50
7073593,0.5,0,0,0,0,0,0,0,0,0,8.52637863,8.08649063,0,0,0,0,0,0,0,0,0,,,,50
7074720,0.5,0,0,0,0,0,0,0,0,0,8.52939224,8.08860207,0,0,0,0,0,0,0,0,0,,,,50
7075847,0.5,0,0,0,0,0,0,0,0,0,8.52939224,8.08860207,0,0,0,0,0,0,0,0,0,,,,50
7076975,0.5,0,0,0,0,0,0,0,0,0,8.52939224,8.08649063,0,0,0,0,0,0,0,0,0,,,,50
7078102,0.5,0,0,0,0,0,0,0,0,0,8.52939224,8.08649063,0,0,0,0,0,0,0,0,0,,,,50
7079234,0.5,0,0,0,0,0,0,0,0,0,8.53240585,8.08860207,0,0,0,0,0,0,0,0,0,,,,50
7080361,0.5,0,0,0,0,0,0,0,0,0,8.52939224,8.08860207,0,0,0,0,0,0,0,0,0,,,,50
7081489,0.5,0,0,0,0,0,0,0,0,0,8.52939224,8.08860207,0,0,0,0,0,0,0,0,0,,,,50
7082616,0.5,0,0,0,0,0,0,0,0,0,8.52939224,8.08860207,0,0,0,0,0,0,0,0,0,,,,50
7083743,0.5,0,0,0,0,0,0,0,0,0,8.52939224,8.08860207,0,0,0,0,0,0,0,0,0,,,,50
7085080,0.5,0,0,0,0,0,0,0,0,0,8.52939224,8.08649063,0,0.00714798551,0,0,0,0,0,0,0,,,,50
7086207,0.5,0,0,0,0,0,0,0,0,0,8.52939224,8.08860207,0.00714798551,0,0,0,0,0,0,0,0,,,,50
7087334,0.5,0,0,0,0,0,0,0,0,0,8.52939224,8.0907135,0,0,0,0,0,0,0,0,0,,,,50
7088462,0.5,0,0,0,0,0,0,0,0,0,8.52939224,8.08860207,0,0,0,0,0,0,0,0,0,,,,50
7089589,0.5,0,0,0,0,0,0,0,0,0,8.52939224,8.08860207,0,0,0,0,0,0,0,0,0,,,,50
7090716,0.5,0,0,0,0,0,0,0,0,0,8.52939224,8.08860207,0,0,0,0,0,0,0,0,0,,,,50
7091848,0.5,0,0,0,0,0,0,0,0,0,8.52939224,8.08860207,0,0,0,0,0,0,0,0,0,,,,50
7092976,0.5,0,0,0,0,0,0,0,0,0,8.52637863,8.08649063,0,0,0,0,0,0,0,0,0,,,,50
7094103,0.5,0,0,0,0,0,0,0,0,0,8.52939224,8.08860207,0,0,0,0,0,0,0,0,0,,,,50
7095230,0.5,0,0,0,0,0,0,0,0,0,8.52939224,8.08860207,0,0,0,0,0,0,0,0,0,,,,50
7096357,0.5,0,0,0,0,0,0,0,0,0,8.52939224,8.08649063,0,0,0,0,0,0,0,0,0,,,,50
7097489,0.5,0,0,0,0,0,0,0,0,0,8.52939224,8.08860207,0,0,0,0,0,0,0,0,0,,,,50
7098616,0.5,0,0,0,0,0,0,0,0,0,8.52939224,8.08860207,0,0,0,0,0,0,0,0,0,,,,50
7099744,0.5,0,0,0,0,0,0,0,0,0,8.52939224,8.08860207,0,0,0,0,0,0,0,0,0,,,,50
7100871,0.5,0,0,0,0,0,0,0,0,0,8.52939224,8.08649063,0,0,0,0,0,0,0,0,0,,,,50
7101998,0.5,0,0,0,0,0,0,0,0,0,8.52939224,8.08649063,0,0,0,0,0,0,0,0,0,,,,50
7103125,0.5,0,0,0,0,0,0,0,0,0,8.52939224,8.08649063,0,0,0,0,0,0,0,0,0,,,,50
7104257,0.5,0,0,0,0,0,0,0,0,0,8.52939224,8.08860207,0,0,0,0,0,0,0,0,0,,,,50
7105385,0.5,0,0,0,0,0,0,0,0,0,8.52939224,8.08860207,0,0,0,0,0,0,0,0,0,,,,50
7106716,0.5,0,0,0,0,0,0,0,0,0,8.53240585,8.08860207,0,0,0,0,0,0,0,0,0,,,,50
7107843,0.5,0,0,0,0,0,0,0,0,0,8.52939224,8.08860207,0,0,0,0,0,0,0,0,0,,,,50
7108971,0.5,0,0,0,0,0,0,0,0,0,8.52637863,8.08649063,0,0,0,0,0,0,0,0,0,,,,50
7110103,0.5,0,0,0,0,0,0,0,0,0,8.52939224,8.08860207,0,0,0,0,0,0,0,0,0,,,,50
7111230,0.5,0,0,0,0,0,0,0,0,0,8.52939224,8.08649063,0,0,0,0,0,0,0,0,0,,,,50
7112357,0.5,0,0,0,0,0,0,0,0,0,8.52939224,8.08649063,0,0,0,0,0,0,0,0,0,,,,50
7113485,0.5,0,0,0,0,0,0,0,0,0,8.52939224,8.08860207,0,0,0,0,0,0,0,0,0,,,,50
7114612,0.5,0,0,0,0,0,0,0,0,0,8.52939224,8.08860207,0,0,0,0,0,0,0,0,0,,,,50
7115739,0.5,0,0,0,0,0,0,0,0,0,8.52939224,8.08860207,0,0,0,0,0,0,0,0,0,,,,50
7116872,0.5,0,0,0,0,0,0,0,0,0,8.52637863,8.08649063,0,0,0,0,0,0,0,0,0,,,,50
7117999,0.5,0,0,0,0,0,0,0,0,0,8.52939224,8.08860207,0,0,0,0,0,0,0,0,0,,,,50
7119126,0.5,0,0,0,0,0,0,0,0,0,8.52939224,8.08860207,0,0,0,0,0,0,0,0,0,,,,50
7120254,0.5,0,0,0,0,0,0,0,0,0,8.52939224,8.08860207,0,0,0,0,0,0,0,0,0,,,,50
7121381,0.5,0,0,0,0,0,0,0,0,0,8.52939224,8.08860207,0,0,0,0,0,0,0,0,0,,,,50
7122513,0.5,0,0,0,0,0,0,0,0,0,8.53240585,8.08860207,0,0,0,0,0,0,0,0,0,,,,50
7123640,0.5,0,0,0,0,0,0,0,0,0,8.52939224,8.08860207,0,0,0,0,0,0,0,0,0,,,,50
7124768,0.5,0,0,0,0,0,0,0,0,0,8.53240585,8.08860207,0,0,0,0,0,0,0,0,0,,,,50
7125895,0.5,0,0,0,0,0,0,0,0,0,8.52939224,8.08649063,0,0,0,0,0,0,0,0,0,,,,50
7127226,0.5,0,0,0,0,0,0,0,0,0,8.52939224,8.08860207,0,0,0,0,0,0,0,0,0,,,,50
7128354,0.5,0,0,0,0,0,0,0,0,0,8.52939224,8.08649063,0,0,0,0,0,0,0,0,0,,,,50
7129486,0.5,0,0,0,0,0,0,0,0,0,8.52939224,8.08649063,0,0,0,0,0,0,0,0,0,,,,50
7130613,0.5,0,0,0,0,0,0,0,0,0,8.52939224,8.08649063,0,0,0,0,0,0,0,0,0,,,,50
7131740,0.5,0,0,0,0,0,0,0,0,0,8.52939224,8.08860207,0,0,0,0,0,0,0,0,0,,,,50
7132867,0.5,0,0,0,0,0,0,0,0,0,8.52939224,8.08649063,0,0,0,0,0,0,0,0,0,,,,50
7133995,0.5,0,0,0,0,0,0,0,0,0,8.52939224,8.08649063,0,0,0,0,0,0,0,0,0,,,,50
7135122,0.5,0,0,0,0,0,0,0,0,0,8.52939224,8.08860207,0,0,0,0,0,0,0,0,0,,,,50
7136254,0.5,0,0,0,0,0,0,0,0,0,8.53240585,8.08649063,0,0,0,0,0,0,0,0,0,,,,50
7137381,0.5,0,0,0,0,0,0,0,0,0,8.52939224,8.08860207,0,0,0,0,0,0,0,0,0,,,,50
7138508,0.5,0,0,0,0,0,0,0,0,0,8.52939224,8.08860207,0,0,0,0,0,0,0,0,0,,,,50
7139635,0.5,0,0,0,0,0,0,0,0,0,8.52939224,8.08860207,0,0,0,0,0,0,0,0,0,,,,50
7140763,0.5,0,0,0,0,0,0,0,0,0,8.52939224,8.08860207,0,0,0,0,0,0,0,0,0,,,,50
7141895,0.5,0,0,0,0,0,0,0,0,0,8.52939224,8.08649063,0,0,0,0,0,0,0,0,0,,,,50
7143022,0.5,0,0,0,0,0,0,0,0,0,8.52939224,8.08860207,0,0,0,0,0,0,0,0,0,,,,50
7144149,0.5,0,0,0,0,0,0,0,0,0,8.52939224,8.08860207,0,0,0,0,0,0,0,0,0,,,,50
7145277,0.5,0,0,0,0,0,0,0,0,0,8.52939224,8.08649063,0,0,0,0,0,0,0,0,0,,,,50
7146404,0.5,0,0,0,0,0,0,0,0,0,8.52939224,8.08860207,0,0,0,0,0,0,0,0,0,,,,50
7147532,0.5,0,0,0,0,0,0,0,0,0,8.53240585,8.08860207,0,0.00714798551,0,0,0,0,0,0,0,,,,50
7148868,0.5,0,0,0,0,0,0,0,0,0,8.52939224,8.08860207,0,0,0,0,0,0,0,0,0,,,,50
7149995,0.5,0,0,0,0,0,0,0,0,0,8.53240585,8.08860207,0,0,0,0,0,0,0,0,0,,,,50
7151122,0.5,0,0,0,0,0,0,0,0,0,8.52939224,8.08860207,0,0,0,0,0,0,0,0,0,,,,50
7152250,0.5,0,0,0,0,0,0,0,0,0,8.52939224,8.08860207,0,0,0,0,0,0,0,0,0,,,,50
7153377,0.5,0,0,0,0,0,0,0,0,0,8.52637863,8.08860207,0,0,0,0,0,0,0,0,0,,,,50
7154509,0.5,0,0,0,0,0,0,0,0,0,8.52939224,8.08860207,0,0,0,0,0,0,0,0,0,,,,50
7155636,0.5,0,0,0,0,0,0,0,0,0,8.53843403,8.08649063,0,0,0,0,0,0,0,0,0,,,,50
7156763,0.5,0,0,0,0,0,0,0,0,0,8.52939224,8.0907135,0,0,0,0,0,0,0,0,0,,,,50
7157891,0.5,0,0,0,0,0,0,0,0,0,8.52939224,8.08860207,0,0,0,0,0,0,0,0,0,,,,50
7159018,0.5,0,0,0,0,0,0,0,0,0,8.52939224,8.08860207,0,0,0,0,0,0,0,0,0,,,,50
7160145,0.5,0,0,0,0,0,0,0,0,0,8.52939224,8.08649063,0,0,0,0,0,0,0,0,0,,,,50
7161278,0.5,0,0,0,0,0,0,0,0,0,8.52939224,8.08860207,0,0,0,0,0,0,0,0,0,,,,50
7162405,0.5,0,0,0,0,0,0,0,0,0,8.52637863,8.08860207,0,0,0,0,0,0,0,0,0,,,,50
7163532,0.5,0,0,0,0,0,0,0,0,0,8.52939224,8.08860207,0,0,0,0,0,0,0,0,0,,,,50
7164660,0.5,0,0,0,0,0,0,0,0,0,8.52637863,8.08649063,0,0,0,0,0,0,0,0,0,,,,50
7165787,0.5,0,0,0,0,0,0,0,0,0,8.53240585,8.08860207,0,0,0,0,0,0,0,0,0,,,,50
7166919,0.5,0,0,0,0,0,0,0,0,0,8.52939224,8.08860207,0,0,0,0,0,0,0,0,0,,,,50
7168046,0.5,0,0,0,0,0,0,0,0,0,8.52939224,8.08860207,0,0,0,0,0,0,0,0,0,,,,50
7169378,0.5,0,0,0,0,0,0,0,0,0,8.53240585,8.08860207,0,0,0,0,0,0,0,0,0,,,,50
7170505,0.5,0,0,0,0,0,0,0,0,0,8.52939224,8.08860207,0,0,0,0,0,0,0,0,0,,,,50
7171632,0.5,0,0,0,0,0,0,0,0,0,8.52939224,8.08860207,0,0,0,0,0,0,0,0,0,,,,50
7172760,0.5,0,0,0,0,0,0,0,0,0,8.52939224,8.08649063,0,0,0,0,0,0,0,0,0,,,,50
7173892,0.5,0,0,0,0,0,0,0,0,0,8.52939224,8.08649063,0,0,0,0,0,0,0,0,0,,,,50
7175019,0.5,0,0,0,0,0,0,0,0,0,8.52939224,8.08860207,0,0,0,0,0,0,0,0,0,,,,50
7176146,0.5,0,0,0,0,0,0,0,0,0,8.52939224,8.08860207,0,0,0,0,0,0,0,0,0,,,,50
7177274,0.5,0,0,0,0,0,0,0,0,0,8.52939224,8.08860207,0,0,0,0,0,0,0,0,0,,,,50
7178401,0.5,0,0,0,0,0,0,0,0,0,8.52637863,8.08860207,0,0,0,0,0,0,0,0,0,,,,50
7179528,0.5,0,0,0,0,0,0,0,0.00454505486,0,8.52939224,8.08860207,0,0,0,0,0,0,0,0,0,,,,50
7180660,0.5,0,0,0,0,0,0,0,0,0,8.52637863,8.08860207,0,0,0,0,0,0,0,0,0,,,,50
7181788,0.5,0,0,0,0,0,0,0,0,0,8.52939224,8.08860207,0,0.00714798551,0,0,0,0,0,0,0,,,,50
7182915,0.5,0,0,0,0,0,0,0,0,0,8.52939224,8.08860207,0,0,0,0,0,0,0,0,0,,,,50
7184042,0.5,0,0,0,0,0,0,0,0,0,8.52939224,8.08649063,0,0,0,0,0,0,0,0,0,,,,50
7185170,0.5,0,0,0,0,0,0,0,0,0,8.52939224,8.08649063,0,0,0,0,0,0,0,0,0,,,,50
7186302,0.5,0,0,0,0,0,0,0,0,0,8.52939224,8.08860207,0,0,0,0,0,0,0,0,0,,,,50
7187429,0.5,0,0,0,0,0,0,0,0,0,8.52939224,8.08860207,0,0,0,0,0,0,0,0,0,,,,50
7188556,0.5,0,0,0,0,0,0,0,0,0,8.52939224,8.08860207,0,0,0,0,0,0,0,0,0,,,,50
7189888,0.5,0,0,0,0,0,0,0,0,0,8.52637863,8.08860207,0,0,0,0,0,0,0,0,0,,,,50
7191015,0.5,0,0,0,0,0,0,0,0,0,8.52939224,8.08860207,0.00714798551,0,0,0,0,0,0,0,0,,,,50
7192142,0.5,0,0,0,0,0,0,0,0,0,8.52939224,8.08860207,0,0,0,0,0,0,0,0,0,,,,50
7193274,0.5,0,0,0,0,0,0,0,0,0,8.53240585,8.08860207,0,0,0,0,0,0,0,0,0,,,,50
7194401,0.5,0,0,0,0,0,0,0,0.00909010973,0,8.52939224,8.08649063,0,0,0,0,0,0,0,0,0,,,,50
7195529,0.5,0,0,0,0,0,0,0,0,0,8.52939224,8.08860207,0,0,0,0,0,0,0,0,0,,,,50
7196656,0.5,0,0,0,0,0,0,0,0,0,8.52939224,8.08649063,0,0,0,0,0,0,0,0,0,,,,50
7197783,0.5,0,0,0,0,0,0,0,0.00454505486,0,8.52939224,8.0907135,0,0,0,0,0,0,0,0,0,,,,50
7198915,0.5,0,0,0,0,0,0,0,0,0,8.52939224,8.08860207,0,0,0,0,0,0,0,0,0,,,,50
7200042,0.5,0,0,0,0,0,0,0,0,0,8.52939224,8.08649063,0,0,0,0,0,0,0,0,0,,,,50
7201170,0.5,0,0,0,0,0,0,0,0,0,8.52939224,8.08860207,0,0,0,0,0,0,0,0,0,,,,50
7202297,0.5,0,0,0,0,0,0,0,0,0,8.52939224,8.08860207,0,0,0,0,0,0,0,0,0,,,,50
7203424,0.5,0,0,0,0,0,0,0,0,0,8.52637863,8.08860207,0,0,0,0,0,0,0,0,0,,,,50
7204552,0.5,0,0,0,0,0,0,0,0,0,8.52637863,8.08860207,0,0,0,0,0,0,0,0,0,,,,50
7205684,0.5,0,0,0,0,0,0,0,0,0,8.52939224,8.08860207,0,0,0,0,0,0,0,0,0,,,,50
7206811,0.5,0,0,0,0,0,0,0,0,0,8.52939224,8.08649063,0,0.00714798551,0,0,0,0,0,0,0,,,,50
7207938,0.5,0,0,0,0,0,0,0,0,0,8.52939224,8.08860207,0,0,0,0,0,0,0,0,0,,,,50
7209066,0.5,0,0,0,0,0,0,0,0,0,8.52637863,8.08649063,0,0,0,0,0,0,0,0,0,,,,50
7210193,0.5,0,0,0,0,0,0,0,0,0,8.52939224,8.08860207,0,0,0,0,0,0,0,0,0,,,,50
7211529,0.5,0,0,0,0,0,0,0,0,0,8.52939224,8.08860207,0,0,0,0,0,0,0,0,0,,,,50
7212657,0.5,0,0,0,0,0,0,0,0,0,8.52939224,8.08860207,0,0,0,0,0,0,0,0,0,,,,50
7213784,0.5,0,0,0,0,0,0,0,0,0,8.52939224,8.08860207,0,0,0,0,0,0,0,0,0,,,,50
7214911,0.5,0,0,0,0,0,0,0,0,0,8.52939224,8.08860207,0,0,0,0,0,0,0,0,0,,,,50
7216039,0.5,0,0,0,0,0,0,0,0,0,8.52939224,8.08860207,0,0,0,0,0,0,0,0,0,,,,50
7217166,0.5,0,0,0,0,0,0,0,0,0,8.52939224,8.08860207,0,0,0,0,0,0,0,0,0,,,,50
7218298,0.5,0,0,0,0,0,0,0,0,0,8.52939224,8.08860207,0,0,0,0,0,0,0,0,0,,,,50
7219425,0.5,0,0,0,0,0,0,0,0,0,8.52939224,8.08649063,0,0,0,0,0,0,0,0,0,,,,50
7220553,0.5,0,0,0,0,0,0,0,0,0,8.52939224,8.08860207,0,0,0,0,0,0,0,0,0,,,,50
7221680,0.5,0,0,0,0,0,0,0,0,0,8.52939224,8.08649063,0,0,0,0,0,0,0,0,0,,,,50
7222807,0.5,0,0,0,0,0,0,0,0,0,8.52939224,8.08860207,0,0,0,0,0,0,0,0,0,,,,50
7223935,0.5,0,0,0,0,0,0,0,0,0,8.52939224,8.08649063,0,0,0,0,0,0,0,0,0,,,,50
7225067,0.5,0,0,0,0,0,0,0,0,0,8.52939224,8.08649063,0,0,0,0,0,0,0,0,0,,,,50
7226194,0.5,0,0,0,0,0,0,0,0,0,8.52939224,8.08860207,0,0,0,0,0,0,0,0,0,,,,50
7227321,0.5,0,0,0,0,0,0,0,0,0,8.52939224,8.08860207,0,0,0,0,0,0,0,0,0,,,,50
7228449,0.5,0,0,0,0,0,0,0,0,0,8.52939224,8.08860207,0,0,0,0,0,0,0,0,0,,,,50
7229576,0.5,0,0,0,0,0,0,0,0,0,8.52939224,8.08649063,0,0,0,0,0,0,0,0,0,,,,50
7230708,0.5,0,0,0,0,0,0,0,0,0,8.52939224,8.08860207,0,0,0,0,0,0,0,0,0,,,,50
7232040,0.5,0,0,0,0,0,0,0,0,0,8.52939224,8.08860207,0,0,0,0,0,0,0,0,0,,,,50
7233167,0.5,0,0,0,0,0,0,0,0,0,8.52939224,8.08860207,0,0,0,0,0,0,0,0,0,,,,50
7234294,0.5,0,0,0,0,0,0,0,0,0,8.52939224,8.0907135,0,0,0,0,0,0,0,0,0,,,,50
7235421,0.5,0,0,0,0,0,0,0,0,0,8.52939224,8.08860207,0,0,0,0,0,0,0,0,0,,,,50
7236549,0.5,0,0,0,0,0,0,0,0,0,8.52939224,8.08860207,0,0,0,0,0,0,0,0,0,,,,50
7237681,0.5,0,0,0,0,0,0,0,0,0,8.52939224,8.08860207,0,0,0,0,0,0,0,0,0,,,,50
7238808,0.5,0,0,0,0,0,0,0,0,0,8.52939224,8.08860207,0,0,0,0,0,0,0,0,0,,,,50
7239935,0.5,0,0,0,0,0,0,0,0,0,8.52939224,8.08860207,0,0,0,0,0,0,0,0,0,,,,50
7241063,0.5,0,0,0,0,0,0,0,0,0,8.52939224,8.08860207,0,0,0,0,0,0,0,0,0,,,,50
7242190,0.5,0,0,0,0,0,0,0,0,0,8.52939224,8.08860207,0,0,0,0,0,0,0,0,0,,,,50
7243322,0.5,0,0,0,0,0,0,0,0,0,8.52939224,8.08860207,0,0,0,0,0,0,0,0,0,,,,50
7244450,0.5,0,0,0,0,0,0,0,0,0,8.52939224,8.08860207,0,0,0,0,0,0,0,0,0,,,,50
7245577,0.5,0,0,0,0,0,0,0,0,0,8.52939224,8.08860207,0,0,0,0,0,0,0,0,0,,,,50
7246704,0.5,0,0,0,0,0,0,0,0,0,8.52939224,8.08860207,0,0,0,0,0,0,0,0,0,,,,50
7247832,0.5,0,0,0,0,0,0,0,0,0,8.53240585,8.08860207,0,0,0,0,0,0,0,0,0,,,,50
7248959,0.5,0,0,0,0,0,0,0,0,0,8.52637863,8.08649063,0,0,0,0,0,0,0,0,0,,,,50
7250091,0.5,0,0,0,0,0,0,0,0,0,8.52939224,8.08860207,0,0,0,0,0,0,0,0,0,,,,50
7251218,0.5,0,0,0,0,0,0,0,0,0,8.52939224,8.08860207,0,0,0,0,0,0,0,0,0,,,,50
7252346,0.5,0,0,0,0,0,0,0,0,0,8.52939224,8.08860207,0,0,0,0,0,0,0,0,0,,,,50
7253677,0.5,0,0,0,0,0,0,0,0,0,8.52939224,8.08649063,0,0,0,0,0,0,0,0,0,,,,50
7254804,0.5,0,0,0,0,0,0,0,0,0,8.52939224,8.08649063,0,0,0,0,0,0,0,0,0,,,,50
7255937,0.5,0,0,0,0,0,0,0,0,0,8.52939224,8.08649063,0,0,0,0,0,0,0,0,0,,,,50
7257064,0.5,0,0,0,0,0,0,0,0,0,8.52939224,8.08860207,0,0,0,0,0,0,0,0,0,,,,50
7258191,0.5,0,0,0,0,0,0,0,0,0,8.52939224,8.08860207,0,0,0,0,0,0,0,0,0,,,,50
7259319,0.5,0,0,0,0,0,0,0,0,0,8.52939224,8.08860207,0,0,0,0,0,0,0,0,0,,,,50
7260446,0.5,0,0,0,0,0,0,0,0,0,8.52637863,8.08860207,0,0,0,0,0,0,0,0,0,,,,50
7261573,0.5,0,0,0,0,0,0,0,0,0,8.52939224,8.08860207,0,0,0,0,0,0,0,0,0,,,,50
7262705,0.5,0,0,0,0,0,0,0,0,0,8.52637863,8.08649063,0,0,0,0,0,0,0,0,0,,,,50
7263833,0.5,0,0,0,0,0,0,0,0,0,8.52939224,8.08860207,0,0,0,0,0,0,0,0,0,,,,50
7264960,0.5,0,0,0,0,0,0,0,0,0,8.53240585,8.08860207,0,0,0,0,0,0,0,0,0,,,,50
7266087,0.5,0,0,0,0,0,0,0,0,0,8.52939224,8.08860207,0,0,0,0,0,0,0,0,0,,,,50
7267215,0.5,0,0,0,0,0,0,0,0,0,8.53240585,8.08860207,0,0,0,0,0,0,0,0,0,,,,50
7268346,0.5,0,0,0,0,0,0,0,0,0,8.52939224,8.08649063,0,0,0,0,0,0,0,0,0,,,,50
7269474,0.5,0,0,0,0,0,0,0,0,0,8.53240585,8.08860207,0,0,0,0,0,0,0,0,0,,,,50
7270601,0.5,0,0,0,0,0,0,0,0,0,8.52939224,8.08860207,0,0,0,0,0,0,0,0,0,,,,50
7271728,0.5,0,0,0,0,0,0,0,0,0,8.52939224,8.08860207,0,0,0,0,0,0,0,0,0,,,,50
7272856,0.5,0,0,0,0,0,0,0,0,0,8.52939224,8.08860207,0,0,0,0,0,0,0,0,0,,,,50
7274187,0.5,0,0,0,0,0,0,0,0,0,8.52939224,8.08860207,0,0,0,0,0,0,0,0,0,,,,50
7275319,0.5,0,0,0,0,0,0,0,0,0,8.52939224,8.08860207,0,0,0,0,0,0,0,0,0,,,,50
7276447,0.5,0,0,0,0,0,0,0,0,0,8.52939224,8.08860207,0,0,0,0,0,0,0,0,0,,,,50
7277574,0.5,0,0,0,0,0,0,0,0,0,8.52939224,8.08860207,0,0.00714798551,0,0,0,0,0,0,0,,,,50
7278701,0.5,0,0,0,0,0,0,0,0,0,8.52939224,8.08649063,0,0,0,0,0,0,0,0,0,,,,50
7279829,0.5,0,0,0,0,0,0,0,0,0,8.52939224,8.08860207,0,0,0,0,0,0,0,0,0,,,,50
7280956,0.5,0,0,0,0,0,0,0,0,0,8.52939224,8.08860207,0,0,0,0,0,0,0,0,0,,,,50
7282088,0.5,0,0,0,0,0,0,0,0,0,8.52939224,8.08860207,0,0,0,0,0,0,0,0,0,,,,50
7283215,0.5,0,0,0,0,0,0,0,0,0,8.52939224,8.08649063,0,0,0,0,0,0,0,0,0,,,,50
7284343,0.5,0,0,0,0,0,0,0,0,0,8.52939224,8.0907135,0,0,0,0,0,0,0,0,0,,,,50
7285470,0.5,0,0,0,0,0,0,0,0,0,8.52939224,8.08649063,0,0,0,0,0,0,0,0,0,,,,50
7286597,0.5,0,0,0,0,0,0,0,0,0,8.52939224,8.08649063,0,0,0,0,0,0,0,0,0,,,,50
7287730,0.5,0,0,0,0,0,0,0,0,0,8.53240585,8.08649063,0,0,0,0,0,0,0,0,0,,,,50
7288857,0.5,0,0,0,0,0,0,0,0,0,8.52939224,8.08860207,0,0,0,0,0,0,0,0,0,,,,50
7289984,0.5,0,0,0,0,0,0,0,0,0,8.52939224,8.08860207,0,0,0,0,0,0,0,0,0,,,,50
7291112,0.5,0,0,0,0,0,0,0,0,0,8.52939224,8.08649063,0,0.00714798551,0,0,0,0,0,0,0,,,,50
7292239,0.5,0,0,0,0,0,0,0,0,0,8.52939224,8.08649063,0,0,0,0,0,0,0,0,0,,,,50
7293366,0.5,0,0,0,0,0,0,0,0,0,8.52939224,8.08860207,0,0,0,0,0,0,0,0,0,,,,50
7294498,0.5,0,0,0,0,0,0,0,0,0,8.52939224,8.08860207,0,0,0,0,0,0,0,0,0,,,,50
7295830,0.5,0,0,0,0,0,0,0,0,0,8.52939224,8.08860207,0,0,0,0,0,0,0,0,0,,,,50
7296957,0.5,0,0,0,0,0,0,0,0,0,8.52939224,8.08860207,0,0,0,0,0,0,0,0,0,,,,50
7298084,0.5,0,0,0,0,0,0,0,0,0,8.52939224,8.08860207,0,0,0,0,0,0,0,0,0,,,,50
7299212,0.5,0,0,0,0,0,0,0,0,0,8.52939224,8.08860207,0,0,0,0,0,0,0,0,0,,,,50
7300344,0.5,0,0,0,0,0,0,0,0,0,8.52939224,8.08860207,0,0,0,0,0,0,0,0,0,,,,50
7301471,0.5,0,0,0,0,0,0,0,0,0,8.52939224,8.08860207,0,0,0,0,0,0,0,0,0,,,,50
7302598,0.5,0,0,0,0,0,0,0,0,0,8.52939224,8.08860207,0,0,0,0,0,0,0,0,0,,,,50
7303726,0.5,0,0,0,0,0,0,0,0,0,8.52939224,8.08649063,0,0,0,0,0,0,0,0,0,,,,50
7304853,0.5,0,0,0,0,0,0,0,0,0,8.52939224,8.08860207,0,0,0,0,0,0,0,0,0,,,,50
7305980,0.5,0,0,0,0,0,0,0,0,0,8.52939224,8.08860207,0,0,0,0,0,0,0,0,0,,,,50
7307113,0.5,0,0,0,0,0,0,0,0,0,8.52939224,8.08649063,0,0,0,0,0,0,0,0,0,,,,50
7308240,0.5,0,0,0,0,0,0,0,0,0,8.52939224,8.08860207,0,0,0,0,0,0,0,0,0,,,,50
7309367,0.5,0,0,0,0,0,0,0,0,0,8.52939224,8.08860207,0,0,0,0,0,0,0,0,0,,,,50
7310495,0.5,0,0,0,0,0,0,0,0,0,8.52939224,8.08860207,0,0,0,0,0,0,0,0,0,,,,50
7311622,0.5,0,0,0,0,0,0,0,0,0,8.52939224,8.08649063,0,0,0,0,0,0,0,0,0,,,,50
7312754,0.5,0,0,0,0,0,0,0,0,0,8.52939224,8.08649063,0,0,0,0,0,0,0,0,0,,,,50
7313881,0.5,0,0,0,0,0,0,0,0,0,8.52637863,8.08649063,0,0,0,0,0,0,0,0,0,,,,50
7315009,0.5,0,0,0,0,0,0,0,0,0,8.52939224,8.08860207,0,0,0,0,0,0,0,0,0,,,,50
7316340,0.5,0,0,0,0,0,0,0,0,0,8.52939224,8.08860207,0,0,0,0,0,0,0,0,0,,,,50
7317467,0.5,0,0,0,0,0,0,0,0,0,8.52939224,8.08649063,0,0,0,0,0,0,0,0,0,,,,50
7318595,0.5,0,0,0,0,0,0,0,0,0,8.52939224,8.08860207,0,0,0,0,0,0,0,0,0,,,,50
7319727,0.5,0,0,0,0,0,0,0,0,0,8.52939224,8.08860207,0,0,0,0,0,0,0,0,0,,,,50
7320854,0.5,0,0,0,0,0,0,0,0,0,8.53240585,8.08649063,0,0,0,0,0,0,0,0,0,,,,50
7321982,0.5,0,0,0,0,0,0,0,0,0,8.52939224,8.08649063,0,0,0,0,0,0,0,0,0,,,,50
7323109,0.5,0,0,0,0,0,0,0,0,0,8.52939224,8.08649063,0,0,0,0,0,0,0,0,0,,,,50
7324236,0.5,0,0,0,0,0,0,0,0,0,8.52637863,8.08649063,0,0,0,0,0,0,0,0,0,,,,50
7325364,0.5,0,0,0,0,0,0,0,0,0,8.52939224,8.08860207,0,0,0,0,0,0,0,0,0,,,,50
7326496,0.5,0,0,0,0,0,0,0,0,0,8.52939224,8.08860207,0,0,0,0,0,0,0,0,0,,,,50
7327623,0.5,0,0,0,0,0,0,0,0,0,8.52939224,8.08649063,0.00714798551,0,0,0,0,0,0,0,0,,,,50
7328750,0.5,0,0,0,0,0,0,0,0,0,8.52939224,8.08860207,0,0,0,0,0,0,0,0,0,,,,50
7329878,0.5,0,0,0,0,0,0,0,0,0,8.53240585,8.08649063,0,0,0,0,0,0,0,0,0,,,,50
7331005,0.5,0,0,0,0,0,0,0,0,0,8.52637863,8.08860207,0,0.00714798551,0,0,0,0,0,0,0,,,,50
7332137,0.5,0,0,0,0,0,0,0,0,0,8.52939224,8.08649063,0,0,0,0,0,0,0,0,0,,,,50
7333264,0.5,0,0,0,0,0,0,0,0,0,8.52939224,8.08649063,0,0,0,0,0,0,0,0,0,,,,50
7334392,0.5,0,0,0,0,0,0,0,0,0,8.52939224,8.08860207,0,0,0,0,0,0,0,0,0,,,,50
7335519,0.5,0,0,0,0,0,0,0,0,0,8.52939224,8.08649063,0,0,0,0,0,0,0,0,0,,,,50
7336850,0.5,0,0,0,0,0,0,0,0,0,8.52939224,8.08860207,0,0,0,0,0,0,0,0,0,,,,50
7337978,0.5,0,0,0,0,0,0,0,0,0,8.53240585,8.08860207,0,0,0,0,0,0,0,0,0,,,,50
7339110,0.5,0,0,0,0,0,0,0,0,0,8.52939224,8.08649063,0,0,0,0,0,0,0,0,0,,,,50
7340237,0.5,0,0,0,0,0,0,0,0,0,8.52939224,8.08649063,0,0,0,0,0,0,0,0,0,,,,50
7341364,0.5,0,0,0,0,0,0,0,0,0,8.52939224,8.08860207,0,0,0,0,0,0,0,0,0,,,,50
7342492,0.5,0,0,0,0,0,0,0,0,0,8.52637863,8.08860207,0,0,0,0,0,0,0,0,0,,,,50
7343619,0.5,0,0,0,0,0,0,0,0,0,8.52939224,8.08860207,0,0,0,0,0,0,0,0,0,,,,50
7344751,0.5,0,0,0,0,0,0,0,0,0,8.52939224,8.08860207,0,0,0,0,0,0,0,0,0,,,,50
7345878,0.5,0,0,0,0,0,0,0,0,0,8.52939224,8.08860207,0,0,0,0,0,0,0,0,0,,,,50
7347006,0.5,0,0,0,0,0,0,0,0,0,8.52939224,8.08649063,0,0,0,0,0,0,0,0,0,,,,50
7348133,0.5,0,0,0,0,0,0,0,0,0,8.52939224,8.08860207,0,0,0,0,0,0,0,0,0,,,,50
7349260,0.5,0,0,0,0,0,0,0,0,0,8.52637863,8.08860207,0,0,0,0,0,0,0,0,0,,,,50
7350388,0.5,0,0,0,0,0,0,0,0,0,8.53240585,8.08860207,0,0,0,0,0,0,0,0,0,,,,50
7351520,0.5,0,0,0,0,0,0,0,0,0,8.53240585,8.08649063,0,0,0,0,0,0,0,0,0,,,,50
7352647,0.5,0,0,0,0,0,0,0,0,0,8.52939224,8.08860207,0,0,0,0,0,0,0,0,0,,,,50
7353774,0.5,0,0,0,0,0,0,0,0,0,8.52939224,8.08649063,0,0,0,0,0,0,0,0,0,,,,50
7354902,0.5,0,0,0,0,0,0,0,0,0,8.52939224,8.08860207,0,0,0,0,0,0,0,0,0,,,,50
7356029,0.5,0,0,0,0,0,0,0,0,0,8.52939224,8.08649063,0,0,0,0,0,0,0,0,0,,,,50
7357161,0.5,0,0,0,0,0,0,0,0,0,8.52939224,8.08860207,0,0,0,0,0,0,0,0,0,,,,50
7358492,0.5,0,0,0,0,0,0,0,0,0,8.52939224,8.08860207,0,0,0,0,0,0,0,0,0,,,,50
7359620,0.5,0,0,0,0,0,0,0,0,0,8.52939224,8.08860207,0,0,0,0,0,0,0,0,0,,,,50
7360747,0.5,0,0,0,0,0,0,0,0,0,8.52939224,8.08649063,0,0,0,0,0,0,0,0,0,,,,50
7361875,0.5,0,0,0,0,0,0,0,0,0,8.52637863,8.08649063,0,0,0,0,0,0,0,0,0,,,,50
7363002,0.5,0,0,0,0,0,0,0,0,0,8.52939224,8.08649063,0,0,0,0,0,0,0,0,0,,,,50
7364134,0.5,0,0,0,0,0,0,0,0,0,8.52939224,8.08860207,0,0,0,0,0,0,0,0,0,,,,50
7365261,0.5,0,0,0,0,0,0,0,0,0,8.52939224,8.08860207,0,0,0,0,0,0,0,0,0,,,,50
7366389,0.5,0,0,0,0,0,0,0,0,0,8.52939224,8.08649063,0,0,0,0,0,0,0,0,0,,,,50
7367516,0.5,0,0,0,0,0,0,0,0,0,8.52939224,8.08860207,0,0,0,0,0,0,0,0,0,,,,50
7368643,0.5,0,0,0,0,0,0,0,0,0,8.52939224,8.08860207,0,0,0,0,0,0,0,0,0,,,,50
7369771,0.5,0,0,0,0,0,0,0,0,0,8.52939224,8.08860207,0,0,0,0,0,0,0,0,0,,,,50
7370903,0.5,0,0,0,0,0,0,0,0,0,8.52939224,8.08860207,0,0,0,0,0,0,0,0,0,,,,50
7372030,0.5,0,0,0,0,0,0,0,0,0,8.52939224,8.08649063,0,0,0,0,0,0,0,0,0,,,,50
7373157,0.5,0,0,0,0,0,0,0,0,0,8.52939224,8.08649063,0,0,0,0,0,0,0,0,0,,,,50
7374285,0.5,0,0,0,0,0,0,0,0,0,8.52939224,8.08860207,0,0,0,0,0,0,0,0,0,,,,50
7375412,0.5,0,0,0,0,0,0,0,0,0,8.52939224,8.08649063,0,0,0,0,0,0,0,0,0,,,,50
7376544,0.5,0,0,0,0,0,0,0,0,0,8.52939224,8.08860207,0,0,0,0,0,0,0,0,0,,,,50
7377671,0.5,0,0,0,0,0,0,0,0,0,8.52939224,8.08860207,0,0,0,0,0,0,0,0,0,,,,50
7379003,0.5,0,0,0,0,0,0,0,0,0,8.52939224,8.08649063,0,0,0,0,0,0,0,0,0,,,,50
7380130,0.5,0,0,0,0,0,0,0,0,0,8.52939224,8.08649063,0,0,0,0,0,0,0,0,0,,,,50
7381257,0.5,0,0,0,0,0,0,0,0,0,8.52939224,8.08649063,0,0,0,0,0,0,0,0,0,,,,50
7382385,0.5,0,0,0,0,0,0,0,0,0,8.52939224,8.08860207,0,0,0,0,0,0,0,0,0,,,,50
7383517,0.5,0,0,0,0,0,0,0,0,0,8.52939224,8.08860207,0,0,0,0,0,0,0,0,0,,,,50
7384644,0.5,0,0,0,0,0,0,0,0,0,8.52939224,8.08860207,0,0,0,0,0,0,0,0,0,,,,50
7385772,0.5,0,0,0,0,0,0,0,0,0,8.52939224,8.08860207,0,0,0,0,0,0,0,0,0,,,,50
7386899,0.5,0,0,0,0,0,0,0,0,0,8.52939224,8.08860207,0,0,0,0,0,0,0,0,0,,,,50
7388026,0.5,0,0,0,0,0,0,0,0,0,8.52939224,8.08649063,0,0,0,0,0,0,0,0,0,,,,50
7389158,0.5,0,0,0,0,0,0,0,0,0,8.52939224,8.08860207,0,0,0,0,0,0,0,0,0,,,,50
7390286,0.5,0,0,0,0,0,0,0,0,0,8.52637863,8.08649063,0,0,0,0,0,0,0,0,0,,,,50
7391413,0.5,0,0,0,0,0,0,0,0,0,8.52939224,8.08860207,0,0,0,0,0,0,0,0,0,,,,50
7392540,0.5,0,0,0,0,0,0,0,0,0,8.52939224,8.08860207,0,0,0,0,0,0,0,0,0,,,,50
7393668,0.5,0,0,0,0,0,0,0,0,0,8.52939224,8.08860207,0,0,0,0,0,0,0,0,0,,,,50
7394795,0.5,0,0,0,0,0,0,0,0,0,8.53240585,8.08860207,0,0,0,0,0,0,0,0,0,,,,50
7395927,0.5,0,0,0,0,0,0,0,0,0,8.52939224,8.08649063,0,0,0,0,0,0,0,0,0,,,,50
7397054,0.5,0,0,0,0,0,0,0,0,0,8.52939224,8.0907135,0,0,0,0,0,0,0,0,0,,,,50
7398182,0.5,0,0,0,0,0,0,0,0,0,8.52939224,8.08860207,0,0,0,0,0,0,0,0,0,,,,50
7399309,0.5,0,0,0,0,0,0,0,0,0,8.52637863,8.08649063,0,0,0,0,0,0,0,0,0,,,,50
7400640,0.5,0,0,0,0,0,0,0,0,0,8.52939224,8.08649063,0,0,0,0,0,0,0,0,0,,,,50
7401772,0.5,0,0,0,0,0,0,0,0,0,8.52939224,8.08649063,0,0,0,0,0,0,0,0,0,,,,50
7402900,0.5,0,0,0,0,0,0,0,0,0,8.52939224,8.08860207,0,0,0,0,0,0,0,0,0,,,,50
7404027,0.5,0,0,0,0,0,0,0,0,0,8.52939224,8.08860207,0,0,0,0,0,0,0,0,0,,,,50
7405154,0.5,0,0,0,0,0,0,0,0,0,8.52939224,8.08649063,0,0,0,0,0,0,0,0,0,,,,50
7406282,0.5,0,0,0,0,0,0,0,0,0,8.52939224,8.08649063,0,0,0,0,0,0,0,0,0,,,,50
7407409,0.5,0,0,0,0,0,0,0,0,0,8.52637863,8.08649063,0,0,0,0,0,0,0,0,0,,,,50
7408541,0.5,0,0,0,0,0,0,0,0,0,8.52637863,8.08860207,0,0,0,0,0,0,0,0,0,,,,50
7409669,0.5,0,0,0,0,0,0,0,0,0,8.52939224,8.08860207,0,0,0,0,0,0,0,0,0,,,,50
7410796,0.5,0,0,0,0,0,0,0,0,0,8.52637863,8.08860207,0,0,0,0,0,0,0,0,0,,,,50
7411923,0.5,0,0,0,0,0,0,0,0,0,8.52939224,8.08860207,0,0,0,0,0,0,0,0,0,,,,50
7413051,0.5,0,0,0,0,0,0,0,0,0,8.52939224,8.08860207,0,0,0,0,0,0,0,0,0,,,,50
7414182,0.5,0,0,0,0,0,0,0,0,0,8.52637863,8.08649063,0,0,0,0,0,0,0,0,0,,,,50
7415310,0.5,0,0,0,0,0,0,0,0,0,8.52939224,8.08860207,0,0,0,0,0,0,0,0,0,,,,50
7416437,0.5,0,0,0,0,0,0,0,0,0,8.52939224,8.08860207,0,0,0,0,0,0,0,0,0,,,,50
7417565,0.5,0,0,0,0,0,0,0,0,0,8.52939224,8.08860207,0,0,0,0,0,0,0,0,0,,,,50
7418692,0.5,0,0,0,0,0,0,0,0,0,8.52939224,8.08649063,0,0,0,0,0,0,0,0,0,,,,50
7419819,0.5,0,0,0,0,0,0,0,0,0,8.52939224,8.08649063,0,0,0,0,0,0,0,0,0,,,,50
7421155,0.5,0,0,0,0,0,0,0,0,0,8.52939224,8.08649063,0,0,0,0,0,0,0,0,0,,,,50
7422283,0.5,0,0,0,0,0,0,0,0,0,8.52637863,8.08860207,0,0,0,0,0,0,0,0,0,,,,50
7423410,0.5,1,0,0,0.00805860758,0,0,0,0,0,8.52939224,8.08860207,0,0,0,0,0,0,0,0,0,,,,50
7424537,0.5,0,0,0,0,0,0,0,0,0,8.52939224,8.08860207,0,0,0,0,0,0,0,0,0,,,,50
7425665,0.5,0,0,0,0,0,0,0,0,0,8.52939224,8.08860207,0,0,0,0,0,0,0,0,0,,,,50
7426792,0.5,0,0,0,0,0,0,0,0,0,8.52637863,8.08860207,0,0,0,0,0,0,0,0,0,,,,50
7427924,0.5,0,0,0,0,0,0,0,0,0,8.52939224,8.08860207,0,0,0,0,0,0,0,0,0,,,,50
7429052,0.5,0,0,0,0,0,0,0,0,0,8.52939224,8.08860207,0,0,0,0,0,0,0,0,0,,,,50
7430179,0.5,0,0,0,0,0,0,0,0,0,8.52637863,8.08860207,0,0,0,0,0,0,0,0,0,,,,50
7431306,0.5,0,0,0,0,0,0,0,0,0,8.52939224,8.08649063,0,0,0,0,0,0,0,0,0,,,,50
7432434,0.5,0,0,0,0,0,0,0,0,0,8.52939224,8.08860207,0,0,0,0,0,0,0,0,0,,,,50
7433565,0.5,0,0,0,0,0,0,0,0,0,8.52939224,8.08860207,0,0,0,0,0,0,0,0,0,,,,50
7434693,0.5,0,0,0,0,0,0,0,0,0,8.52939224,8.08649063,0,0,0,0,0,0,0,0,0,,,,50
7435820,0.5,0,0,0,0,0,0,0,0,0,8.52939224,8.08860207,0,0,0,0,0,0,0,0,0,,,,50
7436947,0.5,0,0,0,0,0,0,0,0,0,8.52939224,8.08649063,0,0,0,0,0,0,0,0,0,,,,50
7438075,0.5,0,0,0,0,0,0,0,0,0,8.53240585,8.08860207,0,0,0,0,0,0,0,0,0,,,,50
7439202,0.5,0,0,0,0,0,0,0,0,0,8.52939224,8.08860207,0,0,0,0,0,0,0,0,0,,,,50
7440334,0.5,0,0,0,0,0,0,0,0,0,8.52939224,8.08649063,0,0,0,0,0,0,0,0,0,,,,50
7441462,0.5,0,0,0,0,0,0,0,0,0,8.52939224,8.08860207,0,0,0,0,0,0,0,0,0,,,,50
7442793,0.5,0,0,0,0,0,0,0,0,0,8.53240585,8.08649063,0,0,0,0,0,0,0,0,0,,,,50
7443920,0.5,0,0,0,0,0,0,0,0,0,8.52939224,8.08649063,0,0,0,0,0,0,0,0,0,,,,50
7445048,0.5,0,0,0,0,0,0,0,0,0,8.52939224,8.08860207,0,0,0,0,0,0,0,0,0,,,,50
7446180,0.5,0,0,0,0,0,0,0,0,0,8.52939224,8.08860207,0,0,0,0,0,0,0,0,0,,,,50
7447307,0.5,0,0,0,0,0,0,0,0,0,8.52939224,8.08649063,0,0,0,0,0,0,0,0,0,,,,50
7448434,0.5,0,0,0,0,0,0,0,0,0,8.52939224,8.08649063,0,0,0,0,0,0,0,0,0,,,,50
7449562,0.5,0,0,0,0,0,0,0,0,0,8.52939224,8.08649063,0,0,0,0,0,0,0,0,0,,,,50
7450689,0.5,0,0,0,0,0,0,0,0,0,8.52939224,8.08649063,0,0,0,0,0,0,0,0,0,,,,50
7451816,0.5,0,0,0,0,0,0,0,0,0,8.52939224,8.08860207,0,0,0,0,0,0,0,0,0,,,,50
7452949,0.5,0,0,0,0,0,0,0,0,0,8.52637863,8.08860207,0,0,0,0,0,0,0,0,0,,,,50
7454076,0.5,0,0,0,0,0,0,0,0,0,8.52939224,8.08649063,0,0,0,0,0,0,0,0,0,,,,50
7455203,0.5,0,0,0,0,0,0,0,0,0,8.52939224,8.08860207,0,0,0,0,0,0,0,0,0,,,,50
7456331,0.5,0,0,0,0,0,0,0,0,0,8.52939224,8.08649063,0,0,0,0,0,0,0,0,0,,,,50
7457458,0.5,0,0,0,0,0,0,0,0,0,8.52939224,8.08649063,0,0,0,0,0,0,0,0,0,,,,50
7458590,0.5,0,0,0,0,0,0,0,0,0,8.52939224,8.08860207,0,0,0,0,0,0,0,0,0,,,,50
7459717,0.5,0,0,0,0,0,0,0,0,0,8.52939224,8.08860207,0,0,0,0,0,0,0,0,0,,,,50
7460845,0.5,0,0,0,0,0,0,0,0,0,8.52939224,8.08860207,0,0,0,0,0,0,0,0,0,,,,50
7461972,0.5,0,0,0,0,0,0,0,0,0,8.52939224,8.08649063,0,0,0,0,0,0,0,0,0,,,,50
7463303,0.5,0,0,0,0,0,0,0,0,0,8.52939224,8.08860207,0,0,0,0,0,0,0,0,0,,,,50
7464431,0.5,0,0,0,0,0,0,0,0,0,8.52939224,8.08860207,0,0,0,0,0,0,0,0,0,,,,50
7465563,0.5,0,0,0,0,0,0,0,0,0,8.52637863,8.08860207,0,0,0,0,0,0,0,0,0,,,,50
7466690,0.5,0,0,0,0,0,0,0,0,0,8.52939224,8.08860207,0,0,0,0,0,0,0,0,0,,,,50
7467818,0.5,0,0,0,0,0,0,0,0,0,8.52939224,8.08860207,0,0,0,0,0,0,0,0,0,,,,50
7468945,0.5,0,0,0,0,0,0,0,0,0,8.52637863,8.08649063,0,0.00714798551,0,0,0,0,0,0,0,,,,50
7470072,0.5,0,0,0,0,0,0,0,0,0,8.52939224,8.08860207,0,0,0,0,0,0,0,0,0,,,,50
7471200,0.5,0,0,0,0,0,0,0,0,0,8.52939224,8.08649063,0,0,0,0,0,0,0,0,0,,,,50
7472332,0.5,0,0,0,0,0,0,0,0,0,8.52939224,8.08860207,0,0,0,0,0,0,0,0,0,,,,50
7473459,0.5,0,0,0,0,0,0,0,0,0,8.52939224,8.08860207,0,0,0,0,0,0,0,0,0,,,,50
7474586,0.5,0,0,0,0,0,0,0,0,0,8.52939224,8.08860207,0,0,0,0,0,0,0,0,0,,,,50
7475714,0.5,0,0,0,0,0,0,0,0,0,8.52637863,8.08860207,0,0,0,0,0,0,0,0,0,,,,50
7476841,0.5,0,0,0,0,0,0,0,0,0,8.52939224,8.08860207,0,0,0,0,0,0,0,0,0,,,,50
7477973,0.5,0,0,0,0,0,0,0,0,0,8.52939224,8.08860207,0,0,0,0,0,0,0,0,0,,,,50
7479100,0.5,0,0,0,0,0,0,0,0,0,8.52939224,8.08860207,0,0,0,0,0,0,0,0,0,,,,50
7480228,0.5,0,0,0,0,0,0,0,0,0,8.52939224,8.08649063,0,0,0,0,0,0,0,0,0,,,,50
7481355,0.5,0,0,0,0,0,0,0,0,0,8.52939224,8.08649063,0,0,0,0,0,0,0,0,0,,,,50
7482482,0.5,0,0,0,0,0,0,0,0,0,8.52939224,8.08860207,0,0,0,0,0,0,0,0,0,,,,50
7483814,0.5,0,0,0,0,0,0,0,0,0,8.52939224,8.0907135,0,0,0,0,0,0,0,0,0,,,,50
7484946,0.5,0,0,0,0,0,0,0,0,0,8.52939224,8.08860207,0,0,0,0,0,0,0,0,0,,,,50
7486073,0.5,0,0,0,0,0,0,0,0,0,8.52939224,8.08860207,0,0,0,0,0,0,0,0,0,,,,50
7487201,0.5,0,0,0,0,0,0,0,0,0,8.52939224,8.08860207,0,0,0,0,0,0,0,0,0,,,,50
7488328,0.5,0,0,0,0,0,0,0,0,0,8.52939224,8.08860207,0,0,0,0,0,0,0,0,0,,,,50
7489455,0.5,0,0,0,0,0,0,0,0,0,8.52939224,8.08860207,0,0,0,0,0,0,0,0,0,,,,50
7490587,0.5,0,0,0,0,0,0,0,0,0,8.52939224,8.08860207,0,0,0,0,0,0,0,0,0,,,,50
7491714,0.5,0,0,0,0,0,0,0,0,0,8.52939224,8.08649063,0,0,0,0,0,0,0,0,0,,,,50
7492842,0.5,0,0,0,0,0,0,0,0,0,8.52637863,8.08860207,0,0,0,0,0,0,0,0,0,,,,50
7493969,0.5,0,0,0,0,0,0,0,0,0,8.52939224,8.08649063,0.00714798551,0,0,0,0,0,0,0,0,,,,50
7495096,0.5,0,0,0,0,0,0,0,0,0,8.52939224,8.08860207,0,0,0,0,0,0,0,0,0,,,,50
7496224,0.5,0,0,0,0,0,0,0,0,0,8.52939224,8.08860207,0,0,0,0,0,0,0,0,0,,,,50
7497356,0.5,0,0,0,0,0,0,0,0,0,8.52939224,8.08860207,0,0,0,0,0,0,0,0,0,,,,50
7498483,0.5,0,0,0,0,0,0,0,0,0,8.53240585,8.08860207,0,0,0,0,0,0,0,0,0,,,,50
7499610,0.5,0,0,0,0,0,0,0,0,0,8.52939224,8.08860207,0,0,0,0,0,0,0,0,0,,,,50
7500738,0.5,0,0,0,0,0,0,0,0,0,8.52939224,8.08860207,0,0,0,0,0,0,0,0,0,,,,50
7501865,0.5,0,0,0,0,0,0,0,0,0,8.52939224,8.08860207,0,0,0,0,0,0,0,0,0,,,,50
7502997,0.5,0,0,0,0,0,0,0,0,0,8.52939224,8.08860207,0,0,0,0,0,0,0,0,0,,,,50
7504124,0.5,0,0,0,0,0,0,0,0,0,8.52939224,8.08860207,0,0,0,0,0,0,0,0,0,,,,50
7505456,0.5,0,0,0,0,0,0,0,0,0,8.52939224,8.08860207,0,0.00714798551,0,0,0,0,0,0,0,,,,50
7506583,0.5,0,0,0,0,0,0,0,0,0,8.52939224,8.08860207,0,0,0,0,0,0,0,0,0,,,,50
7507711,0.5,0,0,0,0,0,0,0,0,0,8.52939224,8.08649063,0,0,0,0,0,0,0,0,0,,,,50
7508838,0.5,0,0,0,0,0,0,0,0,0,8.52939224,8.08649063,0,0,0,0,0,0,0,0,0,,,,50
7509970,0.5,0,0,0,0,0,0,0,0,0,8.52939224,8.08860207,0,0,0,0,0,0,0,0,0,,,,50
7511097,0.5,0,0,0,0,0,0,0,0,0,8.52939224,8.08860207,0,0,0,0,0,0,0,0,0,,,,50
7512225,0.5,0,0,0,0,0,0,0,0,0,8.52939224,8.08860207,0,0,0,0,0,0,0,0,0,,,,50
7513352,0.5,0,0,0,0,0,0,0,0,0,8.52939224,8.08860207,0,0,0,0,0,0,0,0,0,,,,50
7514479,0.5,0,0,0,0,0,0,0,0,0,8.52939224,8.08649063,0,0,0,0,0,0,0,0,0,,,,50
7515607,0.5,0,0,0,0,0,0,0,0,0,8.52637863,8.08649063,0,0,0,0,0,0,0,0,0,,,,50
7516739,0.5,0,0,0,0,0,0,0,0,0,8.52939224,8.08860207,0,0.00714798551,0,0,0,0,0,0,0,,,,50
7517866,0.5,0,0,0,0,0,0,0,0,0,8.52939224,8.08860207,0,0,0,0,0,0,0,0,0,,,,50
7518993,0.5,0,0,0,0,0,0,0,0,0,8.52939224,8.08649063,0,0,0,0,0,0,0,0,0,,,,50
7520121,0.5,0,0,0,0,0,0,0,0,0,8.52939224,8.08860207,0,0.00714798551,0,0,0,0,0,0,0,,,,50
7521248,0.5,0,0,0,0,0,0,0,0,0,8.52939224,8.08860207,0,0,0,0,0,0,0,0,0,,,,50
7522380,0.5,0,0,0,0,0,0,0,0,0,8.52939224,8.08860207,0,0,0,0,0,0,0,0,0,,,,50
7523508,0.5,0,0,0,0,0,0,0,0,0,8.52939224,8.08860207,0,0,0,0,0,0,0,0,0,,,,50
7524635,0.5,0,0,0,0,0,0,0,0,0,8.53240585,8.08649063,0,0,0,0,0,0,0,0,0,,,,50
7525966,0.5,0,0,0,0,0,0,0,0,0,8.52939224,8.08860207,0,0.00714798551,0,0,0,0,0,0,0,,,,50
7527094,0.5,0,0,0,0,0,0,0,0,0,8.52939224,8.0907135,0,0,0,0,0,0,0,0,0,,,,50
7528221,0.5,0,0,0,0,0,0,0,0,0,8.52939224,8.08860207,0,0,0,0,0,0,0,0,0,,,,50
7529353,0.5,0,0,0,0,0,0,0,0,0,8.52939224,8.08649063,0,0,0,0,0,0,0,0,0,,,,50
7530480,0.5,0,0,0,0,0,0,0,0,0,8.52939224,8.08649063,0,0,0,0,0,0,0,0,0,,,,50
7531607,0.5,0,0,0,0,0,0,0,0,0,8.53240585,8.08860207,0,0,0,0,0,0,0,0,0,,,,50
7532735,0.5,0,0,0,0,0,0,0,0,0,8.52939224,8.08860207,0,0,0,0,0,0,0,0,0,,,,50
7533862,0.5,0,0,0,0,0,0,0,0,0,8.52939224,8.08649063,0,0,0,0,0,0,0,0,0,,,,50
7534994,0.5,0,0,0,0,0,0,0,0,0,8.52939224,8.08860207,0,0,0,0,0,0,0,0,0,,,,50
7536122,0.5,0,0,0,0,0,0,0,0,0,8.52637863,8.08860207,0,0,0,0,0,0,0,0,0,,,,50
7537249,0.5,0,0,0,0,0,0,0,0,0,8.52939224,8.08649063,0,0,0,0,0,0,0,0,0,,,,50
7538376,0.5,0,0,0,0,0,0,0,0,0,8.52939224,8.08860207,0,0,0,0,0,0,0,0,0,,,,50
7539503,0.5,0,0,0,0,0,0,0,0,0,8.52939224,8.08860207,0,0,0,0,0,0,0,0,0,,,,50
7540630,0.5,0,0,0,0,0,0,0,0,0,8.53240585,8.08860207,0,0,0,0,0,0,0,0,0,,,,50
7541762,0.5,0,0,0,0,0,0,0,0,0,8.52939224,8.08860207,0,0,0,0,0,0,0,0,0,,,,50
7542890,0.5,0,0,0,0,0,0,0,0,0,8.52939224,8.08860207,0,0,0,0,0,0,0,0,0,,,,50
7544017,0.5,0,0,0,0,0,0,0,0,0,8.52637863,8.08860207,0,0,0,0,0,0,0,0,0,,,,50
7545144,0.5,0,0,0,0,0,0,0,0,0,8.52939224,8.08649063,0,0,0,0,0,0,0,0,0,,,,50
7546272,0.5,0,0,0,0,0,0,0,0,0,8.52939224,8.08860207,0,0,0,0,0,0,0,0,0,,,,50
7547608,0.5,0,0,0,0,0,0,0,0,0,8.52939224,8.08860207,0,0,0,0,0,0,0,0,0,,,,50
7548735,0.5,0,0,0,0,0,0,0,0,0,8.52939224,8.08860207,0,0,0,0,0,0,0,0,0,,,,50
7549863,0.5,0,0,0,0,0,0,0,0,0,8.52939224,8.08860207,0,0,0,0,0,0,0,0,0,,,,50
7550990,0.5,0,0,0,0,0,0,0,0,0,8.52939224,8.08860207,0,0,0,0,0,0,0,0,0,,,,50
7552117,0.5,0,0,0,0,0,0,0,0,0,8.52939224,8.08860207,0,0,0,0,0,0,0,0,0,,,,50
7553245,0.5,0,0,0,0,0,0,0,0,0,8.52939224,8.08860207,0,0,0,0,0,0,0,0,0,,,,50
7554377,0.5,0,0,0,0,0,0,0,0,0,8.52939224,8.08860207,0,0,0,0,0,0,0,0,0,,,,50
7555504,0.5,0,0,0,0,0,0,0,0,0,8.52939224,8.08860207,0,0,0,0,0,0,0,0,0,,,,50
7556631,0.5,0,0,0,0,0,0,0,0,0,8.52939224,8.08860207,0,0,0,0,0,0,0,0,0,,,,50
7557759,0.5,0,0,0,0,0,0,0,0,0,8.52939224,8.08860207,0,0,0,0,0,0,0,0,0,,,,50
7558886,0.5,0,0,0,0,0,0,0,0,0,8.52939224,8.08860207,0,0,0,0,0,0,0,0,0,,,,50
7560018,0.5,0,0,0,0,0,0,0,0,0,8.53240585,8.08860207,0,0,0,0,0,0,0,0,0,,,,50
7561145,0.5,0,0,0,0,0,0,0,0,0,8.52939224,8.08860207,0,0,0,0,0,0,0,0,0,,,,50
7562273,0.5,0,0,0,0,0,0,0,0,0,8.52939224,8.08649063,0,0,0,0,0,0,0,0,0,,,,50
7563400,0.5,0,0,0,0,0,0,0,0,0,8.52939224,8.08860207,0,0,0,0,0,0,0,0,0,,,,50
7564527,0.5,0,0,0,0,0,0,0,0,0,8.52939224,8.08860207,0,0,0,0,0,0,0,0,0,,,,50
7565655,0.5,0,0,0,0,0,0,0,0,0,8.52939224,8.08860207,0,0,0,0,0,0,0,0,0,,,,50
7566787,0.5,0,0,0,0,0,0,0,0,0,8.52939224,8.08860207,0,0,0,0,0,0,0,0,0,,,,50
7568118,0.5,0,0,0,0,0,0,0,0,0,8.52939224,8.08860207,0,0,0,0,0,0,0,0,0,,,,50
7569245,0.5,0,0,0,0,0,0,0,0,0,8.52939224,8.08860207,0,0,0,0,0,0,0,0,0,,,,50
7570373,0.5,0,0,0,0,0,0,0,0,0,8.52939224,8.08860207,0,0,0,0,0,0,0,0,0,,,,50
7571500,0.5,0,0,0,0,0,0,0,0,0,8.52939224,8.08860207,0,0,0,0,0,0,0,0,0,,,,50
7572628,0.5,0,0,0,0,0,0,0,0,0,8.52939224,8.08860207,0,0,0,0,0,0,0,0,0,,,,50
7573760,0.5,0,0,0,0,0,0,0,0,0,8.52939224,8.08860207,0,0,0,0,0,0,0,0,0,,,,50
7574887,0.5,0,0,0,0,0,0,0,0,0,8.52637863,8.08860207,0,0,0,0,0,0,0,0,0,,,,50
7576014,0.5,0,0,0,0,0,0,0,0,0,8.52939224,8.08860207,0,0,0,0,0,0,0,0,0,,,,50
7577142,0.5,0,0,0,0,0,0,0,0,0,8.52939224,8.08860207,0,0,0,0,0,0,0,0,0,,,,50
7578269,0.5,0,0,0,0,0,0,0,0,0,8.52939224,8.08860207,0,0,0,0,0,0,0,0,0,,,,50
7579401,0.5,0,0,0,0,0,0,0,0,0,8.52939224,8.08860207,0,0,0,0,0,0,0,0,0,,,,50
7580528,0.5,0,0,0,0,0,0,0,0,0,8.52939224,8.08860207,0,0,0,0,0,0,0,0,0,,,,50
7581656,0.5,0,0,0,0,0,0,0,0,0,8.52939224,8.0907135,0,0,0,0,0,0,0,0,0,,,,50
7582783,0.5,0,0,0,0,0,0,0,0,0,8.52637863,8.08860207,0,0,0,0,0,0,0,0,0,,,,50
7583910,0.5,0,0,0,0,0,0,0,0,0,8.52939224,8.08860207,0,0,0,0,0,0,0,0,0,,,,50
7585038,0.5,0,0,0,0,0,0,0,0,0,8.52939224,8.08649063,0,0,0,0,0,0,0,0,0,,,,50
7586170,0.5,0,0,0,0,0,0,0,0,0,8.52637863,8.08860207,0,0,0,0,0,0,0,0,0,,,,50
7587297,0.5,0,0,0,0,0,0,0,0,0,8.52939224,8.08860207,0,0,0,0,0,0,0,0,0,,,,50
7588425,0.5,0,0,0,0,0,0,0,0,0,8.52939224,8.08860207,0,0,0,0,0,0,0,0,0,,,,50
7589756,0.5,0,0,0,0,0,0,0,0,0,8.52939224,8.08649063,0,0,0,0,0,0,0,0,0,,,,50
7590883,0.5,0,0,0,0,0,0,0,0,0,8.52939224,8.08649063,0,0,0,0,0,0,0,0,0,,,,50
7592015,0.5,0,0,0,0,0,0,0,0,0,8.52939224,8.08860207,0,0,0,0,0,0,0,0,0,,,,50
7593142,0.5,0,0,0,0,0,0,0,0,0,8.52939224,8.08860207,0,0,0,0,0,0,0,0,0,,,,50
7594270,0.5,0,0,0,0,0,0,0,0,0,8.53240585,8.08860207,0,0,0,0,0,0,0,0,0,,,,50
7595397,0.5,0,0,0,0,0,0,0,0,0,8.52939224,8.08649063,0,0,0,0,0,0,0,0,0,,,,50
7596524,0.5,0,0,0,0,0,0,0,0,0,8.52939224,8.08860207,0,0,0,0,0,0,0,0,0,,,,50
7597652,0.5,0,0,0,0,0,0,0,0,0,8.52939224,8.08860207,0,0,0,0,0,0,0,0,0,,,,50
7598784,0.5,0,0,0,0,0,0,0,0,0,8.52939224,8.08860207,0,0,0,0,0,0,0,0,0,,,,50
7599911,0.5,0,0,0,0,0,0,0,0,0,8.52939224,8.08649063,0,0,0,0,0,0,0,0,0,,,,50
7601039,0.5,0,0,0,0,0,0,0,0,0,8.52939224,8.08649063,0,0,0,0,0,0,0,0,0,,,,50
7602166,0.5,0,0,0,0,0,0,0,0,0,8.52939224,8.0907135,0,0,0,0,0,0,0,0,0,,,,50
7603293,0.5,0,0,0,0,0,0,0,0,0,8.52939224,8.08860207,0,0,0,0,0,0,0,0,0,,,,50
7604425,0.5,0,0,0,0,0,0,0,0,0,8.52939224,8.08860207,0,0,0,0,0,0,0,0,0,,,,50
7605553,0.5,0,0,0,0,0,0,0,0,0,8.52939224,8.08860207,0,0,0,0,0,0,0,0,0,,,,50
7606680,0.5,0,0,0,0,0,0,0,0,0,8.52637863,8.08860207,0,0,0,0,0,0,0,0,0,,,,50
7607807,0.5,0,0,0,0,0,0,0,0,0,8.52939224,8.08860207,0,0,0,0,0,0,0,0,0,,,,50
7608935,0.5,0,0,0,0,0,0,0,0,0,8.52939224,8.08860207,0,0,0,0,0,0,0,0,0,,,,50
7610266,0.5,0,0,0,0,0,0,0,0,0,8.52939224,8.08860207,0,0,0,0,0,0,0,0,0,,,,50
7611398,0.5,0,0,0,0,0,0,0,0,0,8.52939224,8.08860207,0,0,0,0,0,0,0,0,0,,,,50
7612525,0.5,0,0,0,0,0,0,0,0,0,8.52939224,8.08860207,0,0,0,0,0,0,0,0,0,,,,50
7613653,0.5,0,0,0,0,0,0,0,0,0,8.52939224,8.08860207,0,0,0,0,0,0,0,0,0,,,,50
7614780,0.5,0,0,0,0,0,0,0,0,0,8.52939224,8.08860207,0,0,0,0,0,0,0,0,0,,,,50
7615908,0.5,0,0,0,0,0,0,0,0,0,8.52939224,8.08649063,0,0,0,0,0,0,0,0,0,,,,50
7617035,0.5,0,0,0,0,0,0,0,0,0,8.52939224,8.08860207,0,0,0,0,0,0,0,0,0,,,,50
7618167,0.5,0,0,0,0,0,0,0,0,0,8.52939224,8.08649063,0,0,0,0,0,0,0,0,0,,,,50
7619294,0.5,0,0,0,0,0,0,0,0,0,8.53240585,8.08860207,0,0,0,0,0,0,0,0,0,,,,50
7620422,0.5,0,0,0,0,0,0,0,0,0,8.52939224,8.08860207,0,0,0,0,0,0,0,0,0,,,,50
7621549,0.5,0,0,0,0,0,0,0,0,0,8.52939224,8.08860207,0,0,0,0,0,0,0,0,0,,,,50
7622676,0.5,0,0,0,0,0,0,0,0,0,8.52939224,8.08860207,0,0,0,0,0,0,0,0,0,,,,50
7623808,0.5,0,0,0,0,0,0,0,0,0,8.52939224,8.08860207,0,0,0,0,0,0,0,0,0,,,,50
7624936,0.5,0,0,0,0,0,0,0,0,0,8.53240585,8.08860207,0,0,0,0,0,0,0,0,0,,,,50
7626063,0.5,0,0,0,0,0,0,0,0,0,8.53240585,8.08649063,0,0,0,0,0,0,0,0,0,,,,50
7627190,0.5,0,0,0,0,0,0,0,0,0,8.52939224,8.08860207,0,0,0,0,0,0,0,0,0,,,,50
7628317,0.5,0,0,0,0,0,0,0,0,0,8.52939224,8.08860207,0,0,0,0,0,0,0,0,0,,,,50
7629445,0.5,0,0,0,0,0,0,0,0,0,8.52939224,8.08860207,0,0,0,0,0,0,0,0,0,,,,50
7630781,0.5,0,0,0,0,0,0,0,0,0,8.52939224,8.08860207,0,0,0,0,0,0,0,0,0,,,,50
7631908,0.5,0,0,0,0,0,0,0,0,0,8.52939224,8.08860207,0,0,0,0,0,0,0,0,0,,,,50
7633035,0.5,0,0,0,0,0,0,0,0,0,8.53240585,8.08860207,0,0,0,0,0,0,0,0,0,,,,50
7634163,0.5,0,0,0,0,0,0,0,0,0,8.52939224,8.08649063,0,0,0,0,0,0,0,0,0,,,,50
7635290,0.5,0,0,0,0,0,0,0,0,0,8.52939224,8.08860207,0,0,0,0,0,0,0,0,0,,,,50
7636422,0.5,0,0,0,0,0,0,0,0,0,8.52939224,8.08860207,0,0,0,0,0,0,0,0,0,,,,50
7637549,0.5,0,0,0,0,0,0,0,0,0,8.52939224,8.08860207,0,0,0,0,0,0,0,0,0,,,,50
7638676,0.5,0,0,0,0,0,0,0,0,0,8.52939224,8.08860207,0,0,0,0,0,0,0,0,0,,,,50
7639804,0.5,0,0,0,0,0,0,0,0,0,8.52939224,8.08860207,0,0,0,0,0,0,0,0,0,,,,50
7640931,0.5,0,0,0,0,0,0,0,0,0,8.52939224,8.08860207,0,0,0,0,0,0,0,0,0,,,,50
7642059,0.5,0,0,0,0,0,0,0,0,0,8.52939224,8.08860207,0,0,0,0,0,0,0,0,0,,,,50
7643191,0.5,0,0,0,0,0,0,0,0,0,8.52939224,8.08860207,0,0,0,0,0,0,0,0,0,,,,50
7644318,0.5,0,0,0,0,0,0,0,0,0,8.52939224,8.08860207,0,0,0,0,0,0,0,0,0,,,,50
7645445,0.5,0,0,0,0,0,0,0,0,0,8.52939224,8.08860207,0,0,0,0,0,0,0,0,0,,,,50
7646573,0.5,0,0,0,0,0,0,0,0,0,8.53240585,8.08860207,0,0,0,0,0,0,0,0,0,,,,50
7647700,0.5,0,0,0,0,0,0,0,0,0,8.52939224,8.08649063,0,0,0,0,0,0,0,0,0,,,,50
7648832,0.5,0,0,0,0,0,0,0,0,0,8.52939224,8.08860207,0,0,0,0,0,0,0,0,0,,,,50
7649959,0.5,0,0,0,0,0,0,0,0,0,8.52939224,8.08860207,0,0,0,0,0,0,0,0,0,,,,50
7651087,0.5,0,0,0,0,0,0,0,0,0,8.52939224,8.08860207,0,0,0,0,0,0,0,0,0,,,,50
7652418,0.5,0,0,0,0,0,0,0,0,0,8.52939224,8.08860207,0,0,0,0,0,0,0,0,0,,,,50
7653545,0.5,0,0,0,0,0,0,0,0,0,8.52939224,8.08860207,0,0,0,0,0,0,0,0,0,,,,50
7654673,0.5,0,0,0,0,0,0,0,0,0,8.52939224,8.08860207,0,0,0,0,0,0,0,0,0,,,,50
7655805,0.5,0,0,0,0,0,0,0,0,0,8.52939224,8.08860207,0,0,0,0,0,0,0,0,0,,,,50
7656932,0.5,0,0,0,0,0,0,0,0,0,8.52939224,8.08860207,0,0,0,0,0,0,0,0,0,,,,50
7658060,0.5,0,0,0,0,0,0,0,0,0,8.52939224,8.08860207,0,0,0,0,0,0,0,0,0,,,,50
7659187,0.5,0,0,0,0,0,0,0,0,0,8.53240585,8.08860207,0,0,0,0,0,0,0,0,0,,,,50
7660314,0.5,0,0,0,0,0,0,0,0,0,8.52939224,8.08649063,0,0,0,0,0,0,0,0,0,,,,50
7661442,0.5,0,0,0,0,0,0,0,0,0,8.52939224,8.08860207,0,0,0,0,0,0,0,0,0,,,,50
7662574,0.5,0,0,0,0,0,0,0,0,0,8.52939224,8.08860207,0,0,0,0,0,0,0,0,0,,,,50
7663701,0.5,0,0,0,0,0,0,0,0,0,8.52939224,8.08860207,0,0,0,0,0,0,0,0,0,,,,50
7664828,0.5,0,0,0,0,0,0,0,0,0,8.52939224,8.08649063,0,0,0,0,0,0,0,0,0,,,,50
7665956,0.5,0,0,0,0,0,0,0,0,0,8.52939224,8.08649063,0,0,0,0,0,0,0,0,0,,,,50
7667083,0.5,0,0,0,0,0,0,0,0,0,8.52637863,8.08860207,0,0,0,0,0,0,0,0,0,,,,50
7668215,0.5,0,0,0,0,0,0,0,0,0,8.52939224,8.08860207,0,0,0,0,0,0,0,0,0,,,,50
7669342,0.5,0,0,0,0,0,0,0,0,0,8.53240585,8.08860207,0,0,0,0,0,0,0,0,0,,,,50
7670470,0.5,0,0,0,0,0,0,0,0,0,8.52939224,8.08860207,0,0,0,0,0,0,0,0,0,,,,50
7671597,0.5,0,0,0,0,0,0,0,0,0,8.52939224,8.08860207,0,0,0,0,0,0,0,0,0,,,,50
7672929,0.5,0,0,0,0,0,0,0,0,0,8.52939224,8.08860207,0,0,0,0,0,0,0,0,0,,,,50
7674056,0.5,0,0,0,0,0,0,0,0,0,8.52939224,8.08860207,0,0,0,0,0,0,0,0,0,,,,50
7675188,0.5,0,0,0,0,0,0,0,0,0,8.52939224,8.08860207,0,0,0,0,0,0,0,0,0,,,,50
7676315,0.5,0,0,0,0,0,0,0,0,0,8.52939224,8.08860207,0,0,0,0,0,0,0,0,0,,,,50
7677442,0.5,0,0,0,0,0,0,0,0,0,8.52939224,8.08860207,0,0,0,0,0,0,0,0,0,,,,50
7678569,0.5,0,0,0,0,0,0,0,0,0,8.52939224,8.08860207,0,0,0,0,0,0,0,0,0,,,,50
7679697,0.5,0,0,0,0,0,0,0,0,0,8.52939224,8.08860207,0,0,0,0,0,0,0,0,0,,,,50
7680829,0.5,0,0,0,0,0,0,0,0,0,8.52939224,8.08649063,0,0,0,0,0,0,0,0,0,,,,50
7681956,0.5,0,0,0,0,0,0,0,0,0,8.52939224,8.08649063,0,0,0,0,0,0,0,0,0,,,,50
7683083,0.5,0,0,0,0,0,0,0,0,0,8.52939224,8.0907135,0,0,0,0,0,0,0,0,0,,,,50
7684211,0.5,0,0,0,0,0,0,0,0,0,8.52939224,8.08860207,0,0,0,0,0,0,0,0,0,,,,50
7685338,0.5,0,0,0,0,0,0,0,0,0,8.52939224,8.08860207,0,0,0,0,0,0,0,0,0,,,,50
7686465,0.5,0,0,0,0,0,0,0,0,0,8.52939224,8.08860207,0,0,0,0,0,0,0,0,0,,,,50
7687597,0.5,0,0,0,0,0,0,0,0,0,8.52939224,8.08649063,0,0,0,0,0,0,0,0,0,,,,50
7688724,0.5,0,0,0,0,0,0,0,0,0,8.52939224,8.08860207,0,0,0,0,0,0,0,0,0,,,,50
7689851,0.5,0,0,0,0,0,0,0,0,0,8.52939224,8.08860207,0,0,0,0,0,0,0,0,0,,,,50
7690979,0.5,0,0,0,0,0,0,0,0,0,8.52939224,8.08860207,0,0,0,0,0,0,0,0,0,,,,50
7692106,0.5,0,0,0,0,0,0,0,0,0,8.52939224,8.08860207,0,0,0,0,0,0,0,0,0,,,,50
7693238,0.5,0,0,0,0,0,0,0,0,0,8.52939224,8.08860207,0,0,0,0,0,0,0,0,0,,,,50
7694569,0.5,0,0,0,0,0,0,0,0,0,8.52939224,8.08649063,0,0,0,0,0,0,0,0,0,,,,50
7695696,0.5,0,0,0,0,0,0,0,0,0,8.52939224,8.08860207,0,0,0,0,0,0,0,0,0,,,,50
7696823,0.5,0,0,0,0,0,0,0,0,0,8.52939224,8.08860207,0,0,0,0,0,0,0,0,0,,,,50
7697951,0.5,0,0,0,0,0,0,0,0,0,8.52637863,8.08860207,0,0,0,0,0,0,0,0,0,,,,50
7699078,0.5,0,0,0,0,0,0,0,0,0,8.52637863,8.08860207,0,0,0,0,0,0,0,0,0,,,,50
7700210,0.5,0,0,0,0,0,0,0,0,0,8.52939224,8.08649063,0,0,0,0,0,0,0,0,0,,,,50
7701338,0.5,0,0,0,0,0,0,0,0,0,8.52939224,8.08860207,0,0,0,0,0,0,0,0,0,,,,50
7702465,0.5,0,0,0,0,0,0,0,0,0,8.52939224,8.08860207,0,0.00714798551,0,0,0,0,0,0,0,,,,50
7703592,0.5,0,0,0,0,0,0,0,0,0,8.52939224,8.08860207,0,0,0,0,0,0,0,0,0,,,,50
7704720,0.5,0,0,0,0,0,0,0,0,0,8.52939224,8.08860207,0,0,0,0,0,0,0,0,0,,,,50
7705851,0.5,0,0,0,0,0,0,0,0,0,8.52939224,8.08860207,0,0,0,0,0,0,0,0,0,,,,50
7706979,0.5,0,0,0,0,0,0,0,0,0,8.52939224,8.08860207,0,0,0,0,0,0,0,0,0,,,,50
7708106,0.5,0,0,0,0,0,0,0,0,0,8.52939224,8.08860207,0,0,0,0,0,0,0,0,0,,,,50
7709234,0.5,0,0,0,0,0,0,0,0,0,8.52939224,8.08860207,0,0,0,0,0,0,0,0,0,,,,50
7710361,0.5,0,0,0,0,0,0,0,0,0,8.52939224,8.08860207,0,0,0,0,0,0,0,0,0,,,,50
7711488,0.5,0,0,0,0,0,0,0,0,0,8.52939224,8.08860207,0,0,0,0,0,0,0,0,0,,,,50
7712620,0.5,0,0,0,0,0,0,0,0,0,8.53240585,8.0907135,0,0,0,0,0,0,0,0,0,,,,50
7713748,0.5,0,0,0,0,0,0,0,0,0,8.53240585,8.08860207,0,0,0,0,0,0,0,0,0,,,,50
7715079,0.5,0,0,0,0,0,0,0,0,0,8.52939224,8.08860207,0,0,0,0,0,0,0,0,0,,,,50
7716206,0.5,0,0,0,0,0,0,0,0,0,8.52939224,8.08860207,0,0,0,0,0,0,0,0,0,,,,50
7717334,0.5,0,0,0,0,0,0,0,0,0,8.52939224,8.08860207,0,0,0,0,0,0,0,0,0,,,,50
7718461,0.5,0,0,0,0,0,0,0,0,0,8.52939224,8.08860207,0,0,0,0,0,0,0,0,0,,,,50
7719593,0.5,0,0,0,0,0,0,0,0,0,8.52939224,8.08860207,0,0,0,0,0,0,0,0,0,,,,50
7720720,0.5,0,0,0,0,0,0,0,0,0,8.53240585,8.08649063,0,0,0,0,0,0,0,0,0,,,,50
7721848,0.5,0,0,0,0,0,0,0,0,0,8.52939224,8.08860207,0,0,0,0,0,0,0,0,0,,,,50
7722975,0.5,0,0,0,0,0,0,0,0,0,8.52939224,8.08649063,0,0,0,0,0,0,0,0,0,,,,50
7724103,0.5,0,0,0,0,0,0,0,0,0,8.52939224,8.08860207,0,0.00714798551,0,0,0,0,0,0,0,,,,50
7725235,0.5,0,0,0,0,0,0,0,0,0,8.52939224,8.08860207,0,0,0,0,0,0,0,0,0,,,,50
7726362,0.5,0,0,0,0,0,0,0,0,0,8.52939224,8.08860207,0,0,0,0,0,0,0,0,0,,,,50
7727489,0.5,0,0,0,0,0,0,0,0,0,8.52939224,8.08649063,0,0,0,0,0,0,0,0,0,,,,50
7728617,0.5,0,0,0,0,0,0,0,0,0,8.52939224,8.08860207,0,0.00714798551,0,0,0,0,0,0,0,,,,50
7729744,0.5,0,0,0,0,0,0,0,0,0,8.52939224,8.08860207,0,0,0,0,0,0,0,0,0,,,,50
7730871,0.5,0,0,0,0,0,0,0,0,0,8.52939224,8.08860207,0,0,0,0,0,0,0,0,0,,,,50
7732003,0.5,0,0,0,0,0,0,0,0,0,8.52939224,8.08860207,0,0,0,0,0,0,0,0,0,,,,50
7733131,0.5,0,0,0,0,0,0,0,0,0,8.52939224,8.08860207,0,0,0,0,0,0,0,0,0,,,,50
7734258,0.5,0,0,0,0,0,0,0,0,0,8.52939224,8.08860207,0,0,0,0,0,0,0,0,0,,,,50
7735385,0.5,0,0,0,0,0,0,0,0,0,8.52939224,8.08860207,0,0,0,0,0,0,0,0,0,,,,50
7736717,0.5,0,0,0,0,0,0,0,0,0,8.52939224,8.08649063,0,0,0,0,0,0,0,0,0,,,,50
7737849,0.5,0,0,0,0,0,0,0,0,0,8.52939224,8.08649063,0,0,0,0,0,0,0,0,0,,,,50
7738976,0.5,0,0,0,0,0,0,0,0,0,8.52939224,8.08860207,0,0,0,0,0,0,0,0,0,,,,50
7740103,0.5,0,0,0,0,0,0,0,0,0,8.52637863,8.08649063,0,0,0,0,0,0,0,0,0,,,,50
7741231,0.5,0,0,0,0,0,0,0,0,0,8.52939224,8.08860207,0,0,0,0,0,0,0,0,0,,,,50
7742358,0.5,0,0,0,0,0,0,0,0,0,8.52637863,8.08860207,0,0,0,0,0,0,0,0,0,,,,50
7743486,0.5,0,0,0,0,0,0,0,0,0,8.52637863,8.08649063,0,0,0,0,0,0,0,0,0,,,,50
7744618,0.5,0,0,0,0,0,0,0,0,0,8.52939224,8.08860207,0,0,0,0,0,0,0,0,0,,,,50
7745745,0.5,0,0,0,0,0,0,0,0,0,8.52939224,8.08860207,0,0,0,0,0,0,0,0,0,,,,50
7746872,0.5,0,0,0,0,0,0,0,0,0,8.52939224,8.08860207,0,0,0,0,0,0,0,0,0,,,,50
7748000,0.5,0,0,0,0,0,0,0,0,0,8.52939224,8.08860207,0,0,0,0,0,0,0,0,0,,,,50
7749127,0.5,0,0,0,0,0,0,0,0,0,8.52939224,8.08860207,0,0,0,0,0,0,0,0,0,,,,50
7750259,0.5,0,0,0,0,0,0,0,0,0,8.52939224,8.08860207,0,0,0,0,0,0,0,0,0,,,,50
7751386,0.5,0,0,0,0,0,0,0,0,0,8.52939224,8.08860207,0,0,0,0,0,0,0,0,0,,,,50
7752514,0.5,0,0,0,0,0,0,0,0,0,8.52939224,8.08860207,0,0,0,0,0,0,0,0,0,,,,50
7753641,0.5,0,0,0,0,0,0,0,0,0,8.52939224,8.08860207,0,0,0,0,0,0,0,0,0,,,,50
7754768,0.5,0,0,0,0,0,0,0,0,0,8.52939224,8.08860207,0,0,0,0,0,0,0,0,0,,,,50
7755896,0.5,0,0,0,0,0,0,0,0,0,8.52939224,8.08860207,0,0,0,0,0,0,0,0,0,,,,50
7757232,0.5,0,0,0,0,0,0,0,0,0,8.52939224,8.08860207,0,0,0,0,0,0,0,0,0,,,,50
7758359,0.5,0,0,0,0,0,0,0,0,0,8.52939224,8.08649063,0,0,0,0,0,0,0,0,0,,,,50
7759487,0.5,0,0,0,0,0,0,0,0,0,8.52939224,8.08860207,0,0,0,0,0,0,0,0,0,,,,50
7760614,0.5,0,0,0,0,0,0,0,0,0,8.52939224,8.08860207,0,0,0,0,0,0,0,0,0,,,,50
7761741,0.5,0,0,0,0,0,0,0,0,0,8.52939224,8.08860207,0,0,0,0,0,0,0,0,0,,,,50
7762869,0.5,0,0,0,0,0,0,0,0,0,8.52939224,8.08860207,0,0,0,0,0,0,0,0,0,,,,50
7764001,0.5,0,0,0,0,0,0,0,0,0,8.53240585,8.0843792,0,0,0,0,0,0,0,0,0,,,,50
7765128,0.5,0,0,0,0,0,0,0,0,0,8.53240585,8.08649063,0,0,0,0,0,0,0,0,0,,,,50
7766255,0.5,1,0,0,0.00805860758,0,0,0,0,0,8.52939224,8.08860207,0,0,0,0,0,0,0,0,0,,,,50
7767383,0.5,0,0,0,0,0,0,0,0,0,8.52939224,8.08860207,0,0,0,0,0,0,0,0,0,,,,50
7768510,0.5,0,0,0,0,0,0,0,0,0,8.52939224,8.08860207,0,0,0,0,0,0,0,0,0,,,,50
7769642,0.5,0,0,0,0,0,0,0,0,0,8.52939224,8.08860207,0,0,0,0,0,0,0,0,0,,,,50
7770770,0.5,0,0,0,0,0,0,0,0,0,8.53240585,8.08649063,0,0,0,0,0,0,0,0,0,,,,50
7771897,0.5,0,0,0,0,0,0,0,0,0,8.52939224,8.08860207,0,0,0,0,0,0,0,0,0,,,,50
7773024,0.5,0,0,0,0,0,0,0,0,0,8.53240585,8.08860207,0,0,0,0,0,0,0,0,0,,,,50
7774152,0.5,0,0,0,0,0,0,0,0,0,8.53240585,8.08860207,0,0,0,0,0,0,0,0,0,,,,50
7775279,0.5,0,0,0,0,0,0,0,0,0,8.52939224,8.08860207,0,0,0,0,0,0,0,0,0,,,,50
7776411,0.5,0,0,0,0,0,0,0,0,0,8.52939224,8.08860207,0,0,0,0,0,0,0,0,0,,,,50
7777538,0.5,0,0,0,0,0,0,0,0,0,8.52939224,8.08860207,0,0,0,0,0,0,0,0,0,,,,50
7778870,0.5,0,0,0,0,0,0,0,0,0,8.52939224,8.08860207,0,0,0,0,0,0,0,0,0,,,,50
7779997,0.5,0,0,0,0,0,0,0,0,0,8.52939224,8.08860207,0,0,0,0,0,0,0,0,0,,,,50
7781124,0.5,0,0,0,0,0,0,0,0,0,8.52637863,8.08649063,0,0,0,0,0,0,0,0,0,,,,50
7782256,0.5,0,0,0,0,0,0,0,0,0,8.52939224,8.08860207,0,0,0,0,0,0,0,0,0,,,,50
7783384,0.5,0,0,0,0,0,0,0,0,0,8.52939224,8.08860207,0,0,0,0,0,0,0,0,0,,,,50
7784511,0.5,0,0,0,0,0,0,0,0,0,8.52939224,8.08649063,0,0,0,0,0,0,0,0,0,,,,50
7785638,0.5,0,0,0,0,0,0,0,0,0,8.52637863,8.08860207,0,0,0,0,0,0,0,0,0,,,,50
7786766,0.5,0,0,0,0,0,0,0,0,0,8.52939224,8.08649063,0,0,0,0,0,0,0,0,0,,,,50
7787893,0.5,0,0,0,0,0,0,0,0,0,8.52939224,8.08649063,0,0,0,0,0,0,0,0,0,,,,50
7789025,0.5,0,0,0,0,0,0,0,0,0,8.52939224,8.08860207,0,0,0,0,0,0,0,0,0,,,,50
7790152,0.5,0,0,0,0,0,0,0,0,0,8.52939224,8.08860207,0,0,0,0,0,0,0,0,0,,,,50
7791280,0.5,0,0,0,0,0,0,0,0,0,8.52939224,8.08860207,0,0,0,0,0,0,0,0,0,,,,50
7792407,0.5,0,0,0,0,0,0,0,0,0,8.53240585,8.08860207,0,0,0,0,0,0,0,0,0,,,,50
7793534,0.5,0,0,0,0,0,0,0,0,0,8.52939224,8.08860207,0,0,0,0,0,0,0,0,0,,,,50
7794666,0.5,0,0,0,0,0,0,0,0,0,8.52939224,8.08860207,0,0,0,0,0,0,0,0,0,,,,50
7795794,0.5,0,0,0,0,0,0,0,0,0,8.52939224,8.08860207,0,0,0,0,0,0,0,0,0,,,,50
7796921,0.5,0,0,0,0,0,0,0,0,0,8.53240585,8.08649063,0,0,0,0,0,0,0,0,0,,,,50
7798049,0.5,0,0,0,0,0,0,0,0,0,8.52637863,8.08649063,0,0,0,0,0,0,0,0,0,,,,50
7799380,0.5,0,0,0,0,0,0,0,0,0,8.52637863,8.08649063,0,0,0,0,0,0,0,0,0,,,,50
7800507,0.5,0,0,0,0,0,0,0,0,0,8.52939224,8.08860207,0,0,0,0,0,0,0,0,0,,,,50
7801639,0.5,0,0,0,0,0,0,0,0,0,8.52939224,8.08860207,0,0,0,0,0,0,0,0,0,,,,50
7802767,0.5,0,0,0,0,0,0,0,0,0,8.52939224,8.08649063,0,0,0,0,0,0,0,0,0,,,,50
7803894,0.5,0,0,0,0,0,0,0,0,0,8.53240585,8.08860207,0.00714798551,0,0,0,0,0,0,0,0,,,,50
7805021,0.5,0,0,0,0,0,0,0,0,0,8.52939224,8.08860207,0,0,0,0,0,0,0,0,0,,,,50
7806149,0.5,0,0,0,0,0,0,0,0,0,8.52939224,8.08860207,0,0,0,0,0,0,0,0,0,,,,50
7807276,0.5,0,0,0,0,0,0,0,0,0,8.52939224,8.08860207,0.00714798551,0,0,0,0,0,0,0,0,,,,50
7808408,0.5,0,0,0,0,0,0,0,0,0,8.52939224,8.08860207,0,0,0,0,0,0,0,0,0,,,,50
7809535,0.5,0,0,0,0,0,0,0,0,0,8.52939224,8.08649063,0,0,0,0,0,0,0,0,0,,,,50
7810663,0.5,0,0,0,0,0,0,0,0,0,8.52939224,8.08860207,0,0,0,0,0,0,0,0,0,,,,50
7811790,0.5,0,0,0,0,0,0,0,0,0,8.52939224,8.08649063,0,0.00714798551,0,0,0,0,0,0,0,,,,50
7812917,0.5,0,0,0,0,0,0,0,0,0,8.53240585,8.08649063,0,0,0,0,0,0,0,0,0,,,,50
7814049,0.5,0,0,0,0,0,0,0,0,0,8.52939224,8.08860207,0,0,0,0,0,0,0,0,0,,,,50
7815177,0.5,0,0,0,0,0,0,0,0,0,8.52939224,8.08860207,0,0,0,0,0,0,0,0,0,,,,50
7816304,0.5,0,0,0,0,0,0,0,0,0,8.52939224,8.08860207,0,0,0,0,0,0,0,0,0,,,,50
7817431,0.5,0,0,0,0,0,0,0,0,0,8.52939224,8.08649063,0,0,0,0,0,0,0,0,0,,,,50
7818559,0.5,0,0,0,0,0,0,0,0,0,8.52939224,8.08649063,0,0,0,0,0,0,0,0,0,,,,50
7819890,0.5,0,0,0,0,0,0,0,0,0,8.53240585,8.08860207,0,0,0,0,0,0,0,0,0,,,,50
7821022,0.5,0,0,0,0,0,0,0,0,0,8.52939224,8.08860207,0,0,0,0,0,0,0,0,0,,,,50
7822149,0.5,0,0,0,0,0,0,0,0,0,8.52939224,8.08860207,0.00714798551,0,0,0,0,0,0,0,0,,,,50
7823277,0.5,0,0,0,0,0,0,0,0,0,8.52939224,8.08860207,0,0,0,0,0,0,0,0,0,,,,50
7824404,0.5,0,0,0,0,0,0,0,0,0,8.52939224,8.08860207,0,0,0,0,0,0,0,0,0,,,,50
7825531,0.5,0,0,0,0,0,0,0,0,0,8.52939224,8.08860207,0,0,0,0,0,0,0,0,0,,,,50
7826663,0.5,0,0,0,0,0,0,0,0,0,8.52939224,8.08860207,0,0,0,0,0,0,0,0,0,,,,50
7827791,0.5,0,0,0,0,0,0,0,0,0,8.52939224,8.08860207,0,0,0,0,0,0,0,0,0,,,,50
7828918,0.5,0,0,0,0,0,0,0,0,0,8.52939224,8.08649063,0,0,0,0,0,0,0,0,0,,,,50
7830045,0.5,0,0,0,0,0,0,0,0,0,8.52939224,8.08860207,0,0,0,0,0,0,0,0,0,,,,50
7831173,0.5,0,0,0,0,0,0,0,0,0,8.52939224,8.08860207,0.00714798551,0,0,0,0,0,0,0,0,,,,50
7832300,0.5,0,0,0,0,0,0,0,0,0,8.52939224,8.08860207,0,0,0,0,0,0,0,0,0,,,,50
7833432,0.5,0,0,0,0,0,0,0,0,0,8.52939224,8.08860207,0.00714798551,0,0,0,0,0,0,0,0,,,,50
7834560,0.5,0,0,0,0,0,0,0,0,0,8.52637863,8.08860207,0.00714798551,0,0,0,0,0,0,0,0,,,,50
7835687,0.5,0,0,0,0,0,0,0,0,0,8.52939224,8.08860207,0,0,0,0,0,0,0,0,0,,,,50
7836814,0.5,0,0,0,0,0,0,0,0,0,8.52939224,8.08860207,0,0.00714798551,0,0,0,0,0,0,0,,,,50
7837941,0.5,0,0,0,0,0,0,0,0,0,8.52637863,8.08860207,0,0,0,0,0,0,0,0,0,,,,50
7839073,0.5,0,0,0,0,0,0,0,0,0,8.52939224,8.08649063,0,0,0,0,0,0,0,0,0,,,,50
7840201,0.5,0,0,0,0,0,0,0,0,0,8.52939224,8.08860207,0,0,0,0,0,0,0,0,0,,,,50
7841532,0.5,0,0,0,0,0,0,0,0,0,8.52939224,8.08860207,0,0,0,0,0,0,0,0,0,,,,50
7842659,0.5,0,0,0,0,0,0,0,0,0,8.52939224,8.08860207,0,0,0,0,0,0,0,0,0,,,,50
7843787,0.5,0,0,0,0,0,0,0,0,0,8.52939224,8.08649063,0,0,0,0,0,0,0,0,0,,,,50
7844914,0.5,0,0,0,0,0,0,0,0,0,8.52939224,8.08860207,0,0,0,0,0,0,0,0,0,,,,50
7846046,0.5,0,0,0,0,0,0,0,0,0,8.52939224,8.08860207,0,0,0,0,0,0,0,0,0,,,,50
7847173,0.5,0,0,0,0,0,0,0,0.00454505486,0,8.52939224,8.08860207,0.00714798551,0,0,0,0,0,0,0,0,,,,50
7848301,0.5,0,0,0,0,0,0,0,0,0,8.52939224,8.08649063,0,0,0,0,0,0,0,0,0,,,,50
7849428,0.5,0,0,0,0,0,0,0,0,0,8.52637863,8.08860207,0,0,0,0,0,0,0,0,0,,,,50
7850555,0.5,0,0,0,0,0,0,0,0,0,8.52939224,8.08860207,0,0,0,0,0,0,0,0,0,,,,50
7851687,0.5,0,0,0,0,0,0,0,0,0,8.52939224,8.08860207,0,0,0,0,0,0,0,0,0,,,,50
7852815,0.5,0,0,0,0,0,0,0,0,0,8.52939224,8.08860207,0,0,0,0,0,0,0,0,0,,,,50
7853942,0.5,0,0,0,0,0,0,0,0,0,8.52939224,8.08860207,0,0,0,0,0,0,0,0,0,,,,50
7855069,0.5,0,0,0,0,0,0,0,0,0,8.52637863,8.08649063,0,0,0,0,0,0,0,0,0,,,,50
7856197,0.5,0,0,0,0,0,0,0,0,0,8.52939224,8.08649063,0,0,0,0,0,0,0,0,0,,,,50
7857324,0.5,0,0,0,0,0,0,0,0,0,8.52939224,8.08860207,0,0,0,0,0,0,0,0,0,,,,50
7858456,0.5,0,0,0,0,0,0,0,0,0,8.52939224,8.08649063,0,0,0,0,0,0,0,0,0,,,,50
7859583,0.5,0,0,0,0,0,0,0,0,0,8.52939224,8.08649063,0,0,0,0,0,0,0,0,0,,,,50
7860711,0.5,0,0,0,0,0,0,0,0,0,8.52939224,8.08860207,0,0,0,0,0,0,0,0,0,,,,50
7862042,0.5,0,0,0,0,0,0,0,0,0,8.52637863,8.08649063,0,0,0,0,0,0,0,0,0,,,,50
7863169,0.5,0,0,0,0,0,0,0,0,0,8.52637863,8.08860207,0,0,0,0,0,0,0,0,0,,,,50
7864297,0.5,0,0,0,0,0,0,0,0,0,8.53240585,8.08860207,0,0,0,0,0,0,0,0,0,,,,50
7865429,0.5,0,0,0,0,0,0,0,0,0,8.52939224,8.08860207,0,0,0,0,0,0,0,0,0,,,,50
7866556,0.5,0,0,0,0,0,0,0,0,0,8.52939224,8.08860207,0,0,0,0,0,0,0,0,0,,,,50
7867684,0.5,0,0,0,0,0,0,0,0,0,8.52939224,8.08860207,0,0,0,0,0,0,0,0,0,,,,50
7868811,0.5,0,0,0,0,0,0,0,0,0,8.52939224,8.08860207,0,0,0,0,0,0,0,0,0,,,,50
7869938,0.5,0,0,0,0,0,0,0,0,0,8.52939224,8.08860207,0,0,0,0,0,0,0,0,0,,,,50
7871070,0.5,0,0,0,0,0,0,0,0,0,8.52939224,8.08860207,0,0,0,0,0,0,0,0,0,,,,50
7872198,0.5,0,0,0,0,0,0,0,0,0,8.52939224,8.08860207,0,0,0,0,0,0,0,0,0,,,,50
7873325,0.5,0,0,0,0,0,0,0,0,0,8.52939224,8.08860207,0,0,0,0,0,0,0,0,0,,,,50
7874452,0.5,0,0,0,0,0,0,0,0,0,8.52939224,8.08860207,0,0,0,0,0,0,0,0,0,,,,50
7875580,0.5,0,0,0,0,0,0,0,0,0,8.52939224,8.08649063,0,0,0,0,0,0,0,0,0,,,,50
7876707,0.5,0,0,0,0,0,0,0,0,0,8.52939224,8.08649063,0,0,0,0,0,0,0,0,0,,,,50
7877839,0.5,0,0,0,0,0,0,0,0,0,8.52939224,8.08649063,0,0,0,0,0,0,0,0,0,,,,50
7878966,0.5,0,0,0,0,0,0,0,0,0,8.53240585,8.08860207,0,0,0,0,0,0,0,0,0,,,,50
7880094,0.5,0,0,0,0,0,0,0,0,0,8.52939224,8.08649063,0,0,0,0,0,0,0,0,0,,,,50
7881221,0.5,0,0,0,0,0,0,0,0,0,8.52939224,8.08860207,0,0,0,0,0,0,0,0,0,,,,50
7882348,0.5,0,0,0,0,0,0,0,0,0,8.52939224,8.08860207,0,0,0,0,0,0,0,0,0,,,,50
7883685,0.5,0,0,0,0,0,0,0,0,0,8.52939224,8.08860207,0,0,0,0,0,0,0,0,0,,,,50
7884812,0.5,0,0,0,0,0,0,0,0,0,8.52939224,8.08649063,0,0,0,0,0,0,0,0,0,,,,50
7885939,0.5,0,0,0,0,0,0,0,0,0,8.52939224,8.08649063,0,0,0,0,0,0,0,0,0,,,,50
7887067,0.5,0,0,0,0,0,0,0,0,0,8.52939224,8.08860207,0,0,0,0,0,0,0,0,0,,,,50
7888194,0.5,0,0,0,0,0,0,0,0,0,8.52939224,8.08860207,0,0,0,0,0,0,0,0,0,,,,50
7889321,0.5,0,0,0,0,0,0,0,0,0,8.52939224,8.08860207,0,0,0,0,0,0,0,0,0,,,,50
7890453,0.5,0,0,0,0,0,0,0,0,0,8.52939224,8.08649063,0,0,0,0,0,0,0,0,0,,,,50
7891581,0.5,0,0,0,0,0,0,0,0,0,8.52939224,8.08860207,0,0,0,0,0,0,0,0,0,,,,50
7892708,0.5,0,0,0,0,0,0,0,0,0,8.52939224,8.08860207,0,0,0,0,0,0,0,0,0,,,,50
7893835,0.5,0,0,0,0,0,0,0,0,0,8.52939224,8.08860207,0,0,0,0,0,0,0,0,0,,,,50
7894963,0.5,0,0,0,0,0,0,0,0,0,8.52939224,8.08860207,0,0,0,0,0,0,0,0,0,,,,50
7896095,0.5,0,0,0,0,0,0,0,0,0,8.52939224,8.08860207,0,0,0,0,0,0,0,0,0,,,,50
7897222,0.5,0,0,0,0,0,0,0,0,0,8.52939224,8.08649063,0,0,0,0,0,0,0,0,0,,,,50
7898349,0.5,0,0,0,0,0,0,0,0,0,8.53240585,8.08860207,0,0,0,0,0,0,0,0,0,,,,50
7899477,0.5,0,0,0,0,0,0,0,0,0,8.52939224,8.08860207,0,0,0,0,0,0,0,0,0,,,,50
7900604,0.5,0,0,0,0,0,0,0,0,0,8.52939224,8.08860207,0,0,0,0,0,0,0,0,0,,,,50
7901731,0.5,0,0,0,0,0,0,0,0,0,8.52939224,8.08649063,0,0,0,0,0,0,0,0,0,,,,50
7902864,0.5,0,0,0,0,0,0,0,0,0,8.52939224,8.0843792,0,0,0,0,0,0,0,0,0,,,,50
7904195,0.5,0,0,0,0,0,0,0,0,0,8.52939224,8.08860207,0,0,0,0,0,0,0,0,0,,,,50
7905322,0.5,0,0,0,0,0,0,0,0,0,8.52939224,8.08860207,0,0,0,0,0,0,0,0,0,,,,50
7906450,0.5,0,0,0,0,0,0,0,0,0,8.53240585,8.08649063,0,0,0,0,0,0,0,0,0,,,,50
7907577,0.5,0,0,0,0,0,0,0,0,0,8.52939224,8.08860207,0,0,0,0,0,0,0,0,0,,,,50
7908704,0.5,0,0,0,0,0,0,0,0,0,8.52939224,8.08649063,0,0,0,0,0,0,0,0,0,,,,50
7909836,0.5,0,0,0,0,0,0,0,0,0,8.52939224,8.08649063,0,0,0,0,0,0,0,0,0,,,,50
7910964,0.5,0,0,0,0,0,0,0,0,0,8.52939224,8.08649063,0,0,0,0,0,0,0,0,0,,,,50
7912091,0.5,0,0,0,0,0,0,0,0,0,8.52939224,8.08860207,0,0,0,0,0,0,0,0,0,,,,50
7913218,0.5,0,0,0,0,0,0,0,0,0,8.52939224,8.08860207,0,0,0,0,0,0,0,0,0,,,,50
7914346,0.5,0,0,0,0,0,0,0,0,0,8.53240585,8.08860207,0,0,0,0,0,0,0,0,0,,,,50
7915478,0.5,0,0,0,0,0,0,0,0,0,8.52939224,8.08860207,0,0,0,0,0,0,0,0,0,,,,50
7916605,0.5,0,0,0,0,0,0,0,0,0,8.52939224,8.08860207,0,0,0,0,0,0,0,0,0,,,,50
7917732,0.5,0,0,0,0,0,0,0,0,0,8.52939224,8.08860207,0,0,0,0,0,0,0,0,0,,,,50
7918860,0.5,0,0,0,0,0,0,0,0,0,8.52939224,8.08860207,0,0,0,0,0,0,0,0,0,,,,50
7919987,0.5,0,0,0,0,0.00805860758,0,0,0,0,8.52939224,8.08860207,0,0,0,0,0,0,0,0,0,,,,50
7921114,0.5,0,0,0,0,0,0,0,0,0,8.52939224,8.08649063,0,0,0,0,0,0,0,0,0,,,,50
7922246,0.5,0,0,0,0,0,0,0,0,0,8.52939224,8.08860207,0,0,0,0,0,0,0,0,0,,,,50
7923374,0.5,0,0,0,0,0,0,0,0,0,8.52939224,8.0907135,0,0,0,0,0,0,0,0,0,,,,50
7924501,0.5,0,0,0,0,0,0,0,0,0,8.52939224,8.08649063,0,0,0,0,0,0,0,0,0,,,,50
7925832,0.5,0,0,0,0,0,0,0,0,0,8.52939224,8.08860207,0,0,0,0,0,0,0,0,0,,,,50
7926960,0.5,0,0,0,0,0,0,0,0,0,8.52939224,8.08860207,0,0,0,0,0,0,0,0,0,,,,50
7928092,0.5,0,0,0,0,0,0,0,0,0,8.52939224,8.08860207,0,0,0,0,0,0,0,0,0,,,,50
7929219,0.5,0,0,0,0,0,0,0,0,0,8.52939224,8.08860207,0,0,0,0,0,0,0,0,0,,,,50
7930346,0.5,0,0,0,0,0,0,0,0,0,8.52939224,8.08649063,0,0,0,0,0,0,0,0,0,,,,50
7931473,0.5,0,0,0,0,0,0,0,0,0,8.52637863,8.08860207,0,0,0,0,0,0,0,0,0,,,,50
7932600,0.5,0,0,0,0,0,0,0,0,0,8.52939224,8.08860207,0,0,0,0,0,0,0,0,0,,,,50
7933728,0.5,0,0,0,0,0,0,0,0,0,8.52939224,8.08860207,0,0,0,0,0,0,0,0,0,,,,50
7934860,0.5,0,0,0,0,0,0,0,0,0,8.52939224,8.08860207,0,0,0,0,0,0,0,0,0,,,,50
7935987,0.5,0,0,0,0,0,0,0,0,0,8.52939224,8.08860207,0,0,0,0,0,0,0,0,0,,,,50
7937114,0.5,0,0,0,0,0,0,0,0,0,8.52939224,8.08860207,0,0,0,0,0,0,0,0,0,,,,50
7938242,0.5,0,0,0,0,0,0,0,0,0,8.52939224,8.08860207,0,0,0,0,0,0,0,0,0,,,,50
7939369,0.5,0,0,0,0,0,0,0,0,0,8.52939224,8.08649063,0,0,0,0,0,0,0,0,0,,,,50
7940500,0.5,0,0,0,0,0,0,0,0,0,8.52939224,8.08860207,0,0,0,0,0,0,0,0,0,,,,50
7941628,0.5,0,0,0,0,0,0,0,0,0,8.52939224,8.08860207,0,0,0,0,0,0,0,0,0,,,,50
7942755,0.5,0,0,0,0,0,0,0,0,0,8.52939224,8.08860207,0,0,0,0,0,0,0,0,0,,,,50
7943883,0.5,0,0,0,0,0,0,0,0,0,8.52939224,8.08860207,0,0,0,0,0,0,0,0,0,,,,50
7945010,0.5,0,0,0,0,0,0,0,0,0,8.52939224,8.08860207,0,0,0,0,0,0,0,0,0,,,,50
7946341,0.5,0,0,0,0,0,0,0,0,0,8.52939224,8.08860207,0,0,0,0,0,0,0,0,0,,,,50
7947473,0.5,0,0,0,0,0,0,0,0,0,8.52939224,8.08649063,0,0,0,0,0,0,0,0,0,,,,50
7948601,0.5,0,0,0,0,0,0,0,0,0,8.52939224,8.08860207,0,0,0,0,0,0,0,0,0,,,,50
7949728,0.5,0,0,0,0,0,0,0,0,0,8.52939224,8.08860207,0,0,0,0,0,0,0,0,0,,,,50
7950855,0.5,0,0,0,0,0,0,0,0,0,8.52939224,8.08649063,0,0,0,0,0,0,0,0,0,,,,50
7951982,0.5,0,0,0,0,0,0,0,0,0,8.52637863,8.08860207,0,0,0,0,0,0,0,0,0,,,,50
7953110,0.5,0,0,0,0,0,0,0,0,0,8.53240585,8.08860207,0,0,0,0,0,0,0,0,0,,,,50
7954242,0.5,0,0,0,0,0,0,0,0,0,8.52939224,8.08860207,0,0,0,0,0,0,0,0,0,,,,50
7955369,0.5,0,0,0,0,0,0,0,0,0,8.52939224,8.08860207,0,0,0,0,0,0,0,0,0,,,,50
7956496,0.5,0,0,0,0,0,0,0,0,0,8.52939224,8.08649063,0,0,0,0,0,0,0,0,0,,,,50
7957624,0.5,0,0,0,0,0,0,0,0,0,8.52939224,8.08860207,0,0,0,0,0,0,0,0,0,,,,50
7958751,0.5,0,0,0,0,0,0,0,0,0,8.52939224,8.08860207,0,0,0,0,0,0,0,0,0,,,,50
7959883,0.5,0,0,0,0,0,0,0,0,0,8.52939224,8.08860207,0,0,0,0,0,0,0,0,0,,,,50
7961011,0.5,0,0,0,0,0,0,0,0,0,8.52939224,8.08860207,0,0,0,0,0,0,0,0,0,,,,50
7962138,0.5,0,0,0,0,0,0,0,0,0,8.52939224,8.08860207,0,0,0,0,0,0,0,0,0,,,,50
7963265,0.5,0,0,0,0,0,0,0,0,0,8.52939224,8.08860207,0,0,0,0,0,0,0,0,0,,,,50
7964393,0.5,0,0,0,0,0,0,0,0,0,8.53240585,8.08860207,0,0,0,0,0,0,0,0,0,,,,50
7965520,0.5,0,0,0,0,0,0,0,0,0,8.52939224,8.08860207,0,0,0,0,0,0,0,0,0,,,,50
7966856,0.5,0,0,0,0,0,0,0,0,0,8.53240585,8.08860207,0,0,0,0,0,0,0,0,0,,,,50
7967983,0.5,0,0,0,0,0,0,0,0,0,8.52939224,8.08649063,0,0,0,0,0,0,0,0,0,,,,50
7969111,0.5,0,0,0,0,0,0,0,0,0,8.52939224,8.08649063,0,0,0,0,0,0,0,0,0,,,,50
7970238,0.5,0,0,0,0,0,0,0,0,0,8.52939224,8.08649063,0,0,0,0,0,0,0,0,0,,,,50
7971365,0.5,0,0,0,0,0,0,0,0,0,8.52939224,8.08860207,0,0,0,0,0,0,0,0,0,,,,50
7972498,0.5,0,0,0,0,0,0,0,0,0,8.52939224,8.08860207,0,0,0,0,0,0,0,0,0,,,,50
7973625,0.5,0,0,0,0,0,0,0,0,0,8.52939224,8.08649063,0,0,0,0,0,0,0,0,0,,,,50
7974752,0.5,0,0,0,0,0,0,0,0,0,8.52939224,8.08649063,0,0,0,0,0,0,0,0,0,,,,50
7975879,0.5,0,0,0,0,0,0,0,0,0,8.53240585,8.08860207,0,0,0,0,0,0,0,0,0,,,,50
7977006,0.5,0,0,0,0,0,0,0,0,0,8.52939224,8.08649063,0,0,0,0,0,0,0,0,0,,,,50
7978134,0.5,0,0,0,0,0,0,0,0,0,8.52939224,8.0907135,0,0,0,0,0,0,0,0,0,,,,50
7979266,0.5,0,0,0,0,0,0,0,0,0,8.52939224,8.08860207,0,0,0,0,0,0,0,0,0,,,,50
7980393,0.5,0,0,0,0,0,0,0,0,0,8.52939224,8.08860207,0,0,0,0,0,0,0,0,0,,,,50
7981520,0.5,0,0,0,0,0,0,0,0,0,8.52939224,8.08649063,0,0,0,0,0,0,0,0,0,,,,50
7982648,0.5,0,0,0,0,0,0,0,0,0,8.52939224,8.08860207,0,0,0,0,0,0,0,0,0,,,,50
7983775,0.5,0,0,0,0,0,0,0,0,0,8.52939224,8.08860207,0,0,0,0,0,0,0,0,0,,,,50
7984907,0.5,0,0,0,0,0,0,0,0,0,8.52939224,8.08649063,0,0,0,0,0,0,0,0,0,,,,50
7986035,0.5,0,0,0,0,0,0,0,0,0,8.52939224,8.08860207,0,0,0,0,0,0,0,0,0,,,,50
7987162,0.5,0,0,0,0,0,0,0,0,0,8.52939224,8.08860207,0,0.00714798551,0,0,0,0,0,0,0,,,,50
7988493,0.5,0,0,0,0,0,0,0,0,0,8.53240585,8.08649063,0,0,0,0,0,0,0,0,0,,,,50
7989621,0.5,0,0,0,0,0,0,0,0,0,8.52939224,8.08860207,0,0,0,0,0,0,0,0,0,,,,50
7990748,0.5,0,0,0,0,0,0,0,0,0,8.52939224,8.08860207,0,0,0,0,0,0,0,0,0,,,,50
7991880,0.5,0,0,0,0,0,0,0,0,0,8.52939224,8.08649063,0,0,0,0,0,0,0,0,0,,,,50
7993007,0.5,0,0,0,0,0,0,0,0,0,8.52939224,8.08860207,0,0,0,0,0,0,0,0,0,,,,50
7994135,0.5,0,0,0,0,0,0,0,0,0,8.52939224,8.08860207,0,0,0,0,0,0,0,0,0,,,,50
7995262,0.5,0,0,0,0,0,0,0,0,0,8.52939224,8.08860207,0,0,0,0,0,0,0,0,0,,,,50
7996389,0.5,0,0,0,0,0,0,0,0,0,8.52939224,8.08860207,0,0,0,0,0,0,0,0,0,,,,50
7997521,0.5,0,0,0,0,0,0,0,0,0,8.52939224,8.08860207,0,0,0,0,0,0,0,0,0,,,,50
7998649,0.5,0,0,0,0,0,0,0,0,0,8.52939224,8.08860207,0,0,0,0,0,0,0,0,0,,,,50
7999776,0.5,0,0,0,0,0,0,0,0,0,8.52939224,8.08649063,0,0,0,0,0,0,0,0,0,,,,50
8000903,0.5,0,0,0,0,0,0,0,0,0,8.52939224,8.08860207,0,0,0,0,0,0,0,0,0,,,,50
8002031,0.5,0,0,0,0,0,0,0,0,0,8.52939224,8.08860207,0,0,0,0,0,0,0,0,0,,,,50
8003158,0.5,0,0,0,0,0,0,0,0,0,8.52939224,8.08860207,0,0,0,0,0,0,0,0,0,,,,50
8004290,0.5,0,0,0,0,0,0,0,0,0,8.52939224,8.08860207,0,0,0,0,0,0,0,0,0,,,,50
8005417,0.5,0,0,0,0,0,0,0,0,0,8.52939224,8.08860207,0,0,0,0,0,0,0,0,0,,,,50
8006545,0.5,0,0,0,0,0,0,0,0,0,8.52939224,8.08860207,0,0,0,0,0,0,0,0,0,,,,50
8007672,0.5,0,0,0,0,0,0,0,0,0,8.52939224,8.08860207,0,0,0,0,0,0,0,0,0,,,,50
8009003,0.5,0,0,0,0,0,0,0,0,0,8.52939224,8.08860207,0,0,0,0,0,0,0,0,0,,,,50
8010131,0.5,0,0,0,0,0,0,0,0,0,8.52637863,8.08860207,0,0,0,0,0,0,0,0,0,,,,50
8011263,0.5,0,0,0,0,0,0,0,0,0,8.52939224,8.08649063,0,0,0,0,0,0,0,0,0,,,,50
8012390,0.5,0,0,0,0,0,0,0,0,0,8.52939224,8.08860207,0,0,0,0,0,0,0,0,0,,,,50
8013517,0.5,0,0,0,0,0,0,0,0,0,8.52939224,8.08860207,0,0,0,0,0,0,0,0,0,,,,50
8014645,0.5,0,0,0,0,0,0,0,0,0,8.52939224,8.08649063,0,0,0,0,0,0,0,0,0,,,,50
8015772,0.5,0,0,0,0,0,0,0,0,0,8.52939224,8.08649063,0,0.00714798551,0,0,0,0,0,0,0,,,,50
8016904,0.5,0,0,0,0,0,0,0,0,0,8.52939224,8.08860207,0,0,0,0,0,0,0,0,0,,,,50
8018032,0.5,0,0,0,0,0,0,0,0,0,8.52939224,8.08860207,0,0,0,0,0,0,0,0,0,,,,50
8019159,0.5,0,0,0,0,0,0,0,0,0,8.53240585,8.08860207,0,0,0,0,0,0,0,0,0,,,,50
8020286,0.5,0,0,0,0,0,0,0,0,0,8.52939224,8.08860207,0,0,0,0,0,0,0,0,0,,,,50
8021414,0.5,0,0,0,0,0,0,0,0,0,8.52939224,8.08860207,0,0,0,0,0,0,0,0,0,,,,50
8022541,0.5,0,0,0,0,0,0,0,0,0,8.52939224,8.08649063,0,0,0,0,0,0,0,0,0,,,,50
8023673,0.5,0,0,0,0,0,0,0,0,0,8.52939224,8.08860207,0,0,0,0,0,0,0,0,0,,,,50
8024800,0.5,0,0,0,0,0,0,0,0,0,8.52939224,8.08860207,0,0,0,0,0,0,0,0,0,,,,50
8025928,0.5,0,0,0,0,0,0,0,0,0,8.53240585,8.08860207,0,0,0,0,0,0,0,0,0,,,,50
8027055,0.5,0,0,0,0,0,0,0,0,0,8.52939224,8.08860207,0,0,0,0,0,0,0,0,0,,,,50
8028182,0.5,0,0,0,0,0,0,0,0,0,8.52939224,8.08649063,0,0,0,0,0,0,0,0,0,,,,50
8029314,0.5,0,0,0,0,0,0,0,0,0,8.52939224,8.08860207,0,0.00714798551,0,0,0,0,0,0,0,,,,50
8030646,0.5,0,0,0,0,0,0,0,0,0,8.52939224,8.08649063,0,0,0,0,0,0,0,0,0,,,,50
8031773,0.5,0,0,0,0,0,0,0,0,0,8.52939224,8.08860207,0,0,0,0,0,0,0,0,0,,,,50
8032900,0.5,0,0,0,0,0,0,0,0,0,8.52939224,8.08860207,0,0,0,0,0,0,0,0,0,,,,50
8034028,0.5,0,0,0,0,0,0,0,0,0,8.53240585,8.08649063,0,0,0,0,0,0,0,0,0,,,,50
8035155,0.5,0,0,0,0,0,0,0,0,0,8.52939224,8.08649063,0,0,0,0,0,0,0,0,0,,,,50
8036287,0.5,0,0,0,0,0,0,0,0,0,8.52939224,8.08860207,0,0,0,0,0,0,0,0,0,,,,50
8037415,0.5,0,0,0,0,0,0,0,0,0,8.52939224,8.08860207,0,0,0,0,0,0,0,0,0,,,,50
8038542,0.5,0,0,0,0,0,0,0,0,0,8.52939224,8.08860207,0,0,0,0,0,0,0,0,0,,,,50
8039669,0.5,0,0,0,0,0,0,0,0,0,8.52939224,8.08860207,0,0,0,0,0,0,0,0,0,,,,50
8040797,0.5,0,0,0,0,0,0,0,0,0,8.52939224,8.08860207,0,0,0,0,0,0,0,0,0,,,,50
8041929,0.5,0,0,0,0,0,0,0,0,0,8.52939224,8.08860207,0,0,0,0,0,0,0,0,0,,,,50
8043056,0.5,0,0,0,0,0,0,0,0,0,8.52939224,8.08860207,0,0,0,0,0,0,0,0,0,,,,50
8044183,0.5,0,0,0,0,0,0,0,0,0,8.52939224,8.08860207,0,0,0,0,0,0,0,0,0,,,,50
8045311,0.5,0,0,0,0,0,0,0,0,0,8.52939224,8.08860207,0,0,0,0,0,0,0,0,0,,,,50
8046438,0.5,0,0,0,0,0,0,0,0,0,8.52939224,8.08860207,0,0,0,0,0,0,0,0,0,,,,50
8047565,0.5,0,0,0,0,0,0,0,0,0,8.52637863,8.08649063,0,0,0,0,0,0,0,0,0,,,,50
8048697,0.5,0,0,0,0,0,0,0,0,0,8.52637863,8.08649063,0,0,0,0,0,0,0,0,0,,,,50
8049825,0.5,0,0,0,0,0,0,0,0,0,8.52939224,8.08860207,0,0,0,0,0,0,0,0,0,,,,50
8051156,0.5,0,0,0,0,0,0,0,0,0,8.52939224,8.08860207,0,0,0,0,0,0,0,0,0,,,,50
8052283,0.5,0,0,0,0,0,0,0,0,0,8.52939224,8.08860207,0,0,0,0,0,0,0,0,0,,,,50
8053411,0.5,0,0,0,0,0,0,0,0,0,8.52939224,8.08860207,0,0,0,0,0,0,0,0,0,,,,50
8054538,0.5,0,0,0,0,0,0,0,0,0,8.52939224,8.08860207,0,0,0,0,0,0,0,0,0,,,,50
8055670,0.5,0,0,0,0,0,0,0,0,0,8.52939224,8.08860207,0,0,0,0,0,0,0,0,0,,,,50
8056797,0.5,0,0,0,0,0,0,0,0,0,8.52939224,8.08860207,0,0,0,0,0,0,0,0,0,,,,50
8057925,0.5,0,0,0,0,0,0,0,0,0,8.52939224,8.08860207,0,0,0,0,0,0,0,0,0,,,,50
8059052,0.5,0,0,0,0,0,0,0,0,0,8.53240585,8.08860207,0,0,0,0,0,0,0,0,0,,,,50
8060179,0.5,0,0,0,0,0,0,0,0,0,8.52939224,8.08860207,0,0,0,0,0,0,0,0,0,,,,50
8061311,0.5,0,0,0,0,0,0,0,0,0,8.53240585,8.08860207,0,0,0,0,0,0,0,0,0,,,,50
8062439,0.5,0,0,0,0,0,0,0,0,0,8.52939224,8.08860207,0,0,0,0,0,0,0,0,0,,,,50
8063566,0.5,0,0,0,0,0,0,0,0,0,8.52939224,8.08649063,0,0,0,0,0,0,0,0,0,,,,50
8064694,0.5,0,0,0,0,0,0,0,0,0,8.52939224,8.08860207,0,0,0,0,0,0,0,0,0,,,,50
8065821,0.5,0,0,0,0,0,0,0,0,0,8.52939224,8.08860207,0,0,0,0,0,0,0,0,0,,,,50
8066948,0.5,0,0,0,0,0,0,0,0,0,8.52939224,8.08649063,0,0,0,0,0,0,0,0,0,,,,50
8068080,0.5,0,0,0,0,0,0,0,0,0,8.52939224,8.08860207,0,0,0,0,0,0,0,0,0,,,,50
8069208,0.5,0,0,0,0,0,0,0,0,0,8.52939224,8.08860207,0,0,0,0,0,0,0,0,0,,,,50
8070335,0.5,0,0,0,0,0,0,0,0,0,8.52939224,8.08860207,0,0,0,0,0,0,0,0,0,,,,50
8071462,0.5,0,0,0,0,0,0,0,0,0,8.52939224,8.08860207,0,0,0,0,0,0,0,0,0,,,,50
8072794,0.5,0,0,0,0,0,0,0,0,0,8.52939224,8.08860207,0,0,0,0,0,0,0,0,0,,,,50
8073926,0.5,0,0,0,0,0,0,0,0,0,8.52939224,8.08860207,0,0,0,0,0,0,0,0,0,,,,50
8075053,0.5,0,0,0,0,0,0,0,0,0,8.52939224,8.08860207,0,0,0,0,0,0,0,0,0,,,,50
8076180,0.5,0,0,0,0,0,0,0,0,0,8.52939224,8.08649063,0,0,0,0,0,0,0,0,0,,,,50
8077308,0.5,0,0,0,0,0,0,0,0,0,8.52939224,8.08860207,0,0,0,0,0,0,0,0,0,,,,50
8078435,0.5,0,0,0,0,0,0,0,0,0,8.52939224,8.08860207,0,0,0,0,0,0,0,0,0,,,,50
8079562,0.5,0,0,0,0,0,0,0,0,0,8.52939224,8.08860207,0,0,0,0,0,0,0,0,0,,,,50
8080694,0.5,0,0,0,0,0,0,0,0,0,8.52939224,8.08860207,0,0,0,0,0,0,0,0,0,,,,50
8081822,0.5,0,0,0,0,0,0,0,0,0,8.52939224,8.08860207,0,0,0,0,0,0,0,0,0,,,,50
8082949,0.5,0,0,0,0,0,0,0,0,0,8.52939224,8.08860207,0,0,0,0,0,0,0,0,0,,,,50
8084076,0.5,0,0,0,0,0,0,0,0,0,8.53240585,8.08860207,0,0,0,0,0,0,0,0,0,,,,50
8085204,0.5,0,0,0,0,0,0,0,0,0,8.52939224,8.08860207,0,0,0,0,0,0,0,0,0,,,,50
8086336,0.5,0,0,0,0,0,0,0,0,0,8.52939224,8.08860207,0,0.00714798551,0,0,0,0,0,0,0,,,,50
8087463,0.5,0,0,0,0,0,0,0,0,0,8.52939224,8.08860207,0,0,0,0,0,0,0,0,0,,,,50
8088590,0.5,0,0,0,0,0,0,0,0,0,8.52939224,8.08860207,0,0,0,0,0,0,0,0,0,,,,50
8089718,0.5,0,0,0,0,0,0,0,0,0,8.52939224,8.08860207,0,0,0,0,0,0,0,0,0,,,,50
8090845,0.5,0,0,0,0,0,0,0,0,0,8.52939224,8.08860207,0,0,0,0,0,0,0,0,0,,,,50
8091972,0.5,0,0,0,0,0,0,0,0,0,8.52939224,8.08860207,0,0,0,0,0,0,0,0,0,,,,50
8093308,0.5,0,0,0,0,0,0,0,0,0,8.52939224,8.08860207,0,0,0,0,0,0,0,0,0,,,,50
8094435,0.5,0,0,0,0,0,0,0,0,0,8.52939224,8.08860207,0,0,0,0,0,0,0,0,0,,,,50
8095563,0.5,0,0,0,0,0,0,0,0,0,8.52939224,8.08649063,0,0,0,0,0,0,0,0,0,,,,50
8096690,0.5,0,0,0,0,0,0,0,0,0,8.53240585,8.08860207,0,0,0,0,0,0,0,0,0,,,,50
8097817,0.5,0,0,0,0,0,0,0,0,0,8.52939224,8.08649063,0,0,0,0,0,0,0,0,0,,,,50
8098945,0.5,0,0,0,0,0,0,0,0,0,8.52939224,8.08860207,0,0.00714798551,0,0,0,0,0,0,0,,,,50
8100077,0.5,0,0,0,0,0,0,0,0,0,8.53240585,8.08649063,0,0,0,0,0,0,0,0,0,,,,50
8101204,0.5,0,0,0,0,0,0,0,0,0,8.53240585,8.08860207,0,0,0,0,0,0,0,0,0,,,,50
8102332,0.5,0,0,0,0,0,0,0,0,0,8.52939224,8.0907135,0,0,0,0,0,0,0,0,0,,,,50
8103459,0.5,0,0,0,0,0,0,0,0,0,8.52637863,8.08860207,0,0,0,0,0,0,0,0,0,,,,50
8104586,0.5,0,0,0,0,0,0,0,0,0,8.52939224,8.08649063,0,0,0,0,0,0,0,0,0,,,,50
8105718,0.5,0,0,0,0,0,0,0,0,0,8.52939224,8.08860207,0,0,0,0,0,0,0,0,0,,,,50
8106846,0.5,0,0,0,0,0,0,0,0,0,8.52939224,8.08649063,0,0,0,0,0,0,0,0,0,,,,50
8107973,0.5,0,0,0,0,0,0,0,0,0,8.52939224,8.08860207,0,0,0,0,0,0,0,0,0,,,,50
8109100,0.5,0,0,0,0,0,0,0,0,0,8.52939224,8.08649063,0,0,0,0,0,0,0,0,0,,,,50
8110227,0.5,0,0,0,0,0,0,0,0,0,8.52939224,8.08860207,0,0,0,0,0,0,0,0,0,,,,50
8111355,0.5,0,0,0,0,0,0,0,0,0,8.52939224,8.08860207,0,0,0,0,0,0,0,0,0,,,,50
8112487,0.5,0,0,0,0,0,0,0,0,0,8.52939224,8.08860207,0,0,0,0,0,0,0,0,0,,,,50
8113818,0.5,0,0,0,0,0,0,0,0,0,8.52939224,8.08649063,0,0,0,0,0,0,0,0,0,,,,50
8114945,0.5,0,0,0,0,0,0,0,0,0,8.52939224,8.08649063,0,0,0,0,0,0,0,0,0,,,,50
8116073,0.5,0,0,0,0,0,0,0,0,0,8.52939224,8.08860207,0,0,0,0,0,0,0,0,0,,,,50
8117200,0.5,0,0,0,0,0,0,0,0,0,8.52939224,8.08860207,0,0,0,0,0,0,0,0,0,,,,50
8118332,0.5,0,0,0,0,0,0,0,0,0,8.52939224,8.08649063,0,0,0,0,0,0,0,0,0,,,,50
8119459,0.5,0,0,0,0,0,0,0,0,0,8.52939224,8.08860207,0,0,0,0,0,0,0,0,0,,,,50
8120587,0.5,0,0,0,0,0,0,0,0,0,8.52939224,8.08860207,0,0,0,0,0,0,0,0,0,,,,50
8121714,0.5,0,0,0,0,0,0,0,0,0,8.52939224,8.08649063,0,0,0,0,0,0,0,0,0,,,,50
8122841,0.5,0,0,0,0,0,0,0,0,0,8.52939224,8.08860207,0,0,0,0,0,0,0,0,0,,,,50
8123968,0.5,0,0,0,0,0,0,0,0,0,8.52939224,8.08860207,0,0,0,0,0,0,0,0,0,,,,50
8125101,0.5,0,0,0,0,0,0,0,0,0,8.52939224,8.08860207,0,0,0,0,0,0,0,0,0,,,,50
8126228,0.5,0,0,0,0,0,0,0,0,0,8.52637863,8.08649063,0,0,0,0,0,0,0,0,0,,,,50
8127355,0.5,0,0,0,0,0,0,0,0,0,8.52939224,8.08649063,0,0,0,0,0,0,0,0,0,,,,50
8128483,0.5,0,0,0,0,0,0,0,0,0,8.52939224,8.08860207,0,0,0,0,0,0,0,0,0,,,,50
8129610,0.5,0,0,0,0,0,0,0,0,0,8.53240585,8.08860207,0,0,0,0,0,0,0,0,0,,,,50
8130742,0.5,0,0,0,0,0,0,0,0,0,8.52939224,8.08649063,0,0,0,0,0,0,0,0,0,,,,50
8131869,0.5,0,0,0,0,0,0,0,0,0,8.52939224,8.08649063,0,0,0,0,0,0,0,0,0,,,,50
8132997,0.5,0,0,0,0,0,0,0,0,0,8.52939224,8.08860207,0,0,0,0,0,0,0,0,0,,,,50
8134124,0.5,0,0,0,0,0,0,0,0,0,8.52939224,8.08860207,0,0,0,0,0,0,0,0,0,,,,50
8135455,0.5,0,0,0,0,0,0,0,0,0,8.52939224,8.08860207,0,0,0,0,0,0,0,0,0,,,,50
8136583,0.5,0,0,0,0,0,0,0,0,0,8.52939224,8.08649063,0,0,0,0,0,0,0,0,0,,,,50
8137715,0.5,0,0,0,0,0,0,0,0,0,8.52939224,8.08860207,0,0,0,0,0,0,0,0,0,,,,50
8138842,0.5,0,0,0,0,0,0,0,0,0,8.52939224,8.08860207,0,0,0,0,0,0,0,0,0,,,,50
8139969,0.5,0,0,0,0,0,0,0,0,0,8.52939224,8.08860207,0,0,0,0,0,0,0,0,0,,,,50
8141097,0.5,0,0,0,0,0,0,0,0,0,8.52637863,8.08860207,0,0,0,0,0,0,0,0,0,,,,50
8142224,0.5,0,0,0,0,0,0,0,0,0,8.52939224,8.08860207,0,0,0,0,0,0,0,0,0,,,,50
8143356,0.5,0,0,0,0,0,0,0,0,0,8.52939224,8.08860207,0,0,0,0,0,0,0,0,0,,,,50
8144483,0.5,0,0,0,0,0,0,0,0,0,8.53240585,8.08860207,0,0,0,0,0,0,0,0,0,,,,50
8145611,0.5,0,0,0,0,0,0,0,0,0,8.52939224,8.08860207,0,0,0,0,0,0,0,0,0,,,,50
8146738,0.5,0,0,0,0,0,0,0,0,0,8.52939224,8.08860207,0,0,0,0,0,0,0,0,0,,,,50
8147865,0.5,0,0,0,0,0,0,0,0,0,8.52939224,8.08649063,0,0,0,0,0,0,0,0,0,,,,50
8148993,0.5,0,0,0,0,0,0,0,0,0,8.52939224,8.08649063,0,0.00714798551,0,0,0,0,0,0,0,,,,50
8150125,0.5,0,0,0,0,0,0,0,0,0,8.52637863,8.08860207,0,0,0,0,0,0,0,0,0,,,,50
8151252,0.5,0,0,0,0,0,0,0,0,0,8.52939224,8.08649063,0,0,0,0,0,0,0,0,0,,,,50
8152380,0.5,0,0,0,0,0,0,0,0,0,8.52939224,8.08860207,0,0,0,0,0,0,0,0,0,,,,50
8153507,0.5,0,0,0,0,0,0,0,0,0,8.52939224,8.08860207,0,0,0,0,0,0,0,0,0,,,,50
8154634,0.5,0,0,0,0,0,0,0,0,0,8.52939224,8.08860207,0,0,0,0,0,0,0,0,0,,,,50
8155966,0.5,0,0,0,0,0,0,0,0,0,8.52939224,8.08860207,0,0,0,0,0,0,0,0,0,,,,50
8157098,0.5,0,0,0,0,0,0,0,0,0,8.52939224,8.08860207,0,0,0,0,0,0,0,0,0,,,,50
8158225,0.5,0,0,0,0,0,0,0,0,0,8.52939224,8.08860207,0,0,0,0,0,0,0,0,0,,,,50
8159352,0.5,0,0,0,0,0,0,0,0,0,8.52939224,8.08649063,0,0,0,0,0,0,0,0,0,,,,50
8160480,0.5,0,0,0,0,0,0,0,0,0,8.52939224,8.08860207,0,0,0,0,0,0,0,0,0,,,,50
8161607,0.5,0,0,0,0,0,0,0,0,0,8.52939224,8.08860207,0,0,0,0,0,0,0,0,0,,,,50
8162739,0.5,0,0,0,0,0,0,0,0,0,8.52939224,8.08860207,0,0,0,0,0,0,0,0,0,,,,50
8163866,0.5,0,0,0,0,0,0,0,0,0,8.52939224,8.08860207,0,0,0,0,0,0,0,0,0,,,,50
8164994,0.5,0,0,0,0,0,0,0,0,0,8.52939224,8.08860207,0,0,0,0,0,0,0,0,0,,,,50
8166121,0.5,0,0,0,0,0,0,0,0,0,8.52939224,8.08860207,0,0,0,0,0,0,0,0,0,,,,50
8167248,0.5,0,0,0,0,0,0,0,0,0,8.52939224,8.08860207,0,0,0,0,0,0,0,0,0,,,,50
8168376,0.5,0,0,0,0,0,0,0,0,0,8.52939224,8.08860207,0,0,0,0,0,0,0,0,0,,,,50
8169508,0.5,0,0,0,0,0,0,0,0,0,8.52939224,8.08649063,0,0,0,0,0,0,0,0,0,,,,50
8170635,0.5,0,0,0,0,0,0,0,0,0,8.52939224,8.08860207,0,0,0,0,0,0,0,0,0,,,,50
8171763,0.5,0,0,0,0,0,0,0,0,0,8.52939224,8.08649063,0,0,0,0,0,0,0,0,0,,,,50
8172890,0.5,0,0,0,0,0,0,0,0,0,8.52939224,8.08860207,0,0,0,0,0,0,0,0,0,,,,50
8174017,0.5,0,0,0,0,0,0,0,0,0,8.52939224,8.08860207,0,0,0,0,0,0,0,0,0,,,,50
8175149,0.5,0,0,0,0,0,0,0,0,0,8.52939224,8.08860207,0,0,0,0,0,0,0,0,0,,,,50
8176277,0.5,0,0,0,0,0,0,0,0,0,8.52939224,8.08860207,0,0,0,0,0,0,0,0,0,,,,50
8177608,0.5,0,0,0,0,0,0,0,0,0,8.52939224,8.08860207,0,0,0,0,0,0,0,0,0,,,,50
8178735,0.5,0,0,0,0,0,0,0,0,0,8.52939224,8.08649063,0,0,0,0,0,0,0,0,0,,,,50
8179863,0.5,0,0,0,0,0,0,0,0,0,8.52939224,8.08649063,0,0,0,0,0,0,0,0,0,,,,50
8180990,0.5,0,0,0,0,0,0,0,0,0,8.52939224,8.08860207,0,0,0,0,0,0,0,0,0,,,,50
8182122,0.5,0,0,0,0,0,0,0,0,0,8.52939224,8.08649063,0,0,0,0,0,0,0,0,0,,,,50
8183249,0.5,0,0,0,0,0,0,0,0,0,8.52939224,8.08860207,0,0,0,0,0,0,0,0,0,,,,50
8184377,0.5,0,0,0,0,0,0,0,0,0,8.52939224,8.08860207,0,0,0,0,0,0,0,0,0,,,,50
8185504,0.5,0,0,0,0,0,0,0,0,0,8.52939224,8.08860207,0,0,0,0,0,0,0,0,0,,,,50
8186631,0.5,0,0,0,0,0,0,0,0,0,8.52939224,8.08860207,0,0,0,0,0,0,0,0,0,,,,50
8187763,0.5,0,0,0,0,0,0,0,0,0,8.52939224,8.08649063,0,0,0,0,0,0,0,0,0,,,,50
8188890,0.5,0,0,0,0,0,0,0,0,0,8.52939224,8.08860207,0,0,0,0,0,0,0,0,0,,,,50
8190018,0.5,0,0,0,0,0,0,0,0,0,8.52939224,8.08860207,0,0,0,0,0,0,0,0,0,,,,50
8191145,0.5,0,0,0,0,0,0,0,0,0,8.52939224,8.08860207,0,0,0,0,0,0,0,0,0,,,,50
8192272,0.5,0,0,0,0,0,0,0,0,0,8.52939224,8.08860207,0,0,0,0,0,0,0,0,0,,,,50
8193399,0.5,0,0,0,0,0,0,0,0,0,8.52939224,8.08860207,0,0.00714798551,0,0,0,0,0,0,0,,,,50
8194531,0.5,0,0,0,0,0,0,0,0,0,8.52939224,8.08860207,0,0,0,0,0,0,0,0,0,,,,50
8195659,0.5,0,0,0,0,0,0,0,0,0,8.52939224,8.08860207,0,0,0,0,0,0,0,0,0,,,,50
8196786,0.5,0,0,0,0,0,0,0,0,0,8.52939224,8.08860207,0,0,0,0,0,0,0,0,0,,,,50
8198117,0.5,0,0,0,0,0,0,0,0,0,8.52637863,8.08649063,0,0,0,0,0,0,0,0,0,,,,50
8199245,0.5,0,0,0,0,0,0,0,0,0,8.52939224,8.08860207,0,0,0,0,0,0,0,0,0,,,,50
8200372,0.5,0,0,0,0,0,0,0,0,0,8.52939224,8.08649063,0,0,0,0,0,0,0,0,0,,,,50
8201504,0.5,0,0,0,0,0,0,0,0,0,8.52939224,8.08860207,0,0,0,0,0,0,0,0,0,,,,50
8202631,0.5,0,0,0,0,0,0,0,0,0,8.52939224,8.08860207,0,0,0,0,0,0,0,0,0,,,,50
8203759,0.5,0,0,0,0,0,0,0,0,0,8.52939224,8.08649063,0,0,0,0,0,0,0,0,0,,,,50
8204886,0.5,0,0,0,0,0,0,0,0,0,8.52939224,8.08860207,0,0.00714798551,0,0,0,0,0,0,0,,,,50
8206013,0.5,0,0,0,0,0,0,0,0,0,8.53240585,8.08860207,0,0,0,0,0,0,0,0,0,,,,50
8207145,0.5,0,0,0,0,0,0,0,0,0,8.53240585,8.08860207,0,0,0,0,0,0,0,0,0,,,,50
8208273,0.5,0,0,0,0,0,0,0,0,0,8.52939224,8.08860207,0,0,0,0,0,0,0,0,0,,,,50
8209400,0.5,0,0,0,0,0,0,0,0,0,8.52939224,8.08860207,0,0,0,0,0,0,0,0,0,,,,50
8210527,0.5,0,0,0,0,0,0,0,0,0,8.52939224,8.08860207,0,0,0,0,0,0,0,0,0,,,,50
8211655,0.5,0,0,0,0,0,0,0,0,0,8.52939224,8.08860207,0,0,0,0,0,0,0,0,0,,,,50
8212782,0.5,0,0,0,0,0,0,0,0,0,8.52637863,8.08860207,0,0,0,0,0,0,0,0,0,,,,50
8213914,0.5,0,0,0,0,0,0,0,0,0,8.52939224,8.08860207,0.00714798551,0,0,0,0,0,0,0,0,,,,50
8215041,0.5,0,0,0,0,0,0,0,0,0,8.52939224,8.08860207,0,0,0,0,0,0,0,0,0,,,,50
8216168,0.5,0,0,0,0,0,0,0,0,0,8.52939224,8.08649063,0,0,0,0,0,0,0,0,0,,,,50
8217295,0.5,0,0,0,0,0,0,0,0,0,8.52939224,8.08860207,0,0,0,0,0,0,0,0,0,,,,50
8218422,0.5,0,0,0,0,0,0,0,0,0,8.52939224,8.08860207,0,0,0,0,0,0,0,0,0,,,,50
8219758,0.5,0,0,0,0,0,0,0,0,0,8.52939224,8.08649063,0,0,0,0,0,0,0,0,0,,,,50
8220885,0.5,0,0,0,0,0,0,0,0,0,8.52939224,8.08860207,0,0,0,0,0,0,0,0,0,,,,50
8222013,0.5,0,0,0,0,0,0,0,0,0,8.53240585,8.08649063,0,0,0,0,0,0,0,0,0,,,,50
8223140,0.5,0,0,0,0,0,0,0,0,0,8.52939224,8.08860207,0,0,0,0,0,0,0,0,0,,,,50
8224267,0.5,0,0,0,0,0,0,0,0,0,8.52939224,8.08860207,0,0,0,0,0,0,0,0,0,,,,50
8225395,0.5,0,0,0,0,0,0,0,0,0,8.52939224,8.08860207,0,0,0,0,0,0,0,0,0,,,,50
8226527,0.5,0,0,0,0,0,0,0,0,0,8.52939224,8.0907135,0,0,0,0,0,0,0,0,0,,,,50
8227653,0.5,0,0,0,0,0,0,0,0,0,8.52939224,8.08860207,0,0,0,0,0,0,0,0,0,,,,50
8228781,0.5,0,0,0,0,0,0,0,0,0,8.53240585,8.08860207,0,0,0,0,0,0,0,0,0,,,,50
8229908,0.5,0,0,0,0,0,0,0,0,0,8.52939224,8.08860207,0,0,0,0,0,0,0,0,0,,,,50
8231035,0.5,0,0,0,0,0,0,0,0,0,8.52939224,8.08860207,0,0,0,0,0,0,0,0,0,,,,50
8232167,0.5,0,0,0,0,0,0,0,0,0,8.52939224,8.08649063,0,0,0,0,0,0,0,0,0,,,,50
8233295,0.5,0,0,0,0,0,0,0,0,0,8.52939224,8.08860207,0,0,0,0,0,0,0,0,0,,,,50
8234422,0.5,0,0,0,0,0,0,0,0,0,8.52939224,8.08860207,0,0,0,0,0,0,0,0,0,,,,50
8235549,0.5,0,0,0,0,0,0,0,0,0,8.52939224,8.08860207,0,0,0,0,0,0,0,0,0,,,,50
8236677,0.5,0,0,0,0,0,0,0,0,0,8.52939224,8.08860207,0,0,0,0,0,0,0,0,0,,,,50
8237804,0.5,0,0,0,0,0,0,0,0,0,8.52939224,8.08860207,0,0,0,0,0,0,0,0,0,,,,50
8238936,0.5,0,0,0,0,0,0,0,0,0,8.52939224,8.08860207,0,0,0,0,0,0,0,0,0,,,,50
8240268,0.5,0,0,0,0,0,0,0,0,0,8.52939224,8.08860207,0,0,0,0,0,0,0,0,0,,,,50
8241395,0.5,0,0,0,0,0,0,0,0,0,8.52939224,8.0907135,0,0,0,0,0,0,0,0,0,,,,50
8242522,0.5,0,0,0,0,0,0,0,0,0,8.52939224,8.0907135,0,0,0,0,0,0,0,0,0,,,,50
8243650,0.5,0,0,0,0,0,0,0,0,0,8.52939224,8.08860207,0,0,0,0,0,0,0,0,0,,,,50
8244777,0.5,0,0,0,0,0,0,0,0,0,8.52939224,8.08649063,0,0,0,0,0,0,0,0,0,,,,50
8245909,0.5,0,0,0,0,0,0,0,0,0,8.53240585,8.08860207,0,0,0,0,0,0,0,0,0,,,,50
8247036,0.5,0,0,0,0,0,0,0,0,0,8.52939224,8.08860207,0,0,0,0,0,0,0,0,0,,,,50
8248164,0.5,0,0,0,0,0,0,0,0,0,8.52939224,8.08649063,0,0,0,0,0,0,0,0,0,,,,50
8249291,0.5,0,0,0,0,0,0,0,0,0,8.52939224,8.08649063,0,0,0,0,0,0,0,0,0,,,,50
8250418,0.5,0,0,0,0,0,0,0,0,0,8.52939224,8.08860207,0,0,0,0,0,0,0,0,0,,,,50
8251550,0.5,0,0,0,0,0,0,0,0,0,8.52939224,8.08860207,0,0,0,0,0,0,0,0,0,,,,50
8252678,0.5,0,0,0,0,0,0,0,0,0,8.52939224,8.08860207,0,0,0,0,0,0,0,0,0,,,,50
8253805,0.5,0,0,0,0,0,0,0,0,0,8.52939224,8.08860207,0,0,0,0,0,0,0,0,0,,,,50
8254932,0.5,0,0,0,0,0,0,0,0,0,8.52939224,8.08860207,0,0,0,0,0,0,0,0,0,,,,50
8256060,0.5,0,0,0,0,0,0,0,0,0,8.52939224,8.08649063,0,0,0,0,0,0,0,0,0,,,,50
8257187,0.5,0,0,0,0,0,0,0,0,0,8.52939224,8.08860207,0,0,0,0,0,0,0,0,0,,,,50
8258319,0.5,0,0,0,0,0,0,0,0,0,8.52939224,8.08860207,0,0,0,0,0,0,0,0,0,,,,50
8259446,0.5,0,0,0,0,0,0,0,0,0,8.52637863,8.08860207,0,0,0,0,0,0,0,0,0,,,,50
8260778,0.5,0,0,0,0,0,0,0,0,0,8.52939224,8.08860207,0,0,0,0,0,0,0,0,0,,,,50
8261905,0.5,0,0,0,0,0,0,0,0,0,8.52939224,8.08860207,0,0,0,0,0,0,0,0,0,,,,50
8263032,0.5,0,0,0,0,0,0,0,0,0,8.52939224,8.08860207,0,0,0,0,0,0,0,0,0,,,,50
8264164,0.5,0,0,0,0,0,0,0,0,0,8.52939224,8.08860207,0,0,0,0,0,0,0,0,0,,,,50
8265292,0.5,0,0,0,0,0,0,0,0,0,8.52939224,8.08649063,0,0,0,0,0,0,0,0,0,,,,50
8266419,0.5,0,0,0,0,0,0,0,0,0,8.52939224,8.08860207,0,0,0,0,0,0,0,0,0,,,,50
8267546,0.5,0,0,0,0,0,0,0,0,0,8.52939224,8.08860207,0,0,0,0,0,0,0,0,0,,,,50
8268674,0.5,0,0,0,0,0,0,0,0,0,8.52939224,8.08860207,0,0,0,0,0,0,0,0,0,,,,50
8269801,0.5,0,0,0,0,0,0,0,0,0,8.52939224,8.08860207,0,0,0,0,0,0,0,0,0,,,,50
8270933,0.5,0,0,0,0,0,0,0,0,0,8.52939224,8.08649063,0,0,0,0,0,0,0,0,0,,,,50
8272061,0.5,0,0,0,0,0,0,0,0,0,8.52939224,8.08860207,0,0,0,0,0,0,0,0,0,,,,50
8273188,0.5,0,0,0,0,0,0,0,0,0,8.52939224,8.0907135,0,0,0,0,0,0,0,0,0,,,,50
8274315,0.5,0,0,0,0,0,0,0,0,0,8.52939224,8.08860207,0,0,0,0,0,0,0,0,0,,,,50
8275442,0.5,0,0,0,0,0,0,0,0,0,8.52939224,8.08860207,0,0,0,0,0,0,0,0,0,,,,50
8276575,0.5,0,0,0,0,0,0,0,0,0,8.52939224,8.08860207,0,0,0,0,0,0,0,0,0,,,,50
8277702,0.5,0,0,0,0,0,0,0,0,0,8.52939224,8.08860207,0,0,0,0,0,0,0,0,0,,,,50
8278829,0.5,0,0,0,0,0,0,0,0,0,8.52939224,8.08860207,0,0,0,0,0,0,0,0,0,,,,50
8279957,0.5,0,0,0,0,0,0,0,0,0,8.52939224,8.08649063,0,0,0,0,0,0,0,0,0,,,,50
8281084,0.5,0,0,0,0,0,0,0,0,0,8.52939224,8.08860207,0,0,0,0,0,0,0,0,0,,,,50
8282415,0.5,0,0,0,0,0,0,0,0,0,8.52939224,8.08860207,0,0,0,0,0,0,0,0,0,,,,50
8283547,0.5,0,0,0,0,0,0,0,0,0,8.52939224,8.08860207,0,0,0,0,0,0,0,0,0,,,,50
8284675,0.5,0,0,0,0,0,0,0,0,0,8.53240585,8.08860207,0,0,0,0,0,0,0,0,0,,,,50
8285802,0.5,0,0,0,0,0,0,0,0,0,8.52939224,8.08860207,0,0,0,0,0,0,0,0,0,,,,50
8286929,0.5,0,0,0,0,0,0,0,0,0,8.52939224,8.08860207,0,0,0,0,0,0,0,0,0,,,,50
8288057,0.5,0,0,0,0,0,0,0,0,0,8.52939224,8.08649063,0,0,0,0,0,0,0,0,0,,,,50
8289188,0.5,0,0,0,0,0,0,0,0,0,8.52939224,8.08860207,0,0,0,0,0,0,0,0,0,,,,50
8290316,0.5,0,0,0,0,0,0,0,0,0,8.52939224,8.08860207,0,0,0,0,0,0,0,0,0,,,,50
8291443,0.5,0,0,0,0,0,0,0,0,0,8.52939224,8.08860207,0,0,0,0,0,0,0,0,0,,,,50
8292571,0.5,0,0,0,0,0,0,0,0,0,8.52637863,8.08649063,0,0,0,0,0,0,0,0,0,,,,50
8293698,0.5,0,0,0,0,0,0,0,0,0,8.52939224,8.08860207,0,0,0,0,0,0,0,0,0,,,,50
8294825,0.5,0,0,0,0,0,0,0,0,0,8.52939224,8.08860207,0,0,0,0,0,0,0,0,0,,,,50
8295957,0.5,0,0,0,0,0,0,0,0,0,8.52939224,8.08860207,0,0,0,0,0,0,0,0,0,,,,50
8297084,0.5,0,0,0,0,0,0,0,0,0,8.52939224,8.08860207,0,0,0,0,0,0,0,0,0,,,,50
8298211,0.5,0,0,0,0,0,0,0,0,0,8.52939224,8.08860207,0,0,0,0,0,0,0,0,0,,,,50
8299338,0.5,0,0,0,0,0,0,0,0,0,8.52939224,8.08860207,0,0,0,0,0,0,0,0,0,,,,50
8300466,0.5,0,0,0,0,0,0,0,0,0,8.52939224,8.08860207,0,0,0,0,0,0,0,0,0,,,,50
8301593,0.5,0,0,0,0,0,0,0,0,0,8.52939224,8.08860207,0,0,0,0,0,0,0,0,0,,,,50
8302929,0.5,0,0,0,0,0,0,0,0,0,8.52939224,8.08860207,0,0,0,0,0,0,0,0,0,,,,50
8304056,0.5,0,0,0,0,0,0,0,0,0,8.53240585,8.08860207,0,0,0,0,0,0,0,0,0,,,,50
8305184,0.5,0,0,0,0,0,0,0,0,0,8.52939224,8.08860207,0,0,0,0,0,0,0,0,0,,,,50
8306311,0.5,0,0,0,0,0,0,0,0,0,8.52939224,8.08860207,0,0,0,0,0,0,0,0,0,,,,50
8307438,0.5,0,0,0,0,0,0,0,0,0,8.52939224,8.08860207,0,0,0,0,0,0,0,0,0,,,,50
8308571,0.5,0,0,0,0,0,0,0,0,0,8.52939224,8.08860207,0,0,0,0,0,0,0,0,0,,,,50
8309698,0.5,0,0,0,0,0,0,0,0,0,8.52939224,8.08860207,0,0,0,0,0,0,0,0,0,,,,50
8310825,0.5,0,0,0,0,0,0,0,0,0,8.52939224,8.08649063,0,0,0,0,0,0,0,0,0,,,,50
8311953,0.5,0,0,0,0,0,0,0,0,0,8.52939224,8.08860207,0,0,0,0,0,0,0,0,0,,,,50
8313080,0.5,0,0,0,0,0,0,0,0,0,8.52939224,8.08860207,0,0,0,0,0,0,0,0,0,,,,50
8314207,0.5,0,0,0,0,0,0,0,0,0,8.52939224,8.08860207,0,0,0,0,0,0,0,0,0,,,,50
8315339,0.5,0,0,0,0,0,0,0,0,0,8.52637863,8.08649063,0,0,0,0,0,0,0,0,0,,,,50
8316467,0.5,0,0,0,0,0,0,0,0,0,8.53240585,8.08860207,0,0,0,0,0,0,0,0,0,,,,50
8317594,0.5,0,0,0,0,0,0,0,0,0,8.52939224,8.08860207,0,0,0,0,0,0,0,0,0,,,,50
8318721,0.5,0,0,0,0,0,0,0,0,0,8.52939224,8.08860207,0,0,0,0,0,0,0,0,0,,,,50
8319848,0.5,0,0,0,0,0,0,0,0,0,8.52939224,8.08860207,0,0,0,0,0,0,0,0,0,,,,50
8320980,0.5,0,0,0,0,0,0,0,0,0,8.52939224,8.08860207,0,0,0,0,0,0,0,0,0,,,,50
8322108,0.5,0,0,0,0,0,0,0,0,0,8.52939224,8.08860207,0,0,0,0,0,0,0,0,0,,,,50
8323235,0.5,0,0,0,0,0,0,0,0,0,8.52939224,8.08860207,0,0,0,0,0,0,0,0,0,,,,50
8324566,0.5,0,0,0,0,0,0,0,0,0,8.52939224,8.08649063,0,0,0,0,0,0,0,0,0,,,,50
8325694,0.5,0,0,0,0,0,0,0,0,0,8.52939224,8.08860207,0,0,0,0,0,0,0,0,0,,,,50
8326821,0.5,0,0,0,0,0,0,0,0,0,8.52939224,8.08649063,0,0,0,0,0,0,0,0,0,,,,50
8327953,0.5,0,0,0,0,0,0,0,0,0,8.52939224,8.08860207,0,0,0,0,0,0,0,0,0,,,,50
8329080,0.5,0,0,0,0,0,0,0,0,0,8.52637863,8.08860207,0,0,0,0,0,0,0,0,0,,,,50
8330208,0.5,0,0,0,0,0,0,0,0,0,8.52939224,8.08860207,0,0,0,0,0,0,0,0,0,,,,50
8331335,0.5,0,0,0,0,0,0,0,0,0,8.52939224,8.08860207,0,0,0,0,0,0,0,0,0,,,,50
8332462,0.5,0,0,0,0,0,0,0,0,0,8.52939224,8.08860207,0,0,0,0,0,0,0,0,0,,,,50
8333594,0.5,0,0,0,0,0,0,0,0,0,8.52939224,8.08860207,0,0,0,0,0,0,0,0,0,,,,50
8334721,0.5,0,0,0,0,0,0,0,0,0,8.52939224,8.08860207,0,0,0,0,0,0,0,0,0,,,,50
8335849,0.5,0,0,0,0,0,0,0,0,0,8.52939224,8.08860207,0,0,0,0,0,0,0,0,0,,,,50
8336976,0.5,0,0,0,0,0,0,0,0,0,8.52939224,8.08860207,0,0,0,0,0,0,0,0,0,,,,50
8338103,0.5,0,0,0,0,0,0,0,0,0,8.52939224,8.08860207,0,0,0,0,0,0,0,0,0,,,,50
8339231,0.5,0,0,0,0,0,0,0,0,0,8.52939224,8.08649063,0,0,0,0,0,0,0,0,0,,,,50
8340363,0.5,0,0,0,0,0,0,0,0,0,8.52637863,8.08860207,0,0,0,0,0,0,0,0,0,,,,50
8341490,0.5,0,0,0,0,0,0,0,0,0,8.53240585,8.08860207,0,0,0,0,0,0,0,0,0,,,,50
8342617,0.5,0,0,0,0,0,0,0,0,0,8.52637863,8.08860207,0,0,0,0,0,0,0,0,0,,,,50
8343745,0.5,0,0,0,0,0,0,0,0,0,8.53240585,8.08860207,0,0,0,0,0,0,0,0,0,,,,50
8345076,0.5,0,0,0,0,0,0,0,0,0,8.52939224,8.08860207,0,0,0,0,0,0,0,0,0,,,,50
8346204,0.5,0,0,0,0,0,0,0,0,0,8.53240585,8.08860207,0,0,0,0,0,0,0,0,0,,,,50
8347336,0.5,0,0,0,0,0,0,0,0,0,8.52939224,8.08860207,0,0,0,0,0,0,0,0,0,,,,50
8348463,0.5,0,0,0,0,0,0,0,0,0,8.52939224,8.08860207,0,0,0,0,0,0,0,0,0,,,,50
8349590,0.5,0,0,0,0,0,0,0,0,0,8.52939224,8.08860207,0,0,0,0,0,0,0,0,0,,,,50
8350718,0.5,0,0,0,0,0,0,0,0,0,8.52939224,8.08860207,0,0,0,0,0,0,0,0,0,,,,50
8351845,0.5,0,0,0,0,0,0,0,0,0,8.52939224,8.08649063,0,0,0,0,0,0,0,0,0,,,,50
8352977,0.5,0,0,0,0,0,0,0,0,0,8.52939224,8.08649063,0,0,0,0,0,0,0,0,0,,,,50
8354104,0.5,0,0,0,0,0,0,0,0,0,8.52939224,8.08649063,0,0,0,0,0,0,0,0,0,,,,50
8355232,0.5,0,0,0,0,0,0,0,0,0,8.52939224,8.08860207,0,0,0,0,0,0,0,0,0,,,,50
8356359,0.5,0,0,0,0,0,0,0,0,0,8.52939224,8.08860207,0,0,0,0,0,0,0,0,0,,,,50
8357486,0.5,0,0,0,0,0,0,0,0,0,8.52637863,8.08860207,0,0,0,0,0,0,0,0,0,,,,50
8358614,0.5,0,0,0,0,0,0,0,0,0,8.52939224,8.08649063,0,0,0,0,0,0,0,0,0,,,,50
8359746,0.5,0,0,0,0,0,0,0,0,0,8.52637863,8.08860207,0,0,0,0,0,0,0,0,0,,,,50
8360873,0.5,0,0,0,0,0,0,0,0,0,8.52939224,8.08649063,0,0,0,0,0,0,0,0,0,,,,50
8362000,0.5,0,0,0,0,0,0,0,0,0,8.52637863,8.08649063,0,0,0,0,0,0,0,0,0,,,,50
8363128,0.5,0,0,0,0,0,0,0,0,0,8.52939224,8.08860207,0,0,0,0,0,0,0,0,0,,,,50
8364255,0.5,0,0,0,0,0,0,0,0,0,8.53240585,8.08860207,0,0,0,0,0,0,0,0,0,,,,50
8365387,0.5,0,0,0,0,0,0,0,0,0,8.52939224,8.08649063,0,0,0,0,0,0,0,0,0,,,,50
8366719,0.5,0,0,0,0,0,0,0,0,0,8.52939224,8.08860207,0,0,0,0,0,0,0,0,0,,,,50
8367846,0.5,0,0,0,0,0,0,0,0,0,8.52939224,8.08649063,0,0,0,0,0,0,0,0,0,,,,50
8368973,0.5,0,0,0,0,0,0,0,0,0,8.52939224,8.08860207,0,0,0,0,0,0,0,0,0,,,,50
8370101,0.5,0,0,0,0,0,0,0,0,0,8.52939224,8.08860207,0,0,0,0,0,0,0,0,0,,,,50
8371228,0.5,0,0,0,0,0,0,0,0,0,8.52939224,8.08860207,0,0,0,0,0,0,0,0,0,,,,50
8372360,0.5,0,0,0,0,0,0,0,0,0,8.53240585,8.08860207,0,0,0,0,0,0,0,0,0,,,,50
8373487,0.5,0,0,0,0,0,0,0,0,0,8.52939224,8.08649063,0,0,0,0,0,0,0,0,0,,,,50
8374615,0.5,0,0,0,0,0,0,0,0,0,8.52939224,8.08860207,0,0,0,0,0,0,0,0,0,,,,50
8375742,0.5,0,0,0,0,0,0,0,0,0,8.52637863,8.08860207,0,0,0,0,0,0,0,0,0,,,,50
8376869,0.5,0,0,0,0,0,0,0,0,0,8.52939224,8.08860207,0,0,0,0,0,0,0,0,0,,,,50
8378001,0.5,0,0,0,0,0,0,0,0,0,8.52939224,8.08860207,0,0,0,0,0,0,0,0,0,,,,50
8379129,0.5,0,0,0,0,0,0,0,0,0,8.52939224,8.08860207,0,0,0,0,0,0,0,0,0,,,,50
8380256,0.5,0,0,0,0,0,0,0,0,0,8.52939224,8.08860207,0,0,0,0,0,0,0,0,0,,,,50
8381383,0.5,0,0,0,0,0,0,0,0,0,8.52939224,8.08860207,0,0,0,0,0,0,0,0,0,,,,50
8382511,0.5,0,0,0,0,0,0,0,0,0,8.52939224,8.08860207,0,0,0,0,0,0,0,0,0,,,,50
8383638,0.5,0,0,0,0,0,0,0,0,0,8.52939224,8.08860207,0,0,0,0,0,0,0,0,0,,,,50
8384770,0.5,0,0,0,0,0,0,0,0,0,8.52939224,8.08860207,0,0,0,0,0,0,0,0,0,,,,50
8385898,0.5,0,0,0,0,0,0,0,0,0,8.52939224,8.08860207,0,0,0,0,0,0,0,0,0,,,,50
8387229,0.5,0,0,0,0,0,0,0,0,0,8.52939224,8.08860207,0,0,0,0,0,0,0,0,0,,,,50
8388356,0.5,0,0,0,0,0,0,0,0,0,8.52939224,8.08860207,0,0,0,0,0,0,0,0,0,,,,50
8389484,0.5,0,0,0,0,0,0,0,0,0,8.52939224,8.08860207,0,0,0,0,0,0,0,0,0,,,,50
8390611,0.5,0,0,0,0,0,0,0,0,0,8.52637863,8.08860207,0,0,0,0,0,0,0,0,0,,,,50
8391743,0.5,0,0,0,0,0,0,0,0,0,8.52939224,8.08649063,0,0,0,0,0,0,0,0,0,,,,50
8392870,0.5,0,0,0,0,0,0,0,0,0,8.52939224,8.08860207,0,0,0,0,0,0,0,0,0,,,,50
8393998,0.5,0,0,0,0,0,0,0,0,0,8.52939224,8.08860207,0,0,0,0,0,0,0,0,0,,,,50
8395125,0.5,0,0,0,0,0,0,0,0,0,8.52939224,8.0907135,0,0,0,0,0,0,0,0,0,,,,50
8396252,0.5,0,0,0,0,0,0,0,0,0,8.52939224,8.08860207,0,0,0,0,0,0,0,0,0,,,,50
8397384,0.5,0,0,0,0,0,0,0,0,0,8.52939224,8.08860207,0,0,0,0,0,0,0,0,0,,,,50
8398512,0.5,0,0,0,0,0,0,0,0,0,8.52939224,8.08860207,0,0,0,0,0,0,0,0,0,,,,50
8399639,0.5,0,0,0,0,0,0,0,0,0,8.52939224,8.08860207,0,0,0,0,0,0,0,0,0,,,,50
8400766,0.5,0,0,0,0,0,0,0,0,0,8.52939224,8.08649063,0,0,0,0,0,0,0,0,0,,,,50
8401894,0.5,0,0,0,0,0,0,0,0,0,8.52939224,8.08860207,0,0,0,0,0,0,0,0,0,,,,50
8403021,0.5,0,0,0,0,0,0,0,0,0,8.52939224,8.08860207,0,0,0,0,0,0,0,0,0,,,,50
8404153,0.5,0,0,0,0,0,0,0,0,0,8.52939224,8.08860207,0,0,0,0,0,0,0,0,0,,,,50
8405281,0.5,0,0,0,0,0,0,0,0,0,8.53240585,8.08860207,0,0,0,0,0,0,0,0,0,,,,50
8406408,0.5,0,0,0,0,0,0,0,0,0,8.52939224,8.08649063,0,0,0,0,0,0,0,0,0,,,,50
8407535,0.5,0,0,0,0,0,0,0,0,0,8.52939224,8.08860207,0,0,0,0,0,0,0,0,0,,,,50
8408867,0.5,0,0,0,0,0,0,0,0,0,8.52939224,8.08860207,0,0,0,0,0,0,0,0,0,,,,50
8409999,0.5,0,0,0,0,0,0,0,0,0,8.53240585,8.08860207,0,0,0,0,0,0,0,0,0,,,,50
8411126,0.5,0,0,0,0,0,0,0,0,0,8.52939224,8.08649063,0,0,0,0,0,0,0,0,0,,,,50
8412253,0.5,0,0,0,0,0,0,0,0,0,8.52939224,8.08860207,0,0,0,0,0,0,0,0,0,,,,50
8413381,0.5,0,0,0,0,0,0,0,0,0,8.53240585,8.08860207,0.00714798551,0,0,0,0,0,0,0,0,,,,50
8414508,0.5,0,0,0,0,0,0,0,0,0,8.52939224,8.08860207,0,0,0,0,0,0,0,0,0,,,,50
8415635,0.5,0,0,0,0,0,0,0,0,0,8.52939224,8.08860207,0,0,0,0,0,0,0,0,0,,,,50
8416767,0.5,0,0,0,0,0,0,0,0,0,8.52939224,8.08860207,0,0,0,0,0,0,0,0,0,,,,50
8417895,0.5,0,0,0,0,0,0,0,0,0,8.52939224,8.08860207,0,0,0,0,0,0,0,0,0,,,,50
8419022,0.5,0,0,0,0,0,0,0,0,0,8.52939224,8.08860207,0,0,0,0,0,0,0,0,0,,,,50
8420150,0.5,0,0,0,0,0,0,0,0,0,8.52939224,8.08860207,0,0,0,0,0,0,0,0,0,,,,50
8421277,0.5,0,0,0,0,0,0,0,0,0,8.53240585,8.08649063,0,0,0,0,0,0,0,0,0,,,,50
8422409,0.5,0,0,0,0,0,0,0,0,0,8.52939224,8.08860207,0,0,0,0,0,0,0,0,0,,,,50
8423536,0.5,0,0,0,0,0,0,0,0,0,8.52939224,8.08649063,0,0,0,0,0,0,0,0,0,,,,50
8424664,0.5,0,0,0,0,0,0,0,0,0,8.52939224,8.08860207,0,0,0,0,0,0,0,0,0,,,,50
8425791,0.5,0,0,0,0,0,0,0,0,0,8.52939224,8.08649063,0,0,0,0,0,0,0,0,0,,,,50
8426918,0.5,0,0,0,0,0,0,0,0,0,8.52939224,8.08860207,0,0,0,0,0,0,0,0,0,,,,50
8428046,0.5,0,0,0,0,0,0,0,0,0,8.52939224,8.08649063,0,0,0,0,0,0,0,0,0,,,,50
8429382,0.5,0,0,0,0,0,0,0,0,0,8.52939224,8.08860207,0,0,0,0,0,0,0,0,0,,,,50
8430509,0.5,0,0,0,0,0,0,0,0,0,8.53240585,8.08860207,0,0,0,0,0,0,0,0,0,,,,50
8431636,0.5,0,0,0,0,0,0,0,0,0,8.52939224,8.08860207,0,0,0,0,0,0,0,0,0,,,,50
8432764,0.5,0,0,0,0,0,0,0,0,0,8.52637863,8.08860207,0,0,0,0,0,0,0,0,0,,,,50
8433891,0.5,0,0,0,0,0,0,0,0,0,8.52939224,8.08860207,0,0,0,0,0,0,0,0,0,,,,50
8435023,0.5,0,0,0,0,0,0,0,0,0,8.52939224,8.08860207,0,0,0,0,0,0,0,0,0,,,,50
8436150,0.5,0,0,0,0,0,0,0,0,0,8.52939224,8.08860207,0,0,0,0,0,0,0,0,0,,,,50
8437278,0.5,0,0,0,0,0,0,0,0,0,8.52939224,8.08860207,0,0,0,0,0,0,0,0,0,,,,50
8438405,0.5,0,0,0,0,0,0,0,0,0,8.52939224,8.08860207,0,0.00714798551,0,0,0,0,0,0,0,,,,50
8439532,0.5,0,0,0,0,0,0,0,0,0,8.52939224,8.08860207,0,0,0,0,0,0,0,0,0,,,,50
8440660,0.5,0,0,0,0,0,0,0,0,0,8.52939224,8.08860207,0,0,0,0,0,0,0,0,0,,,,50
8441792,0.5,0,0,0,0,0,0,0,0,0,8.52939224,8.08860207,0,0,0,0,0,0,0,0,0,,,,50
8442919,0.5,0,0,0,0,0,0,0,0,0,8.52939224,8.08860207,0,0,0,0,0,0,0,0,0,,,,50
8444046,0.5,0,0,0,0,0,0,0,0,0,8.53240585,8.08860207,0,0,0,0,0,0,0,0,0,,,,50
8445174,0.5,0,0,0,0,0,0,0,0,0,8.53240585,8.08860207,0,0,0,0,0,0,0,0,0,,,,50
8446301,0.5,0,0,0,0,0,0,0,0,0,8.52939224,8.08860207,0,0,0,0,0,0,0,0,0,,,,50
8447429,0.5,0,0,0,0,0,0,0,0,0,8.52939224,8.08860207,0,0,0,0,0,0,0,0,0,,,,50
8448561,0.5,0,0,0,0,0,0,0,0,0,8.52939224,8.08860207,0,0,0,0,0,0,0,0,0,,,,50
8449892,0.5,0,0,0,0,0,0,0,0,0,8.52939224,8.08649063,0,0,0,0,0,0,0,0,0,,,,50
8451019,0.5,0,0,0,0,0,0,0,0,0,8.52939224,8.08860207,0,0,0,0,0,0,0,0,0,,,,50
8452147,0.5,0,0,0,0,0,0,0,0,0,8.52939224,8.08860207,0,0,0,0,0,0,0,0,0,,,,50
8453274,0.5,0,0,0,0,0,0,0,0,0,8.52939224,8.08860207,0,0,0,0,0,0,0,0,0,,,,50
8454406,0.5,0,0,0,0,0,0,0,0,0,8.52939224,8.08860207,0,0,0,0,0,0,0,0,0,,,,50
8455533,0.5,0,0,0,0,0,0,0,0,0,8.52939224,8.08860207,0,0,0,0,0,0,0,0,0,,,,50
8456661,0.5,0,0,0,0,0,0,0,0,0,8.52939224,8.08649063,0,0,0,0,0,0,0,0,0,,,,50
8457788,0.5,0,0,0,0,0,0,0,0,0,8.52939224,8.08649063,0,0,0,0,0,0,0,0,0,,,,50
8458916,0.5,0,0,0,0,0,0,0,0,0,8.52939224,8.08649063,0,0,0,0,0,0,0,0,0,,,,50
8460043,0.5,0,0,0,0,0,0,0,0,0,8.52939224,8.08860207,0,0,0,0,0,0,0,0,0,,,,50
8461175,0.5,0,0,0,0,0,0,0,0,0,8.52939224,8.08860207,0,0,0,0,0,0,0,0,0,,,,50
8462302,0.5,0,0,0,0,0,0,0,0,0,8.52939224,8.08649063,0,0,0,0,0,0,0,0,0,,,,50
8463430,0.5,0,0,0,0,0,0,0,0,0,8.52939224,8.08860207,0,0,0,0,0,0,0,0,0,,,,50
8464557,0.5,0,0,0,0,0,0,0,0,0,8.52939224,8.08860207,0,0,0,0,0,0,0,0,0,,,,50
8465684,0.5,0,0,0,0,0,0,0,0,0,8.53240585,8.08649063,0,0,0,0,0,0,0,0,0,,,,50
8466816,0.5,0,0,0,0,0,0,0,0,0,8.52939224,8.08860207,0,0,0,0,0,0,0,0,0,,,,50
8467943,0.5,0,0,0,0,0,0,0,0,0,8.52939224,8.08860207,0,0,0,0,0,0,0,0,0,,,,50
8469071,0.5,0,0,0,0,0,0,0,0,0,8.52939224,8.08860207,0,0,0,0,0,0,0,0,0,,,,50
8470198,0.5,0,0,0,0,0,0,0,0,0,8.52939224,8.08860207,0,0,0,0,0,0,0,0,0,,,,50
8471529,0.5,0,0,0,0,0,0,0,0,0,8.52939224,8.08860207,0,0,0,0,0,0,0,0,0,,,,50
8472657,0.5,0,0,0,0,0,0,0,0,0,8.52939224,8.08860207,0,0,0,0,0,0,0,0,0,,,,50
8473789,0.5,0,0,0,0,0,0,0,0,0,8.52939224,8.08860207,0,0,0,0,0,0,0,0,0,,,,50
8474916,0.5,0,0,0,0,0,0,0,0,0,8.52939224,8.08860207,0,0,0,0,0,0,0,0,0,,,,50
8476044,0.5,0,0,0,0,0,0,0,0,0,8.52939224,8.08860207,0,0,0,0,0,0,0,0,0,,,,50
8477171,0.5,0,0,0,0,0,0,0,0,0,8.52939224,8.08860207,0,0,0,0,0,0,0,0,0,,,,50
8478298,0.5,0,0,0,0,0,0,0,0,0,8.52939224,8.08649063,0,0,0,0,0,0,0,0,0,,,,50
8479430,0.5,0,0,0,0,0,0,0,0,0,8.52939224,8.08649063,0,0,0,0,0,0,0,0,0,,,,50
8480558,0.5,0,0,0,0,0,0,0,0,0,8.52939224,8.0907135,0,0,0,0,0,0,0,0,0,,,,50
8481685,0.5,0,0,0,0,0,0,0,0,0,8.52939224,8.08860207,0,0,0,0,0,0,0,0,0,,,,50
8482812,0.5,0,0,0,0,0,0,0,0,0,8.52939224,8.08860207,0,0.00714798551,0,0,0,0,0,0,0,,,,50
8483940,0.5,0,0,0,0,0,0,0,0,0,8.52939224,8.08860207,0,0,0,0,0,0,0,0,0,,,,50
8485067,0.5,0,0,0,0,0,0,0,0,0,8.53240585,8.08860207,0,0,0,0,0,0,0,0,0,,,,50
8486199,0.5,0,0,0,0,0,0,0,0,0,8.52637863,8.08860207,0,0,0,0,0,0,0,0,0,,,,50
8487326,0.5,0,0,0,0,0,0,0,0,0,8.52939224,8.08860207,0,0,0,0,0,0,0,0,0,,,,50
8488454,0.5,0,0,0,0,0,0,0,0,0,8.52637863,8.08649063,0,0,0,0,1,0,0,0,0,,,,50
8489581,0.5,0,0,0,0,0,0,0,0,0,8.52939224,8.08860207,0,0,0,0,1,0,0,0,0,,,,50
8490708,0.5,0,0,0,0,0,0,0,0,0,8.52939224,8.08649063,0,0,0,0,1,0,0,0,0,,,,50
8492040,0.5,0,0,0,0,0,0,0,0,0,8.52939224,8.08860207,0,0,0,0,1,0,0,0,0,,,,50
8493172,0.5,0,0,0,0,0,0,0,0,0,8.52939224,8.08649063,0,0,0,0,1,0,0,0,0,,,,50
8494299,0.5,0,0,0,0,0,0,0,0,0,8.53240585,8.08860207,0,0,0,0,1,0,0,0,0,,,,50
8495427,0.5,0,0,0,0,0,0,0,0,0,8.52939224,8.08860207,0,0,0,0,1,0,0,0,0,,,,50
8496554,0.5,0,0,0,0,0,0,0,0,0,8.52939224,8.08860207,0,0,0,0,1,0,0,0,0,,,,50
8497681,0.5,0,0,0,0,0,0,0,0,0,8.52939224,8.08860207,0,0,0,0,1,0,0,0,0,,,,50
8498813,0.5,0,0,0,0,0,0,0,0,0,8.52939224,8.08860207,0,0,0,0,1,0,0,0,0,,,,50
8499941,0.5,0,0,0,0,0,0,0,0,0,8.52939224,8.08860207,0,0,0,0,1,0,0,0,0,,,,50
8501068,0.5,0,0,0,0,0,0,0,0,0,8.52939224,8.08860207,0,0,0,0,1,0,0,0,0,,,,50
8502195,0.5,0,0,0,0,0,0,0,0,0,8.52939224,8.08649063,0,0,0,0,1,0,0,0,0,,,,50
8503323,0.5,0,0,0,0,0,0,0,0,0,8.52939224,8.08860207,0,0,0,0,1,0,0,0,0,,,,50
8504450,0.5,0,0,0,0,0,0,0,0,0,8.52939224,8.08860207,0,0,0,0,1,0,0,0,0,,,,50
8505582,0.5,0,0,0,0,0,0,0,0,0,8.52939224,8.08860207,0,0,0,0,1,0,0,0,0,,,,50
8506709,0.5,0,0,0,0,0,0,0,0,0,8.52939224,8.08860207,0,0,0,0,1,0,0,0,0,,,,50
8507837,0.5,0,0,0,0,0,0,0,0,0,8.52939224,8.08860207,0,0.00714798551,0,0,1,0,0,0,0,,,,50
8508964,0.5,0,0,0,0,0,0,0,0,0,8.53240585,8.08860207,0,0,0,0,1,0,0,0,0,,,,50
8510091,0.5,0,0,0,0,0,0,0,0,0,8.52939224,8.08860207,0,0,0,0,1,0,0,0,0,,,,50
8511223,0.5,0,0,0,0,0,0,0,0,0,8.52939224,8.08860207,0,0,0,0,1,0,0,0,0,,,,50
8512351,0.5,0,0,0,0,0,0,0,0,0,8.52637863,8.08860207,0,0,0,0,1,0,0,0,0,,,,50
8513682,0.5,0,0,0,0,0,0,0,0,0,8.52939224,8.08860207,0,0,0,0,1,0,0,0,0,,,,50
8514809,0.5,0,0,0,0,0,0,0,0,0,8.52939224,8.08860207,0,0,0,0,1,0,0,0,0,,,,50
8515937,0.5,0,0,0,0,0,0,0,0,0,8.52939224,8.08860207,0,0,0,0,1,0,0,0,0,,,,50
8517064,0.5,0,0,0,0,0,0,0,0,0,8.53240585,8.08860207,0,0,0,0,1,0,0,0,0,,,,50
8518196,0.5,0,0,0,0,0,0,0,0,0,8.52939224,8.08649063,0,0,0,0,1,0,0,0,0,,,,50
8519323,0.5,0,0,0,0,0,0,0,0,0,8.52939224,8.08860207,0,0,0,0,1,0,0,0,0,,,,50
8520451,0.5,0,0,0,0,0,0,0,0,0,8.52939224,8.08649063,0,0,0,0,1,0,0,0,0,,,,50
8521578,0.5,0,0,0,0,0,0,0,0,0,8.52939224,8.08860207,0,0,0,0,1,0,0,0,0,,,,50
8522705,0.5,0,0,0,0,0,0,0,0,0,8.52939224,8.08860207,0,0,0,0,1,0,0,0,0,,,,50
8523837,0.5,0,0,0,0,0,0,0,0,0,8.52939224,8.08860207,0,0,0,0,1,0,0,0,0,,,,50
8524964,0.5,0,0,0,0,0,0,0,0,0,8.52939224,8.08860207,0,0,0,0,1,0,0,0,0,,,,50
8526092,0.5,0,0,0,0,0,0,0,0,0,8.52939224,8.08860207,0,0,0,0,1,0,0,0,0,,,,50
8527219,0.5,0,0,0,0,0,0,0,0,0,8.52939224,8.08860207,0,0,0,0,1,0,0,0,0,,,,50
8528346,0.5,0,0,0,0,0,0,0,0,0,8.52939224,8.08649063,0,0,0,0,1,0,0,0,0,,,,50
8529474,0.5,0,0,0,0,0,0,0,0,0,8.52939224,8.08860207,0,0,0,0,1,0,0,0,0,,,,50
8530606,0.5,0,0,0,0,0,0,0,0,0,8.52939224,8.08860207,0,0,0,0,1,0,0,0,0,,,,50
8531733,0.5,0,0,0,0,0,0,0,0,0,8.52939224,8.08860207,0,0,0,0,1,0,0,0,0,,,,50
8532860,0.5,0,0,0,0,0,0,0,0,0,8.52939224,8.08860207,0,0,0,0,1,0,0,0,0,,,,50
8534192,0.5,0,0,0,0,0,0,0,0,0,8.52939224,8.08860207,0,0,0,0,1,0,0,0,0,,,,50
8535319,0.5,0,0,0,0,0,0,0,0,0,8.53240585,8.08860207,0,0,0,0,1,0,0,0,0,,,,50
8536447,0.5,0,0,0,0,0,0,0,0,0,8.52939224,8.0907135,0,0,0,0,1,0,0,0,0,,,,50
8537579,0.5,0,0,0,0,0,0,0,0,0,8.52939224,8.08860207,0,0,0,0,1,0,0,0,0,,,,50
8538706,0.5,0,0,0,0,0,0,0,0,0,8.52939224,8.08860207,0,0,0,0,1,0,0,0,0,,,,50
8539833,0.5,0,0,0,0,0,0,0,0,0,8.53240585,8.08860207,0,0,0,0,1,0,0,0,0,,,,50
8540961,0.5,0,0,0,0,0,0,0,0,0,8.53240585,8.08860207,0,0,0,0,1,0,0,0,0,,,,50
8542088,0.5,0,0,0,0,0,0,0,0,0,8.52939224,8.08649063,0,0,0,0,1,0,0,0,0,,,,50
8543220,0.5,0,0,0,0,0,0,0,0,0,8.53240585,8.08860207,0,0,0,0,1,0,0,0,0,,,,50
8544347,0.5,0,0,0,0,0,0,0,0,0,8.52939224,8.08860207,0,0,0,0,1,0,0,0,0,,,,50
8545475,0.5,0,0,0,0,0,0,0,0,0,8.52939224,8.08860207,0,0,0,0,1,0,0,0,0,,,,50
8546602,0.5,0,0,0,0,0,0,0,0,0,8.52939224,8.08860207,0,0,0,0,1,0,0,0,0,,,,50
8547729,0.5,0,0,0,0,0,0,0,0,0,8.53240585,8.08860207,0,0,0,0,1,0,0,0,0,,,,50
8548857,0.5,0,0,0,0,0,0,0,0,0,8.52939224,8.08860207,0,0,0,0,1,0,0,0,0,,,,50
8549989,0.5,0,0,0,0,0,0,0,0,0,8.52939224,8.08860207,0,0,0,0,1,0,0,0,0,,,,50
8551116,0.5,0,0,0,0,0,0,0,0,0,8.52939224,8.08860207,0,0,0,0,1,0,0,0,0,,,,50
8552243,0.5,0,0,0,0,0,0,0,0,0,8.52939224,8.08860207,0,0,0,0,1,0,0,0,0,,,,50
8553371,0.5,0,0,0,0,0,0,0,0,0,8.52939224,8.08860207,0,0,0,0,1,0,0,0,0,,,,50
8554498,0.5,0,0,0,0,0,0,0,0,0,8.52939224,8.08649063,0,0,0,0,1,0,0,0,0,,,,50
8555834,0.5,0,0,0,0,0,0,0,0,0,8.52939224,8.08860207,0,0,0,0,1,0,0,0,0,,,,50
8556962,0.5,0,0,0,0,0,0,0,0,0,8.52939224,8.08860207,0,0,0,0,1,0,0,0,0,,,,50
8558089,0.5,0,0,0,0,0,0,0,0,0,8.52939224,8.08649063,0,0,0,0,1,0,0,0,0,,,,50
8559216,0.5,0,0,0,0,0,0,0,0,0,8.52939224,8.08860207,0,0,0,0,1,0,0,0,0,,,,50
8560344,0.5,0,0,0,0,0,0,0,0,0,8.52939224,8.08649063,0,0,0,0,1,0,0,0,0,,,,50
8561471,0.5,0,0,0,0,0,0,0,0,0,8.52939224,8.08860207,0,0,0,0,1,0,0,0,0,,,,50
8562603,0.5,0,0,0,0,0,0,0,0,0,8.52939224,8.08649063,0,0,0,0,1,0,0,0,0,,,,50
8563730,0.5,0,0,0,0,0,0,0,0,0,8.52939224,8.09282494,0,0,0,0,1,0,0,0,0,,,,50
8564857,0.5,0,0,0,0,0.00805860758,0,0,0,0,8.52939224,8.08860207,0,0,0,0,1,0,0,0,0,,,,50
8565985,0.5,0,0,0,0,0,0,0,0,0,8.52637863,8.08860207,0,0,0,0,1,0,0,0,0,,,,50
8567112,0.5,0,0,0,0,0,0,0,0,0,8.52637863,8.08860207,0,0,0,0,1,0,0,0,0,,,,50
8568244,0.5,0,0,0,0,0,0,0,0,0,8.52939224,8.08649063,0,0,0,0,1,0,0,0,0,,,,50
8569371,0.5,0,0,0,0,0,0,0,0,0,8.52939224,8.08649063,0,0,0,0,1,0,0,0,0,,,,50
8570498,0.5,0,0,0,0,0,0,0,0,0,8.52939224,8.08860207,0,0,0,0,1,0,0,0,0,,,,50
8571626,0.5,0,0,0,0,0,0,0,0,0,8.52939224,8.08860207,0,0,0,0,1,0,0,0,0,,,,50
8572753,0.5,0,0,0,0,0,0,0,0,0,8.52939224,8.08860207,0,0,0,0,1,0,0,0,0,,,,50
8573881,0.5,0,0,0,0,0,0,0,0,0,8.52939224,8.08649063,0,0,0,0,1,0,0,0,0,,,,50
8575012,0.5,0,0,0,0,0,0,0,0,0,8.52939224,8.0907135,0,0,0,0,1,0,0,0,0,,,,50
8576344,0.5,0,0,0,0,0,0,0,0,0,8.52939224,8.08860207,0,0,0,0,1,0,0,0,0,,,,50
8577471,0.5,0,0,0,0,0,0,0,0,0,8.52939224,8.08860207,0,0,0,0,1,0,0,0,0,,,,50
8578598,0.5,0,0,0,0,0,0,0,0,0,8.52939224,8.08860207,0,0,0,0,1,0,0,0,0,,,,50
8579726,0.5,0,0,0,0,0,0,0,0,0,8.52939224,8.08649063,0,0,0,0,1,0,0,0,0,,,,50
8580858,0.5,0,0,0,0,0,0,0,0,0,8.52939224,8.08860207,0,0,0,0,1,0,0,0,0,,,,50
8581985,0.5,0,0,0,0,0,0,0,0,0,8.52939224,8.08860207,0,0,0,0,1,0,0,0,0,,,,50
8583112,0.5,0,0,0,0,0,0,0,0,0,8.52939224,8.08860207,0,0,0,0,1,0,0,0,0,,,,50
8584240,0.5,0,0,0,0,0,0,0,0,0,8.52939224,8.08860207,0,0,0,0,1,0,0,0,0,,,,50
8585367,0.5,0,0,0,0,0,0,0,0,0,8.52939224,8.08649063,0,0,0,0,1,0,0,0,0,,,,50
8586494,0.5,0,0,0,0,0,0,0,0,0,8.52939224,8.08860207,0,0,0,0,1,0,0,0,0,,,,50
8587626,0.5,0,0,0,0,0,0,0,0,0,8.52939224,8.08649063,0,0,0,0,1,0,0,0,0,,,,50
8588754,0.5,0,0,0,0,0,0,0,0,0,8.52939224,8.08860207,0,0,0,0,1,0,0,0,0,,,,50
8589881,0.5,0,0,0,0,0,0,0,0,0,8.52637863,8.08860207,0,0,0,0,1,0,0,0,0,,,,50
8591008,0.5,0,0,0,0,0,0,0,0,0,8.52939224,8.08649063,0,0,0,0,1,0,0,0,0,,,,50
8592136,0.5,0,0,0,0,0,0,0,0,0,8.52939224,8.08860207,0,0,0,0,1,0,0,0,0,,,,50
8593263,0.5,0,0,0,0,0,0,0,0,0,8.52939224,8.0907135,0,0,0,0,1,0,0,0,0,,,,50
8594395,0.5,0,0,0,0,0,0,0,0,0,8.52939224,8.08860207,0,0,0,0,1,0,0,0,0,,,,50
8595522,0.5,0,0,0,0,0,0,0,0,0,8.53240585,8.08860207,0,0,0,0,1,0,0,0,0,,,,50
8596854,0.5,0,0,0,0,0,0,0,0,0,8.53240585,8.08860207,0,0,0,0,1,0,0,0,0,,,,50
8597981,0.5,0,0,0,0,0,0,0,0,0,8.52939224,8.08860207,0,0,0,0,1,0,0,0,0,,,,50
8599108,0.5,0,0,0,0,0,0,0,0,0,8.52939224,8.08860207,0,0,0,0,1,0,0,0,0,,,,50
8600240,0.5,0,0,0,0,0,0,0,0,0,8.52939224,8.08860207,0,0,0,0,1,0,0,0,0,,,,50
8601368,0.5,0,0,0,0,0,0,0,0.00454505486,0,8.52939224,8.08860207,0,0,0,0,1,0,0,0,0,,,,50
8602495,0.5,0,0,0,0,0,0,0,0,0,8.52939224,8.08860207,0,0,0,0,1,0,0,0,0,,,,50
8603622,0.5,0,0,0,0,0,0,0,0,0,8.52939224,8.08860207,0,0,0,0,1,0,0,0,0,,,,50
8604750,0.5,0,0,0,0,0,0,0,0.00454505486,0,8.52939224,8.08860207,0,0,0,0,1,0,0,0,0,,,,50
8605877,0.5,0,0,0,0,0,0,0,0,0,8.52939224,8.08860207,0,0,0,0,1,0,0,0,0,,,,50
8607009,0.5,0,0,0,0,0,0,0,0,0,8.52939224,8.08860207,0,0,0,0,1,0,0,0,0,,,,50
8608137,0.5,0,0,0,0,0,0,0,0,0,8.52939224,8.08860207,0,0,0,0,2,0,0,0,0,,,,50
8609264,0.5,0,0,0,0,0,0,0,0,0,8.53240585,8.08860207,0,0.00714798551,0,0,2,0,0,0,0,,,,50
8610392,0.5,0,0,0,0,0,0,0,0,0,8.52939224,8.08860207,0,0,0,0,2,0,0,0,0,,,,50
8611519,0.5,0,0,0,0,0,0,0,0,0,8.52939224,8.08860207,0,0,0,0,2,0,0,0,0,,,,50
8612651,0.5,0,0,0,0,0,0,0,0,0,8.52939224,8.08860207,0,0,0,0,2,0,0,0,0,,,,50
8613779,0.5,0,0,0,0,0,0,0,0,0,8.52939224,8.08860207,0,0,0,0,2,0,0,0,0,,,,50
8614906,0.5,0,0,0,0,0,0,0,0,0,8.52939224,8.08860207,0,0,0,0,2,0,0,0,0,,,,50
8616034,0.5,0,0,0,0,0,0,0,0,0,8.52939224,8.08860207,0,0,0,0,2,0,0,0,0,,,,50
8617161,0.5,0,0,0,0,0,0,0,0,0,8.52939224,8.08649063,0,0,0,0,2,0,0,0,0,,,,50
8618492,0.5,0,0,0,0,0,0,0,0,0,8.52939224,8.08860207,0,0,0,0,2,0,0,0,0,,,,50
8619625,0.5,0,0,0,0,0,0,0,0,0,8.52939224,8.08860207,0,0.00714798551,0,0,2,0,0,0,0,,,,50
8620752,0.5,0,0,0,0,0,0,0,0,0,8.52637863,8.08860207,0,0,0,0,2,0,0,0,0,,,,50
8621880,0.5,0,0,0,0,0,0,0,0,0,8.52939224,8.08860207,0,0,0,0,2,0,0,0,0,,,,50
8623007,0.5,0,0,0,0,0,0,0,0,0,8.52939224,8.08860207,0,0,0,0,2,0,0,0,0,,,,50
8624134,0.5,0,0,0,0,0,0,0,0,0,8.53240585,8.08649063,0,0,0,0,2,0,0,0,0,,,,50
8625267,0.5,0,0,0,0,0,0,0,0,0,8.52939224,8.08860207,0,0,0,0,2,0,0,0,0,,,,50
8626394,0.5,0,0,0,0,0,0,0,0,0,8.52939224,8.0907135,0,0,0,0,2,0,0,0,0,,,,50
8627522,0.5,0,0,0,0,0,0,0,0,0,8.52939224,8.08860207,0,0,0,0,2,0,0,0,0,,,,50
8628649,0.5,0,0,0,0,0,0,0,0,0,8.53240585,8.08860207,0,0,0,0,2,0,0,0,0,,,,50
8629776,0.5,0,0,0,0,0,0,0,0,0,8.52939224,8.08860207,0,0,0,0,2,0,0,0,0,,,,50
8630904,0.5,0,0,0,0,0,0,0,0,0,8.52939224,8.08860207,0,0,0,0,2,0,0,0,0,,,,50
8632036,0.5,0,0,0,0,0,0,0,0,0,8.52939224,8.08860207,0,0,0,0,2,0,0,0,0,,,,50
8633163,0.5,0,0,0,0,0,0,0,0,0,8.52939224,8.0907135,0,0,0,0,2,0,0,0,0,,,,50
8634291,0.5,0,0,0,0,0,0,0,0,0,8.52939224,8.08649063,0,0,0,0,2,0,0,0,0,,,,50
8635418,0.5,0,0,0,0,0,0,0,0,0,8.52939224,8.08860207,0,0,0,0,2,0,0,0,0,,,,50
8636546,0.5,0,0,0,0,0,0,0,0,0,8.52939224,8.08860207,0,0,0,0,2,0,0,0,0,,,,50
8637673,0.5,0,0,0,0,0,0,0,0,0,8.53240585,8.08860207,0,0,0,0,2,0,0,0,0,,,,50
8639010,0.5,0,0,0,0,0,0,0,0,0,8.52939224,8.08860207,0,0,0,0,2,0,0,0,0,,,,50
8640137,0.5,0,0,0,0,0,0,0,0,0,8.52637863,8.08649063,0,0,0,0,2,0,0,0,0,,,,50
8641264,0.5,0,0,0,0,0,0,0,0,0,8.53240585,8.08860207,0,0,0,0,2,0,0,0,0,,,,50
8642392,0.5,0,0,0,0,0,0,0,0,0,8.52939224,8.08860207,0,0,0,0,2,0,0,0,0,,,,50
8643519,0.5,0,0,0,0,0,0,0,0,0,8.52637863,8.08860207,0,0,0,0,2,0,0,0,0,,,,50
8644652,0.5,0,0,0,0,0,0,0,0,0,8.52939224,8.08860207,0,0,0,0,2,0,0,0,0,,,,50
8645779,0.5,0,0,0,0,0,0,0,0,0,8.52939224,8.08649063,0,0,0,0,2,0,0,0,0,,,,50
8646906,0.5,0,0,0,0,0,0,0,0,0,8.52939224,8.08860207,0,0,0,0,2,0,0,0,0,,,,50
8648034,0.5,0,0,0,0,0,0,0,0,0,8.52939224,8.08860207,0,0,0,0,2,0,0,0,0,,,,50
8649161,0.5,0,0,0,0,0,0,0,0,0,8.53240585,8.08649063,0,0,0,0,2,0,0,0,0,,,,50
8650289,0.5,0,0,0,0,0,0,0,0,0,8.52939224,8.08860207,0,0,0,0,2,0,0,0,0,,,,50
8651421,0.5,0,0,0,0,0,0,0,0,0,8.53240585,8.08860207,0,0,0,0,2,0,0,0,0,,,,50
8652548,0.5,0,0,0,0,0,0,0,0,0,8.52939224,8.08860207,0,0,0,0,2,0,0,0,0,,,,50
8653676,0.5,0,0,0,0,0,0,0,0,0,8.53240585,8.08860207,0,0,0,0,2,0,0,0,0,,,,50
8654803,0.5,0,0,0,0,0,0,0,0,0,8.52939224,8.08860207,0,0.00714798551,0,0,2,0,0,0,0,,,,50
8655931,0.5,0,0,0,0,0,0,0,0,0,8.53240585,8.08860207,0,0,0,0,2,0,0,0,0,,,,50
8657063,0.5,0,0,0,0,0,0,0,0,0,8.52939224,8.08860207,0,0,0,0,2,0,0,0,0,,,,50
8658190,0.5,0,0,0,0,0,0,0,0,0,8.53240585,8.08860207,0,0,0,0,2,0,0,0,0,,,,50
8659318,0.5,0,0,0,0,0,0,0,0,0,8.52939224,8.08860207,0,0,0,0,2,0,0,0,0,,,,50
8660649,0.5,0,0,0,0,0,0,0,0,0,8.52939224,8.08860207,0,0,0,0,2,0,0,0,0,,,,50
8661777,0.5,0,0,0,0,0,0,0,0,0,8.52939224,8.08860207,0,0,0,0,2,0,0,0,0,,,,50
8662904,0.5,0,0,0,0,0,0,0,0,0,8.52939224,8.08860207,0,0,0,0,2,0,0,0,0,,,,50
8664036,0.5,0,0,0,0,0,0,0,0,0,8.52939224,8.08860207,0,0,0,0,2,0,0,0,0,,,,50
8665163,0.5,0,0,0,0,0,0,0,0,0,8.52939224,8.08860207,0,0,0,0,2,0,0,0,0,,,,50
8666291,0.5,0,0,0,0,0,0,0,0,0,8.52939224,8.08860207,0,0,0,0,2,0,0,0,0,,,,50
8667418,0.5,0,0,0,0,0,0,0,0,0,8.52939224,8.08860207,0,0,0,0,2,0,0,0,0,,,,50
8668546,0.5,0,0,0,0,0,0,0,0,0,8.52939224,8.08860207,0,0,0,0,2,0,0,0,0,,,,50
8669678,0.5,0,0,0,0,0,0,0,0,0,8.52939224,8.08860207,0,0,0,0,2,0,0,0,0,,,,50
8670805,0.5,0,0,0,0,0,0,0,0,0,8.52939224,8.08860207,0,0,0,0,2,0,0,0,0,,,,50
8671933,0.5,0,0,0,0,0,0,0,0,0,8.52939224,8.08649063,0,0,0,0,2,0,0,0,0,,,,50
8673060,0.5,0,0,0,0,0,0,0,0,0,8.52939224,8.08860207,0,0,0,0,2,0,0,0,0,,,,50
8674188,0.5,0,0,0,0,0,0,0,0,0,8.52939224,8.08860207,0,0,0,0,2,0,0,0,0,,,,50
8675315,0.5,0,0,0,0,0,0,0,0,0,8.52939224,8.08860207,0,0,0,0,2,0,0,0,0,,,,50
8676447,0.5,0,0,0,0,0,0,0,0,0,8.53240585,8.08860207,0,0,0,0,2,0,0,0,0,,,,50
8677575,0.5,0,0,0,0,0,0,0,0,0,8.52939224,8.08860207,0,0,0,0,2,0,0,0,0,,,,50
8678702,0.5,0,0,0,0,0,0,0,0,0,8.52939224,8.08860207,0,0,0,0,2,0,0,0,0,,,,50
8679830,0.5,0,0,0,0,0,0,0,0,0,8.52939224,8.08860207,0,0,0,0,3,0,0,0,0,,,,50
8681161,0.5,0,0,0,0,0,0,0,0,0,8.52939224,8.08860207,0,0,0,0,3,0,0,0,0,,,,50
8682289,0.5,0,0,0,0,0,0,0,0,0,8.52939224,8.08860207,0,0,0,0,3,0,0,0,0,,,,50
8683421,0.5,0,0,0,0,0,0,0,0,0,8.52939224,8.08860207,0,0,0,0,3,0,0,0,0,,,,50
8684548,0.5,0,0,0,0,0,0,0,0,0,8.52939224,8.08860207,0,0,0,0,3,0,0,0,0,,,,50
8685676,0.5,0,0,0,0,0,0,0,0,0,8.52939224,8.08860207,0,0,0,0,3,0,0,0,0,,,,50
8686803,0.5,0,0,0,0,0,0,0,0,0,8.53240585,8.08860207,0,0,0,0,3,0,0,0,0,,,,50
8687930,0.5,0,0,0,0,0,0,0,0,0,8.52939224,8.08860207,0,0,0,0,3,0,0,0,0,,,,50
8689063,0.5,0,0,0,0,0,0,0,0,0,8.52939224,8.08860207,0,0,0,0,3,0,0,0,0,,,,50
8690190,0.5,0,0,0,0,0,0,0,0,0,8.52939224,8.08860207,0,0,0,0,3,0,0,0,0,,,,50
8691317,0.5,0,0,0,0,0,0,0,0,0,8.52939224,8.08649063,0,0,0,0,3,0,0,0,0,,,,50
8692445,0.5,0,0,0,0,0,0,0,0,0,8.52939224,8.08860207,0,0,0,0,3,0,0,0,0,,,,50
8693572,0.5,0,0,0,0,0,0,0,0,0,8.52939224,8.08649063,0,0,0,0,3,0,0,0,0,,,,50
8694700,0.5,0,0,0,0,0,0,0,0,0,8.52939224,8.08860207,0,0,0,0,3,0,0,0,0,,,,50
8695832,0.5,0,0,0,0,0,0,0,0,0,8.53240585,8.08649063,0,0,0,0,3,0,0,0,0,,,,50
8696959,0.5,0,0,0,0,0,0,0,0,0,8.52939224,8.08860207,0,0,0,0,3,0,0,0,0,,,,50
8698087,0.5,0,0,0,0,0,0,0,0,0,8.52939224,8.08860207,0,0,0,0,3,0,0,0,0,,,,50
8699214,0.5,0,0,0,0,0,0,0,0,0,8.52939224,8.08860207,0,0,0,0,3,0,0,0,0,,,,50
8700342,0.5,0,0,0,0,0,0,0,0,0,8.52939224,8.08860207,0,0,0,0,3,0,0,0,0,,,,50
8701474,0.5,0,0,0,0,0,0,0,0,0,8.52939224,8.08860207,0,0,0,0,3,0,0,0,0,,,,50
8702806,0.5,0,0,0,0,0,0,0,0,0,8.52939224,8.08860207,0,0,0,0,3,0,0,0,0,,,,50
8703933,0.5,0,0,0,0,0,0,0,0,0,8.52939224,8.08649063,0,0,0,0,3,0,0,0,0,,,,50
8705060,0.5,0,0,0,0,0,0,0,0,0,8.52939224,8.08860207,0,0,0,0,3,0,0,0,0,,,,50
8706188,0.5,0,0,0,0,0,0,0,0,0,8.52939224,8.08649063,0,0,0,0,3,0,0,0,0,,,,50
8707315,0.5,0,0,0,0,0,0,0,0,0,8.53240585,8.08860207,0,0,0,0,3,0,0,0,0,,,,50
8708447,0.5,0,0,0,0,0,0,0,0,0,8.52939224,8.08860207,0,0,0,0,3,0,0,0,0,,,,50
8709574,0.5,0,0,0,0,0,0,0,0,0,8.52939224,8.08649063,0,0,0,0,3,0,0,0,0,,,,50
8710702,0.5,0,0,0,0,0,0,0,0,0,8.52939224,8.0907135,0,0,0,0,3,0,0,0,0,,,,50
8711829,0.5,0,0,0,0,0,0,0,0,0,8.52939224,8.08860207,0,0,0,0,3,0,0,0,0,,,,50
8712956,0.5,0,0,0,0,0,0,0,0,0,8.52939224,8.08649063,0,0,0,0,3,0,0,0,0,,,,50
8714088,0.5,0,0,0,0,0,0,0,0,0,8.52939224,8.08860207,0,0,0,0,3,0,0,0,0,,,,50
8715216,0.5,0,0,0,0,0,0,0,0,0,8.52939224,8.08860207,0,0,0,0,3,0,0,0,0,,,,50
8716343,0.5,0,0,0,0,0,0,0,0,0,8.52939224,8.08860207,0,0,0,0,3,0,0,0,0,,,,50
8717470,0.5,0,0,0,0,0,0,0,0,0,8.52939224,8.08860207,0,0,0,0,3,0,0,0,0,,,,50
8718598,0.5,0,0,0,0,0,0,0,0,0,8.52939224,8.08860207,0,0,0,0,3,0,0,0,0,,,,50
8719725,0.5,0,0,0,0,0,0,0,0,0,8.52939224,8.08860207,0,0,0,0,3,0,0,0,0,,,,50
8720857,0.5,0,0,0,0,0,0,0,0,0,8.52939224,8.08649063,0,0,0,0,3,0,0,0,0,,,,50
8721985,0.5,0,0,0,0,0,0,0,0,0,8.52939224,8.08860207,0,0,0,0,3,0,0,0,0,,,,50
8723316,0.5,0,0,0,0,0,0,0,0,0,8.52939224,8.08649063,0,0,0,0,3,0,0,0,0,,,,50
8724443,0.5,0,0,0,0,0,0,0,0,0,8.52939224,8.0907135,0,0,0,0,3,0,0,0,0,,,,50
8725571,0.5,0,0,0,0,0,0,0,0,0,8.52637863,8.08860207,0,0,0,0,3,0,0,0,0,,,,50
8726703,0.5,0,0,0,0,0,0,0,0,0,8.52939224,8.08649063,0,0,0,0,3,0,0,0,0,,,,50
8727830,0.5,0,0,0,0,0,0,0,0,0,8.52939224,8.08649063,0,0,0,0,4,0,0,0,0,,,,50
8728958,0.5,0,0,0,0,0,0,0,0,0,8.52939224,8.08860207,0,0,0,0,4,0,0,0,0,,,,50
8730085,0.5,0,0,0,0,0,0,0,0,0,8.52939224,8.08649063,0,0,0,0,4,0,0,0,0,,,,50
8731213,0.5,0,0,0,0,0,0,0,0,0,8.52939224,8.08860207,0,0,0,0,4,0,0,0,0,,,,50
8732340,0.5,0,0,0,0,0,0,0,0,0,8.52939224,8.08860207,0,0,0,0,4,0,0,0,0,,,,50
8733472,0.5,0,0,0,0,0,0,0,0,0,8.52939224,8.08649063,0,0,0,0,4,0,0,0,0,,,,50
8734600,0.5,0,0,0,0,0,0,0,0,0,8.52939224,8.08860207,0,0,0,0,4,0,0,0,0,,,,50
8735727,0.5,0,0,0,0,0,0,0,0,0,8.52939224,8.08860207,0,0,0,0,4,0,0,0,0,,,,50
8736855,0.5,0,0,0,0,0,0,0,0,0,8.52637863,8.08860207,0,0,0,0,4,0,0,0,0,,,,50
8737982,0.5,0,0,0,0,0,0,0,0,0,8.52939224,8.08860207,0,0,0,0,4,0,0,0,0,,,,50
8739109,0.5,0,0,0,0,0,0,0,0,0,8.52939224,8.08860207,0,0,0,0,4,0,0,0,0,,,,50
8740242,0.5,0,0,0,0,0,0,0,0,0,8.53240585,8.08860207,0,0,0,0,4,0,0,0,0,,,,50
8741369,0.5,0,0,0,0,0,0,0,0,0,8.52939224,8.0907135,0,0,0,0,4,0,0,0,0,,,,50
8742496,0.5,0,0,0,0,0,0,0,0,0,8.52939224,8.08649063,0,0,0,0,4,0,0,0,0,,,,50
8743828,0.5,0,0,0,0,0,0,0,0,0,8.52939224,8.08649063,0,0,0,0,4,0,0,0,0,,,,50
8744955,0.5,0,0,0,0,0,0,0,0,0,8.52939224,8.08649063,0,0,0,0,4,0,0,0,0,,,,50
8746088,0.5,0,0,0,0,0,0,0,0,0,8.52939224,8.08860207,0,0,0,0,4,0,0,0,0,,,,50
8747215,0.5,0,0,0,0,0,0,0,0,0,8.52939224,8.08649063,0,0,0,0,4,0,0,0,0,,,,50
8748343,0.5,0,0,0,0,0,0,0,0,0,8.52939224,8.08860207,0,0,0,0,4,0,0,0,0,,,,50
8749470,0.5,0,0,0,0,0,0,0,0,0,8.52637863,8.08649063,0,0,0,0,4,0,0,0,0,,,,50
8750597,0.5,0,0,0,0,0,0,0,0,0,8.52637863,8.08649063,0,0.00714798551,0,0,4,0,0,0,0,,,,50
8751725,0.5,0,0,0,0,0,0,0,0,0,8.52939224,8.08860207,0,0,0,0,4,0,0,0,0,,,,50
8752857,0.5,0,0,0,0,0,0,0,0,0,8.52939224,8.08860207,0,0,0,0,4,0,0,0,0,,,,50
8753985,0.5,0,0,0,0,0,0,0,0,0,8.52939224,8.08649063,0,0,0,0,4,0,0,0,0,,,,50
8755112,0.5,0,0,0,0,0,0,0,0,0,8.52939224,8.08860207,0,0,0,0,4,0,0,0,0,,,,50
8756239,0.5,0,0,0,0,0,0,0,0,0,8.52637863,8.08649063,0,0,0,0,4,0,0,0,0,,,,50
8757367,0.5,0,0,0,0,0,0,0,0,0,8.52939224,8.0907135,0,0,0,0,4,0,0,0,0,,,,50
8758499,0.5,0,0,0,0,0,0,0,0,0,8.52939224,8.08860207,0,0,0,0,4,0,0,0,0,,,,50
8759627,0.5,0,0,0,0,0,0,0,0,0,8.52939224,8.08860207,0,0,0,0,4,0,0,0,0,,,,50
8760754,0.5,0,0,0,0,0,0,0,0,0,8.52939224,8.08649063,0,0,0,0,4,0,0,0,0,,,,50
8761881,0.5,0,0,0,0,0,0,0,0,0,8.52939224,8.08860207,0,0,0,0,4,0,0,0,0,,,,50
8763009,0.5,0,0,0,0,0,0,0,0,0,8.52939224,8.08649063,0,0,0,0,4,0,0,0,0,,,,50
8764136,0.5,0,0,0,0,0,0,0,0,0,8.52939224,8.08860207,0,0,0,0,4,0,0,0,0,,,,50
8765473,0.5,0,0,0,0,0,0,0,0,0,8.52939224,8.08860207,0,0,0,0,4,0,0,0,0,,,,50
8766600,0.5,0,0,0,0,0,0,0,0,0,8.52939224,8.08860207,0,0,0,0,4,0,0,0,0,,,,50
8767727,0.5,0,0,0,0,0,0,0,0,0,8.53240585,8.08860207,0,0,0,0,4,0,0,0,0,,,,50
8768855,0.5,0,0,0,0,0,0,0,0,0,8.52939224,8.08649063,0,0,0,0,4,0,0,0,0,,,,50
8769982,0.5,0,0,0,0,0,0,0,0,0,8.52939224,8.08649063,0,0,0,0,4,0,0,0,0,,,,50
8771114,0.5,0,0,0,0,0,0,0,0,0,8.52939224,8.08860207,0,0.00714798551,0,0,4,0,0,0,0,,,,50
8772242,0.5,0,0,0,0,0,0,0,0,0,8.52939224,8.08860207,0,0,0,0,4,0,0,0,0,,,,50
8773369,0.5,0,0,0,0,0,0,0,0,0,8.52939224,8.08649063,0,0,0,0,4,0,0,0,0,,,,50
8774497,0.5,0,0,0,0,0,0,0,0,0,8.52939224,8.08860207,0,0,0,0,4,0,0,0,0,,,,50
8775624,0.5,0,0,0,0,0,0,0,0,0,8.52939224,8.08649063,0,0,0,0,4,0,0,0,0,,,,50
8776752,0.5,0,0,0,0,0,0,0,0,0,8.52939224,8.08649063,0,0,0,0,4,0,0,0,0,,,,50
8777884,0.5,0,0,0,0,0,0,0,0,0,8.52939224,8.08860207,0,0,0,0,5,0,0,0,0,,,,50
8779011,0.5,1,0,0,0.00805860758,0,0,0,0,0,8.52939224,8.08860207,0,0,0,0,5,0,0,0,0,,,,50
8780139,0.5,0,0,0,0,0,0,0,0,0,8.52939224,8.08860207,0,0,0,0,5,0,0,0,0,,,,50
8781266,0.5,0,0,0,0,0,0,0,0,0,8.52939224,8.08860207,0,0,0,0,5,0,0,0,0,,,,50
8782394,0.5,0,0,0,0,0,0,0,0,0,8.52939224,8.08860207,0,0,0,0,5,0,0,0,0,,,,50
8783521,0.5,0,0,0,0,0,0,0,0,0,8.52939224,8.08860207,0,0,0,0,5,0,0,0,0,,,,50
8784653,0.5,0,0,0,0,0,0,0,0,0,8.52939224,8.08860207,0,0,0,0,5,0,0,0,0,,,,50
8785985,0.5,0,0,0,0,0,0,0,0,0,8.52939224,8.08860207,0,0,0,0,5,0,0,0,0,,,,50
8787112,0.5,0,0,0,0,0,0,0,0,0,8.52939224,8.08860207,0,0,0,0,5,0,0,0,0,,,,50
8788240,0.5,0,0,0,0,0,0,0,0,0,8.52939224,8.08860207,0,0,0,0,5,0,0,0,0,,,,50
8789367,0.5,0,0,0,0,0,0,0,0,0,8.52939224,8.08860207,0,0,0,0,5,0,0,0,0,,,,50
8790499,0.5,0,0,0,0,0,0,0,0,0,8.52939224,8.08860207,0,0,0,0,5,0,0,0,0,,,,50
8791627,0.5,0,0,0,0,0,0,0,0,0,8.52939224,8.08649063,0,0,0,0,5,0,0,0,0,,,,50
8792754,0.5,0,0,0,0,0,0,0,0,0,8.52939224,8.08860207,0,0,0,0,5,0,0,0,0,,,,50
8793882,0.5,0,0,0,0,0,0,0,0,0,8.52939224,8.08860207,0,0,0,0,5,0,0,0,0,,,,50
8795009,0.5,0,0,0,0,0,0,0,0,0,8.52637863,8.08860207,0,0,0,0,5,0,0,0,0,,,,50
8796136,0.5,0,0,0,0,0,0,0,0,0,8.52939224,8.08649063,0,0,0,0,5,0,0,0,0,,,,50
8797269,0.5,0,0,0,0,0,0,0,0,0,8.52637863,8.08649063,0,0,0,0,5,0,0,0,0,,,,50
8798396,0.5,0,0,0,0,0,0,0,0,0,8.52939224,8.08649063,0,0,0,0,5,0,0,0,0,,,,50
8799523,0.5,0,0,0,0,0,0,0,0,0,8.52939224,8.08860207,0,0,0,0,5,0,0,0,0,,,,50
8800651,0.5,0,0,0,0,0,0,0,0,0,8.52939224,8.08649063,0,0,0,0,5,0,0,0,0,,,,50
8801778,0.5,0,0,0,0,0,0,0,0,0,8.52939224,8.08860207,0,0,0,0,5,0,0,0,0,,,,50
8802911,0.5,0,0,0,0,0,0,0,0,0,8.52939224,8.08860207,0,0,0,0,5,0,0,0,0,,,,50
8804038,0.5,0,0,0,0,0,0,0,0,0,8.52939224,8.0907135,0,0,0,0,5,0,0,0,0,,,,50
8805165,0.5,0,0,0,0,0,0,0,0,0,8.52939224,8.08860207,0,0,0,0,5,0,0,0,0,,,,50
8806293,0.5,0,0,0,0,0,0,0,0,0,8.52939224,8.08649063,0,0,0,0,5,0,0,0,0,,,,50
8807624,0.5,0,0,0,0,0,0,0,0,0,8.52939224,8.08860207,0,0,0,0,5,0,0,0,0,,,,50
8808752,0.5,0,0,0,0,0,0,0,0,0,8.53240585,8.08860207,0,0,0,0,5,0,0,0,0,,,,50
8809884,0.5,0,0,0,0,0,0,0,0,0,8.52939224,8.08860207,0,0,0,0,5,0,0,0,0,,,,50
8811011,0.5,0,0,0,0,0,0,0,0,0,8.52939224,8.08649063,0,0,0,0,5,0,0,0,0,,,,50
8812139,0.5,0,0,0,0,0,0,0,0,0,8.52939224,8.08860207,0,0.00714798551,0,0,5,0,0,0,0,,,,50
8813266,0.5,0,0,0,0,0,0,0,0,0,8.52939224,8.08860207,0,0,0,0,5,0,0,0,0,,,,50
8814394,0.5,0,0,0,0,0,0,0,0,0,8.52637863,8.08860207,0,0,0,0,5,0,0,0,0,,,,50
8815526,0.5,0,0,0,0,0,0,0,0,0,8.52939224,8.08860207,0,0,0,0,5,90962,0,0,0,,,,50
8816654,0.5,0,0,0.0584833659,0,0,0,0,0,0,8.52939224,8.08860207,0,0,0,0,5,90962,0,0,0,,,,50
8817781,0.5,0,0,0.0584833659,0,0,0,0,0,0,8.52939224,8.08860207,0,0,0,0,5,90962,0,0,0,,,,50
8818909,0.5,0,0,0.0584833659,0,0,0,0,0,0,8.52939224,8.08860207,0,0,0,0,6,90962,0,0,0,,,,50
8820037,0.5,0,0,0.0584833659,0,0,0,0,0,0,8.52939224,8.08860207,0,0,0,0,6,90962,0,0,0,,,,50
8821165,0.5,0,0,0.0584833659,0,0,0,0,0,0,8.52939224,8.0907135,0,0,0,0,6,90962,0,0,0,,,,50
8822297,0.5,0,0,0.0584833659,0,0,0,0,0,0,8.52939224,8.08860207,0,0,0,0,6,90962,0,0,0,,,,50
8823425,0.5,0,0,0.0584833659,0,0,0,0,0,0,8.52939224,8.08860207,0,0,0,0,6,90962,0,0,0,,,,50
8824553,0.5,0,0,0.0584833659,0,0,0,0,0,0,8.52939224,8.08860207,0,0,0,0,6,90962,0,0,0,,,,50
8825681,0.5,0,0,0.0584833659,0,0,0,0,0,0,8.52939224,8.08860207,0,0,0,0,6,90962,0,0,0,,,,50
8826808,0.5,0,0,0.0584833659,0,0,0,0,0,0,8.52939224,8.08860207,0,0,0,0,6,90962,0,0,0,,,,50
8828140,0.5,0,0,0.0584833659,0,0,0,0,0,0,8.52939224,8.08649063,0,0,0,0,6,90962,0,0,0,,,,50
8829273,0.5,0,0,0.0584833659,0,0,0,0,0,0,8.52939224,8.08860207,0,0,0,0,6,90962,0,0,0,,,,50
8830400,0.5,0,0,0.0584833659,0,0,0,0,0,0,8.52939224,8.08860207,0,0,0,0,6,90962,0,0,0,,,,50
8831528,0.5,0,0,0.0584833659,0,0,0,0,0,0,8.52939224,8.08860207,0,0,0,0,6,90962,0,0,0,,,,50
8832656,0.5,0,0,0.0584833659,0,0,0,0,0,0,8.52939224,8.08860207,0,0,0,0,6,90962,0,0,0,,,,50
8833784,0.5,0,0,0.0584833659,0,0,0,0,0,0,8.52939224,8.08860207,0,0,0,0,6,90962,0,0,0,,,,50
8834916,0.5,0,0,0.0584833659,0,0,0,0,0,0,8.53240585,8.08860207,0,0,0,0,6,90962,0,0,0,,,,50
8836044,0.5,0,0,0.0584833659,0,0,0,0,0,0,8.52939224,8.08649063,0,0,0,0,6,90962,0,0,0,,,,50
8837172,0.5,0,0,0.0584833659,0,0,0,0,0,0,8.52939224,8.08649063,0,0,0,0,6,90962,0,0,0,,,,50
8838299,0.5,0,0,0.0584833659,0,0,0,0,0,0,8.52939224,8.08649063,0,0,0,0,6,90962,0,0,0,,,,50
8839427,0.5,0,0,0.0584833659,0,0,0,0,0,0,8.52939224,8.08860207,0,0,0,0,6,90962,0,0,0,,,,50
8840555,0.5,0,0,0.0584833659,0,0,0,0,0,0,8.52939224,8.08860207,0,0,0,0,6,90962,0,0,0,,,,50
8841688,0.5,0,0,0.0584833659,0,0,0,0,0,0,8.53240585,8.08649063,0,0,0,0,6,90962,0,0,0,,,,50
8842815,0.5,0,0,0.0584833659,0,0,0,0,0,0,8.52939224,8.08860207,0,0.00714798551,0,0,6,90962,0,0,0,,,,50
8843943,0.5,0,0,0.0584833659,0,0,0,0,0,0,8.52939224,8.08860207,0,0,0,0,6,90962,0,0,0,,,,50
8845071,0.5,0,0,0.0584833659,0,0,0,0,0,0,8.52939224,8.08860207,0,0,0,0,6,90962,0,0,0,,,,50
8846199,0.5,0,0,0.0584833659,0,0,0,0,0,0,8.53240585,8.08860207,0,0,0,0,6,90962,0,0,0,,,,50
8847331,0.5,0,0,0.0584833659,0,0,0,0,0,0,8.53240585,8.08860207,0,0,0,0,6,90962,0,0,0,,,,50
8848459,0.5,0,0,0.0584833659,0,0,0,0,0,0,8.52939224,8.08649063,0,0,0,0,6,90962,0,0,0,,,,50
8849791,0.5,0,0,0.0584833659,0,0,0,0,0,0,8.52939224,8.08860207,0,0,0,0,6,90962,0,0,0,,,,50
8850918,0.5,0,0,0.0584833659,0,0,0,0,0,0,8.52939224,8.08649063,0,0,0,0,6,90962,0,0,0,,,,50
8852046,0.5,0,0,0.0584833659,0,0,0,0,0,0,8.52939224,8.08649063,0,0,0,0,6,90962,0,0,0,,,,50
8853174,0.5,0,0,0.0584833659,0,0,0,0,0,0,8.52939224,8.08860207,0,0,0,0,6,90962,0,0,0,,,,50
8854306,0.5,0,0,0.0584833659,0,0,0,0,0,0,8.52939224,8.08649063,0,0,0,0,6,90962,0,0,0,,,,50
8855434,0.5,0,0,0.0584833659,0,0,0,0,0,0,8.52939224,8.08860207,0,0,0,0,6,90962,0,0,0,,,,50
8856562,0.5,0,0,0.0584833659,0,0,0,0,0,0,8.52939224,8.08860207,0,0,0,0,6,90962,0,0,0,,,,50
8857690,0.5,0,0,0.0584833659,0,0,0,0,0,0,8.52939224,8.08860207,0,0,0,0,6,90962,0,0,0,,,,50
8858818,0.5,0,0,0.0584833659,0,0,0,0,0,0,8.52939224,8.08860207,0,0,0,0,6,90962,0,0,0,,,,50
8859950,0.5,0,0,0.0584833659,0,0,0,0,0,0,8.52939224,8.0907135,0,0.00714798551,0,0,7,90962,0,0,0,,,,50
8861078,0.5,0,0,0.0584833659,0,0,0,0,0,0,8.53240585,8.0907135,0,0,0,0,7,90962,0,0,0,,,,50
8862206,0.5,0,0,0.0584833659,0,0,0,0,0,0,8.52939224,8.08860207,0,0,0,0,7,90962,0,0,0,,,,50
8863333,0.5,0,0,0.0584833659,0,0,0,0,0,0,8.52939224,8.08860207,0,0,0,0,7,90962,0,0,0,,,,50
8864461,0.5,0,0,0.0584833659,0,0,0,0,0,0,8.52939224,8.08649063,0,0,0,0,7,90962,0,0,0,,,,50
8865589,0.5,0,0,0.0584833659,0,0,0,0,0,0,8.52939224,8.08860207,0,0,0,0,7,90962,0,0,0,,,,50
8866721,0.5,0,0,0.0584833659,0,0,0,0,0,0,8.52939224,8.08860207,0,0,0,0,7,90962,0,0,0,,,,50
8867849,0.5,0,0,0.0584833659,0,0,0,0,0,0,8.52939224,8.08860207,0,0.00714798551,0,0,7,90962,0,0,0,,,,50
8868977,0.5,0,0,0.0584833659,0,0,0,0,0,0,8.52939224,8.08860207,0,0,0,0,7,90962,0,0,0,,,,50
8870309,0.5,0,0,0.0584833659,0,0,0,0,0,0,8.52939224,8.08860207,0,0,0,0,7,90962,0,0,0,,,,50
8871437,0.5,0,0,0.0584833659,0,0,0,0,0,0,8.52939224,8.08860207,0,0,0,0,7,90962,0,0,0,,,,50
8872569,0.5,0,0,0.0584833659,0,0,0,0,0,0,8.52939224,8.08860207,0,0,0,0,7,90962,0,0,0,,,,50
8873697,0.5,0,0,0.0584833659,0,0,0,0,0,0,8.52939224,8.08649063,0,0,0,0,7,90962,0,0,0,,,,50
8874824,0.5,0,0,0.0584833659,0,0,0,0,0,0,8.52939224,8.08649063,0,0,0,0,7,90962,0,0,0,,,,50
8875952,0.5,0,0,0.0584833659,0,0,0,0,0,0,8.52939224,8.08860207,0,0,0,0,7,90962,0,0,0,,,,50
8877080,0.5,0,0,0.0584833659,0,0,0,0,0,0,8.52939224,8.08860207,0,0,0,0,7,90962,0,0,0,,,,50
8878208,0.5,0,0,0.0584833659,0,0,0,0,0,0,8.52939224,8.08860207,0,0,0,0,7,90962,0,0,0,,,,50
8879340,0.5,0,0,0.0584833659,0,0,0,0,0,0,8.52939224,8.08860207,0,0,0,0,7,90962,0,0,0,,,,50
8880468,0.5,0,0,0.0584833659,0,0,0,0,0,0,8.52637863,8.08649063,0,0,0,0,7,90962,0,0,0,,,,50
8881596,0.5,0,0,0.0584833659,0,0,0,0,0,0,8.52939224,8.08860207,0,0,0,0,7,90962,0,0,0,,,,50
8882724,0.5,0,0,0.0584833659,0,0,0,0,0,0,8.52939224,8.08860207,0,0,0,0,7,90962,0,0,0,,,,50
8883851,0.5,0,0,0.0584833659,0,0,0,0,0,0,8.52939224,8.08860207,0,0,0,0,7,90962,0,0,0,,,,50
8884979,0.5,0,0,0.0584833659,0,0,0,0,0,0,8.52637863,8.08649063,0,0,0,0,7,90962,0,0,0,,,,50
8886112,0.5,0,0,0.0584833659,0,0,0,0,0,0,8.52939224,8.08860207,0,0,0,0,7,90962,0,0,0,,,,50
8887239,0.5,0,0,0.0584833659,0,0,0,0,0,0,8.52939224,8.08860207,0,0,0,0,7,90962,0,0,0,,,,50
8888367,0.5,0,0,0.0584833659,0,0,0,0,0,0,8.53240585,8.08860207,0,0,0,0,7,90962,0,0,0,,,,50
8889495,0.5,0,0,0.0584833659,0,0,0,0,0,0,8.52939224,8.08860207,0,0,0,0,7,90962,0,0,0,,,,50
8890827,0.5,0,0,0.0584833659,0,0,0,0,0,0,8.52939224,8.08860207,0,0,0,0,7,90962,0,0,0,,,,50
8891959,0.5,0,0,0.0584833659,0,0,0,0,0,0,8.52939224,8.08860207,0,0,0,0,7,90962,0,0,0,,,,50
8893087,0.5,0,0,0.0584833659,0,0,0,0,0,0,8.52939224,8.08860207,0,0,0,0,7,90962,0,0,0,,,,50
8894215,0.5,0,0,0.062933065,0,0,0,0,0,0,8.53240585,8.08860207,0,0,0,0,7,87746,0,0,0,,,,50
8895343,0.5,0,0,0.062933065,0,0,0,0,0,0,8.52939224,8.08860207,0,0,0,0,7,87746,0,0,0,,,,50
8896470,0.5,0,0,0.062933065,0,0,0,0,0,0,8.53240585,8.08860207,0,0,0,0,7,87746,0,0,0,,,,50
8897598,0.5,0,0,0.062933065,0,0,0,0,0,0,8.52939224,8.08860207,0,0,0,0,8,87746,0,0,0,,,,50
8898730,0.5,0,0,0.062933065,0,0,0,0,0,0,8.52939224,8.08860207,0,0.00714798551,0,0,8,87746,0,0,0,,,,50
8899858,0.5,0,0,0.062933065,0,0,0,0,0,0,8.53240585,8.08860207,0,0,0,0,8,87746,0,0,0,,,,50
8900986,0.5,0,0,0.062933065,0,0,0,0,0,0,8.53240585,8.08860207,0,0,0,0,8,87746,0,0,0,,,,50
8902114,0.5,0,0,0.062933065,0,0,0,0,0,0,8.52939224,8.08860207,0,0,0,0,8,87746,0,0,0,,,,50
8903241,0.5,0,0,0.062933065,0,0,0,0,0,0,8.52939224,8.08860207,0,0,0,0,8,87746,0,0,0,,,,50
8904374,0.5,0,0,0.062933065,0,0,0,0,0,0,8.52637863,8.08860207,0,0,0,0,8,87746,0,0,0,,,,50
8905502,0.5,0,0,0.062933065,0,0,0,0,0,0,8.52939224,8.08860207,0,0,0,0,8,87746,0,0,0,,,,50
8906629,0.5,0,0,0.062933065,0,0,0,0,0,0,8.52939224,8.08860207,0,0,0,0,8,87746,0,0,0,,,,50
8907757,0.5,0,0,0.062933065,0,0,0,0,0,0,8.53240585,8.08860207,0,0,0,0,8,87746,0,0,0,,,,50
8908885,0.5,0,0,0.062933065,0,0,0,0,0,0,8.52939224,8.08860207,0,0,0,0,8,87746,0,0,0,,,,50
8910013,0.5,0,0,0.062933065,0,0,0,0,0,0,8.52939224,8.08649063,0,0,0,0,8,87746,0,0,0,,,,50
8911145,0.5,0,0,0.062933065,0,0,0,0,0,0,8.52939224,8.08860207,0,0,0,0,8,87746,0,0,0,,,,50
8912477,0.5,0,0,0.062933065,0,0,0,0,0,0,8.52939224,8.08860207,0,0,0,0,8,87746,0,0,0,,,,50
8913605,0.5,0,0,0.062933065,0,0,0,0,0,0,8.52939224,8.08860207,0,0,0,0,8,87746,0,0,0,,,,50
8914732,0.5,0,0,0.062933065,0,0,0,0,0,0,8.52939224,8.08860207,0,0,0,0,8,87746,0,0,0,,,,50
8915860,0.5,0,0,0.062933065,0,0,0,0,0,0,8.52939224,8.08860207,0,0,0,0,8,87746,0,0,0,,,,50
8916993,0.5,0,0,0.062933065,0,0,0,0,0,0,8.52939224,8.08860207,0,0,0,0,8,87746,0,0,0,,,,50
8918120,0.5,0,0,0.062933065,0,0,0,0,0,0,8.52939224,8.08860207,0,0,0,0,8,87746,0,0,0,,,,50
8919248,0.5,0,0,0.062933065,0,0,0,0,0,0,8.52939224,8.08649063,0,0,0,0,8,87746,0,0,0,,,,50
8920376,0.5,0,0,0.062933065,0,0,0,0,0,0,8.52939224,8.08860207,0,0,0,0,8,87746,0,0,0,,,,50
8921504,0.5,0,0,0.062933065,0,0,0,0,0,0,8.52939224,8.08860207,0,0,0,0,8,87746,0,0,0,,,,50
8922631,0.5,0,0,0.062933065,0,0,0,0,0,0,8.52939224,8.08860207,0,0,0,0,8,87746,0,0,0,,,,50
8923764,0.5,0,0,0.062933065,0,0,0,0,0,0,8.52939224,8.08860207,0,0.00714798551,0,0,8,87746,0,0,0,,,,50
8924892,0.5,0,0,0.062933065,0,0,0,0,0,0,8.52939224,8.08649063,0,0,0,0,8,87746,0,0,0,,,,50
8926019,0.5,0,0,0.062933065,0,0,0,0,0,0,8.52939224,8.08860207,0,0,0,0,8,87746,0,0,0,,,,50
8927147,0.5,0,0,0.062933065,0,0,0,0,0,0,8.52939224,8.08860207,0,0,0,0,8,87746,0,0,0,,,,50
8928275,0.5,0,0,0.062933065,0,0,0,0,0,0,8.52939224,8.08860207,0,0,0,0,8,87746,0,0,0,,,,50
8929402,0.5,0,0,0.062933065,0,0,0,0,0,0,8.52939224,8.08860207,0,0,0,0,8,87746,0,0,0,,,,50
8930535,0.5,0,0,0.062933065,0,0,0,0,0,0,8.52939224,8.08649063,0,0,0,0,8,87746,0,0,0,,,,50
8931662,0.5,0,0,0.062933065,0,0,0,0,0.00454505486,0,8.52939224,8.08860207,0,0,0,0,8,87746,0,0,0,,,,50
8932994,0.5,0,0,0.062933065,0,0,0,0,0,0,8.52939224,8.08860207,0,0,0,0,8,87746,0,0,0,,,,50
8934122,0.5,0,0,0.062933065,0,0,0,0,0,0,8.52939224,8.08860207,0,0,0,0,8,87746,0,0,0,,,,50
8935249,0.5,0,0,0.062933065,0,0,0,0,0,0,8.52939224,8.08649063,0,0,0,0,8,87746,0,0,0,,,,50
8936382,0.5,0,0,0.062933065,0,0,0,0,0,0,8.52939224,8.08860207,0,0,0,0,8,87746,0,0,0,,,,50
8937510,0.5,0,0,0.062933065,0,0,0,0,0,0,8.52939224,8.08860207,0,0,0,0,8,87746,0,0,0,,,,50
8938637,0.5,0,0,0.062933065,0,0,0,0,0,0,8.52637863,8.08860207,0,0,0,0,9,87746,0,0,0,,,,50
8939765,0.5,0,0,0.062933065,0,0,0,0,0,0,8.52939224,8.08860207,0,0,0,0,9,87746,0,0,0,,,,50
8940893,0.5,0,0,0.062933065,0,0,0,0,0,0,8.52939224,8.08860207,0,0,0,0,9,87746,0,0,0,,,,50
8942020,0.5,0,0,0.062933065,0,0,0,0,0,0,8.53240585,8.08860207,0,0,0,0,9,87746,0,0,0,,,,50
8943153,0.5,0,0,0.062933065,0,0,0,0,0,0,8.52939224,8.08860207,0,0,0,0,9,87746,0,0,0,,,,50
8944280,0.5,0,0,0.062933065,0,0,0,0,0,0,8.52939224,8.08860207,0,0,0,0,9,87746,0,0,0,,,,50
8945408,0.5,0,0,0.062933065,0,0,0,0,0,0,8.52939224,8.08860207,0,0,0,0,9,87746,0,0,0,,,,50
8946536,0.5,0,0,0.062933065,0,0,0,0,0,0,8.52939224,8.08649063,0,0,0,0,9,87746,0,0,0,,,,50
8947663,0.5,0,0,0.062933065,0,0,0,0,0,0,8.52637863,8.08860207,0,0,0,0,9,87746,0,0,0,,,,50
8948796,0.5,0,0,0.062933065,0,0,0,0,0,0,8.52939224,8.08649063,0,0,0,0,9,87746,0,0,0,,,,50
8949924,0.5,0,0,0.062933065,0,0,0,0,0,0,8.52939224,8.08649063,0,0,0,0,9,87746,0,0,0,,,,50
8951051,0.5,0,0,0.062933065,0,0,0,0,0,0,8.52939224,8.08860207,0,0,0,0,9,87746,0,0,0,,,,50
8952179,0.5,0,0,0.062933065,0,0,0,0,0,0,8.53240585,8.0907135,0,0,0,0,9,87746,0,0,0,,,,50
8953307,0.5,0,0,0.062933065,0,0,0,0,0,0,8.52939224,8.08860207,0,0,0,0,9,87746,0,0,0,,,,50
8954638,0.5,0,0,0.062933065,0,0,0,0,0,0,8.53240585,8.08860207,0,0,0,0,9,87746,0,0,0,,,,50
8955771,0.5,0,0,0.062933065,0,0,0,0,0,0,8.52939224,8.08860207,0,0,0,0,9,87746,0,0,0,,,,50
8956899,0.5,0,0,0.062933065,0,0,0,0,0,0,8.52939224,8.08860207,0,0,0,0,9,87746,0,0,0,,,,50
8958026,0.5,0,0,0.062933065,0,0,0,0,0,0,8.52939224,8.08860207,0,0,0,0,9,87746,0,0,0,,,,50
8959154,0.5,0,0,0.062933065,0,0,0,0,0,0,8.52939224,8.08860207,0,0,0,0,9,87746,0,0,0,,,,50
8960282,0.5,0,0,0.062933065,0,0,0,0,0,0,8.53240585,8.08860207,0,0,0,0,9,87746,0,0,0,,,,50
8961414,0.5,0,0,0.062933065,0,0,0,0,0,0,8.52939224,8.08860207,0,0,0,0,9,87746,0,0,0,,,,50
8962542,0.5,0,0,0.062933065,0,0,0,0,0,0,8.52939224,8.08860207,0,0,0,0,9,87746,0,0,0,,,,50
8963670,0.5,0,0,0.062933065,0,0,0,0,0,0,8.52939224,8.08860207,0,0,0,0,9,87746,0,0,0,,,,50
8964797,0.5,0,0,0.062933065,0,0,0,0,0,0,8.52939224,8.08860207,0,0,0,0,9,87746,0,0,0,,,,50
8965925,0.5,0,0,0.062933065,0,0,0,0,0,0,8.52939224,8.08860207,0,0,0,0,9,87746,0,0,0,,,,50
8967053,0.5,0,0,0.062933065,0,0,0,0,0,0,8.53240585,8.08860207,0,0,0,0,9,87746,0,0,0,,,,50
8968185,0.5,0,0,0.062933065,0,0,0,0,0,0,8.52939224,8.08860207,0,0,0,0,9,87746,0,0,0,,,,50
8969313,0.5,0,0,0.062933065,0,0,0,0,0,0,8.53240585,8.08860207,0,0,0,0,9,87746,0,0,0,,,,50
8970441,0.5,0,0,0.062933065,0,0,0,0,0,0,8.52939224,8.08860207,0,0,0,0,9,84964,0,0,0,,,,50
8971569,0.5,0,0,0.0687676743,0,0,0,0,0,0,8.52939224,8.08649063,0,0,0,0,9,84964,0,0,0,,,,50
8972696,0.5,0,0,0.0687676743,0,0,0,0,0,0,8.52939224,8.08860207,0,0,0,0,9,84964,0,0,0,,,,50
8973824,0.5,0,0,0.0687676743,0,0,0,0,0,0,8.52939224,8.0907135,0,0,0,0,10,84964,0,0,0,,,,50
8975160,0.5,0,0,0.0687676743,0,0,0,0,0,0,8.52939224,8.08860207,0,0,0,0,10,84964,0,0,0,,,,50
8976288,0.5,0,0,0.0687676743,0,0,0,0,0,0,8.52637863,8.08649063,0,0,0,0,10,84964,0,0,0,,,,50
8977416,0.5,0,0,0.0687676743,0,0,0,0,0,0,8.52939224,8.08860207,0,0,0,0,10,84964,0,0,0,,,,50
8978544,0.5,0,0,0.0687676743,0,0,0,0,0,0,8.52939224,8.08860207,0,0,0,0,10,84964,0,0,0,,,,50
8979671,0.5,0,0,0.0687676743,0,0,0,0,0,0,8.53240585,8.08860207,0,0,0,0,10,84964,0,0,0,,,,50
8980804,0.5,0,0,0.0687676743,0,0,0,0,0,0,8.53240585,8.08649063,0.00714798551,0,0,0,10,84964,0,0,0,,,,50
8981932,0.5,0,0,0.0687676743,0,0,0,0,0,0,8.53240585,8.08649063,0,0,0,0,10,84964,0,0,0,,,,50
8983059,0.5,0,0,0.0687676743,0,0,0,0,0,0,8.52939224,8.0907135,0,0,0,0,10,84964,0,0,0,,,,50
8984187,0.5,0,0,0.0687676743,0,0,0,0,0,0,8.52939224,8.08860207,0,0,0,0,10,84964,0,0,0,,,,50
8985315,0.5,0,0,0.0687676743,0,0,0,0,0,0,8.52939224,8.08860207,0,0,0,0,10,84964,0,0,0,,,,50
8986443,0.5,0,0,0.0687676743,0,0,0,0,0,0,8.52939224,8.08860207,0,0,0,0,10,84964,0,0,0,,,,50
8987575,0.5,0,0,0.0687676743,0,0,0,0,0,0,8.52939224,8.08649063,0,0,0,0,10,84964,0,0,0,,,,50
8988703,0.5,0,0,0.0687676743,0,0,0,0,0,0,8.52939224,8.08649063,0,0,0,0,10,84964,0,0,0,,,,50
8989831,0.5,0,0,0.0687676743,0,0,0,0,0,0,8.52939224,8.08860207,0,0,0,0,10,84964,0,0,0,,,,50
8990958,0.5,0,0,0.0687676743,0,0,0,0,0,0,8.52939224,8.08649063,0,0,0,0,10,84964,0,0,0,,,,50
8992086,0.5,0,0,0.0687676743,0,0,0,0,0,0,8.53240585,8.08860207,0,0,0,0,10,84964,0,0,0,,,,50
8993218,0.5,0,0,0.0687676743,0,0,0,0,0,0,8.52939224,8.08860207,0,0,0,0,10,84964,0,0,0,,,,50
8994346,0.5,0,0,0.0687676743,0,0,0,0,0,0,8.52939224,8.08649063,0,0,0,0,10,84964,0,0,0,,,,50
8995474,0.5,0,0,0.0687676743,0,0,0,0,0,0,8.52939224,8.08649063,0,0,0,0,10,84964,0,0,0,,,,50
8996805,0.5,0,0,0.0687676743,0,0,0,0,0,0,8.52939224,8.08860207,0,0,0,0,10,84964,0,0,0,,,,50
8997933,0.5,0,0,0.0687676743,0,0,0,0,0,0,8.52939224,8.08860207,0,0,0,0,10,84964,0,0,0,,,,50
8999060,0.5,0,0,0.0687676743,0,0,0,0,0,0,8.52939224,8.08860207,0,0,0,0,10,84964,0,0,0,,,,50
9000193,0.5,0,0,0.0687676743,0,0,0,0,0,0,8.52637863,8.08860207,0,0,0,0,10,84964,0,0,0,,,,50
9001320,0.5,0,0,0.0687676743,0,0,0,0,0,0,8.52939224,8.08860207,0,0,0,0,10,84964,0,0,0,,,,50
9002448,0.5,0,0,0.0687676743,0,0,0,0,0,0,8.52939224,8.08649063,0,0,0,0,10,84964,0,0,0,,,,50
9003576,0.5,0,0,0.0687676743,0,0,0,0,0,0,8.52939224,8.08860207,0,0,0,0,10,84964,0,0,0,,,,50
9004704,0.5,0,0,0.0687676743,0,0,0,0,0,0,8.52939224,8.08860207,0,0,0,0,10,84964,0,0,0,,,,50
9005836,0.5,0,0,0.0687676743,0,0,0,0,0,0,8.53240585,8.08860207,0,0,0,0,10,84964,0,0,0,,,,50
9006964,0.5,0,0,0.0687676743,0,0,0,0,0,0,8.53240585,8.08860207,0,0,0,0,10,84964,0,0,0,,,,50
9008092,0.5,0,0,0.0687676743,0,0,0,0,0,0,8.52939224,8.08860207,0,0,0,0,10,84964,0,0,0,,,,50
9009219,0.5,0,0,0.0687676743,0,0,0,0,0,0,8.52637863,8.0907135,0,0,0,0,10,84964,0,0,0,,,,50
9010347,0.5,0,0,0.0687676743,0,0,0,0,0,0,8.52939224,8.08860207,0,0,0,0,11,84964,0,0,0,,,,50
9011475,0.5,0,0,0.0687676743,0,0,0,0,0,0,8.52939224,8.08860207,0.014295971,0,0,0,11,84964,0,0,0,,,,50
9012607,0.5,0,0,0.0687676743,0,0,0,0,0,0,8.52939224,8.08860207,0,0,0,0,11,84964,0,0,0,,,,50
9013735,0.5,0,0,0.0687676743,0,0,0,0,0,0,8.52939224,8.08860207,0,0.014295971,0,0,11,84964,0,0,0,,,,50
9014863,0.5,0,0,0.0687676743,0,0,0,0,0,0,8.52939224,8.08860207,0,0,0,0,11,84964,0,0,0,,,,50
9015991,0.5,0,0,0.0687676743,0,0,0,0,0,0,8.52939224,8.08649063,0,0,0,0,11,84964,0,0,0,,,,50
9017322,0.5,0,0,0.0687676743,0,0,0,0,0,0,8.52939224,8.08860207,0,0,0,0,11,84964,0,0,0,,,,50
9018455,0.5,0,0,0.0687676743,0,0,0,0,0,0,8.52939224,8.08649063,0,0,0,0,11,84964,0,0,0,,,,50
9019583,0.5,0,0,0.0687676743,0,0,0,0,0,0,8.52637863,8.08860207,0,0,0,0,11,84964,0,0,0,,,,50
9020710,0.5,0,0,0.0687676743,0,0,0,0,0,0,8.52939224,8.08649063,0,0,0,0,11,84964,0,0,0,,,,50
9021838,0.5,0,0,0.0687676743,0,0,0,0,0,0,8.52939224,8.08649063,0,0,0,0,11,84964,0,0,0,,,,50
9022966,0.5,0,0,0.0687676743,0,0,0,0,0,0,8.52939224,8.08860207,0,0,0,0,11,84964,0,0,0,,,,50
9024094,0.5,0,0,0.0687676743,0,0,0,0,0,0,8.52939224,8.08649063,0,0,0,0,11,84964,0,0,0,,,,50
9025226,0.5,0,0,0.0687676743,0,0,0,0,0.00454505486,0,8.52939224,8.08860207,0,0.00714798551,0,0,11,84964,0,0,0,,,,50
9026354,0.5,0,0,0.0687676743,0,0,0,0,0,0,8.52939224,8.08649063,0,0,0,0,11,84964,0,0,0,,,,50
9027481,0.5,0,0,0.0687676743,0,0,0,0,0,0,8.52939224,8.08860207,0,0,0,0,11,84964,0,0,0,,,,50
9028609,0.5,0,0,0.0687676743,0,0,0,0,0,0,8.52939224,8.08860207,0,0,0,0,11,84964,0,0,0,,,,50
9029737,0.5,0,0,0.0687676743,0,0,0,0,0,0,8.53240585,8.08860207,0,0,0,0,11,84964,0,0,0,,,,50
9030865,0.5,0,0,0.0687676743,0,0,0,0,0,0,8.52939224,8.08860207,0,0,0,0,11,84964,0,0,0,,,,50
9031997,0.5,0,0,0.0687676743,0,0,0,0,0,0,8.52939224,8.08860207,0,0,0,0,11,84964,0,0,0,,,,50
9033125,0.5,0,0,0.0687676743,0,0,0,0,0,0,8.52939224,8.08860207,0,0,0,0,11,84964,0,0,0,,,,50
9034253,0.5,0,0,0.0687676743,0,0,0,0,0,0,8.52939224,8.08649063,0,0,0,0,11,84964,0,0,0,,,,50
9035380,0.5,0,0,0.0687676743,0,0,0,0,0,0,8.52939224,8.08860207,0,0,0,0,11,84964,0,0,0,,,,50
9036508,0.5,0,0,0.0687676743,0,0,0,0,0,0,8.53240585,8.08860207,0,0,0,0,11,84964,0,0,0,,,,50
9037845,0.5,0,0,0.0687676743,0,0,0,0,0,0,8.52939224,8.08860207,0,0,0,0,11,84964,0,0,0,,,,50
9038972,0.5,0,0,0.0687676743,0,0,0,0,0,0,8.52939224,8.08860207,0,0,0,0,11,84964,0,0,0,,,,50
9040100,0.5,0,0,0.0687676743,0,0,0,0,0,0,8.52939224,8.08860207,0,0,0,0,11,81136,0,0,0,,,,50
9041228,0.5,0,0,0.0727389604,0,0,0,0,0,0,8.52939224,8.08860207,0,0.00714798551,0,0,11,81136,0,0,0,,,,50
9042356,0.5,0,0,0.0727389604,0,0,0,0,0,0,8.52939224,8.08860207,0,0,0,0,11,81136,0,0,0,,,,50
9043483,0.5,0,0,0.0727389604,0,0,0,0,0,0,8.52637863,8.08649063,0,0,0,0,12,81136,0,0,0,,,,50
9044616,0.5,0,0,0.0727389604,0,0,0,0,0,0,8.52939224,8.08860207,0,0.00714798551,0,0,12,81136,0,0,0,,,,50
9045744,0.5,0,0,0.0727389604,0,0,0,0,0,0,8.52939224,8.08860207,0,0,0,0,12,81136,0,0,0,,,,50
9046871,0.5,0,0,0.0727389604,0,0,0,0,0,0,8.52939224,8.08860207,0,0,0,0,12,81136,0,0,0,,,,50
9047999,0.5,0,0,0.0727389604,0,0,0,0,0,0,8.53240585,8.08860207,0,0,0,0,12,81136,0,0,0,,,,50
9049127,0.5,0,0,0.0727389604,0,0,0,0,0,0,8.52939224,8.08860207,0,0,0,0,12,81136,0,0,0,,,,50
9050259,0.5,0,0,0.0727389604,0,0,0,0,0,0,8.52939224,8.08860207,0,0,0,0,12,81136,0,0,0,,,,50
9051387,0.5,0,0,0.0727389604,0,0,0,0,0,0,8.53240585,8.08860207,0,0,0,0,12,81136,0,0,0,,,,50
9052515,0.5,0,0,0.0727389604,0,0,0,0,0,0,8.52939224,8.08860207,0,0,0,0,12,81136,0,0,0,,,,50
9053643,0.5,0,0,0.0727389604,0,0,0,0,0,0,8.52939224,8.08649063,0,0,0,0,12,81136,0,0,0,,,,50
9054770,0.5,0,0,0.0727389604,0,0,0,0,0,0,8.52939224,8.08860207,0,0,0,0,12,81136,0,0,0,,,,50
9055898,0.5,0,0,0.0727389604,0,0,0,0,0,0,8.52939224,8.08860207,0,0,0,0,12,81136,0,0,0,,,,50
9057031,0.5,0,0,0.0727389604,0,0,0,0,0,0,8.52939224,8.08649063,0,0,0,0,12,81136,0,0,0,,,,50
9058158,0.5,0,0,0.0727389604,0,0,0,0,0,0,8.52637863,8.08860207,0,0,0,0,12,81136,0,0,0,,,,50
9059490,0.5,0,0,0.0727389604,0,0,0,0,0,0,8.52939224,8.08860207,0,0.00714798551,0,0,12,81136,0,0,0,,,,50
9060618,0.5,0,0,0.0727389604,0,0,0,0,0,0,8.52939224,8.08860207,0,0,0,0,12,81136,0,0,0,,,,50
9061746,0.5,0,0,0.0727389604,0,0,0,0,0,0,8.52939224,8.08860207,0,0,0,0,12,81136,0,0,0,,,,50
9062878,0.5,0,0,0.0727389604,0,0,0,0,0,0,8.52939224,8.08860207,0,0,0,0,12,81136,0,0,0,,,,50
9064006,0.5,0,0,0.0727389604,0,0,0,0,0,0,8.52939224,8.08649063,0,0,0,0,12,81136,0,0,0,,,,50
9065133,0.5,0,0,0.0727389604,0,0,0,0,0,0,8.52939224,8.08860207,0,0,0,0,12,81136,0,0,0,,,,50
9066261,0.5,0,0,0.0727389604,0,0,0,0,0,0,8.53240585,8.08860207,0.00714798551,0,0,0,12,81136,0,0,0,,,,50
9067389,0.5,0,0,0.0727389604,0,0,0,0,0,0,8.52939224,8.08860207,0,0,0,0,12,81136,0,0,0,,,,50
9068517,0.5,0,0,0.0727389604,0,0,0,0,0,0,8.52637863,8.08649063,0,0,0,0,12,81136,0,0,0,,,,50
9069649,0.5,0,0,0.0727389604,0,0,0,0,0,0,8.52939224,8.08860207,0,0,0,0,12,81136,0,0,0,,,,50
9070777,0.5,0,0,0.0727389604,0,0,0,0,0,0,8.52939224,8.08860207,0,0,0,0,12,81136,0,0,0,,,,50
9071905,0.5,0,0,0.0727389604,0,0,0,0,0,0,8.52939224,8.08860207,0,0,0,0,12,81136,0,0,0,,,,50
9073032,0.5,0,0,0.0727389604,0,0,0,0,0,0,8.53240585,8.08860207,0,0,0,0,12,81136,0,0,0,,,,50
9074160,0.5,0,0,0.0727389604,0,0,0,0,0,0,8.52939224,8.08649063,0,0,0,0,12,81136,0,0,0,,,,50
9075288,0.5,0,0,0.0727389604,0,0,0,0,0,0,8.52939224,8.08860207,0,0,0,0,12,81136,0,0,0,,,,50
9076420,0.5,1,0,0.0727389604,0.00805860758,0,0,0,0,0,8.52939224,8.08860207,0,0,0,0,13,81136,0,0,0,,,,50
9077548,0.5,0,0,0.0727389604,0,0,0,0,0,0,8.52939224,8.08860207,0,0,0,0,13,81136,0,0,0,,,,50
9078676,0.5,0,0,0.0727389604,0,0,0,0,0,0,8.52637863,8.08860207,0,0,0,0,13,81136,0,0,0,,,,50
9080008,0.5,0,0,0.0727389604,0,0,0,0,0,0,8.52939224,8.08649063,0,0,0,0,13,81136,0,0,0,,,,50
9081136,0.5,0,0,0.0727389604,0,0,0,0,0,0,8.52939224,8.08649063,0,0,0,0,13,81136,0,0,0,,,,50
9082268,0.5,0,0,0.0727389604,0,0,0,0,0,0,8.53240585,8.08860207,0,0,0,0,13,81136,0,0,0,,,,50
9083396,0.5,1,0,0.0727389604,0.00805860758,0,0,0,0,0,8.52939224,8.08860207,0,0,0,0,13,81136,0,0,0,,,,50
9084523,0.5,0,0,0.0727389604,0,0,0,0,0,0,8.52637863,8.08860207,0,0,0,0,13,81136,0,0,0,,,,50
9085651,0.5,0,0,0.0727389604,0,0,0,0,0,0,8.52939224,8.08649063,0,0,0,0,13,81136,0,0,0,,,,50
9086779,0.5,0,0,0.0727389604,0,0,0,0,0,0,8.52939224,8.08860207,0,0,0,0,13,81136,0,0,0,,,,50
9087907,0.5,0,0,0.0727389604,0,0,0,0,0,0,8.52637863,8.08860207,0,0,0,0,13,81136,0,0,0,,,,50
9089039,0.5,0,0,0.0727389604,0,0,0,0,0,0,8.52939224,8.08649063,0,0,0,0,13,81136,0,0,0,,,,50
9090167,0.5,0,0,0.0727389604,0,0,0,0,0,0,8.52939224,8.08860207,0,0,0,0,13,81136,0,0,0,,,,50
9091295,0.5,0,0,0.0727389604,0,0,0,0,0,0,8.52939224,8.08860207,0,0,0,0,13,81136,0,0,0,,,,50
9092423,0.5,0,0,0.0727389604,0,0,0,0,0,0,8.52939224,8.08860207,0,0,0,0,13,81136,0,0,0,,,,50
9093550,0.5,0,0,0.0727389604,0,0,0,0,0,0,8.52939224,8.08649063,0,0,0,0,13,81136,0,0,0,,,,50
9094683,0.5,0,0,0.0727389604,0,0,0,0,0,0,8.52939224,8.08860207,0,0,0,0,13,81136,0,0,0,,,,50
9095810,0.5,0,0,0.0727389604,0,0,0,0,0,0,8.52939224,8.08649063,0,0,0,0,13,81136,0,0,0,,,,50
9096938,0.5,0,0,0.0727389604,0,0,0,0,0,0,8.52939224,8.08860207,0,0,0,0,13,81136,0,0,0,,,,50
9098066,0.5,0,0,0.0727389604,0,0,0,0,0,0,8.52939224,8.08860207,0,0,0,0,13,81136,0,0,0,,,,50
9099194,0.5,0,0,0.0727389604,0,0,0,0,0,0,8.52939224,8.08860207,0,0,0,0,13,81136,0,0,0,,,,50
9100322,0.5,0,0,0.0727389604,0,0,0,0,0,0,8.52939224,8.08860207,0,0,0,0,13,81136,0,0,0,,,,50
9101658,0.5,0,0,0.0815451965,0,0,0,0,0,0,8.52939224,8.08649063,0,0,0,0,13,76057,0,0,0,,,,50
9102786,0.5,0,0,0.0815451965,0,0,0,0,0,0,8.52939224,8.08860207,0,0,0,0,13,76057,0,0,0,,,,50
9103914,0.5,0,0,0.0815451965,0,0,0,0,0,0,8.52939224,8.08860207,0,0,0,0,14,76057,0,0,0,,,,50
9105041,0.5,0,0,0.0815451965,0,0,0,0,0,0,8.52939224,8.08860207,0,0,0,0,14,76057,0,0,0,,,,50
9106169,0.5,0,0,0.0815451965,0,0,0,0,0,0,8.52939224,8.08649063,0,0,0,0,14,76057,0,0,0,,,,50
9107301,0.5,0,0,0.0815451965,0,0,0,0,0,0,8.53240585,8.08860207,0,0,0,0,14,76057,0,0,0,,,,50
9108429,0.5,0,0,0.0815451965,0,0,0,0,0,0,8.52939224,8.08649063,0,0,0,0,14,76057,0,0,0,,,,50
9109557,0.5,0,0,0.0815451965,0,0,0,0,0,0,8.52939224,8.08860207,0,0,0,0,14,76057,0,0,0,,,,50
9110685,0.5,0,0,0.0815451965,0,0,0,0,0,0,8.52939224,8.08860207,0,0,0,0,14,76057,0,0,0,,,,50
9111812,0.5,0,0,0.0815451965,0,0,0,0,0,0,8.52939224,8.08860207,0,0,0,0,14,76057,0,0,0,,,,50
9112940,0.5,0,0,0.0815451965,0,0,0,0,0,0,8.53240585,8.0907135,0,0,0,0,14,76057,0,0,0,,,,50
9114073,0.5,0,0,0.0815451965,0,0,0,0,0,0,8.52939224,8.08860207,0,0,0,0,14,76057,0,0,0,,,,50
9115200,0.5,0,0,0.0815451965,0,0,0,0,0,0,8.52939224,8.08860207,0,0,0,0,14,76057,0,0,0,,,,50
9116328,0.5,0,0,0.0815451965,0,0,0,0,0,0,8.52939224,8.08649063,0,0,0,0,14,76057,0,0,0,,,,50
9117456,0.5,0,0,0.0815451965,0,0,0,0,0,0,8.52939224,8.08649063,0,0,0,0,14,76057,0,0,0,,,,50
9118584,0.5,0,0,0.0815451965,0,0,0,0,0,0,8.53240585,8.08860207,0,0,0,0,14,76057,0,0,0,,,,50
9119711,0.5,0,0,0.0815451965,0,0,0,0,0,0,8.52939224,8.08860207,0,0,0,0,14,76057,0,0,0,,,,50
9120844,0.5,0,0,0.0815451965,0,0,0,0,0,0,8.52939224,8.08649063,0,0,0,0,14,76057,0,0,0,,,,50
9122176,0.5,0,0,0.0815451965,0,0,0,0,0,0,8.52939224,8.08649063,0,0,0,0,14,76057,0,0,0,,,,50
9123303,0.5,0,0,0.0815451965,0,0,0,0,0,0,8.52939224,8.0843792,0,0,0,0,14,76057,0,0,0,,,,50
9124431,0.5,0,0,0.0815451965,0,0,0,0,0,0,8.52939224,8.08860207,0,0,0,0,14,76057,0,0,0,,,,50
9125559,0.5,0,0,0.0815451965,0,0,0,0,0,0,8.52939224,8.08860207,0,0,0,0,14,76057,0,0,0,,,,50
9126691,0.5,0,0,0.0815451965,0,0,0,0,0,0,8.52939224,8.08649063,0,0,0,0,14,76057,0,0,0,,,,50
9127819,0.5,0,0,0.0815451965,0,0,0,0,0,0,8.52637863,8.08860207,0,0,0,0,14,76057,0,0,0,,,,50
9128947,0.5,0,0,0.0815451965,0,0,0,0,0,0,8.52939224,8.08649063,0,0,0,0,14,76057,0,0,0,,,,50
9130075,0.5,0,0,0.0815451965,0,0,0,0,0,0,8.52939224,8.08860207,0,0,0,0,14,76057,0,0,0,,,,50
9131202,0.5,0,0,0.0815451965,0,0,0,0,0,0,8.52939224,8.08860207,0,0,0,0,14,76057,0,0,0,,,,50
9132330,0.5,0,0,0.0815451965,0,0,0,0,0,0,8.52939224,8.08860207,0,0,0,0,15,76057,0,0,0,,,,50
9133463,0.5,0,0,0.0815451965,0,0,0,0,0,0,8.52939224,8.08860207,0,0,0,0,15,76057,0,0,0,,,,50
9134590,0.5,0,0,0.0815451965,0,0,0,0,0,0,8.52939224,8.08860207,0,0,0,0,15,76057,0,0,0,,,,50
9135718,0.5,0,0,0.0815451965,0,0,0,0,0,0,8.52939224,8.08860207,0,0,0,0,15,76057,0,0,0,,,,50
9136846,0.5,0,0,0.0815451965,0,0,0,0,0,0,8.52939224,8.08860207,0,0,0,0,15,76057,0,0,0,,,,50
9137974,0.5,0,0,0.0815451965,0,0,0,0,0,0,8.52939224,8.08860207,0,0,0,0,15,76057,0,0,0,,,,50
9139106,0.5,0,0,0.0815451965,0,0,0,0,0,0,8.53240585,8.08860207,0,0,0,0,15,76057,0,0,0,,,,50
9140234,0.5,0,0,0.0815451965,0,0,0,0,0,0,8.52939224,8.08649063,0,0,0,0,15,76057,0,0,0,,,,50
9141362,0.5,0,0,0.0815451965,0,0,0,0,0,0,8.52939224,8.08860207,0,0,0,0,15,76057,0,0,0,,,,50
9142489,0.5,0,0,0.0815451965,0,0,0,0,0,0,8.52939224,8.08860207,0,0,0,0,15,76057,0,0,0,,,,50
9143821,0.5,0,0,0.0815451965,0,0,0,0,0,0,8.52939224,8.08860207,0,0,0,0,15,76057,0,0,0,,,,50
9144949,0.5,0,0,0.0815451965,0,0,0,0,0,0,8.52939224,8.08860207,0,0,0,0,15,76057,0,0,0,,,,50
9146081,0.5,0,0,0.0815451965,0,0,0,0,0,0,8.52939224,8.08860207,0,0,0,0,15,76057,0,0,0,,,,50
9147209,0.5,0,0,0.0815451965,0,0,0,0,0,0,8.52939224,8.08860207,0,0,0,0,15,76057,0,0,0,,,,50
9148337,0.5,0,0,0.0815451965,0,0,0,0,0,0,8.52939224,8.08649063,0,0,0,0,15,76057,0,0,0,,,,50
9149465,0.5,0,0,0.0815451965,0,0,0,0,0,0,8.53240585,8.08860207,0,0,0,0,15,76057,0,0,0,,,,50
9150592,0.5,0,0,0.0815451965,0,0,0,0,0,0,8.52939224,8.08860207,0,0,0,0,15,76057,0,0,0,,,,50
9151725,0.5,0,0,0.0815451965,0,0,0,0,0,0,8.52939224,8.08860207,0,0,0,0,15,76057,0,0,0,,,,50
9152852,0.5,0,0,0.0815451965,0,0,0,0,0,0,8.52939224,8.08649063,0,0,0,0,15,76057,0,0,0,,,,50
9153980,0.5,0,0,0.0815451965,0,0,0,0,0,0,8.52637863,8.08860207,0,0,0,0,15,70376,0,0,0,,,,50
9155108,0.5,0,0,0.0932024643,0,0,0,0,0,0,8.52939224,8.08860207,0,0,0,0,15,70376,0,0,0,,,,50
9156236,0.5,0,0,0.0932024643,0,0,0,0,0,0,8.52939224,8.08860207,0,0,0,0,15,70376,0,0,0,,,,50
9157364,0.5,0,0,0.0932024643,0,0,0,0,0,0,8.53240585,8.08860207,0,0,0,0,16,70376,0,0,0,,,,50
9158496,0.5,0,0,0.0932024643,0,0,0,0,0,0,8.52939224,8.08860207,0,0,0,0,16,70376,0,0,0,,,,50
9159624,0.5,0,0,0.0932024643,0,0,0,0,0,0,8.52939224,8.08860207,0,0,0,0,16,70376,0,0,0,,,,50
9160751,0.5,0,0,0.0932024643,0,0,0,0,0,0,8.52939224,8.08860207,0,0,0,0,16,70376,0,0,0,,,,50
9161879,0.5,0,0,0.0932024643,0,0,0,0,0,0,8.52939224,8.08860207,0,0,0,0,16,70376,0,0,0,,,,50
9163007,0.5,0,0,0.0932024643,0,0,0,0,0,0,8.52939224,8.08649063,0,0,0,0,16,70376,0,0,0,,,,50
9164343,0.5,0,0,0.0932024643,0,0,0,0,0,0,8.52939224,8.08860207,0,0,0,0,16,70376,0,0,0,,,,50
9165471,0.5,0,0,0.0932024643,0,0,0,0,0,0,8.52939224,8.08860207,0,0,0,0,16,70376,0,0,0,,,,50
9166599,0.5,0,0,0.0932024643,0,0,0,0,0,0,8.52939224,8.08860207,0,0,0,0,16,70376,0,0,0,,,,50
9167727,0.5,0,0,0.0932024643,0,0,0,0,0,0,8.52939224,8.08860207,0,0,0,0,16,70376,0,0,0,,,,50
9168854,0.5,0,0,0.0932024643,0,0,0,0,0,0,8.52939224,8.08860207,0,0,0,0,16,70376,0,0,0,,,,50
9169982,0.5,0,0,0.0932024643,0,0,0,0,0,0,8.52939224,8.08649063,0,0,0,0,16,70376,0,0,0,,,,50
9171114,0.5,0,0,0.0932024643,0,0,0,0,0,0,8.52939224,8.08860207,0,0.00714798551,0,0,16,70376,0,0,0,,,,50
9172242,0.5,0,0,0.0932024643,0,0,0,0,0,0,8.52939224,8.08860207,0,0,0,0,16,70376,0,0,0,,,,50
9173370,0.5,0,0,0.0932024643,0,0,0,0,0,0,8.52939224,8.0843792,0,0,0,0,16,70376,0,0,0,,,,50
9174498,0.5,0,0,0.0932024643,0,0,0,0,0,0,8.52939224,8.08649063,0,0,0,0,16,70376,0,0,0,,,,50
9175626,0.5,0,0,0.0932024643,0,0,0,0,0,0,8.52939224,8.08860207,0,0,0,0,16,70376,0,0,0,,,,50
9176753,0.5,0,0,0.0932024643,0,0,0,0,0,0,8.52939224,8.08860207,0,0,0,0,16,70376,0,0,0,,,,50
9177886,0.5,0,0,0.0932024643,0,0,0,0,0,0,8.52939224,8.08860207,0,0,0,0,16,70376,0,0,0,,,,50
9179014,0.5,0,0,0.0932024643,0,0,0,0,0,0,8.52939224,8.08860207,0,0,0,0,16,70376,0,0,0,,,,50
9180141,0.5,0,0,0.0932024643,0,0,0,0,0,0,8.53240585,8.08860207,0,0,0,0,16,70376,0,0,0,,,,50
9181269,0.5,0,0,0.0932024643,0,0,0,0,0,0,8.53240585,8.08649063,0,0,0,0,16,70376,0,0,0,,,,50
9182397,0.5,0,0,0.0932024643,0,0,0,0,0,0,8.52939224,8.08860207,0,0,0,0,17,70376,0,0,0,,,,50
9183529,0.5,0,0,0.0932024643,0,0,0,0,0,0,8.52939224,8.08649063,0,0,0,0,17,70376,0,0,0,,,,50
9184861,0.5,0,0,0.0932024643,0,0,0,0,0,0,8.52939224,8.08860207,0,0,0,0,17,70376,0,0,0,,,,50
9185989,0.5,0,0,0.0932024643,0,0,0,0,0,0,8.52939224,8.08860207,0,0,0,0,17,70376,0,0,0,,,,50
9187117,0.5,0,0,0.0932024643,0,0,0,0,0,0,8.52939224,8.08649063,0,0,0,0,17,70376,0,0,0,,,,50
9188244,0.5,0,0,0.0932024643,0,0,0,0,0,0,8.52939224,8.08860207,0,0,0,0,17,70376,0,0,0,,,,50
9189372,0.5,0,0,0.0932024643,0,0,0,0,0,0,8.52939224,8.08860207,0,0,0,0,17,70376,0,0,0,,,,50
9190504,0.5,0,0,0.0932024643,0,0,0,0,0,0,8.52939224,8.08860207,0,0,0,0,17,70376,0,0,0,,,,50
9191632,0.5,0,0,0.0932024643,0,0,0,0,0,0,8.52939224,8.08860207,0,0,0,0,17,70376,0,0,0,,,,50
9192760,0.5,0,0,0.0932024643,0,0,0,0,0,0,8.52939224,8.08860207,0,0,0,0,17,70376,0,0,0,,,,50
9193888,0.5,0,0,0.0932024643,0,0,0,0,0,0,8.52939224,8.0907135,0,0,0,0,17,70376,0,0,0,,,,50
9195015,0.5,0,0,0.0932024643,0,0,0,0,0,0,8.52939224,8.08860207,0,0,0,0,17,70376,0,0,0,,,,50
9196148,0.5,0,0,0.0932024643,0,0,0,0,0,0,8.52939224,8.08649063,0,0,0,0,17,70376,0,0,0,,,,50
9197276,0.5,0,0,0.0932024643,0,0,0,0,0,0,8.52939224,8.08860207,0,0,0,0,17,70376,0,0,0,,,,50
9198403,0.5,0,0,0.0932024643,0,0,0,0,0,0,8.52939224,8.08649063,0,0,0,0,17,70376,0,0,0,,,,50
9199531,0.5,0,0,0.0932024643,0,0,0,0,0,0,8.52939224,8.08860207,0,0,0,0,17,70376,0,0,0,,,,50
9200659,0.5,1,0,0.0932024643,0.00805860758,0,0,0,0,0,8.52939224,8.08860207,0,0,0,0,17,70376,0,0,0,,,,50
9201787,0.5,0,0,0.105664089,0,0,0,0,0,0,8.52939224,8.08860207,0,0,0,0,17,64621,0,0,0,,,,50
9202919,0.5,0,0,0.105664089,0,0,0,0,0,0,8.52939224,8.08860207,0,0,0,0,18,64621,0,0,0,,,,50
9204047,0.5,0,0,0.105664089,0,0,0,0,0,0,8.52939224,8.08860207,0,0,0,0,18,64621,0,0,0,,,,50
9205175,0.5,0,0,0.105664089,0,0,0,0,0,0,8.52939224,8.08860207,0,0,0,0,18,64621,0,0,0,,,,50
9206506,0.5,0,0,0.105664089,0,0,0,0,0,0,8.52939224,8.08860207,0,0,0,0,18,64621,0,0,0,,,,50
9207634,0.5,0,0,0.105664089,0,0,0,0,0,0,8.52939224,8.08649063,0,0,0,0,18,64621,0,0,0,,,,50
9208767,0.5,0,0,0.105664089,0,0,0,0,0,0,8.52939224,8.08860207,0,0,0,0,18,64621,0,0,0,,,,50
9209894,0.5,0,0,0.105664089,0,0,0,0,0,0,8.52939224,8.08860207,0,0,0,0,18,64621,0,0,0,,,,50
9211022,0.5,0,0,0.105664089,0,0,0,0,0,0,8.52939224,8.08860207,0,0,0,0,18,64621,0,0,0,,,,50
9212150,0.5,0,0,0.105664089,0,0,0,0,0,0,8.52637863,8.08860207,0,0,0,0,18,64621,0,0,0,,,,50
9213278,0.5,0,0,0.105664089,0,0,0,0,0,0,8.52939224,8.08860207,0,0,0,0,18,64621,0,0,0,,,,50
9214405,0.5,0,0,0.105664089,0,0,0,0,0,0,8.53240585,8.08860207,0,0,0,0,18,64621,0,0,0,,,,50
9215538,0.5,0,0,0.105664089,0,0,0,0,0,0,8.52939224,8.08860207,0,0,0,0,18,64621,0,0,0,,,,50
9216666,0.5,0,0,0.105664089,0,0,0,0,0,0,8.52939224,8.08860207,0,0,0,0,18,64621,0,0,0,,,,50
9217793,0.5,0,0,0.105664089,0,0,0,0,0,0,8.52939224,8.08860207,0,0,0,0,18,64621,0,0,0,,,,50
9218921,0.5,0,0,0.105664089,0,0,0,0,0,0,8.52939224,8.08860207,0,0,0,0,18,64621,0,0,0,,,,50
9220049,0.5,0,0,0.105664089,0,0,0,0,0,0,8.52939224,8.08649063,0,0,0,0,18,64621,0,0,0,,,,50
9221177,0.5,0,0,0.105664089,0,0,0,0,0,0,8.52939224,8.0843792,0,0,0,0,18,64621,0,0,0,,,,50
9222309,0.5,0,0,0.105664089,0,0,0,0,0,0,8.52939224,8.08860207,0,0,0,0,18,64621,0,0,0,,,,50
9223437,0.5,0,0,0.105664089,0,0,0,0,0,0,8.53240585,8.08649063,0,0,0,0,18,64621,0,0,0,,,,50
9224564,0.5,0,0,0.105664089,0,0,0,0,0,0,8.52939224,8.08860207,0,0,0,0,18,64621,0,0,0,,,,50
9225692,0.5,0,0,0.105664089,0,0,0,0,0,0,8.52939224,8.08860207,0,0,0,0,19,64621,0,0,0,,,,50
9227024,0.5,0,0,0.105664089,0,0,0,0,0,0,8.52939224,8.08649063,0,0,0,0,19,64621,0,0,0,,,,50
9228156,0.5,0,0,0.105664089,0,0,0,0,0,0,8.52939224,8.08860207,0,0,0,0,19,64621,0,0,0,,,,50
9229284,0.5,0,0,0.105664089,0,0,0,0,0,0,8.52939224,8.08860207,0,0,0,0,19,64621,0,0,0,,,,50
9230412,0.5,0,0,0.105664089,0,0,0,0,0,0,8.52939224,8.08860207,0,0,0,0,19,64621,0,0,0,,,,50
9231540,0.5,0,0,0.105664089,0,0,0,0,0,0,8.52939224,8.08649063,0,0,0,0,19,64621,0,0,0,,,,50
9232667,0.5,0,0,0.105664089,0,0,0,0,0,0,8.52939224,8.08649063,0,0,0,0,19,64621,0,0,0,,,,50
9233795,0.5,0,0,0.105664089,0,0,0,0,0,0,8.52939224,8.08860207,0,0,0,0,19,64621,0,0,0,,,,50
9234928,0.5,0,0,0.105664089,0,0,0,0,0,0,8.52939224,8.08860207,0,0,0,0,19,64621,0,0,0,,,,50
9236055,0.5,0,0,0.105664089,0,0,0,0,0,0,8.52939224,8.08860207,0,0,0,0,19,64621,0,0,0,,,,50
9237183,0.5,0,0,0.105664089,0,0,0,0,0,0,8.52939224,8.08860207,0,0,0,0,19,64621,0,0,0,,,,50
9238311,0.5,0,0,0.105664089,0,0,0,0,0,0,8.52939224,8.08649063,0,0,0,0,19,64621,0,0,0,,,,50
9239439,0.5,0,0,0.105664089,0,0,0,0,0,0,8.52939224,8.08649063,0,0,0,0,19,64621,0,0,0,,,,50
9240571,0.5,0,0,0.105664089,0,0,0,0,0,0,8.52939224,8.08860207,0,0,0,0,19,64621,0,0,0,,,,50
9241699,0.5,0,0,0.105664089,0,0,0,0,0,0,8.53240585,8.08860207,0,0,0,0,19,64621,0,0,0,,,,50
9242827,0.5,0,0,0.105664089,0,0,0,0,0,0,8.52939224,8.08649063,0,0,0,0,19,64621,0,0,0,,,,50
9243954,0.5,0,0,0.119321361,0,0,0,0,0,0,8.52939224,8.08860207,0,0,0,0,19,58918,0,0,0,,,,50
9245082,0.5,0,0,0.119321361,0,0,0,0,0,0,8.52939224,8.08860207,0,0,0,0,20,58918,0,0,0,,,,50
9246210,0.5,0,0,0.119321361,0,0,0,0,0,0,8.52939224,8.08860207,0,0,0,0,20,58918,0,0,0,,,,50
9247342,0.5,0,0,0.119321361,0,0,0,0,0,0,8.52939224,8.08860207,0,0,0,0,20,58918,0,0,0,,,,50
9248674,0.5,0,0,0.119321361,0,0,0,0,0,0,8.52939224,8.08860207,0,0,0,0,20,58918,0,0,0,,,,50
9249802,0.5,0,0,0.119321361,0,0,0,0,0,0,8.52939224,8.08860207,0,0,0,0,20,58918,0,0,0,,,,50
9250930,0.5,0,0,0.119321361,0,0,0,0,0,0,8.52939224,8.08860207,0,0,0,0,20,58918,0,0,0,,,,50
9252057,0.5,0,0,0.119321361,0,0,0,0,0,0,8.52939224,8.08860207,0,0,0,0,20,58918,0,0,0,,,,50
9253190,0.5,0,0,0.119321361,0,0,0,0,0,0,8.52939224,8.08860207,0,0,0,0,20,58918,0,0,0,,,,50
9254318,0.5,0,0,0.119321361,0,0,0,0,0,0,8.52939224,8.08860207,0,0,0,0,20,58918,0,0,0,,,,50
9255445,0.5,0,0,0.119321361,0,0,0,0,0,0,8.52939224,8.08860207,0,0,0,0,20,58918,0,0,0,,,,50
9256573,0.5,0,0,0.119321361,0,0,0,0,0,0,8.52939224,8.08860207,0,0,0,0,20,58918,0,0,0,,,,50
9257701,0.5,0,0,0.119321361,0,0,0,0,0,0,8.53240585,8.0907135,0,0,0,0,20,58918,0,0,0,,,,50
9258829,0.5,0,0,0.119321361,0,0,0,0,0,0,8.52939224,8.08860207,0,0,0,0,20,58918,0,0,0,,,,50
9259961,0.5,0,0,0.119321361,0,0,0,0,0,0,8.52939224,8.08860207,0,0,0,0,20,58918,0,0,0,,,,50
9261089,0.5,0,0,0.119321361,0,0,0,0,0,0,8.53240585,8.08860207,0,0,0,0,20,58918,0,0,0,,,,50
9262217,0.5,0,0,0.119321361,0,0,0,0,0,0,8.52939224,8.08860207,0,0,0,0,20,58918,0,0,0,,,,50
9263344,0.5,0,0,0.119321361,0,0,0,0,0,0,8.52939224,8.08649063,0,0,0,0,20,58918,0,0,0,,,,50
9264472,0.5,0,0,0.119321361,0,0,0,0,0,0,8.52939224,8.0907135,0,0,0,0,20,58918,0,0,0,,,,50
9265600,0.5,0,0,0.119321361,0,0,0,0,0,0,8.52939224,8.08860207,0,0.00714798551,0,0,21,58918,0,0,0,,,,50
9266732,0.5,0,0,0.119321361,0,0,0,0,0,0,8.52939224,8.08860207,0,0,0,0,21,58918,0,0,0,,,,50
9267860,0.5,0,0,0.119321361,0,0,0,0,0,0,8.52939224,8.08860207,0,0,0,0,21,58918,0,0,0,,,,50
9269192,0.5,0,0,0.119321361,0,0,0,0,0,0,8.52939224,8.08860207,0,0,0,0,21,58918,0,0,0,,,,50
9270319,0.5,0,0,0.119321361,0,0,0,0,0,0,8.52939224,8.08649063,0,0,0,0,21,58918,0,0,0,,,,50
9271447,0.5,0,0,0.119321361,0,0,0,0,0,0,8.52939224,8.08860207,0,0,0,0,21,58918,0,0,0,,,,50
9272579,0.5,0,0,0.119321361,0,0,0,0,0,0,8.52939224,8.08860207,0,0,0,0,21,58918,0,0,0,,,,50
9273707,0.5,0,0,0.119321361,0,0,0,0,0,0,8.52939224,8.08649063,0,0,0,0,21,58918,0,0,0,,,,50
9274835,0.5,0,0,0.119321361,0,0,0,0,0,0,8.52939224,8.08860207,0,0,0,0,21,58918,0,0,0,,,,50
9275963,0.5,0,0,0.119321361,0,0,0,0,0,0,8.52939224,8.08860207,0,0,0,0,21,58918,0,0,0,,,,50
9277090,0.5,0,0,0.119321361,0,0,0,0,0,0,8.53240585,8.08860207,0,0,0,0,21,58918,0,0,0,,,,50
9278218,0.5,0,0,0.119321361,0,0,0,0,0,0,8.52939224,8.08649063,0,0,0,0,21,58918,0,0,0,,,,50
9279350,0.5,0,0,0.119321361,0,0,0,0,0,0,8.52939224,8.08860207,0,0,0,0,21,58918,0,0,0,,,,50
9280478,0.5,0,0,0.119321361,0,0,0,0,0,0,8.52939224,8.08860207,0,0,0,0,21,58918,0,0,0,,,,50
9281606,0.5,0,0,0.119321361,0,0,0,0,0,0,8.53240585,8.08860207,0,0,0,0,21,58918,0,0,0,,,,50
9282733,0.5,0,0,0.119321361,0,0,0,0,0,0,8.52939224,8.08860207,0,0,0,0,21,54004,0,0,0,,,,50
9283861,0.5,0,0,0.131242007,0,0.00805860758,0,0,0,0,8.52939224,8.08860207,0,0,0,0,22,54004,0,0,0,,,,50
9284993,0.5,0,0,0.131242007,0,0,0,0,0,0,8.53240585,8.08860207,0,0,0,0,22,54004,0,0,0,,,,50
9286121,0.5,0,0,0.131242007,0,0,0,0,0,0,8.52939224,8.08649063,0,0,0,0,22,54004,0,0,0,,,,50
9287248,0.5,0,0,0.131242007,0,0,0,0,0,0,8.52939224,8.08860207,0,0,0,0,22,54004,0,0,0,,,,50
9288376,0.5,0,0,0.131242007,0,0,0,0,0,0,8.52939224,8.08860207,0,0,0,0,22,54004,0,0,0,,,,50
9289504,0.5,0,0,0.131242007,0,0,0,0,0,0,8.52939224,8.08860207,0,0,0,0,22,54004,0,0,0,,,,50
9290836,0.5,0,0,0.131242007,0,0,0,0,0,0,8.52939224,8.0907135,0,0,0,0,22,54004,0,0,0,,,,50
9291968,0.5,0,0,0.131242007,0,0,0,0,0,0,8.52939224,8.08649063,0,0,0,0,22,54004,0,0,0,,,,50
9293096,0.5,0,0,0.131242007,0,0,0,0,0,0,8.52637863,8.08860207,0,0,0,0,22,54004,0,0,0,,,,50
9294224,0.5,0,0,0.131242007,0,0,0,0,0,0,8.52637863,8.08860207,0,0,0,0,22,54004,0,0,0,,,,50
9295351,0.5,0,0,0.131242007,0,0.00805860758,0,0,0,0,8.52637863,8.08860207,0,0,0,0,22,54004,0,0,0,,,,50
9296479,0.5,0,0,0.131242007,0,0,0,0,0,0,8.52939224,8.08649063,0,0,0,0,22,54004,0,0,0,,,,50
9297612,0.5,0,0,0.131242007,0,0,0,0,0,0,8.52939224,8.08860207,0,0,0,0,22,54004,0,0,0,,,,50
9298739,0.5,0,0,0.131242007,0,0,0,0,0,0,8.52939224,8.08860207,0,0,0,0,22,54004,0,0,0,,,,50
9299867,0.5,0,0,0.131242007,0,0,0,0,0,0,8.52939224,8.08860207,0,0,0,0,22,54004,0,0,0,,,,50
9300995,0.5,0,0,0.131242007,0,0,0,0,0,0,8.52939224,8.08860207,0,0,0,0,22,54004,0,0,0,,,,50
9302122,0.5,0,0,0.131242007,0,0,0,0,0,0,8.53240585,8.08860207,0,0,0,0,22,54004,0,0,0,,,,50
9303250,0.5,0,0,0.131242007,0,0,0,0,0,0,8.52939224,8.08860207,0,0,0,0,23,54004,0,0,0,,,,50
9304383,0.5,0,0,0.131242007,0,0,0,0,0,0,8.52939224,8.08860207,0,0,0,0,23,54004,0,0,0,,,,50
9305510,0.5,0,0,0.131242007,0,0,0,0,0,0,8.53240585,8.08860207,0,0,0,0,23,54004,0,0,0,,,,50
9306638,0.5,0,0,0.131242007,0,0,0,0,0,0,8.52939224,8.08860207,0,0,0,0,23,54004,0,0,0,,,,50
9307766,0.5,0,0,0.131242007,0,0,0,0,0,0,8.53240585,8.08860207,0,0,0,0,23,54004,0,0,0,,,,50
9308894,0.5,0,0,0.131242007,0,0,0,0,0,0,8.52939224,8.08649063,0,0,0,0,23,54004,0,0,0,,,,50
9310026,0.5,0,0,0.131242007,0,0,0,0,0,0,8.52939224,8.08860207,0,0,0,0,23,54004,0,0,0,,,,50
9311358,0.5,0,0,0.131242007,0,0,0,0,0,0,8.52939224,8.08860207,0,0,0,0,23,54004,0,0,0,,,,50
9312485,0.5,0,0,0.131242007,0,0,0,0,0,0,8.52939224,8.08860207,0,0,0,0,23,54004,0,0,0,,,,50
9313613,0.5,0,0,0.131242007,0,0,0,0,0,0,8.52637863,8.08860207,0,0,0,0,23,54004,0,0,0,,,,50
9314741,0.5,0,0,0.131242007,0,0,0,0,0,0,8.52939224,8.08860207,0,0,0,0,23,54004,0,0,0,,,,50
9315869,0.5,0,0,0.131242007,0,0,0,0,0,0,8.52939224,8.08860207,0,0,0,0,23,54004,0,0,0,,,,50
9317001,0.5,0,0,0.131242007,0,0,0,0,0,0,8.52939224,8.08860207,0,0,0,0,23,54004,0,0,0,,,,50
9318129,0.5,0,0,0.131242007,0,0,0,0,0,0,8.52939224,8.08860207,0,0,0,0,23,54004,0,0,0,,,,50
9319257,0.5,0,0,0.131242007,0,0,0,0,0,0,8.52939224,8.08860207,0,0,0,0,23,49665,0,0,0,,,,50
9320384,0.5,0,0,0.140161619,0,0.00805860758,0,0,0,0,8.52939224,8.08860207,0,0,0,0,24,49665,0,0,0,,,,50
9321512,0.5,0,0,0.140161619,0,0,0,0,0,0,8.52939224,8.08860207,0,0,0,0,24,49665,0,0,0,,,,50
9322640,0.5,0,0,0.140161619,0,0,0,0,0,0,8.52939224,8.08649063,0,0,0,0,24,49665,0,0,0,,,,50
9323772,0.5,0,0,0.140161619,0,0,0,0,0,0,8.52939224,8.08860207,0,0,0,0,24,49665,0,0,0,,,,50
9324900,0.5,0,0,0.140161619,0,0,0,0,0,0,8.52939224,8.08860207,0,0,0,0,24,49665,0,0,0,,,,50
9326028,0.5,0,0,0.140161619,0,0,0,0,0,0,8.52939224,8.08860207,0,0,0,0,24,49665,0,0,0,,,,50
9327155,0.5,0,0,0.140161619,0,0,0,0,0,0,8.53240585,8.08860207,0,0,0,0,24,49665,0,0,0,,,,50
9328283,0.5,0,0,0.140161619,0,0,0,0,0,0,8.52939224,8.08860207,0,0,0,0,24,49665,0,0,0,,,,50
9329416,0.5,0,0,0.140161619,0,0,0,0,0,0,8.53240585,8.08860207,0,0,0,0,24,49665,0,0,0,,,,50
9330543,0.5,0,0,0.140161619,0,0,0,0,0,0,8.52939224,8.08649063,0,0,0,0,24,49665,0,0,0,,,,50
9331875,0.5,0,0,0.140161619,0,0,0,0,0,0,8.52939224,8.08649063,0,0,0,0,24,49665,0,0,0,,,,50
9333003,0.5,0,0,0.140161619,0,0,0,0,0,0,8.52939224,8.08860207,0,0,0,0,24,49665,0,0,0,,,,50
9334131,0.5,0,0,0.140161619,0,0,0,0,0,0,8.52939224,8.08649063,0,0,0,0,24,49665,0,0,0,,,,50
9335258,0.5,0,0,0.140161619,0,0,0,0,0,0,8.52939224,8.08649063,0,0,0,0,24,49665,0,0,0,,,,50
9336391,0.5,0,0,0.140161619,0,0,0,0,0,0,8.52939224,8.08860207,0,0,0,0,24,49665,0,0,0,,,,50
9337519,0.5,0,0,0.140161619,0,0,0,0,0,0,8.52939224,8.08860207,0,0,0,0,24,49665,0,0,0,,,,50
9338646,0.5,0,0,0.140161619,0,0,0,0,0,0,8.52939224,8.08649063,0,0,0,0,24,49665,0,0,0,,,,50
9339774,0.5,0,0,0.140161619,0,0,0,0,0,0,8.53240585,8.08649063,0,0,0,0,25,49665,0,0,0,,,,50
9340902,0.5,0,0,0.140161619,0,0,0,0,0,0,8.53240585,8.08860207,0,0,0,0,25,49665,0,0,0,,,,50
9342034,0.5,0,0,0.140161619,0,0,0,0,0,0,8.53240585,8.08860207,0,0,0,0,25,49665,0,0,0,,,,50
9343162,0.5,0,0,0.140161619,0,0,0,0,0,0,8.52939224,8.08860207,0,0,0,0,25,49665,0,0,0,,,,50
9344289,0.5,0,0,0.140161619,0,0,0,0,0,0,8.52939224,8.08860207,0,0,0,0,25,49665,0,0,0,,,,50
9345417,0.5,0,0,0.140161619,0,0,0,0,0,0,8.52939224,8.08649063,0,0,0,0,25,49665,0,0,0,,,,50
9346545,0.5,0,0,0.140161619,0,0,0,0,0,0,8.52939224,8.08649063,0,0,0,0,25,49665,0,0,0,,,,50
9347673,0.5,0,0,0.140161619,0,0,0,0,0,0,8.52939224,8.08860207,0,0,0,0,25,49665,0,0,0,,,,50
9348805,0.5,0,0,0.140161619,0,0,0,0,0,0,8.52939224,8.08860207,0,0,0,0,25,49665,0,0,0,,,,50
9349933,0.5,0,0,0.140161619,0,0,0,0,0,0,8.52939224,8.08860207,0,0,0,0,25,49665,0,0,0,,,,50
9351061,0.5,0,0,0.140161619,0,0,0,0,0,0,8.52939224,8.08649063,0,0,0,0,25,49665,0,0,0,,,,50
9352188,0.5,0,0,0.140161619,0,0,0,0,0,0,8.52939224,8.08649063,0,0,0,0,25,49665,0,0,0,,,,50
9353520,0.5,0,0,0.140161619,0,0,0,0,0,0,8.52939224,8.08860207,0,0,0,0,25,49665,0,0,0,,,,50
9354653,0.5,0,0,0.140161619,0,0,0,0,0,0,8.52939224,8.08860207,0,0,0,0,25,49665,0,0,0,,,,50
9355780,0.5,0,0,0.145687073,0,0,0,0,0,0,8.52939224,8.08860207,0,0,0,0,25,46344,0,0,0,,,,50
9356908,0.5,0,0,0.145687073,0,0,0,0,0,0,8.52939224,8.08860207,0,0,0,0,26,46344,0,0,0,,,,50
9358036,0.5,0,0,0.145687073,0,0,0,0,0,0,8.52939224,8.0907135,0,0,0,0,26,46344,0,0,0,,,,50
9359164,0.5,0,0,0.145687073,0,0,0,0,0,0,8.52939224,8.08860207,0,0,0,0,26,46344,0,0,0,,,,50
9360291,0.5,0,0,0.145687073,0,0,0,0,0,0,8.53240585,8.08860207,0,0,0,0,26,46344,0,0,0,,,,50
9361424,0.5,0,0,0.145687073,0,0,0,0,0,0,8.52939224,8.08860207,0,0,0,0,26,46344,0,0,0,,,,50
9362551,0.5,0,0,0.145687073,0,0,0,0,0,0,8.52939224,8.08860207,0,0,0,0,26,46344,0,0,0,,,,50
9363679,0.5,0,0,0.145687073,0,0,0,0,0,0,8.52939224,8.08860207,0,0,0,0,26,46344,0,0,0,,,,50
9364807,0.5,0,0,0.145687073,0,0,0,0,0,0,8.52939224,8.08860207,0,0,0,0,26,46344,0,0,0,,,,50
9365935,0.5,0,0,0.145687073,0,0,0,0,0,0,8.52939224,8.08860207,0,0,0,0,26,46344,0,0,0,,,,50
9367062,0.5,0,0,0.145687073,0,0,0,0,0,0,8.53240585,8.08860207,0,0,0,0,26,46344,0,0,0,,,,50
9368195,0.5,0,0,0.145687073,0,0,0,0,0,0,8.52939224,8.08860207,0,0,0,0,26,46344,0,0,0,,,,50
9369322,0.5,0,0,0.145687073,0,0,0,0,0,0,8.52939224,8.08860207,0,0,0,0,26,46344,0,0,0,,,,50
9370450,0.5,0,0,0.145687073,0,0,0,0,0,0,8.52939224,8.08860207,0,0,0,0,26,46344,0,0,0,,,,50
9371578,0.5,0,0,0.145687073,0,0,0,0,0,0,8.52939224,8.08649063,0,0,0,0,26,46344,0,0,0,,,,50
9372706,0.5,0,0,0.145687073,0,0,0,0,0,0,8.52939224,8.08649063,0,0,0,0,26,46344,0,0,0,,,,50
9374042,0.5,0,0,0.145687073,0,0,0,0,0,0,8.52939224,8.08860207,0,0,0,0,26,46344,0,0,0,,,,50
9375170,0.5,0,0,0.145687073,0,0,0,0,0,0,8.52939224,8.08860207,0,0,0,0,27,46344,0,0,0,,,,50
9376297,0.5,0,0,0.145687073,0,0,0,0,0,0,8.52939224,8.08860207,0,0,0,0,27,46344,0,0,0,,,,50
9377425,0.5,0,0,0.145687073,0,0,0,0,0,0,8.52939224,8.08860207,0,0,0,0,27,46344,0,0,0,,,,50
9378553,0.5,0,0,0.145687073,0,0,0,0,0,0,8.52939224,8.08649063,0,0.00714798551,0,0,27,46344,0,0,0,,,,50
9379680,0.5,0,0,0.145687073,0,0,0,0,0,0,8.52939224,8.08860207,0,0,0,0,27,46344,0,0,0,,,,50
9380813,0.5,0,0,0.145687073,0,0,0,0,0,0,8.52637863,8.08860207,0,0,0,0,27,46344,0,0,0,,,,50
9381941,0.5,0,0,0.145687073,0,0,0,0,0,0,8.52939224,8.08649063,0,0,0,0,27,46344,0,0,0,,,,50
9383068,0.5,0,0,0.145687073,0,0,0,0,0,0,8.53240585,8.08649063,0,0,0,0,27,46344,0,0,0,,,,50
9384196,0.5,0,0,0.145687073,0,0,0,0,0,0,8.52939224,8.08649063,0,0,0,0,27,46344,0,0,0,,,,50
9385324,0.5,0,0,0.145687073,0,0,0,0,0,0,8.52939224,8.08860207,0,0,0,0,27,46344,0,0,0,,,,50
9386456,0.5,0,0,0.145687073,0,0,0,0,0,0,8.52939224,8.08860207,0,0,0,0,27,46344,0,0,0,,,,50
9387584,0.5,0,0,0.145687073,0,0,0,0,0,0,8.52637863,8.08860207,0,0,0,0,27,46344,0,0,0,,,,50
9388711,0.5,0,0,0.145687073,0,0,0,0,0,0,8.52939224,8.08860207,0,0,0,0,27,46344,0,0,0,,,,50
9389839,0.5,0,0,0.145687073,0,0,0,0,0,0,8.52939224,8.08860207,0,0,0,0,27,46344,0,0,0,,,,50
9390967,0.5,0,0,0.145687073,0,0,0,0,0,0,8.52939224,8.08860207,0,0,0,0,27,46344,0,0,0,,,,50
9392095,0.5,0,0,0.147044167,0,0,0,0,0,0,8.52939224,8.08649063,0,0,0,0,27,43751,0,0,0,,,,50
9393227,0.5,0,0,0.147044167,0,0,0,0,0,0,8.52939224,8.08860207,0,0,0,0,28,43751,0,0,0,,,,50
9394355,0.5,0,0,0.147044167,0,0,0,0,0,0,8.52939224,8.08860207,0,0,0,0,28,43751,0,0,0,,,,50
9395686,0.5,0,0,0.147044167,0,0,0,0,0,0,8.52637863,8.08860207,0,0,0,0,28,43751,0,0,0,,,,50
9396814,0.5,0,0,0.147044167,0,0,0,0,0,0,8.52939224,8.08649063,0,0,0,0,28,43751,0,0,0,,,,50
9397942,0.5,0,0,0.147044167,0,0,0,0,0,0,8.52939224,8.08860207,0,0,0,0,28,43751,0,0,0,,,,50
9399074,0.5,0,0,0.147044167,0,0,0,0,0,0,8.53240585,8.08860207,0,0,0,0,28,43751,0,0,0,,,,50
9400202,0.5,0,0,0.147044167,0,0,0,0,0,0,8.52939224,8.08860207,0,0,0,0,28,43751,0,0,0,,,,50
9401329,0.5,0,0,0.147044167,0,0,0,0,0,0,8.52939224,8.08860207,0,0,0,0,28,43751,0,0,0,,,,50
9402457,0.5,0,0,0.147044167,0,0,0,0,0,0,8.52939224,8.08649063,0,0,0,0,28,43751,0,0,0,,,,50
9403584,0.5,0,0,0.147044167,0,0,0,0,0,0,8.52939224,8.08860207,0,0,0,0,28,43751,0,0,0,,,,50
9404712,0.5,0,0,0.147044167,0,0,0,0,0,0,8.52939224,8.08649063,0,0,0,0,28,43751,0,0,0,,,,50
9405845,0.5,0,0,0.147044167,0,0,0,0,0,0,8.52939224,8.08860207,0,0,0,0,28,43751,0,0,0,,,,50
9406972,0.5,0,0,0.147044167,0,0,0,0,0,0,8.52939224,8.08860207,0,0,0,0,28,43751,0,0,0,,,,50
9408100,0.5,0,0,0.147044167,0,0,0,0,0,0,8.52939224,8.08860207,0,0,0,0,28,43751,0,0,0,,,,50
9409228,0.5,0,0,0.147044167,0,0,0,0,0,0,8.52939224,8.08860207,0,0,0,0,28,43751,0,0,0,,,,50
9410356,0.5,0,0,0.147044167,0,0,0,0,0,0,8.52939224,8.08860207,0,0,0,0,28,43751,0,0,0,,,,50
9411483,0.5,0,0,0.147044167,0,0,0,0,0,0,8.52939224,8.08860207,0,0,0,0,29,43751,0,0,0,,,,50
9412616,0.5,0,0,0.147044167,0,0,0,0,0,0,8.53542042,8.08860207,0,0,0,0,29,43751,0,0,0,,,,50
9413744,0.5,0,0,0.147044167,0,0,0,0,0,0,8.52939224,8.08860207,0,0,0,0,29,43751,0,0,0,,,,50
9414871,0.5,0,0,0.147044167,0,0,0,0,0,0,8.52939224,8.08860207,0,0,0,0,29,43751,0,0,0,,,,50
9416203,0.5,0,0,0.147044167,0,0,0,0,0,0,8.52939224,8.08860207,0,0,0,0,29,43751,0,0,0,,,,50
9417331,0.5,0,0,0.147044167,0,0,0,0,0,0,8.52939224,8.08860207,0,0,0,0,29,43751,0,0,0,,,,50
9418463,0.5,0,0,0.147044167,0,0,0,0,0,0,8.52939224,8.08860207,0,0,0,0,29,43751,0,0,0,,,,50
9419591,0.5,0,0,0.147044167,0,0,0,0,0,0,8.52939224,8.08860207,0,0,0,0,29,43751,0,0,0,,,,50
9420719,0.5,0,0,0.147044167,0,0,0,0,0,0,8.52939224,8.08860207,0,0,0,0,29,43751,0,0,0,,,,50
9421846,0.5,0,0,0.147044167,0,0,0,0,0,0,8.52939224,8.08860207,0,0,0,0,29,43751,0,0,0,,,,50
9422974,0.5,0,0,0.147044167,0,0,0,0,0,0,8.52939224,8.08860207,0,0,0,0,29,43751,0,0,0,,,,50
9424102,0.5,0,0,0.147044167,0,0,0,0,0,0,8.52939224,8.08860207,0,0,0,0,29,43751,0,0,0,,,,50
9425234,0.5,0,0,0.147044167,0,0,0,0,0,0,8.52939224,8.08860207,0,0.00714798551,0,0,29,43751,0,0,0,,,,50
9426362,0.5,0,0,0.147044167,0,0,0,0,0,0,8.52637863,8.08860207,0,0,0,0,29,43751,0,0,0,,,,50
9427490,0.5,0,0,0.148528308,0,0,0,0,0,0,8.52939224,8.08649063,0,0,0,0,29,41728,0,0,0,,,,50
9428618,0.5,0,0,0.148528308,0,0,0,0,0,0,8.53240585,8.08649063,0,0,0,0,29,41728,0,0,0,,,,50
9429745,0.5,0,0,0.148528308,0,0,0,0,0,0,8.52939224,8.08860207,0,0,0,0,30,41728,0,0,0,,,,50
9430878,0.5,0,0,0.148528308,0,0,0,0,0,0,8.52939224,8.08860207,0,0,0,0,30,41728,0,0,0,,,,50
9432005,0.5,0,0,0.148528308,0,0,0,0,0,0,8.53240585,8.08860207,0,0,0,0,30,41728,0,0,0,,,,50
9433133,0.5,0,0,0.148528308,0,0,0,0,0,0,8.52939224,8.08860207,0,0,0,0,30,41728,0,0,0,,,,50
9434261,0.5,0,0,0.148528308,0,0,0,0,0,0,8.52939224,8.08860207,0,0,0,0,30,41728,0,0,0,,,,50
9435389,0.5,0,0,0.148528308,0,0,0,0,0,0,8.52939224,8.08860207,0,0,0,0,30,41728,0,0,0,,,,50
9436516,0.5,0,0,0.148528308,0,0,0,0,0,0,8.52939224,8.08860207,0,0,0,0,30,41728,0,0,0,,,,50
9437853,0.5,0,0,0.148528308,0,0,0,0,0,0,8.52939224,8.08860207,0,0,0,0,30,41728,0,0,0,,,,50
9438981,0.5,0,0,0.148528308,0,0,0,0,0,0,8.52939224,8.08860207,0,0,0,0,30,41728,0,0,0,,,,50
9440108,0.5,0,0,0.148528308,0,0,0,0,0,0,8.52939224,8.08649063,0,0,0,0,30,41728,0,0,0,,,,50
9441236,0.5,0,0,0.148528308,0,0,0,0,0,0,8.52939224,8.08860207,0,0,0,0,30,41728,0,0,0,,,,50
9442364,0.5,0,0,0.148528308,0,0,0,0,0,0,8.52939224,8.08860207,0,0,0,0,30,41728,0,0,0,,,,50
9443496,0.5,0,0,0.148528308,0,0,0,0,0,0,8.52939224,8.08860207,0,0,0,0,30,41728,0,0,0,,,,50
9444624,0.5,0,0,0.148528308,0,0,0,0,0,0,8.52939224,8.08860207,0,0,0,0,30,41728,0,0,0,,,,50
9445752,0.5,0,0,0.148528308,0,0,0,0,0,0,8.52939224,8.08860207,0,0,0,0,30,41728,0,0,0,,,,50
9446880,0.5,0,0,0.148528308,0,0,0,0,0,0,8.53240585,8.08649063,0,0,0,0,30,41728,0,0,0,,,,50
9448007,0.5,0,0,0.148528308,0,0,0,0,0,0,8.52939224,8.08860207,0,0,0,0,31,41728,0,0,0,,,,50
9449135,0.5,0,0,0.148528308,0,0,0,0,0,0,8.52939224,8.08649063,0,0,0,0,31,41728,0,0,0,,,,50
9450267,0.5,0,0,0.148528308,0,0,0,0,0,0,8.52939224,8.08860207,0,0,0,0,31,41728,0,0,0,,,,50
9451395,0.5,0,0,0.148528308,0,0,0,0,0,0,8.52939224,8.08860207,0,0,0,0,31,41728,0,0,0,,,,50
9452523,0.5,0,0,0.148528308,0,0,0,0,0,0,8.52939224,8.08649063,0,0,0,0,31,41728,0,0,0,,,,50
9453651,0.5,0,0,0.148528308,0,0,0,0,0,0,8.52637863,8.08649063,0,0,0,0,31,41728,0,0,0,,,,50
9454778,0.5,0,0,0.148528308,0,0,0,0,0,0,8.52939224,8.08649063,0,0,0,0,31,41728,0,0,0,,,,50
9455911,0.5,0,0,0.148528308,0,0,0,0,0,0,8.53240585,8.08860207,0,0,0,0,31,41728,0,0,0,,,,50
9457038,0.5,0,0,0.148528308,0,0,0,0,0,0,8.52939224,8.08860207,0,0,0,0,31,41728,0,0,0,,,,50
9458370,0.5,0,0,0.148528308,0,0,0,0,0,0,8.52637863,8.08860207,0,0,0,0,31,41728,0,0,0,,,,50
9459498,0.5,0,0,0.148528308,0,0,0,0,0,0,8.52939224,8.08649063,0,0,0,0,31,41728,0,0,0,,,,50
9460625,0.5,0,0,0.148528308,0,0,0,0,0,0,8.52939224,8.08860207,0,0,0,0,31,41728,0,0,0,,,,50
9461753,0.5,0,0,0.148528308,0,0,0,0,0,0,8.52939224,8.08649063,0,0,0,0,31,41728,0,0,0,,,,50
9462886,0.5,0,0,0.148528308,0,0,0,0,0,0,8.52939224,8.08649063,0,0,0,0,31,41728,0,0,0,,,,50
9464013,0.5,0,0,0.148528308,0,0,0,0,0,0,8.52939224,8.08860207,0,0,0,0,31,41728,0,0,0,,,,50
9465141,0.5,0,0,0.146035016,0,0,0,0,0,0,8.52939224,8.08860207,0,0,0,0,31,40595,0,0,0,,,,50
9466269,0.5,0,0,0.146035016,0,0,0,0,0,0,8.52939224,8.08649063,0,0,0,0,32,40595,0,0,0,,,,50
9467396,0.5,0,0,0.146035016,0,0,0,0,0,0,8.52939224,8.08649063,0,0,0,0,32,40595,0,0,0,,,,50
9468524,0.5,0,0,0.146035016,0,0,0,0,0,0,8.52939224,8.08860207,0,0,0,0,32,40595,0,0,0,,,,50
9469657,0.5,0,0,0.146035016,0,0,0,0,0,0,8.52939224,8.08860207,0,0,0,0,32,40595,0,0,0,,,,50
9470784,0.5,0,0,0.146035016,0,0,0,0,0,0,8.52939224,8.08860207,0,0,0,0,32,40595,0,0,0,,,,50
9471912,0.5,0,0,0.146035016,0,0,0,0,0,0,8.52939224,8.08860207,0,0,0,0,32,40595,0,0,0,,,,50
9473040,0.5,0,0,0.146035016,0,0,0,0,0,0,8.52939224,8.08860207,0,0,0,0,32,40595,0,0,0,,,,50
9474168,0.5,0,0,0.146035016,0,0,0,0,0,0,8.52939224,8.08860207,0,0,0,0,32,40595,0,0,0,,,,50
9475300,0.5,0,0,0.146035016,0,0,0,0,0,0,8.53240585,8.08860207,0,0,0,0,32,40595,0,0,0,,,,50
9476428,0.5,0,0,0.146035016,0,0,0,0,0,0,8.52939224,8.08860207,0,0,0,0,32,40595,0,0,0,,,,50
9477556,0.5,0,0,0.146035016,0,0,0,0,0,0,8.52939224,8.08860207,0,0,0,0,32,40595,0,0,0,,,,50
9478887,0.5,0,0,0.146035016,0,0,0,0,0,0,8.53240585,8.08860207,0,0,0,0,32,40595,0,0,0,,,,50
9480015,0.5,0,0,0.146035016,0,0,0,0,0,0,8.52939224,8.08649063,0,0,0,0,32,40595,0,0,0,,,,50
9481143,0.5,0,0,0.146035016,0,0,0,0,0,0,8.52939224,8.08860207,0,0,0,0,32,40595,0,0,0,,,,50
9482275,0.5,0,0,0.146035016,0,0,0,0,0,0,8.52939224,8.08860207,0,0,0,0,32,40595,0,0,0,,,,50
9483403,0.5,0,0,0.146035016,0,0,0,0,0,0,8.52939224,8.08860207,0,0,0,0,32,40595,0,0,0,,,,50
9484530,0.5,0,0,0.146035016,0,0,0,0,0,0,8.52939224,8.08860207,0,0,0,0,32,40595,0,0,0,,,,50
9485658,0.5,0,0,0.146035016,0,0,0,0,0,0,8.52939224,8.08860207,0,0,0,0,33,40595,0,0,0,,,,50
9486786,0.5,0,0,0.146035016,0,0,0,0,0,0,8.53240585,8.08860207,0,0,0,0,33,40595,0,0,0,,,,50
9487918,0.5,0,0,0.146035016,0,0,0,0,0,0,8.53240585,8.08860207,0,0,0,0,33,40595,0,0,0,,,,50
9489046,0.5,0,0,0.146035016,0,0,0,0,0,0,8.52939224,8.08860207,0,0,0,0,33,40595,0,0,0,,,,50
9490174,0.5,0,0,0.146035016,0,0,0,0,0,0,8.52939224,8.08649063,0,0,0,0,33,40595,0,0,0,,,,50
9491302,0.5,0,0,0.146035016,0,0,0,0,0,0,8.52939224,8.08860207,0,0,0,0,33,40595,0,0,0,,,,50
9492429,0.5,0,0,0.146035016,0,0,0,0,0,0,8.53240585,8.08860207,0,0,0,0,33,40595,0,0,0,,,,50
9493557,0.5,0,0,0.146035016,0,0,0,0,0,0,8.52939224,8.08860207,0,0,0,0,33,40595,0,0,0,,,,50
9494690,0.5,0,0,0.146035016,0,0,0,0,0,0,8.52939224,8.08649063,0,0,0,0,33,40595,0,0,0,,,,50
9495817,0.5,0,0,0.146035016,0,0,0,0,0,0,8.52939224,8.08860207,0,0,0,0,33,40595,0,0,0,,,,50
9496945,0.5,0,0,0.146035016,0,0,0,0,0,0,8.52939224,8.08649063,0,0,0,0,33,40595,0,0,0,,,,50
9498072,0.5,0,0,0.146035016,0,0,0,0,0,0,8.52637863,8.08860207,0,0,0,0,33,40595,0,0,0,,,,50
9499200,0.5,0,0,0.146035016,0,0,0,0,0,0,8.52637863,8.08860207,0,0,0,0,33,40595,0,0,0,,,,50
9500536,0.5,0,0,0.146035016,0,0,0,0,0,0,8.52939224,8.08860207,0,0,0,0,33,40595,0,0,0,,,,50
9501664,0.5,0,0,0.146035016,0,0,0,0,0,0,8.52939224,8.08860207,0,0,0,0,33,39792,0,0,0,,,,50
9502792,0.5,0,0,0.142663091,0,0,0,0,0,0,8.52939224,8.08860207,0,0,0,0,33,39792,0,0,0,,,,50
9503920,0.5,0,0,0.142663091,0,0,0,0,0,0,8.52939224,8.08860207,0,0,0,0,34,39792,0,0,0,,,,50
9505047,0.5,0,0,0.142663091,0,0,0,0,0,0,8.53240585,8.08649063,0,0,0,0,34,39792,0,0,0,,,,50
9506175,0.5,0,0,0.142663091,0,0,0,0,0,0,8.52939224,8.08860207,0,0,0,0,34,39792,0,0,0,,,,50
9507308,0.5,0,0,0.142663091,0,0,0,0,0,0,8.52939224,8.08860207,0,0,0,0,34,39792,0,0,0,,,,50
9508435,0.5,0,0,0.142663091,0,0,0,0,0,0,8.52939224,8.08649063,0,0.00714798551,0,0,34,39792,0,0,0,,,,50
9509563,0.5,0,0,0.142663091,0,0,0,0,0,0,8.53240585,8.08860207,0,0,0,0,34,39792,0,0,0,,,,50
9510691,0.5,0,0,0.142663091,0,0,0,0,0,0,8.52939224,8.08860207,0,0,0,0,34,39792,0,0,0,,,,50
9511818,0.5,0,0,0.142663091,0,0,0,0,0,0,8.52939224,8.08860207,0,0,0,0,34,39792,0,0,0,,,,50
9512946,0.5,0,0,0.142663091,0,0,0,0,0,0,8.52939224,8.08860207,0,0,0,0,34,39792,0,0,0,,,,50
9514079,0.5,0,0,0.142663091,0,0,0,0,0,0,8.52637863,8.08860207,0,0,0,0,34,39792,0,0,0,,,,50
9515206,0.5,0,0,0.142663091,0,0,0,0,0,0,8.52939224,8.08649063,0,0,0,0,34,39792,0,0,0,,,,50
9516334,0.5,0,0,0.142663091,0,0,0,0,0,0,8.52939224,8.0907135,0,0,0,0,34,39792,0,0,0,,,,50
9517462,0.5,0,0,0.142663091,0,0,0,0,0,0,8.52939224,8.08649063,0,0,0,0,34,39792,0,0,0,,,,50
9518590,0.5,0,0,0.142663091,0,0,0,0,0,0,8.52939224,8.08860207,0,0,0,0,34,39792,0,0,0,,,,50
9519722,0.5,0,0,0.142663091,0,0,0,0,0,0,8.52939224,8.08860207,0,0,0,0,34,39792,0,0,0,,,,50
9521054,0.5,0,0,0.142663091,0,0,0,0,0,0,8.53240585,8.0907135,0,0,0,0,34,39792,0,0,0,,,,50
9522182,0.5,0,0,0.142663091,0,0,0,0,0,0,8.52939224,8.08860207,0,0,0,0,34,39792,0,0,0,,,,50
9523309,0.5,0,0,0.142663091,0,0,0,0,0,0,8.52939224,8.08860207,0,0,0,0,35,39792,0,0,0,,,,50
9524437,0.5,0,0,0.142663091,0,0,0,0,0,0,8.52939224,8.08860207,0,0,0,0,35,39792,0,0,0,,,,50
9525565,0.5,0,0,0.142663091,0,0,0,0,0,0,8.53240585,8.08860207,0,0,0,0,35,39792,0,0,0,,,,50
9526697,0.5,0,0,0.142663091,0,0,0,0,0,0,8.52939224,8.08860207,0,0,0,0,35,39792,0,0,0,,,,50
9527825,0.5,0,0,0.142663091,0,0,0,0,0,0,8.52939224,8.08860207,0,0,0,0,35,39792,0,0,0,,,,50
9528952,0.5,0,0,0.142663091,0,0,0,0,0,0,8.52939224,8.08860207,0,0,0,0,35,39792,0,0,0,,,,50
9530080,0.5,0,0,0.142663091,0,0,0,0,0,0,8.52939224,8.08860207,0,0,0,0,35,39792,0,0,0,,,,50
9531208,0.5,0,0,0.142663091,0,0,0,0,0,0,8.53240585,8.08860207,0,0,0,0,35,39792,0,0,0,,,,50
9532340,0.5,0,0,0.142663091,0,0,0,0,0,0,8.52939224,8.08860207,0,0,0,0,35,39792,0,0,0,,,,50
9533468,0.5,0,0,0.142663091,0,0,0,0,0,0,8.52939224,8.08860207,0,0,0,0,35,39792,0,0,0,,,,50
9534596,0.5,0,0,0.142663091,0,0,0,0,0,0,8.52939224,8.08860207,0,0,0,0,35,39792,0,0,0,,,,50
9535724,0.5,0,0,0.142663091,0,0,0,0,0,0,8.52939224,8.08860207,0,0,0,0,35,39792,0,0,0,,,,50
9536851,0.5,0,0,0.142663091,0,0,0,0,0,0,8.52939224,8.08860207,0,0.00714798551,0,0,35,39792,0,0,0,,,,50
9537979,0.5,0,0,0.142663091,0,0,0,0,0,0,8.52939224,8.08860207,0,0,0,0,35,39792,0,0,0,,,,50
9539111,0.5,0,0,0.142663091,0,0,0,0,0,0,8.52939224,8.08860207,0,0,0,0,35,39792,0,0,0,,,,50
9540239,0.5,0,0,0.14121829,0,0,0,0,0,0,8.52939224,8.08860207,0,0,0,0,35,39334,0,0,0,,,,50
9541367,0.5,0,0,0.14121829,0,0,0,0,0,0,8.53240585,8.08860207,0,0,0,0,36,39334,0,0,0,,,,50
9542699,0.5,0,0,0.14121829,0,0,0,0,0,0,8.52939224,8.08860207,0,0,0,0,36,39334,0,0,0,,,,50
9543826,0.5,0,0,0.14121829,0,0,0,0,0,0,8.52939224,8.08860207,0,0,0,0,36,39334,0,0,0,,,,50
9544959,0.5,0,0,0.14121829,0,0,0,0,0,0,8.53240585,8.08860207,0,0,0,0,36,39334,0,0,0,,,,50
9546087,0.5,0,0,0.14121829,0,0,0,0,0,0,8.53240585,8.08860207,0,0,0,0,36,39334,0,0,0,,,,50
9547214,0.5,0,0,0.14121829,0,0,0,0,0,0,8.52939224,8.08860207,0,0,0,0,36,39334,0,0,0,,,,50
9548342,0.5,0,0,0.14121829,0,0,0,0,0,0,8.52939224,8.08860207,0,0,0,0,36,39334,0,0,0,,,,50
9549470,0.5,0,0,0.14121829,0,0,0,0,0,0,8.52939224,8.08860207,0,0,0,0,36,39334,0,0,0,,,,50
9550598,0.5,0,0,0.14121829,0,0,0,0,0,0,8.52939224,8.08649063,0,0,0,0,36,39334,0,0,0,,,,50
9551730,0.5,0,0,0.14121829,0,0,0,0,0,0,8.52939224,8.08860207,0,0,0,0,36,39334,0,0,0,,,,50
9552858,0.5,0,0,0.14121829,0,0,0,0,0,0,8.52939224,8.08649063,0,0,0,0,36,39334,0,0,0,,,,50
9553986,0.5,0,0,0.14121829,0,0,0,0,0,0,8.52939224,8.08860207,0,0,0,0,36,39334,0,0,0,,,,50
9555113,0.5,0,0,0.14121829,0,0,0,0,0,0,8.52939224,8.08860207,0,0,0,0,36,39334,0,0,0,,,,50
9556241,0.5,0,0,0.14121829,0,0,0,0,0,0,8.52939224,8.08860207,0,0,0,0,36,39334,0,0,0,,,,50
9557369,0.5,0,0,0.14121829,0,0,0,0,0,0,8.52939224,8.08860207,0,0,0,0,36,39334,0,0,0,,,,50
9558501,0.5,0,0,0.14121829,0,0,0,0,0,0,8.52939224,8.08860207,0,0,0,0,36,39334,0,0,0,,,,50
9559629,0.5,0,0,0.14121829,0,0,0,0,0,0,8.52939224,8.08860207,0,0,0,0,36,39334,0,0,0,,,,50
9560757,0.5,0,0,0.14121829,0,0,0,0,0,0,8.53240585,8.08860207,0,0,0,0,36,39334,0,0,0,,,,50
9561884,0.5,0,0,0.14121829,0,0,0,0,0,0,8.52939224,8.08860207,0,0,0,0,37,39334,0,0,0,,,,50
9563216,0.5,0,0,0.14121829,0,0,0,0,0,0,8.52939224,8.08860207,0,0,0,0,37,39334,0,0,0,,,,50
9564349,0.5,0,0,0.14121829,0,0,0,0,0,0,8.52939224,8.0843792,0,0,0,0,37,39334,0,0,0,,,,50
9565477,0.5,0,0,0.14121829,0,0,0,0,0,0,8.52939224,8.08649063,0,0,0,0,37,39334,0,0,0,,,,50
9566604,0.5,0,0,0.14121829,0,0,0,0,0,0,8.52939224,8.08860207,0,0,0,0,37,39334,0,0,0,,,,50
9567732,0.5,0,0,0.14121829,0,0,0,0,0,0,8.52939224,8.08860207,0,0,0,0,37,39334,0,0,0,,,,50
9568860,0.5,0,0,0.14121829,0,0,0,0,0,0,8.52939224,8.08860207,0,0,0,0,37,39334,0,0,0,,,,50
9569988,0.5,0,0,0.14121829,0,0,0,0,0,0,8.52939224,8.08860207,0,0,0,0,37,39334,0,0,0,,,,50
9571120,0.5,0,0,0.14121829,0,0,0,0,0,0,8.52637863,8.08860207,0,0,0,0,37,39334,0,0,0,,,,50
9572248,0.5,0,0,0.14121829,0,0,0,0,0,0,8.52939224,8.08860207,0,0,0,0,37,39334,0,0,0,,,,50
9573376,0.5,0,0,0.14121829,0,0,0,0,0,0,8.52939224,8.0907135,0,0,0,0,37,39334,0,0,0,,,,50
9574503,0.5,0,0,0.14121829,0,0,0,0,0,0,8.52939224,8.08860207,0,0,0,0,37,39334,0,0,0,,,,50
9575631,0.5,0,0,0.14121829,0,0,0,0,0,0,8.52939224,8.0907135,0,0,0,0,37,39334,0,0,0,,,,50
9576763,0.5,0,0,0.14121829,0,0,0,0,0,0,8.52939224,8.08860207,0,0,0,0,37,39334,0,0,0,,,,50
9577891,0.5,0,0,0.140242904,0,0,0,0,0,0,8.52939224,8.0907135,0,0,0,0,37,38977,0,0,0,,,,50
9579019,0.5,0,0,0.140242904,0,0,0,0,0,0,8.52939224,8.08860207,0,0,0,0,38,38977,0,0,0,,,,50
9580147,0.5,0,0,0.140242904,0,0,0,0,0,0,8.52939224,8.08860207,0,0,0,0,38,38977,0,0,0,,,,50
9581274,0.5,0,0,0.140242904,0,0,0,0,0,0,8.53240585,8.08860207,0,0,0,0,38,38977,0,0,0,,,,50
9582402,0.5,0,0,0.140242904,0,0,0,0,0,0,8.52939224,8.08860207,0,0,0,0,38,38977,0,0,0,,,,50
9583535,0.5,0,0,0.140242904,0,0,0,0,0,0,8.52939224,8.08860207,0,0,0,0,38,38977,0,0,0,,,,50
9584867,0.5,0,0,0.140242904,0,0,0,0,0,0,8.52939224,8.08860207,0,0,0,0,38,38977,0,0,0,,,,50
9585994,0.5,0,0,0.140242904,0,0,0,0,0,0,8.52939224,8.08649063,0,0,0,0,38,38977,0,0,0,,,,50
9587122,0.5,0,0,0.140242904,0,0,0,0,0,0,8.52939224,8.08860207,0,0,0,0,38,38977,0,0,0,,,,50
9588250,0.5,0,0,0.140242904,0,0,0,0,0,0,8.52939224,8.08860207,0,0,0,0,38,38977,0,0,0,,,,50
9589382,0.5,0,0,0.140242904,0,0,0,0,0,0,8.52939224,8.08860207,0,0,0,0,38,38977,0,0,0,,,,50
9590510,0.5,0,0,0.140242904,0,0,0,0,0,0,8.52939224,8.08860207,0,0,0,0,38,38977,0,0,0,,,,50
9591637,0.5,0,0,0.140242904,0,0,0,0,0,0,8.52939224,8.08860207,0,0,0,0,38,38977,0,0,0,,,,50
9592765,0.5,0,0,0.140242904,0,0,0,0,0,0,8.52939224,8.08860207,0,0,0,0,38,38977,0,0,0,,,,50
9593893,0.5,0,0,0.140242904,0,0,0,0,0,0,8.53240585,8.08860207,0,0,0,0,38,38977,0,0,0,,,,50
9595021,0.5,0,0,0.140242904,0,0,0,0,0,0,8.52939224,8.08860207,0,0,0,0,38,38977,0,0,0,,,,50
9596153,0.5,0,0,0.140242904,0,0,0,0,0,0,8.52637863,8.0907135,0,0,0,0,38,38977,0,0,0,,,,50
9597281,0.5,0,0,0.140242904,0,0,0,0,0,0,8.52939224,8.0907135,0,0,0,0,38,38977,0,0,0,,,,50
9598409,0.5,0,0,0.140242904,0,0,0,0,0,0,8.52939224,8.08649063,0,0,0,0,38,38977,0,0,0,,,,50
9599536,0.5,0,0,0.140242904,0,0,0,0,0,0,8.52939224,8.08649063,0,0.00714798551,0,0,39,38977,0,0,0,,,,50
9600664,0.5,0,0,0.140242904,0,0,0,0,0,0,8.52637863,8.08860207,0,0,0,0,39,38977,0,0,0,,,,50
9601796,0.5,0,0,0.140242904,0,0,0,0,0,0,8.52939224,8.08649063,0,0,0,0,39,38977,0,0,0,,,,50
9602924,0.5,0,0,0.140242904,0,0,0,0,0,0,8.52939224,8.08860207,0,0,0,0,39,38977,0,0,0,,,,50
9604052,0.5,0,0,0.140242904,0,0,0,0,0,0,8.52939224,8.08649063,0,0,0,0,39,38977,0,0,0,,,,50
9605384,0.5,0,0,0.140242904,0,0,0,0,0,0,8.52939224,8.08649063,0,0,0,0,39,38977,0,0,0,,,,50
9606511,0.5,0,0,0.140242904,0,0,0,0,0,0,8.52939224,8.08649063,0,0,0,0,39,38977,0,0,0,,,,50
9607639,0.5,0,0,0.140242904,0,0,0,0,0,0,8.52939224,8.08860207,0,0,0,0,39,38977,0,0,0,,,,50
9608772,0.5,0,0,0.140242904,0,0,0,0,0,0,8.52939224,8.08860207,0,0,0,0,39,38977,0,0,0,,,,50
9609899,0.5,0,0,0.140242904,0,0,0,0,0,0,8.52939224,8.08860207,0,0,0,0,39,38977,0,0,0,,,,50
9611027,0.5,0,0,0.140242904,0,0,0,0,0,0,8.52939224,8.08860207,0,0,0,0,39,38977,0,0,0,,,,50
9612155,0.5,0,0,0.140242904,0,0,0,0,0,0,8.52939224,8.08860207,0,0,0,0,39,38977,0,0,0,,,,50
9613283,0.5,0,0,0.140242904,0,0,0,0,0,0,8.52939224,8.08649063,0,0,0,0,39,38977,0,0,0,,,,50
9614410,0.5,0,0,0.140242904,0,0,0,0,0,0,8.52939224,8.08860207,0,0,0,0,39,38468,0,0,0,,,,50
9615543,0.5,0,0,0.142150357,0,0,0,0,0,0,8.52939224,8.08860207,0,0,0,0,39,38468,0,0,0,,,,50
9616671,0.5,0,0,0.142150357,0,0,0,0,0,0,8.53240585,8.08860207,0,0,0,0,40,38468,0,0,0,,,,50
9617798,0.5,0,0,0.142150357,0,0,0,0,0,0,8.52939224,8.08860207,0,0,0,0,40,38468,0,0,0,,,,50
9618926,0.5,0,0,0.142150357,0,0,0,0,0,0,8.52939224,8.08860207,0,0,0,0,40,38468,0,0,0,,,,50
9620054,0.5,0,0,0.142150357,0,0,0,0,0,0,8.52939224,8.08860207,0,0,0,0,40,38468,0,0,0,,,,50
9621186,0.5,0,0,0.142150357,0,0,0,0,0,0,8.52939224,8.08649063,0,0,0,0,40,38468,0,0,0,,,,50
9622314,0.5,0,0,0.142150357,0,0,0,0,0,0,8.52939224,8.08860207,0,0,0,0,40,38468,0,0,0,,,,50
9623442,0.5,0,0,0.142150357,0,0,0,0,0,0,8.52939224,8.08860207,0,0,0,0,40,38468,0,0,0,,,,50
9624569,0.5,0,0,0.142150357,0,0,0,0,0,0,8.52939224,8.08860207,0,0,0,0,40,38468,0,0,0,,,,50
9625901,0.5,0,0,0.142150357,0,0,0,0,0,0,8.52939224,8.08860207,0,0,0,0,40,38468,0,0,0,,,,50
9627029,0.5,0,0,0.142150357,0,0,0,0,0,0,8.52939224,8.08860207,0,0,0,0,40,38468,0,0,0,,,,50
9628162,0.5,0,0,0.142150357,0,0,0,0,0,0,8.52939224,8.08860207,0,0,0,0,40,38468,0,0,0,,,,50
9629289,0.5,0,0,0.142150357,0,0,0,0,0,0,8.52939224,8.08860207,0,0,0,0,40,38468,0,0,0,,,,50
9630417,0.5,0,0,0.142150357,0,0,0,0,0,0,8.52939224,8.0843792,0,0,0,0,40,38468,0,0,0,,,,50
9631545,0.5,0,0,0.142150357,0,0,0,0,0,0,8.52939224,8.08860207,0,0,0,0,40,38468,0,0,0,,,,50
9632672,0.5,0,0,0.142150357,0,0,0,0,0,0,8.52939224,8.08860207,0,0,0,0,40,38468,0,0,0,,,,50
9633805,0.5,0,0,0.142150357,0,0,0,0,0,0,8.52939224,8.08860207,0,0,0,0,40,38468,0,0,0,,,,50
9634933,0.5,0,0,0.142150357,0,0,0,0,0,0,8.52939224,8.08860207,0,0,0,0,40,38468,0,0,0,,,,50
9636060,0.5,0,0,0.142150357,0,0,0,0,0,0,8.52939224,8.08860207,0,0,0,0,40,38468,0,0,0,,,,50
9637188,0.5,0,0,0.142150357,0,0,0,0,0,0,8.52939224,8.08860207,0,0,0,0,41,38468,0,0,0,,,,50
9638316,0.5,0,0,0.142150357,0,0,0,0,0,0,8.52939224,8.08649063,0,0,0,0,41,38468,0,0,0,,,,50
9639444,0.5,0,0,0.142150357,0,0,0,0,0,0,8.52939224,8.0907135,0,0.00714798551,0,0,41,38468,0,0,0,,,,50
9640576,0.5,0,0,0.142150357,0,0,0,0,0,0,8.52939224,8.08860207,0,0,0,0,41,38468,0,0,0,,,,50
9641704,0.5,0,0,0.142150357,0,0,0,0,0,0,8.52939224,8.08860207,0,0,0,0,41,38468,0,0,0,,,,50
9642831,0.5,0,0,0.142150357,0,0,0,0,0,0,8.52939224,8.08860207,0,0,0,0,41,38468,0,0,0,,,,50
9643959,0.5,0,0,0.142150357,0,0,0,0,0,0,8.52939224,8.08860207,0,0,0,0,41,38468,0,0,0,,,,50
9645087,0.5,0,0,0.142150357,0,0,0,0,0,0,8.52939224,8.08860207,0,0,0,0,41,38468,0,0,0,,,,50
9646219,0.5,0,0,0.142150357,0,0,0,0,0,0,8.53240585,8.08860207,0,0,0,0,41,38468,0,0,0,,,,50
9647551,0.5,0,0,0.142150357,0,0,0,0,0,0,8.52939224,8.08860207,0,0,0,0,41,38468,0,0,0,,,,50
9648679,0.5,0,0,0.142150357,0,0,0,0,0,0,8.52939224,8.08860207,0,0,0,0,41,38468,0,0,0,,,,50
9649806,0.5,0,0,0.142150357,0,0,0,0,0,0,8.52939224,8.08860207,0,0,0,0,41,38468,0,0,0,,,,50
9650934,0.5,0,0,0.142150357,0,0,0,0,0,0,8.53240585,8.08860207,0,0,0,0,41,38468,0,0,0,,,,50
9652062,0.5,0,0,0.143880457,0,0,0,0,0,0,8.52939224,8.08860207,0,0,0,0,41,38102,0,0,0,,,,50
9653194,0.5,0,0,0.143880457,0,0,0,0,0,0,8.53240585,8.08860207,0,0,0,0,42,38102,0,0,0,,,,50
9654322,0.5,0,0,0.143880457,0,0,0,0,0,0,8.53240585,8.08860207,0,0,0,0,42,38102,0,0,0,,,,50
9655450,0.5,0,0,0.143880457,0,0,0,0,0,0,8.52637863,8.08649063,0,0,0,0,42,38102,0,0,0,,,,50
9656577,0.5,0,0,0.143880457,0,0,0,0,0,0,8.52939224,8.08860207,0,0,0,0,42,38102,0,0,0,,,,50
9657705,0.5,0,0,0.143880457,0,0,0,0,0,0,8.52939224,8.08860207,0,0,0,0,42,38102,0,0,0,,,,50
9658833,0.5,0,0,0.143880457,0,0,0,0,0,0,8.52939224,8.08649063,0,0,0,0,42,38102,0,0,0,,,,50
9659965,0.5,0,0,0.143880457,0,0,0,0,0,0,8.53240585,8.08860207,0,0,0,0,42,38102,0,0,0,,,,50
9661093,0.5,0,0,0.143880457,0,0,0,0,0,0,8.52939224,8.0907135,0,0,0,0,42,38102,0,0,0,,,,50
9662221,0.5,0,0,0.143880457,0,0,0,0,0,0,8.53240585,8.08649063,0,0,0,0,42,38102,0,0,0,,,,50
9663349,0.5,0,0,0.143880457,0,0,0,0,0,0,8.52939224,8.08860207,0,0,0,0,42,38102,0,0,0,,,,50
9664476,0.5,0,0,0.143880457,0,0,0,0,0,0,8.52939224,8.0907135,0,0,0,0,42,38102,0,0,0,,,,50
9665609,0.5,0,0,0.143880457,0,0,0,0,0,0,8.52939224,8.08860207,0,0,0,0,42,38102,0,0,0,,,,50
9666737,0.5,0,0,0.143880457,0,0,0,0,0,0,8.53240585,8.08860207,0,0,0,0,42,38102,0,0,0,,,,50
9668068,0.5,0,0,0.143880457,0,0,0,0,0,0,8.53240585,8.08860207,0,0,0,0,42,38102,0,0,0,,,,50
9669196,0.5,0,0,0.143880457,0,0,0,0,0,0,8.52939224,8.08860207,0,0,0,0,42,38102,0,0,0,,,,50
9670324,0.5,0,0,0.143880457,0,0,0,0,0,0,8.52939224,8.08649063,0,0,0,0,42,38102,0,0,0,,,,50
9671452,0.5,0,0,0.143880457,0,0,0,0,0,0,8.52939224,8.08860207,0,0,0,0,42,38102,0,0,0,,,,50
9672584,0.5,0,0,0.143880457,0,0,0,0,0,0,8.52939224,8.08860207,0,0,0,0,43,38102,0,0,0,,,,50
9673712,0.5,0,0,0.143880457,0,0,0,0,0,0,8.52939224,8.08860207,0,0,0,0,43,38102,0,0,0,,,,50
9674839,0.5,0,0,0.143880457,0,0,0,0,0,0,8.52939224,8.08860207,0,0,0,0,43,38102,0,0,0,,,,50
9675967,0.5,0,0,0.143880457,0,0,0,0,0,0,8.53240585,8.08860207,0,0,0,0,43,38102,0,0,0,,,,50
9677095,0.5,0,0,0.143880457,0,0,0,0,0,0,8.52939224,8.08860207,0,0,0,0,43,38102,0,0,0,,,,50
9678227,0.5,0,0,0.143880457,0,0,0,0,0,0,8.52939224,8.08860207,0,0,0,0,43,38102,0,0,0,,,,50
9679355,0.5,0,0,0.143880457,0,0,0,0,0,0,8.52939224,8.08649063,0,0,0,0,43,38102,0,0,0,,,,50
9680483,0.5,0,0,0.143880457,0,0,0,0,0,0,8.52939224,8.08649063,0,0,0,0,43,38102,0,0,0,,,,50
9681610,0.5,0,0,0.143880457,0,0,0,0,0,0,8.52939224,8.08860207,0,0,0,0,43,38102,0,0,0,,,,50
9682738,0.5,0,0,0.143880457,0,0,0,0,0,0,8.52939224,8.08649063,0,0,0,0,43,38102,0,0,0,,,,50
9683866,0.5,0,0,0.143880457,0,0,0,0,0,0,8.52939224,8.08860207,0,0,0,0,43,38102,0,0,0,,,,50
9684998,0.5,0,0,0.143880457,0,0,0,0,0,0,8.53240585,8.08649063,0,0.00714798551,0,0,43,38102,0,0,0,,,,50
9686126,0.5,0,0,0.143880457,0,0,0,0,0,0,8.52939224,8.08860207,0,0,0,0,43,38102,0,0,0,,,,50
9687254,0.5,0,0,0.143880457,0,0,0,0,0,0,8.53240585,8.0907135,0,0,0,0,43,37461,0,0,0,,,,50
9688382,0.5,0,0,0.146671191,0,0,0,0,0,0,8.52637863,8.08860207,0,0,0,0,43,37461,0,0,0,,,,50
9689713,0.5,0,0,0.146671191,0,0,0,0,0,0,8.53240585,8.08860207,0,0,0,0,44,37461,0,0,0,,,,50
9690846,0.5,0,0,0.146671191,0,0,0,0,0.00454505486,0,8.52939224,8.08860207,0,0,0,0,44,37461,0,0,0,,,,50
9691973,0.5,0,0,0.146671191,0,0,0,0,0,0,8.52637863,8.08649063,0,0,0,0,44,37461,0,0,0,,,,50
9693101,0.5,0,0,0.146671191,0,0,0,0,0,0,8.52939224,8.08860207,0,0,0,0,44,37461,0,0,0,,,,50
9694229,0.5,0,0,0.146671191,0,0,0,0,0,0,8.52637863,8.08649063,0,0,0,0,44,37461,0,0,0,,,,50
9695357,0.5,0,0,0.146671191,0,0,0,0,0,0,8.52939224,8.08860207,0,0,0,0,44,37461,0,0,0,,,,50
9696484,0.5,0,0,0.146671191,0,0,0,0,0,0,8.53240585,8.08860207,0,0,0,0,44,37461,0,0,0,,,,50
9697616,0.5,0,0,0.146671191,0,0.00805860758,0,0,0,0,8.52939224,8.09282494,0,0,0,0,44,37461,0,0,0,,,,50
9698744,0.5,0,0,0.146671191,0,0,0,0,0,0,8.52939224,8.08860207,0,0,0,0,44,37461,0,0,0,,,,50
9699872,0.5,0,0,0.146671191,0,0,0,0,0,0,8.52939224,8.08860207,0,0,0,0,44,37461,0,0,0,,,,50
9701000,0.5,0,0,0.146671191,0,0,0,0,0,0,8.52939224,8.08860207,0,0,0,0,44,37461,0,0,0,,,,50
9702127,0.5,0,0,0.146671191,0,0,0,0,0,0,8.52939224,8.08860207,0,0,0,0,44,37461,0,0,0,,,,50
9703255,0.5,0,0,0.146671191,0,0,0,0,0,0,8.52939224,8.08860207,0,0,0,0,44,37461,0,0,0,,,,50
9704388,0.5,0,0,0.146671191,0,0,0,0,0,0,8.52939224,8.08860207,0,0,0,0,44,37461,0,0,0,,,,50
9705515,0.5,0,0,0.146671191,0,0,0,0,0,0,8.52637863,8.08860207,0,0,0,0,44,37461,0,0,0,,,,50
9706643,0.5,0,0,0.146671191,0,0,0,0,0,0,8.52939224,8.08860207,0,0,0,0,44,37461,0,0,0,,,,50
9707770,0.5,0,0,0.146671191,0,0,0,0,0,0,8.53240585,8.08860207,0,0,0,0,44,37461,0,0,0,,,,50
9708898,0.5,0,0,0.146671191,0,0,0,0,0,0,8.53240585,8.08649063,0,0,0,0,45,37461,0,0,0,,,,50
9710235,0.5,0,0,0.146671191,0,0,0,0,0,0,8.52939224,8.08860207,0,0,0,0,45,37461,0,0,0,,,,50
9711362,0.5,0,0,0.146671191,0,0,0,0,0,0,8.52939224,8.08860207,0,0,0,0,45,37461,0,0,0,,,,50
9712490,0.5,0,0,0.146671191,0,0,0,0,0,0,8.52939224,8.08860207,0,0,0,0,45,37461,0,0,0,,,,50
9713618,0.5,0,0,0.146671191,0,0,0,0,0,0,8.52939224,8.08860207,0,0,0,0,45,37461,0,0,0,,,,50
9714746,0.5,0,0,0.146671191,0,0,0,0,0,0,8.52939224,8.08860207,0,0,0,0,45,37461,0,0,0,,,,50
9715873,0.5,0,0,0.146671191,0,0,0,0,0,0,8.52939224,8.08860207,0,0,0,0,45,37461,0,0,0,,,,50
9717006,0.5,0,0,0.146671191,0,0,0,0,0,0,8.52939224,8.08649063,0,0,0,0,45,37461,0,0,0,,,,50
9718133,0.5,0,0,0.146671191,0,0,0,0,0,0,8.52939224,8.08860207,0,0,0,0,45,37461,0,0,0,,,,50
9719261,0.5,0,0,0.146671191,0,0,0,0,0,0,8.52939224,8.08860207,0,0,0,0,45,37461,0,0,0,,,,50
9720389,0.5,0,0,0.146671191,0,0,0,0,0,0,8.52939224,8.08860207,0,0,0,0,45,37461,0,0,0,,,,50
9721517,0.5,0,0,0.146671191,0,0,0,0,0,0,8.52939224,8.08860207,0,0,0,0,45,37461,0,0,0,,,,50
9722649,0.5,0,0,0.146671191,0,0,0,0,0,0,8.52939224,8.08860207,0,0,0,0,45,37019,0,0,0,,,,50
9723777,0.5,0,0,0.149368629,0,0,0,0,0,0,8.52939224,8.08860207,0,0,0,0,45,37019,0,0,0,,,,50
9724905,0.5,0,0,0.149368629,0,0,0,0,0,0,8.52939224,8.08860207,0,0,0,0,46,37019,0,0,0,,,,50
9726032,0.5,0,0,0.149368629,0,0,0,0,0,0,8.52939224,8.08860207,0,0,0,0,46,37019,0,0,0,,,,50
9727160,0.5,0,0,0.149368629,0,0,0,0,0,0,8.52939224,8.08649063,0,0,0,0,46,37019,0,0,0,,,,50
9728288,0.5,0,0,0.149368629,0,0,0,0,0,0,8.52939224,8.08860207,0,0,0,0,46,37019,0,0,0,,,,50
9729420,0.5,0,0,0.149368629,0,0,0,0,0,0,8.52939224,8.08860207,0,0,0,0,46,37019,0,0,0,,,,50
9730548,0.5,0,0,0.149368629,0,0,0,0,0,0,8.52939224,8.08860207,0,0,0,0,46,37019,0,0,0,,,,50
9731880,0.5,0,0,0.149368629,0,0,0,0,0,0,8.52939224,8.08649063,0,0,0,0,46,37019,0,0,0,,,,50
9733007,0.5,0,0,0.149368629,0,0,0,0,0,0,8.52939224,8.08860207,0,0,0,0,46,37019,0,0,0,,,,50
9734135,0.5,0,0,0.149368629,0,0,0,0,0,0,8.53240585,8.08860207,0,0,0,0,46,37019,0,0,0,,,,50
9735268,0.5,0,0,0.149368629,0,0,0,0,0,0,8.52637863,8.08860207,0,0,0,0,46,37019,0,0,0,,,,50
9736395,0.5,0,0,0.149368629,0,0,0,0,0,0,8.52939224,8.08860207,0,0,0,0,46,37019,0,0,0,,,,50
9737523,0.5,0,0,0.149368629,0,0,0,0,0,0,8.52939224,8.08860207,0,0,0,0,46,37019,0,0,0,,,,50
9738651,0.5,0,0,0.149368629,0,0,0,0,0,0,8.53240585,8.08860207,0,0,0,0,46,37019,0,0,0,,,,50
9739778,0.5,0,0,0.149368629,0,0,0,0,0,0,8.52939224,8.08860207,0,0,0,0,46,37019,0,0,0,,,,50
9740906,0.5,0,0,0.149368629,0,0,0,0,0,0,8.52637863,8.08860207,0,0,0,0,46,37019,0,0,0,,,,50
9742039,0.5,0,0,0.149368629,0,0,0,0,0,0,8.52939224,8.08860207,0,0,0,0,46,37019,0,0,0,,,,50
9743166,0.5,0,0,0.149368629,0,0,0,0,0,0,8.52939224,8.08860207,0,0,0,0,46,37019,0,0,0,,,,50
9744294,0.5,0,0,0.149368629,0,0,0,0,0,0,8.52939224,8.08860207,0,0,0,0,47,37019,0,0,0,,,,50
9745422,0.5,0,0,0.149368629,0,0,0,0,0,0,8.53240585,8.08860207,0,0,0,0,47,37019,0,0,0,,,,50
9746550,0.5,0,0,0.149368629,0,0,0,0,0,0,8.52939224,8.08860207,0,0.00714798551,0,0,47,37019,0,0,0,,,,50
9747682,0.5,0,0,0.149368629,0,0,0,0,0,0,8.52939224,8.08860207,0,0,0,0,47,37019,0,0,0,,,,50
9748810,0.5,0,0,0.149368629,0,0,0,0,0,0,8.52939224,8.08860207,0,0,0,0,47,37019,0,0,0,,,,50
9749937,0.5,0,0,0.149368629,0,0,0,0,0,0,8.52939224,8.08860207,0,0,0,0,47,37019,0,0,0,,,,50
9751065,0.5,0,0,0.149368629,0,0,0,0,0,0,8.52939224,8.08860207,0,0,0,0,47,37019,0,0,0,,,,50
9752397,0.5,0,0,0.149368629,0,0,0,0,0,0,8.52939224,8.08860207,0,0,0,0,47,37019,0,0,0,,,,50
9753525,0.5,0,0,0.149368629,0,0,0,0,0,0,8.52939224,8.08860207,0,0,0,0,47,37019,0,0,0,,,,50
9754657,0.5,0,0,0.149368629,0,0,0,0,0,0,8.52939224,8.08860207,0,0,0,0,47,37019,0,0,0,,,,50
9755785,0.5,0,0,0.149368629,0,0,0,0,0,0,8.52939224,8.08860207,0,0,0,0,47,37019,0,0,0,,,,50
9756913,0.5,0,0,0.149368629,0,0,0,0,0,0,8.52939224,8.08649063,0,0,0,0,47,37019,0,0,0,,,,50
9758040,0.5,0,0,0.149368629,0,0,0,0,0,0,8.52939224,8.08860207,0,0,0,0,47,37019,0,0,0,,,,50
9759168,0.5,0,0,0.148273706,0,0,0,0,0,0,8.52939224,8.08860207,0,0,0,0,47,36780,0,0,0,,,,50
9760296,0.5,0,0,0.148273706,0,0,0,0,0,0,8.52939224,8.08860207,0,0,0,0,47,36780,0,0,0,,,,50
9761428,0.5,0,0,0.148273706,0,0,0,0,0,0,8.53240585,8.08860207,0,0,0,0,48,36780,0,0,0,,,,50
9762556,0.5,0,0,0.148273706,0,0,0,0,0,0,8.53240585,8.08860207,0,0,0,0,48,36780,0,0,0,,,,50
9763684,0.5,0,0,0.148273706,0,0,0,0,0,0,8.52939224,8.08860207,0,0,0,0,48,36780,0,0,0,,,,50
9764811,0.5,0,0,0.148273706,0,0,0,0,0,0,8.52939224,8.08860207,0,0,0,0,48,36780,0,0,0,,,,50
9765939,0.5,0,0,0.148273706,0,0,0,0,0,0,8.52939224,8.08860207,0,0,0,0,48,36780,0,0,0,,,,50
9767072,0.5,0,0,0.148273706,0,0,0,0,0,0,8.52939224,8.08860207,0,0,0,0,48,36780,0,0,0,,,,50
9768199,0.5,0,0,0.148273706,0,0,0,0,0,0,8.52939224,8.08860207,0,0,0,0,48,36780,0,0,0,,,,50
9769327,0.5,0,0,0.148273706,0,0,0,0,0,0,8.53240585,8.08649063,0,0,0,0,48,36780,0,0,0,,,,50
9770454,0.5,0,0,0.148273706,0,0,0,0,0,0,8.52939224,8.0907135,0,0,0,0,48,36780,0,0,0,,,,50
9771582,0.5,0,0,0.148273706,0,0,0,0,0,0,8.52939224,8.08860207,0,0,0,0,48,36780,0,0,0,,,,50
9772914,0.5,0,0,0.148273706,0,0,0,0,0,0,8.52939224,8.08860207,0,0,0,0,48,36780,0,0,0,,,,50
9774046,0.5,0,0,0.148273706,0,0,0,0,0,0,8.52939224,8.08860207,0,0,0,0,48,36780,0,0,0,,,,50
9775174,0.5,0,0,0.148273706,0,0,0,0,0,0,8.53240585,8.08860207,0,0,0,0,48,36780,0,0,0,,,,50
9776302,0.5,0,0,0.148273706,0,0,0,0,0,0,8.52939224,8.08860207,0,0,0,0,48,36780,0,0,0,,,,50
9777429,0.5,0,0,0.148273706,0,0,0,0,0,0,8.52939224,8.08860207,0,0,0,0,48,36780,0,0,0,,,,50
9778557,0.5,0,0,0.148273706,0,0,0,0,0,0,8.52939224,8.08860207,0,0,0,0,48,36780,0,0,0,,,,50
9779690,0.5,0,0,0.148273706,0,0,0,0,0,0,8.52939224,8.08649063,0,0,0,0,48,36780,0,0,0,,,,50
9780817,0.5,0,0,0.148273706,0,0,0,0,0,0,8.52939224,8.08860207,0,0,0,0,48,36780,0,0,0,,,,50
9781945,0.5,0,0,0.148273706,0,0,0,0,0,0,8.52939224,8.08860207,0,0,0,0,49,36780,0,0,0,,,,50
9783073,0.5,0,0,0.148273706,0,0,0,0,0,0,8.52939224,8.08860207,0,0,0,0,49,36780,0,0,0,,,,50
9784201,0.5,0,0,0.148273706,0,0,0,0,0,0,8.53240585,8.08860207,0,0,0,0,49,36780,0,0,0,,,,50
9785328,0.5,0,0,0.148273706,0,0,0,0,0,0,8.52939224,8.08860207,0,0,0,0,49,36780,0,0,0,,,,50
9786461,0.5,0,0,0.148273706,0,0,0,0,0,0,8.52637863,8.08860207,0,0,0,0,49,36780,0,0,0,,,,50
9787588,0.5,0,0,0.148273706,0,0,0,0,0,0,8.52939224,8.08649063,0,0,0,0,49,36780,0,0,0,,,,50
9788716,0.5,0,0,0.148273706,0,0,0,0,0,0,8.52939224,8.08860207,0,0,0,0,49,36780,0,0,0,,,,50
9789844,0.5,0,0,0.148273706,0,0,0,0,0,0,8.52939224,8.08860207,0,0,0,0,49,36780,0,0,0,,,,50
9790972,0.5,0,0,0.148273706,0,0,0,0,0,0,8.53240585,8.08860207,0,0,0,0,49,36780,0,0,0,,,,50
9792104,0.5,0,0,0.148273706,0,0,0,0,0,0,8.52939224,8.08649063,0,0,0,0,49,36780,0,0,0,,,,50
9793232,0.5,0,0,0.148273706,0,0,0,0,0,0,8.52939224,8.08649063,0,0,0,0,49,36780,0,0,0,,,,50
9794564,0.5,0,0,0.148273706,0,0,0,0,0,0,8.52939224,8.08649063,0,0,0,0,49,36780,0,0,0,,,,50
9795691,0.5,0,0,0.148273706,0,0,0,0,0,0,8.52939224,8.08860207,0,0,0,0,49,36780,0,0,0,,,,50
9796819,0.5,0,0,0.148273706,0,0,0,0,0,0,8.53240585,8.08860207,0,0,0,0,49,37042,0,0,0,,,,50
9797947,0.5,0,0,0.143985599,0,0,0,0,0,0,8.52939224,8.08860207,0,0,0,0,49,37042,0,0,0,,,,50
9799079,0.5,0,0,0.143985599,0,0,0,0,0,0,8.52939224,8.08860207,0,0,0,0,50,37042,0,0,0,,,,50
9800207,0.5,0,0,0.143985599,0,0,0,0,0,0,8.52939224,8.08649063,0,0,0,0,50,37042,0,0,0,,,,50
9801335,0.5,0,0,0.143985599,0,0,0,0,0,0,8.52939224,8.08649063,0,0,0,0,50,37042,0,0,0,,,,50
9802463,0.5,0,0,0.143985599,0,0,0,0,0,0,8.52939224,8.08860207,0,0,0,0,50,37042,0,0,0,,,,50
9803590,0.5,0,0,0.143985599,0,0,0,0,0,0,8.52939224,8.08649063,0,0,0,0,50,37042,0,0,0,,,,50
9804718,0.5,0,0,0.143985599,0,0,0,0,0,0,8.52939224,8.08860207,0,0,0,0,50,37042,0,0,0,,,,50
9805851,0.5,0,0,0.143985599,0,0,0,0,0,0,8.52939224,8.08649063,0,0,0,0,50,37042,0,0,0,,,,50
9806978,0.5,0,0,0.143985599,0,0,0,0,0,0,8.52939224,8.08860207,0,0,0,0,50,37042,0,0,0,,,,50
9808106,0.5,0,0,0.143985599,0,0,0,0,0,0,8.52939224,8.0907135,0,0,0,0,50,37042,0,0,0,,,,50
9809233,0.5,0,0,0.143985599,0,0,0,0,0,0,8.52939224,8.08860207,0,0,0,0,50,37042,0,0,0,,,,50
9810361,0.5,0,0,0.143985599,0,0,0,0,0,0,8.52939224,8.08860207,0,0,0,0,50,37042,0,0,0,,,,50
9811493,0.5,0,0,0.143985599,0,0,0,0,0,0,8.53240585,8.08860207,0,0,0,0,50,37042,0,0,0,,,,50
9812621,0.5,0,0,0.143985599,0,0,0,0,0,0,8.52939224,8.08860207,0,0,0,0,50,37042,0,0,0,,,,50
9813749,0.5,0,0,0.143985599,0,0,0,0,0,0,8.52939224,8.08860207,0,0,0,0,50,37042,0,0,0,,,,50
9815081,0.5,0,0,0.143985599,0,0,0,0,0,0,8.52939224,8.08649063,0,0,0,0,50,37042,0,0,0,,,,50
9816208,0.5,0,0,0.143985599,0,0,0,0,0,0,8.52939224,8.08860207,0,0,0,0,50,37042,0,0,0,,,,50
9817336,0.5,0,0,0.143985599,0,0,0,0,0,0,8.52939224,8.08649063,0,0,0,0,50,37042,0,0,0,,,,50
9818469,0.5,0,0,0.143985599,0,0,0,0,0,0,8.52939224,8.08860207,0,0,0,0,50,37042,0,0,0,,,,50
9819596,0.5,0,0,0.143985599,0,0,0,0,0,0,8.52939224,8.08860207,0,0,0,0,50,37042,0,0,0,,,,50
9820724,0.5,0,0,0.143985599,0,0,0,0,0,0,8.52939224,8.08860207,0,0.00714798551,0,0,51,37042,0,0,0,,,,50
9821852,0.5,0,0,0.143985599,0,0,0,0,0,0,8.52939224,8.08860207,0,0,0,0,51,37042,0,0,0,,,,50
9822979,0.5,0,0,0.143985599,0,0,0,0,0,0,8.52939224,8.08860207,0,0,0,0,51,37042,0,0,0,,,,50
9824112,0.5,0,0,0.143985599,0,0,0,0,0,0,8.52939224,8.08860207,0,0,0,0,51,37042,0,0,0,,,,50
9825240,0.5,0,0,0.143985599,0,0,0,0,0,0,8.52939224,8.08860207,0,0,0,0,51,37042,0,0,0,,,,50
9826367,0.5,0,0,0.143985599,0,0,0,0,0,0,8.52939224,8.08860207,0,0,0,0,51,37042,0,0,0,,,,50
9827495,0.5,0,0,0.143985599,0,0,0,0,0,0,8.52939224,8.08649063,0,0,0,0,51,37042,0,0,0,,,,50
9828623,0.5,0,0,0.143985599,0,0,0,0,0,0,8.52939224,8.08860207,0,0,0,0,51,37042,0,0,0,,,,50
9829750,0.5,0,0,0.143985599,0,0,0,0,0,0,8.52939224,8.08649063,0,0,0,0,51,37042,0,0,0,,,,50
9830883,0.5,0,0,0.143985599,0,0,0,0,0,0,8.52939224,8.08860207,0,0,0,0,51,37042,0,0,0,,,,50
9832011,0.5,0,0,0.143985599,0,0,0,0,0,0,8.52939224,8.08860207,0,0,0,0,51,37042,0,0,0,,,,50
9833138,0.5,0,0,0.143985599,0,0,0,0,0,0,8.52939224,8.08860207,0,0,0,0,51,37042,0,0,0,,,,50
9834266,0.5,0,0,0.143985599,0,0,0,0,0,0,8.53240585,8.08649063,0,0,0,0,51,37042,0,0,0,,,,50
9835394,0.5,0,0,0.143985599,0,0,0,0,0,0,8.52939224,8.08860207,0,0,0,0,51,37406,0,0,0,,,,50
9836730,0.5,0,0,0.139390379,0,0,0,0,0,0,8.53240585,8.08860207,0,0,0,0,51,37406,0,0,0,,,,50
9837858,0.5,0,0,0.139390379,0,0,0,0,0,0,8.52939224,8.08860207,0,0,0,0,52,37406,0,0,0,,,,50
9838985,0.5,0,0,0.139390379,0,0,0,0,0,0,8.52939224,8.08860207,0,0,0,0,52,37406,0,0,0,,,,50
9840113,0.5,0,0,0.139390379,0,0,0,0,0,0,8.52939224,8.08860207,0,0,0,0,52,37406,0,0,0,,,,50
9841241,0.5,0,0,0.139390379,0,0,0,0,0,0,8.52939224,8.08860207,0,0,0,0,52,37406,0,0,0,,,,50
9842368,0.5,0,0,0.139390379,0,0,0,0,0,0,8.52939224,8.08860207,0,0,0,0,52,37406,0,0,0,,,,50
9843501,0.5,0,0,0.139390379,0,0,0,0,0,0,8.52939224,8.08860207,0,0,0,0,52,37406,0,0,0,,,,50
9844628,0.5,0,0,0.139390379,0,0,0,0,0,0,8.52939224,8.08860207,0,0,0,0,52,37406,0,0,0,,,,50
9845756,0.5,0,0,0.139390379,0,0,0,0,0,0,8.52939224,8.08860207,0,0,0,0,52,37406,0,0,0,,,,50
9846884,0.5,0,0,0.139390379,0,0,0,0,0,0,8.52939224,8.08860207,0,0,0,0,52,37406,0,0,0,,,,50
9848011,0.5,0,0,0.139390379,0,0,0,0,0,0,8.52939224,8.08860207,0,0,0,0,52,37406,0,0,0,,,,50
9849139,0.5,0,0,0.139390379,0,0,0,0,0,0,8.52939224,8.08860207,0,0,0,0,52,37406,0,0,0,,,,50
9850272,0.5,0,0,0.139390379,0,0,0,0,0,0,8.52939224,8.08860207,0,0,0,0,52,37406,0,0,0,,,,50
9851399,0.5,0,0,0.139390379,0,0,0,0,0,0,8.52939224,8.08860207,0,0,0,0,52,37406,0,0,0,,,,50
9852527,0.5,0,0,0.139390379,0,0,0,0,0,0,8.53240585,8.08860207,0,0,0,0,52,37406,0,0,0,,,,50
9853655,0.5,0,0,0.139390379,0,0,0,0,0,0,8.52939224,8.08860207,0,0,0,0,52,37406,0,0,0,,,,50
9854783,0.5,0,0,0.139390379,0,0,0,0,0,0,8.52939224,8.08860207,0,0,0,0,52,37406,0,0,0,,,,50
9855915,0.5,0,0,0.139390379,0,0,0,0,0,0,8.52939224,8.08860207,0,0.00714798551,0,0,52,37406,0,0,0,,,,50
9857247,0.5,0,0,0.139390379,0,0,0,0,0,0,8.52939224,8.08860207,0,0,0,0,52,37406,0,0,0,,,,50
9858375,0.5,0,0,0.139390379,0,0,0,0,0,0,8.52939224,8.08860207,0,0,0,0,52,37406,0,0,0,,,,50
9859502,0.5,0,0,0.139390379,0,0,0,0,0,0,8.52939224,8.08860207,0,0,0,0,53,37406,0,0,0,,,,50
9860630,0.5,0,0,0.139390379,0,0,0,0,0,0,8.53240585,8.08860207,0,0,0,0,53,37406,0,0,0,,,,50
9861758,0.5,0,0,0.139390379,0,0,0,0,0,0,8.52939224,8.08860207,0,0,0,0,53,37406,0,0,0,,,,50
9862890,0.5,0,0,0.139390379,0,0,0,0,0,0,8.52939224,8.08860207,0,0,0,0,53,37406,0,0,0,,,,50
9864018,0.5,0,0,0.139390379,0,0,0,0,0,0,8.52939224,8.08649063,0,0,0,0,53,37406,0,0,0,,,,50
9865146,0.5,0,0,0.139390379,0,0,0,0,0,0,8.53240585,8.08860207,0,0,0,0,53,37406,0,0,0,,,,50
9866273,0.5,0,0,0.139390379,0,0,0,0,0,0,8.53240585,8.08860207,0,0,0,0,53,37406,0,0,0,,,,50
9867401,0.5,0,0,0.139390379,0,0,0,0,0,0,8.52637863,8.08860207,0,0,0,0,53,37406,0,0,0,,,,50
9868534,0.5,0,0,0.139390379,0,0,0,0,0,0,8.52939224,8.08860207,0,0,0,0,53,37406,0,0,0,,,,50
9869661,0.5,0,0,0.139390379,0,0,0,0,0,0,8.53240585,8.08860207,0,0,0,0,53,37406,0,0,0,,,,50
9870789,0.5,0,0,0.139390379,0,0,0,0,0,0,8.53240585,8.08860207,0,0,0,0,53,37406,0,0,0,,,,50
9871917,0.5,0,0,0.139390379,0,0,0,0,0,0,8.52939224,8.08649063,0,0,0,0,53,37406,0,0,0,,,,50
9873045,0.5,0,0,0.139390379,0,0,0,0,0,0,8.52939224,8.08860207,0,0,0,0,53,37406,0,0,0,,,,50
9874172,0.5,0,0,0.139390379,0,0,0,0,0,0,8.52939224,8.08860207,0,0,0,0,53,37406,0,0,0,,,,50
9875305,0.5,0,0,0.13607274,0,0,0,0,0,0,8.52939224,8.0907135,0,0,0,0,53,37978,0,0,0,,,,50
9876432,0.5,0,0,0.13607274,0,0,0,0,0,0,8.52939224,8.08860207,0,0,0,0,53,37978,0,0,0,,,,50
9877560,0.5,0,0,0.13607274,0,0,0,0,0,0,8.52939224,8.08860207,0,0,0,0,54,37978,0,0,0,,,,50
9878892,0.5,0,0,0.13607274,0,0,0,0,0,0,8.52939224,8.08860207,0,0,0,0,54,37978,0,0,0,,,,50
9880020,0.5,0,0,0.13607274,0,0,0,0,0,0,8.52939224,8.08860207,0,0,0,0,54,37978,0,0,0,,,,50
9881152,0.5,0,0,0.13607274,0,0,0,0,0,0,8.52939224,8.08649063,0,0,0,0,54,37978,0,0,0,,,,50
9882280,0.5,0,0,0.13607274,0,0,0,0,0,0,8.52939224,8.08860207,0,0,0,0,54,37978,0,0,0,,,,50
9883407,0.5,0,0,0.13607274,0,0,0,0,0,0,8.52939224,8.08860207,0,0,0,0,54,37978,0,0,0,,,,50
9884535,0.5,0,0,0.13607274,0,0,0,0,0,0,8.52939224,8.08860207,0,0,0,0,54,37978,0,0,0,,,,50
9885663,0.5,0,0,0.13607274,0,0,0,0,0,0,8.52939224,8.08860207,0,0,0,0,54,37978,0,0,0,,,,50
9886791,0.5,0,0,0.13607274,0,0,0,0,0,0,8.52939224,8.08860207,0,0,0,0,54,37978,0,0,0,,,,50
9887923,0.5,0,0,0.13607274,0,0,0,0,0,0,8.52637863,8.08860207,0,0,0,0,54,37978,0,0,0,,,,50
9889051,0.5,0,0,0.13607274,0,0,0,0,0,0,8.52939224,8.08860207,0,0,0,0,54,37978,0,0,0,,,,50
9890178,0.5,0,0,0.13607274,0,0,0,0,0,0,8.52939224,8.08860207,0,0,0,0,54,37978,0,0,0,,,,50
9891306,0.5,0,0,0.13607274,0,0,0,0,0,0,8.52939224,8.08860207,0,0,0,0,54,37978,0,0,0,,,,50
9892434,0.5,0,0,0.13607274,0,0,0,0,0,0,8.53240585,8.08860207,0,0,0,0,54,37978,0,0,0,,,,50
9893566,0.5,0,0,0.13607274,0,0,0,0,0,0,8.53240585,8.08860207,0,0,0,0,54,37978,0,0,0,,,,50
9894694,0.5,0,0,0.13607274,0,0,0,0,0,0,8.52939224,8.08860207,0,0,0,0,54,37978,0,0,0,,,,50
9895822,0.5,0,0,0.13607274,0,0,0,0,0,0,8.52939224,8.08860207,0,0,0,0,54,37978,0,0,0,,,,50
9896949,0.5,0,0,0.13607274,0,0,0,0,0,0,8.52939224,8.08860207,0,0,0,0,54,37978,0,0,0,,,,50
9898077,0.5,0,0,0.13607274,0,0,0,0,0,0,8.52939224,8.08860207,0,0,0,0,54,37978,0,0,0,,,,50
9899409,0.5,0,0,0.13607274,0,0,0,0,0,0,8.53240585,8.08860207,0,0,0,0,55,37978,0,0,0,,,,50
9900541,0.5,0,0,0.13607274,0,0,0,0,0,0,8.52939224,8.08860207,0,0,0,0,55,37978,0,0,0,,,,50
9901669,0.5,0,0,0.13607274,0,0,0,0,0,0,8.52637863,8.08860207,0,0,0,0,55,37978,0,0,0,,,,50
9902797,0.5,0,0,0.13607274,0,0,0,0,0,0,8.52939224,8.08860207,0,0,0,0,55,37978,0,0,0,,,,50
9903925,0.5,0,0,0.13607274,0,0,0,0,0,0,8.52637863,8.08860207,0,0,0,0,55,37978,0,0,0,,,,50
9905052,0.5,0,0,0.13607274,0,0,0,0,0,0,8.53240585,8.08649063,0,0,0,0,55,37978,0,0,0,,,,50
9906180,0.5,0,0,0.13607274,0,0,0,0,0,0,8.53240585,8.08860207,0,0,0,0,55,37978,0,0,0,,,,50
9907312,0.5,0,0,0.13607274,0,0,0,0,0,0,8.52939224,8.08860207,0,0,0,0,55,37978,0,0,0,,,,50
9908440,0.5,0,0,0.13607274,0,0,0,0,0,0,8.52939224,8.08649063,0,0,0,0,55,37978,0,0,0,,,,50
9909568,0.5,0,0,0.13607274,0,0,0,0,0,0,8.52939224,8.08860207,0,0,0,0,55,37978,0,0,0,,,,50
9910695,0.5,0,0,0.13607274,0,0,0,0,0,0,8.52939224,8.08860207,0,0,0,0,55,37978,0,0,0,,,,50
9911823,0.5,0,0,0.13607274,0,0,0,0,0,0,8.52939224,8.08860207,0,0,0,0,55,37978,0,0,0,,,,50
9912956,0.5,0,0,0.13607274,0,0,0,0,0,0,8.52939224,8.08860207,0,0,0,0,55,37978,0,0,0,,,,50
9914083,0.5,0,0,0.13607274,0,0,0,0,0,0,8.52939224,8.08860207,0,0,0,0,55,37978,0,0,0,,,,50
9915211,0.5,0,0,0.13607274,0,0,0,0,0,0,8.52939224,8.08860207,0,0,0,0,55,37978,0,0,0,,,,50
9916339,0.5,0,0,0.131683841,0,0,0,0,0,0,8.52939224,8.0907135,0,0,0,0,55,38760,0,0,0,,,,50
9917467,0.5,0,0,0.131683841,0,0,0,0,0,0,8.53240585,8.08860207,0,0,0,0,55,38760,0,0,0,,,,50
9918594,0.5,0,0,0.131683841,0,0,0,0,0,0,8.52939224,8.08860207,0,0,0,0,56,38760,0,0,0,,,,50
9919931,0.5,0,0,0.131683841,0,0,0,0,0,0,8.53240585,8.08860207,0,0,0,0,56,38760,0,0,0,,,,50
9921058,0.5,0,0,0.131683841,0,0,0,0,0,0,8.52939224,8.08860207,0,0,0,0,56,38760,0,0,0,,,,50
9922186,0.5,0,0,0.131683841,0,0,0,0,0,0,8.52939224,8.08860207,0,0,0,0,56,38760,0,0,0,,,,50
9923314,0.5,0,0,0.131683841,0,0,0,0,0,0,8.52939224,8.08860207,0,0,0,0,56,38760,0,0,0,,,,50
9924442,0.5,0,0,0.131683841,0,0,0,0,0,0,8.53240585,8.08860207,0,0,0,0,56,38760,0,0,0,,,,50
9925574,0.5,0,0,0.131683841,0,0,0,0,0,0,8.53240585,8.08860207,0,0,0,0,56,38760,0,0,0,,,,50
9926702,0.5,0,0,0.131683841,0,0,0,0,0,0,8.52939224,8.08860207,0,0,0,0,56,38760,0,0,0,,,,50
9927830,0.5,0,0,0.131683841,0,0,0,0,0,0,8.52939224,8.08649063,0,0,0,0,56,38760,0,0,0,,,,50
9928957,0.5,0,0,0.131683841,0,0,0,0,0,0,8.52939224,8.08860207,0,0,0,0,56,38760,0,0,0,,,,50
9930085,0.5,0,0,0.131683841,0,0,0,0,0,0,8.52939224,8.08649063,0,0,0,0,56,38760,0,0,0,,,,50
9931213,0.5,0,0,0.131683841,0,0,0,0,0,0,8.52939224,8.08649063,0,0,0,0,56,38760,0,0,0,,,,50
9932345,0.5,0,0,0.131683841,0,0,0,0,0,0,8.52939224,8.08860207,0,0,0,0,56,38760,0,0,0,,,,50
9933473,0.5,0,0,0.131683841,0,0,0,0,0,0,8.52939224,8.08860207,0,0,0,0,56,38760,0,0,0,,,,50
9934601,0.5,0,0,0.131683841,0,0,0,0,0,0,8.53240585,8.08860207,0,0,0,0,56,38760,0,0,0,,,,50
9935728,0.5,0,0,0.131683841,0,0,0,0,0,0,8.52939224,8.08860207,0,0,0,0,56,38760,0,0,0,,,,50
9936856,0.5,0,0,0.131683841,0,0,0,0,0,0,8.52939224,8.08860207,0,0,0,0,56,38760,0,0,0,,,,50
9937989,0.5,0,0,0.131683841,0,0,0,0,0,0,8.52939224,8.08860207,0,0,0,0,56,38760,0,0,0,,,,50
9939116,0.5,0,0,0.131683841,0,0,0,0,0,0,8.52939224,8.08860207,0,0,0,0,56,38760,0,0,0,,,,50
9940244,0.5,0,0,0.131683841,0,0,0,0,0,0,8.52939224,8.0907135,0,0,0,0,57,38760,0,0,0,,,,50
9941576,0.5,0,0,0.131683841,0,0,0,0,0,0,8.52939224,8.08860207,0,0,0,0,57,38760,0,0,0,,,,50
9942704,0.5,0,0,0.131683841,0,0,0,0,0,0,8.52939224,8.08860207,0,0,0,0,57,38760,0,0,0,,,,50
9943831,0.5,0,0,0.131683841,0,0,0,0,0,0,8.52939224,8.08860207,0,0,0,0,57,38760,0,0,0,,,,50
9944964,0.5,0,0,0.131683841,0,0,0,0,0,0,8.52939224,8.0907135,0,0,0,0,57,38760,0,0,0,,,,50
9946091,0.5,0,0,0.131683841,0,0,0,0,0,0,8.52939224,8.08860207,0,0,0,0,57,38760,0,0,0,,,,50
9947219,0.5,0,0,0.131683841,0,0,0,0,0.00454505486,0,8.52939224,8.08649063,0,0,0,0,57,38760,0,0,0,,,,50
9948347,0.5,0,0,0.131683841,0,0,0,0,0,0,8.52939224,8.08860207,0,0,0,0,57,38760,0,0,0,,,,50
9949475,0.5,0,0,0.131683841,0,0,0,0,0,0,8.52939224,8.08860207,0,0,0,0,57,38760,0,0,0,,,,50
9950602,0.5,0,0,0.131683841,0,0,0,0,0,0,8.52939224,8.08860207,0,0,0,0,57,38760,0,0,0,,,,50
9951735,0.5,0,0,0.131683841,0,0,0,0,0,0,8.52939224,8.08860207,0,0,0,0,57,38760,0,0,0,,,,50
9952863,0.5,0,0,0.131683841,0,0,0,0,0,0,8.52939224,8.08649063,0,0,0,0,57,38760,0,0,0,,,,50
9953990,0.5,0,0,0.131683841,0,0,0,0,0,0,8.52939224,8.08860207,0,0,0,0,57,38760,0,0,0,,,,50
9955118,0.5,0,0,0.131683841,0,0,0,0,0,0,8.52939224,8.08860207,0,0,0,0,57,38760,0,0,0,,,,50
9956246,0.5,0,0,0.131683841,0,0,0,0,0,0,8.53240585,8.08860207,0,0,0,0,57,39116,0,0,0,,,,50
9957378,0.5,0,0,0.130881995,0,0,0,0,0,0,8.52939224,8.08860207,0,0,0,0,57,39116,0,0,0,,,,50
9958506,0.5,0,0,0.130881995,0,0,0,0,0,0,8.52939224,8.08860207,0,0,0,0,58,39116,0,0,0,,,,50
9959634,0.5,0,0,0.130881995,0,0,0,0,0,0,8.52939224,8.08860207,0,0,0,0,58,39116,0,0,0,,,,50
9960762,0.5,0,0,0.130881995,0,0,0,0,0,0,8.52939224,8.0907135,0,0,0,0,58,39116,0,0,0,,,,50
9962093,0.5,0,0,0.130881995,0,0,0,0,0,0,8.52939224,8.08860207,0,0,0,0,58,39116,0,0,0,,,,50
9963221,0.5,0,0,0.130881995,0,0,0,0,0,0,8.52939224,8.08860207,0,0,0,0,58,39116,0,0,0,,,,50
9964353,0.5,0,0,0.130881995,0,0,0,0,0,0,8.52939224,8.08860207,0,0,0,0,58,39116,0,0,0,,,,50
9965481,0.5,0,0,0.130881995,0,0,0,0,0,0,8.52939224,8.08649063,0,0,0,0,58,39116,0,0,0,,,,50
9966609,0.5,0,0,0.130881995,0,0,0,0,0,0,8.52939224,8.08860207,0,0,0,0,58,39116,0,0,0,,,,50
9967737,0.5,0,0,0.130881995,0,0,0,0,0,0,8.52939224,8.08860207,0,0,0,0,58,39116,0,0,0,,,,50
9968864,0.5,0,0,0.130881995,0,0,0,0,0,0,8.52637863,8.08860207,0,0,0,0,58,39116,0,0,0,,,,50
9969997,0.5,0,0,0.130881995,0,0,0,0,0,0,8.52939224,8.08860207,0,0,0,0,58,39116,0,0,0,,,,50
9971125,0.5,0,0,0.130881995,0,0,0,0,0,0,8.52939224,8.08860207,0,0,0,0,58,39116,0,0,0,,,,50
9972252,0.5,0,0,0.130881995,0,0,0,0,0,0,8.52939224,8.08860207,0,0,0,0,58,39116,0,0,0,,,,50
9973380,0.5,0,0,0.130881995,0,0,0,0,0,0,8.52939224,8.08860207,0,0,0,0,58,39116,0,0,0,,,,50
9974508,0.5,0,0,0.130881995,0,0,0,0,0,0,8.52939224,8.08649063,0,0,0,0,58,39116,0,0,0,,,,50
9975636,0.5,0,0,0.130881995,0,0,0,0,0,0,8.52939224,8.0907135,0,0,0,0,58,39116,0,0,0,,,,50
9976768,0.5,0,0,0.130881995,0,0,0,0,0,0,8.52939224,8.08860207,0,0,0,0,58,39116,0,0,0,,,,50
9977896,0.5,0,0,0.130881995,0,0,0,0,0,0,8.52939224,8.08649063,0,0,0,0,58,39116,0,0,0,,,,50
9979024,0.5,0,0,0.130881995,0,0,0,0,0,0,8.52939224,8.08860207,0,0,0,0,58,39116,0,0,0,,,,50
9980151,0.5,0,0,0.130881995,0,0,0,0,0,0,8.52939224,8.08860207,0,0,0,0,58,39116,0,0,0,,,,50
9981279,0.5,0,0,0.130881995,0,0,0,0,0,0,8.52939224,8.08860207,0,0,0,0,59,39116,0,0,0,,,,50
9982411,0.5,0,0,0.130881995,0,0,0,0,0,0,8.52939224,8.08860207,0,0,0,0,59,39116,0,0,0,,,,50
9983743,0.5,0,0,0.130881995,0,0,0,0,0,0,8.52939224,8.08649063,0,0,0,0,59,39116,0,0,0,,,,50
9984871,0.5,0,0,0.130881995,0,0,0,0,0,0,8.52939224,8.08860207,0,0,0,0,59,39116,0,0,0,,,,50
9985999,0.5,0,0,0.130881995,0,0,0,0,0,0,8.52939224,8.08860207,0,0,0,0,59,39116,0,0,0,,,,50
9987126,0.5,0,0,0.130881995,0,0,0,0,0,0,8.52939224,8.08860207,0,0.00714798551,0,0,59,39116,0,0,0,,,,50
9988254,0.5,0,0,0.130881995,0,0,0,0,0,0,8.52939224,8.08649063,0,0,0,0,59,39116,0,0,0,,,,50
9989387,0.5,0,0,0.130881995,0,0,0,0,0,0,8.52939224,8.08860207,0,0,0,0,59,39116,0,0,0,,,,50
9990514,0.5,0,0,0.130881995,0,0,0,0,0,0,8.52939224,8.08860207,0,0,0,0,59,39116,0,0,0,,,,50
9991641,0.5,0,0,0.130881995,0,0,0,0,0,0,8.53240585,8.08860207,0,0,0,0,59,39116,0,0,0,,,,50
9992769,0.5,0,0,0.130881995,0,0,0,0,0,0,8.52939224,8.08860207,0,0,0,0,59,39116,0,0,0,,,,50
9993896,0.5,0,0,0.130881995,0,0,0,0,0,0,8.52939224,8.08860207,0,0,0,0,59,39116,0,0,0,,,,50
9995024,0.5,0,0,0.130881995,0,0,0,0,0,0,8.52939224,8.08860207,0,0,0,0,59,39116,0,0,0,,,,50
9996156,0.5,0,0,0.130881995,0,0,0,0,0,0,8.52939224,8.08860207,0,0,0,0,59,39116,0,0,0,,,,50
9997284,0.5,0,0,0.131548703,0,0,0,0,0,0,8.52939224,8.08860207,0,0,0,0,59,39510,0,0,0,,,,50
9998412,0.5,0,0,0.131548703,0,0,0,0,0,0,8.52939224,8.08860207,0,0,0,0,59,39510,0,0,0,,,,50
9999540,0.5,0,0,0.131548703,0,0,0,0,0,0,8.52939224,8.08860207,0,0,0,0,60,39510,0,0,0,,,,50
10000667,0.5,0,0,0.131548703,0,0,0,0,0,0,8.52939224,8.08649063,0,0,0,0,60,39510,0,0,0,,,,50
10001800,0.5,0,0,0.131548703,0,0,0,0,0,0,8.52939224,8.08860207,0,0,0,0,60,39510,0,0,0,,,,50
10002927,0.5,0,0,0.131548703,0,0,0,0,0,0,8.52939224,8.08860207,0,0,0,0,60,39510,0,0,0,,,,50
10004259,0.5,0,0,0.131548703,0,0,0,0,0,0,8.52939224,8.08860207,0,0,0,0,60,39510,0,0,0,,,,50
10005387,0.5,0,0,0.131548703,0,0,0,0,0,0,8.53240585,8.08649063,0,0,0,0,60,39510,0,0,0,,,,50
10006514,0.5,0,0,0.131548703,0,0,0,0,0,0,8.52939224,8.08860207,0,0,0,0,60,39510,0,0,0,,,,50
10007642,0.5,0,0,0.131548703,0,0,0,0,0,0,8.52939224,8.08860207,0,0,0,0,60,39510,0,0,0,,,,50
10008775,0.5,0,0,0.131548703,0,0,0,0,0,0,8.53240585,8.08860207,0,0,0,0,60,39510,0,0,0,,,,50
10009902,0.5,0,0,0.131548703,0,0,0,0,0,0,8.52939224,8.08860207,0,0,0,0,60,39510,0,0,0,,,,50
10011030,0.5,0,0,0.131548703,0,0,0,0,0,0,8.52939224,8.08860207,0,0,0,0,60,39510,0,0,0,,,,50
10012158,0.5,0,0,0.131548703,0,0,0,0,0,0,8.52939224,8.08860207,0,0,0,0,60,39510,0,0,0,,,,50
10013285,0.5,0,0,0.131548703,0,0,0,0,0,0,8.52939224,8.08860207,0,0,0,0,60,39510,0,0,0,,,,50
10014418,0.5,0,0,0.131548703,0,0,0,0,0,0,8.53240585,8.08860207,0,0,0,0,60,39510,0,0,0,,,,50
10015546,0.5,0,0,0.131548703,0,0,0,0,0,0,8.53240585,8.0907135,0,0,0,0,60,39510,0,0,0,,,,50
10016673,0.5,0,0,0.131548703,0,0,0,0,0,0,8.52939224,8.08860207,0,0,0,0,60,39510,0,0,0,,,,50
10017801,0.5,0,0,0.131548703,0,0,0,0,0,0,8.52939224,8.08860207,0,0,0,0,60,39510,0,0,0,,,,50
10018929,0.5,0,0,0.131548703,0,0,0,0,0,0,8.52939224,8.08860207,0,0,0,0,60,39510,0,0,0,,,,50
10020057,0.5,0,0,0.131548703,0,0,0,0,0,0,8.52939224,8.08860207,0,0,0,0,60,39510,0,0,0,,,,50
10021189,0.5,0,0,0.131548703,0,0,0,0,0,0,8.52939224,8.08860207,0,0,0,0,61,39510,0,0,0,,,,50
10022317,0.5,0,0,0.131548703,0,0,0,0,0,0,8.52939224,8.08860207,0,0,0,0,61,39510,0,0,0,,,,50
10023445,0.5,0,0,0.131548703,0,0,0,0,0,0,8.52939224,8.08860207,0,0,0,0,61,39510,0,0,0,,,,50
10024776,0.5,0,0,0.131548703,0,0,0,0,0,0,8.52939224,8.08860207,0,0,0,0,61,39510,0,0,0,,,,50
10025904,0.5,0,0,0.131548703,0,0,0,0,0,0,8.53240585,8.08860207,0,0,0,0,61,39510,0,0,0,,,,50
10027036,0.5,0,0,0.131548703,0,0,0,0,0,0,8.52637863,8.08860207,0,0,0,0,61,39510,0,0,0,,,,50
10028164,0.5,0,0,0.131548703,0,0,0,0,0,0,8.52939224,8.08860207,0,0,0,0,61,39510,0,0,0,,,,50
10029292,0.5,0,0,0.131548703,0,0,0,0,0,0,8.52939224,8.08860207,0,0,0,0,61,39510,0,0,0,,,,50
10030420,0.5,0,0,0.131548703,0,0,0,0,0,0,8.52939224,8.08860207,0,0,0,0,61,39510,0,0,0,,,,50
10031547,0.5,0,0,0.131548703,0,0,0,0,0,0,8.52939224,8.08860207,0,0,0,0,61,39510,0,0,0,,,,50
10032675,0.5,0,0,0.131548703,0,0,0,0,0,0,8.52939224,8.08860207,0,0,0,0,61,39510,0,0,0,,,,50
10033807,0.5,0,0,0.131548703,0,0,0,0,0,0,8.52637863,8.08860207,0,0,0,0,61,39510,0,0,0,,,,50
10034935,0.5,0,0,0.131548703,0,0,0,0,0,0,8.52939224,8.08860207,0,0,0,0,61,39510,0,0,0,,,,50
10036063,0.5,0,0,0.131548703,0,0,0,0,0,0,8.52939224,8.08860207,0,0,0,0,61,39510,0,0,0,,,,50
10037190,0.5,0,0,0.131548703,0,0,0,0,0,0,8.52939224,8.08649063,0,0,0,0,61,39510,0,0,0,,,,50
10038318,0.5,0,0,0.130583197,0,0,0,0,0,0,8.52939224,8.08860207,0,0,0,0,61,39829,0,0,0,,,,50
10039450,0.5,0,0,0.130583197,0,0,0,0,0,0,8.52939224,8.08860207,0,0,0,0,62,39829,0,0,0,,,,50
10040578,0.5,0,0,0.130583197,0,0,0,0,0,0,8.52939224,8.08860207,0,0,0,0,62,39829,0,0,0,,,,50
10041706,0.5,0,0,0.130583197,0,0,0,0,0,0,8.52939224,8.08860207,0,0,0,0,62,39829,0,0,0,,,,50
10042834,0.5,0,0,0.130583197,0,0,0,0,0,0,8.52939224,8.08860207,0,0,0,0,62,39829,0,0,0,,,,50
10043961,0.5,0,0,0.130583197,0,0,0,0,0,0,8.52939224,8.08860207,0,0,0,0,62,39829,0,0,0,,,,50
10045089,0.5,0,0,0.130583197,0,0,0,0,0,0,8.52939224,8.08649063,0,0,0,0,62,39829,0,0,0,,,,50
10046426,0.5,0,0,0.130583197,0,0,0,0,0,0,8.52939224,8.08860207,0,0,0,0,62,39829,0,0,0,,,,50
10047553,0.5,0,0,0.130583197,0,0,0,0,0,0,8.52939224,8.08860207,0,0,0,0,62,39829,0,0,0,,,,50
10048681,0.5,0,0,0.130583197,0,0,0,0,0,0,8.52939224,8.08860207,0,0,0,0,62,39829,0,0,0,,,,50
10049809,0.5,0,0,0.130583197,0,0,0,0,0,0,8.52939224,8.08860207,0,0,0,0,62,39829,0,0,0,,,,50
10050937,0.5,0,0,0.130583197,0,0,0,0,0,0,8.53240585,8.08860207,0,0,0,0,62,39829,0,0,0,,,,50
10052064,0.5,0,0,0.130583197,0,0,0,0,0,0,8.52939224,8.08860207,0,0,0,0,62,39829,0,0,0,,,,50
10053197,0.5,0,0,0.130583197,0,0,0,0,0,0,8.53240585,8.08860207,0,0,0,0,62,39829,0,0,0,,,,50
10054325,0.5,0,0,0.130583197,0,0,0,0,0,0,8.52939224,8.08860207,0,0,0,0,62,39829,0,0,0,,,,50
10055452,0.5,0,0,0.130583197,0,0,0,0,0,0,8.52939224,8.08860207,0,0,0,0,62,39829,0,0,0,,,,50
10056580,0.5,0,0,0.130583197,0,0,0,0,0,0,8.52939224,8.08860207,0,0,0,0,62,39829,0,0,0,,,,50
10057708,0.5,0,0,0.130583197,0,0,0,0,0,0,8.52939224,8.08860207,0,0,0,0,62,39829,0,0,0,,,,50
10058840,0.5,0,0,0.130583197,0,0,0,0,0,0,8.52939224,8.08860207,0,0,0,0,62,39829,0,0,0,,,,50
10059968,0.5,0,0,0.130583197,0,0,0,0,0,0,8.52939224,8.08860207,0,0,0,0,62,39829,0,0,0,,,,50
10061096,0.5,0,0,0.130583197,0,0,0,0,0,0,8.52939224,8.08860207,0,0.00714798551,0,0,63,39829,0,0,0,,,,50
10062223,0.5,0,0,0.130583197,0,0,0,0,0,0,8.53240585,8.08860207,0,0,0,0,63,39829,0,0,0,,,,50
10063351,0.5,0,0,0.130583197,0,0,0,0,0,0,8.52939224,8.08860207,0,0.00714798551,0,0,63,39829,0,0,0,,,,50
10064479,0.5,0,0,0.130583197,0,0,0,0,0,0,8.53240585,8.08860207,0,0,0,0,63,39829,0,0,0,,,,50
10065611,0.5,0,0,0.130583197,0,0,0,0,0,0,8.52939224,8.08649063,0,0,0,0,63,39829,0,0,0,,,,50
10066943,0.5,0,0,0.130583197,0,0,0,0,0,0,8.52939224,8.08649063,0,0,0,0,63,39829,0,0,0,,,,50
10068071,0.5,0,0,0.130583197,0,0,0,0,0,0,8.52939224,8.08860207,0,0,0,0,63,39829,0,0,0,,,,50
10069198,0.5,0,0,0.130583197,0,0,0,0,0,0,8.52939224,8.08860207,0,0,0,0,63,39829,0,0,0,,,,50
10070326,0.5,0,0,0.130583197,0,0,0,0,0,0,8.52637863,8.08860207,0,0,0,0,63,39829,0,0,0,,,,50
10071458,0.5,0,0,0.130583197,0,0,0,0,0,0,8.52939224,8.08860207,0,0,0,0,63,39829,0,0,0,,,,50
10072586,0.5,0,0,0.130583197,0,0,0,0,0,0,8.52939224,8.08649063,0,0,0,0,63,39829,0,0,0,,,,50
10073714,0.5,0,0,0.130583197,0,0,0,0,0,0,8.53240585,8.08860207,0,0,0,0,63,39829,0,0,0,,,,50
10074841,0.5,0,0,0.130583197,0,0,0,0,0,0,8.52939224,8.08860207,0,0,0,0,63,39829,0,0,0,,,,50
10075969,0.5,0,0,0.130583197,0,0,0,0,0,0,8.52939224,8.08860207,0,0,0,0,63,39471,0,0,0,,,,50
10077097,0.5,0,0,0.134364605,0,0,0,0,0,0,8.52939224,8.08860207,0,0,0,0,63,39471,0,0,0,,,,50
10078229,0.5,0,0,0.134364605,0,0,0,0,0,0,8.53240585,8.08860207,0,0,0,0,64,39471,0,0,0,,,,50
10079357,0.5,0,0,0.134364605,0,0,0,0,0,0,8.52939224,8.08860207,0,0,0,0,64,39471,0,0,0,,,,50
10080485,0.5,0,0,0.134364605,0,0,0,0,0,0,8.52939224,8.08860207,0,0,0,0,64,39471,0,0,0,,,,50
10081613,0.5,0,0,0.134364605,0,0,0,0,0,0,8.53240585,8.08649063,0,0,0,0,64,39471,0,0,0,,,,50
10082740,0.5,0,0,0.134364605,0,0,0,0,0,0,8.52939224,8.08649063,0,0,0,0,64,39471,0,0,0,,,,50
10083873,0.5,0,0,0.134364605,0,0,0,0,0,0,8.52637863,8.08649063,0,0,0,0,64,39471,0,0,0,,,,50
10085000,0.5,0,0,0.134364605,0,0,0,0,0,0,8.52939224,8.08649063,0,0,0,0,64,39471,0,0,0,,,,50
10086128,0.5,0,0,0.134364605,0,0,0,0,0,0,8.52939224,8.08860207,0,0,0,0,64,39471,0,0,0,,,,50
10087256,0.5,0,0,0.134364605,0,0,0,0,0,0,8.52939224,8.08649063,0,0,0,0,64,39471,0,0,0,,,,50
10088588,0.5,0,0,0.134364605,0,0,0,0,0,0,8.52939224,8.08860207,0,0,0,0,64,39471,0,0,0,,,,50
10089715,0.5,0,0,0.134364605,0,0,0,0,0,0,8.52939224,8.08860207,0,0,0,0,64,39471,0,0,0,,,,50
10090848,0.5,0,0,0.134364605,0,0,0,0,0,0,8.52637863,8.08860207,0,0,0,0,64,39471,0,0,0,,,,50
10091976,0.5,0,0,0.134364605,0,0,0,0,0,0,8.52939224,8.08860207,0,0,0,0,64,39471,0,0,0,,,,50
10093103,0.5,0,0,0.134364605,0,0,0,0,0,0,8.52939224,8.08860207,0,0,0,0,64,39471,0,0,0,,,,50
10094231,0.5,0,0,0.134364605,0,0,0,0,0,0,8.53240585,8.08649063,0,0,0,0,64,39471,0,0,0,,,,50
10095359,0.5,0,0,0.134364605,0,0,0,0,0,0,8.52939224,8.08649063,0,0,0,0,64,39471,0,0,0,,,,50
10096487,0.5,0,0,0.134364605,0,0,0,0,0,0,8.52939224,8.08860207,0,0,0,0,64,39471,0,0,0,,,,50
10097619,0.5,0,0,0.134364605,0,0,0,0,0,0,8.52939224,8.08860207,0,0,0,0,64,39471,0,0,0,,,,50
10098747,0.5,0,0,0.134364605,0,0,0,0,0,0,8.52939224,8.08860207,0,0,0,0,65,39471,0,0,0,,,,50
10099874,0.5,0,0,0.134364605,0,0,0,0,0,0,8.52939224,8.08860207,0,0,0,0,65,39471,0,0,0,,,,50
10101002,0.5,0,0,0.134364605,0,0,0,0,0,0,8.53240585,8.08860207,0,0,0,0,65,39471,0,0,0,,,,50
10102130,0.5,0,0,0.134364605,0,0,0,0,0,0,8.52939224,8.08860207,0,0,0,0,65,39471,0,0,0,,,,50
10103262,0.5,0,0,0.134364605,0,0,0,0,0,0,8.53240585,8.08860207,0,0,0,0,65,39471,0,0,0,,,,50
10104390,0.5,0,0,0.134364605,0,0,0,0,0,0,8.52939224,8.08860207,0,0,0,0,65,39471,0,0,0,,,,50
10105518,0.5,0,0,0.134364605,0,0,0,0,0,0,8.53240585,8.08860207,0,0,0,0,65,39471,0,0,0,,,,50
10106645,0.5,0,0,0.134364605,0,0,0,0,0,0,8.52939224,8.08860207,0,0,0,0,65,39471,0,0,0,,,,50
10107773,0.5,0,0,0.134364605,0,0,0,0,0,0,8.53240585,8.08860207,0,0,0,0,65,39471,0,0,0,,,,50
10109105,0.5,0,0,0.134364605,0,0,0,0,0,0,8.52939224,8.08649063,0,0,0,0,65,39471,0,0,0,,,,50
10110237,0.5,0,0,0.134364605,0,0,0,0,0,0,8.52939224,8.08860207,0,0,0,0,65,39471,0,0,0,,,,50
10111365,0.5,0,0,0.134364605,0,0,0,0,0,0,8.52939224,8.08860207,0,0,0,0,65,39471,0,0,0,,,,50
10112492,0.5,0,0,0.134364605,0,0,0,0,0,0,8.52939224,8.08649063,0,0,0,0,65,39471,0,0,0,,,,50
10113620,0.5,0,0,0.134364605,0,0,0,0,0,0,8.53240585,8.08860207,0,0,0,0,65,39032,0,0,0,,,,50
10114748,0.5,0,0,0.139784113,0,0,0,0,0,0,8.52939224,8.08860207,0,0,0,0,66,39032,0,0,0,,,,50
10115880,0.5,0,0,0.139784113,0,0,0,0,0,0,8.52939224,8.08649063,0,0,0,0,66,39032,0,0,0,,,,50
10117008,0.5,0,0,0.139784113,0,0,0,0,0,0,8.52939224,8.08860207,0,0,0,0,66,39032,0,0,0,,,,50
10118136,0.5,1,0,0.139784113,0.00805860758,0,0,0,0,0,8.52939224,8.08649063,0,0,0,0,66,39032,0,0,0,,,,50
10119263,0.5,0,0,0.139784113,0,0,0,0,0,0,8.52939224,8.08649063,0,0,0,0,66,39032,0,0,0,,,,50
10120391,0.5,0,0,0.139784113,0,0,0,0,0,0,8.52939224,8.08860207,0,0,0,0,66,39032,0,0,0,,,,50
10121519,0.5,0,0,0.139784113,0,0,0,0,0,0,8.52939224,8.08649063,0,0,0,0,66,39032,0,0,0,,,,50
10122651,0.5,0,0,0.139784113,0,0,0,0,0,0,8.52939224,8.08860207,0,0,0,0,66,39032,0,0,0,,,,50
10123779,0.5,0,0,0.139784113,0,0,0,0,0,0,8.52637863,8.08860207,0,0,0,0,66,39032,0,0,0,,,,50
10124907,0.5,0,0,0.139784113,0,0,0,0,0,0,8.52939224,8.08860207,0,0,0,0,66,39032,0,0,0,,,,50
10126034,0.5,0,0,0.139784113,0,0,0,0,0,0,8.52939224,8.08860207,0,0,0,0,66,39032,0,0,0,,,,50
10127162,0.5,0,0,0.139784113,0,0,0,0,0,0,8.52637863,8.08860207,0,0,0,0,66,39032,0,0,0,,,,50
10128295,0.5,0,0,0.139784113,0,0,0,0,0,0,8.52939224,8.08860207,0,0,0,0,66,39032,0,0,0,,,,50
10129422,0.5,0,0,0.139784113,0,0,0,0,0,0,8.52939224,8.08649063,0,0,0,0,66,39032,0,0,0,,,,50
10130754,0.5,0,0,0.139784113,0,0,0,0,0,0,8.53240585,8.08860207,0,0,0,0,66,39032,0,0,0,,,,50
10131882,0.5,0,0,0.139784113,0,0,0,0,0,0,8.53240585,8.08860207,0,0,0,0,66,39032,0,0,0,,,,50
10133009,0.5,0,0,0.139784113,0,0,0,0,0,0,8.53240585,8.08649063,0,0,0,0,66,39032,0,0,0,,,,50
10134137,0.5,0,0,0.139784113,0,0,0,0,0,0,8.52939224,8.08860207,0,0,0,0,66,39032,0,0,0,,,,50
10135270,0.5,0,0,0.139784113,0,0,0,0,0,0,8.52939224,8.08860207,0,0,0,0,66,39032,0,0,0,,,,50
10136397,0.5,0,0,0.139784113,0,0,0,0,0,0,8.52939224,8.08649063,0,0,0,0,67,39032,0,0,0,,,,50
10137525,0.5,0,0,0.139784113,0,0,0,0,0,0,8.52939224,8.08860207,0,0,0,0,67,39032,0,0,0,,,,50
10138653,0.5,0,0,0.139784113,0,0,0,0,0,0,8.52939224,8.08860207,0,0,0,0,67,39032,0,0,0,,,,50
10139781,0.5,0,0,0.139784113,0,0,0,0,0,0,8.52637863,8.08860207,0,0,0,0,67,39032,0,0,0,,,,50
10140908,0.5,0,0,0.139784113,0,0,0,0,0,0,8.52939224,8.08860207,0,0,0,0,67,39032,0,0,0,,,,50
10142041,0.5,0,0,0.139784113,0,0,0,0,0,0,8.52939224,8.08860207,0,0,0,0,67,39032,0,0,0,,,,50
10143168,0.5,0,0,0.139784113,0,0,0,0,0,0,8.52939224,8.08649063,0,0,0,0,67,39032,0,0,0,,,,50
10144296,0.5,0,0,0.139784113,0,0,0,0,0,0,8.52939224,8.08860207,0,0,0,0,67,39032,0,0,0,,,,50
10145424,0.5,0,0,0.139784113,0,0,0,0,0,0,8.53240585,8.08860207,0,0,0,0,67,39032,0,0,0,,,,50
10146552,0.5,0,0,0.139784113,0,0,0,0,0,0,8.52939224,8.08649063,0,0,0,0,67,39032,0,0,0,,,,50
10147684,0.5,0,0,0.139784113,0,0,0,0,0,0,8.52939224,8.08649063,0,0,0,0,67,39032,0,0,0,,,,50
10148812,0.5,0,0,0.139784113,0,0,0,0,0,0,8.53240585,8.08649063,0,0,0,0,67,39032,0,0,0,,,,50
10149939,0.5,0,0,0.139784113,0,0,0,0,0,0,8.52939224,8.08649063,0,0,0,0,67,39032,0,0,0,,,,50
10151271,0.5,0,0,0.139784113,0,0,0,0,0,0,8.53240585,8.08860207,0,0,0,0,67,39032,0,0,0,,,,50
10152399,0.5,0,0,0.139784113,0,0,0,0,0,0,8.52939224,8.08860207,0,0,0,0,67,38942,0,0,0,,,,50
10153527,0.5,0,0,0.139279068,0,0,0,0,0,0,8.53240585,8.08649063,0,0,0,0,68,38942,0,0,0,,,,50
10154659,0.5,0,0,0.139279068,0,0,0,0,0,0,8.52637863,8.08649063,0,0,0,0,68,38942,0,0,0,,,,50
10155787,0.5,0,0,0.139279068,0,0,0,0,0,0,8.52939224,8.08860207,0,0,0,0,68,38942,0,0,0,,,,50
10156915,0.5,0,0,0.139279068,0,0,0,0,0,0,8.52637863,8.08649063,0,0,0,0,68,38942,0,0,0,,,,50
10158043,0.5,0,0,0.139279068,0,0,0,0,0,0,8.52939224,8.08860207,0,0,0,0,68,38942,0,0,0,,,,50
10159170,0.5,0,0,0.139279068,0,0,0,0,0,0,8.52939224,8.08649063,0,0,0,0,68,38942,0,0,0,,,,50
10160303,0.5,0,0,0.139279068,0,0,0,0,0,0,8.52939224,8.08649063,0,0,0,0,68,38942,0,0,0,,,,50
10161431,0.5,0,0,0.139279068,0,0,0,0,0,0,8.52939224,8.08860207,0,0,0,0,68,38942,0,0,0,,,,50
10162558,0.5,0,0,0.139279068,0,0,0,0,0,0,8.52939224,8.08860207,0,0,0,0,68,38942,0,0,0,,,,50
10163686,0.5,0,0,0.139279068,0,0,0,0,0,0,8.52939224,8.08860207,0,0,0,0,68,38942,0,0,0,,,,50
10164814,0.5,0,0,0.139279068,0,0,0,0,0,0,8.52939224,8.08649063,0,0,0,0,68,38942,0,0,0,,,,50
10165941,0.5,0,0,0.139279068,0,0,0,0,0,0,8.52939224,8.08860207,0,0,0,0,68,38942,0,0,0,,,,50
10167074,0.5,0,0,0.139279068,0,0,0,0,0,0,8.52939224,8.08860207,0,0,0,0,68,38942,0,0,0,,,,50
10168202,0.5,0,0,0.139279068,0,0,0,0,0,0,8.53240585,8.08860207,0,0,0,0,68,38942,0,0,0,,,,50
10169329,0.5,0,0,0.139279068,0,0,0,0,0,0,8.53240585,8.08860207,0,0,0,0,68,38942,0,0,0,,,,50
10170457,0.5,0,0,0.139279068,0,0,0,0,0,0,8.52939224,8.08860207,0,0,0,0,68,38942,0,0,0,,,,50
10171789,0.5,0,0,0.139279068,0,0,0,0,0,0,8.52939224,8.08860207,0,0,0,0,68,38942,0,0,0,,,,50
10172921,0.5,0,0,0.139279068,0,0,0,0,0,0,8.52939224,8.08649063,0,0,0,0,68,38942,0,0,0,,,,50
10174049,0.5,0,0,0.139279068,0,0,0,0,0,0,8.52939224,8.08860207,0,0,0,0,68,38942,0,0,0,,,,50
10175177,0.5,0,0,0.139279068,0,0,0,0,0,0,8.52939224,8.08649063,0,0,0,0,69,38942,0,0,0,,,,50
10176304,0.5,0,0,0.139279068,0,0,0,0,0,0,8.52939224,8.08860207,0,0,0,0,69,38942,0,0,0,,,,50
10177432,0.5,0,0,0.139279068,0,0,0,0,0,0,8.52939224,8.08860207,0,0,0,0,69,38942,0,0,0,,,,50
10178559,0.5,0,0,0.139279068,0,0,0,0,0,0,8.52939224,8.08860207,0,0,0,0,69,38942,0,0,0,,,,50
10179692,0.5,0,0,0.139279068,0,0,0,0,0,0,8.52939224,8.08860207,0,0,0,0,69,38942,0,0,0,,,,50
10180820,0.5,0,0,0.139279068,0,0,0,0,0,0,8.52939224,8.08860207,0,0,0,0,69,38942,0,0,0,,,,50
10181947,0.5,0,0,0.139279068,0,0,0,0,0,0,8.52939224,8.08860207,0,0,0,0,69,38942,0,0,0,,,,50
10183075,0.5,0,0,0.139279068,0,0,0,0,0,0,8.52939224,8.08860207,0,0,0,0,69,38942,0,0,0,,,,50
10184203,0.5,0,0,0.139279068,0,0,0,0,0,0,8.52939224,8.08860207,0,0,0,0,69,38942,0,0,0,,,,50
10185335,0.5,0,0,0.139279068,0,0,0,0,0,0,8.53240585,8.08860207,0,0,0,0,69,38942,0,0,0,,,,50
10186463,0.5,0,0,0.139279068,0,0,0,0,0,0,8.52939224,8.08860207,0,0,0,0,69,38942,0,0,0,,,,50
10187591,0.5,0,0,0.139279068,0,0,0,0,0,0,8.52939224,8.08860207,0,0,0,0,69,38942,0,0,0,,,,50
10188718,0.5,0,0,0.139279068,0,0,0,0,0,0,8.52939224,8.08649063,0,0,0,0,69,38942,0,0,0,,,,50
10189846,0.5,0,0,0.139279068,0,0,0,0,0,0,8.52939224,8.08860207,0,0,0,0,69,38942,0,0,0,,,,50
10190974,0.5,0,0,0.139279068,0,0,0,0,0,0,8.52939224,8.08649063,0,0,0,0,69,38786,0,0,0,,,,50
10192106,0.5,0,0,0.138188243,0,0,0,0,0,0,8.52939224,8.08860207,0,0,0,0,70,38786,0,0,0,,,,50
10193437,0.5,0,0,0.138188243,0,0,0,0,0,0,8.52939224,8.08860207,0,0,0,0,70,38786,0,0,0,,,,50
10194565,0.5,0,0,0.138188243,0,0,0,0,0,0,8.52939224,8.08649063,0,0,0,0,70,38786,0,0,0,,,,50
10195693,0.5,0,0,0.138188243,0,0,0,0,0,0,8.52939224,8.08860207,0,0,0,0,70,38786,0,0,0,,,,50
10196821,0.5,0,0,0.138188243,0,0,0,0,0,0,8.52939224,8.08860207,0,0,0,0,70,38786,0,0,0,,,,50
10197948,0.5,0,0,0.138188243,0,0,0,0,0,0,8.52939224,8.08860207,0,0.00714798551,0,0,70,38786,0,0,0,,,,50
10199081,0.5,0,0,0.138188243,0,0,0,0,0,0,8.53240585,8.0843792,0,0,0,0,70,38786,0,0,0,,,,50
10200208,0.5,0,0,0.138188243,0,0,0,0,0,0,8.53542042,8.0843792,0,0,0,0,70,38786,0,0,0,,,,50
10201335,0.5,0,0,0.138188243,0,0,0,0,0,0,8.52939224,8.08860207,0,0,0,0,70,38786,0,0,0,,,,50
10202463,0.5,0,0,0.138188243,0,0,0,0,0,0,8.52939224,8.08860207,0,0,0,0,70,38786,0,0,0,,,,50
10203591,0.5,0,0,0.138188243,0,0,0,0,0,0,8.53240585,8.08860207,0,0,0,0,70,38786,0,0,0,,,,50
10204723,0.5,0,0,0.138188243,0,0,0,0,0,0,8.53240585,8.08860207,0,0,0,0,70,38786,0,0,0,,,,50
10205851,0.5,0,0,0.138188243,0,0,0,0,0,0,8.52939224,8.08860207,0,0,0,0,70,38786,0,0,0,,,,50
10206978,0.5,0,0,0.138188243,0,0,0,0,0,0,8.52939224,8.08860207,0,0,0,0,70,38786,0,0,0,,,,50
10208106,0.5,0,0,0.138188243,0,0,0,0,0,0,8.52939224,8.08649063,0,0,0,0,70,38786,0,0,0,,,,50
10209234,0.5,0,0,0.138188243,0,0,0,0,0,0,8.52939224,8.08649063,0,0,0,0,70,38786,0,0,0,,,,50
10210361,0.5,0,0,0.138188243,0,0,0,0,0,0,8.52939224,8.08649063,0,0,0,0,70,38786,0,0,0,,,,50
10211494,0.5,0,0,0.138188243,0,0,0,0,0,0,8.52939224,8.08860207,0,0,0,0,70,38786,0,0,0,,,,50
10212621,0.5,0,0,0.138188243,0,0,0,0,0,0,8.52939224,8.08649063,0,0,0,0,70,38786,0,0,0,,,,50
10213953,0.5,0,0,0.138188243,0,0,0,0,0,0,8.52939224,8.08860207,0,0,0,0,71,38786,0,0,0,,,,50
10215081,0.5,0,0,0.138188243,0,0,0,0,0,0,8.53240585,8.08649063,0,0,0,0,71,38786,0,0,0,,,,50
10216209,0.5,0,0,0.138188243,0,0,0,0,0,0,8.52939224,8.08860207,0,0,0,0,71,38786,0,0,0,,,,50
10217341,0.5,0,0,0.138188243,0,0,0,0,0,0,8.52939224,8.08649063,0,0,0,0,71,38786,0,0,0,,,,50
10218469,0.5,0,0,0.138188243,0,0,0,0,0,0,8.52939224,8.08649063,0,0,0,0,71,38786,0,0,0,,,,50
10219597,0.5,0,0,0.138188243,0,0,0,0,0,0,8.52939224,8.08649063,0,0,0,0,71,38786,0,0,0,,,,50
10220724,0.5,0,0,0.138188243,0,0,0,0,0,0,8.52939224,8.08860207,0,0,0,0,71,38786,0,0,0,,,,50
10221852,0.5,0,0,0.138188243,0,0,0,0,0,0,8.52637863,8.08860207,0,0,0,0,71,38786,0,0,0,,,,50
10222980,0.5,0,0,0.138188243,0,0,0,0,0,0,8.52939224,8.08860207,0,0,0,0,71,38786,0,0,0,,,,50
10224112,0.5,0,0,0.138188243,0,0,0,0,0,0,8.52939224,8.08860207,0,0,0,0,71,38786,0,0,0,,,,50
10225240,0.5,0,0,0.138188243,0,0,0,0,0,0,8.52939224,8.08860207,0,0,0,0,71,38786,0,0,0,,,,50
10226368,0.5,0,0,0.138188243,0,0,0,0,0,0,8.52939224,8.08649063,0,0,0,0,71,38786,0,0,0,,,,50
10227496,0.5,0,0,0.138188243,0,0,0,0,0,0,8.52939224,8.08860207,0,0,0,0,71,38786,0,0,0,,,,50
10228623,0.5,0,0,0.138188243,0,0,0,0,0,0,8.52939224,8.08649063,0,0,0,0,71,38786,0,0,0,,,,50
10229756,0.5,0,0,0.138712525,0,0,0,0,0,0,8.52939224,8.08649063,0,0,0,0,71,38686,0,0,0,,,,50
10230883,0.5,0,0,0.138712525,0,0,0,0,0,0,8.53240585,8.08860207,0,0,0,0,72,38686,0,0,0,,,,50
10232011,0.5,0,0,0.138712525,0,0,0,0,0,0,8.52939224,8.08860207,0,0,0,0,72,38686,0,0,0,,,,50
10233139,0.5,0,0,0.138712525,0,0,0,0,0,0,8.52939224,8.08860207,0,0,0,0,72,38686,0,0,0,,,,50
10234267,0.5,0,0,0.138712525,0,0,0,0,0,0,8.52939224,8.08649063,0,0,0,0,72,38686,0,0,0,,,,50
10235598,0.5,0,0,0.138712525,0,0,0,0,0,0,8.52939224,8.08860207,0,0,0,0,72,38686,0,0,0,,,,50
10236731,0.5,0,0,0.138712525,0,0,0,0,0,0,8.52939224,8.08860207,0,0,0,0,72,38686,0,0,0,,,,50
10237858,0.5,0,0,0.138712525,0,0,0,0,0,0,8.52939224,8.08860207,0,0,0,0,72,38686,0,0,0,,,,50
10238985,0.5,0,0,0.138712525,0,0,0,0,0,0,8.52939224,8.08860207,0,0,0,0,72,38686,0,0,0,,,,50
10240113,0.5,0,0,0.138712525,0,0,0,0,0,0,8.52939224,8.08860207,0,0,0,0,72,38686,0,0,0,,,,50
10241241,0.5,0,0,0.138712525,0,0,0,0,0,0,8.52939224,8.08649063,0,0,0,0,72,38686,0,0,0,,,,50
10242369,0.5,0,0,0.138712525,0,0,0,0,0,0,8.52939224,8.08860207,0,0,0,0,72,38686,0,0,0,,,,50
10243501,0.5,0,0,0.138712525,0,0,0,0,0,0,8.52637863,8.08860207,0,0,0,0,72,38686,0,0,0,,,,50
10244629,0.5,0,0,0.138712525,0,0,0,0,0,0,8.53240585,8.08860207,0,0,0,0,72,38686,0,0,0,,,,50
10245757,0.5,0,0,0.138712525,0,0,0,0,0,0,8.52939224,8.08860207,0,0,0,0,72,38686,0,0,0,,,,50
10246884,0.5,0,0,0.138712525,0,0,0,0,0,0,8.53240585,8.08649063,0,0,0,0,72,38686,0,0,0,,,,50
10248012,0.5,0,0,0.138712525,0,0,0,0,0,0,8.53240585,8.08860207,0,0,0,0,72,38686,0,0,0,,,,50
10249145,0.5,0,0,0.138712525,0,0,0,0,0,0,8.52939224,8.08860207,0,0,0,0,72,38686,0,0,0,,,,50
10250272,0.5,0,0,0.138712525,0,0,0,0,0,0,8.53240585,8.08860207,0,0,0,0,72,38686,0,0,0,,,,50
10251400,0.5,0,0,0.138712525,0,0,0,0,0,0,8.52939224,8.08649063,0,0,0,0,72,38686,0,0,0,,,,50
10252527,0.5,0,0,0.138712525,0,0,0,0,0,0,8.52939224,8.08649063,0,0,0,0,73,38686,0,0,0,,,,50
10253655,0.5,0,0,0.138712525,0,0,0,0,0,0,8.52939224,8.08860207,0,0,0,0,73,38686,0,0,0,,,,50
10254782,0.5,0,0,0.138712525,0,0,0,0,0,0,8.52939224,8.08649063,0,0,0,0,73,38686,0,0,0,,,,50
10256119,0.5,0,0,0.138712525,0,0,0,0,0,0,8.52637863,8.08649063,0,0,0,0,73,38686,0,0,0,,,,50
10257246,0.5,0,0,0.138712525,0,0,0,0,0,0,8.52939224,8.08860207,0,0,0,0,73,38686,0,0,0,,,,50
10258373,0.5,0,0,0.138712525,0,0,0,0,0,0,8.52939224,8.08860207,0,0,0,0,73,38686,0,0,0,,,,50
10259501,0.5,0,0,0.138712525,0,0,0,0,0,0,8.52939224,8.08860207,0,0,0,0,73,38686,0,0,0,,,,50
10260628,0.5,0,0,0.138712525,0,0,0,0,0,0,8.52939224,8.08860207,0,0,0,0,73,38686,0,0,0,,,,50
10261761,0.5,0,0,0.138712525,0,0,0,0,0,0,8.52939224,8.08649063,0,0,0,0,73,38686,0,0,0,,,,50
10262888,0.5,0,0,0.138712525,0,0,0,0,0,0,8.53240585,8.08649063,0,0,0,0,73,38686,0,0,0,,,,50
10264016,0.5,0,0,0.138712525,0,0,0,0,0,0,8.52939224,8.08649063,0,0,0,0,73,38686,0,0,0,,,,50
10265143,0.5,0,0,0.138712525,0,0,0,0,0,0,8.52939224,8.08860207,0,0,0,0,73,38686,0,0,0,,,,50
10266271,0.5,0,0,0.138712525,0,0,0,0,0,0,8.52939224,8.08860207,0,0,0,0,73,38686,0,0,0,,,,50
10267399,0.5,0,0,0.138712525,0,0,0,0,0,0,8.52939224,8.08860207,0,0,0,0,73,38628,0,0,0,,,,50
10268531,0.5,0,0,0.138466999,0,0,0,0,0,0,8.52939224,8.08649063,0,0,0,0,73,38628,0,0,0,,,,50
10269659,0.5,0,0,0.138466999,0,0,0,0,0,0,8.52939224,8.08860207,0,0,0,0,74,38628,0,0,0,,,,50
10270786,0.5,0,0,0.138466999,0,0,0,0,0,0,8.52939224,8.08649063,0,0,0,0,74,38628,0,0,0,,,,50
10271914,0.5,0,0,0.138466999,0,0,0,0,0,0,8.53240585,8.08860207,0,0,0,0,74,38628,0,0,0,,,,50
10273042,0.5,0,0,0.138466999,0,0,0,0,0,0,8.52939224,8.08860207,0,0,0,0,74,38628,0,0,0,,,,50
10274174,0.5,0,0,0.138466999,0,0,0,0,0,0,8.52939224,8.08860207,0,0,0,0,74,38628,0,0,0,,,,50
10275302,0.5,0,0,0.138466999,0,0,0,0,0,0,8.52939224,8.08860207,0,0,0,0,74,38628,0,0,0,,,,50
10276430,0.5,0,0,0.138466999,0,0,0,0,0,0,8.52939224,8.08860207,0,0,0,0,74,38628,0,0,0,,,,50
10277761,0.5,0,0,0.138466999,0,0,0,0,0,0,8.52939224,8.08860207,0,0,0,0,74,38628,0,0,0,,,,50
10278889,0.5,0,0,0.138466999,0,0,0,0,0,0,8.52939224,8.08649063,0,0,0,0,74,38628,0,0,0,,,,50
10280017,0.5,0,0,0.138466999,0,0,0,0,0,0,8.52939224,8.08860207,0,0,0,0,74,38628,0,0,0,,,,50
10281149,0.5,0,0,0.138466999,0,0,0,0,0,0,8.52939224,8.08860207,0,0,0,0,74,38628,0,0,0,,,,50
10282277,0.5,0,0,0.138466999,0,0,0,0,0,0,8.52939224,8.08649063,0,0,0,0,74,38628,0,0,0,,,,50
10283405,0.5,0,0,0.138466999,0,0,0,0,0,0,8.52939224,8.08860207,0,0,0,0,74,38628,0,0,0,,,,50
10284533,0.5,0,0,0.138466999,0,0,0,0,0,0,8.52939224,8.08860207,0,0,0,0,74,38628,0,0,0,,,,50
10285660,0.5,0,0,0.138466999,0,0,0,0,0,0,8.52939224,8.08860207,0,0,0,0,74,38628,0,0,0,,,,50
10286788,0.5,0,0,0.138466999,0,0,0,0,0,0,8.53240585,8.08649063,0,0,0,0,74,38628,0,0,0,,,,50
10287921,0.5,0,0,0.138466999,0,0,0,0,0,0,8.52939224,8.0907135,0,0,0,0,74,38628,0,0,0,,,,50
10289048,0.5,0,0,0.138466999,0,0,0,0,0,0,8.52939224,8.08860207,0,0,0,0,74,38628,0,0,0,,,,50
10290176,0.5,0,0,0.138466999,0,0,0,0,0,0,8.52939224,8.08860207,0,0,0,0,74,38628,0,0,0,,,,50
10291304,0.5,0,0,0.138466999,0,0,0,0,0,0,8.52939224,8.08860207,0,0,0,0,74,38628,0,0,0,,,,50
10292431,0.5,0,0,0.138466999,0,0,0,0,0,0,8.52939224,8.08860207,0,0,0,0,75,38628,0,0,0,,,,50
10293564,0.5,0,0,0.138466999,0,0,0,0,0,0,8.52939224,8.08649063,0,0,0,0,75,38628,0,0,0,,,,50
10294692,0.5,0,0,0.138466999,0,0,0,0,0,0,8.52939224,8.08860207,0,0,0,0,75,38628,0,0,0,,,,50
10295819,0.5,0,0,0.138466999,0,0,0,0,0,0,8.52939224,8.08860207,0,0,0,0,75,38628,0,0,0,,,,50
10296947,0.5,0,0,0.138466999,0,0,0,0,0,0,8.52939224,8.08860207,0,0,0,0,75,38628,0,0,0,,,,50
10298279,0.5,0,0,0.138466999,0,0,0,0,0,0,8.52939224,8.08649063,0,0,0,0,75,38628,0,0,0,,,,50
10299407,0.5,0,0,0.138466999,0,0,0,0,0,0,8.52939224,8.08860207,0,0,0,0,75,38628,0,0,0,,,,50
10300539,0.5,0,0,0.138466999,0,0,0,0,0,0,8.52939224,8.08649063,0,0.00714798551,0,0,75,38628,0,0,0,,,,50
10301667,0.5,0,0,0.138466999,0,0,0,0,0,0,8.52939224,8.08860207,0,0,0,0,75,38628,0,0,0,,,,50
10302795,0.5,0,0,0.138466999,0,0,0,0,0,0,8.53240585,8.08860207,0,0,0,0,75,38628,0,0,0,,,,50
10303922,0.5,1,0,0.138466999,0.00805860758,0,0,0,0,0,8.53240585,8.08649063,0,0,0,0,75,38628,0,0,0,,,,50
10305050,0.5,0,0,0.138466999,0,0,0,0,0,0,8.52939224,8.08860207,0,0,0,0,75,38628,0,0,0,,,,50
10306182,0.5,0,0,0.138466999,0,0,0,0,0,0,8.52939224,8.08860207,0,0,0,0,75,38628,0,0,0,,,,50
10307310,0.5,0,0,0.138466999,0,0,0,0,0,0,8.52939224,8.08860207,0,0,0,0,75,38628,0,0,0,,,,50
10308437,0.5,0,0,0.134573653,0,0,0,0,0,0,8.52939224,8.08649063,0,0,0,0,75,39122,0,0,0,,,,50
10309565,0.5,0,0,0.134573653,0,0,0,0,0,0,8.52939224,8.08860207,0,0,0,0,75,39122,0,0,0,,,,50
10310692,0.5,0,0,0.134573653,0,0,0,0,0,0,8.53240585,8.08860207,0,0,0,0,76,39122,0,0,0,,,,50
10311820,0.5,0,0,0.134573653,0,0,0,0,0,0,8.52939224,8.08649063,0,0,0,0,76,39122,0,0,0,,,,50
10312952,0.5,0,0,0.134573653,0,0,0,0,0,0,8.52939224,8.08649063,0,0,0,0,76,39122,0,0,0,,,,50
10314080,0.5,0,0,0.134573653,0,0,0,0,0,0,8.52939224,8.08860207,0,0,0,0,76,39122,0,0,0,,,,50
10315207,0.5,0,0,0.134573653,0,0,0,0,0,0,8.52939224,8.08649063,0,0,0,0,76,39122,0,0,0,,,,50
10316335,0.5,0,0,0.134573653,0,0,0,0,0,0,8.52939224,8.08649063,0,0,0,0,76,39122,0,0,0,,,,50
10317462,0.5,0,0,0.134573653,0,0,0,0,0,0,8.52939224,8.08649063,0,0,0,0,76,39122,0,0,0,,,,50
10318799,0.5,0,0,0.134573653,0,0,0,0,0,0,8.52939224,8.08649063,0,0,0,0,76,39122,0,0,0,,,,50
10319927,0.5,0,0,0.134573653,0,0,0,0,0,0,8.52637863,8.08860207,0,0,0,0,76,39122,0,0,0,,,,50
10321054,0.5,0,0,0.134573653,0,0,0,0,0,0,8.52939224,8.08860207,0,0,0,0,76,39122,0,0,0,,,,50
10322182,0.5,0,0,0.134573653,0,0,0,0,0,0,8.52939224,8.08860207,0,0,0,0,76,39122,0,0,0,,,,50
10323310,0.5,0,0,0.134573653,0,0,0,0,0,0,8.53240585,8.08860207,0,0,0,0,76,39122,0,0,0,,,,50
10324438,0.5,0,0,0.134573653,0,0,0,0,0,0,8.52939224,8.08860207,0,0,0,0,76,39122,0,0,0,,,,50
10325570,0.5,0,0,0.134573653,0,0,0,0,0,0,8.52939224,8.08860207,0,0,0,0,76,39122,0,0,0,,,,50
10326698,0.5,0,0,0.134573653,0,0,0,0,0,0,8.53240585,8.08860207,0,0,0,0,76,39122,0,0,0,,,,50
10327825,0.5,0,0,0.134573653,0,0,0,0,0,0,8.52939224,8.08649063,0,0,0,0,76,39122,0,0,0,,,,50
10328953,0.5,0,0,0.134573653,0,0,0,0,0,0,8.52939224,8.08860207,0,0,0,0,76,39122,0,0,0,,,,50
10330081,0.5,0,0,0.134573653,0,0,0,0,0,0,8.52939224,8.08649063,0,0,0,0,76,39122,0,0,0,,,,50
10331213,0.5,0,0,0.134573653,0,0,0,0,0,0,8.52939224,8.08860207,0,0,0,0,76,39122,0,0,0,,,,50
10332341,0.5,0,0,0.134573653,0,0,0,0,0,0,8.53240585,8.08860207,0,0,0,0,76,39122,0,0,0,,,,50
10333469,0.5,0,0,0.134573653,0,0,0,0,0,0,8.53240585,8.08860207,0,0,0,0,77,39122,0,0,0,,,,50
10334596,0.5,0,0,0.134573653,0,0,0,0,0,0,8.53240585,8.08860207,0,0,0,0,77,39122,0,0,0,,,,50
10335724,0.5,0,0,0.134573653,0,0,0,0,0,0,8.52939224,8.08649063,0,0,0,0,77,39122,0,0,0,,,,50
10336852,0.5,0,0,0.134573653,0,0,0,0,0,0,8.52939224,8.08860207,0,0.00714798551,0,0,77,39122,0,0,0,,,,50
10337984,0.5,0,0,0.134573653,0,0,0,0,0,0,8.53240585,8.08860207,0,0,0,0,77,39122,0,0,0,,,,50
10339112,0.5,0,0,0.134573653,0,0,0,0,0,0,8.52939224,8.08860207,0,0,0,0,77,39122,0,0,0,,,,50
10340444,0.5,0,0,0.134573653,0,0,0,0,0,0,8.52939224,8.08860207,0,0,0,0,77,39122,0,0,0,,,,50
10341571,0.5,0,0,0.134573653,0,0,0,0,0,0,8.52939224,8.08860207,0,0,0,0,77,39122,0,0,0,,,,50
10342699,0.5,0,0,0.134573653,0,0,0,0,0,0,8.52939224,8.08649063,0,0,0,0,77,39122,0,0,0,,,,50
10343826,0.5,0,0,0.134573653,0,0,0,0,0,0,8.52939224,8.08860207,0,0,0,0,77,39122,0,0,0,,,,50
10344959,0.5,0,0,0.134573653,0,0,0,0,0,0,8.52939224,8.08649063,0.00714798551,0,0,0,77,39122,0,0,0,,,,50
10346087,0.5,0,0,0.134573653,0,0,0,0,0,0,8.52939224,8.08649063,0,0,0,0,77,39122,0,0,0,,,,50
10347214,0.5,0,0,0.134573653,0,0,0,0,0,0,8.52939224,8.08860207,0,0,0,0,77,39088,0,0,0,,,,50
10348342,0.5,0,0,0.13367416,0,0,0,0,0,0,8.52939224,8.08860207,0,0,0,0,77,39088,0,0,0,,,,50
10349470,0.5,0,0,0.13367416,0,0,0,0,0,0,8.52939224,8.08860207,0,0,0,0,78,39088,0,0,0,,,,50
10350602,0.5,0,0,0.13367416,0,0,0,0,0,0,8.53240585,8.08860207,0,0,0,0,78,39088,0,0,0,,,,50
10351730,0.5,0,0,0.13367416,0,0,0,0,0,0,8.52939224,8.08649063,0,0,0,0,78,39088,0,0,0,,,,50
10352858,0.5,0,0,0.13367416,0,0,0,0,0,0,8.52939224,8.08860207,0,0,0,0,78,39088,0,0,0,,,,50
10353985,0.5,1,0,0.13367416,0.00805860758,0,0,0,0,0,8.53240585,8.08860207,0,0,0,0,78,39088,0,0,0,,,,50
10355113,0.5,0,0,0.13367416,0,0,0,0,0,0,8.52939224,8.08860207,0,0,0,0,78,39088,0,0,0,,,,50
10356241,0.5,0,0,0.13367416,0,0,0,0,0,0,8.52939224,8.08860207,0,0.00714798551,0,0,78,39088,0,0,0,,,,50
10357373,0.5,0,0,0.13367416,0,0,0,0,0,0,8.53240585,8.08860207,0,0,0,0,78,39088,0,0,0,,,,50
10358501,0.5,0,0,0.13367416,0,0,0,0,0,0,8.52939224,8.08649063,0,0,0,0,78,39088,0,0,0,,,,50
10359629,0.5,0,0,0.13367416,0,0,0,0,0,0,8.52939224,8.08860207,0,0.00714798551,0,0,78,39088,0,0,0,,,,50
10360961,0.5,0,0,0.13367416,0,0,0,0,0,0,8.52939224,8.08649063,0,0,0,0,78,39088,0,0,0,,,,50
10362088,0.5,0,0,0.13367416,0,0,0,0,0,0,8.52939224,8.08649063,0,0,0,0,78,39088,0,0,0,,,,50
10363221,0.5,0,0,0.13367416,0,0,0,0,0,0,8.52939224,8.08860207,0,0,0,0,78,39088,0,0,0,,,,50
10364349,0.5,0,0,0.13367416,0,0,0,0,0,0,8.52939224,8.08649063,0,0,0,0,78,39088,0,0,0,,,,50
10365476,0.5,0,0,0.13367416,0,0,0,0,0,0,8.52939224,8.08649063,0,0,0,0,78,39088,0,0,0,,,,50
10366604,0.5,0,0,0.13367416,0,0,0,0,0,0,8.52939224,8.08649063,0,0,0,0,78,39088,0,0,0,,,,50
10367732,0.5,0,0,0.13367416,0,0,0,0,0,0,8.52939224,8.08860207,0,0,0,0,78,39088,0,0,0,,,,50
10368859,0.5,0,0,0.13367416,0,0,0,0,0,0,8.52939224,8.08860207,0,0,0,0,78,39088,0,0,0,,,,50
10369992,0.5,0,0,0.13367416,0,0,0,0,0,0,8.52939224,8.08860207,0,0,0,0,79,39088,0,0,0,,,,50
10371120,0.5,0,0,0.13367416,0,0,0,0,0,0,8.52637863,8.08860207,0,0,0,0,79,39088,0,0,0,,,,50
10372247,0.5,0,0,0.13367416,0,0,0,0,0,0,8.52939224,8.08649063,0,0,0,0,79,39088,0,0,0,,,,50
10373375,0.5,0,0,0.13367416,0,0,0,0,0,0,8.52939224,8.08860207,0,0,0,0,79,39088,0,0,0,,,,50
10374503,0.5,0,0,0.13367416,0,0,0,0,0,0,8.52939224,8.08860207,0,0,0,0,79,39088,0,0,0,,,,50
10375635,0.5,0,0,0.13367416,0,0,0,0,0,0,8.52939224,8.08860207,0,0,0,0,79,39088,0,0,0,,,,50
10376763,0.5,0,0,0.13367416,0,0,0,0,0,0,8.52939224,8.08649063,0,0,0,0,79,39088,0,0,0,,,,50
10377891,0.5,0,0,0.13367416,0,0,0,0,0,0,8.52939224,8.08860207,0,0,0,0,79,39088,0,0,0,,,,50
10379018,0.5,0,0,0.13367416,0,0,0,0,0,0,8.52939224,8.08649063,0,0,0,0,79,39088,0,0,0,,,,50
10380146,0.5,0,0,0.13367416,0,0,0,0,0,0,8.52939224,8.08860207,0,0,0,0,79,39088,0,0,0,,,,50
10381274,0.5,0,0,0.13367416,0,0,0,0,0,0,8.52939224,8.08649063,0,0,0,0,79,39088,0,0,0,,,,50
10382610,0.5,0,0,0.13367416,0,0,0,0,0,0,8.52939224,8.08860207,0,0,0,0,79,39088,0,0,0,,,,50
10383738,0.5,0,0,0.141924709,0,0,0,0,0,0,8.52637863,8.08860207,0,0,0,0,79,38311,0,0,0,,,,50
10384865,0.5,0,0,0.141924709,0,0,0,0,0,0,8.52939224,8.0907135,0,0,0,0,79,38311,0,0,0,,,,50
10385993,0.5,0,0,0.141924709,0,0,0,0,0,0,8.52939224,8.08860207,0,0,0,0,80,38311,0,0,0,,,,50
10387121,0.5,0,0,0.141924709,0,0,0,0,0,0,8.52939224,8.08860207,0,0,0,0,80,38311,0,0,0,,,,50
10388248,0.5,0,0,0.141924709,0,0,0,0,0,0,8.52939224,8.08649063,0,0,0,0,80,38311,0,0,0,,,,50
10389381,0.5,0,0,0.141924709,0,0,0,0,0,0,8.52939224,8.08649063,0,0,0,0,80,38311,0,0,0,,,,50
10390508,0.5,0,0,0.141924709,0,0,0,0,0,0,8.52939224,8.08649063,0,0,0,0,80,38311,0,0,0,,,,50
10391636,0.5,0,0,0.141924709,0,0,0,0,0,0,8.52939224,8.0907135,0,0,0,0,80,38311,0,0,0,,,,50
10392763,0.5,0,0,0.141924709,0,0,0,0,0,0,8.52939224,8.08649063,0,0,0,0,80,38311,0,0,0,,,,50
10393891,0.5,0,0,0.141924709,0,0,0,0,0,0,8.52939224,8.08649063,0,0,0,0,80,38311,0,0,0,,,,50
10395023,0.5,0,0,0.141924709,0,0,0,0,0,0,8.52939224,8.08649063,0,0,0,0,80,38311,0,0,0,,,,50
10396151,0.5,0,0,0.141924709,0,0,0,0,0,0,8.52939224,8.08860207,0,0,0,0,80,38311,0,0,0,,,,50
10397279,0.5,0,0,0.141924709,0,0,0,0,0,0,8.52637863,8.08860207,0,0,0,0,80,38311,0,0,0,,,,50
10398407,0.5,0,0,0.141924709,0,0,0,0,0,0,8.52637863,8.08649063,0,0,0,0,80,38311,0,0,0,,,,50
10399534,0.5,0,0,0.141924709,0,0,0,0,0,0,8.52939224,8.08649063,0,0,0,0,80,38311,0,0,0,,,,50
10400662,0.5,0,0,0.141924709,0,0,0,0,0,0,8.52939224,8.08860207,0,0,0,0,80,38311,0,0,0,,,,50
10401794,0.5,0,0,0.141924709,0,0,0,0,0,0,8.52939224,8.08649063,0,0,0,0,80,38311,0,0,0,,,,50
10403126,0.5,0,0,0.141924709,0,0,0,0,0,0,8.52939224,8.08649063,0,0,0,0,80,38311,0,0,0,,,,50
10404254,0.5,0,0,0.141924709,0,0,0,0,0,0,8.52939224,8.08649063,0,0,0,0,80,38311,0,0,0,,,,50
10405382,0.5,0,0,0.141924709,0,0,0,0,0,0,8.52939224,8.08649063,0,0,0,0,81,38311,0,0,0,,,,50
10406509,0.5,0,0,0.141924709,0,0,0,0,0,0,8.52939224,8.08860207,0,0,0,0,81,38311,0,0,0,,,,50
10407641,0.5,0,0,0.141924709,0,0,0,0,0,0,8.53240585,8.08860207,0,0,0,0,81,38311,0,0,0,,,,50
10408769,0.5,0,0,0.141924709,0,0,0,0,0,0,8.52939224,8.08860207,0,0,0,0,81,38311,0,0,0,,,,50
10409897,0.5,0,0,0.141924709,0,0,0,0,0,0,8.52939224,8.08649063,0,0,0,0,81,38311,0,0,0,,,,50
10411024,0.5,0,0,0.141924709,0,0,0,0,0,0,8.52939224,8.08649063,0,0,0,0,81,38311,0,0,0,,,,50
10412152,0.5,0,0,0.141924709,0,0,0,0,0,0,8.52939224,8.08649063,0,0,0,0,81,38311,0,0,0,,,,50
10413280,0.5,0,0,0.141924709,0,0,0,0,0,0,8.52939224,8.08860207,0,0,0,0,81,38311,0,0,0,,,,50
10414412,0.5,0,0,0.141924709,0,0,0,0,0,0,8.52939224,8.08649063,0,0,0,0,81,38311,0,0,0,,,,50
10415540,0.5,0,0,0.141924709,0,0,0,0,0,0,8.52939224,8.08860207,0,0,0,0,81,38311,0,0,0,,,,50
10416668,0.5,0,0,0.141924709,0,0,0,0,0,0,8.52939224,8.08649063,0,0,0,0,81,38311,0,0,0,,,,50
10417795,0.5,0,0,0.141924709,0,0,0,0,0,0,8.52939224,8.08860207,0,0,0,0,81,37471,0,0,0,,,,50
10418923,0.5,0,0,0.150002509,0,0,0,0,0,0,8.52939224,8.08860207,0,0,0,0,81,37471,0,0,0,,,,50
10420055,0.5,0,0,0.150002509,0,0,0,0,0,0,8.52939224,8.08649063,0,0,0,0,81,37471,0,0,0,,,,50
10421183,0.5,0,0,0.150002509,0,0,0,0,0,0,8.52939224,8.08649063,0,0,0,0,82,37471,0,0,0,,,,50
10422311,0.5,0,0,0.150002509,0,0,0,0,0,0,8.52939224,8.08649063,0,0,0,0,82,37471,0,0,0,,,,50
10423439,0.5,0,0,0.150002509,0,0,0,0,0,0,8.52939224,8.08860207,0,0,0,0,82,37471,0,0,0,,,,50
10424770,0.5,0,0,0.150002509,0,0,0,0,0,0,8.52939224,8.08860207,0,0,0,0,82,37471,0,0,0,,,,50
10425898,0.5,0,0,0.150002509,0,0,0,0,0,0,8.52939224,8.08649063,0,0,0,0,82,37471,0,0,0,,,,50
10427031,0.5,0,0,0.150002509,0,0,0,0,0,0,8.52939224,8.08649063,0,0,0,0,82,37471,0,0,0,,,,50
10428158,0.5,0,0,0.150002509,0,0,0,0,0,0,8.52939224,8.08860207,0,0,0,0,82,37471,0,0,0,,,,50
10429286,0.5,0,0,0.150002509,0,0,0,0,0,0,8.52637863,8.08649063,0,0,0,0,82,37471,0,0,0,,,,50
10430414,0.5,0,0,0.150002509,0,0,0,0,0,0,8.52939224,8.08649063,0,0,0,0,82,37471,0,0,0,,,,50
10431542,0.5,0,0,0.150002509,0,0,0,0,0,0,8.52939224,8.08860207,0,0,0,0,82,37471,0,0,0,,,,50
10432669,0.5,0,0,0.150002509,0,0,0,0,0,0,8.52939224,8.08860207,0,0,0,0,82,37471,0,0,0,,,,50
10433802,0.5,0,0,0.150002509,0,0,0,0,0,0,8.52939224,8.08649063,0,0,0,0,82,37471,0,0,0,,,,50
10434930,0.5,0,0,0.150002509,0,0,0,0,0,0,8.52939224,8.08860207,0,0,0,0,82,37471,0,0,0,,,,50
10436057,0.5,0,0,0.150002509,0,0,0,0,0,0,8.52939224,8.08860207,0,0,0,0,82,37471,0,0,0,,,,50
10437185,0.5,0,0,0.150002509,0,0,0,0,0,0,8.52939224,8.08649063,0,0,0,0,82,37471,0,0,0,,,,50
10438313,0.5,0,0,0.150002509,0,0,0,0,0,0,8.52939224,8.08860207,0,0,0,0,82,37471,0,0,0,,,,50
10439445,0.5,0,0,0.150002509,0,0,0,0,0,0,8.52939224,8.08860207,0,0,0,0,82,37471,0,0,0,,,,50
10440573,0.5,0,0,0.150002509,0,0,0,0,0,0,8.52939224,8.08649063,0,0,0,0,82,37471,0,0,0,,,,50
10441701,0.5,0,0,0.150002509,0,0,0,0,0,0,8.52939224,8.08860207,0,0,0,0,83,37471,0,0,0,,,,50
10442828,0.5,0,0,0.150002509,0,0,0,0,0,0,8.52939224,8.08860207,0,0,0,0,83,37471,0,0,0,,,,50
10443956,0.5,0,0,0.150002509,0,0,0,0,0,0,8.52939224,8.08649063,0,0,0,0,83,37471,0,0,0,,,,50
10445288,0.5,0,0,0.150002509,0,0,0,0,0,0,8.52939224,8.08649063,0,0,0,0,83,37471,0,0,0,,,,50
10446420,0.5,0,0,0.150002509,0,0,0,0,0,0,8.53240585,8.08649063,0,0,0,0,83,37471,0,0,0,,,,50
10447548,0.5,0,0,0.150002509,0,0,0,0,0,0,8.52939224,8.08860207,0,0,0,0,83,37471,0,0,0,,,,50
10448675,0.5,0,0,0.150002509,0,0,0,0,0,0,8.52939224,8.08649063,0,0,0,0,83,37471,0,0,0,,,,50
10449803,0.5,0,0,0.150002509,0,0,0,0,0,0,8.52939224,8.08860207,0,0,0,0,83,37471,0,0,0,,,,50
10450931,0.5,0,0,0.150002509,0,0,0,0,0,0,8.52939224,8.08860207,0,0,0,0,83,37471,0,0,0,,,,50
10452063,0.5,0,0,0.150002509,0,0,0,0,0,0,8.52939224,8.08860207,0,0,0,0,83,37471,0,0,0,,,,50
10453191,0.5,0,0,0.150002509,0,0,0,0,0,0,8.52939224,8.08649063,0,0,0,0,83,37471,0,0,0,,,,50
10454318,0.5,0,0,0.150002509,0,0,0,0,0,0,8.52939224,8.08649063,0,0,0,0,83,37210,0,0,0,,,,50
10455446,0.5,0,0,0.149063095,0,0,0,0,0,0,8.52939224,8.08649063,0,0,0,0,83,37210,0,0,0,,,,50
10456574,0.5,0,0,0.149063095,0,0,0,0,0,0,8.52939224,8.08649063,0,0,0,0,83,37210,0,0,0,,,,50
10457702,0.5,0,0,0.149063095,0,0,0,0,0,0,8.52939224,8.08860207,0,0,0,0,84,37210,0,0,0,,,,50
10458834,0.5,0,0,0.149063095,0,0,0,0,0,0,8.52939224,8.08860207,0,0,0,0,84,37210,0,0,0,,,,50
10459962,0.5,0,0,0.149063095,0,0,0,0,0,0,8.52939224,8.08860207,0,0.00714798551,0,0,84,37210,0,0,0,,,,50
10461090,0.5,0,0,0.149063095,0,0,0,0,0,0,8.53240585,8.08649063,0,0,0,0,84,37210,0,0,0,,,,50
10462217,0.5,0,0,0.149063095,0,0,0,0,0,0,8.52939224,8.08649063,0,0,0,0,84,37210,0,0,0,,,,50
10463345,0.5,0,0,0.149063095,0,0,0,0,0,0,8.52939224,8.08860207,0,0,0,0,84,37210,0,0,0,,,,50
10464478,0.5,0,0,0.149063095,0,0,0,0,0,0,8.52939224,8.08860207,0,0,0,0,84,37210,0,0,0,,,,50
10465809,0.5,0,0,0.149063095,0,0,0,0,0,0,8.52939224,8.08649063,0,0,0,0,84,37210,0,0,0,,,,50
10466937,0.5,0,0,0.149063095,0,0,0,0,0,0,8.52939224,8.08860207,0,0,0,0,84,37210,0,0,0,,,,50
10468065,0.5,0,0,0.149063095,0,0,0,0,0,0,8.52939224,8.08860207,0,0,0,0,84,37210,0,0,0,,,,50
10469192,0.5,0,0,0.149063095,0,0,0,0,0,0,8.52939224,8.08649063,0,0,0,0,84,37210,0,0,0,,,,50
10470320,0.5,0,0,0.149063095,0,0,0,0,0,0,8.52939224,8.08649063,0,0,0,0,84,37210,0,0,0,,,,50
10471452,0.5,0,0,0.149063095,0,0,0,0,0,0,8.52939224,8.08860207,0,0,0,0,84,37210,0,0,0,,,,50
10472580,0.5,0,0,0.149063095,0,0,0,0,0,0,8.52939224,8.08649063,0,0,0,0,84,37210,0,0,0,,,,50
10473708,0.5,0,0,0.149063095,0,0,0,0,0,0,8.52939224,8.08649063,0,0,0,0,84,37210,0,0,0,,,,50
10474835,0.5,0,0,0.149063095,0,0,0,0,0,0,8.52939224,8.08860207,0,0,0,0,84,37210,0,0,0,,,,50
10475963,0.5,0,0,0.149063095,0,0,0,0,0,0,8.52939224,8.08860207,0,0,0,0,84,37210,0,0,0,,,,50
10477095,0.5,0,0,0.149063095,0,0,0,0,0,0,8.52939224,8.08649063,0,0,0,0,84,37210,0,0,0,,,,50
10478222,0.5,0,0,0.149063095,0,0,0,0,0,0,8.52939224,8.08860207,0,0,0,0,85,37210,0,0,0,,,,50
10479350,0.5,0,0,0.149063095,0,0,0,0,0,0,8.52939224,8.08860207,0,0,0,0,85,37210,0,0,0,,,,50
10480478,0.5,0,0,0.149063095,0,0,0,0,0,0,8.52939224,8.08649063,0,0,0,0,85,37210,0,0,0,,,,50
10481606,0.5,0,0,0.149063095,0,0,0,0,0,0,8.53240585,8.08860207,0,0,0,0,85,37210,0,0,0,,,,50
10482733,0.5,0,0,0.149063095,0,0,0,0,0,0,8.52939224,8.08649063,0,0,0,0,85,37210,0,0,0,,,,50
10483866,0.5,0,0,0.149063095,0,0,0,0,0,0,8.52939224,8.08649063,0,0,0,0,85,37210,0,0,0,,,,50
10484993,0.5,0,0,0.149063095,0,0,0,0,0,0,8.52939224,8.08860207,0,0,0,0,85,37210,0,0,0,,,,50
10486121,0.5,0,0,0.149063095,0,0,0,0,0,0,8.52939224,8.08649063,0,0,0,0,85,37210,0,0,0,,,,50
10487453,0.5,0,0,0.149063095,0,0,0,0,0,0,8.52939224,8.08860207,0,0,0,0,85,37210,0,0,0,,,,50
10488581,0.5,0,0,0.149063095,0,0,0,0,0,0,8.52939224,8.08860207,0,0,0,0,85,37210,0,0,0,,,,50
10489708,0.5,0,0,0.149063095,0,0,0,0,0,0,8.52939224,8.08649063,0,0,0,0,85,37210,0,0,0,,,,50
10490841,0.5,0,0,0.149063095,0,0,0,0,0,0,8.52939224,8.08649063,0,0,0,0,85,37017,0,0,0,,,,50
10491969,0.5,0,0,0.146016985,0,0,0,0,0,0,8.52637863,8.08860207,0,0,0,0,85,37017,0,0,0,,,,50
10493096,0.5,0,0,0.146016985,0,0,0,0,0,0,8.52939224,8.08860207,0,0,0,0,85,37017,0,0,0,,,,50
10494224,0.5,0,0,0.146016985,0,0,0,0,0,0,8.52637863,8.08649063,0,0,0,0,86,37017,0,0,0,,,,50
10495352,0.5,0,0,0.146016985,0,0,0,0,0,0,8.52939224,8.08649063,0,0,0,0,86,37017,0,0,0,,,,50
10496484,0.5,0,0,0.146016985,0,0,0,0,0,0,8.52939224,8.08860207,0,0,0,0,86,37017,0,0,0,,,,50
10497612,0.5,0,0,0.146016985,0,0,0,0,0,0,8.53240585,8.08649063,0,0,0,0,86,37017,0,0,0,,,,50
10498740,0.5,0,0,0.146016985,0,0,0,0,0,0,8.52939224,8.08649063,0,0,0,0,86,37017,0,0,0,,,,50
10499868,0.5,0,0,0.146016985,0,0,0,0,0,0,8.52939224,8.08860207,0,0,0,0,86,37017,0,0,0,,,,50
10500995,0.5,0,0,0.146016985,0,0,0,0,0,0,8.52939224,8.08860207,0,0,0,0,86,37017,0,0,0,,,,50
10502123,0.5,0,0,0.146016985,0,0,0,0,0,0,8.53240585,8.08649063,0,0,0,0,86,37017,0,0,0,,,,50
10503256,0.5,0,0,0.146016985,0,0,0,0,0,0,8.52939224,8.08649063,0,0,0,0,86,37017,0,0,0,,,,50
10504383,0.5,0,0,0.146016985,0,0,0,0,0,0,8.52939224,8.08649063,0,0,0,0,86,37017,0,0,0,,,,50
10505511,0.5,0,0,0.146016985,0,0,0,0,0,0,8.52939224,8.08860207,0,0,0,0,86,37017,0,0,0,,,,50
10506639,0.5,0,0,0.146016985,0,0,0,0,0,0,8.52939224,8.08649063,0,0,0,0,86,37017,0,0,0,,,,50
10507971,0.5,0,0,0.146016985,0,0,0,0,0,0,8.52939224,8.08649063,0,0,0,0,86,37017,0,0,0,,,,50
10509103,0.5,0,0,0.146016985,0,0,0,0,0,0,8.52939224,8.08860207,0,0,0,0,86,37017,0,0,0,,,,50
10510231,0.5,0,0,0.146016985,0,0,0,0,0,0,8.52939224,8.08860207,0,0,0,0,86,37017,0,0,0,,,,50
10511358,0.5,0,0,0.146016985,0,0,0,0,0,0,8.52939224,8.08649063,0,0,0,0,86,37017,0,0,0,,,,50
10512486,0.5,0,0,0.146016985,0,0,0,0,0,0,8.52939224,8.08860207,0,0,0,0,86,37017,0,0,0,,,,50
10513614,0.5,0,0,0.146016985,0,0,0,0,0,0,8.52939224,8.08860207,0,0,0,0,87,37017,0,0,0,,,,50
10514742,0.5,0,0,0.146016985,0,0,0,0,0,0,8.52939224,8.08649063,0,0,0,0,87,37017,0,0,0,,,,50
10515874,0.5,0,0,0.146016985,0,0,0,0,0,0,8.52939224,8.08860207,0,0,0,0,87,37017,0,0,0,,,,50
10517002,0.5,0,0,0.146016985,0,0,0,0,0,0,8.52939224,8.08649063,0,0,0,0,87,37017,0,0,0,,,,50
10518130,0.5,0,0,0.146016985,0,0,0,0,0,0,8.52939224,8.08649063,0,0,0,0,87,37017,0,0,0,,,,50
10519257,0.5,0,0,0.146016985,0,0,0,0,0,0,8.52637863,8.08860207,0,0,0,0,87,37017,0,0,0,,,,50
10520385,0.5,0,0,0.146016985,0,0,0,0,0,0,8.52939224,8.08649063,0,0,0,0,87,37017,0,0,0,,,,50
10521517,0.5,0,0,0.146016985,0,0,0,0,0,0,8.52939224,8.08649063,0,0,0,0,87,37017,0,0,0,,,,50
10522645,0.5,0,0,0.146016985,0,0,0,0,0,0,8.52939224,8.08860207,0,0,0,0,87,37017,0,0,0,,,,50
10523772,0.5,0,0,0.146016985,0,0,0,0,0,0,8.52939224,8.08860207,0,0,0,0,87,37017,0,0,0,,,,50
10524900,0.5,0,0,0.146016985,0,0,0,0,0,0,8.52939224,8.08649063,0,0,0,0,87,37017,0,0,0,,,,50
10526028,0.5,0,0,0.146016985,0,0,0,0,0,0,8.52939224,8.08860207,0,0,0,0,87,37017,0,0,0,,,,50
10527155,0.5,0,0,0.147777379,0,0,0,0,0,0,8.52939224,8.08649063,0,0,0,0,87,36652,0,0,0,,,,50
10528288,0.5,0,0,0.147777379,0,0,0,0,0,0,8.53240585,8.08649063,0,0,0,0,87,36652,0,0,0,,,,50
10529619,0.5,0,0,0.147777379,0,0,0,0,0,0,8.52939224,8.08860207,0,0,0,0,88,36652,0,0,0,,,,50
10530747,0.5,0,0,0.147777379,0,0,0,0,0,0,8.53240585,8.08649063,0,0,0,0,88,36652,0,0,0,,,,50
10531875,0.5,0,0,0.147777379,0,0,0,0,0,0,8.52939224,8.08860207,0,0,0,0,88,36652,0,0,0,,,,50
10533003,0.5,0,0,0.147777379,0,0,0,0,0,0,8.52939224,8.08860207,0,0,0,0,88,36652,0,0,0,,,,50
10534130,0.5,0,0,0.147777379,0,0,0,0,0,0,8.52939224,8.08860207,0,0,0,0,88,36652,0,0,0,,,,50
10535263,0.5,0,0,0.147777379,0,0,0,0,0,0,8.52939224,8.08860207,0,0,0,0,88,36652,0,0,0,,,,50
10536391,0.5,0,0,0.147777379,0,0,0,0,0,0,8.52939224,8.08649063,0,0,0,0,88,36652,0,0,0,,,,50
10537518,0.5,0,0,0.147777379,0,0,0,0,0,0,8.52637863,8.08649063,0,0.00714798551,0,0,88,36652,0,0,0,,,,50
10538646,0.5,0,0,0.147777379,0,0,0,0,0,0,8.52939224,8.08649063,0,0,0,0,88,36652,0,0,0,,,,50
10539774,0.5,0,0,0.147777379,0,0,0,0,0,0,8.52939224,8.08649063,0,0,0,0,88,36652,0,0,0,,,,50
10540906,0.5,0,0,0.147777379,0,0,0,0,0,0,8.52939224,8.08649063,0,0,0,0,88,36652,0,0,0,,,,50
10542034,0.5,0,0,0.147777379,0,0,0,0,0,0,8.53240585,8.08860207,0,0,0,0,88,36652,0,0,0,,,,50
10543162,0.5,0,0,0.147777379,0,0,0,0,0,0,8.52939224,8.0907135,0,0,0,0,88,36652,0,0,0,,,,50
10544289,0.5,0,0,0.147777379,0,0,0,0,0,0,8.52939224,8.08860207,0,0,0,0,88,36652,0,0,0,,,,50
10545417,0.5,0,0,0.147777379,0,0,0,0,0,0,8.52939224,8.08649063,0,0,0,0,88,36652,0,0,0,,,,50
10546545,0.5,0,0,0.147777379,0,0,0,0,0,0,8.52939224,8.08649063,0,0,0,0,88,36652,0,0,0,,,,50
10547677,0.5,0,0,0.147777379,0,0,0,0,0,0,8.52939224,8.08860207,0,0,0,0,89,36652,0,0,0,,,,50
10548804,0.5,0,0,0.147777379,0,0,0,0,0,0,8.52939224,8.08860207,0,0,0,0,89,36652,0,0,0,,,,50
10550136,0.5,0,0,0.147777379,0,0,0,0,0,0,8.52939224,8.08860207,0,0,0,0,89,36652,0,0,0,,,,50
10551264,0.5,0,0,0.147777379,0,0,0,0,0,0,8.53240585,8.08860207,0,0,0,0,89,36652,0,0,0,,,,50
10552391,0.5,0,0,0.147777379,0,0,0,0,0,0,8.52939224,8.08860207,0,0,0,0,89,36652,0,0,0,,,,50
10553524,0.5,0,0,0.147777379,0,0,0,0,0,0,8.53240585,8.08649063,0,0,0,0,89,36652,0,0,0,,,,50
10554652,0.5,0,0,0.147777379,0,0,0,0,0,0,8.52939224,8.08860207,0,0,0,0,89,36652,0,0,0,,,,50
10555779,0.5,0,0,0.147777379,0,0,0,0,0,0,8.52939224,8.0843792,0,0,0,0,89,36652,0,0,0,,,,50
10556907,0.5,0,0,0.147777379,0,0,0,0,0,0,8.52939224,8.08860207,0,0,0,0,89,36652,0,0,0,,,,50
10558035,0.5,0,0,0.147777379,0,0,0,0,0,0,8.52939224,8.08860207,0,0,0,0,89,36652,0,0,0,,,,50
10559162,0.5,0,0,0.147777379,0,0,0,0,0,0,8.52939224,8.08860207,0,0,0,0,89,36652,0,0,0,,,,50
10560295,0.5,0,0,0.147777379,0,0,0,0,0,0,8.53240585,8.08860207,0,0,0,0,89,36652,0,0,0,,,,50
10561423,0.5,0,0,0.152533665,0,0,0,0,0,0,8.52939224,8.08649063,0,0,0,0,89,36037,0,0,0,,,,50
10562550,0.5,0,0,0.152533665,0,0,0,0,0,0,8.52939224,8.08649063,0,0,0,0,89,36037,0,0,0,,,,50
10563678,0.5,0,0,0.152533665,0,0,0,0,0,0,8.52939224,8.08860207,0,0,0,0,90,36037,0,0,0,,,,50
10564806,0.5,0,0,0.152533665,0,0,0,0,0,0,8.52939224,8.08649063,0,0,0,0,90,36037,0,0,0,,,,50
10565938,0.5,0,0,0.152533665,0,0,0,0,0,0,8.52939224,8.08649063,0,0,0,0,90,36037,0,0,0,,,,50
10567066,0.5,0,0,0.152533665,0,0,0,0,0,0,8.52939224,8.08649063,0,0,0,0,90,36037,0,0,0,,,,50
10568194,0.5,0,0,0.152533665,0,0,0,0,0,0,8.52939224,8.08860207,0,0,0,0,90,36037,0,0,0,,,,50
10569321,0.5,0,0,0.152533665,0,0,0,0,0,0,8.52939224,8.08860207,0,0,0,0,90,36037,0,0,0,,,,50
10570449,0.5,0,0,0.152533665,0,0,0,0,0,0,8.53240585,8.08860207,0,0,0,0,90,36037,0,0,0,,,,50
10571781,0.5,0,0,0.152533665,0,0,0,0,0,0,8.52939224,8.08860207,0,0,0,0,90,36037,0,0,0,,,,50
10572914,0.5,0,0,0.152533665,0,0,0,0,0,0,8.52939224,8.08860207,0,0,0,0,90,36037,0,0,0,,,,50
10574041,0.5,0,0,0.152533665,0,0,0,0,0,0,8.52939224,8.08649063,0,0,0,0,90,36037,0,0,0,,,,50
10575169,0.5,0,0,0.152533665,0,0,0,0,0,0,8.52939224,8.08649063,0,0,0,0,90,36037,0,0,0,,,,50
10576297,0.5,0,0,0.152533665,0,0,0,0,0,0,8.52939224,8.08649063,0,0,0,0,90,36037,0,0,0,,,,50
10577425,0.5,0,0,0.152533665,0,0,0,0,0,0,8.52939224,8.08649063,0,0,0,0,90,36037,0,0,0,,,,50
10578552,0.5,0,0,0.152533665,0,0,0,0,0,0,8.52939224,8.08649063,0,0,0,0,90,36037,0,0,0,,,,50
10579685,0.5,0,0,0.152533665,0,0,0,0,0,0,8.52939224,8.08649063,0,0,0,0,90,36037,0,0,0,,,,50
10580813,0.5,0,0,0.152533665,0,0,0,0,0,0,8.52939224,8.08860207,0,0,0,0,90,36037,0,0,0,,,,50
10581940,0.5,0,0,0.152533665,0,0,0,0,0,0,8.52939224,8.08860207,0,0,0,0,91,36037,0,0,0,,,,50
10583068,0.5,0,0,0.152533665,0,0,0,0,0,0,8.52939224,8.08860207,0,0,0,0,91,36037,0,0,0,,,,50
10584196,0.5,0,0,0.152533665,0,0,0,0,0,0,8.52939224,8.08649063,0,0,0,0,91,36037,0,0,0,,,,50
10585328,0.5,0,0,0.152533665,0,0,0,0,0,0,8.53240585,8.08649063,0,0,0,0,91,36037,0,0,0,,,,50
10586456,0.5,0,0,0.152533665,0,0,0,0,0,0,8.52939224,8.08860207,0,0,0,0,91,36037,0,0,0,,,,50
10587584,0.5,0,0,0.152533665,0,0,0,0,0,0,8.52939224,8.08649063,0,0,0,0,91,36037,0,0,0,,,,50
10588711,0.5,0,0,0.152533665,0,0,0,0,0,0,8.52939224,8.08860207,0,0,0,0,91,36037,0,0,0,,,,50
10589839,0.5,0,0,0.152533665,0,0,0,0,0,0,8.52939224,8.08649063,0,0,0,0,91,36037,0,0,0,,,,50
10590967,0.5,0,0,0.152533665,0,0,0,0,0,0,8.52939224,8.08649063,0,0,0,0,91,36037,0,0,0,,,,50
10592303,0.5,0,0,0.152533665,0,0,0,0,0,0,8.52939224,8.08860207,0,0,0,0,91,36037,0,0,0,,,,50
10593431,0.5,0,0,0.152533665,0,0,0,0,0,0,8.52637863,8.08649063,0,0,0,0,91,36037,0,0,0,,,,50
10594559,0.5,0,0,0.152533665,0,0,0,0,0,0,8.52939224,8.08649063,0,0,0,0,91,35522,0,0,0,,,,50
10595686,0.5,0,0,0.156075761,0,0,0,0,0,0,8.52939224,8.08860207,0,0,0,0,91,35522,0,0,0,,,,50
10596814,0.5,0,0,0.156075761,0,0,0,0,0,0,8.52939224,8.08860207,0,0,0,0,91,35522,0,0,0,,,,50
10597947,0.5,0,0,0.156075761,0,0,0,0,0,0,8.53240585,8.08860207,0,0,0,0,92,35522,0,0,0,,,,50
10599074,0.5,0,0,0.156075761,0,0,0,0,0,0,8.52939224,8.08649063,0,0,0,0,92,35522,0,0,0,,,,50
10600202,0.5,0,0,0.156075761,0,0,0,0,0,0,8.52939224,8.08649063,0,0,0,0,92,35522,0,0,0,,,,50
10601330,0.5,0,0,0.156075761,0,0,0,0,0,0,8.52939224,8.08649063,0,0,0,0,92,35522,0,0,0,,,,50
10602458,0.5,0,0,0.156075761,0,0,0,0,0,0,8.52939224,8.08649063,0.00714798551,0,0,0,92,35522,0,0,0,,,,50
10603585,0.5,0,0,0.156075761,0,0,0,0,0,0,8.52939224,8.08649063,0,0,0,0,92,35522,0,0,0,,,,50
10604718,0.5,0,0,0.156075761,0,0,0,0,0,0,8.52939224,8.08860207,0,0,0,0,92,35522,0,0,0,,,,50
10605846,0.5,0,0,0.156075761,0,0,0,0,0,0,8.52939224,8.08860207,0,0,0,0,92,35522,0,0,0,,,,50
10606973,0.5,0,0,0.156075761,0,0,0,0,0,0,8.52939224,8.08649063,0,0,0,0,92,35522,0,0,0,,,,50
10608101,0.5,0,0,0.156075761,0,0,0,0,0,0,8.52939224,8.08649063,0,0,0,0,92,35522,0,0,0,,,,50
10609229,0.5,0,0,0.156075761,0,0,0,0,0,0,8.52939224,8.08860207,0,0,0,0,92,35522,0,0,0,,,,50
10610361,0.5,0,0,0.156075761,0,0,0,0,0,0,8.52939224,8.08649063,0,0,0,0,92,35522,0,0,0,,,,50
10611489,0.5,0,0,0.156075761,0,0,0,0,0,0,8.52939224,8.08860207,0,0,0,0,92,35522,0,0,0,,,,50
10612820,0.5,0,0,0.156075761,0,0,0,0,0,0,8.52939224,8.08860207,0,0,0,0,92,35522,0,0,0,,,,50
10613948,0.5,0,0,0.156075761,0,0,0,0,0,0,8.52939224,8.08649063,0,0,0,0,92,35522,0,0,0,,,,50
10615076,0.5,0,0,0.156075761,0,0,0,0,0,0,8.52939224,8.08649063,0,0,0,0,93,35522,0,0,0,,,,50
10616203,0.5,0,0,0.156075761,0,0,0,0,0,0,8.52939224,8.08649063,0,0,0,0,93,35522,0,0,0,,,,50
10617336,0.5,0,0,0.156075761,0,0,0,0,0,0,8.52939224,8.08649063,0,0,0,0,93,35522,0,0,0,,,,50
10618464,0.5,0,0,0.156075761,0,0,0,0,0,0,8.53240585,8.08649063,0.00714798551,0,0,0,93,35522,0,0,0,,,,50
10619591,0.5,0,0,0.156075761,0,0,0,0,0,0,8.52939224,8.08860207,0,0,0,0,93,35522,0,0,0,,,,50
10620718,0.5,0,0,0.156075761,0,0,0,0,0,0,8.52939224,8.08860207,0,0,0,0,93,35522,0,0,0,,,,50
10621846,0.5,0,0,0.156075761,0,0,0,0,0,0,8.52939224,8.08860207,0,0,0,0,93,35522,0,0,0,,,,50
10622978,0.5,0,0,0.156075761,0,0,0,0,0,0,8.53240585,8.08860207,0,0,0,0,93,35522,0,0,0,,,,50
10624105,0.5,0,0,0.156075761,0,0,0,0,0,0,8.52939224,8.08860207,0,0,0,0,93,35522,0,0,0,,,,50
10625233,0.5,0,0,0.156075761,0,0,0,0,0,0,8.52939224,8.08860207,0,0,0,0,93,35522,0,0,0,,,,50
10626361,0.5,0,0,0.156075761,0,0,0,0,0,0,8.52939224,8.08649063,0,0,0,0,93,35522,0,0,0,,,,50
10627488,0.5,0,0,0.159947202,0,0,0,0,0,0,8.52939224,8.08649063,0,0.00714798551,0,0,93,34777,0,0,0,,,,50
10628616,0.5,0,0,0.159947202,0,0,0,0,0,0,8.52637863,8.08860207,0,0,0,0,93,34777,0,0,0,,,,50
10629749,0.5,0,0,0.159947202,0,0,0,0,0,0,8.52939224,8.08860207,0,0,0,0,93,34777,0,0,0,,,,50
10630876,0.5,0,0,0.159947202,0,0,0,0,0,0,8.52939224,8.08649063,0,0.00714798551,0,0,94,34777,0,0,0,,,,50
10632004,0.5,0,0,0.159947202,0,0,0,0,0,0,8.52939224,8.08860207,0,0,0,0,94,34777,0,0,0,,,,50
10633132,0.5,0,0,0.159947202,0,0,0,0,0,0,8.52939224,8.08860207,0,0,0,0,94,34777,0,0,0,,,,50
10634464,0.5,0,0,0.159947202,0,0,0,0,0,0,8.52939224,8.08860207,0,0,0,0,94,34777,0,0,0,,,,50
10635591,0.5,0,0,0.159947202,0,0,0,0,0,0,8.52939224,8.08649063,0,0,0,0,94,34777,0,0,0,,,,50
10636724,0.5,0,0,0.159947202,0,0,0,0,0,0,8.52939224,8.08860207,0,0,0,0,94,34777,0,0,0,,,,50
10637851,0.5,0,0,0.159947202,0,0,0,0,0,0,8.52939224,8.08860207,0,0.00714798551,0,0,94,34777,0,0,0,,,,50
10638979,0.5,0,0,0.159947202,0,0,0,0,0,0,8.52939224,8.08649063,0,0,0,0,94,34777,0,0,0,,,,50
10640107,0.5,0,0,0.159947202,0,0,0,0,0,0,8.52939224,8.08860207,0,0,0,0,94,34777,0,0,0,,,,50
10641235,0.5,0,0,0.159947202,0,0,0,0,0,0,8.52637863,8.08649063,0,0,0,0,94,34777,0,0,0,,,,50
10642367,0.5,0,0,0.159947202,0,0,0,0,0,0,8.52939224,8.08860207,0,0,0,0,94,34777,0,0,0,,,,50
10643495,0.5,0,0,0.159947202,0,0,0,0,0,0,8.53240585,8.08860207,0,0,0,0,94,34777,0,0,0,,,,50
10644623,0.5,0,0,0.159947202,0,0,0,0,0,0,8.52939224,8.08860207,0,0,0,0,94,34777,0,0,0,,,,50
10645750,0.5,0,0,0.159947202,0,0,0,0,0,0,8.52939224,8.08649063,0,0,0,0,94,34777,0,0,0,,,,50
10646878,0.5,0,0,0.159947202,0,0,0,0,0,0,8.52939224,8.08649063,0,0,0,0,94,34777,0,0,0,,,,50
10648006,0.5,0,0,0.159947202,0,0,0,0,0,0,8.52939224,8.08649063,0,0,0,0,95,34777,0,0,0,,,,50
10649138,0.5,0,0,0.159947202,0,0,0,0,0,0,8.52939224,8.08649063,0,0,0,0,95,34777,0,0,0,,,,50
10650266,0.5,0,0,0.159947202,0,0,0,0,0,0,8.52939224,8.08860207,0,0,0,0,95,34777,0,0,0,,,,50
10651393,0.5,0,0,0.159947202,0,0,0,0,0,0,8.52939224,8.08649063,0,0,0,0,95,34777,0,0,0,,,,50
10652521,0.5,0,0,0.159947202,0,0,0,0,0,0,8.52939224,8.08860207,0,0,0,0,95,34777,0,0,0,,,,50
10653649,0.5,0,0,0.159947202,0,0,0,0,0,0,8.52939224,8.08860207,0,0,0,0,95,34777,0,0,0,,,,50
10654985,0.5,0,0,0.159947202,0,0,0,0,0,0,8.52939224,8.08649063,0,0,0,0,95,34777,0,0,0,,,,50
10656113,0.5,0,0,0.159947202,0,0,0,0,0,0,8.52939224,8.08860207,0,0,0,0,95,34777,0,0,0,,,,50
10657240,0.5,0,0,0.159947202,0,0,0,0,0,0,8.52939224,8.08649063,0,0,0,0,95,34777,0,0,0,,,,50
10658368,0.5,0,0,0.159947202,0,0,0,0,0,0,8.52939224,8.08649063,0,0,0,0,95,34777,0,0,0,,,,50
10659496,0.5,0,0,0.159947202,0,0,0,0,0,0,8.52939224,8.08649063,0,0,0,0,95,34112,0,0,0,,,,50
10660624,0.5,0,0,0.164548293,0,0,0,0,0,0,8.52939224,8.08649063,0,0,0,0,95,34112,0,0,0,,,,50
10661756,0.5,0,0,0.164548293,0,0,0,0,0,0,8.52939224,8.08649063,0,0,0,0,95,34112,0,0,0,,,,50
10662884,0.5,0,0,0.164548293,0,0,0,0,0,0,8.52939224,8.08649063,0,0,0,0,96,34112,0,0,0,,,,50
10664011,0.5,0,0,0.164548293,0,0,0,0,0,0,8.52939224,8.08649063,0,0,0,0,96,34112,0,0,0,,,,50
10665139,0.5,0,0,0.164548293,0,0,0,0,0,0,8.52939224,8.08860207,0,0,0,0,96,34112,0,0,0,,,,50
10666267,0.5,0,0,0.164548293,0,0,0,0,0,0,8.52939224,8.08649063,0,0,0,0,96,34112,0,0,0,,,,50
10667399,0.5,0,0,0.164548293,0,0,0,0,0,0,8.52939224,8.08649063,0,0,0,0,96,34112,0,0,0,,,,50
10668527,0.5,0,0,0.164548293,0,0,0,0,0,0,8.52939224,8.08860207,0,0,0,0,96,34112,0,0,0,,,,50
10669655,0.5,0,0,0.164548293,0,0,0,0,0,0,8.52939224,8.08649063,0,0,0,0,96,34112,0,0,0,,,,50
10670783,0.5,0,0,0.164548293,0,0,0,0,0,0,8.52939224,8.08860207,0,0,0,0,96,34112,0,0,0,,,,50
10671910,0.5,0,0,0.164548293,0,0,0,0,0,0,8.52637863,8.08860207,0,0,0,0,96,34112,0,0,0,,,,50
10673038,0.5,0,0,0.164548293,0,0,0,0,0,0,8.52939224,8.08860207,0,0,0,0,96,34112,0,0,0,,,,50
10674170,0.5,0,0,0.164548293,0,0,0,0,0,0,8.53240585,8.08649063,0,0,0,0,96,34112,0,0,0,,,,50
10675298,0.5,0,0,0.164548293,0,0,0,0,0,0,8.52939224,8.08649063,0,0,0,0,96,34112,0,0,0,,,,50
10676630,0.5,0,0,0.164548293,0,0,0,0,0,0,8.52939224,8.08860207,0,0,0,0,96,34112,0,0,0,,,,50
10677758,0.5,0,0,0.164548293,0,0,0,0,0,0,8.52637863,8.08860207,0,0,0,0,96,34112,0,0,0,,,,50
10678885,0.5,0,0,0.164548293,0,0,0,0,0,0,8.53240585,8.08649063,0,0,0,0,97,34112,0,0,0,,,,50
10680013,0.5,0,0,0.164548293,0,0,0,0,0,0,8.52939224,8.08649063,0,0,0,0,97,34112,0,0,0,,,,50
10681146,0.5,0,0,0.164548293,0,0,0,0,0,0,8.52939224,8.08649063,0,0,0,0,97,34112,0,0,0,,,,50
10682273,0.5,0,0,0.164548293,0,0,0,0,0,0,8.52939224,8.08649063,0,0,0,0,97,34112,0,0,0,,,,50
10683401,0.5,0,0,0.164548293,0,0,0,0,0,0,8.52939224,8.08649063,0,0,0,0,97,34112,0,0,0,,,,50
10684529,0.5,0,0,0.164548293,0,0,0,0,0,0,8.52939224,8.08860207,0,0,0,0,97,34112,0,0,0,,,,50
10685657,0.5,0,0,0.164548293,0,0,0,0,0,0,8.52939224,8.08649063,0,0,0,0,97,34112,0,0,0,,,,50
10686789,0.5,0,0,0.164548293,0,0,0,0,0,0,8.53240585,8.08649063,0,0,0,0,97,34112,0,0,0,,,,50
10687917,0.5,0,0,0.164548293,0,0,0,0,0,0,8.52637863,8.08860207,0,0,0,0,97,34112,0,0,0,,,,50
10689045,0.5,0,0,0.164548293,0,0,0,0,0,0,8.52939224,8.08649063,0,0,0,0,97,34112,0,0,0,,,,50
10690172,0.5,0,0,0.164548293,0,0,0,0,0,0,8.52939224,8.08860207,0,0,0,0,97,34112,0,0,0,,,,50
10691300,0.5,0,0,0.164548293,0,0,0,0,0,0,8.52939224,8.08649063,0,0,0,0,97,33610,0,0,0,,,,50
10692428,0.5,0,0,0.165673137,0,0,0,0,0,0,8.52939224,8.08649063,0,0,0,0,97,33610,0,0,0,,,,50
10693560,0.5,0,0,0.165673137,0,0,0,0,0,0,8.52939224,8.08860207,0,0,0,0,97,33610,0,0,0,,,,50
10694688,0.5,0,0,0.165673137,0,0,0,0,0,0,8.52939224,8.08649063,0,0,0,0,98,33610,0,0,0,,,,50
10695815,0.5,0,0,0.165673137,0,0,0,0,0,0,8.52939224,8.08649063,0,0,0,0,98,33610,0,0,0,,,,50
10697146,0.5,0,0,0.165673137,0,0,0,0,0,0,8.52939224,8.08649063,0,0,0,0,98,33610,0,0,0,,,,50
10698274,0.5,0,0,0.165673137,0,0,0,0,0,0,8.52939224,8.08860207,0,0,0,0,98,33610,0,0,0,,,,50
10699406,0.5,0,0,0.165673137,0,0,0,0,0,0,8.53240585,8.08649063,0,0,0,0,98,33610,0,0,0,,,,50
10700534,0.5,0,0,0.165673137,0,0,0,0,0,0,8.52939224,8.08860207,0,0,0,0,98,33610,0,0,0,,,,50
10701661,0.5,0,0,0.165673137,0,0,0,0,0,0,8.52939224,8.08860207,0,0,0,0,98,33610,0,0,0,,,,50
10702789,0.5,0,0,0.165673137,0,0,0,0,0,0,8.52939224,8.08860207,0,0,0,0,98,33610,0,0,0,,,,50
10703917,0.5,0,0,0.165673137,0,0,0,0,0,0,8.52939224,8.08860207,0,0,0,0,98,33610,0,0,0,,,,50
10705044,0.5,0,0,0.165673137,0,0,0,0,0,0,8.52637863,8.08649063,0,0,0,0,98,33610,0,0,0,,,,50
10706176,0.5,0,0,0.165673137,0,0,0,0,0,0,8.52939224,8.08649063,0,0,0,0,98,33610,0,0,0,,,,50
10707304,0.5,0,0,0.165673137,0,0,0,0,0,0,8.52939224,8.08860207,0,0,0,0,98,33610,0,0,0,,,,50
10708432,0.5,0,0,0.165673137,0,0,0,0,0,0,8.52939224,8.08860207,0,0,0,0,98,33610,0,0,0,,,,50
10709559,0.5,0,0,0.165673137,0,0,0,0,0,0,8.52939224,8.08860207,0,0,0,0,98,33610,0,0,0,,,,50
10710687,0.5,0,0,0.165673137,0,0,0,0,0,0,8.52939224,8.08860207,0,0,0,0,99,33610,0,0,0,,,,50
10711820,0.5,0,0,0.165673137,0,0,0,0,0,0,8.52939224,8.08860207,0,0,0,0,99,33610,0,0,0,,,,50
10712947,0.5,0,0,0.165673137,0,0,0,0,0,0,8.52939224,8.08649063,0,0,0,0,99,33610,0,0,0,,,,50
10714075,0.5,0,0,0.165673137,0,0,0,0,0,0,8.52939224,8.08860207,0,0,0,0,99,33610,0,0,0,,,,50
10715202,0.5,0,0,0.165673137,0,0,0,0,0,0,8.52939224,8.08860207,0,0,0,0,99,33610,0,0,0,,,,50
10716330,0.5,0,0,0.165673137,0,0,0,0,0,0,8.52939224,8.08649063,0,0,0,0,99,33610,0,0,0,,,,50
10717457,0.5,0,0,0.165673137,0,0,0,0,0,0,8.52637863,8.08649063,0,0,0,0,99,33610,0,0,0,,,,50
10718794,0.5,0,0,0.165673137,0,0,0,0,0,0,8.53240585,8.08649063,0,0,0,0,99,33610,0,0,0,,,,50
10719921,0.5,0,0,0.165673137,0,0,0,0,0,0,8.52939224,8.08860207,0,0,0,0,99,33610,0,0,0,,,,50
10721049,0.5,0,0,0.165673137,0,0,0,0,0,0,8.53240585,8.08860207,0,0,0,0,99,33610,0,0,0,,,,50
10722177,0.5,0,0,0.165673137,0,0,0,0,0,0,8.52939224,8.08860207,0,0,0,0,99,33610,0,0,0,,,,50
10723304,0.5,0,0,0.168041199,0,0,0,0,0,0,8.52939224,8.08649063,0,0,0,0,99,33010,0,0,0,,,,50
10724432,0.5,0,0,0.168041199,0,0,0,0,0,0,8.52939224,8.08649063,0,0,0,0,99,33010,0,0,0,,,,50
10725565,0.5,0,0,0.168041199,0,0,0,0,0,0,8.52939224,8.08649063,0,0,0,0,100,33010,0,0,0,,,,50
10726692,0.5,0,0,0.168041199,0,0,0,0,0,0,8.52939224,8.08649063,0,0.00714798551,0,0,100,33010,0,0,0,,,,50
10727820,0.5,0,0,0.168041199,0,0,0,0,0,0,8.52939224,8.08860207,0,0,0,0,100,33010,0,0,0,,,,50
10728947,0.5,0,0,0.168041199,0,0,0,0,0,0,8.52939224,8.08649063,0,0,0,0,100,33010,0,0,0,,,,50
10730075,0.5,0,0,0.168041199,0,0,0,0,0,0,8.52939224,8.08649063,0,0,0,0,100,33010,0,0,0,,,,50
10731208,0.5,0,0,0.168041199,0,0,0,0,0,0,8.52939224,8.08649063,0,0,0,0,100,33010,0,0,0,,,,50
10732335,0.5,0,0,0.168041199,0,0,0,0,0,0,8.52939224,8.08860207,0,0,0,0,100,33010,0,0,0,,,,50
10733463,0.5,0,0,0.168041199,0,0,0,0,0,0,8.52939224,8.08649063,0,0,0,0,100,33010,0,0,0,,,,50
10734591,0.5,0,0,0.168041199,0,0,0,0,0,0,8.52939224,8.08860207,0,0,0,0,100,33010,0,0,0,,,,50
10735719,0.5,0,0,0.168041199,0,0,0,0,0,0,8.52939224,8.08860207,0,0,0,0,100,33010,0,0,0,,,,50
10736846,0.5,0,0,0.168041199,0,0,0,0,0,0,8.52939224,8.08649063,0,0,0,0,100,33010,0,0,0,,,,50
10737979,0.5,0,0,0.168041199,0,0,0,0,0,0,8.52939224,8.08649063,0,0,0,0,100,33010,0,0,0,,,,50
10739311,0.5,0,0,0.168041199,0,0,0,0,0,0,8.52939224,8.08649063,0,0,0,0,100,33010,0,0,0,,,,50
10740438,0.5,0,0,0.168041199,0,0,0,0,0,0,8.52939224,8.08860207,0,0,0,0,100,33010,0,0,0,,,,50
10741566,0.5,0,0,0.168041199,0,0,0,0,0,0,8.53240585,8.08860207,0,0,0,0,101,33010,0,0,0,,,,50
10742694,0.5,0,0,0.168041199,0,0,0,0,0,0,8.52939224,8.08860207,0,0,0,0,101,33010,0,0,0,,,,50
10743826,0.5,0,0,0.168041199,0,0,0,0,0,0,8.53240585,8.08860207,0,0,0,0,101,33010,0,0,0,,,,50
10744954,0.5,0,0,0.168041199,0,0,0,0,0,0,8.52939224,8.08649063,0,0,0,0,101,33010,0,0,0,,,,50
10746082,0.5,0,0,0.168041199,0,0,0,0,0,0,8.52939224,8.0907135,0,0,0,0,101,33010,0,0,0,,,,50
10747209,0.5,0,0,0.168041199,0,0,0,0,0,0,8.52939224,8.08649063,0,0,0,0,101,33010,0,0,0,,,,50
10748337,0.5,0,0,0.168041199,0,0,0,0,0,0,8.53240585,8.08860207,0,0,0,0,101,33010,0,0,0,,,,50
10749465,0.5,0,0,0.168041199,0,0,0,0,0,0,8.52939224,8.08860207,0,0,0,0,101,33010,0,0,0,,,,50
10750597,0.5,0,0,0.168041199,0,0,0,0,0,0,8.52939224,8.08649063,0,0,0,0,101,33010,0,0,0,,,,50
10751725,0.5,0,0,0.168041199,0,0,0,0,0,0,8.52939224,8.08649063,0,0,0,0,101,33010,0,0,0,,,,50
10752853,0.5,0,0,0.168041199,0,0,0,0,0,0,8.52939224,8.08649063,0,0,0,0,101,33010,0,0,0,,,,50
10753981,0.5,0,0,0.171251729,0,0,0,0,0,0,8.52939224,8.08860207,0,0,0,0,101,32487,0,0,0,,,,50
10755108,0.5,0,0,0.171251729,0,0,0,0,0,0,8.52939224,8.08649063,0,0,0,0,101,32487,0,0,0,,,,50
10756241,0.5,0,0,0.171251729,0,0,0,0,0,0,8.52939224,8.08649063,0,0,0,0,102,32487,0,0,0,,,,50
10757369,0.5,0,0,0.171251729,0,0,0,0,0,0,8.52939224,8.08860207,0,0,0,0,102,32487,0,0,0,,,,50
10758496,0.5,0,0,0.171251729,0,0,0,0,0,0,8.52637863,8.08860207,0,0,0,0,102,32487,0,0,0,,,,50
10759828,0.5,0,0,0.171251729,0,0,0,0,0,0,8.52939224,8.08649063,0,0,0,0,102,32487,0,0,0,,,,50
10760956,0.5,0,0,0.171251729,0,0,0,0,0,0,8.53240585,8.08860207,0,0,0,0,102,32487,0,0,0,,,,50
10762084,0.5,0,0,0.171251729,0,0,0,0,0,0,8.52939224,8.08860207,0,0,0,0,102,32487,0,0,0,,,,50
10763216,0.5,0,0,0.171251729,0,0,0,0,0,0,8.52939224,8.08649063,0,0,0,0,102,32487,0,0,0,,,,50
10764344,0.5,0,0,0.171251729,0,0,0,0,0,0,8.52939224,8.08860207,0,0,0,0,102,32487,0,0,0,,,,50
10765472,0.5,0,0,0.171251729,0,0,0,0,0,0,8.52939224,8.08860207,0,0,0,0,102,32487,0,0,0,,,,50
10766599,0.5,0,0,0.171251729,0,0,0,0,0,0,8.52939224,8.08860207,0,0,0,0,102,32487,0,0,0,,,,50
10767727,0.5,0,0,0.171251729,0,0,0,0,0,0,8.52939224,8.08649063,0,0,0,0,102,32487,0,0,0,,,,50
10768859,0.5,0,0,0.171251729,0,0,0,0,0,0,8.52939224,8.08649063,0,0,0,0,102,32487,0,0,0,,,,50
10769987,0.5,0,0,0.171251729,0,0,0,0,0,0,8.52939224,8.08649063,0,0,0,0,102,32487,0,0,0,,,,50
10771115,0.5,0,0,0.171251729,0,0,0,0,0,0,8.52939224,8.08860207,0,0,0,0,102,32487,0,0,0,,,,50
10772243,0.5,0,0,0.171251729,0,0,0,0,0,0,8.52939224,8.08649063,0,0,0,0,103,32487,0,0,0,,,,50
10773370,0.5,0,0,0.171251729,0,0,0,0,0,0,8.52939224,8.08649063,0,0,0,0,103,32487,0,0,0,,,,50
10774498,0.5,0,0,0.171251729,0,0,0,0,0,0,8.53240585,8.08860207,0,0,0,0,103,32487,0,0,0,,,,50
10775631,0.5,0,0,0.171251729,0,0,0,0,0,0,8.53240585,8.08860207,0,0,0,0,103,32487,0,0,0,,,,50
10776758,0.5,0,0,0.171251729,0,0,0,0,0,0,8.52939224,8.08860207,0,0,0,0,103,32487,0,0,0,,,,50
10777886,0.5,0,0,0.171251729,0,0,0,0,0,0,8.52939224,8.08860207,0,0,0,0,103,32487,0,0,0,,,,50
10779014,0.5,0,0,0.171251729,0,0,0,0,0,0,8.52939224,8.08860207,0,0,0,0,103,32487,0,0,0,,,,50
10780142,0.5,0,0,0.171251729,0,0,0,0,0,0,8.52939224,8.08860207,0,0,0,0,103,32487,0,0,0,,,,50
10781473,0.5,0,0,0.171251729,0,0,0,0,0,0,8.52939224,8.08649063,0,0,0,0,103,32487,0,0,0,,,,50
10782606,0.5,0,0,0.171251729,0,0,0,0,0,0,8.52939224,8.08860207,0,0,0,0,103,32487,0,0,0,,,,50
10783733,0.5,0,0,0.171251729,0,0,0,0,0,0,8.52939224,8.08649063,0,0,0,0,103,32487,0,0,0,,,,50
10784861,0.5,0,0,0.17275326,0,0,0,0,0,0,8.52939224,8.08860207,0,0,0,0,103,32033,0,0,0,,,,50
10785988,0.5,0,0,0.17275326,0,0,0,0,0,0,8.52939224,8.08649063,0,0,0,0,103,32033,0,0,0,,,,50
10787116,0.5,0,0,0.17275326,0,0,0,0,0,0,8.52939224,8.08860207,0,0,0,0,104,32033,0,0,0,,,,50
10788248,0.5,0,0,0.17275326,0,0,0,0,0,0,8.52939224,8.08649063,0,0,0,0,104,32033,0,0,0,,,,50
10789376,0.5,0,0,0.17275326,0,0,0,0,0,0,8.52939224,8.08860207,0,0,0,0,104,32033,0,0,0,,,,50
10790504,0.5,0,0,0.17275326,0,0,0,0,0,0,8.52939224,8.08860207,0,0,0,0,104,32033,0,0,0,,,,50
10791632,0.5,0,0,0.17275326,0,0,0,0,0,0,8.52939224,8.08860207,0,0,0,0,104,32033,0,0,0,,,,50
10792759,0.5,0,0,0.17275326,0,0,0,0,0,0,8.52939224,8.08860207,0,0,0,0,104,32033,0,0,0,,,,50
10793887,0.5,0,0,0.17275326,0,0,0,0,0,0,8.52939224,8.08860207,0,0,0,0,104,32033,0,0,0,,,,50
10795019,0.5,0,0,0.17275326,0,0,0,0,0,0,8.52939224,8.08649063,0,0,0,0,104,32033,0,0,0,,,,50
10796147,0.5,0,0,0.17275326,0,0,0,0,0,0,8.52939224,8.08649063,0,0,0,0,104,32033,0,0,0,,,,50
10797275,0.5,0,0,0.17275326,0,0,0,0,0,0,8.52939224,8.08860207,0,0,0,0,104,32033,0,0,0,,,,50
10798403,0.5,0,0,0.17275326,0,0,0,0,0,0,8.52939224,8.08860207,0,0,0,0,104,32033,0,0,0,,,,50
10799530,0.5,0,0,0.17275326,0,0,0,0,0,0,8.52939224,8.08860207,0,0,0,0,104,32033,0,0,0,,,,50
10800663,0.5,0,0,0.17275326,0,0,0,0,0,0,8.52939224,8.08860207,0,0,0,0,104,32033,0,0,0,,,,50
10801995,0.5,0,0,0.17275326,0,0,0,0,0,0,8.52939224,8.08649063,0,0,0,0,104,32033,0,0,0,,,,50
10803122,0.5,0,0,0.17275326,0,0,0,0,0,0,8.52637863,8.08649063,0,0,0,0,105,32033,0,0,0,,,,50
10804250,0.5,0,0,0.17275326,0,0,0,0,0,0,8.52939224,8.08860207,0,0,0,0,105,32033,0,0,0,,,,50
10805378,0.5,0,0,0.17275326,0,0,0,0,0,0,8.52939224,8.08649063,0,0,0,0,105,32033,0,0,0,,,,50
10806506,0.5,0,0,0.17275326,0,0,0,0,0,0,8.52637863,8.08860207,0,0,0,0,105,32033,0,0,0,,,,50
10807638,0.5,0,0,0.17275326,0,0,0,0,0,0,8.52939224,8.08860207,0,0,0,0,105,32033,0,0,0,,,,50
10808766,0.5,0,0,0.17275326,0,0,0,0,0,0,8.52939224,8.08649063,0,0,0,0,105,32033,0,0,0,,,,50
10809894,0.5,0,0,0.17275326,0,0,0,0,0,0,8.52939224,8.08860207,0,0,0,0,105,32033,0,0,0,,,,50
10811021,0.5,0,0,0.17275326,0,0,0,0,0,0,8.52939224,8.08860207,0,0,0,0,105,32033,0,0,0,,,,50
10812149,0.5,0,0,0.17275326,0,0,0,0,0,0,8.52939224,8.08860207,0,0,0,0,105,32033,0,0,0,,,,50
10813281,0.5,0,0,0.17275326,0,0,0,0,0,0,8.52939224,8.08649063,0,0,0,0,105,32033,0,0,0,,,,50
10814409,0.5,0,0,0.17275326,0,0,0,0,0,0,8.53240585,8.08860207,0,0,0,0,105,32033,0,0,0,,,,50
10815537,0.5,0,0,0.17307362,0,0,0,0,0,0,8.53240585,8.08860207,0,0,0,0,105,31725,0,0,0,,,,50
10816664,0.5,0,0,0.17307362,0,0,0,0,0,0,8.52939224,8.08649063,0,0,0,0,105,31725,0,0,0,,,,50
10817792,0.5,0,0,0.17307362,0,0,0,0,0,0,8.52939224,8.08860207,0,0,0,0,106,31725,0,0,0,,,,50
10818920,0.5,0,0,0.17307362,0,0,0,0,0,0,8.52939224,8.08649063,0,0,0,0,106,31725,0,0,0,,,,50
10820052,0.5,0,0,0.17307362,0,0,0,0,0,0,8.52939224,8.08649063,0,0,0,0,106,31725,0,0,0,,,,50
10821180,0.5,0,0,0.17307362,0,0,0,0,0,0,8.52939224,8.08860207,0,0,0,0,106,31725,0,0,0,,,,50
10822307,0.5,0,0,0.17307362,0,0,0,0,0,0,8.52939224,8.08649063,0,0,0,0,106,31725,0,0,0,,,,50
10823639,0.5,0,0,0.17307362,0,0,0,0,0,0,8.52939224,8.08860207,0,0,0,0,106,31725,0,0,0,,,,50
10824766,0.5,0,0,0.17307362,0,0,0,0,0,0,8.52939224,8.08860207,0,0,0,0,106,31725,0,0,0,,,,50
10825894,0.5,0,0,0.17307362,0,0,0,0,0,0,8.52939224,8.08649063,0,0,0,0,106,31725,0,0,0,,,,50
10827027,0.5,0,0,0.17307362,0,0,0,0,0,0,8.52939224,8.08649063,0,0,0,0,106,31725,0,0,0,,,,50
10828154,0.5,0,0,0.17307362,0,0,0,0,0,0,8.52939224,8.08860207,0,0,0,0,106,31725,0,0,0,,,,50
10829282,0.5,0,0,0.17307362,0,0,0,0,0,0,8.52939224,8.08649063,0,0,0,0,106,31725,0,0,0,,,,50
10830410,0.5,0,0,0.17307362,0,0,0,0,0,0,8.52939224,8.08860207,0,0,0,0,106,31725,0,0,0,,,,50
10831538,0.5,0,0,0.17307362,0,0,0,0,0,0,8.52939224,8.08649063,0,0,0,0,106,31725,0,0,0,,,,50
10832670,0.5,0,0,0.17307362,0,0,0,0,0,0,8.52939224,8.08860207,0,0,0,0,106,31725,0,0,0,,,,50
10833798,0.5,0,0,0.17307362,0,0,0,0,0,0,8.52939224,8.08860207,0,0,0,0,107,31725,0,0,0,,,,50
10834925,0.5,0,0,0.17307362,0,0,0,0,0,0,8.52939224,8.08649063,0,0,0,0,107,31725,0,0,0,,,,50
10836053,0.5,0,0,0.17307362,0,0,0,0,0,0,8.52939224,8.08649063,0,0,0,0,107,31725,0,0,0,,,,50
10837181,0.5,0,0,0.17307362,0,0,0,0,0,0,8.53240585,8.08860207,0,0,0,0,107,31725,0,0,0,,,,50
10838309,0.5,0,0,0.17307362,0,0,0,0,0,0,8.53240585,8.08860207,0,0,0,0,107,31725,0,0,0,,,,50
10839441,0.5,0,0,0.17307362,0,0,0,0,0,0,8.52939224,8.08649063,0,0,0,0,107,31725,0,0,0,,,,50
10840569,0.5,0,0,0.17307362,0,0,0,0,0,0,8.52939224,8.08860207,0,0,0,0,107,31725,0,0,0,,,,50
10841697,0.5,0,0,0.17307362,0,0,0,0,0,0,8.52939224,8.08860207,0,0,0,0,107,31725,0,0,0,,,,50
10842824,0.5,0,0,0.17307362,0,0,0,0,0,0,8.52939224,8.08649063,0,0,0,0,107,31725,0,0,0,,,,50
10844156,0.5,0,0,0.17307362,0,0,0,0,0,0,8.52637863,8.08860207,0,0,0,0,107,31725,0,0,0,,,,50
10845289,0.5,0,0,0.17307362,0,0,0,0,0,0,8.52939224,8.08860207,0,0,0,0,107,31725,0,0,0,,,,50
10846416,0.5,0,0,0.17307362,0,0,0,0,0,0,8.52939224,8.08860207,0,0,0,0,107,31585,0,0,0,,,,50
10847544,0.5,0,0,0.171688363,0,0,0,0,0,0,8.52939224,8.08860207,0,0,0,0,107,31585,0,0,0,,,,50
10848672,0.5,0,0,0.171688363,0,0,0,0,0,0,8.52939224,8.08860207,0,0,0,0,108,31585,0,0,0,,,,50
10849799,0.5,0,0,0.171688363,0,0,0,0,0,0,8.53240585,8.08860207,0,0,0,0,108,31585,0,0,0,,,,50
10850927,0.5,0,0,0.171688363,0,0,0,0,0,0,8.52939224,8.08860207,0,0,0,0,108,31585,0,0,0,,,,50
10852059,0.5,0,0,0.171688363,0,0,0,0,0,0,8.52939224,8.08860207,0,0,0,0,108,31585,0,0,0,,,,50
10853187,0.5,0,0,0.171688363,0,0,0,0,0,0,8.52939224,8.0907135,0,0,0,0,108,31585,0,0,0,,,,50
10854315,0.5,0,0,0.171688363,0,0,0,0,0,0,8.53240585,8.08860207,0,0,0,0,108,31585,0,0,0,,,,50
10855443,0.5,0,0,0.171688363,0,0,0,0,0,0,8.52939224,8.08860207,0,0,0,0,108,31585,0,0,0,,,,50
10856570,0.5,0,0,0.171688363,0,0,0,0,0,0,8.52939224,8.08649063,0,0,0,0,108,31585,0,0,0,,,,50
10857703,0.5,0,0,0.171688363,0,0,0,0,0,0,8.52939224,8.08649063,0,0,0,0,108,31585,0,0,0,,,,50
10858830,0.5,0,0,0.171688363,0,0,0,0,0,0,8.52637863,8.08649063,0,0,0,0,108,31585,0,0,0,,,,50
10859958,0.5,0,0,0.171688363,0,0,0,0,0,0,8.52939224,8.08649063,0,0,0,0,108,31585,0,0,0,,,,50
10861086,0.5,0,0,0.171688363,0,0,0,0,0,0,8.52939224,8.08649063,0,0,0,0,108,31585,0,0,0,,,,50
10862214,0.5,0,0,0.171688363,0,0,0,0,0,0,8.52637863,8.08649063,0,0,0,0,108,31585,0,0,0,,,,50
10863341,0.5,0,0,0.171688363,0,0,0,0,0,0,8.52939224,8.08649063,0,0,0,0,108,31585,0,0,0,,,,50
10864474,0.5,0,0,0.171688363,0,0,0,0,0,0,8.52939224,8.08860207,0,0,0,0,108,31585,0,0,0,,,,50
10865806,0.5,0,0,0.171688363,0,0,0,0,0,0,8.52939224,8.08649063,0,0,0,0,109,31585,0,0,0,,,,50
10866933,0.5,0,0,0.171688363,0,0,0,0,0,0,8.52939224,8.08649063,0,0,0,0,109,31585,0,0,0,,,,50
10868061,0.5,0,0,0.171688363,0,0,0,0,0,0,8.53240585,8.08860207,0,0,0,0,109,31585,0,0,0,,,,50
10869189,0.5,0,0,0.171688363,0,0,0,0,0,0,8.52939224,8.08860207,0,0,0,0,109,31585,0,0,0,,,,50
10870317,0.5,0,0,0.171688363,0,0,0,0,0,0,8.52939224,8.08649063,0,0,0,0,109,31585,0,0,0,,,,50
10871449,0.5,0,0,0.171688363,0,0,0,0,0,0,8.52939224,8.08860207,0,0,0,0,109,31585,0,0,0,,,,50
10872577,0.5,0,0,0.171688363,0,0,0,0,0,0,8.52939224,8.08860207,0,0,0,0,109,31585,0,0,0,,,,50
10873705,0.5,0,0,0.171688363,0,0,0,0,0,0,8.52939224,8.08860207,0,0,0,0,109,31585,0,0,0,,,,50
10874832,0.5,0,0,0.171688363,0,0,0,0,0,0,8.52939224,8.08649063,0,0,0,0,109,31585,0,0,0,,,,50
10875960,0.5,0,0,0.171688363,0,0,0,0,0,0,8.52939224,8.08649063,0,0,0,0,109,31585,0,0,0,,,,50
10877092,0.5,0,0,0.171688363,0,0,0,0,0,0,8.52939224,8.08649063,0,0.00714798551,0,0,109,31585,0,0,0,,,,50
10878220,0.5,0,0,0.171688363,0,0,0,0,0,0,8.52939224,8.08649063,0,0,0,0,109,31707,0,0,0,,,,50
10879348,0.5,0,0,0.168235153,0,0,0,0,0,0,8.52939224,8.08860207,0,0,0,0,109,31707,0,0,0,,,,50
10880476,0.5,0,0,0.168235153,0,0,0,0,0,0,8.53240585,8.08860207,0,0,0,0,109,31707,0,0,0,,,,50
10881603,0.5,0,0,0.168235153,0,0,0,0,0,0,8.53240585,8.08649063,0,0,0,0,110,31707,0,0,0,,,,50
10882731,0.5,0,0,0.168235153,0,0,0,0,0,0,8.52939224,8.08860207,0,0,0,0,110,31707,0,0,0,,,,50
10883863,0.5,0,0,0.168235153,0,0,0,0,0,0,8.53240585,8.08649063,0,0,0,0,110,31707,0,0,0,,,,50
10884991,0.5,0,0,0.168235153,0,0,0,0,0,0,8.52939224,8.08860207,0,0,0,0,110,31707,0,0,0,,,,50
10886323,0.5,0,0,0.168235153,0,0,0,0,0,0,8.53240585,8.08860207,0,0,0,0,110,31707,0,0,0,,,,50
10887450,0.5,0,0,0.168235153,0,0,0,0,0,0,8.52939224,8.08649063,0,0,0,0,110,31707,0,0,0,,,,50
10888578,0.5,0,0,0.168235153,0,0,0,0,0,0,8.53240585,8.08860207,0,0,0,0,110,31707,0,0,0,,,,50
10889711,0.5,0,0,0.168235153,0,0,0,0,0,0,8.52939224,8.08860207,0,0,0,0,110,31707,0,0,0,,,,50
10890838,0.5,0,0,0.168235153,0,0,0,0,0,0,8.52939224,8.08649063,0,0,0,0,110,31707,0,0,0,,,,50
10891966,0.5,0,0,0.168235153,0,0,0,0,0,0,8.53240585,8.08860207,0,0,0,0,110,31707,0,0,0,,,,50
10893094,0.5,0,0,0.168235153,0,0,0,0,0,0,8.52939224,8.08860207,0,0,0,0,110,31707,0,0,0,,,,50
10894221,0.5,0,0,0.168235153,0,0,0,0,0,0,8.52939224,8.08649063,0,0.00714798551,0,0,110,31707,0,0,0,,,,50
10895349,0.5,0,0,0.168235153,0,0,0,0,0,0,8.52939224,8.08860207,0,0,0,0,110,31707,0,0,0,,,,50
10896481,0.5,0,0,0.168235153,0,0,0,0,0,0,8.52637863,8.08649063,0,0,0,0,110,31707,0,0,0,,,,50
10897609,0.5,0,0,0.168235153,0,0,0,0,0,0,8.52939224,8.08860207,0,0,0,0,110,31707,0,0,0,,,,50
10898737,0.5,0,0,0.168235153,0,0,0,0,0,0,8.52939224,8.08649063,0,0,0,0,111,31707,0,0,0,,,,50
10899864,0.5,0,0,0.168235153,0,0,0,0,0,0,8.52939224,8.08860207,0,0,0,0,111,31707,0,0,0,,,,50
10900992,0.5,0,0,0.168235153,0,0,0,0,0,0,8.53240585,8.08860207,0,0,0,0,111,31707,0,0,0,,,,50
10902125,0.5,0,0,0.168235153,0,0,0,0,0,0,8.52939224,8.08649063,0,0,0,0,111,31707,0,0,0,,,,50
10903252,0.5,0,0,0.168235153,0,0,0,0,0,0,8.52939224,8.08860207,0,0,0,0,111,31707,0,0,0,,,,50
10904380,0.5,0,0,0.168235153,0,0,0,0,0,0,8.52939224,8.08649063,0,0,0,0,111,31707,0,0,0,,,,50
10905508,0.5,0,0,0.168235153,0,0,0,0,0,0,8.52939224,8.08860207,0,0,0,0,111,31707,0,0,0,,,,50
10906840,0.5,0,0,0.168235153,0,0,0,0,0,0,8.52939224,8.08649063,0,0,0,0,111,31707,0,0,0,,,,50
10907967,0.5,0,0,0.168235153,0,0,0,0,0,0,8.52939224,8.08860207,0,0,0,0,111,31707,0,0,0,,,,50
10909100,0.5,0,0,0.168235153,0,0,0,0,0,0,8.52939224,8.08649063,0,0,0,0,111,31707,0,0,0,,,,50
10910228,0.5,0,0,0.168235153,0,0,0,0,0,0,8.53240585,8.08860207,0,0.00714798551,0,0,111,31707,0,0,0,,,,50
10911355,0.5,0,0,0.168235153,0,0,0,0,0,0,8.52939224,8.08860207,0,0,0,0,111,31707,0,0,0,,,,50
10912483,0.5,0,0,0.161761314,0,0,0,0,0,0,8.52939224,8.08860207,0,0,0,0,111,32205,0,0,0,,,,50
10913611,0.5,0,0,0.161761314,0,0,0,0,0,0,8.52939224,8.08860207,0,0,0,0,111,32205,0,0,0,,,,50
10914743,0.5,0,0,0.161761314,0,0,0,0,0,0,8.52939224,8.08860207,0,0,0,0,112,32205,0,0,0,,,,50
10915871,0.5,0,0,0.161761314,0,0,0,0,0,0,8.52939224,8.0907135,0,0,0,0,112,32205,0,0,0,,,,50
10916998,0.5,0,0,0.161761314,0,0,0,0,0,0,8.52939224,8.08649063,0,0,0,0,112,32205,0,0,0,,,,50
10918126,0.5,0,0,0.161761314,0,0,0,0,0,0,8.52939224,8.08860207,0,0,0,0,112,32205,0,0,0,,,,50
10919254,0.5,0,0,0.161761314,0,0,0,0,0,0,8.52939224,8.08649063,0,0,0,0,112,32205,0,0,0,,,,50
10920381,0.5,0,0,0.161761314,0,0,0,0,0,0,8.52939224,8.08649063,0,0,0,0,112,32205,0,0,0,,,,50
10921513,0.5,0,0,0.161761314,0,0,0,0,0,0,8.53240585,8.08860207,0.00714798551,0,0,0,112,32205,0,0,0,,,,50
10922641,0.5,0,0,0.161761314,0,0,0,0,0,0,8.52939224,8.08649063,0,0,0,0,112,32205,0,0,0,,,,50
10923769,0.5,0,0,0.161761314,0,0,0,0,0,0,8.53240585,8.08649063,0,0,0,0,112,32205,0,0,0,,,,50
10924896,0.5,0,0,0.161761314,0,0,0,0,0,0,8.52939224,8.08860207,0,0,0,0,112,32205,0,0,0,,,,50
10926024,0.5,0,0,0.161761314,0,0,0,0,0,0,8.52939224,8.08649063,0,0,0,0,112,32205,0,0,0,,,,50
10927151,0.5,0,0,0.161761314,0,0,0,0,0,0,8.52939224,8.08649063,0,0,0,0,112,32205,0,0,0,,,,50
10928487,0.5,0,0,0.161761314,0,0,0,0,0,0,8.52939224,8.08649063,0,0,0,0,112,32205,0,0,0,,,,50
10929615,0.5,0,0,0.161761314,0,0,0,0,0,0,8.52939224,8.08649063,0,0,0,0,112,32205,0,0,0,,,,50
10930742,0.5,0,0,0.161761314,0,0,0,0,0,0,8.52939224,8.08860207,0,0,0,0,112,32205,0,0,0,,,,50
10931870,0.5,0,0,0.161761314,0,0,0,0,0,0,8.52939224,8.08860207,0,0,0,0,112,32205,0,0,0,,,,50
10932998,0.5,0,0,0.161761314,0,0,0,0,0,0,8.52939224,8.08649063,0,0,0,0,112,32205,0,0,0,,,,50
10934130,0.5,0,0,0.161761314,0,0,0,0,0,0,8.52939224,8.08860207,0,0,0,0,113,32205,0,0,0,,,,50
10935258,0.5,0,0,0.161761314,0,0,0,0,0,0,8.52939224,8.08860207,0,0,0,0,113,32205,0,0,0,,,,50
10936386,0.5,0,0,0.161761314,0,0,0,0,0,0,8.52939224,8.08649063,0,0,0,0,113,32205,0,0,0,,,,50
10937514,0.5,0,0,0.161761314,0,0,0,0,0,0,8.52939224,8.08649063,0,0,0,0,113,32205,0,0,0,,,,50
10938641,0.5,0,0,0.161761314,0,0,0,0,0,0,8.52939224,8.08860207,0,0,0,0,113,32205,0,0,0,,,,50
10939769,0.5,0,0,0.161761314,0,0,0,0,0,0,8.52939224,8.0907135,0,0,0,0,113,32205,0,0,0,,,,50
10940901,0.5,0,0,0.161761314,0,0,0,0,0,0,8.52939224,8.08649063,0,0,0,0,113,32205,0,0,0,,,,50
10942029,0.5,0,0,0.161761314,0,0,0,0,0,0,8.53240585,8.08860207,0,0,0,0,113,32205,0,0,0,,,,50
10943157,0.5,0,0,0.161761314,0,0,0,0,0,0,8.52939224,8.08860207,0,0,0,0,113,32205,0,0,0,,,,50
10944285,0.5,0,0,0.161761314,0,0,0,0,0,0,8.52939224,8.08860207,0,0,0,0,113,32205,0,0,0,,,,50
10945412,0.5,0,0,0.161761314,0,0,0,0,0,0,8.52939224,8.08860207,0,0,0,0,113,32205,0,0,0,,,,50
10946545,0.5,0,0,0.161761314,0,0,0,0,0,0,8.52939224,8.08649063,0,0,0,0,113,32205,0,0,0,,,,50
10947673,0.5,0,0,0.161761314,0,0,0,0,0,0,8.52939224,8.08860207,0,0,0,0,113,33108,0,0,0,,,,50
10949004,0.5,0,0,0.15304929,0,0,0,0,0,0,8.52939224,8.08649063,0,0,0,0,113,33108,0,0,0,,,,50
10950132,0.5,0,0,0.15304929,0,0,0,0,0,0,8.53240585,8.08860207,0,0,0,0,113,33108,0,0,0,,,,50
10951260,0.5,0,0,0.15304929,0,0,0,0,0,0,8.52939224,8.08649063,0,0,0,0,114,33108,0,0,0,,,,50
10952388,0.5,0,0,0.15304929,0,0,0,0,0,0,8.52637863,8.08860207,0,0,0,0,114,33108,0,0,0,,,,50
10953520,0.5,0,0,0.15304929,0,0,0,0,0,0,8.52939224,8.08860207,0,0,0,0,114,33108,0,0,0,,,,50
10954648,0.5,0,0,0.15304929,0,0,0,0,0,0,8.52939224,8.08649063,0,0,0,0,114,33108,0,0,0,,,,50
10955775,0.5,0,0,0.15304929,0,0,0,0,0,0,8.53240585,8.08860207,0,0,0,0,114,33108,0,0,0,,,,50
10956903,0.5,0,0,0.15304929,0,0,0,0,0,0,8.52637863,8.08649063,0,0,0,0,114,33108,0,0,0,,,,50
10958031,0.5,0,0,0.15304929,0,0,0,0,0,0,8.52939224,8.08860207,0,0,0,0,114,33108,0,0,0,,,,50
10959163,0.5,0,0,0.15304929,0,0,0,0,0,0,8.53240585,8.08649063,0,0.00714798551,0,0,114,33108,0,0,0,,,,50
10960291,0.5,0,0,0.15304929,0,0,0,0,0,0,8.52939224,8.08860207,0,0,0,0,114,33108,0,0,0,,,,50
10961418,0.5,0,0,0.15304929,0,0,0,0,0,0,8.52939224,8.08860207,0,0,0,0,114,33108,0,0,0,,,,50
10962546,0.5,0,0,0.15304929,0,0,0,0,0,0,8.52939224,8.08649063,0,0,0,0,114,33108,0,0,0,,,,50
10963673,0.5,0,0,0.15304929,0,0,0,0,0,0,8.52939224,8.08860207,0,0,0,0,114,33108,0,0,0,,,,50
10964801,0.5,0,0,0.15304929,0,0,0,0,0,0,8.52939224,8.08649063,0,0,0,0,114,33108,0,0,0,,,,50
10965934,0.5,0,0,0.15304929,0,0,0,0,0,0,8.52939224,8.08860207,0,0,0,0,114,33108,0,0,0,,,,50
10967061,0.5,0,0,0.15304929,0,0,0,0,0,0,8.52939224,8.08860207,0,0,0,0,114,33108,0,0,0,,,,50
10968189,0.5,0,0,0.15304929,0,0,0,0,0,0,8.52939224,8.08649063,0,0,0,0,114,33108,0,0,0,,,,50
10969317,0.5,0,0,0.15304929,0,0,0,0,0,0,8.52939224,8.08649063,0,0,0,0,114,33108,0,0,0,,,,50
10970648,0.5,0,0,0.15304929,0,0,0,0,0,0,8.52939224,8.08649063,0,0,0,0,115,33108,0,0,0,,,,50
10971776,0.5,0,0,0.15304929,0,0,0,0,0,0,8.52939224,8.08649063,0,0,0,0,115,33108,0,0,0,,,,50
10972908,0.5,0,0,0.15304929,0,0,0,0,0,0,8.52637863,8.08649063,0,0,0,0,115,33108,0,0,0,,,,50
10974036,0.5,0,0,0.15304929,0,0,0,0,0,0,8.53542042,8.08649063,0,0,0,0,115,33108,0,0,0,,,,50
10975164,0.5,0,0,0.15304929,0,0,0,0,0,0,8.52939224,8.08860207,0,0,0,0,115,33108,0,0,0,,,,50
10976291,0.5,0,0,0.15304929,0,0,0,0,0,0,8.52939224,8.08860207,0,0,0,0,115,33108,0,0,0,,,,50
10977419,0.5,0,0,0.15304929,0,0,0,0,0,0,8.52939224,8.08860207,0,0.00714798551,0,0,115,33108,0,0,0,,,,50
10978551,0.5,0,0,0.15304929,0,0,0,0,0,0,8.53240585,8.08860207,0,0,0,0,115,33108,0,0,0,,,,50
10979679,0.5,0,0,0.15304929,0,0,0,0,0,0,8.52939224,8.08649063,0,0,0,0,115,33108,0,0,0,,,,50
10980806,0.5,0,0,0.15304929,0,0,0,0,0,0,8.52939224,8.08649063,0,0,0,0,115,33108,0,0,0,,,,50
10981934,0.5,0,0,0.15304929,0,0,0,0,0,0,8.52939224,8.08649063,0,0,0,0,115,33108,0,0,0,,,,50
10983061,0.5,0,0,0.15304929,0,0,0,0,0,0,8.53240585,8.08860207,0,0,0,0,115,33108,0,0,0,,,,50
10984189,0.5,0,0,0.15304929,0,0,0,0,0,0,8.52939224,8.08649063,0,0,0,0,115,33108,0,0,0,,,,50
10985322,0.5,0,0,0.15304929,0,0,0,0,0,0,8.52939224,8.08649063,0,0,0,0,115,33108,0,0,0,,,,50
10986449,0.5,0,0,0.15304929,0,0,0,0,0,0,8.53240585,8.08649063,0,0,0,0,115,34507,0,0,0,,,,50
10987577,0.5,0,0,0.142768368,0,0,0,0,0,0,8.52939224,8.08649063,0,0,0,0,115,34507,0,0,0,,,,50
10988705,0.5,0,0,0.142768368,0,0,0,0,0,0,8.52939224,8.08649063,0,0,0,0,115,34507,0,0,0,,,,50
10989833,0.5,0,0,0.142768368,0,0,0,0,0,0,8.52939224,8.08649063,0,0,0,0,116,34507,0,0,0,,,,50
10991169,0.5,0,0,0.142768368,0,0,0,0,0,0,8.52939224,8.08649063,0,0,0,0,116,34507,0,0,0,,,,50
10992297,0.5,0,0,0.142768368,0,0,0,0,0,0,8.52939224,8.08860207,0,0,0,0,116,34507,0,0,0,,,,50
10993425,0.5,0,0,0.142768368,0,0,0,0,0,0,8.52939224,8.08860207,0,0,0,0,116,34507,0,0,0,,,,50
10994552,0.5,0,0,0.142768368,0,0,0,0,0,0,8.52939224,8.08649063,0,0,0,0,116,34507,0,0,0,,,,50
10995680,0.5,0,0,0.142768368,0,0,0,0,0,0,8.52939224,8.08860207,0,0,0,0,116,34507,0,0,0,,,,50
10996808,0.5,0,0,0.142768368,0,0,0,0,0,0,8.52939224,8.08860207,0,0,0,0,116,34507,0,0,0,,,,50
10997940,0.5,0,0,0.142768368,0,0,0,0,0,0,8.52637863,8.08860207,0,0,0,0,116,34507,0,0,0,,,,50
10999068,0.5,0,0,0.142768368,0,0,0,0,0,0,8.52939224,8.08649063,0,0,0,0,116,34507,0,0,0,,,,50
11000196,0.5,0,0,0.142768368,0,0,0,0,0,0,8.52939224,8.08649063,0,0,0,0,116,34507,0,0,0,,,,50
11001323,0.5,0,0,0.142768368,0,0,0,0,0,0,8.52939224,8.08649063,0,0,0,0,116,34507,0,0,0,,,,50
11002451,0.5,0,0,0.142768368,0,0,0,0,0,0,8.52939224,8.08860207,0,0,0,0,116,34507,0,0,0,,,,50
11003584,0.5,0,0,0.142768368,0,0,0,0,0,0,8.52939224,8.08860207,0,0,0,0,116,34507,0,0,0,,,,50
11004711,0.5,0,0,0.142768368,0,0,0,0,0,0,8.52939224,8.08860207,0,0,0,0,116,34507,0,0,0,,,,50
11005839,0.5,0,0,0.142768368,0,0,0,0,0,0,8.52939224,8.08860207,0,0,0,0,116,34507,0,0,0,,,,50
11006967,0.5,0,0,0.142768368,0,0,0,0,0,0,8.52939224,8.08649063,0,0,0,0,116,34507,0,0,0,,,,50
11008095,0.5,0,0,0.142768368,0,0,0,0,0,0,8.52939224,8.08860207,0,0,0,0,116,34507,0,0,0,,,,50
11009222,0.5,0,0,0.142768368,0,0,0,0,0,0,8.53240585,8.08649063,0,0,0,0,116,34507,0,0,0,,,,50
11010355,0.5,0,0,0.142768368,0,0,0,0,0,0,8.53240585,8.08860207,0,0,0,0,116,34507,0,0,0,,,,50
11011482,0.5,0,0,0.142768368,0,0,0,0,0,0,8.52939224,8.08860207,0,0,0,0,117,34507,0,0,0,,,,50
11012814,0.5,0,0,0.142768368,0,0,0,0,0,0,8.52939224,8.08860207,0,0,0,0,117,34507,0,0,0,,,,50
11013942,0.5,0,0,0.142768368,0,0,0,0,0,0,8.52939224,8.08649063,0,0,0,0,117,34507,0,0,0,,,,50
11015070,0.5,0,0,0.142768368,0,0,0,0,0,0,8.52939224,8.08860207,0,0,0,0,117,34507,0,0,0,,,,50
11016197,0.5,0,0,0.142768368,0,0,0,0,0,0,8.52939224,8.08649063,0,0,0,0,117,34507,0,0,0,,,,50
11017329,0.5,0,0,0.142768368,0,0,0,0,0,0,8.53240585,8.08860207,0,0,0,0,117,34507,0,0,0,,,,50
11018457,0.5,0,0,0.142768368,0,0,0,0,0,0,8.53240585,8.08860207,0,0,0,0,117,34507,0,0,0,,,,50
11019584,0.5,0,0,0.142768368,0,0,0,0,0,0,8.52939224,8.08860207,0,0,0,0,117,34507,0,0,0,,,,50
11020712,0.5,0,0,0.142768368,0,0,0,0,0,0,8.52939224,8.08860207,0,0,0,0,117,34507,0,0,0,,,,50
11021839,0.5,0,0,0.142768368,0,0,0,0,0,0,8.52939224,8.08860207,0,0,0,0,117,34507,0,0,0,,,,50
11022972,0.5,0,0,0.142768368,0,0,0,0,0,0,8.52939224,8.08860207,0,0,0,0,117,34507,0,0,0,,,,50
11024100,0.5,0,0,0.142768368,0,0,0,0,0,0,8.52637863,8.08860207,0,0,0,0,117,34507,0,0,0,,,,50
11025227,0.5,0,0,0.142768368,0,0,0,0,0,0,8.52939224,8.08860207,0,0,0,0,117,34507,0,0,0,,,,50
11026355,0.5,0,0,0.142768368,0,0,0,0,0,0,8.52939224,8.08860207,0,0,0,0,117,34507,0,0,0,,,,50
11027483,0.5,0,0,0.142768368,0,0,0,0,0,0,8.53240585,8.08860207,0,0,0,0,117,36088,0,0,0,,,,50
11028611,0.5,0,0,0.133775011,0,0,0,0,0,0,8.52939224,8.08649063,0,0,0,0,117,36088,0,0,0,,,,50
11029743,0.5,0,0,0.133775011,0,0,0,0,0,0,8.53240585,8.08649063,0,0,0,0,117,36088,0,0,0,,,,50
11030871,0.5,0,0,0.133775011,0,0,0,0,0,0,8.52939224,8.08860207,0,0,0,0,118,36088,0,0,0,,,,50
11031998,0.5,0,0,0.133775011,0,0,0,0,0,0,8.52939224,8.08860207,0,0,0,0,118,36088,0,0,0,,,,50
11033330,0.5,0,0,0.133775011,0,0,0,0,0,0,8.52939224,8.08860207,0,0,0,0,118,36088,0,0,0,,,,50
11034458,0.5,0,0,0.133775011,0,0,0,0,0,0,8.52939224,8.08860207,0,0,0,0,118,36088,0,0,0,,,,50
11035590,0.5,0,0,0.133775011,0,0,0,0,0,0,8.52939224,8.08860207,0,0,0,0,118,36088,0,0,0,,,,50
11036718,0.5,0,0,0.133775011,0,0,0,0,0,0,8.52939224,8.08860207,0,0,0,0,118,36088,0,0,0,,,,50
11037846,0.5,0,0,0.133775011,0,0,0,0,0,0,8.52939224,8.08860207,0,0,0,0,118,36088,0,0,0,,,,50
11038973,0.5,0,0,0.133775011,0,0,0,0,0,0,8.52939224,8.08860207,0,0,0,0,118,36088,0,0,0,,,,50
11040101,0.5,0,0,0.133775011,0,0,0,0,0,0,8.52939224,8.08860207,0,0,0,0,118,36088,0,0,0,,,,50
11041229,0.5,0,0,0.133775011,0,0,0,0,0,0,8.52939224,8.0907135,0,0,0,0,118,36088,0,0,0,,,,50
11042361,0.5,0,0,0.133775011,0,0,0,0,0,0,8.52939224,8.08649063,0,0,0,0,118,36088,0,0,0,,,,50
11043488,0.5,0,0,0.133775011,0,0,0,0,0,0,8.52637863,8.08860207,0,0,0,0,118,36088,0,0,0,,,,50
11044616,0.5,0,0,0.133775011,0,0,0,0,0,0,8.52939224,8.08860207,0,0,0,0,118,36088,0,0,0,,,,50
11045744,0.5,0,0,0.133775011,0,0,0,0,0,0,8.52939224,8.08649063,0,0.00714798551,0,0,118,36088,0,0,0,,,,50
11046871,0.5,0,0,0.133775011,0,0,0,0,0,0,8.52939224,8.08649063,0,0,0,0,118,36088,0,0,0,,,,50
11048004,0.5,0,0,0.133775011,0,0,0,0,0,0,8.52939224,8.08649063,0,0,0,0,118,36088,0,0,0,,,,50
11049132,0.5,0,0,0.133775011,0,0,0,0,0,0,8.52939224,8.08860207,0,0,0,0,118,36088,0,0,0,,,,50
11050259,0.5,0,0,0.133775011,0,0,0,0,0,0,8.52939224,8.08649063,0,0,0,0,118,36088,0,0,0,,,,50
11051387,0.5,0,0,0.133775011,0,0,0,0,0,0,8.52939224,8.08860207,0,0,0,0,119,36088,0,0,0,,,,50
11052515,0.5,0,0,0.133775011,0,0,0,0,0,0,8.52939224,8.08860207,0,0,0,0,119,36088,0,0,0,,,,50
11053847,0.5,0,0,0.133775011,0,0,0,0,0,0,8.52939224,8.08649063,0,0,0,0,119,36088,0,0,0,,,,50
11054979,0.5,0,0,0.133775011,0,0,0,0,0,0,8.52939224,8.08649063,0,0,0,0,119,36088,0,0,0,,,,50
11056107,0.5,0,0,0.133775011,0,0,0,0,0,0,8.52939224,8.08860207,0,0,0,0,119,36088,0,0,0,,,,50
11057234,0.5,0,0,0.133775011,0,0,0,0,0,0,8.53240585,8.08860207,0,0,0,0,119,36088,0,0,0,,,,50
11058362,0.5,0,0,0.133775011,0,0,0,0,0,0,8.52939224,8.08649063,0,0,0,0,119,36088,0,0,0,,,,50
11059490,0.5,0,0,0.133775011,0,0,0,0,0,0,8.52939224,8.08860207,0,0,0,0,119,36088,0,0,0,,,,50
11060622,0.5,0,0,0.133775011,0,0,0,0,0,0,8.52939224,8.08649063,0,0,0,0,119,36088,0,0,0,,,,50
11061750,0.5,0,0,0.133775011,0,0,0,0,0,0,8.52939224,8.08860207,0,0,0,0,119,36088,0,0,0,,,,50
11062878,0.5,0,0,0.133775011,0,0,0,0,0,0,8.52939224,8.08649063,0,0,0,0,119,36088,0,0,0,,,,50
11064005,0.5,0,0,0.133775011,0,0,0,0,0,0,8.52939224,8.08860207,0,0,0,0,119,36088,0,0,0,,,,50
11065133,0.5,0,0,0.133775011,0,0,0,0,0,0,8.52939224,8.08649063,0,0,0,0,119,36088,0,0,0,,,,50
11066261,0.5,0,0,0.133775011,0,0,0,0,0,0,8.52939224,8.08649063,0,0,0,0,119,36088,0,0,0,,,,50
11067393,0.5,0,0,0.133775011,0,0,0,0,0,0,8.52939224,8.08649063,0,0,0,0,119,37028,0,0,0,,,,50
11068521,0.5,0,0,0.131873176,0,0,0,0,0,0,8.52939224,8.08860207,0,0,0,0,119,37028,0,0,0,,,,50
11069649,0.5,0,0,0.131873176,0,0,0,0,0,0,8.52939224,8.08649063,0,0,0,0,119,37028,0,0,0,,,,50
11070777,0.5,0,0,0.131873176,0,0,0,0,0,0,8.52939224,8.08649063,0,0,0,0,120,37028,0,0,0,,,,50
11071904,0.5,0,0,0.131873176,0,0,0,0,0,0,8.52939224,8.08860207,0,0,0,0,120,37028,0,0,0,,,,50
11073032,0.5,0,0,0.131873176,0,0,0,0,0,0,8.52939224,8.08649063,0,0,0,0,120,37028,0,0,0,,,,50
11074165,0.5,0,0,0.131873176,0,0,0,0,0,0,8.52939224,8.08649063,0,0,0,0,120,37028,0,0,0,,,,50
11075496,0.5,0,0,0.131873176,0,0,0,0,0,0,8.52939224,8.08860207,0,0,0,0,120,37028,0,0,0,,,,50
11076624,0.5,0,0,0.131873176,0,0,0,0,0,0,8.52939224,8.08860207,0,0,0,0,120,37028,0,0,0,,,,50
11077752,0.5,0,0,0.131873176,0,0.00805860758,0,0,0,0,8.52939224,8.08860207,0,0,0,0,120,37028,0,0,0,,,,50
11078879,0.5,0,0,0.131873176,0,0,0,0,0,0,8.52939224,8.08860207,0,0,0,0,120,37028,0,0,0,,,,50
11080012,0.5,0,0,0.131873176,0,0,0,0,0,0,8.52939224,8.08860207,0,0,0,0,120,37028,0,0,0,,,,50
11081140,0.5,0,0,0.131873176,0,0,0,0,0,0,8.52939224,8.08649063,0,0,0,0,120,37028,0,0,0,,,,50
11082267,0.5,0,0,0.131873176,0,0,0,0,0,0,8.52939224,8.08649063,0,0,0,0,120,37028,0,0,0,,,,50
11083395,0.5,0,0,0.131873176,0,0,0,0,0,0,8.52939224,8.08649063,0,0,0,0,120,37028,0,0,0,,,,50
11084523,0.5,0,0,0.131873176,0,0,0,0,0,0,8.52939224,8.08649063,0,0,0,0,120,37028,0,0,0,,,,50
11085650,0.5,0,0,0.131873176,0,0,0,0,0,0,8.52939224,8.08860207,0,0,0,0,120,37028,0,0,0,,,,50
11086782,0.5,0,0,0.131873176,0,0,0,0,0,0,8.53240585,8.08860207,0,0,0,0,120,37028,0,0,0,,,,50
11087910,0.5,0,0,0.131873176,0,0,0,0,0,0,8.52939224,8.08860207,0,0,0,0,120,37028,0,0,0,,,,50
11089038,0.5,0,0,0.131873176,0,0,0,0,0,0,8.52939224,8.08860207,0,0,0,0,120,37028,0,0,0,,,,50
11090165,0.5,0,0,0.131873176,0,0,0,0,0,0,8.53240585,8.08649063,0,0,0,0,120,37028,0,0,0,,,,50
11091293,0.5,0,0,0.131873176,0,0,0,0,0,0,8.52939224,8.08649063,0,0,0,0,120,37028,0,0,0,,,,50
11092426,0.5,0,0,0.131873176,0,0,0,0,0,0,8.52939224,8.08649063,0,0,0,0,121,37028,0,0,0,,,,50
11093553,0.5,0,0,0.131873176,0,0,0,0,0,0,8.52939224,8.08649063,0,0,0,0,121,37028,0,0,0,,,,50
11094681,0.5,0,0,0.131873176,0,0,0,0,0,0,8.52939224,8.08860207,0,0,0,0,121,37028,0,0,0,,,,50
11096013,0.5,0,0,0.131873176,0,0,0,0,0,0,8.52939224,8.08860207,0,0,0,0,121,37028,0,0,0,,,,50
11097141,0.5,0,0,0.131873176,0,0,0,0,0,0,8.52939224,8.08860207,0,0,0,0,121,37028,0,0,0,,,,50
11098268,0.5,0,0,0.131873176,0,0,0,0,0,0,8.52939224,8.08649063,0,0,0,0,121,37028,0,0,0,,,,50
11099401,0.5,0,0,0.131873176,0,0,0,0,0,0,8.52939224,8.08860207,0,0,0,0,121,37028,0,0,0,,,,50
11100529,0.5,0,0,0.131873176,0,0,0,0,0,0,8.52939224,8.08649063,0,0,0,0,121,37028,0,0,0,,,,50
11101656,0.5,0,0,0.131873176,0,0,0,0,0,0,8.52939224,8.08649063,0,0,0,0,121,37028,0,0,0,,,,50
11102784,0.5,0,0,0.131873176,0,0,0,0,0,0,8.52939224,8.08649063,0,0,0,0,121,37028,0,0,0,,,,50
11103912,0.5,0,0,0.131873176,0,0,0,0,0,0,8.52939224,8.08649063,0,0,0,0,121,37028,0,0,0,,,,50
11105044,0.5,0,0,0.131873176,0,0,0,0,0,0,8.53240585,8.08649063,0,0,0,0,121,37028,0,0,0,,,,50
11106172,0.5,0,0,0.131873176,0,0,0,0,0,0,8.52939224,8.08649063,0,0,0,0,121,37028,0,0,0,,,,50
11107300,0.5,0,0,0.131873176,0,0,0,0,0,0,8.52939224,8.08860207,0,0,0,0,121,37028,0,0,0,,,,50
11108428,0.5,0,0,0.131873176,0,0,0,0,0,0,8.52939224,8.08649063,0,0,0,0,121,37028,0,0,0,,,,50
11109555,0.5,0,0,0.131873176,0,0,0,0,0,0,8.52939224,8.08860207,0,0,0,0,121,37028,0,0,0,,,,50
11110683,0.5,0,0,0.128568143,0,0,0,0,0,0,8.52939224,8.08649063,0,0,0,0,121,38496,0,0,0,,,,50
11111816,0.5,0,0,0.128568143,0,0,0,0,0,0,8.52939224,8.08649063,0,0,0,0,121,38496,0,0,0,,,,50
11112943,0.5,0,0,0.128568143,0,0,0,0,0,0,8.52939224,8.08649063,0,0,0,0,121,38496,0,0,0,,,,50
11114071,0.5,0,0,0.128568143,0,0,0,0,0,0,8.52939224,8.08649063,0,0,0,0,122,38496,0,0,0,,,,50
11115199,0.5,0,0,0.128568143,0,0,0,0,0,0,8.52939224,8.08649063,0,0,0,0,122,38496,0,0,0,,,,50
11116326,0.5,0,0,0.128568143,0,0,0,0,0,0,8.52939224,8.08860207,0,0,0,0,122,38496,0,0,0,,,,50
11117658,0.5,0,0,0.128568143,0,0,0,0,0,0,8.52939224,8.08649063,0,0,0,0,122,38496,0,0,0,,,,50
11118791,0.5,0,0,0.128568143,0,0,0,0,0,0,8.52939224,8.08860207,0,0,0,0,122,38496,0,0,0,,,,50
11119918,0.5,0,0,0.128568143,0,0,0,0,0,0,8.52939224,8.08860207,0,0,0,0,122,38496,0,0,0,,,,50
11121046,0.5,0,0,0.128568143,0,0,0,0,0,0,8.52939224,8.08860207,0,0,0,0,122,38496,0,0,0,,,,50
11122174,0.5,0,0,0.128568143,0,0,0,0,0,0,8.52939224,8.08649063,0,0,0,0,122,38496,0,0,0,,,,50
11123301,0.5,0,0,0.128568143,0,0,0,0,0,0,8.52939224,8.08649063,0,0,0,0,122,38496,0,0,0,,,,50
11124434,0.5,0,0,0.128568143,0,0,0,0,0,0,8.52939224,8.08860207,0,0,0,0,122,38496,0,0,0,,,,50
11125562,0.5,0,0,0.128568143,0,0,0,0,0,0,8.52939224,8.08860207,0,0,0,0,122,38496,0,0,0,,,,50
11126689,0.5,0,0,0.128568143,0,0,0,0,0,0,8.52939224,8.0907135,0,0,0,0,122,38496,0,0,0,,,,50
11127817,0.5,0,0,0.128568143,0,0,0,0,0,0,8.52939224,8.08649063,0,0,0,0,122,38496,0,0,0,,,,50
11128945,0.5,0,0,0.128568143,0,0,0,0,0,0,8.52939224,8.08649063,0,0,0,0,122,38496,0,0,0,,,,50
11130072,0.5,0,0,0.128568143,0,0,0,0,0,0,8.52939224,8.08649063,0,0,0,0,122,38496,0,0,0,,,,50
11131205,0.5,0,0,0.128568143,0,0,0,0,0,0,8.52939224,8.08649063,0,0,0,0,122,38496,0,0,0,,,,50
11132333,0.5,0,0,0.128568143,0,0,0,0,0,0,8.52939224,8.08860207,0,0,0,0,122,38496,0,0,0,,,,50
11133460,0.5,0,0,0.128568143,0,0,0,0,0,0,8.52939224,8.08860207,0,0,0,0,122,38496,0,0,0,,,,50
11134588,0.5,0,0,0.128568143,0,0,0,0,0,0,8.52939224,8.08860207,0,0,0,0,122,38496,0,0,0,,,,50
11135716,0.5,0,0,0.128568143,0,0,0,0,0,0,8.52939224,8.08860207,0,0,0,0,122,38496,0,0,0,,,,50
11136848,0.5,0,0,0.128568143,0,0,0,0,0,0,8.52939224,8.08649063,0,0,0,0,123,38496,0,0,0,,,,50
11138180,0.5,0,0,0.128568143,0,0,0,0,0,0,8.52939224,8.08860207,0,0,0,0,123,38496,0,0,0,,,,50
11139307,0.5,0,0,0.128568143,0,0,0,0,0,0,8.52939224,8.08860207,0,0,0,0,123,38496,0,0,0,,,,50
11140435,0.5,0,0,0.128568143,0,0,0,0,0,0,8.52939224,8.08649063,0,0,0,0,123,38496,0,0,0,,,,50
11141563,0.5,0,0,0.128568143,0,0,0,0,0,0,8.52939224,8.08860207,0,0,0,0,123,38496,0,0,0,,,,50
11142690,0.5,0,0,0.128568143,0,0,0,0,0,0,8.52939224,8.08860207,0,0,0,0,123,38496,0,0,0,,,,50
11143823,0.5,0,0,0.128568143,0,0,0,0,0,0,8.52637863,8.08860207,0,0,0,0,123,38496,0,0,0,,,,50
11144950,0.5,0,0,0.128568143,0,0,0,0,0,0,8.52939224,8.08649063,0,0,0,0,123,38496,0,0,0,,,,50
11146078,0.5,0,0,0.128568143,0,0,0,0,0,0,8.52939224,8.08860207,0,0,0,0,123,38496,0,0,0,,,,50
11147206,0.5,0,0,0.128568143,0,0,0,0,0,0,8.52939224,8.08860207,0,0,0,0,123,38496,0,0,0,,,,50
11148333,0.5,0,0,0.128568143,0,0,0,0,0,0,8.52939224,8.08860207,0,0,0,0,123,38496,0,0,0,,,,50
11149465,0.5,0,0,0.128568143,0,0,0,0,0,0,8.52939224,8.08860207,0,0,0,0,123,38496,0,0,0,,,,50
11150593,0.5,0,0,0.128568143,0,0,0,0,0,0,8.52637863,8.08649063,0,0,0,0,123,38496,0,0,0,,,,50
11151720,0.5,0,0,0.128568143,0,0,0,0,0,0,8.52939224,8.08860207,0,0,0,0,123,38496,0,0,0,,,,50
11152848,0.5,0,0,0.128568143,0,0,0,0,0,0,8.52939224,8.08860207,0,0,0,0,123,38496,0,0,0,,,,50
11153975,0.5,0,0,0.128568143,0,0,0,0,0,0,8.52939224,8.08860207,0,0,0,0,123,38496,0,0,0,,,,50
11155103,0.5,0,0,0.121821538,0,0,0,0,0,0,8.52939224,8.08649063,0,0,0,0,123,39980,0,0,0,,,,50
11156235,0.5,0,0,0.121821538,0,0,0,0,0,0,8.52939224,8.08860207,0,0,0,0,123,39980,0,0,0,,,,50
11157363,0.5,0,0,0.121821538,0,0,0,0,0,0,8.53240585,8.08860207,0,0,0,0,124,39980,0,0,0,,,,50
11158491,0.5,0,0,0.121821538,0,0,0,0,0,0,8.52939224,8.08860207,0,0,0,0,124,39980,0,0,0,,,,50
11159822,0.5,0,0,0.121821538,0,0,0,0,0,0,8.52939224,8.0907135,0.00714798551,0,0,0,124,39980,0,0,0,,,,50
11160950,0.5,0,0,0.121821538,0,0,0,0,0,0,8.53240585,8.08860207,0,0,0,0,124,39980,0,0,0,,,,50
11162078,0.5,0,0,0.121821538,0,0,0,0,0,0,8.52939224,8.08860207,0,0,0,0,124,39980,0,0,0,,,,50
11163210,0.5,0,0,0.121821538,0,0,0,0,0,0,8.52939224,8.08860207,0,0,0,0,124,39980,0,0,0,,,,50
11164338,0.5,0,0,0.121821538,0,0,0,0,0,0,8.52939224,8.08649063,0,0,0,0,124,39980,0,0,0,,,,50
11165465,0.5,0,0,0.121821538,0,0,0,0,0,0,8.52939224,8.08649063,0,0,0,0,124,39980,0,0,0,,,,50
11166593,0.5,0,0,0.121821538,0,0,0,0,0,0,8.52939224,8.08649063,0,0,0,0,124,39980,0,0,0,,,,50
11167721,0.5,0,0,0.121821538,0,0,0,0,0,0,8.52939224,8.08649063,0,0,0,0,124,39980,0,0,0,,,,50
11168853,0.5,0,0,0.121821538,0,0,0,0,0,0,8.52939224,8.08649063,0,0,0,0,124,39980,0,0,0,,,,50
11169980,0.5,0,0,0.121821538,0,0,0,0,0,0,8.52939224,8.0907135,0,0,0,0,124,39980,0,0,0,,,,50
11171108,0.5,0,0,0.121821538,0,0,0,0,0,0,8.52939224,8.08860207,0,0,0,0,124,39980,0,0,0,,,,50
11172236,0.5,0,0,0.121821538,0,0,0,0,0,0,8.52939224,8.08860207,0,0,0,0,124,39980,0,0,0,,,,50
11173364,0.5,0,0,0.121821538,0,0,0,0,0,0,8.52637863,8.08649063,0,0,0,0,124,39980,0,0,0,,,,50
11174491,0.5,0,0,0.121821538,0,0,0,0,0,0,8.52939224,8.08860207,0,0,0,0,124,39980,0,0,0,,,,50
11175624,0.5,0,0,0.121821538,0,0,0,0,0,0,8.52939224,8.08860207,0,0,0,0,124,39980,0,0,0,,,,50
11176752,0.5,0,0,0.121821538,0,0,0,0,0,0,8.52939224,8.0843792,0,0,0,0,124,39980,0,0,0,,,,50
11177879,0.5,0,0,0.121821538,0,0,0,0,0,0,8.52637863,8.08649063,0,0,0,0,124,39980,0,0,0,,,,50
11179007,0.5,0,0,0.121821538,0,0,0,0,0,0,8.52939224,8.08860207,0,0,0,0,124,39980,0,0,0,,,,50
11180339,0.5,0,0,0.121821538,0,0,0,0,0,0,8.52939224,8.08649063,0,0,0,0,125,39980,0,0,0,,,,50
11181471,0.5,0,0,0.121821538,0,0,0,0,0,0,8.52939224,8.08860207,0,0,0,0,125,39980,0,0,0,,,,50
11182599,0.5,0,0,0.121821538,0,0,0,0,0,0,8.52939224,8.08860207,0,0,0,0,125,39980,0,0,0,,,,50
11183727,0.5,0,0,0.121821538,0,0,0,0,0,0,8.52939224,8.08649063,0,0.00714798551,0,0,125,39980,0,0,0,,,,50
11184854,0.5,0,0,0.121821538,0,0,0,0,0,0,8.52939224,8.08649063,0,0,0,0,125,39980,0,0,0,,,,50
11185982,0.5,0,0,0.121821538,0,0,0,0,0,0,8.52939224,8.08860207,0,0,0,0,125,39980,0,0,0,,,,50
11187109,0.5,0,0,0.121821538,0,0,0,0,0,0,8.52939224,8.08860207,0,0,0,0,125,39980,0,0,0,,,,50
11188241,0.5,0,0,0.121821538,0,0,0,0,0,0,8.52939224,8.08649063,0,0,0,0,125,39980,0,0,0,,,,50
11189369,0.5,0,0,0.121821538,0,0,0,0,0,0,8.52637863,8.08860207,0,0,0,0,125,39980,0,0,0,,,,50
11190496,0.5,0,0,0.121821538,0,0,0,0,0,0,8.52939224,8.08860207,0,0,0,0,125,39980,0,0,0,,,,50
11191624,0.5,0,0,0.121821538,0,0,0,0,0,0,8.52939224,8.08860207,0,0,0,0,125,39980,0,0,0,,,,50
11192752,0.5,0,0,0.121821538,0,0,0,0,0,0,8.52939224,8.08649063,0,0,0,0,125,39980,0,0,0,,,,50
11193884,0.5,0,0,0.121821538,0,0,0,0,0,0,8.52939224,8.08860207,0,0,0,0,125,39980,0,0,0,,,,50
11195012,0.5,0,0,0.121821538,0,0,0,0,0,0,8.52939224,8.08649063,0,0,0,0,125,39980,0,0,0,,,,50
11196139,0.5,0,0,0.121821538,0,0,0,0,0,0,8.52939224,8.08649063,0,0,0,0,125,39980,0,0,0,,,,50
11197267,0.5,0,0,0.121821538,0,0,0,0,0,0,8.52939224,8.08649063,0,0,0,0,125,39980,0,0,0,,,,50
11198395,0.5,0,0,0.121821538,0,0,0,0,0,0,8.52637863,8.08649063,0,0,0,0,125,40936,0,0,0,,,,50
11199522,0.5,0,0,0.120576255,0,0,0,0,0,0,8.52939224,8.08860207,0,0,0,0,125,40936,0,0,0,,,,50
11200859,0.5,0,0,0.120576255,0,0,0,0,0,0,8.52939224,8.08649063,0,0,0,0,125,40936,0,0,0,,,,50
11201987,0.5,0,0,0.120576255,0,0,0,0,0,0,8.52637863,8.08860207,0,0,0,0,126,40936,0,0,0,,,,50
11203114,0.5,0,0,0.120576255,0,0,0,0,0,0,8.52939224,8.08860207,0,0,0,0,126,40936,0,0,0,,,,50
11204242,0.5,0,0,0.120576255,0,0,0,0,0,0,8.53240585,8.08649063,0,0,0,0,126,40936,0,0,0,,,,50
11205370,0.5,0,0,0.120576255,0,0,0,0,0,0,8.52939224,8.08860207,0,0,0,0,126,40936,0,0,0,,,,50
11206502,0.5,0,0,0.120576255,0,0,0,0,0,0,8.52939224,8.08649063,0,0,0,0,126,40936,0,0,0,,,,50
11207630,0.5,0,0,0.120576255,0,0,0,0,0,0,8.52939224,8.08860207,0,0,0,0,126,40936,0,0,0,,,,50
11208758,0.5,0,0,0.120576255,0,0,0,0,0,0,8.52939224,8.08649063,0,0,0,0,126,40936,0,0,0,,,,50
11209886,0.5,0,0,0.120576255,0,0,0,0,0,0,8.52939224,8.08860207,0,0,0,0,126,40936,0,0,0,,,,50
11211013,0.5,0,0,0.120576255,0,0,0,0,0,0,8.52939224,8.08860207,0,0,0,0,126,40936,0,0,0,,,,50
11212141,0.5,0,0,0.120576255,0,0,0,0,0,0,8.52939224,8.08860207,0,0,0,0,126,40936,0,0,0,,,,50
11213273,0.5,0,0,0.120576255,0,0,0,0,0,0,8.52637863,8.08860207,0,0,0,0,126,40936,0,0,0,,,,50
11214401,0.5,0,0,0.120576255,0,0,0,0,0,0,8.52939224,8.08649063,0,0,0,0,126,40936,0,0,0,,,,50
11215529,0.5,0,0,0.120576255,0,0,0,0,0,0,8.53240585,8.08860207,0,0,0,0,126,40936,0,0,0,,,,50
11216657,0.5,0,0,0.120576255,0,0,0,0,0,0,8.52939224,8.08860207,0,0,0,0,126,40936,0,0,0,,,,50
11217784,0.5,0,0,0.120576255,0,0,0,0,0,0,8.52939224,8.08860207,0,0,0,0,126,40936,0,0,0,,,,50
11218912,0.5,0,0,0.120576255,0,0,0,0,0,0,8.52939224,8.08860207,0,0,0,0,126,40936,0,0,0,,,,50
11220045,0.5,0,0,0.120576255,0,0,0,0,0,0,8.52939224,8.08860207,0,0,0,0,126,40936,0,0,0,,,,50
11221172,0.5,0,0,0.120576255,0,0,0,0,0,0,8.52939224,8.08649063,0,0,0,0,126,40936,0,0,0,,,,50
11222504,0.5,0,0,0.120576255,0,0,0,0,0,0,8.52939224,8.08649063,0,0,0,0,126,40936,0,0,0,,,,50
11223632,0.5,0,0,0.120576255,0,0,0,0,0,0,8.52939224,8.08649063,0,0,0,0,127,40936,0,0,0,,,,50
11224760,0.5,0,0,0.120576255,0,0,0,0,0,0,8.52939224,8.08860207,0,0.00714798551,0,0,127,40936,0,0,0,,,,50
11225892,0.5,0,0,0.120576255,0,0,0,0,0,0,8.52939224,8.08860207,0,0,0,0,127,40936,0,0,0,,,,50
11227020,0.5,0,0,0.120576255,0,0,0,0,0,0,8.52939224,8.08649063,0,0,0,0,127,40936,0,0,0,,,,50
11228148,0.5,0,0,0.120576255,0,0,0,0,0,0,8.52939224,8.08860207,0,0,0,0,127,40936,0,0,0,,,,50
11229275,0.5,0,0,0.120576255,0,0,0,0,0,0,8.52939224,8.08860207,0,0,0,0,127,40936,0,0,0,,,,50
11230403,0.5,0,0,0.120576255,0,0,0,0,0,0,8.52939224,8.08860207,0,0,0,0,127,40936,0,0,0,,,,50
11231531,0.5,0,0,0.120576255,0,0,0,0,0,0,8.52939224,8.08860207,0,0,0,0,127,40936,0,0,0,,,,50
11232663,0.5,0,0,0.120576255,0,0,0,0,0,0,8.52939224,8.08860207,0,0,0,0,127,40936,0,0,0,,,,50
11233791,0.5,0,0,0.120576255,0,0,0,0,0,0,8.52637863,8.08649063,0,0,0,0,127,40936,0,0,0,,,,50
11234919,0.5,0,0,0.120576255,0,0,0,0,0,0,8.52939224,8.08860207,0,0,0,0,127,40936,0,0,0,,,,50
11236046,0.5,0,0,0.120576255,0,0,0,0,0,0,8.52939224,8.08860207,0,0,0,0,127,40936,0,0,0,,,,50
11237174,0.5,0,0,0.120576255,0,0,0,0,0,0,8.52939224,8.08860207,0,0,0,0,127,40936,0,0,0,,,,50
11238307,0.5,0,0,0.120576255,0,0,0,0,0,0,8.52939224,8.08860207,0,0,0,0,127,40936,0,0,0,,,,50
11239434,0.5,0,0,0.120576255,0,0,0,0,0,0,8.52939224,8.08860207,0,0,0,0,127,40936,0,0,0,,,,50
11240562,0.5,0,0,0.120576255,0,0,0,0,0,0,8.52939224,8.08860207,0,0,0,0,127,40936,0,0,0,,,,50
11241690,0.5,0,0,0.120576255,0,0,0,0,0,0,8.52939224,8.08860207,0,0,0,0,127,41525,0,0,0,,,,50
11243022,0.5,0,0,0.122157231,0,0,0,0,0,0,8.52939224,8.08860207,0,0,0,0,127,41525,0,0,0,,,,50
11244149,0.5,0,0,0.122157231,0,0,0,0,0,0,8.52939224,8.08860207,0,0,0,0,128,41525,0,0,0,,,,50
11245282,0.5,0,0,0.122157231,0,0,0,0,0,0,8.52939224,8.08860207,0,0,0,0,128,41525,0,0,0,,,,50
11246410,0.5,0,0,0.122157231,0,0,0,0,0,0,8.52939224,8.08649063,0,0,0,0,128,41525,0,0,0,,,,50
11247537,0.5,0,0,0.122157231,0,0,0,0,0,0,8.52939224,8.08649063,0,0,0,0,128,41525,0,0,0,,,,50
11248665,0.5,0,0,0.122157231,0,0,0,0,0,0,8.52939224,8.08649063,0,0,0,0,128,41525,0,0,0,,,,50
11249793,0.5,0,0,0.122157231,0,0,0,0,0,0,8.52939224,8.08860207,0,0,0,0,128,41525,0,0,0,,,,50
11250925,0.5,0,0,0.122157231,0,0,0,0,0,0,8.52637863,8.08860207,0,0,0,0,128,41525,0,0,0,,,,50
11252053,0.5,0,0,0.122157231,0,0,0,0,0,0,8.52939224,8.08860207,0,0,0,0,128,41525,0,0,0,,,,50
11253181,0.5,0,0,0.122157231,0,0,0,0,0,0,8.52939224,8.08649063,0,0,0,0,128,41525,0,0,0,,,,50
11254308,0.5,0,0,0.122157231,0,0,0,0,0,0,8.52939224,8.08649063,0,0,0,0,128,41525,0,0,0,,,,50
11255436,0.5,0,0,0.122157231,0,0,0,0,0,0,8.52939224,8.08860207,0,0,0,0,128,41525,0,0,0,,,,50
11256564,0.5,0,0,0.122157231,0,0,0,0,0,0,8.52939224,8.08649063,0,0,0,0,128,41525,0,0,0,,,,50
11257696,0.5,0,0,0.122157231,0,0,0,0,0,0,8.52939224,8.08860207,0,0,0,0,128,41525,0,0,0,,,,50
11258824,0.5,0,0,0.122157231,0,0,0,0,0,0,8.52939224,8.08860207,0,0,0,0,128,41525,0,0,0,,,,50
11259952,0.5,0,0,0.122157231,0,0,0,0,0,0,8.52939224,8.08860207,0,0,0,0,128,41525,0,0,0,,,,50
11261079,0.5,0,0,0.122157231,0,0,0,0,0,0,8.52939224,8.08649063,0,0,0,0,128,41525,0,0,0,,,,50
11262207,0.5,0,0,0.122157231,0,0,0,0,0,0,8.52939224,8.08860207,0,0,0,0,128,41525,0,0,0,,,,50
11263335,0.5,0,0,0.122157231,0,0,0,0,0,0,8.52939224,8.08860207,0,0,0,0,128,41525,0,0,0,,,,50
11264671,0.5,0,0,0.122157231,0,0,0,0,0,0,8.52939224,8.08860207,0,0,0,0,128,41525,0,0,0,,,,50
11265799,0.5,0,0,0.122157231,0,0,0,0,0,0,8.52939224,8.08860207,0,0,0,0,128,41525,0,0,0,,,,50
11266927,0.5,0,0,0.122157231,0,0,0,0,0,0,8.52939224,8.08860207,0,0,0,0,129,41525,0,0,0,,,,50
11268054,0.5,0,0,0.122157231,0,0,0,0,0,0,8.52637863,8.08860207,0,0,0,0,129,41525,0,0,0,,,,50
11269182,0.5,0,0,0.122157231,0,0,0,0,0,0,8.52939224,8.08649063,0,0,0,0,129,41525,0,0,0,,,,50
11270315,0.5,0,0,0.122157231,0,0,0,0,0,0,8.52939224,8.08860207,0,0,0,0,129,41525,0,0,0,,,,50
11271442,0.5,0,0,0.122157231,0,0,0,0,0,0,8.52939224,8.08649063,0,0,0,0,129,41525,0,0,0,,,,50
11272570,0.5,0,0,0.122157231,0,0,0,0,0,0,8.52939224,8.08860207,0,0,0,0,129,41525,0,0,0,,,,50
11273697,0.5,0,0,0.122157231,0,0,0,0,0,0,8.52939224,8.08860207,0,0,0,0,129,41525,0,0,0,,,,50
11274825,0.5,0,0,0.122157231,0,0,0,0,0,0,8.52939224,8.08860207,0,0,0,0,129,41525,0,0,0,,,,50
11275952,0.5,0,0,0.122157231,0,0,0,0,0,0,8.52939224,8.08860207,0,0,0,0,129,41525,0,0,0,,,,50
11277085,0.5,0,0,0.122157231,0,0,0,0,0,0,8.52939224,8.08860207,0,0,0,0,129,41525,0,0,0,,,,50
11278213,0.5,0,0,0.122157231,0,0,0,0,0,0,8.52939224,8.08860207,0,0,0,0,129,41525,0,0,0,,,,50
11279340,0.5,0,0,0.122157231,0,0,0,0,0,0,8.52939224,8.08860207,0,0,0,0,129,41525,0,0,0,,,,50
11280468,0.5,0,0,0.122157231,0,0,0,0,0,0,8.52939224,8.08649063,0,0,0,0,129,41525,0,0,0,,,,50
11281596,0.5,0,0,0.122157231,0,0,0,0,0,0,8.52939224,8.08649063,0,0,0,0,129,41525,0,0,0,,,,50
11282728,0.5,0,0,0.122157231,0,0,0,0,0,0,8.52939224,8.08860207,0,0,0,0,129,41525,0,0,0,,,,50
11283856,0.5,0,0,0.122157231,0,0,0,0,0,0,8.52939224,8.08649063,0,0,0,0,129,41525,0,0,0,,,,50
11285188,0.5,0,0,0.122889511,0,0,0,0,0,0,8.52939224,8.08860207,0,0,0,0,129,41965,0,0,0,,,,50
11286316,0.5,0,0,0.122889511,0,0,0,0,0,0,8.52939224,8.08860207,0,0,0,0,129,41965,0,0,0,,,,50
11287443,0.5,0,0,0.122889511,0,0,0,0,0,0,8.52939224,8.08860207,0,0,0,0,130,41965,0,0,0,,,,50
11288571,0.5,0,0,0.122889511,0,0,0,0,0,0,8.53240585,8.08860207,0,0,0,0,130,41965,0,0,0,,,,50
11289703,0.5,0,0,0.122889511,0,0,0,0,0,0,8.52939224,8.08649063,0,0,0,0,130,41965,0,0,0,,,,50
11290831,0.5,0,0,0.122889511,0,0,0,0,0,0,8.52939224,8.08860207,0,0,0,0,130,41965,0,0,0,,,,50
11291959,0.5,0,0,0.122889511,0,0,0,0,0,0,8.52939224,8.08860207,0,0,0,0,130,41965,0,0,0,,,,50
11293086,0.5,0,0,0.122889511,0,0,0,0,0,0,8.52939224,8.08860207,0,0,0,0,130,41965,0,0,0,,,,50
11294214,0.5,0,0,0.122889511,0,0,0,0,0,0,8.52939224,8.08860207,0,0,0,0,130,41965,0,0,0,,,,50
11295346,0.5,0,0,0.122889511,0,0,0,0,0,0,8.52939224,8.08649063,0,0,0,0,130,41965,0,0,0,,,,50
11296474,0.5,0,0,0.122889511,0,0,0,0,0,0,8.52939224,8.08860207,0,0,0,0,130,41965,0,0,0,,,,50
11297602,0.5,0,0,0.122889511,0,0,0,0,0,0,8.52939224,8.08860207,0,0,0,0,130,41965,0,0,0,,,,50
11298729,0.5,0,0,0.122889511,0,0,0,0,0,0,8.52637863,8.08860207,0,0,0,0,130,41965,0,0,0,,,,50
11299857,0.5,0,0,0.122889511,0,0,0,0,0,0,8.52939224,8.08649063,0,0,0,0,130,41965,0,0,0,,,,50
11300985,0.5,0,0,0.122889511,0,0,0,0,0,0,8.52939224,8.08860207,0,0,0,0,130,41965,0,0,0,,,,50
11302117,0.5,0,0,0.122889511,0,0,0,0,0,0,8.52939224,8.08860207,0,0,0,0,130,41965,0,0,0,,,,50
11303245,0.5,0,0,0.122889511,0,0,0,0,0,0,8.52939224,8.08860207,0.00714798551,0,0,0,130,41965,0,0,0,,,,50
11304373,0.5,0,0,0.122889511,0,0,0,0,0,0,8.52939224,8.0907135,0,0,0,0,130,41965,0,0,0,,,,50
11305501,0.5,0,0,0.122889511,0,0,0,0,0,0,8.52939224,8.08860207,0,0,0,0,130,41965,0,0,0,,,,50
11306832,0.5,0,0,0.122889511,0,0,0,0,0,0,8.52939224,8.08860207,0,0,0,0,130,41965,0,0,0,,,,50
11307960,0.5,0,0,0.122889511,0,0,0,0,0,0,8.53240585,8.08649063,0,0,0,0,130,41965,0,0,0,,,,50
11309092,0.5,0,0,0.122889511,0,0,0,0,0,0,8.52939224,8.08860207,0,0,0,0,131,41965,0,0,0,,,,50
11310220,0.5,0,0,0.122889511,0,0,0,0,0,0,8.52939224,8.08860207,0,0,0,0,131,41965,0,0,0,,,,50
11311347,0.5,0,0,0.122889511,0,0,0,0,0,0,8.52939224,8.08860207,0,0,0,0,131,41965,0,0,0,,,,50
11312475,0.5,0,0,0.122889511,0,0,0,0,0,0,8.52939224,8.08649063,0,0,0,0,131,41965,0,0,0,,,,50
11313603,0.5,0,0,0.122889511,0,0,0,0,0,0,8.52939224,8.08649063,0,0,0,0,131,41965,0,0,0,,,,50
11314735,0.5,0,0,0.122889511,0,0,0,0,0,0,8.52939224,8.08649063,0,0,0,0,131,41965,0,0,0,,,,50
11315863,0.5,0,0,0.122889511,0,0,0,0,0,0,8.52939224,8.08860207,0,0,0,0,131,41965,0,0,0,,,,50
11316991,0.5,0,0,0.122889511,0,0,0,0,0,0,8.53240585,8.08860207,0,0,0,0,131,41965,0,0,0,,,,50
11318119,0.5,0,0,0.122889511,0,0,0,0,0,0,8.52637863,8.08860207,0,0,0,0,131,41965,0,0,0,,,,50
11319246,0.5,0,0,0.122889511,0,0,0,0,0,0,8.52939224,8.08649063,0,0,0,0,131,41965,0,0,0,,,,50
11320374,0.5,0,0,0.122889511,0,0,0,0,0,0,8.52637863,8.08860207,0,0,0,0,131,41965,0,0,0,,,,50
11321506,0.5,0,0,0.122889511,0,0,0,0,0,0,8.52939224,8.08649063,0,0,0,0,131,41965,0,0,0,,,,50
11322634,0.5,0,0,0.122889511,0,0,0,0,0,0,8.52939224,8.08860207,0,0,0,0,131,41965,0,0,0,,,,50
11323762,0.5,0,0,0.122889511,0,0,0,0,0,0,8.52939224,8.08860207,0,0.00714798551,0,0,131,41965,0,0,0,,,,50
11324890,0.5,0,0,0.122889511,0,0,0,0,0,0,8.52939224,8.08649063,0,0,0,0,131,41965,0,0,0,,,,50
11326017,0.5,0,0,0.122889511,0,0,0,0,0,0,8.52939224,8.08649063,0,0,0,0,131,41965,0,0,0,,,,50
11327354,0.5,0,0,0.124840453,0,0,0,0,0,0,8.52939224,8.08649063,0,0,0,0,131,41958,0,0,0,,,,50
11328482,0.5,0,0,0.124840453,0,0,0,0,0,0,8.52939224,8.08860207,0,0,0,0,132,41958,0,0,0,,,,50
11329610,0.5,0,0,0.124840453,0,0,0,0,0,0,8.52939224,8.08860207,0,0.00714798551,0,0,132,41958,0,0,0,,,,50
11330737,0.5,0,0,0.124840453,0,0,0,0,0,0,8.52939224,8.08860207,0,0,0,0,132,41958,0,0,0,,,,50
11331865,0.5,0,0,0.124840453,0,0,0,0,0,0,8.52939224,8.0907135,0,0,0,0,132,41958,0,0,0,,,,50
11332993,0.5,0,0,0.124840453,0,0,0,0,0,0,8.53240585,8.08860207,0,0,0,0,132,41958,0,0,0,,,,50
11334125,0.5,0,0,0.124840453,0,0,0,0,0,0,8.52939224,8.08860207,0,0,0,0,132,41958,0,0,0,,,,50
11335253,0.5,0,0,0.124840453,0,0,0,0,0,0,8.52939224,8.08649063,0,0,0,0,132,41958,0,0,0,,,,50
11336381,0.5,0,0,0.124840453,0,0,0,0,0,0,8.52939224,8.08860207,0,0,0,0,132,41958,0,0,0,,,,50
11337508,0.5,0,0,0.124840453,0,0,0,0,0,0,8.52939224,8.08860207,0,0,0,0,132,41958,0,0,0,,,,50
11338636,0.5,0,0,0.124840453,0,0,0,0,0,0,8.52939224,8.08860207,0,0,0,0,132,41958,0,0,0,,,,50
11339769,0.5,0,0,0.124840453,0,0,0,0,0,0,8.53240585,8.08860207,0,0,0,0,132,41958,0,0,0,,,,50
11340896,0.5,0,0,0.124840453,0,0,0,0,0,0,8.52939224,8.08649063,0,0,0,0,132,41958,0,0,0,,,,50
11342024,0.5,0,0,0.124840453,0,0,0,0,0,0,8.53240585,8.08860207,0,0,0,0,132,41958,0,0,0,,,,50
11343152,0.5,0,0,0.124840453,0,0,0,0,0,0,8.52939224,8.08860207,0,0,0,0,132,41958,0,0,0,,,,50
11344280,0.5,0,0,0.124840453,0,0,0,0,0,0,8.52939224,8.08649063,0,0,0,0,132,41958,0,0,0,,,,50
11345407,0.5,0,0,0.124840453,0,0,0,0,0,0,8.52939224,8.08649063,0,0,0,0,132,41958,0,0,0,,,,50
11346540,0.5,0,0,0.124840453,0,0,0,0,0,0,8.52939224,8.08860207,0,0,0,0,132,41958,0,0,0,,,,50
11347872,0.5,0,0,0.124840453,0,0,0,0,0,0,8.52939224,8.08649063,0,0,0,0,132,41958,0,0,0,,,,50
11348999,0.5,0,0,0.124840453,0,0,0,0,0,0,8.52939224,8.08649063,0,0,0,0,132,41958,0,0,0,,,,50
11350127,0.5,0,0,0.124840453,0,0,0,0,0,0,8.52939224,8.08860207,0,0,0,0,132,41958,0,0,0,,,,50
11351255,0.5,0,0,0.124840453,0,0,0,0,0,0,8.53240585,8.08649063,0,0,0,0,133,41958,0,0,0,,,,50
11352387,0.5,0,0,0.124840453,0,0,0,0,0,0,8.52939224,8.08860207,0,0,0,0,133,41958,0,0,0,,,,50
11353515,0.5,0,0,0.124840453,0,0,0,0,0,0,8.53240585,8.08860207,0,0,0,0,133,41958,0,0,0,,,,50
11354643,0.5,0,0,0.124840453,0,0,0,0,0,0,8.52939224,8.08649063,0,0,0,0,133,41958,0,0,0,,,,50
11355770,0.5,0,0,0.124840453,0,0,0,0,0,0,8.52939224,8.08860207,0.00714798551,0,0,0,133,41958,0,0,0,,,,50
11356898,0.5,0,0,0.124840453,0,0,0,0,0,0,8.52939224,8.08649063,0,0,0,0,133,41958,0,0,0,,,,50
11358026,0.5,0,0,0.124840453,0,0,0,0,0,0,8.52939224,8.08860207,0,0,0,0,133,41958,0,0,0,,,,50
11359158,0.5,0,0,0.124840453,0,0,0,0,0,0,8.52939224,8.08860207,0,0,0,0,133,41958,0,0,0,,,,50
11360286,0.5,0,0,0.124840453,0,0,0,0,0,0,8.52939224,8.08860207,0,0,0,0,133,41958,0,0,0,,,,50
11361414,0.5,0,0,0.124840453,0,0,0,0,0,0,8.52939224,8.08860207,0,0,0,0,133,41958,0,0,0,,,,50
11362541,0.5,0,0,0.124840453,0,0,0,0,0,0,8.53240585,8.08860207,0,0,0,0,133,41958,0,0,0,,,,50
11363669,0.5,0,0,0.124840453,0,0,0,0,0,0,8.52939224,8.08649063,0,0,0,0,133,41958,0,0,0,,,,50
11364797,0.5,0,0,0.124840453,0,0,0,0,0,0,8.52939224,8.08860207,0,0,0,0,133,41958,0,0,0,,,,50
11365929,0.5,0,0,0.124840453,0,0,0,0,0,0,8.52939224,8.08860207,0,0,0,0,133,41958,0,0,0,,,,50
11367057,0.5,0,0,0.124840453,0,0,0,0,0,0,8.52939224,8.08649063,0,0,0,0,133,41958,0,0,0,,,,50
11368185,0.5,0,0,0.124840453,0,0,0,0,0,0,8.52939224,8.08860207,0,0,0,0,133,41958,0,0,0,,,,50
11369517,0.5,0,0,0.126893684,0,0,0,0,0,0,8.52939224,8.08860207,0,0,0,0,133,41945,0,0,0,,,,50
11370644,0.5,0,0,0.126893684,0,0,0,0,0,0,8.52939224,8.08860207,0,0,0,0,134,41945,0,0,0,,,,50
11371777,0.5,0,0,0.126893684,0,0,0,0,0,0,8.52939224,8.08860207,0,0,0,0,134,41945,0,0,0,,,,50
11372905,0.5,0,0,0.126893684,0,0,0,0,0,0,8.52939224,8.08860207,0,0,0,0,134,41945,0,0,0,,,,50
11374032,0.5,0,0,0.126893684,0,0,0,0,0,0,8.52939224,8.08860207,0,0,0,0,134,41945,0,0,0,,,,50
11375160,0.5,0,0,0.126893684,0,0,0,0,0,0,8.52939224,8.08649063,0,0,0,0,134,41945,0,0,0,,,,50
11376288,0.5,0,0,0.126893684,0,0,0,0,0,0,8.52939224,8.08649063,0,0,0,0,134,41945,0,0,0,,,,50
11377416,0.5,0,0,0.126893684,0,0,0,0,0,0,8.52939224,8.08860207,0,0,0,0,134,41945,0,0,0,,,,50
11378548,0.5,0,0,0.126893684,0,0,0,0,0,0,8.52939224,8.08649063,0,0,0,0,134,41945,0,0,0,,,,50
11379676,0.5,0,0,0.126893684,0,0,0,0,0,0,8.52637863,8.08860207,0,0,0,0,134,41945,0,0,0,,,,50
11380804,0.5,0,0,0.126893684,0,0,0,0,0,0,8.52939224,8.0907135,0,0,0,0,134,41945,0,0,0,,,,50
11381931,0.5,0,0,0.126893684,0,0,0,0,0,0,8.52939224,8.08860207,0,0,0,0,134,41945,0,0,0,,,,50
11383059,0.5,0,0,0.126893684,0,0,0,0,0,0,8.52939224,8.08860207,0,0,0,0,134,41945,0,0,0,,,,50
11384191,0.5,0,0,0.126893684,0,0,0,0,0,0,8.52939224,8.08649063,0,0,0,0,134,41945,0,0,0,,,,50
11385319,0.5,0,0,0.126893684,0,0,0,0,0,0,8.52939224,8.08649063,0,0,0,0,134,41945,0,0,0,,,,50
11386447,0.5,0,0,0.126893684,0,0,0,0,0,0,8.52939224,8.08649063,0,0,0,0,134,41945,0,0,0,,,,50
11387575,0.5,0,0,0.126893684,0,0,0,0,0,0,8.52939224,8.08860207,0,0,0,0,134,41945,0,0,0,,,,50
11388702,0.5,0,0,0.126893684,0,0,0,0,0,0,8.52637863,8.08860207,0,0,0,0,134,41945,0,0,0,,,,50
11390034,0.5,0,0,0.126893684,0,0,0,0,0,0,8.52939224,8.08860207,0,0,0,0,134,41945,0,0,0,,,,50
11391167,0.5,0,0,0.126893684,0,0,0,0,0,0,8.52939224,8.08649063,0,0,0,0,134,41945,0,0,0,,,,50
11392295,0.5,0,0,0.126893684,0,0,0,0,0,0,8.52939224,8.08649063,0,0,0,0,134,41945,0,0,0,,,,50
11393422,0.5,0,0,0.126893684,0,0,0,0,0,0,8.52939224,8.08860207,0,0,0,0,135,41945,0,0,0,,,,50
11394550,0.5,0,0,0.126893684,0,0,0,0,0,0,8.52939224,8.08860207,0,0,0,0,135,41945,0,0,0,,,,50
11395678,0.5,0,0,0.126893684,0,0,0,0,0,0,8.52939224,8.08860207,0,0,0,0,135,41945,0,0,0,,,,50
11396810,0.5,0,0,0.126893684,0,0,0,0,0,0,8.53240585,8.08860207,0,0,0,0,135,41945,0,0,0,,,,50
11397938,0.5,0,0,0.126893684,0,0,0,0,0,0,8.53240585,8.08860207,0,0,0,0,135,41945,0,0,0,,,,50
11399066,0.5,0,0,0.126893684,0,0,0,0,0,0,8.52939224,8.08649063,0,0,0,0,135,41945,0,0,0,,,,50
11400193,0.5,0,0,0.126893684,0,0,0,0,0,0,8.52939224,8.0907135,0.00714798551,0,0,0,135,41945,0,0,0,,,,50
11401321,0.5,0,0,0.126893684,0,0,0,0,0,0,8.52637863,8.08860207,0,0,0,0,135,41945,0,0,0,,,,50
11402449,0.5,0,0,0.126893684,0,0,0,0,0,0,8.52939224,8.08860207,0,0,0,0,135,41945,0,0,0,,,,50
11403581,0.5,0,0,0.126893684,0,0,0,0,0,0,8.52939224,8.08860207,0,0,0,0,135,41945,0,0,0,,,,50
11404709,0.5,0,0,0.126893684,0,0,0,0,0,0,8.52939224,8.08860207,0,0,0,0,135,41945,0,0,0,,,,50
11405836,0.5,0,0,0.126893684,0,0,0,0,0,0,8.53240585,8.08649063,0,0,0,0,135,41945,0,0,0,,,,50
11406964,0.5,0,0,0.126893684,0,0,0,0,0,0,8.53240585,8.08649063,0,0,0,0,135,41945,0,0,0,,,,50
11408092,0.5,0,0,0.126893684,0,0,0,0,0,0,8.52939224,8.08649063,0,0,0,0,135,41945,0,0,0,,,,50
11409219,0.5,0,0,0.126893684,0,0,0,0,0,0,8.52637863,8.08860207,0,0,0,0,135,41945,0,0,0,,,,50
11410352,0.5,0,0,0.126893684,0,0,0,0,0,0,8.52939224,8.08860207,0,0,0,0,135,41945,0,0,0,,,,50
11411683,0.5,0,0,0.126893684,0,0,0,0,0,0,8.52637863,8.08649063,0,0,0,0,135,41945,0,0,0,,,,50
11412811,0.5,0,0,0.126893684,0,0,0,0,0,0,8.52939224,8.08649063,0,0,0,0,135,41945,0,0,0,,,,50
11413939,0.5,0,0,0.126893684,0,0,0,0,0,0,8.52939224,8.08860207,0,0,0,0,135,42780,0,0,0,,,,50
11415067,0.5,0,0,0.122021325,0,0,0,0,0,0,8.52939224,8.08649063,0,0,0,0,135,42780,0,0,0,,,,50
11416199,0.5,0,0,0.122021325,0,0,0,0,0,0,8.53240585,8.0843792,0,0,0,0,136,42780,0,0,0,,,,50
11417327,0.5,0,0,0.122021325,0,0,0,0,0,0,8.53240585,8.08649063,0,0,0,0,136,42780,0,0,0,,,,50
11418454,0.5,0,0,0.122021325,0,0,0,0,0,0,8.52939224,8.08860207,0,0,0,0,136,42780,0,0,0,,,,50
11419582,0.5,0,0,0.122021325,0,0,0,0,0,0,8.52939224,8.08649063,0,0,0,0,136,42780,0,0,0,,,,50
11420710,0.5,0,0,0.122021325,0,0,0,0,0,0,8.52637863,8.08649063,0,0,0,0,136,42780,0,0,0,,,,50
11421837,0.5,0,0,0.122021325,0,0,0,0,0,0,8.52939224,8.08649063,0,0,0,0,136,42780,0,0,0,,,,50
11422969,0.5,0,0,0.122021325,0,0,0,0,0,0,8.52939224,8.08860207,0,0,0,0,136,42780,0,0,0,,,,50
11424096,0.5,0,0,0.122021325,0,0,0,0,0,0,8.52939224,8.08860207,0,0,0,0,136,42780,0,0,0,,,,50
11425224,0.5,0,0,0.122021325,0,0,0,0,0,0,8.53240585,8.08860207,0,0,0,0,136,42780,0,0,0,,,,50
11426351,0.5,0,0,0.122021325,0,0,0,0,0,0,8.52939224,8.08649063,0,0,0,0,136,42780,0,0,0,,,,50
11427479,0.5,0,0,0.122021325,0,0,0,0,0,0,8.52939224,8.08649063,0,0,0,0,136,42780,0,0,0,,,,50
11428611,0.5,0,0,0.122021325,0,0,0,0,0,0,8.52939224,8.08649063,0,0,0,0,136,42780,0,0,0,,,,50
11429739,0.5,0,0,0.122021325,0,0,0,0,0,0,8.52939224,8.08860207,0,0,0,0,136,42780,0,0,0,,,,50
11430867,0.5,0,0,0.122021325,0,0,0,0,0,0,8.52939224,8.08649063,0,0,0,0,136,42780,0,0,0,,,,50
11432199,0.5,0,0,0.122021325,0,0,0,0,0,0,8.52939224,8.08649063,0,0,0,0,136,42780,0,0,0,,,,50
11433326,0.5,0,0,0.122021325,0,0,0,0,0,0,8.52939224,8.08860207,0,0,0,0,136,42780,0,0,0,,,,50
11434454,0.5,0,0,0.122021325,0,0,0,0,0,0,8.52939224,8.08649063,0,0,0,0,136,42780,0,0,0,,,,50
11435586,0.5,0,0,0.122021325,0,0,0,0,0,0,8.52939224,8.08860207,0,0,0,0,136,42780,0,0,0,,,,50
11436714,0.5,0,0,0.122021325,0,0,0,0,0,0,8.52939224,8.08649063,0,0,0,0,136,42780,0,0,0,,,,50
11437842,0.5,0,0,0.122021325,0,0,0,0,0,0,8.52939224,8.08860207,0,0,0,0,136,42780,0,0,0,,,,50
11438970,0.5,0,0,0.122021325,0,0,0,0,0,0,8.52939224,8.08860207,0,0,0,0,136,42780,0,0,0,,,,50
11440097,0.5,0,0,0.122021325,0,0,0,0,0,0,8.52939224,8.08860207,0,0,0,0,136,42780,0,0,0,,,,50
11441230,0.5,0,0,0.122021325,0,0,0,0,0,0,8.52939224,8.08860207,0,0,0,0,136,42780,0,0,0,,,,50
11442358,0.5,0,0,0.122021325,0,0,0,0,0,0,8.52939224,8.08860207,0,0.00714798551,0,0,136,42780,0,0,0,,,,50
11443485,0.5,0,0,0.122021325,0,0,0,0,0,0,8.52939224,8.08649063,0,0,0,0,137,42780,0,0,0,,,,50
11444613,0.5,0,0,0.122021325,0,0,0,0,0,0,8.52939224,8.08649063,0,0,0,0,137,42780,0,0,0,,,,50
11445741,0.5,0,0,0.122021325,0,0,0,0,0,0,8.52939224,8.08649063,0,0,0,0,137,42780,0,0,0,,,,50
11446868,0.5,0,0,0.122021325,0,0,0,0,0,0,8.52939224,8.08649063,0,0,0,0,137,42780,0,0,0,,,,50
11448000,0.5,0,0,0.122021325,0,0,0,0,0,0,8.52939224,8.08649063,0,0,0,0,137,42780,0,0,0,,,,50
11449128,0.5,0,0,0.122021325,0,0,0,0,0.00454505486,0,8.52939224,8.08860207,0,0,0,0,137,42780,0,0,0,,,,50
11450255,0.5,0,0,0.122021325,0,0,0,0,0,0,8.52637863,8.08649063,0,0,0,0,137,42780,0,0,0,,,,50
11451383,0.5,0,0,0.122021325,0,0,0,0,0,0,8.52939224,8.08649063,0,0,0,0,137,42780,0,0,0,,,,50
11452510,0.5,0,0,0.122021325,0,0,0,0,0,0,8.52939224,8.08860207,0,0,0,0,137,42780,0,0,0,,,,50
11453842,0.5,0,0,0.122021325,0,0,0,0,0,0,8.52939224,8.08860207,0,0,0,0,137,42780,0,0,0,,,,50
11454974,0.5,0,0,0.122021325,0,0,0,0,0,0,8.52939224,8.08860207,0,0,0,0,137,42780,0,0,0,,,,50
11456101,0.5,0,0,0.122021325,0,0,0,0,0,0,8.52939224,8.08649063,0,0,0,0,137,42780,0,0,0,,,,50
11457229,0.5,0,0,0.122021325,0,0,0,0,0,0,8.52939224,8.08860207,0,0,0,0,137,42780,0,0,0,,,,50
11458356,0.5,0,0,0.122021325,0,0,0,0,0,0,8.52939224,8.08860207,0,0,0,0,137,42780,0,0,0,,,,50
11459484,0.5,0,0,0.122021325,0,0,0,0,0,0,8.52939224,8.08860207,0,0,0,0,137,42780,0,0,0,,,,50
11460616,0.5,0,0,0.122021325,0,0,0,0,0,0,8.52939224,8.08649063,0,0,0,0,137,42780,0,0,0,,,,50
11461744,0.5,0,0,0.122021325,0,0,0,0,0,0,8.52939224,8.08860207,0,0,0,0,137,42780,0,0,0,,,,50
11462871,0.5,0,0,0.122021325,0,0,0,0,0,0,8.52939224,8.0907135,0,0,0,0,137,42780,0,0,0,,,,50
11463999,0.5,0,0,0.122021325,0,0,0,0,0,0,8.52939224,8.08860207,0,0,0,0,137,42780,0,0,0,,,,50
11465126,0.5,0,0,0.122021325,0,0,0,0,0,0,8.52939224,8.08649063,0,0,0,0,137,42780,0,0,0,,,,50
11466254,0.5,0,0,0.122021325,0,0,0,0,0,0,8.53240585,8.08860207,0,0,0,0,137,42780,0,0,0,,,,50
11467387,0.5,0,0,0.122021325,0,0,0,0,0,0,8.52939224,8.08860207,0,0,0,0,137,45432,0,0,0,,,,50
11468514,0.5,0,0,0.107823946,0,0,0,0,0,0,8.53240585,8.08649063,0,0,0,0,137,45432,0,0,0,,,,50
11469642,0.5,0,0,0.107823946,0,0,0,0,0,0,8.52939224,8.08649063,0,0,0,0,138,45432,0,0,0,,,,50
11470770,0.5,0,0,0.107823946,0,0,0,0,0,0,8.52939224,8.08860207,0,0,0,0,138,45432,0,0,0,,,,50
11471897,0.5,0,0,0.107823946,0,0,0,0,0,0,8.53240585,8.08860207,0,0,0,0,138,45432,0,0,0,,,,50
11473030,0.5,0,0,0.107823946,0,0,0,0,0,0,8.52939224,8.08649063,0,0,0,0,138,45432,0,0,0,,,,50
11474362,0.5,0,0,0.107823946,0,0,0,0,0,0,8.52939224,8.08860207,0,0,0,0,138,45432,0,0,0,,,,50
11475489,0.5,0,0,0.107823946,0,0,0,0,0,0,8.52939224,8.08649063,0,0,0,0,138,45432,0,0,0,,,,50
11476617,0.5,0,0,0.107823946,0,0,0,0,0,0,8.53240585,8.08649063,0,0,0,0,138,45432,0,0,0,,,,50
11477745,0.5,0,0,0.107823946,0,0,0,0,0,0,8.53240585,8.08649063,0,0,0,0,138,45432,0,0,0,,,,50
11478872,0.5,0,0,0.107823946,0,0,0,0,0,0,8.52939224,8.08649063,0,0,0,0,138,45432,0,0,0,,,,50
11480004,0.5,0,0,0.107823946,0,0,0,0,0,0,8.52637863,8.08649063,0,0,0,0,138,45432,0,0,0,,,,50
11481132,0.5,0,0,0.107823946,0,0,0,0,0,0,8.52637863,8.08860207,0,0,0,0,138,45432,0,0,0,,,,50
11482259,0.5,0,0,0.107823946,0,0,0,0,0,0,8.52939224,8.08649063,0,0,0,0,138,45432,0,0,0,,,,50
11483387,0.5,0,0,0.107823946,0,0,0,0,0,0,8.52939224,8.08649063,0,0,0,0,138,45432,0,0,0,,,,50
11484514,0.5,0,0,0.107823946,0,0,0,0,0,0,8.52939224,8.08860207,0,0,0,0,138,45432,0,0,0,,,,50
11485647,0.5,0,0,0.107823946,0,0,0,0,0,0,8.52939224,8.08649063,0,0,0,0,138,45432,0,0,0,,,,50
11486774,0.5,0,0,0.107823946,0,0,0,0,0,0,8.52939224,8.08860207,0,0,0,0,138,45432,0,0,0,,,,50
11487902,0.5,0,0,0.107823946,0,0,0,0,0,0,8.52939224,8.08860207,0,0,0,0,138,45432,0,0,0,,,,50
11489030,0.5,0,0,0.107823946,0,0,0,0,0,0,8.52939224,8.08860207,0,0,0,0,138,45432,0,0,0,,,,50
11490157,0.5,0,0,0.107823946,0,0,0,0,0,0,8.52939224,8.08860207,0,0,0,0,138,45432,0,0,0,,,,50
11491285,0.5,0,0,0.107823946,0,0,0,0,0,0,8.52939224,8.08860207,0,0,0,0,138,45432,0,0,0,,,,50
11492417,0.5,0,0,0.107823946,0,0,0,0,0,0,8.52939224,8.08649063,0,0,0,0,138,45432,0,0,0,,,,50
11493545,0.5,0,0,0.107823946,0,0,0,0,0,0,8.52939224,8.08649063,0,0,0,0,138,45432,0,0,0,,,,50
11494876,0.5,0,0,0.107823946,0,0,0,0,0,0,8.52939224,8.08860207,0,0,0,0,138,45432,0,0,0,,,,50
11496004,0.5,0,0,0.107823946,0,0,0,0,0,0,8.52939224,8.08649063,0,0,0,0,138,45432,0,0,0,,,,50
11497131,0.5,0,0,0.107823946,0,0,0,0,0,0,8.52939224,8.08649063,0,0,0,0,138,45432,0,0,0,,,,50
11498263,0.5,0,0,0.107823946,0,0,0,0,0,0,8.53240585,8.08649063,0,0,0,0,138,45432,0,0,0,,,,50
11499391,0.5,0,0,0.107823946,0,0,0,0,0,0,8.52637863,8.08860207,0,0,0,0,139,45432,0,0,0,,,,50
11500519,0.5,0,0,0.107823946,0,0,0,0,0,0,8.52939224,8.08860207,0,0,0,0,139,45432,0,0,0,,,,50
11501646,0.5,0,0,0.107823946,0,0,0,0,0,0,8.52939224,8.08860207,0,0,0,0,139,45432,0,0,0,,,,50
11502774,0.5,0,0,0.107823946,0,0,0,0,0,0,8.53240585,8.08649063,0,0,0,0,139,45432,0,0,0,,,,50
11503902,0.5,0,0,0.107823946,0,0,0,0,0,0,8.52939224,8.08860207,0,0,0,0,139,45432,0,0,0,,,,50
11505034,0.5,0,0,0.107823946,0,0,0,0,0,0,8.52939224,8.08860207,0,0,0,0,139,45432,0,0,0,,,,50
11506162,0.5,0,0,0.107823946,0,0,0,0,0,0,8.52939224,8.08860207,0,0,0,0,139,45432,0,0,0,,,,50
11507290,0.5,0,0,0.107823946,0,0,0,0,0,0,8.52939224,8.08860207,0,0,0,0,139,45432,0,0,0,,,,50
11508418,0.5,0,0,0.107823946,0,0,0,0,0,0,8.52637863,8.08649063,0,0,0,0,139,45432,0,0,0,,,,50
11509545,0.5,0,0,0.107823946,0,0,0,0,0,0,8.52939224,8.08860207,0,0,0,0,139,45432,0,0,0,,,,50
11510673,0.5,0,0,0.107823946,0,0,0,0,0,0,8.52939224,8.08860207,0,0,0,0,139,45432,0,0,0,,,,50
11511805,0.5,0,0,0.107823946,0,0,0,0,0,0,8.53240585,8.08649063,0,0,0,0,139,45432,0,0,0,,,,50
11512933,0.5,0,0,0.107823946,0,0,0,0,0,0,8.52939224,8.08860207,0,0,0,0,139,45432,0,0,0,,,,50
11514061,0.5,0,0,0.107823946,0,0,0,0,0,0,8.52939224,8.08860207,0,0,0,0,139,45432,0,0,0,,,,50
11515189,0.5,0,0,0.107823946,0,0,0,0,0,0,8.52939224,8.08860207,0,0.00714798551,0,0,139,45432,0,0,0,,,,50
11516521,0.5,0,0,0.107823946,0,0,0,0,0,0,8.52939224,8.08860207,0,0,0,0,139,45432,0,0,0,,,,50
11517653,0.5,0,0,0.107823946,0,0,0,0,0,0,8.52939224,8.08649063,0,0,0,0,139,45432,0,0,0,,,,50
11518781,0.5,0,0,0.107823946,0,0,0,0,0,0,8.52939224,8.08649063,0,0,0,0,139,46961,0,0,0,,,,50
11519909,0.5,0,0,0.101389669,0,0,0,0,0,0,8.52939224,8.08860207,0,0,0,0,139,46961,0,0,0,,,,50
11521036,0.5,0,0,0.101389669,0,0,0,0,0,0,8.52939224,8.08649063,0,0,0,0,140,46961,0,0,0,,,,50
11522164,0.5,0,0,0.101389669,0,0,0,0,0,0,8.53240585,8.08649063,0,0,0,0,140,46961,0,0,0,,,,50
11523292,0.5,0,0,0.101389669,0,0,0,0,0,0,8.52939224,8.08649063,0,0,0,0,140,46961,0,0,0,,,,50
11524424,0.5,0,0,0.101389669,0,0,0,0,0,0,8.52939224,8.08649063,0,0,0,0,140,46961,0,0,0,,,,50
11525552,0.5,0,0,0.101389669,0,0,0,0,0,0,8.52939224,8.08860207,0,0,0,0,140,46961,0,0,0,,,,50
11526680,0.5,0,0,0.101389669,0,0,0,0,0,0,8.52939224,8.08649063,0,0,0,0,140,46961,0,0,0,,,,50
11527807,0.5,0,0,0.101389669,0,0,0,0,0,0,8.52939224,8.08649063,0,0,0,0,140,46961,0,0,0,,,,50
11528935,0.5,0,0,0.101389669,0,0,0,0,0,0,8.52939224,8.08860207,0,0,0,0,140,46961,0,0,0,,,,50
11530068,0.5,0,0,0.101389669,0,0,0,0,0,0,8.52939224,8.08860207,0,0,0,0,140,46961,0,0,0,,,,50
11531195,0.5,0,0,0.101389669,0,0,0,0,0,0,8.52939224,8.08860207,0,0,0,0,140,46961,0,0,0,,,,50
11532323,0.5,0,0,0.101389669,0,0,0,0,0,0,8.52939224,8.08649063,0,0.00714798551,0,0,140,46961,0,0,0,,,,50
11533451,0.5,0,0,0.101389669,0,0,0,0,0,0,8.52939224,8.08860207,0,0,0,0,140,46961,0,0,0,,,,50
11534579,0.5,0,0,0.101389669,0,0,0,0,0,0,8.52939224,8.08649063,0,0,0,0,140,46961,0,0,0,,,,50
11535706,0.5,0,0,0.101389669,0,0,0,0,0,0,8.52939224,8.08860207,0,0,0,0,140,46961,0,0,0,,,,50
11537043,0.5,0,0,0.101389669,0,0,0,0,0,0,8.52939224,8.08649063,0,0,0,0,140,46961,0,0,0,,,,50
11538171,0.5,0,0,0.101389669,0,0,0,0,0,0,8.52939224,8.08649063,0,0,0,0,140,46961,0,0,0,,,,50
11539298,0.5,0,0,0.101389669,0,0,0,0,0,0,8.52939224,8.08860207,0,0,0,0,140,46961,0,0,0,,,,50
11540426,0.5,0,0,0.101389669,0,0,0,0,0,0,8.53240585,8.08860207,0,0,0,0,140,46961,0,0,0,,,,50
11541554,0.5,0,0,0.101389669,0,0,0,0,0,0,8.52939224,8.08860207,0,0,0,0,140,46961,0,0,0,,,,50
11542686,0.5,0,0,0.101389669,0,0,0,0,0,0,8.52939224,8.08649063,0,0,0,0,140,46961,0,0,0,,,,50
11543814,0.5,0,0,0.101389669,0,0,0,0,0,0,8.52939224,8.08860207,0,0,0,0,140,46961,0,0,0,,,,50
11544942,0.5,0,0,0.101389669,0,0,0,0,0,0,8.52939224,8.08860207,0,0,0,0,140,46961,0,0,0,,,,50
11546069,0.5,0,0,0.101389669,0,0,0,0,0,0,8.52939224,8.08860207,0,0,0,0,140,46961,0,0,0,,,,50
11547197,0.5,0,0,0.101389669,0,0,0,0,0,0,8.52939224,8.08860207,0,0,0,0,141,46961,0,0,0,,,,50
11548325,0.5,0,0,0.101389669,0,0,0,0,0,0,8.52939224,8.08649063,0,0,0,0,141,46961,0,0,0,,,,50
11549457,0.5,0,0,0.101389669,0,0,0,0,0,0,8.52939224,8.08649063,0,0,0,0,141,46961,0,0,0,,,,50
11550585,0.5,0,0,0.101389669,0,0,0,0,0,0,8.52939224,8.08860207,0,0,0,0,141,46961,0,0,0,,,,50
11551713,0.5,0,0,0.101389669,0,0,0,0,0,0,8.52939224,8.08649063,0,0,0,0,141,46961,0,0,0,,,,50
11552841,0.5,0,0,0.101389669,0,0,0,0,0,0,8.53240585,8.08860207,0,0,0,0,141,46961,0,0,0,,,,50
11553968,0.5,0,0,0.101389669,0,0,0,0,0,0,8.53240585,8.08649063,0,0,0,0,141,46961,0,0,0,,,,50
11555096,0.5,0,0,0.101389669,0,0,0,0,0,0,8.52939224,8.08649063,0,0,0,0,141,46961,0,0,0,,,,50
11556229,0.5,0,0,0.101389669,0,0,0,0,0,0,8.52939224,8.08860207,0,0,0,0,141,46961,0,0,0,,,,50
11557356,0.5,0,0,0.101389669,0,0,0,0,0,0,8.53240585,8.08860207,0,0,0,0,141,46961,0,0,0,,,,50
11558688,0.5,0,0,0.101389669,0,0,0,0,0,0,8.52939224,8.08860207,0,0,0,0,141,46961,0,0,0,,,,50
11559816,0.5,0,0,0.101389669,0,0,0,0,0,0,8.52939224,8.08649063,0,0,0,0,141,46961,0,0,0,,,,50
11560944,0.5,0,0,0.101389669,0,0,0,0,0,0,8.52939224,8.08649063,0,0,0,0,141,46961,0,0,0,,,,50
11562076,0.5,0,0,0.101389669,0,0,0,0,0,0,8.52939224,8.08649063,0,0,0,0,141,46961,0,0,0,,,,50
11563204,0.5,0,0,0.101389669,0,0,0,0,0,0,8.52939224,8.08649063,0,0,0,0,141,46961,0,0,0,,,,50
11564332,0.5,0,0,0.101389669,0,0,0,0,0,0,8.52939224,8.08649063,0,0,0,0,141,46961,0,0,0,,,,50
11565459,0.5,0,0,0.101389669,0,0,0,0,0,0,8.52939224,8.08649063,0,0,0,0,141,46961,0,0,0,,,,50
11566587,0.5,0,0,0.101389669,0,0,0,0,0,0,8.52939224,8.08649063,0,0,0,0,141,46961,0,0,0,,,,50
11567715,0.5,0,0,0.101389669,0,0,0,0,0,0,8.52939224,8.08860207,0,0,0,0,141,46961,0,0,0,,,,50
11568847,0.5,0,0,0.101389669,0,0,0,0,0,0,8.52939224,8.08649063,0,0.00714798551,0,0,141,46961,0,0,0,,,,50
11569975,0.5,0,0,0.101389669,0,0,0,0,0,0,8.52939224,8.08860207,0,0,0,0,141,47912,0,0,0,,,,50
11571103,0.5,0,0,0.103989996,0,0,0,0,0,0,8.52939224,8.08649063,0,0,0,0,141,47912,0,0,0,,,,50
11572230,0.5,0,0,0.103989996,0,0,0,0,0,0,8.52939224,8.08649063,0,0,0,0,142,47912,0,0,0,,,,50
11573358,0.5,0,0,0.103989996,0,0,0,0,0,0,8.52939224,8.08860207,0,0,0,0,142,47912,0,0,0,,,,50
11574491,0.5,0,0,0.103989996,0,0,0,0,0,0,8.52637863,8.08860207,0,0,0,0,142,47912,0,0,0,,,,50
11575618,0.5,0,0,0.103989996,0,0,0,0,0,0,8.52939224,8.08860207,0,0,0,0,142,47912,0,0,0,,,,50
11576746,0.5,0,0,0.103989996,0,0,0,0,0,0,8.52939224,8.08860207,0,0,0,0,142,47912,0,0,0,,,,50
11577874,0.5,0,0,0.103989996,0,0.00805860758,0,0,0,0,8.52939224,8.08649063,0,0,0,0,142,47912,0,0,0,,,,50
11579206,0.5,0,0,0.103989996,0,0,0,0,0,0,8.53240585,8.08860207,0,0,0,0,142,47912,0,0,0,,,,50
11580333,0.5,0,0,0.103989996,0,0,0,0,0,0,8.52939224,8.08860207,0,0,0,0,142,47912,0,0,0,,,,50
11581466,0.5,0,0,0.103989996,0,0,0,0,0,0,8.52939224,8.08860207,0,0,0,0,142,47912,0,0,0,,,,50
11582593,0.5,0,0,0.103989996,0,0,0,0,0,0,8.52939224,8.08649063,0,0,0,0,142,47912,0,0,0,,,,50
11583721,0.5,0,0,0.103989996,0,0,0,0,0,0,8.52939224,8.08649063,0,0,0,0,142,47912,0,0,0,,,,50
11584848,0.5,0,0,0.103989996,0,0,0,0,0,0,8.52939224,8.08649063,0,0,0,0,142,47912,0,0,0,,,,50
11585976,0.5,0,0,0.103989996,0,0,0,0,0,0,8.52939224,8.08649063,0,0,0,0,142,47912,0,0,0,,,,50
11587108,0.5,0,0,0.103989996,0,0,0,0,0,0,8.52939224,8.08860207,0,0,0,0,142,47912,0,0,0,,,,50
11588236,0.5,0,0,0.103989996,0,0,0,0,0,0,8.52939224,8.08649063,0,0,0,0,142,47912,0,0,0,,,,50
11589363,0.5,0,0,0.103989996,0,0,0,0,0,0,8.52939224,8.08860207,0,0.00714798551,0,0,142,47912,0,0,0,,,,50
11590491,0.5,0,0,0.103989996,0,0,0,0,0,0,8.52939224,8.08860207,0,0,0,0,142,47912,0,0,0,,,,50
11591619,0.5,0,0,0.103989996,0,0,0,0,0,0,8.52637863,8.08649063,0,0,0,0,142,47912,0,0,0,,,,50
11592746,0.5,0,0,0.103989996,0,0,0,0,0,0,8.52939224,8.08860207,0,0,0,0,142,47912,0,0,0,,,,50
11593879,0.5,0,0,0.103989996,0,0,0,0,0,0,8.52939224,8.08860207,0,0,0,0,142,47912,0,0,0,,,,50
11595007,0.5,0,0,0.103989996,0,0,0,0,0,0,8.52939224,8.08860207,0,0,0,0,142,47912,0,0,0,,,,50
11596134,0.5,0,0,0.103989996,0,0,0,0,0,0,8.52939224,8.08860207,0,0,0,0,142,47912,0,0,0,,,,50
11597262,0.5,0,0,0.103989996,0,0,0,0,0,0,8.52939224,8.08860207,0,0,0,0,142,47912,0,0,0,,,,50
11598390,0.5,0,0,0.103989996,0,0,0,0,0,0,8.52939224,8.08649063,0,0,0,0,142,47912,0,0,0,,,,50
11599517,0.5,0,0,0.103989996,0,0,0,0,0,0,8.52939224,8.08649063,0,0,0,0,142,47912,0,0,0,,,,50
11600854,0.5,0,0,0.103989996,0,0,0,0,0,0,8.52939224,8.08649063,0,0,0,0,142,47912,0,0,0,,,,50
11601981,0.5,0,0,0.103989996,0,0,0,0,0,0,8.52939224,8.08860207,0,0,0,0,143,47912,0,0,0,,,,50
11603109,0.5,0,0,0.103989996,0,0,0,0,0,0,8.52939224,8.08649063,0,0,0,0,143,47912,0,0,0,,,,50
11604237,0.5,0,0,0.103989996,0,0,0,0,0,0,8.52939224,8.08860207,0,0,0,0,143,47912,0,0,0,,,,50
11605365,0.5,0,0,0.103989996,0,0,0,0,0,0,8.52939224,8.08860207,0,0,0,0,143,47912,0,0,0,,,,50
11606497,0.5,0,0,0.103989996,0,0,0,0,0,0,8.52939224,8.08649063,0,0,0,0,143,47912,0,0,0,,,,50
11607625,0.5,0,0,0.103989996,0,0,0,0,0,0,8.53240585,8.08860207,0,0,0,0,143,47912,0,0,0,,,,50
11608752,0.5,0,0,0.103989996,0,0,0,0,0,0,8.52637863,8.08860207,0,0,0,0,143,47912,0,0,0,,,,50
11609880,0.5,0,0,0.103989996,0,0,0,0,0,0,8.52939224,8.08649063,0.00714798551,0,0,0,143,47912,0,0,0,,,,50
11611008,0.5,0,0,0.103989996,0,0,0,0,0,0,8.52939224,8.08649063,0,0,0,0,143,47912,0,0,0,,,,50
11612136,0.5,0,0,0.103989996,0,0,0,0,0,0,8.52939224,8.08649063,0,0,0,0,143,47912,0,0,0,,,,50
11613268,0.5,0,0,0.103989996,0,0,0,0,0,0,8.52939224,8.08860207,0,0,0,0,143,47912,0,0,0,,,,50
11614395,0.5,0,0,0.103989996,0,0,0,0,0,0,8.52939224,8.08649063,0,0,0,0,143,47912,0,0,0,,,,50
11615523,0.5,0,0,0.103989996,0,0,0,0,0,0,8.52939224,8.08860207,0,0,0,0,143,47912,0,0,0,,,,50
11616651,0.5,0,0,0.103989996,0,0,0,0,0,0,8.52939224,8.08860207,0,0,0,0,143,47912,0,0,0,,,,50
11617778,0.5,0,0,0.103989996,0,0,0,0,0,0,8.52939224,8.08649063,0,0,0,0,143,47912,0,0,0,,,,50
11618911,0.5,0,0,0.103989996,0,0,0,0,0,0,8.52939224,8.08860207,0,0,0,0,143,47912,0,0,0,,,,50
11620039,0.5,0,0,0.103989996,0,0,0,0,0,0,8.52939224,8.08860207,0,0,0,0,143,47912,0,0,0,,,,50
11621370,0.5,0,0,0.103989996,0,0,0,0,0,0,8.52939224,8.08860207,0,0,0,0,143,47912,0,0,0,,,,50
11622498,0.5,0,0,0.103989996,0,0,0,0,0,0,8.53240585,8.08649063,0,0,0,0,143,47912,0,0,0,,,,50
11623626,0.5,0,0,0.101998143,0,0,0,0,0,0,8.52939224,8.08860207,0,0,0,0,143,49320,0,0,0,,,,50
11624754,0.5,0,0,0.101998143,0,0,0,0,0,0,8.53240585,8.08860207,0,0,0,0,143,49320,0,0,0,,,,50
11625886,0.5,0,0,0.101998143,0,0,0,0,0,0,8.53240585,8.08860207,0,0,0,0,144,49320,0,0,0,,,,50
11627013,0.5,0,0,0.101998143,0,0,0,0,0,0,8.52939224,8.08649063,0,0,0,0,144,49320,0,0,0,,,,50
11628141,0.5,0,0,0.101998143,0,0,0,0,0,0,8.52939224,8.08649063,0,0,0,0,144,49320,0,0,0,,,,50
11629269,0.5,0,0,0.101998143,0,0,0,0,0,0,8.52939224,8.08860207,0,0,0,0,144,49320,0,0,0,,,,50
11630397,0.5,0,0,0.101998143,0,0,0,0,0,0,8.52939224,8.08860207,0,0,0,0,144,49320,0,0,0,,,,50
11631529,0.5,0,0,0.101998143,0,0,0,0,0,0,8.52939224,8.08649063,0,0,0,0,144,49320,0,0,0,,,,50
11632657,0.5,0,0,0.101998143,0,0,0,0,0,0,8.52637863,8.08649063,0,0,0,0,144,49320,0,0,0,,,,50
11633785,0.5,0,0,0.101998143,0,0,0,0,0,0,8.52939224,8.08649063,0,0,0,0,144,49320,0,0,0,,,,50
11634912,0.5,0,0,0.101998143,0,0,0,0,0,0,8.52939224,8.08860207,0,0,0,0,144,49320,0,0,0,,,,50
11636040,0.5,0,0,0.101998143,0,0,0,0,0,0,8.52939224,8.08860207,0,0,0,0,144,49320,0,0,0,,,,50
11637168,0.5,0,0,0.101998143,0,0,0,0,0,0,8.52939224,8.08860207,0,0,0,0,144,49320,0,0,0,,,,50
11638300,0.5,0,0,0.101998143,0,0,0,0,0,0,8.52939224,8.08860207,0,0,0,0,144,49320,0,0,0,,,,50
11639428,0.5,0,0,0.101998143,0,0,0,0,0,0,8.52939224,8.08649063,0,0,0,0,144,49320,0,0,0,,,,50
11640556,0.5,0,0,0.101998143,0,0,0,0,0,0,8.53240585,8.08860207,0,0,0,0,144,49320,0,0,0,,,,50
11641888,0.5,0,0,0.101998143,0,0,0,0,0,0,8.52939224,8.08860207,0,0,0,0,144,49320,0,0,0,,,,50
11643015,0.5,0,0,0.101998143,0,0,0,0,0,0,8.52939224,8.08649063,0,0,0,0,144,49320,0,0,0,,,,50
11644148,0.5,0,0,0.101998143,0,0,0,0,0,0,8.52939224,8.08860207,0,0,0,0,144,49320,0,0,0,,,,50
11645275,0.5,0,0,0.101998143,0,0,0,0,0,0,8.52939224,8.08860207,0,0,0,0,144,49320,0,0,0,,,,50
11646403,0.5,0,0,0.101998143,0,0,0,0,0,0,8.52939224,8.08860207,0,0,0,0,144,49320,0,0,0,,,,50
11647531,0.5,0,0,0.101998143,0,0,0,0,0,0,8.52637863,8.08649063,0,0,0,0,144,49320,0,0,0,,,,50
11648659,0.5,0,0,0.101998143,0,0,0,0,0,0,8.53240585,8.08649063,0,0,0,0,144,49320,0,0,0,,,,50
11649786,0.5,0,0,0.101998143,0,0,0,0,0,0,8.52939224,8.08649063,0,0,0,0,145,49320,0,0,0,,,,50
11650919,0.5,0,0,0.101998143,0,0,0,0,0,0,8.52939224,8.08860207,0,0,0,0,145,49320,0,0,0,,,,50
11652047,0.5,0,0,0.101998143,0,0,0,0,0,0,8.52637863,8.08860207,0,0,0,0,145,49320,0,0,0,,,,50
11653174,0.5,0,0,0.101998143,0,0,0,0,0,0,8.52939224,8.08860207,0,0,0,0,145,49320,0,0,0,,,,50
11654302,0.5,0,0,0.101998143,0,0,0,0,0,0,8.52637863,8.08860207,0,0,0,0,145,49320,0,0,0,,,,50
11655430,0.5,0,0,0.101998143,0,0,0,0,0,0,8.52939224,8.08860207,0,0,0,0,145,49320,0,0,0,,,,50
11656557,0.5,0,0,0.101998143,0,0,0,0,0,0,8.53240585,8.08649063,0,0,0,0,145,49320,0,0,0,,,,50
11657690,0.5,0,0,0.101998143,0,0,0,0,0,0,8.52939224,8.08649063,0,0,0,0,145,49320,0,0,0,,,,50
11658818,0.5,0,0,0.101998143,0,0,0,0,0,0,8.52939224,8.08649063,0,0,0,0,145,49320,0,0,0,,,,50
11659945,0.5,0,0,0.101998143,0,0,0,0,0,0,8.52939224,8.08649063,0,0,0,0,145,49320,0,0,0,,,,50
11661073,0.5,0,0,0.101998143,0,0,0,0,0,0,8.52939224,8.08860207,0,0,0,0,145,49320,0,0,0,,,,50
11662201,0.5,0,0,0.101998143,0,0,0,0,0,0,8.52939224,8.08860207,0,0,0,0,145,49320,0,0,0,,,,50
11663537,0.5,0,0,0.101998143,0,0,0,0,0,0,8.52939224,8.08860207,0,0,0,0,145,49320,0,0,0,,,,50
11664665,0.5,0,0,0.101998143,0,0,0,0,0,0,8.52939224,8.08649063,0,0,0,0,145,49320,0,0,0,,,,50
11665793,0.5,0,0,0.101998143,0,0,0,0,0,0,8.52939224,8.08860207,0,0,0,0,145,49320,0,0,0,,,,50
11666921,0.5,0,0,0.101998143,0,0,0,0,0,0,8.52939224,8.08649063,0,0,0,0,145,49320,0,0,0,,,,50
11668048,0.5,0,0,0.101998143,0,0,0,0,0,0,8.52939224,8.08860207,0,0,0,0,145,48168,0,0,0,,,,50
11669176,0.5,0,0,0.10827934,0,0,0,0,0,0,8.52939224,8.08860207,0,0,0,0,145,48168,0,0,0,,,,50
11670308,0.5,0,0,0.10827934,0,0,0,0,0,0,8.52939224,8.08649063,0,0,0,0,146,48168,0,0,0,,,,50
11671436,0.5,0,0,0.10827934,0,0,0,0,0,0,8.52939224,8.08649063,0,0,0,0,146,48168,0,0,0,,,,50
11672564,0.5,0,0,0.10827934,0,0,0,0,0,0,8.52637863,8.08649063,0,0,0,0,146,48168,0,0,0,,,,50
11673692,0.5,0,0,0.10827934,0,0,0,0,0,0,8.52939224,8.08649063,0,0,0,0,146,48168,0,0,0,,,,50
11674819,0.5,0,0,0.10827934,0,0,0,0,0,0,8.52939224,8.08649063,0,0,0,0,146,48168,0,0,0,,,,50
11675952,0.5,0,0,0.10827934,0,0,0,0,0,0,8.52939224,8.08860207,0,0,0,0,146,48168,0,0,0,,,,50
11677080,0.5,0,0,0.10827934,0,0,0,0,0,0,8.53240585,8.08860207,0,0,0,0,146,48168,0,0,0,,,,50
11678207,0.5,0,0,0.10827934,0,0,0,0,0,0,8.53240585,8.08860207,0,0,0,0,146,48168,0,0,0,,,,50
11679335,0.5,0,0,0.10827934,0,0,0,0,0,0,8.52939224,8.08860207,0,0,0,0,146,48168,0,0,0,,,,50
11680463,0.5,0,0,0.10827934,0,0,0,0,0,0,8.52939224,8.08649063,0,0,0,0,146,48168,0,0,0,,,,50
11681591,0.5,0,0,0.10827934,0,0,0,0,0,0,8.52939224,8.08860207,0,0,0,0,146,48168,0,0,0,,,,50
11682723,0.5,0,0,0.10827934,0,0,0,0,0,0,8.52939224,8.08649063,0,0,0,0,146,48168,0,0,0,,,,50
11684055,0.5,0,0,0.10827934,0,0,0,0,0,0,8.52939224,8.08860207,0,0,0,0,146,48168,0,0,0,,,,50
11685183,0.5,0,0,0.10827934,0,0,0,0,0,0,8.52939224,8.08649063,0,0,0,0,146,48168,0,0,0,,,,50
11686310,0.5,0,0,0.10827934,0,0,0,0,0,0,8.52939224,8.08860207,0,0,0,0,146,48168,0,0,0,,,,50
11687438,0.5,0,0,0.10827934,0,0,0,0,0,0,8.52939224,8.08860207,0,0,0,0,146,48168,0,0,0,,,,50
11688571,0.5,0,0,0.10827934,0,0,0,0,0,0,8.52939224,8.08860207,0,0,0,0,146,48168,0,0,0,,,,50
11689698,0.5,0,0,0.10827934,0,0,0,0,0,0,8.52637863,8.08860207,0,0,0,0,146,48168,0,0,0,,,,50
11690826,0.5,0,0,0.10827934,0,0,0,0,0,0,8.52939224,8.08649063,0,0,0,0,146,48168,0,0,0,,,,50
11691954,0.5,0,0,0.10827934,0,0,0,0,0,0,8.52939224,8.08649063,0,0,0,0,146,48168,0,0,0,,,,50
11693081,0.5,0,0,0.10827934,0,0,0,0,0,0,8.52939224,8.08649063,0,0,0,0,147,48168,0,0,0,,,,50
11694209,0.5,0,0,0.10827934,0,0,0,0,0,0,8.52939224,8.08649063,0,0,0,0,147,48168,0,0,0,,,,50
11695341,0.5,0,0,0.10827934,0,0,0,0,0,0,8.52939224,8.08649063,0,0,0,0,147,48168,0,0,0,,,,50
11696469,0.5,0,0,0.10827934,0,0,0,0,0,0,8.52939224,8.08860207,0,0,0,0,147,48168,0,0,0,,,,50
11697597,0.5,0,0,0.10827934,0,0,0,0,0,0,8.52939224,8.08860207,0,0,0,0,147,48168,0,0,0,,,,50
11698724,0.5,0,0,0.10827934,0,0,0,0,0,0,8.52939224,8.08649063,0,0,0,0,147,48168,0,0,0,,,,50
11699852,0.5,0,0,0.10827934,0,0,0,0,0,0,8.52939224,8.08860207,0,0,0,0,147,48168,0,0,0,,,,50
11700980,0.5,0,0,0.10827934,0,0,0,0,0,0,8.52939224,8.08860207,0,0,0,0,147,48168,0,0,0,,,,50
11702112,0.5,0,0,0.10827934,0,0,0,0,0,0,8.52939224,8.08860207,0,0,0,0,147,48168,0,0,0,,,,50
11703240,0.5,0,0,0.10827934,0,0,0,0,0,0,8.53240585,8.08649063,0,0,0,0,147,48168,0,0,0,,,,50
11704367,0.5,0,0,0.10827934,0,0,0,0,0,0,8.52939224,8.08649063,0,0,0,0,147,48168,0,0,0,,,,50
11705699,0.5,0,0,0.10827934,0,0,0,0,0,0,8.52939224,8.08860207,0,0,0,0,147,48168,0,0,0,,,,50
11706827,0.5,0,0,0.10827934,0,0,0,0,0,0,8.52939224,8.08860207,0,0,0,0,147,48168,0,0,0,,,,50
11707959,0.5,0,0,0.10827934,0,0,0,0,0,0,8.52939224,8.08649063,0,0,0,0,147,48168,0,0,0,,,,50
11709087,0.5,0,0,0.10827934,0,0,0,0,0,0,8.52939224,8.08860207,0,0,0,0,147,48168,0,0,0,,,,50
11710214,0.5,0,0,0.10827934,0,0,0,0,0,0,8.52939224,8.08860207,0,0,0,0,147,46663,0,0,0,,,,50
11711342,0.5,0,0,0.122486308,0,0,0,0,0,0,8.52939224,8.08649063,0,0,0,0,147,46663,0,0,0,,,,50
11712470,0.5,0,0,0.122486308,0,0,0,0,0,0,8.52939224,8.08860207,0,0,0,0,148,46663,0,0,0,,,,50
11713597,0.5,0,0,0.122486308,0,0,0,0,0,0,8.52939224,8.08649063,0,0,0,0,148,46663,0,0,0,,,,50
11714730,0.5,0,0,0.122486308,0,0,0,0,0,0,8.52939224,8.08649063,0,0,0,0,148,46663,0,0,0,,,,50
11715858,0.5,0,0,0.122486308,0,0,0,0,0,0,8.52939224,8.08860207,0,0,0,0,148,46663,0,0,0,,,,50
11716985,0.5,0,0,0.122486308,0,0,0,0,0,0,8.52939224,8.08649063,0,0,0,0,148,46663,0,0,0,,,,50
11718113,0.5,0,0,0.122486308,0,0,0,0,0,0,8.52939224,8.08649063,0,0,0,0,148,46663,0,0,0,,,,50
11719241,0.5,0,0,0.122486308,0,0,0,0,0,0,8.52637863,8.08860207,0,0,0,0,148,46663,0,0,0,,,,50
11720373,0.5,0,0,0.122486308,0,0,0,0,0,0,8.52939224,8.08649063,0,0,0,0,148,46663,0,0,0,,,,50
11721501,0.5,0,0,0.122486308,0,0,0,0,0,0,8.52939224,8.08860207,0,0,0,0,148,46663,0,0,0,,,,50
11722629,0.5,0,0,0.122486308,0,0,0,0,0,0,8.52939224,8.08649063,0,0,0,0,148,46663,0,0,0,,,,50
11723757,0.5,0,0,0.122486308,0,0,0,0,0,0,8.52939224,8.08649063,0,0,0,0,148,46663,0,0,0,,,,50
11724884,0.5,0,0,0.122486308,0,0,0,0,0,0,8.52939224,8.08649063,0,0,0,0,148,46663,0,0,0,,,,50
11726216,0.5,0,0,0.122486308,0,0,0,0,0,0,8.52939224,8.08649063,0,0,0,0,148,46663,0,0,0,,,,50
11727349,0.5,0,0,0.122486308,0,0,0,0,0,0,8.52939224,8.08649063,0,0,0,0,148,46663,0,0,0,,,,50
11728476,0.5,0,0,0.122486308,0,0,0,0,0,0,8.52939224,8.08649063,0,0,0,0,148,46663,0,0,0,,,,50
11729604,0.5,0,0,0.122486308,0,0,0,0,0,0,8.52939224,8.08860207,0,0,0,0,148,46663,0,0,0,,,,50
11730732,0.5,0,0,0.122486308,0,0,0,0,0,0,8.52939224,8.08860207,0,0,0,0,148,46663,0,0,0,,,,50
11731859,0.5,0,0,0.122486308,0,0,0,0,0,0,8.53240585,8.08649063,0,0,0,0,148,46663,0,0,0,,,,50
11732992,0.5,0,0,0.122486308,0,0,0,0,0,0,8.52939224,8.08649063,0,0,0,0,149,46663,0,0,0,,,,50
11734120,0.5,0,0,0.122486308,0,0,0,0,0,0,8.52939224,8.08860207,0,0,0,0,149,46663,0,0,0,,,,50
11735247,0.5,0,0,0.122486308,0,0,0,0,0,0,8.52939224,8.08860207,0,0,0,0,149,46663,0,0,0,,,,50
11736375,0.5,0,0,0.122486308,0,0,0,0,0,0,8.52939224,8.08860207,0,0,0,0,149,46663,0,0,0,,,,50
11737503,0.5,0,0,0.122486308,0,0,0,0,0,0,8.52939224,8.08860207,0,0,0,0,149,46663,0,0,0,,,,50
11738630,0.5,0,0,0.122486308,0,0,0,0,0,0,8.52939224,8.08860207,0,0,0,0,149,46663,0,0,0,,,,50
11739762,0.5,0,0,0.122486308,0,0,0,0,0,0,8.52939224,8.08649063,0,0,0,0,149,46663,0,0,0,,,,50
11740890,0.5,0,0,0.122486308,0,0,0,0,0,0,8.52939224,8.08860207,0,0,0,0,149,46663,0,0,0,,,,50
11742018,0.5,0,0,0.122486308,0,0,0,0,0,0,8.52939224,8.08860207,0,0,0,0,149,46663,0,0,0,,,,50
11743145,0.5,0,0,0.122486308,0,0,0,0,0,0,8.52939224,8.08649063,0,0,0,0,149,46663,0,0,0,,,,50
11744273,0.5,0,0,0.122486308,0,0,0,0,0,0,8.53240585,8.08860207,0,0,0,0,149,46663,0,0,0,,,,50
11745401,0.5,0,0,0.122486308,0,0,0,0,0,0,8.52939224,8.08860207,0,0,0,0,149,46663,0,0,0,,,,50
11746533,0.5,0,0,0.122486308,0,0,0,0,0,0,8.52939224,8.08860207,0,0,0,0,149,46663,0,0,0,,,,50
11747865,0.5,0,0,0.122486308,0,0,0,0,0,0,8.52939224,8.08649063,0,0,0,0,149,46663,0,0,0,,,,50
11748993,0.5,0,0,0.122486308,0,0,0,0,0,0,8.52939224,8.08860207,0,0,0,0,149,46663,0,0,0,,,,50
11750121,0.5,0,0,0.130448714,0,0,0,0,0,0,8.52939224,8.08860207,0,0,0,0,149,44850,0,0,0,,,,50
11751248,0.5,0,0,0.130448714,0,0,0,0,0,0,8.52939224,8.08649063,0,0,0,0,150,44850,0,0,0,,,,50
11752381,0.5,0,0,0.130448714,0,0.00805860758,0,0,0,0,8.52939224,8.08860207,0,0,0,0,150,44850,0,0,0,,,,50
11753509,0.5,0,0,0.130448714,0,0,0,0,0,0,8.52939224,8.08649063,0,0,0,0,150,44850,0,0,0,,,,50
11754636,0.5,0,0,0.130448714,0,0,0,0,0,0,8.52939224,8.08649063,0,0,0,0,150,44850,0,0,0,,,,50
11755764,0.5,0,0,0.130448714,0,0,0,0,0,0,8.52939224,8.08649063,0,0,0,0,150,44850,0,0,0,,,,50
11756892,0.5,0,0,0.130448714,0,0,0,0,0,0,8.52939224,8.08649063,0,0,0,0,150,44850,0,0,0,,,,50
11758020,0.5,0,0,0.130448714,0,0,0,0,0,0,8.52939224,8.08860207,0,0,0,0,150,44850,0,0,0,,,,50
11759152,0.5,0,0,0.130448714,0,0,0,0,0,0,8.52939224,8.08860207,0,0,0,0,150,44850,0,0,0,,,,50
11760280,0.5,0,0,0.130448714,0,0,0,0,0,0,8.52939224,8.08649063,0,0,0,0,150,44850,0,0,0,,,,50
11761407,0.5,0,0,0.130448714,0,0,0,0,0,0,8.52939224,8.08649063,0,0,0,0,150,44850,0,0,0,,,,50
11762535,0.5,0,0,0.130448714,0,0,0,0,0,0,8.52939224,8.08860207,0,0,0,0,150,44850,0,0,0,,,,50
11763663,0.5,0,0,0.130448714,0,0,0,0,0,0,8.52939224,8.08860207,0,0,0,0,150,44850,0,0,0,,,,50
11764795,0.5,0,0,0.130448714,0,0,0,0,0,0,8.52939224,8.08860207,0,0,0,0,150,44850,0,0,0,,,,50
11765923,0.5,0,0,0.130448714,0,0,0,0,0,0,8.52939224,8.08860207,0,0,0,0,150,44850,0,0,0,,,,50
11767051,0.5,0,0,0.130448714,0,0,0,0,0,0,8.52939224,8.08649063,0,0,0,0,150,44850,0,0,0,,,,50
11768383,0.5,0,0,0.130448714,0,0,0,0,0,0,8.52939224,8.08649063,0,0,0,0,150,44850,0,0,0,,,,50
11769510,0.5,0,0,0.130448714,0,0,0,0,0,0,8.52939224,8.08860207,0,0,0,0,150,44850,0,0,0,,,,50
11770638,0.5,0,0,0.130448714,0,0,0,0,0,0,8.52939224,8.08649063,0,0,0,0,150,44850,0,0,0,,,,50
11771771,0.5,0,0,0.130448714,0,0,0,0,0,0,8.52939224,8.08649063,0,0,0,0,151,44850,0,0,0,,,,50
11772898,0.5,0,0,0.130448714,0,0,0,0,0,0,8.52939224,8.08649063,0,0.00714798551,0,0,151,44850,0,0,0,,,,50
11774026,0.5,0,0,0.130448714,0,0,0,0,0,0,8.52939224,8.08860207,0,0,0,0,151,44850,0,0,0,,,,50
11775154,0.5,0,0,0.130448714,0,0,0,0,0,0,8.52939224,8.08860207,0,0,0,0,151,44850,0,0,0,,,,50
11776282,0.5,0,0,0.130448714,0,0,0,0,0,0,8.52939224,8.08860207,0,0,0,0,151,44850,0,0,0,,,,50
11777414,0.5,0,0,0.130448714,0,0,0,0,0,0,8.52637863,8.08860207,0,0,0,0,151,44850,0,0,0,,,,50
11778542,0.5,0,0,0.130448714,0,0,0,0,0,0,8.52939224,8.08860207,0,0,0,0,151,44850,0,0,0,,,,50
11779670,0.5,0,0,0.130448714,0,0,0,0,0,0,8.52939224,8.08649063,0,0,0,0,151,44850,0,0,0,,,,50
11780797,0.5,0,0,0.130448714,0,0,0,0,0,0,8.52939224,8.08649063,0,0,0,0,151,44850,0,0,0,,,,50
11781925,0.5,0,0,0.130448714,0,0,0,0,0,0,8.52939224,8.08860207,0,0,0,0,151,44850,0,0,0,,,,50
11783053,0.5,0,0,0.130448714,0,0,0,0,0,0,8.53240585,8.08860207,0,0,0,0,151,44850,0,0,0,,,,50
11784185,0.5,0,0,0.130448714,0,0,0,0,0,0,8.52939224,8.08860207,0,0,0,0,151,44850,0,0,0,,,,50
11785313,0.5,0,0,0.130448714,0,0,0,0,0,0,8.53240585,8.08860207,0,0,0,0,151,44850,0,0,0,,,,50
11786441,0.5,0,0,0.130448714,0,0,0,0,0,0,8.52939224,8.08649063,0,0,0,0,151,42929,0,0,0,,,,50
11787568,0.5,0,0,0.138940752,0,0,0,0,0,0,8.52939224,8.08860207,0,0,0,0,151,42929,0,0,0,,,,50
11788900,0.5,0,0,0.138940752,0,0,0,0,0,0,8.52939224,8.08860207,0,0,0,0,152,42929,0,0,0,,,,50
11790032,0.5,0,0,0.138940752,0,0,0,0,0,0,8.52939224,8.08860207,0,0,0,0,152,42929,0,0,0,,,,50
11791160,0.5,0,0,0.138940752,0,0,0,0,0,0,8.52939224,8.08649063,0,0,0,0,152,42929,0,0,0,,,,50
11792288,0.5,0,0,0.138940752,0,0,0,0,0,0,8.52939224,8.08860207,0,0,0,0,152,42929,0,0,0,,,,50
11793415,0.5,0,0,0.138940752,0,0,0,0,0,0,8.52939224,8.08649063,0,0,0,0,152,42929,0,0,0,,,,50
11794543,0.5,0,0,0.138940752,0,0,0,0,0,0,8.52939224,8.08860207,0,0,0,0,152,42929,0,0,0,,,,50
11795671,0.5,0,0,0.138940752,0,0,0,0,0,0,8.52939224,8.08860207,0,0,0,0,152,42929,0,0,0,,,,50
11796803,0.5,0,0,0.138940752,0,0,0,0,0,0,8.52939224,8.08860207,0,0,0,0,152,42929,0,0,0,,,,50
11797931,0.5,0,0,0.138940752,0,0,0,0,0,0,8.53240585,8.08860207,0,0,0,0,152,42929,0,0,0,,,,50
11799059,0.5,0,0,0.138940752,0,0,0,0,0,0,8.52939224,8.08860207,0,0,0,0,152,42929,0,0,0,,,,50
11800187,0.5,0,0,0.138940752,0,0,0,0,0,0,8.52939224,8.08860207,0,0,0,0,152,42929,0,0,0,,,,50
11801314,0.5,0,0,0.138940752,0,0,0,0,0,0,8.53240585,8.08860207,0,0,0,0,152,42929,0,0,0,,,,50
11802442,0.5,0,0,0.138940752,0,0,0,0,0,0,8.53240585,8.08649063,0,0,0,0,152,42929,0,0,0,,,,50
11803574,0.5,0,0,0.138940752,0,0,0,0,0,0,8.52939224,8.08649063,0,0,0,0,152,42929,0,0,0,,,,50
11804702,0.5,0,0,0.138940752,0,0,0,0,0,0,8.52939224,8.08860207,0,0,0,0,152,42929,0,0,0,,,,50
11805829,0.5,0,0,0.138940752,0,0,0,0,0,0,8.52939224,8.08649063,0,0,0,0,152,42929,0,0,0,,,,50
11806957,0.5,0,0,0.138940752,0,0,0,0,0,0,8.52939224,8.08860207,0,0,0,0,152,42929,0,0,0,,,,50
11808084,0.5,0,0,0.138940752,0,0,0,0,0,0,8.52939224,8.08860207,0,0,0,0,153,42929,0,0,0,,,,50
11809217,0.5,0,0,0.138940752,0,0,0,0,0,0,8.52939224,8.08649063,0,0,0,0,153,42929,0,0,0,,,,50
11810549,0.5,0,0,0.138940752,0,0,0,0,0,0,8.52939224,8.08649063,0,0,0,0,153,42929,0,0,0,,,,50
11811676,0.5,0,0,0.138940752,0,0,0,0,0,0,8.52939224,8.08860207,0,0.00714798551,0,0,153,42929,0,0,0,,,,50
11812804,0.5,0,0,0.138940752,0,0,0,0,0,0,8.52939224,8.08860207,0,0,0,0,153,42929,0,0,0,,,,50
11813932,0.5,0,0,0.138940752,0,0,0,0,0,0,8.52939224,8.08860207,0,0,0,0,153,42929,0,0,0,,,,50
11815060,0.5,0,0,0.138940752,0,0,0,0,0,0,8.52939224,8.08860207,0,0,0,0,153,42929,0,0,0,,,,50
11816192,0.5,0,0,0.138940752,0,0,0,0,0,0,8.52939224,8.08860207,0,0,0,0,153,42929,0,0,0,,,,50
11817320,0.5,0,0,0.138940752,0,0,0,0,0,0,8.52939224,8.08860207,0,0,0,0,153,42929,0,0,0,,,,50
11818448,0.5,0,0,0.138940752,0,0,0,0,0,0,8.52939224,8.08860207,0,0,0,0,153,42929,0,0,0,,,,50
11819575,0.5,0,0,0.138940752,0,0,0,0,0,0,8.52939224,8.08649063,0,0,0,0,153,42929,0,0,0,,,,50
11820703,0.5,0,0,0.138940752,0,0,0,0,0,0,8.52939224,8.08860207,0,0,0,0,153,42929,0,0,0,,,,50
11821835,0.5,0,0,0.138940752,0,0,0,0,0,0,8.52939224,8.08860207,0,0,0,0,153,42929,0,0,0,,,,50
11822963,0.5,0,0,0.138940752,0,0,0,0,0,0,8.52939224,8.08649063,0,0,0,0,153,41207,0,0,0,,,,50
11824091,0.5,0,0,0.14533484,0,0,0,0,0,0,8.52939224,8.08860207,0,0,0,0,154,41207,0,0,0,,,,50
11825218,0.5,0,0,0.14533484,0,0,0,0,0,0,8.52939224,8.08649063,0,0,0,0,154,41207,0,0,0,,,,50
11826346,0.5,0,0,0.14533484,0,0,0,0,0,0,8.52939224,8.08860207,0,0,0,0,154,41207,0,0,0,,,,50
11827474,0.5,0,0,0.14533484,0,0,0,0,0,0,8.52939224,8.08860207,0,0,0,0,154,41207,0,0,0,,,,50
11828606,0.5,0,0,0.14533484,0,0,0,0,0,0,8.52939224,8.08649063,0,0,0,0,154,41207,0,0,0,,,,50
11829734,0.5,0,0,0.14533484,0,0,0,0,0,0,8.52939224,8.08649063,0,0,0,0,154,41207,0,0,0,,,,50
11831066,0.5,0,0,0.14533484,0,0,0,0,0,0,8.52637863,8.08649063,0,0,0,0,154,41207,0,0,0,,,,50
11832194,0.5,0,0,0.14533484,0,0,0,0,0,0,8.52637863,8.08860207,0,0,0,0,154,41207,0,0,0,,,,50
11833321,0.5,0,0,0.14533484,0,0,0,0,0,0,8.52939224,8.08860207,0,0,0,0,154,41207,0,0,0,,,,50
11834454,0.5,0,0,0.14533484,0,0,0,0,0,0,8.52939224,8.08860207,0,0,0,0,154,41207,0,0,0,,,,50
11835582,0.5,0,0,0.14533484,0,0,0,0,0,0,8.52939224,8.08860207,0,0,0,0,154,41207,0,0,0,,,,50
11836709,0.5,0,0,0.14533484,0,0,0,0,0,0,8.52939224,8.08860207,0,0,0,0,154,41207,0,0,0,,,,50
11837837,0.5,0,0,0.14533484,0,0,0,0,0,0,8.52939224,8.08860207,0,0,0,0,154,41207,0,0,0,,,,50
11838965,0.5,0,0,0.14533484,0,0,0,0,0,0,8.52939224,8.08860207,0,0,0,0,154,41207,0,0,0,,,,50
11840092,0.5,0,0,0.14533484,0,0,0,0,0,0,8.52939224,8.08649063,0,0,0,0,154,41207,0,0,0,,,,50
11841225,0.5,0,0,0.14533484,0,0,0,0,0,0,8.52939224,8.0907135,0,0,0,0,154,41207,0,0,0,,,,50
11842353,0.5,0,0,0.14533484,0,0,0,0,0,0,8.52939224,8.08649063,0,0,0,0,154,41207,0,0,0,,,,50
11843480,0.5,0,0,0.14533484,0,0,0,0,0,0,8.52939224,8.08860207,0,0,0,0,154,41207,0,0,0,,,,50
11844608,0.5,0,0,0.14533484,0,0,0,0,0,0,8.52939224,8.0907135,0,0,0,0,155,41207,0,0,0,,,,50
11845736,0.5,0,0,0.14533484,0,0,0,0,0,0,8.52939224,8.08649063,0,0,0,0,155,41207,0,0,0,,,,50
11846864,0.5,0,0,0.14533484,0,0,0,0,0,0,8.52939224,8.08649063,0,0,0,0,155,41207,0,0,0,,,,50
11847996,0.5,0,0,0.14533484,0,0,0,0,0,0,8.52939224,8.08860207,0,0,0,0,155,41207,0,0,0,,,,50
11849124,0.5,0,0,0.14533484,0,0,0,0,0,0,8.52939224,8.08860207,0,0,0,0,155,41207,0,0,0,,,,50
11850252,0.5,0,0,0.14533484,0,0,0,0,0,0,8.52939224,8.08860207,0,0,0,0,155,41207,0,0,0,,,,50
11851379,0.5,0,0,0.14533484,0,0,0,0,0,0,8.52939224,8.08860207,0,0,0,0,155,41207,0,0,0,,,,50
11852711,0.5,0,0,0.14533484,0,0,0,0,0,0,8.52939224,8.08860207,0,0,0,0,155,41207,0,0,0,,,,50
11853844,0.5,0,0,0.14533484,0,0,0,0,0,0,8.52939224,8.08860207,0,0,0,0,155,41207,0,0,0,,,,50
11854971,0.5,0,0,0.14533484,0,0,0,0,0,0,8.52939224,8.08649063,0,0,0,0,155,41207,0,0,0,,,,50
11856099,0.5,0,0,0.14533484,0,0,0,0,0,0,8.52939224,8.08860207,0,0,0,0,155,41207,0,0,0,,,,50
11857227,0.5,0,0,0.14533484,0,0,0,0,0,0,8.52939224,8.08860207,0,0,0,0,155,41207,0,0,0,,,,50
11858355,0.5,0,0,0.14533484,0,0,0,0,0,0,8.52939224,8.08649063,0,0,0,0,155,41207,0,0,0,,,,50
11859482,0.5,0,0,0.14533484,0,0,0,0,0,0,8.52939224,8.08860207,0,0,0,0,155,40124,0,0,0,,,,50
11860615,0.5,0,0,0.145914853,0,0,0,0,0,0,8.52939224,8.08860207,0,0,0,0,155,40124,0,0,0,,,,50
11861743,0.5,0,0,0.145914853,0,0,0,0,0,0,8.52939224,8.08860207,0,0,0,0,156,40124,0,0,0,,,,50
11862870,0.5,0,0,0.145914853,0,0,0,0,0,0,8.52939224,8.08860207,0,0,0,0,156,40124,0,0,0,,,,50
11863998,0.5,0,0,0.145914853,0,0,0,0,0,0,8.52939224,8.08860207,0,0,0,0,156,40124,0,0,0,,,,50
11865125,0.5,0,0,0.145914853,0,0,0,0,0,0,8.52939224,8.08649063,0,0,0,0,156,40124,0,0,0,,,,50
11866258,0.5,0,0,0.145914853,0,0,0,0,0,0,8.52939224,8.08649063,0,0,0,0,156,40124,0,0,0,,,,50
11867386,0.5,0,0,0.145914853,0,0,0,0,0,0,8.52939224,8.08860207,0,0,0,0,156,40124,0,0,0,,,,50
11868513,0.5,0,0,0.145914853,0,0,0,0,0,0,8.52939224,8.08860207,0,0,0,0,156,40124,0,0,0,,,,50
11869641,0.5,0,0,0.145914853,0,0,0,0,0,0,8.52939224,8.08649063,0,0,0,0,156,40124,0,0,0,,,,50
11870769,0.5,0,0,0.145914853,0,0,0,0,0,0,8.52637863,8.08649063,0,0.00714798551,0,0,156,40124,0,0,0,,,,50
11871897,0.5,0,0,0.145914853,0,0,0,0,0,0,8.52939224,8.08860207,0,0,0,0,156,40124,0,0,0,,,,50
11873233,0.5,0,0,0.145914853,0,0,0,0,0,0,8.52939224,8.08649063,0,0,0,0,156,40124,0,0,0,,,,50
11874361,0.5,0,0,0.145914853,0,0,0,0,0,0,8.52939224,8.08860207,0,0,0,0,156,40124,0,0,0,,,,50
11875489,0.5,0,0,0.145914853,0,0,0,0,0,0,8.52939224,8.08649063,0,0,0,0,156,40124,0,0,0,,,,50
11876616,0.5,0,0,0.145914853,0,0,0,0,0,0,8.52939224,8.08860207,0,0,0,0,156,40124,0,0,0,,,,50
11877744,0.5,0,0,0.145914853,0,0,0,0,0,0,8.52939224,8.08860207,0,0,0,0,156,40124,0,0,0,,,,50
11878877,0.5,0,0,0.145914853,0,0,0,0,0,0,8.52939224,8.08860207,0,0,0,0,156,40124,0,0,0,,,,50
11880004,0.5,0,0,0.145914853,0,0,0,0,0,0,8.52939224,8.08649063,0,0,0,0,156,40124,0,0,0,,,,50
11881132,0.5,0,0,0.145914853,0,0,0,0,0,0,8.52939224,8.08860207,0,0,0,0,156,40124,0,0,0,,,,50
11882260,0.5,0,0,0.145914853,0,0,0,0,0,0,8.52939224,8.08860207,0,0,0,0,157,40124,0,0,0,,,,50
11883387,0.5,0,0,0.145914853,0,0,0,0,0,0,8.52939224,8.08860207,0,0,0,0,157,40124,0,0,0,,,,50
11884515,0.5,0,0,0.145914853,0,0,0,0,0,0,8.53240585,8.08860207,0,0,0,0,157,40124,0,0,0,,,,50
11885648,0.5,0,0,0.145914853,0,0,0,0,0,0,8.52939224,8.08860207,0,0,0,0,157,40124,0,0,0,,,,50
11886775,0.5,0,0,0.145914853,0,0,0,0,0,0,8.52939224,8.08860207,0,0,0,0,157,40124,0,0,0,,,,50
11887903,0.5,0,0,0.145914853,0,0,0,0,0,0,8.52939224,8.08860207,0,0,0,0,157,40124,0,0,0,,,,50
11889031,0.5,0,0,0.145914853,0,0,0,0,0,0,8.52939224,8.08860207,0,0,0,0,157,40124,0,0,0,,,,50
11890158,0.5,0,0,0.145914853,0,0,0,0,0,0,8.52939224,8.08649063,0,0,0,0,157,40124,0,0,0,,,,50
11891286,0.5,0,0,0.145914853,0,0,0,0,0,0,8.52939224,8.08860207,0,0,0,0,157,40124,0,0,0,,,,50
11892418,0.5,0,0,0.145914853,0,0,0,0,0,0,8.52939224,8.08860207,0,0,0,0,157,40124,0,0,0,,,,50
11893546,0.5,0,0,0.145914853,0,0,0,0,0,0,8.52939224,8.08649063,0,0,0,0,157,40124,0,0,0,,,,50
11894877,0.5,0,0,0.145914853,0,0,0,0,0,0,8.52939224,8.08649063,0,0,0,0,157,40124,0,0,0,,,,50
11896005,0.5,0,0,0.145914853,0,0,0,0,0,0,8.52939224,8.08649063,0,0,0,0,157,40124,0,0,0,,,,50
11897133,0.5,0,0,0.145914853,0,0,0,0,0,0,8.52939224,8.08860207,0,0,0,0,157,40124,0,0,0,,,,50
11898265,0.5,0,0,0.145914853,0,0,0,0,0,0,8.52939224,8.08649063,0,0,0,0,157,39811,0,0,0,,,,50
11899393,0.5,0,0,0.140459523,0,0,0,0,0,0,8.52939224,8.08649063,0,0,0,0,157,39811,0,0,0,,,,50
11900521,0.5,0,0,0.140459523,0,0,0,0,0,0,8.52939224,8.08860207,0,0,0,0,158,39811,0,0,0,,,,50
11901649,0.5,0,0,0.140459523,0,0,0,0,0,0,8.52939224,8.08649063,0,0,0,0,158,39811,0,0,0,,,,50
11902776,0.5,0,0,0.140459523,0,0,0,0,0,0,8.52939224,8.08860207,0,0.00714798551,0,0,158,39811,0,0,0,,,,50
11903904,0.5,0,0,0.140459523,0,0,0,0,0,0,8.52939224,8.08860207,0,0,0,0,158,39811,0,0,0,,,,50
11905036,0.5,0,0,0.140459523,0,0,0,0,0,0,8.52939224,8.08649063,0,0,0,0,158,39811,0,0,0,,,,50
11906164,0.5,0,0,0.140459523,0,0,0,0,0,0,8.52939224,8.08649063,0,0,0,0,158,39811,0,0,0,,,,50
11907292,0.5,0,0,0.140459523,0,0,0,0,0,0,8.52939224,8.08649063,0,0,0,0,158,39811,0,0,0,,,,50
11908420,0.5,0,0,0.140459523,0,0,0,0,0,0,8.52939224,8.08860207,0,0,0,0,158,39811,0,0,0,,,,50
11909547,0.5,0,0,0.140459523,0,0,0,0,0,0,8.52939224,8.08860207,0,0,0,0,158,39811,0,0,0,,,,50
11910680,0.5,0,0,0.140459523,0,0,0,0,0,0,8.52939224,8.08649063,0,0,0,0,158,39811,0,0,0,,,,50
11911808,0.5,0,0,0.140459523,0,0,0,0,0,0,8.52939224,8.08860207,0,0,0,0,158,39811,0,0,0,,,,50
11912935,0.5,0,0,0.140459523,0,0,0,0,0,0,8.52939224,8.08649063,0,0,0,0,158,39811,0,0,0,,,,50
11914063,0.5,0,0,0.140459523,0,0,0,0,0,0,8.52939224,8.08860207,0,0,0,0,158,39811,0,0,0,,,,50
11915395,0.5,0,0,0.140459523,0,0,0,0,0,0,8.52939224,8.08649063,0,0,0,0,158,39811,0,0,0,,,,50
11916522,0.5,0,0,0.140459523,0,0,0,0,0,0,8.52939224,8.08649063,0,0,0,0,158,39811,0,0,0,,,,50
11917655,0.5,0,0,0.140459523,0,0,0,0,0,0,8.52939224,8.08860207,0,0,0,0,158,39811,0,0,0,,,,50
11918782,0.5,0,0,0.140459523,0,0,0,0,0,0,8.52939224,8.08860207,0,0,0,0,158,39811,0,0,0,,,,50
11919910,0.5,0,0,0.140459523,0,0,0,0,0,0,8.52939224,8.08649063,0,0,0,0,158,39811,0,0,0,,,,50
11921038,0.5,0,0,0.140459523,0,0,0,0,0,0,8.52939224,8.08860207,0,0,0,0,158,39811,0,0,0,,,,50
11922166,0.5,0,0,0.140459523,0,0,0,0,0,0,8.52939224,8.08860207,0,0,0,0,159,39811,0,0,0,,,,50
11923298,0.5,0,0,0.140459523,0,0,0,0,0,0,8.52939224,8.08860207,0,0,0,0,159,39811,0,0,0,,,,50
11924426,0.5,0,0,0.140459523,0,0,0,0,0,0,8.52939224,8.08860207,0,0,0,0,159,39811,0,0,0,,,,50
11925554,0.5,0,0,0.140459523,0,0,0,0,0,0,8.52939224,8.08649063,0,0,0,0,159,39811,0,0,0,,,,50
11926681,0.5,0,0,0.140459523,0,0,0,0,0,0,8.52939224,8.08860207,0,0,0,0,159,39811,0,0,0,,,,50
11927809,0.5,0,0,0.140459523,0,0,0,0,0,0,8.52939224,8.08860207,0,0,0,0,159,39811,0,0,0,,,,50
11928936,0.5,0,0,0.140459523,0,0,0,0,0,0,8.52939224,8.08860207,0,0,0,0,159,39811,0,0,0,,,,50
11930069,0.5,0,0,0.140459523,0,0,0,0,0,0,8.52939224,8.08860207,0,0,0,0,159,39811,0,0,0,,,,50
11931197,0.5,0,0,0.140459523,0,0,0,0,0,0,8.52939224,8.08649063,0,0,0,0,159,39811,0,0,0,,,,50
11932324,0.5,0,0,0.140459523,0,0,0,0,0,0,8.52939224,8.08860207,0,0,0,0,159,39811,0,0,0,,,,50
11933452,0.5,0,0,0.140459523,0,0,0,0,0,0,8.52939224,8.08860207,0,0,0,0,159,39811,0,0,0,,,,50
11934580,0.5,0,0,0.140459523,0,0,0,0,0,0,8.52939224,8.08860207,0,0,0,0,159,39811,0,0,0,,,,50
11935916,0.5,0,0,0.140459523,0,0,0,0,0,0,8.52939224,8.08860207,0,0,0,0,159,39811,0,0,0,,,,50
11937044,0.5,0,0,0.140459523,0,0,0,0,0,0,8.52939224,8.08860207,0,0,0,0,159,39811,0,0,0,,,,50
11938172,0.5,0,0,0.140459523,0,0,0,0,0,0,8.52939224,8.08860207,0,0,0,0,159,39811,0,0,0,,,,50
11939299,0.5,0,0,0.134829462,0,0,0,0,0,0,8.52939224,8.08649063,0,0,0,0,159,39868,0,0,0,,,,50
11940427,0.5,0,0,0.134829462,0,0,0,0,0,0,8.53240585,8.08860207,0,0,0,0,160,39868,0,0,0,,,,50
11941555,0.5,0,0,0.134829462,0,0,0,0,0,0,8.52939224,8.08860207,0,0,0,0,160,39868,0,0,0,,,,50
11942687,0.5,0,0,0.134829462,0,0,0,0,0,0,8.52637863,8.08860207,0,0,0,0,160,39868,0,0,0,,,,50
11943815,0.5,0,0,0.134829462,0,0,0,0,0,0,8.52939224,8.08860207,0,0,0,0,160,39868,0,0,0,,,,50
11944942,0.5,0,0,0.134829462,0,0,0,0,0,0,8.52939224,8.08860207,0,0,0,0,160,39868,0,0,0,,,,50
11946070,0.5,0,0,0.134829462,0,0,0,0,0,0,8.52939224,8.08860207,0,0,0,0,160,39868,0,0,0,,,,50
11947197,0.5,0,0,0.134829462,0,0,0,0,0,0,8.52939224,8.08649063,0,0,0,0,160,39868,0,0,0,,,,50
11948324,0.5,0,0,0.134829462,0,0,0,0,0,0,8.52939224,8.08649063,0,0,0,0,160,39868,0,0,0,,,,50
11949457,0.5,0,0,0.134829462,0,0,0,0,0,0,8.52939224,8.08649063,0,0,0,0,160,39868,0,0,0,,,,50
11950584,0.5,0,0,0.134829462,0,0,0,0,0,0,8.52939224,8.08860207,0,0,0,0,160,39868,0,0,0,,,,50
11951712,0.5,0,0,0.134829462,0,0,0,0,0,0,8.52939224,8.08860207,0.00714798551,0,0,0,160,39868,0,0,0,,,,50
11952840,0.5,0,0,0.134829462,0,0,0,0,0,0,8.52939224,8.08860207,0,0,0,0,160,39868,0,0,0,,,,50
11953967,0.5,0,0,0.134829462,0,0,0,0,0,0,8.52939224,8.08860207,0,0,0,0,160,39868,0,0,0,,,,50
11955099,0.5,0,0,0.134829462,0,0,0,0,0,0,8.52939224,8.08649063,0,0,0,0,160,39868,0,0,0,,,,50
11956227,0.5,0,0,0.134829462,0,0,0,0,0,0,8.52939224,8.08649063,0,0,0,0,160,39868,0,0,0,,,,50
11957559,0.5,0,0,0.134829462,0,0,0,0,0,0,8.52939224,8.08649063,0,0,0,0,160,39868,0,0,0,,,,50
11958687,0.5,0,0,0.134829462,0,0,0,0,0,0,8.52939224,8.08860207,0,0,0,0,160,39868,0,0,0,,,,50
11959815,0.5,0,0,0.134829462,0,0,0,0,0,0,8.52939224,8.08860207,0,0,0,0,160,39868,0,0,0,,,,50
11960942,0.5,0,0,0.134829462,0,0,0,0,0,0,8.52939224,8.08860207,0,0,0,0,160,39868,0,0,0,,,,50
11962075,0.5,0,0,0.134829462,0,0,0,0,0,0,8.52939224,8.08860207,0,0,0,0,160,39868,0,0,0,,,,50
11963202,0.5,0,0,0.134829462,0,0,0,0,0,0,8.52939224,8.08649063,0,0,0,0,161,39868,0,0,0,,,,50
11964330,0.5,0,0,0.134829462,0,0,0,0,0,0,8.52939224,8.08649063,0,0,0,0,161,39868,0,0,0,,,,50
11965458,0.5,0,0,0.134829462,0,0,0,0,0,0,8.52939224,8.08649063,0,0,0,0,161,39868,0,0,0,,,,50
11966586,0.5,0,0,0.134829462,0,0,0,0,0,0,8.52939224,8.08860207,0,0,0,0,161,39868,0,0,0,,,,50
11967718,0.5,0,0,0.134829462,0,0,0,0,0,0,8.52939224,8.08860207,0,0,0,0,161,39868,0,0,0,,,,50
11968846,0.5,0,0,0.134829462,0,0,0,0,0,0,8.52939224,8.08860207,0,0,0,0,161,39868,0,0,0,,,,50
11969973,0.5,0,0,0.134829462,0,0,0,0,0,0,8.53240585,8.08649063,0,0,0,0,161,39868,0,0,0,,,,50
11971101,0.5,0,0,0.134829462,0,0,0,0,0,0,8.52939224,8.08860207,0,0,0,0,161,39868,0,0,0,,,,50
11972229,0.5,0,0,0.134829462,0,0,0,0,0,0,8.52939224,8.08649063,0,0,0,0,161,39868,0,0,0,,,,50
11973356,0.5,0,0,0.134829462,0,0,0,0,0,0,8.52939224,8.08860207,0,0,0,0,161,39868,0,0,0,,,,50
11974488,0.5,0,0,0.134829462,0,0,0,0,0,0,8.52939224,8.08860207,0,0,0,0,161,39868,0,0,0,,,,50
11975616,0.5,0,0,0.134829462,0,0,0,0,0,0,8.52939224,8.08649063,0,0,0,0,161,39868,0,0,0,,,,50
11976743,0.5,0,0,0.134829462,0,0,0,0,0,0,8.52939224,8.08860207,0,0,0,0,161,39868,0,0,0,,,,50
11978075,0.5,0,0,0.134829462,0,0,0,0,0,0,8.52939224,8.08860207,0,0,0,0,161,39868,0,0,0,,,,50
11979203,0.5,0,0,0.134829462,0,0,0,0,0,0,8.52939224,8.08649063,0,0,0,0,161,39868,0,0,0,,,,50
11980336,0.5,0,0,0.131001249,0,0,0,0,0,0,8.53240585,8.08649063,0,0,0,0,161,40196,0,0,0,,,,50
11981463,0.5,0,0,0.131001249,0,0,0,0,0,0,8.52939224,8.08860207,0,0,0,0,162,40196,0,0,0,,,,50
11982591,0.5,0,0,0.131001249,0,0,0,0,0,0,8.52939224,8.08649063,0,0,0,0,162,40196,0,0,0,,,,50
11983718,0.5,0,0,0.131001249,0,0,0,0,0,0,8.52939224,8.08860207,0,0,0,0,162,40196,0,0,0,,,,50
11984846,0.5,0,0,0.131001249,0,0,0,0,0,0,8.52939224,8.08860207,0,0,0,0,162,40196,0,0,0,,,,50
11985973,0.5,0,0,0.131001249,0,0,0,0,0,0,8.52939224,8.08860207,0,0,0,0,162,40196,0,0,0,,,,50
11987106,0.5,0,0,0.131001249,0,0,0,0,0,0,8.52939224,8.08649063,0,0,0,0,162,40196,0,0,0,,,,50
11988234,0.5,0,0,0.131001249,0,0,0,0,0,0,8.53240585,8.0907135,0,0,0,0,162,40196,0,0,0,,,,50
11989361,0.5,0,0,0.131001249,0,0,0,0,0,0,8.52939224,8.08860207,0,0,0,0,162,40196,0,0,0,,,,50
11990489,0.5,0,0,0.131001249,0,0,0,0,0,0,8.52939224,8.08860207,0,0,0,0,162,40196,0,0,0,,,,50
11991617,0.5,0,0,0.131001249,0,0,0,0,0,0,8.52939224,8.08649063,0,0,0,0,162,40196,0,0,0,,,,50
11992745,0.5,0,0,0.131001249,0,0,0,0,0,0,8.52939224,8.08649063,0,0,0,0,162,40196,0,0,0,,,,50
11993877,0.5,0,0,0.131001249,0,0,0,0,0,0,8.52939224,8.08860207,0,0,0,0,162,40196,0,0,0,,,,50
11995005,0.5,0,0,0.131001249,0,0,0,0,0,0,8.52939224,8.08860207,0,0,0,0,162,40196,0,0,0,,,,50
11996132,0.5,0,0,0.131001249,0,0,0,0,0,0,8.52939224,8.08649063,0,0,0,0,162,40196,0,0,0,,,,50
11997260,0.5,0,0,0.131001249,0,0,0,0,0,0,8.52939224,8.08860207,0,0,0,0,162,40196,0,0,0,,,,50
11998388,0.5,0,0,0.131001249,0,0,0,0,0,0,8.52939224,8.08649063,0,0,0,0,162,40196,0,0,0,,,,50
11999724,0.5,0,0,0.131001249,0,0,0,0,0,0,8.52939224,8.08649063,0,0,0,0,162,40196,0,0,0,,,,50
12000852,0.5,0,0,0.131001249,0,0,0,0,0,0,8.52939224,8.08860207,0,0,0,0,162,40196,0,0,0,,,,50
12001980,0.5,0,0,0.131001249,0,0,0,0,0,0,8.52939224,8.08860207,0,0,0,0,162,40196,0,0,0,,,,50
12003107,0.5,0,0,0.131001249,0,0,0,0,0,0,8.52637863,8.08860207,0,0,0,0,162,40196,0,0,0,,,,50
12004235,0.5,0,0,0.131001249,0,0,0,0,0,0,8.52939224,8.08649063,0,0,0,0,163,40196,0,0,0,,,,50
12005363,0.5,0,0,0.131001249,0,0,0,0,0,0,8.52939224,8.08860207,0,0,0,0,163,40196,0,0,0,,,,50
12006495,0.5,0,0,0.131001249,0,0,0,0,0,0,8.52939224,8.08649063,0,0,0,0,163,40196,0,0,0,,,,50
12007623,0.5,0,0,0.131001249,0,0,0,0,0,0,8.52939224,8.08860207,0,0,0,0,163,40196,0,0,0,,,,50
12008751,0.5,0,0,0.131001249,0,0,0,0,0,0,8.52939224,8.08860207,0,0,0,0,163,40196,0,0,0,,,,50
12009879,0.5,0,0,0.131001249,0,0,0,0,0,0,8.52939224,8.08649063,0,0,0,0,163,40196,0,0,0,,,,50
12011006,0.5,0,0,0.131001249,0,0,0,0,0,0,8.52939224,8.08860207,0,0,0,0,163,40196,0,0,0,,,,50
12012139,0.5,0,0,0.131001249,0,0,0,0,0,0,8.52939224,8.08649063,0,0,0,0,163,40196,0,0,0,,,,50
12013266,0.5,0,0,0.131001249,0,0,0,0,0,0,8.52939224,8.08860207,0,0,0,0,163,40196,0,0,0,,,,50
12014394,0.5,0,0,0.131001249,0,0,0,0,0,0,8.52939224,8.08860207,0,0,0,0,163,40196,0,0,0,,,,50
12015522,0.5,0,0,0.131001249,0,0,0,0,0,0,8.52939224,8.08649063,0,0,0,0,163,40196,0,0,0,,,,50
12016650,0.5,0,0,0.131001249,0,0,0,0,0,0,8.52939224,8.08860207,0,0,0,0,163,40196,0,0,0,,,,50
12017777,0.5,0,0,0.131001249,0,0,0,0,0,0,8.52939224,8.08649063,0,0,0,0,163,40196,0,0,0,,,,50
12018910,0.5,0,0,0.131001249,0,0,0,0,0,0,8.52939224,8.08649063,0,0,0,0,163,40196,0,0,0,,,,50
12020241,0.5,0,0,0.131001249,0,0,0,0,0,0,8.53240585,8.08649063,0,0,0,0,163,40196,0,0,0,,,,50
12021369,0.5,0,0,0.131001249,0,0,0,0,0,0,8.52939224,8.08860207,0,0,0,0,163,40526,0,0,0,,,,50
12022497,0.5,0,0,0.128655195,0,0,0,0,0,0,8.52939224,8.08649063,0,0,0,0,163,40526,0,0,0,,,,50
12023625,0.5,0,0,0.128655195,0,0,0,0,0,0,8.52637863,8.08649063,0,0,0,0,164,40526,0,0,0,,,,50
12024757,0.5,0,0,0.128655195,0,0,0,0,0,0,8.52939224,8.08860207,0,0,0,0,164,40526,0,0,0,,,,50
12025885,0.5,0,0,0.128655195,0,0,0,0,0,0,8.52637863,8.08649063,0,0,0,0,164,40526,0,0,0,,,,50
12027013,0.5,0,0,0.128655195,0,0,0,0,0,0,8.53240585,8.08860207,0,0,0,0,164,40526,0,0,0,,,,50
12028140,0.5,0,0,0.128655195,0,0,0,0,0,0,8.52939224,8.08649063,0,0,0,0,164,40526,0,0,0,,,,50
12029268,0.5,0,0,0.128655195,0,0,0,0,0,0,8.52939224,8.08860207,0,0,0,0,164,40526,0,0,0,,,,50
12030396,0.5,0,0,0.128655195,0,0,0,0,0,0,8.52939224,8.08860207,0,0,0,0,164,40526,0,0,0,,,,50
12031528,0.5,0,0,0.128655195,0,0,0,0,0,0,8.52939224,8.08649063,0,0,0,0,164,40526,0,0,0,,,,50
12032655,0.5,0,0,0.128655195,0,0,0,0,0,0,8.52637863,8.08649063,0,0,0,0,164,40526,0,0,0,,,,50
12033783,0.5,0,0,0.128655195,0,0,0,0,0,0,8.52939224,8.08649063,0,0,0,0,164,40526,0,0,0,,,,50
12034911,0.5,0,0,0.128655195,0,0,0,0,0,0,8.52939224,8.08860207,0,0,0,0,164,40526,0,0,0,,,,50
12036039,0.5,0,0,0.128655195,0,0,0,0,0,0,8.52939224,8.08860207,0,0,0,0,164,40526,0,0,0,,,,50
12037166,0.5,0,0,0.128655195,0,0,0,0,0,0,8.52939224,8.08860207,0,0,0,0,164,40526,0,0,0,,,,50
12038299,0.5,0,0,0.128655195,0,0,0,0,0,0,8.52939224,8.08860207,0,0,0,0,164,40526,0,0,0,,,,50
12039426,0.5,0,0,0.128655195,0,0,0,0,0,0,8.52939224,8.08860207,0,0,0,0,164,40526,0,0,0,,,,50
12040554,0.5,0,0,0.128655195,0,0,0,0,0,0,8.52939224,8.08860207,0,0,0,0,164,40526,0,0,0,,,,50
12041886,0.5,0,0,0.128655195,0,0,0,0,0,0,8.52939224,8.08860207,0,0,0,0,164,40526,0,0,0,,,,50
12043014,0.5,0,0,0.128655195,0,0,0,0,0,0,8.52939224,8.08649063,0,0,0,0,164,40526,0,0,0,,,,50
12044146,0.5,0,0,0.128655195,0,0,0,0,0,0,8.52939224,8.08860207,0,0,0,0,164,40526,0,0,0,,,,50
12045274,0.5,0,0,0.128655195,0,0,0,0,0,0,8.52939224,8.08649063,0,0,0,0,164,40526,0,0,0,,,,50
12046402,0.5,0,0,0.128655195,0,0,0,0,0,0,8.52939224,8.08860207,0,0,0,0,164,40526,0,0,0,,,,50
12047529,0.5,0,0,0.128655195,0,0,0,0,0,0,8.52939224,8.08860207,0,0,0,0,165,40526,0,0,0,,,,50
12048657,0.5,0,0,0.128655195,0,0,0,0,0,0,8.52939224,8.08649063,0,0,0,0,165,40526,0,0,0,,,,50
12049785,0.5,0,0,0.128655195,0,0,0,0,0,0,8.52939224,8.08860207,0,0,0,0,165,40526,0,0,0,,,,50
12050917,0.5,0,0,0.128655195,0,0,0,0,0,0,8.52939224,8.08860207,0,0,0,0,165,40526,0,0,0,,,,50
12052045,0.5,0,0,0.128655195,0,0,0,0,0,0,8.52939224,8.08649063,0,0,0,0,165,40526,0,0,0,,,,50
12053173,0.5,0,0,0.128655195,0,0,0,0,0,0,8.52939224,8.08860207,0,0,0,0,165,40526,0,0,0,,,,50
12054300,0.5,0,0,0.128655195,0,0,0,0,0,0,8.53240585,8.08860207,0,0,0,0,165,40526,0,0,0,,,,50
12055428,0.5,0,0,0.128655195,0,0,0,0,0,0,8.52939224,8.08860207,0,0,0,0,165,40526,0,0,0,,,,50
12056560,0.5,0,0,0.128655195,0,0,0,0,0,0,8.53240585,8.08860207,0,0,0,0,165,40526,0,0,0,,,,50
12057688,0.5,0,0,0.128655195,0,0,0,0,0,0,8.53240585,8.08860207,0,0,0,0,165,40526,0,0,0,,,,50
12058815,0.5,0,0,0.128655195,0,0,0,0,0,0,8.52939224,8.08860207,0,0,0,0,165,40526,0,0,0,,,,50
12059943,0.5,0,0,0.128655195,0,0,0,0,0,0,8.52939224,8.08649063,0,0,0,0,165,40526,0,0,0,,,,50
12061071,0.5,0,0,0.128655195,0,0,0,0,0,0,8.52939224,8.08860207,0,0,0,0,165,40526,0,0,0,,,,50
12062403,0.5,0,0,0.128655195,0,0,0,0,0,0,8.52939224,8.08649063,0.00714798551,0,0,0,165,40526,0,0,0,,,,50
12063535,0.5,0,0,0.128655195,0,0,0,0,0,0,8.52939224,8.08860207,0,0.00714798551,0,0,165,40526,0,0,0,,,,50
12064663,0.5,0,0,0.128655195,0,0,0,0,0,0,8.53240585,8.08860207,0,0,0,0,165,40526,0,0,0,,,,50
12065790,0.5,0,0,0.128655195,0,0,0,0,0,0,8.52939224,8.08649063,0,0,0,0,165,40526,0,0,0,,,,50
12066918,0.5,0,0,0.128655195,0,0,0,0,0,0,8.52939224,8.08649063,0,0,0,0,165,41882,0,0,0,,,,50
12068046,0.5,0,0,0.121639088,0,0,0,0,0,0,8.52939224,8.08649063,0,0,0,0,165,41882,0,0,0,,,,50
12069178,0.5,0,0,0.121639088,0,0,0,0,0,0,8.52939224,8.08860207,0,0,0,0,166,41882,0,0,0,,,,50
12070306,0.5,0,0,0.121639088,0,0,0,0,0,0,8.52939224,8.08649063,0,0,0,0,166,41882,0,0,0,,,,50
12071434,0.5,0,0,0.121639088,0,0,0,0,0,0,8.52939224,8.08649063,0,0,0,0,166,41882,0,0,0,,,,50
12072561,0.5,0,0,0.121639088,0,0,0,0,0,0,8.52939224,8.08860207,0,0,0,0,166,41882,0,0,0,,,,50
12073689,0.5,0,0,0.121639088,0,0,0,0,0,0,8.52939224,8.08860207,0,0,0,0,166,41882,0,0,0,,,,50
12074817,0.5,0,0,0.121639088,0,0,0,0,0,0,8.52939224,8.08860207,0,0,0,0,166,41882,0,0,0,,,,50
12075949,0.5,0,0,0.121639088,0,0,0,0,0,0,8.52939224,8.08860207,0,0,0,0,166,41882,0,0,0,,,,50
12077077,0.5,0,0,0.121639088,0,0,0,0,0,0,8.52939224,8.08649063,0,0,0,0,166,41882,0,0,0,,,,50
12078205,0.5,0,0,0.121639088,0,0,0,0,0,0,8.52939224,8.08860207,0,0,0,0,166,41882,0,0,0,,,,50
12079333,0.5,0,0,0.121639088,0,0,0,0,0,0,8.52939224,8.08649063,0,0,0,0,166,41882,0,0,0,,,,50
12080460,0.5,0,0,0.121639088,0,0,0,0,0,0,8.52939224,8.08649063,0,0,0,0,166,41882,0,0,0,,,,50
12081593,0.5,0,0,0.121639088,0,0,0,0,0,0,8.52939224,8.08860207,0,0,0,0,166,41882,0,0,0,,,,50
12082925,0.5,0,0,0.121639088,0,0,0,0,0,0,8.52939224,8.08860207,0,0,0,0,166,41882,0,0,0,,,,50
12084052,0.5,0,0,0.121639088,0,0,0,0,0,0,8.52939224,8.08860207,0,0,0,0,166,41882,0,0,0,,,,50
12085180,0.5,0,0,0.121639088,0,0,0,0,0,0,8.52939224,8.08649063,0,0,0,0,166,41882,0,0,0,,,,50
12086308,0.5,0,0,0.121639088,0,0,0,0,0,0,8.52939224,8.08649063,0,0,0,0,166,41882,0,0,0,,,,50
12087435,0.5,0,0,0.121639088,0,0,0,0,0,0,8.52939224,8.08860207,0,0,0,0,166,41882,0,0,0,,,,50
12088568,0.5,0,0,0.121639088,0,0,0,0,0,0,8.52939224,8.08860207,0,0,0,0,166,41882,0,0,0,,,,50
12089696,0.5,0,0,0.121639088,0,0,0,0,0,0,8.52939224,8.08860207,0,0,0,0,166,41882,0,0,0,,,,50
12090823,0.5,0,0,0.121639088,0,0,0,0,0,0,8.52939224,8.08649063,0,0,0,0,166,41882,0,0,0,,,,50
12091951,0.5,0,0,0.121639088,0,0,0,0,0,0,8.52637863,8.08860207,0,0,0,0,166,41882,0,0,0,,,,50
12093079,0.5,0,0,0.121639088,0,0,0,0,0,0,8.52637863,8.08860207,0,0,0,0,166,41882,0,0,0,,,,50
12094206,0.5,0,0,0.121639088,0,0,0,0,0,0,8.52637863,8.08860207,0,0,0,0,166,41882,0,0,0,,,,50
12095338,0.5,0,0,0.121639088,0,0,0,0,0,0,8.52939224,8.08860207,0,0.00714798551,0,0,166,41882,0,0,0,,,,50
12096466,0.5,0,0,0.121639088,0,0,0,0,0,0,8.52939224,8.08860207,0,0,0,0,166,41882,0,0,0,,,,50
12097593,0.5,0,0,0.121639088,0,0,0,0,0,0,8.52939224,8.08649063,0,0,0,0,167,41882,0,0,0,,,,50
12098721,0.5,0,0,0.121639088,0,0,0,0,0,0,8.52939224,8.08860207,0,0,0,0,167,41882,0,0,0,,,,50
12099848,0.5,0,0,0.121639088,0,0,0,0,0,0,8.52939224,8.08860207,0,0,0,0,167,41882,0,0,0,,,,50
12100981,0.5,0,0,0.121639088,0,0,0,0,0,0,8.52939224,8.08860207,0,0,0,0,167,41882,0,0,0,,,,50
12102108,0.5,0,0,0.121639088,0,0,0,0,0,0,8.52939224,8.08649063,0,0,0,0,167,41882,0,0,0,,,,50
12103236,0.5,0,0,0.121639088,0,0,0,0,0,0,8.52939224,8.08860207,0,0,0,0,167,41882,0,0,0,,,,50
12104568,0.5,0,0,0.121639088,0,0,0,0,0,0,8.52939224,8.08860207,0,0,0,0,167,41882,0,0,0,,,,50
12105696,0.5,0,0,0.121639088,0,0,0,0,0,0,8.52637863,8.08649063,0,0,0,0,167,41882,0,0,0,,,,50
12106824,0.5,0,0,0.121639088,0,0,0,0,0,0,8.53240585,8.08649063,0,0,0,0,167,41882,0,0,0,,,,50
12107956,0.5,0,0,0.121639088,0,0,0,0,0,0,8.52637863,8.08649063,0,0,0,0,167,41882,0,0,0,,,,50
12109084,0.5,0,0,0.121639088,0,0,0,0,0,0,8.52939224,8.08649063,0,0,0,0,167,41882,0,0,0,,,,50
12110211,0.5,0,0,0.121639088,0,0,0,0,0,0,8.53240585,8.08860207,0,0,0,0,167,41882,0,0,0,,,,50
12111339,0.5,0,0,0.121639088,0,0,0,0,0,0,8.52939224,8.08860207,0,0,0,0,167,41882,0,0,0,,,,50
12112467,0.5,0,0,0.121639088,0,0,0,0,0,0,8.52939224,8.08860207,0,0,0,0,167,41882,0,0,0,,,,50
12113599,0.5,0,0,0.121639088,0,0,0,0,0,0,8.52637863,8.08860207,0,0,0,0,167,41882,0,0,0,,,,50
12114727,0.5,0,0,0.121639088,0,0,0,0,0,0,8.52939224,8.08860207,0,0,0,0,167,41882,0,0,0,,,,50
12115855,0.5,0,0,0.121639088,0,0,0,0,0,0,8.52939224,8.08860207,0,0,0,0,167,41882,0,0,0,,,,50
12116982,0.5,0,0,0.121639088,0,0,0,0,0,0,8.52939224,8.08649063,0,0,0,0,167,41882,0,0,0,,,,50
12118110,0.5,0,0,0.121639088,0,0,0,0,0,0,8.52939224,8.08860207,0,0,0,0,167,41882,0,0,0,,,,50
12119238,0.5,0,0,0.121639088,0,0,0,0,0,0,8.52637863,8.08860207,0,0,0,0,167,41882,0,0,0,,,,50
12120370,0.5,0,0,0.121639088,0,0,0,0,0,0,8.52939224,8.08860207,0,0,0,0,167,41882,0,0,0,,,,50
12121498,0.5,0,0,0.106528439,0,0,0,0,0,0,8.52939224,8.08860207,0,0,0,0,167,44893,0,0,0,,,,50
12122626,0.5,0,0,0.106528439,0,0,0,0,0,0,8.53240585,8.08860207,0,0,0,0,167,44893,0,0,0,,,,50
12123754,0.5,0,0,0.106528439,0,0,0,0,0,0,8.52637863,8.08860207,0,0,0,0,168,44893,0,0,0,,,,50
12125085,0.5,0,0,0.106528439,0,0,0,0,0,0,8.52939224,8.08860207,0,0,0,0,168,44893,0,0,0,,,,50
12126218,0.5,0,0,0.106528439,0,0,0,0,0,0,8.52939224,8.08860207,0,0,0,0,168,44893,0,0,0,,,,50
12127346,0.5,0,0,0.106528439,0,0,0,0,0,0,8.52939224,8.08860207,0,0,0,0,168,44893,0,0,0,,,,50
12128473,0.5,0,0,0.106528439,0,0,0,0,0,0,8.52939224,8.08860207,0,0,0,0,168,44893,0,0,0,,,,50
12129601,0.5,0,0,0.106528439,0,0,0,0,0,0,8.52939224,8.08860207,0,0,0,0,168,44893,0,0,0,,,,50
12130729,0.5,0,0,0.106528439,0,0,0,0,0,0,8.52939224,8.08860207,0,0,0,0,168,44893,0,0,0,,,,50
12131856,0.5,0,0,0.106528439,0,0,0,0,0,0,8.53240585,8.08860207,0,0,0,0,168,44893,0,0,0,,,,50
12132989,0.5,0,0,0.106528439,0,0,0,0,0,0,8.53240585,8.08649063,0,0,0,0,168,44893,0,0,0,,,,50
12134117,0.5,0,0,0.106528439,0,0,0,0,0,0,8.52939224,8.08649063,0,0,0,0,168,44893,0,0,0,,,,50
12135244,0.5,0,0,0.106528439,0,0,0,0,0,0,8.52939224,8.08860207,0,0,0,0,168,44893,0,0,0,,,,50
12136372,0.5,0,0,0.106528439,0,0,0,0,0,0,8.52939224,8.08860207,0,0,0,0,168,44893,0,0,0,,,,50
12137500,0.5,0,0,0.106528439,0,0,0,0,0,0,8.52939224,8.08649063,0,0,0,0,168,44893,0,0,0,,,,50
12138628,0.5,0,0,0.106528439,0,0,0,0,0,0,8.52939224,8.08860207,0,0,0,0,168,44893,0,0,0,,,,50
12139760,0.5,0,0,0.106528439,0,0,0,0,0,0,8.52939224,8.08860207,0,0,0,0,168,44893,0,0,0,,,,50
12140888,0.5,0,0,0.106528439,0,0,0,0,0,0,8.52939224,8.08649063,0,0,0,0,168,44893,0,0,0,,,,50
12142016,0.5,0,0,0.106528439,0,0,0,0,0,0,8.52939224,8.08860207,0,0,0,0,168,44893,0,0,0,,,,50
12143143,0.5,0,0,0.106528439,0,0,0,0,0,0,8.52939224,8.08860207,0,0,0,0,168,44893,0,0,0,,,,50
12144271,0.5,0,0,0.106528439,0,0,0,0,0,0,8.52939224,8.08649063,0,0,0,0,168,44893,0,0,0,,,,50
12145404,0.5,0,0,0.106528439,0,0,0,0,0,0,8.52939224,8.08860207,0,0,0,0,168,44893,0,0,0,,,,50
12146735,0.5,0,0,0.106528439,0,0,0,0,0,0,8.52939224,8.08860207,0,0,0,0,168,44893,0,0,0,,,,50
12147863,0.5,0,0,0.106528439,0,0,0,0,0,0,8.52939224,8.08860207,0,0,0,0,168,44893,0,0,0,,,,50
12148991,0.5,0,0,0.106528439,0,0,0,0,0,0,8.52939224,8.08649063,0,0,0,0,168,44893,0,0,0,,,,50
12150119,0.5,0,0,0.106528439,0,0,0,0,0,0,8.52939224,8.08860207,0,0,0,0,168,44893,0,0,0,,,,50
12151246,0.5,0,0,0.106528439,0,0,0,0,0,0,8.53240585,8.08860207,0,0,0,0,168,44893,0,0,0,,,,50
12152379,0.5,0,0,0.106528439,0,0,0,0,0,0,8.52939224,8.08860207,0,0,0,0,168,44893,0,0,0,,,,50
12153506,0.5,0,0,0.106528439,0,0,0,0,0,0,8.52939224,8.08860207,0,0,0,0,168,44893,0,0,0,,,,50
12154634,0.5,0,0,0.106528439,0,0,0,0,0,0,8.52637863,8.08649063,0,0,0,0,168,44893,0,0,0,,,,50
12155762,0.5,0,0,0.106528439,0,0,0,0,0,0,8.53240585,8.08860207,0,0.00714798551,0,0,168,44893,0,0,0,,,,50
12156889,0.5,0,0,0.106528439,0,0,0,0,0,0,8.52939224,8.08860207,0,0,0,0,168,44893,0,0,0,,,,50
12158022,0.5,0,0,0.106528439,0,0,0,0,0,0,8.52939224,8.08649063,0,0,0,0,168,44893,0,0,0,,,,50
12159149,0.5,0,0,0.106528439,0,0,0,0,0,0,8.52939224,8.08649063,0,0,0,0,168,44893,0,0,0,,,,50
12160277,0.5,0,0,0.106528439,0,0,0,0,0,0,8.52939224,8.08649063,0,0,0,0,169,44893,0,0,0,,,,50
12161405,0.5,0,0,0.106528439,0,0,0,0,0,0,8.52939224,8.08860207,0,0,0,0,169,44893,0,0,0,,,,50
12162533,0.5,0,0,0.106528439,0,0,0,0,0,0,8.52939224,8.08860207,0,0,0,0,169,44893,0,0,0,,,,50
12163660,0.5,0,0,0.106528439,0,0,0,0,0,0,8.52939224,8.08860207,0,0,0,0,169,44893,0,0,0,,,,50
12164793,0.5,0,0,0.106528439,0,0,0,0,0,0,8.52939224,8.08649063,0,0,0,0,169,44893,0,0,0,,,,50
12165921,0.5,0,0,0.106528439,0,0,0,0,0,0,8.53240585,8.08860207,0,0,0,0,169,44893,0,0,0,,,,50
12167252,0.5,0,0,0.106528439,0,0,0,0,0,0,8.52939224,8.08649063,0,0,0,0,169,44893,0,0,0,,,,50
12168380,0.5,0,0,0.106528439,0,0,0,0,0,0,8.52939224,8.08860207,0,0,0,0,169,44893,0,0,0,,,,50
12169508,0.5,0,0,0.106528439,0,0,0,0,0,0,8.52939224,8.08649063,0,0,0,0,169,44893,0,0,0,,,,50
12170640,0.5,0,0,0.106528439,0,0,0,0,0,0,8.52939224,8.08860207,0,0,0,0,169,44893,0,0,0,,,,50
12171768,0.5,0,0,0.106528439,0,0,0,0,0,0,8.52939224,8.08860207,0,0,0,0,169,44893,0,0,0,,,,50
12172896,0.5,0,0,0.106528439,0,0,0,0,0,0,8.53240585,8.08860207,0,0,0,0,169,44893,0,0,0,,,,50
12174024,0.5,0,0,0.106528439,0,0,0,0,0,0,8.52939224,8.08649063,0,0,0,0,169,44893,0,0,0,,,,50
12175151,0.5,0,0,0.106528439,0,0,0,0,0,0,8.52939224,8.08860207,0,0,0,0,169,44893,0,0,0,,,,50
12176279,0.5,0,0,0.106528439,0,0,0,0,0,0,8.52939224,8.0843792,0,0,0,0,169,44893,0,0,0,,,,50
12177412,0.5,0,0,0.106528439,0,0,0,0,0,0,8.52939224,8.08860207,0,0,0,0,169,44893,0,0,0,,,,50
12178539,0.5,0,0,0.106528439,0,0,0,0,0,0,8.52939224,8.0907135,0,0,0,0,169,44893,0,0,0,,,,50
12179667,0.5,0,0,0.106528439,0,0,0,0,0,0,8.52939224,8.08649063,0,0,0,0,169,44893,0,0,0,,,,50
12180795,0.5,0,0,0.106528439,0,0,0,0,0,0,8.52939224,8.08860207,0,0,0,0,169,44893,0,0,0,,,,50
12181922,0.5,0,0,0.106528439,0,0,0,0,0,0,8.52939224,8.08649063,0,0,0,0,169,44893,0,0,0,,,,50
12183050,0.5,0,0,0.106528439,0,0,0,0,0,0,8.52939224,8.08860207,0,0,0,0,169,44893,0,0,0,,,,50
12184182,0.5,0,0,0.106528439,0,0,0,0,0,0,8.52939224,8.08860207,0,0,0,0,169,44893,0,0,0,,,,50
12185310,0.5,0,0,0.106528439,0,0,0,0,0,0,8.52939224,8.08860207,0,0,0,0,169,44893,0,0,0,,,,50
12186438,0.5,0,0,0.106528439,0,0,0,0,0,0,8.53240585,8.08860207,0,0,0,0,169,44893,0,0,0,,,,50
12187770,0.5,0,0,0.106528439,0,0,0,0,0,0,8.52939224,8.08649063,0,0,0,0,169,44893,0,0,0,,,,50
12188898,0.5,0,0,0.106528439,0,0,0,0,0,0,8.52939224,8.08860207,0,0,0,0,169,44893,0,0,0,,,,50
12190030,0.5,0,0,0.106528439,0,0,0,0,0,0,8.52939224,8.08860207,0,0,0,0,169,44893,0,0,0,,,,50
12191158,0.5,1,0,0.106528439,0.00805860758,0,0,0,0,0,8.52939224,8.08860207,0,0,0,0,169,44893,0,0,0,,,,50
12192285,0.5,0,0,0.106528439,0,0,0,0,0,0,8.52939224,8.08860207,0,0,0,0,169,44893,0,0,0,,,,50
12193413,0.5,0,0,0.106528439,0,0,0,0,0,0,8.52939224,8.08649063,0,0,0,0,169,44893,0,0,0,,,,50
12194541,0.5,0,0,0.106528439,0,0,0,0,0,0,8.53240585,8.08860207,0,0,0,0,169,44893,0,0,0,,,,50
12195669,0.5,0,0,0.106528439,0,0,0,0,0,0,8.52939224,8.08649063,0,0,0,0,169,52348,0,0,0,,,,50
12196801,0.5,0,0,0.0827084184,0,0,0,0,0,0,8.52939224,8.08649063,0,0,0,0,169,52348,0,0,0,,,,50
12197929,0.5,0,0,0.0827084184,0,0,0,0,0,0,8.52939224,8.08649063,0,0,0,0,169,52348,0,0,0,,,,50
12199057,0.5,0,0,0.0827084184,0,0,0,0,0,0,8.52939224,8.08860207,0,0,0,0,170,52348,0,0,0,,,,50
12200184,0.5,0,0,0.0827084184,0,0,0,0,0,0,8.52939224,8.08860207,0,0,0,0,170,52348,0,0,0,,,,50
12201312,0.5,0,0,0.0827084184,0,0,0,0,0,0,8.52939224,8.08860207,0,0,0,0,170,52348,0,0,0,,,,50
12202445,0.5,0,0,0.0827084184,0,0,0,0,0,0,8.52939224,8.08860207,0,0,0,0,170,52348,0,0,0,,,,50
12203572,0.5,0,0,0.0827084184,0,0,0,0,0,0,8.52939224,8.08649063,0,0,0,0,170,52348,0,0,0,,,,50
12204700,0.5,0,0,0.0827084184,0,0,0,0,0,0,8.52939224,8.08860207,0,0,0,0,170,52348,0,0,0,,,,50
12205828,0.5,0,0,0.0827084184,0,0,0,0,0,0,8.52939224,8.08860207,0,0,0,0,170,52348,0,0,0,,,,50
12206956,0.5,0,0,0.0827084184,0,0,0,0,0,0,8.52939224,8.08860207,0,0,0,0,170,52348,0,0,0,,,,50
12208083,0.5,0,0,0.0827084184,0,0,0,0,0,0,8.52939224,8.08860207,0,0,0,0,170,52348,0,0,0,,,,50
12209420,0.5,0,0,0.0827084184,0,0,0,0,0,0,8.52939224,8.08649063,0,0,0,0,170,52348,0,0,0,,,,50
12210547,0.5,0,0,0.0827084184,0,0,0,0,0,0,8.52939224,8.08860207,0,0,0,0,170,52348,0,0,0,,,,50
12211675,0.5,0,0,0.0827084184,0,0,0,0,0,0,8.52939224,8.08649063,0,0,0,0,170,52348,0,0,0,,,,50
12212803,0.5,0,0,0.0827084184,0,0,0,0,0,0,8.52939224,8.08860207,0,0,0,0,170,52348,0,0,0,,,,50
12213931,0.5,0,0,0.0827084184,0,0,0,0,0,0,8.52939224,8.08860207,0,0,0,0,170,52348,0,0,0,,,,50
12215063,0.5,0,0,0.0827084184,0,0,0,0,0,0,8.52939224,8.08649063,0,0,0,0,170,52348,0,0,0,,,,50
12216191,0.5,0,0,0.0827084184,0,0,0,0,0,0,8.52939224,8.08649063,0,0,0,0,170,52348,0,0,0,,,,50
12217319,0.5,0,0,0.0827084184,0,0,0,0,0,0,8.52939224,8.08860207,0,0,0,0,170,52348,0,0,0,,,,50
12218446,0.5,0,0,0.0827084184,0,0,0,0,0,0,8.52939224,8.08860207,0,0,0,0,170,52348,0,0,0,,,,50
12219574,0.5,0,0,0.0827084184,0,0,0,0,0,0,8.52939224,8.08860207,0,0,0,0,170,52348,0,0,0,,,,50
12220702,0.5,0,0,0.0827084184,0,0,0,0,0,0,8.52939224,8.08860207,0,0,0,0,170,52348,0,0,0,,,,50
12221834,0.5,0,0,0.0827084184,0,0,0,0,0,0,8.52939224,8.08649063,0,0,0,0,170,52348,0,0,0,,,,50
12222962,0.5,0,0,0.0827084184,0,0,0,0,0,0,8.52939224,8.08649063,0,0,0,0,170,52348,0,0,0,,,,50
12224090,0.5,0,0,0.0827084184,0,0,0,0,0,0,8.52939224,8.08649063,0,0,0,0,170,52348,0,0,0,,,,50
12225218,0.5,0,0,0.0827084184,0,0,0,0,0,0,8.53240585,8.08860207,0,0,0,0,170,52348,0,0,0,,,,50
12226345,0.5,0,0,0.0827084184,0,0,0,0,0,0,8.52939224,8.08649063,0,0,0,0,170,52348,0,0,0,,,,50
12227478,0.5,0,0,0.0827084184,0,0,0,0,0,0,8.52939224,8.08860207,0,0,0,0,170,52348,0,0,0,,,,50
12228605,0.5,0,0,0.0827084184,0,0,0,0,0,0,8.53240585,8.08860207,0,0,0,0,170,52348,0,0,0,,,,50
12229937,0.5,0,0,0.0827084184,0,0,0,0,0,0,8.52939224,8.08860207,0,0,0,0,170,52348,0,0,0,,,,50
12231065,0.5,0,0,0.0827084184,0,0,0,0,0,0,8.52939224,8.08860207,0,0,0,0,170,52348,0,0,0,,,,50
12232193,0.5,0,0,0.0827084184,0,0,0,0,0,0,8.52939224,8.08860207,0,0,0,0,170,52348,0,0,0,,,,50
12233320,0.5,0,0,0.0827084184,0,0,0,0,0,0,8.52939224,8.08860207,0,0,0,0,170,52348,0,0,0,,,,50
12234453,0.5,0,0,0.0827084184,0,0,0,0,0,0,8.52939224,8.08860207,0,0,0,0,170,52348,0,0,0,,,,50
12235581,0.5,0,0,0.0827084184,0,0,0,0,0,0,8.52939224,8.08860207,0,0,0,0,170,52348,0,0,0,,,,50
12236708,0.5,0,0,0.0827084184,0,0,0,0,0,0,8.52939224,8.08649063,0,0,0,0,170,52348,0,0,0,,,,50
12237836,0.5,0,0,0.0827084184,0,0,0,0,0,0,8.52939224,8.08649063,0,0,0,0,170,52348,0,0,0,,,,50
12238964,0.5,0,0,0.0827084184,0,0,0,0,0,0,8.52939224,8.08860207,0,0,0,0,170,52348,0,0,0,,,,50
12240092,0.5,0,0,0.0827084184,0,0,0,0,0,0,8.52939224,8.08860207,0,0,0,0,170,52348,0,0,0,,,,50
12241224,0.5,0,0,0.0827084184,0,0,0,0,0,0,8.52939224,8.08860207,0,0,0,0,170,52348,0,0,0,,,,50
12242352,0.5,0,0,0.0827084184,0,0,0,0,0,0,8.52939224,8.08860207,0,0,0,0,170,52348,0,0,0,,,,50
12243480,0.5,0,0,0.0827084184,0,0,0,0,0,0,8.52939224,8.08860207,0,0,0,0,170,52348,0,0,0,,,,50
12244607,0.5,0,0,0.0827084184,0,0,0,0,0,0,8.52939224,8.08860207,0,0,0,0,170,52348,0,0,0,,,,50
12245735,0.5,0,0,0.0827084184,0,0,0,0,0,0,8.52939224,8.08860207,0,0,0,0,170,52348,0,0,0,,,,50
12246868,0.5,0,0,0.0827084184,0,0,0,0,0,0,8.53240585,8.08860207,0,0,0,0,170,52348,0,0,0,,,,50
12247995,0.5,0,0,0.0827084184,0,0,0,0,0,0,8.52939224,8.08860207,0,0,0,0,170,52348,0,0,0,,,,50
12249123,0.5,0,0,0.0827084184,0,0,0,0,0,0,8.52939224,8.08649063,0,0,0,0,170,52348,0,0,0,,,,50
12250251,0.5,0,0,0.0827084184,0,0,0,0,0,0,8.52939224,8.08860207,0,0,0,0,170,52348,0,0,0,,,,50
12251582,0.5,0,0,0.0827084184,0,0,0,0,0,0,8.52939224,8.08860207,0,0,0,0,170,52348,0,0,0,,,,50
12252710,0.5,0,0,0.0827084184,0,0,0,0,0,0,8.52939224,8.08649063,0,0,0,0,170,52348,0,0,0,,,,50
12253842,0.5,0,0,0.0827084184,0,0,0,0,0,0,8.52939224,8.08860207,0,0,0,0,170,52348,0,0,0,,,,50
12254970,0.5,0,0,0.0827084184,0,0,0,0,0,0,8.52939224,8.08649063,0,0,0,0,170,52348,0,0,0,,,,50
12256097,0.5,0,0,0.0827084184,0,0,0,0,0,0,8.52939224,8.08860207,0,0,0,0,170,52348,0,0,0,,,,50
12257225,0.5,0,0,0.0827084184,0,0,0,0,0,0,8.52939224,8.08649063,0,0,0,0,170,52348,0,0,0,,,,50
12258353,0.5,0,0,0.0827084184,0,0,0,0,0,0,8.52637863,8.08860207,0,0,0,0,170,52348,0,0,0,,,,50
12259485,0.5,0,0,0.0827084184,0,0,0,0,0,0,8.52939224,8.08860207,0,0,0,0,170,52348,0,0,0,,,,50
12260613,0.5,0,0,0.0827084184,0,0,0,0,0,0,8.52939224,8.08860207,0,0,0,0,171,52348,0,0,0,,,,50
12261741,0.5,0,0,0.0827084184,0,0,0,0,0,0,8.53240585,8.08860207,0,0,0,0,171,52348,0,0,0,,,,50
12262868,0.5,0,0,0.0827084184,0,0,0,0,0,0,8.53240585,8.08649063,0,0,0,0,171,52348,0,0,0,,,,50
12263996,0.5,0,0,0.0827084184,0,0,0,0,0,0,8.53240585,8.08860207,0,0,0,0,171,52348,0,0,0,,,,50
12265124,0.5,0,0,0.0827084184,0,0,0,0,0,0,8.52939224,8.08860207,0,0,0,0,171,52348,0,0,0,,,,50
12266256,0.5,0,0,0.0827084184,0,0,0,0,0,0,8.52939224,8.08860207,0,0,0,0,171,52348,0,0,0,,,,50
12267384,0.5,0,0,0.0827084184,0,0,0,0,0,0,8.52939224,8.08860207,0,0,0,0,171,52348,0,0,0,,,,50
12268512,0.5,0,0,0.0827084184,0,0,0,0,0,0,8.52939224,8.08860207,0,0,0,0,171,52348,0,0,0,,,,50
12269639,0.5,0,0,0.0827084184,0,0,0,0,0,0,8.52939224,8.08860207,0,0,0,0,171,52348,0,0,0,,,,50
12270767,0.5,0,0,0.0827084184,0,0,0,0,0,0,8.52939224,8.08860207,0,0,0,0,171,52348,0,0,0,,,,50
12272104,0.5,0,0,0.0827084184,0,0,0,0,0,0,8.52939224,8.08860207,0,0,0,0,171,52348,0,0,0,,,,50
12273231,0.5,0,0,0.0827084184,0,0,0,0,0,0,8.52939224,8.08860207,0,0,0,0,171,52348,0,0,0,,,,50
12274359,0.5,0,0,0.0827084184,0,0,0,0,0,0,8.53240585,8.08860207,0,0,0,0,171,52348,0,0,0,,,,50
12275487,0.5,0,0,0.0827084184,0,0,0,0,0,0,8.52939224,8.08860207,0,0,0,0,171,52348,0,0,0,,,,50
12276615,0.5,0,0,0.0827084184,0,0,0,0,0,0,8.52637863,8.08649063,0,0,0,0,171,52348,0,0,0,,,,50
12277742,0.5,0,0,0.0827084184,0,0,0,0,0,0,8.52939224,8.08649063,0,0,0,0,171,52348,0,0,0,,,,50
12278875,0.5,0,0,0.0827084184,0,0,0,0,0,0,8.52939224,8.08649063,0,0,0,0,171,52348,0,0,0,,,,50
12280002,0.5,0,0,0.0827084184,0,0,0,0,0,0,8.52939224,8.08860207,0,0,0,0,171,52348,0,0,0,,,,50
12281130,0.5,0,0,0.0827084184,0,0,0,0,0,0,8.52939224,8.08649063,0,0,0,0,171,52348,0,0,0,,,,50
12282258,0.5,0,0,0.0827084184,0,0,0,0,0,0,8.52939224,8.08860207,0,0,0,0,171,52348,0,0,0,,,,50
12283386,0.5,0,0,0.0827084184,0,0,0,0,0,0,8.52939224,8.08860207,0,0,0,0,171,52348,0,0,0,,,,50
12284513,0.5,0,0,0.0827084184,0,0,0,0,0,0,8.52939224,8.08860207,0,0,0,0,171,52348,0,0,0,,,,50
12285646,0.5,0,0,0.0827084184,0,0,0,0,0,0,8.52939224,8.08860207,0,0,0,0,171,52348,0,0,0,,,,50
12286774,0.5,0,0,0.0827084184,0,0,0,0,0,0,8.53542042,8.08860207,0,0.00714798551,0,0,171,52348,0,0,0,,,,50
12287901,0.5,0,0,0.0827084184,0,0,0,0,0,0,8.52939224,8.08860207,0,0,0,0,171,52348,0,0,0,,,,50
12289029,0.5,0,0,0.0827084184,0,0,0,0,0,0,8.52939224,8.08649063,0,0.00714798551,0,0,171,52348,0,0,0,,,,50
12290156,0.5,0,0,0.0827084184,0,0,0,0,0,0,8.53240585,8.08860207,0,0,0,0,171,52348,0,0,0,,,,50
12291288,0.5,0,0,0.0827084184,0,0,0,0,0,0,8.52939224,8.08649063,0,0,0,0,171,52348,0,0,0,,,,50
12292416,0.5,0,0,0.0827084184,0,0,0,0,0,0,8.52939224,8.08860207,0,0,0,0,171,52348,0,0,0,,,,50
12293748,0.5,0,0,0.0827084184,0,0,0,0,0,0,8.52939224,8.08649063,0,0,0,0,171,52348,0,0,0,,,,50
12294875,0.5,0,0,0.0827084184,0,0,0,0,0,0,8.52939224,8.08649063,0,0,0,0,171,52348,0,0,0,,,,50
12296003,0.5,0,0,0.0827084184,0,0,0,0,0,0,8.52939224,8.08649063,0,0,0,0,171,52348,0,0,0,,,,50
12297131,0.5,0,0,0.0827084184,0,0,0,0,0,0,8.52939224,8.08860207,0,0,0,0,171,52348,0,0,0,,,,50
12298263,0.5,0,0,0.0827084184,0,0,0,0,0,0,8.52939224,8.08860207,0,0,0,0,171,52348,0,0,0,,,,50
12299391,0.5,0,0,0.0827084184,0,0,0,0,0,0,8.52939224,8.08860207,0,0,0,0,171,52348,0,0,0,,,,50
12300519,0.5,0,0,0.0827084184,0,0,0,0,0,0,8.52939224,8.08860207,0,0,0,0,171,52348,0,0,0,,,,50
12301646,0.5,0,0,0.0827084184,0,0,0,0,0,0,8.52939224,8.08649063,0,0,0,0,171,52348,0,0,0,,,,50
12302774,0.5,0,0,0.0827084184,0,0,0,0,0,0,8.52939224,8.08649063,0,0,0,0,171,52348,0,0,0,,,,50
12303907,0.5,0,0,0.0827084184,0,0,0,0,0,0,8.52637863,8.08649063,0,0,0,0,171,52348,0,0,0,,,,50
12305034,0.5,0,0,0.0827084184,0,0,0,0,0,0,8.52939224,8.08860207,0,0,0,0,171,52348,0,0,0,,,,50
12306162,0.5,0,0,0.0827084184,0,0,0,0,0,0,8.53240585,8.08649063,0,0,0,0,171,52348,0,0,0,,,,50
12307290,0.5,0,0,0.0827084184,0,0,0,0,0,0,8.52939224,8.08860207,0,0,0,0,171,52348,0,0,0,,,,50
12308417,0.5,0,0,0,0,0,0,0,0,0,8.52939224,8.08860207,0,0,0,0,171,0,0,0,0,,,,50
12309545,0.5,0,0,0,0,0,0,0,0,0,8.52939224,8.08860207,0,0,0,0,171,0,0,0,0,,,,50
12310677,0.5,0,0,0,0,0,0,0,0,0,8.52939224,8.08860207,0,0,0,0,171,0,0,0,0,,,,50
12311804,0.5,0,0,0,0,0,0,0,0,0,8.52939224,8.08860207,0,0,0,0,171,0,0,0,0,,,,50
12312931,0.5,0,0,0,0,0,0,0,0,0,8.52939224,8.08860207,0,0,0,0,171,0,0,0,0,,,,50
12314263,0.5,0,0,0,0,0,0,0,0,0,8.52939224,8.08649063,0,0,0,0,171,0,0,0,0,,,,50
12315390,0.5,0,0,0,0,0,0,0,0,0,8.53240585,8.08860207,0,0.00714798551,0,0,171,0,0,0,0,,,,50
12316522,0.5,0,0,0,0,0,0,0,0,0,8.53240585,8.08860207,0,0,0,0,171,0,0,0,0,,,,50
12317649,0.5,0,0,0,0,0,0,0,0,0,8.52939224,8.08860207,0,0,0,0,171,0,0,0,0,,,,50
12318777,0.5,0,0,0,0,0,0,0,0,0,8.52939224,8.08860207,0,0.00714798551,0,0,171,0,0,0,0,,,,50
12319904,0.5,0,0,0,0,0,0,0,0,0,8.52637863,8.08649063,0,0,0,0,171,0,0,0,0,,,,50
12321031,0.5,0,0,0,0,0,0,0,0,0,8.53240585,8.08860207,0,0,0,0,171,0,0,0,0,,,,50
12322158,0.5,0,0,0,0,0,0,0,0,0,8.52939224,8.08649063,0,0,0,0,171,0,0,0,0,,,,50
12323291,0.5,0,0,0,0,0,0,0,0,0,8.52939224,8.08860207,0,0,0,0,171,0,0,0,0,,,,50
12324418,0.5,0,0,0,0,0,0,0,0,0,8.52939224,8.08860207,0,0,0,0,171,0,0,0,0,,,,50
12325545,0.5,0,0,0,0,0,0,0,0,0,8.52939224,8.08860207,0,0,0,0,171,0,0,0,0,,,,50
12326672,0.5,0,0,0,0,0,0,0,0,0,8.52637863,8.08860207,0,0,0,0,171,0,0,0,0,,,,50
12327800,0.5,0,0,0,0,0,0,0,0,0,8.52939224,8.08860207,0,0,0,0,171,0,0,0,0,,,,50
12328927,0.5,0,0,0,0,0,0,0,0,0,8.52939224,8.08860207,0,0,0,0,171,0,0,0,0,,,,50
12330059,0.5,0,0,0,0,0,0,0,0,0,8.52939224,8.0907135,0,0,0,0,171,0,0,0,0,,,,50
12331186,0.5,0,0,0,0,0,0,0,0,0,8.52939224,8.08860207,0,0,0,0,171,0,0,0,0,,,,50
12332313,0.5,0,0,0,0,0,0,0,0,0,8.52939224,8.08860207,0,0,0,0,170,0,0,0,0,,,,50
12333441,0.5,0,0,0,0,0,0,0,0,0,8.52939224,8.08860207,0,0,0,0,170,0,0,0,0,,,,50
12334772,0.5,0,0,0,0,0,0,0,0,0,8.52637863,8.08649063,0,0,0,0,170,0,0,0,0,,,,50
12335904,0.5,0,0,0,0,0,0,0,0,0,8.53240585,8.08649063,0,0,0,0,170,0,0,0,0,,,,50
12337031,0.5,0,0,0,0,0,0,0,0,0,8.52939224,8.08860207,0,0,0,0,170,0,0,0,0,,,,50
12338158,0.5,0,0,0,0,0,0,0,0,0,8.52939224,8.08860207,0,0,0,0,170,0,0,0,0,,,,50
12339286,0.5,0,0,0,0,0,0,0,0,0,8.52939224,8.08860207,0,0,0,0,170,0,0,0,0,,,,50
12340413,0.5,0,0,0,0,0,0,0,0,0,8.52939224,8.08860207,0,0,0,0,170,0,0,0,0,,,,50
12341541,0.5,0,0,0,0,0,0,0,0,0,8.53240585,8.08860207,0,0,0,0,170,0,0,0,0,,,,50
12342673,0.5,0,0,0,0,0,0,0,0,0,8.52939224,8.08860207,0,0,0,0,170,0,0,0,0,,,,50
12343800,0.5,0,0,0,0,0,0,0,0,0,8.52939224,8.08860207,0,0,0,0,170,0,0,0,0,,,,50
12344927,0.5,0,0,0,0,0,0,0,0,0,8.52939224,8.08649063,0,0,0,0,170,0,0,0,0,,,,50
12346055,0.5,0,0,0,0,0,0,0,0,0,8.52939224,8.08860207,0,0,0,0,170,0,0,0,0,,,,50
12347182,0.5,0,0,0,0,0,0,0,0,0,8.53240585,8.08860207,0,0,0,0,170,0,0,0,0,,,,50
12348314,0.5,0,0,0,0,0,0,0,0,0,8.52939224,8.08860207,0,0,0,0,170,0,0,0,0,,,,50
12349442,0.5,0,0,0,0,0,0,0,0,0,8.53240585,8.08860207,0,0,0,0,170,0,0,0,0,,,,50
12350569,0.5,0,0,0,0,0,0,0,0,0,8.52939224,8.08860207,0,0,0,0,170,0,0,0,0,,,,50
12351696,0.5,0,0,0,0,0,0,0,0,0,8.53240585,8.08860207,0,0,0,0,170,0,0,0,0,,,,50
12352824,0.5,0,0,0,0,0,0,0,0,0,8.52939224,8.08860207,0,0,0,0,170,0,0,0,0,,,,50
12353951,0.5,0,0,0,0,0,0,0,0,0,8.52939224,8.08860207,0,0,0,0,170,0,0,0,0,,,,50
12355083,0.5,0,0,0,0,0,0,0,0,0,8.52939224,8.08860207,0,0,0,0,170,0,0,0,0,,,,50
12356415,0.5,0,0,0,0,0,0,0,0,0,8.52939224,8.08860207,0,0,0,0,170,0,0,0,0,,,,50
12357542,0.5,0,0,0,0,0,0,0,0,0,8.53240585,8.08649063,0,0,0,0,170,0,0,0,0,,,,50
12358670,0.5,0,0,0,0,0,0,0,0,0,8.52939224,8.08860207,0,0,0,0,170,0,0,0,0,,,,50
12359797,0.5,0,0,0,0,0,0,0,0,0,8.52939224,8.08649063,0,0,0,0,170,0,0,0,0,,,,50
12360929,0.5,0,0,0,0,0,0,0,0,0,8.52939224,8.08649063,0,0,0,0,170,0,0,0,0,,,,50
12362057,0.5,0,0,0,0,0,0,0,0,0,8.53240585,8.08860207,0,0,0,0,170,0,0,0,0,,,,50
12363184,0.5,0,0,0,0,0,0,0,0,0,8.52939224,8.08860207,0,0,0,0,170,0,0,0,0,,,,50
12364312,0.5,0,0,0,0,0,0,0,0,0,8.52939224,8.08649063,0,0,0,0,170,0,0,0,0,,,,50
12365439,0.5,0,0,0,0,0,0,0,0,0,8.52939224,8.08649063,0,0,0,0,170,0,0,0,0,,,,50
12366567,0.5,0,0,0,0,0,0,0,0,0,8.52939224,8.08860207,0,0,0,0,170,0,0,0,0,,,,50
12367699,0.5,0,0,0,0,0,0,0,0,0,8.52939224,8.08860207,0,0,0,0,170,0,0,0,0,,,,50
12368826,0.5,0,0,0,0,0,0,0,0,0,8.53240585,8.08860207,0,0,0,0,170,0,0,0,0,,,,50
12369954,0.5,0,0,0,0,0,0,0,0,0,8.52637863,8.08860207,0,0,0,0,170,0,0,0,0,,,,50
12371081,0.5,0,0,0,0,0,0,0,0,0,8.52939224,8.08860207,0,0,0,0,170,0,0,0,0,,,,50
12372209,0.5,0,0,0,0,0,0,0,0,0,8.52939224,8.08860207,0,0,0,0,170,0,0,0,0,,,,50
12373341,0.5,0,0,0,0,0,0,0,0,0,8.53240585,8.08860207,0,0,0,0,170,0,0,0,0,,,,50
12374468,0.5,0,0,0,0,0,0,0,0,0,8.53240585,8.08860207,0,0,0,0,170,0,0,0,0,,,,50
12375596,0.5,0,0,0,0,0,0,0,0,0,8.52939224,8.08860207,0,0,0,0,170,0,0,0,0,,,,50
12376927,0.5,0,0,0,0,0,0,0,0,0,8.52939224,8.08860207,0,0,0,0,170,0,0,0,0,,,,50
12378054,0.5,0,0,0,0,0,0,0,0,0,8.52939224,8.08860207,0,0,0,0,170,0,0,0,0,,,,50
12379181,0.5,0,0,0,0,0,0,0,0,0,8.52939224,8.08860207,0,0,0,0,170,0,0,0,0,,,,50
12380313,0.5,0,0,0,0,0,0,0,0,0,8.53240585,8.08860207,0,0,0,0,170,0,0,0,0,,,,50
12381440,0.5,0,0,0,0,0,0,0,0,0,8.52939224,8.08860207,0,0,0,0,170,0,0,0,0,,,,50
12382567,0.5,0,0,0,0,0,0,0,0,0,8.53240585,8.08649063,0,0,0,0,170,0,0,0,0,,,,50
12383695,0.5,0,0,0,0,0,0,0,0,0,8.53240585,8.08860207,0,0,0,0,170,0,0,0,0,,,,50
12384822,0.5,0,0,0,0,0,0,0,0,0,8.53240585,8.08860207,0,0,0,0,170,0,0,0,0,,,,50
12385949,0.5,0,0,0,0,0,0,0,0,0,8.52939224,8.08860207,0,0,0,0,170,0,0,0,0,,,,50
12387082,0.5,0,0,0,0,0,0,0,0,0,8.52939224,8.08860207,0,0,0,0,170,0,0,0,0,,,,50
12388209,0.5,0,0,0,0,0,0,0,0,0,8.52939224,8.08649063,0,0,0,0,170,0,0,0,0,,,,50
12389337,0.5,0,0,0,0,0,0,0,0,0,8.52939224,8.08649063,0,0,0,0,170,0,0,0,0,,,,50
12390464,0.5,0,0,0,0,0,0,0,0,0,8.52939224,8.08860207,0,0,0,0,170,0,0,0,0,,,,50
12391591,0.5,0,0,0,0,0,0,0,0,0,8.52939224,8.08649063,0,0,0,0,170,0,0,0,0,,,,50
12392724,0.5,0,0,0,0,0,0,0,0,0,8.52939224,8.08860207,0,0,0,0,170,0,0,0,0,,,,50
12393851,0.5,0,0,0,0,0,0,0,0,0,8.53240585,8.08860207,0,0,0,0,170,0,0,0,0,,,,50
12394978,0.5,0,0,0,0,0,0,0,0,0,8.52939224,8.08860207,0,0,0,0,170,0,0,0,0,,,,50
12396106,0.5,0,0,0,0,0,0,0,0,0,8.53240585,8.08860207,0,0,0,0,170,0,0,0,0,,,,50
12397233,0.5,0,0,0,0,0,0,0,0,0,8.53240585,8.08860207,0,0,0,0,170,0,0,0,0,,,,50
12398564,0.5,0,0,0,0,0,0,0,0,0,8.52939224,8.08860207,0,0,0,0,170,0,0,0,0,,,,50
12399696,0.5,0,0,0,0,0,0,0,0,0,8.53240585,8.08860207,0,0,0,0,170,0,0,0,0,,,,50
12400823,0.5,0,0,0,0,0,0,0,0,0,8.52939224,8.08860207,0,0,0,0,170,0,0,0,0,,,,50
12401950,0.5,0,0,0,0,0,0,0,0,0,8.53240585,8.08649063,0,0,0,0,170,0,0,0,0,,,,50
12403077,0.5,0,0,0,0,0,0,0,0,0,8.52939224,8.08649063,0,0,0,0,170,0,0,0,0,,,,50
12404204,0.5,0,0,0,0,0,0,0,0,0,8.52939224,8.08860207,0,0,0,0,170,0,0,0,0,,,,50
12405336,0.5,0,0,0,0,0,0,0,0,0,8.52637863,8.08860207,0,0,0,0,170,0,0,0,0,,,,50
12406463,0.5,0,0,0,0,0,0,0,0,0,8.52939224,8.08860207,0,0,0,0,170,0,0,0,0,,,,50
12407591,0.5,0,0,0,0,0,0,0,0,0,8.52939224,8.08860207,0,0,0,0,170,0,0,0,0,,,,50
12408718,0.5,0,0,0,0,0,0,0,0,0,8.53240585,8.08860207,0,0,0,0,170,0,0,0,0,,,,50
12409846,0.5,0,0,0,0,0,0,0,0,0,8.52939224,8.08860207,0,0,0,0,170,0,0,0,0,,,,50
12410973,0.5,0,0,0,0,0,0,0,0,0,8.53240585,8.08860207,0,0,0,0,170,0,0,0,0,,,,50
12412105,0.5,0,0,0,0,0,0,0,0,0,8.52939224,8.08649063,0,0,0,0,170,0,0,0,0,,,,50
12413233,0.5,0,0,0,0,0,0,0,0,0,8.53240585,8.08649063,0,0,0,0,170,0,0,0,0,,,,50
12414360,0.5,0,0,0,0,0,0,0,0,0,8.52939224,8.08860207,0,0,0,0,170,0,0,0,0,,,,50
12415488,0.5,0,0,0,0,0,0,0,0,0,8.52939224,8.08860207,0,0,0,0,170,0,0,0,0,,,,50
12416615,0.5,0,0,0,0,0,0,0,0,0,8.53240585,8.08649063,0,0,0,0,170,0,0,0,0,,,,50
12417747,0.5,0,0,0,0,0,0,0,0,0,8.52939224,8.08860207,0,0,0,0,170,0,0,0,0,,,,50
12419079,0.5,0,0,0,0,0,0,0,0,0,8.52939224,8.08860207,0,0,0,0,170,0,0,0,0,,,,50
12420206,0.5,0,0,0,0,0,0,0,0,0,8.53240585,8.08860207,0,0,0,0,170,0,0,0,0,,,,50
12421334,0.5,0,0,0,0,0,0,0,0,0,8.52939224,8.08860207,0,0,0,0,170,0,0,0,0,,,,50
12422461,0.5,0,0,0,0,0,0,0,0,0,8.52637863,8.08860207,0,0,0,0,170,0,0,0,0,,,,50
12423588,0.5,0,0,0,0,0,0,0,0,0,8.52939224,8.08860207,0,0,0,0,170,0,0,0,0,,,,50
12424719,0.5,0,0,0,0,0,0,0,0,0,8.52939224,8.08860207,0,0,0,0,170,0,0,0,0,,,,50
12425847,0.5,0,0,0,0,0,0,0,0,0,8.52939224,8.08860207,0,0,0,0,170,0,0,0,0,,,,50
12426974,0.5,0,0,0,0,0,0,0,0,0,8.52939224,8.08860207,0,0,0,0,170,0,0,0,0,,,,50
12428102,0.5,0,0,0,0,0,0,0,0,0,8.52939224,8.08860207,0,0,0,0,170,0,0,0,0,,,,50
12429229,0.5,0,0,0,0,0,0,0,0,0,8.53240585,8.08860207,0,0,0,0,170,0,0,0,0,,,,50
12430356,0.5,0,0,0,0,0,0,0,0,0,8.52939224,8.08860207,0,0,0,0,170,0,0,0,0,,,,50
12431488,0.5,0,0,0,0,0,0,0,0,0,8.52939224,8.08649063,0,0,0,0,170,0,0,0,0,,,,50
12432616,0.5,0,0,0,0,0,0,0,0,0,8.52939224,8.08860207,0,0,0,0,170,0,0,0,0,,,,50
12433743,0.5,0,0,0,0,0,0,0,0,0,8.52939224,8.08860207,0,0,0,0,170,0,0,0,0,,,,50
12434871,0.5,0,0,0,0,0,0,0,0,0,8.52939224,8.08860207,0,0,0,0,170,0,0,0,0,,,,50
12435998,0.5,0,0,0,0,0,0,0,0,0,8.52939224,8.08649063,0,0,0,0,170,0,0,0,0,,,,50
12437130,0.5,0,0,0,0,0,0,0,0,0,8.53240585,8.08860207,0,0,0,0,170,0,0,0,0,,,,50
12438257,0.5,0,0,0,0,0,0,0,0,0,8.52939224,8.08860207,0,0,0,0,170,0,0,0,0,,,,50
12439385,0.5,0,0,0,0,0,0,0,0,0,8.52939224,8.08860207,0,0,0,0,170,0,0,0,0,,,,50
12440716,0.5,0,0,0,0,0,0,0,0,0,8.52939224,8.08860207,0,0,0,0,170,0,0,0,0,,,,50
12441844,0.5,0,0,0,0,0,0,0,0,0,8.52939224,8.08860207,0,0,0,0,170,0,0,0,0,,,,50
12442971,0.5,0,0,0,0,0,0,0,0,0,8.52939224,8.08860207,0,0,0,0,170,0,0,0,0,,,,50
12444103,0.5,0,0,0,0,0,0,0,0,0,8.52939224,8.08860207,0,0,0,0,170,0,0,0,0,,,,50
12445230,0.5,0,0,0,0,0,0,0,0,0,8.52939224,8.08860207,0,0,0,0,170,0,0,0,0,,,,50
12446357,0.5,0,0,0,0,0,0,0,0,0,8.52939224,8.08860207,0,0,0,0,170,0,0,0,0,,,,50
12447485,0.5,0,0,0,0,0,0,0,0,0,8.52939224,8.08649063,0,0,0,0,170,0,0,0,0,,,,50
12448612,0.5,0,0,0,0,0,0,0,0,0,8.53240585,8.08860207,0,0,0,0,170,0,0,0,0,,,,50
12449744,0.5,0,0,0,0,0,0,0,0,0,8.52939224,8.08860207,0,0,0,0,170,0,0,0,0,,,,50
12450871,0.5,0,0,0,0,0,0,0,0,0,8.52939224,8.08649063,0,0,0,0,170,0,0,0,0,,,,50
12451998,0.5,0,0,0,0,0,0,0,0,0,8.52939224,8.08860207,0,0,0,0,170,0,0,0,0,,,,50
12453126,0.5,0,0,0,0,0,0,0,0,0,8.52939224,8.08860207,0,0,0,0,170,0,0,0,0,,,,50
12454253,0.5,0,0,0,0,0,0,0,0,0,8.52637863,8.08649063,0,0,0,0,170,0,0,0,0,,,,50
12455380,0.5,0,0,0,0,0,0,0,0,0,8.52939224,8.08649063,0,0,0,0,170,0,0,0,0,,,,50
12456512,0.5,0,0,0,0,0,0,0,0,0,8.52939224,8.08860207,0,0,0,0,170,0,0,0,0,,,,50
12457639,0.5,0,0,0,0,0,0,0,0,0,8.52939224,8.08649063,0,0,0,0,170,0,0,0,0,,,,50
12458766,0.5,0,0,0,0,0,0,0,0,0,8.52939224,8.08860207,0,0,0,0,170,0,0,0,0,,,,50
12459893,0.5,0,0,0,0,0,0,0,0,0,8.52939224,8.08860207,0,0,0,0,170,0,0,0,0,,,,50
12461224,0.5,0,0,0,0,0,0,0,0,0,8.52939224,8.08860207,0,0,0,0,170,0,0,0,0,,,,50
12462356,0.5,0,0,0,0,0,0,0,0,0,8.52939224,8.08860207,0,0,0,0,170,0,0,0,0,,,,50
12463483,0.5,0,0,0,0,0,0,0,0,0,8.53240585,8.08860207,0,0,0,0,170,0,0,0,0,,,,50
12464611,0.5,0,0,0,0,0,0,0,0,0,8.53240585,8.08860207,0,0,0,0,170,0,0,0,0,,,,50
12465738,0.5,0,0,0,0,0,0,0,0,0,8.52939224,8.08860207,0,0,0,0,170,0,0,0,0,,,,50
12466865,0.5,0,0,0,0,0,0,0,0,0,8.52637863,8.08860207,0,0,0,0,170,0,0,0,0,,,,50
12467992,0.5,0,0,0,0,0,0,0,0,0,8.52939224,8.08860207,0,0,0,0,170,0,0,0,0,,,,50
12469124,0.5,0,0,0,0,0,0,0,0,0,8.52939224,8.08860207,0,0,0,0,170,0,0,0,0,,,,50
12470252,0.5,0,0,0,0,0,0,0,0,0,8.53240585,8.08860207,0,0,0,0,170,0,0,0,0,,,,50
12471379,0.5,0,0,0,0,0,0,0,0,0,8.52939224,8.08860207,0,0,0,0,170,0,0,0,0,,,,50
12472506,0.5,0,0,0,0,0,0,0,0,0,8.52939224,8.08860207,0,0,0,0,170,0,0,0,0,,,,50
12473633,0.5,0,0,0,0,0,0,0,0,0,8.52939224,8.08649063,0,0,0,0,170,0,0,0,0,,,,50
12474761,0.5,0,0,0,0,0,0,0,0,0,8.52939224,8.08860207,0,0,0,0,170,0,0,0,0,,,,50
12475893,0.5,0,0,0,0,0,0,0,0,0,8.52939224,8.08860207,0,0,0,0,170,0,0,0,0,,,,50
12477020,0.5,0,0,0,0,0,0,0,0,0,8.52939224,8.08860207,0,0,0,0,170,0,0,0,0,,,,50
12478147,0.5,0,0,0,0,0,0,0,0,0,8.52637863,8.08649063,0,0,0,0,170,0,0,0,0,,,,50
12479275,0.5,0,0,0,0,0,0,0,0,0,8.52939224,8.08860207,0,0,0,0,170,0,0,0,0,,,,50
12480402,0.5,0,0,0,0,0,0,0,0,0,8.52939224,8.08860207,0,0,0,0,170,0,0,0,0,,,,50
12481534,0.5,0,0,0,0,0,0,0,0,0,8.53240585,8.08860207,0,0,0,0,170,0,0,0,0,,,,50
12482865,0.5,0,0,0,0,0,0,0,0,0,8.52939224,8.08860207,0,0,0,0,170,0,0,0,0,,,,50
12483993,0.5,0,0,0,0,0,0,0,0,0,8.52939224,8.08860207,0,0,0,0,170,0,0,0,0,,,,50
12485120,0.5,0,0,0,0,0,0,0,0,0,8.52939224,8.08860207,0,0,0,0,170,0,0,0,0,,,,50
12486247,0.5,0,0,0,0,0,0,0,0,0,8.52939224,8.08860207,0,0,0,0,170,0,0,0,0,,,,50
12487374,0.5,0,0,0,0,0,0,0,0,0,8.52939224,8.08860207,0,0,0,0,170,0,0,0,0,,,,50
12488506,0.5,0,0,0,0,0,0,0,0,0,8.52939224,8.08860207,0,0,0,0,170,0,0,0,0,,,,50
12489633,0.5,0,0,0,0,0,0,0,0,0,8.52939224,8.08649063,0,0,0,0,170,0,0,0,0,,,,50
12490761,0.5,0,0,0,0,0,0,0,0,0,8.52939224,8.08860207,0,0,0,0,170,0,0,0,0,,,,50
12491888,0.5,0,0,0,0,0,0,0,0,0,8.52939224,8.08649063,0,0,0,0,170,0,0,0,0,,,,50
12493015,0.5,0,0,0,0,0,0,0,0,0,8.52939224,8.08649063,0,0,0,0,170,0,0,0,0,,,,50
12494148,0.5,0,0,0,0,0,0,0,0,0,8.53240585,8.08860207,0,0,0,0,170,0,0,0,0,,,,50
12495275,0.5,0,0,0,0,0,0,0,0,0,8.52939224,8.08860207,0,0,0,0,171,0,0,0,0,,,,50
12496402,0.5,0,0,0,0,0,0,0,0,0,8.52939224,8.08860207,0,0,0,0,171,0,0,0,0,,,,50
12497529,0.5,0,0,0,0,0,0,0,0,0,8.52939224,8.08649063,0,0,0,0,171,0,0,0,0,,,,50
12498656,0.5,0,0,0,0,0,0,0,0,0,8.52939224,8.08860207,0,0,0,0,171,0,0,0,0,,,,50
12499783,0.5,0,0,0,0,0,0,0,0,0,8.52939224,8.0907135,0,0,0,0,171,0,0,0,0,,,,50
12500915,0.5,0,0,0,0,0,0,0,0,0,8.52939224,8.08860207,0,0,0,0,171,0,0,0,0,,,,50
12502043,0.5,0,0,0,0,0,0,0,0,0,8.52939224,8.08860207,0,0,0,0,171,0,0,0,0,,,,50
12503374,0.5,0,0,0,0,0,0,0,0,0,8.52939224,8.08860207,0,0,0,0,171,0,0,0,0,,,,50
12504501,0.5,0,0,0,0,0,0,0,0,0,8.52939224,8.08860207,0,0,0,0,171,0,0,0,0,,,,50
12505629,0.5,0,0,0,0,0,0,0,0,0,8.52939224,8.08649063,0,0,0,0,171,0,0,0,0,,,,50
12506760,0.5,0,0,0,0,0,0,0,0,0,8.52939224,8.08860207,0,0,0,0,171,0,0,0,0,,,,50
12507888,0.5,0,0,0,0,0,0,0,0,0,8.52939224,8.08860207,0,0,0,0,171,0,0,0,0,,,,50
12509015,0.5,0,0,0,0,0,0,0,0,0,8.52939224,8.08649063,0,0,0,0,171,0,0,0,0,,,,50
12510142,0.5,0,0,0,0,0,0,0,0,0,8.52939224,8.08649063,0,0,0,0,171,0,0,0,0,,,,50
12511269,0.5,0,0,0,0,0,0,0,0,0,8.53240585,8.08860207,0,0,0,0,171,0,0,0,0,,,,50
12512396,0.5,0,0,0,0,0,0,0,0,0,8.53240585,8.08860207,0,0,0,0,171,0,0,0,0,,,,50
12513528,0.5,0,0,0,0,0,0,0,0,0,8.52939224,8.08860207,0,0,0,0,171,0,0,0,0,,,,50
12514655,0.5,0,0,0,0,0,0,0,0,0,8.52939224,8.08649063,0,0,0,0,171,0,0,0,0,,,,50
12515782,0.5,0,0,0,0,0,0,0,0,0,8.53240585,8.08860207,0,0,0,0,171,0,0,0,0,,,,50
12516909,0.5,0,0,0,0,0,0,0,0,0,8.52939224,8.08860207,0,0,0,0,171,0,0,0,0,,,,50
12518036,0.5,0,0,0,0,0,0,0,0,0,8.52939224,8.08860207,0,0,0,0,171,0,0,0,0,,,,50
12519168,0.5,0,0,0,0,0,0,0,0,0,8.52939224,8.0907135,0,0,0,0,171,0,0,0,0,,,,50
12520295,0.5,0,0,0,0,0,0,0,0,0,8.52939224,8.08860207,0,0,0,0,171,0,0,0,0,,,,50
12521423,0.5,0,0,0,0,0,0,0,0,0,8.52939224,8.08860207,0,0,0,0,171,0,0,0,0,,,,50
12522550,0.5,0,0,0,0,0,0,0,0,0,8.52939224,8.08860207,0,0,0,0,171,0,0,0,0,,,,50
12523881,0.5,0,0,0,0,0,0,0,0,0,8.53240585,8.08860207,0,0,0,0,171,0,0,0,0,,,,50
12525008,0.5,0,0,0,0,0,0,0,0,0,8.53240585,8.08860207,0,0,0,0,171,0,0,0,0,,,,50
12526140,0.5,0,0,0,0,0,0,0,0,0,8.52939224,8.08860207,0,0,0,0,171,0,0,0,0,,,,50
12527267,0.5,0,0,0,0,0,0,0,0,0,8.52939224,8.08860207,0,0,0,0,171,0,0,0,0,,,,50
12528395,0.5,0,0,0,0,0,0,0,0,0,8.52939224,8.0907135,0,0,0,0,171,0,0,0,0,,,,50
12529522,0.5,0,0,0,0,0,0,0,0,0,8.53240585,8.08649063,0,0,0,0,171,0,0,0,0,,,,50
12530649,0.5,0,0,0,0,0,0,0,0,0,8.52939224,8.08860207,0,0,0,0,171,0,0,0,0,,,,50
12531776,0.5,0,0,0,0,0,0,0,0,0,8.52939224,8.08649063,0,0,0,0,171,0,0,0,0,,,,50
12532909,0.5,0,0,0,0,0,0,0,0,0,8.52939224,8.0843792,0,0,0,0,171,0,0,0,0,,,,50
12534036,0.5,0,0,0,0,0,0,0,0,0,8.53240585,8.0907135,0,0,0,0,171,0,0,0,0,,,,50
12535163,0.5,0,0,0,0,0,0,0,0,0,8.52637863,8.08860207,0,0,0,0,171,0,0,0,0,,,,50
12536291,0.5,0,0,0,0,0,0,0,0,0,8.52939224,8.08649063,0,0,0,0,171,0,0,0,0,,,,50
12537418,0.5,0,0,0,0,0,0,0,0,0,8.52939224,8.08860207,0,0,0,0,171,0,0,0,0,,,,50
12538550,0.5,0,0,0,0,0,0,0,0,0,8.52939224,8.08649063,0,0,0,0,171,0,0,0,0,,,,50
12539677,0.5,0,0,0,0,0,0,0,0,0,8.52939224,8.08860207,0,0,0,0,171,0,0,0,0,,,,50
12540805,0.5,0,0,0,0,0,0,0,0,0,8.52939224,8.0907135,0,0,0,0,171,0,0,0,0,,,,50
12541932,0.5,0,0,0,0,0,0,0,0,0,8.52939224,8.08860207,0,0,0,0,171,0,0,0,0,,,,50
12543059,0.5,0,0,0,0,0,0,0,0,0,8.52939224,8.08649063,0,0,0,0,171,0,0,0,0,,,,50
12544187,0.5,0,0,0,0,0,0,0,0,0,8.52939224,8.08860207,0,0,0,0,171,0,0,0,0,,,,50
12545523,0.5,0,0,0,0,0,0,0,0,0,8.52939224,8.08860207,0,0,0,0,171,0,0,0,0,,,,50
12546650,0.5,0,0,0,0,0,0,0,0,0,8.52939224,8.08860207,0,0,0,0,171,0,0,0,0,,,,50
12547777,0.5,0,0,0,0,0,0,0,0,0,8.52637863,8.08860207,0,0,0,0,171,0,0,0,0,,,,50
12548905,0.5,0,0,0,0,0,0,0,0,0,8.52939224,8.08649063,0,0,0,0,171,0,0,0,0,,,,50
12550032,0.5,0,0,0,0,0,0,0,0,0,8.52939224,8.08649063,0,0,0,0,171,0,0,0,0,,,,50
12551163,0.5,0,0,0,0,0,0,0,0,0,8.52939224,8.08649063,0,0,0,0,171,0,0,0,0,,,,50
12552291,0.5,0,0,0,0,0,0,0,0,0,8.52939224,8.08860207,0,0,0,0,171,0,0,0,0,,,,50
12553418,0.5,0,0,0,0,0,0,0,0,0,8.52939224,8.08860207,0,0,0,0,171,0,0,0,0,,,,50
12554545,0.5,0,0,0,0,0,0,0,0,0,8.52637863,8.08860207,0,0,0,0,171,0,0,0,0,,,,50
12555672,0.5,0,0,0,0,0,0,0,0,0,8.52939224,8.08649063,0,0,0,0,171,0,0,0,0,,,,50
12556800,0.5,0,0,0,0,0,0,0,0,0,8.52939224,8.08860207,0,0,0,0,171,0,0,0,0,,,,50
12557932,0.5,0,0,0,0,0,0,0,0,0,8.53240585,8.08649063,0,0,0,0,171,0,0,0,0,,,,50
12559059,0.5,0,0,0,0,0,0,0,0,0,8.52939224,8.08860207,0,0,0,0,171,0,0,0,0,,,,50
12560186,0.5,0,0,0,0,0,0,0,0,0,8.52939224,8.08860207,0,0,0,0,171,0,0,0,0,,,,50
12561314,0.5,0,0,0,0,0,0,0,0,0,8.52939224,8.08860207,0,0,0,0,171,0,0,0,0,,,,50
12562441,0.5,0,0,0,0,0,0,0,0,0,8.52939224,8.08860207,0,0,0,0,171,0,0,0,0,,,,50
12563573,0.5,0,0,0,0,0,0,0,0,0,8.53240585,8.08860207,0,0,0,0,171,0,0,0,0,,,,50
12564700,0.5,0,0,0,0,0,0,0,0,0,8.53240585,8.0907135,0,0,0,0,171,0,0,0,0,,,,50
12566031,0.5,0,0,0,0,0,0,0,0,0,8.52637863,8.08860207,0,0,0,0,171,0,0,0,0,,,,50
12567159,0.5,0,0,0,0,0,0,0,0,0,8.53240585,8.08860207,0,0,0,0,171,0,0,0,0,,,,50
12568286,0.5,0,0,0,0,0,0,0,0,0,8.52939224,8.08649063,0,0,0,0,171,0,0,0,0,,,,50
12569413,0.5,0,0,0,0,0,0,0,0,0,8.52939224,8.08860207,0,0,0,0,171,0,0,0,0,,,,50
12570545,0.5,0,0,0,0,0,0,0,0,0,8.52939224,8.08649063,0,0,0,0,171,0,0,0,0,,,,50
12571673,0.5,0,0,0,0,0,0,0,0,0,8.52939224,8.08860207,0,0,0,0,171,0,0,0,0,,,,50
12572800,0.5,0,0,0,0,0,0,0,0,0,8.52939224,8.08860207,0,0,0,0,171,0,0,0,0,,,,50
12573927,0.5,0,0,0,0,0,0,0,0,0,8.52939224,8.08860207,0,0,0,0,171,0,0,0,0,,,,50
12575055,0.5,0,0,0,0,0,0,0,0,0,8.52939224,8.08649063,0,0,0,0,171,0,0,0,0,,,,50
12576182,0.5,0,0,0,0,0,0,0,0,0,8.52939224,8.08860207,0,0,0,0,171,0,0,0,0,,,,50
12577314,0.5,0,0,0,0,0,0,0,0,0,8.52939224,8.08860207,0,0.00714798551,0,0,171,0,0,0,0,,,,50
12578441,0.5,0,0,0,0,0,0,0,0,0,8.53240585,8.08649063,0,0,0,0,171,0,0,0,0,,,,50
12579569,0.5,0,0,0,0,0,0,0,0,0,8.52939224,8.08860207,0,0,0,0,171,0,0,0,0,,,,50
12580696,0.5,0,0,0,0,0,0,0,0,0,8.52939224,8.08860207,0,0,0,0,171,0,0,0,0,,,,50
12581823,0.5,0,0,0,0,0,0,0,0,0,8.52637863,8.08649063,0,0,0,0,171,0,0,0,0,,,,50
12582955,0.5,0,0,0,0,0,0,0,0,0,8.52939224,8.08860207,0,0,0,0,171,0,0,0,0,,,,50
12584083,0.5,0,0,0,0,0,0,0,0,0,8.52939224,8.08860207,0,0,0,0,171,0,0,0,0,,,,50
12585210,0.5,0,0,0,0,0.00805860758,0,0,0,0,8.53240585,8.08860207,0,0,0,0,171,0,0,0,0,,,,50
12586337,0.5,0,0,0,0,0,0,0,0,0,8.52939224,8.08860207,0,0,0,0,171,0,0,0,0,,,,50
12587669,0.5,0,0,0,0,0,0,0,0,0,8.52939224,8.08860207,0,0,0,0,171,0,0,0,0,,,,50
12588796,0.5,0,0,0,0,0,0,0,0,0,8.52939224,8.08860207,0,0.00714798551,0,0,172,0,0,0,0,,,,50
12589928,0.5,0,0,0,0,0,0,0,0,0,8.52939224,8.08860207,0,0,0,0,172,0,0,0,0,,,,50
12591055,0.5,0,0,0,0,0,0,0,0,0,8.52939224,8.08649063,0,0,0,0,172,0,0,0,0,,,,50
12592183,0.5,0,0,0,0,0,0,0,0,0,8.52939224,8.08860207,0,0,0,0,172,0,0,0,0,,,,50
12593310,0.5,0,0,0,0,0,0,0,0,0,8.52939224,8.08860207,0,0,0,0,172,0,0,0,0,,,,50
12594438,0.5,0,0,0,0,0,0,0,0,0,8.52939224,8.08860207,0,0,0,0,172,0,0,0,0,,,,50
12595570,0.5,0,0,0,0,0,0,0,0,0,8.52637863,8.08649063,0,0,0,0,172,0,0,0,0,,,,50
12596697,0.5,0,0,0,0,0,0,0,0,0,8.52939224,8.08649063,0,0,0,0,172,0,0,0,0,,,,50
12597825,0.5,0,0,0,0,0,0,0,0,0,8.52939224,8.08649063,0,0,0,0,172,0,0,0,0,,,,50
12598952,0.5,0,0,0,0,0,0,0,0,0,8.52939224,8.08860207,0,0,0,0,172,0,0,0,0,,,,50
12600080,0.5,0,0,0,0,0,0,0,0,0,8.52939224,8.08860207,0,0,0,0,172,0,0,0,0,,,,50
12601207,0.5,0,0,0,0,0,0,0,0,0,8.52939224,8.08860207,0,0,0,0,172,0,0,0,0,,,,50
12602339,0.5,0,0,0,0,0,0,0,0,0,8.52939224,8.08649063,0,0,0,0,172,0,0,0,0,,,,50
12603467,0.5,0,0,0,0,0,0,0,0,0,8.52939224,8.08860207,0,0,0,0,172,0,0,0,0,,,,50
12604594,0.5,0,0,0,0,0,0,0,0,0,8.52939224,8.08860207,0,0,0,0,172,0,0,0,0,,,,50
12605722,0.5,0,0,0,0,0,0,0,0,0,8.52939224,8.08860207,0,0,0,0,172,0,0,0,0,,,,50
12606849,0.5,0,0,0,0,0,0,0,0,0,8.52939224,8.08860207,0,0,0,0,172,0,0,0,0,,,,50
12608185,0.5,0,0,0,0,0,0,0,0,0,8.52939224,8.08649063,0,0,0,0,172,0,0,0,0,,,,50
12609312,0.5,0,0,0,0,0,0,0,0,0,8.52939224,8.08860207,0,0,0,0,172,0,0,0,0,,,,50
12610439,0.5,0,0,0,0,0,0,0,0,0,8.52939224,8.08649063,0,0,0,0,172,0,0,0,0,,,,50
12611567,0.5,0,0,0,0,0,0,0,0,0,8.52939224,8.0907135,0,0,0,0,172,0,0,0,0,,,,50
12612694,0.5,0,0,0,0,0,0,0,0,0,8.52939224,8.08649063,0,0,0,0,172,0,0,0,0,,,,50
12613821,0.5,0,0,0,0,0,0,0,0,0,8.52939224,8.08860207,0,0,0,0,172,0,0,0,0,,,,50
12614953,0.5,0,0,0,0,0,0,0,0,0,8.52939224,8.08860207,0,0,0,0,172,0,0,0,0,,,,50
12616080,0.5,0,0,0,0,0,0,0,0,0,8.52939224,8.08860207,0,0,0,0,172,0,0,0,0,,,,50
12617207,0.5,0,0,0,0,0,0,0,0,0,8.52939224,8.0907135,0,0,0,0,172,0,0,0,0,,,,50
12618334,0.5,0,0,0,0,0,0,0,0,0,8.53240585,8.08860207,0,0,0,0,172,0,0,0,0,,,,50
12619462,0.5,0,0,0,0,0,0,0,0,0,8.52939224,8.08860207,0,0,0,0,172,0,0,0,0,,,,50
12620589,0.5,0,0,0,0,0,0,0,0,0,8.52939224,8.08860207,0,0,0,0,172,0,0,0,0,,,,50
12621721,0.5,0,0,0,0,0,0,0,0,0,8.52939224,8.08860207,0,0,0,0,172,0,0,0,0,,,,50
12622848,0.5,0,0,0,0,0,0,0,0,0,8.53240585,8.08860207,0,0,0,0,172,0,0,0,0,,,,50
12623975,0.5,0,0,0,0,0,0,0,0,0,8.52939224,8.08860207,0,0,0,0,172,0,0,0,0,,,,50
12625102,0.5,0,0,0,0,0,0,0,0,0,8.52939224,8.08860207,0,0,0,0,172,0,0,0,0,,,,50
12626229,0.5,0,0,0,0,0,0,0,0,0,8.53240585,8.08860207,0,0,0,0,172,0,0,0,0,,,,50
12627362,0.5,0,0,0,0,0,0,0,0,0,8.52939224,8.08860207,0,0,0,0,172,0,0,0,0,,,,50
12628489,0.5,0,0,0,0,0,0,0,0,0,8.52939224,8.08860207,0,0,0,0,172,0,0,0,0,,,,50
12629820,0.5,0,0,0,0,0,0,0,0,0,8.52939224,8.08860207,0,0,0,0,172,0,0,0,0,,,,50
12630948,0.5,0,0,0,0,0,0,0,0,0,8.52939224,8.08649063,0,0,0,0,172,0,0,0,0,,,,50
12632075,0.5,0,0,0,0,0,0,0,0,0,8.52939224,8.08860207,0,0,0,0,172,0,0,0,0,,,,50
12633202,0.5,0,0,0,0,0,0,0,0,0,8.52939224,8.08860207,0,0,0,0,172,0,0,0,0,,,,50
12634334,0.5,0,0,0,0,0,0,0,0,0,8.53240585,8.0843792,0,0.00714798551,0,0,172,0,0,0,0,,,,50
12635462,0.5,0,0,0,0,0,0,0,0,0,8.53240585,8.0843792,0,0,0,0,172,0,0,0,0,,,,50
12636589,0.5,0,0,0,0,0,0,0,0,0,8.52637863,8.08860207,0,0,0,0,172,0,0,0,0,,,,50
12637717,0.5,0,0,0,0,0,0,0,0,0,8.52939224,8.08860207,0,0,0,0,172,0,0,0,0,,,,50
12638844,0.5,0,0,0,0,0,0,0,0,0,8.52939224,8.08649063,0,0,0,0,172,0,0,0,0,,,,50
12639976,0.5,0,0,0,0,0,0,0,0,0,8.52939224,8.08860207,0,0,0,0,172,0,0,0,0,,,,50
12641103,0.5,0,0,0,0,0,0,0,0,0,8.52939224,8.08860207,0,0,0,0,172,0,0,0,0,,,,50
12642231,0.5,0,0,0,0,0,0,0,0,0,8.52939224,8.08860207,0,0,0,0,172,0,0,0,0,,,,50
12643358,0.5,0,0,0,0,0,0,0,0,0,8.52939224,8.08860207,0,0,0,0,172,0,0,0,0,,,,50
12644486,0.5,0,0,0,0,0,0,0,0,0,8.52939224,8.08860207,0,0,0,0,172,0,0,0,0,,,,50
12645613,0.5,0,0,0,0,0,0,0,0,0,8.52939224,8.08649063,0,0,0,0,172,0,0,0,0,,,,50
12646745,0.5,0,0,0,0,0,0,0,0,0,8.52939224,8.08860207,0,0,0,0,172,0,0,0,0,,,,50
12647873,0.5,0,0,0,0,0,0,0,0,0,8.52939224,8.08649063,0,0,0,0,172,0,0,0,0,,,,50
12649000,0.5,0,0,0,0,0,0,0,0,0,8.52939224,8.08649063,0,0,0,0,172,0,0,0,0,,,,50
12650332,0.5,0,0,0,0,0,0,0,0,0,8.52939224,8.08649063,0,0,0,0,172,0,0,0,0,,,,50
12651459,0.5,0,0,0,0,0,0,0,0,0,8.52637863,8.08649063,0,0,0,0,172,0,0,0,0,,,,50
12652591,0.5,0,0,0,0,0,0,0,0,0,8.52939224,8.08649063,0,0,0,0,172,0,0,0,0,,,,50
12653719,0.5,0,0,0,0,0,0,0,0,0,8.52939224,8.08649063,0,0,0,0,172,0,0,0,0,,,,50
12654846,0.5,0,0,0,0,0,0,0,0,0,8.52939224,8.08649063,0,0,0,0,172,0,0,0,0,,,,50
12655974,0.5,0,0,0,0,0,0,0,0,0,8.52939224,8.08860207,0,0,0,0,172,0,0,0,0,,,,50
12657101,0.5,0,0,0,0,0,0,0,0,0,8.52939224,8.08860207,0,0,0,0,172,0,0,0,0,,,,50
12658228,0.5,0,0,0,0,0,0,0,0,0,8.52939224,8.08860207,0,0,0,0,172,0,0,0,0,,,,50
12659361,0.5,0,0,0,0,0,0,0,0,0,8.52939224,8.08649063,0,0,0,0,172,0,0,0,0,,,,50
12660488,0.5,0,0,0,0,0,0,0,0,0,8.52939224,8.08860207,0,0,0,0,172,0,0,0,0,,,,50
12661615,0.5,0,0,0,0,0,0,0,0,0,8.52939224,8.08860207,0,0,0,0,172,0,0,0,0,,,,50
12662743,0.5,0,0,0,0,0,0,0,0,0,8.52939224,8.08860207,0,0,0,0,172,0,0,0,0,,,,50
12663870,0.5,0,0,0,0,0,0,0,0,0,8.52939224,8.08860207,0,0,0,0,172,0,0,0,0,,,,50
12665002,0.5,0,0,0,0,0,0,0,0,0,8.53240585,8.08860207,0,0,0,0,172,0,0,0,0,,,,50
12666130,0.5,0,0,0,0,0,0,0,0,0,8.52939224,8.08649063,0,0,0,0,172,0,0,0,0,,,,50
12667257,0.5,0,0,0,0,0,0,0,0,0,8.52939224,8.08860207,0,0,0,0,172,0,0,0,0,,,,50
12668385,0.5,0,0,0,0,0,0,0,0,0,8.52939224,8.08860207,0,0,0,0,172,0,0,0,0,,,,50
12669512,0.5,0,0,0,0,0,0,0,0,0,8.52939224,8.0907135,0,0,0,0,172,0,0,0,0,,,,50
12670843,0.5,0,0,0,0,0,0,0,0,0,8.52939224,8.08860207,0,0,0,0,172,0,0,0,0,,,,50
12671976,0.5,0,0,0,0,0,0,0,0,0,8.52939224,8.08860207,0,0,0,0,172,0,0,0,0,,,,50
12673103,0.5,0,0,0,0,0,0,0,0,0,8.52939224,8.08860207,0,0,0,0,172,0,0,0,0,,,,50
12674230,0.5,0,0,0,0,0,0,0,0,0,8.53240585,8.08860207,0,0,0,0,172,0,0,0,0,,,,50
12675357,0.5,0,0,0,0,0,0,0,0,0,8.52939224,8.08860207,0,0,0,0,173,0,0,0,0,,,,50
12676484,0.5,0,0,0,0,0,0,0,0,0,8.53240585,8.08860207,0,0,0,0,173,0,0,0,0,,,,50
12677611,0.5,0,0,0,0,0,0,0,0,0,8.52939224,8.08649063,0.00714798551,0,0,0,173,0,0,0,0,,,,50
12678743,0.5,0,0,0,0,0,0,0,0,0,8.52939224,8.08860207,0,0,0,0,173,0,0,0,0,,,,50
12679870,0.5,0,0,0,0,0,0,0,0,0,8.52939224,8.08860207,0,0,0,0,173,0,0,0,0,,,,50
12680997,0.5,0,0,0,0,0,0,0,0,0,8.52939224,8.08860207,0,0,0,0,173,0,0,0,0,,,,50
12682124,0.5,0,0,0,0,0,0,0,0,0,8.52939224,8.08649063,0,0,0,0,173,0,0,0,0,,,,50
12683252,0.5,0,0,0,0,0,0,0,0,0,8.52939224,8.08860207,0,0,0,0,173,0,0,0,0,,,,50
12684384,0.5,0,0,0,0,0,0,0,0,0,8.52939224,8.08860207,0,0,0,0,173,0,0,0,0,,,,50
12685511,0.5,0,0,0,0,0,0,0,0,0,8.52939224,8.08860207,0,0,0,0,173,0,0,0,0,,,,50
12686639,0.5,0,0,0,0,0,0,0,0,0,8.52939224,8.08860207,0,0,0,0,173,0,0,0,0,,,,50
12687766,0.5,0,0,0,0,0,0,0,0,0,8.52939224,8.08860207,0,0,0,0,173,0,0,0,0,,,,50
12688893,0.5,0,0,0,0,0,0,0,0,0,8.52939224,8.08860207,0,0,0,0,173,0,0,0,0,,,,50
12690020,0.5,0,0,0,0,0,0,0,0,0,8.52939224,8.08649063,0,0,0,0,173,0,0,0,0,,,,50
12691152,0.5,0,0,0,0,0,0,0,0,0,8.52939224,8.08860207,0,0,0,0,173,0,0,0,0,,,,50
12692484,0.5,0,0,0,0,0,0,0,0,0,8.52939224,8.08649063,0,0,0,0,173,0,0,0,0,,,,50
12693611,0.5,0,0,0,0,0,0,0,0,0,8.52939224,8.08860207,0,0,0,0,173,0,0,0,0,,,,50
12694738,0.5,0,0,0,0,0,0,0,0,0,8.52939224,8.08860207,0,0,0,0,173,0,0,0,0,,,,50
12695866,0.5,0,0,0,0,0,0,0,0,0,8.52939224,8.08860207,0,0,0,0,173,0,0,0,0,,,,50
12696997,0.5,0,0,0,0,0,0,0,0,0,8.52939224,8.08860207,0,0.00714798551,0,0,173,0,0,0,0,,,,50
12698125,0.5,0,0,0,0,0,0,0,0,0,8.52939224,8.08860207,0,0,0,0,173,0,0,0,0,,,,50
12699252,0.5,0,0,0,0,0,0,0,0,0,8.52939224,8.08860207,0,0,0,0,173,0,0,0,0,,,,50
12700379,0.5,0,0,0,0,0,0,0,0,0,8.52939224,8.08860207,0,0,0,0,173,0,0,0,0,,,,50
12701506,0.5,0,0,0,0,0,0,0,0,0,8.52939224,8.08649063,0,0,0,0,173,0,0,0,0,,,,50
12702634,0.5,0,0,0,0,0,0,0,0,0,8.52939224,8.08860207,0,0,0,0,173,0,0,0,0,,,,50
12703766,0.5,0,0,0,0,0,0,0,0,0,8.52939224,8.08860207,0,0,0,0,173,0,0,0,0,,,,50
12704893,0.5,0,0,0,0,0,0,0,0,0,8.52939224,8.08860207,0,0,0,0,173,0,0,0,0,,,,50
12706020,0.5,0,0,0,0,0,0,0,0,0,8.53240585,8.08860207,0,0,0,0,173,0,0,0,0,,,,50
12707148,0.5,0,0,0,0,0,0,0,0,0,8.52939224,8.08860207,0,0,0,0,173,0,0,0,0,,,,50
12708275,0.5,0,0,0,0,0,0,0,0,0,8.52939224,8.08649063,0,0,0,0,173,0,0,0,0,,,,50
12709407,0.5,0,0,0,0,0,0,0,0,0,8.52939224,8.08860207,0,0,0,0,173,0,0,0,0,,,,50
12710534,0.5,0,0,0,0,0,0,0,0,0,8.52939224,8.08860207,0,0,0,0,173,0,0,0,0,,,,50
12711661,0.5,0,0,0,0,0,0,0,0,0,8.52939224,8.08860207,0,0,0,0,173,0,0,0,0,,,,50
12712993,0.5,0,0,0,0,0,0,0,0,0,8.52939224,8.08860207,0,0,0,0,173,0,0,0,0,,,,50
12714120,0.5,0,0,0,0,0,0,0,0,0,8.52939224,8.08860207,0,0.00714798551,0,0,173,0,0,0,0,,,,50
12715247,0.5,0,0,0,0,0,0,0,0,0,8.52939224,8.08860207,0,0,0,0,173,0,0,0,0,,,,50
12716379,0.5,0,0,0,0,0,0,0,0,0,8.52939224,8.08860207,0,0,0,0,173,0,0,0,0,,,,50
12717507,0.5,0,0,0,0,0,0,0,0,0,8.52939224,8.08860207,0,0.00714798551,0,0,173,0,0,0,0,,,,50
12718634,0.5,0,0,0,0,0,0,0,0,0,8.53240585,8.08860207,0,0,0,0,173,0,0,0,0,,,,50
12719761,0.5,0,0,0,0,0,0,0,0,0,8.52939224,8.0907135,0,0,0,0,173,0,0,0,0,,,,50
12720889,0.5,0,0,0,0,0,0,0,0,0,8.52939224,8.08649063,0,0,0,0,173,0,0,0,0,,,,50
12722016,0.5,0,0,0,0,0,0,0,0,0,8.52637863,8.08649063,0,0,0,0,173,0,0,0,0,,,,50
12723148,0.5,0,0,0,0,0,0,0,0,0,8.52939224,8.08860207,0,0,0,0,173,0,0,0,0,,,,50
12724275,0.5,0,0,0,0,0,0,0,0,0,8.52939224,8.08649063,0,0,0,0,173,0,0,0,0,,,,50
12725402,0.5,0,0,0,0,0,0,0,0,0,8.52939224,8.08649063,0,0,0,0,173,0,0,0,0,,,,50
12726530,0.5,0,0,0,0,0,0,0,0,0,8.52939224,8.08860207,0,0,0,0,173,0,0,0,0,,,,50
12727657,0.5,0,0,0,0,0,0,0,0,0,8.52939224,8.08860207,0,0,0,0,173,0,0,0,0,,,,50
12728789,0.5,0,0,0,0,0,0,0,0,0,8.52939224,8.08649063,0,0,0,0,173,0,0,0,0,,,,50
12729917,0.5,0,0,0,0,0,0,0,0,0,8.52939224,8.08649063,0,0,0,0,173,0,0,0,0,,,,50
12731044,0.5,0,0,0,0,0,0,0,0,0,8.52939224,8.08860207,0,0,0,0,173,0,0,0,0,,,,50
12732171,0.5,0,0,0,0,0,0,0,0,0,8.52939224,8.08860207,0,0,0,0,173,0,0,0,0,,,,50
12733299,0.5,0,0,0,0,0,0,0,0,0,8.52939224,8.08649063,0,0,0,0,173,0,0,0,0,,,,50
12734630,0.5,0,0,0,0,0,0,0,0,0,8.52939224,8.08649063,0,0,0,0,173,0,0,0,0,,,,50
12735762,0.5,0,0,0,0,0,0,0,0,0,8.53240585,8.08649063,0,0,0,0,173,0,0,0,0,,,,50
12736889,0.5,0,0,0,0,0,0,0,0,0,8.52939224,8.08860207,0,0,0,0,173,0,0,0,0,,,,50
12738017,0.5,0,0,0,0,0,0,0,0,0,8.52939224,8.08860207,0,0,0,0,174,0,0,0,0,,,,50
12739144,0.5,0,0,0,0,0,0,0,0,0,8.52939224,8.08649063,0,0,0,0,174,0,0,0,0,,,,50
12740271,0.5,0,0,0,0,0,0,0,0,0,8.52939224,8.08860207,0,0.00714798551,0,0,174,0,0,0,0,,,,50
12741403,0.5,0,0,0,0,0,0,0,0,0,8.52939224,8.08860207,0,0,0,0,174,0,0,0,0,,,,50
12742530,0.5,0,0,0,0,0,0,0,0,0,8.52939224,8.08860207,0,0,0,0,174,0,0,0,0,,,,50
12743658,0.5,0,0,0,0,0,0,0,0,0,8.52939224,8.08860207,0,0,0,0,174,0,0,0,0,,,,50
12744785,0.5,0,0,0,0,0,0,0,0,0,8.52939224,8.08860207,0,0,0,0,174,0,0,0,0,,,,50
12745912,0.5,0,0,0,0,0,0,0,0,0,8.52637863,8.08860207,0,0,0,0,174,0,0,0,0,,,,50
12747040,0.5,0,0,0,0,0,0,0,0,0,8.52939224,8.08860207,0,0,0,0,174,0,0,0,0,,,,50
12748172,0.5,0,0,0,0,0,0,0,0,0,8.52939224,8.08860207,0,0,0,0,174,0,0,0,0,,,,50
12749299,0.5,0,0,0,0,0,0,0,0,0,8.52939224,8.08860207,0,0,0,0,174,0,0,0,0,,,,50
12750427,0.5,0,0,0,0,0,0,0,0,0,8.52939224,8.08649063,0,0,0,0,174,0,0,0,0,,,,50
12751554,0.5,0,0,0,0,0,0,0,0,0,8.52939224,8.08860207,0,0,0,0,174,0,0,0,0,,,,50
12752681,0.5,0,0,0,0,0,0,0,0,0,8.52939224,8.08860207,0,0,0,0,174,0,0,0,0,,,,50
12753813,0.5,0,0,0,0,0,0,0,0,0,8.52939224,8.08649063,0,0,0,0,174,0,0,0,0,,,,50
12755144,0.5,0,0,0,0,0,0,0,0,0,8.52939224,8.08649063,0,0,0,0,174,0,0,0,0,,,,50
12756272,0.5,0,0,0,0,0,0,0,0,0,8.52939224,8.08649063,0,0,0,0,174,0,0,0,0,,,,50
12757399,0.5,0,0,0,0,0,0,0,0,0,8.53240585,8.08860207,0,0,0,0,174,0,0,0,0,,,,50
12758527,0.5,0,0,0,0,0,0,0,0,0,8.52939224,8.08860207,0,0,0,0,174,0,0,0,0,,,,50
12759654,0.5,0,0,0,0,0,0,0,0,0,8.52939224,8.08860207,0,0,0,0,174,0,0,0,0,,,,50
12760786,0.5,0,0,0,0,0,0,0,0,0,8.52939224,8.08860207,0,0,0,0,174,0,0,0,0,,,,50
12761914,0.5,0,0,0,0,0,0,0,0,0,8.52939224,8.08860207,0,0,0,0,174,0,0,0,0,,,,50
12763041,0.5,0,0,0,0,0,0,0,0,0,8.52939224,8.08860207,0,0,0,0,174,0,0,0,0,,,,50
12764169,0.5,0,0,0,0,0,0,0,0,0,8.52939224,8.08860207,0,0,0,0,174,0,0,0,0,,,,50
12765296,0.5,0,0,0,0,0,0,0,0,0,8.52939224,8.08860207,0,0,0,0,174,0,0,0,0,,,,50
12766424,0.5,0,0,0,0,0,0,0,0,0,8.52939224,8.08649063,0,0,0,0,174,0,0,0,0,,,,50
12767556,0.5,0,0,0,0,0,0,0,0,0,8.53240585,8.08649063,0,0,0,0,174,0,0,0,0,,,,50
12768683,0.5,0,0,0,0,0,0,0,0,0,8.52939224,8.08649063,0,0,0,0,174,0,0,0,0,,,,50
12769811,0.5,0,0,0,0,0,0,0,0,0,8.52939224,8.08860207,0,0,0,0,174,0,0,0,0,,,,50
12770938,0.5,0,0,0,0,0,0,0,0,0,8.52939224,8.08649063,0,0,0,0,174,0,0,0,0,,,,50
12772065,0.5,0,0,0,0,0,0,0,0,0,8.52637863,8.08649063,0,0,0,0,174,0,0,0,0,,,,50
12773198,0.5,0,0,0,0,0,0,0,0,0,8.52939224,8.08649063,0,0,0,0,174,0,0,0,0,,,,50
12774325,0.5,0,0,0,0,0,0,0,0,0,8.52939224,8.08860207,0,0,0,0,174,0,0,0,0,,,,50
12775453,0.5,0,0,0,0,0,0,0,0,0,8.52939224,8.08649063,0,0,0,0,174,0,0,0,0,,,,50
12776784,0.5,0,0,0,0,0,0,0,0,0,8.52939224,8.08860207,0,0,0,0,174,0,0,0,0,,,,50
12777911,0.5,0,0,0,0,0,0,0,0,0,8.52939224,8.08860207,0,0,0,0,174,0,0,0,0,,,,50
12779038,0.5,0,0,0,0,0,0,0,0,0,8.52939224,8.08860207,0,0,0,0,174,0,0,0,0,,,,50
12780171,0.5,0,0,0,0,0,0,0,0,0,8.52939224,8.08649063,0,0,0,0,174,0,0,0,0,,,,50
12781298,0.5,0,0,0,0,0,0,0,0,0,8.52939224,8.08860207,0,0,0,0,174,0,0,0,0,,,,50
12782425,0.5,0,0,0,0,0,0,0,0,0,8.52939224,8.08860207,0,0,0,0,174,0,0,0,0,,,,50
12783553,0.5,0,0,0,0,0,0,0,0,0,8.52939224,8.08649063,0,0,0,0,174,0,0,0,0,,,,50
12784680,0.5,0,0,0,0,0,0,0,0,0,8.53240585,8.08649063,0,0,0,0,174,0,0,0,0,,,,50
12785812,0.5,0,0,0,0,0,0,0,0,0,8.52939224,8.08860207,0,0,0,0,174,0,0,0,0,,,,50
12786940,0.5,0,0,0,0,0,0,0,0,0,8.52939224,8.08649063,0,0,0,0,174,0,0,0,0,,,,50
12788067,0.5,0,0,0,0,0,0,0,0,0,8.52939224,8.08860207,0,0,0,0,174,0,0,0,0,,,,50
12789195,0.5,0,0,0,0,0,0,0,0,0,8.52637863,8.08649063,0,0,0,0,174,0,0,0,0,,,,50
12790322,0.5,0,0,0,0,0,0,0,0,0,8.52939224,8.08860207,0,0,0,0,174,0,0,0,0,,,,50
12791449,0.5,0,0,0,0,0,0,0,0,0,8.52939224,8.08649063,0,0,0,0,174,0,0,0,0,,,,50
12792582,0.5,0,0,0,0,0,0,0,0,0,8.52939224,8.08860207,0,0,0,0,174,0,0,0,0,,,,50
12793709,0.5,0,0,0,0,0,0,0,0,0,8.52939224,8.08649063,0,0,0,0,174,0,0,0,0,,,,50
12794837,0.5,0,0,0,0,0,0,0,0,0,8.52939224,8.08649063,0,0,0,0,174,0,0,0,0,,,,50
12795964,0.5,0,0,0,0,0,0,0,0,0,8.52939224,8.08649063,0,0,0,0,174,0,0,0,0,,,,50
12797295,0.5,0,0,0,0,0,0,0,0,0,8.52939224,8.08860207,0,0,0,0,174,0,0,0,0,,,,50
12798428,0.5,0,0,0,0,0,0,0,0,0,8.52939224,8.08860207,0,0,0,0,174,0,0,0,0,,,,50
12799555,0.5,0,0,0,0,0,0,0,0,0,8.52939224,8.08860207,0,0,0,0,174,0,0,0,0,,,,50
12800682,0.5,0,0,0,0,0,0,0,0,0,8.52939224,8.08860207,0,0,0,0,174,0,0,0,0,,,,50
12801809,0.5,0,0,0,0,0,0,0,0,0,8.52939224,8.08860207,0,0,0,0,174,0,0,0,0,,,,50
12802936,0.5,0,0,0,0,0,0,0,0,0,8.52637863,8.08649063,0,0,0,0,174,0,0,0,0,,,,50
12804064,0.5,0,0,0,0,0,0,0,0,0,8.52939224,8.08860207,0,0,0,0,174,0,0,0,0,,,,50
12805196,0.5,0,0,0,0,0,0,0,0,0,8.53240585,8.08860207,0,0,0,0,175,0,0,0,0,,,,50
12806323,0.5,0,0,0,0,0,0,0,0,0,8.52939224,8.08649063,0,0,0,0,175,0,0,0,0,,,,50
12807451,0.5,0,0,0,0,0,0,0,0,0,8.52939224,8.08860207,0,0,0,0,175,0,0,0,0,,,,50
12808578,0.5,0,0,0,0,0,0,0,0,0,8.52939224,8.08860207,0,0,0,0,175,0,0,0,0,,,,50
12809705,0.5,0,0,0,0,0,0,0,0,0,8.52939224,8.08860207,0,0,0,0,175,0,0,0,0,,,,50
12810837,0.5,0,0,0,0,0,0,0,0,0,8.52939224,8.08649063,0,0,0,0,175,0,0,0,0,,,,50
12811965,0.5,0,0,0,0,0,0,0,0,0,8.53240585,8.08649063,0,0,0,0,175,0,0,0,0,,,,50
12813092,0.5,0,0,0,0,0,0,0,0,0,8.52637863,8.08860207,0,0,0,0,175,0,0,0,0,,,,50
12814220,0.5,0,0,0,0,0,0,0,0,0,8.52939224,8.08649063,0,0,0,0,175,0,0,0,0,,,,50
12815347,0.5,0,0,0,0,0,0,0,0,0,8.52939224,8.08860207,0,0,0,0,175,0,0,0,0,,,,50
12816475,0.5,0,0,0,0,0,0,0,0,0,8.53240585,8.08860207,0,0,0,0,175,0,0,0,0,,,,50
12817811,0.5,0,0,0,0,0,0,0,0,0,8.52939224,8.08649063,0,0,0,0,175,0,0,0,0,,,,50
12818938,0.5,0,0,0,0,0,0,0,0,0,8.52939224,8.08649063,0,0,0,0,175,0,0,0,0,,,,50
12820065,0.5,0,0,0,0,0,0,0,0,0,8.53240585,8.08860207,0,0,0,0,175,0,0,0,0,,,,50
12821193,0.5,0,0,0,0,0,0,0,0,0,8.52939224,8.08649063,0,0,0,0,175,0,0,0,0,,,,50
12822320,0.5,0,0,0,0,0,0,0,0,0,8.52939224,8.08649063,0,0,0,0,175,0,0,0,0,,,,50
12823447,0.5,0,0,0,0,0,0,0,0,0,8.52939224,8.08649063,0,0,0,0,175,0,0,0,0,,,,50
12824579,0.5,0,0,0,0,0,0,0,0,0,8.52939224,8.08649063,0,0,0,0,175,0,0,0,0,,,,50
12825706,0.5,0,0,0,0,0,0,0,0,0,8.52939224,8.08649063,0,0,0,0,175,0,0,0,0,,,,50
12826833,0.5,0,0,0,0,0,0,0,0,0,8.52939224,8.08860207,0,0,0,0,175,0,0,0,0,,,,50
12827961,0.5,0,0,0,0,0,0,0,0,0,8.52939224,8.08860207,0,0,0,0,175,0,0,0,0,,,,50
12829088,0.5,0,0,0,0,0,0,0,0,0,8.52939224,8.08649063,0,0,0,0,175,0,0,0,0,,,,50
12830220,0.5,0,0,0,0,0,0,0,0,0,8.52939224,8.08860207,0,0,0,0,175,0,0,0,0,,,,50
12831348,0.5,0,0,0,0,0,0,0,0,0,8.52637863,8.08649063,0,0,0,0,175,0,0,0,0,,,,50
12832475,0.5,0,0,0,0,0,0,0,0,0,8.52939224,8.08860207,0,0,0,0,175,0,0,0,0,,,,50
12833603,0.5,0,0,0,0,0,0,0,0,0,8.52939224,8.08860207,0,0,0,0,175,0,0,0,0,,,,50
12834730,0.5,0,0,0,0,0,0,0,0,0,8.52939224,8.08860207,0,0,0,0,175,0,0,0,0,,,,50
12835857,0.5,0,0,0,0,0,0,0,0,0,8.52939224,8.08860207,0,0,0,0,175,0,0,0,0,,,,50
12836989,0.5,0,0,0,0,0,0,0,0,0,8.52939224,8.08860207,0,0,0,0,175,0,0,0,0,,,,50
12838117,0.5,0,0,0,0,0,0,0,0,0,8.52939224,8.08860207,0,0,0,0,175,0,0,0,0,,,,50
12839448,0.5,0,0,0,0,0,0,0,0,0,8.52939224,8.08860207,0,0,0,0,175,0,0,0,0,,,,50
12840575,0.5,0,0,0,0,0,0,0,0,0,8.52637863,8.08860207,0,0,0,0,175,0,0,0,0,,,,50
12841703,0.5,0,0,0,0,0,0,0,0,0,8.53240585,8.08860207,0,0,0,0,175,0,0,0,0,,,,50
12842834,0.5,0,0,0,0,0,0,0,0,0,8.52939224,8.08860207,0,0,0,0,175,0,0,0,0,,,,50
12843962,0.5,0,0,0,0,0,0,0,0,0,8.52939224,8.08860207,0,0,0,0,175,0,0,0,0,,,,50
12845089,0.5,0,0,0,0,0,0,0,0,0,8.52939224,8.08649063,0,0,0,0,175,0,0,0,0,,,,50
12846217,0.5,0,0,0,0,0,0,0,0,0,8.52939224,8.08860207,0,0,0,0,175,0,0,0,0,,,,50
12847344,0.5,0,0,0,0,0,0,0,0,0,8.52939224,8.08860207,0,0,0,0,175,0,0,0,0,,,,50
12848471,0.5,0,0,0,0,0,0,0,0,0,8.52939224,8.08649063,0,0,0,0,175,0,0,0,0,,,,50
12849603,0.5,0,0,0,0,0,0,0,0,0,8.52939224,8.08649063,0,0,0,0,175,0,0,0,0,,,,50
12850731,0.5,0,0,0,0,0,0,0,0,0,8.52637863,8.08860207,0,0,0,0,175,0,0,0,0,,,,50
12851858,0.5,0,0,0,0,0,0,0,0,0,8.52939224,8.08649063,0,0,0,0,175,0,0,0,0,,,,50
12852985,0.5,0,0,0,0,0,0,0,0,0,8.52939224,8.08860207,0,0,0,0,175,0,0,0,0,,,,50
12854112,0.5,0,0,0,0,0,0,0,0,0,8.52939224,8.08860207,0,0,0,0,175,0,0,0,0,,,,50
12855244,0.5,0,0,0,0,0,0,0,0,0,8.52939224,8.08860207,0,0,0,0,175,0,0,0,0,,,,50
12856371,0.5,0,0,0,0,0,0,0,0,0,8.52939224,8.08860207,0,0,0,0,175,0,0,0,0,,,,50
12857499,0.5,0,0,0,0,0,0,0,0,0,8.52939224,8.08860207,0,0,0,0,175,0,0,0,0,,,,50
12858626,0.5,0,0,0,0,0,0,0,0,0,8.52939224,8.08649063,0,0,0,0,176,0,0,0,0,,,,50
12859957,0.5,0,0,0,0,0,0,0,0,0,8.52939224,8.08649063,0,0,0,0,176,0,0,0,0,,,,50
12861085,0.5,0,0,0,0,0,0,0,0,0,8.52939224,8.08860207,0,0,0,0,176,0,0,0,0,,,,50
12862217,0.5,0,0,0,0,0,0,0,0,0,8.52939224,8.08860207,0,0,0,0,176,0,0,0,0,,,,50
12863344,0.5,0,0,0,0,0,0,0,0,0,8.52939224,8.08860207,0,0,0,0,176,0,0,0,0,,,,50
12864471,0.5,0,0,0,0,0,0,0,0,0,8.53240585,8.08860207,0,0,0,0,176,0,0,0,0,,,,50
12865598,0.5,0,0,0,0,0,0,0,0,0,8.52939224,8.08860207,0,0,0,0,176,0,0,0,0,,,,50
12866726,0.5,0,0,0,0,0,0,0,0,0,8.52939224,8.08649063,0,0.00714798551,0,0,176,0,0,0,0,,,,50
12867853,0.5,0,0,0,0,0,0,0,0,0,8.52939224,8.08649063,0,0,0,0,176,0,0,0,0,,,,50
12868985,0.5,0,0,0,0,0,0,0,0,0,8.52939224,8.08649063,0,0,0,0,176,0,0,0,0,,,,50
12870112,0.5,0,0,0,0,0,0,0,0,0,8.52939224,8.08860207,0,0,0,0,176,0,0,0,0,,,,50
12871239,0.5,0,0,0,0,0,0,0,0,0,8.52939224,8.08860207,0,0.00714798551,0,0,176,0,0,0,0,,,,50
12872367,0.5,0,0,0,0,0,0,0,0,0,8.52939224,8.08649063,0,0,0,0,176,0,0,0,0,,,,50
12873494,0.5,0,0,0,0,0,0,0,0,0,8.53240585,8.08860207,0,0,0,0,176,0,0,0,0,,,,50
12874626,0.5,0,0,0,0,0,0,0,0,0,8.52939224,8.08649063,0,0,0,0,176,0,0,0,0,,,,50
12875754,0.5,0,0,0,0,0,0,0,0,0,8.52939224,8.08649063,0,0,0,0,176,0,0,0,0,,,,50
12876881,0.5,0,0,0,0,0,0,0,0,0,8.52939224,8.08860207,0,0,0,0,176,0,0,0,0,,,,50
12878009,0.5,0,0,0,0,0,0,0,0,0,8.52939224,8.08860207,0,0,0,0,176,0,0,0,0,,,,50
12879136,0.5,0,0,0,0,0,0,0,0,0,8.52939224,8.08860207,0,0,0,0,176,0,0,0,0,,,,50
12880264,0.5,0,0,0,0,0,0,0,0,0,8.52939224,8.08860207,0,0,0,0,176,0,0,0,0,,,,50
12881600,0.5,0,0,0,0,0,0,0,0,0,8.52939224,8.08860207,0,0,0,0,176,0,0,0,0,,,,50
12882727,0.5,0,0,0,0,0,0,0,0,0,8.52939224,8.0907135,0,0,0,0,176,0,0,0,0,,,,50
12883855,0.5,0,0,0,0,0,0,0,0,0,8.52939224,8.08649063,0,0,0,0,176,0,0,0,0,,,,50
12884982,0.5,0,0,0,0,0,0,0,0,0,8.52939224,8.08860207,0,0,0,0,176,0,0,0,0,,,,50
12886109,0.5,0,0,0,0,0,0,0,0,0,8.52939224,8.08860207,0,0,0,0,176,0,0,0,0,,,,50
12887242,0.5,0,0,0,0,0,0,0,0,0,8.52939224,8.08860207,0,0,0,0,176,0,0,0,0,,,,50
12888369,0.5,0,0,0,0,0,0,0,0,0,8.52939224,8.08860207,0,0,0,0,176,0,0,0,0,,,,50
12889496,0.5,0,0,0,0,0,0,0,0,0,8.52939224,8.08649063,0,0,0,0,176,0,0,0,0,,,,50
12890624,0.5,0,0,0,0,0,0,0,0,0,8.52939224,8.08860207,0,0,0,0,176,0,0,0,0,,,,50
12891751,0.5,0,0,0,0,0,0,0,0,0,8.52939224,8.08649063,0,0,0,0,176,0,0,0,0,,,,50
12892879,0.5,0,0,0,0,0,0,0,0,0,8.52939224,8.08860207,0,0,0,0,176,0,0,0,0,,,,50
12894011,0.5,0,0,0,0,0,0,0,0,0,8.52939224,8.08649063,0.00714798551,0,0,0,176,0,0,0,0,,,,50
12895138,0.5,0,0,0,0,0,0,0,0,0,8.52939224,8.08860207,0,0,0,0,176,0,0,0,0,,,,50
12896266,0.5,0,0,0,0,0,0,0,0,0,8.52939224,8.08860207,0,0,0,0,176,0,0,0,0,,,,50
12897393,0.5,0,0,0,0,0,0,0,0,0,8.52939224,8.0843792,0,0,0,0,176,0,0,0,0,,,,50
12898521,0.5,0,0,0,0,0,0,0,0,0,8.52939224,8.08649063,0,0,0,0,176,0,0,0,0,,,,50
12899653,0.5,0,0,0,0,0,0,0,0,0,8.52939224,8.08649063,0,0,0,0,176,0,0,0,0,,,,50
12900780,0.5,0,0,0,0,0,0,0,0,0,8.52939224,8.08860207,0,0,0,0,176,0,0,0,0,,,,50
12902112,0.5,0,0,0,0,0,0,0,0,0,8.52939224,8.08649063,0,0,0,0,176,0,0,0,0,,,,50
12903239,0.5,0,0,0,0,0,0,0,0,0,8.52939224,8.08860207,0,0,0,0,176,0,0,0,0,,,,50
12904367,0.5,0,0,0,0,0,0,0,0,0,8.52939224,8.08860207,0,0,0,0,176,0,0,0,0,,,,50
12905494,0.5,0,0,0,0,0,0,0,0,0,8.52939224,8.08860207,0,0,0,0,176,0,0,0,0,,,,50
12906626,0.5,0,0,0,0,0,0,0,0,0,8.52939224,8.08860207,0,0,0,0,176,0,0,0,0,,,,50
12907754,0.5,0,0,0,0,0,0,0,0,0,8.53240585,8.08649063,0,0,0,0,176,0,0,0,0,,,,50
12908881,0.5,0,0,0,0,0,0,0,0,0,8.52939224,8.08860207,0,0,0,0,176,0,0,0,0,,,,50
12910009,0.5,0,0,0,0,0,0,0,0,0,8.52939224,8.08860207,0,0,0,0,176,0,0,0,0,,,,50
12911136,0.5,0,0,0,0,0,0,0,0,0,8.52939224,8.08860207,0,0,0,0,176,0,0,0,0,,,,50
12912264,0.5,0,0,0,0,0,0,0,0,0,8.52637863,8.08649063,0,0,0,0,176,0,0,0,0,,,,50
12913396,0.5,0,0,0,0,0,0,0,0,0,8.52939224,8.08860207,0,0,0,0,176,0,0,0,0,,,,50
12914523,0.5,0,0,0,0,0,0,0,0,0,8.52939224,8.08860207,0,0,0,0,176,0,0,0,0,,,,50
12915650,0.5,0,0,0,0,0,0,0,0,0,8.52939224,8.08860207,0,0,0,0,176,0,0,0,0,,,,50
12916778,0.5,0,0,0,0,0,0,0,0,0,8.53240585,8.08860207,0,0,0,0,176,0,0,0,0,,,,50
12917905,0.5,0,0,0,0,0,0,0,0,0,8.52939224,8.08860207,0,0,0,0,176,0,0,0,0,,,,50
12919037,0.5,0,0,0,0,0,0,0,0,0,8.52939224,8.08860207,0,0,0,0,176,0,0,0,0,,,,50
12920165,0.5,0,0,0,0,0,0,0,0,0,8.52939224,8.08860207,0,0,0,0,176,0,0,0,0,,,,50
12921292,0.5,0,0,0,0,0,0,0,0,0,8.52939224,8.08860207,0,0,0,0,176,0,0,0,0,,,,50
12922419,0.5,0,0,0,0,0,0,0,0,0,8.52939224,8.08860207,0,0,0,0,176,0,0,0,0,,,,50
12923751,0.5,0,0,0,0,0,0,0,0,0,8.52939224,8.08860207,0,0,0,0,176,0,0,0,0,,,,50
12924878,0.5,0,0,0,0,0,0,0,0,0,8.53240585,8.08860207,0,0,0,0,176,0,0,0,0,,,,50
12926010,0.5,0,0,0,0,0,0,0,0,0,8.52939224,8.08860207,0,0,0,0,176,0,0,0,0,,,,50
12927138,0.5,0,0,0,0,0,0,0,0,0,8.52939224,8.08860207,0,0,0,0,176,0,0,0,0,,,,50
12928265,0.5,0,0,0,0,0,0,0,0,0,8.52939224,8.08860207,0,0,0,0,176,0,0,0,0,,,,50
12929393,0.5,0,0,0,0,0,0,0,0,0,8.52939224,8.08860207,0,0,0,0,176,0,0,0,0,,,,50
12930520,0.5,0,0,0,0,0,0,0,0,0,8.52939224,8.08860207,0,0,0,0,176,0,0,0,0,,,,50
12931652,0.5,0,0,0,0,0,0,0,0,0,8.52939224,8.08860207,0,0,0,0,177,0,0,0,0,,,,50
12932779,0.5,0,0,0,0,0,0,0,0,0,8.53240585,8.08860207,0,0,0,0,177,0,0,0,0,,,,50
12933907,0.5,0,0,0,0,0,0,0,0,0,8.53240585,8.08860207,0,0,0,0,177,0,0,0,0,,,,50
12935034,0.5,0,0,0,0,0,0,0,0,0,8.52939224,8.08649063,0,0,0,0,177,0,0,0,0,,,,50
12936162,0.5,0,0,0,0,0,0,0,0,0,8.52939224,8.08860207,0,0,0,0,177,0,0,0,0,,,,50
12937289,0.5,0,0,0,0,0,0,0,0,0,8.52939224,8.08860207,0,0,0,0,177,0,0,0,0,,,,50
12938421,0.5,0,0,0,0,0,0,0,0,0,8.52939224,8.08860207,0,0,0,0,177,0,0,0,0,,,,50
12939548,0.5,0,0,0,0,0,0,0,0,0,8.52637863,8.08860207,0,0,0,0,177,0,0,0,0,,,,50
12940676,0.5,0,0,0,0,0,0,0,0,0,8.52939224,8.08860207,0,0,0,0,177,0,0,0,0,,,,50
12941803,0.5,0,0,0,0,0,0,0,0,0,8.52939224,8.08860207,0,0,0,0,177,0,0,0,0,,,,50
12942930,0.5,0,0,0,0,0,0,0,0,0,8.52939224,8.08860207,0,0,0,0,177,0,0,0,0,,,,50
12944266,0.5,0,0,0,0,0,0,0,0,0,8.52939224,8.08860207,0,0,0,0,177,0,0,0,0,,,,50
12945393,0.5,0,0,0,0,0,0,0,0,0,8.52939224,8.08860207,0,0,0,0,177,0,0,0,0,,,,50
12946520,0.5,0,0,0,0,0,0,0,0,0,8.52939224,8.08860207,0,0,0,0,177,0,0,0,0,,,,50
12947647,0.5,0,0,0,0,0,0,0,0,0,8.53240585,8.08860207,0,0,0,0,177,0,0,0,0,,,,50
12948774,0.5,0,0,0,0,0,0,0,0,0,8.52939224,8.08860207,0,0,0,0,177,0,0,0,0,,,,50
12949902,0.5,0,0,0,0,0,0,0,0,0,8.52637863,8.08860207,0,0,0,0,177,0,0,0,0,,,,50
12951034,0.5,0,0,0,0,0,0,0,0,0,8.52939224,8.08860207,0,0,0,0,177,0,0,0,0,,,,50
12952161,0.5,0,0,0,0,0,0,0,0,0,8.52637863,8.08860207,0,0,0,0,177,0,0,0,0,,,,50
12953289,0.5,0,0,0,0,0,0,0,0,0,8.53240585,8.08649063,0,0,0,0,177,0,0,0,0,,,,50
12954416,0.5,0,0,0,0,0,0,0,0,0,8.52939224,8.08860207,0,0,0,0,177,0,0,0,0,,,,50
12955543,0.5,0,0,0,0,0,0,0,0,0,8.52939224,8.08860207,0,0,0,0,177,0,0,0,0,,,,50
12956675,0.5,0,0,0,0,0,0,0,0,0,8.52939224,8.08860207,0,0,0,0,177,0,0,0,0,,,,50
12957803,0.5,0,0,0,0,0,0,0,0,0,8.53240585,8.08860207,0,0,0,0,177,0,0,0,0,,,,50
12958930,0.5,0,0,0,0,0,0,0,0,0,8.52939224,8.08860207,0,0,0,0,177,0,0,0,0,,,,50
12960057,0.5,0,0,0,0,0,0,0,0,0,8.52939224,8.08860207,0,0,0,0,177,0,0,0,0,,,,50
12961184,0.5,0,0,0,0,0,0,0,0,0,8.52939224,8.08649063,0,0,0,0,177,0,0,0,0,,,,50
12962311,0.5,0,0,0,0,0,0,0,0,0,8.52939224,8.08860207,0,0,0,0,177,0,0,0,0,,,,50
12963443,0.5,0,0,0,0,0,0,0,0,0,8.52939224,8.08860207,0,0,0,0,177,0,0,0,0,,,,50
12964774,0.5,0,0,0,0,0,0,0,0,0,8.52939224,8.08649063,0,0,0,0,177,0,0,0,0,,,,50
12965901,0.5,0,0,0,0,0,0,0,0,0,8.52939224,8.0907135,0,0,0,0,177,0,0,0,0,,,,50
12967028,0.5,0,0,0,0,0,0,0,0,0,8.52939224,8.0907135,0,0,0,0,177,0,0,0,0,,,,50
12968156,0.5,0,0,0,0,0,0,0,0,0,8.52939224,8.08649063,0,0,0,0,177,0,0,0,0,,,,50
12969283,0.5,0,0,0,0,0,0,0,0,0,8.52939224,8.08860207,0,0,0,0,177,0,0,0,0,,,,50
12970415,0.5,0,0,0,0,0,0,0,0,0,8.52939224,8.08860207,0,0,0,0,177,0,0,0,0,,,,50
12971542,0.5,0,0,0,0,0,0,0,0,0,8.52939224,8.0907135,0,0,0,0,177,0,0,0,0,,,,50
12972670,0.5,0,0,0,0,0,0,0,0,0,8.52939224,8.08860207,0,0,0,0,177,0,0,0,0,,,,50
12973797,0.5,0,0,0,0,0,0,0,0,0,8.52939224,8.08860207,0,0,0,0,177,0,0,0,0,,,,50
12974924,0.5,0,0,0,0,0,0,0,0,0,8.52939224,8.08860207,0,0,0,0,177,0,0,0,0,,,,50
12976056,0.5,0,0,0,0,0,0,0,0,0,8.53240585,8.08860207,0,0,0,0,177,0,0,0,0,,,,50
12977184,0.5,0,0,0,0,0,0,0,0,0,8.52939224,8.08649063,0,0,0,0,177,0,0,0,0,,,,50
12978311,0.5,0,0,0,0,0,0,0,0,0,8.52939224,8.08860207,0,0,0,0,177,0,0,0,0,,,,50
12979438,0.5,0,0,0,0,0,0,0,0,0,8.52939224,8.08860207,0,0,0,0,177,0,0,0,0,,,,50
12980566,0.5,0,0,0,0,0,0,0,0,0,8.52939224,8.08649063,0,0,0,0,177,0,0,0,0,,,,50
12981693,0.5,0,0,0,0,0,0,0,0,0,8.52939224,8.08860207,0,0,0,0,177,0,0,0,0,,,,50
12982825,0.5,0,0,0,0,0,0,0,0,0,8.52939224,8.08649063,0,0,0,0,177,0,0,0,0,,,,50
12983952,0.5,0,0,0,0,0,0,0,0,0,8.52939224,8.08649063,0,0.00714798551,0,0,177,0,0,0,0,,,,50
12985080,0.5,0,0,0,0,0,0,0,0,0,8.52939224,8.08649063,0,0,0,0,177,0,0,0,0,,,,50
12986411,0.5,0,0,0,0,0,0,0,0,0,8.52939224,8.08860207,0,0,0,0,177,0,0,0,0,,,,50
12987539,0.5,0,0,0,0,0,0,0,0,0,8.52939224,8.08860207,0,0,0,0,177,0,0,0,0,,,,50
12988671,0.5,0,0,0,0,0,0,0,0,0,8.52939224,8.08860207,0,0,0,0,177,0,0,0,0,,,,50
12989798,0.5,0,0,0,0,0,0,0,0,0,8.52939224,8.08860207,0,0,0,0,177,0,0,0,0,,,,50
12990925,0.5,0,0,0,0,0,0,0,0,0,8.52939224,8.08860207,0,0.00714798551,0,0,177,0,0,0,0,,,,50
12992053,0.5,0,0,0,0,0,0,0,0,0,8.52939224,8.08860207,0,0,0,0,177,0,0,0,0,,,,50
12993180,0.5,0,0,0,0,0,0,0,0,0,8.52939224,8.08649063,0,0,0,0,177,0,0,0,0,,,,50
12994307,0.5,0,0,0,0,0,0,0,0,0,8.52939224,8.08860207,0,0,0,0,177,0,0,0,0,,,,50
12995439,0.5,0,0,0,0,0,0,0,0,0,8.52637863,8.08860207,0,0,0,0,177,0,0,0,0,,,,50
12996567,0.5,0,0,0,0,0,0,0,0,0,8.52939224,8.08649063,0,0,0,0,177,0,0,0,0,,,,50
12997694,0.5,0,0,0,0,0,0,0,0,0,8.52939224,8.08649063,0,0,0,0,177,0,0,0,0,,,,50
12998821,0.5,0,0,0,0,0,0,0,0,0,8.52939224,8.08860207,0,0,0,0,177,0,0,0,0,,,,50
12999948,0.5,0,0,0,0,0,0,0,0,0,8.52939224,8.08860207,0,0,0,0,177,0,0,0,0,,,,50
13001080,0.5,0,0,0,0,0,0,0,0,0,8.52939224,8.08860207,0,0,0,0,177,0,0,0,0,,,,50
13002207,0.5,0,0,0,0,0,0,0,0,0,8.53240585,8.08860207,0,0,0,0,177,0,0,0,0,,,,50
13003334,0.5,0,0,0,0,0,0,0,0,0,8.52939224,8.08649063,0,0,0,0,177,0,0,0,0,,,,50
13004462,0.5,0,0,0,0,0,0,0,0,0,8.52939224,8.08860207,0,0,0,0,177,0,0,0,0,,,,50
13005589,0.5,0,0,0,0,0,0,0,0,0,8.52939224,8.08860207,0,0,0,0,177,0,0,0,0,,,,50
13006920,0.5,0,0,0,0,0,0,0,0,0,8.52939224,8.08860207,0,0,0,0,177,0,0,0,0,,,,50
13008052,0.5,0,0,0,0,0,0,0,0,0,8.52939224,8.08860207,0,0,0,0,177,0,0,0,0,,,,50
13009180,0.5,0,0,0,0,0,0,0,0,0,8.52939224,8.08649063,0,0,0,0,177,0,0,0,0,,,,50
13010307,0.5,0,0,0,0,0,0,0,0,0,8.52637863,8.08860207,0,0,0,0,177,0,0,0,0,,,,50
13011434,0.5,0,0,0,0,0,0,0,0,0,8.52939224,8.08860207,0,0,0,0,177,0,0,0,0,,,,50
13012562,0.5,0,0,0,0,0,0,0,0,0,8.52637863,8.08649063,0,0,0,0,177,0,0,0,0,,,,50
13013689,0.5,0,0,0,0,0,0,0,0,0,8.52939224,8.08860207,0,0,0,0,177,0,0,0,0,,,,50
13014821,0.5,0,0,0,0,0,0,0,0,0,8.52939224,8.08860207,0,0,0,0,177,0,0,0,0,,,,50
13015948,0.5,0,0,0,0,0,0,0,0,0,8.53240585,8.08860207,0,0,0,0,177,0,0,0,0,,,,50
13017076,0.5,0,0,0,0,0,0,0,0,0,8.52939224,8.08860207,0,0,0,0,177,0,0,0,0,,,,50
13018203,0.5,0,0,0,0,0,0,0,0,0,8.53240585,8.08860207,0,0,0,0,177,0,0,0,0,,,,50
13019330,0.5,0,0,0,0,0,0,0,0,0,8.52939224,8.08860207,0,0,0,0,177,0,0,0,0,,,,50
13020462,0.5,0,0,0,0,0,0,0,0,0,8.52939224,8.08860207,0,0,0,0,177,0,0,0,0,,,,50
13021590,0.5,0,0,0,0,0,0,0,0,0,8.52939224,8.0907135,0,0,0,0,177,0,0,0,0,,,,50
13022717,0.5,0,0,0,0,0,0,0,0,0,8.52939224,8.0907135,0,0,0,0,177,0,0,0,0,,,,50
13023844,0.5,0,0,0,0,0,0,0,0,0,8.52939224,8.08649063,0,0,0,0,177,0,0,0,0,,,,50
13024972,0.5,0,0,0,0,0,0,0,0,0,8.53240585,8.08649063,0,0,0,0,177,0,0,0,0,,,,50
13026099,0.5,0,0,0,0,0,0,0,0,0,8.53240585,8.08649063,0,0,0,0,177,0,0,0,0,,,,50
13027231,0.5,0,0,0,0,0,0,0,0,0,8.52939224,8.08860207,0,0,0,0,177,0,0,0,0,,,,50
13028562,0.5,0,0,0,0,0,0,0,0,0,8.52637863,8.08649063,0,0,0,0,177,0,0,0,0,,,,50
13029690,0.5,0,0,0,0,0,0,0,0,0,8.52939224,8.08649063,0,0,0,0,177,0,0,0,0,,,,50
13030817,0.5,0,0,0,0,0,0,0,0,0,8.52939224,8.08649063,0,0,0,0,177,0,0,0,0,,,,50
13031945,0.5,0,0,0,0,0,0,0,0,0,8.52939224,8.08649063,0.00714798551,0,0,0,177,0,0,0,0,,,,50
13033077,0.5,0,0,0,0,0,0,0,0,0,8.52939224,8.08860207,0,0,0,0,177,0,0,0,0,,,,50
13034204,0.5,0,0,0,0,0,0,0,0,0,8.52939224,8.08860207,0,0,0,0,177,0,0,0,0,,,,50
13035331,0.5,0,0,0,0,0,0,0,0,0,8.52939224,8.08860207,0,0,0,0,177,0,0,0,0,,,,50
13036459,0.5,0,0,0,0,0,0,0,0,0,8.52939224,8.08649063,0,0,0,0,177,0,0,0,0,,,,50
13037586,0.5,0,0,0,0,0,0,0,0,0,8.52939224,8.08860207,0,0,0,0,177,0,0,0,0,,,,50
13038714,0.5,0,0,0,0,0,0,0,0,0,8.52939224,8.08860207,0,0,0,0,177,0,0,0,0,,,,50
13039846,0.5,0,0,0,0,0,0,0,0,0,8.52939224,8.08860207,0,0,0,0,177,0,0,0,0,,,,50
13040973,0.5,0,0,0,0,0,0,0,0,0,8.52939224,8.08860207,0,0,0,0,177,0,0,0,0,,,,50
13042100,0.5,0,0,0,0,0,0,0,0,0,8.52637863,8.08860207,0,0,0,0,177,0,0,0,0,,,,50
13043228,0.5,0,0,0,0,0,0,0,0,0,8.52939224,8.0907135,0,0,0,0,177,0,0,0,0,,,,50
13044355,0.5,0,0,0,0,0,0,0,0,0,8.53240585,8.08860207,0,0,0,0,177,0,0,0,0,,,,50
13045487,0.5,0,0,0,0,0,0,0,0,0,8.52939224,8.08860207,0,0,0,0,177,0,0,0,0,,,,50
13046615,0.5,0,0,0,0,0,0,0,0,0,8.52939224,8.08860207,0,0,0,0,177,0,0,0,0,,,,50
13047742,0.5,0,0,0,0,0,0,0,0,0,8.52939224,8.08649063,0,0,0,0,177,0,0,0,0,,,,50
13049074,0.5,0,0,0,0,0,0,0,0,0,8.52939224,8.08860207,0,0,0,0,177,0,0,0,0,,,,50
13050201,0.5,0,0,0,0,0,0,0,0,0,8.52939224,8.08860207,0,0,0,0,177,0,0,0,0,,,,50
13051328,0.5,0,0,0,0,0,0,0,0,0,8.52939224,8.08649063,0,0,0,0,177,0,0,0,0,,,,50
13052460,0.5,0,0,0,0,0,0,0,0,0,8.52939224,8.08860207,0,0,0,0,177,0,0,0,0,,,,50
13053588,0.5,0,0,0,0,0,0,0,0,0,8.52939224,8.08649063,0,0,0,0,177,0,0,0,0,,,,50
13054715,0.5,0,0,0,0,0,0,0,0,0,8.52939224,8.08860207,0,0,0,0,177,0,0,0,0,,,,50
13055843,0.5,0,0,0,0,0,0,0,0,0,8.53240585,8.08649063,0,0,0,0,177,0,0,0,0,,,,50
13056970,0.5,0,0,0,0,0,0,0,0,0,8.52939224,8.08649063,0,0,0,0,178,0,0,0,0,,,,50
13058098,0.5,0,0,0,0,0,0,0,0,0,8.52939224,8.0843792,0,0,0,0,178,0,0,0,0,,,,50
13059230,0.5,0,0,0,0,0,0,0,0,0,8.52939224,8.08649063,0,0,0,0,178,0,0,0,0,,,,50
13060357,0.5,0,0,0,0,0,0,0,0,0,8.52939224,8.08860207,0,0,0,0,178,0,0,0,0,,,,50
13061485,0.5,0,0,0,0,0,0,0,0,0,8.52939224,8.08649063,0,0,0,0,178,0,0,0,0,,,,50
13062612,0.5,0,0,0,0,0,0,0,0,0,8.52939224,8.08860207,0,0,0,0,178,0,0,0,0,,,,50
13063739,0.5,0,0,0,0,0,0,0,0,0,8.52939224,8.08649063,0,0,0,0,178,0,0,0,0,,,,50
13064872,0.5,0,0,0,0,0,0,0,0,0,8.52939224,8.08860207,0,0,0,0,178,0,0,0,0,,,,50
13065999,0.5,0,0,0,0,0,0,0,0,0,8.52939224,8.08860207,0,0,0,0,178,0,0,0,0,,,,50
13067127,0.5,0,0,0,0,0,0,0,0,0,8.53240585,8.08860207,0,0,0,0,178,0,0,0,0,,,,50
13068254,0.5,0,0,0,0,0,0,0,0,0,8.52939224,8.08860207,0,0,0,0,178,0,0,0,0,,,,50
13069382,0.5,0,0,0,0,0,0,0,0,0,8.52637863,8.08860207,0,0,0,0,178,0,0,0,0,,,,50
13070713,0.5,0,0,0,0,0,0,0,0,0,8.52939224,8.08860207,0,0,0,0,178,0,0,0,0,,,,50
13071845,0.5,0,0,0,0,0,0,0,0,0,8.52939224,8.08860207,0,0,0,0,178,0,0,0,0,,,,50
13072973,0.5,0,0,0,0,0,0,0,0,0,8.53240585,8.08649063,0,0,0,0,178,0,0,0,0,,,,50
13074100,0.5,0,0,0,0,0,0,0,0,0,8.52939224,8.08649063,0,0,0,0,178,0,0,0,0,,,,50
13075228,0.5,0,0,0,0,0,0,0,0,0,8.53240585,8.08860207,0,0,0,0,178,0,0,0,0,,,,50
13076355,0.5,0,0,0,0,0,0,0,0,0,8.52939224,8.08860207,0,0,0,0,178,0,0,0,0,,,,50
13077487,0.5,0,0,0,0,0,0,0,0,0,8.52939224,8.08649063,0,0,0,0,178,0,0,0,0,,,,50
13078615,0.5,0,0,0,0,0,0,0,0,0,8.52939224,8.08860207,0,0,0,0,178,0,0,0,0,,,,50
13079742,0.5,0,0,0,0,0,0,0,0,0,8.52939224,8.08649063,0,0,0,0,178,0,0,0,0,,,,50
13080869,0.5,0,0,0,0,0,0,0,0,0,8.52939224,8.08649063,0,0,0,0,178,0,0,0,0,,,,50
13081997,0.5,0,0,0,0,0,0,0,0,0,8.52939224,8.08649063,0,0,0,0,178,0,0,0,0,,,,50
13083124,0.5,0,0,0,0,0,0,0,0,0,8.52939224,8.08860207,0,0,0,0,178,0,0,0,0,,,,50
13084256,0.5,0,0,0,0,0,0,0,0,0,8.52939224,8.08860207,0,0,0,0,178,0,0,0,0,,,,50
13085383,0.5,0,0,0,0,0,0,0,0,0,8.52939224,8.08860207,0,0,0,0,178,0,0,0,0,,,,50
13086511,0.5,0,0,0,0,0,0,0,0,0,8.52939224,8.08860207,0,0,0,0,178,0,0,0,0,,,,50
13087638,0.5,0,0,0,0,0,0,0,0,0,8.52939224,8.08649063,0,0,0,0,178,0,0,0,0,,,,50
13088766,0.5,0,0,0,0,0,0,0,0,0,8.52939224,8.08860207,0,0,0,0,178,0,0,0,0,,,,50
13089898,0.5,0,0,0,0,0,0,0,0,0,8.52939224,8.08860207,0,0,0,0,178,0,0,0,0,,,,50
13091229,0.5,0,0,0,0,0,0,0,0,0,8.52939224,8.08649063,0,0,0,0,178,0,0,0,0,,,,50
13092357,0.5,0,0,0,0,0,0,0,0,0,8.52939224,8.0907135,0,0,0,0,178,0,0,0,0,,,,50
13093484,0.5,0,0,0,0,0,0,0,0,0,8.52939224,8.08860207,0,0,0,0,178,0,0,0,0,,,,50
13094612,0.5,0,0,0,0,0,0,0,0,0,8.52637863,8.08860207,0,0,0,0,178,0,0,0,0,,,,50
13095739,0.5,0,0,0,0,0,0,0,0,0,8.52939224,8.08649063,0,0,0,0,178,0,0,0,0,,,,50
13096871,0.5,0,0,0,0,0,0,0,0,0,8.52939224,8.08860207,0,0,0,0,178,0,0,0,0,,,,50
13097999,0.5,0,0,0,0,0,0,0,0,0,8.52939224,8.08860207,0,0,0,0,178,0,0,0,0,,,,50
13099126,0.5,0,0,0,0,0,0,0,0,0,8.52939224,8.08860207,0,0,0,0,178,0,0,0,0,,,,50
13100253,0.5,0,0,0,0,0,0,0,0,0,8.53240585,8.08649063,0,0,0,0,178,0,0,0,0,,,,50
13101381,0.5,0,0,0,0,0,0,0,0,0,8.52939224,8.08860207,0,0,0,0,178,0,0,0,0,,,,50
13102513,0.5,0,0,0,0,0,0,0,0,0,8.52939224,8.08860207,0,0,0,0,178,0,0,0,0,,,,50
13103640,0.5,0,0,0,0,0,0,0,0,0,8.52939224,8.08649063,0,0,0,0,178,0,0,0,0,,,,50
13104768,0.5,0,0,0,0,0,0,0,0,0,8.52939224,8.08860207,0,0,0,0,178,0,0,0,0,,,,50
13105895,0.5,0,0,0,0,0,0,0,0,0,8.52939224,8.08860207,0,0,0,0,178,0,0,0,0,,,,50
13107022,0.5,0,0,0,0,0,0,0,0,0,8.52939224,8.08860207,0,0,0,0,178,0,0,0,0,,,,50
13108150,0.5,0,0,0,0,0,0,0,0,0,8.52939224,8.08860207,0,0,0,0,178,0,0,0,0,,,,50
13109282,0.5,0,0,0,0,0,0,0,0,0,8.52939224,8.08860207,0,0,0,0,178,0,0,0,0,,,,50
13110409,0.5,0,0,0,0,0,0,0,0,0,8.52939224,8.08649063,0,0,0,0,178,0,0,0,0,,,,50
13111536,0.5,0,0,0,0,0,0,0,0,0,8.52939224,8.08860207,0,0,0,0,178,0,0,0,0,,,,50
13112868,0.5,0,0,0,0,0,0,0,0,0,8.52939224,8.08649063,0,0,0,0,178,0,0,0,0,,,,50
13113995,0.5,0,0,0,0,0,0,0,0,0,8.52939224,8.08860207,0,0,0,0,178,0,0,0,0,,,,50
13115122,0.5,0,0,0,0,0,0,0,0,0,8.52939224,8.08860207,0,0,0,0,178,0,0,0,0,,,,50
13116254,0.5,0,0,0,0,0,0,0,0,0,8.52939224,8.08860207,0,0,0,0,178,0,0,0,0,,,,50
13117382,0.5,0,0,0,0,0,0,0,0,0,8.52939224,8.08860207,0,0,0,0,178,0,0,0,0,,,,50
13118509,0.5,0,0,0,0,0,0,0,0,0,8.52939224,8.08649063,0,0,0,0,178,0,0,0,0,,,,50
13119636,0.5,0,0,0,0,0,0,0,0,0,8.52939224,8.08860207,0,0,0,0,178,0,0,0,0,,,,50
13120764,0.5,0,0,0,0,0,0,0,0,0,8.53240585,8.08860207,0,0,0,0,178,0,0,0,0,,,,50
13121896,0.5,0,0,0,0,0,0,0,0,0,8.52939224,8.08860207,0,0,0,0,178,0,0,0,0,,,,50
13123023,0.5,0,0,0,0,0,0,0,0,0,8.52939224,8.08860207,0,0,0,0,178,0,0,0,0,,,,50
13124151,0.5,0,0,0,0,0,0,0,0,0,8.52939224,8.08860207,0,0,0,0,178,0,0,0,0,,,,50
13125278,0.5,0,0,0,0,0,0,0,0,0,8.52939224,8.08860207,0,0,0,0,178,0,0,0,0,,,,50
13126406,0.5,0,0,0,0,0,0,0,0,0,8.53240585,8.08860207,0,0,0,0,178,0,0,0,0,,,,50
13127533,0.5,0,0,0,0,0,0,0,0,0,8.52939224,8.08860207,0,0,0,0,178,0,0,0,0,,,,50
13128665,0.5,0,0,0,0,0,0,0,0,0,8.52939224,8.08649063,0,0,0,0,178,0,0,0,0,,,,50
13129793,0.5,0,0,0,0,0,0,0,0,0,8.52939224,8.08649063,0,0,0,0,178,0,0,0,0,,,,50
13130920,0.5,0,0,0,0,0,0,0,0,0,8.52939224,8.08649063,0,0,0,0,178,0,0,0,0,,,,50
13132048,0.5,0,0,0,0,0,0,0,0,0,8.52939224,8.08860207,0,0,0,0,178,0,0,0,0,,,,50
13133379,0.5,0,0,0,0,0,0,0,0,0,8.52939224,8.08860207,0,0,0,0,178,0,0,0,0,,,,50
13134511,0.5,0,0,0,0,0,0,0,0,0,8.52939224,8.08649063,0,0,0,0,178,0,0,0,0,,,,50
13135638,0.5,0,0,0,0,0,0,0,0,0,8.52939224,8.08860207,0,0,0,0,178,0,0,0,0,,,,50
13136765,0.5,0,0,0,0,0,0,0,0,0,8.52939224,8.08649063,0,0,0,0,178,0,0,0,0,,,,50
13137892,0.5,0,0,0,0,0,0,0,0,0,8.53240585,8.08860207,0,0,0,0,178,0,0,0,0,,,,50
13139019,0.5,0,0,0,0,0,0,0,0,0,8.52939224,8.08860207,0,0,0,0,178,0,0,0,0,,,,50
13140146,0.5,0,0,0,0,0,0,0,0,0,8.52939224,8.08860207,0,0,0,0,178,0,0,0,0,,,,50
13141278,0.5,0,0,0,0,0,0,0,0,0,8.52939224,8.08860207,0,0,0,0,178,0,0,0,0,,,,50
13142406,0.5,0,0,0,0,0,0,0,0,0,8.52939224,8.08649063,0,0.00714798551,0,0,178,0,0,0,0,,,,50
13143533,0.5,0,0,0,0,0,0,0,0,0,8.52939224,8.08860207,0,0,0,0,178,0,0,0,0,,,,50
13144660,0.5,0,0,0,0,0,0,0,0,0,8.52637863,8.08649063,0,0,0,0,178,0,0,0,0,,,,50
13145788,0.5,0,0,0,0,0,0,0,0,0,8.52939224,8.08860207,0,0,0,0,178,0,0,0,0,,,,50
13146920,0.5,0,0,0,0,0,0,0,0,0,8.52939224,8.08860207,0,0,0,0,178,0,0,0,0,,,,50
13148047,0.5,0,0,0,0,0,0,0,0,0,8.52939224,8.08860207,0,0,0,0,178,0,0,0,0,,,,50
13149174,0.5,0,0,0,0,0,0,0,0,0,8.53240585,8.08860207,0,0,0,0,178,0,0,0,0,,,,50
13150302,0.5,0,0,0,0,0,0,0,0,0,8.52939224,8.08860207,0,0,0,0,178,0,0,0,0,,,,50
13151429,0.5,0,0,0,0,0,0,0,0,0,8.52939224,8.08860207,0,0,0,0,178,0,0,0,0,,,,50
13152556,0.5,0,0,0,0,0,0,0,0,0,8.52939224,8.08649063,0,0,0,0,178,0,0,0,0,,,,50
13153892,0.5,0,0,0,0,0,0,0,0,0,8.52939224,8.08649063,0,0,0,0,178,0,0,0,0,,,,50
13155019,0.5,0,0,0,0,0,0,0,0,0,8.52939224,8.08860207,0,0,0,0,178,0,0,0,0,,,,50
13156147,0.5,0,0,0,0,0,0,0,0,0,8.53240585,8.08860207,0,0,0,0,178,0,0,0,0,,,,50
13157274,0.5,0,0,0,0,0,0,0,0,0,8.52939224,8.08860207,0,0,0,0,178,0,0,0,0,,,,50
13158401,0.5,0,0,0,0,0,0,0,0,0,8.52939224,8.08860207,0,0,0,0,178,0,0,0,0,,,,50
13159528,0.5,0,0,0,0,0,0,0,0,0,8.52939224,8.08860207,0,0,0,0,178,0,0,0,0,,,,50
13160660,0.5,0,0,0,0,0,0,0,0,0,8.52939224,8.08860207,0,0,0,0,178,0,0,0,0,,,,50
13161788,0.5,0,0,0,0,0,0,0,0,0,8.52939224,8.08860207,0,0,0,0,178,0,0,0,0,,,,50
13162915,0.5,0,0,0,0,0,0,0,0,0,8.52939224,8.08860207,0,0,0,0,178,0,0,0,0,,,,50
13164042,0.5,0,0,0,0,0,0,0,0,0,8.52939224,8.08860207,0,0,0,0,178,0,0,0,0,,,,50
13165170,0.5,0,0,0,0,0,0,0,0,0,8.52637863,8.08649063,0,0,0,0,178,0,0,0,0,,,,50
13166302,0.5,0,0,0,0,0,0,0,0,0,8.53240585,8.08860207,0,0,0,0,178,0,0,0,0,,,,50
13167429,0.5,0,0,0,0,0,0,0,0,0,8.52637863,8.08860207,0,0,0,0,178,0,0,0,0,,,,50
13168556,0.5,0,0,0,0,0,0,0,0,0,8.52939224,8.08649063,0,0,0,0,178,0,0,0,0,,,,50
13169683,0.5,0,0,0,0,0,0,0,0,0,8.53240585,8.08649063,0,0,0,0,178,0,0,0,0,,,,50
13170810,0.5,0,0,0,0,0,0,0,0,0,8.52939224,8.08649063,0,0,0,0,178,0,0,0,0,,,,50
13171938,0.5,0,0,0,0,0,0,0,0,0,8.52939224,8.08649063,0,0,0,0,178,0,0,0,0,,,,50
13173070,0.5,0,0,0,0,0,0,0,0,0,8.52939224,8.08860207,0,0,0,0,178,0,0,0,0,,,,50
13174197,0.5,0,0,0,0,0,0,0,0,0,8.52637863,8.08860207,0,0.00714798551,0,0,178,0,0,0,0,,,,50
13175528,0.5,0,0,0,0,0,0,0,0,0,8.52939224,8.08860207,0,0,0,0,178,0,0,0,0,,,,50
13176656,0.5,0,0,0,0,0,0,0,0,0,8.52939224,8.08860207,0,0,0,0,178,0,0,0,0,,,,50
13177783,0.5,0,0,0,0,0,0,0,0,0,8.52939224,8.08860207,0,0,0,0,178,0,0,0,0,,,,50
13178915,0.5,0,0,0,0,0,0,0,0,0,8.52939224,8.08860207,0,0,0,0,178,0,0,0,0,,,,50
13180042,0.5,0,0,0,0,0,0,0,0,0,8.52637863,8.08860207,0,0,0,0,178,0,0,0,0,,,,50
13181170,0.5,0,0,0,0,0,0,0,0,0,8.53240585,8.08649063,0,0,0,0,178,0,0,0,0,,,,50
13182297,0.5,0,0,0,0,0,0,0,0,0,8.52939224,8.08860207,0,0,0,0,178,0,0,0,0,,,,50
13183424,0.5,0,0,0,0,0,0,0,0,0,8.52637863,8.08860207,0,0,0,0,178,0,0,0,0,,,,50
13184552,0.5,0,0,0,0,0,0,0,0,0,8.52939224,8.08860207,0,0,0,0,178,0,0,0,0,,,,50
13185684,0.5,0,0,0,0,0,0,0,0,0,8.52939224,8.08860207,0,0,0,0,178,0,0,0,0,,,,50
13186811,0.5,0,0,0,0,0,0,0,0,0,8.52939224,8.08649063,0,0,0,0,178,0,0,0,0,,,,50
13187939,0.5,0,0,0,0,0,0,0,0,0,8.52939224,8.08860207,0,0,0,0,178,0,0,0,0,,,,50
13189066,0.5,0,0,0,0,0,0,0,0,0,8.52939224,8.08860207,0,0,0,0,178,0,0,0,0,,,,50
13190193,0.5,0,0,0,0,0,0,0,0,0,8.52939224,8.08860207,0,0,0,0,178,0,0,0,0,,,,50
13191325,0.5,0,0,0,0,0,0,0,0,0,8.52939224,8.08860207,0,0,0,0,178,0,0,0,0,,,,50
13192452,0.5,0,0,0,0,0,0,0,0,0,8.52939224,8.08860207,0,0,0,0,178,0,0,0,0,,,,50
13193580,0.5,0,0,0,0,0,0,0,0,0,8.53240585,8.08860207,0,0,0,0,178,0,0,0,0,,,,50
13194707,0.5,0,0,0,0,0,0,0,0,0,8.52939224,8.08860207,0,0,0,0,178,0,0,0,0,,,,50
13196038,0.5,0,0,0,0,0,0,0,0,0,8.52939224,8.08860207,0,0,0,0,178,0,0,0,0,,,,50
13197165,0.5,0,0,0,0,0,0,0,0,0,8.53240585,8.08860207,0,0,0,0,178,0,0,0,0,,,,50
13198297,0.5,0,0,0,0,0,0,0,0,0,8.53240585,8.0907135,0,0,0,0,178,0,0,0,0,,,,50
13199424,0.5,0,0,0,0,0,0,0,0,0,8.53240585,8.08860207,0,0.00714798551,0,0,178,0,0,0,0,,,,50
13200551,0.5,0,0,0,0,0,0,0,0,0,8.52939224,8.08860207,0,0,0,0,178,0,0,0,0,,,,50
13201678,0.5,0,0,0,0,0,0,0,0,0,8.53240585,8.08860207,0,0,0,0,178,0,0,0,0,,,,50
13202805,0.5,0,0,0,0,0,0,0,0,0,8.52939224,8.08860207,0,0,0,0,178,0,0,0,0,,,,50
13203932,0.5,0,0,0,0,0,0,0,0,0,8.52939224,8.08860207,0,0,0,0,178,0,0,0,0,,,,50
13205064,0.5,0,0,0,0,0,0,0,0,0,8.52939224,8.08860207,0,0,0,0,178,0,0,0,0,,,,50
13206191,0.5,0,0,0,0,0,0,0,0,0,8.52637863,8.08649063,0,0,0,0,178,0,0,0,0,,,,50
13207318,0.5,0,0,0,0,0,0,0,0,0,8.52939224,8.08649063,0,0,0,0,178,0,0,0,0,,,,50
13208445,0.5,0,0,0,0,0,0,0,0,0,8.52939224,8.08860207,0,0,0,0,178,0,0,0,0,,,,50
13209572,0.5,0,0,0,0,0,0,0,0,0,8.52939224,8.08649063,0,0,0,0,178,0,0,0,0,,,,50
13210704,0.5,0,0,0,0,0,0,0,0,0,8.52939224,8.08860207,0,0,0,0,178,0,0,0,0,,,,50
13211831,0.5,0,0,0,0,0,0,0,0,0,8.52939224,8.08860207,0,0,0,0,178,0,0,0,0,,,,50
13212958,0.5,0,0,0,0,0,0,0,0,0,8.52939224,8.08860207,0,0,0,0,178,0,0,0,0,,,,50
13214086,0.5,0,0,0,0,0,0,0,0,0,8.52939224,8.08860207,0,0,0,0,178,0,0,0,0,,,,50
13215213,0.5,0,0,0,0,0,0,0,0,0,8.52939224,8.08860207,0,0,0,0,178,0,0,0,0,,,,50
13216340,0.5,0,0,0,0,0,0,0,0,0,8.52939224,8.08649063,0,0,0,0,178,0,0,0,0,,,,50
13217676,0.5,0,0,0,0,0,0,0,0,0,8.52939224,8.08649063,0,0,0,0,178,0,0,0,0,,,,50
13218803,0.5,0,0,0,0,0,0,0,0,0,8.53240585,8.08860207,0,0,0,0,178,0,0,0,0,,,,50
13219930,0.5,0,0,0,0,0,0,0,0,0,8.52939224,8.08649063,0,0,0,0,178,0,0,0,0,,,,50
13221057,0.5,0,0,0,0,0,0,0,0,0,8.52939224,8.08649063,0,0,0,0,178,0,0,0,0,,,,50
13222184,0.5,0,0,0,0,0,0,0,0,0,8.52939224,8.08649063,0,0,0,0,178,0,0,0,0,,,,50
13223316,0.5,0,0,0,0,0,0,0,0,0,8.52939224,8.08860207,0,0,0,0,178,0,0,0,0,,,,50
13224443,0.5,0,0,0,0,0,0,0,0,0,8.52939224,8.08649063,0,0,0,0,178,0,0,0,0,,,,50
13225570,0.5,0,0,0,0,0,0,0,0,0,8.52939224,8.08860207,0,0,0,0,178,0,0,0,0,,,,50
13226697,0.5,0,0,0,0,0,0,0,0,0,8.52939224,8.08860207,0,0,0,0,178,0,0,0,0,,,,50
13227824,0.5,0,0,0,0,0,0,0,0,0,8.52939224,8.08649063,0,0,0,0,178,0,0,0,0,,,,50
13228951,0.5,0,0,0,0,0,0,0,0,0,8.52939224,8.08649063,0,0,0,0,178,0,0,0,0,,,,50
13230082,0.5,0,0,0,0,0,0,0,0,0,8.52939224,8.08860207,0,0,0,0,178,0,0,0,0,,,,50
13231210,0.5,0,0,0,0,0,0,0,0,0,8.52939224,8.08649063,0,0,0,0,178,0,0,0,0,,,,50
13232337,0.5,0,0,0,0,0,0,0,0,0,8.52939224,8.08649063,0,0,0,0,178,0,0,0,0,,,,50
13233464,0.5,0,0,0,0,0.00805860758,0,0,0,0,8.52939224,8.08860207,0,0,0,0,178,0,0,0,0,,,,50
13234591,0.5,0,0,0,0,0,0,0,0,0,8.52939224,8.08860207,0,0,0,0,178,0,0,0,0,,,,50
13235723,0.5,0,0,0,0,0,0,0,0,0,8.52939224,8.08649063,0,0,0,0,178,0,0,0,0,,,,50
13236851,0.5,0,0,0,0,0,0,0,0,0,8.52939224,8.08649063,0,0,0,0,178,0,0,0,0,,,,50
13238182,0.5,0,0,0,0,0,0,0,0,0,8.52939224,8.08860207,0,0,0,0,178,0,0,0,0,,,,50
13239309,0.5,0,0,0,0,0,0,0,0,0,8.53240585,8.08860207,0,0,0,0,178,0,0,0,0,,,,50
13240437,0.5,0,0,0,0,0,0,0,0,0,8.52939224,8.08649063,0,0,0,0,178,0,0,0,0,,,,50
13241564,0.5,0,0,0,0,0,0,0,0,0,8.52939224,8.08860207,0,0,0,0,178,0,0,0,0,,,,50
13242696,0.5,0,0,0,0,0,0,0,0,0,8.52939224,8.08649063,0,0,0,0,178,0,0,0,0,,,,50
13243823,0.5,0,0,0,0,0,0,0,0,0,8.52939224,8.08860207,0,0,0,0,178,0,0,0,0,,,,50
13244950,0.5,0,0,0,0,0,0,0,0,0,8.52939224,8.08860207,0,0,0,0,178,0,0,0,0,,,,50
13246076,0.5,0,0,0,0,0,0,0,0,0,8.52939224,8.08860207,0,0,0,0,178,0,0,0,0,,,,50
13247203,0.5,0,0,0,0,0,0,0,0,0,8.52939224,8.08860207,0,0,0,0,178,0,0,0,0,,,,50
13248335,0.5,0,0,0,0,0,0,0,0,0,8.52939224,8.0843792,0,0,0,0,178,0,0,0,0,,,,50
13249463,0.5,0,0,0,0,0,0,0,0,0,8.52939224,8.08860207,0,0,0,0,178,0,0,0,0,,,,50
13250590,0.5,0,0,0,0,0,0,0,0,0,8.52939224,8.08860207,0,0,0,0,178,0,0,0,0,,,,50
13251717,0.5,0,0,0,0,0,0,0,0,0,8.52939224,8.08649063,0,0,0,0,178,0,0,0,0,,,,50
13252845,0.5,0,0,0,0,0,0,0,0,0,8.52939224,8.08860207,0,0,0,0,178,0,0,0,0,,,,50
13253972,0.5,0,0,0,0,0,0,0,0,0,8.52939224,8.08860207,0,0,0,0,178,0,0,0,0,,,,50
13255104,0.5,0,0,0,0,0,0,0,0,0,8.52939224,8.08860207,0,0,0,0,178,0,0,0,0,,,,50
13256231,0.5,0,0,0,0,0,0,0,0,0,8.52939224,8.08860207,0,0,0,0,178,0,0,0,0,,,,50
13257358,0.5,0,0,0,0,0,0,0,0,0,8.52939224,8.08860207,0,0,0,0,178,0,0,0,0,,,,50
13258486,0.5,0,0,0,0,0,0,0,0,0,8.52939224,8.08860207,0,0,0,0,178,0,0,0,0,,,,50
13259817,0.5,0,0,0,0,0,0,0,0,0,8.52939224,8.0907135,0,0,0,0,178,0,0,0,0,,,,50
13260943,0.5,0,0,0,0,0,0,0,0,0,8.52939224,8.08860207,0,0,0,0,178,0,0,0,0,,,,50
13262075,0.5,0,0,0,0,0,0,0,0,0,8.52939224,8.08860207,0,0,0,0,178,0,0,0,0,,,,50
13263203,0.5,0,0,0,0,0,0,0,0,0,8.52939224,8.08860207,0,0,0,0,178,0,0,0,0,,,,50
13264330,0.5,0,0,0,0,0,0,0,0,0,8.52939224,8.08860207,0,0,0,0,178,0,0,0,0,,,,50
13265457,0.5,0,0,0,0,0,0,0,0,0,8.52939224,8.08860207,0,0,0,0,178,0,0,0,0,,,,50
13266585,0.5,0,0,0,0,0,0,0,0,0,8.53240585,8.08860207,0,0,0,0,178,0,0,0,0,,,,50
13267716,0.5,0,0,0,0,0,0,0,0,0,8.52939224,8.08649063,0,0,0,0,178,0,0,0,0,,,,50
13268843,0.5,0,0,0,0,0,0,0,0,0,8.52939224,8.08860207,0,0,0,0,178,0,0,0,0,,,,50
13269971,0.5,0,0,0,0,0,0,0,0,0,8.52939224,8.08649063,0,0,0,0,178,0,0,0,0,,,,50
13271098,0.5,0,0,0,0,0,0,0,0,0,8.52939224,8.08649063,0,0,0,0,178,0,0,0,0,,,,50
13272225,0.5,0,0,0,0,0,0,0,0,0,8.53240585,8.08860207,0,0,0,0,178,0,0,0,0,,,,50
13273352,0.5,0,0,0,0,0,0,0,0,0,8.53240585,8.08649063,0,0,0,0,178,0,0,0,0,,,,50
13274484,0.5,0,0,0,0,0,0,0,0,0,8.52637863,8.08649063,0,0,0,0,178,0,0,0,0,,,,50
13275611,0.5,0,0,0,0,0,0,0,0,0,8.52637863,8.08860207,0,0,0,0,178,0,0,0,0,,,,50
13276738,0.5,0,0,0,0,0,0,0,0,0,8.52939224,8.08860207,0,0,0,0,178,0,0,0,0,,,,50
13277866,0.5,0,0,0,0,0,0,0,0,0,8.52939224,8.08860207,0,0,0,0,178,0,0,0,0,,,,50
13278993,0.5,0,0,0,0,0,0,0,0,0,8.52939224,8.08860207,0,0,0,0,178,0,0,0,0,,,,50
13280329,0.5,0,0,0,0,0,0,0,0,0,8.52939224,8.08649063,0,0,0,0,178,0,0,0,0,,,,50
13281456,0.5,0,0,0,0,0,0,0,0,0,8.52939224,8.08860207,0,0,0,0,178,0,0,0,0,,,,50
13282584,0.5,0,0,0,0,0,0,0,0,0,8.52939224,8.08860207,0,0,0,0,178,0,0,0,0,,,,50
13283711,0.5,0,0,0,0,0,0,0,0,0,8.52939224,8.08860207,0,0,0,0,178,0,0,0,0,,,,50
13284838,0.5,0,0,0,0,0,0,0,0,0,8.52939224,8.08860207,0,0,0,0,178,0,0,0,0,,,,50
13285966,0.5,0,0,0,0,0,0,0,0,0,8.52939224,8.08860207,0,0,0,0,178,0,0,0,0,,,,50
13287098,0.5,0,0,0,0,0,0,0,0,0,8.53240585,8.0843792,0,0,0,0,178,0,0,0,0,,,,50
13288225,0.5,0,0,0,0,0,0,0,0,0,8.52939224,8.08860207,0,0,0,0,178,0,0,0,0,,,,50
13289352,0.5,0,0,0,0,0,0,0,0,0,8.52939224,8.08860207,0,0,0,0,178,0,0,0,0,,,,50
13290480,0.5,0,0,0,0,0,0,0,0,0,8.52939224,8.08860207,0,0,0,0,178,0,0,0,0,,,,50
13291607,0.5,0,0,0,0,0,0,0,0,0,8.52939224,8.08649063,0,0,0,0,178,0,0,0,0,,,,50
13292739,0.5,0,0,0,0,0,0,0,0,0,8.52939224,8.08860207,0,0,0,0,178,0,0,0,0,,,,50
13293866,0.5,0,0,0,0,0,0,0,0,0,8.52939224,8.08860207,0,0,0,0,178,0,0,0,0,,,,50
13294993,0.5,0,0,0,0,0,0,0,0,0,8.52939224,8.08649063,0,0,0,0,178,0,0,0,0,,,,50
13296121,0.5,0,0,0,0,0,0,0,0,0,8.52939224,8.08860207,0,0,0,0,178,0,0,0,0,,,,50
13297248,0.5,0,0,0,0,0,0,0,0,0,8.52939224,8.08860207,0,0,0,0,178,0,0,0,0,,,,50
13298375,0.5,0,0,0,0,0,0,0,0,0,8.52939224,8.08860207,0,0,0,0,178,0,0,0,0,,,,50
13299507,0.5,0,0,0,0,0,0,0,0,0,8.52939224,8.08860207,0,0,0,0,178,0,0,0,0,,,,50
13300838,0.5,0,0,0,0,0,0,0,0,0,8.52939224,8.08860207,0,0,0,0,178,0,0,0,0,,,,50
13301966,0.5,0,0,0,0,0,0,0,0,0,8.52939224,8.08860207,0,0,0,0,178,0,0,0,0,,,,50
13303093,0.5,0,0,0,0,0,0,0,0,0,8.52939224,8.08860207,0,0,0,0,178,0,0,0,0,,,,50
13304220,0.5,0,0,0,0,0,0,0,0,0,8.52939224,8.08649063,0,0,0,0,178,0,0,0,0,,,,50
13305348,0.5,0,0,0,0,0,0,0,0,0,8.53240585,8.08860207,0.00714798551,0,0,0,178,0,0,0,0,,,,50
13306480,0.5,0,0,0,0,0,0,0,0,0,8.52939224,8.08860207,0,0,0,0,178,0,0,0,0,,,,50
13307607,0.5,0,0,0,0,0,0,0,0,0,8.52939224,8.08649063,0,0,0,0,178,0,0,0,0,,,,50
13308734,0.5,0,0,0,0,0,0,0,0,0,8.52939224,8.08860207,0,0,0,0,178,0,0,0,0,,,,50
13309862,0.5,0,0,0,0,0,0,0,0,0,8.52939224,8.0907135,0,0,0,0,178,0,0,0,0,,,,50
13310989,0.5,0,0,0,0,0,0,0,0,0,8.52939224,8.08860207,0,0,0,0,178,0,0,0,0,,,,50
13312121,0.5,0,0,0,0,0,0,0,0,0,8.52939224,8.08860207,0,0,0,0,178,0,0,0,0,,,,50
13313248,0.5,0,0,0,0,0,0,0,0,0,8.52939224,8.08860207,0,0,0,0,178,0,0,0,0,,,,50
13314376,0.5,0,0,0,0,0,0,0,0,0,8.52939224,8.08860207,0,0,0,0,178,0,0,0,0,,,,50
13315503,0.5,0,0,0,0,0,0,0,0,0,8.52939224,8.08860207,0,0,0,0,178,0,0,0,0,,,,50
13316630,0.5,0,0,0,0,0,0,0,0,0,8.52939224,8.0907135,0,0,0,0,178,0,0,0,0,,,,50
13317757,0.5,0,0,0,0,0,0,0,0,0,8.52939224,8.08649063,0,0,0,0,178,0,0,0,0,,,,50
13318889,0.5,0,0,0,0,0,0,0,0,0,8.52939224,8.08860207,0,0,0,0,178,0,0,0,0,,,,50
13320016,0.5,0,0,0,0,0,0,0,0,0,8.52939224,8.08649063,0,0,0,0,178,0,0,0,0,,,,50
13321143,0.5,0,0,0,0,0,0,0,0,0,8.52939224,8.08649063,0,0,0,0,178,0,0,0,0,,,,50
13322474,0.5,0,0,0,0,0,0,0,0,0,8.52939224,8.08860207,0,0,0,0,178,0,0,0,0,,,,50
13323602,0.5,0,0,0,0,0,0,0,0,0,8.52939224,8.08860207,0,0,0,0,178,0,0,0,0,,,,50
13324733,0.5,0,0,0,0,0,0,0,0,0,8.53240585,8.08860207,0,0,0,0,178,0,0,0,0,,,,50
13325861,0.5,0,0,0,0,0,0,0,0,0,8.52939224,8.08860207,0,0,0,0,178,0,0,0,0,,,,50
13326988,0.5,0,0,0,0,0,0,0,0,0,8.52939224,8.08860207,0,0,0,0,178,0,0,0,0,,,,50
13328115,0.5,0,0,0,0,0,0,0,0,0,8.52939224,8.08860207,0,0,0,0,178,0,0,0,0,,,,50
13329243,0.5,0,0,0,0,0,0,0,0,0,8.52939224,8.08860207,0,0.00714798551,0,0,178,0,0,0,0,,,,50
13330370,0.5,0,0,0,0,0,0,0,0,0,8.52939224,8.08860207,0,0,0,0,178,0,0,0,0,,,,50
13331502,0.5,0,0,0,0,0,0,0,0,0,8.52939224,8.08649063,0,0,0,0,178,0,0,0,0,,,,50
13332629,0.5,0,0,0,0,0,0,0,0,0,8.52939224,8.08860207,0,0,0,0,178,0,0,0,0,,,,50
13333757,0.5,0,0,0,0,0,0,0,0,0,8.52939224,8.08860207,0,0,0,0,178,0,0,0,0,,,,50
13334884,0.5,0,0,0,0,0,0,0,0,0,8.52939224,8.08649063,0,0,0,0,178,0,0,0,0,,,,50
13336011,0.5,0,0,0,0,0,0,0,0,0,8.52939224,8.08860207,0,0,0,0,178,0,0,0,0,,,,50
13337144,0.5,0,0,0,0,0,0,0,0,0,8.52939224,8.08860207,0,0,0,0,178,0,0,0,0,,,,50
13338271,0.5,0,0,0,0,0,0,0,0,0,8.52637863,8.08649063,0,0,0,0,178,0,0,0,0,,,,50
13339398,0.5,0,0,0,0,0,0,0,0,0,8.52637863,8.08860207,0,0,0,0,178,0,0,0,0,,,,50
13340526,0.5,0,0,0,0,0,0,0,0,0,8.52939224,8.08649063,0,0,0,0,178,0,0,0,0,,,,50
13341653,0.5,0,0,0,0,0,0,0,0,0,8.52939224,8.08860207,0,0,0,0,178,0,0,0,0,,,,50
13342984,0.5,0,0,0,0,0,0,0,0,0,8.52939224,8.08860207,0,0,0,0,178,0,0,0,0,,,,50
13344116,0.5,0,0,0,0,0,0,0,0,0,8.52939224,8.08860207,0,0,0,0,178,0,0,0,0,,,,50
13345244,0.5,0,0,0,0,0,0,0,0,0,8.52939224,8.08860207,0,0,0,0,178,0,0,0,0,,,,50
13346371,0.5,0,0,0,0,0,0,0,0,0,8.52939224,8.08860207,0,0,0,0,178,0,0,0,0,,,,50
13347498,0.5,0,0,0,0,0,0,0,0,0,8.52939224,8.08860207,0,0,0,0,178,0,0,0,0,,,,50
13348626,0.5,0,0,0,0,0,0,0,0,0,8.52939224,8.08860207,0,0,0,0,178,0,0,0,0,,,,50
13349753,0.5,0,0,0,0,0,0,0,0,0,8.52939224,8.08649063,0,0,0,0,178,0,0,0,0,,,,50
13350885,0.5,0,0,0,0,0,0,0,0,0,8.52939224,8.08860207,0,0,0,0,178,0,0,0,0,,,,50
13352012,0.5,0,0,0,0,0,0,0,0,0,8.52939224,8.08860207,0,0.00714798551,0,0,178,0,0,0,0,,,,50
13353139,0.5,0,0,0,0,0,0,0,0,0,8.52637863,8.08860207,0,0,0,0,178,0,0,0,0,,,,50
13354266,0.5,0,0,0,0,0,0,0,0,0,8.52939224,8.08860207,0,0,0,0,178,0,0,0,0,,,,50
13355393,0.5,0,0,0,0,0,0,0,0,0,8.52939224,8.08860207,0,0,0,0,178,0,0,0,0,,,,50
13356525,0.5,0,0,0,0,0,0,0,0,0,8.52939224,8.08860207,0,0,0,0,178,0,0,0,0,,,,50
13357652,0.5,0,0,0,0,0,0,0,0,0,8.52939224,8.08860207,0,0,0,0,178,0,0,0,0,,,,50
13358780,0.5,0,0,0,0,0,0,0,0,0,8.52939224,8.08860207,0,0,0,0,178,0,0,0,0,,,,50
13359907,0.5,0,0,0,0,0,0,0,0,0,8.52939224,8.08860207,0,0,0,0,178,0,0,0,0,,,,50
13361034,0.5,0,0,0,0,0,0,0,0,0,8.52939224,8.08860207,0,0,0,0,178,0,0,0,0,,,,50
13362162,0.5,0,0,0,0,0,0,0,0,0,8.53240585,8.08860207,0,0,0,0,178,0,0,0,0,,,,50
13363294,0.5,0,0,0,0,0,0,0,0,0,8.53240585,8.08860207,0,0,0,0,178,0,0,0,0,,,,50
13364625,0.5,0,0,0,0,0,0,0,0,0,8.52939224,8.08649063,0,0,0,0,178,0,0,0,0,,,,50
13365752,0.5,0,0,0,0,0,0,0,0,0,8.52939224,8.08649063,0,0,0,0,178,0,0,0,0,,,,50
13366880,0.5,0,0,0,0,0,0,0,0,0,8.52939224,8.08860207,0,0,0,0,178,0,0,0,0,,,,50
13368007,0.5,0,0,0,0,0,0,0,0,0,8.52939224,8.08649063,0,0,0,0,178,0,0,0,0,,,,50
13369139,0.5,0,0,0,0,0,0,0,0,0,8.52939224,8.08860207,0,0,0,0,178,0,0,0,0,,,,50
13370266,0.5,0,0,0,0,0,0,0,0,0,8.52939224,8.08860207,0,0,0,0,178,0,0,0,0,,,,50
13371394,0.5,0,0,0,0,0,0,0,0,0,8.53240585,8.08860207,0,0,0,0,178,0,0,0,0,,,,50
13372521,0.5,0,0,0,0,0,0,0,0,0,8.52939224,8.08860207,0,0,0,0,178,0,0,0,0,,,,50
13373648,0.5,0,0,0,0,0,0,0,0,0,8.52939224,8.08860207,0,0,0,0,178,0,0,0,0,,,,50
13374776,0.5,0,0,0,0,0,0,0,0,0,8.52939224,8.08860207,0,0,0,0,178,0,0,0,0,,,,50
13375908,0.5,0,0,0,0,0,0,0,0,0,8.52939224,8.0907135,0,0,0,0,178,0,0,0,0,,,,50
13377035,0.5,0,0,0,0,0,0,0,0,0,8.52939224,8.08860207,0,0,0,0,178,0,0,0,0,,,,50
13378162,0.5,0,0,0,0,0,0,0,0,0,8.52939224,8.08649063,0,0,0,0,178,0,0,0,0,,,,50
13379290,0.5,0,0,0,0,0,0,0,0,0,8.52939224,8.08860207,0,0,0,0,178,0,0,0,0,,,,50
13380417,0.5,0,0,0,0,0,0,0,0,0,8.52939224,8.08860207,0,0,0,0,178,0,0,0,0,,,,50
13381549,0.5,0,0,0,0,0,0,0,0,0,8.52939224,8.08860207,0,0,0,0,178,0,0,0,0,,,,50
13382676,0.5,0,0,0,0,0,0,0,0,0,8.52939224,8.08649063,0,0,0,0,178,0,0,0,0,,,,50
13383802,0.5,0,0,0,0,0,0,0,0,0,8.52939224,8.08860207,0,0,0,0,178,0,0,0,0,,,,50
13385134,0.5,0,0,0,0,0,0,0,0,0,8.52939224,8.08860207,0,0,0,0,178,0,0,0,0,,,,50
13386261,0.5,0,0,0,0,0,0,0,0,0,8.52939224,8.08860207,0,0,0,0,178,0,0,0,0,,,,50
13387388,0.5,0,0,0,0,0,0,0,0,0,8.52939224,8.08860207,0,0,0,0,178,0,0,0,0,,,,50
13388521,0.5,0,0,0,0,0,0,0,0,0,8.52939224,8.08860207,0,0,0,0,178,0,0,0,0,,,,50
13389648,0.5,0,0,0,0,0,0,0,0,0,8.52637863,8.08860207,0,0,0,0,178,0,0,0,0,,,,50
13390775,0.5,0,0,0,0,0,0,0,0,0,8.52939224,8.08649063,0,0,0,0,178,0,0,0,0,,,,50
13391903,0.5,0,0,0,0,0,0,0,0,0,8.52939224,8.08860207,0,0,0,0,178,0,0,0,0,,,,50
13393030,0.5,0,0,0,0,0,0,0,0,0,8.52939224,8.08860207,0,0,0,0,178,0,0,0,0,,,,50
13394161,0.5,0,0,0,0,0,0,0,0,0,8.52939224,8.08860207,0,0,0,0,178,0,0,0,0,,,,50
13395288,0.5,0,0,0,0,0,0,0,0,0,8.52939224,8.08649063,0,0,0,0,178,0,0,0,0,,,,50
13396415,0.5,0,0,0,0,0,0,0,0,0,8.52939224,8.08649063,0,0,0,0,178,0,0,0,0,,,,50
13397542,0.5,0,0,0,0,0,0,0,0,0,8.52939224,8.08649063,0,0,0,0,178,0,0,0,0,,,,50
13398669,0.5,0,0,0,0,0,0,0,0,0,8.52939224,8.08860207,0,0,0,0,178,0,0,0,0,,,,50
13399796,0.5,0,0,0,0,0,0,0,0,0,8.52939224,8.08860207,0,0,0,0,178,0,0,0,0,,,,50
13400928,0.5,0,0,0,0,0,0,0,0,0,8.52939224,8.08649063,0,0,0,0,178,0,0,0,0,,,,50
13402055,0.5,0,0,0,0,0,0,0,0,0,8.52939224,8.08649063,0,0,0,0,178,0,0,0,0,,,,50
13403183,0.5,0,0,0,0,0,0,0,0,0,8.52939224,8.08649063,0,0,0,0,178,0,0,0,0,,,,50
13404310,0.5,0,0,0,0,0,0,0,0,0,8.52939224,8.08860207,0,0,0,0,178,0,0,0,0,,,,50
13405437,0.5,0,0,0,0,0,0,0,0,0,8.52939224,8.08860207,0,0,0,0,178,0,0,0,0,,,,50
13406768,0.5,0,0,0,0,0,0,0,0,0,8.52939224,8.08860207,0,0,0,0,178,0,0,0,0,,,,50
13407900,0.5,0,0,0,0,0,0,0,0,0,8.52939224,8.08649063,0,0,0,0,178,0,0,0,0,,,,50
13409028,0.5,0,0,0,0,0,0,0,0,0,8.52939224,8.08860207,0,0,0,0,178,0,0,0,0,,,,50
13410155,0.5,0,0,0,0,0,0,0,0,0,8.52939224,8.08860207,0,0,0,0,178,0,0,0,0,,,,50
13411282,0.5,0,0,0,0,0,0,0,0,0,8.52939224,8.08649063,0,0,0,0,178,0,0,0,0,,,,50
13412410,0.5,0,0,0,0,0,0,0,0,0,8.52939224,8.08860207,0,0,0,0,178,0,0,0,0,,,,50
13413542,0.5,0,0,0,0,0,0,0,0,0,8.52939224,8.08860207,0,0,0,0,178,0,0,0,0,,,,50
13414669,0.5,0,0,0,0,0,0,0,0,0,8.52939224,8.0907135,0,0,0,0,178,0,0,0,0,,,,50
13415796,0.5,0,0,0,0,0,0,0,0,0,8.52939224,8.08860207,0,0,0,0,178,0,0,0,0,,,,50
13416923,0.5,0,0,0,0,0,0,0,0,0,8.52939224,8.08649063,0,0,0,0,178,0,0,0,0,,,,50
13418051,0.5,0,0,0,0,0,0,0,0,0,8.53240585,8.08649063,0,0,0,0,178,0,0,0,0,,,,50
13419178,0.5,0,0,0,0,0,0,0,0,0,8.52939224,8.08649063,0,0,0,0,178,0,0,0,0,,,,50
13420310,0.5,0,0,0,0,0,0,0,0,0,8.52939224,8.08860207,0,0,0,0,178,0,0,0,0,,,,50
13421437,0.5,0,0,0,0,0,0,0,0,0,8.52939224,8.08860207,0,0,0,0,178,0,0,0,0,,,,50
13422565,0.5,0,0,0,0,0,0,0,0,0,8.52939224,8.08649063,0,0,0,0,178,0,0,0,0,,,,50
13423692,0.5,0,0,0,0,0,0,0,0,0,8.52939224,8.08860207,0,0,0,0,178,0,0,0,0,,,,50
13424819,0.5,0,0,0,0,0,0,0,0,0,8.52939224,8.08860207,0,0,0,0,178,0,0,0,0,,,,50
13425951,0.5,0,0,0,0,0,0,0,0,0,8.52939224,8.08649063,0,0,0,0,178,0,0,0,0,,,,50
13427282,0.5,0,0,0,0,0,0,0,0,0,8.52939224,8.08860207,0,0,0,0,178,0,0,0,0,,,,50
13428410,0.5,0,0,0,0,0,0,0,0,0,8.52939224,8.08860207,0,0,0,0,178,0,0,0,0,,,,50
13429537,0.5,0,0,0,0,0,0,0,0,0,8.52939224,8.08860207,0,0,0,0,178,0,0,0,0,,,,50
13430664,0.5,0,0,0,0,0,0,0,0,0,8.52939224,8.08860207,0,0,0,0,178,0,0,0,0,,,,50
13431792,0.5,0,0,0,0,0,0,0,0,0,8.52939224,8.08860207,0,0,0,0,178,0,0,0,0,,,,50
13432924,0.5,0,0,0,0,0,0,0,0,0,8.52939224,8.08860207,0,0,0,0,178,0,0,0,0,,,,50
13434051,0.5,0,0,0,0,0,0,0,0,0,8.52637863,8.08649063,0,0,0,0,178,0,0,0,0,,,,50
13435179,0.5,0,0,0,0,0,0,0,0,0,8.52939224,8.08860207,0,0,0,0,178,0,0,0,0,,,,50
13436306,0.5,0,0,0,0,0,0,0,0,0,8.52939224,8.08860207,0,0,0,0,178,0,0,0,0,,,,50
13437433,0.5,0,0,0,0,0,0,0,0,0,8.52939224,8.08860207,0,0,0,0,178,0,0,0,0,,,,50
13438565,0.5,0,0,0,0,0,0,0,0,0,8.52939224,8.08649063,0,0,0,0,178,0,0,0,0,,,,50
13439692,0.5,0,0,0,0,0,0,0,0,0,8.52939224,8.08860207,0,0,0,0,178,0,0,0,0,,,,50
13440819,0.5,0,0,0,0,0,0,0,0,0,8.52939224,8.08860207,0,0,0,0,178,0,0,0,0,,,,50
13441947,0.5,0,0,0,0,0,0,0,0,0,8.52939224,8.08860207,0,0,0,0,178,0,0,0,0,,,,50
13443074,0.5,0,0,0,0,0,0,0,0,0,8.52939224,8.08649063,0,0,0,0,178,0,0,0,0,,,,50
13444201,0.5,0,0,0,0,0,0,0,0,0,8.52939224,8.08649063,0,0,0,0,178,0,0,0,0,,,,50
13445333,0.5,0,0,0,0,0,0,0,0,0,8.52939224,8.08860207,0,0,0,0,178,0,0,0,0,,,,50
13446460,0.5,0,0,0,0,0,0,0,0,0,8.52939224,8.08860207,0,0,0,0,178,0,0,0,0,,,,50
13447791,0.5,0,0,0,0,0,0,0,0,0,8.52939224,8.08860207,0,0,0,0,178,0,0,0,0,,,,50
13448918,0.5,0,0,0,0,0,0,0,0,0,8.52939224,8.08649063,0,0,0,0,178,0,0,0,0,,,,50
13450045,0.5,0,0,0,0,0,0,0,0,0,8.52939224,8.08860207,0,0,0,0,178,0,0,0,0,,,,50
13451172,0.5,0,0,0,0,0,0,0,0,0,8.52939224,8.08860207,0,0,0,0,178,0,0,0,0,,,,50
13452304,0.5,0,0,0,0,0,0,0,0,0,8.52939224,8.08860207,0,0,0,0,178,0,0,0,0,,,,50
13453431,0.5,0,0,0,0,0,0,0,0,0,8.52939224,8.08649063,0,0,0,0,178,0,0,0,0,,,,50
13454558,0.5,0,0,0,0,0,0,0,0,0,8.52939224,8.08649063,0,0,0,0,178,0,0,0,0,,,,50
13455685,0.5,0,0,0,0,0,0,0,0,0,8.53240585,8.08860207,0,0,0,0,178,0,0,0,0,,,,50
13456813,0.5,0,0,0,0,0,0,0,0,0,8.52939224,8.08860207,0,0,0,0,178,0,0,0,0,,,,50
13457945,0.5,0,0,0,0,0,0,0,0,0,8.52939224,8.08860207,0,0,0,0,178,0,0,0,0,,,,50
13459072,0.5,0,0,0,0,0,0,0,0,0,8.52939224,8.08860207,0,0,0,0,178,0,0,0,0,,,,50
13460199,0.5,0,0,0,0,0,0,0,0,0,8.52939224,8.08860207,0,0,0,0,178,0,0,0,0,,,,50
13461327,0.5,0,0,0,0,0,0,0,0,0,8.52939224,8.08860207,0,0,0,0,178,0,0,0,0,,,,50
13462454,0.5,0,0,0,0,0,0,0,0,0,8.53240585,8.08860207,0,0,0,0,178,0,0,0,0,,,,50
13463581,0.5,0,0,0,0,0,0,0,0,0,8.52939224,8.08860207,0,0,0,0,178,0,0,0,0,,,,50
13464713,0.5,0,0,0,0,0,0,0,0,0,8.52939224,8.08649063,0,0,0,0,178,0,0,0,0,,,,50
13465840,0.5,0,0,0,0,0,0,0,0,0,8.52939224,8.08860207,0,0,0,0,178,0,0,0,0,,,,50
13466968,0.5,0,0,0,0,0,0,0,0,0,8.52939224,8.08860207,0,0,0,0,178,0,0,0,0,,,,50
13468095,0.5,0,0,0,0,0,0,0,0,0,8.52939224,8.08860207,0,0,0,0,178,0,0,0,0,,,,50
13469427,0.5,0,0,0,0,0,0,0,0,0,8.52939224,8.08860207,0,0,0,0,178,0,0,0,0,,,,50
13470559,0.5,0,0,0,0,0,0,0,0,0,8.53240585,8.08860207,0,0,0,0,178,0,0,0,0,,,,50
13471686,0.5,0,0,0,0,0,0,0,0,0,8.53240585,8.08649063,0,0,0,0,178,0,0,0,0,,,,50
13472813,0.5,0,0,0,0,0,0,0,0,0,8.52939224,8.08860207,0,0,0,0,178,0,0,0,0,,,,50
13473940,0.5,0,0,0,0,0,0,0,0,0,8.52939224,8.08860207,0,0,0,0,178,0,0,0,0,,,,50
13475067,0.5,0,0,0,0,0,0,0,0,0,8.52939224,8.08860207,0,0,0,0,178,0,0,0,0,,,,50
13476194,0.5,0,0,0,0,0,0,0,0,0,8.52939224,8.08860207,0,0,0,0,178,0,0,0,0,,,,50
13477326,0.5,0,0,0,0,0,0,0,0,0,8.52939224,8.08860207,0,0,0,0,178,0,0,0,0,,,,50
13478453,0.5,0,0,0,0,0,0,0,0,0,8.52939224,8.08860207,0,0,0,0,178,0,0,0,0,,,,50
13479581,0.5,0,0,0,0,0,0,0,0,0,8.52939224,8.08649063,0,0,0,0,178,0,0,0,0,,,,50
13480708,0.5,0,0,0,0,0,0,0,0,0,8.52939224,8.08860207,0,0,0,0,178,0,0,0,0,,,,50
13481835,0.5,0,0,0,0,0,0,0,0,0,8.52939224,8.08860207,0,0,0,0,178,0,0,0,0,,,,50
13482968,0.5,0,0,0,0,0,0,0,0,0,8.53240585,8.08649063,0,0,0,0,178,0,0,0,0,,,,50
13484095,0.5,0,0,0,0,0,0,0,0,0,8.52637863,8.08649063,0,0,0,0,178,0,0,0,0,,,,50
13485222,0.5,0,0,0,0,0,0,0,0,0,8.52939224,8.08860207,0,0,0,0,178,0,0,0,0,,,,50
13486349,0.5,0,0,0,0,0,0,0,0,0,8.52939224,8.08860207,0,0,0,0,178,0,0,0,0,,,,50
13487477,0.5,0,0,0,0,0,0,0,0,0,8.53240585,8.08860207,0,0,0,0,178,0,0,0,0,,,,50
13488604,0.5,0,0,0,0,0,0,0,0,0,8.52637863,8.08860207,0,0,0,0,178,0,0,0,0,,,,50
13489940,0.5,0,0,0,0,0,0,0,0,0,8.53240585,8.08649063,0,0,0,0,178,0,0,0,0,,,,50
13491067,0.5,0,0,0,0,0,0,0,0,0,8.52939224,8.08649063,0,0,0,0,178,0,0,0,0,,,,50
13492194,0.5,0,0,0,0,0,0,0,0,0,8.52939224,8.08860207,0,0,0,0,178,0,0,0,0,,,,50
13493321,0.5,0,0,0,0,0,0,0,0,0,8.52939224,8.08860207,0,0,0,0,178,0,0,0,0,,,,50
13494448,0.5,0,0,0,0,0,0,0,0,0,8.53240585,8.08649063,0,0,0,0,178,0,0,0,0,,,,50
13495575,0.5,0,0,0,0,0,0,0,0,0,8.52939224,8.08649063,0,0,0,0,178,0,0,0,0,,,,50
13496707,0.5,0,0,0,0,0,0,0,0,0,8.52939224,8.08860207,0,0,0,0,178,0,0,0,0,,,,50
13497835,0.5,0,0,0,0,0,0,0,0,0,8.52939224,8.08649063,0,0,0,0,178,0,0,0,0,,,,50
13498962,0.5,0,0,0,0,0,0,0,0,0,8.52939224,8.08860207,0,0,0,0,178,0,0,0,0,,,,50
13500089,0.5,0,0,0,0,0,0,0,0,0,8.52939224,8.08860207,0,0,0,0,178,0,0,0,0,,,,50
13501216,0.5,0,0,0,0,0,0,0,0,0,8.52939224,8.08860207,0,0,0,0,178,0,0,0,0,,,,50
13502348,0.5,0,0,0,0,0,0,0,0,0,8.52939224,8.08860207,0,0,0,0,178,0,0,0,0,,,,50
13503476,0.5,0,0,0,0,0,0,0,0,0,8.53240585,8.08860207,0,0,0,0,178,0,0,0,0,,,,50
13504603,0.5,0,0,0,0,0,0,0,0,0,8.52939224,8.08649063,0,0,0,0,178,0,0,0,0,,,,50
13505730,0.5,0,0,0,0,0,0,0,0,0,8.52939224,8.0907135,0,0,0,0,178,0,0,0,0,,,,50
13506857,0.5,0,0,0,0,0,0,0,0,0,8.52939224,8.08860207,0,0,0,0,178,0,0,0,0,,,,50
13507985,0.5,0,0,0,0,0,0,0,0,0,8.52939224,8.08860207,0,0,0,0,178,0,0,0,0,,,,50
13509117,0.5,0,0,0,0,0,0,0,0,0,8.52939224,8.08860207,0,0,0,0,178,0,0,0,0,,,,50
13510244,0.5,0,0,0,0,0,0,0,0,0,8.52939224,8.08860207,0,0,0,0,178,0,0,0,0,,,,50
13511576,0.5,0,0,0,0,0,0,0,0,0,8.52939224,8.08860207,0,0,0,0,178,0,0,0,0,,,,50
13512703,0.5,0,0,0,0,0,0,0,0,0,8.52939224,8.08860207,0,0,0,0,178,0,0,0,0,,,,50
13513830,0.5,0,0,0,0,0,0,0,0,0,8.52939224,8.08860207,0,0,0,0,178,0,0,0,0,,,,50
13514962,0.5,0,0,0,0,0,0,0,0,0,8.52939224,8.08860207,0,0,0,0,178,0,0,0,0,,,,50
13516089,0.5,0,0,0,0,0,0,0,0,0,8.52939224,8.08860207,0,0,0,0,178,0,0,0,0,,,,50
13517217,0.5,0,0,0,0,0,0,0,0,0,8.52939224,8.08860207,0,0,0,0,178,0,0,0,0,,,,50
13518344,0.5,0,0,0,0,0,0,0,0,0,8.52939224,8.08860207,0,0,0,0,178,0,0,0,0,,,,50
13519471,0.5,0,0,0,0,0,0,0,0,0,8.53240585,8.0907135,0,0,0,0,178,0,0,0,0,,,,50
13520599,0.5,0,0,0,0,0,0,0,0,0,8.52939224,8.08860207,0,0,0,0,178,0,0,0,0,,,,50
13521731,0.5,0,0,0,0,0,0,0,0,0,8.52939224,8.08860207,0,0,0,0,178,0,0,0,0,,,,50
13522858,0.5,0,0,0,0,0,0,0,0,0,8.52637863,8.08860207,0,0,0,0,178,0,0,0,0,,,,50
13523985,0.5,0,0,0,0,0,0,0,0,0,8.52939224,8.08649063,0,0,0,0,178,0,0,0,0,,,,50
13525112,0.5,0,0,0,0,0,0,0,0,0,8.52939224,8.08860207,0,0,0,0,178,0,0,0,0,,,,50
13526239,0.5,0,0,0,0,0,0,0,0,0,8.52939224,8.08860207,0,0,0,0,178,0,0,0,0,,,,50
13527370,0.5,0,0,0,0,0,0,0,0,0,8.52637863,8.08860207,0,0,0,0,178,0,0,0,0,,,,50
13528497,0.5,0,0,0,0,0,0,0,0,0,8.52939224,8.08860207,0,0,0,0,178,0,0,0,0,,,,50
13529625,0.5,0,0,0,0,0,0,0,0,0,8.52939224,8.08860207,0,0,0,0,178,0,0,0,0,,,,50
13530752,0.5,0,0,0,0,0,0,0,0,0,8.52939224,8.08860207,0,0,0,0,178,0,0,0,0,,,,50
13532083,0.5,0,0,0,0,0,0,0,0,0,8.52939224,8.08860207,0,0,0,0,178,0,0,0,0,,,,50
13533210,0.5,0,0,0,0,0,0,0,0,0,8.52939224,8.08860207,0,0,0,0,178,0,0,0,0,,,,50
13534342,0.5,0,0,0,0,0,0,0,0,0,8.52939224,8.08860207,0,0,0,0,178,0,0,0,0,,,,50
13535469,0.5,0,0,0,0,0,0,0,0,0,8.52939224,8.08860207,0,0,0,0,178,0,0,0,0,,,,50
13536597,0.5,0,0,0,0,0,0,0,0,0,8.52939224,8.08649063,0,0.00714798551,0,0,178,0,0,0,0,,,,50
13537724,0.5,0,0,0,0,0,0,0,0,0,8.52939224,8.08649063,0,0,0,0,178,0,0,0,0,,,,50
13538851,0.5,0,0,0,0,0,0,0,0,0,8.52939224,8.08649063,0,0,0,0,178,0,0,0,0,,,,50
13539983,0.5,0,0,0,0,0,0,0,0,0,8.52939224,8.08860207,0,0,0,0,178,0,0,0,0,,,,50
13541110,0.5,0,0,0,0,0,0,0,0,0,8.52939224,8.08649063,0,0,0,0,178,0,0,0,0,,,,50
13542237,0.5,0,0,0,0,0,0,0,0,0,8.52939224,8.08860207,0,0,0,0,178,0,0,0,0,,,,50
13543365,0.5,0,0,0,0,0,0,0,0,0,8.53240585,8.08860207,0,0,0,0,178,0,0,0,0,,,,50
13544492,0.5,0,0,0,0,0,0,0,0,0,8.52939224,8.08860207,0,0,0,0,178,0,0,0,0,,,,50
13545619,0.5,0,0,0,0,0,0,0,0,0,8.52939224,8.08649063,0,0,0,0,178,0,0,0,0,,,,50
13546751,0.5,0,0,0,0,0,0,0,0,0,8.53240585,8.08860207,0,0,0,0,178,0,0,0,0,,,,50
13547879,0.5,0,0,0,0,0,0,0,0,0,8.52939224,8.08860207,0,0,0,0,178,0,0,0,0,,,,50
13549006,0.5,0,0,0,0,0,0,0,0,0,8.53240585,8.08649063,0,0,0,0,178,0,0,0,0,,,,50
13550133,0.5,0,0,0,0,0,0,0,0,0,8.52939224,8.08860207,0,0,0,0,178,0,0,0,0,,,,50
13551261,0.5,0,0,0,0,0,0,0,0,0,8.52939224,8.08860207,0,0,0,0,178,0,0,0,0,,,,50
13552388,0.5,0,0,0,0,0,0,0,0,0,8.53240585,8.08860207,0,0,0,0,178,0,0,0,0,,,,50
13553724,0.5,0,0,0,0,0,0,0,0,0,8.52939224,8.08649063,0,0,0,0,178,0,0,0,0,,,,50
13554852,0.5,0,0,0,0,0,0,0,0,0,8.52939224,8.08649063,0,0,0,0,178,0,0,0,0,,,,50
13555979,0.5,0,0,0,0,0,0,0,0,0,8.52939224,8.08649063,0,0,0,0,178,0,0,0,0,,,,50
13557106,0.5,0,0,0,0,0,0,0,0,0,8.52637863,8.08649063,0,0,0,0,178,0,0,0,0,,,,50
13558234,0.5,0,0,0,0,0,0,0,0,0,8.52939224,8.08860207,0,0,0,0,178,0,0,0,0,,,,50
13559366,0.5,0,0,0,0,0,0,0,0,0,8.52939224,8.08860207,0,0,0,0,178,0,0,0,0,,,,50
13560493,0.5,0,0,0,0,0,0,0,0,0,8.52939224,8.08860207,0,0,0,0,178,0,0,0,0,,,,50
13561620,0.5,0,0,0,0,0,0,0,0,0,8.52939224,8.08649063,0,0,0,0,178,0,0,0,0,,,,50
13562748,0.5,0,0,0,0,0,0,0,0,0,8.52939224,8.08860207,0,0,0,0,178,0,0,0,0,,,,50
13563875,0.5,0,0,0,0,0,0,0,0,0,8.52939224,8.08649063,0,0,0,0,178,0,0,0,0,,,,50
13565002,0.5,0,0,0,0,0,0,0,0,0,8.53240585,8.08860207,0,0,0,0,178,0,0,0,0,,,,50
13566134,0.5,0,0,0,0,0,0,0,0,0,8.52939224,8.08860207,0,0,0,0,178,0,0,0,0,,,,50
13567262,0.5,0,0,0,0,0,0,0,0,0,8.52939224,8.08649063,0,0,0,0,178,0,0,0,0,,,,50
13568389,0.5,0,0,0,0,0,0,0,0,0,8.52637863,8.08649063,0,0,0,0,178,0,0,0,0,,,,50
13569516,0.5,0,0,0,0,0,0,0,0,0,8.52939224,8.08860207,0,0,0,0,178,0,0,0,0,,,,50
13570644,0.5,0,0,0,0,0,0,0,0,0,8.52939224,8.08860207,0,0,0,0,178,0,0,0,0,,,,50
13571776,0.5,0,0,0,0,0,0,0,0,0,8.52939224,8.08860207,0,0,0,0,178,0,0,0,0,,,,50
13572903,0.5,0,0,0,0,0,0,0,0,0,8.52939224,8.08860207,0,0,0,0,178,0,0,0,0,,,,50
13574234,0.5,0,0,0,0,0,0,0,0,0,8.52939224,8.08649063,0,0,0,0,178,0,0,0,0,,,,50
13575362,0.5,0,0,0,0,0,0,0,0,0,8.52939224,8.08860207,0,0,0,0,178,0,0,0,0,,,,50
13576489,0.5,0,0,0,0,0,0,0,0,0,8.52939224,8.08649063,0,0,0,0,178,0,0,0,0,,,,50
13577616,0.5,0,0,0,0,0,0,0,0,0,8.52939224,8.08860207,0,0,0,0,178,0,0,0,0,,,,50
13578748,0.5,0,0,0,0,0,0,0,0,0,8.52939224,8.08860207,0,0,0,0,178,0,0,0,0,,,,50
13579876,0.5,0,0,0,0,0,0,0,0,0,8.53240585,8.08649063,0,0,0,0,178,0,0,0,0,,,,50
13581003,0.5,0,0,0,0,0,0,0,0,0,8.52939224,8.08860207,0,0,0,0,178,0,0,0,0,,,,50
13582130,0.5,0,0,0,0,0,0,0,0,0,8.53240585,8.08860207,0,0,0,0,178,0,0,0,0,,,,50
13583257,0.5,0,0,0,0,0,0,0,0,0,8.52939224,8.08860207,0,0,0,0,178,0,0,0,0,,,,50
13584389,0.5,0,0,0,0,0,0,0,0,0,8.53240585,8.08860207,0,0,0,0,178,0,0,0,0,,,,50
13585516,0.5,0,0,0,0,0,0,0,0,0,8.52637863,8.08860207,0,0,0,0,178,0,0,0,0,,,,50
13586643,0.5,0,0,0,0,0,0,0,0,0,8.52939224,8.08860207,0,0,0,0,178,0,0,0,0,,,,50
13587770,0.5,0,0,0,0,0,0,0,0,0,8.52939224,8.08860207,0,0,0,0,178,0,0,0,0,,,,50
13588897,0.5,0,0,0,0,0,0,0,0,0,8.52939224,8.08860207,0,0,0,0,178,0,0,0,0,,,,50
13590024,0.5,0,0,0,0,0,0,0,0,0,8.53240585,8.08860207,0,0,0,0,178,0,0,0,0,,,,50
13591157,0.5,0,0,0,0,0,0,0,0,0,8.53240585,8.08860207,0,0,0,0,178,0,0,0,0,,,,50
13592284,0.5,0,0,0,0,0,0,0,0,0,8.52939224,8.08860207,0,0,0,0,178,0,0,0,0,,,,50
13593411,0.5,0,0,0,0,0,0,0,0,0,8.52939224,8.08649063,0,0,0,0,178,0,0,0,0,,,,50
13594538,0.5,0,0,0,0,0,0,0,0,0,8.53240585,8.08860207,0,0,0,0,178,0,0,0,0,,,,50
13595869,0.5,0,0,0,0,0,0,0,0,0,8.52939224,8.08860207,0,0,0,0,178,0,0,0,0,,,,50
13596997,0.5,0,0,0,0,0,0,0,0,0,8.52939224,8.08860207,0,0,0,0,178,0,0,0,0,,,,50
13598128,0.5,0,0,0,0,0,0,0,0,0,8.52939224,8.08649063,0,0,0,0,178,0,0,0,0,,,,50
13599255,0.5,0,0,0,0,0,0,0,0,0,8.52939224,8.08860207,0,0,0,0,178,0,0,0,0,,,,50
13600382,0.5,0,0,0,0,0,0,0,0,0,8.52939224,8.08860207,0,0,0,0,178,0,0,0,0,,,,50
13601510,0.5,0,0,0,0,0,0,0,0,0,8.52939224,8.08649063,0,0,0,0,178,0,0,0,0,,,,50
13602637,0.5,0,0,0,0,0,0,0,0,0,8.52939224,8.08860207,0,0,0,0,178,0,0,0,0,,,,50
13603768,0.5,0,0,0,0,0,0,0,0,0,8.52939224,8.08860207,0,0,0,0,178,0,0,0,0,,,,50
13604895,0.5,0,0,0,0,0,0,0,0,0,8.53240585,8.08649063,0,0,0,0,178,0,0,0,0,,,,50
13606022,0.5,0,0,0,0,0,0,0,0,0,8.52939224,8.08860207,0,0,0,0,178,0,0,0,0,,,,50
13607149,0.5,0,0,0,0,0,0,0,0,0,8.52939224,8.08649063,0,0,0,0,178,0,0,0,0,,,,50
13608276,0.5,0,0,0,0,0,0,0,0,0,8.52939224,8.08860207,0,0,0,0,178,0,0,0,0,,,,50
13609403,0.5,0,0,0,0,0,0,0,0,0,8.52939224,8.08649063,0,0,0,0,178,0,0,0,0,,,,50
13610536,0.5,0,0,0,0,0,0,0,0,0,8.52939224,8.08860207,0,0,0,0,178,0,0,0,0,,,,50
13611663,0.5,0,0,0,0,0,0,0,0,0,8.52939224,8.08860207,0,0,0,0,178,0,0,0,0,,,,50
13612790,0.5,0,0,0,0,0,0,0,0,0,8.52939224,8.08649063,0,0,0,0,178,0,0,0,0,,,,50
13613917,0.5,0,0,0,0,0,0,0,0,0,8.52939224,8.08860207,0,0,0,0,178,0,0,0,0,,,,50
13615045,0.5,0,0,0,0,0,0,0,0,0,8.52939224,8.08860207,0,0,0,0,178,0,0,0,0,,,,50
13616381,0.5,0,0,0,0,0,0,0,0,0,8.53240585,8.08649063,0,0,0,0,178,0,0,0,0,,,,50
13617508,0.5,0,0,0,0,0,0,0,0,0,8.52939224,8.08649063,0,0,0,0,178,0,0,0,0,,,,50
13618635,0.5,0,0,0,0,0,0,0,0,0,8.52939224,8.08860207,0,0.00714798551,0,0,178,0,0,0,0,,,,50
13619762,0.5,0,0,0,0,0,0,0,0,0,8.52939224,8.08860207,0,0,0,0,178,0,0,0,0,,,,50
13620889,0.5,0,0,0,0,0,0,0,0,0,8.53240585,8.08860207,0,0,0,0,178,0,0,0,0,,,,50
13622016,0.5,0,0,0,0,0,0,0,0,0,8.52939224,8.08860207,0,0,0,0,178,0,0,0,0,,,,50
13623148,0.5,0,0,0,0,0,0,0,0,0,8.53240585,8.08860207,0,0,0,0,178,0,0,0,0,,,,50
13624275,0.5,0,0,0,0,0,0,0,0,0,8.52939224,8.08649063,0,0,0,0,178,0,0,0,0,,,,50
13625402,0.5,0,0,0,0,0,0,0,0,0,8.52939224,8.08860207,0,0,0,0,178,0,0,0,0,,,,50
13626530,0.5,0,0,0,0,0,0,0,0,0,8.52939224,8.08860207,0,0,0,0,178,0,0,0,0,,,,50
13627657,0.5,0,0,0,0,0,0,0,0,0,8.53240585,8.08860207,0,0,0,0,178,0,0,0,0,,,,50
13628789,0.5,0,0,0,0,0,0,0,0,0,8.52939224,8.08860207,0,0,0,0,178,0,0,0,0,,,,50
13629916,0.5,0,0,0,0,0,0,0,0,0,8.52939224,8.08860207,0,0,0,0,178,0,0,0,0,,,,50
13631043,0.5,0,0,0,0,0,0,0,0,0,8.52939224,8.08860207,0,0,0,0,178,0,0,0,0,,,,50
13632170,0.5,0,0,0,0,0,0,0,0,0,8.52939224,8.08860207,0,0,0,0,178,0,0,0,0,,,,50
13633297,0.5,0,0,0,0,0,0,0,0,0,8.52939224,8.08860207,0,0,0,0,178,0,0,0,0,,,,50
13634424,0.5,0,0,0,0,0,0,0,0,0,8.52939224,8.08860207,0,0,0,0,178,0,0,0,0,,,,50
13635556,0.5,0,0,0,0,0,0,0,0,0,8.52939224,8.08860207,0,0,0,0,178,0,0,0,0,,,,50
13636888,0.5,0,0,0,0,0,0,0,0,0,8.52939224,8.0907135,0,0,0,0,178,0,0,0,0,,,,50
13638015,0.5,0,0,0,0,0,0,0,0,0,8.53240585,8.08860207,0,0,0,0,178,0,0,0,0,,,,50
13639142,0.5,0,0,0,0,0,0,0,0,0,8.52939224,8.08860207,0,0,0,0,178,0,0,0,0,,,,50
13640270,0.5,0,0,0,0,0,0,0,0,0,8.52939224,8.08860207,0,0,0,0,178,0,0,0,0,,,,50
13641397,0.5,0,0,0,0,0,0,0,0,0,8.52939224,8.08860207,0,0,0,0,178,0,0,0,0,,,,50
13642528,0.5,0,0,0,0,0,0,0,0,0,8.53240585,8.08860207,0,0,0,0,178,0,0,0,0,,,,50
13643655,0.5,0,0,0,0,0,0,0,0,0,8.52939224,8.08860207,0,0,0,0,178,0,0,0,0,,,,50
13644782,0.5,0,0,0,0,0,0,0,0,0,8.52939224,8.08860207,0,0,0,0,178,0,0,0,0,,,,50
13645909,0.5,0,0,0,0,0,0,0,0,0,8.52939224,8.08860207,0,0,0,0,178,0,0,0,0,,,,50
13647036,0.5,0,0,0,0,0,0,0,0,0,8.52939224,8.08860207,0,0,0,0,178,0,0,0,0,,,,50
13648168,0.5,0,0,0,0,0,0,0,0,0,8.52939224,8.08860207,0,0,0,0,178,0,0,0,0,,,,50
13649295,0.5,0,0,0,0,0,0,0,0,0,8.52939224,8.08860207,0,0,0,0,178,0,0,0,0,,,,50
13650422,0.5,0,0,0,0,0,0,0,0,0,8.52939224,8.08649063,0,0,0,0,178,0,0,0,0,,,,50
13651549,0.5,0,0,0,0,0,0,0,0,0,8.52939224,8.08860207,0,0,0,0,178,0,0,0,0,,,,50
13652676,0.5,0,0,0,0,0,0,0,0,0,8.52939224,8.08649063,0,0,0,0,178,0,0,0,0,,,,50
13653804,0.5,0,0,0,0,0,0,0,0,0,8.52939224,8.08860207,0,0,0,0,178,0,0,0,0,,,,50
13654936,0.5,0,0,0,0,0,0,0,0,0,8.52939224,8.08860207,0,0,0,0,178,0,0,0,0,,,,50
13656063,0.5,0,0,0,0,0,0,0,0,0,8.52637863,8.08860207,0,0,0,0,178,0,0,0,0,,,,50
13657190,0.5,0,0,0,0,0,0,0,0,0,8.52939224,8.08649063,0,0,0,0,178,0,0,0,0,,,,50
13658521,0.5,0,0,0,0,0,0,0,0,0,8.52939224,8.08860207,0,0,0,0,178,0,0,0,0,,,,50
13659648,0.5,0,0,0,0,0,0,0,0,0,8.52939224,8.08649063,0,0,0,0,178,0,0,0,0,,,,50
13660780,0.5,0,0,0,0,0,0,0,0,0,8.52939224,8.08860207,0,0,0,0,178,0,0,0,0,,,,50
13661907,0.5,0,0,0,0,0,0,0,0,0,8.52939224,8.08649063,0,0,0,0,178,0,0,0,0,,,,50
13663035,0.5,0,0,0,0,0,0,0,0,0,8.52939224,8.08860207,0,0,0,0,178,0,0,0,0,,,,50
13664162,0.5,0,0,0,0,0,0,0,0,0,8.52939224,8.08860207,0,0,0,0,178,0,0,0,0,,,,50
13665289,0.5,0,0,0,0,0,0,0,0,0,8.52939224,8.08860207,0,0,0,0,178,0,0,0,0,,,,50
13666417,0.5,0,0,0,0,0,0,0,0,0,8.52939224,8.08649063,0,0,0,0,178,0,0,0,0,,,,50
13667549,0.5,0,0,0,0,0,0,0,0,0,8.52939224,8.08860207,0,0,0,0,178,0,0,0,0,,,,50
13668676,0.5,0,0,0,0,0,0,0,0,0,8.52939224,8.08649063,0,0,0,0,178,0,0,0,0,,,,50
13669803,0.5,0,0,0,0,0,0,0,0,0,8.52939224,8.08649063,0,0,0,0,178,0,0,0,0,,,,50
13670930,0.5,0,0,0,0,0,0,0,0,0,8.52939224,8.08860207,0,0,0,0,178,0,0,0,0,,,,50
13672058,0.5,0,0,0,0,0,0,0,0,0,8.52939224,8.08860207,0,0,0,0,178,0,0,0,0,,,,50
13673190,0.5,0,0,0,0,0,0,0,0,0,8.52939224,8.08860207,0,0,0,0,178,0,0,0,0,,,,50
13674317,0.5,0,0,0,0,0,0,0,0,0,8.52939224,8.08860207,0,0,0,0,178,0,0,0,0,,,,50
13675445,0.5,0,0,0,0,0,0,0,0,0,8.52939224,8.08649063,0,0,0,0,178,0,0,0,0,,,,50
13676572,0.5,0,0,0,0,0,0,0,0,0,8.52939224,8.08649063,0,0,0,0,178,0,0,0,0,,,,50
13677699,0.5,0,0,0,0,0,0,0,0,0,8.52939224,8.08649063,0,0,0,0,178,0,0,0,0,,,,50
13679030,0.5,0,0,0,0,0,0,0,0,0,8.52637863,8.08860207,0,0,0,0,178,0,0,0,0,,,,50
13680162,0.5,0,0,0,0,0,0,0,0,0,8.52939224,8.08649063,0,0,0,0,178,0,0,0,0,,,,50
13681290,0.5,0,0,0,0,0,0,0,0,0,8.52939224,8.08860207,0,0,0,0,178,0,0,0,0,,,,50
13682417,0.5,0,0,0,0,0,0,0,0,0,8.52939224,8.08860207,0,0.00714798551,0,0,178,0,0,0,0,,,,50
13683544,0.5,0,0,0,0,0,0,0,0,0,8.52939224,8.08649063,0,0,0,0,178,0,0,0,0,,,,50
13684672,0.5,0,0,0,0,0,0,0,0,0,8.52939224,8.08649063,0,0.00714798551,0,0,178,0,0,0,0,,,,50
13685803,0.5,0,0,0,0,0,0,0,0,0,8.52939224,8.08860207,0,0,0,0,178,0,0,0,0,,,,50
13686930,0.5,0,0,0,0,0,0,0,0,0,8.52939224,8.08649063,0,0,0,0,178,0,0,0,0,,,,50
13688058,0.5,0,0,0,0,0,0,0,0,0,8.52939224,8.08649063,0,0,0,0,178,0,0,0,0,,,,50
13689185,0.5,0,0,0,0,0,0,0,0,0,8.52637863,8.08860207,0,0,0,0,178,0,0,0,0,,,,50
13690312,0.5,0,0,0,0,0,0,0,0,0,8.52939224,8.08860207,0,0,0,0,178,0,0,0,0,,,,50
13691439,0.5,0,0,0,0,0,0,0,0,0,8.52939224,8.08860207,0,0,0,0,178,0,0,0,0,,,,50
13692571,0.5,0,0,0,0,0,0,0,0,0,8.52939224,8.08649063,0,0,0,0,178,0,0,0,0,,,,50
13693698,0.5,0,0,0,0,0,0,0,0,0,8.52939224,8.08649063,0,0,0,0,178,0,0,0,0,,,,50
13694825,0.5,0,0,0,0,0,0,0,0,0,8.53240585,8.08649063,0,0,0,0,178,0,0,0,0,,,,50
13695953,0.5,0,0,0,0,0,0,0,0,0,8.52939224,8.08860207,0,0,0,0,178,0,0,0,0,,,,50
13697080,0.5,0,0,0,0,0,0,0,0,0,8.52939224,8.08860207,0,0,0,0,178,0,0,0,0,,,,50
13698207,0.5,0,0,0,0,0,0,0,0,0,8.52939224,8.08860207,0,0,0,0,178,0,0,0,0,,,,50
13699339,0.5,0,0,0,0,0,0,0,0,0,8.52939224,8.08860207,0,0,0,0,178,0,0,0,0,,,,50
13700670,0.5,0,0,0,0,0,0,0,0,0,8.52939224,8.08860207,0,0,0,0,178,0,0,0,0,,,,50
13701796,0.5,0,0,0,0,0,0,0,0,0,8.52939224,8.08860207,0,0,0,0,178,0,0,0,0,,,,50
13702923,0.5,0,0,0,0,0,0,0,0,0,8.52939224,8.08860207,0,0,0,0,178,0,0,0,0,,,,50
13704050,0.5,0,0,0,0,0,0,0,0,0,8.52939224,8.08649063,0,0,0,0,178,0,0,0,0,,,,50
13705182,0.5,0,0,0,0,0,0,0,0,0,8.52939224,8.08860207,0,0,0,0,178,0,0,0,0,,,,50
13706309,0.5,0,0,0,0,0,0,0,0,0,8.52939224,8.08649063,0,0,0,0,178,0,0,0,0,,,,50
13707436,0.5,0,0,0,0,0,0,0,0,0,8.52939224,8.08649063,0,0,0,0,178,0,0,0,0,,,,50
13708562,0.5,0,0,0,0,0,0,0,0,0,8.52939224,8.08860207,0,0.00714798551,0,0,178,0,0,0,0,,,,50
13709689,0.5,0,0,0,0,0,0,0,0,0,8.52939224,8.08860207,0,0,0,0,178,0,0,0,0,,,,50
13710816,0.5,0,0,0,0,0,0,0,0,0,8.52939224,8.08649063,0,0,0,0,178,0,0,0,0,,,,50
13711948,0.5,0,0,0,0,0,0,0,0,0,8.52939224,8.08860207,0,0,0,0,178,0,0,0,0,,,,50
13713075,0.5,0,0,0,0,0,0,0,0,0,8.52939224,8.08860207,0,0,0,0,178,0,0,0,0,,,,50
13714202,0.5,0,0,0,0,0,0,0,0,0,8.52939224,8.08649063,0,0,0,0,178,0,0,0,0,,,,50
13715329,0.5,0,0,0,0,0,0,0,0,0,8.52939224,8.08860207,0,0,0,0,178,0,0,0,0,,,,50
13716456,0.5,0,0,0,0,0,0,0,0,0,8.52939224,8.08860207,0,0,0,0,178,0,0,0,0,,,,50
13717588,0.5,0,0,0,0,0,0,0,0,0,8.52939224,8.08860207,0,0,0,0,178,0,0,0,0,,,,50
13718716,0.5,0,0,0,0,0,0,0,0,0,8.52939224,8.08860207,0,0,0,0,178,0,0,0,0,,,,50
13719843,0.5,0,0,0,0,0,0,0,0,0,8.52939224,8.08860207,0,0,0,0,178,0,0,0,0,,,,50
13721174,0.5,0,0,0,0,0,0,0,0,0,8.53240585,8.08860207,0,0,0,0,178,0,0,0,0,,,,50
13722301,0.5,0,0,0,0,0,0,0,0,0,8.52939224,8.08649063,0,0,0,0,178,0,0,0,0,,,,50
13723428,0.5,0,0,0,0,0,0,0,0,0,8.52939224,8.08860207,0,0,0,0,178,0,0,0,0,,,,50
13724560,0.5,0,0,0,0,0,0,0,0,0,8.52939224,8.0907135,0,0,0,0,178,0,0,0,0,,,,50
13725687,0.5,0,0,0,0,0,0,0,0,0,8.52939224,8.08649063,0,0,0,0,178,0,0,0,0,,,,50
13726814,0.5,0,0,0,0,0,0,0,0,0,8.52939224,8.08649063,0,0,0,0,178,0,0,0,0,,,,50
13727941,0.5,0,0,0,0,0,0,0,0,0,8.52939224,8.08649063,0,0,0,0,178,0,0,0,0,,,,50
13729068,0.5,0,0,0,0,0,0,0,0,0,8.52637863,8.08860207,0,0,0,0,178,0,0,0,0,,,,50
13730200,0.5,0,0,0,0,0,0,0,0,0,8.52939224,8.08860207,0,0,0,0,178,0,0,0,0,,,,50
13731328,0.5,0,0,0,0,0,0,0,0,0,8.52939224,8.08860207,0,0,0,0,178,0,0,0,0,,,,50
13732455,0.5,0,0,0,0,0,0,0,0,0,8.52939224,8.0907135,0,0,0,0,178,0,0,0,0,,,,50
13733582,0.5,0,0,0,0,0,0,0,0,0,8.52939224,8.08649063,0,0,0,0,178,0,0,0,0,,,,50
13734710,0.5,0,0,0,0,0,0,0,0,0,8.52939224,8.08649063,0,0,0,0,178,0,0,0,0,,,,50
13735837,0.5,0,0,0,0,0,0,0,0,0,8.53240585,8.08860207,0,0,0,0,178,0,0,0,0,,,,50
13736969,0.5,0,0,0,0,0,0,0,0,0,8.52939224,8.08860207,0,0,0,0,178,0,0,0,0,,,,50
13738096,0.5,0,0,0,0,0,0,0,0,0,8.52939224,8.0907135,0,0,0,0,178,0,0,0,0,,,,50
13739224,0.5,0,0,0,0,0,0,0,0,0,8.52939224,8.08860207,0,0,0,0,178,0,0,0,0,,,,50
13740351,0.5,0,0,0,0,0,0,0,0,0,8.52939224,8.08860207,0,0,0,0,178,0,0,0,0,,,,50
13741478,0.5,0,0,0,0,0,0,0,0,0,8.53240585,8.08860207,0,0,0,0,178,0,0,0,0,,,,50
13742810,0.5,0,0,0,0,0,0,0,0,0,8.53240585,8.08649063,0,0,0,0,178,0,0,0,0,,,,50
13743942,0.5,0,0,0,0,0,0,0,0,0,8.52939224,8.08649063,0,0,0,0,178,0,0,0,0,,,,50
13745069,0.5,0,0,0,0,0,0,0,0,0,8.52939224,8.08860207,0,0,0,0,178,0,0,0,0,,,,50
13746196,0.5,0,0,0,0,0,0,0,0,0,8.52939224,8.08860207,0,0,0,0,178,0,0,0,0,,,,50
13747323,0.5,0,0,0,0,0,0,0,0,0,8.52939224,8.08860207,0,0,0,0,178,0,0,0,0,,,,50
13748451,0.5,0,0,0,0,0,0,0,0,0,8.53240585,8.08860207,0,0,0,0,178,0,0,0,0,,,,50
13749583,0.5,0,0,0,0,0,0,0,0,0,8.52939224,8.08860207,0,0,0,0,178,0,0,0,0,,,,50
13750710,0.5,0,0,0,0,0,0,0,0,0,8.52939224,8.08860207,0,0.00714798551,0,0,178,0,0,0,0,,,,50
13751837,0.5,0,0,0,0,0,0,0,0,0,8.52939224,8.08860207,0,0,0,0,178,0,0,0,0,,,,50
13752965,0.5,0,0,0,0,0,0,0,0,0,8.52939224,8.08860207,0,0,0,0,178,0,0,0,0,,,,50
13754092,0.5,0,0,0,0,0,0,0,0,0,8.52939224,8.08860207,0,0,0,0,178,0,0,0,0,,,,50
13755219,0.5,0,0,0,0,0,0,0,0,0,8.52939224,8.08860207,0,0,0,0,178,0,0,0,0,,,,50
13756351,0.5,0,0,0,0,0,0,0,0,0,8.52939224,8.08860207,0,0,0,0,178,0,0,0,0,,,,50
13757479,0.5,0,0,0,0,0,0,0,0,0,8.53240585,8.08860207,0,0,0,0,178,0,0,0,0,,,,50
13758606,0.5,0,0,0,0,0,0,0,0,0,8.53240585,8.08860207,0,0,0,0,178,0,0,0,0,,,,50
13759733,0.5,0,0,0,0,0,0,0,0,0,8.53240585,8.08860207,0,0,0,0,178,0,0,0,0,,,,50
13760860,0.5,0,0,0,0,0,0,0,0,0,8.53240585,8.08860207,0,0,0,0,178,0,0,0,0,,,,50
13761992,0.5,0,0,0,0,0,0,0,0,0,8.52939224,8.08860207,0,0,0,0,178,0,0,0,0,,,,50
13763323,0.5,0,0,0,0,0,0,0,0,0,8.52939224,8.08649063,0,0,0,0,178,0,0,0,0,,,,50
13764450,0.5,0,0,0,0,0,0,0,0,0,8.52939224,8.08860207,0,0,0,0,178,0,0,0,0,,,,50
13765577,0.5,0,0,0,0,0,0,0,0,0,8.52939224,8.08860207,0,0,0,0,178,0,0,0,0,,,,50
13766704,0.5,0,0,0,0,0,0,0,0,0,8.52939224,8.08860207,0,0,0,0,178,0,0,0,0,,,,50
13767832,0.5,0,0,0,0,0,0,0,0,0,8.52939224,8.08860207,0,0,0,0,178,0,0,0,0,,,,50
13768964,0.5,0,0,0,0,0,0,0,0,0,8.52939224,8.08860207,0,0,0,0,178,0,0,0,0,,,,50
13770091,0.5,0,0,0,0,0,0,0,0,0,8.52939224,8.08860207,0,0,0,0,178,0,0,0,0,,,,50
13771219,0.5,0,0,0,0,0,0,0,0,0,8.52939224,8.08860207,0,0,0,0,178,0,0,0,0,,,,50
13772346,0.5,0,0,0,0,0,0,0,0,0,8.52939224,8.0907135,0,0,0,0,178,0,0,0,0,,,,50
13773473,0.5,0,0,0,0,0,0,0,0,0,8.52939224,8.08860207,0,0.00714798551,0,0,178,0,0,0,0,,,,50
13774605,0.5,0,0,0,0,0,0,0,0,0,8.52939224,8.08860207,0,0,0,0,178,0,0,0,0,,,,50
13775732,0.5,0,0,0,0,0,0,0,0,0,8.52939224,8.08860207,0,0,0,0,178,0,0,0,0,,,,50
13776860,0.5,0,0,0,0,0,0,0,0,0,8.52939224,8.08860207,0,0,0,0,178,0,0,0,0,,,,50
13777987,0.5,0,0,0,0,0,0,0,0,0,8.52939224,8.08860207,0,0,0,0,178,0,0,0,0,,,,50
13779114,0.5,0,0,0,0,0,0,0,0,0,8.53240585,8.08649063,0,0,0,0,178,0,0,0,0,,,,50
13780242,0.5,0,0,0,0,0,0,0,0,0,8.52939224,8.08649063,0,0,0,0,178,0,0,0,0,,,,50
13781374,0.5,0,0,0,0,0,0,0,0,0,8.52939224,8.08860207,0,0,0,0,178,0,0,0,0,,,,50
13782501,0.5,0,0,0,0,0,0,0,0,0,8.52939224,8.08649063,0,0,0,0,178,0,0,0,0,,,,50
13783833,0.5,0,0,0,0,0,0,0,0,0,8.53240585,8.08649063,0,0,0,0,178,0,0,0,0,,,,50
13784960,0.5,0,0,0,0,0,0,0,0,0,8.52939224,8.08860207,0,0,0,0,178,0,0,0,0,,,,50
13786087,0.5,0,0,0,0,0,0,0,0,0,8.52939224,8.08860207,0,0,0,0,178,0,0,0,0,,,,50
13787215,0.5,0,0,0,0,0,0,0,0,0,8.52939224,8.08860207,0,0,0,0,178,0,0,0,0,,,,50
13788347,0.5,0,0,0,0,0,0,0,0,0,8.52939224,8.08860207,0,0,0,0,178,0,0,0,0,,,,50
13789474,0.5,0,0,0,0,0,0,0,0,0,8.52939224,8.08649063,0,0,0,0,178,0,0,0,0,,,,50
13790601,0.5,0,0,0,0,0,0,0,0,0,8.52939224,8.08860207,0,0,0,0,178,0,0,0,0,,,,50
13791729,0.5,0,0,0,0,0,0,0,0,0,8.52939224,8.08649063,0,0,0,0,178,0,0,0,0,,,,50
13792856,0.5,0,0,0,0,0,0,0,0,0,8.52939224,8.08649063,0,0,0,0,178,0,0,0,0,,,,50
13793988,0.5,0,0,0,0,0,0,0,0,0,8.52939224,8.08860207,0,0,0,0,178,0,0,0,0,,,,50
13795116,0.5,0,0,0,0,0,0,0,0,0,8.52939224,8.08860207,0,0,0,0,178,0,0,0,0,,,,50
13796243,0.5,0,0,0,0,0,0,0,0,0,8.52939224,8.08860207,0,0,0,0,178,0,0,0,0,,,,50
13797370,0.5,0,0,0,0,0,0,0,0,0,8.52939224,8.08860207,0,0,0,0,178,0,0,0,0,,,,50
13798498,0.5,0,0,0,0,0,0,0,0,0,8.52939224,8.08860207,0,0,0,0,178,0,0,0,0,,,,50
13799625,0.5,0,0,0,0,0,0,0,0,0,8.52939224,8.08649063,0,0,0,0,178,0,0,0,0,,,,50
13800757,0.5,0,0,0,0,0,0,0,0,0,8.52939224,8.08860207,0,0,0,0,178,0,0,0,0,,,,50
13801884,0.5,0,0,0,0,0,0,0,0,0,8.52939224,8.08860207,0,0,0,0,178,0,0,0,0,,,,50
13803012,0.5,0,0,0,0,0,0,0,0,0,8.52939224,8.08860207,0,0,0,0,178,0,0,0,0,,,,50
13804139,0.5,0,0,0,0,0,0,0,0,0,8.52939224,8.0907135,0,0,0,0,178,0,0,0,0,,,,50
13805470,0.5,0,0,0,0,0,0,0,0,0,8.52939224,8.0907135,0,0,0,0,178,0,0,0,0,,,,50
13806601,0.5,0,0,0,0,0,0,0,0,0,8.52939224,8.08860207,0,0,0,0,178,0,0,0,0,,,,50
13807728,0.5,0,0,0,0,0,0,0,0,0,8.52939224,8.08649063,0,0,0,0,178,0,0,0,0,,,,50
13808855,0.5,0,0,0,0,0,0,0,0,0,8.53240585,8.08860207,0,0,0,0,178,0,0,0,0,,,,50
13809982,0.5,0,0,0,0,0,0,0,0,0,8.52939224,8.08860207,0,0,0,0,178,0,0,0,0,,,,50
13811109,0.5,0,0,0,0,0,0,0,0,0,8.52939224,8.08860207,0,0,0,0,178,0,0,0,0,,,,50
13812236,0.5,0,0,0,0,0,0,0,0,0,8.52939224,8.08649063,0,0,0,0,178,0,0,0,0,,,,50
13813368,0.5,0,0,0,0,0,0,0,0,0,8.52939224,8.08860207,0,0,0,0,178,0,0,0,0,,,,50
13814495,0.5,0,0,0,0,0,0,0,0,0,8.52939224,8.08649063,0,0,0,0,178,0,0,0,0,,,,50
13815622,0.5,0,0,0,0,0,0,0,0,0,8.52939224,8.08860207,0,0,0,0,178,0,0,0,0,,,,50
13816749,0.5,0,0,0,0,0,0,0,0,0,8.52939224,8.0907135,0,0,0,0,178,0,0,0,0,,,,50
13817877,0.5,0,0,0,0,0,0,0,0,0,8.52939224,8.08860207,0,0,0,0,178,0,0,0,0,,,,50
13819009,0.5,0,0,0,0,0,0,0,0,0,8.52939224,8.08649063,0,0,0,0,178,0,0,0,0,,,,50
13820136,0.5,0,0,0,0,0,0,0,0,0,8.52939224,8.08860207,0,0,0,0,178,0,0,0,0,,,,50
13821264,0.5,0,0,0,0,0,0,0,0,0,8.52939224,8.08860207,0,0.00714798551,0,0,178,0,0,0,0,,,,50
13822391,0.5,0,0,0,0,0,0,0,0,0,8.52939224,8.08860207,0,0,0,0,178,0,0,0,0,,,,50
13823518,0.5,0,0,0,0,0,0,0,0,0,8.53240585,8.08649063,0,0,0,0,178,0,0,0,0,,,,50
13824645,0.5,0,0,0,0,0,0,0,0,0,8.53240585,8.08649063,0,0,0,0,178,0,0,0,0,,,,50
13825982,0.5,0,0,0,0,0,0,0,0,0,8.52939224,8.08860207,0,0,0,0,178,0,0,0,0,,,,50
13827109,0.5,0,0,0,0,0,0,0,0,0,8.52939224,8.08649063,0,0,0,0,178,0,0,0,0,,,,50
13828236,0.5,0,0,0,0,0,0,0,0,0,8.52939224,8.08860207,0,0,0,0,178,0,0,0,0,,,,50
13829364,0.5,0,0,0,0,0,0,0,0,0,8.52939224,8.08860207,0,0,0,0,178,0,0,0,0,,,,50
13830491,0.5,0,0,0,0,0,0,0,0,0,8.52939224,8.08860207,0,0,0,0,178,0,0,0,0,,,,50
13831623,0.5,0,0,0,0,0,0,0,0,0,8.52939224,8.08860207,0,0,0,0,178,0,0,0,0,,,,50
13832750,0.5,0,0,0,0,0,0,0,0,0,8.52637863,8.08860207,0,0,0,0,178,0,0,0,0,,,,50
13833877,0.5,0,0,0,0,0,0,0,0,0,8.52939224,8.08860207,0,0,0,0,178,0,0,0,0,,,,50
13835005,0.5,0,0,0,0,0,0,0,0,0,8.52939224,8.08860207,0,0,0,0,178,0,0,0,0,,,,50
13836132,0.5,1,0,0,0.00805860758,0,0,0,0,0,8.52939224,8.08860207,0,0,0,0,178,0,0,0,0,,,,50
13837259,0.5,0,0,0,0,0,0,0,0,0,8.52637863,8.08860207,0,0,0,0,178,0,0,0,0,,,,50
13838391,0.5,0,0,0,0,0,0,0,0,0,8.52939224,8.08649063,0,0,0,0,178,0,0,0,0,,,,50
13839519,0.5,0,0,0,0,0,0,0,0,0,8.52939224,8.08649063,0,0,0,0,178,0,0,0,0,,,,50
13840646,0.5,0,0,0,0,0,0,0,0,0,8.52939224,8.08649063,0,0,0,0,178,0,0,0,0,,,,50
13841773,0.5,0,0,0,0,0,0,0,0,0,8.52939224,8.08649063,0,0,0,0,178,0,0,0,0,,,,50
13842900,0.5,0,0,0,0,0,0,0,0,0,8.52637863,8.08860207,0,0,0,0,178,0,0,0,0,,,,50
13844027,0.5,0,0,0,0,0,0,0,0,0,8.52637863,8.08649063,0,0,0,0,178,0,0,0,0,,,,50
13845160,0.5,0,0,0,0,0,0,0,0,0,8.52939224,8.08860207,0,0,0,0,178,0,0,0,0,,,,50
13846287,0.5,0,0,0,0,0,0,0,0,0,8.52939224,8.08860207,0,0,0,0,178,0,0,0,0,,,,50
13847618,0.5,0,0,0,0,0,0,0,0,0,8.52939224,8.08649063,0,0,0,0,178,0,0,0,0,,,,50
13848745,0.5,0,0,0,0,0,0,0,0,0,8.52939224,8.08649063,0,0,0,0,178,0,0,0,0,,,,50
13849872,0.5,0,0,0,0,0,0,0,0,0,8.52939224,8.08860207,0,0,0,0,178,0,0,0,0,,,,50
13851004,0.5,0,0,0,0,0,0,0,0,0,8.53240585,8.0843792,0,0.00714798551,0,0,178,0,0,0,0,,,,50
13852131,0.5,0,0,0,0,0,0,0,0,0,8.53240585,8.0843792,0,0,0,0,178,0,0,0,0,,,,50
13853259,0.5,0,0,0,0,0,0,0,0,0,8.52939224,8.08860207,0,0,0,0,178,0,0,0,0,,,,50
13854386,0.5,0,0,0,0,0,0,0,0,0,8.52939224,8.08860207,0,0,0,0,178,0,0,0,0,,,,50
13855513,0.5,0,0,0,0,0,0,0,0,0,8.52939224,8.08649063,0,0,0,0,178,0,0,0,0,,,,50
13856641,0.5,0,0,0,0,0,0,0,0,0,8.52939224,8.08860207,0,0,0,0,178,0,0,0,0,,,,50
13857773,0.5,0,0,0,0,0,0,0,0,0,8.52939224,8.08649063,0,0,0,0,178,0,0,0,0,,,,50
13858900,0.5,0,0,0,0,0,0,0,0,0,8.52939224,8.08860207,0,0,0,0,178,0,0,0,0,,,,50
13860027,0.5,0,0,0,0,0,0,0,0,0,8.52939224,8.08860207,0,0,0,0,178,0,0,0,0,,,,50
13861155,0.5,0,0,0,0,0,0,0,0,0,8.52939224,8.08860207,0,0,0,0,178,0,0,0,0,,,,50
13862282,0.5,0,0,0,0,0,0,0,0,0,8.52939224,8.08860207,0,0,0,0,178,0,0,0,0,,,,50
13863414,0.5,0,0,0,0,0,0,0,0,0,8.52939224,8.08649063,0,0,0,0,178,0,0,0,0,,,,50
13864542,0.5,0,0,0,0,0,0,0,0,0,8.52939224,8.08860207,0,0,0,0,178,0,0,0,0,,,,50
13865669,0.5,0,0,0,0,0,0,0,0,0,8.52939224,8.08649063,0,0,0,0,178,0,0,0,0,,,,50
13866796,0.5,0,0,0,0,0,0,0,0,0,8.52939224,8.08649063,0,0,0,0,178,0,0,0,0,,,,50
13868128,0.5,0,0,0,0,0,0,0,0,0,8.52939224,8.08860207,0,0,0,0,178,0,0,0,0,,,,50
13869255,0.5,0,0,0,0,0,0,0,0,0,8.52939224,8.08860207,0,0,0,0,178,0,0,0,0,,,,50
13870387,0.5,0,0,0,0,0,0,0,0,0,8.53240585,8.08860207,0,0,0,0,178,0,0,0,0,,,,50
13871514,0.5,0,0,0,0,0,0,0,0,0,8.52939224,8.08860207,0,0,0,0,178,0,0,0,0,,,,50
13872641,0.5,0,0,0,0,0,0,0,0,0,8.52939224,8.08860207,0,0,0,0,178,0,0,0,0,,,,50
13873769,0.5,0,0,0,0,0,0,0,0,0,8.52939224,8.08860207,0,0.00714798551,0,0,178,0,0,0,0,,,,50
13874896,0.5,0,0,0,0,0,0,0,0,0,8.52939224,8.08860207,0.00714798551,0,0,0,178,0,0,0,0,,,,50
13876027,0.5,0,0,0,0,0,0,0,0,0,8.52939224,8.08649063,0,0,0,0,178,0,0,0,0,,,,50
13877155,0.5,0,0,0,0,0,0,0,0,0,8.52939224,8.08860207,0,0,0,0,178,0,0,0,0,,,,50
13878282,0.5,0,0,0,0,0,0,0,0,0,8.52939224,8.08649063,0,0,0,0,178,0,0,0,0,,,,50
13879409,0.5,0,0,0,0,0,0,0,0,0,8.53240585,8.08649063,0,0,0,0,178,0,0,0,0,,,,50
13880536,0.5,0,0,0,0,0,0,0,0,0,8.52939224,8.08649063,0,0,0,0,178,0,0,0,0,,,,50
13881663,0.5,0,0,0,0,0,0,0,0,0,8.52939224,8.08649063,0,0,0,0,178,0,0,0,0,,,,50
13882795,0.5,0,0,0,0,0,0,0,0,0,8.52939224,8.08649063,0,0,0,0,178,0,0,0,0,,,,50
13883922,0.5,0,0,0,0,0,0,0,0,0,8.52939224,8.08860207,0,0,0,0,178,0,0,0,0,,,,50
13885049,0.5,0,0,0,0,0,0,0,0,0,8.52939224,8.08860207,0,0,0,0,178,0,0,0,0,,,,50
13886177,0.5,0,0,0,0,0,0,0,0,0,8.53240585,8.08649063,0,0,0,0,178,0,0,0,0,,,,50
13887304,0.5,0,0,0,0,0,0,0,0,0,8.52939224,8.08860207,0,0,0,0,178,0,0,0,0,,,,50
13888431,0.5,0,0,0,0,0,0,0,0,0,8.52939224,8.08860207,0,0,0,0,178,0,0,0,0,,,,50
13889767,0.5,0,0,0,0,0,0,0,0.00454505486,0,8.52939224,8.08860207,0,0,0,0,178,0,0,0,0,,,,50
13890895,0.5,0,0,0,0,0,0,0,0,0,8.52939224,8.0907135,0,0,0,0,178,0,0,0,0,,,,50
13892022,0.5,0,0,0,0,0,0,0,0,0,8.52939224,8.08649063,0,0,0,0,178,0,0,0,0,,,,50
13893149,0.5,0,0,0,0,0,0,0,0,0,8.52939224,8.08860207,0,0,0,0,178,0,0,0,0,,,,50
13894277,0.5,0,0,0,0,0,0,0,0,0,8.52939224,8.08860207,0,0,0,0,178,0,0,0,0,,,,50
13895409,0.5,0,0,0,0,0,0,0,0,0,8.53240585,8.08860207,0,0,0,0,178,0,0,0,0,,,,50
13896536,0.5,0,0,0,0,0,0,0,0,0,8.52939224,8.08649063,0,0,0,0,178,0,0,0,0,,,,50
13897663,0.5,0,0,0,0,0,0,0,0,0,8.52939224,8.08860207,0,0,0,0,178,0,0,0,0,,,,50
13898791,0.5,0,0,0,0,0,0,0,0,0,8.52939224,8.08860207,0,0,0,0,178,0,0,0,0,,,,50
13899918,0.5,0,0,0,0,0,0,0,0,0,8.52939224,8.08860207,0,0,0,0,178,0,0,0,0,,,,50
13901045,0.5,0,0,0,0,0,0,0,0,0,8.52939224,8.08860207,0,0,0,0,178,0,0,0,0,,,,50
13902177,0.5,0,0,0,0,0,0,0,0,0,8.52939224,8.08860207,0,0,0,0,178,0,0,0,0,,,,50
13903304,0.5,0,0,0,0,0,0,0,0,0,8.53240585,8.08649063,0,0,0,0,178,0,0,0,0,,,,50
13904431,0.5,0,0,0,0,0,0,0,0,0,8.53240585,8.08860207,0,0,0,0,178,0,0,0,0,,,,50
13905558,0.5,0,0,0,0,0,0,0,0,0,8.53240585,8.08860207,0,0,0,0,178,0,0,0,0,,,,50
13906685,0.5,0,0,0,0,0,0,0,0,0,8.52939224,8.08860207,0,0,0,0,178,0,0,0,0,,,,50
13907817,0.5,0,0,0,0,0,0,0,0,0,8.52939224,8.08649063,0,0,0,0,178,0,0,0,0,,,,50
13908944,0.5,0,0,0,0,0,0,0,0,0,8.52939224,8.08860207,0,0,0,0,178,0,0,0,0,,,,50
13910276,0.5,0,0,0,0,0,0,0,0,0,8.52939224,8.08860207,0,0,0,0,178,0,0,0,0,,,,50
13911403,0.5,0,0,0,0,0,0,0,0,0,8.53240585,8.08860207,0,0,0,0,178,0,0,0,0,,,,50
13912530,0.5,0,0,0,0,0,0,0,0,0,8.52939224,8.08860207,0,0,0,0,178,0,0,0,0,,,,50
13913657,0.5,0,0,0,0,0,0,0,0,0,8.52939224,8.08860207,0,0,0,0,178,0,0,0,0,,,,50
13914789,0.5,0,0,0,0,0,0,0,0,0,8.52939224,8.08860207,0,0,0,0,178,0,0,0,0,,,,50
13915916,0.5,0,0,0,0,0,0,0,0,0,8.53240585,8.08860207,0,0,0,0,178,0,0,0,0,,,,50
13917043,0.5,0,0,0,0,0,0,0,0,0,8.52939224,8.08649063,0,0,0,0,178,0,0,0,0,,,,50
13918170,0.5,0,0,0,0,0,0,0,0,0,8.52939224,8.08860207,0,0,0,0,178,0,0,0,0,,,,50
13919297,0.5,0,0,0,0,0,0,0,0,0,8.52939224,8.08860207,0,0,0,0,178,0,0,0,0,,,,50
13920429,0.5,0,0,0,0,0,0,0,0,0,8.53240585,8.08860207,0,0,0,0,178,0,0,0,0,,,,50
13921556,0.5,0,0,0,0,0,0,0,0,0,8.52939224,8.08860207,0,0,0,0,178,0,0,0,0,,,,50
13922684,0.5,0,0,0,0,0,0,0,0,0,8.52939224,8.08860207,0,0,0,0,178,0,0,0,0,,,,50
13923811,0.5,0,0,0,0,0,0,0,0,0,8.52939224,8.0907135,0,0,0,0,178,0,0,0,0,,,,50
13924938,0.5,0,0,0,0,0,0,0,0,0,8.52939224,8.08860207,0,0,0,0,178,0,0,0,0,,,,50
13926066,0.5,0,0,0,0,0,0,0,0,0,8.52637863,8.08860207,0,0,0,0,178,0,0,0,0,,,,50
13927198,0.5,0,0,0,0,0,0,0,0,0,8.52939224,8.08649063,0,0,0,0,178,0,0,0,0,,,,50
13928325,0.5,0,0,0,0,0,0,0,0,0,8.52939224,8.08860207,0,0,0,0,178,0,0,0,0,,,,50
13929452,0.5,0,0,0,0,0,0,0,0,0,8.52939224,8.08649063,0,0,0,0,178,0,0,0,0,,,,50
13930784,0.5,0,0,0,0,0,0,0,0,0,8.52939224,8.08860207,0,0,0,0,178,0,0,0,0,,,,50
13931911,0.5,0,0,0,0,0,0,0,0,0,8.53240585,8.08860207,0,0,0,0,178,0,0,0,0,,,,50
13933038,0.5,0,0,0,0,0,0,0,0,0,8.52939224,8.08860207,0,0,0,0,178,0,0,0,0,,,,50
13934170,0.5,0,0,0,0,0,0,0,0,0,8.52939224,8.08649063,0,0,0,0,178,0,0,0,0,,,,50
13935297,0.5,0,0,0,0,0,0,0,0,0,8.52939224,8.08860207,0,0,0,0,178,0,0,0,0,,,,50
13936425,0.5,0,0,0,0,0,0,0,0,0,8.52939224,8.08860207,0,0,0,0,178,0,0,0,0,,,,50
13937552,0.5,0,0,0,0,0,0,0,0,0,8.52939224,8.08649063,0,0,0,0,178,0,0,0,0,,,,50
13938679,0.5,0,0,0,0,0,0,0,0,0,8.52939224,8.08860207,0,0,0,0,178,0,0,0,0,,,,50
13939811,0.5,0,0,0,0,0,0,0,0,0,8.52939224,8.08860207,0,0,0,0,178,0,0,0,0,,,,50
13940938,0.5,0,0,0,0,0,0,0,0,0,8.52939224,8.08649063,0,0,0,0,178,0,0,0,0,,,,50
13942065,0.5,0,0,0,0,0,0,0,0,0,8.52939224,8.08860207,0,0,0,0,178,0,0,0,0,,,,50
13943192,0.5,0,0,0,0,0,0,0,0,0,8.52939224,8.08860207,0,0,0,0,178,0,0,0,0,,,,50
13944319,0.5,0,0,0,0,0,0,0,0,0,8.53240585,8.08649063,0,0,0,0,178,0,0,0,0,,,,50
13945446,0.5,0,0,0,0,0,0,0,0,0,8.52939224,8.08860207,0,0,0,0,178,0,0,0,0,,,,50
13946578,0.5,0,0,0,0,0,0,0,0,0,8.52939224,8.08860207,0,0.00714798551,0,0,178,0,0,0,0,,,,50
13947706,0.5,0,0,0,0,0,0,0,0,0,8.52939224,8.08860207,0,0,0,0,178,0,0,0,0,,,,50
13948833,0.5,0,0,0,0,0,0,0,0,0,8.52939224,8.08860207,0,0,0,0,178,0,0,0,0,,,,50
13949960,0.5,0,0,0,0,0,0,0,0,0,8.52939224,8.08860207,0,0,0,0,178,0,0,0,0,,,,50
13951087,0.5,0,0,0,0,0,0,0,0,0,8.52939224,8.08649063,0,0,0,0,178,0,0,0,0,,,,50
13952423,0.5,0,0,0,0,0,0,0,0,0,8.52939224,8.08649063,0,0,0,0,178,0,0,0,0,,,,50
13953551,0.5,0,0,0,0,0,0,0,0,0,8.52939224,8.08860207,0,0,0,0,178,0,0,0,0,,,,50
13954678,0.5,0,0,0,0,0,0,0,0,0,8.52939224,8.08860207,0,0,0,0,178,0,0,0,0,,,,50
13955805,0.5,0,0,0,0,0,0,0,0,0,8.52939224,8.08860207,0,0,0,0,178,0,0,0,0,,,,50
13956933,0.5,0,0,0,0,0,0,0,0,0,8.52939224,8.08860207,0,0,0,0,178,0,0,0,0,,,,50
13958060,0.5,0,0,0,0,0,0,0,0,0,8.52939224,8.08860207,0,0,0,0,178,0,0,0,0,,,,50
13959192,0.5,0,0,0,0,0,0,0,0,0,8.52939224,8.08860207,0,0,0,0,178,0,0,0,0,,,,50
13960319,0.5,0,0,0,0,0,0,0,0,0,8.52939224,8.08860207,0,0,0,0,178,0,0,0,0,,,,50
13961447,0.5,0,0,0,0,0,0,0,0,0,8.52939224,8.08649063,0,0,0,0,178,0,0,0,0,,,,50
13962574,0.5,0,0,0,0,0,0,0,0,0,8.52939224,8.08649063,0,0,0,0,178,0,0,0,0,,,,50
13963701,0.5,1,0,0,0.00805860758,0,0,0,0,0,8.52939224,8.08860207,0,0,0,0,178,0,0,0,0,,,,50
13964833,0.5,1,0,0,0.00805860758,0,0,0,0,0,8.52637863,8.08860207,0,0,0,0,178,0,0,0,0,,,,50
13965961,0.5,0,0,0,0,0,0,0,0,0,8.52939224,8.08860207,0,0,0,0,178,0,0,0,0,,,,50
13967088,0.5,0,0,0,0,0,0,0,0,0,8.52939224,8.08649063,0,0,0,0,178,0,0,0,0,,,,50
13968215,0.5,0,0,0,0,0,0,0,0,0,8.52939224,8.08860207,0,0,0,0,178,0,0,0,0,,,,50
13969343,0.5,0,0,0,0,0,0,0,0,0,8.52637863,8.08860207,0,0,0,0,178,0,0,0,0,,,,50
13970470,0.5,0,0,0,0,0,0,0,0,0,8.53240585,8.08860207,0,0,0,0,178,0,0,0,0,,,,50
13971602,0.5,0,0,0,0,0,0,0,0,0,8.52939224,8.08649063,0,0,0,0,178,0,0,0,0,,,,50
13972933,0.5,0,0,0,0,0,0,0,0,0,8.53240585,8.08860207,0,0,0,0,178,0,0,0,0,,,,50
13974061,0.5,0,0,0,0,0,0,0,0,0,8.53240585,8.08860207,0,0,0,0,178,0,0,0,0,,,,50
13975188,0.5,0,0,0,0,0,0,0,0,0,8.53240585,8.08860207,0,0,0,0,178,0,0,0,0,,,,50
13976315,0.5,0,0,0,0,0,0,0,0,0,8.52939224,8.08860207,0,0,0,0,178,0,0,0,0,,,,50
13977447,0.5,0,0,0,0,0,0,0,0,0,8.52939224,8.08860207,0,0,0,0,178,0,0,0,0,,,,50
13978574,0.5,0,0,0,0,0,0,0,0,0,8.52939224,8.08860207,0,0,0,0,178,0,0,0,0,,,,50
13979701,0.5,0,0,0,0,0,0,0,0,0,8.52939224,8.08649063,0,0,0,0,178,0,0,0,0,,,,50
13980829,0.5,0,0,0,0,0,0,0,0,0,8.52939224,8.08649063,0,0,0,0,178,0,0,0,0,,,,50
13981956,0.5,0,0,0,0,0,0,0,0,0,8.52939224,8.08860207,0,0,0,0,178,0,0,0,0,,,,50
13983083,0.5,0,0,0,0,0,0,0,0,0,8.52939224,8.08649063,0,0,0,0,178,0,0,0,0,,,,50
13984215,0.5,0,0,0,0,0,0,0,0,0,8.52939224,8.08860207,0,0,0,0,178,0,0,0,0,,,,50
13985342,0.5,0,0,0,0,0,0,0,0,0,8.52939224,8.08860207,0,0.00714798551,0,0,178,0,0,0,0,,,,50
13986470,0.5,0,0,0,0,0,0,0,0,0,8.53240585,8.08649063,0,0,0,0,178,0,0,0,0,,,,50
13987597,0.5,0,0,0,0,0,0,0,0,0,8.52939224,8.08649063,0,0,0,0,178,0,0,0,0,,,,50
13988724,0.5,0,0,0,0,0,0,0,0,0,8.52939224,8.08860207,0,0,0,0,178,0,0,0,0,,,,50
13989852,0.5,0,0,0,0,0,0,0,0,0,8.53240585,8.08860207,0,0,0,0,178,0,0,0,0,,,,50
13990984,0.5,0,0,0,0,0,0,0,0,0,8.52939224,8.08860207,0,0,0,0,178,0,0,0,0,,,,50
13992111,0.5,0,0,0,0,0,0,0,0,0,8.52939224,8.08860207,0,0,0,0,178,0,0,0,0,,,,50
13993238,0.5,0,0,0,0,0,0,0,0,0,8.52637863,8.08860207,0,0,0,0,178,0,0,0,0,,,,50
13994569,0.5,0,0,0,0,0,0,0,0,0,8.53240585,8.08860207,0,0,0,0,178,0,0,0,0,,,,50
13995696,0.5,0,0,0,0,0,0,0,0,0,8.52939224,8.08860207,0,0,0,0,178,0,0,0,0,,,,50
13996828,0.5,0,0,0,0,0,0,0,0,0,8.52939224,8.08860207,0,0,0,0,178,0,0,0,0,,,,50
13997955,0.5,0,0,0,0,0,0,0,0,0,8.52939224,8.08649063,0,0,0,0,178,0,0,0,0,,,,50
13999083,0.5,0,0,0,0,0,0,0,0,0,8.52939224,8.08860207,0,0,0,0,178,0,0,0,0,,,,50
14000210,0.5,0,0,0,0,0,0,0,0,0,8.52939224,8.08860207,0,0,0,0,178,0,0,0,0,,,,50
14001337,0.5,0,0,0,0,0,0,0,0,0,8.52939224,8.08649063,0,0,0,0,178,0,0,0,0,,,,50
14002464,0.5,0,0,0,0,0,0,0,0,0,8.53240585,8.08860207,0,0,0,0,178,0,0,0,0,,,,50
14003596,0.5,0,0,0,0,0,0,0,0,0,8.52939224,8.08860207,0,0,0,0,178,0,0,0,0,,,,50
14004723,0.5,0,0,0,0,0,0,0,0,0,8.52939224,8.08860207,0,0,0,0,178,0,0,0,0,,,,50
14005850,0.5,0,0,0,0,0,0,0,0,0,8.53240585,8.08860207,0,0,0,0,178,0,0,0,0,,,,50
14006977,0.5,0,0,0,0,0,0,0,0,0,8.52939224,8.08860207,0,0,0,0,178,0,0,0,0,,,,50
14008104,0.5,0,0,0,0,0,0,0,0,0,8.52939224,8.08860207,0,0,0,0,178,0,0,0,0,,,,50
14009236,0.5,0,0,0,0,0,0,0,0,0,8.52939224,8.08649063,0,0,0,0,178,0,0,0,0,,,,50
14010363,0.5,0,0,0,0,0,0,0,0,0,8.52939224,8.0907135,0,0,0,0,178,0,0,0,0,,,,50
14011490,0.5,0,0,0,0,0,0,0,0,0,8.52939224,8.08860207,0,0,0,0,178,0,0,0,0,,,,50
14012618,0.5,0,0,0,0,0,0,0,0,0,8.52939224,8.08860207,0,0,0,0,178,0,0,0,0,,,,50
14013745,0.5,0,0,0,0,0,0,0,0,0,8.52939224,8.08860207,0,0,0,0,178,0,0,0,0,,,,50
14015076,0.5,0,0,0,0,0,0,0,0,0,8.52939224,8.08860207,0,0,0,0,178,0,0,0,0,,,,50
14016208,0.5,0,0,0,0,0,0,0,0,0,8.52939224,8.08649063,0,0,0,0,178,0,0,0,0,,,,50
14017335,0.5,0,0,0,0,0,0,0,0,0,8.52939224,8.08860207,0,0,0,0,178,0,0,0,0,,,,50
14018462,0.5,0,0,0,0,0,0,0,0,0,8.52939224,8.08649063,0,0.00714798551,0,0,178,0,0,0,0,,,,50
14019589,0.5,0,0,0,0,0,0,0,0,0,8.52939224,8.08860207,0,0,0,0,178,0,0,0,0,,,,50
14020716,0.5,0,0,0,0,0,0,0,0,0,8.52939224,8.08860207,0,0,0,0,178,0,0,0,0,,,,50
14021848,0.5,0,0,0,0,0,0,0,0,0,8.52939224,8.08860207,0,0,0,0,178,0,0,0,0,,,,50
14022975,0.5,0,0,0,0,0,0,0,0,0,8.52939224,8.08860207,0,0,0,0,178,0,0,0,0,,,,50
14024102,0.5,0,0,0,0,0,0,0,0,0,8.52637863,8.0907135,0,0,0,0,178,0,0,0,0,,,,50
14025230,0.5,0,0,0,0,0,0,0,0,0,8.52939224,8.08860207,0,0,0,0,178,0,0,0,0,,,,50
14026357,0.5,0,0,0,0,0,0,0,0,0,8.53240585,8.08860207,0,0,0,0,178,0,0,0,0,,,,50
14027484,0.5,0,0,0,0,0,0,0,0,0,8.52939224,8.08649063,0,0,0,0,178,0,0,0,0,,,,50
14028616,0.5,0,0,0,0,0,0,0,0,0,8.52939224,8.08860207,0,0,0,0,178,0,0,0,0,,,,50
14029743,0.5,0,0,0,0,0,0,0,0,0,8.52939224,8.08860207,0,0,0,0,178,0,0,0,0,,,,50
14030870,0.5,0,0,0,0,0,0,0,0,0,8.53240585,8.08860207,0,0,0,0,178,0,0,0,0,,,,50
14031998,0.5,0,0,0,0,0,0,0,0,0,8.52939224,8.08860207,0,0,0,0,178,0,0,0,0,,,,50
14033125,0.5,0,0,0,0,0,0,0,0,0,8.52939224,8.08649063,0,0,0,0,178,0,0,0,0,,,,50
14034252,0.5,0,0,0,0,0,0,0,0,0,8.52637863,8.08860207,0,0,0,0,178,0,0,0,0,,,,50
14035384,0.5,0,0,0,0,0,0,0,0,0,8.52939224,8.08860207,0,0,0,0,178,0,0,0,0,,,,50
14036716,0.5,0,0,0,0,0,0,0,0,0,8.52939224,8.08649063,0,0,0,0,178,0,0,0,0,,,,50
14037843,0.5,0,0,0,0,0,0,0,0,0,8.53240585,8.08860207,0,0,0,0,178,0,0,0,0,,,,50
14038970,0.5,0,0,0,0,0,0,0,0,0,8.52637863,8.08860207,0,0,0,0,178,0,0,0,0,,,,50
14040097,0.5,0,0,0,0,0,0,0,0,0,8.52939224,8.08860207,0,0,0,0,178,0,0,0,0,,,,50
14041229,0.5,0,0,0,0,0,0,0,0,0,8.52939224,8.08860207,0,0,0,0,178,0,0,0,0,,,,50
14042356,0.5,0,0,0,0,0,0,0,0,0,8.52939224,8.08860207,0,0,0,0,178,0,0,0,0,,,,50
14043483,0.5,0,0,0,0,0,0,0,0,0,8.52939224,8.08860207,0,0,0,0,178,0,0,0,0,,,,50
14044611,0.5,0,0,0,0,0,0,0,0,0,8.52939224,8.08860207,0,0,0,0,178,0,0,0,0,,,,50
14045738,0.5,0,0,0,0,0,0,0,0,0,8.52939224,8.08860207,0,0,0,0,178,0,0,0,0,,,,50
14046865,0.5,0,0,0,0,0,0,0,0,0,8.52939224,8.08860207,0,0,0,0,178,0,0,0,0,,,,50
14047997,0.5,0,0,0,0,0,0,0,0,0,8.52939224,8.08860207,0,0.00714798551,0,0,178,0,0,0,0,,,,50
14049124,0.5,0,0,0,0,0,0,0,0,0,8.52939224,8.08649063,0,0,0,0,178,0,0,0,0,,,,50
14050251,0.5,0,0,0,0,0,0,0,0,0,8.52939224,8.08649063,0,0,0,0,178,0,0,0,0,,,,50
14051379,0.5,0,0,0,0,0,0,0,0,0,8.52939224,8.08649063,0,0,0,0,178,0,0,0,0,,,,50
14052506,0.5,0,0,0,0,0,0,0,0,0,8.52939224,8.08860207,0,0,0,0,178,0,0,0,0,,,,50
14053638,0.5,0,0,0,0,0,0,0,0,0,8.52939224,8.08649063,0,0,0,0,178,0,0,0,0,,,,50
14054766,0.5,0,0,0,0,0,0,0,0,0,8.52939224,8.08649063,0,0,0,0,178,0,0,0,0,,,,50
14055893,0.5,0,0,0,0,0,0,0,0,0,8.52939224,8.08860207,0,0,0,0,178,0,0,0,0,,,,50
14057224,0.5,0,0,0,0,0,0,0,0,0,8.52939224,8.08860207,0,0,0,0,178,0,0,0,0,,,,50
14058352,0.5,0,0,0,0,0,0,0,0,0,8.52939224,8.08860207,0,0,0,0,178,0,0,0,0,,,,50
14059479,0.5,0,0,0,0,0,0,0,0,0,8.52939224,8.08860207,0,0,0,0,178,0,0,0,0,,,,50
14060610,0.5,0,0,0,0,0,0,0,0,0,8.52939224,8.08860207,0,0,0,0,178,0,0,0,0,,,,50
14061738,0.5,0,0,0,0,0,0,0,0,0,8.52939224,8.08860207,0,0,0,0,178,0,0,0,0,,,,50
14062865,0.5,0,0,0,0,0,0,0,0,0,8.52939224,8.08649063,0,0,0,0,178,0,0,0,0,,,,50
14063992,0.5,0,0,0,0,0,0,0,0,0,8.52939224,8.08649063,0,0,0,0,178,0,0,0,0,,,,50
14065119,0.5,0,0,0,0,0,0,0,0,0,8.52939224,8.08860207,0,0,0,0,178,0,0,0,0,,,,50
14066251,0.5,0,0,0,0,0,0,0,0,0,8.52939224,8.08649063,0,0,0,0,178,0,0,0,0,,,,50
14067378,0.5,0,0,0,0,0,0,0,0,0,8.52939224,8.08860207,0,0,0,0,178,0,0,0,0,,,,50
14068506,0.5,0,0,0,0,0,0,0,0,0,8.52939224,8.08860207,0,0,0,0,178,0,0,0,0,,,,50
14069633,0.5,0,0,0,0,0,0,0,0,0,8.52939224,8.08860207,0,0,0,0,178,0,0,0,0,,,,50
14070760,0.5,0,0,0,0,0,0,0,0,0,8.52939224,8.08649063,0,0,0,0,178,0,0,0,0,,,,50
14071888,0.5,0,0,0,0,0,0,0,0,0,8.52637863,8.08860207,0,0,0,0,178,0,0,0,0,,,,50
14073020,0.5,0,0,0,0,0,0,0,0,0,8.53240585,8.0907135,0,0,0,0,178,0,0,0,0,,,,50
14074147,0.5,0,0,0,0,0,0,0,0,0,8.53240585,8.08860207,0,0,0,0,178,0,0,0,0,,,,50
14075274,0.5,0,0,0,0,0,0,0,0,0,8.52939224,8.08860207,0,0,0,0,178,0,0,0,0,,,,50
14076402,0.5,0,0,0,0,0,0,0,0,0,8.52939224,8.08860207,0,0,0,0,178,0,0,0,0,,,,50
14077529,0.5,0,0,0,0,0,0,0,0,0,8.52939224,8.08860207,0,0,0,0,178,0,0,0,0,,,,50
14078860,0.5,0,0,0,0,0,0,0,0,0,8.52939224,8.08649063,0,0,0,0,178,0,0,0,0,,,,50
14079992,0.5,0,0,0,0,0,0,0,0,0,8.52939224,8.08860207,0,0,0,0,178,0,0,0,0,,,,50
14081120,0.5,0,0,0,0,0,0,0,0,0,8.52939224,8.08860207,0,0,0,0,178,0,0,0,0,,,,50
14082247,0.5,0,0,0,0,0,0,0,0,0,8.52939224,8.08860207,0,0,0,0,178,0,0,0,0,,,,50
14083374,0.5,0,0,0,0,0,0,0,0,0,8.52939224,8.08649063,0,0,0,0,178,0,0,0,0,,,,50
14084501,0.5,0,0,0,0,0,0,0,0,0,8.52939224,8.08860207,0,0,0,0,178,0,0,0,0,,,,50
14085632,0.5,0,0,0,0,0,0,0,0,0,8.52939224,8.08860207,0,0,0,0,178,0,0,0,0,,,,50
14086759,0.5,0,0,0,0,0,0,0,0,0,8.52939224,8.08860207,0,0,0,0,178,0,0,0,0,,,,50
14087886,0.5,0,0,0,0,0,0,0,0,0,8.52939224,8.08860207,0,0,0,0,178,0,0,0,0,,,,50
14089013,0.5,0,0,0,0,0,0,0,0,0,8.52939224,8.08860207,0,0,0,0,178,0,0,0,0,,,,50
14090141,0.5,0,0,0,0,0,0,0,0,0,8.53240585,8.08860207,0,0,0,0,178,0,0,0,0,,,,50
14091268,0.5,0,0,0,0,0,0,0,0,0,8.52939224,8.08860207,0,0,0,0,178,0,0,0,0,,,,50
14092400,0.5,0,0,0,0,0,0,0,0,0,8.52939224,8.08860207,0,0.00714798551,0,0,178,0,0,0,0,,,,50
14093527,0.5,0,0,0,0,0,0,0,0,0,8.52637863,8.08860207,0,0,0,0,178,0,0,0,0,,,,50
14094655,0.5,0,0,0,0,0,0,0,0,0,8.52939224,8.08860207,0,0,0,0,178,0,0,0,0,,,,50
14095782,0.5,0,0,0,0,0,0,0,0,0,8.52939224,8.08649063,0,0,0,0,178,0,0,0,0,,,,50
14096909,0.5,0,0,0,0,0,0,0,0,0,8.52939224,8.08860207,0,0,0,0,178,0,0,0,0,,,,50
14098041,0.5,0,0,0,0,0,0,0,0,0,8.52939224,8.08860207,0,0,0,0,178,0,0,0,0,,,,50
14099373,0.5,0,0,0,0,0,0,0,0,0,8.52939224,8.08860207,0,0,0,0,178,0,0,0,0,,,,50
14100500,0.5,0,0,0,0,0,0,0,0,0,8.52939224,8.08860207,0,0,0,0,178,0,0,0,0,,,,50
14101627,0.5,0,0,0,0,0,0,0,0,0,8.52939224,8.08649063,0,0,0,0,178,0,0,0,0,,,,50
14102754,0.5,0,0,0,0,0,0,0,0,0,8.52939224,8.08860207,0,0,0,0,178,0,0,0,0,,,,50
14103882,0.5,0,0,0,0,0,0,0,0,0,8.52637863,8.08860207,0,0,0,0,178,0,0,0,0,,,,50
14105014,0.5,0,0,0,0,0,0,0,0,0,8.52939224,8.08649063,0,0,0,0,178,0,0,0,0,,,,50
14106141,0.5,0,0,0,0,0,0,0,0,0,8.53240585,8.08860207,0,0,0,0,178,0,0,0,0,,,,50
14107268,0.5,0,0,0,0,0,0,0,0,0,8.52939224,8.08860207,0,0,0,0,178,0,0,0,0,,,,50
14108395,0.5,0,0,0,0,0,0,0,0,0,8.52939224,8.08649063,0,0,0,0,178,0,0,0,0,,,,50
14109522,0.5,0,0,0,0,0,0,0,0,0,8.52939224,8.08860207,0,0,0,0,178,0,0,0,0,,,,50
14110654,0.5,0,0,0,0,0,0,0,0,0,8.52939224,8.08860207,0,0,0,0,178,0,0,0,0,,,,50
14111781,0.5,0,0,0,0,0,0,0,0,0,8.52939224,8.08649063,0,0,0,0,178,0,0,0,0,,,,50
14112908,0.5,0,0,0,0,0,0,0,0,0,8.52939224,8.08649063,0,0,0,0,178,0,0,0,0,,,,50
14114036,0.5,0,0,0,0,0,0,0,0,0,8.52939224,8.0843792,0,0,0,0,178,0,0,0,0,,,,50
14115163,0.5,0,0,0,0,0,0,0,0,0,8.52939224,8.08649063,0,0,0,0,178,0,0,0,0,,,,50
14116290,0.5,0,0,0,0,0,0,0,0,0,8.52939224,8.08860207,0,0.00714798551,0,0,178,0,0,0,0,,,,50
14117422,0.5,0,0,0,0,0,0,0,0,0,8.52939224,8.08860207,0,0,0,0,178,0,0,0,0,,,,50
14118549,0.5,0,0,0,0,0,0,0,0,0,8.53240585,8.08860207,0,0,0,0,178,0,0,0,0,,,,50
14119881,0.5,0,0,0,0,0,0,0,0,0,8.52939224,8.08860207,0,0,0,0,178,0,0,0,0,,,,50
14121008,0.5,0,0,0,0,0,0,0,0,0,8.52939224,8.08860207,0,0,0,0,178,0,0,0,0,,,,50
14122135,0.5,0,0,0,0,0,0,0,0,0,8.53240585,8.08860207,0,0,0,0,178,0,0,0,0,,,,50
14123267,0.5,0,0,0,0,0,0,0,0,0,8.52939224,8.08860207,0,0,0,0,178,0,0,0,0,,,,50
14124395,0.5,0,0,0,0,0,0,0,0,0,8.52939224,8.08860207,0,0,0,0,178,0,0,0,0,,,,50
14125522,0.5,0,0,0,0,0,0,0,0,0,8.52939224,8.08649063,0,0,0,0,178,0,0,0,0,,,,50
14126649,0.5,0,0,0,0,0,0,0,0,0,8.52939224,8.08860207,0,0,0,0,178,0,0,0,0,,,,50
14127776,0.5,0,0,0,0,0,0,0,0,0,8.52939224,8.08649063,0,0,0,0,178,0,0,0,0,,,,50
14128904,0.5,0,0,0,0,0,0,0,0,0,8.52939224,8.08860207,0,0,0,0,178,0,0,0,0,,,,50
14130035,0.5,0,0,0,0,0,0,0,0,0,8.52939224,8.08860207,0,0,0,0,178,0,0,0,0,,,,50
14131163,0.5,0,0,0,0,0,0,0,0,0,8.53240585,8.08860207,0,0,0,0,178,0,0,0,0,,,,50
14132290,0.5,0,0,0,0,0,0,0,0,0,8.52939224,8.08860207,0,0,0,0,178,0,0,0,0,,,,50
14133417,0.5,0,0,0,0,0,0,0,0,0,8.52939224,8.08860207,0,0,0,0,178,0,0,0,0,,,,50
14134544,0.5,0,0,0,0,0,0,0,0,0,8.53240585,8.08860207,0,0,0,0,178,0,0,0,0,,,,50
14135672,0.5,0,0,0,0,0,0,0,0,0,8.52939224,8.08649063,0,0,0,0,178,0,0,0,0,,,,50
14136803,0.5,0,0,0,0,0,0,0,0,0,8.52939224,8.08649063,0,0,0,0,178,0,0,0,0,,,,50
14137931,0.5,0,0,0,0,0,0,0,0,0,8.52939224,8.08860207,0,0,0,0,178,0,0,0,0,,,,50
14139058,0.5,0,0,0,0,0,0,0,0,0,8.52939224,8.08649063,0,0,0,0,178,0,0,0,0,,,,50
14140185,0.5,0,0,0,0,0,0,0,0,0,8.52939224,8.08860207,0,0,0,0,178,0,0,0,0,,,,50
14141516,0.5,0,0,0,0,0,0,0,0,0,8.52939224,8.08860207,0,0,0,0,178,0,0,0,0,,,,50
14142648,0.5,0,0,0,0,0,0,0,0,0,8.52939224,8.08860207,0,0,0,0,178,0,0,0,0,,,,50
14143775,0.5,0,0,0,0,0,0,0,0,0,8.52939224,8.08649063,0,0,0,0,178,0,0,0,0,,,,50
14144902,0.5,0,0,0,0,0,0,0,0,0,8.52939224,8.08860207,0,0,0,0,178,0,0,0,0,,,,50
14146029,0.5,0,0,0,0,0,0,0,0,0,8.52939224,8.08860207,0,0,0,0,178,0,0,0,0,,,,50
14147156,0.5,0,0,0,0,0,0,0,0,0,8.52939224,8.08649063,0,0,0,0,178,0,0,0,0,,,,50
14148283,0.5,0,0,0,0,0,0,0,0,0,8.52939224,8.08649063,0,0,0,0,178,0,0,0,0,,,,50
14149415,0.5,0,0,0,0,0,0,0,0,0,8.52939224,8.08860207,0,0,0,0,178,0,0,0,0,,,,50
14150543,0.5,0,0,0,0,0,0,0,0,0,8.52939224,8.08649063,0,0,0,0,178,0,0,0,0,,,,50
14151670,0.5,0,0,0,0,0,0,0,0,0,8.52939224,8.08860207,0,0,0,0,178,0,0,0,0,,,,50
14152797,0.5,0,0,0,0,0,0,0,0,0,8.52939224,8.08860207,0,0,0,0,178,0,0,0,0,,,,50
14153925,0.5,0,0,0,0,0,0,0,0,0,8.52939224,8.08860207,0,0,0,0,178,0,0,0,0,,,,50
14155057,0.5,0,0,0,0,0,0,0,0,0,8.52939224,8.08860207,0,0,0,0,178,0,0,0,0,,,,50
14156184,0.5,0,0,0,0,0,0,0,0,0,8.52939224,8.08860207,0,0,0,0,178,0,0,0,0,,,,50
14157311,0.5,0,0,0,0,0,0,0,0,0,8.52939224,8.08860207,0,0,0,0,178,0,0,0,0,,,,50
14158439,0.5,0,0,0,0,0,0,0,0,0,8.52939224,8.08860207,0,0,0,0,178,0,0,0,0,,,,50
14159566,0.5,0,0,0,0,0,0,0,0,0,8.52939224,8.08860207,0,0,0,0,178,0,0,0,0,,,,50
14160693,0.5,0,0,0,0,0,0,0,0,0,8.52939224,8.08860207,0,0,0,0,178,0,0,0,0,,,,50
14162029,0.5,0,0,0,0,0,0,0,0,0,8.52939224,8.08860207,0,0,0,0,178,0,0,0,0,,,,50
14163156,0.5,0,0,0,0,0,0,0,0,0,8.52939224,8.08860207,0,0,0,0,178,0,0,0,0,,,,50
14164283,0.5,0,0,0,0,0,0,0,0,0,8.52939224,8.08649063,0,0,0,0,178,0,0,0,0,,,,50
14165410,0.5,0,0,0,0,0,0,0,0,0,8.52939224,8.08649063,0,0,0,0,178,0,0,0,0,,,,50
14166537,0.5,0,0,0,0,0,0,0,0,0,8.52939224,8.08649063,0,0,0,0,178,0,0,0,0,,,,50
14167669,0.5,0,0,0,0,0,0,0,0,0,8.53240585,8.08649063,0,0,0,0,178,0,0,0,0,,,,50
14168796,0.5,0,0,0,0,0,0,0,0,0,8.52939224,8.08860207,0,0,0,0,178,0,0,0,0,,,,50
14169924,0.5,0,0,0,0,0,0,0,0,0,8.52939224,8.08649063,0,0.00714798551,0,0,178,0,0,0,0,,,,50
14171051,0.5,0,0,0,0,0,0,0,0,0,8.52939224,8.08860207,0,0,0,0,178,0,0,0,0,,,,50
14172178,0.5,0,0,0,0,0,0,0,0,0,8.52939224,8.08860207,0,0,0,0,178,0,0,0,0,,,,50
14173305,0.5,0,0,0,0,0,0,0,0,0,8.52939224,8.08860207,0,0,0,0,178,0,0,0,0,,,,50
14174437,0.5,0,0,0,0,0,0,0,0,0,8.52939224,8.08649063,0,0,0,0,178,0,0,0,0,,,,50
14175564,0.5,0,0,0,0,0,0,0,0,0,8.52939224,8.08649063,0,0,0,0,178,0,0,0,0,,,,50
14176691,0.5,0,0,0,0,0,0,0,0,0,8.52939224,8.08860207,0,0,0,0,178,0,0,0,0,,,,50
14177819,0.5,0,0,0,0,0,0,0,0,0,8.52939224,8.08860207,0,0,0,0,178,0,0,0,0,,,,50
14178946,0.5,0,0,0,0,0,0,0,0,0,8.52939224,8.08860207,0,0,0,0,178,0,0,0,0,,,,50
14180073,0.5,0,0,0,0,0,0,0,0,0,8.52939224,8.08860207,0,0,0,0,178,0,0,0,0,,,,50
14181205,0.5,0,0,0,0,0,0,0,0,0,8.52939224,8.08649063,0,0,0,0,178,0,0,0,0,,,,50
14182332,0.5,0,0,0,0,0,0,0,0,0,8.52637863,8.08649063,0,0,0,0,178,0,0,0,0,,,,50
14183663,0.5,0,0,0,0,0,0,0,0,0,8.52939224,8.08649063,0,0,0,0,178,0,0,0,0,,,,50
14184791,0.5,0,0,0,0,0,0,0,0,0,8.53240585,8.08649063,0,0,0,0,178,0,0,0,0,,,,50
14185918,0.5,0,0,0,0,0,0,0,0,0,8.52939224,8.08649063,0,0,0,0,178,0,0,0,0,,,,50
14187050,0.5,0,0,0,0,0,0,0,0,0,8.52939224,8.08649063,0,0,0,0,178,0,0,0,0,,,,50
14188177,0.5,0,0,0,0,0,0,0,0,0,8.53240585,8.08860207,0,0,0,0,178,0,0,0,0,,,,50
14189305,0.5,0,0,0,0,0,0,0,0,0,8.52939224,8.08860207,0,0,0,0,178,0,0,0,0,,,,50
14190432,0.5,0,0,0,0,0,0,0,0,0,8.52637863,8.08860207,0,0,0,0,178,0,0,0,0,,,,50
14191559,0.5,0,0,0,0,0,0,0,0,0,8.52939224,8.08649063,0,0,0,0,178,0,0,0,0,,,,50
14192687,0.5,0,0,0,0,0,0,0,0,0,8.52939224,8.08649063,0,0,0,0,178,0,0,0,0,,,,50
14193819,0.5,0,0,0,0,0,0,0,0,0,8.52939224,8.08649063,0,0,0,0,178,0,0,0,0,,,,50
14194946,0.5,0,0,0,0,0,0,0,0,0,8.52939224,8.08860207,0,0,0,0,178,0,0,0,0,,,,50
14196073,0.5,0,0,0,0,0,0,0,0,0,8.52939224,8.08649063,0,0,0,0,178,0,0,0,0,,,,50
14197201,0.5,0,0,0,0,0,0,0,0,0,8.52939224,8.08649063,0,0,0,0,178,0,0,0,0,,,,50
14198328,0.5,0,0,0,0,0,0,0,0,0,8.52939224,8.08649063,0,0,0,0,178,0,0,0,0,,,,50
14199460,0.5,0,0,0,0,0,0,0,0,0,8.52939224,8.08649063,0,0,0,0,178,0,0,0,0,,,,50
14200587,0.5,0,0,0,0,0,0,0,0,0,8.53240585,8.08860207,0,0,0,0,178,0,0,0,0,,,,50
14201715,0.5,0,0,0,0,0,0,0,0,0,8.52939224,8.08649063,0,0,0,0,178,0,0,0,0,,,,50
14202842,0.5,0,0,0,0,0,0,0,0,0,8.52939224,8.08649063,0,0,0,0,178,0,0,0,0,,,,50
14204173,0.5,0,0,0,0,0,0,0,0,0,8.52637863,8.08860207,0,0,0,0,178,0,0,0,0,,,,50
14205301,0.5,0,0,0,0,0,0,0,0,0,8.52939224,8.08860207,0,0,0,0,178,0,0,0,0,,,,50
14206433,0.5,0,0,0,0,0,0,0,0,0,8.52939224,8.08649063,0,0,0,0,178,0,0,0,0,,,,50
14207560,0.5,0,0,0,0,0,0,0,0,0,8.53240585,8.08860207,0,0,0,0,178,0,0,0,0,,,,50
14208687,0.5,0,0,0,0,0,0,0,0,0,8.52939224,8.08860207,0,0,0,0,178,0,0,0,0,,,,50
14209814,0.5,0,0,0,0,0,0,0,0,0,8.53240585,8.08860207,0,0,0,0,178,0,0,0,0,,,,50
14210942,0.5,0,0,0,0,0,0,0,0,0,8.52939224,8.08860207,0,0,0,0,178,0,0,0,0,,,,50
14212074,0.5,0,0,0,0,0,0,0,0,0,8.52939224,8.08649063,0,0,0,0,178,0,0,0,0,,,,50
14213201,0.5,0,0,0,0,0,0,0,0,0,8.52939224,8.08860207,0,0,0,0,178,0,0,0,0,,,,50
14214328,0.5,0,0,0,0,0,0,0,0,0,8.52939224,8.08860207,0,0,0,0,178,0,0,0,0,,,,50
14215456,0.5,0,0,0,0,0,0,0,0,0,8.52939224,8.08860207,0,0,0,0,178,0,0,0,0,,,,50
14216583,0.5,0,0,0,0,0,0,0,0,0,8.52939224,8.08860207,0,0,0,0,178,0,0,0,0,,,,50
14217710,0.5,0,0,0,0,0,0,0,0,0,8.52939224,8.08860207,0,0,0,0,178,0,0,0,0,,,,50
14218842,0.5,0,0,0,0,0,0,0,0,0,8.53240585,8.08860207,0,0,0,0,178,0,0,0,0,,,,50
14219970,0.5,0,0,0,0,0,0,0,0,0,8.52939224,8.08860207,0,0,0,0,178,0,0,0,0,,,,50
14221097,0.5,0,0,0,0,0,0,0,0,0,8.52637863,8.08649063,0,0,0,0,178,0,0,0,0,,,,50
14222224,0.5,0,0,0,0,0,0,0,0,0,8.52939224,8.08860207,0,0,0,0,178,0,0,0,0,,,,50
14223352,0.5,0,0,0,0,0,0,0,0,0,8.52637863,8.08860207,0,0,0,0,178,0,0,0,0,,,,50
14224479,0.5,0,0,0,0,0,0,0,0,0,8.52939224,8.08860207,0,0,0,0,178,0,0,0,0,,,,50
14225815,0.5,0,0,0,0,0,0,0,0,0,8.52939224,8.08860207,0,0,0,0,178,0,0,0,0,,,,50
14226942,0.5,0,0,0,0,0,0,0,0,0,8.52939224,8.08860207,0,0,0,0,178,0,0,0,0,,,,50
14228069,0.5,0,0,0,0,0,0,0,0,0,8.52939224,8.08860207,0,0,0,0,178,0,0,0,0,,,,50
14229196,0.5,0,0,0,0,0,0,0,0,0,8.52939224,8.08860207,0,0.00714798551,0,0,178,0,0,0,0,,,,50
14230324,0.5,0,0,0,0,0,0,0,0,0,8.53240585,8.08860207,0,0,0,0,178,0,0,0,0,,,,50
14231456,0.5,0,0,0,0,0,0,0,0,0,8.52939224,8.08860207,0,0,0,0,178,0,0,0,0,,,,50
14232583,0.5,0,0,0,0,0,0,0,0,0,8.52637863,8.08860207,0,0,0,0,178,0,0,0,0,,,,50
14233710,0.5,0,0,0,0,0,0,0,0,0,8.52939224,8.08860207,0,0,0,0,178,0,0,0,0,,,,50
14234837,0.5,0,0,0,0,0,0,0,0,0,8.52939224,8.08860207,0,0,0,0,178,0,0,0,0,,,,50
14235964,0.5,0,0,0,0,0,0,0,0,0,8.52939224,8.08860207,0,0.00714798551,0,0,178,0,0,0,0,,,,50
14237091,0.5,0,0,0,0,0,0,0,0,0,8.52939224,8.08860207,0,0,0,0,178,0,0,0,0,,,,50
14238223,0.5,0,0,0,0,0,0,0,0,0,8.52939224,8.08860207,0,0,0,0,178,0,0,0,0,,,,50
14239351,0.5,0,0,0,0,0,0,0,0,0,8.52939224,8.08860207,0,0,0,0,178,0,0,0,0,,,,50
14240478,0.5,0,0,0,0,0,0,0,0,0,8.53240585,8.08860207,0,0,0,0,178,0,0,0,0,,,,50
14241605,0.5,0,0,0,0,0,0,0,0,0,8.52939224,8.08860207,0,0.00714798551,0,0,178,0,0,0,0,,,,50
14242732,0.5,0,0,0,0,0,0,0,0,0,8.52939224,8.08860207,0,0,0,0,178,0,0,0,0,,,,50
14243864,0.5,0,0,0,0,0,0,0,0,0,8.52637863,8.08860207,0,0,0,0,178,0,0,0,0,,,,50
14244992,0.5,0,0,0,0,0,0,0,0,0,8.52939224,8.08649063,0,0,0,0,178,0,0,0,0,,,,50
14246323,0.5,0,0,0,0,0,0,0,0,0,8.52939224,8.08860207,0,0,0,0,178,0,0,0,0,,,,50
14247450,0.5,0,0,0,0,0,0,0,0,0,8.52939224,8.08860207,0,0,0,0,178,0,0,0,0,,,,50
14248577,0.5,0,0,0,0,0,0,0,0,0,8.52939224,8.08649063,0,0,0,0,178,0,0,0,0,,,,50
14249704,0.5,0,0,0,0,0,0,0,0,0,8.52939224,8.08860207,0,0,0,0,178,0,0,0,0,,,,50
14250836,0.5,0,0,0,0,0,0,0,0,0,8.52939224,8.0907135,0,0,0,0,178,0,0,0,0,,,,50
14251963,0.5,0,0,0,0,0,0,0,0,0,8.52939224,8.08860207,0,0,0,0,178,0,0,0,0,,,,50
14253091,0.5,0,0,0,0,0,0,0,0,0,8.52637863,8.08649063,0,0,0,0,178,0,0,0,0,,,,50
14254217,0.5,0,0,0,0,0,0,0,0,0,8.52939224,8.08860207,0,0,0,0,178,0,0,0,0,,,,50
14255345,0.5,0,0,0,0,0,0,0,0,0,8.52939224,8.08860207,0,0,0,0,178,0,0,0,0,,,,50
14256476,0.5,0,0,0,0,0,0,0,0,0,8.52939224,8.08860207,0,0,0,0,178,0,0,0,0,,,,50
14257603,0.5,0,0,0,0,0,0,0,0,0,8.52939224,8.08860207,0,0,0,0,178,0,0,0,0,,,,50
14258730,0.5,0,0,0,0,0,0,0,0,0,8.52939224,8.08860207,0,0,0,0,178,0,0,0,0,,,,50
14259858,0.5,0,0,0,0,0,0,0,0,0,8.52939224,8.08649063,0,0,0,0,178,0,0,0,0,,,,50
14260985,0.5,0,0,0,0,0,0,0,0,0,8.52939224,8.08860207,0,0,0,0,178,0,0,0,0,,,,50
14262111,0.5,0,0,0,0,0,0,0,0,0,8.52939224,8.08860207,0,0,0,0,178,0,0,0,0,,,,50
14263243,0.5,0,0,0,0,0,0,0,0,0,8.52939224,8.08860207,0,0,0,0,178,0,0,0,0,,,,50
14264370,0.5,0,0,0,0,0,0,0,0,0,8.52939224,8.08860207,0,0,0,0,178,0,0,0,0,,,,50
14265497,0.5,0,0,0,0,0,0,0,0,0,8.52939224,8.08860207,0,0,0,0,178,0,0,0,0,,,,50
14266828,0.5,0,0,0,0,0,0,0,0,0,8.52939224,8.08860207,0,0,0,0,178,0,0,0,0,,,,50
14267955,0.5,0,0,0,0,0,0,0,0,0,8.52939224,8.08860207,0,0,0,0,178,0,0,0,0,,,,50
14269087,0.5,0,0,0,0,0,0,0,0,0,8.52939224,8.08860207,0,0,0,0,178,0,0,0,0,,,,50
14270213,0.5,0,0,0,0,0,0,0,0,0,8.52939224,8.08860207,0,0,0,0,178,0,0,0,0,,,,50
14271340,0.5,0,0,0,0,0,0,0,0,0,8.53240585,8.08860207,0,0,0,0,178,0,0,0,0,,,,50
14272467,0.5,0,0,0,0,0,0,0,0,0,8.52939224,8.08860207,0,0,0,0,178,0,0,0,0,,,,50
14273594,0.5,0,0,0,0,0,0,0,0,0,8.52939224,8.08860207,0,0,0,0,178,0,0,0,0,,,,50
14274721,0.5,0,0,0,0,0,0,0,0,0,8.52939224,8.08860207,0,0,0,0,178,0,0,0,0,,,,50
14275853,0.5,0,0,0,0,0,0,0,0,0,8.52939224,8.08860207,0,0,0,0,178,0,0,0,0,,,,50
14276980,0.5,0,0,0,0,0,0,0,0,0,8.52939224,8.08860207,0,0,0,0,178,0,0,0,0,,,,50
14278107,0.5,0,0,0,0,0,0,0,0,0,8.52939224,8.08649063,0,0,0,0,178,0,0,0,0,,,,50
14279234,0.5,0,0,0,0,0,0,0,0,0,8.52637863,8.08860207,0,0,0,0,178,0,0,0,0,,,,50
14280361,0.5,0,0,0,0,0,0,0,0,0,8.52939224,8.08860207,0,0,0,0,178,0,0,0,0,,,,50
14281488,0.5,0,0,0,0,0,0,0,0,0,8.52637863,8.08860207,0,0,0,0,178,0,0,0,0,,,,50
14282620,0.5,0,0,0,0,0,0,0,0,0,8.52939224,8.08860207,0,0,0,0,178,0,0,0,0,,,,50
14283748,0.5,0,0,0,0,0,0,0,0,0,8.52939224,8.08860207,0,0,0,0,178,0,0,0,0,,,,50
14284875,0.5,0,0,0,0,0,0,0,0,0,8.52939224,8.08860207,0,0,0,0,178,0,0,0,0,,,,50
14286002,0.5,0,0,0,0,0,0,0,0,0,8.52939224,8.08860207,0,0,0,0,178,0,0,0,0,,,,50
14287129,0.5,0,0,0,0,0,0,0,0,0,8.52939224,8.08860207,0,0,0,0,178,0,0,0,0,,,,50
14288465,0.5,0,0,0,0,0,0,0,0,0,8.52939224,8.08860207,0,0,0,0,178,0,0,0,0,,,,50
14289592,0.5,0,0,0,0,0,0,0,0,0,8.52939224,8.08649063,0,0,0,0,178,0,0,0,0,,,,50
14290720,0.5,0,0,0,0,0,0,0,0,0,8.52939224,8.08860207,0,0,0,0,178,0,0,0,0,,,,50
14291847,0.5,0,0,0,0,0,0,0,0,0,8.52939224,8.08860207,0,0,0,0,178,0,0,0,0,,,,50
14292974,0.5,0,0,0,0,0,0,0,0,0,8.52939224,8.08649063,0,0,0,0,178,0,0,0,0,,,,50
14294101,0.5,0,0,0,0,0,0,0,0,0,8.52939224,8.08860207,0,0,0,0,178,0,0,0,0,,,,50
14295233,0.5,0,0,0,0,0,0,0,0,0,8.52939224,8.08649063,0,0.00714798551,0,0,178,0,0,0,0,,,,50
14296360,0.5,0,0,0,0,0,0,0,0,0,8.52939224,8.08649063,0,0,0,0,178,0,0,0,0,,,,50
14297487,0.5,0,0,0,0,0,0,0,0,0,8.52939224,8.08860207,0,0,0,0,178,0,0,0,0,,,,50
14298614,0.5,0,0,0,0,0,0,0,0,0,8.52939224,8.08649063,0,0,0,0,178,0,0,0,0,,,,50
14299741,0.5,0,0,0,0,0,0,0,0,0,8.52939224,8.08649063,0,0,0,0,178,0,0,0,0,,,,50
14300872,0.5,0,0,0,0,0,0,0,0,0,8.52637863,8.08649063,0,0,0,0,178,0,0,0,0,,,,50
14302000,0.5,0,0,0,0,0,0,0,0,0,8.53240585,8.08649063,0,0,0,0,178,0,0,0,0,,,,50
14303127,0.5,0,0,0,0,0,0,0,0,0,8.52939224,8.08860207,0,0,0,0,178,0,0,0,0,,,,50
14304254,0.5,0,0,0,0,0,0,0,0,0,8.52939224,8.08860207,0,0,0,0,178,0,0,0,0,,,,50
14305381,0.5,0,0,0,0,0,0,0,0,0,8.52939224,8.08649063,0,0,0,0,178,0,0,0,0,,,,50
14306508,0.5,0,0,0,0,0,0,0,0,0,8.52939224,8.08860207,0,0,0,0,178,0,0,0,0,,,,50
14307641,0.5,0,0,0,0,0,0,0,0,0,8.52939224,8.08860207,0,0,0,0,178,0,0,0,0,,,,50
14308972,0.5,0,0,0,0,0,0,0,0,0,8.52939224,8.08860207,0,0,0,0,178,0,0,0,0,,,,50
14310099,0.5,0,0,0,0,0,0,0,0,0,8.52939224,8.08649063,0,0,0,0,178,0,0,0,0,,,,50
14311226,0.5,0,0,0,0,0,0,0,0,0,8.52939224,8.08860207,0,0,0,0,178,0,0,0,0,,,,50
14312354,0.5,0,0,0,0,0,0,0,0,0,8.52939224,8.08860207,0,0,0,0,178,0,0,0,0,,,,50
14313486,0.5,0,0,0,0,0,0,0,0,0,8.52939224,8.08860207,0,0,0,0,178,0,0,0,0,,,,50
14314613,0.5,0,0,0,0,0,0,0,0,0,8.52939224,8.08860207,0,0,0,0,178,0,0,0,0,,,,50
14315740,0.5,0,0,0,0,0,0,0,0,0,8.52939224,8.08860207,0,0,0,0,178,0,0,0,0,,,,50
14316867,0.5,0,0,0,0,0,0,0,0,0,8.52939224,8.08649063,0,0,0,0,178,0,0,0,0,,,,50
14317994,0.5,0,0,0,0,0,0,0,0,0,8.52939224,8.08860207,0,0,0,0,178,0,0,0,0,,,,50
14319121,0.5,0,0,0,0,0,0,0,0,0,8.52939224,8.08860207,0,0,0,0,178,0,0,0,0,,,,50
14320253,0.5,0,0,0,0,0,0,0,0,0,8.52637863,8.08649063,0,0,0,0,178,0,0,0,0,,,,50
14321380,0.5,0,0,0,0,0,0,0,0,0,8.52939224,8.08860207,0,0,0,0,178,0,0,0,0,,,,50
14322506,0.5,0,0,0,0,0,0,0,0,0,8.52939224,8.08860207,0,0,0,0,178,0,0,0,0,,,,50
14323634,0.5,0,0,0,0,0,0,0,0,0,8.52939224,8.08860207,0,0,0,0,178,0,0,0,0,,,,50
14324761,0.5,0,0,0,0,0,0,0,0,0,8.52939224,8.08860207,0,0,0,0,178,0,0,0,0,,,,50
14325888,0.5,0,0,0,0,0,0,0,0,0,8.52939224,8.08649063,0,0,0,0,178,0,0,0,0,,,,50
14327020,0.5,0,0,0,0,0,0,0,0,0,8.52939224,8.08860207,0,0,0,0,178,0,0,0,0,,,,50
14328147,0.5,0,0,0,0,0,0,0,0,0,8.52939224,8.08860207,0,0,0,0,178,0,0,0,0,,,,50
14329275,0.5,0,0,0,0,0,0,0,0,0,8.52939224,8.08860207,0,0,0,0,178,0,0,0,0,,,,50
14330606,0.5,0,0,0,0,0,0,0,0,0,8.52939224,8.08860207,0,0,0,0,178,0,0,0,0,,,,50
14331733,0.5,0,0,0,0,0,0,0,0,0,8.52939224,8.08860207,0,0,0,0,178,0,0,0,0,,,,50
14332864,0.5,0,0,0,0,0,0,0,0,0,8.52939224,8.08860207,0,0,0,0,178,0,0,0,0,,,,50
14333992,0.5,0,0,0,0,0,0,0,0,0,8.52939224,8.08860207,0,0,0,0,178,0,0,0,0,,,,50
14335119,0.5,0,0,0,0,0,0,0,0,0,8.52939224,8.08649063,0,0,0,0,178,0,0,0,0,,,,50
14336245,0.5,0,0,0,0,0,0,0,0,0,8.52939224,8.08649063,0,0,0,0,178,0,0,0,0,,,,50
14337372,0.5,0,0,0,0,0,0,0,0,0,8.52939224,8.08860207,0,0,0,0,178,0,0,0,0,,,,50
14338499,0.5,0,0,0,0,0,0,0,0,0,8.52939224,8.08860207,0,0,0,0,178,0,0,0,0,,,,50
14339631,0.5,0,0,0,0,0,0,0,0,0,8.52939224,8.08860207,0,0,0,0,178,0,0,0,0,,,,50
14340758,0.5,0,0,0,0,0,0,0,0,0,8.52939224,8.08860207,0,0,0,0,178,0,0,0,0,,,,50
14341886,0.5,0,0,0,0,0,0,0,0,0,8.52939224,8.08649063,0,0,0,0,178,0,0,0,0,,,,50
14343013,0.5,0,0,0,0,0,0,0,0,0,8.52939224,8.08860207,0,0,0,0,178,0,0,0,0,,,,50
14344140,0.5,0,0,0,0,0,0,0,0,0,8.52637863,8.08860207,0,0,0,0,178,0,0,0,0,,,,50
14345272,0.5,0,0,0,0,0,0,0,0,0,8.52939224,8.08860207,0,0,0,0,178,0,0,0,0,,,,50
14346400,0.5,0,0,0,0,0,0,0,0,0,8.52939224,8.08860207,0,0,0,0,178,0,0,0,0,,,,50
14347527,0.5,0,0,0,0,0,0,0,0,0,8.52939224,8.08860207,0,0,0,0,178,0,0,0,0,,,,50
14348654,0.5,0,0,0,0,0,0,0,0,0,8.52939224,8.08649063,0,0,0,0,178,0,0,0,0,,,,50
14349782,0.5,0,0,0,0,0,0,0,0,0,8.52939224,8.08860207,0,0,0,0,178,0,0,0,0,,,,50
14351113,0.5,0,0,0,0,0,0,0,0,0,8.52939224,8.08860207,0,0,0,0,178,0,0,0,0,,,,50
14352245,0.5,0,0,0,0,0,0,0,0,0,8.52939224,8.08860207,0,0,0,0,178,0,0,0,0,,,,50
14353372,0.5,0,0,0,0,0,0,0,0,0,8.52939224,8.08860207,0,0,0,0,178,0,0,0,0,,,,50
14354500,0.5,0,0,0,0,0,0,0,0,0,8.52939224,8.08860207,0,0,0,0,178,0,0,0,0,,,,50
14355627,0.5,0,0,0,0,0,0,0,0,0,8.52637863,8.08860207,0,0,0,0,178,0,0,0,0,,,,50
14356754,0.5,0,0,0,0,0,0,0,0,0,8.52939224,8.08649063,0,0,0,0,178,0,0,0,0,,,,50
14357887,0.5,0,0,0,0,0,0,0,0,0,8.52939224,8.08860207,0,0,0,0,178,0,0,0,0,,,,50
14359014,0.5,0,0,0,0,0,0,0,0,0,8.52637863,8.08860207,0,0,0,0,178,0,0,0,0,,,,50
14360141,0.5,0,0,0,0,0,0,0,0,0,8.52939224,8.08860207,0,0,0,0,178,0,0,0,0,,,,50
14361268,0.5,0,0,0,0,0,0,0,0,0,8.52637863,8.08649063,0,0,0,0,178,0,0,0,0,,,,50
14362396,0.5,0,0,0,0,0,0,0,0,0,8.52939224,8.08649063,0,0,0,0,178,0,0,0,0,,,,50
14363523,0.5,0,0,0,0,0,0,0,0,0,8.52939224,8.08860207,0,0,0,0,178,0,0,0,0,,,,50
14364655,0.5,0,0,0,0,0,0,0,0,0,8.52939224,8.08860207,0,0,0,0,178,0,0,0,0,,,,50
14365782,0.5,0,0,0,0,0,0,0,0,0,8.52939224,8.08649063,0,0,0,0,178,0,0,0,0,,,,50
14366909,0.5,0,0,0,0,0,0,0,0,0,8.52939224,8.08860207,0,0,0,0,178,0,0,0,0,,,,50
14368036,0.5,0,0,0,0,0,0,0,0,0,8.52939224,8.08649063,0,0,0,0,178,0,0,0,0,,,,50
14369163,0.5,0,0,0,0,0,0,0,0,0,8.53240585,8.08860207,0,0,0,0,178,0,0,0,0,,,,50
14370290,0.5,0,0,0,0,0,0,0,0,0,8.52637863,8.08649063,0,0,0,0,178,0,0,0,0,,,,50
14371421,0.5,0,0,0,0,0,0,0,0,0,8.52939224,8.08649063,0,0,0,0,178,0,0,0,0,,,,50
14372752,0.5,0,0,0,0,0,0,0,0,0,8.52939224,8.08860207,0,0,0,0,178,0,0,0,0,,,,50
14373879,0.5,0,0,0,0,0,0,0,0,0,8.52939224,8.08860207,0,0,0,0,178,0,0,0,0,,,,50
14375006,0.5,0,0,0,0,0,0,0,0,0,8.52637863,8.08649063,0,0,0,0,178,0,0,0,0,,,,50
14376134,0.5,0,0,0,0,0,0,0,0,0,8.52637863,8.08860207,0,0,0,0,178,0,0,0,0,,,,50
14377266,0.5,0,0,0,0,0,0,0,0,0,8.52939224,8.08860207,0,0,0,0,178,0,0,0,0,,,,50
14378393,0.5,0,0,0,0,0,0,0,0,0,8.52939224,8.08860207,0,0,0,0,178,0,0,0,0,,,,50
14379520,0.5,0,0,0,0,0,0,0,0,0,8.52939224,8.08860207,0,0,0,0,178,0,0,0,0,,,,50
14380647,0.5,0,0,0,0,0,0,0,0,0,8.52939224,8.08860207,0,0,0,0,178,0,0,0,0,,,,50
14381774,0.5,0,0,0,0,0,0,0,0,0,8.52939224,8.08649063,0,0,0,0,178,0,0,0,0,,,,50
14382901,0.5,0,0,0,0,0,0,0,0,0,8.52939224,8.08649063,0,0,0,0,178,0,0,0,0,,,,50
14384033,0.5,0,0,0,0,0,0,0,0,0,8.52939224,8.08649063,0,0,0,0,178,0,0,0,0,,,,50
14385161,0.5,0,0,0,0,0,0,0,0,0,8.52939224,8.08860207,0,0,0,0,178,0,0,0,0,,,,50
14386288,0.5,0,0,0,0,0,0,0,0,0,8.52939224,8.08649063,0,0,0,0,178,0,0,0,0,,,,50
14387415,0.5,0,0,0,0,0,0,0,0,0,8.52939224,8.08649063,0,0,0,0,178,0,0,0,0,,,,50
14388542,0.5,0,0,0,0,0,0,0,0,0,8.52939224,8.08860207,0,0,0,0,178,0,0,0,0,,,,50
14389674,0.5,0,0,0,0,0,0,0,0,0,8.52939224,8.08860207,0,0,0,0,178,0,0,0,0,,,,50
14390801,0.5,0,0,0,0,0,0,0,0,0,8.52939224,8.08649063,0,0,0,0,178,0,0,0,0,,,,50
14391928,0.5,0,0,0,0,0,0,0,0,0,8.52939224,8.08860207,0,0,0,0,178,0,0,0,0,,,,50
14393259,0.5,0,0,0,0,0,0,0,0,0,8.52939224,8.08860207,0,0,0,0,178,0,0,0,0,,,,50
14394386,0.5,0,0,0,0,0,0,0,0,0,8.52637863,8.08860207,0,0,0,0,178,0,0,0,0,,,,50
14395514,0.5,0,0,0,0,0,0,0,0,0,8.52939224,8.08649063,0,0,0,0,178,0,0,0,0,,,,50
14396646,0.5,0,0,0,0,0,0,0,0,0,8.52939224,8.08649063,0,0,0,0,178,0,0,0,0,,,,50
14397773,0.5,0,0,0,0,0,0,0,0,0,8.52939224,8.08860207,0,0,0,0,178,0,0,0,0,,,,50
14398900,0.5,0,0,0,0,0,0,0,0,0,8.52939224,8.08860207,0,0,0,0,178,0,0,0,0,,,,50
14400028,0.5,0,0,0,0,0,0,0,0,0,8.52939224,8.08860207,0,0,0,0,178,0,0,0,0,,,,50
14401155,0.5,0,0,0,0,0,0,0,0,0,8.52939224,8.08860207,0,0,0,0,178,0,0,0,0,,,,50
14402287,0.5,0,0,0,0,0,0,0,0,0,8.52939224,8.08649063,0,0,0,0,178,0,0,0,0,,,,50
14403414,0.5,0,0,0,0,0,0,0,0,0,8.52939224,8.08860207,0,0,0,0,178,0,0,0,0,,,,50
14404542,0.5,0,0,0,0,0,0,0,0,0,8.52939224,8.0907135,0,0,0,0,178,0,0,0,0,,,,50
14405669,0.5,0,0,0,0,0,0,0,0,0,8.52939224,8.08860207,0,0,0,0,178,0,0,0,0,,,,50
14406796,0.5,0,0,0,0,0,0,0,0,0,8.52939224,8.08860207,0,0,0,0,178,0,0,0,0,,,,50
14407924,0.5,0,0,0,0,0,0,0,0,0,8.52939224,8.08649063,0,0,0,0,178,0,0,0,0,,,,50
14409056,0.5,0,0,0,0,0,0,0,0,0,8.52939224,8.0907135,0,0,0,0,178,0,0,0,0,,,,50
14410183,0.5,0,0,0,0,0,0,0,0,0,8.52939224,8.08860207,0,0,0,0,178,0,0,0,0,,,,50
14411311,0.5,0,0,0,0,0,0,0,0,0,8.52939224,8.08860207,0,0,0,0,178,0,0,0,0,,,,50
14412438,0.5,0,0,0,0,0,0,0,0,0,8.53240585,8.08860207,0,0,0,0,178,0,0,0,0,,,,50
14413769,0.5,0,0,0,0,0,0,0,0,0,8.52939224,8.08860207,0,0,0,0,178,0,0,0,0,,,,50
14414901,0.5,0,0,0,0,0,0,0,0,0,8.52939224,8.08860207,0,0,0,0,178,0,0,0,0,,,,50
14416029,0.5,0,0,0,0,0,0,0,0,0,8.52939224,8.08860207,0,0,0,0,178,0,0,0,0,,,,50
14417156,0.5,0,0,0,0,0,0,0,0,0,8.52939224,8.08860207,0,0,0,0,178,0,0,0,0,,,,50
14418283,0.5,0,0,0,0,0,0,0,0,0,8.52939224,8.08860207,0,0,0,0,178,0,0,0,0,,,,50
14419411,0.5,0,0,0,0,0,0,0,0,0,8.52939224,8.08860207,0,0,0,0,178,0,0,0,0,,,,50
14420538,0.5,0,0,0,0,0,0,0,0,0,8.52939224,8.08860207,0,0,0,0,178,0,0,0,0,,,,50
14421670,0.5,0,0,0,0,0,0,0,0,0,8.52939224,8.08860207,0,0,0,0,178,0,0,0,0,,,,50
14422797,0.5,0,0,0,0,0,0,0,0,0,8.52939224,8.08860207,0,0,0,0,178,0,0,0,0,,,,50
14423925,0.5,0,0,0,0,0,0,0,0,0,8.52939224,8.08860207,0,0,0,0,178,0,0,0,0,,,,50
14425052,0.5,0,0,0,0,0,0,0,0,0,8.52939224,8.08649063,0,0,0,0,178,0,0,0,0,,,,50
14426179,0.5,0,0,0,0,0,0,0,0,0,8.52939224,8.08649063,0,0,0,0,178,0,0,0,0,,,,50
14427307,0.5,0,0,0,0,0,0,0,0,0,8.52939224,8.08860207,0,0,0,0,178,0,0,0,0,,,,50
14428439,0.5,0,0,0,0,0,0,0,0,0,8.52939224,8.08860207,0,0,0,0,178,0,0,0,0,,,,50
14429566,0.5,0,0,0,0,0,0,0,0,0,8.52939224,8.08860207,0,0,0,0,178,0,0,0,0,,,,50
14430693,0.5,0,0,0,0,0,0,0,0,0,8.52939224,8.08860207,0,0,0,0,178,0,0,0,0,,,,50
14431821,0.5,0,0,0,0,0,0,0,0,0,8.52939224,8.08860207,0,0,0,0,178,0,0,0,0,,,,50
14432948,0.5,0,0,0,0,0,0,0,0,0,8.52939224,8.08860207,0,0,0,0,178,0,0,0,0,,,,50
14434080,0.5,0,0,0,0,0,0,0,0,0,8.52939224,8.08860207,0,0,0,0,178,0,0,0,0,,,,50
14435411,0.5,0,0,0,0,0,0,0,0,0,8.52939224,8.08860207,0,0,0,0,178,0,0,0,0,,,,50
14436538,0.5,0,0,0,0,0,0,0,0,0,8.52939224,8.08649063,0,0,0,0,178,0,0,0,0,,,,50
14437666,0.5,0,0,0,0,0,0,0,0,0,8.52939224,8.08860207,0,0,0,0,178,0,0,0,0,,,,50
14438793,0.5,0,0,0,0,0,0,0,0,0,8.52939224,8.08649063,0,0,0,0,178,0,0,0,0,,,,50
14439920,0.5,0,0,0,0,0,0,0,0,0,8.52939224,8.08860207,0,0,0,0,178,0,0,0,0,,,,50
14441052,0.5,0,0,0,0,0,0,0,0,0,8.52939224,8.08860207,0,0,0,0,178,0,0,0,0,,,,50
14442180,0.5,0,0,0,0,0,0,0,0,0,8.52939224,8.08860207,0,0,0,0,178,0,0,0,0,,,,50
14443307,0.5,0,0,0,0,0,0,0,0,0,8.53240585,8.08860207,0,0,0,0,178,0,0,0,0,,,,50
14444434,0.5,0,0,0,0,0,0,0,0,0,8.52939224,8.08649063,0,0,0,0,178,0,0,0,0,,,,50
14445561,0.5,0,0,0,0,0,0,0,0,0,8.53240585,8.08860207,0,0,0,0,178,0,0,0,0,,,,50
14446693,0.5,0,0,0,0,0,0,0,0,0,8.52939224,8.08860207,0,0,0,0,178,0,0,0,0,,,,50
14447821,0.5,0,0,0,0,0,0,0,0,0,8.52939224,8.08649063,0,0,0,0,178,0,0,0,0,,,,50
14448948,0.5,0,0,0,0,0,0,0,0,0,8.52939224,8.08860207,0,0,0,0,178,0,0,0,0,,,,50
14450075,0.5,0,0,0,0,0,0,0,0,0,8.52939224,8.08860207,0,0,0,0,178,0,0,0,0,,,,50
14451203,0.5,0,0,0,0,0,0,0,0,0,8.52939224,8.08860207,0,0,0,0,178,0,0,0,0,,,,50
14452330,0.5,0,0,0,0,0,0,0,0,0,8.52637863,8.08860207,0,0,0,0,178,0,0,0,0,,,,50
14453462,0.5,0,0,0,0,0,0,0,0.00454505486,0,8.52939224,8.08649063,0,0,0,0,178,0,0,0,0,,,,50
14454590,0.5,0,0,0,0,0,0,0,0,0,8.52939224,8.08649063,0,0,0,0,178,0,0,0,0,,,,50
14455921,0.5,0,0,0,0,0,0,0,0,0,8.52939224,8.08860207,0,0,0,0,178,0,0,0,0,,,,50
14457048,0.5,0,0,0,0,0,0,0,0,0,8.52939224,8.08649063,0,0,0,0,178,0,0,0,0,,,,50
14458176,0.5,0,0,0,0,0,0,0,0,0,8.52939224,8.08860207,0,0,0,0,178,0,0,0,0,,,,50
14459308,0.5,0,0,0,0,0,0,0,0,0,8.52939224,8.08649063,0,0,0,0,178,0,0,0,0,,,,50
14460435,0.5,0,0,0,0,0,0,0,0,0,8.52939224,8.08860207,0,0,0,0,178,0,0,0,0,,,,50
14461562,0.5,0,0,0,0,0,0,0,0,0,8.52939224,8.08860207,0,0,0,0,178,0,0,0,0,,,,50
14462690,0.5,0,0,0,0,0,0,0,0,0,8.52939224,8.08860207,0,0,0,0,178,0,0,0,0,,,,50
14463817,0.5,0,0,0,0,0,0,0,0,0,8.52939224,8.08860207,0,0,0,0,178,0,0,0,0,,,,50
14464944,0.5,0,0,0,0,0,0,0,0,0,8.52939224,8.08860207,0,0,0,0,178,0,0,0,0,,,,50
14466076,0.5,0,0,0,0,0,0,0,0,0,8.52939224,8.08649063,0,0,0,0,178,0,0,0,0,,,,50
14467204,0.5,0,0,0,0,0,0,0,0,0,8.53240585,8.08860207,0,0,0,0,178,0,0,0,0,,,,50
14468331,0.5,0,0,0,0,0,0,0,0,0,8.52939224,8.08860207,0,0,0,0,178,0,0,0,0,,,,50
14469458,0.5,0,0,0,0,0,0,0,0,0,8.53240585,8.08860207,0,0,0,0,178,0,0,0,0,,,,50
14470586,0.5,0,0,0,0,0,0,0,0,0,8.52939224,8.08860207,0,0,0,0,178,0,0,0,0,,,,50
14471713,0.5,0,0,0,0,0,0,0,0,0,8.53240585,8.08860207,0,0,0,0,178,0,0,0,0,,,,50
14472845,0.5,0,0,0,0,0,0,0,0,0,8.52939224,8.08860207,0,0,0,0,178,0,0,0,0,,,,50
14473972,0.5,0,0,0,0,0,0,0,0,0,8.52637863,8.08860207,0,0,0,0,178,0,0,0,0,,,,50
14475100,0.5,0,0,0,0,0,0,0,0,0,8.53240585,8.08860207,0,0,0,0,178,0,0,0,0,,,,50
14476227,0.5,0,0,0,0,0,0,0,0,0,8.52939224,8.08649063,0,0,0,0,178,0,0,0,0,,,,50
14477558,0.5,0,0,0,0,0,0,0,0,0,8.52939224,8.08860207,0,0,0,0,178,0,0,0,0,,,,50
14478690,0.5,0,0,0,0,0,0,0,0,0,8.52939224,8.08860207,0,0,0,0,178,0,0,0,0,,,,50
14479817,0.5,0,0,0,0,0,0,0,0,0,8.52939224,8.08649063,0,0,0,0,178,0,0,0,0,,,,50
14480944,0.5,0,0,0,0,0,0,0,0,0,8.52939224,8.08860207,0,0,0,0,178,0,0,0,0,,,,50
14482071,0.5,0,0,0,0,0,0,0,0,0,8.52939224,8.08860207,0,0,0,0,178,0,0,0,0,,,,50
14483198,0.5,0,0,0,0,0,0,0,0,0,8.52939224,8.08860207,0,0,0,0,178,0,0,0,0,,,,50
14484326,0.5,0,0,0,0,0,0,0,0,0,8.52939224,8.08860207,0,0,0,0,178,0,0,0,0,,,,50
14485458,0.5,0,0,0,0,0,0,0,0,0,8.53240585,8.08649063,0,0,0,0,178,0,0,0,0,,,,50
14486585,0.5,0,0,0,0,0,0,0,0,0,8.52939224,8.08860207,0,0,0,0,178,0,0,0,0,,,,50
14487712,0.5,0,0,0,0,0,0,0,0,0,8.52939224,8.08649063,0,0,0,0,178,0,0,0,0,,,,50
14488840,0.5,0,0,0,0,0,0,0,0,0,8.52939224,8.08860207,0,0,0,0,178,0,0,0,0,,,,50
14489967,0.5,0,0,0,0,0,0,0,0,0,8.53240585,8.08860207,0,0,0,0,178,0,0,0,0,,,,50
14491099,0.5,0,0,0,0,0,0,0,0,0,8.52939224,8.08860207,0,0,0,0,178,0,0,0,0,,,,50
14492226,0.5,0,0,0,0,0,0,0,0,0,8.52637863,8.08860207,0,0,0,0,178,0,0,0,0,,,,50
14493354,0.5,0,0,0,0,0,0,0,0,0,8.53240585,8.08649063,0,0,0,0,178,0,0,0,0,,,,50
14494481,0.5,0,0,0,0,0,0,0,0,0,8.52939224,8.08860207,0,0,0,0,178,0,0,0,0,,,,50
14495608,0.5,0,0,0,0,0,0,0,0,0,8.52939224,8.08860207,0,0,0,0,178,0,0,0,0,,,,50
14496735,0.5,0,0,0,0,0,0,0,0,0,8.52939224,8.08860207,0,0,0,0,178,0,0,0,0,,,,50
14498071,0.5,0,0,0,0,0,0,0,0,0,8.52939224,8.08860207,0,0,0,0,178,0,0,0,0,,,,50
14499199,0.5,0,0,0,0,0,0,0,0,0,8.52939224,8.08860207,0,0,0,0,178,0,0,0,0,,,,50
14500326,0.5,0,0,0,0,0,0,0,0,0,8.52939224,8.08860207,0,0,0,0,178,0,0,0,0,,,,50
14501453,0.5,0,0,0,0,0,0,0,0,0,8.52939224,8.08860207,0,0,0,0,178,0,0,0,0,,,,50
14502580,0.5,0,0,0,0,0,0,0,0,0,8.52939224,8.08860207,0,0,0,0,178,0,0,0,0,,,,50
14503712,0.5,0,0,0,0,0,0,0,0,0,8.52939224,8.08860207,0,0,0,0,178,0,0,0,0,,,,50
14504840,0.5,0,0,0,0,0,0,0,0,0,8.52939224,8.08649063,0,0,0,0,178,0,0,0,0,,,,50
14505967,0.5,0,0,0,0,0,0,0,0,0,8.52939224,8.08860207,0,0,0,0,178,0,0,0,0,,,,50
14507094,0.5,0,0,0,0,0,0,0,0,0,8.52939224,8.08649063,0,0,0,0,178,0,0,0,0,,,,50
14508221,0.5,0,0,0,0,0,0,0,0,0,8.52939224,8.08649063,0,0,0,0,178,0,0,0,0,,,,50
14509349,0.5,0,0,0,0,0,0,0,0,0,8.52939224,8.08860207,0,0,0,0,178,0,0,0,0,,,,50
14510481,0.5,0,0,0,0,0,0,0,0,0,8.52637863,8.08649063,0,0,0,0,178,0,0,0,0,,,,50
14511608,0.5,0,0,0,0,0,0,0,0,0,8.52939224,8.08860207,0,0,0,0,178,0,0,0,0,,,,50
14512735,0.5,0,0,0,0,0,0,0,0,0,8.52939224,8.08860207,0,0,0,0,178,0,0,0,0,,,,50
14513862,0.5,0,0,0,0,0,0,0,0,0,8.52939224,8.08860207,0,0,0,0,178,0,0,0,0,,,,50
14514990,0.5,0,0,0,0,0,0,0,0,0,8.52939224,8.08649063,0,0,0,0,178,0,0,0,0,,,,50
14516117,0.5,0,0,0,0,0,0,0,0,0,8.52939224,8.08649063,0,0,0,0,178,0,0,0,0,,,,50
14517249,0.5,0,0,0,0,0,0,0,0,0,8.52637863,8.08649063,0,0,0,0,178,0,0,0,0,,,,50
14518377,0.5,0,0,0,0,0,0,0,0,0,8.52939224,8.08649063,0,0,0,0,178,0,0,0,0,,,,50
14519708,0.5,0,0,0,0,0,0,0,0,0,8.52939224,8.08649063,0,0.00714798551,0,0,178,0,0,0,0,,,,50
14520835,0.5,0,0,0,0,0,0,0,0,0,8.52939224,8.08860207,0,0,0,0,178,0,0,0,0,,,,50
14521962,0.5,0,0,0,0,0,0,0,0,0,8.52939224,8.08860207,0,0,0,0,178,0,0,0,0,,,,50
14523094,0.5,0,0,0,0,0,0,0,0,0,8.52939224,8.08860207,0,0,0,0,178,0,0,0,0,,,,50
14524222,0.5,0,0,0,0,0,0,0,0,0,8.52939224,8.08860207,0,0,0,0,178,0,0,0,0,,,,50
14525349,0.5,0,0,0,0,0,0,0,0,0,8.52939224,8.08860207,0,0,0,0,178,0,0,0,0,,,,50
14526476,0.5,0,0,0,0,0,0,0,0,0,8.52939224,8.08649063,0,0,0,0,178,0,0,0,0,,,,50
14527604,0.5,0,0,0,0,0,0,0,0,0,8.52939224,8.08860207,0,0,0,0,178,0,0,0,0,,,,50
14528731,0.5,0,0,0,0,0,0,0,0,0,8.52939224,8.08649063,0,0,0,0,178,0,0,0,0,,,,50
14529863,0.5,0,0,0,0,0,0,0,0,0,8.52939224,8.08860207,0,0,0,0,178,0,0,0,0,,,,50
14530990,0.5,0,0,0,0,0,0,0,0,0,8.53240585,8.08860207,0,0,0,0,178,0,0,0,0,,,,50
14532118,0.5,0,0,0,0,0,0,0,0,0,8.52939224,8.08649063,0,0,0,0,178,0,0,0,0,,,,50
14533245,0.5,0,0,0,0,0,0,0,0,0,8.52939224,8.08860207,0,0,0,0,178,0,0,0,0,,,,50
14534372,0.5,0,0,0,0,0,0,0,0,0,8.52939224,8.08860207,0,0,0,0,178,0,0,0,0,,,,50
14535504,0.5,0,0,0,0,0,0,0,0,0,8.52939224,8.08860207,0,0,0,0,178,0,0,0,0,,,,50
14536631,0.5,0,0,0,0,0,0,0,0,0,8.52939224,8.08860207,0,0,0,0,178,0,0,0,0,,,,50
14537758,0.5,0,0,0,0,0,0,0,0,0,8.52939224,8.08860207,0,0,0,0,178,0,0,0,0,,,,50
14538885,0.5,0,0,0,0,0,0,0,0,0,8.52939224,8.08860207,0,0,0,0,178,0,0,0,0,,,,50
14540216,0.5,0,0,0,0,0,0,0,0,0,8.52939224,8.08860207,0,0,0,0,178,0,0,0,0,,,,50
14541344,0.5,0,0,0,0,0,0,0,0,0,8.52939224,8.08860207,0.00714798551,0,0,0,178,0,0,0,0,,,,50
14542476,0.5,0,0,0,0,0,0,0,0,0,8.52939224,8.08860207,0,0,0,0,178,0,0,0,0,,,,50
14543603,0.5,0,0,0,0,0,0,0,0,0,8.52939224,8.08860207,0,0,0,0,178,0,0,0,0,,,,50
14544730,0.5,0,0,0,0,0,0,0,0,0,8.52939224,8.08860207,0,0,0,0,178,0,0,0,0,,,,50
14545857,0.5,0,0,0,0,0,0,0,0,0,8.52939224,8.08860207,0,0,0,0,178,0,0,0,0,,,,50
14546984,0.5,0,0,0,0,0,0,0,0,0,8.52939224,8.08860207,0,0,0,0,178,0,0,0,0,,,,50
14548116,0.5,0,0,0,0,0,0,0,0,0,8.52939224,8.08860207,0,0,0,0,178,0,0,0,0,,,,50
14549243,0.5,0,0,0,0,0,0,0,0,0,8.52939224,8.08649063,0,0,0,0,178,0,0,0,0,,,,50
14550370,0.5,0,0,0,0,0,0,0,0,0,8.52939224,8.08860207,0,0,0,0,178,0,0,0,0,,,,50
14551497,0.5,0,0,0,0,0,0,0,0,0,8.52939224,8.08860207,0,0,0,0,178,0,0,0,0,,,,50
14552625,0.5,0,0,0,0,0,0,0,0,0,8.52939224,8.08860207,0,0,0,0,178,0,0,0,0,,,,50
14553752,0.5,0,0,0,0,0,0,0,0,0,8.52939224,8.08649063,0,0,0,0,178,0,0,0,0,,,,50
14554884,0.5,0,0,0,0,0,0,0,0,0,8.53240585,8.08649063,0,0,0,0,178,0,0,0,0,,,,50
14556012,0.5,0,0,0,0,0,0,0,0,0,8.52939224,8.08649063,0,0,0,0,178,0,0,0,0,,,,50
14557139,0.5,0,0,0,0,0,0,0,0,0,8.52939224,8.08860207,0,0,0,0,178,0,0,0,0,,,,50
14558266,0.5,0,0,0,0,0,0,0,0,0,8.52939224,8.08649063,0,0,0,0,178,0,0,0,0,,,,50
14559394,0.5,0,0,0,0,0,0,0,0,0,8.52939224,8.08860207,0,0,0,0,178,0,0,0,0,,,,50
14560525,0.5,0,0,0,0,0,0,0,0,0,8.52939224,8.08860207,0,0,0,0,178,0,0,0,0,,,,50
14561857,0.5,0,0,0,0,0,0,0,0,0,8.52939224,8.08860207,0,0,0,0,178,0,0,0,0,,,,50
14562984,0.5,0,0,0,0,0,0,0,0,0,8.52939224,8.08860207,0,0,0,0,178,0,0,0,0,,,,50
14564111,0.5,0,0,0,0,0,0,0,0,0,8.52939224,8.08860207,0,0,0,0,178,0,0,0,0,,,,50
14565239,0.5,0,0,0,0,0,0,0,0,0,8.52939224,8.08860207,0,0,0,0,178,0,0,0,0,,,,50
14566366,0.5,0,0,0,0,0,0,0,0,0,8.52939224,8.08860207,0,0,0,0,178,0,0,0,0,,,,50
14567498,0.5,0,0,0,0,0,0,0,0,0,8.52939224,8.08860207,0,0,0,0,178,0,0,0,0,,,,50
14568625,0.5,0,0,0,0,0,0,0,0,0,8.52939224,8.08649063,0,0,0,0,178,0,0,0,0,,,,50
14569753,0.5,0,0,0,0,0,0,0,0,0,8.52939224,8.08649063,0,0,0,0,178,0,0,0,0,,,,50
14570880,0.5,0,0,0,0,0,0,0,0,0,8.52939224,8.08860207,0,0,0,0,178,0,0,0,0,,,,50
14572007,0.5,0,0,0,0,0,0,0,0,0,8.53240585,8.08860207,0,0,0,0,178,0,0,0,0,,,,50
14573134,0.5,0,0,0,0,0,0,0,0,0,8.53240585,8.08860207,0,0,0,0,178,0,0,0,0,,,,50
14574266,0.5,0,0,0,0,0,0,0,0,0,8.52939224,8.08649063,0,0.00714798551,0,0,178,0,0,0,0,,,,50
14575394,0.5,0,0,0,0,0,0,0,0,0,8.52939224,8.08860207,0,0,0,0,178,0,0,0,0,,,,50
14576521,0.5,0,0,0,0,0,0,0,0,0,8.53240585,8.08860207,0,0,0,0,178,0,0,0,0,,,,50
14577648,0.5,0,0,0,0,0,0,0,0,0,8.52939224,8.08860207,0,0,0,0,178,0,0,0,0,,,,50
14578776,0.5,0,0,0,0,0.00805860758,0,0,0,0,8.52939224,8.08860207,0,0,0,0,178,0,0,0,0,,,,50
14579908,0.5,0,0,0,0,0,0,0,0,0,8.52939224,8.0907135,0,0,0,0,178,0,0,0,0,,,,50
14581035,0.5,0,0,0,0,0,0,0,0,0,8.52939224,8.08860207,0,0,0,0,178,0,0,0,0,,,,50
14582366,0.5,0,0,0,0,0,0,0,0,0,8.52939224,8.08860207,0,0,0,0,178,0,0,0,0,,,,50
14583493,0.5,0,0,0,0,0,0,0,0,0,8.52939224,8.08860207,0,0,0,0,178,0,0,0,0,,,,50
14584620,0.5,0,0,0,0,0,0,0,0,0,8.52939224,8.08860207,0,0,0,0,178,0,0,0,0,,,,50
14585748,0.5,0,0,0,0,0,0,0,0,0,8.52939224,8.08860207,0,0,0,0,178,0,0,0,0,,,,50
14586880,0.5,0,0,0,0,0,0,0,0,0,8.52939224,8.08860207,0,0,0,0,178,0,0,0,0,,,,50
14588007,0.5,0,0,0,0,0,0,0,0,0,8.52939224,8.08860207,0,0,0,0,178,0,0,0,0,,,,50
14589134,0.5,0,0,0,0,0,0,0,0,0,8.52637863,8.08860207,0,0,0,0,178,0,0,0,0,,,,50
14590261,0.5,0,0,0,0,0,0,0,0,0,8.52939224,8.08649063,0,0.00714798551,0,0,178,0,0,0,0,,,,50
14591389,0.5,0,0,0,0,0,0,0,0,0,8.52939224,8.08860207,0,0,0,0,178,0,0,0,0,,,,50
14592521,0.5,0,0,0,0,0,0,0,0,0,8.52939224,8.08860207,0,0,0,0,178,0,0,0,0,,,,50
14593648,0.5,0,0,0,0,0,0,0,0,0,8.52939224,8.08860207,0,0,0,0,178,0,0,0,0,,,,50
14594776,0.5,0,0,0,0,0,0,0,0,0,8.53240585,8.08649063,0,0,0,0,178,0,0,0,0,,,,50
14595903,0.5,0,0,0,0,0,0,0,0,0,8.52939224,8.08860207,0,0,0,0,178,0,0,0,0,,,,50
14597030,0.5,0,0,0,0,0,0,0,0,0,8.53240585,8.08860207,0,0,0,0,178,0,0,0,0,,,,50
14598157,0.5,0,0,0,0,0,0,0,0,0,8.52939224,8.08649063,0,0,0,0,178,0,0,0,0,,,,50
14599289,0.5,0,0,0,0,0,0,0,0,0,8.52939224,8.08860207,0,0,0,0,178,0,0,0,0,,,,50
14600416,0.5,0,0,0,0,0,0,0,0,0,8.52939224,8.08860207,0,0,0,0,178,0,0,0,0,,,,50
14601544,0.5,0,0,0,0,0,0,0,0,0,8.52939224,8.08649063,0,0,0,0,178,0,0,0,0,,,,50
14602875,0.5,0,0,0,0,0,0,0,0,0,8.52939224,8.08649063,0,0,0,0,178,0,0,0,0,,,,50
14604002,0.5,0,0,0,0,0,0,0,0,0,8.52939224,8.08860207,0,0,0,0,178,0,0,0,0,,,,50
14605134,0.5,0,0,0,0,0,0,0,0,0,8.52939224,8.08860207,0,0,0,0,178,0,0,0,0,,,,50
14606261,0.5,0,0,0,0,0,0,0,0,0,8.52939224,8.08860207,0,0,0,0,178,0,0,0,0,,,,50
14607389,0.5,0,0,0,0,0,0,0,0,0,8.52939224,8.08860207,0,0,0,0,178,0,0,0,0,,,,50
14608516,0.5,0,0,0,0,0,0,0,0,0,8.52939224,8.08860207,0,0,0,0,178,0,0,0,0,,,,50
14609643,0.5,0,0,0,0,0,0,0,0,0,8.53240585,8.08649063,0,0,0,0,178,0,0,0,0,,,,50
14610770,0.5,0,0,0,0,0,0,0,0,0,8.52939224,8.08860207,0,0,0,0,178,0,0,0,0,,,,50
14611903,0.5,0,0,0,0,0,0,0,0,0,8.52939224,8.0907135,0,0,0,0,178,0,0,0,0,,,,50
14613030,0.5,0,0,0,0,0,0,0,0,0,8.53240585,8.08860207,0,0,0,0,178,0,0,0,0,,,,50
14614157,0.5,0,0,0,0,0,0,0,0,0,8.52637863,8.08860207,0,0,0,0,178,0,0,0,0,,,,50
14615285,0.5,0,0,0,0,0,0,0,0,0,8.52939224,8.08649063,0,0,0,0,178,0,0,0,0,,,,50
14616411,0.5,0,0,0,0,0,0,0,0,0,8.52939224,8.08860207,0,0,0,0,178,0,0,0,0,,,,50
14617539,0.5,0,0,0,0,0,0,0,0,0,8.53240585,8.0907135,0,0,0,0,178,0,0,0,0,,,,50
14618671,0.5,0,0,0,0,0,0,0,0,0,8.52939224,8.08860207,0,0,0,0,178,0,0,0,0,,,,50
14619798,0.5,0,0,0,0,0,0,0,0,0,8.52939224,8.08649063,0,0,0,0,178,0,0,0,0,,,,50
14620926,0.5,0,0,0,0,0,0,0,0,0,8.52939224,8.08860207,0,0,0,0,178,0,0,0,0,,,,50
14622053,0.5,0,0,0,0,0,0,0,0,0,8.52939224,8.08649063,0,0,0,0,178,0,0,0,0,,,,50
14623180,0.5,0,0,0,0,0,0,0,0,0,8.52939224,8.08649063,0,0,0,0,178,0,0,0,0,,,,50
14624516,0.5,0,0,0,0,0,0,0,0,0,8.52939224,8.08649063,0,0,0,0,178,0,0,0,0,,,,50
14625643,0.5,0,0,0,0,0,0,0,0,0,8.53240585,8.08860207,0,0,0,0,178,0,0,0,0,,,,50
14626771,0.5,0,0,0,0,0,0,0,0,0,8.52939224,8.08649063,0,0,0,0,178,0,0,0,0,,,,50
14627898,0.5,0,0,0,0,0,0,0,0,0,8.52939224,8.08860207,0,0,0,0,178,0,0,0,0,,,,50
14629025,0.5,0,0,0,0,0,0,0,0,0,8.52939224,8.08860207,0,0,0,0,178,0,0,0,0,,,,50
14630152,0.5,0,0,0,0,0,0,0,0,0,8.52637863,8.08649063,0,0,0,0,178,0,0,0,0,,,,50
14631284,0.5,0,0,0,0,0,0,0,0,0,8.52637863,8.08649063,0,0,0,0,178,0,0,0,0,,,,50
14632412,0.5,0,0,0,0,0,0,0,0,0,8.53240585,8.08860207,0,0,0,0,178,0,0,0,0,,,,50
14633539,0.5,0,0,0,0,0,0,0,0,0,8.52939224,8.08649063,0,0,0,0,178,0,0,0,0,,,,50
14634666,0.5,0,0,0,0,0,0,0,0,0,8.52939224,8.08649063,0,0,0,0,178,0,0,0,0,,,,50
14635794,0.5,0,0,0,0,0,0,0,0,0,8.52939224,8.08649063,0,0,0,0,178,0,0,0,0,,,,50
14636926,0.5,0,0,0,0,0,0,0,0,0,8.52939224,8.08860207,0,0,0,0,178,0,0,0,0,,,,50
14638053,0.5,0,0,0,0,0,0,0,0,0,8.52637863,8.08860207,0,0,0,0,178,0,0,0,0,,,,50
14639180,0.5,0,0,0,0,0,0,0,0,0,8.52939224,8.08860207,0,0,0,0,178,0,0,0,0,,,,50
14640308,0.5,0,0,0,0,0,0,0,0,0,8.52939224,8.08860207,0,0,0,0,178,0,0,0,0,,,,50
14641435,0.5,0,0,0,0,0,0,0,0,0,8.52939224,8.08860207,0,0,0,0,178,0,0,0,0,,,,50
14642562,0.5,0,0,0,0,0,0,0,0,0,8.52939224,8.08649063,0,0,0,0,178,0,0,0,0,,,,50
14643693,0.5,0,0,0,0,0,0,0,0,0,8.52939224,8.08860207,0,0,0,0,178,0,0,0,0,,,,50
14645024,0.5,0,0,0,0,0,0,0,0,0,8.52939224,8.08649063,0,0,0,0,178,0,0,0,0,,,,50
14646151,0.5,0,0,0,0,0,0,0,0,0,8.52939224,8.08860207,0,0,0,0,178,0,0,0,0,,,,50
14647279,0.5,0,0,0,0,0,0,0,0,0,8.52939224,8.08649063,0,0,0,0,178,0,0,0,0,,,,50
14648406,0.5,0,0,0,0,0,0,0,0,0,8.52939224,8.08649063,0,0,0,0,178,0,0,0,0,,,,50
14649538,0.5,0,0,0,0,0,0,0,0,0,8.52939224,8.08860207,0,0,0,0,178,0,0,0,0,,,,50
14650665,0.5,0,0,0,0,0,0,0,0,0,8.52939224,8.08860207,0,0,0,0,178,0,0,0,0,,,,50
14651793,0.5,0,0,0,0,0,0,0,0,0,8.52939224,8.08860207,0,0,0,0,178,0,0,0,0,,,,50
14652920,0.5,0,0,0,0,0,0,0,0,0,8.52637863,8.08860207,0,0,0,0,178,0,0,0,0,,,,50
14654047,0.5,0,0,0,0,0,0,0,0,0,8.52939224,8.08860207,0,0,0,0,178,0,0,0,0,,,,50
14655175,0.5,0,0,0,0,0,0,0,0,0,8.52939224,8.08860207,0,0,0,0,178,0,0,0,0,,,,50
14656307,0.5,0,0,0,0,0,0,0,0,0,8.52939224,8.08860207,0,0,0,0,178,0,0,0,0,,,,50
14657434,0.5,0,0,0,0,0,0,0,0,0,8.52637863,8.08860207,0,0,0,0,178,0,0,0,0,,,,50
14658562,0.5,0,0,0,0,0,0,0,0,0,8.52939224,8.08860207,0,0,0,0,178,0,0,0,0,,,,50
14659689,0.5,0,0,0,0,0,0,0,0,0,8.52939224,8.08860207,0,0,0,0,178,0,0,0,0,,,,50
14660816,0.5,0,0,0,0,0,0,0,0,0,8.52939224,8.08860207,0,0,0,0,178,0,0,0,0,,,,50
14661944,0.5,0,0,0,0,0,0,0,0,0,8.52939224,8.08860207,0,0,0,0,178,0,0,0,0,,,,50
14663076,0.5,0,0,0,0,0,0,0,0,0,8.52939224,8.08860207,0,0,0,0,178,0,0,0,0,,,,50
14664203,0.5,0,0,0,0,0,0,0,0,0,8.53240585,8.08649063,0,0,0,0,178,0,0,0,0,,,,50
14665330,0.5,0,0,0,0,0,0,0,0,0,8.53240585,8.08860207,0,0,0,0,178,0,0,0,0,,,,50
14666662,0.5,0,0,0,0,0,0,0,0,0,8.52939224,8.08860207,0,0,0,0,178,0,0,0,0,,,,50
14667789,0.5,0,0,0,0,0,0,0,0,0,8.52939224,8.08860207,0,0,0,0,178,0,0,0,0,,,,50
14668921,0.5,0,0,0,0,0,0,0,0,0,8.52637863,8.08860207,0,0,0,0,178,0,0,0,0,,,,50
14670048,0.5,0,0,0,0,0,0,0,0,0,8.52939224,8.08860207,0,0,0,0,178,0,0,0,0,,,,50
14671176,0.5,0,0,0,0,0,0,0,0,0,8.52939224,8.08860207,0,0,0,0,178,0,0,0,0,,,,50
14672303,0.5,0,0,0,0,0,0,0,0,0,8.52939224,8.08860207,0,0,0,0,178,0,0,0,0,,,,50
14673430,0.5,0,0,0,0,0,0,0,0,0,8.52939224,8.08860207,0,0,0,0,178,0,0,0,0,,,,50
14674558,0.5,0,0,0,0,0,0,0,0,0,8.52939224,8.08649063,0,0,0,0,178,0,0,0,0,,,,50
14675690,0.5,0,0,0,0,0,0,0,0,0,8.52939224,8.08860207,0,0,0,0,178,0,0,0,0,,,,50
14676817,0.5,0,0,0,0,0,0,0,0,0,8.52939224,8.08860207,0,0,0,0,178,0,0,0,0,,,,50
14677944,0.5,0,0,0,0,0,0,0,0,0,8.52939224,8.08860207,0,0,0,0,178,0,0,0,0,,,,50
14679072,0.5,0,0,0,0,0,0,0,0,0,8.52939224,8.08860207,0,0,0,0,178,0,0,0,0,,,,50
14680199,0.5,0,0,0,0,0,0,0,0,0,8.52939224,8.08649063,0,0,0,0,178,0,0,0,0,,,,50
14681331,0.5,0,0,0,0,0,0,0,0,0,8.52939224,8.0907135,0,0,0,0,178,0,0,0,0,,,,50
14682458,0.5,0,0,0,0,0,0,0,0,0,8.52939224,8.08649063,0,0,0,0,178,0,0,0,0,,,,50
14683586,0.5,0,0,0,0,0,0,0,0,0,8.52939224,8.08860207,0,0,0,0,178,0,0,0,0,,,,50
14684713,0.5,0,0,0,0,0,0,0,0,0,8.52939224,8.08860207,0,0,0,0,178,0,0,0,0,,,,50
14685840,0.5,0,0,0,0,0,0,0,0,0,8.52939224,8.08649063,0,0,0,0,178,0,0,0,0,,,,50
14687172,0.5,0,0,0,0,0,0,0,0,0,8.52939224,8.08860207,0,0,0,0,178,0,0,0,0,,,,50
14688304,0.5,0,0,0,0,0,0,0,0,0,8.52939224,8.08860207,0,0,0,0,178,0,0,0,0,,,,50
14689431,0.5,0,0,0,0,0,0,0,0,0,8.52939224,8.08649063,0,0,0,0,178,0,0,0,0,,,,50
14690558,0.5,0,0,0,0,0,0,0,0,0,8.52939224,8.08860207,0,0,0,0,178,0,0,0,0,,,,50
14691684,0.5,0,0,0,0,0,0,0,0,0,8.52939224,8.08860207,0,0,0,0,178,0,0,0,0,,,,50
14692811,0.5,0,0,0,0,0,0,0,0,0,8.52939224,8.08860207,0,0,0,0,178,0,0,0,0,,,,50
14693943,0.5,0,0,0,0,0,0,0,0,0,8.52939224,8.08860207,0,0.00714798551,0,0,178,0,0,0,0,,,,50
14695071,0.5,0,0,0,0,0,0,0,0,0,8.52939224,8.08860207,0,0,0,0,178,0,0,0,0,,,,50
14696198,0.5,0,0,0,0,0,0,0,0,0,8.53240585,8.08860207,0,0,0,0,178,0,0,0,0,,,,50
14697325,0.5,0,0,0,0,0,0,0,0,0,8.52939224,8.08649063,0,0,0,0,178,0,0,0,0,,,,50
14698453,0.5,0,0,0,0,0,0,0,0,0,8.53240585,8.08860207,0,0,0,0,178,0,0,0,0,,,,50
14699580,0.5,0,0,0,0,0,0,0,0,0,8.52939224,8.08860207,0,0,0,0,178,0,0,0,0,,,,50
14700712,0.5,0,0,0,0,0,0,0,0,0,8.52939224,8.08649063,0,0,0,0,178,0,0,0,0,,,,50
14701839,0.5,0,0,0,0,0,0,0,0,0,8.52939224,8.08649063,0,0,0,0,178,0,0,0,0,,,,50
14702966,0.5,0,0,0,0,0,0,0,0,0,8.52939224,8.08860207,0,0,0,0,178,0,0,0,0,,,,50
14704093,0.5,0,0,0,0,0,0,0,0,0,8.52939224,8.08649063,0,0,0,0,178,0,0,0,0,,,,50
14705221,0.5,0,0,0,0,0,0,0,0,0,8.52939224,8.08860207,0,0,0,0,178,0,0,0,0,,,,50
14706352,0.5,0,0,0,0,0,0,0,0,0,8.52939224,8.08649063,0,0,0,0,178,0,0,0,0,,,,50
14707479,0.5,0,0,0,0,0,0,0,0,0,8.52939224,8.08860207,0,0,0,0,178,0,0,0,0,,,,50
14708811,0.5,0,0,0,0,0,0,0,0,0,8.52939224,8.08860207,0,0,0,0,178,0,0,0,0,,,,50
14709938,0.5,0,0,0,0,0,0,0,0,0,8.52939224,8.08860207,0,0,0,0,178,0,0,0,0,,,,50
14711065,0.5,0,0,0,0,0,0,0,0,0,8.52939224,8.08860207,0,0,0,0,178,0,0,0,0,,,,50
14712193,0.5,0,0,0,0,0,0,0,0,0,8.52939224,8.08860207,0,0,0,0,178,0,0,0,0,,,,50
14713325,0.5,0,0,0,0,0,0,0,0,0,8.52939224,8.08649063,0,0,0,0,178,0,0,0,0,,,,50
14714452,0.5,0,0,0,0,0,0,0,0,0,8.52939224,8.08860207,0,0,0,0,178,0,0,0,0,,,,50
14715579,0.5,0,0,0,0,0,0,0,0,0,8.52939224,8.08649063,0,0.00714798551,0,0,178,0,0,0,0,,,,50
14716707,0.5,0,0,0,0,0,0,0,0,0,8.52939224,8.08649063,0,0,0,0,178,0,0,0,0,,,,50
14717834,0.5,0,0,0,0,0,0,0,0,0,8.52939224,8.08860207,0,0,0,0,178,0,0,0,0,,,,50
14718961,0.5,0,0,0,0,0,0,0,0,0,8.53240585,8.08860207,0,0,0,0,178,0,0,0,0,,,,50
14720093,0.5,0,0,0,0,0,0,0,0,0,8.53240585,8.08649063,0,0,0,0,178,0,0,0,0,,,,50
14721220,0.5,0,0,0,0,0,0,0,0,0,8.52939224,8.08860207,0,0,0,0,178,0,0,0,0,,,,50
14722348,0.5,0,0,0,0,0,0,0,0,0,8.52939224,8.08649063,0,0.00714798551,0,0,178,0,0,0,0,,,,50
14723475,0.5,0,0,0,0,0,0,0,0,0,8.52939224,8.08860207,0,0,0,0,178,0,0,0,0,,,,50
14724602,0.5,0,0,0,0,0,0,0,0,0,8.52939224,8.08860207,0,0,0,0,178,0,0,0,0,,,,50
14725734,0.5,0,0,0,0,0,0,0,0,0,8.53240585,8.08860207,0,0,0,0,178,0,0,0,0,,,,50
14726861,0.5,0,0,0,0,0,0,0,0,0,8.52939224,8.08860207,0,0,0,0,178,0,0,0,0,,,,50
14727989,0.5,0,0,0,0,0,0,0,0,0,8.52939224,8.08860207,0,0,0,0,178,0,0,0,0,,,,50
14729320,0.5,0,0,0,0,0,0,0,0,0,8.52939224,8.08649063,0,0,0,0,178,0,0,0,0,,,,50
14730447,0.5,0,0,0,0,0,0,0,0,0,8.52939224,8.08649063,0,0,0,0,178,0,0,0,0,,,,50
14731574,0.5,0,0,0,0,0,0,0,0,0,8.52939224,8.08649063,0,0,0,0,178,0,0,0,0,,,,50
14732707,0.5,0,0,0,0,0,0,0,0,0,8.52939224,8.08860207,0,0,0,0,178,0,0,0,0,,,,50
14733834,0.5,0,0,0,0,0,0,0,0,0,8.52939224,8.08860207,0,0,0,0,178,0,0,0,0,,,,50
14734961,0.5,0,0,0,0,0,0,0,0,0,8.52939224,8.08649063,0,0,0,0,178,0,0,0,0,,,,50
14736089,0.5,0,0,0,0,0,0,0,0,0,8.52939224,8.08649063,0,0,0,0,178,0,0,0,0,,,,50
14737216,0.5,0,0,0,0,0,0,0,0,0,8.52939224,8.08649063,0,0,0,0,178,0,0,0,0,,,,50
14738348,0.5,0,0,0,0,0,0,0,0,0,8.52939224,8.08649063,0,0,0,0,178,0,0,0,0,,,,50
14739475,0.5,0,0,0,0,0,0,0,0,0,8.53240585,8.08860207,0,0,0,0,178,0,0,0,0,,,,50
14740603,0.5,0,0,0,0,0,0,0,0,0,8.53240585,8.08860207,0,0,0,0,178,0,0,0,0,,,,50
14741730,0.5,0,0,0,0,0,0,0,0,0,8.52939224,8.08860207,0,0,0,0,178,0,0,0,0,,,,50
14742857,0.5,0,0,0,0,0,0,0,0,0,8.52939224,8.08649063,0,0,0,0,178,0,0,0,0,,,,50
14743985,0.5,0,0,0,0,0,0,0,0,0,8.52939224,8.08649063,0,0,0,0,178,0,0,0,0,,,,50
14745116,0.5,0,0,0,0,0,0,0,0,0,8.52939224,8.08860207,0,0,0,0,178,0,0,0,0,,,,50
14746243,0.5,0,0,0,0,0,0,0,0,0,8.52939224,8.08649063,0,0,0,0,178,0,0,0,0,,,,50
14747370,0.5,0,0,0,0,0,0,0,0,0,8.52939224,8.08860207,0,0,0,0,178,0,0,0,0,,,,50
14748497,0.5,0,0,0,0,0,0,0,0,0,8.52939224,8.08860207,0,0,0,0,178,0,0,0,0,,,,50
14749828,0.5,0,0,0,0,0,0,0,0,0,8.52939224,8.08860207,0,0,0,0,178,0,0,0,0,,,,50
14750960,0.5,0,0,0,0,0,0,0,0,0,8.52939224,8.08860207,0,0,0,0,178,0,0,0,0,,,,50
14752088,0.5,0,0,0,0,0,0,0,0,0,8.52939224,8.08860207,0,0,0,0,178,0,0,0,0,,,,50
14753215,0.5,0,0,0,0,0,0,0,0,0,8.52939224,8.08860207,0,0,0,0,178,0,0,0,0,,,,50
14754342,0.5,0,0,0,0,0,0,0,0,0,8.52939224,8.08860207,0,0,0,0,178,0,0,0,0,,,,50
14755469,0.5,0,0,0,0,0,0,0,0,0,8.52939224,8.08860207,0,0,0,0,178,0,0,0,0,,,,50
14756596,0.5,0,0,0,0,0,0,0,0,0,8.52939224,8.08860207,0,0,0,0,178,0,0,0,0,,,,50
14757728,0.5,0,0,0,0,0,0,0,0,0,8.53240585,8.08860207,0,0,0,0,178,0,0,0,0,,,,50
14758855,0.5,0,0,0,0,0,0,0,0,0,8.52939224,8.08860207,0,0,0,0,178,0,0,0,0,,,,50
14759982,0.5,0,0,0,0,0,0,0,0,0,8.53240585,8.08860207,0,0,0,0,178,0,0,0,0,,,,50
14761109,0.5,0,0,0,0,0,0,0,0,0,8.52637863,8.08860207,0,0,0,0,178,0,0,0,0,,,,50
14762236,0.5,0,0,0,0,0,0,0,0,0,8.53240585,8.08860207,0,0,0,0,178,0,0,0,0,,,,50
14763363,0.5,0,0,0,0,0,0,0,0,0,8.52939224,8.08860207,0,0,0,0,178,0,0,0,0,,,,50
14764495,0.5,0,0,0,0,0,0,0,0,0,8.52939224,8.08860207,0,0,0,0,178,0,0,0,0,,,,50
14765622,0.5,0,0,0,0,0,0,0,0,0,8.52939224,8.08860207,0,0,0,0,178,0,0,0,0,,,,50
14766749,0.5,0,0,0,0,0,0,0,0,0,8.52939224,8.08649063,0,0,0,0,178,0,0,0,0,,,,50
14767876,0.5,0,0,0,0,0,0,0,0,0,8.53240585,8.08649063,0,0,0,0,178,0,0,0,0,,,,50
14769003,0.5,0,0,0,0,0,0,0,0,0,8.52939224,8.08860207,0,0,0,0,178,0,0,0,0,,,,50
14770134,0.5,0,0,0,0,0,0,0,0,0,8.52939224,8.08860207,0,0,0,0,178,0,0,0,0,,,,50
14771466,0.5,0,0,0,0,0,0,0,0,0,8.52939224,8.08860207,0,0,0,0,178,0,0,0,0,,,,50
14772593,0.5,0,0,0,0,0,0,0,0,0,8.53240585,8.08860207,0,0,0,0,178,0,0,0,0,,,,50
14773720,0.5,0,0,0,0,0,0,0,0,0,8.52939224,8.08649063,0,0,0,0,178,0,0,0,0,,,,50
14774847,0.5,0,0,0,0,0,0,0,0,0,8.52939224,8.08860207,0,0,0,0,178,0,0,0,0,,,,50
14775974,0.5,0,0,0,0,0,0,0,0,0,8.52939224,8.08860207,0,0,0,0,178,0,0,0,0,,,,50
14777106,0.5,0,0,0,0,0,0,0,0,0,8.52939224,8.08860207,0,0,0,0,178,0,0,0,0,,,,50
14778233,0.5,1,0,0,0.00805860758,0,0,0,0,0,8.52939224,8.08860207,0,0,0,0,178,0,0,0,0,,,,50
14779360,0.5,0,0,0,0,0,0,0,0,0,8.52939224,8.08860207,0,0,0,0,178,0,0,0,0,,,,50
14780487,0.5,0,0,0,0,0,0,0,0,0,8.52939224,8.08860207,0,0,0,0,178,0,0,0,0,,,,50
14781614,0.5,0,0,0,0,0,0,0,0,0,8.52939224,8.08860207,0,0,0,0,178,0,0,0,0,,,,50
14782747,0.5,0,0,0,0,0,0,0,0,0,8.52939224,8.08860207,0,0,0,0,178,0,0,0,0,,,,50
14783874,0.5,0,0,0,0,0,0,0,0,0,8.52637863,8.08649063,0,0,0,0,178,0,0,0,0,,,,50
14785001,0.5,0,0,0,0,0,0,0,0,0,8.52939224,8.08860207,0,0,0,0,178,0,0,0,0,,,,50
14786128,0.5,0,0,0,0,0,0,0,0,0,8.52637863,8.08860207,0,0,0,0,178,0,0,0,0,,,,50
14787256,0.5,0,0,0,0,0,0,0,0,0,8.52939224,8.08860207,0,0,0,0,178,0,0,0,0,,,,50
14788383,0.5,0,0,0,0,0,0,0,0,0,8.52939224,8.08649063,0,0,0,0,178,0,0,0,0,,,,50
14789515,0.5,0,0,0,0,0,0,0,0,0,8.52939224,8.08860207,0,0,0,0,178,0,0,0,0,,,,50
14790642,0.5,0,0,0,0,0,0,0,0,0,8.52939224,8.08860207,0,0,0,0,178,0,0,0,0,,,,50
14791973,0.5,0,0,0,0,0,0,0,0,0,8.52939224,8.08860207,0,0,0,0,178,0,0,0,0,,,,50
14793101,0.5,0,0,0,0,0,0,0,0,0,8.52939224,8.08860207,0,0,0,0,178,0,0,0,0,,,,50
14794228,0.5,0,0,0,0,0,0,0,0,0,8.52939224,8.08649063,0,0,0,0,178,0,0,0,0,,,,50
14795360,0.5,0,0,0,0,0,0,0,0,0,8.52939224,8.08649063,0,0,0,0,178,0,0,0,0,,,,50
14796487,0.5,0,0,0,0,0,0,0,0,0,8.52939224,8.08860207,0,0,0,0,178,0,0,0,0,,,,50
14797615,0.5,0,0,0,0,0,0,0,0,0,8.52939224,8.08860207,0,0,0,0,178,0,0,0,0,,,,50
14798742,0.5,0,0,0,0,0,0,0,0,0,8.52939224,8.08649063,0,0,0,0,178,0,0,0,0,,,,50
14799870,0.5,0,0,0,0,0,0,0,0,0,8.52939224,8.08649063,0,0,0,0,178,0,0,0,0,,,,50
14800997,0.5,0,0,0,0,0,0,0,0,0,8.52939224,8.08860207,0,0,0,0,178,0,0,0,0,,,,50
14802129,0.5,0,0,0,0,0,0,0,0,0,8.52939224,8.08860207,0,0,0,0,178,0,0,0,0,,,,50
14803256,0.5,0,0,0,0,0,0,0,0,0,8.52939224,8.08860207,0,0,0,0,178,0,0,0,0,,,,50
14804383,0.5,0,0,0,0,0,0,0,0,0,8.52939224,8.08649063,0,0,0,0,178,0,0,0,0,,,,50
14805510,0.5,0,0,0,0,0,0,0,0,0,8.52939224,8.08649063,0,0,0,0,178,0,0,0,0,,,,50
14806637,0.5,0,0,0,0,0,0,0,0,0,8.52939224,8.08649063,0,0,0,0,178,0,0,0,0,,,,50
14807764,0.5,0,0,0,0,0,0,0,0,0,8.52939224,8.08860207,0,0,0,0,178,0,0,0,0,,,,50
14808896,0.5,0,0,0,0,0,0,0,0,0,8.52939224,8.08860207,0,0,0,0,178,0,0,0,0,,,,50
14810023,0.5,0,0,0,0,0,0,0,0,0,8.52939224,8.08860207,0,0,0,0,178,0,0,0,0,,,,50
14811150,0.5,0,0,0,0,0,0,0,0,0,8.52939224,8.08860207,0,0,0,0,178,0,0,0,0,,,,50
14812277,0.5,0,0,0,0,0,0,0,0,0,8.52939224,8.08649063,0,0,0,0,178,0,0,0,0,,,,50
14813608,0.5,0,0,0,0,0,0,0,0,0,8.52939224,8.08860207,0,0,0,0,178,0,0,0,0,,,,50
14814740,0.5,0,0,0,0,0,0,0,0,0,8.52939224,8.08649063,0,0,0,0,178,0,0,0,0,,,,50
14815867,0.5,0,0,0,0,0,0,0,0,0,8.52939224,8.08860207,0,0,0,0,178,0,0,0,0,,,,50
14816994,0.5,0,0,0,0,0,0,0,0,0,8.52939224,8.08860207,0,0,0,0,178,0,0,0,0,,,,50
14818121,0.5,0,0,0,0,0,0,0,0,0,8.52939224,8.08649063,0,0,0,0,178,0,0,0,0,,,,50
14819248,0.5,0,0,0,0,0,0,0,0,0,8.52939224,8.08860207,0,0,0,0,178,0,0,0,0,,,,50
14820376,0.5,0,0,0,0,0,0,0,0,0,8.52939224,8.08860207,0,0,0,0,178,0,0,0,0,,,,50
14821508,0.5,0,0,0,0,0,0,0,0,0,8.52939224,8.08860207,0,0,0,0,178,0,0,0,0,,,,50
14822634,0.5,0,0,0,0,0,0,0,0,0,8.52939224,8.08649063,0,0,0,0,178,0,0,0,0,,,,50
14823761,0.5,0,0,0,0,0,0,0,0,0,8.52939224,8.08860207,0,0,0,0,178,0,0,0,0,,,,50
14824888,0.5,0,0,0,0,0,0,0,0,0,8.52939224,8.08860207,0,0,0,0,178,0,0,0,0,,,,50
14826016,0.5,0,0,0,0,0,0,0,0,0,8.52939224,8.08860207,0,0,0,0,178,0,0,0,0,,,,50
14827148,0.5,0,0,0,0,0,0,0,0,0,8.52637863,8.08649063,0,0,0,0,178,0,0,0,0,,,,50
14828275,0.5,0,0,0,0,0,0,0,0,0,8.52637863,8.08860207,0,0.00714798551,0,0,178,0,0,0,0,,,,50
14829403,0.5,0,0,0,0,0,0,0,0,0,8.52939224,8.08860207,0,0,0,0,178,0,0,0,0,,,,50
14830530,0.5,0,0,0,0,0,0,0,0,0,8.52939224,8.08649063,0,0,0,0,178,0,0,0,0,,,,50
14831657,0.5,0,0,0,0,0,0,0,0,0,8.52637863,8.08860207,0,0,0,0,178,0,0,0,0,,,,50
14832785,0.5,0,0,0,0,0,0,0,0,0,8.52939224,8.08860207,0,0,0,0,178,0,0,0,0,,,,50
14834121,0.5,0,0,0,0,0,0,0,0,0,8.52939224,8.08649063,0,0,0,0,178,0,0,0,0,,,,50
14835248,0.5,0,0,0,0,0,0,0,0,0,8.52939224,8.08860207,0,0,0,0,178,0,0,0,0,,,,50
14836375,0.5,0,0,0,0,0,0,0,0,0,8.52939224,8.08860207,0,0,0,0,178,0,0,0,0,,,,50
14837502,0.5,0,0,0,0,0,0,0,0,0,8.52939224,8.08649063,0,0,0,0,178,0,0,0,0,,,,50
14838629,0.5,0,0,0,0,0,0,0,0,0,8.52939224,8.08860207,0,0,0,0,178,0,0,0,0,,,,50
14839761,0.5,0,0,0,0,0,0,0,0,0,8.52637863,8.08860207,0,0,0,0,178,0,0,0,0,,,,50
14840889,0.5,0,0,0,0,0,0,0,0,0,8.52939224,8.08649063,0,0,0,0,178,0,0,0,0,,,,50
14842016,0.5,0,0,0,0,0,0,0,0,0,8.52939224,8.08649063,0,0,0,0,178,0,0,0,0,,,,50
14843143,0.5,0,0,0,0,0,0,0,0,0,8.52939224,8.08860207,0,0,0,0,178,0,0,0,0,,,,50
14844271,0.5,0,0,0,0,0,0,0,0,0,8.52939224,8.08649063,0,0,0,0,178,0,0,0,0,,,,50
14845398,0.5,0,0,0,0,0,0,0,0,0,8.52939224,8.0907135,0,0,0,0,178,0,0,0,0,,,,50
14846530,0.5,0,0,0,0,0,0,0,0,0,8.52939224,8.08860207,0,0,0,0,178,0,0,0,0,,,,50
14847657,0.5,0,0,0,0,0,0,0,0,0,8.52939224,8.08860207,0,0,0,0,178,0,0,0,0,,,,50
14848785,0.5,0,0,0,0,0,0,0,0,0,8.52939224,8.08649063,0,0,0,0,178,0,0,0,0,,,,50
14849912,0.5,0,0,0,0,0,0,0,0,0,8.52939224,8.08649063,0,0,0,0,178,0,0,0,0,,,,50
14851039,0.5,0,0,0,0,0,0,0,0,0,8.52939224,8.08649063,0,0,0,0,178,0,0,0,0,,,,50
14852171,0.5,0,0,0,0,0,0,0,0,0,8.52939224,8.08649063,0,0,0,0,178,0,0,0,0,,,,50
14853298,0.5,0,0,0,0,0,0,0,0,0,8.52939224,8.08649063,0,0,0,0,178,0,0,0,0,,,,50
14854426,0.5,0,0,0,0,0,0,0,0,0,8.52939224,8.08860207,0,0,0,0,178,0,0,0,0,,,,50
14855757,0.5,0,0,0,0,0,0,0,0,0,8.52637863,8.08649063,0,0,0,0,178,0,0,0,0,,,,50
14856884,0.5,0,0,0,0,0,0,0,0,0,8.52939224,8.08860207,0,0,0,0,178,0,0,0,0,,,,50
14858012,0.5,0,0,0,0,0,0,0,0,0,8.52939224,8.08860207,0,0,0,0,178,0,0,0,0,,,,50
14859144,0.5,0,0,0,0,0,0,0,0,0,8.52637863,8.08860207,0,0,0,0,178,0,0,0,0,,,,50
14860271,0.5,0,0,0,0,0,0,0,0,0,8.52939224,8.08649063,0,0,0,0,178,0,0,0,0,,,,50
14861398,0.5,0,0,0,0,0,0,0,0,0,8.52939224,8.08860207,0,0,0,0,178,0,0,0,0,,,,50
14862525,0.5,0,0,0,0,0,0,0,0,0,8.52939224,8.08649063,0,0,0,0,178,0,0,0,0,,,,50
14863653,0.5,0,0,0,0,0,0,0,0,0,8.52939224,8.08860207,0,0,0,0,178,0,0,0,0,,,,50
14864780,0.5,0,0,0,0,0,0,0,0,0,8.52939224,8.08649063,0,0,0,0,178,0,0,0,0,,,,50
14865912,0.5,0,0,0,0,0,0,0,0,0,8.52939224,8.08860207,0,0,0,0,178,0,0,0,0,,,,50
14867039,0.5,0,0,0,0,0,0,0,0,0,8.52939224,8.08860207,0,0,0,0,178,0,0,0,0,,,,50
14868166,0.5,0,0,0,0,0,0,0,0,0,8.52637863,8.08860207,0,0,0,0,178,0,0,0,0,,,,50
14869294,0.5,0,0,0,0,0,0,0,0,0,8.52939224,8.08860207,0,0,0,0,178,0,0,0,0,,,,50
14870421,0.5,0,0,0,0,0,0,0,0,0,8.52939224,8.08649063,0,0,0,0,178,0,0,0,0,,,,50
14871553,0.5,0,0,0,0,0,0,0,0,0,8.53240585,8.08860207,0,0,0,0,178,0,0,0,0,,,,50
14872680,0.5,0,0,0,0,0,0,0,0,0,8.52939224,8.08860207,0,0,0,0,178,0,0,0,0,,,,50
14873807,0.5,0,0,0,0,0,0,0,0,0,8.52939224,8.08860207,0,0,0,0,178,0,0,0,0,,,,50
14874935,0.5,0,0,0,0,0,0,0,0,0,8.52939224,8.08860207,0,0,0,0,178,0,0,0,0,,,,50
14876266,0.5,0,0,0,0,0,0,0,0,0,8.52939224,8.08860207,0,0,0,0,178,0,0,0,0,,,,50
14877393,0.5,0,0,0,0,0,0,0,0,0,8.52939224,8.08649063,0,0,0,0,178,0,0,0,0,,,,50
14878525,0.5,0,0,0,0,0,0,0,0,0,8.52939224,8.08860207,0,0,0,0,178,0,0,0,0,,,,50
14879652,0.5,0,0,0,0,0,0,0,0,0,8.52939224,8.08860207,0,0,0,0,178,0,0,0,0,,,,50
14880780,0.5,0,0,0,0,0,0,0,0,0,8.52939224,8.08649063,0,0,0,0,178,0,0,0,0,,,,50
14881907,0.5,0,0,0,0,0,0,0,0,0,8.52939224,8.08649063,0,0,0,0,178,0,0,0,0,,,,50
14883034,0.5,0,0,0,0,0,0,0,0,0,8.52939224,8.08860207,0,0,0,0,178,0,0,0,0,,,,50
14884166,0.5,0,0,0,0,0,0,0,0,0,8.52939224,8.08649063,0,0,0,0,178,0,0,0,0,,,,50
14885293,0.5,0,0,0,0,0,0,0,0,0,8.52939224,8.08860207,0,0,0,0,178,0,0,0,0,,,,50
14886420,0.5,0,0,0,0,0,0,0,0,0,8.52939224,8.08649063,0,0,0,0,178,0,0,0,0,,,,50
14887548,0.5,0,0,0,0,0,0,0,0,0,8.52939224,8.08860207,0,0,0,0,178,0,0,0,0,,,,50
14888675,0.5,0,0,0,0,0,0,0,0,0,8.52637863,8.08860207,0,0,0,0,178,0,0,0,0,,,,50
14889802,0.5,0,0,0,0,0,0,0,0,0,8.52939224,8.08860207,0,0,0,0,178,0,0,0,0,,,,50
14890934,0.5,0,0,0,0,0,0,0,0,0,8.52939224,8.08860207,0,0,0,0,178,0,0,0,0,,,,50
14892062,0.5,0,0,0,0,0,0,0,0,0,8.52939224,8.08860207,0,0,0,0,178,0,0,0,0,,,,50
14893189,0.5,0,0,0,0,0,0,0,0,0,8.52939224,8.08860207,0,0,0,0,178,0,0,0,0,,,,50
14894316,0.5,0,0,0,0,0,0,0,0,0,8.52939224,8.08860207,0,0,0,0,178,0,0,0,0,,,,50
14895443,0.5,0,0,0,0,0,0,0,0,0,8.52939224,8.08860207,0,0,0,0,178,0,0,0,0,,,,50
14896779,0.5,0,0,0,0,0,0,0,0,0,8.52939224,8.08860207,0,0,0,0,178,0,0,0,0,,,,50
14897906,0.5,0,0,0,0,0,0,0,0,0,8.52939224,8.08860207,0,0,0,0,178,0,0,0,0,,,,50
14899034,0.5,0,0,0,0,0,0,0,0,0,8.52939224,8.08860207,0,0,0,0,178,0,0,0,0,,,,50
14900161,0.5,0,0,0,0,0,0,0,0,0,8.52939224,8.08860207,0,0,0,0,178,0,0,0,0,,,,50
14901288,0.5,0,0,0,0,0,0,0,0,0,8.52939224,8.08649063,0,0,0,0,178,0,0,0,0,,,,50
14902415,0.5,0,0,0,0,0,0,0,0,0,8.52939224,8.08860207,0,0,0,0,178,0,0,0,0,,,,50
14903547,0.5,0,0,0,0,0,0,0,0,0,8.52939224,8.08649063,0,0,0,0,178,0,0,0,0,,,,50
14904674,0.5,0,0,0,0,0,0,0,0,0,8.52939224,8.08860207,0,0,0,0,178,0,0,0,0,,,,50
14905801,0.5,0,0,0,0,0,0,0,0,0,8.52939224,8.08649063,0,0,0,0,178,0,0,0,0,,,,50
14906929,0.5,0,0,0,0,0,0,0,0,0,8.52939224,8.08649063,0,0,0,0,178,0,0,0,0,,,,50
14908056,0.5,0,0,0,0,0,0,0,0,0,8.52939224,8.08860207,0,0,0,0,178,0,0,0,0,,,,50
14909183,0.5,0,0,0,0,0,0,0,0,0,8.52939224,8.08649063,0,0,0,0,178,0,0,0,0,,,,50
14910315,0.5,0,0,0,0,0,0,0,0,0,8.52939224,8.08649063,0,0,0,0,178,0,0,0,0,,,,50
14911443,0.5,0,0,0,0,0,0,0,0,0,8.52939224,8.08860207,0,0,0,0,178,0,0,0,0,,,,50
14912570,0.5,0,0,0,0,0,0,0,0,0,8.52939224,8.08860207,0,0,0,0,178,0,0,0,0,,,,50
14913697,0.5,0,0,0,0,0,0,0,0,0,8.53240585,8.08860207,0,0,0,0,178,0,0,0,0,,,,50
14914825,0.5,0,0,0,0,0,0,0,0,0,8.52939224,8.08649063,0,0,0,0,178,0,0,0,0,,,,50
14915957,0.5,0,0,0,0,0,0,0,0,0,8.52939224,8.08649063,0,0,0,0,178,0,0,0,0,,,,50
14917084,0.5,0,0,0,0,0,0,0,0,0,8.52939224,8.08860207,0,0,0,0,178,0,0,0,0,,,,50
14918416,0.5,0,0,0,0,0,0,0,0,0,8.52939224,8.08860207,0,0,0,0,178,0,0,0,0,,,,50
14919543,0.5,0,0,0,0,0,0,0,0,0,8.52939224,8.08649063,0,0,0,0,178,0,0,0,0,,,,50
14920670,0.5,0,0,0,0,0,0,0,0,0,8.52939224,8.08860207,0,0,0,0,178,0,0,0,0,,,,50
14921797,0.5,0,0,0,0,0,0,0,0,0,8.52939224,8.08860207,0,0,0,0,178,0,0,0,0,,,,50
14922930,0.5,0,0,0,0,0,0,0,0,0,8.52939224,8.08860207,0,0,0,0,178,0,0,0,0,,,,50
14924057,0.5,0,0,0,0,0,0,0,0,0,8.52939224,8.0907135,0,0,0,0,178,0,0,0,0,,,,50
14925184,0.5,0,0,0,0,0,0,0,0,0,8.52939224,8.08860207,0,0,0,0,178,0,0,0,0,,,,50
14926311,0.5,0,0,0,0,0,0,0,0,0,8.53240585,8.08860207,0,0,0,0,178,0,0,0,0,,,,50
14927438,0.5,0,0,0,0,0,0,0,0,0,8.52939224,8.08860207,0,0,0,0,178,0,0,0,0,,,,50
14928570,0.5,0,0,0,0,0,0,0,0,0,8.52637863,8.08860207,0,0,0,0,178,0,0,0,0,,,,50
14929698,0.5,0,0,0,0,0,0,0,0,0,8.52939224,8.08860207,0,0,0,0,178,0,0,0,0,,,,50
14930825,0.5,0,0,0,0,0,0,0,0,0,8.52939224,8.08649063,0,0,0,0,178,0,0,0,0,,,,50
14931952,0.5,0,0,0,0,0,0,0,0,0,8.52939224,8.08649063,0,0,0,0,178,0,0,0,0,,,,50
14933079,0.5,0,0,0,0,0,0,0,0,0,8.52939224,8.08860207,0,0,0,0,178,0,0,0,0,,,,50
14934206,0.5,0,0,0,0,0,0,0,0,0,8.52939224,8.08860207,0,0,0,0,178,0,0,0,0,,,,50
14935338,0.5,0,0,0,0,0,0,0,0,0,8.52939224,8.08649063,0,0,0,0,178,0,0,0,0,,,,50
14936466,0.5,0,0,0,0,0,0,0,0,0,8.53240585,8.08860207,0,0,0,0,178,0,0,0,0,,,,50
14937592,0.5,0,0,0,0,0,0,0,0,0,8.52637863,8.08860207,0,0,0,0,178,0,0,0,0,,,,50
14938924,0.5,0,0,0,0,0,0,0,0,0,8.52939224,8.08860207,0,0,0,0,178,0,0,0,0,,,,50
14940051,0.5,0,0,0,0,0,0,0,0,0,8.52939224,8.08860207,0,0,0,0,178,0,0,0,0,,,,50
14941183,0.5,0,0,0,0,0,0,0,0,0,8.52939224,8.08860207,0,0,0,0,178,0,0,0,0,,,,50
14942310,0.5,0,0,0,0,0,0,0,0,0,8.52939224,8.08649063,0,0,0,0,178,0,0,0,0,,,,50
14943437,0.5,0,0,0,0,0,0,0,0,0,8.52637863,8.08860207,0,0,0,0,178,0,0,0,0,,,,50
14944565,0.5,0,0,0,0,0,0,0,0,0,8.52939224,8.08860207,0,0,0,0,178,0,0,0,0,,,,50
14945692,0.5,0,0,0,0,0,0,0,0,0,8.52939224,8.08860207,0,0,0,0,178,0,0,0,0,,,,50
14946819,0.5,0,0,0,0,0,0,0,0,0,8.53240585,8.08860207,0,0,0,0,178,0,0,0,0,,,,50
14947951,0.5,0,0,0,0,0,0,0,0,0,8.53240585,8.08860207,0,0,0,0,178,0,0,0,0,,,,50
14949079,0.5,0,0,0,0,0,0,0,0,0,8.52939224,8.08860207,0,0,0,0,178,0,0,0,0,,,,50
14950206,0.5,0,0,0,0,0,0,0,0,0,8.53240585,8.08860207,0,0,0,0,178,0,0,0,0,,,,50
14951334,0.5,0,0,0,0,0,0,0,0,0,8.52939224,8.08860207,0,0,0,0,178,0,0,0,0,,,,50
14952461,0.5,0,0,0,0,0,0,0,0,0,8.52939224,8.08860207,0,0,0,0,178,0,0,0,0,,,,50
14953588,0.5,0,0,0,0,0,0,0,0,0,8.52939224,8.08860207,0,0,0,0,178,0,0,0,0,,,,50
14954720,0.5,0,0,0,0,0,0,0,0,0,8.52939224,8.08860207,0,0,0,0,178,0,0,0,0,,,,50
14955848,0.5,0,0,0,0,0,0,0,0,0,8.52939224,8.0907135,0,0,0,0,178,0,0,0,0,,,,50
14956975,0.5,0,0,0,0,0,0,0,0,0,8.52939224,8.08860207,0,0,0,0,178,0,0,0,0,,,,50
14958102,0.5,0,0,0,0,0,0,0,0,0,8.53240585,8.08649063,0,0,0,0,178,0,0,0,0,,,,50
14959230,0.5,0,0,0,0,0,0,0,0,0,8.52939224,8.08860207,0,0,0,0,178,0,0,0,0,,,,50
14960566,0.5,0,0,0,0,0,0,0,0,0,8.53240585,8.08860207,0,0,0,0,178,0,0,0,0,,,,50
14961693,0.5,0,0,0,0,0,0,0,0,0,8.52939224,8.08649063,0,0,0,0,178,0,0,0,0,,,,50
14962820,0.5,0,0,0,0,0,0,0,0,0,8.53240585,8.08860207,0,0,0,0,178,0,0,0,0,,,,50
14963947,0.5,0,0,0,0,0,0,0,0,0,8.52939224,8.08860207,0,0,0,0,178,0,0,0,0,,,,50
14965074,0.5,0,0,0,0,0,0,0,0,0,8.52939224,8.08649063,0,0,0,0,178,0,0,0,0,,,,50
14966202,0.5,0,0,0,0,0,0,0,0,0,8.52939224,8.08649063,0,0,0,0,178,0,0,0,0,,,,50
14967333,0.5,0,0,0,0,0,0,0,0,0,8.52939224,8.08649063,0,0,0,0,178,0,0,0,0,,,,50
14968460,0.5,0,0,0,0,0,0,0,0,0,8.52939224,8.08649063,0,0,0,0,178,0,0,0,0,,,,50
14969587,0.5,0,0,0,0,0,0,0,0,0,8.52939224,8.08649063,0,0,0,0,178,0,0,0,0,,,,50
14970714,0.5,0,0,0,0,0,0,0,0,0,8.52637863,8.08860207,0,0,0,0,178,0,0,0,0,,,,50
14971841,0.5,0,0,0,0,0,0,0,0,0,8.52939224,8.08649063,0,0.00714798551,0,0,178,0,0,0,0,,,,50
14972974,0.5,0,0,0,0,0,0,0,0,0,8.52939224,8.08860207,0,0,0,0,178,0,0,0,0,,,,50
14974101,0.5,0,0,0,0,0,0,0,0,0,8.52939224,8.08649063,0,0,0,0,178,0,0,0,0,,,,50
14975228,0.5,0,0,0,0,0,0,0,0,0,8.52939224,8.08860207,0,0,0,0,178,0,0,0,0,,,,50
14976356,0.5,0,0,0,0,0,0,0,0,0,8.52637863,8.08860207,0,0,0,0,178,0,0,0,0,,,,50
14977483,0.5,0,0,0,0,0,0,0,0,0,8.52939224,8.08860207,0,0,0,0,178,0,0,0,0,,,,50
14978610,0.5,0,0,0,0,0,0,0,0,0,8.52939224,8.08860207,0,0,0,0,178,0,0,0,0,,,,50
14979742,0.5,0,0,0,0,0,0,0,0,0,8.52939224,8.08860207,0,0,0,0,178,0,0,0,0,,,,50
14981074,0.5,0,0,0,0,0,0,0,0,0,8.52939224,8.08860207,0,0,0,0,178,0,0,0,0,,,,50
14982201,0.5,0,0,0,0,0,0,0,0,0,8.53240585,8.08860207,0,0,0,0,178,0,0,0,0,,,,50
14983328,0.5,0,0,0,0,0,0,0,0,0,8.52939224,8.08860207,0,0,0,0,178,0,0,0,0,,,,50
14984456,0.5,0,0,0,0,0,0,0,0,0,8.52939224,8.08860207,0,0,0,0,178,0,0,0,0,,,,50
14985588,0.5,0,0,0,0,0,0,0,0,0,8.52939224,8.08860207,0,0,0,0,178,0,0,0,0,,,,50
14986715,0.5,0,0,0,0,0,0,0,0,0,8.52939224,8.08860207,0,0,0,0,178,0,0,0,0,,,,50
14987842,0.5,0,0,0,0,0,0,0,0,0,8.52939224,8.08649063,0,0,0,0,178,0,0,0,0,,,,50
14988970,0.5,0,0,0,0,0,0,0,0,0,8.53240585,8.08649063,0,0,0,0,178,0,0,0,0,,,,50
14990097,0.5,0,0,0,0,0,0,0,0,0,8.52939224,8.08649063,0,0,0,0,178,0,0,0,0,,,,50
14991224,0.5,0,0,0,0,0,0,0,0,0,8.52939224,8.0907135,0,0,0,0,178,0,0,0,0,,,,50
14992357,0.5,0,0,0,0,0,0,0,0,0,8.52939224,8.08649063,0,0,0,0,178,0,0,0,0,,,,50
14993484,0.5,0,0,0,0,0,0,0,0,0,8.53240585,8.08860207,0,0,0,0,178,0,0,0,0,,,,50
14994611,0.5,0,0,0,0,0,0,0,0,0,8.52939224,8.08860207,0,0,0,0,178,0,0,0,0,,,,50
14995738,0.5,0,0,0,0,0,0,0,0,0,8.53240585,8.08860207,0,0,0,0,178,0,0,0,0,,,,50
14996865,0.5,0,0,0,0,0,0,0,0,0,8.52939224,8.08649063,0,0,0,0,178,0,0,0,0,,,,50
14997997,0.5,0,0,0,0,0,0,0,0,0,8.52939224,8.08860207,0,0,0,0,178,0,0,0,0,,,,50
14999124,0.5,0,0,0,0,0,0,0,0,0,8.52939224,8.08860207,0,0,0,0,178,0,0,0,0,,,,50
15000251,0.5,0,0,0,0,0,0,0,0,0,8.52939224,8.08860207,0,0,0,0,178,0,0,0,0,,,,50
15001379,0.5,0,0,0,0,0,0,0,0,0,8.52939224,8.08860207,0,0,0,0,178,0,0,0,0,,,,50
15002710,0.5,0,0,0,0,0,0,0,0,0,8.53240585,8.08860207,0,0,0,0,178,0,0,0,0,,,,50
15003837,0.5,0,0,0,0,0,0,0,0,0,8.52939224,8.08649063,0,0.00714798551,0,0,178,0,0,0,0,,,,50
15004970,0.5,0,0,0,0,0,0,0,0,0,8.52939224,8.08649063,0,0,0,0,178,0,0,0,0,,,,50
15006097,0.5,0,0,0,0,0,0,0,0,0,8.52637863,8.08649063,0,0.00714798551,0,0,178,0,0,0,0,,,,50
15007224,0.5,0,0,0,0,0,0,0,0,0,8.52939224,8.08649063,0,0,0,0,178,0,0,0,0,,,,50
15008352,0.5,0,0,0,0,0,0,0,0,0,8.52939224,8.08860207,0,0,0,0,178,0,0,0,0,,,,50
15009479,0.5,0,0,0,0,0,0,0,0,0,8.52939224,8.08860207,0,0,0,0,178,0,0,0,0,,,,50
15010606,0.5,0,0,0,0,0,0,0,0,0,8.52939224,8.08860207,0,0,0,0,178,0,0,0,0,,,,50
15011737,0.5,0,0,0,0,0,0,0,0,0,8.52939224,8.08860207,0,0,0,0,178,0,0,0,0,,,,50
15012864,0.5,0,0,0,0,0,0,0,0,0,8.52939224,8.08860207,0,0,0,0,178,0,0,0,0,,,,50
15013991,0.5,0,0,0,0,0,0,0,0,0,8.52939224,8.08860207,0,0,0,0,178,0,0,0,0,,,,50
15015118,0.5,0,0,0,0,0,0,0,0,0,8.52939224,8.08860207,0,0,0,0,178,0,0,0,0,,,,50
15016245,0.5,0,0,0,0,0,0,0,0,0,8.52939224,8.08860207,0,0,0,0,178,0,0,0,0,,,,50
15017377,0.5,0,0,0,0,0,0,0,0,0,8.52939224,8.08649063,0,0,0,0,178,0,0,0,0,,,,50
15018504,0.5,0,0,0,0,0,0,0,0,0,8.52939224,8.08860207,0,0,0,0,178,0,0,0,0,,,,50
15019631,0.5,0,0,0,0,0,0,0,0,0,8.52939224,8.08649063,0,0,0,0,178,0,0,0,0,,,,50
15020758,0.5,0,0,0,0,0,0,0,0,0,8.52939224,8.08860207,0,0,0,0,178,0,0,0,0,,,,50
15021885,0.5,0,0,0,0,0,0,0,0,0,8.52637863,8.08860207,0,0,0,0,178,0,0,0,0,,,,50
15023217,0.5,0,0,0,0,0,0,0,0,0,8.52939224,8.08649063,0,0,0,0,178,0,0,0,0,,,,50
15024349,0.5,0,0,0,0,0,0,0,0,0,8.52939224,8.08860207,0,0,0,0,178,0,0,0,0,,,,50
15025476,0.5,0,0,0,0,0,0,0,0,0,8.52939224,8.08860207,0,0,0,0,178,0,0,0,0,,,,50
15026603,0.5,0,0,0,0,0,0,0,0,0,8.52939224,8.08649063,0,0,0,0,178,0,0,0,0,,,,50
15027729,0.5,0,0,0,0,0,0,0,0,0,8.52939224,8.08860207,0,0,0,0,178,0,0,0,0,,,,50
15028857,0.5,0,0,0,0,0,0,0,0,0,8.52939224,8.08860207,0,0,0,0,178,0,0,0,0,,,,50
15029988,0.5,0,0,0,0,0,0,0,0,0,8.52939224,8.08860207,0,0,0,0,178,0,0,0,0,,,,50
15031116,0.5,0,0,0,0,0,0,0,0,0,8.52939224,8.08649063,0,0,0,0,178,0,0,0,0,,,,50
15032243,0.5,0,0,0,0,0,0,0,0,0,8.52939224,8.08860207,0,0,0,0,178,0,0,0,0,,,,50
15033370,0.5,0,0,0,0,0,0,0,0,0,8.52939224,8.08860207,0,0,0,0,178,0,0,0,0,,,,50
15034497,0.5,0,0,0,0,0,0,0,0,0,8.52939224,8.08860207,0,0,0,0,178,0,0,0,0,,,,50
15035624,0.5,0,0,0,0,0,0,0,0,0,8.52939224,8.08860207,0,0,0,0,178,0,0,0,0,,,,50
15036756,0.5,0,0,0,0,0,0,0,0,0,8.52939224,8.08860207,0,0,0,0,178,0,0,0,0,,,,50
15037884,0.5,0,0,0,0,0,0,0,0,0,8.52939224,8.08860207,0,0,0,0,178,0,0,0,0,,,,50
15039011,0.5,0,0,0,0,0,0,0,0,0,8.52939224,8.08860207,0,0,0,0,178,0,0,0,0,,,,50
15040138,0.5,0,0,0,0,0,0,0,0,0,8.52939224,8.08860207,0,0,0,0,178,0,0,0,0,,,,50
15041266,0.5,0,0,0,0,0,0,0,0,0,8.53240585,8.08860207,0,0,0,0,178,0,0,0,0,,,,50
15042397,0.5,0,0,0,0,0,0,0,0,0,8.52939224,8.08860207,0,0,0,0,178,0,0,0,0,,,,50
15043525,0.5,0,0,0,0,0,0,0,0,0,8.52939224,8.08860207,0,0,0,0,178,0,0,0,0,,,,50
15044856,0.5,0,0,0,0,0,0,0,0,0,8.52939224,8.08860207,0,0,0,0,178,0,0,0,0,,,,50
15045983,0.5,0,0,0,0,0,0,0,0,0,8.52939224,8.08860207,0,0,0,0,178,0,0,0,0,,,,50
15047111,0.5,0,0,0,0,0,0,0,0,0,8.53240585,8.08860207,0,0,0,0,178,0,0,0,0,,,,50
15048238,0.5,0,0,0,0,0,0,0,0,0,8.52939224,8.08860207,0,0,0,0,178,0,0,0,0,,,,50
15049370,0.5,0,0,0,0,0,0,0,0,0,8.52939224,8.08860207,0,0,0,0,178,0,0,0,0,,,,50
15050497,0.5,0,0,0,0,0,0,0,0,0,8.52939224,8.08860207,0,0,0,0,178,0,0,0,0,,,,50
15051625,0.5,0,0,0,0,0,0,0,0,0,8.52939224,8.08860207,0,0,0,0,178,0,0,0,0,,,,50
15052752,0.5,0,0,0,0,0,0,0,0,0,8.52939224,8.08860207,0,0,0,0,178,0,0,0,0,,,,50
15053879,0.5,0,0,0,0,0,0,0,0,0,8.52939224,8.08860207,0,0,0,0,178,0,0,0,0,,,,50
15055006,0.5,0,0,0,0,0,0,0,0,0,8.52637863,8.08860207,0,0,0,0,178,0,0,0,0,,,,50
15056138,0.5,0,0,0,0,0,0,0,0,0,8.52939224,8.08649063,0,0,0,0,178,0,0,0,0,,,,50
15057265,0.5,0,0,0,0,0,0,0,0,0,8.52939224,8.08649063,0,0,0,0,178,0,0,0,0,,,,50
15058392,0.5,0,0,0,0,0,0,0,0,0,8.52939224,8.08860207,0,0,0,0,178,0,0,0,0,,,,50
15059519,0.5,0,0,0,0,0,0,0,0,0,8.52939224,8.08860207,0,0,0,0,178,0,0,0,0,,,,50
15060647,0.5,0,0,0,0,0,0,0,0,0,8.52939224,8.08649063,0,0,0,0,178,0,0,0,0,,,,50
15061779,0.5,0,0,0,0,0,0,0,0,0,8.52939224,8.08649063,0,0,0,0,178,0,0,0,0,,,,50
15062906,0.5,0,0,0,0,0,0,0,0,0,8.52939224,8.08860207,0,0,0,0,178,0,0,0,0,,,,50
15064034,0.5,0,0,0,0,0,0,0,0,0,8.52939224,8.08649063,0,0,0,0,178,0,0,0,0,,,,50
15065365,0.5,0,0,0,0,0,0,0,0,0,8.52939224,8.08649063,0,0,0,0,178,0,0,0,0,,,,50
15066492,0.5,0,0,0,0,0,0,0,0,0,8.52939224,8.08649063,0,0,0,0,178,0,0,0,0,,,,50
15067620,0.5,0,0,0,0,0,0,0,0,0,8.53240585,8.08649063,0,0,0,0,178,0,0,0,0,,,,50
15068751,0.5,0,0,0,0,0,0,0,0,0,8.53240585,8.08649063,0,0,0,0,178,0,0,0,0,,,,50
15069879,0.5,0,0,0,0,0,0,0,0,0,8.53542042,8.08649063,0,0,0,0,178,0,0,0,0,,,,50
15071006,0.5,0,0,0,0,0,0,0,0,0,8.52939224,8.0907135,0,0,0,0,178,0,0,0,0,,,,50
15072133,0.5,0,0,0,0,0,0,0,0,0,8.52939224,8.08860207,0,0,0,0,178,0,0,0,0,,,,50
15073260,0.5,0,0,0,0,0,0,0,0,0,8.52939224,8.08860207,0,0.00714798551,0,0,178,0,0,0,0,,,,50
15074392,0.5,0,0,0,0,0,0,0,0,0,8.53240585,8.08649063,0,0,0,0,178,0,0,0,0,,,,50
15075519,0.5,0,0,0,0,0,0,0,0,0,8.52939224,8.08860207,0,0,0,0,178,0,0,0,0,,,,50
15076646,0.5,0,0,0,0,0,0,0,0,0,8.52939224,8.08860207,0.00714798551,0,0,0,178,0,0,0,0,,,,50
15077773,0.5,0,0,0,0,0,0,0,0,0,8.52939224,8.08649063,0,0,0,0,178,0,0,0,0,,,,50
15078900,0.5,0,0,0,0,0,0,0,0,0,8.52939224,8.08649063,0,0,0,0,178,0,0,0,0,,,,50
15080027,0.5,0,0,0,0,0,0,0,0,0,8.52637863,8.08860207,0,0,0,0,178,0,0,0,0,,,,50
15081159,0.5,0,0,0,0,0,0,0,0,0,8.52939224,8.08649063,0,0,0,0,178,0,0,0,0,,,,50
15082286,0.5,0,0,0,0,0,0,0,0,0,8.52939224,8.08860207,0,0,0,0,178,0,0,0,0,,,,50
15083413,0.5,0,0,0,0,0,0,0,0,0,8.52939224,8.08860207,0,0,0,0,178,0,0,0,0,,,,50
15084540,0.5,0,0,0,0,0,0,0,0,0,8.52939224,8.08860207,0,0,0,0,178,0,0,0,0,,,,50
15085871,0.5,0,0,0,0,0,0,0,0,0,8.52939224,8.08860207,0,0,0,0,178,0,0,0,0,,,,50
15087003,0.5,0,0,0,0,0,0,0,0,0,8.52939224,8.08860207,0,0,0,0,178,0,0,0,0,,,,50
15088131,0.5,0,0,0,0,0,0,0,0,0,8.52637863,8.08860207,0,0,0,0,178,0,0,0,0,,,,50
15089258,0.5,0,0,0,0,0,0,0,0,0,8.52939224,8.08860207,0,0,0,0,178,0,0,0,0,,,,50
15090385,0.5,0,0,0,0,0,0,0,0,0,8.52939224,8.08860207,0,0,0,0,178,0,0,0,0,,,,50
15091512,0.5,0,0,0,0,0,0,0,0,0,8.52939224,8.08649063,0,0,0,0,178,0,0,0,0,,,,50
15092639,0.5,0,0,0,0,0,0,0,0,0,8.53240585,8.08649063,0,0,0,0,178,0,0,0,0,,,,50
15093771,0.5,0,0,0,0,0,0,0,0,0,8.52939224,8.08860207,0,0.00714798551,0,0,178,0,0,0,0,,,,50
15094897,0.5,0,0,0,0,0,0,0,0,0,8.52939224,8.08649063,0,0,0,0,178,0,0,0,0,,,,50
15096024,0.5,0,0,0,0,0,0,0,0,0,8.52939224,8.08860207,0,0,0,0,178,0,0,0,0,,,,50
15097152,0.5,0,0,0,0,0,0,0,0,0,8.52939224,8.08860207,0,0,0,0,178,0,0,0,0,,,,50
15098279,0.5,0,0,0,0,0,0,0,0,0,8.52939224,8.08860207,0,0,0,0,178,0,0,0,0,,,,50
15099406,0.5,0,0,0,0,0,0,0,0,0,8.52939224,8.08649063,0,0,0,0,178,0,0,0,0,,,,50
15100539,0.5,0,0,0,0,0,0,0,0,0,8.52939224,8.08649063,0,0,0,0,178,0,0,0,0,,,,50
15101666,0.5,0,0,0,0,0,0,0,0,0,8.52939224,8.08860207,0,0,0,0,178,0,0,0,0,,,,50
15102793,0.5,0,0,0,0,0,0,0,0,0,8.52939224,8.08649063,0,0,0,0,178,0,0,0,0,,,,50
15103920,0.5,0,0,0,0,0,0,0,0,0,8.52939224,8.08649063,0,0,0,0,178,0,0,0,0,,,,50
15105047,0.5,0,0,0,0,0,0,0,0,0,8.52939224,8.08860207,0,0,0,0,178,0,0,0,0,,,,50
15106180,0.5,0,0,0,0,0,0,0,0,0,8.52939224,8.08860207,0,0,0,0,178,0,0,0,0,,,,50
15107511,0.5,0,0,0,0,0,0,0,0,0,8.52637863,8.08860207,0,0,0,0,178,0,0,0,0,,,,50
15108638,0.5,0,0,0,0,0,0,0,0,0,8.52939224,8.08860207,0,0,0,0,178,0,0,0,0,,,,50
15109765,0.5,0,0,0,0,0,0,0,0,0,8.52939224,8.08860207,0,0,0,0,178,0,0,0,0,,,,50
15110892,0.5,0,0,0,0,0,0,0,0,0,8.52939224,8.08860207,0,0,0,0,178,0,0,0,0,,,,50
15112019,0.5,0,0,0,0,0,0,0,0,0,8.52939224,8.08649063,0,0,0,0,178,0,0,0,0,,,,50
15113151,0.5,0,0,0,0,0,0,0,0,0,8.52939224,8.08649063,0,0,0,0,178,0,0,0,0,,,,50
15114278,0.5,0,0,0,0,0,0,0,0,0,8.52939224,8.08860207,0,0,0,0,178,0,0,0,0,,,,50
15115405,0.5,0,0,0,0,0,0,0,0,0,8.53240585,8.08860207,0,0,0,0,178,0,0,0,0,,,,50
15116532,0.5,0,0,0,0,0,0,0,0,0,8.52939224,8.08860207,0,0,0,0,178,0,0,0,0,,,,50
15117659,0.5,0,0,0,0,0,0,0,0,0,8.52939224,8.08860207,0,0,0,0,178,0,0,0,0,,,,50
15118791,0.5,0,0,0,0,0,0,0,0,0,8.52939224,8.08649063,0,0,0,0,178,0,0,0,0,,,,50
15119919,0.5,0,0,0,0,0,0,0,0,0,8.52939224,8.08649063,0,0,0,0,178,0,0,0,0,,,,50
15121046,0.5,0,0,0,0,0,0,0,0,0,8.52939224,8.08860207,0,0,0,0,178,0,0,0,0,,,,50
15122173,0.5,0,0,0,0,0,0,0,0,0,8.53240585,8.08860207,0,0,0,0,178,0,0,0,0,,,,50
15123300,0.5,0,0,0,0,0,0,0,0,0,8.52939224,8.08860207,0,0,0,0,178,0,0,0,0,,,,50
15124428,0.5,0,0,0,0,0,0,0,0,0,8.53240585,8.08860207,0,0,0,0,178,0,0,0,0,,,,50
15125560,0.5,0,0,0,0,0,0,0,0,0,8.52939224,8.08649063,0,0,0,0,178,0,0,0,0,,,,50
15126687,0.5,0,0,0,0,0,0,0,0,0,8.52939224,8.0907135,0,0,0,0,178,0,0,0,0,,,,50
15128018,0.5,0,0,0,0,0,0,0,0,0,8.52939224,8.08649063,0,0,0,0,178,0,0,0,0,,,,50
15129145,0.5,0,0,0,0,0,0,0,0,0,8.52939224,8.08649063,0,0,0,0,178,0,0,0,0,,,,50
15130272,0.5,0,0,0,0,0,0,0,0,0,8.52939224,8.08860207,0,0.00714798551,0,0,178,0,0,0,0,,,,50
15131404,0.5,0,0,0,0,0,0,0,0,0,8.52939224,8.08860207,0,0,0,0,178,0,0,0,0,,,,50
15132531,0.5,0,0,0,0,0,0,0,0,0,8.53240585,8.08860207,0,0,0,0,178,0,0,0,0,,,,50
15133658,0.5,0,0,0,0,0,0,0,0,0,8.52637863,8.08860207,0,0,0,0,178,0,0,0,0,,,,50
15134785,0.5,0,0,0,0,0,0,0,0,0,8.52939224,8.08649063,0,0,0,0,178,0,0,0,0,,,,50
15135913,0.5,0,0,0,0,0,0,0,0,0,8.52939224,8.08860207,0,0,0,0,178,0,0,0,0,,,,50
15137040,0.5,0,0,0,0,0,0,0,0,0,8.52939224,8.08860207,0,0,0,0,178,0,0,0,0,,,,50
15138172,0.5,0,0,0,0,0,0,0,0,0,8.52939224,8.08649063,0,0,0,0,178,0,0,0,0,,,,50
15139299,0.5,0,0,0,0,0,0,0,0,0,8.52939224,8.08860207,0,0,0,0,178,0,0,0,0,,,,50
15140427,0.5,0,0,0,0,0,0,0,0,0,8.52939224,8.08649063,0,0,0,0,178,0,0,0,0,,,,50
15141554,0.5,0,0,0,0,0,0,0,0,0,8.52939224,8.08860207,0,0,0,0,178,0,0,0,0,,,,50
15142681,0.5,0,0,0,0,0,0,0,0,0,8.52939224,8.08649063,0,0,0,0,178,0,0,0,0,,,,50
15143813,0.5,0,0,0,0,0,0,0,0,0,8.52939224,8.08860207,0,0,0,0,178,0,0,0,0,,,,50
15144941,0.5,0,0,0,0,0,0,0,0,0,8.52939224,8.08860207,0,0,0,0,178,0,0,0,0,,,,50
15146068,0.5,0,0,0,0,0,0,0,0,0,8.52939224,8.08860207,0,0,0,0,178,0,0,0,0,,,,50
15147195,0.5,0,0,0,0,0,0,0,0,0,8.52939224,8.08649063,0,0,0,0,178,0,0,0,0,,,,50
15148322,0.5,0,0,0,0,0,0,0,0,0,8.52939224,8.08860207,0,0,0,0,178,0,0,0,0,,,,50
15149653,0.5,0,0,0,0,0,0,0,0,0,8.52939224,8.08860207,0,0,0,0,178,0,0,0,0,,,,50
15150785,0.5,0,0,0,0,0,0,0,0,0,8.52939224,8.08860207,0,0,0,0,178,0,0,0,0,,,,50
15151912,0.5,0,0,0,0,0,0,0,0,0,8.52939224,8.08860207,0,0,0,0,178,0,0,0,0,,,,50
15153039,0.5,0,0,0,0,0,0,0,0,0,8.52939224,8.08649063,0,0,0,0,178,0,0,0,0,,,,50
15154166,0.5,0,0,0,0,0,0,0,0,0,8.52939224,8.08649063,0,0,0,0,178,0,0,0,0,,,,50
15155293,0.5,0,0,0,0,0,0,0,0,0,8.52939224,8.08860207,0,0,0,0,178,0,0,0,0,,,,50
15156420,0.5,0,0,0,0,0,0,0,0,0,8.53240585,8.08860207,0,0,0,0,178,0,0,0,0,,,,50
15157553,0.5,0,0,0,0,0,0,0,0,0,8.53240585,8.08860207,0,0,0,0,178,0,0,0,0,,,,50
15158680,0.5,0,0,0,0,0,0,0,0,0,8.52939224,8.08860207,0,0,0,0,178,0,0,0,0,,,,50
15159807,0.5,0,0,0,0,0,0,0,0,0,8.52939224,8.08860207,0,0,0,0,178,0,0,0,0,,,,50
15160934,0.5,0,0,0,0,0,0,0,0,0,8.52939224,8.08649063,0,0,0,0,178,0,0,0,0,,,,50
15162062,0.5,0,0,0,0,0,0,0,0,0,8.52939224,8.08860207,0,0,0,0,178,0,0,0,0,,,,50
15163194,0.5,0,0,0,0,0,0,0,0,0,8.52939224,8.08860207,0,0,0,0,178,0,0,0,0,,,,50
15164321,0.5,0,0,0,0,0,0,0,0,0,8.52939224,8.08860207,0,0,0,0,178,0,0,0,0,,,,50
15165448,0.5,0,0,0,0,0,0,0,0,0,8.52939224,8.08860207,0,0,0,0,178,0,0,0,0,,,,50
15166576,0.5,0,0,0,0,0,0,0,0,0,8.52939224,8.08860207,0,0,0,0,178,0,0,0,0,,,,50
15167703,0.5,0,0,0,0,0,0,0,0,0,8.52939224,8.08649063,0,0,0,0,178,0,0,0,0,,,,50
15168830,0.5,0,0,0,0,0,0,0,0,0,8.52939224,8.08860207,0,0,0,0,178,0,0,0,0,,,,50
15170166,0.5,0,0,0,0,0,0,0,0,0,8.52939224,8.08649063,0,0,0,0,178,0,0,0,0,,,,50
15171293,0.5,0,0,0,0,0,0,0,0,0,8.52939224,8.08860207,0,0,0,0,178,0,0,0,0,,,,50
15172420,0.5,0,0,0,0,0,0,0,0,0,8.52939224,8.08860207,0,0.00714798551,0,0,178,0,0,0,0,,,,50
15173547,0.5,0,0,0,0,0,0,0,0,0,8.52939224,8.08860207,0,0,0,0,178,0,0,0,0,,,,50
15174674,0.5,0,0,0,0,0,0,0,0,0,8.52939224,8.08860207,0,0,0,0,178,0,0,0,0,,,,50
15175806,0.5,0,0,0,0,0,0,0,0,0,8.52939224,8.08860207,0,0,0,0,178,0,0,0,0,,,,50
15176933,0.5,0,0,0,0,0,0,0,0,0,8.53240585,8.08860207,0,0,0,0,178,0,0,0,0,,,,50
15178061,0.5,0,0,0,0,0,0,0,0,0,8.52939224,8.08649063,0,0,0,0,178,0,0,0,0,,,,50
15179188,0.5,0,0,0,0,0,0,0,0,0,8.52939224,8.08649063,0,0,0,0,178,0,0,0,0,,,,50
15180315,0.5,0,0,0,0,0,0,0,0,0,8.52939224,8.08649063,0,0,0,0,178,0,0,0,0,,,,50
15181443,0.5,0,0,0,0,0,0,0,0,0,8.52939224,8.08860207,0,0,0,0,178,0,0,0,0,,,,50
15182575,0.5,0,0,0,0,0,0,0,0,0,8.52939224,8.08860207,0,0,0,0,178,0,0,0,0,,,,50
15183702,0.5,0,0,0,0,0,0,0,0,0,8.52939224,8.08860207,0,0,0,0,178,0,0,0,0,,,,50
15184829,0.5,0,0,0,0,0,0,0,0,0,8.52939224,8.08860207,0,0,0,0,178,0,0,0,0,,,,50
15185956,0.5,0,0,0,0,0,0,0,0,0,8.52939224,8.08649063,0,0,0,0,178,0,0,0,0,,,,50
15187083,0.5,0,0,0,0,0,0,0,0,0,8.52939224,8.08860207,0,0,0,0,178,0,0,0,0,,,,50
15188215,0.5,0,0,0,0,0,0,0,0,0,8.52939224,8.08860207,0,0,0,0,178,0,0,0,0,,,,50
15189342,0.5,0,0,0,0,0,0,0,0,0,8.52939224,8.08649063,0.00714798551,0,0,0,178,0,0,0,0,,,,50
15190470,0.5,0,0,0,0,0,0,0,0,0,8.52939224,8.08860207,0,0,0,0,178,0,0,0,0,,,,50
15191801,0.5,0,0,0,0,0,0,0,0,0,8.52939224,8.08649063,0,0,0,0,178,0,0,0,0,,,,50
15192928,0.5,0,0,0,0,0,0,0,0,0,8.52637863,8.08860207,0,0,0,0,178,0,0,0,0,,,,50
15194055,0.5,0,0,0,0,0,0,0,0,0,8.52939224,8.08860207,0,0,0,0,178,0,0,0,0,,,,50
15195187,0.5,0,0,0,0,0,0,0,0,0,8.52939224,8.08860207,0,0,0,0,178,0,0,0,0,,,,50
15196314,0.5,0,0,0,0,0,0,0,0,0,8.52939224,8.08649063,0,0,0,0,178,0,0,0,0,,,,50
15197442,0.5,0,0,0,0,0,0,0,0,0,8.52939224,8.08860207,0,0,0,0,178,0,0,0,0,,,,50
15198569,0.5,0,0,0,0,0,0,0,0,0,8.52939224,8.08649063,0,0,0,0,178,0,0,0,0,,,,50
15199696,0.5,0,0,0,0,0,0,0,0,0,8.53240585,8.08860207,0,0,0,0,178,0,0,0,0,,,,50
15200824,0.5,0,0,0,0,0,0,0,0,0,8.52939224,8.08860207,0,0,0,0,178,0,0,0,0,,,,50
15201956,0.5,0,0,0,0,0,0,0,0,0,8.52939224,8.08649063,0,0,0,0,178,0,0,0,0,,,,50
15203083,0.5,0,0,0,0,0,0,0,0,0,8.52939224,8.08860207,0,0,0,0,178,0,0,0,0,,,,50
15204210,0.5,0,0,0,0,0,0,0,0,0,8.52939224,8.08860207,0,0,0,0,178,0,0,0,0,,,,50
15205338,0.5,0,0,0,0,0,0,0,0,0,8.52939224,8.08649063,0,0,0,0,178,0,0,0,0,,,,50
15206465,0.5,0,0,0,0,0,0,0,0,0,8.52939224,8.08860207,0,0,0,0,178,0,0,0,0,,,,50
15207597,0.5,0,0,0,0,0,0,0,0,0,8.52939224,8.08649063,0,0,0,0,178,0,0,0,0,,,,50
15208724,0.5,0,0,0,0,0,0,0,0,0,8.52939224,8.08860207,0,0,0,0,178,0,0,0,0,,,,50
15209851,0.5,0,0,0,0,0,0,0,0,0,8.52939224,8.08860207,0,0,0,0,178,0,0,0,0,,,,50
15210979,0.5,0,0,0,0,0,0,0,0,0,8.52939224,8.08860207,0,0,0,0,178,0,0,0,0,,,,50
15212310,0.5,0,0,0,0,0,0,0,0,0,8.52939224,8.08860207,0,0,0,0,178,0,0,0,0,,,,50
15213437,0.5,0,0,0,0,0,0,0,0,0,8.52939224,8.08860207,0,0,0,0,178,0,0,0,0,,,,50
15214569,0.5,0,0,0,0,0,0,0,0,0,8.52939224,8.08860207,0,0,0,0,178,0,0,0,0,,,,50
15215697,0.5,0,0,0,0,0,0,0,0,0,8.52939224,8.08649063,0,0,0,0,178,0,0,0,0,,,,50
15216824,0.5,0,0,0,0,0,0,0,0,0,8.52939224,8.08649063,0,0,0,0,178,0,0,0,0,,,,50
15217951,0.5,0,0,0,0,0,0,0,0,0,8.52939224,8.08860207,0,0,0,0,178,0,0,0,0,,,,50
15219079,0.5,0,0,0,0,0,0,0,0,0,8.52939224,8.08649063,0,0,0,0,178,0,0,0,0,,,,50
15220211,0.5,0,0,0,0,0,0,0,0,0,8.52939224,8.08649063,0,0,0,0,178,0,0,0,0,,,,50
15221338,0.5,0,0,0,0,0,0,0,0,0,8.52939224,8.08649063,0,0,0,0,178,0,0,0,0,,,,50
15222465,0.5,0,0,0,0,0,0,0,0,0,8.52939224,8.08649063,0,0,0,0,178,0,0,0,0,,,,50
15223593,0.5,0,0,0,0,0,0,0,0,0,8.52939224,8.08649063,0,0,0,0,178,0,0,0,0,,,,50
15224720,0.5,0,0,0,0,0,0,0,0,0,8.52939224,8.08649063,0,0,0,0,178,0,0,0,0,,,,50
15225847,0.5,0,0,0,0,0,0,0,0,0,8.52637863,8.08649063,0,0,0,0,178,0,0,0,0,,,,50
15226980,0.5,0,0,0,0,0,0,0,0,0,8.53240585,8.08860207,0,0,0,0,178,0,0,0,0,,,,50
15228107,0.5,0,0,0,0,0,0,0,0,0,8.52939224,8.08860207,0,0,0,0,178,0,0,0,0,,,,50
15229234,0.5,0,0,0,0,0,0,0,0,0,8.52939224,8.08860207,0,0,0,0,178,0,0,0,0,,,,50
15230361,0.5,0,0,0,0,0,0,0,0,0,8.52939224,8.08649063,0,0,0,0,178,0,0,0,0,,,,50
15231489,0.5,0,0,0,0,0,0,0,0,0,8.52939224,8.08860207,0,0.00714798551,0,0,178,0,0,0,0,,,,50
15232825,0.5,0,0,0,0,0,0,0,0,0,8.52939224,8.08860207,0,0,0,0,178,0,0,0,0,,,,50
15233952,0.5,0,0,0,0,0,0,0,0,0,8.52939224,8.08860207,0,0,0,0,178,0,0,0,0,,,,50
15235080,0.5,0,0,0,0,0,0,0,0,0,8.52939224,8.08860207,0,0,0,0,178,0,0,0,0,,,,50
15236207,0.5,0,0,0,0,0,0,0,0,0,8.52939224,8.08860207,0,0,0,0,178,0,0,0,0,,,,50
15237334,0.5,0,0,0,0,0,0,0,0,0,8.52637863,8.08860207,0,0,0,0,178,0,0,0,0,,,,50
15238462,0.5,0,0,0,0,0,0,0,0,0,8.52939224,8.08860207,0,0,0,0,178,0,0,0,0,,,,50
15239594,0.5,0,0,0,0,0,0,0,0,0,8.53240585,8.08649063,0,0,0,0,178,0,0,0,0,,,,50
15240721,0.5,0,0,0,0,0,0,0,0,0,8.52637863,8.08649063,0,0,0,0,178,0,0,0,0,,,,50
15241848,0.5,0,0,0,0,0,0,0,0,0,8.52939224,8.08860207,0,0,0,0,178,0,0,0,0,,,,50
15242976,0.5,0,0,0,0,0,0,0,0,0,8.52939224,8.08860207,0,0,0,0,178,0,0,0,0,,,,50
15244103,0.5,0,0,0,0,0,0,0,0,0,8.52939224,8.08649063,0,0,0,0,178,0,0,0,0,,,,50
15245230,0.5,0,0,0,0,0,0,0,0,0,8.52939224,8.08860207,0,0,0,0,178,0,0,0,0,,,,50
15246362,0.5,0,0,0,0,0,0,0,0,0,8.52939224,8.08860207,0,0,0,0,178,0,0,0,0,,,,50
15247490,0.5,0,0,0,0,0,0,0,0,0,8.52939224,8.08649063,0,0,0,0,178,0,0,0,0,,,,50
15248617,0.5,0,0,0,0,0,0,0,0,0,8.52939224,8.08860207,0,0.00714798551,0,0,178,0,0,0,0,,,,50
15249744,0.5,0,0,0,0,0,0,0,0,0,8.52637863,8.08860207,0,0,0,0,178,0,0,0,0,,,,50
15250872,0.5,0,0,0,0,0,0,0,0,0,8.52939224,8.08860207,0,0,0,0,178,0,0,0,0,,,,50
15252004,0.5,0,0,0,0,0,0,0,0,0,8.52939224,8.08649063,0,0,0,0,178,0,0,0,0,,,,50
15253131,0.5,0,0,0,0,0,0,0,0,0,8.52939224,8.08649063,0,0,0,0,178,0,0,0,0,,,,50
15254463,0.5,0,0,0,0,0,0,0,0,0,8.52939224,8.08860207,0,0,0,0,178,0,0,0,0,,,,50
15255590,0.5,0,0,0,0,0,0,0,0,0,8.52939224,8.08860207,0,0,0,0,178,0,0,0,0,,,,50
15256717,0.5,0,0,0,0,0,0,0,0,0,8.52939224,8.08860207,0,0,0,0,178,0,0,0,0,,,,50
15257844,0.5,0,0,0,0,0,0,0,0,0,8.52939224,8.08860207,0,0,0,0,178,0,0,0,0,,,,50
15258975,0.5,0,0,0,0,0,0,0,0,0,8.52939224,8.08860207,0,0,0,0,178,0,0,0,0,,,,50
15260103,0.5,0,0,0,0,0,0,0,0,0,8.52939224,8.08860207,0,0,0,0,178,0,0,0,0,,,,50
15261230,0.5,0,0,0,0,0,0,0,0,0,8.52939224,8.08860207,0,0,0,0,178,0,0,0,0,,,,50
15262357,0.5,0,0,0,0,0,0,0,0,0,8.52939224,8.08860207,0,0,0,0,178,0,0,0,0,,,,50
15263484,0.5,0,0,0,0,0,0,0,0,0,8.52939224,8.08860207,0,0,0,0,178,0,0,0,0,,,,50
15264616,0.5,0,0,0,0,0,0,0,0,0,8.52939224,8.08649063,0,0,0,0,178,0,0,0,0,,,,50
15265744,0.5,0,0,0,0,0,0,0,0,0,8.52939224,8.08860207,0,0,0,0,178,0,0,0,0,,,,50
15266871,0.5,0,0,0,0,0,0,0,0,0,8.52939224,8.08860207,0,0,0,0,178,0,0,0,0,,,,50
15267998,0.5,0,0,0,0,0,0,0,0,0,8.52939224,8.08860207,0,0,0,0,178,0,0,0,0,,,,50
15269126,0.5,0,0,0,0,0,0,0,0,0,8.52939224,8.08860207,0,0,0,0,178,0,0,0,0,,,,50
15270253,0.5,0,0,0,0,0,0,0,0,0,8.52939224,8.08649063,0,0,0,0,178,0,0,0,0,,,,50
15271385,0.5,0,0,0,0,0,0,0,0,0,8.53240585,8.08649063,0,0,0,0,178,0,0,0,0,,,,50
15272513,0.5,0,0,0,0,0,0,0,0,0,8.52939224,8.08860207,0,0,0,0,178,0,0,0,0,,,,50
15273640,0.5,0,0,0,0,0,0,0,0,0,8.52939224,8.08860207,0,0,0,0,178,0,0,0,0,,,,50
15274971,0.5,0,0,0,0,0,0,0,0,0,8.52939224,8.08860207,0,0,0,0,178,0,0,0,0,,,,50
15276099,0.5,0,0,0,0,0,0,0,0,0,8.52939224,8.08860207,0,0,0,0,178,0,0,0,0,,,,50
15277231,0.5,0,0,0,0,0,0,0,0,0,8.52939224,8.08649063,0,0,0,0,178,0,0,0,0,,,,50
15278358,0.5,0,0,0,0,0,0,0,0,0,8.52939224,8.08860207,0,0,0,0,178,0,0,0,0,,,,50
15279485,0.5,0,0,0,0,0,0,0,0,0,8.52939224,8.08860207,0,0,0,0,178,0,0,0,0,,,,50
15280613,0.5,0,0,0,0,0,0,0,0,0,8.52939224,8.08860207,0,0,0,0,178,0,0,0,0,,,,50
15281740,0.5,0,0,0,0,0,0,0,0,0,8.52939224,8.08860207,0,0,0,0,178,0,0,0,0,,,,50
15282867,0.5,0,0,0,0,0,0,0,0,0,8.52939224,8.08860207,0,0,0,0,178,0,0,0,0,,,,50
15283999,0.5,0,0,0,0,0,0,0,0,0,8.52939224,8.08860207,0,0,0,0,178,0,0,0,0,,,,50
15285127,0.5,0,0,0,0,0,0,0,0,0,8.52939224,8.08860207,0,0,0,0,178,0,0,0,0,,,,50
15286254,0.5,0,0,0,0,0,0,0,0,0,8.52939224,8.08860207,0,0,0,0,178,0,0,0,0,,,,50
15287381,0.5,0,0,0,0,0,0,0,0,0,8.52939224,8.08860207,0,0,0,0,178,0,0,0,0,,,,50
15288509,0.5,0,0,0,0,0,0,0,0,0,8.52637863,8.08860207,0,0,0,0,178,0,0,0,0,,,,50
15289641,0.5,0,0,0,0,0,0,0,0,0,8.52939224,8.08860207,0,0,0,0,178,0,0,0,0,,,,50
15290768,0.5,0,0,0,0,0,0,0,0,0,8.52939224,8.08860207,0,0,0,0,178,0,0,0,0,,,,50
15291895,0.5,0,0,0,0,0,0,0,0,0,8.52939224,8.08860207,0,0,0,0,178,0,0,0,0,,,,50
15293023,0.5,0,0,0,0,0,0,0,0,0,8.53240585,8.08649063,0,0,0,0,178,0,0,0,0,,,,50
15294150,0.5,0,0,0,0,0,0,0,0,0,8.52637863,8.08860207,0,0,0,0,178,0,0,0,0,,,,50
15295277,0.5,0,0,0,0,0,0,0,0,0,8.52939224,8.08860207,0,0,0,0,178,0,0,0,0,,,,50
15296613,0.5,0,0,0,0,0,0,0,0,0,8.52939224,8.08860207,0,0,0,0,178,0,0,0,0,,,,50
15297741,0.5,0,0,0,0,0,0,0,0,0,8.52939224,8.08860207,0,0,0,0,178,0,0,0,0,,,,50
15298868,0.5,0,0,0,0,0,0,0,0,0,8.52939224,8.08860207,0,0,0,0,178,0,0,0,0,,,,50
15299995,0.5,0,0,0,0,0,0,0,0,0,8.52939224,8.08860207,0,0,0,0,178,0,0,0,0,,,,50
15301122,0.5,0,0,0,0,0,0,0,0,0,8.52939224,8.08860207,0,0,0,0,178,0,0,0,0,,,,50
15302250,0.5,0,0,0,0,0,0,0,0,0,8.52939224,8.08860207,0,0,0,0,178,0,0,0,0,,,,50
15303382,0.5,0,0,0,0,0,0,0,0,0,8.52939224,8.08860207,0,0,0,0,178,0,0,0,0,,,,50
15304509,0.5,0,0,0,0,0,0,0,0,0,8.52939224,8.08860207,0,0,0,0,178,0,0,0,0,,,,50
15305636,0.5,0,0,0,0,0,0,0,0,0,8.52939224,8.08860207,0,0,0,0,178,0,0,0,0,,,,50
15306763,0.5,0,0,0,0,0,0,0,0,0,8.52939224,8.08860207,0,0,0,0,178,0,0,0,0,,,,50
15307890,0.5,0,0,0,0,0,0,0,0,0,8.52939224,8.08860207,0,0,0,0,178,0,0,0,0,,,,50
15309022,0.5,0,0,0,0,0,0,0,0,0,8.52939224,8.08860207,0,0,0,0,178,0,0,0,0,,,,50
15310150,0.5,0,0,0,0,0,0,0,0,0,8.52939224,8.08860207,0,0,0,0,178,0,0,0,0,,,,50
15311277,0.5,0,0,0,0,0,0,0,0,0,8.52939224,8.08860207,0,0,0,0,178,0,0,0,0,,,,50
15312404,0.5,0,0,0,0,0,0,0,0,0,8.52939224,8.08649063,0,0,0,0,178,0,0,0,0,,,,50
15313532,0.5,0,0,0,0,0,0,0,0,0,8.52939224,8.08649063,0,0,0,0,178,0,0,0,0,,,,50
15314659,0.5,0,0,0,0,0,0,0,0,0,8.52939224,8.08860207,0,0,0,0,178,0,0,0,0,,,,50
15315791,0.5,0,0,0,0,0,0,0,0,0,8.52939224,8.08860207,0,0,0,0,178,0,0,0,0,,,,50
15317122,0.5,0,0,0,0,0,0,0,0,0,8.53240585,8.08860207,0,0,0,0,178,0,0,0,0,,,,50
15318250,0.5,0,0,0,0,0,0,0,0,0,8.52939224,8.08860207,0,0,0,0,178,0,0,0,0,,,,50
15319377,0.5,0,0,0,0,0,0,0,0,0,8.53240585,8.08860207,0,0,0,0,178,0,0,0,0,,,,50
15320504,0.5,0,0,0,0,0,0,0,0,0,8.52939224,8.08649063,0,0,0,0,178,0,0,0,0,,,,50
15321636,0.5,0,0,0,0,0,0,0,0,0,8.52939224,8.08860207,0,0,0,0,178,0,0,0,0,,,,50
15322762,0.5,0,0,0,0,0,0,0,0,0,8.52939224,8.08860207,0,0,0,0,178,0,0,0,0,,,,50
15323889,0.5,0,0,0,0,0,0,0,0,0,8.52939224,8.08860207,0,0,0,0,178,0,0,0,0,,,,50
15325016,0.5,0,0,0,0,0,0,0,0,0,8.52939224,8.08860207,0,0,0,0,178,0,0,0,0,,,,50
15326143,0.5,0,0,0,0,0,0,0,0,0,8.52939224,8.08860207,0,0,0,0,178,0,0,0,0,,,,50
15327270,0.5,0,0,0,0,0,0,0,0,0,8.52939224,8.08860207,0,0,0,0,178,0,0,0,0,,,,50
15328402,0.5,0,0,0,0,0,0,0,0,0,8.52939224,8.08649063,0,0,0,0,178,0,0,0,0,,,,50
15329529,0.5,0,0,0,0,0,0,0,0,0,8.52939224,8.08860207,0,0,0,0,178,0,0,0,0,,,,50
15330656,0.5,0,0,0,0,0,0,0,0,0,8.52939224,8.08649063,0,0,0,0,178,0,0,0,0,,,,50
15331783,0.5,0,0,0,0,0,0,0,0,0,8.52939224,8.08860207,0,0,0,0,178,0,0,0,0,,,,50
15332910,0.5,0,0,0,0,0,0,0,0,0,8.52637863,8.08860207,0,0,0,0,178,0,0,0,0,,,,50
15334042,0.5,0,0,0,0,0,0,0,0,0,8.52939224,8.08860207,0,0,0,0,178,0,0,0,0,,,,50
15335170,0.5,0,0,0,0,0,0,0,0,0,8.52939224,8.08860207,0,0,0,0,178,0,0,0,0,,,,50
15336297,0.5,0,0,0,0,0,0,0,0,0,8.52939224,8.08860207,0,0,0,0,178,0,0,0,0,,,,50
15337424,0.5,0,0,0,0,0,0,0,0,0,8.52939224,8.08860207,0,0,0,0,178,0,0,0,0,,,,50
15338756,0.5,0,0,0,0,0,0,0,0,0,8.52939224,8.08860207,0,0,0,0,178,0,0,0,0,,,,50
15339883,0.5,0,0,0,0,0,0,0,0,0,8.52939224,8.08860207,0,0,0,0,178,0,0,0,0,,,,50
15341015,0.5,0,0,0,0,0,0,0,0,0,8.53240585,8.08860207,0,0,0,0,178,0,0,0,0,,,,50
15342142,0.5,0,0,0,0,0,0,0,0,0,8.52939224,8.08860207,0,0,0,0,178,0,0,0,0,,,,50
15343270,0.5,0,0,0,0,0,0,0,0,0,8.52939224,8.08860207,0,0,0,0,178,0,0,0,0,,,,50
15344397,0.5,0,0,0,0,0,0,0,0,0,8.52939224,8.08860207,0,0,0,0,178,0,0,0,0,,,,50
15345524,0.5,0,0,0,0,0,0,0,0,0,8.52939224,8.08649063,0,0,0,0,178,0,0,0,0,,,,50
15346652,0.5,0,0,0,0,0,0,0,0,0,8.52939224,8.08649063,0,0,0,0,178,0,0,0,0,,,,50
15347784,0.5,0,0,0,0,0,0,0,0,0,8.52939224,8.08860207,0,0,0,0,178,0,0,0,0,,,,50
15348911,0.5,0,0,0,0,0,0,0,0,0,8.53240585,8.08860207,0,0,0,0,178,0,0,0,0,,,,50
15350038,0.5,0,0,0,0,0,0,0,0,0,8.52939224,8.08860207,0,0,0,0,178,0,0,0,0,,,,50
15351166,0.5,0,0,0,0,0,0,0,0,0,8.52939224,8.08860207,0,0,0,0,178,0,0,0,0,,,,50
15352293,0.5,0,0,0,0,0,0,0,0,0,8.53240585,8.08860207,0,0,0,0,178,0,0,0,0,,,,50
15353425,0.5,0,0,0,0,0,0,0,0,0,8.53240585,8.08860207,0,0,0,0,178,0,0,0,0,,,,50
15354553,0.5,0,0,0,0,0,0,0,0,0,8.52939224,8.0843792,0,0,0,0,178,0,0,0,0,,,,50
15355680,0.5,0,0,0,0,0,0,0,0,0,8.52939224,8.0907135,0,0,0,0,178,0,0,0,0,,,,50
15356807,0.5,0,0,0,0,0,0,0,0,0,8.52939224,8.08649063,0,0,0,0,178,0,0,0,0,,,,50
15357935,0.5,0,0,0,0,0,0,0,0,0,8.52939224,8.0907135,0,0,0,0,178,0,0,0,0,,,,50
15359266,0.5,0,0,0,0,0,0,0,0,0,8.52939224,8.08860207,0,0,0,0,178,0,0,0,0,,,,50
15360398,0.5,0,0,0,0,0,0,0,0,0,8.52939224,8.08860207,0,0,0,0,178,0,0,0,0,,,,50
15361525,0.5,0,0,0,0,0,0,0,0,0,8.52939224,8.08860207,0,0,0,0,178,0,0,0,0,,,,50
15362652,0.5,0,0,0,0,0,0,0,0,0,8.52939224,8.08860207,0,0,0,0,178,0,0,0,0,,,,50
15363780,0.5,0,0,0,0,0,0,0,0,0,8.52939224,8.08860207,0,0,0,0,178,0,0,0,0,,,,50
15364907,0.5,0,0,0,0,0,0,0,0,0,8.52939224,8.08860207,0,0,0,0,178,0,0,0,0,,,,50
15366039,0.5,0,0,0,0,0,0,0,0,0,8.52939224,8.08860207,0,0,0,0,178,0,0,0,0,,,,50
15367166,0.5,0,0,0,0,0,0,0,0,0,8.52939224,8.08860207,0,0,0,0,178,0,0,0,0,,,,50
15368294,0.5,0,0,0,0,0,0,0,0,0,8.52939224,8.08860207,0,0,0,0,178,0,0,0,0,,,,50
15369421,0.5,0,0,0,0,0,0,0,0,0,8.52939224,8.08860207,0,0,0,0,178,0,0,0,0,,,,50
15370548,0.5,0,0,0,0,0,0,0,0,0,8.52939224,8.08860207,0,0,0,0,178,0,0,0,0,,,,50
15371676,0.5,0,0,0,0,0,0,0,0,0,8.52939224,8.08649063,0,0,0,0,178,0,0,0,0,,,,50
15372808,0.5,0,0,0,0,0,0,0,0,0,8.52637863,8.08860207,0,0,0,0,178,0,0,0,0,,,,50
15373935,0.5,0,0,0,0,0,0,0,0,0,8.52939224,8.08860207,0,0,0,0,178,0,0,0,0,,,,50
15375062,0.5,0,0,0,0,0,0,0,0,0,8.53240585,8.08860207,0,0,0,0,178,0,0,0,0,,,,50
15376190,0.5,0,0,0,0,0,0,0,0,0,8.52939224,8.08649063,0,0,0,0,178,0,0,0,0,,,,50
15377317,0.5,0,0,0,0,0,0,0,0,0,8.52939224,8.08860207,0,0,0,0,178,0,0,0,0,,,,50
15378449,0.5,0,0,0,0,0,0,0,0,0,8.52939224,8.08860207,0,0,0,0,178,0,0,0,0,,,,50
15379781,0.5,0,0,0,0,0,0,0,0,0,8.52939224,8.08649063,0,0,0,0,178,0,0,0,0,,,,50
15380908,0.5,0,0,0,0,0,0,0,0,0,8.52939224,8.08860207,0,0,0,0,178,0,0,0,0,,,,50
15382035,0.5,0,0,0,0,0,0,0,0,0,8.52939224,8.08649063,0,0,0,0,178,0,0,0,0,,,,50
15383163,0.5,0,0,0,0,0,0,0,0,0,8.52939224,8.08860207,0,0,0,0,178,0,0,0,0,,,,50
15384290,0.5,0,0,0,0,0,0,0,0,0,8.52939224,8.08649063,0,0,0,0,178,0,0,0,0,,,,50
15385422,0.5,0,0,0,0,0,0,0,0,0,8.52939224,8.08860207,0,0,0,0,178,0,0,0,0,,,,50
15386549,0.5,0,0,0,0,0,0,0,0,0,8.52939224,8.08860207,0,0,0,0,178,0,0,0,0,,,,50
15387677,0.5,0,0,0,0,0,0,0,0,0,8.52939224,8.08649063,0,0,0,0,178,0,0,0,0,,,,50
15388804,0.5,0,0,0,0,0,0,0,0,0,8.53240585,8.08860207,0,0,0,0,178,0,0,0,0,,,,50
15389931,0.5,0,0,0,0,0,0,0,0,0,8.53240585,8.08860207,0,0,0,0,178,0,0,0,0,,,,50
15391059,0.5,0,0,0,0,0,0,0,0,0,8.52939224,8.08860207,0,0,0,0,178,0,0,0,0,,,,50
15392191,0.5,0,0,0,0,0,0,0,0,0,8.52939224,8.08860207,0,0,0,0,178,0,0,0,0,,,,50
15393318,0.5,0,0,0,0,0,0,0,0,0,8.53240585,8.08860207,0,0,0,0,178,0,0,0,0,,,,50
15394445,0.5,0,0,0,0,0,0,0,0,0,8.52939224,8.08860207,0,0,0,0,178,0,0,0,0,,,,50
15395573,0.5,0,0,0,0,0,0,0,0,0,8.52939224,8.08649063,0,0,0,0,178,0,0,0,0,,,,50
15396700,0.5,0,0,0,0,0,0,0,0,0,8.52939224,8.08860207,0,0,0,0,178,0,0,0,0,,,,50
15397832,0.5,0,0,0,0,0,0,0,0,0,8.52939224,8.08649063,0,0,0,0,178,0,0,0,0,,,,50
15398959,0.5,0,0,0,0,0,0,0,0,0,8.52939224,8.08860207,0,0,0,0,178,0,0,0,0,,,,50
15400087,0.5,0,0,0,0,0,0,0,0,0,8.52939224,8.08860207,0,0,0,0,178,0,0,0,0,,,,50
15401418,0.5,0,0,0,0,0,0,0,0,0,8.53240585,8.08860207,0,0,0,0,178,0,0,0,0,,,,50
15402545,0.5,0,0,0,0,0,0,0,0,0,8.52939224,8.08860207,0,0,0,0,178,0,0,0,0,,,,50
15403673,0.5,0,0,0,0,0,0,0,0,0,8.52939224,8.08860207,0,0,0,0,178,0,0,0,0,,,,50
15404805,0.5,0,0,0,0,0,0,0,0,0,8.52939224,8.08860207,0,0,0,0,178,0,0,0,0,,,,50
15405932,0.5,0,0,0,0,0,0,0,0,0,8.53240585,8.08860207,0,0,0,0,178,0,0,0,0,,,,50
15407059,0.5,0,0,0,0,0.00805860758,0,0,0,0,8.52939224,8.08649063,0,0,0,0,178,0,0,0,0,,,,50
15408186,0.5,0,0,0,0,0,0,0,0,0,8.52939224,8.08860207,0,0,0,0,178,0,0,0,0,,,,50
15409314,0.5,0,0,0,0,0,0,0,0,0,8.52939224,8.08860207,0,0,0,0,178,0,0,0,0,,,,50
15410446,0.5,0,0,0,0,0,0,0,0,0,8.52939224,8.08860207,0,0,0,0,178,0,0,0,0,,,,50
15411573,0.5,0,0,0,0,0,0,0,0,0,8.52939224,8.08649063,0,0,0,0,178,0,0,0,0,,,,50
15412700,0.5,0,0,0,0,0,0,0,0,0,8.52939224,8.08649063,0,0,0,0,178,0,0,0,0,,,,50
15413828,0.5,0,0,0,0,0,0,0,0,0,8.52939224,8.08649063,0,0,0,0,178,0,0,0,0,,,,50
15414955,0.5,0,0,0,0,0,0,0,0,0,8.52939224,8.08649063,0,0,0,0,178,0,0,0,0,,,,50
15416082,0.5,0,0,0,0,0,0,0,0,0,8.52939224,8.08860207,0,0,0,0,178,0,0,0,0,,,,50
15417214,0.5,0,0,0,0,0,0,0,0,0,8.52939224,8.08860207,0,0,0,0,178,0,0,0,0,,,,50
15418342,0.5,0,0,0,0,0,0,0,0,0,8.52939224,8.08860207,0,0,0,0,178,0,0,0,0,,,,50
15419469,0.5,0,0,0,0,0,0,0,0,0,8.52939224,8.08649063,0,0,0,0,178,0,0,0,0,,,,50
15420597,0.5,0,0,0,0,0,0,0,0,0,8.52939224,8.0907135,0,0,0,0,178,0,0,0,0,,,,50
15421928,0.5,0,0,0,0,0,0,0,0,0,8.52939224,8.08649063,0,0,0,0,178,0,0,0,0,,,,50
15423060,0.5,0,0,0,0,0,0,0,0,0,8.52939224,8.08860207,0,0,0,0,178,0,0,0,0,,,,50
15424187,0.5,0,0,0,0,0,0,0,0,0,8.52939224,8.08860207,0,0,0,0,178,0,0,0,0,,,,50
15425315,0.5,0,0,0,0,0,0,0,0,0,8.53240585,8.08649063,0,0,0,0,178,0,0,0,0,,,,50
15426442,0.5,0,0,0,0,0,0,0,0,0,8.52939224,8.08860207,0,0,0,0,178,0,0,0,0,,,,50
15427569,0.5,0,0,0,0,0,0,0,0,0,8.52939224,8.08649063,0,0,0,0,178,0,0,0,0,,,,50
15428697,0.5,0,0,0,0,0,0,0,0,0,8.52939224,8.08860207,0,0,0,0,178,0,0,0,0,,,,50
15429829,0.5,0,0,0,0,0,0,0,0,0,8.52939224,8.08649063,0,0,0,0,178,0,0,0,0,,,,50
15430956,0.5,0,0,0,0,0,0,0,0,0,8.52939224,8.08860207,0,0,0,0,178,0,0,0,0,,,,50
15432083,0.5,0,0,0,0,0,0,0,0,0,8.52939224,8.08860207,0,0,0,0,178,0,0,0,0,,,,50
15433211,0.5,0,0,0,0,0,0,0,0,0,8.52939224,8.08860207,0,0,0,0,178,0,0,0,0,,,,50
15434338,0.5,0,0,0,0,0,0,0,0,0,8.52939224,8.08860207,0,0,0,0,178,0,0,0,0,,,,50
15435470,0.5,0,0,0,0,0,0,0,0,0,8.53240585,8.08649063,0,0,0,0,178,0,0,0,0,,,,50
15436597,0.5,0,0,0,0,0,0,0,0,0,8.52939224,8.08649063,0,0,0,0,178,0,0,0,0,,,,50
15437724,0.5,0,0,0,0,0,0,0,0,0,8.52939224,8.08860207,0,0,0,0,178,0,0,0,0,,,,50
15438851,0.5,0,0,0,0,0,0,0,0,0,8.52939224,8.08649063,0,0,0,0,178,0,0,0,0,,,,50
15439978,0.5,0,0,0,0,0,0,0,0,0,8.52939224,8.08649063,0,0,0,0,178,0,0,0,0,,,,50
15441105,0.5,0,0,0,0,0,0,0,0,0,8.52939224,8.08860207,0,0,0,0,178,0,0,0,0,,,,50
15442237,0.5,0,0,0,0,0,0,0,0,0,8.52939224,8.08860207,0,0.00714798551,0,0,178,0,0,0,0,,,,50
15443569,0.5,0,0,0,0,0,0,0,0,0,8.52939224,8.08860207,0,0,0,0,178,0,0,0,0,,,,50
15444696,0.5,0,0,0,0,0,0,0,0,0,8.52939224,8.08860207,0,0,0,0,178,0,0,0,0,,,,50
15445823,0.5,0,0,0,0,0,0,0,0,0,8.52939224,8.08860207,0,0,0,0,178,0,0,0,0,,,,50
15446951,0.5,0,0,0,0,0,0,0,0,0,8.52939224,8.08860207,0,0,0,0,178,0,0,0,0,,,,50
15448078,0.5,0,0,0,0,0,0,0,0,0,8.52939224,8.08649063,0,0,0,0,178,0,0,0,0,,,,50
15449210,0.5,0,0,0,0,0,0,0,0,0,8.53240585,8.08860207,0,0,0,0,178,0,0,0,0,,,,50
15450337,0.5,0,0,0,0,0,0,0,0,0,8.52939224,8.08860207,0,0,0,0,178,0,0,0,0,,,,50
15451465,0.5,0,0,0,0,0,0,0,0,0,8.52939224,8.08649063,0,0.00714798551,0,0,178,0,0,0,0,,,,50
15452592,0.5,0,0,0,0,0,0,0,0,0,8.52939224,8.08649063,0,0,0,0,178,0,0,0,0,,,,50
15453719,0.5,0,0,0,0,0,0,0,0,0,8.52939224,8.08860207,0,0,0,0,178,0,0,0,0,,,,50
15454852,0.5,0,0,0,0,0,0,0,0,0,8.53240585,8.08649063,0,0,0,0,178,0,0,0,0,,,,50
15455979,0.5,0,0,0,0,0,0,0,0,0,8.52939224,8.08649063,0,0,0,0,178,0,0,0,0,,,,50
15457106,0.5,0,0,0,0,0,0,0,0,0,8.52939224,8.08860207,0,0,0,0,178,0,0,0,0,,,,50
15458233,0.5,0,0,0,0,0,0,0,0,0,8.52939224,8.08860207,0,0,0,0,178,0,0,0,0,,,,50
15459360,0.5,0,0,0,0,0,0,0,0,0,8.52939224,8.08860207,0,0,0,0,178,0,0,0,0,,,,50
15460487,0.5,0,0,0,0,0,0,0,0,0,8.52939224,8.08649063,0,0,0,0,178,0,0,0,0,,,,50
15461619,0.5,0,0,0,0,0,0,0,0,0,8.53240585,8.08860207,0,0,0,0,178,0,0,0,0,,,,50
15462747,0.5,0,0,0,0,0,0,0,0,0,8.53240585,8.08860207,0,0,0,0,178,0,0,0,0,,,,50
15464078,0.5,0,0,0,0,0,0,0,0,0,8.52939224,8.0907135,0,0,0,0,178,0,0,0,0,,,,50
15465205,0.5,0,0,0,0,0,0,0,0,0,8.52939224,8.08860207,0,0,0,0,178,0,0,0,0,,,,50
15466333,0.5,0,0,0,0,0,0,0,0,0,8.52939224,8.08860207,0,0,0,0,178,0,0,0,0,,,,50
15467465,0.5,0,0,0,0,0,0,0,0,0,8.52637863,8.08649063,0,0,0,0,178,0,0,0,0,,,,50
15468592,0.5,0,0,0,0,0,0,0,0,0,8.52939224,8.08649063,0,0,0,0,178,0,0,0,0,,,,50
15469719,0.5,0,0,0,0,0,0,0,0,0,8.52939224,8.08860207,0,0,0,0,178,0,0,0,0,,,,50
15470847,0.5,0,0,0,0,0,0,0,0,0,8.52939224,8.08860207,0,0,0,0,178,0,0,0,0,,,,50
15471974,0.5,0,0,0,0,0,0,0,0,0,8.52939224,8.08649063,0,0,0,0,178,0,0,0,0,,,,50
15473101,0.5,0,0,0,0,0,0,0,0,0,8.52939224,8.08860207,0,0,0,0,178,0,0,0,0,,,,50
15474233,0.5,0,0,0,0,0,0,0,0,0,8.52939224,8.08649063,0,0,0,0,178,0,0,0,0,,,,50
15475361,0.5,0,0,0,0,0,0,0,0,0,8.52939224,8.08860207,0,0,0,0,178,0,0,0,0,,,,50
15476488,0.5,0,0,0,0,0,0,0,0,0,8.52939224,8.08649063,0,0,0,0,178,0,0,0,0,,,,50
15477615,0.5,0,0,0,0,0,0,0,0,0,8.52939224,8.08860207,0,0,0,0,178,0,0,0,0,,,,50
15478742,0.5,0,0,0,0,0,0,0,0,0,8.52939224,8.08860207,0,0,0,0,178,0,0,0,0,,,,50
15479874,0.5,0,0,0,0,0,0,0,0,0,8.52939224,8.08860207,0,0,0,0,178,0,0,0,0,,,,50
15481001,0.5,0,0,0,0,0,0,0,0,0,8.52939224,8.08860207,0,0,0,0,178,0,0,0,0,,,,50
15482128,0.5,0,0,0,0,0,0,0,0,0,8.52939224,8.08860207,0,0,0,0,178,0,0,0,0,,,,50
15483256,0.5,0,0,0,0,0,0,0,0,0,8.52939224,8.08649063,0,0,0,0,178,0,0,0,0,,,,50
15484383,0.5,0,0,0,0,0,0,0,0,0,8.52939224,8.08860207,0,0,0,0,178,0,0,0,0,,,,50
15485714,0.5,0,0,0,0,0,0,0,0,0,8.52939224,8.08860207,0,0,0,0,178,0,0,0,0,,,,50
15486846,0.5,0,0,0,0,0,0,0,0,0,8.52939224,8.08860207,0,0.00714798551,0,0,178,0,0,0,0,,,,50
15487973,0.5,0,0,0,0,0,0,0,0,0,8.52939224,8.08860207,0,0,0,0,178,0,0,0,0,,,,50
15489101,0.5,0,0,0,0,0,0,0,0,0,8.52939224,8.0907135,0,0,0,0,178,0,0,0,0,,,,50
15490228,0.5,0,0,0,0,0,0,0,0,0,8.52637863,8.08860207,0,0,0,0,178,0,0,0,0,,,,50
15491355,0.5,0,0,0,0,0,0,0,0,0,8.52939224,8.08649063,0,0,0,0,178,0,0,0,0,,,,50
15492483,0.5,0,0,0,0,0,0,0,0,0,8.52939224,8.08649063,0,0,0,0,178,0,0,0,0,,,,50
15493615,0.5,0,0,0,0,0,0,0,0,0,8.52939224,8.08860207,0,0,0,0,178,0,0,0,0,,,,50
15494742,0.5,0,0,0,0,0,0,0,0,0,8.52939224,8.08649063,0,0,0,0,178,0,0,0,0,,,,50
15495869,0.5,0,0,0,0,0,0,0,0,0,8.52939224,8.08860207,0,0,0,0,178,0,0,0,0,,,,50
15496997,0.5,0,0,0,0,0,0,0,0,0,8.52939224,8.08649063,0,0,0,0,178,0,0,0,0,,,,50
15498124,0.5,0,0,0,0,0,0,0,0,0,8.52939224,8.08860207,0,0,0,0,178,0,0,0,0,,,,50
15499256,0.5,0,0,0,0,0,0,0,0,0,8.52939224,8.08649063,0,0,0,0,178,0,0,0,0,,,,50
15500383,0.5,0,0,0,0,0,0,0,0,0,8.52939224,8.08649063,0,0,0,0,178,0,0,0,0,,,,50
15501511,0.5,0,0,0,0,0,0,0,0,0,8.52939224,8.08649063,0,0,0,0,178,0,0,0,0,,,,50
15502638,0.5,0,0,0,0,0,0,0,0,0,8.52939224,8.08860207,0,0,0,0,178,0,0,0,0,,,,50
15503765,0.5,0,0,0,0,0,0,0,0,0,8.52939224,8.08860207,0,0,0,0,178,0,0,0,0,,,,50
15504893,0.5,0,0,0,0,0,0,0,0,0,8.52637863,8.08860207,0,0.00714798551,0,0,178,0,0,0,0,,,,50
15506229,0.5,0,0,0,0,0,0,0,0,0,8.52939224,8.08860207,0,0,0,0,178,0,0,0,0,,,,50
15507356,0.5,0,0,0,0,0,0,0,0,0,8.52939224,8.08860207,0,0,0,0,178,0,0,0,0,,,,50
15508484,0.5,0,0,0,0,0,0,0,0,0,8.52939224,8.08860207,0,0,0,0,178,0,0,0,0,,,,50
15509611,0.5,0,0,0,0,0,0,0,0,0,8.52939224,8.08860207,0,0,0,0,178,0,0,0,0,,,,50
15510738,0.5,0,0,0,0,0,0,0,0,0,8.52939224,8.08860207,0,0,0,0,178,0,0,0,0,,,,50
15511870,0.5,0,0,0,0,0,0,0,0,0,8.52939224,8.08860207,0,0,0,0,178,0,0,0,0,,,,50
15512998,0.5,0,0,0,0,0,0,0,0,0,8.52939224,8.08860207,0,0,0,0,178,0,0,0,0,,,,50
15514125,0.5,0,0,0,0,0,0,0,0,0,8.52939224,8.08649063,0,0,0,0,178,0,0,0,0,,,,50
15515252,0.5,0,0,0,0,0,0,0,0,0,8.52939224,8.08860207,0,0,0,0,178,0,0,0,0,,,,50
15516379,0.5,0,0,0,0,0,0,0,0,0,8.52939224,8.08860207,0,0,0,0,178,0,0,0,0,,,,50
15517506,0.5,0,0,0,0,0,0,0,0,0,8.53240585,8.08860207,0,0,0,0,178,0,0,0,0,,,,50
15518638,0.5,0,0,0,0,0,0,0,0,0,8.52939224,8.08860207,0,0,0,0,178,0,0,0,0,,,,50
15519766,0.5,0,0,0,0,0,0,0,0,0,8.52939224,8.08649063,0,0,0,0,178,0,0,0,0,,,,50
15520893,0.5,0,0,0,0,0,0,0,0,0,8.52939224,8.08860207,0,0,0,0,178,0,0,0,0,,,,50
15522020,0.5,0,0,0,0,0,0,0,0,0,8.52939224,8.08860207,0,0,0,0,178,0,0,0,0,,,,50
15523148,0.5,0,0,0,0,0,0,0,0,0,8.52939224,8.08860207,0,0,0,0,178,0,0,0,0,,,,50
15524280,0.5,0,0,0,0,0,0,0,0,0,8.52939224,8.08860207,0,0,0,0,178,0,0,0,0,,,,50
15525407,0.5,0,0,0,0,0,0,0,0,0,8.52939224,8.08649063,0,0,0,0,178,0,0,0,0,,,,50
15526535,0.5,0,0,0,0,0,0,0,0,0,8.53240585,8.08860207,0,0,0,0,178,0,0,0,0,,,,50
15527866,0.5,0,0,0,0,0,0,0,0,0,8.52939224,8.08649063,0,0,0,0,178,0,0,0,0,,,,50
15528993,0.5,0,0,0,0,0,0,0,0,0,8.52939224,8.08860207,0,0,0,0,178,0,0,0,0,,,,50
15530120,0.5,0,0,0,0,0,0,0,0,0,8.52939224,8.08860207,0,0,0,0,178,0,0,0,0,,,,50
15531253,0.5,0,0,0,0,0,0,0,0,0,8.53240585,8.08649063,0,0,0,0,178,0,0,0,0,,,,50
15532380,0.5,0,0,0,0,0,0,0,0,0,8.52939224,8.08860207,0,0,0,0,178,0,0,0,0,,,,50
15533507,0.5,0,0,0,0,0,0,0,0,0,8.52939224,8.08649063,0,0,0,0,178,0,0,0,0,,,,50
15534635,0.5,0,0,0,0,0,0,0,0,0,8.52939224,8.08860207,0,0,0,0,178,0,0,0,0,,,,50
15535762,0.5,0,0,0,0,0,0,0,0,0,8.52939224,8.08860207,0,0,0,0,178,0,0,0,0,,,,50
15536889,0.5,0,0,0,0,0,0,0,0,0,8.52637863,8.08860207,0,0,0,0,178,0,0,0,0,,,,50
15538021,0.5,0,0,0,0,0,0,0,0,0,8.52939224,8.08860207,0,0,0,0,178,0,0,0,0,,,,50
15539149,0.5,0,0,0,0,0,0,0,0,0,8.53240585,8.08860207,0,0,0,0,178,0,0,0,0,,,,50
15540276,0.5,0,0,0,0,0,0,0,0,0,8.52939224,8.08860207,0,0,0,0,178,0,0,0,0,,,,50
15541403,0.5,0,0,0,0,0,0,0,0,0,8.52939224,8.08860207,0,0,0,0,178,0,0,0,0,,,,50
15542531,0.5,0,0,0,0,0,0,0,0,0,8.52939224,8.08860207,0,0,0,0,178,0,0,0,0,,,,50
15543663,0.5,0,0,0,0,0,0,0,0,0,8.52939224,8.08860207,0,0,0,0,178,0,0,0,0,,,,50
15544790,0.5,0,0,0,0,0,0,0,0,0,8.52939224,8.08860207,0,0,0,0,178,0,0,0,0,,,,50
15545917,0.5,0,0,0,0,0,0,0,0,0,8.52939224,8.08860207,0,0,0,0,178,0,0,0,0,,,,50
15547044,0.5,0,0,0,0,0,0,0,0,0,8.52939224,8.08860207,0,0,0,0,178,0,0,0,0,,,,50
15548376,0.5,0,0,0,0,0,0,0,0,0,8.52939224,8.08649063,0,0,0,0,178,0,0,0,0,,,,50
15549503,0.5,0,0,0,0,0,0,0,0,0,8.53240585,8.08860207,0,0,0,0,178,0,0,0,0,,,,50
15550635,0.5,0,0,0,0,0,0,0,0,0,8.52939224,8.08860207,0,0,0,0,178,0,0,0,0,,,,50
15551763,0.5,0,0,0,0,0,0,0,0,0,8.52939224,8.08860207,0,0,0,0,178,0,0,0,0,,,,50
15552890,0.5,0,0,0,0,0,0,0,0,0,8.52939224,8.08860207,0,0,0,0,178,0,0,0,0,,,,50
15554017,0.5,0,0,0,0,0,0,0,0,0,8.52939224,8.08860207,0,0,0,0,178,0,0,0,0,,,,50
15555145,0.5,0,0,0,0,0,0,0,0,0,8.52939224,8.08860207,0,0,0,0,178,0,0,0,0,,,,50
15556277,0.5,0,0,0,0,0,0,0,0,0,8.52939224,8.08860207,0,0,0,0,178,0,0,0,0,,,,50
15557404,0.5,0,0,0,0,0,0,0,0,0,8.52939224,8.08860207,0,0,0,0,178,0,0,0,0,,,,50
15558531,0.5,0,0,0,0,0,0,0,0,0,8.53240585,8.08860207,0,0,0,0,178,0,0,0,0,,,,50
15559659,0.5,0,0,0,0,0,0,0,0,0,8.52637863,8.08860207,0,0,0,0,178,0,0,0,0,,,,50
15560786,0.5,0,0,0,0,0,0,0,0,0,8.52939224,8.08860207,0.00714798551,0,0,0,178,0,0,0,0,,,,50
15561913,0.5,0,0,0,0,0,0,0,0,0,8.53240585,8.0907135,0,0,0,0,178,0,0,0,0,,,,50
15563045,0.5,0,0,0,0,0,0,0,0,0,8.52939224,8.08860207,0,0,0,0,178,0,0,0,0,,,,50
15564173,0.5,0,0,0,0,0,0,0,0,0,8.52939224,8.08860207,0,0,0,0,178,0,0,0,0,,,,50
15565300,0.5,0,0,0,0,0,0,0,0,0,8.52939224,8.0907135,0,0,0,0,178,0,0,0,0,,,,50
15566428,0.5,0,0,0,0,0,0,0,0,0,8.53240585,8.0907135,0,0,0,0,178,0,0,0,0,,,,50
15567555,0.5,0,0,0,0,0,0,0,0,0,8.52939224,8.08860207,0,0,0,0,178,0,0,0,0,,,,50
15568891,0.5,0,0,0,0,0,0,0,0,0,8.52939224,8.08860207,0,0,0,0,178,0,0,0,0,,,,50
15570018,0.5,0,0,0,0,0,0,0,0,0,8.52939224,8.08649063,0,0,0,0,178,0,0,0,0,,,,50
15571146,0.5,0,0,0,0,0,0,0,0,0,8.52939224,8.08860207,0,0,0,0,178,0,0,0,0,,,,50
15572273,0.5,0,0,0,0,0,0,0,0,0,8.52939224,8.08860207,0,0,0,0,178,0,0,0,0,,,,50
15573400,0.5,0,0,0,0,0,0,0,0,0,8.52637863,8.08860207,0,0,0,0,178,0,0,0,0,,,,50
15574528,0.5,0,0,0,0,0,0,0,0,0,8.52637863,8.08860207,0,0,0,0,178,0,0,0,0,,,,50
15575660,0.5,0,0,0,0,0,0,0,0,0,8.52939224,8.08860207,0,0,0,0,178,0,0,0,0,,,,50
15576787,0.5,0,0,0,0,0,0,0,0,0,8.52939224,8.08860207,0,0,0,0,178,0,0,0,0,,,,50
15577914,0.5,0,0,0,0,0,0,0,0,0,8.52939224,8.08649063,0,0,0,0,178,0,0,0,0,,,,50
15579042,0.5,0,0,0,0,0,0,0,0,0,8.52939224,8.08860207,0,0,0,0,178,0,0,0,0,,,,50
15580169,0.5,0,0,0,0,0,0,0,0,0,8.52939224,8.08860207,0,0,0,0,178,0,0,0,0,,,,50
15581301,0.5,0,0,0,0,0,0,0,0,0,8.52939224,8.08649063,0,0,0,0,178,0,0,0,0,,,,50
15582428,0.5,0,0,0,0,0,0,0,0,0,8.52939224,8.08860207,0,0,0,0,178,0,0,0,0,,,,50
15583556,0.5,0,0,0,0,0,0,0,0,0,8.52939224,8.08860207,0,0,0,0,178,0,0,0,0,,,,50
15584683,0.5,0,0,0,0,0,0,0,0,0,8.52939224,8.08860207,0,0,0,0,178,0,0,0,0,,,,50
15585810,0.5,0,0,0,0,0,0,0,0,0,8.52939224,8.08860207,0,0,0,0,178,0,0,0,0,,,,50
15586938,0.5,0,0,0,0,0,0,0,0,0,8.52939224,8.08860207,0,0,0,0,178,0,0,0,0,,,,50
15588070,0.5,0,0,0,0,0,0,0,0,0,8.52939224,8.08860207,0,0,0,0,178,0,0,0,0,,,,50
15589197,0.5,0,0,0,0,0,0,0,0,0,8.52939224,8.08860207,0,0,0,0,178,0,0,0,0,,,,50
15590529,0.5,0,0,0,0,0,0,0,0,0,8.52939224,8.08860207,0,0,0,0,178,0,0,0,0,,,,50
15591656,0.5,0,0,0,0,0,0,0,0,0,8.52939224,8.08860207,0,0,0,0,178,0,0,0,0,,,,50
15592783,0.5,0,0,0,0,0,0,0,0,0,8.52939224,8.08860207,0,0,0,0,178,0,0,0,0,,,,50
15593911,0.5,0,0,0,0,0,0,0,0,0,8.52939224,8.08860207,0,0,0,0,178,0,0,0,0,,,,50
15595043,0.5,0,0,0,0,0,0,0,0,0,8.52939224,8.08860207,0,0,0,0,178,0,0,0,0,,,,50
15596170,0.5,0,0,0,0,0,0,0,0,0,8.52939224,8.08860207,0,0,0,0,178,0,0,0,0,,,,50
15597297,0.5,0,0,0,0,0,0,0,0,0,8.52939224,8.08860207,0,0,0,0,178,0,0,0,0,,,,50
15598425,0.5,0,0,0,0,0,0,0,0,0,8.53240585,8.08860207,0,0,0,0,178,0,0,0,0,,,,50
15599552,0.5,0,0,0,0,0,0,0,0,0,8.52637863,8.08860207,0,0,0,0,178,0,0,0,0,,,,50
15600684,0.5,0,0,0,0,0,0,0,0,0,8.52939224,8.08860207,0,0,0,0,178,0,0,0,0,,,,50
15601811,0.5,0,0,0,0,0,0,0,0,0,8.52939224,8.08860207,0,0,0,0,178,0,0,0,0,,,,50
15602939,0.5,0,0,0,0,0,0,0,0,0,8.52939224,8.08860207,0,0,0,0,178,0,0,0,0,,,,50
15604066,0.5,0,0,0,0,0,0,0,0,0,8.52939224,8.08860207,0,0,0,0,178,0,0,0,0,,,,50
15605193,0.5,0,0,0,0,0,0,0,0,0,8.52939224,8.08860207,0,0,0,0,178,0,0,0,0,,,,50
15606321,0.5,0,0,0,0,0,0,0,0,0,8.52939224,8.08860207,0,0,0,0,178,0,0,0,0,,,,50
15607453,0.5,0,0,0,0,0,0,0,0,0,8.53240585,8.08860207,0,0,0,0,178,0,0,0,0,,,,50
15608580,0.5,0,0,0,0,0,0,0,0,0,8.53240585,8.08860207,0,0,0,0,178,0,0,0,0,,,,50
15609707,0.5,0,0,0,0,0,0,0,0,0,8.52939224,8.08860207,0,0,0,0,178,0,0,0,0,,,,50
15611038,0.5,0,0,0,0,0,0,0,0,0,8.52939224,8.08860207,0,0,0,0,178,0,0,0,0,,,,50
15612166,0.5,0,0,0,0,0,0,0,0,0,8.53240585,8.08860207,0,0,0,0,178,0,0,0,0,,,,50
15613298,0.5,0,0,0,0,0,0,0,0,0,8.52939224,8.08649063,0,0,0,0,178,0,0,0,0,,,,50
15614425,0.5,0,0,0,0,0,0,0,0,0,8.52939224,8.08649063,0,0,0,0,178,0,0,0,0,,,,50
15615552,0.5,0,0,0,0,0,0,0,0,0,8.52939224,8.08860207,0,0,0,0,178,0,0,0,0,,,,50
15616680,0.5,0,0,0,0,0,0,0,0,0,8.52939224,8.08860207,0,0,0,0,178,0,0,0,0,,,,50
15617807,0.5,0,0,0,0,0,0,0,0,0,8.52939224,8.08860207,0,0,0,0,178,0,0,0,0,,,,50
15618934,0.5,0,0,0,0,0,0,0,0,0,8.52939224,8.08860207,0,0,0,0,178,0,0,0,0,,,,50
15620066,0.5,0,0,0,0,0,0,0,0,0,8.52939224,8.08860207,0,0,0,0,178,0,0,0,0,,,,50
15621194,0.5,0,0,0,0,0,0,0,0,0,8.52939224,8.08649063,0,0,0,0,178,0,0,0,0,,,,50
15622321,0.5,0,0,0,0,0,0,0,0,0,8.53240585,8.08860207,0,0,0,0,178,0,0,0,0,,,,50
15623449,0.5,0,0,0,0,0,0,0,0,0,8.53240585,8.08860207,0,0,0,0,178,0,0,0,0,,,,50
15624576,0.5,0,0,0,0,0,0,0,0,0,8.52939224,8.08860207,0,0,0,0,178,0,0,0,0,,,,50
15625708,0.5,0,0,0,0,0,0,0,0,0,8.52939224,8.08860207,0,0,0,0,178,0,0,0,0,,,,50
15626835,0.5,0,0,0,0,0,0,0,0,0,8.53240585,8.08860207,0,0,0,0,178,0,0,0,0,,,,50
15627963,0.5,0,0,0,0,0,0,0,0,0,8.52939224,8.08860207,0,0,0,0,178,0,0,0,0,,,,50
15629090,0.5,0,0,0,0,0,0,0,0,0,8.52939224,8.08860207,0,0,0,0,178,0,0,0,0,,,,50
15630217,0.5,0,0,0,0,0,0,0,0,0,8.52939224,8.08649063,0,0,0,0,178,0,0,0,0,,,,50
15631345,0.5,0,0,0,0,0,0,0,0,0,8.53240585,8.08860207,0,0,0,0,178,0,0,0,0,,,,50
15632681,0.5,0,0,0,0,0,0,0,0,0,8.52939224,8.08860207,0,0,0,0,178,0,0,0,0,,,,50
15633808,0.5,0,0,0,0,0,0,0,0,0,8.52939224,8.08860207,0,0,0,0,178,0,0,0,0,,,,50
15634935,0.5,0,0,0,0,0,0,0,0,0,8.52939224,8.08860207,0,0,0,0,178,0,0,0,0,,,,50
15636063,0.5,0,0,0,0,0,0,0,0,0,8.52939224,8.08860207,0,0,0,0,178,0,0,0,0,,,,50
15637190,0.5,0,0,0,0,0,0,0,0,0,8.52939224,8.08649063,0,0,0,0,178,0,0,0,0,,,,50
15638317,0.5,0,0,0,0,0,0,0,0,0,8.52939224,8.08649063,0,0,0,0,178,0,0,0,0,,,,50
15639449,0.5,0,0,0,0,0,0,0,0,0,8.52939224,8.08649063,0,0,0,0,178,0,0,0,0,,,,50
15640577,0.5,0,0,0,0,0,0,0,0,0,8.52939224,8.08649063,0,0,0,0,178,0,0,0,0,,,,50
15641704,0.5,0,0,0,0,0,0,0,0,0,8.52939224,8.08860207,0,0,0,0,178,0,0,0,0,,,,50
15642832,0.5,0,0,0,0,0,0,0,0,0,8.52939224,8.08860207,0,0,0,0,178,0,0,0,0,,,,50
15643959,0.5,0,0,0,0,0,0,0,0,0,8.52939224,8.08860207,0,0,0,0,178,0,0,0,0,,,,50
15645091,0.5,0,0,0,0,0,0,0,0,0,8.53240585,8.08860207,0,0,0,0,178,0,0,0,0,,,,50
15646218,0.5,0,0,0,0,0,0,0,0,0,8.52637863,8.08649063,0,0,0,0,178,0,0,0,0,,,,50
15647345,0.5,0,0,0,0,0,0,0,0,0,8.52939224,8.08860207,0,0,0,0,178,0,0,0,0,,,,50
15648473,0.5,0,0,0,0,0,0,0,0,0,8.52939224,8.08860207,0,0,0,0,178,0,0,0,0,,,,50
15649600,0.5,0,0,0,0,0,0,0,0,0,8.52939224,8.08649063,0,0,0,0,178,0,0,0,0,,,,50
15650727,0.5,0,0,0,0,0,0,0,0,0,8.52939224,8.0907135,0,0,0,0,178,0,0,0,0,,,,50
15651859,0.5,0,0,0,0,0,0,0,0,0,8.52939224,8.08860207,0,0,0,0,178,0,0,0,0,,,,50
15653191,0.5,0,0,0,0,0,0,0,0,0,8.52939224,8.08860207,0,0,0,0,178,0,0,0,0,,,,50
15654318,0.5,0,0,0,0,0,0,0,0,0,8.52939224,8.08860207,0,0.00714798551,0,0,178,0,0,0,0,,,,50
15655445,0.5,0,0,0,0,0,0,0,0,0,8.52939224,8.08649063,0,0,0,0,178,0,0,0,0,,,,50
15656573,0.5,0,0,0,0,0,0,0,0,0,8.53240585,8.08649063,0,0,0,0,178,0,0,0,0,,,,50
15657705,0.5,0,0,0,0,0,0,0,0,0,8.52939224,8.08860207,0,0,0,0,178,0,0,0,0,,,,50
15658832,0.5,0,0,0,0,0,0,0,0,0,8.52939224,8.08860207,0,0,0,0,178,0,0,0,0,,,,50
15659959,0.5,0,0,0,0,0,0,0,0,0,8.52939224,8.08649063,0,0,0,0,178,0,0,0,0,,,,50
15661087,0.5,0,0,0,0,0,0,0,0,0,8.52939224,8.08860207,0,0,0,0,178,0,0,0,0,,,,50
15662214,0.5,0,0,0,0,0,0,0,0,0,8.52939224,8.08860207,0,0,0,0,178,0,0,0,0,,,,50
15663341,0.5,0,0,0,0,0,0,0,0,0,8.52939224,8.08860207,0,0,0,0,178,0,0,0,0,,,,50
15664473,0.5,0,0,0,0,0,0,0,0,0,8.52939224,8.08860207,0,0.00714798551,0,0,178,0,0,0,0,,,,50
15665600,0.5,0,0,0,0,0,0,0,0,0,8.52939224,8.08860207,0,0,0,0,178,0,0,0,0,,,,50
15666728,0.5,0,0,0,0,0,0,0,0,0,8.52939224,8.08649063,0,0,0,0,178,0,0,0,0,,,,50
15667855,0.5,0,0,0,0,0,0,0,0,0,8.52939224,8.0907135,0,0,0,0,178,0,0,0,0,,,,50
15668982,0.5,0,0,0,0,0,0,0,0,0,8.52939224,8.08860207,0,0,0,0,178,0,0,0,0,,,,50
15670114,0.5,0,0,0,0,0,0,0,0,0,8.52939224,8.08649063,0,0,0,0,178,0,0,0,0,,,,50
15671242,0.5,0,0,0,0,0,0,0,0,0,8.52939224,8.08860207,0,0,0,0,178,0,0,0,0,,,,50
15672369,0.5,0,0,0,0,0,0,0,0,0,8.52939224,8.08860207,0,0,0,0,178,0,0,0,0,,,,50
15673497,0.5,0,0,0,0,0,0,0,0,0,8.52939224,8.08860207,0,0,0,0,178,0,0,0,0,,,,50
15674828,0.5,0,0,0,0,0,0,0,0,0,8.53240585,8.08860207,0,0,0,0,178,0,0,0,0,,,,50
15675955,0.5,0,0,0,0,0,0,0,0,0,8.52939224,8.08860207,0,0,0,0,178,0,0,0,0,,,,50
15677087,0.5,0,0,0,0,0,0,0,0,0,8.52939224,8.08860207,0,0,0,0,178,0,0,0,0,,,,50
15678215,0.5,0,0,0,0,0,0,0,0,0,8.52939224,8.08860207,0,0,0,0,178,0,0,0,0,,,,50
15679342,0.5,0,0,0,0,0,0,0,0,0,8.52939224,8.08860207,0,0,0,0,178,0,0,0,0,,,,50
15680469,0.5,0,0,0,0,0,0,0,0,0,8.52939224,8.08860207,0,0,0,0,178,0,0,0,0,,,,50
15681597,0.5,0,0,0,0,0,0,0,0,0,8.52939224,8.08860207,0,0,0,0,178,0,0,0,0,,,,50
15682724,0.5,0,0,0,0,0,0,0,0,0,8.52939224,8.08860207,0,0,0,0,178,0,0,0,0,,,,50
15683856,0.5,0,0,0,0,0,0,0,0,0,8.52939224,8.08860207,0,0,0,0,178,0,0,0,0,,,,50
15684983,0.5,0,0,0,0,0,0,0,0,0,8.52939224,8.08860207,0,0,0,0,178,0,0,0,0,,,,50
15686110,0.5,0,0,0,0,0,0,0,0,0,8.52939224,8.08649063,0,0,0,0,178,0,0,0,0,,,,50
15687237,0.5,0,0,0,0,0,0,0,0,0,8.52939224,8.08860207,0,0,0,0,178,0,0,0,0,,,,50
15688364,0.5,0,0,0,0,0,0,0,0,0,8.52939224,8.08860207,0,0,0,0,178,0,0,0,0,,,,50
15689496,0.5,0,0,0,0,0,0,0,0,0,8.53240585,8.08860207,0,0,0,0,178,0,0,0,0,,,,50
15690623,0.5,0,0,0,0,0,0,0,0,0,8.52939224,8.08860207,0,0,0,0,178,0,0,0,0,,,,50
15691750,0.5,0,0,0,0,0,0,0,0,0,8.52939224,8.08860207,0,0,0,0,178,0,0,0,0,,,,50
15692877,0.5,0,0,0,0,0,0,0,0,0,8.52939224,8.08860207,0,0,0,0,178,0,0,0,0,,,,50
15694004,0.5,0,0,0,0,0,0,0,0,0,8.52939224,8.08860207,0,0,0,0,178,0,0,0,0,,,,50
15695336,0.5,0,0,0,0,0,0,0,0,0,8.52939224,8.08860207,0,0,0,0,178,0,0,0,0,,,,50
15696468,0.5,0,0,0,0,0,0,0,0,0,8.53240585,8.08860207,0,0,0,0,178,0,0,0,0,,,,50
15697595,0.5,0,0,0,0,0,0,0,0,0,8.52939224,8.0907135,0,0,0,0,178,0,0,0,0,,,,50
15698722,0.5,0,0,0,0,0,0,0,0,0,8.52939224,8.08649063,0,0,0,0,178,0,0,0,0,,,,50
15699850,0.5,0,0,0,0,0,0,0,0,0,8.52939224,8.08860207,0,0,0,0,178,0,0,0,0,,,,50
15700977,0.5,0,0,0,0,0,0,0,0,0,8.52939224,8.08860207,0,0,0,0,178,0,0,0,0,,,,50
15702109,0.5,0,0,0,0,0,0,0,0,0,8.52939224,8.08860207,0,0,0,0,178,0,0,0,0,,,,50
15703236,0.5,0,0,0,0,0,0,0,0,0,8.52637863,8.08860207,0,0,0,0,178,0,0,0,0,,,,50
15704363,0.5,0,0,0,0,0,0,0,0,0,8.52939224,8.08649063,0,0,0,0,178,0,0,0,0,,,,50
15705490,0.5,0,0,0,0,0,0,0,0,0,8.52939224,8.08860207,0,0,0,0,178,0,0,0,0,,,,50
15706617,0.5,0,0,0,0,0,0,0,0,0,8.52939224,8.08649063,0,0,0,0,178,0,0,0,0,,,,50
15707744,0.5,0,0,0,0,0,0,0,0,0,8.53240585,8.08860207,0,0,0,0,178,0,0,0,0,,,,50
15708876,0.5,0,0,0,0,0,0,0,0,0,8.52637863,8.08860207,0,0,0,0,178,0,0,0,0,,,,50
15710003,0.5,0,0,0,0,0,0,0,0,0,8.52939224,8.08860207,0,0,0,0,178,0,0,0,0,,,,50
15711130,0.5,0,0,0,0,0,0,0,0,0,8.52939224,8.08649063,0,0,0,0,178,0,0,0,0,,,,50
15712257,0.5,0,0,0,0,0,0,0,0,0,8.52939224,8.08860207,0,0,0,0,178,0,0,0,0,,,,50
15713385,0.5,0,0,0,0,0,0,0,0,0,8.52939224,8.08860207,0,0,0,0,178,0,0,0,0,,,,50
15714516,0.5,0,0,0,0,0,0,0,0,0,8.52939224,8.08649063,0,0,0,0,178,0,0,0,0,,,,50
15715848,0.5,0,0,0,0,0,0,0,0,0,8.52939224,8.08860207,0,0,0,0,178,0,0,0,0,,,,50
15716975,0.5,0,0,0,0,0,0,0,0,0,8.52939224,8.08860207,0,0,0,0,178,0,0,0,0,,,,50
15718102,0.5,0,0,0,0,0,0,0,0,0,8.53240585,8.08860207,0,0,0,0,178,0,0,0,0,,,,50
15719230,0.5,0,0,0,0,0,0,0,0,0,8.52939224,8.08860207,0,0,0,0,178,0,0,0,0,,,,50
15720357,0.5,0,0,0,0,0,0,0,0,0,8.52939224,8.08860207,0,0,0,0,178,0,0,0,0,,,,50
15721489,0.5,0,0,0,0,0,0,0,0,0,8.52939224,8.08860207,0,0,0,0,178,0,0,0,0,,,,50
15722616,0.5,0,0,0,0,0,0,0,0,0,8.52939224,8.08860207,0,0,0,0,178,0,0,0,0,,,,50
15723743,0.5,0,0,0,0,0,0,0,0,0,8.52939224,8.08860207,0,0,0,0,178,0,0,0,0,,,,50
15724870,0.5,0,0,0,0,0,0,0,0,0,8.53240585,8.08860207,0,0,0,0,178,0,0,0,0,,,,50
15725998,0.5,0,0,0,0,0,0,0,0,0,8.52939224,8.08860207,0,0,0,0,178,0,0,0,0,,,,50
15727130,0.5,0,0,0,0,0,0,0,0,0,8.52939224,8.08860207,0,0,0,0,178,0,0,0,0,,,,50
15728257,0.5,0,0,0,0,0,0,0,0,0,8.52939224,8.08860207,0,0,0,0,178,0,0,0,0,,,,50
15729384,0.5,0,0,0,0,0,0,0,0,0,8.52939224,8.08649063,0,0,0,0,178,0,0,0,0,,,,50
15730512,0.5,0,0,0,0,0,0,0,0,0,8.53240585,8.08649063,0,0,0,0,178,0,0,0,0,,,,50
15731639,0.5,0,0,0,0,0,0,0,0,0,8.52939224,8.08860207,0,0,0,0,178,0,0,0,0,,,,50
15732766,0.5,0,0,0,0,0,0,0,0,0,8.52637863,8.08860207,0,0,0,0,178,0,0,0,0,,,,50
15733898,0.5,0,0,0,0,0,0,0,0,0,8.52939224,8.08649063,0,0,0,0,178,0,0,0,0,,,,50
15735025,0.5,0,0,0,0,0,0,0,0,0,8.52939224,8.08649063,0,0,0,0,178,0,0,0,0,,,,50
15736153,0.5,0,0,0,0,0,0,0,0,0,8.52637863,8.08860207,0,0,0,0,178,0,0,0,0,,,,50
15737484,0.5,0,0,0,0,0,0,0,0,0,8.52939224,8.08860207,0,0,0,0,178,0,0,0,0,,,,50
15738611,0.5,0,0,0,0,0,0,0,0,0,8.52939224,8.08860207,0,0,0,0,178,0,0,0,0,,,,50
15739739,0.5,0,0,0,0,0,0,0,0,0,8.52939224,8.08860207,0,0,0,0,178,0,0,0,0,,,,50
15740871,0.5,0,0,0,0,0,0,0,0,0,8.52939224,8.08860207,0,0,0,0,178,0,0,0,0,,,,50
15741998,0.5,0,0,0,0,0,0,0,0,0,8.52939224,8.08860207,0,0,0,0,178,0,0,0,0,,,,50
15743126,0.5,0,0,0,0,0,0,0,0,0,8.52939224,8.08860207,0,0,0,0,178,0,0,0,0,,,,50
15744253,0.5,0,0,0,0,0.00805860758,0,0,0,0,8.52939224,8.08860207,0,0,0,0,178,0,0,0,0,,,,50
15745380,0.5,0,0,0,0,0,0,0,0,0,8.53240585,8.08860207,0,0,0,0,178,0,0,0,0,,,,50
15746512,0.5,0,0,0,0,0,0,0,0,0,8.53240585,8.08860207,0,0,0,0,178,0,0,0,0,,,,50
15747640,0.5,0,0,0,0,0,0,0,0,0,8.52939224,8.08860207,0,0,0,0,178,0,0,0,0,,,,50
15748767,0.5,0,0,0,0,0,0,0,0,0,8.52939224,8.08860207,0,0,0,0,178,0,0,0,0,,,,50
15749894,0.5,0,0,0,0,0,0,0,0,0,8.52939224,8.08860207,0,0,0,0,178,0,0,0,0,,,,50
15751022,0.5,0,0,0,0,0,0,0,0,0,8.52939224,8.08860207,0,0,0,0,178,0,0,0,0,,,,50
15752149,0.5,0,0,0,0,0,0,0,0,0,8.52939224,8.08860207,0,0,0,0,178,0,0,0,0,,,,50
15753281,0.5,0,0,0,0,0,0,0,0,0,8.52939224,8.08860207,0,0,0,0,178,0,0,0,0,,,,50
15754408,0.5,0,0,0,0,0,0,0,0,0,8.52939224,8.08860207,0,0,0,0,178,0,0,0,0,,,,50
15755535,0.5,0,0,0,0,0,0,0,0,0,8.52939224,8.08860207,0,0,0,0,178,0,0,0,0,,,,50
15756662,0.5,0,0,0,0,0,0,0,0,0,8.52939224,8.08860207,0,0,0,0,178,0,0,0,0,,,,50
15757993,0.5,0,0,0,0,0,0,0,0,0,8.53240585,8.08860207,0,0,0,0,178,0,0,0,0,,,,50
15759125,0.5,0,0,0,0,0,0,0,0,0,8.52939224,8.08649063,0,0,0,0,178,0,0,0,0,,,,50
15760253,0.5,0,0,0,0,0,0,0,0,0,8.52939224,8.08860207,0,0,0,0,178,0,0,0,0,,,,50
15761380,0.5,0,0,0,0,0,0,0,0,0,8.52939224,8.08860207,0,0,0,0,178,0,0,0,0,,,,50
15762507,0.5,0,0,0,0,0,0,0,0,0,8.52939224,8.08860207,0,0,0,0,178,0,0,0,0,,,,50
15763635,0.5,0,0,0,0,0,0,0,0,0,8.53240585,8.08860207,0,0,0,0,178,0,0,0,0,,,,50
15764762,0.5,0,0,0,0,0,0,0,0,0,8.52939224,8.08649063,0,0,0,0,178,0,0,0,0,,,,50
15765894,0.5,0,0,0,0,0,0,0,0,0,8.52939224,8.08860207,0,0,0,0,178,0,0,0,0,,,,50
15767021,0.5,0,0,0,0,0,0,0,0,0,8.53240585,8.08860207,0,0,0,0,178,0,0,0,0,,,,50
15768148,0.5,0,0,0,0,0,0,0,0,0,8.52939224,8.08860207,0,0,0,0,178,0,0,0,0,,,,50
15769275,0.5,0,0,0,0,0,0,0,0,0,8.52939224,8.08860207,0,0.00714798551,0,0,178,0,0,0,0,,,,50
15770402,0.5,0,0,0,0,0,0,0,0,0,8.52939224,8.08860207,0,0,0,0,178,0,0,0,0,,,,50
15771534,0.5,0,0,0,0,0,0,0,0,0,8.52939224,8.08860207,0,0,0,0,178,0,0,0,0,,,,50
15772662,0.5,0,0,0,0,0,0,0,0,0,8.52939224,8.08860207,0,0,0,0,178,0,0,0,0,,,,50
15773789,0.5,0,0,0,0,0,0,0,0,0,8.52939224,8.08860207,0,0.00714798551,0,0,178,0,0,0,0,,,,50
15774916,0.5,0,0,0,0,0,0,0,0,0,8.52939224,8.08860207,0,0,0,0,178,0,0,0,0,,,,50
15776044,0.5,0,0,0,0,0,0,0,0,0,8.53240585,8.08860207,0,0,0,0,178,0,0,0,0,,,,50
15777171,0.5,0,0,0,0,0,0,0,0,0,8.52939224,8.08860207,0,0,0,0,178,0,0,0,0,,,,50
15778303,0.5,0,0,0,0,0,0,0,0,0,8.52939224,8.08860207,0,0,0,0,178,0,0,0,0,,,,50
15779634,0.5,0,0,0,0,0,0,0,0,0,8.53240585,8.08860207,0,0,0,0,178,0,0,0,0,,,,50
15780761,0.5,0,0,0,0,0,0,0,0,0,8.52939224,8.08649063,0,0,0,0,178,0,0,0,0,,,,50
15781889,0.5,0,0,0,0,0,0,0,0,0,8.52939224,8.08649063,0,0,0,0,178,0,0,0,0,,,,50
15783016,0.5,0,0,0,0,0,0,0,0,0,8.52939224,8.08860207,0,0,0,0,178,0,0,0,0,,,,50
15784142,0.5,0,0,0,0,0,0,0,0,0,8.52939224,8.08649063,0,0,0,0,178,0,0,0,0,,,,50
15785274,0.5,0,0,0,0,0,0,0,0,0,8.52939224,8.08860207,0,0,0,0,178,0,0,0,0,,,,50
15786401,0.5,0,0,0,0,0,0,0,0,0,8.52939224,8.08860207,0,0,0,0,178,0,0,0,0,,,,50
15787528,0.5,0,0,0,0,0,0,0,0,0,8.52939224,8.08860207,0,0,0,0,178,0,0,0,0,,,,50
15788655,0.5,0,0,0,0,0,0,0,0,0,8.53240585,8.08860207,0,0,0,0,178,0,0,0,0,,,,50
15789782,0.5,0,0,0,0,0,0,0,0,0,8.52939224,8.08860207,0,0,0,0,178,0,0,0,0,,,,50
15790914,0.5,0,0,0,0,0,0,0,0,0,8.52939224,8.08860207,0,0,0,0,178,0,0,0,0,,,,50
15792041,0.5,0,0,0,0,0,0,0,0,0,8.52939224,8.08649063,0,0,0,0,178,0,0,0,0,,,,50
15793168,0.5,0,0,0,0,0,0,0,0,0,8.52939224,8.08860207,0,0,0,0,178,0,0,0,0,,,,50
15794296,0.5,0,0,0,0,0,0,0,0,0,8.52939224,8.08649063,0,0,0,0,178,0,0,0,0,,,,50
15795423,0.5,0,0,0,0,0,0,0,0,0,8.52939224,8.08649063,0,0,0,0,178,0,0,0,0,,,,50
15796550,0.5,0,0,0,0,0,0,0,0,0,8.52939224,8.08860207,0,0,0,0,178,0,0,0,0,,,,50
15797682,0.5,0,0,0,0,0,0,0,0,0,8.53240585,8.08860207,0,0,0,0,178,0,0,0,0,,,,50
15798809,0.5,0,0,0,0,0,0,0,0,0,8.52939224,8.08860207,0,0,0,0,178,0,0,0,0,,,,50
15800141,0.5,0,0,0,0,0,0,0,0,0,8.53240585,8.08649063,0,0,0,0,178,0,0,0,0,,,,50
15801268,0.5,0,0,0,0,0,0,0,0,0,8.52939224,8.08860207,0,0,0,0,178,0,0,0,0,,,,50
15802395,0.5,0,0,0,0,0,0,0,0,0,8.52939224,8.08649063,0,0.00714798551,0,0,178,0,0,0,0,,,,50
15803527,0.5,0,0,0,0,0,0,0,0,0,8.52939224,8.08860207,0,0,0,0,178,0,0,0,0,,,,50
15804654,0.5,0,0,0,0,0,0,0,0,0,8.52939224,8.08860207,0,0,0,0,178,0,0,0,0,,,,50
15805782,0.5,0,0,0,0,0,0,0,0,0,8.52939224,8.08860207,0,0,0,0,178,0,0,0,0,,,,50
15806909,0.5,0,0,0,0,0,0,0,0,0,8.53240585,8.08860207,0,0,0,0,178,0,0,0,0,,,,50
15808036,0.5,0,0,0,0,0,0,0,0,0,8.52637863,8.08860207,0,0,0,0,178,0,0,0,0,,,,50
15809163,0.5,0,0,0,0,0,0,0,0,0,8.52939224,8.08649063,0,0,0,0,178,0,0,0,0,,,,50
15810295,0.5,0,0,0,0,0,0,0,0,0,8.52939224,8.08860207,0,0,0,0,178,0,0,0,0,,,,50
15811423,0.5,0,0,0,0,0,0,0,0,0,8.52939224,8.08860207,0,0,0,0,178,0,0,0,0,,,,50
15812550,0.5,0,0,0,0,0,0,0,0,0,8.52939224,8.08860207,0,0,0,0,178,0,0,0,0,,,,50
15813677,0.5,0,0,0,0,0,0,0,0,0,8.52939224,8.08860207,0,0,0,0,178,0,0,0,0,,,,50
15814805,0.5,0,0,0,0,0,0,0,0,0,8.52939224,8.08860207,0,0,0,0,178,0,0,0,0,,,,50
15815937,0.5,0,0,0,0,0,0,0,0,0,8.52939224,8.08860207,0,0,0,0,178,0,0,0,0,,,,50
15817064,0.5,0,0,0,0,0,0,0,0,0,8.52939224,8.08860207,0,0,0,0,178,0,0,0,0,,,,50
15818191,0.5,0,0,0,0,0,0,0,0,0,8.52939224,8.08860207,0,0,0,0,178,0,0,0,0,,,,50
15819319,0.5,0,0,0,0,0,0,0,0,0,8.52939224,8.08649063,0,0,0,0,178,0,0,0,0,,,,50
15820446,0.5,0,0,0,0,0,0,0,0,0,8.52939224,8.08860207,0,0,0,0,178,0,0,0,0,,,,50
15821777,0.5,0,0,0,0,0,0,0,0,0,8.53240585,8.08860207,0,0,0,0,178,0,0,0,0,,,,50
15822909,0.5,0,0,0,0,0,0,0,0,0,8.53240585,8.08860207,0,0,0,0,178,0,0,0,0,,,,50
15824037,0.5,0,0,0,0,0,0,0,0,0,8.52939224,8.08860207,0,0,0,0,178,0,0,0,0,,,,50
15825164,0.5,0,0,0,0,0,0,0,0,0,8.52939224,8.08860207,0,0,0,0,178,0,0,0,0,,,,50
15826291,0.5,0,0,0,0,0,0,0,0,0,8.52939224,8.08649063,0,0,0,0,178,0,0,0,0,,,,50
15827419,0.5,0,0,0,0,0,0,0,0,0,8.53240585,8.08649063,0,0,0,0,178,0,0,0,0,,,,50
15828546,0.5,0,0,0,0,0,0,0,0,0,8.52939224,8.08860207,0,0,0,0,178,0,0,0,0,,,,50
15829678,0.5,0,0,0,0,0,0,0,0,0,8.52939224,8.08860207,0,0,0,0,178,0,0,0,0,,,,50
15830805,0.5,0,0,0,0,0,0,0,0,0,8.52939224,8.08860207,0,0,0,0,178,0,0,0,0,,,,50
15831933,0.5,0,0,0,0,0,0,0,0,0,8.52939224,8.0907135,0,0,0,0,178,0,0,0,0,,,,50
15833060,0.5,0,0,0,0,0,0,0,0,0,8.52939224,8.08860207,0,0,0,0,178,0,0,0,0,,,,50
15834187,0.5,0,0,0,0,0,0,0,0,0,8.52939224,8.08860207,0,0,0,0,178,0,0,0,0,,,,50
15835319,0.5,0,0,0,0,0,0,0,0,0,8.53240585,8.08860207,0,0,0,0,178,0,0,0,0,,,,50
15836447,0.5,0,0,0,0,0,0,0,0,0,8.52939224,8.08649063,0,0,0,0,178,0,0,0,0,,,,50
15837574,0.5,0,0,0,0,0,0,0,0,0,8.53240585,8.08649063,0,0,0,0,178,0,0,0,0,,,,50
15838701,0.5,0,0,0,0,0,0,0,0,0,8.52939224,8.08649063,0,0,0,0,178,0,0,0,0,,,,50
15839828,0.5,0,0,0,0,0,0,0,0,0,8.52939224,8.08649063,0,0,0,0,178,0,0,0,0,,,,50
15840956,0.5,0,0,0,0,0,0,0,0,0,8.52939224,8.08860207,0,0,0,0,178,0,0,0,0,,,,50
15842292,0.5,0,0,0,0,0,0,0,0,0,8.52939224,8.08860207,0,0,0,0,178,0,0,0,0,,,,50
15843419,0.5,0,0,0,0,0,0,0,0,0,8.52939224,8.08860207,0,0,0,0,178,0,0,0,0,,,,50
15844546,0.5,0,0,0,0,0,0,0,0,0,8.52939224,8.08649063,0,0,0,0,178,0,0,0,0,,,,50
15845674,0.5,0,0,0,0,0,0,0,0,0,8.52939224,8.08860207,0,0,0,0,178,0,0,0,0,,,,50
15846801,0.5,0,0,0,0,0,0,0,0,0,8.52939224,8.08860207,0,0,0,0,178,0,0,0,0,,,,50
15847933,0.5,0,0,0,0,0,0,0,0,0,8.52939224,8.08860207,0,0,0,0,178,0,0,0,0,,,,50
15849060,0.5,0,0,0,0,0,0,0,0,0,8.52939224,8.08649063,0,0,0,0,178,0,0,0,0,,,,50
15850188,0.5,0,0,0,0,0,0,0,0,0,8.53240585,8.08860207,0,0,0,0,178,0,0,0,0,,,,50
15851315,0.5,0,0,0,0,0,0,0,0,0,8.52939224,8.08860207,0,0,0,0,178,0,0,0,0,,,,50
15852442,0.5,0,0,0,0,0,0,0,0,0,8.52939224,8.08649063,0,0,0,0,178,0,0,0,0,,,,50
15853570,0.5,0,0,0,0,0,0,0,0,0,8.52939224,8.08860207,0,0,0,0,178,0,0,0,0,,,,50
15854702,0.5,0,0,0,0,0,0,0,0,0,8.52939224,8.08860207,0,0,0,0,178,0,0,0,0,,,,50
15855829,0.5,0,0,0,0,0,0,0,0,0,8.52939224,8.08860207,0,0,0,0,178,0,0,0,0,,,,50
15856957,0.5,0,0,0,0,0,0,0,0,0,8.52939224,8.08860207,0,0,0,0,178,0,0,0,0,,,,50
15858084,0.5,0,0,0,0,0,0,0,0,0,8.52939224,8.08860207,0,0,0,0,178,0,0,0,0,,,,50
15859211,0.5,0,0,0,0,0,0,0,0,0,8.52939224,8.08860207,0,0,0,0,178,0,0,0,0,,,,50
15860343,0.5,0,0,0,0,0,0,0,0,0,8.52939224,8.08860207,0,0,0,0,178,0,0,0,0,,,,50
15861471,0.5,0,0,0,0,0,0,0,0,0,8.53240585,8.08860207,0,0,0,0,178,0,0,0,0,,,,50
15862802,0.5,0,0,0,0,0,0,0,0,0,8.52939224,8.08860207,0,0,0,0,178,0,0,0,0,,,,50
15863929,0.5,0,0,0,0,0,0,0,0,0,8.52939224,8.08860207,0,0,0,0,178,0,0,0,0,,,,50
15865056,0.5,0,0,0,0,0,0,0,0,0,8.52939224,8.08860207,0,0,0,0,178,0,0,0,0,,,,50
15866184,0.5,0,0,0,0,0,0,0,0,0,8.52939224,8.08860207,0,0,0,0,178,0,0,0,0,,,,50
15867316,0.5,0,0,0,0,0,0,0,0,0,8.52939224,8.08860207,0,0,0,0,178,0,0,0,0,,,,50
15868443,0.5,0,0,0,0,0,0,0,0,0,8.52939224,8.0907135,0,0,0,0,178,0,0,0,0,,,,50
15869570,0.5,0,0,0,0,0,0,0,0,0,8.53240585,8.08860207,0,0,0,0,178,0,0,0,0,,,,50
15870698,0.5,0,0,0,0,0,0,0,0,0,8.52939224,8.08860207,0,0,0,0,178,0,0,0,0,,,,50
15871825,0.5,0,0,0,0,0,0,0,0,0,8.52939224,8.08649063,0,0,0,0,178,0,0,0,0,,,,50
15872957,0.5,0,0,0,0,0,0,0,0,0,8.52939224,8.08860207,0,0,0,0,178,0,0,0,0,,,,50
15874084,0.5,0,0,0,0,0,0,0,0,0,8.52939224,8.08860207,0,0,0,0,178,0,0,0,0,,,,50
15875212,0.5,0,0,0,0,0,0,0,0,0,8.52939224,8.08860207,0,0,0,0,178,0,0,0,0,,,,50
15876339,0.5,0,0,0,0,0,0,0,0,0,8.52939224,8.08860207,0,0,0,0,178,0,0,0,0,,,,50
15877466,0.5,0,0,0,0,0,0,0,0,0,8.52939224,8.08860207,0,0,0,0,178,0,0,0,0,,,,50
15878594,0.5,0,0,0,0,0,0,0,0,0,8.52939224,8.08649063,0,0,0,0,178,0,0,0,0,,,,50
15879726,0.5,0,0,0,0,0,0,0,0,0,8.52939224,8.08860207,0,0,0,0,178,0,0,0,0,,,,50
15880853,0.5,0,0,0,0,0,0,0,0,0,8.52939224,8.08649063,0,0,0,0,178,0,0,0,0,,,,50
15881980,0.5,0,0,0,0,0,0,0,0,0,8.52939224,8.08860207,0,0,0,0,178,0,0,0,0,,,,50
15883107,0.5,0,0,0,0,0,0,0,0,0,8.52939224,8.08649063,0,0,0,0,178,0,0,0,0,,,,50
15884439,0.5,0,0,0,0,0,0,0,0,0,8.52939224,8.08860207,0,0,0,0,178,0,0,0,0,,,,50
15885566,0.5,0,0,0,0,0,0,0,0,0,8.53240585,8.08860207,0,0,0,0,178,0,0,0,0,,,,50
15886698,0.5,0,0,0,0,0,0,0,0,0,8.52939224,8.08860207,0,0,0,0,178,0,0,0,0,,,,50
15887825,0.5,0,0,0,0,0,0,0,0,0,8.52939224,8.08860207,0,0,0,0,178,0,0,0,0,,,,50
15888951,0.5,0,0,0,0,0,0,0,0,0,8.52939224,8.08860207,0,0,0,0,178,0,0,0,0,,,,50
15890079,0.5,0,0,0,0,0,0,0,0,0,8.52939224,8.08860207,0,0,0,0,178,0,0,0,0,,,,50
15891206,0.5,0,0,0,0,0,0,0,0,0,8.52939224,8.08649063,0,0,0,0,178,0,0,0,0,,,,50
15892338,0.5,0,0,0,0,0,0,0,0,0,8.52939224,8.08860207,0,0,0,0,178,0,0,0,0,,,,50
15893465,0.5,0,0,0,0,0,0,0,0,0,8.52939224,8.08860207,0,0,0,0,178,0,0,0,0,,,,50
15894592,0.5,0,0,0,0,0,0,0,0,0,8.52939224,8.08860207,0,0,0,0,178,0,0,0,0,,,,50
15895719,0.5,0,0,0,0,0,0,0,0,0,8.52939224,8.08860207,0,0,0,0,178,0,0,0,0,,,,50
15896847,0.5,0,0,0,0,0,0,0,0,0,8.52939224,8.08860207,0,0,0,0,178,0,0,0,0,,,,50
15897974,0.5,0,0,0,0,0,0,0,0,0,8.52939224,8.08860207,0,0,0,0,178,0,0,0,0,,,,50
15899106,0.5,0,0,0,0,0,0,0,0,0,8.52637863,8.08860207,0,0,0,0,178,0,0,0,0,,,,50
15900233,0.5,0,0,0,0,0,0,0,0,0,8.52939224,8.08860207,0,0,0,0,178,0,0,0,0,,,,50
15901361,0.5,0,0,0,0,0,0,0,0,0,8.53240585,8.08860207,0,0,0,0,178,0,0,0,0,,,,50
15902488,0.5,0,0,0,0,0,0,0,0,0,8.52939224,8.08860207,0,0,0,0,178,0,0,0,0,,,,50
15903615,0.5,0,0,0,0,0,0,0,0,0,8.52939224,8.08860207,0,0,0,0,178,0,0,0,0,,,,50
15904951,0.5,0,0,0,0,0,0,0,0,0,8.52939224,8.08860207,0,0,0,0,178,0,0,0,0,,,,50
15906078,0.5,0,0,0,0,0,0,0,0,0,8.53240585,8.08649063,0,0,0,0,178,0,0,0,0,,,,50
15907206,0.5,0,0,0,0,0,0,0,0,0,8.52939224,8.08860207,0,0,0,0,178,0,0,0,0,,,,50
15908333,0.5,0,0,0,0,0,0,0,0,0,8.52939224,8.08649063,0,0,0,0,178,0,0,0,0,,,,50
15909460,0.5,0,0,0,0,0,0,0,0,0,8.52939224,8.08860207,0,0,0,0,178,0,0,0,0,,,,50
15910588,0.5,0,0,0,0,0,0,0,0,0,8.53240585,8.08649063,0,0,0,0,178,0,0,0,0,,,,50
15911720,0.5,0,0,0,0,0,0,0,0,0,8.52939224,8.08860207,0,0,0,0,178,0,0,0,0,,,,50
15912847,0.5,0,0,0,0,0,0,0,0,0,8.52939224,8.08860207,0,0,0,0,178,0,0,0,0,,,,50
15913975,0.5,0,0,0,0,0,0,0,0,0,8.53240585,8.08860207,0,0,0,0,178,0,0,0,0,,,,50
15915102,0.5,0,0,0,0,0,0,0,0,0,8.52939224,8.08860207,0,0,0,0,178,0,0,0,0,,,,50
15916229,0.5,0,0,0,0,0,0,0,0,0,8.53240585,8.08860207,0,0,0,0,178,0,0,0,0,,,,50
15917361,0.5,0,0,0,0,0,0,0,0,0,8.53240585,8.08860207,0,0,0,0,178,0,0,0,0,,,,50
15918488,0.5,0,0,0,0,0,0,0,0,0,8.53240585,8.08860207,0,0,0,0,178,0,0,0,0,,,,50
15919616,0.5,0,0,0,0,0,0,0,0,0,8.52939224,8.08649063,0,0,0,0,178,0,0,0,0,,,,50
15920743,0.5,0,0,0,0,0,0,0,0,0,8.52939224,8.08649063,0,0,0,0,178,0,0,0,0,,,,50
15921870,0.5,0,0,0,0,0,0,0,0,0,8.52939224,8.08860207,0,0,0,0,178,0,0,0,0,,,,50
15922997,0.5,0,0,0,0,0,0,0,0,0,8.52939224,8.08860207,0,0,0,0,178,0,0,0,0,,,,50
15924129,0.5,0,0,0,0,0,0,0,0,0,8.52939224,8.08860207,0,0,0,0,178,0,0,0,0,,,,50
15925256,0.5,0,0,0,0,0,0,0,0,0,8.52939224,8.08860207,0,0,0,0,178,0,0,0,0,,,,50
15926588,0.5,0,0,0,0,0,0,0,0,0,8.52939224,8.08860207,0,0,0,0,178,0,0,0,0,,,,50
15927715,0.5,0,0,0,0,0,0,0,0,0,8.52939224,8.08860207,0,0,0,0,178,0,0,0,0,,,,50
15928843,0.5,0,0,0,0,0,0,0,0,0,8.52939224,8.08860207,0,0,0,0,178,0,0,0,0,,,,50
15929970,0.5,0,0,0,0,0,0,0,0,0,8.53240585,8.08860207,0,0,0,0,178,0,0,0,0,,,,50
15931102,0.5,0,0,0,0,0,0,0,0,0,8.53240585,8.08860207,0,0,0,0,178,0,0,0,0,,,,50
15932229,0.5,0,0,0,0,0,0,0,0,0,8.52939224,8.08860207,0,0,0,0,178,0,0,0,0,,,,50
15933356,0.5,0,0,0,0,0,0,0,0,0,8.52939224,8.08860207,0,0,0,0,178,0,0,0,0,,,,50
15934484,0.5,0,0,0,0,0,0,0,0,0,8.52939224,8.08860207,0,0,0,0,178,0,0,0,0,,,,50
15935611,0.5,0,0,0,0,0,0,0,0,0,8.52939224,8.08860207,0,0,0,0,178,0,0,0,0,,,,50
15936743,0.5,0,0,0,0,0,0,0,0,0,8.52939224,8.08860207,0,0,0,0,178,0,0,0,0,,,,50
15937871,0.5,0,0,0,0,0,0,0,0,0,8.52939224,8.08860207,0,0,0,0,178,0,0,0,0,,,,50
15938998,0.5,0,0,0,0,0,0,0,0,0,8.52939224,8.08649063,0,0,0,0,178,0,0,0,0,,,,50
15940125,0.5,0,0,0,0,0,0,0,0,0,8.52939224,8.08860207,0,0,0,0,178,0,0,0,0,,,,50
15941252,0.5,0,0,0,0,0,0,0,0,0,8.52939224,8.08860207,0,0,0,0,178,0,0,0,0,,,,50
15942380,0.5,0,0,0,0,0,0,0,0,0,8.52939224,8.08860207,0,0,0,0,178,0,0,0,0,,,,50
15943512,0.5,0,0,0,0,0,0,0,0,0,8.53240585,8.08860207,0,0,0,0,178,0,0,0,0,,,,50
15944639,0.5,0,0,0,0,0,0,0,0,0,8.52939224,8.08649063,0,0,0,0,178,0,0,0,0,,,,50
15945766,0.5,0,0,0,0,0,0,0,0,0,8.52939224,8.08860207,0,0,0,0,178,0,0,0,0,,,,50
15947097,0.5,0,0,0,0,0,0,0,0,0,8.52939224,8.08860207,0,0,0,0,178,0,0,0,0,,,,50
15948224,0.5,0,0,0,0,0,0,0,0,0,8.52939224,8.08649063,0,0,0,0,178,0,0,0,0,,,,50
15949357,0.5,0,0,0,0,0,0,0,0,0,8.52939224,8.08860207,0,0,0,0,178,0,0,0,0,,,,50
15950484,0.5,0,0,0,0,0,0,0,0,0,8.52939224,8.08860207,0,0,0,0,178,0,0,0,0,,,,50
15951611,0.5,0,0,0,0,0,0,0,0,0,8.52939224,8.08860207,0,0,0,0,178,0,0,0,0,,,,50
15952739,0.5,0,0,0,0,0,0,0,0,0,8.52939224,8.08860207,0,0,0,0,178,0,0,0,0,,,,50
15953866,0.5,0,0,0,0,0,0,0,0,0,8.52939224,8.08860207,0,0,0,0,178,0,0,0,0,,,,50
15954993,0.5,0,0,0,0,0,0,0,0,0,8.52939224,8.08860207,0,0,0,0,178,0,0,0,0,,,,50
15956125,0.5,0,0,0,0,0,0,0,0,0,8.52939224,8.08860207,0,0,0,0,178,0,0,0,0,,,,50
15957253,0.5,0,0,0,0,0,0,0,0,0,8.52939224,8.08860207,0,0,0,0,178,0,0,0,0,,,,50
15958380,0.5,0,0,0,0,0,0,0,0,0,8.53240585,8.08860207,0,0,0,0,178,0,0,0,0,,,,50
15959507,0.5,0,0,0,0,0,0,0,0,0,8.52939224,8.08649063,0,0,0,0,178,0,0,0,0,,,,50
15960634,0.5,0,0,0,0,0,0,0,0,0,8.52939224,8.08860207,0,0.00714798551,0,0,178,0,0,0,0,,,,50
15961766,0.5,0,0,0,0,0,0,0,0,0,8.52939224,8.08860207,0,0,0,0,178,0,0,0,0,,,,50
15962893,0.5,0,0,0,0,0,0,0,0,0,8.52939224,8.08860207,0,0,0,0,178,0,0,0,0,,,,50
15964020,0.5,0,0,0,0,0,0,0,0,0,8.52939224,8.08649063,0,0,0,0,178,0,0,0,0,,,,50
15965148,0.5,0,0,0,0,0,0,0,0,0,8.52939224,8.08860207,0,0,0,0,178,0,0,0,0,,,,50
15966275,0.5,0,0,0,0,0,0,0,0,0,8.53240585,8.0907135,0,0,0,0,178,0,0,0,0,,,,50
15967402,0.5,0,0,0,0,0,0,0,0,0,8.53240585,8.08860207,0,0,0,0,178,0,0,0,0,,,,50
15968738,0.5,0,0,0,0,0,0,0,0,0,8.52939224,8.08649063,0,0,0,0,178,0,0,0,0,,,,50
15969866,0.5,0,0,0,0,0,0,0,0,0,8.52637863,8.08860207,0,0,0,0,178,0,0,0,0,,,,50
15970993,0.5,0,0,0,0,0,0,0,0,0,8.53240585,8.08860207,0,0,0,0,178,0,0,0,0,,,,50
15972120,0.5,0,0,0,0,0,0,0,0,0,8.52939224,8.08860207,0,0,0,0,178,0,0,0,0,,,,50
15973248,0.5,0,0,0,0,0,0,0,0,0,8.52939224,8.08860207,0,0,0,0,178,0,0,0,0,,,,50
15974375,0.5,0,0,0,0,0,0,0,0,0,8.52939224,8.08649063,0,0,0,0,178,0,0,0,0,,,,50
15975507,0.5,0,0,0,0,0,0,0,0,0,8.52939224,8.08860207,0,0,0,0,178,0,0,0,0,,,,50
15976634,0.5,0,0,0,0,0,0,0,0.00454505486,0,8.52939224,8.08860207,0,0,0,0,178,0,0,0,0,,,,50
15977762,0.5,0,0,0,0,0,0,0,0,0,8.52939224,8.08860207,0,0,0,0,178,0,0,0,0,,,,50
15978889,0.5,0,0,0,0,0,0,0,0,0,8.52939224,8.08860207,0,0,0,0,178,0,0,0,0,,,,50
15980016,0.5,0,0,0,0,0,0,0,0,0,8.52939224,8.08860207,0,0,0,0,178,0,0,0,0,,,,50
15981149,0.5,0,0,0,0,0,0,0,0,0,8.52939224,8.08649063,0,0,0,0,178,0,0,0,0,,,,50
15982276,0.5,0,0,0,0,0,0,0,0,0,8.52939224,8.08860207,0,0,0,0,178,0,0,0,0,,,,50
15983403,0.5,0,0,0,0,0,0,0,0,0,8.52939224,8.08649063,0,0,0,0,178,0,0,0,0,,,,50
15984531,0.5,0,0,0,0,0,0,0,0,0,8.52939224,8.08860207,0,0,0,0,178,0,0,0,0,,,,50
15985658,0.5,0,0,0,0,0,0,0,0,0,8.52637863,8.08860207,0,0,0,0,178,0,0,0,0,,,,50
15986785,0.5,0,0,0,0,0,0,0,0,0,8.52939224,8.08649063,0,0,0,0,178,0,0,0,0,,,,50
15987917,0.5,0,0,0,0,0,0,0,0,0,8.52939224,8.08860207,0,0,0,0,178,0,0,0,0,,,,50
15989249,0.5,0,0,0,0,0,0,0,0,0,8.53240585,8.08649063,0,0,0,0,178,0,0,0,0,,,,50
15990376,0.5,0,0,0,0,0,0,0,0,0,8.52939224,8.08860207,0,0,0,0,178,0,0,0,0,,,,50
15991503,0.5,0,0,0,0,0,0,0,0,0,8.52939224,8.08860207,0,0,0,0,178,0,0,0,0,,,,50
15992631,0.5,0,0,0,0,0,0,0,0,0,8.52939224,8.08860207,0,0,0,0,178,0,0,0,0,,,,50
15993763,0.5,0,0,0,0,0,0,0,0,0,8.52939224,8.08860207,0,0,0,0,178,0,0,0,0,,,,50
15994890,0.5,0,0,0,0,0,0,0,0,0,8.52939224,8.0907135,0,0,0,0,178,0,0,0,0,,,,50
15996018,0.5,0,0,0,0,0,0,0,0,0,8.53240585,8.08860207,0,0,0,0,178,0,0,0,0,,,,50
15997145,0.5,0,0,0,0,0,0,0,0,0,8.52939224,8.08860207,0,0,0,0,178,0,0,0,0,,,,50
15998272,0.5,0,0,0,0,0,0,0,0,0,8.53240585,8.08860207,0,0,0,0,178,0,0,0,0,,,,50
15999400,0.5,0,0,0,0,0,0,0,0,0,8.52637863,8.08860207,0,0,0,0,178,0,0,0,0,,,,50
16000532,0.5,0,0,0,0,0,0,0,0,0,8.52939224,8.08860207,0,0,0,0,178,0,0,0,0,,,,50
16001659,0.5,0,0,0,0,0,0,0,0,0,8.52939224,8.08860207,0,0,0,0,178,0,0,0,0,,,,50
16002786,0.5,0,0,0,0,0,0,0,0,0,8.52939224,8.08649063,0,0,0,0,178,0,0,0,0,,,,50
16003914,0.5,0,0,0,0,0,0,0,0,0,8.52939224,8.08860207,0,0,0,0,178,0,0,0,0,,,,50
16005041,0.5,0,0,0,0,0,0,0,0,0,8.52939224,8.08649063,0,0,0,0,178,0,0,0,0,,,,50
16006173,0.5,0,0,0,0,0,0,0,0,0,8.52939224,8.08649063,0,0,0,0,178,0,0,0,0,,,,50
16007300,0.5,0,0,0,0,0,0,0,0,0,8.53240585,8.08860207,0,0,0,0,178,0,0,0,0,,,,50
16008428,0.5,0,0,0,0,0,0,0,0,0,8.52939224,8.08860207,0,0,0,0,178,0,0,0,0,,,,50
16009555,0.5,0,0,0,0,0,0,0,0,0,8.52939224,8.08860207,0,0,0,0,178,0,0,0,0,,,,50
16010886,0.5,0,0,0,0,0,0,0,0,0,8.52939224,8.08649063,0,0,0,0,178,0,0,0,0,,,,50
16012014,0.5,0,0,0,0,0,0,0,0,0,8.52939224,8.08860207,0,0.00714798551,0,0,178,0,0,0,0,,,,50
16013146,0.5,0,0,0,0,0,0,0,0,0,8.52939224,8.08860207,0,0,0,0,178,0,0,0,0,,,,50
16014273,0.5,0,0,0,0,0,0,0,0,0,8.52939224,8.08649063,0,0,0,0,178,0,0,0,0,,,,50
16015400,0.5,0,0,0,0,0,0,0,0,0,8.52939224,8.08649063,0,0,0,0,178,0,0,0,0,,,,50
16016528,0.5,0,0,0,0,0,0,0,0,0,8.52939224,8.08860207,0,0,0,0,178,0,0,0,0,,,,50
16017655,0.5,0,0,0,0,0,0,0,0,0,8.52939224,8.08860207,0,0,0,0,178,0,0,0,0,,,,50
16018787,0.5,0,0,0,0,0,0,0,0,0,8.52939224,8.08860207,0,0,0,0,178,0,0,0,0,,,,50
16019914,0.5,0,0,0,0,0,0,0,0,0,8.53240585,8.08860207,0,0,0,0,178,0,0,0,0,,,,50
16021042,0.5,0,0,0,0,0,0,0,0,0,8.52939224,8.08860207,0,0,0,0,178,0,0,0,0,,,,50
16022169,0.5,0,0,0,0,0,0,0,0,0,8.52939224,8.08860207,0,0,0,0,178,0,0,0,0,,,,50
16023296,0.5,0,0,0,0,0,0,0,0,0,8.52939224,8.08649063,0,0,0,0,178,0,0,0,0,,,,50
16024423,0.5,0,0,0,0,0,0,0,0,0,8.52939224,8.08860207,0,0,0,0,178,0,0,0,0,,,,50
16025555,0.5,0,0,0,0,0,0,0,0,0,8.53240585,8.08860207,0,0,0,0,178,0,0,0,0,,,,50
16026682,0.5,0,0,0,0,0,0,0,0,0,8.52939224,8.08649063,0,0,0,0,178,0,0,0,0,,,,50
16027809,0.5,0,0,0,0,0,0,0,0,0,8.52939224,8.08649063,0,0,0,0,178,0,0,0,0,,,,50
16028937,0.5,0,0,0,0,0,0,0,0,0,8.52939224,8.08860207,0,0,0,0,178,0,0,0,0,,,,50
16030064,0.5,0,0,0,0,0,0,0,0,0,8.52939224,8.08860207,0,0,0,0,178,0,0,0,0,,,,50
16031395,0.5,0,0,0,0,0,0,0,0,0,8.52939224,8.08860207,0,0,0,0,178,0,0,0,0,,,,50
16032527,0.5,0,0,0,0,0,0,0,0,0,8.53240585,8.08860207,0,0,0,0,178,0,0,0,0,,,,50
16033655,0.5,0,0,0,0,0,0,0,0,0,8.52939224,8.08860207,0,0,0,0,178,0,0,0,0,,,,50
16034782,0.5,0,0,0,0,0,0,0,0,0,8.52939224,8.08860207,0,0,0,0,178,0,0,0,0,,,,50
16035909,0.5,0,0,0,0,0,0,0,0,0,8.52939224,8.08649063,0,0,0,0,178,0,0,0,0,,,,50
16037036,0.5,0,0,0,0,0,0,0,0,0,8.52939224,8.08860207,0,0,0,0,178,0,0,0,0,,,,50
16038168,0.5,1,0,0,0.00805860758,0,0,0,0,0,8.52939224,8.08860207,0,0,0,0,178,0,0,0,0,,,,50
16039296,0.5,0,0,0,0,0,0,0,0,0,8.52939224,8.08649063,0,0,0,0,178,0,0,0,0,,,,50
16040423,0.5,0,0,0,0,0,0,0,0,0,8.52939224,8.08860207,0,0,0,0,178,0,0,0,0,,,,50
16041550,0.5,0,0,0,0,0,0,0,0,0,8.52939224,8.08649063,0,0,0,0,178,0,0,0,0,,,,50
16042678,0.5,0,0,0,0,0,0,0,0,0,8.52939224,8.08860207,0,0,0,0,178,0,0,0,0,,,,50
16043805,0.5,0,0,0,0,0,0,0,0,0,8.52939224,8.08649063,0,0,0,0,178,0,0,0,0,,,,50
16044937,0.5,0,0,0,0,0,0,0,0,0,8.52939224,8.08649063,0,0,0,0,178,0,0,0,0,,,,50
16046065,0.5,0,0,0,0,0,0,0,0,0,8.52939224,8.08649063,0,0,0,0,178,0,0,0,0,,,,50
16047192,0.5,0,0,0,0,0,0,0,0,0,8.52939224,8.08649063,0,0,0,0,178,0,0,0,0,,,,50
16048319,0.5,0,0,0,0,0,0,0,0,0,8.52939224,8.08860207,0,0,0,0,178,0,0,0,0,,,,50
16049447,0.5,0,0,0,0,0,0,0,0,0,8.52939224,8.08860207,0,0,0,0,178,0,0,0,0,,,,50
16050579,0.5,0,0,0,0,0,0,0,0,0,8.52939224,8.08649063,0,0,0,0,178,0,0,0,0,,,,50
16051910,0.5,0,0,0,0,0,0,0,0,0,8.52939224,8.0907135,0,0,0,0,178,0,0,0,0,,,,50
16053037,0.5,0,0,0,0,0,0,0,0,0,8.53240585,8.08860207,0,0,0,0,178,0,0,0,0,,,,50
16054165,0.5,0,0,0,0,0,0,0,0,0,8.52939224,8.08860207,0,0,0,0,178,0,0,0,0,,,,50
16055292,0.5,0,0,0,0,0,0,0,0,0,8.52939224,8.08860207,0,0,0,0,178,0,0,0,0,,,,50
16056419,0.5,0,0,0,0,0,0,0,0,0,8.52939224,8.08860207,0,0,0,0,178,0,0,0,0,,,,50
16057551,0.5,0,0,0,0,0,0,0,0,0,8.52939224,8.08860207,0,0,0,0,178,0,0,0,0,,,,50
16058679,0.5,0,0,0,0,0,0,0,0,0,8.52939224,8.08860207,0,0,0,0,178,0,0,0,0,,,,50
16059806,0.5,0,0,0,0,0,0,0,0,0,8.53240585,8.08860207,0,0,0,0,178,0,0,0,0,,,,50
16060933,0.5,0,0,0,0,0,0,0,0,0,8.52939224,8.08860207,0,0,0,0,178,0,0,0,0,,,,50
16062061,0.5,0,0,0,0,0,0,0,0,0,8.52939224,8.08860207,0,0,0,0,178,0,0,0,0,,,,50
16063193,0.5,0,0,0,0,0,0,0,0,0,8.52939224,8.08860207,0,0,0,0,178,0,0,0,0,,,,50
16064320,0.5,1,0,0,0.00805860758,0,0,0,0,0,8.52939224,8.08860207,0,0,0,0,178,0,0,0,0,,,,50
16065447,0.5,0,0,0,0,0,0,0,0,0,8.52637863,8.08860207,0,0,0,0,178,0,0,0,0,,,,50
16066575,0.5,0,0,0,0,0,0,0,0,0,8.52939224,8.08649063,0,0,0,0,178,0,0,0,0,,,,50
16067702,0.5,0,0,0,0,0,0,0,0,0,8.52939224,8.08649063,0,0,0,0,178,0,0,0,0,,,,50
16068829,0.5,0,0,0,0,0,0,0,0,0,8.52939224,8.08860207,0,0,0,0,178,0,0,0,0,,,,50
16069961,0.5,0,0,0,0,0,0,0,0,0,8.52939224,8.08860207,0,0,0,0,178,0,0,0,0,,,,50
16071088,0.5,0,0,0,0,0,0,0,0,0,8.53240585,8.08649063,0,0,0,0,178,0,0,0,0,,,,50
16072216,0.5,0,0,0,0,0,0,0,0,0,8.52939224,8.08860207,0,0,0,0,178,0,0,0,0,,,,50
16073547,0.5,0,0,0,0,0,0,0,0,0,8.52939224,8.08860207,0,0,0,0,178,0,0,0,0,,,,50
16074674,0.5,0,0,0,0,0,0,0,0,0,8.52637863,8.08860207,0,0,0,0,178,0,0,0,0,,,,50
16075801,0.5,0,0,0,0,0,0,0,0,0,8.52939224,8.08860207,0,0,0,0,178,0,0,0,0,,,,50
16076933,0.5,0,0,0,0,0,0,0,0,0,8.52939224,8.08860207,0,0,0,0,178,0,0,0,0,,,,50
16078061,0.5,0,0,0,0,0,0,0,0,0,8.52939224,8.08860207,0,0,0,0,178,0,0,0,0,,,,50
16079188,0.5,0,0,0,0,0,0,0,0,0,8.53240585,8.08860207,0,0,0,0,178,0,0,0,0,,,,50
16080315,0.5,0,0,0,0,0,0,0,0,0,8.52939224,8.08860207,0,0,0,0,178,0,0,0,0,,,,50
16081443,0.5,0,0,0,0,0,0,0,0,0,8.52939224,8.08649063,0,0,0,0,178,0,0,0,0,,,,50
16082575,0.5,0,0,0,0,0,0,0,0,0,8.52939224,8.08860207,0,0,0,0,178,0,0,0,0,,,,50
16083702,0.5,0,0,0,0,0,0,0,0,0,8.52939224,8.08860207,0,0,0,0,178,0,0,0,0,,,,50
16084829,0.5,0,0,0,0,0,0,0,0,0,8.52939224,8.08649063,0,0,0,0,178,0,0,0,0,,,,50
16085957,0.5,0,0,0,0,0,0,0,0,0,8.53240585,8.08860207,0,0,0,0,178,0,0,0,0,,,,50
16087084,0.5,0,0,0,0,0,0,0,0,0,8.53240585,8.08649063,0,0,0,0,178,0,0,0,0,,,,50
16088211,0.5,0,0,0,0,0,0,0,0,0,8.52637863,8.08649063,0,0,0,0,178,0,0,0,0,,,,50
16089344,0.5,0,0,0,0,0,0,0,0,0,8.52939224,8.08860207,0,0,0,0,178,0,0,0,0,,,,50
16090471,0.5,0,0,0,0,0,0,0,0,0,8.53240585,8.08860207,0,0,0,0,178,0,0,0,0,,,,50
16091598,0.5,0,0,0,0,0,0,0,0,0,8.52939224,8.08649063,0,0,0,0,178,0,0,0,0,,,,50
16092725,0.5,0,0,0,0,0,0,0,0,0,8.52939224,8.08860207,0,0,0,0,178,0,0,0,0,,,,50
16094057,0.5,0,0,0,0,0,0,0,0,0,8.52939224,8.08860207,0,0,0,0,178,0,0,0,0,,,,50
16095188,0.5,0,0,0,0,0,0,0,0,0,8.52939224,8.08860207,0,0,0,0,178,0,0,0,0,,,,50
16096315,0.5,0,0,0,0,0,0,0,0,0,8.52939224,8.08649063,0,0,0,0,178,0,0,0,0,,,,50
16097442,0.5,0,0,0,0,0,0,0,0,0,8.52939224,8.08649063,0,0,0,0,178,0,0,0,0,,,,50
16098570,0.5,0,0,0,0,0,0,0,0,0,8.52939224,8.08860207,0,0,0,0,178,0,0,0,0,,,,50
16099697,0.5,0,0,0,0,0,0,0,0,0,8.52939224,8.08860207,0,0,0,0,178,0,0,0,0,,,,50
16100824,0.5,0,0,0,0,0,0,0,0,0,8.52939224,8.08860207,0,0,0,0,178,0,0,0,0,,,,50
16101956,0.5,0,0,0,0,0,0,0,0,0,8.52939224,8.08649063,0,0,0,0,178,0,0,0,0,,,,50
16103083,0.5,0,0,0,0,0,0,0,0,0,8.52939224,8.08860207,0,0,0,0,178,0,0,0,0,,,,50
16104210,0.5,0,0,0,0,0,0,0,0,0,8.52939224,8.08860207,0,0,0,0,178,0,0,0,0,,,,50
16105337,0.5,0,0,0,0,0,0,0,0,0,8.52939224,8.08860207,0,0,0,0,178,0,0,0,0,,,,50
16106464,0.5,0,0,0,0,0,0,0,0,0,8.52939224,8.08860207,0,0,0,0,178,0,0,0,0,,,,50
16107596,0.5,0,0,0,0,0,0,0,0,0,8.52939224,8.0907135,0,0,0,0,178,0,0,0,0,,,,50
16108724,0.5,0,0,0,0,0,0,0,0,0,8.52939224,8.08860207,0,0,0,0,178,0,0,0,0,,,,50
16109851,0.5,0,0,0,0,0,0,0,0,0,8.52637863,8.08860207,0,0,0,0,178,0,0,0,0,,,,50
16110978,0.5,0,0,0,0,0,0,0,0,0,8.52939224,8.08649063,0,0,0,0,178,0,0,0,0,,,,50
16112106,0.5,0,0,0,0,0,0,0,0,0,8.52939224,8.08860207,0,0,0,0,178,0,0,0,0,,,,50
16113233,0.5,0,0,0,0,0,0,0,0,0,8.52939224,8.08860207,0,0,0,0,178,0,0,0,0,,,,50
16114365,0.5,0,0,0,0,0,0,0,0,0,8.52939224,8.08649063,0,0,0,0,178,0,0,0,0,,,,50
16115696,0.5,0,0,0,0,0,0,0,0,0,8.53240585,8.08649063,0,0,0,0,178,0,0,0,0,,,,50
16116824,0.5,0,0,0,0,0,0,0,0,0,8.52939224,8.08860207,0,0,0,0,178,0,0,0,0,,,,50
16117951,0.5,0,0,0,0,0,0,0,0,0,8.52939224,8.08860207,0,0,0,0,178,0,0,0,0,,,,50
16119078,0.5,0,0,0,0,0,0,0,0,0,8.52939224,8.08860207,0,0,0,0,178,0,0,0,0,,,,50
16120206,0.5,0,0,0,0,0,0,0,0,0,8.52939224,8.08649063,0,0,0,0,178,0,0,0,0,,,,50
16121338,0.5,0,0,0,0,0,0,0,0,0,8.52939224,8.08860207,0,0,0,0,178,0,0,0,0,,,,50
16122465,0.5,0,0,0,0,0,0,0,0,0,8.52939224,8.08860207,0,0,0,0,178,0,0,0,0,,,,50
16123592,0.5,0,0,0,0,0,0,0,0,0,8.52939224,8.08860207,0,0,0,0,178,0,0,0,0,,,,50
16124720,0.5,0,0,0,0,0,0,0,0.00454505486,0,8.53240585,8.08860207,0,0,0,0,178,0,0,0,0,,,,50
16125847,0.5,0,0,0,0,0,0,0,0,0,8.52637863,8.08649063,0,0,0,0,178,0,0,0,0,,,,50
16126979,0.5,0,0,0,0,0,0,0,0,0,8.52939224,8.08649063,0,0,0,0,178,0,0,0,0,,,,50
16128106,0.5,0,0,0,0,0,0,0,0,0,8.52939224,8.08860207,0,0,0,0,178,0,0,0,0,,,,50
16129234,0.5,0,0,0,0,0,0,0,0,0,8.53240585,8.08649063,0,0,0,0,178,0,0,0,0,,,,50
16130361,0.5,0,0,0,0,0,0,0,0,0,8.52939224,8.08860207,0,0,0,0,178,0,0,0,0,,,,50
16131488,0.5,0,0,0,0,0,0,0,0,0,8.52939224,8.08860207,0,0,0,0,178,0,0,0,0,,,,50
16132616,0.5,0,0,0,0,0,0,0,0,0,8.52637863,8.08860207,0,0,0,0,178,0,0,0,0,,,,50
16133748,0.5,0,0,0,0,0,0,0,0,0,8.52939224,8.08649063,0,0,0,0,178,0,0,0,0,,,,50
16134875,0.5,0,0,0,0,0,0,0,0,0,8.52939224,8.08860207,0,0,0,0,178,0,0,0,0,,,,50
16136206,0.5,0,0,0,0,0,0,0,0,0,8.52939224,8.08860207,0,0,0,0,178,0,0,0,0,,,,50
16137334,0.5,0,0,0,0,0,0,0,0,0,8.52939224,8.08860207,0,0,0,0,178,0,0,0,0,,,,50
16138461,0.5,0,0,0,0,0,0,0,0,0,8.52939224,8.08860207,0,0,0,0,178,0,0,0,0,,,,50
16139593,0.5,0,0,0,0,0,0,0,0,0,8.52939224,8.08860207,0,0,0,0,178,0,0,0,0,,,,50
16140721,0.5,0,0,0,0,0,0,0,0,0,8.52939224,8.08860207,0,0,0,0,178,0,0,0,0,,,,50
16141848,0.5,0,0,0,0,0,0,0,0,0,8.52939224,8.08860207,0.00714798551,0,0,0,178,0,0,0,0,,,,50
16142975,0.5,0,0,0,0,0,0,0,0,0,8.52939224,8.08860207,0,0,0,0,178,0,0,0,0,,,,50
16144103,0.5,0,0,0,0,0,0,0,0,0,8.52939224,8.08860207,0,0,0,0,178,0,0,0,0,,,,50
16145230,0.5,0,0,0,0,0,0,0,0,0,8.52939224,8.08860207,0,0,0,0,178,0,0,0,0,,,,50
16146362,0.5,0,0,0,0,0,0,0,0,0,8.52939224,8.08860207,0,0,0,0,178,0,0,0,0,,,,50
16147489,0.5,0,0,0,0,0,0,0,0,0,8.52939224,8.08860207,0,0,0,0,178,0,0,0,0,,,,50
16148617,0.5,0,0,0,0,0,0,0,0,0,8.52939224,8.08649063,0,0,0,0,178,0,0,0,0,,,,50
16149744,0.5,0,0,0,0,0,0,0,0,0,8.52939224,8.08649063,0,0,0,0,178,0,0,0,0,,,,50
16150871,0.5,0,0,0,0,0,0,0,0,0,8.52939224,8.08649063,0,0,0,0,178,0,0,0,0,,,,50
16152003,0.5,0,0,0,0,0,0,0,0,0,8.52637863,8.08649063,0,0,0,0,178,0,0,0,0,,,,50
16153131,0.5,0,0,0,0,0,0,0,0,0,8.52939224,8.08649063,0,0,0,0,178,0,0,0,0,,,,50
16154258,0.5,0,0,0,0,0,0,0,0,0,8.52637863,8.08649063,0,0.00714798551,0,0,178,0,0,0,0,,,,50
16155385,0.5,0,0,0,0,0,0,0,0,0,8.52637863,8.08860207,0,0,0,0,178,0,0,0,0,,,,50
16156513,0.5,0,0,0,0,0,0,0,0,0,8.52939224,8.08860207,0,0,0,0,178,0,0,0,0,,,,50
16157844,0.5,0,0,0,0,0,0,0,0,0,8.52637863,8.08860207,0,0,0,0,178,0,0,0,0,,,,50
16158976,0.5,0,0,0,0,0,0,0,0,0,8.52939224,8.08860207,0,0,0,0,178,0,0,0,0,,,,50
16160104,0.5,0,0,0,0,0,0,0,0,0,8.52939224,8.08649063,0,0,0,0,178,0,0,0,0,,,,50
16161231,0.5,0,0,0,0,0,0,0,0,0,8.52939224,8.08860207,0,0,0,0,178,0,0,0,0,,,,50
16162358,0.5,0,0,0,0,0,0,0,0,0,8.52939224,8.08649063,0,0,0,0,178,0,0,0,0,,,,50
16163486,0.5,0,0,0,0,0,0,0,0,0,8.52637863,8.08860207,0,0,0,0,178,0,0,0,0,,,,50
16164617,0.5,0,0,0,0,0,0,0,0,0,8.52939224,8.08649063,0,0,0,0,178,0,0,0,0,,,,50
16165745,0.5,0,0,0,0,0,0,0,0,0,8.52939224,8.08649063,0,0,0,0,178,0,0,0,0,,,,50
16166872,0.5,0,0,0,0,0,0,0,0,0,8.52939224,8.08860207,0,0,0,0,178,0,0,0,0,,,,50
16167999,0.5,0,0,0,0,0,0,0,0,0,8.52939224,8.08860207,0,0,0,0,178,0,0,0,0,,,,50
16169127,0.5,0,0,0,0,0,0,0,0,0,8.52939224,8.08860207,0,0,0,0,178,0,0,0,0,,,,50
16170254,0.5,0,0,0,0,0,0,0,0,0,8.52939224,8.08860207,0,0,0,0,178,0,0,0,0,,,,50
16171386,0.5,0,0,0,0,0,0,0,0,0,8.52637863,8.08860207,0,0,0,0,178,0,0,0,0,,,,50
16172514,0.5,0,0,0,0,0,0,0,0,0,8.52939224,8.08649063,0,0,0,0,178,0,0,0,0,,,,50
16173641,0.5,0,0,0,0,0,0,0,0,0,8.52939224,8.08860207,0,0,0,0,178,0,0,0,0,,,,50
16174768,0.5,0,0,0,0,0,0,0,0,0,8.52939224,8.08860207,0,0,0,0,178,0,0,0,0,,,,50
16175896,0.5,0,0,0,0,0,0,0,0,0,8.52939224,8.08860207,0,0,0,0,178,0,0,0,0,,,,50
16177023,0.5,0,0,0,0,0,0,0,0,0,8.52939224,8.08860207,0,0,0,0,178,0,0,0,0,,,,50
16178359,0.5,0,0,0,0,0,0,0,0,0,8.53240585,8.08860207,0,0,0,0,178,0,0,0,0,,,,50
16179486,0.5,0,0,0,0,0,0,0,0,0,8.52939224,8.08860207,0,0,0,0,178,0,0,0,0,,,,50
16180614,0.5,0,0,0,0,0,0,0,0,0,8.52939224,8.08860207,0,0,0,0,178,0,0,0,0,,,,50
16181741,0.5,0,0,0,0,0,0,0,0,0,8.52939224,8.08649063,0,0,0,0,178,0,0,0,0,,,,50
16182868,0.5,0,0,0,0,0,0,0,0,0,8.52939224,8.08649063,0,0,0,0,178,0,0,0,0,,,,50
16184000,0.5,0,0,0,0,0,0,0,0,0,8.52939224,8.08649063,0,0,0,0,178,0,0,0,0,,,,50
16185128,0.5,0,0,0,0,0,0,0,0,0,8.52939224,8.08860207,0,0,0,0,178,0,0,0,0,,,,50
16186255,0.5,0,0,0,0,0,0,0,0,0,8.52939224,8.08649063,0,0,0,0,178,0,0,0,0,,,,50
16187383,0.5,0,0,0,0,0,0,0,0,0,8.52939224,8.08860207,0,0,0,0,178,0,0,0,0,,,,50
16188510,0.5,0,0,0,0,0,0,0,0,0,8.52939224,8.08649063,0,0,0,0,178,0,0,0,0,,,,50
16189637,0.5,0,0,0,0,0,0,0,0,0,8.52939224,8.08649063,0,0,0,0,178,0,0,0,0,,,,50
16190769,0.5,0,0,0,0,0,0,0,0,0,8.52939224,8.08860207,0,0,0,0,178,0,0,0,0,,,,50
16191897,0.5,0,0,0,0,0,0,0,0,0,8.52939224,8.08860207,0,0,0,0,178,0,0,0,0,,,,50
16193024,0.5,0,0,0,0,0,0,0,0,0,8.52637863,8.08860207,0,0,0,0,178,0,0,0,0,,,,50
16194151,0.5,0,0,0,0,0,0,0,0,0,8.53240585,8.08860207,0,0,0,0,178,0,0,0,0,,,,50
16195279,0.5,0,0,0,0,0,0,0,0,0,8.52939224,8.08860207,0,0,0,0,178,0,0,0,0,,,,50
16196411,0.5,0,0,0,0,0,0,0,0,0,8.52939224,8.08860207,0,0,0,0,178,0,0,0,0,,,,50
16197538,0.5,0,0,0,0,0,0,0,0,0,8.52637863,8.08860207,0,0,0,0,178,0,0,0,0,,,,50
16198869,0.5,0,0,0,0,0,0,0,0,0,8.52939224,8.08860207,0,0,0,0,178,0,0,0,0,,,,50
16199996,0.5,0,0,0,0,0,0,0,0,0,8.52637863,8.08860207,0,0,0,0,178,0,0,0,0,,,,50
16201123,0.5,0,0,0,0,0,0,0,0,0,8.52939224,8.08649063,0,0,0,0,178,0,0,0,0,,,,50
16202250,0.5,0,0,0,0,0,0,0,0,0,8.52939224,8.08860207,0,0,0,0,178,0,0,0,0,,,,50
16203382,0.5,0,0,0,0,0,0,0,0,0,8.52939224,8.08860207,0,0,0,0,178,0,0,0,0,,,,50
16204509,0.5,0,0,0,0,0,0,0,0,0,8.52939224,8.08649063,0,0,0,0,178,0,0,0,0,,,,50
16205636,0.5,0,0,0,0,0,0,0,0,0,8.52939224,8.08860207,0,0,0,0,178,0,0,0,0,,,,50
16206763,0.5,0,0,0,0,0,0,0,0,0,8.53240585,8.08649063,0,0,0,0,178,0,0,0,0,,,,50
16207890,0.5,0,0,0,0,0,0,0,0,0,8.52939224,8.08649063,0,0,0,0,178,0,0,0,0,,,,50
16209022,0.5,0,0,0,0,0,0,0,0,0,8.52939224,8.08860207,0,0,0,0,178,0,0,0,0,,,,50
16210150,0.5,0,0,0,0,0,0,0,0,0,8.52939224,8.08860207,0,0,0,0,178,0,0,0,0,,,,50
16211277,0.5,0,0,0,0,0,0,0,0,0,8.52939224,8.08860207,0,0,0,0,178,0,0,0,0,,,,50
16212404,0.5,0,0,0,0,0,0,0,0,0,8.52939224,8.08860207,0,0,0,0,178,0,0,0,0,,,,50
16213531,0.5,0,0,0,0,0,0,0,0,0,8.52939224,8.08860207,0,0,0,0,178,0,0,0,0,,,,50
16214659,0.5,0,0,0,0,0,0,0,0,0,8.52939224,8.08649063,0,0,0,0,178,0,0,0,0,,,,50
16215791,0.5,0,0,0,0,0,0,0,0,0,8.53240585,8.08860207,0,0,0,0,178,0,0,0,0,,,,50
16216918,0.5,0,0,0,0,0,0,0,0,0,8.52939224,8.08860207,0,0,0,0,178,0,0,0,0,,,,50
16218045,0.5,0,0,0,0,0,0,0,0,0,8.52939224,8.08860207,0,0,0,0,178,0,0,0,0,,,,50
16219172,0.5,0,0,0,0,0,0,0,0,0,8.52939224,8.08860207,0,0,0,0,178,0,0,0,0,,,,50
16220504,0.5,0,0,0,0,0,0,0,0,0,8.52939224,8.08860207,0,0,0,0,178,0,0,0,0,,,,50
16221631,0.5,0,0,0,0,0,0,0,0,0,8.52939224,8.08860207,0,0,0,0,178,0,0,0,0,,,,50
16222763,0.5,0,0,0,0,0,0,0,0,0,8.52939224,8.08860207,0,0,0,0,178,0,0,0,0,,,,50
16223890,0.5,0,0,0,0,0,0,0,0,0,8.52939224,8.08860207,0,0,0,0,178,0,0,0,0,,,,50
16225018,0.5,0,0,0,0,0,0,0,0,0,8.52939224,8.08860207,0,0,0,0,178,0,0,0,0,,,,50
16226145,0.5,0,0,0,0,0,0,0,0,0,8.52939224,8.08649063,0,0,0,0,178,0,0,0,0,,,,50
16227272,0.5,0,0,0,0,0,0,0,0,0,8.52939224,8.08860207,0,0,0,0,178,0,0,0,0,,,,50
16228404,0.5,0,0,0,0,0,0,0,0,0,8.52939224,8.08860207,0,0,0,0,178,0,0,0,0,,,,50
16229532,0.5,0,0,0,0,0,0,0,0,0,8.52939224,8.08860207,0,0,0,0,178,0,0,0,0,,,,50
16230659,0.5,0,0,0,0,0,0,0,0,0,8.52939224,8.08649063,0,0,0,0,178,0,0,0,0,,,,50
16231786,0.5,0,0,0,0,0,0,0,0,0,8.52939224,8.08649063,0,0,0,0,178,0,0,0,0,,,,50
16232914,0.5,0,0,0,0,0,0,0,0,0,8.52939224,8.08860207,0,0,0,0,178,0,0,0,0,,,,50
16234041,0.5,0,0,0,0,0,0,0,0,0,8.52939224,8.08860207,0,0,0,0,178,0,0,0,0,,,,50
16235173,0.5,0,0,0,0,0,0,0,0,0,8.52939224,8.08649063,0,0,0,0,178,0,0,0,0,,,,50
16236300,0.5,0,0,0,0,0,0,0,0,0,8.52939224,8.08649063,0,0,0,0,178,0,0,0,0,,,,50
16237428,0.5,0,0,0,0,0,0,0,0,0,8.52939224,8.08860207,0,0,0,0,178,0,0,0,0,,,,50
16238555,0.5,0,0,0,0,0,0,0,0,0,8.52637863,8.08649063,0,0,0,0,178,0,0,0,0,,,,50
16239682,0.5,0,0,0,0,0,0,0,0,0,8.52939224,8.08649063,0,0,0,0,178,0,0,0,0,,,,50
16241018,0.5,0,0,0,0,0,0,0,0,0,8.52939224,8.08860207,0,0,0,0,178,0,0,0,0,,,,50
16242146,0.5,0,0,0,0,0,0,0,0,0,8.52939224,8.08860207,0,0,0,0,178,0,0,0,0,,,,50
16243273,0.5,0,0,0,0,0,0,0,0,0,8.52939224,8.08860207,0,0,0,0,178,0,0,0,0,,,,50
16244400,0.5,0,0,0,0,0,0,0,0,0,8.52939224,8.08860207,0,0,0,0,178,0,0,0,0,,,,50
16245528,0.5,0,0,0,0,0,0,0,0,0,8.52939224,8.08649063,0,0,0,0,178,0,0,0,0,,,,50
16246655,0.5,0,0,0,0,0,0,0,0,0,8.52939224,8.08649063,0,0,0,0,178,0,0,0,0,,,,50
16247787,0.5,0,0,0,0,0,0,0,0,0,8.52939224,8.08860207,0,0,0,0,178,0,0,0,0,,,,50
16248915,0.5,0,0,0,0,0,0,0,0,0,8.52637863,8.08649063,0,0,0,0,178,0,0,0,0,,,,50
16250042,0.5,0,0,0,0,0,0,0,0,0,8.53240585,8.08860207,0,0,0,0,178,0,0,0,0,,,,50
16251169,0.5,0,0,0,0,0,0,0,0,0,8.52637863,8.08860207,0,0,0,0,178,0,0,0,0,,,,50
16252297,0.5,0,0,0,0,0,0,0,0,0,8.52939224,8.08860207,0,0,0,0,178,0,0,0,0,,,,50
16253429,0.5,0,0,0,0,0,0,0,0,0,8.52939224,8.08860207,0,0,0,0,178,0,0,0,0,,,,50
16254556,0.5,0,0,0,0,0,0,0,0,0,8.52939224,8.08860207,0,0,0,0,178,0,0,0,0,,,,50
16255683,0.5,0,0,0,0,0,0,0,0,0,8.52939224,8.08860207,0,0,0,0,178,0,0,0,0,,,,50
16256811,0.5,0,0,0,0,0,0,0,0,0,8.52637863,8.08860207,0,0,0,0,178,0,0,0,0,,,,50
16257938,0.5,0,0,0,0,0,0,0,0,0,8.52637863,8.08860207,0,0,0,0,178,0,0,0,0,,,,50
16259065,0.5,0,0,0,0,0,0,0,0,0,8.52939224,8.08649063,0,0,0,0,178,0,0,0,0,,,,50
16260197,0.5,0,0,0,0,0,0,0,0,0,8.52939224,8.08860207,0,0,0,0,178,0,0,0,0,,,,50
16261325,0.5,0,0,0,0,0,0,0,0,0,8.52939224,8.08649063,0,0,0,0,178,0,0,0,0,,,,50
16262656,0.5,0,0,0,0,0,0,0,0,0,8.52939224,8.08860207,0,0,0,0,178,0,0,0,0,,,,50
16263784,0.5,0,0,0,0,0,0,0,0,0,8.52637863,8.08860207,0,0,0,0,178,0,0,0,0,,,,50
16264911,0.5,0,0,0,0,0,0,0,0,0,8.52939224,8.08860207,0,0,0,0,178,0,0,0,0,,,,50
16266038,0.5,0,0,0,0,0,0,0,0,0,8.52939224,8.08860207,0,0,0,0,178,0,0,0,0,,,,50
16267170,0.5,0,0,0,0,0,0,0,0,0,8.52939224,8.08649063,0,0,0,0,178,0,0,0,0,,,,50
16268297,0.5,0,0,0,0,0,0,0,0,0,8.52939224,8.08860207,0,0,0,0,178,0,0,0,0,,,,50
16269424,0.5,0,0,0,0,0,0,0,0,0,8.52939224,8.08860207,0,0,0,0,178,0,0,0,0,,,,50
16270552,0.5,0,0,0,0,0,0,0,0,0,8.52939224,8.08649063,0,0,0,0,178,0,0,0,0,,,,50
16271679,0.5,0,0,0,0,0,0,0,0,0,8.52939224,8.08649063,0,0,0,0,178,0,0,0,0,,,,50
16272811,0.5,0,0,0,0,0,0,0,0,0,8.52939224,8.08860207,0,0,0,0,178,0,0,0,0,,,,50
16273938,0.5,0,0,0,0,0,0,0,0,0,8.52637863,8.08860207,0,0,0,0,178,0,0,0,0,,,,50
16275065,0.5,0,0,0,0,0,0,0,0,0,8.53240585,8.08649063,0,0,0,0,178,0,0,0,0,,,,50
16276193,0.5,0,0,0,0,0,0,0,0,0,8.52939224,8.08860207,0,0,0,0,178,0,0,0,0,,,,50
16277320,0.5,0,0,0,0,0,0,0,0,0,8.52939224,8.08860207,0,0,0,0,178,0,0,0,0,,,,50
16278447,0.5,0,0,0,0,0,0,0,0,0,8.52939224,8.08860207,0,0,0,0,178,0,0,0,0,,,,50
16279579,0.5,0,0,0,0,0,0,0,0,0,8.52939224,8.08860207,0,0,0,0,178,0,0,0,0,,,,50
16280706,0.5,0,0,0,0,0,0,0,0,0,8.52637863,8.08649063,0,0.00714798551,0,0,178,0,0,0,0,,,,50
16281834,0.5,0,0,0,0,0,0,0,0,0,8.52939224,8.08649063,0,0,0,0,178,0,0,0,0,,,,50
16283165,0.5,0,0,0,0,0,0,0,0,0,8.52939224,8.08649063,0,0,0,0,178,0,0,0,0,,,,50
16284292,0.5,0,0,0,0,0,0,0,0,0,8.52939224,8.08860207,0,0,0,0,178,0,0,0,0,,,,50
16285424,0.5,0,0,0,0,0,0,0,0,0,8.53240585,8.08649063,0,0.00714798551,0,0,178,0,0,0,0,,,,50
16286551,0.5,0,0,0,0,0,0,0,0,0,8.53240585,8.0843792,0,0,0,0,178,0,0,0,0,,,,50
16287679,0.5,0,0,0,0,0,0,0,0,0,8.52939224,8.08860207,0,0,0,0,178,0,0,0,0,,,,50
16288806,0.5,0,0,0,0,0,0,0,0,0,8.52939224,8.08860207,0,0,0,0,178,0,0,0,0,,,,50
16289933,0.5,0,0,0,0,0,0,0,0,0,8.52939224,8.08860207,0,0,0,0,178,0,0,0,0,,,,50
16291061,0.5,0,0,0,0,0,0,0,0,0,8.53240585,8.08860207,0,0,0,0,178,0,0,0,0,,,,50
16292193,0.5,0,0,0,0,0,0,0,0,0,8.52939224,8.08649063,0,0,0,0,178,0,0,0,0,,,,50
16293320,0.5,0,0,0,0,0,0,0,0,0,8.52939224,8.08860207,0,0,0,0,178,0,0,0,0,,,,50
16294447,0.5,0,0,0,0,0,0,0,0,0,8.52939224,8.08860207,0,0,0,0,178,0,0,0,0,,,,50
16295575,0.5,0,0,0,0,0,0,0,0,0,8.52939224,8.08860207,0,0,0,0,178,0,0,0,0,,,,50
16296702,0.5,0,0,0,0,0,0,0,0,0,8.52637863,8.08860207,0,0,0,0,178,0,0,0,0,,,,50
16297834,0.5,0,0,0,0,0,0,0,0,0,8.52939224,8.08860207,0,0,0,0,178,0,0,0,0,,,,50
16298961,0.5,0,0,0,0,0,0,0,0,0,8.52939224,8.08649063,0,0,0,0,178,0,0,0,0,,,,50
16300089,0.5,0,0,0,0,0,0,0,0,0,8.52939224,8.08860207,0,0,0,0,178,0,0,0,0,,,,50
16301216,0.5,0,0,0,0,0,0,0,0,0,8.52939224,8.08860207,0,0,0,0,178,0,0,0,0,,,,50
16302343,0.5,0,0,0,0,0,0,0,0,0,8.53240585,8.08649063,0,0,0,0,178,0,0,0,0,,,,50
16303471,0.5,0,0,0,0,0,0,0,0,0,8.52939224,8.08860207,0,0,0,0,178,0,0,0,0,,,,50
16304807,0.5,0,0,0,0,0,0,0,0,0,8.52939224,8.08860207,0,0,0,0,178,0,0,0,0,,,,50
16305934,0.5,0,0,0,0,0,0,0,0,0,8.52637863,8.08860207,0,0,0,0,178,0,0,0,0,,,,50
16307062,0.5,0,0,0,0,0,0,0,0,0,8.52939224,8.08860207,0,0,0,0,178,0,0,0,0,,,,50
16308189,0.5,0,0,0,0,0,0,0,0,0,8.52939224,8.08649063,0,0,0,0,178,0,0,0,0,,,,50
16309316,0.5,0,0,0,0,0,0,0,0,0,8.52939224,8.08649063,0,0,0,0,178,0,0,0,0,,,,50
16310448,0.5,0,0,0,0,0,0,0,0,0,8.52939224,8.08860207,0,0,0,0,178,0,0,0,0,,,,50
16311575,0.5,0,0,0,0,0,0,0,0,0,8.52637863,8.08860207,0,0,0,0,178,0,0,0,0,,,,50
16312703,0.5,0,0,0,0,0,0,0,0,0,8.52939224,8.08649063,0,0,0,0,178,0,0,0,0,,,,50
16313830,0.5,0,0,0,0,0,0,0,0,0,8.52939224,8.0907135,0,0,0,0,178,0,0,0,0,,,,50
16314958,0.5,0,0,0,0,0,0,0,0,0,8.52939224,8.08860207,0,0,0,0,178,0,0,0,0,,,,50
16316085,0.5,0,0,0,0,0,0,0,0,0,8.52939224,8.08649063,0,0,0,0,178,0,0,0,0,,,,50
16317217,0.5,0,0,0,0,0,0,0,0,0,8.52939224,8.08860207,0,0,0,0,178,0,0,0,0,,,,50
16318344,0.5,0,0,0,0,0,0,0,0,0,8.52939224,8.08860207,0,0,0,0,178,0,0,0,0,,,,50
16319472,0.5,0,0,0,0,0,0,0,0,0,8.52939224,8.08860207,0,0,0,0,178,0,0,0,0,,,,50
16320599,0.5,0,0,0,0,0,0,0,0,0,8.52939224,8.08649063,0,0,0,0,178,0,0,0,0,,,,50
16321726,0.5,0,0,0,0,0,0,0,0,0,8.52939224,8.08860207,0,0,0,0,178,0,0,0,0,,,,50
16322854,0.5,0,0,0,0,0,0,0,0,0,8.52939224,8.08860207,0,0,0,0,178,0,0,0,0,,,,50
16323986,0.5,0,0,0,0,0,0,0,0,0,8.52939224,8.08860207,0,0,0,0,178,0,0,0,0,,,,50
16325317,0.5,0,0,0,0,0,0,0,0,0,8.52939224,8.08860207,0,0,0,0,178,0,0,0,0,,,,50
16326444,0.5,0,0,0,0,0,0,0,0,0,8.52939224,8.08860207,0,0,0,0,178,0,0,0,0,,,,50
16327572,0.5,0,0,0,0,0,0,0,0,0,8.52939224,8.08860207,0,0,0,0,178,0,0,0,0,,,,50
16328699,0.5,0,0,0,0,0,0,0,0,0,8.52939224,8.08649063,0,0,0,0,178,0,0,0,0,,,,50
16329831,0.5,0,0,0,0,0,0,0,0,0,8.52939224,8.08860207,0,0,0,0,178,0,0,0,0,,,,50
16330958,0.5,0,0,0,0,0,0,0,0,0,8.52939224,8.08649063,0,0,0,0,178,0,0,0,0,,,,50
16332086,0.5,0,0,0,0,0,0,0,0,0,8.53240585,8.08649063,0,0,0,0,178,0,0,0,0,,,,50
16333213,0.5,0,0,0,0,0,0,0,0,0,8.53240585,8.08860207,0,0,0,0,178,0,0,0,0,,,,50
16334340,0.5,0,0,0,0,0,0,0,0,0,8.52637863,8.08649063,0,0,0,0,178,0,0,0,0,,,,50
16335468,0.5,0,0,0,0,0,0,0,0,0,8.52939224,8.08649063,0,0,0,0,178,0,0,0,0,,,,50
16336600,0.5,0,0,0,0,0,0,0,0,0,8.52939224,8.08860207,0,0,0,0,178,0,0,0,0,,,,50
16337727,0.5,0,0,0,0,0,0,0,0,0,8.52939224,8.08649063,0,0,0,0,178,0,0,0,0,,,,50
16338854,0.5,0,0,0,0,0,0,0,0,0,8.52939224,8.08860207,0,0,0,0,178,0,0,0,0,,,,50
16339982,0.5,0,0,0,0,0,0,0,0,0,8.53240585,8.08649063,0,0,0,0,178,0,0,0,0,,,,50
16341109,0.5,0,0,0,0,0,0,0,0,0,8.52939224,8.08860207,0,0,0,0,178,0,0,0,0,,,,50
16342240,0.5,0,0,0,0,0,0,0,0,0,8.52939224,8.08649063,0,0,0,0,178,0,0,0,0,,,,50
16343368,0.5,0,0,0,0,0,0,0,0,0,8.52939224,8.08649063,0,0,0,0,178,0,0,0,0,,,,50
16344495,0.5,0,0,0,0,0,0,0,0,0,8.52939224,8.08860207,0,0,0,0,178,0,0,0,0,,,,50
16345826,0.5,0,0,0,0,0,0,0,0,0,8.52939224,8.08860207,0,0,0,0,178,0,0,0,0,,,,50
16346954,0.5,0,0,0,0,0,0,0,0,0,8.52939224,8.08860207,0,0,0,0,178,0,0,0,0,,,,50
16348081,0.5,0,0,0,0,0,0,0,0,0,8.52939224,8.08860207,0,0,0,0,178,0,0,0,0,,,,50
16349213,0.5,0,0,0,0,0,0,0,0,0,8.52939224,8.08860207,0,0,0,0,178,0,0,0,0,,,,50
16350341,0.5,0,0,0,0,0,0,0,0,0,8.52939224,8.08649063,0,0,0,0,178,0,0,0,0,,,,50
16351468,0.5,0,0,0,0,0,0,0,0,0,8.52939224,8.08860207,0,0,0,0,178,0,0,0,0,,,,50
16352595,0.5,0,0,0,0,0,0,0,0,0,8.52939224,8.08860207,0,0,0,0,178,0,0,0,0,,,,50
16353723,0.5,0,0,0,0,0,0,0,0,0,8.52939224,8.08649063,0,0,0,0,178,0,0,0,0,,,,50
16354855,0.5,0,0,0,0,0,0,0,0,0,8.52939224,8.08860207,0,0,0,0,178,0,0,0,0,,,,50
16355982,0.5,0,0,0,0,0,0,0,0,0,8.52939224,8.08860207,0,0,0,0,178,0,0,0,0,,,,50
16357109,0.5,0,0,0,0,0,0,0,0,0,8.52939224,8.08860207,0,0,0,0,178,0,0,0,0,,,,50
16358237,0.5,0,0,0,0,0,0,0,0,0,8.52939224,8.08860207,0,0,0,0,178,0,0,0,0,,,,50
16359364,0.5,0,0,0,0,0,0,0,0,0,8.52939224,8.08860207,0,0.00714798551,0,0,178,0,0,0,0,,,,50
16360491,0.5,0,0,0,0,0,0,0,0,0,8.52939224,8.08649063,0,0,0,0,178,0,0,0,0,,,,50
16361623,0.5,0,0,0,0,0,0,0,0,0,8.52939224,8.08860207,0,0,0,0,178,0,0,0,0,,,,50
16362751,0.5,0,0,0,0,0,0,0,0,0,8.52939224,8.08860207,0,0,0,0,178,0,0,0,0,,,,50
16363878,0.5,0,0,0,0,0,0,0,0,0,8.52939224,8.08649063,0,0,0,0,178,0,0,0,0,,,,50
16365005,0.5,0,0,0,0,0,0,0,0,0,8.52939224,8.08860207,0,0,0,0,178,0,0,0,0,,,,50
16366133,0.5,0,0,0,0,0,0,0,0,0,8.52939224,8.08860207,0,0,0,0,178,0,0,0,0,,,,50
16367464,0.5,0,0,0,0,0,0,0,0,0,8.52939224,8.08860207,0,0,0,0,178,0,0,0,0,,,,50
16368596,0.5,0,0,0,0,0,0,0,0,0,8.52939224,8.08860207,0,0,0,0,178,0,0,0,0,,,,50
16369723,0.5,0,0,0,0,0,0,0,0,0,8.52939224,8.08649063,0,0,0,0,178,0,0,0,0,,,,50
16370851,0.5,0,0,0,0,0,0,0,0,0,8.52939224,8.08649063,0,0,0,0,178,0,0,0,0,,,,50
16371978,0.5,1,0,0,0.00805860758,0,0,0,0,0,8.52939224,8.08649063,0,0,0,0,178,0,0,0,0,,,,50
16373105,0.5,0,0,0,0,0,0,0,0,0,8.52939224,8.08649063,0,0,0,0,178,0,0,0,0,,,,50
16374237,0.5,0,0,0,0,0,0,0,0,0,8.52939224,8.08860207,0,0,0,0,178,0,0,0,0,,,,50
16375364,0.5,0,0,0,0,0,0,0,0,0,8.52939224,8.08860207,0,0,0,0,178,0,0,0,0,,,,50
16376492,0.5,0,0,0,0,0,0,0,0,0,8.52939224,8.08860207,0,0,0,0,178,0,0,0,0,,,,50
16377619,0.5,0,0,0,0,0,0,0,0,0,8.52939224,8.08860207,0,0,0,0,178,0,0,0,0,,,,50
16378746,0.5,0,0,0,0,0,0,0,0,0,8.52939224,8.08860207,0,0,0,0,178,0,0,0,0,,,,50
16379874,0.5,0,0,0,0,0,0,0,0,0,8.52939224,8.08860207,0,0,0,0,178,0,0,0,0,,,,50
16381006,0.5,0,0,0,0,0,0,0,0,0,8.52939224,8.08649063,0,0,0,0,178,0,0,0,0,,,,50
16382133,0.5,0,0,0,0,0,0,0,0,0,8.52939224,8.08860207,0,0,0,0,178,0,0,0,0,,,,50
16383260,0.5,0,0,0,0,0,0,0,0,0,8.52939224,8.08860207,0,0,0,0,178,0,0,0,0,,,,50
16384388,0.5,0,0,0,0,0,0,0,0,0,8.52939224,8.08860207,0,0,0,0,178,0,0,0,0,,,,50
16385515,0.5,0,0,0,0,0,0,0,0,0,8.52939224,8.08860207,0,0,0,0,178,0,0,0,0,,,,50
16386647,0.5,0,0,0,0,0,0,0,0,0,8.52939224,8.08860207,0,0,0,0,178,0,0,0,0,,,,50
16387978,0.5,0,0,0,0,0,0,0,0,0,8.52637863,8.08860207,0,0,0,0,178,0,0,0,0,,,,50
16389105,0.5,0,0,0,0,0,0,0,0,0,8.52939224,8.08860207,0,0,0,0,178,0,0,0,0,,,,50
16390232,0.5,0,0,0,0,0,0,0,0,0,8.52939224,8.08860207,0,0,0,0,178,0,0,0,0,,,,50
16391360,0.5,0,0,0,0,0,0,0,0,0,8.53240585,8.08860207,0,0,0,0,178,0,0,0,0,,,,50
16392487,0.5,0,0,0,0,0,0,0,0,0,8.52939224,8.08649063,0,0,0,0,178,0,0,0,0,,,,50
16393619,0.5,0,0,0,0,0,0,0,0,0,8.52939224,8.08860207,0,0,0,0,178,0,0,0,0,,,,50
16394747,0.5,0,0,0,0,0,0,0,0,0,8.52939224,8.08860207,0,0,0,0,178,0,0,0,0,,,,50
16395874,0.5,0,0,0,0,0,0,0,0,0,8.52939224,8.08860207,0,0,0,0,178,0,0,0,0,,,,50
16397001,0.5,0,0,0,0,0,0,0,0,0,8.52939224,8.08860207,0,0,0,0,178,0,0,0,0,,,,50
16398128,0.5,0,0,0,0,0,0,0,0,0,8.52939224,8.08860207,0,0,0,0,178,0,0,0,0,,,,50
16399260,0.5,0,0,0,0,0,0,0,0,0,8.52939224,8.08860207,0,0,0,0,178,0,0,0,0,,,,50
16400388,0.5,0,0,0,0,0,0,0,0,0,8.52939224,8.08649063,0,0,0,0,178,0,0,0,0,,,,50
16401515,0.5,0,0,0,0,0,0,0,0,0,8.52939224,8.08860207,0,0,0,0,178,0,0,0,0,,,,50
16402642,0.5,0,0,0,0,0,0,0,0,0,8.52637863,8.08860207,0,0,0,0,178,0,0,0,0,,,,50
16403769,0.5,0,0,0,0,0,0,0,0,0,8.52939224,8.08860207,0,0,0,0,178,0,0,0,0,,,,50
16404897,0.5,0,0,0,0,0,0,0,0,0,8.52939224,8.08860207,0,0,0,0,178,0,0,0,0,,,,50
16406028,0.5,0,0,0,0,0,0,0,0,0,8.52939224,8.08860207,0,0,0,0,178,0,0,0,0,,,,50
16407155,0.5,0,0,0,0,0,0,0,0,0,8.52939224,8.08860207,0,0,0,0,178,0,0,0,0,,,,50
16408283,0.5,0,0,0,0,0,0,0,0,0,8.52939224,8.08649063,0,0,0,0,178,0,0,0,0,,,,50
16409614,0.5,0,0,0,0,0,0,0,0,0,8.52939224,8.08860207,0,0,0,0,178,0,0,0,0,,,,50
16410741,0.5,0,0,0,0,0,0,0,0,0,8.52939224,8.08649063,0,0,0,0,178,0,0,0,0,,,,50
16411869,0.5,0,0,0,0,0,0,0,0,0,8.52939224,8.08860207,0,0,0,0,178,0,0,0,0,,,,50
16413001,0.5,0,0,0,0,0,0,0,0,0,8.52939224,8.08860207,0,0,0,0,178,0,0,0,0,,,,50
16414128,0.5,0,0,0,0,0,0,0,0,0,8.52939224,8.08860207,0,0,0,0,178,0,0,0,0,,,,50
16415255,0.5,0,0,0,0,0,0,0,0,0,8.52637863,8.08860207,0,0,0,0,178,0,0,0,0,,,,50
16416383,0.5,0,0,0,0,0,0,0,0,0,8.52939224,8.08860207,0,0,0,0,178,0,0,0,0,,,,50
16417510,0.5,0,0,0,0,0,0,0,0,0,8.52939224,8.08860207,0,0,0,0,178,0,0,0,0,,,,50
16418642,0.5,0,0,0,0,0,0,0,0,0,8.52939224,8.08860207,0,0,0,0,178,0,0,0,0,,,,50
16419769,0.5,0,0,0,0,0,0,0,0,0,8.53240585,8.08860207,0,0,0,0,178,0,0,0,0,,,,50
16420896,0.5,0,0,0,0,0,0,0,0,0,8.52939224,8.08649063,0,0,0,0,178,0,0,0,0,,,,50
16422024,0.5,0,0,0,0,0,0,0,0,0,8.52939224,8.08860207,0,0,0,0,178,0,0,0,0,,,,50
16423151,0.5,0,0,0,0,0,0,0,0,0,8.52939224,8.08649063,0,0,0,0,178,0,0,0,0,,,,50
16424278,0.5,0,0,0,0,0,0,0,0,0,8.52939224,8.08649063,0,0,0,0,178,0,0,0,0,,,,50
16425410,0.5,0,0,0,0,0,0,0,0,0,8.52939224,8.08860207,0,0,0,0,178,0,0,0,0,,,,50
16426537,0.5,0,0,0,0,0,0,0,0,0,8.52939224,8.08649063,0,0,0,0,178,0,0,0,0,,,,50
16427665,0.5,0,0,0,0,0,0,0,0,0,8.52939224,8.08860207,0,0,0,0,178,0,0,0,0,,,,50
16428792,0.5,0,0,0,0,0,0,0,0,0,8.52939224,8.08649063,0,0,0,0,178,0,0,0,0,,,,50
16430123,0.5,0,0,0,0,0,0,0,0,0,8.52939224,8.08860207,0,0,0,0,178,0,0,0,0,,,,50
16431255,0.5,0,0,0,0,0,0,0,0,0,8.52939224,8.08649063,0,0,0,0,178,0,0,0,0,,,,50
16432383,0.5,0,0,0,0,0,0,0,0,0,8.52939224,8.08860207,0,0,0,0,178,0,0,0,0,,,,50
16433510,0.5,0,0,0,0,0,0,0,0,0,8.52939224,8.08649063,0,0,0,0,178,0,0,0,0,,,,50
16434637,0.5,0,0,0,0,0,0,0,0,0,8.52939224,8.08860207,0,0,0,0,178,0,0,0,0,,,,50
16435765,0.5,0,0,0,0,0,0,0,0,0,8.52939224,8.08860207,0,0,0,0,178,0,0,0,0,,,,50
16436892,0.5,0,0,0,0,0,0,0,0,0,8.52939224,8.08860207,0,0,0,0,178,0,0,0,0,,,,50
16438024,0.5,0,0,0,0,0,0,0,0,0,8.52939224,8.08860207,0,0,0,0,178,0,0,0,0,,,,50
16439151,0.5,0,0,0,0,0,0,0,0,0,8.52939224,8.08860207,0,0,0,0,178,0,0,0,0,,,,50
16440279,0.5,0,0,0,0,0,0,0,0,0,8.52939224,8.08649063,0,0,0,0,178,0,0,0,0,,,,50
16441406,0.5,0,0,0,0,0,0,0,0,0,8.53240585,8.08860207,0,0,0,0,178,0,0,0,0,,,,50
16442533,0.5,0,0,0,0,0,0,0,0,0,8.52637863,8.08860207,0,0,0,0,178,0,0,0,0,,,,50
16443665,0.5,0,0,0,0,0,0,0,0,0,8.52939224,8.08860207,0,0,0,0,178,0,0,0,0,,,,50
16444793,0.5,0,0,0,0,0,0,0,0,0,8.52939224,8.08860207,0,0,0,0,178,0,0,0,0,,,,50
16445920,0.5,0,0,0,0,0,0,0,0,0,8.52939224,8.08860207,0,0,0,0,178,0,0,0,0,,,,50
16447047,0.5,0,0,0,0,0,0,0,0,0,8.52939224,8.08860207,0,0,0,0,178,0,0,0,0,,,,50
16448175,0.5,0,0,0,0,0,0,0,0,0,8.52939224,8.08860207,0,0,0,0,178,0,0,0,0,,,,50
16449302,0.5,0,0,0,0,0,0,0,0,0,8.52939224,8.08649063,0,0,0,0,178,0,0,0,0,,,,50
16450434,0.5,0,0,0,0,0,0,0,0,0,8.52939224,8.08860207,0,0,0,0,178,0,0,0,0,,,,50
16451766,0.5,0,0,0,0,0,0,0,0,0,8.52939224,8.08860207,0,0,0,0,178,0,0,0,0,,,,50
16452893,0.5,0,0,0,0,0,0,0,0,0,8.52939224,8.0907135,0,0,0,0,178,0,0,0,0,,,,50
16454020,0.5,0,0,0,0,0,0,0,0,0,8.53240585,8.08860207,0,0,0,0,178,0,0,0,0,,,,50
16455148,0.5,0,0,0,0,0,0,0,0,0,8.52939224,8.08860207,0,0,0,0,178,0,0,0,0,,,,50
16456280,0.5,0,0,0,0,0,0,0,0,0,8.52939224,8.08860207,0,0,0,0,178,0,0,0,0,,,,50
16457407,0.5,0,0,0,0,0,0,0,0,0,8.52939224,8.08649063,0,0,0,0,178,0,0,0,0,,,,50
16458534,0.5,0,0,0,0,0,0,0,0,0,8.52939224,8.08649063,0,0,0,0,178,0,0,0,0,,,,50
16459662,0.5,0,0,0,0,0,0,0,0,0,8.52939224,8.08860207,0,0,0,0,178,0,0,0,0,,,,50
16460789,0.5,0,0,0,0,0,0,0,0,0,8.52939224,8.08649063,0,0,0,0,178,0,0,0,0,,,,50
16461916,0.5,0,0,0,0,0,0,0,0,0,8.52637863,8.08860207,0,0,0,0,178,0,0,0,0,,,,50
16463048,0.5,0,0,0,0,0,0,0,0,0,8.52939224,8.08860207,0,0,0,0,178,0,0,0,0,,,,50
16464176,0.5,0,0,0,0,0,0,0,0,0,8.52939224,8.08860207,0,0,0,0,178,0,0,0,0,,,,50
16465303,0.5,0,0,0,0,0,0,0,0,0,8.52939224,8.08860207,0,0,0,0,178,0,0,0,0,,,,50
16466430,0.5,0,0,0,0,0,0,0,0,0,8.52939224,8.08860207,0,0,0,0,178,0,0,0,0,,,,50
16467558,0.5,0,0,0,0,0,0,0,0,0,8.52939224,8.08860207,0,0,0,0,178,0,0,0,0,,,,50
16468685,0.5,0,0,0,0,0,0,0,0,0,8.52939224,8.08649063,0,0,0,0,178,0,0,0,0,,,,50
16469817,0.5,0,0,0,0,0,0,0,0,0,8.52939224,8.08860207,0,0,0,0,178,0,0,0,0,,,,50
16470944,0.5,0,0,0,0,0,0,0,0,0,8.53240585,8.08649063,0,0.00714798551,0,0,178,0,0,0,0,,,,50
16472275,0.5,0,0,0,0,0,0,0,0,0,8.52939224,8.08860207,0,0,0,0,178,0,0,0,0,,,,50
16473402,0.5,0,0,0,0,0,0,0,0,0,8.52939224,8.08860207,0,0,0,0,178,0,0,0,0,,,,50
16474529,0.5,0,0,0,0,0,0,0,0,0,8.52939224,8.08860207,0,0,0,0,178,0,0,0,0,,,,50
16475661,0.5,0,0,0,0,0,0,0,0,0,8.52939224,8.08860207,0,0,0,0,178,0,0,0,0,,,,50
16476788,0.5,0,0,0,0,0,0,0,0,0,8.52939224,8.08860207,0,0,0,0,178,0,0,0,0,,,,50
16477915,0.5,0,0,0,0,0,0,0,0,0,8.52939224,8.0907135,0,0,0,0,178,0,0,0,0,,,,50
16479043,0.5,0,0,0,0,0,0,0,0,0,8.52939224,8.08649063,0,0,0,0,178,0,0,0,0,,,,50
16480170,0.5,0,0,0,0,0,0,0,0,0,8.52939224,8.08860207,0,0,0,0,178,0,0,0,0,,,,50
16481297,0.5,0,0,0,0,0,0,0,0,0,8.52939224,8.08649063,0,0,0,0,178,0,0,0,0,,,,50
16482429,0.5,0,0,0,0,0,0,0,0,0,8.52939224,8.08860207,0,0,0,0,178,0,0,0,0,,,,50
16483556,0.5,0,0,0,0,0,0,0,0,0,8.52939224,8.08649063,0,0,0,0,178,0,0,0,0,,,,50
16484684,0.5,0,0,0,0,0,0,0,0,0,8.52939224,8.08860207,0,0,0,0,178,0,0,0,0,,,,50
16485811,0.5,0,0,0,0,0,0,0,0,0,8.53240585,8.08649063,0,0,0,0,178,0,0,0,0,,,,50
16486938,0.5,0,0,0,0,0,0,0,0,0,8.52939224,8.08860207,0,0,0,0,178,0,0,0,0,,,,50
16488070,0.5,0,0,0,0,0,0,0,0,0,8.52939224,8.08860207,0,0,0,0,178,0,0,0,0,,,,50
16489197,0.5,0,0,0,0,0,0,0,0,0,8.52939224,8.08860207,0,0,0,0,178,0,0,0,0,,,,50
16490325,0.5,0,0,0,0,0,0,0,0,0,8.52939224,8.08860207,0,0,0,0,178,0,0,0,0,,,,50
16491452,0.5,0,0,0,0,0,0,0,0,0,8.52939224,8.08860207,0,0,0,0,178,0,0,0,0,,,,50
16492783,0.5,0,0,0,0,0,0,0,0,0,8.52939224,8.08649063,0,0,0,0,178,0,0,0,0,,,,50
16493911,0.5,0,0,0,0,0,0,0,0.00454505486,0,8.52939224,8.08860207,0,0,0,0,178,0,0,0,0,,,,50
16495043,0.5,0,0,0,0,0,0,0,0,0,8.53240585,8.08860207,0,0,0,0,178,0,0,0,0,,,,50
16496170,0.5,0,0,0,0,0,0,0,0,0,8.52939224,8.08860207,0,0,0,0,178,0,0,0,0,,,,50
16497297,0.5,0,0,0,0,0,0,0,0,0,8.53240585,8.08860207,0,0,0,0,178,0,0,0,0,,,,50
16498424,0.5,0,0,0,0,0,0,0,0,0,8.52939224,8.08860207,0,0,0,0,178,0,0,0,0,,,,50
16499552,0.5,0,0,0,0,0,0,0,0,0,8.52939224,8.08860207,0,0,0,0,178,0,0,0,0,,,,50
16500684,0.5,0,0,0,0,0,0,0,0,0,8.52939224,8.08860207,0,0,0,0,178,0,0,0,0,,,,50
16501811,0.5,0,0,0,0,0,0,0,0,0,8.52939224,8.08860207,0,0,0,0,178,0,0,0,0,,,,50
16502939,0.5,0,0,0,0,0,0,0,0,0,8.52637863,8.08649063,0,0,0,0,178,0,0,0,0,,,,50
16504066,0.5,0,0,0,0,0,0,0,0,0,8.52939224,8.08860207,0,0,0,0,178,0,0,0,0,,,,50
16505193,0.5,0,0,0,0,0,0,0,0,0,8.52939224,8.08860207,0,0,0,0,178,0,0,0,0,,,,50
16506321,0.5,0,0,0,0,0,0,0,0,0,8.52939224,8.08860207,0,0,0,0,178,0,0,0,0,,,,50
16507453,0.5,0,0,0,0,0,0,0,0,0,8.52939224,8.08860207,0,0,0,0,178,0,0,0,0,,,,50
16508580,0.5,0,0,0,0,0,0,0,0,0,8.52939224,8.08860207,0,0,0,0,178,0,0,0,0,,,,50
16509707,0.5,0,0,0,0,0,0,0,0,0,8.52637863,8.08649063,0,0,0,0,178,0,0,0,0,,,,50
16510834,0.5,0,0,0,0,0,0,0,0,0,8.52939224,8.08860207,0,0,0,0,178,0,0,0,0,,,,50
16511961,0.5,0,0,0,0,0,0,0,0,0,8.52939224,8.08860207,0,0,0,0,178,0,0,0,0,,,,50
16513088,0.5,0,0,0,0,0,0,0,0,0,8.53240585,8.08860207,0,0,0,0,178,0,0,0,0,,,,50
16514425,0.5,0,0,0,0,0,0,0,0,0,8.52939224,8.08860207,0,0,0,0,178,0,0,0,0,,,,50
16515552,0.5,0,0,0,0,0,0,0,0,0,8.52939224,8.08860207,0,0,0,0,178,0,0,0,0,,,,50
16516679,0.5,0,0,0,0,0,0,0,0,0,8.52939224,8.08860207,0,0,0,0,178,0,0,0,0,,,,50
16517806,0.5,0,0,0,0,0,0,0,0,0,8.52939224,8.08649063,0,0,0,0,178,0,0,0,0,,,,50
16518933,0.5,0,0,0,0,0,0,0,0,0,8.52939224,8.08860207,0,0,0,0,178,0,0,0,0,,,,50
16520065,0.5,0,0,0,0,0,0,0,0,0,8.52939224,8.08860207,0,0,0,0,178,0,0,0,0,,,,50
16521193,0.5,0,0,0,0,0,0,0,0,0,8.52939224,8.08649063,0,0,0,0,178,0,0,0,0,,,,50
16522320,0.5,0,0,0,0,0,0,0,0,0,8.52939224,8.08860207,0,0,0,0,178,0,0,0,0,,,,50
16523447,0.5,0,0,0,0,0,0,0,0,0,8.52939224,8.08860207,0,0,0,0,178,0,0,0,0,,,,50
16524574,0.5,0,0,0,0,0,0,0,0,0,8.52939224,8.08860207,0,0,0,0,178,0,0,0,0,,,,50
16525702,0.5,0,0,0,0,0,0,0,0,0,8.52939224,8.08649063,0,0,0,0,178,0,0,0,0,,,,50
16526834,0.5,0,0,0,0,0,0,0,0,0,8.52939224,8.08649063,0,0,0,0,178,0,0,0,0,,,,50
16527961,0.5,1,0,0,0.00805860758,0,0,0,0,0,8.52939224,8.08860207,0,0,0,0,178,0,0,0,0,,,,50
16529089,0.5,0,0,0,0,0,0,0,0,0,8.52939224,8.08860207,0,0,0,0,178,0,0,0,0,,,,50
16530216,0.5,0,0,0,0,0,0,0,0,0,8.52637863,8.08860207,0,0,0,0,178,0,0,0,0,,,,50
16531343,0.5,0,0,0,0,0,0,0,0,0,8.52939224,8.08649063,0,0,0,0,178,0,0,0,0,,,,50
16532475,0.5,0,0,0,0,0,0,0,0,0,8.52939224,8.08860207,0,0,0,0,178,0,0,0,0,,,,50
16533603,0.5,0,0,0,0,0,0,0,0,0,8.52939224,8.08860207,0,0,0,0,178,0,0,0,0,,,,50
16534934,0.5,0,0,0,0,0,0,0,0,0,8.52939224,8.08860207,0,0,0,0,178,0,0,0,0,,,,50
16536061,0.5,0,0,0,0,0,0,0,0,0,8.52939224,8.08860207,0,0,0,0,178,0,0,0,0,,,,50
16537188,0.5,0,0,0,0,0,0,0,0,0,8.52939224,8.08649063,0,0,0,0,178,0,0,0,0,,,,50
16538316,0.5,0,0,0,0,0,0,0,0,0,8.52939224,8.08860207,0,0,0,0,178,0,0,0,0,,,,50
16539448,0.5,0,0,0,0,0,0,0,0,0,8.52939224,8.08860207,0,0,0,0,178,0,0,0,0,,,,50
16540575,0.5,0,0,0,0,0,0,0,0,0,8.52939224,8.08649063,0,0,0,0,178,0,0,0,0,,,,50
16541702,0.5,0,0,0,0,0,0,0,0,0,8.52939224,8.08649063,0,0,0,0,178,0,0,0,0,,,,50
16542830,0.5,0,0,0,0,0,0,0,0,0,8.52939224,8.08860207,0,0,0,0,178,0,0,0,0,,,,50
16543957,0.5,0,0,0,0,0,0,0,0,0,8.52939224,8.08860207,0,0,0,0,178,0,0,0,0,,,,50
16545089,0.5,0,0,0,0,0,0,0,0,0,8.53240585,8.08860207,0,0,0,0,178,0,0,0,0,,,,50
16546217,0.5,0,0,0,0,0,0,0,0,0,8.52939224,8.08649063,0,0,0,0,178,0,0,0,0,,,,50
16547344,0.5,0,0,0,0,0,0,0,0,0,8.53240585,8.08860207,0,0,0,0,178,0,0,0,0,,,,50
16548471,0.5,0,0,0,0,0,0,0,0,0,8.52939224,8.08860207,0,0,0,0,178,0,0,0,0,,,,50
16549599,0.5,0,0,0,0,0,0,0,0,0,8.52637863,8.08860207,0,0,0,0,178,0,0,0,0,,,,50
16550726,0.5,0,0,0,0,0,0,0,0,0,8.52939224,8.08860207,0,0,0,0,178,0,0,0,0,,,,50
16551858,0.5,0,0,0,0,0,0,0,0,0,8.52939224,8.08649063,0,0,0,0,178,0,0,0,0,,,,50
16552985,0.5,0,0,0,0,0,0,0,0,0,8.52939224,8.08860207,0,0,0,0,178,0,0,0,0,,,,50
16554112,0.5,0,0,0,0,0,0,0,0,0,8.52939224,8.08649063,0,0,0,0,178,0,0,0,0,,,,50
16555240,0.5,0,0,0,0,0,0,0,0,0,8.52939224,8.08649063,0,0,0,0,178,0,0,0,0,,,,50
16556571,0.5,0,0,0,0,0,0,0,0,0,8.53240585,8.08860207,0,0,0,0,178,0,0,0,0,,,,50
16557698,0.5,0,0,0,0,0,0,0,0,0,8.52939224,8.08860207,0,0,0,0,178,0,0,0,0,,,,50
16558830,0.5,0,0,0,0,0,0,0,0,0,8.52939224,8.08649063,0,0,0,0,178,0,0,0,0,,,,50
16559958,0.5,0,0,0,0,0,0,0,0,0,8.52939224,8.08860207,0,0,0,0,178,0,0,0,0,,,,50
16561085,0.5,0,0,0,0,0,0,0,0,0,8.53240585,8.08649063,0,0,0,0,178,0,0,0,0,,,,50
16562212,0.5,0,0,0,0,0,0,0,0,0,8.52939224,8.08649063,0,0,0,0,178,0,0,0,0,,,,50
16563340,0.5,0,0,0,0,0,0,0,0,0,8.52939224,8.08860207,0,0,0,0,178,0,0,0,0,,,,50
16564472,0.5,0,0,0,0,0,0,0,0,0,8.52939224,8.08860207,0,0,0,0,178,0,0,0,0,,,,50
16565599,0.5,0,0,0,0,0,0,0,0,0,8.52939224,8.08649063,0,0,0,0,178,0,0,0,0,,,,50
16566726,0.5,0,0,0,0,0,0,0,0,0,8.53240585,8.08860207,0,0,0,0,178,0,0,0,0,,,,50
16567853,0.5,0,0,0,0,0,0,0,0,0,8.53240585,8.08860207,0,0,0,0,178,0,0,0,0,,,,50
16568981,0.5,0,0,0,0,0,0,0,0,0,8.52939224,8.08649063,0,0,0,0,178,0,0,0,0,,,,50
16570108,0.5,0,0,0,0,0,0,0,0,0,8.52939224,8.08860207,0,0,0,0,178,0,0,0,0,,,,50
16571240,0.5,0,0,0,0,0,0,0,0,0,8.53240585,8.08860207,0,0,0,0,178,0,0,0,0,,,,50
16572367,0.5,0,0,0,0,0,0,0,0,0,8.52939224,8.08860207,0,0,0,0,178,0,0,0,0,,,,50
16573495,0.5,0,0,0,0,0,0,0,0,0,8.52939224,8.08860207,0,0,0,0,178,0,0,0,0,,,,50
16574622,0.5,0,0,0,0,0,0,0,0,0,8.52637863,8.08860207,0,0,0,0,178,0,0,0,0,,,,50
16575749,0.5,0,0,0,0,0,0,0,0,0,8.52939224,8.08860207,0,0,0,0,178,0,0,0,0,,,,50
16577086,0.5,0,0,0,0,0,0,0,0,0,8.52637863,8.08649063,0,0,0,0,178,0,0,0,0,,,,50
16578213,0.5,0,0,0,0,0,0,0,0,0,8.52939224,8.08860207,0,0,0,0,178,0,0,0,0,,,,50
16579340,0.5,0,0,0,0,0,0,0,0,0,8.52939224,8.0907135,0,0,0,0,178,0,0,0,0,,,,50
16580468,0.5,0,0,0,0,0,0,0,0,0,8.52939224,8.08649063,0,0,0,0,178,0,0,0,0,,,,50
16581595,0.5,0,0,0,0,0,0,0,0,0,8.53240585,8.08649063,0,0,0,0,178,0,0,0,0,,,,50
16582722,0.5,0,0,0,0,0,0,0,0,0,8.52939224,8.08860207,0,0,0,0,178,0,0,0,0,,,,50
16583854,0.5,0,0,0,0,0,0,0,0,0,8.52939224,8.08649063,0,0,0,0,178,0,0,0,0,,,,50
16584982,0.5,0,0,0,0,0,0,0,0,0,8.52637863,8.08649063,0,0,0,0,178,0,0,0,0,,,,50
16586109,0.5,0,0,0,0,0,0,0,0,0,8.52939224,8.08649063,0,0,0,0,178,0,0,0,0,,,,50
16587236,0.5,0,0,0,0,0,0,0,0,0,8.52939224,8.08860207,0,0.00714798551,0,0,178,0,0,0,0,,,,50
16588364,0.5,0,0,0,0,0,0,0,0,0,8.52939224,8.08860207,0,0,0,0,178,0,0,0,0,,,,50
16589496,0.5,0,0,0,0,0,0,0,0,0,8.53240585,8.08860207,0,0,0,0,178,0,0,0,0,,,,50
16590623,0.5,0,0,0,0,0,0,0,0,0,8.52939224,8.08860207,0,0,0,0,178,0,0,0,0,,,,50
16591750,0.5,0,0,0,0,0,0,0,0,0,8.52939224,8.08649063,0,0,0,0,178,0,0,0,0,,,,50
16592878,0.5,0,0,0,0,0,0,0,0,0,8.52939224,8.08860207,0,0,0,0,178,0,0,0,0,,,,50
16594005,0.5,0,0,0,0,0,0,0,0,0,8.52939224,8.08649063,0,0,0,0,178,0,0,0,0,,,,50
16595132,0.5,0,0,0,0,0,0,0,0,0,8.52939224,8.08649063,0,0,0,0,178,0,0,0,0,,,,50
16596264,0.5,0,0,0,0,0,0,0,0,0,8.52939224,8.08860207,0,0,0,0,178,0,0,0,0,,,,50
16597392,0.5,0,0,0,0,0,0,0,0,0,8.52637863,8.08860207,0,0,0,0,178,0,0,0,0,,,,50
16598723,0.5,0,0,0,0,0,0,0,0,0,8.52939224,8.08649063,0,0,0,0,178,0,0,0,0,,,,50
16599850,0.5,0,0,0,0,0,0,0,0,0,8.52637863,8.08649063,0,0,0,0,178,0,0,0,0,,,,50
16600978,0.5,0,0,0,0,0,0,0,0,0,8.52939224,8.08649063,0,0,0,0,178,0,0,0,0,,,,50
16602109,0.5,0,0,0,0,0,0,0,0,0,8.52939224,8.08860207,0,0,0,0,178,0,0,0,0,,,,50
16603237,0.5,0,0,0,0,0,0,0,0,0,8.52939224,8.08860207,0,0.00714798551,0,0,178,0,0,0,0,,,,50
16604364,0.5,0,0,0,0,0,0,0,0,0,8.52939224,8.08860207,0,0,0,0,178,0,0,0,0,,,,50
16605491,0.5,0,0,0,0,0,0,0,0,0,8.52939224,8.08860207,0,0,0,0,178,0,0,0,0,,,,50
16606619,0.5,0,0,0,0,0,0,0,0,0,8.52939224,8.08860207,0,0,0,0,178,0,0,0,0,,,,50
16607746,0.5,0,0,0,0,0,0,0,0,0,8.53240585,8.08860207,0,0,0,0,178,0,0,0,0,,,,50
16608878,0.5,0,0,0,0,0,0,0,0,0,8.52637863,8.08860207,0,0,0,0,178,0,0,0,0,,,,50
16610006,0.5,0,0,0,0,0,0,0,0,0,8.52939224,8.08860207,0,0,0,0,178,0,0,0,0,,,,50
16611133,0.5,0,0,0,0,0,0,0,0,0,8.52939224,8.08649063,0,0,0,0,178,0,0,0,0,,,,50
16612260,0.5,0,0,0,0,0,0,0,0,0,8.52637863,8.08860207,0,0,0,0,178,0,0,0,0,,,,50
16613388,0.5,0,0,0,0,0,0,0,0,0,8.52939224,8.08860207,0,0,0,0,178,0,0,0,0,,,,50
16614515,0.5,0,0,0,0,0,0,0,0,0,8.52939224,8.08649063,0,0,0,0,178,0,0,0,0,,,,50
16615647,0.5,0,0,0,0,0,0,0,0,0,8.52939224,8.08860207,0,0,0,0,178,0,0,0,0,,,,50
16616774,0.5,0,0,0,0,0,0,0,0,0,8.52939224,8.08649063,0,0,0,0,178,0,0,0,0,,,,50
16617902,0.5,0,0,0,0,0,0,0,0,0,8.52939224,8.08649063,0,0,0,0,178,0,0,0,0,,,,50
16619233,0.5,0,0,0,0,0,0,0,0,0,8.52939224,8.08649063,0,0.00714798551,0,0,178,0,0,0,0,,,,50
16620360,0.5,0,0,0,0,0,0,0,0,0,8.52939224,8.08860207,0,0,0,0,178,0,0,0,0,,,,50
16621492,0.5,0,0,0,0,0,0,0,0,0,8.52939224,8.08860207,0,0,0,0,178,0,0,0,0,,,,50
16622620,0.5,0,0,0,0,0,0,0,0,0,8.52939224,8.08649063,0,0,0,0,178,0,0,0,0,,,,50
16623747,0.5,0,0,0,0,0,0,0,0,0,8.52939224,8.08860207,0,0,0,0,178,0,0,0,0,,,,50
16624874,0.5,0,0,0,0,0,0,0,0,0,8.52939224,8.08649063,0,0,0,0,178,0,0,0,0,,,,50
16626001,0.5,0,0,0,0,0,0,0,0,0,8.52939224,8.08860207,0,0,0,0,178,0,0,0,0,,,,50
16627129,0.5,0,0,0,0,0,0,0,0,0,8.52939224,8.08860207,0,0,0,0,178,0,0,0,0,,,,50
16628261,0.5,0,0,0,0,0,0,0,0,0,8.52939224,8.08649063,0,0,0,0,178,0,0,0,0,,,,50
16629388,0.5,0,0,0,0,0,0,0,0,0,8.53240585,8.08860207,0,0,0,0,178,0,0,0,0,,,,50
16630515,0.5,0,0,0,0,0,0,0,0,0,8.52939224,8.08860207,0,0,0,0,178,0,0,0,0,,,,50
16631643,0.5,0,0,0,0,0,0,0,0,0,8.52939224,8.08649063,0.00714798551,0,0,0,178,0,0,0,0,,,,50
16632770,0.5,0,0,0,0,0,0,0,0,0,8.52939224,8.08860207,0,0,0,0,178,0,0,0,0,,,,50
16633902,0.5,0,0,0,0,0,0,0,0,0,8.52939224,8.08860207,0,0,0,0,178,0,0,0,0,,,,50
16635029,0.5,0,0,0,0,0,0,0,0,0,8.52939224,8.08649063,0,0,0,0,178,0,0,0,0,,,,50
16636156,0.5,0,0,0,0,0,0,0,0,0,8.52939224,8.08860207,0,0,0,0,178,0,0,0,0,,,,50
16637284,0.5,0,0,0,0,0,0,0,0,0,8.52637863,8.08649063,0,0,0,0,178,0,0,0,0,,,,50
16638411,0.5,0,0,0,0,0,0,0,0,0,8.52939224,8.08649063,0,0,0,0,178,0,0,0,0,,,,50
16639539,0.5,0,0,0,0,0,0,0,0,0,8.52939224,8.08649063,0,0,0,0,178,0,0,0,0,,,,50
16640875,0.5,0,0,0,0,0,0,0,0,0,8.52939224,8.08860207,0,0,0,0,178,0,0,0,0,,,,50
16642002,0.5,0,0,0,0,0,0,0,0,0,8.52939224,8.08860207,0,0,0,0,178,0,0,0,0,,,,50
16643129,0.5,0,0,0,0,0,0,0,0,0,8.52939224,8.08649063,0,0,0,0,178,0,0,0,0,,,,50
16644256,0.5,0,0,0,0,0,0,0,0,0,8.53240585,8.08860207,0,0,0,0,178,0,0,0,0,,,,50
16645383,0.5,0,0,0,0,0,0,0,0,0,8.52939224,8.08649063,0,0,0,0,178,0,0,0,0,,,,50
16646515,0.5,0,0,0,0,0,0,0,0,0,8.53240585,8.08649063,0,0,0,0,178,0,0,0,0,,,,50
16647642,0.5,0,0,0,0,0,0,0,0,0,8.52939224,8.08649063,0,0,0,0,178,0,0,0,0,,,,50
16648769,0.5,0,0,0,0,0,0,0,0,0,8.52637863,8.08649063,0,0,0,0,178,0,0,0,0,,,,50
16649896,0.5,0,0,0,0,0,0,0,0,0,8.53240585,8.08860207,0,0,0,0,178,0,0,0,0,,,,50
16651023,0.5,0,0,0,0,0,0,0,0,0,8.52939224,8.08649063,0,0,0,0,178,0,0,0,0,,,,50
16652151,0.5,0,0,0,0,0,0,0,0,0,8.52637863,8.08860207,0,0,0,0,178,0,0,0,0,,,,50
16653283,0.5,0,0,0,0,0,0,0,0,0,8.52939224,8.08649063,0,0,0,0,178,0,0,0,0,,,,50
16654410,0.5,0,0,0,0,0,0,0,0,0,8.52939224,8.08860207,0,0,0,0,178,0,0,0,0,,,,50
16655537,0.5,0,0,0,0,0,0,0,0,0,8.52939224,8.08860207,0,0,0,0,178,0,0,0,0,,,,50
16656665,0.5,0,0,0,0,0,0,0,0,0,8.52939224,8.08649063,0,0,0,0,178,0,0,0,0,,,,50
16657792,0.5,0,0,0,0,0,0,0,0,0,8.52939224,8.08649063,0,0,0,0,178,0,0,0,0,,,,50
16658919,0.5,0,0,0,0,0,0,0,0,0,8.52637863,8.08860207,0,0,0,0,178,0,0,0,0,,,,50
16660051,0.5,0,0,0,0,0,0,0,0,0,8.53240585,8.08860207,0,0,0,0,178,0,0,0,0,,,,50
16661383,0.5,0,0,0,0,0,0,0,0,0,8.52939224,8.08860207,0,0,0,0,178,0,0,0,0,,,,50
16662510,0.5,0,0,0,0,0,0,0,0,0,8.52939224,8.08649063,0,0.00714798551,0,0,178,0,0,0,0,,,,50
16663637,0.5,0,0,0,0,0,0,0,0,0,8.52939224,8.08860207,0,0,0,0,178,0,0,0,0,,,,50
16664764,0.5,0,0,0,0,0,0,0,0,0,8.52939224,8.08860207,0,0,0,0,178,0,0,0,0,,,,50
16665897,0.5,0,0,0,0,0,0,0,0,0,8.52939224,8.08649063,0,0,0,0,178,0,0,0,0,,,,50
16667024,0.5,0,0,0,0,0,0,0,0,0,8.52939224,8.08860207,0,0,0,0,178,0,0,0,0,,,,50
16668151,0.5,0,0,0,0,0,0,0,0,0,8.52939224,8.08860207,0,0,0,0,178,0,0,0,0,,,,50
16669278,0.5,0,0,0,0,0,0,0,0,0,8.52939224,8.08860207,0,0,0,0,178,0,0,0,0,,,,50
16670406,0.5,0,0,0,0,0,0,0,0,0,8.52939224,8.08649063,0,0,0,0,178,0,0,0,0,,,,50
16671533,0.5,0,0,0,0,0,0,0,0,0,8.52637863,8.08649063,0,0,0,0,178,0,0,0,0,,,,50
16672665,0.5,0,0,0,0,0,0,0,0,0,8.52939224,8.08649063,0,0,0,0,178,0,0,0,0,,,,50
16673792,0.5,0,0,0,0,0,0,0,0,0,8.52939224,8.08649063,0,0,0,0,178,0,0,0,0,,,,50
16674920,0.5,0,0,0,0,0,0,0,0,0,8.52939224,8.08649063,0,0,0,0,178,0,0,0,0,,,,50
16676047,0.5,0,0,0,0,0,0,0,0,0,8.52939224,8.08649063,0,0,0,0,178,0,0,0,0,,,,50
16677175,0.5,0,0,0,0,0,0,0,0,0,8.52939224,8.08860207,0,0,0,0,178,0,0,0,0,,,,50
16678307,0.5,0,0,0,0,0,0,0,0,0,8.52939224,8.08649063,0,0,0,0,178,0,0,0,0,,,,50
16679434,0.5,0,0,0,0,0,0,0,0,0,8.52637863,8.08860207,0,0,0,0,178,0,0,0,0,,,,50
16680561,0.5,0,0,0,0,0,0,0,0,0,8.52939224,8.08649063,0,0,0,0,178,0,0,0,0,,,,50
16681892,0.5,0,0,0,0,0,0,0,0,0,8.52939224,8.08649063,0,0,0,0,178,0,0,0,0,,,,50
16683019,0.5,0,0,0,0,0,0,0,0,0,8.52939224,8.08649063,0,0,0,0,178,0,0,0,0,,,,50
16684146,0.5,0,0,0,0,0,0,0,0,0,8.53240585,8.08860207,0,0,0,0,178,0,0,0,0,,,,50
16685278,0.5,0,0,0,0,0,0,0,0,0,8.52939224,8.08649063,0,0,0,0,178,0,0,0,0,,,,50
16686406,0.5,1,0,0,0.00805860758,0,0,0,0,0,8.52939224,8.08649063,0,0,0,0,178,0,0,0,0,,,,50
16687533,0.5,0,0,0,0,0,0,0,0,0,8.52939224,8.08860207,0,0,0,0,178,0,0,0,0,,,,50
16688660,0.5,0,0,0,0,0,0,0,0,0,8.52939224,8.08860207,0,0,0,0,178,0,0,0,0,,,,50
16689787,0.5,0,0,0,0,0,0,0,0,0,8.52939224,8.08860207,0,0,0,0,178,0,0,0,0,,,,50
16690920,0.5,0,0,0,0,0,0,0,0,0,8.52939224,8.08860207,0,0,0,0,178,0,0,0,0,,,,50
16692047,0.5,0,0,0,0,0,0,0,0,0,8.52939224,8.08860207,0,0,0,0,178,0,0,0,0,,,,50
16693174,0.5,0,0,0,0,0,0,0,0,0,8.52939224,8.08649063,0,0,0,0,178,0,0,0,0,,,,50
16694301,0.5,0,0,0,0,0,0,0,0,0,8.52939224,8.08860207,0,0,0,0,178,0,0,0,0,,,,50
16695428,0.5,0,0,0,0,0,0,0,0,0,8.52939224,8.08649063,0,0,0,0,178,0,0,0,0,,,,50
16696556,0.5,0,0,0,0,0,0,0,0,0,8.53240585,8.08860207,0,0,0,0,178,0,0,0,0,,,,50
16697688,0.5,0,0,0,0,0,0,0,0,0,8.52637863,8.08649063,0,0,0,0,178,0,0,0,0,,,,50
16698815,0.5,0,0,0,0,0,0,0,0,0,8.52939224,8.08860207,0,0,0,0,178,0,0,0,0,,,,50
16699942,0.5,0,0,0,0,0,0,0,0,0,8.52939224,8.08860207,0,0,0,0,178,0,0,0,0,,,,50
16701069,0.5,0,0,0,0,0,0,0,0,0,8.52939224,8.08860207,0,0,0,0,178,0,0,0,0,,,,50
16702197,0.5,0,0,0,0,0,0,0,0,0,8.52939224,8.08649063,0,0,0,0,178,0,0,0,0,,,,50
16703528,0.5,0,0,0,0,0,0,0,0,0,8.52637863,8.08860207,0,0,0,0,178,0,0,0,0,,,,50
16704660,0.5,0,0,0,0,0,0,0,0,0,8.52939224,8.08649063,0,0,0,0,178,0,0,0,0,,,,50
16705787,0.5,0,0,0,0,0,0,0,0,0,8.52939224,8.08649063,0,0,0,0,178,0,0,0,0,,,,50
16706915,0.5,0,0,0,0,0,0,0,0,0,8.52939224,8.08860207,0,0,0,0,178,0,0,0,0,,,,50
16708042,0.5,0,0,0,0,0,0,0,0,0,8.52939224,8.08649063,0,0,0,0,178,0,0,0,0,,,,50
16709169,0.5,0,0,0,0,0,0,0,0,0,8.52939224,8.08649063,0,0,0,0,178,0,0,0,0,,,,50
16710301,0.5,0,0,0,0,0,0,0,0,0,8.52939224,8.08860207,0,0,0,0,178,0,0,0,0,,,,50
16711428,0.5,0,0,0,0,0,0,0,0,0,8.52939224,8.08860207,0,0,0,0,178,0,0,0,0,,,,50
16712555,0.5,0,0,0,0,0,0,0,0,0,8.53240585,8.08860207,0,0,0,0,178,0,0,0,0,,,,50
16713682,0.5,0,0,0,0,0,0,0,0,0,8.52939224,8.08860207,0,0,0,0,178,0,0,0,0,,,,50
16714809,0.5,0,0,0,0,0,0,0,0,0,8.52939224,8.08649063,0,0,0,0,178,0,0,0,0,,,,50
16715936,0.5,0,0,0,0,0,0,0,0,0,8.52939224,8.08860207,0,0,0,0,178,0,0,0,0,,,,50
16717068,0.5,0,0,0,0,0,0,0,0,0,8.52939224,8.08649063,0,0,0,0,178,0,0,0,0,,,,50
16718196,0.5,0,0,0,0,0,0,0,0,0,8.52939224,8.0907135,0,0,0,0,178,0,0,0,0,,,,50
16719323,0.5,0,0,0,0,0,0,0,0,0,8.52939224,8.0907135,0,0,0,0,178,0,0,0,0,,,,50
16720450,0.5,0,0,0,0,0,0,0,0,0,8.52939224,8.08860207,0,0,0,0,178,0,0,0,0,,,,50
16721577,0.5,0,0,0,0,0,0,0,0,0,8.52939224,8.08860207,0,0,0,0,178,0,0,0,0,,,,50
16722709,0.5,0,0,0,0,0,0,0,0,0,8.52939224,8.08649063,0,0,0,0,178,0,0,0,0,,,,50
16724041,0.5,0,0,0,0,0,0,0,0,0,8.52939224,8.08649063,0,0,0,0,178,0,0,0,0,,,,50
16725167,0.5,0,0,0,0,0,0,0,0,0,8.52939224,8.08649063,0,0,0,0,178,0,0,0,0,,,,50
16726294,0.5,0,0,0,0,0,0,0,0,0,8.52939224,8.08860207,0,0,0,0,178,0,0,0,0,,,,50
16727421,0.5,0,0,0,0,0,0,0,0,0,8.53240585,8.08860207,0,0,0,0,178,0,0,0,0,,,,50
16728549,0.5,0,0,0,0,0,0,0,0,0,8.52939224,8.08860207,0,0,0,0,178,0,0,0,0,,,,50
16729681,0.5,0,0,0,0,0,0,0,0,0,8.52939224,8.08860207,0,0,0,0,178,0,0,0,0,,,,50
16730808,0.5,0,0,0,0,0,0,0,0,0,8.52939224,8.08649063,0,0,0,0,178,0,0,0,0,,,,50
16731935,0.5,0,0,0,0,0,0,0,0,0,8.52939224,8.08860207,0,0,0,0,178,0,0,0,0,,,,50
16733062,0.5,0,0,0,0,0,0,0,0,0,8.52939224,8.08649063,0,0,0,0,178,0,0,0,0,,,,50
16734190,0.5,0,0,0,0,0,0,0,0,0,8.53240585,8.08860207,0,0,0,0,178,0,0,0,0,,,,50
16735322,0.5,0,0,0,0,0,0,0,0,0,8.52939224,8.08860207,0,0,0,0,178,0,0,0,0,,,,50
16736449,0.5,0,0,0,0,0,0,0,0,0,8.52939224,8.08860207,0,0,0,0,178,0,0,0,0,,,,50
16737577,0.5,0,0,0,0,0,0,0,0,0,8.52939224,8.08860207,0,0,0,0,178,0,0,0,0,,,,50
16738704,0.5,0,0,0,0,0,0,0,0,0,8.52939224,8.08860207,0,0,0,0,178,0,0,0,0,,,,50
16739831,0.5,0,0,0,0,0,0,0,0,0,8.52939224,8.08860207,0,0,0,0,178,0,0,0,0,,,,50
16740958,0.5,0,0,0,0,0,0,0,0,0,8.52939224,8.08860207,0,0,0,0,178,0,0,0,0,,,,50
16742090,0.5,0,0,0,0,0,0,0,0,0,8.52939224,8.08860207,0,0,0,0,178,0,0,0,0,,,,50
16743218,0.5,0,0,0,0,0,0,0,0,0,8.52939224,8.08860207,0,0,0,0,178,0,0,0,0,,,,50
16744345,0.5,0,0,0,0,0,0,0,0,0,8.52939224,8.08649063,0,0,0,0,178,0,0,0,0,,,,50
16745676,0.5,0,0,0,0,0,0,0,0,0,8.52939224,8.08860207,0,0.00714798551,0,0,178,0,0,0,0,,,,50
16746804,0.5,0,0,0,0,0,0,0,0,0,8.52939224,8.08860207,0,0,0,0,178,0,0,0,0,,,,50
16747936,0.5,0,0,0,0,0,0,0,0,0,8.53240585,8.08860207,0,0,0,0,178,0,0,0,0,,,,50
16749063,0.5,0,0,0,0,0,0,0,0,0,8.52939224,8.08860207,0,0,0,0,178,0,0,0,0,,,,50
16750190,0.5,0,0,0,0,0,0,0,0,0,8.53240585,8.08860207,0,0,0,0,178,0,0,0,0,,,,50
16751318,0.5,0,0,0,0,0,0,0,0,0,8.52939224,8.08860207,0,0,0,0,178,0,0,0,0,,,,50
16752445,0.5,0,0,0,0,0,0,0,0,0,8.52939224,8.08860207,0,0,0,0,178,0,0,0,0,,,,50
16753572,0.5,0,0,0,0,0,0,0,0,0,8.52939224,8.08860207,0,0,0,0,178,0,0,0,0,,,,50
16754704,0.5,0,0,0,0,0,0,0,0,0,8.52939224,8.08649063,0,0,0,0,178,0,0,0,0,,,,50
16755832,0.5,0,0,0,0,0,0,0,0,0,8.52939224,8.08860207,0,0,0,0,178,0,0,0,0,,,,50
16756959,0.5,0,0,0,0,0,0,0,0,0,8.52939224,8.08860207,0,0.00714798551,0,0,178,0,0,0,0,,,,50
16758086,0.5,0,0,0,0,0,0,0,0,0,8.52637863,8.08860207,0,0,0,0,178,0,0,0,0,,,,50
16759214,0.5,0,0,0,0,0,0,0,0,0,8.52939224,8.08860207,0,0,0,0,178,0,0,0,0,,,,50
16760341,0.5,0,0,0,0,0,0,0,0,0,8.52939224,8.08860207,0,0,0,0,178,0,0,0,0,,,,50
16761473,0.5,0,0,0,0,0,0,0,0,0,8.52939224,8.08860207,0,0,0,0,178,0,0,0,0,,,,50
16762601,0.5,0,0,0,0,0,0,0,0,0,8.53240585,8.08860207,0,0,0,0,178,0,0,0,0,,,,50
16763728,0.5,0,0,0,0,0,0,0,0,0,8.52939224,8.08649063,0,0,0,0,178,0,0,0,0,,,,50
16764855,0.5,0,0,0,0,0,0,0,0,0,8.52939224,8.08860207,0,0,0,0,178,0,0,0,0,,,,50
16766187,0.5,0,0,0,0,0,0,0,0,0,8.52939224,8.08860207,0,0,0,0,178,0,0,0,0,,,,50
16767319,0.5,0,0,0,0,0,0,0,0,0,8.52939224,8.08860207,0,0,0,0,178,0,0,0,0,,,,50
16768446,0.5,0,0,0,0,0,0,0,0,0,8.52939224,8.08860207,0,0,0,0,178,0,0,0,0,,,,50
16769573,0.5,0,0,0,0,0,0,0,0,0,8.52939224,8.08860207,0,0,0,0,178,0,0,0,0,,,,50
16770701,0.5,0,0,0,0,0,0,0,0,0,8.52939224,8.08649063,0,0,0,0,178,0,0,0,0,,,,50
16771828,0.5,0,0,0,0,0,0,0,0,0,8.52939224,8.08860207,0,0,0,0,178,0,0,0,0,,,,50
16772955,0.5,0,0,0,0,0,0,0,0,0,8.52939224,8.08860207,0,0,0,0,178,0,0,0,0,,,,50
16774087,0.5,0,0,0,0,0,0,0,0,0,8.52939224,8.08649063,0,0,0,0,178,0,0,0,0,,,,50
16775215,0.5,0,0,0,0,0,0,0,0,0,8.52939224,8.08860207,0,0,0,0,178,0,0,0,0,,,,50
16776342,0.5,0,0,0,0,0,0,0,0,0,8.52939224,8.08860207,0,0,0,0,178,0,0,0,0,,,,50
16777469,0.5,0,0,0,0,0,0,0,0,0,8.52939224,8.08860207,0,0,0,0,178,0,0,0,0,,,,50
16778597,0.5,0,0,0,0,0,0,0,0,0,8.53240585,8.08649063,0,0,0,0,178,0,0,0,0,,,,50
16779729,0.5,0,0,0,0,0,0,0,0,0,8.52939224,8.08860207,0,0,0,0,178,0,0,0,0,,,,50
16780856,0.5,0,0,0,0,0,0,0,0,0,8.52939224,8.08649063,0,0,0,0,178,0,0,0,0,,,,50
16781983,0.5,0,0,0,0,0,0,0,0,0,8.52939224,8.08860207,0,0,0,0,178,0,0,0,0,,,,50
16783110,0.5,0,0,0,0,0,0,0,0,0,8.52939224,8.08860207,0,0,0,0,178,0,0,0,0,,,,50
16784238,0.5,0,0,0,0,0,0,0,0,0,8.52939224,8.08860207,0,0,0,0,178,0,0,0,0,,,,50
16785365,0.5,0,0,0,0,0,0,0,0,0,8.52939224,8.08860207,0,0,0,0,178,0,0,0,0,,,,50
16786497,0.5,0,0,0,0,0,0,0,0,0,8.52939224,8.08860207,0,0,0,0,178,0,0,0,0,,,,50
16787828,0.5,0,0,0,0,0,0,0,0,0,8.52939224,8.08860207,0,0,0,0,178,0,0,0,0,,,,50
16788955,0.5,0,0,0,0,0,0,0,0,0,8.52939224,8.08860207,0,0,0,0,178,0,0,0,0,,,,50
16790083,0.5,0,0,0,0,0,0,0,0,0,8.53240585,8.08860207,0,0,0,0,178,0,0,0,0,,,,50
16791210,0.5,0,0,0,0,0,0,0,0,0,8.52939224,8.08860207,0,0,0,0,178,0,0,0,0,,,,50
16792342,0.5,0,0,0,0,0,0,0,0,0,8.52939224,8.08860207,0,0.00714798551,0,0,178,0,0,0,0,,,,50
16793469,0.5,0,0,0,0,0,0,0,0,0,8.53240585,8.08860207,0,0,0,0,178,0,0,0,0,,,,50
16794597,0.5,0,0,0,0,0,0,0,0,0,8.52939224,8.08649063,0,0,0,0,178,0,0,0,0,,,,50
16795724,0.5,0,0,0,0,0,0,0,0,0,8.53240585,8.08649063,0,0,0,0,178,0,0,0,0,,,,50
16796851,0.5,0,0,0,0,0,0,0,0,0,8.52939224,8.08860207,0,0,0,0,178,0,0,0,0,,,,50
16797978,0.5,0,0,0,0,0,0,0,0,0,8.53240585,8.08860207,0,0,0,0,178,0,0,0,0,,,,50
16799110,0.5,0,0,0,0,0,0,0,0,0,8.52939224,8.08860207,0,0,0,0,178,0,0,0,0,,,,50
16800237,0.5,0,0,0,0,0,0,0,0,0,8.52939224,8.08860207,0,0,0,0,178,0,0,0,0,,,,50
16801364,0.5,0,0,0,0,0,0,0,0,0,8.52939224,8.08860207,0,0.00714798551,0,0,178,0,0,0,0,,,,50
16802491,0.5,0,0,0,0,0,0,0,0,0,8.52939224,8.08860207,0,0,0,0,178,0,0,0,0,,,,50
16803618,0.5,0,0,0,0,0,0,0,0,0,8.52939224,8.08649063,0,0,0,0,178,0,0,0,0,,,,50
16804746,0.5,0,0,0,0,0,0,0,0,0,8.52939224,8.08860207,0,0,0,0,178,0,0,0,0,,,,50
16805878,0.5,0,0,0,0,0,0,0,0,0,8.52939224,8.08860207,0,0,0,0,178,0,0,0,0,,,,50
16807005,0.5,0,0,0,0,0,0,0,0,0,8.52939224,8.08860207,0,0,0,0,178,0,0,0,0,,,,50
16808336,0.5,0,0,0,0,0,0,0,0,0,8.52939224,8.08860207,0,0,0,0,178,0,0,0,0,,,,50
16809464,0.5,0,0,0,0,0,0,0,0,0,8.52939224,8.08860207,0,0,0,0,178,0,0,0,0,,,,50
16810591,0.5,0,0,0,0,0,0,0,0,0,8.52939224,8.08860207,0,0,0,0,178,0,0,0,0,,,,50
16811723,0.5,0,0,0,0,0,0,0,0,0,8.52939224,8.08860207,0,0,0,0,178,0,0,0,0,,,,50
16812850,0.5,0,0,0,0,0,0,0,0,0,8.52939224,8.08649063,0,0,0,0,178,0,0,0,0,,,,50
16813978,0.5,0,0,0,0,0,0,0,0,0,8.52939224,8.08860207,0,0,0,0,178,0,0,0,0,,,,50
16815105,0.5,0,0,0,0,0,0,0,0,0,8.52939224,8.08649063,0,0,0,0,178,0,0,0,0,,,,50
16816232,0.5,0,0,0,0,0,0,0,0,0,8.52939224,8.08649063,0,0,0,0,178,0,0,0,0,,,,50
16817360,0.5,0,0,0,0,0,0,0,0,0,8.53240585,8.08860207,0,0,0,0,178,0,0,0,0,,,,50
16818492,0.5,0,0,0,0,0,0,0,0,0,8.53240585,8.08860207,0,0,0,0,178,0,0,0,0,,,,50
16819619,0.5,0,0,0,0,0,0,0,0,0,8.52939224,8.08860207,0,0,0,0,178,0,0,0,0,,,,50
16820747,0.5,0,0,0,0,0,0,0,0,0,8.53240585,8.08860207,0,0,0,0,178,0,0,0,0,,,,50
16821874,0.5,0,0,0,0,0,0,0,0,0,8.52939224,8.08860207,0,0,0,0,178,0,0,0,0,,,,50
16823001,0.5,0,0,0,0,0,0,0,0,0,8.52939224,8.08860207,0,0,0,0,178,0,0,0,0,,,,50
16824133,0.5,0,0,0,0,0,0,0,0,0,8.52939224,8.08860207,0,0,0,0,178,0,0,0,0,,,,50
16825261,0.5,0,0,0,0,0,0,0,0,0,8.52939224,8.08860207,0,0,0,0,178,0,0,0,0,,,,50
16826388,0.5,0,0,0,0,0,0,0,0,0,8.52939224,8.08649063,0,0,0,0,178,0,0,0,0,,,,50
16827515,0.5,0,0,0,0,0,0,0,0,0,8.52939224,8.08860207,0,0,0,0,178,0,0,0,0,,,,50
16828847,0.5,0,0,0,0,0,0,0,0,0,8.52939224,8.08860207,0,0,0,0,178,0,0,0,0,,,,50
16829974,0.5,0,0,0,0,0,0,0,0,0,8.53240585,8.08860207,0,0,0,0,178,0,0,0,0,,,,50
16831106,0.5,0,0,0,0,0,0,0,0,0,8.52939224,8.08860207,0,0,0,0,178,0,0,0,0,,,,50
16832233,0.5,0,0,0,0,0,0,0,0,0,8.53240585,8.08860207,0,0,0,0,178,0,0,0,0,,,,50
16833361,0.5,0,0,0,0,0,0,0,0,0,8.52939224,8.08860207,0,0,0,0,178,0,0,0,0,,,,50
16834488,0.5,0,0,0,0,0,0,0,0,0,8.52939224,8.08860207,0,0,0,0,178,0,0,0,0,,,,50
16835615,0.5,0,0,0,0,0,0,0,0,0,8.52939224,8.08860207,0,0,0,0,178,0,0,0,0,,,,50
16836747,0.5,0,0,0,0,0,0,0,0,0,8.52939224,8.08860207,0,0,0,0,178,0,0,0,0,,,,50
16837875,0.5,0,0,0,0,0,0,0,0,0,8.53240585,8.08649063,0,0,0,0,178,0,0,0,0,,,,50
16839002,0.5,0,0,0,0,0,0,0,0,0,8.52939224,8.08649063,0,0,0,0,178,0,0,0,0,,,,50
16840129,0.5,0,0,0,0,0,0,0,0,0,8.52939224,8.08649063,0,0,0,0,178,0,0,0,0,,,,50
16841257,0.5,0,0,0,0,0,0,0,0,0,8.52939224,8.08860207,0,0,0,0,178,0,0,0,0,,,,50
16842384,0.5,0,0,0,0,0,0,0,0,0,8.52939224,8.08860207,0,0,0,0,178,0,0,0,0,,,,50
16843516,0.5,0,0,0,0,0,0,0,0,0,8.52939224,8.08860207,0,0,0,0,178,0,0,0,0,,,,50
16844644,0.5,0,0,0,0,0,0,0,0,0,8.53240585,8.08860207,0,0,0,0,178,0,0,0,0,,,,50
16845771,0.5,0,0,0,0,0,0,0,0,0,8.52939224,8.08860207,0,0,0,0,178,0,0,0,0,,,,50
16846898,0.5,0,0,0,0,0,0,0,0,0,8.52939224,8.0907135,0,0,0,0,178,0,0,0,0,,,,50
16848026,0.5,0,0,0,0,0,0,0,0,0,8.52939224,8.08860207,0,0,0,0,178,0,0,0,0,,,,50
16849153,0.5,0,0,0,0,0,0,0,0,0,8.52939224,8.08860207,0,0,0,0,178,0,0,0,0,,,,50
16850489,0.5,0,0,0,0,0,0,0,0,0,8.53240585,8.08860207,0,0,0,0,178,0,0,0,0,,,,50
16851616,0.5,0,0,0,0,0,0,0,0,0,8.52637863,8.08649063,0,0,0,0,178,0,0,0,0,,,,50
16852744,0.5,0,0,0,0,0,0,0,0,0,8.52939224,8.08649063,0,0,0,0,178,0,0,0,0,,,,50
16853871,0.5,0,0,0,0,0,0,0,0,0,8.52939224,8.08649063,0,0,0,0,178,0,0,0,0,,,,50
16854998,0.5,0,0,0,0,0,0,0,0,0,8.52939224,8.08860207,0,0,0,0,178,0,0,0,0,,,,50
16856130,0.5,0,0,0,0,0,0,0,0,0,8.52939224,8.08649063,0,0,0,0,178,0,0,0,0,,,,50
16857257,0.5,0,0,0,0,0,0,0,0,0,8.52939224,8.08860207,0,0,0,0,178,0,0,0,0,,,,50
16858385,0.5,0,0,0,0,0,0,0,0,0,8.52939224,8.08860207,0,0,0,0,178,0,0,0,0,,,,50
16859512,0.5,0,0,0,0,0,0,0,0,0,8.52939224,8.08860207,0,0,0,0,178,0,0,0,0,,,,50
16860639,0.5,0,0,0,0,0,0,0,0,0,8.52939224,8.08860207,0,0,0,0,178,0,0,0,0,,,,50
16861767,0.5,0,0,0,0,0,0,0,0,0,8.52939224,8.08860207,0,0,0,0,178,0,0,0,0,,,,50
16862899,0.5,0,0,0,0,0,0,0,0,0,8.52939224,8.08649063,0,0,0,0,178,0,0,0,0,,,,50
16864026,0.5,0,0,0,0,0,0,0,0,0,8.53240585,8.08860207,0,0,0,0,178,0,0,0,0,,,,50
16865153,0.5,0,0,0,0,0,0,0,0,0,8.52939224,8.08860207,0,0,0,0,178,0,0,0,0,,,,50
16866281,0.5,0,0,0,0,0,0,0,0,0,8.53240585,8.08860207,0,0,0,0,178,0,0,0,0,,,,50
16867408,0.5,0,0,0,0,0,0,0,0,0,8.52939224,8.08860207,0,0,0,0,178,0,0,0,0,,,,50
16868540,0.5,0,0,0,0,0,0,0,0,0,8.53240585,8.08860207,0,0,0,0,178,0,0,0,0,,,,50
16869667,0.5,0,0,0,0,0,0,0,0,0,8.52939224,8.08649063,0,0,0,0,178,0,0,0,0,,,,50
16870999,0.5,0,0,0,0,0,0,0,0,0,8.52939224,8.08860207,0,0,0,0,178,0,0,0,0,,,,50
16872126,0.5,0,0,0,0,0,0,0,0,0,8.52939224,8.08860207,0,0,0,0,178,0,0,0,0,,,,50
16873253,0.5,0,0,0,0,0,0,0,0,0,8.52939224,8.08860207,0,0,0,0,178,0,0,0,0,,,,50
16874381,0.5,0,0,0,0,0,0,0,0,0,8.52939224,8.08649063,0,0,0,0,178,0,0,0,0,,,,50
16875513,0.5,0,0,0,0,0,0,0,0,0,8.52939224,8.08860207,0,0,0,0,178,0,0,0,0,,,,50
16876640,0.5,0,0,0,0,0,0,0,0,0,8.52939224,8.08860207,0,0,0,0,178,0,0,0,0,,,,50
16877767,0.5,0,0,0,0,0,0,0,0,0,8.52939224,8.08860207,0,0,0,0,178,0,0,0,0,,,,50
16878895,0.5,0,0,0,0,0,0,0,0,0,8.52939224,8.08860207,0,0,0,0,178,0,0,0,0,,,,50
16880022,0.5,0,0,0,0,0,0,0,0,0,8.52939224,8.08860207,0,0,0,0,178,0,0,0,0,,,,50
16881154,0.5,0,0,0,0,0,0,0,0,0,8.52939224,8.08649063,0,0,0,0,178,0,0,0,0,,,,50
16882281,0.5,0,0,0,0,0,0,0,0,0,8.52939224,8.08649063,0,0,0,0,178,0,0,0,0,,,,50
16883409,0.5,0,0,0,0,0,0,0,0,0,8.52939224,8.08860207,0,0,0,0,178,0,0,0,0,,,,50
16884536,0.5,0,0,0,0,0,0,0,0,0,8.52939224,8.08860207,0,0,0,0,178,0,0,0,0,,,,50
16885663,0.5,0,0,0,0,0,0,0,0,0,8.52939224,8.08649063,0,0,0,0,178,0,0,0,0,,,,50
16886791,0.5,0,0,0,0,0,0,0,0,0,8.52939224,8.08860207,0,0,0,0,178,0,0,0,0,,,,50
16887923,0.5,0,0,0,0,0,0,0,0,0,8.52939224,8.08860207,0,0,0,0,178,0,0,0,0,,,,50
16889050,0.5,0,0,0,0,0,0,0,0,0,8.52939224,8.08860207,0,0,0,0,178,0,0,0,0,,,,50
16890177,0.5,0,0,0,0,0,0,0,0,0,8.52637863,8.08649063,0,0,0,0,178,0,0,0,0,,,,50
16891304,0.5,0,0,0,0,0,0,0,0,0,8.52939224,8.08860207,0,0,0,0,178,0,0,0,0,,,,50
16892636,0.5,0,0,0,0,0,0,0,0,0,8.52939224,8.08649063,0,0,0,0,178,0,0,0,0,,,,50
16893768,0.5,0,0,0,0,0,0,0,0,0,8.52939224,8.08649063,0,0,0,0,178,0,0,0,0,,,,50
16894895,0.5,0,0,0,0,0,0,0,0,0,8.52939224,8.08860207,0,0,0,0,178,0,0,0,0,,,,50
16896022,0.5,0,0,0,0,0,0,0,0,0,8.52637863,8.08649063,0,0,0,0,178,0,0,0,0,,,,50
16897150,0.5,0,0,0,0,0,0,0,0,0,8.52637863,8.08649063,0,0,0,0,178,0,0,0,0,,,,50
16898277,0.5,0,0,0,0,0,0,0,0,0,8.52939224,8.08860207,0,0,0,0,178,0,0,0,0,,,,50
16899404,0.5,0,0,0,0,0,0,0,0,0,8.52939224,8.08649063,0,0,0,0,178,0,0,0,0,,,,50
16900537,0.5,0,0,0,0,0,0,0,0,0,8.52939224,8.08860207,0,0,0,0,178,0,0,0,0,,,,50
16901664,0.5,0,0,0,0,0,0,0,0,0,8.52939224,8.08649063,0,0,0,0,178,0,0,0,0,,,,50
16902791,0.5,0,0,0,0,0,0,0,0,0,8.52637863,8.08860207,0,0,0,0,178,0,0,0,0,,,,50
16903919,0.5,0,0,0,0,0,0,0,0,0,8.52939224,8.08860207,0,0,0,0,178,0,0,0,0,,,,50
16905046,0.5,0,0,0,0,0,0,0,0,0,8.52939224,8.08860207,0,0,0,0,178,0,0,0,0,,,,50
16906173,0.5,0,0,0,0,0,0,0,0,0,8.52939224,8.08649063,0,0,0,0,178,0,0,0,0,,,,50
16907305,0.5,0,0,0,0,0,0,0,0,0,8.52939224,8.08860207,0,0,0,0,178,0,0,0,0,,,,50
16908433,0.5,0,0,0,0,0,0,0,0,0,8.52939224,8.08860207,0,0,0,0,178,0,0,0,0,,,,50
16909560,0.5,0,0,0,0,0,0,0,0,0,8.52939224,8.08860207,0,0,0,0,178,0,0,0,0,,,,50
16910687,0.5,0,0,0,0,0,0,0,0,0,8.52939224,8.08860207,0,0,0,0,178,0,0,0,0,,,,50
16911815,0.5,0,0,0,0,0,0,0,0,0,8.52939224,8.08860207,0,0,0,0,178,0,0,0,0,,,,50
16913151,0.5,0,0,0,0,0,0,0,0,0,8.52939224,8.08860207,0,0,0,0,178,0,0,0,0,,,,50
16914278,0.5,0,0,0,0,0,0,0,0,0,8.52939224,8.08860207,0,0,0,0,178,0,0,0,0,,,,50
16915405,0.5,0,0,0,0,0,0,0,0,0,8.52939224,8.08860207,0,0,0,0,178,0,0,0,0,,,,50
16916533,0.5,0,0,0,0,0,0,0,0,0,8.52939224,8.08860207,0,0,0,0,178,0,0,0,0,,,,50
16917660,0.5,0,0,0,0,0,0,0,0,0,8.52637863,8.08860207,0,0,0,0,178,0,0,0,0,,,,50
16918787,0.5,0,0,0,0,0,0,0,0,0,8.52939224,8.08860207,0,0,0,0,178,0,0,0,0,,,,50
16919919,0.5,0,0,0,0,0,0,0,0,0,8.52939224,8.08649063,0,0,0,0,178,0,0,0,0,,,,50
16921047,0.5,0,0,0,0,0,0,0,0,0,8.52939224,8.08860207,0,0,0,0,178,0,0,0,0,,,,50
16922174,0.5,0,0,0,0,0,0,0,0,0,8.52939224,8.08860207,0,0,0,0,178,0,0,0,0,,,,50
16923301,0.5,0,0,0,0,0,0,0,0,0,8.52939224,8.08860207,0,0,0,0,178,0,0,0,0,,,,50
16924428,0.5,0,0,0,0,0,0,0,0,0,8.52939224,8.08649063,0,0,0,0,178,0,0,0,0,,,,50
16925560,0.5,0,0,0,0,0,0,0,0,0,8.52939224,8.08860207,0,0,0,0,178,0,0,0,0,,,,50
16926687,0.5,0,0,0,0,0,0,0,0,0,8.52939224,8.08860207,0,0,0,0,178,0,0,0,0,,,,50
16927815,0.5,0,0,0,0,0,0,0,0,0,8.52939224,8.08860207,0,0,0,0,178,0,0,0,0,,,,50
16928942,0.5,0,0,0,0,0,0,0,0,0,8.52939224,8.08649063,0,0,0,0,178,0,0,0,0,,,,50
16930069,0.5,0,0,0,0,0,0,0,0,0,8.52939224,8.08860207,0,0,0,0,178,0,0,0,0,,,,50
16931196,0.5,0,0,0,0,0,0,0,0,0,8.53240585,8.08649063,0,0,0,0,178,0,0,0,0,,,,50
16932328,0.5,0,0,0,0,0,0,0,0,0,8.52939224,8.08649063,0,0,0,0,178,0,0,0,0,,,,50
16933456,0.5,0,0,0,0,0,0,0,0,0,8.52939224,8.08860207,0,0,0,0,178,0,0,0,0,,,,50
16934787,0.5,0,0,0,0,0,0,0,0,0,8.52939224,8.08649063,0,0,0,0,178,0,0,0,0,,,,50
16935914,0.5,0,0,0,0,0,0,0,0,0,8.52939224,8.08860207,0,0,0,0,178,0,0,0,0,,,,50
16937042,0.5,0,0,0,0,0,0,0,0,0,8.52939224,8.08860207,0,0,0,0,178,0,0,0,0,,,,50
16938174,0.5,0,0,0,0,0,0,0,0,0,8.52939224,8.08860207,0,0,0,0,178,0,0,0,0,,,,50
16939301,0.5,0,0,0,0,0,0,0,0,0,8.52939224,8.08649063,0,0,0,0,178,0,0,0,0,,,,50
16940428,0.5,0,0,0,0,0,0,0,0,0,8.52939224,8.08860207,0,0,0,0,178,0,0,0,0,,,,50
16941556,0.5,0,0,0,0,0,0,0,0,0,8.52939224,8.08860207,0,0,0,0,178,0,0,0,0,,,,50
16942683,0.5,0,0,0,0,0,0,0,0,0,8.52939224,8.08649063,0,0,0,0,178,0,0,0,0,,,,50
16943811,0.5,0,0,0,0,0,0,0,0,0,8.52637863,8.08860207,0,0,0,0,178,0,0,0,0,,,,50
16944943,0.5,0,0,0,0,0,0,0,0,0,8.52939224,8.08649063,0,0,0,0,178,0,0,0,0,,,,50
16946070,0.5,0,0,0,0,0,0,0,0,0,8.52939224,8.08649063,0,0,0,0,178,0,0,0,0,,,,50
16947197,0.5,0,0,0,0,0,0,0,0,0,8.52939224,8.08860207,0,0,0,0,178,0,0,0,0,,,,50
16948325,0.5,0,0,0,0,0,0,0,0,0,8.52939224,8.08860207,0,0,0,0,178,0,0,0,0,,,,50
16949452,0.5,0,0,0,0,0,0,0,0,0,8.52939224,8.08860207,0,0,0,0,178,0,0,0,0,,,,50
16950579,0.5,0,0,0,0,0,0,0,0,0,8.52939224,8.08860207,0,0,0,0,178,0,0,0,0,,,,50
16951711,0.5,0,0,0,0,0,0,0,0,0,8.52939224,8.08860207,0,0,0,0,178,0,0,0,0,,,,50
16952839,0.5,0,0,0,0,0,0,0,0,0,8.52939224,8.08860207,0,0,0,0,178,0,0,0,0,,,,50
16953966,0.5,0,0,0,0,0,0,0,0,0,8.53240585,8.08860207,0,0,0,0,178,0,0,0,0,,,,50
16955297,0.5,0,0,0,0,0,0,0,0,0,8.52939224,8.08649063,0,0,0,0,178,0,0,0,0,,,,50
16956425,0.5,0,0,0,0,0,0,0,0,0,8.52939224,8.08860207,0,0,0,0,178,0,0,0,0,,,,50
16957557,0.5,0,0,0,0,0,0,0,0,0,8.52939224,8.08860207,0,0,0,0,178,0,0,0,0,,,,50
16958684,0.5,0,0,0,0,0,0,0,0,0,8.52939224,8.08860207,0,0,0,0,178,0,0,0,0,,,,50
16959812,0.5,0,0,0,0,0,0,0,0,0,8.52939224,8.08860207,0,0,0,0,178,0,0,0,0,,,,50
16960939,0.5,0,0,0,0,0,0,0,0,0,8.52939224,8.08860207,0,0,0,0,178,0,0,0,0,,,,50
16962066,0.5,0,0,0,0,0,0,0,0,0,8.53240585,8.08649063,0,0,0,0,178,0,0,0,0,,,,50
16963193,0.5,0,0,0,0,0,0,0,0,0,8.53240585,8.08860207,0,0,0,0,178,0,0,0,0,,,,50
16964326,0.5,0,0,0,0,0,0,0,0,0,8.53240585,8.08860207,0,0,0,0,178,0,0,0,0,,,,50
16965453,0.5,0,0,0,0,0,0,0,0,0,8.53240585,8.08860207,0,0,0,0,178,0,0,0,0,,,,50
16966580,0.5,0,0,0,0,0,0,0,0,0,8.53240585,8.08860207,0,0,0,0,178,0,0,0,0,,,,50
16967707,0.5,0,0,0,0,0,0,0,0,0,8.52939224,8.08860207,0,0,0,0,178,0,0,0,0,,,,50
16968835,0.5,0,0,0,0,0,0,0,0,0,8.53240585,8.08649063,0,0,0,0,178,0,0,0,0,,,,50
16969967,0.5,0,0,0,0,0,0,0,0,0,8.52939224,8.08860207,0,0,0,0,178,0,0,0,0,,,,50
16971094,0.5,0,0,0,0,0,0,0,0,0,8.52939224,8.08649063,0,0,0,0,178,0,0,0,0,,,,50
16972221,0.5,0,0,0,0,0,0,0,0,0,8.53240585,8.08860207,0,0,0,0,178,0,0,0,0,,,,50
16973349,0.5,0,0,0,0,0,0,0,0,0,8.52939224,8.08649063,0,0,0,0,178,0,0,0,0,,,,50
16974476,0.5,0,0,0,0,0,0,0,0,0,8.53240585,8.08860207,0,0,0,0,178,0,0,0,0,,,,50
16975807,0.5,0,0,0,0,0,0,0,0,0,8.52939224,8.08860207,0,0.00714798551,0,0,178,0,0,0,0,,,,50
16976940,0.5,0,0,0,0,0,0,0,0,0,8.52939224,8.08860207,0,0,0,0,178,0,0,0,0,,,,50
16978067,0.5,0,0,0,0,0,0,0,0,0,8.52939224,8.08860207,0,0,0,0,178,0,0,0,0,,,,50
16979194,0.5,0,0,0,0,0,0,0,0,0,8.53240585,8.08860207,0,0,0,0,178,0,0,0,0,,,,50
16980322,0.5,0,0,0,0,0,0,0,0,0,8.52939224,8.08860207,0,0,0,0,178,0,0,0,0,,,,50
16981449,0.5,0,0,0,0,0,0,0,0,0,8.53240585,8.08860207,0,0,0,0,178,0,0,0,0,,,,50
16982581,0.5,0,0,0,0,0,0,0,0,0,8.52939224,8.08649063,0,0,0,0,178,0,0,0,0,,,,50
16983708,0.5,0,0,0,0,0,0,0,0,0,8.52939224,8.08860207,0,0,0,0,178,0,0,0,0,,,,50
16984836,0.5,0,0,0,0,0,0,0,0,0,8.52637863,8.08649063,0,0,0,0,178,0,0,0,0,,,,50
16985963,0.5,0,0,0,0,0,0,0,0,0,8.52939224,8.08649063,0,0,0,0,178,0,0,0,0,,,,50
16987090,0.5,0,0,0,0,0,0,0,0,0,8.52939224,8.0907135,0,0,0,0,178,0,0,0,0,,,,50
16988218,0.5,0,0,0,0,0,0,0,0,0,8.53240585,8.08649063,0,0,0,0,178,0,0,0,0,,,,50
16989350,0.5,0,0,0,0,0,0,0,0,0,8.52939224,8.08649063,0,0,0,0,178,0,0,0,0,,,,50
16990477,0.5,0,0,0,0,0,0,0,0,0,8.52939224,8.08860207,0,0,0,0,178,0,0,0,0,,,,50
16991604,0.5,0,0,0,0,0,0,0,0,0,8.52939224,8.08860207,0,0,0,0,178,0,0,0,0,,,,50
16992732,0.5,0,0,0,0,0,0,0,0,0,8.52939224,8.08860207,0,0,0,0,178,0,0,0,0,,,,50
16993859,0.5,0,0,0,0,0,0,0,0,0,8.52939224,8.08860207,0,0,0,0,178,0,0,0,0,,,,50
16994986,0.5,0,0,0,0,0,0,0,0,0,8.52939224,8.08860207,0,0,0,0,178,0,0,0,0,,,,50
16996119,0.5,0,0,0,0,0,0,0,0,0,8.52939224,8.08860207,0,0,0,0,178,0,0,0,0,,,,50
16997450,0.5,0,0,0,0,0,0,0,0,0,8.53240585,8.08860207,0,0,0,0,178,0,0,0,0,,,,50
16998577,0.5,0,0,0,0,0,0,0,0,0,8.52939224,8.08860207,0,0,0,0,178,0,0,0,0,,,,50
16999704,0.5,0,0,0,0,0,0,0,0,0,8.52939224,8.08860207,0,0,0,0,178,0,0,0,0,,,,50
17000831,0.5,0,0,0,0,0,0,0,0,0,8.52939224,8.08860207,0,0,0,0,178,0,0,0,0,,,,50
17001963,0.5,0,0,0,0,0,0,0,0,0,8.52939224,8.08649063,0,0,0,0,178,0,0,0,0,,,,50
17003090,0.5,0,0,0,0,0,0,0,0,0,8.52939224,8.08860207,0,0,0,0,178,0,0,0,0,,,,50
17004218,0.5,0,0,0,0,0,0,0,0,0,8.52939224,8.08860207,0,0,0,0,178,0,0,0,0,,,,50
17005345,0.5,0,0,0,0,0,0,0,0,0,8.52637863,8.08860207,0,0,0,0,178,0,0,0,0,,,,50
17006472,0.5,0,0,0,0,0,0,0,0,0,8.52939224,8.08649063,0,0,0,0,178,0,0,0,0,,,,50
17007600,0.5,0,0,0,0,0,0,0,0,0,8.52939224,8.08860207,0,0,0,0,178,0,0,0,0,,,,50
17008732,0.5,0,0,0,0,0,0,0,0,0,8.52939224,8.08649063,0,0,0,0,178,0,0,0,0,,,,50
17009859,0.5,0,0,0,0,0,0,0,0,0,8.52939224,8.08860207,0,0,0,0,178,0,0,0,0,,,,50
17010986,0.5,0,0,0,0,0,0,0,0,0,8.52939224,8.08860207,0,0,0,0,178,0,0,0,0,,,,50
17012114,0.5,0,0,0,0,0,0,0,0,0,8.52939224,8.08860207,0,0,0,0,178,0,0,0,0,,,,50
17013241,0.5,0,0,0,0,0,0,0,0,0,8.53240585,8.08860207,0,0,0,0,178,0,0,0,0,,,,50
17014373,0.5,0,0,0,0,0,0,0,0,0,8.52939224,8.08860207,0,0,0,0,178,0,0,0,0,,,,50
17015500,0.5,0,0,0,0,0,0,0,0,0,8.52939224,8.08860207,0,0,0,0,178,0,0,0,0,,,,50
17016628,0.5,0,0,0,0,0,0,0,0,0,8.52939224,8.08649063,0,0,0,0,178,0,0,0,0,,,,50
17017959,0.5,0,0,0,0,0,0,0,0,0,8.52939224,8.08860207,0,0,0,0,178,0,0,0,0,,,,50
17019086,0.5,0,0,0,0,0,0,0,0,0,8.53240585,8.08860207,0,0,0,0,178,0,0,0,0,,,,50
17020214,0.5,0,0,0,0,0,0,0,0,0,8.52939224,8.08860207,0,0,0,0,178,0,0,0,0,,,,50
17021346,0.5,0,0,0,0,0,0,0,0,0,8.52939224,8.08860207,0,0,0,0,178,0,0,0,0,,,,50
17022473,0.5,0,0,0,0,0,0,0,0,0,8.52939224,8.08860207,0,0,0,0,178,0,0,0,0,,,,50
17023600,0.5,0,0,0,0,0,0,0,0,0,8.52939224,8.08860207,0,0,0,0,178,0,0,0,0,,,,50
17024728,0.5,0,0,0,0,0,0,0,0,0,8.52939224,8.08860207,0,0,0,0,178,0,0,0,0,,,,50
17025855,0.5,0,0,0,0,0,0,0,0,0,8.52939224,8.08860207,0,0,0,0,178,0,0,0,0,,,,50
17026987,0.5,0,0,0,0,0,0,0,0,0,8.52939224,8.08860207,0,0,0,0,178,0,0,0,0,,,,50
17028114,0.5,0,0,0,0,0,0,0,0,0,8.52939224,8.08860207,0,0,0,0,178,0,0,0,0,,,,50
17029241,0.5,0,0,0,0,0,0,0,0,0,8.52939224,8.08860207,0,0,0,0,178,0,0,0,0,,,,50
17030369,0.5,0,0,0,0,0,0,0,0,0,8.52939224,8.08860207,0,0,0,0,178,0,0,0,0,,,,50
17031496,0.5,0,0,0,0,0,0,0,0,0,8.52939224,8.08860207,0,0,0,0,178,0,0,0,0,,,,50
17032623,0.5,0,0,0,0,0,0,0,0,0,8.52939224,8.08649063,0,0,0,0,178,0,0,0,0,,,,50
17033755,0.5,0,0,0,0,0,0,0,0,0,8.52939224,8.0843792,0,0,0,0,178,0,0,0,0,,,,50
17034883,0.5,0,0,0,0,0,0,0,0,0,8.52939224,8.08860207,0,0,0,0,178,0,0,0,0,,,,50
17036010,0.5,0,0,0,0,0,0,0,0,0,8.52637863,8.08649063,0,0,0,0,178,0,0,0,0,,,,50
17037137,0.5,0,0,0,0,0,0,0,0,0,8.52939224,8.08649063,0,0,0,0,178,0,0,0,0,,,,50
17038265,0.5,0,0,0,0,0,0,0,0,0,8.52939224,8.08860207,0,0,0,0,178,0,0,0,0,,,,50
17039601,0.5,0,0,0,0,0,0,0,0,0,8.52939224,8.08860207,0,0,0,0,178,0,0,0,0,,,,50
17040728,0.5,0,0,0,0,0,0,0,0,0,8.52939224,8.08860207,0,0,0,0,178,0,0,0,0,,,,50
17041855,0.5,0,0,0,0,0,0,0,0,0,8.52939224,8.08649063,0,0,0,0,178,0,0,0,0,,,,50
17042983,0.5,0,0,0,0,0,0,0,0,0,8.52939224,8.08860207,0,0,0,0,178,0,0,0,0,,,,50
17044110,0.5,0,0,0,0,0,0,0,0,0,8.52939224,8.08860207,0,0.00714798551,0,0,178,0,0,0,0,,,,50
17045237,0.5,0,0,0,0,0,0,0,0,0,8.52939224,8.08860207,0,0,0,0,178,0,0,0,0,,,,50
17046369,0.5,0,0,0,0,0,0,0,0,0,8.52939224,8.08860207,0,0,0,0,178,0,0,0,0,,,,50
17047497,0.5,0,0,0,0,0,0,0,0,0,8.52939224,8.08649063,0,0,0,0,178,0,0,0,0,,,,50
17048624,0.5,0,0,0,0,0,0,0,0,0,8.52939224,8.08860207,0,0,0,0,178,0,0,0,0,,,,50
17049751,0.5,0,0,0,0,0,0,0,0,0,8.52939224,8.08649063,0,0,0,0,178,0,0,0,0,,,,50
17050879,0.5,0,0,0,0,0,0,0,0,0,8.52939224,8.08860207,0,0,0,0,178,0,0,0,0,,,,50
17052006,0.5,0,0,0,0,0,0,0,0,0,8.52939224,8.08860207,0,0,0,0,178,0,0,0,0,,,,50
17053138,0.5,0,0,0,0,0,0,0,0,0,8.52939224,8.08860207,0,0,0,0,178,0,0,0,0,,,,50
17054266,0.5,0,0,0,0,0,0,0,0,0,8.52939224,8.08860207,0,0,0,0,178,0,0,0,0,,,,50
17055393,0.5,0,0,0,0,0,0,0,0,0,8.53240585,8.08860207,0,0,0,0,178,0,0,0,0,,,,50
17056520,0.5,0,0,0,0,0,0,0,0,0,8.52939224,8.08649063,0,0,0,0,178,0,0,0,0,,,,50
17057647,0.5,0,0,0,0,0,0,0,0,0,8.52939224,8.08860207,0,0,0,0,178,0,0,0,0,,,,50
17058779,0.5,0,0,0,0,0,0,0,0,0,8.52939224,8.08860207,0,0,0,0,178,0,0,0,0,,,,50
17060111,0.5,0,0,0,0,0,0,0,0,0,8.52939224,8.08860207,0,0,0,0,178,0,0,0,0,,,,50
17061238,0.5,0,0,0,0,0,0,0,0,0,8.52939224,8.08860207,0,0,0,0,178,0,0,0,0,,,,50
17062365,0.5,0,0,0,0,0,0,0,0,0,8.52939224,8.08860207,0,0,0,0,178,0,0,0,0,,,,50
17063493,0.5,0,0,0,0,0,0,0,0,0,8.53240585,8.08860207,0,0,0,0,178,0,0,0,0,,,,50
17064620,0.5,0,0,0,0,0,0,0,0,0,8.52939224,8.08860207,0,0,0,0,178,0,0,0,0,,,,50
17065752,0.5,0,0,0,0,0,0,0,0,0,8.52939224,8.08860207,0,0,0,0,178,0,0,0,0,,,,50
17066879,0.5,0,0,0,0,0,0,0,0,0,8.53240585,8.08860207,0,0,0,0,178,0,0,0,0,,,,50
17068006,0.5,0,0,0,0,0,0,0,0,0,8.53240585,8.08860207,0,0,0,0,178,0,0,0,0,,,,50
17069133,0.5,0,0,0,0,0,0,0,0,0,8.52939224,8.08860207,0.00714798551,0,0,0,178,0,0,0,0,,,,50
17070261,0.5,0,0,0,0,0,0,0,0,0,8.52637863,8.08860207,0,0,0,0,178,0,0,0,0,,,,50
17071393,0.5,0,0,0,0,0,0,0,0,0,8.53240585,8.08860207,0,0,0,0,178,0,0,0,0,,,,50
17072520,0.5,0,0,0,0,0,0,0,0,0,8.52637863,8.08860207,0,0,0,0,178,0,0,0,0,,,,50
17073648,0.5,0,0,0,0,0,0,0,0,0,8.52939224,8.08860207,0,0,0,0,178,0,0,0,0,,,,50
17074775,0.5,0,0,0,0,0,0,0,0,0,8.52939224,8.08860207,0,0,0,0,178,0,0,0,0,,,,50
17075902,0.5,0,0,0,0,0,0,0,0,0,8.52939224,8.08860207,0,0,0,0,178,0,0,0,0,,,,50
17077030,0.5,0,0,0,0,0,0,0,0,0,8.52939224,8.08860207,0,0,0,0,178,0,0,0,0,,,,50
17078162,0.5,0,0,0,0,0,0,0,0,0,8.52939224,8.08860207,0,0,0,0,178,0,0,0,0,,,,50
17079289,0.5,0,0,0,0,0,0,0,0,0,8.52939224,8.08860207,0,0,0,0,178,0,0,0,0,,,,50
17080416,0.5,0,0,0,0,0,0,0,0,0,8.52939224,8.08860207,0,0,0,0,178,0,0,0,0,,,,50
17081747,0.5,0,0,0,0,0,0,0,0,0,8.52939224,8.08860207,0,0,0,0,178,0,0,0,0,,,,50
17082874,0.5,0,0,0,0,0,0,0,0,0,8.52939224,8.08860207,0,0,0,0,178,0,0,0,0,,,,50
17084006,0.5,0,0,0,0,0,0,0,0,0,8.52939224,8.08860207,0,0,0,0,178,0,0,0,0,,,,50
17085133,0.5,0,0,0,0,0,0,0,0,0,8.52939224,8.08860207,0,0,0,0,178,0,0,0,0,,,,50
17086260,0.5,0,0,0,0,0,0,0,0,0,8.52939224,8.08860207,0,0,0,0,178,0,0,0,0,,,,50
17087387,0.5,0,0,0,0,0,0,0,0,0,8.52939224,8.08649063,0,0,0,0,178,0,0,0,0,,,,50
17088514,0.5,0,0,0,0,0,0,0,0,0,8.52939224,8.08860207,0,0,0,0,178,0,0,0,0,,,,50
17089642,0.5,0,0,0,0,0,0,0,0,0,8.52939224,8.08860207,0,0.00714798551,0,0,178,0,0,0,0,,,,50
17090773,0.5,0,0,0,0,0,0,0,0,0,8.52939224,8.08860207,0,0,0,0,178,0,0,0,0,,,,50
17091900,0.5,0,0,0,0,0,0,0,0,0,8.52939224,8.08860207,0,0,0,0,178,0,0,0,0,,,,50
17093027,0.5,0,0,0,0,0,0,0,0,0,8.52939224,8.08860207,0,0,0,0,178,0,0,0,0,,,,50
17094154,0.5,0,0,0,0,0,0,0,0,0,8.52939224,8.08860207,0,0,0,0,178,0,0,0,0,,,,50
17095281,0.5,0,0,0,0,0,0,0,0,0,8.52637863,8.08860207,0,0,0,0,178,0,0,0,0,,,,50
17096408,0.5,0,0,0,0,0,0,0,0,0,8.52939224,8.08860207,0,0,0,0,178,0,0,0,0,,,,50
17097540,0.5,0,0,0,0,0,0,0,0,0,8.52939224,8.08860207,0,0,0,0,178,0,0,0,0,,,,50
17098667,0.5,0,0,0,0,0,0,0,0,0,8.53542042,8.08860207,0,0,0,0,178,0,0,0,0,,,,50
17099794,0.5,0,0,0,0,0,0,0,0,0,8.52939224,8.08860207,0,0,0,0,178,0,0,0,0,,,,50
17100922,0.5,0,0,0,0,0,0,0,0,0,8.52939224,8.08860207,0,0,0,0,178,0,0,0,0,,,,50
17102253,0.5,0,0,0,0,0,0,0,0,0,8.52939224,8.08649063,0,0,0,0,178,0,0,0,0,,,,50
17103385,0.5,0,0,0,0,0,0,0,0,0,8.52939224,8.08860207,0,0,0,0,178,0,0,0,0,,,,50
17104513,0.5,0,0,0,0,0,0,0,0,0,8.52939224,8.08860207,0,0,0,0,178,0,0,0,0,,,,50
17105640,0.5,0,0,0,0,0,0,0,0,0,8.52939224,8.08860207,0,0,0,0,178,0,0,0,0,,,,50
17106767,0.5,0,0,0,0,0,0,0,0,0,8.52939224,8.08860207,0,0,0,0,178,0,0,0,0,,,,50
17107895,0.5,0,0,0,0,0,0,0,0,0,8.52939224,8.08860207,0,0,0,0,178,0,0,0,0,,,,50
17109022,0.5,0,0,0,0,0,0,0,0,0,8.52939224,8.08649063,0,0,0,0,178,0,0,0,0,,,,50
17110154,0.5,0,0,0,0,0,0,0,0,0,8.52939224,8.08860207,0,0,0,0,178,0,0,0,0,,,,50
17111281,0.5,0,0,0,0,0,0,0,0,0,8.52939224,8.08860207,0,0,0,0,178,0,0,0,0,,,,50
17112409,0.5,0,0,0,0,0,0,0,0,0,8.52939224,8.08649063,0,0.00714798551,0,0,178,0,0,0,0,,,,50
17113536,0.5,0,0,0,0,0,0,0,0,0,8.52939224,8.08649063,0,0,0,0,178,0,0,0,0,,,,50
17114663,0.5,0,0,0,0,0,0,0,0,0,8.52637863,8.08649063,0,0,0,0,178,0,0,0,0,,,,50
17115795,0.5,0,0,0,0,0,0,0,0,0,8.52939224,8.08860207,0,0,0,0,178,0,0,0,0,,,,50
17116922,0.5,0,0,0,0,0,0,0,0,0,8.52939224,8.08649063,0,0,0,0,178,0,0,0,0,,,,50
17118050,0.5,0,0,0,0,0,0,0,0,0,8.52939224,8.08860207,0,0,0,0,178,0,0,0,0,,,,50
17119177,0.5,0,0,0,0,0,0,0,0,0,8.52939224,8.08860207,0,0,0,0,178,0,0,0,0,,,,50
17120304,0.5,0,0,0,0,0,0,0,0,0,8.53240585,8.08860207,0,0,0,0,178,0,0,0,0,,,,50
17121431,0.5,0,0,0,0,0,0,0,0,0,8.52939224,8.08860207,0,0,0,0,178,0,0,0,0,,,,50
17122767,0.5,0,0,0,0,0,0,0,0,0,8.52939224,8.08860207,0,0,0,0,178,0,0,0,0,,,,50
17123895,0.5,0,0,0,0,0,0,0,0,0,8.53240585,8.08860207,0,0,0,0,178,0,0,0,0,,,,50
17125022,0.5,0,0,0,0,0,0,0,0,0,8.53240585,8.08860207,0,0,0,0,178,0,0,0,0,,,,50
17126149,0.5,0,0,0,0,0,0,0,0,0,8.52939224,8.08860207,0,0,0,0,178,0,0,0,0,,,,50
17127277,0.5,0,0,0,0,0,0,0,0,0,8.52939224,8.08860207,0,0,0,0,178,0,0,0,0,,,,50
17128409,0.5,0,0,0,0,0,0,0,0,0,8.52939224,8.08860207,0,0,0,0,178,0,0,0,0,,,,50
17129536,0.5,0,0,0,0,0,0,0,0,0,8.52939224,8.08860207,0,0,0,0,178,0,0,0,0,,,,50
17130663,0.5,0,0,0,0,0,0,0,0,0,8.52939224,8.08860207,0,0,0,0,178,0,0,0,0,,,,50
17131791,0.5,0,0,0,0,0,0,0,0,0,8.52939224,8.08860207,0,0.00714798551,0,0,178,0,0,0,0,,,,50
